JARDIM;119;335;CORRENTE;ESCOLA LUIZ LEITE BRINGEL;POVOADO DE CORRENTE  SN
IPUEIRAS;40;203;OITICICA DOS ROSÁRIOS;EEF GONÇALO JOSÉ DE LIMA - OITICICAS DOS ROSÁRIOS;OITICICA DOS ROSÁRIOS
ITAPIPOCA;17;755;NOVA ALDEOTA;EEB DR PÉRICLES FERNANDES TEIXEIRA;RUA CAIO PRADO, 3069
TEJUÇUOCA;41;187;BOA ACAO;ESCOLA MUNICIPAL MAMEDE BARROSO;BOA ACAO
FORTALEZA;3;291;CENTRO;COLÉGIO ESTADUAL JUSTINIANO DE SERPA;AV. SANTOS DUMONT, 56
ACARAÚ;30;390;ZONA RURAL;ESCOLA FRANCISCO JOÃO DE ARAUJO;MEDEIROS
FORTALEZA;93;126;PREFEITO JOSÉ WALTER;COLEGIO 21 EDUCAR;AV JOAO DE ARAUJO LIMA, 1240 - II ETAPA
FORTALEZA;117;501;SIQUEIRA;COLÉGIO VENCER;RUA JARDIM PARUARA, 1108
PEDRA BRANCA;59;59;TROIA;ESCOLA DE ENSINO FUNDAMENTAL JUSTINO VIEIRA;FAZENDA CAMAROA
MILHÃ;55;88;VILA MONTE GRAVE;CENTRO DE CONVIVÊNCIA DO IDOSO DISTRITO DE MONTE GRAVE;DISTRITO MONTE GRAVE
LIMOEIRO DO NORTE;29;287;ANTÔNIO HOLANDA;EEF PROF MARIA ELVANISA MOURA FREITAS SILVA;RUA RAIMUNDO NONATO DA SILVA S/N
PENTECOSTE;50;66;CENTRO;CÂMARA MUNICIPAL DE PENTECOSTE;RUA DOUTOR MOREIRA DE AZEVEDO, S/N
UBAJARA;73;218;MONTE CASTELO;IFCE - INSTITUTO FEDERAL DE EDUCAÇÃO, CIÊNCIA E TECNOLOGIA DO CEARÁ;RUA LUIZ CUNHA, 178
CRATO;27;252;NOVO CRATO;CRAS SEMINÁRIO - CENTRO DE REFERÊNCIA DE ASSISTÊNCIA SOCIAL;RUA JOSÉ PINHEIRO TELES, 169
CRATEÚS;20;309;IRAPUA;ESCOLA DE CIDADANIA FRANCISCO CARLOS DE PINHO;ASSENTAMENTO SAO JOSE
IGUATU;13;250;BARRO ALTO;PSF CARDOSO DOS BASTOS;VILA QUIXOA                                       SEDE
MARACANAÚ;104;2;BOA VISTA;EMEIEF COMISSÁRIO FRANCISCO BARBOSA;RUA 11, 116
SENADOR POMPEU;12;111;SAO JOAQUIM;EEIEF ANTONIO JACOB FILHO;SAO JOAQUIM DE BAIXO
PEDRA BRANCA;59;32;SANTA CRUZ DO BANABUIU;ESCOLA DE 1 GRAU MIGUEL ARCANJO DOS SANTOS;SITIO SALGADO
MOMBAÇA;46;139;CENTRO;ESCOLA DE ENSINO FUNDAMENTAL CRISTO REI;RUA JOSE SEVERINO FILHO N 39                      SEDE
MARANGUAPE;4;642;SANTOS DUMONT - MARANGUAPE;CEI SOFIA DE ABREU CORDEIRO;RUA JOSÉ DE OLIVEIRA, 805
RERIUTABA;79;13;CENTRO;E.E.F. RAIMUNDO MESQUITA;RUA CEL. AGRÍPIO TEODORO SOARES, 171
LAVRAS DA MANGABEIRA;14;72;CENTRO - SEDE;EEMTI FILGUEIRAS LIMA;RUA HILDA AUGUSTO, 429, ROSÁRIO
CAMOCIM;32;148;CENTRO;EEI PROFESSORA ISAURA FREIRE FERREIRA;RUA DA INDEPENDENCIA
FORTALEZA;3;311;CENTRO;EEMTI VISCONDE DO RIO BRANCO;AV. DOM MANUEL, 1803
NOVA RUSSAS;48;19;CENTRO;EEMTI OLEGARIO ABREU MEMORIA;RUA CEL. ANTONIO RODRIGUES VERAS 1018
CASCAVEL;7;40;CAPONGA;ESC.ENS.FUND. ANTONIO BATISTA DA SILVA;SITIO PRATA
FORTALEZA;3;243;CENTRO;COLÉGIO ARI DE SÁ - PRÉ-VESTIBULAR - SEDE DUQUE DE CAXIAS;AV. DUQUE DE CAXIAS, 519
BATURITÉ;5;258;SANHARAO-SEDE;INSTITUTO FEDERAL DE EDUCAÇÃO, CIÊNCIA E TECNOLOGIA IFCE;RUA OUVIDOR MOR VITORINO SOARES BARBOSA, 160
BELA CRUZ;96;5;CORREGUINHOS-LOCALIDADE;EMEIEF RAIMUNDO JOVINO VASCONCELOS;CORREGUINHO
VIÇOSA DO CEARÁ;35;118;LAMBEDOURO;GRUPO ESCOLAR DESTRINO CARNEIRO PASSOS;LAMBEDOURO
CEDRO;13;502;SANTO ANTÔNIO;ESCOLA DE ENS FUND ANTONIO LAURENIO DE OLIVEIRA;DT SANTO ANTONIO
TIANGUÁ;81;318;ÁREA RURAL DE TIANGUÁ;E.E.M. MIGUEL CARNEIRO DA CUNHA;SÍTIO CAJUAÇU
SABOEIRO;43;266;CENTRO;BIBLIOTECA PÚBLICA MUNICIPAL MILENO TORRES BANDEIRA;MONSENHOR MANOEL CANDIDO
PENTECOSTE;50;234;SÃO FRANCISCO;EEF BALBINA MOREIRA DE AZEVEDO;AVENIDA ANTÔNIO BRAGA DE AZEVEDO
MONSENHOR TABOSA;61;163;CENTRO;E.M.E.F.T.I LUIZ LEITAO;AVENIDA PESSOA PIRES  2
RERIUTABA;79;27;CABACEIRAS;E.E.I.F. HERMÍNIO ALVES;CABACEIRAS - ZONA RURAL
IPAPORANGA;20;286;SACRAMENTO;ESCOLA DE ENSINO FUNDAMENTAL MACARO JORGE SOARES;SACRAMENTO
PENTECOSTE;50;233;ZONA RURAL;EEIF FRANCISCO SÁ - NÚCLEO D;NÚCLEO D
ANTONINA DO NORTE;18;120;SERRARIA I;CENTRO SOCIAL URBANO DELFINA ALVES;RUA DEPUTADO FURTADO LEITE  30
ITAITINGA;78;297;RIACHÃO;EEF GALDINO ASSUNÇÃO FILHO;RUA LAURA DE SOUSA, 33
SENADOR POMPEU;12;38;CENTRO;EEMTI LICEU MARCIONÍLIO GOMES DE FREITAS;RUA JOSE CARLOS SAMPAIO 401
SOLONÓPOLE;55;35;SAO JOSE;E. M. E. B. PROFA. MARIA NERY FIALHO;RUA MARIA NEÓZIA DE CARVALHO LEANDRO, S/N
ASSARÉ;18;42;CENTRO;ESCOLA DE ENSINO FUNDAMENTAL RAUL ONOFRE;RUA PADRE EMILIO CABRAL SN     ASSARE
NOVO ORIENTE;99;42;ZONA RURAL;EEF LUIZ CANUTO;LAGOA DOS NERES
COREAÚ;64;135;São Vicente;SÃO VICENTE - ESCOLA MUN. JOAQUIM AQUILES XIMENES;LOCALIDADE SÃO VICENTE
MARANGUAPE;4;654;JARDIM - PENEDO;EMEI JOSÉ PAULO;JARDIM - PENEDO
MORAÚJO;64;124;CENTRO;MORAÚJO - ESCOLA MUN. Mª CARLITA ARAÚJO;COHAB 2 - CENTRO
ASSARÉ;18;46;AMARO;ESC DE ENS FUND MARIA CELIA FERREIRA;RUA GOMES DE ALMEIDA S/N
SOLONÓPOLE;55;28;CANGATI;ESCOLA DE ENSINO FUNDAMENTAL SANTA MARIA GORETE;CANGATI
LAVRAS DA MANGABEIRA;14;57;OURO BRANCO- DISTRITO;GRUPO ESCOLAR ROMANA RICARTE;RUA MIGUEL BISPO 114
CRUZ;30;435;ZONA RURAL;ESCOLA JOAO EVANGELISTA VASCONCELOS;CAJUEIRINHO I
IGUATU;13;45;ALTO DO JUCÁ;SECRETARIA MUNICIPAL DE AÇÃO SOCIAL;RUA 21 DE ABRIL SN
TURURU;17;746;AREA RURAL DE TURURU;EMEF NOSSA SENHORA DA CONCEICAO;CACIMBAS
MORADA NOVA;47;296;POPULARES;EEB TANCREDO DE ALMEIDA NEVES;RUA FREIRE DE BRITO S/N
TARRAFAS;18;33;CENTRO;ESCOLA DE 1 E 2 GRAUS DONA EMILIA FERREIRA DE OLIVEIRA;AV MARIA LUIZA LEITE SANTOS  S/N
IPUEIRAS;40;114;CONTENDAS;ESCOLA DE ENSINO FUNDAMENTAL JOSÉ RUFINO DE ARAUJO - CONTENDAS;CONTENDAS
IGUATU;13;43;ALTO DO JUCÁ;SECRETARIA MUNICIPAL DE AÇÃO SOCIAL;RUA 21 DE ABRIL SN
IPU;21;10;ZONA RURAL;UBS JOÃO BATISTA DE AZEVEDO;SÃO JOSÉ DOS MARTINS
SÃO LUÍS DO CURU;23;310;CENTRO-SEDE;E.E.F. PADRE JOSE SINVAL FACUNDO;RUA PEDRO CIPRIANO SN
PEDRA BRANCA;59;34;CENTRO;CENTRO ADMINISTRATIVO CESÁRIO MENDES;RUA FURTUNATO SILVA, 45
ITAREMA;98;99;CENTRO;CEI - ANA CELIA GIFONI TAVARES RIOS;RUA JOSE FERNANDES DE SOUSA S/N
PIRES FERREIRA;21;105;DISTRITO;E.E.F. JOAQUIM GOMES DE LIMA;SERROTA DOS CARNEIROS
PENTECOSTE;50;135;CENTRO;PREFEITURA MUNICIPAL DE PENTECOSTE;RUA DOUTOR MOREIRA DE AZEVEDO, SN
RERIUTABA;79;99;MUFUMBAL;E.E.I.F. ZACARIAS CORDEIRO DE PAULO;MUFUMBAL - ZONA RURAL
ACARAÚ;30;436;ZONA RURAL;ESCOLA EXPEDITO JOSE DE FREITAS;BARRINHA DE BAIXO
FORTALEZA;3;23;CENTRO;COLÉGIO 7 DE SETEMBRO (SEDE NGS);AV. DO IMPERADOR, 1330
FORTALEZA;3;291;CENTRO;COLÉGIO ESTADUAL JUSTINIANO DE SERPA;AV. SANTOS DUMONT, 56
VÁRZEA ALEGRE;62;79;CENTRO;EEM JOSÉ CORREIA LIMA;AV. LUIS AFONSO DINIZ, 213
JUAZEIRO DO NORTE;119;177;SANTA TEREZA;CREDE 19;RUI BARBOSA SN
AQUIRAZ;66;118;JUSTINIANO DE SERPA;EMEF ISIDORO DE SOUSA ASSUNCAO (ABC);RUA RUFINO CORREIA DE ASSUNCAO S/N
NOVA RUSSAS;48;151;LAGOA DO NORTE;E. E. F. M.  SÃO SEBASTIÃO;LOCALIDADE DE MIRADE
IPUEIRAS;40;10;MILHÃ;ESCOLA DE ENSINO FUNDAMENTAL BENEDITO ALVES DA SILVA - MILHÃ;MILHÃ
MARACANAÚ;104;444;JEREISSATI II;EEMTI PROFESSOR EDMILSON PINHEIRO;AVENIDA XII, 727
CAUCAIA;120;354;CIGANA;E.E.I.E.F DALVA PONTES DA ROCHA;RUA QUINTINO JOSE CORREIA, 465
SÃO BENEDITO;22;170;CENTRO-SEDE;EEF MINISTRO ANTONIO COELHO;RUA MIN ANTONIO COELHOI  452
FORTALEZA;113;262;AMADEU FURTADO;EEF MONSENHOR LINHARES;RUA PROF. LINO ENCARNAÇÃO, 1130
ARACOIABA;67;18;VAZANTES-DISTRITO;ESCOLA DE ENSINO MEDIO JOAO ALVES MOREIRA;PRACA CONEGO DEMETRIO ELIZEU DE LIMA
ANTONINA DO NORTE;18;89;CENTRO;GRUPO ESCOLAR ANTONIO CORREIA LIMA;VILA LUZIANIA   -     LUZIANIA
POTENGI;68;93;CENTRO;CEMAC - ANTIGA BIBLIOTECA MUNICIPAL - SEDE;RUA JOSÉ EDMILSON ROCHA,  S/N           CENTRO SEDE
GUARACIABA DO NORTE;74;92;DISTRITO;ESCOLA MUNICIPAL DE BOQUEIRAO;BOQUEIRAO - MORRINHOS NOVOS
PENTECOSTE;50;221;PEDREIRA;EEF EDSON MARTINS CAMPELO;RUA ANTONIO NATALIA
PINDORETAMA;7;287;CENTRO-PINDORETAMA;EEM JULIA ALENQUER FONTENELE;AV. FIRMINO CRISOSTOMO, 1944
IBICUITINGA;47;128;CENTRO;EEB ENEAS FERREIRA NOBRE;RUA CAPITAO MANOEL ANTONIO 2180
FORTALEZA;1;923;CAIS DO PORTO;CRECHE RACHEL GUIMARÃES MARTINS BARBOSA;VIA DE PEDRESTE LESTE OESTE 01
CRATO;27;280;BELMONTE;ASSOCIAÇÃO DOS MORADORES E AGRICULTORES DO SÍTIO BEBIDA NOVA;SÍTIO BEBIDA NOVA
TRAIRI;97;47;ANGELIM;EEF FIRMINO FRANCISCO DE MOURA;ANGELIM
JUAZEIRO DO NORTE;28;243;FATIMA;EEF JOSE FERREIRA MENEZES;PEDRO GUILHERME DA SILVA S/N
FARIAS BRITO;62;225;CARIUTABA;EEF PEDRO FERNANDES DE ALCANTARA;RUA ANTONIA DALICE DE OLIVEIRA, S/N  -  CARIUTABA
FARIAS BRITO;62;195;UMARI;EEF ANTÃO PEREIRA E SILVA;RUA ARÃO PEREIRA E SILVA, S/N - UMARI - DIST. QUINCUNCÁ
FORTALEZA;116;163;BOM JARDIM;EM SEBASTIAO DE ABREU;RUA GERALDO BARBOSA 1065
FORTALEZA;83;28;BELA VISTA;ESCOLA MUNICIPAL NILSON HOLANDA;RUA VIRIATO RIBEIRO 1355
FORTALEZA;117;228;SIQUEIRA;EEFM SENADOR OSIRES PONTES;RUA DIVINA 150
FORTALEZA;83;170;JÓQUEI CLUBE;EEFM HERACLITO DE CASTRO E SILVA;RUA SILVEIRA FILHO, 808
SANTA QUITÉRIA;54;99;DISTRITO DE LISIEUX;E.E.M. MARIA NEUSA ARAÚJO MOURA;RUA ANTONIA BRAGA, S/N.
RUSSAS;9;238;PLANALTO BELA VISTA;ESCOLA MUNICIPAL ANA XAVIER LOPES;TRAVESSA JOSE MUNIZ 2457
FORTALEZA;113;166;BOM FUTURO;ESC. PROFISSIONAL PE. JOÃO PIAMARTA;RUA PADRE JOÃO PIAMARTA, 161
CAUCAIA;37;16;GRILO;EEIEF NAIR MAGALHÃES GUERRA;RUA JOAQUIM BENTO CAVALCANTE, 500
CAUCAIA;37;442;IPARANA;E.E.F. ERBE TEIXEIRA FIRMEZA;AV. ULISSES GUIMARAES, S/N
FORTALEZA;115;409;MANOEL SÁTIRO;EEFM PROFESSOR MARIO SCHENBERG;RUA AMERICO ROCHA LIMA 835
CEDRO;13;490;SANTO ANTÔNIO;ESCOLA DE ENS FUND JOSE MARQUES;ST CACHOEIRA DOS MARQUES
FORTALEZA;80;199;AEROLÂNDIA;EEFM PROFª  MARIA CONCEICÃO PORFÍRIO TELES;RUA MONTE CRISTO, 177
QUIXELÔ;13;161;ÁREA RURAL DE QUIXELÔ;ESCOLA DE ENS FUND PEDRO JOSE DE BARROS;CURRAIS NOVOS-SITIO
CASCAVEL;7;254;CENTRO;CENTRO EDUCACIONAL MUNICIPAL PROFESSORA MARIA ESTER DA COSTA SILVA;AV CORONEL LEITE, 2045
GUARACIABA DO NORTE;74;33;SEDE;E.E.I.F. JOÃO BARRETO DOS SANTOS;RUA 12 DE MAIO - CENTRO
JUAZEIRO DO NORTE;28;476;HORTO;EMEI DAYSE SAMPAIO;RUA BOM JESUS DO HORTO, SN
MARACANAÚ;122;230;NOVO MARACANAU;EMEF PRESIDENTE TANCREDO NEVES;RUA 06 COM RUA 02 S/N
MUCAMBO;79;241;CENTRO;ESCOLA ELZE MENDES DE AGUIAR;AV AGRONOMO JOSE ALVES, S/N - SEDE
ITAPIPOCA;17;552;BELA VISTA;ASSOCIACAO COMUNITARIA DE CROATA;CROATA
FORTALEZA;1;350;MUCURIPE;ESCOLA MUNICIPAL JOSE RAMOS TORRES DE MELO;AVENIDA DA ABOLIÇÃO 3984
FORTALEZA;1;346;MUCURIPE;ESCOLA ESTADUAL MATIAS BECK;RUA  PROFESSORA AIDA BALAIO 38
ACOPIARA;60;128;QUINCOE;EEF UMBELINO ROQUE;SITIO FORTUNA
FORTALEZA;117;254;CANINDEZINHO;EM PADRE ANTONIO MONTEIRO DA CRUZ;RUA DE PEDESTRE XIII, 25 - JARDIM FLUMINENSE II
FORTALEZA;1;881;MANUEL DIAS BRANCO;COLÉGIO CÍVICO MILITAR BATALHA DO RIACHUELO;R. E, 100 - MANUEL DIAS BRANCO
BATURITÉ;5;257;PUTIU-SEDE;EMTI CORONEL ESTEVÃO ALVES DA ROCHA;RUA DUQUE DE CAXIAS, 132
FORTALEZA;2;140;MESSEJANA;EEM LICEU DE MESSEJANA;AVENIDA WASHINGTON SOARES 7702
SOBRAL;24;351;JAIBARAS;EEFI LEONILIA GOMES PARENTE;RUA SANTA TEREZINHA
SÃO BENEDITO;22;172;INHUCU;EE BASICO DEP TOMAZ BRANDAO;R SANTOS DUMONT S/N
VIÇOSA DO CEARÁ;35;184;ZONA RURAL;E.E.I.F. JOÃO ZEFERINO RODRIGUES;SITIO ESCORREGADEIRA
ACOPIARA;60;52;UMARI;EEMTI FRANCISCO ASSIS VIEIRA;RUA ANTONIO JOAQUIM, UMARI
ANTONINA DO NORTE;18;162;CASTELO BRANCO;CRECHE ZEFERINO PAULINO DE BRITO;RUA HIGINO BATISTA MACIEL, 20
EUSÉBIO;88;244;CENTRO;ESCOLA PROFISSIONALIZANTE EUSEBIO DE QUEIROZ;RUA MARIA TEIXEIRA JOCA, SN
FORTALEZA;113;111;BENFICA;COLÉGIO CHRISTUS BENFICA;RUA LUIS DE MIRANDA, 536
ARACATI;8;109;LAGOA DAS CARAUBAS;POSTO DE SAÚDE DA LAGOA DAS CARAUBAS;LAGOA DAS CARAUBAS
ABAIARA;26;6;CENTRO;ESCOLA ROSA TAVARES LEITE;RUA MISAEL ALVES DE MEDEIROS 295
CRATEÚS;20;107;SANTO ANTÔNIO;ESCOLA DE CIDADANIA DE SANTO ANTONIO;SANTO ANTONIO
IGUATU;13;248;JOSÉ DE ALENCAR;PSF DO CÓRREGO;SITIO CÓRREGO DA SANTA ROSA
JAGUARIBE;10;16;CENTRO;EMATERCE REGIONAL;AV OITO DE NOVEMBRO 301
CAMOCIM;32;57;BOA ESPERANCA;C.E.I PROFESSORA SUZANA MARIA SABOIA;RUA CURITIBA, S/N
CAMOCIM;32;22;CENTRO;INSTITUTO SAO JOSE;PRACA JOSE SEVERIANO MOREL N 1493
PEDRA BRANCA;59;50;SANTA CRUZ DO BANABUIU;EEFTI SIMPLICIO RODRIGUES DE OLIVEIRA;RUA PROFESSORA LILI, 85, SANTA CRUZ
FORTALEZA;94;193;VILA VELHA;EEFM DONA HILZA DIOGO DE OLIVEIRA;AV. DOM ALOÍSIO LORSCHEIDER, 1040 - VILA VELHA
FORTALEZA;3;399;ALDEOTA;COLÉGIO CHRISTUS (AV. BARÃO DE STUDART);RUA JOÃO CARVALHO, 630
FORTALEZA;3;475;ALDEOTA;COLÉGIO CHRISTUS (AV. BARÃO DE STUDART);RUA JOÃO CARVALHO, 630
FORTALEZA;3;631;ALDEOTA;COLÉGIO BATISTA - SANTOS DUMONT;RUA DESEMBARGADOR LEITE ALBUQUERQUE, 1056
FORTALEZA;2;741;JOSÉ DE ALENCAR;COLÉGIO CHRISTUS SUL 3;AV ENGENHEIRO LEAL LIMA VERDE, 2500 - JOSÉ DE ALENCAR
FORTALEZA;93;126;PREFEITO JOSÉ WALTER;COLEGIO 21 EDUCAR;AV JOAO DE ARAUJO LIMA, 1240 - II ETAPA
JUAZEIRO DO NORTE;28;161;AREA RURAL DE JUAZEIRO DO NORTE;EMEIF MARIA DO SOCORRO CARDOSO;DIST. PADRE CÍCERO. PALMEIRINHA
CANINDÉ;33;208;ALTO GUARAMIRANGA;EEFM FREI POLICARPO;RUA JOAO BASTOS 2027
FORTALEZA;85;98;ANTÔNIO BEZERRA;COLÉGIO AFONSO ANDRADE;RUA CEL MATOS DOURADO, 168
CAMOCIM;32;19;SAO PEDRO;EEF GENERAL ANTONIO DA SILVA CAMPOS - BAIRRO SAO PEDRO;RUA SIQUEIRA CAMPOS S/N
RUSSAS;9;59;CENTRO;ESCOLA DE ENSINO MÉDIO MANOEL MATOSO FILHO;AVENIDA MARIA RAMALHO, 336
FORTALEZA;82;187;MONTE CASTELO;EM LENIRA JUREMA DE MAGALHÃES;RUA TEÓFILO GURGEL, 111
FORTALEZA;115;373;PARANGABA;EEMTI GENERAL EUDORO CORREA;RUA JULIO BRAGA 101
BOA VIAGEM;63;48;AGUAS BELAS;EEF MANOEL JOAO DA SILVA;RUA JOAO SOARES LIMA S/N
MARACANAÚ;104;412;PAJUÇARA;EEEP MARIA CARMEM VIEIRA MOREIRA;RUA MARIA FERREIRA, 150
ARARIPE;68;77;CENTRO;ESCOLA ESTADUAL DONA CARLOTA TÁVORA - SEDE;RUA ANTONIO NUNES DE ALENCAR, 326
CAUCAIA;120;329;BOQUEIRAO DA ARARA;E.E.I.E.F. ADÉLIA CRISÓSTOMO;BR 222 - KM 23
CAUCAIA;120;385;BOM PRINCIPIO;E.E.F. ALUÍSIO PEREIRA DE LIMA;AVENIDA BRASÍLIA, S/N
JUAZEIRO DO NORTE;119;406;ANTONIO VIEIRA;ESCOLA PREFEITO ANTONIO CONSERVA;CONSTRUTOR JOSE SABINO SN
AQUIRAZ;66;50;CAJUEIRO DO MINISTRO;EMEF MINISTRO JARBAS PASSARINHO;RODOVIA CE 040 - CAJUEIRO DO MINISTRO
MOMBAÇA;46;155;CACIMBAS;ESCOLA DE ENSINO FUNDAMENTAL ISABEL ALVES DE OLIVEIRA;CACIMBAS
MARACANAÚ;122;13;PIRATININGA;COLÉGIO ESTADUAL PROFº FRANCº OSCAR RODRIGUES(COL.EST.LICEU MARACANAÚ);AV. LUIZ GONZAGA HONÓRIO, 50, PIRATININGA, MARACANAÚ-CE
FORTALEZA;2;162;MESSEJANA;INSTITUTO FREI JOAO PEDRO DE SEXTO;AVENIDA FREI CIRILO, 4241
CAUCAIA;120;98;CONJUNTO METROPOLITANO;E.E.I.E.F. OSMAR DIÓGENES PINHEIRO;RUA EDMUNDO RODRIGUES, 485 - CONJUNTO METROPOLITANO
JAGUARIBE;10;4;DISTRITO DE MAPUÁ;E.E.I.E.F. MARIA ÁUREA MENEZES GOMES GONÇALVES;RUA PROJETADA, S/N - DISTRITO DE MAPUÁ
IPUEIRAS;40;64;CENTRO;CENTRO MULTIFUNCIONAL FRANCISCO CAZUZA SAMPAIO - CENTRO;RUA CORONEL JOSÉ BENTO, S/N
IPUEIRAS;40;58;CENTRO;COLEGIO ESTADUAL OTACÍLIO MOTA - CENTRO;RUA CORONEL MANOEL MOURÃO, 389
MISSÃO VELHA;16;114;ZONA RURAL;EEF PEDRO RAIMUNDO DA CRUZ;SITIO RIACHO DAS PALMEIRAS
FORTALEZA;94;796;QUINTINO CUNHA;IGREJA SÃO PEDRO E SÃO PAULO;RUA PADRE TEODORO, 996
MORRINHOS;44;145;SAO LUIS;EMEF FRANCISCO ABDORAL ROCHA;AV CORACAO DE MARIA S/N
MISSÃO VELHA;16;48;ZONA RURAL;EEF MANOEL FAUSTINO DO NASCIMENTO;DISTRITO DE GAMELEIRA DE SAO SEBASTIAO
MIRAÍMA;89;271;ÁREA RURAL DE MIRAÍMA;EEB TIRADENTES;SANTO AMARO
GUARACIABA DO NORTE;74;28;SEDE;INSTITUTO PROMOCIONAL BENJAMIM SOARES (PATRONATO);RUA PADRE BERNARDINO MEMORIA - CENTRO
BOA VIAGEM;63;148;TIBIQUARI;CENTRO VOCACIONAL TECNOLÓGICO - CVT;RUA PADRE PEDRO VITORINO, SN
MILAGRES;26;97;CENTRO;CAMARA MUNICIPAL DE MILAGRES;RUA FRANCISCO ALMIR BRAGA
FORTALEZA;82;614;MONTE CASTELO;COLÉGIO EURÍDICE;RUA NATURALISTA FEIJÓ, 736
ITAPIPOCA;17;744;BARRENTO;EEB SEBASTIÃO MALAQUIAS DOS SANTOS;TABOCAL
FORTALEZA;3;2;CENTRO;COLÉGIO TIRADENTES VESTIBULARES;RUA PEDRO I, 1106
BARREIRA;52;82;ARERÉ;ESCOLA FRANCISCO CORREIA LIMA;ARERÉ I
MORADA NOVA;47;104;UIRAPONGA;EEB FRANCISCO GALVÃO DE OLIVEIRA;RUA JOSE BENTO DA SILVA
CAMOCIM;32;44;CRUZEIRO;COLEGIO ESTADUAL PROF IVAN PEREIRA DE CARVALHO - CEPI;RUA RIACHUELO, SN
FORTALEZA;93;217;PREFEITO JOSÉ WALTER;CEI FRANCISCO SALES FERNANDES;AV K, S/N
EUSÉBIO;88;120;TAMATANDUBA;EEF IZIDIO JOSE CAMPINA;RUA IZIDIO CAMPINA, 751 TAMATANDUBA
ITAITINGA;78;286;GERERAÚ;EEF FRANCISCA FERREIRA SIQUEIRA;AV. CEL. ANTONIO FERREIRA, 440
FORTALEZA;1;818;PAPICU;COLEGIO ANTARES - OCELO PINHEIRO;RUA PROFESSOR OCELO PINHEIRO 101
ITAPIPOCA;17;77;ÁREA RURAL DE ITAPIPOCA;EEB FRANCISCO NELSON DE LAVOR;TABOCA
APUIARÉS;50;8;CONJUNTO FRANCISCO BERNARDO;EEF MATILDE BARBOSA GOIS;RUA JOSÉ NOJOSA FREITAS, 100
VIÇOSA DO CEARÁ;35;18;CENTRO;CENTRO DE EDUCAÇÃO DE JOVENS E ADULTO;RUA JOSE JOAQUIM DE CARVALHO S/N
FORTALEZA;114;173;ÁLVARO WEYNE;COLÉGIO MANUEL DA SILVA (ÁLVARO WEYNE);RUA SÃO BERNARDO 181
FORTALEZA;114;325;BARRA DO CEARÁ;EM AGOSTINHO MOREIRA E SILVA;RUA PERI, 20
MARACANAÚ;122;254;JAÇANAÚ;EMEF JOAQUIM AGUIAR;RODOVIA 065 KM 09 9821
MARACANAÚ;104;409;PAJUÇARA;EMEIEF PROF PAULO FREIRE;RUA PAULO BATISTA 660
LAVRAS DA MANGABEIRA;14;46;OURO BRANCO- DISTRITO;GRUPO ESCOLAR ROMANA RICARTE;RUA MIGUEL BISPO 114
FORTALEZA;118;570;BOA VISTA-CASTELÃO;EEFM PROFESSORA MARIA GONCALVES;RUA N S DO MONTE CARMELO S/N
FORTALEZA;118;604;MONDUBIM;EM CASIMIRO MONTENEGRO;AV. BERNARDO MANUEL, 11360
CRATEÚS;20;132;PATRIARCAS;CENTRO DE REFERÊNCIA DA ASSISTÊNCIA SOCIAL - CRAS IV - PROVISÓRIO;RUA JOSÉ VICENTE, S/N
FORTALEZA;93;309;PLANALTO AYRTON SENNA;CENTRO SOCIOEDUCATIVO CARDEAL ALOÍSIO LORSCHEIDER - CSCAL;RUA IPAUMIRIM, 830
FORTALEZA;83;157;JOÃO XXIII;CENTRO DE FORMAÇÃO E DESENV. PARA PROFISSIONAIS DA EDUCAÇÃO - FORMACE;RUA PORTO VELHO, 401
JUAZEIRO DO NORTE;28;273;CENTRO;EEIF PADRE CICERO;MONSENHOR JOVINIANO BARRETO 116
FORTALEZA;83;91;HENRIQUE JORGE;EEM  MARIANO MARTINS;AVENIDA SENADOR FERNANDES TÁVORA 1445
CAUCAIA;120;353;CIGANA;E.E.I.E.F DALVA PONTES DA ROCHA;RUA QUINTINO JOSE CORREIA, 465
JAGUARUANA;75;88;SARGENTO;E.E.F. RAIMUNDO SALES FAÇANHA;SARGENTO
FORTALEZA;3;231;CENTRO;EEFM CLÓVIS BEVILAQUA;AV. DOM MANUEL, 511
SOBRAL;24;364;JUNCO;SESI;AV. DR. JOSÉ ARIMATÉIA M SILVA, 1701
PACATUBA;57;228;SAO BENTO;ESCOLA DE 1 GRAU MANOEL PONTES DE MEDEIROS;RUA JOSE SOARES DE ALBUQUERQUE, 246
CRATO;27;368;SÃO JOSÉ;EEIEF SINOBILINA PEIXOTO;RUA JOAQUIM PINHEIRO FILHO S/N. CONJUNTO PADRE CÍCERO
MIRAÍMA;89;253;CENTRO;EEB FRANCISCA BRAGA LIMA;RUA JOÃO BARROSO 546
TRAIRI;97;152;RIACHAO;ASSOCIACAO DOS MORADORES DO RIACHAO;RIACHAO - TRAIRI-CE
CAUCAIA;120;331;CAPUAN;E.E.F. JOSE ALEXANDRE;RUA DA LAGOA, 135
BARRO;92;13;CENTRO-SEDE;ESCOLA DE 1 GRAU SOCORRO FALCAO;RUA MAJOR JANUARIO S/N
MARACANAÚ;122;293;ACARACUZINHO;EEFM JOSE MILTON DE VASCONCELOS DIAS;AV. CENTRAL S/N
PEDRA BRANCA;59;56;SEDE;ESCOLA DE ENSINO FUNDAMENTAL SEBASTIAO RAIMUNDO DA COSTA;SITIO BOM LUGAR
PEDRA BRANCA;59;87;BOM PRINCIPIO;EEFTI SABINO VIEIRA CAVALCANTE;RUA FORTUNATO SILVA, 243
CAPISTRANO;105;23;CENTRO;ESCOLA DE ENSINO FUNDAMENTAL DONA MARIETA CALLS;RUA JOSE DANIEL S/N
FORTALEZA;114;16;JARDIM IRACEMA;EM JESUS CRISTO - CEI ANEXO;RUA ALBERTO FERREIRA 564
INDEPENDÊNCIA;39;226;COHAB;CAPS - CENTRO DE ATENÇÃO PSICOSSOCIAL;RUA BOA VISTA SN COHAB
PORANGA;40;127;BURITI DOS CARREIROS;ESCOLA REUNIDA 12 DE OUTUBRO - BURITI DOS CARREIROS;BURITI DOS CARREIROS
MARACANAÚ;122;47;ALTO DA MANGUEIRA;EEF ALBANIZA ROCHA SARASATE;TRAVESSA ANTONIO JUSTA S/N
BOA VIAGEM;63;99;SANTO ANTONIO DOS SANDRES-IBUACU;EEF JOSE FERREIRA BIE;SANTO ANTONIO DOS SANDRES-IBUACU
FORTALEZA;1;581;PAPICU;ESCOLA ESTADUAL MARIA JOSE MEDEIROS;RUA DESEMBARGADOR LAURO NOGUEIRA 1240
COREAÚ;64;123;Vila Brasil;COREAÚ - CEI MA. SOCORRO ARAÚJO GOMES;VILA BRASIL - COREAÚ
SOBRAL;24;402;JAIBARAS;ANEXO AYRES DE SOUSA (SETOR III-JAIBARAS);SETOR III PERIMETRO IRRIGADO AYRES DE SOUSA - JAIBARAS
GRANJA;25;208;SAMBAIBA;E.E.F.  ANTÔNIO GOUVEIA NETO;FAZENDA BOM SUCESSO
BANABUIÚ;6;452;ALTO ALEGRE;EEMTI JACOB NOBRE DE OLIVEIRA BENEVIDES;RUA ANA ANILDA BATISTA SÁ, S/N, SEDE
INDEPENDÊNCIA;39;205;MALHADA VERMELHA;EEE RAIMUNDO NONATO FILHO;MALHADA VERMELHA
ICÓ;15;71;LIMA CAMPOS - DISTRITO;EMTIH - MONSENHOR JOSE CAMURCA;RUA SAO SEBASTIAO, 239
FORTALEZA;83;579;JOÃO XXIII;CENTRO DE FORMAÇÃO E DESENV. PARA PROFISSIONAIS DA EDUCAÇÃO - FORMACE;RUA PORTO VELHO, 401
JUAZEIRO DO NORTE;119;377;NOVO JUAZEIRO;ESCOLA TARCILA CRUZ ALENCAR;CASTELO BRANCO 4451
QUIXERAMOBIM;11;276;PASSAGEM;ESCOLA CEL. JOSE LEONCIO;ASSENTAMENTO CONQUISTA DA LIBERDADE MARAQUETA
FORTALEZA;117;313;CANINDEZINHO;CENTRO CULTURAL CANINDEZINHO;AV. OSÓRIO DE PAIVA, 6297
CRATO;27;121;BELMONTE;EEIEF ADÉRSON DA FRANCA ALENCAR;RUA CARLINA PINHEIRO S/N
PACOTI;5;194;SANTANA-DISTRITO;EMEF FERNANDO MOREIRA SALES (SANTANA);DISTRITO DE SANTANA
FORTALEZA;82;619;SÃO GERARDO;COLÉGIO MASTER - BEZERRA DE MENEZES;AV. BEZERRA DE MENEZES, 1802
BELA CRUZ;96;54;RIACHO DA PRATA-LOCALIDADE;EMEIEF CRISPIM JOSE DA SILVA;RIACHO DA PRATA
JAGUARUANA;75;25;ALTO DA CAATINGUINHA;EEEP FRANCISCA ROCHA SILVA;RUA JOAO CELEDONIO SOBRINHO
IGUATU;13;373;COHABS;ESCOLA DE ENS FUND PADRE JANUARIO CAMPOS (MUNICIPAL);ESTRADA DO BAU COHAB III
FARIAS BRITO;62;192;SEDE;EEF MARIA CARMOSINA PINHEIRO RODRIGUES;TRAVESSA ENOCH RODRIGUES, 53
HORIZONTE;78;125;QUEIMADAS;EEM QUILOMBOLA ANTÔNIA RAMALHO DA SILVA;RUA MARIA JOSÉ NOGUEIRA, 2255 - QUEIMADAS
TRAIRI;97;126;ZEAIRES;EEF JOSE SIMIAO;ZEAIRES
TIANGUÁ;81;200;LAURÃO;COLÉGIO SANTA MARIA;RUA ASSEMBLÉIA DE DEUS, 1070
ACARAÚ;30;297;CENTRO;CVT - CENTRO VOCACIONAL TECNOLOGICO;AV. JOSÉ GIFFONI DA SILVEIRA, 1000
POTENGI;68;43;CENTRO;CEMAC - ANTIGA BIBLIOTECA MUNICIPAL - SEDE;RUA JOSÉ EDMILSON ROCHA,  S/N           CENTRO SEDE
FORTALEZA;114;54;BARRA DO CEARÁ;EM FRANCISCO DOMINGOS DA SILVA;AVENIDA PRESIDENTE CASTELO BRANCO 4707
PEDRA BRANCA;59;6;SANTA CRUZ DO BANABUIU;EEFTI SIMPLICIO RODRIGUES DE OLIVEIRA;RUA PROFESSORA LILI, 85, SANTA CRUZ
JAGUARUANA;75;106;CENTRO;E.E.M. FRANCISCO JAGUARIBE (2 GRAU);RUA CEL RAIMUNDO FRANCISCO, 1135
FORTALEZA;118;413;SERRINHA;EM MARIA DE CARVALHO MARTINS;AVENIDA DOUTOR SILAS MUNGUBA, 4300
LAVRAS DA MANGABEIRA;14;44;QUITAIUS - DISTRITO;ESCOLA DE 1 E 2 GRAU JOAQUIM LEITE TEIXEIRA;RUA JOAQUIM LEITE TEIXEIRA 240
NOVA RUSSAS;48;213;TAMARINDO;ESCOLA MUNICIPAL SÃO FRANCISCO (UNIBOL);RUA FRANCISCO LOPES, S/N
FORTALEZA;114;15;JARDIM IRACEMA;EM JESUS CRISTO - CEI ANEXO;RUA ALBERTO FERREIRA 564
IRAUÇUBA;41;184;CAMPINAS;ESCOLA MUNICIPAL MANOEL COELHO DA CRUZ;CAMPINAS
SOBRAL;24;614;SUMARÉ;EEFI JOSE PARENTE PRADO;RUA SANTA MARTA,100
CAMPOS SALES;38;91;ZONA RURAL;ASSOCIAÇÃO COMUNITÁRIA DO SÍTIO TRAIRAS E REGIÃO - DIST. DE ITAGUÁ;SIÍTIO TRAÍRAS - DIST. DE ITAGUÁ
CASCAVEL;7;124;CAPONGA;ESC.ENS.FUND. FELIPE JOSÉ DA SILVA;RUA LUIS PESSOA DE OLIVEIRA, 728, CENTRO
FORTALEZA;3;290;CENTRO;COLÉGIO ESTADUAL JUSTINIANO DE SERPA;AV. SANTOS DUMONT, 56
FORTALEZA;3;474;ALDEOTA;COLÉGIO CHRISTUS (AV. BARÃO DE STUDART);RUA JOÃO CARVALHO, 630
CAMPOS SALES;38;160;B. ALTO ALEGRE;C.E.I - CENTRO DE EDUCAÇÃO INFANTIL - SEDE;RUA EMILIANO FORTALEZA S/N
CASCAVEL;7;28;GUANACES;ESC.ENS.FUND. ABDON DANTAS DE ALMEIDA;RUA EUFRASIO DANTAS SN - CENTRO
URUOCA;25;80;ROBERTO DOURADO;E.E.F. MURILO AGUIAR;AV. JOÃO JOSÉ, N. 451
PACATUBA;57;167;CONJUNTO JEREISSATI II;ESCOLA DE 1 GRAU DESEMBARGADOR RAIMUNDO DE CARVALHO;AV. XV SETOR F
FARIAS BRITO;62;191;SEDE;EEF MARIA CARMOSINA PINHEIRO RODRIGUES;TRAVESSA ENOCH RODRIGUES, 53
HORIZONTE;78;75;CENTRO;EMEF PROFESSORA RAIMUNDA DUARTE TEIXEIRA ;AV EUDES XIMENES, 83 - CENTRO 
CASCAVEL;7;17;CENTRO;EMEB PROFESSORA THEREZINHA MESQUITA DE JESUS CIRÍACO (ANTIGA CNEC);RUA PREF. LUIS BENICIO SAMPAIO, 2506
ITAPIPOCA;17;738;LAGOA DAS MERCÊS;EEB JOÃO IRINEU DA SILVA;LAGOA DAS MERCÊS
TAUÁ;19;45;COLIBRIS;ESCOLA DONDON FEITOSA;RUA JORNALISTA HELDER FEITOSA S/N
ACOPIARA;60;93;SOLIDAO;EEF MANOEL VIEIRA PINHEIRO;SITIO LINO
MARACANAÚ;122;32;JARI;EMEF JOSÉ ASSIS DE OLIVEIRA(JARY);RUA PAULO AFONSO 4259
CAMOCIM;32;146;RODAGEM DO LAGO;CRECHE JOSE MARIA PARENTE VIANA - RODAGEM DO LAGO;RODAGEM DO LAGO S/N
BOA VIAGEM;63;207;SAO JOSE-SEDE;EEF JOSE LESSA CAVALCANTE;AREIAS - SAO JOSE
FORTALEZA;83;699;PICI;ESCOLA MUNICIPAL PROFESSORA MARIA LIDUÍNA CORREA LEITE;RUA FERNÃO MAGALHÃES, 120
CAUCAIA;123;349;MARECHAL RONDON (JUREMA);E.E.I.E.F. ECONOMISTA RUBENS VAZ DA COSTA;AVENIDA NOVO HORIZONTE, S/N
FORTALEZA;95;188;CAJAZEIRAS;DNIT;RODOVIA BR-116, KM 06
ACARAÚ;30;279;ZONA RURAL;ESCOLA JOAO DOMINGUES DE SOUSA;ALMECEGAS
TRAIRI;97;105;ALAGADICO DE CIMA;CENTRO COMUNITARIO FRANQUINHO DAMASCENO;ALAGADICO DE CIMA
CARIRÉ;65;38;ZONA RURAL;ESCOLA EIEF MARIA MARLENE FEITOSA DE PAIVA;ALMAS
ANTONINA DO NORTE;18;136;CENTRO;ESCOLA SAO SEBASTIAO;TABOLEIRO DOS MENDES
VIÇOSA DO CEARÁ;35;177;ZONA RURAL;CASA DA MULHER VIÇOSENSE;SITIO BREJO GRANDE
SOBRAL;24;496;DOM JOSÉ;EEFI ANTENOR NASPOLINI;RUA PREFEITO JERONIMO PRADO, S/N
SANTANA DO CARIRI;53;81;BOA VISTA;EMEIEF JOÃO EUSÉBIO DA SILVA;SÍTIO BOA VISTA, SN
PORANGA;40;206;SEDE;ESCOLA INDÍGENA JARDIM DAS OLIVEIRAS - SEDE;RUA DOS TABAJARA E KALABAÇA, S/N
GUARACIABA DO NORTE;74;114;DISTRITO;ESCOLA MUNICIPAL DE RAMADA;SITIO RAMADA
MIRAÍMA;89;252;CENTRO;EEB FRANCISCA BRAGA LIMA;RUA JOÃO BARROSO 546
EUSÉBIO;88;167;GUARIBAS;EEMF ADELINO BEZERRA;AV ACILON GONÇALVES PINTO, S/N - GUARIBAS
PEDRA BRANCA;59;100;MINEIROLANDIA;ESCOLA DE ENSINO FUNDAMENTAL E MEDIO DE MINEIROLANDIA;AV OLAVO BILAC SN
IGUATU;13;51;CENTRO;ESCOLA DE ENSINO MÉDIO EM TEMPO INTEGRAL DE IGUATU;RUA GUILHERME DE OLIVEIRA, 842
ITAPIPOCA;17;750;ÁREA RURAL DE ITAPIPOCA;CEI ANA IONE BRAGA GOMES;VILA JARDIM
MOMBAÇA;46;105;MORADA NOVA;ESCOLA DE ENSINO FUNDAMENTAL MARIA AMBROSINA CAVALCANTE;MORADA NOVA
FORTALEZA;113;35;JOSÉ BONIFÁCIO;COLÉGIO FARIAS BRITO PRÉ - VESTIBULAR;AV. BARÃO DO RIO BRANCO, 2424
ITAPIPOCA;17;713;IPU MAZAGÃO;EEB FRANCISCA PINTO MARQUES;IPU MAZAGAO
MARCO;96;157;CENTRO-SEDE;PREFEITURA MUNICIPAL DE MARCO;AV. PREF. GUIDO OSTERNO, S/N
JUAZEIRO DO NORTE;119;179;SAO JOSE;ESCOLA ANTONIO FERREIRA DE MELO;RODOVIA JUAZEIRO/CRATO
JUAZEIRO DO NORTE;119;70;JOAO CABRAL;ESCOLA LILI NERY;RUA PADRE ALCANTARA, 1000
QUIXERÉ;29;235;TOME;EEB PROFESSORA IRENE NONATO DA SILVA;TOMÉ
FORTALEZA;114;1;ÁLVARO WEYNE;COLÉGIO MANUEL DA SILVA (ÁLVARO WEYNE);RUA SÃO BERNARDO 181
AMONTADA;89;300;ARACATIARA;EEB JOÃO BATISTA DE LIMA;CÓRREGO DAS MOÇAS
APUIARÉS;50;15;CENTRO;CEI SEBASTIANA PEREIRA MARINHO - MÃE SÉ;AVENIDA GOMES DA SILVA, S/N
BANABUIÚ;6;424;PEDRAS BRANCAS;ASSOCIAÇÃO COMUNITÁRIA DOS PRODUTORES RURAIS DA FAZENDA IRACEMA;FAZENDA IRACEMA
CRATO;27;45;CENTRO;18ª CREDE - COORDENADORIA REGIONAL DE DESENV. DA EDUCAÇÃO;RUA ANDRÉ CARTAXO, 09
QUITERIANÓPOLIS;99;134;ZONA RURAL;EEIF DETELVINA ARAÚJO LIMA;DISTRITO BAIXIO
BOA VIAGEM;63;59;OLHO DAGUA DOS FACUNDOS-GUIA;EEF VALKMAR BRASIL DOS SANTOS;OLHO D'AGUA DOS FACUNDOS
SÃO GONÇALO DO AMARANTE;36;287;TAIBA-DISTRITO;ESCOLA DE EDUCAÇÃO BÁSICA PROFª ALBA HERCULANO ARAÚJO;RUA CAPITAO INACIO PRATA SN -TAÍBA
FORTALEZA;1;863;MANUEL DIAS BRANCO;COLÉGIO CÍVICO MILITAR BATALHA DO RIACHUELO;R. E, 100 - MANUEL DIAS BRANCO
FORTALEZA;118;609;MONDUBIM;EM CASIMIRO MONTENEGRO;AV. BERNARDO MANUEL, 11360
CARIÚS;43;174;SAO BARTOLOMEU-DISTRITO;EEIF AMARO BATISTA DA CUNHA (ANTIGA MANOEL DUARTE DE OLIVEIRA PASSOS);VILA SAO BARTOLOMEU
IGUATU;13;586;GADELHA;ESCOLA DE ENS FUND JOÃO ROCHA FIALHO;VILA GADELHA
MOMBAÇA;46;85;CARNAUBA;ESCOLA DE ENSINO FUNDAMENTAL PEDRO AIRES DE CARVALHO;DISTRITO DE CARNAÚBA
TEJUÇUOCA;41;66;SAO BENTO;ESCOLA MUNICIPAL JOSE MOREIRA CRUZ;SAO BENTO
CRATEÚS;20;16;CENTRO;EEFM LOURENCO FILHO;RUA FIRMINO ROSA 587
FORTALEZA;115;351;PARANGABA;EEEP JOAQUIM MOREIRA DE SOUSA;RUA CAIO PRADO 02
MAURITI;76;52;PALESTINA DO CARIRI-DISTRITO;EEF JOSE ACÍLIO;RUA GABRIEL IZIDRO, SN
LIMOEIRO DO NORTE;29;58;CENTRO;FACULDADE DE FILOSOFIA D AURELIANO MATOS;AV DOM AURELIANO MATOS 2058
CRATO;27;381;SÃO MIGUEL;MINISTÉRIO DO TRABALHO E EMPREGO - AGÊNCIA DE CRATO/CE;AVENIDA PERIMETRAL DOM FRANCISCO, 491
MILAGRES;26;26;MISSIONÁRIAS;ESCOLA DONA ANTONIA LINDALVA DE MORAIS;RUA PALMERINDO MENDONCA S/N
FORTALEZA;115;42;ITAPERI;UNIVERSIDADE ESTADUAL DO CEARA - UECE;AV DR. SILAS MUNGUBA, 1700
RUSSAS;9;77;CENTRO;ESCOLA MUNICIPAL TIA BENILCE DE EDUC INFANTIL E ENSINO FUNDAMENTAL;AVENIDA DOM LINO, 204
CARIDADE;111;74;SAO DOMINGOS;CRECHE ANTÔNIA SOARES DE ALMEIDA;LOC. DE SÃO DOMINGOS (SEDE DO DISTRITO)
PEDRA BRANCA;59;32;SANTA CRUZ DO BANABUIU;ESCOLA DE 1 GRAU MIGUEL ARCANJO DOS SANTOS;SITIO SALGADO
SÃO GONÇALO DO AMARANTE;36;330;PECEM-DISTRITO;ESCOLA DE ENSINO FUNDAMENTAL EUCLIDES PEREIRA GOMES;TRAVESSA MARCIONILIA SAMPAIO S/N
ITAREMA;98;100;CENTRO;CEI - ANA CELIA GIFONI TAVARES RIOS;RUA JOSE FERNANDES DE SOUSA S/N
CRATO;27;24;CENTRO;ETI 18 DE MAIO;AVENIDA JOSÉ ALVES DE FIGUEIREDO, N. 300.
CRATEÚS;20;86;IRAPUA;POSTO DE SAUDE DE IRAPUA;IRAPUA
INDEPENDÊNCIA;39;137;CENTRO;E.E.F.M. PROFª MARIA JÚLIA FIALHO;RUA SANTOS DUMONT, 260
JUAZEIRO DO NORTE;28;189;SAO MIGUEL;UNINASSAU CAMPUS SÃO MIGUEL;RUA SÃO FRANCISCO, 1224
INDEPENDÊNCIA;39;217;NOVA OLINDA;E.E.F. LINO VIEIRA SOARES;POVOADO NOVA OLINDA
SABOEIRO;43;225;DISTRITO FLAMENGO;E.E.F. MARIA LINDA DA GLÓRIA;DISTRITO FLAMENGO
JUAZEIRO DO NORTE;119;176;SANTA TEREZA;CREDE 19;RUI BARBOSA SN
IPU;21;112;DISTRITO;E.M.E.F. MELQUIADES CAMELO TIMBO;VARZEA DA CURICACA
GUARACIABA DO NORTE;74;190;DISTRITO;POSTO DE SAÚDE DO LIMOEIRO;LIMOEIRO
AURORA;69;17;VILA PAULO GONÇALVES;CENTRO SOCIAL URBANO;AVENIDA VICENTE TAVARES SIMÕES
NOVA RUSSAS;48;18;CENTRO;EEMTI OLEGARIO ABREU MEMORIA;RUA CEL. ANTONIO RODRIGUES VERAS 1018
TAUÁ;19;197;CARRAPATEIRAS;ESCOLA FRANCISCO FERREIRA DE SOUSA;OLHO DAGUINHA
PARAMBU;19;326;CENTRO;ESCOLA JOSÉ CARVALHO PINHEIRO;RUA ANTONIO BENÍCIO PINHEIRO, 35
FORTALEZA;114;223;FLORESTA;INSTITUTO EDUCACIONAL PRESIDENTE MEDICI;RUA CÉSAR CORREIA 973
PALMÁCIA;4;396;CENTRO;ESCOLA MUNICIPAL RAMILSON HOLANDA LUZ;RUA FRANCISCO DE QUEIROZ, S/N
SABOEIRO;43;264;CENTRO;BIBLIOTECA PÚBLICA MUNICIPAL MILENO TORRES BANDEIRA;MONSENHOR MANOEL CANDIDO
CAMPOS SALES;38;10;DIST. DE QUIXARIÚ;E.E.F.T.I - MANOEL BEZERRA FORTALEZA - DIST. DE QUIXARIÚ;RUA LEONARDO DE ANDRADE S/N
FORTALEZA;113;436;MONTESE;ESCOLA MUNICIPAL VICENTE FIALHO;RUA IRMA BAZET, 193
QUIXADÁ;6;213;CIPÓ DOS ANJOS;ASSOCIACAO COMUNITARIA DA SERIEMA;SERIEMA S/N
PIQUET CARNEIRO;12;141;IBICUA;EMEF MESTRE JÚLIO;RUA CORONEL FILEMOM MAGALHÃES, S/N
COREAÚ;64;117;Lagoa do Barro;LAGOA DO BARRO - PRÉDIO DA ESCOLA MUNICIPAL;LOCALIDADE LAGOA DO BARRO
CRATO;27;40;CENTRO;EEIEF SÃO FRANCISCO;RUA BRIGADEIRO LEANDRO BEZERRA MONTEIRO, 406
SANTA QUITÉRIA;54;155;DISTRITO DE MALHADA GRANDE;ESCOLA MUNICIPAL MARIA DE NAZARÉ;DISTRITO DE MALHADA GRANDE
CAMPOS SALES;38;55;B. CENTRO;INSTITUTO EDUCACIONAL PROFESSORA MARIA DULCE DE ALENCAR - (MDA) - SEDE;RUA JULIO NORÕES, 531
SÃO BENEDITO;22;57;SITIO CARNAUBAL DOS MEDEIROS;EEF CARNAUBAL DOS MEDEIROS;SITIO CARNAUBAL DOS MEDEIROS
ITAPIPOCA;17;79;ARAPARI;EEB JERONIMO DE FREITAS GUIMARAES;ARAPARI
ANTONINA DO NORTE;18;162;CASTELO BRANCO;CRECHE ZEFERINO PAULINO DE BRITO;RUA HIGINO BATISTA MACIEL, 20
BARRO;92;26;IARA-DISTRITO;ESCOLA DE ENSINO BASICO DEP. ANTONIO LEITE TAVARES;BR 116 - KM 447
IBIAPINA;73;207;serraville ii;CRECHE MUNICIPAL MARIA ALVES LINHARES;RUA PERGENTINO RABELO
ALCÂNTARAS;24;519;SAO JOSE;SECRETARIA MUNICIPAL DE EDUCACAO DE ALCÂNTARAS;RUA FRANCISCO CUNHA FREIRE, SN
PIQUET CARNEIRO;12;17;IBICUA;EMEF ANA CLARA DE MAGALHAES;RUA JOSÉ TEOTÔNIO, S/N
CEDRO;13;477;VÁRZEA DA CONCEIÇÃO;ANEXO FRANCISCO SILVEIRA DE AGUIAR;RUA JOAO BATISTA MORENO SN
CHOROZINHO;49;45;VILA REQUEIJAO;COLEGIO GUIBSON MARINHO DOS SANTOS;AV SABINO MOREIRA SN
QUIXERAMOBIM;11;262;MANITUBA;ESCOLA ALFREDO ALMEIDA MACHADO- MANITUBA;VILA DE MANITUBA
FORTALEZA;94;365;JARDIM IRACEMA;EEFM DEP FCO DE ALMEIDA MONTE;AV. CORONEL CARVALHO 2400
AMONTADA;89;219;CAMPO;EEBTI GIZEUDA SANTIAGO TEIXEIRA;AV ANTONIO LISBOA DE QUEIROS 1864
PENTECOSTE;50;102;ACAMPAMENTO;PÓLO DE ATENDIMENTO;RUA 13 DE MAIO, S/N
NOVO ORIENTE;99;149;ZONA RURAL;CENTRO DE EDUCAÇÃO RURAL - CERU;LAGOA DA AREIA
TAMBORIL;61;47;DISTRITO DE OLIVEIRAS;EMEIF FRANCISCO LUCIO;RUA FRANCISCO LUCIO - VILA OLIVEIRAS
APUIARÉS;50;136;CENTRO;BRINQUEDO CRECHE - IRÁ FUNCIONAR NA CEI SEBASTIANA P. MARINHO(MÃE SÉ);RUA MANOEL SOARES GUIMARÃES, S/N
REDENÇÃO;52;65;DISTRITO DE BARRA NOVA (ANTIGO SÃO GERARDO);ESCOLA TEODORO CONRADO DA SILVEIRA;SÍTIO CANADÁ
IPUEIRAS;40;203;OITICICA DOS ROSÁRIOS;EEF GONÇALO JOSÉ DE LIMA - OITICICAS DOS ROSÁRIOS;OITICICA DOS ROSÁRIOS
MARCO;96;194;LOCALIDADE DE MARACAJA;EEF FRANCISCO FAUSTINO SILVEIRA;MARACAJA
PENTECOSTE;50;88;CENTRO;PREFEITURA MUNICIPAL DE PENTECOSTE;RUA DOUTOR MOREIRA DE AZEVEDO, SN
SÃO LUÍS DO CURU;23;352;COLONOS-POVOADO;E.E.F. PROFESSOR JUPI MARTINS;NUCLEO H - COLONOS POVOADO
COREAÚ;64;137;Feitoria;FEITORIA - PRÉDIO DA ESCOLA MUNICIPAL;LOCALIDADE DE FEITORIA
ACOPIARA;60;285;SEDE;EEF HERMINIO BARBOSA E SILVA;SITIO GENIPAPEIRO
FORTALEZA;113;39;JOSÉ BONIFÁCIO;COLÉGIO FARIAS BRITO PRÉ - VESTIBULAR;AV. BARÃO DO RIO BRANCO, 2424
IGUATU;13;44;ALTO DO JUCÁ;SECRETARIA MUNICIPAL DE AÇÃO SOCIAL;RUA 21 DE ABRIL SN
BATURITÉ;5;252;LAJES-SEDE;EMEF DIOMEDES MARINHO;RUA ROSÁRIO DE FÁTIMA, S/N
ICÓ;15;84;SANTA CRUZ DA SERRA - DISTRITO;ESCOLA MUNICIPAL  WALFRIDO MONTEIRO SOBRINHO;RUA EVILASIO BARBOSA S/N
CRATEÚS;20;232;CURRAL VELHO;ASSOCIAÇÃO COMUNITÁRIA RURAL DA REGIÃO DE BELÉM E SANTA TEREZINHA;SANTA TEREZINHA
CEDRO;13;464;SANTO ANTÔNIO;ESCOLA DE ENS FUND JOSE MARQUES;ST CACHOEIRA DOS MARQUES
MARCO;96;170;SOARES - POVOADO;EEF GERALDO BASTOS OSTERNO;LOCALIDADE DE SOARES
TIANGUÁ;81;318;ÁREA RURAL DE TIANGUÁ;E.E.M. MIGUEL CARNEIRO DA CUNHA;SÍTIO CAJUAÇU
SÃO LUÍS DO CURU;23;313;CENTRO-SEDE;E.E.F. PADRE JOSE SINVAL FACUNDO;RUA PEDRO CIPRIANO SN
ORÓS;15;255;CENTRO;E.E.M. EPITÁCIO PESSOA;AV. JOSÉ GABRIEL BEZERRA, 274
ARATUBA;105;75;CENTRO-SEDE;EEF PROFESSORA MARIA JULIA PEREIRA BATISTA;RUA TARGINO GOES S/N
PARAMOTI;111;126;CENTRO;EMEF PAULO SARASATE (ANTIGO CERU);AV. JOAQUIM FARIAS, 175
CAMPOS SALES;38;123;DIST.  DE CARMELÓPOLIS;E.E.I.F OSSEAN ALENCAR ARARIPE - DIST. DE CARMELÓPOLIS;RUA VIRGÍLIO GOMES, 139
SOBRAL;121;277;CENTRO;ESCOLA OSMAR DE SA PONTE;RUA PINTOR LEMOS, S/N
PACUJÁ;79;254;MILHÃS;E.E.F. VICENTE ALVES DE SOUSA FILHO;SÍTIO MILHÃS
SENADOR POMPEU;12;110;CODIA;SERVIÇO DE CONVIVÊNCIA E FORTALECIMENTO DE VÍNCULO CODIÁ;CODIA
CAMPOS SALES;38;119;DIST. DE QUIXARIÚ;E.E.F.T.I - MANOEL BEZERRA FORTALEZA - DIST. DE QUIXARIÚ;RUA LEONARDO DE ANDRADE S/N
SABOEIRO;43;269;LAGEDO;POSTO DE SAÚDE RAIMUNDO PRIMO BEZERRA;SITIO LAGEDO
MONSENHOR TABOSA;61;149;CENTRO;E.M.E.F.T.I LUIZ LEITAO;AVENIDA PESSOA PIRES  2
CARIRIAÇU;71;3;PARAÍSO;EEF JULITA FARIAS;RUA LUIZ BEZERRA S/N
CRUZ;30;161;ZONA RURAL;ESCOLA JOAQUIM JOSE MONTEIRO;LAGOA DOS MONTEIROS
BELA CRUZ;96;19;CENTRO-SEDE;EEMTI PROFESSORA MARIETA SANTOS;RUA SAO VICENTE, 699
BOA VIAGEM;63;16;CENTRO-SEDE;SECRETÁRIA DO TRABALHO E ASSISTENCIA SOCIAL- ANTIGO CENTRO COMUNITÁRIO;RUA ANTONIO QUEIROZ  250
IRAUÇUBA;41;207;BOA VISTA DO CAXITORE;ESCOLA MUNICIPAL DR. MARCELO SANFORD;BOA VISTA DO CAXITORE
IGUATU;13;3;CENTRO;ESCOLA DE ENSINO MÉDIO EM TEMPO INTEGRAL DE IGUATU;RUA GUILHERME DE OLIVEIRA, 842
JAGUARUANA;75;108;PORO;E.E.F. BENEVOLO GOMES DINIZ (PORO);PORÓ
CAMPOS SALES;38;78;DIST.  DE CARMELÓPOLIS;E.E.I.F OSSEAN ALENCAR ARARIPE - DIST. DE CARMELÓPOLIS;RUA VIRGÍLIO GOMES, 139
PEDRA BRANCA;59;105;SEDE;ESCOLA DE 1 GRAU JOAO DOS REIS DA SILVA;SITIO QUIETO
FORTALEZA;3;293;CENTRO;COLÉGIO ESTADUAL JUSTINIANO DE SERPA;AV. SANTOS DUMONT, 56
CAMPOS SALES;38;37;DIST. DE ITAGUÁ;E.E.F.T.I  ANÂNIAS CUSTÓDIO ARRAIS - DIST. DE ITTAGUÁ;RUA ANÂNIAS CUSTÓDIO ARRAIS S/N
MARANGUAPE;4;140;CENTRO - MARANGUAPE;EMEF CAPISTRANO DE ABREU;RUA CEL ANTÔNIO BOTELHO, 366
CAUCAIA;120;447;SITIOS NOVOS;E.E.I.E.F. PEDRO MOREIRA DE OLIVEIRA;AGROVILA
SABOEIRO;43;266;CENTRO;BIBLIOTECA PÚBLICA MUNICIPAL MILENO TORRES BANDEIRA;MONSENHOR MANOEL CANDIDO
PEDRA BRANCA;59;99;SEDE;EEIF MANOEL LUIZ DE CARVALHO;SITIO SANTO AMARO
CRATO;27;302;BAIXIO DAS PALMEIRAS;EEIEF ARLINDO MATHIAS;ROD. ANTÔNIO TELES S/N, ROMUALDO
IPUEIRAS;40;65;CENTRO;CENTRO MULTIFUNCIONAL FRANCISCO CAZUZA SAMPAIO - CENTRO;RUA CORONEL JOSÉ BENTO, S/N
PACOTI;5;187;MACAPÁ;CRECHE ESPACO INFANTIL (MACAPA);SITIO MACAPA
FORTALEZA;83;522;JOÃO XXIII;CENTRO DE FORMAÇÃO E DESENV. PARA PROFISSIONAIS DA EDUCAÇÃO - FORMACE;RUA PORTO VELHO, 401
FORTALEZA;113;284;JOSÉ BONIFÁCIO;COLÉGIO FARIAS BRITO;RUA SENADOR POMPEU, 2607
FORTIM;8;233;COQUEIRINHO;EEIFTI. DE COQUEIRINHO;COMUNIDADE DO COQUEIRINHO
GRANJA;25;36;SANTA TEREZINHA;E.E.F. FRANCISCA FONTENELE SOUSA BATISTA;RUA DONA MARIA SOUSA, S/N
FORTALEZA;95;90;BARROSO;EEFM PADRE MARCELINO CHAMPAGNAT;RUA DAURA, 120
CAMOCIM;32;62;PRAIA;CRAS II - PROFESSOR IVAN PEREIRA DE CARVALHO - POLO;RUA 24 DE MAIO, 2911
EUSÉBIO;88;104;PRECABURA;EEF ELISBAO PIO;AV ELISBAO PIO - PRECABURA
CAMOCIM;32;234;SAO PEDRO;EEF GENERAL ANTONIO DA SILVA CAMPOS - BAIRRO SAO PEDRO;RUA SIQUEIRA CAMPOS S/N
FORTALEZA;2;545;MESSEJANA;EEMTI PROFª FERNANDA MARIA GOMES DE AMORIM;AVENIDA FREI CIRILO 4454
FORTALEZA;82;185;MONTE CASTELO;EM LENIRA JUREMA DE MAGALHÃES;RUA TEÓFILO GURGEL, 111
JUAZEIRO DO NORTE;28;436;CENTRO;EEIF PADRE CICERO;MONSENHOR JOVINIANO BARRETO 116
MORRINHOS;44;9;CENTRO;EEMTI CARMINHA VASCONCELOS;RUA NOSSA SENHORA DE FATIMA  309
INDEPENDÊNCIA;39;204;ASSENTAMENTO JUAZEIRO;GRUPO ESCOLAR DE ASSENTAMENTO JUAZEIRO;ASSENTAMENTO JUAZEIRO
IBIAPINA;73;74;SÍTIO SANTA BÁRBARA;ESCOLA ANTÔNIA ROMÃO DE CARVALHO;SÍTIO SANTA BÁRBARA
IGUATU;13;574;BARREIRAS;ESCOLA DE ENS FUND ANTÔNIO CIPRIANO;VILA BARREIRAS DOS PARAIBANOS
FORTALEZA;113;87;JARDIM AMÉRICA;ESCOLA MUNICIPAL PROF. FILGUEIRAS LIMA;AV. DOS EXPEDICIONÁRIOS, 3910
ARACOIABA;67;48;JAGUARAO-DISTRITO;ESCOLA MUNICIPAL MANOEL ANTONIO DE FIGUEIREDO;PEDRA AGUDA
SALITRE;38;159;ZONA RURAL, SALITRE/CE;E.E.I.F CICERO RAIMUNDO DE ALENCAR - SÍTIO OLHO D'ÁGUA;SÍTIO OLHO D'AGUA
CAMOCIM;32;91;ZONA RURAL;EEF GREGORIO PEDRO ALEXANDRINO-TATAJUBA;POVOADO TATAJUBA
VARJOTA;65;152;CENTRO;E.E.F. DEPUTADO MANOEL RODRIGUES;RUA MODESTO DE MENDONÇA, 917
MOMBAÇA;46;28;BOA VISTA;CENTRO EDUCACIONAL RURAL DE BOA VISTA;BOA VISTA
FORTALEZA;83;738;MONTESE;COLÉGIO ELITE;AVENIDA JOÃO PESSOA, 6302
BARBALHA;31;46;CENTRO;EEF SENADOR MARTINIANO DE ALENCAR;LARGO DO ROSARIO, 20, CENTRO
BARROQUINHA;108;91;DISTRITO ARARAS;EEF MANOEL COSTA VIANA;SÃO CAETANO
IPAUMIRIM;92;118;SAO PEDRO-SITIO;CENTRO DE EDUCAÇÃO INFANTIL TIA ZIZI;SITIO SAO PEDRO SN
AQUIRAZ;66;53;CAMARA;EMEF JOAO PIRES CARDOSO;RUA ALDENORA CARDOSO SN
CAUCAIA;120;332;CAPUAN;E.E.F. JOSE ALEXANDRE;RUA DA LAGOA, 135
ARACATI;8;111;CORREGO DOS FERNANDES;E.E.F. FRANCISCO FERNANDES FILHO;CORREGO DOS FERNANDES
ARACATI;8;211;CENTRO;E.E.M.T.I. BARAO DE ARACATI;PRAÇA DOS PRAZERES, 82
MONSENHOR TABOSA;61;172;CARRAPICHO;E.M.E.F.T.I UM NOVO AMANHECER;RUA JOSE MARQUES BRASIL
SANTANA DO ACARAÚ;44;121;PEDREGAL;CENTRO DE PASTORAL FREI CRISTOVÃO ;RUA PADRE FRANCISCO JOSE ARAGÃO E SILVA
SANTANA DO ACARAÚ;44;69;ZONA RURAL;SALÃO COMUNITÁRIO DOS PEQUENOS PRODUTORES DE RIACHO DO MEIO;RIACHO DO MEIO
GUARAMIRANGA;5;218;CENTRO-SEDE;EMEF PROFESSOR JULIO HOLANDA;RUA CEL FRANCISCO DE MATOS BRITO S/N
CRATO;27;26;CENTRO;EEIEF PROFª EDILMA FERNANDES G. RODRIGUES - CÍRCULO OPERÁRIO;AVENIDA JOSÉ ALVES DE FIGUEIREDO S/N
FORTALEZA;117;217;CONJUNTO ESPERANÇA;EEFM PROFA ADELIA BRASIL FEIJO;AV CONTORNO SUL, 1540
FORTALEZA;114;327;BARRA DO CEARÁ;EEEP PAULO PETROLA;RUA SAUDÁRIA, S/N - GOIABEIRAS
CRATO;27;108;PINTO MADEIRA;CENTRO DE ESPECIALIDADES DO CRATO;RUA JOSÉ MARROCOS 471
FORTALEZA;114;105;PRESIDENTE KENNEDY;COLÉGIO SANTA ISABEL;AVENIDA BEZERRA DE MENEZES 2840
IGUATU;13;31;PLANALTO;ESCOLA DE ENS MEDIO AMELIA FIGUEIREDO DE LAVOR;RUA 13 DE MAIO SN
JAGUARETAMA;72;20;CENTRO;ESCOLA MUNICIPAL DE 1º.GRAU MANOEL CARLOTO PINHEIRO;RUA MANOEL CARNEIRO 97
FORTALEZA;113;145;JARDIM AMÉRICA;ESC. EST. DE EDUC. PROFISSIONAL PAULO VI;RUA JORGE DUMMAR, 1841
EUSÉBIO;88;201;TAMATANDUBA;CEI TEREZINHA CAMPINA BRAUNA;RUA EZEQUIEL CAMPINA, S/N
FORTALEZA;1;885;MANUEL DIAS BRANCO;COLÉGIO CÍVICO MILITAR BATALHA DO RIACHUELO;R. E, 100 - MANUEL DIAS BRANCO
SÃO GONÇALO DO AMARANTE;36;98;VIOLETE-POVOADO;ESCOLA DE ENSINO FUNDAMENTAL JOSE PEREIRA BARROS;VIOLETE
CAMOCIM;32;271;BRASILIA;EEF CORONEL LIBORIO GOMES DA SILVA;RUA HUMAITA, 780
FORTALEZA;2;109;MESSEJANA;EMEIF DEMOCRITO ROCHA;RUA PADRE PEDRO DE ALENCAR, 2012
VIÇOSA DO CEARÁ;35;64;ZONA RURAL;E.E.F JOÃO PAULINO;DISTRITO DE PASSAGEM DA ONCA
FORTALEZA;114;304;BARRA DO CEARÁ;EMTI ALDEMIR MARTINS;AV. FRANCISCO SÁ, 7460
AURORA;69;102;ARACA-SEDE;E.E.F.P. LEOPOLDINA GONÇALVES QUEZADO;RUA MARICA LEITE,285
ITAPAJÉ;41;90;PADRE LIMA;E.E.M. MONSENHOR CATAO PORFIRIO SAMPAIO;RUA TEIXEIRA PINTO 136
MULUNGU;5;127;CENTRO-SEDE;EMEF HERMENEGILDO ROCHA PONTES;RUA SANTA INES S/N
BARBALHA;31;155;SÍTIO MACAÚBA;EMEIF SÃO SEBASTIÃO (SÍTIO MACAÚBA);RODOVIA CE-386, S/N - MACAÚBA (7.35275 S, 39.40355 W)
JARDIM;119;303;SERRA GRAVATÁ;ESCOLA JESUS COUTINHO;SERRA GRAVATA
MISSÃO VELHA;16;108;SEDE;EEF LOURIVAL DANTAS RIBEIRO;RODOVIA MISSAO VELHA/JAMACARU KM 01, COHAB CASEMIRO FARIAS.
ITAPIPOCA;17;28;COQUEIRO;IFCE - CAMPUS ITAPIPOCA;AVENIDA DA UNIVERSIDADE, 102
PEDRA BRANCA;59;52;SANTA CRUZ DO BANABUIU;EEFTI SIMPLICIO RODRIGUES DE OLIVEIRA;RUA PROFESSORA LILI, 85, SANTA CRUZ
PEDRA BRANCA;59;122;CAPITÃO MOR;E.E.F. ANTONIO TORQUATO SOUSA;VILA CAPITAO MOR
LIMOEIRO DO NORTE;29;178;CÓRREGO DE AREIA;EEF ANTONIO DE CASTRO PEREIRA;SITIO CORREGO DE AREIA
MAURITI;76;55;SAO MIGUEL-DISTRITO;EEIF CAREOLANO LEITE;RUA SALUSTIANO RODRIGUES, S/N
GUAIÚBA;57;229;PINHEIRO;EEBM HILDA FRADIQUE ACCIOLY;RUA RAIMUNDO BANDEIRA, SN
GRANJA;25;235;SÃO PEDRO;E.E.F. ARZILIA MOTA;RUA PARAIBA, S/N
RUSSAS;9;193;PEDRO RIBEIRO;ASSOCIAÇÃO JOSÉ RAFAEL DA SILVA;PEDRO RIBEIRO
RUSSAS;9;55;CENTRO;COLEGIO ESTADUAL GOVERNADOR FLAVIO MARCILIO;AV DOM LINO 725
PALMÁCIA;4;154;BASÍLIO;EEEP MARIA GISELDA COELHO TEIXEIRA;BASÍLIO
FORTALEZA;83;493;JÓQUEI CLUBE;COLÉGIO LUCÊ;RUA CUIABA 155
ACARAÚ;30;364;CENTRO;EEEP MARTA MARIA GIFONNI DE SOUSA;CENTRO
BANABUIÚ;6;433;LARANJEIRAS;EEF JOSE LUIS DE LEMOS;SÃO GONÇALO
BANABUIÚ;6;454;RINARÉ;CRECHE RECANTO FELIZ;GOVERNO II
FORTALEZA;80;381;TAUAPE;COLÉGIO SHALON;RUA TIBÚRCIO FROTA, 1530 COM OSVALDO CRUZ
ALTO SANTO;86;17;CENTRO;ESCOLA DE 1 GRAU URCESINA MOURA CANTIDIO;RUA CEL SIMPLICIO BEZERRA 8
ARATUBA;105;175;SITIO FERNANDES KANINDÉ;ESCOLA MANOEL FRANCISCO DOS SANTOS (COMUNIDADE INDÍGENA);SITIO FERNANDES KANINDÉ
JAGUARIBE;10;36;EDMAR BARREIRA;CEI MARIA IRACÍLIA DE SÁ PEREIRA BARREIRA;RUA ANTÔNIO WEIMA FERNADES
REDENÇÃO;52;36;DISTRITO DE GUASSI;ESCOLA JOAQUIM SIMÃO DE OLIVEIRA;RUA JOAQUIM SIMÃO, N. 1112
PACATUBA;57;221;CONJUNTO JEREISSATI II;EEEP PROFª LUISA DE TEODORO VIEIRA;AV. XXV S/N
SANTA QUITÉRIA;54;124;PRIMAVERA;E. E. F. LUIZ DERMEVAL DE ANDRADE;BAIRRO PRIMAVERA BOTA FOGO
ASSARÉ;18;55;CENTRO;ESCOLA DE ENSINO FUNDAMENTAL RAUL ONOFRE;RUA PADRE EMILIO CABRAL SN     ASSARE
FORTALEZA;94;918;QUINTINO CUNHA;CEI SÃO CARLOS;RUA DOS PESCADORES,188
GUARACIABA DO NORTE;74;24;CENTRO;CENTRO PASTORAL NOSSA SENHORA DOS PRAZERES;R. CEL.CLÍNIO MEMÓRIA, 281 - CENTRO
CAUCAIA;120;254;CAMPO GRANDE;E.E.I.E.F. MARIA LUIZA DO VALE FORTE;RUA CÉLIO CÂNDIDO, S/N - BR 020 - KM 01 - CARRAPICHO
MIRAÍMA;89;268;RIACHÃO;EEB SABINO ROBERTO MAGALHÃES;CARNAUBAS
REDENÇÃO;52;162;BOA FÉ (SEDE);ESCOLA CORONEL VICENTE FERREIRA DO VALE;RUA CORONEL HONORATO GOMES
ARACATI;8;106;LAGOA DO PREA;E.E.F. JOSÉ DE SOUSA;LAGOA DO PREA
FORTALEZA;2;396;GUAJERU;EEEP COMENDADOR MIGUEL GURGEL;RUA JOSE BAIMA, S/N
FORTALEZA;82;689;CARLITO PAMPLONA;EEMTI JOSÉ VALDO RIBEIRO RAMOS;RUA PEDRO AMÉRICO, 100
IRAUÇUBA;41;233;COITE;ESCOLA MUNICIPAL JULIO PINHEIRO BASTOS;COITE
SOBRAL;24;396;PADRE PALHANO;EEFI PADRE PALHANO;RUA PADRE EDSON, S/N
SANTA QUITÉRIA;54;245;COHAB;ESCOLA MARIA ALMERINDA JUCÁ MAGALHÃES;CONJUNTO HABITACIONAL ANGÉLICA CATUNDA
FORTALEZA;113;267;RODOLFO TEÓFILO;ESC. MUNICIPAL ANTONIO SALES RODOLFO TEÓFILO;RUA TAVARES IRACEMA, 675
FORTALEZA;1;81;VARJOTA;FACULDADE FARIAS BRITO - CASTRO MONTE;RUA CASTRO MONTE 1364
ARARENDÁ;48;203;CENTRO;E. E. F. FRANCISCO MOURÃO LIMA;RUA PINTO BASTOS
CRATO;27;201;SEMINÁRIO;EEEP GOVERNADOR VIRGÍLIO TÁVORA;RUA PERGENTINO SILVA S/N
MARACANAÚ;104;96;JEREISSATI I;EEMTI PROFESSOR ANTÔNIO MARTINS FILHO;AVENIDA III, S/N
VÁRZEA ALEGRE;62;124;DISTRITO DE NARANIU;EEF DO SÍTIO SOCORRO;SÍTIO SOCORRO
JUAZEIRO DO NORTE;28;178;SAO MIGUEL;EEF TABELIAO VICENTE PEREIRA DA SILVA;DOUTOR FLORO BARTOLOMEU 1203
IRAUÇUBA;41;270;GIL BASTOS;EMEF GIL BASTOS;RUA NOVA, S/N
ARACATI;8;114;SANTA TEREZA;E.E.F. DOMINGOS COSTA TEOBALDO;VILA DE SANTA TEREZA
TRAIRI;97;107;SERRINHA;EEF PROFESSOR ELIZEU BARBOSA;ALTO SAO FRANCISCO
FORTALEZA;95;288;JANGURUSSU;EMEIEF MARTHA DOS MARTINS COELHO GUILHERME;RUA 313, 243, CONJUNTO SÃO CRISTÓVÃO
IPAUMIRIM;92;123;CANAUNA-DISTRITO;E.E.F.T.I. FRANCISCO DE MELO E SILVA;DISTRITO DE CANAUNA, SN
JARDIM;119;332;SITIO BOM SUCESSO;ESCOLA MANOEL JOSE DE SOUZA;SITIO BOM SUCESSO  SN
IGUATU;13;18;CENTRO;ESCOLA DE ENSINO MÉDIO EM TEMPO INTEGRAL DE IGUATU;RUA GUILHERME DE OLIVEIRA, 842
FORTALEZA;2;756;MESSEJANA;EEMTI PROFª FERNANDA MARIA GOMES DE AMORIM;AVENIDA FREI CIRILO 4454
FORTALEZA;2;791;JOSÉ DE ALENCAR;COLÉGIO CHRISTUS SUL 3;AV ENGENHEIRO LEAL LIMA VERDE, 2500 - JOSÉ DE ALENCAR
CEDRO;13;562;PEGA AVOANTE;ESCOLA DE ENS FUND ARAKEN SEDRIN DE AGUIAR;RUA SAO JOSE 1790
FORTALEZA;114;118;ÁLVARO WEYNE;EMTI NOSSA SENHORA DE FÁTIMA (ANTIGA APOSTÓLICA/SEMINÁRIO);RUA SÍLVIO ROMERO 370
FORTALEZA;117;173;BOM JARDIM;COLÉGIO LUMEN;RUA SÃO FRANCISCO DO JARDIM, 396
FORTALEZA;117;456;CANINDEZINHO;EEFM SÃO FRANCISCO DE ASSIS;RUA SÃO FELIPE, 564
PACATUBA;57;210;CONJUNTO JEREISSATI II;ESCOLA DE 1 GRAU DEPUTADO FAUSTO ARRUDA AGUIAR;AV. 26 S/N
ACARAÚ;30;232;ZONA RURAL;ESCOLA ARISTIDES FLORIANO DE OLIVEIRA;CAJUEIRO DO BOI
CHAVAL;108;6;CENTRO;EEMTI MONSENHOR JOSÉ CARNEIRO DA CUNHA;RUA EDUARDO MOTA, N 201
ITAREMA;98;168;ZONA RURAL;LICEU DE ALMOFALA - EEM JOSE MARIA MONTEIRO;RUA AGRIPINO TOMAS DE SOUSA S/N - ALMOFALA
FORTALEZA;114;71;PRESIDENTE KENNEDY;COLÉGIO INACIO COSTA;QUADRA L 303 CONJUNTO CASTELO BRANCO
JUAZEIRO DO NORTE;119;476;ANTONIO VIEIRA;ESCOLA PREFEITO ANTONIO CONSERVA;CONSTRUTOR JOSE SABINO SN
COREAÚ;64;116;Araquém;ARAQUÉM - CEI SANTA RITA;DISTRITO DE ARAQUÉM, COREAÚ/CE
CRATO;27;53;SÃO MIGUEL;EEEP MARIA VIOLETA ARRAES DE ALENCAR GERVAISEAU;AVENIDA TEODORICO TELES, SN
FORTALEZA;118;506;PASSARÉ;COLÉGIO LIRA COUTINHO;RUA BELOS PORTOS, 453
PARAIPABA;109;130;BOA ESPERANÇA;EMTI HUMBERTO VIEIRA PESSOA;RUA MARIA CLARICE MOREIRA, 200
ARACOIABA;67;161;LAGOA DE SAO JOAO-DISTRITO;ESCOLA MUNICIPAL RAIMUNDO CLEMENTINO DE OLIVEIRA;LAGOA DE SAO JOAO
PEDRA BRANCA;59;154;SEDE;EEIF JOAQUIM VIANA DE LIMA;SITIO ARISCO
MARACANAÚ;104;333;JEREISSATI II;EEEP GOVERNADOR LUIZ GONZAGA DA FONSECA MOTA;AVENIDA X, S/N
MARACANAÚ;104;373;JEREISSATI I;EMEIEF DEPUTADO JOSÉ MARTINS RODRIGUES;RUA QUARENTA A, 287
ITAPIPOCA;17;546;BALEIA;EEB DOM PAULO EDUARDO ANDRADE PONTES;CÓRREGO DA ESTRADA
SOBRAL;121;3;ARACATIAÇU;ETI MARIA DE LOURDES DE VASCONCELOS;RUA MONSENHOR LINHARES, S/N
TAUÁ;19;94;TRICI;ESCOLA PEDRO PIRES DAS CHAGAS;DORMIDEIRA
FORTALEZA;114;360;BARRA DO CEARÁ;EEFM ESTADO DE ALAGOAS;AVENIDA PRESIDENTE CASTELO BRANCO, 5244
MORADA NOVA;47;238;CENTRO;CEMER-COLEGIO ESTADUAL MARIA EMILIA RABELO;AV MANOEL CASTRO, 619
MORADA NOVA;47;293;SAO JOSE;EEB PROFESSORA HILDA PONCIANO DE OLIVEIRA LIMA(ESCOLA MODELO);RUA RAIMUNDO CARNEIRO GIRÃO, 872
FORTALEZA;3;129;JACARECANGA;COLÉGIO ESTADUAL LICEU DO CEARÁ;PRAÇA GUSTAVO BARROSO, 01
ITATIRA;33;200;ZONA RURAL;EMEF JOSE PEREIRA;LOCALIDADE DE BANDEIRA NOVA
INDEPENDÊNCIA;39;174;PEDRA LISA;E.E.F. MARTINIANO GONCALVES DOS SANTOS;PEDRA LISA
FORTALEZA;117;410;CANINDEZINHO;EM PADRE ANTONIO MONTEIRO DA CRUZ;RUA DE PEDESTRE XIII, 25 - JARDIM FLUMINENSE II
SOBRAL;24;691;JUNCO;EEFI JOSE DA MATA E SILVA;AV DR JOSE ARIMATEA MONTE E SILVA, 574
JUCÁS;43;37;VILA JOSÉ BENTO - SEDE;ESCOLA DE ENSINO FUNDAMENTAL  AUREA LEAL;VILA JOSE BENTO 170
FORTALEZA;112;474;SAPIRANGA-COITÉ;EM IRMA SIMAS;RUA JOSE SOBREIRA, 608
SOBRAL;24;459;ALTO DO CRISTO;EEMTI PREFEITO JOSE EUCLIDES F. GOMES JUNIOR-(ANTIGO CIRAO);AV. HUMBERTO LOPES
TRAIRI;97;170;SERRINHA;EEF PROFESSOR ELIZEU BARBOSA;ALTO SAO FRANCISCO
FORTALEZA;3;639;MEIRELES;NÁUTICO ATLÉTICO CEARENSE;AV. DA ABOLIÇÃO, 2727
FORTALEZA;3;568;ALDEOTA;COLÉGIO CHRISTUS (AV. BARÃO DE STUDART);RUA JOÃO CARVALHO, 630
VÁRZEA ALEGRE;62;83;RIACHO VERDE-SEDE DO DISTRITO;EEF JOSÉ SÉRGIO DA COSTA;RUA JOSÉ SÉRGIO DA COSTA, S/N
SOBRAL;24;76;JERÔNIMO PRADO;UNIV.EST.VALE DO ACARAÚ-UVA-NÚCLEO DE DISCIPLINAS COMPLEMENTARES;AVENIDA DA UNIVERSIDADE, S/N
JUAZEIRO DO NORTE;28;474;JUVENCIO SANTANA;EEF PREFEITO JOSE MONTEIRO DE MACEDO;RUA SAO SALVADOR, 104
FORTALEZA;83;65;DEMOCRITO ROCHA;EEFM JOAQUIM ALVES;RUA ESTADO DO RIO 955
UBAJARA;73;163;SEBASTIAO GOMES PARENTE;ESCOLA  LUIZ GONZAGA DA FONSECA MOTA;RODOVIA ESTADUAL CE 187 (RODOVIA DA CONFIANCA)
FORTALEZA;93;269;PREFEITO JOSÉ WALTER;CENTRO DE INCLUSÃO TECNOLÓGICA E SOCIAL - CITS JOSÉ WALTER;AV. K, 330, SEGUNDA ETAPA
ACARAÚ;30;42;ARANAÚ;ESCOLA MARIA CONCEICAO DE ARAUJO;RUA DR ALOISIO SN - ARANAU
ARACATI;8;321;CENTRO;CAMARA MUNICIPAL;CEL ALEXANZITO 448
CEDRO;13;497;SÃO MIGUEL;CAPELA NOSSA SENHORA DE FATIMA DO SITIO NAÇÃO;SITIO NAÇÃO
MUCAMBO;79;230;CARQUEIJO;ESCOLA JOAO SILVERIO DE AZEVEDO;DISTRITO DE CARQUEIJO
JIJOCA DE JERICOACOARA;30;256;CENTRO;ESCOLA JOSE DIONISIO DE SOUSA;RUA RAIMUNDO ALEXANDRE 330
BARBALHA;31;103;MATA DOS DUDAS;EMEIF NAZINHA GARCIA SAMPAIO (SÍTIO MATA DOS DUDAS);RUA GEANE NÓBREGA DE ARAÚJO SARAIVA, S/N  (7.27423 S, 39.31956 W)
ITAPIPOCA;17;549;BARRENTO;EEB PAULO TELES TEIXEIRA;MARITACACA
FORTALEZA;116;35;GRANJA PORTUGAL;EM REITOR ANTONIO MARTINS FILHO;RUA TEODORO DE CASTRO 1175
FORTALEZA;83;694;HENRIQUE JORGE;EEFM JOAO PAULO II;RUA PORTO ALEGRE, 75
MISSÃO VELHA;16;109;SEDE;EEF JUVENAL RODRIGUES BRANDAO;AVENIDA JOSE SOBREIRA DA CRUZ S/N, MATERNIDADE
EUSÉBIO;88;122;TAMATANDUBA;EEF IZIDIO JOSE CAMPINA;RUA IZIDIO CAMPINA, 751 TAMATANDUBA
JAGUARIBARA;72;56;CENTRO;ESPAÇO INFANTIL TIA MAMONCA;RUA CÍCERO FERNANDES, SN
SOBRAL;24;74;ALTO DA BRASÍLIA;EEFI RAUL MONTE;RUA MACEIO, S/N
ACOPIARA;60;49;VILA MOREIRAS I;EEF JOAO MOREIRA DE BARROS;RUA 21 DE ABRIL, SN
CAUCAIA;120;356;CIGANA;E.E.I.E.F DALVA PONTES DA ROCHA;RUA QUINTINO JOSE CORREIA, 465
JUAZEIRO DO NORTE;119;422;SAO JOSE;ESCOLA MARIA DE LOURDES JEREISSATI;RUA CECILIA SILVA DE SOUSA
ITAITINGA;78;298;PARQUE SANTO ANTONIO;EEF PROFESSORA LAURA DA COSTA LIMA;RUA FRANCISCO ALVES DE FRANÇA, 486
POTIRETAMA;86;65;CENTRO;ESCOLA DE 1 GRAU MARIA DE OLIVEIRA FILGUEIRA;RUA MARIA DE OLIVEIRA FILGUEIRA SN
PORANGA;40;87;SEDE;EEFM PRUDÊNCIO DE PINHO - SEDE;AV. DR. EPITÁCIO PINHO, 277, BAIRRO VILA NOVA
GENERAL SAMPAIO;50;39;CENTRO;EMEF Mª ARINDA LOBO DE MESQUITA;RUA JOSÉ SEVERINO FILHO, 209
FORTALEZA;1;500;VARJOTA;FACULDADE FARIAS BRITO - CASTRO MONTE;RUA CASTRO MONTE 1364
FORTALEZA;116;360;GRANJA LISBOA;EM DOM LUSTOSA;RUA GERALDO BARBOSA 3901
FORTALEZA;83;250;PANAMERICANO;EEFM ANISIO TEIXEIRA;RUA RIO GRANDE DO SUL 680
QUIXERÉ;29;232;SEDE;EEB MANOEL GONCALVES DE SOUSA;SITIO LEAO
MARACANAÚ;122;7;NOVO MARACANAU;EMEIEF PROFª MARIA DO SOCORRO VIANA FREITAS;RUA 10 S/N
NOVA RUSSAS;48;71;SÃO FRANCISCO;E. E. F.  ZILMAR MENDES MARTINS;RUA NAPOLEÃO MOURA, S/N
CRATO;27;151;PONTA DA SERRA;EEM JOAQUIM VALDEVINO DE BRITO;RUA MARIA RIBEIRO DE MATOS S/N
FORTALEZA;2;150;MESSEJANA;EMEIF ANGELICA GURGEL;RUA DOUTOR PERGENTINO MAIA, 375
MONSENHOR TABOSA;61;132;CENTRO;ESCOLA INDÍGENA DE MONSENHOR TABOSA;RUA SANTO ANTONIO 124
CRATO;27;228;PINTO MADEIRA;EEMTI ESTADO DA BAHIA;AVENIDA JOSÉ PINHEIRO ESMERALDO S/N
PARAIPABA;109;158;SETOR C1;EMEIF COMPLEXO ESCOLAR SETOR C1;PROJETO IRRIGADO DO CURU - SETOR C1
IGUATU;13;410;BARREIRAS;CRECHE DAS BARREIRAS DOS CONSTATINOS;BARREIRAS DOS CONSTANTINOS
BOA VIAGEM;63;121;NILO ALEGRE;EEF LUIS LIMA DA SILVA;NILO ALEGRE S/N
PENTECOSTE;50;99;CENTRO;CENTRO EDUCACIONAL JOÃO XXIII;AVENIDA TABELIÃO FRANCISCO ALVES, 344
FORTALEZA;83;706;JOÃO XXIII;CENTRO DE FORMAÇÃO E DESENV. PARA PROFISSIONAIS DA EDUCAÇÃO - FORMACE;RUA PORTO VELHO, 401
MARCO;96;158;CENTRO-SEDE;PREFEITURA MUNICIPAL DE MARCO;AV. PREF. GUIDO OSTERNO, S/N
CRUZ;30;79;ZONA RURAL;ESCOLA JOAO EVANGELISTA VASCONCELOS;CAJUEIRINHO I
BARBALHA;31;93;SÍTIO MACAÚBA;EMEIF SÃO SEBASTIÃO (SÍTIO MACAÚBA);RODOVIA CE-386, S/N - MACAÚBA (7.35275 S, 39.40355 W)
MORADA NOVA;47;255;PROJETO IRRIGADO;IGREJA EVANGELICA ASSEMBLEIA DE DEUS;SETOR 3 DO K, EXU, PROJETO IRRIGADO
MERUOCA;24;588;Camilos;EEF - JOSE BARBALHO DO NASCIMENTO;RUA JOAO BATISTA DE ARAUJO, 170 - DISTRITO CAMILOS
JUAZEIRO DO NORTE;119;32;FREI DAMIAO;ESCOLA MARIO DA SILVA BEM;RUA VEREADOR RAIMUNDO JOSÉ DA SILVA
INDEPENDÊNCIA;39;168;EMATUBA;E.E.F. JOAO RODRIGUES DAS NEVES;SAO JOSE -  EMATUBA
UMARI;15;210;CENTRO - SEDE;ESCOLA DE ENSINO MÉDIO MONSENHOR MANOEL CARLOS DE MORAIS;RUA DOM QUINTINO 289
FORTALEZA;112;11;JARDIM DAS OLIVEIRAS;COLÉGIO NOVO HORIZONTE;RUA BEIJA FLOR, 25
MARANGUAPE;4;622;PARQUE SÃO JOÃO - MARANGUAPE;EMEIEF FRANCISCO SARAIVA DE OLIVEIRA;RUA ANTONIO ALVES CAVALCANTE SN
PARACURU;109;10;CENTRO;E. E. M. HERMINIO BARROSO;CAP JOSE TELES, S/N
QUIXERAMOBIM;11;150;SAO MIGUEL;ESCOLA MARIA FRANCISCA DE LIMA;SANTA IZABEL
JARDIM;119;285;CENTRO;ESCOLA GOV. ADAUTO BEZERRA;AV WILSON RORIZ 1334
SOBRAL;24;406;JORDÃO;EEFI CORONEL JOSE LEONCIO;VILA BARACHO
BARBALHA;31;71;DISTRITO ESTRELA;EEF SEBASTIÃO SANTIAGO DA PAZ (ESTRELA);AV. JOÃO EVANGELISTA SAMPAIO, S/N (7.28266 S, 39.27629 W)
CANINDÉ;33;356;BELA VISTA;EMEF PREFEITO JOSE IVAN MAGALHAES;CONJUNTO HABITACIONAL MILTON MONTEIRO
JAGUARUANA;75;78;SAQUINHO;ASSOCIAÇÃO DOS MORADORES DO SAQUINHO;SAQUINHO
MORRINHOS;44;136;CENTRO;EEMTI CARMINHA VASCONCELOS;RUA NOSSA SENHORA DE FATIMA  309
QUIXADÁ;6;32;SÃO BERNARDO;EEF REGINA MARIA HOLANDA AMORIM;SÃO BERNARDO, S/N
JIJOCA DE JERICOACOARA;30;87;ZONA RURAL;ESCOLA ANTONIO DUTRA DE SOUSA;BAIXIO I
ORÓS;15;275;PEDREGULHO - SITIO;POSTO DE SAÚDE FRANCISCO COSMO RODRIGUES;SÍTIO PEDREGULHO
MILAGRES;26;48;SITIO SERRA BRAVA;ESCOLA MARIA DOS ANJOS DO ESPIRITO SANTO;SITIO SERRA BRAVA
FORTALEZA;80;216;ALTO DA BALANÇA;EM PROFESSORA EDITH BRAGA;RUA CAPITAO VASCONCELOS 1061
NOVO ORIENTE;99;136;ZONA RURAL;EEF FRANCISCO SEVERIANO DE SOUSA;DISTRITO SANTA MARIA
ICAPUÍ;8;132;CENTRO;EEF. PROFESSORA MIZINHA;AV. 22 DE JANEIRO 5183
FORTALEZA;94;519;QUINTINO CUNHA;INSTITUTO PEDAGÓGICO MIRASSOL;RUA FRANCISQUINHA PORTELA, 2904
BREJO SANTO;70;6;CENTRO-SEDE;CENTRO VOCACIONAL TECNOLÓGICO - CVT;RUA MANOEL ANTONIO CABRAL, S/N
IBARETAMA;6;83;DISTRITO DE NOVA VIDA;EMEIF LUÍS CORREIA LIMA;SAO FRANCISCO - DISTRITO DE NOVA VIDA
MARANGUAPE;4;66;SERRA DO LAGEDO - ANTÔNIO MARQUES;EMEIEF IMACULADA CONCEIÇÃO;VILA ANTÔNIO MARQUES, 16
ITAPAJÉ;41;218;ESMERINO GOMES;ESCOLA MUNICIPAL PREF ROQUE SILVA MOTA;RUA OTAVIO PINTO DE MESQUITA
CAUCAIA;37;552;TABAPUÁ;E.E.I.E.F. ROBERTO JOSÉ BASTOS MACAMBIRA;RUA 7, S/N - TABAPUÁ
CARIÚS;43;159;VILA NOVA-SEDE;EEIF MARIA ALCIDES;RUA JUCIER CHAVES S/N
UBAJARA;73;88;DISTRITO JABURUNA;ESCOLA LUIZ RIBEIRO DA SILVA;DISTRITO JABURUNA
FORTALEZA;95;198;PEDRAS;EM TRISTÃO DE ALENCAR;RUA JOSE NOGUEIRA, 69
FORTIM;8;269;JARDIM;EEFTI. JOSE ALEXANDRE;POVOADO DE JARDIM
IBARETAMA;6;131;DISTRITO DE NOVA VIDA;EMEIF PEDRO ALEXANDRE VALENTIM;DISTRITO DE NOVA VIDA
FORTALEZA;80;264;AEROPORTO;COLÉGIO JENNY GOMES;AV. BORGES DE MELO, 210
MARANGUAPE;4;559;PARQUE SÃO JOÃO - MARANGUAPE;EMEIEF FRANCISCO SARAIVA DE OLIVEIRA;RUA ANTONIO ALVES CAVALCANTE SN
FORTALEZA;113;213;RODOLFO TEÓFILO;COLÉGIO DEOCLÉCIO FERRO;RUA MINERVINO DE CASTRO, 987
PACAJUS;49;27;CENTRO;INSTITUTO EDUCACIONAL ESSÊNCIA;RUA MAMEDE NOGUEIRA, 814
MOMBAÇA;46;43;CENTRO;E. E. F. M. ANANIAS DO AMARAL VIEIRA;RUA CORONEL JOSÉ ADERALDO SN
TRAIRI;97;17;CENTRO;EEB RAIMUNDO NONATO RIBEIRO;RUA RAIMUNDO NONATO RIBEIRO
PARAMBU;19;280;CENTRO;CEI - CENTRO DE EDUCAÇÃO INFANTIL;RUA JUSCELINO KUBISHEK
FORTALEZA;118;567;BOA VISTA-CASTELÃO;EEFM PROFESSORA MARIA GONCALVES;RUA N S DO MONTE CARMELO S/N
FORTALEZA;118;583;DIAS MACEDO;EEFM ANTÔNIO DIAS MACEDO;AV PEDRO DANTAS 340
FORTALEZA;113;316;PARQUELÂNDIA;EEFM SANTO AFONSO;RUA GAL. BERNARDO FIGUEIREDO, 2670
BARBALHA;31;70;SÍTIO LAGOA;EMEIF SANTA LUZIA (SÍTIO LAGOA);SITIO LAGOA, S/N (7.27846 S, 39.29025 W)
JUAZEIRO DO NORTE;119;262;FREI DAMIAO;ESCOLA MARIO DA SILVA BEM;RUA VEREADOR RAIMUNDO JOSÉ DA SILVA
BARROQUINHA;108;74;CENTRO;EEF FRANCISCO BENÍCIO DE VASCONCELOS;AV. MARIA DIAMANTINA VERAS S/N
FORTALEZA;83;782;PICI;ESCOLA MUNICIPAL ADROALDO TEIXEIRA CASTELO;RUA ALAGOAS 2267
MAURITI;76;157;BELA VISTA;E.E. PROFISSIONALIZANTE PE. JOÃO BOSCO DE LIMA;RUA 03, S/N
FORTALEZA;85;137;CONJUNTO CEARÁ I;COLÉGIO LUÍZA TÁVORA;RUA 1050, N 171, 4 ETAPA
FORTALEZA;112;450;EDSON QUEIROZ;UNIVERSIDADE DE FORTALEZA - UNIFOR;AVENIDA WASHINGTON SOARES, 1321
IBIAPINA;73;28;DISTRITO DE BETÂNIA;ESCOLA MARIA MATIAS;DISTRITO DE BETÂNIA
JUCÁS;43;80;POÇO GRANDE - VILA;ESCOLA DE 1 GRAU CAMILO MANOEL DA SILVA;VILA DO POÇO GRANDE
FORTALEZA;85;173;ANTÔNIO BEZERRA;INSTITUTO EDUCACIONAL JOSE DE ALENCAR;RUA HUGO VITOR 730
CAUCAIA;37;18;GRILO;EEIEF NAIR MAGALHÃES GUERRA;RUA JOAQUIM BENTO CAVALCANTE, 500
FORTALEZA;116;429;BONSUCESSO;EEF SAO JOSE DO PICI DAS PEDREIRAS;RUA MANUEL ANTONIO LEITE 250
ACARAÚ;30;70;ZONA RURAL;ESCOLA RAIMUNDO ROSA DO NASCIMENTO;PEDRINHAS
GRANJA;25;108;PARAZINHO;E.E.F. ELIEZER ARRUDA;RUA JOSE MARTINS, S/N
ITAPIÚNA;105;131;DISTRITO DE CAIO PRADO;EEIEF CENTRO COMUNITARIO CÉSAR CALS;AV MANOEL FRANCELINO S/N
BEBERIBE;84;15;SERRA DO FELIX;ESCOLA MUNICIPAL BENEDITO EVARISTO PINHEIRO;AV ESTER FERNANDES 72 - CENTRO
PINDORETAMA;7;126;CAPIM DE ROÇA;EMEB JOAQUIM NUNES VIEIRA;RUA JOAQUIM NUNES VIEIRA, 445
AQUIRAZ;66;186;CAMARA;ESCOLA FCO NAILTON CAVALCANTE DE LIMA(MANOEL SENHOR DE MELO FILHO);LOTEAMENTO LEQUICE
FORTALEZA;112;575;PARQUE MANIBURA;COLÉGIO ÁGAPE;AV HERMINIO DE CASTRO, 140
QUIXADÁ;6;265;PLANALTO UNIVERSITÁRIO;FECLESC;RUA JOSÉ DE QUEIROZ PESSOA, 2554
MILAGRES;26;123;SITIO JUNCO;ASSOCIAÇÃO COMUNITÁRIA DO JUNCO;SITIO JUNCO
FORTALEZA;80;180;FÁTIMA;CENTRO EDUC. DA JUV. PE. JOÃO PIAMARTA - AGUANAMBI;AV. AGUANAMBI, 2479
FORTALEZA;80;353;JOAQUIM TÁVORA;COLÉGIO SALESIANO DOM BOSCO;AV ANTONIO SALES 116
CANINDÉ;33;32;CAMPINAS;CENTRO DE EDUCAÇÃO INFANTIL ZILDA HOLANDA;CAMPINAS
LIMOEIRO DO NORTE;29;182;ÁREA RURAL;POSTO DE SAÚDE COMUNITÁRIO ISAIAS ROZENO DA COSTA;SITIO JUREMA
BARBALHA;31;63;CENTRO;COLÉGIO DOM BOSCO OBJETIVO (CENTRO);RUA ADÃO APOLINÁRIO, S/N
CAMOCIM;32;9;BOA ESPERANCA;COLEGIO MONSENHOR JOSE AUGUSTO;RUA 3 DE OUTUBRO S/N
TRAIRI;97;63;AGUA BOA;EEF MANOEL VIEIRA;AGUA BOA
ITAPAJÉ;41;121;PITOMBEIRA;ESCOLA MUNICIPAL ZECA PARAIBA;VILA PITOMBEIRA
TAUÁ;19;205;MARRECAS;E.E.I. FRANCISCA BEZINHA DE ARAÚJO;BAIXA VERDE
PARACURU;109;12;CENTRO;E. E. M. HERMINIO BARROSO;CAP JOSE TELES, S/N
FORTALEZA;83;322;DEMOCRITO ROCHA;ESCOLA MUNICIPAL JOSÉ BONIFÁCIO DE SOUSA;RUA PERNAMBUCO 600
FORTALEZA;83;90;HENRIQUE JORGE;EEM  MARIANO MARTINS;AVENIDA SENADOR FERNANDES TÁVORA 1445
CARIDADE;111;93;ZONA RURAL;POSTO DE SAÚDE DE PEREIROS;LOCALIDADE DE PEREIROS
SANTANA DO CARIRI;53;67;ARAPORANGA;ANEXO DA ESCOLA PAULO RODRIGUES DUARTE;DISTRITO DE ARAPORANGA, SN
FORTALEZA;118;124;PASSARÉ;COLÉGIO LIRA COUTINHO;RUA BELOS PORTOS, 453
FORTALEZA;117;165;BOM JARDIM;EEFM JULIA ALVES PESSOA;RUA SÃO FRANCISCO SN
TIANGUÁ;81;61;SEMINÁRIO;FACULDADE VIA SAPIENS;AVENIDA PREFEITO JACQUES NUNES, 1739
BARREIRA;52;53;CENTRO;ESCOLA FRANCISCA AMÉLIA DA SILVA;AV MÃE SINFOROSA, SN
FORTALEZA;113;126;CENTRO;EEFM FREI LAURO SCHWARTE;RUA ANTÔNIO POMPEU, 2005
LIMOEIRO DO NORTE;29;116;ÁREA RURAL;ASSOCIAÇÃO NOSSA SENHORA DE FÁTIMA;SITIO MORROS
AMONTADA;89;144;MOSQUITO;EEBTI PROF VALTER RIBEIRO DE MELO;MOSQUITO
MARACANAÚ;104;410;PAJUÇARA;EMEIEF PREFEITO ALMIR FREITAS DUTRA;RUA ELÍFIO MEDEIROS DA CUNHA, 531
ARARIPE;68;12;SITIO ALIVIO;ASSOCIAÇÃO COMUNITÁRIA SÃO JOSÉ DO SÍTIO ALÍVIO;SITIO ALIVIO
GRANJA;25;124;PARAZINHO;E.E.F. ESMERINO ARRUDA FILHO;RUA JOSE MARTINS, S/N
ACARAÚ;30;279;ZONA RURAL;ESCOLA JOAO DOMINGUES DE SOUSA;ALMECEGAS
MARANGUAPE;4;554;PARQUE IRACEMA - MARANGUAPE;COLÉGIO SÃO JOSÉ;RUA SÃO JOSÉ, S/N
ACARAPE;52;20;CANTAGALO;ESCOLA ANACLETO CARLOS CAVALCANTE;CANTAGALO
CAMOCIM;32;58;BOA ESPERANCA;ESCOLA MUNICIPAL DE 1 GRAU FCO OTONI COELHO;RUA BANDEIRANTES 646
QUIXERAMOBIM;11;299;CONJUNTO ESPERANCA;ESCOLA DONA MUNDOCA;RUA ANTONIO PEDRO SANTIAGO
FORTALEZA;113;382;PARQUELÂNDIA;CRECHE ESPACO E VIDA;RUA PEDRO DE QUEIROZ, 532
FORTALEZA;112;274;JARDIM DAS OLIVEIRAS;EEMTI MIRIAN PORTO MOTA;RUA DAS CASTANHOLAS, S/N
MASSAPÊ;45;143;ZONA RURAL;EEF FRANCISCA DIOGO GOMES;DISTRITO DE SALGADINHO
FORTALEZA;115;166;MONTESE;EEMTI JOAO MATTOS;RUA ALMIRANTE RUBIM, 1014
FORTALEZA;94;901;PADRE ANDRADE;EEMTI MONSENHOR DOURADO;AVENIDA SARGENTO HERMÍNIO SAMPAIO 4600
SÃO BENEDITO;22;207;SITIO CARNAUBA;ASSOCIACAO COMUNITARIA CARNAUBA 1;SITIO CARNAUBA I
FORTALEZA;112;181;CIDADE DOS FUNCIONÁRIOS;IGREJA DA GLÓRIA;AV OLIVEIRA PAIVA, 905
TRAIRI;97;40;PURAO;EEF JONAS HENRIQUE DE AZEVEDO;PURAO
SANTANA DO ACARAÚ;44;44;CENTRO;COLÉGIO SANTANENSE;RUA DR MANOEL JOAQUIM 1019
JAGUARIBE;10;67;DISTRITO DE MAPUÁ;E.E.I.E.F. MARIA ÁUREA MENEZES GOMES GONÇALVES;RUA PROJETADA, S/N - DISTRITO DE MAPUÁ
SABOEIRO;43;252;SAO FRANCISCO;E.E.M. LIDIA BEZERRA;RUA MARIA TEREZINHA SANTOS S/N
JUAZEIRO DO NORTE;28;210;SAO MIGUEL;COLÉGIO OBJETIVO;RUA DOUTOR FLORO, 776
JUAZEIRO DO NORTE;28;448;PEDRINHAS;EMEF PROFA. DORALICE DE FIGUEIREDO ROCHA;RUA JOAQUIM LEANDRO DE SOUSA
MOMBAÇA;46;158;CENTRO;CENTRO PASTORAL DOM JOSÉ DOTH;RUA CAPITÃO ROCHA ANDRADE, S/N
PEDRA BRANCA;59;58;TROIA;ESCOLA DE ENSINO FUNDAMENTAL VICENTE ANSELMO;SITIO CURIU
TAUÁ;19;201;BEZERRA E SOUZA;CENTRO DE EDUCAÇÃO, CIÊNCIAS E TECNOLOGIA - CECITEC;RUA SOLON MEDEIROS, S/N - BR 020
JARDIM;119;306;SERRA BOCA DA MATA;ESCOLA  ANTONIO DE SA RORIZ;SERRA BOCA DA MATA S/N
TIANGUÁ;81;94;CENTRO;CEJA DONA ESTRELA;RUA CAPITÃO JOAQUIM LOURENÇO, S/N
CARIRIAÇU;71;111;MIRAGEM;POSTO DE SAÚDE MARIANO PEREIRA DA CUNHA;SITIO CACIMBAS
TRAIRI;97;51;CANAA;GE PADRE RODOLFO FERREIRA DA CUNHA;CANAA
SOLONÓPOLE;55;9;CENTRO;E.E.I.E.F. BOM JESUS;AV PREF. JOSE SIFREDO PINHEIRO S/N
BELA CRUZ;96;62;BOM FUTURO;EMETI FRANCISCO SALES DE SOUSA;BOM FUTURO
QUIXELÔ;13;328;ÁREA RURAL DE QUIXELÔ;ESCOLA DE ENS FUND JORGE ESTEVAO BORGES;BANDEIRA-SITIO
QUITERIANÓPOLIS;99;83;SANTA CLARA;EEM MARIA JOSÉ COUTINHO;QUITERIANÓPOLIS- CE 075
IPUEIRAS;40;34;SÃO JOSÉ DE LONTRAS;EEIEF GONÇALO BEZERRA CHAVES - SÃO JOSÉ DE LONTRAS;SÃO JOSÉ DE LONTRAS
FORTALEZA;116;486;BOM JARDIM;EM RAIMUNDO MOREIRA SENA;RUA G, 93, CJ. NOVA RESIDENCIA
CAUCAIA;37;53;PARQUE SOLEDADE;COLEGIO JANUSA CORREA;RUA NOSSA SENHORA DOS PRAZERES, 238
FORTALEZA;116;204;GRANJA LISBOA;EM RACHEL VIANA MARTINS;RUA TUCUNDUBA 2703
GRANJA;25;235;SÃO PEDRO;E.E.F. ARZILIA MOTA;RUA PARAIBA, S/N
PENTECOSTE;50;126;ZONA RURAL;EEIF JOSÉ GOMES DA SILVA;CASA DE PEDRA
MARANGUAPE;4;565;PENEDO;EMEIEF CARLOS PEREIRA DE SOUSA;RUA JOSÉ MENEZES, S/N
FORTALEZA;112;445;EDSON QUEIROZ;UNIVERSIDADE DE FORTALEZA - UNIFOR;AVENIDA WASHINGTON SOARES, 1321
MARACANAÚ;104;364;PAJUÇARA;EMEIEF PROF PAULO FREIRE;RUA PAULO BATISTA 660
ACARAÚ;30;25;ZONA RURAL;ESCOLA CAROLINO LOPES ARAUJO;CELSOLANDIA
SOBRAL;121;163;CENTRO;ESCOLA OSMAR DE SA PONTE;RUA PINTOR LEMOS, S/N
JAGUARIBE;10;75;COHAB;EEEP POETA SINÓ PINHEIRO (LICEU);AV D, S/N
CAUCAIA;37;469;GRILO;E.E.I.E.F. MARIA DAS DORES LIMA;RUA JOSE EMILIO DA ROCHA, 852 - PQ MALOUBER
FORTALEZA;112;471;SAPIRANGA-COITÉ;EM IRMA SIMAS;RUA JOSE SOBREIRA, 608
PACATUBA;57;246;SAO JOSE;CENTRO COMUNITÁRIO;RUA CAPITÃO MANUEL PONTES DE MEDEIROS, PARQUE ARATANHA
CAUCAIA;37;314;MATOES;E.E.I.E.F. PAULO FERREIRA DA ROCHA;RUA BOA ESPERANÇA, S/N
IBIAPINA;73;200;SÍTIO SANTA TERESA;ESCOLA DOM BOSCO;SITIO SANTA TERESA
IPAUMIRIM;92;132;CENTRO-SEDE;CENTRO DE EDUCAÇÃO INFANTIL POETA ALBERTO ALEXANDRE VIANA DE MOURA;AVENIDA ARGEMIRO FELIZARDO VIEIRA
MARANGUAPE;4;428;CENTRO - MARANGUAPE;CASA DE CULTURA CAPISTRANO DE ABREU (FITEC);RUA MAJOR AGOSTINHO, 306
BARRO;92;18;TRAJANO NOGUEIRA-SEDE;ESCOLA MUNICIPAL DE ENSINO FUNDAMENTAL GILBERTO LEITE DE AQUINO;RUA TRAJANO NOGUEIRA SN
TAMBORIL;61;98;DISTRITO DE AÇUDINHO;EMEIF MANOEL FERREIRA DE SOUSA;ASSENTAMENTO SÃO MANOEL
FORTALEZA;117;259;SIQUEIRA;CEI FRANCISCA DE ABREU LIMA;RUA C -  ESQUINA COM A RUA LUIZ MONTENEGRO, S/N
SÃO BENEDITO;22;120;SITIO INHARE;GRUPO SALUSTIANO RODRIGUES DE MELO;SITIO INHARE
FORTALEZA;112;320;CIDADE DOS FUNCIONÁRIOS;COLÉGIO DÁULIA BRINGEL;RUA TRAJANO ALVES DE AGUIAR, 55
PARAMBU;19;330;BRASILIA;ESCOLA JOAO DE SOUSA LEMOS;AVENIDA LUIS GONZAGA FREIRE - BRASÍLIA
CAUCAIA;37;187;CARAÚBAS;E.E.F. ESTEVAO FERREIRA DA ROCHA;POVOADO DAS CARAÚBAS
LIMOEIRO DO NORTE;29;25;SAO RAIMUNDO;UBS MARIA DE LOURDES FREITAS COSTA;SITIO SAO RAIMUNDO
ALCÂNTARAS;24;634;ROSÁPOLES;EEFI JOSE NAPOLEAO XIMENES;POVOADO DE ROSAPOLES
MARACANAÚ;122;195;ALTO ALEGRE I;EMEF PROFESSORA MARIA DE LOURDES DA SILVA;RUA 14 N 800 QUADRA 236
FORTALEZA;115;101;PARANGABA;EMTI CAROLINO SUCUPIRA;RUA MUNDICA PAULA, 670
FORTALEZA;83;657;DOM LUSTOSA;EEFM JOSÉ WALDEMAR DE ALCÂNTARA E SILVA;RUA MACEIÓ, 627
FORTALEZA;95;306;CONJUNTO PALMEIRAS;CEI CESAR CALS DE OLIVEIRA NETO;RUA CAMPINENSE, 54
TRAIRI;97;99;MUNDAU;EEF SATURNINO LOPES DO PRADO;RUA VILA MARIANO S/N
FORTALEZA;112;358;ENGENHEIRO LUCIANO CAVALCANTE;COLEGIO GLOBOMAX;RUA GENERAL CAIADO DE CASTRO, 156
TIANGUÁ;81;138;ÁREA RURAL DE TIANGUÁ;MINI POSTO ITAPERACIMA;SÍTIO ITAPERACIMA
ITAPIÚNA;105;113;CENTRO;ANEXO EEF DEMOCRITO ROCHA;RUA SAO FRANCISCO
PACAJUS;49;40;CENTRO;EEFM PADRE CORIOLANO (REUNIDA);RUA TENENTE JOAQUIM NOGUEIRA 51
IPU;21;155;MARRUAS DOS PAIVAS;EEF DUQUE DE CAXIAS;MARRUAS DOS PAIVAS
FORTALEZA;83;29;BELA VISTA;ESCOLA MUNICIPAL DE TEMPO INTEGRAL PROFESSOR JOSE JULIO DA PONTE;RUA MARIO DE ANDRADE, S/N
ITAPAJÉ;41;119;SANTA CRUZ;ESCOLA MUNICIPAL JULIO PINHEIRO BASTOS;AV DR PRAXEDES BASTOS SN
TABULEIRO DO NORTE;91;39;CENTRO;EMEF NOSSA SENHORA DE FÁTIMA;RUA JOÃO FERREIRA BRAÚNA, 191
FORQUILHA;121;207;CENTRO;ESCOLA DE CIDADANIA MOESIO LOIOLA MELO JUNIOR(MODELO);AVENIDA GRANDE ORIENTE DO BRASIL SN
TIANGUÁ;81;37;LAURÃO;UNINTA - FACULDADE TIANGUÁ;RUA CONSELHEIRO JOÃO LOURENÇO, 406 - LAURÃO
GUARAMIRANGA;5;241;CENTRO-SEDE;EMEF PROFESSOR JULIO HOLANDA;RUA CEL FRANCISCO DE MATOS BRITO S/N
FORTALEZA;95;202;PEDRAS;EM TRISTÃO DE ALENCAR;RUA JOSE NOGUEIRA, 69
NOVA OLINDA;53;25;TRIUNFO;EMEF REUNIDAS SANTO EXPEDITO;RUA SANTA LUZIA, SN
FORTALEZA;116;484;GRANJA LISBOA;EM JOAO MENDES DE ANDRADE;RUA B (CJ PALMARES), 1366
QUITERIANÓPOLIS;99;94;ZONA RURAL;EEIF JOSÉ DOMINGOS DA SILVA;BEZOURO
SALITRE;38;97;CENTRO;E. E. F. FRANCISCO VITURINO DE LUNA - SEDE;RUA SÃO PEDRO, 237
FORTALEZA;95;90;BARROSO;EEFM PADRE MARCELINO CHAMPAGNAT;RUA DAURA, 120
FORTALEZA;113;57;JOSÉ BONIFÁCIO;COLÉGIO FARIAS BRITO;RUA SENADOR POMPEU, 2607
GRANJA;25;148;SÃO PEDRO;E.E.F. ARZILIA MOTA;RUA PARAIBA, S/N
CANINDÉ;33;492;ZONA RURAL;E.M.E.F. ARMANDO FALCÃO;SÃO BERNARDO
FORTALEZA;95;252;BARROSO;EMEIEF OTAVIO DE FARIAS;RUA JOAO FERREIRA, S/N
MADALENA;63;211;TIGRE DOS CARNEIROS;EEF DAMIAO CARNEIRO;TIGRE DOS CARNEIROS
ICÓ;15;86;CENTRO - SEDE;CENTRO SOCIAL URBANO NICIA MARCILIO;RUA FRANCISCO MACIEL S/N
JIJOCA DE JERICOACOARA;30;97;CENTRO;ESCOLA JOSE TEIXEIRA DE ALBUQUERQUE;RUA MARCAL DE SOUSA 851
TAUÁ;19;50;TAUAZINHO;EEM MARIA DAS DORES CIDRÃO ALEXANDRINO;AV CEL VICENTE ALEXANDRINO DE SOUSA 04
PARACURU;109;214;RIACHO DOCE;E. M. E. F. RIACHO DOCE;RUA JOSÉ LOPES MEIRELES S/N
FORTALEZA;95;192;JANGURUSSU;EMEIF JORNALISTA JOSÉ BLANCHARD GIRÃO DA SILVA;TRAVESSA MISSIONÁRIO OLIVEIRA,301
FORTALEZA;113;45;JOSÉ BONIFÁCIO;COLÉGIO FARIAS BRITO PRÉ - VESTIBULAR;AV. BARÃO DO RIO BRANCO, 2424
CARIRÉ;65;2;CENTRO;SECRETARIA  DE EDUCACAO DE CARIRÉ;RUA BELARMINA RODRIGUES S/N
JUAZEIRO DO NORTE;28;274;SAO MIGUEL;SENAC SÃO MIGUEL;RUA SAO LUIZ 701
ALTO SANTO;86;22;CABRITO;ESCOLA DE 1 GRAU VIRGILIO TAVORA;SITIO CABRITO
TRAIRI;97;32;CAMPESTRE;EEF JOVENINA MOREIRA DE OLIVEIRA;CAMPESTRE
FORTALEZA;113;3;BENFICA;FACULDADE DE ARQUITETURA E URBANISMO DA UFC;AV. DA UNIVERSIDADE, 2890
QUIXADÁ;6;118;DOM MAURICIO;EEF ANTÔNIO MARTINS DE ALMEIDA;RUA PADRE JOSÉ DA SILVA, 36
JAGUARUANA;75;29;FIGUEIREDO DO EPIFANIO;E.E.F. JOAQUIM VENANCIO;FIGUEIREDO
FORTALEZA;82;604;ÁLVARO WEYNE;ESCOLA MUNICIPAL PATATIVA DO ASSARÉ;RUA FREI TEOBALDO,646
MASSAPÊ;45;81;ALTO DA CADEIA;EM MARIA LAURA SOARES FROTA;RUA CORIOLANO GOMES FROTA SN
OCARA;67;224;SERENO DE CIMA-DISTRITO;ESCOLA MUNICIPAL PEDRO BENTO MARTINS - ENSINO FUNDAMENTAL;ARISCO GRANDE
ICÓ;15;148;VARZINHA - SITIO;ESCOLA MUNICIPAL PADRE JOÃO BANDEIRA ACIOLI;SITIO VARZINHA S/N
PARACURU;109;34;CENTRO;E. E. M. HERMINIO BARROSO;CAP JOSE TELES, S/N
MARACANAÚ;104;46;TIMBÓ;EEMTI ADAHIL BARRETO CAVALCANTE;AVENIDA VEREADOR EDMILSON MARQUES, S/N
MARACANAÚ;104;354;JEREISSATI II;EMEIEF RACHEL DE QUEIROZ;AVENIDA XII, 758
JUAZEIRO DO NORTE;28;483;AREA RURAL DE JUAZEIRO DO NORTE;EMEIF JOSE SABIA;SITIO SABIA
JUAZEIRO DO NORTE;28;31;SALGADINHO;EEMTI ALAÍDE SILVA SANTOS;RUA JOSE CAETANO DO SALGADINHO
VIÇOSA DO CEARÁ;35;189;SITIO ASSEMIM;E.E.I.F FRANCISCO ROQUE DE ALMEIDA;SITIO ASSEMIM
FORTALEZA;115;211;SERRINHA;PROJETO ABC DA SERRINHA;RUA CONEGO LIMA SUCUPIRA, 1.487
FORTALEZA;115;191;PARANGABA;EEMTI MARIA THOMÁSIA;RUA POLONIA, 369
SALITRE;38;131;ZONA RURAL, SALITRE/CE;E.E.F.T.I. - FRANCISCO CLEMENTINO DE ALENCAR - SERRA DO FRANSCOR;SERRA DO FRANSCOR
FORTALEZA;85;112;CONJUNTO CEARÁ I;CEJA ADELINO DE ALCANTARA FILHO - UV-6;RUA SEISCENTOS E DOZE, 100, 1A ETAPA
FORTALEZA;82;567;ÁLVARO WEYNE;ESCOLA MUNICIPAL PATATIVA DO ASSARÉ;RUA FREI TEOBALDO,646
PARAMBU;19;331;COCOCI;ESCOLA EUFRÁSIO ALVES FEITOSA;COCOCI
SÃO BENEDITO;22;40;CENTRO-SEDE;EEMF SÃO BENEDITO;R MINISTRO ANTONIO COELHO 962
CAUCAIA;37;433;TABUBA;E.E.F. RAIMUNDA NONATA FORTE SALES;RUA NOSSA SENHORA DO PERPETUO SOCORRO, S/N
AMONTADA;89;151;FLORES;EEBTI RAIMUNDO URO DE MENESES;RUA JOAQUIM FELIX RIBEIRO
NOVO ORIENTE;99;164;ZONA RURAL;UBS - ANTONIO ALVES DE MOURA;SUSSUARANA
ITAPIPOCA;17;23;CRUZEIRO;EEFMI CORONEL MURILO SERPA;RUA ANASTACIO BARROSO VALENTE 318
IBICUITINGA;47;243;BARBADA;EEB JOÃO PERBOYRE TEÓFILO GIRÃO;BARBADA DOIS
ITAITINGA;78;314;PARQUE GENEZARÉ;EEF ELIAS DE SOUSA;RUA JOSE RODRIGUES PEREIRA, 137
TRAIRI;97;160;CENTRO;ESCOLA DE 1 E 2 GRAU JONAS HENRIQUE DE AZEVEDO;AV CELSO BARROSO
BOA VIAGEM;63;137;AGUAS BELAS;EEF MANOEL JOAO DA SILVA;RUA JOAO SOARES LIMA S/N
AURORA;69;25;ARACA-SEDE;E.E.F.P. LEOPOLDINA GONÇALVES QUEZADO;RUA MARICA LEITE,285
ALCÂNTARAS;24;515;BELA VISTA;EEF INOCÊNCIA ALCÂNTARA FREIRE;RUA MONSENHOR FURTADO SN
BOA VIAGEM;63;35;DOMINGOS DA COSTA;EEF DAVID VIEIRA CARNEIRO;R. SABINO PEREIRA, S/N - ZONA RURAL
FORTALEZA;2;716;COAÇU;EEFM GOV LUIZ DE GONZAGA FONSECA MOTA;RUA SANTA ROSA, 407
EUSÉBIO;88;218;JABUTI;EEM PROF. FRANCISCA LINHARES DE SOUSA;R. EDUARDO SÁ, S/N
FORTALEZA;3;419;ALDEOTA;UNICHRISTUS ALDEOTA;RUA VISCONDE DE MAUÁ, 1940
FORTALEZA;1;86;VARJOTA;FACULDADE FARIAS BRITO - CASTRO MONTE;RUA CASTRO MONTE 1364
QUIXADÁ;6;39;CIPÓ DOS ANJOS;ASSOCIAÇÃO BOMFIM E LAGOA DO MEIO;CIPÓ DOS ANJOS/ ASSENTAMENTO BOMFIM
VÁRZEA ALEGRE;62;98;RIACHINHO;CRECHE ANTONIO PEDRO DA SILVA;RUA LIDIO DUARTE, 291
MISSÃO VELHA;16;118;ZONA RURAL;EEF SEBASTIAO PEDRO DE ARAUJO;DISTRITO DO QUIMAMI
LAVRAS DA MANGABEIRA;14;80;OURO BRANCO- DISTRITO;GRUPO ESCOLAR ROMANA RICARTE;RUA MIGUEL BISPO 114
MARTINÓPOLE;25;69;CENTRO;E.E.F. PADRE JOSÉ ROBERTO (GINÁSIO);RUA JOAO BATISTA, 221
FORTALEZA;118;631;PASSARÉ;EM PAULO SERGIO DE SOUSA LIRA;RUA ITABORAÍ, 264
QUIXADÁ;6;464;CENTRO;CÂMARA DE DIRIGENTES LOJISTAS - CDL;RUA JOSE JUCA, 551
QUIXADÁ;6;469;CENTRO;CENTRO UNIVERSITÁRIO CATÓLICA DE QUIXADÁ - UNICATÓLICA;AVENIDA PLÁCIDO CASTELO, S/N
JIJOCA DE JERICOACOARA;30;420;CENTRO;CRECHE COMUNITÁRIA SANTA LUZIA;RUA MANOEL MARQUES - 1181
EUSÉBIO;88;165;PARQUE HAWAÍ;EEF MIRIAN ABREU;RUA C, S/N - PARQUE HAVAI
BARREIRA;52;86;CAJUEIRO;ESCOLA FRANCISCO RAMOS DE ALBUQUERQUE (PRÉDIO NOVO);CAJUEIRO
CAMOCIM;32;258;BOA ESPERANCA;COLEGIO MONSENHOR JOSE AUGUSTO;RUA 3 DE OUTUBRO S/N
CAMPOS SALES;38;110;B. APARECIDA;E.E.F.T.I. - PADRE AZARIAS SOBREIRA - SEDE;RUA JOSÉ PINTO DA SILVA, S/N
ANTONINA DO NORTE;18;118;CENTRO;CRECHE RAIMUNDA ALVES DE SOUZA;RUA VIRGILIO TAVORA, 115
CEDRO;13;535;CENTRO;COLEGIO ESTADUAL CELSO ARAUJO;RUA ZE PAJE, 241
JUAZEIRO DO NORTE;119;196;ANTONIO VIEIRA;ESCOLA PREFEITO ANTONIO CONSERVA;CONSTRUTOR JOSE SABINO SN
GROAÍRAS;65;118;CAPITAO JOSE LINHARES;EEF NOSSA SENHORA DO ROSARIO;RUA 23 DE MAIO, 1065
CRATO;27;326;GISÉLIA PINHEIRO;EEMTI JUVÊNCIO BARRETO;RUA JUVÊNCIO BARRETO S/N
CAMPOS SALES;38;144;ZONA RURAL;E.E.I.F LINO MÁXIMO FEITOSA - (MARAVILHA) - DISTRITO DE QUIXARIÚ;SÍTIO MARAVILHA
SOLONÓPOLE;55;136;CENTRO;EEIEF JOSÉ OSTER MACHADO;RUA RAIMUNDA ARINA CAVALCANTE PINHEIRO
FORTALEZA;112;515;PARQUE MANIBURA;COLÉGIO ÁGAPE;AV HERMINIO DE CASTRO, 140
TABULEIRO DO NORTE;91;16;CENTRO;ESCOLA  ANTÔNIO ALVES MAIA;RUA CEL. PIO GADELHA, 4683
HORIZONTE;78;176;MANGUEIRAL;CEI - ADÍLIA FERREIRA LIMA;RUA ALEXANDRE JOCA, 572 - MANGUEIRAL
JAGUARETAMA;72;73;SÍTIO NOVO;UNIDADE BÁSICA DE SAÚDE MARIA LUZANDIRA PINHEIRO DE BRITO;SÍTIO NOVO
CAUCAIA;123;426;NOVA METRÓPOLE (JUREMA);E.E.F.M. ROMEU DE CASTRO MENEZES;AV. A, S/N - NOVA METRÓPOLE
CAUCAIA;123;494;MARECHAL RONDON (JUREMA);E.E.I.E.F. RAIMUNDO JERÔNIMO DE SOUSA;RUA JÚLIO ROCHA, 220 - KM 14/JUREMA
TEJUÇUOCA;41;193;JARDIM CAXITORE;ESCOLA EF E TEMPO INTEGRAL JOAQUINA RODRIGUES DA MOTA;JARDIM CAXITORE
CAUCAIA;123;387;PARQUE ALBANO (JUREMA);E.E.I.E.F. DOM ANTÔNIO DE ALMEIDA LUSTOSA;RUA PERY, 951
QUIXELÔ;13;160;ÁREA RURAL DE QUIXELÔ;ESCOLA DE ENS FUND VALDO LOPES;TAPUIO-SITIO
CRATO;27;231;PONTA DA SERRA;EEM JOAQUIM VALDEVINO DE BRITO;RUA MARIA RIBEIRO DE MATOS S/N
CAUCAIA;123;571;PARQUE GUADALAJARA (JUREMA);CEI JOSÉ ALDERI PEDROSA;RUA PADRE ALFREDO NESI, 950
FORTALEZA;114;257;BARRA DO CEARÁ;EEFM ESTADO DE ALAGOAS;AVENIDA PRESIDENTE CASTELO BRANCO, 5244
CAUCAIA;120;434;PLANALTO CAUCAIA;E.E.I.E.F. ANTONIO BRAGA DA ROCHA;RUA 112, SN - CIGANA
CAUCAIA;123;490;NOVA METRÓPOLE (JUREMA);E.E.F. EDGARD VIEIRA GUERRA;AV. CONTORNO SUL, 255
FORTALEZA;3;128;JACARECANGA;COLÉGIO ESTADUAL LICEU DO CEARÁ;PRAÇA GUSTAVO BARROSO, 01
FORTALEZA;1;36;COCÓ;UNINTA - FACULDADE UNINTA FORTALEZA;RUA VILEBALDO AGUIAR,133
ITAPAJÉ;41;144;ARMADOR;ESCOLA MUNICIPAL FRANCISCO LOPES RODRIGUES;SITIO ARMADOR
DEPUTADO IRAPUAN PINHEIRO;55;47;CENTRO;EEB FRANCISCA JOSUÉ DE SOUZA CARNEIRO;VILA SILVEIRA, 0
RUSSAS;9;76;CENTRO;ESCOLA MUNICIPAL TIA BENILCE DE EDUC INFANTIL E ENSINO FUNDAMENTAL;AVENIDA DOM LINO, 204
IBIAPINA;73;12;PRAÇA DO ESTÁDIO;ESCOLA MARIA SOFIA MATOS;RUA VEREADOR MANUEL RODRIGUES, S/N
ITAITINGA;78;240;CENTRO;EEF VALMIQUE SAMPAIO ALBUQUERQUE;RUA JOSMO GURGEL ARAUJO, 1256
SOBRAL;121;132;CENTRO;COLEGIO FARIAS BRITO SOBRALENSE;PRACA QUIRINO RODRIGUES S/N
ICÓ;15;2;NOVO CENTRO - SEDE;EEMTI - PADRE JOSÉ ALVES DE MACÊDO;AV. FRANCISCO CAETANO DANTAS, S/N
FORTALEZA;85;296;ANTÔNIO BEZERRA;EEFM ANTONIO BEZERRA;RUA PADRE PERDIGAO SAMPAIO 780
FORTALEZA;85;241;CONJUNTO CEARÁ I;EEM PROF JOSE MARIA CAMPOS DE OLIVEIRA - UV 8;RUA 820 S/N - 3 ETAPA
FORTALEZA;118;537;PARQUE DOIS IRMÃOS;COLEGIO MARIA ESTER II;RUA F (CONJUNTO MIRASSOL), 158
MARACANAÚ;104;275;TIMBÓ;EMEF DR. JOSÉ DE BORBA VASCONCELOS;AVENIDA TIMBÓ, 808
CASCAVEL;7;124;CAPONGA;ESC.ENS.FUND. FELIPE JOSÉ DA SILVA;RUA LUIS PESSOA DE OLIVEIRA, 728, CENTRO
MARACANAÚ;122;37;NOVO ORIENTE;EMEF MAESTRO ELEAZAR DE CARVALHO;AV. CENTRAL S/N
BANABUIÚ;6;414;RINARÉ;EEF BASÍLIO EMILIANO PINTO;AROEIRAS
GUAIÚBA;57;67;AGUA VERDE;EEBM SAO FRANCISCO;RUA MANOEL BANDEIRA, S/N
PENAFORTE;70;347;JUA-SEDE;ESCOLA MUNICIPAL JOSE CESARIO;JUA
FORTALEZA;95;125;JANGURUSSU;EMEIEF LIONS CLUBE FORTALEZA FÁTIMA;TRAVESSA LIONS CLUBE, 141
MASSAPÊ;45;119;ZONA RURAL;EEF MARIA SOFIA TOMÉ;LOCALIDADE TERRA NOVA
CAUCAIA;37;503;IPARANA;E.E.F. ERBE TEIXEIRA FIRMEZA;AV. ULISSES GUIMARAES, S/N
NOVO ORIENTE;99;163;CENTRO;CRECHE ANTONIA RODRIGUES;AV. ALCIDES SALES
MONSENHOR TABOSA;61;120;LIVRAMENTO;E.M.E.I.F.T.I MONSENHOR JOSE CANDIDO;DISTRITO DE LIVRAMENTO
CRATO;27;352;PONTA DA SERRA;EEIEF MARIA SANTINA DA CONCEIÇÃO;SÍTIO PALMEIRINHA DOS VILAR S/N
ARACOIABA;67;14;IDEAL-DISTRITO;ESCOLA DE IDEAL - ENSINO FUNDAMENTAL E MEDIO;RUA DO COMERCIO SN
ACARAÚ;30;374;ZONA RURAL;ESCOLA JOAO JAIME F. G. FILHO - LAGOA DA VOLTA;LAGOA DA VOLTA
QUIXADÁ;6;238;PUTIÚ;EEF NEMÉSIO BEZERRA;AV. PRESIDENTE VARGAS, 453
QUIXADÁ;6;214;CUSTÓDIO;EEF SIMPLÍCIO ALVES DE QUEIROZ;SERRA DO PADRE, S/N
FORTALEZA;82;627;SÃO GERARDO;COLÉGIO MASTER - BEZERRA DE MENEZES;AV. BEZERRA DE MENEZES, 1802
CROATÁ;74;102;DISTRITO;ESCOLA MUNICIPAL DE VOLTA DO RIO;VOLTA DO RIO
FORTALEZA;115;42;ITAPERI;UNIVERSIDADE ESTADUAL DO CEARA - UECE;AV DR. SILAS MUNGUBA, 1700
CRATO;27;341;OSSIAN ARARIPE;EEIEF DOM VICENTE DE PAULO ARAÚJO MATOS;RUA JOSÉ AMÉRICO DE ALMEIDA, 100
CAUCAIA;123;295;PARQUE GUADALAJARA (JUREMA);E.E.I.E.F. DANILO DALMO DA ROCHA CORRÊA;RUA ACAPULCO, 1805 - PARQUE POTIRA II
ITAPIPOCA;17;212;COQUEIRO;IFCE - CAMPUS ITAPIPOCA;AVENIDA DA UNIVERSIDADE, 102
VIÇOSA DO CEARÁ;35;113;PASSAGEM DA ONCA;E.E.I.F ANTONIO ANGELO DOS SANTOS;SITIO BOM TEMPO
FORTALEZA;115;331;PARANGABA;COLÉGIO LOURENÇO FILHO - PARANGABA;RUA CÔNEGO DE CASTRO 700
CRATO;27;110;MURITI;EEIEF MELVIN JONES;RUA PEDRO GOMES DE NORÕES, 1877. SÍTIO SAQUINHO
SOBRAL;121;315;SALGADO DOS MACHADOS;PENITENCIARIA INDUSTRIAL REGIONAL DE SOBRAL - PIRS;ESTRADA SOBRAL/GROAÍRAS - RODOVIA MOESIO LOIOLA, S/N
AIUABA;101;15;BARRA;GRUPO ESCOLAR PAES DE ANDRADE;RUA FRANCISCO JOSE DOS SANTOS, 14
CRUZ;30;75;ANINGAS;ESCOLA PAULO FREIRE;RUA 14 DE JANEIRO SN
FORTALEZA;82;549;PIRAMBU;CENTRO EDUCACIONAL DOM HÉLIO CAMPOS;RUA SÃO RAIMUNDO, 199
BREJO SANTO;70;60;CABACEIRAS-SEDE;ESCOLA MUNICIPAL CLOTILDES MOREIRA TAVARES (TIDINHA);SITIO CABACEIRAS
JUAZEIRO DO NORTE;28;485;PEDRINHAS;EMEF PROFA. DORALICE DE FIGUEIREDO ROCHA;RUA JOAQUIM LEANDRO DE SOUSA
PARAMOTI;111;161;ZONA RURAL;ESCOLA MUNICIPAL ABEL GOMES;LOCALIDADE MARACAJÁ
BREJO SANTO;70;58;POCO DO PAU-DISTRITO;CEI DR. VALDEMAR NAPOLEÃO LEITE DE ARAUJO;SITIO POÇO DO PAU
LIMOEIRO DO NORTE;29;264;JOÃO XXIII;EEF EVALDO HOLANDA MAIA;RUA PADRE VICENTE S/N
IPUEIRAS;40;74;VILA HOLANDA;EEF ANTÔNIO HOLANDA CAVALCANTE - VILA HOLANDA;VILA HOLANDA
FORTALEZA;80;319;DIONISIO TORRES;COLÉGIO SANTO INACIO;AVENIDA DESEMBARGADOR MOREIRA 2355
CANINDÉ;33;100;SAO MATEUS;EMEF JOAQUIM MAGALHAES;RUA CLÓVIS PINTO 2245
TAUÁ;19;116;INHAMUNS;ESCOLA JOSÉ CAÇULA PEDROSA (ANTIGA E.E.F.M. ABRAHÃO SCARCELA);VERA CRUZ
FORTALEZA;3;236;CENTRO;FAC. ESTÁCIO - UNIDADE CENTRO (ANTIGO COLÉGIO CEARENSE);AV. DUQUE DE CAXIAS, 101
MARACANAÚ;122;92;INDUSTRIAL;EEFM JOSE DE BORBA VASCONCELOS;AV. CONTORNO SUL S/N
FORTALEZA;80;125;ALTO DA BALANÇA;EEFM ESTADO DO PARÁ;RUA DJALMA PETIT 589
TRAIRI;97;26;CANAA;GE PADRE RODOLFO FERREIRA DA CUNHA;CANAA
FORTALEZA;113;339;PARQUELÂNDIA;ESCOLA ESTADUAL DE EDUCAÇÃO PROFISSIONAL JOAQUIM NOGUEIRA;RUA MOREIRA DE SOUSA, 327
QUIXADÁ;6;167;PUTIÚ;EEF NEMÉSIO BEZERRA;AV. PRESIDENTE VARGAS, 453
PACAJUS;49;97;CENTRO;EEFM PADRE CORIOLANO (REUNIDA);RUA TENENTE JOAQUIM NOGUEIRA 51
MADALENA;63;189;MACAOCA;EEF MIGUEL JOSE DE SOUSA;OURO PRETO
FORTALEZA;112;576;ENGENHEIRO LUCIANO CAVALCANTE;CENTRO UNIVERSITÁRIO 7 DE SETEMBRO - UNI 7 (FA7);AV. ALMIRANTE MAXIMINIANO DA FONSECA, 1395
GRANJA;25;228;SÃO RAIMUNDO;E.E.F. SÃO RAIMUNDO;RUA DONA CHIQUEZA
MARACANAÚ;122;226;HORTO;EMEIEF CESAR CALS DE OLIVEIRA NETO;RUA PROF JOSÉ HENRIQUE DA SILVA, S/N
AIUABA;101;8;CENTRO;ESCOLA PADRE PEDRO JOSE;RUA ARMANDO ARRAES FEITOSA 30
NOVO ORIENTE;99;44;ZONA RURAL;CEIF PROF. FRANCISCO EDSON DE OLIVEIRA;MONTE ALEGRE
CARIRIAÇU;71;31;PARAÍSO;EEF PAULO BARBOSA LEITE;RUA LUIZ BEZERRA, SN
SALITRE;38;59;ALTO ALEGRE;E.E.F.T.I -  FRANCISCO DE ASSIS LEITE - SEDE;AVENIDA PADRE CICERO, 327
ITAPIÚNA;105;152;ZONA RURAL;EEIEF MIGUEL PEREIRA MARTINS;CABECA DA LADEIRA-CAJUAS
QUIXADÁ;6;66;CAMPO VELHO;CEJA JOÃO RICARDO DA SILVEIRA;RUA DOM LUCAS, 760
APUIARÉS;50;20;ZONA RURAL;EEF MIGUEL SOARES GUIMARÃES;VILA SOARES
SENADOR POMPEU;12;159;ALTO DO CRUZEIRO;EEIEF ELISEU BECCO FILHO;ALTO DO CRUZEIRO S/N
SALITRE;38;69;CENTRO;E. E. F. FRANCISCO VITURINO DE LUNA - SEDE;RUA SÃO PEDRO, 237
FORQUILHA;121;232;INGÁ;EEFI MURILO LIRA ARAUJO;POVOADO DE INGA
MARANGUAPE;4;581;TABATINGA - SAPUPARA;EEFM LUIZ GIRÃO;AVENIDA TABATINGA, S/N
SABOEIRO;43;274;MALHADA;E.E.F. JOSE GONCALVES DOS SANTOS;DISTRITO MALHADA
ASSARÉ;18;19;CENTRO;ESCOLA PROFESSORA. BATISTINA BRAGA;RUA DR PAIVA VILA MOTA SN
FORTALEZA;82;363;SÃO GERARDO;COLÉGIO MASTER - BEZERRA DE MENEZES;AV. BEZERRA DE MENEZES, 1802
CAUCAIA;37;383;ICARAI;E.E.I.E.F FRANCISCO MARTINS DE MORAES;RUA BELARMINO JOSÉ, 201 - ICARAÍ
BARRO;92;35;SEDE;ESCOLA 1 GRAU ANTONIO SEVERO DE LIMA;SITIO ENGENHO VELHO
CANINDÉ;33;493;SANTA LUZIA;EEEP PROFESSOR JOSÉ VIDAL ALVES;AV. LUCIANO MAGALHÃES, S/N
MASSAPÊ;45;1;CENTRO;SECRETARIA DE EDUCACAO DO MUNICIPIO;RUA MAJOR JOSE PAULINO SN
FORTALEZA;85;185;CONJUNTO CEARÁ I;EEFM JOSE LEOPOLDINO DA SILVA FILHO - UV4;RUA QUATROCENTOS E QUARENTA E OITO, 1, 2A ETAPA
IPUEIRAS;40;4;ARRAIAL;ESCOLA DE ENSINO FUNDAMENTAL AQUILES PERES MOTA - ARRAIAL;ARRAIAL
ACARAÚ;30;58;JURITIANHA;ESCOLA HERMINIA FRANKLINA DA SILVEIRA;RUA QUINTAS DOS ALBUQUERQUES S/N - JURITIANHA
FORTALEZA;83;659;HENRIQUE JORGE;EEMTI PROFESSOR PAULO FREIRE;AVENIDA SENADOR FERNANDES TÁVORA 1936
PEREIRO;10;144;DISTRITO DE CRIOULAS;ESCOLA MUNICIPAL DO 1 GRAU CANDIDO JOSE NOGUEIRA;DISTRITO DE CRIOULAS
CAMOCIM;32;40;CENTRO;COLEGIO GEORGINA LEITAO MACEDO;RUA SANTOS DUMONT S/N
CARIRIAÇU;71;103;VALÊNCIA;POSTO DE SAÚDE ANA DOS ANJOS;SÍTIO PATOS
GENERAL SAMPAIO;50;173;CONJUNTO SÃO JOSÉ;EMEF JOSÉ BEZERRA FILHO;RUA FILOMENO BARBOSA DE OLIVEIRA, S/N
FORTALEZA;2;85;MESSEJANA;EEFM JOSE DE ALENCAR;RUA VENEZA, 84
FORTALEZA;115;280;PARANGABA;EMTI CAROLINO SUCUPIRA;RUA MUNDICA PAULA, 670
IBIAPINA;73;20;CENTRO;ESCOLA ROSA MARTINS CAMELO MELO;RUA PADRE IBIAPINA
PEDRA BRANCA;59;165;SANTA MARIA;EEEP - ANTONIO RODRIGUES DE OLIVEIRA;AV. JOSE FRUTUOSO DA SILVA S/N
GRANJA;25;28;SAMBAIBA;E.E.F. INACIO FRANCISCO (ANEXO);SAMBAIBA (ENTRADA DA SAMBAIBA)
COREAÚ;64;128;São Miguel;COREAÚ - ESCOLA MUN. NOSSA SRA. DA PAZ;RUA SÃO MIGUEL, S/N - SÃO MIGUEL
MARANGUAPE;4;105;NOVO MARANGUAPE I (ÁREA VERDE) - MARANGUAPE;EMEF JOSÉ FERNANDES VIEIRA;RUA PEDRO MOREIRA VASCONCELOS, 125
LIMOEIRO DO NORTE;29;48;ESPINHO;EEF JOÃO LUIS MAIA;SITIO ESPINHO
VIÇOSA DO CEARÁ;35;67;PADRE VIEIRA;E.E.F MANOEL JOSÉ DA SILVA;VILA PADRE VIEIRA
SOBRAL;24;497;PEDRA DE FOGO;ANEXO JOSE FRANCISCO DE ALBUQUERQUE (PEDRA DE FOGO);PEDRA DE FOGO (AO LADO DO CLUBE DO AMOR)
SOBRAL;24;564;DOM JOSÉ;EEFI ANTENOR NASPOLINI;RUA PREFEITO JERONIMO PRADO, S/N
MOMBAÇA;46;108;CENTRO;EEP PLÁCIDO ADERALDO CASTELO;FAZENDA AMONTADA                                          AMONTADA
ORÓS;15;270;GUASSUSSE - DISTRITO;E.E.F. MANOEL RAIMUNDO MONTANHA;RUA DA MATRIZ, S/N
AQUIRAZ;66;21;DIVINEIA;ESCOLA DE EDUCAÇÃO PROFISSIONAL PROFESSORA ALDA FAÇANHA;AVENIDA NOSSA SENHORA DE LOURDES, S/N
JUAZEIRO DO NORTE;119;63;ROMEIRAO;ARENA ROMEIRÃO;AVENIDA CASTELO BRANCO SN
CRATO;27;325;ALTO DA PENHA;EEIEF GOVERNADOR LUIZ DE GONZAGA DA FONSECA MOTA;RUA PLÍNIO CAVALCANTE S/N
FORTALEZA;3;418;ALDEOTA;UNICHRISTUS ALDEOTA;RUA VISCONDE DE MAUÁ, 1940
EUSÉBIO;88;119;TAMATANDUBA;EEF IZIDIO JOSE CAMPINA;RUA IZIDIO CAMPINA, 751 TAMATANDUBA
EUSÉBIO;88;220;NOVO PORTUGAL;ESCOLA MUNDO ENCANTADO DA CRIANÇA;RUA BELA FONTE, S/N
LIMOEIRO DO NORTE;29;63;CENTRO;LICEU DE ARTES E OFICIOS (ESC CONSTRUINDO CONHECIMENTO);RUA CORONEL FRANCISCO REMIGIO 329
GRANJEIRO;62;153;CENTRO;EEFM MIGUEL SARAIVA PINHEIRO;RUA HENRIQUE DE MACEDO SN
FORTALEZA;83;722;PICI;EEEP JÚLIA GIFFONI;RUA CORONEL MATOS DOURADO 1349
FORTALEZA;83;773;JOÃO XXIII;CENTRO DE FORMAÇÃO E DESENV. PARA PROFISSIONAIS DA EDUCAÇÃO - FORMACE;RUA PORTO VELHO, 401
ITAIÇABA;75;3;CENTRO;E.E.F.M. JOAO BARBOSA LIMA;RUA CEL JOAO BATISTA 397
PACATUBA;57;122;ALTO SAO JOAO;EEIEF DR. CARLOS ALBERTO DE ALMEIDA PONTES;RUA JOSE FRANKLIN S/N
GRANJA;25;196;ZONA RURAL (SEDE RURAL);E.E.F. SÃO JUDAS TADEU;ASSENTAMENTO JAGUARAPUABA
SOBRAL;24;628;ALTO DA BRASÍLIA;EEFI RAIMUNDO PIMENTEL GOMES - CAIC;RUA PRINCESA ISABEL, S/N
UMIRIM;23;267;CENTRO;SECRETARIA DE EDUCACAO;RUA JONES NUNES SN
CASCAVEL;7;118;GUANACES;ESC.ENS.FUND. ABDON DANTAS DE ALMEIDA;RUA EUFRASIO DANTAS SN - CENTRO
LIMOEIRO DO NORTE;29;99;ANTÔNIO HOLANDA;IFCE - CENTRO DE REFERÊNCIA CIDADE ALTA;R. RAIMUNDO TOMÁS DE AQUINO, 2742
LIMOEIRO DO NORTE;29;34;ÁREA RURAL;EEF JOSE ALVES DE MOURA;SITIO ARRAIAL
CAUCAIA;123;339;PARQUE GUADALAJARA (JUREMA);E.E.I.E.F. 7 DE SETEMBRO;AV. DOM ALMEIDA LUSTOSA, 2322
FORTALEZA;115;48;ITAPERI;UNIVERSIDADE ESTADUAL DO CEARA - UECE;AV DR. SILAS MUNGUBA, 1700
BREJO SANTO;70;232;ZONA RURAL;UNIDADE BÁSICA DE SAÚDE VILA DA CONCEIÇÃO;SITIO PITOMBEIRA
MORADA NOVA;47;77;ARUARU;EEB JOSE FRANCISCO SAMPAIO;RUA JOANA MARIA, S/N
JUAZEIRO DO NORTE;119;232;TIMBAUBA;ESCOLA DOM VICENTE DE PAULA ARAUJO MATOS;RUA RUI BARBOSA 1935
BEBERIBE;84;16;CENTRO;ESCOLA MUNICIPAL DESEMBARGADOR PEDRO DE QUEIROZ;RUA JOSE BESSA 561
BEBERIBE;84;60;SERRA DO FELIX;CENTRO DE EDUCACAO MUNICIPAL BETESDA;BR-116 KM 111 - BOQUEIRAO DO CESARIO
SOBRAL;24;445;JOSÉ EUCLIDES;EEFI MOCINHA RODRIGUES;RUA EVANGELINA SABOIA, S/N
CAUCAIA;123;443;NOVA METRÓPOLE (JUREMA);E.E.I.E.F. FRANCISCA ALVES DO AMARAL;AV. B, 442 - NOVA METRÓPOLE
ICAPUÍ;8;206;MORRO PINTADO;CEI JOSÉ ANTERO REBOUÇAS;MORRO PINTADO
ITAPIPOCA;17;534;MARINHEIROS;ESCOLA INDÍGENA BROLHOS DA TERRA;BURITI
PARAMOTI;111;123;CENTRO;EMEF PAULO SARASATE (ANTIGO CERU);AV. JOAQUIM FARIAS, 175
APUIARÉS;50;16;CONJUNTO FRANCISCO BERNARDO;EEF MATILDE BARBOSA GOIS;RUA JOSÉ NOJOSA FREITAS, 100
PEDRA BRANCA;59;29;MINEIROLANDIA;EEIF JOSE PAULINO SILVA;MORADA NOVA
FORTALEZA;1;338;CAIS DO PORTO;ESCOLA ESTADUAL MAESTRO ELIAZAR DE CARVALHO;RUA FRANCISCO ALVES PEREIRA  349
FORTALEZA;1;658;CAIS DO PORTO;EMTI VEREADOR ALBERTO GOMES DE QUEIROZ;AV. ZEZÉ DIOGO, 782
BARREIRA;52;117;ARERÉ;ESCOLA FRANCISCO CORREIA LIMA;ARERÉ I
PARAIPABA;109;169;SETOR C2;EMEIF EDMUNDO PEREIRA BARBOSA;PROJETO IRRIGADO DO CURU - SETOR C2
JAGUARETAMA;72;72;CENTRO;EMEF 29 DE AGOSTO - PROFª MARIA ELIELZA PINHEIRO GUERRA;RUA TRISTAO GONCALVES 380
BREJO SANTO;70;318;RENE LUCENA;E E F HISTORIADOR PADRE ANTONIO GOMES DE ARAÚJO;RUA PEDRO NICODEMOS DE ARAUJO S/N
MOMBAÇA;46;112;TEJUBANA;ESCOLA DE ENSINO FUNDAMENTAL JOSÉ JAIME BENEVIDES;AV. ANTONIO NONATO DE CARVALHO
TRAIRI;97;61;ALAGADICO DE CIMA;CENTRO COMUNITARIO FRANQUINHO DAMASCENO;ALAGADICO DE CIMA
JUAZEIRO DO NORTE;119;440;FREI DAMIAO;E.M.E.I. PROFA. MARIA DA CONCEIÇAO RIBEIRO DE SOUSA (CRECHE NOVA);RUA MANOEL TAVARES LOPES, N. 2891
JAGUARUANA;75;63;SANTA LUZIA;E.E.F. FRANCISCO JAGUARIBE (SANTA LUZIA);SANTA LUZIA
SOBRAL;24;250;RAFAEL ARRUDA;EEM AGOSTINHO NERES PORTELA;RUA MARIA ARAÚJO DAMASCENO, S/N
MOMBAÇA;46;91;CENTRO;E. E. E. F. M. PROFESSOR PEDRO JAIME;AV. CÍCERO MARQUES, 02
FORTALEZA;80;351;JOAQUIM TÁVORA;COLÉGIO SALESIANO DOM BOSCO;AV ANTONIO SALES 116
CANINDÉ;33;30;CENTRO;COLEGIO ESTADUAL PAULO SARASATE;RUA JOAQUIM MAGALHAES 100
CRATEÚS;20;97;TUCUNS;ESCOLA DE CIDADANIA JOSE ARAUJO VERAS;QUEIMADAS
CRATEÚS;20;146;MONTENEBO;ESCOLA DE CIDADANIA CORAÇÃO DE JESUS;SANTO ANDRE
MARCO;96;92;BARRO VERMELHO;EEF JOSE HELVÉCIO;RUA DEP FRANCISCO MONTE
FORTALEZA;95;305;CAJAZEIRAS;EEMTI PROF. PAULO AYRTON ARAUJO - PRÉDIO ANTIGO;BR 116 KM 05, EM FRENTE AO ASSAÍ ATACADISTA
CAUCAIA;123;303;PARQUE POTIRA (JUREMA);E.E.I.E.F. ANTÔNIO ALBUQUERQUE SOUSA FILHO;RUA HERIBALDO RODRIGUES (ANTIGA RUA POTIGUARA), 488
FORTALEZA;1;479;VARJOTA;COLEGIO FARIAS BRITO - PRÉ UNIVERSITARIO - JULIO ABREU;AVENIDA JULIO ABREU, 284
TEJUÇUOCA;41;106;RETIRO CAXITORE;ESCOLA DE ENSINO FUNDAMENTAL DE TEMPO INTEGRAL LUIZA DA SILVA MOTA;RETIRO CAXITORE
JUAZEIRO DO NORTE;119;263;TIRADENTES;ESCOLA CAROLINA SOBREIRA;RUA JOSE SABIA SN
URUOCA;25;186;CENTRO;E.E.F. VALDEMAR ROCHA;RUA ANTONIO ARRUDA, 257
FORTALEZA;115;398;PARANGABA;EM CLÁUDIO MARTINS;RUA MUNDICA PAULA, 628
TARRAFAS;18;107;ZONA RURAL;GRUPO ESCOLAR FRANCISCO AMARO DA SILVA;SITIO LOGRADOURO    S/N
TARRAFAS;18;141;CENTRO;CENTRO DE EDUCAÇÃO INFANTIL;RUA ANTONIO GONCALVES VALENÇA, S/N
ITAITINGA;78;289;GERERAÚ;EEF FRANCISCA FERREIRA SIQUEIRA;AV. CEL. ANTONIO FERREIRA, 440
FORTALEZA;114;340;BARRA DO CEARÁ;EM AGOSTINHO MOREIRA E SILVA;RUA PERI, 20
FORTALEZA;118;381;PASSARÉ;EM DELMA HERMÍNIA DA SILVA PEREIRA;AVENIDA PRESIDENTE COSTA E SILVA, 5606
PENTECOSTE;50;142;ZONA RURAL;EEIF MANOEL FÉLIX GOMES - ANEXO(MULUNGU);PEDRA BRANCA ILHA
ARACATI;8;261;NOSSA SENHORA DE LOURDES;EEMTI. BENI CARVALHO;RUA BENI CARVALHO 1679
ARACATI;8;274;MAJORLANDIA;C.E.I. MARIA LEONOR MAIA;RUA EUCLIDES MOREIRA, S/N
IBIAPINA;73;39;CENTRO;CENTRO DE SAÚDE FRANCISCO MÁRCIO FERNANDES;RUA VENCESLAU SOARES S/N
MISSÃO VELHA;16;91;SEDE;EEF LOURIVAL DANTAS RIBEIRO;RODOVIA MISSAO VELHA/JAMACARU KM 01, COHAB CASEMIRO FARIAS.
JAGUARIBARA;72;60;CENTRO;PROFESSORA MARIA BERNADETE NEVES;RUA TERTULIANO DE MELO, 279
FORTALEZA;112;428;EDSON QUEIROZ;COLEGIO ARI DE SA CAVALCANTE WS;AV WASHINGTON SOARES, 3737
CAMOCIM;32;243;ZONA RURAL;E.E.F. FRANCISCO LOPES ARAÚJO - TIMBAÚBA;LOCALIDADE TIMBAÚBA
MORRINHOS;44;87;FAZENDA PRENSA;EMEI MARIA SOCORRO MONTEIRO;FAZENDA PRENSA
IPAPORANGA;20;261;TORRÕES;ESCOLA DE ENSINO FUNDAMENTAL ANTONIO DIAS FERREIRA;TORROES
CAUCAIA;123;338;PARQUE GUADALAJARA (JUREMA);E.E.I.E.F. 7 DE SETEMBRO;AV. DOM ALMEIDA LUSTOSA, 2322
FORTALEZA;80;374;TAUAPE;CENTRO DE DESENVOLVIMENTO SOCIAL SEMEANDO (ANTIGO EURICO BERGSTEN);RUA CRUZ ABREU 204
IPUEIRAS;40;5;SÃO JOSÉ;EEF FRANCISCO PAZ ARAGÃO - SÃO JOSÉ;SÃO JOSÉ
AMONTADA;89;100;CENTRO;EEM RITA ESTELITA DOS SANTOS RODRIGUES;AV GAL ALÍPIO DOS SANTOS 1020
JUAZEIRO DO NORTE;119;136;NOVO JUAZEIRO;ESCOLA TIRADENTES;CASTELO BRANCO SN
JUAZEIRO DO NORTE;119;65;ROMEIRAO;ARENA ROMEIRÃO;AVENIDA CASTELO BRANCO SN
CROATÁ;74;116;DISTRITO;ESCOLA MUNCIPAL DE REPARTIÇÃO (CRECHE);REPARTIÇÃO
ACARAÚ;30;353;ZONA RURAL;ESCOLA MANOEL EDGAR DA SILVEIRA;CAUASSU
ITAPIPOCA;17;67;URBANO TEIXEIRA;EEB ADAUTO BEZERRA;RUA JOAQUIM RODRIGUES TEIXEIRA
FORTALEZA;1;463;VARJOTA;ESCOLA ESTADUAL  BARBARA DE ALENCAR;RUA PEDRO RUFINO 38
CANINDÉ;33;72;PALESTINA;CAIC ALFREDO COELHO MAGALHÃES;RUA ANTONIO MONTEIRO DOS SANTOS SN
CANINDÉ;33;61;ZONA RURAL;EMEF MANOEL JANUARIO DE LIMA;RUA IRMÃ SIMPLICIA, S/N IPU MONTE ALEGRE
FORTALEZA;118;276;SERRINHA;EM MARIA DE CARVALHO MARTINS;AVENIDA DOUTOR SILAS MUNGUBA, 4300
JUCÁS;43;93;SÃO PEDRO DO NORTE - VILA;CENTRO COMUNITARIO ANTONIO RAIMUNDO DE SOUZA;RUA ANTONIO PEREIRA DA SILVA 226
CAUCAIA;123;573;PARQUE GUADALAJARA (JUREMA);ESCOLA E.E.I.E.F. EDUCANDÁRIO SÃO FRANCISCO;RUA PADRE ALFREDO NESI, 788
FORTALEZA;80;140;DIONISIO TORRES;EEFM JOAQUIM ANTÔNIO ALBANO;RUA JULIO SIQUEIRA 390
FORTALEZA;118;675;PASSARÉ;CENTRO SOCIOEDUCATIVO DOM BOSCO - CSDB;RUA ELDORADO, 800
IBIAPINA;73;16;CENTRO;ESCOLA MONSENHOR MELO (ESTADUAL);AV PEDRO FERREIRA DE ASSIS 284
IBIAPINA;73;63;DISTRITO DE SANTO ANTONIO DA PINDOBA;ESCOLA JOÃO VAZ DE AGUIAR;DISTRITO DE SANTO ANTONIO DA PINDOBA
ARACATI;8;75;CORREGO DOS RODRIGUES;E.E.F. ANTONIO PONCIANO DA COSTA;CORREGO DOS RODRIGUES
FRECHEIRINHA;81;246;CENTRO;CENTRO EDUCACIONAL RAIMUNDO PEREIRA;AVENIDA JOAQUIM PEREIRA 717 - CENTRO 
CRATEÚS;20;225;IRAPUA;ESCOLA DE CIDADANIA MENINO JESUS;ASSENTAMENTO APUI
QUIXERAMOBIM;11;168;MONTEIRO DE MORAIS;ESCOLA HUMBERTO BEZERRA;RODOVIA DO ALGODAO, SN
CANINDÉ;33;357;ZONA RURAL;EMEF POMPILIO LOPES;LOCALIDADE RENGUENCUE
FORTALEZA;85;285;CONJUNTO CEARÁ I;EEFM PROF. EDMILSON GUIMARAES DE ALMEIDA UV 10;RUA 1074 S/N (PROX. HOSPITAL), 4 ETAPA
FORTALEZA;114;297;BARRA DO CEARÁ;EEFM ESTADO DE ALAGOAS;AVENIDA PRESIDENTE CASTELO BRANCO, 5244
ITAIÇABA;75;117;BAIXO GIQUI;ESCOLA MARIA VIANA BARBOSA;BAIXO GIQUI
IBICUITINGA;47;59;CENTRO;EEB ENEAS FERREIRA NOBRE;RUA CAPITAO MANOEL ANTONIO 2180
HORIZONTE;78;175;MANGUEIRAL;CEI - ADÍLIA FERREIRA LIMA;RUA ALEXANDRE JOCA, 572 - MANGUEIRAL
ITAPIPOCA;17;361;DESERTO;EEB FRANCISCO BELO FILHO;LAGOINHA II
IGUATU;13;387;GADELHA;ESCOLA DE ENS FUND JOÃO ROCHA FIALHO;VILA GADELHA
FORTALEZA;1;766;CAIS DO PORTO;EMTI VEREADOR ALBERTO GOMES DE QUEIROZ;AV. ZEZÉ DIOGO, 782
IGUATU;13;279;VILA CIDAO;CAMPUS MULTI-INSTITUCIONAL HUMBERTO TEIXEIRA (URCA/UECE/CENTEC);AV DÁRIO RABELO SN
HORIZONTE;78;77;CENTRO;EMEF PROFESSORA RAIMUNDA DUARTE TEIXEIRA ;AV EUDES XIMENES, 83 - CENTRO 
CRATO;27;195;BAIXIO DAS PALMEIRAS;EEIEF PROFª ROSA FERREIRA DE MACEDO;RUA MARIA TAVARES DE OLIVEIRA, SN. SÍTIO BAIXIO DO MUQUÉM
IBICUITINGA;47;245;CANINDEZINHO;EEB ANTÔNIO CELESTINO DE MENDONÇA;PEDRA BRANCA
CRATEÚS;20;199;SANTANA;ESCOLA DE CIDADANIA JOSE MARTINS DE LIMA;PATOS
CAPISTRANO;105;35;ZONA RURAL;ESCOLA DE ENSINO FUNDAMENTAL NOSSA SENHORA DE LOURDES;SERRA DO VICENTE
FARIAS BRITO;62;244;CASAS POPULARES;CENTRO SOCIAL URBANO - CRAS;RUA MARIA CARMELITA LEITE, S/N
CRATO;27;248;SÃO JOSÉ;EEIEF SINOBILINA PEIXOTO;RUA JOAQUIM PINHEIRO FILHO S/N. CONJUNTO PADRE CÍCERO
JUAZEIRO DO NORTE;119;243;TIRADENTES;ESCOLA CAROLINA SOBREIRA;RUA JOSE SABIA SN
ITAPIPOCA;17;93;ASSUNÇÃO;EEM NOSSA SENHORA DA ASSUNCAO;ASSUNCAO
JAGUARIBARA;72;101;CENTRO;E.E.M LICEU JOSE FURTADO DE MACEDO;AV. MARLINDA ELÓI, 389
NOVA RUSSAS;48;59;LAGOA DE SÃO PEDRO;EMEF MANUELA DO NASCIMENTO FREITAS(ANTIGA PEDRO GONÇALVES DE CARVALHO);DISTRITO DE LAGOA DE SÃO PEDRO,
VIÇOSA DO CEARÁ;35;194;SITIO CACIMBINHA;ANEXO HORÁCIO FONTENELE MAGALHÃES;SITIO CACIMBINHA
ITAPIPOCA;17;700;CACIMBAS;CENTRO EDUCACIONAL MARIA MAGALHAES VIANA AZEVEDO;RUA MOESIO LOIOLA S/N
FORTALEZA;118;680;PASSARÉ;EEMTI INTEGRADA 2 DE MAIO;AVENIDA DA SAUDADE, S/N
LIMOEIRO DO NORTE;29;16;CENTRO;ESCOLA NORMAL DE LIMOEIRO;AV DOM AURELIANO MATOS 1759
MARACANAÚ;104;413;JEREISSATI II;EMEIEF RACHEL DE QUEIROZ;AVENIDA XII, 758
MARACANAÚ;104;365;JEREISSATI I;EMEIEF DEPUTADO JOSÉ MARTINS RODRIGUES;RUA QUARENTA A, 287
IGUATU;13;49;VILA BRASILIA;LICEU DE IGUATU DR JOSE GONDIM;RUA 25 DE MARCO S/N
FORTALEZA;1;396;CAIS DO PORTO;ESCOLA MUNICIPAL SAO VICENTE DE PAULO;AVENIDA ZEZE DIOGO 1247
CASCAVEL;7;145;PITOMBEIRAS;ESC.ENS.FUND. PAULO SARASATE;RODOVIA BR 116, KM 91, CRISTAIS
ARACOIABA;67;47;IDEAL-DISTRITO;ESCOLA DE IDEAL - ENSINO FUNDAMENTAL E MEDIO;RUA DO COMERCIO SN
QUIXERAMOBIM;11;121;MANITUBA;ESCOLA MANOEL FARIAS DE ALMEIDA;VENEZA
SOBRAL;24;672;JUNCO;SESI;AV. DR. JOSÉ ARIMATÉIA M SILVA, 1701
LIMOEIRO DO NORTE;29;277;LUIZ ALVES DE FREITAS;CENTRO DE EDUCAÇÃO INFANTIL MARIA DE FÁTIMA LIMA GUIMARÃES;RUA CLAUDIO BENEVIDES, S/N
ARACOIABA;67;81;MILTON BELO-DISTRITO;ESCOLA MUNICIPAL ANTONIO BELARMINO DE OLIVEIRA;UMARIZEIRO
MISSÃO VELHA;16;6;TRILHO DE FERRO;EEF MAJOR FELIPE;AVENIDA BRASILIA S/N.
PENTECOSTE;50;53;CENTRO;CENTRO EDUCACIONAL JOÃO XXIII;AVENIDA TABELIÃO FRANCISCO ALVES, 344
TABULEIRO DO NORTE;91;139;CENTRO;EMEF NOSSA SENHORA DE FÁTIMA;RUA JOÃO FERREIRA BRAÚNA, 191
IGUATU;13;266;FLORES;ESCOLA DE ENS FUND CARLOTA TAVORA;JUVENAL BARRETO 432
EUSÉBIO;88;225;CENTRO;EEM ANA BEZERRA DE SA;AV AIRTON SENA, 130 - CENTRO
JUAZEIRO DO NORTE;119;89;PIRAJA;ESCOLA MARIA AMELIA BEZERRA;AV CASTELO BRANCO SN
CAUCAIA;120;315;SITIOS NOVOS;E.E.F. ALICE MOREIRA DE OLIVEIRA;RUA HENRIQUE MARTINS, S/N
SÃO GONÇALO DO AMARANTE;36;282;LIBERDADE;ESCOLA DE ENSINO FUNDAMENTAL MARIA DO SOCORRO GOUVEIA;RUA FRANCISCO DUARTE - LIBERDADE
CAMOCIM;32;16;CRUZEIRO;CENTRO SOCIAL URBANO - CSU;RUA RIACHUELO S/N
FORTIM;8;324;VICOSA;EEMTI. HELENITA LOPES GURGEL VALENTE;RUA JORGE FERREIRA, 250
NOVO ORIENTE;99;18;CENTRO;EEM COELHO MASCARENHAS;RUA SAO JOSE S/N
JAGUARUANA;75;115;SAO JOSE;E.E.F. JOAO RODRIGUES MAIA;SÃO JOSÉ
NOVO ORIENTE;99;65;ZONA RURAL;CENTRO DE EDUCAÇÃO RURAL - CERU;LAGOA DA AREIA
FORTALEZA;114;109;PRESIDENTE KENNEDY;EM SÃO JOSÉ;AVENIDA DOUTOR THEBERGE 2288
JUAZEIRO DO NORTE;119;89;PIRAJA;ESCOLA MARIA AMELIA BEZERRA;AV CASTELO BRANCO SN
FORTALEZA;117;361;CANINDEZINHO;EM PADRE ANTONIO MONTEIRO DA CRUZ;RUA DE PEDESTRE XIII, 25 - JARDIM FLUMINENSE II
IRACEMA;86;97;CENTRO;E.E.F.M. ENEAS OLIMPIO DA SILVA;RUA CAP MANOEL RUFINO DE NEGREIROS, 35
CASCAVEL;7;201;SITIO BICA;CEI MARIA AFIFE SARQUIS QUEIROZ ;RUA SDO, 141 SITIO BICA
REDENÇÃO;52;116;DISTRITO DE ANTÔNIO DIOGO;CENTRO DE EDUCAÇÃO INFANTIL PEDRO FERNANDES COSTA;RUA TEREZA CRISTINA, S/N
BARBALHA;31;153;SÍTIO VENHA VER;EMEIF RAIMUNDO SEBASTIÃO SAMPAIO (SÍTIO VENHA VER);VILA SÃO FRANCISCO, S/N (POR TRÁS DO CONDOMÍNIO TERRA DOS KARIRIS)
LIMOEIRO DO NORTE;29;200;SANTA LUZIA;ESCOLA EVOLUÇÃO;RUA MANFREDO DE OLIVEIRA, 935
FORTALEZA;94;9;QUINTINO CUNHA;CEI SÃO CARLOS;RUA DOS PESCADORES,188
FORQUILHA;121;212;CENTRO;ESCOLA DE CIDADANIA MOESIO LOIOLA MELO JUNIOR(MODELO);AVENIDA GRANDE ORIENTE DO BRASIL SN
UMIRIM;23;236;DO POSTO-SEDE;EEF ZACARIAS LIBERATO DIAS;BR 222 SN
HORIZONTE;78;211;PLANALTO HORIZONTE;EMEF JORGE PEREIRA DA ROCHA;RUA PAULO FREIRE 40
ITAPIPOCA;17;354;CACIMBAS;CENTRO EDUCACIONAL MARIA MAGALHAES VIANA AZEVEDO;RUA MOESIO LOIOLA S/N
FORTALEZA;114;320;ÁLVARO WEYNE;EM DOM HELDER CAMARA;RUA FREI ODILON 623 B
FORTALEZA;1;578;CAIS DO PORTO;EMTI VEREADOR ALBERTO GOMES DE QUEIROZ;AV. ZEZÉ DIOGO, 782
JAGUARUANA;75;130;CENTRO;E.E.M. FRANCISCO JAGUARIBE (2 GRAU);RUA CEL RAIMUNDO FRANCISCO, 1135
FORTALEZA;94;455;JARDIM GUANABARA;CMES PROF JOSE REBOUCAS MACAMBIRA;RUA CARIÚS 200
HORIZONTE;78;217;MANGUEIRAL;CEI - CLEONICE PIRES DE SOUSA;RUA BATURITÉ, N. 1971
CAUCAIA;120;379;PADRE JULIO MARIA;EEIEF JOSE OLAVO MOREIRA;RUA SÃO PAULO, S/N
ITAPIPOCA;17;31;CRUZEIRO;EEB PROFESSOR PEDRO TEIXEIRA BARROSO;RUA ANTONIO BARROSO NETO S/N
ITAPIPOCA;17;62;IPU MAZAGÃO;EEB FRANCISCA PINTO MARQUES;IPU MAZAGAO
FORTALEZA;2;654;PAUPINA;CMES ANISIO TEIXEIRA;TRAVESSA DO GUARANI, 355
BARROQUINHA;108;46;CENTRO;CENTRO DE REFERÊNCIA DE ASSISTÊNCIA SOCIAL - CRAS;AV. MARIA DIAMANTINA VERAS N 1002
IBICUITINGA;47;176;DOIS IRMAOS;POSTO DE SAUDE DOIS IRMÃOS;SITIO DOIS IRMÃOS
VARJOTA;65;168;ACAMPAMENTO DNOCS;E.E.F. WALDIR LEOPÉRCIO;RUA TEREZINHA MORORÓ PASSOS, 384
URUBURETAMA;23;23;CENTRO;EEF MONS ANTERO JOSE DE LIMA;RUA FARM JOSE RODRIGUES 1154
MORADA NOVA;47;165;ARUARU;EEB BENEVENUTO LINO DO NASCIMENTO;RUA DE FATIMA S/N PATOS
FORTALEZA;94;68;ANTÔNIO BEZERRA;CEI JOAQUIM NOGUEIRA;R. SAO VICENTE DE PAULO, 72-126
MUCAMBO;79;221;CENTRO;E.E.I.F. RAFAEL CLAUDIO DE ARAUJO;RUA MONSENHOR MELO SN
ITAPIPOCA;17;371;URBANO TEIXEIRA;EEB ADAUTO BEZERRA;RUA JOAQUIM RODRIGUES TEIXEIRA
HIDROLÂNDIA;54;18;NOVA HIDROLÂNDIA;E. M. E. F. PREFEITO WALTER MARINHO;RUA CAJAZEIRAS, 261
FARIAS BRITO;62;184;SEDE;EEFM GABRIEL BEZERRA DE MORAIS;RUA LIROMÁ FERNANDES DE OLIVEIRA, 266
CROATÁ;74;169;DISTRITO;ESCOLA MUNICIPAL DE ANDRADE;ANDRADE
CASCAVEL;7;169;PITOMBEIRAS;ESC.ENS.FUND. BAIXIO DOS MACARIOS;BAIXIO DOS MACARIOS
CAUCAIA;123;352;MARECHAL RONDON (JUREMA);E.E.I.E.F. ECONOMISTA RUBENS VAZ DA COSTA;AVENIDA NOVO HORIZONTE, S/N
FORTALEZA;83;654;HENRIQUE JORGE;EEMTI PROFESSOR PAULO FREIRE;AVENIDA SENADOR FERNANDES TÁVORA 1936
MISSÃO VELHA;16;14;SEDE;SECRETARIA DE TRABALHO E ASSISTÊNCIA SOCIAL (ANTIGO CSU);RUA PADRE CICERO, 204. CENTRO.
FORTALEZA;118;568;BOA VISTA-CASTELÃO;EEFM PROFESSORA MARIA GONCALVES;RUA N S DO MONTE CARMELO S/N
MILHÃ;55;86;CENTRO;CENTRO ADMINISTRATIVO DO DISTRITO DO MONTE GRAVE;DISTRITO MONTE GRAVE
FORTALEZA;80;231;TAUAPE;EMEIF PROFª ANTONIETA CALS;RUA MONSENHOR SALAZAR 1480
BEBERIBE;84;150;CHORO;ESCOLA MUNICIPAL LUIZ GONCALVES;RODOVIA CE 040
CEDRO;13;423;CENTRO;ESCOLA DE ENS FUND SAO JOAO BATISTA;RUA SENADOR JOAO TOME N 70
ITAIÇABA;75;14;CENTRO;E.E.F.M. JOAO BARBOSA LIMA;RUA CEL JOAO BATISTA 397
ITAPIPOCA;17;273;ÁREA RURAL DE ITAPIPOCA;EEB FILOMENA LOPES DE SOUSA;LIVRAMENTO
IGUATU;13;372;JARDIM OASIS;ESCOLA DE ENS FUND JOAO PAULINO DE ARAUJO;RUA SÍLVIO AMARO SN
TAUÁ;19;98;MARROAS;EEF ENEAS ALVES MOTA;VILA MARROAS
AIUABA;101;29;BOM NOME;GRUPO ESCOLAR JOSE ALVES DE OLIVEIRA;RUA DUQUE DE CAXIAS SN
BARRO;92;65;TRAJANO NOGUEIRA-SEDE;ESCOLA MUNICIPAL DE ENSINO FUNDAMENTAL GILBERTO LEITE DE AQUINO;RUA TRAJANO NOGUEIRA SN
PENAFORTE;70;417;CENTRO-SEDE;ESCOLA SIMAO ANGELO;RUA PADRE CICERO S/N
FORTALEZA;113;370;MONTESE;COLÉGIO ESTADUAL PRESIDENTE HUMBERTO CASTELO BRANCO;RUA IRMA BAZET, 210
MERUOCA;24;586;Palestina do Norte;EEF - HENRIQUE SEVERINO DUARTE;RUA RAIMUNDO FAUSTINO - DISTRITO PALESTINA
FORTALEZA;117;317;CONJUNTO ESPERANÇA;EEFM PROFESSORA MARIA MARGARIDA DE CASTRO ALMEIDA;AV. CONTORNO SUL, 960
CHORÓ;6;359;CENTRO;EEMTI EMANUEL;RUA UNIVERSITÁRIA, 323, CIDADE NOVA, CENTRO
ALTO SANTO;86;48;CARAUBAS;ESCOLA DE 1 GRAU PEDRO JOSE PEREIRA;SITIO CARAUBAS
FORQUILHA;121;225;CARAÚNO;EEFI RAIMUNDO VIEIRA DIAS (POLO ESCOLA EDUARDO CAVALCANTE ARAGAO);POVOADO DE CARAUNO
RERIUTABA;79;35;CENTRO;EEMTI CORONEL ALFREDO SILVANO;RUA JOSÉ TEODORO SOARES, S/N
PORTEIRAS;70;284;SIMAO-SEDE;E E I F JOSÉ ARISTARCO CARDOSO;VILA SIMAO
FORTALEZA;93;263;MONDUBIM;EM JONATHAN DA ROCHA ALCOFORADO;RUA MARIA GOMES DE SÁ,1030 ARACAPÉ
JAGUARUANA;75;33;CORREGO DO MACHADO;E.E.F. FRANCISCO VENANCIO DA SILVA;CORREGO DO MACHADO
ITATIRA;33;387;ZONA RURAL;EMEF JOSÉ GERMANO FERREIRA;POÇO DA PEDRA
FORTALEZA;114;4;ÁLVARO WEYNE;COLÉGIO MANUEL DA SILVA (ÁLVARO WEYNE);RUA SÃO BERNARDO 181
TIANGUÁ;81;182;DOM TIMÓTEO;E.E.I.F. NOSSA SENHORA DAS GRAÇAS;AVENIDA FRANCISCO VIRGILIO FILHO
IPU;21;143;REINO DE FRANCA;EEF TERESA ODETE - CEJA;RUA CEL FELIX 600 - REINO DE FRANCA
ITAPIPOCA;17;64;ÁREA RURAL DE ITAPIPOCA;EEB JOÃO SABINO DO NASCIMENTO;LAGOA DO JUA
FORTALEZA;115;26;MARAPONGA;EEM  PROFESSORA DIVA CABRAL;RUA HOLANDA, 701
FORTALEZA;112;497;CIDADE DOS FUNCIONÁRIOS;COLEGIO MASTER SUL;RUA BENJAMIM MOURA, 631
MARACANAÚ;122;291;NOVO ORIENTE;EMEF DEP ULYSSES GUIMARAES;RUA 29 N. 10
SOBRAL;121;112;CARACARÁ;ESCOLA ODETE BARROSO;PRACA DA MATRIZ S/N
GUARAMIRANGA;5;235;AGOSTINHO-SITIO;CRECHE MUNICIPAL AGOSTINHO II (AGOSTINHO);AGOSTINHO
FORTALEZA;93;130;PREFEITO JOSÉ WALTER;COLEGIO 21 EDUCAR;AV JOAO DE ARAUJO LIMA, 1240 - II ETAPA
BOA VIAGEM;63;226;PITOMBEIRA-SEDE;EEF JOSE ALVES TERCEIRO;CAJAZEIRAS
EUSÉBIO;88;262;URUCUNEMA;EEF JOSEFA SA;RUA BEIRA RIO, 400 - MOSQUITO
FORTALEZA;113;415;MONTESE;EEFM MARECHAL HUMBERTO DE ALENCAR C. BRANCO;RUA ALVARO FERNANDES, 913
MASSAPÊ;45;130;LUIS DA HORA PEREIRA;CMEF PROFESSORA MARIA DO CARMO CARNEIRO (EEF MARIA PONTES VIDAL);RUA AMADEU ALBUQUERQUE, S/N
FORTALEZA;93;277;PREFEITO JOSÉ WALTER;CENTRO DE INCLUSÃO TECNOLÓGICA E SOCIAL - CITS JOSÉ WALTER;AV. K, 330, SEGUNDA ETAPA
BEBERIBE;84;34;PARIPUEIRA;ESCOLA MUNICIPAL BOM JESUS DOS NAVEGANTES;PRAINHA DO CANTO VERDE
FORTALEZA;80;174;FÁTIMA;CENTRO EDUC. DA JUV. PE. JOÃO PIAMARTA - AGUANAMBI;AV. AGUANAMBI, 2479
FORTIM;8;319;CENTRO;EEIFTI. PROFESSORA MARIA LUIZA;RUA JOAQUIM CRISÓSTOMO, 739.
ALTO SANTO;86;26;CENTRO;ESCOLA DE 1 GRAU CAZUZA BEZERRA;RUA 31 DE MARCO SN
OCARA;67;188;SERRAGEM-DISTRITO;ESCOLA MUNICIPAL JOSÉ DOS SANTOS DE OLIVEIRA;BAIXA GRANDE
MARACANAÚ;122;276;HORTO;EMEIEF CESAR CALS DE OLIVEIRA NETO;RUA PROF JOSÉ HENRIQUE DA SILVA, S/N
JUAZEIRO DO NORTE;119;110;SANTA TEREZA;COLÉGIO MILITAR DE JUAZEIRO DO NORTE;CASTELO BRANCO SN
FORTALEZA;118;306;PASSARÉ;COLEGIO EXODUS;RUA DOUTOR EDUARDO DIAS, 156
SOBRAL;121;282;PEDRINHAS;ESCOLA MARIA DO CARMO ANDRADE;PRAÇA DR. JOSE EUCLIDES FERREIRA GOMES JUNIOR, S/N
SOBRAL;121;56;COHAB I;EEFM MONS. JOSE GERARDO FERREIRA GOMES(NOELIA);RUA MADALENA DE SÁ, S/N
ITAPIPOCA;17;615;URBANO TEIXEIRA;EEB ADAUTO BEZERRA;RUA JOAQUIM RODRIGUES TEIXEIRA
FORTALEZA;93;143;PREFEITO JOSÉ WALTER;EEEP PROFESSOR ONELIO PORTO;AVENIDA E, 471 - II ETAPA
MASSAPÊ;45;2;CENTRO;EEFM ADAUTO BEZERRA;PCA MANOEL JARBAS AGUIAR SN
RUSSAS;9;95;BONHU;ESCOLA MUNICIPAL UIRANDE AUGUSTO BORGES;BONHU
FORTALEZA;94;438;ANTÔNIO BEZERRA;COLEGIO JULIA FIALHO;RUA JOSE ACIOLY 73
JARDIM;119;282;CENTRO;ESCOLA GOV. ADAUTO BEZERRA;AV WILSON RORIZ 1334
FORTALEZA;93;89;PREFEITO JOSÉ WALTER;EM MINHA VIDA MEUS AMORES;AVENIDA D, 380 - II ETAPA
BELA CRUZ;96;79;CORREGO GRANDE-SEDE;EMETI FRANCISCO ADEODATO MORAIS;RUA DEPUTADO MANOEL RODRIGUES, S/N
JUAZEIRO DO NORTE;28;223;FRANCISCANOS;COLÉGIO SÃO FRANCISCO DE ASSIS;NOSSA SENHORA DO CARMO SN
IPU;21;92;SEDE;PATRONATO SOUSA CARVALHO;PCA DR CHAGAS PINTO 1045 - CENTRO
TAMBORIL;61;96;ZONA RURAL;EMTI  DOM ANTONIO BATISTA FRAGOSO;ASSENTAMENTO FLORESTA
FORTALEZA;80;144;TAUAPE;COLÉGIO MONSENHOR JOVINIANO BARRETO - INFANTIL;RUA FREI VIDAL, 1680
ARARIPE;68;110;CENTRO;ESCOLA ESTADUAL DONA CARLOTA TÁVORA - SEDE;RUA ANTONIO NUNES DE ALENCAR, 326
TAUÁ;19;428;ALDEOTA;ESCOLA PROFISSIONALIZANTE MONSENHOR ODORICO;AV CHERMONT ALVES, S/N
MOMBAÇA;46;156;RECREIO;ESCOLA DE ENSINO FUNDAMENTAL MARIA SILVINO BENEVIDES;RUA ALTO ALEGRE, S/N
ICÓ;15;29;CENTRO - SEDE;CEJA - ANA VIEIRA PINHEIRO;RUA DONA ALDERY, 324
JUAZEIRO DO NORTE;28;106;PIO XII;EEF HELOISA SOBREIRA DIAS CAMILO;RUA MIGUEL PEDRO DE BRITO, 46
AIUABA;101;40;ARARAS;GRUPO ESCOLAR MANOEL ALVES;SITIO ARARAS SN
ICÓ;15;77;SANTA CRUZ DA SERRA - DISTRITO;ESCOLA MUNICIPAL  WALFRIDO MONTEIRO SOBRINHO;RUA EVILASIO BARBOSA S/N
FORTALEZA;85;345;CONJUNTO CEARÁ I;ESCOLA MUNICIPAL JOAO NUNES PINHEIRO;AVENIDA F, 550, 1A ETAPA
FORTALEZA;116;48;BOM JARDIM;EM SANTOS DUMONT;RUA GERALDO BARBOSA 240
SÃO BENEDITO;22;62;SITIO PEDRA DE COCO II;EEF JOSE ANTONIO DE MELO;SITIO PEDRA DE COCO  II
MARACANAÚ;122;150;MUCUNA;EMEF MANOEL ROSEO LANDIM;RUA OSCAR FERREIRA DE BRITO, 161
ARARIPE;68;112;CENTRO;ESCOLA ESTADUAL DONA CARLOTA TÁVORA - SEDE;RUA ANTONIO NUNES DE ALENCAR, 326
FORTALEZA;117;296;SIQUEIRA;COLÉGIO VIDA VIVA;RUA JOSÉ MARIA, 100
FORTALEZA;117;164;BOM JARDIM;EEFM JULIA ALVES PESSOA;RUA SÃO FRANCISCO SN
FORTALEZA;94;939;PADRE ANDRADE;COLÉGIO UNIVERSO;RUA JOAQUIM ALBANO, N 100
QUIXADÁ;6;345;JUÁ;EEF PEDRO RODRIGUES FILHO;JUA - SEDE, S/N
QUIXADÁ;6;471;CEDRO;CEI PAULO REGLUS NEVES FREIRE;RUA 7, RESIDENCIAL RACHEL DE QUEIROZ
APUIARÉS;50;149;ZONA RURAL;UEI UMARI;UMARI
NOVA OLINDA;53;22;CENTRO;EMEF AVELINO FEITOSA;AV. PERIMETRAL SUL, 576
PARACURU;109;78;QUATRO BOCAS;E. M. E. I. F. ISAC DA ROCHA;QUATRO BOCAS
OCARA;67;195;NOVO HORIZONTE-DISTRITO;ESCOLA MUNICIPAL JOAQUIM MARTINS DE SOUZA - ENSINO FUNDAMENTAL;NOVO HORIZONTE
IPU;21;22;SEDE;EEMTI DELMIRO GOUVEIA;AV MILTON CARVALHO 1171 - CAIXA DAGUA
BARBALHA;31;45;ROSÁRIO;CEI MARIA ALACOQUE SAMPAIO (ROSÁRIO);RUA PADRE JATAÍ, 05
BARBALHA;31;111;VILA DO CALDAS;EMEIF BOM JESUS (VILA DO CALDAS);RUA DANIEL CORDEIRO NEVES, S/N - PRAÇA PE.CARLOS
FORTALEZA;85;107;CONJUNTO CEARÁ I;CEJA ADELINO DE ALCANTARA FILHO - UV-6;RUA SEISCENTOS E DOZE, 100, 1A ETAPA
FORTALEZA;94;437;ANTÔNIO BEZERRA;EEF INSTITUTO DOS CEGOS (ANTÔNIO BEZERRA);RUA DR. JOÃO GUILHERME, 373
FORTALEZA;95;303;CONJUNTO PALMEIRAS;CEI MARIA DO SOCORRO FERREIRA VIRINO;RUA VALPARAÍSO, 339
JUCÁS;43;60;MEL - VILA;ESCOLA DE 1 GRAU ANTONIO JOSE DE MELO;RUA ANTONIO JOSE DE MELO S/N
FORTIM;8;86;CENTRO;EEIFTI. PROFESSORA MARIA LUIZA;RUA JOAQUIM CRISÓSTOMO, 739.
FORTALEZA;94;887;PADRE ANDRADE;EEMTI MONSENHOR DOURADO;AVENIDA SARGENTO HERMÍNIO SAMPAIO 4600
SOBRAL;121;96;COHAB II;EEFI PAULO ARAGAO;RUA CAETANO FIGUEIREDO 100 COHAB II
JUAZEIRO DO NORTE;119;373;PREFEITO CARLOS ALBERTO DA CRUZ;ESCOLA ZILA BELEM;FRANCISCO VICENTE SILVA CAVALCANTE SN
FORTALEZA;113;414;VILA UNIÃO;COLÉGIO ART E MANHA;RUA SÃO MATEUS, 1020
FORTALEZA;82;66;CRISTO REDENTOR;EM CRISTO REDENTOR;AV. PASTEUR, 372
BEBERIBE;84;7;PARIPUEIRA;ESCOLA MUNICIPAL ERNESTO GURGEL VALENTE;RUA FRANCISCO XAVIER 217 - CENTRO
ITAPAJÉ;41;43;ESMERINO GOMES;EEEP ADRIANO NOBRE;RUA ODILON FERREIRA GOMES, 475.
ACARAÚ;30;16;CENTRO;ESCOLA TOMAZ POMPEU DE SOUSA BRASIL;RUA JOSE JULIO LOUZADA 550
FORTALEZA;95;259;BARROSO;EEFM PROFESSOR  ALOYSIO BARROS LEAL;RUA 10,  LOT. PRQ.VERDE 28 (CJ JOAO PAULO II)
FORTALEZA;95;181;CAJAZEIRAS;DNIT;RODOVIA BR-116, KM 06
QUIXERAMOBIM;11;111;VILA BETANIA;ESCOLA JOSE CARNEIRO;RUA RAIMUNDO SALDANHA SN
QUIXADÁ;6;329;ÁREA RURAL DE QUIXADÁ;EEF JULITA ALVES DE LIMA;SÃO CRISTOVÃO, S/N
RUSSAS;9;244;POCO REDONDO;ESCOLA MUNICIPAL LINO GONCALVES;POÇO REDONDO
FORTALEZA;94;760;QUINTINO CUNHA;IGREJA SÃO PEDRO E SÃO PAULO;RUA PADRE TEODORO, 996
FORTALEZA;80;348;JOAQUIM TÁVORA;COLÉGIO SALESIANO DOM BOSCO;AV ANTONIO SALES 116
FORTALEZA;112;455;EDSON QUEIROZ;UNIVERSIDADE DE FORTALEZA - UNIFOR;AVENIDA WASHINGTON SOARES, 1321
JUAZEIRO DO NORTE;119;151;JOAO CABRAL;ESCOLA IVA EMIDIO GONDIM;PIO NOROES SN
SÃO GONÇALO DO AMARANTE;36;315;TAIBA-DISTRITO;ESCOLA DE EDUCAÇÃO BÁSICA PROFª ALBA HERCULANO ARAÚJO;RUA CAPITAO INACIO PRATA SN -TAÍBA
LIMOEIRO DO NORTE;29;43;ÁREA RURAL;ESCOLA DE 1 GRAU DONA LUIZA TAVORA;CANAFISTULA DE BIXOPA
TAUÁ;19;257;MARROAS;EEF SILVESTRE ARAÚJO MOTA;BARRA DOS CÂNDIDOS
ACARAÚ;30;328;CENTRO;ESCOLA PROF. TERESA DE JESUS SILVA;RUA JOÃO JAIME FERREIRA GOMES, 457
CRATO;27;221;VILA ALTA;APAE - INSTITUTO DE REEDUCAÇÃO EVILENE ROLIM LOUCETTI;TRAVESSA MILAGRES S/N
HORIZONTE;78;101;CATOLÉ;EMEF JOAO ANTONIO DA SILVA;RUA MANOEL DAMASCENO DA COSTA, 701
VIÇOSA DO CEARÁ;35;8;CENTRO;COLÉGIO TENENTE ANGELO DE SIQUEIRA PASSOS;RUA FRANCISCO CALDAS DA SILVEIRA 180
CAMOCIM;32;195;CENTRO;CEJA - JOAO DA SILVA RAMOS;PRACA JOSE SEVERIANO MOREL S/N
IBICUITINGA;47;54;CENTRO;EEB ENEAS FERREIRA NOBRE;RUA CAPITAO MANOEL ANTONIO 2180
CRATO;27;78;VILA ALTA;EEFM JOSÉ ALVES DE FIGUEIREDO;RUA GETÚLIO VARGAS, 214
JAGUARUANA;75;110;TABULEIRO;E.E.F. MONSENHOR ALUISIO DE CASTRO FILGUEIRAS;RUA JOAO FRANCISCO RODRIGUES 1384
SABOEIRO;43;246;DISTRITO SÃO JOSÉ;E.E.F. ALDIZIO FERREIRA DOS SANTOS;DISTRITO SAO JOSE
ITAREMA;98;186;CENTRO;LICEU DE ITAREMA - EEM VALDO VASCONCELOS RIOS;RUA DAS INDUSTRIAS S/N - CENTRO
JUAZEIRO DO NORTE;119;165;PIRAJA;ESCOLA DEMOSTENES RATTS BARBOSA;AILTON GOMES SN
MISSÃO VELHA;16;44;SEDE;EEF JUVENAL RODRIGUES BRANDAO;AVENIDA JOSE SOBREIRA DA CRUZ S/N, MATERNIDADE
HORIZONTE;78;129;QUEIMADAS;EMEF QUILOMBOLA OLIMPIO NOGUEIRA LOPES;RUA RAIMUNDO LOPES, 1083
TRAIRI;97;115;CENTRO;ESCOLA DE 1 E 2 GRAU JONAS HENRIQUE DE AZEVEDO;AV CELSO BARROSO
GUARAMIRANGA;5;219;CENTRO-SEDE;EMEF PROFESSOR JULIO HOLANDA;RUA CEL FRANCISCO DE MATOS BRITO S/N
JUAZEIRO DO NORTE;119;379;ANTONIO VIEIRA;ESCOLA PREFEITO ANTONIO CONSERVA;CONSTRUTOR JOSE SABINO SN
IBICUITINGA;47;166;CANINDEZINHO;EEB MANOEL ANTONIO DE FREITAS;CANINDEZINHO  - SEDE
FORTALEZA;93;235;PREFEITO JOSÉ WALTER;EM DIOGO VITAL DE SIQUEIRA;AVENIDA L , S/N
CRATEÚS;20;298;FATIMA II;EEFM LIONS CLUBE;RUA CLOVIS BEVILAQUA 1417
SÃO GONÇALO DO AMARANTE;36;73;SIUPE-DISTRITO;ESCOLA DE ENSINO FUNDAMENTAL DONA FILOMENA MARTINS;SIUPE
PACAJUS;49;108;CRUZ DAS ALMAS;EEEP JOSE MARIA FALCAO - LICEU DE PACAJUS;RUA RAIMUNDO CORREIA LIMA, S/N
IPUEIRAS;40;180;PALMEIRAS;E.E.F UCESSINA RIBEIRO MELO - PALMEIRAS;PALMEIRAS
SÃO BENEDITO;22;75;SITIO JUSSARA;EEF CICERO CLEMENTINO DE MEDEIROS;SITIO JUSSARA
CRATO;27;262;FRANCA ALENCAR;EEIEF PROFESSOR ÁLVARO RODRIGUES MADEIRA;RUA ANTONIO DE ALENCAR ARARIPE, SN. LOTEAMENTO FRANCA ALENCAR
ITAPIPOCA;17;728;JULHO;CEI CLÁUDIO JOSÉ RIBEIRO DA COSTA;RUA F, N 100 - JULHO I
IGUATU;13;176;FLORES;ESCOLA DE ENS FUND CARLOTA TAVORA;JUVENAL BARRETO 432
ARATUBA;105;94;CENTRO-SEDE;PSF SAMIA ROSITA LESSA BOTELHO;LOCALIDADE DO URUBU
MARACANAÚ;122;40;NOVO ORIENTE;EMEF JOSE DANTAS SOBRINHO;AV. CENTRAL, S/N
MARCO;96;191;BAIRRO COQUEIRINHO;CEI EDILARDO MOREIRA;RUA GOVERNADOR RAUL BARBOSA S/N
MARACANAÚ;122;169;SIQUEIRA (siqueira 2);EMEF VALDENIA ACELINO DA SILVA;RUA IRINEU MACHADO, 1250
CASCAVEL;7;206;MUTIRÃO;ESC.ENS.FUND. LIBIA RIBEIRO;RUA LIBIA RIBEIRO, S/N
ITAPIPOCA;17;554;MARINHEIROS;SALÃO COMUNITÁRIO DO SÍTIO SÃO JOSÉ;SÃO JOSÉ
SÃO GONÇALO DO AMARANTE;36;303;CARAUBAS;NUCLEO INFANTIL TIA FAUSTA;CARAUBAS
FORTALEZA;118;659;SERRINHA;COLÉGIO SAGRADA FAMÍLIA;RUA MADRE ELISA BALDO, 331
HIDROLÂNDIA;54;4;CENTRO;E. M. E. F. ADAIL FREITAS MARINHO;RUA VEREADOR EXPEDITO PEREIRA DE SOUSA, 199
CAUCAIA;120;388;COITE PEDREIRA;E.E.I.E.F. SANTA RITA CATARINA;SÍTIO CATARINA
FORTALEZA;93;212;PREFEITO JOSÉ WALTER;CEI RACHEL DE QUEIROZ;RUA 41, S/N - II ETAPA
UMIRIM;23;251;BANANA;E.E.M. MARIA IRACEMA UCHOA SALES (LICEU);RUA RUFINO DE SOUSA, S/N
MARACANAÚ;122;162;NOVO MARACANAU;EMEF PRESIDENTE TANCREDO NEVES;RUA 06 COM RUA 02 S/N
FORTALEZA;115;32;PARANGABA;EM THOMAZ POMPEU SOBRINHO;RUA JOSE MENELEU, 531
FORTALEZA;114;88;BARRA DO CEARÁ;CUCA BARRA DO CEARÁ;AV. PRES. CASTELO BRANCO, 6417
MILAGRES;26;25;MISSIONÁRIAS;ESCOLA DONA ANTONIA LINDALVA DE MORAIS;RUA PALMERINDO MENDONCA S/N
FORTALEZA;93;241;PREFEITO JOSÉ WALTER;EM ROGACIANO LEITE;RUA 45, S/N - III ETAPA
FORTALEZA;93;153;PREFEITO JOSÉ WALTER;EM NELSON MANDELA;AV. C, 435
MARACANAÚ;122;192;INDUSTRIAL;EEFM JOSE DE BORBA VASCONCELOS;AV. CONTORNO SUL S/N
MARACANAÚ;104;32;JEREISSATI I;EMEIEF MARIA ÍSIS MENEZES ANDRADE;RUA ANTÔNIA ARAÚJO FERREIRA, S/N
MERUOCA;24;609;São Francisco;CASA DA JUVENTUDE FRANCISCO JOSE CARLOS;DISTRITO SAO FRANCISCO
MARANGUAPE;4;24;PARQUE IRACEMA - MARANGUAPE;CEI MÁRIO VALENTIM DE ANDRADE;RUA ANTÔNIO GOMES BESSA, S/N
MARANGUAPE;4;580;AMANARI;EEMTI ANTONIO LUIS COELHO;RUA DO COMÉRCIO, S/N
MILHÃ;55;101;SITIO BARRA-SEDE;ESCOLA DE 1 GRAU RAIMUNDO BRAZ;SITIO BARRA
PARAIPABA;109;171;SETOR C2;EMEIF EDMUNDO PEREIRA BARBOSA;PROJETO IRRIGADO DO CURU - SETOR C2
IGUATU;13;416;FOMENTO;ESCOLA DE ENS FUND LUIZA BEZERRA DE SOUZA;VILA FOMENTO
FORTALEZA;115;442;MANOEL SÁTIRO;EM MARIA VIVIANE BENEVIDES GOUVEIA;RUA CREUZA ROQUE 247
ARATUBA;105;183;TOPE-SITIO;ESCOLA MUNICIPAL JOSE MENDES DA CRUZ;TOPE
VIÇOSA DO CEARÁ;35;28;LAMBEDOURO;E.E.F. DE OITICICAS;VILA OITICICAS
MARTINÓPOLE;25;135;COHAB;E.E.F. PROFESSOR JOÃO RICARDO;RUA ARGEMIRO NEVES, 659
CAUCAIA;37;602;PARQUE LEBLON;EEIEF PEDRO LAURINO DE OLIVEIRA;RUA FILGUEIRAS SAMPAIO, S/N
CASCAVEL;7;261;SITIO BICA;CEI MARIA AFIFE SARQUIS QUEIROZ ;RUA SDO, 141 SITIO BICA
ACOPIARA;60;63;DISTRITO SANTA FELICIA;EEF FRANCISCO DE ASSIS SILVA CASTRO;SITIO PATRIMONIO
FORTALEZA;93;315;ARACAPÉ;EMEIF IVANILSON SOUZA LIMA COSTA;RUA POLIANA N.102
MISSÃO VELHA;16;75;ZONA RURAL;EEF MANOEL FAUSTINO DO NASCIMENTO;DISTRITO DE GAMELEIRA DE SAO SEBASTIAO
ITAPIPOCA;17;32;BOA VISTA;ESCOLA DE 1 GRAU DR GERALDO GOMES DE AZEVEDO;RUA JOAQUIM AMÉRICO TEIXEIRA, 216
ITAPIPOCA;17;556;BALEIA;EEB JOSE IRANI MENDES;MACEIO
ACOPIARA;60;28;LUNA;EEF AMARO BEZERRA;VILA LUNA
AURORA;69;58;PADRE MORORO-SEDE;E.E.I.F. ANTONIO LANDIM DE MACEDO;PADRE MORORO S/N
CASCAVEL;7;243;MUTIRÃO;ESC.ENS.FUND. LIBIA RIBEIRO;RUA LIBIA RIBEIRO, S/N
FORTALEZA;114;189;BARRA DO CEARÁ;EM JADER DE FIGUEIREDO CORREIA;RUA TOCANDIRA 61
ARACOIABA;67;123;MILTON BELO-DISTRITO;ESCOLA MUNICIPAL RAIMUNDO FACO;ASSENTAMENTO ANTONIO CONSELHEIRO - UMARI DO CORREGO
QUIXERÉ;29;262;LAGOINHA;ANEXO POSTO DE SAÚDE LAGOINHA III;ITAITINGA
TABULEIRO DO NORTE;91;22;CENTRO;ESCOLA DE 1 E 2 GRAUS FRANCISCO MOREIRA FILHO;RUA MANOEL FRANKLIN, 5033
FORTALEZA;114;89;BARRA DO CEARÁ;CUCA BARRA DO CEARÁ;AV. PRES. CASTELO BRANCO, 6417
FORTALEZA;83;775;HENRIQUE JORGE;EEMTI PROFESSOR PAULO FREIRE;AVENIDA SENADOR FERNANDES TÁVORA 1936
FORTALEZA;80;139;DIONISIO TORRES;EEFM JOAQUIM ANTÔNIO ALBANO;RUA JULIO SIQUEIRA 390
ITAPAJÉ;41;157;MARITACACA;ESCOLA MUNICIPAL DEUSIMAR LIRA BASTOS;MARITACACA
FORTALEZA;1;921;CAIS DO PORTO;EEFM - HELENITA MOTA;RUA AMANCIO FILOMENO,720
ITAPIPOCA;17;455;PICOS;EEB ODETE TEIXEIRA BARROSO;SERRINHA
PINDORETAMA;7;224;SEDE;EMEB PROFESSORA VERÔNICA PEREIRA DE ARAÚJO;RODOVIA CE-040, S/N, PINDORETAMA
MARACANAÚ;104;149;CENTRO;EEM TENENTE MÁRIO LIMA;RUA FRANCISCO FIRMINO, 293
JIJOCA DE JERICOACOARA;30;82;ZONA RURAL;ESCOLA NOSSA SENHORA DA CONSOLACAO;NOVO JERI S/N - JERICOACOARA
QUIXERAMOBIM;11;135;MANITUBA;ESCOLA LUIS ALMEIDA;CARNAUBINHA
BOA VIAGEM;63;129;INHARé;EEF ANTONIO CARNEIRO DA SILVA;INHARE
GUARACIABA DO NORTE;74;148;DISTRITO;E.E.I.F. GUARANI II;GUARANI - VARZEA DOS ESPINHOS
ARACATI;8;260;CENTRO;COLEGIO MARISTA DE ARACATI;PRAÇA SÃO MARCELINO CHAMPAGNAT, 1
TABULEIRO DO NORTE;91;20;CENTRO;ESCOLA  ANTÔNIO ALVES MAIA;RUA CEL. PIO GADELHA, 4683
CAUCAIA;123;504;ARATURI (JUREMA);E.E.I.E.F. RITA DE CÁSSIA BRASILEIRO PONTES;AV. CENTRAL, 1112
CRATEÚS;20;90;LAGOA DAS PEDRAS;ESCOLA DE CIDADANIA JOSE BRAZ DE PINHO;LAGOA DAS PEDRAS II
FORTALEZA;1;668;VICENTE PINZON;ESCOLA ESTADUAL MURILO BORGES;RUA DO ENTARDECER 90
FORTALEZA;1;395;VICENTE PINZON;CIES AIDA SANTOS;AVENIDA TRAJANO DE MEDEIROS  813
FORTALEZA;2;100;MESSEJANA;EM PROFª TELINA BARBOSA DA  COSTA;RUA PERGENTINO MAIA, 811
HORIZONTE;78;162;PLANALTO HORIZONTE;EMEF JORGE PEREIRA DA ROCHA;RUA PAULO FREIRE 40
HORIZONTE;78;209;CACHOEIRA;EMEF MARIA JOSÉ DE SOUSA;RUA LEOCLECIO PEREIRA, 221
FORTALEZA;3;569;ALDEOTA;INSTITUTO CEARENSE DE EDUCAÇÃO DE SURDOS - ICES;AV. RUI BARBOSA, 1970
FORTALEZA;80;312;DIONISIO TORRES;COLÉGIO CHRISTUS - DIONÍSIO TORRES;RUA ISRAEL BEZERRA 630
FORTALEZA;93;118;PLANALTO AYRTON SENNA;EEFM DEPUTADO JOACI PEREIRA;RUA PROFESSOR PEDRO JORGE, 830
CAMOCIM;32;149;CENTRO;EEF ALBA MARIA DE ARAUJO LIMA AGUIAR;RUA DA INDEPENDENCIA SN
ARACATI;8;68;VOLTA DA MUTAMBA;ASSOCIAÇÃO DE MORADORES DE VOLTA DA MUTAMBA;VOLTA DA MUTAMBA
TABULEIRO DO NORTE;91;42;OLHO D'ÁGUA DA BICA;EEMTI ANTONIO VIDAL MALVEIRA;OLHO D'ÁGUA DA BICA
PORTEIRAS;70;297;PICARRA-SEDE;POSTO DE SAÚDE ANTONIO TEIXEIRA LEITE;VILA PICARRA
ITAPIPOCA;17;718;CRUZEIRO;EEB PROFESSOR PEDRO TEIXEIRA BARROSO;RUA ANTONIO BARROSO NETO S/N
HORIZONTE;78;198;CENTRO;CEJAH LAURIZA VIEIRA LIMA ;RUA FRANCISCO PEREIRA DE AZEVEDO,164 
CAPISTRANO;105;21;CENTRO;ESCOLA DE ENSINO FUNDAMENTAL FERNANDO CAVALCANTE MOTA;RUA JOSE SARAIVA SOBRINHO  S/N
JAGUARUANA;75;28;SANTA LUZIA;E.E.F. FRANCISCO JAGUARIBE (SANTA LUZIA);SANTA LUZIA
FARIAS BRITO;62;201;SEDE;EEF MARIA CARMOSINA PINHEIRO RODRIGUES;TRAVESSA ENOCH RODRIGUES, 53
FORTALEZA;1;945;VICENTE PINZON;ESCOLA ESTADUAL DEPUTADO MANOEL RODRIGUES;RUA OLIVEIRA FILHO, 1576
MARACANAÚ;122;139;OLHO D' AGUA;EMEF JOSE MARIO BARBOSA;RUA GABRIEL FERREIRA DE SOUSA, 850
SÃO GONÇALO DO AMARANTE;36;214;CONDOMINIO;CRECHE ANTONIO PLACIDO ALCANTARA;RUA UMARITUBA 52 - CONDOMÍNIO - SEDE
HORIZONTE;78;181;CENTRO;CENTRO CULTURAL;RUA BATURITE, 776 ESQ C/RAIMUNDO ALVES DA SILVA
ITAPIPOCA;17;35;CENTRO;EEFM ANASTACIO ALVES BRAGA;AV DUQUE DE CAXIAS 888
JUAZEIRO DO NORTE;119;179;SAO JOSE;ESCOLA ANTONIO FERREIRA DE MELO;RODOVIA JUAZEIRO/CRATO
ITAPIPOCA;17;499;VIOLETE;EEB JOSE LINS DE ALBUQUERQUE;RUA CRISTO REDENTOR
PACATUBA;57;253;PAVUNA;CENTRO DE EDUCACAO RURAL CLOVIS DE CASTRO PEREIRA;RUA CLOVIS DE CASTRO PEREIRA 235
MARACANAÚ;104;307;JEREISSATI II;EEMTI PROFESSOR EDMILSON PINHEIRO;AVENIDA XII, 727
ITAPIPOCA;17;714;NOVA ALDEOTA;EEB DR PÉRICLES FERNANDES TEIXEIRA;RUA CAIO PRADO, 3069
TEJUÇUOCA;41;199;INGÁ;CRECHE SÃO VICENTE;FAZENDA INGÁ
TEJUÇUOCA;41;99;CENTRO-SEDE;ESCOLA MUNICIPAL SAO PEDRO;RUA JOSE BARROSO VALENTE SN
CEDRO;13;527;PEGA AVOANTE;ESCOLA DE ENS FUND ARAKEN SEDRIN DE AGUIAR;RUA SAO JOSE 1790
ARACATI;8;32;CENTRO;INSS - INSTUTO NACIONAL DA SEGURIDADE SOCIAL;PC RAIMUNDO PORTO SN
QUIXERAMOBIM;11;30;SAO MIGUEL;ESCOLA ANTONIO DE PADUA SARAIVA LEAO;CARAUNO
PEREIRO;10;183;ZONA RURAL;POSTO DE SAÚDE MONSENHOR DIOMEDES;SÍTIO CHAPADA
MARACANAÚ;104;198;JEREISSATI II;EMEIEF GENCIANO GUERREIRO DE BRITO;AVENIDA XII, N 3
IGUATU;13;2;PLANALTO;ESCOLA DE ENS MEDIO AMELIA FIGUEIREDO DE LAVOR;RUA 13 DE MAIO SN
HORIZONTE;78;98;CATOLÉ;EMEF JOAO ANTONIO DA SILVA;RUA MANOEL DAMASCENO DA COSTA, 701
CHORÓ;6;319;MONTE CASTELO;EEF TOMAZ NUNES CAVALCANTE;MONTE CASTELO, S/N
AIUABA;101;9;CENTRO;EEM JOSÉ FERREIRA BARBOSA;RUA 7 DE SETEMBRO S/N
CRATO;27;211;MURITI;EEF PROF. JOSÉ DO VALE ARRAES FEITOSA;RUA VICENTE GREGÓRIO MARINHO, SN. N. SRA. DE FÁTIMA. BARRO BRANCO
FORTALEZA;93;178;MONDUBIM;EEFM ESTADO DO MARANHAO;RUA CARLOS PIMENTA,506
BARBALHA;31;6;VILA DO CALDAS;EMEIF BOM JESUS (VILA DO CALDAS);RUA DANIEL CORDEIRO NEVES, S/N - PRAÇA PE.CARLOS
FORTALEZA;115;225;SERRINHA;EMEIF WALDEMAR BARROSO;RUA CÔNEGO LIMA SUCUPIRA,  1651
FORTALEZA;1;702;CAIS DO PORTO;EEFM - HELENITA MOTA;RUA AMANCIO FILOMENO,720
CHORÓ;6;156;MARAVILHA;EEIF MARIA AMELIA;BOA VISTA, S/N, MARAVILHA
CAUCAIA;120;323;SITIOS NOVOS;E.E.F. ALICE MOREIRA DE OLIVEIRA;RUA HENRIQUE MARTINS, S/N
TIANGUÁ;81;36;LAURÃO;UNINTA - FACULDADE TIANGUÁ;RUA CONSELHEIRO JOÃO LOURENÇO, 406 - LAURÃO
TAUÁ;19;66;ALTO BRILHANTE;EEF JOAQUIM PIMENTA;AV JOSE VALDEMAR REGO 585
FORTALEZA;114;122;ÁLVARO WEYNE;EMTI NOSSA SENHORA DE FÁTIMA (ANTIGA APOSTÓLICA/SEMINÁRIO);RUA SÍLVIO ROMERO 370
HORIZONTE;78;415;BUENOS AIRES;EMEF FRANCISCO XAVIER DE FREITAS;RUA MANOEL LUIZ, N. 1.352
FARIAS BRITO;62;202;BARREIRO DO JORGE;EEF JOAQUIM FERREIRA DOS SANTOS;VILA BARREIRO DO JORGE - DISTRITO DE QUINCUNCÁ
IBICUITINGA;47;249;ANTONIO PEREIRA;EEB MANOEL VICENTE FERREIRA;SITIO ANTONIO PEREIRA
ITAPIPOCA;17;87;ARAPARI;EEB JOSE EDILSON DE SOUSA;ARAPARI
ITAPIPOCA;17;689;ASSUNÇÃO;EEB RAIMUNDO GONCALVES DA SILVA;PARACATU
MILAGRES;26;132;SITIO TABOQUINHA;ESCOLA MANOEL CORREIA DA SILVA;SITIO TABOQUINHA
MERUOCA;24;629;Anil;EEIF - JOSE XIMENES ALBUQUERQUE;SITIO SAO VICENTE
FORTALEZA;114;221;FLORESTA;INSTITUTO EDUCACIONAL PRESIDENTE MEDICI;RUA CÉSAR CORREIA 973
IGUATU;13;290;ÁREA RURAL DE IGUATU;PSF DO SITIO TANQUES;SITIO TANQUES RODOVIA IGUATU/JUCAS
CAUCAIA;123;301;PARQUE POTIRA (JUREMA);E.E.I.E.F. ANTÔNIO ALBUQUERQUE SOUSA FILHO;RUA HERIBALDO RODRIGUES (ANTIGA RUA POTIGUARA), 488
CRATO;27;88;SEMINÁRIO;EEMTI GOVERNADOR ADAUTO BEZERRA;RUA MARCOS MACEDO S/N
CAUCAIA;37;622;ICARAI;EEIEF CELINA SÁ MORAIS;AVENIDA OTAVIADO COSTA, SN
CASCAVEL;7;59;GUANACES;ESC.ENS.FUND. CUSTODIO DA SILVA LEMOS;RUA ISAAC BENICIO, CENTRO
CASCAVEL;7;12;BESSALANDIA;ESC.ENS.FUND. JULIA DE MELO;RUA GABRIEL GOMES BARBOSA
ACOPIARA;60;194;DISTRITO DE SAO PAULO;EEF LUZIA DA SILVA LEAL;SITIO LAGOA DOS LEAL
JAGUARIBARA;72;76;CENTRO;PROF JOCELIN MARCONDES XAVIER DE ALMEIDA;AV. ZÉ LEITÃO, 236
CRATEÚS;20;33;VENANCIOS;CENTRO REGIONAL DE DESENVOLVIMENTO DA EDUCACAO (CREDE 13);KM 4 BR 226
JUAZEIRO DO NORTE;28;237;SAO MIGUEL;SENAC SÃO MIGUEL;RUA SAO LUIZ 701
HORIZONTE;78;157;CENTRO;CEI - MARIA DO CARMO OLIVEIRA;RUA MANOEL LUIZ, 459
TRAIRI;97;173;GUAJIRU;EEF MANOEL DIAS FILHO;GUAJIRU
FORTALEZA;3;282;PRAIA DE IRACEMA;EM SÃO RAFAEL;RUA DOS TABAJARAS, 244
MARACANAÚ;104;368;JARDIM BANDEIRANTES;EMEF EVANDRO AYRES DE MOURA;RUA SÃO SEBASTIÃO, 341
FORTALEZA;118;261;SERRINHA;EEFM PROFESSOR JADER MOREIRA DE CARVALHO;RUA PROFESSORA HELOISA FERREIRA LIMA, 420
CARIRIAÇU;71;20;PARAÍSO;EEF PAULO BARBOSA LEITE;RUA LUIZ BEZERRA, SN
VARJOTA;65;168;ACAMPAMENTO DNOCS;E.E.F. WALDIR LEOPÉRCIO;RUA TEREZINHA MORORÓ PASSOS, 384
UMARI;15;206;CENTRO - SEDE;ESCOLA DE ENSINO MÉDIO MONSENHOR MANOEL CARLOS DE MORAIS;RUA DOM QUINTINO 289
FORTALEZA;1;868;ALDEOTA;COLEGIO ARI DE SA - MONSENHOR CATAO;RUA MONSENHOR CATAO, 1655
CAUCAIA;123;432;ARATURI (JUREMA);E.E.F. PROFESSORA MARLY FERREIRA MARTINS;RUA NW-3, S/N
FORTALEZA;2;484;MESSEJANA;EEMTI PROFª FERNANDA MARIA GOMES DE AMORIM;AVENIDA FREI CIRILO 4454
QUIXERAMOBIM;11;90;CENTRO;CAMPUS UNIVERSITARIO DR ANDRADE FURTADO;AV DR JOAQUIM FERNANDES 382 - CENTRO
FORTALEZA;118;117;PASSARÉ;COLÉGIO MULTIVERSO;AV. JUSCELINO KUBITSCHECK, 3653
FORTALEZA;3;440;ALDEOTA;INSTITUTO CEARENSE DE EDUCAÇÃO DE SURDOS - ICES;AV. RUI BARBOSA, 1970
APUIARÉS;50;166;SÃO FRANCISCO;EEF AÉCIO DE BORBA;RUA JACA PRAÍBA, 410
MORADA NOVA;47;84;BOA AGUA;EEB MARIA RABELO MARTINS;RUA JULIO MARTINS DA COSTA, 24 - BOA ÁGUA
QUIXERAMOBIM;11;116;URUQUE;ESCOLA JOSE MARINHO GOES;VILA DE URUQUE
HORIZONTE;78;96;CATOLÉ;EMEF JOAO ANTONIO DA SILVA;RUA MANOEL DAMASCENO DA COSTA, 701
SÃO GONÇALO DO AMARANTE;36;82;BOLSO;ESCOLA DE ENSINO FUNDAMENTAL MANOEL PEREIRA BRITO;BOLSO
JUAZEIRO DO NORTE;119;464;SAO JOSE;CRECHE JOSE PERBOYRE SAMPAIO SABIA;RUA MOESIO SOUZA SILVA, S/N
TIANGUÁ;81;36;LAURÃO;UNINTA - FACULDADE TIANGUÁ;RUA CONSELHEIRO JOÃO LOURENÇO, 406 - LAURÃO
GUARACIABA DO NORTE;74;183;SEDE;INSTITUTO PROMOCIONAL BENJAMIM SOARES (PATRONATO);RUA PADRE BERNARDINO MEMORIA - CENTRO
FORTALEZA;115;461;MANOEL SÁTIRO;EM HENRIQUETA GALENO;RUA MAJOR MONTENEGRO 917
MARCO;96;120;BAIRRO COQUEIRINHO;CEI EDILARDO MOREIRA;RUA GOVERNADOR RAUL BARBOSA S/N
CARIDADE;111;57;CAMPOS BELOS;EPG RODOLFO TEIXEIRA BARROS;RUA ANTONIO SABINO SN
FORTALEZA;93;121;PLANALTO AYRTON SENNA;EEFM DEPUTADO JOACI PEREIRA;RUA PROFESSOR PEDRO JORGE, 830
CAPISTRANO;105;52;ZONA RURAL;CENTRO DE AÇÕES COMUNITÁRIAS - ACAE;MAZAGÃO III
NOVA OLINDA;53;18;CENTRO;EMEF ANA FERREIRA DO NASCIMENTO;AV. PERIMETRAL SUL,  SN
CEDRO;13;456;AÇUDE NOVO;CENTRO DE EDUCAÇÃO INFANTIL ROSALINA OTAVIANO DIAS;RUA VEREADOR FRANCISCO CHAGAS DE AQUINO, 15
URUBURETAMA;23;179;TAMBOATÁ / ZONA RURAL;EEF JOAQUIM BARROSO BRAGA;TAMBOATA
MARACANAÚ;122;4;NOVO MARACANAU;EMEIEF PROFª MARIA DO SOCORRO VIANA FREITAS;RUA 10 S/N
MARANGUAPE;4;422;MANOEL GUEDES;EMEIEF FLORÊNCIO BARROSO DE ALBUQUERQUE;RATO DE BAIXO
IBIAPINA;73;34;CENTRO;ESCOLA MONSENHOR MELO (ESTADUAL);AV PEDRO FERREIRA DE ASSIS 284
ARACATI;8;9;CENTRO;INSS - INSTUTO NACIONAL DA SEGURIDADE SOCIAL;PC RAIMUNDO PORTO SN
SÃO GONÇALO DO AMARANTE;36;292;VARZEA REDONDA;ESCOLA DE ENSINO FUNDAMENTAL JOAQUIM PACHECO MENEZES;VARZEA REDONDA
ITAITINGA;78;231;CENTRO;EEF VALMIQUE SAMPAIO ALBUQUERQUE;RUA JOSMO GURGEL ARAUJO, 1256
FORTALEZA;94;809;VILA VELHA;EMEIF HERONDINA LIMA CAVALCANTE;AV. AMBIENTALISTA ARY THIERS, 310
ITAPIÚNA;105;143;ZONA RURAL;CENTRO COMUNITARIO DE GARROTE;GARROTE
FORTALEZA;113;348;PARQUELÂNDIA;SECRETARIA EXECUTIVA REGIONAL III - FORTALEZA;AV JOVITA FEITOSA 3090
FORTALEZA;95;250;BARROSO;EMEIEF OTAVIO DE FARIAS;RUA JOAO FERREIRA, S/N
CAUCAIA;37;606;MESTRE ANTONIO;E.E.F. NELY CAULA DE CARVALHO;RUA LUIS GOMES DA SILVA, S/N
FORTALEZA;83;245;PANAMERICANO;EEFM ANISIO TEIXEIRA;RUA RIO GRANDE DO SUL 680
MASSAPÊ;45;85;ZONA RURAL;EEF FRANKLIN JUNIOR DE SOUSA;POVOADO DE PAUS BRANCOS
FORTALEZA;80;205;ALTO DA BALANÇA;EEF CIRCULISTA BOM JESUS;RUA JOSE BUSON 101
FORTALEZA;93;280;PLANALTO AYRTON SENNA;EM ADALBERTO STUDART FILHO;RUA DO CAMPO, 25
ASSARÉ;18;138;PEDRA DE FOGO;ESCOLA ESTADUAL DE EDUCAÇÃO PROFISSIONAL;RUA JOSÉ RIBEIRO DE OLIVEIRA S/N
ALCÂNTARAS;24;613;SÍTIO ALEGRE;EEFI MONSENHOR JOSÉ FURTADO;SÍTIO CAJUEIRO
FORTALEZA;83;2;ANTÔNIO BEZERRA;COLÉGIO DA POLÍCIA MILITAR DO CEARÁ GENERAL EDGARD FACÓ;AVENIDA MISTER HULL,  S/N - KM 1
ICAPUÍ;8;208;PRAIA DE REDONDA;ESCOLA HORIZONTE DA CIDADANIA;PRAIA DE REDONDA
MARCO;96;163;LOCALIDADE DE SANTA ROSA II;EEEP MONS. WALDIR;ROD. BR 402, KM 03
QUIXADÁ;6;185;CIPÓ DOS ANJOS;EEF ZILCAR DE SOUZA HOLANDA;CIPÓ DOS ANJOS, S/N
RUSSAS;9;293;CENTRO;ESCOLA MUNICIPAL RAIMUNDO PELOPIDAS DE ARAUJO;TRAVESSA MATOSO S/N
FORTALEZA;93;269;PREFEITO JOSÉ WALTER;CENTRO DE INCLUSÃO TECNOLÓGICA E SOCIAL - CITS JOSÉ WALTER;AV. K, 330, SEGUNDA ETAPA
CHORÓ;6;357;CENTRO;CEM DOM BOSCO;RUA ILDA BEZERRA PIANCÓ, 169, CENTRO
FORTALEZA;85;105;CONJUNTO CEARÁ I;CEJA ADELINO DE ALCANTARA FILHO - UV-6;RUA SEISCENTOS E DOZE, 100, 1A ETAPA
FORTALEZA;116;296;GRANJA PORTUGAL;EEFM SAO FRANCISCO DE ASSIS - GRANJA PORTUGAL;RUA NEREIDE 320
MORRINHOS;44;141;ZONA RURAL;SALÃO COMUNITÁRIO FRANCISCO SÉRGIO DA PENHA;ASSENTAMENTO ALTINHO 1 DE JANEIRO
HORIZONTE;78;367;DIADEMA;EMEF PROFESSORA DIONE MARIA BEZERRA PESSOA;RUA FRANCISCO ONOFRE DE ASSIS, 365, DIADEMA
CAUCAIA;123;374;NOVA METRÓPOLE (JUREMA);E.E.F. EDGARD VIEIRA GUERRA;AV. CONTORNO SUL, 255
APUIARÉS;50;9;SÃO FRANCISCO;EEF AÉCIO DE BORBA;RUA JACA PRAÍBA, 410
FORTALEZA;80;196;FÁTIMA;COLÉGIO SANTO TOMÁZ DE AQUINO;RUA MÁRIO MAMEDE, 750
FORTALEZA;82;659;MONTE CASTELO;CENTRO EDUCACIONAL SÃO MATEUS;AV. SARGENTO HERMÍNIO SAMPAIO, 2440
FORTALEZA;82;677;ÁLVARO WEYNE;EM ALDEÍDES RÉGIS;RUA IRINEU DE SOUSA, 176
FORTALEZA;115;303;ITAPERI;UNIVERSIDADE ESTADUAL DO CEARA - UECE;AV DR. SILAS MUNGUBA, 1700
ITATIRA;33;447;DISTRITO DE LAGOA DO MATO;CERU - JOSÉ PAULO DE SOUSA;AV. ZEZE JUCA N 1789
UBAJARA;73;94;MONTE CASTELO;IFCE - INSTITUTO FEDERAL DE EDUCAÇÃO, CIÊNCIA E TECNOLOGIA DO CEARÁ;RUA LUIZ CUNHA, 178
HIDROLÂNDIA;54;235;CENTRO;E.E.F.M. PRISCILA MACIEL DE FRANÇA;RUA PROFESSORA ARGENTINA FAÇANHA, 471
ICAPUÍ;8;250;PRAIA DE REDONDA;ESCOLA HORIZONTE DA CIDADANIA;PRAIA DE REDONDA
TRAIRI;97;22;CORREGO FUNDO;EEF ANTONIO ROBESPIERRE VIANA;CORREGO FUNDO
FORTALEZA;116;193;GRANJA LISBOA;EM PROF LIREDA FACO;RUA TRES CORACOES 735
TAMBORIL;61;43;BAIRRO MONTE CASTELO;EMEIF PROFª JULIETA ALVES TIMBÓ;RUA FRANCKLIN CAVALCANTE SN
JUAZEIRO DO NORTE;28;265;CENTRO;EEFTI DR. LEÃO SAMPAIO;DOUTOR FLORO BARTOLOMEU 517
DEPUTADO IRAPUAN PINHEIRO;55;44;CENTRO;CRECHE TALITA ANDRADE PINHEIRO;BAIRRO NOVO IRAPUAN
SOBRAL;24;89;JUVÊNCIO DE ANDRADE;EEEP DOM WALFRIDO TEIXEIRA VIEIRA (LICEU DE SOBRAL);AVENIDA PAULO DE ALMEIDA SANFORD, S/N
FORTALEZA;82;83;CARLITO PAMPLONA;EM TERTULIANO CAMBRAIA;RUA MONSENHOR ROSA, 946
FORTALEZA;82;56;ÁLVARO WEYNE;EM NOSSA SENHORA DO PERPÉTUO SOCORRO;RUA CÔNSUL GOUVEIA, 57
BOA VIAGEM;63;69;IPIRANGA;UNIDADE DE ATENÇÃO PRIMÁRIA A SAÚDE - UAPS - MARIA AVELINA VALLE;RAMADINHA
MASSAPÊ;45;6;CENTRO;EEFM ADAUTO BEZERRA;PCA MANOEL JARBAS AGUIAR SN
OCARA;67;261;CENTRO-SEDE;ESCOLA ESTADUAL ALMIR PINTO;RUA CASSIANO CORREIA
JUCÁS;43;82;BAIXIO DA DONANA - VILA;ESCOLA DE 1 GRAU ARTUR ALVES CABRAL;VILA DO BAIXIO DA DONANA
RUSSAS;9;111;LAGOINHA;ESCOLA MUNICIPAL FRANCISCO DAS CHAGAS LIMA;LAGOINHA
JUAZEIRO DO NORTE;28;139;SAO MIGUEL;CENTRO CEARENSE DE IDIOMAS - CCI;RUA QUINZE DE NOVEMBRO S.N.
FORTALEZA;94;371;JARDIM IRACEMA;EEFM DEP FCO DE ALMEIDA MONTE;AV. CORONEL CARVALHO 2400
IPU;21;28;ALTO DA BOA VISTA;EMEB MONSENHOR GONÇALO DE OLIVEIRA LIMA;AV. JOSÉ CARVALHO DE ARAGÃO, 102
FORTALEZA;83;595;PICI;EEEP JÚLIA GIFFONI;RUA CORONEL MATOS DOURADO 1349
APUIARÉS;50;7;CONJUNTO FRANCISCO BERNARDO;POSTO DE SAÚDE FRANCISCO BERNARDO SOBRINHO;RUA JOSÉ LOPES BEZERRA, S/N
RERIUTABA;79;24;AMANAIARA;E.E.F. DEPUTADO MANOEL RODRIGUES;DISTRITO DE AMANAIARA - CENTRO
FORTALEZA;117;358;CONJUNTO ESPERANÇA;EEFM IRAPUAN CAVALCANTE PINHEIRO;AV E 305
FORTALEZA;118;541;BOA VISTA-CASTELÃO;EMEF ODILON GONZAGA BRAVEZA;AV. ALBERTO CRAVEIRO, 1480 C
MARACANAÚ;122;93;INDUSTRIAL;EEFM JOSE DE BORBA VASCONCELOS;AV. CONTORNO SUL S/N
VARJOTA;65;185;OLHO DÁGUA DOS TRAJANOS;E.E.F. VICENTE TRAJANO DE MESQUITA;OLHO DÁGUA DOS TRAJANO - ZONA RURAL
MARTINÓPOLE;25;105;ALTO SÃO FRANCISCO;E.E.F. MARINA XIMENES (ANTIGO FLORENCIO BATISTA);CONJUNTO CONCEIÇÃO FONTENELE
FORTALEZA;113;222;RODOLFO TEÓFILO;COLÉGIO MANUELITO AZEVEDO;RUA TIRADENTES, 483
OCARA;67;228;CENTRO-SEDE;ESCOLA MUNICIPAL SAO MARCOS - ENSINO FUNDAMENTAL;VILA SAO MARCOS
BARBALHA;31;164;CENTRO;EEF SENADOR MARTINIANO DE ALENCAR;LARGO DO ROSARIO, 20, CENTRO
VÁRZEA ALEGRE;62;278;ZEZINHO COSTA;EEF DR. DÁRIO BATISTA MORENO;AV. VICENTE ALVES COSTA, 624
FORTALEZA;93;265;PREFEITO JOSÉ WALTER;COLEGIO VEGA;AVENIDA C, 160
BOA VIAGEM;63;72;MONTE LIMPO;EEF JOAQUIM VIEIRA LIMA;SÃO PEDRO
REDENÇÃO;52;167;DISTRITO DE BARRA NOVA (ANTIGO SÃO GERARDO);ESCOLA MANOEL SARAIVA DE SOUSA;SERRA MANOEL DIAS
FORTALEZA;94;737;VILA VELHA;EMEIF HERONDINA LIMA CAVALCANTE;AV. AMBIENTALISTA ARY THIERS, 310
SOBRAL;24;82;EXPECTATIVA;EEFI TRAJANO DE MEDEIROS (LAVANDERIA);AVENIDA DR. JOSE EUCLIDES FERREIRA GOMES JUNIOR, S/N
ARACATI;8;53;CAJUEIRO;E.E.F. JOSE BERNARDO DE SOUZA;CAJUEIRO
FORTALEZA;117;478;CANINDEZINHO;ESCOLA MUNICIPAL JORNALISTA DEMÓCRITO DUMMAR;RUA EUCLIDES PAULINO BARROSO, 2505
JAGUARUANA;75;34;CORREGO DO MACHADO;IGREJA ASSEMBLEIA DE DEUS - CORREGO DO MACHADO;CORREGO DO MACHADO
BEBERIBE;84;79;SUCATINGA;EEM FRANCISCA MOREIRA DE SOUSA;RUA MOREIRA DA ROCHA 01 - CENTRO
MORADA NOVA;47;157;ROLDAO;EEB JOSE NOGUEIRA DE QUEIROZ;EXTREMA
SÃO BENEDITO;22;81;SITIO CARNAUBAL DOS MEDEIROS;EEF CARNAUBAL DOS MEDEIROS;SITIO CARNAUBAL DOS MEDEIROS
MAURITI;76;31;CENTRO;EEM ANDRÉ CARTAXO;RUA CHAGAS SAMPAIO, S/N
BOA VIAGEM;63;67;SANTA TERESINHA-IBUACU;EEF ANTONIO FACUNDO CARNEIRO;SANTA TEREZINHA
FORTALEZA;113;293;RODOLFO TEÓFILO;COLÉGIO DEOCLÉCIO FERRO;RUA MINERVINO DE CASTRO, 987
MARCO;96;148;LOCALIDADE DE TRIANGULO DO MARCO;EEF SAO FRANCISCO;RUA ZENAIDE OSTERNO, SN
FORTALEZA;80;208;ALTO DA BALANÇA;EEF CIRCULISTA BOM JESUS;RUA JOSE BUSON 101
FORTALEZA;83;241;BELA VISTA;EEMTI ESTADO DO AMAZONAS;RUA MONSENHOR FURTADO 2327
CAUCAIA;37;603;CURICACA;E.E.F. EDSON DA MOTA CORREA;ESTRADA VELHA DO ICARAI, KM 02
BOA VIAGEM;63;13;CENTRO-SEDE;EEF PE ANTONIO CORREIA DE SA;RUA JOSE RANGEL DE ARAUJO 22
ACARAÚ;30;303;MORADA NOVA;POLO DE CONVIVÊNCIA SOCIAL MORADA NOVA;MORADA NOVA
SÃO GONÇALO DO AMARANTE;36;65;CROATA-DISTRITO;ESCOLA DE ENSINO FUNDAMENTAL PORFIRIO DE ARAUJO;RUA VALDO UCHOA - CROATA
FORTALEZA;80;232;TAUAPE;EMEIF PROFª ANTONIETA CALS;RUA MONSENHOR SALAZAR 1480
FORTALEZA;112;577;GUARARAPES;CENTRO UNIVERSITARIO ESTACIO DO CEARA VIA CORPVS;RUA ELISEU UCHÔA BECO, 600
ACARAÚ;30;200;CENTRO;CVT - CENTRO VOCACIONAL TECNOLOGICO;AV. JOSÉ GIFFONI DA SILVEIRA, 1000
FORTALEZA;80;139;DIONISIO TORRES;EEFM JOAQUIM ANTÔNIO ALBANO;RUA JULIO SIQUEIRA 390
FORTALEZA;95;318;PARQUE SANTA MARIA;EMEIF JOSÉ MOREIRA LEITÃO;RUA HONORINO MAIA, 467
FORTALEZA;112;322;ENGENHEIRO LUCIANO CAVALCANTE;COLÉGIO ANTARES - SEDE WASHINGTON SOARES;RUA CAETANO XIMENES ARAGÃO,110 - ACESSO PELA RUA ARMANDO DALL'OLIO
ACARAÚ;30;371;JURITIANHA;ESCOLA HERMINIA FRANKLINA DA SILVEIRA;RUA QUINTAS DOS ALBUQUERQUES S/N - JURITIANHA
SANTA QUITÉRIA;54;230;ASSENTAMENTO SACO DO BELÉM;ESCOLA MUNICIPAL CORONEL ARTUR THEMÓTEO;ASSENTAMENTO SACO DO BELÉM
PACAJUS;49;398;CONJUNTO COHAB;EEM DIONE MARIA BEZERRA PESSOA;AV. JOSE LOPES DE MESQUITA
VÁRZEA ALEGRE;62;141;ZEZINHO COSTA;EEF DR. DÁRIO BATISTA MORENO;AV. VICENTE ALVES COSTA, 624
ACARAÚ;30;169;ZONA RURAL;ESCOLA DE TAPUIO;TAPUIO
FORTALEZA;118;392;SERRINHA;EM MARIA DE CARVALHO MARTINS;AVENIDA DOUTOR SILAS MUNGUBA, 4300
FORTALEZA;113;215;RODOLFO TEÓFILO;COLÉGIO DEOCLÉCIO FERRO;RUA MINERVINO DE CASTRO, 987
SABOEIRO;43;277;MALHADA;E.E.F. JOSE GONCALVES DOS SANTOS;DISTRITO MALHADA
AIUABA;101;7;CENTRO;ESCOLA PADRE PEDRO JOSE;RUA ARMANDO ARRAES FEITOSA 30
TABULEIRO DO NORTE;91;21;CENTRO;ESCOLA  ANTÔNIO ALVES MAIA;RUA CEL. PIO GADELHA, 4683
RUSSAS;9;189;POCO VERDE;CRECHE SOCIEDADE NOVA ESPERANCA;POCO VERDE
ICÓ;15;142;UMARI DOS LOURENCOS - SITIO;ESCOLA MUNICIPAL RITA ALVES DE SOUZA;SITIO UMARI DOS LOURENCOS S/N
BOA VIAGEM;63;157;PONTE NOVA - SEDE;EEF FILOMENA UCHOA VIANA;RUA LUIZ XIMENES DE ARAGAO, N 05
QUIXADÁ;6;459;CEDRO;CEI PAULO REGLUS NEVES FREIRE;RUA 7, RESIDENCIAL RACHEL DE QUEIROZ
CHOROZINHO;49;204;CENTRO;CRECHE COMUNITARIA SANTA TEREZINHA;AV RAIMUNDO SIMPLICIO DE CARVALHO SN
SOBRAL;121;147;CENTRO;CAMARA MUNICIPAL DE SOBRAL - ANEXO 2;RUA RANDAL POMPEU, 103
RUSSAS;9;89;FLORES;ESCOLA DE ENSINO FUNDAMENTAL E MEDIO MARIA DE LOURDES DE OLIVEIRA;RUA JOSE SABINO MENDES 2313
ITAITINGA;78;264;PARQUE DOM PEDRO;EEF MANOEL FERREIRA GOMES;RUA D, 636
LIMOEIRO DO NORTE;29;120;ÁREA RURAL;ESCOLA DE 1 GRAU PE JOSE DE ANCHIETA;SITIO CROATA DE BAIXO
MORADA NOVA;47;11;SAO FRANCISCO;EEB PROFESSORA ANA CLARA ANDRADE NÂNTUA BENTO;RUA JOSÉ DE SOUSA MARTINS, 261
ARARIPE;68;81;DISTRITO ALAGOINHA;ESCOLA MUNICIPAL ANTONIO RODRIGUES DE LIMA - ALAGOINHA;RUA JOAO LUIZ RODRIGUES S/N - DISTRITO ALAGOINHA
PACOTI;5;206;TIMBAÚBA;PSF DA TIMBAÚBA (TIMBAUBA);TIMBAUBA
MARACANAÚ;122;112;ALTO ALEGRE I;EMEIEF CESAR CALS DE OLIVEIRA FILHO;RUA LITUANIA S/N
FORTALEZA;115;382;PARANGABA;EEMTI GENERAL EUDORO CORREA;RUA JULIO BRAGA 101
MAURITI;76;1;CENTRO;CENTRO DE PASTORAL PE. ARGEMIRO ROLIM DE OLIVEIRA;RUA PADRE MACEDO, S/N
CARNAUBAL;22;14;SITIO COCAL;EEF FREI BRUNO MOSS;SITIO COCAL
SÃO LUÍS DO CURU;23;323;SALGADO-SEDE;E.E.F. ANTONIO HONORATO;RUA JOSE INACIO NOGUEIRA SN
BANABUIÚ;6;432;PEDRAS BRANCAS;EEF JOSÉ ANTONIO DE OLIVEIRA;PEDRAS BRANCAS
FORTALEZA;83;680;HENRIQUE JORGE;ESCOLA MUNICIPAL DONA DAGMAR GENTIL;RUA VITORIA 1750
FORTALEZA;113;52;JOSÉ BONIFÁCIO;COLÉGIO FARIAS BRITO;RUA SENADOR POMPEU, 2607
FORTALEZA;85;343;CONJUNTO CEARÁ I;EMTI PROF PRISCO BEZERRA;AVENIDA F , 174
TABULEIRO DO NORTE;91;4;CENTRO;EEI RAQUEL MONTEIRO CHAVES;RUA ACELINO MAIA, 3873
GRANJA;25;54;TIMONHA;E.E.F. LUIZ MACHADO MENDES;TRAVESSA SANTA LUZIA, 753
CAMOCIM;32;37;CENTRO;INSTITUTO SAO JOSE;PRACA JOSE SEVERIANO MOREL N 1493
SÃO BENEDITO;22;46;MONS. OTALICIO;LICEU - JOAO ALMIR DE FREITAS BRANDAO;AVENIDA TABAJARA S/N
VÁRZEA ALEGRE;62;121;ZEZINHO COSTA;ESCOLA ESPECIALIZADA ELIZA GOMES CORREIA - APAE;RUA JOAO ALVES DE MENEZES 390
MARANGUAPE;4;42;GUABIRABA - MARANGUAPE;EMEF SANTA RITA;RUA WALTER LOPES, S/N
BARRO;92;47;CENTRO-SEDE;EEEP PROFESSOR JOSÉ OSMAR PLÁCIDO DAS SILVA;RUA ANTÔNIA BEZERRA TELES, S/N
TABULEIRO DO NORTE;91;40;OLHO D'ÁGUA DA BICA;ESCOLA ERUNDINA NUNES MALVEIRA;OLHO D'ÁGUA DA BICA 
FORTALEZA;113;18;BENFICA;IFCE - INST FEDERAL DE CIÊNCIA E TECNOLOGIA (CEFET);AV. 13 DE MAIO, 2081
GRANJA;25;148;SÃO PEDRO;E.E.F. ARZILIA MOTA;RUA PARAIBA, S/N
CRUZ;30;250;ZONA RURAL;ESCOLA RAIMUNDA ELVIRA BRANDAO;LAGOA SALGADA
AMONTADA;89;105;CENTRO;EEM RITA ESTELITA DOS SANTOS RODRIGUES;AV GAL ALÍPIO DOS SANTOS 1020
MAURITI;76;91;CENTRO;EEM ANDRÉ CARTAXO;RUA CHAGAS SAMPAIO, S/N
MAURITI;76;133;COITE-DISTRITO;CENTRO EDUCACIONAL AGROVILA;CONJUNTO AGROVILA
ARARIPE;68;91;DISTRITO PAJEU;ESCOLA RAIMUNDO CÍCERO DA SILVA -  PAJEÚ;RUA SAO JORGE, S/N
QUIXADÁ;6;239;CENTRO;BIBLIOTECA PUBLICA MUNICIPAL PADRE FRANCISCO CLINEU FERREIRA;RUA CLÓVIS BEVILÁQUA, SN
QUIXADÁ;6;321;PLANALTO RENASCER;EEM GOVERNADOR LUIZ GONZAGA DA FONSECA MOTA;RUA PARAGUAI, S/N
GRANJA;25;206;AÇUDE NOVO;E.E.F. PEDRO MENDES MACHADO;AÇUDE NOVO
CANINDÉ;33;439;PALESTINA;CAIC ALFREDO COELHO MAGALHÃES;RUA ANTONIO MONTEIRO DOS SANTOS SN
CANINDÉ;33;488;SANTA LUZIA;EEEP PROFESSOR JOSÉ VIDAL ALVES;AV. LUCIANO MAGALHÃES, S/N
UBAJARA;73;171;NOSSA SENHORA DE LOURDES;ESCOLA EUDES S CUNHA / NOSSA SRA. DE LOURDES;RUA CESARIO COSTA
FORTALEZA;94;788;ANTÔNIO BEZERRA;CASA DOS PADRES - ANTIGA FACULDADE ATENEU (SEMINÁRIO SAO VICENTE);RUA SAO VICENTE DE PAULO 300
MORRINHOS;44;102;CENTRO;EEMTI CARMINHA VASCONCELOS;RUA NOSSA SENHORA DE FATIMA  309
UMARI;15;207;CENTRO - SEDE;ESCOLA DE ENSINO MÉDIO MONSENHOR MANOEL CARLOS DE MORAIS;RUA DOM QUINTINO 289
JUAZEIRO DO NORTE;119;221;JOAO CABRAL;ESCOLA IVA EMIDIO GONDIM;PIO NOROES SN
FORTALEZA;117;205;CONJUNTO ESPERANÇA;EEFM PROFA ADALGISA BONFIM SOARES;AV. DO CANAL, S/N, ESQUINA COM RUA 103 - CONJUNTO ESPERANÇA
FORTALEZA;116;150;GRANJA PORTUGAL;EEFM SAO FRANCISCO DE ASSIS - GRANJA PORTUGAL;RUA NEREIDE 320
ITAPIÚNA;105;123;CENTRO;ESCOLA DE ENSINO FUNDAMENTAL E MEDIO FRANKLIN TAVORA;AVENIDA SAO CRISTOVAO 80
TAUÁ;19;238;TRICI;ESCOLA MOISES FERREIRA BARRETO;SAO JOAO
PINDORETAMA;7;220;SITIO MINHOCAS;EMEB PROFESSORA ANDRELINA MARIA DE SOUSA;SITIO MINHOCAS
EUSÉBIO;88;82;GUARIBAS;EEF DAS GUARIBAS;RUA SÃO FRANCISCO, 84 - GUARIBAS
GRANJA;25;154;ZONA RURAL (SEDE RURAL);E.E.F. TEODORICO GUILHERME PEREIRA;SAIRI
GRANJA;25;194;IBUGUAÇU;E.E.F. JOÃO MACHADO;LAGOA DOS MARRECOS
FORTALEZA;85;123;CONJUNTO CEARÁ I;CCDH - CENTRO DE CIDADANIA E DIREITOS HUMANOS (ANTIGO LUCIO ALCANTARA);AV. ALANIS MARIA LAURINDO DE OLIVEIRA, 461, 1A ETAPA
ICÓ;15;131;CENTRO - SEDE;ESCOLA MUNICIPAL MARIA IRISMAR MACIEL MOREIRA;RUA SAO GERALDO S/N
MARACANAÚ;122;93;INDUSTRIAL;EEFM JOSE DE BORBA VASCONCELOS;AV. CONTORNO SUL S/N
ACARAÚ;30;231;ZONA RURAL;ESCOLA MANOEL DANIEL DA SILVEIRA;MIRINDIBA II
PALHANO;9;9;CENTRO;ESCOLA DE ENSINO FUNDAMENTAL MATEUS SOBRINHO;RUA POSSIDONIO BARRETO 430
RUSSAS;9;103;BOQUEIRAO DO CEZARIO;ESCOLA MUNICIPAL FRANCISCO FÉLIX DE OLIVEIRA;BOQUEIRAO DO CEZARIO
BATURITÉ;5;57;OITICICA-FAZENDA;EMEF PEDRO LOPES FILHO;OITICICA
PORTEIRAS;70;291;BARREIROS-SEDE;E E I F PEDRO CAZUZA SOBRINHO;VILA BARREIROS
MORADA NOVA;47;22;CENTRO;EEMTI EGIDIA CAVALCANTE CHAGAS;AV MANOEL CASTRO, 473
CARIDADE;111;101;ZONA RURAL;EEIF ENEAS HONORIO DE ABREU - LOCALIDADE HUMAITÁ;LOCALIDADE DE HUMAITA
ITAPAJÉ;41;278;ARMADOR;ESCOLA MUNICIPAL FRANCISCO LOPES RODRIGUES;SITIO ARMADOR
CAUCAIA;37;156;CUMBUCO;E.E.F. HELENA DE AGUIAR DIAS;AV DOS COQUEIROS, S/N
FORTALEZA;112;286;CIDADE DOS FUNCIONÁRIOS;IGREJA DA GLÓRIA;AV OLIVEIRA PAIVA, 905
JUAZEIRO DO NORTE;28;310;SALESIANOS;COLEGIO SALESIANO SÃO JOÃO BOSCO;PADRE CICERO 1492
FORTALEZA;112;315;JARDIM DAS OLIVEIRAS;EM MARIA DE LOURDES RIBEIRO JEREISSATI;RUA REINO UNIDO, 115
FORTALEZA;82;671;CRISTO REDENTOR;EM ANTONIO MENDES;RUA DONA MENDINA, 682
PARACURU;109;56;UMARIZEIRAS;PSF BEIRA RIO;UMARIZEIRAS, SN
BELA CRUZ;96;184;CENTRO-SEDE;CENTRO PASTORAL MONS. ODÉCIO LOIOLA SAMPAIO;RUA HUMAITÁ, 204
JARDIM;119;325;JARDIM MIRIM;ESCOLA MONSENHOR ALCANTARA;DISTRITO DE JARDIM MIRIM
FORTALEZA;113;86;JARDIM AMÉRICA;ESCOLA MUNICIPAL PROF. FILGUEIRAS LIMA;AV. DOS EXPEDICIONÁRIOS, 3910
MARCO;96;164;ZONA RURAL;EEF RAIMUNDO PINTO SILVA;LOCALIDADE DE SANTA FE
FORTALEZA;115;399;PARANGABA;EM CLÁUDIO MARTINS;RUA MUNDICA PAULA, 628
FORTALEZA;83;168;JÓQUEI CLUBE;EEFM HERACLITO DE CASTRO E SILVA;RUA SILVEIRA FILHO, 808
FORTALEZA;82;699;MONTE CASTELO;CENTRO EDUCACIONAL SÃO MATEUS;AV. SARGENTO HERMÍNIO SAMPAIO, 2440
JAGUARIBE;10;7;CENTRO;CENTRO SOCIAL MARIETA CALS;AV. OITO DE NOVEMBRO 280
MULUNGU;5;148;CATOLE-SITIO;EMEF FRANCISCO ALVES DE OLIVEIRA;CATOLE
CAUCAIA;37;206;SANTA ROSA;E.E.I.E.F. ESTEVÃO MATIAS DE PAULA;RUA PRINCIPAL, S/N - SANTA ROSA
TAMBORIL;61;27;DISTRITO DE HOLANDA;EMTI FRANCISCO DE ASSIS GOMES RUFINO;RUA FRANCISCO DE ASSIS GOMES RUFINO
FORTALEZA;82;257;SÃO GERARDO;CEJA PAULO FREIRE;RUA OLAVO BILAC, 1300
MAURITI;76;111;UMBURANAS-DISTRITO;EEF JOÃO SEVERINO;SITIO CARNAUBINHA
ICAPUÍ;8;232;BARRINHA;AMBA - ASSOCIAÇÃO DE MORADORES DE BARRINHA;VILA DE BARRINHA
CATARINA;60;257;SEDE;EEF FRANCILINA UMBILINA DE OLIVEIRA;PAUDARCO
TAUÁ;19;121;INHAMUNS;EMEF-FCO JULIAO DE SOUSA;LAGOA DO EUFRASINO
PARAMBU;19;304;CENTRO;ESCOLA JOSÉ CARVALHO PINHEIRO;RUA ANTONIO BENÍCIO PINHEIRO, 35
MARANGUAPE;4;71;AMANARI;EMEIEF CRISTOVÃO COLOMBO;PEDRA D'ÁGUA
QUIXERAMOBIM;11;155;MONTEIRO DE MORAIS;ESCOLA MARIA ARAUJO CARNEIRO;RUA DR SEBASTIAO CAVALCANTE, 58
NOVO ORIENTE;99;53;ZONA RURAL;EEF FRANCISCO DAS CHAGAS MOTA;AGROVILA
FORTALEZA;113;289;FARIAS BRITO;EEFM DR.CÉSAR CALS;AV. DOMINGOS OLIMPIO, 1800
ARACOIABA;67;36;PLACIDO MARTINS-DISTRITO;ESCOLA MUNICIPAL JOAO MARIANO BATISTA;PLACIDO MARTINS
MAURITI;76;143;UMBURANAS-DISTRITO;EEF MAJOR JOAQUIM ANTONIO FURTADO;RUA JOSÉ OZÁRIO, S/N
BARBALHA;31;31;CENTRO;ETI DR. LYRIO CALLOU;RUA EDMUNDO DE SA SAMPAIO, 180
ARARIPE;68;110;CENTRO;ESCOLA ESTADUAL DONA CARLOTA TÁVORA - SEDE;RUA ANTONIO NUNES DE ALENCAR, 326
FORTALEZA;112;445;EDSON QUEIROZ;UNIVERSIDADE DE FORTALEZA - UNIFOR;AVENIDA WASHINGTON SOARES, 1321
CARIRÉ;65;1;PARAÍSO;EEFM CEFISA AGUIAR;RUA ISAIAS MACHADO PORTELA
CAUCAIA;37;117;GUAGIRU;E.E.F. ALBA PESSOA DA SILVA;RUA SAO MIGUEL, 105
ITAPAJÉ;41;54;ACUDE-SEDE;E.M.E.F FRANCISCO EUDES MAGALHAES;R. FAUSTO PINHEIRO, 530
PACOTI;5;200;ROLADOR;EMEF SANTO ANTONIO (ROLADOR);SITIO ROLADOR
QUIXERAMOBIM;11;108;MANITUBA;ESCOLA JOSE CARLOS DA SILVA;JARDIM
QUIXERAMOBIM;11;23;DISTRITO DE NENELANDIA;ESCOLA ANGELICA PAZ LIMA;POCO DA PEDRA
QUIXERAMOBIM;11;8;SAO MIGUEL;ESCOLA ALFREDO ALMEIDA MACHADO- VILA DE SAO MIGUEL;SAO MIGUEL
MARCO;96;162;LOCALIDADE DE SANTA ROSA I;EEF JOSE PEDRO DA SILVA;SANTA ROSA II
PACAJUS;49;370;PLANALTO DEDE GAMA;EEF JOSÉ AUGUSTO CARVALHO;RUA EDMAR BEZERRA DO NASCIMENTO
FORTALEZA;113;286;RODOLFO TEÓFILO;EM SÃO RAIMUNDO;RUA ALEXANDRE BARAÚNA, 1450
MORRINHOS;44;19;CENTRO;EMEF CORONEL VIRGÍLIO TÁVORA;RUA JOAQUIM CORIOLANO ROCHA 401
QUIXERAMOBIM;11;295;DISTRITO INDUSTRIAL;ESCOLA MANOEL MARTINS DE ALMEIDA;AV GERALDO BIZARRIA DE CARVALHO SN
TABULEIRO DO NORTE;91;149;PEDRA PRETA;EMEF OTÍLIO NOBRE DE BRITO - SITIO PEDRA PRETA;SITIO PEDRA PRETA
FORTALEZA;112;449;EDSON QUEIROZ;UNIVERSIDADE DE FORTALEZA - UNIFOR;AVENIDA WASHINGTON SOARES, 1321
MARANGUAPE;4;83;UMARIZEIRAS;EMEF MANOEL CORDEIRO;RUA LUIZ CORDEIRO SOBRINHO, S/N
OCARA;67;237;CENTRO-SEDE;SECRETARIA DE CULTURA, ESPORTE E JUVENTUDE (ANTIGA ESCOLA ALMIR PINTO);AV CORONEL JOAO FELIPE SN
PACAJUS;49;149;COAÇU;EEF ESAU NOGUEIRA DE QUEIROZ;AV HERCILIA LOPES DE MENEZES SN
TRAIRI;97;94;MANGUINHOS;EEF VALDEMAR ARAUJO LIMA;MANGUINHOS
IPU;21;98;DISTRITO;E.M.E.F. JOÃO SAMPAIO DE ARAUJO;VARZEA DO GILO
SANTANA DO ACARAÚ;44;45;SAPO DE CIMA;EEF JESUS MARIA JOSÉ;SAPO DE CIMA
JUAZEIRO DO NORTE;28;496;PEDRINHAS;EMEF PROFA. DORALICE DE FIGUEIREDO ROCHA;RUA JOAQUIM LEANDRO DE SOUSA
BATURITÉ;5;40;UIRAPURU-SITIO;ASSOCIACAO COMUNITARIA UNIAO SERRANA UIRAPURU;CE 356 - SITIO UIRAPURU
FORTALEZA;85;119;CONJUNTO CEARÁ I;CCDH - CENTRO DE CIDADANIA E DIREITOS HUMANOS (ANTIGO LUCIO ALCANTARA);AV. ALANIS MARIA LAURINDO DE OLIVEIRA, 461, 1A ETAPA
FORTALEZA;93;196;PLANALTO AYRTON SENNA;EM ADALBERTO STUDART FILHO;RUA DO CAMPO, 25
MISSÃO VELHA;16;87;ZONA RURAL;PSF MALHADA;SITIO MALHADA DA AREIA
FORTALEZA;85;358;DOM LUSTOSA;EEFM AYRTON SENNA DA SILVA;RUA MANAUS, 855
DEPUTADO IRAPUAN PINHEIRO;55;127;CENTRO;SECRETARIA MUNICIPAL DE EDUCAÇÃO ;RUA ANTONIO ASSIS PINHEIRO, 145
TAUÁ;19;124;CARRAPATEIRAS;ESC PREF PEDRO PEDROSA DE CASTRO CASTELO (JOAO CASSIMIRO DE OLIVEIRA);SANTO ANTONIO DO CARRAPATEIRAS
ACARAPE;52;46;CENTRO;ESCOLA MARIA DO CARMO BEZERRA;RUA SEBASTIAO BEZERRA, SN
FORTALEZA;112;558;JARDIM DAS OLIVEIRAS;INSTITUTO DE ASSISTÊNCIA E PROTEÇÃO SOCIAL - IAPS;RUA BARRA NOVA, N 1.000, CONJ. TANCREDO NEVES
BATURITÉ;5;63;CONSELHEIRO ESTELITA-SEDE;CENTRO DE ATENDIMENTO ESPECIAL À CRIANÇA - CAECA (ANTIGO PROJETO ABC);AV FRANCISCO BRAGA FILHO, SN
FORTALEZA;82;70;ÁLVARO WEYNE;COLÉGIO MANUEL DA SILVA (CARLITO PAMPLONA);RUA ASSIS BEZERRA, 25
TRAIRI;97;142;CORREGO DOS PIRES;E.E.F. FRANCISCO BARROS FILHO;CORREGO DOS PIRES
BOA VIAGEM;63;74;PIEDADE - CATOLÉ;EEF JOSE INACIO DA ROCHA;PIEDADE - CATOLE
FORTALEZA;116;152;BOM JARDIM;EM SEBASTIAO DE ABREU;RUA GERALDO BARBOSA 1065
BOA VIAGEM;63;66;BOQUEIRAO-IBUACU;EEF PE VITAL ELIAS FILHO;RUA JOSE ANDRE DA COSTA S/N
BARRO;92;2;CENTRO-SEDE;CAMARA MUNICIPAL;PRACA GREGORIO FEITOSA S/N
REDENÇÃO;52;42;DISTRITO DE BARRA NOVA (ANTIGO SÃO GERARDO);ESCOLA LUIS DIAS DAMASCENO;BARRA NOVA
IPU;21;128;ZONA RURAL;UBS JOÃO BATISTA DE AZEVEDO;SÃO JOSÉ DOS MARTINS
QUIXERAMOBIM;11;169;PASSAGEM;ESCOLA JOSE PEREIRA;VILA DE PASSAGEM
MILAGRES;26;55;SITIO SÃO DOMINGOS;POSTO DE SAÚDE DO SÃO DOMINGOS;SITIO SAO DOMINGOS
MILAGRES;26;109;SITIO LIMOEIRO;POSTO DE SAUDE DO LIMOEIRO;SITIO LIMOEIRO
ICÓ;15;25;CENTRO - SEDE;ESCOLA MUNICIPAL SENHOR DO BONFIM;RUA FRANCISCO MACIEL DA SILVA, 2557
SOBRAL;121;16;SINHÁ SABÓIA;ESCOLA CARLOS JEREISSATI;AV SENADOR FERNANDES TAVORA, 950
FORTALEZA;82;423;CRISTO REDENTOR;EEMTI LIONS JANGADA;RUA CAMÉLIA, 352
ASSARÉ;18;35;CENTRO;ESCOLA  DE ENSINO FUNDAMENTAL E MEDIO RAIMUNDO MOACIR DE ALENCAR MOTA;RUA PADRE EMILIO CABRAL 538
CANINDÉ;33;210;MONTE ;EMEF SÃO FRANCISCO;AV FRANCISCO CORDEIRO CAMPOS, 500
APUIARÉS;50;141;CENTRO;CEI SEBASTIANA PEREIRA MARINHO - MÃE SÉ;AVENIDA GOMES DA SILVA, S/N
URUBURETAMA;23;127;SÃO ROMÃO-BANANAL / ZONA RURAL;EEF FIDELIS DE CARVALHO;SAO ROMAO
URUBURETAMA;23;208;NOVO ANGELIM;EEIF IOLANDA PINHEIRO HOLANDA;RUA PINHEIRO HOLANDA SN
NOVO ORIENTE;99;69;ZONA RURAL;CEIF PROF. FRANCISCO EDSON DE OLIVEIRA;MONTE ALEGRE
BELA CRUZ;96;8;CENTRO-SEDE;EEEP JULIO FRANÇA;RUA CEL. DUCA, 1051
PENTECOSTE;50;116;ZELADORIA;EEF GOVERNADOR WALDEMAR ALCÂNTARA;RUA PEDRO HORÁCIO, 297
SANTA QUITÉRIA;54;173;ASSENTAMENTO GALANTE;ESCOLA MUNICIPAL POMPEU ARRUDA;ASSENTAMENTO GALANTE
MARACANAÚ;122;119;NOVO ORIENTE;EMEF DEP ULYSSES GUIMARAES;RUA 29 N. 10
JUAZEIRO DO NORTE;119;82;PIRAJA;ESCOLA CLOTILDE SARAIVA COELHO;LIMOEIRO 2338
ARARENDÁ;48;4;CENTRO;E. E. F. M.  21 DE DEZEMBRO;RUA FRANCISCO FERRAZ, S/N
NOVO ORIENTE;99;45;ZONA RURAL;CEIF PROF. FRANCISCO EDSON DE OLIVEIRA;MONTE ALEGRE
MAURITI;76;162;BELA VISTA;CRECHE MUNDO ENCANTADO;AV. DR. FERNANDO TELES CARTAXO, S/N
GRANJA;25;21;SÃO PEDRO;CEJA GUILHERME GOUVEIA;RUA TRISTAO GONCALVES, 66
RERIUTABA;79;97;MUFUMBAL;E.E.I.F. ZACARIAS CORDEIRO DE PAULO;MUFUMBAL - ZONA RURAL
RERIUTABA;79;68;PRAÇA DA ESTAÇÃO;CRAS - CENTRO DE REFERÊNCIA DE ASSISTÊNCIA SOCIAL;RUA CEL JOSÉ TEODORO, S/N - CENTRO
MERUOCA;24;610;Centro;CRAS - CENTRO DE REFERÊNCIA DE ASSISTÊNCIA SOCIAL - BEM-ME-QUER;AV. PEDRO SAMPAIO, S/N
FORTALEZA;95;163;CONJUNTO PALMEIRAS;EM MARIETA CALS;RUA VALPARAISO, 160
FORTALEZA;94;24;QUINTINO CUNHA;EEF JESUS, MARIA E JOSE;RUA DA MANGUEIRA 134
MONSENHOR TABOSA;61;122;LIVRAMENTO;E.M.E.I.F.T.I MONSENHOR JOSE CANDIDO;DISTRITO DE LIVRAMENTO
FORTALEZA;112;565;CIDADE DOS FUNCIONÁRIOS;COLÉGIO DÁULIA BRINGEL;RUA TRAJANO ALVES DE AGUIAR, 55
JUCÁS;43;146;ALTO DO TÓ - SEDE;CENTRO EDUCACIONAL JUCAENSE - CEJUC;RUA JOSÉ GERSON DUARTE, S/N
JUAZEIRO DO NORTE;28;22;FRANCISCANOS;ECIM DOUTOR EDVAR TEIXEIRA FERRER;DOM PEDRO II 1643
MORRINHOS;44;149;ZONA RURAL;EMEFI MANOEL FRANCISCO DA SILVA;JUNCO MANSO
IRAUÇUBA;41;253;CENTRO-SEDE;ESCOLA DE ENSINO FUNDAMENTAL PAULO BASTOS;AV JORGE DOMINGUES 1641
SENADOR POMPEU;12;156;SEDE;EEEP PROFESSOR JOSE AUGUSTO TORRES;PLANALTO INDUSTRIAL - BR 226
MARACANAÚ;104;405;PAJUÇARA;EEEP MARIA CARMEM VIEIRA MOREIRA;RUA MARIA FERREIRA, 150
FORTALEZA;93;255;PREFEITO JOSÉ WALTER;EM FRANCISCO NUNES CAVALCANTE;RUA POETA MÁRIO LINHARES, 561
SOLONÓPOLE;55;134;CENTRO;EEEP JOSÉ CIRO NOGUEIRA MACHADO;TV LUÍS ALMEIDA
MARACANAÚ;122;20;PIRATININGA;COLÉGIO ESTADUAL PROFº FRANCº OSCAR RODRIGUES(COL.EST.LICEU MARACANAÚ);AV. LUIZ GONZAGA HONÓRIO, 50, PIRATININGA, MARACANAÚ-CE
IPU;21;20;SEDE;EEMTI AUTON ARAGAO;PCA SAO SEBASTIAO 1029 CENTRO
SENADOR SÁ;45;140;CENTRO;EEF NOSSA SENHORA DO AMPARO;RUA PADRE DELMONT S/N
AQUIRAZ;66;63;DIVINEIA;ESCOLA DE EDUCAÇÃO PROFISSIONAL PROFESSORA ALDA FAÇANHA;AVENIDA NOSSA SENHORA DE LOURDES, S/N
FORTALEZA;94;945;VILA VELHA;CEI MARISTELA DA FROTA CAVALCANTE;AV. L, N. 1000
JATI;70;363;CENTRO-SEDE;CASA DE APOIO AO IDOSO E À MULHER (SAS);RUA SABINO PEREIRA, 29
FORTALEZA;80;132;ALTO DA BALANÇA;EM PROFESSORA EDITH BRAGA;RUA CAPITAO VASCONCELOS 1061
BATURITÉ;5;243;CONSELHEIRO ESTELITA-SEDE;SECRETARIA DO DESENVOLVIMENTO ECONÔMICO E SOCIAL - SEDES (ANTIGO CSU);AV FRANCISCO BRAGA FILHO, SN
ICAPUÍ;8;174;BELEM;E.E.F. PROF. FRANCISCO EZEQUIEL DA COSTA;CE 261 - NOVA BELEM
FORTALEZA;83;787;PICI;ESCOLA MUNICIPAL ADROALDO TEIXEIRA CASTELO;RUA ALAGOAS 2267
CANINDÉ;33;281;ZONA RURAL;EMEF PADRE MANOEL CORDEIRO DA CRUZ;DISTRITO DE IGUACU
URUBURETAMA;23;220;ITAMARATY;EEFM MATILDE RODRIGUES VASCONCELOS;RUA JOSE LOPES CABRAL S/N
CAUCAIA;37;599;PARQUE SOLEDADE;EEIEF DANILO SÁ BENEVIDES MAGALHÃES;RUA JOÃO PAULO II, 137
PACATUBA;57;16;CENTRO;EEM CRISPIANA DE ALBUQUERQUE;RUA RAIMUNDO SIQUEIRA,1819
FORTALEZA;95;357;ANCURI;CEI PROFESSOR JOSE TEODORO SOARES;RUA COLETORA CENTRAL II, S/N
CARIÚS;43;198;SITIO XIXA;EEIF FRANCISCA CARVALHO DE SOUSA (ANTIGA RAIMUNDO GONCALVES DA COSTA);SITIO XIXÁ
FORTALEZA;93;81;PREFEITO JOSÉ WALTER;EM RACHEL DE QUEIROZ;AVENIDA C, S/N - II ETAPA
SÃO BENEDITO;22;109;BARREIROS;EEF JOAO BATISTA SALUSTIANO DE AGUIAR;BARREIROS
ACARAPE;52;32;POÇO ESCURO I;ESCOLA HILDEGARDA CHAGAS BONFIM;POÇO ESCURO I
FORTALEZA;82;620;MONTE CASTELO;CENTRO EDUCACIONAL SÃO MATEUS;AV. SARGENTO HERMÍNIO SAMPAIO, 2440
CANINDÉ;33;278;ZONA RURAL;EMEF FRANCISCO FERREIRA DA SILVA;LOCALIDADE DE SUSSUARANA
FORTALEZA;85;274;CONJUNTO CEARÁ I;EEFM PROF PLACIDO ADERALDO CASTELO - UV 7B;RUA SETECENTOS E VINTE E UM, 100, 3A ETAPA
FORTALEZA;83;648;HENRIQUE JORGE;EEMTI ANTONIETA SIQUEIRA;RUA GUARANI 04
FORTALEZA;83;785;JOÃO XXIII;CENTRO DE FORMAÇÃO E DESENV. PARA PROFISSIONAIS DA EDUCAÇÃO - FORMACE;RUA PORTO VELHO, 401
ARACATI;8;24;CENTRO;COLEGIO MARISTA DE ARACATI;PRAÇA SÃO MARCELINO CHAMPAGNAT, 1
PACAJUS;49;98;CENTRO;EEFM PADRE CORIOLANO (REUNIDA);RUA TENENTE JOAQUIM NOGUEIRA 51
CRUZ;30;266;ZONA RURAL;ESCOLA MACARIO JOSE DE FARIAS;PITOMBEIRAS
FORTALEZA;82;498;PIRAMBU;ESCOLA UNIVERSO MENINO JESUS;RUA DOM QUINTINO, 934
CANINDÉ;33;47;ALTO GUARAMIRANGA;EMEF CORONEL ADAUTO BEZERRA;RUA IRMÃ MANUELA MAGALHÃES, S/N
FORTALEZA;85;244;CONJUNTO CEARÁ I;EEM PROF JOSE MARIA CAMPOS DE OLIVEIRA - UV 8;RUA 820 S/N - 3 ETAPA
MAURITI;76;48;COITE-DISTRITO;EEF EDSON OLEGÁRIO DE SANTANA;RUA CEL. NAZÁRIO, S/N
FORTALEZA;82;599;PIRAMBU;ESCOLA MUNICIPAL SÃO CURA D'ARS;RUA SANTA ELISA, 722
LAVRAS DA MANGABEIRA;14;112;CRUZEIRO;ESCOLA DE 1 GRAU STELA SAMPAIO;BAIRRO DO CRUZEIRO S/N
UBAJARA;73;160;DISTRITO NOVA VENEZA;ESCOLA MAROCA PERDIGAO;DISTRITO NOVA VENEZA
FORTALEZA;80;305;DIONISIO TORRES;ASSEMBLÉIA LEGISLATIVA - UNIVERSIDADE DO PARLAMENTO CEARENSE;RUA BARBOSA DE FREITAS, 2674
IPUEIRAS;40;103;CENTRO;COLEGIO ESTADUAL OTACÍLIO MOTA - CENTRO;RUA CORONEL MANOEL MOURÃO, 389
FORTALEZA;94;375;QUINTINO CUNHA;COLÉGIO INDEPENDÊNCIA;AV. DA INDEPENDÊNCIA, 1362
BOA VIAGEM;63;32;DOMINGOS DA COSTA;EEF DAVID VIEIRA CARNEIRO;R. SABINO PEREIRA, S/N - ZONA RURAL
LIMOEIRO DO NORTE;29;9;CENTRO;CENTRO DE EDUCACAO DE JOVENS E ADULTOS - CEJA;RUA DOS EXPEDICIONARIOS 2991
AQUIRAZ;66;94;FAGUNDES;CENTRO DE REABILITAÇÃO FÍSICA - PSF - FAGUNDES;CE-453 N 98
FORTALEZA;95;234;CONJUNTO PALMEIRAS;CEI MARIA DO SOCORRO FERREIRA VIRINO;RUA VALPARAÍSO, 339
FORTALEZA;93;71;MONDUBIM;EM JONATHAN DA ROCHA ALCOFORADO;RUA MARIA GOMES DE SÁ,1030 ARACAPÉ
CAUCAIA;37;625;GUAGIRU;INSTITUTO PROVIC CIDADANIA;RUA RAIMUNDO MARCELINO, 311
ORÓS;15;228;CENTRO;E.E.F. ELISEU BATISTA;AV. JOSÉ GABRIEL BEZERRA,300
SÃO BENEDITO;22;180;CRUZEIRO;EEF FILONILA CARVALHO;AVENIDA SALMITO FERREIRA DE ALMEIDA
MILAGRES;26;34;SITIO OLHO D'AGUA CERCADO;ESCOLA JOAQUIM ALVES PEREIRA;SITIO OLHO DAGUA CERCADO
FORTALEZA;112;456;EDSON QUEIROZ;UNIVERSIDADE DE FORTALEZA - UNIFOR;AVENIDA WASHINGTON SOARES, 1321
NOVO ORIENTE;99;165;ZONA RURAL;EEF MARIA JÚLIA;BARRIGUDA
FORTALEZA;116;430;BONSUCESSO;EEF SAO JOSE DO PICI DAS PEDREIRAS;RUA MANUEL ANTONIO LEITE 250
FORTALEZA;94;784;JARDIM IRACEMA;EEFM DEP FCO DE ALMEIDA MONTE;AV. CORONEL CARVALHO 2400
BARBALHA;31;85;VILA DO CALDAS;COMPLEXO AMBIENTAL/TELEFÉRICO MIRANTE DO CALDAS;RUA DANIEL CORDEIRO DAS NEVES, S/N
FORTALEZA;113;9;BENFICA;FEAAC - UFC;AV. DA UNIVERSIDADE, 2431
FORTALEZA;80;375;TAUAPE;CENTRO DE DESENVOLVIMENTO SOCIAL SEMEANDO (ANTIGO EURICO BERGSTEN);RUA CRUZ ABREU 204
VÁRZEA ALEGRE;62;133;VARJOTA;EEF ORMECINDA SIEBRA LEITE;RUA ITALO PROTO DE MORAIS, 135
EUSÉBIO;88;187;PARQUE HAWAÍ;CENTRO DA 1ª INFÂNCIA (POLO EDUARDO SÁ - ABC);RUA PIONEIRO S/N
GRANJA;25;110;TIMONHA;E.E.F. JOSÉ FIRMINO DOS SANTOS;TRAVESSA ALCANTARA, 534
IPAPORANGA;20;253;ÁGUA BRANCA;ESCOLA DE ENSINO FUNDAMENTAL SANTA RITA DE CASSIA;AGUA BRANCA
MARACANAÚ;122;281;CÁGADO;CENTRO AGACIL CAMURCA;AV. PADRE JOSE HOLANDA DO VALE, 931
FORTALEZA;113;317;AMADEU FURTADO;EEF MONSENHOR LINHARES;RUA PROF. LINO ENCARNAÇÃO, 1130
CAMOCIM;32;266;ZONA RURAL;EEF PREFEITO CARLOS TREVIA - KM 05;ROD. DEP. MURILO AGUIAR, SN - KM 05
MOMBAÇA;46;17;CENTRO;SALÃO PAROQUIAL;RUA PADRE PEDRO LEÃO, S/N
FORTALEZA;82;642;MONTE CASTELO;COLÉGIO EURÍDICE;RUA NATURALISTA FEIJÓ, 736
QUIXERAMOBIM;11;267;CENTRO;LICEU ALFREDO ALMEIDA MACHADO;AV. DR. JOAQUIM FERNANDES, 95 - CENTRO
CHAVAL;108;13;CENTRO;CENTRO INFANTIL CRIANÇA FELIZ;RUA MAJOR FIEL N 300
CEDRO;13;530;SÃO MIGUEL;ESCOLA DE ENS FUND LUIZ FERREIRA FERRO;ST CARIUZINHO
CEDRO;13;471;CANDEIAS;ESCOLA DE ENS FUND E MEDIO FRANCISCO HENRIQUE DA COSTA;DISTRITO DE CANDEIAS
TIANGUÁ;81;295;LAURÃO;E.E.I.F. FREI GERVÁSIO;RUA ALBERCY NOGUEIRA DE VASCONCELOS , SN
CAUCAIA;37;115;PACHECO;E.E.F. ADRIANO MARTINS;RUA ADRIANO MARTINS, S/N
BARBALHA;31;34;CENTRO;ETI DR. LYRIO CALLOU;RUA EDMUNDO DE SA SAMPAIO, 180
BEBERIBE;84;105;SERRA DO FELIX;ESCOLA MUNICIPAL PRESIDENTE GEISEL;ALTO ALEGRE DO DAVI
QUIXERAMOBIM;11;123;PASSAGEM;ESCOLA JOSE PEREIRA;VILA DE PASSAGEM
FORTALEZA;116;371;GRANJA LISBOA;EM ULISSES GUIMARAES;RUA TENENTE FRANCISCO PAIVA 1350
MONSENHOR TABOSA;61;169;XIQUE-XIQUE;GRUPO ESCOLAR MARTINHO ALVES DA SILVA;POVOADO DE XIQUE-XIQUE
BOA VIAGEM;63;8;TIBIQUARI;CENTRO VOCACIONAL TECNOLÓGICO - CVT;RUA PADRE PEDRO VITORINO, SN
SALITRE;38;169;ALTO ALEGRE;E.E.F.T.I -  FRANCISCO DE ASSIS LEITE - SEDE;AVENIDA PADRE CICERO, 327
JUAZEIRO DO NORTE;28;220;FRANCISCANOS;COLÉGIO SÃO FRANCISCO DE ASSIS;NOSSA SENHORA DO CARMO SN
UMARI;15;208;CENTRO - SEDE;ESCOLA DE ENSINO MÉDIO MONSENHOR MANOEL CARLOS DE MORAIS;RUA DOM QUINTINO 289
URUBURETAMA;23;221;SAO JOAO;EEF PAULO FERREIRA DA CUNHA;SITIO UBATUBA
GROAÍRAS;65;206;CENTRO;EEFM MONSENHOR LINHARES;RUA RAIMUNDO NONATO ALBUQUERQUE, 201
MORADA NOVA;47;79;ARUARU;EEB JOSE FRANCISCO SAMPAIO;RUA JOANA MARIA, S/N
FORTALEZA;95;368;PARQUE SANTA MARIA;EEMTI POETA OTACILIO COLARES;RUA JORGE DA VEIGA, 265
RUSSAS;9;257;MIGUEL PEREIRA;ESCOLA MUNICIPAL JOÃO LEÔNCIO;MIGUEL PEREIRA DO MAURO
CARIRÉ;65;44;ZONA RURAL;ESCOLA E.I.E.F MANOELRODRIGUES DOS SANTOS;CANAFISTULA
JARDIM;119;286;CENTRO;ESCOLA GOV. ADAUTO BEZERRA;AV WILSON RORIZ 1334
NOVA OLINDA;53;113;CRUZEIRO;EEMTI PADRE LUIZ FILGUEIRAS;RUA PROFESSORA NANÔ, SN
ALCÂNTARAS;24;393;SAO JOSE;EEM FRANCISCO DE ALMEIDA MONTE;RUA FRANCISCO CUNHA S/N
BAIXIO;92;85;CENTRO - SEDE;E.E.M.T.I. MONSENHOR HORACIO TEIXEIRA;RUA MARIA DA GLORIA S/N
FORTALEZA;112;528;ENGENHEIRO LUCIANO CAVALCANTE;CENTRO UNIVERSITÁRIO 7 DE SETEMBRO - UNI 7 (FA7);AV. ALMIRANTE MAXIMINIANO DA FONSECA, 1395
SANTA QUITÉRIA;54;35;BOA VIDA;E.E.E.P.  MONSENHOR LUIZ XIMENES FREIRE;AVENIDA MELQUIADES MOURÃO, SN.
FORTALEZA;94;830;QUINTINO CUNHA;COLÉGIO DOM FELIPE;AV INDEPENDÊNCIA. 1652
ICÓ;15;35;CENTRO - SEDE;ESCOLA MUNICIPAL PROFESSORA LOURDES COSTA;AV ILIDIO SAMPAIO,1571
TIANGUÁ;81;325;GERALDO SARAIVA;C.E.I. ELIOENAI BARROS DOS SANTOS;RUA MARANGUAPE ROCHA. S/N
UBAJARA;73;134;CENTRO;POSTO DE SAUDE MARIINHA PINTO;RUA JOSE RUFINO PEREIRA, 214
MOMBAÇA;46;45;CARNAUBA;ESCOLA DE ENSINO FUNDAMENTAL PEDRO AIRES DE CARVALHO;DISTRITO DE CARNAÚBA
ITATIRA;33;149;ZONA RURAL;EMEF 7 DE SETEMBRO;LOCALIDADE DE MORRO BRANCO
FORTALEZA;94;29;ANTÔNIO BEZERRA;EEF INSTITUTO DOS CEGOS (ANTÔNIO BEZERRA);RUA DR. JOÃO GUILHERME, 373
BOA VIAGEM;63;8;TIBIQUARI;CENTRO VOCACIONAL TECNOLÓGICO - CVT;RUA PADRE PEDRO VITORINO, SN
PORTEIRAS;70;261;CENTRO;INSTITUTO JOÃO FILGUEIRA;RUA JOAQUIM TÁVORA SN
MIRAÍMA;89;243;ÁREA RURAL DE MIRAÍMA;EEB ANICETO TEIXEIRA;JUREMAL
CANINDÉ;33;374;ZONA RURAL;EMEF AUGUSTO CORDEIRO;LOCALIDADE DE TIRACANGA I
TRAIRI;97;9;MUNDAU;EEF ZEFINHA RIBEIRO BARROSO MUNDAU;MUNDAU
EUSÉBIO;88;103;PRECABURA;EEF ELISBAO PIO;AV ELISBAO PIO - PRECABURA
QUIXERAMOBIM;11;25;SAO MIGUEL;ESCOLA ALFREDO ALMEIDA MACHADO- VILA DE SAO MIGUEL;SAO MIGUEL
QUIXERAMOBIM;11;48;CENTRO;LICEU ALFREDO ALMEIDA MACHADO;AV. DR. JOAQUIM FERNANDES, 95 - CENTRO
UBAJARA;73;125;DISTRITO ARATICUM;ESCOLA ZULMIRA AGASSIS;R LUIZA LEONIZA SN - DISTRITO ARATICUM
CHOROZINHO;49;85;PATOS DOS LIBERATOS;EEF LUIS LIBERATO DE CARVALHO;LOCALIDADE PATOS DOS LIBERATOS
SOLONÓPOLE;55;113;CENTRO;ESCOLA DE 1 GRAU ANIBAL RODRIGUES PINHEIRO;ALTO VISTOSO S/N
CANINDÉ;33;74;MONTE ;EMEF SÃO FRANCISCO;AV FRANCISCO CORDEIRO CAMPOS, 500
CAUCAIA;37;500;COQUEIRO;E.E.F. ANTONIO DIAS MACEDO;FAZENDA COITÉ - COQUEIRO
FORTALEZA;115;372;PARANGABA;EEMTI GENERAL EUDORO CORREA;RUA JULIO BRAGA 101
FORTALEZA;115;430;VILA PERI;CENTRO DE EDUCAÇÃO PEDAGÓGICO EÇA DE QUEIROZ;RUA DOM XISTO ALBANO 611
RERIUTABA;79;94;CABACEIRAS;E.E.I.F. HERMÍNIO ALVES;CABACEIRAS - ZONA RURAL
MERUOCA;24;583;Anil;EEIF - BEATRIZ SANFORD FROTA;DISTRITO ANIL
FORTALEZA;116;59;BOM JARDIM;EM CRESCER E APRENDER;RUA EDSON MARTINS, 642
ITATIRA;33;165;CENTRO;EMEF ADELIDIA MAGNO DE OLIVEIRA;RUA PADRE JOSE LAURINDO SN
MOMBAÇA;46;59;CENTRO;E. E. E. F. M. PROFESSOR PEDRO JAIME;AV. CÍCERO MARQUES, 02
MILHÃ;55;63;CENTRO;EEFM EUCLIDES PINHEIRO DE ANDRADE;RUA JOAQUIM NEMESIO 119
MILHÃ;55;55;CENTRO;EEFM EUCLIDES PINHEIRO DE ANDRADE;RUA JOAQUIM NEMESIO 119
QUITERIANÓPOLIS;99;121;ZONA RURAL;EEIF FRANCISCO RODRIGUES DE MACÊDO;MONTEIRO
ORÓS;15;324;SAO JOSE - SEDE;E.E.F. ROBERTO ROLIM;TRAVESSA MARIA PINHEIRO DA COSTA S/N
JARDIM;119;387;CENTRO;ESCOLA SENADOR CARLOS JEREISSATI;AVENIDA WILSON RORIZ
CANINDÉ;33;229;IMACULADA CONCEIÇÃO;EEEP CAPELAO FREI ORLANDO;RUA PAULINO BARROSO, 1289
ICÓ;15;141;SEDE URBANA;ESCOLA MUNICIPAL MANOEL ANTONIO NUNES;RUA DO CRUZEIRO S/N
FORTALEZA;94;451;VILA VELHA;EMEIEF PROF JOSE PARSIFAL BARROSO;AV MAJOR ASSIS 1076
RUSSAS;9;223;BOM SUCESSO;ESCOLA MUNICIPAL NOSSA SENHORA DE FATIMA;BOM SUCESSO
RUSSAS;9;298;CENTRO;ESCOLA MUNICIPAL JOSE RAIMUNDO DE DEUS;AVENIDA IRMÃ MARIA DA GRAÇA
FORTALEZA;80;305;DIONISIO TORRES;ASSEMBLÉIA LEGISLATIVA - UNIVERSIDADE DO PARLAMENTO CEARENSE;RUA BARBOSA DE FREITAS, 2674
CAUCAIA;37;587;PADRE ROMUALDO;E.E.F. AUGUSTO CESAR SILVA SALES;RUA 15 DE NOVEMBRO, 456
QUIXELÔ;13;310;ÁREA RURAL DE QUIXELÔ;ESCOLA DE ENS FUND ABILIO BATISTA DO NASCIMENTO;CALDEIRAO-SITIO
PACAJUS;49;263;VILA DA MATA;EEF JOAO DE CASTRO E SILVA;RUA SEBASTIÃO PEDRO DA SILVA S/N
NOVA OLINDA;53;92;CRUZEIRO;EEMTI PADRE LUIZ FILGUEIRAS;RUA PROFESSORA NANÔ, SN
PINDORETAMA;7;134;SITIO MINHOCAS;EMEB PROFESSORA ANDRELINA MARIA DE SOUSA;SITIO MINHOCAS
BREJO SANTO;70;318;RENE LUCENA;E E F HISTORIADOR PADRE ANTONIO GOMES DE ARAÚJO;RUA PEDRO NICODEMOS DE ARAUJO S/N
FORTALEZA;112;545;CAMBEBA;COLÉGIO BATISTA - UNIDADE SEIS BOCAS;RUA DR. WALDEMAR DE ALCANTARA, 200
BARBALHA;31;173;VILA SANTO ANTONIO;CEI MARIA NILCE CORREIA FILGUEIRA (VILA SANTO ANTONIO);RUA ANTÔNIO ADRIANO ALMEIDA (ANTÔNIO BIRIMBA)
FORTALEZA;85;361;DOM LUSTOSA;EEFM AYRTON SENNA DA SILVA;RUA MANAUS, 855
JAGUARIBE;10;80;PLACA VERDE;CRECHE NOSSA SENHORA DAS CANDEIAS;RUA ELIZIARIO DIOGENES PINHEIRO S/N
AMONTADA;89;208;ICARAÍ;EEBTI DOMINGOS CARLOS DAMASCENO;PACOVAS
NOVA OLINDA;53;136;ZABELE;EMEF ALVIM ALVES;SÍTIO ZABELE
MULUNGU;5;139;CENTRO-SEDE;EEMTI PROFESSOR MILTON FACANHA ABREU;PRACA COLETOR BEZERRA BORGES 292
GUARACIABA DO NORTE;74;52;DISTRITO;POSTO DE SAÚDE DO LIMOEIRO;LIMOEIRO
REDENÇÃO;52;16;CENTRO (SEDE);ESCOLA PE. SARAIVA LEÃO (ANTIGA ESCOLA ADOLFO FERREIRA DE SOUSA);RUA SANTA RITA, N. 263
BEBERIBE;84;177;NOVO PLANALTO;ESCOLA MUNICIPAL IRANISE BESSA DE QUEIROZ;RUA JUVENAL COLACO 934
CAPISTRANO;105;47;ZONA RURAL;ASSOCIAÇÃO DOS PEQUENOS AGRICULTORES DE SÃO BENTO;SAO BENTO
GUAIÚBA;57;56;CENTRO;EEBM JOSE CABRAL DE ARAUJO;RUA PEDRO AUGUSTO 91
FORTALEZA;95;135;JANGURUSSU;EM PROFESSOR FRANCISCO DE MELO JABORANDI;AV. GOVERNADOR LEONEL BRIZOLA, 198
ITATIRA;33;149;ZONA RURAL;EMEF 7 DE SETEMBRO;LOCALIDADE DE MORRO BRANCO
SANTA QUITÉRIA;54;253;FLORES;POSTO DE SAÚDE FRANCISCA JURACIR MARTINS PINTO;RUA TOMÁS POMPEU DE SOUSA CATUNDA, SN.
MILHÃ;55;76;CARNAUBINHA;CENTRO DE CONVIVÊNCIA ESMERALDO BECO BEZERRA;RUA NEUTELINA COSTA BEZERRA
PACAJUS;49;126;LAGOA SECA;EEF VEREADOR JOAQUIM NOGUEIRA LOPES;CONJUNTO LAGOA SECA
PACAJUS;49;88;BANGUE I;EEF RAIMUNDO SOTERO DE MOURA;AV EXPEDITO CHAVES CAVALCANTE 2951
ITATIRA;33;495;DISTRITO DE LAGOA DO MATO;EMEF ANTONIO HONORATO;RUA PRINCESA ISABEL S/N
GRANJA;25;14;CENTRO;E.E.M. CEL LUIZ FELIPE;PRACA CEL. LUIZ FELIPE, 381
JAGUARIBE;10;100;COHAB;EEEP POETA SINÓ PINHEIRO (LICEU);AV D, S/N
PACAJUS;49;345;CENTRO;ESCOLINHA INFANTIL RECANTO FELIZ;RUA JOAQUIM NOGUEIRA LOPES 932 - CENTRO
TRAIRI;97;169;ALMERCEGAS;EEF SANTA LUZIA;ALMERCEGAS
EUSÉBIO;88;98;TIMBU;EEF EDUARDO ALVES RAMOS;ESTRADA DO FIO, 3603 - TIMBU
GRANJA;25;155;AÇUDE NOVO;E.E.F. PEDRO MENDES MACHADO;AÇUDE NOVO
UMARI;15;215;LOGRADOURO - SITIO;ESCOLA MUNICIPAL ANTONIO CESAR DE MENESES;SITIO LOGRADOURO S/N
FORTALEZA;95;330;BARROSO;EEFM PADRE MARCELINO CHAMPAGNAT;RUA DAURA, 120
FORTALEZA;95;308;CAJAZEIRAS;EEMTI PROF. PAULO AYRTON ARAUJO - PRÉDIO ANTIGO;BR 116 KM 05, EM FRENTE AO ASSAÍ ATACADISTA
AQUIRAZ;66;55;TELHA-CAMARA;CEI ALDENORA CARDOSO PORTO;RUA JOSE AMORA MOREIRA, S/N
TIANGUÁ;81;203;SANTO ANTÔNIO;LICEU DE TIANGUÁ - JOSE NI MOREIRA;RUA ZENI, 12 - SANTO ANTONIO
FORTALEZA;80;178;FÁTIMA;CENTRO EDUC. DA JUV. PE. JOÃO PIAMARTA - AGUANAMBI;AV. AGUANAMBI, 2479
FORTALEZA;115;323;PARANGABA;COLÉGIO INVICTUS;RUA ARARIBÓIA, 192
FORTALEZA;1;901;VICENTE PINZON;ESCOLA PROFISSIONAL MARIA ANGELA DA SILVEIRA BORGES;RUA PINTOR ANTONIO BANDEIRA, S/N
FORTALEZA;94;853;VILA VELHA;EM ANTONIO CORREIA LIMA;RUA HERMES PARAYBA, 934
FORTALEZA;116;276;GRANJA LISBOA;EM JOAO MENDES DE ANDRADE;RUA B (CJ PALMARES), 1366
BOA VIAGEM;63;155;COHAB;EEEP VENCESLAU VIEIRA BATISTA;RUA JOSÉ VIEIRA COSTA,1048
TAUÁ;19;213;TAUAZINHO;EEF MARIA ALEXANDRINO NOGUEIRA MARQUES;AV CEL VICENTE ALEXANDRINO DE SOUSA
FORTALEZA;80;440;JOSÉ BONIFÁCIO;FACULDADE MAURÍCIO DE NASSAU;AVENIDA VISCONDE DO RIO BRANCO, 2078
MARACANAÚ;122;80;INDUSTRIAL;EMEIEF CORONEL ADAUTO BEZERRA (ANTIGO WALMIKI);AV. CONTORNO SUL, S/N
FORTALEZA;1;890;PAPICU;COLEGIO ANTARES - OCELO PINHEIRO;RUA PROFESSOR OCELO PINHEIRO 101
FORTALEZA;118;354;PASSARÉ;EM FRANCISCO ANDRADE TEOFILO GIRAO;RUA UNIDOS VENCEREMOS, 2040
FORTALEZA;115;297;MARAPONGA;COLEGIO PROVECTO;RUA SUIÇA, 76
JUAZEIRO DO NORTE;119;147;PIRAJA;ESCOLA IZABEL DA LUZ;AV. AILTON GOMES S/N
JAGUARUANA;75;138;JUAZEIRO;E.E.F. PROFESSORA MOACINIRA MARIA MELO MOTA;RUA GERARDO PEREIRA DE MELO, 1216
LAVRAS DA MANGABEIRA;14;44;QUITAIUS - DISTRITO;ESCOLA DE 1 E 2 GRAU JOAQUIM LEITE TEIXEIRA;RUA JOAQUIM LEITE TEIXEIRA 240
JUCÁS;43;138;BAIXIO DOS FERREIRAS - SÍTIO - CANAFÍSTULA;ASSOCIAÇÃO COMUNITÁRIA DO BAIXIO DOS FERREIRAS;SÍTIO BAIXIO DOS FERREIRAS
SOBRAL;24;628;ALTO DA BRASÍLIA;EEFI RAIMUNDO PIMENTEL GOMES - CAIC;RUA PRINCESA ISABEL, S/N
CANINDÉ;33;8;MONTE ;EMEF SÃO FRANCISCO;AV FRANCISCO CORDEIRO CAMPOS, 500
PORTEIRAS;70;305;VASSOURINHA-SEDE;E E F MARIA PINHEIRO CARDOSO;SITIO VASSOURINHA
RUSSAS;9;225;CENTRO;ESCOLA DE ENSINO MÉDIO MANOEL MATOSO FILHO;AVENIDA MARIA RAMALHO, 336
TIANGUÁ;81;295;LAURÃO;E.E.I.F. FREI GERVÁSIO;RUA ALBERCY NOGUEIRA DE VASCONCELOS , SN
ARATUBA;105;181;PAI JOAO-SITIO;ESCOLA MUNICIPAL LUIZ GERVASIO COLARES;PAI JOAO
TIANGUÁ;81;46;SEMINÁRIO;E.E.F. LAR DOCE LAR;RUA FRANCISCO GENTIL DE FARIAS 
TIANGUÁ;81;172;LAURÃO;COLÉGIO SANTA MARIA;RUA ASSEMBLÉIA DE DEUS, 1070
SANTA QUITÉRIA;54;156;VILA RIACHO DAS PEDRAS;ESCOLA MUNICIPAL FRANCISCO PAIVA RODRIGUES;VILA RIACHO DAS PEDRAS
MORAÚJO;64;50;VÁRZEA DA VOLTA;VÁRZEA DA VOLTA - ESCOLA M. ANTº BENÍCIO DE VASCONCELOS;DISTRITO VÁRZEA DA VOLTA
IPUEIRAS;40;49;CENTRO;ESCOLA DE ENSINO FUNDAMENTAL CREUSA MELO - CENTRO;RUA DUQUE DE CAXIAS, S/N
QUIXADÁ;6;25;CENTRO;CENTRO UNIVERSITÁRIO CATÓLICA DE QUIXADÁ - UNICATÓLICA;AVENIDA PLÁCIDO CASTELO, S/N
VIÇOSA DO CEARÁ;35;155;LAMBEDOURO;E.E.F. DE OITICICAS;VILA OITICICAS
TIANGUÁ;81;288;ÁREA RURAL DE TIANGUÁ;ASSOCIAÇÃO COMUNITÁRIA SÃO JOÃO;SÍTIO SÃO JOÃO
CRATO;27;364;SÃO MIGUEL;EEEP MARIA VIOLETA ARRAES DE ALENCAR GERVAISEAU;AVENIDA TEODORICO TELES, SN
FORTALEZA;3;205;CENTRO;COLÉGIO MILITAR DO CORPO DE BOMBEIROS;RUA CONSELHEIRO ESTELITA, 500 (SEDE PROVISÓRIA)
FORTALEZA;82;571;CRISTO REDENTOR;CEJA  MONSENHOR HÉLIO CAMPOS;AV. MONSENHOR HÉLIO CAMPOS, 251
FORTALEZA;116;156;BOM JARDIM;EM SEBASTIAO DE ABREU;RUA GERALDO BARBOSA 1065
TRAIRI;97;182;CORREGO DA RAMADA;EEF NOSSA SENHORA DA CONCEICAO;CORREGO DA RAMADA
ITAPAJÉ;41;35;ACUDE-SEDE;E.M.E.F FRANCISCO EUDES MAGALHAES;R. FAUSTO PINHEIRO, 530
CRATEÚS;20;185;CURRAL VELHO;POSTO DE SAÚDE DE BARRA DO RIO;BARRA DO RIO
CEDRO;13;542;VÁRZEA DA CONCEIÇÃO;PSF DA PITOMBEIRA;ST PITOMBEIRA
SENADOR POMPEU;12;43;BONFIM;EEIEF ANTONIO BATISTA DE LIMA;RUA DA RÁDIO - KM 20
ITAPIÚNA;105;156;ZONA RURAL;EEF SENADOR ALMIR SANTOS PINTO;RIACHO DA VARZEA
CASCAVEL;7;4;CAPONGA;E.E.F.M. RONALDO CAMINHA BARBOSA;ESTRADA DO PRATIUS, 1985
PEREIRO;10;133;CENTRO;ESCOLA PINGO DE GENTE (ESPECIAL);RUA SEVERO HOLANDA S/N
BANABUIÚ;6;438;LARANJEIRAS;EEF JOSE LOPES PIMENTA;PENHA
BANABUIÚ;6;449;SITIÁ;EEF VANDERLEI DA SILVA AGUIAR;BARRA DO SITIÁ
JAGUARUANA;75;66;CENTRO;E.E.M. FRANCISCO JAGUARIBE (2 GRAU);RUA CEL RAIMUNDO FRANCISCO, 1135
SANTANA DO CARIRI;53;75;DOM LEME;EMEIEF JOSÉ JUCÁ DE SOUSA CASTRO;DISTRITO DE DOM LEME, SN
ARACATI;8;18;CENTRO;INSTITUTO WALDEMAR FALCAO;RUA CEL POMPEU 720
FORTALEZA;116;94;GRANJA PORTUGAL;EM CREUSA DO CARMO ROCHA;RUA DUAS NACOES 1055
BEBERIBE;84;66;ITAPEIM;ESCOLA MUNICIPAL SAO RAIMUNDO;ALTO ALEGRE
TIANGUÁ;81;294;GERALDO SARAIVA;C.E.I. ELIOENAI BARROS DOS SANTOS;RUA MARANGUAPE ROCHA. S/N
ARARENDÁ;48;141;RIBEIRO;E. E. F. SÃO JOSÉ;LOCALIDADE DE RIBEIRO
PIRES FERREIRA;21;142;DISTRITO;E.E.F. FRANCISCO FERREIRA SANTIAGO;OTAVILANDIA
MORRINHOS;44;147;ZONA RURAL;ESCOLA MUNICIPAL MARTINS FERREIRA CANDIDO;INTANS
CHORÓ;6;129;BARBADA;EEF VICENTE BARBOSA NETO;PIEMONTE (QUATRO JUAZEIROS)
LIMOEIRO DO NORTE;29;104;CÓRREGO DE AREIA;EEF ANTONIO DE CASTRO PEREIRA;SITIO CORREGO DE AREIA
SANTANA DO ACARAÚ;44;123;FAZENDA CAMARA;GRUPO ESCOLAR CORACAO DE MARIA;FAZENDA CAMARÁ
SÃO GONÇALO DO AMARANTE;36;63;CROATA-DISTRITO;ESCOLA DE ENSINO FUNDAMENTAL PORFIRIO DE ARAUJO;RUA VALDO UCHOA - CROATA
JAGUARUANA;75;61;CENTRO;E.E.M. MANUEL SÁTIRO;AV DR ANTÔNIO DA ROCHA FREITAS, 1278
FORTALEZA;95;215;PARQUE SANTA MARIA;EMEIEF BARBARA DE ALENCAR;RUA CAPITAO PORFIRIO, 544
PACUJÁ;79;192;CENTRO;E.E.M. PLACIDO ADERALDO CASTELO;RUA 22 DE SETEMBRO, SN
MASSAPÊ;45;75;ZONA RURAL;EEF FRANCISCO RODRIGUES DO CARMO;LOCALIDADE TAPERA ALTA
IGUATU;13;16;CENTRO;ESCOLA DE ENSINO MÉDIO EM TEMPO INTEGRAL DE IGUATU;RUA GUILHERME DE OLIVEIRA, 842
IGUATU;13;108;GADELHA;ASSOCIAÇÃO DOS MORADORES DO CARDOSO II;SITIO CARDOSO II
ICÓ;15;170;NOVO CENTRO - SEDE;EEMTI - PADRE JOSÉ ALVES DE MACÊDO;AV. FRANCISCO CAETANO DANTAS, S/N
JIJOCA DE JERICOACOARA;30;355;CENTRO;ESCOLA SENADOR CARLOS JEREISSATE;RUA MINAS GERAIS S/N
CAUCAIA;123;397;PARQUE ALBANO (JUREMA);E.E.I.E.F. DOM ANTÔNIO DE ALMEIDA LUSTOSA;RUA PERY, 951
SOBRAL;24;511;DOMINGOS OLÍMPIO;EEFI EMILIO SENDIM;RUA EDUARDO DE ALMEIDA SANFORD, S/N
ACOPIARA;60;47;VILA MOREIRAS I;EEF JOAO MOREIRA DE BARROS;RUA 21 DE ABRIL, SN
JUAZEIRO DO NORTE;119;164;PIRAJA;ESCOLA DEMOSTENES RATTS BARBOSA;AILTON GOMES SN
CAUCAIA;37;163;TABULEIRO GRANDE;ESCOLA DIFERENCIADA CACIQUE ANTONIO FERREIRA DA SILVA(COMUN. INDIGENA);TRAV. EDGAR VIEIRA GUERRA, S/N, REGIÃO GARROTE
CAUCAIA;37;160;TABULEIRO GRANDE;ESCOLA DIFERENCIADA CACIQUE ANTONIO FERREIRA DA SILVA(COMUN. INDIGENA);TRAV. EDGAR VIEIRA GUERRA, S/N, REGIÃO GARROTE
CANINDÉ;33;36;JOÃO PAULO II;EMEF JOAQUIM MAGALHÃES(CRECHE NOVA - VALDEMAR GOMES);RUA CÍDIO MARTINS
COREAÚ;64;107;COHAB;COREAÚ - ESCOLA MUN. PROFª IZAURA MA. DA SILVA;RUA TANCREDO NEVES, S/N - COHAB
QUIXERAMOBIM;11;121;MANITUBA;ESCOLA MANOEL FARIAS DE ALMEIDA;VENEZA
FORTALEZA;113;236;PARQUELÂNDIA;EEFM ANTONIO SALES - PARQUELÂNDIA;RUA PROF. ANACLETO, 630
FORQUILHA;121;202;CENTRO;EEF DEP JOSE PARENTE PRADO(CENTRO SOCIAL);R MOCINHA VIANA 96
SANTANA DO ACARAÚ;44;60;CENTRO;EEMTI NAZARÉ SEVERIANO;RUA NONATO ARCANJO S/N -CENTRO
FORTALEZA;113;403;PARQUE ARAXÁ;CENTRO UNIVERSITÁRIO UNIFANOR;AV. BEZERRA DE MENEZES, 1277
CANINDÉ;33;37;JOÃO PAULO II;EMEF JOAQUIM MAGALHÃES(CRECHE NOVA - VALDEMAR GOMES);RUA CÍDIO MARTINS
FORTALEZA;93;106;MONDUBIM;EM OSMIRIO DE OLIVEIRA BARRETO;RUA 10, S/N (CJ SITIO DO CÓRREGO)
SÃO BENEDITO;22;49;INHUCU;EE BASICO DEP TOMAZ BRANDAO;R SANTOS DUMONT S/N
CRUZ;30;85;ANINGAS;ESCOLA PAULO FREIRE;RUA 14 DE JANEIRO SN
FORTALEZA;95;347;JANGURUSSU;CUCA JANGURUSSU;AV. GOVERNADOR LEONEL BRIZOLA, S/N
ACARAÚ;30;38;CENTRO;LICEU DE ACARAÚ - ESCOLA MARIA ALICE RAMOS;CENTRO
FORTALEZA;82;682;CARLITO PAMPLONA;EEMTI JOSÉ VALDO RIBEIRO RAMOS;RUA PEDRO AMÉRICO, 100
JUCÁS;43;68;CANAFÍSTULA - VILA;ESCOLA DE ENSINO FUNDAMENTAL CEL LUIZ DUARTE;VILA DE CANAFÍSTULA
SANTA QUITÉRIA;54;257;PRIMAVERA;E. E. F. LUIZ DERMEVAL DE ANDRADE;BAIRRO PRIMAVERA BOTA FOGO
AQUIRAZ;66;345;CENTRO;ESCOLA DE ENSINO MEDIO LIA SIDOU;RUA VIRGILIO COELHO N  693
QUITERIANÓPOLIS;99;145;CENTRO;EEF ROBERTO ANTUNES DE FREITAS;AV LAURINDO GOMES  SN
TAMBORIL;61;102;ZONA RURAL;EMTI JOSÉ RAMIRO TEIXEIRA JORGE;ASSENTAMENTO 2 DE MAIO
PACAJUS;49;381;BURITI;EEF ALBA LARANJEIRA DE ALBUQUERQUE;RUA ANACLETO SOUSA MAIA
BARBALHA;31;7;VILA ARAJARA;EEF ANTONIO COSTA SAMPAIO (VILA DO ARAJARA);RODOVIA CE-386, S/N, VILA DO ARAJARA (7.33853 S, 39.39163 W)
QUIXERAMOBIM;11;181;MARAVILHA;ESCOLA ALVARO DE ARAUJO CARNEIRO;ALTO DA MARAVILHA
CAMOCIM;32;142;CRUZEIRO;COLEGIO ESTADUAL PROF IVAN PEREIRA DE CARVALHO - CEPI;RUA RIACHUELO, SN
FORTALEZA;116;502;GRANJA LISBOA;EM JOAO MENDES DE ANDRADE;RUA B (CJ PALMARES), 1366
CARIRÉ;65;89;ZONA RURAL;ESCOLA EIEF TIBURCIO DE BRITO;CÔCO
CANINDÉ;33;85;ZONA RURAL;EMEF JOSE BERNARDO UCHOA;VAZANTE DO CURU
CARIÚS;43;173;SAO SEBASTIAO-DISTRITO;EEIF JOAO DIAS DE MORAIS (ANTIGA FRANCISCO XAVIER DE OLIVEIRA);VILA SAO SEBASTIAO
ORÓS;15;318;CENTRO;APAE - ASSOCIAÇÃO DE PAIS E AMIGOS DOS EXCEPCIONAIS DE ORÓS;AV. JOSÉ GABRIEL BEZERRA, 58
FORTALEZA;94;205;VILA VELHA;EEMTI DONA MARIA MENEZES DE SERPA;RUA DOUTOR QUIXADA FELICIO 141
MARACANAÚ;104;287;JEREISSATI I;EMEIEF MARIA ÍSIS MENEZES ANDRADE;RUA ANTÔNIA ARAÚJO FERREIRA, S/N
FORTALEZA;80;428;TAUAPE;EMEIF ALMERINDA DE ALBUQUERQUE;RUA ANA GONCALVES 1105
TABULEIRO DO NORTE;91;138;CENTRO;ESCOLA  ANTÔNIO ALVES MAIA;RUA CEL. PIO GADELHA, 4683
IPUEIRAS;40;194;BOA VISTA;EEF GONÇALO DUARTE RIBEIRO - BOA VISTA;BOA VISTA
FORTALEZA;93;170;ARACAPÉ;EMEIF IVANILSON SOUZA LIMA COSTA;RUA POLIANA N.102
QUIXERAMOBIM;11;292;VILA SAO PAULO;ESCOLA ZILA ZILDA CARNEIRO;RUA CLEODON SIQUEIRA 1201
CAUCAIA;37;569;PABUSSU;IFCE - INSTITUTO FEDERAL DE EDUCAÇÃO, CIÊNCIA E TECNOLOGIA DO CEARÁ;R. FRANCISCO DA ROCHA MARTINS
CANINDÉ;33;19;ZONA RURAL;CERU JOAO AMARO DE SOUSA;DISTRITO DE SALITRE
QUIXERAMOBIM;11;134;DUQUE DE CAXIAS;ESCOLA LUISA TAVORA;RUA PROF JOSE REMIGIO SN
QUIXERAMOBIM;11;98;MANITUBA;ESCOLA ZINOMAR GOMES DE ALMEIDA;FAZENDA RIACHO VERDE I
FORTALEZA;112;531;SABIAGUABA;EM PROF. MANUEL EDUARDO PINHEIRO CAMPOS;RUA MIRIÚ, 500
FORTALEZA;112;533;ENGENHEIRO LUCIANO CAVALCANTE;CENTRO UNIVERSITÁRIO 7 DE SETEMBRO - UNI 7 (FA7);AV. ALMIRANTE MAXIMINIANO DA FONSECA, 1395
MARANGUAPE;4;573;NOVO MARANGUAPE I (ÁREA VERDE) - MARANGUAPE;EEFM CAIC SENADOR CARLOS JEREISSATI;RUA ANTONIO TEIXEIRA, S/N
CAUCAIA;37;545;TABAPUAZINHO;E.E.I.E.F. DONA LAVÍNIA DE MEDEIROS;RUA GIZELDA MAGALHÃES, 2394 - TABAPUAZINHO
TABULEIRO DO NORTE;91;15;BOM FUTURO;EMEF ACELINO MAIA - BOM FUTURO;RUA VICENTE LAURINDO, S/N
CHOROZINHO;49;24;PARQUE SAO JOSE;EEFM PADRE ENEMIAS FREIRE DE ALMADA;PRACA DOM JOSE DE MEDEIROS DELGADO SN
ARARIPE;68;40;SITIO IPUEIRAS;ESCOLA MUNICIPAL DO SÍTIO IPUEIRAS;SITIO IPUEIRAS
JUAZEIRO DO NORTE;119;68;JOAO CABRAL;ESCOLA LILI NERY;RUA PADRE ALCANTARA, 1000
JUAZEIRO DO NORTE;119;383;FREI DAMIAO;ESCOLA MARIO DA SILVA BEM;RUA VEREADOR RAIMUNDO JOSÉ DA SILVA
CAUCAIA;37;619;PARQUE LEBLON;EEIEF PEDRO LAURINO DE OLIVEIRA;RUA FILGUEIRAS SAMPAIO, S/N
NOVO ORIENTE;99;31;CENTRO;EEM COELHO MASCARENHAS;RUA SAO JOSE S/N
QUITERIANÓPOLIS;99;152;CENTRO;EEF CÍCERO RODRIGUES BEZERRA;AV LAURINDO GOMES  SN
SANTA QUITÉRIA;54;47;CENTRO;COLÉGIO PAULO FREIRE;RUA JOÃO RODRIGUES PINTO, 235
FORTALEZA;80;186;FÁTIMA;COLÉGIO NOSSA SENHORA DAS GRAÇAS;RUA MONSENHOR OTÁVIO DE CASTRO, 535
TURURU;17;647;CENTRO;EEFM LUIZA BEZERRA FARIAS;RUA MONSENHOR SOLON 248
MOMBAÇA;46;62;CENTRO;ESCOLA DE ENSINO FUNDAMENTAL LAURA ALENCAR;RUA CASSIMIRO FIUZA BENEVIDES, S/N
ACARAÚ;30;166;ZONA RURAL;ESCOLA JOAO RIBEIRO RAMOS;VILA PROGRESSO
RUSSAS;9;247;PITOMBEIRA II;ESCOLA MUNICIPAL JUAREZ DE SANTIAGO LIMA;PITOMBEIRA II
MARANGUAPE;4;552;JUBAIA;EMEF LEONOR DE CASTRO BORGES;RUA ANTÔNIA BOTELHO, 83
MARANGUAPE;4;581;TABATINGA - SAPUPARA;EEFM LUIZ GIRÃO;AVENIDA TABATINGA, S/N
FORTALEZA;113;336;FARIAS BRITO;ESCOLA ESTADUAL DE EDUCAÇÃO PROFISSIONAL  PRESIDENTE ROOSEVELT;AV BEZERRA DE MENEZES 435
AMONTADA;89;162;NASCENTE;EEB NOSSA SENHORA DA CONCEIÇÃO;VARZEA DA CAL
OCARA;67;247;SERENO DE CIMA-DISTRITO;ESCOLA MUNICIPAL FRANCISCO CORREIA RODRIGUES- ENSINO FUNDAMENTAL;VILA SAO MIGUEL
QUIXADÁ;6;54;ALTO SÃO FRANCISCO;SENAC;RUA PRESIDENTE KENNEDY, 188
ARACATI;8;77;CORREGO DA NICA;E.E.F. MANOEL DA ROCHA FREIRE;CORREGO DA NICA
MARACANAÚ;104;388;TIMBÓ;EEMTI ADAHIL BARRETO CAVALCANTE;AVENIDA VEREADOR EDMILSON MARQUES, S/N
BARBALHA;31;109;VILA SANTO ANTONIO;ETI JOSEFA ALVES DE SOUSA;RUA ZUCA SAMPAIO, S/N (EM FRENTE AO HOSPITAL DO CORAÇÃO)
BEBERIBE;84;55;SUCATINGA;EEM FRANCISCA MOREIRA DE SOUSA;RUA MOREIRA DA ROCHA 01 - CENTRO
IBARETAMA;6;349;DISTRITO DE PEDRA E CAL;CAPELA SÃO JOSÉ;VÁRZEA DE CIMA
FORTALEZA;85;229;CONJUNTO CEARÁ I;EEM LICEU DO CONJUNTO CEARA;RUA 1139 A, 10 4 ETAPA
FORTALEZA;83;155;JOÃO XXIII;CENTRO DE FORMAÇÃO E DESENV. PARA PROFISSIONAIS DA EDUCAÇÃO - FORMACE;RUA PORTO VELHO, 401
MARANGUAPE;4;648;PARQUE IRACEMA - MARANGUAPE;EEMTI ANCHIETA;RUA ANTÕNIO GOMES BESSA, 60
JAGUARIBE;10;185;SÍTIO FECHADO;GRUPO ESCOLAR MUNICIPAL ELIZIARIO GOMES DE MELO;SITIO FECHADO
SÃO LUÍS DO CURU;23;308;CENTRO-SEDE;E.E.F. PADRE JOSE SINVAL FACUNDO;RUA PEDRO CIPRIANO SN
IPU;21;20;SEDE;EEMTI AUTON ARAGAO;PCA SAO SEBASTIAO 1029 CENTRO
FORTALEZA;82;388;CRISTO REDENTOR;CEJA  MONSENHOR HÉLIO CAMPOS;AV. MONSENHOR HÉLIO CAMPOS, 251
IBARETAMA;6;98;ÁREA RURAL DE IBARETAMA;EEF GUSTAVO NEY DE ARAUJO CHAVES JUNIOR;SANTA BRANCA
MARANGUAPE;4;436;SÃO JOÃO DO AMANARI;EMEF JOSÉ PEREIRA DE SOUSA;RUA MIGUEL FERNANDES, 571
BREJO SANTO;70;13;CENTRO-SEDE;EEF PROFESSOR PEDRO GOMES DA SILVA BASILIO;RUA MANOEL ANTONIO CABRAL 489
QUITERIANÓPOLIS;99;133;ZONA RURAL;UBS FRANCISCO PEREIRA CAVALCANTE;SANTA ROSA II
FORTALEZA;80;433;DIONISIO TORRES;ASSEMBLÉIA LEGISLATIVA - UNIVERSIDADE DO PARLAMENTO CEARENSE;RUA BARBOSA DE FREITAS, 2674
FORTALEZA;95;296;JANGURUSSU;EMEIEF MARTHA DOS MARTINS COELHO GUILHERME;RUA 313, 243, CONJUNTO SÃO CRISTÓVÃO
VARJOTA;65;167;ACAMPAMENTO DNOCS;E.E.F. WALDIR LEOPÉRCIO;RUA TEREZINHA MORORÓ PASSOS, 384
QUIXADÁ;6;342;CAMPO NOVO;EEF JOSÉ BONIFÁCIO DE SOUSA (ESCOLA MODELO);TRAVESSA DA LAVANDERIA, 152
CRUZ;30;83;CENTRO;ESCOLA SAO FRANCISCO DA CRUZ;RUA PROFESSORA FILO  SN
SANTA QUITÉRIA;54;37;BOA VIDA;E.E.E.P.  MONSENHOR LUIZ XIMENES FREIRE;AVENIDA MELQUIADES MOURÃO, SN.
ICÓ;15;3;NOVO CENTRO - SEDE;EEMTI - PADRE JOSÉ ALVES DE MACÊDO;AV. FRANCISCO CAETANO DANTAS, S/N
CARNAUBAL;22;22;SEDE;EEF GUILHERME FERREIRA LIMA;SITIO FAVEIRA II
MARANGUAPE;4;437;AMANARI;EMEIEF JOAQUIM LOPES DE ABREU;RUA PATRÍCIO DA PAIXÃO
MILAGRES;26;32;EUCALIPTOS;ESCOLA IRMÃ ANA ZÉLIA DA FONSECA;RUA RAIMUNDO TAVARES DA CRUZ
MAURITI;76;4;SERRINHA;CENTRO EDUCACIONAL DE MAURITI;RUA JOSÉ LEITE DA COSTA, 629
CAUCAIA;37;429;CARAÚBAS;E.E.F. ESTEVAO FERREIRA DA ROCHA;POVOADO DAS CARAÚBAS
JUAZEIRO DO NORTE;28;29;FRANCISCANOS;ECIM DOUTOR EDVAR TEIXEIRA FERRER;DOM PEDRO II 1643
CAUCAIA;37;450;PLANALTO CAUÍPE;E.E.I.E.F. MANOEL PERALDINO DE FREITAS;BARRA DO CAUIPE
PACATUBA;57;83;CONJUNTO JEREISSATI II;ESCOLA DE 1 GRAU DEPUTADO FAUSTO ARRUDA AGUIAR;AV. 26 S/N
FORTALEZA;94;631;QUINTINO CUNHA;EEFM DOM HELDER CAMARA;RUA ROSINHA SAMPAIO 1157
FORTALEZA;94;777;QUINTINO CUNHA;EEMTI MARIA JOSÉ SANTOS FERREIRA GOMES (CERE);RUA DONA LUCIA PINHEIRO, 93
FORTALEZA;94;818;QUINTINO CUNHA;EEMTI MARIA JOSÉ SANTOS FERREIRA GOMES (CERE);RUA DONA LUCIA PINHEIRO, 93
CANINDÉ;33;355;CENTRO;ESCOLA MUNICIPAL JULIO CAMPOS;LOCALIDADE DE BOA VISTA DOS CAULAS
MORAÚJO;64;62;CENTRO;MORAÚJO - ESCOLA ESTADUAL HUET ARRUDA;TRAVESSA CECÍLIA FREIRE, S/N - CENTRO
CANINDÉ;33;497;CANINDEZINHO;EMEF JOAQUIM MAGALHAES FILHO;RUA HOMERO MARTINS 2556
MORADA NOVA;47;268;POPULARES;EEB TANCREDO DE ALMEIDA NEVES;RUA FREIRE DE BRITO S/N
GUAIÚBA;57;54;CENTRO;EEBM JOSE CABRAL DE ARAUJO;RUA PEDRO AUGUSTO 91
SÃO LUÍS DO CURU;23;291;SWAT-SEDE;E.E.F. SABINO NUNES DA SILVA;RUA ROCHAEL MOREIRA, SN
SÃO LUÍS DO CURU;23;292;SWAT-SEDE;E.E.F. SABINO NUNES DA SILVA;RUA ROCHAEL MOREIRA, SN
CAUCAIA;37;259;PARQUE LEBLON;EEIEF PEDRO LAURINO DE OLIVEIRA;RUA FILGUEIRAS SAMPAIO, S/N
MARACANAÚ;104;262;TIMBÓ;EMEF DR. JOSÉ DE BORBA VASCONCELOS;AVENIDA TIMBÓ, 808
PIRES FERREIRA;21;3;DISTRITO;E.E.F. CENTRO EDUCACIONAL RURAL;DELMIRO GOUVEIA
NOVO ORIENTE;99;63;ZONA RURAL;CEIF EDVAL ARAÚJO DA SILVA;DISTRITO SAO RAIMUNDO
FORTALEZA;95;277;PARQUE SANTA MARIA;EMEIF JOSÉ MOREIRA LEITÃO;RUA HONORINO MAIA, 467
MIRAÍMA;89;261;BROTAS;EEFM VICENTE ANTENOR FERREIRA GOMES;BROTAS
TAMBORIL;61;70;DISTRITO DE OLIVEIRAS;EMEIF FRANCISCO LUCIO;RUA FRANCISCO LUCIO - VILA OLIVEIRAS
IPAPORANGA;20;269;LAGOA DO BARRO;ESCOLA DE ENSINO FUNDAMENTAL LUIZ LOPES DE SOUSA;ESTREITO
ITATIRA;33;159;DISTRITO DE LAGOA DO MATO;EMEF ANTONIO HONORATO;RUA PRINCESA ISABEL S/N
ACARAÚ;30;236;ZONA RURAL;ESCOLA JOAO JAIME F. G. FILHO - LAGOA DA VOLTA;LAGOA DA VOLTA
BEBERIBE;84;19;SUCATINGA;ESCOLA MUNICIPAL RAIMUNDA CARNEIRO;RUA DAS DUNAS SN URUAU
QUIXADÁ;6;28;PLANALTO UNIVERSITÁRIO;FECLESC;RUA JOSÉ DE QUEIROZ PESSOA, 2554
NOVO ORIENTE;99;43;ZONA RURAL;CEIF PROF. FRANCISCO EDSON DE OLIVEIRA;MONTE ALEGRE
SÃO BENEDITO;22;80;INHUCU;EE BASICO DEP TOMAZ BRANDAO;R SANTOS DUMONT S/N
SENADOR POMPEU;12;48;ENGENHEIRO JOSE LOPES;EEIEF JOSÉ ANTÔNIO DE SOUSA;ENGENHEIRO JOSE LOPES
JUAZEIRO DO NORTE;28;273;CENTRO;EEIF PADRE CICERO;MONSENHOR JOVINIANO BARRETO 116
ICÓ;15;69;LIMA CAMPOS - DISTRITO;EMTIH - MONSENHOR JOSE CAMURCA;RUA SAO SEBASTIAO, 239
MARACANAÚ;104;350;PAJUÇARA;EMEIEF SINFRONIO PEIXOTO DE MORAIS;RUA JULIO MENDES, 255
FORTALEZA;94;802;JARDIM GUANABARA;CMES PROF JOSE REBOUCAS MACAMBIRA;RUA CARIÚS 200
FORTALEZA;94;929;VILA VELHA;EMEIF FRANCISCO EDILSON PINHEIRO;RUA N, 35
SÃO BENEDITO;22;180;CRUZEIRO;EEF FILONILA CARVALHO;AVENIDA SALMITO FERREIRA DE ALMEIDA
AMONTADA;89;188;GOSTOSA;EEBTI FRANCISCO JOAQUIM DA SILVA;GOSTOSA
JUAZEIRO DO NORTE;28;159;AREA RURAL DE JUAZEIRO DO NORTE;EMEIF NOSSA SENHORA DE FATIMA;SITIO UMARI
REDENÇÃO;52;70;DISTRITO DE ANTÔNIO DIOGO;CENTRO DE EDUCAÇÃO INFANTIL PEDRO FERNANDES COSTA;RUA TEREZA CRISTINA, S/N
OCARA;67;249;CURUPIRA-DISTRITO;ESCOLA MUNICIPAL RAIMUNDO BEZERRA DA SILVA - ENSINO FUNDAMENTAL;LAGOA DO SERROTE
ACARAÚ;30;376;CENTRO;ESCOLA PROF. TERESA DE JESUS SILVA;RUA JOÃO JAIME FERREIRA GOMES, 457
FORTALEZA;85;304;ANTÔNIO BEZERRA;EEFM ANTONIO BEZERRA;RUA PADRE PERDIGAO SAMPAIO 780
BATURITÉ;5;115;SANHARAO-SEDE;INSTITUTO FEDERAL DE EDUCAÇÃO, CIÊNCIA E TECNOLOGIA IFCE;RUA OUVIDOR MOR VITORINO SOARES BARBOSA, 160
BEBERIBE;84;24;CENTRO;ESCOLA DE ENSINO FUNDAMENTAL E MEDIO ANA FACO;RUA VICENTE MATHIAS 119
FORTALEZA;80;374;TAUAPE;CENTRO DE DESENVOLVIMENTO SOCIAL SEMEANDO (ANTIGO EURICO BERGSTEN);RUA CRUZ ABREU 204
FORTALEZA;80;441;VILA UNIÃO;COLÉGIO ANTARES FÁTIMA (VILA UNIÃO);RUA ALBERTO MONTEZUMA, 235
JIJOCA DE JERICOACOARA;30;111;CENTRO;ESCOLA JOSE TEIXEIRA DE ALBUQUERQUE;RUA MARCAL DE SOUSA 851
IPU;21;52;DISTRITO;UBS MARIA CLOTILDE CARLOS PAZ;ALTO ALEGRE
CAUCAIA;37;597;NOVO PABUSSU;EEIEF MARIA DOLORES MENEZES DE ALMEIDA;RUA DA CONSOLAÇÃO, 465
FORTALEZA;115;403;MANOEL SÁTIRO;EEFM PROFESSOR MARIO SCHENBERG;RUA AMERICO ROCHA LIMA 835
CARIRIAÇU;71;117;MESTRE NECO;SECRETARIA DE ASSISTÊNCIA SOCIAL;RUA MIGUEL XAVIER SN
ARACATI;8;202;VARZEA DA MATRIZ;COLEGIO MUNICIPAL;RUA PADRE PACHECO, S/N.
GRANJA;25;115;SÃO PEDRO;E.E.F. ARZILIA MOTA;RUA PARAIBA, S/N
FORTALEZA;80;191;FÁTIMA;COLÉGIO NOSSA SENHORA DAS GRAÇAS;RUA MONSENHOR OTÁVIO DE CASTRO, 535
MARANGUAPE;4;25;PARQUE IRACEMA - MARANGUAPE;CEI MÁRIO VALENTIM DE ANDRADE;RUA ANTÔNIO GOMES BESSA, S/N
ITAPAJÉ;41;278;ARMADOR;ESCOLA MUNICIPAL FRANCISCO LOPES RODRIGUES;SITIO ARMADOR
IBARETAMA;6;111;DISTRITO DE NOVA VIDA;EEF JOÃO PERGENTINO;EXTREMA - DISTRITO DE NOVA VIDA
FORTALEZA;118;597;DIAS MACEDO;EMEF PROFESSOR JOAO HIPPÓLYTO DE AZEVEDO E SÁ;RUA 03 N. 88 RESIDENCIAL NAPOLEAO VIANA
LAVRAS DA MANGABEIRA;14;76;IBOREPI - DISTRITO;EEF FRANCISCO ASSIS DE SOUZA;RUA RAIMUNDO RODRIGUES VIANA
FORTALEZA;93;239;PREFEITO JOSÉ WALTER;EM ROGACIANO LEITE;RUA 45, S/N - III ETAPA
NOVO ORIENTE;99;64;CENTRO;EEB DR. ANTONIO EUFRASINO NETO;RUA LUIZ BEZERRA, S/N
FORTALEZA;112;293;PARQUE MANIBURA;COLÉGIO ÁGAPE;AV HERMINIO DE CASTRO, 140
FRECHEIRINHA;81;327;CENTRO;ESCOLA DE ENSINO MÉDIO ANTONIO CUSTODIO;RUA TENENTE EUFRASIO, 133 - CENTRO
SÃO BENEDITO;22;232;MONS. OTALICIO;LICEU - JOAO ALMIR DE FREITAS BRANDAO;AVENIDA TABAJARA S/N
BATURITÉ;5;54;CANDEIA DOS ANSELMOS-SITIO;ASSOCIAÇÃO COMUNITÁRIA FAMILIAR DOS ANSELMOS;CANDEIA DOS ANSELMOS, SN
RERIUTABA;79;110;RIACHO DAS FLORES;E.E.I.F. ANTÔNIO CARLOS DE MESQUITA;RIACHO DAS FLORES - ZONA RURAL
FORTALEZA;116;444;BONSUCESSO;EM XV DE OUTUBRO;RUA GUARANI, 2030
TIANGUÁ;81;289;VEREADOR JOÃO ALBUQUERQUE;E.E.I.F. TEREZA NUNES;RUA CONSTRUTOR RAIMUNDO BOTO, SN - RÉGIS DINIZ
CAUCAIA;37;539;TABAPUAZINHO;E.E.I.E.F. TIO MANUEL (ANTIGO LORENA AMARAL);RUA BANABUIÚ, N 1150
JAGUARIBE;10;101;CENTRO;COLEGIO CARMELA DUTRA;AV OITO DE NOVEMBRO 1087
FORTALEZA;118;620;MONDUBIM;COLÉGIO CONECTIVO;RUA GENERAL ONOFRE, 445
NOVO ORIENTE;99;34;CENTRO;EEM COELHO MASCARENHAS;RUA SAO JOSE S/N
FORTALEZA;83;130;JÓQUEI CLUBE;ESCOLA MUNICIPAL PRESIDENTE KENNEDY;AV. LINEU MACHADO 811
ACARAÚ;30;66;ZONA RURAL;ESCOLA MANOEL EDGAR DA SILVEIRA;CAUASSU
ICÓ;15;149;BOQUEIRAO - SITIO;ESCOLA MUNICIPAL BERNARDINHO PEREIRA;SITIO BOQUEIRAO S/N
PARAMBU;19;282;CENTRO;ESCOLA VIRGÍLIO TAVORA;RUA 07 DE SETEMBRO, 120
GRANJA;25;164;ZONA RURAL (SEDE RURAL);E.E.F. TEODORICO GUILHERME PEREIRA;SAIRI
GRANJA;25;218;ADRIANOPOLES;E.E.F. GUILHERME TELES GOUVEIA (ANTIGA NIEDJA ARRUDA);RUA VICENTE FERREIRA, S/N
TURURU;17;679;ALTO DOS CAMELOS;CENTRO EDUCACIONAL ERNESTO GHISLANDI;RUA JATOBA I
JUAZEIRO DO NORTE;28;326;FATIMA;EMEI MARIA QUIRINO DA SILVA;RUA PEDRO GUILHERME DA SILVA, SN
MORADA NOVA;47;12;SAO FRANCISCO;EEB PROFESSORA ANA CLARA ANDRADE NÂNTUA BENTO;RUA JOSÉ DE SOUSA MARTINS, 261
SANTANA DO ACARAÚ;44;140;INGÁ;GRUPO ESCOLAR JOSE RAIMUNDO CORDEIRO;INGA
FORTALEZA;94;645;VILA VELHA;EEM LICEU VILA VELHA;AV. L, 840
ALTO SANTO;86;43;BATOQUE;ESCOLA DE 1 GRAU LUIS CANDIDO MACIEL;SITIO BATOQUE
CHOROZINHO;49;250;PATOS DOS LIBERATOS;EEF LUIS LIBERATO DE CARVALHO;LOCALIDADE PATOS DOS LIBERATOS
FORTALEZA;94;801;QUINTINO CUNHA;IGREJA SÃO PEDRO E SÃO PAULO;RUA PADRE TEODORO, 996
RUSSAS;9;269;CENTRO;ESCOLA DE ENSINO MÉDIO MANOEL MATOSO FILHO;AVENIDA MARIA RAMALHO, 336
SANTANA DO ACARAÚ;44;33;BAIXA FRIA;EEF ANTÔNIO FRANCISCO CANAFÍSTULA;BAIXA FRIA
JAGUARIBE;10;78;SÍTIO FECHADO;GRUPO ESCOLAR MUNICIPAL ELIZIARIO GOMES DE MELO;SITIO FECHADO
FORTALEZA;94;932;QUINTINO CUNHA;COLÉGIO DOM FELIPE;AV INDEPENDÊNCIA. 1652
PACATUBA;57;20;CENTRO;DEPARTAMENTO MUNICIPAL DE EDUCACAO;RUA CORONEL JOSE LIBANIO, 23
PACATUBA;57;332;SAO BENTO;ESCOLA DE 1 GRAU MANOEL PONTES DE MEDEIROS;RUA JOSE SOARES DE ALBUQUERQUE, 246
PACAJUS;49;134;BURITI;SECRETARIA DE EDUCAÇÃO;RUA TABELIÃO JOSÉ GAMA FILHO
FORTALEZA;83;319;DEMOCRITO ROCHA;ESCOLA MUNICIPAL JOSÉ BONIFÁCIO DE SOUSA;RUA PERNAMBUCO 600
TRAIRI;97;175;BARRINHA DO NORTE;EEF DONA OLGA RIBEIRO;BARRINHA DO NORTE
PACAJUS;49;211;CENTRO;ESCOLINHA INFANTIL RECANTO FELIZ;RUA JOAQUIM NOGUEIRA LOPES 932 - CENTRO
GRANJEIRO;62;174;SÍTIO SERRA NOVA;POSTO DE SAÚDE - SERRA NOVA;SITIO SERRA NOVA
SOBRAL;24;463;JUNCO;SESI;AV. DR. JOSÉ ARIMATÉIA M SILVA, 1701
FORTALEZA;93;301;PLANALTO AYRTON SENNA;EM ADALBERTO STUDART FILHO;RUA DO CAMPO, 25
JUAZEIRO DO NORTE;119;378;FREI DAMIAO;ESCOLA MARIO DA SILVA BEM;RUA VEREADOR RAIMUNDO JOSÉ DA SILVA
ITAPAJÉ;41;47;ESMERINO GOMES;EEEP ADRIANO NOBRE;RUA ODILON FERREIRA GOMES, 475.
AIUABA;101;10;CENTRO;EEM JOSÉ FERREIRA BARBOSA;RUA 7 DE SETEMBRO S/N
ITAPAJÉ;41;152;JARDIM;ESCOLA MUNICIPAL ANTONIO BARBOSA;JARDIM
FORTALEZA;82;396;PIRAMBU;CENTRO EDUCACIONAL DOM HÉLIO CAMPOS;RUA SÃO RAIMUNDO, 199
CAUCAIA;37;538;TABAPUÁ;E.E.I.E.F. ROBERTO JOSÉ BASTOS MACAMBIRA;RUA 7, S/N - TABAPUÁ
FORTALEZA;85;186;CONJUNTO CEARÁ I;EMTI JOSE LEOPOLDINO DA SILVA FILHO;RUA 420, S/N, 2A ETAPA
FORTALEZA;85;320;GENIBAÚ;ESCOLA MUNICIPAL DEP MURILO AGUIAR;RUA 24 DE OUTUBRO 655
GRANJA;25;53;TIMONHA;E.E.F. JOSÉ FIRMINO DOS SANTOS;TRAVESSA ALCANTARA, 534
MARANGUAPE;4;535;TANQUES;EMEIEF DR. CÉSAR CAMPELO;RUA JOÃO DE HOLANDA CAVALCANTE
AMONTADA;89;104;CENTRO;EEM RITA ESTELITA DOS SANTOS RODRIGUES;AV GAL ALÍPIO DOS SANTOS 1020
FORTALEZA;85;174;ANTÔNIO BEZERRA;EEFM MARIO HUGO CIDRAK DO VALE;RUA DR. PERIGUARI, 547
SOBRAL;121;158;TAPERUABA;ESCOLA FRANCISCO MONTE;RUA FRANCISCO MONTE S/N CENTRO
FORTALEZA;2;634;MESSEJANA;EEM LICEU DE MESSEJANA;AVENIDA WASHINGTON SOARES 7702
AURORA;69;83;GROSSOS-SITIO;E.E.I.F. JOAQUIM SERAFIM PEREIRA;SITIO GROSSOS  S/N
ACARAÚ;30;187;ZONA RURAL;ESCOLA RAIMUNDO BATISTA DE OLIVEIRA;ALTO DA BOA VISTA
FORTALEZA;116;75;GRANJA PORTUGAL;EM IRMA ROCHA;RUA EMILIO DE MENEZES 2515
JUAZEIRO DO NORTE;28;203;CENTRO;COLÉGIO BATISTA DO CARIRI;RUA SAO PAULO 797
REDENÇÃO;52;64;DISTRITO DE BARRA NOVA (ANTIGO SÃO GERARDO);ESCOLA TEODORO CONRADO DA SILVEIRA;SÍTIO CANADÁ
AURORA;69;16;VILA PAULO GONÇALVES;CENTRO SOCIAL URBANO;AVENIDA VICENTE TAVARES SIMÕES
FORTALEZA;3;175;JACARECANGA;SENAI - UNIDADE CENTRO;AV. PADRE IBIAPINA, 1280
CANINDÉ;33;368;ZONA RURAL;EMEF DR. OTAVIO FACUNDO;ASSENTAMENTO LOGRADOURO UBIRAÇU
ITAPAJÉ;41;90;PADRE LIMA;E.E.M. MONSENHOR CATAO PORFIRIO SAMPAIO;RUA TEIXEIRA PINTO 136
FORTALEZA;117;188;CONJUNTO ESPERANÇA;EEFM IRAPUAN CAVALCANTE PINHEIRO;AV E 305
HIDROLÂNDIA;54;21;DISTRITO DE IRAJÁ;E.M.E.F. CERU DR. AQUILES PERES MOTA;RUA JOÃO BATISTA VIANA S/N.
TIANGUÁ;81;78;ARAPÁ;CENTRO EDUCACIONAL PROFESSOR OSVALDO NOGUEIRA LIMA - CEPON;RUA QUINTINO MARQUES, S/N - DISTRITO ARAPÁ
RUSSAS;9;319;CENTRO;ESCOLA MUNICIPAL JOSE RAIMUNDO DE DEUS;AVENIDA IRMÃ MARIA DA GRAÇA
EUSÉBIO;88;118;TAMATANDUBA;EEF IZIDIO JOSE CAMPINA;RUA IZIDIO CAMPINA, 751 TAMATANDUBA
FORTALEZA;115;200;PARANGABA;COLÉGIO INVICTUS;RUA ARARIBÓIA, 192
FORTALEZA;114;123;ÁLVARO WEYNE;EMTI NOSSA SENHORA DE FÁTIMA (ANTIGA APOSTÓLICA/SEMINÁRIO);RUA SÍLVIO ROMERO 370
ITAPIPOCA;17;289;ASSUNÇÃO;EEB GERARDO MESQUITA;ARARA DO MEIO
FORTALEZA;118;487;PASSARÉ;EM DELMA HERMÍNIA DA SILVA PEREIRA;AVENIDA PRESIDENTE COSTA E SILVA, 5606
CAUCAIA;120;421;CAPUAN;CRAS - CAPUAN - TEREZA ALVES FERREIRA;RUA CEL. PINHO, S/N
PACATUBA;57;81;CONJUNTO JEREISSATI II;ESCOLA DE 1 GRAU DEPUTADO FAUSTO ARRUDA AGUIAR;AV. 26 S/N
FORTALEZA;93;310;ARACAPÉ;EMEIF IVANILSON SOUZA LIMA COSTA;RUA POLIANA N.102
CAMOCIM;32;251;BOA ESPERANCA;ESCOLA MUNICIPAL DE 1 GRAU FCO OTONI COELHO;RUA BANDEIRANTES 646
FORTALEZA;83;420;JOÃO XXIII;CENTRO DE FORMAÇÃO E DESENV. PARA PROFISSIONAIS DA EDUCAÇÃO - FORMACE;RUA PORTO VELHO, 401
FORTALEZA;85;262;AUTRAN NUNES;EMEIF DOLORES ALCANTARA;RUA CARDEAL ARCOVERDE S/N
LIMOEIRO DO NORTE;29;62;CENTRO;FACULDADE DE FILOSOFIA D AURELIANO MATOS;AV DOM AURELIANO MATOS 2058
LIMOEIRO DO NORTE;29;268;BOM NOME;EEF VALDETRUDES EDITH HOLANDA;RUA ANTONIO RIBEIRO DE CASTRO, S/N
FORTALEZA;115;268;JARDIM CEARENSE;EM JOÃO ESTANISLAU FAÇANHA;RUA ONZE, S/N - CONJUNTO CAMPO DOS INGLESES
CAPISTRANO;105;14;CENTRO;ESCOLA DE ENSINO FUNDAMENTAL E MEDIO CEL. FRANCISCO NUNES CAVALCANTE;RUA CEL. FRANCISCO NUNES CAVALCANTE 35
JAGUARUANA;75;87;ANTONOPOLIS;C.E.I. ANTONIO VALENTE FILHO;ANTONOPOLIS
FORTALEZA;1;84;VARJOTA;FACULDADE FARIAS BRITO - CASTRO MONTE;RUA CASTRO MONTE 1364
CRATO;27;331;SANTA FÉ;EEIEF OTACÍLIO CORREIA LIMA;ROD. VICENTE TELES, SN - SÍTIO PALMEIRINHA DOS CORREIA
JAGUARIBARA;72;78;CENTRO;EMEF PROFESSORA JOSIRENE PEREIRA;RUA JOSE MARIA GONÇALVES, 210
SOBRAL;24;462;PADRE PALHANO;EEFI PADRE PALHANO;RUA PADRE EDSON, S/N
MARANGUAPE;4;504;CENTRO - MARANGUAPE;COLÉGIO SEBASTIÃO DE ABREU;RUA ROBERTO BRAQUEHAIS, 656
IGUATU;13;50;VILA BRASILIA;LICEU DE IGUATU DR JOSE GONDIM;RUA 25 DE MARCO S/N
SÃO GONÇALO DO AMARANTE;36;324;PECEM-DISTRITO;CEDI - GUIOMAR MENDES;RUA DATIVA FERREIRA SOARES, S/N - PECEM
FORTALEZA;82;448;CARLITO PAMPLONA;EM HILBERTO SILVA;AV. PRESIDENTE CASTELO BRANCO, 2973
MERUOCA;24;600;Anil;EEIF - JOSE XIMENES ALBUQUERQUE;SITIO SAO VICENTE
FORTALEZA;80;363;FÁTIMA;INSTITUTO DE EDUCAÇÃO DO CEARÁ;RUA GRACILIANO RAMOS, 52
AURORA;69;64;SITIO CACHOEIRA;ESCOLA FRANCISCO ANDRÉ DE FRANÇA;VILA AGROVILA
AURORA;69;16;VILA PAULO GONÇALVES;CENTRO SOCIAL URBANO;AVENIDA VICENTE TAVARES SIMÕES
SÃO GONÇALO DO AMARANTE;36;283;SAQUINHO;CRECHE RAIMUNDO BRASILEIRO FLORINDO;SAQUINHO
FORTALEZA;95;211;CONJUNTO PALMEIRAS;EMEIEF CÉSAR CALS DE OLIVEIRA NETO;RUA OLIMPIO RIBEIRO, 20
MARACANAÚ;122;159;PIRATININGA;EMEF - ELIAN DE AGUIAR MENDES;RUA AMAZONAS 01
ITAPIPOCA;17;411;CRUXATI;EEB LUZIA ROLA TEIXEIRA;MACACO I
FORTALEZA;1;480;VARJOTA;COLEGIO FARIAS BRITO - PRÉ UNIVERSITARIO - JULIO ABREU;AVENIDA JULIO ABREU, 284
SOBRAL;24;507;JORDÃO;EEFI JACIRA MENDES OLIVEIRA;LOCALIDADE SAO FRANCISCO
MULUNGU;5;141;CENTRO-SEDE;POSTO DE SAÚDE (SEDE);RUA MILTON FACANHA ABREU S/N
IRAUÇUBA;41;28;JUA;ESCOLA MUNICIPAL MIGUEL FERNANDES;RUA JOAQUIM PEREIRA PASSOS SN
CAUCAIA;120;442;CAPUAN;E.D.E.F.M. ÍNDIOS TAPEBA (COMUNIDADE INDÍGENA);RODOVIA CORONEL ALFREDO, S/N
FORTALEZA;93;90;PREFEITO JOSÉ WALTER;EM MINHA VIDA MEUS AMORES;AVENIDA D, 380 - II ETAPA
PALMÁCIA;4;181;SERRA NOVA;ESCOLA MUNICIPAL PE. BATISTA QUEIROZ;SERRA NOVA
CAUCAIA;123;420;NOVA METRÓPOLE (JUREMA);E.E.F.M. ROMEU DE CASTRO MENEZES;AV. A, S/N - NOVA METRÓPOLE
FORTALEZA;114;217;PRESIDENTE KENNEDY;ESCOLINHA MUNDO INFANTIL;AVENIDA SARGENTO HERMÍNIO SAMPAIO 3787
CASCAVEL;7;3;GUANACES;ESC.ENS.FUND. MAXIMIANO FELIX DOS SANTOS;BRITO
HORIZONTE;78;181;CENTRO;CENTRO CULTURAL;RUA BATURITE, 776 ESQ C/RAIMUNDO ALVES DA SILVA
FORTALEZA;114;245;BARRA DO CEARÁ;CENTRO DE EDUCAÇÃO COMPLEMENTAR (CEDCE) - ANTIGO SESI;AVENIDA FRANCISCO SÁ 6623
PACATUBA;57;240;PAVUNA;ESCOLA DE 1 GRAU MARIA GUIOMAR BASTOS CAVALCANTE;RUA TOPAZIO, 331, VELHO TIMBO
NOVA RUSSAS;48;36;MAJOR SIMPLÍCIO;ESCOLA MUNICIPAL SEBASTIANA CID DE FARIAS;DISTRITO DE MAJOR SIMPLÍCIO,
FORTALEZA;1;466;VARJOTA;ESCOLA ESTADUAL  BARBARA DE ALENCAR;RUA PEDRO RUFINO 38
CRATO;27;304;SÃO MIGUEL;EEEP MARIA VIOLETA ARRAES DE ALENCAR GERVAISEAU;AVENIDA TEODORICO TELES, SN
BREJO SANTO;70;320;LAGOA DO MATO-SEDE;CENTRO DE EDUCACAO INFANTIL JOAO GONCALVES DE SOUSA;VILA FELIZ
CARIDADE;111;66;CENTRO;EEFM CASEMIRO BEZERRA DE ARAUJO;RUA CEL FRANCISCO LINHARES 496
PACATUBA;57;102;CONJUNTO JEREISSATI II;ESCOLA DE 1 GRAU DEPUTADO FAUSTO ARRUDA AGUIAR;AV. 26 S/N
ITAPIPOCA;17;222;ÁREA RURAL DE ITAPIPOCA;EEB FRANCISCO TEIXEIRA PIRES;SALGADO DOS PIRES
ANTONINA DO NORTE;18;2;CENTRO;ESCOLA DE ENSINO FUNDAMENTAL 8 DE MAIO;RUA ANTONIO MOTA 50
IGUATU;13;272;ALTO DO JUCÁ;ESCOLA DE ENS FUND JOSÉ ERITON BARROS COSTA;RUA APULCRO LIMA VERDE SN
SOBRAL;24;517;PADRE PALHANO;EEFI PADRE PALHANO;RUA PADRE EDSON, S/N
FORTALEZA;82;445;MONTE CASTELO;CENTRO EDUCACIONAL SÃO MATEUS;AV. SARGENTO HERMÍNIO SAMPAIO, 2440
PENTECOSTE;50;98;ZELADORIA;EEF GOVERNADOR WALDEMAR ALCÂNTARA;RUA PEDRO HORÁCIO, 297
FORTALEZA;83;714;HENRIQUE JORGE;COLÉGIO LUNA RANGEL;RUA EURICO MEDINA, 959
CRATO;27;289;PONTA DA SERRA;EEIEF PEDRO FELÍCIO;VILA SÃO FRANCISCO, SN.
ITAITINGA;78;380;BARROCÃO;CEI - CENTRO DE EDUCAÇÃO INFANTIL DO BAIRRO BARROCÃO;RUA UM, N. 221, BARROCÃO 
CASCAVEL;7;54;CAPONGA;ESC.ENS.FUND. FLORENCIA DANTAS DE SOUSA;SITIO BURITIZAL
COREAÚ;64;106;Centro;COREAÚ - ESCOLA ESTADUAL VILEBALDO AGUIAR;RUA CORONEL ANTÔNIO TELES, 33 - CENTRO
FORTALEZA;117;289;CANINDEZINHO;EM PADRE ANTONIO MONTEIRO DA CRUZ;RUA DE PEDESTRE XIII, 25 - JARDIM FLUMINENSE II
ITAPIPOCA;17;23;CRUZEIRO;EEFMI CORONEL MURILO SERPA;RUA ANASTACIO BARROSO VALENTE 318
PARAMBU;19;363;BELEZA;ESCOLA CICERO FERREIRA DOS SANTOS;RUA ANTONIO BEZERRA, 28
JUAZEIRO DO NORTE;119;204;TIRADENTES;ESCOLA GOVERNADOR MANOEL DE CASTRO FILHO;RUA IVANIR FEITOSA SN
MILAGRES;26;77;CASA PROPRIA;ESCOLA MARIETA CALLS;AV SANDOVAL LINS S/N
MILAGRES;26;119;SITIO ARARAS;ESCOLA ELIAS PENEDO;SITIO ARARAS
CAMOCIM;32;18;CENTRO;CCI - CENTRO CEARENSE DE IDIOMAS;PRAÇA SEVERIANO MOREL S/N
JAGUARETAMA;72;25;CENTRO;SECRETARIA MUNICIPAL DE INFRAESTRUTURA (ANTIGA SEC AGRICULTURA);RUA DOM LUIZ, 1305
FORTALEZA;1;619;COCÓ;UNINTA - FACULDADE UNINTA FORTALEZA;RUA VILEBALDO AGUIAR,133
FORTALEZA;85;112;CONJUNTO CEARÁ I;CEJA ADELINO DE ALCANTARA FILHO - UV-6;RUA SEISCENTOS E DOZE, 100, 1A ETAPA
QUIXADÁ;6;40;DOM MAURICIO;EEF JOSÉ PEREIRA DE SOUSA;SITIO VEIGA, S/N
FORTALEZA;82;577;SÃO GERARDO;COLÉGIO MASTER - BEZERRA DE MENEZES;AV. BEZERRA DE MENEZES, 1802
FORTALEZA;117;254;CANINDEZINHO;EM PADRE ANTONIO MONTEIRO DA CRUZ;RUA DE PEDESTRE XIII, 25 - JARDIM FLUMINENSE II
LIMOEIRO DO NORTE;29;111;BOM JESUS DO CRUZEIRO;EEF TEREZINHA LANDIM ESTACIO;TRIANGULO DE LIMOEIRO
IPAPORANGA;20;314;ALTO DO BOM PRINCÍPIO;ESCOLA DE ENSINO FUNDAMENTAL WALDEMAR DE ALCÂNTARA;RUA PEDRO CORREIA LEITÃO, 45
JUAZEIRO DO NORTE;119;474;PIRAJA;ESCOLA CLOTILDE SARAIVA COELHO;LIMOEIRO 2338
EUSÉBIO;88;230;JABUTI;EEF MARIO SALES;RUA MARIO SALES, 319 - JABOTI
OCARA;67;212;SERENO DE CIMA-DISTRITO;ESCOLA MUNICIPAL MINELVINA MARIA DA CONCEICAO - ENSINO FUNDAMENTAL;CROATA
OCARA;67;180;CENTRO-SEDE;ESCOLA MUNICIPAL LUIS CANDIDO DE OLIVEIRA - ENS FUND E MEDIO;AV CORONEL JOAO FELIPE SN
CAUCAIA;37;495;PARQUE SOLEDADE;E.E.F. CORALIA GONZAGA SALES;RUA NAPOLEAO BONAPARTE VIANA, S/N
CANINDÉ;33;23;SANTA LUZIA;EMEF SENADOR CARLOS JEREISSATI;RUA EUCLIDES BARROSO, 1048
SOBRAL;121;284;PEDRINHAS;ESCOLA MARIA DO CARMO ANDRADE;PRAÇA DR. JOSE EUCLIDES FERREIRA GOMES JUNIOR, S/N
TURURU;17;627;CEMOABA / ZONA RURAL;EMEF MARIA LUNGA MOREIRA;RUA PRINCIPAL
PEDRA BRANCA;59;89;SANTA URSULA;CRECHE-TI MIRIAN PORTO MOTA;TRAVESSA SABINO VIEIRA CAVALCANTE,16
AMONTADA;89;141;VARJOTA;EEBTI ANTONIO DAMIÃO NETO;VARJOTA
BELA CRUZ;96;81;CENTRO-SEDE;CAMARA MUNICIPAL DE BELA CRUZ;RUA 7 DE SETEMBRO, 34
MAURITI;76;118;SEDE;CRECHE IDEAL DA CRIANÇA;SITIO APANHA PEIXE
IRAUÇUBA;41;19;JUA;ESCOLA MUNICIPAL MIGUEL FERNANDES;RUA JOAQUIM PEREIRA PASSOS SN
FORTALEZA;83;709;BELA VISTA;EEMTI SENADOR FERNANDES TÁVORA;RUA GOIÁS 141
MARACANAÚ;122;45;ALTO DA MANGUEIRA;EEF ALBANIZA ROCHA SARASATE;TRAVESSA ANTONIO JUSTA S/N
MARACANAÚ;122;81;INDUSTRIAL;EMEIEF CORONEL ADAUTO BEZERRA (ANTIGO WALMIKI);AV. CONTORNO SUL, S/N
SÃO LUÍS DO CURU;23;317;CENTRO-SEDE;E.E.F. PROFESSORA MARIA DE LOURDES BRAGA;RUA HUGO ROCHA SN
FORTALEZA;118;406;SERRINHA;EEFM PROFESSOR JADER MOREIRA DE CARVALHO;RUA PROFESSORA HELOISA FERREIRA LIMA, 420
FORTALEZA;115;377;PARANGABA;EEMTI GENERAL EUDORO CORREA;RUA JULIO BRAGA 101
FORTALEZA;3;221;CENTRO;FAC. ESTÁCIO - UNIDADE CENTRO (ANTIGO COLÉGIO CEARENSE);AV. DUQUE DE CAXIAS, 101
CRUZ;30;366;CENTRO;ESCOLA MARIA PEREIRA BRANDAO;RUA VEREADOR MUNDICO MARTINS 642
REDENÇÃO;52;81;DISTRITO DE BARRA NOVA (ANTIGO SÃO GERARDO);ESCOLA FRANCISCO DE ASSIS NOGUEIRA;SERRA VERDE
FORTALEZA;80;291;VILA UNIÃO;ESCOLA MUNICIPAL PAPA JOÃO XXIII;AV TREZE DE ABRIL, 545
GRANJA;25;19;CENTRO;E.E.F. DONA SINHA CRUZ DE VASCONCELOS;RUA DR. JOAO PESSOA, 345
INDEPENDÊNCIA;39;24;NOVA OLINDA;E.E.F. LINO VIEIRA SOARES;POVOADO NOVA OLINDA
EUSÉBIO;88;126;MANGABEIRA;EEM MANOEL FERREIRA DA SILVA;RUA ELIEZER PARRIAO, 105 - MANGABEIRA
MAURITI;76;86;BELA VISTA;E.E. PROFISSIONALIZANTE PE. JOÃO BOSCO DE LIMA;RUA 03, S/N
PACAJUS;49;157;CROATA I;SECRETARIA DE TRABALHO E DESENVOLVIMENTO SOCIAL - STDS;AV. LUCIO JOSÉ DE MENEZES, 1254
JUAZEIRO DO NORTE;119;465;AEROPORTO;ESCOLA CICERA GERMANO CORREIA;RUA SEBASTIAO REGIS SN
BEBERIBE;84;135;PARIPUEIRA;ESCOLA MUNICIPAL SAGRADO CORACAO DE JESUS;CAMPESTRE DA PENHA
MOMBAÇA;46;65;CENTRO;ESCOLA DE ENSINO FUNDAMENTAL LAURA ALENCAR;RUA CASSIMIRO FIUZA BENEVIDES, S/N
ITATIRA;33;162;ZONA RURAL;EMEF EDUARDO BARBOSA;LOCALIDADE DE CACHOEIRA BR
BEBERIBE;84;59;SUCATINGA;ESCOLA MUNICIPAL CASTRO ALVES;LAGOA DE DENTRO
PACATUBA;57;3;SAO JOSE;CENTRO COMUNITÁRIO;RUA CAPITÃO MANUEL PONTES DE MEDEIROS, PARQUE ARATANHA
ASSARÉ;18;146;CENTRO;CENTRO SOCIAL URBANO DE ASSARÉ;RUA EUCLIDES ONOFRE, 128
FORTALEZA;113;239;PARQUELÂNDIA;EEFM ANTONIO SALES - PARQUELÂNDIA;RUA PROF. ANACLETO, 630
FORTALEZA;82;250;CARLITO PAMPLONA;EM HILBERTO SILVA;AV. PRESIDENTE CASTELO BRANCO, 2973
RUSSAS;9;253;CENTRO;ESCOLA MUNICIPAL JOSE RAIMUNDO DE DEUS;AVENIDA IRMÃ MARIA DA GRAÇA
CAUCAIA;37;604;ICARAI;ESCOLA VERONICA MARIA SILVA DE MENEZES;RUA Q, S/N - MUNGUBA
ITAPIÚNA;105;157;ZONA RURAL;ASSOCIAÇÃO DOS MORADORES DA FAZENDA VELHA;FAZENDA VELHA / BOA ÁGUA
FORTALEZA;113;199;FARIAS BRITO;EEFM DR.CÉSAR CALS;AV. DOMINGOS OLIMPIO, 1800
FORTALEZA;115;192;PARANGABA;EEMTI MARIA THOMÁSIA;RUA POLONIA, 369
SÃO JOÃO DO JAGUARIBE;91;132;PINTO;POSTO DE SAUDE MUNICIPAL DO  SITIO PINTO;SITIO PINTO
FORTALEZA;83;92;HENRIQUE JORGE;ESCOLA MUNICIPAL SANTA MARIA;RUA CUIABÁ 1465
FORTALEZA;83;655;DOM LUSTOSA;EEFM JOSÉ WALDEMAR DE ALCÂNTARA E SILVA;RUA MACEIÓ, 627
BARREIRA;52;180;MEARIM III;ESCOLA BOANERGES JACÓ (CERUR);RUA JOÃO JULIÃO, N. 182
SOBRAL;121;139;CENTRO;COLEGIO FARIAS BRITO SOBRALENSE;PRACA QUIRINO RODRIGUES S/N
MASSAPÊ;45;126;ZONA RURAL;CRECHE JOSE CLAUDIO DE AGUIAR;POVOADO DE IPAGUACUMIRIM
MASSAPÊ;45;134;LUIS DA HORA PEREIRA;CMEF PROFESSORA MARIA DO CARMO CARNEIRO (EEF MARIA PONTES VIDAL);RUA AMADEU ALBUQUERQUE, S/N
JUAZEIRO DO NORTE;28;469;PEDRINHAS;EMEF PROFA. DORALICE DE FIGUEIREDO ROCHA;RUA JOAQUIM LEANDRO DE SOUSA
JIJOCA DE JERICOACOARA;30;95;ZONA RURAL;ESCOLA DONA JOAQUINA TEIXEIRA;MANGUE SECO
ITAPIÚNA;105;146;ZONA RURAL;ESCOLA DE ENSINO FUNDAMENTAL SANTA RITA;TRAVESSIA
SENADOR POMPEU;12;85;SAO JOAQUIM;CENTRO INTEGRADO DE CAPACITACAO PARA O TRABALHO E CIDADANIA;SITIO BOA VISTA
SÃO LUÍS DO CURU;23;321;CENTRO-SEDE;E.E.F. PROFESSORA MARIA DE LOURDES BRAGA;RUA HUGO ROCHA SN
MARACANAÚ;104;3;BOA VISTA;EMEIEF COMISSÁRIO FRANCISCO BARBOSA;RUA 11, 116
FORTALEZA;82;206;MONTE CASTELO;EM PROFESSOR MARTINZ DE AGUIAR;RUA BERNARDO PORTO, 470
FORTALEZA;115;102;PARANGABA;EMTI CAROLINO SUCUPIRA;RUA MUNDICA PAULA, 670
FRECHEIRINHA;81;279;CENTRO;ESCOLA DE ENSINO MÉDIO ANTONIO CUSTODIO;RUA TENENTE EUFRASIO, 133 - CENTRO
QUIXADÁ;6;51;ALTO SÃO FRANCISCO;COORDENADORIA REGIONAL DE DESENVOLVIMENTO DA EDUCAÇÃO - CREDE 12;AV. JUSCELINO KUBITSCHEK, 493
ARARIPE;68;11;CENTRO;ESCOLA NIURA MARIA DE ALENCAR - SEDE;RUA ANTONIO HENRIQUE DE LIMA, S/N
ARARIPE;68;96;SERRA LUIZ PEREIRA;EEIF LUIZ PEREIRA DA SILVA - SERRA LUIZ PEREIRA;SERRA LUIZ PEREIRA
JIJOCA DE JERICOACOARA;30;324;ZONA RURAL;ESCOLA NOSSA SENHORA DA CONSOLACAO;NOVO JERI S/N - JERICOACOARA
FORTALEZA;85;225;CONJUNTO CEARÁ I;EEM LICEU DO CONJUNTO CEARA;RUA 1139 A, 10 4 ETAPA
SOBRAL;24;234;JAIBARAS;EEM AYRES DE SOUZA (SEDE) - ESCOLA NOVA;RUA ALFA, S/N
FORTALEZA;82;684;CARLITO PAMPLONA;EEMTI JOSÉ VALDO RIBEIRO RAMOS;RUA PEDRO AMÉRICO, 100
EUSÉBIO;88;112;PEDRAS;EEF EVANDRO AYRES DE MOURA;RUA DOMINGOS SAVIO, 578 - PEDRAS
ARACATI;8;336;CANOA QUEBRADA;E.E.F. ZE MELANCIA;PRAÇA DRAGÃO DO MAR, S/N.
ACARAÚ;30;190;ZONA RURAL;ESCOLA ROQUE LOPES ARAUJO - CAMPOS DA UVA;LAGOA GRANDE
FORTALEZA;112;319;CIDADE DOS FUNCIONÁRIOS;IGREJA DA GLÓRIA;AV OLIVEIRA PAIVA, 905
FORTALEZA;116;371;GRANJA LISBOA;EM ULISSES GUIMARAES;RUA TENENTE FRANCISCO PAIVA 1350
MARANGUAPE;4;638;NOVO MARANGUAPE II (AREA SECA) - MARANGUAPE;CEI CONEGO RAIMUNDO PINTO;RUA RAIMUNDO PINTO, S/N
PACATUBA;57;130;SAO BENTO;ESCOLA DE 1 GRAU MANOEL PONTES DE MEDEIROS;RUA JOSE SOARES DE ALBUQUERQUE, 246
RUSSAS;9;90;SAO JOAO DE DEUS;ESCOLA MUNICIPAL SAO JOAO DE DEUS;RUA PADRE MARCONDES S/N
BARBALHA;31;62;VILA SANTO ANTONIO;ETI JOSEFA ALVES DE SOUSA;RUA ZUCA SAMPAIO, S/N (EM FRENTE AO HOSPITAL DO CORAÇÃO)
UBAJARA;73;164;SEBASTIAO GOMES PARENTE;ESCOLA  LUIZ GONZAGA DA FONSECA MOTA;RODOVIA ESTADUAL CE 187 (RODOVIA DA CONFIANCA)
CANINDÉ;33;64;ZONA RURAL;EMEF MIGUEL ANTONIO OLIVEIRA;DISTRITO DE TARGINOS
LIMOEIRO DO NORTE;29;12;CENTRO;ESCOLA NORMAL DE LIMOEIRO;AV DOM AURELIANO MATOS 1759
VARJOTA;65;162;CROATÁ DOS MARTINS;E.E.F. ODILON NOBRE;AV GONÇALVES EVARISTO. 596
SÃO GONÇALO DO AMARANTE;36;64;CROATA-DISTRITO;ESCOLA DE ENSINO FUNDAMENTAL PORFIRIO DE ARAUJO;RUA VALDO UCHOA - CROATA
PARAMBU;19;293;MONTE SION;ESCOLA AMÂNCIO SIQUEIRA ROSA;RUA DA PAZ, 49
MARANGUAPE;4;482;TABATINGA - SAPUPARA;EEFM LUIZ GIRÃO;AVENIDA TABATINGA, S/N
FORTALEZA;85;226;CONJUNTO CEARÁ I;EEM LICEU DO CONJUNTO CEARA;RUA 1139 A, 10 4 ETAPA
MORADA NOVA;47;141;ARUARU;EEB BENEVENUTO LINO DO NASCIMENTO;RUA DE FATIMA S/N PATOS
IPUEIRAS;40;179;ENGENHEIRO JOÃO TOMÉ;EEF APRÍGIO CAMELO DE PAIVA - ENGENHEIRO JOÃO TOMÉ;RUA DOUTOR BRANDÃO, S/N
CAMOCIM;32;91;ZONA RURAL;EEF GREGORIO PEDRO ALEXANDRINO-TATAJUBA;POVOADO TATAJUBA
MERUOCA;24;577;Centro;EEIF - DEPUTADO FRANCISCO MONTE;AV PEDRO SAMPAIO 471
MARANGUAPE;4;619;CACIMBÃO - LADEIRA GRANDE;EMEIEF HONÓRIO ANTÔNIO DE ABREU;AV. MANOEL HONÓRIO DE ABREU, SN
CHOROZINHO;49;359;LEIROES;EEM DR WLADIMIR RORIZ;RUA DR LUIS COSTA SN
CAUCAIA;37;189;GARROTE;E.E.F. FAUSTO DARIO SALES;CE 085 KM 12 - FAZENDA GARROTE
SALITRE;38;170;ZONA RURAL, SALITRE/CE;E.E.I.F CLEMENTINO RIBEIRO DE ALENCAR - SITIO BAIXIO DO MOCO;SÍTIO BAIXIO DO MOCO
TAMBORIL;61;42;ZONA RURAL;EMEIF JOAQUIM RIBEIRO DOS SANTOS;COMUNIDADE QUILOMBOLA ENCANTADOS DO BOM JARDIM
SOBRAL;121;328;ARACATIAÇU;EEMTI ISRAEL LEOCADIO DE VASCONCELOS;PRACA DA VARZEA, 479 - ARACATIAÇU
SENADOR SÁ;45;132;ZONA RURAL;EEF ZILDA OLIVEIRA AGUIAR;DISTRITO DE SERROTA
GUARACIABA DO NORTE;74;37;DISTRITO;ESCOLA MUNICIPAL SILVESTRE MESQUITA (VÁRZEA DOS ESPINHOS);VARZEA DOS ESPINHOS
PALHANO;9;138;CENTRO;ESCOLA DE ENSINO FUNDAMENTAL MATEUS SOBRINHO;RUA POSSIDONIO BARRETO 430
CARIRIAÇU;71;115;SÍTIO BANANEIRAS;EEIF ANTONIO FRANCISCO CALIXTO;SÍTIO BANANEIRAS
TAUÁ;19;144;SEDE;EPG DOMINGAS GOMES AGUIAR;JUNCO
QUITERIANÓPOLIS;99;84;SANTA CLARA;EEM MARIA JOSÉ COUTINHO;QUITERIANÓPOLIS- CE 075
FORTALEZA;83;786;JOÃO XXIII;CENTRO DE FORMAÇÃO E DESENV. PARA PROFISSIONAIS DA EDUCAÇÃO - FORMACE;RUA PORTO VELHO, 401
FORTALEZA;117;160;MANOEL SÁTIRO;EEF JOSE AYRTON TEIXEIRA;RUA ALFREDO MAMEDE SN
MARANGUAPE;4;593;COITÉ - MARANGUAPE;CEI PAULO CAMPOS TELES;AVENIDA MARIA EFIGENIA CAMPOS TELES, 1130
FORTALEZA;95;97;CONJUNTO PALMEIRAS;EEFM DOUTORA ALDACI BARBOSA;RUA VALPARAISO, 155
FORTALEZA;82;106;CRISTO REDENTOR;CCDH - CENTRO DE CIDADANIA E DIR. HUMANOS - GOV. VIRGÍLIO TÁVORA;AV. MONSENHOR HELIO CAMPOS, 178
MILHÃ;55;79;CARNAUBINHA;ESCOLA DE ENSINO BASICO RAIMUNDO BEZERRA FIGUEIREDO;RUA VALDINA DE LIMA
ORÓS;15;265;GUASSUSSE - DISTRITO;E.E.F. MANOEL RAIMUNDO MONTANHA;RUA DA MATRIZ, S/N
FORTALEZA;82;485;MONTE CASTELO;EM LENIRA JUREMA DE MAGALHÃES;RUA TEÓFILO GURGEL, 111
FORTALEZA;82;403;MONTE CASTELO;EM LENIRA JUREMA DE MAGALHÃES;RUA TEÓFILO GURGEL, 111
FORTALEZA;83;27;BELA VISTA;ESCOLA MUNICIPAL NILSON HOLANDA;RUA VIRIATO RIBEIRO 1355
RUSSAS;9;301;CENTRO;ESCOLA MUNICIPAL RAIMUNDO PELOPIDAS DE ARAUJO;TRAVESSA MATOSO S/N
INDEPENDÊNCIA;39;218;BOM SUCESSO;E.E.F.NOSSA SENHORA DE FÁTIMA;ASSOCIAÇÃO COMUNITÁRIA MANOELINHO BEZERRA PEREIRA
PENTECOSTE;50;175;SEBASTIÃO DE ABREU;EMTI PREFEITO JOÃO GOMES DA SILVA;AVENIDA LEOPOLDO RAMOS - SERROTA
MARCO;96;91;CENTRO-SEDE;CENTRO EDUCACIONAL CENECISTA SAO MANUEL;RUA PARSIFAL BARROSO 375
BOA VIAGEM;63;160;DOMINGOS DA COSTA;EEF JOSE BRUNO MACIEL;ASSENTAMENTO BUENOS AIRES
TAUÁ;19;220;MARRECAS;EEF COSMO PEREIRA DOS SANTOS;BELO ALTO
PARACURU;109;55;POÇO DOCE;E. M. E. I. F. RUFINO VIEIRA;RUA RUTH FELIX, S/N
SÃO GONÇALO DO AMARANTE;36;136;PECEM-DISTRITO;ESCOLA DE ENSINO FUNDAMENTAL EUCLIDES PEREIRA GOMES;TRAVESSA MARCIONILIA SAMPAIO S/N
FORTALEZA;112;96;JARDIM DAS OLIVEIRAS;EM ISMAEL PORDEUS;RUA DES FAUSTINO ALBUQUERQUE, 511
FORTALEZA;117;210;CONJUNTO ESPERANÇA;EEFM PROFA ADALGISA BONFIM SOARES;AV. DO CANAL, S/N, ESQUINA COM RUA 103 - CONJUNTO ESPERANÇA
UMARI;15;214;LOGRADOURO - SITIO;ESCOLA MUNICIPAL ANTONIO CESAR DE MENESES;SITIO LOGRADOURO S/N
BARRO;92;6;CENTRO-SEDE;ESCOLA DE 1 GRAU JUSTINO ALVES FEITOSA;RUA CRISANTINA MONTEIRO S/N
FORTALEZA;118;328;PARQUE DOIS IRMÃOS;EM DOUTOR ABDENAGO DA ROCHA LIMA;RUA 114, 75 (CJ TUPAN MIRIM)
FORTALEZA;117;450;PARQUE PRESIDENTE VARGAS;EM JOSE MARIA MOREIRA CAMPOS;RUA FRANCISCO ALMEIDA, 525 CJ. APOLO XI
FORTALEZA;117;487;PARQUE PRESIDENTE VARGAS;COLÉGIO CASTRO ALVES;RUA TULIPA NEGRA, 2319
FORTALEZA;118;543;BOA VISTA-CASTELÃO;EMEF ODILON GONZAGA BRAVEZA;AV. ALBERTO CRAVEIRO, 1480 C
FORTALEZA;95;191;JANGURUSSU;EMEIF JORNALISTA JOSÉ BLANCHARD GIRÃO DA SILVA;TRAVESSA MISSIONÁRIO OLIVEIRA,301
CAUCAIA;37;554;ITAMBE;E.E.F. FLAVIO PORTELA MARCILIO;RUA 05, 23 - CONJ. VICENTE ARRUDA
FORTALEZA;112;397;SAPIRANGA-COITÉ;EEMTI PROFESSORA TECLA FERREIRA;RUA FRANCISCA BEZERRA, 417
PARACURU;109;69;CAMPO DE AVIAÇÃO;E. M. E. I. F. PROFESSORA MARIA ALBUQUERQUE LIMA - DINA;AV. SAO JOAO EVANGELISTA, 385
CARIDADE;111;179;ZONA RURAL;EEIF ARTUR SALVINO - LOCALIDADE CARNEIRO;LOCALIDADE DE CARNEIRO
POTENGI;68;46;CENTRO;EEFM MENEZES PIMENTEL - SEDE;RUA SEVERINO PAULINO, 230 - BAIRRO SÃO FRANCISCO
CAUCAIA;37;315;BOM JESUS;E.E.F. AUREA ALVES PEREIRA;RUA FRANCISCO SALES, 210
CHAVAL;108;25;DISTRITO CARNEIRO;EEF SÃO PEDRO;DISTRITO CARNEIRO
IBIAPINA;73;82;PARATIBE DE CIMA;ESCOLA JUVÊNCIO MENDES DA ROCHA;RUA ENTRADA DO PARATIBE
MAURITI;76;45;BURITIZINHO-DISTRITO;EEF WALTER DE CALDAS TELES;RUA DA PAZ, S/N
VÁRZEA ALEGRE;62;265;ZEZINHO COSTA;EEF DR. DÁRIO BATISTA MORENO;AV. VICENTE ALVES COSTA, 624
BARRO;92;41;TRAJANO NOGUEIRA-SEDE;ESCOLA MUNICIPAL DE ENSINO FUNDAMENTAL GILBERTO LEITE DE AQUINO;RUA TRAJANO NOGUEIRA SN
CANINDÉ;33;257;ZONA RURAL;EMEF FRANCISCO DA CRUZ UCHOA;LOCALIDADE DE SAO SERAFIM
BEBERIBE;84;30;SERRA DO FELIX;ESCOLA MUNICIPAL BENEDITO EVARISTO PINHEIRO;AV ESTER FERNANDES 72 - CENTRO
FORTALEZA;85;292;ANTÔNIO BEZERRA;EMEIF GERARDO MILTON DE SA;RUA VALE COSTA S/N
MARANGUAPE;4;31;PARQUE IRACEMA - MARANGUAPE;EEMTI ANCHIETA;RUA ANTÕNIO GOMES BESSA, 60
APUIARÉS;50;172;CENTRO;CEI SEBASTIANA PEREIRA MARINHO - MÃE SÉ;AVENIDA GOMES DA SILVA, S/N
ICÓ;15;123;GALINHA - SITIO;ESCOLA MUNICIPAL SENHORA SANTANA;SITIO GALINHA S/N
ORÓS;15;264;GUASSUSSE - DISTRITO;E.E.F. MANOEL RAIMUNDO MONTANHA;RUA DA MATRIZ, S/N
MULUNGU;5;133;CENTRO-SEDE;EMEF HERMENEGILDO ROCHA PONTES;RUA SANTA INES S/N
ACARAÚ;30;63;ZONA RURAL;ESCOLA MARIA JOSÉ RAMOS;CAETITU
SENADOR SÁ;45;58;CENTRO;EEF NOSSA SENHORA DO AMPARO;RUA PADRE DELMONT S/N
INDEPENDÊNCIA;39;212;ASSENTAMENTO MUNDO NOVO;EEF MIGUEL RODRIGUES DA SILVA;ASSENTAMENTO MUNDO NOVO
FORTALEZA;94;574;QUINTINO CUNHA;EEMTI MARIA JOSÉ SANTOS FERREIRA GOMES (CERE);RUA DONA LUCIA PINHEIRO, 93
ACARAÚ;30;184;ZONA RURAL;ESCOLA JOAO JAIME FERREIRA GOMES FILHO;CURRAL VELHO DE BAIXO
TRAIRI;97;165;CAMPESTRE;EEF JOVENINA MOREIRA DE OLIVEIRA;CAMPESTRE
INDEPENDÊNCIA;39;178;CENTRO;E.E.F. ABIGAIL ANTUNES MARQUES;RUA DO CRUZEIRO, 208
CRUZ;30;81;PREA;ESCOLA LEOPOLDO MANOEL DE MEDEIROS;PREA
CHORÓ;6;196;CAIÇARINHA;EEIF RAIMUNDO ARAUJO;CAICARINHA, S/N, SEDE
MILAGRES;26;138;EUCALIPTOS;ESCOLA IRMÃ ANA ZÉLIA DA FONSECA;RUA RAIMUNDO TAVARES DA CRUZ
MAURITI;76;44;BURITIZINHO-DISTRITO;SINDICATO DOS TRABALHADORES RURAIS DO DISTRITO DE BURITIZINHO;RUA JOÃO LUCAS, 103
MAURITI;76;101;CENTRO;EEIF HUMBERTO BEZERRA;RUA JOSE LEITE DA COSTA, S/N
BATURITÉ;5;105;CONSELHEIRO ESTELITA-SEDE;CENTRO REGIONAL INTEGRADO ADMINISTRATIVO - CRIA;AV FRANCISCO BRAGA FILHO, 1015
MARACANAÚ;104;260;TIMBÓ;EEMTI ADAHIL BARRETO CAVALCANTE;AVENIDA VEREADOR EDMILSON MARQUES, S/N
FORTALEZA;85;393;GENIBAÚ;EMEIF MANOEL CAETANO DE SOUZA;RUA SANTA LUCIA 170
MARACANAÚ;104;423;JARDIM BANDEIRANTES;EMEF EVANDRO AYRES DE MOURA;RUA SÃO SEBASTIÃO, 341
FORTALEZA;117;245;MANOEL SÁTIRO;EMEIF MARIA BEZERRA QUEVEDO;RUA 103, 28 - CJ. NOVO MONDUBIM
TRAIRI;97;6;CENTRO;COLEGIO CENTRO EDUCACIONAL PIO RODRIGUES;RUA MANOEL TEIXEIRA S/N
TIANGUÁ;81;169;NENÊ PLÁCIDO;E.E.F. ANTONIO CUSTÓDIO SOBRINHO;AV. AFONSO MARANGUAPE, 430
LIMOEIRO DO NORTE;29;15;CENTRO;ESCOLA NORMAL DE LIMOEIRO;AV DOM AURELIANO MATOS 1759
FORTALEZA;94;916;VILA VELHA;COLEGIO SALOME BASTOS;RUA DESEMBARGADOR HERMES PARAHYBA 1120
FORTALEZA;95;144;JANGURUSSU;EMTI PROFESSOR ANTONIO GIRAO BARROSO;RUA VERDE 37, S/N (CJ SITIO SAO JOAO)
AQUIRAZ;66;317;PRAIA DO PRESIDIO;EMEF LUIS EDUARDO STUDART GOMES;RUA DA BIQUARA
FORTALEZA;118;643;PASSARÉ;EM PROFESSORA MARIA JOSÉ MACÁRIO COELHO;AVENIDA PASSARÉ, 530
SÃO BENEDITO;22;202;SITIO MURICITUBA;EEF RAIMUNDA DE PAULA MELO;SITIO MURICITUBA
JUAZEIRO DO NORTE;119;20;SANTA TEREZA;COLEGIO POLIVALENTE;JOSE MARROCOS SN
BOA VIAGEM;63;32;DOMINGOS DA COSTA;EEF DAVID VIEIRA CARNEIRO;R. SABINO PEREIRA, S/N - ZONA RURAL
FORTALEZA;93;164;MONDUBIM;EM JOAO HILDO DE CARVALHO FURTADO;RUA MIGUEL ARAGÃO, S/N ARACAPÉ
FORTALEZA;118;359;SERRINHA;EEFM PROFESSOR JADER MOREIRA DE CARVALHO;RUA PROFESSORA HELOISA FERREIRA LIMA, 420
ARATUBA;105;89;MUNDO NOVO-SITIO;ESCOLA MUNICIPAL ISABEL HERMINIO PINTO;MUNDO NOVO
FORTALEZA;95;175;PARQUE SANTA MARIA;EEMTI POETA OTACILIO COLARES;RUA JORGE DA VEIGA, 265
JAGUARIBE;10;43;DISTRITO DE NOVA FLORESTA;EEIF ULISSES PARANHOS MAIA;RUA FRANCISCO GOMES DE CASTRO, 399
PARACURU;109;70;GUAJIRU;E. M. E. I. F. DOMINGOS FRANCISCO DA SILVA;GUAJIRU
JUAZEIRO DO NORTE;119;449;LIMOEIRO;EMEI IRMÃ NELY SOBREIRA (CRECHE);AV. JOSÉ BEZERRA, N. 216
ALTO SANTO;86;5;CENTRO;ESCOLA DE 1 E 2 GRAUS FRANCISCO NONATO FREIRE;AV EDSON GUERRA 667
TAUÁ;19;134;CARRAPATEIRAS;ESCOLA JOAO JOSE VIEIRA GOMES;MUTUCA
AIUABA;101;14;BARRA;GRUPO ESCOLAR PAES DE ANDRADE;RUA FRANCISCO JOSE DOS SANTOS, 14
FORTALEZA;112;100;JARDIM DAS OLIVEIRAS;EM ISMAEL PORDEUS;RUA DES FAUSTINO ALBUQUERQUE, 511
PARACURU;109;211;PARACURU BEACH;E. E. E. P. PROFESSORA ABIGAIL SAMPAIO - ESCOLA TÉCNICA;AV. JOÃO LOPES MEIRELES
CAUCAIA;37;382;PADRE ROMUALDO;E.E.F. AUGUSTO CESAR SILVA SALES;RUA 15 DE NOVEMBRO, 456
MAURITI;76;19;SERRINHA;CENTRO EDUCACIONAL DE MAURITI;RUA JOSÉ LEITE DA COSTA, 629
URUOCA;25;96;CAMPANARIO;E.E.F. FRANCISCO MARQUES VIEIRA;RUA JOSE CRISTINO, S/N
GUARACIABA DO NORTE;74;113;DISTRITO;POSTO DE SAÚDE DE GARRANCHO VELHO;GARRANCHO VELHO
SÃO BENEDITO;22;245;CIDADE ALTA;CVT - CENTRO VOCACIONAL TECNOLOGICO;RUA NOEME AMARAL 401
MARANGUAPE;4;616;OUTRA BANDA - MARANGUAPE;CEM PEDRO PESSOA CÂMARA;AV. DR. ARGEU BRAGA HERBSTER, 960
PORTEIRAS;70;312;LOGRADOURO-SEDE;ESCOLA DE 1 GRAU MANOEL ALBERTO NETO;SITIO LOGRADOURO
PORTEIRAS;70;401;BAIXIO DO FUMO;POSTO DE SAÚDE FRANCISCA CLÁUDIA MONTEIRO;SÍTIO BAIXIO DO FUMO
MILAGRES;26;39;SITIO OLHO D'AGUA DOS CAVALOS;ESCOLA ANTONIA MARIA DA CONCEICAO;SITIO OLHO DAGUA DOS CAVALOS
IBIAPINA;73;17;CENTRO;ESCOLA MONSENHOR MELO (ESTADUAL);AV PEDRO FERREIRA DE ASSIS 284
FRECHEIRINHA;81;277;CENTRO;ESCOLA DE ENSINO MÉDIO ANTONIO CUSTODIO;RUA TENENTE EUFRASIO, 133 - CENTRO
FORTALEZA;94;436;ANTÔNIO BEZERRA;EMTI JOSÉ CARLOS DE OLIVEIRA NETO;R. SAO VICENTE DE PAULO, 170
FORTALEZA;82;203;MONTE CASTELO;EEMTI CLÁUDIO MARTINS;RUA DEMÓCRITO ROCHA, 400
IBIAPINA;73;42;DISTRITO DE BETÂNIA;ESCOLA MARIA MATIAS;DISTRITO DE BETÂNIA
BARBALHA;31;167;SÍTIO CABECEIRAS;EEF BRASIL (SÍTIO CABECEIRAS);SÍTIO CABECEIRAS, S/N (7.31321 S, 39.34614 W)
MORRINHOS;44;14;DISTRITO DE SITIO ALEGRE;EMEF JONAS ROBERTO MAGALHÃES;SITIO ALEGRE
JARDIM;119;334;SITIO BOM SUCESSO;ESCOLA MANOEL JOSE DE SOUZA;SITIO BOM SUCESSO  SN
PACAJUS;49;236;BANGUE II;EEF FRANCISCO DA SILVA FILHO;RUA MARIA AMÉLIA DA SILVA 13
ITAPIÚNA;105;109;ZONA URBANA;EEF RECANTO DA CRIANCA;ALTO DAS UMBURANAS
JAGUARUANA;75;40;CENTRO;IFCE INSTITUTO FEDERAL DO CEARÁ;AV DR ANTÔNIO DA ROCHA FREITAS, 1566
FORTALEZA;117;333;CANINDEZINHO;EM PADRE ANTONIO MONTEIRO DA CRUZ;RUA DE PEDESTRE XIII, 25 - JARDIM FLUMINENSE II
MADALENA;63;194;SEDE;EEF VICENTE PATRICIO DE ALMEIDA;RUA PROFª ROSA ALMEIDA SOUSA, S/N - MACAOCA
BEBERIBE;84;10;SUCATINGA;EEM FRANCISCA MOREIRA DE SOUSA;RUA MOREIRA DA ROCHA 01 - CENTRO
TIANGUÁ;81;47;SEMINÁRIO;E.E.F. LAR DOCE LAR;RUA FRANCISCO GENTIL DE FARIAS 
FORTALEZA;112;493;CIDADE DOS FUNCIONÁRIOS;COLEGIO MASTER SUL;RUA BENJAMIM MOURA, 631
FORTALEZA;115;472;VILA PERI;EEM PROF. HERMENEGILDO FIRMEZA;RUA GABRIEL FIUZA 360
MIRAÍMA;89;227;ÁREA RURAL DE MIRAÍMA;EEB ABILIO ANTONIO ALVES;FAZENDA LUNDU
ITAPAJÉ;41;138;SANTA RITA-SEDE;E.E.M.T.I PROFª ESTEFÂNIA MATOS;RUA BENTO ÁVILA DE SOUSA, 101
FORTALEZA;94;217;QUINTINO CUNHA;IGREJA DE SÃO JOSÉ;R. GEN. ALÍPIO DOS SANTOS, 375
ICÓ;15;147;SEDE URBANA;ESCOLA MUNICIPAL MANOEL ANTONIO NUNES;RUA DO CRUZEIRO S/N
PENAFORTE;70;350;QUEIMADA GRANDE-SEDE;PSF QUEIMADA GRANDE;VILA QUEIMADA GRANDE
FORTALEZA;115;38;ITAPERI;UNIVERSIDADE ESTADUAL DO CEARA - UECE;AV DR. SILAS MUNGUBA, 1700
BOA VIAGEM;63;247;CAPITAO MOR;EEF FRANCISCO JOSE VIEIRA;RUA CE. LUÍS AMARO BEZERRA, S/N
FORTALEZA;117;292;CONJUNTO ESPERANÇA;EEEP DARCY RIBEIRO;RUA CONEGO DE CASTRO, S/N
ARACATI;8;68;VOLTA DA MUTAMBA;ASSOCIAÇÃO DE MORADORES DE VOLTA DA MUTAMBA;VOLTA DA MUTAMBA
FORTALEZA;94;859;JARDIM GUANABARA;EMEIF LORHAN MARQUES MEDEIROS;RUA CREUZA ROCHA, 255
VIÇOSA DO CEARÁ;35;40;PADRE VIEIRA;E.E.F MANOEL JOSÉ DA SILVA;VILA PADRE VIEIRA
TIANGUÁ;81;97;CENTRO;E.E.M.T.I. MONSENHOR AGUIAR;RUA TEÓFILO RAMOS, 553
JUAZEIRO DO NORTE;28;320;CENTRO;EEEP PROFESSOR MOREIRA DE SOUSA;DO CRUZEIRO 497
FORTALEZA;93;305;MONDUBIM;ESCOLA SANTANA;RUA 10, 1305
RUSSAS;9;220;ALTO DO VELAME;ESCOLA MUNICIPAL MARGARIDA MARIA DE ALACOQUE;RUA FELIPE SANTIAGO II
ALTO SANTO;86;73;ANDRE DIAS;ESCOLA DE 1 GRAU RAIMUNDO SEVERIANO CARNEIRO;SITIO ANDRE DIAS
CANINDÉ;33;331;ZONA RURAL;EMEF CORONEL LEÔNIDAS CRUZ;LOCALIDADE DE FRESCO
BREJO SANTO;70;2;ARAUJÃO;UNIVERSIDADE FEDERAL DO CARIRI - UFCA;RUA OLEGÁRIO EMÍDIO DE ARAÚJO, S/N
ARATUBA;105;66;CENTRO-SEDE;CEI NELLY DE LIMA E MELO;RUA JOAQUIM BEZERRA LIMA, SN
FORTALEZA;112;366;PARQUE MANIBURA;COLÉGIO ÁGAPE;AV HERMINIO DE CASTRO, 140
SÃO LUÍS DO CURU;23;326;SALGADO-SEDE;E.E.F. ANTONIO HONORATO;RUA JOSE INACIO NOGUEIRA SN
RUSSAS;9;273;SAO PEDRO;ESCOLA MUNICIPAL JOSE ELIAS PITOMBEIRA;SAO PEDRO
FORTALEZA;116;459;JOÃO XXIII;COLEGIO LIMA NOGUEIRA;RUA JULIO BRAGA, 1117
FORTALEZA;80;280;VILA UNIÃO;EEF GAL.  MANUEL CORDEIRO NETO;RUA JORGE ACURCIO, 900
QUIXERAMOBIM;11;259;NENELANDIA;ESCOLA CICERO LOPES DO NASCIMENTO;FAZENDA FONSECA
QUIXADÁ;6;236;CENTRO;SOCIEDADE SÃO VICENTE DE PAULA;RUA FRANCISCO ENEAS DE LIMA, 2111
FORTALEZA;113;284;JOSÉ BONIFÁCIO;COLÉGIO FARIAS BRITO;RUA SENADOR POMPEU, 2607
CHOROZINHO;49;68;LAGOA DOS MARTINS;EEF MANUEL LUIZ DE SOUSA;LAGOA DOS MARTINS
TRAIRI;97;48;MURIBECA;EEF RAIMUNDO VITALINO;MURIBECA
AMONTADA;89;213;NASCENTE;EEB CUSTODIO BANDEIRA DOS SANTOS;MUTUCA
MORADA NOVA;47;287;2 DE AGOSTO;EEEP OSMIRA EDUARDO DE CASTRO;RUA ALUÍSIO GONZAGA DE LIMA, S/N
VÁRZEA ALEGRE;62;129;SEDE RURAL;EEIF JOÃO GONÇALVES BEZERRA;SITIO ATOLEIRO
SENADOR POMPEU;12;95;CODIA;EEIEF PEDRO HOLANDA;SÍTIO JENIPAPEIRO
BARREIRA;52;179;CÓRREGO;ESCOLA MANUEL LIBERATO DE CARVALHO;CÓRREGO
CARNAUBAL;22;216;SAO VICENTE;EEF AQUILES PERES MOTA;AV SAO VICENTE
ASSARÉ;18;110;ARATAMA;GRUPO ESCOLAR ANTONIO DA SILVA LEAL;RUA ANTONIO GONCALVES DA SILVA SN
FORTALEZA;82;638;CARLITO PAMPLONA;EM HILBERTO SILVA;AV. PRESIDENTE CASTELO BRANCO, 2973
FORTALEZA;82;648;ÁLVARO WEYNE;ESCOLA MUNICIPAL PATATIVA DO ASSARÉ;RUA FREI TEOBALDO,646
PARAMBU;19;338;RIACHÃO;ESCOLA FRANCISCO MOTA DA SILVA (ANT ESC JOSÉ MANOEL DE SOUSA);CARRAPICHO
PARAMBU;19;335;POSTO CEARÁ;ESCOLA FRANCISCA EVILEIDE DE SOUSA (ANTIGA ESCOLA PEDRO ALVES FEITOSA);POSTO CEARÁ
FORTALEZA;112;556;CIDADE DOS FUNCIONÁRIOS;COLEGIO MASTER SUL;RUA BENJAMIM MOURA, 631
SANTANA DO ACARAÚ;44;45;SAPO DE CIMA;EEF JESUS MARIA JOSÉ;SAPO DE CIMA
PENTECOSTE;50;117;SÃO PEDRO;EEIF PROFª. Mª GLAUCINEIDE FIRMIANO DA SILVA;AVENIDA PRESIDENTE JUSCELINO KUBITSCHEK, 703
BARROQUINHA;108;49;CENTRO;EEMTI JAIME LAURINDO DA SILVA;TRAVESSA DO CAMPO, S/N
RUSSAS;9;255;PITOMBEIRA I;ESCOLA MUNICIPAL MARIA MARTINS DE CARVALHO;PITOMBEIRA I
MORAÚJO;64;76;GOIANA;GOIANA - ESCOLA MUN. JUVÊNCIO DA COSTA SAMPAIO;DISTRITO DE GOIANA
MARCO;96;140;LOCALIDADE DE MOCAMBO;EEMTI FRANCISCO PORCIANO FERREIRA;MOCAMBO
ITAPAJÉ;41;275;ESMERINO GOMES;ESCOLA MUNICIPAL PREF ROQUE SILVA MOTA;RUA OTAVIO PINTO DE MESQUITA
FORTALEZA;80;356;TAUAPE;EMEIF ALMERINDA DE ALBUQUERQUE;RUA ANA GONCALVES 1105
SABOEIRO;43;259;BARRINHA;E.E.F. ANTONIO WILSON DOS SANTOS;DISTRITO BARRINHA
SABOEIRO;43;291;BARRA;E.E.F. ROMÃO DE SOUSA ROMEIRO;SITIO BARRA
LIMOEIRO DO NORTE;29;123;CENTRO;FACULDADE DE FILOSOFIA D AURELIANO MATOS;AV DOM AURELIANO MATOS 2058
TURURU;17;683;ALTO DOS CAMELOS;CENTRO EDUCACIONAL ERNESTO GHISLANDI;RUA JATOBA I
POTENGI;68;51;CENTRO;GRUPÃO - EEF ANTONIO DE FIGUEIREDO TAVEIRA - SEDE;RUA ALMINO ALENCAR S/N
FORTALEZA;83;623;PANAMERICANO;ESCOLA MUNICIPAL JOSÉ BATISTA DE OLIVEIRA;RUA GOIÁS 620
ICÓ;15;47;CENTRO - SEDE;ESCOLA MUNICIPAL SENHOR DO BONFIM;RUA FRANCISCO MACIEL DA SILVA, 2557
FORTALEZA;85;259;AUTRAN NUNES;EMEIF DOLORES ALCANTARA;RUA CARDEAL ARCOVERDE S/N
QUIXELÔ;13;583;CENTRO;ESCOLA DE ENS FUND E MÉDIO PROFESSOR LUIS DE GONZAGA FONSECA MOTA;RUA VITORINO JOSE DE OLIVEIRA SN
ICÓ;15;2;NOVO CENTRO - SEDE;EEMTI - PADRE JOSÉ ALVES DE MACÊDO;AV. FRANCISCO CAETANO DANTAS, S/N
LAVRAS DA MANGABEIRA;14;68;CENTRO - SEDE;EEMTI ALDA FERRER AUGUSTO DUTRA;RUA CORONEL JOAO AUGUSTO 454
FORTALEZA;95;274;BARROSO;CEI PROFESSORA MARIA ROZANI MENDONÇA NOBRE;RUA MARIA JOSÉ P, S/N, CONJUNTO JOÃO PAULO II
MARCO;96;192;BAIRRO CORACAO DE JESUS;PSF MARIA JOSÉ NEVES OSTERNO;RUA PARSIFAL BARROSO, S/N
BATURITÉ;5;108;OITICICA-FAZENDA;EMEF PEDRO LOPES FILHO;OITICICA
SOBRAL;24;398;JERÔNIMO PRADO;UNIV.EST.VALE DO ACARAÚ-UVA-NÚCLEO DE DISCIPLINAS COMPLEMENTARES;AVENIDA DA UNIVERSIDADE, S/N
QUIXERAMOBIM;11;9;SAO MIGUEL;ESCOLA ALFREDO ALMEIDA MACHADO- VILA DE SAO MIGUEL;SAO MIGUEL
PENTECOSTE;50;163;ZONA RURAL;EEIF JOSÉ GOMES DA SILVA;CASA DE PEDRA
IPUEIRAS;40;168;CIPÓ;ESCOLA DE ENSINO FUNDAMENTAL JOÃO NUNES DA SILVA - CIPÓ;CIPÓ
CAUCAIA;37;592;BARRA NOVA;EEIEF CÉSAR NILDO GONDIM PAMPLONA;ÁREA VERDE II , S/N
GUAIÚBA;57;67;AGUA VERDE;EEBM SAO FRANCISCO;RUA MANOEL BANDEIRA, S/N
CAMPOS SALES;38;6;B. CENTRO;E.E.E.M.T.I - MARIA DOLORES ARRAIS - (GRUPINHO);TRAVESSA VICENTE ALEXANDRINO DE ALENCAR,297
FORTALEZA;1;885;MANUEL DIAS BRANCO;COLÉGIO CÍVICO MILITAR BATALHA DO RIACHUELO;R. E, 100 - MANUEL DIAS BRANCO
CANINDÉ;33;272;ZONA RURAL;EMEF JOAO MARCELINO DE MESQUITA;RUA FRANCISCO VIEIRA, S/N  BOA VISTA
MARANGUAPE;4;91;LAGOA DO JUVENAL;EMEF JOSÉ DE SOUSA ALBUQUERQUE;AVENIDA NOSSA SENHORA DO CARMO, 525
SANTANA DO ACARAÚ;44;172;CONJUNTO VENEZA;CRAS - RAIMUNDO PEDRO DOS SANTOS;RUA FRANCISCO ODCELIO SOUZA S/N
FORTALEZA;85;280;CONJUNTO CEARÁ I;EEFM PROF PLACIDO ADERALDO CASTELO - UV 7B;RUA SETECENTOS E VINTE E UM, 100, 3A ETAPA
BARRO;92;39;SERROTA-DISTRITO;GRUPO ESCOLAR JOSE FERNANDES DE LIMA;DISTRITO DE SERROTA
CAUCAIA;37;14;GRILO;EEIEF NAIR MAGALHÃES GUERRA;RUA JOAQUIM BENTO CAVALCANTE, 500
COREAÚ;64;27;Ubaúna;UBAÚNA - ESCOLA ESTADUAL VÂNIA MA. NERI ELIAS;DISTRITO UBAÚNA, COREAÚ/CE
CHAVAL;108;17;CENTRO;EEF FRANCISCO DE ASSIS DAMASCENO CARNEIRO;RUA MAJOR FIEL S/N
FORTALEZA;85;346;CONJUNTO CEARÁ I;ESCOLA MUNICIPAL JOAO NUNES PINHEIRO;AVENIDA F, 550, 1A ETAPA
URUBURETAMA;23;53;SAO JOAO;EEF PAULO FERREIRA DA CUNHA;SITIO UBATUBA
UMARI;15;209;CENTRO - SEDE;ESCOLA DE ENSINO MÉDIO MONSENHOR MANOEL CARLOS DE MORAIS;RUA DOM QUINTINO 289
FORTALEZA;117;182;CONJUNTO ESPERANÇA;EEFM IRAPUAN CAVALCANTE PINHEIRO;AV E 305
MIRAÍMA;89;228;ÁREA RURAL DE MIRAÍMA;ASSEMBLÉIA DE DEUS BELA VISTA;CACIMBAS
CRATEÚS;20;141;ALTAMIRA;ESCOLA TECNICA DE COMERCIO PADRE JUVENCIO;RUA JOAO SOARES, 15
FORTALEZA;1;465;VARJOTA;ESCOLA ESTADUAL  BARBARA DE ALENCAR;RUA PEDRO RUFINO 38
CRATEÚS;20;80;IBIAPABA;ESCOLA DE CIDADANIA DE IBIAPABA;IBIAPABA
CRATEÚS;20;215;MONTENEBO;ESCOLA DE CIDADANIA MARIA BEZERRA DE SOUSA;CABECA DA ONCA
CEDRO;13;541;VÁRZEA DA CONCEIÇÃO;PSF DA PITOMBEIRA;ST PITOMBEIRA
NOVA RUSSAS;48;192;TRAPIÁ;GRUPO ESCOLAR FARIAS MARTINS;LOCALIDADE DE TRAPIÁ,
CRATO;27;341;OSSIAN ARARIPE;EEIEF DOM VICENTE DE PAULO ARAÚJO MATOS;RUA JOSÉ AMÉRICO DE ALMEIDA, 100
CAMPOS SALES;38;150;B. GUARANI;E.E.I.F LUCIANO TÓRRES DE MELO - SEDE;RUA CELERINO  NEPOMUCENO DE CARVALHO - S/N
FORTALEZA;112;415;EDSON QUEIROZ;COLEGIO ARI DE SA CAVALCANTE WS;AV WASHINGTON SOARES, 3737
FORTIM;8;89;CENTRO;EEIFTI. PROFESSORA MARIA LUIZA;RUA JOAQUIM CRISÓSTOMO, 739.
HIDROLÂNDIA;54;131;POVOADO SANTA TEREZA DO SILVINO;ESCOLA DE ENSINO FUNDAMENTAL MANOEL COSTA SILVINO;POVOADO DE SANTA TEREZA DO SILVINO
BANABUIÚ;6;416;CENTRO;EEF CENTRO EDUCACIONAL MUNICIPAL CELESTINO DE SOUSA;AV. QUEIROZ PESSOA, S/N
ARACOIABA;67;169;CENTRO-SEDE;ESCOLA MUNICIPAL VALENTIM MANECO DA SILVA;CHAPADA
MOMBAÇA;46;22;CARNAUBA;ESCOLA DE ENSINO FUNDAMENTAL PEDRO AIRES DE CARVALHO;DISTRITO DE CARNAÚBA
FORTALEZA;1;905;MANUEL DIAS BRANCO;COLÉGIO CÍVICO MILITAR BATALHA DO RIACHUELO;R. E, 100 - MANUEL DIAS BRANCO
CRATO;27;302;BAIXIO DAS PALMEIRAS;EEIEF ARLINDO MATHIAS;ROD. ANTÔNIO TELES S/N, ROMUALDO
CASCAVEL;7;177;GUANACES;ESC.ENS.FUND. CUSTODIO DA SILVA LEMOS;RUA ISAAC BENICIO, CENTRO
MARCO;96;189;LOCALIDADE DE SANTA ROSA I;EEF JOSE PEDRO DA SILVA;SANTA ROSA II
ITAPIÚNA;105;116;CENTRO;SECRETARIA MUNICIPAL DE EDUCACAO;RUA JOAQUIM BEZERRA S/N
BARRO;92;19;CUNCAS-DISTRITO;ESCOLA DE ENSINO FUNDAMENTAL PROFA. CATARINA TAVARES;DISTRITO DE CUNCAS
BARRO;92;43;CENTRO-SEDE;CASA DO IDOSO;RUA MAJOR JANUARIO S/N
FORTALEZA;113;56;JOSÉ BONIFÁCIO;COLÉGIO FARIAS BRITO;RUA SENADOR POMPEU, 2607
CAUCAIA;123;407;TABAPUÁ BRASÍLIA II (JUREMA);E.E.I.E.F. JOSEFA ALVES DOS SANTOS;RUA ENGENHEIRO JOÃO NOGUEIRA, S/N - VILA NOVA/PARQUE POTIRA I
MORRINHOS;44;1;DISTRITO DE SITIO ALEGRE;EMEF MARIA LENILDA DE SOUZA;SITIO ALEGRE
UBAJARA;73;162;SEBASTIAO GOMES PARENTE;ESCOLA  LUIZ GONZAGA DA FONSECA MOTA;RODOVIA ESTADUAL CE 187 (RODOVIA DA CONFIANCA)
FORTALEZA;82;349;SÃO GERARDO;ESCOLA MUNICIPAL GUSTAVO BARROSO;RUA ERETIDES MARTINS, 26
SANTA QUITÉRIA;54;264;COHAB;ESCOLA MARIA ALMERINDA JUCÁ MAGALHÃES;CONJUNTO HABITACIONAL ANGÉLICA CATUNDA
JUAZEIRO DO NORTE;119;162;LAGOA SECA;ESCOLA DOUTOR MOZART CARDOSO DE ALENCAR;ARNOBIO BACELAR CANECA
FORTALEZA;115;489;VILA PERI;EM NOELZINDA SATIRO SANTIAGO;RUA DOM XISTO ALBANO, 1298
VIÇOSA DO CEARÁ;35;19;CENTRO;E.E.F PEQUENO POLEGAR;RUA SILVA JARDIM S/N
SOBRAL;24;529;VILA UNIÃO;CRAS REGINA JUSTA FEIJÃO (ANTIGO POLO ABC);RUA JERUSALEM, S/N
LIMOEIRO DO NORTE;29;117;ÁREA RURAL;ESCOLA DE 1 GRAU FAUSTINO DE ALBUQUERQUE;SITIO GANGORRA
CRATEÚS;20;291;SANTA LUZIA;CENTRO DE REFERÊNCIA ESPECIALIZADA DE ASSISTÊNCIA SOCIAL - CREAS;RUA MANOEL BALBINO, 180
FORTALEZA;93;80;PREFEITO JOSÉ WALTER;EM RACHEL DE QUEIROZ;AVENIDA C, S/N - II ETAPA
FORTALEZA;93;300;PREFEITO JOSÉ WALTER;EM FRANCISCO NUNES CAVALCANTE;RUA POETA MÁRIO LINHARES, 561
FORTALEZA;93;98;PREFEITO JOSÉ WALTER;CEI ROGACIANO LEITE;AVENIDA J, 1488 - III ETAPA
CAPISTRANO;105;19;CENTRO;PREFEITURA MUNICIPAL DE CAPISTRANO;PRACA MAJOR JOSE ESTELITA AGUIAR
COREAÚ;64;133;Aroeiras;AROEIRAS - ESCOLA MUN. CORAÇÃO DE JESUS;RUA ANTONIO MONTEIRO DA COSTA, S/N - DISTRITO DE AROEIRAS, COREAÚ/CE
FORTALEZA;117;178;BOM JARDIM;COLÉGIO LUMEN;RUA SÃO FRANCISCO DO JARDIM, 396
AQUIRAZ;66;277;PATACAS;EMEF MARIA SOARES DE FREITAS;AV JOSUE LEITE DE FREITAS S/N
CASCAVEL;7;229;RIO NOVO;E.E.E. PROFISSIONAL EDSON QUEIROZ - LICEU;RUA LUCIANO RODRIGUES S/N
HORIZONTE;78;159;DIADEMA;EMEF PROFESSORA DIONE MARIA BEZERRA PESSOA;RUA FRANCISCO ONOFRE DE ASSIS, 365, DIADEMA
FORTALEZA;1;516;VICENTE PINZON;ESCOLA ESTADUAL MURILO BORGES;RUA DO ENTARDECER 90
MARACANAÚ;122;152;LUZARDO VIANA;EMEF NAPOLEAO BONAPARTE VIANA;RUA NAPOLEAO BONAPARTE VIANA 410
FORTALEZA;115;164;MONTESE;EEMTI JOAO MATTOS;RUA ALMIRANTE RUBIM, 1014
TIANGUÁ;81;96;LAURÃO;UNINTA - FACULDADE TIANGUÁ;RUA CONSELHEIRO JOÃO LOURENÇO, 406 - LAURÃO
ORÓS;15;248;CENTRO;E.E.M. EPITÁCIO PESSOA;AV. JOSÉ GABRIEL BEZERRA, 274
GRAÇA;79;160;SITIO EXTREMAS DE SANTA LUZIA;ESCOLA SANTA LUZIA;SITIO EXTREMAS DE SANTA LUZIA
BARRO;92;7;CENTRO-SEDE;ESCOLA DE 1 GRAU JUSTINO ALVES FEITOSA;RUA CRISANTINA MONTEIRO S/N
FORTALEZA;117;354;CONJUNTO ESPERANÇA;EEFM PROFA ADALGISA BONFIM SOARES;AV. DO CANAL, S/N, ESQUINA COM RUA 103 - CONJUNTO ESPERANÇA
MARACANAÚ;122;167;SIQUEIRA (siqueira 2);EMEF VALDENIA ACELINO DA SILVA;RUA IRINEU MACHADO, 1250
FORTALEZA;1;946;PAPICU;CRECHE WILMA MARIA DE VASCONCELOS LEOPÉRCIO;RUA DR. FRANCISCO MATOS, 123
CASCAVEL;7;251;MUTIRÃO;ESC. MUNICIPAL PROFESSOR FABIO COUTINHO;RUA ZAQUEU FERREIRA DO VALE, S/N
BARREIRA;52;163;BONSUCESSO;ESCOLA ANTÔNIO JULIÃO NETO;RUA RAIMUNDO ALVES DOS REIS DOCA, SN
CAUCAIA;123;504;ARATURI (JUREMA);E.E.I.E.F. RITA DE CÁSSIA BRASILEIRO PONTES;AV. CENTRAL, 1112
BREJO SANTO;70;200;CENTRO-SEDE;EEF PROFESSOR PEDRO GOMES DA SILVA BASILIO;RUA MANOEL ANTONIO CABRAL 489
BOA VIAGEM;63;116;MONTE LIMPO;EEF JOAQUIM VIEIRA LIMA;SÃO PEDRO
INDEPENDÊNCIA;39;10;CENTRO;COLÉGIO SANTANA DE INDEPENDÊNCIA;RUA FREI VIDAL
FORTALEZA;3;641;MEIRELES;NÁUTICO ATLÉTICO CEARENSE;AV. DA ABOLIÇÃO, 2727
CAMPOS SALES;38;94;BAIRRO BATALHÃO;E.E.I.F MANOEL DUARTE DE SÁ BARRETO - SEDE;RUA IZABEL MENDES, 193
ITAPIPOCA;17;72;PICOS;EEB DOMINGOS GONCALVES MUNIZ;PICOS
IGUATU;13;40;ALTO DO JUCÁ;ESCOLA DE ENS FUND JOSÉ ERITON BARROS COSTA;RUA APULCRO LIMA VERDE SN
ITAPIPOCA;17;48;CENTRO;EEM JOAQUIM MAGALHÃES;RUA PERGENTINA ARAUJO S/N
ITAPIPOCA;17;88;ARAPARI;EEB JOSE EDILSON DE SOUSA;ARAPARI
FORTALEZA;117;214;CONJUNTO ESPERANÇA;EEFM PROFA ADALGISA BONFIM SOARES;AV. DO CANAL, S/N, ESQUINA COM RUA 103 - CONJUNTO ESPERANÇA
AQUIRAZ;66;264;NOVO IGUAPE;EMEF JOSE ALMIR DA SILVA;AV SAO JOAO S/N
SENADOR POMPEU;12;69;BONFIM;ASSOCIAÇÃO COMUNITÁRIA DO SÍTIO MUXINATÓ;SÍTIO MUXINATÓ
CAUCAIA;37;553;PARQUE SOLEDADE;E.E.F. CORALIA GONZAGA SALES;RUA NAPOLEAO BONAPARTE VIANA, S/N
CAUCAIA;37;626;CUMBUCO;E.E.F. HELENA DE AGUIAR DIAS;AV DOS COQUEIROS, S/N
POTENGI;68;46;CENTRO;EEFM MENEZES PIMENTEL - SEDE;RUA SEVERINO PAULINO, 230 - BAIRRO SÃO FRANCISCO
CAUCAIA;37;227;MESTRE ANTONIO;E.E.I.E.F. MENINO JESUS;RUA FRANCISCO EDSON DA SILVA, 163
CAUCAIA;37;26;CENTRO;E.E.F. BRANCA CARNEIRO DE MENDONCA;PRACA DA MATRIZ, 666
FORTALEZA;112;502;SAPIRANGA-COITÉ;EM PROF MONTEIRO DE MORAES;AVENIDA EVILASIO ALMEIDA MIRANDA, 1608
AMONTADA;89;220;CAMPO;EEBTI GIZEUDA SANTIAGO TEIXEIRA;AV ANTONIO LISBOA DE QUEIROS 1864
FORTALEZA;1;912;MANUEL DIAS BRANCO;COLÉGIO CÍVICO MILITAR BATALHA DO RIACHUELO;R. E, 100 - MANUEL DIAS BRANCO
CRATO;27;211;MURITI;EEF PROF. JOSÉ DO VALE ARRAES FEITOSA;RUA VICENTE GREGÓRIO MARINHO, SN. N. SRA. DE FÁTIMA. BARRO BRANCO
FORTALEZA;115;488;PARANGABA;COLEGIO GURI  SENIOR;RUA CONEGO DE CASTRO 1780
FORTALEZA;85;293;ANTÔNIO BEZERRA;EEFM ANTONIO BEZERRA;RUA PADRE PERDIGAO SAMPAIO 780
SOBRAL;24;668;JAIBARAS;EEFI RAIMUNDO SANTANA;BARRAGEM - JAIBARAS
LIMOEIRO DO NORTE;29;154;CENTRO;EEF PE JOAQUIM DE MENEZES;AV DOM AURELIANO MATOS 1853
CAUCAIA;123;557;ARATURI (JUREMA);E.E.I.E.F. MONSENHOR ANDRÉ VIANA CAMURÇA;RUA NW-5, 40
ARACOIABA;67;163;CENTRO-SEDE;ESCOLA ALMIR PINTO - ENSINO FUNDAMENTAL E MEDIO;RUA SANTOS DUMONT 363
HIDROLÂNDIA;54;250;CAIXA D'ÁGUA;CRECHE PLÁCIDO MARTINS TORRES;RUA SEM DENOMINAÇÃO OFICIAL, SN.
CRATO;27;220;MONTE ALVERNE;EEIEF PROFESSORA PUREZA TELES;RUA SÃO FRANCISCO S/N - MONTE ALVERNE
CANINDÉ;33;263;ZONA RURAL;EMEF JOAO MARCELINO DE MESQUITA;RUA FRANCISCO VIEIRA, S/N  BOA VISTA
RUSSAS;9;113;CENTRO;ESCOLA DE ENSINO FUNDAMENTAL CORONEL MURILO SERPA;TRAVESSA SEBASTIAO SANTIAGO LIMA 160
PALHANO;9;313;CENTRO;CENTRO DE EDUCACAO INFANTIL;RUA POSSIDÔNIO BARRETO, 293
IBARETAMA;6;83;DISTRITO DE NOVA VIDA;EMEIF LUÍS CORREIA LIMA;SAO FRANCISCO - DISTRITO DE NOVA VIDA
JAGUARIBE;10;189;CENTRO;COLEGIO CARMELA DUTRA;AV OITO DE NOVEMBRO 1087
BREJO SANTO;70;49;ESPERANCA-SEDE;ESC MUN MARIA BENVINDA QUENTAL LUCENA;VILA ESPERANCA
QUITERIANÓPOLIS;99;111;ZONA RURAL;EEIF VIRGÍLIO TÁVORA;DISTRITO ALGODOES
PACAJUS;49;154;COAÇU;EEF RAIMUNDO NOGUEIRA DE QUEIROZ;RUA JOÃO AUGUSTO DE OLIVEIRA, 103
CAUCAIA;37;185;GUARARU;E.E.F. MARIA GOMES BRASILEIRO;BR 222 - KM 27 - REGIÃO DO GUARARU
ITAREMA;98;126;ZONA RURAL;EMEF FRANCISCO ANTERO DE SANTANA;CE 434 KM 16 - CORREGO DA VOLTA
IGUATU;13;212;BARRO ALTO;ESCOLA DE ENS FUND BEVENUTO ALVES DA SILVA;QUIXOA II
MARACANAÚ;104;4;BOA VISTA;EMEIEF COMISSÁRIO FRANCISCO BARBOSA;RUA 11, 116
FORTALEZA;80;420;FÁTIMA;COLÉGIO SANTO TOMÁZ DE AQUINO;RUA MÁRIO MAMEDE, 750
ACARAÚ;30;320;MORADA NOVA;POLO DE CONVIVÊNCIA SOCIAL MORADA NOVA;MORADA NOVA
ACARAÚ;30;372;CENTRO;CVT - CENTRO VOCACIONAL TECNOLOGICO;AV. JOSÉ GIFFONI DA SILVEIRA, 1000
ARARIPE;68;116;CAMPO DE AVIAÇÃO;ESCOLA PROFESSORA MARIA VIOLETA ARRAES DE ALENCAR GERVAISEAU - SEDE;CAMPO DE AVIAÇÃO
GRANJA;25;141;SANTA TEREZINHA;E.E.F. FRANCISCA FONTENELE SOUSA BATISTA;RUA DONA MARIA SOUSA, S/N
FORTALEZA;85;375;CONJUNTO CEARÁ I;COLÉGIO LUÍZA TÁVORA;RUA 1050, N 171, 4 ETAPA
MAURITI;76;110;SÃO FÉLIX-DISTRITO;EEF LUIZ FELIPE;SITIO SERRA BRAVA
BARRO;92;53;SEDE;EEFM WILSON DIAS CABRAL;SITIO RIACHAO
CAUCAIA;37;511;TABAPUÁ;E.E.I.E.F. AFFONSO DE MEDEIROS;RUA 05, S/N
JAGUARUANA;75;91;CENTRO;E.E.F. EDITH MOREIRA BARRETO;RUA CEL. RAIMUNDO FRANCISCO, 1389
QUIXERAMOBIM;11;132;DUQUE DE CAXIAS;ESCOLA LUISA TAVORA;RUA PROF JOSE REMIGIO SN
PENTECOSTE;50;143;ZONA RURAL;EEIF NOSSA SENHORA DA CONCEIÇÃO;IRAPUÁ
TIANGUÁ;81;73;CRUZEIRO;U.B.S.F. IZABEL NOGUEIRA GOMES;RUA FRANCISCA CARLA, S/N
BELA CRUZ;96;84;SAO JOSE;EMEIEF JOSE FRANCISCO VASCONCELOS;LOCALIDADE SAO JOSE
TIANGUÁ;81;178;RÉGIS DINIZ;E.E.F. DOM FCº. JAVIER HERNANDEZ ARNEDO;RUA SÃO BERNARDO, S/N
FORTALEZA;80;115;ALTO DA BALANÇA;EEM YOLANDA QUEIROZ;AV. GAL. MURILO BORGES, 864
TAUÁ;19;194;ALTO BRILHANTE;EEF JOAQUIM PIMENTA;AV JOSE VALDEMAR REGO 585
MORADA NOVA;47;122;ROLDAO;EEB JOAQUIM CHAGAS FILHO;TRAV. LUIS VIEIRA, S/N
MULUNGU;5;157;CENTRO-SEDE;EMEF HERMENEGILDO ROCHA PONTES;RUA SANTA INES S/N
BOA VIAGEM;63;137;AGUAS BELAS;EEF MANOEL JOAO DA SILVA;RUA JOAO SOARES LIMA S/N
JUAZEIRO DO NORTE;28;217;FRANCISCANOS;COLÉGIO SÃO FRANCISCO DE ASSIS;NOSSA SENHORA DO CARMO SN
FORTALEZA;3;452;ALDEOTA;COLÉGIO DARWIN;RUA ILDEFONSO ALBANO, 1030
FORTALEZA;3;16;CENTRO;COLÉGIO 7 DE SETEMBRO (SEDE NGS);AV. DO IMPERADOR, 1330
MULUNGU;5;147;CATOLE-SITIO;EMEF FRANCISCO ALVES DE OLIVEIRA;CATOLE
FORTALEZA;112;534;ENGENHEIRO LUCIANO CAVALCANTE;EM PROF. LUIS COSTA;RUA JOSÉ GUILHERME DA COSTA, 156
MIRAÍMA;89;262;BROTAS;EEFM VICENTE ANTENOR FERREIRA GOMES;BROTAS
TIANGUÁ;81;157;ÁREA RURAL DE TIANGUÁ;CENTRO DE EDUCAÇÃO BÁSICA BENJAMIN DAMASCENO E VASCONCELOS;SÍTIO CROATÁ
ORÓS;15;275;PEDREGULHO - SITIO;POSTO DE SAÚDE FRANCISCO COSMO RODRIGUES;SÍTIO PEDREGULHO
FORTALEZA;116;349;GRANJA LISBOA;EM DOM LUSTOSA;RUA GERALDO BARBOSA 3901
BARREIRA;52;86;CAJUEIRO;ESCOLA FRANCISCO RAMOS DE ALBUQUERQUE (PRÉDIO NOVO);CAJUEIRO
IPAUMIRIM;92;104;CENTRO-SEDE;E.E.F.T.I. DR JARISMAR GONCALVES MELO;AVENIDA DR ARRUDA, 37
JAGUARIBARA;72;61;ZONA RURAL;E.M.E.F ONZE DE AGOSTO;P.A CURUPATI PEIXE
CRATO;27;360;SÃO BENTO;EEIEF CEL. FILEMON FERNANDES TELES;RUA CÍCERO PIERRE PEREIRA, SN. VILA SÃO BENTO
QUITERIANÓPOLIS;99;82;SANTA CLARA;EEM MARIA JOSÉ COUTINHO;QUITERIANÓPOLIS- CE 075
FORTALEZA;117;279;SIQUEIRA;EEFM SENADOR OSIRES PONTES;RUA DIVINA 150
LIMOEIRO DO NORTE;29;276;CENTRO;COLEGIO DIOCESANO PE ANCHIETA;AV DOM AURELIANO MATOS 1925
PACAJUS;49;29;CENTRO;INSTITUTO EDUCACIONAL ESSÊNCIA;RUA MAMEDE NOGUEIRA, 814
JUAZEIRO DO NORTE;119;143;PIRAJA;ESCOLA IZABEL DA LUZ;AV. AILTON GOMES S/N
CANINDÉ;33;271;ZONA RURAL;EMEF PEDRO FELIX SOUSA;LOCALIDADE DE POCO
CRATO;27;142;PONTA DA SERRA;UNIDADE BÁSICA DE SAÚDE JOAQUIM FERREIRA LEITE;RUA INÁCIO FERREIRA LEITE S/N
FORTALEZA;2;823;PAUPINA;CMES ANISIO TEIXEIRA;TRAVESSA DO GUARANI, 355
FORTALEZA;2;523;COAÇU;EEFM GOV LUIZ DE GONZAGA FONSECA MOTA;RUA SANTA ROSA, 407
FORTALEZA;116;205;BOM JARDIM;EM SANTA ISABEL;RUA RAIMUNDO PINHEIRO 798
VIÇOSA DO CEARÁ;35;120;CENTRO;E.E.F PEQUENO POLEGAR;RUA SILVA JARDIM S/N
PIQUET CARNEIRO;12;29;CENTRO;EMEI PROFESSORA MARIA DE LOURDES DAMASCENO MARQUES;RUA MÃE RAINHA - BUMERANGUE
NOVO ORIENTE;99;9;CENTRO;EEF FRANCISCO RUFINO VIEIRA;RUA CAPITAO RODRIGO S/N
JUAZEIRO DO NORTE;119;35;FREI DAMIAO;ESCOLA MARIO DA SILVA BEM;RUA VEREADOR RAIMUNDO JOSÉ DA SILVA
GRANJA;25;192;SANTA TEREZINHA;E.E.F. FRANCISCO LIBERALINO DOS SANTOS;ANGICOS
PEDRA BRANCA;59;104;SEDE;ESCOLA DE ENSINO FUNDAMENTAL ANTONIO BARBOSA LEMOS;SITIO BAIXIO
FORTALEZA;113;8;BENFICA;FACULDADE DE ARQUITETURA E URBANISMO DA UFC;AV. DA UNIVERSIDADE, 2890
FORTALEZA;93;189;PLANALTO AYRTON SENNA;EM MARIA ZELIA CORREIA DE SOUSA;RUA ANTONIO PEREIRA,1495
SÃO GONÇALO DO AMARANTE;36;157;CENTRO;ESCOLA DE ENSINO MÉDIO EM TEMPO INTEGRAL ADELINO CUNHA ALCANTARA;RUA CORONEL NECO MARTINS 220 - SEDE
ASSARÉ;18;127;CENTRO;CENTRO SOCIAL URBANO DE ASSARÉ;RUA EUCLIDES ONOFRE, 128
SÃO GONÇALO DO AMARANTE;36;301;PECEM-DISTRITO;CEDI - GUIOMAR MENDES;RUA DATIVA FERREIRA SOARES, S/N - PECEM
NOVA RUSSAS;48;97;UNIVERSIDADE;COLÉGIO MUNICIPAL ONZE DE NOVEMBRO;AV. JOÃO GREGÓRIO TIMBÓ
FORTALEZA;2;688;COAÇU;EEFM GOV LUIZ DE GONZAGA FONSECA MOTA;RUA SANTA ROSA, 407
PACATUBA;57;337;CONJUNTO JEREISSATI III;EEF MARIA MIRTES HOLANDA DO VALE;RUA 02, NUMERO 100
FORTALEZA;3;593;ALDEOTA;COLÉGIO ANTARES (RUA BARBOSA DE FREITAS);RUA BARBOSA DE FREITAS, 2058
ARNEIROZ;101;70;CHATINHO;ESCOLA DE 1 GRAU SAO FRANCISCO DE ASSIS;NOVO HORIZONTE
TIANGUÁ;81;175;ITAGUARUNA;E.E.F. ABÍLIO COELHO MOITA;SÍTIO ITAGUARUNA
ACOPIARA;60;64;SEDE;EEF LUIZ RODRIGUES DA SILVA;SITIO MUQUEM
TAUÁ;19;224;MARROAS;EEF ANTONIO PINHEIRO TELES;BOM NOME
BELA CRUZ;96;38;AROEIRA-LOCALIDADE;EMEIEF SAO RAIMUNDO;AROEIRA
CARIRÉ;65;47;TAPúIO;ESCOLA EIEF ADAUTA MOCINHA BARROS ROCHA;RUA SE MAGALHAES - TAPUIO
GRAÇA;79;175;LAPA;ESCOLA PADRE RAIMUNDO NONATO RODRIGUES;LAPA
MARTINÓPOLE;25;68;CENTRO;E.E.F. PADRE JOSÉ ROBERTO (GINÁSIO);RUA JOAO BATISTA, 221
MUCAMBO;79;218;CENTRO;E.E.I.F. RAFAEL CLAUDIO DE ARAUJO;RUA MONSENHOR MELO SN
SÃO GONÇALO DO AMARANTE;36;57;CENTRO;ESCOLA DE ENSINO MÉDIO EM TEMPO INTEGRAL ADELINO CUNHA ALCANTARA;RUA CORONEL NECO MARTINS 220 - SEDE
JAGUARUANA;75;130;CENTRO;E.E.M. FRANCISCO JAGUARIBE (2 GRAU);RUA CEL RAIMUNDO FRANCISCO, 1135
FORTALEZA;1;870;CAIS DO PORTO;CRECHE RACHEL GUIMARÃES MARTINS BARBOSA;VIA DE PEDRESTE LESTE OESTE 01
FORTALEZA;93;135;PREFEITO JOSÉ WALTER;COLEGIO VEGA;AVENIDA C, 160
MARANGUAPE;4;528;LAGES;EMEF MIGUEL VIEIRA DA ROCHA;RUA BOA VISTA DOS VIEIRAS, S/N
EUSÉBIO;88;254;COAÇU;EEF SAO RAIMUNDO;RUA COMENDADOR ARI DE FREITAS, 480 - COACU
MORADA NOVA;47;227;ARUARU;EEB BENEVENUTO LINO DO NASCIMENTO;RUA DE FATIMA S/N PATOS
MARACANAÚ;104;209;JEREISSATI I;EMEIEF SENADOR CARLOS JEREISSATI;AVENIDA 1, S/N
MARACANAÚ;104;144;JEREISSATI I;EMEIEF DEPUTADO JOSÉ MARTINS RODRIGUES;RUA QUARENTA A, 287
SOBRAL;121;134;CENTRO;COLEGIO FARIAS BRITO SOBRALENSE;PRACA QUIRINO RODRIGUES S/N
FORTALEZA;85;190;CONJUNTO CEARÁ I;EMTI JOSE LEOPOLDINO DA SILVA FILHO;RUA 420, S/N, 2A ETAPA
MUCAMBO;79;227;CAICARA;ESCOLA ANTONIA FERREIRA DOS SANTOS;CAICARA
EUSÉBIO;88;217;TIMBU;EEF EDUARDO ALVES RAMOS;ESTRADA DO FIO, 3603 - TIMBU
FORTALEZA;115;59;ITAPERI;UNIVERSIDADE ESTADUAL DO CEARA - UECE;AV DR. SILAS MUNGUBA, 1700
FORTALEZA;85;166;AUTRAN NUNES;EM BERGSON GURJÃO FARIAS;AVENIDA SENADOR FERNANDES TÁVORA, 2500
ARACATI;8;212;CORREGO DA NICA;E.E.F. MANOEL DA ROCHA FREIRE;CORREGO DA NICA
BREJO SANTO;70;14;SAO FRANCISCO-SEDE;CEJA MUNICIPAL JOÃO LANDIM DA CRUZ;RUA JOAQUIM INACIO DE LUCENA 504
ITAPIPOCA;17;557;BALEIA;EEB JOSE IRANI MENDES;MACEIO
HORIZONTE;78;227;CENTRO;EMEF MARIA REGIANA DA SILVA;RUA RAFAEL SANTOS, 530
FORTALEZA;114;115;ÁLVARO WEYNE;EMTI NOSSA SENHORA DE FÁTIMA (ANTIGA APOSTÓLICA/SEMINÁRIO);RUA SÍLVIO ROMERO 370
FORTALEZA;118;615;PASSARÉ;EM PROFESSORA MARIA JOSÉ MACÁRIO COELHO;AVENIDA PASSARÉ, 530
VIÇOSA DO CEARÁ;35;138;GENERAL TIBURCIO;E.E.F TRAPIÁ;SITIO TRAPIA
TAUÁ;19;239;BARRA NOVA;ESCOLA FRANCISCO FRUTUOSO DE BARROS;ESCONDIDO
VÁRZEA ALEGRE;62;90;VARJOTA;EEF ZULMIRA SIEBRA LEITE;TRAVESSA NARANIU, 72
UMIRIM;23;255;CAXITORE-DISTRITO;E.E.F. ALFREDO FERREIRA DA CUNHA;LOCALIDADE DE OITICICA
CARIRIAÇU;71;149;BICO DA ARARA;EEF ARARA AZUL;AV PEDRO LUCIANO VIEIRA
FORTALEZA;82;132;JACARECANGA;EEMTI SALES CAMPOS;RUA JACINTO MATOS, 730
CASCAVEL;7;11;BESSALANDIA;ESC.ENS.FUND. JULIA DE MELO;RUA GABRIEL GOMES BARBOSA
CRATO;27;1;SÃO MIGUEL;SECRETARIA DE AÇÃO SOCIAL - SAS;AVENIDA PERIMETRAL DOM FRANCISCO S/N
SOBRAL;24;415;JERÔNIMO PRADO;UNIV.EST.VALE DO ACARAÚ-UVA-NÚCLEO DE DISCIPLINAS COMPLEMENTARES;AVENIDA DA UNIVERSIDADE, S/N
FORTALEZA;3;113;JACARECANGA;COLÉGIO ESTADUAL LICEU DO CEARÁ;PRAÇA GUSTAVO BARROSO, 01
ARACOIABA;67;124;PLACIDO MARTINS-DISTRITO;ESCOLA MUNICIPAL JOAO MARIANO BATISTA;PLACIDO MARTINS
FORTALEZA;95;245;JANGURUSSU;EMEIEF TAÍS MARIA BEZERRA NOGUEIRA;AV. GOVERNADOR LEONEL BRIZOLA, 710
RUSSAS;9;249;PARAISO;ASSOCIAÇÃO COMUNITÁRIA RAFAEL IVO XAVIER;SITIO PARAISO
FORTALEZA;94;325;VILA VELHA;COLEGIO SALOME BASTOS;RUA DESEMBARGADOR HERMES PARAHYBA 1120
PEDRA BRANCA;59;56;SEDE;ESCOLA DE ENSINO FUNDAMENTAL SEBASTIAO RAIMUNDO DA COSTA;SITIO BOM LUGAR
CRATO;27;338;ZACARIAS GONÇALVES;UNIDADE BÁSICA DE SAÚDE EDITE MARIANO;AVENIDA JOSÉ HORÁCIO PEQUENO S/N
IBICUITINGA;47;56;CENTRO;EEB ENEAS FERREIRA NOBRE;RUA CAPITAO MANOEL ANTONIO 2180
JAGUARIBARA;72;56;CENTRO;ESPAÇO INFANTIL TIA MAMONCA;RUA CÍCERO FERNANDES, SN
CHORÓ;6;123;MONTE CASTELO;EEF PADRE JOSÉ BEZERRA FILHO;SERRA DO TEIXEIRA
FORTALEZA;113;345;PARQUELÂNDIA;ESCOLA ESTADUAL DE EDUCAÇÃO PROFISSIONAL JOAQUIM NOGUEIRA;RUA MOREIRA DE SOUSA, 327
MARANGUAPE;4;617;PENEDO;EMEIEF CARLOS PEREIRA DE SOUSA;RUA JOSÉ MENEZES, S/N
MARCO;96;169;LOCALIDADE DE TRIANGULO DO MARCO;EEF SAO FRANCISCO;RUA ZENAIDE OSTERNO, SN
ARACATI;8;295;CORREGO DO RETIRO;E.E.F. APOLINARIO JOAQUIM MONTEIRO;CORREGO DO RETIRO
TAUÁ;19;256;BEZERRA E SOUZA;CENTRO DE EDUCAÇÃO, CIÊNCIAS E TECNOLOGIA - CECITEC;RUA SOLON MEDEIROS, S/N - BR 020
FORTALEZA;1;338;CAIS DO PORTO;ESCOLA ESTADUAL MAESTRO ELIAZAR DE CARVALHO;RUA FRANCISCO ALVES PEREIRA  349
GRANJA;25;203;SÃO PEDRO;E.E.F. ARZILIA MOTA;RUA PARAIBA, S/N
JAGUARIBARA;72;50;CENTRO;E.E.M LICEU JOSE FURTADO DE MACEDO;AV. MARLINDA ELÓI, 389
VIÇOSA DO CEARÁ;35;142;SITIO TOPE;E.E.I.F ALICE RODRIGUES PASSOS;SITIO TOPE
RUSSAS;9;190;SANTO ANTONIO;ESCOLA MUNICIPAL JOSE AMANCIO DE LIMA;SANTO ANTONIO
RUSSAS;9;70;CENTRO;COLEGIO ESTADUAL GOVERNADOR FLAVIO MARCILIO;AV DOM LINO 725
CRATEÚS;20;6;CENTRO;ESCOLINHA GENERAL SOUTO MAIOR;RUA CEL LUCIO 109
JAGUARUANA;75;99;COHAB;POLO DE ATENDIMENTO RAIMUNDA AMELIA DA SILVA;AV JOSE CLAUDIO DE MELO S/N
ACOPIARA;60;6;CENTRO;LICEU DE ACOPIARA - DEP.FCO.ALVES SOBRINHO;RUA VICENTE CARLOS PINHEIRO,101
FORTALEZA;116;43;BOM JARDIM;EM SANTOS DUMONT;RUA GERALDO BARBOSA 240
TRAIRI;97;93;GENIPAPEIRO;GE FIRMINO ALVES DE FREITAS;GENIPAPEIRO
CAUCAIA;37;538;TABAPUÁ;E.E.I.E.F. ROBERTO JOSÉ BASTOS MACAMBIRA;RUA 7, S/N - TABAPUÁ
GROAÍRAS;65;105;CENTRO;EEFM MONSENHOR LINHARES;RUA RAIMUNDO NONATO ALBUQUERQUE, 201
FORTALEZA;115;429;VILA PERI;CENTRO DE EDUCAÇÃO PEDAGÓGICO EÇA DE QUEIROZ;RUA DOM XISTO ALBANO 611
FORTALEZA;85;283;CONJUNTO CEARÁ I;EEFM PROF. EDMILSON GUIMARAES DE ALMEIDA UV 10;RUA 1074 S/N (PROX. HOSPITAL), 4 ETAPA
PARAMBU;19;397;SEDE;ESCOLA VICENTE NORONHA MOTA (ANTIGA ESCOLA JOSÉ HOZANA FILHO);JUAZEIRO
ALTANEIRA;53;5;CENTRO;EEMTI SANTA TEREZA;RUA JOAQUIM ALVES BITU, SN
ACOPIARA;60;75;CENTRO;EEF PE JOAO ANTONIO;AV PAULINO FELIX, 214
SOBRAL;24;401;SUMARÉ;EEFI JOSE PARENTE PRADO;RUA SANTA MARTA,100
CRATEÚS;20;106;SANTO ANTÔNIO;ESCOLA DE CIDADANIA DE SANTO ANTONIO;SANTO ANTONIO
CRATEÚS;20;177;FATIMA II;EEFM LIONS CLUBE;RUA CLOVIS BEVILAQUA 1417
CRATO;27;297;GISÉLIA PINHEIRO;EEMTI JUVÊNCIO BARRETO;RUA JUVÊNCIO BARRETO S/N
FORTALEZA;114;132;BARRA DO CEARÁ;EEFM ESTADO DE ALAGOAS;AVENIDA PRESIDENTE CASTELO BRANCO, 5244
JAGUARUANA;75;110;TABULEIRO;E.E.F. MONSENHOR ALUISIO DE CASTRO FILGUEIRAS;RUA JOAO FRANCISCO RODRIGUES 1384
IGUATU;13;282;JARDIM OASIS;ESCOLA DE ENS FUND JOAO PAULINO DE ARAUJO;RUA SÍLVIO AMARO SN
CRATEÚS;20;126;FATIMA I;SERVIÇO SOCIAL DO COMÉRCIO - SESC;RUA PADRE CÍCERO, 200
CAUCAIA;123;428;ARATURI (JUREMA);E.E.F. PROFESSORA MARLY FERREIRA MARTINS;RUA NW-3, S/N
PARAIPABA;109;180;CENTRO;EMEIF FRANCISCO FIGUEIREDO DE PAULA PESSOA;RUA ANTONIO TABOSA SN
FORTALEZA;3;474;ALDEOTA;COLÉGIO CHRISTUS (AV. BARÃO DE STUDART);RUA JOÃO CARVALHO, 630
NOVA RUSSAS;48;208;SÃO FRANCISCO;E. E. F.  ZILMAR MENDES MARTINS;RUA NAPOLEÃO MOURA, S/N
TURURU;17;641;ESTAÇÃO;EMEF ANTONIO PIRES CHAVES;RUA ANTONIO PIRES 100
FORTALEZA;112;8;JARDIM DAS OLIVEIRAS;COLÉGIO NOVO HORIZONTE;RUA BEIJA FLOR, 25
FORTALEZA;112;423;EDSON QUEIROZ;COLEGIO ARI DE SA CAVALCANTE WS;AV WASHINGTON SOARES, 3737
FORTALEZA;93;233;PREFEITO JOSÉ WALTER;EM DIOGO VITAL DE SIQUEIRA;AVENIDA L , S/N
ALCÂNTARAS;24;612;CARMOLANDIA;EEFI PEROLINA FERNANDES ALBUQUERQUE;POVOADO DE CARMOLANDIA
JAGUARIBARA;72;52;CENTRO;E.E.M LICEU JOSE FURTADO DE MACEDO;AV. MARLINDA ELÓI, 389
UMIRIM;23;262;SAO JOAQUIM-DISTRITO;GRUPO ESC. MUNIC. HAMILTON DA ROCHA E SILVA;AV FELISBELA CAETANO SN (RUA PRINCIPAL)
ITAITINGA;78;231;CENTRO;EEF VALMIQUE SAMPAIO ALBUQUERQUE;RUA JOSMO GURGEL ARAUJO, 1256
GENERAL SAMPAIO;50;200;ZONA RURAL;CRECHE ESCOLA RAIMUNDO PIRES;CARAÚBAS
ITAPIPOCA;17;688;MARANHÃO;EEB JOÃO IDÁLIO TEIXEIRA;RUA DR BEZERRA DE MENEZES, SN
CAUCAIA;123;466;ARATURI (JUREMA);E.E.I.E.F. MONSENHOR ANDRÉ VIANA CAMURÇA;RUA NW-5, 40
PARAMOTI;111;138;CENTRO;EMEF BELA VISTA;AV JOAQUIM VIEIRA, 22
MORADA NOVA;47;115;ROLDAO;EEB JOAQUIM CHAGAS FILHO;TRAV. LUIS VIEIRA, S/N
FORTALEZA;116;58;BOM JARDIM;EM CRESCER E APRENDER;RUA EDSON MARTINS, 642
MARCO;96;123;DISTRITO DE PANACUI;EEF SENADOR VIRGILIO TAVORA;RUA JOSE DOMINGOS, S/N
FORTALEZA;114;331;JARDIM IRACEMA;EM MARIA DALVA SEVERINO MARREIRO;RUA RIO PARAGUAI 782
CARIRIAÇU;71;57;NOSSA SENHORA DO CARMO;SECRETARIA DE SAÚDE - ANCILON FERREIRA TAVARES;RUA LUIZ ROLIM, SN
CAMPOS SALES;38;81;ZONA RURAL;E.E.E.M. FRANCISCO MIGUEL DE ANDRADE - SITIO QUEIMADAS;SÍTIO QUEIMADAS
FORTALEZA;3;230;CENTRO;EEFM CLÓVIS BEVILAQUA;AV. DOM MANUEL, 511
FORTALEZA;1;711;VICENTE PINZON;ESCOLA MUNICIPAL PROF BELARMINA CAMPOS;RUA MANOEL RODRIGUES MONTEIRO, 840
JAGUARUANA;75;68;BORGES;UBASF RAIMUNDO SALES FAÇANHA (BORGES);BORGES
LAVRAS DA MANGABEIRA;14;6;CENTRO - SEDE;EEMTI FILGUEIRAS LIMA;RUA HILDA AUGUSTO, 429, ROSÁRIO
GUARACIABA DO NORTE;74;6;DISTRITO;ESCOLA DE ENS FUND JOSE GERARDO COELHO - SUSSUANHA;SUSSUANHA
CAPISTRANO;105;32;ZONA RURAL;CENTRO DE CONVIVÊNCIA SOCIAL DO BOQUEIRÃO;BOQUEIRAO
FORTALEZA;114;215;PRESIDENTE KENNEDY;EM SÃO JOSÉ;AVENIDA DOUTOR THEBERGE 2288
FORTALEZA;2;694;LAGOA REDONDA;EM TEREZINHA FERREIRA PARENTE;RUA NELSON COELHO, 209
CRATO;27;283;PONTA DA SERRA;EEM JOAQUIM VALDEVINO DE BRITO;RUA MARIA RIBEIRO DE MATOS S/N
URUOCA;25;107;CAMPANARIO;E.E.F. NE CONRADO;AV. ALBERTO BATISTA FONTENELE, 21
VIÇOSA DO CEARÁ;35;80;LAMBEDOURO;E.E.F EDUVIRGES MARIA DE ARRUDA;VILA MANHOSO
UMIRIM;23;254;CAXITORE-DISTRITO;E.E.F. IRACILVIA NUNES DE LIMA;CAXITORE
CAMOCIM;32;185;CENTRO;CEJA - JOAO DA SILVA RAMOS;PRACA JOSE SEVERIANO MOREL S/N
MARACANAÚ;122;279;NOVO MARACANAU;EMEIEF PROFª MARIA DO SOCORRO VIANA FREITAS;RUA 10 S/N
FORTALEZA;117;460;PARQUE PRESIDENTE VARGAS;EM JOSE MARIA MOREIRA CAMPOS;RUA FRANCISCO ALMEIDA, 525 CJ. APOLO XI
CAUCAIA;120;427;CAPUAN;E.D.E.F.M. ÍNDIOS TAPEBA (COMUNIDADE INDÍGENA);RODOVIA CORONEL ALFREDO, S/N
FORTALEZA;114;92;BARRA DO CEARÁ;CUCA BARRA DO CEARÁ;AV. PRES. CASTELO BRANCO, 6417
IBICUITINGA;47;63;CENTRO;CRAS- CENTRO DE REFERENCIA DA AÇÃO SOCIAL;RUA JOAO DUARTE 2212
CRATO;27;328;VILA LOBO;EEIEF ANTÔNIO ANTUÉRPIO GONZAGA DE MELO;RUA ANTÔNIO ESMERALDO LEITE S/N
AQUIRAZ;66;298;CENTRO;SENAC - SERVIÇO NACIONAL DO COMÉRCIO;RUA PEDRO BRASIL, N 210
AQUIRAZ;66;318;PATACAS;EMEF MARIA SOARES DE FREITAS;AV JOSUE LEITE DE FREITAS S/N
CASCAVEL;7;118;GUANACES;ESC.ENS.FUND. ABDON DANTAS DE ALMEIDA;RUA EUFRASIO DANTAS SN - CENTRO
CASCAVEL;7;5;GUANACES;ESC.ENS.FUND. JOSÉ COELHO DE CARVALHO;SITIO COQUEIRO
FORTALEZA;3;624;ALDEOTA;COLÉGIO BATISTA - SANTOS DUMONT;RUA DESEMBARGADOR LEITE ALBUQUERQUE, 1056
IGUATU;13;13;ALTO DO JUCÁ;SECRETARIA MUNICIPAL DE AÇÃO SOCIAL;RUA 21 DE ABRIL SN
FORTALEZA;2;75;MESSEJANA;EEEP JOSE DE BARCELOS;RUA ANGELICA GURGEL 362
SOBRAL;24;445;JOSÉ EUCLIDES;EEFI MOCINHA RODRIGUES;RUA EVANGELINA SABOIA, S/N
PORTEIRAS;70;263;CENTRO;INSTITUTO JOÃO FILGUEIRA;RUA JOAQUIM TÁVORA SN
NOVA RUSSAS;48;28;ALTO DA BOA VISTA;EMTI ALFREDO GOMES;RUA QUINTINO BOCAIUVA 520
NOVA RUSSAS;48;146;MATA FRESCA;GRUPO ESCOLAR MANOEL ANTONIO DE CARVALHO;LOCALIDADE DE MATA FRESCA,
IGUATU;13;32;PLANALTO;ESCOLA DE ENS MEDIO AMELIA FIGUEIREDO DE LAVOR;RUA 13 DE MAIO SN
CASCAVEL;7;62;GUANACES;E.E.F. LUCIANO GALDINO MACIEL (BOA ÁGUA);RUA BÔA AGUA
HORIZONTE;78;367;DIADEMA;EMEF PROFESSORA DIONE MARIA BEZERRA PESSOA;RUA FRANCISCO ONOFRE DE ASSIS, 365, DIADEMA
FORTALEZA;3;183;JACARECANGA;SENAI - UNIDADE CENTRO;AV. PADRE IBIAPINA, 1280
PACATUBA;57;303;PAVUNA;EEIEF GELIA DA SILVA CORREIA;AV. JOSE GUILHERME 1055
ITAPIPOCA;17;22;CRUZEIRO;EEFMI CORONEL MURILO SERPA;RUA ANASTACIO BARROSO VALENTE 318
AURORA;69;71;PADRE MORORO-SEDE;E.E.I.F. ANTONIO LANDIM DE MACEDO;PADRE MORORO S/N
ANTONINA DO NORTE;18;5;CENTRO;ESCOLA DE ENSINO FUNDAMENTAL 8 DE MAIO;RUA ANTONIO MOTA 50
HORIZONTE;78;360;BUENOS AIRES;EMEF FRANCISCO XAVIER DE FREITAS;RUA MANOEL LUIZ, N. 1.352
FORTALEZA;114;247;BARRA DO CEARÁ;CENTRO DE EDUCAÇÃO COMPLEMENTAR (CEDCE) - ANTIGO SESI;AVENIDA FRANCISCO SÁ 6623
HORIZONTE;78;132;DOURADO;EMEF SEBASTIAO LOPES DE OLIVEIRA;RUA PEDRO FELICIO DE OLIVEIRA, 5727
ITAREMA;98;214;LAGOA SECA;EEEP PROFESSORA ROSÂNGELA ALBUQUERQUE DE COUTO;RUA DAS INDUSTRIAS, SN
FORTALEZA;114;116;ÁLVARO WEYNE;EMTI NOSSA SENHORA DE FÁTIMA (ANTIGA APOSTÓLICA/SEMINÁRIO);RUA SÍLVIO ROMERO 370
FORTALEZA;2;817;PAUPINA;EM CÔNEGO FRANCISCO PEREIRA DA SILVA;RUA LUÍS FRANCISCO XAVIER, 256
MARACANAÚ;122;86;JAÇANAÚ;EMEF JOAQUIM AGUIAR;RODOVIA 065 KM 09 9821
FORTALEZA;3;558;JACARECANGA;SENAI - UNIDADE CENTRO;AV. PADRE IBIAPINA, 1280
FORTALEZA;117;186;CONJUNTO ESPERANÇA;EEFM IRAPUAN CAVALCANTE PINHEIRO;AV E 305
CASCAVEL;7;159;GUANACES;ESC.ENS.FUND. ELIAS JOSE DA COSTA;ALAGADICINHO
FORTALEZA;2;677;COAÇU;EEFM GOV LUIZ DE GONZAGA FONSECA MOTA;RUA SANTA ROSA, 407
MARACANAÚ;122;286;CÁGADO;EMEIEF NARCISO PESSOA DE ARAÚJO;AV. PADRE JOSE HOLANDA DO VALE S/N
CASCAVEL;7;128;RIO NOVO;E.E.B. DEPUTADO RAIMUNDO QUEIROZ;AV JOAO DAMASCENO FONTENELE, 3233
ITAPIPOCA;17;512;CACIMBAS;CENTRO EDUCACIONAL MARIA MAGALHAES VIANA AZEVEDO;RUA MOESIO LOIOLA S/N
SOBRAL;24;688;RENATO PARENTE;CLUBE DOS CALÇADISTAS;AV. MÃE RAINHA
COREAÚ;64;70;São Miguel;COREAÚ - ESCOLA MUN. NOSSA SRA. DA PAZ;RUA SÃO MIGUEL, S/N - SÃO MIGUEL
TABULEIRO DO NORTE;91;6;BOA ESPERANÇA;ASSOCIAÇÃO DOS MORADORES DE BOA ESPERANÇA;SITIO BOA ESPERANÇA
CANINDÉ;33;332;ZONA RURAL;EMEF PRESIDENTE CASTELO BRANCO;LOCALIDADE DE SALGADO INGA
RUSSAS;9;213;PLANALTO BELA VISTA;ESCOLA MUNICIPAL ANA XAVIER LOPES;TRAVESSA JOSE MUNIZ 2457
TIANGUÁ;81;305;LAURÃO;E.E.I.F. FREI GERVÁSIO;RUA ALBERCY NOGUEIRA DE VASCONCELOS , SN
INDEPENDÊNCIA;39;18;CENTRO;EMATERCE;RUA PRESIDENTE VARGAS
JATI;70;379;FAUSTINO-SEDE;ESCOLA MUNICIPAL ADEILDE MATIAS ROCHA;VILA FAUSTINO
UBAJARA;73;209;SITIO TABOCA;ESCOLA MADALENA HOLANDA SOARES;RODOVIA ESTADUAL CE 187 - SITIO TABOCA
FORTALEZA;112;127;ENGENHEIRO LUCIANO CAVALCANTE;ESCOLA DE ENSINO MÉDIO EM TEMPO INTEGRAL JOHNSON;RUA GONTRAN GIFFONI, 461
PEDRA BRANCA;59;153;MINEIROLANDIA;EEF CENTRO EDUCACIONAL GABRIEL DE FRANÇA MELO;RESIDENCIAL JOSÉ MINEIRO S/N
IPU;21;74;CENTRO;COLEGIO IPUENSE;RUA ANTONIO MEMORIA, 1166
FORTALEZA;85;153;CONJUNTO CEARÁ I;EEF GOVERNADOR FAUSTINO ALBUQUERQUE - UV1;RUA 143 N 155 - 1 ETAPA
QUIXADÁ;6;179;JUÁ;EEF CANDIDA FERREIRA CAVALCANTE;POÇO COMPRIDO, S/N
FORTALEZA;112;297;JARDIM DAS OLIVEIRAS;EEFM D. LUIZA TÁVORA - PRÓ MORAR;RUA FREI CANECA, 379
CAUCAIA;37;557;NOVO PABUSSU;EEIEF MARIA DOLORES MENEZES DE ALMEIDA;RUA DA CONSOLAÇÃO, 465
ITAPAJÉ;41;72;PITOMBEIRA;ESCOLA MUNICIPAL ZECA PARAIBA;VILA PITOMBEIRA
TAMBORIL;61;70;DISTRITO DE OLIVEIRAS;EMEIF FRANCISCO LUCIO;RUA FRANCISCO LUCIO - VILA OLIVEIRAS
QUIXERAMOBIM;11;292;VILA SAO PAULO;ESCOLA ZILA ZILDA CARNEIRO;RUA CLEODON SIQUEIRA 1201
JUAZEIRO DO NORTE;28;51;CENTRO;EEIF PADRE CICERO;MONSENHOR JOVINIANO BARRETO 116
OCARA;67;236;CENTRO-SEDE;SECRETARIA DE CULTURA, ESPORTE E JUVENTUDE (ANTIGA ESCOLA ALMIR PINTO);AV CORONEL JOAO FELIPE SN
CAUCAIA;37;554;ITAMBE;E.E.F. FLAVIO PORTELA MARCILIO;RUA 05, 23 - CONJ. VICENTE ARRUDA
SANTANA DO ACARAÚ;44;138;RETIRO;SINDICATO DOS TRABALHADORES RURAIS DE SANTANA;TRAVESSA DR JOSÉ MENDES, 461
QUIXADÁ;6;35;CAMPO VELHO;EEF BENIGNO BEZERRA;RUA PAULO SOARES VIANA, 173
MASSAPÊ;45;109;LUIS DA HORA PEREIRA;CMEF PROFESSORA MARIA DO CARMO CARNEIRO (EEF MARIA PONTES VIDAL);RUA AMADEU ALBUQUERQUE, S/N
IPU;21;127;DISTRITO;E.M.E.F. JOSÉ FIRMINO BARROS;MALHADA VERMELHA
FORTALEZA;82;414;ELLERY;ESCOLA MUNICIPAL HONÓRIO BEZERRA;RUA CAPITÃO NESTOR GÓIS, 400
SANTA QUITÉRIA;54;34;CENTRO;COLÉGIO PAULO FREIRE;RUA JOÃO RODRIGUES PINTO, 235
RUSSAS;9;275;PLANALTO BELA VISTA;ESCOLA MUNICIPAL ANA XAVIER LOPES;TRAVESSA JOSE MUNIZ 2457
FORTALEZA;82;639;CARLITO PAMPLONA;FEDERAÇÃO DO MOVIMENTO COMUNITÁRIO DO PIRAMBU - FEMOCOPI;AV. PRES. CASTELO BRANCO, 2709
MORADA NOVA;47;277;CENTRO;CENTRO EDUCACIONAL MONSENHOR TABOSA;AV. MANOEL CASTRO, 440
FORTALEZA;94;832;VILA VELHA;EMEIEF MARIA MARIZA MENDES DE CARVALHO;RUA RAIMUNDO CUNHA 1174
FORTALEZA;94;929;VILA VELHA;EMEIF FRANCISCO EDILSON PINHEIRO;RUA N, 35
JIJOCA DE JERICOACOARA;30;441;ZONA RURAL;ESCOLA FRANCISCO RAIMUNDO DUTRA;CORREGO DO URUBU
FORTALEZA;95;177;PARQUE SANTA MARIA;EEMTI POETA OTACILIO COLARES;RUA JORGE DA VEIGA, 265
SÃO JOÃO DO JAGUARIBE;91;110;BELA VISTA;E.M.E.I CRECHE MUNICIPAL TIA IDA;RUA JOAQUIM FERREIRA
ACOPIARA;60;108;TRUSSU;EEFM SOLON GUEDES CAVALCANTE;VILA DE TRUSSU
BARREIRA;52;147;LAGOA GRANDE;UBS ANTÔNIO POSSIDÔNIO MAIA ;CATARINA I
JUAZEIRO DO NORTE;119;374;AEROPORTO;COLÉGIO ESTRELA;AVENIDA DEPUTADO DUARTE JUNIOR, 457
AQUIRAZ;66;48;CAJUEIRO DO MINISTRO;EMEF MINISTRO JARBAS PASSARINHO;RODOVIA CE 040 - CAJUEIRO DO MINISTRO
MOMBAÇA;46;118;ASSENTAMENTO SALÃO;EEM PAULO FREIRE;ASSENTAMENTO FAZENDA SALÃO
FORTALEZA;3;599;ALDEOTA;COLÉGIO SANTA CECÍLIA;AV. SENADOR VIRGÍLIO TÁVORA, 2000
QUIXERAMOBIM;11;241;PAUS BRANCO;ESCOLA FRANCISCO DE CASTRO CARDOSO;PAUS BRANCO
QUIXADÁ;6;247;PLANALTO RENASCER;EEFM RAIMUNDO MARQUES DE ALMEIDA (ESCOLA MODELO);RUA PARAGUAI, 2055
FORTALEZA;80;277;VILA UNIÃO;ESCOLA MUNICIPAL HAROLDO JORGE BRAUN VIEIRA;AV LAURO VIEIRA CHAVES, 2001
JAGUARIBE;10;82;NOVA BRASÍLIA;EEIEF ANTONIO TEIXEIRA LIMA;AV ALMIR TAVORA, S/N
FORTALEZA;82;29;SÃO GERARDO;SECRETARIA DO DESENVOLVIMENTO AGRÁRIO (SDA) DO ESTADO DO CEARÁ;AV. BEZERRA DE MENEZES, 1820
MARCO;96;95;BAIRRO ALEMAES;CEI MANOEL CLÓVIS RIOS;RUA PRES. ERNESTO GEISEL, 209
FORTALEZA;118;627;PARQUE DOIS IRMÃOS;COLEGIO MARIA ESTER II;RUA F (CONJUNTO MIRASSOL), 158
TURURU;17;637;ALTO DA PAZ;EMEF CECILIA SIQUEIRA;AV JOAO PATRICIO 583
FORQUILHA;121;191;CENTRO;EEF DEP JOSE PARENTE PRADO(CENTRO SOCIAL);R MOCINHA VIANA 96
FORQUILHA;121;259;EDMUNDO RODRIGUES;EEFM ELZA GOERSCH;AV CRIANÇA DANTE VALERIO S/N CENTRO
TIANGUÁ;81;101;PINDOGUABA;CENTRO EDUCACIONAL ANTÔNIO JOSÉ DA ROCHA;RUA SÃO JOÃO BATISTA, S/N - DISTRITO PINDOGUABA
CARNAUBAL;22;132;SEDE;ESCOLA COSME RODRIGUES DE SOUSA;RUA PRESIDENTE MEDICE SN
SALITRE;38;52;CENTRO;CRECHE COMUNITARIA MARIA ANA JESUS - SEDE;RUA SÃO PEDRO
FORTALEZA;2;802;MESSEJANA;PATRONATO PADRE LUIZ BARBOSA MOREIRA;RUA CEL GUILHERME ALENCAR, 121
FORTALEZA;113;212;RODOLFO TEÓFILO;COLÉGIO DEOCLÉCIO FERRO;RUA MINERVINO DE CASTRO, 987
QUIXADÁ;6;296;ALTO SÃO FRANCISCO;ESCOLA ADVENTISTA ARLETE AFONSO;RUA EPITÁCIO PESSOA, 605
MARANGUAPE;4;380;ITAPEBUSSU;EEMTI ANTÔNIO MARQUES DE ABREU;RUA MANUEL GUEDES MARTINS, 1076.
JUAZEIRO DO NORTE;28;308;JUVENCIO SANTANA;EMEIF MANOEL BALBINO DA SILVA;RUA PEDRO CRUZ SAMPAIO
BARROQUINHA;108;94;POVOADO CURIMÃS;ESCOLA NOSSA SENHORA DO PERPETUO SOCORRO;POVOADO CURIMÃS
CAUCAIA;37;431;ITAMBE;E.E.F. FLAVIO PORTELA MARCILIO;RUA 05, 23 - CONJ. VICENTE ARRUDA
MASSAPÊ;45;50;ZONA RURAL;CRECHE JOSE CLAUDIO DE AGUIAR;POVOADO DE IPAGUACUMIRIM
MORRINHOS;44;104;CENTRO;ANEXO ESCOLA CORONEL VIRGILIO TÁVORA ;RUA JOAQUIM COREOLANO, S/N
CRUZ;30;91;ZONA RURAL;ESCOLA MARIA FILOMENA SOUSA;CAJUEIRINHO II
MARACANAÚ;104;359;TIMBÓ;EMEF DR. JOSÉ DE BORBA VASCONCELOS;AVENIDA TIMBÓ, 808
AMONTADA;89;178;SÃO RAIMUNDO;EEBTI TEREZA MAGALHÃES DE SOUSA;RUA JOAQUIM TORQUATO 1328
GRANJA;25;199;TIMONHA;E.E.F. RAIMUNDO MAURO XAVIER DE OLIVEIRA;RUA RIACHUELO S/N
TAMBORIL;61;97;DISTRITO DE SUCESSO;EMTI NOSSA SENHORA APARECIDA;ASSENTAMENTO PASSARINHA
MAURITI;76;141;ANAUA-DISTRITO;EEIF FIRMINO ARARUNA DE SOUSA;RUA ROSENDO MANOEL DE SOUSA, S/N
PEDRA BRANCA;59;54;SEDE;ESCOLA DE ENSINO FUNDAMENTAL ANTONIO BARBOSA LEMOS;SITIO BAIXIO
TRAIRI;97;78;TIGIPIO;EEF ZEFINHA RIBEIRO BARROSO TIGIPIO;TIGIPIO
PARAMOTI;111;167;CENTRO;EEMTI TOMÉ GOMES DOS SANTOS (PRÉDIO NOVO);RUA ORLEANS FARIAS, S/N - SANTA CECÍLIA
SANTANA DO CARIRI;53;100;LATÃO;EMEIEF JOAQUIM PINHEIRO DE MENEZES;VILA LATÃO, SN
FORTALEZA;95;211;CONJUNTO PALMEIRAS;EMEIEF CÉSAR CALS DE OLIVEIRA NETO;RUA OLIMPIO RIBEIRO, 20
CANINDÉ;33;283;ZONA RURAL;EMEF MENESES PIMENTEL;LOCALIDADE DE BARRA CANCAO
MARANGUAPE;4;45;PARQUE IRACEMA - MARANGUAPE;EMEF CLÓVIS MONTEIRO;RUA IRMÃ CANDIDA MARIA, 216
SALITRE;38;133;ZONA RURAL, SALITRE/CE;E.E.F.T.I. -  JOÃO LIBANO RIBEIRO - SÍTIO CAJAZEIRAS;SÍTIO CAJAZEIRAS
IPU;21;166;ALTO DA BOA VISTA;EMEB MONSENHOR GONÇALO DE OLIVEIRA LIMA;AV. JOSÉ CARVALHO DE ARAGÃO, 102
ALTO SANTO;86;28;CENTRO;ESCOLA DE 1 GRAU URCESINA MOURA CANTIDIO;RUA CEL SIMPLICIO BEZERRA 8
QUIXERAMOBIM;11;36;CENTRO;ESCOLA ASSIS BEZERRA;RUA FRANCISCO IVO 60
BATURITÉ;5;14;CONSELHEIRO ESTELITA-SEDE;CENTRO REGIONAL INTEGRADO ADMINISTRATIVO - CRIA;AV FRANCISCO BRAGA FILHO, 1015
FORTALEZA;80;436;FÁTIMA;ESCOLA VILA;RUA DOM SEBASTIAO LEME, 819
VÁRZEA ALEGRE;62;132;JUREMAL;EEMTI PROFESSORA MARIA AFONSINA DINIZ MACÊDO;AVENIDA TENENTE ANTONIO GONCALVES, 19
SANTANA DO ACARAÚ;44;73;SAPO DE CIMA;ASSOCIAÇÃO COMUNITÁRIA DOS TRABALHADORES DE SAPÓ;SAPO DE CIMA
SANTA QUITÉRIA;54;122;PRIMAVERA;E. E. F. LUIZ DERMEVAL DE ANDRADE;BAIRRO PRIMAVERA BOTA FOGO
CATUNDA;54;142;CENTRO;E. E. F. SÃO ZACARIAS;RUA ANTONIO TIMBÓ, SN.
MORAÚJO;64;42;CENTRO;MORAÚJO - ESCOLA MUN. NOSSA SRA. DA CONCEIÇÃO;PÇA. ANTÔNIO BENÍCIO DE VASCONCELOS, S/N - CENTRO
CAUCAIA;37;468;GUAGIRU;E.E.F. ALBA PESSOA DA SILVA;RUA SAO MIGUEL, 105
FORTALEZA;112;51;JARDIM DAS OLIVEIRAS;EM MARIA DE LOURDES RIBEIRO JEREISSATI;RUA REINO UNIDO, 115
POTENGI;68;79;CENTRO;GRUPÃO - EEF ANTONIO DE FIGUEIREDO TAVEIRA - SEDE;RUA ALMINO ALENCAR S/N
TIANGUÁ;81;156;SEMINÁRIO;FACULDADE VIA SAPIENS;AVENIDA PREFEITO JACQUES NUNES, 1739
MONSENHOR TABOSA;61;142;CENTRO;E.M.E.F.T.I LUIZ LEITAO;AVENIDA PESSOA PIRES  2
IPU;21;30;ALTO DA BOA VISTA;EMEB MONSENHOR GONÇALO DE OLIVEIRA LIMA;AV. JOSÉ CARVALHO DE ARAGÃO, 102
MOMBAÇA;46;24;CARNAUBA;UNIDADE BÁSICA DE SAÚDE MANOEL AIRES TEIXEIRA;CARNAUBA
MOMBAÇA;46;134;CENTRO;ESCOLA DE ENSINO FUNDAMENTAL JOSÉ MARQUES DE SOUSA;VILA NOVA UNIÃO - ZORRA
FORTALEZA;113;342;PARQUELÂNDIA;ESCOLA ESTADUAL DE EDUCAÇÃO PROFISSIONAL JOAQUIM NOGUEIRA;RUA MOREIRA DE SOUSA, 327
RERIUTABA;79;106;AÇUDE DO MATO;E.E.F. NOSSA SENHORA DAS GRACAS;AÇUDE DO MATO
MARACANAÚ;122;161;PIRATININGA;EMEF RUI BARBOSA;RUA DO CAMPO 51
FORTALEZA;116;200;GRANJA LISBOA;EM PROF LIREDA FACO;RUA TRES CORACOES 735
MONSENHOR TABOSA;61;170;MUNDO NOVO;ESCOLA DIFERENCIADA DE EFM POVO CACETEIRO (INDÍGENA);MUNDO NOVO
FORTALEZA;112;542;EDSON QUEIROZ;COLÉGIO NOVA DIMENSÃO;AV. EDILSON BRASIL SOARES, 1599
BEBERIBE;84;46;NOVO PLANALTO;ESCOLA MUNICIPAL IRANISE BESSA DE QUEIROZ;RUA JUVENAL COLACO 934
FORTALEZA;80;326;DIONISIO TORRES;ASSEMBLÉIA LEGISLATIVA - UNIVERSIDADE DO PARLAMENTO CEARENSE;RUA BARBOSA DE FREITAS, 2674
QUIXADÁ;6;37;CAMPO VELHO;CEJA JOÃO RICARDO DA SILVEIRA;RUA DOM LUCAS, 760
JUAZEIRO DO NORTE;28;318;SALGADINHO;EEF 03 DE JUNHO;RUA PEDRO FURTADO MENEZES
VÁRZEA ALEGRE;62;109;SEDE RURAL;ASSOCIAÇÃO DOS PEQUENOS PRODUTORES RURAIS - PEDRO JOSÉ DA COSTA;SÍTIO CAPÃO
MARANGUAPE;4;431;SAPUPARA;EMEF JÕAO CIRINO NOGUEIRA;RUA JOAO CIRINO, S/N
SANTANA DO ACARAÚ;44;28;CENTRO;ALCIONE CLUBE;RUA JOÃO CORDEIRO, S/N
ARACOIABA;67;92;MILTON BELO-DISTRITO;ESCOLA MUNICIPAL ANTONIO BELARMINO DE OLIVEIRA;UMARIZEIRO
MORRINHOS;44;139;FAZENDA BOM JARDIM;EEMF JOSE AURIMAR PEREIRA;BOM JARDIM
APUIARÉS;50;207;ZONA RURAL;COMUNIDADE RECANTO DO MASSAPÊ;RECANTO DO MASSAPÊ
SALITRE;38;64;CENTRO;E.E.I.F ANTONIO LEITE DE ALENCAR - SEDE;RUA SANTO ANTONIO  S/N
PARACURU;109;54;QUATRO BOCAS;E. M. E. I. F. ISAC DA ROCHA;QUATRO BOCAS
FORTALEZA;116;503;CONJUNTO CEARÁ II;EM FRANCISCO EDMILSON PINHEIRO;AVENIDA H, 2115, 4A ETAPA
CARIRIAÇU;71;138;SÍTIO PIRIPIRI;EEI MARIA MOREIRA NEVES;SITIO PIRIPIRI
FORTALEZA;80;201;ALTO DA BALANÇA;UAPS CESAR CALS DE OLIVEIRA;RUA CAPITÃO ARAGÃO 555
FORTALEZA;80;237;TAUAPE;EEFM NOEL HUGNEN OLIVEIRA PAIVA;RUA MONSENHOR SALAZAR 279
FORTALEZA;112;535;SAPIRANGA-COITÉ;EM PROF MONTEIRO DE MORAES;AVENIDA EVILASIO ALMEIDA MIRANDA, 1608
CARNAUBAL;22;251;CRUZEIRO;EEF ANTONIO RAIMUNDO DE MELO;AV PAULO SARASATE 539
MAURITI;76;24;CENTRO;CENTRO DE PASTORAL PE. ARGEMIRO ROLIM DE OLIVEIRA;RUA PADRE MACEDO, S/N
ITAPIÚNA;105;173;CENTRO;ESCOLA DE ENSINO FUNDAMENTAL E MEDIO FRANKLIN TAVORA;AVENIDA SAO CRISTOVAO 80
TAUÁ;19;77;SEDE;EPG DOMINGAS GOMES AGUIAR;JUNCO
BOA VIAGEM;63;101;BOQUEIRAO;EEF  ANTONIO LUIZ SEVERO;LAGOA DO SENADOR S/N
JAGUARIBE;10;29;CENTRO;COLEGIO CLOVIS BEVILAQUA;AV. OITO DE NOVEMBRO 443
VÁRZEA ALEGRE;62;44;RIACHO VERDE-SEDE DO DISTRITO;EEF MARIA BITU COSTA;RUA DONA SANTINHA
PALHANO;9;2;CENTRO;ESCOLA DE ENSINO FUNDAMENTAL MATEUS SOBRINHO;RUA POSSIDONIO BARRETO 430
PENTECOSTE;50;146;ZONA RURAL;EEIF RAIMUNDO NONATO PESSOA;VILA NOVA MARACAJÁ
MADALENA;63;179;MACAOCA;EEIF FRANCISCO CORREIA LIMA;AV. MANOEL GERMANO FILHO, 60 - UNIAO
FORTALEZA;85;152;CONJUNTO CEARÁ I;EEF GOVERNADOR FAUSTINO ALBUQUERQUE - UV1;RUA 143 N 155 - 1 ETAPA
FORTALEZA;83;704;HENRIQUE JORGE;CENTRO EDUCACIONAL BRASILEIRINHO;AVENIDA SENADOR FERNANDES TÁVORA, 1717
PARAMBU;19;328;BRASILIA;ESCOLA JOAO DE SOUSA LEMOS;AVENIDA LUIS GONZAGA FREIRE - BRASÍLIA
FORTALEZA;113;205;PARQUELÂNDIA;COLÉGIO CHRISTUS PRÉ - UNIVERSITÁRIO;RUA CRUZ SALDANHA, 614
SOBRAL;121;153;TAPERUABA;EEMTI DEP. CESARIO BARRETO LIMA;AV. NOSSA SENHORA DO CARMO S/N CENTRO
FORTALEZA;94;805;QUINTINO CUNHA;COLÉGIO DOM FELIPE;AV INDEPENDÊNCIA. 1652
JIJOCA DE JERICOACOARA;30;431;ZONA RURAL;ESCOLA NOSSA SENHORA DA CONSOLACAO;NOVO JERI S/N - JERICOACOARA
PARACURU;109;103;RIACHO DOCE;E. M. E. F. RIACHO DOCE;RUA JOSÉ LOPES MEIRELES S/N
JUAZEIRO DO NORTE;28;246;FATIMA;EEF JOSE FERREIRA MENEZES;PEDRO GUILHERME DA SILVA S/N
JUAZEIRO DO NORTE;28;156;AREA RURAL DE JUAZEIRO DO NORTE;EMEIF MARIA PEDRINA;SITIO POPO
MORAÚJO;64;53;BOA ESPERANÇA;BOA ESPERANÇA - ESCOLA M. HUET ARRUDA (FECHADO REFORMA);DISTRITO DE BOA ESPERANÇA
MORADA NOVA;47;132;PADRE ASSIS MONTEIRO;EEB PREFEITO PERBOYRE GIRAO;RUA JOSE DE FONTES, 340 - VARZEA
MISSÃO VELHA;16;78;DISTRITO DE JAMACARU;EEFM PADRE AMORIM;RUA FELIX ITALIANO SN
QUIXADÁ;6;372;ALTO SÃO FRANCISCO;ESCOLA ADVENTISTA ARLETE AFONSO;RUA EPITÁCIO PESSOA, 605
SENADOR POMPEU;12;76;BONFIM;EEIEF JOÃO BAIA SOBRINHO;KM 27
BATURITÉ;5;115;SANHARAO-SEDE;INSTITUTO FEDERAL DE EDUCAÇÃO, CIÊNCIA E TECNOLOGIA IFCE;RUA OUVIDOR MOR VITORINO SOARES BARBOSA, 160
FORTALEZA;113;340;PARQUELÂNDIA;ESCOLA ESTADUAL DE EDUCAÇÃO PROFISSIONAL JOAQUIM NOGUEIRA;RUA MOREIRA DE SOUSA, 327
PORTEIRAS;70;289;BARREIROS-SEDE;E E I F PEDRO CAZUZA SOBRINHO;VILA BARREIROS
EUSÉBIO;88;106;CENTRO;ESCOLA PROFISSIONALIZANTE EUSEBIO DE QUEIROZ;RUA MARIA TEIXEIRA JOCA, SN
RERIUTABA;79;12;CENTRO;E.E.F. RAIMUNDO MESQUITA;RUA CEL. AGRÍPIO TEODORO SOARES, 171
CARIRIAÇU;71;101;SÍTIO UMBURANAS;EEF PEDRO JOSÉ FERREIRA;SÍTIO UMBURANAS
JUAZEIRO DO NORTE;119;418;LAGOA SECA;ESCOLA PROFESSORA MARIA GERMANO;RUA ARNOBIO BACELAR CANECA SN
MOMBAÇA;46;25;BOA VISTA;CENTRO EDUCACIONAL RURAL DE BOA VISTA;BOA VISTA
FORTALEZA;93;228;PREFEITO JOSÉ WALTER;EM DIOGO VITAL DE SIQUEIRA;AVENIDA L , S/N
MARANGUAPE;4;395;COITÉ - MARANGUAPE;CEI PAULO CAMPOS TELES;AVENIDA MARIA EFIGENIA CAMPOS TELES, 1130
BATURITÉ;5;50;CENTRO-SEDE;EMEF DOMINGOS SAVIO;AV DOM BOSCO, 393
JARDIM;119;370;SITIO BOM SUCESSO;ESCOLA MANOEL JOSE DE SOUZA;SITIO BOM SUCESSO  SN
FORTALEZA;80;419;JOSÉ BONIFÁCIO;FACULDADE MAURÍCIO DE NASSAU;AVENIDA VISCONDE DO RIO BRANCO, 2078
JUAZEIRO DO NORTE;28;447;SANTO ANTONIO;EEF PELUSIO CORREIA DE MACEDO;RUA MARIETA FRANCA DE MENEZES 360
MOMBAÇA;46;59;CENTRO;E. E. E. F. M. PROFESSOR PEDRO JAIME;AV. CÍCERO MARQUES, 02
PARAMOTI;111;174;ZONA RURAL;ESCOLA TOMÉ GOMES;LOCALIDADE PIEDADE
IBIAPINA;73;42;DISTRITO DE BETÂNIA;ESCOLA MARIA MATIAS;DISTRITO DE BETÂNIA
ALTO SANTO;86;43;BATOQUE;ESCOLA DE 1 GRAU LUIS CANDIDO MACIEL;SITIO BATOQUE
FORTALEZA;117;211;CONJUNTO ESPERANÇA;EEFM PROFA ADALGISA BONFIM SOARES;AV. DO CANAL, S/N, ESQUINA COM RUA 103 - CONJUNTO ESPERANÇA
COREAÚ;64;105;Cunhassu dos Sales;CUNHASSU DO SALES - ESCOLA MUN. JOSÉ DE SALES;LOCALIDADE CUNHASSU DOS SALES
CHOROZINHO;49;68;LAGOA DOS MARTINS;EEF MANUEL LUIZ DE SOUSA;LAGOA DOS MARTINS
BEBERIBE;84;85;SUCATINGA;ESCOLA MUNICIPAL RAIMUNDA CARNEIRO;RUA DAS DUNAS SN URUAU
JAGUARIBE;10;57;COHAB;EEEP POETA SINÓ PINHEIRO (LICEU);AV D, S/N
REDENÇÃO;52;166;DISTRITO DE ANTÔNIO DIOGO;ESCOLA CAMILO BRASILIENSE (PRÉDIO NOVO);RUA JERUSALEM, S/N
MILAGRES;26;53;SITIO FEIJÃO;ESCOLA JOSÉ FERNANDES DE LIMA;SITIO FEIJÃO
MORADA NOVA;47;247;SEDE;EEB FRANCISCO CHAGAS CAVALCANTE;LAGOA DOS BOIS
GUARAMIRANGA;5;221;CENTRO-SEDE;EEMF ZELIA DE MATOS BRITO;RUA CEL FRANCISCO DE MATOS BRITO 280
AQUIRAZ;66;322;TAPERA;COLÉGIO INSTITUTO CASTRO UNIDADE TAPERA;RUA JOSE CARLOS GADELHA, S/N
RUSSAS;9;299;VARZEA ALEGRE;ESCOLA MUNICIPAL CORACAO DE JESUS;RUA OCION LOPES DA SILVEIRA S/N
FORTALEZA;94;334;JARDIM GUANABARA;CMES PROF JOSE REBOUCAS MACAMBIRA;RUA CARIÚS 200
QUIXADÁ;6;461;CUSTÓDIO;EEF SIMPLÍCIO ALVES DE QUEIROZ;SERRA DO PADRE, S/N
MILAGRES;26;128;FRANCISCA DO SOCORRO;EMTI PREFEITA MEIRE FRANCISCA LACERDA DE MEDEIROS;RUA PEDRO PEREIRA LIMA
IPAPORANGA;20;251;CENTRAL;ESCOLA DE EDUCAÇÃO INFANTIL PEQUENO PRÍNCIPE;RUA GABRIELRODRIGUES JÚNIOR, 101
BARREIRA;52;23;CÓRREGO;ESCOLA MANUEL LIBERATO DE CARVALHO;CÓRREGO
FORTALEZA;117;287;CONJUNTO ESPERANÇA;EEFM IRAPUAN CAVALCANTE PINHEIRO;AV E 305
FORTALEZA;95;334;PARQUE SANTA MARIA;EMEIF JOSÉ MOREIRA LEITÃO;RUA HONORINO MAIA, 467
IBIAPINA;73;19;CENTRO;ESCOLA PROFISSIONAL MONS MELO (COLÉGIO DAS IRMÃS);RUA MONSENHOR MELO, 539
RUSSAS;9;181;PARAISO;ASSOCIAÇÃO COMUNITÁRIA RAFAEL IVO XAVIER;SITIO PARAISO
DEPUTADO IRAPUAN PINHEIRO;55;51;CENTRO;EEB FRANCISCA JOSUÉ DE SOUZA CARNEIRO;VILA SILVEIRA, 0
ARACATI;8;39;NOSSA SENHORA DE FATIMA;CSU - C.R.A.S. NOSSA SENHORA DE FÁTIMA;RUA SAO JUDAS TADEU SN
SANTA QUITÉRIA;54;262;PEREIROS;CRECHE COMUNITARIA MARIA DO SOCORRO PESSOA CATUNDA;PEREIROS
CARNAUBAL;22;186;CENTRO;EEF JOAQUIM BASTOS GONCALVES;R JOAO FELICIO 91
MARANGUAPE;4;428;CENTRO - MARANGUAPE;CASA DE CULTURA CAPISTRANO DE ABREU (FITEC);RUA MAJOR AGOSTINHO, 306
FORTALEZA;112;407;EDSON QUEIROZ;COLEGIO ARI DE SA CAVALCANTE WS;AV WASHINGTON SOARES, 3737
CHOROZINHO;49;278;CENTRO;CENTRO DE EDUCAÇÃO INFANTIL ERCILIA BEZERRA;RUA FRANCISCO DAS CHAGAS BRASIL 23
ICÓ;15;147;SEDE URBANA;ESCOLA MUNICIPAL MANOEL ANTONIO NUNES;RUA DO CRUZEIRO S/N
IBARETAMA;6;150;CENTRO;EEMTI CÔNEGO LUIZ BRAGA ROCHA;RUA PADRE JOAO SCOPEL, S/N
FORTALEZA;83;586;HENRIQUE JORGE;ESCOLA MUNICIPAL JOSÉ SOBREIRA DE AMORIM;RUA ESTRADA DO PICI 1083
FORTALEZA;83;719;HENRIQUE JORGE;EEMTI ANTONIETA SIQUEIRA;RUA GUARANI 04
SOBRAL;24;89;JUVÊNCIO DE ANDRADE;EEEP DOM WALFRIDO TEIXEIRA VIEIRA (LICEU DE SOBRAL);AVENIDA PAULO DE ALMEIDA SANFORD, S/N
UBAJARA;73;112;CENTRO;CEIF - CENTRO DE EDUCAÇÃO IRLANE FERNANDES;RUA 24 DE AGOSTO, 426
TEJUÇUOCA;41;140;CENTRO-SEDE;CMEI DE ALFABETIZAÇÃO E LETRAMENTO MARIA MIRANDA GOMES;AVENIDA GABRIEL AGUIAR FILHO
MADALENA;63;199;SEDE;EEF 25 DE MAIO III;FAZENDA CAIÇARA
FORTALEZA;118;330;SERRINHA;EM MARIA DE CARVALHO MARTINS;AVENIDA DOUTOR SILAS MUNGUBA, 4300
FORTALEZA;95;167;PARQUE SANTA MARIA;EEMTI POETA OTACILIO COLARES;RUA JORGE DA VEIGA, 265
CANINDÉ;33;206;IMACULADA CONCEIÇÃO;EEEP CAPELAO FREI ORLANDO;RUA PAULINO BARROSO, 1289
VARJOTA;65;210;ACAMPAMENTO DNOCS;E.E.F. FLORÊNCIA FERREIRA NETA;AV. PRESIDENTE CASTELO BRANCO, S/N
PARACURU;109;58;JARDIM DO MEIO;E. M. E. I. F. MARIA YOLANDA BARROSO;JARDIM DO MEIO
BARROQUINHA;108;63;DISTRITO BITUPITÁ;EXTENSÃO DA EEMTI JAIME LAURINDO DA SILVA - BITUPITÁ;RUA DA CABEÇA, S/N
COREAÚ;64;95;Aroeiras;AROEIRAS - ESCOLA MUN. CORAÇÃO DE JESUS;RUA ANTONIO MONTEIRO DA COSTA, S/N - DISTRITO DE AROEIRAS, COREAÚ/CE
FORTALEZA;118;647;PARQUE DOIS IRMÃOS;EM MANUEL LIMA SOARES;AVENIDA NORTE SUL, 145 (CJ JARDIM PRIMAVERA)
QUIXADÁ;6;36;CAMPO VELHO;CEJA JOÃO RICARDO DA SILVEIRA;RUA DOM LUCAS, 760
MAURITI;76;140;NOVA SANTA CRUZ-DISTRITO;EEIF BOM JESUS;SITIO LOBO
ICÓ;15;40;CENTRO - SEDE;EEM - VIVINA MONTEIRO;RUA DR INACIO DIAS S/N
FORTALEZA;82;605;CARLITO PAMPLONA;EM HILBERTO SILVA;AV. PRESIDENTE CASTELO BRANCO, 2973
FORTALEZA;113;68;DAMAS;COLÉGIO JUVENAL DE CARVALHO;AV. JOÃO PESSOA, 4279
FORTALEZA;83;174;JÓQUEI CLUBE;COLÉGIO LUCÊ;RUA CUIABA 155
FORTALEZA;93;138;PREFEITO JOSÉ WALTER;COLEGIO VEGA;AVENIDA C, 160
ARATUBA;105;87;PINDOBA-SITIO;ESCOLA MUNICIPAL FRANCISCO NUNES NETO;PINDOBA
ACARAÚ;30;236;ZONA RURAL;ESCOLA JOAO JAIME F. G. FILHO - LAGOA DA VOLTA;LAGOA DA VOLTA
MERUOCA;24;585;Anil;EEIF - BEATRIZ SANFORD FROTA;DISTRITO ANIL
FORTALEZA;95;129;JANGURUSSU;EM PROFESSOR FRANCISCO DE MELO JABORANDI;AV. GOVERNADOR LEONEL BRIZOLA, 198
VARJOTA;65;163;CROATÁ DOS MARTINS;E.E.F. ODILON NOBRE;AV GONÇALVES EVARISTO. 596
UBAJARA;73;151;CHAPADA;ESCOLA LUIS ANTONIO DE AGUIAR;VILA CHAPADA - DISTRITO ARATICUM
ORÓS;15;298;PALESTINA - DISTRITO;E.E.F. MANOEL LEITE BARBOSA;RUA 07 DE SETEMBRO, S/N
FORTALEZA;95;345;CONJUNTO PALMEIRAS;EM PROFESSORA MARIA DO SOCORRO FERREIRA VIRINO;RUA MODESTA, 44
AQUIRAZ;66;11;CENTRO;EMEF LAIS SIDRIM TARGINO;PRAÇA PADRE MATIAS  N 55
SOBRAL;121;139;CENTRO;COLEGIO FARIAS BRITO SOBRALENSE;PRACA QUIRINO RODRIGUES S/N
AMONTADA;89;114;LAGOA GRANDE;EEBTI FRANCISCO BRAS DOS SANTOS;LAGOA GRANDE
MASSAPÊ;45;143;ZONA RURAL;EEF FRANCISCA DIOGO GOMES;DISTRITO DE SALGADINHO
BATURITÉ;5;82;MONDEGO-SEDE;EMEF NAÇÕES UNIDAS;RUA MAJOR PEDRO CATAO, SN
SANTANA DO ACARAÚ;44;176;ALVACA;EEF LOURENCO JOSE DE LIRA;AGUAS BELAS
MILAGRES;26;44;SITIO CARNAUBA;ESCOLA JOSE RODRIGUES BEZERRA;SITIO CARNAUBA
FORTALEZA;112;30;ENGENHEIRO LUCIANO CAVALCANTE;COLÉGIO ANTARES - SEDE WASHINGTON SOARES;RUA CAETANO XIMENES ARAGÃO,110 - ACESSO PELA RUA ARMANDO DALL'OLIO
REDENÇÃO;52;170;DISTRITO DE ANTÔNIO DIOGO;ESCOLA NEIDE TINOCO;SITIO ITAPAÍ
FORTALEZA;117;333;CANINDEZINHO;EM PADRE ANTONIO MONTEIRO DA CRUZ;RUA DE PEDESTRE XIII, 25 - JARDIM FLUMINENSE II
FORTALEZA;118;574;BOA VISTA-CASTELÃO;EEFM PROFESSORA MARIA GONCALVES;RUA N S DO MONTE CARMELO S/N
SÃO BENEDITO;22;235;SITIO CARNAUBA;ASSOCIACAO COMUNITARIA CARNAUBA 1;SITIO CARNAUBA I
ICÓ;15;96;CENTRO - SEDE;ESCOLA MUNICIPAL SENHOR DO BONFIM;RUA FRANCISCO MACIEL DA SILVA, 2557
JUCÁS;43;131;JUREMA - SÍTIO - SÃO PEDRO;GRUPO ESCOLAR FRANCISCO ANDRE DE SOUZA;SÍTIO JUREMA
PARACURU;109;50;UMARIZEIRAS;PSF BEIRA RIO;UMARIZEIRAS, SN
UBAJARA;73;141;DISTRITO JABURUNA;ESCOLA LUIZ RIBEIRO DA SILVA;DISTRITO JABURUNA
FORTALEZA;95;169;PARQUE SANTA MARIA;EEMTI POETA OTACILIO COLARES;RUA JORGE DA VEIGA, 265
AMONTADA;89;154;SÃO SEBASTIÃO;EEBTI SGTO FRANCISCO DE CASTRO;AV SGTO FRANCISCO DE CASTRO
ITAPIÚNA;105;178;DISTRITO DE ITANS;EEIEF JOAO BATISTA DE AGUIAR;RUA JOSE QUIRINO S/N
FORTALEZA;112;393;EDSON QUEIROZ;EEFM DOM ANTONIO DE ALMEIDA LUSTOSA;RUA ADOLFO MOREIRA DE CARVALHO, S/N
SOBRAL;24;528;JUVÊNCIO DE ANDRADE;EEEP DOM WALFRIDO TEIXEIRA VIEIRA (LICEU DE SOBRAL);AVENIDA PAULO DE ALMEIDA SANFORD, S/N
LIMOEIRO DO NORTE;29;106;ÁREA RURAL;EEF JOSE CANDIDO DA COSTA;SITIO VARZEA DO COBRA
RERIUTABA;79;28;MUFUMBAL;E.E.I.F. ZACARIAS CORDEIRO DE PAULO;MUFUMBAL - ZONA RURAL
AMONTADA;89;126;SABIAGUABA;IGREJA CATOLICA DE PIXAIM;PIXAIM
EUSÉBIO;88;261;GUARIBAS;EEF DAS GUARIBAS;RUA SÃO FRANCISCO, 84 - GUARIBAS
MULUNGU;5;139;CENTRO-SEDE;EEMTI PROFESSOR MILTON FACANHA ABREU;PRACA COLETOR BEZERRA BORGES 292
JUAZEIRO DO NORTE;119;203;AEROPORTO;ESCOLA CICERA GERMANO CORREIA;RUA SEBASTIAO REGIS SN
QUIXELÔ;13;227;ÁREA RURAL DE QUIXELÔ;ESCOLA DE ENS FUND JOSE RAIMUNDO DA SILVA;ILHA GRANDE-SITIO
FORTALEZA;94;6;QUINTINO CUNHA;CENTRO COMUNITARIO CONJUNTO SAO FRANCISCO;RUA ILHA DO BOTE 367
MILHÃ;55;75;CARNAUBINHA;ESCOLA DE ENSINO BASICO RAIMUNDO BEZERRA FIGUEIREDO;RUA VALDINA DE LIMA
POTIRETAMA;86;60;CENTRO;ESCOLA DE 1 E 2 GRAUS ANDRÉ CAMPELO;RUA HONOR DIOGENES SN
ARATUBA;105;56;CENTRO-SEDE;ESCOLA JOSE JOACY PEREIRA - ENSINO FUNDAMENTAL E MEDIO;AVENIDA ARLINDO MEDINA S/N
MORADA NOVA;47;19;CENTRO;CENTRO EDUCACIONAL MONSENHOR TABOSA;AV. MANOEL CASTRO, 440
MULUNGU;5;128;CENTRO-SEDE;EMEF HERMENEGILDO ROCHA PONTES;RUA SANTA INES S/N
FORTALEZA;94;466;ANTÔNIO BEZERRA;EEF INSTITUTO DOS CEGOS (ANTÔNIO BEZERRA);RUA DR. JOÃO GUILHERME, 373
AQUIRAZ;66;324;BARRO PRETO;EMEF RAIMUNDA FERREIRA DA SILVA;RUA MESTRE CHAGAS S/N
VIÇOSA DO CEARÁ;35;83;LAMBEDOURO;E.E.I.F JOÃO DOS ANJOS FONTENELE;SITIO CARRAPATEIRA DE BAIXO
EUSÉBIO;88;138;JABUTI;EEF RAUL TAVARES CAVALCANTE II;RUA LOURIVAL SALES, S/N - JABOTI
JUCÁS;43;81;BAIXIO DA DONANA - VILA;ESCOLA DE 1 GRAU ARTUR ALVES CABRAL;VILA DO BAIXIO DA DONANA
JUAZEIRO DO NORTE;28;201;CENTRO;COLÉGIO BATISTA DO CARIRI;RUA SAO PAULO 797
FORTALEZA;80;196;FÁTIMA;COLÉGIO SANTO TOMÁZ DE AQUINO;RUA MÁRIO MAMEDE, 750
SOBRAL;121;29;BILHEIRA;ESCOLA  ARAUJO CHAVES;CE 362 - BILHEIRA
IPUEIRAS;40;107;CENTRO;ESCOLA DE ENSINO FUNDAMENTAL PADRE ANGELIM - CENTRO;RUA CORONEL MANOEL MOURÃO, SN
QUIXADÁ;6;169;PUTIÚ;EEF NEMÉSIO BEZERRA;AV. PRESIDENTE VARGAS, 453
PINDORETAMA;7;31;CENTRO-PINDORETAMA;EMEB FRANCISCA HOLANDA COSTA;RUA MARECHAL CASTELO BRANCO, 1074
TAMBORIL;61;90;ZONA RURAL;EMEIF NOSSA SENHORA DE FATIMA;POVOADO PIRANHAS
ICAPUÍ;8;198;CENTRO;EEF. PROFESSORA MIZINHA;AV. 22 DE JANEIRO 5183
JATI;70;388;BALANCA-SEDE;ESCOLA MUNICIPAL ANTONIA MARIA DA CONCEICAO;VILA BALANCA
SENADOR POMPEU;12;44;BONFIM;EEIEF ANTONIO BATISTA DE LIMA;RUA DA RÁDIO - KM 20
CANINDÉ;33;409;ALTO GUARAMIRANGA;EEFM FREI POLICARPO;RUA JOAO BASTOS 2027
FORTALEZA;116;58;BOM JARDIM;EM CRESCER E APRENDER;RUA EDSON MARTINS, 642
VIÇOSA DO CEARÁ;35;115;LAMBEDOURO;E.E.I.F FRANCISCO BRUNO DE ARAGAO;SITIO BOQUEIRAO DOS BITONHOS SN
BEBERIBE;84;22;CENTRO;ESCOLA DE ENSINO FUNDAMENTAL E MEDIO ANA FACO;RUA VICENTE MATHIAS 119
IPAPORANGA;20;253;ÁGUA BRANCA;ESCOLA DE ENSINO FUNDAMENTAL SANTA RITA DE CASSIA;AGUA BRANCA
AQUIRAZ;66;151;GENIPAPEIRO;EMEF MANOEL ASSUNCAO PIRES;RUA PRINCIPAL S/N
SANTA QUITÉRIA;54;88;DISTRITO DE MACARAÚ;E.E.F. SALUSTIANO PINTO;RUA CEL. JOAQUIM DOS SANTOS, 65
CAMOCIM;32;266;ZONA RURAL;EEF PREFEITO CARLOS TREVIA - KM 05;ROD. DEP. MURILO AGUIAR, SN - KM 05
PACAJUS;49;84;PASCOAL;EEF JOSE ELTON DE LIMA;PASCOAL
IPUEIRAS;40;70;LIVRAMENTO;ESCOLA DE ENSINO FUNDAMENTAL JOSÉ MARIANO DE MELO - LIVRAMENTO;LIVRAMENTO
ASSARÉ;18;90;ZONA RURAL;GRUPO ESCOLAR SERRA DOS AMANCIOS;SITIO SERRA DOS AMANCIOS
MERUOCA;24;591;Santo Antônio dos Fernandes;EEF - MARIETA SALOMAO MENDES;DISTRITO SANTO ANTONIO DOS FERNANDES
FORTALEZA;85;139;CONJUNTO CEARÁ I;COLÉGIO LUÍZA TÁVORA;RUA 1050, N 171, 4 ETAPA
QUIXERAMOBIM;11;134;DUQUE DE CAXIAS;ESCOLA LUISA TAVORA;RUA PROF JOSE REMIGIO SN
CARIRIAÇU;71;113;MIRAGEM;EEF GIRASSOL;SITIO SÃO PAULO
PARAMOTI;111;177;LAGES;ESCOLA MUNICIPAL FILHINHA ROCHA LIMA - CRECHE AMOR DE CRIANÇA;LOCALIDADE LAGES
JARDIM;119;328;JARDIM MIRIM;ESCOLA MONSENHOR ALCANTARA;DISTRITO DE JARDIM MIRIM
MARACANAÚ;104;381;JEREISSATI I;EMEIEF DEPUTADO JOSÉ MARTINS RODRIGUES;RUA QUARENTA A, 287
VÁRZEA ALEGRE;62;73;JUREMAL;EEMTI PROFESSORA MARIA AFONSINA DINIZ MACÊDO;AVENIDA TENENTE ANTONIO GONCALVES, 19
FORTALEZA;115;55;ITAPERI;UNIVERSIDADE ESTADUAL DO CEARA - UECE;AV DR. SILAS MUNGUBA, 1700
ARATUBA;105;80;CENTRO-SEDE;EEF PROFESSORA MARIA JULIA PEREIRA BATISTA;RUA TARGINO GOES S/N
FORTALEZA;82;90;CARLITO PAMPLONA;EM TERTULIANO CAMBRAIA;RUA MONSENHOR ROSA, 946
FORTALEZA;80;189;FÁTIMA;COLÉGIO NOSSA SENHORA DAS GRAÇAS;RUA MONSENHOR OTÁVIO DE CASTRO, 535
BARRO;92;50;IARA-DISTRITO;ESCOLA DE ENSINO BASICO DEP. ANTONIO LEITE TAVARES;BR 116 - KM 447
FORTALEZA;1;909;VARJOTA;FACULDADE FARIAS BRITO - CASTRO MONTE;RUA CASTRO MONTE 1364
IPUEIRAS;40;189;BALSEIROS;C.E.I MARIANA SANTA CHAVES - BALSEIROS;BALSEIROS
FORTALEZA;95;138;JANGURUSSU;EMTI PROFESSOR ANTONIO GIRAO BARROSO;RUA VERDE 37, S/N (CJ SITIO SAO JOAO)
AQUIRAZ;66;52;CAMARA;EMEF JOAO PIRES CARDOSO;RUA ALDENORA CARDOSO SN
FORTIM;8;98;CANTO DA BARRA;EEFTI. COMUNITÁRIA DA BARRA;RUA ANGELITA FELIPE BEZERRA, 47.
CAPISTRANO;105;11;CENTRO;ESCOLA DE ENSINO FUNDAMENTAL E MEDIO CEL. FRANCISCO NUNES CAVALCANTE;RUA CEL. FRANCISCO NUNES CAVALCANTE 35
ARACOIABA;67;32;IDEAL-DISTRITO;ESCOLA MUNICIPAL JOAO ANDRE PEREIRA;ANDRENOPOLIS - BORGES DE CIMA
GUAIÚBA;57;93;CENTRO;EEBM MANUEL BALTAZAR DE FREITAS;RUA LEIRIA DE ANDRADE 409
FORTALEZA;115;387;VILA PERI;COLEGIO JIM WILLSON;AV. AUGUSTO DOS ANJOS, 1915
FORTALEZA;116;50;BOM JARDIM;EM SANTOS DUMONT;RUA GERALDO BARBOSA 240
MOMBAÇA;46;65;CENTRO;ESCOLA DE ENSINO FUNDAMENTAL LAURA ALENCAR;RUA CASSIMIRO FIUZA BENEVIDES, S/N
MAURITI;76;18;SERRINHA;CENTRO EDUCACIONAL DE MAURITI;RUA JOSÉ LEITE DA COSTA, 629
OCARA;67;259;CURUPIRA-DISTRITO;UNIDADE BÁSICA DE SAÚDE AURELIANO FRANCISCO DE SALES;SÍTIO TRINTA E SETE
RUSSAS;9;287;PITOMBEIRA I;ESCOLA MUNICIPAL MARIA MARTINS DE CARVALHO;PITOMBEIRA I
TIANGUÁ;81;120;RÉGIS DINIZ;E.E.F. DOM FCº. JAVIER HERNANDEZ ARNEDO;RUA SÃO BERNARDO, S/N
FORTALEZA;94;191;VILA VELHA;EEFM DONA HILZA DIOGO DE OLIVEIRA;AV. DOM ALOÍSIO LORSCHEIDER, 1040 - VILA VELHA
ARATUBA;105;63;CENTRO-SEDE;ESCOLA JOSE JOACY PEREIRA - ENSINO FUNDAMENTAL E MEDIO;AVENIDA ARLINDO MEDINA S/N
MORADA NOVA;47;208;CENTRO;CENTRO EDUCACIONAL MONSENHOR TABOSA;AV. MANOEL CASTRO, 440
BOA VIAGEM;63;245;JATOBá;EEF JERONIMO ALVES BEZERRA;JATOBA
MARANGUAPE;4;633;NOVO MARANGUAPE II (AREA SECA) - MARANGUAPE;CEI WILSON BASTOS RODRIGUES;RUA FRANCISCO SILVA OLIVEIRA, 129
FORTALEZA;94;31;ANTÔNIO BEZERRA;EEFM JOSE BEZERRA DE MENEZES (POLIVALENTE);RUA DR. JOÃO GUILHERME, 311
FORTALEZA;117;245;MANOEL SÁTIRO;EMEIF MARIA BEZERRA QUEVEDO;RUA 103, 28 - CJ. NOVO MONDUBIM
FORTALEZA;94;329;VILA VELHA;EM ANTONIO CORREIA LIMA;RUA HERMES PARAYBA, 934
FORTALEZA;94;475;VILA VELHA;EMEIF HERONDINA LIMA CAVALCANTE;AV. AMBIENTALISTA ARY THIERS, 310
QUIXELÔ;13;157;ÁREA RURAL DE QUIXELÔ;ESCOLA DE ENS FUND JOAQUIM RODRIGUES DA SILVA;SALSA-SITIO
SOBRAL;121;57;COHAB I;EEFM MONS. JOSE GERARDO FERREIRA GOMES(NOELIA);RUA MADALENA DE SÁ, S/N
SENADOR POMPEU;12;55;CENTRO;EEFTI MOREIRA CAMPOS;RUA ADERALDO MANO, S/N
PACAJUS;49;380;CONJUNTO COHAB;EEM DIONE MARIA BEZERRA PESSOA;AV. JOSE LOPES DE MESQUITA
PENTECOSTE;50;74;CENTRO;EEFM TABELIÃO JOSÉ RIBEIRO GUIMARÃES;AVENIDA TABELIÃO FRANCISCO ALVES, 161
MILAGRES;26;142;VILA CAFE DA LINHA;EEF ANTÔNIO CRISÓSTOMO PEREIRA;SITIO CAFE DA LINHA
COREAÚ;64;21;Ubaúna;UBAÚNA - ESCOLA M. PEDRO CONRADO;RUA MANOEL OSIRO, S/N
LIMOEIRO DO NORTE;29;194;ÁREA RURAL;EEF JOSE ALVES DE MOURA;SITIO ARRAIAL
HORIZONTE;78;199;ZUMBI;CEI - MARIA ELIZIETE MARTINS CARNEIRO;RUA MANOEL FELICIANO DE SOUSA, 440
ITAREMA;98;119;ZONA RURAL;EMEF JOAO JOSE DE ALMEIDA;BARRO VERMELHO
IPUEIRAS;40;117;OLHO D'AGUINHA DOS FREIRES;EEF FRANCISCO FREIRE ROMÃO - OLHO DAGUINHA DOS FREIRES;OLHO D'AGUINHA DOS FREIRES
PACUJÁ;79;190;CENTRO;E.E.M. PLACIDO ADERALDO CASTELO;RUA 22 DE SETEMBRO, SN
MILHÃ;55;80;CARNAUBINHA;ESCOLA DE ENSINO BASICO RAIMUNDO BEZERRA FIGUEIREDO;RUA VALDINA DE LIMA
VARJOTA;65;173;OLHO DÁGUA DOS TRAJANOS;E.E.F. VICENTE TRAJANO DE MESQUITA;OLHO DÁGUA DOS TRAJANO - ZONA RURAL
RUSSAS;9;114;CENTRO;ESCOLA DE ENSINO FUNDAMENTAL CORONEL MURILO SERPA;TRAVESSA SEBASTIAO SANTIAGO LIMA 160
UBAJARA;73;119;CENTRO;COLEGIO IET UBAJARA;RUA 13 DE MAIO
FORTALEZA;95;163;CONJUNTO PALMEIRAS;EM MARIETA CALS;RUA VALPARAISO, 160
FORTALEZA;95;126;JANGURUSSU;EMEIEF LIONS CLUBE FORTALEZA FÁTIMA;TRAVESSA LIONS CLUBE, 141
PACAJUS;49;361;CONJUNTO COHAB;EEM DIONE MARIA BEZERRA PESSOA;AV. JOSE LOPES DE MESQUITA
JARDIM;119;368;SITIO MONTANHAS;CAPELA NOSSA SENHORA DE FÁTIMA;SÍTIO MONTANHAS - ZONA RURAL
CANINDÉ;33;50;ALTO GUARAMIRANGA;EMEF CORONEL ADAUTO BEZERRA;RUA IRMÃ MANUELA MAGALHÃES, S/N
FORTALEZA;94;890;PADRE ANDRADE;EEMTI MONSENHOR DOURADO;AVENIDA SARGENTO HERMÍNIO SAMPAIO 4600
VIÇOSA DO CEARÁ;35;189;SITIO ASSEMIM;E.E.I.F FRANCISCO ROQUE DE ALMEIDA;SITIO ASSEMIM
AQUIRAZ;66;351;GENIPAPEIRO;EMEF MANOEL ASSUNCAO PIRES;RUA PRINCIPAL S/N
UBAJARA;73;183;NOSSA SENHORA DE LOURDES;ESCOLA EUDES S CUNHA / NOSSA SRA. DE LOURDES;RUA CESARIO COSTA
PARAIPABA;109;209;CENTRO;EMEF BETEL;RUA DOMINGOS BARROSO SN
FORTALEZA;80;354;JOAQUIM TÁVORA;COLÉGIO SALESIANO DOM BOSCO;AV ANTONIO SALES 116
JIJOCA DE JERICOACOARA;30;88;ZONA RURAL;ESCOLA ANTONIO DUTRA DE SOUSA;BAIXIO I
ITAPIPOCA;17;697;CRUZEIRO;EEB PROFESSOR PEDRO TEIXEIRA BARROSO;RUA ANTONIO BARROSO NETO S/N
FORTALEZA;94;368;JARDIM IRACEMA;EEFM DEP FCO DE ALMEIDA MONTE;AV. CORONEL CARVALHO 2400
FORTALEZA;80;349;JOAQUIM TÁVORA;COLÉGIO SALESIANO DOM BOSCO;AV ANTONIO SALES 116
CAUCAIA;37;615;PARQUE SOLEDADE;COLEGIO JANUSA CORREA;RUA NOSSA SENHORA DOS PRAZERES, 238
TURURU;17;704;ESTAÇÃO;EMEF ANTONIO PIRES CHAVES;RUA ANTONIO PIRES 100
LAVRAS DA MANGABEIRA;14;7;MANGABEIRA - DISTRITO;ESCOLA DE 1 GRAU DR JOAO GONCALVES DE SOUZA;AV. SAO SEBASTIAO S/N
AQUIRAZ;66;27;PREAOCA;EMEF JUVENAL PEREIRA FACANHA;ESTRADA COLUNA - CASCAVEL
MADALENA;63;230;SEDE;EEF VICENTE PATRICIO DE ALMEIDA;RUA PROFª ROSA ALMEIDA SOUSA, S/N - MACAOCA
PACOTI;5;194;SANTANA-DISTRITO;EMEF FERNANDO MOREIRA SALES (SANTANA);DISTRITO DE SANTANA
MONSENHOR TABOSA;61;108;CENTRO;E.E.M.T.I GOVERNADOR ADAUTO BEZERRA;RUA SAO SEBASTIÃO N 39 - PERTO DA CADEIA PÚBLICA
PARAMBU;19;400;COCOCI;ESCOLA LEANDRO LOPES DA SILVA;OITI
JUAZEIRO DO NORTE;119;109;TIRADENTES;ESCOLA CAROLINA SOBREIRA;RUA JOSE SABIA SN
FORTALEZA;115;67;PARANGABA;EM PROF. JOSE VALDIVINO DE CARVALHO;RUA GUARA, S/N
RERIUTABA;79;76;AÇUDE DO MATO;E.E.F. NOSSA SENHORA DAS GRACAS;AÇUDE DO MATO
FORTALEZA;95;271;BARROSO;EM SINÓ PINHEIRO;RUA 14, 151 (CJ JOAO PAULO II)
TAUÁ;19;182;MARROAS;GRUPO ESCOLAR DE 1 GRAU AFONSO N TEIXEIRA;PALMEIRAS
ACARAÚ;30;322;ZONA RURAL;ESCOLA JOAO JAIME FERREIRA GOMES FILHO;CURRAL VELHO DE BAIXO
LAVRAS DA MANGABEIRA;14;100;CENTRO - SEDE;EEMTI ALDA FERRER AUGUSTO DUTRA;RUA CORONEL JOAO AUGUSTO 454
PORTEIRAS;70;271;CENTRO-SEDE;E E F ADALBERTO LEITE TAVARES;RUA JOAQUIM TAVORA S/N
EUSÉBIO;88;111;CENTRO;ESCOLA DE FORMAÇÃO DOCENTE (NEUSA);RUA IRMA AMBROSINA, 266 - CENTRO
UBAJARA;73;85;CENTRO;MAÇONARIA;AV MONS GONÇALO EUFRASIO
ORÓS;15;266;GUASSUSSE - DISTRITO;E.E.F. MANOEL RAIMUNDO MONTANHA;RUA DA MATRIZ, S/N
FORTALEZA;94;199;VILA VELHA;EEFM DONA HILZA DIOGO DE OLIVEIRA;AV. DOM ALOÍSIO LORSCHEIDER, 1040 - VILA VELHA
CAMOCIM;32;8;BOA ESPERANCA;COLEGIO MONSENHOR JOSE AUGUSTO;RUA 3 DE OUTUBRO S/N
MISSÃO VELHA;16;61;DISTRITO DE JAMACARU;EEFM PADRE AMORIM;RUA FELIX ITALIANO SN
ARACATI;8;271;LAGOA DO PREA;E.E.F. JOSÉ DE SOUSA;LAGOA DO PREA
SENADOR POMPEU;12;97;CARACARA;CEI  MARIA DAS DORES DE MAGALHÃES OLIVEIRA;RUA AUDISIO VIEIRA DO NASCIMENTO S/N
PEREIRO;10;129;CENTRO;ESCOLA MUNICIPAL CLEONICE FREIRE DE QUEIROZ;RUA NEL QUEIROZ  257
JAGUARIBE;10;36;EDMAR BARREIRA;CEI MARIA IRACÍLIA DE SÁ PEREIRA BARREIRA;RUA ANTÔNIO WEIMA FERNADES
SANTANA DO ACARAÚ;44;161;SÃO BENTO;ESCOLA DE ENSINO FUNDAMENTAL SANTA MARIA;SÃO BENTO
FORTALEZA;83;761;PICI;ESCOLA MUNICIPAL ADROALDO TEIXEIRA CASTELO;RUA ALAGOAS 2267
TABULEIRO DO NORTE;91;153;CENTRO;EMEF NOSSA SENHORA DE FÁTIMA;RUA JOÃO FERREIRA BRAÚNA, 191
FORTALEZA;85;234;CONJUNTO CEARÁ I;EEFM DOUTOR GENTIL BARREIRA;RUA 202-D, S/N - CONJUNTO CEARÁ I
FORTALEZA;117;410;CANINDEZINHO;EM PADRE ANTONIO MONTEIRO DA CRUZ;RUA DE PEDESTRE XIII, 25 - JARDIM FLUMINENSE II
MARACANAÚ;122;156;LUZARDO VIANA;EMEF NAPOLEAO BONAPARTE VIANA;RUA NAPOLEAO BONAPARTE VIANA 410
TAUÁ;19;112;BARRA NOVA;GE JUVENAL SARAIVA;BELEM
CARIÚS;43;175;SAO BARTOLOMEU-DISTRITO;EEIF AMARO BATISTA DA CUNHA (ANTIGA MANOEL DUARTE DE OLIVEIRA PASSOS);VILA SAO BARTOLOMEU
MARCO;96;169;LOCALIDADE DE TRIANGULO DO MARCO;EEF SAO FRANCISCO;RUA ZENAIDE OSTERNO, SN
FORTALEZA;116;365;GRANJA LISBOA;EM PROF LIREDA FACO;RUA TRES CORACOES 735
SÃO GONÇALO DO AMARANTE;36;71;PECEM-DISTRITO;ESCOLA DE ENSINO FUNDAMENTAL E MEDIO EDITE ALCANTARA MOTA;PECEM
BOA VIAGEM;63;21;CENTRO-SEDE;EMATERCE;RUA JOAQUIM RABELO 499
ARATUBA;105;91;TOPE-SITIO;ESCOLA MUNICIPAL JOSE MENDES DA CRUZ;TOPE
GUAIÚBA;57;119;ITACIMA;CENTRO EDUCACAO INFANTIL DEODORO VALENTIM MAIA;RUA GUILHERME PEREIRA SOUSA, S/N
FORTALEZA;2;702;GUAJERU;EEEP COMENDADOR MIGUEL GURGEL;RUA JOSE BAIMA, S/N
TRAIRI;97;114;CURIMANS;EEF NOSSA SENHORA DE FATIMA CURIMANS;CURIMANS
VIÇOSA DO CEARÁ;35;100;ZONA RURAL;E.E.I.F DÍLIA ALVES PEREIRA;SITIO URUOCA
VARJOTA;65;160;ANGELIM;E.E.I.F. MANOEL RODRIGUES TAVARES;SÍTIO ANGELIM - ZONA RURAL
SANTANA DO CARIRI;53;149;CENTRO;EEMTI ADRIÃO DO VALE NUVENS;AV. PATATIVA DO ASSARÉ, SN
OCARA;67;172;CURUPIRA-DISTRITO;ESCOLA MUNICIPAL JOSE LOPES DA SILVA - ENSINO FUNDAMENTAL;LAGOA DO RIACHO
SOBRAL;121;238;ARACATIAÇU;ESCOLA PAULO FREIRE;ASSENTAMENTO ESPERANÇA, S/N, DISTRITO DE ARACATIAÇU-ANTIGA EMASA
AQUIRAZ;66;271;CHACARA DA PRAINHA;RAIMUNDA DE FREITAS FAÇANHA;AV JOSILEUDO LEITE S/N
JUAZEIRO DO NORTE;119;98;JOAO CABRAL;ESCOLA LILI NERY;RUA PADRE ALCANTARA, 1000
PALMÁCIA;4;168;CENTRO;EEMTI MARIA AMÉLIA PERDIGÃO SAMPAIO;RUA FRANCISCO DE QUEIROZ, 632
JUAZEIRO DO NORTE;28;480;SANTO ANTONIO;EEF PELUSIO CORREIA DE MACEDO;RUA MARIETA FRANCA DE MENEZES 360
SANTA QUITÉRIA;54;189;VILA SÃO DAMIÃO;ESCOLA MUNICIPAL FRANCISCO DE ASSIS PARENTE;VILA SÃO DAMIÃO
FORTALEZA;116;213;GRANJA LISBOA;PROJETO ABC BOM JARDIM;RUA TRES CORACOES 762
CEDRO;13;526;PEGA AVOANTE;ESCOLA DE ENS FUND ARAKEN SEDRIN DE AGUIAR;RUA SAO JOSE 1790
CANINDÉ;33;443;JOÃO PAULO II;EMEF VALDEMAR GOMES DOS SANTOS;TRAV. I, S/N
FORTALEZA;80;440;JOSÉ BONIFÁCIO;FACULDADE MAURÍCIO DE NASSAU;AVENIDA VISCONDE DO RIO BRANCO, 2078
PARACURU;109;104;LAGOA;C.E.I. FRANCISCA DOS SANTOS BARROSO;RUA SABINO PIO DE MENEZES, 407
CEDRO;13;550;SÃO MIGUEL;ESCOLA DE ENS FUND LEANDRO ALVES CORREIA;AGROVILA UBALDINHO
QUITERIANÓPOLIS;99;127;ZONA RURAL;EEIF FRANCISCO DE ASSIS FERREIRA;SANTA RITA
BARBALHA;31;169;SÍTIO SANTA TEREZA;EMEIF OLEGÁRIO ANTONIO DE JESUS (SÍTIO SANTA TEREZA);SÍTIO SANTA TEREZA, S/N (LAT. -7.28515, LONG. -39.23818)
JUCÁS;43;52;CENTRO - SEDE;ESCOLA DE ENSINO MÉDIO LUIZA TAVORA;RUA HILDELY CAVALCANTE 120
BOA VIAGEM;63;26;FATIMA;EEF PE. PAULO DE ALMEIDA MEDEIROS;RUA MARIA DE NAZARE BEZERRA 245
AMONTADA;89;101;CENTRO;EEM RITA ESTELITA DOS SANTOS RODRIGUES;AV GAL ALÍPIO DOS SANTOS 1020
SÃO BENEDITO;22;122;SITIO JUSSARA;EEF CICERO CLEMENTINO DE MEDEIROS;SITIO JUSSARA
MOMBAÇA;46;48;MORADA NOVA;ESCOLA DE ENSINO FUNDAMENTAL MARIA AMBROSINA CAVALCANTE;MORADA NOVA
FORTALEZA;80;125;ALTO DA BALANÇA;EEFM ESTADO DO PARÁ;RUA DJALMA PETIT 589
ACARAÚ;30;162;ZONA RURAL;ESCOLA JOAO JAIME FERREIRA GOMES FILHO;CURRAL VELHO DE BAIXO
TIANGUÁ;81;189;ÁREA RURAL DE TIANGUÁ;E.E.M. MIGUEL CARNEIRO DA CUNHA;SÍTIO CAJUAÇU
FORTALEZA;112;566;GUARARAPES;CENTRO UNIVERSITARIO ESTACIO DO CEARA VIA CORPVS;RUA ELISEU UCHÔA BECO, 600
TAUÁ;19;171;BEZERRA E SOUZA;CENTRO DE EDUCAÇÃO, CIÊNCIAS E TECNOLOGIA - CECITEC;RUA SOLON MEDEIROS, S/N - BR 020
SOLONÓPOLE;55;137;CENTRO;PREDIO CASA DO IDOSO;RUA ANTONIO VALTERNO NOGUEIRA
SABOEIRO;43;251;DISTRITO SÃO JOSÉ;E.E.F. ALDIZIO FERREIRA DOS SANTOS;DISTRITO SAO JOSE
MARACANAÚ;122;67;HORTO;EEF CARNEIRO DE MENDONCA;RUA PROFESSOR JOSE HENRIQUE DA SILVA 4891
BEBERIBE;84;100;ITAPEIM;ESCOLA MUNICIPAL BENEVENUTO ROCHA;ALTO DAS CARAUBAS
FORQUILHA;121;304;EDMUNDO RODRIGUES;EEFM ELZA GOERSCH;AV CRIANÇA DANTE VALERIO S/N CENTRO
CAUCAIA;37;20;GRILO;EEIEF NAIR MAGALHÃES GUERRA;RUA JOAQUIM BENTO CAVALCANTE, 500
QUIXADÁ;6;107;SÃO JOÃO DOS QUEIROZ;EEF JOÃO GONÇALVES DA ROCHA;SÃO JOÃO DOS QUEIROZ, S/N
VÁRZEA ALEGRE;62;5;CENTRO;EEM JOSÉ CORREIA LIMA;AV. LUIS AFONSO DINIZ, 213
BARRO;92;19;CUNCAS-DISTRITO;ESCOLA DE ENSINO FUNDAMENTAL PROFA. CATARINA TAVARES;DISTRITO DE CUNCAS
FORTALEZA;113;246;RODOLFO TEÓFILO;EEFM FÉLIX DE AZEVEDO;RUA MONSENHOR FURTADO, 757
ARACATI;8;276;BAIXIO;E.E.F. JOSE ROCHA GUIMARAES;BAIXIO
BELA CRUZ;96;75;RIACHO SAO MIGUEL;EMEIEF MIGUEL ABILIO DA COSTA;RIACHO DA PRATA
MARANGUAPE;4;137;TANQUES;EMEIEF DR. CÉSAR CAMPELO;RUA JOÃO DE HOLANDA CAVALCANTE
BOA VIAGEM;63;219;FATIMA;EEF PE. PAULO DE ALMEIDA MEDEIROS;RUA MARIA DE NAZARE BEZERRA 245
IBIAPINA;73;23;CENTRO;ESCOLA PROFISSIONAL MONS MELO (COLÉGIO DAS IRMÃS);RUA MONSENHOR MELO, 539
FORTALEZA;95;297;PEDRAS;UAPS JOSE BARROS DE ALENCAR;RUA JOSE NOGUEIRA, 180
QUIXADÁ;6;87;DOM MAURICIO;CASA DE FARINHA COMUNITÁRIA DO ENGANO;ENGANO, S/N
BATURITÉ;5;15;CONSELHEIRO ESTELITA-SEDE;SECRETARIA DO DESENVOLVIMENTO ECONÔMICO E SOCIAL - SEDES (ANTIGO CSU);AV FRANCISCO BRAGA FILHO, SN
FORTALEZA;82;448;CARLITO PAMPLONA;EM HILBERTO SILVA;AV. PRESIDENTE CASTELO BRANCO, 2973
MAURITI;76;164;BELA VISTA;E.E. PROFISSIONALIZANTE PE. JOÃO BOSCO DE LIMA;RUA 03, S/N
DEPUTADO IRAPUAN PINHEIRO;55;25;BETANIA;EEB JOAQUIM NAPOLEAO PINHEIRO;RUA JOAO ALFREDO
MORRINHOS;44;82;DISTRITO DE SITIO ALEGRE;EMEF MARIA LENILDA DE SOUZA;SITIO ALEGRE
FORTALEZA;95;290;JANGURUSSU;EMEIEF MARTHA DOS MARTINS COELHO GUILHERME;RUA 313, 243, CONJUNTO SÃO CRISTÓVÃO
CARIÚS;43;213;SITIO PARADE;POSTO DE SAUDE DR. ALUISIO MAXIMO;SITIO PARADE
FORTALEZA;82;547;ELLERY;ESCOLA MUNICIPAL HONÓRIO BEZERRA;RUA CAPITÃO NESTOR GÓIS, 400
ARARENDÁ;48;182;LAGOA DE SANTO ANTONIO;E. E. F. M.  FIRMINO JOSÉ;DISTRITO DE LAGOA DE SANTO ANTONIO
AQUIRAZ;66;358;DIVINEIA;ESCOLA DE EDUCAÇÃO PROFISSIONAL PROFESSORA ALDA FAÇANHA;AVENIDA NOSSA SENHORA DE LOURDES, S/N
MARACANAÚ;122;52;PIRATININGA;EMEF JOSÉ MARIA BARROS PINHO;RUA NOVO ORIENTE S/N
FORTALEZA;82;57;ÁLVARO WEYNE;EM NOSSA SENHORA DO PERPÉTUO SOCORRO;RUA CÔNSUL GOUVEIA, 57
FRECHEIRINHA;81;276;CENTRO;ESCOLA DE ENSINO MÉDIO ANTONIO CUSTODIO;RUA TENENTE EUFRASIO, 133 - CENTRO
FORTALEZA;85;227;CONJUNTO CEARÁ I;EEM LICEU DO CONJUNTO CEARA;RUA 1139 A, 10 4 ETAPA
FORTALEZA;80;177;FÁTIMA;CENTRO EDUC. DA JUV. PE. JOÃO PIAMARTA - AGUANAMBI;AV. AGUANAMBI, 2479
BARBALHA;31;20;CENTRO;COLÉGIO NOSSA SENHORA DE FÁTIMA;RUA DA MATRIZ, 258
CANINDÉ;33;372;CACHOEIRA DA PASTA;EMEF FIRMINO COELHO;RUA JOAQUIM MEDEIROS 3173
FORTALEZA;113;363;MONTESE;COLÉGIO ESTADUAL PRESIDENTE HUMBERTO CASTELO BRANCO;RUA IRMA BAZET, 210
FORQUILHA;121;314;CENTRO;EEF DEP JOSE PARENTE PRADO(CENTRO SOCIAL);R MOCINHA VIANA 96
FORQUILHA;121;229;JUAZEIRO;EEFI DR JOSE GRIJALBA MENDES CARNEIRO;POVOADO JUAZEIRO
PARACURU;109;78;QUATRO BOCAS;E. M. E. I. F. ISAC DA ROCHA;QUATRO BOCAS
ICAPUÍ;8;273;MUTAMBA DE ICAPUI;E.E.F. PROFESSORA RAIMUNDA LACERDA DAMIÃO;AV ESAU LACERDA SN
FORTALEZA;95;236;CONJUNTO PALMEIRAS;CEI MARIA DO SOCORRO FERREIRA VIRINO;RUA VALPARAÍSO, 339
ACARAÚ;30;416;ZONA RURAL;ESCOLA JOAO LOURENCO PEREIRA ROCHA;CASTELHANO
FORTALEZA;116;54;BOM JARDIM;EM SANTOS DUMONT;RUA GERALDO BARBOSA 240
FORTALEZA;95;266;CAJAZEIRAS;EEMTI PROF. PAULO AYRTON ARAUJO - PRÉDIO ANTIGO;BR 116 KM 05, EM FRENTE AO ASSAÍ ATACADISTA
CARIRIAÇU;71;40;PARAÍSO;EEF PAULO BARBOSA LEITE;RUA LUIZ BEZERRA, SN
CATUNDA;54;111;CENTRO;E.E.F.M. MONSENHOR XIMENES;AVENIDA SETE DE SETEMBRO, SN.
QUIXERAMOBIM;11;111;VILA BETANIA;ESCOLA JOSE CARNEIRO;RUA RAIMUNDO SALDANHA SN
TIANGUÁ;81;213;ÁREA RURAL DE TIANGUÁ;E.E.F. SÃO JOSÉ;SÍTIO SÃO JOSÉ
SOBRAL;121;64;DOM EXPEDITO;EEMTI SINHÁ SABOIA;RUA HELIO ARRUDA COELHO ESQUINA COM DOM EXPEDITO
ICAPUÍ;8;149;TREMEMBE;ASSOCIAÇÃO DOS MORADORES DE TREMEMBÉ - AMT;TREMEMBE
IPU;21;164;ZONA RURAL;EMEB SENHOR DO BONFIM;OLHO D'ÁGUA VELHO
CATUNDA;54;207;CENTRO;E.E.F.M. MONSENHOR XIMENES;AVENIDA SETE DE SETEMBRO, SN.
FORTALEZA;85;114;CONJUNTO CEARÁ I;CCDH - CENTRO DE CIDADANIA E DIREITOS HUMANOS (ANTIGO LUCIO ALCANTARA);AV. ALANIS MARIA LAURINDO DE OLIVEIRA, 461, 1A ETAPA
CHAVAL;108;25;DISTRITO CARNEIRO;EEF SÃO PEDRO;DISTRITO CARNEIRO
JIJOCA DE JERICOACOARA;30;301;ZONA RURAL;ESCOLA PEDRO PEREIRA DUTRA;BORGES
BARBALHA;31;22;CENTRO;COLÉGIO SANTO ANTONIO;AV LYRIO CALLOU, 55
IPU;21;36;SEDE;PATRONATO SOUSA CARVALHO;PCA DR CHAGAS PINTO 1045 - CENTRO
ICAPUÍ;8;144;QUITERIAS;CENTRO CULTURAL PRAIA DE QUITÉRIAS;PRAIA DE QUITERIAS
MORADA NOVA;47;49;CENTRO;CEBCJEC -CENTRO DE EDUCAÇÃO BÁSICA CORONEL JOSÉ EPIFÂNIO DAS CHAGAS;AV MANOEL CASTRO, 600
SOBRAL;121;46;CENTRO;EEM PROFESSOR ARRUDA;RUA CEL. MONT'ALVERNE, 570
MARANGUAPE;4;543;PARQUE SÃO JOÃO - MARANGUAPE;EMEIEF FRANCISCO SARAIVA DE OLIVEIRA;RUA ANTONIO ALVES CAVALCANTE SN
QUIXERAMOBIM;11;27;MARAVILHA;ESCOLA TEREZA HELOISA SARAIVA CAMARA;RUA GASTÃO FALCÃO
BOA VIAGEM;63;27;FATIMA;EEF PE. PAULO DE ALMEIDA MEDEIROS;RUA MARIA DE NAZARE BEZERRA 245
FORTIM;8;85;CENTRO;EEIFTI. PROFESSORA MARIA LUIZA;RUA JOAQUIM CRISÓSTOMO, 739.
FORTALEZA;113;277;JARDIM AMÉRICA;EEFM ESTADO DO PARANÁ;RUA ALBERTO MAGNO, 123
TIANGUÁ;81;81;ARAPÁ;E.E.M. RAIMUNDO MARQUES NONATO;RUA RAIMUNDO PAULINO, S/N - DISTRITO ARAPÁ
MILHÃ;55;103;CENTRO;ESCOLA DE ENSINO FUNDAMENTAL CLEONICE B. PINHEIRO ROSA;RUA PEDRO JOSE DE OLIVEIRA 908
FORTALEZA;116;339;BOM JARDIM;EM SANTA ISABEL;RUA RAIMUNDO PINHEIRO 798
GRAÇA;79;177;CENTRO-SEDE;COLEGIO RAIMUNDO DA CUNHA BRITO;BAIRRO SANTA LUZIA
FORTALEZA;82;677;ÁLVARO WEYNE;EM ALDEÍDES RÉGIS;RUA IRINEU DE SOUSA, 176
QUIXERAMOBIM;11;65;SAO MIGUEL;ESCOLA  JOSE MARTINS DE ALMEIDA;OITICICA
ORÓS;15;302;CARAUBAS - SITIO;POSTO DE SAÚDE SÍTIO CARAÚBAS;SÍTIO CARAÚBAS, S/N
ICÓ;15;155;CENTRO - SEDE;CEJA - ANA VIEIRA PINHEIRO;RUA DONA ALDERY, 324
APUIARÉS;50;14;CENTRO;EEFM SÃO SEBASTIÃO;AVENIDA GOMES DA SILVA, 100
CANINDÉ;33;497;CANINDEZINHO;EMEF JOAQUIM MAGALHAES FILHO;RUA HOMERO MARTINS 2556
TAUÁ;19;43;COLIBRIS;ESCOLA DONDON FEITOSA;RUA JORNALISTA HELDER FEITOSA S/N
MASSAPÊ;45;45;ZONA RURAL;GEM DE MERUOQUINHA;POVOADO DE MERUOQUINHA
FORTALEZA;83;460;JÓQUEI CLUBE;ESCOLA MUNICIPAL PRESIDENTE KENNEDY;AV. LINEU MACHADO 811
CARIRIAÇU;71;29;MIRAGEM;EEF JOAQUIM CABOCLO;RUA MAJOR SIMPLICIO GONÇALO, SN
JUAZEIRO DO NORTE;28;272;PIO XII;EEF JOSÉ MARROCOS;AV. JOSÉ BEZERRA, SN
TIANGUÁ;81;30;CENTRO;UNIPLAN - CENTRO UNIVERSITÁRIO ;RUA CAPITÃO ODILON AGUIAR, 455
FORTALEZA;95;86;BARROSO;EEFM PADRE MARCELINO CHAMPAGNAT;RUA DAURA, 120
JAGUARIBE;10;90;COHAB;EEEP POETA SINÓ PINHEIRO (LICEU);AV D, S/N
AMONTADA;89;182;SABIAGUABA;EEB FRANCISCO ESTEVÃO DE ASSIS;SABIAGUABA
FORTIM;8;94;GUAJIRU;EEFTI. EDSON BARBOSA;GUAJIRU
ARARENDÁ;48;14;FERREIRÃO;E. E. F. JOAQUIM FERREIRA DA SILVA;AV. SÃO VICENTE DE PAULA
GRANJA;25;145;ARATAIM;E.E.F. JOSÉ LENDENGUE DA COSTA;ARATAIM
UBAJARA;73;180;MONTE CASTELO;IFCE - INSTITUTO FEDERAL DE EDUCAÇÃO, CIÊNCIA E TECNOLOGIA DO CEARÁ;RUA LUIZ CUNHA, 178
RUSSAS;9;247;PITOMBEIRA II;ESCOLA MUNICIPAL JUAREZ DE SANTIAGO LIMA;PITOMBEIRA II
FORTALEZA;113;302;RODOLFO TEÓFILO;ESC. MUNICIPAL ANTONIO SALES RODOLFO TEÓFILO;RUA TAVARES IRACEMA, 675
CANINDÉ;33;33;CAMPINAS;CENTRO DE EDUCAÇÃO INFANTIL ZILDA HOLANDA;CAMPINAS
MARACANAÚ;122;6;NOVO MARACANAU;EMEIEF PROFª MARIA DO SOCORRO VIANA FREITAS;RUA 10 S/N
FORTALEZA;113;168;BOM FUTURO;ESC. PROFISSIONAL PE. JOÃO PIAMARTA;RUA PADRE JOÃO PIAMARTA, 161
CAMOCIM;32;175;SAO PEDRO;CENTRO DE ESPECIALIDADES ODONTOLOGICAS - CEO;RUA 24 DE MAIO SN
QUITERIANÓPOLIS;99;112;ZONA RURAL;EEIF VIRGÍLIO TÁVORA;DISTRITO ALGODOES
FORTALEZA;85;246;CONJUNTO CEARÁ I;EEM PROF JOSE MARIA CAMPOS DE OLIVEIRA - UV 8;RUA 820 S/N - 3 ETAPA
ARARIPE;68;30;DISTRITO VILA BREJINHO;ESCOLA LUIZ GUEDES ALCOFORADO - BREJINHO;RUA MARECHAL CASTELO BRANCO S/N
PARAMBU;19;278;CENTRO;CEI - CENTRO DE EDUCAÇÃO INFANTIL;RUA JUSCELINO KUBISHEK
JUAZEIRO DO NORTE;28;170;PEDRINHAS;EMEF PROFA. DORALICE DE FIGUEIREDO ROCHA;RUA JOAQUIM LEANDRO DE SOUSA
FORTALEZA;116;29;GRANJA PORTUGAL;EM IRMA ROCHA;RUA EMILIO DE MENEZES 2515
FORTALEZA;95;113;CONJUNTO PALMEIRAS;EMTI JOAO GERMANO DA PONTE NETO;RUA MAIZA, 549
FORTALEZA;80;346;JOAQUIM TÁVORA;COLÉGIO SALESIANO DOM BOSCO;AV ANTONIO SALES 116
MORADA NOVA;47;167;UIRAPONGA;POSTO DE SAÚDE DE POÇO DO BARRO;VILA DE POÇO DO BARRO
MORADA NOVA;47;272;ARUARU;EEB PROFESSORA JOANA PAULA DE MORAIS;AVENIDA ERNESTO GEISEL
FORTALEZA;80;220;ALTO DA BALANÇA;EM PROFESSORA EDITH BRAGA;RUA CAPITAO VASCONCELOS 1061
BAIXIO;92;95;TIMBAUBA - SITIO;GRUPO MUNICIPAL WILSON GONCALVES;SITIO TIMBAUBA S/N
ITAPIÚNA;105;124;CENTRO;ESCOLA DE ENSINO FUNDAMENTAL E MEDIO FRANKLIN TAVORA;AVENIDA SAO CRISTOVAO 80
REDENÇÃO;52;44;DISTRITO DE BARRA NOVA (ANTIGO SÃO GERARDO);ESCOLA MANOEL SARAIVA DE SOUSA;SERRA MANOEL DIAS
REDENÇÃO;52;25;DISTRITO DE ANTÔNIO DIOGO;ESCOLA CECÍLIA PEREIRA;RUA TEREZA CRISTINA, N. 295 - CENTRO
PARAMOTI;111;150;ZONA RURAL;EMEF SANTA RITA;POVOADO DE PARAÍSO/MULUNGU
FORTALEZA;117;443;CANINDEZINHO;EEFM SÃO FRANCISCO DE ASSIS;RUA SÃO FELIPE, 564
IPU;21;126;DISTRITO;E.M.E.F. LUIZ GONZAGA DA COSTA;ST. TINGUIS
FORTALEZA;93;265;PREFEITO JOSÉ WALTER;COLEGIO VEGA;AVENIDA C, 160
FORTALEZA;83;245;PANAMERICANO;EEFM ANISIO TEIXEIRA;RUA RIO GRANDE DO SUL 680
FORTALEZA;116;444;BONSUCESSO;EM XV DE OUTUBRO;RUA GUARANI, 2030
PACAJUS;49;66;ITAIPABA;CENTRO EDUCACAO DEPUTADO PEDRO JOSE;ITAIPABA
MORRINHOS;44;3;CENTRO;COLÉGIO MORRINHENSE CÔNEGO SARAIVA;RUA JOAQUIM CORIOLANO ROCHA
BARREIRA;52;135;LAGOA DO BARRO;ESCOLA RAIMUNDO SESSOSTE DE SOUSA;ANGICOS
PARACURU;109;43;CENTRO;E. M. E. F. PADRE JOAO DA ROCHA;RUA DES PONTES VIEIRA, 575
MORADA NOVA;47;215;SAO JOSE;EEB PROFESSORA HILDA PONCIANO DE OLIVEIRA LIMA(ESCOLA MODELO);RUA RAIMUNDO CARNEIRO GIRÃO, 872
FORTALEZA;115;167;MONTESE;EEMTI JOAO MATTOS;RUA ALMIRANTE RUBIM, 1014
ALTO SANTO;86;19;CENTRO;ESCOLA DE 1 GRAU URCESINA MOURA CANTIDIO;RUA CEL SIMPLICIO BEZERRA 8
QUITERIANÓPOLIS;99;107;ZONA RURAL;EEIF ANÍZIO FROTA;DISTRITO SAO FRANCISCO
MILAGRES;26;110;SITIO BREJO SECO;POSTO DE SAÚDE DO BREJO SECO;SITIO BREJO SECO
CARIRIAÇU;71;91;SÍTIO RIACHÃO DOS PEREIRAS;EEF FREI DAMIÃO;SITIO RIACHÃO DOS PEREIRAS
MARACANAÚ;122;38;NOVO ORIENTE;EMEF MAESTRO ELEAZAR DE CARVALHO;AV. CENTRAL S/N
FORTALEZA;116;5;GRANJA LISBOA;CAIC - MARIA ALVES CARIOCA;RUA GUARAREMA 690
JUAZEIRO DO NORTE;119;131;PIRAJA;ESCOLA AMALIA XAVIER;RUI BARBOSA 468
MORAÚJO;64;93;CAUAN;CAUÃ - ESCOLA MUN. MARCOS VICENTE DE ABREU;LOCALIDADE DE CAUÃ
FORTALEZA;112;339;CIDADE DOS FUNCIONÁRIOS;COLÉGIO DÁULIA BRINGEL;RUA TRAJANO ALVES DE AGUIAR, 55
TRAIRI;97;2;CORREGO FUNDO;EEF ANTONIO ROBESPIERRE VIANA;CORREGO FUNDO
TRAIRI;97;49;FLEIXEIRAS;EEF FURTUNATO SEVERIANO DA COSTA;FLEIXEIRAS
PARACURU;109;30;POÇO DOCE;E. M. E. I. F. RUFINO VIEIRA;RUA RUTH FELIX, S/N
PARACURU;109;90;BOI MORTO;E. M. E. I. F. MARIA ELISA MAGALHÃES;BOI MORTO
FORTALEZA;112;42;JARDIM DAS OLIVEIRAS;EM MARIA DE LOURDES RIBEIRO JEREISSATI;RUA REINO UNIDO, 115
BELA CRUZ;96;9;CENTRO-SEDE;EEEP JULIO FRANÇA;RUA CEL. DUCA, 1051
POTENGI;68;58;VILA CAMPOS;UBS VILA CAMPOS;VILA CAMPOS
SOBRAL;24;466;JOSÉ EUCLIDES;EEFI MOCINHA RODRIGUES;RUA EVANGELINA SABOIA, S/N
IPUEIRAS;40;14;LIVRAMENTO;ESCOLA DE ENSINO FUNDAMENTAL JOSÉ MARIANO DE MELO - LIVRAMENTO;LIVRAMENTO
SOBRAL;121;10;SINHÁ SABÓIA;ESCOLA CARLOS JEREISSATI;AV SENADOR FERNANDES TAVORA, 950
MERUOCA;24;571;Centro;EEFM - MONSENHOR JOSE FURTADO;AV CARLOS DAVI, 136
PACAJUS;49;258;LAGOA SECA;EEF VEREADOR JOAQUIM NOGUEIRA LOPES;CONJUNTO LAGOA SECA
CARIDADE;111;86;CAMPOS BELOS;EEF SENADOR VIRGILIO TAVORA;BR 020 KM 348
AMONTADA;89;153;SÃO SEBASTIÃO;EEBTI SGTO FRANCISCO DE CASTRO;AV SGTO FRANCISCO DE CASTRO
ITAITINGA;78;419;PEDRAS;UNIDADE PRISIONAL GOVERNADOR STÊNIO GOMES (UPGSG);BR 116, KM 17, ITAITINGA-CE
RERIUTABA;79;32;AMANAIARA;E.E.F. DEPUTADO MANOEL RODRIGUES;DISTRITO DE AMANAIARA - CENTRO
FORTIM;8;284;BARRO VERMELHO;EEF. JOAO CIRIACO;BARRO VERMELHO
SOBRAL;121;162;CENTRO;ESCOLA OSMAR DE SA PONTE;RUA PINTOR LEMOS, S/N
PARAMBU;19;378;MONTE SION;ESCOLA MANOEL MATIAS DA SILVA;SERRA DOS RODRIGUES
CAUCAIA;37;2;PARQUE SOLEDADE;COLEGIO JANUSA CORREA;RUA NOSSA SENHORA DOS PRAZERES, 238
LAVRAS DA MANGABEIRA;14;33;ALEM RIO - SEDE;ESCOLA DE 1 GRAU VIRGILIO AGUIAR GURGEL;RUA JOSE LOBO 450
FORTALEZA;117;243;MANOEL SÁTIRO;EMEIF MARIA BEZERRA QUEVEDO;RUA 103, 28 - CJ. NOVO MONDUBIM
FORTALEZA;85;167;ANTÔNIO BEZERRA;INSTITUTO EDUCACIONAL JOSE DE ALENCAR;RUA HUGO VITOR 730
FORTALEZA;93;142;PREFEITO JOSÉ WALTER;EEEP PROFESSOR ONELIO PORTO;AVENIDA E, 471 - II ETAPA
FORTALEZA;94;431;VILA VELHA;EMEF QUINTINO CUNHA;RUA MARIA CLARA 1263
ICAPUÍ;8;146;MUTAMBA DE ICAPUI;E.E.F. PROFESSORA RAIMUNDA LACERDA DAMIÃO;AV ESAU LACERDA SN
RUSSAS;9;146;ZONA RURAL;ESCOLA MUNICIPAL PE MARCONDES MATOS CAVALCANTE;JARDIM DE SAO JOSE
RUSSAS;9;295;CENTRO;ESCOLA DE ENSINO FUNDAMENTAL CORONEL MURILO SERPA;TRAVESSA SEBASTIAO SANTIAGO LIMA 160
FORTALEZA;95;230;CONJUNTO PALMEIRAS;CENTRO DE CIDADANIA DOS DIREITOS HUMANOS-CCDH (EVANDRO AYRES DE MOURA);AV. CASTELO DE CASTRO, 2842
FORTALEZA;80;280;VILA UNIÃO;EEF GAL.  MANUEL CORDEIRO NETO;RUA JORGE ACURCIO, 900
FORTALEZA;85;253;ANTÔNIO BEZERRA;EEF PATRONATO DA SAGRADA FAMILIA;RUA MARTINS NETO 379
ICÓ;15;14;CENTRO - SEDE;CENTRO UNIVERSITÁRIO VALE DO SALGADO;AV. MONSENHOR FROTA, 609
PENAFORTE;70;341;CENTRO-SEDE;EEB JOAQUIM PEREIRA LIMA;RUA CICERO SOUSA DE OLIVEIRA
FORTALEZA;116;179;GRANJA PORTUGAL;CENTRO EDUCACIONAL HORA DE APRENDER;RUA VITAL BRASIL 2533
IBARETAMA;6;383;DISTRITO DE OITICICA;EMEIF JÚLIO JOSÉ PEREIRA;BARREIROS
COREAÚ;64;127;COHAB;COREAÚ - ESCOLA MUN. PROFª IZAURA MA. DA SILVA;RUA TANCREDO NEVES, S/N - COHAB
SANTANA DO ACARAÚ;44;58;CENTRO;EEMTI NAZARÉ SEVERIANO;RUA NONATO ARCANJO S/N -CENTRO
TRAIRI;97;65;LAGOAS NOVAS;EEF SANTO ANTONIO;LAGOAS NOVAS
PACAJUS;49;62;ITAIPABA;CRECHE DEPUTADO JONAS CARLOS;ITAIPABA
MARANGUAPE;4;46;JUBAIA;EMEIEF MANOEL DOMINGOS FILHO;RUA CORONEL MANOEL DOMINGOS FILHO, S/N
AMONTADA;89;289;ICARAÍ;EEBTI RAIMUNDA MENESES PARENTE;JUREMA
IPU;21;163;SEDE;E.M.E.F. MARIA LAURA SAMPAIO;RUA FELIX CANDIDO 857 - ALTO DOS 14
PEREIRO;10;139;CENTRO;ESCOLA DE ENSINO FUNDAMENTAL E MEDIO VIRGILIO CORREIA LIMA;RUA CORONEL ANTONIO VICENTE  274
PALMÁCIA;4;186;CENTRO;ESCOLA MUNICIPAL RAMILSON HOLANDA LUZ;RUA FRANCISCO DE QUEIROZ, S/N
SENADOR POMPEU;12;98;CARACARA;CEI  MARIA DAS DORES DE MAGALHÃES OLIVEIRA;RUA AUDISIO VIEIRA DO NASCIMENTO S/N
ITAPAJÉ;41;34;ESMERINO GOMES;EEEP ADRIANO NOBRE;RUA ODILON FERREIRA GOMES, 475.
FORTALEZA;117;318;PARQUE SÃO JOSÉ;EEFM SAO JOSE;RUA COMENDADOR GARCIA, 2066
MARACANAÚ;122;248;SIQUEIRA (siqueira 2);EEM PROFª. EUDES VERAS;AVENIDA SIQUEIRA CAMPOS, 601
FORTALEZA;115;416;PARANGABA;COLEGIO GURI  SENIOR;RUA CONEGO DE CASTRO 1780
RUSSAS;9;120;CENTRO;ESCOLA DE ENSINO MÉDIO MANOEL MATOSO FILHO;AVENIDA MARIA RAMALHO, 336
FORTALEZA;95;340;JANGURUSSU;CUCA JANGURUSSU;AV. GOVERNADOR LEONEL BRIZOLA, S/N
FORTALEZA;82;348;SÃO GERARDO;ESCOLA MUNICIPAL GUSTAVO BARROSO;RUA ERETIDES MARTINS, 26
FORTALEZA;82;638;CARLITO PAMPLONA;EM HILBERTO SILVA;AV. PRESIDENTE CASTELO BRANCO, 2973
FORTALEZA;94;759;VILA VELHA;EMEIF HERONDINA LIMA CAVALCANTE;AV. AMBIENTALISTA ARY THIERS, 310
FORTALEZA;116;266;GRANJA PORTUGAL;EM REITOR ANTONIO MARTINS FILHO;RUA TEODORO DE CASTRO 1175
ALCÂNTARAS;24;399;BELA VISTA;EEF INOCÊNCIA ALCÂNTARA FREIRE;RUA MONSENHOR FURTADO SN
RUSSAS;9;279;TABULEIRO DO CATAVENTO;CAIC - SENADOR CARLOS JEREISSATI;RUA 25 SN  MUTIRAO
TAUÁ;19;159;TAUAZINHO;EEF MARIA ALEXANDRINO NOGUEIRA MARQUES;AV CEL VICENTE ALEXANDRINO DE SOUSA
FORTALEZA;113;81;JARDIM AMÉRICA;ESCOLA MUNICIPAL PROF. FILGUEIRAS LIMA;AV. DOS EXPEDICIONÁRIOS, 3910
FORTALEZA;83;570;HENRIQUE JORGE;EEMTI ANTONIETA SIQUEIRA;RUA GUARANI 04
ARATUBA;105;171;SITIO BARREIROS;ESCOLA FRANCISCO JOSE DE FREITAS;SITIO BARREIROS
TAUÁ;19;199;ALTO BRILHANTE;EEF JOAQUIM PIMENTA;AV JOSE VALDEMAR REGO 585
FORTALEZA;85;292;ANTÔNIO BEZERRA;EMEIF GERARDO MILTON DE SA;RUA VALE COSTA S/N
FORTALEZA;80;432;AEROLÂNDIA;EEFM PROFª  MARIA CONCEICÃO PORFÍRIO TELES;RUA MONTE CRISTO, 177
CRUZ;30;175;CANEMA;ESCOLA FILOMENA MARTINS DOS SANTOS;CANEMA
MUCAMBO;79;223;CENTRO;E.E.I.F. RAFAEL CLAUDIO DE ARAUJO;RUA MONSENHOR MELO SN
FORTALEZA;94;856;QUINTINO CUNHA;COLEGIO DOM FELIPE - JUNIOR;RUA FRANCISCO MENDES DE OLIVEIRA, 183
MARANGUAPE;4;127;TABATINGA - SAPUPARA;EEFM LUIZ GIRÃO;AVENIDA TABATINGA, S/N
AQUIRAZ;66;109;TAPERA;EEB RAIMUNDO TOMAZ;RUA JOSE CARLOS GADELHA S/N
FORTALEZA;116;207;GRANJA LISBOA;EM ULISSES GUIMARAES;RUA TENENTE FRANCISCO PAIVA 1350
FORTALEZA;116;384;BONSUCESSO;EM FRANCISCA FERNANDES MAGALHAES (COLÉGIO CASTRO);RUA OLIVEIRA SOBRINHO, 1031
SÃO BENEDITO;22;245;CIDADE ALTA;CVT - CENTRO VOCACIONAL TECNOLOGICO;RUA NOEME AMARAL 401
QUIXERAMOBIM;11;188;LACERDA;ESCOLA VICENTE DE CASTRO;VILA DE LACERDA
BARBALHA;31;120;BREJINHO;CEI MARIA CLEONICE PEREIRA (BREJINHO);AV JOSÉ VALCENIR DA CRUZ, S/N - EM FRENTE AO PQ VAQUEJADA
CANINDÉ;33;40;IMACULADA CONCEIÇÃO;EEEP CAPELAO FREI ORLANDO;RUA PAULINO BARROSO, 1289
FORTALEZA;94;199;VILA VELHA;EEFM DONA HILZA DIOGO DE OLIVEIRA;AV. DOM ALOÍSIO LORSCHEIDER, 1040 - VILA VELHA
UBAJARA;73;105;CENTRO;ESCOLA GRIJALVA COSTA;RUA JOSE RUFINO PEREIRA, 180
GUARACIABA DO NORTE;74;172;DISTRITO;ESCOLA MUNICIPAL DE SAO FELIX;SAO FELIX
ICÓ;15;100;CENTRO - SEDE;ESCOLA MUNICIPAL SENHOR DO BONFIM;RUA FRANCISCO MACIEL DA SILVA, 2557
QUIXERAMOBIM;11;22;CENTRO;CAMPUS UNIVERSITARIO DR ANDRADE FURTADO;AV DR JOAQUIM FERNANDES 382 - CENTRO
FORTALEZA;94;198;VILA VELHA;EEFM DONA HILZA DIOGO DE OLIVEIRA;AV. DOM ALOÍSIO LORSCHEIDER, 1040 - VILA VELHA
FORTALEZA;94;793;VILA VELHA;EM ANTONIO CORREIA LIMA;RUA HERMES PARAYBA, 934
FORTALEZA;85;149;CONJUNTO CEARÁ I;EEF GOVERNADOR FAUSTINO ALBUQUERQUE - UV1;RUA 143 N 155 - 1 ETAPA
FORTALEZA;112;570;CAMBEBA;COLÉGIO BATISTA - UNIDADE SEIS BOCAS;RUA DR. WALDEMAR DE ALCANTARA, 200
IPU;21;141;DISTRITO;E.M.E.F. JOAO FERREIRA DA COSTA;ST. BOA VISTA
VÁRZEA ALEGRE;62;111;CANINDEZINHO;EEF ANTONIA BATISTA DE MORAIS;SÍTIO FORQUILHA
VÁRZEA ALEGRE;62;108;NARANIU;POSTO DE SAÚDE ANTÔNIA HOLANDA CAVALCANTE;SITIO NOVO JORDÃO
FORTALEZA;113;192;BENFICA;FACULDADE DE PSICOLOGIA DA UFC;AV. DA UNIVERSIDADE, 2762
MARACANAÚ;104;394;PAJUÇARA;EMEIEF PROF PAULO FREIRE;RUA PAULO BATISTA 660
CARIÚS;43;154;ESPLANADA-SEDE;EEF NOSSA SENHORA AUXILIADORA;RUA RAUL NOGUEIRA S/N
CARIRÉ;65;24;CACIMBAS;ESCOLA E.I.E.F INÁCIA RODRIGUES MOREIRA;CACIMBAS
ITAPAJÉ;41;76;SOLEDADE;ESCOLA CAPITAO PRUDENCIO PEREIRA PASSOS;SOLEDADE
UBAJARA;73;131;CENTRO;ESCOLA MARIA AGUIAR VASCONCELOS;RUA ÂNGELO SOUSA, S/N
MORADA NOVA;47;280;SAO FRANCISCO;EEB PROFESSORA ANA CLARA ANDRADE NÂNTUA BENTO;RUA JOSÉ DE SOUSA MARTINS, 261
CARIRÉ;65;54;ZONA RURAL;ESCOLA E.I.E.F ADAUTA MOSINHA (ANEXO);FLORES
SENADOR POMPEU;12;160;ALTO DO CRUZEIRO;EEIEF ELISEU BECCO FILHO;ALTO DO CRUZEIRO S/N
MORAÚJO;64;49;VÁRZEA DA VOLTA;VÁRZEA DA VOLTA - ESCOLA M. ANTº BENÍCIO DE VASCONCELOS;DISTRITO VÁRZEA DA VOLTA
FRECHEIRINHA;81;273;ÁREA RURAL DE FRECHEIRINHA;CRECHE FRANCISCA MARIA DO NASCIMENTO ;SITIO JARDIM, ÁREA RURAL DE FRECHEIRINHA
VIÇOSA DO CEARÁ;35;160;ZONA RURAL;E.E.F RAIMUNDO FONTENELE MAGALHÃES;SÍTIO CAIÇARA
FORTALEZA;80;147;TAUAPE;SALÃO PAROQUIAL SÃO JOAO DO TAUAPE;RUA MONSENHOR SALAZAR, 279
MORADA NOVA;47;120;ROLDAO;EEB JOAQUIM CHAGAS FILHO;TRAV. LUIS VIEIRA, S/N
PINDORETAMA;7;69;CENTRO-PINDORETAMA;EEM JULIA ALENQUER FONTENELE;AV. FIRMINO CRISOSTOMO, 1944
CARIÚS;43;151;CENTRO-SEDE;EEFM ADAHIL BARRETO;PRACA DA REPUBLICA
JAGUARIBE;10;8;CENTRO;COLEGIO CARMELA DUTRA;AV OITO DE NOVEMBRO 1087
JUAZEIRO DO NORTE;28;277;FRANCISCANOS;ECIM DOUTOR EDVAR TEIXEIRA FERRER;DOM PEDRO II 1643
CEDRO;13;511;DIVISÃO;ESCOLA DE ENS FUND ANTONIETA JUCA MARQUES;RUA 7 DE SETEMBRO S/N
BARRO;92;61;SEDE;ESCOLA 1 GRAU ANTONIO SEVERO DE LIMA;SITIO ENGENHO VELHO
TAUÁ;19;224;MARROAS;EEF ANTONIO PINHEIRO TELES;BOM NOME
GRANJA;25;59;PARAZINHO;E.E.F.T.I. FRANCISCA CLEOMAR VERAS FREITAS (ANTIGA CERU);RUA JOSE MARTINS, S/N
FORTALEZA;115;292;JARDIM CEARENSE;COLÉGIO UNIVERSO DO SABER;RUA 10 - NR 70 (CJ CAMPO DOS INGLESES - MARAPONGA)
CAMOCIM;32;277;ZONA RURAL;ESCOLA ANTONIO ÁLVARES FILHO - TAMBORIL;TAMBORIL
FORTALEZA;94;726;VILA VELHA;EMEIF HERONDINA LIMA CAVALCANTE;AV. AMBIENTALISTA ARY THIERS, 310
FORTALEZA;94;786;QUINTINO CUNHA;IGREJA DE SÃO JOSÉ;R. GEN. ALÍPIO DOS SANTOS, 375
BOA VIAGEM;63;64;TABULEIRO ALEGRE;EEF OSSIAN ALENCAR ARARIPE;TABULEIRO ALEGRE
BREJO SANTO;70;145;CENTRO-SEDE;EEF PADRE PEDRO INACIO RIBEIRO;AV DIONIZIO ROCHA DE LUCENA 46
SOBRAL;24;301;JERÔNIMO PRADO;UNIV.EST.VALE DO ACARAÚ-UVA-NÚCLEO DE DISCIPLINAS COMPLEMENTARES;AVENIDA DA UNIVERSIDADE, S/N
JUAZEIRO DO NORTE;119;269;JOAO CABRAL;ESCOLA LILI NERY;RUA PADRE ALCANTARA, 1000
TAUÁ;19;228;MARROAS;ASS. COM. PROD. RURAIS DE SANTA MARIA (EEF ANTONIO ZACARIAS MOTA);SANTA MARIA
VÁRZEA ALEGRE;62;45;RIACHO VERDE-SEDE DO DISTRITO;EEF JOSÉ SÉRGIO DA COSTA;RUA JOSÉ SÉRGIO DA COSTA, S/N
QUIXADÁ;6;195;CENTRO;EEMTI CORONEL VÍRGILIO TÁVORA;RUA EPITÁCIO PESSOA, 1498
GUARAMIRANGA;5;227;PERNAMBUQUINHO-DISTRITO;ESCOLA RODRIGO DE ARGOLO CARACAS (PERNAMBUQUINHO);RODOVIA DE PERNAMBUQUINHO
FORTALEZA;82;513;CRISTO REDENTOR;EM VIRGÍLIO TÁVORA;AV. MONSENHOR HÉLIO CAMPOS, 155
IPAPORANGA;20;249;CENTRAL;ESCOLA DE EDUCAÇÃO INFANTIL PEQUENO PRÍNCIPE;RUA GABRIELRODRIGUES JÚNIOR, 101
CARIRÉ;65;101;CAMPO DE AVIAÇÃO;ESCOLA EIEF MARIA JOSE RODRIGUES PONTE;RUA FRANCISCO ARAUJO CHAVES SN
PACAJUS;49;244;CUMARU;EEF AURILO BEZERRA PEREIRA;RUA CÔNEGO EDUARDO ARARIPE S/N
ORÓS;15;279;IGAROI - DISTRITO;ASSOCIAÇÃO COMUNITÁRIA PADRE CÍCERO;SÍTIO CABEÇA DE NEGRO
FORTALEZA;95;176;PARQUE SANTA MARIA;EEMTI POETA OTACILIO COLARES;RUA JORGE DA VEIGA, 265
CAMOCIM;32;189;ZONA RURAL;POLO EDUCACIONAL JOSE RODRIGUES ALEXANDRINO - PEDRA BRANCA;LOCALIDADE DE PEDRA BRANCA
PACUJÁ;79;198;CENTRO;E.E.F. SAO JOAO BATISTA;RUA VEREADOR LUÍS MANÇO MAGALHÃES, S/N
CARIÚS;43;200;SITIO JUNCO DOS CARNEIROS;EEIF JOSE CARNEIRO DE OLIVEIRA;SITIO JUNCO
CATARINA;60;248;SAO GONCALO;EEF CAPITAO EPAMINONDAS GOMES DA SILVA;SAO GONCALO
VÁRZEA ALEGRE;62;35;CENTRO;EEF DR. PEDRO SÁTIRO;RUA PADRE JOSE OTAVIO. SN
FORTALEZA;116;483;CONJUNTO CEARÁ II;EM FRANCISCO EDMILSON PINHEIRO;AVENIDA H, 2115, 4A ETAPA
JAGUARIBE;10;28;DISTRITO DE FEITICEIRO;E.E.I.F. MARIA ENEIDA PEIXOTO SOARES;RUA FRANCISCO GUIMARAES PEIXOTO 714
BOA VIAGEM;63;139;CENTRO-SEDE;EEF PE ANTONIO CORREIA DE SA;RUA JOSE RANGEL DE ARAUJO 22
TIANGUÁ;81;111;ÁREA RURAL DE TIANGUÁ;E E I F JOÃO JOAQUIM DA SILVA;SÍTIO TUCUNS
PACATUBA;57;312;CONJUNTO JEREISSATI II;C.E.I. SENADOR CARLOS JEREISSATI;AVENIDA XV, 477
MAURITI;76;21;PALESTINA DO CARIRI-DISTRITO;CRECHE ANA JÚLIA GOMES ALCÂNTARA;TRIANGULO DA PALESTINA
ICÓ;15;149;BOQUEIRAO - SITIO;ESCOLA MUNICIPAL BERNARDINHO PEREIRA;SITIO BOQUEIRAO S/N
PORANGA;40;108;SEDE;EEFM PRUDÊNCIO DE PINHO - SEDE;AV. DR. EPITÁCIO PINHO, 277, BAIRRO VILA NOVA
SOBRAL;121;157;TAPERUABA;ESCOLA FRANCISCO MONTE;RUA FRANCISCO MONTE S/N CENTRO
SALITRE;38;47;CENTRO;E. E. F. FRANCISCO VITURINO DE LUNA - SEDE;RUA SÃO PEDRO, 237
CARIÚS;43;215;CAIPU-DISTRITO;CRECHE PARAISO INFANTIL;VILA CAIPU
QUITERIANÓPOLIS;99;98;ZONA RURAL;EEIF ZACARIAS BEZERRA DO NASCIMENTO;SAO PEDRO
SOBRAL;121;60;COHAB I;EEFM MONS. JOSE GERARDO FERREIRA GOMES(NOELIA);RUA MADALENA DE SÁ, S/N
LIMOEIRO DO NORTE;29;173;CENTRO;CENTRO EDUCACIONAL SAO VICENTE DE PAULO - PATRONATO;RUA SABINO ROBERTO 398
MARACANAÚ;104;136;JEREISSATI I;EMEIEF DEPUTADO JOSÉ MARTINS RODRIGUES;RUA QUARENTA A, 287
AQUIRAZ;66;28;CENTRO;EMEF ERNESTO GURGEL VALENTE;RUA FRANCISCO CAMARA, SN
SOBRAL;121;81;PATRIARCA;ETI JOSÉ PEREGRINO DE VASCONCELOS;CE 240, 1532 PATRIARCA
CATUNDA;54;82;CENTRO;COLÉGIO FILOMENA BELARMINA NAU;CENTRO
VARJOTA;65;186;ACAMPAMENTO;CRECHE COMUNITÁRIA JOÃO BALBINO;RUA LUIZ SERAFIM DA COSTA, S/N
PEREIRO;10;192;ESTREITO;ESCOLA DE ENSINO FUNDAMENTAL FRANCISCA NOGUEIRA DE SOUSA;RUA JOAO BATISTA DE CARVALHO, 121 VILA ESTREITO
BREJO SANTO;70;36;SAO FRANCISCO-SEDE;EEF PROFESSOR JOAO TELES;RUA CORONEL NICODEMOS, N. 282
BREJO SANTO;70;213;CENTRO-SEDE;EEF PADRE PEDRO INACIO RIBEIRO;AV DIONIZIO ROCHA DE LUCENA 46
FORTALEZA;94;865;QUINTINO CUNHA;COLEGIO DOM FELIPE - JUNIOR;RUA FRANCISCO MENDES DE OLIVEIRA, 183
FORTALEZA;115;60;ITAPERI;UNIVERSIDADE ESTADUAL DO CEARA - UECE;AV DR. SILAS MUNGUBA, 1700
FORTALEZA;95;137;JANGURUSSU;EMTI PROFESSOR ANTONIO GIRAO BARROSO;RUA VERDE 37, S/N (CJ SITIO SAO JOAO)
ARACATI;8;117;JIRAU I;POSTO DE SAÚDE DO JIRAU I;JIRAU I
FORTALEZA;116;10;GRANJA LISBOA;CAIC - MARIA ALVES CARIOCA;RUA GUARAREMA 690
ORÓS;15;270;GUASSUSSE - DISTRITO;E.E.F. MANOEL RAIMUNDO MONTANHA;RUA DA MATRIZ, S/N
VIÇOSA DO CEARÁ;35;63;ZONA RURAL;E.E.F JOÃO PAULINO;DISTRITO DE PASSAGEM DA ONCA
PACATUBA;57;19;CENTRO;EEM CRISPIANA DE ALBUQUERQUE;RUA RAIMUNDO SIQUEIRA,1819
MADALENA;63;200;SEDE;EEF ANTONIO ALVES DA FONSECA LOBO;LAGOA DO MATO DOS LOBOS
TAUÁ;19;131;CARRAPATEIRAS;ESC PREF PEDRO PEDROSA DE CASTRO CASTELO (JOAO CASSIMIRO DE OLIVEIRA);SANTO ANTONIO DO CARRAPATEIRAS
MORADA NOVA;47;258;GIRILANDIA;SINDICATO DOS TRABALHADORES RURAIS DE MORADA NOVA;RUA CEL TIBURCIO, 80
MORADA NOVA;47;293;SAO JOSE;EEB PROFESSORA HILDA PONCIANO DE OLIVEIRA LIMA(ESCOLA MODELO);RUA RAIMUNDO CARNEIRO GIRÃO, 872
GRAÇA;79;181;SÍTIO CARAÚBAS;E.E. F. VITURINO FELIPE DE MARIA;SÍTIO CARAÚBAS
PACATUBA;57;345;SAO JOSE;EEM CASSIMIRO LEITE DE OLIVEIRA;RUA SERGIO PROTASIO DA SILVA, 44
FORTALEZA;118;426;SERRINHA;EEFM PROFESSOR JADER MOREIRA DE CARVALHO;RUA PROFESSORA HELOISA FERREIRA LIMA, 420
FORTALEZA;3;420;ALDEOTA;UNICHRISTUS ALDEOTA;RUA VISCONDE DE MAUÁ, 1940
BOA VIAGEM;63;146;SAO LOURENCO-SEDE;EEF ARIALDO ALVES DE MELO;SAO LOURENCO-SEDE
ALTO SANTO;86;12;BATOQUE;ESCOLA DE 1 GRAU LUIS CANDIDO MACIEL;SITIO BATOQUE
PEDRA BRANCA;59;101;BOA ESPERANCA;EEF SOL NASCENTE;AV ARMANDO LINS, S/N
BEBERIBE;84;109;SERRA DO FELIX;ESCOLA MUNICIPAL JOSE BATISTA;SUSSUARANA
IPUEIRAS;40;112;TUCUNS;EEF LOURENÇO GOMES DA SILVA - TUCUNS;TUCUNS
PARAMBU;19;322;NOVO ASSIS;ESCOLA PEDRO JOSÉ DA SILVA;CAMPO GRANDE
CRUZ;30;370;TUCUNS;ESCOLA FILOMENO FREITAS VASCONCELOS;AV TENENTE ALBANO  SN
BEBERIBE;84;96;SUCATINGA;EEM FRANCISCA MOREIRA DE SOUSA;RUA MOREIRA DA ROCHA 01 - CENTRO
BEBERIBE;84;11;PARAJURU;ESCOLA MUNICIPAL MONSENHOR JOAQUIM DE JESUS DOURADO;RUA MONSENHOR DOURADO SN - CENTRO
IPUEIRAS;40;37;CENTRO;ESCOLA DE ENSINO FUNDAMENTAL JOSÉ ALOÍSIO ARAGÃO - CENTRO;RUA CORONEL MALAQUIAS, 36
MARACANAÚ;122;242;CÁGADO;EMEIEF NARCISO PESSOA DE ARAÚJO;AV. PADRE JOSE HOLANDA DO VALE S/N
COREAÚ;64;31;Araquém;ARAQUÉM - ESCOLA MUN. STO. ANTÔNIO;AV. SÃO SAMUEL FÉLIX DA CUNHA, 128 - DISTRITO DE ARAQUÉM, COREAÚ/CE
FORTALEZA;95;317;CAJAZEIRAS;EEMTI PROF. PAULO AYRTON ARAUJO - PRÉDIO ANTIGO;BR 116 KM 05, EM FRENTE AO ASSAÍ ATACADISTA
PENTECOSTE;50;209;SÃO PEDRO;EEIF PROFª. Mª GLAUCINEIDE FIRMIANO DA SILVA;AVENIDA PRESIDENTE JUSCELINO KUBITSCHEK, 703
LIMOEIRO DO NORTE;29;32;BIXOPÁ;EEF JOSE AFONSO FERREIRA MAIA;DISTRITO DE BIXOPA
INDEPENDÊNCIA;39;182;SANTA CLARA;E.E.F. SANTO ANTONIO;SANTA CLARA
FORTALEZA;117;357;PARQUE SÃO JOSÉ;CITS PARQUE SÃO JOSÉ - CENTRO DE INCLUSÃO TECNOLÓGICA E SOCIAL;RUA CÔNEGO DE CASTRO, 3955
MARANGUAPE;4;521;PARQUE IRACEMA - MARANGUAPE;EMEF FRANCISCA GOMES FERNANDES VIEIRA;AVENIDA STENIO GOMES 872
PACAJUS;49;254;CRUZ DAS ALMAS;EEF SEN VIRGILIO DE MORAIS FERNANDES TAVORA;RUA MONTEMOR SN
URUBURETAMA;23;48;BAIRRO DA PAZ;CRECHE MUNICIPAL BRANCA DE NEVE;RUA JOSE PIRES CHAVES 1377
JARDIM;119;281;CENTRO;ESCOLA GOV. ADAUTO BEZERRA;AV WILSON RORIZ 1334
JARDIM;119;350;SITIO LAGOA DO ALTO;ESCOLA SANTO ANTONIO;SITIO LAGOA DO ALTO S/N
FORTALEZA;118;540;BOA VISTA-CASTELÃO;EMEF ODILON GONZAGA BRAVEZA;AV. ALBERTO CRAVEIRO, 1480 C
CAUCAIA;37;214;CENTRO;E.E.F. BRANCA CARNEIRO DE MENDONCA;PRACA DA MATRIZ, 666
SOBRAL;24;77;EXPECTATIVA;EEFI TRAJANO DE MEDEIROS (LAVANDERIA);AVENIDA DR. JOSE EUCLIDES FERREIRA GOMES JUNIOR, S/N
FORTALEZA;94;207;VILA VELHA;EEMTI DONA MARIA MENEZES DE SERPA;RUA DOUTOR QUIXADA FELICIO 141
SOBRAL;24;499;JOSÉ EUCLIDES;CENTRO DE CIÊNCIAS HUMANAS - CCH - UVA;AV. JOHN SANFORD, 1845
MISSÃO VELHA;16;53;DISTRITO DE JAMACARU;EEF MARIA FECHINE DE ALENCAR;RUA FRANCISCO RODRIGUES DA CRUZ S/N
MARACANAÚ;104;433;PAJUÇARA;EMEIEF PREFEITO ALMIR FREITAS DUTRA;RUA ELÍFIO MEDEIROS DA CUNHA, 531
MORADA NOVA;47;154;PEDRAS;POSTO DE SAÚDE DA LAGOA DO FRADE;LAGOA DO FRADE
PACAJUS;49;98;CENTRO;EEFM PADRE CORIOLANO (REUNIDA);RUA TENENTE JOAQUIM NOGUEIRA 51
FORTALEZA;95;164;CONJUNTO PALMEIRAS;EM PROFESSORA MARIA DO SOCORRO FERREIRA VIRINO;RUA MODESTA, 44
PACAJUS;49;376;CENTRO;EEF ARACY GONZAGA DA SILVA;RUA CORONEL CICERO NOGUEIRA DE QUEIROZ 827
CANINDÉ;33;436;SANTA LUZIA;EMEF SENADOR CARLOS JEREISSATI;RUA EUCLIDES BARROSO, 1048
CHOROZINHO;49;96;SALGADO;EEF FIRMINO FELIPE SANTIAGO;LOCALIDADE DE SALGADO
BEBERIBE;84;114;SEDE;ESCOLA MUNICIPAL JOSE NOGUEIRA;SITIO UBERABA
MARANGUAPE;4;515;PARQUE IRACEMA - MARANGUAPE;EMEF CLÓVIS MONTEIRO;RUA IRMÃ CANDIDA MARIA, 216
QUIXELÔ;13;216;ÁREA RURAL DE QUIXELÔ;ESCOLA DE ENS FUND JOAO RODRIGUES DA SILVA;BARROSO-SITIO
AQUIRAZ;66;75;TUPUIU;EMEF FRANCISCO DA SILVA SAMPAIO;ESTRADA DO FIO TELEGRAFO
FORTALEZA;93;153;PREFEITO JOSÉ WALTER;EM NELSON MANDELA;AV. C, 435
QUIXADÁ;6;264;RIACHO VERDE;EEF EDMILSON PINHEIRO;RIACHO VERDE, S/N
ACARAPE;52;66;CENTRO;ESCOLA PADRE ANTÔNIO CRISÓSTOMO;RUA ODMAR DE CASTRO, N. 92
MARACANAÚ;122;192;INDUSTRIAL;EEFM JOSE DE BORBA VASCONCELOS;AV. CONTORNO SUL S/N
MARACANAÚ;122;240;ACARACUZINHO;EMEF MANOEL RODRIGUES PINHEIRO DE MELO;AVENIDA CENTRAL, 2000
FRECHEIRINHA;81;244;CENTRO;CENTRO EDUCACIONAL RAIMUNDO PEREIRA;AVENIDA JOAQUIM PEREIRA 717 - CENTRO 
PEDRA BRANCA;59;51;SANTA CRUZ DO BANABUIU;EEFTI SIMPLICIO RODRIGUES DE OLIVEIRA;RUA PROFESSORA LILI, 85, SANTA CRUZ
FORTALEZA;116;383;BONSUCESSO;EM FRANCISCA FERNANDES MAGALHAES (COLÉGIO CASTRO);RUA OLIVEIRA SOBRINHO, 1031
RUSSAS;9;68;CENTRO;ESCOLA DE ENSINO MÉDIO MANOEL MATOSO FILHO;AVENIDA MARIA RAMALHO, 336
GROAÍRAS;65;127;ZONA RURAL;UBS - PEDRO RODRIGUES DE LIMA;POVOADO BOA VISTA
IPUEIRAS;40;198;VILA NOVA;EEF ESTEVAM RODRIGUES MOREIRA - VILA NOVA;ESTEVAM RODRIGUES MOREIRA, 604
BATURITÉ;5;120;SANHARAO-SEDE;INSTITUTO FEDERAL DE EDUCAÇÃO, CIÊNCIA E TECNOLOGIA IFCE;RUA OUVIDOR MOR VITORINO SOARES BARBOSA, 160
CEDRO;13;517;FÁTIMA;ESCOLA DE ENS FUND FCA DE ALBUQUERQUE MOURA (CEJOVEM);RUA ANTONIO VIANA DE ARAUJO S/N
UBAJARA;73;206;JOAO RIBEIRO LIMA (vila nova);ESCOLA SÂMEA REGINA MACEDO PAIXÃO;AV MONSENHOR GONÇALO EUFRÁSIO, S/N
FORTALEZA;83;419;DEMOCRITO ROCHA;CENTRO EDUCACIONAL SÃO SEBASTIÃO;RUA GUANABARA 1003
FORTALEZA;1;719;PRAIA DO FUTURO II;ESCOLA MUNICIPAL DOM ALOISIO LORSCHEIDER;RUA JULIO SILVA, 450
PINDORETAMA;7;104;CENTRO-PINDORETAMA;EMEB FRANCISCA HOLANDA COSTA;RUA MARECHAL CASTELO BRANCO, 1074
PEDRA BRANCA;59;69;SEDE;ESCOLA DE ENSINO FUNDAMENTAL FIRMO DE CASTRO;SITIO PAU D AGUA
JUCÁS;43;85;SÃO PEDRO DO NORTE - VILA;ESCOLA DE 1 GRAU DOM JOSE MAURO;RUA JOSE NORBERTO DE SOUSA S/N
FORTALEZA;95;219;PARQUE SANTA MARIA;EMEIEF BARBARA DE ALENCAR;RUA CAPITAO PORFIRIO, 544
CAPISTRANO;105;24;ZONA RURAL;ESCOLA DE ENSINO FUNDAMENTAL RAIMUNDO ALVES CASSEMIRO;CARQUEIJA
JUAZEIRO DO NORTE;119;446;SANTA TEREZA;COLEGIO POLIVALENTE;JOSE MARROCOS SN
FORTALEZA;95;314;JANGURUSSU;EMEIF JORNALISTA JOSÉ BLANCHARD GIRÃO DA SILVA;TRAVESSA MISSIONÁRIO OLIVEIRA,301
QUIXADÁ;6;23;CUSTÓDIO;EEF AUDISIO PINHEIRO;CUSTODIO, S/N
FORTALEZA;115;419;PARANGABA;CEJA - PROFº MOREIRA CAMPOS;RUA JULIO BRAGA, 101 B
CROATÁ;74;67;DISTRITO;ESCOLA MUNICIPAL DE SAO ROQUE;SAO ROQUE
APUIARÉS;50;8;CONJUNTO FRANCISCO BERNARDO;EEF MATILDE BARBOSA GOIS;RUA JOSÉ NOJOSA FREITAS, 100
IBIAPINA;73;40;CENTRO;CENTRO DE SAÚDE FRANCISCO MÁRCIO FERNANDES;RUA VENCESLAU SOARES S/N
PIQUET CARNEIRO;12;35;IBICUA;CSU - CENTRO SOCIAL URBANO;RUA JOSE ANANIAS, S/N
ACOPIARA;60;20;CENTRO;EEM ALFREDO NUNES DE MELO;RUA EMILIA DE LIMA PINHO, SN
TAUÁ;19;201;BEZERRA E SOUZA;CENTRO DE EDUCAÇÃO, CIÊNCIAS E TECNOLOGIA - CECITEC;RUA SOLON MEDEIROS, S/N - BR 020
MORADA NOVA;47;276;PADRE ASSIS MONTEIRO;EEB PREFEITO PERBOYRE GIRAO;RUA JOSE DE FONTES, 340 - VARZEA
FORTALEZA;116;423;BONSUCESSO;EM MARIA DO SOCORRO ALVES CARNEIRO;RUA LUIS VIEIRA 1020
CAUCAIA;37;482;NOVO PABUSSU;EEIEF MARIA DOLORES MENEZES DE ALMEIDA;RUA DA CONSOLAÇÃO, 465
CROATÁ;74;2;SEDE;ESCOLA DE EDUCACAO BASICA DOM TIMOTEO;RUA MANOEL BRAGA SN - CENTRO
SÃO GONÇALO DO AMARANTE;36;54;PECEM-DISTRITO;ESCOLA DE ENSINO FUNDAMENTAL E MEDIO EDITE ALCANTARA MOTA;PECEM
FORTALEZA;95;123;JANGURUSSU;EMEIEF LIONS CLUBE FORTALEZA FÁTIMA;TRAVESSA LIONS CLUBE, 141
TABULEIRO DO NORTE;91;56;PEIXE GORDO;EEB MARIA SANTA FREIRE - PEIXE GORDO;SITIO PEIXE GORDO
AQUIRAZ;66;53;CAMARA;EMEF JOAO PIRES CARDOSO;RUA ALDENORA CARDOSO SN
QUITERIANÓPOLIS;99;96;ZONA RURAL;EEIF FRANCISCO DE ASSIS FERREIRA;SANTA RITA
PARAMOTI;111;123;CENTRO;EMEF PAULO SARASATE (ANTIGO CERU);AV. JOAQUIM FARIAS, 175
ICAPUÍ;8;148;MUTAMBA DE ICAPUI;E.E.F. PROFESSORA RAIMUNDA LACERDA DAMIÃO;AV ESAU LACERDA SN
CRATO;27;271;VILA LOBO;EEIEF ANTÔNIO ANTUÉRPIO GONZAGA DE MELO;RUA ANTÔNIO ESMERALDO LEITE S/N
ACARAÚ;30;269;ZONA RURAL;ESCOLA JOAO JAIME FERREIRA GOMES FILHO;CURRAL VELHO DE BAIXO
ARARIPE;68;14;SITIO DESAPREGADO;ASSOCIAÇÃO COMUNITÁRIA DO SÍTIO DESAPREGADO;SITIO DESAPREGADO
CAUCAIA;120;316;SITIOS NOVOS;E.E.F. ALICE MOREIRA DE OLIVEIRA;RUA HENRIQUE MARTINS, S/N
CRATEÚS;20;305;FATIMA II;EEFM LIONS CLUBE;RUA CLOVIS BEVILAQUA 1417
CAUCAIA;123;411;SÃO MIGUEL (JUREMA);E.E.F.M. ROTARY CLUB;RUA SÃO LUCAS, S/N - CONJUNTO SÃO MIGUEL I
CHORÓ;6;359;CENTRO;EEMTI EMANUEL;RUA UNIVERSITÁRIA, 323, CIDADE NOVA, CENTRO
MISSÃO VELHA;16;63;SITIO ALEIXO;EEF PEDRO LUIZ PEREIRA;RUA DO COMERCIO S/N
MISSÃO VELHA;16;43;SEDE;EEF JUVENAL RODRIGUES BRANDAO;AVENIDA JOSE SOBREIRA DA CRUZ S/N, MATERNIDADE
MARANGUAPE;4;647;PARQUE IRACEMA - MARANGUAPE;COLÉGIO SÃO JOSÉ;RUA SÃO JOSÉ, S/N
ARACATI;8;163;CENTRO;E.E.M.T.I. BARAO DE ARACATI;PRAÇA DOS PRAZERES, 82
FORTALEZA;118;601;DIAS MACEDO;EMEF PROFESSOR JOAO HIPPÓLYTO DE AZEVEDO E SÁ;RUA 03 N. 88 RESIDENCIAL NAPOLEAO VIANA
MISSÃO VELHA;16;9;SEDE;CAMARA MUNICIPAL PALACIO JOSE CORREIA LIMA;RUA PADRE CICERO, SN, CENTRO.
EUSÉBIO;88;178;CENTRO;ESCOLA EROTIDES MELO LIMA;RUA BLUMENAU, 158 - CENTRO
EUSÉBIO;88;211;COAÇU;COLÉGIO 7 DE SETEMBRO;RUA DANILO ARRUDA, S/N
NOVA RUSSAS;48;40;CANINDEZINHO;C.E I. ANTONIA DE MARIA M DE SOUSA(ANTIGA CRECHE SÃO FRANCISCO);DISTRITO DE CANINDEZINHO,
MOMBAÇA;46;106;CARNAUBA;UNIDADE BÁSICA DE SAÚDE MANOEL AIRES TEIXEIRA;CARNAUBA
FORTALEZA;3;269;CENTRO;COLÉGIO ARI DE SÁ - PRÉ-VESTIBULAR - SEDE DUQUE DE CAXIAS;AV. DUQUE DE CAXIAS, 519
IPUEIRAS;40;210;TAPERA DO MEIO;EEF PEDRO FRANCISCO ALVES - TAPERA DO MEIO;TAPERA DO MEIO
RERIUTABA;79;40;CENTRO;E.E.F. RAIMUNDO MESQUITA;RUA CEL. AGRÍPIO TEODORO SOARES, 171
IGUATU;13;139;ALTO DO JUCÁ;SECRETARIA MUNICIPAL DE AÇÃO SOCIAL;RUA 21 DE ABRIL SN
GUARAMIRANGA;5;254;CENTRO-SEDE;EMEF PROFESSOR JULIO HOLANDA;RUA CEL FRANCISCO DE MATOS BRITO S/N
PIQUET CARNEIRO;12;161;SEDE;ASSOCIAÇÃO DOS PRODUTORES RURAIS SÍTIO EMA DOS MARINHEIROS;SÍTIO EMA DOS MARINHEIROS
MILHÃ;55;58;CENTRO;ESCOLA DE ENSINO FUNDAMENTAL CLEONICE B. PINHEIRO ROSA;RUA PEDRO JOSE DE OLIVEIRA 908
FORTALEZA;2;134;MESSEJANA;EEM LICEU DE MESSEJANA;AVENIDA WASHINGTON SOARES 7702
MARACANAÚ;122;273;JAÇANAÚ;EMEF JOAQUIM AGUIAR;RODOVIA 065 KM 09 9821
MARCO;96;157;CENTRO-SEDE;PREFEITURA MUNICIPAL DE MARCO;AV. PREF. GUIDO OSTERNO, S/N
TEJUÇUOCA;41;249;POVOADO MACACO;CRECHE NEDI SONHO DE CRIANÇA;LOCALIDADE DE MACACO
ASSARÉ;18;121;ZONA RURAL;ESCOLA DE EDUCACAO INF E ENS FUND PEDRO ARAUJO DA SILVA;SITIO SAO JOSE  - ZONA RURAL
MILAGRES;26;86;SITIO OLHO D'AGUA DOS CAVALOS;ESCOLA ANTONIA MARIA DA CONCEICAO;SITIO OLHO DAGUA DOS CAVALOS
DEPUTADO IRAPUAN PINHEIRO;55;150;CENTRO;CENTRO ADMINISTRATIVO DA ASSIST. SOCIAL ANT. HOLANDA LIMA;RUA CANDIDO BORGES
SOBRAL;121;247;ARACATIAÇU;ETI MARIA DE LOURDES DE VASCONCELOS;RUA MONSENHOR LINHARES, S/N
CAUCAIA;123;431;ARATURI (JUREMA);E.E.F. PROFESSORA MARLY FERREIRA MARTINS;RUA NW-3, S/N
MONSENHOR TABOSA;61;163;CENTRO;E.M.E.F.T.I LUIZ LEITAO;AVENIDA PESSOA PIRES  2
TEJUÇUOCA;41;66;SAO BENTO;ESCOLA MUNICIPAL JOSE MOREIRA CRUZ;SAO BENTO
SOBRAL;121;34;ARACATIAÇU;ETI MARIA DE LOURDES DE VASCONCELOS;RUA MONSENHOR LINHARES, S/N
BOA VIAGEM;63;59;OLHO DAGUA DOS FACUNDOS-GUIA;EEF VALKMAR BRASIL DOS SANTOS;OLHO D'AGUA DOS FACUNDOS
SÃO BENEDITO;22;242;SITIO BARRA;EMEB EROTIDES MELO LIMA;SITIO BARRA
FORTALEZA;3;278;CENTRO;FAC. CATÓLICA DE FORTALEZA (SEMINÁRIO DA PRAINHA);RUA TENENTE BENÉVOLO, 201
FORTALEZA;2;82;GUAJERU;EEEP COMENDADOR MIGUEL GURGEL;RUA JOSE BAIMA, S/N
IPUEIRAS;40;201;BARRO VERMELHO;EEF SEBASTIÃO FERREIRA CHAVES - BARRO VERMELHO;BARRO VERMELHO
EUSÉBIO;88;244;CENTRO;ESCOLA PROFISSIONALIZANTE EUSEBIO DE QUEIROZ;RUA MARIA TEIXEIRA JOCA, SN
PIQUET CARNEIRO;12;181;SEDE;EMEIF BARRA DO SERROTE;SÍTIO MONTEIROS
FORTALEZA;113;2;BENFICA;FACULDADE DE ARQUITETURA E URBANISMO DA UFC;AV. DA UNIVERSIDADE, 2890
TIANGUÁ;81;302;ÁREA RURAL DE TIANGUÁ;E.E.F.I. SANTO AGOSTINHO ;SÍTIO LARANJEIRAS
MARACANAÚ;104;307;JEREISSATI II;EEMTI PROFESSOR EDMILSON PINHEIRO;AVENIDA XII, 727
TAMBORIL;61;103;COMUNIDADE QUILOMBOLA de torres;EMTI RAIMUNDO AGOSTINHO DA SILVA;COMUNIDADE QUILOMBOLA DE TORRES
MOMBAÇA;46;90;CENTRO;ESCOLA DE ENSINO FUNDAMENTAL CÂNDIDO SIMAO;CANGATI - DISTRITO DE CANGATI
IPAPORANGA;20;273;CENTRAL;ESCOLA DE EDUCAÇÃO INFANTIL PEQUENO PRÍNCIPE;RUA GABRIELRODRIGUES JÚNIOR, 101
MARANGUAPE;4;653;SERRA DO LAGEDO - ANTÔNIO MARQUES;EMEIEF IMACULADA CONCEIÇÃO;VILA ANTÔNIO MARQUES, 16
ITAPIPOCA;17;373;COQUEIRO;IFCE - CAMPUS ITAPIPOCA;AVENIDA DA UNIVERSIDADE, 102
MAURITI;76;46;COITE-DISTRITO;EEF EDSON OLEGÁRIO DE SANTANA;RUA CEL. NAZÁRIO, S/N
CASCAVEL;7;264;CHORO CAJAZEIRAS;ESC.ENS.FUND. JUAREZ QUEIROZ;CHORO CAJAZEIRAS
PEDRA BRANCA;59;91;MINEIROLANDIA;NUCLEO DE ARTE GERALDO CARNEIRO DE SOUZA;MINEIROLANDIA
LIMOEIRO DO NORTE;29;61;CENTRO;FACULDADE DE FILOSOFIA D AURELIANO MATOS;AV DOM AURELIANO MATOS 2058
NOVA OLINDA;53;26;SÃO JOÃO;POSTO DE SAÚDE  DO SITIO SÃO JOÃO;SÍTIO SÃO JOÃO
ITAPIPOCA;17;707;ARAPARI;EEB JOAO GONCALVES VIANA;SANTA RITA
TEJUÇUOCA;41;305;VERTENTES;ESCOLA MUNICIPAL SAO JOAO BATISTA;VERTENTES
TIANGUÁ;81;334;VEREADOR JOÃO ALBUQUERQUE;E.E.I.F. TEREZA NUNES;RUA CONSTRUTOR RAIMUNDO BOTO, SN - RÉGIS DINIZ
RUSSAS;9;92;PEDRAS;ESCOLA MUNICIPAL REUNIDA ADOLFO JOSE DA SILVA;SITIO PEDRAS
QUIXERÉ;29;274;SEDE;UNIDADE DE APOIO AO PSF DE BUTICA;BUTICA
ICÓ;15;81;SANTA CRUZ DA SERRA - DISTRITO;ESCOLA MUNICIPAL  WALFRIDO MONTEIRO SOBRINHO;RUA EVILASIO BARBOSA S/N
SOLONÓPOLE;55;33;PASTA;GRUPO ESCOLAR ANTONIO BENIGNO BEZERRA;DISTRITO PASTA
CRATO;27;21;CENTRO;18ª CREDE - COORDENADORIA REGIONAL DE DESENV. DA EDUCAÇÃO;RUA ANDRÉ CARTAXO, 09
BARREIRA;52;144;LAGOA GRANDE;UBS MARÍA RODRIGUES DA SILVA ;CRUZ
JUAZEIRO DO NORTE;28;486;HORTO;EMEI SENADORA ALACOQUE BEZERRA;RUA BOM JESUS DO HORTO, SN
SOBRAL;121;49;CENTRO;EEM PROFESSOR ARRUDA;RUA CEL. MONT'ALVERNE, 570
ICÓ;15;161;MALHADA VERMELHA - SITIO;ESCOLA MUNICIPAL JOAQUIM FELIZARDO DO NASCIMENTO;SITIO MALHADA VERMELHA S/N
IPUEIRAS;40;19;MATRIZ DE SAO GONCALO;EEF FRANCISCO SOARES MOURÃO - MATRIZ DE SÃO GONÇALO;MATRIZ DE SÃO GONÇALO
CARIRIAÇU;71;151;JOSÉ AGOSTINHO;EEF MARIA FLOSCOELE MACHADO LACERDA;RUA FRANCISCO BARROS SOBRINHO, 40
CAMPOS SALES;38;72;DIST. DE ITAGUÁ;E.E.F.T.I  ANÂNIAS CUSTÓDIO ARRAIS - DIST. DE ITTAGUÁ;RUA ANÂNIAS CUSTÓDIO ARRAIS S/N
FORTALEZA;3;535;CENTRO;EEMTI VISCONDE DO RIO BRANCO;AV. DOM MANUEL, 1803
PIQUET CARNEIRO;12;144;CENTRO;EMEF REINO INFANTIL;RUA ZACARIAS PINHEIRO DA SILVA, S/N
ARACATI;8;310;SANTA TEREZA;E.E.F. DOMINGOS COSTA TEOBALDO;VILA DE SANTA TEREZA
PENTECOSTE;50;57;CENTRO;SECRETARIA DE EDUCAÇÃO DE PENTECOSTE;RUA MAJOR JOÃO MARTINS, 361
MORAÚJO;64;89;BOA ESPERANÇA;BOA ESPERANÇA - ESCOLA M. HUET ARRUDA (FECHADO REFORMA);DISTRITO DE BOA ESPERANÇA
IPUEIRAS;40;172;AREIAS;EEI E FUNDAMENTAL JOSÉ SOARES CAVALCANTE - AREIAS;AREIAS
MOMBAÇA;46;82;CATOLE;ESCOLA DE ENSINO FUNDAMENTAL JOSÉ LIBERATO DE PÁDUA;CATOLE
AQUIRAZ;66;359;DIVINEIA;CEI MARIA ELCIR BRITO DE LIMA;RUA JOÃO DE CASTRO, 59
MULUNGU;5;151;RIO NILO-SITIO;POSTO DE SAÚDE DO RIO NILO;RIO NILO
ABAIARA;26;139;CENTRO;UNIDADE BÁSICA DE SAÚDE DR SEBASTIÃO CAVALCANTI;RUA PADRE JOSÉ LEITE SAMPAIO, 140
CAMPOS SALES;38;104;B. CENTRO;INSTITUTO EDUCACIONAL PROFESSORA MARIA DULCE DE ALENCAR - (MDA) - SEDE;RUA JULIO NORÕES, 531
JARDIM;119;290;CENTRO;CENTRO EDUCACIONAL PADRE ALDEMIR;RUA FRANCISCO RORIZ 227
PALMÁCIA;4;631;CENTRO;UBS SEDE;RUA ILDEFONSO CAMPOS, S/N
QUIXERÉ;29;225;LAGOINHA;EEIF AGOSTINHO FRANCISCO FERREIRA LIMA;BOM SUCESSO
ALCÂNTARAS;24;10;SAO JOSE;EEM FRANCISCO DE ALMEIDA MONTE;RUA FRANCISCO CUNHA S/N
MOMBAÇA;46;116;AÇUDINHO;ESCOLA DE ENSINO FUNDAMENTAL FRANCISCO VIEIRA COSTA;DISTRITO DE ACUDINHO
QUIXADÁ;6;466;COMBATE;SEMINÁRIO MAIOR DIOCESANO NOSSA SENHORA IMACULADA RAINHA DO SERTÃO;RUA BASÍLIO PINTO,1179
AQUIRAZ;66;323;ARACAS;EMEF RAIMUNDO RAMOS DA COSTA;SITIO ARACAS
CAMOCIM;32;280;ZONA RURAL;ESCOLA JOSÉ BENTO XAVIER -  MACEIO;LOCALIDADE DE MACEIO
SENADOR POMPEU;12;84;ENGENHEIRO JOSE LOPES;EEIEF JOSÉ ANTÔNIO DE SOUSA;ENGENHEIRO JOSE LOPES
MORADA NOVA;47;292;LINHA BASE;EEB FRANCISCO XAVIER ANDRADE GIRAO;SITIO LINHA BASE DE CIMA
QUIXERAMOBIM;11;280;MANITUBA;ESCOLA MANOEL FAUSTINO DE ALMEIDA;FORQUILHA
GRAÇA;79;257;CENTRO-SEDE;GRUPO VICENTE ALVES DE SOUSA;R JOAQUIM VICENTE DE ALCANTARA S/N
PACAJUS;49;180;GENIPAPO;EEF FRANCISCO LOPES DA CRUZ;LOCALIDADE GENIPAPO
NOVA RUSSAS;48;196;IRAPUÁ;ESCOLA MUNICIPAL FRANCISCO INÁCIO DE CARVALHO;DISTRITO DE IRAPUÁ,
BARRO;92;5;CENTRO-SEDE;ESCOLA DE 1 GRAU JUSTINO ALVES FEITOSA;RUA CRISANTINA MONTEIRO S/N
RUSSAS;9;79;CENTRO;ESCOLA MUNICIPAL TIA BENILCE DE EDUC INFANTIL E ENSINO FUNDAMENTAL;AVENIDA DOM LINO, 204
SANTANA DO ACARAÚ;44;107;CENTRO;CASA DE CULTURA ESCRIVAO ANTONIO RIOS;RUA VIGARIO THEOTIME 145
CRATO;27;75;PIMENTA;URCA - UNIVERSIDADE REGIONAL DO CARIRI;RUA CORONEL ANTÔNIO LUIZ, 1161
CRATEÚS;20;13;SÃO VICENTE;CENTRO DE ATENÇÃO PSICOSOCIAL DR. ABDORAL MACHADO (CAPS);RUA AUTON ARAGAO, SN
SANTA QUITÉRIA;54;120;ASSENTAMENTO TRÊS BARRAS;ESCOLA MUNICIPAL FRANCISCO CHAGAS DE OLIVEIRA;POVOADO TRÊS BARRAS
CAMPOS SALES;38;89;ZONA RURAL;E.E.I.F ENG. FRANCISCO THOMÉ DA FROTA - RENDEIRA DOS DIONIZIOS;SÍTIO RENDEIRAS DOS DIONÍZIOS
PARACURU;109;222;CUMBI;E.M.E.I.F. MARIA BASILIO BARBOSA;CUMBI, S/N
CRUZ;30;393;ZONA RURAL;ESCOLA PEDRO MARQUES DA CUNHA;SOLIDAO
SANTA QUITÉRIA;54;195;POVOADO SÃO JOSÉ DOS MOCÓS;ESCOLA MUNICIPAL JOÃO RODRIGUES MARTINS;POVOADO SÃO JOSÉ DOS MOCÓS
CRATO;27;125;DOM QUINTINO;EEIEF RAIMUNDO NONATO DE SOUZA;RUA SEBASTIÃO DE SOUZA MARTINS, 143
GRANJA;25;44;IBUGUAÇU;E.E.F. MARTINIANO FONTENELE MAGALHÃES;AV. MARTINIANO FONTENELE MAGALHÃES, S/N
RERIUTABA;79;13;CENTRO;E.E.F. RAIMUNDO MESQUITA;RUA CEL. AGRÍPIO TEODORO SOARES, 171
FORTALEZA;3;517;CENTRO;CENTRO DE PASTORAL MARIA, MÃE DA IGREJA;RUA RODRIGUES JÚNIOR, 300
ARACATI;8;304;BOCA DO FORNO;E.E.F. VALDOMIRO AFONSO LIMA;BOCA DO FORNO
PENTECOSTE;50;102;ACAMPAMENTO;PÓLO DE ATENDIMENTO;RUA 13 DE MAIO, S/N
IRAUÇUBA;41;262;MANDACARU;ESCOLA DE ENSINO INFANTIL E FUNDAMENTAL ANTÔNIO VIDAL;MANDACARU
SANTANA DO ACARAÚ;44;36;BARRO PRETO;EEF PEDRO ROSA DA COSTA;BARRO PRETO
QUIXADÁ;6;200;JUATAMA;CEI RAIMUNDO LOPES DE PAULO;RUA PEDRO FILGUEIRAS, S/N
JARDIM;119;397;SITIO RIACHO FUNDO DO CORRENTE;CAPELA NOSSA SENHORA DA CONCEIÇÃO;SITIO RIACHO FUNDO DO CORRENTE
LIMOEIRO DO NORTE;29;27;ÁREA RURAL;UNIDADE DE SAÚDE DE APOIO DA PEDRA BRANCA;SITIO PEDRA BRANCA
MOMBAÇA;46;2;CENTRO;EEF PE. PEDRO LEÃO;RUA FRANCISCO DE ASSIS BARROSO FEIJÓ
GRANJEIRO;62;280;NOVO GRANJEIRO;EEF HONÓRIO FELICIANO DE AQUINO;AV. FRANCISCO MONTEIRO, S/N
NOVO ORIENTE;99;157;ZONA RURAL;GRUPO ESCOLAR ROSENDO FERREIRA DA MOTA;TATAJUBA
VÁRZEA ALEGRE;62;59;IBICATU;EEF MARIA SIEBRA DE MORAIS;SÍTIO FORTUNA
JARDIM;119;311;SITIO MINAS;CAPELA SÃO JOÃO BATISTA;SITIO MINAS  SN
CAUCAIA;37;162;TABULEIRO GRANDE;ESCOLA DIFERENCIADA CACIQUE ANTONIO FERREIRA DA SILVA(COMUN. INDIGENA);TRAV. EDGAR VIEIRA GUERRA, S/N, REGIÃO GARROTE
MARANGUAPE;4;627;PARQUE IRACEMA - MARANGUAPE;COLÉGIO SÃO JOSÉ;RUA SÃO JOSÉ, S/N
FORTALEZA;3;189;CENTRO;COLÉGIO 7 DE SETEMBRO (SEDE NGS);AV. DO IMPERADOR, 1330
MOMBAÇA;46;147;CENTRO;ESCOLA DE ENSINO FUNDAMENTAL CÂNDIDO SIMAO;CANGATI - DISTRITO DE CANGATI
MONSENHOR TABOSA;61;143;CENTRO;E.M.E.F.T.I LUIZ LEITAO;AVENIDA PESSOA PIRES  2
GRANJEIRO;62;164;SÍTIO SERRINHA;EEIF PROFA FCA DE ARAÚJO BORGES (D. FRANSQUINHA);SITIO SERRINHA
QUIXADÁ;6;232;CENTRO;EEMTI CORONEL VÍRGILIO TÁVORA;RUA EPITÁCIO PESSOA, 1498
FORTALEZA;113;275;RODOLFO TEÓFILO;ESC. MUNICIPAL ANTONIO SALES RODOLFO TEÓFILO;RUA TAVARES IRACEMA, 675
FORTALEZA;2;158;LAGOA REDONDA;EMEIF MOREIRA DA ROCHA;AV ODILON GUIMARAES, 3860
MARANGUAPE;4;545;NOVO PARQUE IRACEMA - MARANGUAPE;EMEF NILO PINHEIRO CAMPELO;RUA NILO CAMPELO, 48
MORADA NOVA;47;267;SAO FRANCISCO;EEB PROFESSORA ANA CLARA ANDRADE NÂNTUA BENTO;RUA JOSÉ DE SOUSA MARTINS, 261
ALTO SANTO;86;15;CASTANHAO;ESCOLA DE 1 GRAU LIRA MAIA HOLANDA;RUA AGAPITO FERREIRA MAIA 1
HORIZONTE;78;88;CENTRO;EEM RAIMUNDO NOGUEIRA;RUA RAIMUNDO NOGUEIRA, 103
CRATO;27;373;ALTO DA PENHA;EEIEF GOVERNADOR LUIZ DE GONZAGA DA FONSECA MOTA;RUA PLÍNIO CAVALCANTE S/N
IGUATU;13;253;BARREIRAS;CRECHE JOSÉ LOURENÇO DE MELO;VILA BARREIRAS DOS PINHEIROS
CAMPOS SALES;38;49;DIST. DE BARÃO DE AQUIRAZ;E.E.F.T.I - PRESIDENTE CASTELO BRANCO - DIST. DE BARÃO DE AQUIRAZ;RUA JUSTINO ROCHA, S/N
GUARAMIRANGA;5;241;CENTRO-SEDE;EMEF PROFESSOR JULIO HOLANDA;RUA CEL FRANCISCO DE MATOS BRITO S/N
ITAPAJÉ;41;154;TRES OLHOS D'AGUA;ESCOLA MUNICIPAL PEDRO BORGES DA SILVA;TRES OLHOS D'AGUA
SOLONÓPOLE;55;87;PASTA;GRUPO ESCOLAR ANTONIO BENIGNO BEZERRA;DISTRITO PASTA
TARRAFAS;18;44;ZONA RURAL;GRUPO ESCOLAR VEREADOR FRANCISCO GUALBERTO;RUA PRINCIPAL SN  -  CAICARA
FORTALEZA;93;198;PLANALTO AYRTON SENNA;LICEU ESTADUAL DOMINGOS BRASILEIRO;RUA PLANALTINA, S/N
MARACANAÚ;104;105;JEREISSATI I;EEMTI PROFESSOR CLODOALDO PINTO;AVENIDA CONTORNO NORTE, 99
CASCAVEL;7;77;CHORO VAQUEJADOR;E.E.F. FRANCISCO SILVA DE FREITAS (CHORO VAQUEJADOR);CE 040 CHORO VAQUEJADOR
ARACOIABA;67;20;JENIPAPEIRO-DISTRITO;ESCOLA MUNICIPAL ANTONIO PAULO;JENIPAPEIRO I
GRAÇA;79;171;LAPA;ESCOLA PADRE RAIMUNDO NONATO RODRIGUES;LAPA
MORADA NOVA;47;279;GIRILANDIA;SINDICATO DOS TRABALHADORES RURAIS DE MORADA NOVA;RUA CEL TIBURCIO, 80
ITAREMA;98;160;CENTRO;EMEF PE ARISTIDES ANDRADE SALES;AV JOAO BATISTA RIOS S/N
AQUIRAZ;66;76;TAPUIO;CENTRO DE EDUCAÇÃO E CIDADANIA MARIA DE CASTRO BERNARDO;RUA JOSE ADAMOR ABREU, S/N - DISTRITO JOAO DE CASTRO
MARACANAÚ;122;109;INDUSTRIAL;EMEF VINICIUS DE MORAIS;RUA N NO. 425 (ESPLANADA DO MONDUBIM)
PEREIRO;10;159;SITIO SAO PAULO;ESCOLA MUNICIPAL JOSE NILSON BEZERRA;SITIO SAO PAULO
PIRES FERREIRA;21;8;SEDE;E.E.F.M. FRANCISCO SOARES DE OLIVEIRA;RUA 22 DE MAIO, SN
ASSARÉ;18;13;AMARO;CRECHE MUNICIPAL DE AMARO;RUA DOM VICENTE DE ARAUJO MATOS
SÃO BENEDITO;22;246;CENTRO-SEDE;CENTRO DE NUTRICAO;RUA JOSE INÁCIO DE AGUIAR, SN
ACOPIARA;60;7;CENTRO;EEI ANEXO CDI MIGUEL G. DE OLIVEIRA;RUA EDUARDO GURGEL VALENTE S/N
FORTALEZA;2;136;MESSEJANA;EEM LICEU DE MESSEJANA;AVENIDA WASHINGTON SOARES 7702
JAGUARIBE;10;94;COHAB;EEEP POETA SINÓ PINHEIRO (LICEU);AV D, S/N
IPUEIRAS;40;75;MELOSA;EEF JOSÉ SARAIVA CHAVES - MELOSA;MELOSA
MORADA NOVA;47;39;CENTRO;CEBCJEC -CENTRO DE EDUCAÇÃO BÁSICA CORONEL JOSÉ EPIFÂNIO DAS CHAGAS;AV MANOEL CASTRO, 600
IGUATU;13;110;JOSÉ DE ALENCAR;ESCOLA DE ENS FUND FRANCISCO SEBASTIAO UCHOA;SANTA ROSA II
MARCO;96;122;BAIRRO COQUEIRINHO;CEI EDILARDO MOREIRA;RUA GOVERNADOR RAUL BARBOSA S/N
FORTALEZA;83;235;PANAMERICANO;ESCOLA MUNICIPAL JOSÉ BATISTA DE OLIVEIRA;RUA GOIÁS 620
SANTANA DO ACARAÚ;44;29;CENTRO;ALCIONE CLUBE;RUA JOÃO CORDEIRO, S/N
SANTA QUITÉRIA;54;188;FLORES;ESCOLA MUNICIPAL CONCEIÇÃO CATUNDA;RUA JOÃO PESSOA PESSOA, S/N. - FLORES
VIÇOSA DO CEARÁ;35;178;SITIO TOPE;E.E.I.F ALICE RODRIGUES PASSOS;SITIO TOPE
PENAFORTE;70;344;SANTO ANDRE-SEDE;CENTRO DE EDUCACAO RURAL;SANTO ANDRE
CAMOCIM;32;253;SAO PEDRO;EEF GENERAL ANTONIO DA SILVA CAMPOS - BAIRRO SAO PEDRO;RUA SIQUEIRA CAMPOS S/N
PIRES FERREIRA;21;83;SEDE;E.E.F.M. FRANCISCO SOARES DE OLIVEIRA;RUA 22 DE MAIO, SN
TRAIRI;97;15;CENTRO;ESCOLA DE 1 E 2 GRAU JONAS HENRIQUE DE AZEVEDO;AV CELSO BARROSO
ICÓ;15;154;AGUA BRANCA - SITIO;ESCOLA MUNICIPAL VICENTE CHAGAS MOTA;SITIO AGUA BRANCA S/N
FORTALEZA;116;63;BOM JARDIM;EM CRESCER E APRENDER;RUA EDSON MARTINS, 642
CAMOCIM;32;134;BOA ESPERANCA;COLEGIO MONSENHOR JOSE AUGUSTO;RUA 3 DE OUTUBRO S/N
FORTALEZA;112;75;ENGENHEIRO LUCIANO CAVALCANTE;ESCOLA ESTADUAL DE EDUCAÇÃO PROFISSIONAL JAIME ALENCAR DE OLIVEIRA;AV ROGACIANO LEITE, 2285
PACATUBA;57;182;ALTO SAO JOAO;EEIEF DR. CARLOS ALBERTO DE ALMEIDA PONTES;RUA JOSE FRANKLIN S/N
FORTALEZA;114;131;BARRA DO CEARÁ;EEFM ESTADO DE ALAGOAS;AVENIDA PRESIDENTE CASTELO BRANCO, 5244
AURORA;69;35;INGAZEIRAS-DISTRITO;ESCOLA DE ENSINO FUNDAMENTAL ANTONIO TELES DE PONTES;RUA DO COMERCIO
VIÇOSA DO CEARÁ;35;101;ZONA RURAL;E.E.F JOÃO PAULINO;DISTRITO DE PASSAGEM DA ONCA
MAURITI;76;149;BURITIZINHO-DISTRITO;EEF JOÃO LEITE DA SILVA;SITIO MACAMBIRA
JUAZEIRO DO NORTE;28;316;SAO MIGUEL;COLÉGIO OBJETIVO;RUA DOUTOR FLORO, 776
CRATO;27;186;DOM QUINTINO;IGREJA SANTA RITA DE CÁSSIA;SÍTIO FAUSTINO
FORTALEZA;82;63;ÁLVARO WEYNE;EM NOSSA SENHORA DO PERPÉTUO SOCORRO;RUA CÔNSUL GOUVEIA, 57
FORTIM;8;300;CENTRO;EEIFTI. PROFESSORA MARIA LUIZA;RUA JOAQUIM CRISÓSTOMO, 739.
BARRO;92;50;IARA-DISTRITO;ESCOLA DE ENSINO BASICO DEP. ANTONIO LEITE TAVARES;BR 116 - KM 447
FORTALEZA;3;412;ALDEOTA;COLÉGIO DARWIN;RUA ILDEFONSO ALBANO, 1030
FORTALEZA;114;220;FLORESTA;INSTITUTO EDUCACIONAL PRESIDENTE MEDICI;RUA CÉSAR CORREIA 973
ITAPIPOCA;17;703;CENTRO;EEM JOAQUIM MAGALHÃES;RUA PERGENTINA ARAUJO S/N
FORTALEZA;1;399;CAIS DO PORTO;ESCOLA MUNICIPAL SAO VICENTE DE PAULO;AVENIDA ZEZE DIOGO 1247
QUIXERAMOBIM;11;5;MANITUBA;ESCOLA ALFREDO ALMEIDA MACHADO-VARZEA DE CIMA;VARZEA DE CIMA
VIÇOSA DO CEARÁ;35;147;ZONA RURAL;E.E.I.F CAJUEIRO DO NECO;SÍTIO CAJUEIRO DO NECO
ITAPIPOCA;17;502;BOA VISTA;EEB MARIA DALVA BARBOSA AZEVEDO;RUA EUBIA BARROSO
BARREIRA;52;21;CÓRREGO;ESCOLA MANUEL LIBERATO DE CARVALHO;CÓRREGO
URUBURETAMA;23;40;CENTRO;EEIF VANIA MARIA ARAUJO SAMPAIO PINTO;RUA CEL JOÃO ANTONIO SN
EUSÉBIO;88;85;CENTRO;EEM ANA BEZERRA DE SA;AV AIRTON SENA, 130 - CENTRO
FORTALEZA;93;105;MONDUBIM;EM OSMIRIO DE OLIVEIRA BARRETO;RUA 10, S/N (CJ SITIO DO CÓRREGO)
EUSÉBIO;88;211;COAÇU;COLÉGIO 7 DE SETEMBRO;RUA DANILO ARRUDA, S/N
EUSÉBIO;88;224;TAMATANDUBA;CEI TEREZINHA CAMPINA BRAUNA;RUA EZEQUIEL CAMPINA, S/N
ACOPIARA;60;13;DISTRITO DE SANTO ANTONIO;EEF JOSE ALVES DO NASCIMENTO;VILA DE SANTO ANTONIO
NOVO ORIENTE;99;3;CENTRO;EEB DR. ANTONIO EUFRASINO NETO;RUA LUIZ BEZERRA, S/N
CHAVAL;108;30;DISTRITO PASSAGEM DOS VAZ;POSTO DE SAUDE DE PASSAGEM DOS VAZ;DISTRITO PASSAGEM DOS VAZ
MARANGUAPE;4;70;LAGES;EMEF ZILDA DE BARROS DE MEDEIROS;RUA SAMUEL BOTELHO DE SOUSA, 578
RUSSAS;9;62;VARZEA ALEGRE;CENTRO DE EDUCACAO INFANTIL ANA DE OLIVEIRA ROCHA SOMBRA;AV MARIA RAMALHO S/N
MORADA NOVA;47;93;PEDRAS;EEB ANA NOGUEIRA MAIA;RUA SABINO NOGUEIRA L
QUIXERAMOBIM;11;38;CENTRO;ESCOLA ASSIS BEZERRA;RUA FRANCISCO IVO 60
BARBALHA;31;133;NSA SRA FÁTIMA;CEI MARIA DAS GRAÇAS FURTADO CORREIA (CJ NSA SRA FATIMA);RUA JOSÉ ILÂNIO COUTO GONDIM, 270
MILAGRES;26;122;SITIO CANEIRA;POSTO DE SAUDE DA CANEIRA;SITIO CANEIRA
SENADOR SÁ;45;66;ZONA RURAL;EEF ANTONIO COSTA NASCIMENTO;POVOADO DE SALAO
NOVO ORIENTE;99;46;ZONA RURAL;EEF MANOEL LUIZ DA SILVA;TRES IRMAOS
JUAZEIRO DO NORTE;119;134;NOVO JUAZEIRO;ESCOLA TIRADENTES;CASTELO BRANCO SN
BREJO SANTO;70;411;CAPILÉ;CEI SANTÍSSIMO SACRAMENTO;R MANOEL LEITE DE MOURA, 72
FORTALEZA;114;98;JARDIM IRACEMA;EM RAIMUNDO DE SOUSA MANGUEIRA;RUA ALBERTO FERREIRA 624
MARCO;96;125;DISTRITO DE PANACUI;CEI FATIMA ROCHA SILVIA FONSECA;PANACUÍ
INDEPENDÊNCIA;39;43;VÁRZEA GRANDE;E.E.F. JOSE CANUTO DE OLIVEIRA;POVOADO VARZEA GRANDE
MARACANAÚ;122;157;PIRATININGA;EMEF - ELIAN DE AGUIAR MENDES;RUA AMAZONAS 01
INDEPENDÊNCIA;39;17;CENTRO;EMATERCE;RUA PRESIDENTE VARGAS
FORTALEZA;83;491;BELA VISTA;COLEGIO CHRISTUS;AV. ENG. HUMBERTO MONTE, 1355
ACARAÚ;30;207;PAULO VI;ESCOLA DEPUTADO JOSÉ FILOMENO;RUA CAPITÃO DIOGO LOPES SN
ACOPIARA;60;270;SEDE;EEF SERAFIM DE SOUZA LIMA;VILA AROEIRA
SÃO GONÇALO DO AMARANTE;36;324;PECEM-DISTRITO;CEDI - GUIOMAR MENDES;RUA DATIVA FERREIRA SOARES, S/N - PECEM
TURURU;17;680;ALTO DOS CAMELOS;CENTRO EDUCACIONAL ERNESTO GHISLANDI;RUA JATOBA I
AQUIRAZ;66;297;PORTO DAS DUNAS;EMEF MARIA FACANHA DE SÁ;RUA VIA COLETORA - LITORANEA II  N 2435
CAUCAIA;120;97;CONJUNTO METROPOLITANO;E.E.I.E.F. OSMAR DIÓGENES PINHEIRO;RUA EDMUNDO RODRIGUES, 485 - CONJUNTO METROPOLITANO
PIRES FERREIRA;21;100;DISTRITO;EEM INÁCIO GOMES DE VASCONCELOS;LAJINHA
SÃO GONÇALO DO AMARANTE;36;66;ESPINHO-POVOADO;ESCOLA DE ENSINO FUNDAMENTAL VEREADOR CESARIO DE OLIVEIRA FILHO;ESPINHO
PINDORETAMA;7;183;PRATIUS - 2;EMEB OLGA VALE ALBINO;RODOVIA CE 454, S/N - PRATIUS - 2  PINDORETAMA
AQUIRAZ;66;79;CAPONGA DA BERNARDA;EMEFJUSCELINO KUBITSCHEK;AV ANTONIO LOURENÇO DA SILVA S/N
CHAVAL;108;88;CENTRO;EEF FRANCISCO PEREIRA FONTENELE;TRAVESSA DOMÍCIO FERNANDES PEREIRA, SN
PORANGA;40;85;SEDE;EEFM PRUDÊNCIO DE PINHO - SEDE;AV. DR. EPITÁCIO PINHO, 277, BAIRRO VILA NOVA
ICÓ;15;115;CANTO - SITIO;ESCOLA MUNICIPAL MANOEL JOSE DE ARAUJO;SITIO CANTO S/N
FORTALEZA;2;92;MESSEJANA;CLUBE DA CAIXA;AVENIDA FREI CIRILO 4700
FORTALEZA;2;123;MESSEJANA;EEFM JOSE DE ALENCAR;RUA VENEZA, 84
ASSARÉ;18;68;CENTRO;ESCOLA PROFESSORA. BATISTINA BRAGA;RUA DR PAIVA VILA MOTA SN
FORTALEZA;3;240;CENTRO;COLÉGIO ESTADUAL JUSTINIANO DE SERPA;AV. SANTOS DUMONT, 56
FORTALEZA;3;419;ALDEOTA;UNICHRISTUS ALDEOTA;RUA VISCONDE DE MAUÁ, 1940
REDENÇÃO;52;172;DISTRITO DE ANTÔNIO DIOGO;ESCOLA CAMILO BRASILIENSE (PRÉDIO NOVO);RUA JERUSALEM, S/N
MORADA NOVA;47;50;CENTRO;CEBCJEC -CENTRO DE EDUCAÇÃO BÁSICA CORONEL JOSÉ EPIFÂNIO DAS CHAGAS;AV MANOEL CASTRO, 600
MORRINHOS;44;194;FAZENDA PILOES;EMEF JOÃO LEONEL ALVES;FAZENDA PILÕES
PARAMBU;19;327;BRASILIA;ESCOLA JOAO DE SOUSA LEMOS;AVENIDA LUIS GONZAGA FREIRE - BRASÍLIA
LIMOEIRO DO NORTE;29;8;CENTRO;CENTRO DE EDUCACAO DE JOVENS E ADULTOS - CEJA;RUA DOS EXPEDICIONARIOS 2991
ARACATI;8;72;CORREGO DO RETIRO;E.E.F. APOLINARIO JOAQUIM MONTEIRO;CORREGO DO RETIRO
FORTALEZA;3;188;CENTRO;COLÉGIO MILITAR DO CORPO DE BOMBEIROS;RUA CONSELHEIRO ESTELITA, 500 (SEDE PROVISÓRIA)
FORTALEZA;2;163;MESSEJANA;INSTITUTO FREI JOAO PEDRO DE SEXTO;AVENIDA FREI CIRILO, 4241
CROATÁ;74;168;SEDE;ESCOLA DE EDUCACAO BASICA DOM TIMOTEO;RUA MANOEL BRAGA SN - CENTRO
MARCO;96;105;CENTRO-SEDE;EEMTI RICARDO DE SOUSA NEVES;RUA RIOS 815
PORTEIRAS;70;276;CENTRO-SEDE;CRECHE PRO-INFÂNCIA PROFA. MARGARETTH REINALDO;R LUIZ GRANJEIRO, 54
FORTALEZA;94;865;QUINTINO CUNHA;COLEGIO DOM FELIPE - JUNIOR;RUA FRANCISCO MENDES DE OLIVEIRA, 183
FORTALEZA;1;824;VARJOTA;ESCOLA MUNICIPAL COLONIA Z-8;RUA MANOEL JESUINO,370
MARACANAÚ;104;417;PAJUÇARA;EMEIEF PREFEITO ALMIR FREITAS DUTRA;RUA ELÍFIO MEDEIROS DA CUNHA, 531
CRATO;27;130;DOM QUINTINO;CENTRO DE EDUCAÇÃO INFANTIL RAIMUNDO DE SOUSA SOBRINHO;RUA BOA VISTA, 252
FORTALEZA;1;670;COCÓ;UNINTA - FACULDADE UNINTA FORTALEZA;RUA VILEBALDO AGUIAR,133
IRACEMA;86;86;DA PAZ;EEF ALBATIZA TAVARES DE OLIVEIRA GUERRA;RUA JOÃO TAVARES MAGALHÃES
JARDIM;119;327;JARDIM MIRIM;ESCOLA MONSENHOR ALCANTARA;DISTRITO DE JARDIM MIRIM
GUARACIABA DO NORTE;74;65;DISTRITO;EEF FRANCISCO JOSÉ FEITOSA - MORRINHOS NOVOS II;MORRINHOS NOVOS
CRATEÚS;20;1;FATIMA II;EEFM LIONS CLUBE;RUA CLOVIS BEVILAQUA 1417
FORTALEZA;1;845;ALDEOTA;COLEGIO ANTARES - SANTOS DUMONT;AVENIDA SANTOS DUMONT 3777
CAUCAIA;120;381;PADRE JULIO MARIA;EEIEF JOSE OLAVO MOREIRA;RUA SÃO PAULO, S/N
EUSÉBIO;88;206;JABUTI;EEM PROF. FRANCISCA LINHARES DE SOUSA;R. EDUARDO SÁ, S/N
VIÇOSA DO CEARÁ;35;86;ZONA RURAL;E.E.F JOÃO PAULINO;DISTRITO DE PASSAGEM DA ONCA
FORTALEZA;115;444;MANOEL SÁTIRO;EM MARIA VIVIANE BENEVIDES GOUVEIA;RUA CREUZA ROQUE 247
ITAPIPOCA;17;22;CRUZEIRO;EEFMI CORONEL MURILO SERPA;RUA ANASTACIO BARROSO VALENTE 318
FORTALEZA;3;428;CENTRO;UNIARI - CENTRO UNIVERSITÁRIO ARI DE SÁ;AV. HERÁCLITO GRAÇA, 826
FORTALEZA;114;284;ÁLVARO WEYNE;COLÉGIO MANUEL DA SILVA (ÁLVARO WEYNE);RUA SÃO BERNARDO 181
NOVA RUSSAS;48;135;EXTREMAS;ESCOLA MUNICIPAL JOSÉ NILTON LOPES;LOCALIDADE DE EXTREMAS,
VIÇOSA DO CEARÁ;35;54;SITIO VAMBIRA;E.E.I.F DEPUTADO JANUARIO FEITOSA;SITIO VAMBIRA SN
TEJUÇUOCA;41;42;RETIRO CAXITORE;ESCOLA DE ENSINO FUNDAMENTAL DE TEMPO INTEGRAL LUIZA DA SILVA MOTA;RETIRO CAXITORE
PEDRA BRANCA;59;107;SEDE;EEIF JOAQUIM VIANA DE LIMA;SITIO ARISCO
FORTALEZA;1;731;CAIS DO PORTO;ESCOLA MUNICIPAL PROF. GODOFREDO DE CASTRO FILHO;AVENIDA JOSÉ SABÓIA  905
PACATUBA;57;230;CONJUNTO JEREISSATI II;ESCOLA DE 1 GRAU DESEMBARGADOR RAIMUNDO DE CARVALHO;AV. XV SETOR F
FORTALEZA;3;575;MEIRELES;WAYS BILINGUAL SCHOOL - UNIDADE MEIRELES;RUA NUNES VALENTE, 919
IGUATU;13;135;PENHA;ESCOLA DE ENS FUND MARIA SELVITA BEZERRA;VILA PENHA
FORTALEZA;114;9;ÁLVARO WEYNE;COLÉGIO MANUEL DA SILVA (ÁLVARO WEYNE);RUA SÃO BERNARDO 181
GUARACIABA DO NORTE;74;70;DISTRITO;E.E.I.F DE SANTO ANTONIO DOS CAMELOS ANEXO;SANTO ANTONIO DOS CAMELOS
CAMPOS SALES;38;153;ZONA RURAL;E.E.E.M. FRANCISCO MIGUEL DE ANDRADE - SITIO QUEIMADAS;SÍTIO QUEIMADAS
FORTALEZA;115;170;MONTESE;EEMTI JOAO MATTOS;RUA ALMIRANTE RUBIM, 1014
FORTALEZA;1;344;MUCURIPE;ESCOLA ESTADUAL MATIAS BECK;RUA  PROFESSORA AIDA BALAIO 38
FORTALEZA;2;830;PAUPINA;EM CÔNEGO FRANCISCO PEREIRA DA SILVA;RUA LUÍS FRANCISCO XAVIER, 256
FORTALEZA;93;243;PREFEITO JOSÉ WALTER;COLÉGIO SILVIA HELENA NOGUEIRA;RUA 62, 140 - III ETAPA
MARACANAÚ;104;367;PAJUÇARA;EMEIEF ANTÔNIO DE ALBUQUERQUE SOUSA FILHO;RUA SENADOR PETRÔNIO PORTELA, 145
NOVA RUSSAS;48;38;CAMPOS;ESCOLA MUNICIPAL SEVERINO PERGENTINO DE SOUSA;LOCALIDADE DE CAMPOS,
IGUATU;13;180;COCOBÓ;ESCOLA DE ENS FUND ELZE LIMA VERDE MONTENEGRO;DARIO RABELO
CRATO;27;162;MURITI;UNIDADE BÁSICA DE SAÚDE VICÊNCIA GARRIDO (MURITI - II);RUA MARIA CLOTILDES DA CONCEIÇÃO S/N
POTIRETAMA;86;66;CENTRO;ESCOLA DE 1 GRAU MARIA DE OLIVEIRA FILGUEIRA;RUA MARIA DE OLIVEIRA FILGUEIRA SN
MARTINÓPOLE;25;158;BOA VISTA;E.E.I.F. DR. VICENTE ARRUDA;FAZENDA BOA VISTA, S/N
CAUCAIA;120;363;GENIPABU;E.E.I.E.F. MIRTES SILVA DE MENEZES;RUA SAO JOSE, S/N - JARDIM DO AMOR
IGUATU;13;58;COCOBÓ;ESCOLA DE ENS FUND ELZE LIMA VERDE MONTENEGRO;DARIO RABELO
CARIRIAÇU;71;129;SÍTIO MONTE;POSTO DE SAÚDE SEBASTIÃO SOARES BARBOSA;SÍTIO MONTE
CAUCAIA;123;564;NOVA METRÓPOLE (JUREMA);E.E.I.E.F. FRANCISCA ALVES DO AMARAL;AV. B, 442 - NOVA METRÓPOLE
UBAJARA;73;144;MONTE CASTELO;ESCOLA FLAVIO RIBEIRO LIMA;RUA TEN JOSE RAMIRO DE SOUSA
CHAVAL;108;11;CENTRO;EEF ANA BRITO DE OLIVEIRA;RUA JOSE ROMAO RIOS SN
FORTALEZA;80;161;VILA UNIÃO;EEFM CEL PROF JOSÉ AURÉLIO CÂMARA;RUA JORGE ACURCIO, 655
CANINDÉ;33;51;ALTO GUARAMIRANGA;EMEF CORONEL ADAUTO BEZERRA;RUA IRMÃ MANUELA MAGALHÃES, S/N
NOVA RUSSAS;48;134;PEREIROS;CEI SONHO FELIZ(ANTIGA E.M. FURTADO LEITE);LOCALIDADE DE PEREIROS,
JAGUARIBARA;72;48;CENTRO;PROF JOCELIN MARCONDES XAVIER DE ALMEIDA;AV. ZÉ LEITÃO, 236
PEDRA BRANCA;59;83;CENTRO;CENTRO CULTURAL MARIA GUIOMAR LINS CAVALCANTE;TRAVESSA JOSE PEREIRA DE QUEIROZ S/N
LAVRAS DA MANGABEIRA;14;13;CENTRO - SEDE;COLEGIO SAO VICENTE FERRER;RUA HILDA AUGUSTO S/N
JUAZEIRO DO NORTE;119;41;SANTA TEREZA;ESCOLA ADAUTO BEZERRA (SEGUNDO GRAU);CASTELO BRANCO SN
ARATUBA;105;92;TOPE-SITIO;ESCOLA MUNICIPAL JOSE MENDES DA CRUZ;TOPE
BARRO;92;67;SEDE;ESCOLA DE ENSINO BASICO SOLIDADE ANDRE;VILA SAO JOSE
ARARENDÁ;48;157;CABELO DO NEGRO;E. E. F. JOSÉ ALVES DE SENA;LOCALIDADE DE CABELO DO NEGRO
RUSSAS;9;130;MIGUEL PEREIRA;UNIDADE BÁSICA DE SAÚDE DE MIGUEL PEREIRA;MIGUEL PEREIRA
RUSSAS;9;129;MIGUEL PEREIRA;UNIDADE BÁSICA DE SAÚDE DE MIGUEL PEREIRA;MIGUEL PEREIRA
SOBRAL;24;398;JERÔNIMO PRADO;UNIV.EST.VALE DO ACARAÚ-UVA-NÚCLEO DE DISCIPLINAS COMPLEMENTARES;AVENIDA DA UNIVERSIDADE, S/N
MARACANAÚ;122;269;MUCUNA;EMEF MARIA MARQUES DO NASCIMENTO;RUA JOSE NOGUEIRA MOTA, 83
PIQUET CARNEIRO;12;138;MULUNGU;EMEIF SÃO SEBASTIÃO;DISTRITO DE MULUNGU
FORTALEZA;83;682;HENRIQUE JORGE;ESCOLA MUNICIPAL DONA DAGMAR GENTIL;RUA VITORIA 1750
FORTALEZA;2;122;MESSEJANA;EEFM JOSE DE ALENCAR;RUA VENEZA, 84
TARRAFAS;18;104;ZONA RURAL;ESCOLA DE 1 GRAU FRANCISCO ELIANUBIO LACERDA;SITIO IPUEIRAS - ZONA RURAL
CASCAVEL;7;174;RIO NOVO;E.E.E. PROFISSIONAL EDSON QUEIROZ - LICEU;RUA LUCIANO RODRIGUES S/N
CRATEÚS;20;325;SANTO ANTÔNIO;ESCOLA DE CIDADANIA DE INGA;INGA
JAGUARIBE;10;84;CRUZEIRO;ESCOLA DE ENSINO FUNDAMENTAL E MEDIO CORNELIO DIOGENES;BR 116 KM 300
FORTALEZA;80;308;DIONISIO TORRES;COLÉGIO CHRISTUS - DIONÍSIO TORRES;RUA ISRAEL BEZERRA 630
ITATIRA;33;284;ZONA RURAL;EMEF EDUARDO BARBOSA;LOCALIDADE DE CACHOEIRA BR
FORTALEZA;1;390;PRAIA DO FUTURO II;ESCOLA MUNICIPAL DOM ALOISIO LORSCHEIDER;RUA JULIO SILVA, 450
ITAITINGA;78;274;PONTA DA SERRA;EEEP PROFESSOR FRANCISCO ARISTOTELES DE SOUSA;RUA BOA ESPERANÇA, S/N
FORTALEZA;113;156;BOM FUTURO;COLÉGIO MEDALHA MILAGROSA;RUA PADRE JOÃO PIAMARTA,  415
JUAZEIRO DO NORTE;119;19;SANTA TEREZA;COLEGIO POLIVALENTE;JOSE MARROCOS SN
FORTALEZA;118;120;PASSARÉ;COLÉGIO LIRA COUTINHO;RUA BELOS PORTOS, 453
GENERAL SAMPAIO;50;123;CONJUNTO SÃO JOSÉ;EEMTI EDITE ALCÂNTARA MOTA;RUA DO CAMPO, S/N
MORADA NOVA;47;68;ARUARU;EEB PROFESSORA JOANA PAULA DE MORAIS;AVENIDA ERNESTO GEISEL
FORTALEZA;2;157;LAGOA REDONDA;EMEIF MOREIRA DA ROCHA;AV ODILON GUIMARAES, 3860
MILAGRES;26;29;FREI DAMIÃO;ESCOLA MARIA LUCIA BELEM LEITE;RUA PEDRO FURTADO DE LACERDA 1149
CARIRIAÇU;71;88;SÍTIO MAMELUCOS;POSTO DE SAÚDE AMARO JOSÉ ROQUE;SITIO MAMELUCOS
JUAZEIRO DO NORTE;119;376;TIMBAUBA;CRAS TIMBAUBAS;RUA ASSIS DIAS SOBREIRA, 488
APUIARÉS;50;136;CENTRO;BRINQUEDO CRECHE - IRÁ FUNCIONAR NA CEI SEBASTIANA P. MARINHO(MÃE SÉ);RUA MANOEL SOARES GUIMARÃES, S/N
ITAPIPOCA;17;561;CRUXATI;EEB ALONSO PINTO DE CASTRO;BETÂNIA
CARIRIAÇU;71;109;CACHOEIRINHA;EEF RAIMUNDO GOMES;SÍTIO CACHOEIRINHA
BOA VIAGEM;63;145;CENTRO-SEDE;SECRETÁRIA DO TRABALHO E ASSISTENCIA SOCIAL- ANTIGO CENTRO COMUNITÁRIO;RUA ANTONIO QUEIROZ  250
FORTALEZA;3;211;CENTRO;EM ALBA FROTA;AV. DOM MANUEL, 914
FORTALEZA;113;436;MONTESE;ESCOLA MUNICIPAL VICENTE FIALHO;RUA IRMA BAZET, 193
ASSARÉ;18;85;CENTRO;ESCOLA PROFESSORA. BATISTINA BRAGA;RUA DR PAIVA VILA MOTA SN
TAUÁ;19;55;TAUAZINHO;EEM MARIA DAS DORES CIDRÃO ALEXANDRINO;AV CEL VICENTE ALEXANDRINO DE SOUSA 04
FORTALEZA;113;172;BENFICA;FEAAC - UFC;AV. DA UNIVERSIDADE, 2431
UMARI;15;203;CENTRO - SEDE;CENTRO EDUCACIONAL DO PRIMEIRO GRAU PADRE MANOEL PEREIRA;RUA CORONEL ANTONIO MALHEIROS, S/N
AIUABA;101;22;SAO NICOLAU;GRUPO ESCOLAR EDMUNDO BRAGA;RUA BENTO HERCULES SN
CHOROZINHO;49;100;VILA REQUEIJAO;COLEGIO GUIBSON MARINHO DOS SANTOS;AV SABINO MOREIRA SN
SENADOR POMPEU;12;75;CENTRO;EEF GERALDO GONÇALVES DO NASCIMENTO JUNIOR;RUA PADRE LINO ADERALDO S/N
UBAJARA;73;104;CENTRO;ESCOLA GRIJALVA COSTA;RUA JOSE RUFINO PEREIRA, 180
MONSENHOR TABOSA;61;153;CENTRO;E.M.E.F.T.I LUIZ LEITAO;AVENIDA PESSOA PIRES  2
CRATO;27;134;SANTA FÉ;EEIEF PAULO LIMAVERDE;ROD. VICENTE TELES, SN. DISTRITO DE SANTA FÉ - SEDE.
URUOCA;25;232;BARREIROS;E.E.F ANTONIO ALVES DOS SANTOS;BARREROS
ITAPIPOCA;17;495;ARAPARI;EEB JOSE FRANCISCO SOARES;ESCALVADO
CEDRO;13;434;CENTRO;COLEGIO ESTADUAL CELSO ARAUJO;RUA ZE PAJE, 241
SANTANA DO CARIRI;53;75;DOM LEME;EMEIEF JOSÉ JUCÁ DE SOUSA CASTRO;DISTRITO DE DOM LEME, SN
FORTALEZA;115;128;MONDUBIM;LAR FABIANO DE CRISTO;RUA CEL. JAIME ROLEMBERG, 100
SOBRAL;24;116;PADRE PALHANO;EEFI MARIA JOSE FERREIRA GOMES;RUA PRESIDENTE JUSCELINO KUBITSCHEK, S/N
BEBERIBE;84;56;SUCATINGA;ESCOLA DE MUNICIPAL JOSE FRANCISCO DAS CHAGAS;LAGOA FUNDA
MARANGUAPE;4;554;PARQUE IRACEMA - MARANGUAPE;COLÉGIO SÃO JOSÉ;RUA SÃO JOSÉ, S/N
PORANGA;40;133;CHAPADA;ESCOLA REUNIDA SAO JOSÉ - CHAPADA;CHAPADA
ITAPIPOCA;17;584;BARRENTO;EEB PEDRO PAULO DE SOUSA;BARRENTO
FORTALEZA;83;720;BELA VISTA;EEMTI SENADOR FERNANDES TÁVORA;RUA GOIÁS 141
ICÓ;15;130;SAO BENTO - SITIO;ESCOLA MUNICIPAL MIGUEL VICENTE PEREIRA;SITIO SAO BENTO S/N
GRANJEIRO;62;171;SÍTIO SERRA NOVA;POSTO DE SAÚDE - SERRA NOVA;SITIO SERRA NOVA
IRACEMA;86;95;CENTRO;E.E.F.M. ENEAS OLIMPIO DA SILVA;RUA CAP MANOEL RUFINO DE NEGREIROS, 35
JUAZEIRO DO NORTE;119;76;LIMOEIRO;EEF FELIPE NERY DA SILVA;PRIMEIRO DE MAIO SN
CAUCAIA;123;344;PARQUE GUADALAJARA (JUREMA);E.E.I.E.F. 7 DE SETEMBRO;AV. DOM ALMEIDA LUSTOSA, 2322
PARAIPABA;109;124;CENTRO;EMEIF ALTINA LARANJEIRA;RUA ANTONIO TABOSA SN
CARIDADE;111;94;ZONA RURAL;EEIF JOSE FERREIRA SANTIAGO;LOCALIDADE DE PEDRA BRANCA
CEDRO;13;474;VÁRZEA DA CONCEIÇÃO;ANEXO FRANCISCO SILVEIRA DE AGUIAR;RUA JOAO BATISTA MORENO SN
FORTALEZA;83;691;HENRIQUE JORGE;CENTRO EDUCACIONAL BRASILEIRINHO;AVENIDA SENADOR FERNANDES TÁVORA, 1717
IGUATU;13;281;COHABS;ESCOLA DE ENS FUND PADRE JANUARIO CAMPOS (MUNICIPAL);ESTRADA DO BAU COHAB III
FORTALEZA;3;479;PRAIA DE IRACEMA;COLÉGIO ANTARES (PRAIA DE IRACEMA);RUA HISTORIADOR GUARINO ALVES, 95
SÃO GONÇALO DO AMARANTE;36;174;CARDEIROS;UNIDADE DE APOIO À SAÚDE - CARDEIROS;CARDEIROS
FORTALEZA;112;387;EDSON QUEIROZ;ESCOLA MUNICIPAL TEMPO INTEGRAL PROFESSOR ÁLVARO COSTA ;RUA ADOLFO MOREIRA, S/N
MOMBAÇA;46;52;VICENTE;ESCOLA DE ENSINO FUNDAMENTAL JOAQUIM ALVES DA CUNHA;VICENTE
FORTALEZA;93;313;PLANALTO AYRTON SENNA;EMTI LEONEL DE MOURA BRIZOLA;RUA CEL DE QUEIROZ, S/N
BEBERIBE;84;144;PARIPUEIRA;ESCOLA MUNICIPAL ERNESTO GURGEL VALENTE;RUA FRANCISCO XAVIER 217 - CENTRO
MASSAPÊ;45;24;GINASIO;CENTRO EDUCACIONAL MASSAPEENSE;RUA AMADEU ALBUQUERQUE 323
PIQUET CARNEIRO;12;15;IBICUA;EMEF MESTRE JÚLIO;RUA CORONEL FILEMOM MAGALHÃES, S/N
CARIRIAÇU;71;93;MIRAGEM;POSTO DE SAÚDE ANTONIO LUCAS DA SILVA;SÍTIO FORTUNA
TEJUÇUOCA;41;298;UMARI;ESCOLA DE ENSINO INFANTIL E FUNDAMENTAL SAGRADA FAMILIA;UMARI
FORTALEZA;117;485;CANINDEZINHO;CENTRO CULTURAL CANINDEZINHO;AV. OSÓRIO DE PAIVA, 6297
ITAPIPOCA;17;525;BARRENTO;EEB SEBASTIÃO MALAQUIAS DOS SANTOS;TABOCAL
VARJOTA;65;186;ACAMPAMENTO;CRECHE COMUNITÁRIA JOÃO BALBINO;RUA LUIZ SERAFIM DA COSTA, S/N
VIÇOSA DO CEARÁ;35;154;ZONA RURAL;E.E.F JOÃO PAULINO;DISTRITO DE PASSAGEM DA ONCA
TIANGUÁ;81;45;LAURÃO;UNINTA - FACULDADE TIANGUÁ;RUA CONSELHEIRO JOÃO LOURENÇO, 406 - LAURÃO
SANTANA DO CARIRI;53;84;DOM LEME;EMEIEF JOSÉ JUCÁ DE SOUSA CASTRO;DISTRITO DE DOM LEME, SN
LIMOEIRO DO NORTE;29;166;BOM NOME;EEF VALDETRUDES EDITH HOLANDA;RUA ANTONIO RIBEIRO DE CASTRO, S/N
MARACANAÚ;122;187;ALTO ALEGRE II;EMEIEF SANTA EDWIRGES;RUA PAULO AFONSO 1840
CASCAVEL;7;44;GUANACES;ESC.ENS.FUND. LUIZ DOMINGOS;CHORO UMARI - 2
MARACANAÚ;104;269;JEREISSATI I;EMEIEF MARIA ÍSIS MENEZES ANDRADE;RUA ANTÔNIA ARAÚJO FERREIRA, S/N
ITAITINGA;78;292;RIACHÃO;EEF GALDINO ASSUNÇÃO FILHO;RUA LAURA DE SOUSA, 33
JUAZEIRO DO NORTE;119;230;ANTONIO VIEIRA;ESCOLA PREFEITO ANTONIO CONSERVA;CONSTRUTOR JOSE SABINO SN
CAUCAIA;120;269;CAMPO GRANDE;E.E.I.E.F. MARIA LUIZA DO VALE FORTE;RUA CÉLIO CÂNDIDO, S/N - BR 020 - KM 01 - CARRAPICHO
ITAITINGA;78;243;CENTRO;EEF GERALDO BATISTA DE LIMA;AV. CEL. VIRGÍLIO TÁVORA S/N
CASCAVEL;7;212;CENTRO;CENTRO EDUCACIONAL MUNICIPAL PROFESSORA MARIA ESTER DA COSTA SILVA;AV CORONEL LEITE, 2045
AURORA;69;20;ARACA-SEDE;E.E.F.P. LEOPOLDINA GONÇALVES QUEZADO;RUA MARICA LEITE,285
QUIXERÉ;29;240;LAGOINHA;EEIF ZACARIAS FERREIRA DE SOUSA;RUA JOAO ZACARIAS DE BRITO SN
PACATUBA;57;219;VILA DAS FLORES;EEIEF MANOEL ROSENDO FREIRE;RUA 17, 11
PENTECOSTE;50;124;SEBASTIÃO DE ABREU;EMTI PREFEITO JOÃO GOMES DA SILVA;AVENIDA LEOPOLDO RAMOS - SERROTA
INDEPENDÊNCIA;39;45;MONTE SINAI;E.E.F. JOAQUIM FERREIRA VIANA;RUA DA MATRIZ
PACATUBA;57;245;CONJUNTO JEREISSATI III;EEIEF NELLY DE LIMA E MELO;RUA 02, 250
TEJUÇUOCA;41;248;INGÁ;CRECHE SÃO VICENTE;FAZENDA INGÁ
INDEPENDÊNCIA;39;5;CENTRO;E.E.F. ABIGAIL ANTUNES MARQUES;RUA DO CRUZEIRO, 208
FORTALEZA;83;778;PICI;ESCOLA MUNICIPAL ADROALDO TEIXEIRA CASTELO;RUA ALAGOAS 2267
FORTALEZA;80;320;DIONISIO TORRES;COLÉGIO SANTO INACIO;AVENIDA DESEMBARGADOR MOREIRA 2355
FORTALEZA;2;55;LAGOA REDONDA;EM PROFª FERNANDA MARIA DE ALENCAR COLARES;AV PROF. ARTHUR DE CARVALHO, 1540
CAMOCIM;32;217;CRUZEIRO;COLEGIO ESTADUAL PROF IVAN PEREIRA DE CARVALHO - CEPI;RUA RIACHUELO, SN
CAMOCIM;32;230;ZONA RURAL;EEF HIPÓLITO RICARDO PINTO - JATOBÁ;ASSENTAMENTO JATOBÁ, SN
SÃO GONÇALO DO AMARANTE;36;332;PARADA;ESCOLA DE ENSINO FUNDAMENTAL POETISA ABGAIL SAMPAIO;PARADA
FORTALEZA;2;170;MESSEJANA;PAROQUIA NOSSA SENHORA DA CONCEICAO;RUA JOAQUIM BEZERRA 255
FORTALEZA;3;609;ALDEOTA;COLÉGIO ESPAÇO ABERTO - DOM LUÍS;AV. DOM LUÍS, 730
JAGUARETAMA;72;26;CENTRO;ESCOLA MUNICIPAL DE 1º.GRAU MANOEL CARLOTO PINHEIRO;RUA MANOEL CARNEIRO 97
ITAPIPOCA;17;33;BOA VISTA;ESCOLA DE 1 GRAU DR GERALDO GOMES DE AZEVEDO;RUA JOAQUIM AMÉRICO TEIXEIRA, 216
CASCAVEL;7;80;GUANACES;ESC.ENS.FUND. FRANCISCA SABOIA POMPEU;PASSAGEM DO FRANCO 2
PEREIRO;10;164;SITIO TRINDADE;ESCOLA MIGUEL JOAO DE OLIVEIRA;SITIO TRINDADE
IGUATU;13;362;BARRA;ESCOLA DE ENS FUND JOSE HONORIO CAVALCANTE;SITIO BARRA I
JUAZEIRO DO NORTE;119;18;SANTA TEREZA;COLEGIO POLIVALENTE;JOSE MARROCOS SN
SANTA QUITÉRIA;54;175;PRIMAVERA;E. E. F. LUIZ DERMEVAL DE ANDRADE;BAIRRO PRIMAVERA BOTA FOGO
GRANJA;25;142;VILA DR PRIVAT;E.E.F. JOAQUIM BARBOSA DE MELO;VILA DR. PRIVAT
JUAZEIRO DO NORTE;119;437;LEANDRO BEZERRA DE MENESES;C.E.I. VEREADOR GETULIO GRANGEIRO PEREIRA;RUA CICERA PATRICIA DA COSTA, 450
FORTALEZA;1;753;CAIS DO PORTO;CRECHE RACHEL GUIMARÃES MARTINS BARBOSA;VIA DE PEDRESTE LESTE OESTE 01
CRATO;27;38;CENTRO;COLÉGIO SANTA TERESA DE JESUS;RUA DOM QUINTINO, 863
AURORA;69;18;CENTRO-SEDE;E.E.F.M. JOSE PINTO QUEZADO;VILA PAULO GONÇALVES, S/N
MOMBAÇA;46;81;CATOLE;ESCOLA DE ENSINO FUNDAMENTAL JOSÉ LIBERATO DE PÁDUA;CATOLE
BELA CRUZ;96;77;BAIRRO AREIAS;CEMEJA JOSE LUDGERO DA SILVEIRA ;RUA SAO PAULO S/N
FORTALEZA;115;112;PARANGABA;EMTI CAROLINO SUCUPIRA;RUA MUNDICA PAULA, 670
ORÓS;15;235;CENTRO;SECRETARIA DE ASSISTÊNCIA SOCIAL (ANTIGO CSU);TRAVESSA ELIBA S/N
IBIAPINA;73;27;DISTRITO DE BETÂNIA;ESCOLA MARIA MATIAS;DISTRITO DE BETÂNIA
ACARAPE;52;43;LAGOA DOS VEADOS;ESCOLA LUIZ MOREIRA FILHO;LAGOA DOS VEADOS
ITAPIPOCA;17;611;LAGOA DAS MERCÊS;EEB JOÃO IRINEU DA SILVA;LAGOA DAS MERCÊS
FORTALEZA;118;608;MONDUBIM;EM CASIMIRO MONTENEGRO;AV. BERNARDO MANUEL, 11360
FORTALEZA;115;323;PARANGABA;COLÉGIO INVICTUS;RUA ARARIBÓIA, 192
NOVO ORIENTE;99;56;ZONA RURAL;EEF FRANCISCO SEVERIANO DE SOUSA;DISTRITO SANTA MARIA
PACATUBA;57;284;CONJUNTO JEREISSATI II;EEIEF JOAO PAULO SAMPAIO DE MENEZES;RUA 74 SETOR G, 900
AQUIRAZ;66;208;DIVINEIA;CEI MARIA ELCIR BRITO DE LIMA;RUA JOÃO DE CASTRO, 59
CASCAVEL;7;259;VILA PACHECO;ESC.ENS.FUND. LUIS PACHECO DO AMARAL - LUPAM;RUA JOSUE DE SOUSA MONTEIRO - SEDE
FORTALEZA;115;113;PARANGABA;EMTI CAROLINO SUCUPIRA;RUA MUNDICA PAULA, 670
FORTALEZA;115;412;PARANGABA;COLEGIO GURI  SENIOR;RUA CONEGO DE CASTRO 1780
ARACATI;8;245;CATU VILANE;ESCOLA 27 DE JULHO;AROEIRAS VILANY
JUAZEIRO DO NORTE;119;3;LIMOEIRO;ESCOLA ODORINA CASTELO BRANCO SAMPAIO;AV. JOSÉ BEZERRA DE MENEZES S/N
AURORA;69;32;ARACA-SEDE;E.E.F.P. LEOPOLDINA GONÇALVES QUEZADO;RUA MARICA LEITE,285
CAUCAIA;123;380;NOVA METRÓPOLE (JUREMA);E.E.F. EDGARD VIEIRA GUERRA;AV. CONTORNO SUL, 255
SOBRAL;24;85;PARQUE SILVANA;EEFI ANTONIO MENDES CARNEIRO;AVENIDA DR. JOSE EUCLIDES FERREIRA GOMES JUNIOR, S/N
MARACANAÚ;122;29;CÁGADO;EMEIEF JOAO MAGALHAES DE OLIVEIRA;RODOVIA RAIMUNDO PESSOA DE ARAUJO 700
ITAPIPOCA;17;435;ARAPARI;EEB MENINO DEUS;MUCAMBO DE CIMA
ITAITINGA;78;319;JABUTI;EEF FRANCISCO SALES FILHO;RUA MARIO SALES, 460
IGUATU;13;87;VILA MOURA;ESCOLA DE ENSINO MEDIO LUCAS EMANUEL;RUA AMALIA BRASIL SN
HORIZONTE;78;124;QUEIMADAS;EEM QUILOMBOLA ANTÔNIA RAMALHO DA SILVA;RUA MARIA JOSÉ NOGUEIRA, 2255 - QUEIMADAS
FARIAS BRITO;62;182;SEDE;EEFM GABRIEL BEZERRA DE MORAIS;RUA LIROMÁ FERNANDES DE OLIVEIRA, 266
ITAITINGA;78;404;ANCURI;EEF FRANCISCA DE MORAIS FERRER;RUA PARQUE DAS FLORES, 500
CASCAVEL;7;83;MOITA REDONDA;E.E.F. VEREADOR AUGUSTO DANTAS DE SOUSA;POVOADO MOITA REDONDA
FORTALEZA;115;65;PARANGABA;EM PROF. JOSE VALDIVINO DE CARVALHO;RUA GUARA, S/N
FORTALEZA;1;353;MUCURIPE;ESCOLA MUNICIPAL JOSE RAMOS TORRES DE MELO;AVENIDA DA ABOLIÇÃO 3984
CAUCAIA;123;542;NOVA METRÓPOLE (JUREMA);E.E.F.M. DOM ALOÍSIO LORSCHEIDER;AV. CONTORNO OESTE, S/N
JUAZEIRO DO NORTE;28;127;SALESIANOS;EMEIF VEREADOR ANTONIO FERNANDES COIMBRA;FISCAL JOSE ISIDORO SN
CRATEÚS;20;123;CENTRO;SINDICATO DOS TRABALHADORES RURAIS DE CRATEUS;RUA CEL LUCIO 715
GUARACIABA DO NORTE;74;12;SEDE;ESCOLA MUNICIPAL D PEDRO I;RUA 12 DE MAIO - CENTRO
PARAIPABA;109;154;CALUMBI DOS BENTOS;EMEIF MARGARIDA BARBOSA DE CASTRO;CALUMBI DOS BENTOS
MISSÃO VELHA;16;93;SEDE;EEF JUVENAL RODRIGUES BRANDAO;AVENIDA JOSE SOBREIRA DA CRUZ S/N, MATERNIDADE
TABULEIRO DO NORTE;91;73;CENTRO;ESCOLA  ANTÔNIO ALVES MAIA;RUA CEL. PIO GADELHA, 4683
FORTALEZA;95;264;BARROSO;EEFM PROFESSOR  ALOYSIO BARROS LEAL;RUA 10,  LOT. PRQ.VERDE 28 (CJ JOAO PAULO II)
SOBRAL;24;251;RAFAEL ARRUDA;ANEXO PROF JOSE FERREIRA GOMES (RECREIO);LOCALIDADE RECREIO, S/N
CAUCAIA;120;389;PADRE JULIO MARIA;E.E.F. MARIA MOTA RODRIGUES;RUA CORONEL CORREIA, 3267
CHORÓ;6;318;CAIÇARINHA;EEIF JOÃO FERREIRA VIANA;ASSENTAMENTO FEIJAO, 26
CAUCAIA;123;532;NOVA METRÓPOLE (JUREMA);E.E.F.M. DOM ALOÍSIO LORSCHEIDER;AV. CONTORNO OESTE, S/N
CASCAVEL;7;251;MUTIRÃO;ESC. MUNICIPAL PROFESSOR FABIO COUTINHO;RUA ZAQUEU FERREIRA DO VALE, S/N
HORIZONTE;78;392;PLANALTO HORIZONTE;EMEF JOSÉ ALDEMIR DA SILVA;RUA FRANCISCA CECÍLIA, N. 1.100
INDEPENDÊNCIA;39;216;MOLEQUE;E.E.F. IVANEIDE BEZERRA DE OLIVEIRA;MOLEQUE
ITAIÇABA;75;113;BRITO;E.E.F. DOM AURELIANO MATOS;BRITO
JUAZEIRO DO NORTE;119;421;NOVO JUAZEIRO;EMEI ODETE MATOS DE ALENCAR;AVENIDA CASTELO BRANCO, 532
FORTALEZA;82;668;CRISTO REDENTOR;EM ANTONIO MENDES;RUA DONA MENDINA, 682
PEDRA BRANCA;59;101;BOA ESPERANCA;EEF SOL NASCENTE;AV ARMANDO LINS, S/N
ITAPIPOCA;17;427;ASSUNÇÃO;EEB GERARDO MESQUITA;ARARA DO MEIO
CAUCAIA;123;385;ARATURI (JUREMA);E.E.I.E.F. RITA DE CÁSSIA BRASILEIRO PONTES;AV. CENTRAL, 1112
AURORA;69;70;ANGICOS DE CIMA-SITIO;E.E.I.F. TARCÍSIO GONÇALVES DE OLIVEIRA;CE 288 SITIO ANGICOS DE CIMA  S/N
CAUCAIA;120;96;CONJUNTO METROPOLITANO;E.E.I.E.F. OSMAR DIÓGENES PINHEIRO;RUA EDMUNDO RODRIGUES, 485 - CONJUNTO METROPOLITANO
ANTONINA DO NORTE;18;5;CENTRO;ESCOLA DE ENSINO FUNDAMENTAL 8 DE MAIO;RUA ANTONIO MOTA 50
HORIZONTE;78;378;BUENOS AIRES;CEI - STELA MARIA NASPOLINI;RUA LUIZ DA MATA, 450
QUIXERAMOBIM;11;3;DAMIAO CARNEIRO;ESCOLA SALVIANO PATRICIO DE ALMEIDA;JUREMA
QUIXADÁ;6;353;VÁRZEA DA ONÇA;EEF MARIA MAIA DE FREITAS;VÁRZEA DA ONÇA, S/N
AMONTADA;89;132;ICARAÍ;EEBTI MARIA ALVES SOBRINHA;PRAÇA DA MATRIZ
FORTALEZA;115;489;VILA PERI;EM NOELZINDA SATIRO SANTIAGO;RUA DOM XISTO ALBANO, 1298
FORTALEZA;1;834;PRAIA DO FUTURO II;ESCOLA MUNICIPAL DOM ALOISIO LORSCHEIDER;RUA JULIO SILVA, 450
IBIAPINA;73;7;CENTRO;CÂMARA MUNICIPAL;RUA PADRE IBIAPINA, 680
FORTALEZA;116;501;CONJUNTO CEARÁ II;EM FRANCISCO EDMILSON PINHEIRO;AVENIDA H, 2115, 4A ETAPA
FORTALEZA;112;516;ENGENHEIRO LUCIANO CAVALCANTE;ESCOLA ESTADUAL DE EDUCAÇÃO PROFISSIONAL JAIME ALENCAR DE OLIVEIRA;AV ROGACIANO LEITE, 2285
ORÓS;15;291;SAO GERALDO - SEDE;E.E.F. MARIA EVANGELISTA CORREIA;RUA FRANCISCO MATEUS FILHO, 145
NOVA OLINDA;53;20;CENTRO;EMEF AVELINO FEITOSA;AV. PERIMETRAL SUL, 576
CRATEÚS;20;30;VENANCIOS;CENTRO REGIONAL DE DESENVOLVIMENTO DA EDUCACAO (CREDE 13);KM 4 BR 226
FORTALEZA;2;161;MESSEJANA;INSTITUTO FREI JOAO PEDRO DE SEXTO;AVENIDA FREI CIRILO, 4241
FORTALEZA;115;434;VILA PERI;EM RAIMUNDO SOARES DE SOUSA;RUA COSTA FREIRE 550
FORTALEZA;1;623;CAIS DO PORTO;ESCOLA DE GASTRONOMIA SOCIAL IVENS DIAS BRANCO;RUA MANUEL DIAS BRANCO,80
JUAZEIRO DO NORTE;119;463;TIRADENTES;ESCOLA CAROLINA SOBREIRA;RUA JOSE SABIA SN
SOBRAL;24;679;DOMINGOS OLÍMPIO;EEFI EMILIO SENDIM;RUA EDUARDO DE ALMEIDA SANFORD, S/N
FORTALEZA;1;818;PAPICU;COLEGIO ANTARES - OCELO PINHEIRO;RUA PROFESSOR OCELO PINHEIRO 101
CASCAVEL;7;119;CAPONGA;ESC.ENS.FUND. FLORENCIA DANTAS DE SOUSA;SITIO BURITIZAL
SOBRAL;24;615;RENATO PARENTE;EEEP LYSIA PIMENTEL GOMES;AV. JOHN SANFORD, 1223
FORTALEZA;2;121;MESSEJANA;EEFM JOSE DE ALENCAR;RUA VENEZA, 84
CRATO;27;101;PINTO MADEIRA;EEMTI ESTADO DA BAHIA;AVENIDA JOSÉ PINHEIRO ESMERALDO S/N
ITAREMA;98;116;ZONA RURAL;EMEF FRANCISCO HIGINO FILHO;SITIO URUBU
ITAREMA;98;161;CENTRO;EMEF PE ARISTIDES ANDRADE SALES;AV JOAO BATISTA RIOS S/N
CRATEÚS;20;153;SANTANA;ESCOLA DE CIDADANIA JOSE MARTINS DE LIMA;PATOS
ARACOIABA;67;126;BOLANDEIRA-SEDE;ESCOLA MUNICIPAL OSVINO DE FREITAS PEREIRA;CE 060
FORQUILHA;121;230;CACHOEIRA DOS LOURETOS;EEFI JOAO LOURETO DE SOUSA;COMUNIDADE MORADORES CACHOEIRA DOS LOURETO
UBAJARA;73;174;SÍTIO TUCUNS;ESCOLA NOSSA SENHORA DA PAZ;SITIO TUCUNS
CASCAVEL;7;189;CENTRO;CENTRO EDUCACIONAL MUNICIPAL PROFESSORA MARIA ESTER DA COSTA SILVA;AV CORONEL LEITE, 2045
ACOPIARA;60;268;VILA ESPERANCA;EEF FRANCISCO UCHOA DE ALBUQUERQUE;ANTONIO MOREIRA SN
IGUATU;13;62;AREIAS I;ESCOLA DE ENS MÉDIO ADAUTO BEZERRA;RUA DEOCLECIO LIMA VERDE SN
FORTALEZA;2;733;MESSEJANA;COLÉGIO PAIVA ANDRADE;RUA INÁCIO MOREIRA, 133
FORTALEZA;2;818;JOSÉ DE ALENCAR;COLÉGIO CHRISTUS SUL 3;AV ENGENHEIRO LEAL LIMA VERDE, 2500 - JOSÉ DE ALENCAR
CANINDÉ;33;309;ZONA RURAL;EMEF JOSE PINTO DAMASCENO;LOCALIDADE DE JAPUARA
BEBERIBE;84;155;MORRO BRANCO;ESCOLA MUNICIPAL JOSE BESSA;MORRO BRANCO
BEBERIBE;84;138;SITIO ONOFRE;ESCOLA MUNICIPAL GERMANO JOSE DO NASCIMENTO;SITIO ONOFRE
HORIZONTE;78;203;CATOLÉ;CEI - JOSE ANTONIO DA SILVA;RUA JOAO DE SOUSA FALCAO, 776
CRATEÚS;20;140;CENTRO;COLEGIO ESTADUAL REGINA PACIS;RUA FRANCISCO SA 106
CRATEÚS;20;202;IPASE;ESCOLA DE CIDADANIA AIRAN VERAS;RUA CAPISTRANO DE ABREU SN
JAGUARETAMA;72;41;CONJUNTO ADIVAN PEIXOTO;CRECHE MARIA CONCEIÇÃO SILVA LIMA;RUA JOÃO MAIA PEIXOTO, SN
EUSÉBIO;88;116;PEDRAS;EEF EVANDRO AYRES DE MOURA;RUA DOMINGOS SAVIO, 578 - PEDRAS
PORTEIRAS;70;293;FREI JORGE-SEDE;ESCOLA DE 1 GRAU JOAO TAVARES MIRANDA;SITIO FREI JORGE
FORTALEZA;115;377;PARANGABA;EEMTI GENERAL EUDORO CORREA;RUA JULIO BRAGA 101
CEDRO;13;474;VÁRZEA DA CONCEIÇÃO;ANEXO FRANCISCO SILVEIRA DE AGUIAR;RUA JOAO BATISTA MORENO SN
MARACANAÚ;104;436;CENTRO;EEM TENENTE MÁRIO LIMA;RUA FRANCISCO FIRMINO, 293
JUCÁS;43;101;EUSÉBIO - SÍTIO - SEDE;PREDIO DA ASSOCIACAO COMUNITARIA DE EUSÉBIO;SÍTIO EUSÉBIO
ITAPAJÉ;41;36;CENTRO-SEDE;CENTRO INTERESCOLAR JOÃO TEIXEIRA SARAIVA;RUA JOSE PINTO CAVALCANTE 273
PEDRA BRANCA;59;19;CENTRO;ESCOLA DE ENSINO FUNDAMENTAL E MEDIO FRANCISCO VIEIRA CAVALCANTE;RUA JOAQUIM CAVALCANTE 55
SÃO GONÇALO DO AMARANTE;36;75;SALGADO DOS MOREIRAS;ESCOLA DE ENSINO FUNDAMENTAL JOAO MOREIRA BARROSO;SALGADO DOS MOREIRAS
ARNEIROZ;101;66;CAMPO PRETO;ESCOLA DE 1 GRAU JOAO EVANGELISTA;CAMPO PRETO
UMIRIM;23;250;BANANA;E.E.M. MARIA IRACEMA UCHOA SALES (LICEU);RUA RUFINO DE SOUSA, S/N
IBICUITINGA;47;218;CENTRO;EEB ENEAS FERREIRA NOBRE;RUA CAPITAO MANOEL ANTONIO 2180
ITAITINGA;78;283;JABUTI;EEF HENRIQUE GONÇALVES DA JUSTA;RUA SEBASTIÃO CAJUEIRO, 797
FORTALEZA;114;355;BARRA DO CEARÁ;EM AGOSTINHO MOREIRA E SILVA;RUA PERI, 20
CRATEÚS;20;162;TUCUNS;SEDE DA ASSOCIAÇÃO COMUNITÁRIA DE SANTA LUZIA;SANTA LUZIA
SANTA QUITÉRIA;54;179;PEREIROS;E. E. F. DEPUTADO CHICO FIGUEREDO;RUA EDSON LOBO DE MESQUITA
ITAPIÚNA;105;124;CENTRO;ESCOLA DE ENSINO FUNDAMENTAL E MEDIO FRANKLIN TAVORA;AVENIDA SAO CRISTOVAO 80
ITAPIPOCA;17;537;CRUXATI;EEB LUZIA ROLA TEIXEIRA;MACACO I
BEBERIBE;84;91;PARIPUEIRA;ESCOLA MUNICIPAL DE UMARI;UMARI
IGUATU;13;13;ALTO DO JUCÁ;SECRETARIA MUNICIPAL DE AÇÃO SOCIAL;RUA 21 DE ABRIL SN
HORIZONTE;78;140;DIADEMA;EMEF PROF MARIA LUIZA BARBOSA CHAVES;RUA BATURITE SN - PARQUE DIADEMA
ITAPIPOCA;17;730;BARRENTO;EEB FRANCISCO BENTO;TANQUES
IPU;21;67;DISTRITO;E.M.E.F. GUILHERME DE OLIVEIRA FILHO;FLORES
QUIXADÁ;6;320;CUSTÓDIO;EEF JOAO ARAÚJO TORRES;JUNCO, S/N
MONSENHOR TABOSA;61;111;CENTRO;E.E.M.T.I GOVERNADOR ADAUTO BEZERRA;RUA SAO SEBASTIÃO N 39 - PERTO DA CADEIA PÚBLICA
MAURITI;76;133;COITE-DISTRITO;CENTRO EDUCACIONAL AGROVILA;CONJUNTO AGROVILA
ITAPIPOCA;17;71;PICOS;EEB DOMINGOS GONCALVES MUNIZ;PICOS
TRAIRI;97;146;FLEIXEIRAS;EEF FURTUNATO SEVERIANO DA COSTA;FLEIXEIRAS
MONSENHOR TABOSA;61;162;SANTANA;ESCOLA DE ENSINO MÉDIO PROFISSIONAL DO CAMPO FLORESTAN FERNANDES;POVOADO DE SANTANA
TRAIRI;97;163;SERRINHA;EEF PROFESSOR ELIZEU BARBOSA;ALTO SAO FRANCISCO
SÃO GONÇALO DO AMARANTE;36;203;PASSAGEM;ESCOLA DE ENSINO FUNDAMENTAL ADELINO ALCANTARA FILHO;PASSAGEM
REDENÇÃO;52;10;CENTRO (SEDE);CENTRO EDUCACIONAL PERBOYRE E SILVA;RUA MARECHAL DEODORO, N. 399
FORTALEZA;115;39;ITAPERI;UNIVERSIDADE ESTADUAL DO CEARA - UECE;AV DR. SILAS MUNGUBA, 1700
FORTALEZA;115;172;MONTESE;EEMTI JOAO MATTOS;RUA ALMIRANTE RUBIM, 1014
PACAJUS;49;326;CONJUNTO COHAB;EEF MARIA VALCIRA NUNES NOGUEIRA;AV TEREZINHA LOPES MARTINS 34
JUAZEIRO DO NORTE;28;89;FRANCISCANOS;ECIM DOUTOR EDVAR TEIXEIRA FERRER;DOM PEDRO II 1643
FORTALEZA;113;75;CENTRO;COLÉGIO LOURENÇO FILHO;RUA BARÃO DO RIO BRANCO, 2101
MIRAÍMA;89;271;ÁREA RURAL DE MIRAÍMA;EEB TIRADENTES;SANTO AMARO
FORTALEZA;1;906;COCÓ;UNINTA - FACULDADE UNINTA FORTALEZA;RUA VILEBALDO AGUIAR,133
SOBRAL;24;312;JORDÃO;EEFI CORONEL JOSE LEONCIO;VILA BARACHO
UBAJARA;73;174;SÍTIO TUCUNS;ESCOLA NOSSA SENHORA DA PAZ;SITIO TUCUNS
FORTALEZA;80;285;VILA UNIÃO;EEF GAL.  MANUEL CORDEIRO NETO;RUA JORGE ACURCIO, 900
FORTALEZA;114;119;ÁLVARO WEYNE;EMTI NOSSA SENHORA DE FÁTIMA (ANTIGA APOSTÓLICA/SEMINÁRIO);RUA SÍLVIO ROMERO 370
ACOPIARA;60;6;CENTRO;LICEU DE ACOPIARA - DEP.FCO.ALVES SOBRINHO;RUA VICENTE CARLOS PINHEIRO,101
CAUCAIA;120;374;PADRE JULIO MARIA;EEIEF JOSE OLAVO MOREIRA;RUA SÃO PAULO, S/N
CAUCAIA;120;134;MIRAMBE;E.E.I.E.F. MARIA DE LOURDES ROCHA;RUA DA IGREJA, 614 - TAQUARA/MIRAMBÉ
CAUCAIA;123;360;MARECHAL RONDON (JUREMA);E.E.I.E.F. ECONOMISTA RUBENS VAZ DA COSTA;AVENIDA NOVO HORIZONTE, S/N
CRATEÚS;20;313;REALEJO;ESCOLA DE CIDADANIA DE REALEJO;REALEJO
ITAPIPOCA;17;576;BELA VISTA;EEB JOAO BATISTA PIRES;BELA VISTA
BAIXIO;92;92;CAMPOS - SITIO;ESCOLA MUNICIPAL VICENTE FERREIRA PARNAIBA;SITIO CAMPOS S/N
JAGUARETAMA;72;38;SITIO SERROTE DO MATO;E.M.E.F PROFESSORA ÚRSULA FRANCISCA LOPES;SITIO SERROTE DO MATO
FORTALEZA;2;435;MESSEJANA;EEFM JOSE DE ALENCAR;RUA VENEZA, 84
MARANGUAPE;4;393;PARQUE SANTA FÉ - MARANGUAPE;CEM DEP. MANOEL RODRIGUES;RUA JUSCELINO KUBITSCHEK, S/N
ICAPUÍ;8;143;PEROBA;CEI CAMINHO DA CIDADANIA;PEROBA
FORTALEZA;82;519;PIRAMBU;ESCOLA UNIVERSO MENINO JESUS;RUA DOM QUINTINO, 934
FORTALEZA;113;253;PARQUELÂNDIA;EEFM SANTO AFONSO;RUA GAL. BERNARDO FIGUEIREDO, 2670
JAGUARUANA;75;19;CENTRO;E.E.F. EDITH MOREIRA BARRETO;RUA CEL. RAIMUNDO FRANCISCO, 1389
BOA VIAGEM;63;86;VARZEA DA TAPERA;EEF DEP JOSE VIEIRA FILHO;VARZEA DA TAPERA
PARACURU;109;52;GUAJIRU;E. M. E. I. F. DOMINGOS FRANCISCO DA SILVA;GUAJIRU
CROATÁ;74;161;DISTRITO;ESCOLA MUNICIPAL PROFESSORA MARIA DO CARMO MELO (BETANIA);BETANIA
RUSSAS;9;238;PLANALTO BELA VISTA;ESCOLA MUNICIPAL ANA XAVIER LOPES;TRAVESSA JOSE MUNIZ 2457
FORTALEZA;83;128;HENRIQUE JORGE;EEMTI ANTONIETA SIQUEIRA;RUA GUARANI 04
ITAPIPOCA;17;490;VIOLETE;EEB JOSE LINS DE ALBUQUERQUE;RUA CRISTO REDENTOR
UBAJARA;73;213;sItio moitinga;ESCOLA ESTEVAO MENDES;SITIO MOITINGA
FORQUILHA;121;226;SALGADO DOS MENDES;EEFI MANOEL MENDES FERREIRA;POVOADO SALGADO DOS MENDES
JUAZEIRO DO NORTE;119;44;SANTA TEREZA;ESCOLA ADAUTO BEZERRA (SEGUNDO GRAU);CASTELO BRANCO SN
FORTALEZA;113;230;RODOLFO TEÓFILO;EM SÃO RAIMUNDO;RUA ALEXANDRE BARAÚNA, 1450
CAMOCIM;32;219;SAO FRANCISCO;ESCOLA DE 1 GRAU NATALIA ALBUQUERQUE LOPES;RUA DR RAIMUNDO VERAS S/N
PARACURU;109;74;UMARIZEIRAS;PSF BEIRA RIO;UMARIZEIRAS, SN
FORTALEZA;113;391;MONTESE;IMPARH;AV JOAO PESSOA, 5.609
GRAÇA;79;157;CENTRO-SEDE;GRUPO VICENTE ALVES DE SOUSA;R JOAQUIM VICENTE DE ALCANTARA S/N
APUIARÉS;50;6;CENTRO;EEFM SÃO SEBASTIÃO;AVENIDA GOMES DA SILVA, 100
MARACANAÚ;104;64;TIMBÓ;EMEF ADAUTO FERREIRA LIMA;AVENIDA CONTORNO LESTE, S/N
VÁRZEA ALEGRE;62;112;SEDE RURAL;EEF ELIZA PRIMO DE MORAIS;SITIO COITÉ
IBARETAMA;6;281;DISTRITO DE PIRANGI;EMEIF JOSÉ GUSTAVO DE QUEIROZ;DISTRITO DE PIRANGI
CASCAVEL;7;170;MANGUINHO;POSTO DE SAÚDE DO MANGUINHO;SITIO MANGUINHO
SÃO LUÍS DO CURU;23;297;CENTRO-SEDE;E.E.F. DOMINGOS ANSELMO;PRACA ALONSO HERCULANO SN
MADALENA;63;169;CENTRO;EEF ALVARO DE ARAUJO CARNEIRO;MARIA ARMENIA BARBOSA, 299 - SANTA TEREZINHA
AMONTADA;89;190;GARÇAS;EEC JACA MAGNO;LAGOA DO CACHIMBO
FORTALEZA;82;672;CRISTO REDENTOR;EM ANTONIO MENDES;RUA DONA MENDINA, 682
HORIZONTE;78;113;ZUMBI;EMEF JOSE EDUARDO DE SOUSA;RUA MARIA LUIZA NORONHA - 405
QUIXERAMOBIM;11;268;URUQUE;ESCOLA JOSE MARINHO GOES;VILA DE URUQUE
MARACANAÚ;122;214;CÁGADO;EMEIEF NARCISO PESSOA DE ARAÚJO;AV. PADRE JOSE HOLANDA DO VALE S/N
FORTALEZA;117;197;PARQUE PRESIDENTE VARGAS;COLÉGIO CASTRO ALVES;RUA TULIPA NEGRA, 2319
ACOPIARA;60;12;DISTRITO DE SAO PAULO;EEMTI MARIA LEAL TEIXEIRA;SAO PAULINHO
AURORA;69;84;TIPI-DISTRITO;E.E.I.F. ANTONIO AMANCIO DA CRUZ;VILA TIPI
CRATEÚS;20;312;CIDADE 2000;ESCOLA DE CIDADANIA JOSE FREIRE FILHO;KM 06 BR 404
PACAJUS;49;382;TUCUM;EEF SENADOR CARLOS JEREISSATI;TUCUM
FORTALEZA;115;253;PARANGABA;FACULDADE UNINASSAU - PARANGABA;RUA GERMANO FRANCK, 567
MUCAMBO;79;212;CENTRO;CENTRO EDUCACIONAL DEP MANOEL RODRIGUES;AV AGRONOMO JOSE ALVES 90
TABULEIRO DO NORTE;91;22;CENTRO;ESCOLA DE 1 E 2 GRAUS FRANCISCO MOREIRA FILHO;RUA MANOEL FRANKLIN, 5033
FORTALEZA;94;378;VILA VELHA;EM MANOEL RODRIGUES;RUA MARIA CLARA 1237
FORTALEZA;117;246;PARQUE SANTA ROSA;ESCOLA MUNICIPAL MARIETA GUEDES MARTINS;RUA JOSE GUEDES MARTINS 4701
FORTALEZA;118;16;PARQUE DOIS IRMÃOS;EM SANTA TEREZINHA;RUA AFONSO LOPES, 1095
FORTALEZA;95;122;JANGURUSSU;EMEIEF LIONS CLUBE FORTALEZA FÁTIMA;TRAVESSA LIONS CLUBE, 141
FORTALEZA;112;291;CIDADE DOS FUNCIONÁRIOS;COLÉGIO DÁULIA BRINGEL;RUA TRAJANO ALVES DE AGUIAR, 55
FORTALEZA;112;385;CIDADE DOS FUNCIONÁRIOS;ESCOLA SOCIOEDUCATIVA;AV. OLIVEIRA PAIVA, 941
CAUCAIA;123;390;PARQUE ALBANO (JUREMA);E.E.I.E.F. DOM ANTÔNIO DE ALMEIDA LUSTOSA;RUA PERY, 951
FORTALEZA;113;225;RODOLFO TEÓFILO;COLÉGIO MANUELITO AZEVEDO;RUA TIRADENTES, 483
TAMBORIL;61;58;CENTRO;EMTI 4 DE OUTUBRO;RUA VICENTE ALVES DO VALE SN
MILAGRES;26;58;SITIO VALDIVINO;POSTO DE SAUDE DO VALDIVINO;SITIO VALDIVINO
FORTALEZA;80;342;JOAQUIM TÁVORA;COLÉGIO SALESIANO DOM BOSCO;AV ANTONIO SALES 116
EUSÉBIO;88;227;GUARIBAS;EEF DAS GUARIBAS;RUA SÃO FRANCISCO, 84 - GUARIBAS
FORTALEZA;113;449;MONTESE;IMPARH;AV JOAO PESSOA, 5.609
FORQUILHA;121;224;RASTEIRA;EEFI DIOGO ALVES DE LOIOLA;POVOADO DE RASTEIRA
QUIXELÔ;13;215;ÁREA RURAL DE QUIXELÔ;ESCOLA DE ENS FUND JOAQUIM RODRIGUES DA SILVA;SALSA-SITIO
PACATUBA;57;185;CONJUNTO JEREISSATI II;EEIEF JOSE BATISTA DE OLIVEIRA;AV XXIII, S/N
VÁRZEA ALEGRE;62;260;BETÂNIA;EEP JOSÉ IRAN COSTA;RUA MUNDINHO PROTO, S/N
SOBRAL;121;164;CENTRO;ESCOLA OSMAR DE SA PONTE;RUA PINTOR LEMOS, S/N
SOBRAL;121;64;DOM EXPEDITO;EEMTI SINHÁ SABOIA;RUA HELIO ARRUDA COELHO ESQUINA COM DOM EXPEDITO
FORTALEZA;83;495;PICI;CENTRO DE EDUCAÇÃO INFANTIL MURILO SERPA;RUA CEL. MATOS DOURADO S/N
IGUATU;13;369;GADELHA;ESCOLA DE ENS. FUND. MARIO PARENTE TEÓFILO;SITIO CARDOSO I
JUCÁS;43;122;VILA JOSÉ BENTO - SEDE;ESCOLA DE ENSINO FUNDAMENTAL  AUREA LEAL;VILA JOSE BENTO 170
FORTALEZA;93;241;PREFEITO JOSÉ WALTER;EM ROGACIANO LEITE;RUA 45, S/N - III ETAPA
GUARACIABA DO NORTE;74;36;DISTRITO;ESCOLA MUNICIPAL SILVESTRE MESQUITA (VÁRZEA DOS ESPINHOS);VARZEA DOS ESPINHOS
BELA CRUZ;96;90;LAGOA SECA;EMEF JOSE LOPES DA SILVEIRA;LAGOA SECA
ARARIPE;68;83;DISTRITO RIACHO GRANDE;ESCOLA MUNICIPAL DAVI CUSTÓDIO DE OLIVEIRA - RIACHO GRANDE;RUA SAO FRANCISCO S/N
FORTALEZA;93;201;PLANALTO AYRTON SENNA;LICEU ESTADUAL DOMINGOS BRASILEIRO;RUA PLANALTINA, S/N
SALITRE;38;172;ZONA RURAL, SALITRE/CE;E.E.F.T.I. -  JOÃO RODRIGUES DA FONSECA - LOGOA DOS CRIOULOS;SÍTIO LAGOA DOS CRIOULOS
CATUNDA;54;247;CENTRO;COLÉGIO FILOMENA BELARMINA NAU;CENTRO
ASSARÉ;18;129;CENTRO;ESCOLA BATISTA DE ASSARÉ;AVENIDA SÃO FRANCISCO, 50
ACARAÚ;30;56;ZONA RURAL;ESCOLA JOAO RIBEIRO RAMOS;VILA PROGRESSO
FORTALEZA;112;552;CIDADE DOS FUNCIONÁRIOS;COLÉGIO DÁULIA BRINGEL;RUA TRAJANO ALVES DE AGUIAR, 55
CAUCAIA;37;118;GUAGIRU;E.E.F. ALBA PESSOA DA SILVA;RUA SAO MIGUEL, 105
FORQUILHA;121;228;EDMUNDO RODRIGUES;EEFM ELZA GOERSCH;AV CRIANÇA DANTE VALERIO S/N CENTRO
SALITRE;38;165;CENTRO;E. E. F. FRANCISCO VITURINO DE LUNA - SEDE;RUA SÃO PEDRO, 237
IPUEIRAS;40;140;BOQUEIRÃO;EEIEF FRANCISCO FILGUEIRA DE MELO - BOQUEIRÃO;BOQUEIRÃO
AMONTADA;89;202;SABIAGUABA;EEBTI MARIA BARBOSA DE HOLANDA;EMBIRIBA
MAURITI;76;144;COITE-DISTRITO;EEIF MARIA DO SOCORRO SEVERINO OLIVEIRA;SITIO EXTREMA
MILAGRES;26;56;SITIO SANTA CATARINA;ESCOLA JOAO BELEM DE OLIVEIRA;SITIO SANTA CATARINA
SÃO LUÍS DO CURU;23;329;ESCOSSIO-POVOADO;E.E.F. ALONSO HERCULANO;ESCOSSIO - POVOADO
SOBRAL;121;306;COHAB II;EEFI PAULO ARAGAO;RUA CAETANO FIGUEIREDO 100 COHAB II
FORTALEZA;116;74;GRANJA PORTUGAL;CRECHE PEQUENO MUNDO DE FLORA;RUA ANTONIO NERI, 1350
GRANJA;25;108;PARAZINHO;E.E.F. ELIEZER ARRUDA;RUA JOSE MARTINS, S/N
PARAMBU;19;382;RIACHÃO;ESCOLA SÃO MIGUEL;SALGADO
PACATUBA;57;15;CENTRO;EEM CRISPIANA DE ALBUQUERQUE;RUA RAIMUNDO SIQUEIRA,1819
ACARAÚ;30;64;ZONA RURAL;ESCOLA MANOEL EDGAR DA SILVEIRA;CAUASSU
LIMOEIRO DO NORTE;29;69;ÁREA RURAL;ESCOLA DE 1 GRAU PE CELIO CONRADO;SITIO TANQUINHOS
URUOCA;25;173;CAMPANARIO;E.E.F. NE CONRADO;AV. ALBERTO BATISTA FONTENELE, 21
ITAPAJÉ;41;238;ALTO DOS BERNARDOS;CRECHE SONHO DE CRIANÇA;RUA JOAQUIM LIRA MAGALHÃES, 367
CAUCAIA;123;297;PARQUE GUADALAJARA (JUREMA);E.E.I.E.F. DANILO DALMO DA ROCHA CORRÊA;RUA ACAPULCO, 1805 - PARQUE POTIRA II
ARACATI;8;162;VARZEA DA MATRIZ;C.E.I. PROF. SALETE MORAIS;RUA ABELARDO GURGEL COSTA LIMA
BELA CRUZ;96;37;AROEIRA-LOCALIDADE;EMEIEF SAO RAIMUNDO;AROEIRA
ITAITINGA;78;269;PARQUE SANTO ANTONIO;EEF LÍDIA ALVES CAVALCANTE;RUA CARLOS DA COSTA CARMO, 757
FORTALEZA;118;213;PASSARÉ;EEMTI INTEGRADA 2 DE MAIO;AVENIDA DA SAUDADE, S/N
FORTALEZA;3;594;ALDEOTA;COLÉGIO ANTARES (RUA BARBOSA DE FREITAS);RUA BARBOSA DE FREITAS, 2058
FORTALEZA;1;142;CIDADE 2000;ESCOLA ESTADUAL ARQUITETO ROGERIO FROES;AVENIDA DAS GRAVIOLAS 1000
FORTALEZA;2;797;MESSEJANA;COLÉGIO PAIVA ANDRADE;RUA INÁCIO MOREIRA, 133
FORTALEZA;2;783;MESSEJANA;FACULDADE ATENEU DO CEARÁ;AV. COLETOR ANTONIO GADELHA, 621
CAUCAIA;123;575;PARQUE POTIRA (JUREMA);E.E.I.E.F. TIRADENTES;RUA VERA CRUZ, 1879
ITAPIPOCA;17;331;ÁREA RURAL DE ITAPIPOCA;EEB SALUSTIANO PAULINO DO NASCIMENTO;SORORÔ
MARACANAÚ;122;207;ALTO DA MANGUEIRA;E.M.E.F. ESTUDANTE ANA BEATRIZ TAVARES;RUA JOACIR FREITAS DUTRA, S/N
MARANGUAPE;4;142;ITAPEBUSSU;EMEF PROFESSORA MARIA EUGÊNIA DE OLIVEIRA;RUA MANOEL GUEDES MARTINS, 1130
FORTALEZA;117;271;CANINDEZINHO;EM FLORIVAL ALVES SERAINE;RUA ITATIAIA, 1000
IGUATU;13;292;JOSÉ DE ALENCAR;PSF DO SÍTIO SANTA ROSA III;SITIO SANTA ROSA III
ITAITINGA;78;241;CENTRO;EEF VALMIQUE SAMPAIO ALBUQUERQUE;RUA JOSMO GURGEL ARAUJO, 1256
PORANGA;40;81;SEDE;EMEB ITELVINA SILVINA DE PINHO - SEDE;AV. DR. EPITÁCIO PINHO
PEDRA BRANCA;59;39;SEDE;PSF TEODÓZIO GONZAGA DE OLIVEIRA;LAGOA VELHA
QUIXADÁ;6;340;CAMPO VELHO;EEF PADRE VICENTE GONÇALVES DE ALBUQUERQUE;RUA DOM LUCAS, S/N
SOLONÓPOLE;55;11;CENTRO;EEEP JOSÉ CIRO NOGUEIRA MACHADO;TV LUÍS ALMEIDA
FORTALEZA;113;227;RODOLFO TEÓFILO;COLÉGIO MANUELITO AZEVEDO;RUA TIRADENTES, 483
CRATO;27;346;NOVO CRATO;EEMTI PREF. RAIMUNDO COELHO BEZERRA DE FARIAS;RUA FRANCISCO PIANCÓ LEITE S/N
ABAIARA;26;74;CENTRO;UNIDADE BÁSICA DE SAÚDE DR SEBASTIÃO CAVALCANTI;RUA PADRE JOSÉ LEITE SAMPAIO, 140
PARAIPABA;109;161;CAMBURÃO;EMEIF FRANCISCO CIPRIANO MOREIRA;CAMBURAO
CAUCAIA;120;341;CAPUAN;E.E.F. JOSE ALEXANDRE;RUA DA LAGOA, 135
GRANJEIRO;62;162;SÍTIO SERRINHA;EEIF PROFA FCA DE ARAÚJO BORGES (D. FRANSQUINHA);SITIO SERRINHA
FORTALEZA;2;152;MESSEJANA;EMEIF ANGELICA GURGEL;RUA DOUTOR PERGENTINO MAIA, 375
CAMOCIM;32;16;CRUZEIRO;CENTRO SOCIAL URBANO - CSU;RUA RIACHUELO S/N
CAMOCIM;32;217;CRUZEIRO;COLEGIO ESTADUAL PROF IVAN PEREIRA DE CARVALHO - CEPI;RUA RIACHUELO, SN
FORTALEZA;80;413;AEROLÂNDIA;IGREJA MATRIZ DA AEROLÂNDIA - PARÓQUIA N. SRA DO SAGRADO CORAÇÃO;RUA ASPIRANTE MENDES, 540
HIDROLÂNDIA;54;4;CENTRO;E. M. E. F. ADAIL FREITAS MARINHO;RUA VEREADOR EXPEDITO PEREIRA DE SOUSA, 199
GUARACIABA DO NORTE;74;171;DISTRITO;EEF FRANCISCO JOSÉ FEITOSA - MORRINHOS NOVOS II;MORRINHOS NOVOS
FORTALEZA;112;46;JARDIM DAS OLIVEIRAS;EM MARIA DE LOURDES RIBEIRO JEREISSATI;RUA REINO UNIDO, 115
FORTALEZA;93;93;PREFEITO JOSÉ WALTER;EM MINHA VIDA MEUS AMORES;AVENIDA D, 380 - II ETAPA
TURURU;17;628;CEMOABA / ZONA RURAL;EMEF MARIA LUNGA MOREIRA;RUA PRINCIPAL
ACOPIARA;60;101;CENTRO;EEM ALFREDO NUNES DE MELO;RUA EMILIA DE LIMA PINHO, SN
FORTALEZA;116;37;GRANJA LISBOA;EM PROF ANTONIA MARIA DE LIMA;RUA SARGENTO JOAO PINHEIRO 2601
UMIRIM;23;258;CAXITORE-DISTRITO;E.E.F. ALFREDO FERREIRA DA CUNHA;LOCALIDADE DE OITICICA
JAGUARUANA;75;135;SANTA LUZIA;C.E.I. RAIMUNDO PEREIRA BEZERRA (SANTA LUZIA);SANTA LUZIA
VIÇOSA DO CEARÁ;35;41;GENERAL TIBURCIO;E.E.F FRANCISCO VIEIRA JUNIOR;VILA GENERAL TIBURCIO
FORTALEZA;2;763;LAGOA REDONDA;POSTO DE SAÚDE TEREZINHA PARENTE;RUA NELSON COELHO, 215
FORTALEZA;2;495;MESSEJANA;EEM DEPUTADO PAULO BENEVIDES;RUA ANGELICA GURGEL, 186
MILHÃ;55;72;CENTRO;ESCOLA DE ENSINO FUNDAMENTAL CLEONICE B. PINHEIRO ROSA;RUA PEDRO JOSE DE OLIVEIRA 908
FORTALEZA;95;100;CONJUNTO PALMEIRAS;EEFM DOUTORA ALDACI BARBOSA;RUA VALPARAISO, 155
FORTALEZA;1;145;CIDADE 2000;ESCOLA ESTADUAL ARQUITETO ROGERIO FROES;AVENIDA DAS GRAVIOLAS 1000
FORTALEZA;118;276;SERRINHA;EM MARIA DE CARVALHO MARTINS;AVENIDA DOUTOR SILAS MUNGUBA, 4300
FARIAS BRITO;62;223;CARIUTABA;EEF PEDRO FERNANDES DE ALCANTARA;RUA ANTONIA DALICE DE OLIVEIRA, S/N  -  CARIUTABA
IPU;21;21;SEDE;ESCOLA DE ENSINO MEDIO DEP MURILO ROCHA AGUIAR;AV MILTON CARVALHO 635 - CENTRO
CAUCAIA;123;336;PARQUE GUADALAJARA (JUREMA);E.E.I.E.F. 7 DE SETEMBRO;AV. DOM ALMEIDA LUSTOSA, 2322
IGUATU;13;192;PRADO;ESCOLA DE ENS FUND NOSSA SENHORA DO PERPETUO SOCORRO;21 DE ABRIL
CRATO;27;279;PARQUE GRANGEIRO;EEIEF MARIA PIA BRÍGIDO E SILVA;RUA MARCOS MATHIAS S/N
TAMBORIL;61;60;CENTRO;EMTI 4 DE OUTUBRO;RUA VICENTE ALVES DO VALE SN
OCARA;67;192;SERENO DE CIMA-DISTRITO;ESCOLA MUNICIPAL FRANCISCA MARIA BRAGA - ENSINO FUNDAMENTAL;SERENO DE CIMA
URUOCA;25;90;PARACUA;E.E.F. CEL DOMINGOS ALVES PEREIRA;R. JOÃO CARAPINA, 44
IGUATU;13;85;PRADO;ESCOLA DE ENS FUND NOSSA SENHORA DO PERPETUO SOCORRO;21 DE ABRIL
ITAREMA;98;220;ZONA RURAL;EMEF MANOEL ROSA DE SOUSA;CEDRO
FORTALEZA;2;656;LAGOA REDONDA;EM TEREZINHA FERREIRA PARENTE;RUA NELSON COELHO, 209
SOBRAL;121;7;SINHÁ SABÓIA;CEI JACYRA PIMENTEL GOMES;RUA RIO NEGRO SN
TURURU;17;668;AÇUDINHO / ZONA RURAL;EMEF TIBURCIO ALVES PAIXAO;LOCALIDADE ACUDINHO
CATUNDA;54;166;POVOADO BUENOS AIRES;E. E. F. RAIMUNDO GONÇALVES DAMASCENO;POVOADO DE BUENOS AIRES
FORTALEZA;112;426;EDSON QUEIROZ;COLEGIO ARI DE SA CAVALCANTE WS;AV WASHINGTON SOARES, 3737
IBICUITINGA;47;123;CENTRO;EEB ENEAS FERREIRA NOBRE;RUA CAPITAO MANOEL ANTONIO 2180
AQUIRAZ;66;38;MACHUCA;EMEF GUILHERME JANJA;RODOVIA CE 040 KM 18  S/N
POTIRETAMA;86;60;CENTRO;ESCOLA DE 1 E 2 GRAUS ANDRÉ CAMPELO;RUA HONOR DIOGENES SN
SÃO BENEDITO;22;206;CRUZEIRO;EEMTI IZAIAS GONÇALVES DAMASCENO;AVENIDA SALMITO FERREIRA DE ALMEIDA 1150
GUARAMIRANGA;5;224;PERNAMBUQUINHO-DISTRITO;ESCOLA RODRIGO DE ARGOLO CARACAS (PERNAMBUQUINHO);RODOVIA DE PERNAMBUQUINHO
CANINDÉ;33;96;ZONA RURAL;EMEF MIGUEL ANTONIO OLIVEIRA;DISTRITO DE TARGINOS
FORTALEZA;2;820;MESSEJANA;ETI MARIA ODETE DA SILVA COLARES;RUA CEL JOÃO DE OLIVEIRA, 687
FORTALEZA;114;326;ÁLVARO WEYNE;EM DOM HELDER CAMARA;RUA FREI ODILON 623 B
CRATEÚS;20;12;SÃO VICENTE;CENTRO DE ATENÇÃO PSICOSOCIAL DR. ABDORAL MACHADO (CAPS);RUA AUTON ARAGAO, SN
PARAIPABA;109;146;SETOR D1;EMEIF SAUL MATIAS DA SILVA;SETOR D1
JAGUARUANA;75;121;ALTO DA CAATINGUINHA;ASSOCIAÇÃO FUTURO DA CRIANÇA;TRAVESSA ANTONIO SOARES DA SILVA, 1123
VIÇOSA DO CEARÁ;35;71;ZONA RURAL;E.E.F JOÃO EUCLIDES DE MORAIS;VILA JUA DOS VIEIRAS SN
ACOPIARA;60;48;VILA MOREIRAS I;EEF JOAO MOREIRA DE BARROS;RUA 21 DE ABRIL, SN
SENADOR POMPEU;12;154;SEDE;EEIEF ARISTIDES BATISTA DA SILVA;SITIO PATU S/N
CAUCAIA;123;339;PARQUE GUADALAJARA (JUREMA);E.E.I.E.F. 7 DE SETEMBRO;AV. DOM ALMEIDA LUSTOSA, 2322
FORTALEZA;93;141;PREFEITO JOSÉ WALTER;EEEP PROFESSOR ONELIO PORTO;AVENIDA E, 471 - II ETAPA
FORTALEZA;114;117;ÁLVARO WEYNE;EMTI NOSSA SENHORA DE FÁTIMA (ANTIGA APOSTÓLICA/SEMINÁRIO);RUA SÍLVIO ROMERO 370
FORTALEZA;94;816;QUINTINO CUNHA;EEFM DOM HELDER CAMARA;RUA ROSINHA SAMPAIO 1157
IPU;21;52;DISTRITO;UBS MARIA CLOTILDE CARLOS PAZ;ALTO ALEGRE
JUAZEIRO DO NORTE;119;245;NOVO JUAZEIRO;ESCOLA TIRADENTES;CASTELO BRANCO SN
FORTALEZA;117;390;CONJUNTO ESPERANÇA;EEEP DARCY RIBEIRO;RUA CONEGO DE CASTRO, S/N
ITAITINGA;78;294;RIACHÃO;EEF GALDINO ASSUNÇÃO FILHO;RUA LAURA DE SOUSA, 33
FORTALEZA;3;284;PRAIA DE IRACEMA;EM SÃO RAFAEL;RUA DOS TABAJARAS, 244
TARRAFAS;18;100;CENTRO;CRECHE PINGO DE GENTE;RUA SÃO JOSÉ, 99
FORTALEZA;114;39;FLORESTA;EM FRANCISCO SILVA CAVALCANTE;RUA CONSELHEIRO LAFAYETTE 205
JAGUARETAMA;72;88;CENTRO;ESCOLA MUNICIPAL DE 1º.GRAU MANOEL CARLOTO PINHEIRO;RUA MANOEL CARNEIRO 97
HIDROLÂNDIA;54;219;CENTRO;E.E.F.M. CENTRO EDUCACIONAL OLCINO PEREIRA DE SOUZA;RUA FELIZALVINA MOURÃO DA ROCHA, 420
CRATO;27;95;SEMINÁRIO;EEIEF LICEU DIOCESANO DE ARTES E OFÍCIOS;RUA DUARTE JÚNIOR S/N
SOBRAL;24;621;JORDÃO;ANEXO JOSE DE LOURDES VASCONCELOS (CONTENDAS);LOCALIDADE CONTENDAS
CAUCAIA;120;98;CONJUNTO METROPOLITANO;E.E.I.E.F. OSMAR DIÓGENES PINHEIRO;RUA EDMUNDO RODRIGUES, 485 - CONJUNTO METROPOLITANO
FORTALEZA;115;92;SERRINHA;COLEGIO DUQUE DE CAXIAS;RUA  PERU, 1675
PARAIPABA;109;156;SETOR C1;EMEIF COMPLEXO ESCOLAR SETOR C1;PROJETO IRRIGADO DO CURU - SETOR C1
ARACATI;8;15;CENTRO;INSTITUTO WALDEMAR FALCAO;RUA CEL POMPEU 720
MARCO;96;142;LOCALIDADE DE SANTA ROSA II;EEF FRUTUOSO MARQUES DE FREITAS;SANTA ROSA II
PACOTI;5;185;FATIMA-DISTRITO;CRECHE REINO DA FANTASIA (FATIMA);DISTRITO DE FATIMA
GUAIÚBA;57;165;SAO JERONIMO;CEI MARIA JOSE SOUSA SILVA;SAO JERONIMO
GUAIÚBA;57;55;CENTRO;EEBM JOSE CABRAL DE ARAUJO;RUA PEDRO AUGUSTO 91
FORTALEZA;118;332;PASSARÉ;COLEGIO EXODUS;RUA DOUTOR EDUARDO DIAS, 156
FORTALEZA;1;459;PAPICU;ESCOLA ESTADUAL MARIA JOSE MEDEIROS;RUA DESEMBARGADOR LAURO NOGUEIRA 1240
FORTALEZA;1;345;MUCURIPE;ESCOLA ESTADUAL MATIAS BECK;RUA  PROFESSORA AIDA BALAIO 38
FORTALEZA;114;276;ÁLVARO WEYNE;EM DOM HELDER CAMARA;RUA FREI ODILON 623 B
AQUIRAZ;66;96;CENTRO;ESCOLA DE ENSINO MEDIO TELINA MATOS PIRES;RUA FRANCISCO CAMARA,  70
ABAIARA;26;74;CENTRO;UNIDADE BÁSICA DE SAÚDE DR SEBASTIÃO CAVALCANTI;RUA PADRE JOSÉ LEITE SAMPAIO, 140
RUSSAS;9;47;CENTRO;ESCOLA MUNICIPAL JOSE RAIMUNDO DE DEUS;AVENIDA IRMÃ MARIA DA GRAÇA
CARIRÉ;65;4;PARAÍSO;EEFM CEFISA AGUIAR;RUA ISAIAS MACHADO PORTELA
CANINDÉ;33;482;PALESTINA;CAIC ALFREDO COELHO MAGALHÃES;RUA ANTONIO MONTEIRO DOS SANTOS SN
FORTALEZA;94;638;VILA VELHA;EM CASTELO DE CASTRO;RUA 43 1531
FORTALEZA;94;626;VILA VELHA;EMEIEF PROF JOSE PARSIFAL BARROSO;AV MAJOR ASSIS 1076
FORTALEZA;1;727;CAIS DO PORTO;ESCOLA MUNICIPAL PROF. GODOFREDO DE CASTRO FILHO;AVENIDA JOSÉ SABÓIA  905
JUCÁS;43;64;MEL - VILA;ESCOLA DE 1 GRAU ANTONIO JOSE DE MELO;RUA ANTONIO JOSE DE MELO S/N
CRATEÚS;20;325;SANTO ANTÔNIO;ESCOLA DE CIDADANIA DE INGA;INGA
FORTALEZA;82;698;PIRAMBU;ESCOLA MUNICIPAL SÃO CURA D'ARS;RUA SANTA ELISA, 722
CRATO;27;17;CENTRO;COLÉGIO DIOCESANO DO CRATO;RUA NÉLSON ALENCAR, 569
FORTALEZA;3;565;MEIRELES;WAYS BILINGUAL SCHOOL - UNIDADE MEIRELES;RUA NUNES VALENTE, 919
CAUCAIA;120;436;PLANALTO CAUCAIA;E.E.I.E.F. ANTONIO BRAGA DA ROCHA;RUA 112, SN - CIGANA
FORTALEZA;2;829;MESSEJANA;EM PROF CLODOMIR TEOFILO GIRAO;TRAVESSA RUTILO, 108
ITAPIPOCA;17;573;CRUXATI;EEB TEOFILO PIRES CHAVES;BASTIÕES
CAUCAIA;120;225;CONJUNTO METROPOLITANO;E.E.I.E.F. ANTÔNIO MIRANDA DE MELO;RUA PEDRO ALVES DE MENEZES, 1095 - CONJUNTO METROPOLITANO
CAUCAIA;120;405;SITIOS NOVOS;E.E.I.F. MANOEL PEREIRA MARQUES;POVOADO LAGOA DA SERRA
IBICUITINGA;47;265;VICOSA;EEB ANTONIO EDUARDO GIRAO;VICOSA  - SEDE
CAMPOS SALES;38;43;DIST.  DE CARMELÓPOLIS;E.E.I.F OSSEAN ALENCAR ARARIPE - DIST. DE CARMELÓPOLIS;RUA VIRGÍLIO GOMES, 139
IGUATU;13;380;VILA MOURA;ESCOLA DE ENSINO MEDIO LUCAS EMANUEL;RUA AMALIA BRASIL SN
FORTALEZA;114;177;CRISTO REDENTOR;EEFM SÃO JOSÉ DOS ARPOADORES;RUA FRANCISCO CALAÇA 90
CASCAVEL;7;53;CAPONGA;ESC.ENS.FUND. ESTER DANTAS DE CASTRO;TUJUCUSSU 1
IGUATU;13;284;FLORES;ESCOLA DE ENS FUND CARLOTA TAVORA;JUVENAL BARRETO 432
ACOPIARA;60;277;VILA ESPERANCA;EEF FRANCISCO UCHOA DE ALBUQUERQUE;ANTONIO MOREIRA SN
ACOPIARA;60;83;UMARI;EEMTI FRANCISCO ASSIS VIEIRA;RUA ANTONIO JOAQUIM, UMARI
FORTALEZA;3;58;CENTRO;COLÉGIO 7 DE SETEMBRO (SEDE NGS);AV. DO IMPERADOR, 1330
FORTALEZA;115;335;PARANGABA;SESI - PARANGABA;AVENIDA JOÃO PESSOA, 6754
TARRAFAS;18;156;SEDE;ESCOLA LUIZ GONZAGA DE ALCANTARA;AVENIDA MARIA LUIZA LEITE SANTOS, S/N  PEDRA FERRADA
CASCAVEL;7;144;JACARECOARA;POSTO DE SAÚDE DO TIM-TIM;TIM-TIM
FORTALEZA;114;183;ÁLVARO WEYNE;EEMTI WALDEMAR FALCÃO;RUA ANTONIO JOAQUIM DE CARVALHO 19
PACUJÁ;79;192;CENTRO;E.E.M. PLACIDO ADERALDO CASTELO;RUA 22 DE SETEMBRO, SN
VIÇOSA DO CEARÁ;35;67;PADRE VIEIRA;E.E.F MANOEL JOSÉ DA SILVA;VILA PADRE VIEIRA
CAUCAIA;120;388;COITE PEDREIRA;E.E.I.E.F. SANTA RITA CATARINA;SÍTIO CATARINA
FORTALEZA;1;473;MUCURIPE;ESCOLA MIGUEL FIALHO - ANTIGO PADRE JOSÉ NILSON;RUA CORONEL MANUEL JESUÍNO 225
ITAPIPOCA;17;589;BARRENTO;EEB JOAO MESQUITA TEIXEIRA;BARRENTO
CAMOCIM;32;279;SAO FRANCISCO;ESCOLA DE 1 GRAU NATALIA ALBUQUERQUE LOPES;RUA DR RAIMUNDO VERAS S/N
FORTALEZA;3;611;ALDEOTA;COLÉGIO ESPAÇO ABERTO - DOM LUÍS;AV. DOM LUÍS, 730
ITAPIPOCA;17;587;BARRENTO;EEB PEDRO PAULO DE SOUSA;BARRENTO
CRATO;27;79;VILA ALTA;EEFM JOSÉ ALVES DE FIGUEIREDO;RUA GETÚLIO VARGAS, 214
ARACOIABA;67;6;CENTRO-SEDE;CENTRO COMUNITARIO COMENDADOR EUGENIO DE CASTRO E SILVA;PLANALTO ARACOIABA
FARIAS BRITO;62;235;NOVA BETANIA;EEF FRANCISCO CASTELO DE CASTRO;AVENIDA MANOEL NERES DE OLIVEIRA, S/N
FORTALEZA;3;595;ALDEOTA;COLÉGIO ANTARES (RUA BARBOSA DE FREITAS);RUA BARBOSA DE FREITAS, 2058
PACATUBA;57;84;CONJUNTO JEREISSATI II;ESCOLA DE 1 GRAU DEPUTADO FAUSTO ARRUDA AGUIAR;AV. 26 S/N
CAUCAIA;123;282;NOVA METRÓPOLE (JUREMA);E.E.F.M. ELIEZER DE FREITAS GUIMARÃES;RUA 145, S/N - NOVA METRÓPOLE
FORTALEZA;2;122;MESSEJANA;EEFM JOSE DE ALENCAR;RUA VENEZA, 84
SOBRAL;24;648;CAMPO DOS VELHOS;EEM PROF. LUIS FELIPE;RUA CEL JOSE SILVESTRE, 760
CROATÁ;74;177;SEDE;ESCOLA DE ENSINO MEDIO FLAVIO RODRIGUES;CENTRO
ITAPIPOCA;17;716;CENTRO;PATRONATO NOSSA SENHORA DAS MERCES;AV. DUQUE DE CAXIAS 1181
CASCAVEL;7;266;SEDE;ESCOLINHA ABRAÇO FRATERNO;RUA TABELIAO JOSE MARCOS DE CASTRO S/N
CAUCAIA;123;383;ARATURI (JUREMA);E.E.I.E.F. RITA DE CÁSSIA BRASILEIRO PONTES;AV. CENTRAL, 1112
GENERAL SAMPAIO;50;38;CENTRO;EMEF Mª ARINDA LOBO DE MESQUITA;RUA JOSÉ SEVERINO FILHO, 209
CAMOCIM;32;226;OLINDA;EEF EDUARDO NORMANDIA DE ALBUQUERQUE - BAIRRO NOVA OLINDA;NOVA OLINDA II, 367
CAMOCIM;32;242;ZONA RURAL;EEF JOAQUIM ROCHA VERAS - MORORO;LOCALIDADE DE MORORO
SÃO GONÇALO DO AMARANTE;36;285;PECEM-DISTRITO;ESCOLA DE ENSINO FUNDAMENTAL E MEDIO EDITE ALCANTARA MOTA;PECEM
AQUIRAZ;66;205;RIVIERA;EMEF JOSE ISAAC SARAIVA DA CUNHA;AV. 07 DE SETEMBRO S/N
FORTALEZA;114;202;PRESIDENTE KENNEDY;EM GABRIEL CAVALCANTE;QUADRA F 167 CONJUNTO CASTELO BRANCO
IRAUÇUBA;41;178;MISSI;ESCOLA MUNICIPAL JOSEFA CLOTILDE TABOSA BRAGA;RUA ANARIO BRAGA SN
MISSÃO VELHA;16;55;FREI DAMIÃO DE BOZZANO;EEFM MONSENHOR ANTONIO FEITOSA;AVENIDA CORONEL JOSÉ DANTAS, S/N
AURORA;69;19;CENTRO-SEDE;E.E.F.M. JOSE PINTO QUEZADO;VILA PAULO GONÇALVES, S/N
FORTALEZA;2;815;LAGOA REDONDA;ESCOLA MUNICIPAL ISABEL FERREIRA;RUA ISABEL FERREIRA, 1000 - CONJ. CURIÓ
CAUCAIA;120;355;CIGANA;E.E.I.E.F DALVA PONTES DA ROCHA;RUA QUINTINO JOSE CORREIA, 465
CAMPOS SALES;38;124;B. ALTO ALEGRE;C.E.I - CENTRO DE EDUCAÇÃO INFANTIL - SEDE;RUA EMILIANO FORTALEZA S/N
AQUIRAZ;66;95;CENTRO;EMEF ERNESTO GURGEL VALENTE;RUA FRANCISCO CAMARA, SN
FORTALEZA;1;879;ALDEOTA;COLEGIO ANTARES - SANTOS DUMONT;AVENIDA SANTOS DUMONT 3777
CAUCAIA;123;414;NOVA METRÓPOLE (JUREMA);E.E.F.M. ROMEU DE CASTRO MENEZES;AV. A, S/N - NOVA METRÓPOLE
PORANGA;40;163;MULATINHA;ESCOLA DE ENSINO FUNDAMENTAL SÃO FRANCISCO - MULATINHA;MULATINHA
FORTALEZA;3;126;JACARECANGA;COLÉGIO ESTADUAL LICEU DO CEARÁ;PRAÇA GUSTAVO BARROSO, 01
FORTALEZA;1;146;CIDADE 2000;ESCOLA ESTADUAL ARQUITETO ROGERIO FROES;AVENIDA DAS GRAVIOLAS 1000
FORTALEZA;117;358;CONJUNTO ESPERANÇA;EEFM IRAPUAN CAVALCANTE PINHEIRO;AV E 305
AURORA;69;88;TIPI DE CIMA-SITIO;CENTRO EDUCACIONAL RURAL;SITIO TIPI DE CIMA
CRATEÚS;20;172;IRAPUA;ESCOLA DE CIDADANIA SANTA ROSA;JARDIM
MISSÃO VELHA;16;71;SEDE;EEF  EMILCE DANTAS ( ANTIGO DR STENIO DANTAS);RUA AFONSO RIBEIRO, S/N, CENTRO.
TAUÁ;19;221;MARROAS;EEF MERANDOLINO PEREIRA CAVALCANTE;BARRIGUDA
FORTALEZA;3;585;MEIRELES;ESCOLA DE SAÚDE PÚBLICA DO CEARÁ;AV. ANTÔNIO JUSTA, 3161
TAMBORIL;61;2;DISTRITO DE SUCESSO;EEMTI JÁDER DE FIGUEIREDO CORREIA;RUA GOV VALDEMAR DE ALCANTARA - VILA SUCESSO
JUAZEIRO DO NORTE;28;33;SALGADINHO;EEMTI ALAÍDE SILVA SANTOS;RUA JOSE CAETANO DO SALGADINHO
OCARA;67;233;SERENO DE CIMA-DISTRITO;ESCOLA MUNICIPAL SEBASTIAO FREIRES BRAGA - ENSINO FUNDAMENTAL;RUA VENUS SN - SERENO DE CIMA
FORTIM;8;92;JARDIM;EEFTI. JOSE ALEXANDRE;POVOADO DE JARDIM
FORTALEZA;82;644;JACARECANGA;EEMTI SALES CAMPOS;RUA JACINTO MATOS, 730
OCARA;67;170;NOVO HORIZONTE-DISTRITO;ESCOLA MUNICIPAL GERALDO MACER CARNEIRO - ENSINO FUNDAMENTAL;BORGES LAGOA NOVA
OCARA;67;262;CENTRO-SEDE;ESCOLA ESTADUAL ALMIR PINTO;RUA CASSIANO CORREIA
BARBALHA;31;135;BELA VISTA;CEI MONS. MURILO DE SÁ BARRETO (BELA VISTA);RUA T22, 254 - BELA VISTA
BEBERIBE;84;28;FORQUILHA;ESCOLA MUNICIPAL MARIA CLEMENTE DA SILVA;MEDEIROS
ITAPIPOCA;17;19;CRUZEIRO;EEFMI CORONEL MURILO SERPA;RUA ANASTACIO BARROSO VALENTE 318
SOBRAL;121;98;CENTRO;UNIVERSIDADE UNOPAR SOBRAL;AV DOM JOSÉ, 1138
FORTALEZA;113;147;JARDIM AMÉRICA;ESC. EST. DE EDUC. PROFISSIONAL PAULO VI;RUA JORGE DUMMAR, 1841
FORTALEZA;80;328;JOAQUIM TÁVORA;COLÉGIO ANTARES IRMÃ MARIA (ANTIGO IRMÃ MARIA MONTENEGRO);RUA PINHO PESSOA 681
FORTALEZA;3;403;ALDEOTA;COLÉGIO CHRISTUS (AV. BARÃO DE STUDART);RUA JOÃO CARVALHO, 630
FORTALEZA;2;740;PAUPINA;EM CÔNEGO FRANCISCO PEREIRA DA SILVA;RUA LUÍS FRANCISCO XAVIER, 256
JAGUARIBE;10;52;CENTRO;E.E.F.M. RAUL BARBOSA;AV OITO DE NOVEMBRO 521
FORTALEZA;83;243;PANAMERICANO;EEFM ANISIO TEIXEIRA;RUA RIO GRANDE DO SUL 680
ARACATI;8;214;NOSSA SENHORA DE LOURDES;EEMTI. BENI CARVALHO;RUA BENI CARVALHO 1679
SOBRAL;121;175;DOM EXPEDITO;EEFI PADRE OSVALDO CHAVES;RUA PROFESSOR ANTÔNIO FERREIRA PORTO225
FORTALEZA;116;196;GRANJA LISBOA;EM PROF LIREDA FACO;RUA TRES CORACOES 735
FORTALEZA;116;24;GRANJA PORTUGAL;CEI REITOR ANTONIO MARTINS FILHO - UNIDADE 2;RUA HUMBERTO LOMEU 1220
FORTALEZA;117;423;CONJUNTO ESPERANÇA;EEEP DARCY RIBEIRO;RUA CONEGO DE CASTRO, S/N
FORTALEZA;93;251;PREFEITO JOSÉ WALTER;ESCOLA MUNICIPAL ARI DE SA CAVALCANTE (JOSÉ WALTER);AV. H, 430 III ETAPA
IRACEMA;86;110;CENTRO;E.E.F.M. DEP JOAQUIM DE  FIGUEIREDO CORREIA;RUA ANTONIO HOLANDA MORAES, 136
ARACOIABA;67;130;JENIPAPEIRO-DISTRITO;ESCOLA MUNICIPAL ANTONIO PAULO;JENIPAPEIRO I
CRATEÚS;20;217;FATIMA II;EEFM LIONS CLUBE;RUA CLOVIS BEVILAQUA 1417
JUAZEIRO DO NORTE;119;231;TIMBAUBA;CRAS TIMBAUBAS;RUA ASSIS DIAS SOBREIRA, 488
SENADOR SÁ;45;135;ZONA RURAL;EEF ZILDA OLIVEIRA AGUIAR;DISTRITO DE SERROTA
FORTALEZA;95;312;CONJUNTO PALMEIRAS;CEI CESAR CALS DE OLIVEIRA NETO;RUA CAMPINENSE, 54
PARAIPABA;109;137;CAMBOAS;EMEF FRANCISCO BATISTA DE AZEVEDO;RUA SÃO SEBASTIÃO, S/N
FORTALEZA;115;480;VILA PERI;EM NOELZINDA SATIRO SANTIAGO;RUA DOM XISTO ALBANO, 1298
ABAIARA;26;3;CENTRO;ESCOLA BELARMINO LINS DE MEDEIROS;RUA EXPEDITO OLIVEIRA DAS NEVES 182
ITAPIPOCA;17;321;ÁREA RURAL DE ITAPIPOCA;CAPELA DE NOSSA SENHORA DA CONCEIÇÃO (ARRODEADOR);ARRODEADOR
VIÇOSA DO CEARÁ;35;127;SITIO ARATICUM;E.E.F ANA BEZERRIL FONTENELE;SITIO ARATICUM
UMIRIM;23;289;CENTRO-SEDE;E.E.F. MOCINHA GOMES DE SOUSA;RUA MAJOR SALES, 84
PIRES FERREIRA;21;7;SEDE;E.E.F.M. FRANCISCO SOARES DE OLIVEIRA;RUA 22 DE MAIO, SN
CAUCAIA;123;362;MARECHAL RONDON (JUREMA);E.E.I.E.F. ECONOMISTA RUBENS VAZ DA COSTA;AVENIDA NOVO HORIZONTE, S/N
FORTALEZA;117;437;BOM JARDIM;EEFM SANTO AMARO;RUA NOVA CONQUISTA 871
FORTALEZA;117;369;SIQUEIRA;ESCOLA MUNICIPAL PROF JOSE CÍRIO PEREIRA FILHO;RUA QUARTZO ROSA, 100
APUIARÉS;50;4;CONJUNTO FRANCISCO BERNARDO;EEF MATILDE BARBOSA GOIS;RUA JOSÉ NOJOSA FREITAS, 100
QUIXERÉ;29;240;LAGOINHA;EEIF ZACARIAS FERREIRA DE SOUSA;RUA JOAO ZACARIAS DE BRITO SN
SÃO GONÇALO DO AMARANTE;36;240;CARAUBAS;NUCLEO INFANTIL TIA FAUSTA;CARAUBAS
CRATO;27;17;CENTRO;COLÉGIO DIOCESANO DO CRATO;RUA NÉLSON ALENCAR, 569
TARRAFAS;18;28;ZONA RURAL;GRUPO ESCOLAR JOAO RICARTE DE CARVALHO;RUA PRINCIPAL SN  -  CACHOEIRA DOS RICARTES - ZONA RURAL
SOBRAL;24;471;SUMARÉ;EEM PROFESSORA CARMOSINA FERREIRA GOMES;RUA DAS FLORES, S/N
FORTALEZA;3;414;ALDEOTA;COLÉGIO DARWIN;RUA ILDEFONSO ALBANO, 1030
HORIZONTE;78;106;DOURADO;EMEF MARINA FERREIRA DE ALMEIDA;RUA DONA SINHÁ, 159
PEDRA BRANCA;59;46;SANTA CRUZ DO BANABUIU;E.E.F JOÃO MANOEL FILHO;RUA ANTONIO MACHADO, 72 - BAIRRO SANTO ANTONIO
EUSÉBIO;88;187;PARQUE HAWAÍ;CENTRO DA 1ª INFÂNCIA (POLO EDUARDO SÁ - ABC);RUA PIONEIRO S/N
FORTALEZA;114;318;ÁLVARO WEYNE;EM MARIA ROSELI LIMA MESQUITA;RUA FRANCISCO CALAÇA 1791
PARAIPABA;109;106;BOA ESPERANÇA;EMTI HUMBERTO VIEIRA PESSOA;RUA MARIA CLARICE MOREIRA, 200
CAPISTRANO;105;17;CENTRO;ESCOLA DE ENSINO FUNDAMENTAL DONA MARIETA CALLS;RUA JOSE DANIEL S/N
PEDRA BRANCA;59;142;BOM PRINCIPIO;EEFTI SABINO VIEIRA CAVALCANTE;RUA FORTUNATO SILVA, 243
ARARENDÁ;48;182;LAGOA DE SANTO ANTONIO;E. E. F. M.  FIRMINO JOSÉ;DISTRITO DE LAGOA DE SANTO ANTONIO
JAGUARUANA;75;17;SARGENTO;E.E.F. RAIMUNDO SALES FAÇANHA;SARGENTO
RERIUTABA;79;34;AÇUDE DO MATO;E.E.F. NOSSA SENHORA DAS GRACAS;AÇUDE DO MATO
MORADA NOVA;47;239;ARUARU;EEB BENEVENUTO LINO DO NASCIMENTO;RUA DE FATIMA S/N PATOS
CAUCAIA;123;433;ARATURI (JUREMA);E.E.I.E.F. MONSENHOR ANDRÉ VIANA CAMURÇA;RUA NW-5, 40
FORTALEZA;3;506;CENTRO;CENTRO DE PASTORAL MARIA, MÃE DA IGREJA;RUA RODRIGUES JÚNIOR, 300
IGUATU;13;8;VILA CIDAO;CAMPUS MULTI-INSTITUCIONAL HUMBERTO TEIXEIRA (URCA/UECE/CENTEC);AV DÁRIO RABELO SN
FORTALEZA;118;594;DIAS MACEDO;EEMTI PADRE GUILHERME WAESSEN;RUA BOA VENTURA 916
AMONTADA;89;295;LAGOA GRANDE;EEBTI FRANCISCO BRAS DOS SANTOS;LAGOA GRANDE
EUSÉBIO;88;226;MANGABEIRA;EEM MANOEL FERREIRA DA SILVA;RUA ELIEZER PARRIAO, 105 - MANGABEIRA
MISSÃO VELHA;16;16;SEDE;SECRETARIA DE TRABALHO E ASSISTÊNCIA SOCIAL (ANTIGO CSU);RUA PADRE CICERO, 204. CENTRO.
ACOPIARA;60;150;QUINCOE;EEF PEDRO JOSE DA SILVA;SITIO BOTELHA
FARIAS BRITO;62;215;LAGOA SECA;EEF DUQUE DE CAXIAS;POVOADO LAGOA SECA - DISTRITO DE QUINCUNCÁ
PARAMOTI;111;175;CENTRO;EMEF MANUEL DE ARRUDA;SANTA ROSA
FORTALEZA;94;585;QUINTINO CUNHA;EEFM DOM HELDER CAMARA;RUA ROSINHA SAMPAIO 1157
FORTALEZA;94;657;VILA VELHA;EEM LICEU VILA VELHA;AV. L, 840
FORTALEZA;116;446;BONSUCESSO;EM XV DE OUTUBRO;RUA GUARANI, 2030
JIJOCA DE JERICOACOARA;30;414;CENTRO;CRECHE COMUNITÁRIA SANTA LUZIA;RUA MANOEL MARQUES - 1181
SÃO GONÇALO DO AMARANTE;36;68;SIUPE-DISTRITO;ESCOLA DE ENSINO FUNDAMENTAL DONA FILOMENA MARTINS;SIUPE
FORTALEZA;115;337;PARANGABA;SESI - PARANGABA;AVENIDA JOÃO PESSOA, 6754
CARIRÉ;65;42;ZONA RURAL;ESCOLA EIEF JOSE DO PATROCINIO BRAGA;RUA SEBASTIAO MARTINS - DISTRITO JUCA
LIMOEIRO DO NORTE;29;97;CENTRO;CENTRO EDUCACIONAL SAO VICENTE DE PAULO - PATRONATO;RUA SABINO ROBERTO 398
URUOCA;25;91;PARACUA;E.E.F. CEL DOMINGOS ALVES PEREIRA;R. JOÃO CARAPINA, 44
LIMOEIRO DO NORTE;29;192;LUIZ ALVES DE FREITAS;CENTRO DE EDUCAÇÃO INFANTIL MARIA DE FÁTIMA LIMA GUIMARÃES;RUA CLAUDIO BENEVIDES, S/N
FORTALEZA;115;454;MANOEL SÁTIRO;EM HENRIQUETA GALENO;RUA MAJOR MONTENEGRO 917
HORIZONTE;78;86;CENTRO;EEM RAIMUNDO NOGUEIRA;RUA RAIMUNDO NOGUEIRA, 103
MORADA NOVA;47;154;PEDRAS;POSTO DE SAÚDE DA LAGOA DO FRADE;LAGOA DO FRADE
TAUÁ;19;129;CARRAPATEIRAS;ESCOLA ANTONIO ALVES DE PAIVA;LIMÃO
AQUIRAZ;66;148;ARACAS;EMEF RAIMUNDO RAMOS DA COSTA;SITIO ARACAS
QUIXERÉ;29;272;SEDE;EEFM GOVERNADOR MANOEL DE CASTRO FILHO;RUA PADRE JOAQUIM DE MENEZES 1110
IGUATU;13;268;AREIAS I;ESCOLA DE ENS MÉDIO ADAUTO BEZERRA;RUA DEOCLECIO LIMA VERDE SN
JUAZEIRO DO NORTE;119;188;TIRADENTES;ESCOLA CAROLINA SOBREIRA;RUA JOSE SABIA SN
GUARACIABA DO NORTE;74;167;DISTRITO;EEF MANOEL BANDEIRA DE MOURA (ESCOLA NOVA DA MARTINSLÂNDIA);MARTINSLANDIA
GUAIÚBA;57;87;BAU;ESCOLA DE 1 GRAU MARIA DE LOURDES PEREIRA;RUA JOSE DE CASTRO PEREIRA, 903
EUSÉBIO;88;241;PIRES FACANHA;EEF OSCAR FEITOSA;RUA PIRES DO FACANHA, 775 - PIRES FACANHA
IBICUITINGA;47;148;ACUDE DOS PINHEIROS;EEB JOSE RUFINO PINHEIRO;ACUDE DOS PINHEIROS - SEDE
ITAITINGA;78;264;PARQUE DOM PEDRO;EEF MANOEL FERREIRA GOMES;RUA D, 636
ALTO SANTO;86;13;BAIXA DA UMBURANA;ESCOLA DE 1 GRAU MANUEL NOGUEIRA COSTA;SITIO BAIXA DA UMBURANA
IRACEMA;86;100;VILA EMA;E.E.F. FRANCISCO PEREIRA SAMPAIO;RUA FRANCISCO PEREIRA SAMPAIO, SN
SÃO GONÇALO DO AMARANTE;36;164;UMARITUBA-DISTRITO;E. E. F. LEONICE ALCANTARA;UMARITUBA
NOVA RUSSAS;48;97;UNIVERSIDADE;COLÉGIO MUNICIPAL ONZE DE NOVEMBRO;AV. JOÃO GREGÓRIO TIMBÓ
CRATO;27;100;PINTO MADEIRA;AGÊNCIA DA PREVIDÊNCIA SOCIAL- INSS;RUA JOSÉ MARROCOS, 458
CAUCAIA;120;420;PADRE JULIO MARIA;EEIEF JOSE OLAVO MOREIRA;RUA SÃO PAULO, S/N
FORTALEZA;1;874;VICENTE PINZON;ESCOLA PROFISSIONAL MARIA ANGELA DA SILVEIRA BORGES;RUA PINTOR ANTONIO BANDEIRA, S/N
SENADOR POMPEU;12;70;SAO JOAQUIM;CASA PAROQUIAL;SÍTIO JATOBA
FORTALEZA;118;578;DIAS MACEDO;EEFM ANTÔNIO DIAS MACEDO;AV PEDRO DANTAS 340
PIRES FERREIRA;21;66;DISTRITO;E.E.F. CENTRO EDUCACIONAL RURAL;DELMIRO GOUVEIA
FORTALEZA;116;431;JOÃO XXIII;COMPLEXO SOCIAL MAIS INFÂNCIA MARIA DE LOURDES MOREIRA LEITE LIMA;RUA ARAGUAIANA, 77
MARCO;96;174;BAIRRO CORACAO DE JESUS;PSF MARIA JOSÉ NEVES OSTERNO;RUA PARSIFAL BARROSO, S/N
CRATEÚS;20;166;PLANALTO;EEMTI GOV. GONZAGA MOTA;RUA DR. JÚLIO LIMA, 2194
HORIZONTE;78;112;ZUMBI;EMEF JOSE EDUARDO DE SOUSA;RUA MARIA LUIZA NORONHA - 405
CAUCAIA;123;392;PARQUE ALBANO (JUREMA);E.E.I.E.F. DOM ANTÔNIO DE ALMEIDA LUSTOSA;RUA PERY, 951
MARANGUAPE;4;116;URUCARÁ - MARANGUAPE;EMEIEF RURAL DE GERERAU;AVENIDA TABATNGA, S/N
CRATO;27;376;NOSSA SENHORA DE FÁTIMA;CEI PROFESSORA SILVANY INÁCIO DE SOUSA;AVENIDA DAVI ARAÚJO NOBRE, S/N - FILEMON LIMAVERDE
QUIXERÉ;29;245;LAGOINHA;EEIF ZACARIAS FERREIRA DE SOUSA;RUA JOAO ZACARIAS DE BRITO SN
HIDROLÂNDIA;54;33;DISTRITO DE BETÂNIA;E.M.E.F. ANTONIA DE FREITAS VIANA;DISTRITO DE BETÂNIA
CAUCAIA;120;363;GENIPABU;E.E.I.E.F. MIRTES SILVA DE MENEZES;RUA SAO JOSE, S/N - JARDIM DO AMOR
CAMOCIM;32;54;SAO FRANCISCO;ESCOLA DE 1 GRAU NATALIA ALBUQUERQUE LOPES;RUA DR RAIMUNDO VERAS S/N
FORTALEZA;93;168;ARACAPÉ;EMEIF IVANILSON SOUZA LIMA COSTA;RUA POLIANA N.102
CRATO;27;188;PALMEIRAL;20ª CRES - COORDENADORIA REGIONAL DE SAÚDE - CRATO;AV. BRIGADEIRO JOSÉ SAMPAIO MACEDO S/N
TARRAFAS;18;102;ZONA RURAL;SALÃO PAROQUIAL DO SITIO URUCUZINHO;SITIO URUCUZINHO - ZONA RURAL
FORTALEZA;1;756;VARJOTA;FACULDADE FARIAS BRITO - CASTRO MONTE;RUA CASTRO MONTE 1364
FORTALEZA;114;124;ÁLVARO WEYNE;EMTI NOSSA SENHORA DE FÁTIMA (ANTIGA APOSTÓLICA/SEMINÁRIO);RUA SÍLVIO ROMERO 370
MARACANAÚ;104;363;PAJUÇARA;EMEF MARIA PEREIRA DA SILVA;RUA JUSTINO DE SOUSA, 842
MARACANAÚ;104;393;PAJUÇARA;COLÉGIO 7 DE SETEMBRO (PAJUÇARA);RUA BEATRIZ CALIXTO, 305
CHORÓ;6;387;CENTRO;CEM DOM BOSCO;RUA ILDA BEZERRA PIANCÓ, 169, CENTRO
IPAPORANGA;20;299;MULUNGU;ESCOLA DE ENSINO FUNDAMENTAL ANTONIO LOPES TEIXEIRA;MULUNGU
ITAITINGA;78;286;GERERAÚ;EEF FRANCISCA FERREIRA SIQUEIRA;AV. CEL. ANTONIO FERREIRA, 440
HORIZONTE;78;96;CATOLÉ;EMEF JOAO ANTONIO DA SILVA;RUA MANOEL DAMASCENO DA COSTA, 701
HORIZONTE;78;197;CENTRO;CEJAH LAURIZA VIEIRA LIMA ;RUA FRANCISCO PEREIRA DE AZEVEDO,164 
IGUATU;13;52;VILA COQUEIROS;ESCOLA DE ENS FUND CLARA ALVES DE ARAUJO;RUA JOSÉ VIEIRA BARBOSA SN
FORTALEZA;1;41;ALDEOTA;COLEGIO ANTARES - SANTOS DUMONT;AVENIDA SANTOS DUMONT 3777
FORTALEZA;2;666;LAGOA REDONDA;EM PROFª FERNANDA MARIA DE ALENCAR COLARES;AV PROF. ARTHUR DE CARVALHO, 1540
FORTALEZA;1;476;VARJOTA;CREAS - MUCURIPE;RUA CORONEL MANOEL JESUÍNO,153
JIJOCA DE JERICOACOARA;30;394;CENTRO;ESCOLA SENADOR CARLOS JEREISSATE;RUA MINAS GERAIS S/N
MARACANAÚ;122;28;CÁGADO;EMEIEF JOAO MAGALHAES DE OLIVEIRA;RODOVIA RAIMUNDO PESSOA DE ARAUJO 700
FORTALEZA;3;630;ALDEOTA;COLÉGIO BATISTA - SANTOS DUMONT;RUA DESEMBARGADOR LEITE ALBUQUERQUE, 1056
FORTALEZA;112;494;CIDADE DOS FUNCIONÁRIOS;COLEGIO MASTER SUL;RUA BENJAMIM MOURA, 631
MORRINHOS;44;22;ESPINHOS;EMEF FRANCISCO LOPES MARÇAL;ESPINHOS DOS LOPES
PARAMBU;19;394;SEDE;ESCOLA OTAVIO TORQUATO (ANTIGA ESCOLA MARIA NOGUEIRA DE FREITAS);INGÁ DE BAIXO
CAUCAIA;37;402;GUAGIRU;E.E.F. ALBA PESSOA DA SILVA;RUA SAO MIGUEL, 105
SOBRAL;24;501;VILA UNIÃO;CRAS REGINA JUSTA FEIJÃO (ANTIGO POLO ABC);RUA JERUSALEM, S/N
JUAZEIRO DO NORTE;119;458;TIMBAUBA;EMEI MADRE MARIA VILLAC;RUA RUI BARBOSA, S/N
GUARACIABA DO NORTE;74;71;DISTRITO;ESCOLA MUNICIPAL SILVESTRE MESQUITA (VÁRZEA DOS ESPINHOS);VARZEA DOS ESPINHOS
SOBRAL;24;620;DOMINGOS OLÍMPIO;EEFI EMILIO SENDIM;RUA EDUARDO DE ALMEIDA SANFORD, S/N
PACATUBA;57;110;CONJUNTO JEREISSATI II;EEIEF JOAO PAULO SAMPAIO DE MENEZES;RUA 74 SETOR G, 900
ARNEIROZ;101;65;CONDADU;ESCOLA JOÃO RODRIGUES PINHEIRO;CONDADU
ITAITINGA;78;396;GERERAÚ;CEI - MARIA TAVARES CAVALCANTE;RUA CÂNDIDO MEIRELES, N. 1.098
CRATEÚS;20;162;TUCUNS;SEDE DA ASSOCIAÇÃO COMUNITÁRIA DE SANTA LUZIA;SANTA LUZIA
IGUATU;13;253;BARREIRAS;CRECHE JOSÉ LOURENÇO DE MELO;VILA BARREIRAS DOS PINHEIROS
CRATEÚS;20;108;SANTO ANTÔNIO;ESCOLA DE CIDADANIA DE SANTO ANTONIO;SANTO ANTONIO
PORTEIRAS;70;284;SIMAO-SEDE;E E I F JOSÉ ARISTARCO CARDOSO;VILA SIMAO
CAUCAIA;123;366;MARECHAL RONDON (JUREMA);E.E.I.E.F. ECONOMISTA RUBENS VAZ DA COSTA;AVENIDA NOVO HORIZONTE, S/N
FORTALEZA;2;139;MESSEJANA;EEM LICEU DE MESSEJANA;AVENIDA WASHINGTON SOARES 7702
FORTALEZA;2;396;GUAJERU;EEEP COMENDADOR MIGUEL GURGEL;RUA JOSE BAIMA, S/N
FORTALEZA;114;208;FLORESTA;EM FRANCISCO SILVA CAVALCANTE;RUA CONSELHEIRO LAFAYETTE 205
IGUATU;13;81;FLORES;ESCOLA DE ENS FUND CARLOTA TAVORA;JUVENAL BARRETO 432
ITAPIPOCA;17;700;CACIMBAS;CENTRO EDUCACIONAL MARIA MAGALHAES VIANA AZEVEDO;RUA MOESIO LOIOLA S/N
IGUATU;13;80;AREIAS I;INSTITUTO FEDERAL DO CEARÁ - IFCE CAMPUS AREIAS;RUA DEOCLECIO LIMA VERDE SN
HORIZONTE;78;395;DOURADO;EMEF MARINA FERREIRA DE ALMEIDA;RUA DONA SINHÁ, 159
FORTALEZA;3;129;JACARECANGA;COLÉGIO ESTADUAL LICEU DO CEARÁ;PRAÇA GUSTAVO BARROSO, 01
HORIZONTE;78;152;MAL COZINHADO;EMEF DEPUTADO FEDERAL ULYSSES GUIMARAES;RUA MARIA PAULA 1231 - MAL COZINHADO
FORTALEZA;93;212;PREFEITO JOSÉ WALTER;CEI RACHEL DE QUEIROZ;RUA 41, S/N - II ETAPA
CAUCAIA;123;456;PARQUE GUADALAJARA (JUREMA);COLÉGIO PLENO DO CEARÁ - CPC;RUA PADRE ALFREDO NESI, 363 (ANTIGA RUA CAMPECHE )
FORTALEZA;1;464;VARJOTA;ESCOLA ESTADUAL  BARBARA DE ALENCAR;RUA PEDRO RUFINO 38
ITAREMA;98;208;LAGOA SECA;EEEP PROFESSORA ROSÂNGELA ALBUQUERQUE DE COUTO;RUA DAS INDUSTRIAS, SN
FORTALEZA;118;617;PASSARÉ;EM FRANCISCO ANDRADE TEOFILO GIRAO;RUA UNIDOS VENCEREMOS, 2040
FORTALEZA;114;187;BARRA DO CEARÁ;EM JADER DE FIGUEIREDO CORREIA;RUA TOCANDIRA 61
CRATEÚS;20;7;MONTENEBO;ESCOLA DE CIDADANIA MARIA BEZERRA DE SOUSA;CABECA DA ONCA
CRATEÚS;20;78;SANTANA;ESCOLA DE CIDADANIA JOAO AFONSO DE ALMEIDA VALE;CARRAPATEIRA
IGUATU;13;262;JOSÉ DE ALENCAR;ESCOLA DE ENS. FUND.  RITA DE CASSIA;SITIO ARCENO
ITAPIPOCA;17;492;CENTRO;EEM JOAQUIM MAGALHÃES;RUA PERGENTINA ARAUJO S/N
CRATO;27;172;MONTE ALVERNE;EEIEF PROFESSORA PUREZA TELES;RUA SÃO FRANCISCO S/N - MONTE ALVERNE
PORTEIRAS;70;277;CENTRO;UBS VEREADOR EDIZIO PETRONIO DE ALENCAR;RUA JOSÉ TAVARES NEVES
FORTALEZA;3;232;CENTRO;FAC. ESTÁCIO - UNIDADE CENTRO (ANTIGO COLÉGIO CEARENSE);AV. DUQUE DE CAXIAS, 101
CAMPOS SALES;38;91;ZONA RURAL;ASSOCIAÇÃO COMUNITÁRIA DO SÍTIO TRAIRAS E REGIÃO - DIST. DE ITAGUÁ;SIÍTIO TRAÍRAS - DIST. DE ITAGUÁ
ITAPIPOCA;17;497;CACIMBAS;CENTRO EDUCACIONAL MARIA MAGALHAES VIANA AZEVEDO;RUA MOESIO LOIOLA S/N
MARACANAÚ;104;144;JEREISSATI I;EMEIEF DEPUTADO JOSÉ MARTINS RODRIGUES;RUA QUARENTA A, 287
IGUATU;13;103;AREIAS I;ESCOLA DE ENS MÉDIO ADAUTO BEZERRA;RUA DEOCLECIO LIMA VERDE SN
FORTALEZA;3;11;CENTRO;COLÉGIO TIRADENTES VESTIBULARES;RUA PEDRO I, 1106
VIÇOSA DO CEARÁ;35;57;SITIO OLARIA;E.E.F REGINALDO CARNEIRO DA CUNHA;SITIO OLARIA
ITAITINGA;78;316;PARQUE GENEZARÉ;EEF ELIAS DE SOUSA;RUA JOSE RODRIGUES PEREIRA, 137
ACOPIARA;60;119;SOLIDAO;EEF MANOEL ARAÚJO CRUZ;SITIO GUARIBAS
IGUATU;13;390;FOMENTO;ESCOLA DE ENS FUND LUIZA BEZERRA DE SOUZA;VILA FOMENTO
FORTALEZA;115;54;ITAPERI;UNIVERSIDADE ESTADUAL DO CEARA - UECE;AV DR. SILAS MUNGUBA, 1700
TEJUÇUOCA;41;83;VERTENTES;ESCOLA MUNICIPAL SAO JOAO BATISTA;VERTENTES
FORTALEZA;93;302;PREFEITO JOSÉ WALTER;CUCA JOSÉ WALTER;RUA 69, S/N
MISSÃO VELHA;16;100;ZONA RURAL;EEF FRANCISCO RIBEIRO DA CRUZ;SERRA DO ARARIPE
FORTALEZA;2;686;LAGOA REDONDA;EM TEREZINHA FERREIRA PARENTE;RUA NELSON COELHO, 209
IGUATU;13;175;JARDIM OASIS;ESCOLA DE ENS FUND JOAO PAULINO DE ARAUJO;RUA SÍLVIO AMARO SN
CAUCAIA;120;297;MINGUAU;E.E.I.E.F. MARIANA DE MIRANDA FIRMEZA;RUA PRINCIPAL, S/N - JARANDRAGOEIRA
IGUATU;13;232;JOSÉ DE ALENCAR;ESCOLA DE ENS FUND JOSE CARDOSO DE ARAUJO;SITIO AROEIRA
MARANGUAPE;4;101;AMANARI;EMEF MATIAS BECK;RUA TEIXEIRA DE SOUSA, 23
BARBALHA;31;109;VILA SANTO ANTONIO;ETI JOSEFA ALVES DE SOUSA;RUA ZUCA SAMPAIO, S/N (EM FRENTE AO HOSPITAL DO CORAÇÃO)
APUIARÉS;50;6;CENTRO;EEFM SÃO SEBASTIÃO;AVENIDA GOMES DA SILVA, 100
URUBURETAMA;23;39;CENTRO;C S U - ANEXO COLEGIO MUNICIPAL MARIA JULIA MAIA BONFIM;RUA FARMACEUTICO JOSÉ RODRIGUES S/N
FORTALEZA;113;405;PARQUE ARAXÁ;CENTRO UNIVERSITÁRIO UNIFANOR;AV. BEZERRA DE MENEZES, 1277
MARCO;96;101;CENTRO-SEDE;EEF MARIA JULIA NEVES;RUA RIOS, N 560
ARACOIABA;67;68;VAZANTES-DISTRITO;ESCOLA DE ENSINO MEDIO JOAO ALVES MOREIRA;PRACA CONEGO DEMETRIO ELIZEU DE LIMA
ALTO SANTO;86;7;CENTRO;ESCOLA DE 1 E 2 GRAUS FRANCISCO NONATO FREIRE;AV EDSON GUERRA 667
RUSSAS;9;173;LAGOA GRANDE;ESCOLA MUNICIPAL JOANA ALVES DE SOUSA;LAGOA GRANDE
CAUCAIA;37;441;MESTRE ANTONIO;E.E.F. NELY CAULA DE CARVALHO;RUA LUIS GOMES DA SILVA, S/N
RUSSAS;9;293;CENTRO;ESCOLA MUNICIPAL RAIMUNDO PELOPIDAS DE ARAUJO;TRAVESSA MATOSO S/N
RUSSAS;9;50;CENTRO;ESCOLA MUNICIPAL TIA BENILCE DE EDUC INFANTIL E ENSINO FUNDAMENTAL;AVENIDA DOM LINO, 204
NOVO ORIENTE;99;16;CENTRO;EEIF OTÁVIO RODRIGUES CAVALCANTE;RUA SAO FRANCISCO S/N
FORTALEZA;113;21;BENFICA;IFCE - INST FEDERAL DE CIÊNCIA E TECNOLOGIA (CEFET);AV. 13 DE MAIO, 2081
NOVO ORIENTE;99;61;ZONA RURAL;GRUPO ESCOLAR JOSÉ PEDRO DE ARAÚJO;SAO PEDRO
CAMOCIM;32;18;CENTRO;CCI - CENTRO CEARENSE DE IDIOMAS;PRAÇA SEVERIANO MOREL S/N
JUAZEIRO DO NORTE;119;15;SANTA TEREZA;COLEGIO POLIVALENTE;JOSE MARROCOS SN
CAMOCIM;32;65;ZONA RURAL;EEM FRANCISCO DE ASSIS FONTENELE - AMARELAS;RUA CARLOS FONTENELE VERAS, 51 - AMARELAS
HORIZONTE;78;148;CENTRO;EMEF MARIA REGIANA DA SILVA;RUA RAFAEL SANTOS, 530
ITAPIPOCA;17;411;CRUXATI;EEB LUZIA ROLA TEIXEIRA;MACACO I
FORTALEZA;114;85;BARRA DO CEARÁ;CUCA BARRA DO CEARÁ;AV. PRES. CASTELO BRANCO, 6417
FORTALEZA;114;154;BARRA DO CEARÁ;EEFM FERNANDO CAVALCANTE MOTA;RUA DA SALEMA 85
FORTALEZA;114;146;JARDIM IRACEMA;EEMTI PROFESSORA BALBINA JUCA ALBUQUERQUE;AVENIDA MAJOR ASSIS 346
ACOPIARA;60;280;VILA MOREIRAS I;EEF JOAO MOREIRA DE BARROS;RUA 21 DE ABRIL, SN
FORTALEZA;2;139;MESSEJANA;EEM LICEU DE MESSEJANA;AVENIDA WASHINGTON SOARES 7702
FORTALEZA;1;799;CIDADE 2000;ESCOLA ESTADUAL ARQUITETO ROGERIO FROES;AVENIDA DAS GRAVIOLAS 1000
ANTONINA DO NORTE;18;1;CENTRO;CRECHE RAIMUNDA ALVES DE SOUZA;RUA VIRGILIO TAVORA, 115
FORTALEZA;3;610;ALDEOTA;COLÉGIO ESPAÇO ABERTO - DOM LUÍS;AV. DOM LUÍS, 730
ITAPIPOCA;17;589;BARRENTO;EEB JOAO MESQUITA TEIXEIRA;BARRENTO
ITAPIPOCA;17;498;CENTRO;EEFM ANASTACIO ALVES BRAGA;AV DUQUE DE CAXIAS 888
IRAUÇUBA;41;29;CENTRO-SEDE;CENTRO EDUCACIONAL PROFESSOR ANTONIO BARBOSA BRAGA;LUCAS BATISTA DA MOTA 135
FARIAS BRITO;62;193;SEDE;EEF MARIA CARMOSINA PINHEIRO RODRIGUES;TRAVESSA ENOCH RODRIGUES, 53
CRATO;27;312;SANTA FÉ;EEIEF JOSEFA SALVIANO DE ALMEIDA;SÍTIO CRUZEIRO
SÃO GONÇALO DO AMARANTE;36;97;TAIBA-DISTRITO;ESCOLA DE EDUCAÇÃO BÁSICA PROFª ALBA HERCULANO ARAÚJO;RUA CAPITAO INACIO PRATA SN -TAÍBA
ITAITINGA;78;305;VILA MACHADO;EEF MANOEL MACHADO;RUA FLORINDO RODRIGUES, 101
IGUATU;13;112;JOSÉ DE ALENCAR;ESCOLA DE ENS FUND MARTA MARIA SOBREIRA;FRANCISCO HOLANDA MONTENEGRO
IRAUÇUBA;41;292;CENTRO-SEDE;CENTRO EDUCACIONAL PROFESSOR ANTONIO BARBOSA BRAGA;LUCAS BATISTA DA MOTA 135
VIÇOSA DO CEARÁ;35;91;SITIO MACAGETUBA I;E.E.I.F SALUSTIANO DA COSTA CARDOSO;SITIO MACAGETUBA I
MAURITI;76;59;UMBURANAS-DISTRITO;EEF MAJOR JOAQUIM ANTONIO FURTADO;RUA JOSÉ OZÁRIO, S/N
QUIXERAMOBIM;11;303;SAO MIGUEL;ESCOLA ALFREDO ALMEIDA MACHADO- VILA DE SAO MIGUEL;SAO MIGUEL
MISSÃO VELHA;16;28;DISTRITO DE JAMACARU;EEFM PADRE AMORIM;RUA FELIX ITALIANO SN
IBIAPINA;73;67;SITIO JUREMA SUL;ESCOLA LUDUGERIO FERREIRA GOMES;SÍTIO JUREMA SUL
TIANGUÁ;81;111;ÁREA RURAL DE TIANGUÁ;E E I F JOÃO JOAQUIM DA SILVA;SÍTIO TUCUNS
MILAGRES;26;38;ROSARIO - PODIMIRIM;ESCOLA DONA MARIQUINHA BELO;AV MANOEL FURTADO DOS SANTOS S/N
QUIXADÁ;6;84;CIPÓ DOS ANJOS;EEF FRANCISCO ADRIANO DA SILVA;LAGOA NOVA, S/N
FORTALEZA;118;634;DIAS MACEDO;EMEF PROFESSOR JOAO HIPPÓLYTO DE AZEVEDO E SÁ;RUA 03 N. 88 RESIDENCIAL NAPOLEAO VIANA
MONSENHOR TABOSA;61;138;CENTRO;ESCOLA INDÍGENA DE MONSENHOR TABOSA;RUA SANTO ANTONIO 124
GRAÇA;79;167;SITIO BARRO VERMELHO;GRUPO ESCOLAR JOAO LOPES DE CARVALHO;SITIO BARRO VERMELHO
FORTALEZA;117;190;CONJUNTO ESPERANÇA;EEFM IRAPUAN CAVALCANTE PINHEIRO;AV E 305
FORTALEZA;117;320;NOVO MONDUBIM;CUCA MONDUBIM;RUA PROFESSOR GLAUCO LOBO S/N
FORTALEZA;117;436;BOM JARDIM;EEFM SANTO AMARO;RUA NOVA CONQUISTA 871
MOMBAÇA;46;78;CARNAUBA;UNIDADE BÁSICA DE SAÚDE MANOEL AIRES TEIXEIRA;CARNAUBA
PARAMOTI;111;158;ZONA RURAL;ESCOLA MUNICIPAL JUSTINO GOMES;LOCALIDADE ÁGUA BOA
TURURU;17;739;ALTO DA PAZ;EMEF CECILIA SIQUEIRA;AV JOAO PATRICIO 583
CHAVAL;108;87;CAÇAMBA;EEF FRANCISCO PEREIRA FILHO;RUA JOAQUIM AMANCIO TELES S/N
JUAZEIRO DO NORTE;119;56;LAGOA SECA;ESCOLA PROFESSORA MARIA GERMANO;RUA ARNOBIO BACELAR CANECA SN
AQUIRAZ;66;273;BAIXA GRANDE;EMEF ALOISIO BERNARDO DE CASTRO;RUA CORAÇÃO DE JESUS / AREA VERDE
PACAJUS;49;312;LAGOA SECA;EEF VEREADOR JOAQUIM NOGUEIRA LOPES;CONJUNTO LAGOA SECA
FORTALEZA;80;267;AEROPORTO;COLÉGIO JENNY GOMES;AV. BORGES DE MELO, 210
IPUEIRAS;40;27;ENGENHEIRO JOÃO TOMÉ;EEF NOEMI VASCONCELOS - ENGENHEIRO JOÃO TOMÉ;RUA DOUTOR BRANDÃO, S/N
MORADA NOVA;47;71;ARUARU;EEB PROFESSORA JOANA PAULA DE MORAIS;AVENIDA ERNESTO GEISEL
FORTALEZA;94;855;VILA VELHA;EMEIEF MARIA MARIZA MENDES DE CARVALHO;RUA RAIMUNDO CUNHA 1174
IPAUMIRIM;92;112;CENTRO-SEDE;E.E.M.T.I. DOM FRANCISCO DE ASSIS PIRES;RUA VEREADOR HIGINO DINIZ, 110
MORADA NOVA;47;139;PADRE ASSIS MONTEIRO;EEB PREFEITO PERBOYRE GIRAO;RUA JOSE DE FONTES, 340 - VARZEA
MONSENHOR TABOSA;61;168;XIQUE-XIQUE;GRUPO ESCOLAR MARTINHO ALVES DA SILVA;POVOADO DE XIQUE-XIQUE
AMONTADA;89;197;GARÇAS;EECTI RIGOBERTO ROMERO DE BARROS;LAGOA DO JARDIM
PENAFORTE;70;326;CENTRO-SEDE;ESCOLA SIMAO ANGELO;RUA PADRE CICERO S/N
HORIZONTE;78;173;BUENOS AIRES;EMEF MANOEL FELIPE DOS SANTOS;RUA ELIAS BENTO FERREIRA, 1976
FORTALEZA;114;126;BARRA DO CEARÁ;EM  RACHEL DE QUEIROZ;AVENIDA PRESIDENTE CASTELO BRANCO 5010
FORTALEZA;113;64;DAMAS;COLÉGIO JUVENAL DE CARVALHO;AV. JOÃO PESSOA, 4279
SANTA QUITÉRIA;54;190;ASSENTAMENTO VALPARAÍSO;ESCOLA MUNICIPAL BENEDITA ALBUQUERQUE;POVOADO VALPARAÍSO
MAURITI;76;30;CENTRO;EEM ANDRÉ CARTAXO;RUA CHAGAS SAMPAIO, S/N
FORTALEZA;114;315;BARRA DO CEARÁ;CENTRO PROFISSIONALIZAÇÃO INCLUSIVA P/ PESSOAS C/ DEFICIÊNCIA - CEPIPD;RUA SENADOR ROBERT KENNEDY, 128
BARBALHA;31;41;SÍTIO BOA ESPERANÇA (ARAJARA);CEI MARIA RAIMUNDA DO ESPÍRITO SANTO DA COSTA (ARAJARA);SÍTIO BOA ESPERANÇA, S/N - DISTRITO DE ARAJARA (7.34129 S, 39.38988 W)
PORTEIRAS;70;316;ZONA RURAL;EEIF PROFESSORA ISOLINA SÁ;SÍTIO SOBRADINHO
FORTALEZA;3;404;ALDEOTA;COLÉGIO CHRISTUS (AV. BARÃO DE STUDART);RUA JOÃO CARVALHO, 630
FORTALEZA;3;445;PRAIA DE IRACEMA;EEFM SANTA LUZIA;RUA JOÃO CORDEIRO, 711
FORTALEZA;113;206;PARQUELÂNDIA;COLÉGIO CHRISTUS PRÉ - UNIVERSITÁRIO;RUA CRUZ SALDANHA, 614
SÃO BENEDITO;22;43;CENTRO-SEDE;EEF MINISTRO ANTONIO COELHO;RUA MIN ANTONIO COELHOI  452
FORTALEZA;85;162;AUTRAN NUNES;EM BERGSON GURJÃO FARIAS;AVENIDA SENADOR FERNANDES TÁVORA, 2500
FORTALEZA;93;273;PREFEITO JOSÉ WALTER;ESCOLA MUNICIPAL ARI DE SA CAVALCANTE (JOSÉ WALTER);AV. H, 430 III ETAPA
CANINDÉ;33;275;ZONA RURAL;CERU JOAO AMARO DE SOUSA;DISTRITO DE SALITRE
BARROQUINHA;108;71;DISTRITO BITUPITÁ;C.E.I. CASTELINHO VERMELHO;RUA DO COMERCIO S/N
ITAPIPOCA;17;609;ENCRUZILHADA;EEB MARIA NICE TEIXEIRA BARROSO;RUA AUDÍRIO FONTOURA, S/N
FORTALEZA;115;486;JARDIM CEARENSE;ESCOLA MARISTA SAGRADO CORAÇÃO;RUA VIDAL DE NEGREIROS, 550
TRAIRI;97;82;CLEMENTE;EEF MANOEL DE SOUSA BRITO;CLEMENTE
TRAIRI;97;75;MUNDAU;EEF ZEFINHA RIBEIRO BARROSO MUNDAU;MUNDAU
FORTALEZA;3;396;ALDEOTA;RECEITA FEDERAL (SUPER. REG. DE ADM. NO ESTADO DO CEARÁ);RUA BARÃO DE ARACATI, 909
FORTALEZA;2;110;MESSEJANA;EMEIF DEMOCRITO ROCHA;RUA PADRE PEDRO DE ALENCAR, 2012
MARACANAÚ;122;246;CÁGADO;EMEIEF NARCISO PESSOA DE ARAÚJO;AV. PADRE JOSE HOLANDA DO VALE S/N
DEPUTADO IRAPUAN PINHEIRO;55;126;SITIO BAIXIO;ESCOLA DE ENSINO BASICO JOAO BATISTA DA SILVA;RUA ANTONIO DIAS DOS SANTOS
FORTALEZA;1;365;MEIRELES;LABOMAR - UFC;AV. ABOLIÇÃO, 3207
FORTALEZA;1;477;MEIRELES;CENTRO DE REFERÊNCIAS SOBRE DROGAS - CRD;AV. DA ABOLIÇÃO, 3893
CARIRIAÇU;71;107;SÍTIO ARÃO;POSTO DE SAÚDE PADRE CICERO;SITIO ARÃO
FORTALEZA;115;345;PARANGABA;EEEP JOAQUIM MOREIRA DE SOUSA;RUA CAIO PRADO 02
FORTALEZA;2;813;LAGOA REDONDA;ESCOLA MUNICIPAL ISABEL FERREIRA;RUA ISABEL FERREIRA, 1000 - CONJ. CURIÓ
PEDRA BRANCA;59;108;SEDE;EEIF CICERO BARBOSA MACIEL;SITIO SANTA RITA
CAMPOS SALES;38;113;ZONA RURAL;E.E.I.F MANOEL JOSÉ DA SILVA - AGROVILA SÃO JOSÉ - (ACOCÍ);RUA JORGE AMADO
VIÇOSA DO CEARÁ;35;110;SITIO SERRADOR;CEI HIRAN FERREIRA LIMA ROCHA;SITIO SERRADOR
FORTALEZA;2;702;GUAJERU;EEEP COMENDADOR MIGUEL GURGEL;RUA JOSE BAIMA, S/N
FORTALEZA;1;887;ALDEOTA;COLEGIO ARI DE SA - MONSENHOR CATAO;RUA MONSENHOR CATAO, 1655
MUCAMBO;79;222;CENTRO;E.E.I.F. RAFAEL CLAUDIO DE ARAUJO;RUA MONSENHOR MELO SN
PACATUBA;57;330;CONJUNTO JEREISSATI II;C.E.I. SENADOR CARLOS JEREISSATI;AVENIDA XV, 477
HORIZONTE;78;89;CENTRO;EEM RAIMUNDO NOGUEIRA;RUA RAIMUNDO NOGUEIRA, 103
PACATUBA;57;342;CONJUNTO JEREISSATI II;EEIEF JOAO PAULO SAMPAIO DE MENEZES;RUA 74 SETOR G, 900
VIÇOSA DO CEARÁ;35;100;ZONA RURAL;E.E.I.F DÍLIA ALVES PEREIRA;SITIO URUOCA
POTIRETAMA;86;50;CAATINGA GRANDE;EEIEF COSME PAULINHO DE ALMEIDA;SITIO NOVA FLORESTA
SOBRAL;24;626;ALTO DA BRASÍLIA;EEFI RAUL MONTE;RUA MACEIO, S/N
CRATO;27;145;PONTA DA SERRA;EEIEF PROF. JOSÉ BIZERRA DE BRITTO;RUA BERNARDO VIEIRA S/N
FORTALEZA;3;615;MEIRELES;ESCOLA DE SAÚDE PÚBLICA - NEPE (ANEXO);AV. ANTÔNIO JUSTA, 3161
CRATO;27;137;SANTA FÉ;EEIEF PAULO LIMAVERDE;ROD. VICENTE TELES, SN. DISTRITO DE SANTA FÉ - SEDE.
CRATO;27;303;VILA ALTA;EEFM JOSÉ ALVES DE FIGUEIREDO;RUA GETÚLIO VARGAS, 214
CAUCAIA;120;216;CONJUNTO METROPOLITANO;E.E.I.E.F. ANTÔNIO MIRANDA DE MELO;RUA PEDRO ALVES DE MENEZES, 1095 - CONJUNTO METROPOLITANO
CAUCAIA;120;340;CAPUAN;E.E.F. JOSE ALEXANDRE;RUA DA LAGOA, 135
SANTANA DO CARIRI;53;55;DOM LEME;EMEIEF JOSÉ JUCÁ DE SOUSA CASTRO;DISTRITO DE DOM LEME, SN
MIRAÍMA;89;276;BROTAS;EEB MOURA NEGRÃO FILHO;RUA GERALDO HENRIQUE DE ARAUJO 265
FARIAS BRITO;62;249;SEDE;EEFM GABRIEL BEZERRA DE MORAIS;RUA LIROMÁ FERNANDES DE OLIVEIRA, 266
MARACANAÚ;104;369;PAJUÇARA;EMEF LUIZ GONZAGA DOS SANTOS;RUA PEDRO BATISTA, 110
FORTALEZA;115;123;JARDIM CEARENSE;COLÉGIO UNIVERSO DO SABER;RUA 10 - NR 70 (CJ CAMPO DOS INGLESES - MARAPONGA)
TIANGUÁ;81;142;ÁREA RURAL DE TIANGUÁ;ANEXO DA ESCOLA BENTO PEREIRA - MACHADO;SITIO MACHADO 
TAUÁ;19;67;ALTO BRILHANTE;EEF JOAQUIM PIMENTA;AV JOSE VALDEMAR REGO 585
FORTALEZA;116;451;BONSUCESSO;EM ANTONIO DIOGO DE SIQUEIRA;RUA ANSELMO NOGUEIRA 655
CRATO;27;226;MONTE ALVERNE;EEIEF PROFESSORA PUREZA TELES;RUA SÃO FRANCISCO S/N - MONTE ALVERNE
FORTALEZA;83;21;BELA VISTA;ESCOLA MUNICIPAL DOM JOSÉ TUPINAMBA DA FROTA;RUA VIRIATO RIBEIRO 1031
SOBRAL;121;98;CENTRO;UNIVERSIDADE UNOPAR SOBRAL;AV DOM JOSÉ, 1138
ACOPIARA;60;193;VILA ESPERANCA;EEF FRANCISCO UCHOA DE ALBUQUERQUE;ANTONIO MOREIRA SN
FORTALEZA;116;498;GRANJA LISBOA;EM JOAO MENDES DE ANDRADE;RUA B (CJ PALMARES), 1366
FORTALEZA;2;759;CAMBEBA;SECRETARIA DA EDUCACAO - CAMBEBA;AVENIDA MINISTRO JOSE AMERICO, SN
FORTALEZA;93;246;PREFEITO JOSÉ WALTER;COLÉGIO SILVIA HELENA NOGUEIRA;RUA 62, 140 - III ETAPA
SANTA QUITÉRIA;54;198;PEREIROS;E. E. F. DEPUTADO CHICO FIGUEREDO;RUA EDSON LOBO DE MESQUITA
FARIAS BRITO;62;229;SÍTIO SOUSA;EEF JOAQUIM PEREIRA DE SOUSA;SÍTIO SOUSA
CROATÁ;74;5;SEDE;ESCOLA DE EDUCACAO BASICA DOM TIMOTEO;RUA MANOEL BRAGA SN - CENTRO
FORTALEZA;2;683;PAUPINA;EMEIF GUIOMAR DA SILVA ALMEIDA;RUA PEROLINA DE MORAIS, 449
FORTALEZA;80;370;FÁTIMA;INSTITUTO DE EDUCAÇÃO DO CEARÁ;RUA GRACILIANO RAMOS, 52
PALMÁCIA;4;153;CENTRO;EEF JOSÉ ILDEFONSO CAMPOS;RUA FRANCISCO DE QUEIROZ, 2500
FORTALEZA;116;60;BOM JARDIM;EM CRESCER E APRENDER;RUA EDSON MARTINS, 642
FORTALEZA;85;151;CONJUNTO CEARÁ I;EEF GOVERNADOR FAUSTINO ALBUQUERQUE - UV1;RUA 143 N 155 - 1 ETAPA
ARACATI;8;292;CORREGO DOS RODRIGUES;E.E.F. ANTONIO PONCIANO DA COSTA;CORREGO DOS RODRIGUES
FORTALEZA;82;111;CRISTO REDENTOR;CEJA  MONSENHOR HÉLIO CAMPOS;AV. MONSENHOR HÉLIO CAMPOS, 251
IPAUMIRIM;92;99;FELIZARDO-DISTRITO;CENTRO DE EDUCAÇÃO INFANTIL TIO CHICO;TRAVESSA SAO JOSE, SN
ARACATI;8;246;TABULEIRO DO CABREIRO;GRUPO ESPÍRITA SEGUIDORES DE JESUS - TABULEIRO;TABULEIRO
HORIZONTE;78;115;ZUMBI;EMEF JOSE EDUARDO DE SOUSA;RUA MARIA LUIZA NORONHA - 405
FORTALEZA;93;262;PLANALTO AYRTON SENNA;EM PROFESSORA IRENE DE SOUZA PEREIRA;RUA PARQUE UMARI, 100
QUIXERÉ;29;256;SEDE;UNIDADE DE APOIO AO PSF DE BUTICA;BUTICA
IGUATU;13;256;JOSÉ DE ALENCAR;ESCOLA DE ENS FUND OSMINDO MANGUEIRA DE SOUSA;SITIO BARROCAS
IGUATU;13;33;PLANALTO;ESCOLA DE ENS MEDIO AMELIA FIGUEIREDO DE LAVOR;RUA 13 DE MAIO SN
CASCAVEL;7;272;CENTRO;COLEGIO CASCAVELENSE - CC;RUA SAMUEL BEDE, 2626
PARAIPABA;109;117;CENTRO;EEM ENGENHEIRO AGEU ROMERO;RUA EVARISTO GOMES 143
JUAZEIRO DO NORTE;119;169;PIRAJA;ESCOLA DEMOSTENES RATTS BARBOSA;AILTON GOMES SN
FORTALEZA;115;165;MONTESE;EEMTI JOAO MATTOS;RUA ALMIRANTE RUBIM, 1014
EUSÉBIO;88;225;CENTRO;EEM ANA BEZERRA DE SA;AV AIRTON SENA, 130 - CENTRO
MIRAÍMA;89;229;ÁREA RURAL DE MIRAÍMA;EEB JOÃO BATISTA DE FREITAS;MULUNGU
IGUATU;13;258;RIACHO VERMELHO;ESCOLA DE ENS FUND HERMENEGILDO MATIAS;SITIO RETIRO
FORTALEZA;93;73;MONDUBIM;EM JONATHAN DA ROCHA ALCOFORADO;RUA MARIA GOMES DE SÁ,1030 ARACAPÉ
FORTALEZA;83;101;HENRIQUE JORGE;EEM  MARIANO MARTINS;AVENIDA SENADOR FERNANDES TÁVORA 1445
JAGUARUANA;75;16;PORO;E.E.F. BENEVOLO GOMES DINIZ (PORO);PORÓ
FORTALEZA;113;271;RODOLFO TEÓFILO;FACULDADE DE ENFERMAGEM DA UFC;RUA ALEXANDRE BARAÚNA, 1115
GUAIÚBA;57;96;CENTRO;EEBM MANUEL BALTAZAR DE FREITAS;RUA LEIRIA DE ANDRADE 409
SOBRAL;24;660;RENATO PARENTE;EEEP LYSIA PIMENTEL GOMES;AV. JOHN SANFORD, 1223
IPAPORANGA;20;310;ALTO DO BOM PRINCÍPIO;ESCOLA DE ENSINO FUNDAMENTAL WALDEMAR DE ALCÂNTARA;RUA PEDRO CORREIA LEITÃO, 45
SÃO GONÇALO DO AMARANTE;36;251;CONDOMINIO;CRECHE ANTONIO PLACIDO ALCANTARA;RUA UMARITUBA 52 - CONDOMÍNIO - SEDE
JUAZEIRO DO NORTE;119;45;SANTA TEREZA;COLEGIO POLIVALENTE;JOSE MARROCOS SN
CAMPOS SALES;38;62;B. CENTRO;E.E.E.M.T.I - MARIA DOLORES ARRAIS - (GRUPINHO);TRAVESSA VICENTE ALEXANDRINO DE ALENCAR,297
CAMPOS SALES;38;42;DIST. DE BARÃO DE AQUIRAZ;E.E.F.T.I - PRESIDENTE CASTELO BRANCO - DIST. DE BARÃO DE AQUIRAZ;RUA JUSTINO ROCHA, S/N
CASCAVEL;7;151;ALTO LUMINOSO;E.E.E.F.M. PADRE ARIMATEIA DINIZ;RUA FOTOGRAFO JOSE HONORATO, 2911
ITAREMA;98;220;ZONA RURAL;EMEF MANOEL ROSA DE SOUSA;CEDRO
SOBRAL;24;104;JUNCO;EEFI NETINHA CASTELO;AV. JOHN SANFORD S/N
CRATO;27;363;GISÉLIA PINHEIRO;EEMTI JUVÊNCIO BARRETO;RUA JUVÊNCIO BARRETO S/N
IRACEMA;86;132;CAMPO;E.E.F. JOAQUIM DE HOLANDA CAMPELO;RUA ARCINDO DE HOLANDA NEGREIRO, 130
IPAPORANGA;20;244;CAJÁS DOS JORGES;ESCOLA DE ENSINO FUNDAMENTAL SANTA MARTA;BOA ESPERANCA
PEREIRO;10;177;SITIO MOUCO;ESCOLA MUNICIPAL PEDRO GOMES DE LIMA;SITIO MOUCO
FORTALEZA;116;377;GRANJA LISBOA;EM PROF LIREDA FACO;RUA TRES CORACOES 735
MISSÃO VELHA;16;29;DISTRITO DE JAMACARU;EEFM PADRE AMORIM;RUA FELIX ITALIANO SN
SOBRAL;24;99;JUNCO;EEFI NETINHA CASTELO;AV. JOHN SANFORD S/N
PENTECOSTE;50;61;ACAMPAMENTO;EMTI FRANCISCO SÁ;AVENIDA DR. JOSÉ DE BORBA VASCONCELOS, 672
CRATO;27;284;ZACARIAS GONÇALVES;UNIDADE BÁSICA DE SAÚDE EDITE MARIANO;AVENIDA JOSÉ HORÁCIO PEQUENO S/N
GRANJA;25;26;SAMBAIBA;E.E.F. FRANCISCO INACIO DE ARAUJO;PRACA FRANCISCO DAS CHAGAS RODRIGUES
FORTALEZA;112;413;EDSON QUEIROZ;COLEGIO ARI DE SA CAVALCANTE WS;AV WASHINGTON SOARES, 3737
MASSAPÊ;45;110;ZONA RURAL;EEF FRANCISCA DIOGO GOMES;DISTRITO DE SALGADINHO
FORTALEZA;117;416;CANINDEZINHO;EM FLORIVAL ALVES SERAINE;RUA ITATIAIA, 1000
CRATEÚS;20;36;SÃO VICENTE;CENTRO ADMINISTRATIVO DA PREFEITURA DE CRATEÚS;RUA CEL TOTO, SN
CHAVAL;108;15;CENTRO;EEMTI MONSENHOR JOSÉ CARNEIRO DA CUNHA;RUA EDUARDO MOTA, N 201
IBIAPINA;73;40;CENTRO;CENTRO DE SAÚDE FRANCISCO MÁRCIO FERNANDES;RUA VENCESLAU SOARES S/N
SOBRAL;121;22;TAPERUABA;EEMTI DEP. CESARIO BARRETO LIMA;AV. NOSSA SENHORA DO CARMO S/N CENTRO
SANTANA DO ACARAÚ;44;179;SAPO DE BAIXO;CENTRO COMUNITÁRIO JOSÉ PATRIARCA CARNEIRO;SAPÓ DE BAIXO
FORTALEZA;118;578;DIAS MACEDO;EEFM ANTÔNIO DIAS MACEDO;AV PEDRO DANTAS 340
CRATO;27;207;CAMPO ALEGRE;EEIEF MARIA JOSEFA DE MENESES;SÍTIO SERRINHA S/N
CAUCAIA;123;437;NOVA METRÓPOLE (JUREMA);E.E.I.E.F. FRANCISCA ALVES DO AMARAL;AV. B, 442 - NOVA METRÓPOLE
CAUCAIA;123;445;NOVA METRÓPOLE (JUREMA);E.E.I.E.F. FRANCISCA ALVES DO AMARAL;AV. B, 442 - NOVA METRÓPOLE
FORTALEZA;83;552;PANAMERICANO;ESCOLA MUNICIPAL JOSÉ BATISTA DE OLIVEIRA;RUA GOIÁS 620
TAUÁ;19;266;BEZERRA E SOUZA;EEF MARIA DO LIVRAMENTO BARRETO DA COSTA LEITAO;RUA PEDRO MATIAS DE VASCONCELOS SN
VIÇOSA DO CEARÁ;35;192;SITIO ARATICUM;E.E.F ANA BEZERRIL FONTENELE;SITIO ARATICUM
SOLONÓPOLE;55;11;CENTRO;EEEP JOSÉ CIRO NOGUEIRA MACHADO;TV LUÍS ALMEIDA
MORRINHOS;44;188;FAZENDA PRENSA;EMEI MARIA SOCORRO MONTEIRO;FAZENDA PRENSA
FORTALEZA;117;230;SIQUEIRA;EEFM SENADOR OSIRES PONTES;RUA DIVINA 150
COREAÚ;64;4;Alto São José;COREAÚ - CENTRO EDUCACIONAL SÃO FCO. DE ASSIS;RUA FCO. NAPOLEÃO XIMENES, S/N - ALTO SÃO JOSÉ
QUIXADÁ;6;31;SÃO BERNARDO;EEF REGINA MARIA HOLANDA AMORIM;SÃO BERNARDO, S/N
PENAFORTE;70;327;CENTRO-SEDE;ESCOLA SIMAO ANGELO;RUA PADRE CICERO S/N
TEJUÇUOCA;41;237;CENTRO-SEDE;CMEI DE ALFABETIZAÇÃO E LETRAMENTO MARIA MIRANDA GOMES;AVENIDA GABRIEL AGUIAR FILHO
FORQUILHA;121;189;CENTRO;EEF DEP JOSE PARENTE PRADO(CENTRO SOCIAL);R MOCINHA VIANA 96
CAUCAIA;120;273;CONJUNTO METROPOLITANO;E.E.I.E.F. OSMAR DIÓGENES PINHEIRO;RUA EDMUNDO RODRIGUES, 485 - CONJUNTO METROPOLITANO
CAUCAIA;120;442;CAPUAN;E.D.E.F.M. ÍNDIOS TAPEBA (COMUNIDADE INDÍGENA);RODOVIA CORONEL ALFREDO, S/N
VIÇOSA DO CEARÁ;35;165;SITIO MACAGETUBA I;E.E.I.F SALUSTIANO DA COSTA CARDOSO;SITIO MACAGETUBA I
TEJUÇUOCA;41;215;RIACHO DAS PEDRAS;ESCOLA MUNICIPAL SANT'ANA;RIACHO DAS PEDRAS
AQUIRAZ;66;108;TAPERA;EEB RAIMUNDO TOMAZ;RUA JOSE CARLOS GADELHA S/N
CRATO;27;354;PIMENTA;EEFM TEODORICO TELES DE QUENTAL;RUA DOUTOR IRINEU PINHEIRO, 305
JUAZEIRO DO NORTE;119;448;PIRAJA;CRECHE ANA AMELIA BEZERRA DE MENEZES;RUA VEREADOR JOSE RODRIGUES, 270
SÃO GONÇALO DO AMARANTE;36;80;CAGADO-POVOADO;ESCOLA DE ENSINO FUNDAMENTAL JOAO PINTO MAGALHAES;CAGADO
NOVA RUSSAS;48;177;TIMBAÚBA;ESCOLA MUNICIPAL SÃO JOSÉ;RUA ANTONIO ALVES DA COSTA, 291
PACATUBA;57;98;ALTO SAO JOAO;EEIEF DR. CARLOS ALBERTO DE ALMEIDA PONTES;RUA JOSE FRANKLIN S/N
JUAZEIRO DO NORTE;119;451;JOAO CABRAL;ESCOLA JERONIMO FREIRE DOS SANTOS;VIRGINIA MENDONCA SN
SÃO GONÇALO DO AMARANTE;36;44;CENTRO;ANEXO - ESCOLA DE ENSINO FUNDAMENTAL TASSO JEREISSATI;RUA PROFESSORA EDITE MOTA, 319
IGUATU;13;92;GADELHA;ESCOLA DE ENS FUND JOÃO ROCHA FIALHO;VILA GADELHA
VIÇOSA DO CEARÁ;35;85;PADRE VIEIRA;E.E.F MANOEL JOSÉ DA SILVA;VILA PADRE VIEIRA
SANTA QUITÉRIA;54;70;PIRACICABA;ESCOLA MUNICIPAL QUITERIENSE;RUA TABELIÃO FRANCISCO PAULA LOBO, S/N.
FORTALEZA;1;343;MUCURIPE;ESCOLA ESTADUAL MATIAS BECK;RUA  PROFESSORA AIDA BALAIO 38
FORTALEZA;114;140;JARDIM IRACEMA;EM JOSÉ DE ALENCAR;RUA ALBERTO FERREIRA 248
PACATUBA;57;162;CONJUNTO JEREISSATI II;EEEP PROFª LUISA DE TEODORO VIEIRA;AV. XXV S/N
PACATUBA;57;237;CONJUNTO JEREISSATI II;EEIEF JOSE BATISTA DE OLIVEIRA;AV XXIII, S/N
MARTINÓPOLE;25;65;ALTO SÃO FRANCISCO;E.E.F. MARINA XIMENES (ANTIGO FLORENCIO BATISTA);CONJUNTO CONCEIÇÃO FONTENELE
BELA CRUZ;96;171;CORREGO GRANDE-SEDE;CENTRO CATEQUÉTICO - CAPELA MÃE-RAINHA;RUA JOSÉ XEREZ DE SOUSA, S/N
FORTALEZA;118;597;DIAS MACEDO;EMEF PROFESSOR JOAO HIPPÓLYTO DE AZEVEDO E SÁ;RUA 03 N. 88 RESIDENCIAL NAPOLEAO VIANA
CHAVAL;108;27;DISTRITO CARNEIRO;EEF SÃO PEDRO;DISTRITO CARNEIRO
CASCAVEL;7;294;RIO NOVO;E.E.E. PROFISSIONAL EDSON QUEIROZ - LICEU;RUA LUCIANO RODRIGUES S/N
FORTALEZA;2;636;LAGOA REDONDA;EMEIF MOREIRA DA ROCHA;AV ODILON GUIMARAES, 3860
FARIAS BRITO;62;208;QUINCUNCA;EEF COSMO ALVES PEREIRA;RUA LADISLAU PEREIRA, 77
IRACEMA;86;118;CAMPO;E.E.F. JOAQUIM DE HOLANDA CAMPELO;RUA ARCINDO DE HOLANDA NEGREIRO, 130
ACOPIARA;60;25;CENTRO;EEI ANEXO CDI MIGUEL G. DE OLIVEIRA 2;RUA 24 DE MAIO, SN
SANTA QUITÉRIA;54;157;DISTRITO DE MACARAÚ;E.E.F. SALUSTIANO PINTO;RUA CEL. JOAQUIM DOS SANTOS, 65
ITATIRA;33;495;DISTRITO DE LAGOA DO MATO;EMEF ANTONIO HONORATO;RUA PRINCESA ISABEL S/N
GRANJA;25;172;SANTA TEREZINHA;E.E.F. FRANCISCA FONTENELE SOUSA BATISTA;RUA DONA MARIA SOUSA, S/N
JAGUARIBE;10;25;DISTRITO DE FEITICEIRO;E.E.I.F. MARIA ENEIDA PEIXOTO SOARES;RUA FRANCISCO GUIMARAES PEIXOTO 714
QUIXADÁ;6;337;CAMPO NOVO;EEM ABRAÃO BAQUIT;RUA REGINALDO LOPES, S/N
SANTA QUITÉRIA;54;144;ASSENTAMENTO RIACHO NOVO;ESCOLA MUNICIPAL NOSSA SENHORA DA PAZ;POVOADO RIACHO NOVO
FORTALEZA;1;847;CIDADE 2000;ESCOLA MUNICIPAL ODNILRA CRUZ MOREIRA;AVENIDA DAS ADENANTERAS 800
FORTALEZA;1;83;VARJOTA;FACULDADE FARIAS BRITO - CASTRO MONTE;RUA CASTRO MONTE 1364
BREJO SANTO;70;224;RENE LUCENA;E E F HISTORIADOR PADRE ANTONIO GOMES DE ARAÚJO;RUA PEDRO NICODEMOS DE ARAUJO S/N
ITATIRA;33;480;ZONA RURAL;EMEF JOSE AUGUSTO DA SILVA;BANDEIRA VELHA
CARIÚS;43;177;BELA VISTA-DISTRITO;EEIF DOMINGOS NONATO DE OLIVEIRA;VILA BELA VISTA
FORTALEZA;85;364;DOM LUSTOSA;EEFM AYRTON SENNA DA SILVA;RUA MANAUS, 855
ITAPAJÉ;41;110;ACUDE-SEDE;E.M.E.F FRANCISCO EUDES MAGALHAES;R. FAUSTO PINHEIRO, 530
PACATUBA;57;307;CONJUNTO JEREISSATI II;EEIEF JOAO PAULO SAMPAIO DE MENEZES;RUA 74 SETOR G, 900
FORTALEZA;118;551;MONDUBIM;EM PROFESSOR JACINTO BOTELHO;RUA DR. RODRIGO CODES SANDOVAL, 374
GUAIÚBA;57;282;SANTO ANTONIO;ESCOLA DE EDUCAÇÃO BASICA SANTO ANTONIO;RUA JOAQUIM DIAS DA CUNHA, S/N
FORTALEZA;115;30;JARDIM CEARENSE;ESCOLA MARISTA SAGRADO CORAÇÃO;RUA VIDAL DE NEGREIROS, 550
SÃO BENEDITO;22;240;BARREIROS;EEF JOAO BATISTA SALUSTIANO DE AGUIAR;BARREIROS
CANINDÉ;33;316;ALTO GUARAMIRANGA;EEFM FREI POLICARPO;RUA JOAO BASTOS 2027
FORTALEZA;1;902;VARJOTA;FACULDADE FARIAS BRITO - CASTRO MONTE;RUA CASTRO MONTE 1364
CANINDÉ;33;228;IMACULADA CONCEIÇÃO;EEEP CAPELAO FREI ORLANDO;RUA PAULINO BARROSO, 1289
FORTALEZA;3;116;JACARECANGA;SENAI - UNIDADE CENTRO;AV. PADRE IBIAPINA, 1280
GRANJA;25;236;TIMONHA;E.E.F. MARIA TOINHA;SITIO CONSELHO
FORTALEZA;1;764;MANUEL DIAS BRANCO;COLÉGIO CÍVICO MILITAR BATALHA DO RIACHUELO;R. E, 100 - MANUEL DIAS BRANCO
IGUATU;13;65;JOSÉ DE ALENCAR;ASSOCIAÇÃO DOS MORADORES DO SÍTIO LAGOA REDONDA;SITIO LAGOA REDONDA
PIQUET CARNEIRO;12;20;CENTRO;CVT CENTRO VOCACIONAL TECNOLOGICO;RUA ZACARIAS PINHEIRO DA SILVA, S/N
ITAPIPOCA;17;21;CRUZEIRO;EEFMI CORONEL MURILO SERPA;RUA ANASTACIO BARROSO VALENTE 318
GUARACIABA DO NORTE;74;3;DISTRITO;ESCOLA DE ENS FUND JOSE GERARDO COELHO - SUSSUANHA;SUSSUANHA
FORTALEZA;1;822;ALDEOTA;COLEGIO ARI DE SA - MONSENHOR CATAO;RUA MONSENHOR CATAO, 1655
ARACOIABA;67;144;BAIXIO-SITIO;ESCOLA MUNICIPAL VEREADOR JOSE MOURA;BAIXIO
MARACANAÚ;122;185;COQUEIRAL;EMEF JOSE BELISARIO DE SOUSA;RUA MANOEL MOREIRA LIMA 790
CAUCAIA;123;378;NOVA METRÓPOLE (JUREMA);E.E.F. EDGARD VIEIRA GUERRA;AV. CONTORNO SUL, 255
CAUCAIA;123;516;MARECHAL RONDON (JUREMA);CIDI- CENTRO INTEGRADO DE DESENVOLVIMENTO INFANTIL;AV. NOVA ALVORADA, 490
POTIRETAMA;86;62;BARROS;ESCOLA DE 1 GRAU EUGENIO JOSE DE MOURA;SITIO BARROS
IPAPORANGA;20;241;CAJÁS DOS JORGES;ESCOLA DE ENSINO FUNDAMENTAL JORGE PINHEIRO DE OLIVEIRA;CAJAS DOS JORGES
MIRAÍMA;89;238;RIACHÃO;EEB MARIA AZEVEDO ROCHA;RUA GERALDO GOMES DE AZEVEDO
FORTALEZA;115;190;PARANGABA;EEMTI MARIA THOMÁSIA;RUA POLONIA, 369
ALTO SANTO;86;17;CENTRO;ESCOLA DE 1 GRAU URCESINA MOURA CANTIDIO;RUA CEL SIMPLICIO BEZERRA 8
ARARENDÁ;48;13;FERREIRÃO;E. E. F. JOAQUIM FERREIRA DA SILVA;AV. SÃO VICENTE DE PAULA
MARACANAÚ;104;310;CENTRO;EEM TENENTE MÁRIO LIMA;RUA FRANCISCO FIRMINO, 293
URUBURETAMA;23;44;CENTRO;EEF MONS ANTERO JOSE DE LIMA;RUA FARM JOSE RODRIGUES 1154
QUIXERAMOBIM;11;167;URUQUE;ESCOLA JOSE MARINHO GOES;VILA DE URUQUE
QUIXADÁ;6;125;CAMPO NOVO;EEF JOSÉ BONIFÁCIO DE SOUSA (ESCOLA MODELO);TRAVESSA DA LAVANDERIA, 152
MARACANAÚ;122;20;PIRATININGA;COLÉGIO ESTADUAL PROFº FRANCº OSCAR RODRIGUES(COL.EST.LICEU MARACANAÚ);AV. LUIZ GONZAGA HONÓRIO, 50, PIRATININGA, MARACANAÚ-CE
JUAZEIRO DO NORTE;28;59;CENTRO;EEEP PROFESSOR MOREIRA DE SOUSA;DO CRUZEIRO 497
VÁRZEA ALEGRE;62;107;SANHAROL;EEF ANTÃO LEANDRO BITU;SÍTIO SANHAROL
SANTANA DO ACARAÚ;44;93;BAIA;EMEF ISAÍAS COELHO DO NASCIMENTO;BAIA
OCARA;67;244;CURUPIRA-DISTRITO;ESCOLA MUNICIPAL PEDRO DA COSTA GOMES - ENSINO FUNDAMENTAL;FOVEIRA
FORTALEZA;82;465;SÃO GERARDO;COLÉGIO MASTER - BEZERRA DE MENEZES;AV. BEZERRA DE MENEZES, 1802
MAURITI;76;81;BURITIZINHO-DISTRITO;EEF WALTER DE CALDAS TELES;RUA DA PAZ, S/N
ICAPUÍ;8;252;QUITERIAS;CENTRO CULTURAL PRAIA DE QUITÉRIAS;PRAIA DE QUITERIAS
FRECHEIRINHA;81;240;CENTRO;CENTRO EDUCACIONAL RAIMUNDO PEREIRA;AVENIDA JOAQUIM PEREIRA 717 - CENTRO 
JUAZEIRO DO NORTE;28;249;CENTRO;COLEGIO SOSSEGO;RUA SAO DOMINGOS 59
IPU;21;94;SEDE;E.M.E.F. PROFA. MARIA VALDEMIRA COELHO MELLO;RUA FRANCISCO ELMIRO MARTINS 450 - CANUDOS
JAGUARUANA;75;37;CENTRO;IFCE INSTITUTO FEDERAL DO CEARÁ;AV DR ANTÔNIO DA ROCHA FREITAS, 1566
MORADA NOVA;47;269;2 DE AGOSTO;EEEP OSMIRA EDUARDO DE CASTRO;RUA ALUÍSIO GONZAGA DE LIMA, S/N
POTENGI;68;55;VILA BARAUNAS;ESCOLA MUNICIPAL FRANCISCO JOSE DE OLIVEIRA - BARAÚNAS;SITIO BARAUNAS
QUIXERAMOBIM;11;115;URUQUE;ESCOLA JOSE MARINHO GOES;VILA DE URUQUE
JUAZEIRO DO NORTE;28;221;FRANCISCANOS;COLÉGIO SÃO FRANCISCO DE ASSIS;NOSSA SENHORA DO CARMO SN
SANTA QUITÉRIA;54;106;POVOADO PALESTINA;POSTO DE SAÚDE RAIMUNDO ALVES MARTINS;POVOADO PALESTINA
NOVO ORIENTE;99;22;CENTRO;EEM COELHO MASCARENHAS;RUA SAO JOSE S/N
CAUCAIA;37;509;TABAPUÁ;E.E.I.E.F. AFFONSO DE MEDEIROS;RUA 05, S/N
CARIRÉ;65;3;CAIXA D'AGUA;CAGECE - ESCRITORIO;RUA JOAQUIM XIMENES, S/N
FORTALEZA;118;662;PARQUE DOIS IRMÃOS;EMTI REITOR ROBERTO CLÁUDIO FROTA BEZERRA;AVENIDA 1, S/N
TAUÁ;19;84;TRICI;ASSOC COMUN PRODUTORES RURAIS JARDIM (ANTIGA EPG ISRAEL GONÇALVES LIMA;JARDIM
JARDIM;119;349;SITIO LAGOA DO ALTO;ESCOLA SANTO ANTONIO;SITIO LAGOA DO ALTO S/N
FORTALEZA;117;345;CONJUNTO ESPERANÇA;EEFM PROFA ADELIA BRASIL FEIJO;AV CONTORNO SUL, 1540
QUITERIANÓPOLIS;99;166;ALTO BRILHANTE;CENTRO DE EDUCAÇÃO INFANTIL - CEI;RUA FURTUOSO SIMÃO DOS SANTOS
JIJOCA DE JERICOACOARA;30;412;ZONA RURAL;ESCOLA NOSSA SENHORA DA CONSOLACAO;NOVO JERI S/N - JERICOACOARA
FORTALEZA;116;159;BOM JARDIM;EM SEBASTIAO DE ABREU;RUA GERALDO BARBOSA 1065
FORTALEZA;83;530;JOÃO XXIII;CENTRO DE FORMAÇÃO E DESENV. PARA PROFISSIONAIS DA EDUCAÇÃO - FORMACE;RUA PORTO VELHO, 401
FORTALEZA;85;333;ANTÔNIO BEZERRA;EMEIF GERARDO MILTON DE SA;RUA VALE COSTA S/N
MARACANAÚ;104;65;TIMBÓ;EMEF ADAUTO FERREIRA LIMA;AVENIDA CONTORNO LESTE, S/N
ARARIPE;68;94;SERRA MUNDEU;EEIF SÃO VICENTE - SERRA DO MUNDEU;SERRA MUNDEU
FORTALEZA;82;229;CARLITO PAMPLONA;EM TERTULIANO CAMBRAIA;RUA MONSENHOR ROSA, 946
FORTALEZA;82;644;JACARECANGA;EEMTI SALES CAMPOS;RUA JACINTO MATOS, 730
URUBURETAMA;23;140;CENTRO;EEF MONS ANTERO JOSE DE LIMA;RUA FARM JOSE RODRIGUES 1154
JATI;70;361;CENTRO-SEDE;CRAS MARIA NEVES DE SOUSA;RUA MANOEL LUÍS S/N
SOBRAL;121;254;GERARDO CRISTINO;ETI MARIA DORILENE ARRUDA ARAGAO;AV. MONS. ALOÍSIO PINTO, 1.635 D. EXPEDITO
BOA VIAGEM;63;131;IPU;EEF JOSE LINO DE SOUZA;IPU-SEDE
QUIXADÁ;6;322;CUSTÓDIO;EEF AZIZ OKKA BAQUIT;SABONETE, S/N
JIJOCA DE JERICOACOARA;30;350;CENTRO;ESCOLA JOSE TEIXEIRA DE ALBUQUERQUE;RUA MARCAL DE SOUSA 851
PEDRA BRANCA;59;103;CENTRO;CENTRO CULTURAL MARIA GUIOMAR LINS CAVALCANTE;TRAVESSA JOSE PEREIRA DE QUEIROZ S/N
QUIXERAMOBIM;11;169;PASSAGEM;ESCOLA JOSE PEREIRA;VILA DE PASSAGEM
JIJOCA DE JERICOACOARA;30;290;CENTRO;ESCOLA PROFA. IGARDENE FONTELES DE ARAUJO;RUA CAMPO GRANDE S/N - CONJUNTO PRIMAVERA
FORTALEZA;117;408;BOM JARDIM;ESCOLA MUNICIPAL CATARINA LIMA DA SILVA;RUA PEDRO MARTINS, 313
BATURITÉ;5;90;VILA NOVA-SEDE;CRECHE AURISTELA;RUA MESTRE BERNARDINO DE SENA, SN
FORTALEZA;85;243;CONJUNTO CEARÁ I;EEM PROF JOSE MARIA CAMPOS DE OLIVEIRA - UV 8;RUA 820 S/N - 3 ETAPA
COREAÚ;64;4;Alto São José;COREAÚ - CENTRO EDUCACIONAL SÃO FCO. DE ASSIS;RUA FCO. NAPOLEÃO XIMENES, S/N - ALTO SÃO JOSÉ
OCARA;67;181;SERRAGEM-DISTRITO;ESCOLA MUNICIPAL VER JOSE PIRES DE FREITAS - ENSINO FUNDAMENTAL;ESTRADA DO ALGODAO-SERRAGEM
NOVO ORIENTE;99;150;ZONA RURAL;EEF FRANCISCO DAS CHAGAS MOTA;AGROVILA
FORTALEZA;82;32;SÃO GERARDO;SECRETARIA DO DESENVOLVIMENTO AGRÁRIO (SDA) DO ESTADO DO CEARÁ;AV. BEZERRA DE MENEZES, 1820
SANTANA DO ACARAÚ;44;114;GREGORIO;CENTRO DA ASSOCIACAO COMUNITARIA DE GREGORIO;GREGORIO
MORADA NOVA;47;25;CENTRO;EEMTI EGIDIA CAVALCANTE CHAGAS;AV MANOEL CASTRO, 473
FORTALEZA;113;226;RODOLFO TEÓFILO;COLÉGIO MANUELITO AZEVEDO;RUA TIRADENTES, 483
FORTALEZA;82;662;CRISTO REDENTOR;EM VIRGÍLIO TÁVORA;AV. MONSENHOR HÉLIO CAMPOS, 155
AQUIRAZ;66;36;CARACARA;EMEF CEL FRANCISCO GOMES FARIAS;POVOADO DE  CARACARA ESTRADA DO BATOQUE SN
FORTALEZA;85;101;AUTRAN NUNES;EEMTI RAIMUNDO GOMES DE CARVALHO;RUA RAIMUNDO RIBEIRO, 400
BELA CRUZ;96;2;CENTRO-SEDE;EMEF MONS. ODÉCIO;RUA CORONEL DUCA, 704
FORTALEZA;95;224;PEDRAS;EM FRANCISCA ORIA SERPA;RUA JORGE FIGUEIREDO, 3652
FORTALEZA;112;458;EDSON QUEIROZ;UNIVERSIDADE DE FORTALEZA - UNIFOR;AVENIDA WASHINGTON SOARES, 1321
IBIAPINA;73;38;CENTRO;CENTRO PASTORAL ZULMIRA MELO (ANTIGO COLÉGIO DO PADRE);RUA MONSENHOR MELO, 439
CATARINA;60;239;SEDE;EEF FRANCISCO ALVES EVANGELISTA;MARRECAS
JARDIM;119;348;SITIO LAGOA DO ALTO;ESCOLA SANTO ANTONIO;SITIO LAGOA DO ALTO S/N
IPUEIRAS;40;16;CENTRO;ESCOLA DE ENSINO FUNDAMENTAL JOSÉ ALOÍSIO ARAGÃO - CENTRO;RUA CORONEL MALAQUIAS, 36
ITAPIÚNA;105;111;ZONA URBANA;EEF RECANTO DA CRIANCA;ALTO DAS UMBURANAS
BATURITÉ;5;162;MANGA-SEDE;CENTRO DE EDUCAÇÃO INFANTIL MARIA LEIDIANE;RUA KAULIM, SN
MARACANAÚ;104;178;PAJUÇARA;EMEF LUIZ GONZAGA DOS SANTOS;RUA PEDRO BATISTA, 110
QUIXADÁ;6;34;CAMPO VELHO;EEF BENIGNO BEZERRA;RUA PAULO SOARES VIANA, 173
SÃO LUÍS DO CURU;23;318;CENTRO-SEDE;E.E.F. PROFESSORA MARIA DE LOURDES BRAGA;RUA HUGO ROCHA SN
QUIXADÁ;6;369;CAMPO NOVO;EEF JOSÉ BONIFÁCIO DE SOUSA (ESCOLA MODELO);TRAVESSA DA LAVANDERIA, 152
GRANJA;25;9;CENTRO;C.E.I. CARLOS DIAS MARTINS;AV VIRGILIO TAVORA, S/N
AMONTADA;89;284;BUENOS AIRES;EEB PROF MARIA DA FE DOS SANTOS RODRIGUES;RUA JOSE AGENOR HENRIQUE
AIUABA;101;13;BARRA;GRUPO ESCOLAR PAES DE ANDRADE;RUA FRANCISCO JOSE DOS SANTOS, 14
ITAPIÚNA;105;126;DISTRITO DE CAIO PRADO;EEF PROFESSORA MARIA ALAÍDE LOPES;RUA NONATO CAVALCANTE SN
PACAJUS;49;353;CROATA II;EEF JOÃO RONALDO MATIAS;RUA MARIA IDENIA LOPES DO NASCIMENTO, 105 - ÁREA VERDE
SÃO JOÃO DO JAGUARIBE;91;129;LIMA;EEF JUVENCIO PAULA - SITIO LIMA;SITIO LIMA
FORTALEZA;113;329;FARIAS BRITO;ESCOLA ESTADUAL DE EDUCAÇÃO PROFISSIONAL  PRESIDENTE ROOSEVELT;AV BEZERRA DE MENEZES 435
FORTALEZA;115;395;VILA PERI;COLEGIO JIM WILLSON;AV. AUGUSTO DOS ANJOS, 1915
RUSSAS;9;91;SAO JOAO DE DEUS;ESCOLA MUNICIPAL SAO JOAO DE DEUS;RUA PADRE MARCONDES S/N
CHAVAL;108;10;CENTRO;EEF ANA BRITO DE OLIVEIRA;RUA JOSE ROMAO RIOS SN
FORTALEZA;117;441;CANINDEZINHO;EM FLORIVAL ALVES SERAINE;RUA ITATIAIA, 1000
FORTALEZA;117;432;BOM JARDIM;ESCOLA MUNICIPAL HERBERT DE SOUSA;RUA URUCUTUBA 1599
MAURITI;76;148;SEDE;EEF ANTONIO FURTADO DE OLIVEIRA;SITIO FURTUNA
ICÓ;15;23;CENTRO - SEDE;ESCOLA MUNICIPAL SENHOR DO BONFIM;RUA FRANCISCO MACIEL DA SILVA, 2557
FORTALEZA;112;347;ENGENHEIRO LUCIANO CAVALCANTE;EM PROF. LUIS COSTA;RUA JOSÉ GUILHERME DA COSTA, 156
AMONTADA;89;158;NASCENTE;EEBTI RAIMUNDO GOMES GARCEZ;NASCENTE
FORTALEZA;82;498;PIRAMBU;ESCOLA UNIVERSO MENINO JESUS;RUA DOM QUINTINO, 934
CATUNDA;54;81;CENTRO;CENTRO DE EDUCAÇÃO INFANTIL MARIA ANITA DE SOUSA AZEVÊDO;RUA DAS FLORES, S/N, CENTRO, CATUNDA/CE
ASSARÉ;18;35;CENTRO;ESCOLA  DE ENSINO FUNDAMENTAL E MEDIO RAIMUNDO MOACIR DE ALENCAR MOTA;RUA PADRE EMILIO CABRAL 538
JARDIM;119;362;CENTRO;ESCOLA SENADOR CARLOS JEREISSATI;AVENIDA WILSON RORIZ
FORTALEZA;85;300;ANTÔNIO BEZERRA;EEFM ANTONIO BEZERRA;RUA PADRE PERDIGAO SAMPAIO 780
CANINDÉ;33;277;ZONA RURAL;EMEF DA COMUNIDADE OITICICA;LOCALIDADE OITICICA
MARACANAÚ;122;5;NOVO MARACANAU;EMEIEF PROFª MARIA DO SOCORRO VIANA FREITAS;RUA 10 S/N
ICÓ;15;167;ALTO DA VARZEA - SITIO;ESCOLA MUNICIPAL CICERO AMARO DA SILVA;SITIO ALTO DA VARZEA S/N
FORTALEZA;117;481;CANINDEZINHO;CENTRO EDUCACIONAL JERUSALÉM;RUA SÃO FELIPE, 1345
FORTALEZA;80;439;VILA UNIÃO;COLÉGIO ANTARES FÁTIMA (VILA UNIÃO);RUA ALBERTO MONTEZUMA, 235
TABULEIRO DO NORTE;91;94;CENTRO;EMEF NOSSA SENHORA DE FÁTIMA;RUA JOÃO FERREIRA BRAÚNA, 191
CRUZ;30;386;CAICARA;ESCOLA JOAO LADISLAU DE PAULO MAGALHAES;CAICARA
ORÓS;15;317;CENTRO;APAE - ASSOCIAÇÃO DE PAIS E AMIGOS DOS EXCEPCIONAIS DE ORÓS;AV. JOSÉ GABRIEL BEZERRA, 58
BANABUIÚ;6;448;SITIÁ;EEF VANDERLEI DA SILVA AGUIAR;BARRA DO SITIÁ
MARANGUAPE;4;379;PENEDO;EMEIEF CARLOS PEREIRA DE SOUSA;RUA JOSÉ MENEZES, S/N
VÁRZEA ALEGRE;62;143;CANINDEZINHO;EEF MANOEL SALVADOR;SÍTIO CARNAÚBAS
FORTALEZA;85;255;ANTÔNIO BEZERRA;EEF PATRONATO DA SAGRADA FAMILIA;RUA MARTINS NETO 379
CEDRO;13;540;VÁRZEA DA CONCEIÇÃO;ANEXO FRANCISCO SILVEIRA DE AGUIAR;RUA JOAO BATISTA MORENO SN
FORTALEZA;95;155;BARROSO;EM PROFESSORA MARIA ANTONÉZIA MEIRELES E SÁ;RUA CORONEL VIRGÍLIO TÁVORA, 1340
BARRO;92;24;IARA-DISTRITO;ESCOLA DE ENSINO BASICO DEP. ANTONIO LEITE TAVARES;BR 116 - KM 447
JARDIM;119;355;CENTRO;CRECHE TIO MICKEY;RUA VEREADOR LUIZ JORGE 332
FORTALEZA;113;193;BENFICA;FACULDADE DE PSICOLOGIA DA UFC;AV. DA UNIVERSIDADE, 2762
FORTALEZA;113;224;RODOLFO TEÓFILO;COLÉGIO MANUELITO AZEVEDO;RUA TIRADENTES, 483
IRAUÇUBA;41;14;CENTRO-SEDE;CENTRO EDUCACIONAL PROFESSOR ANTONIO BARBOSA BRAGA;LUCAS BATISTA DA MOTA 135
ACARAÚ;30;9;CENTRO;ESCOLA TOMAZ POMPEU DE SOUSA BRASIL;RUA JOSE JULIO LOUZADA 550
CARNAUBAL;22;212;FAVEIRA;CEI ANTONIA DE PADUA COSTA MONTEIRO;FAVEIRA
MILAGRES;26;99;SITIO CARNAUBA;ESCOLA JOSE RODRIGUES BEZERRA;SITIO CARNAUBA
TIANGUÁ;81;231;SANTO ANTÔNIO;E.E.F. PROFª. ESTER DE AGUIAR MENEZES;RUA CORONEL JOÃO DAMASCENO, S/N
LIMOEIRO DO NORTE;29;44;ÁREA RURAL;EEF DEP MANOEL DE CASTRO FILHO;KM 60
MILHÃ;55;81;VILA MONTE GRAVE;CENTRO DE CONVIVÊNCIA DO IDOSO DISTRITO DE MONTE GRAVE;DISTRITO MONTE GRAVE
JUCÁS;43;222;ALTO DO TÓ - SEDE;CENTRO EDUCACIONAL JUCAENSE - CEJUC;RUA JOSÉ GERSON DUARTE, S/N
ARACATI;8;17;CENTRO;INSTITUTO WALDEMAR FALCAO;RUA CEL POMPEU 720
ACARAÚ;30;3;CENTRO;CEJA -  PADRE ANTONIO TOMAZ;PRACA CORONEL JOSE FILOMENO SN
ACARAPE;52;12;CANTAGALO;PROGRAMA DE ERRADICAÇÃO DO TRABALHO INFANTIL (PETI);BARRO VERMELHO
JUAZEIRO DO NORTE;119;429;CAMPO ALEGRE;CRECHE DOUTORA ZILDA ARNS;RUA JOSE MARTINS FILHO, S/N
SÃO BENEDITO;22;168;CENTRO-SEDE;EEMF SÃO BENEDITO;R MINISTRO ANTONIO COELHO 962
FORTALEZA;112;22;JARDIM DAS OLIVEIRAS;EM MARIA DE LOURDES RIBEIRO JEREISSATI;RUA REINO UNIDO, 115
QUIXELÔ;13;156;ÁREA RURAL DE QUIXELÔ;ESCOLA DE ENS FUND RAIMUNDA NADIR GOMES;GIQUI-SITIO
MAURITI;76;135;SAO MIGUEL-DISTRITO;EEIF JOÃO FURTADO MARANHÃO;SITIO CURTUME
IBIAPINA;73;77;SITIO TAQUARATIS;ESCOLA FRANCISCO DOMINGOS;SÍTIO TAQUARATIS