RUSSAS;9;239;INGA;ESCOLA MUNICIPAL JOSE RICARDO DE MATOS;INGÁ
VARJOTA;65;209;ARARINHA;E.E.F. TEREZA ARAGÃO XIMENES;TRAV. ANTÔNIO FLORÊNCIO, S/N
POTIRETAMA;86;56;CAATINGA DO ATANASIO;ESCOLA DE 1 GRAU ANTONIO SEVERIANO DE HOLANDA;SITIO BAIXINHAS (CAATIGA DO ATANÁSIA)
IPU;21;19;SEDE;EEMTI AUTON ARAGAO;PCA SAO SEBASTIAO 1029 CENTRO
QUIXADÁ;6;46;ALTO SÃO FRANCISCO;EEMTI GOVERNADOR CÉSAR CALS DE OLIVEIRA FILHO;AV. JUSCELINO KUBITSCHEK, 385
FORTALEZA;94;645;VILA VELHA;EEM LICEU VILA VELHA;AV. L, 840
MULUNGU;5;152;SAO ROQUE-SITIO;EMEF ALFREDO FARIAS;SAO ROQUE
GRAÇA;79;164;SITIO CAMPESTRE;EEF PROFESSOR ANTONIO GERONIMO DA SILVA;SITIO CAMPESTRE
SOBRAL;121;241;TAPERUABA;EEMTI DEP. CESARIO BARRETO LIMA;AV. NOSSA SENHORA DO CARMO S/N CENTRO
ICÓ;15;4;CENTRO - SEDE;ESCOLA MUNICIPAL SENHOR DO BONFIM;RUA FRANCISCO MACIEL DA SILVA, 2557
BARBALHA;31;174;BARRO VERMELHO;ETI MARIA LINHARES SAMPAIO (SÍTIO BARRO VERMELHO);SITIO BARRO VERMELHO
URUBURETAMA;23;354;canto escuro;EEIF JOSE PAULINO DA CRUZ;CANTO ESCURO
IPUEIRAS;40;45;LIVRAMENTO;ESCOLA DE ENSINO FUNDAMENTAL JOSÉ MARIANO DE MELO - LIVRAMENTO;LIVRAMENTO
TIANGUÁ;81;204;DOM TIMÓTEO;E.E.I.F. NOSSA SENHORA DAS GRAÇAS;AVENIDA FRANCISCO VIRGILIO FILHO
SOBRAL;121;292;JOCELY DANTAS;CURSO DE QUIMICA-UVA-CAMPUS CIDAO;AV. DR. GUARANY
FORTALEZA;94;204;VILA VELHA;EEMTI DONA MARIA MENEZES DE SERPA;RUA DOUTOR QUIXADA FELICIO 141
BARBALHA;31;139;BELA VISTA;CEI MONS. MURILO DE SÁ BARRETO (BELA VISTA);RUA T22, 254 - BELA VISTA
FORTALEZA;85;209;GENIBAÚ;ESCOLA MUNICIPAL PROF AMERICO BARREIRA;RUA RICARDO PONTES 529
CARIRÉ;65;50;ZONA RURAL;ESCOLA EIEF MANOEL FERNANDES BEZERRA;CAIÇARA
BATURITÉ;5;48;LAJES-SEDE;EMEF DIOMEDES MARINHO;RUA ROSÁRIO DE FÁTIMA, S/N
FORTALEZA;94;817;VILA VELHA;EMEIF FRANCISCO EDILSON PINHEIRO;RUA N, 35
URUBURETAMA;23;185;ITACOLOMY / ZONA RURAL;EEF FRANCISCO ARAUJO CHAVES;ITACOLOMY
MADALENA;63;200;SEDE;EEF ANTONIO ALVES DA FONSECA LOBO;LAGOA DO MATO DOS LOBOS
MADALENA;63;187;SEDE;EEF PE. NERI FEITOSA;SALGADINHO
ITATIRA;33;403;DISTRITO DE LAGOA DO MATO;CRECHE JOSÉ AUGUSTO LOBO;RUA JOÃO AUGUSTO LOBO S/N
FORTALEZA;80;393;FÁTIMA;EEM GOV. ADAUTO BEZERRA;RUA MONSENHOR LIBERATO, 1850
ARACATI;8;82;CANOA QUEBRADA;E.E.F. ZE MELANCIA;PRAÇA DRAGÃO DO MAR, S/N.
FORTALEZA;118;235;PARQUE DOIS IRMÃOS;EM DOUTOR ABDENAGO DA ROCHA LIMA;RUA 114, 75 (CJ TUPAN MIRIM)
TAMBORIL;61;20;DISTRITO DE CARVALHO;EMTI OSSEAN ARARIPE;VILA CARVALHO
PACAJUS;49;166;PAJEU;EEF PROFA EDITE NOGUEIRA DA COSTA (ANT CEI PARAISO DA CRIANÇA);RUA PROJETADA S/N
TIANGUÁ;81;306;LAURÃO;E.E.I.F. FREI GERVÁSIO;RUA ALBERCY NOGUEIRA DE VASCONCELOS , SN
FORTALEZA;85;369;ANTÔNIO BEZERRA;INSTITUTO DE ARTE E CIDADANIA DO CEARA -  IAC/CE (ANTIGO GETSEMANI);RUA TOMÁS RODRIGUES, 760
MORAÚJO;64;39;CENTRO;MORAÚJO - ESCOLA MUN. NOSSA SRA. DA CONCEIÇÃO;PÇA. ANTÔNIO BENÍCIO DE VASCONCELOS, S/N - CENTRO
FORTALEZA;85;176;AUTRAN NUNES;EMTI MARIA DA HORA;RUA RAIMUNDO RIBEIRO, S/N
CATUNDA;54;74;CENTRO;COLÉGIO FILOMENA BELARMINA NAU;CENTRO
PACAJUS;49;252;ALTO DA BOA VISTA;EEF ARTUR BANDEIRA;RUA PROJETADA, S/N
BREJO SANTO;70;1;ARAUJÃO;UNIVERSIDADE FEDERAL DO CARIRI - UFCA;RUA OLEGÁRIO EMÍDIO DE ARAÚJO, S/N
FORTALEZA;85;219;CONJUNTO CEARÁ I;EEFM MARIA ANTONIETA NUNES - UV 9;RUA 916 SN 4 ETAPA
TAUÁ;19;236;INHAMUNS;ESCOLA OSSIAN ALENCAR ARARIPE;POÇOS
PARACURU;109;61;VOLTA;U. B. S. LUIZ COSTA SILVEIRA;RUA RUI LOUREIRO, S/N
EUSÉBIO;88;146;COAÇU;COLÉGIO 7 DE SETEMBRO;RUA DANILO ARRUDA, S/N
MARACANAÚ;104;212;CENTRO;SECRETARIA DE EDUCACAO;RUA CAPITAO VALDEMAR DE LIMA, 202
CAPISTRANO;105;18;CENTRO;ESCOLA DE ENSINO FUNDAMENTAL DONA MARIETA CALLS;RUA JOSE DANIEL S/N
REDENÇÃO;52;172;DISTRITO DE ANTÔNIO DIOGO;ESCOLA CAMILO BRASILIENSE (PRÉDIO NOVO);RUA JERUSALEM, S/N
ICÓ;15;130;SAO BENTO - SITIO;ESCOLA MUNICIPAL MIGUEL VICENTE PEREIRA;SITIO SAO BENTO S/N
ICÓ;15;179;NOVO CENTRO - SEDE;EEMTI - PADRE JOSÉ ALVES DE MACÊDO;AV. FRANCISCO CAETANO DANTAS, S/N
FORTALEZA;94;34;ANTÔNIO BEZERRA;EM PADRE JOSEFINO CABRAL;AV SARGENTO HERMINIO SAMPAIO 5598
ICÓ;15;118;TRES BODEGAS - POVOADO;ESCOLA MUNICIPAL ANTONIO FERREIRA DE CARVALHO;RUA DIOMEDES ARRUDA TORRES, 111
SALITRE;38;168;CENTRO;E.E.I.F ANTONIO LEITE DE ALENCAR - SEDE;RUA SANTO ANTONIO  S/N
PARAIPABA;109;157;SETOR C1;EMEIF COMPLEXO ESCOLAR SETOR C1;PROJETO IRRIGADO DO CURU - SETOR C1
BOA VIAGEM;63;263;RECREIO;EEF PATRICIA FACUNDO CAMPOS;RUA JOSE VIEIRA COSTA,481-ALTO DO RECREIO
AMONTADA;89;90;CENTRO;EEEP LUIZ GONZAGA FONSECA MOTA;AV GAL ALÍPIO DOS SANTOS 1360
SOBRAL;24;671;RENATO PARENTE;EEEP LYSIA PIMENTEL GOMES;AV. JOHN SANFORD, 1223
ACARAPE;52;129;CENTRO;CÂMARA MUNICIPAL DE ACARAPE (ESPECIAL);RUA JOSE GUILHERME COSTA, N. 44
JAGUARIBE;10;53;CENTRO;E.E.F.M. RAUL BARBOSA;AV OITO DE NOVEMBRO 521
UBAJARA;73;131;CENTRO;ESCOLA MARIA AGUIAR VASCONCELOS;RUA ÂNGELO SOUSA, S/N
SOBRAL;121;86;CENTRO;UFC CAMPUS MUCAMBINHO - BLOCO DAS ENGENHARIAS;RUA ESTANISLAU FROTA, 563
BOA VIAGEM;63;259;FLORESTA;EEF JOSE ADAUTO SALES;ROD. PRES. JUSCELINO KUBITSCHEK, S/N
CRATEÚS;20;124;CENTRO;SINDICATO DOS TRABALHADORES RURAIS DE CRATEUS;RUA CEL LUCIO 715
IRACEMA;86;98;FOZ;E.E.F. FRANCISCA FLORENCIO GUERRA;SITIO FOZ
CRATEÚS;20;109;TUCUNS;ASSOCIAÇÃO COMUNITÁRIA RURAL DE TAPUIO E MARINHO;TAPUIO
ARACATI;8;205;LAGOA DAS CARAUBAS;POSTO DE SAÚDE DA LAGOA DAS CARAUBAS;LAGOA DAS CARAUBAS
LIMOEIRO DO NORTE;29;56;CENTRO;FACULDADE DE FILOSOFIA D AURELIANO MATOS;AV DOM AURELIANO MATOS 2058
SÃO LUÍS DO CURU;23;311;CENTRO-SEDE;E.E.F. PADRE JOSE SINVAL FACUNDO;RUA PEDRO CIPRIANO SN
CROATÁ;74;107;DISTRITO;ESCOLA MUNICIPAL DE SAO ROQUE;SAO ROQUE
MOMBAÇA;46;150;PAES DE ANDRADE;CRECHE MANOEL BATISTA ALVES;AV. ANTONIO JAIME BENEVIDES FILHO S/N
ARACATI;8;310;SANTA TEREZA;E.E.F. DOMINGOS COSTA TEOBALDO;VILA DE SANTA TEREZA
GENERAL SAMPAIO;50;199;ZONA RURAL;EMEIF SANTA LUCIA;PINDA II
CAMOCIM;32;271;BRASILIA;EEF CORONEL LIBORIO GOMES DA SILVA;RUA HUMAITA, 780
MASSAPÊ;45;12;CENTRO;EEFM ADAUTO BEZERRA;PCA MANOEL JARBAS AGUIAR SN
PIRES FERREIRA;21;37;SEDE;E.E.F.M. FRANCISCO SOARES DE OLIVEIRA;RUA 22 DE MAIO, SN
PIQUET CARNEIRO;12;13;CENTRO;SIND DOS TRAB RURAIS E AGRICULTORES(AS) FAMILIARES DE PIQ. CARNEIRO;RUA ZACARIAS PINHEIRO DA SILVA, S/N
SOBRAL;121;28;BILHEIRA;ESCOLA  ARAUJO CHAVES;CE 362 - BILHEIRA
JUCÁS;43;65;MEL - VILA;ESCOLA DE 1 GRAU ANTONIO JOSE DE MELO;RUA ANTONIO JOSE DE MELO S/N
IGUATU;13;87;VILA MOURA;ESCOLA DE ENSINO MEDIO LUCAS EMANUEL;RUA AMALIA BRASIL SN
PENTECOSTE;50;130;SEBASTIÃO DE ABREU;EMTI PREFEITO JOÃO GOMES DA SILVA;AVENIDA LEOPOLDO RAMOS - SERROTA
FORTALEZA;94;379;VILA VELHA;EM MANOEL RODRIGUES;RUA MARIA CLARA 1237
SOBRAL;24;440;JUVÊNCIO DE ANDRADE;EEEP DOM WALFRIDO TEIXEIRA VIEIRA (LICEU DE SOBRAL);AVENIDA PAULO DE ALMEIDA SANFORD, S/N
MARACANAÚ;104;207;JEREISSATI I;EMEIEF SENADOR CARLOS JEREISSATI;AVENIDA 1, S/N
FORTALEZA;1;865;VICENTE PINZON;ESCOLA MUNICIPAL FREI TITO DE ALENCAR LIMA;AVENIDA DIOGUINHO 5927
SOBRAL;24;415;JERÔNIMO PRADO;UNIV.EST.VALE DO ACARAÚ-UVA-NÚCLEO DE DISCIPLINAS COMPLEMENTARES;AVENIDA DA UNIVERSIDADE, S/N
MISSÃO VELHA;16;76;ZONA RURAL;EEF JOAQUIM ALVES DE BARROS;SITIO SERRA DO MAOZINHA
MIRAÍMA;89;249;POÇO DA ONÇA;EEB MANOEL FRANCISCO INACIO;POÇO DA ONÇA
PORANGA;40;177;PEREIROS;ESCOLA DE ENSINO FUNDAMENTAL SÃO JOSÉ - PEREIROS;PEREIROS
BOA VIAGEM;63;39;GUIA;EEF ADILIA MARIA;R. FRANCISCO RIBEIRO DE SALES, S/N
PACATUBA;57;232;SAO LUIZ;EEIF VICENTE FERRER DE LIMA;AV EDSON QUEIROZ, 1952
CASCAVEL;7;281;BESSALANDIA;ESC.ENS.FUND. JULIA DE MELO;RUA GABRIEL GOMES BARBOSA
ITAPIPOCA;17;484;CENTRO;CENTRO EDUCACIONAL PIO XII;RUA JOAO CORDEIRO 625
IGUATU;13;82;FLORES;ESCOLA DE ENS FUND CARLOTA TAVORA;JUVENAL BARRETO 432
CRATO;27;210;GRANGEIRO;ASSOCIAÇÃO UNIDOS PRÓ-MELHORAMENTO DO SÍTIO COQUEIRO;SÍTIO COQUEIRO
FORTALEZA;115;367;VILA PERI;EM CATULO DA PAIXAO CEARENSE;RUA LEAO DO NORTE 300
CARIÚS;43;210;SITIO TINGUIJADO;ASSOCIACAO COMUNITARIA DE TINGUIJADO;SITIO TINGUIJADO
BEBERIBE;84;171;ITAPEIM;ESCOLA MUNICIPAL JOSE DE ALENCAR;ANDREZA
IGUATU;13;379;BARREIRAS;ESCOLA DE ENS FUND ANTÔNIO CIPRIANO;VILA BARREIRAS DOS PARAIBANOS
JUAZEIRO DO NORTE;119;223;NOVO JUAZEIRO;ESCOLA TIRADENTES;CASTELO BRANCO SN
CAUCAIA;123;567;TABAPUÁ BRASÍLIA II (JUREMA);E.E.I.E.F. JOSEFA ALVES DOS SANTOS;RUA ENGENHEIRO JOÃO NOGUEIRA, S/N - VILA NOVA/PARQUE POTIRA I
CRATEÚS;20;66;POTI;ESCOLA DE CIDADANIA SAO JOSE;POTI
CASCAVEL;7;58;GUANACES;ESC.ENS.FUND. CUSTODIO DA SILVA LEMOS;RUA ISAAC BENICIO, CENTRO
VIÇOSA DO CEARÁ;35;87;PADRE VIEIRA;E.E.F ISAAC VIEIRA DO ESPIRITO SANTO;SITIO PASSAGEM FLORIDA
FORTALEZA;93;258;PREFEITO JOSÉ WALTER;EM FRANCISCO NUNES CAVALCANTE;RUA POETA MÁRIO LINHARES, 561
BELA CRUZ;96;71;VARJOTA-LOCALIDADE;EMETI FRANCISCO DE ASSIS ARAUJO;VARJOTA
FORTALEZA;115;292;JARDIM CEARENSE;COLÉGIO UNIVERSO DO SABER;RUA 10 - NR 70 (CJ CAMPO DOS INGLESES - MARAPONGA)
JUAZEIRO DO NORTE;119;199;NOVO JUAZEIRO;ESCOLA TARCILA CRUZ ALENCAR;CASTELO BRANCO 4451
MISSÃO VELHA;16;110;ZONA RURAL;EEF NOEMIA CRUZ LANDIM;SITIO PASSAGEM DE PEDRA
ITATIRA;33;371;ZONA RURAL;EMEF 13 DE MAIO;LOCALIDADE DE ALEGRE II
SÃO GONÇALO DO AMARANTE;36;52;CENTRO;ESCOLA DE ENSINO MÉDIO EM TEMPO INTEGRAL ADELINO CUNHA ALCANTARA;RUA CORONEL NECO MARTINS 220 - SEDE
JUAZEIRO DO NORTE;119;244;TIMBAUBA;ESCOLA DOM VICENTE DE PAULA ARAUJO MATOS;RUA RUI BARBOSA 1935
ITAPIPOCA;17;18;BOA VISTA;ESCOLA DE 1 GRAU DR GERALDO GOMES DE AZEVEDO;RUA JOAQUIM AMÉRICO TEIXEIRA, 216
MARCO;96;104;CENTRO-SEDE;EEMTI RICARDO DE SOUSA NEVES;RUA RIOS 815
FORTALEZA;83;622;HENRIQUE JORGE;EEM  MARIANO MARTINS;AVENIDA SENADOR FERNANDES TÁVORA 1445
FARIAS BRITO;62;196;UMARI;EEF ANTÃO PEREIRA E SILVA;RUA ARÃO PEREIRA E SILVA, S/N - UMARI - DIST. QUINCUNCÁ
CANINDÉ;33;456;CACHOEIRA DA PASTA;EMEF FIRMINO COELHO;RUA JOAQUIM MEDEIROS 3173
CAUCAIA;120;436;PLANALTO CAUCAIA;E.E.I.E.F. ANTONIO BRAGA DA ROCHA;RUA 112, SN - CIGANA
CRATEÚS;20;29;CENTRO;CENTRO INTEGRADO DE EDUCAÇÃO DE CRATEÚS - CIEC;RUA FIRMINO ROSA, 837
TAMBORIL;61;74;BAIRRO MONTE CASTELO;EMEIF PROFª JULIETA ALVES TIMBÓ;RUA FRANCKLIN CAVALCANTE SN
IPU;21;175;ZONA RURAL;UNIDADE BÁSICA DE SAÚDE - UBS - RITA APRÍGIO DE FARIAS (DONA MISSANTA);SÃO FÉLIX II
TRAIRI;97;89;MUNDO NOVO;EEF JULIA MONTEIRO;MUNDO NOVO
PEDRA BRANCA;59;9;TROIA;E.E.I.F. CENTRO EDUCACIONAL VICENTE ALVES DE MELO;TROIA
SÃO GONÇALO DO AMARANTE;36;283;SAQUINHO;CRECHE RAIMUNDO BRASILEIRO FLORINDO;SAQUINHO
FORTALEZA;3;587;MEIRELES;ESCOLA DE SAÚDE PÚBLICA DO CEARÁ;AV. ANTÔNIO JUSTA, 3161
PEDRA BRANCA;59;129;BOM PRINCIPIO;EEFTI SABINO VIEIRA CAVALCANTE;RUA FORTUNATO SILVA, 243
FORTALEZA;1;461;VARJOTA;ESCOLA ESTADUAL  BARBARA DE ALENCAR;RUA PEDRO RUFINO 38
FORTALEZA;114;272;BARRA DO CEARÁ;EEEP PAULO PETROLA;RUA SAUDÁRIA, S/N - GOIABEIRAS
FORTALEZA;116;8;GRANJA LISBOA;CAIC - MARIA ALVES CARIOCA;RUA GUARAREMA 690
SENADOR POMPEU;12;115;BONFIM;ASSOCIAÇÃO COMUNITÁRIA SÍTIO LIMA DOS MARCELINOS;SÍTIO LIMA DOS MARCELINOS
PORANGA;40;202;BURITI DOS CARREIROS;ESCOLA REUNIDA 12 DE OUTUBRO - BURITI DOS CARREIROS;BURITI DOS CARREIROS
ITAPIPOCA;17;610;CACIMBAS;CENTRO EDUCACIONAL MARIA MAGALHAES VIANA AZEVEDO;RUA MOESIO LOIOLA S/N
ITAPIPOCA;17;753;FAZENDINHA;EEEP RITA AGUIAR BARBOSA;AVENIDA ESAÚ ALVES AGUIAR, 3031
FORTALEZA;3;191;CENTRO;EM NOSSA SENHORA APARECIDA;RUA TERESA CRISTINA, 112
CRATO;27;235;VILA LOBO;EEIEF ANTÔNIO ANTUÉRPIO GONZAGA DE MELO;RUA ANTÔNIO ESMERALDO LEITE S/N
CRATEÚS;20;155;POTI;CAPELA SANTA LUZIA-SÃO JOÃO-POTI;CIGANA
MARACANAÚ;104;98;JEREISSATI I;EEMTI PROFESSOR ANTÔNIO MARTINS FILHO;AVENIDA III, S/N
CROATÁ;74;40;SEDE;ESCOLA DE ENSINO MEDIO FLAVIO RODRIGUES;CENTRO
MIRAÍMA;89;232;CRUZEIRO;EEFM JOSEFA BRAGA BARROSO;RUA DEZINHO TEIXEIRA
CROATÁ;74;156;DISTRITO;ESCOLA QUILOMBOLA LUIZA MARIA DA CONCEIÇÃO;SITIO QUILOMBOLA TRÊS IRMÃOS
SANTANA DO CARIRI;53;66;ANJINHOS;ANEXO DA EMEIEF DEPUTADO FURTADO LEITE;DISTRITO DE ANJINHOS, SN
MISSÃO VELHA;16;5;ZONA RURAL;EEF ANTONIO FERREIRA;SITIO BARREIRAS
CAPISTRANO;105;38;ZONA RURAL;EEIEF CRISTO REI;BOA ÁGUA
FORTALEZA;116;438;BONSUCESSO;CEI XV DE OUTUBRO;RUA MENINO JESUS DE PRAGA, 192
SÃO GONÇALO DO AMARANTE;36;136;PECEM-DISTRITO;ESCOLA DE ENSINO FUNDAMENTAL EUCLIDES PEREIRA GOMES;TRAVESSA MARCIONILIA SAMPAIO S/N
MASSAPÊ;45;21;SANTA ÚRSULA;CEPRUMA;RUA MANASSES PONTES, S/N
SOBRAL;24;382;APRAZÍVEL;ANEXO MANOEL MACHADO PORTELA (PAU D'ARCO);LOCALIDADE PAU D'ARCO, S/N
CAUCAIA;123;399;URUCUTUBA (JUREMA);E.E.I.E.F. FIRMINO SOARES DE MOURA;RUA RAIMUNDO FERREIRA ROCHA, S/N - URUCUTUBA
CRATEÚS;20;125;FATIMA I;SERVIÇO SOCIAL DO COMÉRCIO - SESC;RUA PADRE CÍCERO, 200
SOBRAL;24;438;JOSÉ EUCLIDES;EEM MINISTRO JARBAS PASSARINHO;AVENIDA JOHN SANFORD, S/N
NOVA RUSSAS;48;207;CANINDEZINHO;ESCOLA MUNICIPAL MARIANO RODRIGUES DA COSTA;DISTRITO DE CANINDEZINHO,
MARTINÓPOLE;25;157;JAGUARAPI;E.E.I.F. CEL CHICO CRUZ;JAGUARAPI
CROATÁ;74;132;DISTRITO;ESCOLA MUNCIPAL DE REPARTIÇÃO (CRECHE);REPARTIÇÃO
FORTALEZA;2;712;JOSÉ DE ALENCAR;COLÉGIO CHRISTUS SUL 3;AV ENGENHEIRO LEAL LIMA VERDE, 2500 - JOSÉ DE ALENCAR
FORTALEZA;93;124;PLANALTO AYRTON SENNA;EEFM DEPUTADO JOACI PEREIRA;RUA PROFESSOR PEDRO JORGE, 830
CAMOCIM;32;54;SAO FRANCISCO;ESCOLA DE 1 GRAU NATALIA ALBUQUERQUE LOPES;RUA DR RAIMUNDO VERAS S/N
CAUCAIA;123;494;MARECHAL RONDON (JUREMA);E.E.I.E.F. RAIMUNDO JERÔNIMO DE SOUSA;RUA JÚLIO ROCHA, 220 - KM 14/JUREMA
PORTEIRAS;70;323;LOGRADOURO-SEDE;ESCOLA DE 1 GRAU MANOEL ALBERTO NETO;SITIO LOGRADOURO
SOBRAL;24;502;JORDÃO;ANEXO JOSE DE LOURDES VASCONCELOS (CONTENDAS);LOCALIDADE CONTENDAS
FORTALEZA;118;573;BOA VISTA-CASTELÃO;EEFM PROFESSORA MARIA GONCALVES;RUA N S DO MONTE CARMELO S/N
CRATEÚS;20;231;FATIMA I;ASSOCIAÇÃO PESTALOZI DE CRATEÚS;RUA JOAO RIBEIRO LIMA 183
CAUCAIA;123;333;PARQUE GUADALAJARA (JUREMA);E.E.I.E.F. 7 DE SETEMBRO;AV. DOM ALMEIDA LUSTOSA, 2322
FORTALEZA;117;362;CONJUNTO ESPERANÇA;EEFM PROFESSORA MARIA MARGARIDA DE CASTRO ALMEIDA;AV. CONTORNO SUL, 960
QUIXERÉ;29;252;TOME;EEB PE JOSE DE ANCHIETA;CERCADO DO MEIO
CASCAVEL;7;226;SITIO BICA;CEI MARIA AFIFE SARQUIS QUEIROZ ;RUA SDO, 141 SITIO BICA
QUIXERÉ;29;259;LAGOINHA;EEB MARIA ANGELINA DA CONCEIÇÃO (CRECHE);VILA NOVA
ITAPIPOCA;17;95;ASSUNÇÃO;EEM NOSSA SENHORA DA ASSUNCAO;ASSUNCAO
JAGUARETAMA;72;15;CENTRO;E.E.M INSTITUTO IMACULADA CONCEICAO;RUA ANTONIO PINTO 301
GRANJA;25;49;IBUGUAÇU;E.E.F. DONA MARIA GUILHERME DE CARVALHO;RUA NOVA, S/N
CRATO;27;43;CENTRO;18ª CREDE - COORDENADORIA REGIONAL DE DESENV. DA EDUCAÇÃO;RUA ANDRÉ CARTAXO, 09
CRATEÚS;20;32;VENANCIOS;CENTRO REGIONAL DE DESENVOLVIMENTO DA EDUCACAO (CREDE 13);KM 4 BR 226
CRATEÚS;20;315;JOSÉ ROSA;CRECHE PROINFÂNCIA MARIA DELITE MENEZES TEIXEIRA I;RUA ANASTÁCIO CAMPINA, S/N, CONJ FREI DAMIÃO
BEBERIBE;84;31;SERRA DO FELIX;ESCOLA MUNICIPAL BENEDITO EVARISTO PINHEIRO;AV ESTER FERNANDES 72 - CENTRO
CAMOCIM;32;259;SAO FRANCISCO;ESCOLA DE 1 GRAU NATALIA ALBUQUERQUE LOPES;RUA DR RAIMUNDO VERAS S/N
BELA CRUZ;96;88;SAO GONCALO-LOCALIDADE;EEMTI PROFESSORA THEOLINA DE MURYLLO ZACAS;LOCALIDADE SÃO GONÇALO
ACOPIARA;60;101;CENTRO;EEM ALFREDO NUNES DE MELO;RUA EMILIA DE LIMA PINHO, SN
PACATUBA;57;289;CONJUNTO JEREISSATI II;EEIEF JOAO PAULO SAMPAIO DE MENEZES;RUA 74 SETOR G, 900
PACAJUS;49;83;PASCOAL;EEF JOSE ELTON DE LIMA;PASCOAL
ICÓ;15;134;CENTRO - SEDE;ESCOLA MUNICIPAL MARIA IRISMAR MACIEL MOREIRA;RUA SAO GERALDO S/N
PARAIPABA;109;128;CENTRO;EMEIF ALTINA LARANJEIRA;RUA ANTONIO TABOSA SN
BEBERIBE;84;64;PARAJURU;ESCOLA MUNICIPAL MONSENHOR JOAQUIM DE JESUS DOURADO;RUA MONSENHOR DOURADO SN - CENTRO
MARACANAÚ;104;167;PAJUÇARA;EMEIEF ANTÔNIO DE ALBUQUERQUE SOUSA FILHO;RUA SENADOR PETRÔNIO PORTELA, 145
QUIXERÉ;29;236;TOME;EEB PROFESSORA IRENE NONATO DA SILVA;TOMÉ
NOVA OLINDA;53;34;CRUZEIRO;EEF PADRE CRISTIANO COELHO;AV. JEREMIAS PEREIRA S/N
JUAZEIRO DO NORTE;119;98;JOAO CABRAL;ESCOLA LILI NERY;RUA PADRE ALCANTARA, 1000
CAUCAIA;120;437;CAMPO GRANDE;E.E.I.E.F. MARIA LUIZA DO VALE FORTE;RUA CÉLIO CÂNDIDO, S/N - BR 020 - KM 01 - CARRAPICHO
CAUCAIA;120;322;SITIOS NOVOS;E.E.F. ALICE MOREIRA DE OLIVEIRA;RUA HENRIQUE MARTINS, S/N
HORIZONTE;78;150;CENTRO;EMEF MARIA REGIANA DA SILVA;RUA RAFAEL SANTOS, 530
AURORA;69;81;ARACA-SEDE;E.E.F.P. LEOPOLDINA GONÇALVES QUEZADO;RUA MARICA LEITE,285
MARACANAÚ;122;204;PIRATININGA;EMEF - ELIAN DE AGUIAR MENDES;RUA AMAZONAS 01
FORTALEZA;1;947;ALDEOTA;COLEGIO ARI DE SA - MONSENHOR CATAO;RUA MONSENHOR CATAO, 1655
ITAPIPOCA;17;58;DESERTO;EEB JOAO TEIXEIRA PINTO;NOVA ASSIS
IGUATU;13;320;VILA MOURA;ESCOLA DE ENSINO MEDIO LUCAS EMANUEL;RUA AMALIA BRASIL SN
CARIDADE;111;67;CENTRO;EEFM CASEMIRO BEZERRA DE ARAUJO;RUA CEL FRANCISCO LINHARES 496
ITAITINGA;78;239;CENTRO;EEF VALMIQUE SAMPAIO ALBUQUERQUE;RUA JOSMO GURGEL ARAUJO, 1256
CRATO;27;371;PINTO MADEIRA;EEF DOM QUINTINO;RUA SÃO FRANCISCO S/N
HORIZONTE;78;130;QUEIMADAS;EMEF QUILOMBOLA OLIMPIO NOGUEIRA LOPES;RUA RAIMUNDO LOPES, 1083
ARACATI;8;54;MORRINHOS;E.E.F. JOSE BEZERRA FILHO;MORRINHOS
IGUATU;13;98;COHABS;ESCOLA DE ENS MEDIO EDSON LUIZ CAVALCANTE DE GOUVEA;AVENIDA JUSCELINO KUBITSCHECK SN
SOBRAL;24;305;APRAZÍVEL;EEFI ANTONIO CUSTODIO AZEVEDO - APRAZIVEL;APRAZIVEL
PACUJÁ;79;193;BOM GOSTO;E.E.I.F. VALFRIDO SALMITO DE ALMEIDA;SÍTIO BOM GOSTO, S/N
ITAPIPOCA;17;101;ASSUNÇÃO;EEB ISAIAS TEIXEIRA PINTO;SANTAREM
CASCAVEL;7;157;CHORO CAJAZEIRAS;ESC.ENS.FUND. JUAREZ QUEIROZ;CHORO CAJAZEIRAS
FORTALEZA;83;27;BELA VISTA;ESCOLA MUNICIPAL NILSON HOLANDA;RUA VIRIATO RIBEIRO 1355
MARACANAÚ;104;143;JEREISSATI I;EMEIEF DEPUTADO JOSÉ MARTINS RODRIGUES;RUA QUARENTA A, 287
FORTALEZA;80;117;ALTO DA BALANÇA;EEM YOLANDA QUEIROZ;AV. GAL. MURILO BORGES, 864
JAGUARETAMA;72;27;CENTRO;ESCOLA MUNICIPAL DE 1º.GRAU MANOEL CARLOTO PINHEIRO;RUA MANOEL CARNEIRO 97
ITAREMA;98;109;CENTRO;EMEF MARIETA RIOS;RUA JOAO BATISTA RIOS S/N
CAUCAIA;123;334;PARQUE GUADALAJARA (JUREMA);E.E.I.E.F. 7 DE SETEMBRO;AV. DOM ALMEIDA LUSTOSA, 2322
CRATEÚS;20;235;SÃO JOSÉ;ESCOLA DE CIDADANIA PROFA. CARLOTA COLARES DA PENHA OLIVEIRA;RUA FREI VIDAL DA PENHA, S/N
QUIXERAMOBIM;11;44;DUQUE DE CAXIAS;ESCOLA LUISA TAVORA;RUA PROF JOSE REMIGIO SN
TABULEIRO DO NORTE;91;150;PATOS;ASSOCIAÇÃO DE MORADORES DO SITIO PATOS;SITIO PATOS
QUIXERAMOBIM;11;90;CENTRO;CAMPUS UNIVERSITARIO DR ANDRADE FURTADO;AV DR JOAQUIM FERNANDES 382 - CENTRO
JUAZEIRO DO NORTE;28;414;SAO MIGUEL;CENTRO CEARENSE DE IDIOMAS - CCI;RUA QUINZE DE NOVEMBRO S.N.
FORTALEZA;3;611;ALDEOTA;COLÉGIO ESPAÇO ABERTO - DOM LUÍS;AV. DOM LUÍS, 730
ACOPIARA;60;142;DISTRITO DE SANTO ANTONIO;EEF AUGUSTINHO BEZERRA;SITIO CUTIA
HORIZONTE;78;90;CENTRO;EEM RAIMUNDO NOGUEIRA;RUA RAIMUNDO NOGUEIRA, 103
FORTALEZA;112;444;EDSON QUEIROZ;UNIVERSIDADE DE FORTALEZA - UNIFOR;AVENIDA WASHINGTON SOARES, 1321
PACAJUS;49;27;CENTRO;INSTITUTO EDUCACIONAL ESSÊNCIA;RUA MAMEDE NOGUEIRA, 814
MARACANAÚ;104;403;PAJUÇARA;EMEIEF PROF PAULO FREIRE;RUA PAULO BATISTA 660
FORTALEZA;2;649;MESSEJANA;EEFM JOSE DE ALENCAR;RUA VENEZA, 84
FORTALEZA;93;247;PLANALTO AYRTON SENNA;EM PROFESSORA IRENE DE SOUZA PEREIRA;RUA PARQUE UMARI, 100
PARAMOTI;111;173;CENTRO;EMEF MANUEL DE ARRUDA;SANTA ROSA
FORTALEZA;83;23;BELA VISTA;ESCOLA MUNICIPAL JOSÉ NAURI BRAGA;RUA PROFESSORA LILIA ABREU, 231
INDEPENDÊNCIA;39;227;ZONA RURAL;EEF JOAO DE DEUS GOMES BARBOSA;MORRO DOS BARBOSA
FORTALEZA;80;380;TAUAPE;COLÉGIO SHALON;RUA TIBÚRCIO FROTA, 1530 COM OSVALDO CRUZ
VÁRZEA ALEGRE;62;12;CENTRO;EEF FIGUEIREDO CORREIA;RUA FIGUEIREDO CORREIA, 258
ITAPIPOCA;17;45;CENTRO;PATRONATO NOSSA SENHORA DAS MERCES;AV. DUQUE DE CAXIAS 1181
FORTALEZA;114;125;BARRA DO CEARÁ;EM  RACHEL DE QUEIROZ;AVENIDA PRESIDENTE CASTELO BRANCO 5010
ITAPIPOCA;17;598;BALEIA;EEB JOSÉ MARIA DA SILVEIRA;PRAIA DA BALEIA
CRATO;27;242;BELA VISTA;EEIEF SÔNIA CALLOU DE SÁ;RUA PADRE CÍCERO S/N
FORTALEZA;80;182;FÁTIMA;COLÉGIO NOSSA SENHORA DAS GRAÇAS;RUA MONSENHOR OTÁVIO DE CASTRO, 535
JIJOCA DE JERICOACOARA;30;399;ZONA RURAL;ESCOLA PEDRO PEREIRA DUTRA;BORGES
ARACATI;8;81;CANOA QUEBRADA;E.E.F. ZE MELANCIA;PRAÇA DRAGÃO DO MAR, S/N.
FORTALEZA;115;277;ITAPERI;UNIVERSIDADE ESTADUAL DO CEARA - UECE;AV DR. SILAS MUNGUBA, 1700
ARACATI;8;19;CENTRO;E.E.M.T.I. BARAO DE ARACATI;PRAÇA DOS PRAZERES, 82
JUAZEIRO DO NORTE;119;97;SAO JOSE;ESCOLA ANTONIO FERREIRA DE MELO;RODOVIA JUAZEIRO/CRATO
FORTALEZA;117;462;CONJUNTO ESPERANÇA;EEEP DARCY RIBEIRO;RUA CONEGO DE CASTRO, S/N
QUIXERAMOBIM;11;148;DISTRITO INDUSTRIAL;ESCOLA MANOEL MARTINS DE ALMEIDA;AV GERALDO BIZARRIA DE CARVALHO SN
CRATEÚS;20;224;IRAPUA;ASSOCIAÇÃO DO ASSENTAMENTO SÃO GONÇALO;ASSENTAMENTO SAO GONCALO
FORTALEZA;1;826;PRAIA DO FUTURO II;ESCOLA MUNICIPAL DOM ALOISIO LORSCHEIDER;RUA JULIO SILVA, 450
CRATO;27;245;MURITI;EEF PROF. JOSÉ DO VALE ARRAES FEITOSA;RUA VICENTE GREGÓRIO MARINHO, SN. N. SRA. DE FÁTIMA. BARRO BRANCO
JAGUARUANA;75;27;CENTRO;E.E.M. FRANCISCO JAGUARIBE (2 GRAU);RUA CEL RAIMUNDO FRANCISCO, 1135
IGUATU;13;298;ÁREA RURAL DE IGUATU;ASSOCIAÇÃO DOS PEQUENOS AGRICULTORES DO SÍTIO CIPO I;SÍTIO CIPO
CARIRÉ;65;31;RAFAEL ARRUDA;EEIEF MARIANA FRANÇA DE SOUSA;R. RODOVIA PEDRO LUIZ DA COSTA, 292
ITAPIPOCA;17;519;LAGOA DAS MERCÊS;EEB JOÃO IRINEU DA SILVA;LAGOA DAS MERCÊS
CAUCAIA;123;548;TABAPUÁ BRASÍLIA II (JUREMA);E.E.I.E.F. JOSEFA ALVES DOS SANTOS;RUA ENGENHEIRO JOÃO NOGUEIRA, S/N - VILA NOVA/PARQUE POTIRA I
JUAZEIRO DO NORTE;119;122;ROMEIRAO;ESCOLA SESI/SENAI PADRE AZARIAS SOBREIRA;RUA JOSÉ MARROCOS, 2265
JUAZEIRO DO NORTE;119;22;SANTA TEREZA;COLÉGIO MILITAR DE JUAZEIRO DO NORTE;CASTELO BRANCO SN
IGUATU;13;127;JOSÉ DE ALENCAR;ESCOLA DE ENS MEDIO MARIA DAUREA LOPES;VILA ALENCAR
NOVA RUSSAS;48;20;CENTRO;EEMTI OLEGARIO ABREU MEMORIA;RUA CEL. ANTONIO RODRIGUES VERAS 1018
ITAPIPOCA;17;80;ARAPARI;EEB MARIA MESQUITA RODRIGUES;QUANDU
FORTALEZA;85;132;CONJUNTO CEARÁ I;COLÉGIO LUÍZA TÁVORA;RUA 1050, N 171, 4 ETAPA
IRAUÇUBA;41;243;CAMPINAS;ESCOLA MUNICIPAL MANOEL COELHO DA CRUZ;CAMPINAS
SOBRAL;121;8;CENTRO;UNIVERSIDADE UNOPAR SOBRAL;AV DOM JOSÉ, 1138
SÃO GONÇALO DO AMARANTE;36;213;RIACHO DOS GOMES;POSTO DE SAÚDE DO RIACHO DOS GOMES;RIACHO DOS GOMES
ITAITINGA;78;280;ANCURI;EEF FRANCISCA DE MORAIS FERRER;RUA PARQUE DAS FLORES, 500
CHORÓ;6;208;SANTA RITA;EEF SANTA RITA;SANTA RITA
EUSÉBIO;88;238;ENCANTADA;EEF FRANCISCO TAVARES DE ABREU;RUA SANTO AMARO, 1000 - ENCANTADA
UMIRIM;23;241;CENTRO-SEDE;E.E.F.M. JOSE PINHEIRO SALES;RUA MAJOR SALES 664
PARAIPABA;109;175;BOA ESPERANÇA;EEEP FLÁVIO GOMES GRANJEIRO;RUA MARIA MOREIRA, SN
JAGUARUANA;75;135;SANTA LUZIA;C.E.I. RAIMUNDO PEREIRA BEZERRA (SANTA LUZIA);SANTA LUZIA
FORTALEZA;112;11;JARDIM DAS OLIVEIRAS;COLÉGIO NOVO HORIZONTE;RUA BEIJA FLOR, 25
ARACATI;8;122;CAJAZEIRAS;E.E.F. MOISES MARQUES;SITIO CAJAZEIRAS I
CAUCAIA;37;434;ICARAI;E.E.I.E.F FRANCISCO MARTINS DE MORAES;RUA BELARMINO JOSÉ, 201 - ICARAÍ
FORTIM;8;94;GUAJIRU;EEFTI. EDSON BARBOSA;GUAJIRU
BEBERIBE;84;65;PARAJURU;ESCOLA MUNICIPAL MONSENHOR JOAQUIM DE JESUS DOURADO;RUA MONSENHOR DOURADO SN - CENTRO
JUAZEIRO DO NORTE;119;41;SANTA TEREZA;ESCOLA ADAUTO BEZERRA (SEGUNDO GRAU);CASTELO BRANCO SN
IGUATU;13;338;AREIAS I;ESCOLA DE ENS MÉDIO ADAUTO BEZERRA;RUA DEOCLECIO LIMA VERDE SN
CASCAVEL;7;262;GUANACES;ESC.ENS.FUND. CUSTODIO DA SILVA LEMOS;RUA ISAAC BENICIO, CENTRO
FORTALEZA;114;142;JARDIM IRACEMA;EM JOSÉ DE ALENCAR;RUA ALBERTO FERREIRA 248
FORTALEZA;2;88;MESSEJANA;CLUBE DA CAIXA;AVENIDA FREI CIRILO 4700
FORTALEZA;116;177;GRANJA PORTUGAL;CENTRO EDUCACIONAL HORA DE APRENDER;RUA VITAL BRASIL 2533
TAMBORIL;61;85;DISTRITO DE BOA ESPERANÇA;EMEIF FRANCISCO VIANA FILHO;RUA GONÇALO CARLOS FARIAS, S/N - VILA BOA ESPERANÇA
JUAZEIRO DO NORTE;28;22;FRANCISCANOS;ECIM DOUTOR EDVAR TEIXEIRA FERRER;DOM PEDRO II 1643
VIÇOSA DO CEARÁ;35;174;PADRE VIEIRA;E.E.I.F CONRADO FELIX VIEIRA;SITIO GAMILEIRINHA
UBAJARA;73;188;sítio águas belas - jaburu;ESCOLA HUMBERTO RIBEIRO LIMA;SITIO ÁGUAS BELAS - JABURU
CAUCAIA;37;603;CURICACA;E.E.F. EDSON DA MOTA CORREA;ESTRADA VELHA DO ICARAI, KM 02
CASCAVEL;7;233;MUTIRÃO;ESC. MUNICIPAL PROFESSOR FABIO COUTINHO;RUA ZAQUEU FERREIRA DO VALE, S/N
TAUÁ;19;160;MARRECAS;EPG LUIZA MARIA DA SILVA;VILA JOAQUIM MOREIRA
IPU;21;14;SEDE;CVT - CENTRO VOCACIONAL TECNOLOGICO;AV MILTON CARVALHO SN - CAIXA DAGUA
JARDIM;119;297;CENTRO;ESCOLA DR. ROMAO SAMPAIO;RUA JOSE MARROCOS 240
MARANGUAPE;4;431;SAPUPARA;EMEF JÕAO CIRINO NOGUEIRA;RUA JOAO CIRINO, S/N
CASCAVEL;7;98;GUANACES;ESC.ENS.FUND. ABDON DANTAS DE ALMEIDA;RUA EUFRASIO DANTAS SN - CENTRO
INDEPENDÊNCIA;39;213;GROTA DOS RODRIGUES;EEF JOAO RODRIGUES DA SILVA;GROTA DOS RODRIGUES
IBIAPINA;73;193;SÃO JOÃO;SINDICATO DOS SERVIDORES PÚBLICOS MUNICIPAIS DE IBIAPINA;AV. PREFEITO FRANCISCO LUIS DE SOUSA S/N
BARBALHA;31;102;CENTRO;EEM ADAUTO BEZERRA;RUA MAJOR SAMPAIO, 75
BARBALHA;31;132;MALVINAS;CEI ANTÔNIA DOLORES DE SÁ BARRETO (MALVINAS);RUA P-10, 26 (EM FRENTE A SOAFA MALVINAS)
VIÇOSA DO CEARÁ;35;181;LAMBEDOURO;E.E.F. DE OITICICAS;VILA OITICICAS
CAUCAIA;123;358;MARECHAL RONDON (JUREMA);E.E.I.E.F. ECONOMISTA RUBENS VAZ DA COSTA;AVENIDA NOVO HORIZONTE, S/N
IGUATU;13;417;JOÃO PAULO II;CAIC - ESCOLA DE ENS FUND FRANCISCO DAS GRAÇAS ALVES BERTO;CONJUNTO JOAO PAULO II                                    S/N
IGUATU;13;26;VENEZA;ESCOLA DE ENS FUND FILGUEIRAS LIMA;RUA NELSON ALENCAR
CAUCAIA;123;290;PARQUE GUADALAJARA (JUREMA);E.E.I.E.F. DANILO DALMO DA ROCHA CORRÊA;RUA ACAPULCO, 1805 - PARQUE POTIRA II
CAUCAIA;123;350;MARECHAL RONDON (JUREMA);E.E.I.E.F. ECONOMISTA RUBENS VAZ DA COSTA;AVENIDA NOVO HORIZONTE, S/N
CRATO;27;212;CAMPO ALEGRE;UNIDADE BÁSICA DE SAÚDE MARIA DUARTE;RODOVIA - CE-292, S/N - GUARIBAS
VARJOTA;65;172;OLHO DÁGUA DOS TRAJANOS;E.E.F. VICENTE TRAJANO DE MESQUITA;OLHO DÁGUA DOS TRAJANO - ZONA RURAL
URUBURETAMA;23;129;MUNDAÚ / ZONA RURAL;EEF MARGARIDA MARIA B VASCONCELLOS;MUNDAU
UMARI;15;206;CENTRO - SEDE;ESCOLA DE ENSINO MÉDIO MONSENHOR MANOEL CARLOS DE MORAIS;RUA DOM QUINTINO 289
RUSSAS;9;310;LAGOA GRANDE;ESCOLA RAIMUNDO PEREIRA LIMA;ASSENTAMENTO MUNDO NOVO
OCARA;67;230;CENTRO-SEDE;ESCOLA MUNICIPAL SAO MARCOS - ENSINO FUNDAMENTAL;VILA SAO MARCOS
FORTALEZA;112;485;SAPIRANGA-COITÉ;EM PROFª ALDACI BARBOSA;RUA OLEGARIO MEMORIA, 1257
PENTECOSTE;50;98;ZELADORIA;EEF GOVERNADOR WALDEMAR ALCÂNTARA;RUA PEDRO HORÁCIO, 297
ACARAÚ;30;267;ZONA RURAL;ESCOLA EXPEDITO JOSE DE FREITAS;BARRINHA DE BAIXO
ITAREMA;98;196;ZONA RURAL;EIT ROSA SUZANA DA ROCHA (COMUNIDADE INDIGENA);ALDEIA INDIGENA CORREGO JOAO PEREIRA
ARACATI;8;253;ASSENTAMENTO CAMPOS VERDES;E.E.F. PASSOS LIVRES;ASSENTAMENTO CAMPOS VERDES
FORQUILHA;121;198;EDMUNDO RODRIGUES;EEFM ELZA GOERSCH;AV CRIANÇA DANTE VALERIO S/N CENTRO
OCARA;67;237;CENTRO-SEDE;SECRETARIA DE CULTURA, ESPORTE E JUVENTUDE (ANTIGA ESCOLA ALMIR PINTO);AV CORONEL JOAO FELIPE SN
FORTALEZA;115;476;VILA PERI;EEM PROF. HERMENEGILDO FIRMEZA;RUA GABRIEL FIUZA 360
BELA CRUZ;96;45;CENTRO-SEDE;CRECHE CRIANÇA FELIZ;RUA CEL. DUCA, 865
CAUCAIA;37;42;PARQUE SOLEDADE;COLEGIO JANUSA CORREA;RUA NOSSA SENHORA DOS PRAZERES, 238
IRACEMA;86;83;DA PAZ;EEF ALBATIZA TAVARES DE OLIVEIRA GUERRA;RUA JOÃO TAVARES MAGALHÃES
COREAÚ;64;132;São Miguel;COREAÚ - ESCOLA MUN. NOSSA SRA. DA PAZ;RUA SÃO MIGUEL, S/N - SÃO MIGUEL
PALMÁCIA;4;170;CENTRO;ESCOLA MUNICIPAL RAMILSON HOLANDA LUZ;RUA FRANCISCO DE QUEIROZ, S/N
NOVA OLINDA;53;26;SÃO JOÃO;POSTO DE SAÚDE  DO SITIO SÃO JOÃO;SÍTIO SÃO JOÃO
AURORA;69;5;TIPI-DISTRITO;E.E.I.F. ANTONIO AMANCIO DA CRUZ;VILA TIPI
CAUCAIA;37;519;TABAPUÁ;E.E.F.M. JOSÉ MARIA PONTES DA ROCHA;RUA 08, S/N - TABAPUÁ
ALTO SANTO;86;41;CENTRO;ESCOLA DE 1 E 2 GRAUS FRANCISCO NONATO FREIRE;AV EDSON GUERRA 667
CEDRO;13;460;LAGEDO;ESCOLA DE ENS FUND ANTONIO ALVES DOS SANTOS;DISTRITO DE LAGEDO
VIÇOSA DO CEARÁ;35;188;SITIO SANTA BARBARA;E.E.F SANTA BARBARA;SITIO SANTA BARBARA
FORTALEZA;115;357;PARANGABA;EEEP JOAQUIM MOREIRA DE SOUSA;RUA CAIO PRADO 02
CHORÓ;6;475;MARAVILHA;UNIDADE BASICA DE SAUDE JOSE BONIFACIO DE SOUSA;MARAVILHA
BATURITÉ;5;45;CANDEIA SAO SEBASTIAO-POVOADO;EMEF CAPITAO PORFIRIO RODRIGUES DE SOUZA;RUA IRMA ROBUSTINA SN
SABOEIRO;43;269;LAGEDO;POSTO DE SAÚDE RAIMUNDO PRIMO BEZERRA;SITIO LAGEDO
BARBALHA;31;14;CENTRO;ESCOLA BEM-ME-QUER;RUA PADRE IBIAPINA, 485
SENADOR POMPEU;12;110;CODIA;SERVIÇO DE CONVIVÊNCIA E FORTALECIMENTO DE VÍNCULO CODIÁ;CODIA
MAURITI;76;36;SÃO FÉLIX-DISTRITO;EEF SÃO JOSÉ;DISTRITO DE SÃO FÉLIX - SAÍDA PARA OLHO D'ÁGUA
VÁRZEA ALEGRE;62;282;ZEZINHO COSTA;ESCOLA ESPECIALIZADA ELIZA GOMES CORREIA - APAE;RUA JOAO ALVES DE MENEZES 390
MOMBAÇA;46;83;CENTRO;ESCOLA DE ENSINO FUNDAMENTAL CÂNDIDO SIMAO;CANGATI - DISTRITO DE CANGATI
IPAPORANGA;20;254;ÁGUA BRANCA;ESCOLA DE ENSINO FUNDAMENTAL SANTA RITA DE CASSIA;AGUA BRANCA
NOVO ORIENTE;99;49;ZONA RURAL;EEF MARIA DE SOUSA MARQUES;CAVACO
AQUIRAZ;66;323;ARACAS;EMEF RAIMUNDO RAMOS DA COSTA;SITIO ARACAS
QUIXADÁ;6;121;ÁREA RURAL DE QUIXADÁ;EEF AMBRÓSIO PESSOA;SERROTE BRANCO I - PERIFERIA, S/N
CRATEÚS;20;79;IBIAPABA;ESCOLA DE CIDADANIA DE IBIAPABA;IBIAPABA
PEDRA BRANCA;59;164;SEDE;EEF ANTONIO MOREIRA DE SOUZA;SÃO JOSÉ
PENTECOSTE;50;67;ZELADORIA;EEF GOVERNADOR WALDEMAR ALCÂNTARA;RUA PEDRO HORÁCIO, 297
RERIUTABA;79;4;PRAÇA DA ESTAÇÃO;CRAS - CENTRO DE REFERÊNCIA DE ASSISTÊNCIA SOCIAL;RUA CEL JOSÉ TEODORO, S/N - CENTRO
SABOEIRO;43;267;LAGEDO;POSTO DE SAÚDE RAIMUNDO PRIMO BEZERRA;SITIO LAGEDO
CRATO;27;255;SANTA FÉ;EEIEF PAULO LIMAVERDE;ROD. VICENTE TELES, SN. DISTRITO DE SANTA FÉ - SEDE.
CAMOCIM;32;30;CENTRO;N.A.E.C.;PRACA JOSE SEVERIANO MOREL S/N
CRATEÚS;20;111;CENTRO;SINDICATO DOS TRABALHADORES RURAIS DE CRATEUS;RUA CEL LUCIO 715
CAUCAIA;120;441;CONJUNTO METROPOLITANO;E.E.I.E.F. ANTÔNIO MIRANDA DE MELO;RUA PEDRO ALVES DE MENEZES, 1095 - CONJUNTO METROPOLITANO
CASCAVEL;7;211;GUANACES;ESC.ENS.FUND. DOMINGOS ANGELO DA SILVA;CHORO SERROTE
FORQUILHA;121;197;EDMUNDO RODRIGUES;EEFM ELZA GOERSCH;AV CRIANÇA DANTE VALERIO S/N CENTRO
ACARAÚ;30;32;ZONA RURAL;ESCOLA MANOEL ALBINO FURTADO;TUCUNZEIROS
FORTALEZA;2;540;GUAJERU;EEEP COMENDADOR MIGUEL GURGEL;RUA JOSE BAIMA, S/N
CRATO;27;326;GISÉLIA PINHEIRO;EEMTI JUVÊNCIO BARRETO;RUA JUVÊNCIO BARRETO S/N
TRAIRI;97;12;PALMEIRAS;EEF DOUTOR CARLOS VIRGILIO;PALMEIRAS
CRATO;27;298;CAMPO ALEGRE;SALÃO PAROQUIAL DO SÍTIO PÁSCOA;SÍTIO PÁSCOA
POTENGI;68;69;SITIO CARCARA;ESCOLA MUNICIPAL MARIA VIRGEM DA SILVA - CARCARÁ;SITIO CARCARÁ
GRANJA;25;183;SANTA TEREZINHA;E.E.F. SENADOR OLAVO OLIVEIRA;AV. PREF. FRANCISCO SOUSA, 71
FORTALEZA;2;148;MESSEJANA;EMEIF ANGELICA GURGEL;RUA DOUTOR PERGENTINO MAIA, 375
CAUCAIA;123;544;ARATURI (JUREMA);E.E.F.M. PRESIDENTE JOSÉ SARNEY;AV. CENTRAL OESTE, 262
IGUATU;13;122;CENTRO;CEJA GOVERNADOR LUIZ DE GONZAGA DA FONSECA MOTA;RUA MONSENHOR COELHO SN
ITAPAJÉ;41;227;JORGE;ESCOLA AGOSTINHO FERREIRA ARAUJO FILHO;SITIO JORGE DE BAIXO
ANTONINA DO NORTE;18;140;SERRARIA I;CRAS CENTRO REFERÊNCIA E ASSISTÊNCIA SOCIAL;RUA ANANIAS DE MATOS ARRAIS, 250
CRATO;27;287;PIMENTA;EEFM TEODORICO TELES DE QUENTAL;RUA DOUTOR IRINEU PINHEIRO, 305
SÃO GONÇALO DO AMARANTE;36;55;PECEM-DISTRITO;ESCOLA DE ENSINO FUNDAMENTAL E MEDIO EDITE ALCANTARA MOTA;PECEM
FORTALEZA;115;49;ITAPERI;UNIVERSIDADE ESTADUAL DO CEARA - UECE;AV DR. SILAS MUNGUBA, 1700
FORTALEZA;94;424;VILA VELHA;EEMTI DONA MARIA MENEZES DE SERPA;RUA DOUTOR QUIXADA FELICIO 141
CAUCAIA;37;7;CENTRO;C.S.U. EDSON DA MOTA CORREA;RUA JOSE DE PONTES, 2671 - AÇUDE
ARACOIABA;67;129;ASSUNCAO-SITIO;ESCOLA MUNICIPAL RAIMUNDO DELMIRO DA SILVA;ASSUNCAO
CAUCAIA;37;175;JAPUARA;E.E.F. RAIMUNDO JOSE DOS SANTOS;TRAVESSA DE JAPUARA, S/N, COMUNIDADE - REGIÃO GARROTE
UMARI;15;200;CENTRO - SEDE;CENTRO EDUCACIONAL DO PRIMEIRO GRAU PADRE MANOEL PEREIRA;RUA CORONEL ANTONIO MALHEIROS, S/N
POTIRETAMA;86;61;CENTRO;ESCOLA DE 1 E 2 GRAUS ANDRÉ CAMPELO;RUA HONOR DIOGENES SN
PORTEIRAS;70;265;CENTRO-SEDE;E E E M ARISTARCO CARDOSO;RUA EXPEDITO ALVES SANTANA S/N
IGUATU;13;278;FLORES;ESCOLA DE ENS FUND CARLOTA TAVORA;JUVENAL BARRETO 432
EUSÉBIO;88;158;URUCUNEMA;EEF JOSEFA SA;RUA BEIRA RIO, 400 - MOSQUITO
ALTO SANTO;86;1;CENTRO;ESCOLA DE 1 E 2 GRAUS FRANCISCO NONATO FREIRE;AV EDSON GUERRA 667
LIMOEIRO DO NORTE;29;191;JOÃO XXIII;EEF EVALDO HOLANDA MAIA;RUA PADRE VICENTE S/N
QUITERIANÓPOLIS;99;116;ZONA RURAL;EEIF ANTONIO CANUTO DE LIMA;SAO MIGUEL
TAUÁ;19;214;DISTRITO - SEDE;ASS COMUN LAUDELINO FERREIRA BARRA (ANT ESC JOSE FERREIRA BARRA);VENEZA
MORADA NOVA;47;214;ARUARU;EEB PROFESSORA JOANA PAULA DE MORAIS;AVENIDA ERNESTO GEISEL
JUAZEIRO DO NORTE;28;188;SAO MIGUEL;UNINASSAU CAMPUS SÃO MIGUEL;RUA SÃO FRANCISCO, 1224
ACOPIARA;60;29;LUNA;EEF AMARO BEZERRA;VILA LUNA
QUIXERAMOBIM;11;196;JOSE AURELIO CAMARA;ESCOLA CEL VIRGILIO TAVORA- CIDADE;RUA FAUSTO COSTA 180
RERIUTABA;79;9;VILA NOVA;CRECHE VÓ SINHÁ;RUA JOÃO FURTADO FILHO, N 720
IRAUÇUBA;41;30;CENTRO-SEDE;CENTRO EDUCACIONAL PROFESSOR ANTONIO BARBOSA BRAGA;LUCAS BATISTA DA MOTA 135
LIMOEIRO DO NORTE;29;152;ÁREA RURAL;CEI MARIA PINHEIRO DA SILVA;SETOR NH5
CRATO;27;243;GISÉLIA PINHEIRO;EEMTI JUVÊNCIO BARRETO;RUA JUVÊNCIO BARRETO S/N
FORTALEZA;94;874;PADRE ANDRADE;EEFM HERMINIO BARROSO;RUA PADRE GUILHERME 800
FORTALEZA;115;477;VILA PERI;EEM PROF. HERMENEGILDO FIRMEZA;RUA GABRIEL FIUZA 360
CAMOCIM;32;55;SAO FRANCISCO;ESCOLA DE 1 GRAU NATALIA ALBUQUERQUE LOPES;RUA DR RAIMUNDO VERAS S/N
FORTALEZA;2;543;MESSEJANA;EEM LICEU DE MESSEJANA;AVENIDA WASHINGTON SOARES 7702
HORIZONTE;78;160;DIADEMA;EMEF PROFESSORA DIONE MARIA BEZERRA PESSOA;RUA FRANCISCO ONOFRE DE ASSIS, 365, DIADEMA
FORTALEZA;1;577;CIDADE 2000;ESCOLA ESTADUAL ARQUITETO ROGERIO FROES;AVENIDA DAS GRAVIOLAS 1000
HIDROLÂNDIA;54;147;POVOADO DE CAPOEIRA;ESCOLA MUNICIPAL VITAL DIAS DE OLIVEIRA;POVOADO DE CAPOEIRA
ABAIARA;26;70;CENTRO;UNIDADE BÁSICA DE SAÚDE DR SEBASTIÃO CAVALCANTI;RUA PADRE JOSÉ LEITE SAMPAIO, 140
EUSÉBIO;88;219;CENTRO;EEM ANA BEZERRA DE SA;AV AIRTON SENA, 130 - CENTRO
MORADA NOVA;47;24;CENTRO;EEMTI EGIDIA CAVALCANTE CHAGAS;AV MANOEL CASTRO, 473
MORADA NOVA;47;158;PEDRAS;CAPELA DE PATINHOS;PATINHOS
FORTALEZA;94;813;ANTÔNIO BEZERRA;COLÉGIO EVOLUIR;RUA CÂNDIDO MAIA,109
FORTALEZA;94;900;PADRE ANDRADE;EEMTI MONSENHOR DOURADO;AVENIDA SARGENTO HERMÍNIO SAMPAIO 4600
MUCAMBO;79;243;MORRINHOS;ESCOLA RAIMUNDO FELIX DA PONTE;DISTRITO DE MORRINHOS, S/N
CANINDÉ;33;8;MONTE ;EMEF SÃO FRANCISCO;AV FRANCISCO CORDEIRO CAMPOS, 500
CAUCAIA;123;570;ARIANÓPOLIS (JUREMA);E.E.I.E.F. SEBASTIÃO BEZERRA DOS SANTOS;RUA SOLIMÕES, 361
MARACANAÚ;122;268;CÁGADO;CENTRO AGACIL CAMURCA;AV. PADRE JOSE HOLANDA DO VALE, 931
MISSÃO VELHA;16;118;ZONA RURAL;EEF SEBASTIAO PEDRO DE ARAUJO;DISTRITO DO QUIMAMI
QUIXERAMOBIM;11;53;DAMIAO CARNEIRO;ESCOLA JOAO DE ARAUJO CARNEIRO;CANAFISTULA
MAURITI;76;139;BELA VISTA;CRECHE MUNDO ENCANTADO;AV. DR. FERNANDO TELES CARTAXO, S/N
SANTANA DO CARIRI;53;42;CENTRO;CREI MARIA LUIZA DE SOUSA;RUA DR. JOSE AUGUSTO, 508
QUIXADÁ;6;168;PUTIÚ;EEF NEMÉSIO BEZERRA;AV. PRESIDENTE VARGAS, 453
TRAIRI;97;184;RUA DA PALHA - VILA SÃO JOSÉ;CEI ARCOIRIS;RUA DA PALHA/ VILA SÃO JOSE
JAGUARUANA;75;114;COHAB;POLO DE ATENDIMENTO RAIMUNDA AMELIA DA SILVA;AV JOSE CLAUDIO DE MELO S/N
SOBRAL;24;648;CAMPO DOS VELHOS;EEM PROF. LUIS FELIPE;RUA CEL JOSE SILVESTRE, 760
VÁRZEA ALEGRE;62;262;RIACHINHO;CRECHE ANTONIO PEDRO DA SILVA;RUA LIDIO DUARTE, 291
AQUIRAZ;66;349;PORTO DAS DUNAS;EMEF MARIA FACANHA DE SÁ;RUA VIA COLETORA - LITORANEA II  N 2435
AQUIRAZ;66;346;TAPERA;EEB RAIMUNDO TOMAZ;RUA JOSE CARLOS GADELHA S/N
ASSARÉ;18;109;PARQUE DE VAQUEJADA;ESCOLA DE EDUCACAO INFANTIL E ENSINO FUNDAMENTAL MARIA ISABEL;AVENIDA DEP. MANOEL GONCALVES, S/N
PARACURU;109;47;CAMPO DE AVIAÇÃO;E. E. M. T. I. PROFESSORA MARIA LUIZA SABOIA RIBEIRO;AVENIDA ANTONIO SALES
MARANGUAPE;4;553;OUTRA BANDA - MARANGUAPE;CEI DEPUTADO JOSÉ MÁRIO MOTA BARBOSA;RUA DA PRAÇA, S/N
FORTALEZA;95;170;PARQUE SANTA MARIA;EEMTI POETA OTACILIO COLARES;RUA JORGE DA VEIGA, 265
PACAJUS;49;376;CENTRO;EEF ARACY GONZAGA DA SILVA;RUA CORONEL CICERO NOGUEIRA DE QUEIROZ 827
FORTALEZA;80;143;TAUAPE;COLÉGIO MONSENHOR JOVINIANO BARRETO - INFANTIL;RUA FREI VIDAL, 1680
MORADA NOVA;47;220;BOA AGUA;EEB MANUEL FERNANDES SABOIA;QUIXELO
MORADA NOVA;47;227;ARUARU;EEB BENEVENUTO LINO DO NASCIMENTO;RUA DE FATIMA S/N PATOS
MORRINHOS;44;129;BOM PRINCIPIO;EMEF ZÓZIMO MARINHO DE ANDRADE;CE 319 KM 6 BOM PRINCIPIO
FORTALEZA;117;220;CONJUNTO ESPERANÇA;EEFM PROFA ADELIA BRASIL FEIJO;AV CONTORNO SUL, 1540
MISSÃO VELHA;16;38;SEDE;SECRETARIA DE TRABALHO E ASSISTÊNCIA SOCIAL (ANTIGO CSU);RUA PADRE CICERO, 204. CENTRO.
LIMOEIRO DO NORTE;29;129;ÁREA RURAL;EEF CESAR CALS NETO;SITIO SUCUPIRA
CASCAVEL;7;240;ESPAÇO NOBRE;CENTRO DE EDUCAÇÃO INFANTIL ANA MARCELO ANTUNES - CEIAMA;RUA RAIMUNDA FERREIRA ANGELO, 2304
BATURITÉ;5;83;MONDEGO-SEDE;EMEF NAÇÕES UNIDAS;RUA MAJOR PEDRO CATAO, SN
IRACEMA;86;81;DA PAZ;EEF ALBATIZA TAVARES DE OLIVEIRA GUERRA;RUA JOÃO TAVARES MAGALHÃES
PACAJUS;49;366;VILA DA MATA;EEF JOAO DE CASTRO E SILVA;RUA SEBASTIÃO PEDRO DA SILVA S/N
FORTALEZA;80;407;TAUAPE;COLÉGIO MONSENHOR JOVINIANO BARRETO - INFANTIL;RUA FREI VIDAL, 1680
SÃO BENEDITO;22;154;SITIO CARNAUBA;ASSOCIACAO COMUNITARIA CARNAUBA 1;SITIO CARNAUBA I
PACATUBA;57;174;CONJUNTO JEREISSATI II;EEF ANGELA COSTA CAMPOS;AV. XXV - SETOR H
PACATUBA;57;205;CONJUNTO JEREISSATI II;EEF ANGELA COSTA CAMPOS;AV. XXV - SETOR H
SOBRAL;24;86;PARQUE SILVANA;EEFI ANTONIO MENDES CARNEIRO;AVENIDA DR. JOSE EUCLIDES FERREIRA GOMES JUNIOR, S/N
IBIAPINA;73;62;SÍTIO SÃO JOSÉ;ESCOLA ADRIANO DE SOUSA GONCALVES;SÍTIO SÃO JOSÉ
FORTALEZA;85;100;ANTÔNIO BEZERRA;COLÉGIO AFONSO ANDRADE;RUA CEL MATOS DOURADO, 168
ALCÂNTARAS;24;559;SITIO SILVA;EEFI JOSE DAVID PORTELA;SITIO SILVA
FORTALEZA;114;197;PRESIDENTE KENNEDY;EM GABRIEL CAVALCANTE;QUADRA F 167 CONJUNTO CASTELO BRANCO
PARAIPABA;109;167;2ª ETAPA - SETOR G/H;EMEIF PAULO SILVA DOS SANTOS;SETOR G/H 2A ETAPA
FORTALEZA;1;578;CAIS DO PORTO;EMTI VEREADOR ALBERTO GOMES DE QUEIROZ;AV. ZEZÉ DIOGO, 782
INDEPENDÊNCIA;39;182;SANTA CLARA;E.E.F. SANTO ANTONIO;SANTA CLARA
MILAGRES;26;50;SITIO MORORO;POSTO DE SAUDE DO MORORO;SITIO MORORO
BARRO;92;29;IARA-DISTRITO;ESCOLA DE ENSINO BASICO DEP. ANTONIO LEITE TAVARES;BR 116 - KM 447
SOBRAL;24;310;JORDÃO;EEM DR JOSE EUCLIDES FERREIRA GOMES JUNIOR - JORDAO;RUA ONOFRE GOMES DE OLIVEIRA
CRATEÚS;20;115;CENTRO;CCI-CENTRO CEARENSE DE IDIOMAS;RUA SANTOS DUMONT, 237
CRATEÚS;20;215;MONTENEBO;ESCOLA DE CIDADANIA MARIA BEZERRA DE SOUSA;CABECA DA ONCA
FORTALEZA;3;401;ALDEOTA;COLÉGIO CHRISTUS (AV. BARÃO DE STUDART);RUA JOÃO CARVALHO, 630
TAUÁ;19;120;INHAMUNS;EMEF-FCO JULIAO DE SOUSA;LAGOA DO EUFRASINO
SOBRAL;121;134;CENTRO;COLEGIO FARIAS BRITO SOBRALENSE;PRACA QUIRINO RODRIGUES S/N
VIÇOSA DO CEARÁ;35;71;ZONA RURAL;E.E.F JOÃO EUCLIDES DE MORAIS;VILA JUA DOS VIEIRAS SN
HORIZONTE;78;79;CENTRO;EMEF PROFESSORA RAIMUNDA DUARTE TEIXEIRA ;AV EUDES XIMENES, 83 - CENTRO 
FORTALEZA;117;495;PARQUE SANTA ROSA;ESCOLA MUNICIPAL MARIETA GUEDES MARTINS;RUA JOSE GUEDES MARTINS 4701
FORTALEZA;2;120;GUAJERU;EEEP COMENDADOR MIGUEL GURGEL;RUA JOSE BAIMA, S/N
FORTALEZA;82;606;PIRAMBU;CENTRO DE EDUCAÇÃO INFANTIL (CEI) MARIA DALVA DOS SANTOS;RUA COSTA MATOS, S/N
ACOPIARA;60;85;TRUSSU;EEF RICARDO PEREIRA CAVALCANTE;TRUSSU
PACATUBA;57;186;CONJUNTO JEREISSATI II;EEIEF ANA ALBUQUERQUE;AVENIDA XVIII SETOR F S/N
REDENÇÃO;52;16;CENTRO (SEDE);ESCOLA PE. SARAIVA LEÃO (ANTIGA ESCOLA ADOLFO FERREIRA DE SOUSA);RUA SANTA RITA, N. 263
MARACANAÚ;122;273;JAÇANAÚ;EMEF JOAQUIM AGUIAR;RODOVIA 065 KM 09 9821
MARACANAÚ;104;122;PAJUÇARA;COLÉGIO 7 DE SETEMBRO (PAJUÇARA);RUA BEATRIZ CALIXTO, 305
FORTALEZA;1;869;MANUEL DIAS BRANCO;COLÉGIO CÍVICO MILITAR BATALHA DO RIACHUELO;R. E, 100 - MANUEL DIAS BRANCO
BEBERIBE;84;177;NOVO PLANALTO;ESCOLA MUNICIPAL IRANISE BESSA DE QUEIROZ;RUA JUVENAL COLACO 934
FORQUILHA;121;316;EDMUNDO RODRIGUES;EEFM ELZA GOERSCH;AV CRIANÇA DANTE VALERIO S/N CENTRO
CHORÓ;6;222;CAIÇARINHA;EEF TEODOSIO;TEODOSIO, S/N
CAUCAIA;123;470;PARQUE DAS NAÇÕES (JUREMA);E.E.I.E.F. MANUEL CAMILO;RUA BOGOTÁ, 119 -
PIQUET CARNEIRO;12;3;CENTRO;CÂMARA MUNICIPAL DE PIQUET CARNEIRO;RUA CÍCERO ALENCAR, 108
FORTALEZA;2;496;MESSEJANA;EEM LICEU DE MESSEJANA;AVENIDA WASHINGTON SOARES 7702
FORTALEZA;3;242;CENTRO;COLÉGIO ARI DE SÁ - PRÉ-VESTIBULAR - SEDE DUQUE DE CAXIAS;AV. DUQUE DE CAXIAS, 519
CAPISTRANO;105;174;ZONA RURAL;ESCOLA DE ENSINO FUNDAMENTAL RAIMUNDO ALVES CASSEMIRO;CARQUEIJA
PARACURU;109;211;PARACURU BEACH;E. E. E. P. PROFESSORA ABIGAIL SAMPAIO - ESCOLA TÉCNICA;AV. JOÃO LOPES MEIRELES
EUSÉBIO;88;143;COAÇU;COLÉGIO 7 DE SETEMBRO;RUA DANILO ARRUDA, S/N
CRATEÚS;20;152;SANTANA;ESCOLA DE CIDADANIA IMACULADA CONCEICAO;CORREDORES
MARANGUAPE;4;584;NOVO MARANGUAPE I (ÁREA VERDE) - MARANGUAPE;COLÉGIO OLÍMPICO;RUA JOANINHA VIEIRA, 176
BOA VIAGEM;63;139;CENTRO-SEDE;EEF PE ANTONIO CORREIA DE SA;RUA JOSE RANGEL DE ARAUJO 22
IGUATU;13;22;PLANALTO;ESCOLA DE ENS MEDIO AMELIA FIGUEIREDO DE LAVOR;RUA 13 DE MAIO SN
SÃO GONÇALO DO AMARANTE;36;308;CROATA-DISTRITO;ESCOLA DE ENSINO FUNDAMENTAL PORFIRIO DE ARAUJO;RUA VALDO UCHOA - CROATA
POTENGI;68;52;CENTRO;GRUPÃO - EEF ANTONIO DE FIGUEIREDO TAVEIRA - SEDE;RUA ALMINO ALENCAR S/N
UMARI;15;204;CENTRO - SEDE;ESCOLA DE ENSINO MÉDIO MONSENHOR MANOEL CARLOS DE MORAIS;RUA DOM QUINTINO 289
FORTALEZA;2;492;CAMBEBA;SECRETARIA DA EDUCACAO - CAMBEBA;AVENIDA MINISTRO JOSE AMERICO, SN
FORTALEZA;2;705;LAGOA REDONDA;EMEIF MOREIRA DA ROCHA;AV ODILON GUIMARAES, 3860
ACOPIARA;60;181;LUNA;EEF PEDRO JOSE DE QUEIROZ;SITIO MONTE BELO
BARREIRA;52;55;CENTRO;ESCOLA FRANCISCA AMÉLIA DA SILVA;AV MÃE SINFOROSA, SN
ITATIRA;33;465;DISTRITO DE LAGOA DO MATO;CERU - JOSÉ PAULO DE SOUSA;AV. ZEZE JUCA N 1789
CRATO;27;25;PIMENTA;URCA - UNIVERSIDADE REGIONAL DO CARIRI;RUA CORONEL ANTÔNIO LUIZ, 1161
MARTINÓPOLE;25;111;CONJUNTO BENEDITO BARROS;E.E.M.T.I. PREF. DÁRIO CAMPOS FEIJÓ;RODOVIA CE, 362
MUCAMBO;79;219;CENTRO;E.E.I.F. RAFAEL CLAUDIO DE ARAUJO;RUA MONSENHOR MELO SN
SOBRAL;121;175;DOM EXPEDITO;EEFI PADRE OSVALDO CHAVES;RUA PROFESSOR ANTÔNIO FERREIRA PORTO225
GUARACIABA DO NORTE;74;35;DISTRITO;ESCOLA MUNICIPAL SILVESTRE MESQUITA (VÁRZEA DOS ESPINHOS);VARZEA DOS ESPINHOS
CAUCAIA;37;574;GARROTE;E.E.F. FAUSTO DARIO SALES;CE 085 KM 12 - FAZENDA GARROTE
UMIRIM;23;276;SAO JOAQUIM-DISTRITO;E.E.F. MANUEL FRANCISCO DE MOURA;MOREIRA
FORTALEZA;118;12;PARQUE DOIS IRMÃOS;EM SANTA TEREZINHA;RUA AFONSO LOPES, 1095
ARACATI;8;297;SÃO CHICO;ESCOLA DE 1 GRAU SÃO FRANCISCO;SÃO CHICO
PENTECOSTE;50;55;CENTRO;CÂMARA MUNICIPAL DE PENTECOSTE;RUA DOUTOR MOREIRA DE AZEVEDO, S/N
FORTALEZA;80;160;VILA UNIÃO;EEFM CEL PROF JOSÉ AURÉLIO CÂMARA;RUA JORGE ACURCIO, 655
FORTALEZA;80;438;AEROLÂNDIA;IGREJA MATRIZ DA AEROLÂNDIA - PARÓQUIA N. SRA DO SAGRADO CORAÇÃO;RUA ASPIRANTE MENDES, 540
SANTANA DO ACARAÚ;44;91;CHORA;EEF FRANCISCO MARQUES DA ROCHA;CHORA
FORTALEZA;113;227;RODOLFO TEÓFILO;COLÉGIO MANUELITO AZEVEDO;RUA TIRADENTES, 483
MORADA NOVA;47;168;JUAZEIRO;EEB JOSÉ EDUARDO FILHO;LAGOA DAS CARNAUBAS
FORTALEZA;82;643;SÃO GERARDO;SECRETARIA DO DESENVOLVIMENTO AGRÁRIO (SDA) DO ESTADO DO CEARÁ;AV. BEZERRA DE MENEZES, 1820
SOBRAL;24;255;PEDRA DE FOGO;ANEXO JOSE FRANCISCO DE ALBUQUERQUE (PEDRA DE FOGO);PEDRA DE FOGO (AO LADO DO CLUBE DO AMOR)
FORTALEZA;1;944;VICENTE PINZON;CITS - CENTRO DE INCLUSÃO TECNOLÓGICO E SOCIAL;RUA DO ENTARDECER, 160
IGUATU;13;120;VILA CIDAO;CAMPUS MULTI-INSTITUCIONAL HUMBERTO TEIXEIRA (URCA/UECE/CENTEC);AV DÁRIO RABELO SN
LAVRAS DA MANGABEIRA;14;100;CENTRO - SEDE;EEMTI ALDA FERRER AUGUSTO DUTRA;RUA CORONEL JOAO AUGUSTO 454
SÃO GONÇALO DO AMARANTE;36;279;ARAPIXI;ESCOLA DE ENSINO MÉDIO WALDEMAR ALCANTARA;RUA MAJOR JOÃO MARTINS
JUAZEIRO DO NORTE;119;156;JOAO CABRAL;ESCOLA IVA EMIDIO GONDIM;PIO NOROES SN
CRATO;27;175;NOVO HORIZONTE;ROTARY CLUBE DO CRATO;RUA ROTARY S/N, PARQUE FLORESTA
ITAPIPOCA;17;85;ARAPARI;EEB JOSE EDILSON DE SOUSA;ARAPARI
SOBRAL;24;473;ALTO DO CRISTO;EEMTI PREFEITO JOSE EUCLIDES F. GOMES JUNIOR-(ANTIGO CIRAO);AV. HUMBERTO LOPES
SOBRAL;24;534;PADRE PALHANO;EEFI PADRE PALHANO;RUA PADRE EDSON, S/N
UMIRIM;23;259;SAO JOAQUIM-DISTRITO;CENTRO DE REF. EM ASS. SOCIAL DE SÃO JOAQUIM - CRAS;AV. FELISBELA CAETANOS, S/N
PEREIRO;10;191;ZONA RURAL;POSTO DE SAÚDE MONSENHOR DIOMEDES;SÍTIO CHAPADA
CASCAVEL;7;135;PITOMBEIRAS;ESC.ENS.FUND. JOÃO DE DEUS;RODOVIA BR 116, KM 80, MELANCIAS
HIDROLÂNDIA;54;5;CENTRO;E. M. E. F. ADAIL FREITAS MARINHO;RUA VEREADOR EXPEDITO PEREIRA DE SOUSA, 199
IGUATU;13;407;CAJAZEIRAS;ESCOLA DE ENS FUND JOAQUIM DE SOUSA PINTO;VILA CAJAZEIRAS
PEDRA BRANCA;59;39;SEDE;PSF TEODÓZIO GONZAGA DE OLIVEIRA;LAGOA VELHA
SÃO GONÇALO DO AMARANTE;36;94;UMARITUBA-DISTRITO;E. E. F. LEONICE ALCANTARA;UMARITUBA
CASCAVEL;7;103;SEDE;ESCOLINHA ABRAÇO FRATERNO;RUA TABELIAO JOSE MARCOS DE CASTRO S/N
SOBRAL;24;477;ALTO DA BRASÍLIA;EEFI RAIMUNDO PIMENTEL GOMES - CAIC;RUA PRINCESA ISABEL, S/N
MUCAMBO;79;218;CENTRO;E.E.I.F. RAFAEL CLAUDIO DE ARAUJO;RUA MONSENHOR MELO SN
JAGUARUANA;75;42;CENTRO;IFCE INSTITUTO FEDERAL DO CEARÁ;AV DR ANTÔNIO DA ROCHA FREITAS, 1566
TRAIRI;97;50;CANAA;GE PADRE RODOLFO FERREIRA DA CUNHA;CANAA
FORTALEZA;114;335;BARRA DO CEARÁ;EM DOIS DE DEZEMBRO;RUA ARAKEN, 860
CASCAVEL;7;246;CAPONGA;ESC.ENS.FUND. FLORENCIA DANTAS DE SOUSA;SITIO BURITIZAL
ITAPIPOCA;17;328;ÁREA RURAL DE ITAPIPOCA;EEB SEBASTIAO GABRIEL MARTINS;LAGOA DAS CARNAUBAS
CAMPOS SALES;38;92;DIST. DE MONTE CASTELO;E.E.I.F DR. CLOVES LOPES DOS REIS - DIST. DE MONTE CASTELO;RUA BOA VISTA, S/N
CRATEÚS;20;316;PLANALTO;EEMTI GOV. GONZAGA MOTA;RUA DR. JÚLIO LIMA, 2194
ITATIRA;33;233;ZONA RURAL;EMEF 13 DE MAIO;LOCALIDADE DE ALEGRE II
FORTALEZA;116;276;GRANJA LISBOA;EM JOAO MENDES DE ANDRADE;RUA B (CJ PALMARES), 1366
FORTALEZA;116;456;BONSUCESSO;EM ANTONIO DIOGO DE SIQUEIRA;RUA ANSELMO NOGUEIRA 655
FORTALEZA;83;469;DEMOCRITO ROCHA;ESCOLA MUNICIPAL JOSÉ BONIFÁCIO DE SOUSA;RUA PERNAMBUCO 600
JAGUARETAMA;72;44;VARZEA GRANDE;EMEF MARIA OLIVEIRA FREITAS DOS SANTOS;SITIO VARZEA GRANDE
AQUIRAZ;66;336;TAPERA;POSTO DE SAÚDE DA JUSSARA;RUA RAIMUNDA MORAIS, S/N
FORTALEZA;115;448;MANOEL SÁTIRO;EM MARIA VIVIANE BENEVIDES GOUVEIA;RUA CREUZA ROQUE 247
SANTA QUITÉRIA;54;100;DISTRITO DE LISIEUX;E.E.F. DONA LIVRAMENTO ARAÚJO;DISTRITO DE LISIEUX
PEDRA BRANCA;59;138;SANTA MARIA;EEEP - ANTONIO RODRIGUES DE OLIVEIRA;AV. JOSE FRUTUOSO DA SILVA S/N
CHAVAL;108;28;DISTRITO PASSAGEM DOS VAZ;EEF MONSENHOR CARNEIRO;DISTRITO PASSAGEM DOS VAZ
BARBALHA;31;160;BURITI;ETI EDSON OLEGÁRIO DE SANTANA (BURITI);AV JOSÉ BERNARDINO KM 03, S/N (7.29593 S, 39.28003 W)
SÃO GONÇALO DO AMARANTE;36;39;PECEM-DISTRITO;ESCOLA DE ENSINO FUNDAMENTAL EUCLIDES PEREIRA GOMES;TRAVESSA MARCIONILIA SAMPAIO S/N
HORIZONTE;78;177;MANGUEIRAL;CEI - ADÍLIA FERREIRA LIMA;RUA ALEXANDRE JOCA, 572 - MANGUEIRAL
JAGUARIBE;10;87;VERTENTES;ESCOLA DO 1 GRAU JOSE DE ALENCAR;SITIO VERTENTES
PARAMBU;19;289;MONTE SION;ESCOLA AMÂNCIO SIQUEIRA ROSA;RUA DA PAZ, 49
SOBRAL;24;147;JUNCO;EEFI JOSE DA MATA E SILVA;AV DR JOSE ARIMATEA MONTE E SILVA, 574
FORTALEZA;93;165;MONDUBIM;EM JOAO HILDO DE CARVALHO FURTADO;RUA MIGUEL ARAGÃO, S/N ARACAPÉ
SOBRAL;121;74;CARACARÁ;ESCOLA ODETE BARROSO;PRACA DA MATRIZ S/N
CARNAUBAL;22;13;FAVEIRA;CEI ANTONIA DE PADUA COSTA MONTEIRO;FAVEIRA
FORTALEZA;85;377;CONJUNTO CEARÁ I;EEF JOSE MILITAO DE ALBUQUERQUE - UV-11-B;RUA MIL CENTO E QUARENTA E CINCO, 1 , 4A ETAPA
FORTALEZA;115;340;PARANGABA;SESI - PARANGABA;AVENIDA JOÃO PESSOA, 6754
TABULEIRO DO NORTE;91;9;CENTRO;CRECHE MARIA ANALIA DE LIMA;RUA MANOEL FRANKLIN,  4117
FORTALEZA;113;252;PARQUELÂNDIA;EEFM SANTO AFONSO;RUA GAL. BERNARDO FIGUEIREDO, 2670
CAUCAIA;37;578;PADRE ROMUALDO;E.E.F. AUGUSTO CESAR SILVA SALES;RUA 15 DE NOVEMBRO, 456
AURORA;69;69;ANGICOS DE CIMA-SITIO;E.E.I.F. TARCÍSIO GONÇALVES DE OLIVEIRA;CE 288 SITIO ANGICOS DE CIMA  S/N
JAGUARETAMA;72;71;CENTRO;EMEF 29 DE AGOSTO - PROFª MARIA ELIELZA PINHEIRO GUERRA;RUA TRISTAO GONCALVES 380
NOVA RUSSAS;48;62;MIGUEL ANTONIO;ESCOLA MUNICIPAL  FRANCISCO VIEIRA DA SILVA;DISTRITO DE MIGUEL ANTONIO,
IGUATU;13;358;VILA MOURA;ESCOLA DE ENSINO MEDIO LUCAS EMANUEL;RUA AMALIA BRASIL SN
CAUCAIA;123;460;ARATURI (JUREMA);E.E.I.E.F. MONSENHOR ANDRÉ VIANA CAMURÇA;RUA NW-5, 40
MARACANAÚ;104;49;TIMBÓ;EEMTI ADAHIL BARRETO CAVALCANTE;AVENIDA VEREADOR EDMILSON MARQUES, S/N
CRATEÚS;20;81;IBIAPABA;ESCOLA DE CIDADANIA DE IBIAPABA;IBIAPABA
CRATEÚS;20;303;CIDADE NOVA;CENTRO DE ATENCAO INTEGRAL A CRIANCA E AO ADOLESCENTE (CAIC);RUA DO CRUZEIRO, SN
IPAPORANGA;20;299;MULUNGU;ESCOLA DE ENSINO FUNDAMENTAL ANTONIO LOPES TEIXEIRA;MULUNGU
ACOPIARA;60;76;CENTRO;EEF PE JOAO ANTONIO;AV PAULINO FELIX, 214
CAUCAIA;123;464;ARATURI (JUREMA);E.E.I.E.F. MONSENHOR ANDRÉ VIANA CAMURÇA;RUA NW-5, 40
FORTALEZA;1;926;MANUEL DIAS BRANCO;COLÉGIO CÍVICO MILITAR BATALHA DO RIACHUELO;R. E, 100 - MANUEL DIAS BRANCO
SOBRAL;24;240;JORDÃO;EEFI JOSE INACIO GOMES PARENTE;RUA ONOFRE GOMES DE OLIVEIRA
LIMOEIRO DO NORTE;29;19;ANTÔNIO HOLANDA;IFCE - CENTRO DE REFERÊNCIA CIDADE ALTA;R. RAIMUNDO TOMÁS DE AQUINO, 2742
JUAZEIRO DO NORTE;119;190;NOVO JUAZEIRO;ESCOLA TARCILA CRUZ ALENCAR;CASTELO BRANCO 4451
PACATUBA;57;14;CENTRO;EEM CRISPIANA DE ALBUQUERQUE;RUA RAIMUNDO SIQUEIRA,1819
URUOCA;25;90;PARACUA;E.E.F. CEL DOMINGOS ALVES PEREIRA;R. JOÃO CARAPINA, 44
LAVRAS DA MANGABEIRA;14;39;IBOREPI - DISTRITO;EEF FRANCISCO ASSIS DE SOUZA;RUA RAIMUNDO RODRIGUES VIANA
PALMÁCIA;4;180;BASÍLIO;EEEP MARIA GISELDA COELHO TEIXEIRA;BASÍLIO
IGUATU;13;237;VARJOTA;ESCOLA DE ENS FUND LUIS VIEIRA DA MOTA;VILA DA VARJOTA
FORTALEZA;114;331;JARDIM IRACEMA;EM MARIA DALVA SEVERINO MARREIRO;RUA RIO PARAGUAI 782
SÃO GONÇALO DO AMARANTE;36;157;CENTRO;ESCOLA DE ENSINO MÉDIO EM TEMPO INTEGRAL ADELINO CUNHA ALCANTARA;RUA CORONEL NECO MARTINS 220 - SEDE
FORTALEZA;82;129;JACARECANGA;CENTRO DE EDUCAÇÃO INFANTIL (CEI) SECRETÁRIO PAULO PETROLA;TV. JACINTO MATOS, 906
CRATEÚS;20;197;FATIMA I;ASSOCIAÇÃO PESTALOZI DE CRATEÚS;RUA JOAO RIBEIRO LIMA 183
LIMOEIRO DO NORTE;29;286;BOM NOME;EEF VALDETRUDES EDITH HOLANDA;RUA ANTONIO RIBEIRO DE CASTRO, S/N
TABULEIRO DO NORTE;91;31;SITIO TAPUIO I;POSTO DE SAUDE DO SITIO TAPUIO I;SITIO TAPUIO  I
TABULEIRO DO NORTE;91;81;VILA MACENA;EEB CLIMÉRIO JOSINO MAIA - VILA MACENA;RUA JOAQUIM IZIDIO GADELHA, 5277
PACATUBA;57;314;CONJUNTO JEREISSATI II;C.E.I. JOSE RODRIGUES;TRAVAESSA MARIA DAS DORES, S/N
PACATUBA;57;329;PAVUNA;CENTRO DE EDUCACAO RURAL CLOVIS DE CASTRO PEREIRA;RUA CLOVIS DE CASTRO PEREIRA 235
GENERAL SAMPAIO;50;203;ZONA RURAL;EMEF MANOEL JUSTINO - ANEXO(LAGOA DO MEIO);PEDRA D'AGUA
VIÇOSA DO CEARÁ;35;103;CENTRO;E.E.M DEPUTADO MANOEL RODRIGUES;RUA PROFESSOR JOÃO VIANA, S/N
SOBRAL;24;499;JOSÉ EUCLIDES;CENTRO DE CIÊNCIAS HUMANAS - CCH - UVA;AV. JOHN SANFORD, 1845
QUITERIANÓPOLIS;99;95;ZONA RURAL;EEIF JOSÉ DOMINGOS DA SILVA;BEZOURO
DEPUTADO IRAPUAN PINHEIRO;55;53;CENTRO;EEM JOAQUIM JOSUE DA COSTA;RUA OLGA DE SOUZA, 80
SOBRAL;121;123;CENTRO;COLEGIO FARIAS BRITO SOBRALENSE;PRACA QUIRINO RODRIGUES S/N
BELA CRUZ;96;3;CENTRO-SEDE;EMEF MONS. ODÉCIO;RUA CORONEL DUCA, 704
JUAZEIRO DO NORTE;119;50;PREFEITO CARLOS ALBERTO DA CRUZ;ESCOLA ZILA BELEM;FRANCISCO VICENTE SILVA CAVALCANTE SN
FORTALEZA;113;74;CENTRO;COLÉGIO LOURENÇO FILHO;RUA BARÃO DO RIO BRANCO, 2101
FORTALEZA;80;113;ALTO DA BALANÇA;EEM YOLANDA QUEIROZ;AV. GAL. MURILO BORGES, 864
CANINDÉ;33;468;ZONA RURAL;EMEF FRANCISCO JOSE;RUA FRANCISCO JOSE, S/N CAIÇARA
CAUCAIA;123;289;PARQUE GUADALAJARA (JUREMA);E.E.I.E.F. DANILO DALMO DA ROCHA CORRÊA;RUA ACAPULCO, 1805 - PARQUE POTIRA II
CAUCAIA;123;447;PARQUE GUADALAJARA (JUREMA);COLÉGIO PLENO DO CEARÁ - CPC;RUA PADRE ALFREDO NESI, 363 (ANTIGA RUA CAMPECHE )
CHAVAL;108;81;CRUZEIRO;POSTO DE SAÚDE - PSF VI - CRUZEIRO;RUA ANATÓLIO THIERS CARNEIRO, S/N
FORTALEZA;94;336;JARDIM GUANABARA;CMES PROF JOSE REBOUCAS MACAMBIRA;RUA CARIÚS 200
FORTALEZA;112;523;ENGENHEIRO LUCIANO CAVALCANTE;CENTRO UNIVERSITÁRIO 7 DE SETEMBRO - UNI 7 (FA7);AV. ALMIRANTE MAXIMINIANO DA FONSECA, 1395
IPU;21;109;DISTRITO;E.M.E.F. SERAFIM FILOMENO DO NASCIMENTO;OLHO D'ÁGUA DOS FACUNDES
ITATIRA;33;152;ZONA RURAL;EMEF JOSE PEREIRA;LOCALIDADE DE BANDEIRA NOVA
FORTALEZA;115;445;MANOEL SÁTIRO;EM MARIA VIVIANE BENEVIDES GOUVEIA;RUA CREUZA ROQUE 247
ASSARÉ;18;98;JOSE DODO;CRECHE PADRE MANOEL ALVES FEITOSA;RUA SAGRADA FAMILIA 140
MORADA NOVA;47;23;CENTRO;EEMTI EGIDIA CAVALCANTE CHAGAS;AV MANOEL CASTRO, 473
FORTALEZA;94;917;VILA VELHA;EMEIF FRANCISCO EDILSON PINHEIRO;RUA N, 35
EUSÉBIO;88;214;CENTRO;ESCOLA PROFISSIONALIZANTE EUSEBIO DE QUEIROZ;RUA MARIA TEIXEIRA JOCA, SN
ARNEIROZ;101;46;SANTA LUZIA;EEFM MARIA DOLORES PETROLA;RUA RAIMUNDO NONATO DE ARAÚJO, S/N
BREJO SANTO;70;198;BARAUNA-SEDE;UBS EXPEDITO LINO;SITIO BARAUNAS
PARAMBU;19;329;BRASILIA;ESCOLA JOAO DE SOUSA LEMOS;AVENIDA LUIS GONZAGA FREIRE - BRASÍLIA
SÃO GONÇALO DO AMARANTE;36;213;RIACHO DOS GOMES;POSTO DE SAÚDE DO RIACHO DOS GOMES;RIACHO DOS GOMES
IRAUÇUBA;41;12;CENTRO-SEDE;CENTRO EDUCACIONAL PROFESSOR ANTONIO BARBOSA BRAGA;LUCAS BATISTA DA MOTA 135
ITAPAJÉ;41;287;SANTA RITA-SEDE;ESCOLA PREFEITO LUIS FORTE DA SILVA;RUA ALVARO BASTOS SN
PARAMBU;19;313;VILA NOVA;ESCOLA FRANCISCA CARVALHO NORONHA;RUA SÃO FRANCISCO, S/N
BARBALHA;31;100;DISTRITO ESTRELA;EEF SEBASTIÃO SANTIAGO DA PAZ (ESTRELA);AV. JOÃO EVANGELISTA SAMPAIO, S/N (7.28266 S, 39.27629 W)
IGUATU;13;341;VILA BRASILIA;LICEU DE IGUATU DR JOSE GONDIM;RUA 25 DE MARCO S/N
SOBRAL;121;315;SALGADO DOS MACHADOS;PENITENCIARIA INDUSTRIAL REGIONAL DE SOBRAL - PIRS;ESTRADA SOBRAL/GROAÍRAS - RODOVIA MOESIO LOIOLA, S/N
CAUCAIA;120;406;PRIMAVERA;E.E.I.E.F. FRANCISCO ALVES DE PAIVA;RUA PRINCIPAL, S/N - BOQUEIRAO DOS CUNHAS
AQUIRAZ;66;185;PRAINHA;EMEF RITA PAULA;AV. DAMIÃO TAVARES  DE SOUSA, S/N
EUSÉBIO;88;162;PEDRAS;CEI MARIA TAVARES DE SOUSA;NOVA ASSUNCAO, S/N - PEDRAS
ITAPAJÉ;41;291;ESMERINO GOMES;ESCOLA MUNICIPAL PREF ROQUE SILVA MOTA;RUA OTAVIO PINTO DE MESQUITA
AQUIRAZ;66;162;JACUNDA;EMEF HENRIQUE GONCALVES DA JUSTA FILHO;RUA ANTONIO MELQUIADES LIMA S/N
NOVO ORIENTE;99;38;ZONA RURAL;EEIF FERNANDO COSTA;DISTRITO PALESTINA
FORTALEZA;116;57;BOM JARDIM;EM SANTOS DUMONT;RUA GERALDO BARBOSA 240
FORTALEZA;116;62;BOM JARDIM;EM CRESCER E APRENDER;RUA EDSON MARTINS, 642
FORTALEZA;116;325;GRANJA PORTUGAL;CAPS INFANTIL DA SECRETARIA EXECUTIVA REGIONAL V;RUA HUMBERTO LOMEU, 1105
MASSAPÊ;45;99;ZONA RURAL;EM CORIOLANO GOMES FROTA;DISTRITO DE CACIMBINHA
IPU;21;171;DISTRITO;E.M.E.F. JOAO DE PAULA BELEM;ENGENHO DOS BELEM
PEDRA BRANCA;59;7;SEDE;PSF LOCALIDADE MATA;MATA
FORTALEZA;118;636;PARQUE DOIS IRMÃOS;EM DOUTOR ABDENAGO DA ROCHA LIMA;RUA 114, 75 (CJ TUPAN MIRIM)
FORTALEZA;3;432;CENTRO;UNIARI - CENTRO UNIVERSITÁRIO ARI DE SÁ;AV. HERÁCLITO GRAÇA, 826
FORTALEZA;94;513;VILA VELHA;EMEIEF PROF JOSE PARSIFAL BARROSO;AV MAJOR ASSIS 1076
MAURITI;76;144;CENTRO;CENTRO VOCACIONAL TECNOLÓGICO;AV. SINVAL LACERDA, S/N
QUIXADÁ;6;2;CAMPO NOVO;EEF JOSÉ JEAN DA SILVA PEREIRA;RUA DA ESTRELA, 425
GRAÇA;79;146;CENTRO-SEDE;EEF PROF. MARIA DO AMPARO SOUSA;CONJ. HABITACIONAL 15 DE ABRIL
FORTALEZA;112;544;ENGENHEIRO LUCIANO CAVALCANTE;ESCOLA ESTADUAL DE EDUCAÇÃO PROFISSIONAL JAIME ALENCAR DE OLIVEIRA;AV ROGACIANO LEITE, 2285
FORTALEZA;82;62;ÁLVARO WEYNE;EM NOSSA SENHORA DO PERPÉTUO SOCORRO;RUA CÔNSUL GOUVEIA, 57
AQUIRAZ;66;98;CAMARA;EMEF JOAO PIRES CARDOSO;RUA ALDENORA CARDOSO SN
CARIRIAÇU;71;141;PALESTINA;CRAS MESTRE NECO;RUA PEDRO GOMES DE LIMA, SN
MASSAPÊ;45;7;CENTRO;EEFM WILEBALDO AGUIAR;RUA CEL MANOEL DIAS 250
AMONTADA;89;105;CENTRO;EEM RITA ESTELITA DOS SANTOS RODRIGUES;AV GAL ALÍPIO DOS SANTOS 1020
JAGUARUANA;75;41;CENTRO;IFCE INSTITUTO FEDERAL DO CEARÁ;AV DR ANTÔNIO DA ROCHA FREITAS, 1566
TAMBORIL;61;105;VILA SAO PEDRO;CEI PROFª LUISA SOUSA PAIVA;VILA SO PEDRO
MAURITI;76;121;UMBURANAS-DISTRITO;GRUPO ESCOLAR DO SÍTIO AÇUDE VELHO;SITIO AÇUDE VELHO
IPUEIRAS;40;14;LIVRAMENTO;ESCOLA DE ENSINO FUNDAMENTAL JOSÉ MARIANO DE MELO - LIVRAMENTO;LIVRAMENTO
JUAZEIRO DO NORTE;28;161;AREA RURAL DE JUAZEIRO DO NORTE;EMEIF MARIA DO SOCORRO CARDOSO;DIST. PADRE CÍCERO. PALMEIRINHA
QUIXERAMOBIM;11;180;URUQUE;ESCOLA TANIA APARECIDA CARNEIRO;CARAIBAS
FORTALEZA;113;86;JARDIM AMÉRICA;ESCOLA MUNICIPAL PROF. FILGUEIRAS LIMA;AV. DOS EXPEDICIONÁRIOS, 3910
TAMBORIL;61;54;CENTRO;EMTI 4 DE OUTUBRO;RUA VICENTE ALVES DO VALE SN
MORAÚJO;64;45;CENTRO;MORAÚJO - ESCOLA ESTADUAL HUET ARRUDA;TRAVESSA CECÍLIA FREIRE, S/N - CENTRO
MARACANAÚ;122;145;MUCUNA;EMEF MANOEL ROSEO LANDIM;RUA OSCAR FERREIRA DE BRITO, 161
CAMOCIM;32;228;ZONA RURAL;EEF FRANCISCO FELIX DE ARAUJO - PEREIROS;LOCALIDADE DE PEREIROS
BARBALHA;31;38;VILA ARAJARA;EEF ANTONIO COSTA SAMPAIO (VILA DO ARAJARA);RODOVIA CE-386, S/N, VILA DO ARAJARA (7.33853 S, 39.39163 W)
CANINDÉ;33;473;BONITO DISTRITO;EEM.FILHA DA LUTA PATATIVA DO ASSARÉ;ASSENTAMENTO SANTANA DA CAL
CARIDADE;111;86;CAMPOS BELOS;EEF SENADOR VIRGILIO TAVORA;BR 020 KM 348
VÁRZEA ALEGRE;62;25;BETÂNIA;EEP JOSÉ IRAN COSTA;RUA MUNDINHO PROTO, S/N
ORÓS;15;304;PALESTINA - DISTRITO;ASSOCIAÇÃO COMUNITÁRIA DO SÍTIO CIDADE;SÍTIO CIDADE
FORTALEZA;118;279;PASSARÉ;COLEGIO EXODUS;RUA DOUTOR EDUARDO DIAS, 156
FORTALEZA;116;212;GRANJA PORTUGAL;POSTO DE SAUDE DR JURANDIR PICANCO;RUA DUAS NACOES 605
FORTALEZA;83;589;HENRIQUE JORGE;ESCOLA MUNICIPAL JOSÉ SOBREIRA DE AMORIM;RUA ESTRADA DO PICI 1083
TAMBORIL;61;101;DISTRITO DE CURATIS;ESCOLA INDIGENA ALTO DA CATINGUEIRA;ALDEIA VIRAÇÃO
ARARIPE;68;30;DISTRITO VILA BREJINHO;ESCOLA LUIZ GUEDES ALCOFORADO - BREJINHO;RUA MARECHAL CASTELO BRANCO S/N
FORTALEZA;82;442;ÁLVARO WEYNE;ESCOLA MUNICIPAL PATATIVA DO ASSARÉ;RUA FREI TEOBALDO,646
FORTALEZA;80;242;TAUAPE;EEFM NOEL HUGNEN OLIVEIRA PAIVA;RUA MONSENHOR SALAZAR 279
MONSENHOR TABOSA;61;134;CENTRO;ESCOLA INDÍGENA DE MONSENHOR TABOSA;RUA SANTO ANTONIO 124
FRECHEIRINHA;81;275;CENTRO;ESCOLA DE ENSINO MÉDIO ANTONIO CUSTODIO;RUA TENENTE EUFRASIO, 133 - CENTRO
ITAPAJÉ;41;200;BARATEIRO;ESCOLA MUNICIPAL JOAO MARTINS TEIXEIRA;BR 222, KM 125
FORTALEZA;94;377;VILA VELHA;EM MANOEL RODRIGUES;RUA MARIA CLARA 1237
NOVA OLINDA;53;17;CRUZEIRO;EEF PADRE CRISTIANO COELHO;AV. JEREMIAS PEREIRA S/N
IPU;21;104;SEDE;EEMTI DELMIRO GOUVEIA;AV MILTON CARVALHO 1171 - CAIXA DAGUA
IBARETAMA;6;178;DISTRITO DE PEDRA E CAL;EMEIF ESTEVÃO DE SOUSA FREIRE;DISTRITO DE PEDRA E CAL
BARROQUINHA;108;96;CENTRO;POLO DE CONVIVÊNCIA SOCIAL VICENTE VERAS - PROARES;RUA AUGUSTA VERAS, S/N
FORTALEZA;113;180;BENFICA;FACULDADE DE PSICOLOGIA DA UFC;AV. DA UNIVERSIDADE, 2762
FORTALEZA;113;289;FARIAS BRITO;EEFM DR.CÉSAR CALS;AV. DOMINGOS OLIMPIO, 1800
PACOTI;5;183;COLINA-DISTRITO;CRECHE CAMINHOS DO SABER (COLINA);DISTRITO DE COLINA
FORTALEZA;113;55;JOSÉ BONIFÁCIO;COLÉGIO FARIAS BRITO;RUA SENADOR POMPEU, 2607
FORTALEZA;93;181;MONDUBIM;EEFM ESTADO DO MARANHAO;RUA CARLOS PIMENTA,506
MORADA NOVA;47;45;CENTRO;CEBCJEC -CENTRO DE EDUCAÇÃO BÁSICA CORONEL JOSÉ EPIFÂNIO DAS CHAGAS;AV MANOEL CASTRO, 600
MARANGUAPE;4;39;ITAPEBUSSU;EEMTI ANTÔNIO MARQUES DE ABREU;RUA MANUEL GUEDES MARTINS, 1076.
FORTALEZA;82;238;PIRAMBU;CENTRO EDUCACIONAL DOM HÉLIO CAMPOS;RUA SÃO RAIMUNDO, 199
FORTALEZA;82;59;ÁLVARO WEYNE;EM NOSSA SENHORA DO PERPÉTUO SOCORRO;RUA CÔNSUL GOUVEIA, 57
FORTALEZA;82;227;PIRAMBU;CENTRO EDUCACIONAL MOEMA TÁVORA;RUA MARCÍLIO DIAS, 485
CAUCAIA;37;613;PADRE ROMUALDO;E.E.F. AUGUSTO CESAR SILVA SALES;RUA 15 DE NOVEMBRO, 456
LIMOEIRO DO NORTE;29;17;CENTRO;ESCOLA NORMAL DE LIMOEIRO;AV DOM AURELIANO MATOS 1759
BARBALHA;31;6;VILA DO CALDAS;EMEIF BOM JESUS (VILA DO CALDAS);RUA DANIEL CORDEIRO NEVES, S/N - PRAÇA PE.CARLOS
JUAZEIRO DO NORTE;119;238;NOVO JUAZEIRO;ESCOLA TIRADENTES;CASTELO BRANCO SN
INDEPENDÊNCIA;39;35;IAPI;E.E.F. SIMÃO JORGE SIRIANO;DISTRITO IAPI
PEDRA BRANCA;59;38;MINEIROLANDIA;ESCOLA DE ENSINO FUNDAMENTAL E MEDIO DE MINEIROLANDIA;AV OLAVO BILAC SN
PEDRA BRANCA;59;16;SANTA URSULA;EEFIT MARIA ALVES DE OLIVEIRA;AV SABINO VIEIRA CAVALCANTE, 320
SÃO JOÃO DO JAGUARIBE;91;135;MUNDIAL;EEF MILTON CHAVES E SILVA - MUNDIAL;BR 116 KM 218
ICAPUÍ;8;331;VILA DO INCRA;CENTRO COMUNITÁRIO DO INCRA;VILA DO INCRA - ICAPUÍ /CE
FORTALEZA;85;286;ANTÔNIO BEZERRA;EMEIF GERARDO MILTON DE SA;RUA VALE COSTA S/N
FORTALEZA;85;206;GENIBAÚ;ESCOLA MUNICIPAL PROF AMERICO BARREIRA;RUA RICARDO PONTES 529
BREJO SANTO;70;421;POCO DO PAU-DISTRITO;CEI MARIA MARTINS DE SOUSA;VILA VASSOURAS
BEBERIBE;84;56;SUCATINGA;ESCOLA DE MUNICIPAL JOSE FRANCISCO DAS CHAGAS;LAGOA FUNDA
RERIUTABA;79;16;CAMPO LINDO;E.E.I.F. ANTÔNIO ALVES DE SOUSA;POVOADO DE CAMPO LINDO - ZONA RURAL
OCARA;67;251;SERENO DE CIMA-DISTRITO;ESCOLA MUNICIPAL RAIMUNDO FACO - ENSINO FUNDAMENTAL;ESTRADA DO ALGODAO KM 31 - CORREGO DO FACO
AMONTADA;89;102;CENTRO;EEM RITA ESTELITA DOS SANTOS RODRIGUES;AV GAL ALÍPIO DOS SANTOS 1020
FORTALEZA;94;38;ANTÔNIO BEZERRA;EMTI JOSÉ CARLOS DE OLIVEIRA NETO;R. SAO VICENTE DE PAULO, 170
QUIXADÁ;6;106;SÃO JOÃO DOS QUEIROZ;EEF JOÃO GONÇALVES DA ROCHA;SÃO JOÃO DOS QUEIROZ, S/N
FORTALEZA;85;253;ANTÔNIO BEZERRA;EEF PATRONATO DA SAGRADA FAMILIA;RUA MARTINS NETO 379
JIJOCA DE JERICOACOARA;30;430;ZONA RURAL;ESCOLA DONA JOAQUINA TEIXEIRA;MANGUE SECO
QUIXADÁ;6;170;TAPUIARA;ASSOCIAÇÃO DOS MORADORES DO NOVO CONTRATO;NOVO CONTRATO, S/N
CATUNDA;54;174;POVOADO CATUANA;ESCOLA MUNICIPAL PADRE ARAGÃO;POVOADO DE CATUANA
MASSAPÊ;45;127;ZONA RURAL;CRECHE MONSENHOR LINHARES;LOCALIDADE MUMBABA DE CIMA
MARANGUAPE;4;77;TANQUES;EMEIEF DR. CÉSAR CAMPELO;RUA JOÃO DE HOLANDA CAVALCANTE
ARARIPE;68;77;CENTRO;ESCOLA ESTADUAL DONA CARLOTA TÁVORA - SEDE;RUA ANTONIO NUNES DE ALENCAR, 326
MERUOCA;24;595;Almas;EEF - DEPUTADO MANOEL RODRIGUES;SITIO SAO JOAO DAS ALMAS
BREJO SANTO;70;201;SAO FELIPE-DISTRITO;ESCOLA MUNICIPAL JOAQUIM TAVARES DE LUNA;VILA OLHO DAGUA
FORTALEZA;112;530;JARDIM DAS OLIVEIRAS;INSTITUTO DE ASSISTÊNCIA E PROTEÇÃO SOCIAL - IAPS;RUA BARRA NOVA, N 1.000, CONJ. TANCREDO NEVES
CANINDÉ;33;88;CENTRO;CREDE 7 - CENTRO REGIONAL DE DESENVOLVIMENTO DA EDUCAÇÃO;RUA TABELIÃO FACUNDO, 236 (PRAÇA DO LEÃO)
VÁRZEA ALEGRE;62;63;CALABAÇA-SEDE DO DISTRITO;EEF VEREADOR JOSÉ PRIMO DE MORAIS;VILA EXTREMA
CATARINA;60;237;SEDE;EEF MARIA FEITOSA ARRAIS;VEADOS
FORTALEZA;113;165;BOM FUTURO;ESC. PROFISSIONAL PE. JOÃO PIAMARTA;RUA PADRE JOÃO PIAMARTA, 161
CHOROZINHO;49;234;LAGOA DE PEDRA;PROG DE SAUDE DA FAM - PSF LAGOA DE PEDRAS (ANT JOSE GOMES DOS SANTOS);LOCALIDADE DE PEDRAS
FORTALEZA;80;161;VILA UNIÃO;EEFM CEL PROF JOSÉ AURÉLIO CÂMARA;RUA JORGE ACURCIO, 655
QUITERIANÓPOLIS;99;110;ZONA RURAL;EEIF ANTONIO BATISTA LIMA;POMBO
FORTALEZA;83;547;JOÃO XXIII;CENTRO DE FORMAÇÃO E DESENV. PARA PROFISSIONAIS DA EDUCAÇÃO - FORMACE;RUA PORTO VELHO, 401
BARREIRA;52;112;CAJUEIRO;ESCOLA DOMINGO RODRIGUES PEREIRA;OLHO D'ÁGUA
AQUIRAZ;66;172;TAPERA;EMEF PLACIDO CASTELO;RUA ASSIS BENTO DE FREITAS, 970 - BARRINHA
MONSENHOR TABOSA;61;156;CENTRO;E.M.E.F.T.I LUIZ LEITAO;AVENIDA PESSOA PIRES  2
MARACANAÚ;122;288;OLHO D' AGUA;EMEF JOSE MARIO BARBOSA;RUA GABRIEL FERREIRA DE SOUSA, 850
NOVA OLINDA;53;121;CENTRO;EMEF AVELINO FEITOSA;AV. PERIMETRAL SUL, 576
FORTALEZA;112;560;ENGENHEIRO LUCIANO CAVALCANTE;CENTRO UNIVERSITÁRIO 7 DE SETEMBRO - UNI 7 (FA7);AV. ALMIRANTE MAXIMINIANO DA FONSECA, 1395
BATURITÉ;5;11;CENTRO-SEDE;EMEF DOMINGOS SAVIO;AV DOM BOSCO, 393
SANTA QUITÉRIA;54;122;PRIMAVERA;E. E. F. LUIZ DERMEVAL DE ANDRADE;BAIRRO PRIMAVERA BOTA FOGO
QUIXADÁ;6;44;ALTO SÃO FRANCISCO;EEMTI GOVERNADOR CÉSAR CALS DE OLIVEIRA FILHO;AV. JUSCELINO KUBITSCHEK, 385
FORTALEZA;115;473;VILA PERI;EEM PROF. HERMENEGILDO FIRMEZA;RUA GABRIEL FIUZA 360
FORTALEZA;115;327;ITAPERI;EM PROJETO NASCENTE;RUA CAMPO MAIOR, S/N
FORTALEZA;85;179;AUTRAN NUNES;EMTI MARIA DA HORA;RUA RAIMUNDO RIBEIRO, S/N
FORQUILHA;121;188;CENTRO;EEF DEP JOSE PARENTE PRADO(CENTRO SOCIAL);R MOCINHA VIANA 96
ORÓS;15;295;PALESTINA - DISTRITO;E.E.F. MANOEL LEITE BARBOSA;RUA 07 DE SETEMBRO, S/N
FORTALEZA;118;557;MONDUBIM;EM PROFESSOR JACINTO BOTELHO;RUA DR. RODRIGO CODES SANDOVAL, 374
BARROQUINHA;108;52;CENTRO;EEF CARMELITA VERAS DE PAULA;RUA AMBROZINA FÉLIX, 443
CARIRIAÇU;71;13;CONJUNTO SANTO ANTONIO;EEF RAIMUNDO BEZERRA LIMA;RUA CLEMENTE FERREIRA BORGES S/N
FORTALEZA;117;274;BOM JARDIM;EMEIF PROF. EDILSON BRASIL SOAREZ;RUA LOCAL 11 - CJ. TATUMUNDE
FORTALEZA;94;664;VILA VELHA;EEM LICEU VILA VELHA;AV. L, 840
FORTALEZA;85;178;AUTRAN NUNES;EMTI MARIA DA HORA;RUA RAIMUNDO RIBEIRO, S/N
FORQUILHA;121;206;CENTRO;EEF ANTONIO JOSE DE LOIOLA FILHO;RUA MONSENHOR DOMINGOS, S/N
RUSSAS;9;57;CENTRO;COLEGIO ESTADUAL GOVERNADOR FLAVIO MARCILIO;AV DOM LINO 725
MARACANAÚ;122;81;INDUSTRIAL;EMEIEF CORONEL ADAUTO BEZERRA (ANTIGO WALMIKI);AV. CONTORNO SUL, S/N
FORTALEZA;80;141;DIONISIO TORRES;EEFM JOAQUIM ANTÔNIO ALBANO;RUA JULIO SIQUEIRA 390
FORTALEZA;117;158;MANOEL SÁTIRO;EEF JOSE AYRTON TEIXEIRA;RUA ALFREDO MAMEDE SN
BARBALHA;31;102;CENTRO;EEM ADAUTO BEZERRA;RUA MAJOR SAMPAIO, 75
MORADA NOVA;47;17;CENTRO;CENTRO EDUCACIONAL MONSENHOR TABOSA;AV. MANOEL CASTRO, 440
GRAÇA;79;160;SITIO EXTREMAS DE SANTA LUZIA;ESCOLA SANTA LUZIA;SITIO EXTREMAS DE SANTA LUZIA
MARACANAÚ;122;47;ALTO DA MANGUEIRA;EEF ALBANIZA ROCHA SARASATE;TRAVESSA ANTONIO JUSTA S/N
MARANGUAPE;4;61;CENTRO - MARANGUAPE;CEJA MANOEL SEVERO BARBOSA;RUA RAIMUNDO HERBSTER, 230
JUAZEIRO DO NORTE;28;275;FRANCISCANOS;ECIM DOUTOR EDVAR TEIXEIRA FERRER;DOM PEDRO II 1643
TABULEIRO DO NORTE;91;97;VILA MACENA;EEB CLIMÉRIO JOSINO MAIA - VILA MACENA;RUA JOAQUIM IZIDIO GADELHA, 5277
JAGUARIBE;10;37;CRUZEIRO;ESCOLA DE ENSINO FUNDAMENTAL E MEDIO CORNELIO DIOGENES;BR 116 KM 300
JAGUARIBE;10;11;CENTRO;COLEGIO CARMELA DUTRA;AV OITO DE NOVEMBRO 1087
IBIAPINA;73;10;PRAÇA DO ESTÁDIO;ESCOLA MARIA SOFIA MATOS;RUA VEREADOR MANUEL RODRIGUES, S/N
QUITERIANÓPOLIS;99;92;CENTRO;EEF CÍCERO RODRIGUES BEZERRA;AV LAURINDO GOMES  SN
SÃO JOÃO DO JAGUARIBE;91;141;CENTRO;EEF FRANCISCO GUERREIRO CHAVES;RUA CANDIDO CHAVES S/N
BREJO SANTO;70;17;ARAUJÃO;UNIVERSIDADE FEDERAL DO CARIRI - UFCA;RUA OLEGÁRIO EMÍDIO DE ARAÚJO, S/N
MARANGUAPE;4;542;NOVO MARANGUAPE I (ÁREA VERDE) - MARANGUAPE;EEFM CAIC SENADOR CARLOS JEREISSATI;RUA ANTONIO TEIXEIRA, S/N
PARACURU;109;95;SAO PEDRO;E. M. E. I. F. EZEQUIEL VICENTE DA COSTA;AV GERALDO CIRIACO, S/N
UBAJARA;73;93;MONTE CASTELO;IFCE - INSTITUTO FEDERAL DE EDUCAÇÃO, CIÊNCIA E TECNOLOGIA DO CEARÁ;RUA LUIZ CUNHA, 178
FORTALEZA;94;385;VILA VELHA;EMEF QUINTINO CUNHA;RUA MARIA CLARA 1263
JUAZEIRO DO NORTE;119;87;PIRAJA;ESCOLA MARIA AMELIA BEZERRA;AV CASTELO BRANCO SN
AMONTADA;89;100;CENTRO;EEM RITA ESTELITA DOS SANTOS RODRIGUES;AV GAL ALÍPIO DOS SANTOS 1020
IBARETAMA;6;115;DISTRITO DE OITICICA;EMEIF FRANCISCO JOSE DE FREITAS;DISTRITO DE OITICICA
QUIXADÁ;6;79;PLANALTO UNIVERSITÁRIO;EEF DEPUTADO FLÁVIO PORTELA MARCILIO;RUA JOSE DE QUEIROZ PESSOA, 2323
FORTALEZA;82;504;CRISTO REDENTOR;ESCOLA MUNICIPAL SEBASTIANA ALDIGUERI;AV. DOUTOR THEBERGE, 448
MARACANAÚ;104;313;PAJUÇARA;EMEF LUIZ GONZAGA DOS SANTOS;RUA PEDRO BATISTA, 110
AIUABA;101;36;BAIXA PINTADA;ESCOLA JOSE URBANO DE ARAUJO;SITIO BAIXA PINTADA SN
PINDORETAMA;7;38;CAPIM DE ROÇA;EMEB JOAQUIM NUNES VIEIRA;RUA JOAQUIM NUNES VIEIRA, 445
FORTALEZA;94;27;QUINTINO CUNHA;EEMTI MARIA JOSÉ SANTOS FERREIRA GOMES (CERE);RUA DONA LUCIA PINHEIRO, 93
TABULEIRO DO NORTE;91;63;GENIPAPEIRO;ASSOCIAÇÃO DOS MORADORES DO GENIPAPEIRO;SITIO GENIPAPEIRO
TABULEIRO DO NORTE;91;3;CENTRO;EEI RAQUEL MONTEIRO CHAVES;RUA ACELINO MAIA, 3873
ARARIPE;68;38;DISTRITO RIACHO GRANDE;ESCOLA MUNICIPAL DAVI CUSTÓDIO DE OLIVEIRA - RIACHO GRANDE;RUA SAO FRANCISCO S/N
FORTALEZA;94;905;JARDIM GUANABARA;EMEIF LORHAN MARQUES MEDEIROS;RUA CREUZA ROCHA, 255
ERERÉ;10;120;CENTRO;E.E.F.M. SENADOR FERNANDES TAVORA ( ESPECIAL );RUA CAPITAO FRANCISCO RODRIGUES, 574
FORTALEZA;80;372;FÁTIMA;INSTITUTO DE EDUCAÇÃO DO CEARÁ;RUA GRACILIANO RAMOS, 52
FRECHEIRINHA;81;247;CENTRO;CENTRO EDUCACIONAL RAIMUNDO PEREIRA;AVENIDA JOAQUIM PEREIRA 717 - CENTRO 
SANTA QUITÉRIA;54;128;ASSENTAMENTO SACO DO BELÉM;ESCOLA MUNICIPAL CORONEL ARTUR THEMÓTEO;ASSENTAMENTO SACO DO BELÉM
APUIARÉS;50;191;ZONA RURAL;EEF JOÃO HONÓRIO DE FREITAS;MASSAPÊ
BEBERIBE;84;111;CENTRO;ESCOLA MUNICIPAL DESEMBARGADOR PEDRO DE QUEIROZ;RUA JOSE BESSA 561
BREJO SANTO;70;26;CENTRO-SEDE;E E F M JOSÉ MATIAS SAMPAIO;RUA MANOEL INACIO BEZERRA 49
BANABUIÚ;6;432;PEDRAS BRANCAS;EEF JOSÉ ANTONIO DE OLIVEIRA;PEDRAS BRANCAS
FORTALEZA;117;191;CONJUNTO ESPERANÇA;EEFM IRAPUAN CAVALCANTE PINHEIRO;AV E 305
MAURITI;76;3;SERRINHA;CENTRO EDUCACIONAL DE MAURITI;RUA JOSÉ LEITE DA COSTA, 629
RUSSAS;9;133;SITIO CANTO;ESCOLA MUNICIPAL JOSE NICOLAU RODRIGUES LIMA;SITIO CANTO
FORTALEZA;94;783;VILA VELHA;EM CASTELO DE CASTRO;RUA 43 1531
MILAGRES;26;28;FREI DAMIÃO;ESCOLA MARIA LUCIA BELEM LEITE;RUA PEDRO FURTADO DE LACERDA 1149
JUAZEIRO DO NORTE;119;239;PIRAJA;ESCOLA MARIA AMELIA BEZERRA;AV CASTELO BRANCO SN
FORTALEZA;113;388;MONTESE;IMPARH;AV JOAO PESSOA, 5.609
IPU;21;96;DISTRITO;U.B.S. MANOEL FERREIRA DE SOUSA;MANUINO
FORTALEZA;82;253;PIRAMBU;CENTRO EDUCACIONAL DOM HÉLIO CAMPOS;RUA SÃO RAIMUNDO, 199
SANTA QUITÉRIA;54;124;PRIMAVERA;E. E. F. LUIZ DERMEVAL DE ANDRADE;BAIRRO PRIMAVERA BOTA FOGO
EUSÉBIO;88;234;JABUTI;EEM PROF. FRANCISCA LINHARES DE SOUSA;R. EDUARDO SÁ, S/N
SÃO BENEDITO;22;222;SITIO SANTOS REIS;EEF LOURIVAL BANHOS;SITIO SANTOS REIS
CAUCAIA;37;31;CURICACA;E.E.F. EDSON DA MOTA CORREA;ESTRADA VELHA DO ICARAI, KM 02
SANTANA DO ACARAÚ;44;31;CENTRO;CASA DE CULTURA ESCRIVAO ANTONIO RIOS;RUA VIGARIO THEOTIME 145
FORTALEZA;80;339;JOAQUIM TÁVORA;COLÉGIO ANTARES IRMÃ MARIA (ANTIGO IRMÃ MARIA MONTENEGRO);RUA PINHO PESSOA 681
IRAUÇUBA;41;204;MISSI;ESCOLA MUNICIPAL JOSEFA CLOTILDE TABOSA BRAGA;RUA ANARIO BRAGA SN
MERUOCA;24;589;Camilos;EEF - JOSE BARBALHO DO NASCIMENTO;RUA JOAO BATISTA DE ARAUJO, 170 - DISTRITO CAMILOS
FORTALEZA;83;127;HENRIQUE JORGE;EEMTI ANTONIETA SIQUEIRA;RUA GUARANI 04
ICÓ;15;8;CENTRO - SEDE;CENTRO UNIVERSITÁRIO VALE DO SALGADO;AV. MONSENHOR FROTA, 609
TRAIRI;97;31;CAMPESTRE;EEF JOVENINA MOREIRA DE OLIVEIRA;CAMPESTRE
MILAGRES;26;62;SITIO FRONTEIRO;ESCOLA CASTELO BRANCO;SITIO FRONTEIRO
FORTALEZA;112;42;JARDIM DAS OLIVEIRAS;CENTRO DE EDUCAÇÃO INFANTIL(CEI) MARIA DE LOURDES RIBEIRO JEREISSATI;RUA 1, 930 - CONJ. TANCREDO NEVES
UBAJARA;73;152;CHAPADA;ESCOLA LUIS ANTONIO DE AGUIAR;VILA CHAPADA - DISTRITO ARATICUM
JUAZEIRO DO NORTE;28;208;SAO MIGUEL;COLÉGIO OBJETIVO;RUA DOUTOR FLORO, 776
LIMOEIRO DO NORTE;29;150;ÁREA RURAL;EEF FRANCISCO DA SILVA LUZ;SITIO BONFIM
FORTALEZA;82;72;ÁLVARO WEYNE;COLÉGIO MANUEL DA SILVA (CARLITO PAMPLONA);RUA ASSIS BEZERRA, 25
IBARETAMA;6;132;DISTRITO DE PIRANGI;EMEIF JOSÉ GUSTAVO DE QUEIROZ;DISTRITO DE PIRANGI
MOMBAÇA;46;24;CARNAUBA;UNIDADE BÁSICA DE SAÚDE MANOEL AIRES TEIXEIRA;CARNAUBA
ASSARÉ;18;81;SERRA DE SANTANA;ESCOLA DE ENSINO MÉDIO PATATIVA DO ASSARÉ;SÍTIO BONITA
FORTALEZA;83;762;DEMOCRITO ROCHA;EEFM JOAQUIM ALVES;RUA ESTADO DO RIO 955
ACARAÚ;30;230;CENTRO;ESCOLA TOMAZ POMPEU DE SOUSA BRASIL;RUA JOSE JULIO LOUZADA 550
FORTALEZA;112;461;EDSON QUEIROZ;UNIVERSIDADE DE FORTALEZA - UNIFOR;AVENIDA WASHINGTON SOARES, 1321
FORTALEZA;118;632;PARQUE DOIS IRMÃOS;EM MANUEL LIMA SOARES;AVENIDA NORTE SUL, 145 (CJ JARDIM PRIMAVERA)
PARAMBU;19;323;NOVO ASSIS;ESCOLA PEDRO JOSÉ DA SILVA;CAMPO GRANDE
CATUNDA;54;111;CENTRO;E.E.F.M. MONSENHOR XIMENES;AVENIDA SETE DE SETEMBRO, SN.
SÃO BENEDITO;22;248;CRUZEIRO;EEMTI IZAIAS GONÇALVES DAMASCENO;AVENIDA SALMITO FERREIRA DE ALMEIDA 1150
IPU;21;21;SEDE;ESCOLA DE ENSINO MEDIO DEP MURILO ROCHA AGUIAR;AV MILTON CARVALHO 635 - CENTRO
PARAMBU;19;406;COCOCI;ESCOLA FRANCISCA EVELEIDE DE SOUSA;VILA ISABEL
JUAZEIRO DO NORTE;28;162;CENTRO;EEIF PADRE CICERO;MONSENHOR JOVINIANO BARRETO 116
QUIXELÔ;13;297;ÁREA RURAL DE QUIXELÔ;ESCOLA DE ENS FUND JOSE FRANCISCO;MUNDO NOVO-SITIO
MAURITI;76;77;BURITIZINHO-DISTRITO;CRECHE MAGIA;RUA MANOEL FELIPE, S/N - POVOADO DE SANTO ANTONIO DOS FELIPES
ACARAÚ;30;74;CENTRO;ESCOLA PROF. TERESA DE JESUS SILVA;RUA JOÃO JAIME FERREIRA GOMES, 457
MARCO;96;115;LOCALIDADE DE MOCAMBO;EEF MANUEL JAIME NEVES OSTERNO;RUA JOSE MENEZES, SN
CAUCAIA;37;200;GRILO;E.E.I.E.F. MARIA DAS DORES LIMA;RUA JOSE EMILIO DA ROCHA, 852 - PQ MALOUBER
CAUCAIA;37;516;TABAPUÁ;E.E.F.M. JOSÉ MARIA PONTES DA ROCHA;RUA 08, S/N - TABAPUÁ
TURURU;17;643;ESTAÇÃO;EMEF ANTONIO PIRES CHAVES;RUA ANTONIO PIRES 100
TIANGUÁ;81;200;LAURÃO;COLÉGIO SANTA MARIA;RUA ASSEMBLÉIA DE DEUS, 1070
FORTALEZA;117;209;CONJUNTO ESPERANÇA;EEFM PROFA ADALGISA BONFIM SOARES;AV. DO CANAL, S/N, ESQUINA COM RUA 103 - CONJUNTO ESPERANÇA
ITAPAJÉ;41;89;PADRE LIMA;E.E.M. MONSENHOR CATAO PORFIRIO SAMPAIO;RUA TEIXEIRA PINTO 136
FORTALEZA;113;153;BOM FUTURO;COLÉGIO MEDALHA MILAGROSA;RUA PADRE JOÃO PIAMARTA,  415
FORTALEZA;82;629;CRISTO REDENTOR;EM SANTA TEREZA;AV. MONSENHOR HÉLIO CAMPOS, 90
QUIXADÁ;6;456;CENTRO;CENTRO UNIVERSITÁRIO CATÓLICA DE QUIXADÁ - UNICATÓLICA;AVENIDA PLÁCIDO CASTELO, S/N
FORTALEZA;83;687;PICI;EEEP JÚLIA GIFFONI;RUA CORONEL MATOS DOURADO 1349
PACOTI;5;187;MACAPÁ;CRECHE ESPACO INFANTIL (MACAPA);SITIO MACAPA
IPAUMIRIM;92;117;CENTRO-SEDE;E.E.M.T.I. DOM FRANCISCO DE ASSIS PIRES;RUA VEREADOR HIGINO DINIZ, 110
ALTO SANTO;86;15;CASTANHAO;ESCOLA DE 1 GRAU LIRA MAIA HOLANDA;RUA AGAPITO FERREIRA MAIA 1
ICÓ;15;135;SEDE URBANA;ESCOLA MUNICIPAL MANOEL ANTONIO NUNES;RUA DO CRUZEIRO S/N
CHAVAL;108;26;DISTRITO CARNEIRO;EEF SÃO PEDRO;DISTRITO CARNEIRO
FORTALEZA;95;88;BARROSO;EEFM PADRE MARCELINO CHAMPAGNAT;RUA DAURA, 120
SÃO BENEDITO;22;102;SITIO PEDRA DE COCO II;EEF JOSE ANTONIO DE MELO;SITIO PEDRA DE COCO  II
MOMBAÇA;46;100;CENTRO;E. E. F. M. ANANIAS DO AMARAL VIEIRA;RUA CORONEL JOSÉ ADERALDO SN
CAPISTRANO;105;20;CENTRO;ESCOLA DE ENSINO FUNDAMENTAL FERNANDO CAVALCANTE MOTA;RUA JOSE SARAIVA SOBRINHO  S/N
FORTALEZA;116;195;GRANJA LISBOA;EM PROF LIREDA FACO;RUA TRES CORACOES 735
ICÓ;15;111;LAGOA DOS MILHOMENS - SITIO;ESCOLA MUNICIPAL JOSE ADELAIDE DE CARVALHO;SITIO LAGOA DOS MILHOMENS S/N
BARBALHA;31;74;DISTRITO ESTRELA;EEF SEBASTIÃO SANTIAGO DA PAZ (ESTRELA);AV. JOÃO EVANGELISTA SAMPAIO, S/N (7.28266 S, 39.27629 W)
COREAÚ;64;5;Centro;COREAÚ - SECRETARIA MUNICIPAL DE EDUCAÇÃO;AV. PREFEITO VILAR FONTENELE, 81- CENTRO
CAUCAIA;37;54;PARQUE SOLEDADE;COLEGIO JANUSA CORREA;RUA NOSSA SENHORA DOS PRAZERES, 238
CAUCAIA;37;17;GRILO;EEIEF NAIR MAGALHÃES GUERRA;RUA JOAQUIM BENTO CAVALCANTE, 500
QUIXERAMOBIM;11;241;PAUS BRANCO;ESCOLA FRANCISCO DE CASTRO CARDOSO;PAUS BRANCO
ARARIPE;68;9;CENTRO;ESCOLA NIURA MARIA DE ALENCAR - SEDE;RUA ANTONIO HENRIQUE DE LIMA, S/N
IPU;21;101;ZONA RURAL;UBS ANTONIA LOPES FERREIRA;ENGENHO DOS BELÉM
FORTALEZA;83;705;JÓQUEI CLUBE;ESCOLA PEQUENO PRINCIPE;RUA SILVEIRA FILHO, 825
ACARAÚ;30;344;CENTRO;EEEP MARTA MARIA GIFONNI DE SOUSA;CENTRO
PARAMBU;19;386;NOVO ASSIS;IGREJA ASSEMBLEIA DE DEUS (ANTIGA ESCOLA FRANCISCO BEZERRA);ÁGUAS BELAS
BATURITÉ;5;91;CONSELHEIRO ESTELITA-SEDE;SECRETARIA DO DESENVOLVIMENTO ECONÔMICO E SOCIAL - SEDES (ANTIGO CSU);AV FRANCISCO BRAGA FILHO, SN
BARRO;92;49;CENTRO-SEDE;ESCOLA DE ENSINO BASICO MAURO SAMPAIO;RUA MAJOR JANUARIO S/N
QUIXERAMOBIM;11;112;NENELANDIA;ESCOLA MARTINHO GUILHERME DE LIMA;LAGOA DO TEODOSIO
FORTALEZA;82;224;PIRAMBU;CENTRO EDUCACIONAL MOEMA TÁVORA;RUA MARCÍLIO DIAS, 485
BARROQUINHA;108;62;DISTRITO BITUPITÁ;EEF SANTA ADELAIDE;RUA DO COMERCIO S/N
AIUABA;101;19;FAZENDA NOVA;GRUPO ESCOLAR GUSTAVO DE CASTRO ALENCAR;POVOADO DE FAZENDA NOVA SN
MARANGUAPE;4;88;AMANARI;EMEIEF JOAQUIM LOPES DE ABREU;RUA PATRÍCIO DA PAIXÃO
FORTALEZA;82;223;MONTE CASTELO;EEMTI CLÁUDIO MARTINS;RUA DEMÓCRITO ROCHA, 400
BARRO;92;33;SERROTA-DISTRITO;ESCOLA DE 1 GRAU JOAO PEREIRA DA SILVA;SITIO ALEGRE
FORTALEZA;82;373;ELLERY;ESCOLA MUNICIPAL HONÓRIO BEZERRA;RUA CAPITÃO NESTOR GÓIS, 400
FORTALEZA;82;57;ÁLVARO WEYNE;EM NOSSA SENHORA DO PERPÉTUO SOCORRO;RUA CÔNSUL GOUVEIA, 57
SOBRAL;121;289;BONFIM;ESCOLA ELDA CAVALCANTE LIMA - BONFIM (TEMPO INTEGRAL);RODOVIA MOACIR LIMA FEIJAO
MILAGRES;26;40;SITIO FRONTEIRO;ESCOLA CASTELO BRANCO;SITIO FRONTEIRO
MORADA NOVA;47;122;ROLDAO;EEB JOAQUIM CHAGAS FILHO;TRAV. LUIS VIEIRA, S/N
IRACEMA;86;83;DA PAZ;EEF ALBATIZA TAVARES DE OLIVEIRA GUERRA;RUA JOÃO TAVARES MAGALHÃES
PACATUBA;57;326;QUANDU;EEIEF WALNEY DO CARMO LOPES;RUA GOVERNADOR FAUSTINO ALBUQUERQUE 15333
PACOTI;5;173;CENTRO-SEDE;INSTITUTO MARIA IMACULADA;RUA IRMA FERRAZ 518
CANINDÉ;33;23;SANTA LUZIA;EMEF SENADOR CARLOS JEREISSATI;RUA EUCLIDES BARROSO, 1048
MARANGUAPE;4;47;JUBAIA;EMEIEF MANOEL DOMINGOS FILHO;RUA CORONEL MANOEL DOMINGOS FILHO, S/N
OCARA;67;204;CURUPIRA-DISTRITO;ESCOLA MUNICIPAL JOAO EGIDIO DA COSTA - ENSINO FUNDAMENTAL;LAGOA DO VELHO
PENTECOSTE;50;72;CENTRO;EEFM TABELIÃO JOSÉ RIBEIRO GUIMARÃES;AVENIDA TABELIÃO FRANCISCO ALVES, 161
ARARENDÁ;48;74;CENTRO;E. E. F. M.  21 DE DEZEMBRO;RUA FRANCISCO FERRAZ, S/N
FORTALEZA;118;378;SERRINHA;EM MARCOS VALENTIM PEREIRA DE SOUSA;RUA FREIRE ALEMÃO,91
MASSAPÊ;45;45;ZONA RURAL;GEM DE MERUOQUINHA;POVOADO DE MERUOQUINHA
FORTALEZA;95;299;JANGURUSSU;EEEP MÁRIO ALENCAR;RUA VERDE 44, 97 (CJ. SÍTIO SÃO JOÃO)
SENADOR POMPEU;12;41;CENTRO;EEF GERALDO GONÇALVES DO NASCIMENTO JUNIOR;RUA PADRE LINO ADERALDO S/N
MORAÚJO;64;44;CENTRO;MORAÚJO - ESCOLA ESTADUAL HUET ARRUDA;TRAVESSA CECÍLIA FREIRE, S/N - CENTRO
MORADA NOVA;47;203;SAO JOSE;EEB PROFESSORA HILDA PONCIANO DE OLIVEIRA LIMA(ESCOLA MODELO);RUA RAIMUNDO CARNEIRO GIRÃO, 872
FORTALEZA;95;177;PARQUE SANTA MARIA;EEMTI POETA OTACILIO COLARES;RUA JORGE DA VEIGA, 265
JAGUARETAMA;72;28;CENTRO;EMEF 29 DE AGOSTO - PROFª MARIA ELIELZA PINHEIRO GUERRA;RUA TRISTAO GONCALVES 380
PACATUBA;57;273;CONJUNTO JEREISSATI II;EEIEF JOAO PAULO SAMPAIO DE MENEZES;RUA 74 SETOR G, 900
COREAÚ;64;35;Aroeiras;AROEIRAS - ESCOLA MUN. CORAÇÃO DE JESUS;RUA ANTONIO MONTEIRO DA COSTA, S/N - DISTRITO DE AROEIRAS, COREAÚ/CE
FORTALEZA;117;177;BOM JARDIM;COLÉGIO LUMEN;RUA SÃO FRANCISCO DO JARDIM, 396
FORTALEZA;93;100;MONDUBIM;CENTRO EDUCACIONAL BRAGA GUERRA;RUA D, N 414
CANINDÉ;33;51;ALTO GUARAMIRANGA;EMEF CORONEL ADAUTO BEZERRA;RUA IRMÃ MANUELA MAGALHÃES, S/N
FORTALEZA;94;831;VILA VELHA;EMTI DEPUTADO ROBERTO MESQUITA;R. BETA,  SN
JUAZEIRO DO NORTE;119;274;SANTA TEREZA;COLEGIO POLIVALENTE;JOSE MARROCOS SN
FORTALEZA;85;130;AUTRAN NUNES;EMEIF AUTRAN NUNES;RUA PROFESSOR VIRGILIO MORAIS SN
IPUEIRAS;40;20;MATRIZ DE SAO GONCALO;EEF FRANCISCO SOARES MOURÃO - MATRIZ DE SÃO GONÇALO;MATRIZ DE SÃO GONÇALO
FORTALEZA;1;387;VICENTE PINZON;ESCOLA ESTADUAL DEPUTADO MANOEL RODRIGUES;RUA OLIVEIRA FILHO, 1576
CRATEÚS;20;307;FATIMA I;ASSOCIAÇÃO PESTALOZI DE CRATEÚS;RUA JOAO RIBEIRO LIMA 183
MARACANAÚ;122;34;NOVO ORIENTE;EMEF MAESTRO ELEAZAR DE CARVALHO;AV. CENTRAL S/N
CRATO;27;267;OSSIAN ARARIPE;CRECHE AILZA GONÇALVES FELÍCIO;RUA JOSÉ HONOR DE BRITO, SN, PANTANAL
TRAIRI;97;55;CANAA;EEF JOSE FIRMINO DA CUNHA;CANAA
TRAIRI;97;157;MARRECAS;EEF MARIA DIAS DE SENA;MARRECAS
ARARENDÁ;48;181;BOM PRINCÍPIO;E. E. F. FRANCISCO RODRIGUES VERAS;LOCALIDADE DE BOM PRINCÍPIO
PENTECOSTE;50;109;PLANALTO;CEI VALDISIA BRAGA DE SOUSA;RUA JACA PARAÍBA, 500
PEDRA BRANCA;59;50;SANTA CRUZ DO BANABUIU;EEFTI SIMPLICIO RODRIGUES DE OLIVEIRA;RUA PROFESSORA LILI, 85, SANTA CRUZ
AURORA;69;11;SANTA VITORIA-DISTRITO;POSTO DE SAUDE (STA VITÓRIA);DISTRITO SANTA VITORIA  S/N
QUIXERÉ;29;254;AGUA FRIA;POSTO DE SAÚDE MARIA DE LOURDES FREITAS;BARREIRAS
RUSSAS;9;242;CENTRO;ESCOLA MUNICIPAL RAIMUNDO PELOPIDAS DE ARAUJO;TRAVESSA MATOSO S/N
IPU;21;38;SEDE;E.M.E.F. PROFA. MARIA VALDEMIRA COELHO MELLO;RUA FRANCISCO ELMIRO MARTINS 450 - CANUDOS
FORTALEZA;117;169;BOM JARDIM;EEFM JULIA ALVES PESSOA;RUA SÃO FRANCISCO SN
CANINDÉ;33;33;CAMPINAS;CENTRO DE EDUCAÇÃO INFANTIL ZILDA HOLANDA;CAMPINAS
CANINDÉ;33;208;ALTO GUARAMIRANGA;EEFM FREI POLICARPO;RUA JOAO BASTOS 2027
FORTALEZA;80;192;FÁTIMA;COLÉGIO NOSSA SENHORA DAS GRAÇAS;RUA MONSENHOR OTÁVIO DE CASTRO, 535
LAVRAS DA MANGABEIRA;14;10;CRUZEIRO;CENTRO DE EDUCAÇÃO INFANTIL MUNDO MÁGICO - CRECHE;RUA PETRONÍLIA DOS SANTOS, S/N - SEDE, CRUZEIRO
IRACEMA;86;81;DA PAZ;EEF ALBATIZA TAVARES DE OLIVEIRA GUERRA;RUA JOÃO TAVARES MAGALHÃES
CARIRIAÇU;71;97;CACHOEIRINHA;POSTO DE SAÚDE SEBASTIÃO BEZERRA DA SILVA;SÍTIO NOVO
CARIDADE;111;60;CAMPOS BELOS;EPG RODOLFO TEIXEIRA BARROS;RUA ANTONIO SABINO SN
CARIÚS;43;148;CENTRO-SEDE;EEFM ADAHIL BARRETO;PRACA DA REPUBLICA
FORTALEZA;112;126;ENGENHEIRO LUCIANO CAVALCANTE;ESCOLA DE ENSINO MÉDIO EM TEMPO INTEGRAL JOHNSON;RUA GONTRAN GIFFONI, 461
JUAZEIRO DO NORTE;28;384;FRANCISCANOS;COLÉGIO SÃO FRANCISCO DE ASSIS;NOSSA SENHORA DO CARMO SN
PACAJUS;49;62;ITAIPABA;CRECHE DEPUTADO JONAS CARLOS;ITAIPABA
CAUCAIA;123;515;NOVA METRÓPOLE (JUREMA);E.E.I.E.F. FRANCISCA ALVES DO AMARAL;AV. B, 442 - NOVA METRÓPOLE
FORTALEZA;116;476;BOM JARDIM;EM MANOEL MALVEIRA MAIA;RUA MANUEL GALDINO 2890
FORTALEZA;116;273;GRANJA PORTUGAL;EM REITOR ANTONIO MARTINS FILHO;RUA TEODORO DE CASTRO 1175
UBAJARA;73;136;CENTRO;SINDICATO DOS TRABALHADORES RURAIS;AV DOS CONSTITUINTES, 78
MARACANAÚ;104;265;PAJUÇARA;EMEIEF ANTÔNIO DE ALBUQUERQUE SOUSA FILHO;RUA SENADOR PETRÔNIO PORTELA, 145
EUSÉBIO;88;197;COAÇU;COLÉGIO 7 DE SETEMBRO;RUA DANILO ARRUDA, S/N
PENAFORTE;70;354;CENTRO-SEDE;ESCOLA DE EDUCACAO INFANTIL ENSINO FUND. FATIMA REGINA;RUA PADRE CICERO S/N
PENTECOSTE;50;61;ACAMPAMENTO;EMTI FRANCISCO SÁ;AVENIDA DR. JOSÉ DE BORBA VASCONCELOS, 672
RUSSAS;9;50;CENTRO;ESCOLA MUNICIPAL TIA BENILCE DE EDUC INFANTIL E ENSINO FUNDAMENTAL;AVENIDA DOM LINO, 204
FORTALEZA;118;656;SERRINHA;COLÉGIO MARIA ESTER I;RUA ANTONIO TEIXEIRA LEITE, 248
QUIXERÉ;29;237;TOME;EEB PROFESSORA IRENE NONATO DA SILVA;TOMÉ
POTENGI;68;92;CENTRO;EEFM MENEZES PIMENTEL - SEDE;RUA SEVERINO PAULINO, 230 - BAIRRO SÃO FRANCISCO
SOBRAL;24;553;JAIBARAS;EEFI RAIMUNDO SANTANA;BARRAGEM - JAIBARAS
PARAMBU;19;394;SEDE;ESCOLA OTAVIO TORQUATO (ANTIGA ESCOLA MARIA NOGUEIRA DE FREITAS);INGÁ DE BAIXO
MARANGUAPE;4;525;SÃO JOÃO DO AMANARI;EMEF JOSÉ PEREIRA DE SOUSA;RUA MIGUEL FERNANDES, 571
BATURITÉ;5;63;CONSELHEIRO ESTELITA-SEDE;CENTRO DE ATENDIMENTO ESPECIAL À CRIANÇA - CAECA (ANTIGO PROJETO ABC);AV FRANCISCO BRAGA FILHO, SN
ALCÂNTARAS;24;11;SAO JOSE;EEM FRANCISCO DE ALMEIDA MONTE;RUA FRANCISCO CUNHA S/N
MORADA NOVA;47;101;UIRAPONGA;EEB FRANCISCO GALVÃO DE OLIVEIRA;RUA JOSE BENTO DA SILVA
ARACOIABA;67;157;JAGUARAO-DISTRITO;ESCOLA MUNICIPAL RAIMUNDO ALVES DE OLIVEIRA;JAGUARAO
HIDROLÂNDIA;54;16;PROGRESSO;ESCOLA MUNICIPAL MARIA MIRIAN FERREIRA DE SOUZA;RUA FABIANA FERREIRA, SN.
FORTALEZA;115;366;VILA PERI;EM CATULO DA PAIXAO CEARENSE;RUA LEAO DO NORTE 300
LIMOEIRO DO NORTE;29;49;ESPINHO;EEF JOÃO LUIS MAIA;SITIO ESPINHO
ITAPIPOCA;17;509;CENTRO;EEM JOAQUIM MAGALHÃES;RUA PERGENTINA ARAUJO S/N
FORTALEZA;83;55;DEMOCRITO ROCHA;ESCOLA MUNICIPAL PAULO SARASATE;RUA PEDRO MUNIZ 250
TRAIRI;97;95;MUNGUBA;EEF ANTONIO URSULINO ALVES;MUNGUBA
ABAIARA;26;5;SÍTIO AREIAS;ESCOLA JOSÉ DAVI DOS SANTOS;SITIO AREIAS
FORQUILHA;121;197;EDMUNDO RODRIGUES;EEFM ELZA GOERSCH;AV CRIANÇA DANTE VALERIO S/N CENTRO
AURORA;69;94;SANTA VITORIA-DISTRITO;E.E.F.M. LEAO SAMPAIO;DISTRITO SANTA VITORIA  S/N
UMIRIM;23;268;CENTRO;SECRETARIA DE EDUCACAO;RUA JONES NUNES SN
IRAUÇUBA;41;281;GIL BASTOS;EMEF GIL BASTOS;RUA NOVA, S/N
IRACEMA;86;129;CENTRO;CENTRO DO IDOSO MANUEL FLORÊNCIO DA SILVA;RUA CELSO GOMES DA SILVA
SOBRAL;121;115;CENTRO;CENTRO DE INOVAÇÃO CADEIA CRIATIVA DE SOBRAL;RUA DESEMBARGADOR MOREIRA 1030
SANTA QUITÉRIA;54;178;POVOADO AREAL;ESCOLA MUNICIPAL ANTONIA DONATO DE ARAÚJO;POVOADO AREAL
TRAIRI;97;37;GUALDRAPAS;EEF JOAQUIM DIAS FREITAS;GUALDRAPAS
JUAZEIRO DO NORTE;28;209;SAO MIGUEL;COLÉGIO OBJETIVO;RUA DOUTOR FLORO, 776
JUAZEIRO DO NORTE;28;365;SAO MIGUEL;COLÉGIO OBJETIVO;RUA DOUTOR FLORO, 776
IPU;21;31;ALTO DA BOA VISTA;EMEB MONSENHOR GONÇALO DE OLIVEIRA LIMA;AV. JOSÉ CARVALHO DE ARAGÃO, 102
ITAREMA;98;185;CENTRO;LICEU DE ITAREMA - EEM VALDO VASCONCELOS RIOS;RUA DAS INDUSTRIAS S/N - CENTRO
ITAPIPOCA;17;27;COQUEIRO;IFCE - CAMPUS ITAPIPOCA;AVENIDA DA UNIVERSIDADE, 102
COREAÚ;64;104;São Vicente;SÃO VICENTE - ESCOLA MUN. JOAQUIM AQUILES XIMENES;LOCALIDADE SÃO VICENTE
MARACANAÚ;104;341;PAJUÇARA;EMEF RODOLFO TEÓFILO;RUA OTÁVIO ALVES, 1120
JUAZEIRO DO NORTE;28;50;CENTRO;EEIF PADRE CICERO;MONSENHOR JOVINIANO BARRETO 116
CRATEÚS;20;165;SÃO VICENTE;CENTRO ADMINISTRATIVO DA PREFEITURA DE CRATEÚS;RUA CEL TOTO, SN
CRATO;27;122;ZACARIAS GONÇALVES;UNIDADE BÁSICA DE SAÚDE MARIA VERÔNICA COUTO PINHEIRO;AVENIDA JOSÉ HORÁCIO PEQUENO S/N - BELMONTE
IPUEIRAS;40;4;ARRAIAL;ESCOLA DE ENSINO FUNDAMENTAL AQUILES PERES MOTA - ARRAIAL;ARRAIAL
MARANGUAPE;4;87;SÃO JOÃO DO AMANARI;EMEF JOSÉ PEREIRA DE SOUSA;RUA MIGUEL FERNANDES, 571
MARANGUAPE;4;133;ITAPEBUSSU;EMEF PROFESSORA MARIA EUGÊNIA DE OLIVEIRA;RUA MANOEL GUEDES MARTINS, 1130
IBIAPINA;73;191;CENTRO;COLÉGIO NOSSA SENHORA DOS REMÉDIOS;RUA DEPUTADO ÁLVARO SOARES, 1403
PACATUBA;57;299;PAVUNA;EEIEF PEDRO DE SA RORIZ;RUA ZULEIDA DE SA RORIZ, 18
PACATUBA;57;330;CONJUNTO JEREISSATI II;C.E.I. SENADOR CARLOS JEREISSATI;AVENIDA XV, 477
FORQUILHA;121;204;CENTRO;EEF ANTONIO JOSE DE LOIOLA FILHO;RUA MONSENHOR DOMINGOS, S/N
QUIXADÁ;6;302;PLANALTO RENASCER;EEM GOVERNADOR LUIZ GONZAGA DA FONSECA MOTA;RUA PARAGUAI, S/N
MARACANAÚ;122;153;LUZARDO VIANA;EMEF NAPOLEAO BONAPARTE VIANA;RUA NAPOLEAO BONAPARTE VIANA 410
MORADA NOVA;47;277;CENTRO;CENTRO EDUCACIONAL MONSENHOR TABOSA;AV. MANOEL CASTRO, 440
MAURITI;76;134;SITIO LAGOA SECA;ESCOLA REUNIDA DA LAGOA SECA;SITIO LAGOA SECA
GRANJA;25;112;CENTRO;PATRONATO MONSENHOR VITORINO DE OLIVEIRA;RUA CONRADO PORTO, 350
ALCÂNTARAS;24;12;SAO JOSE;EEM FRANCISCO DE ALMEIDA MONTE;RUA FRANCISCO CUNHA S/N
VARJOTA;65;194;PEDREIRA;CENTRO DE REFERÊNCIA DE ASSIST SOCIAL-CRAS-CASA DO IDOSO;RUA DELMIRO GOUVEIA, S/N
ASSARÉ;18;46;AMARO;ESC DE ENS FUND MARIA CELIA FERREIRA;RUA GOMES DE ALMEIDA S/N
FORTALEZA;3;258;CENTRO;COLÉGIO ARI DE SÁ - PRÉ-VESTIBULAR - SEDE DUQUE DE CAXIAS;AV. DUQUE DE CAXIAS, 519
FORTALEZA;3;233;CENTRO;FAC. ESTÁCIO - UNIDADE CENTRO (ANTIGO COLÉGIO CEARENSE);AV. DUQUE DE CAXIAS, 101
PIRES FERREIRA;21;105;DISTRITO;E.E.F. JOAQUIM GOMES DE LIMA;SERROTA DOS CARNEIROS
MOMBAÇA;46;6;CENTRO;EEF PE. PEDRO LEÃO;RUA FRANCISCO DE ASSIS BARROSO FEIJÓ
CRATO;27;366;PONTA DA SERRA;EEIEF QUINÔ DE BRITO;SÍTIO MONTE ALEGRE
JARDIM;119;339;CORRENTE;ESCOLA LUIZ LEITE BRINGEL;POVOADO DE CORRENTE  SN
CAUCAIA;37;530;TABAPUÁ;E.E.F.M. JOSÉ MARIA PONTES DA ROCHA;RUA 08, S/N - TABAPUÁ
CRATO;27;165;CENTRO;ESCOLA TÉCNICA DO COMÉRCIO;RUA DOUTOR JOÃO PESSOA, 190 - PRAÇA JUAREZ TÁVORA
ORÓS;15;253;CENTRO;E.E.M. EPITÁCIO PESSOA;AV. JOSÉ GABRIEL BEZERRA, 274
UBAJARA;73;133;CENTRO;POSTO DE SAUDE MARIINHA PINTO;RUA JOSE RUFINO PEREIRA, 214
MOMBAÇA;46;49;MORADA NOVA;ESCOLA DE ENSINO FUNDAMENTAL MARIA AMBROSINA CAVALCANTE;MORADA NOVA
SOBRAL;24;91;JUNCO;EEFI JOSE DA MATA E SILVA;AV DR JOSE ARIMATEA MONTE E SILVA, 574
FORTALEZA;1;35;COCÓ;UNINTA - FACULDADE UNINTA FORTALEZA;RUA VILEBALDO AGUIAR,133
MARANGUAPE;4;404;COLUMINJUBA - LADEIRA GRANDE;EMEIEF MARIA DA PENHA DE ABREU MACHADO;FAZENDA COLUMINJUBA, S/N
QUIXELÔ;13;157;ÁREA RURAL DE QUIXELÔ;ESCOLA DE ENS FUND JOAQUIM RODRIGUES DA SILVA;SALSA-SITIO
ITAPIPOCA;17;40;CENTRO;EEFM ANASTACIO ALVES BRAGA;AV DUQUE DE CAXIAS 888
PACATUBA;57;194;MONGUBA;EEIEF MAJOR MANOEL ASSIS NEPOMUCENO;MONGUBA
FORTALEZA;93;320;PLANALTO AYRTON SENNA;EM PROFESSORA IRENE DE SOUZA PEREIRA;RUA PARQUE UMARI, 100
CAUCAIA;37;56;GRILO;EEIEF NAIR MAGALHÃES GUERRA;RUA JOAQUIM BENTO CAVALCANTE, 500
LIMOEIRO DO NORTE;29;51;ÁREA RURAL;EEF RAIMUNDO FELIPE SANTIAGO;SITIO SANTA MARIA
MILAGRES;26;33;EUCALIPTOS;ESCOLA IRMÃ ANA ZÉLIA DA FONSECA;RUA RAIMUNDO TAVARES DA CRUZ
FORTALEZA;1;915;MANUEL DIAS BRANCO;COLÉGIO CÍVICO MILITAR BATALHA DO RIACHUELO;R. E, 100 - MANUEL DIAS BRANCO
MILAGRES;26;101;MISSIONÁRIAS;CEJA PADRE JOAQUIM ALVES;RUA PE MISAEL GOMES 400
PENTECOSTE;50;178;ZONA RURAL;EEIF ALESSANDRA DE OLIVEIRA ARAÚJO DE MATOS;POSTO AGRÍCOLA
BARREIRA;52;79;LAGOA DO BARRO;ESCOLA FRANCISCO DAS CHAGAS FERREIRA;URUÁ
PACAJUS;49;17;BURITI;CENTRO DE EDUCACAO MUNICIPAL DE PACAJUS;RUA TABELIAO JOSE GAMA FILHO 734
ITAITINGA;78;261;PARQUE DOM PEDRO;EEF MANOEL FERREIRA GOMES;RUA D, 636
FORTALEZA;118;540;BOA VISTA-CASTELÃO;EMEF ODILON GONZAGA BRAVEZA;AV. ALBERTO CRAVEIRO, 1480 C
FORTALEZA;118;426;SERRINHA;EEFM PROFESSOR JADER MOREIRA DE CARVALHO;RUA PROFESSORA HELOISA FERREIRA LIMA, 420
GROAÍRAS;65;204;CENTRO;EEF PROFESSORA NOELIA XIMENES PARENTE;RUA MAJOR ARAUJO 960
CANINDÉ;33;468;ZONA RURAL;EMEF FRANCISCO JOSE;RUA FRANCISCO JOSE, S/N CAIÇARA
COREAÚ;64;77;Aroeiras;AROEIRAS - ESCOLA MUN. CORAÇÃO DE JESUS;RUA ANTONIO MONTEIRO DA COSTA, S/N - DISTRITO DE AROEIRAS, COREAÚ/CE
COREAÚ;64;107;COHAB;COREAÚ - ESCOLA MUN. PROFª IZAURA MA. DA SILVA;RUA TANCREDO NEVES, S/N - COHAB
LIMOEIRO DO NORTE;29;71;ÁREA RURAL;EEF JOAO BATISTA RIBEIRO;SITIO TOME
FORTALEZA;112;43;JARDIM DAS OLIVEIRAS;EM MARIA DE LOURDES RIBEIRO JEREISSATI;RUA REINO UNIDO, 115
FORTALEZA;1;899;MUCURIPE;ESCOLA ESTADUAL MATIAS BECK;RUA  PROFESSORA AIDA BALAIO 38
PACUJÁ;79;187;CENTRO;E.E.M. PLACIDO ADERALDO CASTELO;RUA 22 DE SETEMBRO, SN
MIRAÍMA;89;235;CRUZEIRO;EEFM JOSEFA BRAGA BARROSO;RUA DEZINHO TEIXEIRA
ITAITINGA;78;309;VILA MACHADO;EEF MANOEL MACHADO;RUA FLORINDO RODRIGUES, 101
CRATO;27;141;SANTA FÉ;EEIEF PAULO LIMAVERDE;ROD. VICENTE TELES, SN. DISTRITO DE SANTA FÉ - SEDE.
ACOPIARA;60;284;VILA ESPERANCA;EEF FRANCISCO UCHOA DE ALBUQUERQUE;ANTONIO MOREIRA SN
CAUCAIA;123;343;PARQUE GUADALAJARA (JUREMA);E.E.I.E.F. 7 DE SETEMBRO;AV. DOM ALMEIDA LUSTOSA, 2322
HORIZONTE;78;76;CENTRO;EMEF PROFESSORA RAIMUNDA DUARTE TEIXEIRA ;AV EUDES XIMENES, 83 - CENTRO 
JAGUARETAMA;72;12;CENTRO;SECRETARIA MUNICIPAL DE EDUCAÇÃO (ANTIGO CENTRO COMUNITARIO);AV JUAREZ DE QUEIROZ OLÍMPIO S/N
IGUATU;13;316;JOSÉ DE ALENCAR;CAPELA DO SÍTIO CACHOEIRA - ALENCAR;SITIO CACHOEIRA                                   ALENCAR
CASCAVEL;7;51;CENTRO;ESC.ENS.FUND. BENIGNA PACHECO;RUA PADRE FRANCISCO VALDIVINO NOGUEIRA, 2210
ITAPIPOCA;17;576;BELA VISTA;EEB JOAO BATISTA PIRES;BELA VISTA
MISSÃO VELHA;16;80;ZONA RURAL;UBS SÍTIO ESCONDIDO;SITIO ESCONDIDO
LIMOEIRO DO NORTE;29;158;ANTÔNIO HOLANDA;EEF PROF MARIA ELVANISA MOURA FREITAS SILVA;RUA RAIMUNDO NONATO DA SILVA S/N
ARARENDÁ;48;131;BONFIM;E. E. F. FRANCISCO CARLOS DE SOUSA;LOCALIDADE DE BONFIM
AURORA;69;116;SITIO CACHOEIRA;ESCOLA FRANCISCO ANDRÉ DE FRANÇA;VILA AGROVILA
ITAPIPOCA;17;572;CRUXATI;EEB TEOFILO PIRES CHAVES;BASTIÕES
FORTALEZA;83;745;HENRIQUE JORGE;EEMTI ANTONIETA SIQUEIRA;RUA GUARANI 04
FORTALEZA;95;319;BARROSO;EM SINÓ PINHEIRO;RUA 14, 151 (CJ JOAO PAULO II)
CAUCAIA;123;559;PARQUE ALBANO (JUREMA);CEI DAVI RODRIGUES MOURA;RUA DOS CÓRREGOS, 2318
SOBRAL;24;232;JAIBARAS;EEM AYRES DE SOUZA (SEDE) - ESCOLA NOVA;RUA ALFA, S/N
MARACANAÚ;104;218;JEREISSATI I;EMEIEF MARIA ÍSIS MENEZES ANDRADE;RUA ANTÔNIA ARAÚJO FERREIRA, S/N
FORTALEZA;93;157;PREFEITO JOSÉ WALTER;CUCA JOSÉ WALTER;RUA 69, S/N
FORTALEZA;93;162;MONDUBIM;EM JOAO HILDO DE CARVALHO FURTADO;RUA MIGUEL ARAGÃO, S/N ARACAPÉ
ARACATI;8;56;OUTEIRO;E.E.F. MARGARIDA GONDIM;OUTEIRO
GUARACIABA DO NORTE;74;167;DISTRITO;EEF MANOEL BANDEIRA DE MOURA (ESCOLA NOVA DA MARTINSLÂNDIA);MARTINSLANDIA
FORTALEZA;118;615;PASSARÉ;EM PROFESSORA MARIA JOSÉ MACÁRIO COELHO;AVENIDA PASSARÉ, 530
CARIRÉ;65;41;ZONA RURAL;ESCOLA EIEF JOSE DO PATROCINIO BRAGA;RUA SEBASTIAO MARTINS - DISTRITO JUCA
BREJO SANTO;70;407;Lotemanento Conviver;EEIT JUAREZ LEITE SAMPAIO;AV. PREF. JUAREZ LEITE SAMPAIO, S/N.
IPUEIRAS;40;193;IPUZINHO;GRUPO ESCOLAR FRANCISCO PEREIRA DA SILVA - IPUZINHO;IPUZINHO
TABULEIRO DO NORTE;91;63;GENIPAPEIRO;ASSOCIAÇÃO DOS MORADORES DO GENIPAPEIRO;SITIO GENIPAPEIRO
CAUCAIA;123;378;NOVA METRÓPOLE (JUREMA);E.E.F. EDGARD VIEIRA GUERRA;AV. CONTORNO SUL, 255
CRATO;27;62;PIMENTA;EEMTI WÍLSON GONÇALVES;PRAÇA DR. JOAQUIM FERNANDES TELES, SN.
IBICUITINGA;47;150;CENTRO;CAMARA MUNICIPAL DE IBICUITINGA;RUA CAPITÃO MANOEL ANTONIO , N 1692
FORTALEZA;2;429;MESSEJANA;EEM LICEU DE MESSEJANA;AVENIDA WASHINGTON SOARES 7702
ACOPIARA;60;262;CENTRO;LICEU DE ACOPIARA - DEP.FCO.ALVES SOBRINHO;RUA VICENTE CARLOS PINHEIRO,101
ARACATI;8;161;PEDREGAL;E.E.F. PROF ANTONIO MONTEIRO;NUCLEO HABITACIONAL
CRATEÚS;20;71;SÃO VICENTE;CENTRO ADMINISTRATIVO DA PREFEITURA DE CRATEÚS;RUA CEL TOTO, SN
CASCAVEL;7;211;GUANACES;ESC.ENS.FUND. DOMINGOS ANGELO DA SILVA;CHORO SERROTE
ACOPIARA;60;78;DISTRITO SANTA FELICIA;EEF JOAQUIM AMARO DA SILVA;SITIO SAO JOAO
CAUCAIA;123;542;NOVA METRÓPOLE (JUREMA);E.E.F.M. DOM ALOÍSIO LORSCHEIDER;AV. CONTORNO OESTE, S/N
HORIZONTE;78;87;CENTRO;EEM RAIMUNDO NOGUEIRA;RUA RAIMUNDO NOGUEIRA, 103
FORTALEZA;3;414;ALDEOTA;COLÉGIO DARWIN;RUA ILDEFONSO ALBANO, 1030
IGUATU;13;375;VENEZA;ESCOLA DE ENS FUND FILGUEIRAS LIMA;RUA NELSON ALENCAR
FORTALEZA;114;226;BARRA DO CEARÁ;EM DOM ANTONIO BATISTA DE FRAGOSO;AVENIDA FRANCISCO SÁ 7945
ABAIARA;26;125;SÍTIO CAMARÁ;ESCOLA MARIA OLIVEIRA SANTOS;SITIO CAMARA
CASCAVEL;7;199;RIO NOVO;E.E.E. PROFISSIONAL EDSON QUEIROZ - LICEU;RUA LUCIANO RODRIGUES S/N
CRATEÚS;20;305;FATIMA II;EEFM LIONS CLUBE;RUA CLOVIS BEVILAQUA 1417
MISSÃO VELHA;16;38;SEDE;SECRETARIA DE TRABALHO E ASSISTÊNCIA SOCIAL (ANTIGO CSU);RUA PADRE CICERO, 204. CENTRO.
FORTALEZA;1;830;CIDADE 2000;ESCOLA ESTADUAL ARQUITETO ROGERIO FROES;AVENIDA DAS GRAVIOLAS 1000
CRATO;27;227;SEMINÁRIO;EEEP GOVERNADOR VIRGÍLIO TÁVORA;RUA PERGENTINO SILVA S/N
CRATO;27;166;GISÉLIA PINHEIRO;EEMTI JUVÊNCIO BARRETO;RUA JUVÊNCIO BARRETO S/N
CRATEÚS;20;158;CURRAL VELHO;ESCOLA DE CIDADANIA JOAQUIM FERREIRA BONFIM;CURRAL VELHO
IGUATU;13;282;JARDIM OASIS;ESCOLA DE ENS FUND JOAO PAULINO DE ARAUJO;RUA SÍLVIO AMARO SN
REDENÇÃO;52;124;OUTEIRO DE FORA (SEDE);ESCOLA SEBASTIÃO JOSÉ BEZERRA;OUTEIRO DE FORA
FORTALEZA;117;397;PARQUE SÃO JOSÉ;EEFM SAO JOSE;RUA COMENDADOR GARCIA, 2066
CASCAVEL;7;79;PITOMBEIRAS;ESC.ENS.FUND. PAULO SARASATE;RODOVIA BR 116, KM 91, CRISTAIS
PEREIRO;10;146;DISTRITO DE CRIOULAS;ESCOLA MUNICIPAL DO 1 GRAU CANDIDO JOSE NOGUEIRA;DISTRITO DE CRIOULAS
FORTALEZA;117;227;SIQUEIRA;EEFM SENADOR OSIRES PONTES;RUA DIVINA 150
PENTECOSTE;50;179;SÃO PEDRO;EEIF PROFª. Mª GLAUCINEIDE FIRMIANO DA SILVA;AVENIDA PRESIDENTE JUSCELINO KUBITSCHEK, 703
MARACANAÚ;104;343;PAJUÇARA;EMEF LUIZ GONZAGA DOS SANTOS;RUA PEDRO BATISTA, 110
JUAZEIRO DO NORTE;119;33;FREI DAMIAO;ESCOLA MARIO DA SILVA BEM;RUA VEREADOR RAIMUNDO JOSÉ DA SILVA
ITAPIPOCA;17;753;FAZENDINHA;EEEP RITA AGUIAR BARBOSA;AVENIDA ESAÚ ALVES AGUIAR, 3031
CARNAUBAL;22;144;SITIO SAO LUIS;ESCOLA DE PRIMEIRO GRAU PEDRO ANTONIO DE MELO;SITIO SAO LUIS
SENADOR POMPEU;12;78;CODIA;ASSOCIAÇÃO COMUNITÁRIA DA LOC. DO SÍTIO INCHUIR;SÍTIO INCHUIR
MORRINHOS;44;21;BOM PRINCIPIO;EMEF ZÓZIMO MARINHO DE ANDRADE;CE 319 KM 6 BOM PRINCIPIO
CAUCAIA;120;398;PLANALTO CAUCAIA;E.E.I.E.F. ANTONIO BRAGA DA ROCHA;RUA 112, SN - CIGANA
HORIZONTE;78;200;ZUMBI;CEI - MARIA ELIZIETE MARTINS CARNEIRO;RUA MANOEL FELICIANO DE SOUSA, 440
HORIZONTE;78;405;BUENOS AIRES;EMEF FRANCISCO XAVIER DE FREITAS;RUA MANOEL LUIZ, N. 1.352
FORTALEZA;80;312;DIONISIO TORRES;COLÉGIO CHRISTUS - DIONÍSIO TORRES;RUA ISRAEL BEZERRA 630
JARDIM;119;302;CENTRO;ESCOLA DR. ROMAO SAMPAIO;RUA JOSE MARROCOS 240
MADALENA;63;172;CENTRO;EEF ALVARO DE ARAUJO CARNEIRO;MARIA ARMENIA BARBOSA, 299 - SANTA TEREZINHA
ITAPAJÉ;41;239;BOM JESUS;ESCOLA SAO JOAQUIM;BOM JESUS
MARACANAÚ;122;88;JAÇANAÚ;EMEF JOAQUIM AGUIAR;RODOVIA 065 KM 09 9821
ITAPIPOCA;17;595;BARRENTO;EEB JOAQUIM MANOEL MARQUES;SÍTIO DO MEIO
CAUCAIA;123;403;MARECHAL RONDON (JUREMA);E.E.I.E.F. RAIMUNDO JERÔNIMO DE SOUSA;RUA JÚLIO ROCHA, 220 - KM 14/JUREMA
FORTALEZA;118;513;PASSARÉ;EM PAULO SERGIO DE SOUSA LIRA;RUA ITABORAÍ, 264
CASCAVEL;7;176;GUANACES;E.E.F. LUCIANO GALDINO MACIEL (BOA ÁGUA);RUA BÔA AGUA
FORTALEZA;3;389;MEIRELES;CÍRCULO MILITAR DE FORTALEZA;RUA CANUTO DE AGUIAR, 425
FORTALEZA;1;831;CAIS DO PORTO;CRECHE RACHEL GUIMARÃES MARTINS BARBOSA;VIA DE PEDRESTE LESTE OESTE 01
FORTALEZA;83;156;JOÃO XXIII;CENTRO DE FORMAÇÃO E DESENV. PARA PROFISSIONAIS DA EDUCAÇÃO - FORMACE;RUA PORTO VELHO, 401
CASCAVEL;7;210;CAPONGA;ESC.ENS.FUND. JOSÉ CORREA PINTO;ESTRADA DE AGUAS BELAS - CAPONGA
CAUCAIA;120;341;CAPUAN;E.E.F. JOSE ALEXANDRE;RUA DA LAGOA, 135
FORTALEZA;93;283;MONDUBIM;EM JONATHAN DA ROCHA ALCOFORADO;RUA MARIA GOMES DE SÁ,1030 ARACAPÉ
APUIARÉS;50;119;ZONA RURAL;EEF JOÃO HONÓRIO DE FREITAS;MASSAPÊ
QUITERIANÓPOLIS;99;154;ZONA RURAL;EEIF ZACARIAS BEZERRA DO NASCIMENTO;SAO PEDRO
FARIAS BRITO;62;215;LAGOA SECA;EEF DUQUE DE CAXIAS;POVOADO LAGOA SECA - DISTRITO DE QUINCUNCÁ
CRATO;27;359;MURITI;EEF PROF. JOSÉ DO VALE ARRAES FEITOSA;RUA VICENTE GREGÓRIO MARINHO, SN. N. SRA. DE FÁTIMA. BARRO BRANCO
RERIUTABA;79;35;BARRO VERMELHO;E.E.E.M. ALFREDO SILVANO GOMES;RUA BARRO VERMELHO, S/N
GUARACIABA DO NORTE;74;185;DISTRITO;COLEGIO AFONSO RODRIGUES;SITIO SANTO AMARO
HORIZONTE;78;364;DOURADO;EMEF MARINA FERREIRA DE ALMEIDA;RUA DONA SINHÁ, 159
CAUCAIA;37;59;CENTRO;E.E.F. BRANCA CARNEIRO DE MENDONCA;PRACA DA MATRIZ, 666
FORTALEZA;118;675;PASSARÉ;CENTRO SOCIOEDUCATIVO DOM BOSCO - CSDB;RUA ELDORADO, 800
FORQUILHA;121;212;CENTRO;ESCOLA DE CIDADANIA MOESIO LOIOLA MELO JUNIOR(MODELO);AVENIDA GRANDE ORIENTE DO BRASIL SN
FORTALEZA;83;798;JÓQUEI CLUBE;COLÉGIO LUCÊ;RUA CUIABA 155
PENTECOSTE;50;116;ZELADORIA;EEF GOVERNADOR WALDEMAR ALCÂNTARA;RUA PEDRO HORÁCIO, 297
CRATEÚS;20;206;CENTRO;COLEGIO ESTADUAL REGINA PACIS;RUA FRANCISCO SA 106
CRATEÚS;20;300;VENANCIOS;EEFM PRES EURICO GASPAR DUTRA;RUA EDUARDO ALBUQUERQUE SN
JAGUARETAMA;72;33;DISTRITO DE DESTERRO;E.M.E.F MARIA DORACI DE LIMA;SITIO DESTERRO
FORTALEZA;114;28;ÁLVARO WEYNE;EM MARIA ROSELI LIMA MESQUITA;RUA FRANCISCO CALAÇA 1791
FORTALEZA;1;940;CIDADE 2000;ESCOLA MUNICIPAL ODNILRA CRUZ MOREIRA;AVENIDA DAS ADENANTERAS 800
CAUCAIA;123;429;ARATURI (JUREMA);E.E.F. PROFESSORA MARLY FERREIRA MARTINS;RUA NW-3, S/N
MORAÚJO;64;51;NOVO HORIZONTE;NOVO HORIZONTE - ESCOLA MUN. APRÍGIO RODRIGUES MOREIRA;LOCALIDADE DE NOVO HORIZONTE
JUAZEIRO DO NORTE;119;259;AEROPORTO;ESCOLA CICERA GERMANO CORREIA;RUA SEBASTIAO REGIS SN
FORTALEZA;117;265;SIQUEIRA;CEI FRANCISCA DE ABREU LIMA;RUA C -  ESQUINA COM A RUA LUIZ MONTENEGRO, S/N
FORTALEZA;94;412;QUINTINO CUNHA;COLÉGIO INDEPENDÊNCIA;AV. DA INDEPENDÊNCIA, 1362
JUAZEIRO DO NORTE;28;143;AREA RURAL DE JUAZEIRO DO NORTE;EMEIF JOSE SABIA;SITIO SABIA
SÃO BENEDITO;22;165;CENTRO-SEDE;EEF MINISTRO ANTONIO COELHO;RUA MIN ANTONIO COELHOI  452
SÃO BENEDITO;22;237;MONS. OTALICIO;LICEU - JOAO ALMIR DE FREITAS BRANDAO;AVENIDA TABAJARA S/N
PARACURU;109;72;CUMBI;E.M.E.I.F. MARIA BASILIO BARBOSA;CUMBI, S/N
ITAPIPOCA;17;50;ÁREA RURAL DE ITAPIPOCA;EEB FRANCISCO BEZERRA DE SOUZA;LAGOA DA CRUZ
SÃO BENEDITO;22;170;CENTRO-SEDE;EEF MINISTRO ANTONIO COELHO;RUA MIN ANTONIO COELHOI  452
JIJOCA DE JERICOACOARA;30;395;ZONA RURAL;ESCOLA FRANCISCO SALES DE CARVALHO;CORREGO DA FORQUILHA II
GUARACIABA DO NORTE;74;173;SEDE;INSTITUTO PROMOCIONAL BENJAMIM SOARES (PATRONATO);RUA PADRE BERNARDINO MEMORIA - CENTRO
FORTALEZA;80;376;TAUAPE;CENTRO DE DESENVOLVIMENTO SOCIAL SEMEANDO (ANTIGO EURICO BERGSTEN);RUA CRUZ ABREU 204
APUIARÉS;50;13;CENTRO;EEFM SÃO SEBASTIÃO;AVENIDA GOMES DA SILVA, 100
FORTALEZA;95;297;PEDRAS;UAPS JOSE BARROS DE ALENCAR;RUA JOSE NOGUEIRA, 180
QUIXERAMOBIM;11;278;SEDE RURAL;ESCOLA LUIS CINICO;CUPIM
FORTALEZA;82;190;MONTE CASTELO;EEMTI CLÁUDIO MARTINS;RUA DEMÓCRITO ROCHA, 400
CANINDÉ;33;201;CENTRO;CAMPUS PROVISÓRIO DA UECE (ANTIGA ESC. DE  2º TEMPO JOSÉ FREIRE FREI);RUA JOAQUIM MAGALHAES S/N - PRACA DR ARAMIS
FORTALEZA;112;429;EDSON QUEIROZ;COLEGIO ARI DE SA CAVALCANTE WS;AV WASHINGTON SOARES, 3737
OCARA;67;242;CURUPIRA-DISTRITO;ESCOLA MUNICIPAL PEDRO DA COSTA GOMES - ENSINO FUNDAMENTAL;FOVEIRA
FORTALEZA;93;199;PLANALTO AYRTON SENNA;LICEU ESTADUAL DOMINGOS BRASILEIRO;RUA PLANALTINA, S/N
PENTECOSTE;50;62;ACAMPAMENTO;EMTI FRANCISCO SÁ;AVENIDA DR. JOSÉ DE BORBA VASCONCELOS, 672
PENTECOSTE;50;193;SANTA INÊS;EMTI VICENTE FEIJÓ DE MELO;RUA JOÃO PESSOA BRAGA, S/N
JUAZEIRO DO NORTE;119;463;TIRADENTES;ESCOLA CAROLINA SOBREIRA;RUA JOSE SABIA SN
JUAZEIRO DO NORTE;119;265;LAGOA SECA;ESCOLA DOUTOR MOZART CARDOSO DE ALENCAR;ARNOBIO BACELAR CANECA
FORTIM;8;197;VICOSA;EEMTI. HELENITA LOPES GURGEL VALENTE;RUA JORGE FERREIRA, 250
SOBRAL;121;256;COHAB II;EEFI PAULO ARAGAO;RUA CAETANO FIGUEIREDO 100 COHAB II
FORTALEZA;116;443;BONSUCESSO;EM XV DE OUTUBRO;RUA GUARANI, 2030
SANTA QUITÉRIA;54;84;DISTRITO DE TRAPIÁ;ESCOLA DE ENSINO MÉDIO JOÃO DE MESQUITA BRAGA;DISTRITO DE TRAPIÁ
EUSÉBIO;88;180;AUTODROMO;CEI EDMILSON PINHEIRO;AV. LUISA TÁVORA, S/N
FORTALEZA;112;578;CAMBEBA;COLÉGIO ROSA DE SAROM;RUA AMANCIO VALENTE 1770
FORTALEZA;118;605;MONDUBIM;EM CASIMIRO MONTENEGRO;AV. BERNARDO MANUEL, 11360
FORTALEZA;118;545;BOA VISTA-CASTELÃO;EMEF ODILON GONZAGA BRAVEZA;AV. ALBERTO CRAVEIRO, 1480 C
BELA CRUZ;96;66;CENTRO-SEDE;CENTRO PASTORAL MONS. ODÉCIO LOIOLA SAMPAIO;RUA HUMAITÁ, 204
FORTALEZA;85;282;CONJUNTO CEARÁ I;EEFM PROF. EDMILSON GUIMARAES DE ALMEIDA UV 10;RUA 1074 S/N (PROX. HOSPITAL), 4 ETAPA
ICÓ;15;14;CENTRO - SEDE;CENTRO UNIVERSITÁRIO VALE DO SALGADO;AV. MONSENHOR FROTA, 609
UBAJARA;73;149;CACHOEIRA DO BOI MORTO;ESCOLA MANUEL URUÇU;SITIO CACHOEIRA DO BOI MORTO
BEBERIBE;84;100;ITAPEIM;ESCOLA MUNICIPAL BENEVENUTO ROCHA;ALTO DAS CARAUBAS
BEBERIBE;84;143;SEDE;ESCOLA MUNICIPAL SANTO ANTONIO;CORREGO DA CUTIA
CAUCAIA;37;596;MATOES;E.E.I.E.F. GUARARU - BAIXA DAS CARNAÚBAS;RUA HELIODORO FREIRE DE MORAIS, S/N - MATÓES J MACEDO
AQUIRAZ;66;111;TAPERA;EEB RAIMUNDO TOMAZ;RUA JOSE CARLOS GADELHA S/N
MASSAPÊ;45;30;ZONA RURAL;CENTRO COMUNITARIO FRANCISCO CANUTO;DISTRITO DE MUMBABA DE BAIXO
AMONTADA;89;193;SABIAGUABA;EECTI MARIA ELISBANIA DOS SANTOS;CAETANOS DE CIMA
BEBERIBE;84;46;NOVO PLANALTO;ESCOLA MUNICIPAL IRANISE BESSA DE QUEIROZ;RUA JUVENAL COLACO 934
JAGUARUANA;75;89;ALTO DA CAATINGUINHA;EEEP FRANCISCA ROCHA SILVA;RUA JOAO CELEDONIO SOBRINHO
JIJOCA DE JERICOACOARA;30;94;ZONA RURAL;ESCOLA NOSSA SENHORA DA CONSOLACAO;NOVO JERI S/N - JERICOACOARA
PARACURU;109;38;CENTRO;E. M. E. F. ANTONIO SALES;RUA CAP JOSE TELES, S/N
PARACURU;109;88;VOLTA;U. B. S. LUIZ COSTA SILVEIRA;RUA RUI LOUREIRO, S/N
CRUZ;30;361;PREA;ESCOLA RAIMUNDA SILVEIRA DE SOUSA CARNEIRO;PREA
ICÓ;15;98;SEDE URBANA;ESCOLA MUNICIPAL MANOEL ANTONIO NUNES;RUA DO CRUZEIRO S/N
FORTALEZA;112;467;EDSON QUEIROZ;UNIVERSIDADE DE FORTALEZA - UNIFOR;AVENIDA WASHINGTON SOARES, 1321
PEDRA BRANCA;59;10;SEDE;EEIF MANOEL LUIZ DE CARVALHO;SITIO SANTO AMARO
PACAJUS;49;35;CENTRO;EMATERCE;RUA CORONEL CICERO NOGUEIRA DE QUEIROZ 335
FORTALEZA;94;516;ANTÔNIO BEZERRA;EEF INSTITUTO DOS CEGOS (ANTÔNIO BEZERRA);RUA DR. JOÃO GUILHERME, 373
JUAZEIRO DO NORTE;119;454;MONSENHOR FRANCISCO MURILO DE SA BARRETO;E.E.I.F. ISAAC QUIRINO TEIXEIRA;AV. AURELIANO PEREIRA DA SILVA, S/N
MONSENHOR TABOSA;61;144;CENTRO;E.M.E.F.T.I LUIZ LEITAO;AVENIDA PESSOA PIRES  2
SALITRE;38;157;ZONA RURAL, SALITRE/CE;E.E.I.F CLEMENTINO RIBEIRO DE ALENCAR - SITIO BAIXIO DO MOCO;SÍTIO BAIXIO DO MOCO
PARACURU;109;67;CAMPO DE AVIAÇÃO;E. M. E. I. F. PROFESSORA MARIA ALBUQUERQUE LIMA - DINA;AV. SAO JOAO EVANGELISTA, 385
ARARIPE;68;25;DISTRITO ALAGOINHA;ESCOLA MUNICIPAL ANTONIO RODRIGUES DE LIMA - ALAGOINHA;RUA JOAO LUIZ RODRIGUES S/N - DISTRITO ALAGOINHA
BREJO SANTO;70;392;RENE LUCENA;CEI CATEQUISTA MARIA ALACOQUE;R PEDRO NICODEMOS DE ARAÚJO, S/N
SALITRE;38;134;ZONA RURAL, SALITRE/CE;E.E.I.F. LUIZ SANTIAGO DOS SANTOS - SÍTIO TANQUE NOVO;SÍTIO TANQUE NOVO
VÁRZEA ALEGRE;62;101;SEDE RURAL;EEIF JOÃO GONÇALVES BEZERRA;SITIO ATOLEIRO
PARACURU;109;3;CENTRO;E. M. E. F. ANTONIO SALES;RUA CAP JOSE TELES, S/N
CRUZ;30;101;CENTRO;ESCOLA MARIA PEREIRA BRANDAO;RUA VEREADOR MUNDICO MARTINS 642
CATARINA;60;279;SEDE;CENTRO DE EDUCAÇÃO INFANTIL - CEI;RUA MANOEL TIBURCIO - VILA LAGOINHA
TABULEIRO DO NORTE;91;35;GANGORRINHA;EEB PEDRO MOREIRA DE SOUSA - GANGORRINHA;SITIO GANGORRINHA
BOA VIAGEM;63;122;JAPAO;EEF GONCALO BEZERRA DO VALE;JAPAO S/N
CAMOCIM;32;260;SAO PEDRO;EEF GENERAL ANTONIO DA SILVA CAMPOS - BAIRRO SAO PEDRO;RUA SIQUEIRA CAMPOS S/N
NOVO ORIENTE;99;59;ZONA RURAL;EEF MANOEL LUIZ DA SILVA;TRES IRMAOS
MERUOCA;24;631;Santo Antônio dos Fernandes;EEF - MARIETA SALOMAO MENDES;DISTRITO SANTO ANTONIO DOS FERNANDES
JUAZEIRO DO NORTE;119;261;TIRADENTES;ESCOLA CAROLINA SOBREIRA;RUA JOSE SABIA SN
JARDIM;119;330;SITIO LAMEIRAO;ESCOLA AGOSTINHO FELIX DE FIGUEIREDO;SITIO LAMEIRAO                                            SN
MERUOCA;24;599;Centro;CAMARA MUNICIPAL DE MERUOCA;PRAÇA MONSENHOR JOSE FURTADO
TAUÁ;19;167;BEZERRA E SOUZA;CENTRO DE EDUCAÇÃO, CIÊNCIAS E TECNOLOGIA - CECITEC;RUA SOLON MEDEIROS, S/N - BR 020
CARIÚS;43;183;SAO BARTOLOMEU-DISTRITO;EEIF AMARO BATISTA DA CUNHA (ANTIGA MANOEL DUARTE DE OLIVEIRA PASSOS);VILA SAO BARTOLOMEU
QUIXELÔ;13;150;ANTONICO-DISTRITO;ESCOLA DE ENS FUND JOAO VICENTE ALVES;ANTONICO-DISTRITO
CAUCAIA;37;617;ALTO DO GARROTE;ESCOLA INDÍGENA DIREITO DE APRENDER DO POVO ANACÉ(COMUN INDÍGENA);RUA LUIS PAULINO DO NASCIMENTO, S/N
ARARIPE;68;80;CENTRO;ESCOLA MODELO - PROFESSORA CÍCERA GERMANO CORREIA - SEDE;RUA MOACIR DE SOUZA ROCHA, S/N
TAUÁ;19;128;CARRAPATEIRAS;ASS COMUN PRODUTORES RURAIS CIPÓ (ANT GE SEBASTIAO CLARO DE OLIVEIRA);CIPO
CARIÚS;43;171;SITIO BARRA DO FELIPE;EEIF JOAO FERREIRA DE SOUSA;SITIO BARRA DO FELIPE
FORTALEZA;118;330;SERRINHA;EM MARIA DE CARVALHO MARTINS;AVENIDA DOUTOR SILAS MUNGUBA, 4300
CATUNDA;54;240;POVOADO OLHO D'AGUA DOS BOIS;E. E. F. RAIMUNDO RODRIGUES DE VASCONCELOS;POVOADO OLHO D'ÁGUA DOS BOIS
FORTALEZA;82;105;CRISTO REDENTOR;CCDH - CENTRO DE CIDADANIA E DIR. HUMANOS - GOV. VIRGÍLIO TÁVORA;AV. MONSENHOR HELIO CAMPOS, 178
MOMBAÇA;46;71;CENTRO;E. E. F. M. DIVINO SALVADOR;RUA FRANCISCO JOSE DE OLIVEIRA SN                 SEDE
QUIXERAMOBIM;11;30;SAO MIGUEL;ESCOLA ANTONIO DE PADUA SARAIVA LEAO;CARAUNO
QUIXERAMOBIM;11;10;SAO MIGUEL;ESCOLA ALFREDO ALMEIDA MACHADO- VILA DE SAO MIGUEL;SAO MIGUEL
SABOEIRO;43;231;CENTRO;E.E.F. OLAVO OLIVEIRA, ANEXO;RUA AMELIA LIMA BRAGA 81
GRAÇA;79;172;LAPA;ESCOLA PADRE RAIMUNDO NONATO RODRIGUES;LAPA
FORTALEZA;112;582;EDSON QUEIROZ;COLÉGIO NOVA DIMENSÃO;AV. EDILSON BRASIL SOARES, 1599
JUAZEIRO DO NORTE;28;145;TRES MARIAS;EMEF PROFA MARIA DE LOURDES LOPES DE SOUSA;AV. DO AGRICULTOR
FORTALEZA;95;86;BARROSO;EEFM PADRE MARCELINO CHAMPAGNAT;RUA DAURA, 120
CANINDÉ;33;376;CANINDEZINHO;EMEF JOAQUIM MAGALHAES FILHO;RUA HOMERO MARTINS 2556
JIJOCA DE JERICOACOARA;30;428;CENTRO;CRECHE SÉRGIO HERRERO GIMENEZ;RUA PIAUI - 2520
CAUCAIA;37;609;ICARAI;EEIEF CELINA SÁ MORAIS;AVENIDA OTAVIADO COSTA, SN
FORTALEZA;94;876;PADRE ANDRADE;CEI PROFESSOR CLODOALDO PINTO;RUA BANVARTH BEZERRA 100
RUSSAS;9;83;CENTRO;COLEGIO ESTADUAL GOVERNADOR FLAVIO MARCILIO;AV DOM LINO 725
NOVO ORIENTE;99;53;ZONA RURAL;EEF FRANCISCO DAS CHAGAS MOTA;AGROVILA
ITATIRA;33;153;ZONA RURAL;EMEF EDUARDO BARBOSA;LOCALIDADE DE CACHOEIRA BR
ORÓS;15;303;PEREIRO DOS PEDROS - SITIO;E.E.F. JOAQUIM PEDRO DA SILVA;SITIO PEREIRO DOS PEDROS, S/N
MORADA NOVA;47;274;ROLDAO;EEB JOSE NOGUEIRA DE QUEIROZ;EXTREMA
CRUZ;30;308;ZONA RURAL;ESCOLA BERNARDINO JOSE VASCONCELOS;LAGOA VELHA
JUCÁS;43;296;SÃO PEDRO DO NORTE - VILA;ESCOLA DE 1 GRAU DOM JOSE MAURO;RUA JOSE NORBERTO DE SOUSA S/N
MAURITI;76;24;CENTRO;CENTRO DE PASTORAL PE. ARGEMIRO ROLIM DE OLIVEIRA;RUA PADRE MACEDO, S/N
CAUCAIA;37;190;GARROTE;E.E.F. FAUSTO DARIO SALES;CE 085 KM 12 - FAZENDA GARROTE
AIUABA;101;35;CEDRO;GRUPO ESCOLAR VENTURA ALVES DE LIMA;POVOADO DE CEDRO SN
JUAZEIRO DO NORTE;28;268;CENTRO;EEEP PROFESSOR MOREIRA DE SOUSA;DO CRUZEIRO 497
JUAZEIRO DO NORTE;28;216;FRANCISCANOS;COLÉGIO SÃO FRANCISCO DE ASSIS;NOSSA SENHORA DO CARMO SN
BARBALHA;31;47;ALTO DO ROSÁRIO;EMEIF MARIA DAS DORES SAMPAIO (ALTO DO ROSÁRIO);RUA ENG. MARCO AURÉLIO, S/N - ALTO DO ROSÁRIO (7.31494 S, 39.30876 W)
CAUCAIA;37;489;ICARAI;E.E.I.E.F FRANCISCO MARTINS DE MORAES;RUA BELARMINO JOSÉ, 201 - ICARAÍ
FORTALEZA;95;346;CAJAZEIRAS;EEMTI PROF. PAULO AYRTON ARAUJO - PRÉDIO ANTIGO;BR 116 KM 05, EM FRENTE AO ASSAÍ ATACADISTA
FORTALEZA;95;334;PARQUE SANTA MARIA;EMEIF JOSÉ MOREIRA LEITÃO;RUA HONORINO MAIA, 467
ASSARÉ;18;12;CENTRO;ESCOLA  DE ENSINO FUNDAMENTAL E MEDIO RAIMUNDO MOACIR DE ALENCAR MOTA;RUA PADRE EMILIO CABRAL 538
MARACANAÚ;104;402;TIMBÓ;EMEF EDSON QUEIROZ;AVENIDA TIMBÓ, 2
UMARI;15;212;SITIO ALTOS;ESCOLA MUNICIPAL AGOSTINHO JOSE GARCIA;SITIO ALTOS
BARBALHA;31;77;SÍTIO LAGOA;EMEIF SANTA LUZIA (SÍTIO LAGOA);SITIO LAGOA, S/N (7.27846 S, 39.29025 W)
LIMOEIRO DO NORTE;29;265;ÁREA RURAL;CRECHE DA CABEÇA PRETA;SITIO CABECA PRETA
SÃO LUÍS DO CURU;23;299;CENTRO-SEDE;E.E.F. DOMINGOS ANSELMO;PRACA ALONSO HERCULANO SN
SANTANA DO ACARAÚ;44;159;ALTO DA LIBERDADE;ESCOLA DE ENSINO FUNDAMENTAL SANTA TEREZINHA;PRACA DA LIBERDADE S/N
IPAPORANGA;20;281;LAGOA DO BARRO;ESCOLA DE ENSINO FUNDAMENTAL JOSE DOMINGOS DE MORAES;LAGOA DO BARRO
MORADA NOVA;47;267;SAO FRANCISCO;EEB PROFESSORA ANA CLARA ANDRADE NÂNTUA BENTO;RUA JOSÉ DE SOUSA MARTINS, 261
FORTALEZA;113;437;BOM FUTURO;ESC. PROFISSIONAL PE. JOÃO PIAMARTA;RUA PADRE JOÃO PIAMARTA, 161
RUSSAS;9;289;POCO REDONDO;ESCOLA MUNICIPAL LINO GONCALVES;POÇO REDONDO
FORTALEZA;83;765;DOM LUSTOSA;ESCOLA MUNICIPAL MURILO SERPA;RUA MONSENHOR HIPOLITO BRASIL 1400
JARDIM;119;308;SERRA OLHO DAGUA;ESCOLA NOSSA SENHORA APARECIDA;SERRA OLHO DAGUA SN
ACARAPE;52;190;CENTRO;CENTRO DE REFERÊNCIA DE ASSISTÊNCIA SOCIAL (CRAS);RUA CHICO VIEIRA, SN
REDENÇÃO;52;27;DISTRITO DE ANTÔNIO DIOGO;CENTRO DE EDUCAÇÃO INFANTIL PEDRO FERNANDES COSTA;RUA TEREZA CRISTINA, S/N
MILAGRES;26;136;CENTRO;CENTRO DE EDUCAÇÃO INFANTIL NOVO ESPAÇO DA CRIANÇA;RUA ABÍLIO CRUZ
BATURITÉ;5;68;PUTIU-SEDE;EMTI CORONEL ESTEVÃO ALVES DA ROCHA;RUA DUQUE DE CAXIAS, 132
FORTALEZA;112;425;EDSON QUEIROZ;COLEGIO ARI DE SA CAVALCANTE WS;AV WASHINGTON SOARES, 3737
FORTALEZA;112;567;ENGENHEIRO LUCIANO CAVALCANTE;CENTRO UNIVERSITÁRIO 7 DE SETEMBRO - UNI 7 (FA7);AV. ALMIRANTE MAXIMINIANO DA FONSECA, 1395
PALHANO;9;8;CENTRO;ESCOLA DE ENSINO FUNDAMENTAL MATEUS SOBRINHO;RUA POSSIDONIO BARRETO 430
TIANGUÁ;81;166;ÁREA RURAL DE TIANGUÁ;E.E.F. SÃO JOSÉ;SÍTIO SÃO JOSÉ
BREJO SANTO;70;402;RENE LUCENA;CEI CATEQUISTA MARIA ALACOQUE;R PEDRO NICODEMOS DE ARAÚJO, S/N
GRAÇA;79;165;SITIO CAMPESTRE;EEF PROFESSOR ANTONIO GERONIMO DA SILVA;SITIO CAMPESTRE
BARBALHA;31;116;SÍTIO CABECEIRAS;EEF ANA RAMALHO DA SILVA (SÍTIO CABECEIRAS);RODOVIA CE-293, KM 06 (7.32182 S, 39.35070 W)
QUIXERAMOBIM;11;25;SAO MIGUEL;ESCOLA ALFREDO ALMEIDA MACHADO- VILA DE SAO MIGUEL;SAO MIGUEL
FORTALEZA;113;204;PARQUELÂNDIA;COLÉGIO CHRISTUS PRÉ - UNIVERSITÁRIO;RUA CRUZ SALDANHA, 614
FORTALEZA;80;131;ALTO DA BALANÇA;EM PROFESSORA EDITH BRAGA;RUA CAPITAO VASCONCELOS 1061
BELA CRUZ;96;59;SAO GONCALO-LOCALIDADE;EEMTI PROFESSORA THEOLINA DE MURYLLO ZACAS;LOCALIDADE SÃO GONÇALO
MARACANAÚ;104;34;PAJUÇARA;EMEF RODOLFO TEÓFILO;RUA OTÁVIO ALVES, 1120
PARAIPABA;109;147;SETOR D1;EMEIF SAUL MATIAS DA SILVA;SETOR D1
TURURU;17;680;ALTO DOS CAMELOS;CENTRO EDUCACIONAL ERNESTO GHISLANDI;RUA JATOBA I
FORTALEZA;117;185;CONJUNTO ESPERANÇA;EEFM IRAPUAN CAVALCANTE PINHEIRO;AV E 305
FORTALEZA;118;593;DIAS MACEDO;EEMTI PADRE GUILHERME WAESSEN;RUA BOA VENTURA 916
CARNAUBAL;22;234;CENTRO;EEI HUMBERTO CASTELO BRANCO;R JACO FELICIO S/N
SABOEIRO;43;268;LAGOINHA;E.E.F. NOSSA SENHORA DE FÁTIMA;SÍTIO LAGOINHA
FORTALEZA;83;702;PICI;EEEP JÚLIA GIFFONI;RUA CORONEL MATOS DOURADO 1349
TIANGUÁ;81;63;CENTRO;INSTITUTO EDUCACIONAL DE TIANGUÁ - IET;PRAÇA MONSENHOR MACEDO, 60
FORTALEZA;112;443;EDSON QUEIROZ;UNIVERSIDADE DE FORTALEZA - UNIFOR;AVENIDA WASHINGTON SOARES, 1321
SENADOR SÁ;45;62;ZONA RURAL;EEF ZILDA OLIVEIRA AGUIAR;DISTRITO DE SERROTA
FORTALEZA;93;91;PREFEITO JOSÉ WALTER;EM MINHA VIDA MEUS AMORES;AVENIDA D, 380 - II ETAPA
FORTALEZA;93;104;PREFEITO JOSÉ WALTER;ESCOLA MUNICIPAL ARI DE SA CAVALCANTE (JOSÉ WALTER);AV. H, 430 III ETAPA
SOBRAL;121;283;PEDRINHAS;ESCOLA MARIA DO CARMO ANDRADE;PRAÇA DR. JOSE EUCLIDES FERREIRA GOMES JUNIOR, S/N
BREJO SANTO;70;180;BARRO PRETO-SEDE;ESCOLA MUNICIPAL JOAQUIM DE OLIVEIRA SANTOS;SITIO BARRO PRETO
FORTALEZA;83;638;PICI;ESCOLA MUNICIPAL ADROALDO TEIXEIRA CASTELO;RUA ALAGOAS 2267
IPU;21;23;SEDE;EEMTI DELMIRO GOUVEIA;AV MILTON CARVALHO 1171 - CAIXA DAGUA
MARANGUAPE;4;587;GUABIRABA - MARANGUAPE;EMEF SANTA RITA;RUA WALTER LOPES, S/N
CAUCAIA;37;618;ICARAI;EEIEF CELINA SÁ MORAIS;AVENIDA OTAVIADO COSTA, SN
CARNAUBAL;22;162;CRUZEIRO;EEF ANTONIO RAIMUNDO DE MELO;AV PAULO SARASATE 539
PARAMBU;19;310;CENTRO;ESCOLA FRANCISCO ALVES TEIXEIRA;RUA PEDRO ALVES DA COSTA, 38 - CENTRO
FORTALEZA;82;617;CRISTO REDENTOR;EM CRISTO REDENTOR;AV. PASTEUR, 372
QUIXERÉ;29;217;SEDE;EEIF VEREADOR RAIMUNDO NONATO DE SENA;RUA MANOEL GONCALVES 1458
CRATO;27;38;CENTRO;COLÉGIO SANTA TERESA DE JESUS;RUA DOM QUINTINO, 863
ITAPIPOCA;17;83;ARAPARI;CASA DA SEMENTE  DE CABECEIRAS DO MUNDAÚ;CABECEIRAS DO MUNDAU
CAUCAIA;123;515;NOVA METRÓPOLE (JUREMA);E.E.I.E.F. FRANCISCA ALVES DO AMARAL;AV. B, 442 - NOVA METRÓPOLE
SOBRAL;24;92;CAMPO DOS VELHOS;EEM PROF. LUIS FELIPE;RUA CEL JOSE SILVESTRE, 760
CARIDADE;111;106;ZONA RURAL;EEIF RAIMUNDO LOPES TAVARES;LOCALIDADE DE ANGELIM
FORTALEZA;116;81;GRANJA PORTUGAL;EM CONCEICAO MOURAO;RUA DUAS NACOES 550
SOBRAL;121;125;CENTRO;SAAE - SERVIÇO AUTÔNOMO DE ÁGUA E ESGOTO - SOBRAL;RUA DR. MONTE, 563
CRUZ;30;90;ZONA RURAL;ESCOLA MARIA FILOMENA SOUSA;CAJUEIRINHO II
ITATIRA;33;146;DISTRITO DE LAGOA DO MATO;CRECHE JOSÉ AUGUSTO LOBO;RUA JOÃO AUGUSTO LOBO S/N
FORTALEZA;116;90;GRANJA PORTUGAL;EM CREUSA DO CARMO ROCHA;RUA DUAS NACOES 1055
FORTIM;8;180;SITIO MUNDO NOVO;EEFTI. JOAO NOBERTO;SITIO MUNDO NOVO
QUIXERAMOBIM;11;171;SEDE RURAL;ASSOCIAÇÃO COMUNITÁRIA DE BOA ESPERANÇA;BOA ESPERANÇA
LIMOEIRO DO NORTE;29;40;CENTRO;EEM LAURO REBOUCAS DE OLIVEIRA;RUA DOS EXPEDICIONARIOS 2921
FORTALEZA;80;133;ALTO DA BALANÇA;EM PROFESSORA EDITH BRAGA;RUA CAPITAO VASCONCELOS 1061
JUAZEIRO DO NORTE;119;476;ANTONIO VIEIRA;ESCOLA PREFEITO ANTONIO CONSERVA;CONSTRUTOR JOSE SABINO SN
QUIXERAMOBIM;11;46;CENTRO;LICEU ALFREDO ALMEIDA MACHADO;AV. DR. JOAQUIM FERNANDES, 95 - CENTRO
CAMOCIM;32;254;JARDIM DAS OLIVEIRAS;ESCOLA PROFISSIONALIZANTE MONSENHOR EXPEDITO DA SILVEIRA;RUA CLEBER PESSOA NAVARRO VERAS
MISSÃO VELHA;16;42;CENTRO;URCA (ANTIGO GINASIO PAROQUIAL);RUA CORONEL JOSE DANTAS, SN
MOMBAÇA;46;113;CENTRO;SECRETARIA DE AÇÃO SOCIAL DE MOMBAÇA-CE;RUA JOSÉ FRUTUOSO SÁ BENEVIDES, 241
GROAÍRAS;65;110;JOSE CASSIANO FEIJAO;CRECHE PRO INFANCIA FRANCISCA TORRES DE PAULA - GROAÍRAS;AV. DOMINGOS JOÃO DE MELO
MARACANAÚ;122;183;SIQUEIRA (siqueira 2);EEM PROFª. EUDES VERAS;AVENIDA SIQUEIRA CAMPOS, 601
PACOTI;5;211;OITICICA;ESCOLA MUNICIPAL FRANCISCO ALVES BARBOSA (OITICICA);SITIO OITICICA
GUARACIABA DO NORTE;74;85;DISTRITO;ESCOLA MUNICIPAL DE PALMEIRAS;PALMEIRAS
VARJOTA;65;147;EMPRÉSTIMOS;C.E.I. EDSON BERNARDINO BEZERRA TEIXEIRA;RUA MANOEL ROMUALDO LOPES, S/N
FORTALEZA;95;263;BARROSO;EEFM PROFESSOR  ALOYSIO BARROS LEAL;RUA 10,  LOT. PRQ.VERDE 28 (CJ JOAO PAULO II)
LIMOEIRO DO NORTE;29;117;ÁREA RURAL;ESCOLA DE 1 GRAU FAUSTINO DE ALBUQUERQUE;SITIO GANGORRA
NOVA RUSSAS;48;11;CENTRO;EEMTI OLEGARIO ABREU MEMORIA;RUA CEL. ANTONIO RODRIGUES VERAS 1018
FORTALEZA;115;429;VILA PERI;CENTRO DE EDUCAÇÃO PEDAGÓGICO EÇA DE QUEIROZ;RUA DOM XISTO ALBANO 611
GROAÍRAS;65;109;JOSE CASSIANO FEIJAO;CRECHE PRO INFANCIA FRANCISCA TORRES DE PAULA - GROAÍRAS;AV. DOMINGOS JOÃO DE MELO
URUBURETAMA;23;111;CENTRO;C S U - ANEXO COLEGIO MUNICIPAL MARIA JULIA MAIA BONFIM;RUA FARMACEUTICO JOSÉ RODRIGUES S/N
CASCAVEL;7;15;BESSALANDIA;ESC.ENS.FUND. JULIA DE MELO;RUA GABRIEL GOMES BARBOSA
FORTALEZA;2;762;GUAJERU;EEEP COMENDADOR MIGUEL GURGEL;RUA JOSE BAIMA, S/N
TRAIRI;97;82;CLEMENTE;EEF MANOEL DE SOUSA BRITO;CLEMENTE
FORTALEZA;94;46;ANTÔNIO BEZERRA;EEF INSTITUTO DOS CEGOS (ANTÔNIO BEZERRA);RUA DR. JOÃO GUILHERME, 373
TAUÁ;19;198;BEZERRA E SOUZA;CENTRO DE EDUCAÇÃO, CIÊNCIAS E TECNOLOGIA - CECITEC;RUA SOLON MEDEIROS, S/N - BR 020
JATI;70;383;CARNAUBA-SEDE;ESCOLA MUNICIPAL DORALICE FERREIRA DE SOUSA;VILA CARNAUBA
CANINDÉ;33;224;IMACULADA CONCEIÇÃO;EEEP CAPELAO FREI ORLANDO;RUA PAULINO BARROSO, 1289
SABOEIRO;43;224;DISTRITO FLAMENGO;E.E.F. MARIA LINDA DA GLÓRIA;DISTRITO FLAMENGO
IGUATU;13;290;ÁREA RURAL DE IGUATU;PSF DO SITIO TANQUES;SITIO TANQUES RODOVIA IGUATU/JUCAS
ACOPIARA;60;269;TRUSSU;EEF MARIA ADELINA DE OLIVEIRA;SITIO LOGRADOURO
FORTALEZA;1;382;VICENTE PINZON;ESCOLA PROFISSIONAL MARIA ANGELA DA SILVEIRA BORGES;RUA PINTOR ANTONIO BANDEIRA, S/N
PALMÁCIA;4;160;CENTRO;EEF JOSÉ ILDEFONSO CAMPOS;RUA FRANCISCO DE QUEIROZ, 2500
JAGUARETAMA;72;22;CENTRO;E.E.M INSTITUTO IMACULADA CONCEICAO;RUA ANTONIO PINTO 301
POTIRETAMA;86;65;CENTRO;ESCOLA DE 1 GRAU MARIA DE OLIVEIRA FILGUEIRA;RUA MARIA DE OLIVEIRA FILGUEIRA SN
BARROQUINHA;108;56;CENTRO;EEMTI JAIME LAURINDO DA SILVA;TRAVESSA DO CAMPO, S/N
BATURITÉ;5;31;SANHARAO-SEDE;INSTITUTO FEDERAL DE EDUCAÇÃO, CIÊNCIA E TECNOLOGIA IFCE;RUA OUVIDOR MOR VITORINO SOARES BARBOSA, 160
JIJOCA DE JERICOACOARA;30;268;CENTRO;ESCOLA PROFA. IGARDENE FONTELES DE ARAUJO;RUA CAMPO GRANDE S/N - CONJUNTO PRIMAVERA
MARACANAÚ;122;270;ACARACUZINHO;EEF ANTONIO GONDIM DE LIMA;AV. LATERAL SUL S/N
MARACANAÚ;104;296;PAJUÇARA;EMEF MARIA PEREIRA DA SILVA;RUA JUSTINO DE SOUSA, 842
HIDROLÂNDIA;54;5;CENTRO;E. M. E. F. ADAIL FREITAS MARINHO;RUA VEREADOR EXPEDITO PEREIRA DE SOUSA, 199
MULUNGU;5;150;RIO NILO-SITIO;POSTO DE SAÚDE DO RIO NILO;RIO NILO
FORTALEZA;94;65;ANTÔNIO BEZERRA;EEF INSTITUTO DOS CEGOS (ANTÔNIO BEZERRA);RUA DR. JOÃO GUILHERME, 373
LIMOEIRO DO NORTE;29;166;BOM NOME;EEF VALDETRUDES EDITH HOLANDA;RUA ANTONIO RIBEIRO DE CASTRO, S/N
PEDRA BRANCA;59;130;SANTA TEREZINHA;ESCOLA DE ENSINO MÉDIO ELZA GOMES MARTINS;RUA DOCA PESSOA, 80
SOBRAL;24;104;JUNCO;EEFI NETINHA CASTELO;AV. JOHN SANFORD S/N
CAPISTRANO;105;172;ZONA RURAL;ESCOLA DE ENSINO FUNDAMENTAL JOSE SARAIVA SOBRINHO;PESQUEIRO
PARAIPABA;109;126;BOA ESPERANÇA;EMTI HUMBERTO VIEIRA PESSOA;RUA MARIA CLARICE MOREIRA, 200
TAMBORIL;61;19;DISTRITO DE BOA ESPERANÇA;EMEIF FRANCISCO VIANA FILHO;RUA GONÇALO CARLOS FARIAS, S/N - VILA BOA ESPERANÇA
TRAIRI;97;13;CENTRO;EEB RAIMUNDO NONATO RIBEIRO;RUA RAIMUNDO NONATO RIBEIRO
FORTALEZA;95;309;CONJUNTO PALMEIRAS;EMTI JOAO GERMANO DA PONTE NETO;RUA MAIZA, 549
MOMBAÇA;46;137;TEJUBANA;ESCOLA DE ENSINO FUNDAMENTAL ANTONIO SOARES;AV. ANTONIO NONATO DE CARVALHO
FORTALEZA;114;27;ÁLVARO WEYNE;EM MARIA ROSELI LIMA MESQUITA;RUA FRANCISCO CALAÇA 1791
FORTALEZA;113;1;BENFICA;FACULDADE DE ARQUITETURA E URBANISMO DA UFC;AV. DA UNIVERSIDADE, 2890
CANINDÉ;33;479;MONTE ;EMEF SÃO FRANCISCO;AV FRANCISCO CORDEIRO CAMPOS, 500
CASCAVEL;7;185;CAPONGA;ESC.ENS.FUND. JOÃO BERNARDO FILHO;CAMURIM
MISSÃO VELHA;16;107;SITIO SANTA TEREZA;CRECHE ANA MACEDO COELHO ( ANTIGA PAULO MACEDO);SITIO LAGOA DO PINTADO
TRAIRI;97;28;CANA BRAVA;EEF SOUSA LEAO;CANA BRAVA
QUIXADÁ;6;42;CAMPO NOVO;POLO DE ATENDIMENTO DO CAMPO NOVO;AV PRESIDENTE VARGAS, S/N
PORANGA;40;84;SANTANA;ESCOLA ARIMATEAS FRANCISCO DE PINHO - SANTANA;SANTANA
TIANGUÁ;81;326;ÁREA RURAL DE TIANGUÁ;E.E.F. PROFª. OFÉLIA PORTELA MOITA;RUA 31 DE MAIO - SÍTIO CÓRREGO
TRAIRI;97;89;MUNDO NOVO;EEF JULIA MONTEIRO;MUNDO NOVO
BARBALHA;31;146;SÍTIO SANTA CRUZ (CALDAS);EEF CORONEL GREGORIO CALLOU;SITIO SANTA CRUZ, S/N (7.36763 S, 39.36916 W)
FORTALEZA;80;323;DIONISIO TORRES;COLÉGIO SANTO INACIO;AVENIDA DESEMBARGADOR MOREIRA 2355
IPUEIRAS;40;54;AMÉRICA;ESCOLA DE ENSINO FUNDAMENTAL MARIANO MARINHO DE OLIVEIRA - AMÉRICA;AMÉRICA
TIANGUÁ;81;225;SANTO ANTÔNIO;LICEU DE TIANGUÁ - JOSE NI MOREIRA;RUA ZENI, 12 - SANTO ANTONIO
NOVA OLINDA;53;34;CRUZEIRO;EEF PADRE CRISTIANO COELHO;AV. JEREMIAS PEREIRA S/N
CASCAVEL;7;280;ALTO LUMINOSO;E.E.E.F.M. PADRE ARIMATEIA DINIZ;RUA FOTOGRAFO JOSE HONORATO, 2911
IBICUITINGA;47;166;CANINDEZINHO;EEB MANOEL ANTONIO DE FREITAS;CANINDEZINHO  - SEDE
ITAPIPOCA;17;56;DESERTO;EEFMI HILDEBERTO BARROSO;AVENIDA VEREADORA LEIDA SOARES, 1205
MISSÃO VELHA;16;93;SEDE;EEF JUVENAL RODRIGUES BRANDAO;AVENIDA JOSE SOBREIRA DA CRUZ S/N, MATERNIDADE
SÃO BENEDITO;22;43;CENTRO-SEDE;EEF MINISTRO ANTONIO COELHO;RUA MIN ANTONIO COELHOI  452
PALMÁCIA;4;186;CENTRO;ESCOLA MUNICIPAL RAMILSON HOLANDA LUZ;RUA FRANCISCO DE QUEIROZ, S/N
AIUABA;101;39;CENTRO;ESCOLA PADRE PEDRO JOSE;RUA ARMANDO ARRAES FEITOSA 30
ALTO SANTO;86;46;CENTRO;ESCOLA DE 1 GRAU CAZUZA BEZERRA;RUA 31 DE MARCO SN
EUSÉBIO;88;112;PEDRAS;EEF EVANDRO AYRES DE MOURA;RUA DOMINGOS SAVIO, 578 - PEDRAS
PACAJUS;49;254;CRUZ DAS ALMAS;EEF SEN VIRGILIO DE MORAIS FERNANDES TAVORA;RUA MONTEMOR SN
PIQUET CARNEIRO;12;21;MULUNGU;EMEIF SÃO SEBASTIÃO;DISTRITO DE MULUNGU
PIQUET CARNEIRO;12;171;CENTRO;EMEI PROFESSORA MARIA DE LOURDES DAMASCENO MARQUES;RUA MÃE RAINHA - BUMERANGUE
SANTA QUITÉRIA;54;93;DISTRITO DE MALHADA GRANDE;ESCOLA MUNICIPAL MARIA DE NAZARÉ;DISTRITO DE MALHADA GRANDE
SANTA QUITÉRIA;54;65;BOA VIDA;E.E.E.P.  MONSENHOR LUIZ XIMENES FREIRE;AVENIDA MELQUIADES MOURÃO, SN.
CARIÚS;43;153;ESPLANADA-SEDE;EEF NOSSA SENHORA AUXILIADORA;RUA RAUL NOGUEIRA S/N
EUSÉBIO;88;201;TAMATANDUBA;CEI TEREZINHA CAMPINA BRAUNA;RUA EZEQUIEL CAMPINA, S/N
CARIÚS;43;168;SAO SEBASTIAO-DISTRITO;EEIF JOAO DIAS DE MORAIS (ANTIGA JOAO LEITE CHAVES);VILA SAO SEBASTIAO
UMARI;15;224;PIO X - DISTRITO;CRECHE RITA FERREIRA DE ALENCAR;DISTRITO PIO X
TURURU;17;674;ALTO DOS CAMELOS;CENTRO EDUCACIONAL ERNESTO GHISLANDI;RUA JATOBA I
MORAÚJO;64;54;CENTRO;MORAÚJO - ESCOLA MUN. Mª CARLITA ARAÚJO;COHAB 2 - CENTRO
PORTEIRAS;70;294;FREI JORGE-SEDE;ESCOLA DE 1 GRAU JOAO TAVARES MIRANDA;SITIO FREI JORGE
FORTALEZA;118;268;SERRINHA;COLÉGIO MARIA ESTER I;RUA ANTONIO TEIXEIRA LEITE, 248
POTIRETAMA;86;51;BARACHA;ESCOLA DE 1 GRAU FRANCISCO SEBASTIAO DE ASSIS;SITIO BARACHA
PACATUBA;57;250;CONJUNTO JEREISSATI II;EEIEF JOAO PAULO SAMPAIO DE MENEZES;RUA 74 SETOR G, 900
MASSAPÊ;45;91;ZONA RURAL;E.M.T.I FRANCISCO SEVERO DE ARAÚJO ;MUMBABA DE BAIXO
MADALENA;63;173;MACAOCA;EEF ANTONIO ALVES DA SILVA;PAU  DARCAL
FORTALEZA;82;181;MONTE CASTELO;EEMTI CLÁUDIO MARTINS;RUA DEMÓCRITO ROCHA, 400
PACATUBA;57;210;CONJUNTO JEREISSATI II;ESCOLA DE 1 GRAU DEPUTADO FAUSTO ARRUDA AGUIAR;AV. 26 S/N
MORADA NOVA;47;208;CENTRO;CENTRO EDUCACIONAL MONSENHOR TABOSA;AV. MANOEL CASTRO, 440
VIÇOSA DO CEARÁ;35;81;CENTRO;E.E.M DEPUTADO MANOEL RODRIGUES;RUA PROFESSOR JOÃO VIANA, S/N
FORTALEZA;116;96;GRANJA PORTUGAL;EM CREUSA DO CARMO ROCHA;RUA DUAS NACOES 1055
SANTA QUITÉRIA;54;198;PEREIROS;E. E. F. DEPUTADO CHICO FIGUEREDO;RUA EDSON LOBO DE MESQUITA
FORTALEZA;116;405;BONSUCESSO;EM JOAO PAULO I;RUA LUIZ DE CASTRO 254
JUAZEIRO DO NORTE;28;372;SALESIANOS;EEF JOSE GERALDO DA CRUZ;DO ROSARIO 622
GUAIÚBA;57;119;ITACIMA;CENTRO EDUCACAO INFANTIL DEODORO VALENTIM MAIA;RUA GUILHERME PEREIRA SOUSA, S/N
IGUATU;13;266;FLORES;ESCOLA DE ENS FUND CARLOTA TAVORA;JUVENAL BARRETO 432
VIÇOSA DO CEARÁ;35;179;CENTRO;E.E.F JOÃO FIRMINO DE SOUSA;BAIRRO SÃO JOSÉ
BARRO;92;59;CENTRO-SEDE;ESCOLA DE ENSINO BASICO MAURO SAMPAIO;RUA MAJOR JANUARIO S/N
CAUCAIA;37;15;GRILO;EEIEF NAIR MAGALHÃES GUERRA;RUA JOAQUIM BENTO CAVALCANTE, 500
SOBRAL;24;420;JOSÉ EUCLIDES;EEFI MOCINHA RODRIGUES;RUA EVANGELINA SABOIA, S/N
SANTANA DO CARIRI;53;46;CENTRO;CREI MARIA LUIZA DE SOUSA;RUA DR. JOSE AUGUSTO, 508
MISSÃO VELHA;16;66;FREI DAMIÃO DE BOZZANO;EEFM MONSENHOR ANTONIO FEITOSA;AVENIDA CORONEL JOSÉ DANTAS, S/N
EUSÉBIO;88;124;MANGABEIRA;EEM MANOEL FERREIRA DA SILVA;RUA ELIEZER PARRIAO, 105 - MANGABEIRA
IGUATU;13;287;JOSÉ DE ALENCAR;IGREJA DO SÍTIO GENIPAPEIRO;SITIO GENIPAPEIRO
FORTALEZA;3;121;JACARECANGA;COLÉGIO ESTADUAL LICEU DO CEARÁ;PRAÇA GUSTAVO BARROSO, 01
FORTALEZA;1;486;PAPICU;COLEGIO ANTARES - OCELO PINHEIRO;RUA PROFESSOR OCELO PINHEIRO 101
FARIAS BRITO;62;240;NOVA BETANIA;EEF FRANCISCO CASTELO DE CASTRO;AVENIDA MANOEL NERES DE OLIVEIRA, S/N
MISSÃO VELHA;16;117;ZONA RURAL;CRECHE SANTA RITA;SITIO BANCO DE AREIA
MARTINÓPOLE;25;75;CONJUNTO BENEDITO BARROS;E.E.M.T.I. PREF. DÁRIO CAMPOS FEIJÓ;RODOVIA CE, 362
LIMOEIRO DO NORTE;29;131;CENTRO;CENTRO EDUCACIONAL SAO VICENTE DE PAULO - PATRONATO;RUA SABINO ROBERTO 398
IGUATU;13;26;VENEZA;ESCOLA DE ENS FUND FILGUEIRAS LIMA;RUA NELSON ALENCAR
FORTALEZA;1;340;CAIS DO PORTO;ESCOLA ESTADUAL MAESTRO ELIAZAR DE CARVALHO;RUA FRANCISCO ALVES PEREIRA  349
IPAPORANGA;20;296;ALTO DO BOM PRINCÍPIO;ESCOLA DE ENSINO FUNDAMENTAL WALDEMAR DE ALCÂNTARA;RUA PEDRO CORREIA LEITÃO, 45
GROAÍRAS;65;108;CENTRO;EEFM MONSENHOR LINHARES;RUA RAIMUNDO NONATO ALBUQUERQUE, 201
FORTALEZA;1;482;VARJOTA;COLEGIO FARIAS BRITO - PRÉ UNIVERSITARIO - JULIO ABREU;AVENIDA JULIO ABREU, 284
HIDROLÂNDIA;54;235;CENTRO;E.E.F.M. PRISCILA MACIEL DE FRANÇA;RUA PROFESSORA ARGENTINA FAÇANHA, 471
FORTALEZA;114;21;BARRA DO CEARÁ;SENAI - CENTRO DE FORMAÇÃO PROFISSIONAL;AVENIDA FRANCISCO SÁ 7221
PIRES FERREIRA;21;13;DISTRITO;E.E.F. CENTRO EDUCACIONAL RURAL;DELMIRO GOUVEIA
CEDRO;13;507;SANTO ANTÔNIO;ESCOLA DE ENS FUND VICENTE TEIXEIRA DE MOURA;ST ANGICO
MARACANAÚ;104;33;JEREISSATI I;EMEIEF MARIA ÍSIS MENEZES ANDRADE;RUA ANTÔNIA ARAÚJO FERREIRA, S/N
ITAREMA;98;188;CENTRO;LICEU DE ITAREMA - EEM VALDO VASCONCELOS RIOS;RUA DAS INDUSTRIAS S/N - CENTRO
IRACEMA;86;118;CAMPO;E.E.F. JOAQUIM DE HOLANDA CAMPELO;RUA ARCINDO DE HOLANDA NEGREIRO, 130
FORTALEZA;115;439;VILA PERI;EM RAIMUNDO SOARES DE SOUSA;RUA COSTA FREIRE 550
CAUCAIA;123;449;PARQUE GUADALAJARA (JUREMA);COLÉGIO PLENO DO CEARÁ - CPC;RUA PADRE ALFREDO NESI, 363 (ANTIGA RUA CAMPECHE )
CRATEÚS;20;318;SANTANA;ESCOLA DE CIDADANIA IMACULADA CONCEICAO;CORREDORES
FORTALEZA;117;277;CONJUNTO ESPERANÇA;COLEGIO SANTA HELENA;AV CONTORNO NORTE 819
ITAPIPOCA;17;10;CENTRO;EEM JOAQUIM MAGALHÃES;RUA PERGENTINA ARAUJO S/N
PARAIPABA;109;177;BOA ESPERANÇA;EEEP FLÁVIO GOMES GRANJEIRO;RUA MARIA MOREIRA, SN
MARACANAÚ;104;218;JEREISSATI I;EMEIEF MARIA ÍSIS MENEZES ANDRADE;RUA ANTÔNIA ARAÚJO FERREIRA, S/N
FORTALEZA;114;242;BARRA DO CEARÁ;CENTRO DE EDUCAÇÃO COMPLEMENTAR (CEDCE) - ANTIGO SESI;AVENIDA FRANCISCO SÁ 6623
NOVA RUSSAS;48;112;SITIO NOVO;GRUPO ESCOLAR FRANCISCO FERRO DE SOUSA;LOCALIDADE DE SITIO NOVO,
ITAPIPOCA;17;689;ASSUNÇÃO;EEB RAIMUNDO GONCALVES DA SILVA;PARACATU
FORTALEZA;1;346;MUCURIPE;ESCOLA ESTADUAL MATIAS BECK;RUA  PROFESSORA AIDA BALAIO 38
CRATEÚS;20;220;IRAPUA;ESCOLA DE CIDADANIA LUTANDO PARA VENCER;ASSENTAMENTO DOS POCINHOS
GUARACIABA DO NORTE;74;194;DISTRITO;E.E.I.F. JOAO EUFRASIO FILHO;MOCAMBO - VARZEA DOS ESPINHOS
FORTALEZA;93;109;MONDUBIM;EM OSMIRIO DE OLIVEIRA BARRETO;RUA 10, S/N (CJ SITIO DO CÓRREGO)
FORTALEZA;93;97;PREFEITO JOSÉ WALTER;CEI ROGACIANO LEITE;AVENIDA J, 1488 - III ETAPA
CAPISTRANO;105;174;ZONA RURAL;ESCOLA DE ENSINO FUNDAMENTAL RAIMUNDO ALVES CASSEMIRO;CARQUEIJA
ARACATI;8;330;SÍTIO CARAÇO;ASSOCIAÇÃO DOS AGRICULTORES DO SITIO CARAÇO (AASC);SÍTIO CARAÇO, S/N - ZONA RURAL
FORTALEZA;117;208;CONJUNTO ESPERANÇA;EEFM PROFA ADALGISA BONFIM SOARES;AV. DO CANAL, S/N, ESQUINA COM RUA 103 - CONJUNTO ESPERANÇA
FORTALEZA;117;233;SIQUEIRA;EEFM SENADOR OSIRES PONTES;RUA DIVINA 150
CAUCAIA;37;118;GUAGIRU;E.E.F. ALBA PESSOA DA SILVA;RUA SAO MIGUEL, 105
PACATUBA;57;63;MONGUBA;EEF MARIA DE SA RORIZ;RODOVIA CE 060 KM 15
AMONTADA;89;94;CENTRO;EEEP LUIZ GONZAGA FONSECA MOTA;AV GAL ALÍPIO DOS SANTOS 1360
PACATUBA;57;311;NOVA PACATUBA;ESCOLA ANEXO JARDIM BOM RETIRO;RUA JOAQUIM FLORENCIO BARROS, 40
CAUCAIA;37;43;PARQUE SOLEDADE;COLEGIO JANUSA CORREA;RUA NOSSA SENHORA DOS PRAZERES, 238
PEREIRO;10;168;CENTRO;ESCOLA PINGO DE GENTE (ESPECIAL);RUA SEVERO HOLANDA S/N
SOBRAL;24;560;JOSÉ EUCLIDES;EEFI MOCINHA RODRIGUES;RUA EVANGELINA SABOIA, S/N
IRAUÇUBA;41;27;CENTRO-SEDE;EEMTI DIRETORA MARIA DILMA BASTOS FERREIRA (ESCOLA DE ENSINO MEDIO);AVENIDA PAULO BASTOS, 68
RUSSAS;9;302;CENTRO;ESCOLA DE ENSINO FUNDAMENTAL CORONEL MURILO SERPA;TRAVESSA SEBASTIAO SANTIAGO LIMA 160
MILHÃ;55;92;SEDE;ASSOCIAÇÃO COMUNITÁRIA DE VILA NOVO DESTINO E SITIOS VIZINHOS;SITIO NOVO DESTINO
MORAÚJO;64;50;VÁRZEA DA VOLTA;VÁRZEA DA VOLTA - ESCOLA M. ANTº BENÍCIO DE VASCONCELOS;DISTRITO VÁRZEA DA VOLTA
FORTALEZA;93;136;PREFEITO JOSÉ WALTER;COLEGIO VEGA;AVENIDA C, 160
HORIZONTE;78;346;PLANALTO HORIZONTE;EMEF JORGE PEREIRA DA ROCHA;RUA PAULO FREIRE 40
MORADA NOVA;47;82;BOA AGUA;EEB MARIA RABELO MARTINS;RUA JULIO MARTINS DA COSTA, 24 - BOA ÁGUA
BEBERIBE;84;41;PARIPUEIRA;ESCOLA MUNICIPAL ERNESTO GURGEL VALENTE;RUA FRANCISCO XAVIER 217 - CENTRO
JUAZEIRO DO NORTE;119;395;SAO JOSE;ESCOLA MARIA DE LOURDES JEREISSATI;RUA CECILIA SILVA DE SOUSA
FORTALEZA;94;835;VILA VELHA;EMEIF FRANCISCO EDILSON PINHEIRO;RUA N, 35
JIJOCA DE JERICOACOARA;30;115;ZONA RURAL;EEEP SANDRA CARVALHO COSTA;CORREGO DA FORQUILHA I
TURURU;17;666;LAGOA DO INÁCIO / ZONA RURAL;EMEF SAO BERNARDO;LOCALIDADE LAGOA DO INACIO
AIUABA;101;33;CENTRO;ESCOLA PADRE PEDRO JOSE;RUA ARMANDO ARRAES FEITOSA 30
ALCÂNTARAS;24;6;BELA VISTA;CRAS - CENTRO DE REFERENCIA DA ASSISTENCIA SOCIAL;PRACA GREGORIO CUNHA S/N
SÃO BENEDITO;22;86;SITIO SAO MIGUEL;EEF SAO MIGUEL;SITIO SAO MIGUEL
CAUCAIA;37;418;CUMBUCO;E.E.F. HELENA DE AGUIAR DIAS;AV DOS COQUEIROS, S/N
FORTALEZA;1;546;VICENTE PINZON;CIES AIDA SANTOS;AVENIDA TRAJANO DE MEDEIROS  813
PEDRA BRANCA;59;75;SEDE;EEIF HENRIQUE ALVES PEREIRA;SITIO SAO FRANCISCO
CARIRÉ;65;140;CAMPO DE AVIAÇÃO;ESCOLA EIEF MARIA JOSE RODRIGUES PONTE;RUA FRANCISCO ARAUJO CHAVES SN
FORTALEZA;114;353;BARRA DO CEARÁ;EMTI ALDEMIR MARTINS;AV. FRANCISCO SÁ, 7460
ITAITINGA;78;402;PARQUE GENEZARÉ;EEF DONA CONCEIÇÃO;RUA DR. MANOEL SÁTIRO, N 132
IBIAPINA;73;1;PRAÇA DO ESTÁDIO;CRECHE MUNICIPAL PRÓ-INFÂNCIA GUILHERME ARAGÃO QUEIROZ;RUA LUÍS BASÍLIO DE LIMA, S/N
FORTALEZA;112;424;EDSON QUEIROZ;COLEGIO ARI DE SA CAVALCANTE WS;AV WASHINGTON SOARES, 3737
CRATO;27;299;PONTA DA SERRA;EEM JOAQUIM VALDEVINO DE BRITO;RUA MARIA RIBEIRO DE MATOS S/N
MARACANAÚ;122;110;ALTO ALEGRE I;EMEIEF CESAR CALS DE OLIVEIRA FILHO;RUA LITUANIA S/N
CRATO;27;373;ALTO DA PENHA;EEIEF GOVERNADOR LUIZ DE GONZAGA DA FONSECA MOTA;RUA PLÍNIO CAVALCANTE S/N
FORTALEZA;2;84;GUAJERU;EEEP COMENDADOR MIGUEL GURGEL;RUA JOSE BAIMA, S/N
FORTALEZA;2;478;MESSEJANA;EEM DEPUTADO PAULO BENEVIDES;RUA ANGELICA GURGEL, 186
MARANGUAPE;4;379;PENEDO;EMEIEF CARLOS PEREIRA DE SOUSA;RUA JOSÉ MENEZES, S/N
MARANGUAPE;4;33;PARQUE IRACEMA - MARANGUAPE;EEMTI ANCHIETA;RUA ANTÕNIO GOMES BESSA, 60
FORTALEZA;1;469;PAPICU;ESCOLA ESTADUAL MARIA JOSE MEDEIROS;RUA DESEMBARGADOR LAURO NOGUEIRA 1240
CRATO;27;57;PALMEIRAL;SESC - SERVIÇO SOCIAL DO COMÉRCIO;RUA ANDRÉ CARTAXO, 443
PACATUBA;57;14;CENTRO;EEM CRISPIANA DE ALBUQUERQUE;RUA RAIMUNDO SIQUEIRA,1819
FORTALEZA;2;95;LAGOA REDONDA;COLÉGIO AGNUS SUL;TRAVESSA MARROCOS, 145
ARNEIROZ;101;80;CACHOEIRA DE FORA;GRUPO ESCOLAR JOAO MONTEIRO;CACHOEIRA DE FORA
MARACANAÚ;104;168;PAJUÇARA;EMEIEF ANTÔNIO DE ALBUQUERQUE SOUSA FILHO;RUA SENADOR PETRÔNIO PORTELA, 145
FORTALEZA;118;683;BOA VISTA-CASTELÃO;COLÉGIO SÃO LUCAS;RUA JOSÉ DA FRANCA CABRAL, 748
MIRAÍMA;89;278;CAMPO ALEGRE;EEB JOSE RICARDO VENANCIO;RUA ANACELMO XAVIER
FORTALEZA;3;297;CENTRO;ACADEMIA DO PROFESSOR DARCY RIBEIRO;RUA DONA LEOPOLDINA, 907
CAUCAIA;120;254;CAMPO GRANDE;E.E.I.E.F. MARIA LUIZA DO VALE FORTE;RUA CÉLIO CÂNDIDO, S/N - BR 020 - KM 01 - CARRAPICHO
JUAZEIRO DO NORTE;119;156;JOAO CABRAL;ESCOLA IVA EMIDIO GONDIM;PIO NOROES SN
MARACANAÚ;122;107;INDUSTRIAL;EMEF VINICIUS DE MORAIS;RUA N NO. 425 (ESPLANADA DO MONDUBIM)
FORTALEZA;2;146;MESSEJANA;EM JOSEFA BARROS DE ALENCAR;RUA DOUTOR JOAQUIM BENTO 590
CAUCAIA;123;483;MARECHAL RONDON (JUREMA);CAPEMI - LAR FABIANO DE CRISTO;AV. DOM ALMEIDA LUSTOSA, 4395
CAUCAIA;123;530;PARQUE GUADALAJARA (JUREMA);CEI - CENTRO EDUCAÇÃO INFANTIL AFONSO BARBOSA;RUA SACY, 519
FORTALEZA;117;325;MANOEL SÁTIRO;EMEIF MARIA BEZERRA QUEVEDO;RUA 103, 28 - CJ. NOVO MONDUBIM
SOBRAL;24;425;CAMPO DOS VELHOS;EEM PROF. LUIS FELIPE;RUA CEL JOSE SILVESTRE, 760
ITAPIPOCA;17;619;CACIMBAS;CENTRO EDUCACIONAL MARIA MAGALHAES VIANA AZEVEDO;RUA MOESIO LOIOLA S/N
FORTALEZA;1;831;CAIS DO PORTO;CRECHE RACHEL GUIMARÃES MARTINS BARBOSA;VIA DE PEDRESTE LESTE OESTE 01
CAMPOS SALES;38;127;B. APARECIDA;E.E.F.T.I. - PADRE AZARIAS SOBREIRA - SEDE;RUA JOSÉ PINTO DA SILVA, S/N
ITAREMA;98;204;ZONA RURAL;EMEF ALTAIR GIFFONI;CE 434 KM 1- GARGOE
LAVRAS DA MANGABEIRA;14;11;CRUZEIRO;CENTRO DE EDUCAÇÃO INFANTIL MUNDO MÁGICO - CRECHE;RUA PETRONÍLIA DOS SANTOS, S/N - SEDE, CRUZEIRO
GUAIÚBA;57;184;PINHEIRO;EEBM HILDA FRADIQUE ACCIOLY;RUA RAIMUNDO BANDEIRA, SN
ITAREMA;98;162;CENTRO;EMEF PE ARISTIDES ANDRADE SALES;AV JOAO BATISTA RIOS S/N
FORTALEZA;1;697;VARJOTA;FACULDADE FARIAS BRITO - CASTRO MONTE;RUA CASTRO MONTE 1364
CRATO;27;99;PINTO MADEIRA;AGÊNCIA DA PREVIDÊNCIA SOCIAL- INSS;RUA JOSÉ MARROCOS, 458
CRATO;27;189;PIMENTA;EEMTI WÍLSON GONÇALVES;PRAÇA DR. JOAQUIM FERNANDES TELES, SN.
FORTALEZA;1;402;CAIS DO PORTO;ESCOLA MUNICIPAL PROF. GODOFREDO DE CASTRO FILHO;AVENIDA JOSÉ SABÓIA  905
MARACANAÚ;104;369;PAJUÇARA;EMEF LUIZ GONZAGA DOS SANTOS;RUA PEDRO BATISTA, 110
GUAIÚBA;57;68;AGUA VERDE;EEBM SAO FRANCISCO;RUA MANOEL BANDEIRA, S/N
PEDRA BRANCA;59;154;SEDE;EEIF JOAQUIM VIANA DE LIMA;SITIO ARISCO
UMIRIM;23;288;CENTRO-SEDE;E.E.F. MOCINHA GOMES DE SOUSA;RUA MAJOR SALES, 84
FORTALEZA;114;13;JARDIM IRACEMA;EM JESUS CRISTO - CEI ANEXO;RUA ALBERTO FERREIRA 564
CRATO;27;371;PINTO MADEIRA;EEF DOM QUINTINO;RUA SÃO FRANCISCO S/N
QUIXERÉ;29;253;TOME;EEB PE JOSE DE ANCHIETA;CERCADO DO MEIO
GUARACIABA DO NORTE;74;70;DISTRITO;E.E.I.F DE SANTO ANTONIO DOS CAMELOS ANEXO;SANTO ANTONIO DOS CAMELOS
GUARACIABA DO NORTE;74;12;SEDE;ESCOLA MUNICIPAL D PEDRO I;RUA 12 DE MAIO - CENTRO
FORTALEZA;115;401;MANOEL SÁTIRO;EEFM PROFESSOR MARIO SCHENBERG;RUA AMERICO ROCHA LIMA 835
JUCÁS;43;46;VILA JOSÉ BENTO - SEDE;ESCOLA DE ENSINO FUNDAMENTAL  AUREA LEAL;VILA JOSE BENTO 170
FORTALEZA;117;453;SIQUEIRA;COLÉGIO VENCER;RUA JARDIM PARUARA, 1108
UBAJARA;73;162;SEBASTIAO GOMES PARENTE;ESCOLA  LUIZ GONZAGA DA FONSECA MOTA;RODOVIA ESTADUAL CE 187 (RODOVIA DA CONFIANCA)
SALITRE;38;68;CENTRO;E.E.E.M.T.I. - VALDEMAR DE ALCÂNTARA E SILVA - SEDE;AVENIDA DO ESTADO, S/N
ACARAPE;52;169;SÃO BENEDITO;ESCOLA FRANCISCO ROCHA RAMOS;RUA FROTA GONCALVES, SN
AQUIRAZ;66;67;GENIPAPEIRO;EMEF MANOEL ASSUNCAO PIRES;RUA PRINCIPAL S/N
MARANGUAPE;4;17;PARQUE SANTA FÉ - MARANGUAPE;CEM DEP. MANOEL RODRIGUES;RUA JUSCELINO KUBITSCHEK, S/N
PEDRA BRANCA;59;89;SANTA URSULA;CRECHE-TI MIRIAN PORTO MOTA;TRAVESSA SABINO VIEIRA CAVALCANTE,16
FORTALEZA;116;198;GRANJA LISBOA;EM PROF LIREDA FACO;RUA TRES CORACOES 735
SOBRAL;121;60;COHAB I;EEFM MONS. JOSE GERARDO FERREIRA GOMES(NOELIA);RUA MADALENA DE SÁ, S/N
SÃO GONÇALO DO AMARANTE;36;88;UMARITUBA-DISTRITO;E. E. F. LEONICE ALCANTARA;UMARITUBA
CARIRÉ;65;4;PARAÍSO;EEFM CEFISA AGUIAR;RUA ISAIAS MACHADO PORTELA
MOMBAÇA;46;130;CATOLE;ESCOLA DE ENSINO FUNDAMENTAL JOSÉ LIBERATO DE PÁDUA;CATOLE
MOMBAÇA;46;138;CENTRO;EEF PE. PEDRO LEÃO;RUA FRANCISCO DE ASSIS BARROSO FEIJÓ
ITATIRA;33;236;ZONA RURAL;EMEF JOSE PESSOA DE CARVALHO;LOCALIDADE QUEIMADA DA ONCA I
IPAPORANGA;20;242;CAJÁS DOS JORGES;ESCOLA DE ENSINO FUNDAMENTAL JORGE PINHEIRO DE OLIVEIRA;CAJAS DOS JORGES
ARACATI;8;334;VARZEA DA MATRIZ;COLEGIO MUNICIPAL;RUA PADRE PACHECO, S/N.
PINDORETAMA;7;244;SEDE;EMEB PROFESSORA VERÔNICA PEREIRA DE ARAÚJO;RODOVIA CE-040, S/N, PINDORETAMA
LIMOEIRO DO NORTE;29;154;CENTRO;EEF PE JOAQUIM DE MENEZES;AV DOM AURELIANO MATOS 1853
BANABUIÚ;6;404;PEDRAS BRANCAS;EEF ERNESTO DE SOUSA NOBRE;JUREMA
ICÓ;15;42;CENTRO - SEDE;EEM - VIVINA MONTEIRO;RUA DR INACIO DIAS S/N
FORTALEZA;95;147;CONJUNTO PALMEIRAS;CEI CESAR CALS DE OLIVEIRA NETO;RUA CAMPINENSE, 54
JUAZEIRO DO NORTE;119;72;LIMOEIRO;EEF FELIPE NERY DA SILVA;PRIMEIRO DE MAIO SN
CHORÓ;6;123;MONTE CASTELO;EEF PADRE JOSÉ BEZERRA FILHO;SERRA DO TEIXEIRA
EUSÉBIO;88;175;CENTRO;ESCOLA EROTIDES MELO LIMA;RUA BLUMENAU, 158 - CENTRO
VIÇOSA DO CEARÁ;35;27;CENTRO;E.E.M.T.I IRMA LINS;AVENIDA SEBASTIAO NOGUEIRA S/N
PEREIRO;10;160;SITIO VARRELO;ESCOLA MUNICIPAL MARIA NAZARE DE JESUS;SITIO VARRELO
PEDRA BRANCA;59;150;SANTA TEREZINHA;ESCOLA DE ENSINO MÉDIO ELZA GOMES MARTINS;RUA DOCA PESSOA, 80
FORTALEZA;80;351;JOAQUIM TÁVORA;COLÉGIO SALESIANO DOM BOSCO;AV ANTONIO SALES 116
RERIUTABA;79;71;CENTRO;EEMTI CORONEL ALFREDO SILVANO;RUA JOSÉ TEODORO SOARES, S/N
SÃO GONÇALO DO AMARANTE;36;297;ESPINHO-POVOADO;ESCOLA DE ENSINO FUNDAMENTAL VEREADOR CESARIO DE OLIVEIRA FILHO;ESPINHO
FORTALEZA;82;606;PIRAMBU;CENTRO DE EDUCAÇÃO INFANTIL (CEI) MARIA DALVA DOS SANTOS;RUA COSTA MATOS, S/N
MARACANAÚ;104;36;PAJUÇARA;EMEF RODOLFO TEÓFILO;RUA OTÁVIO ALVES, 1120
ACOPIARA;60;135;VILA MOREIRAS;CRAS III - MARIA RAMOS BARROS;AV FRANCISCO ALVES, S/N
CAUCAIA;120;311;PLANALTO CAUCAIA;E.E.F.M. VICENTE ARRUDA;RUA, 113 S/N - CIGANA
JAGUARUANA;75;52;LAGOA VERMELHA;E.E.F. JOSE SIMOES FILHO;LAGOA VERMELHA
FORTALEZA;94;11;QUINTINO CUNHA;EEMTI MARIA JOSÉ SANTOS FERREIRA GOMES (CERE);RUA DONA LUCIA PINHEIRO, 93
LIMOEIRO DO NORTE;29;174;CENTRO;COLEGIO DIOCESANO PE ANCHIETA;AV DOM AURELIANO MATOS 1925
FORTALEZA;117;380;CANINDEZINHO;EM FLORIVAL ALVES SERAINE;RUA ITATIAIA, 1000
TIANGUÁ;81;116;ÁREA RURAL DE TIANGUÁ;E.E.F. DR. EDSON CARVALHO LIMA;SÍTIO BODEGAS
CHOROZINHO;49;89;SALGADO;EEF FIRMINO FELIPE SANTIAGO;LOCALIDADE DE SALGADO
BARBALHA;31;130;SANTANA II;EEMTI ALMIRO DA CRUZ (SITIO SANTANA II);AV. PROJETADA IV, S/N - SITIO SANTANA II (7.32601 S, 39.24044 W)
FORTALEZA;2;747;PAUPINA;CMES ANISIO TEIXEIRA;TRAVESSA DO GUARANI, 355
FORTALEZA;2;792;LAGOA REDONDA;ESCOLA MUNICIPAL ISABEL FERREIRA;RUA ISABEL FERREIRA, 1000 - CONJ. CURIÓ
ITAPIPOCA;17;729;FAZENDINHA;EEEP RITA AGUIAR BARBOSA;AVENIDA ESAÚ ALVES AGUIAR, 3031
IGUATU;13;109;GADELHA;ASSOCIAÇÃO DOS MORADORES DO CARDOSO II;SITIO CARDOSO II
PENAFORTE;70;328;CENTRO-SEDE;ESCOLA SIMAO ANGELO;RUA PADRE CICERO S/N
ORÓS;15;244;CENTRO;PÓLO UAB PADRE DJALVO BEZERRA DE ALENCAR;TRAVESSA DR. ROSEVALDO, SN
CANINDÉ;33;40;IMACULADA CONCEIÇÃO;EEEP CAPELAO FREI ORLANDO;RUA PAULINO BARROSO, 1289
MORADA NOVA;47;270;BOA AGUA;EEB JOSE JOAQUIM DOS SANTOS;ASSENTAMENTO TERRA NOVA
FORTALEZA;95;134;JANGURUSSU;EM PROFESSOR FRANCISCO DE MELO JABORANDI;AV. GOVERNADOR LEONEL BRIZOLA, 198
UMIRIM;23;239;DO POSTO-SEDE;EEF ZACARIAS LIBERATO DIAS;BR 222 SN
FORTALEZA;80;438;AEROLÂNDIA;IGREJA MATRIZ DA AEROLÂNDIA - PARÓQUIA N. SRA DO SAGRADO CORAÇÃO;RUA ASPIRANTE MENDES, 540
CARNAUBAL;22;19;SITIO CACHOEIRA DO SUL;CRAS - CACHOEIRA DO SUL;SITIO CACHOEIRA DO SUL
QUIXELÔ;13;296;ÁREA RURAL DE QUIXELÔ;ESCOLA DE ENS FUND JOSE VICENTE DA SILVA;CORREGO-SITIO
SANTANA DO ACARAÚ;44;98;CONCEICAO I;CENTRO COMUNITÁRIO DA CONCEIÇÃO I;CONCEICAO  I
SANTANA DO ACARAÚ;44;113;SAO FRANCISCO;EEF JOSE OTILIO SABINO COSTA;SAO FRANCISCO
PENTECOSTE;50;130;SEBASTIÃO DE ABREU;EMTI PREFEITO JOÃO GOMES DA SILVA;AVENIDA LEOPOLDO RAMOS - SERROTA
CAPISTRANO;105;5;CENTRO;ESCOLA DE ENSINO BASICO DEPUTADO UBIRATAN DINIZ AGUIAR;RUA JOSE SARAIVA SOBRINHO S/N
POTENGI;68;76;CENTRO;EEFM MENEZES PIMENTEL - SEDE;RUA SEVERINO PAULINO, 230 - BAIRRO SÃO FRANCISCO
PEDRA BRANCA;59;45;MINEIROLANDIA;ESCOLA DE ENSINO FUNDAMENTAL E MEDIO DE MINEIROLANDIA;AV OLAVO BILAC SN
PIQUET CARNEIRO;12;176;CENTRO;CVT CENTRO VOCACIONAL TECNOLOGICO;RUA ZACARIAS PINHEIRO DA SILVA, S/N
MADALENA;63;246;CENTRO;EEF ALVARO DE ARAUJO CARNEIRO;MARIA ARMENIA BARBOSA, 299 - SANTA TEREZINHA
FORTALEZA;116;438;BONSUCESSO;CEI XV DE OUTUBRO;RUA MENINO JESUS DE PRAGA, 192
ARATUBA;105;103;CENTRO-SEDE;SEDUC (POLO DE ATENDIMENTO);RODOVIA COACY PEREIRA
ITAREMA;98;120;ZONA RURAL;EMEF HERMINIA SILVIA DE ARAUJO RODRIGUES;PAU DARCO - DISTRITO DE CARVOEIRO
MARANGUAPE;4;404;COLUMINJUBA - LADEIRA GRANDE;EMEIEF MARIA DA PENHA DE ABREU MACHADO;FAZENDA COLUMINJUBA, S/N
ACARAPE;52;149;RIACHÃO DO NORTE;ESCOLA RAIMUNDO ALVES;RIACHÃO DO NORTE
PORANGA;40;134;IRAPUÁ;ESCOLA DE ENSINO FUNDAMENTAL SÃO FRANCISCO - IRAPUÁ;IRAPUÁ
FORTALEZA;80;239;TAUAPE;EEFM NOEL HUGNEN OLIVEIRA PAIVA;RUA MONSENHOR SALAZAR 279
MOMBAÇA;46;117;CIPO;ESCOLA DE ENSINO FUNDAMENTAL ANTÔNIO TOMAZ DE AQUINO;DISTRITO DE CIPÓ
NOVO ORIENTE;99;36;CENTRO;EEF FRANCISCO RUFINO VIEIRA;RUA CAPITAO RODRIGO S/N
CAUCAIA;123;347;MARECHAL RONDON (JUREMA);E.E.I.E.F. ECONOMISTA RUBENS VAZ DA COSTA;AVENIDA NOVO HORIZONTE, S/N
IBICUITINGA;47;223;ACUDE DOS PINHEIROS;EEB JOSE RUFINO PINHEIRO;ACUDE DOS PINHEIROS - SEDE
FORTALEZA;1;778;MUCURIPE;ESCOLA ESTADUAL MATIAS BECK;RUA  PROFESSORA AIDA BALAIO 38
FORTALEZA;83;787;PICI;ESCOLA MUNICIPAL ADROALDO TEIXEIRA CASTELO;RUA ALAGOAS 2267
FORTALEZA;83;740;PICI;EEEP JÚLIA GIFFONI;RUA CORONEL MATOS DOURADO 1349
ARACATI;8;177;BAIXIO;E.E.F. JOSE ROCHA GUIMARAES;BAIXIO
TIANGUÁ;81;197;CENTRO;E.E.M.T.I. MONSENHOR AGUIAR;RUA TEÓFILO RAMOS, 553
ITATIRA;33;162;ZONA RURAL;EMEF EDUARDO BARBOSA;LOCALIDADE DE CACHOEIRA BR
GRANJA;25;47;IBUGUAÇU;E.E.F. MARTINIANO FONTENELE MAGALHÃES;AV. MARTINIANO FONTENELE MAGALHÃES, S/N
GRANJA;25;180;PESSOA ANTA;E.E.F. JOÃO FONTENELE DE ARAUJO;SITIO BAIXA DO CEDRO
ITAPAJÉ;41;168;OITICICA;ESCOLA MUNICIPAL JOSE BARBOSA DE OLIVEIRA;SITIO OITICICA
PACATUBA;57;3;SAO JOSE;CENTRO COMUNITÁRIO;RUA CAPITÃO MANUEL PONTES DE MEDEIROS, PARQUE ARATANHA
SOLONÓPOLE;55;34;SAO JOSE;ESCOLA DE 1 GRAU MUNDOCA MOREIRA;RUA MIGUEL FIRMIANO
FRECHEIRINHA;81;264;ÁREA RURAL DE FRECHEIRINHA;ESCOLA NAIR CUNHA DE AGUIAR;OITICICA
ITAIÇABA;75;72;CENTRO;E.E.F.T.I. PADRE ABILIO MONTEIRO NETO;RUA JOAO BARBOSA LIMA 1074
ICÓ;15;87;CENTRO - SEDE;CENTRO SOCIAL URBANO NICIA MARCILIO;RUA FRANCISCO MACIEL S/N
FORTALEZA;1;821;MUCURIPE;ESCOLA MUNICIPAL CONSUELO AMORA;AV. DOS JANGADEIROS, 577
MORRINHOS;44;24;DISTRITO DE SITIO ALEGRE;ESCOLA FRANCISCO DE PAULO MAGALHÃES;SITIO ALEGRE
QUIXERÉ;29;243;LAGOINHA;EEIF ZACARIAS FERREIRA DE SOUSA;RUA JOAO ZACARIAS DE BRITO SN
SOBRAL;121;155;TAPERUABA;EEMTI DEP. CESARIO BARRETO LIMA;AV. NOSSA SENHORA DO CARMO S/N CENTRO
RUSSAS;9;131;PASSAGEM DE RUSSAS;ASSOCIAÇÃO COMUNITÁRIA VITAL DE LIMA;PASSAGEM DE RUSSAS
AIUABA;101;1;CENTRO;ESCOLA PADRE PEDRO JOSE;RUA ARMANDO ARRAES FEITOSA 30
ARARIPE;68;113;SIPAUBA;CRECHE PROINFÂNCIA MARIA IBELENA BATISTA SOUTO DOS SANTOS - SEDE;AV. DES. FRANCISCO HUGO DE ALENCAR FURTADO
FORTALEZA;85;201;CONJUNTO CEARÁ I;EMEIF EDILSON BRASIL SOAREZ - UV 3;RUA 303D, N 67, 2 ETAPA
FORTALEZA;114;7;ÁLVARO WEYNE;COLÉGIO MANUEL DA SILVA (ÁLVARO WEYNE);RUA SÃO BERNARDO 181
FORTALEZA;93;173;MONDUBIM;EEFM ESTADO DO MARANHAO;RUA CARLOS PIMENTA,506
ICAPUÍ;8;131;CENTRO;EEF. PROFESSORA MIZINHA;AV. 22 DE JANEIRO 5183
ASSARÉ;18;34;CENTRO;ESCOLA  DE ENSINO FUNDAMENTAL E MEDIO RAIMUNDO MOACIR DE ALENCAR MOTA;RUA PADRE EMILIO CABRAL 538
ALCÂNTARAS;24;7;SAO JOSE;EEIEF MARIA RAULINO ALCÂNTARA DE CARVALHO;RUA FRANCISCO CUNHA
QUIXELÔ;13;577;ÁREA RURAL DE QUIXELÔ;ESCOLA DE ENS FUND JOÃO PEDRO DE ARAÚJO;PAUS DE LEITE DA CARRANCUDA-SITIO
ACARAÚ;30;203;ZONA RURAL;ESCOLA JOAO JAIME FERREIRA;MORGADO
IPUEIRAS;40;56;CENTRO;COLEGIO ESTADUAL OTACÍLIO MOTA - CENTRO;RUA CORONEL MANOEL MOURÃO, 389
MORADA NOVA;47;220;BOA AGUA;EEB MANUEL FERNANDES SABOIA;QUIXELO
FORTALEZA;113;145;JARDIM AMÉRICA;ESC. EST. DE EDUC. PROFISSIONAL PAULO VI;RUA JORGE DUMMAR, 1841
FORTALEZA;115;460;MANOEL SÁTIRO;EM HENRIQUETA GALENO;RUA MAJOR MONTENEGRO 917
URUOCA;25;163;CENTRO;E.E.F. VALDEMAR ROCHA;RUA ANTONIO ARRUDA, 257
MARACANAÚ;104;77;TIMBÓ;EMEF DR. JOSÉ DE BORBA VASCONCELOS;AVENIDA TIMBÓ, 808
IPUEIRAS;40;184;BACAMARTE;EEIEF ANTÔNIO DA SILVA PASSOS - BACAMARTE;BACAMARTE
SOBRAL;121;87;CENTRO;UFC CAMPUS MUCAMBINHO - BLOCO DAS ENGENHARIAS;RUA ESTANISLAU FROTA, 563
CARIDADE;111;113;CENTRO;EEF CARMOZINA BITTENCOURT;AVENIDA CORONEL FRANCISCO LINHARES
SÃO BENEDITO;22;92;SITIO INHARE;GRUPO SALUSTIANO RODRIGUES DE MELO;SITIO INHARE
FORTALEZA;93;184;PLANALTO AYRTON SENNA;EM MARIA ZELIA CORREIA DE SOUSA;RUA ANTONIO PEREIRA,1495
MARANGUAPE;4;19;OUTRA BANDA - MARANGUAPE;EMEIEF RENATO MOTA;RUA EMANOEL COSTA  ABREU, S/N
FORTALEZA;85;387;CONJUNTO CEARÁ I;EEFM DR UBIRAJARA INDIO DO CEARA - UV-7A;RUA SETECENTOS E CINQUENTA E UM, 192, 3A ETAPA
FORTALEZA;82;665;PIRAMBU;ESCOLA MUNICIPAL SÃO CURA D'ARS;RUA SANTA ELISA, 722
VIÇOSA DO CEARÁ;35;147;ZONA RURAL;E.E.I.F CAJUEIRO DO NECO;SÍTIO CAJUEIRO DO NECO
TARRAFAS;18;104;ZONA RURAL;ESCOLA DE 1 GRAU FRANCISCO ELIANUBIO LACERDA;SITIO IPUEIRAS - ZONA RURAL
UMIRIM;23;249;BANANA;E.E.M. MARIA IRACEMA UCHOA SALES (LICEU);RUA RUFINO DE SOUSA, S/N
FORTALEZA;114;307;BARRA DO CEARÁ;EMTI ALDEMIR MARTINS;AV. FRANCISCO SÁ, 7460
PARAMOTI;111;131;CENTRO;EEMTI TOMÉ GOMES DOS SANTOS (PRÉDIO NOVO);RUA ORLEANS FARIAS, S/N - SANTA CECÍLIA
JUAZEIRO DO NORTE;119;193;TIMBAUBA;CRAS TIMBAUBAS;RUA ASSIS DIAS SOBREIRA, 488
ACOPIARA;60;80;SEDE;EEF JOSE MATIAS FILHO;SITIO PITOMBEIRA
PORTEIRAS;70;308;CANCELA-SEDE;E E I F IMACULADA CONCEIÇÃO;VILA CANCELA
ARACATI;8;231;TANQUE SALGADO I;PONTO DE APOIO DO TANQUE SALGADO (UNID DE SAÚDE);TANQUE SALGADO I
SÃO BENEDITO;22;55;SITIO MURICITUBA;EEF RAIMUNDA DE PAULA MELO;SITIO MURICITUBA
FORTALEZA;112;420;EDSON QUEIROZ;COLEGIO ARI DE SA CAVALCANTE WS;AV WASHINGTON SOARES, 3737
ARACOIABA;67;6;CENTRO-SEDE;CENTRO COMUNITARIO COMENDADOR EUGENIO DE CASTRO E SILVA;PLANALTO ARACOIABA
MIRAÍMA;89;287;CRUZEIRO;EEFM JOSEFA BRAGA BARROSO;RUA DEZINHO TEIXEIRA
EUSÉBIO;88;150;OLHO D'AGUA;EEF JOÃO FREITAS RAMOS;RUA OLHO D'AGUA, 2122
IPU;21;15;SEDE;CVT - CENTRO VOCACIONAL TECNOLOGICO;AV MILTON CARVALHO SN - CAIXA DAGUA
NOVA RUSSAS;48;70;SÃO FRANCISCO;E. E. F.  ZILMAR MENDES MARTINS;RUA NAPOLEÃO MOURA, S/N
FORTALEZA;1;474;MUCURIPE;ESCOLA MIGUEL FIALHO - ANTIGO PADRE JOSÉ NILSON;RUA CORONEL MANUEL JESUÍNO 225
FORTALEZA;1;505;COCÓ;UNINTA - FACULDADE UNINTA FORTALEZA;RUA VILEBALDO AGUIAR,133
MARACANAÚ;122;260;CÁGADO;CENTRO AGACIL CAMURCA;AV. PADRE JOSE HOLANDA DO VALE, 931
ITAPIPOCA;17;530;BARRENTO;EEMTI DEPUTADO JOSÉ EDÍSIO OLIVEIRA TEIXEIRA PACHECO ;SÍTIOS NOVOS - BARRENTO
ITAREMA;98;213;ZONA RURAL;EMEF ALTAIR GIFFONI;CE 434 KM 1- GARGOE
FORTALEZA;1;467;VARJOTA;ESCOLA ESTADUAL  BARBARA DE ALENCAR;RUA PEDRO RUFINO 38
CRATO;27;150;PONTA DA SERRA;EEIEF PROF. JOSÉ BIZERRA DE BRITTO;RUA BERNARDO VIEIRA S/N
CEDRO;13;521;PLANALTO DOS CADEIRA(CEDRO 1);CENTRO DE EDUCAÇÃO INFANTIL MARIA MARILENE ALVES DINIZ;PLANALTO DOS CADEIRAS
GENERAL SAMPAIO;50;33;CONJUNTO SÃO JOSÉ;EMEF JOSÉ BEZERRA FILHO;RUA FILOMENO BARBOSA DE OLIVEIRA, S/N
FORTALEZA;114;154;BARRA DO CEARÁ;EEFM FERNANDO CAVALCANTE MOTA;RUA DA SALEMA 85
FORTALEZA;1;730;VARJOTA;FACULDADE FARIAS BRITO - CASTRO MONTE;RUA CASTRO MONTE 1364
FORTALEZA;1;389;VICENTE PINZON;ESCOLA ESTADUAL DEPUTADO MANOEL RODRIGUES;RUA OLIVEIRA FILHO, 1576
CAUCAIA;123;492;MARECHAL RONDON (JUREMA);CIDI- CENTRO INTEGRADO DE DESENVOLVIMENTO INFANTIL;AV. NOVA ALVORADA, 490
ITAPIPOCA;17;718;CRUZEIRO;EEB PROFESSOR PEDRO TEIXEIRA BARROSO;RUA ANTONIO BARROSO NETO S/N
TEJUÇUOCA;41;244;MALAQUIAS;ESCOLA DE ENSINO INFANTIL E FUNDAMENTAL RAIMUNDO SALES NETO;MALAQUIAS
IGUATU;13;403;ÁREA RURAL DE IGUATU;PSF DO SITIO TANQUES;SITIO TANQUES RODOVIA IGUATU/JUCAS
IGUATU;13;83;PRADO;ESCOLA DE ENS FUND NOSSA SENHORA DO PERPETUO SOCORRO;21 DE ABRIL
CAUCAIA;120;429;SITIOS NOVOS;E.E.F. ALICE MOREIRA DE OLIVEIRA;RUA HENRIQUE MARTINS, S/N
SÃO GONÇALO DO AMARANTE;36;282;LIBERDADE;ESCOLA DE ENSINO FUNDAMENTAL MARIA DO SOCORRO GOUVEIA;RUA FRANCISCO DUARTE - LIBERDADE
FORTALEZA;3;645;MEIRELES;WIZARD - AV. SANTOS DUMONT;AV. SANTOS DUMONT, 2110 (ESQ. COM RUA SILVA PAULET)
ITAIÇABA;75;105;TOME AFONSO;E.E.F. JOSE ELDER MENDONCA MOREIRA;ASSENTAMENTO TOME AFONSO
FORTALEZA;114;228;BARRA DO CEARÁ;EM DOM ANTONIO BATISTA DE FRAGOSO;AVENIDA FRANCISCO SÁ 7945
EUSÉBIO;88;257;PARQUE HAWAÍ;EEF MIRIAN ABREU;RUA C, S/N - PARQUE HAVAI
UMIRIM;23;276;SAO JOAQUIM-DISTRITO;E.E.F. MANUEL FRANCISCO DE MOURA;MOREIRA
HORIZONTE;78;407;DIADEMA;EMEF PROFESSORA DIONE MARIA BEZERRA PESSOA;RUA FRANCISCO ONOFRE DE ASSIS, 365, DIADEMA
CAUCAIA;120;306;PLANALTO CAUCAIA;E.E.F.M. VICENTE ARRUDA;RUA, 113 S/N - CIGANA
CAUCAIA;120;371;CAPUAN;SALAO PAROQUIAL DE CAPUAN;AVENIDA PROFESSORA LETÍCIA MARQUES CAVALCANTE, S/N
JAGUARUANA;75;100;SARGENTO;E.E.F. RAIMUNDO SALES FAÇANHA;SARGENTO
IRACEMA;86;94;CENTRO;E.E.F.M. ENEAS OLIMPIO DA SILVA;RUA CAP MANOEL RUFINO DE NEGREIROS, 35
ACOPIARA;60;221;CENTRO;CENTRO DE DESENVOLVIMENTO INFANTIL MIGUEL GALDINO DE OLIVEIRA - CDI;AV JOSE MARQUES, 113
ACOPIARA;60;164;DISTRITO DE ISIDORO;EEF ADONIAS UCHOA DE ALBUQUERQUE;VILA DE ISIDORO
FORTALEZA;3;116;JACARECANGA;SENAI - UNIDADE CENTRO;AV. PADRE IBIAPINA, 1280
FORTALEZA;3;508;PRAIA DE IRACEMA;COLÉGIO ANTARES (PRAIA DE IRACEMA);RUA HISTORIADOR GUARINO ALVES, 95
SOBRAL;24;394;JOSÉ EUCLIDES;EEM MINISTRO JARBAS PASSARINHO;AVENIDA JOHN SANFORD, S/N
CRATEÚS;20;77;SANTANA;POSTO DE SAUDE DE CARRAPATEIRA;CARRAPATEIRA
CAUCAIA;123;318;PARQUE POTIRA (JUREMA);COLÉGIO ESTADUAL LICEU DE CAUCAIA;RUA ARAQUÉM, 1100 - PARQUE POTIRA (JUREMA)
FORTALEZA;2;525;LAGOA REDONDA;EM PROFª FERNANDA MARIA DE ALENCAR COLARES;AV PROF. ARTHUR DE CARVALHO, 1540
CAUCAIA;123;438;NOVA METRÓPOLE (JUREMA);E.E.I.E.F. FRANCISCA ALVES DO AMARAL;AV. B, 442 - NOVA METRÓPOLE
ALTANEIRA;53;8;SÍTIO SÃO ROMÃO;EMEF JOAQUIM DE MORAIS;SÍTIO SÃO ROMÃO, SN
COREAÚ;64;24;Ubaúna;UBAÚNA - ESCOLA M. PEDRO CONRADO;RUA MANOEL OSIRO, S/N
COREAÚ;64;6;Centro;COREAÚ - SECRETARIA MUNICIPAL DE EDUCAÇÃO;AV. PREFEITO VILAR FONTENELE, 81- CENTRO
MARACANAÚ;104;424;PAJUÇARA;EMEF MARIA PEREIRA DA SILVA;RUA JUSTINO DE SOUSA, 842
NOVA RUSSAS;48;134;PEREIROS;CEI SONHO FELIZ(ANTIGA E.M. FURTADO LEITE);LOCALIDADE DE PEREIROS,
GUAIÚBA;57;48;CENTRO;EEBM MANUEL BALTAZAR DE FREITAS;RUA LEIRIA DE ANDRADE 409
URUOCA;25;168;BRASILIA;C.E.I. VANIA ROCHA;RUA ASSUNCAO, S/N
EUSÉBIO;88;100;TIMBU;EEF EDUARDO ALVES RAMOS;ESTRADA DO FIO, 3603 - TIMBU
FORTALEZA;2;400;MESSEJANA;CLUBE DA CAIXA;AVENIDA FREI CIRILO 4700
FORTALEZA;93;298;PREFEITO JOSÉ WALTER;CEJA - CENTRO DE EDUCAÇÃO DE JOVENS E ADULTOS;AV. L, S/N - II ETAPA
TIANGUÁ;81;321;DOM TIMÓTEO;E.E.I.F. NOSSA SENHORA DAS GRAÇAS;AVENIDA FRANCISCO VIRGILIO FILHO
AQUIRAZ;66;169;CAMARA;ESCOLA FCO NAILTON CAVALCANTE DE LIMA(MANOEL SENHOR DE MELO FILHO);LOTEAMENTO LEQUICE
CRATEÚS;20;326;JOSÉ ROSA;CRECHE PROINFÂNCIA MARIA DELITE MENEZES TEIXEIRA I;RUA ANASTÁCIO CAMPINA, S/N, CONJ FREI DAMIÃO
FORTALEZA;115;97;PARANGABA;EMTI CAROLINO SUCUPIRA;RUA MUNDICA PAULA, 670
LIMOEIRO DO NORTE;29;275;MONSENHOR OTÁVIO;INSTITUTO FEDERAL DE EDUCAÇÃO CIENTÍFICA E TECNOLÓGICA - IFCE;RUA ESTEVAM REMÍGIO 1145
FORTALEZA;80;398;FÁTIMA;EEM GOV. ADAUTO BEZERRA;RUA MONSENHOR LIBERATO, 1850
FORTALEZA;118;588;MONDUBIM;UAPS LUIZA TAVORA;TRAVESSA SAO JOSE, 940
GUARACIABA DO NORTE;74;4;DISTRITO;ESCOLA MUNICIPAL SILVESTRE MESQUITA (VÁRZEA DOS ESPINHOS);VARZEA DOS ESPINHOS
AQUIRAZ;66;164;FAGUNDES;CRAS - FAGUNDES;AV.PRES.CASTELO BRANCO - TAPERA
FORTALEZA;2;645;MESSEJANA;ETI MARIA ODETE DA SILVA COLARES;RUA CEL JOÃO DE OLIVEIRA, 687
FORTALEZA;3;501;MEIRELES;IDEAL CLUBE;AV. MONSENHOR TABOSA,  1381
CRATEÚS;20;97;TUCUNS;ESCOLA DE CIDADANIA JOSE ARAUJO VERAS;QUEIMADAS
FORTALEZA;114;209;FLORESTA;EM FRANCISCO SILVA CAVALCANTE;RUA CONSELHEIRO LAFAYETTE 205
FORTALEZA;95;208;JANGURUSSU;EEMTI JANGURUSSU;RUA DO MANDACARU, 1048, CONJUNTO ALMIRANTE TAMANDARÉ
FORTALEZA;95;150;JANGURUSSU;EEMTI ALMIRANTE TAMANDARÉ;RUA DO PEREIRO, S/N, CJ ALMIRANTE TAMANDARÉ
ICAPUÍ;8;132;CENTRO;EEF. PROFESSORA MIZINHA;AV. 22 DE JANEIRO 5183
ARARIPE;68;29;DISTRITO VILA BREJINHO;ESCOLA LUIZ GUEDES ALCOFORADO - BREJINHO;RUA MARECHAL CASTELO BRANCO S/N
GRANJA;25;37;ADRIANOPOLES;E.E.F. GUILHERME TELES GOUVEIA (ANTIGA NIEDJA ARRUDA);RUA VICENTE FERREIRA, S/N
CASCAVEL;7;74;CAPONGA;ESC.ENS.FUND. JOSÉ CORREA PINTO;ESTRADA DE AGUAS BELAS - CAPONGA
FORTALEZA;1;828;MUCURIPE;ESCOLA MUNICIPAL CONSUELO AMORA;AV. DOS JANGADEIROS, 577
FARIAS BRITO;62;210;QUINCUNCA;EEF COSMO ALVES PEREIRA;RUA LADISLAU PEREIRA, 77
TIANGUÁ;81;88;PINDOGUABA;CENTRO EDUCACIONAL ANTÔNIO JOSÉ DA ROCHA;RUA SÃO JOÃO BATISTA, S/N - DISTRITO PINDOGUABA
FORTALEZA;117;250;PARQUE SANTA ROSA;ESCOLA MUNICIPAL MARIETA GUEDES MARTINS;RUA JOSE GUEDES MARTINS 4701
SENADOR POMPEU;12;62;CENTRO;COORDENADORIA REGIONAL DE  DESENVOLVIMENTO DE EDUCAÇÃO - CREDE 14;RUA PROFESSOR CAVALCANTE, 669
TIANGUÁ;81;53;CENTRO;E.E.M.T.I. MONSENHOR AGUIAR;RUA TEÓFILO RAMOS, 553
FORTALEZA;2;370;MESSEJANA;EEEP JOSE DE BARCELOS;RUA ANGELICA GURGEL 362
JUAZEIRO DO NORTE;119;217;PIRAJA;ESCOLA CLOTILDE SARAIVA COELHO;LIMOEIRO 2338
FORTALEZA;112;471;SAPIRANGA-COITÉ;EM IRMA SIMAS;RUA JOSE SOBREIRA, 608
CAUCAIA;37;395;PARQUE SOLEDADE;E.E.F. CORALIA GONZAGA SALES;RUA NAPOLEAO BONAPARTE VIANA, S/N
JAGUARUANA;75;95;CENTRO;E.E.M. FRANCISCO JAGUARIBE (2 GRAU);RUA CEL RAIMUNDO FRANCISCO, 1135
SÃO BENEDITO;22;168;CENTRO-SEDE;EEMF SÃO BENEDITO;R MINISTRO ANTONIO COELHO 962
BATURITÉ;5;11;CENTRO-SEDE;EMEF DOMINGOS SAVIO;AV DOM BOSCO, 393
FORTALEZA;115;407;MANOEL SÁTIRO;EEFM PROFESSOR MARIO SCHENBERG;RUA AMERICO ROCHA LIMA 835
SOBRAL;121;42;TAPERUABA;ESCOLA FREDERICO AUTO CORREIA;RUA ANTONINO MELO - VASSOURAS
GUARACIABA DO NORTE;74;33;SEDE;E.E.I.F. JOÃO BARRETO DOS SANTOS;RUA 12 DE MAIO - CENTRO
SOBRAL;24;651;JOSÉ EUCLIDES;EEFI MOCINHA RODRIGUES;RUA EVANGELINA SABOIA, S/N
PACATUBA;57;255;MONGUBA;EEF MARIA DE SA RORIZ;RODOVIA CE 060 KM 15
FORTALEZA;93;311;PREFEITO JOSÉ WALTER;CEI MARIA LETICIA MOTA MOREIRA;RUA 15, S/N, RESIDENCIAL CIDADE JARDIM II
FORTALEZA;2;808;PAUPINA;EM CÔNEGO FRANCISCO PEREIRA DA SILVA;RUA LUÍS FRANCISCO XAVIER, 256
TIANGUÁ;81;175;ITAGUARUNA;E.E.F. ABÍLIO COELHO MOITA;SÍTIO ITAGUARUNA
MORAÚJO;64;49;VÁRZEA DA VOLTA;VÁRZEA DA VOLTA - ESCOLA M. ANTº BENÍCIO DE VASCONCELOS;DISTRITO VÁRZEA DA VOLTA
MARANGUAPE;4;15;PARQUE SANTA FÉ - MARANGUAPE;CEM DEP. MANOEL RODRIGUES;RUA JUSCELINO KUBITSCHEK, S/N
ARACOIABA;67;92;MILTON BELO-DISTRITO;ESCOLA MUNICIPAL ANTONIO BELARMINO DE OLIVEIRA;UMARIZEIRO
ARACOIABA;67;276;IDEAL-DISTRITO;ESCOLA DE ENSINO FUNDAMENTAL FRANCISCO JOSÉ FERREIRA;MAGUARY
CROATÁ;74;78;DISTRITO;ESCOLA MUNICIPAL DE VISTA ALEGRE - TUCUNS;TUCUNS
CRATO;27;133;SANTA FÉ;EEIEF PAULO LIMAVERDE;ROD. VICENTE TELES, SN. DISTRITO DE SANTA FÉ - SEDE.
FORTALEZA;2;762;GUAJERU;EEEP COMENDADOR MIGUEL GURGEL;RUA JOSE BAIMA, S/N
CRATEÚS;20;9;SANTANA;ESCOLA DE CIDADANIA DE SANTANA I;SANTANA I
IGUATU;13;131;SUASSURANA;ESCOLA DE ENS FUND MARIA IRISMAR MORENO MATOS;VILA SUASSURANA
CAUCAIA;123;413;SÃO MIGUEL (JUREMA);E.E.F.M. ROTARY CLUB;RUA SÃO LUCAS, S/N - CONJUNTO SÃO MIGUEL I
FORTALEZA;2;655;MESSEJANA;EM PROF CLODOMIR TEOFILO GIRAO;TRAVESSA RUTILO, 108
FORTALEZA;114;179;CRISTO REDENTOR;EEFM SÃO JOSÉ DOS ARPOADORES;RUA FRANCISCO CALAÇA 90
FORTALEZA;114;299;ÁLVARO WEYNE;EM DOM HELDER CAMARA;RUA FREI ODILON 623 B
MISSÃO VELHA;16;58;SEDE;EEF JUVENAL RODRIGUES BRANDAO;AVENIDA JOSE SOBREIRA DA CRUZ S/N, MATERNIDADE
IGUATU;13;95;COHABS;ESCOLA DE ENS MEDIO EDSON LUIZ CAVALCANTE DE GOUVEA;AVENIDA JUSCELINO KUBITSCHECK SN
IGUATU;13;275;GADELHA;ESCOLA DE ENS FUND JOÃO ROCHA FIALHO;VILA GADELHA
FARIAS BRITO;62;228;SÍTIO SOUSA;EEF JOAQUIM PEREIRA DE SOUSA;SÍTIO SOUSA
ITAITINGA;78;265;PARQUE SANTO ANTONIO;EEF LÍDIA ALVES CAVALCANTE;RUA CARLOS DA COSTA CARMO, 757
URUOCA;25;82;ROBERTO DOURADO;E.E.F. MURILO AGUIAR;AV. JOÃO JOSÉ, N. 451
CRATO;27;377;MURITI;EEIEF MELVIN JONES;RUA PEDRO GOMES DE NORÕES, 1877. SÍTIO SAQUINHO
ACOPIARA;60;61;DISTRITO DE ISIDORO;EEF JOSE PAULINO DE ARAUJO;SITIO TIPIS
ITAREMA;98;215;CENTRO;EMEF PE ARISTIDES ANDRADE SALES;AV JOAO BATISTA RIOS S/N
FORTALEZA;1;50;VARJOTA;ESCOLA ESTADUAL  BARBARA DE ALENCAR;RUA PEDRO RUFINO 38
ITAPIPOCA;17;279;ÁREA RURAL DE ITAPIPOCA;EEB SEBASTIAO CORREIA LIMA;CROATA
VIÇOSA DO CEARÁ;35;182;CENTRO;E.E.M DEPUTADO MANOEL RODRIGUES;RUA PROFESSOR JOÃO VIANA, S/N
TEJUÇUOCA;41;248;INGÁ;CRECHE SÃO VICENTE;FAZENDA INGÁ
PEDRA BRANCA;59;122;CAPITÃO MOR;E.E.F. ANTONIO TORQUATO SOUSA;VILA CAPITAO MOR
CAMPOS SALES;38;92;DIST. DE MONTE CASTELO;E.E.I.F DR. CLOVES LOPES DOS REIS - DIST. DE MONTE CASTELO;RUA BOA VISTA, S/N
JAGUARETAMA;72;95;ZONA RURAL;ASS. COMUNITÁRIA TEODORA BEZERRA;SÍTIO CACHOEIRA DE SANTANA
ITAREMA;98;199;ZONA RURAL;EMEF RAIMUNDO JOSE PROZIANO;SITIO ALEGRE
CAUCAIA;120;137;TOCO (JUREMA);E.E.I.E.F. MARIA CORINA MOURA ARRUDA;RUA MANOEL GOMES DA SILVA, S/N - CONJUNTO SÃO DOMINGOS - TOCO
GUAIÚBA;57;149;HELDER BEZERRA;EEM JOSÉ TRISTÃO FILHO;RUA MARIA DO CARMO, 100
IGUATU;13;57;COCOBÓ;ESCOLA DE ENS FUND ELZE LIMA VERDE MONTENEGRO;DARIO RABELO
MISSÃO VELHA;16;59;SEDE;SOCIEDADE PESTALOZZI DE MISSAO VELHA (ESPECIAL);RUA PADRE CICERO, 1292, CENTRO.
CRATO;27;49;SÃO MIGUEL;EEEP MARIA VIOLETA ARRAES DE ALENCAR GERVAISEAU;AVENIDA TEODORICO TELES, SN
FORTALEZA;2;640;MESSEJANA;EEM LICEU DE MESSEJANA;AVENIDA WASHINGTON SOARES 7702
PORTEIRAS;70;267;CENTRO-SEDE;E E E M ARISTARCO CARDOSO;RUA EXPEDITO ALVES SANTANA S/N
CRATEÚS;20;311;VENANCIOS;EEFM PRES EURICO GASPAR DUTRA;RUA EDUARDO ALBUQUERQUE SN
TEJUÇUOCA;41;84;CENTRO-SEDE;ESCOLA DE ENSINO MÉDIO DEPUTADO FERNANDO MOTA;RUA ALFREDO PINTO DE MESQUITA
ITAPIPOCA;17;732;ARAPARI;EEB MENINO DEUS;MUCAMBO DE CIMA
ITAREMA;98;134;ZONA RURAL;EMEF MANOEL BRAGA MONTEIRO;PORTO DOS BARCOS
ITAREMA;98;212;ZONA RURAL;EMEF MANOEL MATIAS VIDAL;CARNAÚBA
FORTALEZA;114;135;JARDIM IRACEMA;EM JOSÉ DE ALENCAR;RUA ALBERTO FERREIRA 248
FORTALEZA;115;380;PARANGABA;EEMTI GENERAL EUDORO CORREA;RUA JULIO BRAGA 101
AQUIRAZ;66;230;PATACAS;EMEF LAGOA DE CIMA;PV LAGOA DE CIMA DISTRITO PATACAS
HIDROLÂNDIA;54;2;CENTRO;E. M. E. F. ADAIL FREITAS MARINHO;RUA VEREADOR EXPEDITO PEREIRA DE SOUSA, 199
FORTALEZA;1;362;CAIS DO PORTO;CRECHE MARIA FERREIRA DIAS;AV. ZEZÉ DIOGO, 691
CAUCAIA;120;347;BOM PRINCIPIO;E.E.I.E.F. JOAO CORDEIRO DE MIRANDA;BR 020 - KM 37
MARACANAÚ;122;198;SIQUEIRA (siqueira 2);EEM PROFª. EUDES VERAS;AVENIDA SIQUEIRA CAMPOS, 601
MARACANAÚ;122;222;SIQUEIRA (siqueira 2);EEM PROFª. EUDES VERAS;AVENIDA SIQUEIRA CAMPOS, 601
IGUATU;13;121;PRADO;ESCOLA DE ENS FUND NOSSA SENHORA DO PERPETUO SOCORRO;21 DE ABRIL
ITATIRA;33;156;CENTRO;EMEF ADELIDIA MAGNO DE OLIVEIRA;RUA PADRE JOSE LAURINDO SN
ACARAPE;52;102;CENTRO;CENTRO DE REFERÊNCIA DE ASSISTÊNCIA SOCIAL (CRAS);RUA CHICO VIEIRA, SN
MARACANAÚ;122;242;CÁGADO;EMEIEF NARCISO PESSOA DE ARAÚJO;AV. PADRE JOSE HOLANDA DO VALE S/N
FORTALEZA;117;380;CANINDEZINHO;EM FLORIVAL ALVES SERAINE;RUA ITATIAIA, 1000
HIDROLÂNDIA;54;184;POVOADO RIACHO VERDE;ESCOLA MUNICIPAL ANTONIO DANIEL MARTINS;POVOADO DE RIACHO VERDE
CRATO;27;222;SÃO BENTO;EEIEF CEL. FILEMON FERNANDES TELES;RUA CÍCERO PIERRE PEREIRA, SN. VILA SÃO BENTO
CASCAVEL;7;167;GUANACES;ESC.ENS.FUND. EMILIA AUGUSTO LEMOS;CHORO LAGOINHA
CAUCAIA;37;258;TABULEIRO GRANDE;ESCOLA DIFERENCIADA CACIQUE ANTONIO FERREIRA DA SILVA(COMUN. INDIGENA);TRAV. EDGAR VIEIRA GUERRA, S/N, REGIÃO GARROTE
QUIXERAMOBIM;11;176;LACERDA;ESCOLA IRMÃ TEREZA CRISTINA;ASSENTAMENTO NOVA CANAA
TRAIRI;97;164;PURAO;EEF JONAS HENRIQUE DE AZEVEDO;PURAO
CAPISTRANO;105;20;CENTRO;ESCOLA DE ENSINO FUNDAMENTAL FERNANDO CAVALCANTE MOTA;RUA JOSE SARAIVA SOBRINHO  S/N
FORTALEZA;112;331;GUARARAPES;MRH GESTÃO DE PESSOAS E SERVIÇOS;RUA PROFESSOR JACINTO BOTELHO, 1600
MUCAMBO;79;238;CENTRO;ESCOLA ELZE MENDES DE AGUIAR;AV AGRONOMO JOSE ALVES, S/N - SEDE
FORTALEZA;118;116;PASSARÉ;COLÉGIO MULTIVERSO;AV. JUSCELINO KUBITSCHECK, 3653
EUSÉBIO;88;149;OLHO D'AGUA;EEF JOÃO FREITAS RAMOS;RUA OLHO D'AGUA, 2122
INDEPENDÊNCIA;39;20;CENTRO;GRUPO ESCOLAR JERONIMO ALVES DE ARAUJO;RUA SANTA TERESINHA S/N
BARBALHA;31;5;VILA DO CALDAS;EMEIF BOM JESUS (VILA DO CALDAS);RUA DANIEL CORDEIRO NEVES, S/N - PRAÇA PE.CARLOS
MARACANAÚ;122;97;INDUSTRIAL;EEFM JOSE DE BORBA VASCONCELOS;AV. CONTORNO SUL S/N
FORTALEZA;117;187;CONJUNTO ESPERANÇA;EEFM IRAPUAN CAVALCANTE PINHEIRO;AV E 305
FORTALEZA;112;121;ENGENHEIRO LUCIANO CAVALCANTE;ESCOLA DE ENSINO MÉDIO EM TEMPO INTEGRAL JOHNSON;RUA GONTRAN GIFFONI, 461
CAUCAIA;120;401;BOM PRINCIPIO;E.E.I.E.F. MOACIR PINHEIRO DE SOUZA;BR 020 - KM 23 - POÇO VERDE
FORTALEZA;93;125;PLANALTO AYRTON SENNA;EEFM DEPUTADO JOACI PEREIRA;RUA PROFESSOR PEDRO JORGE, 830
FORTALEZA;1;84;VARJOTA;FACULDADE FARIAS BRITO - CASTRO MONTE;RUA CASTRO MONTE 1364
INDEPENDÊNCIA;39;168;EMATUBA;E.E.F. JOAO RODRIGUES DAS NEVES;SAO JOSE -  EMATUBA
CARIRÉ;65;33;ZONA RURAL;ESCOLA EIEF LUCAS RODRIGUES DE BRITO;DISTRITO ALTO DOS HONORIOS
MARANGUAPE;4;534;NOVO MARANGUAPE I (ÁREA VERDE) - MARANGUAPE;EMEF JOSÉ FERNANDES VIEIRA;RUA PEDRO MOREIRA VASCONCELOS, 125
QUIXADÁ;6;246;JUATAMA;EEF RENATO DE ARAÚJO CARNEIRO;RUA FRANCISCO MOREIRA DE SOUZA,1324
VÁRZEA ALEGRE;62;47;CANINDEZINHO-SEDE DO DISTRITO;CERU - EEF PROFESSORA MARIA DOLORES MENESES DE CARVALHO;DISTRITO DE CANINDEZINHO
BARRO;92;66;TRAJANO NOGUEIRA-SEDE;ESCOLA MUNICIPAL DE ENSINO FUNDAMENTAL GILBERTO LEITE DE AQUINO;RUA TRAJANO NOGUEIRA SN
SÃO GONÇALO DO AMARANTE;36;54;PECEM-DISTRITO;ESCOLA DE ENSINO FUNDAMENTAL E MEDIO EDITE ALCANTARA MOTA;PECEM
CANINDÉ;33;258;IMACULADA CONCEIÇÃO;EEEP CAPELAO FREI ORLANDO;RUA PAULINO BARROSO, 1289
CANINDÉ;33;203;PALESTINA;CAIC ALFREDO COELHO MAGALHÃES;RUA ANTONIO MONTEIRO DOS SANTOS SN
CANINDÉ;33;300;ZONA RURAL;EMEF MERCES SANTOS GOMES;ASSENTAMENTO LOGRADOURO I
HIDROLÂNDIA;54;200;ALTO DA ESPERANÇA;ESCOLA PROFISSIONALIZANTE FRANCISCA MAURA MARTINS;RUA PROJETADA, SN
CAUCAIA;123;566;PARQUE GUADALAJARA (JUREMA);ESCOLA E.E.I.E.F. EDUCANDÁRIO SÃO FRANCISCO;RUA PADRE ALFREDO NESI, 788
FORTALEZA;117;149;NOVO MONDUBIM;CUCA MONDUBIM;RUA PROFESSOR GLAUCO LOBO S/N
FORTALEZA;117;150;NOVO MONDUBIM;CUCA MONDUBIM;RUA PROFESSOR GLAUCO LOBO S/N
JUAZEIRO DO NORTE;119;85;PIRAJA;ESCOLA MARIA AMELIA BEZERRA;AV CASTELO BRANCO SN
JUAZEIRO DO NORTE;119;453;MONSENHOR FRANCISCO MURILO DE SA BARRETO;E.E.I.F. ISAAC QUIRINO TEIXEIRA;AV. AURELIANO PEREIRA DA SILVA, S/N
AURORA;69;69;ANGICOS DE CIMA-SITIO;E.E.I.F. TARCÍSIO GONÇALVES DE OLIVEIRA;CE 288 SITIO ANGICOS DE CIMA  S/N
ITAREMA;98;138;ZONA RURAL;ESCOLA DIFERENCIADA DE TAPERA (COMUNIDADE INDIGENA);TAPERA
NOVA OLINDA;53;23;CENTRO;EMEF AVELINO FEITOSA;AV. PERIMETRAL SUL, 576
CHOROZINHO;49;176;CENTRO;CENTRO DE EDUCAÇÃO INFANTIL ERCILIA BEZERRA;RUA FRANCISCO DAS CHAGAS BRASIL 23
BREJO SANTO;70;13;CENTRO-SEDE;EEF PROFESSOR PEDRO GOMES DA SILVA BASILIO;RUA MANOEL ANTONIO CABRAL 489
PINDORETAMA;7;29;CENTRO-PINDORETAMA;EMEB FRANCISCA HOLANDA COSTA;RUA MARECHAL CASTELO BRANCO, 1074
JUAZEIRO DO NORTE;28;489;JUVENCIO SANTANA;EEF PREFEITO JOSE MONTEIRO DE MACEDO;RUA SAO SALVADOR, 104
MARACANAÚ;122;197;LUZARDO VIANA;EMEF NAPOLEAO BONAPARTE VIANA;RUA NAPOLEAO BONAPARTE VIANA 410
QUIXERAMOBIM;11;75;BELEM;ESCOLA GUILHERME CORREIA;BELEM
TRAIRI;97;99;MUNDAU;EEF SATURNINO LOPES DO PRADO;RUA VILA MARIANO S/N
GRANJA;25;57;TIMONHA;E.E.F. LUIZ MACHADO MENDES;TRAVESSA SANTA LUZIA, 753
FORTALEZA;117;408;BOM JARDIM;ESCOLA MUNICIPAL CATARINA LIMA DA SILVA;RUA PEDRO MARTINS, 313
FORTALEZA;117;383;CANINDEZINHO;EM PADRE ANTONIO MONTEIRO DA CRUZ;RUA DE PEDESTRE XIII, 25 - JARDIM FLUMINENSE II
SOBRAL;121;24;TAPERUABA;EEMTI DEP. CESARIO BARRETO LIMA;AV. NOSSA SENHORA DO CARMO S/N CENTRO
SOBRAL;121;293;JOCELY DANTAS;CURSO DE QUIMICA-UVA-CAMPUS CIDAO;AV. DR. GUARANY
GUARACIABA DO NORTE;74;22;CENTRO;CENTRO PASTORAL NOSSA SENHORA DOS PRAZERES;R. CEL.CLÍNIO MEMÓRIA, 281 - CENTRO
EUSÉBIO;88;165;PARQUE HAWAÍ;EEF MIRIAN ABREU;RUA C, S/N - PARQUE HAVAI
AQUIRAZ;66;338;CHACARA DA PRAINHA;RAIMUNDA DE FREITAS FAÇANHA;AV JOSILEUDO LEITE S/N
PARAMBU;19;292;MONTE SION;ESCOLA AMÂNCIO SIQUEIRA ROSA;RUA DA PAZ, 49
MARACANAÚ;122;17;PIRATININGA;COLÉGIO ESTADUAL PROFº FRANCº OSCAR RODRIGUES(COL.EST.LICEU MARACANAÚ);AV. LUIZ GONZAGA HONÓRIO, 50, PIRATININGA, MARACANAÚ-CE
COREAÚ;64;88;Ubaúna;UBAÚNA - CEI ANTº AGUIAR NERI;DISTRITO DE UBAÚNA
CAUCAIA;37;315;BOM JESUS;E.E.F. AUREA ALVES PEREIRA;RUA FRANCISCO SALES, 210
GROAÍRAS;65;134;VILA DE ITAMARACÁ;EEF ALBERTO ALVES BEZERRA;RUA JOAQUIM ALVES FEIJAO SN ITAMARACA
CARNAUBAL;22;6;SITIO CACHOEIRA DO NORTE;CENTRO DE APRENDIZAGEM RURAL CANDIDO DA CONCEICAO;SITIO CACHOEIRA DO NORTE
TABULEIRO DO NORTE;91;34;GANGORRINHA;EEB PEDRO MOREIRA DE SOUSA - GANGORRINHA;SITIO GANGORRINHA
QUIXERAMOBIM;11;294;MANITUBA;ESCOLA JOSE CARLOS DA SILVA;JARDIM
FORTALEZA;82;96;MONTE CASTELO;EM PROFESSOR MARTINZ DE AGUIAR;RUA BERNARDO PORTO, 470
FORTALEZA;82;28;SÃO GERARDO;SECRETARIA DO DESENVOLVIMENTO AGRÁRIO (SDA) DO ESTADO DO CEARÁ;AV. BEZERRA DE MENEZES, 1820
UBAJARA;73;195;SEBASTIAO GOMES PARENTE;ESCOLA  LUIZ GONZAGA DA FONSECA MOTA;RODOVIA ESTADUAL CE 187 (RODOVIA DA CONFIANCA)
TRAIRI;97;67;PEIXINHOS;CRECHE SONHO DE CRIANÇA;PEIXINHOS
IPUEIRAS;40;119;MIRADOR;EEF CESARIO DE SOUSA MEDEIROS - MIRADOR;MIRADOR
SOBRAL;24;650;DOMINGOS OLÍMPIO;EEFI EMILIO SENDIM;RUA EDUARDO DE ALMEIDA SANFORD, S/N
ANTONINA DO NORTE;18;118;CENTRO;CRECHE RAIMUNDA ALVES DE SOUZA;RUA VIRGILIO TAVORA, 115
MASSAPÊ;45;116;ZONA RURAL;GEM DE MERUOQUINHA;POVOADO DE MERUOQUINHA
MARANGUAPE;4;576;PAPARA;EMEIEF SANTO ANTÔNIO;RUA FRANCISCO ANTONIO DE LIMA, S/N
QUITERIANÓPOLIS;99;123;ZONA RURAL;UBS OSORINO LOIOLA BARRETO;SAO LUIZ
ORÓS;15;300;JUREMA - SITIO;ASSOCIAÇÃO COMUNITÁRIA DE JUREMA (ACJ);SITIO JUREMA, S/N
FORTALEZA;116;507;GRANJA LISBOA;EM JOAO MENDES DE ANDRADE;RUA B (CJ PALMARES), 1366
CROATÁ;74;105;SEDE;ESCOLA DE EDUCACAO BASICA DOM TIMOTEO;RUA MANOEL BRAGA SN - CENTRO
TAUÁ;19;407;TAUAZINHO;EEF MARIA ALEXANDRINO NOGUEIRA MARQUES;AV CEL VICENTE ALEXANDRINO DE SOUSA
SALITRE;38;129;ZONA RURAL, SALITRE/CE;E.E.I. F MIGUEL RAIMUNDO PEREIRA - SÍTIO ÂNGICO;SÍTIO ÂNGICO
FORTALEZA;85;303;ANTÔNIO BEZERRA;EEFM ANTONIO BEZERRA;RUA PADRE PERDIGAO SAMPAIO 780
FORTALEZA;85;213;GENIBAÚ;ESCOLA MUNICIPAL PROF AMERICO BARREIRA;RUA RICARDO PONTES 529
PEREIRO;10;140;CENTRO;ESCOLA DE ENSINO FUNDAMENTAL E MEDIO VIRGILIO CORREIA LIMA;RUA CORONEL ANTONIO VICENTE  274
FORTALEZA;114;234;JARDIM IRACEMA;CAPELA NOSSA SENHORA DE FÁTIMA;RUA RIO ARAGUAIA 1669
MARCO;96;91;CENTRO-SEDE;CENTRO EDUCACIONAL CENECISTA SAO MANUEL;RUA PARSIFAL BARROSO 375
FORTALEZA;83;166;JÓQUEI CLUBE;EEFM HERACLITO DE CASTRO E SILVA;RUA SILVEIRA FILHO, 808
FORTALEZA;82;697;CRISTO REDENTOR;EEMTI LIONS JANGADA;RUA CAMÉLIA, 352
FORTALEZA;82;191;MONTE CASTELO;CENTRO EDUCACIONAL SÃO MATEUS;AV. SARGENTO HERMÍNIO SAMPAIO, 2440
FORTALEZA;113;23;BENFICA;IFCE - INST FEDERAL DE CIÊNCIA E TECNOLOGIA (CEFET);AV. 13 DE MAIO, 2081
UMIRIM;23;274;SAO JOAQUIM-DISTRITO;E.E.F. SANTINA QUINTO AMAZONAS;RUA ALTO DA CAIXA DAGUA SN
FORTALEZA;113;139;JARDIM AMÉRICA;EEFM ESTADO DO PARANÁ;RUA ALBERTO MAGNO, 123
MOMBAÇA;46;20;PAES DE ANDRADE;CRECHE MANOEL BATISTA ALVES;AV. ANTONIO JAIME BENEVIDES FILHO S/N
SÃO BENEDITO;22;243;CIDADE ALTA;BOURDARLONE ZANSTRE BRANDÃO;FRANCISCO SABINO DA COSTA
QUIXERAMOBIM;11;198;JOSE AURELIO CAMARA;ESCOLA CEL VIRGILIO TAVORA- CIDADE;RUA FAUSTO COSTA 180
PINDORETAMA;7;300;CENTRO-PINDORETAMA;EMEB FRANCISCA HOLANDA COSTA;RUA MARECHAL CASTELO BRANCO, 1074
MARACANAÚ;122;63;ACARACUZINHO;EEF ANTONIO GONDIM DE LIMA;AV. LATERAL SUL S/N
SOBRAL;121;15;SINHÁ SABÓIA;ESCOLA CARLOS JEREISSATI;AV SENADOR FERNANDES TAVORA, 950
FORTALEZA;3;589;ALDEOTA;COLÉGIO ANTARES (RUA BARBOSA DE FREITAS);RUA BARBOSA DE FREITAS, 2058
SÃO JOÃO DO JAGUARIBE;91;118;CENTRO;EEF FRANCISCO GUERREIRO CHAVES;RUA CANDIDO CHAVES S/N
FORTALEZA;113;343;PARQUELÂNDIA;ESCOLA ESTADUAL DE EDUCAÇÃO PROFISSIONAL JOAQUIM NOGUEIRA;RUA MOREIRA DE SOUSA, 327
JUAZEIRO DO NORTE;28;226;FRANCISCANOS;COLÉGIO SÃO FRANCISCO DE ASSIS;NOSSA SENHORA DO CARMO SN
JUCÁS;43;48;VILA JOSÉ BENTO - SEDE;CENTRO DE SAUDE DE JUCÁS;VILA JOSE BENTO
PARAMBU;19;300;SEDE;ESCOLA JOSÉ FIRMINO LÔ;FACUNDO
TRAIRI;97;177;FLEIXEIRAS;EEF FURTUNATO SEVERIANO DA COSTA;FLEIXEIRAS
GRANJA;25;53;TIMONHA;E.E.F. JOSÉ FIRMINO DOS SANTOS;TRAVESSA ALCANTARA, 534
BARBALHA;31;114;MATA DOS DUDAS;EMEIF NAZINHA GARCIA SAMPAIO (SÍTIO MATA DOS DUDAS);RUA GEANE NÓBREGA DE ARAÚJO SARAIVA, S/N  (7.27423 S, 39.31956 W)
AIUABA;101;16;BARRA VERDE;GRUPO ESCOLAR ARMANDO ARRAES FEITOSA;POVOADO DE BARRA VERDE SN
MARANGUAPE;4;49;GUABIRABA - MARANGUAPE;CEI ISAURINHA DIÓGENES;RUA NAPOLEÃO LIMA, 780
QUIXERAMOBIM;11;97;DAMIAO CARNEIRO;ESCOLA JOAO FACUNDO BARBOSA;CIPO
FORTALEZA;112;553;GUARARAPES;CENTRO UNIVERSITARIO ESTACIO DO CEARA VIA CORPVS;RUA ELISEU UCHÔA BECO, 600
SANTANA DO ACARAÚ;44;34;BAIXA FRIA;EEF ANTÔNIO FRANCISCO CANAFÍSTULA;BAIXA FRIA
FORTALEZA;2;649;MESSEJANA;EEFM JOSE DE ALENCAR;RUA VENEZA, 84
TIANGUÁ;81;169;NENÊ PLÁCIDO;E.E.F. ANTONIO CUSTÓDIO SOBRINHO;AV. AFONSO MARANGUAPE, 430
PACATUBA;57;246;SAO JOSE;CENTRO COMUNITÁRIO;RUA CAPITÃO MANUEL PONTES DE MEDEIROS, PARQUE ARATANHA
BOA VIAGEM;63;77;VARZANTINHA;EEF JOSE RICARTE ALBUQUERQUE;VARZANTINHA
IBIAPINA;73;55;CENTRO;ESCOLA ROSA MARTINS CAMELO MELO;RUA PADRE IBIAPINA
INDEPENDÊNCIA;39;11;CENTRO;COLÉGIO SANTANA DE INDEPENDÊNCIA;RUA FREI VIDAL
FORTALEZA;112;409;EDSON QUEIROZ;COLEGIO ARI DE SA CAVALCANTE WS;AV WASHINGTON SOARES, 3737
FORTALEZA;82;370;SÃO GERARDO;COLÉGIO MASTER - BEZERRA DE MENEZES;AV. BEZERRA DE MENEZES, 1802
SANTA QUITÉRIA;54;187;ASSENTAMENTO RAPOSA;E. E. F. PAULO FERREIRA BRAGA;ASSENTAMENTO RAPOSA VÁRZEA DA CRUZ
NOVO ORIENTE;99;155;VILA FELIZ;ESCOLA ESTADUAL DE EDUCAÇÃO PROFISSIONAL MARIA EUDES BEZERRA VERAS;RUA ULISSES GUIMARÃES, S/N
ITAPAJÉ;41;186;ACUDE-SEDE;E.M.E.F FRANCISCO EUDES MAGALHAES;R. FAUSTO PINHEIRO, 530
FORTALEZA;113;40;JOSÉ BONIFÁCIO;COLÉGIO FARIAS BRITO PRÉ - VESTIBULAR;AV. BARÃO DO RIO BRANCO, 2424
PACOTI;5;210;GAMELEIRA;PSF DE GAMELEIRA;SITIO GAMELEIRA
AMONTADA;89;165;GARÇAS;EEBTI FRANCISCO RODRIGUES CARNEIRO;CORREGO DA EMA
ITAPAJÉ;41;70;CAMARA;ESCOLA MUNICIPAL ANTONIO PINTO DE OLIVEIRA;DISTRITO DE CAMARÁ
ITAPAJÉ;41;163;PADRE LIMA;ESCOLA MUNICIPAL CAPITAO MANOEL PINTO MESQUITA;RUA TEIXEIRA PINTO  1047
QUIXERAMOBIM;11;275;CONJUNTO ESPERANCA;ESCOLA DONA MUNDOCA;RUA ANTONIO PEDRO SANTIAGO
QUIXERAMOBIM;11;286;DISTRITO INDUSTRIAL;ESCOLA MANOEL MARTINS DE ALMEIDA;AV GERALDO BIZARRIA DE CARVALHO SN
TABULEIRO DO NORTE;91;23;CENTRO;ESCOLA DE 1 E 2 GRAUS FRANCISCO MOREIRA FILHO;RUA MANOEL FRANKLIN, 5033
AMONTADA;89;101;CENTRO;EEM RITA ESTELITA DOS SANTOS RODRIGUES;AV GAL ALÍPIO DOS SANTOS 1020
FORTALEZA;83;732;HENRIQUE JORGE;COLÉGIO LUNA RANGEL;RUA EURICO MEDINA, 959
SÃO BENEDITO;22;189;INHUCU;EE BASICO DEP TOMAZ BRANDAO;R SANTOS DUMONT S/N
OCARA;67;240;SERRAGEM-DISTRITO;ESCOLA MUNICIPAL JOAO PAULO DA SILVA - ENSINO FUNDAMENTAL;JUAZEIRO
EUSÉBIO;88;247;PEDRAS;EEF EVANDRO AYRES DE MOURA;RUA DOMINGOS SAVIO, 578 - PEDRAS
EUSÉBIO;88;236;CENTRO;EEM ANA BEZERRA DE SA;AV AIRTON SENA, 130 - CENTRO
EUSÉBIO;88;262;URUCUNEMA;EEF JOSEFA SA;RUA BEIRA RIO, 400 - MOSQUITO
TIANGUÁ;81;75;ACARAPE;E.E.I. F. MARIA ANIR AZEVEDO;LOTEAMENTO - SÍTIO ACARAPE
JARDIM;119;291;CENTRO;CENTRO EDUCACIONAL PADRE ALDEMIR;RUA FRANCISCO RORIZ 227
IPUEIRAS;40;122;LAGOA DOS VEADOS;EEF ANTÔNIO ALVES DE OLIVEIRA - LAGOA DOS VEADOS;LAGOA DOS VEADOS
TAUÁ;19;90;SANTA TEREZA;EMEF AMANCIO CORDEIRO JUNIOR;VILA SANTA TEREZA
SOBRAL;121;310;BONFIM;ESCOLA  JOSE RODRIGUES DE SOUSA (POLO JOSÉ ARIMATEIA ALVES);VARZEA REDONDA - BONFIM
FRECHEIRINHA;81;236;CENTRO;ESCOLA CARLOS MACHADO PORTELA;RUA TENENTE EUFRASIO  SN
CARIRIAÇU;71;27;PARAÍSO;EEM SÃO PEDRO;RUA LUIZ BEZERRA 325
BANABUIÚ;6;446;SITIÁ;EEF VANDERLEI DA SILVA AGUIAR;BARRA DO SITIÁ
INDEPENDÊNCIA;39;42;RIACHO DO MEIO;E.E.F. LIMA NETO;POVOADO RIACHO DO MEIO
QUIXADÁ;6;144;DANIEL DE QUEIRÓS;ESTAÇÃO FERROVIÁRIA DE DANIEL DE QUEIROZ;DANIEL DE QUEIROZ, S/N
TRAIRI;97;29;BACUMIXA;EEF ANTONIO MIGUEL PORTO;BACUMIXA
BEBERIBE;84;14;PARIPUEIRA;ESCOLA MUNICIPAL JOSE THEMIO BEZERRA;PALMEIRA
MILAGRES;26;57;SITIO SANTA CATARINA;ESCOLA JOAO BELEM DE OLIVEIRA;SITIO SANTA CATARINA
CAUCAIA;37;619;PARQUE LEBLON;EEIEF PEDRO LAURINO DE OLIVEIRA;RUA FILGUEIRAS SAMPAIO, S/N
MASSAPÊ;45;141;ZONA RURAL;CRECHE JOSE PEREGRINO DE SOUZA;DISTRITO DE TUÍNA
PACOTI;5;165;OURO-SITIO;CRECHE VOVÓ LOURDES (SÍTIO OURO);SITIO OURO
TRAIRI;97;17;CENTRO;EEB RAIMUNDO NONATO RIBEIRO;RUA RAIMUNDO NONATO RIBEIRO
QUIXADÁ;6;6;CENTRO;EEF TERRA DOS MONÓLITOS;RUA JOSE DE QUEIROZ PESSOA, 1902
ITAPIÚNA;105;166;ZONA RURAL;SEDE DA ASSOCIAÇÃO COMUNITÁRIA DA BOA VISTA;FAZENDA BOA VISTA
MARANGUAPE;4;552;JUBAIA;EMEF LEONOR DE CASTRO BORGES;RUA ANTÔNIA BOTELHO, 83
MARANGUAPE;4;595;PARQUE IRACEMA - MARANGUAPE;COLÉGIO SÃO JOSÉ;RUA SÃO JOSÉ, S/N
FORTALEZA;82;679;CARLITO PAMPLONA;EEMTI JOSÉ VALDO RIBEIRO RAMOS;RUA PEDRO AMÉRICO, 100
JUAZEIRO DO NORTE;28;141;AREA RURAL DE JUAZEIRO DO NORTE;EMEIF MARIA DO SOCORRO CARDOSO;DIST. PADRE CÍCERO. PALMEIRINHA
JUAZEIRO DO NORTE;28;45;SALESIANOS;COLEGIO SALESIANO SÃO JOÃO BOSCO;PADRE CICERO 1492
QUIXERAMOBIM;11;257;VILA SAO PAULO;ESCOLA ZILA ZILDA CARNEIRO;RUA CLEODON SIQUEIRA 1201
JUCÁS;43;58;MEL - VILA;ESCOLA DE 1 GRAU ANTONIO JOSE DE MELO;RUA ANTONIO JOSE DE MELO S/N
JUCÁS;43;74;SÃO PEDRO DO NORTE - VILA;CENTRO COMUNITARIO ANTONIO RAIMUNDO DE SOUZA;RUA ANTONIO PEREIRA DA SILVA 226
VÁRZEA ALEGRE;62;33;PRAÇA SANTO ANTÔNIO;COLÉGIO SÃO RAIMUNDO NONATO - LTDA;RUA CORONEL ANTONIO CORREIA, 24
SANTA QUITÉRIA;54;106;POVOADO PALESTINA;POSTO DE SAÚDE RAIMUNDO ALVES MARTINS;POVOADO PALESTINA
VÁRZEA ALEGRE;62;62;CALABAÇA-SEDE DO DISTRITO;EEF VEREADOR JOSÉ PRIMO DE MORAIS;VILA EXTREMA
MARANGUAPE;4;402;CENTRO - MARANGUAPE;COLÉGIO SEBASTIÃO DE ABREU;RUA ROBERTO BRAQUEHAIS, 656
BATURITÉ;5;108;OITICICA-FAZENDA;EMEF PEDRO LOPES FILHO;OITICICA
QUIXERAMOBIM;11;186;NENELANDIA;ESCOLA VALTER SA;CONDADO
FORTALEZA;82;514;CRISTO REDENTOR;EM SANTA TEREZA;AV. MONSENHOR HÉLIO CAMPOS, 90
FORTALEZA;82;461;SÃO GERARDO;COLÉGIO MASTER - BEZERRA DE MENEZES;AV. BEZERRA DE MENEZES, 1802
FORTALEZA;82;227;PIRAMBU;CENTRO EDUCACIONAL MOEMA TÁVORA;RUA MARCÍLIO DIAS, 485
MADALENA;63;163;CENTRO;EEF ALFREDO ALMEIDA MACHADO;RUA PEDRO COSTA E SILVA, 99 - CENTRO
SENADOR SÁ;45;53;CENTRO;EEF NOSSA SENHORA DO AMPARO;RUA PADRE DELMONT S/N
FORTALEZA;112;322;ENGENHEIRO LUCIANO CAVALCANTE;COLÉGIO ANTARES - SEDE WASHINGTON SOARES;RUA CAETANO XIMENES ARAGÃO,110 - ACESSO PELA RUA ARMANDO DALL'OLIO
MARANGUAPE;4;68;SERRA DO LAGEDO - ANTÔNIO MARQUES;EMEIEF IMACULADA CONCEIÇÃO;VILA ANTÔNIO MARQUES, 16
SOBRAL;121;149;CENTRO;CAMARA MUNICIPAL DE SOBRAL - ANEXO 2;RUA RANDAL POMPEU, 103
NOVA OLINDA;53;95;CRUZEIRO;EEF PADRE CRISTIANO COELHO;AV. JEREMIAS PEREIRA S/N
ARARIPE;68;102;CAMPO DE AVIAÇÃO;ESCOLA PROFESSORA MARIA VIOLETA ARRAES DE ALENCAR GERVAISEAU - SEDE;CAMPO DE AVIAÇÃO
MARACANAÚ;122;91;JAÇANAÚ;EMEF JOAQUIM AGUIAR;RODOVIA 065 KM 09 9821
FORTALEZA;116;105;GRANJA PORTUGAL;EM JOSE CARLOS MATOS;RUA ITAJAI 802
JUAZEIRO DO NORTE;119;111;SANTA TEREZA;COLÉGIO MILITAR DE JUAZEIRO DO NORTE;CASTELO BRANCO SN
FORTALEZA;82;233;PIRAMBU;EEFM GOVERNADOR FLÁVIO MARCÍLIO;AV. PASTEUR, 575
SÃO LUÍS DO CURU;23;336;FAZENDA COMUNITÁRIA;POSTO DE SAÚDE DA FAZENDA COMUNITÁRIA;LOCALIDADE FAZENDA COMUNITÁRIA
FORTALEZA;112;487;SAPIRANGA-COITÉ;EM PROFª ALDACI BARBOSA;RUA OLEGARIO MEMORIA, 1257
SÃO BENEDITO;22;45;MONS. OTALICIO;LICEU - JOAO ALMIR DE FREITAS BRANDAO;AVENIDA TABAJARA S/N
BANABUIÚ;6;453;ALTO ALEGRE;EEMTI JACOB NOBRE DE OLIVEIRA BENEVIDES;RUA ANA ANILDA BATISTA SÁ, S/N, SEDE
FORTALEZA;95;247;JANGURUSSU;CITS - CENTRO DE INCLUSÃO TECNOLÓGICA E SOCIAL;RUA L, 20, CONJUNTO JOÃO PAULO II
FORTALEZA;95;346;CAJAZEIRAS;EEMTI PROF. PAULO AYRTON ARAUJO - PRÉDIO ANTIGO;BR 116 KM 05, EM FRENTE AO ASSAÍ ATACADISTA
GUARACIABA DO NORTE;74;34;DISTRITO;ESCOLA MUNICIPAL SILVESTRE MESQUITA (VÁRZEA DOS ESPINHOS);VARZEA DOS ESPINHOS
MARCO;96;154;LOCALIDADE DE FEIJAO BRAVO;EEF ANTONIO PEREIRA DA ROCHA;POVOADO FEIJAO BRAVO
PENAFORTE;70;337;CENTRO-SEDE;ESCOLA DE ENSINO INFANTIL E FUNDAMENTAL PROFESSORA LEDITE ANGELO;RUA MONSENHOR ALCANTARA 05
FORTALEZA;113;348;PARQUELÂNDIA;SECRETARIA EXECUTIVA REGIONAL III - FORTALEZA;AV JOVITA FEITOSA 3090
FORTALEZA;113;116;BENFICA;COLÉGIO CHRISTUS BENFICA;RUA LUIS DE MIRANDA, 536
SANTA QUITÉRIA;54;164;ASSENTAMENTO VALPARAÍSO;ESCOLA MUNICIPAL BENEDITA ALBUQUERQUE;POVOADO VALPARAÍSO
ICAPUÍ;8;138;BARREIRAS DE CIMA;ESCOLA PROFA JOANA MARQUES BEZERRA;BARREIRAS DE CIMA
MONSENHOR TABOSA;61;127;ESPIRITO SANTO;EMEIF LEOCADIO SAMPAIO RODRIGUES;POVOADO DE ESPIRITO SANTO MONSENHOR TABOSA
MERUOCA;24;578;Centro;EEIF - DEPUTADO FRANCISCO MONTE;AV PEDRO SAMPAIO 471
RUSSAS;9;286;FLORES;ESCOLA MUNICIPAL SAO GERARDO;RAMAL DE FLORES
MAURITI;76;63;SERRINHA;CENTRO EDUCACIONAL DE MAURITI;RUA JOSÉ LEITE DA COSTA, 629
JAGUARUANA;75;39;CENTRO;IFCE INSTITUTO FEDERAL DO CEARÁ;AV DR ANTÔNIO DA ROCHA FREITAS, 1566
MARANGUAPE;4;592;UMARIZEIRAS;EMEF MANOEL CORDEIRO;RUA LUIZ CORDEIRO SOBRINHO, S/N
SÃO BENEDITO;22;61;SITIO PEDRA DE COCO II;EEF JOSE ANTONIO DE MELO;SITIO PEDRA DE COCO  II
MASSAPÊ;45;126;ZONA RURAL;CRECHE JOSE CLAUDIO DE AGUIAR;POVOADO DE IPAGUACUMIRIM
FORTALEZA;112;495;CIDADE DOS FUNCIONÁRIOS;COLEGIO MASTER SUL;RUA BENJAMIM MOURA, 631
FORTALEZA;94;579;VILA VELHA;EMEIEF PROF JOSE PARSIFAL BARROSO;AV MAJOR ASSIS 1076
BOA VIAGEM;63;232;PONTE NOVA - SEDE;EEF FILOMENA UCHOA VIANA;RUA LUIZ XIMENES DE ARAGAO, N 05
SENADOR POMPEU;12;45;BONFIM;CAPELA SÃO VICENTE DE PAULO (SÍTIO FEIJÃO);SÍTIO FEIJÃO
ACARAÚ;30;39;CENTRO;LICEU DE ACARAÚ - ESCOLA MARIA ALICE RAMOS;CENTRO
BANABUIÚ;6;436;LARANJEIRAS;EEF PAULO SARASATE;RUA DA IGREJA S/N, LARANJEIRAS
FORTALEZA;94;191;VILA VELHA;EEFM DONA HILZA DIOGO DE OLIVEIRA;AV. DOM ALOÍSIO LORSCHEIDER, 1040 - VILA VELHA
FORTALEZA;116;303;GRANJA LISBOA;EEEP ICARO DE SOUSA MOREIRA - LICEU DO BOM JARDIM;RUA JOSE MARTINS, 2246
FORTALEZA;85;187;CONJUNTO CEARÁ I;EEFM JOSE LEOPOLDINO DA SILVA FILHO - UV4;RUA QUATROCENTOS E QUARENTA E OITO, 1, 2A ETAPA
QUIXADÁ;6;228;CENTRO;SECRETARIA MUNICIPAL DE SAÚDE (ANTIGO GVA);RUA FRANCISCO ENEAS DE LIMA, 2049
QUIXADÁ;6;124;ÁREA RURAL DE QUIXADÁ;EEF JOÃO DELFINO DE ALENCAR;FAZENDA SÃO FRANCISCO - PERIFERIA, S/N
MARANGUAPE;4;124;LADEIRA GRANDE;EMEIEF JOSÉ SIMÃO DE ABREU;AVENIDA JOSÉ SIMÃO DE ABREU, S/N
TAUÁ;19;215;BARRO BRANCO - SEDE;ASSOCIACAO DOS ASSOCIADOS FAZENDA ANGICOS (ANT ESCOLA SEBASTIAO REGO);ASSENTAMENTO ANGICO
ARARIPE;68;7;CENTRO;ESCOLA NIURA MARIA DE ALENCAR - SEDE;RUA ANTONIO HENRIQUE DE LIMA, S/N
BOA VIAGEM;63;117;CENTRO-SEDE;EEF PE ANTONIO CORREIA DE SA;RUA JOSE RANGEL DE ARAUJO 22
FORTALEZA;112;507;EDSON QUEIROZ;EM PROF FRANCISCO MAURICIO MATOS DOURADO;RUA  DES FLORIANO BENEVIDES MAGALHÃES, 391
CANINDÉ;33;60;ZONA RURAL;EMEF MANOEL JANUARIO DE LIMA;RUA IRMÃ SIMPLICIA, S/N IPU MONTE ALEGRE
FORTALEZA;82;625;MONTE CASTELO;EEMTI CLÁUDIO MARTINS;RUA DEMÓCRITO ROCHA, 400
FORTALEZA;85;186;CONJUNTO CEARÁ I;EEFM JOSE LEOPOLDINO DA SILVA FILHO - UV4;RUA QUATROCENTOS E QUARENTA E OITO, 1, 2A ETAPA
CATUNDA;54;247;CENTRO;COLÉGIO FILOMENA BELARMINA NAU;CENTRO
SOLONÓPOLE;55;135;CENTRO;EEEP JOSÉ CIRO NOGUEIRA MACHADO;TV LUÍS ALMEIDA
SÃO BENEDITO;22;233;CIDADE ALTA;BOURDARLONE ZANSTRE BRANDÃO;FRANCISCO SABINO DA COSTA
QUIXERAMOBIM;11;64;MANITUBA;ESCOLA FRANCISCO FELIPE FILHO;LAGOA CERCADA
MARANGUAPE;4;74;LADEIRA GRANDE;EMEIEF FRANCISCA ROCHA MAGALHÃES;AVENIDA ALCEBÍADES RODRIGUES BARRETO SN
ITAPAJÉ;41;287;SANTA RITA-SEDE;ESCOLA PREFEITO LUIS FORTE DA SILVA;RUA ALVARO BASTOS SN
MOMBAÇA;46;99;MORADA NOVA;ESCOLA DE ENSINO FUNDAMENTAL MARIA AMBROSINA CAVALCANTE;MORADA NOVA
ACARAPE;52;45;CENTRO;CENTRO DE REFERÊNCIA DE ASSISTÊNCIA SOCIAL (CRAS);RUA CHICO VIEIRA, SN
PARAMOTI;111;141;CENTRO;EMEF BELA VISTA;AV JOAQUIM VIEIRA, 22
FORTALEZA;82;680;CARLITO PAMPLONA;EEMTI JOSÉ VALDO RIBEIRO RAMOS;RUA PEDRO AMÉRICO, 100
FORTALEZA;115;467;VILA PERI;EEM PROF. HERMENEGILDO FIRMEZA;RUA GABRIEL FIUZA 360
MARACANAÚ;122;116;HORTO;EMEIEF CESAR CALS DE OLIVEIRA NETO;RUA PROF JOSÉ HENRIQUE DA SILVA, S/N
FORTALEZA;83;93;HENRIQUE JORGE;ESCOLA MUNICIPAL SANTA MARIA;RUA CUIABÁ 1465
FORTALEZA;95;199;PEDRAS;EM TRISTÃO DE ALENCAR;RUA JOSE NOGUEIRA, 69
JUAZEIRO DO NORTE;119;212;TIMBAUBA;ESCOLA DOM VICENTE DE PAULA ARAUJO MATOS;RUA RUI BARBOSA 1935
MORRINHOS;44;21;BOM PRINCIPIO;EMEF ZÓZIMO MARINHO DE ANDRADE;CE 319 KM 6 BOM PRINCIPIO
AMONTADA;89;107;ARACATIARA;EEBTI PROF LUIZA TELES;RUA JOSE ABDON SARAPIÃO DE BARROS
BOA VIAGEM;63;141;CENTRO-SEDE;EEFM DOM TERCEIRO;RUA ALFREDO TERCEIRO  300
MARACANAÚ;122;211;COQUEIRAL;EMEF JOSE BELISARIO DE SOUSA;RUA MANOEL MOREIRA LIMA 790
FORTALEZA;82;380;ÁLVARO WEYNE;COLÉGIO MENINO JESUS DE PRAGA;RUA ANA FACÓ, 140
PACAJUS;49;365;COAÇU;EEF RAIMUNDO NOGUEIRA DE QUEIROZ;RUA JOÃO AUGUSTO DE OLIVEIRA, 103
GUARAMIRANGA;5;235;AGOSTINHO-SITIO;CRECHE MUNICIPAL AGOSTINHO II (AGOSTINHO);AGOSTINHO
MARANGUAPE;4;10;AMANARI;EMEF BÁRBARA DE ALENCAR;PRAÇA ADELAIDE COELHO, 67
PACATUBA;57;341;PAVUNA;ESCOLA DE 1 GRAU MARIA GUIOMAR BASTOS CAVALCANTE;RUA TOPAZIO, 331, VELHO TIMBO
JUAZEIRO DO NORTE;28;480;SANTO ANTONIO;EEF PELUSIO CORREIA DE MACEDO;RUA MARIETA FRANCA DE MENEZES 360
FORTALEZA;116;441;BONSUCESSO;EM XV DE OUTUBRO;RUA GUARANI, 2030
FORTALEZA;116;486;BOM JARDIM;EM RAIMUNDO MOREIRA SENA;RUA G, 93, CJ. NOVA RESIDENCIA
BELA CRUZ;96;12;CENTRO-SEDE;EEEP JULIO FRANÇA;RUA CEL. DUCA, 1051
ASSARÉ;18;134;JOSE DODO;ESCOLA DE ENSINO FUNDAMENTAL JOSE DANIEL;RUA SAGRADA FAMILIA
MONSENHOR TABOSA;61;135;CENTRO;ESCOLA INDÍGENA DE MONSENHOR TABOSA;RUA SANTO ANTONIO 124
GRANJA;25;56;TIMONHA;E.E.F. LUIZ MACHADO MENDES;TRAVESSA SANTA LUZIA, 753
ASSARÉ;18;155;JOSE DODO;ESCOLA DE ENSINO FUNDAMENTAL JOSE DANIEL;RUA SAGRADA FAMILIA
UBAJARA;73;152;CHAPADA;ESCOLA LUIS ANTONIO DE AGUIAR;VILA CHAPADA - DISTRITO ARATICUM
CARIÚS;43;168;SAO SEBASTIAO-DISTRITO;EEIF JOAO DIAS DE MORAIS (ANTIGA JOAO LEITE CHAVES);VILA SAO SEBASTIAO
FORTALEZA;85;365;DOM LUSTOSA;EEFM AYRTON SENNA DA SILVA;RUA MANAUS, 855
QUIXADÁ;6;88;TAPUIARA;EEF FRANCISCO FERREIRA LIMA;TAPUIARÁ, S/N
MASSAPÊ;45;43;ZONA RURAL;EEF SANTO ANTONIO;DISTRITO DE TANGENTE
MARACANAÚ;122;19;PIRATININGA;COLÉGIO ESTADUAL PROFº FRANCº OSCAR RODRIGUES(COL.EST.LICEU MARACANAÚ);AV. LUIZ GONZAGA HONÓRIO, 50, PIRATININGA, MARACANAÚ-CE
SANTA QUITÉRIA;54;139;ASSENTAMENTO SACO DO BELÉM;ESCOLA MUNICIPAL CORONEL ARTUR THEMÓTEO;ASSENTAMENTO SACO DO BELÉM
MORRINHOS;44;144;ZONA RURAL;EMEF MARIA CONCEICAO DOS SANTOS;BELA VISTA
PARACURU;109;204;CAMPO DE AVIAÇÃO;E. M. E. I. F. PROFESSORA MARIA ALBUQUERQUE LIMA - DINA;AV. SAO JOAO EVANGELISTA, 385
BARBALHA;31;48;SÍTIO BOA ESPERANÇA (ARAJARA);CEI MARIA RAIMUNDA DO ESPÍRITO SANTO DA COSTA (ARAJARA);SÍTIO BOA ESPERANÇA, S/N - DISTRITO DE ARAJARA (7.34129 S, 39.38988 W)
MARANGUAPE;4;451;PARQUE IRACEMA - MARANGUAPE;EMEF FRANCISCA GOMES FERNANDES VIEIRA;AVENIDA STENIO GOMES 872
REDENÇÃO;52;100;CENTRO (SEDE);ESCOLA MARIA AUGUSTA RUSSO DOS SANTOS;RUA SANTOS DUMONT, S/N
CHOROZINHO;49;42;PARQUE SAO JOSE;EEFM PADRE ENEMIAS FREIRE DE ALMADA;PRACA DOM JOSE DE MEDEIROS DELGADO SN
URUBURETAMA;23;218;AGUAÍ / ZONA RURAL;EEIF JOAO HUDSON SARAIVA;SITIO AGUAI
FORTALEZA;95;227;PEDRAS;EM FRANCISCA ORIA SERPA;RUA JORGE FIGUEIREDO, 3652
FORTALEZA;117;432;BOM JARDIM;ESCOLA MUNICIPAL HERBERT DE SOUSA;RUA URUCUTUBA 1599
PACAJUS;49;189;LAGOA SECA;EEF VEREADOR JOAQUIM NOGUEIRA LOPES;CONJUNTO LAGOA SECA
FORTALEZA;80;293;VILA UNIÃO;ESCOLA MUNICIPAL PAPA JOÃO XXIII;AV TREZE DE ABRIL, 545
NOVA OLINDA;53;99;CENTRO;EMEF ANA FERREIRA DO NASCIMENTO;AV. PERIMETRAL SUL,  SN
FORTALEZA;94;780;VILA VELHA;EMTI DEPUTADO ROBERTO MESQUITA;R. BETA,  SN
BOA VIAGEM;63;33;DOMINGOS DA COSTA;EEF DAVID VIEIRA CARNEIRO;R. SABINO PEREIRA, S/N - ZONA RURAL
TIANGUÁ;81;168;RÉGIS DINIZ;E.E.F. DOM FCº. JAVIER HERNANDEZ ARNEDO;RUA SÃO BERNARDO, S/N
ORÓS;15;279;IGAROI - DISTRITO;ASSOCIAÇÃO COMUNITÁRIA PADRE CÍCERO;SÍTIO CABEÇA DE NEGRO
CARIRÉ;65;86;N.S. DE FÁTIMA;EEFTI PROFESSOR LUIS DE SENA DIAS;RUA CEFISA AGUIAR
CAMOCIM;32;143;SAO PEDRO;ESCOLA EMILIA PESSOA VERAS;RUA HUMAITA S/N
INDEPENDÊNCIA;39;21;BRILHANTE;E.E.F. MIGUEL GONCALVES DA SILVA;POVOADO BRILHANTE
SOBRAL;121;291;JOCELY DANTAS;CURSO DE QUIMICA-UVA-CAMPUS CIDAO;AV. DR. GUARANY
AQUIRAZ;66;268;CENTRO;EMEF ERNESTO GURGEL VALENTE;RUA FRANCISCO CAMARA, SN
RUSSAS;9;71;CENTRO;ESCOLA DE ENSINO MÉDIO MANOEL MATOSO FILHO;AVENIDA MARIA RAMALHO, 336
FORTALEZA;95;216;PARQUE SANTA MARIA;EMEIEF BARBARA DE ALENCAR;RUA CAPITAO PORFIRIO, 544
PARAMOTI;111;120;CENTRO;EMEF PAULO SARASATE (ANTIGO CERU);AV. JOAQUIM FARIAS, 175
MORADA NOVA;47;83;BOA AGUA;EEB MARIA RABELO MARTINS;RUA JULIO MARTINS DA COSTA, 24 - BOA ÁGUA
FORTALEZA;83;744;DEMOCRITO ROCHA;COLÉGIO PROFESSORA JEMINA GÓIS;RUA GUANABARA, 627
BEBERIBE;84;88;CENTRO;ESCOLA DE ENSINO FUNDAMENTAL E MEDIO ANA FACO;RUA VICENTE MATHIAS 119
QUIXERAMOBIM;11;29;SAO MIGUEL;ESCOLA LUIZA AMANCIO DE OLIVEIRA;CASTELO
ORÓS;15;324;SAO JOSE - SEDE;E.E.F. ROBERTO ROLIM;TRAVESSA MARIA PINHEIRO DA COSTA S/N
FORTALEZA;94;818;QUINTINO CUNHA;EEMTI MARIA JOSÉ SANTOS FERREIRA GOMES (CERE);RUA DONA LUCIA PINHEIRO, 93
IBIAPINA;73;41;DISTRITO DE ALTO LINDO;ESCOLA MANUEL RODRIGUES DE MEDEIROS;RUA RAIMUNDO DOMINGOS XIMENES
BATURITÉ;5;22;LAJES-SEDE;UNIDADE BÁSICA DE SAÚDE - PSF SEDE 2;RUA MADRE PIERINA USLENGHI, S/N
FORTALEZA;94;585;QUINTINO CUNHA;EEFM DOM HELDER CAMARA;RUA ROSINHA SAMPAIO 1157
FORTALEZA;94;721;JARDIM IRACEMA;EEFM DEP FCO DE ALMEIDA MONTE;AV. CORONEL CARVALHO 2400
PINDORETAMA;7;289;PRATIUS - 2;EMEB OLGA VALE ALBINO;RODOVIA CE 454, S/N - PRATIUS - 2  PINDORETAMA
ITAPIÚNA;105;144;ZONA RURAL;CENTRO COMUNITARIO DE GARROTE;GARROTE
FORTALEZA;116;400;BONSUCESSO;EM XV DE OUTUBRO;RUA GUARANI, 2030
INDEPENDÊNCIA;39;161;URUGUAI;E.E.F.JOAO PEREIRA DA SILVA;URUGUAI
INDEPENDÊNCIA;39;169;VARZEA DA CACIMBA;E.E.F. BENTO DE JESUS SARMENTO;VARZEA DA CACIMBA
CATUNDA;54;77;CENTRO;E. E. F. SÃO ZACARIAS;RUA ANTONIO TIMBÓ, SN.
JIJOCA DE JERICOACOARA;30;402;CENTRO;ESCOLA SENADOR CARLOS JEREISSATE;RUA MINAS GERAIS S/N
FORTALEZA;115;333;PARANGABA;COLÉGIO LOURENÇO FILHO - PARANGABA;RUA CÔNEGO DE CASTRO 700
QUIXERAMOBIM;11;251;CONJUNTO ESPERANCA;ESCOLA DONA MUNDOCA;RUA ANTONIO PEDRO SANTIAGO
FORTALEZA;115;487;ITAPERI;EM PROJETO NASCENTE;RUA CAMPO MAIOR, S/N
CHAVAL;108;20;CENTRO;EEF FRANCISCO DE ASSIS DAMASCENO CARNEIRO;RUA MAJOR FIEL S/N
FORTALEZA;82;371;ELLERY;ESCOLA MUNICIPAL HONÓRIO BEZERRA;RUA CAPITÃO NESTOR GÓIS, 400
SOBRAL;121;302;TAPERUABA;ESCOLA FREDERICO AUTO CORREIA;RUA ANTONINO MELO - VASSOURAS
FORTALEZA;82;546;CRISTO REDENTOR;EM SANTA TEREZA;AV. MONSENHOR HÉLIO CAMPOS, 90
JAGUARIBE;10;186;COHAB;EEEP POETA SINÓ PINHEIRO (LICEU);AV D, S/N
FORTALEZA;115;43;ITAPERI;UNIVERSIDADE ESTADUAL DO CEARA - UECE;AV DR. SILAS MUNGUBA, 1700
MARANGUAPE;4;629;OUTRA BANDA - MARANGUAPE;CEI DEPUTADO JOSÉ MÁRIO MOTA BARBOSA;RUA DA PRAÇA, S/N
UBAJARA;73;153;sítio águas belas - jaburu;ESCOLA HUMBERTO RIBEIRO LIMA;SITIO ÁGUAS BELAS - JABURU
IBICUITINGA;47;160;CURRAIS;EEB FRANCISCO FIRMINO DE ARAUJO;LAGOA DOS CURRAIS
SOBRAL;121;56;COHAB I;EEFM MONS. JOSE GERARDO FERREIRA GOMES(NOELIA);RUA MADALENA DE SÁ, S/N
FORTALEZA;116;437;BONSUCESSO;CEI XV DE OUTUBRO;RUA MENINO JESUS DE PRAGA, 192
BEBERIBE;84;128;ITAPEIM;IGREJA ASSEMBLÉIA DE DEUS TEMPLO CENTRAL;LAGOA DO MATO
QUIXELÔ;13;143;CENTRO;ESCOLA DE ENS FUND E MÉDIO PROFESSOR LUIS DE GONZAGA FONSECA MOTA;RUA VITORINO JOSE DE OLIVEIRA SN
CANINDÉ;33;80;ALTO GUARAMIRANGA;EEFM FREI POLICARPO;RUA JOAO BASTOS 2027
TIANGUÁ;81;209;NENÊ PLÁCIDO;E.E.F. ANTONIO CUSTÓDIO SOBRINHO;AV. AFONSO MARANGUAPE, 430
CARIRIAÇU;71;90;MONTE SERRAT;EEF FRANCISCO FEITOSA DE LIRA;SÍTIO OLHO D'ÁGUA GRANDE
FORTALEZA;95;126;JANGURUSSU;EMEIEF LIONS CLUBE FORTALEZA FÁTIMA;TRAVESSA LIONS CLUBE, 141
FORTALEZA;80;222;JOAQUIM TÁVORA;EEFM PADRE ROCHA;RUA CEL ALVES TEIXEIRA 525
CARIDADE;111;119;CENTRO;EEF CARMOZINA BITTENCOURT;AVENIDA CORONEL FRANCISCO LINHARES
POTENGI;68;55;VILA BARAUNAS;ESCOLA MUNICIPAL FRANCISCO JOSE DE OLIVEIRA - BARAÚNAS;SITIO BARAUNAS
MOMBAÇA;46;131;BOA VISTA;CENTRO EDUCACIONAL RURAL DE BOA VISTA;BOA VISTA
GRANJA;25;179;PESSOA ANTA;E.E.F. CÓRREGO DO LINO;SITIO CÓRREGO DO LINO
FORTALEZA;80;276;VILA UNIÃO;ESCOLA MUNICIPAL HAROLDO JORGE BRAUN VIEIRA;AV LAURO VIEIRA CHAVES, 2001
REDENÇÃO;52;104;DISTRITO DE ANTÔNIO DIOGO;ESCOLA ANTÔNIO BARBOSA;SÍTIO SUSTO
FRECHEIRINHA;81;257;CENTRO;CRECHE INÊS EDITE PONTES;RUA SANTO ANTÔNIO, S/N, CENTRO
BELA CRUZ;96;185;CORREGO GRANDE-SEDE;CENTRO CATEQUÉTICO - CAPELA MÃE-RAINHA;RUA JOSÉ XEREZ DE SOUSA, S/N
FORTALEZA;82;593;MONTE CASTELO;COLÉGIO EURÍDICE;RUA NATURALISTA FEIJÓ, 736
FORTALEZA;93;87;PREFEITO JOSÉ WALTER;EM RACHEL DE QUEIROZ;AVENIDA C, S/N - II ETAPA
JUAZEIRO DO NORTE;28;222;FRANCISCANOS;COLÉGIO SÃO FRANCISCO DE ASSIS;NOSSA SENHORA DO CARMO SN
JUAZEIRO DO NORTE;28;473;SANTO ANTONIO;EEF PELUSIO CORREIA DE MACEDO;RUA MARIETA FRANCA DE MENEZES 360
IBIAPINA;73;36;CENTRO;CENTRO PASTORAL ZULMIRA MELO (ANTIGO COLÉGIO DO PADRE);RUA MONSENHOR MELO, 439
MONSENHOR TABOSA;61;146;CENTRO;E.M.E.F.T.I LUIZ LEITAO;AVENIDA PESSOA PIRES  2
JUAZEIRO DO NORTE;28;458;SALESIANOS;COLEGIO SALESIANO SÃO JOÃO BOSCO;PADRE CICERO 1492
PACATUBA;57;297;CONJUNTO JEREISSATI III;EEIEF NELLY DE LIMA E MELO;RUA 02, 250
MORRINHOS;44;180;CENTRO;EMEF CORONEL VIRGÍLIO TÁVORA;RUA JOAQUIM CORIOLANO ROCHA 401
ARACATI;8;177;BAIXIO;E.E.F. JOSE ROCHA GUIMARAES;BAIXIO
TAUÁ;19;178;TRICI;ESCOLA LUZIA AURELIO DOS SANTOS;ABOBORA
FORTALEZA;83;125;HENRIQUE JORGE;EEMTI ANTONIETA SIQUEIRA;RUA GUARANI 04
FORTALEZA;80;373;TAUAPE;CENTRO DE DESENVOLVIMENTO SOCIAL SEMEANDO (ANTIGO EURICO BERGSTEN);RUA CRUZ ABREU 204
FORTALEZA;80;212;ALTO DA BALANÇA;EM PROFESSORA EDITH BRAGA;RUA CAPITAO VASCONCELOS 1061
FORTALEZA;93;72;MONDUBIM;EM JONATHAN DA ROCHA ALCOFORADO;RUA MARIA GOMES DE SÁ,1030 ARACAPÉ
SANTA QUITÉRIA;54;87;DISTRITO DE TRAPIÁ;ESCOLA DE ENSINO MÉDIO JOÃO DE MESQUITA BRAGA;DISTRITO DE TRAPIÁ
SANTA QUITÉRIA;54;217;COHAB;ESCOLA MARIA ALMERINDA JUCÁ MAGALHÃES;CONJUNTO HABITACIONAL ANGÉLICA CATUNDA
SOBRAL;24;665;JOSÉ EUCLIDES;EEFI MOCINHA RODRIGUES;RUA EVANGELINA SABOIA, S/N
BARBALHA;31;62;VILA SANTO ANTONIO;ETI JOSEFA ALVES DE SOUSA;RUA ZUCA SAMPAIO, S/N (EM FRENTE AO HOSPITAL DO CORAÇÃO)
BARBALHA;31;98;BREJINHO;CEI MARIA CLEONICE PEREIRA (BREJINHO);AV JOSÉ VALCENIR DA CRUZ, S/N - EM FRENTE AO PQ VAQUEJADA
CARIÚS;43;206;SITIO RIACHO DO MEIO;EEI N. SRA. DO PERPÉTUO DO SOCORRO (ANTIGA JOSE OURICO F. LIMA);SITIO RIACHO DO MEIO
MULUNGU;5;129;CENTRO-SEDE;EMEF HERMENEGILDO ROCHA PONTES;RUA SANTA INES S/N
MADALENA;63;161;CENTRO;EEF ALFREDO ALMEIDA MACHADO;RUA PEDRO COSTA E SILVA, 99 - CENTRO
IPUEIRAS;40;110;AMÉRICA;ESCOLA DE ENSINO FUNDAMENTAL MARIANO MARINHO DE OLIVEIRA - AMÉRICA;AMÉRICA
SOBRAL;121;30;ARACATIAÇU;ETI MARIA DE LOURDES DE VASCONCELOS;RUA MONSENHOR LINHARES, S/N
BREJO SANTO;70;251;POCO DO PAU-DISTRITO;ESCOLA MUNICIPAL MARIA LEITE DE ARAUJO;SITIO POCO DO PAU
CEDRO;13;542;VÁRZEA DA CONCEIÇÃO;PSF DA PITOMBEIRA;ST PITOMBEIRA
FORTALEZA;80;302;DIONISIO TORRES;ASSEMBLÉIA LEGISLATIVA - UNIVERSIDADE DO PARLAMENTO CEARENSE;RUA BARBOSA DE FREITAS, 2674
IBARETAMA;6;335;CENTRO;EEMTI CÔNEGO LUIZ BRAGA ROCHA;RUA PADRE JOAO SCOPEL, S/N
GUARACIABA DO NORTE;74;18;CENTRO;CENTRO PASTORAL NOSSA SENHORA DOS PRAZERES;R. CEL.CLÍNIO MEMÓRIA, 281 - CENTRO
ACARAÚ;30;221;ZONA RURAL;ESCOLA ANTONIO DELFINO;OSTRAS
FORTALEZA;116;391;BONSUCESSO;EM FRANCISCA FERNANDES MAGALHAES (COLÉGIO CASTRO);RUA OLIVEIRA SOBRINHO, 1031
FORTALEZA;115;126;MONDUBIM;LAR FABIANO DE CRISTO;RUA CEL. JAIME ROLEMBERG, 100
COREAÚ;64;118;Mota;MOTA - ESCOLA MUN. RDO. BARROSO TABOSA;LOCALIDADE MOTA
FORTALEZA;115;33;PARANGABA;EM THOMAZ POMPEU SOBRINHO;RUA JOSE MENELEU, 531
HORIZONTE;78;418;JENIPAPEIRO;UNIDADE PRISIONAL DE ENSINO, CAPACITAÇÃO E TRABALHO;ESTRADA DA COLUNA, CE-350, KM 3, S/N - HORIZONTE
TABULEIRO DO NORTE;91;103;SITIO BARRINHA;ASSOCIAÇÃO CULTURAL AÇÃO E FE DA BARRINHA;SITIO BARRINHA
APUIARÉS;50;216;CONJUNTO FRANCISCO BERNARDO;EEF MATILDE BARBOSA GOIS;RUA JOSÉ NOJOSA FREITAS, 100
IPU;21;46;SEDE;EEMTI AUTON ARAGAO;PCA SAO SEBASTIAO 1029 CENTRO
IPU;21;156;SITIO MACACO;E.M.E.F. CRIANCA ESPERANCA;SITIO MACACO
FORTALEZA;95;98;CONJUNTO PALMEIRAS;EEFM DOUTORA ALDACI BARBOSA;RUA VALPARAISO, 155
JARDIM;119;300;CENTRO;ESCOLA DR. ROMAO SAMPAIO;RUA JOSE MARROCOS 240
JAGUARIBE;10;188;PLACA VERDE;CRECHE NOSSA SENHORA DAS CANDEIAS;RUA ELIZIARIO DIOGENES PINHEIRO S/N
FORTALEZA;94;5;QUINTINO CUNHA;CENTRO COMUNITARIO CONJUNTO SAO FRANCISCO;RUA ILHA DO BOTE 367
FORTALEZA;94;675;VILA VELHA;EEM LICEU VILA VELHA;AV. L, 840
BOA VIAGEM;63;65;BOQUEIRAO-IBUACU;EEF PE VITAL ELIAS FILHO;RUA JOSE ANDRE DA COSTA S/N
SENADOR POMPEU;12;66;BONFIM;EEIEF MANUEL RUFINO DA SILVA;LAGOA NOVA
TABULEIRO DO NORTE;91;59;SÃO BENTO;EEB JOSE BIZERRA DE LIMA - SITIO SÃO BENTO;SITIO SÃO BENTO
QUIXERAMOBIM;11;6;MANITUBA;ESCOLA ALFREDO ALMEIDA MACHADO- MANITUBA;VILA DE MANITUBA
PARACURU;109;13;SAO PEDRO;E. M. E. I. F. EZEQUIEL VICENTE DA COSTA;AV GERALDO CIRIACO, S/N
FORTALEZA;85;207;GENIBAÚ;ESCOLA MUNICIPAL PROF AMERICO BARREIRA;RUA RICARDO PONTES 529
AIUABA;101;5;CENTRO;EEM JOSÉ FERREIRA BARBOSA;RUA 7 DE SETEMBRO S/N
TURURU;17;626;CEMOABA / ZONA RURAL;EMEF MARIA LUNGA MOREIRA;RUA PRINCIPAL
MILHÃ;55;70;CENTRO;ESCOLA DE ENSINO FUNDAMENTAL CLEONICE B. PINHEIRO ROSA;RUA PEDRO JOSE DE OLIVEIRA 908
JARDIM;119;338;CORRENTE;ESCOLA LUIZ LEITE BRINGEL;POVOADO DE CORRENTE  SN
MORADA NOVA;47;14;CENTRO;CENTRO EDUCACIONAL MONSENHOR TABOSA;AV. MANOEL CASTRO, 440
ARACATI;8;245;CATU VILANE;ESCOLA 27 DE JULHO;AROEIRAS VILANY
FORTALEZA;116;463;JOÃO XXIII;COLEGIO LIMA NOGUEIRA;RUA JULIO BRAGA, 1117
QUIXERÉ;29;231;SEDE;EEB MANOEL GONCALVES DE SOUSA;SITIO LEAO
CAMOCIM;32;96;CENTRO;CREDE;TRAVESSA JOAO TOME S/N
FORTALEZA;116;494;GRANJA PORTUGAL;EM JOSE CARLOS MATOS;RUA ITAJAI 802
CHAVAL;108;15;CENTRO;EEMTI MONSENHOR JOSÉ CARNEIRO DA CUNHA;RUA EDUARDO MOTA, N 201
GRANJA;25;97;SANTA TEREZINHA;E.E.F. FRANCISCA FONTENELE SOUSA BATISTA;RUA DONA MARIA SOUSA, S/N
PALHANO;9;143;SAO JOSE;ESCOLA DE ENSINO FUNDAMENTAL RAIMUNDO NOGUEIRA BARROS;SÃO JOSÉ
AURORA;69;31;ARACA-SEDE;E.E.I.F. ROMAO SABIA;RUA PROJETADA  S/N
CAUCAIA;37;1;PARQUE SOLEDADE;COLEGIO JANUSA CORREA;RUA NOSSA SENHORA DOS PRAZERES, 238
PARAMBU;19;285;CENTRO;ESCOLA VIRGÍLIO TAVORA;RUA 07 DE SETEMBRO, 120
CHOROZINHO;49;56;CAMPESTRE;EEF MARIA JOANA DE CARVALHO;LOCALIDADE CAMPESTRE II
FORTALEZA;115;116;MARAPONGA;DETRAN;AV GODOFREDO MACIEL, 2900
ARACATI;8;45;NOSSA SENHORA DE LOURDES;EEMTI. BENI CARVALHO;RUA BENI CARVALHO 1679
TURURU;17;641;ESTAÇÃO;EMEF ANTONIO PIRES CHAVES;RUA ANTONIO PIRES 100
MARANGUAPE;4;528;LAGES;EMEF MIGUEL VIEIRA DA ROCHA;RUA BOA VISTA DOS VIEIRAS, S/N
FORTALEZA;95;208;JANGURUSSU;EEMTI JANGURUSSU;RUA DO MANDACARU, 1048, CONJUNTO ALMIRANTE TAMANDARÉ
VÁRZEA ALEGRE;62;272;ALTO DA PREFEITURA;EEF MARIA AMÉLIA GONÇALVES COSTA;RUA JOAQUIM FELIX, SN
TRAIRI;97;20;CENTRO;ESCOLA DE 1 E 2 GRAU JONAS HENRIQUE DE AZEVEDO;AV CELSO BARROSO
TURURU;17;666;LAGOA DO INÁCIO / ZONA RURAL;EMEF SAO BERNARDO;LOCALIDADE LAGOA DO INACIO
FORTALEZA;118;56;PASSARÉ;COLEGIO CONEXÃO SABER;RUA DOUTOR PEDRO SAMPAIO, 550
PARACURU;109;19;CENTRO;E. E. M. HERMINIO BARROSO;CAP JOSE TELES, S/N
FORTALEZA;85;307;CONJUNTO CEARÁ I;EEF JOSE MILITAO DE ALBUQUERQUE - UV-11-B;RUA MIL CENTO E QUARENTA E CINCO, 1 , 4A ETAPA
QUIXADÁ;6;214;CUSTÓDIO;EEF SIMPLÍCIO ALVES DE QUEIROZ;SERRA DO PADRE, S/N
AMONTADA;89;166;ARACATIARA;EEB JOÃO BATISTA DE LIMA;CÓRREGO DAS MOÇAS
FORTALEZA;80;346;JOAQUIM TÁVORA;COLÉGIO SALESIANO DOM BOSCO;AV ANTONIO SALES 116
FORTALEZA;80;303;DIONISIO TORRES;ASSEMBLÉIA LEGISLATIVA - UNIVERSIDADE DO PARLAMENTO CEARENSE;RUA BARBOSA DE FREITAS, 2674
ITAPAJÉ;41;77;SOLEDADE;ESCOLA CAPITAO PRUDENCIO PEREIRA PASSOS;SOLEDADE
FORTALEZA;113;237;PARQUELÂNDIA;EEFM ANTONIO SALES - PARQUELÂNDIA;RUA PROF. ANACLETO, 630
TABULEIRO DO NORTE;91;84;JUAZEIRO;EEB SENHORINHA OLIVEIRA GONDIM - JUAZEIRO;SITIO JUAZEIRO
PARACURU;109;100;GUAJIRU;E. M. E. I. F. DOMINGOS FRANCISCO DA SILVA;GUAJIRU
PACATUBA;57;18;CENTRO;EEM CRISPIANA DE ALBUQUERQUE;RUA RAIMUNDO SIQUEIRA,1819
LIMOEIRO DO NORTE;29;105;ÁREA RURAL;EEF JOAO ADOLFO DE ASSIS MAIA;SITIO MARIA DIAS
CAUCAIA;37;556;CURICACA;E.E.F. EDSON DA MOTA CORREA;ESTRADA VELHA DO ICARAI, KM 02
FORTALEZA;118;635;BOA VISTA-CASTELÃO;EM PROFESSORA MARIA STELLA COCHRANE SANTIAGO;RUA ANTONIO FARIAS, 121
GROAÍRAS;65;206;CENTRO;EEFM MONSENHOR LINHARES;RUA RAIMUNDO NONATO ALBUQUERQUE, 201
PEDRA BRANCA;59;25;TROIA;ESCOLA DE ENSINO FUNDAMENTAL JOSE FRANCISCO;SITIO CANA BRAVA
CAUCAIA;37;320;MESTRE ANTONIO;E.E.F. NELY CAULA DE CARVALHO;RUA LUIS GOMES DA SILVA, S/N
SÃO LUÍS DO CURU;23;324;SALGADO-SEDE;E.E.F. ANTONIO HONORATO;RUA JOSE INACIO NOGUEIRA SN
CAUCAIA;37;237;PARQUE SOLEDADE;COLEGIO JANUSA CORREA;RUA NOSSA SENHORA DOS PRAZERES, 238
MARANGUAPE;4;10;AMANARI;EMEF BÁRBARA DE ALENCAR;PRAÇA ADELAIDE COELHO, 67
IBIAPINA;73;39;CENTRO;CENTRO DE SAÚDE FRANCISCO MÁRCIO FERNANDES;RUA VENCESLAU SOARES S/N
QUITERIANÓPOLIS;99;109;ZONA RURAL;EEIF ANTONIO BATISTA LIMA;POMBO
VÁRZEA ALEGRE;62;275;GROSSOS;EEF MARIA ANÉSIA FERREIRA LIMA;AVENIDA LÚCIA CORREIA, S/N
FORTALEZA;82;123;JACARECANGA;EEMTI SALES CAMPOS;RUA JACINTO MATOS, 730
BARBALHA;31;133;NSA SRA FÁTIMA;CEI MARIA DAS GRAÇAS FURTADO CORREIA (CJ NSA SRA FATIMA);RUA JOSÉ ILÂNIO COUTO GONDIM, 270
TAUÁ;19;75;SEDE;EPG DR ALBERTO FEITOSA LIMA;PIVB SETOR G S/N
CARIÚS;43;191;SITIO BRAVAS;EEIF JOSE LUIZ DE CARVALHO;SITIO BRAVAS
CANINDÉ;33;381;ZONA RURAL;EMEF EDVAL LOPES PEREIRA;LOCALIDADE LIMAO - AGUA BOA
VARJOTA;65;152;CENTRO;E.E.F. DEPUTADO MANOEL RODRIGUES;RUA MODESTO DE MENDONÇA, 917
MASSAPÊ;45;119;ZONA RURAL;EEF MARIA SOFIA TOMÉ;LOCALIDADE TERRA NOVA
ITAPAJÉ;41;158;SERROTE DO MEIO;ESCOLA MUNICIPAL JOSEFA FORTE DA SILVA;SERROTE DO MEIO
ITAPAJÉ;41;130;PADRE LIMA;E.E.M. MONSENHOR CATAO PORFIRIO SAMPAIO;RUA TEIXEIRA PINTO 136
LAVRAS DA MANGABEIRA;14;83;TAVEIRA - SITIO;EEIF ANA MACHADO;SITIO TAVEIRA S/N
CANINDÉ;33;363;PALESTINA;CAIC ALFREDO COELHO MAGALHÃES;RUA ANTONIO MONTEIRO DOS SANTOS SN
MARCO;96;113;LOCALIDADE DE MOCAMBO;EEF MANUEL JAIME NEVES OSTERNO;RUA JOSE MENEZES, SN
FORQUILHA;121;220;SERENO;EEFI CESARIO ALVES PEREIRA (POLO ESCOLA MANOEL MENDES FERREIRA);POVOADO DE SERENO
BARROQUINHA;108;70;DISTRITO BITUPITÁ;C.E.I. CASTELINHO VERMELHO;RUA DO COMERCIO S/N
FORTALEZA;112;546;ENGENHEIRO LUCIANO CAVALCANTE;CENTRO UNIVERSITÁRIO 7 DE SETEMBRO - UNI 7 (FA7);AV. ALMIRANTE MAXIMINIANO DA FONSECA, 1395
FORTALEZA;112;550;SAPIRANGA-COITÉ;EM PROF MONTEIRO DE MORAES;AVENIDA EVILASIO ALMEIDA MIRANDA, 1608
TIANGUÁ;81;96;LAURÃO;UNINTA - FACULDADE TIANGUÁ;RUA CONSELHEIRO JOÃO LOURENÇO, 406 - LAURÃO
FORTALEZA;117;370;PARQUE PRESIDENTE VARGAS;EMTI PROFESSORA MARIA JOSÉ FERREIRA GOMES;RUA CÔNEGO DE CASTRO, 8617
MAURITI;76;104;SERRINHA;CENTRO EDUCACIONAL DE MAURITI;RUA JOSÉ LEITE DA COSTA, 629
FORTALEZA;116;215;GRANJA LISBOA;PROJETO ABC BOM JARDIM;RUA TRES CORACOES 762
FORTALEZA;116;23;GRANJA PORTUGAL;CEI REITOR ANTONIO MARTINS FILHO - UNIDADE 2;RUA HUMBERTO LOMEU 1220
AMONTADA;89;143;VARJOTA;EEBTI ANTONIO DAMIÃO NETO;VARJOTA
JIJOCA DE JERICOACOARA;30;167;ZONA RURAL;EEEP SANDRA CARVALHO COSTA;CORREGO DA FORQUILHA I
FORTALEZA;112;417;EDSON QUEIROZ;COLEGIO ARI DE SA CAVALCANTE WS;AV WASHINGTON SOARES, 3737
SÃO JOÃO DO JAGUARIBE;91;114;CENTRO;EEF 1 GRAU CHIQUINHO RODRIGUES;RUA CONEGO CLIMERIO CHAVES 269
FORTALEZA;112;101;JARDIM DAS OLIVEIRAS;EM ISMAEL PORDEUS;RUA DES FAUSTINO ALBUQUERQUE, 511
FORTALEZA;95;286;BARROSO;EM PROFESSORA MARIA ANTONÉZIA MEIRELES E SÁ;RUA CORONEL VIRGÍLIO TÁVORA, 1340
PENTECOSTE;50;71;CENTRO;EEFM TABELIÃO JOSÉ RIBEIRO GUIMARÃES;AVENIDA TABELIÃO FRANCISCO ALVES, 161
BARBALHA;31;125;BURITI;ETI EDSON OLEGÁRIO DE SANTANA (BURITI);AV JOSÉ BERNARDINO KM 03, S/N (7.29593 S, 39.28003 W)
TABULEIRO DO NORTE;91;36;CENTRO;FUNDAÇÃO NACIONAL DE SAÚDE DE TABULEIRO - SESP;RUA CEL.  PIO GADELHA, 4517
APUIARÉS;50;219;ZONA RURAL;EEF NELY RIBEIRO LUZ;CANAFÍSTULA
ORÓS;15;236;CENTRO;SECRETARIA DE ASSISTÊNCIA SOCIAL (ANTIGO CSU);TRAVESSA ELIBA S/N
ITATIRA;33;412;LOCALIDADE ALEGRE I;EEF MARECHAL RONDON;ALEGRE I
TAUÁ;19;265;TAUAZINHO;EEF MARIA ALEXANDRINO NOGUEIRA MARQUES;AV CEL VICENTE ALEXANDRINO DE SOUSA
JUCÁS;43;105;CONCEIÇÃO - SÍTIO - MEL;ESCOLA DE 1 GRAU MARIA GOMES DA SILVA;SÍTIO CONCEIÇÃO
CARIDADE;111;110;CENTRO;EEF CARMOZINA BITTENCOURT;AVENIDA CORONEL FRANCISCO LINHARES
FORTALEZA;112;456;EDSON QUEIROZ;UNIVERSIDADE DE FORTALEZA - UNIFOR;AVENIDA WASHINGTON SOARES, 1321
ACARAÚ;30;384;ZONA URBANA;ESCOLA ANTONIO ALVES DE FREITAS;CERAMICA
FORTALEZA;82;670;CRISTO REDENTOR;EM ANTONIO MENDES;RUA DONA MENDINA, 682
FORTALEZA;113;173;BENFICA;FEAAC - UFC;AV. DA UNIVERSIDADE, 2431
CARIRIAÇU;71;67;MIRAGEM;EEF LUIZ FERREIRA LINS;SITIO CRUZ
TAUÁ;19;60;COLIBRIS;ESCOLA LICEU DE TAUA LILI FEITOSA;RUA JORNALISTA HELDER FEITOSA SN
IPUEIRAS;40;141;VAMOS VER;GRUPO ESCOLAR MONSENHOR FONTENELE - VAMOS VER;RUA ZACARIAS RIBEIRO MIRANDA, 653
MARANGUAPE;4;363;NOVO MARANGUAPE I (ÁREA VERDE) - MARANGUAPE;EMEF JOSÉ FERNANDES VIEIRA;RUA PEDRO MOREIRA VASCONCELOS, 125
FORTALEZA;82;623;CRISTO REDENTOR;EM SANTA TEREZA;AV. MONSENHOR HÉLIO CAMPOS, 90
PARAMBU;19;383;RIACHÃO;IGREJA ASSEMBLEIA DE DEUS (ANTIGA ESCOLA FRANCISCO TOMÁZ GOMES);ASSUNÇÃO
ACARAÚ;30;192;ZONA RURAL;ESCOLA MARIA NAZARE VIANA;AROEIRA II
ASSARÉ;18;66;CENTRO;ESCOLA  DE ENSINO FUNDAMENTAL E MEDIO RAIMUNDO MOACIR DE ALENCAR MOTA;RUA PADRE EMILIO CABRAL 538
VARJOTA;65;195;CROATÁ DOS MARTINS;E.E.I. ROSA PAIVA NOBRE;AV. GONÇALO EVARISTO,  N 02
CARIRIAÇU;71;150;PERNAMBUQUINHO;CEI MARIA MARTINHA DA SILVA;AVENIDA CACHIMBÃO
OCARA;67;256;MOCORE DOS COSMES;ESCOLA DE ENSINO FUNDAMENTAL DE MOCORE DOS COSMES;MOCORE DOS COSMOS
JIJOCA DE JERICOACOARA;30;243;ZONA RURAL;ESCOLA DONA JOAQUINA TEIXEIRA;MANGUE SECO
CANINDÉ;33;14;ZONA RURAL;EMEF PADRE MANOEL CORDEIRO DA CRUZ;DISTRITO DE IGUACU
NOVO ORIENTE;99;45;ZONA RURAL;CEIF PROF. FRANCISCO EDSON DE OLIVEIRA;MONTE ALEGRE
LIMOEIRO DO NORTE;29;191;JOÃO XXIII;EEF EVALDO HOLANDA MAIA;RUA PADRE VICENTE S/N
PACAJUS;49;337;ALTO DA BOA VISTA;EEF ARTUR BANDEIRA;RUA PROJETADA, S/N
FORTALEZA;116;432;JOÃO XXIII;COMPLEXO SOCIAL MAIS INFÂNCIA MARIA DE LOURDES MOREIRA LEITE LIMA;RUA ARAGUAIANA, 77
ARACATI;8;302;ALTO DA CHEIA;E.E.F. ADOLFO CAMINHA;RUA B, S/N. COHAB
BEBERIBE;84;149;NOVO PLANALTO;ESCOLA MUNICIPAL IRANISE BESSA DE QUEIROZ;RUA JUVENAL COLACO 934
CRATEÚS;20;176;REALEJO;ASSOCIAÇÃO COMUNITÁRIA DE FILOMENA;FILOMENA
JUCÁS;43;50;CENTRO - SEDE;ESCOLA DE ENSINO MÉDIO LUIZA TAVORA;RUA HILDELY CAVALCANTE 120
FORTALEZA;115;37;ITAPERI;UNIVERSIDADE ESTADUAL DO CEARA - UECE;AV DR. SILAS MUNGUBA, 1700
ACARAÚ;30;377;ZONA RURAL;ESCOLA JOAO DOMINGUES DE SOUSA;ALMECEGAS
CARIRIAÇU;71;12;CONJUNTO SANTO ANTONIO;EEF RAIMUNDO BEZERRA LIMA;RUA CLEMENTE FERREIRA BORGES S/N
SÃO BENEDITO;22;64;SITIO SANTA TEREZA I;POSTO DE SAUDE SANTA TEREZA;SITIO SANTA TEREZA  I
MARACANAÚ;122;97;INDUSTRIAL;EEFM JOSE DE BORBA VASCONCELOS;AV. CONTORNO SUL S/N
COREAÚ;64;34;Aroeiras;AROEIRAS - ESCOLA MUN. CORAÇÃO DE JESUS;RUA ANTONIO MONTEIRO DA COSTA, S/N - DISTRITO DE AROEIRAS, COREAÚ/CE
BARREIRA;52;203;BONSUCESSO;ESCOLA ANTÔNIO JULIÃO NETO;RUA RAIMUNDO ALVES DOS REIS DOCA, SN
BANABUIÚ;6;414;RINARÉ;EEF BASÍLIO EMILIANO PINTO;AROEIRAS
RUSSAS;9;106;CAPIM GROSSO;ESCOLA MUNICIPAL JOÃO REBOUÇAS DO AMARAL;CAPIM GROSSO
FORTALEZA;82;73;ÁLVARO WEYNE;COLÉGIO MANUEL DA SILVA (CARLITO PAMPLONA);RUA ASSIS BEZERRA, 25
FORTALEZA;3;515;MEIRELES;IDEAL CLUBE;AV. MONSENHOR TABOSA,  1381
ICÓ;15;188;NOVO CENTRO - SEDE;EEMTI - PADRE JOSÉ ALVES DE MACÊDO;AV. FRANCISCO CAETANO DANTAS, S/N
PALHANO;9;18;LUZILANDIA;ESCOLA DE ENSINO FUNDAMENTAL SANTA LUZIA;LUZILÂNDIA
FORTALEZA;113;286;RODOLFO TEÓFILO;EM SÃO RAIMUNDO;RUA ALEXANDRE BARAÚNA, 1450
FORTALEZA;116;47;BOM JARDIM;EM SANTOS DUMONT;RUA GERALDO BARBOSA 240
FORTALEZA;117;291;PARQUE PRESIDENTE VARGAS;COLÉGIO CASTRO ALVES;RUA TULIPA NEGRA, 2319
FORTALEZA;118;661;PASSARÉ;EEMTI DEPUTADO PAULINO ROCHA;RUA PROFESSOR JOSE SILVEIRA, 528
ARACOIABA;67;52;MILTON BELO-DISTRITO;ESCOLA MUNICIPAL MENINO JESUS DE PRAGA;FURNAS
FORTALEZA;83;744;DEMOCRITO ROCHA;COLÉGIO PROFESSORA JEMINA GÓIS;RUA GUANABARA, 627
MARCO;96;133;ZONA RURAL;CEI ZENAIDE OSTERNO;TRIANGULO DE MARCO - BR 403
FORTALEZA;80;149;VILA UNIÃO;EEFM CEL PROF JOSÉ AURÉLIO CÂMARA;RUA JORGE ACURCIO, 655
FORTALEZA;118;667;BOA VISTA-CASTELÃO;EM PROFESSORA MARIA STELLA COCHRANE SANTIAGO;RUA ANTONIO FARIAS, 121
CAUCAIA;37;437;PARQUE SOLEDADE;E.E.F. CORALIA GONZAGA SALES;RUA NAPOLEAO BONAPARTE VIANA, S/N
GROAÍRAS;65;116;CAPITAO JOSE LINHARES;EEF NOSSA SENHORA DO ROSARIO;RUA 23 DE MAIO, 1065
FORTALEZA;83;793;PICI;ESCOLA MUNICIPAL ADROALDO TEIXEIRA CASTELO;RUA ALAGOAS 2267
QUIXADÁ;6;71;CIPÓ DOS ANJOS;EEF ELÉLIA CASTELO BRANCO;JOSE GONÇALVES, S/N
MAURITI;76;70;CENTRO;CENTRO DE PASTORAL PE. ARGEMIRO ROLIM DE OLIVEIRA;RUA PADRE MACEDO, S/N
MAURITI;76;149;BURITIZINHO-DISTRITO;EEF JOÃO LEITE DA SILVA;SITIO MACAMBIRA
SENADOR POMPEU;12;105;CODIA;EEIEF SEVERINO ALVES BEZERRA;SÍTIO AREIAS
MILAGRES;26;89;VILA PADRE CICERO;ESCOLA FRANCISCO GOMES DE LUCENA;VILA PADRE CICERO
CRUZ;30;255;PREA;ESCOLA LEOPOLDO MANOEL DE MEDEIROS;PREA
LAVRAS DA MANGABEIRA;14;105;VARAS - SITIO;ESCOLA DE 1 GRAU HORACIO TAVARES;SITIO VARAS S/N
PEDRA BRANCA;59;20;CENTRO;ESCOLA DE ENSINO FUNDAMENTAL E MEDIO FRANCISCO VIEIRA CAVALCANTE;RUA JOAQUIM CAVALCANTE 55
TIANGUÁ;81;51;CENTRO;CEJA DONA ESTRELA;RUA CAPITÃO JOAQUIM LOURENÇO, S/N
FORTALEZA;80;391;FÁTIMA;EEM GOV. ADAUTO BEZERRA;RUA MONSENHOR LIBERATO, 1850
MORADA NOVA;47;108;JUAZEIRO;EEB CANDIDO JOSE RABELO;JUAZEIRO DE BAIXO
INDEPENDÊNCIA;39;23;JABURU;E.E.F. JOAO FERREIRA FILHO;ACUDE JABURU
TRAIRI;97;190;poço amarelo;ASSOCIAÇÃO COMUNITÁRIA DOS MORADORES DO POÇO AMARELO;POÇO AMARELO
NOVA RUSSAS;48;176;RESIDÊNCIA;CRECHE CRIANÇA FELIZ;LOCALIDADE DE RESIDÊNCIA,
ITAPIPOCA;17;754;CENTRO;EEM JOAQUIM MAGALHÃES;RUA PERGENTINA ARAUJO S/N
MASSAPÊ;45;23;CENTRO;GEST MONS. MANOEL HENRIQUES;TRAVESSA PADRE LINHARES 60
MARANGUAPE;4;44;CENTRO - MARANGUAPE;COLÉGIO SEBASTIÃO DE ABREU;RUA ROBERTO BRAQUEHAIS, 656
QUIXADÁ;6;153;PLANALTO RENASCER;EEM GOVERNADOR LUIZ GONZAGA DA FONSECA MOTA;RUA PARAGUAI, S/N
FORTALEZA;112;121;ENGENHEIRO LUCIANO CAVALCANTE;ESCOLA DE ENSINO MÉDIO EM TEMPO INTEGRAL JOHNSON;RUA GONTRAN GIFFONI, 461
PARAMBU;19;409;COCOCI;ESCOLA FRANCISCA EVELEIDE DE SOUSA;VILA ISABEL
FORTALEZA;85;160;AUTRAN NUNES;EM BERGSON GURJÃO FARIAS;AVENIDA SENADOR FERNANDES TÁVORA, 2500
FORTALEZA;82;704;MONTE CASTELO;COLÉGIO MATER AMABILIS;RUA PADRE ANCHIETA, 438
MARCO;96;150;LOCALIDADE DE TRIANGULO DO MARCO;EEF SAO FRANCISCO;RUA ZENAIDE OSTERNO, SN
FORTALEZA;83;233;PANAMERICANO;ESCOLA MUNICIPAL JOSÉ BATISTA DE OLIVEIRA;RUA GOIÁS 620
JUAZEIRO DO NORTE;28;51;CENTRO;EEIF PADRE CICERO;MONSENHOR JOVINIANO BARRETO 116
FORTALEZA;95;279;PARQUE SANTA MARIA;EMEIF JOSÉ MOREIRA LEITÃO;RUA HONORINO MAIA, 467
NOVA OLINDA;53;15;CRUZEIRO;EEMTI PADRE LUIZ FILGUEIRAS;RUA PROFESSORA NANÔ, SN
FORTALEZA;115;178;PARANGABA;EM PROF. JOSE VALDIVINO DE CARVALHO;RUA GUARA, S/N
FORTALEZA;115;415;PARANGABA;COLEGIO GURI  SENIOR;RUA CONEGO DE CASTRO 1780
SOBRAL;121;35;PATOS;ETI ALZIRA PAULO BRAGA;PATOS
JUAZEIRO DO NORTE;119;28;SANTA TEREZA;COLÉGIO MILITAR DE JUAZEIRO DO NORTE;CASTELO BRANCO SN
FORTALEZA;115;462;MANOEL SÁTIRO;EM HENRIQUETA GALENO;RUA MAJOR MONTENEGRO 917
CASCAVEL;7;258;BESSALANDIA;ESC.ENS.FUND. JULIA DE MELO;RUA GABRIEL GOMES BARBOSA
CRUZ;30;118;ANINGAS;ESCOLA PAULO FREIRE;RUA 14 DE JANEIRO SN
GRANJA;25;12;CENTRO;E.E.F.T.I. JOSÉ GLAUBERTON ALVES SÁ;AV. PERIMETRAL S/N
MARANGUAPE;4;13;COITÉ - MARANGUAPE;CEI PAULO CAMPOS TELES;AVENIDA MARIA EFIGENIA CAMPOS TELES, 1130
REDENÇÃO;52;140;DISTRITO DE ANTÔNIO DIOGO;ESCOLA VICENTE RODRIGUES;LAGOA DANTAS
PARAMBU;19;353;NOVO ASSIS;ESCOLA JOSÉ ALEXANDRE DE NORONHA;RUA ANTÔNIO WILLAME TOMAZ NORONHA
JUAZEIRO DO NORTE;28;224;FRANCISCANOS;COLÉGIO SÃO FRANCISCO DE ASSIS;NOSSA SENHORA DO CARMO SN
FORTALEZA;116;409;BONSUCESSO;EM JOAO PAULO I;RUA LUIZ DE CASTRO 254
FORTALEZA;95;320;CONJUNTO PALMEIRAS;CEI MARIA DO SOCORRO FERREIRA VIRINO;RUA VALPARAÍSO, 339
FORTALEZA;80;153;VILA UNIÃO;EEFM CEL PROF JOSÉ AURÉLIO CÂMARA;RUA JORGE ACURCIO, 655
FORTALEZA;94;849;QUINTINO CUNHA;EEMTI MARIA JOSÉ SANTOS FERREIRA GOMES (CERE);RUA DONA LUCIA PINHEIRO, 93
TRAIRI;97;119;SERRINHA;EEF PROFESSOR ELIZEU BARBOSA;ALTO SAO FRANCISCO
AURORA;69;18;CENTRO-SEDE;E.E.F.M. JOSE PINTO QUEZADO;VILA PAULO GONÇALVES, S/N
FORTALEZA;93;277;PREFEITO JOSÉ WALTER;CENTRO DE INCLUSÃO TECNOLÓGICA E SOCIAL - CITS JOSÉ WALTER;AV. K, 330, SEGUNDA ETAPA
MARCO;96;118;CENTRO-SEDE;EEF MANUEL OSTERNO SILVA;AV PREFEITO GUIDO OSTERNO, N 631
FORTALEZA;83;67;DEMOCRITO ROCHA;EEFM JOAQUIM ALVES;RUA ESTADO DO RIO 955
FORTALEZA;83;680;HENRIQUE JORGE;ESCOLA MUNICIPAL DONA DAGMAR GENTIL;RUA VITORIA 1750
VÁRZEA ALEGRE;62;255;ZEZINHO COSTA;EEF DR. DÁRIO BATISTA MORENO;AV. VICENTE ALVES COSTA, 624
CAUCAIA;120;358;CIGANA;E.E.I.E.F DALVA PONTES DA ROCHA;RUA QUINTINO JOSE CORREIA, 465
HIDROLÂNDIA;54;28;DISTRITO DE CONCEIÇÃO;E.M.E.F. MARIA AVELINO DE CARVALHO;RUA GONÇALO VIEIRA, S/N.
CROATÁ;74;53;DISTRITO;ESCOLA MUNICIPAL DE SAO ROQUE;SAO ROQUE
FORTALEZA;3;400;ALDEOTA;COLÉGIO CHRISTUS (AV. BARÃO DE STUDART);RUA JOÃO CARVALHO, 630
IRAUÇUBA;41;139;CENTRO-SEDE;ESCOLA DE ENSINO FUNDAMENTAL PAULO BASTOS;AV JORGE DOMINGUES 1641
FORTALEZA;113;351;MONTESE;COLÉGIO AGNUS;RUA TEODORICO BARROSO, 827
PALHANO;9;2;CENTRO;ESCOLA DE ENSINO FUNDAMENTAL MATEUS SOBRINHO;RUA POSSIDONIO BARRETO 430
ICÓ;15;328;CONJUNTO GAMA;E.E.E.P. DEPUTADO JOSÉ WALFRIDO MONTEIRO;RUA RAIMUNDO FERREIRA LIMA, S/N
SOBRAL;121;19;CENTRO;ESCOLA DINORAH TOMAZ RAMOS;RUA PINTOR LEMOS, 01
MORADA NOVA;47;117;ROLDAO;EEB JOAQUIM CHAGAS FILHO;TRAV. LUIS VIEIRA, S/N
CEDRO;13;473;CANDEIAS;ESCOLA DE ENS FUND E MEDIO FRANCISCO HENRIQUE DA COSTA;DISTRITO DE CANDEIAS
MISSÃO VELHA;16;83;ZONA RURAL;EEF CICERO MANOEL DA SILVA;SITIO OLHO DAGUA DE FORA
PENAFORTE;70;334;CENTRO-SEDE;ESCOLA DE ENSINO INFANTIL E FUNDAMENTAL PROFESSORA LEDITE ANGELO;RUA MONSENHOR ALCANTARA 05
MARACANAÚ;122;132;JAÇANAÚ;EMEIEF FRANCISCO ANTONIO FONTENELE;RUA NOE SALES BEZERRA S/N
COREAÚ;64;106;Centro;COREAÚ - ESCOLA ESTADUAL VILEBALDO AGUIAR;RUA CORONEL ANTÔNIO TELES, 33 - CENTRO
AURORA;69;73;ARACA-SEDE;E.E.F.P. LEOPOLDINA GONÇALVES QUEZADO;RUA MARICA LEITE,285
COREAÚ;64;82;Canto;CANTO - ESCOLA MUN. SÃO JOAQUIM;DISTRITO DO CANTO
CEDRO;13;563;JARDIM AFONSO CELSO;ESCOLA DE ENS FUND E MEDIO ESTEFANIA DA SILVA;R JOAQUIM MARQUES SN
FORTALEZA;3;641;MEIRELES;NÁUTICO ATLÉTICO CEARENSE;AV. DA ABOLIÇÃO, 2727
PACATUBA;57;298;SAO LUIZ;EEIF VICENTE FERRER DE LIMA;AV EDSON QUEIROZ, 1952
FORTALEZA;2;701;MESSEJANA;ETI MARIA ODETE DA SILVA COLARES;RUA CEL JOÃO DE OLIVEIRA, 687
CAUCAIA;120;148;CARAUCANGA;E.E.I.E.F. FRANCISCO NOGUEIRA DA MOTA;CARAUCANGA - BR 020
ARACOIABA;67;105;MILTON BELO-DISTRITO;ESCOLA MUNICIPAL LUIS FERREIRA DE SOUSA;BOA VISTA
IGUATU;13;232;JOSÉ DE ALENCAR;ESCOLA DE ENS FUND JOSE CARDOSO DE ARAUJO;SITIO AROEIRA
FORTALEZA;3;436;ALDEOTA;COLÉGIO CHRISTUS (AV. BARÃO DE STUDART);RUA JOÃO CARVALHO, 630
CRATO;27;49;SÃO MIGUEL;EEEP MARIA VIOLETA ARRAES DE ALENCAR GERVAISEAU;AVENIDA TEODORICO TELES, SN
GRANJEIRO;62;172;SÍTIO PICADAS;EEF ANTONIO CARLOS PINHEIRO;SITIO PICADAS
FORTALEZA;93;185;PLANALTO AYRTON SENNA;EM MARIA ZELIA CORREIA DE SOUSA;RUA ANTONIO PEREIRA,1495
PACATUBA;57;206;VILA DAS FLORES;EEIEF MANOEL ROSENDO FREIRE;RUA 17, 11
GUARACIABA DO NORTE;74;31;CRUZ;ESCOLA DE 1 GRAU MONSENHOR ANTONINO;RUA MONSENHOR EURICO
FORTALEZA;93;286;PLANALTO AYRTON SENNA;EEFM DEPUTADO JOACI PEREIRA;RUA PROFESSOR PEDRO JORGE, 830
MARANGUAPE;4;597;PARQUE IRACEMA - MARANGUAPE;EMEF FRANCISCA GOMES FERNANDES VIEIRA;AVENIDA STENIO GOMES 872
NOVA RUSSAS;48;67;NOVA BETÂNIA;ESCOLA MUNICIPAL GILDO MARTINS;DISTRITO DE NOVA BETÂNIA,
FORTALEZA;117;226;SIQUEIRA;EEFM SENADOR OSIRES PONTES;RUA DIVINA 150
TEJUÇUOCA;41;106;RETIRO CAXITORE;ESCOLA DE ENSINO FUNDAMENTAL DE TEMPO INTEGRAL LUIZA DA SILVA MOTA;RETIRO CAXITORE
CATARINA;60;266;VILA NOVA - SEDE;EEF FRANCISCO RODRIGUES PEREIRA;RUA JOSE PEDROSA DE MIRANDA S/N
FORTALEZA;95;306;CONJUNTO PALMEIRAS;CEI CESAR CALS DE OLIVEIRA NETO;RUA CAMPINENSE, 54
HORIZONTE;78;187;CENTRO;EEMTI MARIA DOLORES ALCÂNTARA E SILVA;AV. JUVENAL DE CASTRO, 645
MARTINÓPOLE;25;201;CONJUNTO BENEDITO BARROS;E.E.M.T.I. PREF. DÁRIO CAMPOS FEIJÓ;RODOVIA CE, 362
MARACANAÚ;122;234;ALTO ALEGRE I;EMEF PROFESSORA MARIA DE LOURDES DA SILVA;RUA 14 N 800 QUADRA 236
IRAUÇUBA;41;226;SACO VERDE;ESCOLA MUNICIPAL EDSON QUEIROZ;SACO VERDE
FORTALEZA;115;477;VILA PERI;EEM PROF. HERMENEGILDO FIRMEZA;RUA GABRIEL FIUZA 360
SOBRAL;121;248;COHAB II;EEFI PAULO ARAGAO;RUA CAETANO FIGUEIREDO 100 COHAB II
BOA VIAGEM;63;80;VARZEA DA IPUEIRA;EEF ANTONIO NUNES CAVALCANTE;VARZEA DA IPUEIRA
JUAZEIRO DO NORTE;119;62;ANTONIO VIEIRA;ESCOLA PREFEITO ANTONIO CONSERVA;CONSTRUTOR JOSE SABINO SN
CAUCAIA;123;525;PARQUE GUADALAJARA (JUREMA);COLÉGIO PLENO DO CEARÁ - CPC;RUA PADRE ALFREDO NESI, 363 (ANTIGA RUA CAMPECHE )
MARACANAÚ;122;60;ACARACUZINHO;EEF ANTONIO GONDIM DE LIMA;AV. LATERAL SUL S/N
LIMOEIRO DO NORTE;29;2;JOÃO XXIII;EEMTI ARSÊNIO FERREIRA MAIA;RUA CEL JOSE NUNES 1245
CAMPOS SALES;38;4;B. CENTRO;E.E.I.F JOÃO XXIII - SEDE;TRAVESSA JOÃO XXIII, 205
CASCAVEL;7;90;SEDE;PATRONATO JUVENAL DE CARVALHO;RUA PADRE VALDEVINO 2070 - CENTRO
ACOPIARA;60;262;CENTRO;LICEU DE ACOPIARA - DEP.FCO.ALVES SOBRINHO;RUA VICENTE CARLOS PINHEIRO,101
PENAFORTE;70;324;CENTRO-SEDE;SECRETARIA MUNICIPAL DE AGRICULTURA;RUA ANTONIO ANGELO S/N
HORIZONTE;78;138;DIADEMA;EMEF PROF MARIA LUIZA BARBOSA CHAVES;RUA BATURITE SN - PARQUE DIADEMA
CAUCAIA;123;368;MARECHAL RONDON (JUREMA);E.E.I.E.F. ECONOMISTA RUBENS VAZ DA COSTA;AVENIDA NOVO HORIZONTE, S/N
GUAIÚBA;57;52;CENTRO;EEBM JOSE CABRAL DE ARAUJO;RUA PEDRO AUGUSTO 91
PARAIPABA;109;193;BARREIRAS;POSTO DE SAÚDE DE BARREIRAS;BARREIRAS
MAURITI;76;100;CENTRO;EEIF HUMBERTO BEZERRA;RUA JOSE LEITE DA COSTA, S/N
SOBRAL;24;452;JOSÉ EUCLIDES;EEM MINISTRO JARBAS PASSARINHO;AVENIDA JOHN SANFORD, S/N
FORTALEZA;117;444;CANINDEZINHO;EM PADRE ANTONIO MONTEIRO DA CRUZ;RUA DE PEDESTRE XIII, 25 - JARDIM FLUMINENSE II
PACAJUS;49;113;CAVALARIA;EEF MARIA DO CARMO DE SOUSA LOPES (GRUPO ESCOLAR);CAVALARIA
ORÓS;15;290;SAO GERALDO - SEDE;E.E.F. MARIA EVANGELISTA CORREIA;RUA FRANCISCO MATEUS FILHO, 145
MIRAÍMA;89;266;BROTAS;EEFM VICENTE ANTENOR FERREIRA GOMES;BROTAS
CASCAVEL;7;119;CAPONGA;ESC.ENS.FUND. FLORENCIA DANTAS DE SOUSA;SITIO BURITIZAL
CAUCAIA;120;409;CONJUNTO METROPOLITANO;E.E.I.E.F. ANTÔNIO MIRANDA DE MELO;RUA PEDRO ALVES DE MENEZES, 1095 - CONJUNTO METROPOLITANO
ITAREMA;98;115;CENTRO;EMEF MARIETA RIOS;RUA JOAO BATISTA RIOS S/N
FORTALEZA;118;544;BOA VISTA-CASTELÃO;EMEF ODILON GONZAGA BRAVEZA;AV. ALBERTO CRAVEIRO, 1480 C
MARACANAÚ;122;21;PIRATININGA;COLÉGIO ESTADUAL PROFº FRANCº OSCAR RODRIGUES(COL.EST.LICEU MARACANAÚ);AV. LUIZ GONZAGA HONÓRIO, 50, PIRATININGA, MARACANAÚ-CE
CAUCAIA;37;374;PARQUE SOLEDADE;E.E.F. CORALIA GONZAGA SALES;RUA NAPOLEAO BONAPARTE VIANA, S/N
MARCO;96;94;CENTRO-SEDE;CÂMARA MUNICIPAL DE MARCO;RUA RIOS, S/N
JUAZEIRO DO NORTE;119;388;PREFEITO CARLOS ALBERTO DA CRUZ;URCA - CAMPUS CRAJUBAR (TRIÂNGULO);AVENIDA LEÃO SAMPAIO, 107
FORTALEZA;3;266;CENTRO;COLÉGIO ARI DE SÁ - PRÉ-VESTIBULAR - SEDE DUQUE DE CAXIAS;AV. DUQUE DE CAXIAS, 519
CAMPOS SALES;38;144;ZONA RURAL;E.E.I.F LINO MÁXIMO FEITOSA - (MARAVILHA) - DISTRITO DE QUIXARIÚ;SÍTIO MARAVILHA
VÁRZEA ALEGRE;62;106;RIACHINHO;CRECHE ANTONIO PEDRO DA SILVA;RUA LIDIO DUARTE, 291
MARANGUAPE;4;30;ITAPEBUSSU;EEMTI ANTÔNIO MARQUES DE ABREU;RUA MANUEL GUEDES MARTINS, 1076.
CEDRO;13;522;PLANALTO DOS CADEIRA(CEDRO 1);CENTRO DE EDUCAÇÃO INFANTIL MARIA MARILENE ALVES DINIZ;PLANALTO DOS CADEIRAS
ICÓ;15;171;NOVO CENTRO - SEDE;EEMTI - PADRE JOSÉ ALVES DE MACÊDO;AV. FRANCISCO CAETANO DANTAS, S/N
QUIXELÔ;13;155;ÁREA RURAL DE QUIXELÔ;ESCOLA DE ENS FUND DO SÍTIO MULUNGU;MULUNGU-SITIO
JIJOCA DE JERICOACOARA;30;243;ZONA RURAL;ESCOLA DONA JOAQUINA TEIXEIRA;MANGUE SECO
MARCO;96;161;CENTRO-SEDE;PREFEITURA MUNICIPAL DE MARCO;AV. PREF. GUIDO OSTERNO, S/N
FORTALEZA;2;178;MESSEJANA;EEMTI PROFª FERNANDA MARIA GOMES DE AMORIM;AVENIDA FREI CIRILO 4454
CATARINA;60;240;SEDE;EEF JOAO RODRIGUES MARTINS;BAIXA GRANDE
CANINDÉ;33;97;ZONA RURAL;EMEF MIGUEL ANTONIO OLIVEIRA;DISTRITO DE TARGINOS
FORTALEZA;83;641;HENRIQUE JORGE;ESCOLA MUNICIPAL SANTA MARIA;RUA CUIABÁ 1465
FORTALEZA;118;132;ITAPERI;EM ZAIRA MONTEIRO GONDIM;RUA PEDRO AGUIAR, 315
CHOROZINHO;49;250;PATOS DOS LIBERATOS;EEF LUIS LIBERATO DE CARVALHO;LOCALIDADE PATOS DOS LIBERATOS
QUIXADÁ;6;55;ALTO SÃO FRANCISCO;ESCOLA ADVENTISTA ARLETE AFONSO;RUA EPITÁCIO PESSOA, 605
MAURITI;76;87;OLHO D'ÁGUA-DISTRITO;EEF JOSÉ JOAQUIM DE SOUSA;RUA DOMINGOS ALVES DE ANDRADE
FORTALEZA;83;649;JOÃO XXIII;CENTRO DE FORMAÇÃO E DESENV. PARA PROFISSIONAIS DA EDUCAÇÃO - FORMACE;RUA PORTO VELHO, 401
FORTALEZA;117;164;BOM JARDIM;EEFM JULIA ALVES PESSOA;RUA SÃO FRANCISCO SN
BARBALHA;31;42;VILA DO CALDAS;EMEIF BOM JESUS (VILA DO CALDAS);RUA DANIEL CORDEIRO NEVES, S/N - PRAÇA PE.CARLOS
FORTALEZA;82;180;MONTE CASTELO;EEMTI CLÁUDIO MARTINS;RUA DEMÓCRITO ROCHA, 400
SÃO GONÇALO DO AMARANTE;36;209;ACENDE CANDEIA DE CIMA;ESCOLA DE ENSINO FUNDAMENTAL DEPUTADO LEORNE BELEM;ACENDE CANDEIA DE CIMA
FORTALEZA;3;207;CENTRO;EM ALBA FROTA;AV. DOM MANUEL, 914
ICÓ;15;26;CENTRO - SEDE;ESCOLA MUNICIPAL SENHOR DO BONFIM;RUA FRANCISCO MACIEL DA SILVA, 2557
MARACANAÚ;104;310;CENTRO;EEM TENENTE MÁRIO LIMA;RUA FRANCISCO FIRMINO, 293
QUIXERAMOBIM;11;115;URUQUE;ESCOLA JOSE MARINHO GOES;VILA DE URUQUE
QUIXERAMOBIM;11;152;PASSAGEM;ESCOLA MARIA ALICE ALMEIDA;PASTA
SENADOR POMPEU;12;90;CENTRO;CEJA DE SENADOR POMPEU - CENTRO DE EDUCAÇÃO DE JOVENS E ADULTOS;RUA PROFESSORA MARIA HERMINIA, 70
MARCO;96;115;LOCALIDADE DE MOCAMBO;EEF MANUEL JAIME NEVES OSTERNO;RUA JOSE MENEZES, SN
PACOTI;5;174;CENTRO-SEDE;INSTITUTO MARIA IMACULADA;RUA IRMA FERRAZ 518
ARARIPE;68;1;CENTRO;CÂMARA MUNICIPAL DE ARARIPE - SEDE;RUA LEONÍLIA AUREA DE ALENCAR, 100
TIANGUÁ;81;56;CENTRO;COLÉGIO REDENTOR;RUA MAESTRO QUINCAS BEZERRIL 617
SENADOR POMPEU;12;73;CENTRO;EEF GERALDO GONÇALVES DO NASCIMENTO JUNIOR;RUA PADRE LINO ADERALDO S/N
SANTANA DO ACARAÚ;44;130;MORRO DOS CARMOS;GRUPO ESCOLAR SAO FRANCISCO;MORRO DOS CARMOS
ITAPAJÉ;41;195;SANTA RITA-SEDE;E.E.M.T.I PROFª ESTEFÂNIA MATOS;RUA BENTO ÁVILA DE SOUSA, 101
ITAPAJÉ;41;71;SANTA CRUZ;ESCOLA MUNICIPAL JULIO PINHEIRO BASTOS;AV DR PRAXEDES BASTOS SN
IBARETAMA;6;147;ÁREA RURAL DE IBARETAMA;UBS JOAQUIM DA ROCHA LIMA;SERROTE BRANCO
IBIAPINA;73;15;CENTRO;CENTRO PASTORAL ZULMIRA MELO (ANTIGO COLÉGIO DO PADRE);RUA MONSENHOR MELO, 439
CAUCAIA;37;132;COQUEIRO;E.E.F. ANTONIO DIAS MACEDO;FAZENDA COITÉ - COQUEIRO
FORTALEZA;80;299;AEROLÂNDIA;IGREJA MATRIZ DA AEROLÂNDIA - PARÓQUIA N. SRA DO SAGRADO CORAÇÃO;RUA ASPIRANTE MENDES, 540
TAMBORIL;61;7;BAIRRO MONTE CASTELO;EEEM DONA LUIZA TIMBÓ;RUA FRANKLIN CAVALCANTE SN
QUIXADÁ;6;24;CUSTÓDIO;EEF AZIZ OKKA BAQUIT;SABONETE, S/N
ICÓ;15;68;LIMA CAMPOS - DISTRITO;CRAS III - IRMÃ MARIA JOSÉ;RUA DA BR S/N
CANINDÉ;33;385;SANTA LUZIA;EMEF SENADOR CARLOS JEREISSATI;RUA EUCLIDES BARROSO, 1048
TAMBORIL;61;22;DISTRITO DE CURATIS;EMTI ANTONIO MENDES DE ALMEIDA;VILA CURATIS
CATARINA;60;250;SAO GONCALO;EEF CAPITAO EPAMINONDAS GOMES DA SILVA;SAO GONCALO
MAURITI;76;28;CENTRO;EEM ANDRÉ CARTAXO;RUA CHAGAS SAMPAIO, S/N
BREJO SANTO;70;229;LAGOA DO MATO-SEDE;CENTRO DE EDUCACAO INFANTIL JOAO GONCALVES DE SOUSA;VILA FELIZ
FORTALEZA;112;523;ENGENHEIRO LUCIANO CAVALCANTE;CENTRO UNIVERSITÁRIO 7 DE SETEMBRO - UNI 7 (FA7);AV. ALMIRANTE MAXIMINIANO DA FONSECA, 1395
MORRINHOS;44;151;ZONA RURAL;GRUPO ESCOLAR JOSE LIRA DE MARIA;CANINANA
JUAZEIRO DO NORTE;28;435;FRANCISCANOS;ECIM DOUTOR EDVAR TEIXEIRA FERRER;DOM PEDRO II 1643
QUIXADÁ;6;159;VÁRZEA DA ONÇA;EEF MARIA MAIA DE FREITAS;VÁRZEA DA ONÇA, S/N
IBARETAMA;6;175;DISTRITO DE NOVA VIDA;EMEIF PEDRO ALEXANDRE VALENTIM;DISTRITO DE NOVA VIDA
FORTALEZA;116;36;GRANJA PORTUGAL;EM REITOR ANTONIO MARTINS FILHO;RUA TEODORO DE CASTRO 1175
PACAJUS;49;408;PLANALTO DEDE GAMA;EEF JOSÉ AUGUSTO CARVALHO;RUA EDMAR BEZERRA DO NASCIMENTO
TURURU;17;673;CEMOABA / ZONA RURAL;EMEF MARIA LUNGA MOREIRA;RUA PRINCIPAL
REDENÇÃO;52;189;DISTRITO DE FAÍSCA;ESCOLA FRANCISCO JANUÁRIO DA COSTA;OLHO D'ÁGUA DO CONSTANTINO
INDEPENDÊNCIA;39;183;CENTRO;EMATERCE;RUA PRESIDENTE VARGAS
ITAPAJÉ;41;285;BARATEIRO;ESCOLA MUNICIPAL JOAO MARTINS TEIXEIRA;BR 222, KM 125
MARACANAÚ;104;404;PAJUÇARA;EEEP MARIA CARMEM VIEIRA MOREIRA;RUA MARIA FERREIRA, 150
SOLONÓPOLE;55;1;CENTRO;EEM FENELON RODRIGUES PINHEIRO;AV PREF. JOSE SIFREDO PINHEIRO, 212
CRUZ;30;239;TUCUNS;ESCOLA FILOMENO FREITAS VASCONCELOS;AV TENENTE ALBANO  SN
BATURITÉ;5;54;CANDEIA DOS ANSELMOS-SITIO;ASSOCIAÇÃO COMUNITÁRIA FAMILIAR DOS ANSELMOS;CANDEIA DOS ANSELMOS, SN
MADALENA;63;221;CENTRO;EEF ALFREDO ALMEIDA MACHADO;RUA PEDRO COSTA E SILVA, 99 - CENTRO
FORTIM;8;307;VICOSA;EEMTI. HELENITA LOPES GURGEL VALENTE;RUA JORGE FERREIRA, 250
FORTALEZA;117;464;CANINDEZINHO;EEFM SÃO FRANCISCO DE ASSIS;RUA SÃO FELIPE, 564
ITAPIÚNA;105;145;ZONA RURAL;ESCOLA DE ENSINO FUNDAMENTAL SANTA RITA;TRAVESSIA
ITAPIÚNA;105;114;CENTRO;ANEXO EEF DEMOCRITO ROCHA;RUA SAO FRANCISCO
QUIXADÁ;6;28;PLANALTO UNIVERSITÁRIO;FECLESC;RUA JOSÉ DE QUEIROZ PESSOA, 2554
FORTALEZA;112;162;ENGENHEIRO LUCIANO CAVALCANTE;EM JOHNSON;RUA DRA. SOCORRO AZEVEDO, 461
FORTALEZA;3;412;ALDEOTA;COLÉGIO DARWIN;RUA ILDEFONSO ALBANO, 1030
ITAITINGA;78;299;PARQUE SANTO ANTONIO;EEF PROFESSORA LAURA DA COSTA LIMA;RUA FRANCISCO ALVES DE FRANÇA, 486
PACATUBA;57;296;CONJUNTO JEREISSATI II;EEIEF JOAO PAULO SAMPAIO DE MENEZES;RUA 74 SETOR G, 900
CROATÁ;74;49;DISTRITO;ESCOLA MUNICIPAL PROFESSORA MARIA DO CARMO MELO (BETANIA);BETANIA
CEDRO;13;550;SÃO MIGUEL;ESCOLA DE ENS FUND LEANDRO ALVES CORREIA;AGROVILA UBALDINHO
ARACATI;8;52;CAJUEIRO;E.E.F. JOSE BERNARDO DE SOUZA;CAJUEIRO
FORTALEZA;95;156;CONJUNTO PALMEIRAS;EM MARIETA CALS;RUA VALPARAISO, 160
FORTALEZA;2;463;MESSEJANA;EEEP JOSE DE BARCELOS;RUA ANGELICA GURGEL 362
AQUIRAZ;66;248;PORTO DAS DUNAS;EMEF MARIA FACANHA DE SÁ;RUA VIA COLETORA - LITORANEA II  N 2435
TRAIRI;97;158;FAZENDA VELHA III;ASSOCIAÇÃO COMUNITARIA DOS MORADORES DE FAZENDA VELHA II;FAZENDA VELHA II
FORTALEZA;94;468;ANTÔNIO BEZERRA;EEF INSTITUTO DOS CEGOS (ANTÔNIO BEZERRA);RUA DR. JOÃO GUILHERME, 373
PARAIPABA;109;192;BARREIRAS;POSTO DE SAÚDE DE BARREIRAS;BARREIRAS
BARREIRA;52;90;CÓRREGO;ESCOLA MANOEL MOREIRA;CARNAÚBA
TIANGUÁ;81;202;NENÊ PLÁCIDO;E.E.F. ANTONIO CUSTÓDIO SOBRINHO;AV. AFONSO MARANGUAPE, 430
PEDRA BRANCA;59;106;SEDE;EEIF JOSE VICENTE DE AZEVEDO;SITIO BARREIROS
TRAIRI;97;112;ALMERCEGAS;EEF SANTA LUZIA;ALMERCEGAS
TRAIRI;97;185;CANAA;GE PADRE RODOLFO FERREIRA DA CUNHA;CANAA
CRUZ;30;429;PREA;ESCOLA LEOPOLDO MANOEL DE MEDEIROS;PREA
ITAPIPOCA;17;427;ASSUNÇÃO;EEB GERARDO MESQUITA;ARARA DO MEIO
AQUIRAZ;66;297;PORTO DAS DUNAS;EMEF MARIA FACANHA DE SÁ;RUA VIA COLETORA - LITORANEA II  N 2435
SOBRAL;121;91;SINHÁ SABÓIA;CEI JACYRA PIMENTEL GOMES;RUA RIO NEGRO SN
SENADOR POMPEU;12;92;CARACARA;EEIEF PADRE ODILO LOPES GALVÃO;RUA JOSE AMERICO S/N
PACAJUS;49;318;ITAIPABA;CEI MUNDO MAGICO;RUA JOAO ALVES DA COSTA
INDEPENDÊNCIA;39;38;CACHOEIRA DO FOGO;EEF RAIMUNDO VIEIRA;POVOADO CACHOEIRA DO FOGO
BOA VIAGEM;63;57;MASSAPE DOS PAES;EEF MANOEL RODRIGUES PAES;MASSAPE DOS PAES
AURORA;69;115;CENTRO-SEDE;COLEGIO PAROQUIAL MENINO DEUS;AVENIDA ANTONIO RICARDO N 50                      CENTRO
JAGUARIBE;10;55;NOVA BRASÍLIA;EEF PROFESSOR GUTENBERG BARBOSA SILVA;AVENIDA GIL TEIXEIRA BASTOS, 1420
CAMOCIM;32;273;JARDIM DAS OLIVEIRAS;ESCOLA PROFISSIONALIZANTE MONSENHOR EXPEDITO DA SILVEIRA;RUA CLEBER PESSOA NAVARRO VERAS
MARACANAÚ;122;196;ACARACUZINHO;EMEF MANOEL RODRIGUES PINHEIRO DE MELO;AVENIDA CENTRAL, 2000
VIÇOSA DO CEARÁ;35;40;PADRE VIEIRA;E.E.F MANOEL JOSÉ DA SILVA;VILA PADRE VIEIRA
PACATUBA;57;136;CONJUNTO JEREISSATI II;EEEP PROFª LUISA DE TEODORO VIEIRA;AV. XXV S/N
PACATUBA;57;131;SAO JOSE;EEM CASSIMIRO LEITE DE OLIVEIRA;RUA SERGIO PROTASIO DA SILVA, 44
RERIUTABA;79;126;BARRO VERMELHO;E.E.F. ALAÍDE RAMOS;RUA CORAÇÃO DE JESUS, S/N
UBAJARA;73;205;DISTRITO NOVA VENEZA;CRECHE JOÃO FERREIRA DA COSTA;DISTRITO NOVA VENEZA
GUARACIABA DO NORTE;74;171;DISTRITO;EEF FRANCISCO JOSÉ FEITOSA - MORRINHOS NOVOS II;MORRINHOS NOVOS
IPUEIRAS;40;8;BALSEIROS;C.E.I MARIANA SANTA CHAVES - BALSEIROS;BALSEIROS
FORTALEZA;115;371;PARANGABA;EEMTI GENERAL EUDORO CORREA;RUA JULIO BRAGA 101
FORTALEZA;118;289;PARQUE DOIS IRMÃOS;EM DOUTOR ABDENAGO DA ROCHA LIMA;RUA 114, 75 (CJ TUPAN MIRIM)
IPAPORANGA;20;258;SÍTIO ARARAS;ESCOLA DE ENSINO FUNDAMENTAL MARCOS ALMEIDA NETO;ARARAS
TAMBORIL;61;50;CENTRO;EMEF GENERAL SAMPAIO;RUA FRANCISCO MARTINS DE HOLANDA, 75
ICÓ;15;185;CARNAUBINHA - SÍTIO;ESCOLA MUNICIPAL PEREIRA E BARROS;SITIO CARNAUBINHA
SANTANA DO CARIRI;53;47;SEDE RURAL;ASSOCIAÇÃO PRODUTORES RURAIS SÍTIO MAMÃO;SÍTIO MAMÃO, SN
FORTALEZA;116;8;GRANJA LISBOA;CAIC - MARIA ALVES CARIOCA;RUA GUARAREMA 690
PORTEIRAS;70;296;MOREIRA-SEDE;E E I F JOSÉ VILMAR ANSELMO;VILA MOREIRA
VÁRZEA ALEGRE;62;36;PRAÇA SANTO ANTÔNIO;COLÉGIO SÃO RAIMUNDO NONATO - LTDA;RUA CORONEL ANTONIO CORREIA, 24
CHOROZINHO;49;151;TRIANGULO;EEF RAIMUNDO CELSO DOS SANTOS;AV RAIMUNDO CELSO DOS SANTOS SN
AQUIRAZ;66;228;TAPERA;EMEF PLACIDO CASTELO;RUA ASSIS BENTO DE FREITAS, 970 - BARRINHA
ALCÂNTARAS;24;9;SAO JOSE;EEIEF MARIA RAULINO ALCÂNTARA DE CARVALHO;RUA FRANCISCO CUNHA
GRANJA;25;221;SÃO PEDRO;E.E.F. ARZILIA MOTA;RUA PARAIBA, S/N
AIUABA;101;20;FAZENDA NOVA;GRUPO ESCOLAR GUSTAVO DE CASTRO ALENCAR;POVOADO DE FAZENDA NOVA SN
RUSSAS;9;297;CENTRO;ESCOLA DE ENSINO MÉDIO MANOEL MATOSO FILHO;AVENIDA MARIA RAMALHO, 336
RERIUTABA;79;109;PRIMEIRA VÁRZEA;E.E.I.F. FRANCISCO ÂNGELO DA SILVEIRA;PRIMEIRA VÁRZEA - ZONA RURAL
LIMOEIRO DO NORTE;29;28;ÁREA RURAL;UNIDADE DE SAÚDE DE APOIO DA PEDRA BRANCA;SITIO PEDRA BRANCA
AMONTADA;89;121;GARÇAS;EEBTI RAIMUNDO EDIMILSON LIMA;TUCUNS
IGUATU;13;79;AREIAS I;INSTITUTO FEDERAL DO CEARÁ - IFCE CAMPUS AREIAS;RUA DEOCLECIO LIMA VERDE SN
GUAIÚBA;57;202;BAU;ESCOLA DE 1 GRAU MARIA DE LOURDES PEREIRA;RUA JOSE DE CASTRO PEREIRA, 903
FORTALEZA;114;222;FLORESTA;INSTITUTO EDUCACIONAL PRESIDENTE MEDICI;RUA CÉSAR CORREIA 973
PEDRA BRANCA;59;73;SEDE;EEIF CICERO BARBOSA MACIEL;SITIO SANTA RITA
UBAJARA;73;151;CHAPADA;ESCOLA LUIS ANTONIO DE AGUIAR;VILA CHAPADA - DISTRITO ARATICUM
IPAPORANGA;20;280;LAGOA DO BARRO;ESCOLA DE ENSINO FUNDAMENTAL JOSE DOMINGOS DE MORAES;LAGOA DO BARRO
ORÓS;15;238;SAO JOSE - SEDE;E.E.F. ROBERTO ROLIM;TRAVESSA MARIA PINHEIRO DA COSTA S/N
JARDIM;119;307;SERRA BOCA DA MATA;ESCOLA  ANTONIO DE SA RORIZ;SERRA BOCA DA MATA S/N
JARDIM;119;360;SITIO LARGINHA;ESCOLA JULIETA FILGUEIRA SOARES;SITIO LARGINHA
AQUIRAZ;66;14;CENTRO;EMEF LAIS SIDRIM TARGINO;PRAÇA PADRE MATIAS  N 55
AQUIRAZ;66;56;TELHA-CAMARA;CEI ALDENORA CARDOSO PORTO;RUA JOSE AMORA MOREIRA, S/N
FORTALEZA;93;71;MONDUBIM;EM JONATHAN DA ROCHA ALCOFORADO;RUA MARIA GOMES DE SÁ,1030 ARACAPÉ
EUSÉBIO;88;127;MANGABEIRA;EEM MANOEL FERREIRA DA SILVA;RUA ELIEZER PARRIAO, 105 - MANGABEIRA
BOA VIAGEM;63;108;PONTA DA SERRA;EEF FRANCISCO DE SOUZA JALES;PONTA DA SERRA
CRATO;27;294;BELMONTE;EEIEF ADÉRSON DA FRANCA ALENCAR;RUA CARLINA PINHEIRO S/N
FORTALEZA;3;417;ALDEOTA;UNICHRISTUS ALDEOTA;RUA VISCONDE DE MAUÁ, 1940
CAUCAIA;123;283;NOVA METRÓPOLE (JUREMA);E.E.F.M. ELIEZER DE FREITAS GUIMARÃES;RUA 145, S/N - NOVA METRÓPOLE
PACUJÁ;79;197;CENTRO;E.E.F. SAO JOAO BATISTA;RUA VEREADOR LUÍS MANÇO MAGALHÃES, S/N
CANINDÉ;33;198;SANTA CLARA;CENTRO SOCIAL URBANO;RUA SITONIO MONTEIRO 999
FORTALEZA;95;121;CONJUNTO PALMEIRAS;EMEIEF MARIA HELENILCE CAVALCANTE LEITE MARTINS;RUA MAIZA, S/N
QUITERIANÓPOLIS;99;139;ZONA RURAL;EEIF ANTONIO CANUTO DE LIMA;SAO MIGUEL
CAUCAIA;37;251;CORREGO DO ALEXANDRE;E.E.F. VICENTE TORQUATO DE ARAUJO;RUA LUIS EDUARDO, S/N - REGIÃO DO GUARARU
SÃO GONÇALO DO AMARANTE;36;84;TAIBA-DISTRITO;ESCOLA DE EDUCAÇÃO BÁSICA PROFª ALBA HERCULANO ARAÚJO;RUA CAPITAO INACIO PRATA SN -TAÍBA
BARBALHA;31;55;VILA SANTO ANTONIO;ETI JOSEFA ALVES DE SOUSA;RUA ZUCA SAMPAIO, S/N (EM FRENTE AO HOSPITAL DO CORAÇÃO)
PACAJUS;49;367;CONJUNTO COHAB;EEM DIONE MARIA BEZERRA PESSOA;AV. JOSE LOPES DE MESQUITA
FORTALEZA;1;141;CIDADE 2000;ESCOLA ESTADUAL ARQUITETO ROGERIO FROES;AVENIDA DAS GRAVIOLAS 1000
FORTALEZA;115;104;PARANGABA;EMTI CAROLINO SUCUPIRA;RUA MUNDICA PAULA, 670
UBAJARA;73;187;SÍTIO AMAZONAS;SEDE COMUNITÁRIA JOSE OLAVO CUNHA FREIRE;SITIO AMAZONAS
CAUCAIA;37;376;TABUBA;E.E.F. LUZIA CORREIA SALES;ESTRADA DO CUMBUCO, 3132
CAUCAIA;37;574;GARROTE;E.E.F. FAUSTO DARIO SALES;CE 085 KM 12 - FAZENDA GARROTE
PARAMOTI;111;175;CENTRO;EMEF MANUEL DE ARRUDA;SANTA ROSA
MORADA NOVA;47;107;JUAZEIRO;EEB CANDIDO JOSE RABELO;JUAZEIRO DE BAIXO
MORADA NOVA;47;209;ROLDAO;EEB JOAQUIM CHAGAS FILHO;TRAV. LUIS VIEIRA, S/N
PALHANO;9;10;CENTRO;ESCOLA DE ENSINO FUNDAMENTAL MATEUS SOBRINHO;RUA POSSIDONIO BARRETO 430
SOBRAL;24;298;PARQUE SILVANA;EEFI ANTONIO MENDES CARNEIRO;AVENIDA DR. JOSE EUCLIDES FERREIRA GOMES JUNIOR, S/N
PEDRA BRANCA;59;5;SANTA CRUZ DO BANABUIU;EEFTI SIMPLICIO RODRIGUES DE OLIVEIRA;RUA PROFESSORA LILI, 85, SANTA CRUZ
MOMBAÇA;46;123;CANGATI;ASSOCIAÇÃO COMUNITÁRIA CAJAZEIRAS DOS IVOS;FAZENDA CAJAZEIRAS DOS IVO
SÃO BENEDITO;22;213;SITIO CARNAUBA;ASSOCIACAO COMUNITARIA CARNAUBA 1;SITIO CARNAUBA I
RUSSAS;9;74;IPIRANGA;EEMTI PROFESSOR WALQUER CAVALCANTE MAIA;TRAV PEDRO ARAUJO 175
FORTALEZA;94;201;VILA VELHA;EEMTI DONA MARIA MENEZES DE SERPA;RUA DOUTOR QUIXADA FELICIO 141
FORTALEZA;116;469;GRANJA PORTUGAL;CAPS INFANTIL DA SECRETARIA EXECUTIVA REGIONAL V;RUA HUMBERTO LOMEU, 1105
ITAPIPOCA;17;490;VIOLETE;EEB JOSE LINS DE ALBUQUERQUE;RUA CRISTO REDENTOR
CRATEÚS;20;118;PLANALTO;EEMTI GOV. GONZAGA MOTA;RUA DR. JÚLIO LIMA, 2194
QUIXADÁ;6;84;CIPÓ DOS ANJOS;EEF FRANCISCO ADRIANO DA SILVA;LAGOA NOVA, S/N
AQUIRAZ;66;299;NOVO IGUAPE;EMEF JOSE ALMIR DA SILVA;AV SAO JOAO S/N
FORTALEZA;95;246;JANGURUSSU;EMEIEF TAÍS MARIA BEZERRA NOGUEIRA;AV. GOVERNADOR LEONEL BRIZOLA, 710
GUARACIABA DO NORTE;74;196;LAGOINHA;CRECHE PEDRO HENRIQUE MAGALHÃES CASTRO;RUA SDO, 52
JUAZEIRO DO NORTE;119;64;ROMEIRAO;ARENA ROMEIRÃO;AVENIDA CASTELO BRANCO SN
IPUEIRAS;40;181;OLHO D'ÁGUA DOS GALVÕES;EEF MACÁRIO BEZERRA GALVÃO - OLHO D'ÁGUA DOS GALVÕES;OLHO D'AGUA DOS GALVÕES
CEDRO;13;555;JARDIM AFONSO CELSO;ESCOLA DE ENS FUND E MEDIO ESTEFANIA DA SILVA;R JOAQUIM MARQUES SN
FORTALEZA;95;305;CAJAZEIRAS;EEMTI PROF. PAULO AYRTON ARAUJO - PRÉDIO ANTIGO;BR 116 KM 05, EM FRENTE AO ASSAÍ ATACADISTA
ITAPIPOCA;17;94;ASSUNÇÃO;EEM NOSSA SENHORA DA ASSUNCAO;ASSUNCAO
MARACANAÚ;104;163;PAJUÇARA;EMEIEF ANTÔNIO DE ALBUQUERQUE SOUSA FILHO;RUA SENADOR PETRÔNIO PORTELA, 145
SANTANA DO ACARAÚ;44;133;LAGOA DO SERROTE;EEF FRANCISCA NEIDE DE SOUZA;LAGOA DO SERROTE
MARANGUAPE;4;617;PENEDO;EMEIEF CARLOS PEREIRA DE SOUSA;RUA JOSÉ MENEZES, S/N
FORTALEZA;118;624;PASSARÉ;EM FRANCISCO ANDRADE TEOFILO GIRAO;RUA UNIDOS VENCEREMOS, 2040
FORTALEZA;113;197;FARIAS BRITO;EEFM DR.CÉSAR CALS;AV. DOMINGOS OLIMPIO, 1800
JAGUARUANA;75;16;PORO;E.E.F. BENEVOLO GOMES DINIZ (PORO);PORÓ
PEDRA BRANCA;59;158;BOA ESPERANCA;EEF SOL NASCENTE;AV ARMANDO LINS, S/N
AQUIRAZ;66;50;CAJUEIRO DO MINISTRO;EMEF MINISTRO JARBAS PASSARINHO;RODOVIA CE 040 - CAJUEIRO DO MINISTRO
FORTALEZA;94;36;ANTÔNIO BEZERRA;EMTI JOSÉ CARLOS DE OLIVEIRA NETO;R. SAO VICENTE DE PAULO, 170
ARATUBA;105;61;CENTRO-SEDE;ESCOLA JOSE JOACY PEREIRA - ENSINO FUNDAMENTAL E MEDIO;AVENIDA ARLINDO MEDINA S/N
TAUÁ;19;111;BARRA NOVA;EPG JOSE FERREIRA DE SOUSA;BOM JESUS
CAPISTRANO;105;2;CENTRO;CENTRO DE REFERENCIA E ASSISTENCIA SOCIAL - CRAS;RUA ANTONIO FERNANDES BEZERRA S/N
GUARACIABA DO NORTE;74;143;DISTRITO;ESCOLA MUNICIPAL DE SAO FELIX;SAO FELIX
PORTEIRAS;70;323;LOGRADOURO-SEDE;ESCOLA DE 1 GRAU MANOEL ALBERTO NETO;SITIO LOGRADOURO
FORTALEZA;80;143;TAUAPE;COLÉGIO MONSENHOR JOVINIANO BARRETO - INFANTIL;RUA FREI VIDAL, 1680
JAGUARIBE;10;17;CENTRO;EMATERCE REGIONAL;AV OITO DE NOVEMBRO 301
ARACATI;8;38;NOSSA SENHORA DE FATIMA;CSU - C.R.A.S. NOSSA SENHORA DE FÁTIMA;RUA SAO JUDAS TADEU SN
FORTALEZA;1;930;VARJOTA;COLEGIO FARIAS BRITO - PRÉ UNIVERSITARIO - JULIO ABREU;AVENIDA JULIO ABREU, 284
CAMOCIM;32;4;CENTRO;EEF ALBA MARIA DE ARAUJO LIMA AGUIAR;RUA DA INDEPENDENCIA SN
PORTEIRAS;70;401;BAIXIO DO FUMO;POSTO DE SAÚDE FRANCISCA CLÁUDIA MONTEIRO;SÍTIO BAIXIO DO FUMO
FORTALEZA;115;198;PARANGABA;EEMTI MARIA THOMÁSIA;RUA POLONIA, 369
CRUZ;30;325;PREA;ESCOLA RAIMUNDA SILVEIRA DE SOUSA CARNEIRO;PREA
FORTALEZA;82;689;CARLITO PAMPLONA;EEMTI JOSÉ VALDO RIBEIRO RAMOS;RUA PEDRO AMÉRICO, 100
JUAZEIRO DO NORTE;28;403;AREA RURAL DE JUAZEIRO DO NORTE;EMEIF RAIMUNDO DOMINGOS;SITIO TAQUARI
JUCÁS;43;81;BAIXIO DA DONANA - VILA;ESCOLA DE 1 GRAU ARTUR ALVES CABRAL;VILA DO BAIXIO DA DONANA
MARACANAÚ;104;371;PAJUÇARA;COLÉGIO 7 DE SETEMBRO (PAJUÇARA);RUA BEATRIZ CALIXTO, 305
TURURU;17;657;SÃO PEDRO DO GAVIÃO / ZONA RURAL;EMEF LUIZ MOREIRA;RUA PRINCIPAL - GAVIÃO
TIANGUÁ;81;118;ÁREA RURAL DE TIANGUÁ;U.B.S. JOSÉ ANTONIO DA FROTA;SÍTIO CARNAUBINHA
REDENÇÃO;52;181;CENTRO (SEDE);ESCOLA MARIA AUGUSTA RUSSO DOS SANTOS;RUA SANTOS DUMONT, S/N
AMONTADA;89;181;SABIAGUABA;EEB FRANCISCO ESTEVÃO DE ASSIS;SABIAGUABA
SANTANA DO CARIRI;53;41;CENTRO;EEMTI ADRIÃO DO VALE NUVENS;AV. PATATIVA DO ASSARÉ, SN
FORTALEZA;94;940;ANTÔNIO BEZERRA;COLEGIO JULIA FIALHO;RUA JOSE ACIOLY 73
ITAPAJÉ;41;92;PADRE LIMA;E.E.M. MONSENHOR CATAO PORFIRIO SAMPAIO;RUA TEIXEIRA PINTO 136
ERERÉ;10;109;ZONA RURAL;E.E.I.F. NOSSA SENHORA DA SAÚDE;SÍTIO BOA ESPERANÇA
PACATUBA;57;198;CONJUNTO JEREISSATI II;EEIEF ANA ALBUQUERQUE;AVENIDA XVIII SETOR F S/N
FORTALEZA;116;154;BOM JARDIM;EM SEBASTIAO DE ABREU;RUA GERALDO BARBOSA 1065
MILAGRES;26;38;ROSARIO - PODIMIRIM;ESCOLA DONA MARIQUINHA BELO;AV MANOEL FURTADO DOS SANTOS S/N
SALITRE;38;139;ZONA RURAL, SALITRE/CE;E.E.I.F CICERO RAIMUNDO DE ALENCAR - SÍTIO OLHO D'ÁGUA;SÍTIO OLHO D'AGUA
FORQUILHA;121;183;ALTO ALEGRE;CERU-CENTRO DE EDUCAÇÃO BASICA MARRINA MAGALHAES MARTINS;R POSIDONIO GOMES SIQUEIRA SN
FORTALEZA;113;322;RODOLFO TEÓFILO;ESC. MUNICIPAL ANTONIO SALES RODOLFO TEÓFILO;RUA TAVARES IRACEMA, 675
CARIRÉ;65;54;ZONA RURAL;ESCOLA E.I.E.F ADAUTA MOSINHA (ANEXO);FLORES
FORTALEZA;80;266;AEROPORTO;COLÉGIO JENNY GOMES;AV. BORGES DE MELO, 210
TIANGUÁ;81;160;CENTRO;E.E.M.T.I. MONSENHOR AGUIAR;RUA TEÓFILO RAMOS, 553
GUARAMIRANGA;5;229;PERNAMBUQUINHO-DISTRITO;ESCOLA RODRIGO DE ARGOLO CARACAS (PERNAMBUQUINHO);RODOVIA DE PERNAMBUQUINHO
GRANJA;25;61;PARAZINHO;E.E.F.T.I. FRANCISCA CLEOMAR VERAS FREITAS (ANTIGA CERU);RUA JOSE MARTINS, S/N
FORTALEZA;115;465;MANOEL SÁTIRO;EM HENRIQUETA GALENO;RUA MAJOR MONTENEGRO 917
FORTALEZA;2;141;MESSEJANA;EEM LICEU DE MESSEJANA;AVENIDA WASHINGTON SOARES 7702
CARIRIAÇU;71;147;MIRAGEM;EEF GIRASSOL;SITIO SÃO PAULO
FORTALEZA;83;720;BELA VISTA;EEMTI SENADOR FERNANDES TÁVORA;RUA GOIÁS 141
ALTO SANTO;86;74;ZONA RURAL;ESCOLA DE 1 GRAU ODILI BENIGNO DE OLIVEIRA;BAIXA DOS CABRAS
VIÇOSA DO CEARÁ;35;38;PADRE VIEIRA;E.E.F MANOEL JOSÉ DA SILVA;VILA PADRE VIEIRA
JIJOCA DE JERICOACOARA;30;396;CENTRO;CRECHE SORRISO DE MÃE;RUA MANOEL MARQUES - 1124
CARIRIAÇU;71;8;VALÊNCIA;EEF MARTINIANO ELIAS DA SILVA;RUA ANTONIO GOMES, S/N
MARANGUAPE;4;41;ITAPEBUSSU;EEMTI ANTÔNIO MARQUES DE ABREU;RUA MANUEL GUEDES MARTINS, 1076.
PEDRA BRANCA;59;161;SANTA TEREZINHA;ESCOLA DE ENSINO MÉDIO ELZA GOMES MARTINS;RUA DOCA PESSOA, 80
FORTALEZA;115;170;MONTESE;EEMTI JOAO MATTOS;RUA ALMIRANTE RUBIM, 1014
IGUATU;13;187;PRADO;ESCOLA DE ENS FUND NOSSA SENHORA DO PERPETUO SOCORRO;21 DE ABRIL
PACATUBA;57;147;PAVUNA;CENTRO DE EDUCACAO RURAL CLOVIS DE CASTRO PEREIRA;RUA CLOVIS DE CASTRO PEREIRA 235
FORTALEZA;1;39;COCÓ;UNINTA - FACULDADE UNINTA FORTALEZA;RUA VILEBALDO AGUIAR,133
CRATO;27;115;MURITI;UNIDADE BÁSICA DE SAÚDE FRANCISCO DAS CHAGAS LOBO SOARES (CHAGUINHA);RUA PEDRO ORLANDO BEZERRA DE MENEZES, S/N
OCARA;67;243;CURUPIRA-DISTRITO;ESCOLA MUNICIPAL PEDRO DA COSTA GOMES - ENSINO FUNDAMENTAL;FOVEIRA
SOBRAL;24;650;DOMINGOS OLÍMPIO;EEFI EMILIO SENDIM;RUA EDUARDO DE ALMEIDA SANFORD, S/N
LIMOEIRO DO NORTE;29;129;ÁREA RURAL;EEF CESAR CALS NETO;SITIO SUCUPIRA
NOVA RUSSAS;48;25;ALTO DA BOA VISTA;EMTI ALFREDO GOMES;RUA QUINTINO BOCAIUVA 520
MISSÃO VELHA;16;121;SEDE;EEF LOURIVAL DANTAS RIBEIRO;RODOVIA MISSAO VELHA/JAMACARU KM 01, COHAB CASEMIRO FARIAS.
FARIAS BRITO;62;207;QUINCUNCA;EEF COSMO ALVES PEREIRA;RUA LADISLAU PEREIRA, 77
ITAITINGA;78;398;ANCURI;EEF FRANCISCA DE MORAIS FERRER;RUA PARQUE DAS FLORES, 500
FORTALEZA;114;198;PRESIDENTE KENNEDY;EM GABRIEL CAVALCANTE;QUADRA F 167 CONJUNTO CASTELO BRANCO
JAGUARIBE;10;70;DISTRITO DE FEITICEIRO;E.E.I.F. MARIA ENEIDA PEIXOTO SOARES;RUA FRANCISCO GUIMARAES PEIXOTO 714
JAGUARIBE;10;85;NOVA BRASÍLIA;EEF PROFESSOR GUTENBERG BARBOSA SILVA;AVENIDA GIL TEIXEIRA BASTOS, 1420
PARAMOTI;111;128;CENTRO;EMEF MANUEL DE ARRUDA;SANTA ROSA
UMARI;15;221;PIO X - DISTRITO;EEF JOSE GUSTAVO PINHEIRO;DISTRITO PIO X
NOVO ORIENTE;99;40;ZONA RURAL;EEF LUIZ CANUTO;LAGOA DOS NERES
ARARENDÁ;48;122;RAMADINHA;E. E. F.  ANTONIO DE SOUSA BARROS;LOCALIDADE DE RAMADINHA
FORTALEZA;85;203;GENIBAÚ;ESCOLA MUNICIPAL PROF AMERICO BARREIRA;RUA RICARDO PONTES 529
TEJUÇUOCA;41;100;CENTRO-SEDE;ESCOLA MUNICIPAL SAO PEDRO;RUA JOSE BARROSO VALENTE SN
FORTALEZA;2;808;PAUPINA;EM CÔNEGO FRANCISCO PEREIRA DA SILVA;RUA LUÍS FRANCISCO XAVIER, 256
FORTALEZA;93;289;PREFEITO JOSÉ WALTER;EM NELSON MANDELA;AV. C, 435
AURORA;69;59;ANGICOS DE CIMA-SITIO;E.E.I.F. TARCÍSIO GONÇALVES DE OLIVEIRA;CE 288 SITIO ANGICOS DE CIMA  S/N
ARACOIABA;67;162;BOLANDEIRA-SEDE;ESCOLA MUNICIPAL OSVINO DE FREITAS PEREIRA;CE 060
SOBRAL;24;230;JAIBARAS;EEM AYRES DE SOUZA (SEDE) - ESCOLA NOVA;RUA ALFA, S/N
FORTALEZA;2;676;PAUPINA;CMES ANISIO TEIXEIRA;TRAVESSA DO GUARANI, 355
IGUATU;13;385;JOSÉ DE ALENCAR;ESCOLA DE ENS FUND JOSE CARDOSO DE ARAUJO;SITIO AROEIRA
PIQUET CARNEIRO;12;15;IBICUA;EMEF MESTRE JÚLIO;RUA CORONEL FILEMOM MAGALHÃES, S/N
CRATEÚS;20;327;SÃO JOSÉ;ESCOLA DE CIDADANIA PROFA. CARLOTA COLARES DA PENHA OLIVEIRA;RUA FREI VIDAL DA PENHA, S/N
UMIRIM;23;248;BANANA;E.E.M. MARIA IRACEMA UCHOA SALES (LICEU);RUA RUFINO DE SOUSA, S/N
FORTALEZA;115;396;VILA PERI;COLEGIO JIM WILLSON;AV. AUGUSTO DOS ANJOS, 1915
VIÇOSA DO CEARÁ;35;103;CENTRO;E.E.M DEPUTADO MANOEL RODRIGUES;RUA PROFESSOR JOÃO VIANA, S/N
ITAITINGA;78;288;GERERAÚ;EEF FRANCISCA FERREIRA SIQUEIRA;AV. CEL. ANTONIO FERREIRA, 440
FORTALEZA;115;197;PARANGABA;EEMTI MARIA THOMÁSIA;RUA POLONIA, 369
PACATUBA;57;309;PAVUNA;E.E.I.E.F OS HERÓIS DO TIMBÓ;RUA ARAÚJO E SILVA, 25, VELHO TIMBO
FORTALEZA;2;807;LAGOA REDONDA;ESCOLA MUNICIPAL ISABEL FERREIRA;RUA ISABEL FERREIRA, 1000 - CONJ. CURIÓ
PORTEIRAS;70;274;CENTRO-SEDE;E E F ADALBERTO LEITE TAVARES;RUA JOAQUIM TAVORA S/N
PEREIRO;10;155;SITIO CAETANO;ESCOLA JOSÉ MATIAS DE SOUSA;SITIO CAETANO
FORTALEZA;114;357;BARRA DO CEARÁ;EM CASIMIRO JOSÉ LIMA FILHO;AVENIDA FRANCISCO SÁ 6449
FORTALEZA;114;336;BARRA DO CEARÁ;EM AGOSTINHO MOREIRA E SILVA;RUA PERI, 20
FORTALEZA;1;355;MUCURIPE;ESCOLA ESTADUAL DRAGAO DO MAR;RUA UMARI S/N
CHORÓ;6;89;BARBADA;EEF FRANCISCO GOMES DAMASCENO;BARBADA
GUAIÚBA;57;50;CENTRO;EEBM MANUEL BALTAZAR DE FREITAS;RUA LEIRIA DE ANDRADE 409
FORTALEZA;113;109;BENFICA;COLÉGIO CHRISTUS BENFICA;RUA LUIS DE MIRANDA, 536
FORTALEZA;117;221;CONJUNTO ESPERANÇA;EEFM PROFA ADELIA BRASIL FEIJO;AV CONTORNO SUL, 1540
CRATO;27;213;BELA VISTA;ASSOCIAÇÃO COMUNITÁRIA DOS MORADORES DO SÍTIO SERRARIA;SÍTIO SERRARIA S/N
PACAJUS;49;273;ALDEIA PARQUE;EEF ALICE FERNANDES LOPES;RUA JOSÉ DOS SANTOS GIRÃO OLIVEIRA SN
URUOCA;25;89;CENTRO;E.E.M. OLIMPIO SAMPAIO DA SILVA;RUA MARIA DAS GRAÇAS SIQUEIRA, 48
CAMPOS SALES;38;11;B. CENTRO;INSTITUTO EDUCACIONAL PROFESSORA MARIA DULCE DE ALENCAR - (MDA) - SEDE;RUA JULIO NORÕES, 531
ITAPIPOCA;17;55;DESERTO;EEFMI HILDEBERTO BARROSO;AVENIDA VEREADORA LEIDA SOARES, 1205
MISSÃO VELHA;16;91;SEDE;EEF LOURIVAL DANTAS RIBEIRO;RODOVIA MISSAO VELHA/JAMACARU KM 01, COHAB CASEMIRO FARIAS.
FORTALEZA;2;460;LAGOA REDONDA;EM PROFª FERNANDA MARIA DE ALENCAR COLARES;AV PROF. ARTHUR DE CARVALHO, 1540
AURORA;69;86;SITIO MONTE ALEGRE;POSTO DE SAÚDE (MONTE ALEGRE);SITIO MONTE ALEGRE
ARACATI;8;318;ALTO DA CHEIA;ASSOCIAÇÃO CULTURAL NOGUEIRA PONCIANO;RUA NATALZILA BRÍGIDO
SOBRAL;24;562;SUMARÉ;EEFI JOSE PARENTE PRADO;RUA SANTA MARTA,100
FORTALEZA;115;370;VILA PERI;EM CATULO DA PAIXAO CEARENSE;RUA LEAO DO NORTE 300
AQUIRAZ;66;331;BAIXA GRANDE;EMEF ALOISIO BERNARDO DE CASTRO;RUA CORAÇÃO DE JESUS / AREA VERDE
FORTALEZA;2;705;LAGOA REDONDA;EMEIF MOREIRA DA ROCHA;AV ODILON GUIMARAES, 3860
CARIRÉ;65;18;ZONA RURAL;ESCOLA EIEF MONS. ANTONIO CANDIDO DE MELO;ALTO FELIZ
FORTALEZA;93;74;MONDUBIM;EM JONATHAN DA ROCHA ALCOFORADO;RUA MARIA GOMES DE SÁ,1030 ARACAPÉ
ARACATI;8;113;LAGOA DO PEDRO;PONTO DE APOIO LAGOA DO PEDRO;LAGOA DO PEDRO
FORTALEZA;1;927;VARJOTA;FACULDADE FARIAS BRITO - CASTRO MONTE;RUA CASTRO MONTE 1364
FORTALEZA;95;136;JANGURUSSU;EMTI PROFESSOR ANTONIO GIRAO BARROSO;RUA VERDE 37, S/N (CJ SITIO SAO JOAO)
ARACOIABA;67;74;PLACIDO MARTINS-DISTRITO;ESCOLA JOSÉ XAVIER DA SILVA;VÁRZEA DA ABELHA
CRATO;27;23;CENTRO;ETI 18 DE MAIO;AVENIDA JOSÉ ALVES DE FIGUEIREDO, N. 300.
FORTALEZA;116;50;BOM JARDIM;EM SANTOS DUMONT;RUA GERALDO BARBOSA 240
MARCO;96;156;LOCALIDADE DE MARACAJA;EEF FRANCISCO FAUSTINO SILVEIRA;MARACAJA
JAGUARUANA;75;53;LAGOA VERMELHA;E.E.F. JOSE SIMOES FILHO;LAGOA VERMELHA
CRATEÚS;20;33;VENANCIOS;CENTRO REGIONAL DE DESENVOLVIMENTO DA EDUCACAO (CREDE 13);KM 4 BR 226
FORTALEZA;112;402;SAPIRANGA-COITÉ;EEMTI PROFESSORA TECLA FERREIRA;RUA FRANCISCA BEZERRA, 417
FORTALEZA;112;304;JARDIM DAS OLIVEIRAS;COLÉGIO NOVO HORIZONTE;RUA BEIJA FLOR, 25
TIANGUÁ;81;195;ÁREA RURAL DE TIANGUÁ;E.E.F. SÃO JOSÉ;SÍTIO SÃO JOSÉ
CAUCAIA;123;424;NOVA METRÓPOLE (JUREMA);E.E.F.M. ROMEU DE CASTRO MENEZES;AV. A, S/N - NOVA METRÓPOLE
FORTALEZA;1;392;VICENTE PINZON;CIES AIDA SANTOS;AVENIDA TRAJANO DE MEDEIROS  813
FORTALEZA;1;397;CAIS DO PORTO;ESCOLA MUNICIPAL SAO VICENTE DE PAULO;AVENIDA ZEZE DIOGO 1247
CRATO;27;127;DOM QUINTINO;EEIEF RAIMUNDO NONATO DE SOUZA;RUA SEBASTIÃO DE SOUZA MARTINS, 143
CRATEÚS;20;203;SÃO VICENTE;CENTRO ADMINISTRATIVO DA PREFEITURA DE CRATEÚS;RUA CEL TOTO, SN
ARNEIROZ;101;70;CHATINHO;ESCOLA DE 1 GRAU SAO FRANCISCO DE ASSIS;NOVO HORIZONTE
CAMPOS SALES;38;26;B. CENTRO;E.E.E.M.T.I - MARIA DOLORES ARRAIS - (GRUPINHO);TRAVESSA VICENTE ALEXANDRINO DE ALENCAR,297
ARACATI;8;224;SERROTE DO CABREIRO;CENTRO ARTESANAL DO CABREIRO;SERROTE DO CABREIRO S/N
SÃO BENEDITO;22;88;SEDE;ESCOLA DE ENSINO FUNDAMENTAL DOM COUTINHO;SITIO DO MEIO
FORTALEZA;112;181;CIDADE DOS FUNCIONÁRIOS;IGREJA DA GLÓRIA;AV OLIVEIRA PAIVA, 905
MOMBAÇA;46;18;CENTRO;SALÃO PAROQUIAL;RUA PADRE PEDRO LEÃO, S/N
CAUCAIA;123;373;NOVA METRÓPOLE (JUREMA);E.E.F. EDGARD VIEIRA GUERRA;AV. CONTORNO SUL, 255
FORTALEZA;3;206;CENTRO;EM NOSSA SENHORA APARECIDA;RUA TERESA CRISTINA, 112
FORTALEZA;114;216;JARDIM IRACEMA;EM JESUS CRISTO - CEI ANEXO;RUA ALBERTO FERREIRA 564
GRANJA;25;99;CENTRO;E.E.F.T.I. JOSÉ GLAUBERTON ALVES SÁ;AV. PERIMETRAL S/N
FORTALEZA;93;99;PREFEITO JOSÉ WALTER;CUCA JOSÉ WALTER;RUA 69, S/N
EUSÉBIO;88;95;ENCANTADA;EEF FRANCISCO TAVARES DE ABREU;RUA SANTO AMARO, 1000 - ENCANTADA
ARACATI;8;244;BAIXAS;E.E.F. JOAO PERDIDO;BAIXAS
CAMOCIM;32;60;SAO PEDRO;ESCOLA EMILIA PESSOA VERAS;RUA HUMAITA S/N
CASCAVEL;7;192;CENTRO;COLEGIO CASCAVELENSE - CC;RUA SAMUEL BEDE, 2626
ARNEIROZ;101;63;PLANALTO;EPG FRANCISCO ELIAS DE ANDRADE;PLANALTO
HORIZONTE;78;361;PLANALTO HORIZONTE;EMEF JOSÉ ALDEMIR DA SILVA;RUA FRANCISCA CECÍLIA, N. 1.100
FORTALEZA;1;876;PAPICU;COLEGIO ANTARES - OCELO PINHEIRO;RUA PROFESSOR OCELO PINHEIRO 101
SOBRAL;121;57;COHAB I;EEFM MONS. JOSE GERARDO FERREIRA GOMES(NOELIA);RUA MADALENA DE SÁ, S/N
FORTALEZA;114;51;BARRA DO CEARÁ;EM FRANCISCO DOMINGOS DA SILVA;AVENIDA PRESIDENTE CASTELO BRANCO 4707
JUAZEIRO DO NORTE;119;244;TIMBAUBA;ESCOLA DOM VICENTE DE PAULA ARAUJO MATOS;RUA RUI BARBOSA 1935
PARAMOTI;111;136;CENTRO;EMEF BELA VISTA;AV JOAQUIM VIEIRA, 22
FRECHEIRINHA;81;257;CENTRO;CRECHE INÊS EDITE PONTES;RUA SANTO ANTÔNIO, S/N, CENTRO
SOBRAL;24;486;ALTO DA BRASÍLIA;EEFI RAUL MONTE;RUA MACEIO, S/N
CRATEÚS;20;50;CENTRO;EEFM LOURENCO FILHO;RUA FIRMINO ROSA 587
JUAZEIRO DO NORTE;119;232;TIMBAUBA;ESCOLA DOM VICENTE DE PAULA ARAUJO MATOS;RUA RUI BARBOSA 1935
FORTALEZA;114;362;BARRA DO CEARÁ;EM CASIMIRO JOSÉ LIMA FILHO;AVENIDA FRANCISCO SÁ 6449
FORTALEZA;2;425;MESSEJANA;EEM DEPUTADO PAULO BENEVIDES;RUA ANGELICA GURGEL, 186
VIÇOSA DO CEARÁ;35;50;ZONA RURAL;E.E.F JOÃO EUCLIDES DE MORAIS;VILA JUA DOS VIEIRAS SN
SOBRAL;24;117;PADRE PALHANO;EEFI MARIA JOSE FERREIRA GOMES;RUA PRESIDENTE JUSCELINO KUBITSCHEK, S/N
IGUATU;13;416;FOMENTO;ESCOLA DE ENS FUND LUIZA BEZERRA DE SOUZA;VILA FOMENTO
FORTALEZA;115;128;MONDUBIM;LAR FABIANO DE CRISTO;RUA CEL. JAIME ROLEMBERG, 100
CRATO;27;251;PIMENTA;EEMTI WÍLSON GONÇALVES;PRAÇA DR. JOAQUIM FERNANDES TELES, SN.
ASSARÉ;18;132;ZONA RURAL;ESCOLA PEDRO CANUTO DE ARAÚJO;SITIO MAMELUCO
AIUABA;101;6;CENTRO;ESCOLA PADRE PEDRO JOSE;RUA ARMANDO ARRAES FEITOSA 30
BARBALHA;31;82;ALTO DA ALEGRIA;CEI MARTINHO TAVARES TELES (ALTO DA ALEGRIA);RUA ADERSON SABINO, S/N (7.31060 S,39.29377 W)
MARACANAÚ;104;35;PAJUÇARA;EMEF RODOLFO TEÓFILO;RUA OTÁVIO ALVES, 1120
GUARACIABA DO NORTE;74;188;ESTÁDIO;EEF. JOÃO MIGUEL DA FONSECA LOBO;RUA METON SILVANO
TAUÁ;19;105;MARROAS;EEF JOAO VITOR MOTA;SAO JOAO DOS CANDIDOS
CRUZ;30;89;CAICARA;ESCOLA JOAO LADISLAU DE PAULO MAGALHAES;CAICARA
ASSARÉ;18;88;ZONA RURAL;ESCOLA JOAQUIM ROMEIRO DA SILVA;SITIO VARZEA COMPRIDA
FORTALEZA;93;206;PLANALTO AYRTON SENNA;LICEU ESTADUAL DOMINGOS BRASILEIRO;RUA PLANALTINA, S/N
FORTALEZA;116;215;GRANJA LISBOA;PROJETO ABC BOM JARDIM;RUA TRES CORACOES 762
CARIÚS;43;162;SITIO CANA BRAVA;EEIF SILVESTRE ALMEIDA DUARTE;SITIO CANA BRAVA
GUARACIABA DO NORTE;74;95;SEDE;E.E.I.F. JOÃO BARRETO DOS SANTOS;RUA 12 DE MAIO - CENTRO
FORQUILHA;121;266;EDMUNDO RODRIGUES;EEFM ELZA GOERSCH;AV CRIANÇA DANTE VALERIO S/N CENTRO
FORTALEZA;115;300;JARDIM CEARENSE;ESCOLA MARISTA SAGRADO CORAÇÃO;RUA VIDAL DE NEGREIROS, 550
FORTALEZA;94;50;ANTÔNIO BEZERRA;EMTI JOSÉ CARLOS DE OLIVEIRA NETO;R. SAO VICENTE DE PAULO, 170
ORÓS;15;317;CENTRO;APAE - ASSOCIAÇÃO DE PAIS E AMIGOS DOS EXCEPCIONAIS DE ORÓS;AV. JOSÉ GABRIEL BEZERRA, 58
FORTALEZA;83;506;HENRIQUE JORGE;ESCOLA MUNICIPAL JOSÉ SOBREIRA DE AMORIM;RUA ESTRADA DO PICI 1083
FORTALEZA;112;422;EDSON QUEIROZ;COLEGIO ARI DE SA CAVALCANTE WS;AV WASHINGTON SOARES, 3737
MARANGUAPE;4;417;CACIMBÃO - LADEIRA GRANDE;EMEIEF HONÓRIO ANTÔNIO DE ABREU;AV. MANOEL HONÓRIO DE ABREU, SN
TIANGUÁ;81;32;CENTRO;SECRETARIA DO TRABALHO E ASSISTÊNCIA SOCIAL - SETAS;RUA VEREADOR RAIMUNDO LIMA, 200
CARIDADE;111;61;CAMPOS BELOS;EPG RODOLFO TEIXEIRA BARROS;RUA ANTONIO SABINO SN
SÃO GONÇALO DO AMARANTE;36;315;TAIBA-DISTRITO;ESCOLA DE EDUCAÇÃO BÁSICA PROFª ALBA HERCULANO ARAÚJO;RUA CAPITAO INACIO PRATA SN -TAÍBA
OCARA;67;204;CURUPIRA-DISTRITO;ESCOLA MUNICIPAL JOAO EGIDIO DA COSTA - ENSINO FUNDAMENTAL;LAGOA DO VELHO
SANTA QUITÉRIA;54;109;DISTRITO DE LOGRADOURO;ESCOLA MUNICIPAL GUSTAVO RODRIGUES ROSA;DISTRITO DE LOGRADOURO
FORTALEZA;112;330;JARDIM DAS OLIVEIRAS;EM ISMAEL PORDEUS;RUA DES FAUSTINO ALBUQUERQUE, 511
CAUCAIA;37;172;MESTRE ANTONIO;E.E.F. NELY CAULA DE CARVALHO;RUA LUIS GOMES DA SILVA, S/N
REDENÇÃO;52;31;DISTRITO DE BARRA NOVA (ANTIGO SÃO GERARDO);ESCOLA HERMÍNIO GOMES;PIROÁS
JUAZEIRO DO NORTE;28;412;FRANCISCANOS;ECIM DOUTOR EDVAR TEIXEIRA FERRER;DOM PEDRO II 1643
PENTECOSTE;50;115;ZONA RURAL;EEIF SÃO JOSÉ;MACACOS
BARROQUINHA;108;59;DISTRITO BITUPITÁ;EEF SANTA ADELAIDE;RUA DO COMERCIO S/N
QUIXADÁ;6;76;PLANALTO UNIVERSITÁRIO;FECLESC;RUA JOSÉ DE QUEIROZ PESSOA, 2554
MORADA NOVA;47;253;ARUARU;CENTRO EDUCACIONAL INFANTIL MARIA NADIR BARBOSA;JOSE ANGELO S/N
JUAZEIRO DO NORTE;28;92;FRANCISCANOS;ECIM DOUTOR EDVAR TEIXEIRA FERRER;DOM PEDRO II 1643
OCARA;67;220;CURUPIRA-DISTRITO;ESCOLA MUNICIPAL ODILON DE SOUZA BRILHANTE - ENSINO FUNDAMENTAL;CURUPIRA
FORTALEZA;116;91;GRANJA PORTUGAL;EM CREUSA DO CARMO ROCHA;RUA DUAS NACOES 1055
CAUCAIA;37;389;IPARANA;E.E.F. ERBE TEIXEIRA FIRMEZA;AV. ULISSES GUIMARAES, S/N
GROAÍRAS;65;120;ZONA RURAL;EEF JOSE ANTONIO DE VASCONCELOS;DISTRITO JUA
FORTALEZA;117;235;CANINDEZINHO;EM FLORIVAL ALVES SERAINE;RUA ITATIAIA, 1000
QUIXADÁ;6;185;CIPÓ DOS ANJOS;EEF ZILCAR DE SOUZA HOLANDA;CIPÓ DOS ANJOS, S/N
JAGUARIBE;10;75;COHAB;EEEP POETA SINÓ PINHEIRO (LICEU);AV D, S/N
GUAIÚBA;57;262;BAU;ESCOLA DE 1 GRAU MARIA DE LOURDES PEREIRA;RUA JOSE DE CASTRO PEREIRA, 903
ICAPUÍ;8;262;CAJUAIS;E.E.M. PROF GABRIEL EPIFANIO DOS REIS;RUA FILIZOLINA FREITAS, SN
SOBRAL;121;51;CENTRO;EEFM DR JOAO RIBEIRO RAMOS;RUA CONSELHEIRO JOSE JULIO
ARARENDÁ;48;113;CENTRO;E. E. F. FRANCISCO MOURÃO LIMA;RUA PINTO BASTOS
FORTALEZA;80;353;JOAQUIM TÁVORA;COLÉGIO SALESIANO DOM BOSCO;AV ANTONIO SALES 116
MARACANAÚ;122;76;ACARACUZINHO;EEFM JOSE MILTON DE VASCONCELOS DIAS;AV. CENTRAL S/N
FORTALEZA;117;231;SIQUEIRA;EEFM SENADOR OSIRES PONTES;RUA DIVINA 150
FORTALEZA;115;200;PARANGABA;COLÉGIO INVICTUS;RUA ARARIBÓIA, 192
MULUNGU;5;133;CENTRO-SEDE;EMEF HERMENEGILDO ROCHA PONTES;RUA SANTA INES S/N
MASSAPÊ;45;128;ZONA RURAL;EEF ADALBERTO ALBUQUERQUE;PÉ DA SERRA DOS CLARINDOS
JUAZEIRO DO NORTE;28;163;CENTRO;EEIF PADRE CICERO;MONSENHOR JOVINIANO BARRETO 116
JUAZEIRO DO NORTE;28;69;HORTO;EMEFTI VEREADOR FRANCISCO BARBOSA DA SILVA;RUA BOM JESUS DO HORTO
FORTALEZA;118;279;PASSARÉ;COLEGIO EXODUS;RUA DOUTOR EDUARDO DIAS, 156
FORTALEZA;94;208;VILA VELHA;COLÉGIO CÍCERO NOGUEIRA (CCN);RUA PARAMBU, 668
BARRO;92;72;SEDE;ESCOLA DE ENSINO BASICO SOLIDADE ANDRE;VILA SAO JOSE
CAUCAIA;37;378;ITAMBE;E.E.F. FLAVIO PORTELA MARCILIO;RUA 05, 23 - CONJ. VICENTE ARRUDA
AMONTADA;89;104;CENTRO;EEM RITA ESTELITA DOS SANTOS RODRIGUES;AV GAL ALÍPIO DOS SANTOS 1020
QUIXERAMOBIM;11;133;DUQUE DE CAXIAS;ESCOLA LUISA TAVORA;RUA PROF JOSE REMIGIO SN
BEBERIBE;84;38;PARIPUEIRA;ESCOLA MUNICIPAL PINHEIRO DE LIMA;JUAZEIRO
BEBERIBE;84;20;MORRO BRANCO;ESCOLA MUNICIPAL JOSE BESSA;MORRO BRANCO
MASSAPÊ;45;48;ZONA RURAL;GE JOSE ESTEVAO VASCONCELOS;POVOADO DE IPAGUACUMIRIM
TAUÁ;19;128;CARRAPATEIRAS;ASS COMUN PRODUTORES RURAIS CIPÓ (ANT GE SEBASTIAO CLARO DE OLIVEIRA);CIPO
POTENGI;68;49;VILA ANDRADE;CRECHE SONHO MEU - ANTIGO CENTRO ADMINISTRATIVO - SEDE;VILA ANDRADE
MULUNGU;5;126;CENTRO-SEDE;EMEF HERMENEGILDO ROCHA PONTES;RUA SANTA INES S/N
BEBERIBE;84;33;PARIPUEIRA;ESCOLA MUNICIPAL BOM JESUS DOS NAVEGANTES;PRAINHA DO CANTO VERDE
JIJOCA DE JERICOACOARA;30;227;CENTRO;ESCOLA SENADOR CARLOS JEREISSATE;RUA MINAS GERAIS S/N
FORTALEZA;85;105;CONJUNTO CEARÁ I;CEJA ADELINO DE ALCANTARA FILHO - UV-6;RUA SEISCENTOS E DOZE, 100, 1A ETAPA
PINDORETAMA;7;116;CENTRO-PINDORETAMA;EEM JULIA ALENQUER FONTENELE;AV. FIRMINO CRISOSTOMO, 1944
TAMBORIL;61;56;DISTRITO DE SUCESSO;EMTI EXPEDITO MENDES CHAVES;RUA JOÃO JOSÉ DE CASTRO S/N - CENTRO - VILA SUCESSO
FORTALEZA;82;238;PIRAMBU;CENTRO EDUCACIONAL DOM HÉLIO CAMPOS;RUA SÃO RAIMUNDO, 199
FORTALEZA;94;40;ANTÔNIO BEZERRA;COLÉGIO EVOLUIR;RUA CÂNDIDO MAIA,109
ALTO SANTO;86;120;JARDIM;ESCOLA DE 1 GRAU PROFESSORA MARIA DO SOCORRO MAIA;CONJUNTO HABITACIONAL FRANCISCO WILKER CAMPELO S/N
ACARAÚ;30;275;PAULO VI;ESCOLA DEPUTADO JOSÉ FILOMENO;RUA CAPITÃO DIOGO LOPES SN
FORTALEZA;95;192;JANGURUSSU;EMEIF JORNALISTA JOSÉ BLANCHARD GIRÃO DA SILVA;TRAVESSA MISSIONÁRIO OLIVEIRA,301
CARIDADE;111;116;CENTRO;EEF CARMOZINA BITTENCOURT;AVENIDA CORONEL FRANCISCO LINHARES
FORTALEZA;115;303;ITAPERI;UNIVERSIDADE ESTADUAL DO CEARA - UECE;AV DR. SILAS MUNGUBA, 1700
LIMOEIRO DO NORTE;29;199;BOM NOME;EEF FRANCISCO JACY LUZ;RUA ANTONIO RIBEIRO DE CASTRO
ACARAÚ;30;1;CENTRO;LICEU DE ACARAÚ - ESCOLA MARIA ALICE RAMOS;CENTRO
ITAPIÚNA;105;111;ZONA URBANA;EEF RECANTO DA CRIANCA;ALTO DAS UMBURANAS
CAMOCIM;32;189;ZONA RURAL;POLO EDUCACIONAL JOSE RODRIGUES ALEXANDRINO - PEDRA BRANCA;LOCALIDADE DE PEDRA BRANCA
SANTA QUITÉRIA;54;103;POVOADO SÃO JOSÉ DOS MOCÓS;ESCOLA MUNICIPAL JOÃO RODRIGUES MARTINS;POVOADO SÃO JOSÉ DOS MOCÓS
IBARETAMA;6;131;DISTRITO DE NOVA VIDA;EMEIF PEDRO ALEXANDRE VALENTIM;DISTRITO DE NOVA VIDA
FORTALEZA;113;85;JARDIM AMÉRICA;ESCOLA MUNICIPAL PROF. FILGUEIRAS LIMA;AV. DOS EXPEDICIONÁRIOS, 3910
FORTALEZA;117;160;MANOEL SÁTIRO;EEF JOSE AYRTON TEIXEIRA;RUA ALFREDO MAMEDE SN
FORTALEZA;85;248;CONJUNTO CEARÁ I;EEM PROF JOSE MARIA CAMPOS DE OLIVEIRA - UV 8;RUA 820 S/N - 3 ETAPA
OCARA;67;196;NOVO HORIZONTE-DISTRITO;ESCOLA MUNICIPAL JOAQUIM MARTINS DE SOUZA - ENSINO FUNDAMENTAL;NOVO HORIZONTE
OCARA;67;247;SERENO DE CIMA-DISTRITO;ESCOLA MUNICIPAL FRANCISCO CORREIA RODRIGUES- ENSINO FUNDAMENTAL;VILA SAO MIGUEL
CEDRO;13;533;VÁRZEA DA CONCEIÇÃO;CAPELA NOSSA SENHORA DE FATIMA DO SITIO MUNDO NOVO;ST MUNDO NOVO
FORTALEZA;113;55;JOSÉ BONIFÁCIO;COLÉGIO FARIAS BRITO;RUA SENADOR POMPEU, 2607
FORTALEZA;80;297;VILA UNIÃO;ESCOLA MUNICIPAL PAPA JOÃO XXIII;AV TREZE DE ABRIL, 545
PARACURU;109;216;CAMPO DE AVIAÇÃO;E. M. E. I. F. PROFESSORA MARIA ALBUQUERQUE LIMA - DINA;AV. SAO JOAO EVANGELISTA, 385
SÃO JOÃO DO JAGUARIBE;91;125;ANGICOS;EEF JOAO GUERREIRO DE SOUSA LIMA - ANGICOS;SITIO ANGICOS
ITAPIÚNA;105;164;ZONA RURAL;EEIEF PADRE MIGUEL DE JESUS ALVES;BARRA NOVA
ACARAPE;52;12;CANTAGALO;PROGRAMA DE ERRADICAÇÃO DO TRABALHO INFANTIL (PETI);BARRO VERMELHO
CRUZ;30;80;PREA;ESCOLA LEOPOLDO MANOEL DE MEDEIROS;PREA
MARANGUAPE;4;99;AMANARI;EMEIEF MENINOS DE JESUS;VASSOURAS
TIANGUÁ;81;328;ÁREA RURAL DE TIANGUÁ;CENTRO DE EDUCAÇÃO BÁSICA BENJAMIN DAMASCENO E VASCONCELOS;SÍTIO CROATÁ
FORTALEZA;118;210;SERRINHA;ESCOLA EVANGELICA MONTE SINAI;RUA BRUNO VALENTE, 847
PARACURU;109;28;POÇO DOCE;E. M. E. I. F. RUFINO VIEIRA;RUA RUTH FELIX, S/N
NOVO ORIENTE;99;25;CENTRO;EEB DR. ANTONIO EUFRASINO NETO;RUA LUIZ BEZERRA, S/N
FORTIM;8;199;CANTO DA BARRA;EEFTI. COMUNITÁRIA DA BARRA;RUA ANGELITA FELIPE BEZERRA, 47.
MILAGRES;26;66;MISSIONÁRIAS;ESCOLA DONA ANTONIA LINDALVA DE MORAIS;RUA PALMERINDO MENDONCA S/N
ARARIPE;68;25;DISTRITO ALAGOINHA;ESCOLA MUNICIPAL ANTONIO RODRIGUES DE LIMA - ALAGOINHA;RUA JOAO LUIZ RODRIGUES S/N - DISTRITO ALAGOINHA
MAURITI;76;5;SERRINHA;CENTRO EDUCACIONAL DE MAURITI;RUA JOSÉ LEITE DA COSTA, 629
SOBRAL;121;43;PATRIARCA;ESCOLA PERY FROTA - ANEXO CAUBI VASCONCELOS;ALEGRE PATRIARCA
ALTO SANTO;86;16;CASTANHAO;ESCOLA DE 1 GRAU LIRA MAIA HOLANDA;RUA AGAPITO FERREIRA MAIA 1
SANTANA DO ACARAÚ;44;48;DISTRITO MUTAMBEIRAS;EEF JOÃO ANANIAS VASCONCELOS ;DISTRITO MUTAMBEIRAS
PARACURU;109;24;CAMPO DE AVIAÇÃO;E. E. M. T. I. PROFESSORA MARIA LUIZA SABOIA RIBEIRO;AVENIDA ANTONIO SALES
CARIDADE;111;69;CENTRO;EEFM CASEMIRO BEZERRA DE ARAUJO;RUA CEL FRANCISCO LINHARES 496
COREAÚ;64;72;Boqueirão;BOQUEIRÃO - ESCOLA MUN. VER. RDO. CARDOSO DE ALBUQUERQUE;LOCALIDADE DE BOQUEIRÃO DO DIAMANTE
FORTALEZA;113;142;JARDIM AMÉRICA;ESC. EST. DE EDUC. PROFISSIONAL PAULO VI;RUA JORGE DUMMAR, 1841
FORTALEZA;83;30;BELA VISTA;ESCOLA MUNICIPAL DE TEMPO INTEGRAL PROFESSOR JOSE JULIO DA PONTE;RUA MARIO DE ANDRADE, S/N
PACOTI;5;203;CENTRO-SEDE;EMEF ENEAS HORTENCIO DA SILVEIRA;RUA JOAO HIPOLITO
PACAJUS;49;223;MANGABEIRA;EEF JOAQUIM AMÂNCIO BEZERRA;AV. DUCA PEDRO, S/N
SÃO BENEDITO;22;215;ANGELIM-INHUCU;CENTRO COMUNITARIO DE APRENDIZAGEM RURAL;ANGELIM
PORTEIRAS;70;293;FREI JORGE-SEDE;ESCOLA DE 1 GRAU JOAO TAVARES MIRANDA;SITIO FREI JORGE
EUSÉBIO;88;91;LAGOINHA;ESCOLA Mª DE FÁTIMA FAÇANHA SILVEIRA (LAGOINHA);RUA SÃO MIGUEL, 327 - LAGOINHA
MORADA NOVA;47;119;ROLDAO;EEB JOAQUIM CHAGAS FILHO;TRAV. LUIS VIEIRA, S/N
PENTECOSTE;50;89;CENTRO;SECRETARIA DE SAÚDE;RUA ARTUR MOREIRA DE AZEVEDO, S/N
CHOROZINHO;49;92;TRIANGULO;EEF RAIMUNDO CELSO DOS SANTOS;AV RAIMUNDO CELSO DOS SANTOS SN
CATARINA;60;241;SEDE;UNIDADE BÁSICA DE SAÚDE - MONTE ALEGRE;MONTE ALEGRE
FORTALEZA;94;328;VILA VELHA;EM ANTONIO CORREIA LIMA;RUA HERMES PARAYBA, 934
FORTALEZA;85;289;ANTÔNIO BEZERRA;EMEIF GERARDO MILTON DE SA;RUA VALE COSTA S/N
FORTALEZA;113;177;BENFICA;FACULDADE DE PSICOLOGIA DA UFC;AV. DA UNIVERSIDADE, 2762
JAGUARUANA;75;37;CENTRO;IFCE INSTITUTO FEDERAL DO CEARÁ;AV DR ANTÔNIO DA ROCHA FREITAS, 1566
BOA VIAGEM;63;82;SABONETE;EEF ANTERO RABELO DE CARVALHO;POÇO GRANDE
RUSSAS;9;225;CENTRO;ESCOLA DE ENSINO MÉDIO MANOEL MATOSO FILHO;AVENIDA MARIA RAMALHO, 336
FORTALEZA;80;392;FÁTIMA;EEM GOV. ADAUTO BEZERRA;RUA MONSENHOR LIBERATO, 1850
SABOEIRO;43;270;FELIPE;E.E.F. FRANCISCO ALVES DE OLIVEIRA;POVADO FELIPE
JUCÁS;43;66;CANAFÍSTULA - VILA;ESCOLA DE ENSINO FUNDAMENTAL CEL LUIZ DUARTE;VILA DE CANAFÍSTULA
MONSENHOR TABOSA;61;136;CENTRO;ESCOLA INDÍGENA DE MONSENHOR TABOSA;RUA SANTO ANTONIO 124
FORTALEZA;82;56;ÁLVARO WEYNE;EM NOSSA SENHORA DO PERPÉTUO SOCORRO;RUA CÔNSUL GOUVEIA, 57
JAGUARIBE;10;185;SÍTIO FECHADO;GRUPO ESCOLAR MUNICIPAL ELIZIARIO GOMES DE MELO;SITIO FECHADO
BARBALHA;31;176;MATA DOS LIMAS;EMEIF DIONÍSIO ROSS COELHO UCHOA;RUA P 01, S/N - SÍTIO MATA DOS LIMAS (7.26976 S, 39.32351 W)
SALITRE;38;95;ALTO ALEGRE;E.E.F.T.I -  FRANCISCO DE ASSIS LEITE - SEDE;AVENIDA PADRE CICERO, 327
FORTALEZA;94;781;QUINTINO CUNHA;EEMTI MARIA JOSÉ SANTOS FERREIRA GOMES (CERE);RUA DONA LUCIA PINHEIRO, 93
BREJO SANTO;70;25;CENTRO-SEDE;E E F M JOSÉ MATIAS SAMPAIO;RUA MANOEL INACIO BEZERRA 49
AQUIRAZ;66;104;PATACAS;EMEF LEOLINA BATISTA RAMOS;AV JOSUE LEITE DE FREITAS S/N
FORTALEZA;116;479;GRANJA PORTUGAL;CEI REITOR ANTONIO MARTINS FILHO - UNIDADE 2;RUA HUMBERTO LOMEU 1220
BEBERIBE;84;132;SUCATINGA;ESCOLA MUNICIPAL CASTRO ALVES;LAGOA DE DENTRO
BEBERIBE;84;146;SEDE;ESCOLA MUNICIPAL EMIDIO PAULO DE ALMEIDA;PONTA DAGUA I
FORTALEZA;115;419;PARANGABA;CEJA - PROFº MOREIRA CAMPOS;RUA JULIO BRAGA, 101 B
LIMOEIRO DO NORTE;29;179;ÁREA RURAL;ESCOLA DE 1 GRAU MARIA DO PATROCÍNIO REGES;SITIO SAPE
MILHÃ;55;139;VILA BOM ACERTO;ESCOLA DE ENSINO BASICO JOSE ENEIAS PINHEIRO;RUA JOSÉ ENEIAS PINHEIRO
ARATUBA;105;100;SITIO BARREIROS;ESCOLA FRANCISCO JOSE DE FREITAS;SITIO BARREIROS
NOVO ORIENTE;99;15;CENTRO;EEIF OTÁVIO RODRIGUES CAVALCANTE;RUA SAO FRANCISCO S/N
PARACURU;109;49;POÇO DOCE;E. M. E. I. F. RUFINO VIEIRA;RUA RUTH FELIX, S/N
ITATIRA;33;256;ZONA RURAL;EMEF ANTONIO UMBELINO;LOCALIDADE CACHOEIRA DO UMBELINO
JAGUARUANA;75;97;CURRALINHO DOS PATOS;E.E.F. RAIMUNDO FARIAS;CURRALINHO DOS PATOS
SABOEIRO;43;224;DISTRITO FLAMENGO;E.E.F. MARIA LINDA DA GLÓRIA;DISTRITO FLAMENGO
FORTALEZA;93;169;ARACAPÉ;EMEIF IVANILSON SOUZA LIMA COSTA;RUA POLIANA N.102
SOLONÓPOLE;55;115;CENTRO;E.E.I.E.F. BOM JESUS;AV PREF. JOSE SIFREDO PINHEIRO S/N
AQUIRAZ;66;285;SANTA MARIA;EMEF JOSE FERREIRA DA COSTA;RUA MANOEL FERREIRA DA COSTA, SN
FORTALEZA;112;285;ENGENHEIRO LUCIANO CAVALCANTE;COLÉGIO ANTARES - SEDE WASHINGTON SOARES;RUA CAETANO XIMENES ARAGÃO,110 - ACESSO PELA RUA ARMANDO DALL'OLIO
FORTALEZA;95;298;PEDRAS;UAPS JOSE BARROS DE ALENCAR;RUA JOSE NOGUEIRA, 180
ORÓS;15;266;GUASSUSSE - DISTRITO;E.E.F. MANOEL RAIMUNDO MONTANHA;RUA DA MATRIZ, S/N
AQUIRAZ;66;240;TUPUIU;EMEF FRANCISCO DA SILVA SAMPAIO;ESTRADA DO FIO TELEGRAFO
MARCO;96;103;BAIRRO ALEMAES;CEI MANOEL CLÓVIS RIOS;RUA PRES. ERNESTO GEISEL, 209
FORTALEZA;95;363;ANCURI;EMEIF MANOELITO GUIMARAES DOMINGUES;RUA HARIBERTO ONOFRE, 1416
CANINDÉ;33;478;ALTO GUARAMIRANGA;EMEF CORONEL ADAUTO BEZERRA;RUA IRMÃ MANUELA MAGALHÃES, S/N
TABULEIRO DO NORTE;91;47;CENTRO;EEI RAQUEL MONTEIRO CHAVES;RUA ACELINO MAIA, 3873
JAGUARIBE;10;67;DISTRITO DE MAPUÁ;E.E.I.E.F. MARIA ÁUREA MENEZES GOMES GONÇALVES;RUA PROJETADA, S/N - DISTRITO DE MAPUÁ
ITATIRA;33;417;ZONA RURAL;EMEF ANTONIO GOMES DE SOUSA;ASSENTAMENTO VITÓRIA
AMONTADA;89;292;ICARAÍ;EEB RAIMUNDA BARBOSA DE SOUSA;PERNAMBUQUINHO
FORTALEZA;112;541;CIDADE DOS FUNCIONÁRIOS;ESCOLA VITAL DIDONET;RUA SERTÃO DOS INHAMUNS 201
CANINDÉ;33;89;CENTRO;CREDE 7 - CENTRO REGIONAL DE DESENVOLVIMENTO DA EDUCAÇÃO;RUA TABELIÃO FACUNDO, 236 (PRAÇA DO LEÃO)
AMONTADA;89;150;FLORES;EEBTI RAIMUNDO URO DE MENESES;RUA JOAQUIM FELIX RIBEIRO
GRAÇA;79;147;CENTRO-SEDE;EEF PROF. MARIA DO AMPARO SOUSA;CONJ. HABITACIONAL 15 DE ABRIL
VARJOTA;65;150;ACAMPAMENTO DNOCS;E.E.F. BENJAMIM RODRIGUES MACEDO;RUA ENG. WALDIR LEOPERCIO, 156
FORTALEZA;80;416;FÁTIMA;EEM GOV. ADAUTO BEZERRA;RUA MONSENHOR LIBERATO, 1850
MONSENHOR TABOSA;61;144;CENTRO;E.M.E.F.T.I LUIZ LEITAO;AVENIDA PESSOA PIRES  2
TAMBORIL;61;91;CENTRO;EMTI 4 DE OUTUBRO;RUA VICENTE ALVES DO VALE SN
TRAIRI;97;147;EMBOACA;EEF NOSSA SENHORA DA SAUDE;EMBOACA
PACAJUS;49;35;CENTRO;EMATERCE;RUA CORONEL CICERO NOGUEIRA DE QUEIROZ 335
FORTALEZA;116;157;BOM JARDIM;EM SEBASTIAO DE ABREU;RUA GERALDO BARBOSA 1065
FORTALEZA;117;445;CONJUNTO ESPERANÇA;EEFM PROFESSORA MARIA MARGARIDA DE CASTRO ALMEIDA;AV. CONTORNO SUL, 960
BREJO SANTO;70;61;PASSAGEM DE PEDRAS-SEDE;PONTO DE APOIO DA SAUDE NO SÍTIO PASSAGEM DE PEDRAS;SÍTIO PASSAGEM DE PEDRAS
BOA VIAGEM;63;99;SANTO ANTONIO DOS SANDRES-IBUACU;EEF JOSE FERREIRA BIE;SANTO ANTONIO DOS SANDRES-IBUACU
FORTALEZA;115;270;MARAPONGA;COLEGIO PROVECTO;RUA SUIÇA, 76
QUIXADÁ;6;11;ÁREA RURAL DE QUIXADÁ;EEF AMBRÓSIO PESSOA;SERROTE BRANCO I - PERIFERIA, S/N
AQUIRAZ;66;343;CENTRO;EMEF ERNESTO GURGEL VALENTE;RUA FRANCISCO CAMARA, SN
TAUÁ;19;273;CARRAPATEIRAS;ESCOLA RAIMUNDO ALVES DE MELO;ALTAMIRA
MARACANAÚ;122;199;ALTO DA MANGUEIRA;E.M.E.F. ESTUDANTE ANA BEATRIZ TAVARES;RUA JOACIR FREITAS DUTRA, S/N
GUARACIABA DO NORTE;74;25;SEDE;ESCOLA DE ENSINO MEDIO MARIA MARINA SOARES;RUA 12 DE NOVEMBRO - CENTRO
FORTALEZA;94;462;QUINTINO CUNHA;CEI SÃO CARLOS;RUA DOS PESCADORES,188
MARACANAÚ;122;244;JARI;EMEF JOSÉ ASSIS DE OLIVEIRA(JARY);RUA PAULO AFONSO 4259
URUOCA;25;126;CAMPANARIO;E.E.F. RAIMUNDO FERNANDES MOREIRA CHAVES;AV ALBERTO BATISTA FONTENELE
URUOCA;25;242;CAMPANARIO;E.E.F. NE CONRADO;AV. ALBERTO BATISTA FONTENELE, 21
FORTALEZA;94;34;ANTÔNIO BEZERRA;EM PADRE JOSEFINO CABRAL;AV SARGENTO HERMINIO SAMPAIO 5598
ALTO SANTO;86;8;ARMADOR;ESCOLA DE 1 GRAU JOAO QUINCO;SITIO ARMADOR
AMONTADA;89;177;GARÇAS;EEB JOÃO SERGIO GOMES;VARZEA GRANDE
AMONTADA;89;133;ICARAÍ;EEBTI MARIA ALVES SOBRINHA;PRAÇA DA MATRIZ
COREAÚ;64;74;Araquém;ARAQUÉM - ESCOLA ESTADUAL Mª MENEZES CRISTINO;CE 240, KM 77 - DISTRITO DE ARAQUÉM, COREAÚ/CE
RERIUTABA;79;94;CABACEIRAS;E.E.I.F. HERMÍNIO ALVES;CABACEIRAS - ZONA RURAL
UBAJARA;73;192;sítio paus altos;ESCOLA ANTONIO FERREIRA GOMES;SÍTIO PAUS ALTOS
MULUNGU;5;158;CENTRO-SEDE;EMEF HERMENEGILDO ROCHA PONTES;RUA SANTA INES S/N
JAGUARIBE;10;91;DISTRITO DE NOVA FLORESTA;EEIF ULISSES PARANHOS MAIA;RUA FRANCISCO GOMES DE CASTRO, 399
SOBRAL;121;260;COHAB II;EEFI PAULO ARAGAO;RUA CAETANO FIGUEIREDO 100 COHAB II
CANINDÉ;33;82;ZONA RURAL;EMEF PADRE MANOEL CORDEIRO DA CRUZ;DISTRITO DE IGUACU
AQUIRAZ;66;303;CENTRO;ESCOLA DE ENSINO MEDIO LIA SIDOU;RUA VIRGILIO COELHO N  693
FORTALEZA;94;12;QUINTINO CUNHA;EEMTI MARIA JOSÉ SANTOS FERREIRA GOMES (CERE);RUA DONA LUCIA PINHEIRO, 93
PIRES FERREIRA;21;3;DISTRITO;E.E.F. CENTRO EDUCACIONAL RURAL;DELMIRO GOUVEIA
PINDORETAMA;7;257;CENTRO-PINDORETAMA;EEM JULIA ALENQUER FONTENELE;AV. FIRMINO CRISOSTOMO, 1944
MARANGUAPE;4;623;NOVO MARANGUAPE I (ÁREA VERDE) - MARANGUAPE;EMEF DIREITOS HUMANOS;RUA MONSENHOR ASSIS PORTELA, S/N
QUIXERAMOBIM;11;145;MANITUBA;ESCOLA MANOEL FAUSTINO DE ALMEIDA;FORQUILHA
CRUZ;30;419;ZONA RURAL;ESCOLA SÃO PAULO;CAVALO BRAVO
BOA VIAGEM;63;58;OLHO DAGUA DOS FACUNDOS-GUIA;EEF VALKMAR BRASIL DOS SANTOS;OLHO D'AGUA DOS FACUNDOS
BOA VIAGEM;63;122;JAPAO;EEF GONCALO BEZERRA DO VALE;JAPAO S/N
AMONTADA;89;113;LAGOA GRANDE;EEBTI FRANCISCO BRAS DOS SANTOS;LAGOA GRANDE
ORÓS;15;307;SANTAREM - DISTRITO;E.E.F. MANOEL MOREIRA PEQUENO;RUA NOSSA SRA. DA CONCEIÇÃO, 118
FORTALEZA;116;508;GRANJA LISBOA;EM ULISSES GUIMARAES;RUA TENENTE FRANCISCO PAIVA 1350
QUITERIANÓPOLIS;99;117;ZONA RURAL;EEIF FRANCISCO RODRIGUES DE MACÊDO;MONTEIRO
ACARAPE;52;30;CENTRO;CENTRO DE REFERÊNCIA DE ASSISTÊNCIA SOCIAL (CRAS);RUA CHICO VIEIRA, SN
PACAJUS;49;273;ALDEIA PARQUE;EEF ALICE FERNANDES LOPES;RUA JOSÉ DOS SANTOS GIRÃO OLIVEIRA SN
FORTALEZA;80;286;VILA UNIÃO;EEF GAL.  MANUEL CORDEIRO NETO;RUA JORGE ACURCIO, 900
FORTALEZA;93;208;PLANALTO AYRTON SENNA;LICEU ESTADUAL DOMINGOS BRASILEIRO;RUA PLANALTINA, S/N
ARACATI;8;301;CAJUEIRO;E.E.F. JOSE BERNARDO DE SOUZA;CAJUEIRO
GUARACIABA DO NORTE;74;174;DISTRITO;E.E.I.F DE BURITI APUA;SITIO ESTIVA
IPUEIRAS;40;2;NOVA FÁTIMA;EEF ANTÔNIO EUFRASINO DE PINHO - NOVA FÁTIMA;NOVA FATIMA
PENTECOSTE;50;189;GOMES DA SILVA;EEFM ETELVINA GOMES BEZERRA;RUA DEPUTADO JOSÉ GOMES DA SILVA, 322
ARACATI;8;50;CENTRO;E.E.F. SÃO MARCELINO CHAMPAGNAT;AV. CEL. ALEXANZITO, 1272
MARACANAÚ;104;179;PAJUÇARA;EMEF LUIZ GONZAGA DOS SANTOS;RUA PEDRO BATISTA, 110
FORTALEZA;118;123;PASSARÉ;COLÉGIO LIRA COUTINHO;RUA BELOS PORTOS, 453
BANABUIÚ;6;448;SITIÁ;EEF VANDERLEI DA SILVA AGUIAR;BARRA DO SITIÁ
PACAJUS;49;109;CENTRO;SECRETARIA DE SAÚDE;RUA TENENTE JOAQUIM NOGUEIRA LOPES, 138
ORÓS;15;311;SAO JOSE - SEDE;E.E.F. ROBERTO ROLIM;TRAVESSA MARIA PINHEIRO DA COSTA S/N
BREJO SANTO;70;3;CENTRO-SEDE;EEEP BALBINA VIANA ARRAIS;LOTEAMENTO SOL NASCENTE
PALHANO;9;143;SAO JOSE;ESCOLA DE ENSINO FUNDAMENTAL RAIMUNDO NOGUEIRA BARROS;SÃO JOSÉ
CAMOCIM;32;56;BRASILIA;EEF CORONEL LIBORIO GOMES DA SILVA;RUA HUMAITA, 780
SOLONÓPOLE;55;162;CENTRO;ESCOLA MARIA NEZITE NOGUEIRA;SITIO MARETAS, S/N - ZONA RURAL - SOLONÓPOLE
CEDRO;13;552;VALE DO MACHADO;ESCOLA DE ENS FUND E MEDIO ANTONIO PINHEIRO TORRES;ST CAIANA
MARACANAÚ;122;117;HORTO;EMEIEF CESAR CALS DE OLIVEIRA NETO;RUA PROF JOSÉ HENRIQUE DA SILVA, S/N
CAMOCIM;32;274;BOA ESPERANCA;COLEGIO MONSENHOR JOSE AUGUSTO;RUA 3 DE OUTUBRO S/N
PARACURU;109;215;PARACURU BEACH;E. E. E. P. PROFESSORA ABIGAIL SAMPAIO - ESCOLA TÉCNICA;AV. JOÃO LOPES MEIRELES
CRUZ;30;259;ZONA RURAL;ESCOLA FRANCISCO BENEDITO DE FARIAS;POÇO DOCE - CE 085
BARBALHA;31;37;CENTRO;ETI DR. LYRIO CALLOU;RUA EDMUNDO DE SA SAMPAIO, 180
BARBALHA;31;116;SÍTIO CABECEIRAS;EEF ANA RAMALHO DA SILVA (SÍTIO CABECEIRAS);RODOVIA CE-293, KM 06 (7.32182 S, 39.35070 W)
QUIXERÉ;29;247;LAGOINHA;EEB MENINO JESUS DE PRAGA;RUA ZACARIAS FERREIRA DE SOUSA SN
CAUCAIA;37;615;PARQUE SOLEDADE;COLEGIO JANUSA CORREA;RUA NOSSA SENHORA DOS PRAZERES, 238
ARACATI;8;36;CENTRO;E.E.F. DARCI RIBEIRO;RUA TEÓFILO PINTO, S/N.
MOMBAÇA;46;77;CENTRO;CENTRO PASTORAL DOM JOSÉ DOTH;RUA CAPITÃO ROCHA ANDRADE, S/N
CAMOCIM;32;53;SAO FRANCISCO;LICEU DE CAMOCIM DEP MURILO ROCHA AGUIAR;RUA ANTONIO ZEFERINO VERAS
FORTALEZA;1;552;VARJOTA;FACULDADE FARIAS BRITO - CASTRO MONTE;RUA CASTRO MONTE 1364
ITAREMA;98;170;ZONA RURAL;LICEU DE ALMOFALA - EEM JOSE MARIA MONTEIRO;RUA AGRIPINO TOMAS DE SOUSA S/N - ALMOFALA
IGUATU;13;92;GADELHA;ESCOLA DE ENS FUND JOÃO ROCHA FIALHO;VILA GADELHA
MORAÚJO;64;111;TIMBAÚBA;TIMBAÚBA - CRECHE MÃE CHIQUINHA DE ABREU;LOCALIDADE TIMBAÚBA, MORAÚJO/CE
FORTALEZA;95;372;JANGURUSSU;CEI PEDRO FERREIRA MESQUITA;RUA PROJETADA 4, S/N, (CONJ. RES. LUIZ GONZAGA)
MARACANAÚ;122;249;ALTO DA MANGUEIRA;E.M.E.F. ESTUDANTE ANA BEATRIZ TAVARES;RUA JOACIR FREITAS DUTRA, S/N
CAUCAIA;123;511;NOVA METRÓPOLE (JUREMA);E.E.F. EDGARD VIEIRA GUERRA;AV. CONTORNO SUL, 255
IPUEIRAS;40;185;PAI MANÉ;SEDE DA ASSOCIAÇÃO DOS PEQUENOS PRODUTORES RURAIS - PAI MANÉ;PAI MANÉ
FORTALEZA;115;463;MANOEL SÁTIRO;EM HENRIQUETA GALENO;RUA MAJOR MONTENEGRO 917
PACAJUS;49;34;CENTRO;EMATERCE;RUA CORONEL CICERO NOGUEIRA DE QUEIROZ 335
FORTALEZA;95;281;PARQUE SANTA MARIA;EMEIF JOSÉ MOREIRA LEITÃO;RUA HONORINO MAIA, 467
PACAJUS;49;364;CENTRO;INSTITUTO EDUCACIONAL ESSÊNCIA;RUA MAMEDE NOGUEIRA, 814
BOA VIAGEM;63;79;TAPERINHA;EEF VEREADOR JOSE VIEIRA DE LIMA;TAPERINHA
FORTALEZA;94;877;PADRE ANDRADE;CEI PROFESSOR CLODOALDO PINTO;RUA BANVARTH BEZERRA 100
QUIXERAMOBIM;11;21;CENTRO;CAMPUS UNIVERSITARIO DR ANDRADE FURTADO;AV DR JOAQUIM FERNANDES 382 - CENTRO
CARNAUBAL;22;3;CRUZEIRO;EEF ANTONIO RAIMUNDO DE MELO;AV PAULO SARASATE 539
PENAFORTE;70;344;SANTO ANDRE-SEDE;CENTRO DE EDUCACAO RURAL;SANTO ANDRE
BREJO SANTO;70;8;CENTRO-SEDE;PROJETO ABC;RUA MANOEL LEITE DE MOURA 1015
FORTALEZA;116;379;GRANJA PORTUGAL;CRECHE PEQUENO MUNDO DE FLORA;RUA ANTONIO NERI, 1350
FORTALEZA;112;440;EDSON QUEIROZ;COLEGIO ARI DE SA CAVALCANTE WS;AV WASHINGTON SOARES, 3737
MORADA NOVA;47;82;BOA AGUA;EEB MARIA RABELO MARTINS;RUA JULIO MARTINS DA COSTA, 24 - BOA ÁGUA
FORTALEZA;94;763;ANTÔNIO BEZERRA;EMEIEF DEPUTADO GERÔNCIO BEZERRA;TRAVESSA MANUEL NUNES, 42
ARACATI;8;64;PEDREGAL;E.E.F. PROF ANTONIO MONTEIRO;NUCLEO HABITACIONAL
MOMBAÇA;46;110;CENTRO;E. E. F. M. ANANIAS DO AMARAL VIEIRA;RUA CORONEL JOSÉ ADERALDO SN
CARIÚS;43;210;SITIO TINGUIJADO;ASSOCIACAO COMUNITARIA DE TINGUIJADO;SITIO TINGUIJADO
PACAJUS;49;223;MANGABEIRA;EEF JOAQUIM AMÂNCIO BEZERRA;AV. DUCA PEDRO, S/N
BARROQUINHA;108;50;CENTRO;EEF CARMELITA VERAS DE PAULA;RUA AMBROZINA FÉLIX, 443
MORADA NOVA;47;42;CENTRO;CEBCJEC -CENTRO DE EDUCAÇÃO BÁSICA CORONEL JOSÉ EPIFÂNIO DAS CHAGAS;AV MANOEL CASTRO, 600
FORTALEZA;82;612;CRISTO REDENTOR;ESCOLA MUNICIPAL SEBASTIANA ALDIGUERI;AV. DOUTOR THEBERGE, 448
BARRO;92;38;SEDE;EEFM WILSON DIAS CABRAL;SITIO RIACHAO
ICÓ;15;71;LIMA CAMPOS - DISTRITO;EMTIH - MONSENHOR JOSE CAMURCA;RUA SAO SEBASTIAO, 239
VIÇOSA DO CEARÁ;35;150;ZONA RURAL;UNIDADE ESCOLAR DE ENSINO I. F. DO GAVIÃO;SÍTIO GAVIÃO
FORTALEZA;85;187;CONJUNTO CEARÁ I;EMTI JOSE LEOPOLDINO DA SILVA FILHO;RUA 420, S/N, 2A ETAPA
EUSÉBIO;88;212;TAMATANDUBA;CEI TEREZINHA CAMPINA BRAUNA;RUA EZEQUIEL CAMPINA, S/N
CAMOCIM;32;156;ZONA RURAL;EEF PEDRO RODRIGUES ALEXANDRINO - TUCUNS;LOCALIDADE DE TUCUNS
FORTALEZA;80;122;ALTO DA BALANÇA;EEFM ESTADO DO PARÁ;RUA DJALMA PETIT 589
SÃO BENEDITO;22;99;CENTRO-SEDE;CENTRO EDUCACIONAL DA VIRGEM PODEROSA - CEVP;RUA JOSE ARMANDO RODRIGUES 306
UMIRIM;23;233;CENTRO-SEDE;CRECHE DONA MARIA DE ARAUJO CARNEIRO;RUA NOSSA SENHORA DA NATIVIDADE SN
PALMÁCIA;4;182;JAPÃO;UBS JAPÃO;JAPÃO
FORTALEZA;2;168;MESSEJANA;PATRONATO PADRE LUIZ BARBOSA MOREIRA;RUA CEL GUILHERME ALENCAR, 121
PIQUET CARNEIRO;12;123;CATOLE DA PISTA;POSTO DE SAUDE NOSSA SENHORA AUXILIADORA;CATOLE DA PISTA
QUIXERÉ;29;228;AGUA FRIA;EEB ANTONIO MOREIRA DE FREITAS;AGUA FRIA
MOMBAÇA;46;126;BOA VISTA;ESCOLA DE ENSINO FUNDAMENTAL JARDILINA VIEIRA DE SOUSA;SITIO SANTA RITA II
UMARI;15;216;CACHACO - SITIO;ESCOLA DE ENSINO FUNDAMENTAL ANTONIO FERREIRA VIANA;SITIO CACHACO S/N
TIANGUÁ;81;195;ÁREA RURAL DE TIANGUÁ;E.E.F. SÃO JOSÉ;SÍTIO SÃO JOSÉ
ANTONINA DO NORTE;18;148;CASTELO BRANCO;ESCOLA MUNICIPAL FRANCISCO MENDES E SILVA;AV CENTRAL SN
FORTALEZA;115;198;PARANGABA;EEMTI MARIA THOMÁSIA;RUA POLONIA, 369
TARRAFAS;18;51;CENTRO;PREFEITURA MUNICIPAL DE TARRAFAS;AV MARIA LUIZA LEITE SANTOS
ALTO SANTO;86;44;ANDRE DIAS;ESCOLA DE 1 GRAU RAIMUNDO SEVERIANO CARNEIRO;SITIO ANDRE DIAS
OCARA;67;203;CURUPIRA-DISTRITO;ESCOLA MUNICIPAL JOAO EGIDIO DA COSTA - ENSINO FUNDAMENTAL;LAGOA DO VELHO
CARIDADE;111;67;CENTRO;EEFM CASEMIRO BEZERRA DE ARAUJO;RUA CEL FRANCISCO LINHARES 496
AQUIRAZ;66;107;CAPONGA DA BERNARDA;EMEFJUSCELINO KUBITSCHEK;AV ANTONIO LOURENÇO DA SILVA S/N
VARJOTA;65;144;EMPRÉSTIMOS;E.E.F. EMILIANO RIBEIRO DA CUNHA;RUA FRANCISCO RIBEIRO DE LIMA, 184
MARCO;96;104;CENTRO-SEDE;EEMTI RICARDO DE SOUSA NEVES;RUA RIOS 815
IGUATU;13;273;COHABS;ESCOLA DE ENS MEDIO EDSON LUIZ CAVALCANTE DE GOUVEA;AVENIDA JUSCELINO KUBITSCHECK SN
MORADA NOVA;47;121;ROLDAO;EEB JOAQUIM CHAGAS FILHO;TRAV. LUIS VIEIRA, S/N
MORADA NOVA;47;224;SAO JOSE;EEB PROFESSORA HILDA PONCIANO DE OLIVEIRA LIMA(ESCOLA MODELO);RUA RAIMUNDO CARNEIRO GIRÃO, 872
FORTALEZA;114;313;BARRA DO CEARÁ;EMTI ALDEMIR MARTINS;AV. FRANCISCO SÁ, 7460
HIDROLÂNDIA;54;119;POVOADO ILHA DO ESAÚ;E.M.E.F. ANTÔNIO ALVES FREITAS;POVOADO ILHA DO ISAÚ
SOBRAL;24;125;SUMARÉ;EEM PROFESSORA CARMOSINA FERREIRA GOMES;RUA DAS FLORES, S/N
FORTALEZA;2;131;MESSEJANA;EEM DEPUTADO PAULO BENEVIDES;RUA ANGELICA GURGEL, 186
SOBRAL;24;336;SUMARÉ;EEFI JOSE PARENTE PRADO;RUA SANTA MARTA,100
QUIXELÔ;13;142;CENTRO;ESCOLA DE ENS FUND E MÉDIO PROFESSOR LUIS DE GONZAGA FONSECA MOTA;RUA VITORINO JOSE DE OLIVEIRA SN
JAGUARIBE;10;56;COHAB;EEEP POETA SINÓ PINHEIRO (LICEU);AV D, S/N
CHAVAL;108;38;CRUZEIRO;POSTO DE SAÚDE - PSF VI - CRUZEIRO;RUA ANATÓLIO THIERS CARNEIRO, S/N
CEDRO;13;498;SANTO ANTÔNIO;ESCOLA DE ENS FUND ANTONIO LAURENIO DE OLIVEIRA;DT SANTO ANTONIO
VIÇOSA DO CEARÁ;35;173;SITIO INHARIM;E.E.F JOSIAS VIEIRA DA SILVA;SITIO INHARIM
BOA VIAGEM;63;23;CENTRO-SEDE;SECRETÁRIA DO TRABALHO E ASSISTENCIA SOCIAL- ANTIGO CENTRO COMUNITÁRIO;RUA ANTONIO QUEIROZ  250
FORTALEZA;116;468;GRANJA LISBOA;EM PROF LIREDA FACO;RUA TRES CORACOES 735
PARACURU;109;203;QUATRO BOCAS;E. M. E. I. F. ISAC DA ROCHA;QUATRO BOCAS
PINDORETAMA;7;120;COQUEIRO DO ALAGAMAR;EMEB MARIA NAIR DE VASCONCELOS;COQUEIRO DO ALAGAMAR - PINDORETAMA
GROAÍRAS;65;111;CENTRO;EEF PROFESSORA NOELIA XIMENES PARENTE;RUA MAJOR ARAUJO 960
FORTALEZA;94;531;JARDIM GUANABARA;CMES PROF JOSE REBOUCAS MACAMBIRA;RUA CARIÚS 200
FORTALEZA;112;482;SAPIRANGA-COITÉ;EM PROFª ALDACI BARBOSA;RUA OLEGARIO MEMORIA, 1257
FORTALEZA;112;540;CIDADE DOS FUNCIONÁRIOS;COLEGIO MASTER SUL;RUA BENJAMIM MOURA, 631
TRAIRI;97;135;CARNAUBA TORTA;EEF JOAQUIM CORDEIRO;CARNAUBA TORTA
FORTALEZA;118;658;MONDUBIM;EM PROFESSOR JACINTO BOTELHO;RUA DR. RODRIGO CODES SANDOVAL, 374
GUARAMIRANGA;5;228;PERNAMBUQUINHO-DISTRITO;ESCOLA RODRIGO DE ARGOLO CARACAS (PERNAMBUQUINHO);RODOVIA DE PERNAMBUQUINHO
ITAPIPOCA;17;712;CRUXATI;EEB LUZIA ROLA TEIXEIRA;MACACO I
FORTALEZA;114;237;BARRA DO CEARÁ;CENTRO DE EDUCAÇÃO COMPLEMENTAR (CEDCE) - ANTIGO SESI;AVENIDA FRANCISCO SÁ 6623
FORTALEZA;114;41;BARRA DO CEARÁ;EM CASIMIRO JOSÉ LIMA FILHO;AVENIDA FRANCISCO SÁ 6449
FORTALEZA;114;144;JARDIM IRACEMA;EM JESUS CRISTO;RUA ALBERTO FERREIRA, 564
FORTALEZA;114;232;BARRA DO CEARÁ;EM JADER DE FIGUEIREDO CORREIA;RUA TOCANDIRA 61
ARACATI;8;292;CORREGO DOS RODRIGUES;E.E.F. ANTONIO PONCIANO DA COSTA;CORREGO DOS RODRIGUES
FORTALEZA;2;744;LAGOA REDONDA;POSTO DE SAÚDE TEREZINHA PARENTE;RUA NELSON COELHO, 215
NOVA RUSSAS;48;199;ALTO DA BOA VISTA;POLO DE ATENDIMENTO RODOLFO FILHO;RUA FRANCISCO LOPES, S/N
MARACANAÚ;104;149;CENTRO;EEM TENENTE MÁRIO LIMA;RUA FRANCISCO FIRMINO, 293
PALMÁCIA;4;174;ARATICUM;UBS ARATICUM;ARATICUM
ARACOIABA;67;167;AGROVILA;ESCOLA LUIZ PINTO DE ARAÚJO (AGROVILA);LAGOA DE SÃO JOÃO - AGROVILA
SOBRAL;24;659;NOVO RECANTO;CENTRO EDUCACIONAL INFANTIL TEREZA RODRIGUES DOS SANTOS;RUA B, N. 68
COREAÚ;64;119;Canto;CANTO - ESCOLA MUN. SÃO JOAQUIM;DISTRITO DO CANTO
CAUCAIA;120;396;PLANALTO CAUCAIA;E.E.I.E.F. ANTONIO BRAGA DA ROCHA;RUA 112, SN - CIGANA
FORTALEZA;117;180;BOM JARDIM;COLÉGIO LUMEN;RUA SÃO FRANCISCO DO JARDIM, 396
FORTALEZA;118;605;MONDUBIM;EM CASIMIRO MONTENEGRO;AV. BERNARDO MANUEL, 11360
CARIRIAÇU;71;143;CACHOEIRINHA;EEF RAIMUNDO GOMES;SÍTIO CACHOEIRINHA
FORTALEZA;114;23;BARRA DO CEARÁ;SENAI - CENTRO DE FORMAÇÃO PROFISSIONAL;AVENIDA FRANCISCO SÁ 7221
CASCAVEL;7;153;RIO NOVO;E.E.E. PROFISSIONAL EDSON QUEIROZ - LICEU;RUA LUCIANO RODRIGUES S/N
ARACATI;8;205;LAGOA DAS CARAUBAS;POSTO DE SAÚDE DA LAGOA DAS CARAUBAS;LAGOA DAS CARAUBAS
CAUCAIA;120;146;TUCUNDUBA;E.E.I.E.F. JOSÉ NUNES DE MIRANDA;BR 020 - TUCUNDUBA, S/N
FORTALEZA;113;122;CENTRO;EEFM FREI LAURO SCHWARTE;RUA ANTÔNIO POMPEU, 2005
LAVRAS DA MANGABEIRA;14;41;QUITAIUS - DISTRITO;ESCOLA DE 1 E 2 GRAU JOAQUIM LEITE TEIXEIRA;RUA JOAQUIM LEITE TEIXEIRA 240
CAUCAIA;120;299;MINGUAU;E.E.I.E.F. MARIANA DE MIRANDA FIRMEZA;RUA PRINCIPAL, S/N - JARANDRAGOEIRA
CAMPOS SALES;38;29;B. CENTRO;E.E.E.M.T.I.- PRESIDENTE MÉDICI - (GRUPÃO);AV. FRANCISCO ADEMAR DE ANDRADE,1210
ITAPIPOCA;17;43;CENTRO;PATRONATO NOSSA SENHORA DAS MERCES;AV. DUQUE DE CAXIAS 1181
FORTALEZA;3;404;ALDEOTA;COLÉGIO CHRISTUS (AV. BARÃO DE STUDART);RUA JOÃO CARVALHO, 630
FORTALEZA;115;355;PARANGABA;EEEP JOAQUIM MOREIRA DE SOUSA;RUA CAIO PRADO 02
PACUJÁ;79;254;MILHÃS;E.E.F. VICENTE ALVES DE SOUSA FILHO;SÍTIO MILHÃS
CRATEÚS;20;82;IBIAPABA;ESCOLA DE CIDADANIA DE IBIAPABA;IBIAPABA
IGUATU;13;15;JOSÉ DE ALENCAR;PSF DO GADO BRAVO;SITIO GADO BRAVO
FORTALEZA;1;844;VICENTE PINZON;ESCOLA PROFISSIONAL MARIA ANGELA DA SILVEIRA BORGES;RUA PINTOR ANTONIO BANDEIRA, S/N
SOBRAL;24;654;ALTO DA BRASÍLIA;EEFI RAUL MONTE;RUA MACEIO, S/N
AQUIRAZ;66;337;CENTRO;EMEF ERNESTO GURGEL VALENTE;RUA FRANCISCO CAMARA, SN
JAGUARIBE;10;44;DISTRITO DE NOVA FLORESTA;EEIF ULISSES PARANHOS MAIA;RUA FRANCISCO GOMES DE CASTRO, 399
ARNEIROZ;101;78;CONDADU;ESCOLA JOÃO RODRIGUES PINHEIRO;CONDADU
MONSENHOR TABOSA;61;147;CENTRO;E.M.E.F.T.I LUIZ LEITAO;AVENIDA PESSOA PIRES  2
SENADOR POMPEU;12;114;CENTRO;EEF GERALDO GONÇALVES DO NASCIMENTO JUNIOR;RUA PADRE LINO ADERALDO S/N
ITAPIPOCA;17;590;BARRENTO;EEB JOAO MESQUITA TEIXEIRA;BARRENTO
FORTALEZA;2;133;MESSEJANA;EEM DEPUTADO PAULO BENEVIDES;RUA ANGELICA GURGEL, 186
CAUCAIA;123;311;PARQUE POTIRA (JUREMA);E.E.I.E.F. ANTÔNIO ALBUQUERQUE SOUSA FILHO;RUA HERIBALDO RODRIGUES (ANTIGA RUA POTIGUARA), 488
CAUCAIA;123;377;NOVA METRÓPOLE (JUREMA);E.E.F. EDGARD VIEIRA GUERRA;AV. CONTORNO SUL, 255
EUSÉBIO;88;166;PARQUE HAWAÍ;EEF MIRIAN ABREU;RUA C, S/N - PARQUE HAVAI
FORTALEZA;115;328;JARDIM CEARENSE;EM JOÃO ESTANISLAU FAÇANHA;RUA ONZE, S/N - CONJUNTO CAMPO DOS INGLESES
ITAPAJÉ;41;236;PITOMBEIRA;ESCOLA MUNICIPAL ZECA PARAIBA;VILA PITOMBEIRA
UBAJARA;73;103;CENTRO;ESCOLA GRIJALVA COSTA;RUA JOSE RUFINO PEREIRA, 180
SOBRAL;24;539;RAFAEL ARRUDA;EEM AGOSTINHO NERES PORTELA;RUA MARIA ARAÚJO DAMASCENO, S/N
PORTEIRAS;70;399;CANCELA-SEDE;E E I F IMACULADA CONCEIÇÃO;VILA CANCELA
FORTALEZA;3;150;CENTRO;COLÉGIO MILITAR DO CORPO DE BOMBEIROS;RUA CONSELHEIRO ESTELITA, 500 (SEDE PROVISÓRIA)
CEDRO;13;440;CENTRO;COLEGIO ESTADUAL CELSO ARAUJO;RUA ZE PAJE, 241
ITAPIPOCA;17;458;CENTRO;CENTRO EDUCACIONAL PIO XII;RUA JOAO CORDEIRO 625
BARRO;92;25;IARA-DISTRITO;ESCOLA DE ENSINO BASICO DEP. ANTONIO LEITE TAVARES;BR 116 - KM 447
CRATO;27;288;VILA ALTA;APAE - INSTITUTO DE REEDUCAÇÃO EVILENE ROLIM LOUCETTI;TRAVESSA MILAGRES S/N
PACATUBA;57;7;ALTO SAO JOAO;PROJETO ABC-PACATUBA;RUA FRANCISCO LOPES SOBRINHO, 1619
CAMOCIM;32;256;SAO PEDRO;ESCOLA EMILIA PESSOA VERAS;RUA HUMAITA S/N
BARBALHA;31;179;SANTANA II;EEMTI ALMIRO DA CRUZ (SITIO SANTANA II);AV. PROJETADA IV, S/N - SITIO SANTANA II (7.32601 S, 39.24044 W)
BELA CRUZ;96;34;DISTRITO DA PRATA;EMEF MINERVINO JOSE DE VASCONCELOS;DISTRITO DA PRATA
SOLONÓPOLE;55;148;SAO JOSE;ESCOLA DE 1 GRAU MUNDOCA MOREIRA;RUA MIGUEL FIRMIANO
QUIXADÁ;6;382;COMBATE;SEMINÁRIO MAIOR DIOCESANO NOSSA SENHORA IMACULADA RAINHA DO SERTÃO;RUA BASÍLIO PINTO,1179
ORÓS;15;301;PEREIRO DOS BARBOSAS - SITIO;E.E.F. PEDRO BARBOSA DO NASCIMENTO;SITIO PEREIRO DOS BARBOSA, S/N
CHOROZINHO;49;124;LAGOA DOS MARTINS;EEF MANUEL LUIZ DE SOUSA;LAGOA DOS MARTINS
ALTANEIRA;53;4;CENTRO;EMEF JOAQUIM RUFINO DE OLIVEIRA;RUA PADRE AGAMENON COELHO, 202
CAUCAIA;123;287;NOVA METRÓPOLE (JUREMA);E.E.F.M. ELIEZER DE FREITAS GUIMARÃES;RUA 145, S/N - NOVA METRÓPOLE
FORTALEZA;114;148;JARDIM IRACEMA;EEMTI PROFESSORA BALBINA JUCA ALBUQUERQUE;AVENIDA MAJOR ASSIS 346
CAUCAIA;123;354;MARECHAL RONDON (JUREMA);E.E.I.E.F. ECONOMISTA RUBENS VAZ DA COSTA;AVENIDA NOVO HORIZONTE, S/N
CRATO;27;238;PIMENTA;EEFM TEODORICO TELES DE QUENTAL;RUA DOUTOR IRINEU PINHEIRO, 305
EUSÉBIO;88;252;PEDRAS;EEF MOACIR FERREIRA DA SILVA;RUA FRANCISCO MARTINS, 339 - PEDRAS
SÃO GONÇALO DO AMARANTE;36;42;CENTRO;ANEXO - ESCOLA DE ENSINO FUNDAMENTAL TASSO JEREISSATI;RUA PROFESSORA EDITE MOTA, 319
FORTALEZA;2;699;MESSEJANA;EEMTI PROFª FERNANDA MARIA GOMES DE AMORIM;AVENIDA FREI CIRILO 4454
SÃO GONÇALO DO AMARANTE;36;90;CROATA-DISTRITO;ESCOLA DE ENSINO FUNDAMENTAL PORFIRIO DE ARAUJO;RUA VALDO UCHOA - CROATA
SOBRAL;24;645;ALTO DA BRASÍLIA;EEFI RAIMUNDO PIMENTEL GOMES - CAIC;RUA PRINCESA ISABEL, S/N
CAUCAIA;120;370;BOQUEIRAO DA ARARA;E.E.I.E.F. ROSA BRAZ COELHO;BR 222, KM 25
ORÓS;15;287;IGAROI - DISTRITO;E.E.F. OTILIO RUFINO DE LIMA;RUA NOSSA SRA DAS GRAÇAS, 200
SENADOR POMPEU;12;94;SAO JOAQUIM;EEIEF ANTONIO JACOB FILHO;SAO JOAQUIM DE BAIXO
URUBURETAMA;23;116;CENTRO;EEIF VANIA MARIA ARAUJO SAMPAIO PINTO;RUA CEL JOÃO ANTONIO SN
CEDRO;13;439;CENTRO;COLEGIO ESTADUAL CELSO ARAUJO;RUA ZE PAJE, 241
CAMPOS SALES;38;35;DIST. DE ITAGUÁ;E.E.F.T.I  ANÂNIAS CUSTÓDIO ARRAIS - DIST. DE ITTAGUÁ;RUA ANÂNIAS CUSTÓDIO ARRAIS S/N
FORTALEZA;114;210;FLORESTA;EM FRANCISCO SILVA CAVALCANTE;RUA CONSELHEIRO LAFAYETTE 205
CRATO;27;13;CENTRO;COLÉGIO DIOCESANO DO CRATO;RUA NÉLSON ALENCAR, 569
CEDRO;13;437;CENTRO;COLEGIO ESTADUAL CELSO ARAUJO;RUA ZE PAJE, 241
FORTALEZA;1;628;MUCURIPE;ESCOLA MUNICIPAL JOSE RAMOS TORRES DE MELO;AVENIDA DA ABOLIÇÃO 3984
FARIAS BRITO;62;194;SEDE;EEF MARIA CARMOSINA PINHEIRO RODRIGUES;TRAVESSA ENOCH RODRIGUES, 53
CROATÁ;74;45;SEDE;ESCOLA DE ENSINO MEDIO FLAVIO RODRIGUES;CENTRO
PACATUBA;57;313;VILA DAS FLORES;C.E.I. MARIA JOSE NOBRE;RUA 20, S/N
SOBRAL;24;249;RAFAEL ARRUDA;EEM AGOSTINHO NERES PORTELA;RUA MARIA ARAÚJO DAMASCENO, S/N
CHORÓ;6;85;MARAVILHA;POSTO DE SAÚDE ESTEVAM DE SOUZA;BARREIRA BRANCA (SAQUINHO)
FORTALEZA;114;71;PRESIDENTE KENNEDY;COLÉGIO INACIO COSTA;QUADRA L 303 CONJUNTO CASTELO BRANCO
SOBRAL;24;453;DOM JOSÉ;EEFI ANTENOR NASPOLINI;RUA PREFEITO JERONIMO PRADO, S/N
SOBRAL;24;618;JAIBARAS;EEFI - CARMOSINA F. GOMES (CEDRO - JAIBARAS);FAZENDA CEDRO
CASCAVEL;7;173;CAPONGA;ESC.ENS.FUND. FRANCISCA DO CARMO RIBEIRO - SITIO ZUMBI;SITIO ZUMBI
PARAIPABA;109;140;LAGOINHA;EMEF FRANCISCO HENRIQUE DE AZEVEDO;LAGOINHA
FORTALEZA;118;266;SERRINHA;COLÉGIO MARIA ESTER I;RUA ANTONIO TEIXEIRA LEITE, 248
CEDRO;13;513;PRADO;IFCE-INSTITUTO DE EDUCAÇÃO, CIÊNCIA E TECNOLOGIA DO CEARÁ;RUA ALAMEDA JOSÉ QUINTINO, S/N
FORTALEZA;3;383;ALDEOTA;UNICHRISTUS ALDEOTA;RUA VISCONDE DE MAUÁ, 1940
IPU;21;148;SEDE;FORUM MUNICIPAL (ESPECIAL);PRACA SAO SEBASTIAO 1020
FORTALEZA;114;203;PRESIDENTE KENNEDY;EMTI PROFESSOR JOAQUIM FRANCISCO DE SOUSA FILHO;RUA JOAQUIM MARQUES, 13
LAVRAS DA MANGABEIRA;14;46;OURO BRANCO- DISTRITO;GRUPO ESCOLAR ROMANA RICARTE;RUA MIGUEL BISPO 114
MOMBAÇA;46;119;VICENTE;ESCOLA DE ENSINO FUNDAMENTAL JOAQUIM ALVES DA CUNHA;VICENTE
CRUZ;30;435;ZONA RURAL;ESCOLA JOAO EVANGELISTA VASCONCELOS;CAJUEIRINHO I
PIQUET CARNEIRO;12;140;IBICUA;UNIDADE BÁSICA DE SAÚDE EUFRAZINA PINHEIRO COSTA (ANTIGA POLICLÍNICA);RUA MUNDALVA PINHEIRO, S/N
CAMOCIM;32;232;ZONA RURAL;E.E.F. FRANCISCO LOPES ARAÚJO - TIMBAÚBA;LOCALIDADE TIMBAÚBA
IPUEIRAS;40;97;MATRIZ DE SAO GONCALO;EEF FRANCISCO SOARES MOURÃO - MATRIZ DE SÃO GONÇALO;MATRIZ DE SÃO GONÇALO
BATURITÉ;5;261;MONDEGO-SEDE;EMEF NAÇÕES UNIDAS;RUA MAJOR PEDRO CATAO, SN
ORÓS;15;258;CENTRO;E.E.M. EPITÁCIO PESSOA;AV. JOSÉ GABRIEL BEZERRA, 274
IPAPORANGA;20;283;SACRAMENTO;ESCOLA DE ENSINO FUNDAMENTAL GONCALVES PEREIRA DA SILVA;GROTAS
ARATUBA;105;81;CENTRO-SEDE;EEF PROFESSORA MARIA JULIA PEREIRA BATISTA;RUA TARGINO GOES S/N
FORTALEZA;2;744;LAGOA REDONDA;POSTO DE SAÚDE TEREZINHA PARENTE;RUA NELSON COELHO, 215
JUAZEIRO DO NORTE;119;431;SAO JOSE;ESCOLA PROFISSIONALIZANTE RAIMUNDO SARAIVA COELHO;AVENIDA PAULO MAIA, S/N
FORTALEZA;117;495;PARQUE SANTA ROSA;ESCOLA MUNICIPAL MARIETA GUEDES MARTINS;RUA JOSE GUEDES MARTINS 4701
MOMBAÇA;46;13;CENTRO;UNIDADE BÁSICA DE SAÚDE FRANCISCO MARTINS SOBRINHO;AV. ANTONIO JAIME BENEVIDES FILHO, 706 - VILA IRACEMA
IPAPORANGA;20;282;MULUNGU;ESCOLA DE ENSINO FUNDAMENTAL ROSA ALVES DE ALMEIDA;CAJAS DOS QUADRO
TAUÁ;19;422;TRICI;EPG CRISTINA LIBERALINA DE LOIOLA;CALUMBI
MILHÃ;55;132;CARNAUBINHA;ESCOLA DE ENSINO BASICO RAIMUNDO BEZERRA FIGUEIREDO;RUA VALDINA DE LIMA
PEREIRO;10;134;CENTRO;ESCOLA PINGO DE GENTE (ESPECIAL);RUA SEVERO HOLANDA S/N
SOBRAL;121;73;CARACARÁ;ESCOLA ODETE BARROSO;PRACA DA MATRIZ S/N
ARACOIABA;67;117;IDEAL-DISTRITO;ESCOLA DE IDEAL - ENSINO FUNDAMENTAL E MEDIO;RUA DO COMERCIO SN
QUIXADÁ;6;467;ALTO SÃO FRANCISCO;ESCOLA ADVENTISTA ARLETE AFONSO;RUA EPITÁCIO PESSOA, 605
TIANGUÁ;81;71;RÉGIS DINIZ;E.E.I.F. MONSENHOR AGESILAU DE AGUIAR;AVENIDA ZEFERINO FERREIRA, S/N
BARRO;92;5;CENTRO-SEDE;ESCOLA DE 1 GRAU JUSTINO ALVES FEITOSA;RUA CRISANTINA MONTEIRO S/N
FORTALEZA;113;10;BENFICA;FEAAC - UFC;AV. DA UNIVERSIDADE, 2431
EUSÉBIO;88;266;CENTRO;ESCOLA EROTIDES MELO LIMA;RUA BLUMENAU, 158 - CENTRO
CAUCAIA;123;531;PARQUE GUADALAJARA (JUREMA);COLÉGIO PLENO DO CEARÁ - CPC;RUA PADRE ALFREDO NESI, 363 (ANTIGA RUA CAMPECHE )
JARDIM;119;340;CORRENTE;ESCOLA LUIZ LEITE BRINGEL;POVOADO DE CORRENTE  SN
BELA CRUZ;96;67;AROEIRA-LOCALIDADE;EMEIEF SAO RAIMUNDO;AROEIRA
TAMBORIL;61;47;DISTRITO DE OLIVEIRAS;EMEIF FRANCISCO LUCIO;RUA FRANCISCO LUCIO - VILA OLIVEIRAS
IPUEIRAS;40;28;MATRIZ DE SAO GONCALO;EEF FRANCISCO SOARES MOURÃO - MATRIZ DE SÃO GONÇALO;MATRIZ DE SÃO GONÇALO
JUAZEIRO DO NORTE;119;216;FREI DAMIAO;EEMTI DOM DOM ANTONIO CAMPELO DE ARAGÃO (CAIC);RUA VEREADOR RAIMUNDO JOSÉ RODRIGUES DA SILVA, S/N
CRATO;27;348;PONTA DA SERRA;EEIEF JOÃO PAULO II;VILA GUILHERME S/N
IPAPORANGA;20;236;TORRÕES;ESCOLA DE ENSINO FUNDAMENTAL ANTONIO DIAS FERREIRA;TORROES
ALTO SANTO;86;33;BAIXA DA UMBURANA;ESCOLA DE 1 GRAU MANUEL NOGUEIRA COSTA;SITIO BAIXA DA UMBURANA
RERIUTABA;79;250;ENGENHO;UBS MARIA DAS DORES MARTINS REGO MAGALHÃES;RUA DO ENGENHO
MORADA NOVA;47;103;UIRAPONGA;EEB FRANCISCO GALVÃO DE OLIVEIRA;RUA JOSE BENTO DA SILVA
CAUCAIA;120;418;COITE PEDREIRA;E.E.I.E.F. SANTA RITA CATARINA;SÍTIO CATARINA
CAUCAIA;120;447;SITIOS NOVOS;E.E.I.E.F. PEDRO MOREIRA DE OLIVEIRA;AGROVILA
LAVRAS DA MANGABEIRA;14;57;OURO BRANCO- DISTRITO;GRUPO ESCOLAR ROMANA RICARTE;RUA MIGUEL BISPO 114
BARRO;92;75;CUNCAS-DISTRITO;ESCOLA DE 1 GRAU ANTONIA BARBOSA OLIVEIRA;DISTRITO DE CUNCAS
FORTIM;8;327;MAMOEIRO;UNIDADE BÁSICA DE SAÚDE MAMOEIRO;MAMOEIRO
PARAIPABA;109;221;ALTO CIPÓ;P. A. DE UNIDADE BÁSICA DE SAÚDE DE CAMBOAS E ALTO DO CIPÓ;ALTO DO CIPÓ, SN
FORTALEZA;115;493;ITAPERI;EM PROJETO NASCENTE;RUA CAMPO MAIOR, S/N
IPUEIRAS;40;174;PALESTINA;EEF MANOEL JOÃO DA SILVA - PALESTINA;PALESTINA
SOLONÓPOLE;55;155;BOQUEIRAO;EEIEF SUELY NOGUEIRA PINHEIRO;BOQUEIRAO
CAMPOS SALES;38;98;B. CENTRO;E.E.E.M.T.I.- PRESIDENTE MÉDICI - (GRUPÃO);AV. FRANCISCO ADEMAR DE ANDRADE,1210
LIMOEIRO DO NORTE;29;287;ANTÔNIO HOLANDA;EEF PROF MARIA ELVANISA MOURA FREITAS SILVA;RUA RAIMUNDO NONATO DA SILVA S/N
LAVRAS DA MANGABEIRA;14;62;CENTRO - SEDE;EEMTI FILGUEIRAS LIMA;RUA HILDA AUGUSTO, 429, ROSÁRIO
TURURU;17;746;AREA RURAL DE TURURU;EMEF NOSSA SENHORA DA CONCEICAO;CACIMBAS
FORTALEZA;115;360;PARANGABA;EEEP JOAQUIM MOREIRA DE SOUSA;RUA CAIO PRADO 02
SOBRAL;24;635;RAFAEL ARRUDA;ANEXO MIGUEL FERNANDES DE SOUSA (OURO BRANCO);LOCALIDADE OURO BRANCO
CEDRO;13;436;CENTRO;COLEGIO ESTADUAL CELSO ARAUJO;RUA ZE PAJE, 241
SOBRAL;24;352;JAIBARAS;EEFI LEONILIA GOMES PARENTE;RUA SANTA TEREZINHA
MORRINHOS;44;195;CURRALINHO;EMEFI  MIGUEL AVELINO VASCONCELOS;CURRALINHO
MORAÚJO;64;61;VÁRZEA DA VOLTA;VÁRZEA DA VOLTA - ESCOLA M. ANTº BENÍCIO DE VASCONCELOS;DISTRITO VÁRZEA DA VOLTA
PENTECOSTE;50;64;ACAMPAMENTO;PÓLO DE ATENDIMENTO;RUA 13 DE MAIO, S/N
QUIXADÁ;6;382;COMBATE;SEMINÁRIO MAIOR DIOCESANO NOSSA SENHORA IMACULADA RAINHA DO SERTÃO;RUA BASÍLIO PINTO,1179
VÁRZEA ALEGRE;62;93;RIACHO VERDE-SEDE DO DISTRITO;EEF MARIA BITU COSTA;RUA DONA SANTINHA
ALCÂNTARAS;24;12;SAO JOSE;EEM FRANCISCO DE ALMEIDA MONTE;RUA FRANCISCO CUNHA S/N
REDENÇÃO;52;145;DISTRITO DE BARRA NOVA (ANTIGO SÃO GERARDO);ESCOLA JOAQUIM JOSÉ DA SILVA;GURGURI
CARIÚS;43;164;SITIO CANGA;EEIF ANTONIA PLACIDA DE JESUS;SITIO CANGA
TARRAFAS;18;62;ZONA RURAL;GRUPO ESCOLAR JOAO RICARTE DE CARVALHO;RUA PRINCIPAL SN  -  CACHOEIRA DOS RICARTES - ZONA RURAL
RUSSAS;9;66;CENTRO;ESCOLA MUNICIPAL TIA BENILCE DE EDUC INFANTIL E ENSINO FUNDAMENTAL;AVENIDA DOM LINO, 204
ORÓS;15;281;PEREIRO DOS PEDROS - SITIO;E.E.F. JOAQUIM PEDRO DA SILVA;SITIO PEREIRO DOS PEDROS, S/N
ARACATI;8;55;MORRINHOS;E.E.F. JOSE BEZERRA FILHO;MORRINHOS
BREJO SANTO;70;178;CENTRO-SEDE;EEEP BALBINA VIANA ARRAIS;LOTEAMENTO SOL NASCENTE
BARRO;92;36;MONTE ALEGRE-DISTRITO;ESCOLA DE 1 GRAU ALVINO JUSTINO DA SILVA;DISTRITO DE MONTE ALEGRE
ARATUBA;105;102;CENTRO-SEDE;SEDUC (POLO DE ATENDIMENTO);RODOVIA COACY PEREIRA
MOMBAÇA;46;50;MORADA NOVA;ESCOLA DE ENSINO FUNDAMENTAL MARIA AMBROSINA CAVALCANTE;MORADA NOVA
ITAPIÚNA;105;184;ZONA RURAL;ESCOLA DE 1 GRAU CORONEL ADAUTO BEZERRA;JOAO ROSA ZONA RURAL
TAMBORIL;61;86;DISTRITO DE OLIVEIRAS;EMEIF FRANCISCO LUCIO;RUA FRANCISCO LUCIO - VILA OLIVEIRAS
BELA CRUZ;96;183;BAIRRO AREIAS;CEMEJA JOSE LUDGERO DA SILVEIRA ;RUA SAO PAULO S/N
MORAÚJO;64;142;CENTRO;MORAÚJO - ESCOLA ESTADUAL HUET ARRUDA;TRAVESSA CECÍLIA FREIRE, S/N - CENTRO
QUIXERAMOBIM;11;237;MANITUBA;ESCOLA ALFREDO ALMEIDA MACHADO-VARZEA DE CIMA;VARZEA DE CIMA
CANINDÉ;33;504;ZONA RURAL;EMEF NOSSA SENHORA DAS GRAÇAS;LOCALIDADE DE BAIXA FRIA
MISSÃO VELHA;16;57;SEDE;CENTRO ADMINISTRATIVO PEDRO ROCHA;RUA CORONEL JOSE DANTAS, 1038. CENTRO.
FORTALEZA;3;260;CENTRO;COLÉGIO ESTADUAL JUSTINIANO DE SERPA;AV. SANTOS DUMONT, 56
CHAVAL;108;37;DISTRITO PASSAGEM DOS VAZ;EEF MONSENHOR CARNEIRO;DISTRITO PASSAGEM DOS VAZ
INDEPENDÊNCIA;39;48;TRANQUEIRAS;E.E.F. VIRGILIO TAVORA;POVOADO TRANQUEIRAS
ORÓS;15;288;IGAROI - DISTRITO;E.E.F. OTILIO RUFINO DE LIMA;RUA NOSSA SRA DAS GRAÇAS, 200
POTENGI;68;109;CENTRO;ESCOLA MUNICIPAL LUIZA MENDES RODRIGUES - SEDE;RUA FRANCISCO RODRIGUES DA FONSECA , 492 - SÃO FRANCISCO
MARACANAÚ;122;301;CÁGADO;EMEIEF NARCISO PESSOA DE ARAÚJO;AV. PADRE JOSE HOLANDA DO VALE S/N
PENTECOSTE;50;218;ZONA RURAL;EEIF NOSSA SENHORA DA CONCEIÇÃO;IRAPUÁ
ORÓS;15;257;CENTRO;E.E.M. EPITÁCIO PESSOA;AV. JOSÉ GABRIEL BEZERRA, 274
PARAMOTI;111;183;CENTRO;EMEF BELA VISTA;AV JOAQUIM VIEIRA, 22
SABOEIRO;43;249;DISTRITO SÃO JOSÉ;E.E.F. ALDIZIO FERREIRA DOS SANTOS;DISTRITO SAO JOSE
CEDRO;13;463;SANTO ANTÔNIO;ESCOLA DE ENS FUND JOSE MARQUES;ST CACHOEIRA DOS MARQUES
FORTALEZA;3;235;CENTRO;FAC. ESTÁCIO - UNIDADE CENTRO (ANTIGO COLÉGIO CEARENSE);AV. DUQUE DE CAXIAS, 101
JAGUARIBE;10;19;DISTRITO DE AQUINÓPOLIS;GRUPO ESCOLAR MANOEL RUFINO DE AQUINO FILHO;DISTRITO DE AQUINOPOLES
SENADOR POMPEU;12;83;ENGENHEIRO JOSE LOPES;EEIEF JOSÉ ANTÔNIO DE SOUSA;ENGENHEIRO JOSE LOPES
TAUÁ;19;117;INHAMUNS;ESCOLA JOSÉ CAÇULA PEDROSA (ANTIGA E.E.F.M. ABRAHÃO SCARCELA);VERA CRUZ
ARACOIABA;67;116;PLACIDO MARTINS-DISTRITO;ESCOLA MUNICIPAL JOAO MARIANO BATISTA;PLACIDO MARTINS
GRAÇA;79;137;SITIO TAQUARI;GRUPO ESCOLAR FRANCISCO HONORATO DE SOUSA;SITIO TAQUARI
BELA CRUZ;96;89;BOM FUTURO;EMETI FRANCISCO SALES DE SOUSA;BOM FUTURO
CRATEÚS;20;333;JOSÉ ROSA;CRECHE PROINFÂNCIA MARIA DELITE MENEZES TEIXEIRA I;RUA ANASTÁCIO CAMPINA, S/N, CONJ FREI DAMIÃO
UBAJARA;73;139;CENTRO;CENTRO DE REABILITAÇÃO;RUA ESMERINO MAGALHAES 181
NOVA RUSSAS;48;100;CAMPOS;ESCOLA MUNICIPAL SEVERINO PERGENTINO DE SOUSA;LOCALIDADE DE CAMPOS,
SOBRAL;121;290;BONFIM;ESCOLA ELDA CAVALCANTE LIMA - BONFIM (TEMPO INTEGRAL);RODOVIA MOACIR LIMA FEIJAO
NOVA RUSSAS;48;18;CENTRO;EEMTI OLEGARIO ABREU MEMORIA;RUA CEL. ANTONIO RODRIGUES VERAS 1018
ICÓ;15;327;CASCAVEL - SITIO;ESCOLA MUNICIPAL JOAQUIM MARTINS DO NASCIMENTO;SITIO CASCAVEL S/N
FORTALEZA;95;374;JANGURUSSU;CEI JOSÉ EUCLIDES FERREIRA GOMES;RUA F  (CONJ. RES. JOSÉ EUCLIDES FERREIRA GOMES)
CARIRIAÇU;71;99;SÍTIO MAMELUCOS;POSTO DE SAÚDE AMARO JOSÉ ROQUE;SITIO MAMELUCOS
CRATEÚS;20;129;CENTRO;ESCOLINHA GENERAL SOUTO MAIOR;RUA CEL LUCIO 109
SÃO LUÍS DO CURU;23;355;COELCE;E.E.F.M UBIRATAN DINIZ AGUIAR;RUA PE. JOSÉ SINVAL FACUNDO, 356 - PARAÍSO
PIQUET CARNEIRO;12;122;CENTRO;EMEF REINO INFANTIL;RUA ZACARIAS PINHEIRO DA SILVA, S/N
CRATO;27;289;PONTA DA SERRA;EEIEF PEDRO FELÍCIO;VILA SÃO FRANCISCO, SN.
CRATEÚS;20;44;SANTA LUZIA;CENTRO DE REFERÊNCIA ESPECIALIZADA DE ASSISTÊNCIA SOCIAL - CREAS;RUA MANOEL BALBINO, 180
ITAPAJÉ;41;232;SOLEDADE;ESCOLA CAPITAO PRUDENCIO PEREIRA PASSOS;SOLEDADE
FORTALEZA;94;852;VILA VELHA;EEFM DONA HILZA DIOGO DE OLIVEIRA;AV. DOM ALOÍSIO LORSCHEIDER, 1040 - VILA VELHA
BREJO SANTO;70;43;LAGOA DO MATO-SEDE;ESC MUN BARTOLOMEU MADEIRO;VILA LAGOA DO MATO
PACATUBA;57;179;SAO BENTO;ESCOLA DE 1 GRAU MANOEL PONTES DE MEDEIROS;RUA JOSE SOARES DE ALBUQUERQUE, 246
FORTALEZA;2;146;MESSEJANA;EM JOSEFA BARROS DE ALENCAR;RUA DOUTOR JOAQUIM BENTO 590
MARACANAÚ;104;135;JEREISSATI I;EMEIEF DEPUTADO JOSÉ MARTINS RODRIGUES;RUA QUARENTA A, 287
MISSÃO VELHA;16;18;ZONA RURAL;EEF JOAQUIM ALVES DE BARROS;SITIO SERRA DO MAOZINHA
LAVRAS DA MANGABEIRA;14;56;MANGABEIRA - DISTRITO;ESCOLA DE 1 GRAU DR JOAO GONCALVES DE SOUZA;AV. SAO SEBASTIAO S/N
MAURITI;76;99;SAO MIGUEL-DISTRITO;EEIF CAREOLANO LEITE;RUA SALUSTIANO RODRIGUES, S/N
FORTALEZA;82;255;SÃO GERARDO;CEJA PAULO FREIRE;RUA OLAVO BILAC, 1300
FORTALEZA;82;124;JACARECANGA;EEMTI SALES CAMPOS;RUA JACINTO MATOS, 730
FORTALEZA;82;474;CARLITO PAMPLONA;FEDERAÇÃO DO MOVIMENTO COMUNITÁRIO DO PIRAMBU - FEMOCOPI;AV. PRES. CASTELO BRANCO, 2709
FORTALEZA;80;441;VILA UNIÃO;COLÉGIO ANTARES FÁTIMA (VILA UNIÃO);RUA ALBERTO MONTEZUMA, 235
CANINDÉ;33;311;ZONA RURAL;EMEF FRANCISCO JOSE;RUA FRANCISCO JOSE, S/N CAIÇARA
QUIXERAMOBIM;11;157;BELEM;ESCOLA SEBASTIAO PAULO DA SILVA;PONTAL ALEGRE
TIANGUÁ;81;294;GERALDO SARAIVA;C.E.I. ELIOENAI BARROS DOS SANTOS;RUA MARANGUAPE ROCHA. S/N
FORTALEZA;2;471;LAGOA REDONDA;COLÉGIO AGNUS SUL;TRAVESSA MARROCOS, 145
FORTALEZA;1;924;COCÓ;UNINTA - FACULDADE UNINTA FORTALEZA;RUA VILEBALDO AGUIAR,133
AQUIRAZ;66;166;TRAIRUSSU;ASSOCIACAO COMUNITARIA DE TRAIRUSSU;RUA SAO JOAO, S/N  - TRAIRUSSU
CRATEÚS;20;203;SÃO VICENTE;CENTRO ADMINISTRATIVO DA PREFEITURA DE CRATEÚS;RUA CEL TOTO, SN
MARANGUAPE;4;84;PAPARA;EMEIEF JOÃO LEITE;RUA FERNANDO SAMPAIO DE ANDRADE, S/N
FORTALEZA;113;420;MONTESE;EEFM MARECHAL HUMBERTO DE ALENCAR C. BRANCO;RUA ALVARO FERNANDES, 913
FORTALEZA;83;685;JÓQUEI CLUBE;CENTRO UNIVERSITÁRIO ESTÁCIO - CAMPUS PARANGABA;AVENIDA SENADOR FERNANDES TÁVORA, 137
ARACOIABA;67;86;CENTRO-SEDE;ESCOLA MUNICIPAL DRA. NÁGILA MARIA PONTES PAZ PASSOS;AV DA INDEPENDENCIA SN
JAGUARIBE;10;85;NOVA BRASÍLIA;EEF PROFESSOR GUTENBERG BARBOSA SILVA;AVENIDA GIL TEIXEIRA BASTOS, 1420
IPUEIRAS;40;55;CENTRO;COLEGIO ESTADUAL OTACÍLIO MOTA - CENTRO;RUA CORONEL MANOEL MOURÃO, 389
CRATO;27;52;SÃO MIGUEL;EEEP MARIA VIOLETA ARRAES DE ALENCAR GERVAISEAU;AVENIDA TEODORICO TELES, SN
ARARIPE;68;36;SERRA LUIZ PEREIRA;EEIF LUIZ PEREIRA DA SILVA - SERRA LUIZ PEREIRA;SERRA LUIZ PEREIRA
TIANGUÁ;81;185;PINDOGUABA;CENTRO EDUCACIONAL ANTÔNIO JOSÉ DA ROCHA;RUA SÃO JOÃO BATISTA, S/N - DISTRITO PINDOGUABA
FORTALEZA;113;67;DAMAS;COLÉGIO JUVENAL DE CARVALHO;AV. JOÃO PESSOA, 4279
BATURITÉ;5;21;LAJES-SEDE;UNIDADE BÁSICA DE SAÚDE - PSF SEDE 2;RUA MADRE PIERINA USLENGHI, S/N
FORTALEZA;118;649;PARQUE DOIS IRMÃOS;EM DOUTOR ABDENAGO DA ROCHA LIMA;RUA 114, 75 (CJ TUPAN MIRIM)
BREJO SANTO;70;168;BAIXIO DO BOI-SEDE;ESCOLA MUNICIPAL ROMAO DOS ANJOS MONTEIRO VASCONCELOS;SITIO BAIXIO DO BOI
FORTALEZA;113;89;JARDIM AMÉRICA;ESCOLA MUNICIPAL PROF. FILGUEIRAS LIMA;AV. DOS EXPEDICIONÁRIOS, 3910
JAGUARUANA;75;53;LAGOA VERMELHA;E.E.F. JOSE SIMOES FILHO;LAGOA VERMELHA
FORTALEZA;118;134;ITAPERI;EM ZAIRA MONTEIRO GONDIM;RUA PEDRO AGUIAR, 315
SOBRAL;121;151;CENTRO;CEJA - CENTRO DE EDUCACAO DE JOVENS E ADULTOS CECI CIALDINI;RUA ORIANO MENDES, 455
FORTALEZA;113;379;MONTESE;CENTRO DE ENSINO GRAU TÉCNICO;RUA BARÃO DE SOBRAL, N.712
FORTALEZA;85;171;ANTÔNIO BEZERRA;INSTITUTO EDUCACIONAL JOSE DE ALENCAR;RUA HUGO VITOR 730
FORTALEZA;1;805;VICENTE PINZON;ESCOLA MUNICIPAL PROF BELARMINA CAMPOS;RUA MANOEL RODRIGUES MONTEIRO, 840
MARANGUAPE;4;120;AMANARI;EMEF BÁRBARA DE ALENCAR;PRAÇA ADELAIDE COELHO, 67
MORADA NOVA;47;157;ROLDAO;EEB JOSE NOGUEIRA DE QUEIROZ;EXTREMA
HIDROLÂNDIA;54;219;CENTRO;E.E.F.M. CENTRO EDUCACIONAL OLCINO PEREIRA DE SOUZA;RUA FELIZALVINA MOURÃO DA ROCHA, 420
FORTALEZA;2;87;MESSEJANA;CLUBE DA CAIXA;AVENIDA FREI CIRILO 4700
PEDRA BRANCA;59;2;SANTA URSULA;E.E.F. ESCOLA BENICIO VIEIRA CAVALCANTE;AV SABINO VIEIRA CAVALCANTE 176
IGUATU;13;398;COHABS;ESCOLA DE ENS FUND PADRE JANUARIO CAMPOS (MUNICIPAL);ESTRADA DO BAU COHAB III
IGUATU;13;76;CENTRO;ESCOLA DE ENS FUND PACIFICO GUEDES (ANTIGO CARLOS DE GOUVEIA);RUA DR. JOAO PESSOA 887
FORTALEZA;117;253;CONJUNTO ESPERANÇA;EEEP DARCY RIBEIRO;RUA CONEGO DE CASTRO, S/N
NOVA RUSSAS;48;136;RECANTO;ESCOLA MUNICIPAL FRANCISCO ESTEVÃO;LOCALIDADE DE RECANTO,
PACATUBA;57;285;PAVUNA;EEIEF PEDRO DE SA RORIZ;RUA ZULEIDA DE SA RORIZ, 18
LAVRAS DA MANGABEIRA;14;116;SÍTIO ALTO;ESCOLA JOSÉ TOMAZ DE SOUSA;SÍTIO ALTO
PINDORETAMA;7;288;SITIO EMA - PINDORETAMA;EMEB CAMILO JOSÉ ANCELMO;RODOVIA CE 040 KM 36 - PINDORETAMA
IGUATU;13;308;GADELHA;IGREJA DE SÃO JOSÉ DO SÍTIO SÃO JOSÉ DO BRAVO;SÃO JOSE DO BRAVO
FORTALEZA;82;688;CARLITO PAMPLONA;EEMTI JOSÉ VALDO RIBEIRO RAMOS;RUA PEDRO AMÉRICO, 100
AURORA;69;41;INGAZEIRAS-DISTRITO;ESCOLA DE ENSINO FUNDAMENTAL ANTONIO TELES DE PONTES;RUA DO COMERCIO
FORTALEZA;3;385;MEIRELES;CÍRCULO MILITAR DE FORTALEZA;RUA CANUTO DE AGUIAR, 425
PIRES FERREIRA;21;115;DISTRITO;E.M.E.B. RAIMUNDA MADALENA DE OLIVEIRA;PEDRA REDONDA
COREAÚ;64;1;Centro;COREAÚ - (LUZIA) CENTRO DE EDUÇÃO BÁSICA PE. JOSÉ Mª DE AGUIAR;RUA TABELIAO ANGELIM - CENTRO
IGUATU;13;11;VILA CIDAO;CAMPUS MULTI-INSTITUCIONAL HUMBERTO TEIXEIRA (URCA/UECE/CENTEC);AV DÁRIO RABELO SN
TIANGUÁ;81;125;ÁREA RURAL DE TIANGUÁ;E.E.F. JOÃO NUNES DE MENEZES;SÍTIO CIPÓ
FORTALEZA;117;195;PARQUE SÃO JOSÉ;EEFM IRMAO URBANO GONZALEZ RODRIGUEZ;RUA CONEGO DE CASTRO, 4055
FORTALEZA;117;291;PARQUE PRESIDENTE VARGAS;COLÉGIO CASTRO ALVES;RUA TULIPA NEGRA, 2319
CAUCAIA;123;533;NOVA METRÓPOLE (JUREMA);E.E.F.M. DOM ALOÍSIO LORSCHEIDER;AV. CONTORNO OESTE, S/N
FORTALEZA;2;405;LAGOA REDONDA;EM PROFª FERNANDA MARIA DE ALENCAR COLARES;AV PROF. ARTHUR DE CARVALHO, 1540
FORTALEZA;118;554;MONDUBIM;EM PROFESSOR JACINTO BOTELHO;RUA DR. RODRIGO CODES SANDOVAL, 374
AQUIRAZ;66;39;JACUNDA;EMEF HENRIQUE GONCALVES DA JUSTA FILHO;RUA ANTONIO MELQUIADES LIMA S/N
PINDORETAMA;7;117;CENTRO-PINDORETAMA;EMEB FRANCISCA HOLANDA COSTA;RUA MARECHAL CASTELO BRANCO, 1074
ALCÂNTARAS;24;423;BELA VISTA;EEF INOCÊNCIA ALCÂNTARA FREIRE;RUA MONSENHOR FURTADO SN
TURURU;17;672;CENTRO;EEFM LUIZA BEZERRA FARIAS;RUA MONSENHOR SOLON 248
SANTA QUITÉRIA;54;221;PRIMAVERA;E. E. F. LUIZ DERMEVAL DE ANDRADE;BAIRRO PRIMAVERA BOTA FOGO
PORANGA;40;208;SANTANA;ASSOCIAÇÃO DOS POVOS INDIGENAS DA ALDEIA CAJUEIRO AICA - CAJUEIRO;POVOADO CAJUEIRO
PIQUET CARNEIRO;12;31;CENTRO;EMEF REINO INFANTIL;RUA ZACARIAS PINHEIRO DA SILVA, S/N
ASSARÉ;18;84;PARQUE DE VAQUEJADA;ESCOLA DE EDUCACAO INFANTIL E ENSINO FUNDAMENTAL MARIA ISABEL;AVENIDA DEP. MANOEL GONCALVES, S/N
ALCÂNTARAS;24;8;SAO JOSE;EEIEF MARIA RAULINO ALCÂNTARA DE CARVALHO;RUA FRANCISCO CUNHA
HIDROLÂNDIA;54;9;CENTRO;E.E.F.M. CENTRO EDUCACIONAL OLCINO PEREIRA DE SOUZA;RUA FELIZALVINA MOURÃO DA ROCHA, 420
JAGUARIBARA;72;68;SITIO MINEIRO;EMEIEF DEODATO CELSO DIOGENES;KM 270 - BR 116
REDENÇÃO;52;14;CENTRO (SEDE);ESCOLA DR. EDMILSON BARROS DE OLIVEIRA;RUA SANTOS DUMONT, S/N
POTENGI;68;104;SITIO SASSARÉ;ASSOCIAÇÃO COMUNITÁRIA DO SÍTIO SASSARÉ;SITIO SASSARÉ
FORTALEZA;95;87;BARROSO;EEFM PADRE MARCELINO CHAMPAGNAT;RUA DAURA, 120
ARACATI;8;189;CORREGO DA UBARANA II;E.E.F. PROFESSORA VILANI PEREIRA;CORREGO DA UBARANA II
MADALENA;63;176;SEDE;EEF DAU ALBERTO;CAJAZEIRAS
UMARI;15;209;CENTRO - SEDE;ESCOLA DE ENSINO MÉDIO MONSENHOR MANOEL CARLOS DE MORAIS;RUA DOM QUINTINO 289
RERIUTABA;79;3;PRAÇA DA ESTAÇÃO;CRAS - CENTRO DE REFERÊNCIA DE ASSISTÊNCIA SOCIAL;RUA CEL JOSÉ TEODORO, S/N - CENTRO
FORTALEZA;1;362;CAIS DO PORTO;CRECHE MARIA FERREIRA DIAS;AV. ZEZÉ DIOGO, 691
JUAZEIRO DO NORTE;119;452;PREFEITO CARLOS ALBERTO DA CRUZ;ESCOLA ZILA BELEM;FRANCISCO VICENTE SILVA CAVALCANTE SN
FORTALEZA;2;173;MESSEJANA;PAROQUIA NOSSA SENHORA DA CONCEICAO;RUA JOAQUIM BEZERRA 255
MILAGRES;26;76;MISSIONÁRIAS;PATRONATO E ESCOLA NORMAL D. ZEFINHA GOMES;AV SANTANA 270
RUSSAS;9;105;LAGOA GRANDE;ESCOLA MUNICIPAL JOANA ALVES DE SOUSA;LAGOA GRANDE
SÃO BENEDITO;22;202;SITIO MURICITUBA;EEF RAIMUNDA DE PAULA MELO;SITIO MURICITUBA
MARCO;96;111;CENTRO-SEDE;PATRONATO MATER DEI;RUA 7 DE SETEMBRO,S/N - CENTRO
JAGUARUANA;75;124;LAGOA VERMELHA;E.E.F. JOSE SIMOES FILHO;LAGOA VERMELHA
FORTALEZA;93;188;PLANALTO AYRTON SENNA;EM MARIA ZELIA CORREIA DE SOUSA;RUA ANTONIO PEREIRA,1495
ACARAÚ;30;269;ZONA RURAL;ESCOLA JOAO JAIME FERREIRA GOMES FILHO;CURRAL VELHO DE BAIXO
ITAPAJÉ;41;214;PADRE LIMA;ESCOLA MUNICIPAL CAPITAO MANOEL PINTO MESQUITA;RUA TEIXEIRA PINTO  1047
SOBRAL;24;676;RENATO PARENTE;CLUBE DOS CALÇADISTAS;AV. MÃE RAINHA
SOBRAL;24;123;SUMARÉ;EEM PROFESSORA CARMOSINA FERREIRA GOMES;RUA DAS FLORES, S/N
FORTALEZA;93;237;PREFEITO JOSÉ WALTER;EM ROGACIANO LEITE;RUA 45, S/N - III ETAPA
MARANGUAPE;4;75;LADEIRA GRANDE;EMEIEF FRANCISCA ROCHA MAGALHÃES;AVENIDA ALCEBÍADES RODRIGUES BARRETO SN
ARACATI;8;254;FONTAINHA;CENTRO COMUNITÁRIO IRMÃ PORTO;FONTAINHA
ITAPIPOCA;17;423;MARANHÃO;EEB JOÃO IDÁLIO TEIXEIRA;RUA DR BEZERRA DE MENEZES, SN
MORRINHOS;44;24;DISTRITO DE SITIO ALEGRE;ESCOLA FRANCISCO DE PAULO MAGALHÃES;SITIO ALEGRE
FORTALEZA;116;450;BONSUCESSO;EM ANTONIO DIOGO DE SIQUEIRA;RUA ANSELMO NOGUEIRA 655
FORTALEZA;117;467;CONJUNTO ESPERANÇA;COLÉGIO CEARENSE TOTAL;AVENIDA D, 85
FORTALEZA;93;271;PLANALTO AYRTON SENNA;LICEU ESTADUAL DOMINGOS BRASILEIRO;RUA PLANALTINA, S/N
FORTALEZA;82;214;MONTE CASTELO;COLÉGIO MATER AMABILIS;RUA PADRE ANCHIETA, 438
SOBRAL;24;478;SUMARÉ;EEM PROFESSORA CARMOSINA FERREIRA GOMES;RUA DAS FLORES, S/N
MARACANAÚ;122;127;SIQUEIRA (siqueira 2);EMEF FRANCISCO TABOZA FILHO;AV. JUSCELINO KUBITSCHEK 1941
SOBRAL;24;84;PARQUE SILVANA;EEFI ANTONIO MENDES CARNEIRO;AVENIDA DR. JOSE EUCLIDES FERREIRA GOMES JUNIOR, S/N
FORTALEZA;3;444;ALDEOTA;INSTITUTO CEARENSE DE EDUCAÇÃO DE SURDOS - ICES;AV. RUI BARBOSA, 1970
CRATO;27;12;CENTRO;EEIEF PROFª EDILMA FERNANDES G. RODRIGUES - CÍRCULO OPERÁRIO;AVENIDA JOSÉ ALVES DE FIGUEIREDO S/N
FORTALEZA;3;214;CENTRO;COLÉGIO ARI DE SÁ - PRÉ-VESTIBULAR - SEDE DUQUE DE CAXIAS;AV. DUQUE DE CAXIAS, 519
FORTALEZA;117;188;CONJUNTO ESPERANÇA;EEFM IRAPUAN CAVALCANTE PINHEIRO;AV E 305
FORTALEZA;93;78;MONDUBIM;EM JONATHAN DA ROCHA ALCOFORADO;RUA MARIA GOMES DE SÁ,1030 ARACAPÉ
GUARACIABA DO NORTE;74;189;DISTRITO;ESCOLA MUNICIPAL DE CRUZ DAS ALMAS;CRUZ DAS ALMAS
FORTALEZA;85;362;DOM LUSTOSA;EEFM AYRTON SENNA DA SILVA;RUA MANAUS, 855
JAGUARIBE;10;74;NOVA BRASÍLIA;EEF PROFESSOR GUTENBERG BARBOSA SILVA;AVENIDA GIL TEIXEIRA BASTOS, 1420
MISSÃO VELHA;16;69;DISTRITO DE JAMACARU;EEF MARIA FECHINE DE ALENCAR;RUA FRANCISCO RODRIGUES DA CRUZ S/N
MARACANAÚ;104;383;PAJUÇARA;EMEIEF PROF PAULO FREIRE;RUA PAULO BATISTA 660
PARAMOTI;111;162;CENTRO;EMEF BELA VISTA;AV JOAQUIM VIEIRA, 22
FORTALEZA;116;446;BONSUCESSO;EM XV DE OUTUBRO;RUA GUARANI, 2030
ITATIRA;33;143;DISTRITO DE LAGOA DO MATO;ANEXO - JOSÉ PAULO DE SOUSA;AV.NOSSA SENHORA DO CARMO S/N
VARJOTA;65;175;PEDREIRA;E.E.I. TEODORO SALES DE OLIVEIRA-CRECHE PEDACINHO DO CÉU;RUA 31 DE MARÇO, 647
FORTALEZA;116;122;GRANJA PORTUGAL;EEFM PROF JOCIE CAMINHA DE MENEZES;RUA ITU 120
SANTA QUITÉRIA;54;185;ASSENTAMENTO GROAÍRAS;E. E.  F. FRANCISCO AGOSTINHO FEIJÓ;ASSENTAMENTO GROAÍRAS
PEDRA BRANCA;59;13;BOM PRINCIPIO;EEFTI SABINO VIEIRA CAVALCANTE;RUA FORTUNATO SILVA, 243
FORTALEZA;3;397;ALDEOTA;RECEITA FEDERAL (SUPER. REG. DE ADM. NO ESTADO DO CEARÁ);RUA BARÃO DE ARACATI, 909
LIMOEIRO DO NORTE;29;99;ANTÔNIO HOLANDA;IFCE - CENTRO DE REFERÊNCIA CIDADE ALTA;R. RAIMUNDO TOMÁS DE AQUINO, 2742
PARAIPABA;109;205;SETOR B;EMEIF COMPLEXO ESCOLAR SETOR B;SETOR B, S/N
FORTALEZA;114;251;BARRA DO CEARÁ;CENTRO DE EDUCAÇÃO COMPLEMENTAR (CEDCE) - ANTIGO SESI;AVENIDA FRANCISCO SÁ 6623
FORTALEZA;114;47;BARRA DO CEARÁ;EM CASIMIRO JOSÉ LIMA FILHO;AVENIDA FRANCISCO SÁ 6449
FORTALEZA;3;130;JACARECANGA;COLÉGIO ESTADUAL LICEU DO CEARÁ;PRAÇA GUSTAVO BARROSO, 01
SOBRAL;24;75;ALTO DA BRASÍLIA;EEFI RAUL MONTE;RUA MACEIO, S/N
ITAPIPOCA;17;580;BARRENTO;EEB FRANCISCO BENTO;TANQUES
CRATEÚS;20;59;CIDADE NOVA;CENTRO DE ATENCAO INTEGRAL A CRIANCA E AO ADOLESCENTE (CAIC);RUA DO CRUZEIRO, SN
JAGUARUANA;75;103;FRUTUOSO;E.E.F. CORONEL ADAUTO BEZERRA;FRUTUOSO
FORTALEZA;114;319;BARRA DO CEARÁ;EEEP PAULO PETROLA;RUA SAUDÁRIA, S/N - GOIABEIRAS
FORTALEZA;1;865;VICENTE PINZON;ESCOLA MUNICIPAL FREI TITO DE ALENCAR LIMA;AVENIDA DIOGUINHO 5927
PORANGA;40;82;BURITIZAL;ESCOLA REUNIDA JOAQUIM ANTÔNIO FILHO - BURITIZAL;BURITIZAL
CASCAVEL;7;22;CENTRO;CENTRO EDUCACIONAL MUNICIPAL PROFESSORA MARIA ESTER DA COSTA SILVA;AV CORONEL LEITE, 2045
FORTALEZA;1;460;PAPICU;ESCOLA ESTADUAL MARIA JOSE MEDEIROS;RUA DESEMBARGADOR LAURO NOGUEIRA 1240
MARACANAÚ;104;422;TIMBÓ;EMEF EDSON QUEIROZ;AVENIDA TIMBÓ, 2
JUAZEIRO DO NORTE;119;202;FREI DAMIAO;EEMTI DOM DOM ANTONIO CAMPELO DE ARAGÃO (CAIC);RUA VEREADOR RAIMUNDO JOSÉ RODRIGUES DA SILVA, S/N
SOBRAL;121;109;CENTRO;COLEGIO FARIAS BRITO SOBRALENSE;PRACA QUIRINO RODRIGUES S/N
ARACATI;8;325;CACIMBA DO POVO;C.E.I. MARIA RODRIGUES PRACA;RUA SAO CRISTOVAO S/N
ITAPIPOCA;17;53;DESERTO;EEB LUIZ CARNEIRO DA SILVA;MANGUEIRA
CRATO;27;249;MURITI;IGREJA NOSSA SENHORA DE FÁTIMA - MURITI;RUA KALORÉ, 302-A
IGUATU;13;235;JOSÉ DE ALENCAR;CAPELA DA CONCEICAO DOS VICENTES;CONCEICAO DOS VICENTES
SÃO BENEDITO;22;223;SITIO CARNAUBAL DOS MEDEIROS;EEF CARNAUBAL DOS MEDEIROS;SITIO CARNAUBAL DOS MEDEIROS
FORTALEZA;115;354;PARANGABA;EEEP JOAQUIM MOREIRA DE SOUSA;RUA CAIO PRADO 02
PEDRA BRANCA;59;93;SANTA CRUZ DO BANABUIU;E.E.F JOÃO MANOEL FILHO;RUA ANTONIO MACHADO, 72 - BAIRRO SANTO ANTONIO
SÃO LUÍS DO CURU;23;352;COLONOS-POVOADO;E.E.F. PROFESSOR JUPI MARTINS;NUCLEO H - COLONOS POVOADO
IPUEIRAS;40;10;MILHÃ;ESCOLA DE ENSINO FUNDAMENTAL BENEDITO ALVES DA SILVA - MILHÃ;MILHÃ
ASSARÉ;18;114;GENEZARE;ESCOLA DE 1 GRAU JOAQUIM NECO DA COSTA;RUA EUCLIDES BRANDAO  S/N
FORTALEZA;3;445;PRAIA DE IRACEMA;EEFM SANTA LUZIA;RUA JOÃO CORDEIRO, 711
ORÓS;15;331;CENTRO - SEDE;E. E. F. MIGUEL NUNES DA COSTA;RUA ANTONIO CUSTODIO SOBRINHO, S/N
CAUCAIA;120;450;SITIOS NOVOS;E.E.I.E.F. NOSSA SENHORA DA CONCEICÃO;ASSENTAMENTO SANTA BÁRBARA - CAPINE
BATURITÉ;5;72;CENTRO-SEDE;EMEF DOMINGOS SAVIO;AV DOM BOSCO, 393
VIÇOSA DO CEARÁ;35;146;ZONA RURAL;E.E.F PEDRO MANOEL DOS SANTOS;SITIO MATÃO
FORTALEZA;114;147;JARDIM IRACEMA;EEMTI PROFESSORA BALBINA JUCA ALBUQUERQUE;AVENIDA MAJOR ASSIS 346
FORTALEZA;114;359;PRESIDENTE KENNEDY;EMTI PROFESSOR JOAQUIM FRANCISCO DE SOUSA FILHO;RUA JOAQUIM MARQUES, 13
SOLONÓPOLE;55;157;BOQUEIRAO;EEIEF SUELY NOGUEIRA PINHEIRO;BOQUEIRAO
CRATEÚS;20;143;CENTRO;CENTRO INTEGRADO DE EDUCAÇÃO DE CRATEÚS - CIEC;RUA FIRMINO ROSA, 837
FORTALEZA;113;34;JOSÉ BONIFÁCIO;COLÉGIO FARIAS BRITO PRÉ - VESTIBULAR;AV. BARÃO DO RIO BRANCO, 2424
CRATEÚS;20;213;LAGOA DAS PEDRAS;ESCOLA DE CIDADANIA JOSE BRAZ DE PINHO;LAGOA DAS PEDRAS II
PEREIRO;10;134;CENTRO;ESCOLA PINGO DE GENTE (ESPECIAL);RUA SEVERO HOLANDA S/N
JUAZEIRO DO NORTE;119;176;SANTA TEREZA;CREDE 19;RUI BARBOSA SN
ITAPIPOCA;17;742;ÁREA RURAL DE ITAPIPOCA;EEB SEBASTIAO CORREIA LIMA;CROATA
CRATO;27;197;MURITI;EEIEF JOSÉ ROSA;RUA JOSÉ JUSTINO ALVES, SN. SÍTIO SANTA ROSA
PARAMBU;19;427;NOVO ASSIS;EEIEF EVA PEREIRA LIMA (ANT ESC MANOEL TOMAZ NORONHA);FAZENDA ALTAMIRA
PORANGA;40;92;SANTANA;ESCOLA ARIMATEAS FRANCISCO DE PINHO - SANTANA;SANTANA
PIRES FERREIRA;21;170;DISTRITO;E.E.F. QUITERIA DIAS DE OLIVEIRA;SANTO ANTONIO
ARACATI;8;190;CENTRO;INSTITUTO SAO JOSE;RUA CEL ALEXANDRINO 563
ARACOIABA;67;61;IDEAL-DISTRITO;ESCOLA MUNICIPAL PEDRO MENDES DA SILVA;TIGIPIO
CEDRO;13;431;CENTRO;COLEGIO ESTADUAL CELSO ARAUJO;RUA ZE PAJE, 241
MARANGUAPE;4;59;CENTRO - MARANGUAPE;CVT MARANGUAPE;RUA WALTER LOPES, 149
TAUÁ;19;117;INHAMUNS;ESCOLA JOSÉ CAÇULA PEDROSA (ANTIGA E.E.F.M. ABRAHÃO SCARCELA);VERA CRUZ
CAUCAIA;120;229;BOM PRINCIPIO;E.E.I.E.F. NELY SALES GADELHA;BR 020 KM 45 B - BOM PRINCÍPIO VELHO
OCARA;67;186;ARISCO DOS MARIANOS-DISTRITO;ESCOLA MUNICIPAL CORDULINO RODRIGUES DA SILVA - ENSINO FUNDAMENTAL;ARISCO DOS MARIANOS
ITAPAJÉ;41;304;PEDRA D'AGUA;POSTO DE SAÚDE SILVERIO ARAÚJO;PV AÇÃO
FORTALEZA;2;393;COAÇU;EEFM GOV LUIZ DE GONZAGA FONSECA MOTA;RUA SANTA ROSA, 407
CRATO;27;91;SEMINÁRIO;EEMTI GOVERNADOR ADAUTO BEZERRA;RUA MARCOS MACEDO S/N
FORTALEZA;2;148;MESSEJANA;EMEIF ANGELICA GURGEL;RUA DOUTOR PERGENTINO MAIA, 375
CAUCAIA;123;371;NOVA METRÓPOLE (JUREMA);E.E.F. EDGARD VIEIRA GUERRA;AV. CONTORNO SUL, 255
PALMÁCIA;4;630;NOVO BASÍLIO;EEFM RAIMUNDO JACKSON PEREIRA DE SOUZA;RUA ANTONIO HERMINIO, S/N
IPUEIRAS;40;175;VIDEL DOS CLEMENTINOS;EEF MANOEL RODRIGUES DE FARIAS - VIDEL DOS CLEMENTINOS;VIDEL DOS CLEMENTINOS
FORTALEZA;94;367;JARDIM IRACEMA;EEFM DEP FCO DE ALMEIDA MONTE;AV. CORONEL CARVALHO 2400
ARNEIROZ;101;54;CENTRO - SEDE;GRUPO MUNICIPAL MARIA ANGELIM PETROLA;RUA CEL VIRGILIO TAVORA 48
SOBRAL;24;637;SUMARÉ;EEFI JOSE PARENTE PRADO;RUA SANTA MARTA,100
CASCAVEL;7;72;CENTRO;COLEGIO CASCAVELENSE - CC;RUA SAMUEL BEDE, 2626
IRAUÇUBA;41;1;MISSI;ESCOLA MUNICIPAL JOSEFA CLOTILDE TABOSA BRAGA;RUA ANARIO BRAGA SN
HORIZONTE;78;88;CENTRO;EEM RAIMUNDO NOGUEIRA;RUA RAIMUNDO NOGUEIRA, 103
HORIZONTE;78;131;QUEIMADAS;EMEF QUILOMBOLA OLIMPIO NOGUEIRA LOPES;RUA RAIMUNDO LOPES, 1083
FORTALEZA;114;220;FLORESTA;INSTITUTO EDUCACIONAL PRESIDENTE MEDICI;RUA CÉSAR CORREIA 973
FORTALEZA;2;462;MESSEJANA;EEFM JOSE DE ALENCAR;RUA VENEZA, 84
ITAREMA;98;145;ZONA RURAL;EMEF OSIRES PONTES;CARVOEIRO
IPAPORANGA;20;259;SÍTIO ARARAS;ESCOLA DE ENSINO FUNDAMENTAL MARCOS ALMEIDA NETO;ARARAS
UMIRIM;23;284;CENTRO-SEDE;E.E.F. MOCINHA GOMES DE SOUSA;RUA MAJOR SALES, 84
CAMPOS SALES;38;37;DIST. DE ITAGUÁ;E.E.F.T.I  ANÂNIAS CUSTÓDIO ARRAIS - DIST. DE ITTAGUÁ;RUA ANÂNIAS CUSTÓDIO ARRAIS S/N
SABOEIRO;43;241;CENTRO;E.E.F. MANOEL GONCALVES DOS SANTOS (MUNICIPAL);RUA PRACA DA BANDEIRA, 109
AIUABA;101;21;FAZENDA NOVA;GRUPO ESCOLAR GUSTAVO DE CASTRO ALENCAR;POVOADO DE FAZENDA NOVA SN
GENERAL SAMPAIO;50;40;CONJUNTO SÃO JOSÉ;CRECHE PROINFÂNCIA DIANA DE NAZUR MONTEIRO MARINHO MOREIRA;RUA JOSÉ COSTA NASCIMENTO
TAMBORIL;61;23;DISTRITO DE CURATIS;EMTI ANTONIO MENDES DE ALMEIDA;VILA CURATIS
SANTANA DO CARIRI;53;63;CENTRO;EEMTI ADRIÃO DO VALE NUVENS;AV. PATATIVA DO ASSARÉ, SN
CAUCAIA;120;416;CATUANA;E.E.I.E.F. PLÁCIDO MONTEIRO GONDIM;RUA RAIMUNDO OLIVEIRA, S/N
FORTALEZA;2;145;MESSEJANA;EM JOSEFA BARROS DE ALENCAR;RUA DOUTOR JOAQUIM BENTO 590
VIÇOSA DO CEARÁ;35;172;CENTRO;E.E.F JOÃO FIRMINO DE SOUSA;BAIRRO SÃO JOSÉ
SOBRAL;24;492;EXPECTATIVA;EEFI TRAJANO DE MEDEIROS (LAVANDERIA);AVENIDA DR. JOSE EUCLIDES FERREIRA GOMES JUNIOR, S/N
SOBRAL;24;642;PADRE PALHANO;EEFI MARIA JOSE FERREIRA GOMES;RUA PRESIDENTE JUSCELINO KUBITSCHEK, S/N
ITAPIPOCA;17;618;ÁREA RURAL DE ITAPIPOCA;EEB PEDRO ALVES TEIXEIRA;GUARANI
HORIZONTE;78;169;PLANALTO HORIZONTE;EMEF JORGE PEREIRA DA ROCHA;RUA PAULO FREIRE 40
NOVA RUSSAS;48;102;UNIVERSIDADE;COLÉGIO MUNICIPAL ONZE DE NOVEMBRO;AV. JOÃO GREGÓRIO TIMBÓ
EUSÉBIO;88;105;CENTRO;ESCOLA PROFISSIONALIZANTE EUSEBIO DE QUEIROZ;RUA MARIA TEIXEIRA JOCA, SN
ALTO SANTO;86;31;CENTRO;ESCOLA DE 1 E 2 GRAUS FRANCISCO NONATO FREIRE;AV EDSON GUERRA 667
MAURITI;76;97;CENTRO;CENTRO VOCACIONAL TECNOLÓGICO;AV. SINVAL LACERDA, S/N
MORADA NOVA;47;285;LAGOA GRANDE;EEB RAIMUNDO PEREIRA DE AGUIAR;JUAZEIRO DA LAGOA GRANDE
FORTALEZA;80;258;TAUAPE;SALÃO PAROQUIAL SÃO JOAO DO TAUAPE;RUA MONSENHOR SALAZAR, 279
PENTECOSTE;50;83;PLANALTO;CEI VALDISIA BRAGA DE SOUSA;RUA JACA PARAÍBA, 500
SANTANA DO ACARAÚ;44;68;DISTRITO MUTAMBEIRAS;GRUPO ESCOLAR MARIA CATARINA VASCONCELOS;RUA DO CRUZEIRO, MUTAMBEIRAS
CEDRO;13;460;LAGEDO;ESCOLA DE ENS FUND ANTONIO ALVES DOS SANTOS;DISTRITO DE LAGEDO
PIRES FERREIRA;21;65;DISTRITO;E.E.F. JOAO VITORINO DE FARIAS;DONATO
ITAITINGA;78;308;VILA MACHADO;EEF MANOEL MACHADO;RUA FLORINDO RODRIGUES, 101
CARIRIAÇU;71;139;FEITOSA;EEF JOSÉ SERAFIM DE OLIVEIRA;SITIO RIACHO SECO DO MEIO DE ZECA PEREIRA
CAUCAIA;120;446;MINGUAU;E.E.I.E.F. ERNESTINA NUNES DE MIRANDA;BR 020 KM 396, S/N - MINGUAÚ I
MORADA NOVA;47;103;UIRAPONGA;EEB FRANCISCO GALVÃO DE OLIVEIRA;RUA JOSE BENTO DA SILVA
FORTALEZA;113;447;ITAOCA;CRECHE MUNDO MÁGICO;RUA EUSÉBIO DE QUEIROS, 912
ICÓ;15;65;ICOZINHO - DISTRITO;EMTIH - FRANCISCO ALBENIR DUARTE;RUA SAO VICENTE S/N
CAUCAIA;37;627;CURICACA;E.E.F. EDSON DA MOTA CORREA;ESTRADA VELHA DO ICARAI, KM 02
FORTALEZA;3;265;CENTRO;EEMTI VISCONDE DO RIO BRANCO;AV. DOM MANUEL, 1803
MARACANAÚ;122;165;ALTO ALEGRE II;EMEIEF SANTA EDWIRGES;RUA PAULO AFONSO 1840
MARACANAÚ;104;263;JEREISSATI II;EMEIEF RACHEL DE QUEIROZ;AVENIDA XII, 758
CAMPOS SALES;38;70;B. CENTRO;E.E.E.M.T.I.- PRESIDENTE MÉDICI - (GRUPÃO);AV. FRANCISCO ADEMAR DE ANDRADE,1210
MOMBAÇA;46;92;CENTRO;SECRETARIA DE AÇÃO SOCIAL DE MOMBAÇA-CE;RUA JOSÉ FRUTUOSO SÁ BENEVIDES, 241
TAUÁ;19;418;MARRECAS;ESCOLA RAIMUNDO GONÇALVES MAIA;VILA CASTELO
SÃO BENEDITO;22;249;SEDE;ESCOLA DE ENSINO FUNDAMENTAL DOM COUTINHO;SITIO DO MEIO
TARRAFAS;18;33;CENTRO;ESCOLA DE 1 E 2 GRAUS DONA EMILIA FERREIRA DE OLIVEIRA;AV MARIA LUIZA LEITE SANTOS  S/N
UBAJARA;73;97;MONTE CASTELO;ESCOLA WALDEMAR ALCANTARA;RUA RITA BELARMINO PEREIRA, 556
CAPISTRANO;105;186;SEDE;CENTRO DE EDUCAÇÃO INFANTIL PROF. CLAUDIA MATOS MACIEL;VIDELINA
ASSARÉ;18;121;ZONA RURAL;ESCOLA DE EDUCACAO INF E ENS FUND PEDRO ARAUJO DA SILVA;SITIO SAO JOSE  - ZONA RURAL
BANABUIÚ;6;455;SITIÁ;CRECHE AMOR DE DEUS;CASINHAS
PACOTI;5;216;MACAPÁ;CRECHE ESPACO INFANTIL (MACAPA);SITIO MACAPA
MILHÃ;55;156;VILA MONTE GRAVE;CENTRO DE CONVIVÊNCIA DO IDOSO DISTRITO DE MONTE GRAVE;DISTRITO MONTE GRAVE
MILHÃ;55;69;CENTRO;ESCOLA DE ENSINO FUNDAMENTAL CLEONICE B. PINHEIRO ROSA;RUA PEDRO JOSE DE OLIVEIRA 908
COREAÚ;64;147;COHAB;COREAÚ - ESCOLA MUN. PROFª IZAURA MA. DA SILVA;RUA TANCREDO NEVES, S/N - COHAB
JARDIM;119;289;CENTRO;CENTRO EDUCACIONAL PADRE ALDEMIR;RUA FRANCISCO RORIZ 227
URUBURETAMA;23;116;CENTRO;EEIF VANIA MARIA ARAUJO SAMPAIO PINTO;RUA CEL JOÃO ANTONIO SN
VIÇOSA DO CEARÁ;35;188;SITIO SANTA BARBARA;E.E.F SANTA BARBARA;SITIO SANTA BARBARA
SOBRAL;121;288;BONFIM;ESCOLA ELDA CAVALCANTE LIMA - BONFIM (TEMPO INTEGRAL);RODOVIA MOACIR LIMA FEIJAO
PEREIRO;10;143;DISTRITO DE CRIOULAS;ESCOLA MUNICIPAL DO 1 GRAU CANDIDO JOSE NOGUEIRA;DISTRITO DE CRIOULAS
PARAMOTI;111;125;CENTRO;EMEF PAULO SARASATE (ANTIGO CERU);AV. JOAQUIM FARIAS, 175
CANINDÉ;33;56;ZONA RURAL;EMEF DR CORDOLINO BARBOSA CORDEIRO;RUA ROMEU MESQUITA, S/N  ESPERANÇA
CRATO;27;74;CENTRO;EEIEF SÃO FRANCISCO;RUA BRIGADEIRO LEANDRO BEZERRA MONTEIRO, 406
MAURITI;76;93;PALESTINA DO CARIRI-DISTRITO;EEF JOSE ACÍLIO;RUA GABRIEL IZIDRO, SN
CAUCAIA;120;387;BOM PRINCIPIO;E.E.F. ALUÍSIO PEREIRA DE LIMA;AVENIDA BRASÍLIA, S/N
SALITRE;38;178;CENTRO;CRECHE COMUNITARIA MARIA ANA JESUS - SEDE;RUA SÃO PEDRO
SOBRAL;121;247;ARACATIAÇU;ETI MARIA DE LOURDES DE VASCONCELOS;RUA MONSENHOR LINHARES, S/N
BREJO SANTO;70;409;CENTRO-SEDE;UNIDADE BÁSICA DE SAÚDE CORAÇÃO DE JESUS;PRACA DIONISIO ROCHA DE LUCENA 207
FORTALEZA;113;431;MONTESE;ESCOLA MUNICIPAL VICENTE FIALHO;RUA IRMA BAZET, 193
MOMBAÇA;46;23;CARNAUBA;ESCOLA DE ENSINO FUNDAMENTAL PEDRO AIRES DE CARVALHO;DISTRITO DE CARNAÚBA
BARRO;92;36;MONTE ALEGRE-DISTRITO;ESCOLA DE 1 GRAU ALVINO JUSTINO DA SILVA;DISTRITO DE MONTE ALEGRE
BATURITÉ;5;26;SÍTIO SERRA VERDE;EMEF ANTÔNIO BATISTA;SÍTIO SERRA VERDE, SN
IPU;21;152;SANTA TEREZA I;E.E.F. RAIMUNDO BALACO;SANTA TEREZA I
CRATEÚS;20;136;CENTRO;SINDICATO DOS TRABALHADORES RURAIS DE CRATEUS;RUA CEL LUCIO 715
LAVRAS DA MANGABEIRA;14;104;QUITAIUS - DISTRITO;ESCOLA DE 1 E 2 GRAU JOAQUIM LEITE TEIXEIRA;RUA JOAQUIM LEITE TEIXEIRA 240
CANINDÉ;33;498;ZONA RURAL;EMEF PEDRO FELIX SOUSA;LOCALIDADE DE POCO
LIMOEIRO DO NORTE;29;289;JOÃO XXIII;EEMTI ARSÊNIO FERREIRA MAIA;RUA CEL JOSE NUNES 1245
TIANGUÁ;81;335;LAURÃO;ESCOLA DE ENSINO MÉDIO TANCREDO NUNES DE MENEZES;RUA ASSEMBLÉIA DE DEUS, 1072
ORÓS;15;245;CENTRO;PÓLO UAB PADRE DJALVO BEZERRA DE ALENCAR;TRAVESSA DR. ROSEVALDO, SN
SENADOR POMPEU;12;111;SAO JOAQUIM;EEIEF ANTONIO JACOB FILHO;SAO JOAQUIM DE BAIXO
CRATEÚS;20;5;CENTRO;CENTRO INTEGRADO DE EDUCAÇÃO DE CRATEÚS - CIEC;RUA FIRMINO ROSA, 837
CARIÚS;43;174;SAO BARTOLOMEU-DISTRITO;EEIF AMARO BATISTA DA CUNHA (ANTIGA MANOEL DUARTE DE OLIVEIRA PASSOS);VILA SAO BARTOLOMEU
IPAPORANGA;20;255;ÁGUA BRANCA;ESCOLA DE ENSINO FUNDAMENTAL SANTA RITA DE CASSIA;AGUA BRANCA
PEDRA BRANCA;59;149;CENTRO;CENTRO ADMINISTRATIVO CESÁRIO MENDES;RUA FURTUNATO SILVA, 45
MARANGUAPE;4;146;CENTRO - MARANGUAPE;CVT MARANGUAPE;RUA WALTER LOPES, 149
COREAÚ;64;15;Alto São José;COREAÚ - CENTRO EDUCACIONAL SÃO FCO. DE ASSIS;RUA FCO. NAPOLEÃO XIMENES, S/N - ALTO SÃO JOSÉ
TARRAFAS;18;52;CENTRO;PREFEITURA MUNICIPAL DE TARRAFAS;AV MARIA LUIZA LEITE SANTOS
FORTALEZA;113;172;BENFICA;FEAAC - UFC;AV. DA UNIVERSIDADE, 2431
AQUIRAZ;66;357;FAGUNDES;CRAS - FAGUNDES;AV.PRES.CASTELO BRANCO - TAPERA
PENTECOSTE;50;64;ACAMPAMENTO;PÓLO DE ATENDIMENTO;RUA 13 DE MAIO, S/N
PARAMOTI;111;172;CENTRO;EEFM TOMÉ GOMES DOS SANTOS (PRÉDIO ANTIGO);RUA GONÇALO SOARES, 341
MILHÃ;55;69;CENTRO;ESCOLA DE ENSINO FUNDAMENTAL CLEONICE B. PINHEIRO ROSA;RUA PEDRO JOSE DE OLIVEIRA 908
IRACEMA;86;114;ZONA RURAL;POSTO DE SAÚDE OTAVIO JOSÉ DE LIMA;SITIO FOZ
ASSARÉ;18;115;GENEZARE;ESCOLA DE 1 GRAU JOAQUIM NECO DA COSTA;RUA EUCLIDES BRANDAO  S/N
AIUABA;101;21;FAZENDA NOVA;GRUPO ESCOLAR GUSTAVO DE CASTRO ALENCAR;POVOADO DE FAZENDA NOVA SN
ARACOIABA;67;37;PLACIDO MARTINS-DISTRITO;ESCOLA MUNICIPAL JOAO MARIANO BATISTA;PLACIDO MARTINS
CAMPOS SALES;38;99;DIST. DE QUIXARIÚ;CRECHE M. FÂNTASIA DE CRIANÇA - DIST. DE QUIXARIÚ;AVENIDA LEONARDO DE ANDRADE,128
MILHÃ;55;78;CARNAUBINHA;ESCOLA DE ENSINO BASICO RAIMUNDO BEZERRA FIGUEIREDO;RUA VALDINA DE LIMA
CRATO;27;161;DOM QUINTINO;EEIEF RAIMUNDO NONATO DE SOUZA;RUA SEBASTIÃO DE SOUZA MARTINS, 143
SABOEIRO;43;267;LAGEDO;POSTO DE SAÚDE RAIMUNDO PRIMO BEZERRA;SITIO LAGEDO
REDENÇÃO;52;148;DISTRITO DE BARRA NOVA (ANTIGO SÃO GERARDO);ESCOLA JOAQUIM JOSÉ DA SILVA;GURGURI
CASCAVEL;7;264;CHORO CAJAZEIRAS;ESC.ENS.FUND. JUAREZ QUEIROZ;CHORO CAJAZEIRAS
TAMBORIL;61;31;DISTRITO DE OLIVEIRAS;EMEIF FRANCISCO LUCIO;RUA FRANCISCO LUCIO - VILA OLIVEIRAS
SANTANA DO ACARAÚ;44;42;DISTRITO PARAPUI;CENTRO DE EDUCAÇÃO INFANTIL YOLANDA QUEIROZ;RUA MODESTO VIDAL, S/N, PARAPUÍ
MORADA NOVA;47;87;BOA AGUA;EEB MARIA RABELO MARTINS;RUA JULIO MARTINS DA COSTA, 24 - BOA ÁGUA
CRATO;27;34;CENTRO;ESCOLA TÉCNICA DO COMÉRCIO;RUA DOUTOR JOÃO PESSOA, 190 - PRAÇA JUAREZ TÁVORA
HORIZONTE;78;411;MANGUEIRAL;CEI - ADÍLIA FERREIRA LIMA;RUA ALEXANDRE JOCA, 572 - MANGUEIRAL
ITAPAJÉ;41;128;CRUZEIRO-SEDE;CRAS CATÃO AZEVEDO CRUZ;RUA MANOEL BERNARDE 59
PIQUET CARNEIRO;12;125;CENTRO;EMEF REINO INFANTIL;RUA ZACARIAS PINHEIRO DA SILVA, S/N
PENTECOSTE;50;83;PLANALTO;CEI VALDISIA BRAGA DE SOUSA;RUA JACA PARAÍBA, 500
CANINDÉ;33;489;SALITRE DISTRITO;EMEF CIRILO BARROSO SAMPAIO;VALE DA CONCEIÇÃO
CAMPOS SALES;38;19;B. CENTRO;INSTITUTO EDUCACIONAL PROFESSORA MARIA DULCE DE ALENCAR - (MDA) - SEDE;RUA JULIO NORÕES, 531
VIÇOSA DO CEARÁ;35;118;LAMBEDOURO;GRUPO ESCOLAR DESTRINO CARNEIRO PASSOS;LAMBEDOURO
CRATO;27;24;CENTRO;ETI 18 DE MAIO;AVENIDA JOSÉ ALVES DE FIGUEIREDO, N. 300.
PACAJUS;49;399;BASE;EEF NELI GAMA (ANT. RAIMUNDO AGOSTINHO);BASE
QUIXERAMOBIM;11;237;MANITUBA;ESCOLA ALFREDO ALMEIDA MACHADO-VARZEA DE CIMA;VARZEA DE CIMA
AQUIRAZ;66;319;BOA VISTA;EMEF JOAQUIM DE SOUZA TAVARES;ESTRADA NOVA S/N - BOA VISTA
ITAPAJÉ;41;75;CRUZEIRO-SEDE;CRAS CATÃO AZEVEDO CRUZ;RUA MANOEL BERNARDE 59
CROATÁ;74;192;DISTRITO;ESCOLA MUNICIPAL DE SAO FRANCISCO;SAO FRANCISCO
CRATO;27;290;SEMINÁRIO;CENTRO DE EDUCAÇÃO INFANTIL LICEU DIOCESANO;RUA DOUTOR MANOEL MACEDO, 122
PENTECOSTE;50;128;ZONA RURAL;EEIF ALESSANDRA DE OLIVEIRA ARAÚJO DE MATOS;POSTO AGRÍCOLA
FORTALEZA;83;716;HENRIQUE JORGE;EEFM JOAO PAULO II;RUA PORTO ALEGRE, 75
CAUCAIA;37;18;GRILO;EEIEF NAIR MAGALHÃES GUERRA;RUA JOAQUIM BENTO CAVALCANTE, 500
ARACOIABA;67;109;BOLANDEIRA-SEDE;ESCOLA MUNICIPAL OSVINO DE FREITAS PEREIRA;CE 060
TAUÁ;19;74;CIDADE NOVA/SEDE;EPG TEREZA ARAGAO SERRA;RUA EUFRASIO ALVES DE OLIVEIRA 13                 NOVA ALDEOTA
ARACATI;8;158;OUTEIRO;E.E.F. MARGARIDA GONDIM;OUTEIRO
CRATO;27;197;MURITI;EEIEF JOSÉ ROSA;RUA JOSÉ JUSTINO ALVES, SN. SÍTIO SANTA ROSA
CAUCAIA;123;550;MARECHAL RONDON (JUREMA);E.E.I.E.F. RAIMUNDO JERÔNIMO DE SOUSA;RUA JÚLIO ROCHA, 220 - KM 14/JUREMA
FORTALEZA;2;76;MESSEJANA;EEEP JOSE DE BARCELOS;RUA ANGELICA GURGEL 362
FORTALEZA;2;433;MESSEJANA;EEEP JOSE DE BARCELOS;RUA ANGELICA GURGEL 362
FORTALEZA;3;487;PRAIA DE IRACEMA;COLÉGIO ANTARES (PRAIA DE IRACEMA);RUA HISTORIADOR GUARINO ALVES, 95
FORTALEZA;116;61;BOM JARDIM;EM CRESCER E APRENDER;RUA EDSON MARTINS, 642
QUIXERÉ;29;211;SEDE;EEFM GOVERNADOR MANOEL DE CASTRO FILHO;RUA PADRE JOAQUIM DE MENEZES 1110
FORTALEZA;113;171;BOM FUTURO;ESC. PROFISSIONAL PE. JOÃO PIAMARTA;RUA PADRE JOÃO PIAMARTA, 161
ARACOIABA;67;77;IDEAL-DISTRITO;ESCOLA MUNICIPAL SEGUNDO LOPES DA COSTA;RUSSINHO
PACAJUS;49;244;CUMARU;EEF AURILO BEZERRA PEREIRA;RUA CÔNEGO EDUARDO ARARIPE S/N
JARDIM;119;309;SERRA OLHO DAGUA;ESCOLA NOSSA SENHORA APARECIDA;SERRA OLHO DAGUA SN
TURURU;17;657;SÃO PEDRO DO GAVIÃO / ZONA RURAL;EMEF LUIZ MOREIRA;RUA PRINCIPAL - GAVIÃO
MARANGUAPE;4;50;GUABIRABA - MARANGUAPE;CEI ISAURINHA DIÓGENES;RUA NAPOLEÃO LIMA, 780
PEDRA BRANCA;59;103;CENTRO;CENTRO CULTURAL MARIA GUIOMAR LINS CAVALCANTE;TRAVESSA JOSE PEREIRA DE QUEIROZ S/N
GUARACIABA DO NORTE;74;153;DISTRITO;ESCOLA MUNICIPAL DE PALMEIRAS;PALMEIRAS
CAUCAIA;37;158;CARAÚBAS;E.E.F. JOAQUIM DA ROCHA FRANCO;AVENIDA JOAQUIM DA ROCHA, S/N
CAMOCIM;32;83;ZONA RURAL;E.E.F SANTO ANTÔNIO I - GURIU;LOCALIDADE DE GURIU - POVOADO
SANTANA DO ACARAÚ;44;86;MORRO DOS ROCHAS;GRUPO ESCOLAR EDUARDO ROCHA;MORRO DOS ROCHAS
ITAITINGA;78;401;BARROCÃO;EEF JARDIM DE FÁTIMA;RUA ELIATAR DIÓGENES, S/N
ARACATI;8;69;SÃO CHICO;ESCOLA DE 1 GRAU SÃO FRANCISCO;SÃO CHICO
PEREIRO;10;160;SITIO VARRELO;ESCOLA MUNICIPAL MARIA NAZARE DE JESUS;SITIO VARRELO
ITAPAJÉ;41;153;SAO MIGUEL DE BAIXO;ESCOLA MUNICIPAL ANTONIO VIANA DE MESQUITA;SAO MIGUEL DE BAIXO
CRATO;27;65;PIMENTA;COLÉGIO PEQUENO PRÍNCIPE;RUA VINTE E UM DE JUNHO, 935
PINDORETAMA;7;104;CENTRO-PINDORETAMA;EMEB FRANCISCA HOLANDA COSTA;RUA MARECHAL CASTELO BRANCO, 1074
IBICUITINGA;47;262;CANINDEZINHO;EEB MANOEL ANTONIO DE FREITAS;CANINDEZINHO  - SEDE
CROATÁ;74;78;DISTRITO;ESCOLA MUNICIPAL DE VISTA ALEGRE - TUCUNS;TUCUNS
ACOPIARA;60;22;CENTRO;EEF JOSE ADONIAS GURGEL DE ALBUQUERQUE;RUA JOAO PAULO II
FORTALEZA;2;789;MESSEJANA;COLÉGIO PAIVA ANDRADE;RUA INÁCIO MOREIRA, 133
FORTALEZA;1;891;MANUEL DIAS BRANCO;COLÉGIO CÍVICO MILITAR BATALHA DO RIACHUELO;R. E, 100 - MANUEL DIAS BRANCO
IGUATU;13;333;COHABS;ESCOLA DE ENS FUND PADRE JANUARIO CAMPOS (MUNICIPAL);ESTRADA DO BAU COHAB III
PINDORETAMA;7;38;CAPIM DE ROÇA;EMEB JOAQUIM NUNES VIEIRA;RUA JOAQUIM NUNES VIEIRA, 445
IGUATU;13;32;PLANALTO;ESCOLA DE ENS MEDIO AMELIA FIGUEIREDO DE LAVOR;RUA 13 DE MAIO SN
IPAUMIRIM;92;121;VILA FAZENDINHA;POSTO DE SAÚDE DA VILA FAZENDINHA;VILA FAZENDINHA
FORTALEZA;117;452;CONJUNTO ESPERANÇA;COLEGIO SANTA HELENA;AV CONTORNO NORTE 819
CRATO;27;281;MURITI;EEF PROF. JOSÉ DO VALE ARRAES FEITOSA;RUA VICENTE GREGÓRIO MARINHO, SN. N. SRA. DE FÁTIMA. BARRO BRANCO
FORTALEZA;83;472;BELA VISTA;ESCOLA MUNICIPAL DOM JOSÉ TUPINAMBA DA FROTA;RUA VIRIATO RIBEIRO 1031
TRAIRI;97;191;FLEIXEIRAS;EEF FURTUNATO SEVERIANO DA COSTA;FLEIXEIRAS
CRATO;27;196;VILA LOBO;EEIEF ANTÔNIO ANTUÉRPIO GONZAGA DE MELO;RUA ANTÔNIO ESMERALDO LEITE S/N
ITAPIPOCA;17;564;CRUXATI;EEB ALONSO PINTO DE CASTRO;BETÂNIA
FORTALEZA;94;896;PADRE ANDRADE;EEMTI MONSENHOR DOURADO;AVENIDA SARGENTO HERMÍNIO SAMPAIO 4600
FORTALEZA;113;304;BOM FUTURO;COLÉGIO MEDALHA MILAGROSA;RUA PADRE JOÃO PIAMARTA,  415
GUARACIABA DO NORTE;74;110;DISTRITO;ESCOLA MUNICIPAL DE VARZEA REDONDA;VARZEA REDONDA
FORTALEZA;115;328;JARDIM CEARENSE;EM JOÃO ESTANISLAU FAÇANHA;RUA ONZE, S/N - CONJUNTO CAMPO DOS INGLESES
PEDRA BRANCA;59;48;BOM PRINCIPIO;EEFTI SABINO VIEIRA CAVALCANTE;RUA FORTUNATO SILVA, 243
ACOPIARA;60;1;CENTRO;EEF JOSE ADONIAS GURGEL DE ALBUQUERQUE;RUA JOAO PAULO II
FORTALEZA;115;285;PARANGABA;FACULDADE UNINASSAU - PARANGABA;RUA GERMANO FRANCK, 567
FORTALEZA;115;301;SERRINHA;EMEIF WALDEMAR BARROSO;RUA CÔNEGO LIMA SUCUPIRA,  1651
FORTALEZA;117;252;CONJUNTO ESPERANÇA;EEEP DARCY RIBEIRO;RUA CONEGO DE CASTRO, S/N
FORTALEZA;2;119;GUAJERU;EEEP COMENDADOR MIGUEL GURGEL;RUA JOSE BAIMA, S/N
CAUCAIA;120;448;PLANALTO CAUCAIA;E.E.F.M. VICENTE ARRUDA;RUA, 113 S/N - CIGANA
CROATÁ;74;55;DISTRITO;ESCOLA MUNICIPAL DE SAO ROQUE;SAO ROQUE
FORTALEZA;3;33;CENTRO;SESC FORTALEZA;RUA CLARINDO DE QUEIROZ, 1740
ITAITINGA;78;310;PARQUE GENEZARÉ;EEF ELIAS DE SOUSA;RUA JOSE RODRIGUES PEREIRA, 137
FORTALEZA;118;476;PARQUE DOIS IRMÃOS;COLEGIO MARIA ESTER II;RUA F (CONJUNTO MIRASSOL), 158
TEJUÇUOCA;41;84;CENTRO-SEDE;ESCOLA DE ENSINO MÉDIO DEPUTADO FERNANDO MOTA;RUA ALFREDO PINTO DE MESQUITA
PACATUBA;57;10;ALTO SAO JOAO;PROJETO ABC-PACATUBA;RUA FRANCISCO LOPES SOBRINHO, 1619
FARIAS BRITO;62;253;SEDE;EEI JOANA ALVES BEZERRA;RUA ARACI FREITAS FRANCELINO, S/N
BOA VIAGEM;63;96;AGUAS BELAS;EEF MOISES ALVES MESQUITA;CAMARA DOS TEMOTEOS
CARIRIAÇU;71;133;BICO DA ARARA;EEF ARARA AZUL;AV PEDRO LUCIANO VIEIRA
INDEPENDÊNCIA;39;215;ASSENTAMENTO ANICETO;EEF SANTA MARIA;ASSENTAMENTO ANICETO
VARJOTA;65;197;BALNEARIO;E.E.I. JOSÉ NEVES DAMASCENO - CRECHE BALNEÁRIO;RUA ANTÔNIO DE OLIVEIRA, S/N
URUBURETAMA;23;41;CENTRO;C S U - ANEXO COLEGIO MUNICIPAL MARIA JULIA MAIA BONFIM;RUA FARMACEUTICO JOSÉ RODRIGUES S/N
ACOPIARA;60;196;DISTRITO SANTA FELICIA;EEF MANOEL BENTO FERREIRA;SITIO JATOBA
MARANGUAPE;4;142;ITAPEBUSSU;EMEF PROFESSORA MARIA EUGÊNIA DE OLIVEIRA;RUA MANOEL GUEDES MARTINS, 1130
ARACATI;8;116;JIRAU II;E.E.F. ROMANA MARIA;JIRAU II
AQUIRAZ;66;207;TELHA-CAMARA;EMEF JOSE RODRIGUES MONTEIRO;RUA ANGELO RODRIGUES MONTEIRO 882
CEDRO;13;514;PRADO;IFCE-INSTITUTO DE EDUCAÇÃO, CIÊNCIA E TECNOLOGIA DO CEARÁ;RUA ALAMEDA JOSÉ QUINTINO, S/N
BREJO SANTO;70;236;ZONA RURAL;PSF UMBUZEIRO;SITIO UMBUZEIRO
AMONTADA;89;207;ICARAÍ;EEBTI DOMINGOS CARLOS DAMASCENO;PACOVAS
APUIARÉS;50;120;ZONA RURAL;EEF JOÃO CARDOSO BEZERRA;SANTO ANTÔNIO
VIÇOSA DO CEARÁ;35;65;PADRE VIEIRA;E.E.F ISAAC VIEIRA DO ESPIRITO SANTO;SITIO PASSAGEM FLORIDA
NOVO ORIENTE;99;142;CENTRO;EEF FRANCISCO RUFINO VIEIRA;RUA CAPITAO RODRIGO S/N
JAGUARIBE;10;9;CENTRO;COLEGIO CARMELA DUTRA;AV OITO DE NOVEMBRO 1087
IPUEIRAS;40;56;CENTRO;COLEGIO ESTADUAL OTACÍLIO MOTA - CENTRO;RUA CORONEL MANOEL MOURÃO, 389
TIANGUÁ;81;292;LAURÃO;E.E.I.F. FREI GERVÁSIO;RUA ALBERCY NOGUEIRA DE VASCONCELOS , SN
MORRINHOS;44;7;CENTRO;COLÉGIO MORRINHENSE CÔNEGO SARAIVA;RUA JOAQUIM CORIOLANO ROCHA
QUIXERAMOBIM;11;270;MARAVILHA;ESCOLA ALVARO DE ARAUJO CARNEIRO;ALTO DA MARAVILHA
MAURITI;76;147;BELA VISTA;E.E. PROFISSIONALIZANTE PE. JOÃO BOSCO DE LIMA;RUA 03, S/N
LIMOEIRO DO NORTE;29;139;CENTRO;CENTRO EDUCACIONAL SAO VICENTE DE PAULO - PATRONATO;RUA SABINO ROBERTO 398
HORIZONTE;78;174;MANGUEIRAL;CEI - ADÍLIA FERREIRA LIMA;RUA ALEXANDRE JOCA, 572 - MANGUEIRAL
QUIXERAMOBIM;11;109;MANITUBA;ESCOLA JOSE CARLOS DA SILVA;JARDIM
PORTEIRAS;70;307;PEDRA BRANCA-SEDE;E E F JOSEFINA RODRIGUES;SITIO PEDRA BRANCA
JUAZEIRO DO NORTE;119;410;PIRAJA;ESCOLA CLOTILDE SARAIVA COELHO;LIMOEIRO 2338
MISSÃO VELHA;16;97;MISSAO NOVA;CENTRO DE EDUCACAO RURAL PEDRO RAIMUNDO DA CRUZ - CERU;DISTRITO DE MISSAO NOVA
CAPISTRANO;105;24;ZONA RURAL;ESCOLA DE ENSINO FUNDAMENTAL RAIMUNDO ALVES CASSEMIRO;CARQUEIJA
ASSARÉ;18;73;GENEZARE;ESCOLA DE 1 GRAU JOAQUIM NECO DA COSTA;RUA EUCLIDES BRANDAO  S/N
TRAIRI;97;136;SERRINHA;EEF PROFESSOR ELIZEU BARBOSA;ALTO SAO FRANCISCO
FORTIM;8;305;PONTAL DE MACEIO;EEFTI. PROFESSORA EMILIA QUEIROZ;PONTAL DE MACEIO
FORTALEZA;3;416;ALDEOTA;UNICHRISTUS ALDEOTA;RUA VISCONDE DE MAUÁ, 1940
FORTALEZA;115;365;VILA PERI;EM CATULO DA PAIXAO CEARENSE;RUA LEAO DO NORTE 300
CARIRIAÇU;71;147;MIRAGEM;EEF GIRASSOL;SITIO SÃO PAULO
FORTALEZA;85;116;CONJUNTO CEARÁ I;CCDH - CENTRO DE CIDADANIA E DIREITOS HUMANOS (ANTIGO LUCIO ALCANTARA);AV. ALANIS MARIA LAURINDO DE OLIVEIRA, 461, 1A ETAPA
SOBRAL;24;563;JOSÉ EUCLIDES;EEFI MARIA YEDA FROTA FELIX MONTALVERNE;RUA AIRTON SENNA, 300, CIDADE JOSE EUCLIDES II
NOVO ORIENTE;99;24;CENTRO;EEB DR. ANTONIO EUFRASINO NETO;RUA LUIZ BEZERRA, S/N
IPUEIRAS;40;109;ARRAIAL;ESCOLA DE ENSINO FUNDAMENTAL AQUILES PERES MOTA - ARRAIAL;ARRAIAL
FORTALEZA;1;901;VICENTE PINZON;ESCOLA PROFISSIONAL MARIA ANGELA DA SILVEIRA BORGES;RUA PINTOR ANTONIO BANDEIRA, S/N
FORTALEZA;2;97;LAGOA REDONDA;COLÉGIO AGNUS SUL;TRAVESSA MARROCOS, 145
PIRES FERREIRA;21;44;CENTRO;E.E.F. ALZIRA MARIA DE ARAUJO;RUA MARIA ANTUSA SOARES PASSOS, SN
JUCÁS;43;85;SÃO PEDRO DO NORTE - VILA;ESCOLA DE 1 GRAU DOM JOSE MAURO;RUA JOSE NORBERTO DE SOUSA S/N
JIJOCA DE JERICOACOARA;30;206;ZONA RURAL;ESCOLA FRANCISCO SALES DE CARVALHO;CORREGO DA FORQUILHA II
CAMOCIM;32;223;BOA ESPERANCA;ESCOLA MUNICIPAL DE 1 GRAU FCO OTONI COELHO;RUA BANDEIRANTES 646
VIÇOSA DO CEARÁ;35;175;ZONA RURAL;E.E.F NOSSA SENHORA DAS GRAÇAS;SITIO LAGOA SECA
IGUATU;13;89;VILA MOURA;ESCOLA DE ENSINO MEDIO LUCAS EMANUEL;RUA AMALIA BRASIL SN
CAUCAIA;120;432;CONJUNTO METROPOLITANO;E.E.I.E.F. ANTÔNIO MIRANDA DE MELO;RUA PEDRO ALVES DE MENEZES, 1095 - CONJUNTO METROPOLITANO
MARANGUAPE;4;621;CÔNEGO RAIMUNDO PINTO - MARANGUAPE;EEMTI EUNICE WEAVER;AV SEN ALMIR PINTO KM 15 PAU SERRADO
LIMOEIRO DO NORTE;29;16;CENTRO;ESCOLA NORMAL DE LIMOEIRO;AV DOM AURELIANO MATOS 1759
FORTALEZA;116;28;GRANJA PORTUGAL;EM IRMA ROCHA;RUA EMILIO DE MENEZES 2515
FORTALEZA;82;664;CARLITO PAMPLONA;FEDERAÇÃO DO MOVIMENTO COMUNITÁRIO DO PIRAMBU - FEMOCOPI;AV. PRES. CASTELO BRANCO, 2709
CRATEÚS;20;135;SANTO ANTÔNIO;ESCOLA DE CIDADANIA DE INGA;INGA
NOVA RUSSAS;48;29;ALTO DA BOA VISTA;EMTI ALFREDO GOMES;RUA QUINTINO BOCAIUVA 520
CRATO;27;266;SEMINÁRIO;CENTRO DE EDUCAÇÃO INFANTIL LICEU DIOCESANO;RUA DOUTOR MANOEL MACEDO, 122
PACATUBA;57;1;ALTO SAO JOAO;PROJETO ABC-PACATUBA;RUA FRANCISCO LOPES SOBRINHO, 1619
VIÇOSA DO CEARÁ;35;7;CENTRO;COLÉGIO TENENTE ANGELO DE SIQUEIRA PASSOS;RUA FRANCISCO CALDAS DA SILVEIRA 180
SOBRAL;24;526;DOM JOSÉ;EEFI ANTENOR NASPOLINI;RUA PREFEITO JERONIMO PRADO, S/N
VIÇOSA DO CEARÁ;35;180;SITIO QUEIMADAS;E.E.I.F JOAO EUFRASIO DE OLIVEIRA;SITIO QUEIMADAS
FORTALEZA;3;21;CENTRO;COLÉGIO 7 DE SETEMBRO (SEDE NGS);AV. DO IMPERADOR, 1330
ITAPIPOCA;17;444;CACIMBAS;CENTRO EDUCACIONAL MARIA MAGALHAES VIANA AZEVEDO;RUA MOESIO LOIOLA S/N
CEDRO;13;465;CENTRO;COLEGIO ESTADUAL CELSO ARAUJO;RUA ZE PAJE, 241
UMIRIM;23;237;DO POSTO-SEDE;EEF ZACARIAS LIBERATO DIAS;BR 222 SN
IPUEIRAS;40;26;CENTRO;CENTRO COMUNITÁRIO SIMÃO ALVES DA COSTA - CENTRO;RUA JOSÉ MIRAUGUSTO, 84
CHAVAL;108;7;CENTRO;EEF FRANCISCO PEREIRA FONTENELE;TRAVESSA DOMÍCIO FERNANDES PEREIRA, SN
PEDRA BRANCA;59;128;SEDE;ESCOLA DE ENSINO FUNDAMENTAL JOSE GABRIEL DE SOUZA;SITIO SAO GONCALO DOS GABRIEL
CRATO;27;160;CENTRO;COLÉGIO DIOCESANO DO CRATO;RUA NÉLSON ALENCAR, 569
FORTALEZA;1;347;MUCURIPE;ESCOLA MUNICIPAL JOSE RAMOS TORRES DE MELO;AVENIDA DA ABOLIÇÃO 3984
IPAUMIRIM;92;125;CANAUNA-DISTRITO;E.E.F.T.I. FRANCISCO DE MELO E SILVA;DISTRITO DE CANAUNA, SN
FORTALEZA;93;162;MONDUBIM;EM JOAO HILDO DE CARVALHO FURTADO;RUA MIGUEL ARAGÃO, S/N ARACAPÉ
FORTALEZA;93;247;PLANALTO AYRTON SENNA;EM PROFESSORA IRENE DE SOUZA PEREIRA;RUA PARQUE UMARI, 100
FORTALEZA;117;329;BOM JARDIM;ESCOLA MUNICIPAL HERBERT DE SOUSA;RUA URUCUTUBA 1599
ITAITINGA;78;238;CENTRO;EEF VALMIQUE SAMPAIO ALBUQUERQUE;RUA JOSMO GURGEL ARAUJO, 1256
FORTALEZA;3;568;ALDEOTA;COLÉGIO CHRISTUS (AV. BARÃO DE STUDART);RUA JOÃO CARVALHO, 630
FORTALEZA;2;798;MESSEJANA;CLUBE DA CAIXA;AVENIDA FREI CIRILO 4700
CRATO;27;334;SÃO JOSÉ;EEIEF SINOBILINA PEIXOTO;RUA JOAQUIM PINHEIRO FILHO S/N. CONJUNTO PADRE CÍCERO
JAGUARIBARA;72;51;CENTRO;E.E.M LICEU JOSE FURTADO DE MACEDO;AV. MARLINDA ELÓI, 389
FORTALEZA;2;107;MESSEJANA;EMEIF DEMOCRITO ROCHA;RUA PADRE PEDRO DE ALENCAR, 2012
FORTALEZA;114;325;BARRA DO CEARÁ;EM AGOSTINHO MOREIRA E SILVA;RUA PERI, 20
CRATO;27;234;PALMEIRAL;URCA - CURSO DE DIREITO;AVENIDA TEODORICO TELES, 745
TEJUÇUOCA;41;182;VENANCIO;ESCOLA DE 1 GRAU JOSE BEZERRA SIQUEIRA;VENANCIO
JUAZEIRO DO NORTE;119;206;FREI DAMIAO;EEMTI DOM DOM ANTONIO CAMPELO DE ARAGÃO (CAIC);RUA VEREADOR RAIMUNDO JOSÉ RODRIGUES DA SILVA, S/N
CRATEÚS;20;209;SANTO ANTÔNIO;UNIDADE BÁSICA DE SAÚDE DO VALENTE;VALENTE
CEDRO;13;434;CENTRO;COLEGIO ESTADUAL CELSO ARAUJO;RUA ZE PAJE, 241
FORTALEZA;114;281;BARRA DO CEARÁ;EM FRANCISCO DOMINGOS DA SILVA;AVENIDA PRESIDENTE CASTELO BRANCO 4707
GENERAL SAMPAIO;50;123;CONJUNTO SÃO JOSÉ;EEMTI EDITE ALCÂNTARA MOTA;RUA DO CAMPO, S/N
MARACANAÚ;122;230;NOVO MARACANAU;EMEF PRESIDENTE TANCREDO NEVES;RUA 06 COM RUA 02 S/N
SALITRE;38;163;ZONA RURAL, SALITRE/CE;U.B.S. MARIA DE LOURDES DIAS PEREIRA - SÍTIO ESPIRITO SANTO;SÍTIO ESPIRITO SANTO
TIANGUÁ;81;303;ÁREA RURAL DE TIANGUÁ;E.E.F. LUIZ SERAFIM;SÍTIO LAJES
OCARA;67;227;CURUPIRA-DISTRITO;ESCOLA MUNICIPAL RAIMUNDO LOPES BRAVEZA - ENSINO FUNDAMENTAL;SEIS CARNAUBAS
MOMBAÇA;46;103;MORADA NOVA;ESCOLA DE ENSINO FUNDAMENTAL MARIA AMBROSINA CAVALCANTE;MORADA NOVA
CRATEÚS;20;111;CENTRO;SINDICATO DOS TRABALHADORES RURAIS DE CRATEUS;RUA CEL LUCIO 715
HORIZONTE;78;411;MANGUEIRAL;CEI - ADÍLIA FERREIRA LIMA;RUA ALEXANDRE JOCA, 572 - MANGUEIRAL
FORTALEZA;3;500;MEIRELES;IDEAL CLUBE;AV. MONSENHOR TABOSA,  1381
CAUCAIA;120;322;SITIOS NOVOS;E.E.F. ALICE MOREIRA DE OLIVEIRA;RUA HENRIQUE MARTINS, S/N
SOBRAL;24;496;DOM JOSÉ;EEFI ANTENOR NASPOLINI;RUA PREFEITO JERONIMO PRADO, S/N
VIÇOSA DO CEARÁ;35;93;SITIO LAGOA DO BARRO;GRUPO ESCOLAR DA LAGOA DO BARRO;SITIO LAGOA DO BARRO
PIQUET CARNEIRO;12;135;IBICUA;EMEF ANA CLARA DE MAGALHAES;RUA JOSÉ TEOTÔNIO, S/N
VARJOTA;65;199;VÁRZEA DA PALHA;E.E.I.F.FRANCISCO PEREIRA DA COSTA;VÁRZEA DA PALHA - ZONA RURAL
SOBRAL;121;33;ARACATIAÇU;ETI MARIA DE LOURDES DE VASCONCELOS;RUA MONSENHOR LINHARES, S/N
BREJO SANTO;70;424;MORRO DOURADO;ESCOLA MUNICIPAL MESTRE ZE LUIS SILVA RAMOS;RUA ANTONIO GERONIMO SILVA S/N
TIANGUÁ;81;309;ÁREA RURAL DE TIANGUÁ;E.E.F. JOSÉ MARIA DA SILVA;SÍTIO PÉ DO MORRO
MARANGUAPE;4;652;AMANARI;EMEFTI ANTONIO LUIS COELHO;RUA DO COMERCIO S/N
FORTALEZA;1;715;VARJOTA;FACULDADE FARIAS BRITO - CASTRO MONTE;RUA CASTRO MONTE 1364
JAGUARETAMA;72;75;SITIO SERROTE BRANCO;E.M.E.F JOSE TEIXEIRA NERES;SITIO SERROTE BRANCO
POTENGI;68;61;SITIO ESCONDIDO;UBS - SÍTIO ESCONDIDO;SITIO ESCONDIDO
IPAPORANGA;20;268;LAGOA DO BARRO;ESCOLA DE ENSINO FUNDAMENTAL LUIZ LOPES DE SOUSA;ESTREITO
CEDRO;13;441;CENTRO;COLEGIO ESTADUAL CELSO ARAUJO;RUA ZE PAJE, 241
MILHÃ;55;58;CENTRO;ESCOLA DE ENSINO FUNDAMENTAL CLEONICE B. PINHEIRO ROSA;RUA PEDRO JOSE DE OLIVEIRA 908
IPU;21;53;FLORES;UNIDADE BASICA DE SAUDE DAS FLORES - FRANCISCO DAS CHAGAS TORRES;FLORES
TAUÁ;19;56;TAUAZINHO;EEM MARIA DAS DORES CIDRÃO ALEXANDRINO;AV CEL VICENTE ALEXANDRINO DE SOUSA 04
IGUATU;13;264;VILA CIDAO;CAMPUS MULTI-INSTITUCIONAL HUMBERTO TEIXEIRA (URCA/UECE/CENTEC);AV DÁRIO RABELO SN
FORTALEZA;114;269;PRESIDENTE KENNEDY;EM SÃO JOSÉ;AVENIDA DOUTOR THEBERGE 2288
SOBRAL;24;655;RENATO PARENTE;EEEP LYSIA PIMENTEL GOMES;AV. JOHN SANFORD, 1223
ARACATI;8;190;CENTRO;INSTITUTO SAO JOSE;RUA CEL ALEXANDRINO 563
TARRAFAS;18;29;ZONA RURAL;GRUPO ESCOLAR JOAO RICARTE DE CARVALHO;RUA PRINCIPAL SN  -  CACHOEIRA DOS RICARTES - ZONA RURAL
JAGUARUANA;75;94;TABULEIRO;E.E.F. MONSENHOR ALUISIO DE CASTRO FILGUEIRAS;RUA JOAO FRANCISCO RODRIGUES 1384
MILHÃ;55;131;CENTRO;ESCOLA DE ENSINO FUNDAMENTAL CLEONICE B. PINHEIRO ROSA;RUA PEDRO JOSE DE OLIVEIRA 908
IBIAPINA;73;217;PRAÇA DO ESTÁDIO;SINDICATO DOS TRABALHADORES RURAIS;RUA VEREADOR MANOEL RODRIGUES, S/N
TARRAFAS;18;61;CENTRO;CRECHE PINGO DE GENTE;RUA SÃO JOSÉ, 99
MARANGUAPE;4;519;CENTRO - MARANGUAPE;EMEF CAPISTRANO DE ABREU;RUA CEL ANTÔNIO BOTELHO, 366
CRATEÚS;20;55;CIDADE NOVA;CENTRO DE EDUCACAO DE JOVENS E ADULTOS PROFESSOR LUIZ BEZERRA;RUA DR LUIZ CHAVES E MELO
QUITERIANÓPOLIS;99;105;ZONA RURAL;EEIF ANÍZIO FROTA;DISTRITO SAO FRANCISCO
MARCO;96;196;LOCALIDADE DE SANTA ROSA II;EEEP MONS. WALDIR;ROD. BR 402, KM 03
COREAÚ;64;58;Centro;COREAÚ - SECRETARIA MUNICIPAL DE EDUCAÇÃO;AV. PREFEITO VILAR FONTENELE, 81- CENTRO
FORTALEZA;2;800;MESSEJANA;FACULDADE ATENEU DO CEARÁ;AV. COLETOR ANTONIO GADELHA, 621
CRATO;27;204;BAIXIO DAS PALMEIRAS;EEIEF ARLINDO MATHIAS;ROD. ANTÔNIO TELES S/N, ROMUALDO
CRATO;27;123;LAMEIRO;EEIEF ROTARY;AV. JOSÉ HORÁCIO PEQUENO, 1851
CASCAVEL;7;89;SEDE;PATRONATO JUVENAL DE CARVALHO;RUA PADRE VALDEVINO 2070 - CENTRO
CASCAVEL;7;146;SITIO COAÇU;ESC.ENS.FUND. FRANCISCO LOPES DA SILVA - COAÇU;LOCALIDADE DE COAÇU
LIMOEIRO DO NORTE;29;38;CENTRO;EEM LAURO REBOUCAS DE OLIVEIRA;RUA DOS EXPEDICIONARIOS 2921
PIQUET CARNEIRO;12;181;SEDE;EMEIF BARRA DO SERROTE;SÍTIO MONTEIROS
PEREIRO;10;175;CENTRO;CRECHE PARAISO INFANTIL;RUA NEL QUEIROZ S/N
LIMOEIRO DO NORTE;29;178;CÓRREGO DE AREIA;EEF ANTONIO DE CASTRO PEREIRA;SITIO CORREGO DE AREIA
SÃO GONÇALO DO AMARANTE;36;313;LAGOINHA;CEI MARIA SOARES DE ALMEIDA;RUA MAJOR JOÃO MARTINS
TARRAFAS;18;141;CENTRO;CENTRO DE EDUCAÇÃO INFANTIL;RUA ANTONIO GONCALVES VALENÇA, S/N
CAUCAIA;120;222;CONJUNTO METROPOLITANO;E.E.I.E.F. OSMAR DIÓGENES PINHEIRO;RUA EDMUNDO RODRIGUES, 485 - CONJUNTO METROPOLITANO
FORTALEZA;3;131;JACARECANGA;COLÉGIO ESTADUAL LICEU DO CEARÁ;PRAÇA GUSTAVO BARROSO, 01
FORTALEZA;3;646;MEIRELES;WIZARD - AV. SANTOS DUMONT;AV. SANTOS DUMONT, 2110 (ESQ. COM RUA SILVA PAULET)
CAMOCIM;32;39;CENTRO;COLEGIO GEORGINA LEITAO MACEDO;RUA SANTOS DUMONT S/N
ITAITINGA;78;232;CENTRO;EEF VALMIQUE SAMPAIO ALBUQUERQUE;RUA JOSMO GURGEL ARAUJO, 1256
NOVA RUSSAS;48;42;ALTO DA BOA VISTA;ESCOLA MUNICIPAL CORNÉLIO ROSA;RUA CORNÉLIO ROSA, 296
FORTALEZA;118;476;PARQUE DOIS IRMÃOS;COLEGIO MARIA ESTER II;RUA F (CONJUNTO MIRASSOL), 158
IRAUÇUBA;41;21;JUA;ESCOLA MUNICIPAL MIGUEL FERNANDES;RUA JOAQUIM PEREIRA PASSOS SN
ITAREMA;98;122;ZONA RURAL;EMEF FRANCISCO ANTERO DE SANTANA;CE 434 KM 16 - CORREGO DA VOLTA
FORTALEZA;3;642;MEIRELES;NÁUTICO ATLÉTICO CEARENSE;AV. DA ABOLIÇÃO, 2727
FORTALEZA;1;882;ALDEOTA;COLEGIO ARI DE SA - MONSENHOR CATAO;RUA MONSENHOR CATAO, 1655
IPAPORANGA;20;264;SÍTIO ARARAS;ESCOLA DE ENSINO FUNDAMENTAL JOAQUIM CORREIA DE SOUSA;CANABRAVINHA
VIÇOSA DO CEARÁ;35;141;LAMBEDOURO;E.E.I.F ANTONIO CARNEIRO MAGALHAES;SITIO CARAUBAS
ITAPIPOCA;17;694;CENTRO;EEM JOAQUIM MAGALHÃES;RUA PERGENTINA ARAUJO S/N
FORTALEZA;3;452;ALDEOTA;COLÉGIO DARWIN;RUA ILDEFONSO ALBANO, 1030
CAUCAIA;120;383;GENIPABU;E.E.I.E.F. OSCAR DE AZEVEDO E SÁ;BR 222, KM 17
FORTALEZA;114;201;PRESIDENTE KENNEDY;EM GABRIEL CAVALCANTE;QUADRA F 167 CONJUNTO CASTELO BRANCO
ARACOIABA;67;104;PLACIDO MARTINS-DISTRITO;ESCOLA MUNICIPAL PEDRO LUIS DA SILVA;LAGOINHA
IBICUITINGA;47;218;CENTRO;EEB ENEAS FERREIRA NOBRE;RUA CAPITAO MANOEL ANTONIO 2180
FORTALEZA;2;408;MESSEJANA;EEEP JOSE DE BARCELOS;RUA ANGELICA GURGEL 362
TEJUÇUOCA;41;282;BARRA DO CAXITORÉ;ESCOLA DE ENSINO FUNDAMENTAL DE TEMPO INTEGRAL JOSE MOREIRA LOPES;BARRA
FORTALEZA;93;234;PREFEITO JOSÉ WALTER;EM DIOGO VITAL DE SIQUEIRA;AVENIDA L , S/N
ACOPIARA;60;84;TRUSSU;EEF RICARDO PEREIRA CAVALCANTE;TRUSSU
VIÇOSA DO CEARÁ;35;123;SITIO RIACHO;E.E.F HORÁCIO FONTENELE MAGALHÃES;SITIO INGÁ
MARACANAÚ;122;274;LUZARDO VIANA;E.M.E.I.E.F. MANOEL MOREIRA LIMA;ESTRADA DO PAU SERRADO, S/N
CAMOCIM;32;159;ZONA RURAL;ESCOLA JOSE NAZUZA DIAS - PESQUEIRO;LOCALIDADE DE PESQUEIRO
CAMOCIM;32;36;CENTRO;SETOR DE TRIBUTAÇÃO DA PREFEITURA / RECEITA FEDERAL;RUA SANTOS DUMONT,  S/N
MISSÃO VELHA;16;70;CENTRO;URCA (ANTIGO GINASIO PAROQUIAL);RUA CORONEL JOSE DANTAS, SN
CRATO;27;61;PIMENTA;COLÉGIO PEQUENO PRÍNCIPE;RUA VINTE E UM DE JUNHO, 935
PEREIRO;10;158;SITIO SAO PAULO;ESCOLA MUNICIPAL JOSE NILSON BEZERRA;SITIO SAO PAULO
MARACANAÚ;104;368;JARDIM BANDEIRANTES;EMEF EVANDRO AYRES DE MOURA;RUA SÃO SEBASTIÃO, 341
CROATÁ;74;43;DISTRITO;ESCOLA MUNICIPAL LUIZ BEZERRA DE PAULO (BARRA DO SOTERO);BARRA DO SOTERO
MARACANAÚ;122;267;NOVO ORIENTE;EMEF JOSE DANTAS SOBRINHO;AV. CENTRAL, S/N
JUAZEIRO DO NORTE;119;189;SANTA TEREZA;ESCOLA ADAUTO BEZERRA (SEGUNDO GRAU);CASTELO BRANCO SN
JUAZEIRO DO NORTE;119;399;AEROPORTO;COLÉGIO ESTRELA;AVENIDA DEPUTADO DUARTE JUNIOR, 457
ORÓS;15;308;SANTAREM - DISTRITO;E.E.F. MANOEL MOREIRA PEQUENO;RUA NOSSA SRA. DA CONCEIÇÃO, 118
MILHÃ;55;143;CENTRO;CENTRO ADMINISTRATIVO DO DISTRITO DO MONTE GRAVE;DISTRITO MONTE GRAVE
ACOPIARA;60;79;DISTRITO SANTA FELICIA;EEF PEDRO GOMES DE ALMEIDA;SITIO OITICICA DE UMARI
GRANJEIRO;62;168;SÍTIO SERRA NOVA;POSTO DE SAÚDE - SERRA NOVA;SITIO SERRA NOVA
PIQUET CARNEIRO;12;134;IBICUA;EMEF MESTRE JÚLIO;RUA CORONEL FILEMOM MAGALHÃES, S/N
CRATO;27;74;CENTRO;EEIEF SÃO FRANCISCO;RUA BRIGADEIRO LEANDRO BEZERRA MONTEIRO, 406
CAUCAIA;120;99;CONJUNTO METROPOLITANO;E.E.I.E.F. OSMAR DIÓGENES PINHEIRO;RUA EDMUNDO RODRIGUES, 485 - CONJUNTO METROPOLITANO
FORTALEZA;2;162;MESSEJANA;INSTITUTO FREI JOAO PEDRO DE SEXTO;AVENIDA FREI CIRILO, 4241
SOBRAL;24;269;SÃO JOSÉ DO TORTO;EEFI ELPIDIO RIBEIRO DA SILVA;TORTO
BATURITÉ;5;86;CANDEIA BOA VISTA-POVOADO;EMEF MARIA DE LOURDES DA SILVEIRA;CANDEIA BOA VISTA, SN
IRAUÇUBA;41;192;BOA VISTA DO CAXITORE;ESCOLA MUNICIPAL DR. MARCELO SANFORD;BOA VISTA DO CAXITORE
MILAGRES;26;59;SITIO VALDIVINO;POSTO DE SAUDE DO VALDIVINO;SITIO VALDIVINO
CARIÚS;43;190;SITIO BRAVAS;EEIF JOSE LUIZ DE CARVALHO;SITIO BRAVAS
FORTALEZA;113;44;JOSÉ BONIFÁCIO;COLÉGIO FARIAS BRITO PRÉ - VESTIBULAR;AV. BARÃO DO RIO BRANCO, 2424
ITAREMA;98;100;CENTRO;CEI - ANA CELIA GIFONI TAVARES RIOS;RUA JOSE FERNANDES DE SOUSA S/N
JARDIM;119;294;CENTRO;CENTRO EDUCACIONAL PADRE ALDEMIR;RUA FRANCISCO RORIZ 227
ICÓ;15;327;CASCAVEL - SITIO;ESCOLA MUNICIPAL JOAQUIM MARTINS DO NASCIMENTO;SITIO CASCAVEL S/N
IGUATU;13;585;CENTRO;ESCOLA DE ENSINO MÉDIO EM TEMPO INTEGRAL DE IGUATU;RUA GUILHERME DE OLIVEIRA, 842
ORÓS;15;322;CENTRO;CEI MARIA AURILA PEQUENO VIDAL;RUA LUIZ ROLIM, S/N
OCARA;67;273;SERRAGEM-DISTRITO;ESCOLA MUNICIPAL MANOEL TOMAZ DE LIMA - ENSINO FUNDAMENTAL;LAGOINHA
URUBURETAMA;23;351;SÃO ROMÃO-BANANAL / ZONA RURAL;EEF FIDELIS DE CARVALHO;SAO ROMAO
BARREIRA;52;126;LAGOA DO BARRO;UBS MARIA ANGÉLICA SANTIAGO ;LAGOA DO BARRO
ITATIRA;33;251;ZONA RURAL;POSTO DE SAÚDE;LOCALIDADE DE SANTANA I
QUIXERAMOBIM;11;262;MANITUBA;ESCOLA ALFREDO ALMEIDA MACHADO- MANITUBA;VILA DE MANITUBA
MONSENHOR TABOSA;61;164;CENTRO;E.M.E.F.T.I LUIZ LEITAO;AVENIDA PESSOA PIRES  2
SÃO LUÍS DO CURU;23;313;CENTRO-SEDE;E.E.F. PADRE JOSE SINVAL FACUNDO;RUA PEDRO CIPRIANO SN
SENADOR POMPEU;12;65;SAO JOAQUIM;EEIEF ANTONIO JACOB FILHO;SAO JOAQUIM DE BAIXO
PEREIRO;10;183;ZONA RURAL;POSTO DE SAÚDE MONSENHOR DIOMEDES;SÍTIO CHAPADA
SANTANA DO CARIRI;53;105;CENTRO;EMEF GENEROSA AMÉLIA DA CRUZ;RUA 11 DE JANEIRO, 389
SOBRAL;24;690;APRAZÍVEL;ANEXO MANOEL MACHADO PORTELA (PAU D'ARCO);LOCALIDADE PAU D'ARCO, S/N
CRUZ;30;161;ZONA RURAL;ESCOLA JOAQUIM JOSE MONTEIRO;LAGOA DOS MONTEIROS
MOMBAÇA;46;79;BOA VISTA;UNIDADE BÁSICA DE SAÚDE ANÍSIO MENDES CAVALCANTE;RUA JOÃO MENDES - DISTRITO DE BOA VISTA
AQUIRAZ;66;118;JUSTINIANO DE SERPA;EMEF ISIDORO DE SOUSA ASSUNCAO (ABC);RUA RUFINO CORREIA DE ASSUNCAO S/N
SÃO BENEDITO;22;89;SEDE;ESCOLA DE ENSINO FUNDAMENTAL DOM COUTINHO;SITIO DO MEIO
COREAÚ;64;94;Corredores;CORREDORES - ESCOLA MUN. CEL. ANTº TELES;LOCALIDADE DE CORREDORES
CAMPOS SALES;38;15;B. CENTRO;COLÉGIO ADNILSON BATISTA DOS SANTOS - SEDE;RUA JOÃO SEVERO CORTEZ, 1028
CRATO;27;42;PIMENTA;URCA - UNIVERSIDADE REGIONAL DO CARIRI;RUA CORONEL ANTÔNIO LUIZ, 1161
MILHÃ;55;89;CARNAUBINHA;ESCOLA DE ENSINO BASICO RAIMUNDO BEZERRA FIGUEIREDO;RUA VALDINA DE LIMA
URUBURETAMA;23;143;CENTRO;EEF CEL JOAO DE PAULA FILHO;RUA FARM JOSE RODRIGUES 706
CANINDÉ;33;94;IPUEIRA DOS GOMES - DISTRITO;EMEF FRANCISCO DELFINO GOMES;RUA EZEQUIEL GOMES
PENTECOSTE;50;134;CENTRO;CÂMARA MUNICIPAL DE PENTECOSTE;RUA DOUTOR MOREIRA DE AZEVEDO, S/N
FORTALEZA;3;520;CENTRO;FAC. CATÓLICA DE FORTALEZA (SEMINÁRIO DA PRAINHA);RUA TENENTE BENÉVOLO, 201
ARARIPE;68;107;SITIO ARRUDA;EEIF SANTA VERÔNICA - SÍTIO ARRUDA;SITIO ARRUDA
FORTALEZA;3;118;CENTRO;COLÉGIO 7 DE SETEMBRO (SEDE NGS);AV. DO IMPERADOR, 1330
TAMBORIL;61;4;DISTRITO DE OLIVEIRAS;EMEIF FRANCISCO LUCIO;RUA FRANCISCO LUCIO - VILA OLIVEIRAS
ASSARÉ;18;122;ZONA RURAL;GRUPO ESCOLAR ANTONIO FRANCELINO DE SOUSA;CAJAZEIRAS DO SIMIAO SN
ITAREMA;98;203;CENTRO;EMEF MARIETA RIOS;RUA JOAO BATISTA RIOS S/N
ITAPIPOCA;17;5;CENTRO;CENTRO EDUCACIONAL PIO XII;RUA JOAO CORDEIRO 625
ITAITINGA;78;305;VILA MACHADO;EEF MANOEL MACHADO;RUA FLORINDO RODRIGUES, 101
ITAPIPOCA;17;25;CRUZEIRO;EEFMI CORONEL MURILO SERPA;RUA ANASTACIO BARROSO VALENTE 318
FORTALEZA;115;353;PARANGABA;EEEP JOAQUIM MOREIRA DE SOUSA;RUA CAIO PRADO 02
MORAÚJO;64;110;NOVO HORIZONTE;NOVO HORIZONTE - ESCOLA MUN. APRÍGIO RODRIGUES MOREIRA;LOCALIDADE DE NOVO HORIZONTE
QUITERIANÓPOLIS;99;118;ZONA RURAL;EEIF FRANCISCO RODRIGUES DE MACÊDO;MONTEIRO
JAGUARIBE;10;71;DISTRITO DE NOVA FLORESTA;EEIF ULISSES PARANHOS MAIA;RUA FRANCISCO GOMES DE CASTRO, 399
NOVO ORIENTE;99;42;ZONA RURAL;EEF LUIZ CANUTO;LAGOA DOS NERES
CAUCAIA;120;79;TUCUNDUBA;E.E.I.E.F. JOSÉ NUNES DE MIRANDA;BR 020 - TUCUNDUBA, S/N
BELA CRUZ;96;208;CAMPO NOVO;CEI CESAR ROBERTO DO NASCIMENTO;RUA SERGIPE, 06
PEDRA BRANCA;59;99;SEDE;EEIF MANOEL LUIZ DE CARVALHO;SITIO SANTO AMARO
ORÓS;15;331;CENTRO - SEDE;E. E. F. MIGUEL NUNES DA COSTA;RUA ANTONIO CUSTODIO SOBRINHO, S/N
FORTALEZA;85;389;ANTÔNIO BEZERRA;INSTITUTO DE ARTE E CIDADANIA DO CEARA -  IAC/CE (ANTIGO GETSEMANI);RUA TOMÁS RODRIGUES, 760
SOBRAL;121;277;CENTRO;ESCOLA OSMAR DE SA PONTE;RUA PINTOR LEMOS, S/N
INDEPENDÊNCIA;39;145;JANDRANGOEIRA;EEF SANTA ISABEL;POVOADO JANDRANGOEIRA
TAUÁ;19;188;TRICI;ESCOLA JOSEFA PEREIRA DE SENA;SANTA LUZIA
RERIUTABA;79;5;VILA NOVA;CRECHE VÓ SINHÁ;RUA JOÃO FURTADO FILHO, N 720
PEDRA BRANCA;59;137;MINEIROLANDIA;PSF DIONIZIO FRUTUOSO DUARTE;SITIO BREJO
CANINDÉ;33;319;SALITRE DISTRITO;EMEF CIRILO BARROSO SAMPAIO;VALE DA CONCEIÇÃO
RERIUTABA;79;77;VILA NOVA;CRECHE VÓ SINHÁ;RUA JOÃO FURTADO FILHO, N 720
LIMOEIRO DO NORTE;29;289;JOÃO XXIII;EEMTI ARSÊNIO FERREIRA MAIA;RUA CEL JOSE NUNES 1245
IPAPORANGA;20;271;CENTRAL;ESCOLA DE EDUCAÇÃO INFANTIL PEQUENO PRÍNCIPE;RUA GABRIELRODRIGUES JÚNIOR, 101
PENTECOSTE;50;82;PLANALTO;CEI VALDISIA BRAGA DE SOUSA;RUA JACA PARAÍBA, 500
IPU;21;112;DISTRITO;E.M.E.F. MELQUIADES CAMELO TIMBO;VARZEA DA CURICACA
SÃO LUÍS DO CURU;23;295;SWAT-SEDE;E.E.F. SABINO NUNES DA SILVA;RUA ROCHAEL MOREIRA, SN
SANTANA DO ACARAÚ;44;64;BAIXA FRIA;EEF ANTÔNIO FRANCISCO CANAFÍSTULA;BAIXA FRIA
SOBRAL;121;107;CENTRO;COLEGIO FARIAS BRITO SOBRALENSE;PRACA QUIRINO RODRIGUES S/N
FORTALEZA;94;365;JARDIM IRACEMA;EEFM DEP FCO DE ALMEIDA MONTE;AV. CORONEL CARVALHO 2400
ABAIARA;26;139;CENTRO;UNIDADE BÁSICA DE SAÚDE DR SEBASTIÃO CAVALCANTI;RUA PADRE JOSÉ LEITE SAMPAIO, 140
TIANGUÁ;81;89;TABAINHA;E.E.I.F. RAIMUNDO LOPES MAGALHÃES;DISTRITO TABAINHA
LAVRAS DA MANGABEIRA;14;87;VARAS - SITIO;ESCOLA DE 1 GRAU HORACIO TAVARES;SITIO VARAS S/N
IGUATU;13;51;CENTRO;ESCOLA DE ENSINO MÉDIO EM TEMPO INTEGRAL DE IGUATU;RUA GUILHERME DE OLIVEIRA, 842
CAMPOS SALES;38;10;DIST. DE QUIXARIÚ;E.E.F.T.I - MANOEL BEZERRA FORTALEZA - DIST. DE QUIXARIÚ;RUA LEONARDO DE ANDRADE S/N
PENTECOSTE;50;80;ZONA RURAL;EMTI PREFEITO ANTÔNIO CARNEIRO;PROVIDÊNCIA
UMIRIM;23;280;CENTRO-SEDE;E.E.F. MOCINHA GOMES DE SOUSA;RUA MAJOR SALES, 84
EUSÉBIO;88;259;PEDRAS;CEI MARIA TAVARES DE SOUSA;NOVA ASSUNCAO, S/N - PEDRAS
PARAIPABA;109;208;PEDRINHAS;EMEIF JOSÉ TEIXEIRA DA SILVA;PEDRINHAS
PEDRA BRANCA;59;98;TROIA;E.E.I.F. CENTRO EDUCACIONAL VICENTE ALVES DE MELO;TROIA
FORTALEZA;3;27;JACARECANGA;SENAI - UNIDADE CENTRO;AV. PADRE IBIAPINA, 1280
CAUCAIA;120;449;CAMPO GRANDE;E.E.I.E.F. MARIA LUIZA DO VALE FORTE;RUA CÉLIO CÂNDIDO, S/N - BR 020 - KM 01 - CARRAPICHO
FORTALEZA;115;346;PARANGABA;EEEP JOAQUIM MOREIRA DE SOUSA;RUA CAIO PRADO 02
LAVRAS DA MANGABEIRA;14;51;QUITAIUS - DISTRITO;ESCOLA DE 1 E 2 GRAU JOAQUIM LEITE TEIXEIRA;RUA JOAQUIM LEITE TEIXEIRA 240
PIRES FERREIRA;21;78;DISTRITO;E.E.F. CENTRO EDUCACIONAL RURAL;DELMIRO GOUVEIA
ORÓS;15;322;CENTRO;CEI MARIA AURILA PEQUENO VIDAL;RUA LUIZ ROLIM, S/N
SENADOR POMPEU;12;82;ENGENHEIRO JOSE LOPES;EEIEF JOSÉ ANTÔNIO DE SOUSA;ENGENHEIRO JOSE LOPES
CARIRIAÇU;71;109;CACHOEIRINHA;EEF RAIMUNDO GOMES;SÍTIO CACHOEIRINHA
VARJOTA;65;215;CENTRO;PSF - FRANCISCA CASTRO MORORÓ;RUA ANTÔNIO DE OLIVEIRA, S/N
ICÓ;15;165;GALINHA - SITIO;ESCOLA MUNICIPAL SENHORA SANTANA;SITIO GALINHA S/N
CAMOCIM;32;64;ZONA RURAL;EEF SÃO SEBASTIÃO - AMARELAS;LOCALIDADE DE AMARELAS
VÁRZEA ALEGRE;62;256;SEDE RURAL;EEF ELIZA PRIMO DE MORAIS;SITIO COITÉ
LIMOEIRO DO NORTE;29;42;CENTRO;EEM LAURO REBOUCAS DE OLIVEIRA;RUA DOS EXPEDICIONARIOS 2921
GENERAL SAMPAIO;50;110;CONJUNTO SÃO JOSÉ;CRECHE PROINFÂNCIA DIANA DE NAZUR MONTEIRO MARINHO MOREIRA;RUA JOSÉ COSTA NASCIMENTO
ACARAÚ;30;409;ZONA URBANA;ESCOLA ANTONIO ALVES DE FREITAS;CERAMICA
FORTALEZA;113;430;MONTESE;ESCOLA MUNICIPAL VICENTE FIALHO;RUA IRMA BAZET, 193
ORÓS;15;243;CENTRO;PÓLO UAB PADRE DJALVO BEZERRA DE ALENCAR;TRAVESSA DR. ROSEVALDO, SN
PENTECOSTE;50;67;ZELADORIA;EEF GOVERNADOR WALDEMAR ALCÂNTARA;RUA PEDRO HORÁCIO, 297
CEDRO;13;461;LAGEDO;ESCOLA DE ENS FUND ANTONIO ALVES DOS SANTOS;DISTRITO DE LAGEDO
JATI;70;366;CENTRO-SEDE;ESC ENS FUND PADRE MANOEL ALVES FEITOSA;RUA MANUEL LUIZ S/N
CRATO;27;146;PONTA DA SERRA;EEIEF PROF. JOSÉ BIZERRA DE BRITTO;RUA BERNARDO VIEIRA S/N
SÃO BENEDITO;22;27;CENTRO-SEDE;ESCOLA DE ENSINO FUNDAMENTAL DEP FRANCISCO JULIO FILIZOLA;RUA MINISTRO ANTONIO COELHO 827
ITAPAJÉ;41;276;ALTO DOS BERNARDOS;CRECHE SONHO DE CRIANÇA;RUA JOAQUIM LIRA MAGALHÃES, 367
ARACOIABA;67;40;BAIXIO-SITIO;ESCOLA MUNICIPAL VEREADOR JOSE MOURA;BAIXIO
ALTO SANTO;86;9;BAIXIO GRANDE;ESCOLA DE 1 GRAU JOAO RODRIGUES TORRES;SITIO BAIXIO GRANDE
ACARAÚ;30;376;CENTRO;ESCOLA PROF. TERESA DE JESUS SILVA;RUA JOÃO JAIME FERREIRA GOMES, 457
FORTALEZA;116;124;GRANJA PORTUGAL;EEFM PROF JOCIE CAMINHA DE MENEZES;RUA ITU 120
CAMOCIM;32;240;SAO FRANCISCO;ESCOLA DE 1 GRAU NATALIA ALBUQUERQUE LOPES;RUA DR RAIMUNDO VERAS S/N
FORTALEZA;2;128;MESSEJANA;EM PROFª TELINA BARBOSA DA  COSTA;RUA PERGENTINO MAIA, 811
FORTALEZA;117;155;CONJUNTO ESPERANÇA;EEEP DARCY RIBEIRO;RUA CONEGO DE CASTRO, S/N
ITAPIPOCA;17;243;ÁREA RURAL DE ITAPIPOCA;EEB PEDRO ALVES TEIXEIRA;GUARANI
CAMOCIM;32;36;CENTRO;SETOR DE TRIBUTAÇÃO DA PREFEITURA / RECEITA FEDERAL;RUA SANTOS DUMONT,  S/N
GROAÍRAS;65;114;CENTRO;EEF PROFESSORA NOELIA XIMENES PARENTE;RUA MAJOR ARAUJO 960
JAGUARIBARA;72;52;CENTRO;E.E.M LICEU JOSE FURTADO DE MACEDO;AV. MARLINDA ELÓI, 389
FORTALEZA;2;803;MESSEJANA;INSTITUTO FREI JOAO PEDRO DE SEXTO;AVENIDA FREI CIRILO, 4241
HORIZONTE;78;126;TANQUES;EMEF EUCLIDIA PEREIRA DE AZEVEDO;RUA CELSO  SILVA ASSUNÇÃO, 8656
FORTALEZA;1;752;CAIS DO PORTO;EMTI VEREADOR ALBERTO GOMES DE QUEIROZ;AV. ZEZÉ DIOGO, 782
MARACANAÚ;104;140;JEREISSATI I;EMEIEF DEPUTADO JOSÉ MARTINS RODRIGUES;RUA QUARENTA A, 287
EUSÉBIO;88;199;CENTRO;ESCOLA PROFISSIONALIZANTE EUSEBIO DE QUEIROZ;RUA MARIA TEIXEIRA JOCA, SN
JUAZEIRO DO NORTE;28;453;HORTO;EMEFTI VEREADOR FRANCISCO BARBOSA DA SILVA;RUA BOM JESUS DO HORTO
SÃO GONÇALO DO AMARANTE;36;298;PASSAGEM;ESCOLA DE ENSINO FUNDAMENTAL ADELINO ALCANTARA FILHO;PASSAGEM
MARACANAÚ;104;394;PAJUÇARA;EMEIEF PROF PAULO FREIRE;RUA PAULO BATISTA 660
SOBRAL;121;281;PEDRINHAS;ESCOLA MARIA DO CARMO ANDRADE;PRAÇA DR. JOSE EUCLIDES FERREIRA GOMES JUNIOR, S/N
CANINDÉ;33;379;ZONA RURAL;EMEF VALDIMIRO PEREIRA DE AQUINO;ASSENTAMENTO ENTRE RIOS
FORTALEZA;80;278;VILA UNIÃO;EEF GAL.  MANUEL CORDEIRO NETO;RUA JORGE ACURCIO, 900
FORTALEZA;80;321;DIONISIO TORRES;COLÉGIO SANTO INACIO;AVENIDA DESEMBARGADOR MOREIRA 2355
JAGUARIBE;10;31;CENTRO;COLEGIO CLOVIS BEVILAQUA;AV. OITO DE NOVEMBRO 443
FORTALEZA;94;921;QUINTINO CUNHA;EMEIEF PROF DENIZARD MACEDO DE ALCÂNTARA;RUA MATOSO FILHO 450
FORTALEZA;117;472;CANINDEZINHO;EM FLORIVAL ALVES SERAINE;RUA ITATIAIA, 1000
FORTALEZA;112;545;CAMBEBA;COLÉGIO BATISTA - UNIDADE SEIS BOCAS;RUA DR. WALDEMAR DE ALCANTARA, 200
PALMÁCIA;4;169;CENTRO;EEMTI MARIA AMÉLIA PERDIGÃO SAMPAIO;RUA FRANCISCO DE QUEIROZ, 632
MARACANAÚ;104;440;JEREISSATI II;EEEP GOVERNADOR LUIZ GONZAGA DA FONSECA MOTA;AVENIDA X, S/N
TARRAFAS;18;100;CENTRO;CRECHE PINGO DE GENTE;RUA SÃO JOSÉ, 99
VIÇOSA DO CEARÁ;35;25;CENTRO;E.E.M.T.I IRMA LINS;AVENIDA SEBASTIAO NOGUEIRA S/N
SOBRAL;24;677;NOVA CAIÇARA;ESCOLA DE TEMPO INTEGRAL EDGAR LINHARES;RUA DAS ANDORINHAS, 50
FORTALEZA;3;536;PRAIA DE IRACEMA;EEFM SANTA LUZIA;RUA JOÃO CORDEIRO, 711
FORTALEZA;2;501;MESSEJANA;CLUBE DA CAIXA;AVENIDA FREI CIRILO 4700
FORTALEZA;2;481;JOSÉ DE ALENCAR;EEFM IRACEMA;RUA EGIDIO DE OLIVEIRA, 250
FORTALEZA;2;634;MESSEJANA;EEM LICEU DE MESSEJANA;AVENIDA WASHINGTON SOARES 7702
SÃO GONÇALO DO AMARANTE;36;153;PARADA;ESCOLA DE ENSINO FUNDAMENTAL POETISA ABGAIL SAMPAIO;PARADA
CAUCAIA;120;311;PLANALTO CAUCAIA;E.E.F.M. VICENTE ARRUDA;RUA, 113 S/N - CIGANA
FORTALEZA;115;108;PARANGABA;EM CLÁUDIO MARTINS;RUA MUNDICA PAULA, 628
ITATIRA;33;156;CENTRO;EMEF ADELIDIA MAGNO DE OLIVEIRA;RUA PADRE JOSE LAURINDO SN
FORTALEZA;113;153;BOM FUTURO;COLÉGIO MEDALHA MILAGROSA;RUA PADRE JOÃO PIAMARTA,  415
MORRINHOS;44;5;CENTRO;COLÉGIO MORRINHENSE CÔNEGO SARAIVA;RUA JOAQUIM CORIOLANO ROCHA
GRANJA;25;138;CENTRO;E.E.M.T.I SÃO JOSÉ (COLEGIO ESTADUAL SÃO JOSÉ);RUA FRANCISCO SOUSA, 131
TAUÁ;19;231;ALTO BRILHANTE;EEI AUREA JATAI MOTA;RUA DR BERNARDO DE CASTRO FEITOSA SN
FORTALEZA;95;222;PARQUE SANTA MARIA;EMEIEF BARBARA DE ALENCAR;RUA CAPITAO PORFIRIO, 544
FORTALEZA;113;332;FARIAS BRITO;ESCOLA ESTADUAL DE EDUCAÇÃO PROFISSIONAL  PRESIDENTE ROOSEVELT;AV BEZERRA DE MENEZES 435
UBAJARA;73;94;MONTE CASTELO;IFCE - INSTITUTO FEDERAL DE EDUCAÇÃO, CIÊNCIA E TECNOLOGIA DO CEARÁ;RUA LUIZ CUNHA, 178
SOBRAL;24;75;ALTO DA BRASÍLIA;EEFI RAUL MONTE;RUA MACEIO, S/N
CARIRIAÇU;71;135;JOSÉ AGOSTINHO;EEF MARIA FLOSCOELE MACHADO LACERDA;RUA FRANCISCO BARROS SOBRINHO, 40
FORTALEZA;113;321;RODOLFO TEÓFILO;FACULDADE DE ENFERMAGEM DA UFC;RUA ALEXANDRE BARAÚNA, 1115
FORTALEZA;85;321;GENIBAÚ;ESCOLA MUNICIPAL DEP MURILO AGUIAR;RUA 24 DE OUTUBRO 655
LAVRAS DA MANGABEIRA;14;47;OURO BRANCO- DISTRITO;GRUPO ESCOLAR ROMANA RICARTE;RUA MIGUEL BISPO 114
CAUCAIA;37;292;ICARAI;E.E.I.E.F FRANCISCO MARTINS DE MORAES;RUA BELARMINO JOSÉ, 201 - ICARAÍ
RERIUTABA;79;22;PRIMEIRA VÁRZEA;E.E.I.F. FRANCISCO ÂNGELO DA SILVEIRA;PRIMEIRA VÁRZEA - ZONA RURAL
NOVO ORIENTE;99;153;VILA FELIZ;ESCOLA ESTADUAL DE EDUCAÇÃO PROFISSIONAL MARIA EUDES BEZERRA VERAS;RUA ULISSES GUIMARÃES, S/N
DEPUTADO IRAPUAN PINHEIRO;55;52;CENTRO;EEM JOAQUIM JOSUE DA COSTA;RUA OLGA DE SOUZA, 80
GUARACIABA DO NORTE;74;80;CENTRO;CENTRO PASTORAL NOSSA SENHORA DOS PRAZERES;R. CEL.CLÍNIO MEMÓRIA, 281 - CENTRO
MARANGUAPE;4;430;NOVO PARQUE IRACEMA - MARANGUAPE;EMEF NILO PINHEIRO CAMPELO;RUA NILO CAMPELO, 48
HORIZONTE;78;117;ZUMBI;EMEF JOSE EDUARDO DE SOUSA;RUA MARIA LUIZA NORONHA - 405
FORTALEZA;114;64;ÁLVARO WEYNE;EM DOM HELDER CAMARA;RUA FREI ODILON 623 B
ARACATI;8;80;QUIXABA;E.E.F. HERIBERTO PORTO;PRAIA DE QUIXABA
ALTO SANTO;86;11;BATOQUE;ESCOLA DE 1 GRAU LUIS CANDIDO MACIEL;SITIO BATOQUE
JAGUARIBARA;72;58;CENTRO;PROFESSORA MARIA BERNADETE NEVES;RUA TERTULIANO DE MELO, 279
FORTALEZA;2;126;MESSEJANA;EM PROFª TELINA BARBOSA DA  COSTA;RUA PERGENTINO MAIA, 811
FORTALEZA;115;45;ITAPERI;UNIVERSIDADE ESTADUAL DO CEARA - UECE;AV DR. SILAS MUNGUBA, 1700
SOBRAL;24;125;SUMARÉ;EEM PROFESSORA CARMOSINA FERREIRA GOMES;RUA DAS FLORES, S/N
ITAPIPOCA;17;617;MARANHÃO;EEB JOÃO IDÁLIO TEIXEIRA;RUA DR BEZERRA DE MENEZES, SN
FORTALEZA;114;305;JARDIM IRACEMA;EM JESUS CRISTO;RUA ALBERTO FERREIRA, 564
MISSÃO VELHA;16;40;CENTRO;URCA (ANTIGO GINASIO PAROQUIAL);RUA CORONEL JOSE DANTAS, SN
LIMOEIRO DO NORTE;29;122;ÁREA RURAL;ANEXO DA CAPELA SÃO FREI GALVÃO;SITIO QUIXABA
CRATO;27;126;DOM QUINTINO;EEIEF RAIMUNDO NONATO DE SOUZA;RUA SEBASTIÃO DE SOUZA MARTINS, 143
EUSÉBIO;88;154;COAÇU;EEF SAO RAIMUNDO;RUA COMENDADOR ARI DE FREITAS, 480 - COACU
MISSÃO VELHA;16;9;SEDE;CAMARA MUNICIPAL PALACIO JOSE CORREIA LIMA;RUA PADRE CICERO, SN, CENTRO.
ICÓ;15;73;LIMA CAMPOS - DISTRITO;EMTIH - MONSENHOR JOSE CAMURCA;RUA SAO SEBASTIAO, 239
VIÇOSA DO CEARÁ;35;53;SITIO VAMBIRA;E.E.I.F DEPUTADO JANUARIO FEITOSA;SITIO VAMBIRA SN
FORTALEZA;117;251;PARQUE SANTA ROSA;ESCOLA MUNICIPAL MARIETA GUEDES MARTINS;RUA JOSE GUEDES MARTINS 4701
JARDIM;119;347;SERRA AREIA;ESCOLA MANOEL OLIMPIO DE OLIVEIRA;SERRA AREIA
CHOROZINHO;49;355;PATOS DOS LIBERATOS;PROGRAMA DE SAUDE DA FAMILIA - PSF PATOS DOS LIBERATOS;PATOS DOS LIBERATOS
BATURITÉ;5;90;VILA NOVA-SEDE;CRECHE AURISTELA;RUA MESTRE BERNARDINO DE SENA, SN
MARANGUAPE;4;29;CENTRO - MARANGUAPE;EMEF CAPISTRANO DE ABREU;RUA CEL ANTÔNIO BOTELHO, 366
TIANGUÁ;81;116;ÁREA RURAL DE TIANGUÁ;E.E.F. DR. EDSON CARVALHO LIMA;SÍTIO BODEGAS
MISSÃO VELHA;16;99;ZONA RURAL;CRECHE SANTA RITA;SITIO BANCO DE AREIA
MILAGRES;26;138;EUCALIPTOS;ESCOLA IRMÃ ANA ZÉLIA DA FONSECA;RUA RAIMUNDO TAVARES DA CRUZ
QUIXERAMOBIM;11;195;CENTRO;CAMPUS UNIVERSITARIO DR ANDRADE FURTADO;AV DR JOAQUIM FERNANDES 382 - CENTRO
PINDORETAMA;7;35;PRATIUS - 1;EMEB JOSÉ DE QUEIROZ FERREIRA;AV. VALE ALBINO, SN - RODOVIA CE 454 - PRATIUS - 1
FORTALEZA;117;209;CONJUNTO ESPERANÇA;EEFM PROFA ADALGISA BONFIM SOARES;AV. DO CANAL, S/N, ESQUINA COM RUA 103 - CONJUNTO ESPERANÇA
FORTALEZA;94;824;VILA VELHA;COLÉGIO CIENTISTA;RUA 31, 330 - CONJUNTO POLAR
FORTALEZA;94;913;VILA VELHA;EMEIF HERONDINA LIMA CAVALCANTE;AV. AMBIENTALISTA ARY THIERS, 310
MARACANAÚ;122;18;PIRATININGA;COLÉGIO ESTADUAL PROFº FRANCº OSCAR RODRIGUES(COL.EST.LICEU MARACANAÚ);AV. LUIZ GONZAGA HONÓRIO, 50, PIRATININGA, MARACANAÚ-CE
CRATO;27;349;MURITI;EEF PROF. JOSÉ DO VALE ARRAES FEITOSA;RUA VICENTE GREGÓRIO MARINHO, SN. N. SRA. DE FÁTIMA. BARRO BRANCO
IBICUITINGA;47;175;LAGOA DOS PORCOS;EEB CEL BENEDITO MAIA;LAGOA DOS PORCOS
ARATUBA;105;64;CENTRO-SEDE;CEI NELLY DE LIMA E MELO;RUA JOAQUIM BEZERRA LIMA, SN
CAUCAIA;123;340;PARQUE GUADALAJARA (JUREMA);E.E.I.E.F. 7 DE SETEMBRO;AV. DOM ALMEIDA LUSTOSA, 2322
FORTALEZA;2;95;LAGOA REDONDA;COLÉGIO AGNUS SUL;TRAVESSA MARROCOS, 145
CHAVAL;108;33;CENTRO;EEF SANTO ANTÔNIO;RUA MONSENHOR CARNEIRO  S/N
POTENGI;68;89;VILA BARAUNAS;ESCOLA MUNICIPAL FRANCISCO JOSE DE OLIVEIRA - BARAÚNAS;SITIO BARAUNAS
GUARACIABA DO NORTE;74;71;DISTRITO;ESCOLA MUNICIPAL SILVESTRE MESQUITA (VÁRZEA DOS ESPINHOS);VARZEA DOS ESPINHOS
FORTALEZA;2;706;LAGOA REDONDA;EM PROFª FERNANDA MARIA DE ALENCAR COLARES;AV PROF. ARTHUR DE CARVALHO, 1540
CANINDÉ;33;55;ZONA RURAL;EMEF DR ELPIDIO;DISTRITO DE BONITO
SANTANA DO ACARAÚ;44;140;INGÁ;GRUPO ESCOLAR JOSE RAIMUNDO CORDEIRO;INGA
ERERÉ;10;123;ZONA RURAL;E.E.F. SÃO FRANCISCO DE ASSIS;SITIO ABRIGO
PARAMBU;19;398;RIACHÃO;ESCOLA RITA PEREIRA DA SILVA;LAGOA DO ANJO
TABULEIRO DO NORTE;91;8;CENTRO;CRECHE MARIA ANALIA DE LIMA;RUA MANOEL FRANKLIN,  4117
TARRAFAS;18;30;CENTRO;ESCOLA DE 1 E 2 GRAUS DONA EMILIA FERREIRA DE OLIVEIRA;AV MARIA LUIZA LEITE SANTOS  S/N
SABOEIRO;43;260;BARRINHA;E.E.F. ANTONIO WILSON DOS SANTOS;DISTRITO BARRINHA
COREAÚ;64;29;Araquém;ARAQUÉM - ESCOLA MUN. STO. ANTÔNIO;AV. SÃO SAMUEL FÉLIX DA CUNHA, 128 - DISTRITO DE ARAQUÉM, COREAÚ/CE
EUSÉBIO;88;207;JABUTI;EEF RAUL TAVARES CAVALCANTE II;RUA LOURIVAL SALES, S/N - JABOTI
FORTALEZA;3;426;CENTRO;UNIARI - CENTRO UNIVERSITÁRIO ARI DE SÁ;AV. HERÁCLITO GRAÇA, 826
UMIRIM;23;272;SAO JOAQUIM-DISTRITO;E.E.F. SANTINA QUINTO AMAZONAS;RUA ALTO DA CAIXA DAGUA SN
FORTALEZA;115;66;PARANGABA;EM PROF. JOSE VALDIVINO DE CARVALHO;RUA GUARA, S/N
FORTALEZA;1;726;PAPICU;COLEGIO ESPACO ABERTO - BENTO ALBUQUERQUE;RUA BENTO ALBUQUERQUE 1671
CRATO;27;51;SÃO MIGUEL;EEEP MARIA VIOLETA ARRAES DE ALENCAR GERVAISEAU;AVENIDA TEODORICO TELES, SN
FORTALEZA;116;461;JOÃO XXIII;COLEGIO LIMA NOGUEIRA;RUA JULIO BRAGA, 1117
FORTALEZA;116;436;BONSUCESSO;CEI XV DE OUTUBRO;RUA MENINO JESUS DE PRAGA, 192
SOBRAL;24;73;ALTO DA BRASÍLIA;EEFI RAUL MONTE;RUA MACEIO, S/N
JUAZEIRO DO NORTE;28;488;PEDRINHAS;EMEF PROFA. DORALICE DE FIGUEIREDO ROCHA;RUA JOAQUIM LEANDRO DE SOUSA
JUCÁS;43;117;ROÇADO DE DENTRO - SÍTIO - MEL;ESCOLA JUVENAL GALENO;SÍTIO ROÇADO DE DENTRO
SÃO BENEDITO;22;119;SITIO SANTOS REIS;EEF LOURIVAL BANHOS;SITIO SANTOS REIS
EUSÉBIO;88;204;GUARIBAS;EEF DAS GUARIBAS;RUA SÃO FRANCISCO, 84 - GUARIBAS
AMONTADA;89;277;SABIAGUABA;EEBTI MARIA BARBOSA DE HOLANDA;EMBIRIBA
GUARACIABA DO NORTE;74;145;SEDE;ESCOLA DE ENSINO MEDIO MARIA MARINA SOARES;RUA 12 DE NOVEMBRO - CENTRO
CRATEÚS;20;170;CIDADE 2000;ESCOLA DE CIDADANIA JOSE FREIRE FILHO;KM 06 BR 404
CRATEÚS;20;231;FATIMA I;ASSOCIAÇÃO PESTALOZI DE CRATEÚS;RUA JOAO RIBEIRO LIMA 183
TARRAFAS;18;18;CENTRO;CENTRO COMUNITARIO JOSE AMERICO RODRIGUES;ALTO SN                                           TARRAFAS
ABAIARA;26;125;SÍTIO CAMARÁ;ESCOLA MARIA OLIVEIRA SANTOS;SITIO CAMARA
FORTALEZA;1;137;CIDADE 2000;ESCOLA ESTADUAL ARQUITETO ROGERIO FROES;AVENIDA DAS GRAVIOLAS 1000
PARAIPABA;109;139;LAGOINHA;EMEF FRANCISCO HENRIQUE DE AZEVEDO;LAGOINHA
IRAUÇUBA;41;22;BOA VISTA DO CAXITORE;ESCOLA MUNICIPAL DR. MARCELO SANFORD;BOA VISTA DO CAXITORE
FORTIM;8;102;PONTAL DE MACEIO;EEFTI. PROFESSORA EMILIA QUEIROZ;PONTAL DE MACEIO
RUSSAS;9;265;ZONA RURAL;CENTRO COMUNITÁRIO PEDRO MAIA ROCHA;LOCALIDADE CARAÚBAS
SENADOR POMPEU;12;80;BONFIM;ASSOCIAÇÃO DOS MORADORES DA VILA CAJAZEIRAS SÍTIO LUCAS E DO Ó;VILA CAJAZEIRAS
VIÇOSA DO CEARÁ;35;30;LAMBEDOURO;E.E.F. DE OITICICAS;VILA OITICICAS
PIQUET CARNEIRO;12;28;IBICUA;UNIDADE BÁSICA DE SAÚDE EUFRAZINA PINHEIRO COSTA (ANTIGA POLICLÍNICA);RUA MUNDALVA PINHEIRO, S/N
CRATEÚS;20;152;SANTANA;ESCOLA DE CIDADANIA IMACULADA CONCEICAO;CORREDORES
VIÇOSA DO CEARÁ;35;72;CENTRO;E.E.F JOSE VICTOR FONTENELE;RUA X DE NOVEMBRO, S/N
VIÇOSA DO CEARÁ;35;82;QUATIGUABA;CEI SANTO EXPEDITO;SITIO QUATIGUABA
TAUÁ;19;264;ALTO BRILHANTE;EEI AUREA JATAI MOTA;RUA DR BERNARDO DE CASTRO FEITOSA SN
GROAÍRAS;65;116;CAPITAO JOSE LINHARES;EEF NOSSA SENHORA DO ROSARIO;RUA 23 DE MAIO, 1065
CAUCAIA;120;367;GENIPABU;E.E.I.E.F. OSMIRA EDUARDO DE CASTRO;BR 222 - KM 16
IRAUÇUBA;41;13;CENTRO-SEDE;CENTRO EDUCACIONAL PROFESSOR ANTONIO BARBOSA BRAGA;LUCAS BATISTA DA MOTA 135
FORTALEZA;117;344;SIQUEIRA;ESCOLA MUNICIPAL PROF JOSE CÍRIO PEREIRA FILHO;RUA QUARTZO ROSA, 100
MARANGUAPE;4;63;CENTRO - MARANGUAPE;CASA DE CULTURA CAPISTRANO DE ABREU (FITEC);RUA MAJOR AGOSTINHO, 306
AURORA;69;64;SITIO CACHOEIRA;ESCOLA FRANCISCO ANDRÉ DE FRANÇA;VILA AGROVILA
CAUCAIA;123;291;PARQUE GUADALAJARA (JUREMA);E.E.I.E.F. DANILO DALMO DA ROCHA CORRÊA;RUA ACAPULCO, 1805 - PARQUE POTIRA II
FORTALEZA;1;142;CIDADE 2000;ESCOLA ESTADUAL ARQUITETO ROGERIO FROES;AVENIDA DAS GRAVIOLAS 1000
ARACOIABA;67;56;VAZANTES-DISTRITO;ESCOLA DE ENSINO MEDIO JOAO ALVES MOREIRA;PRACA CONEGO DEMETRIO ELIZEU DE LIMA
CRATO;27;218;PONTA DA SERRA;EEIEF MARIA SANTINA DA CONCEIÇÃO;SÍTIO PALMEIRINHA DOS VILAR S/N
ANTONINA DO NORTE;18;125;CASTELO BRANCO;CRECHE ZEFERINO PAULINO DE BRITO;RUA HIGINO BATISTA MACIEL, 20
PORANGA;40;90;SEDE;EEFM PRUDÊNCIO DE PINHO - SEDE;AV. DR. EPITÁCIO PINHO, 277, BAIRRO VILA NOVA
PACATUBA;57;316;CONJUNTO JEREISSATI II;EEIEF JOAO PAULO SAMPAIO DE MENEZES;RUA 74 SETOR G, 900
FORTALEZA;114;189;BARRA DO CEARÁ;EM JADER DE FIGUEIREDO CORREIA;RUA TOCANDIRA 61
CRATO;27;14;CENTRO;COLÉGIO DIOCESANO DO CRATO;RUA NÉLSON ALENCAR, 569
IGUATU;13;91;CHAPADINHA;ESCOLA DE ENS FUND JUDITE CAVALCANTE;RUA CÍCERO VIEIRA SN
ICAPUÍ;8;147;MUTAMBA DE ICAPUI;E.E.F. PROFESSORA RAIMUNDA LACERDA DAMIÃO;AV ESAU LACERDA SN
GUARACIABA DO NORTE;74;19;SEDE;ESCOLA MUNICIPAL D PEDRO I;RUA 12 DE MAIO - CENTRO
TEJUÇUOCA;41;286;LOGRADOURO;EEF RAIMUNDO SILVA MOTA;LOGRADOURO
FORTALEZA;114;111;PRESIDENTE KENNEDY;EM SÃO JOSÉ;AVENIDA DOUTOR THEBERGE 2288
CARIRÉ;65;55;ZONA RURAL;ESCOLA EIEF RAIMUNDO DICO MONTEIRO;DANIEL
FORTALEZA;93;292;PREFEITO JOSÉ WALTER;CEI PROFESSOR CARLOS ROBERTO MARTINS RODRIGUES;RUA 16, S/N, LOTEAMENTO CIDADE JARDIM II
EUSÉBIO;88;242;TIMBU;EEF EDUARDO ALVES RAMOS;ESTRADA DO FIO, 3603 - TIMBU
FORTALEZA;113;134;BOM FUTURO;EMEIF DOM MANUEL DA SILVA GOMES;RUA SAMUEL UCHÔA, 550
FORTALEZA;115;336;PARANGABA;SESI - PARANGABA;AVENIDA JOÃO PESSOA, 6754
IGUATU;13;107;GADELHA;ESCOLA DE ENS FUND JOSE JALES JAIME AMORIM;SITIO BARRIGA
CASCAVEL;7;28;GUANACES;ESC.ENS.FUND. ABDON DANTAS DE ALMEIDA;RUA EUFRASIO DANTAS SN - CENTRO
FORTALEZA;115;440;VILA PERI;EM RAIMUNDO SOARES DE SOUSA;RUA COSTA FREIRE 550
ARACATI;8;9;CENTRO;INSS - INSTUTO NACIONAL DA SEGURIDADE SOCIAL;PC RAIMUNDO PORTO SN
RUSSAS;9;71;CENTRO;ESCOLA DE ENSINO MÉDIO MANOEL MATOSO FILHO;AVENIDA MARIA RAMALHO, 336
CARIRÉ;65;16;ZONA RURAL;ASSOCIAÇÃO MUCAÚBA DE MUQUEM DE SÃO PEDRO;MUQUEM DE SAO PEDRO
JAGUARETAMA;72;3;CENTRO;ESCOLA PRIMEIRO GRAU DR RAUL BARBOSA (CRECHE CHAPEUZINHO VERMELHO);RUA RIACHO DO SANGUE, 599
CAUCAIA;120;433;CAPUAN;ASSOCIAÇÃO DOS REMANESCENTES DO QUILOMBO DOS CAETANOS;PROFESSORA LETICIA MARQUES CAVALCANTE, 1880
CAUCAIA;123;297;PARQUE GUADALAJARA (JUREMA);E.E.I.E.F. DANILO DALMO DA ROCHA CORRÊA;RUA ACAPULCO, 1805 - PARQUE POTIRA II
MORADA NOVA;47;192;ARUARU;CENTRO EDUCACIONAL INFANTIL MARIA NADIR BARBOSA;JOSE ANGELO S/N
MILHÃ;55;70;CENTRO;ESCOLA DE ENSINO FUNDAMENTAL CLEONICE B. PINHEIRO ROSA;RUA PEDRO JOSE DE OLIVEIRA 908
ACOPIARA;60;71;CENTRO;EEF DR. HUGO DE GOUVEIA SOARES;RUA JOSE PAULINO, SN
TAUÁ;19;408;CENTRO;CENTRO EDUCACIONAL BETESDA;RUA CEL  EUFRASIO ALVES DE OLIVEIRA 45
TAUÁ;19;411;ALDEOTA;ESCOLA PROFISSIONALIZANTE MONSENHOR ODORICO;AV CHERMONT ALVES, S/N
JAGUARIBE;10;69;NOVA BRASÍLIA;EEF PROFESSOR GUTENBERG BARBOSA SILVA;AVENIDA GIL TEIXEIRA BASTOS, 1420
AQUIRAZ;66;348;PICAO;ESCOLA FERDINANDO TANSI (SUBSTITUTA DA ESCOLA FCO. VIDAL CAMARA);COMUNIDADE DO PIAU
ITAITINGA;78;230;CENTRO;EEF VALMIQUE SAMPAIO ALBUQUERQUE;RUA JOSMO GURGEL ARAUJO, 1256
JAGUARUANA;75;77;TABULEIRO;E.E.F. MONSENHOR ALUISIO DE CASTRO FILGUEIRAS;RUA JOAO FRANCISCO RODRIGUES 1384
PACATUBA;57;145;CONJUNTO JEREISSATI II;EEIEF JOSE BATISTA DE OLIVEIRA;AV XXIII, S/N
JUAZEIRO DO NORTE;119;466;TIRADENTES;E.M.E.I. PROFESSORA ASSUNÇÃO GONÇALVES (CRECHE);RUA PROFESSORA IVANY FEITOSA, SN
ARACATI;8;30;CENTRO;CAMARA MUNICIPAL;CEL ALEXANZITO 448
SÃO BENEDITO;22;64;SITIO SANTA TEREZA I;POSTO DE SAUDE SANTA TEREZA;SITIO SANTA TEREZA  I
FORTALEZA;85;212;GENIBAÚ;ESCOLA MUNICIPAL PROF AMERICO BARREIRA;RUA RICARDO PONTES 529
BATURITÉ;5;101;CANDEIA SAO SEBASTIAO-POVOADO;EMEF CAPITAO PORFIRIO RODRIGUES DE SOUZA;RUA IRMA ROBUSTINA SN
PEDRA BRANCA;59;159;MINEIROLANDIA;EEF CENTRO EDUCACIONAL GABRIEL DE FRANÇA MELO;RESIDENCIAL JOSÉ MINEIRO S/N
SOBRAL;24;692;JUNCO;SESI;AV. DR. JOSÉ ARIMATÉIA M SILVA, 1701
CRATEÚS;20;105;MONTENEBO;ESCOLA DE CIDADANIA CORAÇÃO DE JESUS;SANTO ANDRE
CRATO;27;180;PONTA DA SERRA;EEIEF VITURINO DA COSTA VILAR;RUA VITORINO DA COSTA VILAR, SN. SÍTIO MALHADA
ACOPIARA;60;50;VILA MOREIRAS II;EEF MANOEL QUARESMA DOS ANJOS;RUA REINALDO SN
FORTALEZA;1;650;PAPICU;ESCOLA ESTADUAL MARIA JOSE MEDEIROS;RUA DESEMBARGADOR LAURO NOGUEIRA 1240
FORTALEZA;93;285;ARACAPÉ;EMEIF IVANILSON SOUZA LIMA COSTA;RUA POLIANA N.102
CRATO;27;345;VILA ALTA;CENTRO DE EDUCAÇÃO INFANTIL MANOEL ALMINO;RUA DOUTOR RAIMUNDO NORÕES DE MILFONT, 552
PEDRA BRANCA;59;53;SANTA URSULA;E.E.F. ESCOLA BENICIO VIEIRA CAVALCANTE;AV SABINO VIEIRA CAVALCANTE 176
CRATO;27;145;PONTA DA SERRA;EEIEF PROF. JOSÉ BIZERRA DE BRITTO;RUA BERNARDO VIEIRA S/N
FORTALEZA;3;298;CENTRO;ACADEMIA DO PROFESSOR DARCY RIBEIRO;RUA DONA LEOPOLDINA, 907
FORTALEZA;3;300;CENTRO;ACADEMIA DO PROFESSOR DARCY RIBEIRO;RUA DONA LEOPOLDINA, 907
TAUÁ;19;52;COLIBRIS;ESCOLA DONDON FEITOSA;RUA JORNALISTA HELDER FEITOSA S/N
FORTALEZA;1;85;VARJOTA;FACULDADE FARIAS BRITO - CASTRO MONTE;RUA CASTRO MONTE 1364
CAUCAIA;123;523;ARATURI (JUREMA);E.E.F.M. PRESIDENTE JOSÉ SARNEY;AV. CENTRAL OESTE, 262
MORADA NOVA;47;284;SAO FRANCISCO;EEB PROFESSORA ANA CLARA ANDRADE NÂNTUA BENTO;RUA JOSÉ DE SOUSA MARTINS, 261
IBICUITINGA;47;58;CENTRO;EEB ENEAS FERREIRA NOBRE;RUA CAPITAO MANOEL ANTONIO 2180
GUARACIABA DO NORTE;74;68;DISTRITO;ESCOLA DE ENS FUND JOSE GERARDO COELHO - SUSSUANHA;SUSSUANHA
CAUCAIA;120;411;MIRAMBE;E.E.I.E.F. MARIA DE LOURDES ROCHA;RUA DA IGREJA, 614 - TAQUARA/MIRAMBÉ
FORTALEZA;115;125;JARDIM CEARENSE;COLÉGIO UNIVERSO DO SABER;RUA 10 - NR 70 (CJ CAMPO DOS INGLESES - MARAPONGA)
FORTALEZA;115;448;MANOEL SÁTIRO;EM MARIA VIVIANE BENEVIDES GOUVEIA;RUA CREUZA ROQUE 247
IGUATU;13;303;BAÚ;ESCOLA DE ENS FUND PORFIRIO ALVES DE OLIVEIRA;SITIO BAIXIO DOS FERREIRAS
GROAÍRAS;65;109;JOSE CASSIANO FEIJAO;CRECHE PRO INFANCIA FRANCISCA TORRES DE PAULA - GROAÍRAS;AV. DOMINGOS JOÃO DE MELO
PACATUBA;57;194;MONGUBA;EEIEF MAJOR MANOEL ASSIS NEPOMUCENO;MONGUBA
PACATUBA;57;320;CONJUNTO JEREISSATI III;EEIEF NELLY DE LIMA E MELO;RUA 02, 250
FORTALEZA;112;486;SAPIRANGA-COITÉ;EM PROFª ALDACI BARBOSA;RUA OLEGARIO MEMORIA, 1257
FORTALEZA;112;431;EDSON QUEIROZ;COLEGIO ARI DE SA CAVALCANTE WS;AV WASHINGTON SOARES, 3737
JUAZEIRO DO NORTE;119;394;PLANALTO;LICEU - EEEP ADERSON BORGES DE CARVALHO;R. VICENTE TEIXEIRA DE MACEDO, 561
HORIZONTE;78;153;MAL COZINHADO;EMEF DEPUTADO FEDERAL ULYSSES GUIMARAES;RUA MARIA PAULA 1231 - MAL COZINHADO
HORIZONTE;78;72;ALTO DA ESTRELA;EMEF MARIA TEODORA EVANGELISTA ;RUA MILTON FIGUEIREDO, 290
SOBRAL;24;91;JUNCO;EEFI JOSE DA MATA E SILVA;AV DR JOSE ARIMATEA MONTE E SILVA, 574
TEJUÇUOCA;41;177;BOA ACAO;ESCOLA MUNICIPAL MAMEDE BARROSO;BOA ACAO
ACOPIARA;60;128;QUINCOE;EEF UMBELINO ROQUE;SITIO FORTUNA
CAMPOS SALES;38;108;B. APARECIDA;E.E.F.T.I. - PADRE AZARIAS SOBREIRA - SEDE;RUA JOSÉ PINTO DA SILVA, S/N
FORTALEZA;114;48;BARRA DO CEARÁ;EM CASIMIRO JOSÉ LIMA FILHO;AVENIDA FRANCISCO SÁ 6449
ITAPIPOCA;17;242;BOA VISTA;EEB MARIA DALVA BARBOSA AZEVEDO;RUA EUBIA BARROSO
CRATO;27;83;SEMINÁRIO;EEMTI GOVERNADOR ADAUTO BEZERRA;RUA MARCOS MACEDO S/N
CRATO;27;119;BELMONTE;EEIEF ADÉRSON DA FRANCA ALENCAR;RUA CARLINA PINHEIRO S/N
FORTALEZA;118;15;PARQUE DOIS IRMÃOS;EM SANTA TEREZINHA;RUA AFONSO LOPES, 1095
COREAÚ;64;10;Centro;COREAÚ - ESCOLA ESTADUAL VILEBALDO AGUIAR;RUA CORONEL ANTÔNIO TELES, 33 - CENTRO
FORTALEZA;3;396;ALDEOTA;RECEITA FEDERAL (SUPER. REG. DE ADM. NO ESTADO DO CEARÁ);RUA BARÃO DE ARACATI, 909
ITAPIPOCA;17;611;LAGOA DAS MERCÊS;EEB JOÃO IRINEU DA SILVA;LAGOA DAS MERCÊS
IGUATU;13;97;COHABS;ESCOLA DE ENS MEDIO EDSON LUIZ CAVALCANTE DE GOUVEA;AVENIDA JUSCELINO KUBITSCHECK SN
UMIRIM;23;270;SAO JOAQUIM-DISTRITO;CRECHE COMUNITARIA ADELAIDE SALES TEIXEIRA;RUA FELISBELA CAETANO SN (RUA PRINCIPAL)
CRATO;27;210;GRANGEIRO;ASSOCIAÇÃO UNIDOS PRÓ-MELHORAMENTO DO SÍTIO COQUEIRO;SÍTIO COQUEIRO
UMIRIM;23;266;CENTRO;SECRETARIA DE EDUCACAO;RUA JONES NUNES SN
FORTALEZA;3;592;ALDEOTA;COLÉGIO ANTARES (RUA BARBOSA DE FREITAS);RUA BARBOSA DE FREITAS, 2058
FORTALEZA;1;337;MUCURIPE;ESCOLA MIGUEL FIALHO - ANTIGO PADRE JOSÉ NILSON;RUA CORONEL MANUEL JESUÍNO 225
CAUCAIA;123;418;NOVA METRÓPOLE (JUREMA);E.E.F.M. ROMEU DE CASTRO MENEZES;AV. A, S/N - NOVA METRÓPOLE
IGUATU;13;243;JOSÉ DE ALENCAR;ESCOLA DE ENS FUND FRANCISCO ALVES DO CARMO;SITIO ACUDE DO GOVERNO
MISSÃO VELHA;16;105;ZONA RURAL;EEF ANTONIO ALVES DE BARROS;SITIO CANA BRAVA
IRACEMA;86;84;DA PAZ;EEF ALBATIZA TAVARES DE OLIVEIRA GUERRA;RUA JOÃO TAVARES MAGALHÃES
ITAIÇABA;75;2;CENTRO;CENTRO VOCACIONAL TECNOLOGICO DE ITAICABA;RUA CORONEL JOAO BATISTA 248
FORTALEZA;1;477;MEIRELES;CENTRO DE REFERÊNCIAS SOBRE DROGAS - CRD;AV. DA ABOLIÇÃO, 3893
FORTALEZA;2;668;MESSEJANA;EMEIF ANGELICA GURGEL;RUA DOUTOR PERGENTINO MAIA, 375
SOBRAL;24;469;ALTO DO CRISTO;EEMTI PREFEITO JOSE EUCLIDES F. GOMES JUNIOR-(ANTIGO CIRAO);AV. HUMBERTO LOPES
ITAITINGA;78;266;PARQUE SANTO ANTONIO;EEF LÍDIA ALVES CAVALCANTE;RUA CARLOS DA COSTA CARMO, 757
ABAIARA;26;6;CENTRO;ESCOLA ROSA TAVARES LEITE;RUA MISAEL ALVES DE MEDEIROS 295
GUARACIABA DO NORTE;74;94;SEDE;E.E.I.F. JOÃO BARRETO DOS SANTOS;RUA 12 DE MAIO - CENTRO
JAGUARETAMA;72;70;CENTRO;SECRETARIA MUNICIPAL DE INFRAESTRUTURA (ANTIGA SEC AGRICULTURA);RUA DOM LUIZ, 1305
AURORA;69;44;ARACA-SEDE;E.E.F.P. LEOPOLDINA GONÇALVES QUEZADO;RUA MARICA LEITE,285
FORTALEZA;114;197;PRESIDENTE KENNEDY;EM GABRIEL CAVALCANTE;QUADRA F 167 CONJUNTO CASTELO BRANCO
FORTALEZA;2;136;MESSEJANA;EEM LICEU DE MESSEJANA;AVENIDA WASHINGTON SOARES 7702
FORTALEZA;3;406;ALDEOTA;EEMTI RENATO BRAGA;AV. RUI BARBOSA, 2000
MARACANAÚ;104;66;TIMBÓ;EMEF ADAUTO FERREIRA LIMA;AVENIDA CONTORNO LESTE, S/N
CAUCAIA;123;555;ARIANÓPOLIS (JUREMA);E.E.I.E.F. SEBASTIÃO BEZERRA DOS SANTOS;RUA SOLIMÕES, 361
IGUATU;13;237;VARJOTA;ESCOLA DE ENS FUND LUIS VIEIRA DA MOTA;VILA DA VARJOTA
CAUCAIA;123;343;PARQUE GUADALAJARA (JUREMA);E.E.I.E.F. 7 DE SETEMBRO;AV. DOM ALMEIDA LUSTOSA, 2322
FORTALEZA;114;175;CRISTO REDENTOR;EEFM SÃO JOSÉ DOS ARPOADORES;RUA FRANCISCO CALAÇA 90
AQUIRAZ;66;49;CAJUEIRO DO MINISTRO;EMEF MINISTRO JARBAS PASSARINHO;RODOVIA CE 040 - CAJUEIRO DO MINISTRO
NOVA RUSSAS;48;214;LAGEDO GRANDE;ESCOLA MUNICIPAL AQUILES RODRIGUES MACEDO;LOCALIDADE DE LAGEDO GRANDE,
CRATO;27;72;PIMENTA;URCA - UNIVERSIDADE REGIONAL DO CARIRI;RUA CORONEL ANTÔNIO LUIZ, 1161
LIMOEIRO DO NORTE;29;119;CANAFíSTULA;ESCOLA DE 1 GRAU SIZINANDO JACO DE FREITAS;SITIO CANAFISTULA
FORTALEZA;115;402;MANOEL SÁTIRO;EEFM PROFESSOR MARIO SCHENBERG;RUA AMERICO ROCHA LIMA 835
FORTALEZA;115;464;MANOEL SÁTIRO;EM HENRIQUETA GALENO;RUA MAJOR MONTENEGRO 917
ARACOIABA;67;44;IDEAL-DISTRITO;ESCOLA MUNICIPAL JOAQUIM TOME DE SOUSA;LAGOA GRANDE
CRATEÚS;20;328;SÃO JOSÉ;ESCOLA DE CIDADANIA AMADEU CATUNDA;RUA ALMIRANTE TAMANDARE 1873
JARDIM;119;397;SITIO RIACHO FUNDO DO CORRENTE;CAPELA NOSSA SENHORA DA CONCEIÇÃO;SITIO RIACHO FUNDO DO CORRENTE
RERIUTABA;79;99;MUFUMBAL;E.E.I.F. ZACARIAS CORDEIRO DE PAULO;MUFUMBAL - ZONA RURAL
IBICUITINGA;47;249;ANTONIO PEREIRA;EEB MANOEL VICENTE FERREIRA;SITIO ANTONIO PEREIRA
BELA CRUZ;96;87;BOM FUTURO;EMETI FRANCISCO SALES DE SOUSA;BOM FUTURO
CAUCAIA;37;522;TABAPUÁ;E.E.F.M. JOSÉ MARIA PONTES DA ROCHA;RUA 08, S/N - TABAPUÁ
VÁRZEA ALEGRE;62;18;CENTRO;EEM JOSÉ CORREIA LIMA;AV. LUIS AFONSO DINIZ, 213
BARBALHA;31;52;CENTRO;COLÉGIO DOM BOSCO OBJETIVO (CENTRO);RUA ADÃO APOLINÁRIO, S/N
MILAGRES;26;17;MISSIONÁRIAS;ESCOLA DONA ANTONIA LINDALVA DE MORAIS;RUA PALMERINDO MENDONCA S/N
ARACOIABA;67;69;LAGOA DE SAO JOAO-DISTRITO;ESCOLA MUNICIPAL RAIMUNDO CLEMENTINO DE OLIVEIRA;LAGOA DE SAO JOAO
FORTALEZA;2;184;CAMBEBA;SECRETARIA DA EDUCACAO - CAMBEBA;AVENIDA MINISTRO JOSE AMERICO, SN
SOBRAL;24;388;JERÔNIMO PRADO;UNIV.EST.VALE DO ACARAÚ-UVA-NÚCLEO DE DISCIPLINAS COMPLEMENTARES;AVENIDA DA UNIVERSIDADE, S/N
CRATO;27;18;CENTRO;COLÉGIO SANTA TERESA DE JESUS;RUA DOM QUINTINO, 863
CEDRO;13;496;SÃO MIGUEL;ESCOLA DE ENS FUND PEDRO MOREIRA DO CARMO;ST RECANTO
MOMBAÇA;46;93;PAES DE ANDRADE;CRECHE MANOEL BATISTA ALVES;AV. ANTONIO JAIME BENEVIDES FILHO S/N
IPAPORANGA;20;268;LAGOA DO BARRO;ESCOLA DE ENSINO FUNDAMENTAL LUIZ LOPES DE SOUSA;ESTREITO
MISSÃO VELHA;16;60;SEDE;EEF  EMILCE DANTAS ( ANTIGO DR STENIO DANTAS);RUA AFONSO RIBEIRO, S/N, CENTRO.
ITAPIPOCA;17;499;VIOLETE;EEB JOSE LINS DE ALBUQUERQUE;RUA CRISTO REDENTOR
ITAREMA;98;163;ZONA RURAL;LICEU DE ALMOFALA - EEM JOSE MARIA MONTEIRO;RUA AGRIPINO TOMAS DE SOUSA S/N - ALMOFALA
MISSÃO VELHA;16;33;FREI DAMIÃO DE BOZZANO;EEFM MONSENHOR ANTONIO FEITOSA;AVENIDA CORONEL JOSÉ DANTAS, S/N
ARACATI;8;10;CENTRO;INSTITUTO SAO JOSE;RUA CEL ALEXANDRINO 563
CRATEÚS;20;4;CENTRO;CENTRO INTEGRADO DE EDUCAÇÃO DE CRATEÚS - CIEC;RUA FIRMINO ROSA, 837
EUSÉBIO;88;224;TAMATANDUBA;CEI TEREZINHA CAMPINA BRAUNA;RUA EZEQUIEL CAMPINA, S/N
FORTALEZA;115;422;VILA PERI;CENTRO DE EDUCAÇÃO PEDAGÓGICO EÇA DE QUEIROZ;RUA DOM XISTO ALBANO 611
FORTALEZA;2;656;LAGOA REDONDA;EM TEREZINHA FERREIRA PARENTE;RUA NELSON COELHO, 209
FORTALEZA;115;53;ITAPERI;UNIVERSIDADE ESTADUAL DO CEARA - UECE;AV DR. SILAS MUNGUBA, 1700
ABAIARA;26;108;SÍTIO LOGRADOURO;ESCOLA PADRE JOSE LEITE SAMPAIO;SITIO LOGRADOURO
CAMOCIM;32;268;ZONA RURAL;EEF HIPÓLITO RICARDO PINTO - JATOBÁ;ASSENTAMENTO JATOBÁ, SN
FORTALEZA;85;239;CONJUNTO CEARÁ I;EEFM DOUTOR GENTIL BARREIRA;RUA 202-D, S/N - CONJUNTO CEARÁ I
AQUIRAZ;66;20;PATACAS;EMEF CLARENCIO CRISOSTOMO FREITAS;RODOVIA CE 040 SN ( SITIO  MEU CANTINHO)
CAUCAIA;120;329;BOQUEIRAO DA ARARA;E.E.I.E.F. ADÉLIA CRISÓSTOMO;BR 222 - KM 23
QUIXERÉ;29;241;LAGOINHA;EEIF ZACARIAS FERREIRA DE SOUSA;RUA JOAO ZACARIAS DE BRITO SN
CRATEÚS;20;100;REALEJO;ESCOLA DE CIDADANIA DE REALEJO;REALEJO
CRATEÚS;20;175;IRAPUA;CAPELA DE SANTA LUZIA - VARZEA GRANDE;VARZEA GRANDE
CRATEÚS;20;94;SANTANA;ESCOLA DE CIDADANIA DE SANTANA I;SANTANA I
CAUCAIA;120;373;CAPUAN;SALAO PAROQUIAL DE CAPUAN;AVENIDA PROFESSORA LETÍCIA MARQUES CAVALCANTE, S/N
FORTALEZA;113;433;MONTESE;ESCOLA MUNICIPAL VICENTE FIALHO;RUA IRMA BAZET, 193
NOVO ORIENTE;99;9;CENTRO;EEF FRANCISCO RUFINO VIEIRA;RUA CAPITAO RODRIGO S/N
FORTALEZA;85;387;CONJUNTO CEARÁ I;EEFM DR UBIRAJARA INDIO DO CEARA - UV-7A;RUA SETECENTOS E CINQUENTA E UM, 192, 3A ETAPA
ALCÂNTARAS;24;1;SAO JOSE;EEM FRANCISCO DE ALMEIDA MONTE;RUA FRANCISCO CUNHA S/N
ARACATI;8;338;VILA SÃO JOSÉ;E.E.F. POMPEU COSTA LIMA FILHO;VILA SÃO JOSÉ
QUIXADÁ;6;236;CENTRO;SOCIEDADE SÃO VICENTE DE PAULA;RUA FRANCISCO ENEAS DE LIMA, 2111
TAUÁ;19;83;TRICI;EPG FRANCISCA G DE AMORIM;MASSAPE
MIRAÍMA;89;234;CRUZEIRO;EEFM JOSEFA BRAGA BARROSO;RUA DEZINHO TEIXEIRA
MARACANAÚ;122;78;ACARACUZINHO;EEFM JOSE MILTON DE VASCONCELOS DIAS;AV. CENTRAL S/N
FORTALEZA;117;310;SIQUEIRA;EM JOAQUIM ALVES;RUA COSTA DO SOL, 1061
BARRO;92;42;CENTRO-SEDE;ESCOLA DE 1 GRAU JUSTINO ALVES FEITOSA;RUA CRISANTINA MONTEIRO S/N
ITAITINGA;78;268;PARQUE SANTO ANTONIO;EEF LÍDIA ALVES CAVALCANTE;RUA CARLOS DA COSTA CARMO, 757
SOBRAL;24;490;JOSÉ EUCLIDES;EEFI MOCINHA RODRIGUES;RUA EVANGELINA SABOIA, S/N
LAVRAS DA MANGABEIRA;14;95;BARRA DA PENDENCIA - SITIO;ASSOCIAÇÃO COMUNITÁRIA JOSE AMANCIO PEREIRA;SITIO BARRA DA PENDENCIA S/N
FORTALEZA;80;382;TAUAPE;COLÉGIO SHALON;RUA TIBÚRCIO FROTA, 1530 COM OSVALDO CRUZ
NOVA RUSSAS;48;37;CACIMBA NOVA;ESCOLA MUNICIPAL HILDO FURTADO LEITE;LOCALIDADE DE CACIMBA NOVA,
MARANGUAPE;4;537;CÔNEGO RAIMUNDO PINTO - MARANGUAPE;EEMTI EUNICE WEAVER;AV SEN ALMIR PINTO KM 15 PAU SERRADO
MARANGUAPE;4;520;NOVO MARANGUAPE I (ÁREA VERDE) - MARANGUAPE;EMEF JOSÉ FERNANDES VIEIRA;RUA PEDRO MOREIRA VASCONCELOS, 125
SOBRAL;24;489;ALTO DO CRISTO;EEMTI PREFEITO JOSE EUCLIDES F. GOMES JUNIOR-(ANTIGO CIRAO);AV. HUMBERTO LOPES
ITAIÇABA;75;6;LOGRADOURO;CEI FRANCISCO AMARAL MAIA;LOGRADOURO
VIÇOSA DO CEARÁ;35;138;GENERAL TIBURCIO;E.E.F TRAPIÁ;SITIO TRAPIA
SANTA QUITÉRIA;54;228;PEREIROS;E. E. F. DEPUTADO CHICO FIGUEREDO;RUA EDSON LOBO DE MESQUITA
CAUCAIA;37;587;PADRE ROMUALDO;E.E.F. AUGUSTO CESAR SILVA SALES;RUA 15 DE NOVEMBRO, 456
FORTALEZA;83;99;HENRIQUE JORGE;EEM  MARIANO MARTINS;AVENIDA SENADOR FERNANDES TÁVORA 1445
JUCÁS;43;46;VILA JOSÉ BENTO - SEDE;ESCOLA DE ENSINO FUNDAMENTAL  AUREA LEAL;VILA JOSE BENTO 170
IGUATU;13;206;JOSÉ DE ALENCAR;ESCOLA DE ENS FUND FRANCISCO SEBASTIAO UCHOA;SANTA ROSA II
IGUATU;13;67;JOSÉ DE ALENCAR;ESCOLA DE ENS FUND ONELIA PEREIRA DE LAVOR;VILA ESTRADA
HORIZONTE;78;146;CENTRO;EMEF MARIA REGIANA DA SILVA;RUA RAFAEL SANTOS, 530
FORTALEZA;114;348;BARRA DO CEARÁ;EMTI ALDEMIR MARTINS;AV. FRANCISCO SÁ, 7460
VIÇOSA DO CEARÁ;35;3;CENTRO;E.E.M DR JULIO DE CARVALHO;RUA JOSE JOAQUIM DE CARVALHO, 496
MARACANAÚ;122;36;NOVO ORIENTE;EMEF MAESTRO ELEAZAR DE CARVALHO;AV. CENTRAL S/N
ITAREMA;98;137;ZONA RURAL;EMEF ANTENOR ROMERO;MAE COSMA
PIQUET CARNEIRO;12;119;CATOLE DA PISTA;EMEF JOSÉ ELIEDSON DE BRITO;CATOLE DA PISTA
VIÇOSA DO CEARÁ;35;96;SITIO CACIMBINHA;ANEXO HORÁCIO FONTENELE MAGALHÃES;SITIO CACIMBINHA
JUAZEIRO DO NORTE;119;196;ANTONIO VIEIRA;ESCOLA PREFEITO ANTONIO CONSERVA;CONSTRUTOR JOSE SABINO SN
URUOCA;25;93;CAMPANARIO;E.E.F. FRANCISCO MARQUES VIEIRA;RUA JOSE CRISTINO, S/N
MISSÃO VELHA;16;82;ZONA RURAL;EEF SEBASTIAO PEDRO DE ARAUJO;DISTRITO DO QUIMAMI
SOBRAL;24;326;JORDÃO;EEFI JOSE INACIO GOMES PARENTE;RUA ONOFRE GOMES DE OLIVEIRA
PACATUBA;57;309;PAVUNA;E.E.I.E.F OS HERÓIS DO TIMBÓ;RUA ARAÚJO E SILVA, 25, VELHO TIMBO
FORTALEZA;94;445;QUINTINO CUNHA;EEMTI MARIA JOSÉ SANTOS FERREIRA GOMES (CERE);RUA DONA LUCIA PINHEIRO, 93
JAGUARUANA;75;83;JOAO DUARTE;E.E.F. NOSSA SENHORA DE FATIMA;JOAO DUARTE
FORTALEZA;113;25;BENFICA;IFCE - INST FEDERAL DE CIÊNCIA E TECNOLOGIA (CEFET);AV. 13 DE MAIO, 2081
SÃO GONÇALO DO AMARANTE;36;37;CROATA-DISTRITO;ESCOLA DE ENSINO FUNDAMENTAL PORFIRIO DE ARAUJO;RUA VALDO UCHOA - CROATA
FORTALEZA;118;294;PASSARÉ;EM RAIMUNDO DE MOURA MATOS;AVENIDA DOIS DE MAIO, 1300
FORTALEZA;118;480;PASSARÉ;EM PAULO SERGIO DE SOUSA LIRA;RUA ITABORAÍ, 264
GENERAL SAMPAIO;50;206;CONJUNTO SÃO JOSÉ;EEMTI EDITE ALCÂNTARA MOTA;RUA DO CAMPO, S/N
CASCAVEL;7;123;GUANACES;ESC.ENS.FUND. MANOEL BERNARDINO SANTIAGO;LAGOA DE SOUSA
ACOPIARA;60;3;VILA NOVA;CRAS II - ANTÔNIO FRANCISCO DO NASCIMENTO - VILA NOVA;RUA CICERO MANDU. 170, CENTRO.
FORTALEZA;2;773;PAUPINA;CMES ANISIO TEIXEIRA;TRAVESSA DO GUARANI, 355
BOA VIAGEM;63;104;DOMINGOS DA COSTA;EEF MOISES ALVES DE LIMA;FAZENDA SANTA MARIA
SANTA QUITÉRIA;54;36;CENTRO;CRECHE GERACINA LÔBO DE MESQUITA;RUA MONSENHOR FURTADO, 474.
SANTA QUITÉRIA;54;108;VILA DE SANGRADOURO;E.M.E.F. RAIMUNDO ALVES FREITAS;VILA DE SANGRADOURO
ITAPIPOCA;17;73;ÁREA RURAL DE ITAPIPOCA;EEB SALUSTIANO PAULINO DO NASCIMENTO;SORORÔ
IGUATU;13;17;CENTRO;ESCOLA DE ENSINO MÉDIO EM TEMPO INTEGRAL DE IGUATU;RUA GUILHERME DE OLIVEIRA, 842
EUSÉBIO;88;168;GUARIBAS;EEMF ADELINO BEZERRA;AV ACILON GONÇALVES PINTO, S/N - GUARIBAS
FORTALEZA;113;440;PARQUE ARAXÁ;CENTRO UNIVERSITÁRIO UNIFANOR;AV. BEZERRA DE MENEZES, 1277
LIMOEIRO DO NORTE;29;170;MONSENHOR OTÁVIO;INSTITUTO FEDERAL DE EDUCAÇÃO CIENTÍFICA E TECNOLÓGICA - IFCE;RUA ESTEVAM REMÍGIO 1145
JUAZEIRO DO NORTE;119;42;SANTA TEREZA;ESCOLA ADAUTO BEZERRA (SEGUNDO GRAU);CASTELO BRANCO SN
FORTALEZA;3;417;ALDEOTA;UNICHRISTUS ALDEOTA;RUA VISCONDE DE MAUÁ, 1940
SÃO GONÇALO DO AMARANTE;36;82;BOLSO;ESCOLA DE ENSINO FUNDAMENTAL MANOEL PEREIRA BRITO;BOLSO
CRATO;27;97;SEMINÁRIO;EEIEF LICEU DIOCESANO DE ARTES E OFÍCIOS;RUA DUARTE JÚNIOR S/N
PARAMBU;19;286;CENTRO;ESCOLA VIRGÍLIO TAVORA;RUA 07 DE SETEMBRO, 120
PACATUBA;57;183;MONGUBA;EEIEF MAJOR MANOEL ASSIS NEPOMUCENO;MONGUBA
FORTALEZA;93;257;PREFEITO JOSÉ WALTER;EM FRANCISCO NUNES CAVALCANTE;RUA POETA MÁRIO LINHARES, 561
BELA CRUZ;96;24;CENTRO-SEDE;EMETI PAULO SARASATE;RUA JOSÉ XEREZ DE SOUSA, S/N
FORTALEZA;2;827;JOSÉ DE ALENCAR;COLÉGIO CHRISTUS SUL 3;AV ENGENHEIRO LEAL LIMA VERDE, 2500 - JOSÉ DE ALENCAR
PARAIPABA;109;106;BOA ESPERANÇA;EMTI HUMBERTO VIEIRA PESSOA;RUA MARIA CLARICE MOREIRA, 200
PACATUBA;57;345;SAO JOSE;EEM CASSIMIRO LEITE DE OLIVEIRA;RUA SERGIO PROTASIO DA SILVA, 44
FORTALEZA;118;621;SERRINHA;EM MARCOS VALENTIM PEREIRA DE SOUSA;RUA FREIRE ALEMÃO,91
PACUJÁ;79;198;CENTRO;E.E.F. SAO JOAO BATISTA;RUA VEREADOR LUÍS MANÇO MAGALHÃES, S/N
FORTALEZA;115;313;JARDIM CEARENSE;ESCOLA MARISTA SAGRADO CORAÇÃO;RUA VIDAL DE NEGREIROS, 550
ORÓS;15;254;CENTRO;E.E.M. EPITÁCIO PESSOA;AV. JOSÉ GABRIEL BEZERRA, 274
CAPISTRANO;105;11;CENTRO;ESCOLA DE ENSINO FUNDAMENTAL E MEDIO CEL. FRANCISCO NUNES CAVALCANTE;RUA CEL. FRANCISCO NUNES CAVALCANTE 35
PARAIPABA;109;123;BOA ESPERANÇA;EMTI HUMBERTO VIEIRA PESSOA;RUA MARIA CLARICE MOREIRA, 200
FORTALEZA;93;141;PREFEITO JOSÉ WALTER;EEEP PROFESSOR ONELIO PORTO;AVENIDA E, 471 - II ETAPA
FORTALEZA;1;761;MUCURIPE;ESCOLA ESTADUAL DRAGAO DO MAR;RUA UMARI S/N
MONSENHOR TABOSA;61;152;CENTRO;E.M.E.F.T.I LUIZ LEITAO;AVENIDA PESSOA PIRES  2
FORTALEZA;94;47;ANTÔNIO BEZERRA;EMEIEF DEPUTADO GERÔNCIO BEZERRA;TRAVESSA MANUEL NUNES, 42
FORTALEZA;3;644;ALDEOTA;COLÉGIO SANTA CECÍLIA;AV. SENADOR VIRGÍLIO TÁVORA, 2000
CAUCAIA;123;403;MARECHAL RONDON (JUREMA);E.E.I.E.F. RAIMUNDO JERÔNIMO DE SOUSA;RUA JÚLIO ROCHA, 220 - KM 14/JUREMA
FORTALEZA;114;218;PRESIDENTE KENNEDY;ESCOLINHA MUNDO INFANTIL;AVENIDA SARGENTO HERMÍNIO SAMPAIO 3787
CRATEÚS;20;42;FATIMA I;CRECHE PROINFÂNCIA DELITE II - PROVISÓRIO;RUA FRANCISCO ARTUR MOREIRA, 1011
CRATEÚS;20;83;IBIAPABA;ESCOLA DE CIDADANIA DE IBIAPABA;IBIAPABA
SOBRAL;24;327;JOSÉ EUCLIDES;EEM MINISTRO JARBAS PASSARINHO;AVENIDA JOHN SANFORD, S/N
CAUCAIA;120;337;CAPUAN;E.E.F. JOSE ALEXANDRE;RUA DA LAGOA, 135
VARJOTA;65;144;EMPRÉSTIMOS;E.E.F. EMILIANO RIBEIRO DA CUNHA;RUA FRANCISCO RIBEIRO DE LIMA, 184
TIANGUÁ;81;72;RÉGIS DINIZ;E.E.I.F. MONSENHOR AGESILAU DE AGUIAR;AVENIDA ZEFERINO FERREIRA, S/N
MARACANAÚ;104;385;PAJUÇARA;EMEIEF PROF PAULO FREIRE;RUA PAULO BATISTA 660
FORTALEZA;83;123;PICI;EEEP JÚLIA GIFFONI;RUA CORONEL MATOS DOURADO 1349
TABULEIRO DO NORTE;91;143;CENTRO;EMEF NOSSA SENHORA DE FÁTIMA;RUA JOÃO FERREIRA BRAÚNA, 191
ACOPIARA;60;283;SEDE;ASSOCIAÇÃO DOS MORADORES DO SITIO ARARAS;SITIO ARARAS
HIDROLÂNDIA;54;21;DISTRITO DE IRAJÁ;E.M.E.F. CERU DR. AQUILES PERES MOTA;RUA JOÃO BATISTA VIANA S/N.
CRATEÚS;20;69;ALTAMIRA;ESCOLA TECNICA DE COMERCIO PADRE JUVENCIO;RUA JOAO SOARES, 15
BEBERIBE;84;44;SERRA DO FELIX;ESCOLA MUNICIPAL GREGORIO BEZERRA DA SILVA;LAGOA QUEIMADA
FORTALEZA;117;440;BOM JARDIM;EEFM SANTO AMARO;RUA NOVA CONQUISTA 871
QUIXERAMOBIM;11;144;MANITUBA;ESCOLA MANOEL FARIAS DE ALMEIDA;VENEZA
FORTALEZA;112;127;ENGENHEIRO LUCIANO CAVALCANTE;ESCOLA DE ENSINO MÉDIO EM TEMPO INTEGRAL JOHNSON;RUA GONTRAN GIFFONI, 461
IBICUITINGA;47;61;CENTRO;EEB ENEAS FERREIRA NOBRE;RUA CAPITAO MANOEL ANTONIO 2180
ITAITINGA;78;248;CENTRO;EEF GERALDO BATISTA DE LIMA;AV. CEL. VIRGÍLIO TÁVORA S/N
TIANGUÁ;81;117;ITAGUARUNA;E.E.F. ABÍLIO COELHO MOITA;SÍTIO ITAGUARUNA
SOBRAL;121;142;CENTRO;EEFM DR JOAO RIBEIRO RAMOS;RUA CONSELHEIRO JOSE JULIO
TEJUÇUOCA;41;208;ACUDE GERIMUM;ESCOLA MUNICIPAL MANOEL BRITO DA COSTA;ACUDE GERIMUM
LIMOEIRO DO NORTE;29;14;CENTRO;ESCOLA NORMAL DE LIMOEIRO;AV DOM AURELIANO MATOS 1759
SOBRAL;24;270;SÃO JOSÉ DO TORTO;EEFI ELPIDIO RIBEIRO DA SILVA;TORTO
JUAZEIRO DO NORTE;119;273;PREFEITO CARLOS ALBERTO DA CRUZ;URCA - CAMPUS CRAJUBAR (TRIÂNGULO);AVENIDA LEÃO SAMPAIO, 107
CRATO;27;131;DOM QUINTINO;EEIEF RAIMUNDO NONATO DE SOUZA;RUA SEBASTIÃO DE SOUZA MARTINS, 143
ITAIÇABA;75;2;CENTRO;CENTRO VOCACIONAL TECNOLOGICO DE ITAICABA;RUA CORONEL JOAO BATISTA 248
PENTECOSTE;50;87;CENTRO;SECRETARIA DE EDUCAÇÃO DE PENTECOSTE;RUA MAJOR JOÃO MARTINS, 361
GUARACIABA DO NORTE;74;166;CRUZ;ESCOLA DE 1 GRAU MONSENHOR ANTONINO;RUA MONSENHOR EURICO
MARACANAÚ;104;147;CENTRO;EEM TENENTE MÁRIO LIMA;RUA FRANCISCO FIRMINO, 293
ARNEIROZ;101;46;SANTA LUZIA;EEFM MARIA DOLORES PETROLA;RUA RAIMUNDO NONATO DE ARAÚJO, S/N
JUAZEIRO DO NORTE;119;206;FREI DAMIAO;EEMTI DOM DOM ANTONIO CAMPELO DE ARAGÃO (CAIC);RUA VEREADOR RAIMUNDO JOSÉ RODRIGUES DA SILVA, S/N
JUAZEIRO DO NORTE;119;256;PIRAJA;ESCOLA MARIA AMELIA BEZERRA;AV CASTELO BRANCO SN
FORTALEZA;113;347;PARQUELÂNDIA;SECRETARIA EXECUTIVA REGIONAL III - FORTALEZA;AV JOVITA FEITOSA 3090
FORTALEZA;85;150;CONJUNTO CEARÁ I;EEF GOVERNADOR FAUSTINO ALBUQUERQUE - UV1;RUA 143 N 155 - 1 ETAPA
FORTALEZA;85;302;ANTÔNIO BEZERRA;EEFM ANTONIO BEZERRA;RUA PADRE PERDIGAO SAMPAIO 780
FORTALEZA;118;624;PASSARÉ;EM FRANCISCO ANDRADE TEOFILO GIRAO;RUA UNIDOS VENCEREMOS, 2040
PORTEIRAS;70;315;ZONA RURAL;E E I F PROFESSORA BEATRIZ PINHEIRO DA COSTA;SÍTIO MUQUEM
CAUCAIA;120;355;CIGANA;E.E.I.E.F DALVA PONTES DA ROCHA;RUA QUINTINO JOSE CORREIA, 465
IBICUITINGA;47;289;CURRAIS;EEB FRANCISCO FIRMINO DE ARAUJO;LAGOA DOS CURRAIS
CASCAVEL;7;73;CAPONGA;ESC.ENS.FUND. MINISTRO ARMANDO FALCÃO;TIJUCUSSU 2
JAGUARETAMA;72;6;CENTRO;EMEF 29 DE AGOSTO - PROFª MARIA ELIELZA PINHEIRO GUERRA;RUA TRISTAO GONCALVES 380
FORTALEZA;3;229;CENTRO;EEFM CLÓVIS BEVILAQUA;AV. DOM MANUEL, 511
VIÇOSA DO CEARÁ;35;61;LAMBEDOURO;E.E.I.F FRANCISCO BRUNO DE ARAGAO;SITIO BOQUEIRAO DOS BITONHOS SN
MARTINÓPOLE;25;224;CENTRO;E.E.I. CECILIO PORFIRIO GOMES;AV. CAPITAO BRITO, S/N
ITAPIPOCA;17;60;DESERTO;EEFMI HILDEBERTO BARROSO;AVENIDA VEREADORA LEIDA SOARES, 1205
ITAPIPOCA;17;14;CENTRO;EEM JOAQUIM MAGALHÃES;RUA PERGENTINA ARAUJO S/N
PACATUBA;57;207;CONJUNTO JEREISSATI III;EEIEF NELLY DE LIMA E MELO;RUA 02, 250
ABAIARA;26;1;CENTRO;ESCOLA BELARMINO LINS DE MEDEIROS;RUA EXPEDITO OLIVEIRA DAS NEVES 182
FORTALEZA;3;422;CENTRO;UNIARI - CENTRO UNIVERSITÁRIO ARI DE SÁ;AV. HERÁCLITO GRAÇA, 826
FORTALEZA;115;424;VILA PERI;CENTRO DE EDUCAÇÃO PEDAGÓGICO EÇA DE QUEIROZ;RUA DOM XISTO ALBANO 611
FORTALEZA;115;36;PARANGABA;EM THOMAZ POMPEU SOBRINHO;RUA JOSE MENELEU, 531
FORTALEZA;2;418;MESSEJANA;EEFM JOSE DE ALENCAR;RUA VENEZA, 84
BREJO SANTO;70;46;LAGOA DO MATO-SEDE;ESCOLA MUNICIPAL NOBILINO ALVES DE ARAUJO;VILA LAGOA DO MATO
IGUATU;13;129;BARRO ALTO;ESCOLA DE ENS FUND BEVENUTO ALVES DA SILVA;QUIXOA II
IPUEIRAS;40;40;ENGENHEIRO JOÃO TOMÉ;EEF NOEMI VASCONCELOS - ENGENHEIRO JOÃO TOMÉ;RUA DOUTOR BRANDÃO, S/N
ACOPIARA;60;97;DISTRITO DE EBROM;EEF VICENTE JOAO DA SILVA;SITIO TAQUARI
ITAPIPOCA;17;74;ÁREA RURAL DE ITAPIPOCA;EEB FRANCISCO TEIXEIRA PIRES;SALGADO DOS PIRES
PACATUBA;57;189;ALTO SAO JOAO;EEIEF DR. CARLOS ALBERTO DE ALMEIDA PONTES;RUA JOSE FRANKLIN S/N
MARANGUAPE;4;38;TANQUES;EMEIEF JOSÉ SAMPAIO UCHÔA;MELAO
ICÓ;15;83;LIMA CAMPOS - DISTRITO;CRAS III - IRMÃ MARIA JOSÉ;RUA DA BR S/N
IGUATU;13;247;BARRO ALTO;ESCOLA DE ENS FUND SAO SEBASTIAO;BARRO ALTO
IGUATU;13;414;VILA COQUEIROS;ESCOLA DE ENS FUND CLARA ALVES DE ARAUJO;RUA JOSÉ VIEIRA BARBOSA SN
MARACANAÚ;104;366;PAJUÇARA;EMEIEF PREFEITO ALMIR FREITAS DUTRA;RUA ELÍFIO MEDEIROS DA CUNHA, 531
FORTALEZA;117;426;SIQUEIRA;CEI FRANCISCA DE ABREU LIMA;RUA C -  ESQUINA COM A RUA LUIZ MONTENEGRO, S/N
EUSÉBIO;88;140;JABUTI;EEM PROF. FRANCISCA LINHARES DE SOUSA;R. EDUARDO SÁ, S/N
MIRAÍMA;89;243;ÁREA RURAL DE MIRAÍMA;EEB ANICETO TEIXEIRA;JUREMAL
FARIAS BRITO;62;196;UMARI;EEF ANTÃO PEREIRA E SILVA;RUA ARÃO PEREIRA E SILVA, S/N - UMARI - DIST. QUINCUNCÁ
FORTALEZA;1;736;MANUEL DIAS BRANCO;COLÉGIO CÍVICO MILITAR BATALHA DO RIACHUELO;R. E, 100 - MANUEL DIAS BRANCO
FORTALEZA;1;813;COCÓ;UNINTA - FACULDADE UNINTA FORTALEZA;RUA VILEBALDO AGUIAR,133
GUARACIABA DO NORTE;74;59;DISTRITO;ESCOLA MUNICIPAL SILVESTRE MESQUITA (VÁRZEA DOS ESPINHOS);VARZEA DOS ESPINHOS
FORTALEZA;115;461;MANOEL SÁTIRO;EM HENRIQUETA GALENO;RUA MAJOR MONTENEGRO 917
SÃO GONÇALO DO AMARANTE;36;92;SERROTE-DISTRITO;ESCOLA DE ENSINO FUNDAMENTAL ESTER DE PONTES BARROSO;SERROTE
SÃO GONÇALO DO AMARANTE;36;216;CAGADO-POVOADO;ESCOLA DE ENSINO FUNDAMENTAL JOAO PINTO MAGALHAES;CAGADO
JUAZEIRO DO NORTE;119;48;PREFEITO CARLOS ALBERTO DA CRUZ;ESCOLA ZILA BELEM;FRANCISCO VICENTE SILVA CAVALCANTE SN
ANTONINA DO NORTE;18;74;CASTELO BRANCO;ESCOLA MUNICIPAL FRANCISCO MENDES E SILVA;AV CENTRAL SN
CAUCAIA;123;478;MARECHAL RONDON (JUREMA);CAPEMI - LAR FABIANO DE CRISTO;AV. DOM ALMEIDA LUSTOSA, 4395
SOBRAL;24;381;JUVÊNCIO DE ANDRADE;EEEP DOM WALFRIDO TEIXEIRA VIEIRA (LICEU DE SOBRAL);AVENIDA PAULO DE ALMEIDA SANFORD, S/N
FORTALEZA;3;640;MEIRELES;NÁUTICO ATLÉTICO CEARENSE;AV. DA ABOLIÇÃO, 2727
CHOROZINHO;49;153;MORROS;EEF LUIZ GONZAGA LIMA;LOCALIDADE DE MORROS
BEBERIBE;84;35;SEDE;ESCOLA MUNICIPAL JOSE ROLDAO DE OLIVEIRA;CAETANOS
FORTALEZA;85;258;AUTRAN NUNES;EMEIF DOLORES ALCANTARA;RUA CARDEAL ARCOVERDE S/N
FORTALEZA;82;32;SÃO GERARDO;SECRETARIA DO DESENVOLVIMENTO AGRÁRIO (SDA) DO ESTADO DO CEARÁ;AV. BEZERRA DE MENEZES, 1820
FORTALEZA;115;480;VILA PERI;EM NOELZINDA SATIRO SANTIAGO;RUA DOM XISTO ALBANO, 1298
ARNEIROZ;101;64;PLANALTO;EPG FRANCISCO ELIAS DE ANDRADE;PLANALTO
FORTALEZA;3;300;CENTRO;ACADEMIA DO PROFESSOR DARCY RIBEIRO;RUA DONA LEOPOLDINA, 907
ITAPIPOCA;17;84;ARAPARI;EEB JOAO GONCALVES VIANA;SANTA RITA
FORTALEZA;114;337;BARRA DO CEARÁ;INSTITUTO EDUCACIONAL HUMANISTA;RUA CAUBI, 478
FORTALEZA;1;513;MEIRELES;CENTRO DE REFERÊNCIAS SOBRE DROGAS - CRD;AV. DA ABOLIÇÃO, 3893
HORIZONTE;78;196;CENTRO;CEJAH LAURIZA VIEIRA LIMA ;RUA FRANCISCO PEREIRA DE AZEVEDO,164 
MARACANAÚ;104;376;JEREISSATI II;EEMTI PROFESSOR EDMILSON PINHEIRO;AVENIDA XII, 727
FORTALEZA;115;94;SERRINHA;COLEGIO DUQUE DE CAXIAS;RUA  PERU, 1675
FORTALEZA;3;623;ALDEOTA;COLÉGIO BATISTA - SANTOS DUMONT;RUA DESEMBARGADOR LEITE ALBUQUERQUE, 1056
ITAPIPOCA;17;360;BOA VISTA;ESCOLA DE 1 GRAU DR GERALDO GOMES DE AZEVEDO;RUA JOAQUIM AMÉRICO TEIXEIRA, 216
FORTALEZA;115;265;JARDIM CEARENSE;ESCOLA MARISTA SAGRADO CORAÇÃO;RUA VIDAL DE NEGREIROS, 550
QUIXERAMOBIM;11;76;MANITUBA;ESCOLA FRANCISCO MANOEL DO NASCIMENTO;GUARIBAS
GRAÇA;79;151;VILA FORMOSA;EEF JOSE POMPILIO DAMASCENO;VILA FORMOSA
ITAPIPOCA;17;61;DESERTO;EEFMI HILDEBERTO BARROSO;AVENIDA VEREADORA LEIDA SOARES, 1205
FARIAS BRITO;62;217;MONTE PIO;EEF EVALDO GONCALVES DE PINHO;VILA MONTE PIO
FORTALEZA;93;238;PREFEITO JOSÉ WALTER;EM ROGACIANO LEITE;RUA 45, S/N - III ETAPA
MARACANAÚ;122;130;JAÇANAÚ;EMEIEF FRANCISCO ANTONIO FONTENELE;RUA NOE SALES BEZERRA S/N
FORTALEZA;115;269;ITAPERI;EM PROJETO NASCENTE;RUA CAMPO MAIOR, S/N
AQUIRAZ;66;18;BATOQUE;EMEF DE BATOQUE;PRAIA DO BATOQUE SN
ITAPIÚNA;105;165;ZONA RURAL;ESCOLA DE 1 GRAU CORONEL ADAUTO BEZERRA;JOAO ROSA ZONA RURAL
IGUATU;13;185;COHABS;ESCOLA DE ENS MEDIO EDSON LUIZ CAVALCANTE DE GOUVEA;AVENIDA JUSCELINO KUBITSCHECK SN
CAUCAIA;123;318;PARQUE POTIRA (JUREMA);COLÉGIO ESTADUAL LICEU DE CAUCAIA;RUA ARAQUÉM, 1100 - PARQUE POTIRA (JUREMA)
IGUATU;13;413;RIACHO VERMELHO;ESCOLA DE ENS FUND DOMINGOS FELIX TEIXEIRA;SITIO RECREIO
FORTALEZA;83;782;PICI;ESCOLA MUNICIPAL ADROALDO TEIXEIRA CASTELO;RUA ALAGOAS 2267
ITAPIPOCA;17;523;CRUXATI;EEB PEDRO FRANCISCO DE ASSIS;CURA I
FORTALEZA;1;403;CAIS DO PORTO;EMTI VEREADOR ALBERTO GOMES DE QUEIROZ;AV. ZEZÉ DIOGO, 782
BARROQUINHA;108;64;DISTRITO BITUPITÁ;C.E.I. OTACÍLIA TELES DE MORAES;RUA DA PRAIA, S/N
FORTALEZA;93;103;PREFEITO JOSÉ WALTER;ESCOLA MUNICIPAL ARI DE SA CAVALCANTE (JOSÉ WALTER);AV. H, 430 III ETAPA
FORTALEZA;95;291;JANGURUSSU;EMEIEF MARTHA DOS MARTINS COELHO GUILHERME;RUA 313, 243, CONJUNTO SÃO CRISTÓVÃO
BEBERIBE;84;110;SERRA DO FELIX;CENTRO DE EDUCACAO MUNICIPAL BETESDA;BR-116 KM 111 - BOQUEIRAO DO CESARIO
SOBRAL;121;261;COHAB I;EEFM MONS. JOSE GERARDO FERREIRA GOMES(NOELIA);RUA MADALENA DE SÁ, S/N
PACATUBA;57;220;CONJUNTO JEREISSATI II;ESCOLA DE 1 GRAU DESEMBARGADOR RAIMUNDO DE CARVALHO;AV. XV SETOR F
IGUATU;13;238;BARRA;ESCOLA DE ENS FUND JOSE HONORIO CAVALCANTE;SITIO BARRA I
FORTALEZA;2;807;LAGOA REDONDA;ESCOLA MUNICIPAL ISABEL FERREIRA;RUA ISABEL FERREIRA, 1000 - CONJ. CURIÓ
GUARACIABA DO NORTE;74;50;DISTRITO;EEF FRANCISCO JOSÉ FEITOSA - MORRINHOS NOVOS II;MORRINHOS NOVOS
AQUIRAZ;66;156;PAU POMBO;EMEF JOSE CAMARA DE ALMEIDA;AV CLOVIS HOLANDA DE FREITAS, S/N
IPUEIRAS;40;173;GROSSOS;EEF LOURENÇO GONÇALVES DOS SANTOS - GROSSOS;GROSSOS
CARIRÉ;65;85;ZONA RURAL;ESCOLA EIEF ESTEVAO FERREIRA DA COSTA;NOVA OLINDA
TABULEIRO DO NORTE;91;6;BOA ESPERANÇA;ASSOCIAÇÃO DOS MORADORES DE BOA ESPERANÇA;SITIO BOA ESPERANÇA
MONSENHOR TABOSA;61;137;CENTRO;ESCOLA INDÍGENA DE MONSENHOR TABOSA;RUA SANTO ANTONIO 124
HORIZONTE;78;200;ZUMBI;CEI - MARIA ELIZIETE MARTINS CARNEIRO;RUA MANOEL FELICIANO DE SOUSA, 440
FORTALEZA;2;142;MESSEJANA;EM JOSEFA BARROS DE ALENCAR;RUA DOUTOR JOAQUIM BENTO 590
NOVA RUSSAS;48;204;TIMBAÚBA;ESCOLA MUNICIPAL SÃO JOSÉ;RUA ANTONIO ALVES DA COSTA, 291
TIANGUÁ;81;79;ARAPÁ;CENTRO EDUCACIONAL PROFESSOR OSVALDO NOGUEIRA LIMA - CEPON;RUA QUINTINO MARQUES, S/N - DISTRITO ARAPÁ
OCARA;67;225;CURUPIRA-DISTRITO;ESCOLA MUNICIPAL RAIMUNDO LOPES BRAVEZA - ENSINO FUNDAMENTAL;SEIS CARNAUBAS
ITAIÇABA;75;8;CAMURIM;E.E.F.  JEOVA COSTA LIMA;CAMURIM
CASCAVEL;7;223;MUTIRÃO;ESC.ENS.FUND. LIBIA RIBEIRO;RUA LIBIA RIBEIRO, S/N
FORTALEZA;80;245;TAUAPE;EEFM NOEL HUGNEN OLIVEIRA PAIVA;RUA MONSENHOR SALAZAR 279
IGUATU;13;581;VILA COQUEIROS;ESCOLA DE ENS FUND CLARA ALVES DE ARAUJO;RUA JOSÉ VIEIRA BARBOSA SN
HORIZONTE;78;127;TANQUES;EMEF EUCLIDIA PEREIRA DE AZEVEDO;RUA CELSO  SILVA ASSUNÇÃO, 8656
CEDRO;13;522;PLANALTO DOS CADEIRA(CEDRO 1);CENTRO DE EDUCAÇÃO INFANTIL MARIA MARILENE ALVES DINIZ;PLANALTO DOS CADEIRAS
EUSÉBIO;88;247;PEDRAS;EEF EVANDRO AYRES DE MOURA;RUA DOMINGOS SAVIO, 578 - PEDRAS
CRATEÚS;20;139;MONTENEBO;ESCOLA DE CIDADANIA LUIZ XIMENES DE ARAGAO;ROSARIO
ITAREMA;98;125;ZONA RURAL;EMEF FRANCISCO ANTERO DE SANTANA;CE 434 KM 16 - CORREGO DA VOLTA
CRATEÚS;20;49;CENTRO;EEFM LOURENCO FILHO;RUA FIRMINO ROSA 587
SOBRAL;121;31;ARACATIAÇU;ETI MARIA DE LOURDES DE VASCONCELOS;RUA MONSENHOR LINHARES, S/N
ITAPIPOCA;17;577;BELA VISTA;EEB JOAO BATISTA PIRES;BELA VISTA
FORTALEZA;118;46;PARQUE DOIS IRMÃOS;CEI FRANCISCA RODRIGUES DE SOUSA;RUA MAJOR TELÉSFORO S/N
FORTALEZA;117;167;BOM JARDIM;EEFM JULIA ALVES PESSOA;RUA SÃO FRANCISCO SN
FORTALEZA;117;290;CONJUNTO ESPERANÇA;EEEP DARCY RIBEIRO;RUA CONEGO DE CASTRO, S/N
ITAPIPOCA;17;482;CACIMBAS;CENTRO EDUCACIONAL MARIA MAGALHAES VIANA AZEVEDO;RUA MOESIO LOIOLA S/N
ACOPIARA;60;40;SEDE;INSTITUTO FEDERAL DE EDUCAÇÃO, CIÊNCIA E TECNOLOGIA DO CEARÁ( IFCE);RODOVIA CE 060, KM 332 - VILA MARTINS
FORTALEZA;118;388;SERRINHA;EEFM PROFESSOR JADER MOREIRA DE CARVALHO;RUA PROFESSORA HELOISA FERREIRA LIMA, 420
FORTIM;8;307;VICOSA;EEMTI. HELENITA LOPES GURGEL VALENTE;RUA JORGE FERREIRA, 250
FORTALEZA;83;756;PICI;ESCOLA MUNICIPAL PROFESSORA MARIA LIDUÍNA CORREA LEITE;RUA FERNÃO MAGALHÃES, 120
MORADA NOVA;47;198;ARUARU;EEB BENEVENUTO LINO DO NASCIMENTO;RUA DE FATIMA S/N PATOS
ALTANEIRA;53;6;CENTRO;EEMTI SANTA TEREZA;RUA JOAQUIM ALVES BITU, SN
JUCÁS;43;59;MEL - VILA;ESCOLA DE 1 GRAU ANTONIO JOSE DE MELO;RUA ANTONIO JOSE DE MELO S/N
FORTALEZA;113;410;VILA UNIÃO;COLÉGIO ART E MANHA;RUA SÃO MATEUS, 1020
PARACURU;109;21;VOLTA;U. B. S. LUIZ COSTA SILVEIRA;RUA RUI LOUREIRO, S/N
CAUCAIA;120;419;BOQUEIRAO DA ARARA;E.E.I.E.F. ADÉLIA CRISÓSTOMO;BR 222 - KM 23
FORTALEZA;83;415;BELA VISTA;COLEGIO CHRISTUS;AV. ENG. HUMBERTO MONTE, 1355
MARACANAÚ;104;2;BOA VISTA;EMEIEF COMISSÁRIO FRANCISCO BARBOSA;RUA 11, 116
GENERAL SAMPAIO;50;37;CONJUNTO SÃO JOSÉ;EEMTI EDITE ALCÂNTARA MOTA;RUA DO CAMPO, S/N
PARACURU;109;31;JARDIM DO MEIO;E. M. E. I. F. MARIA YOLANDA BARROSO;JARDIM DO MEIO
VIÇOSA DO CEARÁ;35;168;ZONA RURAL;E.E.I.F FRANCISCO MAMEDE DE BRITO;SITIO TUCUNS - PASSAGEM DA ONCA
FORTALEZA;95;351;CONJUNTO PALMEIRAS;EMEIEF MARIA HELENILCE CAVALCANTE LEITE MARTINS;RUA MAIZA, S/N
ARACATI;8;74;ALTO DA CHEIA;E.E.F. ADOLFO CAMINHA;RUA B, S/N. COHAB
JAGUARUANA;75;100;SARGENTO;E.E.F. RAIMUNDO SALES FAÇANHA;SARGENTO
VIÇOSA DO CEARÁ;35;137;SITIO BURITI GRANDE;CEI BRÁS BATISTA DA CUNHA;SITIO BURITI GRANDE
GRAÇA;79;159;SITIO EXTREMAS DE SANTA LUZIA;ESCOLA SANTA LUZIA;SITIO EXTREMAS DE SANTA LUZIA
DEPUTADO IRAPUAN PINHEIRO;55;124;CENTRO;EEB FRANCISCA JOSUÉ DE SOUZA CARNEIRO;VILA SILVEIRA, 0
IGUATU;13;258;RIACHO VERMELHO;ESCOLA DE ENS FUND HERMENEGILDO MATIAS;SITIO RETIRO
IGUATU;13;22;PLANALTO;ESCOLA DE ENS MEDIO AMELIA FIGUEIREDO DE LAVOR;RUA 13 DE MAIO SN
IGUATU;13;373;COHABS;ESCOLA DE ENS FUND PADRE JANUARIO CAMPOS (MUNICIPAL);ESTRADA DO BAU COHAB III
CRATO;27;114;MURITI;UNIDADE BÁSICA DE SAÚDE FRANCISCO DAS CHAGAS LOBO SOARES (CHAGUINHA);RUA PEDRO ORLANDO BEZERRA DE MENEZES, S/N
UBAJARA;73;165;SITIO TABOCA;ESCOLA MADALENA HOLANDA SOARES;RODOVIA ESTADUAL CE 187 - SITIO TABOCA
MORADA NOVA;47;26;CENTRO;EEMTI EGIDIA CAVALCANTE CHAGAS;AV MANOEL CASTRO, 473
PORANGA;40;89;SEDE;EEFM PRUDÊNCIO DE PINHO - SEDE;AV. DR. EPITÁCIO PINHO, 277, BAIRRO VILA NOVA
AIUABA;101;30;BOM NOME;GRUPO ESCOLAR JOSE ALVES DE OLIVEIRA;RUA DUQUE DE CAXIAS SN
MADALENA;63;196;SEDE;EEF VICENTE PATRICIO DE ALMEIDA;RUA PROFª ROSA ALMEIDA SOUSA, S/N - MACAOCA
FORTALEZA;116;203;GRANJA LISBOA;EM RACHEL VIANA MARTINS;RUA TUCUNDUBA 2703
JUAZEIRO DO NORTE;28;69;HORTO;EMEFTI VEREADOR FRANCISCO BARBOSA DA SILVA;RUA BOM JESUS DO HORTO
ARARIPE;68;86;CENTRO;CRECHE VITORINA ALVES DE ALENCAR - SEDE;RUA ALEXANDRE ARRAES, S/N
PENTECOSTE;50;68;ACAMPAMENTO;PÓLO DE ATENDIMENTO;RUA 13 DE MAIO, S/N
FORTALEZA;93;262;PLANALTO AYRTON SENNA;EM PROFESSORA IRENE DE SOUZA PEREIRA;RUA PARQUE UMARI, 100
FORTALEZA;113;249;PARQUELÂNDIA;EEFM SANTO AFONSO;RUA GAL. BERNARDO FIGUEIREDO, 2670
FORTALEZA;114;233;BARRA DO CEARÁ;EM JADER DE FIGUEIREDO CORREIA;RUA TOCANDIRA 61
MERUOCA;24;608;São Francisco;CASA DIGITAL(EEF - FRANCISCO ANDELMO);SITIO SANTO ELIAS - DISTRITO SAO FRANCISCO
ABAIARA;26;3;CENTRO;ESCOLA BELARMINO LINS DE MEDEIROS;RUA EXPEDITO OLIVEIRA DAS NEVES 182
BELA CRUZ;96;82;CORREGO DOS REINALDOS-SEDE;EMETI MARIO LOUZADA;AVENIDA JOSE MILTON DE OLIVEIRA 
JAGUARUANA;75;51;JUREMA;E.E.F. JOSE CLAUDIO DE MELO;JUREMA
FORTALEZA;95;205;JANGURUSSU;EEEP MÁRIO ALENCAR;RUA VERDE 44, 97 (CJ. SÍTIO SÃO JOÃO)
BARBALHA;31;17;CENTRO;EEM ADAUTO BEZERRA;RUA MAJOR SAMPAIO, 75
BEBERIBE;84;103;ITAPEIM;ESCOLA MUNICIPAL JOAO FLORINDO DA SILVA;BAIXIO DE SANTA LUZIA
FORTALEZA;115;130;MARAPONGA;COLEGIO PROVECTO;RUA SUIÇA, 76
FORTALEZA;115;435;VILA PERI;EM RAIMUNDO SOARES DE SOUSA;RUA COSTA FREIRE 550
SOBRAL;121;174;DOM EXPEDITO;EEFI PADRE OSVALDO CHAVES;RUA PROFESSOR ANTÔNIO FERREIRA PORTO225
CAPISTRANO;105;3;CENTRO;CENTRO DE REFERENCIA E ASSISTENCIA SOCIAL - CRAS;RUA ANTONIO FERNANDES BEZERRA S/N
FORTALEZA;117;313;CANINDEZINHO;CENTRO CULTURAL CANINDEZINHO;AV. OSÓRIO DE PAIVA, 6297
CAUCAIA;123;488;NOVA METRÓPOLE (JUREMA);E.E.I.E.F. FRANCISCA ALVES DO AMARAL;AV. B, 442 - NOVA METRÓPOLE
FORTALEZA;1;139;CIDADE 2000;ESCOLA ESTADUAL ARQUITETO ROGERIO FROES;AVENIDA DAS GRAVIOLAS 1000
FORTALEZA;117;476;SIQUEIRA;COLÉGIO VENCER;RUA JARDIM PARUARA, 1108
ITAREMA;98;118;ZONA RURAL;EMEF JOAO JOSE DE ALMEIDA;BARRO VERMELHO
FORTALEZA;1;82;VARJOTA;FACULDADE FARIAS BRITO - CASTRO MONTE;RUA CASTRO MONTE 1364
ANTONINA DO NORTE;18;59;POPULARES;ESCOLA FUNDAMENTAL ANTONIO MOTA;RUA SANTO ANTONIO S/N
BARREIRA;52;195;CAJUEIRO;ESCOLA FRANCISCO RAMOS DE ALBUQUERQUE (PRÉDIO NOVO);CAJUEIRO
PENTECOSTE;50;44;CENTRO;CENTRO EDUCACIONAL JOÃO XXIII;AVENIDA TABELIÃO FRANCISCO ALVES, 344
PACATUBA;57;168;CONJUNTO JEREISSATI II;EEEP PROFª LUISA DE TEODORO VIEIRA;AV. XXV S/N
HORIZONTE;78;158;DIADEMA;EMEF PROFESSORA DIONE MARIA BEZERRA PESSOA;RUA FRANCISCO ONOFRE DE ASSIS, 365, DIADEMA
HORIZONTE;78;221;MANGUEIRAL;CEI - CLEONICE PIRES DE SOUSA;RUA BATURITÉ, N. 1971
FORTALEZA;1;360;CAIS DO PORTO;CRECHE MARIA FERREIRA DIAS;AV. ZEZÉ DIOGO, 691
FORTALEZA;2;794;MESSEJANA;FACULDADE ATENEU DO CEARÁ;AV. COLETOR ANTONIO GADELHA, 621
MISSÃO VELHA;16;42;CENTRO;URCA (ANTIGO GINASIO PAROQUIAL);RUA CORONEL JOSE DANTAS, SN
BOA VIAGEM;63;257;FATIMA;EEF BENJAMIM ALVES DA SILVA;R. SEBASTIÃO ALVES DA SILVA, 68
SOBRAL;121;135;CENTRO;COLEGIO FARIAS BRITO SOBRALENSE;PRACA QUIRINO RODRIGUES S/N
VIÇOSA DO CEARÁ;35;182;CENTRO;E.E.M DEPUTADO MANOEL RODRIGUES;RUA PROFESSOR JOÃO VIANA, S/N
SOBRAL;24;505;JAIBARAS;ANEXO SAO DOMINGOS;SAO DOMINGOS
IGUATU;13;347;JOSÉ DE ALENCAR;ESCOLA DE ENS MEDIO MARIA DAUREA LOPES;VILA ALENCAR
ITAITINGA;78;241;CENTRO;EEF VALMIQUE SAMPAIO ALBUQUERQUE;RUA JOSMO GURGEL ARAUJO, 1256
CRATO;27;168;PIMENTA;URCA - UNIVERSIDADE REGIONAL DO CARIRI;RUA CORONEL ANTÔNIO LUIZ, 1161
CANINDÉ;33;63;ZONA RURAL;CRECHE MARIA AMARO CAMELO;DISTRITO DE SALITRE
CAUCAIA;37;611;IPARANA;E.E.F. ERBE TEIXEIRA FIRMEZA;AV. ULISSES GUIMARAES, S/N
FORTALEZA;117;461;SIQUEIRA;COLÉGIO VENCER;RUA JARDIM PARUARA, 1108
MARACANAÚ;104;341;PAJUÇARA;EMEF RODOLFO TEÓFILO;RUA OTÁVIO ALVES, 1120
PIQUET CARNEIRO;12;35;IBICUA;CSU - CENTRO SOCIAL URBANO;RUA JOSE ANANIAS, S/N
CAUCAIA;123;497;SÃO MIGUEL (JUREMA);E.E.I.E.F. LUIZA MORAES CORREIA TAVORA;RUA SÃO MATEUS, 245 - CONJUNTO SÃO MIGUEL I
TIANGUÁ;81;39;LAURÃO;ESCOLA DE ENSINO MÉDIO TANCREDO NUNES DE MENEZES;RUA ASSEMBLÉIA DE DEUS, 1072
RUSSAS;9;201;TIMBAUBA DOS SIMPLICIOS;ESCOLA MUNICIPAL PEDRO SIMPLICIO;TIMBAUBA DOS SIMPLICIOS
FORTALEZA;116;473;BONSUCESSO;EM PROF LUIS RECAMONDE CAPELO;RUA MARIA QUINTELA 901
URUOCA;25;92;PARACUA;E.E.F. CEL DOMINGOS ALVES PEREIRA;R. JOÃO CARAPINA, 44
JUAZEIRO DO NORTE;119;3;LIMOEIRO;ESCOLA ODORINA CASTELO BRANCO SAMPAIO;AV. JOSÉ BEZERRA DE MENEZES S/N
CAUCAIA;37;515;TABAPUÁ;E.E.F.M. JOSÉ MARIA PONTES DA ROCHA;RUA 08, S/N - TABAPUÁ
MARACANAÚ;122;86;JAÇANAÚ;EMEF JOAQUIM AGUIAR;RODOVIA 065 KM 09 9821
FORTALEZA;3;600;ALDEOTA;COLÉGIO SANTA CECÍLIA;AV. SENADOR VIRGÍLIO TÁVORA, 2000
PACATUBA;57;74;PAVUNA;EEIEF GELIA DA SILVA CORREIA;AV. JOSE GUILHERME 1055
ARACATI;8;214;NOSSA SENHORA DE LOURDES;EEMTI. BENI CARVALHO;RUA BENI CARVALHO 1679
MUCAMBO;79;253;POVOADO DE MALHADA;UNIDADE BÁSICA DE SAÚDE - UBS DR.PEDRO MAURÍCIO AGUIAR MELO;MALHADA
HORIZONTE;78;394;JENIPAPEIRO;EMEF DIONÍZIA ROCHA DE MORAIS;RUA CELSO SILVA ASSUNÇÃO, 2812
JARDIM;119;386;CENTRO;ESCOLA SENADOR CARLOS JEREISSATI;AVENIDA WILSON RORIZ
CRATEÚS;20;113;SANTANA;ESCOLA DE CIDADANIA DE SANTANA I;SANTANA I
SANTANA DO CARIRI;53;64;CENTRO;EEMTI ADRIÃO DO VALE NUVENS;AV. PATATIVA DO ASSARÉ, SN
TEJUÇUOCA;41;183;UMARI;ESCOLA DE ENSINO INFANTIL E FUNDAMENTAL SAGRADA FAMILIA;UMARI
ITAITINGA;78;391;ANCURI;EEF FRANCISCA DE MORAIS FERRER;RUA PARQUE DAS FLORES, 500
EUSÉBIO;88;267;CENTRO;ESCOLA PROFISSIONALIZANTE EUSEBIO DE QUEIROZ;RUA MARIA TEIXEIRA JOCA, SN
FORTALEZA;118;452;PASSARÉ;COLÉGIO MULTIVERSO;AV. JUSCELINO KUBITSCHECK, 3653
EUSÉBIO;88;131;JABUTI;EEF MARIO SALES;RUA MARIO SALES, 319 - JABOTI
HORIZONTE;78;185;CENTRO;EEMTI MARIA DOLORES ALCÂNTARA E SILVA;AV. JUVENAL DE CASTRO, 645
PEDRA BRANCA;59;159;MINEIROLANDIA;EEF CENTRO EDUCACIONAL GABRIEL DE FRANÇA MELO;RESIDENCIAL JOSÉ MINEIRO S/N
FORTALEZA;118;650;PASSARÉ;EEMTI DEPUTADO PAULINO ROCHA;RUA PROFESSOR JOSE SILVEIRA, 528
HORIZONTE;78;101;CATOLÉ;EMEF JOAO ANTONIO DA SILVA;RUA MANOEL DAMASCENO DA COSTA, 701
VIÇOSA DO CEARÁ;35;77;PADRE VIEIRA;E.E.F MANOEL JOSÉ DA SILVA;VILA PADRE VIEIRA
GUARACIABA DO NORTE;74;147;DISTRITO;E.E.I.F DE SANTO ANTONIO DOS CAMELOS ANEXO;SANTO ANTONIO DOS CAMELOS
MARTINÓPOLE;25;182;BOA VISTA;E.E.I.F. DR. VICENTE ARRUDA;FAZENDA BOA VISTA, S/N
MOMBAÇA;46;102;CENTRO;ESCOLA DE ENSINO FUNDAMENTAL JOSÉ MARQUES DE SOUSA;VILA NOVA UNIÃO - ZORRA
ICÓ;15;51;CENTRO - SEDE;ESCOLA MUNICIPAL MARIA IRISMAR MACIEL MOREIRA;RUA SAO GERALDO S/N
BEBERIBE;84;90;CENTRO;ESCOLA MUNICIPAL DESEMBARGADOR PEDRO DE QUEIROZ;RUA JOSE BESSA 561
LIMOEIRO DO NORTE;29;146;CENTRO;CENTRO EDUCACIONAL SAO VICENTE DE PAULO - PATRONATO;RUA SABINO ROBERTO 398
PACATUBA;57;344;CONJUNTO JEREISSATI III;EEF MARIA MIRTES HOLANDA DO VALE;RUA 02, NUMERO 100
CAUCAIA;37;506;TABUBA;E.E.F. LUZIA CORREIA SALES;ESTRADA DO CUMBUCO, 3132
SÃO BENEDITO;22;213;SITIO CARNAUBA;ASSOCIACAO COMUNITARIA CARNAUBA 1;SITIO CARNAUBA I
FARIAS BRITO;62;238;NOVA BETANIA;EEF FRANCISCO CASTELO DE CASTRO;AVENIDA MANOEL NERES DE OLIVEIRA, S/N
ACARAÚ;30;212;CENTRO;LICEU DE ACARAÚ - ESCOLA MARIA ALICE RAMOS;CENTRO
MOMBAÇA;46;77;CENTRO;CENTRO PASTORAL DOM JOSÉ DOTH;RUA CAPITÃO ROCHA ANDRADE, S/N
ITAPIPOCA;17;573;CRUXATI;EEB TEOFILO PIRES CHAVES;BASTIÕES
PORANGA;40;90;SEDE;EEFM PRUDÊNCIO DE PINHO - SEDE;AV. DR. EPITÁCIO PINHO, 277, BAIRRO VILA NOVA
AMONTADA;89;294;ARACATIARA;EEB FRANCISCA OLIVEIRA MELGAÇO;RODELA
HORIZONTE;78;199;ZUMBI;CEI - MARIA ELIZIETE MARTINS CARNEIRO;RUA MANOEL FELICIANO DE SOUSA, 440
PARAIPABA;109;160;CAMBURÃO;EMEIF FRANCISCO CIPRIANO MOREIRA;CAMBURAO
FORTALEZA;3;298;CENTRO;ACADEMIA DO PROFESSOR DARCY RIBEIRO;RUA DONA LEOPOLDINA, 907
FORTALEZA;3;130;JACARECANGA;COLÉGIO ESTADUAL LICEU DO CEARÁ;PRAÇA GUSTAVO BARROSO, 01
ACARAÚ;30;65;ZONA RURAL;ESCOLA MANOEL EDGAR DA SILVEIRA;CAUASSU
BEBERIBE;84;115;FORQUILHA;ESCOLA MUNICIPAL SAO JOSE;BAIXA DOS LUCAS
CAUCAIA;123;444;NOVA METRÓPOLE (JUREMA);E.E.I.E.F. FRANCISCA ALVES DO AMARAL;AV. B, 442 - NOVA METRÓPOLE
ITAITINGA;78;390;BARROCÃO;CEI - CENTRO DE EDUCAÇÃO INFANTIL DO BAIRRO BARROCÃO;RUA UM, N. 221, BARROCÃO 
JUAZEIRO DO NORTE;119;243;TIRADENTES;ESCOLA CAROLINA SOBREIRA;RUA JOSE SABIA SN
CAPISTRANO;105;52;ZONA RURAL;CENTRO DE AÇÕES COMUNITÁRIAS - ACAE;MAZAGÃO III
BEBERIBE;84;25;ITAPEIM;ESCOLA MUNICIPAL JOSE DE ALENCAR;ANDREZA
ITATIRA;33;209;ZONA RURAL;EMEF EDUARDO BARBOSA;LOCALIDADE DE CACHOEIRA BR
PEDRA BRANCA;59;46;SANTA CRUZ DO BANABUIU;E.E.F JOÃO MANOEL FILHO;RUA ANTONIO MACHADO, 72 - BAIRRO SANTO ANTONIO
FORTALEZA;3;567;CENTRO;EEFM CLÓVIS BEVILAQUA;AV. DOM MANUEL, 511
SOBRAL;24;518;JORDÃO;EEM DR JOSE EUCLIDES FERREIRA GOMES JUNIOR - JORDAO;RUA ONOFRE GOMES DE OLIVEIRA
SALITRE;38;132;ZONA RURAL, SALITRE/CE;E.E.I.F ANTONIO CARLOS DE ALENCAR - SITIO JACARANDÁ;SÍTIO JACARANDÁ
MONSENHOR TABOSA;61;118;JACINTO;CENTRO CULTURAL ALDEIA JACINTO - ETNIA POTIGUARA;POVOADO DE JACINTO
GUARACIABA DO NORTE;74;112;DISTRITO;E.E.I.F. ANA FERREIRA CHAVES;SITIO LAGOA DOS SILVANOS
CAUCAIA;123;423;NOVA METRÓPOLE (JUREMA);E.E.F.M. ROMEU DE CASTRO MENEZES;AV. A, S/N - NOVA METRÓPOLE
FORTALEZA;93;239;PREFEITO JOSÉ WALTER;EM ROGACIANO LEITE;RUA 45, S/N - III ETAPA
CAUCAIA;123;422;NOVA METRÓPOLE (JUREMA);E.E.F.M. ROMEU DE CASTRO MENEZES;AV. A, S/N - NOVA METRÓPOLE
CROATÁ;74;117;DISTRITO;ESCOLA MUNICIPAL DE ANDRADE;ANDRADE
FORTALEZA;116;205;BOM JARDIM;EM SANTA ISABEL;RUA RAIMUNDO PINHEIRO 798
SÃO GONÇALO DO AMARANTE;36;65;CROATA-DISTRITO;ESCOLA DE ENSINO FUNDAMENTAL PORFIRIO DE ARAUJO;RUA VALDO UCHOA - CROATA
QUIXERAMOBIM;11;243;MONTEIRO DE MORAIS;ESCOLA HUMBERTO BEZERRA;RODOVIA DO ALGODAO, SN
PORTEIRAS;70;304;VIEIRA GRANDE-SEDE;E E I F FRANCISCO XAVIER DE SOUSA;SITIO VIEIRA GRANDE
MASSAPÊ;45;101;ZONA RURAL;EEF ADALBERTO ALBUQUERQUE;PÉ DA SERRA DOS CLARINDOS
ITAREMA;98;209;ZONA RURAL;EEF LUIZ GOMES DE SOUSA;COMONDONGO
CARIÚS;43;167;SAO SEBASTIAO-DISTRITO;EEIF JOAO DIAS DE MORAIS;VILA SAO SEBASTIAO
BARBALHA;31;73;SANTANA II;EEMTI ALMIRO DA CRUZ (SITIO SANTANA II);AV. PROJETADA IV, S/N - SITIO SANTANA II (7.32601 S, 39.24044 W)
ITAREMA;98;177;ZONA RURAL;EMEF CLEMENTINO DOMINGOS FILHO;ITAPAGE
FORTALEZA;1;858;CAIS DO PORTO;CRECHE RACHEL GUIMARÃES MARTINS BARBOSA;VIA DE PEDRESTE LESTE OESTE 01
MARCO;96;100;CENTRO-SEDE;EEF MARIA JULIA NEVES;RUA RIOS, N 560
PINDORETAMA;7;301;COQUEIRO DO ALAGAMAR;EMEB MARIA NAIR DE VASCONCELOS;COQUEIRO DO ALAGAMAR - PINDORETAMA
ITAITINGA;78;312;PARQUE GENEZARÉ;EEF ELIAS DE SOUSA;RUA JOSE RODRIGUES PEREIRA, 137
MARACANAÚ;104;106;JEREISSATI I;EEMTI PROFESSOR CLODOALDO PINTO;AVENIDA CONTORNO NORTE, 99
FORTALEZA;2;687;MESSEJANA;EMEIF ANGELICA GURGEL;RUA DOUTOR PERGENTINO MAIA, 375
CAUCAIA;123;364;MARECHAL RONDON (JUREMA);E.E.I.E.F. ECONOMISTA RUBENS VAZ DA COSTA;AVENIDA NOVO HORIZONTE, S/N
CAUCAIA;123;386;ARATURI (JUREMA);E.E.I.E.F. RITA DE CÁSSIA BRASILEIRO PONTES;AV. CENTRAL, 1112
FORTALEZA;93;254;PREFEITO JOSÉ WALTER;EM FRANCISCO NUNES CAVALCANTE;RUA POETA MÁRIO LINHARES, 561
JUAZEIRO DO NORTE;119;71;SANTA TEREZA;ESCOLA ADAUTO BEZERRA (SEGUNDO GRAU);CASTELO BRANCO SN
GUARACIABA DO NORTE;74;19;SEDE;ESCOLA MUNICIPAL D PEDRO I;RUA 12 DE MAIO - CENTRO
FORTALEZA;118;523;SERRINHA;EM MARCOS VALENTIM PEREIRA DE SOUSA;RUA FREIRE ALEMÃO,91
ITATIRA;33;169;ZONA RURAL;EMEF JOSE PEREIRA;LOCALIDADE DE BANDEIRA NOVA
HORIZONTE;78;152;MAL COZINHADO;EMEF DEPUTADO FEDERAL ULYSSES GUIMARAES;RUA MARIA PAULA 1231 - MAL COZINHADO
MARANGUAPE;4;26;PARQUE IRACEMA - MARANGUAPE;CEI MÁRIO VALENTIM DE ANDRADE;RUA ANTÔNIO GOMES BESSA, S/N
MARANGUAPE;4;589;OUTRA BANDA - MARANGUAPE;CEM PEDRO PESSOA CÂMARA;AV. DR. ARGEU BRAGA HERBSTER, 960
ARACOIABA;67;166;IDEAL-DISTRITO;ESCOLA MUNICIPAL JOAO FERNANDES CORREIA;CAPIVARA
SOBRAL;24;620;DOMINGOS OLÍMPIO;EEFI EMILIO SENDIM;RUA EDUARDO DE ALMEIDA SANFORD, S/N
FORTALEZA;93;110;MONDUBIM;EM OSMIRIO DE OLIVEIRA BARRETO;RUA 10, S/N (CJ SITIO DO CÓRREGO)
RUSSAS;9;117;PLANALTO BELA VISTA;ESCOLA MUNICIPAL ANA XAVIER LOPES;TRAVESSA JOSE MUNIZ 2457
PACATUBA;57;225;PAVUNA;CENTRO DE EDUCACAO RURAL CLOVIS DE CASTRO PEREIRA;RUA CLOVIS DE CASTRO PEREIRA 235
FORTALEZA;2;378;MESSEJANA;EMEIF DEMOCRITO ROCHA;RUA PADRE PEDRO DE ALENCAR, 2012
JAGUARIBARA;72;61;ZONA RURAL;E.M.E.F ONZE DE AGOSTO;P.A CURUPATI PEIXE
CRATO;27;220;MONTE ALVERNE;EEIEF PROFESSORA PUREZA TELES;RUA SÃO FRANCISCO S/N - MONTE ALVERNE
VIÇOSA DO CEARÁ;35;69;GENERAL TIBURCIO;E.E.F TRAPIÁ;SITIO TRAPIA
CAUCAIA;120;347;BOM PRINCIPIO;E.E.I.E.F. JOAO CORDEIRO DE MIRANDA;BR 020 - KM 37
ARACOIABA;67;115;VAZANTES-DISTRITO;ESCOLA MUNICIPAL CAPITAO ANTONIO JOAQUIM;RUA DO COMERCIO SN
FORTALEZA;1;780;PAPICU;COLEGIO ANTARES - OCELO PINHEIRO;RUA PROFESSOR OCELO PINHEIRO 101
FORTALEZA;2;501;MESSEJANA;CLUBE DA CAIXA;AVENIDA FREI CIRILO 4700
ITAREMA;98;102;CENTRO;EMEF JOSE ANICETO SALES;RUA JOAO AMANCIO S/N
TABULEIRO DO NORTE;91;30;CENTRO;EEI RAQUEL MONTEIRO CHAVES;RUA ACELINO MAIA, 3873
GRANJA;25;55;TIMONHA;E.E.F. LUIZ MACHADO MENDES;TRAVESSA SANTA LUZIA, 753
ITAPIPOCA;17;376;VIOLETE;EEB JOSE LINS DE ALBUQUERQUE;RUA CRISTO REDENTOR
HORIZONTE;78;99;CATOLÉ;EMEF JOAO ANTONIO DA SILVA;RUA MANOEL DAMASCENO DA COSTA, 701
MILAGRES;26;58;SITIO VALDIVINO;POSTO DE SAUDE DO VALDIVINO;SITIO VALDIVINO
GRANJA;25;215;CENTRO;E.E.M.T.I SÃO JOSÉ (COLEGIO ESTADUAL SÃO JOSÉ);RUA FRANCISCO SOUSA, 131
BEBERIBE;84;61;CHORO;ESCOLA MUNICIPAL LUIZ GONCALVES;RODOVIA CE 040
CAUCAIA;37;197;CIPO;E.E.F. AMARO RODRIGUES DOS SANTOS;RUA JOSE ALVES BEZERRA, S/N - REGIÃO GARROTE
FORTALEZA;83;120;PICI;CENTRO DE EDUCAÇÃO INFANTIL MURILO SERPA;RUA CEL. MATOS DOURADO S/N
CASCAVEL;7;276;RIO NOVO;E.E.B. DEPUTADO RAIMUNDO QUEIROZ;AV JOAO DAMASCENO FONTENELE, 3233
ITAREMA;98;132;ZONA RURAL;EMEF MANOEL BRAGA MONTEIRO;PORTO DOS BARCOS
VÁRZEA ALEGRE;62;73;JUREMAL;EEMTI PROFESSORA MARIA AFONSINA DINIZ MACÊDO;AVENIDA TENENTE ANTONIO GONCALVES, 19
FORTALEZA;115;391;VILA PERI;COLEGIO JIM WILLSON;AV. AUGUSTO DOS ANJOS, 1915
ITAREMA;98;104;CENTRO;EMEF JOSE ANICETO SALES;RUA JOAO AMANCIO S/N
BEBERIBE;84;68;PARAJURU;ESCOLA DE 1 GRAU RAIMUNDO JOVENTINO DO VALE;RUA CORONEL ADERALDO SN - CENTRO
FORTALEZA;117;140;SIQUEIRA;COLÉGIO VIDA VIVA;RUA JOSÉ MARIA, 100
ITAITINGA;78;336;GERERAÚ;EEMTI RAUL TAVARES CAVALCANTE;AV. PAULINO ROCHA, 3238
PALMÁCIA;4;159;CENTRO;EEF JOSÉ ILDEFONSO CAMPOS;RUA FRANCISCO DE QUEIROZ, 2500
FORTALEZA;118;301;SERRINHA;EEFM PROFESSOR JADER MOREIRA DE CARVALHO;RUA PROFESSORA HELOISA FERREIRA LIMA, 420
ITAPIPOCA;17;555;BALEIA;EEB JOSE IRANI MENDES;MACEIO
FORTALEZA;1;903;MANUEL DIAS BRANCO;COLÉGIO CÍVICO MILITAR BATALHA DO RIACHUELO;R. E, 100 - MANUEL DIAS BRANCO
FORTALEZA;1;681;MANUEL DIAS BRANCO;COLÉGIO CÍVICO MILITAR BATALHA DO RIACHUELO;R. E, 100 - MANUEL DIAS BRANCO
FORTALEZA;2;735;PAUPINA;CMES ANISIO TEIXEIRA;TRAVESSA DO GUARANI, 355
PARAIPABA;109;196;CACIMBÃO DOS TABOSAS;EMEIF JOSÉ BRAGA DE PAIVA;CACIMBAO DOS TABOSAS
HORIZONTE;78;119;ZUMBI;EMEF JOSE EDUARDO DE SOUSA;RUA MARIA LUIZA NORONHA - 405
FORTALEZA;115;214;SERRINHA;PROJETO ABC DA SERRINHA;RUA CONEGO LIMA SUCUPIRA, 1.487
EUSÉBIO;88;131;JABUTI;EEF MARIO SALES;RUA MARIO SALES, 319 - JABOTI
FORTALEZA;1;85;VARJOTA;FACULDADE FARIAS BRITO - CASTRO MONTE;RUA CASTRO MONTE 1364
CAUCAIA;123;466;ARATURI (JUREMA);E.E.I.E.F. MONSENHOR ANDRÉ VIANA CAMURÇA;RUA NW-5, 40
SENADOR POMPEU;12;118;SAO JOAQUIM;GRUPO COMUNITARIO MANOEL COSME LIMA;SÍTIO BALANÇAS
CARIRÉ;65;88;FÓRUM;E.E.F. FRANCISCO HERMINIO PONTE;RUA SANTO ANTONIO, 551
MORAÚJO;64;65;CENTRO;MORAÚJO - CEI RAIMUNDA MACÁRIO;TRAVESSA JOSÉ ALEXANDRE, S/N - CENTRO
ITAREMA;98;135;ZONA RURAL;EMEF ANTENOR ROMERO;MAE COSMA
FORTALEZA;116;475;CONJUNTO CEARÁ II;EM FRANCISCO EDMILSON PINHEIRO;AVENIDA H, 2115, 4A ETAPA
FORTALEZA;3;443;ALDEOTA;INSTITUTO CEARENSE DE EDUCAÇÃO DE SURDOS - ICES;AV. RUI BARBOSA, 1970
FORTALEZA;114;68;ÁLVARO WEYNE;EM DOM HELDER CAMARA;RUA FREI ODILON 623 B
PENTECOSTE;50;171;ZONA RURAL;EEIF SÃO JOSÉ;MACACOS
FORTALEZA;83;236;PANAMERICANO;ESCOLA MUNICIPAL JOSÉ BATISTA DE OLIVEIRA;RUA GOIÁS 620
FORTALEZA;82;248;CARLITO PAMPLONA;EM HILBERTO SILVA;AV. PRESIDENTE CASTELO BRANCO, 2973
FORTALEZA;82;181;MONTE CASTELO;EEMTI CLÁUDIO MARTINS;RUA DEMÓCRITO ROCHA, 400
PACOTI;5;212;OITICICA;ESCOLA MUNICIPAL FRANCISCO ALVES BARBOSA (OITICICA);SITIO OITICICA
VARJOTA;65;185;OLHO DÁGUA DOS TRAJANOS;E.E.F. VICENTE TRAJANO DE MESQUITA;OLHO DÁGUA DOS TRAJANO - ZONA RURAL
REDENÇÃO;52;196;DISTRITO DE ANTÔNIO DIOGO;ESCOLA CECÍLIA PEREIRA;RUA TEREZA CRISTINA, N. 295 - CENTRO
FORTALEZA;94;32;ANTÔNIO BEZERRA;EM PADRE JOSEFINO CABRAL;AV SARGENTO HERMINIO SAMPAIO 5598
ARACOIABA;67;120;SOLON LIMA VERDE-SEDE;ESCOLA MUNICIPAL CORONEL ADOLFO GUEDES ALCOFORADO;RUA JOANINA ALVES DE OLIVEIRA SN
CAUCAIA;120;399;PLANALTO CAUCAIA;E.E.I.E.F. ANTONIO BRAGA DA ROCHA;RUA 112, SN - CIGANA
AURORA;69;21;CENTRO-SEDE;E.E.F.M. JOSE PINTO QUEZADO;VILA PAULO GONÇALVES, S/N
CANINDÉ;33;312;ZONA RURAL;EMEF PADRE JOSE ANTONIO;LOCALIDADE DE BOM JESUS
BOA VIAGEM;63;214;DOMINGOS DA COSTA;EEF JOAQUIM DE SOUSA LIMA;POCO DO GADO II - DOMINGOS DA COSTA
FORTALEZA;80;405;AEROLÂNDIA;COLÉGIO MAURO BEZERRA;RUA BRIGADEIRO VILELA, 221
FORTALEZA;114;44;BARRA DO CEARÁ;EM CASIMIRO JOSÉ LIMA FILHO;AVENIDA FRANCISCO SÁ 6449
CRATEÚS;20;234;FATIMA II;EEFM LIONS CLUBE;RUA CLOVIS BEVILAQUA 1417
JUAZEIRO DO NORTE;119;39;SANTA TEREZA;ESCOLA ADAUTO BEZERRA (SEGUNDO GRAU);CASTELO BRANCO SN
FORTALEZA;118;271;SERRINHA;COLÉGIO MARIA ESTER I;RUA ANTONIO TEIXEIRA LEITE, 248
SÃO LUÍS DO CURU;23;340;COELCE;E.E.F.M UBIRATAN DINIZ AGUIAR;RUA PE. JOSÉ SINVAL FACUNDO, 356 - PARAÍSO
IGUATU;13;406;JOÃO PAULO II;CAIC - ESCOLA DE ENS FUND FRANCISCO DAS GRAÇAS ALVES BERTO;CONJUNTO JOAO PAULO II                                    S/N
BAIXIO;92;80;CENTRO - SEDE;E.E.F.T.I. CEL HUMBERTO BEZERRA;RUA MARIA DA GLORIA, 20
FORTALEZA;94;730;VILA VELHA;EMEIEF PROF JOSE PARSIFAL BARROSO;AV MAJOR ASSIS 1076
CAMOCIM;32;209;ZONA RURAL;ESCOLA MANOEL MARQUES DE ALMEIDA - VILA NOVA;VILA NOVA
CAMOCIM;32;235;ZONA RURAL;E.E.F. GREGÓRIO PEDRO DO NASCIMENTO - ABORRECIDO;LOCALIDADE DE ABORRECIDO, S/N
IBARETAMA;6;122;DISTRITO DE NOVA VIDA;EEF JOSÉ ARCANJO DE MENEZES;SERROTE DO ARCANJO - DISTRITO DE NOVA VIDA
FORQUILHA;121;213;CENTRO;EEF ANTONIO JOSE DE LOIOLA FILHO;RUA MONSENHOR DOMINGOS, S/N
IGUATU;13;4;CENTRO;CEJA GOVERNADOR LUIZ DE GONZAGA DA FONSECA MOTA;RUA MONSENHOR COELHO SN
HORIZONTE;78;153;MAL COZINHADO;EMEF DEPUTADO FEDERAL ULYSSES GUIMARAES;RUA MARIA PAULA 1231 - MAL COZINHADO
NOVA RUSSAS;48;206;PANTANAL;GRUPO ESCOLAR OLMIR MENDES GUEDES;RUA 10, S/N
ITAPIPOCA;17;539;CRUXATI;EEB MANOEL VENÂNCIO DE LIMA;SALSA
MARCO;96;151;SOARES - POVOADO;EEF GERALDO BASTOS OSTERNO;LOCALIDADE DE SOARES
CARIÚS;43;185;SITIO CACHOEIRINHA;EEIF DR MOACIR TAVARES;SITIO CACHOEIRINHA
BREJO SANTO;70;19;CENTRO-SEDE;EEF PADRE PEDRO INACIO RIBEIRO;AV DIONIZIO ROCHA DE LUCENA 46
TURURU;17;679;ALTO DOS CAMELOS;CENTRO EDUCACIONAL ERNESTO GHISLANDI;RUA JATOBA I
SOBRAL;24;687;NOVO RECANTO;CENTRO EDUCACIONAL INFANTIL TEREZA RODRIGUES DOS SANTOS;RUA B, N. 68
AQUIRAZ;66;61;GENIPAPEIRO;EMEF MANOEL ASSUNCAO PIRES;RUA PRINCIPAL S/N
QUIXELÔ;13;159;ÁREA RURAL DE QUIXELÔ;PSF DO FAÉ;FAE-SITIO
BARBALHA;31;26;ROSÁRIO;FACULDADE DE MEDICINA DE BARBALHA (UFCA);RUA DIVINO SALVADOR, 284
ITAPIPOCA;17;335;CRUZEIRO;EEFMI CORONEL MURILO SERPA;RUA ANASTACIO BARROSO VALENTE 318
CRATO;27;124;LAMEIRO;EEIEF ROTARY;AV. JOSÉ HORÁCIO PEQUENO, 1851
CRATO;27;19;CENTRO;COLÉGIO SANTA TERESA DE JESUS;RUA DOM QUINTINO, 863
CRATO;27;66;PIMENTA;COLÉGIO PEQUENO PRÍNCIPE;RUA VINTE E UM DE JUNHO, 935
FORTALEZA;2;96;LAGOA REDONDA;COLÉGIO AGNUS SUL;TRAVESSA MARROCOS, 145
FORTALEZA;2;173;MESSEJANA;PAROQUIA NOSSA SENHORA DA CONCEICAO;RUA JOAQUIM BEZERRA 255
FORTALEZA;1;836;VICENTE PINZON;ESCOLA MUNICIPAL FREI TITO DE ALENCAR LIMA;AVENIDA DIOGUINHO 5927
LIMOEIRO DO NORTE;29;142;BOM NOME;EEF FRANCISCO JACY LUZ;RUA ANTONIO RIBEIRO DE CASTRO
TIANGUÁ;81;124;ÁREA RURAL DE TIANGUÁ;E.E.F. BENTO PEREIRA;SÍTIO BELA VISTA
ITAPIPOCA;17;92;ASSUNÇÃO;EEM NOSSA SENHORA DA ASSUNCAO;ASSUNCAO
BEBERIBE;84;81;PARIPUEIRA;ESCOLA MUNICIPAL JOSE THEMIO BEZERRA;PALMEIRA
MARACANAÚ;122;133;ALTO DA MANGUEIRA;EMEF IRMA DULCE;QUADRA F VIDA NOVA 100
FORTALEZA;115;453;MANOEL SÁTIRO;EM HENRIQUETA GALENO;RUA MAJOR MONTENEGRO 917
EUSÉBIO;88;157;SANTA CLARA;EEF SANTA CLARA;RUA FRANCISCO CLAUDIO PAEZ, 88 - SANTA CLARA
FORTALEZA;114;349;JARDIM IRACEMA;EM 11 DE AGOSTO;RUA ERETIDES DE ALENCAR, S/N, EM FRENTE AO N. 1623
IGUATU;13;301;RIACHO VERMELHO;ESCOLA DE ENS FUND JEREMIAS FELIPE;SITIO MORADA NOVA
UMIRIM;23;251;BANANA;E.E.M. MARIA IRACEMA UCHOA SALES (LICEU);RUA RUFINO DE SOUSA, S/N
PACATUBA;57;17;ALTO SAO JOAO;EEIEF DR. CARLOS ALBERTO DE ALMEIDA PONTES;RUA JOSE FRANKLIN S/N
IGUATU;13;340;JOSÉ DE ALENCAR;ESCOLA DE ENS MEDIO MARIA DAUREA LOPES;VILA ALENCAR
ITAPIPOCA;17;538;CRUXATI;EEB VICENTE ANTENOR FERREIRA GOMES FILHO;CALUGI
BREJO SANTO;70;27;CENTRO-SEDE;E E F M JOSÉ MATIAS SAMPAIO;RUA MANOEL INACIO BEZERRA 49
FORTALEZA;113;177;BENFICA;FACULDADE DE PSICOLOGIA DA UFC;AV. DA UNIVERSIDADE, 2762
QUIXERÉ;29;260;LAGOINHA;EEB MARIA ANGELINA DA CONCEIÇÃO (CRECHE);VILA NOVA
FORTALEZA;114;30;ÁLVARO WEYNE;EM MARIA ROSELI LIMA MESQUITA;RUA FRANCISCO CALAÇA 1791
IRACEMA;86;82;DA PAZ;EEF ALBATIZA TAVARES DE OLIVEIRA GUERRA;RUA JOÃO TAVARES MAGALHÃES
FORTALEZA;2;407;MESSEJANA;EEM LICEU DE MESSEJANA;AVENIDA WASHINGTON SOARES 7702
BANABUIÚ;6;440;PEDRAS BRANCAS;EEF CORONEL PERGENTINO FERREIRA;BOA AGUA
JUAZEIRO DO NORTE;119;148;PIRAJA;ESCOLA IZABEL DA LUZ;AV. AILTON GOMES S/N
CHORÓ;6;362;CAIÇARINHA;EEIF ELIZEU CAMURÇA;FAZENDA CONCEIÇÃO, S/N
SÃO GONÇALO DO AMARANTE;36;37;CROATA-DISTRITO;ESCOLA DE ENSINO FUNDAMENTAL PORFIRIO DE ARAUJO;RUA VALDO UCHOA - CROATA
PARACURU;109;45;QUATRO BOCAS;E. M. E. I. F. ISAC DA ROCHA;QUATRO BOCAS
ITAPIPOCA;17;61;DESERTO;EEFMI HILDEBERTO BARROSO;AVENIDA VEREADORA LEIDA SOARES, 1205
ARACATI;8;60;BARREIRA DOS VIANAS;E.E.F. FRANCISCO NOGUEIRA CAVALCANTE;BARREIRA DOS VIANAS
NOVA RUSSAS;48;144;MULUNGU;ESCOLA MUNICIPAL RAIMUNDO FERREIRA LIMA;LOCALIDADE DE MULUNGU,
AQUIRAZ;66;233;TELHA-CAMARA;EMEF JOSE RODRIGUES MONTEIRO;RUA ANGELO RODRIGUES MONTEIRO 882
IPU;21;75;CENTRO;COLEGIO IPUENSE;RUA ANTONIO MEMORIA, 1166
IGUATU;13;281;COHABS;ESCOLA DE ENS FUND PADRE JANUARIO CAMPOS (MUNICIPAL);ESTRADA DO BAU COHAB III
IGUATU;13;323;BARREIRAS;PSF DA VARZEA DA LAMA;SITIO VARZEA DA LAMA
HORIZONTE;78;214;ZUMBI;EMEF JOSE EDUARDO DE SOUSA;RUA MARIA LUIZA NORONHA - 405
CAMPOS SALES;38;86;ZONA RURAL;ASSOCIAÇÃO COMUNITÁRIA DO SÍTIO INHARÉ;SÍTIO INHARÉ
SOBRAL;121;273;BONFIM;ESCOLA  JOSE RODRIGUES DE SOUSA (POLO JOSÉ ARIMATEIA ALVES);VARZEA REDONDA - BONFIM
FORTALEZA;112;384;CIDADE DOS FUNCIONÁRIOS;ESCOLA SOCIOEDUCATIVA;AV. OLIVEIRA PAIVA, 941
BARBALHA;31;96;BETÂNIA;EMEIF MARECHAL RONDON (SÍTIO BETÂNIA);SITIO BETANIA, S/N (7.46264 S, 39.43068 W)
FORTALEZA;93;303;MONDUBIM;CENTRO EDUCACIONAL BRAGA GUERRA;RUA D, N 414
ACOPIARA;60;32;BARRA DO INGA;EEF MANOEL VIEIRA DA SILVA;SITIO ACUDINHO
FORTALEZA;2;79;GUAJERU;EEEP COMENDADOR MIGUEL GURGEL;RUA JOSE BAIMA, S/N
MARACANAÚ;122;98;INDUSTRIAL;EEFM JOSE DE BORBA VASCONCELOS;AV. CONTORNO SUL S/N
FORTALEZA;82;126;JACARECANGA;EEMTI SALES CAMPOS;RUA JACINTO MATOS, 730
FORTALEZA;83;695;JOÃO XXIII;ESCOLA UMA JANELA PARA O MUNDO;RUA JULIO BRAGA, 1014
NOVA RUSSAS;48;21;CENTRO;EEMTI OLEGARIO ABREU MEMORIA;RUA CEL. ANTONIO RODRIGUES VERAS 1018
MARACANAÚ;122;16;PIRATININGA;COLÉGIO ESTADUAL PROFº FRANCº OSCAR RODRIGUES(COL.EST.LICEU MARACANAÚ);AV. LUIZ GONZAGA HONÓRIO, 50, PIRATININGA, MARACANAÚ-CE
MARACANAÚ;104;437;JEREISSATI I;EMEIEF MARIA ÍSIS MENEZES ANDRADE;RUA ANTÔNIA ARAÚJO FERREIRA, S/N
PEREIRO;10;173;CENTRO;CRECHE PARAISO INFANTIL;RUA NEL QUEIROZ S/N
MARANGUAPE;4;19;OUTRA BANDA - MARANGUAPE;EMEIEF RENATO MOTA;RUA EMANOEL COSTA  ABREU, S/N
VIÇOSA DO CEARÁ;35;199;CENTRO;COLÉGIO TENENTE ANGELO DE SIQUEIRA PASSOS;RUA FRANCISCO CALDAS DA SILVEIRA 180
SÃO GONÇALO DO AMARANTE;36;38;SIUPE-DISTRITO;ESCOLA DE ENSINO FUNDAMENTAL DONA FILOMENA MARTINS;SIUPE
FORTALEZA;2;179;MESSEJANA;EEMTI PROFª FERNANDA MARIA GOMES DE AMORIM;AVENIDA FREI CIRILO 4454
FORTALEZA;2;795;PAUPINA;EM CÔNEGO FRANCISCO PEREIRA DA SILVA;RUA LUÍS FRANCISCO XAVIER, 256
FORTALEZA;115;393;VILA PERI;COLEGIO JIM WILLSON;AV. AUGUSTO DOS ANJOS, 1915
FORTALEZA;94;888;PADRE ANDRADE;EEMTI MONSENHOR DOURADO;AVENIDA SARGENTO HERMÍNIO SAMPAIO 4600
FORTALEZA;82;234;PIRAMBU;EEFM GOVERNADOR FLÁVIO MARCÍLIO;AV. PASTEUR, 575
ACARAÚ;30;330;ZONA RURAL;ESCOLA RAIMUNDA DOMINGUES DE OLIVEIRA;ESPRAIADO
FORTALEZA;1;589;VICENTE PINZON;ESCOLA PROFISSIONAL MARIA ANGELA DA SILVEIRA BORGES;RUA PINTOR ANTONIO BANDEIRA, S/N
FORTALEZA;82;237;PIRAMBU;CENTRO EDUCACIONAL DOM HÉLIO CAMPOS;RUA SÃO RAIMUNDO, 199
FORTALEZA;82;543;PIRAMBU;EEFM GOVERNADOR FLÁVIO MARCÍLIO;AV. PASTEUR, 575
BARBALHA;31;142;SÍTIO CABECEIRAS;EEF BRASIL (SÍTIO CABECEIRAS);SÍTIO CABECEIRAS, S/N (7.31321 S, 39.34614 W)
PARACURU;109;203;QUATRO BOCAS;E. M. E. I. F. ISAC DA ROCHA;QUATRO BOCAS
INDEPENDÊNCIA;39;38;CACHOEIRA DO FOGO;EEF RAIMUNDO VIEIRA;POVOADO CACHOEIRA DO FOGO
FORTALEZA;117;409;SIQUEIRA;COLÉGIO VIDA VIVA;RUA JOSÉ MARIA, 100
URUBURETAMA;23;45;CENTRO;EEIF VANIA MARIA ARAUJO SAMPAIO PINTO;RUA CEL JOÃO ANTONIO SN
MIRAÍMA;89;270;ÁREA RURAL DE MIRAÍMA;EEB TERESA MESQUITA DE SOUSA;TANQUES
CRATEÚS;20;141;ALTAMIRA;ESCOLA TECNICA DE COMERCIO PADRE JUVENCIO;RUA JOAO SOARES, 15
FORTALEZA;3;595;ALDEOTA;COLÉGIO ANTARES (RUA BARBOSA DE FREITAS);RUA BARBOSA DE FREITAS, 2058
CAUCAIA;120;398;PLANALTO CAUCAIA;E.E.I.E.F. ANTONIO BRAGA DA ROCHA;RUA 112, SN - CIGANA
JARDIM;119;292;CENTRO;CENTRO EDUCACIONAL PADRE ALDEMIR;RUA FRANCISCO RORIZ 227
MORADA NOVA;47;67;ARUARU;EEB PROFESSORA JOANA PAULA DE MORAIS;AVENIDA ERNESTO GEISEL
FORTALEZA;94;787;VILA VELHA;CEI MARISTELA DA FROTA CAVALCANTE;AV. L, N. 1000
MARACANAÚ;122;104;MUCUNA;EMEF MARIA MARQUES DO NASCIMENTO;RUA JOSE NOGUEIRA MOTA, 83
FORTALEZA;2;676;PAUPINA;CMES ANISIO TEIXEIRA;TRAVESSA DO GUARANI, 355
FORTALEZA;3;388;MEIRELES;CÍRCULO MILITAR DE FORTALEZA;RUA CANUTO DE AGUIAR, 425
CRATO;27;9;CENTRO;COLÉGIO DIOCESANO DO CRATO;RUA NÉLSON ALENCAR, 569
PIQUET CARNEIRO;12;28;IBICUA;UNIDADE BÁSICA DE SAÚDE EUFRAZINA PINHEIRO COSTA (ANTIGA POLICLÍNICA);RUA MUNDALVA PINHEIRO, S/N
FORTALEZA;85;266;AUTRAN NUNES;EMEIF DOLORES ALCANTARA;RUA CARDEAL ARCOVERDE S/N
FORTALEZA;115;327;ITAPERI;EM PROJETO NASCENTE;RUA CAMPO MAIOR, S/N
MUCAMBO;79;217;CENTRO;CENTRO EDUCACIONAL DEP MANOEL RODRIGUES;AV AGRONOMO JOSE ALVES 90
FORTALEZA;118;665;PARQUE DOIS IRMÃOS;EMEIF INFANTE ROSALINA RODRIGUES;AV. 02, N 700
BATURITÉ;5;5;CANDEIA BOA VISTA-POVOADO;EMEF MARIA DE LOURDES DA SILVEIRA;CANDEIA BOA VISTA, SN
FORTALEZA;113;272;DAMAS;COLÉGIO JUVENAL DE CARVALHO;AV. JOÃO PESSOA, 4279
FORTALEZA;1;770;CIDADE 2000;ESCOLA ESTADUAL ARQUITETO ROGERIO FROES;AVENIDA DAS GRAVIOLAS 1000
CHORÓ;6;386;CENTRO;EEMTI EMANUEL;RUA UNIVERSITÁRIA, 323, CIDADE NOVA, CENTRO
FORTALEZA;117;176;BOM JARDIM;COLÉGIO LUMEN;RUA SÃO FRANCISCO DO JARDIM, 396
SOBRAL;121;168;CENTRO;CENTRO EDUCACIONAL MARIA IMACULADA(PATRONATO);RUA CONSELHEIRO JOSE JULIO, 145
ACOPIARA;60;206;SEDE;EEF LINDALVA DE MORAIS PINHO;SITIO CAMBITOS
RUSSAS;9;309;CENTRO;COLEGIO ESTADUAL GOVERNADOR FLAVIO MARCILIO;AV DOM LINO 725
FORTALEZA;116;395;BONSUCESSO;EM PROF LUIS RECAMONDE CAPELO;RUA MARIA QUINTELA 901
FORTALEZA;116;362;GRANJA LISBOA;EM RACHEL VIANA MARTINS;RUA TUCUNDUBA 2703
SOBRAL;24;493;JOSÉ EUCLIDES;EEM MINISTRO JARBAS PASSARINHO;AVENIDA JOHN SANFORD, S/N
CAUCAIA;120;225;CONJUNTO METROPOLITANO;E.E.I.E.F. ANTÔNIO MIRANDA DE MELO;RUA PEDRO ALVES DE MENEZES, 1095 - CONJUNTO METROPOLITANO
CASCAVEL;7;271;ALTO LUMINOSO;E.E.E.F.M. PADRE ARIMATEIA DINIZ;RUA FOTOGRAFO JOSE HONORATO, 2911
PACATUBA;57;112;ÁREA RURAL DE PACATUBA;EEIEF FIRMINO DE ABREU;RUA DA IGREJA, 299, DISTRITO ALTO FECHADO
FORTALEZA;2;121;MESSEJANA;EEFM JOSE DE ALENCAR;RUA VENEZA, 84
EUSÉBIO;88;93;COAÇU;COLÉGIO 7 DE SETEMBRO;RUA DANILO ARRUDA, S/N
FORTALEZA;82;487;CARLITO PAMPLONA;FEDERAÇÃO DO MOVIMENTO COMUNITÁRIO DO PIRAMBU - FEMOCOPI;AV. PRES. CASTELO BRANCO, 2709
FORTALEZA;3;483;PRAIA DE IRACEMA;COLÉGIO ANTARES (PRAIA DE IRACEMA);RUA HISTORIADOR GUARINO ALVES, 95
PACUJÁ;79;191;CENTRO;E.E.M. PLACIDO ADERALDO CASTELO;RUA 22 DE SETEMBRO, SN
MARACANAÚ;122;229;CÁGADO;EMEIEF NARCISO PESSOA DE ARAÚJO;AV. PADRE JOSE HOLANDA DO VALE S/N
VIÇOSA DO CEARÁ;35;52;ZONA RURAL;E.E.F JOÃO EUCLIDES DE MORAIS;VILA JUA DOS VIEIRAS SN
GUARACIABA DO NORTE;74;6;DISTRITO;ESCOLA DE ENS FUND JOSE GERARDO COELHO - SUSSUANHA;SUSSUANHA
SANTANA DO CARIRI;53;105;CENTRO;EMEF GENEROSA AMÉLIA DA CRUZ;RUA 11 DE JANEIRO, 389
CEDRO;13;491;VALE DO MACHADO;ASSOCIAÇÃO COMUNITARIA BENEFICIENTE DA TIMBAUBA;ST TIMBAUBA DOS MONTEIRO
SÃO GONÇALO DO AMARANTE;36;90;CROATA-DISTRITO;ESCOLA DE ENSINO FUNDAMENTAL PORFIRIO DE ARAUJO;RUA VALDO UCHOA - CROATA
FORTALEZA;3;593;ALDEOTA;COLÉGIO ANTARES (RUA BARBOSA DE FREITAS);RUA BARBOSA DE FREITAS, 2058
ITAREMA;98;192;LAGOA SECA;EEEP PROFESSORA ROSÂNGELA ALBUQUERQUE DE COUTO;RUA DAS INDUSTRIAS, SN
FORTALEZA;117;277;CONJUNTO ESPERANÇA;COLEGIO SANTA HELENA;AV CONTORNO NORTE 819
FORTALEZA;113;26;BENFICA;IFCE - INST FEDERAL DE CIÊNCIA E TECNOLOGIA (CEFET);AV. 13 DE MAIO, 2081
FORTALEZA;114;339;BARRA DO CEARÁ;EMTI ALDEMIR MARTINS;AV. FRANCISCO SÁ, 7460
ITAPIPOCA;17;695;MARANHÃO;EEB JOÃO IDÁLIO TEIXEIRA;RUA DR BEZERRA DE MENEZES, SN
CRATEÚS;20;119;PLANALTO;EEMTI GOV. GONZAGA MOTA;RUA DR. JÚLIO LIMA, 2194
PEREIRO;10;126;CENTRO;ESCOLA MUNICIPAL CLEONICE FREIRE DE QUEIROZ;RUA NEL QUEIROZ  257
CHORÓ;6;85;MARAVILHA;POSTO DE SAÚDE ESTEVAM DE SOUZA;BARREIRA BRANCA (SAQUINHO)
CAUCAIA;123;283;NOVA METRÓPOLE (JUREMA);E.E.F.M. ELIEZER DE FREITAS GUIMARÃES;RUA 145, S/N - NOVA METRÓPOLE
JUAZEIRO DO NORTE;119;78;LIMOEIRO;ESCOLA ODORINA CASTELO BRANCO SAMPAIO;AV. JOSÉ BEZERRA DE MENEZES S/N
FORTALEZA;3;387;MEIRELES;CÍRCULO MILITAR DE FORTALEZA;RUA CANUTO DE AGUIAR, 425
ARACATI;8;296;LAGOA DO TEODOSIO;E.E.F. JOSE NONATO;LAGOA DO TEODOSIO
MIRAÍMA;89;257;POÇO DA ONÇA;EEB MANOEL DE PENHA VERAS;ASSENTAMENTO PEDRA BRANCA
UMIRIM;23;233;CENTRO-SEDE;CRECHE DONA MARIA DE ARAUJO CARNEIRO;RUA NOSSA SENHORA DA NATIVIDADE SN
FORTALEZA;94;831;VILA VELHA;EEMTI DONA MARIA MENEZES DE SERPA;RUA DOUTOR QUIXADA FELICIO 141
ITATIRA;33;158;DISTRITO DE LAGOA DO MATO;EMEF ANTONIO HONORATO;RUA PRINCESA ISABEL S/N
GRANJA;25;63;PARAZINHO;E.E.F. ESMERINO ARRUDA FILHO;RUA JOSE MARTINS, S/N
FORTALEZA;112;397;SAPIRANGA-COITÉ;EEMTI PROFESSORA TECLA FERREIRA;RUA FRANCISCA BEZERRA, 417
CARNAUBAL;22;4;CRUZEIRO;EEF ANTONIO RAIMUNDO DE MELO;AV PAULO SARASATE 539
CARNAUBAL;22;20;SITIO CACHOEIRA DO SUL;CRAS - CACHOEIRA DO SUL;SITIO CACHOEIRA DO SUL
FORTALEZA;2;793;PAUPINA;EMEIF GUIOMAR DA SILVA ALMEIDA;RUA PEROLINA DE MORAIS, 449
CAUCAIA;120;303;CATUANA;E.E.I.E.F. PLÁCIDO MONTEIRO GONDIM;RUA RAIMUNDO OLIVEIRA, S/N
MOMBAÇA;46;26;BOA VISTA;CENTRO EDUCACIONAL RURAL DE BOA VISTA;BOA VISTA
GRANJA;25;123;TIMONHA;E.E.F. JOSÉ FIRMINO DOS SANTOS;TRAVESSA ALCANTARA, 534
UMIRIM;23;242;CENTRO-SEDE;E.E.F.M. JOSE PINHEIRO SALES;RUA MAJOR SALES 664
CRATEÚS;20;229;VENANCIOS;EEFM PRES EURICO GASPAR DUTRA;RUA EDUARDO ALBUQUERQUE SN
FORTALEZA;116;497;BOM JARDIM;EM MANOEL MALVEIRA MAIA;RUA MANUEL GALDINO 2890
SOBRAL;24;514;ALTO DO CRISTO;EEMTI PREFEITO JOSE EUCLIDES F. GOMES JUNIOR-(ANTIGO CIRAO);AV. HUMBERTO LOPES
CHORÓ;6;86;MARAVILHA;EEIF FRANCISCO SEGUNDO;BOA VISTA, S/N, MARAVILHA
SOBRAL;24;88;JUVÊNCIO DE ANDRADE;EEEP DOM WALFRIDO TEIXEIRA VIEIRA (LICEU DE SOBRAL);AVENIDA PAULO DE ALMEIDA SANFORD, S/N
TEJUÇUOCA;41;147;CENTRO-SEDE;ESCOLA DE ENSINO MÉDIO DEPUTADO FERNANDO MOTA;RUA ALFREDO PINTO DE MESQUITA
IPU;21;33;REINO DE FRANCA;EEF TERESA ODETE - CEJA;RUA CEL FELIX 600 - REINO DE FRANCA
FORTALEZA;117;360;BOM JARDIM;ESCOLA MUNICIPAL CATARINA LIMA DA SILVA;RUA PEDRO MARTINS, 313
PARAIPABA;109;205;SETOR B;EMEIF COMPLEXO ESCOLAR SETOR B;SETOR B, S/N
CRATO;27;41;CENTRO;COLÉGIO DIOCESANO DO CRATO;RUA NÉLSON ALENCAR, 569
FORTALEZA;114;72;PRESIDENTE KENNEDY;COLÉGIO INACIO COSTA;QUADRA L 303 CONJUNTO CASTELO BRANCO
FORTALEZA;1;340;CAIS DO PORTO;ESCOLA ESTADUAL MAESTRO ELIAZAR DE CARVALHO;RUA FRANCISCO ALVES PEREIRA  349
GRANJA;25;124;PARAZINHO;E.E.F. ESMERINO ARRUDA FILHO;RUA JOSE MARTINS, S/N
CARIRÉ;65;43;ZONA RURAL;ESCOLA EIEF JOSE DO PATROCINIO BRAGA;RUA SEBASTIAO MARTINS - DISTRITO JUCA
UMIRIM;23;262;SAO JOAQUIM-DISTRITO;GRUPO ESC. MUNIC. HAMILTON DA ROCHA E SILVA;AV FELISBELA CAETANO SN (RUA PRINCIPAL)
TEJUÇUOCA;41;64;RIACHO DAS PEDRAS;ESCOLA MUNICIPAL SANT'ANA;RIACHO DAS PEDRAS
PORTEIRAS;70;263;CENTRO;INSTITUTO JOÃO FILGUEIRA;RUA JOAQUIM TÁVORA SN
PACUJÁ;79;197;CENTRO;E.E.F. SAO JOAO BATISTA;RUA VEREADOR LUÍS MANÇO MAGALHÃES, S/N
ARACOIABA;67;67;VAZANTES-DISTRITO;ESCOLA DE ENSINO MEDIO JOAO ALVES MOREIRA;PRACA CONEGO DEMETRIO ELIZEU DE LIMA
SOBRAL;24;558;ALTO DA BRASÍLIA;EEFI RAIMUNDO PIMENTEL GOMES - CAIC;RUA PRINCESA ISABEL, S/N
FORTALEZA;1;897;MUCURIPE;ESCOLA ESTADUAL DRAGAO DO MAR;RUA UMARI S/N
IGUATU;13;83;PRADO;ESCOLA DE ENS FUND NOSSA SENHORA DO PERPETUO SOCORRO;21 DE ABRIL
JAGUARETAMA;72;70;CENTRO;SECRETARIA MUNICIPAL DE INFRAESTRUTURA (ANTIGA SEC AGRICULTURA);RUA DOM LUIZ, 1305
FORTALEZA;115;22;MARAPONGA;EEM  PROFESSORA DIVA CABRAL;RUA HOLANDA, 701
ARACATI;8;165;NOSSA SENHORA DE LOURDES;E.F.T.I. MIRIAM CALIXTO LIMA GONDIM;RUA ANTONIO CALIXTO, 1735.
ITATIRA;33;290;ZONA RURAL;EMEF EMIDIO CARNEIRO;LOCALIDADE DE SAO JOSE DOS GUERRA
CARIÚS;43;151;CENTRO-SEDE;EEFM ADAHIL BARRETO;PRACA DA REPUBLICA
FORTALEZA;118;220;PASSARÉ;EEMTI INTEGRADA 2 DE MAIO;AVENIDA DA SAUDADE, S/N
MAURITI;76;39;ANAUA-DISTRITO;EEIF FIRMINO ARARUNA DE SOUSA;RUA ROSENDO MANOEL DE SOUSA, S/N
HIDROLÂNDIA;54;251;NOVA HIDROLÂNDIA;CENTRO DE EDUCAÇÃO INFANTIL MARIA AMÉLIA MARTINS TORRES;RUA SIMPLÍCIO RODRIGUES, 10, NOVA HIDROLÂNDIA, HIDROLÂNDIA/CE
CASCAVEL;7;20;CENTRO;EMEB PROFESSORA THEREZINHA MESQUITA DE JESUS CIRÍACO (ANTIGA CNEC);RUA PREF. LUIS BENICIO SAMPAIO, 2506
TRAIRI;97;27;CANAA;GE PADRE RODOLFO FERREIRA DA CUNHA;CANAA
BEBERIBE;84;125;FORQUILHA;ESCOLA MUNICIPAL MARIA CLEMENTE DA SILVA;MEDEIROS
ITATIRA;33;151;ZONA RURAL;EMEF JOSE PEREIRA;LOCALIDADE DE BANDEIRA NOVA
BOA VIAGEM;63;205;FATIMA;EEF BENJAMIM ALVES DA SILVA;R. SEBASTIÃO ALVES DA SILVA, 68
FORTALEZA;94;196;VILA VELHA;EEFM DONA HILZA DIOGO DE OLIVEIRA;AV. DOM ALOÍSIO LORSCHEIDER, 1040 - VILA VELHA
ITAPIPOCA;17;234;IPU MAZAGÃO;EEB FRANCISCA PINTO MARQUES;IPU MAZAGAO
ITAPIPOCA;17;708;ÁREA RURAL DE ITAPIPOCA;EEB SEBASTIAO GABRIEL MARTINS;LAGOA DAS CARNAUBAS
SOBRAL;24;463;JUNCO;SESI;AV. DR. JOSÉ ARIMATÉIA M SILVA, 1701
TARRAFAS;18;106;CENTRO;POSTO DE SAÚDE DA TIMBAÚBA;SITIO TIMBAUBA     S/N
CAUCAIA;123;527;ARATURI (JUREMA);E.E.I.E.F. RITA DE CÁSSIA BRASILEIRO PONTES;AV. CENTRAL, 1112
IGUATU;13;364;CAJAZEIRAS;ESCOLA DE ENS FUND JOAQUIM DE SOUSA PINTO;VILA CAJAZEIRAS
ITAPIPOCA;17;512;CACIMBAS;CENTRO EDUCACIONAL MARIA MAGALHAES VIANA AZEVEDO;RUA MOESIO LOIOLA S/N
TARRAFAS;18;63;CENTRO;ESCOLA DE 1 E 2 GRAUS DONA EMILIA FERREIRA DE OLIVEIRA;AV MARIA LUIZA LEITE SANTOS  S/N
ITAITINGA;78;294;RIACHÃO;EEF GALDINO ASSUNÇÃO FILHO;RUA LAURA DE SOUSA, 33
ITAITINGA;78;263;PARQUE DOM PEDRO;EEF MANOEL FERREIRA GOMES;RUA D, 636
HIDROLÂNDIA;54;1;CENTRO;E. M. E. F. ADAIL FREITAS MARINHO;RUA VEREADOR EXPEDITO PEREIRA DE SOUSA, 199
FORTALEZA;2;792;LAGOA REDONDA;ESCOLA MUNICIPAL ISABEL FERREIRA;RUA ISABEL FERREIRA, 1000 - CONJ. CURIÓ
CEDRO;13;428;CENTRO;COLEGIO ESTADUAL CELSO ARAUJO;RUA ZE PAJE, 241
PEDRA BRANCA;59;145;SANTA MARIA;EEEP - ANTONIO RODRIGUES DE OLIVEIRA;AV. JOSE FRUTUOSO DA SILVA S/N
CAUCAIA;123;395;PARQUE ALBANO (JUREMA);E.E.I.E.F. DOM ANTÔNIO DE ALMEIDA LUSTOSA;RUA PERY, 951
FORTALEZA;114;259;PRESIDENTE KENNEDY;ESCOLINHA MUNDO INFANTIL;AVENIDA SARGENTO HERMÍNIO SAMPAIO 3787
FORTALEZA;114;40;FLORESTA;EM FRANCISCO SILVA CAVALCANTE;RUA CONSELHEIRO LAFAYETTE 205
CRATEÚS;20;219;IRAPUA;ESCOLA DE CIDADANIA FRANCISCO CARLOS DE PINHO;ASSENTAMENTO SAO JOSE
CROATÁ;74;176;SEDE;ESCOLA DE EDUCACAO BASICA DOM TIMOTEO;RUA MANOEL BRAGA SN - CENTRO
IGUATU;13;85;PRADO;ESCOLA DE ENS FUND NOSSA SENHORA DO PERPETUO SOCORRO;21 DE ABRIL
FORTALEZA;115;391;VILA PERI;COLEGIO JIM WILLSON;AV. AUGUSTO DOS ANJOS, 1915
SANTA QUITÉRIA;54;197;PIRACICABA;CRECHE DONA JÚLIA DE MESQUITA LÔBO;RUA TABELIÃO FRANCISCO DE PAULA LÔBO, SN.
ARACATI;8;288;VARZEA DA MATRIZ;COLEGIO MUNICIPAL;RUA PADRE PACHECO, S/N.
ITAIÇABA;75;1;CENTRO;CENTRO VOCACIONAL TECNOLOGICO DE ITAICABA;RUA CORONEL JOAO BATISTA 248
FORTALEZA;94;700;VILA VELHA;EMTI DEPUTADO ROBERTO MESQUITA;R. BETA,  SN
JUAZEIRO DO NORTE;119;183;TIMBAUBA;ESCOLA ANTONIO BEZERRA MONTEIRO;SEBASTIAO CAVALCANTE SN
MARCO;96;198;CONJUNTO RAIMUNDO JOVINO DE SOUSA;FRANCISCO DAS CHAGAS SILVA CHICO DOCA;SDO-OFICIAL
BARREIRA;52;142;CAJUEIRO;ESCOLA COMUNITÁRIA GUILHERMINA DE OLIVEIRA;CROATÁ II
MOMBAÇA;46;160;TEJUBANA;ESCOLA DE ENSINO FUNDAMENTAL ANTONIO SOARES;AV. ANTONIO NONATO DE CARVALHO
LIMOEIRO DO NORTE;29;66;BOM JESUS DO CRUZEIRO;EEF TEREZINHA LANDIM ESTACIO;TRIANGULO DE LIMOEIRO
IGUATU;13;252;GADELHA;ESCOLA DE ENS FUND FRANCISCA MARIA DA CONCEICAO;SITIO BAIXIO DOS BASTOS
IRAUÇUBA;41;226;SACO VERDE;ESCOLA MUNICIPAL EDSON QUEIROZ;SACO VERDE
BREJO SANTO;70;60;CABACEIRAS-SEDE;ESCOLA MUNICIPAL CLOTILDES MOREIRA TAVARES (TIDINHA);SITIO CABACEIRAS
FORTALEZA;113;67;DAMAS;COLÉGIO JUVENAL DE CARVALHO;AV. JOÃO PESSOA, 4279
JUAZEIRO DO NORTE;119;376;TIMBAUBA;CRAS TIMBAUBAS;RUA ASSIS DIAS SOBREIRA, 488
MILAGRES;26;105;SITIO OLHO DAGUA COMPRIDO;ESCOLA JOSÉ LUCIANO ALVES;SITIO OLHO DAGUA COMPRIDO
PACOTI;5;214;SITIO BOA HORA;EMEF SÃO SEBASTIAO (BOA HORA);SITIO BOA HORA
SÃO BENEDITO;22;193;CENTRO-SEDE;EEF MINISTRO ANTONIO COELHO;RUA MIN ANTONIO COELHOI  452
FORTALEZA;1;894;PAPICU;COLEGIO ANTARES - OCELO PINHEIRO;RUA PROFESSOR OCELO PINHEIRO 101
FORTALEZA;1;467;VARJOTA;ESCOLA ESTADUAL  BARBARA DE ALENCAR;RUA PEDRO RUFINO 38
IBIAPINA;73;72;SITIO ARAÇAS;ESCOLA JARBAS PASSARINHO;SÍTIO ARAÇAS
CAUCAIA;123;315;PARQUE POTIRA (JUREMA);E.E.I.E.F. ANTÔNIO ALBUQUERQUE SOUSA FILHO;RUA HERIBALDO RODRIGUES (ANTIGA RUA POTIGUARA), 488
AMONTADA;89;139;ARACATIARA;EEB FRANCISCO IRINEU DA SILVA;CARIRI
URUBURETAMA;23;23;CENTRO;EEF MONS ANTERO JOSE DE LIMA;RUA FARM JOSE RODRIGUES 1154
HORIZONTE;78;86;CENTRO;EEM RAIMUNDO NOGUEIRA;RUA RAIMUNDO NOGUEIRA, 103
MASSAPÊ;45;78;ZONA RURAL;GEM JOSE RODRIGUES DE SOUSA;POVOADO DE SANTA LUZIA
FORTALEZA;3;281;PRAIA DE IRACEMA;EM SÃO RAFAEL;RUA DOS TABAJARAS, 244
CAMOCIM;32;5;CENTRO;CCI - CENTRO CEARENSE DE IDIOMAS;PRAÇA SEVERIANO MOREL S/N
TABULEIRO DO NORTE;91;97;VILA MACENA;EEB CLIMÉRIO JOSINO MAIA - VILA MACENA;RUA JOAQUIM IZIDIO GADELHA, 5277
GRANJA;25;52;TIMONHA;E.E.F. JOSÉ FIRMINO DOS SANTOS;TRAVESSA ALCANTARA, 534
FORTALEZA;114;356;ÁLVARO WEYNE;COLÉGIO MANUEL DA SILVA (ÁLVARO WEYNE);RUA SÃO BERNARDO 181
SOBRAL;24;657;SUMARÉ;EEFI JOSE PARENTE PRADO;RUA SANTA MARTA,100
ALCÂNTARAS;24;360;BELA VISTA;EEF INOCÊNCIA ALCÂNTARA FREIRE;RUA MONSENHOR FURTADO SN
GUARACIABA DO NORTE;74;187;DISTRITO;E.E.I.F. ANA FERREIRA CHAVES;SITIO LAGOA DOS SILVANOS
FORTIM;8;333;CENTRO;EEIFTI. PROFESSORA MARIA LUIZA;RUA JOAQUIM CRISÓSTOMO, 739.
FORTALEZA;112;328;ENGENHEIRO LUCIANO CAVALCANTE;ESCOLA ESTADUAL DE EDUCAÇÃO PROFISSIONAL JAIME ALENCAR DE OLIVEIRA;AV ROGACIANO LEITE, 2285
NOVA RUSSAS;48;129;PATRONATO;E.M.E.F. FRANCISCA DAS GRAÇAS T MESQUITA(ANTIGA EEFM MONSENHOR LEITÃO);RUA HERMENEGILDO MARTINS, 667
IPU;21;43;CENTRO;COLEGIO IPUENSE;RUA ANTONIO MEMORIA, 1166
HORIZONTE;78;369;CENTRO;EMEF MARIA REGIANA DA SILVA;RUA RAFAEL SANTOS, 530
IGUATU;13;377;CHAPADINHA;ESCOLA DE ENS FUND JUDITE CAVALCANTE;RUA CÍCERO VIEIRA SN
SALITRE;38;142;ZONA RURAL, SALITRE/CE;E.E.I.F. IRACI VICENTINA DOS SANTOS - SITIO FACÃO;SÍTIO FACÃO
VIÇOSA DO CEARÁ;35;83;LAMBEDOURO;E.E.I.F JOÃO DOS ANJOS FONTENELE;SITIO CARRAPATEIRA DE BAIXO
TAMBORIL;61;90;ZONA RURAL;EMEIF NOSSA SENHORA DE FATIMA;POVOADO PIRANHAS
DEPUTADO IRAPUAN PINHEIRO;55;154;SITIO BAIXIO;ESCOLA DE ENSINO BASICO JOAO BATISTA DA SILVA;RUA ANTONIO DIAS DOS SANTOS
FORTALEZA;95;172;PARQUE SANTA MARIA;EEMTI POETA OTACILIO COLARES;RUA JORGE DA VEIGA, 265
FORTALEZA;85;150;CONJUNTO CEARÁ I;EEF GOVERNADOR FAUSTINO ALBUQUERQUE - UV1;RUA 143 N 155 - 1 ETAPA
MARACANAÚ;104;386;JEREISSATI II;EMEIEF RACHEL DE QUEIROZ;AVENIDA XII, 758
TAUÁ;19;48;TAUAZINHO;EEM MARIA DAS DORES CIDRÃO ALEXANDRINO;AV CEL VICENTE ALEXANDRINO DE SOUSA 04
FORTALEZA;85;164;AUTRAN NUNES;EM BERGSON GURJÃO FARIAS;AVENIDA SENADOR FERNANDES TÁVORA, 2500
TAMBORIL;61;22;DISTRITO DE CURATIS;EMTI ANTONIO MENDES DE ALMEIDA;VILA CURATIS
FORTALEZA;94;893;PADRE ANDRADE;EEMTI MONSENHOR DOURADO;AVENIDA SARGENTO HERMÍNIO SAMPAIO 4600
FORTALEZA;94;867;PADRE ANDRADE;EEFM HERMINIO BARROSO;RUA PADRE GUILHERME 800
ARACOIABA;67;26;ARRAIAL SANTA IZABEL-SITIO;ESCOLA MUNICIPAL DOUTOR GERARDO MELO;ARRAIAL SANTA ISABEL
AURORA;69;73;ARACA-SEDE;E.E.F.P. LEOPOLDINA GONÇALVES QUEZADO;RUA MARICA LEITE,285
IGUATU;13;271;VILA MOURA;ESCOLA DE ENSINO MEDIO LUCAS EMANUEL;RUA AMALIA BRASIL SN
CAUCAIA;123;438;NOVA METRÓPOLE (JUREMA);E.E.I.E.F. FRANCISCA ALVES DO AMARAL;AV. B, 442 - NOVA METRÓPOLE
FORTALEZA;95;311;CONJUNTO PALMEIRAS;EM PROFESSORA MARIA DO SOCORRO FERREIRA VIRINO;RUA MODESTA, 44
SANTANA DO CARIRI;53;72;DOM LEME;EMEIEF JOSÉ JUCÁ DE SOUSA CASTRO;DISTRITO DE DOM LEME, SN
ITAITINGA;78;232;CENTRO;EEF VALMIQUE SAMPAIO ALBUQUERQUE;RUA JOSMO GURGEL ARAUJO, 1256
OCARA;67;185;ARISCO DOS MARIANOS-DISTRITO;ESCOLA MUNICIPAL CORDULINO RODRIGUES DA SILVA - ENSINO FUNDAMENTAL;ARISCO DOS MARIANOS
RUSSAS;9;103;BOQUEIRAO DO CEZARIO;ESCOLA MUNICIPAL FRANCISCO FÉLIX DE OLIVEIRA;BOQUEIRAO DO CEZARIO
FORTALEZA;93;317;PREFEITO JOSÉ WALTER;EEEP PROFESSOR OTAVIO TERCEIRO DE FARIAS;AVENIDA C, 435
CAUCAIA;37;612;TABUBA;E.E.F. LUZIA CORREIA SALES;ESTRADA DO CUMBUCO, 3132
CARNAUBAL;22;15;SAO VICENTE;EEF AQUILES PERES MOTA;AV SAO VICENTE
FORTALEZA;93;73;MONDUBIM;EM JONATHAN DA ROCHA ALCOFORADO;RUA MARIA GOMES DE SÁ,1030 ARACAPÉ
FORTALEZA;114;260;ÁLVARO WEYNE;EM MARIA ROSELI LIMA MESQUITA;RUA FRANCISCO CALAÇA 1791
JUAZEIRO DO NORTE;119;462;NOVO JUAZEIRO;ESCOLA TARCILA CRUZ ALENCAR;CASTELO BRANCO 4451
ARARIPE;68;100;DISTRITO RIACHO GRANDE;ESCOLA MUNICIPAL DAVI CUSTÓDIO DE OLIVEIRA - RIACHO GRANDE;RUA SAO FRANCISCO S/N
FORTALEZA;115;313;JARDIM CEARENSE;ESCOLA MARISTA SAGRADO CORAÇÃO;RUA VIDAL DE NEGREIROS, 550
CRATEÚS;20;326;JOSÉ ROSA;CRECHE PROINFÂNCIA MARIA DELITE MENEZES TEIXEIRA I;RUA ANASTÁCIO CAMPINA, S/N, CONJ FREI DAMIÃO
ARACOIABA;67;155;IDEAL-DISTRITO;ESCOLA MUNICIPAL PEDRO MENDES DA SILVA;TIGIPIO
AURORA;69;7;CENTRO-SEDE;E.E.F.M. JOSE PINTO QUEZADO;VILA PAULO GONÇALVES, S/N
AURORA;69;75;CALUMBI-SITIO;E.E.I.F. VICENTE RODRIGUES DOS SANTOS;SITIO CALUMBI S/N
IPUEIRAS;40;192;ESTAÇÃO;ESCOLA DE ENSINO INFANTIL E FUNDAMENTAL JUAREZ CATUNDA - ESTAÇÃO;RUA MANOEL MOREIRA MATOS, 61
FORTALEZA;112;48;JARDIM DAS OLIVEIRAS;EM MARIA DE LOURDES RIBEIRO JEREISSATI;RUA REINO UNIDO, 115
JATI;70;368;CENTRO-SEDE;ESC ENS FUND PADRE MANOEL ALVES FEITOSA;RUA MANUEL LUIZ S/N
FORTALEZA;93;288;MONDUBIM;CENTRO EDUCACIONAL BRAGA GUERRA;RUA D, N 414
FORTALEZA;82;423;CRISTO REDENTOR;EEMTI LIONS JANGADA;RUA CAMÉLIA, 352
CASCAVEL;7;107;CENTRO;CENTRO EDUCACIONAL MUNICIPAL PROFESSORA MARIA ESTER DA COSTA SILVA;AV CORONEL LEITE, 2045
AURORA;69;9;SANTA VITORIA-DISTRITO;E.E.F.M. LEAO SAMPAIO;DISTRITO SANTA VITORIA  S/N
ACOPIARA;60;64;SEDE;EEF LUIZ RODRIGUES DA SILVA;SITIO MUQUEM
ITAREMA;98;121;ZONA RURAL;EMEF HERMINIA SILVIA DE ARAUJO RODRIGUES;PAU DARCO - DISTRITO DE CARVOEIRO
TRAIRI;97;173;GUAJIRU;EEF MANOEL DIAS FILHO;GUAJIRU
PEREIRO;10;172;SITIO CIDADE;GRUPO ESCOLAR ANTONIO PINHEIRO MAIA;SITIO CIDADE
SOBRAL;24;526;DOM JOSÉ;EEFI ANTENOR NASPOLINI;RUA PREFEITO JERONIMO PRADO, S/N
TABULEIRO DO NORTE;91;98;PEDRA PRETA;EMEF OTÍLIO NOBRE DE BRITO - SITIO PEDRA PRETA;SITIO PEDRA PRETA
IBIAPINA;73;217;PRAÇA DO ESTÁDIO;SINDICATO DOS TRABALHADORES RURAIS;RUA VEREADOR MANOEL RODRIGUES, S/N
AQUIRAZ;66;356;MACHUCA;CRECHE FRANCISCO JOAQUIM DOS ANJOS;ROD. CE 040 KM 18
CRATEÚS;20;212;CURRAL VELHO;POSTO DE SAÚDE DE BARRA DO RIO;BARRA DO RIO
SOBRAL;24;352;JAIBARAS;EEFI LEONILIA GOMES PARENTE;RUA SANTA TEREZINHA
PARAMOTI;111;148;LOCALIDADE CANDEIA;EEF SÃO RAIMUNDO;LOCALIDADE CANDEIA
CARIÚS;43;204;SITIO CANASTRAS;EEIF PEDRO ALEXANDRE DE MORAIS (ANTIGA ESCOLA SAO JOSE);SITIO CANASTRAS
MARACANAÚ;122;164;NOVO MARACANAU;EMEF PRESIDENTE TANCREDO NEVES;RUA 06 COM RUA 02 S/N
CHORÓ;6;171;CAIÇARINHA;EEF SÃO JOSÉ;OLHO D'AGUA
ITAPIPOCA;17;455;PICOS;EEB ODETE TEIXEIRA BARROSO;SERRINHA
MARACANAÚ;104;167;PAJUÇARA;EMEIEF ANTÔNIO DE ALBUQUERQUE SOUSA FILHO;RUA SENADOR PETRÔNIO PORTELA, 145
ITAPIPOCA;17;600;BALEIA;EEB JOSÉ MARIA DA SILVEIRA;PRAIA DA BALEIA
CAUCAIA;123;410;SÃO MIGUEL (JUREMA);E.E.F.M. ROTARY CLUB;RUA SÃO LUCAS, S/N - CONJUNTO SÃO MIGUEL I
FORTALEZA;114;6;ÁLVARO WEYNE;COLÉGIO MANUEL DA SILVA (ÁLVARO WEYNE);RUA SÃO BERNARDO 181
SOBRAL;121;235;SINHÁ SABÓIA;CEI JACYRA PIMENTEL GOMES;RUA RIO NEGRO SN
BREJO SANTO;70;29;CENTRO-SEDE;EEF PADRE PEDRO INACIO RIBEIRO;AV DIONIZIO ROCHA DE LUCENA 46
ALTO SANTO;86;36;ARMADOR;ESCOLA DE 1 GRAU JOAO QUINCO;SITIO ARMADOR
FORTALEZA;2;787;MESSEJANA;EEEP JOSE DE BARCELOS;RUA ANGELICA GURGEL 362
BANABUIÚ;6;429;LARANJEIRAS;EEF JOAO SARAIVA RABELO;CAJAZEIRAS
PEDRA BRANCA;59;163;CENTRO;CENTRO ADMINISTRATIVO CESÁRIO MENDES;RUA FURTUNATO SILVA, 45
CARIRIAÇU;71;5;PARAÍSO;EEF JULITA FARIAS;RUA LUIZ BEZERRA S/N
IRAUÇUBA;41;268;BOA VISTA DO CAXITORE;ESCOLA MUNICIPAL DR. MARCELO SANFORD;BOA VISTA DO CAXITORE
NOVO ORIENTE;99;66;ZONA RURAL;EEF LUIZ CANUTO;LAGOA DOS NERES
CRATO;27;138;SANTA FÉ;EEIEF PAULO LIMAVERDE;ROD. VICENTE TELES, SN. DISTRITO DE SANTA FÉ - SEDE.
SOLONÓPOLE;55;28;CANGATI;ESCOLA DE ENSINO FUNDAMENTAL SANTA MARIA GORETE;CANGATI
AQUIRAZ;66;265;SANTA MARIA;EMEF JOSE FERREIRA DA COSTA;RUA MANOEL FERREIRA DA COSTA, SN
PIRES FERREIRA;21;62;DISTRITO;E.E.F. LUIZ ALVES DE FREITAS;PASSA SEDE
CRATO;27;152;SANTA FÉ;EEIEF PAULO LIMAVERDE;ROD. VICENTE TELES, SN. DISTRITO DE SANTA FÉ - SEDE.
PENTECOSTE;50;231;ZONA RURAL;EEIF PROF. PAULO FREIRE - ANEXO(MACACOS);MOCÓ
UMIRIM;23;281;SAO JOAQUIM-DISTRITO;E.E.F. MANUEL FRANCISCO DE MOURA;MOREIRA
BARREIRA;52;205;LAGOA DO BARRO;ESCOLA FRANCISCO DAS CHAGAS FERREIRA;URUÁ