ITAREMA;98;179;ZONA RURAL;EMEF RAIMUNDO GODOFREDO GOMES;BRILHANTE
JUAZEIRO DO NORTE;28;172;SAO MIGUEL;CEJA PROFA. CÍCERA G. CORREIA;DO CRUZEIRO 1440
ICÓ;15;127;MALHADA VERMELHA - SITIO;ESCOLA MUNICIPAL JOAQUIM FELIZARDO DO NASCIMENTO;SITIO MALHADA VERMELHA S/N
ARACATI;8;221;PEDREGAL;E.E.F. PROF ANTONIO MONTEIRO;NUCLEO HABITACIONAL
BATURITÉ;5;97;VILA NOVA-SEDE;CRECHE AURISTELA;RUA MESTRE BERNARDINO DE SENA, SN
BARBALHA;31;94;SÍTIO SANTA CRUZ (CALDAS);EEF CORONEL GREGORIO CALLOU;SITIO SANTA CRUZ, S/N (7.36763 S, 39.36916 W)
GENERAL SAMPAIO;50;192;CONJUNTO SÃO JOSÉ;EMEF JOSÉ BEZERRA FILHO;RUA FILOMENO BARBOSA DE OLIVEIRA, S/N
MARACANAÚ;104;145;CENTRO;EEM TENENTE MÁRIO LIMA;RUA FRANCISCO FIRMINO, 293
MARACANAÚ;104;41;PAJUÇARA;EMEF RODOLFO TEÓFILO;RUA OTÁVIO ALVES, 1120
IGUATU;13;61;AREIAS I;ESCOLA DE ENS MÉDIO ADAUTO BEZERRA;RUA DEOCLECIO LIMA VERDE SN
LIMOEIRO DO NORTE;29;273;SANTA LUZIA;ESCOLA EVOLUÇÃO;RUA MANFREDO DE OLIVEIRA, 935
FRECHEIRINHA;81;238;CENTRO;CENTRO EDUCACIONAL RAIMUNDO PEREIRA;AVENIDA JOAQUIM PEREIRA 717 - CENTRO 
PARAIPABA;109;179;CENTRO;EMEIF FRANCISCO FIGUEIREDO DE PAULA PESSOA;RUA ANTONIO TABOSA SN
CRATO;27;184;BELA VISTA;EEIEF SÔNIA CALLOU DE SÁ;RUA PADRE CÍCERO S/N
FORTALEZA;116;353;GRANJA LISBOA;EEEP ICARO DE SOUSA MOREIRA - LICEU DO BOM JARDIM;RUA JOSE MARTINS, 2246
MARACANAÚ;104;406;PAJUÇARA;EMEIEF PREFEITO ALMIR FREITAS DUTRA;RUA ELÍFIO MEDEIROS DA CUNHA, 531
CAMOCIM;32;172;ZONA RURAL;ESCOLA JOSÉ BENTO XAVIER -  MACEIO;LOCALIDADE DE MACEIO
MOMBAÇA;46;148;CENTRO;ESCOLA DE ENSINO FUNDAMENTAL ROBERTO SÁ BENEVIDES;R. JOÃO ALENCAR DE FREITAS, 68
FORTALEZA;3;303;CENTRO;EEMTI VISCONDE DO RIO BRANCO;AV. DOM MANUEL, 1803
FORTALEZA;118;269;SERRINHA;COLÉGIO MARIA ESTER I;RUA ANTONIO TEIXEIRA LEITE, 248
AQUIRAZ;66;37;PICAO;ESCOLA FERDINANDO TANSI (SUBSTITUTA DA ESCOLA FCO. VIDAL CAMARA);COMUNIDADE DO PIAU
CAUCAIA;120;392;PADRE JULIO MARIA;E.E.F. MARIA MOTA RODRIGUES;RUA CORONEL CORREIA, 3267
SOBRAL;24;97;JUNCO;EEFI PROF. GERARDO RODRIGUES ALBUQUERQUE;AVENIDA JOHN SANFORD, 1940
FORTALEZA;114;29;ÁLVARO WEYNE;EM MARIA ROSELI LIMA MESQUITA;RUA FRANCISCO CALAÇA 1791
FORTALEZA;1;819;CIDADE 2000;ESCOLA MUNICIPAL ODNILRA CRUZ MOREIRA;AVENIDA DAS ADENANTERAS 800
MADALENA;63;188;SEDE;EEF MARGARIDA ALVES;PAUS BRANCOS
PIRES FERREIRA;21;139;DISTRITO;E.E.F. JOAQUIM GOMES DE LIMA;SERROTA DOS CARNEIROS
CARIÚS;43;175;SAO BARTOLOMEU-DISTRITO;EEIF AMARO BATISTA DA CUNHA (ANTIGA MANOEL DUARTE DE OLIVEIRA PASSOS);VILA SAO BARTOLOMEU
CAMOCIM;32;10;SAO PEDRO;ESCOLA EMILIA PESSOA VERAS;RUA HUMAITA S/N
HORIZONTE;78;134;ANINGÁS;EMEF FRANCISCA MONTEIRO DE OLIVEIRA;RUA RAIMUNDO PEREIRA LIMA, 674 
HORIZONTE;78;194;CENTRO;EEMTI MARIA DOLORES ALCÂNTARA E SILVA;AV. JUVENAL DE CASTRO, 645
MILAGRES;26;85;TRIANGULO UNHA DE GATO;ESCOLA  MARIA DGIVÃ NASCIMENTO FERREIRA;TRIANGULO DA UNHA DE GATO
ICAPUÍ;8;213;CAJUAIS;E.E.M. PROF GABRIEL EPIFANIO DOS REIS;RUA FILIZOLINA FREITAS, SN
ICÓ;15;106;SAO VICENTE - DISTRITO;ESCOLA MUNICIPAL MARIA BEZERRA NUNES;DISTRITO DE SAO VICENTE S/N
CEDRO;13;494;SÃO MIGUEL;ESCOLA DE ENS FUND PEDRO MOREIRA DO CARMO;ST RECANTO
SANTANA DO CARIRI;53;129;PONTAL;EMEIEF JOSE GOMES BRASIL;PONTAL DA SANTA CRUZ, SN
FORTALEZA;80;220;ALTO DA BALANÇA;EM PROFESSORA EDITH BRAGA;RUA CAPITAO VASCONCELOS 1061
FORTALEZA;113;249;PARQUELÂNDIA;EEFM SANTO AFONSO;RUA GAL. BERNARDO FIGUEIREDO, 2670
PIQUET CARNEIRO;12;10;CENTRO;EMEI PROFESSORA MARIA DE LOURDES DAMASCENO MARQUES;RUA MÃE RAINHA - BUMERANGUE
CAMPOS SALES;38;150;B. GUARANI;E.E.I.F LUCIANO TÓRRES DE MELO - SEDE;RUA CELERINO  NEPOMUCENO DE CARVALHO - S/N
AQUIRAZ;66;327;PATACAS;EMEF LEOLINA BATISTA RAMOS;AV JOSUE LEITE DE FREITAS S/N
ITAPIPOCA;17;475;ENCRUZILHADA;EEB MARIA NICE TEIXEIRA BARROSO;RUA AUDÍRIO FONTOURA, S/N
FORTALEZA;1;917;COCÓ;UNINTA - FACULDADE UNINTA FORTALEZA;RUA VILEBALDO AGUIAR,133
MARACANAÚ;122;180;NOVO MARACANAU;EMEF PRESIDENTE TANCREDO NEVES;RUA 06 COM RUA 02 S/N
UBAJARA;73;182;NOSSA SENHORA DE LOURDES;ESCOLA EUDES S CUNHA / NOSSA SRA. DE LOURDES;RUA CESARIO COSTA
SALITRE;38;133;ZONA RURAL, SALITRE/CE;E.E.F.T.I. -  JOÃO LIBANO RIBEIRO - SÍTIO CAJAZEIRAS;SÍTIO CAJAZEIRAS
FORTALEZA;1;833;PRAIA DO FUTURO II;ESCOLA MUNICIPAL DOM ALOISIO LORSCHEIDER;RUA JULIO SILVA, 450
QUIXERAMOBIM;11;88;CENTRO;CAMPUS UNIVERSITARIO DR ANDRADE FURTADO;AV DR JOAQUIM FERNANDES 382 - CENTRO
FORTALEZA;80;175;FÁTIMA;CENTRO EDUC. DA JUV. PE. JOÃO PIAMARTA - AGUANAMBI;AV. AGUANAMBI, 2479
PEREIRO;10;129;CENTRO;ESCOLA MUNICIPAL CLEONICE FREIRE DE QUEIROZ;RUA NEL QUEIROZ  257
MORRINHOS;44;146;ZONA RURAL;EMEFI SANTA LUZIA;BOA ESPERANCA
BREJO SANTO;70;61;PASSAGEM DE PEDRAS-SEDE;PONTO DE APOIO DA SAUDE NO SÍTIO PASSAGEM DE PEDRAS;SÍTIO PASSAGEM DE PEDRAS
GUARACIABA DO NORTE;74;69;DISTRITO;ESCOLA DE ENS FUND JOSE GERARDO COELHO - SUSSUANHA;SUSSUANHA
FORTALEZA;3;122;JACARECANGA;COLÉGIO ESTADUAL LICEU DO CEARÁ;PRAÇA GUSTAVO BARROSO, 01
GUARACIABA DO NORTE;74;185;DISTRITO;COLEGIO AFONSO RODRIGUES;SITIO SANTO AMARO
ITAPIPOCA;17;600;BALEIA;EEB JOSÉ MARIA DA SILVEIRA;PRAIA DA BALEIA
JUAZEIRO DO NORTE;119;152;JOAO CABRAL;ESCOLA IVA EMIDIO GONDIM;PIO NOROES SN
JAGUARUANA;75;56;CENTRO;E.E.M. MANUEL SÁTIRO;AV DR ANTÔNIO DA ROCHA FREITAS, 1278
FORTALEZA;116;56;BOM JARDIM;EM SANTOS DUMONT;RUA GERALDO BARBOSA 240
GUARACIABA DO NORTE;74;165;SEDE;INSTITUTO PROMOCIONAL BENJAMIM SOARES (PATRONATO);RUA PADRE BERNARDINO MEMORIA - CENTRO
ITAPAJÉ;41;160;CHAPADA;ESCOLA MUNICIPAL JOSE FERREIRA LIMA;CHAPADA
ARARENDÁ;48;200;LAGOA DOS BOIS;COLÉGIO RAIMUNDO DOMICIANO PEIXOTO;LOCALIDADE DE LAGOA DOS BOIS
JUAZEIRO DO NORTE;119;82;PIRAJA;ESCOLA CLOTILDE SARAIVA COELHO;LIMOEIRO 2338
PEDRA BRANCA;59;54;SEDE;ESCOLA DE ENSINO FUNDAMENTAL ANTONIO BARBOSA LEMOS;SITIO BAIXIO
PACATUBA;57;324;ALTO SAO JOAO;PENITENCIARIA FRANCISCO HELIO VIANA DE ARAUJO;RUA JOAO CAVALCANTE FILHO, S/N
LAVRAS DA MANGABEIRA;14;81;CRUZEIRO;ESCOLA DE 1 GRAU STELA SAMPAIO;BAIRRO DO CRUZEIRO S/N
ITAPIPOCA;17;11;CENTRO;EEM JOAQUIM MAGALHÃES;RUA PERGENTINA ARAUJO S/N
MARANGUAPE;4;545;NOVO PARQUE IRACEMA - MARANGUAPE;EMEF NILO PINHEIRO CAMPELO;RUA NILO CAMPELO, 48
MERUOCA;24;597;Floresta;EEF - RAIMUNDO RODRIGUES DE ARAUJO;SITIO FLORESTA
RUSSAS;9;188;MACAMBIRA;ESCOLA MUNICIPAL JOSE MARTINS RODRIGUES LIMA;MACAMBIRA
RUSSAS;9;101;PEIXE;ESCOLA MUNICIPAL CIRIACO LEANDRO MACIEL;LAGOA DO PEIXE
CAUCAIA;120;438;TOCO (JUREMA);E.E.I.E.F. MARIA CORINA MOURA ARRUDA;RUA MANOEL GOMES DA SILVA, S/N - CONJUNTO SÃO DOMINGOS - TOCO
CAUCAIA;120;407;PLANALTO CAUCAIA;E.E.I.E.F. ANTONIO BRAGA DA ROCHA;RUA 112, SN - CIGANA
CASCAVEL;7;249;CENTRO;EMEB PROFESSORA THEREZINHA MESQUITA DE JESUS CIRÍACO (ANTIGA CNEC);RUA PREF. LUIS BENICIO SAMPAIO, 2506
CARIRÉ;65;48;TAPúIO;ESCOLA EIEF ADAUTA MOCINHA BARROS ROCHA;RUA SE MAGALHAES - TAPUIO
FORTALEZA;114;319;BARRA DO CEARÁ;EEEP PAULO PETROLA;RUA SAUDÁRIA, S/N - GOIABEIRAS
FORTALEZA;112;353;ENGENHEIRO LUCIANO CAVALCANTE;ESCOLA ESTADUAL DE EDUCAÇÃO PROFISSIONAL JAIME ALENCAR DE OLIVEIRA;AV ROGACIANO LEITE, 2285
IBIAPINA;73;33;DISTRITO DE ALTO LINDO;ESCOLA MANUEL RODRIGUES DE MEDEIROS;RUA RAIMUNDO DOMINGOS XIMENES
FORTALEZA;115;310;ITAPERI;EM PROJETO NASCENTE;RUA CAMPO MAIOR, S/N
FORTALEZA;80;416;FÁTIMA;EEM GOV. ADAUTO BEZERRA;RUA MONSENHOR LIBERATO, 1850
ITAREMA;98;162;CENTRO;EMEF PE ARISTIDES ANDRADE SALES;AV JOAO BATISTA RIOS S/N
CAUCAIA;123;288;PARQUE GUADALAJARA (JUREMA);E.E.I.E.F. DANILO DALMO DA ROCHA CORRÊA;RUA ACAPULCO, 1805 - PARQUE POTIRA II
MORADA NOVA;47;73;ARUARU;EEB PROFESSORA JOANA PAULA DE MORAIS;AVENIDA ERNESTO GEISEL
CASCAVEL;7;50;CENTRO;ESC.ENS.FUND. BENIGNA PACHECO;RUA PADRE FRANCISCO VALDIVINO NOGUEIRA, 2210
GRAÇA;79;149;CENTRO-SEDE;EEF PROF. MARIA DO AMPARO SOUSA;CONJ. HABITACIONAL 15 DE ABRIL
FORTALEZA;93;306;PREFEITO JOSÉ WALTER;CENTRO DE INCLUSÃO TECNOLÓGICA E SOCIAL - CITS JOSÉ WALTER;AV. K, 330, SEGUNDA ETAPA
IGUATU;13;223;BAÚ;ESCOLA DE ENS FUND ANTONIO CIRILO DE OLIVEIRA;VILA BAU
JAGUARIBARA;72;49;CENTRO;PROF JOCELIN MARCONDES XAVIER DE ALMEIDA;AV. ZÉ LEITÃO, 236
ITAREMA;98;215;CENTRO;EMEF PE ARISTIDES ANDRADE SALES;AV JOAO BATISTA RIOS S/N
CAUCAIA;123;419;NOVA METRÓPOLE (JUREMA);E.E.F.M. ROMEU DE CASTRO MENEZES;AV. A, S/N - NOVA METRÓPOLE
MISSÃO VELHA;16;88;SITIO SANTA TEREZA;CRECHE ANA MACEDO COELHO ( ANTIGA PAULO MACEDO);SITIO LAGOA DO PINTADO
LIMOEIRO DO NORTE;29;62;CENTRO;FACULDADE DE FILOSOFIA D AURELIANO MATOS;AV DOM AURELIANO MATOS 2058
ITAPIPOCA;17;740;ARAPARI;SALÃO COMUNITÁRIO DE CANOA;CANOA
FORTALEZA;2;175;MESSEJANA;EEMTI PROFª FERNANDA MARIA GOMES DE AMORIM;AVENIDA FREI CIRILO 4454
FORTALEZA;2;403;MESSEJANA;EEM DEPUTADO PAULO BENEVIDES;RUA ANGELICA GURGEL, 186
TAUÁ;19;89;SANTA TEREZA;CRAS SANTA TEREZA (ANTIGO EPG JOSUE HONORIO DE ALMEIDA);VILA SANTA TEREZA
QUIXADÁ;6;321;PLANALTO RENASCER;EEM GOVERNADOR LUIZ GONZAGA DA FONSECA MOTA;RUA PARAGUAI, S/N
QUIXADÁ;6;367;CENTRO;CENTRO UNIVERSITÁRIO CATÓLICA DE QUIXADÁ - UNICATÓLICA;AVENIDA PLÁCIDO CASTELO, S/N
ITAPAJÉ;41;117;ESMERINO GOMES;ESCOLA MUNICIPAL PREF ROQUE SILVA MOTA;RUA OTAVIO PINTO DE MESQUITA
FORTALEZA;112;391;EDSON QUEIROZ;EEFM DOM ANTONIO DE ALMEIDA LUSTOSA;RUA ADOLFO MOREIRA DE CARVALHO, S/N
FORTALEZA;83;598;JÓQUEI CLUBE;CENTRO UNIVERSITÁRIO ESTÁCIO - CAMPUS PARANGABA;AVENIDA SENADOR FERNANDES TÁVORA, 137
TAMBORIL;61;44;BAIRRO MONTE CASTELO;EMEIF PROFª JULIETA ALVES TIMBÓ;RUA FRANCKLIN CAVALCANTE SN
MARANGUAPE;4;22;PARQUE IRACEMA - MARANGUAPE;CEI MÁRIO VALENTIM DE ANDRADE;RUA ANTÔNIO GOMES BESSA, S/N
TURURU;17;622;CEMOABA / ZONA RURAL;EMEF MARIA LUNGA MOREIRA;RUA PRINCIPAL
QUIXELÔ;13;311;ÁREA RURAL DE QUIXELÔ;ESCOLA DE ENS FUND ANTONIO VICENTE FLORENTINO;CHAPADA -SITIO
JUAZEIRO DO NORTE;28;16;CENTRO;EEEP PROFESSOR MOREIRA DE SOUSA;DO CRUZEIRO 497
BREJO SANTO;70;248;MORRO DOURADO;ESCOLA MUNICIPAL MESTRE ZE LUIS SILVA RAMOS;RUA ANTONIO GERONIMO SILVA S/N
PENTECOSTE;50;117;SÃO PEDRO;EEIF PROFª. Mª GLAUCINEIDE FIRMIANO DA SILVA;AVENIDA PRESIDENTE JUSCELINO KUBITSCHEK, 703
BARROQUINHA;108;47;CENTRO;CENTRO DE REFERÊNCIA DE ASSISTÊNCIA SOCIAL - CRAS;AV. MARIA DIAMANTINA VERAS N 1002
MARACANAÚ;104;421;PAJUÇARA;EMEIEF SINFRONIO PEIXOTO DE MORAIS;RUA JULIO MENDES, 255
ACARAÚ;30;29;ZONA RURAL;ESCOLA MANOEL DUCA DA SILVEIRA;LAGOA DO CARNEIRO
QUIXERAMOBIM;11;135;MANITUBA;ESCOLA LUIS ALMEIDA;CARNAUBINHA
JUAZEIRO DO NORTE;119;471;PIRAJA;ESCOLA DEMOSTENES RATTS BARBOSA;AILTON GOMES SN
JUAZEIRO DO NORTE;28;306;TRES MARIAS;EMEF PROFA MARIA DE LOURDES LOPES DE SOUSA;AV. DO AGRICULTOR
RERIUTABA;79;106;AÇUDE DO MATO;E.E.F. NOSSA SENHORA DAS GRACAS;AÇUDE DO MATO
ICÓ;15;107;CENTRO - SEDE;CENTRO UNIVERSITÁRIO VALE DO SALGADO;AV. MONSENHOR FROTA, 609
FORTALEZA;114;316;BARRA DO CEARÁ;EM DOIS DE DEZEMBRO;RUA ARAKEN, 860
ARATUBA;105;171;SITIO BARREIROS;ESCOLA FRANCISCO JOSE DE FREITAS;SITIO BARREIROS
PARAMOTI;111;160;ZONA RURAL;ESCOLA MUNICIPAL JOAQUIM GOMES;LOCALIDADE CACIMBA NOVA
FORTALEZA;95;119;CONJUNTO PALMEIRAS;EMEIEF MARIA HELENILCE CAVALCANTE LEITE MARTINS;RUA MAIZA, S/N
BOA VIAGEM;63;156;CAPITAO MOR;EEF FRANCISCO JOSE VIEIRA;RUA CE. LUÍS AMARO BEZERRA, S/N
FORTALEZA;83;767;HENRIQUE JORGE;CENTRO EDUCACIONAL BRASILEIRINHO;AVENIDA SENADOR FERNANDES TÁVORA, 1717
PARACURU;109;87;CAMPO DE AVIAÇÃO;E. M. E. I. F. PROFESSORA MARIA ALBUQUERQUE LIMA - DINA;AV. SAO JOAO EVANGELISTA, 385
CHORÓ;6;95;MARAVILHA;EEIF FRANCISCO SEGUNDO;BOA VISTA, S/N, MARAVILHA
TIANGUÁ;81;31;CENTRO;SECRETARIA DO TRABALHO E ASSISTÊNCIA SOCIAL - SETAS;RUA VEREADOR RAIMUNDO LIMA, 200
FORTALEZA;115;93;SERRINHA;COLEGIO DUQUE DE CAXIAS;RUA  PERU, 1675
BARBALHA;31;172;BELA VISTA;CEI MONS. MURILO DE SÁ BARRETO (BELA VISTA);RUA T22, 254 - BELA VISTA
CRATO;27;169;DOM QUINTINO;EEIEF RAIMUNDO NONATO DE SOUZA;RUA SEBASTIÃO DE SOUZA MARTINS, 143
FORTALEZA;115;199;PARANGABA;EEMTI MARIA THOMÁSIA;RUA POLONIA, 369
FORTALEZA;115;177;PARANGABA;EM PROF. JOSE VALDIVINO DE CARVALHO;RUA GUARA, S/N
FORTALEZA;85;390;CONJUNTO CEARÁ I;EEFM PROF. EDMILSON GUIMARAES DE ALMEIDA UV 10;RUA 1074 S/N (PROX. HOSPITAL), 4 ETAPA
CRATO;27;194;BAIXIO DAS PALMEIRAS;EEIEF PROFª ROSA FERREIRA DE MACEDO;RUA MARIA TAVARES DE OLIVEIRA, SN. SÍTIO BAIXIO DO MUQUÉM
GRANJEIRO;62;158;CENTRO;EEF DR MAURO SAMPAIO;RUA DO CRUZEIRO SN
IGUATU;13;265;CENTRO;ESCOLA DE ENSINO MÉDIO EM TEMPO INTEGRAL DE IGUATU;RUA GUILHERME DE OLIVEIRA, 842
NOVA RUSSAS;48;126;TIMBAÚBA;ESCOLA MUNICIPAL SÃO JOSÉ;RUA ANTONIO ALVES DA COSTA, 291
SÃO BENEDITO;22;30;CENTRO-SEDE;CENTRO DE SAUDE;RUA ARISTIDES BARRETO SN
BARBALHA;31;84;CENTRO;EEM ADAUTO BEZERRA;RUA MAJOR SAMPAIO, 75
EUSÉBIO;88;129;JABUTI;EEF MARIO SALES;RUA MARIO SALES, 319 - JABOTI
CAUCAIA;37;22;CENTRO;E.E.F. BRANCA CARNEIRO DE MENDONCA;PRACA DA MATRIZ, 666
FORTALEZA;112;558;JARDIM DAS OLIVEIRAS;INSTITUTO DE ASSISTÊNCIA E PROTEÇÃO SOCIAL - IAPS;RUA BARRA NOVA, N 1.000, CONJ. TANCREDO NEVES
ACOPIARA;60;23;CENTRO;EEF JOSE ADONIAS GURGEL DE ALBUQUERQUE;RUA JOAO PAULO II
FORTALEZA;112;273;JARDIM DAS OLIVEIRAS;EEMTI MIRIAN PORTO MOTA;RUA DAS CASTANHOLAS, S/N
QUIXERAMOBIM;11;16;URUQUE;ESCOLA ALTINA BARROS LEITE;FREITAS
MARANGUAPE;4;16;PARQUE SANTA FÉ - MARANGUAPE;CEM DEP. MANOEL RODRIGUES;RUA JUSCELINO KUBITSCHEK, S/N
INDEPENDÊNCIA;39;6;CENTRO;CRECHE MARIA ALTAIR AMERICO SABOIA;RUA DO CRUZEIRO
SABOEIRO;43;253;SAO FRANCISCO;E.E.M. LIDIA BEZERRA;RUA MARIA TEREZINHA SANTOS S/N
MILAGRES;26;52;VILA PADRE CICERO;ESCOLA FRANCISCO GOMES DE LUCENA;VILA PADRE CICERO
BELA CRUZ;96;26;CENTRO-SEDE;EMETI PAULO SARASATE;RUA JOSÉ XEREZ DE SOUSA, S/N
JUCÁS;43;42;CENTRO - SEDE;ESCOLA DE ENSINO MÉDIO LUIZA TAVORA;RUA HILDELY CAVALCANTE 120
ACARAÚ;30;204;BAILARINA;ESCOLA PROF. JOELINA RIBEIRO RAMOS VIANA;RUA NEON SALES SN
IPAUMIRIM;92;101;CENTRO-SEDE;E.E.F.T.I. DR JARISMAR GONCALVES MELO;AVENIDA DR ARRUDA, 37
EUSÉBIO;88;256;ENCANTADA;EEF FRANCISCO TAVARES DE ABREU;RUA SANTO AMARO, 1000 - ENCANTADA
BREJO SANTO;70;51;CONCEICAO-SEDE;ESCOLA MUNICIPAL JOAQUIM FURTADO DE LUCENA;VILA CONCEICAO
ICAPUÍ;8;218;MUTAMBA DE ICAPUI;E.E.F. PROFESSORA RAIMUNDA LACERDA DAMIÃO;AV ESAU LACERDA SN
IBIAPINA;73;76;SÍTIO PATURI;ESCOLA HONÓRIO SILVÉRIO DE SOUSA;SÍTIO PATURI
PEREIRO;10;132;CENTRO;ESCOLA PINGO DE GENTE (ESPECIAL);RUA SEVERO HOLANDA S/N
PALMÁCIA;4;179;QUEIMADAS;UBS QUEIMADAS;QUEIMADAS
HORIZONTE;78;366;CATOLÉ;CEI - JOSE ANTONIO DA SILVA;RUA JOAO DE SOUSA FALCAO, 776
JIJOCA DE JERICOACOARA;30;228;ZONA RURAL;ESCOLA FRANCISCO SALES DE CARVALHO;CORREGO DA FORQUILHA II
NOVA OLINDA;53;21;CENTRO;EMEF AVELINO FEITOSA;AV. PERIMETRAL SUL, 576
IGUATU;13;107;GADELHA;ESCOLA DE ENS FUND JOSE JALES JAIME AMORIM;SITIO BARRIGA
FORTALEZA;95;158;CONJUNTO PALMEIRAS;EM MARIETA CALS;RUA VALPARAISO, 160
FORTALEZA;95;133;JANGURUSSU;EM PROFESSOR FRANCISCO DE MELO JABORANDI;AV. GOVERNADOR LEONEL BRIZOLA, 198
MAURITI;76;22;PALESTINA DO CARIRI-DISTRITO;CRECHE ANA JÚLIA GOMES ALCÂNTARA;TRIANGULO DA PALESTINA
FORTALEZA;82;370;SÃO GERARDO;COLÉGIO MASTER - BEZERRA DE MENEZES;AV. BEZERRA DE MENEZES, 1802
CAMOCIM;32;269;BOA ESPERANCA;ESCOLA MUNICIPAL DE 1 GRAU FCO OTONI COELHO;RUA BANDEIRANTES 646
SÃO BENEDITO;22;84;SITIO JUSSARA;EEF CICERO CLEMENTINO DE MEDEIROS;SITIO JUSSARA
TARRAFAS;18;160;SEDE;ESCOLA LUIZ GONZAGA DE ALCANTARA;AVENIDA MARIA LUIZA LEITE SANTOS, S/N  PEDRA FERRADA
MISSÃO VELHA;16;80;ZONA RURAL;UBS SÍTIO ESCONDIDO;SITIO ESCONDIDO
MIRAÍMA;89;269;ÁREA RURAL DE MIRAÍMA;SALÃO COMUNITÁRIO DE PILÕES;PILÕES
FORTALEZA;82;675;ÁLVARO WEYNE;EM ALDEÍDES RÉGIS;RUA IRINEU DE SOUSA, 176
FORTALEZA;85;271;CONJUNTO CEARÁ I;EEFM PROF PLACIDO ADERALDO CASTELO - UV 7B;RUA SETECENTOS E VINTE E UM, 100, 3A ETAPA
BARBALHA;31;44;CENTRO;EEF SENADOR MARTINIANO DE ALENCAR;LARGO DO ROSARIO, 20, CENTRO
ITAPAJÉ;41;212;FERROS-SEDE;ESCOLA MUNICIPALPADRE MANOEL LIMA E SILVA;CONJUNTO PEDRO ROCHA SN
MASSAPÊ;45;70;CENTRO;EEFM WILEBALDO AGUIAR;RUA CEL MANOEL DIAS 250
ASSARÉ;18;142;SERRA DE SANTANA;ESCOLA DE ENSINO MÉDIO PATATIVA DO ASSARÉ;SÍTIO BONITA
SÃO GONÇALO DO AMARANTE;36;212;ARAPIXI;ESCOLA DE ENSINO MÉDIO WALDEMAR ALCANTARA;RUA MAJOR JOÃO MARTINS
FORTALEZA;112;31;ENGENHEIRO LUCIANO CAVALCANTE;COLÉGIO ANTARES - SEDE WASHINGTON SOARES;RUA CAETANO XIMENES ARAGÃO,110 - ACESSO PELA RUA ARMANDO DALL'OLIO
MARANGUAPE;4;132;CENTRO - MARANGUAPE;CEJA MANOEL SEVERO BARBOSA;RUA RAIMUNDO HERBSTER, 230
FORTALEZA;82;690;CARLITO PAMPLONA;EEMTI JOSÉ VALDO RIBEIRO RAMOS;RUA PEDRO AMÉRICO, 100
FORTALEZA;82;425;CRISTO REDENTOR;EM SANTA TEREZA;AV. MONSENHOR HÉLIO CAMPOS, 90
FORTALEZA;94;431;VILA VELHA;EMEF QUINTINO CUNHA;RUA MARIA CLARA 1263
CAUCAIA;37;329;TABUBA;E.E.F. LUZIA CORREIA SALES;ESTRADA DO CUMBUCO, 3132
NOVO ORIENTE;99;7;CENTRO;EEF FRANCISCO RUFINO VIEIRA;RUA CAPITAO RODRIGO S/N
JAGUARIBE;10;104;EDMAR BARREIRA;CEI MARIA IRACÍLIA DE SÁ PEREIRA BARREIRA;RUA ANTÔNIO WEIMA FERNADES
FORTALEZA;94;915;VILA VELHA;EMEIEF MARIA MARIZA MENDES DE CARVALHO;RUA RAIMUNDO CUNHA 1174
ITAPIPOCA;17;508;VIOLETE;EEB JOSE LINS DE ALBUQUERQUE;RUA CRISTO REDENTOR
BREJO SANTO;70;156;MORRO DOURADO;ESC E F FRANCISCO LEITE DE MOURA (CHICO LEITE);RUA LUIZ PINHEIRO TORRES 207
BREJO SANTO;70;45;LAGOA DO MATO-SEDE;ESCOLA MUNICIPAL NOBILINO ALVES DE ARAUJO;VILA LAGOA DO MATO
FORTALEZA;85;171;ANTÔNIO BEZERRA;INSTITUTO EDUCACIONAL JOSE DE ALENCAR;RUA HUGO VITOR 730
ARACATI;8;314;MAJORLANDIA;C.E.I. MARIA LEONOR MAIA;RUA EUCLIDES MOREIRA, S/N
VÁRZEA ALEGRE;62;259;BETÂNIA;EEP JOSÉ IRAN COSTA;RUA MUNDINHO PROTO, S/N
BATURITÉ;5;16;CANDEIA BOA VISTA-POVOADO;EMEF MARIA DE LOURDES DA SILVEIRA;CANDEIA BOA VISTA, SN
TURURU;17;646;CENTRO;EEFM LUIZA BEZERRA FARIAS;RUA MONSENHOR SOLON 248
CRATO;27;202;NOVO CRATO;CRAS SEMINÁRIO - CENTRO DE REFERÊNCIA DE ASSISTÊNCIA SOCIAL;RUA JOSÉ PINHEIRO TELES, 169
URUOCA;25;114;BRASILIA;C.E.I. VANIA ROCHA;RUA ASSUNCAO, S/N
CARNAUBAL;22;12;SAO VICENTE;EEF AQUILES PERES MOTA;AV SAO VICENTE
OCARA;67;214;SERENO DE CIMA-DISTRITO;ESCOLA MUNICIPAL MINELVINA MARIA DA CONCEICAO - ENSINO FUNDAMENTAL;CROATA
FORTALEZA;115;434;VILA PERI;EM RAIMUNDO SOARES DE SOUSA;RUA COSTA FREIRE 550
RERIUTABA;79;32;AMANAIARA;E.E.F. DEPUTADO MANOEL RODRIGUES;DISTRITO DE AMANAIARA - CENTRO
QUITERIANÓPOLIS;99;88;CENTRO;EEF ROBERTO ANTUNES DE FREITAS;AV LAURINDO GOMES  SN
FORTALEZA;80;265;AEROPORTO;COLÉGIO JENNY GOMES;AV. BORGES DE MELO, 210
HORIZONTE;78;383;BUENOS AIRES;EMEF FRANCISCO XAVIER DE FREITAS;RUA MANOEL LUIZ, N. 1.352
RUSSAS;9;211;INGA;ESCOLA MUNICIPAL JOSE RICARDO DE MATOS;INGÁ
CRUZ;30;175;CANEMA;ESCOLA FILOMENA MARTINS DOS SANTOS;CANEMA
PACAJUS;49;168;BASE;EEF NELI GAMA (ANT. RAIMUNDO AGOSTINHO);BASE
CRATEÚS;20;294;REALEJO;ESCOLA DE CIDADANIA DE REALEJO;REALEJO
FORTALEZA;1;779;PAPICU;ESCOLA ESTADUAL MARIA JOSE MEDEIROS;RUA DESEMBARGADOR LAURO NOGUEIRA 1240
IBIAPINA;73;1;PRAÇA DO ESTÁDIO;CRECHE MUNICIPAL PRÓ-INFÂNCIA GUILHERME ARAGÃO QUEIROZ;RUA LUÍS BASÍLIO DE LIMA, S/N
MARACANAÚ;122;112;ALTO ALEGRE I;EMEIEF CESAR CALS DE OLIVEIRA FILHO;RUA LITUANIA S/N
FORTALEZA;112;470;EDSON QUEIROZ;UNIVERSIDADE DE FORTALEZA - UNIFOR;AVENIDA WASHINGTON SOARES, 1321
SÃO BENEDITO;22;65;SITIO BARRA;EMEB EROTIDES MELO LIMA;SITIO BARRA
SÃO BENEDITO;22;181;SITIO PEDRA DE COCO I;EEF PEDRA DE COCO I;SITIO PEDRA DE COCO  I
PACAJUS;49;365;COAÇU;EEF RAIMUNDO NOGUEIRA DE QUEIROZ;RUA JOÃO AUGUSTO DE OLIVEIRA, 103
GROAÍRAS;65;113;CENTRO;EEF PROFESSORA NOELIA XIMENES PARENTE;RUA MAJOR ARAUJO 960
IPAPORANGA;20;238;ALTO DO BOM PRINCÍPIO;ESCOLA DE ENSINO FUNDAMENTAL WALDEMAR DE ALCÂNTARA;RUA PEDRO CORREIA LEITÃO, 45
CARIRÉ;65;41;ZONA RURAL;ESCOLA EIEF JOSE DO PATROCINIO BRAGA;RUA SEBASTIAO MARTINS - DISTRITO JUCA
CASCAVEL;7;216;JACARECOARA;ESC.ENS.FUND. ROSA RIBEIRO LOPES;RIACHO FUNDO
FORTALEZA;117;203;PARQUE PRESIDENTE VARGAS;COLÉGIO CASTRO ALVES;RUA TULIPA NEGRA, 2319
CRUZ;30;102;CENTRO;ESCOLA MARIA PEREIRA BRANDAO;RUA VEREADOR MUNDICO MARTINS 642
JUAZEIRO DO NORTE;28;13;SAO MIGUEL;UNINASSAU CAMPUS SÃO MIGUEL;RUA SÃO FRANCISCO, 1224
MILAGRES;26;51;VILA PADRE CICERO;ESCOLA FRANCISCO GOMES DE LUCENA;VILA PADRE CICERO
CHOROZINHO;49;41;PARQUE SAO JOSE;EEFM PADRE ENEMIAS FREIRE DE ALMADA;PRACA DOM JOSE DE MEDEIROS DELGADO SN
FORTALEZA;80;357;TAUAPE;EMEIF ALMERINDA DE ALBUQUERQUE;RUA ANA GONCALVES 1105
MAURITI;76;59;UMBURANAS-DISTRITO;EEF MAJOR JOAQUIM ANTONIO FURTADO;RUA JOSÉ OZÁRIO, S/N
ASSARÉ;18;27;ARATAMA;GRUPO ESCOLAR ANTONIO DA SILVA LEAL;RUA ANTONIO GONCALVES DA SILVA SN
ASSARÉ;18;95;PARQUE DE VAQUEJADA;ESCOLA DE EDUCACAO INFANTIL E ENSINO FUNDAMENTAL MARIA ISABEL;AVENIDA DEP. MANOEL GONCALVES, S/N
CARNAUBAL;22;251;CRUZEIRO;EEF ANTONIO RAIMUNDO DE MELO;AV PAULO SARASATE 539
QUIXADÁ;6;116;CUSTÓDIO;EEF JOAQUIM FERREIRA SANTIAGO;SALVAÇÃO, S/N
MAURITI;76;33;PALESTINA DO CARIRI-DISTRITO;EEF OSSIAN ARARIPE;VILA DNOCS
SANTANA DO ACARAÚ;44;70;DISTRITO PARAPUI;EEF RAIMUNDO CAMÕES VIANA;RUA CAMOES VIANA S/N
JAGUARIBE;10;77;SÍTIO CAJAZEIRAS;GRUPO ESCOLAR MUNICIPAL HERMES TEIXEIRA;SITIO CAJAZEIRAS
MASSAPÊ;45;89;CENTRO;EEFM WILEBALDO AGUIAR;RUA CEL MANOEL DIAS 250
ITAPIÚNA;105;110;ZONA URBANA;EEF RECANTO DA CRIANCA;ALTO DAS UMBURANAS
JUCÁS;43;93;SÃO PEDRO DO NORTE - VILA;CENTRO COMUNITARIO ANTONIO RAIMUNDO DE SOUZA;RUA ANTONIO PEREIRA DA SILVA 226
ARACATI;8;297;SÃO CHICO;ESCOLA DE 1 GRAU SÃO FRANCISCO;SÃO CHICO
FORTALEZA;83;739;PICI;ESCOLA MUNICIPAL PROFESSORA MARIA LIDUÍNA CORREA LEITE;RUA FERNÃO MAGALHÃES, 120
CAUCAIA;37;5;CENTRO;C.S.U. EDSON DA MOTA CORREA;RUA JOSE DE PONTES, 2671 - AÇUDE
TIANGUÁ;81;113;ARAPÁ;CENTRO EDUCACIONAL PROFESSOR OSVALDO NOGUEIRA LIMA - CEPON;RUA QUINTINO MARQUES, S/N - DISTRITO ARAPÁ
ICÓ;15;171;NOVO CENTRO - SEDE;EEMTI - PADRE JOSÉ ALVES DE MACÊDO;AV. FRANCISCO CAETANO DANTAS, S/N
JUCÁS;43;134;VENEZA - SÍTIO - MEL;ESCOLA ANTONIO GOMES;SÍTIO MEL
FORTALEZA;117;451;CANINDEZINHO;EM PADRE ANTONIO MONTEIRO DA CRUZ;RUA DE PEDESTRE XIII, 25 - JARDIM FLUMINENSE II
PENTECOSTE;50;48;ZELADORIA;EEF GOVERNADOR WALDEMAR ALCÂNTARA;RUA PEDRO HORÁCIO, 297
SÃO BENEDITO;22;104;INHUCU;EE BASICO DEP TOMAZ BRANDAO;R SANTOS DUMONT S/N
SOBRAL;121;15;SINHÁ SABÓIA;ESCOLA CARLOS JEREISSATI;AV SENADOR FERNANDES TAVORA, 950
FORTALEZA;95;316;JANGURUSSU;EMEIF MARIA DE JESUS ORIÁ ALENCAR;RUA VERDE QUARENTA E TRÊS, S/N, CONJUNTO SÍTIO SÃO JOÃO
BELA CRUZ;96;83;CORREGO GRANDE-SEDE;CENTRO CATEQUÉTICO - CAPELA MÃE-RAINHA;RUA JOSÉ XEREZ DE SOUSA, S/N
MILHÃ;55;66;CENTRO;EEFM EUCLIDES PINHEIRO DE ANDRADE;RUA JOAQUIM NEMESIO 119
BARBALHA;31;66;CENTRO;ESCOLA BEM-ME-QUER;RUA PADRE IBIAPINA, 485
CANINDÉ;33;280;ZONA RURAL;EMEF NOSSA SENHORA DAS GRAÇAS;LOCALIDADE DE BAIXA FRIA
CANINDÉ;33;96;ZONA RURAL;EMEF MIGUEL ANTONIO OLIVEIRA;DISTRITO DE TARGINOS
PARACURU;109;54;QUATRO BOCAS;E. M. E. I. F. ISAC DA ROCHA;QUATRO BOCAS
MILAGRES;26;57;SITIO SANTA CATARINA;ESCOLA JOAO BELEM DE OLIVEIRA;SITIO SANTA CATARINA
ARARENDÁ;48;120;ASSENTAMENTO VITÓRIA;E. E. F. 03 DE DEZEMBRO;ASSENTAMENTO VITÓRIA (PERTENCE A IPAPORANGA)
FORTALEZA;112;165;GUARARAPES;MRH GESTÃO DE PESSOAS E SERVIÇOS;RUA PROFESSOR JACINTO BOTELHO, 1600
OCARA;67;187;SERRAGEM-DISTRITO;ESCOLA MUNICIPAL JOSÉ DOS SANTOS DE OLIVEIRA;BAIXA GRANDE
MERUOCA;24;662;Palestina do Norte;EEF - HENRIQUE SEVERINO DUARTE;RUA RAIMUNDO FAUSTINO - DISTRITO PALESTINA
CARIÚS;43;199;SITIO MONTE VERDE;EEIF JOSE CARLOS DA SILVA LEAL;SITIO MONTE VERDE
BELA CRUZ;96;39;CORREGUINHOS-LOCALIDADE;EMEIEF RAIMUNDO JOVINO VASCONCELOS;CORREGUINHO
SÃO BENEDITO;22;214;CENTRO-SEDE;CENTRO DE NUTRICAO;RUA JOSE INÁCIO DE AGUIAR, SN
JUAZEIRO DO NORTE;119;84;PIRAJA;ESCOLA MARIA AMELIA BEZERRA;AV CASTELO BRANCO SN
PINDORETAMA;7;97;CENTRO-PINDORETAMA;EEM JULIA ALENQUER FONTENELE;AV. FIRMINO CRISOSTOMO, 1944
AIUABA;101;34;CEDRO;GRUPO ESCOLAR VENTURA ALVES DE LIMA;POVOADO DE CEDRO SN
MORAÚJO;64;92;CENTRO;MORAÚJO - INSTITUTO EDUCAÇÃO PROFª EUDÁLIA MOREIRA;RUA RAIMUNDA GOMES, 297
RUSSAS;9;157;LAGOA DOS CAVALOS;ESCOLA MUNICIPAL JOAO BATISTA DE SOUSA;LAGOA DOS CAVALOS
CANINDÉ;33;70;PALESTINA;CAIC ALFREDO COELHO MAGALHÃES;RUA ANTONIO MONTEIRO DOS SANTOS SN
IPU;21;29;ALTO DA BOA VISTA;EMEB MONSENHOR GONÇALO DE OLIVEIRA LIMA;AV. JOSÉ CARVALHO DE ARAGÃO, 102
CAUCAIA;37;473;CURICACA;E.E.F. EDSON DA MOTA CORREA;ESTRADA VELHA DO ICARAI, KM 02
ITAPAJÉ;41;59;IRATINGA;E.E.M. ANTONIO CUSTÓDIO DE MESQUITA;RUA ANTONIO CUSTODIO DE MESQUITA 76
FORTALEZA;115;405;MANOEL SÁTIRO;EEFM PROFESSOR MARIO SCHENBERG;RUA AMERICO ROCHA LIMA 835
FORTALEZA;115;176;PARANGABA;EM PROF. JOSE VALDIVINO DE CARVALHO;RUA GUARA, S/N
OCARA;67;200;SERENO DE CIMA-DISTRITO;ESCOLA MUNICIPAL JOSE PEREIRA DE SOUSA - ENSINO FUNDAMENTAL;ESTRADA DO ALGODAO - PLACA JOSE PEREIRA
FORTALEZA;83;771;JOÃO XXIII;CENTRO DE FORMAÇÃO E DESENV. PARA PROFISSIONAIS DA EDUCAÇÃO - FORMACE;RUA PORTO VELHO, 401
SÃO GONÇALO DO AMARANTE;36;269;PECEM-DISTRITO;ESCOLA DE ENSINO FUNDAMENTAL E MEDIO EDITE ALCANTARA MOTA;PECEM
MARACANAÚ;122;39;NOVO ORIENTE;EMEF MAESTRO ELEAZAR DE CARVALHO;AV. CENTRAL S/N
MORADA NOVA;47;229;LAGOA GRANDE;EEB RAIMUNDO PEREIRA DE AGUIAR;JUAZEIRO DA LAGOA GRANDE
MARCO;96;153;LOCALIDADE DE FEIJAO BRAVO;EEF ANTONIO PEREIRA DA ROCHA;POVOADO FEIJAO BRAVO
SÃO GONÇALO DO AMARANTE;36;300;TABUBA I;CEDI - DANIEL CORREIA CARVALHO;TABUBA - ZONA RURAL
FORTALEZA;82;104;CRISTO REDENTOR;EEMTI LIONS JANGADA;RUA CAMÉLIA, 352
CAUCAIA;37;547;TABAPUAZINHO;E.E.I.E.F. DONA LAVÍNIA DE MEDEIROS;RUA GIZELDA MAGALHÃES, 2394 - TABAPUAZINHO
RERIUTABA;79;107;CENTRO;EEMTI CORONEL ALFREDO SILVANO;RUA JOSÉ TEODORO SOARES, S/N
FORTALEZA;82;110;CRISTO REDENTOR;CEJA  MONSENHOR HÉLIO CAMPOS;AV. MONSENHOR HÉLIO CAMPOS, 251
ALTO SANTO;86;1;CENTRO;ESCOLA DE 1 E 2 GRAUS FRANCISCO NONATO FREIRE;AV EDSON GUERRA 667
ACARAÚ;30;329;ARANAÚ;ESCOLA MARIA CONCEICAO DE ARAUJO;RUA DR ALOISIO SN - ARANAU
MARACANAÚ;122;144;MUCUNA;EMEF MANOEL ROSEO LANDIM;RUA OSCAR FERREIRA DE BRITO, 161
MILHÃ;55;77;CARNAUBINHA;ESCOLA DE ENSINO BASICO RAIMUNDO BEZERRA FIGUEIREDO;RUA VALDINA DE LIMA
CRUZ;30;319;ZONA RURAL;ESCOLA ANTÔNIO GREGÓRIO DO NASCIMENTO;BELÉM
CRUZ;30;366;CENTRO;ESCOLA MARIA PEREIRA BRANDAO;RUA VEREADOR MUNDICO MARTINS 642
CAUCAIA;37;435;GRILO;E.E.I.E.F. MARIA DAS DORES LIMA;RUA JOSE EMILIO DA ROCHA, 852 - PQ MALOUBER
INDEPENDÊNCIA;39;153;JATOBÁ;E.E.F. JOSE LEITE DE SOUSA ROSA;FAZENDA JATOBA
ITAPAJÉ;41;74;IRATINGA;E.E.M. ANTONIO CUSTÓDIO DE MESQUITA;RUA ANTONIO CUSTODIO DE MESQUITA 76
BEBERIBE;84;86;SERRA DO FELIX;CENTRO DE EDUCACAO MUNICIPAL BETESDA;BR-116 KM 111 - BOQUEIRAO DO CESARIO
BREJO SANTO;70;38;TIMBAUBA-SEDE;E E F AFONSO TAVARES DE LUNA;VILA TIMBAUBA
VÁRZEA ALEGRE;62;104;DISTRITO DE RIACHO VERDE;EEF RAIMUNDO MENDES DE FREITAS;SÍTIO GANGORRA
CAUCAIA;37;505;CUMBUCO;E.E.F. HELENA DE AGUIAR DIAS;AV DOS COQUEIROS, S/N
CHORÓ;6;186;CAIÇARINHA;EEIF RAIMUNDO ARAUJO;CAICARINHA, S/N, SEDE
INDEPENDÊNCIA;39;194;SAO JOAQUIM;E.E.F. MUNICIPAL ANTONIO FERREIRA CHAVES;LOCALIDADE DE SAO JOAQUIM
AMONTADA;89;131;ICARAÍ;EEBTI MARIA ALVES SOBRINHA;PRAÇA DA MATRIZ
MASSAPÊ;45;42;ZONA RURAL;EEF SANTO ANTONIO;DISTRITO DE TANGENTE
AQUIRAZ;66;10;CENTRO;EMEF LAIS SIDRIM TARGINO;PRAÇA PADRE MATIAS  N 55
AIUABA;101;2;CENTRO;EEM JOSÉ FERREIRA BARBOSA;RUA 7 DE SETEMBRO S/N
QUIXADÁ;6;241;CENTRO;CENTRO UNIVERSITÁRIO CATÓLICA DE QUIXADÁ - UNICATÓLICA;AVENIDA PLÁCIDO CASTELO, S/N
MONSENHOR TABOSA;61;141;CENTRO;ESCOLA INDÍGENA DE MONSENHOR TABOSA;RUA SANTO ANTONIO 124
ARARIPE;68;2;CENTRO;ESCOLA MODELO - PROFESSORA CÍCERA GERMANO CORREIA - SEDE;RUA MOACIR DE SOUZA ROCHA, S/N
JUCÁS;43;146;ALTO DO TÓ - SEDE;CENTRO EDUCACIONAL JUCAENSE - CEJUC;RUA JOSÉ GERSON DUARTE, S/N
ICAPUÍ;8;299;CENTRO;EEF. PROFESSORA MIZINHA;AV. 22 DE JANEIRO 5183
BARREIRA;52;74;CENTRO;ESCOLA FRANCISCA AMÉLIA DA SILVA;AV MÃE SINFOROSA, SN
MORADA NOVA;47;279;GIRILANDIA;SINDICATO DOS TRABALHADORES RURAIS DE MORADA NOVA;RUA CEL TIBURCIO, 80
TRAIRI;97;35;BARRINHA DO NORTE;EEF DONA OLGA RIBEIRO;BARRINHA DO NORTE
INDEPENDÊNCIA;39;202;SANTA CRUZ;E.E.F.JOSÉ SOARES DA SILVA;SANTA CRUZ
JAGUARUANA;75;122;ANTONOPOLIS;C.E.I. ANTONIO VALENTE FILHO;ANTONOPOLIS
JUAZEIRO DO NORTE;119;29;SANTA TEREZA;COLÉGIO MILITAR DE JUAZEIRO DO NORTE;CASTELO BRANCO SN
SÃO LUÍS DO CURU;23;345;COLONOS-POVOADO;E.E.B DIONÍSIO RIBEIRO LUZ;NÚCLEO G, SN - ZONA RURAL
FORTALEZA;94;527;QUINTINO CUNHA;EEFM DOM HELDER CAMARA;RUA ROSINHA SAMPAIO 1157
URUBURETAMA;23;217;TAMBOATÁ / ZONA RURAL;EEF JOAQUIM BARROSO BRAGA;TAMBOATA
ARACATI;8;24;CENTRO;COLEGIO MARISTA DE ARACATI;PRAÇA SÃO MARCELINO CHAMPAGNAT, 1
CANINDÉ;33;488;SANTA LUZIA;EEEP PROFESSOR JOSÉ VIDAL ALVES;AV. LUCIANO MAGALHÃES, S/N
FORTIM;8;281;GUAJIRU;EEFTI. EDSON BARBOSA;GUAJIRU
FORTALEZA;94;892;PADRE ANDRADE;EEMTI MONSENHOR DOURADO;AVENIDA SARGENTO HERMÍNIO SAMPAIO 4600
IRAUÇUBA;41;179;PASSARINHO;ESCOLA MUNICIPAL FRANCISCO PACHECO DE CASTRO;PASSARINHO
UBAJARA;73;197;DOMICIO PEREIRA;CEI - CENTRO DE EDUCAÇÃO INFANTIL;RUA VEREADORA JULIETA DE LOBÃO PEREIRA, S/N
BATURITÉ;5;66;CENTRO-SEDE;EMEF MONSENHOR MANOEL CANDIDO;PRAÇA DA MATRIZ, SN
ARACATI;8;21;CENTRO;E.E.F. FRANCISCO SABOIA BARBOSA;RUA DUQUE DE CAXIAS 1990
VARJOTA;65;156;BALNEARIO;E.E.I. JOSÉ NEVES DAMASCENO - CRECHE BALNEÁRIO;RUA ANTÔNIO DE OLIVEIRA, S/N
CAMOCIM;32;247;OLINDA;EEF EDUARDO NORMANDIA DE ALBUQUERQUE - BAIRRO NOVA OLINDA;NOVA OLINDA II, 367
FORTALEZA;82;226;PIRAMBU;CENTRO EDUCACIONAL MOEMA TÁVORA;RUA MARCÍLIO DIAS, 485
ARACATI;8;11;CENTRO;INSTITUTO SAO JOSE;RUA CEL ALEXANDRINO 563
ACARAÚ;30;188;ZONA RURAL;ESCOLA MARIA NAZARE VIANA;AROEIRA II
BREJO SANTO;70;238;VILA CAVACO;CEI FRANCISCA ALVES TAVARES;VILA CAVACO
TABULEIRO DO NORTE;91;49;OLHO D'ÁGUA DA BICA;EEMTI ANTONIO VIDAL MALVEIRA;OLHO D'ÁGUA DA BICA
FORTALEZA;95;257;BARROSO;EEFM PROFESSOR  ALOYSIO BARROS LEAL;RUA 10,  LOT. PRQ.VERDE 28 (CJ JOAO PAULO II)
MAURITI;76;1;CENTRO;CENTRO DE PASTORAL PE. ARGEMIRO ROLIM DE OLIVEIRA;RUA PADRE MACEDO, S/N
QUIXADÁ;6;251;CAMPO NOVO;POLO DE ATENDIMENTO DO CAMPO NOVO;AV PRESIDENTE VARGAS, S/N
AMONTADA;89;204;MOSQUITO;IGREJA NOSSA SENHORA DA LIBERTAÇÃO;PIRINEUS
ITAPAJÉ;41;255;BARATEIRO;ESCOLA MUNICIPAL JOAO MARTINS TEIXEIRA;BR 222, KM 125
SOBRAL;121;114;CENTRO;CENTRO DE INOVAÇÃO CADEIA CRIATIVA DE SOBRAL;RUA DESEMBARGADOR MOREIRA 1030
MOMBAÇA;46;107;VILA IRACEMA;ESCOLA DE ENSINO FUNDAMENTAL PLÁCIDO ADERALDO CASTELO;AV. ANTONIO JAIME BENEVIDES FILHO
QUIXERAMOBIM;11;197;JOSE AURELIO CAMARA;ESCOLA CEL VIRGILIO TAVORA- CIDADE;RUA FAUSTO COSTA 180
JUCÁS;43;39;CENTRO - SEDE;ESCOLA DE ENSINO MÉDIO LUIZA TAVORA;RUA HILDELY CAVALCANTE 120
PACAJUS;49;183;PAJEU;EEF PROFA EDITE NOGUEIRA DA COSTA (ANT CEI PARAISO DA CRIANÇA);RUA PROJETADA S/N
ORÓS;15;297;PALESTINA - DISTRITO;E.E.F. MANOEL LEITE BARBOSA;RUA 07 DE SETEMBRO, S/N
MARANGUAPE;4;7;CENTRO - MARANGUAPE;COLÉGIO SEBASTIÃO DE ABREU;RUA ROBERTO BRAQUEHAIS, 656
FORTALEZA;82;676;ÁLVARO WEYNE;EM ALDEÍDES RÉGIS;RUA IRINEU DE SOUSA, 176
IBARETAMA;6;383;DISTRITO DE OITICICA;EMEIF JÚLIO JOSÉ PEREIRA;BARREIROS
GUARACIABA DO NORTE;74;135;DISTRITO;E.E.I.F. JOAO EUFRASIO FILHO;MOCAMBO - VARZEA DOS ESPINHOS
COREAÚ;64;134;Mota;MOTA - ESCOLA MUN. RDO. BARROSO TABOSA;LOCALIDADE MOTA
PARAMBU;19;367;NOVO ASSIS;ESCOLA MANOEL DE SOUSA;SÍTIO AÇUDE
MARANGUAPE;4;100;AMANARI;EMEF MATIAS BECK;RUA TEIXEIRA DE SOUSA, 23
ARARENDÁ;48;85;LAGOA DE SANTO ANTONIO;E. E. F. M.  FIRMINO JOSÉ;DISTRITO DE LAGOA DE SANTO ANTONIO
MAURITI;76;32;PALESTINA DO CARIRI-DISTRITO;EEF OSSIAN ARARIPE;VILA DNOCS
FORTALEZA;82;658;MONTE CASTELO;EM PROFESSOR MARTINZ DE AGUIAR;RUA BERNARDO PORTO, 470
TRAIRI;97;53;CORREGO FUNDO;EEF ANTONIO ROBESPIERRE VIANA;CORREGO FUNDO
JUAZEIRO DO NORTE;28;97;PIO XII;EMTI FIGUEIREDO CORREIA;PRACA DA CONCEICAO S/N
FORTALEZA;83;768;DOM LUSTOSA;ESCOLA MUNICIPAL MURILO SERPA;RUA MONSENHOR HIPOLITO BRASIL 1400
FORTALEZA;113;411;VILA UNIÃO;COLÉGIO ART E MANHA;RUA SÃO MATEUS, 1020
FORTALEZA;95;291;JANGURUSSU;EMEIEF MARTHA DOS MARTINS COELHO GUILHERME;RUA 313, 243, CONJUNTO SÃO CRISTÓVÃO
URUBURETAMA;23;59;SANTA LUZIA - ZONA RURAL;EEF DAVI SALES PINHEIRO;SANTA LUZIA
IBARETAMA;6;221;DISTRITO DE PIRANGI;EMEIF ANTÔNIO CANDIDO DE LIMA;TRAVESSIA - DISTRITO DE PIRANGI
SOBRAL;121;52;CENTRO;EEFM DR JOAO RIBEIRO RAMOS;RUA CONSELHEIRO JOSE JULIO
SANTANA DO ACARAÚ;44;95;RIACHO VERDE;GRUPO ESCOLAR SAO JOSE -  RIACHO VERDE;RIACHO VERDE
FORTALEZA;3;214;CENTRO;COLÉGIO ARI DE SÁ - PRÉ-VESTIBULAR - SEDE DUQUE DE CAXIAS;AV. DUQUE DE CAXIAS, 519
FORTALEZA;2;830;PAUPINA;EM CÔNEGO FRANCISCO PEREIRA DA SILVA;RUA LUÍS FRANCISCO XAVIER, 256
PARACURU;109;40;CENTRO;E. M. E. F. ANTONIO SALES;RUA CAP JOSE TELES, S/N
FORTALEZA;115;457;MANOEL SÁTIRO;EM HENRIQUETA GALENO;RUA MAJOR MONTENEGRO 917
ASSARÉ;18;88;ZONA RURAL;ESCOLA JOAQUIM ROMEIRO DA SILVA;SITIO VARZEA COMPRIDA
MASSAPÊ;45;112;CRUZEIRO;EEEP FRANCISCA NEILYTA CARNEIRO ALBUQUERQUE;RODOVIA CE362 KM 81 S/N
QUIXERAMOBIM;11;204;VILA SAO PAULO;ESCOLA ZILA ZILDA CARNEIRO;RUA CLEODON SIQUEIRA 1201
CRUZ;30;233;ZONA RURAL;ESCOLA PEDRO MARQUES DA CUNHA;SOLIDAO
IBIAPINA;73;52;DISTRITO DE ALTO LINDO;UBS DO ALTO LINDO;AV NOSSA SENHORA DAS GRAÇAS, S/N
BELA CRUZ;96;9;CENTRO-SEDE;EEEP JULIO FRANÇA;RUA CEL. DUCA, 1051
JARDIM;119;353;CENTRO;CRECHE TIO MICKEY;RUA VEREADOR LUIZ JORGE 332
FORTALEZA;94;671;VILA VELHA;EMEIEF PROF JOSE PARSIFAL BARROSO;AV MAJOR ASSIS 1076
BREJO SANTO;70;200;CENTRO-SEDE;EEF PROFESSOR PEDRO GOMES DA SILVA BASILIO;RUA MANOEL ANTONIO CABRAL 489
FORTALEZA;112;462;EDSON QUEIROZ;UNIVERSIDADE DE FORTALEZA - UNIFOR;AVENIDA WASHINGTON SOARES, 1321
FORTALEZA;118;526;PASSARÉ;EM DELMA HERMÍNIA DA SILVA PEREIRA;AVENIDA PRESIDENTE COSTA E SILVA, 5606
JUAZEIRO DO NORTE;28;10;HORTO;EMEFTI VEREADOR FRANCISCO BARBOSA DA SILVA;RUA BOM JESUS DO HORTO
NOVO ORIENTE;99;4;CENTRO;EEF FRANCISCO RUFINO VIEIRA;RUA CAPITAO RODRIGO S/N
NOVO ORIENTE;99;19;CENTRO;EEM COELHO MASCARENHAS;RUA SAO JOSE S/N
FORTALEZA;117;187;CONJUNTO ESPERANÇA;EEFM IRAPUAN CAVALCANTE PINHEIRO;AV E 305
ITAPAJÉ;41;72;PITOMBEIRA;ESCOLA MUNICIPAL ZECA PARAIBA;VILA PITOMBEIRA
BATURITÉ;5;74;CONSELHEIRO ESTELITA-SEDE;CENTRO REGIONAL INTEGRADO ADMINISTRATIVO - CRIA;AV FRANCISCO BRAGA FILHO, 1015
SANTA QUITÉRIA;54;132;DISTRITO DE LISIEUX;E.E.F. DONA LIVRAMENTO ARAÚJO;DISTRITO DE LISIEUX
JUAZEIRO DO NORTE;119;253;AEROPORTO;ESCOLA CICERA GERMANO CORREIA;RUA SEBASTIAO REGIS SN
FORTALEZA;93;309;PLANALTO AYRTON SENNA;CENTRO SOCIOEDUCATIVO CARDEAL ALOÍSIO LORSCHEIDER - CSCAL;RUA IPAUMIRIM, 830
GUAIÚBA;57;217;ITACIMA;ESCOLA DE 1 GRAU FRANCISCO ALVES SALDANHA;CARRAPATEIRA
CAUCAIA;37;458;PARQUE SOLEDADE;E.E.F. CORALIA GONZAGA SALES;RUA NAPOLEAO BONAPARTE VIANA, S/N
JUAZEIRO DO NORTE;119;269;JOAO CABRAL;ESCOLA LILI NERY;RUA PADRE ALCANTARA, 1000
JUAZEIRO DO NORTE;119;467;LAGOA SECA;ESCOLA DOUTOR MOZART CARDOSO DE ALENCAR;ARNOBIO BACELAR CANECA
SÃO BENEDITO;22;231;SITIO CARNAUBA;ASSOCIACAO COMUNITARIA CARNAUBA 1;SITIO CARNAUBA I
GENERAL SAMPAIO;50;32;CONJUNTO SÃO JOSÉ;EMEF JOSÉ BEZERRA FILHO;RUA FILOMENO BARBOSA DE OLIVEIRA, S/N
FORTALEZA;2;472;GUAJERU;EEEP COMENDADOR MIGUEL GURGEL;RUA JOSE BAIMA, S/N
IGUATU;13;56;COCOBÓ;ESCOLA DE ENS FUND ELZE LIMA VERDE MONTENEGRO;DARIO RABELO
MARACANAÚ;104;165;PAJUÇARA;EMEIEF ANTÔNIO DE ALBUQUERQUE SOUSA FILHO;RUA SENADOR PETRÔNIO PORTELA, 145
FORTALEZA;85;140;CONJUNTO CEARÁ I;COLÉGIO LUÍZA TÁVORA;RUA 1050, N 171, 4 ETAPA
LIMOEIRO DO NORTE;29;152;ÁREA RURAL;CEI MARIA PINHEIRO DA SILVA;SETOR NH5
JAGUARIBE;10;45;DISTRITO DE NOVA FLORESTA;EEIF ULISSES PARANHOS MAIA;RUA FRANCISCO GOMES DE CASTRO, 399
REDENÇÃO;52;87;DISTRITO DE GUASSI;ESCOLA MAJOR HORTÊNCIO HENRIQUE DAMASCENO;SITIO SANTO ANTÔNIO - SERRINHA BELA
IGUATU;13;135;PENHA;ESCOLA DE ENS FUND MARIA SELVITA BEZERRA;VILA PENHA
AQUIRAZ;66;139;TAPERA;EMEF PLACIDO CASTELO;RUA ASSIS BENTO DE FREITAS, 970 - BARRINHA
IRAUÇUBA;41;3;JUA;EEIF IELDA TEIXEIRA FERNANDES;JUA
CAMOCIM;32;88;ZONA RURAL;EEF FRANCISCO BENEDITO DOS SANTOS - BURITI;LOCALIDADE DE BURITI
BREJO SANTO;70;15;SAO FRANCISCO-SEDE;CEJA MUNICIPAL JOÃO LANDIM DA CRUZ;RUA JOAQUIM INACIO DE LUCENA 504
GRANJA;25;36;SANTA TEREZINHA;E.E.F. FRANCISCA FONTENELE SOUSA BATISTA;RUA DONA MARIA SOUSA, S/N
CAUCAIA;37;432;ALTO DO GARROTE;E.E.F. JOSE PONTES FILHO;RUA ZEZITO PONTES, S/N
VIÇOSA DO CEARÁ;35;96;SITIO CACIMBINHA;ANEXO HORÁCIO FONTENELE MAGALHÃES;SITIO CACIMBINHA
EUSÉBIO;88;243;PARQUE HAWAÍ;CEI ALISSON SILVA DOS SANTOS;RUA IRMÃ AMBROSINA, S/N
TURURU;17;626;CEMOABA / ZONA RURAL;EMEF MARIA LUNGA MOREIRA;RUA PRINCIPAL
BARROQUINHA;108;53;CENTRO;EEF CARMELITA VERAS DE PAULA;RUA AMBROZINA FÉLIX, 443
PACAJUS;49;375;BANGUE II;EEF FRANCISCO DA SILVA FILHO;RUA MARIA AMÉLIA DA SILVA 13
MOMBAÇA;46;66;CENTRO;E. E. F. M. DIVINO SALVADOR;RUA FRANCISCO JOSE DE OLIVEIRA SN                 SEDE
TAUÁ;19;96;TRICI;ESCOLA JOSEFA PEREIRA DE SENA;SANTA LUZIA
ALTO SANTO;86;70;VILA ORIENTE;ESCOLA DE 1 GRAU JOAO BEZERRA DE SOUZA;VILA ORIENTE
MARACANAÚ;122;173;SIQUEIRA (siqueira 2);EMEF VALDENIA ACELINO DA SILVA;RUA IRINEU MACHADO, 1250
MOMBAÇA;46;42;CENTRO;E. E. F. M. ANANIAS DO AMARAL VIEIRA;RUA CORONEL JOSÉ ADERALDO SN
BARBALHA;31;132;MALVINAS;CEI ANTÔNIA DOLORES DE SÁ BARRETO (MALVINAS);RUA P-10, 26 (EM FRENTE A SOAFA MALVINAS)
FORTALEZA;83;20;BELA VISTA;ESCOLA MUNICIPAL DOM JOSÉ TUPINAMBA DA FROTA;RUA VIRIATO RIBEIRO 1031
FORTALEZA;83;324;DEMOCRITO ROCHA;ESCOLA MUNICIPAL JOSÉ BONIFÁCIO DE SOUSA;RUA PERNAMBUCO 600
TRAIRI;97;46;TAMANDUA;EEF NOSSA SENHORA DE FÁTIMA TAMANDUA;TAMANDUA
ARNEIROZ;101;55;CENTRO - SEDE;GRUPO MUNICIPAL MARIA ANGELIM PETROLA;RUA CEL VIRGILIO TAVORA 48
CATARINA;60;259;SEDE;EEF JOSE FERREIRA LIMA;LAGOA DO ARROZ
MISSÃO VELHA;16;17;SEDE;CENTRO ADMINISTRATIVO PEDRO ROCHA;RUA CORONEL JOSE DANTAS, 1038. CENTRO.
FORTALEZA;85;305;ANTÔNIO BEZERRA;EEFM ANTONIO BEZERRA;RUA PADRE PERDIGAO SAMPAIO 780
FORTALEZA;118;571;BOA VISTA-CASTELÃO;EEFM PROFESSORA MARIA GONCALVES;RUA N S DO MONTE CARMELO S/N
MARCO;96;177;LOCALIDADE DE MOCAMBO;EEMTI FRANCISCO PORCIANO FERREIRA;MOCAMBO
TABULEIRO DO NORTE;91;80;CENTRO;ESCOLA  ANTÔNIO ALVES MAIA;RUA CEL. PIO GADELHA, 4683
FORTALEZA;82;107;CRISTO REDENTOR;CCDH - CENTRO DE CIDADANIA E DIR. HUMANOS - GOV. VIRGÍLIO TÁVORA;AV. MONSENHOR HELIO CAMPOS, 178
FORTALEZA;115;362;MANOEL SÁTIRO;EM MARIA VIVIANE BENEVIDES GOUVEIA;RUA CREUZA ROQUE 247
COREAÚ;64;32;Araquém;ARAQUÉM - ESCOLA MUN. STO. ANTÔNIO;AV. SÃO SAMUEL FÉLIX DA CUNHA, 128 - DISTRITO DE ARAQUÉM, COREAÚ/CE
SÃO BENEDITO;22;227;SITIO JACARANDÁ;EEF PEDRO JOSE DA SILVA;SITIO JACARANDAR
CAUCAIA;37;378;ITAMBE;E.E.F. FLAVIO PORTELA MARCILIO;RUA 05, 23 - CONJ. VICENTE ARRUDA
MORAÚJO;64;102;ENJEITADO;ENJEITADO - ESCOLA MUN. CAPISTRANO DE QUEIROZ;LOCALIDADE DE ENJEITADO
CANINDÉ;33;18;ZONA RURAL;CERU JOAO AMARO DE SOUSA;DISTRITO DE SALITRE
TRAIRI;97;108;CANAA;EEF JOSE FIRMINO DA CUNHA;CANAA
PARAMOTI;111;157;ZONA RURAL;ESCOLA MUNICIPAL FRANCISCO SIMÃO;LOCALIDADE MELADO
ACARAÚ;30;348;BAILARINA;ESCOLA PROF. JOELINA RIBEIRO RAMOS VIANA;RUA NEON SALES SN
FORTALEZA;82;660;CARLITO PAMPLONA;EM TERTULIANO CAMBRAIA;RUA MONSENHOR ROSA, 946
FORTALEZA;112;125;ENGENHEIRO LUCIANO CAVALCANTE;ESCOLA DE ENSINO MÉDIO EM TEMPO INTEGRAL JOHNSON;RUA GONTRAN GIFFONI, 461
BOA VIAGEM;63;100;IBUACU;EEF FIRMINO LOPES XAVIER;ALTO GRANDE
QUIXELÔ;13;214;ÁREA RURAL DE QUIXELÔ;ESCOLA DE ENS FUND JOÃO VICENTE DA SILVA;SITIO GASPAR
ARACATI;8;7;CENTRO;INSTITUTO SAO JOSE;RUA CEL ALEXANDRINO 563
FORTALEZA;95;183;CAJAZEIRAS;DNIT;RODOVIA BR-116, KM 06
ICÓ;15;156;AROEIRAS - SITIO;E.M.PROFª MARIA SILVA BARROS;SITIO AROEIRAS S/N
HORIZONTE;78;121;QUEIMADAS;EEM QUILOMBOLA ANTÔNIA RAMALHO DA SILVA;RUA MARIA JOSÉ NOGUEIRA, 2255 - QUEIMADAS
SANTANA DO CARIRI;53;62;CENTRO;CREI MARIA LUIZA DE SOUSA;RUA DR. JOSE AUGUSTO, 508
JUAZEIRO DO NORTE;119;372;PREFEITO CARLOS ALBERTO DA CRUZ;URCA - CAMPUS CRAJUBAR (TRIÂNGULO);AVENIDA LEÃO SAMPAIO, 107
FORTALEZA;1;384;VICENTE PINZON;ESCOLA PROFISSIONAL MARIA ANGELA DA SILVEIRA BORGES;RUA PINTOR ANTONIO BANDEIRA, S/N
BANABUIÚ;6;446;SITIÁ;EEF VANDERLEI DA SILVA AGUIAR;BARRA DO SITIÁ
AMONTADA;89;108;ARACATIARA;EEBTI PROF LUIZA TELES;RUA JOSE ABDON SARAPIÃO DE BARROS
ICÓ;15;60;TRES BODEGAS - POVOADO;ESCOLA MUNICIPAL ANTONIO FERREIRA DE CARVALHO;RUA DIOMEDES ARRUDA TORRES, 111
JAGUARETAMA;72;2;CENTRO;ESCOLA PRIMEIRO GRAU DR RAUL BARBOSA (CRECHE CHAPEUZINHO VERMELHO);RUA RIACHO DO SANGUE, 599
PACATUBA;57;342;CONJUNTO JEREISSATI II;EEIEF JOAO PAULO SAMPAIO DE MENEZES;RUA 74 SETOR G, 900
FORTALEZA;112;275;JARDIM DAS OLIVEIRAS;EEMTI MIRIAN PORTO MOTA;RUA DAS CASTANHOLAS, S/N
MARANGUAPE;4;546;NOVO MARANGUAPE I (ÁREA VERDE) - MARANGUAPE;EMEF JOSÉ FERNANDES VIEIRA;RUA PEDRO MOREIRA VASCONCELOS, 125
MARANGUAPE;4;645;NOVO PARQUE IRACEMA - MARANGUAPE;EMEF NILO PINHEIRO CAMPELO;RUA NILO CAMPELO, 48
CARIÚS;43;192;CAIPU-DISTRITO;POSTO DE SAUDE DO CAIPU;VILA CAIPU
MOMBAÇA;46;26;BOA VISTA;CENTRO EDUCACIONAL RURAL DE BOA VISTA;BOA VISTA
PACUJÁ;79;194;BOM GOSTO;E.E.I.F. VALFRIDO SALMITO DE ALMEIDA;SÍTIO BOM GOSTO, S/N
MARACANAÚ;122;108;INDUSTRIAL;EMEF VINICIUS DE MORAIS;RUA N NO. 425 (ESPLANADA DO MONDUBIM)
MARACANAÚ;122;163;NOVO MARACANAU;EMEF PRESIDENTE TANCREDO NEVES;RUA 06 COM RUA 02 S/N
SANTANA DO ACARAÚ;44;83;DISTRITO PARAPUI;EEF RAIMUNDO CAMÕES VIANA;RUA CAMOES VIANA S/N
BREJO SANTO;70;201;SAO FELIPE-DISTRITO;ESCOLA MUNICIPAL JOAQUIM TAVARES DE LUNA;VILA OLHO DAGUA
BEBERIBE;84;151;PARIPUEIRA;ESCOLA MUNICIPAL PINHEIRO DE LIMA;JUAZEIRO
SÃO BENEDITO;22;56;SITIO CARNAUBAL DOS MEDEIROS;EEF CARNAUBAL DOS MEDEIROS;SITIO CARNAUBAL DOS MEDEIROS
JUCÁS;43;43;CENTRO - SEDE;ESCOLA DE ENSINO MÉDIO LUIZA TAVORA;RUA HILDELY CAVALCANTE 120
JAGUARUANA;75;134;TABULEIRO;E.E.F. MONSENHOR ALUISIO DE CASTRO FILGUEIRAS;RUA JOAO FRANCISCO RODRIGUES 1384
FORTALEZA;112;395;SAPIRANGA-COITÉ;EEMTI PROFESSORA TECLA FERREIRA;RUA FRANCISCA BEZERRA, 417
JUAZEIRO DO NORTE;119;374;AEROPORTO;COLÉGIO ESTRELA;AVENIDA DEPUTADO DUARTE JUNIOR, 457
FORTALEZA;2;805;MESSEJANA;CLUBE DA CAIXA;AVENIDA FREI CIRILO 4700
CRATO;27;260;PINTO MADEIRA;CENTRO DE ESPECIALIDADES DO CRATO;RUA JOSÉ MARROCOS 471
CRATO;27;275;VILA ALTA;CENTRO DE EDUCAÇÃO INFANTIL MANOEL ALMINO;RUA DOUTOR RAIMUNDO NORÕES DE MILFONT, 552
CRATO;27;333;SANTA FÉ;EEIEF JOSÉ PEIXOTO DE LIMA;SÍTIO SANTO ANTÔNIO, SN
QUITERIANÓPOLIS;99;77;ZONA RURAL;EEIF JOSÉ GONÇALVES LIMA;GAVIAO
FORTALEZA;112;478;SAPIRANGA-COITÉ;EM IRMA SIMAS;RUA JOSE SOBREIRA, 608
EUSÉBIO;88;129;JABUTI;EEF MARIO SALES;RUA MARIO SALES, 319 - JABOTI
GRANJA;25;195;CAJUEIRO DOS COUTINHOS;E.E.F. JONAS RIBEIRO DOS SANTOS;CAJUEIRO DOS COUTINHOS
REDENÇÃO;52;25;DISTRITO DE ANTÔNIO DIOGO;ESCOLA CECÍLIA PEREIRA;RUA TEREZA CRISTINA, N. 295 - CENTRO
LIMOEIRO DO NORTE;29;37;CENTRO;EEM LAURO REBOUCAS DE OLIVEIRA;RUA DOS EXPEDICIONARIOS 2921
JUAZEIRO DO NORTE;119;433;SAO JOSE;CRECHE JOSE PERBOYRE SAMPAIO SABIA;RUA MOESIO SOUZA SILVA, S/N
INDEPENDÊNCIA;39;14;CENTRO;GRUPO ESCOLAR JERONIMO ALVES DE ARAUJO;RUA SANTA TERESINHA S/N
ANTONINA DO NORTE;18;3;CENTRO;ESCOLA DE ENSINO FUNDAMENTAL 8 DE MAIO;RUA ANTONIO MOTA 50
JUAZEIRO DO NORTE;28;29;FRANCISCANOS;ECIM DOUTOR EDVAR TEIXEIRA FERRER;DOM PEDRO II 1643
ALCÂNTARAS;24;559;SITIO SILVA;EEFI JOSE DAVID PORTELA;SITIO SILVA
RERIUTABA;79;37;CAMPO LINDO;E.E.I.F. ANTÔNIO ALVES DE SOUSA;POVOADO DE CAMPO LINDO - ZONA RURAL
FORTALEZA;117;266;PARQUE SÃO JOSÉ;CITS PARQUE SÃO JOSÉ - CENTRO DE INCLUSÃO TECNOLÓGICA E SOCIAL;RUA CÔNEGO DE CASTRO, 3955
PACAJUS;49;299;ITAIPABA;CEI MUNDO MAGICO;RUA JOAO ALVES DA COSTA
CROATÁ;74;46;SEDE;ESCOLA DE ENSINO MEDIO FLAVIO RODRIGUES;CENTRO
CAUCAIA;37;565;CAMURUPIM;E.E.I.E.F. SÃO SEBASTIÃO;RUA LUIS DA CUNHA LIMA, S/N
CARIRIAÇU;71;115;SÍTIO BANANEIRAS;EEIF ANTONIO FRANCISCO CALIXTO;SÍTIO BANANEIRAS
FORTALEZA;85;142;CONJUNTO CEARÁ I;EEEP PROFESSOR CESAR CAMPELO;RUA 717, N.164, 3 ETAPA
FORTALEZA;115;40;ITAPERI;UNIVERSIDADE ESTADUAL DO CEARA - UECE;AV DR. SILAS MUNGUBA, 1700
IPAUMIRIM;92;129;FELIZARDO-DISTRITO;E.E.F.T.I. VICENTE FELIZARDO VIEIRA;RUA ARGEMIRO FELIZARDO VIEIRA, S/N
AQUIRAZ;66;324;BARRO PRETO;EMEF RAIMUNDA FERREIRA DA SILVA;RUA MESTRE CHAGAS S/N
BATURITÉ;5;112;CONSELHEIRO ESTELITA-SEDE;SECRETARIA DO DESENVOLVIMENTO ECONÔMICO E SOCIAL - SEDES (ANTIGO CSU);AV FRANCISCO BRAGA FILHO, SN
MORADA NOVA;47;182;GIRILANDIA;SINDICATO DOS TRABALHADORES RURAIS DE MORADA NOVA;RUA CEL TIBURCIO, 80
FORTALEZA;82;197;MONTE CASTELO;EM FAUSTINO DE ALBUQUERQUE;RUA AMARO CAVALCANTE, 89
MARCO;96;126;DISTRITO DE PANACUI;EEF SENADOR VIRGILIO TAVORA;RUA JOSE DOMINGOS, S/N
RERIUTABA;79;29;BARRO VERMELHO;E.E.F. HORIZONTE DO SABER;RUA ANTÔNIO PINTO, S/N
QUIXADÁ;6;272;TAPUIARA;EEF MARIA CLEIDE CAPISTRANO DE OLIVEIRA;LAGOA REDONDA, II
CAUCAIA;37;620;PACHECO;E.E.F. ADRIANO MARTINS;RUA ADRIANO MARTINS, S/N
CARNAUBAL;22;131;SEDE;ESCOLA COSME RODRIGUES DE SOUSA;RUA PRESIDENTE MEDICE SN
JAGUARIBE;10;89;CRUZEIRO;ESCOLA DE ENSINO FUNDAMENTAL E MEDIO CORNELIO DIOGENES;BR 116 KM 300
QUIXELÔ;13;217;ÁREA RURAL DE QUIXELÔ;PSF DA LAGOA DO PE DA SERRA;LAGOA DO PE DA SERRA-SITIO
IRAUÇUBA;41;126;MISSI;ESCOLA MUNICIPAL JOSEFA CLOTILDE TABOSA BRAGA;RUA ANARIO BRAGA SN
TURURU;17;637;ALTO DA PAZ;EMEF CECILIA SIQUEIRA;AV JOAO PATRICIO 583
ARNEIROZ;101;51;CENTRO - SEDE;GRUPO MUNICIPAL MARIA ANGELIM PETROLA;RUA CEL VIRGILIO TAVORA 48
PACAJUS;49;14;BURITI;CENTRO DE EDUCACAO MUNICIPAL DE PACAJUS;RUA TABELIAO JOSE GAMA FILHO 734
CAUCAIA;37;158;CARAÚBAS;E.E.F. JOAQUIM DA ROCHA FRANCO;AVENIDA JOAQUIM DA ROCHA, S/N
ITAIÇABA;75;117;BAIXO GIQUI;ESCOLA MARIA VIANA BARBOSA;BAIXO GIQUI
CRATEÚS;20;139;MONTENEBO;ESCOLA DE CIDADANIA LUIZ XIMENES DE ARAGAO;ROSARIO
IGUATU;13;367;VILA BRASILIA;LICEU DE IGUATU DR JOSE GONDIM;RUA 25 DE MARCO S/N
FORTALEZA;117;359;CONJUNTO ESPERANÇA;COLEGIO SANTA HELENA;AV CONTORNO NORTE 819
ARACATI;8;227;ILHA SÃO JOSÉ;ASSOCIAÇÃO BENEFICENTE DA ILHA SÃO JOSÉ;ILHA SAO JOSE
FORTALEZA;118;218;PASSARÉ;EEMTI INTEGRADA 2 DE MAIO;AVENIDA DA SAUDADE, S/N
PENTECOSTE;50;53;CENTRO;CENTRO EDUCACIONAL JOÃO XXIII;AVENIDA TABELIÃO FRANCISCO ALVES, 344
GRANJA;25;171;TIMONHA;E.E.F. LUIZ MACHADO MENDES;TRAVESSA SANTA LUZIA, 753
CAUCAIA;37;493;MATOES;E.E.I.E.F. PAULO FERREIRA DA ROCHA;RUA BOA ESPERANÇA, S/N
BEBERIBE;84;175;SEDE;ESCOLA MUNICIPAL JOSE ROLDAO DE OLIVEIRA;CAETANOS
TAUÁ;19;221;MARROAS;EEF MERANDOLINO PEREIRA CAVALCANTE;BARRIGUDA
VÁRZEA ALEGRE;62;19;CENTRO;EEF DR. PEDRO SÁTIRO;RUA PADRE JOSE OTAVIO. SN
FORTALEZA;85;326;CONJUNTO CEARÁ I;EEFM DR UBIRAJARA INDIO DO CEARA - UV-7A;RUA SETECENTOS E CINQUENTA E UM, 192, 3A ETAPA
FORTALEZA;113;164;BOM FUTURO;ESC. PROFISSIONAL PE. JOÃO PIAMARTA;RUA PADRE JOÃO PIAMARTA, 161
CAUCAIA;123;367;MARECHAL RONDON (JUREMA);E.E.I.E.F. ECONOMISTA RUBENS VAZ DA COSTA;AVENIDA NOVO HORIZONTE, S/N
ABAIARA;26;2;CENTRO;ESCOLA BELARMINO LINS DE MEDEIROS;RUA EXPEDITO OLIVEIRA DAS NEVES 182
MARCO;96;141;LOCALIDADE DE MOCAMBO;EEMTI FRANCISCO PORCIANO FERREIRA;MOCAMBO
BATURITÉ;5;39;JUCA DO JOSE VILAR-FAZENDA;POSTO DE SAÚDE JOSE VILAR LOPES;JUCA DO JOSE VILAR
TABULEIRO DO NORTE;91;39;CENTRO;EMEF NOSSA SENHORA DE FÁTIMA;RUA JOÃO FERREIRA BRAÚNA, 191
NOVO ORIENTE;99;153;VILA FELIZ;ESCOLA ESTADUAL DE EDUCAÇÃO PROFISSIONAL MARIA EUDES BEZERRA VERAS;RUA ULISSES GUIMARÃES, S/N
MILAGRES;26;111;FRANCISCA DO SOCORRO;SOCIEDADE DE ASSISTENCIA A CRIANCA;RUA JOSE DE ALENCAR
SOBRAL;121;274;BONFIM;ESCOLA  AGRÍCOLA PAULO DE ALMEIDA SANFORD (POLO JOSE ARIMATEIA  ALVES;SETOR VI-SETOR VI SERROTE DO PIABA, S/N (ESTRADA BONFIM-JAIBARAS)
RUSSAS;9;274;FLORES;ESCOLA DE ENSINO FUNDAMENTAL E MEDIO MARIA DE LOURDES DE OLIVEIRA;RUA JOSE SABINO MENDES 2313
BEBERIBE;84;137;SUCATINGA;ESCOLA MUNICIPAL JOAO LOURENCO MONTEIRO;SITIO SANTO ANTONIO
SALITRE;38;141;ZONA RURAL, SALITRE/CE;E.E.I.F CLEMENTINO RIBEIRO DE ALENCAR - SITIO BAIXIO DO MOCO;SÍTIO BAIXIO DO MOCO
CASCAVEL;7;188;JACARECOARA;ESC.ENS.FUND. JOSÉ DIAS;CHORO ZABUMBA
SOBRAL;121;286;PEDRINHAS;ESCOLA MARIA DO CARMO ANDRADE;PRAÇA DR. JOSE EUCLIDES FERREIRA GOMES JUNIOR, S/N
IPUEIRAS;40;115;BOM SUCESSO;EEF JOÃO BOSCO SOARES - BOM SUCESSO;BOM SUCESSO
CRUZ;30;99;CENTRO;ESCOLA MARIA PEREIRA BRANDAO;RUA VEREADOR MUNDICO MARTINS 642
FORTALEZA;85;251;CONJUNTO CEARÁ I;ESCOLA PE JOSE ARIMATEIA DINIZ;RUA OITOCENTOS E DEZ, S/N, 3A ETAPA (AO LADO DA UPA)
MORADA NOVA;47;250;JUAZEIRO;EEB JOÃO CÂNDIDO DE SOUSA;ARUEIRA
PENAFORTE;70;343;CENTRO-SEDE;EEB JOAQUIM PEREIRA LIMA;RUA CICERO SOUSA DE OLIVEIRA
CAUCAIA;37;291;GRILO;E.E.I.E.F. MARIA DAS DORES LIMA;RUA JOSE EMILIO DA ROCHA, 852 - PQ MALOUBER
BREJO SANTO;70;408;MORRO DOURADO;ESCOLA MUNICIPAL MESTRE ZE LUIS SILVA RAMOS;RUA ANTONIO GERONIMO SILVA S/N
TAMBORIL;61;53;DISTRITO DE HOLANDA;EMTI FRANCISCO DE ASSIS GOMES RUFINO;RUA FRANCISCO DE ASSIS GOMES RUFINO
QUIXADÁ;6;273;CAMPO NOVO;EEM ABRAÃO BAQUIT;RUA REGINALDO LOPES, S/N
COREAÚ;64;29;Araquém;ARAQUÉM - ESCOLA MUN. STO. ANTÔNIO;AV. SÃO SAMUEL FÉLIX DA CUNHA, 128 - DISTRITO DE ARAQUÉM, COREAÚ/CE
CAUCAIA;120;321;SITIOS NOVOS;E.E.F. ALICE MOREIRA DE OLIVEIRA;RUA HENRIQUE MARTINS, S/N
CEDRO;13;470;ASSUNÇÃO;ESCOLA DE ENS FUND FLORIPES DO CARMO MOURA;ST UMARI TORTO
ACOPIARA;60;283;SEDE;ASSOCIAÇÃO DOS MORADORES DO SITIO ARARAS;SITIO ARARAS
BARREIRA;52;59;LAGOA GRANDE;ESCOLA PEDRO ALEXANDRINO DE LIMA;LAGOA GRANDE
ARATUBA;105;93;CENTRO-SEDE;PSF SAMIA ROSITA LESSA BOTELHO;LOCALIDADE DO URUBU
ITAPIPOCA;17;63;IPU MAZAGÃO;EEB FRANCISCA PINTO MARQUES;IPU MAZAGAO
CRUZ;30;383;ZONA RURAL;ESCOLA RAIMUNDA ELVIRA BRANDAO;LAGOA SALGADA
CARIDADE;111;68;CENTRO;EEFM CASEMIRO BEZERRA DE ARAUJO;RUA CEL FRANCISCO LINHARES 496
SÃO GONÇALO DO AMARANTE;36;322;TABULEIRO ALEGRE - CANECO AMASSADO;UNIDADE DE APOIO À SAUDE DA FAMILIA - TABULEIRO ALEGRE;POVOADO TABULEIRO ALEGRE
GRANJA;25;58;PARAZINHO;E.E.F.T.I. FRANCISCA CLEOMAR VERAS FREITAS (ANTIGA CERU);RUA JOSE MARTINS, S/N
FORTALEZA;85;129;AUTRAN NUNES;EMEIF AUTRAN NUNES;RUA PROFESSOR VIRGILIO MORAIS SN
TIANGUÁ;81;221;SEMINÁRIO;E.E.F. LAR DOCE LAR;RUA FRANCISCO GENTIL DE FARIAS 
AQUIRAZ;66;298;CENTRO;SENAC - SERVIÇO NACIONAL DO COMÉRCIO;RUA PEDRO BRASIL, N 210
NOVA RUSSAS;48;26;ALTO DA BOA VISTA;EMTI ALFREDO GOMES;RUA QUINTINO BOCAIUVA 520
BEBERIBE;84;79;SUCATINGA;EEM FRANCISCA MOREIRA DE SOUSA;RUA MOREIRA DA ROCHA 01 - CENTRO
REDENÇÃO;52;111;DISTRITO DE GUASSI;ESCOLA JOAQUIM SIMÃO DE OLIVEIRA;RUA JOAQUIM SIMÃO, N. 1112
MORADA NOVA;47;132;2 DE AGOSTO;CEI MARIA ROSALINA LOPES;RUA PEDRO COUTINHO DA SILVA
FORTALEZA;116;158;BOM JARDIM;EM SEBASTIAO DE ABREU;RUA GERALDO BARBOSA 1065
JUAZEIRO DO NORTE;28;397;SAO MIGUEL;CEJA PROFA. CÍCERA G. CORREIA;DO CRUZEIRO 1440
MORAÚJO;64;103;ANGICOS;ANGICOS - ESCOLA MUN. ANTº GONÇALVES MACHADO;LOCALIDADE DE ANGICOS, MORAÚJO/CE
SÃO JOÃO DO JAGUARIBE;91;119;CENTRO;EEF FRANCISCO GUERREIRO CHAVES;RUA CANDIDO CHAVES S/N
FORTALEZA;85;183;AUTRAN NUNES;EMTI MARIA DA HORA;RUA RAIMUNDO RIBEIRO, S/N
AQUIRAZ;66;76;TAPUIO;CENTRO DE EDUCAÇÃO E CIDADANIA MARIA DE CASTRO BERNARDO;RUA JOSE ADAMOR ABREU, S/N - DISTRITO JOAO DE CASTRO
CAUCAIA;120;391;PADRE JULIO MARIA;E.E.F. MARIA MOTA RODRIGUES;RUA CORONEL CORREIA, 3267
PARAIPABA;109;113;CENTRO;EEM ENGENHEIRO AGEU ROMERO;RUA EVARISTO GOMES 143
CRATO;27;280;BELMONTE;ASSOCIAÇÃO DOS MORADORES E AGRICULTORES DO SÍTIO BEBIDA NOVA;SÍTIO BEBIDA NOVA
IPUEIRAS;40;41;ENGENHEIRO JOÃO TOMÉ;EEF NOEMI VASCONCELOS - ENGENHEIRO JOÃO TOMÉ;RUA DOUTOR BRANDÃO, S/N
BEBERIBE;84;182;MORRO BRANCO;ESCOLA MUNICIPAL JOSE BESSA;MORRO BRANCO
TAMBORIL;61;33;DISTRITO DE SUCESSO;EEMTI JÁDER DE FIGUEIREDO CORREIA;RUA GOV VALDEMAR DE ALCANTARA - VILA SUCESSO
PEDRA BRANCA;59;48;BOM PRINCIPIO;EEFTI SABINO VIEIRA CAVALCANTE;RUA FORTUNATO SILVA, 243
PALMÁCIA;4;179;QUEIMADAS;UBS QUEIMADAS;QUEIMADAS
ITAPIÚNA;105;132;DISTRITO DE CAIO PRADO;EEIEF CENTRO COMUNITARIO CÉSAR CALS;AV MANOEL FRANCELINO S/N
ACARAÚ;30;9;CENTRO;ESCOLA TOMAZ POMPEU DE SOUSA BRASIL;RUA JOSE JULIO LOUZADA 550
TRAIRI;97;110;PANAN;EEF OSVALDO CRUZ;PANAN
FORTALEZA;112;508;EDSON QUEIROZ;EM PROF FRANCISCO MAURICIO MATOS DOURADO;RUA  DES FLORIANO BENEVIDES MAGALHÃES, 391
FORTALEZA;83;657;DOM LUSTOSA;EEFM JOSÉ WALDEMAR DE ALCÂNTARA E SILVA;RUA MACEIÓ, 627
MARANGUAPE;4;383;AMANARI;EMEF MATIAS BECK;RUA TEIXEIRA DE SOUSA, 23
MAURITI;76;115;COITE-DISTRITO;EEF JOSÉ LOPES DINIZ;SITIO OLHO D'ÁGUA
CAMOCIM;32;12;CENTRO;COLEGIO GEORGINA LEITAO MACEDO;RUA SANTOS DUMONT S/N
CAUCAIA;123;460;ARATURI (JUREMA);E.E.I.E.F. MONSENHOR ANDRÉ VIANA CAMURÇA;RUA NW-5, 40
LIMOEIRO DO NORTE;29;158;ANTÔNIO HOLANDA;EEF PROF MARIA ELVANISA MOURA FREITAS SILVA;RUA RAIMUNDO NONATO DA SILVA S/N
CAPISTRANO;105;37;ZONA RURAL;ESCOLA CELESTINO PEDRO FERREIRA;LOCALIDADE DE CATOLÉ/CAMARÁ
FORTALEZA;95;209;JANGURUSSU;EEMTI JANGURUSSU;RUA DO MANDACARU, 1048, CONJUNTO ALMIRANTE TAMANDARÉ
ITAPAJÉ;41;277;CRUZEIRO-SEDE;CENTRO SOCIAL URBANO RAIMUNDO DE ARAUJO BASTOS;RUA ANTONIO EUSEBIO BASTOS 85
BARROQUINHA;108;54;CENTRO;EEF CARMELITA VERAS DE PAULA;RUA AMBROZINA FÉLIX, 443
JUAZEIRO DO NORTE;119;1;LAGOA SECA;UNILEÃO - CAMPUS SAUDE (PRÓXIMO AABB);AVENIDA LEAO SAMPAIO, 400
CAMPOS SALES;38;65;B. BARRAGEM;E.E.F.T.I - TAB. VICENTE ALEXANDRINO DE ALENCAR - SEDE;RUA RAIMUNDO INÁCIO DE FIGUEIREDO,S/N
FORTALEZA;1;895;ALDEOTA;COLEGIO ARI DE SA - MONSENHOR CATAO;RUA MONSENHOR CATAO, 1655
TAMBORIL;61;59;CENTRO;EMTI 4 DE OUTUBRO;RUA VICENTE ALVES DO VALE SN
IBIAPINA;73;26;DISTRITO DE ALTO LINDO;ESCOLA MANUEL RODRIGUES DE MEDEIROS;RUA RAIMUNDO DOMINGOS XIMENES
AMONTADA;89;190;GARÇAS;EEC JACA MAGNO;LAGOA DO CACHIMBO
TABULEIRO DO NORTE;91;66;CENTRO;EMEF NOSSA SENHORA DE FÁTIMA;RUA JOÃO FERREIRA BRAÚNA, 191
TABULEIRO DO NORTE;91;77;DONATO;ASSOCIAÇÃO DOS MORADORES DO SITIO DONATO;SITIO DONATO
JAGUARIBE;10;49;CENTRO;E.E.F.M. RAUL BARBOSA;AV OITO DE NOVEMBRO 521
FORTALEZA;112;284;PARQUE MANIBURA;COLÉGIO ÁGAPE;AV HERMINIO DE CASTRO, 140
ACARAPE;52;143;GARAPA I;POSTO DE SAÚDE GARAPA I;GARAPA I
ICÓ;15;20;CENTRO - SEDE;ESCOLA MUNICIPAL PROFESSORA LOURDES COSTA;AV ILIDIO SAMPAIO,1571
MUCAMBO;79;209;CENTRO;E.E.M. JOSÉ CLÁUDIO DE ARAÚJO;RUA JOSÉ CLÁUDIO DE ARAÚJO, 615
EUSÉBIO;88;179;CENTRO;ESCOLA EROTIDES MELO LIMA;RUA BLUMENAU, 158 - CENTRO
SANTANA DO ACARAÚ;44;117;PISTOLA;ESCOLA DE ENSINO FUNDAMENTAL SAO RAIMUNDO;PISTOLA
FORTALEZA;80;162;DIONISIO TORRES;AABB - ASSOCIAÇÃO ATLÉTICA BANCO DO BRASIL;AV BARAO DE STUDART, 2917
FORTALEZA;80;430;DIONISIO TORRES;COLÉGIO CHRISTUS - DIONÍSIO TORRES;RUA ISRAEL BEZERRA 630
MARACANAÚ;104;79;JEREISSATI II;EMEIEF GENCIANO GUERREIRO DE BRITO;AVENIDA XII, N 3
FORTALEZA;118;586;MONDUBIM;UAPS LUIZA TAVORA;TRAVESSA SAO JOSE, 940
QUIXELÔ;13;214;ÁREA RURAL DE QUIXELÔ;ESCOLA DE ENS FUND JOÃO VICENTE DA SILVA;SITIO GASPAR
FORTALEZA;116;72;GRANJA PORTUGAL;CRECHE PEQUENO MUNDO DE FLORA;RUA ANTONIO NERI, 1350
FORTALEZA;80;157;VILA UNIÃO;EEFM CEL PROF JOSÉ AURÉLIO CÂMARA;RUA JORGE ACURCIO, 655
PARAMOTI;111;132;CENTRO;EEMTI TOMÉ GOMES DOS SANTOS (PRÉDIO NOVO);RUA ORLEANS FARIAS, S/N - SANTA CECÍLIA
NOVA RUSSAS;48;98;MORINGUE;ESCOLA MUNICIPAL JOÃO GONÇALVES DE SOUSA;LOCALIDADE  DE MORINGUE,
MARCO;96;197;LOCALIDADE DE MOCAMBO;EEMTI FRANCISCO PORCIANO FERREIRA;MOCAMBO
FORTALEZA;83;233;PANAMERICANO;ESCOLA MUNICIPAL JOSÉ BATISTA DE OLIVEIRA;RUA GOIÁS 620
VÁRZEA ALEGRE;62;8;CENTRO;EEM JOSÉ CORREIA LIMA;AV. LUIS AFONSO DINIZ, 213
IPU;21;91;SEDE;SINDICATO DOS TRABALHADORES RURAIS DE IPU;RUA PE JOAO DE CASTRO 1102 - CAIXA DAGUA
FORTALEZA;82;64;ÁLVARO WEYNE;COLÉGIO MENINO JESUS DE PRAGA;RUA ANA FACÓ, 140
PENTECOSTE;50;164;ZONA RURAL;POSTO DE SAÚDE;XIXÁ
FORTALEZA;113;244;RODOLFO TEÓFILO;EEFM FÉLIX DE AZEVEDO;RUA MONSENHOR FURTADO, 757
MOMBAÇA;46;109;TEJUBANA;ESCOLA DE ENSINO FUNDAMENTAL JOSÉ JAIME BENEVIDES;AV. ANTONIO NONATO DE CARVALHO
AQUIRAZ;66;111;TAPERA;EEB RAIMUNDO TOMAZ;RUA JOSE CARLOS GADELHA S/N
FORTALEZA;114;19;BARRA DO CEARÁ;SENAI - CENTRO DE FORMAÇÃO PROFISSIONAL;AVENIDA FRANCISCO SÁ 7221
CAMPOS SALES;38;40;DIST. DE CARMELÓPOLIS;E.E.I.F JOAQUIM MOREIRA FILHO - ANEXO DO OSSEAN ALENCAR ARARIPE;RUA  VIRGILIO GOMES, 139
LAVRAS DA MANGABEIRA;14;106;VARAS - SITIO;ESCOLA DE 1 GRAU HORACIO TAVARES;SITIO VARAS S/N
FORTALEZA;117;172;BOM JARDIM;COLÉGIO LUMEN;RUA SÃO FRANCISCO DO JARDIM, 396
FORTALEZA;93;286;PLANALTO AYRTON SENNA;EEFM DEPUTADO JOACI PEREIRA;RUA PROFESSOR PEDRO JORGE, 830
CAUCAIA;37;447;PARQUE SOLEDADE;E.E.F. CORALIA GONZAGA SALES;RUA NAPOLEAO BONAPARTE VIANA, S/N
MARANGUAPE;4;136;SAPUPARA;EMEF JÕAO CIRINO NOGUEIRA;RUA JOAO CIRINO, S/N
VARJOTA;65;158;PEDREIRA;E.E.F. FRANCISCO PIO DE FARIAS;RUA DELMIRO GOUVEIA, 227
MONSENHOR TABOSA;61;141;CENTRO;ESCOLA INDÍGENA DE MONSENHOR TABOSA;RUA SANTO ANTONIO 124
TRAIRI;97;108;CANAA;EEF JOSE FIRMINO DA CUNHA;CANAA
QUIXELÔ;13;361;ÁREA RURAL DE QUIXELÔ;ESCOLA DE ENS FUND ANTONIO ALVES RIBEIRO;RIACHO DO MEIO-SITIO
ITATIRA;33;400;LOCALIDADE RECANTO, DISTRITO DE BANDEIRA;ESCOLA MUNICIPAL MARIA DE NAZARÉ COSTA E SILVA;LOCALIDADE RECANTO
ITAPAJÉ;41;160;CHAPADA;ESCOLA MUNICIPAL JOSE FERREIRA LIMA;CHAPADA
JUAZEIRO DO NORTE;28;319;AREA RURAL DE JUAZEIRO DO NORTE;EMEI PROFESSORA CHIQUITA CALLOU;SITIO AMARO COELHO
ICAPUÍ;8;142;OLHO DAGUA;ESCOLA DE 1 GRAU FRANCISCA EMILIA MAIA;BERIMBAU
DEPUTADO IRAPUAN PINHEIRO;55;154;SITIO BAIXIO;ESCOLA DE ENSINO BASICO JOAO BATISTA DA SILVA;RUA ANTONIO DIAS DOS SANTOS
JUAZEIRO DO NORTE;119;126;PIRAJA;ESCOLA AMALIA XAVIER;RUI BARBOSA 468
SOBRAL;24;202;JUNCO;EEFI NETINHA CASTELO;AV. JOHN SANFORD S/N
PENTECOSTE;50;170;ACAMPAMENTO;CEI DOQUINHA CARNEIRO;RUA NOSSA SENHORA DE FÁTIMA, S/N
CARIDADE;111;117;SAO DOMINGOS;CRECHE ANTÔNIA SOARES DE ALMEIDA;LOC. DE SÃO DOMINGOS (SEDE DO DISTRITO)
SANTA QUITÉRIA;54;89;DISTRITO DE MACARAÚ;E.E.F. SALUSTIANO PINTO;RUA CEL. JOAQUIM DOS SANTOS, 65
RUSSAS;9;88;FLORES;ESCOLA DE ENSINO FUNDAMENTAL E MEDIO MARIA DE LOURDES DE OLIVEIRA;RUA JOSE SABINO MENDES 2313
FORTALEZA;94;527;QUINTINO CUNHA;EEFM DOM HELDER CAMARA;RUA ROSINHA SAMPAIO 1157
MAURITI;76;26;CENTRO;EEM ADAUTO LEITE;AV. SINVAL LACERDA, 416
CARIDADE;111;59;CAMPOS BELOS;EPG RODOLFO TEIXEIRA BARROS;RUA ANTONIO SABINO SN
FORTALEZA;95;362;JANGURUSSU;CEI MANOEL PINHEIRO DOS SANTOS;RUA LADISLAU LOURENÇO, S/N
ICAPUÍ;8;223;CENTRO;EEF. PROFESSORA MIZINHA;AV. 22 DE JANEIRO 5183
MARANGUAPE;4;639;ALTOS DE ITAPEBUSSU - ITAPEBUSSU;ASSOCIAÇÃO DOS REMANESCENTES DE QUILOMBOLAS DE ITAPEBUSSU E ADJACENCIA;RUA RAIMUNDO MARIANO, 16
JUAZEIRO DO NORTE;28;230;FRANCISCANOS;COLÉGIO SÃO FRANCISCO DE ASSIS;NOSSA SENHORA DO CARMO SN
JUAZEIRO DO NORTE;28;227;FRANCISCANOS;COLÉGIO SÃO FRANCISCO DE ASSIS;NOSSA SENHORA DO CARMO SN
BREJO SANTO;70;180;BARRO PRETO-SEDE;ESCOLA MUNICIPAL JOAQUIM DE OLIVEIRA SANTOS;SITIO BARRO PRETO
PARAMBU;19;347;OITICICA;ESCOLA JOSEFA PEREIRA DE SENA;OITICICA
PARAMBU;19;366;GAVIAO;ESCOLA ANTÔNIO DAMIÃO DA SILVA;TAMBORIL
BARBALHA;31;127;CIROLÂNDIA;ETI ANTONIO GONDIM SAMPAIO (CIROLÂNDIA);RUA CINOBILINA CALLOU (L3), 463
JUAZEIRO DO NORTE;119;471;PIRAJA;ESCOLA DEMOSTENES RATTS BARBOSA;AILTON GOMES SN
FORTALEZA;116;347;BOM JARDIM;EM SANTA ISABEL;RUA RAIMUNDO PINHEIRO 798
JUAZEIRO DO NORTE;28;225;FRANCISCANOS;COLÉGIO SÃO FRANCISCO DE ASSIS;NOSSA SENHORA DO CARMO SN
FORTALEZA;85;334;ANTÔNIO BEZERRA;EMEIF GERARDO MILTON DE SA;RUA VALE COSTA S/N
IBIAPINA;73;82;PARATIBE DE CIMA;ESCOLA JUVÊNCIO MENDES DA ROCHA;RUA ENTRADA DO PARATIBE
FORTALEZA;113;54;JOSÉ BONIFÁCIO;COLÉGIO FARIAS BRITO;RUA SENADOR POMPEU, 2607
MONSENHOR TABOSA;61;131;CENTRO;ESCOLA INDÍGENA DE MONSENHOR TABOSA;RUA SANTO ANTONIO 124
GRANJA;25;213;CARAUBAS DE CIMA;E.E.F. ALZIRA MATILDE DE OLIVEIRA;CARAUBAS DE CIMA
IPU;21;60;DISTRITO;E.M.E.F. ANTONIO FERREIRA LIMA;MATO GROSSO
FORTALEZA;94;33;ANTÔNIO BEZERRA;EM PADRE JOSEFINO CABRAL;AV SARGENTO HERMINIO SAMPAIO 5598
BAIXIO;92;97;BAIXIO GRANDE - SITIO;GRUPO ESCOLAR RAIMUNDO MATEUS LIMA;SITIO BAIXIO GRANDE S/N
ICAPUÍ;8;127;MELANCIAS DE BAIXO;ESCOLA DE 1 GRAU PROFA MARIA EDILCE BARBOSA;MELANCIAS DE BAIXO
ACARAÚ;30;295;BAILARINA;ESCOLA PROF. JOELINA RIBEIRO RAMOS VIANA;RUA NEON SALES SN
BARREIRA;52;80;LAGOA DO BARRO;ESCOLA FRANCISCO DAS CHAGAS FERREIRA;URUÁ
ITAPIÚNA;105;133;DISTRITO DE CAIO PRADO;EEIEF CENTRO COMUNITARIO CÉSAR CALS;AV MANOEL FRANCELINO S/N
QUIXADÁ;6;49;ALTO SÃO FRANCISCO;COORDENADORIA REGIONAL DE DESENVOLVIMENTO DA EDUCAÇÃO - CREDE 12;AV. JUSCELINO KUBITSCHEK, 493
MARANGUAPE;4;456;AMANARI;EMEF BÁRBARA DE ALENCAR;PRAÇA ADELAIDE COELHO, 67
AMONTADA;89;275;BUENOS AIRES;EEB PROF MARIA DA FE DOS SANTOS RODRIGUES;RUA JOSE AGENOR HENRIQUE
JUAZEIRO DO NORTE;28;381;CENTRO;EEIF PADRE CICERO;MONSENHOR JOVINIANO BARRETO 116
JUAZEIRO DO NORTE;28;58;CENTRO;EEEP PROFESSOR MOREIRA DE SOUSA;DO CRUZEIRO 497
FORTALEZA;85;205;GENIBAÚ;ESCOLA MUNICIPAL PROF AMERICO BARREIRA;RUA RICARDO PONTES 529
MARANGUAPE;4;547;COITÉ - MARANGUAPE;EMEF CÔNEGO HEITOR VIEIRA CAVALCANTE;RUA MARIA EFIGÊNIA CAMPOS TELES, 985
MARANGUAPE;4;568;NOVO MARANGUAPE II (AREA SECA) - MARANGUAPE;CEI CONEGO RAIMUNDO PINTO;RUA RAIMUNDO PINTO, S/N
BARROQUINHA;108;52;CENTRO;EEF CARMELITA VERAS DE PAULA;RUA AMBROZINA FÉLIX, 443
ITAPIÚNA;105;120;CENTRO;EEF DEMOCRITO ROCHA;RUA SAO FRANCISCO SN
BATURITÉ;5;89;MANGA-SEDE;CENTRO DE EDUCAÇÃO INFANTIL MARIA LEIDIANE;RUA KAULIM, SN
OCARA;67;179;CENTRO-SEDE;ESCOLA MUNICIPAL LUIS CANDIDO DE OLIVEIRA - ENS FUND E MEDIO;AV CORONEL JOAO FELIPE SN
FORTALEZA;85;118;CONJUNTO CEARÁ I;CCDH - CENTRO DE CIDADANIA E DIREITOS HUMANOS (ANTIGO LUCIO ALCANTARA);AV. ALANIS MARIA LAURINDO DE OLIVEIRA, 461, 1A ETAPA
AQUIRAZ;66;54;BOA VISTA;EMEF JOAQUIM DE SOUZA TAVARES;ESTRADA NOVA S/N - BOA VISTA
ICAPUÍ;8;152;CAJUAIS;E.E.M. PROF GABRIEL EPIFANIO DOS REIS;RUA FILIZOLINA FREITAS, SN
FORTALEZA;116;334;GRANJA PORTUGAL;CENTRO EDUCACIONAL HORA DE APRENDER;RUA VITAL BRASIL 2533
BREJO SANTO;70;242;SAO FELIPE-DISTRITO;E. M. E. F. RAIMUNDO MOREIRA LUNA;SITIO SAO FELIPE
ICÓ;15;33;CENTRO - SEDE;CEJA - ANA VIEIRA PINHEIRO;RUA DONA ALDERY, 324
JUAZEIRO DO NORTE;119;268;JOAO CABRAL;ESCOLA IVA EMIDIO GONDIM;PIO NOROES SN
CHOROZINHO;49;148;LAGOA DE PEDRA;PROG DE SAUDE DA FAM - PSF LAGOA DE PEDRAS (ANT JOSE GOMES DOS SANTOS);LOCALIDADE DE PEDRAS
TAUÁ;19;108;BARRA NOVA;EPG JOSE FERREIRA DE SOUSA;BOM JESUS
JUAZEIRO DO NORTE;28;461;AREA RURAL DE JUAZEIRO DO NORTE;EEF ANTONIO BENJAMIM MOURA;SITIO POÇÕES
INDEPENDÊNCIA;39;177;BANCO DA AREIA;E.E.F.FRANCISCA NELI DE ARAUJO;BANCO DA AREIA
FORTALEZA;116;346;GRANJA LISBOA;EEEP ICARO DE SOUSA MOREIRA - LICEU DO BOM JARDIM;RUA JOSE MARTINS, 2246
VÁRZEA ALEGRE;62;141;ZEZINHO COSTA;EEF DR. DÁRIO BATISTA MORENO;AV. VICENTE ALVES COSTA, 624
JATI;70;358;CENTRO-SEDE;ESC ENS EM TEMPI INTEGRAL VER CICERO GOMES DE SOUSA;ESTRADA PARA SAO JOSE DO BELMONTE
FORTALEZA;94;916;VILA VELHA;COLEGIO SALOME BASTOS;RUA DESEMBARGADOR HERMES PARAHYBA 1120
FORTALEZA;113;200;AMADEU FURTADO;CREAS RODOLFO TEÓFILO;RUA DOM LINO, 1001
FORTALEZA;112;446;EDSON QUEIROZ;UNIVERSIDADE DE FORTALEZA - UNIFOR;AVENIDA WASHINGTON SOARES, 1321
FORTALEZA;115;253;PARANGABA;FACULDADE UNINASSAU - PARANGABA;RUA GERMANO FRANCK, 567
IRAUÇUBA;41;272;CENTRO-SEDE;EEMTI DIRETORA MARIA DILMA BASTOS FERREIRA (ESCOLA DE ENSINO MEDIO);AVENIDA PAULO BASTOS, 68
CAUCAIA;37;556;CURICACA;E.E.F. EDSON DA MOTA CORREA;ESTRADA VELHA DO ICARAI, KM 02
MASSAPÊ;45;81;ALTO DA CADEIA;EM MARIA LAURA SOARES FROTA;RUA CORIOLANO GOMES FROTA SN
QUIXERAMOBIM;11;258;MANITUBA;ESCOLA JOSUE FELICIANO DA SILVA;RIACHO VERDE
QUIXADÁ;6;464;CENTRO;CÂMARA DE DIRIGENTES LOJISTAS - CDL;RUA JOSE JUCA, 551
FORTALEZA;117;490;CONJUNTO ESPERANÇA;COLÉGIO CEARENSE TOTAL;AVENIDA D, 85
ICÓ;15;41;CENTRO - SEDE;EEM - VIVINA MONTEIRO;RUA DR INACIO DIAS S/N
TAUÁ;19;147;CIDADE NOVA/SEDE;EPG TEREZA ARAGAO SERRA;RUA EUFRASIO ALVES DE OLIVEIRA 13                 NOVA ALDEOTA
OCARA;67;229;CENTRO-SEDE;ESCOLA MUNICIPAL SAO MARCOS - ENSINO FUNDAMENTAL;VILA SAO MARCOS
SÃO GONÇALO DO AMARANTE;36;296;LAGOAS NOVAS-POVOADO;ESCOLA DE ENSINO FUNDAMENTAL MANOEL FURTADO JUNIOR;LAGOAS NOVAS
ITATIRA;33;460;LOCALIDADE SAO GONÇALO;EEF JOSÉ PEREIRA SOBRINHO;SÃO GONÇALO,
MARCO;96;116;CENTRO-SEDE;EEF MANUEL OSTERNO SILVA;AV PREFEITO GUIDO OSTERNO, N 631
FORTALEZA;83;25;BELA VISTA;ESCOLA MUNICIPAL NILSON HOLANDA;RUA VIRIATO RIBEIRO 1355
SALITRE;38;87;ZONA RURAL, SALITRE/CE;E.E.I.F. VALDIMIRO JOSÉ DE LIMA - SÍTIO CALDEIRÃO - SALITRE;SÍTIO CALDEIRÃO
BARRO;92;49;CENTRO-SEDE;ESCOLA DE ENSINO BASICO MAURO SAMPAIO;RUA MAJOR JANUARIO S/N
DEPUTADO IRAPUAN PINHEIRO;55;123;CENTRO;SECRETARIA MUNICIPAL DE EDUCAÇÃO ;RUA ANTONIO ASSIS PINHEIRO, 145
JUCÁS;43;220;ALTO DO TÓ - SEDE;CENTRO EDUCACIONAL JUCAENSE - CEJUC;RUA JOSÉ GERSON DUARTE, S/N
CHOROZINHO;49;24;PARQUE SAO JOSE;EEFM PADRE ENEMIAS FREIRE DE ALMADA;PRACA DOM JOSE DE MEDEIROS DELGADO SN
FORTALEZA;112;537;EDSON QUEIROZ;COLÉGIO NOVA DIMENSÃO;AV. EDILSON BRASIL SOARES, 1599
TIANGUÁ;81;310;ÁREA RURAL DE TIANGUÁ;E.E.F. PROFª. OFÉLIA PORTELA MOITA;RUA 31 DE MAIO - SÍTIO CÓRREGO
CAUCAIA;37;5;CENTRO;C.S.U. EDSON DA MOTA CORREA;RUA JOSE DE PONTES, 2671 - AÇUDE
SOBRAL;121;274;BONFIM;ESCOLA  AGRÍCOLA PAULO DE ALMEIDA SANFORD (POLO JOSE ARIMATEIA  ALVES;SETOR VI-SETOR VI SERROTE DO PIABA, S/N (ESTRADA BONFIM-JAIBARAS)
GRAÇA;79;136;SITIO VERDE;EEF JOÃO ALVES DE ALCÂNTARA;SITIO VERDE
FORTALEZA;115;366;VILA PERI;EM CATULO DA PAIXAO CEARENSE;RUA LEAO DO NORTE 300
BREJO SANTO;70;54;SAO SEBASTIAO-SEDE;ESCOLA MUNICIPAL CASSIANO INACIO BEZERRA;VILA SAO SEBASTIAO
BREJO SANTO;70;250;RENE LUCENA;E E F HISTORIADOR PADRE ANTONIO GOMES DE ARAÚJO;RUA PEDRO NICODEMOS DE ARAUJO S/N
BARROQUINHA;108;79;CAUCAIA;EEF ANTONIO MARCELINO FERREIRA;RUA SÃO FRANCISCO, 12
BEBERIBE;84;145;SUCATINGA;ESCOLA MUNICIPAL MANOEL FERREIRA DA FONSECA;PIQUIRI I
FORTIM;8;279;CENTRO;EEIFTI. PROFESSORA MARIA LUIZA;RUA JOAQUIM CRISÓSTOMO, 739.
MILHÃ;55;152;SEDE;ASSOCIAÇÃO COMUNITÁRIA DE VILA NOVO DESTINO E SITIOS VIZINHOS;SITIO NOVO DESTINO
TURURU;17;669;CACHOEIRA / ZONA RURAL;EMEF PEDRO PAULO DE ARAUJO;LOCALIDADE CACHOEIRA
IPUEIRAS;40;141;VAMOS VER;GRUPO ESCOLAR MONSENHOR FONTENELE - VAMOS VER;RUA ZACARIAS RIBEIRO MIRANDA, 653
PENAFORTE;70;325;CENTRO-SEDE;SECRETARIA MUNICIPAL DE AGRICULTURA;RUA ANTONIO ANGELO S/N
MERUOCA;24;595;Almas;EEF - DEPUTADO MANOEL RODRIGUES;SITIO SAO JOAO DAS ALMAS
MORADA NOVA;47;152;LAGOA GRANDE;EEB JOSE IRIS RABELO;LAGOA GRANDE
REDENÇÃO;52;71;DISTRITO DE BARRA NOVA (ANTIGO SÃO GERARDO);ESCOLA ANTONIO MALAQUIAS DE MELO;BARRA NOVA
BOA VIAGEM;63;127;SITIO DOS BEZERRA;EEF CESARIO FIRMINO DO NASCIMENTO;SITIO DOS BEZERRAS S/N
BOA VIAGEM;63;254;BOM JESUS;EEF FRANCISCO DAS CHAGAS MELO;BOM JESUS
PACAJUS;49;306;CENTRO;CENTRO DE EDUCAÇÃO DE JOVENS E ADULTOS DE PACAJUS - CEJAP;RUA TABELIAO JOSE GAMA FILHO, 350
FORTALEZA;112;463;EDSON QUEIROZ;UNIVERSIDADE DE FORTALEZA - UNIFOR;AVENIDA WASHINGTON SOARES, 1321
IPU;21;96;DISTRITO;U.B.S. MANOEL FERREIRA DE SOUSA;MANUINO
FORTALEZA;113;258;AMADEU FURTADO;EEF MONSENHOR LINHARES;RUA PROF. LINO ENCARNAÇÃO, 1130
FORQUILHA;121;221;SÃO LOURENÇO;EEFI FRANCISCO TEOTONIO ALVES PESSOA;POVOADO DE SAO LOURENCO
FORTALEZA;94;437;ANTÔNIO BEZERRA;EEF INSTITUTO DOS CEGOS (ANTÔNIO BEZERRA);RUA DR. JOÃO GUILHERME, 373
BOA VIAGEM;63;127;SITIO DOS BEZERRA;EEF CESARIO FIRMINO DO NASCIMENTO;SITIO DOS BEZERRAS S/N
EUSÉBIO;88;151;PEDRAS;EEF MOACIR FERREIRA DA SILVA;RUA FRANCISCO MARTINS, 339 - PEDRAS
SOBRAL;121;36;PATOS;ETI ALZIRA PAULO BRAGA;PATOS
SABOEIRO;43;295;SÍTIO TAMANDUÁ;E.E.F. FRANCISCA FEITOSA DE LIMA;SÍTIO TAMANDUÁ - ALTO DA ESPERA
FORTALEZA;116;213;GRANJA LISBOA;PROJETO ABC BOM JARDIM;RUA TRES CORACOES 762
CAUCAIA;37;617;ALTO DO GARROTE;ESCOLA INDÍGENA DIREITO DE APRENDER DO POVO ANACÉ(COMUN INDÍGENA);RUA LUIS PAULINO DO NASCIMENTO, S/N
MASSAPÊ;45;29;ZONA RURAL;E.M.T.I FRANCISCO SEVERO DE ARAÚJO ;MUMBABA DE BAIXO
ARARIPE;68;111;CONJUNTO COHAB;CRECHE PROFESSOR MARCELO DE FARIAS - SEDE;RUA 104   S/N
SOLONÓPOLE;55;147;PASTA;GRUPO ESCOLAR ANTONIO BENIGNO BEZERRA;DISTRITO PASTA
CANINDÉ;33;453;PALESTINA;CAIC ALFREDO COELHO MAGALHÃES;RUA ANTONIO MONTEIRO DOS SANTOS SN
CANINDÉ;33;499;SANTA LUZIA;EMEF SENADOR CARLOS JEREISSATI;RUA EUCLIDES BARROSO, 1048
MARACANAÚ;104;3;BOA VISTA;EMEIEF COMISSÁRIO FRANCISCO BARBOSA;RUA 11, 116
FORTALEZA;85;250;CONJUNTO CEARÁ I;ESCOLA PE JOSE ARIMATEIA DINIZ;RUA OITOCENTOS E DEZ, S/N, 3A ETAPA (AO LADO DA UPA)
CARIDADE;111;107;ZONA RURAL;EEIF ARTUR SALVINO - LOCALIDADE CARNEIRO;LOCALIDADE DE CARNEIRO
GRAÇA;79;143;SITIO EXTREMAS DE SANTA LUZIA;ESCOLA SANTA LUZIA;SITIO EXTREMAS DE SANTA LUZIA
JIJOCA DE JERICOACOARA;30;324;ZONA RURAL;ESCOLA NOSSA SENHORA DA CONSOLACAO;NOVO JERI S/N - JERICOACOARA
FORTALEZA;80;188;FÁTIMA;COLÉGIO NOSSA SENHORA DAS GRAÇAS;RUA MONSENHOR OTÁVIO DE CASTRO, 535
FORTALEZA;85;196;CONJUNTO CEARÁ I;ESCOLA JOÃO PAULO II;AV C N. 1381 2 ETAPA
JUCÁS;43;133;MONTENEGRO - SÍTIO - SEDE;ESCOLA DE 1 GRAU MARIA DO CARMO DA CONCEICAO;SÍTIO MONTENEGRO
PARAIPABA;109;124;BOA ESPERANÇA;EMTI HUMBERTO VIEIRA PESSOA;RUA MARIA CLARICE MOREIRA, 200
MORADA NOVA;47;96;PEDRAS;EEB ANA NOGUEIRA MAIA;RUA SABINO NOGUEIRA L
ITAPAJÉ;41;209;FERROS-SEDE;ESCOLA MUNICIPALPADRE MANOEL LIMA E SILVA;CONJUNTO PEDRO ROCHA SN
QUIXELÔ;13;570;ANTONICO-DISTRITO;ESCOLA DE ENS FUND JOAO VICENTE ALVES;ANTONICO-DISTRITO
MORADA NOVA;47;117;ROLDAO;EEB JOAQUIM CHAGAS FILHO;TRAV. LUIS VIEIRA, S/N
QUIXERAMOBIM;11;68;NENELANDIA;ESCOLA FRANCISCO CARNEIRO SOBRINHO;NENELANDIA
PALHANO;9;13;LAGOA DA BARBADA;ESCOLA DE ENSINO FUNDAMENTAL JOSE NUNES SOBRINHO;LAGOA DA BARBADA
VARJOTA;65;170;CENTRO;CENTRO DIGITAL;RUA ARTUR RAMOS
CANINDÉ;33;82;ZONA RURAL;EMEF PADRE MANOEL CORDEIRO DA CRUZ;DISTRITO DE IGUACU
FORTALEZA;94;877;PADRE ANDRADE;CEI PROFESSOR CLODOALDO PINTO;RUA BANVARTH BEZERRA 100
QUIXADÁ;6;306;CAMPO VELHO;EEF PADRE VICENTE GONÇALVES DE ALBUQUERQUE;RUA DOM LUCAS, S/N
FORTALEZA;114;142;JARDIM IRACEMA;EM JOSÉ DE ALENCAR;RUA ALBERTO FERREIRA 248
FORTALEZA;115;460;MANOEL SÁTIRO;EM HENRIQUETA GALENO;RUA MAJOR MONTENEGRO 917
FORTALEZA;82;208;MONTE CASTELO;COLÉGIO MATER AMABILIS;RUA PADRE ANCHIETA, 438
FORTALEZA;82;60;ÁLVARO WEYNE;EM NOSSA SENHORA DO PERPÉTUO SOCORRO;RUA CÔNSUL GOUVEIA, 57
FORTALEZA;82;188;MONTE CASTELO;EEMTI CLÁUDIO MARTINS;RUA DEMÓCRITO ROCHA, 400
FORQUILHA;121;182;ALTO ALEGRE;CERU-CENTRO DE EDUCAÇÃO BASICA MARRINA MAGALHAES MARTINS;R POSIDONIO GOMES SIQUEIRA SN
MORADA NOVA;47;233;JUAZEIRO;EEB JOSÉ EDUARDO FILHO;LAGOA DAS CARNAUBAS
IRAUÇUBA;41;12;CENTRO-SEDE;CENTRO EDUCACIONAL PROFESSOR ANTONIO BARBOSA BRAGA;LUCAS BATISTA DA MOTA 135
IBARETAMA;6;371;DISTRITO DE PIRANGI;EMEIF JOSÉ GUSTAVO DE QUEIROZ;DISTRITO DE PIRANGI
BREJO SANTO;70;52;SAO SEBASTIAO-SEDE;ESCOLA MUNICIPAL JUCA LINO;RUA DA TELECEARA S/N
FORTALEZA;95;256;BARROSO;EMEIEF OTAVIO DE FARIAS;RUA JOAO FERREIRA, S/N
FORTALEZA;116;3;GRANJA LISBOA;CAIC - MARIA ALVES CARIOCA;RUA GUARAREMA 690
BOA VIAGEM;63;72;MONTE LIMPO;EEF JOAQUIM VIEIRA LIMA;SÃO PEDRO
FORTALEZA;83;324;DEMOCRITO ROCHA;ESCOLA MUNICIPAL JOSÉ BONIFÁCIO DE SOUSA;RUA PERNAMBUCO 600
FORTALEZA;93;267;PLANALTO AYRTON SENNA;EM MARIA ZELIA CORREIA DE SOUSA;RUA ANTONIO PEREIRA,1495
FORTALEZA;82;682;CARLITO PAMPLONA;EEMTI JOSÉ VALDO RIBEIRO RAMOS;RUA PEDRO AMÉRICO, 100
MORRINHOS;44;18;CENTRO;EMEF CORONEL VIRGÍLIO TÁVORA;RUA JOAQUIM CORIOLANO ROCHA 401
PENAFORTE;70;341;CENTRO-SEDE;EEB JOAQUIM PEREIRA LIMA;RUA CICERO SOUSA DE OLIVEIRA
CAUCAIA;37;572;ICARAI;ESCOLA VERONICA MARIA SILVA DE MENEZES;RUA Q, S/N - MUNGUBA
CARNAUBAL;22;24;CRUZEIRO;EEF ANTONIO RAIMUNDO DE MELO;AV PAULO SARASATE 539
FORTALEZA;80;229;TAUAPE;EMEIF PROFª ANTONIETA CALS;RUA MONSENHOR SALAZAR 1480
TRAIRI;97;51;CANAA;GE PADRE RODOLFO FERREIRA DA CUNHA;CANAA
QUIXERAMOBIM;11;4;MANITUBA;ESCOLA ALFREDO ALMEIDA MACHADO-VARZEA DE CIMA;VARZEA DE CIMA
VÁRZEA ALEGRE;62;177;ZEZINHO COSTA;EEF DR. DÁRIO BATISTA MORENO;AV. VICENTE ALVES COSTA, 624
JUAZEIRO DO NORTE;28;109;SANTO ANTONIO;EEF PELUSIO CORREIA DE MACEDO;RUA MARIETA FRANCA DE MENEZES 360
MORADA NOVA;47;149;BOA AGUA;EEB MANUEL FERNANDES SABOIA;QUIXELO
FORTALEZA;112;563;GUARARAPES;CENTRO UNIVERSITARIO ESTACIO DO CEARA VIA CORPVS;RUA ELISEU UCHÔA BECO, 600
TAUÁ;19;265;TAUAZINHO;EEF MARIA ALEXANDRINO NOGUEIRA MARQUES;AV CEL VICENTE ALEXANDRINO DE SOUSA
JARDIM;119;337;CORRENTE;ESCOLA LUIZ LEITE BRINGEL;POVOADO DE CORRENTE  SN
UBAJARA;73;86;DISTRITO JABURUNA;ESCOLA LUIZ RIBEIRO DA SILVA;DISTRITO JABURUNA
FORTALEZA;95;207;JANGURUSSU;EEEP MÁRIO ALENCAR;RUA VERDE 44, 97 (CJ. SÍTIO SÃO JOÃO)
GRANJA;25;196;ZONA RURAL (SEDE RURAL);E.E.F. SÃO JUDAS TADEU;ASSENTAMENTO JAGUARAPUABA
AMONTADA;89;198;MOITAS;EECTI JOSE PAULO FILHO;PATOS BELA VISTA
SOBRAL;24;256;PEDRA DE FOGO;ANEXO JOSE FRANCISCO DE ALBUQUERQUE (PEDRA DE FOGO);PEDRA DE FOGO (AO LADO DO CLUBE DO AMOR)
IBARETAMA;6;133;DISTRITO DE PIRANGI;EMEIF JOSÉ GUSTAVO DE QUEIROZ;DISTRITO DE PIRANGI
FORTALEZA;83;588;HENRIQUE JORGE;ESCOLA MUNICIPAL SANTA MARIA;RUA CUIABÁ 1465
FORTALEZA;95;258;BARROSO;EEFM PROFESSOR  ALOYSIO BARROS LEAL;RUA 10,  LOT. PRQ.VERDE 28 (CJ JOAO PAULO II)
CHAVAL;108;1;CENTRO;EMTI EPITÁCIO BRITO DE OLIVEIRA;RUA MAJOR FIEL 507
NOVO ORIENTE;99;170;CENTRO;CRECHE ANTONIA RODRIGUES;AV. ALCIDES SALES
MARANGUAPE;4;131;CENTRO - MARANGUAPE;CEJA MANOEL SEVERO BARBOSA;RUA RAIMUNDO HERBSTER, 230
JUAZEIRO DO NORTE;119;46;SANTA TEREZA;ESCOLA ADAUTO BEZERRA (SEGUNDO GRAU);CASTELO BRANCO SN
UMIRIM;23;279;DISTRITO SEDE;E.E.F. VICENTE CRAVO DE SOUSA;LOCALIDADE DE CARNAUBA
UMIRIM;23;245;CENTRO-SEDE;E.E.F.M. JOSE PINHEIRO SALES;RUA MAJOR SALES 664
ARACOIABA;67;89;CENTRO-SEDE;CENTRO COMUNITARIO COMENDADOR EUGENIO DE CASTRO E SILVA;PLANALTO ARACOIABA
FORTALEZA;113;398;MONTESE;CENTRO DE ENSINO GRAU TÉCNICO;RUA BARÃO DE SOBRAL, N.712
FORTALEZA;83;428;BELA VISTA;EEMTI ESTADO DO AMAZONAS;RUA MONSENHOR FURTADO 2327
FORTALEZA;83;436;BELA VISTA;EEMTI SENADOR FERNANDES TÁVORA;RUA GOIÁS 141
IPU;21;172;SEDE;E.M.E.F. MARIA LAURA SAMPAIO;RUA FELIX CANDIDO 857 - ALTO DOS 14
FORTALEZA;82;579;MONTE CASTELO;EM LENIRA JUREMA DE MAGALHÃES;RUA TEÓFILO GURGEL, 111
SANTANA DO ACARAÚ;44;55;ALTO DA LIBERDADE;ESCOLA DE ENSINO FUNDAMENTAL SANTA TEREZINHA;PRACA DA LIBERDADE S/N
PENTECOSTE;50;169;GOMES DA SILVA;EEFM ETELVINA GOMES BEZERRA;RUA DEPUTADO JOSÉ GOMES DA SILVA, 322
ICÓ;15;1;NOVO CENTRO - SEDE;EEMTI - PADRE JOSÉ ALVES DE MACÊDO;AV. FRANCISCO CAETANO DANTAS, S/N
FORTALEZA;116;412;BONSUCESSO;EM JOSE ALCIDES PINTO;RUA GUARANI 2000
SOBRAL;121;245;DOM EXPEDITO;EEFI PADRE OSVALDO CHAVES;RUA PROFESSOR ANTÔNIO FERREIRA PORTO225
ASSARÉ;18;27;ARATAMA;GRUPO ESCOLAR ANTONIO DA SILVA LEAL;RUA ANTONIO GONCALVES DA SILVA SN
AMONTADA;89;89;CENTRO;EEEP LUIZ GONZAGA FONSECA MOTA;AV GAL ALÍPIO DOS SANTOS 1360
RUSSAS;9;158;CIPO;ESCOLA MUNICIPAL PEDRO ESTACIO DE SOUSA;SITIO CIPO
COREAÚ;64;26;Ubaúna;UBAÚNA - ESCOLA ESTADUAL VÂNIA MA. NERI ELIAS;DISTRITO UBAÚNA, COREAÚ/CE
FORTALEZA;112;413;EDSON QUEIROZ;COLEGIO ARI DE SA CAVALCANTE WS;AV WASHINGTON SOARES, 3737
MARANGUAPE;4;580;AMANARI;EEMTI ANTONIO LUIS COELHO;RUA DO COMÉRCIO, S/N
FORTALEZA;117;230;SIQUEIRA;EEFM SENADOR OSIRES PONTES;RUA DIVINA 150
ARARENDÁ;48;181;BOM PRINCÍPIO;E. E. F. FRANCISCO RODRIGUES VERAS;LOCALIDADE DE BOM PRINCÍPIO
SANTANA DO ACARAÚ;44;94;POCO SALGADO;GRUPO ESCOLAR SANTO ANTONIO;POCO SALGADO
REDENÇÃO;52;56;CENTRO (SEDE);ESCOLA MARIA AUGUSTA RUSSO DOS SANTOS;RUA SANTOS DUMONT, S/N
CHAVAL;108;13;CENTRO;CENTRO INFANTIL CRIANÇA FELIZ;RUA MAJOR FIEL N 300
FORTALEZA;116;208;GRANJA LISBOA;EM ULISSES GUIMARAES;RUA TENENTE FRANCISCO PAIVA 1350
EUSÉBIO;88;195;URUCUNEMA;EEF JOSEFA SA;RUA BEIRA RIO, 400 - MOSQUITO
ACARAÚ;30;353;ZONA RURAL;ESCOLA MANOEL EDGAR DA SILVEIRA;CAUASSU
FORTALEZA;117;322;CONJUNTO ESPERANÇA;EEFM PROFESSORA MARIA MARGARIDA DE CASTRO ALMEIDA;AV. CONTORNO SUL, 960
CARIDADE;111;64;CENTRO;EEFM CASEMIRO BEZERRA DE ARAUJO;RUA CEL FRANCISCO LINHARES 496
JUCÁS;43;57;CENTRO - SEDE;SECRETARIA DE AÇÃO SOCIAL;RUA CORONEL LUIZ DUARTE S/N
TAUÁ;19;189;MARRECAS;ASSOC COMUNITÁRIA DAS BAIXAS (EPG SEBASTIAO FEITOSA LEITAO CASTRO);BAIXAS
PEREIRO;10;170;SITIO GROSSOS;GRUPO ESCOLAR NOSSA SENHORA DAS GRACAS;SITIO GROSSOS
BELA CRUZ;96;74;CENTRO-SEDE;CRECHE CRIANÇA FELIZ;RUA CEL. DUCA, 865
UBAJARA;73;96;MONTE CASTELO;ESCOLA WALDEMAR ALCANTARA;RUA RITA BELARMINO PEREIRA, 556
CARIRIAÇU;71;70;VILA PRIMAVERA;EEF PEDRO NOGUEIRA MACHADO;VILA PRIMAVERA
PENAFORTE;70;346;JUA-SEDE;ESCOLA MUNICIPAL JOSE CESARIO;JUA
RUSSAS;9;140;PITOMBEIRA I;ESCOLA MUNICIPAL MARIA MARTINS DE CARVALHO;PITOMBEIRA I
PACAJUS;49;393;CENTRO;CENTRO DE REABILITAÇÃO - CCR;RUA FRANCISCO LOPES SN
CANINDÉ;33;261;CAN;EMEF MELVIN JONES;RUA PROFESSOR RAIMUNDO MARTINS 1405
AQUIRAZ;66;82;PRAINHA;EMEF RITA PAULA;AV. DAMIÃO TAVARES  DE SOUSA, S/N
FORTALEZA;112;583;ENGENHEIRO LUCIANO CAVALCANTE;EM JOHNSON;RUA DRA. SOCORRO AZEVEDO, 461
FORQUILHA;121;244;CAJAZEIRAS;EEFI VICENTE REIS CAVALCANTE;POVOADO DE CAJAZEIRAS
FORTALEZA;95;133;JANGURUSSU;EM PROFESSOR FRANCISCO DE MELO JABORANDI;AV. GOVERNADOR LEONEL BRIZOLA, 198
SÃO LUÍS DO CURU;23;308;CENTRO-SEDE;E.E.F. PADRE JOSE SINVAL FACUNDO;RUA PEDRO CIPRIANO SN
FORTALEZA;112;451;EDSON QUEIROZ;UNIVERSIDADE DE FORTALEZA - UNIFOR;AVENIDA WASHINGTON SOARES, 1321
ACARAÚ;30;38;CENTRO;LICEU DE ACARAÚ - ESCOLA MARIA ALICE RAMOS;CENTRO
VÁRZEA ALEGRE;62;105;DISTRITO DE RIACHO VERDE;EEF RAIMUNDO MENDES DE FREITAS;SÍTIO GANGORRA
TABULEIRO DO NORTE;91;92;OLHO D'ÁGUA DA BICA;EEMTI ANTONIO VIDAL MALVEIRA;OLHO D'ÁGUA DA BICA
FORTALEZA;116;398;JOÃO XXIII;COMPLEXO SOCIAL MAIS INFÂNCIA MARIA DE LOURDES MOREIRA LEITE LIMA;RUA ARAGUAIANA, 77
MOMBAÇA;46;54;CENTRO;ESCOLA DE ENSINO FUNDAMENTAL CÂNDIDO SIMAO;CANGATI - DISTRITO DE CANGATI
CARIÚS;43;182;SAO BARTOLOMEU-DISTRITO;EEIF AMARO BATISTA DA CUNHA (ANTIGA MANOEL DUARTE DE OLIVEIRA PASSOS);VILA SAO BARTOLOMEU
PARAMOTI;111;152;ZONA RURAL;EMEF SANTA LUZIA;PAPEL
ALCÂNTARAS;24;619;CARMOLANDIA;EEFI PEROLINA FERNANDES ALBUQUERQUE;POVOADO DE CARMOLANDIA
AQUIRAZ;66;52;CAMARA;EMEF JOAO PIRES CARDOSO;RUA ALDENORA CARDOSO SN
MOMBAÇA;46;141;VILA IRACEMA;ESCOLA DE ENSINO FUNDAMENTAL PLÁCIDO ADERALDO CASTELO;AV. ANTONIO JAIME BENEVIDES FILHO
ICÓ;15;175;CONJUNTO GAMA;E.E.E.P. DEPUTADO JOSÉ WALFRIDO MONTEIRO;RUA RAIMUNDO FERREIRA LIMA, S/N
FORTALEZA;93;318;PLANALTO AYRTON SENNA;EMEIEF JORNALISTA DURVAL AYRES;RUA DO SOL, I, N. 522
FORTALEZA;112;488;SAPIRANGA-COITÉ;EM PROFª ALDACI BARBOSA;RUA OLEGARIO MEMORIA, 1257
IPAUMIRIM;92;98;FELIZARDO-DISTRITO;CENTRO DE EDUCAÇÃO INFANTIL TIO CHICO;TRAVESSA SAO JOSE, SN
SOBRAL;24;474;JOSÉ EUCLIDES;EEM MINISTRO JARBAS PASSARINHO;AVENIDA JOHN SANFORD, S/N
ARACATI;8;53;CAJUEIRO;E.E.F. JOSE BERNARDO DE SOUZA;CAJUEIRO
QUIXELÔ;13;152;ÁREA RURAL DE QUIXELÔ;ESCOLA DE ENS FUND MARIA CANDIDA MAIA;CUNHA POTI-SITIO
JAGUARIBE;10;88;AMÉRICO BEZERRA;CEJA - COSME ALVES DE LIMA;RUA ELIZIARIO  PINHEIRO S/N
PACAJUS;49;179;CROATA I;CEI RAIOS DE LUZ;RUA ARCELINO NOGUEIRA 08
MARACANAÚ;122;79;INDUSTRIAL;EMEIEF CORONEL ADAUTO BEZERRA (ANTIGO WALMIKI);AV. CONTORNO SUL, S/N
TRAIRI;97;170;SERRINHA;EEF PROFESSOR ELIZEU BARBOSA;ALTO SAO FRANCISCO
MARACANAÚ;104;37;PAJUÇARA;EMEF RODOLFO TEÓFILO;RUA OTÁVIO ALVES, 1120
MAURITI;76;112;PALESTINA DO CARIRI-DISTRITO;POSTO DE SAÚDE DO SÍTIO VÁRZEA GRANDE;SITIO VARZEA GRANDE
JUAZEIRO DO NORTE;119;125;TIMBAUBA;EMEI MADRE MARIA VILLAC;RUA RUI BARBOSA, S/N
GRANJEIRO;62;152;CENTRO;EEFM MIGUEL SARAIVA PINHEIRO;RUA HENRIQUE DE MACEDO SN
ORÓS;15;239;SAO JOSE - SEDE;E.E.F. ROBERTO ROLIM;TRAVESSA MARIA PINHEIRO DA COSTA S/N
PACAJUS;49;82;PASCOAL;EEF JOSE ELTON DE LIMA;PASCOAL
FORTALEZA;1;932;COCÓ;UNINTA - FACULDADE UNINTA FORTALEZA;RUA VILEBALDO AGUIAR,133
JUAZEIRO DO NORTE;119;191;FREI DAMIAO;EEMTI DOM DOM ANTONIO CAMPELO DE ARAGÃO (CAIC);RUA VEREADOR RAIMUNDO JOSÉ RODRIGUES DA SILVA, S/N
FORTALEZA;118;278;PASSARÉ;EM RAIMUNDO DE MOURA MATOS;AVENIDA DOIS DE MAIO, 1300
COREAÚ;64;22;Ubaúna;UBAÚNA - ESCOLA M. PEDRO CONRADO;RUA MANOEL OSIRO, S/N
FORTALEZA;83;595;PICI;EEEP JÚLIA GIFFONI;RUA CORONEL MATOS DOURADO 1349
CATUNDA;54;75;CENTRO;COLÉGIO FILOMENA BELARMINA NAU;CENTRO
UBAJARA;73;96;MONTE CASTELO;ESCOLA WALDEMAR ALCANTARA;RUA RITA BELARMINO PEREIRA, 556
FORTALEZA;95;112;CONJUNTO PALMEIRAS;EMTI JOAO GERMANO DA PONTE NETO;RUA MAIZA, 549
CANINDÉ;33;10;MONTE ;EMEF SÃO FRANCISCO;AV FRANCISCO CORDEIRO CAMPOS, 500
FORTALEZA;115;106;PARANGABA;EM CLÁUDIO MARTINS;RUA MUNDICA PAULA, 628
FORTALEZA;85;332;ANTÔNIO BEZERRA;EMEIF GERARDO MILTON DE SA;RUA VALE COSTA S/N
MISSÃO VELHA;16;39;SEDE;EEF  EMILCE DANTAS ( ANTIGO DR STENIO DANTAS);RUA AFONSO RIBEIRO, S/N, CENTRO.
REDENÇÃO;52;27;DISTRITO DE ANTÔNIO DIOGO;CENTRO DE EDUCAÇÃO INFANTIL PEDRO FERNANDES COSTA;RUA TEREZA CRISTINA, S/N
CAUCAIA;37;417;PARQUE LEBLON;EEIEF PEDRO LAURINO DE OLIVEIRA;RUA FILGUEIRAS SAMPAIO, S/N
CAUCAIA;37;501;CAPUAN;ESCOLAS DIFERENCIADAS DE E.F.M - TAPEBA DO TRILHO(COMUNIDADE INDIGENA);RUA DO TRILHO, 4001
JUAZEIRO DO NORTE;119;6;LIMOEIRO;ESCOLA ODORINA CASTELO BRANCO SAMPAIO;AV. JOSÉ BEZERRA DE MENEZES S/N
FORTALEZA;80;235;TAUAPE;EEFM NOEL HUGNEN OLIVEIRA PAIVA;RUA MONSENHOR SALAZAR 279
CANINDÉ;33;245;ZONA RURAL;EMEF SAO PAULO;ASSENTAMENTO SAO PAULO
FORTIM;8;182;MAMOEIRO;UNIDADE BÁSICA DE SAÚDE MAMOEIRO;MAMOEIRO
MORADA NOVA;47;69;ARUARU;EEB PROFESSORA JOANA PAULA DE MORAIS;AVENIDA ERNESTO GEISEL
CRATEÚS;20;298;FATIMA II;EEFM LIONS CLUBE;RUA CLOVIS BEVILAQUA 1417
SOBRAL;24;630;SÃO JOSÉ DO TORTO;EEFI ELPIDIO RIBEIRO DA SILVA;TORTO
IPU;21;162;SEDE;EEMTI DELMIRO GOUVEIA;AV MILTON CARVALHO 1171 - CAIXA DAGUA
CAUCAIA;37;608;TABUBA;E.E.F. RAIMUNDA NONATA FORTE SALES;RUA NOSSA SENHORA DO PERPETUO SOCORRO, S/N
APUIARÉS;50;23;CENTRO;UBS FRANCISCO NILTON GUIMARÃES SILVA;RUA 4, S/N
AQUIRAZ;66;185;PRAINHA;EMEF RITA PAULA;AV. DAMIÃO TAVARES  DE SOUSA, S/N
JAGUARIBE;10;74;NOVA BRASÍLIA;EEF PROFESSOR GUTENBERG BARBOSA SILVA;AVENIDA GIL TEIXEIRA BASTOS, 1420
BATURITÉ;5;28;JUCA DOS JESUITAS-FAZENDA;EMEF PADRE ANCHIETA;JUCA DOS JESUITAS, SN
FORTALEZA;113;143;JARDIM AMÉRICA;ESC. EST. DE EDUC. PROFISSIONAL PAULO VI;RUA JORGE DUMMAR, 1841
FORTALEZA;3;486;PRAIA DE IRACEMA;COLÉGIO ANTARES (PRAIA DE IRACEMA);RUA HISTORIADOR GUARINO ALVES, 95
CASCAVEL;7;170;MANGUINHO;POSTO DE SAÚDE DO MANGUINHO;SITIO MANGUINHO
SOBRAL;121;77;CENTRO;UFC CAMPUS MUCAMBINHO - BLOCO DAS ENGENHARIAS;RUA ESTANISLAU FROTA, 563
PACAJUS;49;240;CRUZ DAS ALMAS;EEF SEN VIRGILIO DE MORAIS FERNANDES TAVORA;RUA MONTEMOR SN
TAUÁ;19;87;TRICI;ASS COMUN PRODUTORES SAO FELIPE (ANTIGA GE MANOEL RODRIGUES DE MATOS);SAO FELIPE
ITATIRA;33;467;ZONA RURAL;POSTO DE SAÚDE DO ASSENTAMENTO CAIPIRA;ASSENTAMENTO DA FAZENDA CAIPIRA
AQUIRAZ;66;320;CENTRO;SENAC - SERVIÇO NACIONAL DO COMÉRCIO;RUA PEDRO BRASIL, N 210
SOBRAL;24;70;CORAÇÃO DE JESUS;COLEGIO CORACAO DE JESUS;AVENIDA DA UNIVERSIDADE
ITAITINGA;78;302;PARQUE SANTO ANTONIO;EEF PROFESSORA LAURA DA COSTA LIMA;RUA FRANCISCO ALVES DE FRANÇA, 486
AQUIRAZ;66;98;CAMARA;EMEF JOAO PIRES CARDOSO;RUA ALDENORA CARDOSO SN
SOLONÓPOLE;55;4;CENTRO;EEM FENELON RODRIGUES PINHEIRO;AV PREF. JOSE SIFREDO PINHEIRO, 212
CANINDÉ;33;482;PALESTINA;CAIC ALFREDO COELHO MAGALHÃES;RUA ANTONIO MONTEIRO DOS SANTOS SN
PEREIRO;10;177;SITIO MOUCO;ESCOLA MUNICIPAL PEDRO GOMES DE LIMA;SITIO MOUCO
URUBURETAMA;23;171;AGUAÍ / ZONA RURAL;EEIF JOAO HUDSON SARAIVA;SITIO AGUAI
TAUÁ;19;191;CIDADE NOVA/SEDE;EPG TEREZA ARAGAO SERRA;RUA EUFRASIO ALVES DE OLIVEIRA 13                 NOVA ALDEOTA
ACARAPE;52;48;CENTRO;ESCOLA MARIA DO CARMO BEZERRA;RUA SEBASTIAO BEZERRA, SN
FORTALEZA;117;250;PARQUE SANTA ROSA;ESCOLA MUNICIPAL MARIETA GUEDES MARTINS;RUA JOSE GUEDES MARTINS 4701
ARACATI;8;103;CABREIRO;E.E.F. EDMAR SENA;CABREIRO
ACARAÚ;30;329;ARANAÚ;ESCOLA MARIA CONCEICAO DE ARAUJO;RUA DR ALOISIO SN - ARANAU
RUSSAS;9;174;CENTRO;COLEGIO ESTADUAL GOVERNADOR FLAVIO MARCILIO;AV DOM LINO 725
FORTALEZA;82;228;CARLITO PAMPLONA;EM TERTULIANO CAMBRAIA;RUA MONSENHOR ROSA, 946
PEDRA BRANCA;59;79;SEDE;ESCOLA DE ENSINO FUNDAMENTAL SEBASTIAO RODRIGUES COSTA;DINAMARCA
ITAREMA;98;142;ZONA RURAL;EMEF ROGERIO RIBEIRO MONTEIRO;TORROES
HORIZONTE;78;69;DOURADO;EMEF MARIA PINHEIRO DA SILVA;AV MANOEL PEREIRA DA COSTA, 52
PACAJUS;49;8;CENTRO;EEF ARACY GONZAGA DA SILVA;RUA CORONEL CICERO NOGUEIRA DE QUEIROZ 827
FORTALEZA;93;292;PREFEITO JOSÉ WALTER;CEI PROFESSOR CARLOS ROBERTO MARTINS RODRIGUES;RUA 16, S/N, LOTEAMENTO CIDADE JARDIM II
ARACATI;8;315;NOSSA SENHORA DE FATIMA;E.E.F.M. RAIZES E ASAS;RUA SAO JUDAS TADEU S/N
NOVA OLINDA;53;27;SÃO JOÃO;POSTO DE SAÚDE  DO SITIO SÃO JOÃO;SÍTIO SÃO JOÃO
ABAIARA;26;8;DISTRITO SÃO JOSÉ;ESCOLA CORONEL HUMBERTO BEZERRA;AV JULIO SAMPAIO S/N
COREAÚ;64;19;Ubaúna;UBAÚNA - ESCOLA M. PEDRO CONRADO;RUA MANOEL OSIRO, S/N
FORTALEZA;95;272;BARROSO;EM SINÓ PINHEIRO;RUA 14, 151 (CJ JOAO PAULO II)
PENAFORTE;70;335;CENTRO-SEDE;ESCOLA DE ENSINO INFANTIL E FUNDAMENTAL PROFESSORA LEDITE ANGELO;RUA MONSENHOR ALCANTARA 05
NOVO ORIENTE;99;24;CENTRO;EEB DR. ANTONIO EUFRASINO NETO;RUA LUIZ BEZERRA, S/N
SOBRAL;121;23;TAPERUABA;EEMTI DEP. CESARIO BARRETO LIMA;AV. NOSSA SENHORA DO CARMO S/N CENTRO
MOMBAÇA;46;155;CACIMBAS;ESCOLA DE ENSINO FUNDAMENTAL ISABEL ALVES DE OLIVEIRA;CACIMBAS
PORTEIRAS;70;292;BARRIGUDA-SEDE;POSTO DE SAÚDE PEDRO ROMÃO DA SILVA;SITIO BARRRIGUDA
SOBRAL;121;271;SALGADO DOS MACHADOS;ESCOLA RAIMUNDO NONATO DE SALES;RUA INÁCIO MACHADO DA PONTE
RUSSAS;9;240;CENTRO;ESCOLA MUNICIPAL JOSE RAIMUNDO DE DEUS;AVENIDA IRMÃ MARIA DA GRAÇA
JATI;70;371;CENTRO-SEDE;ESC ENS FUND E MEDIO MOISES BENTO DA SILVA;AV ANTONIO MATIAS DE SANTANA S/N
SOBRAL;121;317;COHAB II;EEFI PAULO ARAGAO;RUA CAETANO FIGUEIREDO 100 COHAB II
PENAFORTE;70;336;CENTRO-SEDE;ESCOLA DE ENSINO INFANTIL E FUNDAMENTAL PROFESSORA LEDITE ANGELO;RUA MONSENHOR ALCANTARA 05
FORTALEZA;94;429;QUINTINO CUNHA;EEMTI MARIA JOSÉ SANTOS FERREIRA GOMES (CERE);RUA DONA LUCIA PINHEIRO, 93
GUARAMIRANGA;5;225;PERNAMBUQUINHO-DISTRITO;ESCOLA RODRIGO DE ARGOLO CARACAS (PERNAMBUQUINHO);RODOVIA DE PERNAMBUQUINHO
FORTALEZA;116;40;GRANJA LISBOA;EM PROF ANTONIA MARIA DE LIMA;RUA SARGENTO JOAO PINHEIRO 2601
PIRES FERREIRA;21;140;DISTRITO;E.E.F. JOÃO PENHA DE PAIVA;CROATÁ DOS PENHAS
PACATUBA;57;219;VILA DAS FLORES;EEIEF MANOEL ROSENDO FREIRE;RUA 17, 11
FORTALEZA;94;794;ANTÔNIO BEZERRA;EMTI JOSÉ CARLOS DE OLIVEIRA NETO;R. SAO VICENTE DE PAULO, 170
FORTALEZA;116;160;BOM JARDIM;EM SEBASTIAO DE ABREU;RUA GERALDO BARBOSA 1065
MAURITI;76;30;CENTRO;EEM ANDRÉ CARTAXO;RUA CHAGAS SAMPAIO, S/N
MOMBAÇA;46;91;CENTRO;E. E. E. F. M. PROFESSOR PEDRO JAIME;AV. CÍCERO MARQUES, 02
MOMBAÇA;46;94;PAES DE ANDRADE;CRECHE MANOEL BATISTA ALVES;AV. ANTONIO JAIME BENEVIDES FILHO S/N
IBIAPINA;73;62;SÍTIO SÃO JOSÉ;ESCOLA ADRIANO DE SOUSA GONCALVES;SÍTIO SÃO JOSÉ
PEDRA BRANCA;59;24;SANTA TEREZINHA;E.E.I.T.I ARMANDO LINS DE SOUZA;RUA JOAQUIM ALVES TEIXEIRA S/N
PACUJÁ;79;191;CENTRO;E.E.M. PLACIDO ADERALDO CASTELO;RUA 22 DE SETEMBRO, SN
FORTALEZA;83;792;JÓQUEI CLUBE;COLÉGIO LUCÊ;RUA CUIABA 155
CHORÓ;6;95;MARAVILHA;EEIF FRANCISCO SEGUNDO;BOA VISTA, S/N, MARAVILHA
MISSÃO VELHA;16;81;ZONA RURAL;EEF ANTONIO ALVES DE BARROS;SITIO CANA BRAVA
MARACANAÚ;104;437;JEREISSATI I;EMEIEF MARIA ÍSIS MENEZES ANDRADE;RUA ANTÔNIA ARAÚJO FERREIRA, S/N
IRAUÇUBA;41;31;JUA;ESCOLA MUNICIPAL MIGUEL FERNANDES;RUA JOAQUIM PEREIRA PASSOS SN
SENADOR POMPEU;12;109;CODIA;EEIEF VALFRIDO FERREIRA LIMA;CODIA
CARIÚS;43;172;SAO SEBASTIAO-DISTRITO;EEIF JOAO DIAS DE MORAIS (ANTIGA FRANCISCO XAVIER DE OLIVEIRA);VILA SAO SEBASTIAO
QUIXERAMOBIM;11;109;MANITUBA;ESCOLA JOSE CARLOS DA SILVA;JARDIM
FORQUILHA;121;189;CENTRO;EEF DEP JOSE PARENTE PRADO(CENTRO SOCIAL);R MOCINHA VIANA 96
AMONTADA;89;294;ARACATIARA;EEB FRANCISCA OLIVEIRA MELGAÇO;RODELA
PEREIRO;10;174;CENTRO;CRECHE PARAISO INFANTIL;RUA NEL QUEIROZ S/N
IBICUITINGA;47;243;BARBADA;EEB JOÃO PERBOYRE TEÓFILO GIRÃO;BARBADA DOIS
FORTALEZA;3;111;JACARECANGA;COLÉGIO ESTADUAL LICEU DO CEARÁ;PRAÇA GUSTAVO BARROSO, 01
ACOPIARA;60;99;TRUSSU;EEFM SOLON GUEDES CAVALCANTE;VILA DE TRUSSU
FORTALEZA;115;63;PARANGABA;EM PROF. JOSE VALDIVINO DE CARVALHO;RUA GUARA, S/N
JUAZEIRO DO NORTE;119;227;JOAO CABRAL;ESCOLA LILI NERY;RUA PADRE ALCANTARA, 1000
TURURU;17;682;ALTO DOS CAMELOS;CENTRO EDUCACIONAL ERNESTO GHISLANDI;RUA JATOBA I
MERUOCA;24;571;Centro;EEFM - MONSENHOR JOSE FURTADO;AV CARLOS DAVI, 136
FORTALEZA;3;441;ALDEOTA;INSTITUTO CEARENSE DE EDUCAÇÃO DE SURDOS - ICES;AV. RUI BARBOSA, 1970
JUAZEIRO DO NORTE;119;460;PREFEITO CARLOS ALBERTO DA CRUZ;ESCOLA ZILA BELEM;FRANCISCO VICENTE SILVA CAVALCANTE SN
SOLONÓPOLE;55;115;CENTRO;E.E.I.E.F. BOM JESUS;AV PREF. JOSE SIFREDO PINHEIRO S/N
AQUIRAZ;66;294;IGUAPE;CEI MARIA BEZERRA DE OLIVEIRA;AV. BEIRA RIO, S/N, IGUAPE
AQUIRAZ;66;348;PICAO;ESCOLA FERDINANDO TANSI (SUBSTITUTA DA ESCOLA FCO. VIDAL CAMARA);COMUNIDADE DO PIAU
FORTALEZA;94;492;VILA VELHA;EMEIEF PROF JOSE PARSIFAL BARROSO;AV MAJOR ASSIS 1076
MORADA NOVA;47;252;SAO JOSE;EEB PROFESSORA HILDA PONCIANO DE OLIVEIRA LIMA(ESCOLA MODELO);RUA RAIMUNDO CARNEIRO GIRÃO, 872
FORTALEZA;80;170;TAUAPE;COLÉGIO MONSENHOR JOVINIANO BARRETO;RUA FREI VIDAL 1621
INDEPENDÊNCIA;39;204;ASSENTAMENTO JUAZEIRO;GRUPO ESCOLAR DE ASSENTAMENTO JUAZEIRO;ASSENTAMENTO JUAZEIRO
TURURU;17;625;CEMOABA / ZONA RURAL;EMEF MARIA LUNGA MOREIRA;RUA PRINCIPAL
FORTALEZA;94;898;PADRE ANDRADE;EEMTI MONSENHOR DOURADO;AVENIDA SARGENTO HERMÍNIO SAMPAIO 4600
ITAPIÚNA;105;148;ZONA RURAL;ASSOCIAÇÃO BELO HORIZONTE;SERROTE PRETO
BATURITÉ;5;113;JUCA DOS JESUITAS-FAZENDA;EMEF PADRE ANCHIETA;JUCA DOS JESUITAS, SN
BARBALHA;31;94;SÍTIO SANTA CRUZ (CALDAS);EEF CORONEL GREGORIO CALLOU;SITIO SANTA CRUZ, S/N (7.36763 S, 39.36916 W)
FORTALEZA;93;221;PREFEITO JOSÉ WALTER;CEI FRANCISCO SALES FERNANDES;AV K, S/N
MORADA NOVA;47;283;ARUARU;EEB BENEVENUTO LINO DO NASCIMENTO;RUA DE FATIMA S/N PATOS
INDEPENDÊNCIA;39;4;CENTRO;E.E.F. ABIGAIL ANTUNES MARQUES;RUA DO CRUZEIRO, 208
JAGUARETAMA;72;97;CONJUNTO ADIVAN PEIXOTO;CRECHE MARIA CONCEIÇÃO SILVA LIMA;RUA JOÃO MAIA PEIXOTO, SN
CARIRIAÇU;71;148;CONJUNTO SANTO ANTONIO;EEF RAIMUNDO BEZERRA LIMA;RUA CLEMENTE FERREIRA BORGES S/N
SÃO BENEDITO;22;232;MONS. OTALICIO;LICEU - JOAO ALMIR DE FREITAS BRANDAO;AVENIDA TABAJARA S/N
ACARAÚ;30;377;ZONA RURAL;ESCOLA JOAO DOMINGUES DE SOUSA;ALMECEGAS
CHORÓ;6;193;BARBADA;EEF FRANCISCO GOMES DAMASCENO;BARBADA
LIMOEIRO DO NORTE;29;281;LIMOEIRINHO;APAE - LIMOEIRO DO NORTE;RUA CORONEL CLOVIS ALEXANDRINO, 1045.
CAMPOS SALES;38;167;B. GUARANI;E.E.I.F LUCIANO TÓRRES DE MELO - SEDE;RUA CELERINO  NEPOMUCENO DE CARVALHO - S/N
FORTALEZA;113;389;MONTESE;IMPARH;AV JOAO PESSOA, 5.609
TIANGUÁ;81;206;ÁREA RURAL DE TIANGUÁ;E E I F JOÃO JOAQUIM DA SILVA;SÍTIO TUCUNS
SANTANA DO ACARAÚ;44;157;CENTRO;CENTRO EDUCACIONAL MUNICIPAL JOAO CORDEIRO;RUA VIGARIO THEOTIMO 246
NOVA RUSSAS;48;44;ESPACINHA;ESCOLA MUNICIPAL FRANCISCO SEGUNDO DE OLIVEIRA;DISTRITO DE ESPACINHA,
GRANJA;25;203;SÃO PEDRO;E.E.F. ARZILIA MOTA;RUA PARAIBA, S/N
MADALENA;63;260;MACAOCA;EEIF FRANCISCO CORREIA LIMA;AV. MANOEL GERMANO FILHO, 60 - UNIAO
EUSÉBIO;88;215;URUCUNEMA;EEF JOSEFA SA;RUA BEIRA RIO, 400 - MOSQUITO
UMARI;15;208;CENTRO - SEDE;ESCOLA DE ENSINO MÉDIO MONSENHOR MANOEL CARLOS DE MORAIS;RUA DOM QUINTINO 289
FORTALEZA;95;120;CONJUNTO PALMEIRAS;EMEIEF MARIA HELENILCE CAVALCANTE LEITE MARTINS;RUA MAIZA, S/N
COREAÚ;64;115;Boqueirão;BOQUEIRÃO - ESCOLA MUN. VER. RDO. CARDOSO DE ALBUQUERQUE;LOCALIDADE DE BOQUEIRÃO DO DIAMANTE
SANTA QUITÉRIA;54;123;FLORES;ESCOLA MUNICIPAL CONCEIÇÃO CATUNDA;RUA JOÃO PESSOA PESSOA, S/N. - FLORES
FORTALEZA;80;294;VILA UNIÃO;ESCOLA MUNICIPAL PAPA JOÃO XXIII;AV TREZE DE ABRIL, 545
MARACANAÚ;104;380;PAJUÇARA;EMEF LUIZ GONZAGA DOS SANTOS;RUA PEDRO BATISTA, 110
HIDROLÂNDIA;54;7;CENTRO;E.E.F.M. CENTRO EDUCACIONAL OLCINO PEREIRA DE SOUZA;RUA FELIZALVINA MOURÃO DA ROCHA, 420
FORTALEZA;94;931;QUINTINO CUNHA;EMEIEF PROF DENIZARD MACEDO DE ALCÂNTARA;RUA MATOSO FILHO 450
FORTALEZA;116;389;BONSUCESSO;EM FRANCISCA FERNANDES MAGALHAES (COLÉGIO CASTRO);RUA OLIVEIRA SOBRINHO, 1031
FORTALEZA;3;304;CENTRO;EEMTI VISCONDE DO RIO BRANCO;AV. DOM MANUEL, 1803
CAUCAIA;120;207;CAMPO GRANDE;E.E.I.E.F. MARIA LUIZA DO VALE FORTE;RUA CÉLIO CÂNDIDO, S/N - BR 020 - KM 01 - CARRAPICHO
CRATO;27;90;SEMINÁRIO;EEMTI GOVERNADOR ADAUTO BEZERRA;RUA MARCOS MACEDO S/N
CRATO;27;196;VILA LOBO;EEIEF ANTÔNIO ANTUÉRPIO GONZAGA DE MELO;RUA ANTÔNIO ESMERALDO LEITE S/N
FORTALEZA;3;392;MEIRELES;CÍRCULO MILITAR DE FORTALEZA;RUA CANUTO DE AGUIAR, 425
FORTALEZA;117;435;BOM JARDIM;EEFM SANTO AMARO;RUA NOVA CONQUISTA 871
MASSAPÊ;45;121;ZONA RURAL;EEF SAO FRANCISCO;SÍTIO SOCORRO
JUAZEIRO DO NORTE;28;474;JUVENCIO SANTANA;EEF PREFEITO JOSE MONTEIRO DE MACEDO;RUA SAO SALVADOR, 104
MAURITI;76;98;CENTRO;CENTRO VOCACIONAL TECNOLÓGICO;AV. SINVAL LACERDA, S/N
CROATÁ;74;133;SEDE;ESCOLA DE ENSINO MEDIO FLAVIO RODRIGUES;CENTRO
FORTALEZA;1;766;CAIS DO PORTO;EMTI VEREADOR ALBERTO GOMES DE QUEIROZ;AV. ZEZÉ DIOGO, 782
PEDRA BRANCA;59;144;SANTA URSULA;EEFIT MARIA ALVES DE OLIVEIRA;AV SABINO VIEIRA CAVALCANTE, 320
FORTALEZA;115;51;ITAPERI;UNIVERSIDADE ESTADUAL DO CEARA - UECE;AV DR. SILAS MUNGUBA, 1700
JAGUARETAMA;72;32;SITIO BELO HORIZONTE;UNIDADE BÁSICA DE SAÚDE DR. DEIVEBRITO RIBEIRO;SITIO BELO HORIZONTE
GENERAL SAMPAIO;50;203;ZONA RURAL;EMEF MANOEL JUSTINO - ANEXO(LAGOA DO MEIO);PEDRA D'AGUA
NOVA RUSSAS;48;142;GURGUEIA;GRUPO ESCOLAR REGINO ANTONIO DE OLIVEIRA;LOCALIDADE DE GURGUEIA,
PARAIPABA;109;162;CAMBURÃO;EMEIF FRANCISCO CIPRIANO MOREIRA;CAMBURAO
FORTALEZA;80;262;TAUAPE;EMEIF ALMERINDA DE ALBUQUERQUE;RUA ANA GONCALVES 1105
ARATUBA;105;175;SITIO FERNANDES KANINDÉ;ESCOLA MANOEL FRANCISCO DOS SANTOS (COMUNIDADE INDÍGENA);SITIO FERNANDES KANINDÉ
FORTALEZA;113;216;RODOLFO TEÓFILO;COLÉGIO DEOCLÉCIO FERRO;RUA MINERVINO DE CASTRO, 987
CRATEÚS;20;56;CIDADE NOVA;CENTRO DE EDUCACAO DE JOVENS E ADULTOS PROFESSOR LUIZ BEZERRA;RUA DR LUIZ CHAVES E MELO
PARACURU;109;11;CENTRO;E. E. M. HERMINIO BARROSO;CAP JOSE TELES, S/N
AQUIRAZ;66;149;TAPERA;EMEF PLACIDO CASTELO;RUA ASSIS BENTO DE FREITAS, 970 - BARRINHA
IBICUITINGA;47;176;DOIS IRMAOS;POSTO DE SAUDE DOIS IRMÃOS;SITIO DOIS IRMÃOS
MORADA NOVA;47;104;UIRAPONGA;EEB FRANCISCO GALVÃO DE OLIVEIRA;RUA JOSE BENTO DA SILVA
EUSÉBIO;88;229;AUTODROMO;CEI EDMILSON PINHEIRO;AV. LUISA TÁVORA, S/N
BREJO SANTO;70;246;RENE LUCENA;E E F HISTORIADOR PADRE ANTONIO GOMES DE ARAÚJO;RUA PEDRO NICODEMOS DE ARAUJO S/N
SÃO GONÇALO DO AMARANTE;36;314;LAGOA DAS COBRAS;ESCOLA DE ENSINO FUNDAMENTAL DEPUTADO FERNANDO ALCANTARA MOTA;LAGOA DAS COBRAS
TEJUÇUOCA;41;146;CAICARA I;ESCOLA MUNICIPAL JOAQUIM ANTONIO PATRICIO;CAICARA I
FORTALEZA;1;894;PAPICU;COLEGIO ANTARES - OCELO PINHEIRO;RUA PROFESSOR OCELO PINHEIRO 101
IRAUÇUBA;41;19;JUA;ESCOLA MUNICIPAL MIGUEL FERNANDES;RUA JOAQUIM PEREIRA PASSOS SN
LIMOEIRO DO NORTE;29;112;ÁREA RURAL;EEF JOSE ALVES DE MOURA;SITIO ARRAIAL
FORTALEZA;117;407;SIQUEIRA;ESCOLA MUNICIPAL PROF JOSE CÍRIO PEREIRA FILHO;RUA QUARTZO ROSA, 100
HORIZONTE;78;111;ZUMBI;EMEF JOSE EDUARDO DE SOUSA;RUA MARIA LUIZA NORONHA - 405
CANINDÉ;33;486;CENTRO;CENTRO DE SAÚDE CHICO CAMPOS;RUA ANTONIO MARTINS 239
JUAZEIRO DO NORTE;119;14;SANTA TEREZA;COLEGIO POLIVALENTE;JOSE MARROCOS SN
CARIRIAÇU;71;61;PARAÍSO;EEM SÃO PEDRO;RUA LUIZ BEZERRA 325
GRANJA;25;31;IBUAÇU;E.E.F. LIVIO BARRETO;VILA IBUACU
FORTALEZA;82;108;CRISTO REDENTOR;CCDH - CENTRO DE CIDADANIA E DIR. HUMANOS - GOV. VIRGÍLIO TÁVORA;AV. MONSENHOR HELIO CAMPOS, 178
CROATÁ;74;133;SEDE;ESCOLA DE ENSINO MEDIO FLAVIO RODRIGUES;CENTRO
CASCAVEL;7;197;GUANACES;ESC. MUNICIPAL ANTONIO FERREIRA DE FREITAS;LOCALIDADE DE CHORO BEBEDOURO
CRATO;27;71;PIMENTA;URCA - UNIVERSIDADE REGIONAL DO CARIRI;RUA CORONEL ANTÔNIO LUIZ, 1161
JAGUARIBARA;72;102;CENTRO;PROF JOCELIN MARCONDES XAVIER DE ALMEIDA;AV. ZÉ LEITÃO, 236
PEDRA BRANCA;59;27;CAPITÃO MOR;E.E.F. ANTONIO TORQUATO SOUSA;VILA CAPITAO MOR
NOVA RUSSAS;48;148;RESPLANDE;ESCOLA MUNICIPAL  DAVID JOSÉ DE CARVALHO;LOCALIDADE DE RESPLANDE,
FORTALEZA;1;486;PAPICU;COLEGIO ANTARES - OCELO PINHEIRO;RUA PROFESSOR OCELO PINHEIRO 101
CRATO;27;180;PONTA DA SERRA;EEIEF VITURINO DA COSTA VILAR;RUA VITORINO DA COSTA VILAR, SN. SÍTIO MALHADA
ITAPIPOCA;17;721;BOA VISTA;EEB MARIA DALVA BARBOSA AZEVEDO;RUA EUBIA BARROSO
SÃO GONÇALO DO AMARANTE;36;243;CROATA-DISTRITO;ESCOLA DE ENSINO FUNDAMENTAL PORFIRIO DE ARAUJO;RUA VALDO UCHOA - CROATA
ITAITINGA;78;339;PARQUE SANTO ANTONIO;EEM ANTÔNIO GERALDO DE LIMA;RUA PREFEITO ISAAC NEWTON CAMPOS, 337
IGUATU;13;280;ALTO DO JUCÁ;ESCOLA DE ENS FUND JOSÉ ERITON BARROS COSTA;RUA APULCRO LIMA VERDE SN
FORTALEZA;114;272;BARRA DO CEARÁ;EEEP PAULO PETROLA;RUA SAUDÁRIA, S/N - GOIABEIRAS
CAUCAIA;123;570;ARIANÓPOLIS (JUREMA);E.E.I.E.F. SEBASTIÃO BEZERRA DOS SANTOS;RUA SOLIMÕES, 361
CAUCAIA;120;264;CONJUNTO METROPOLITANO;E.E.I.E.F. ANTÔNIO MIRANDA DE MELO;RUA PEDRO ALVES DE MENEZES, 1095 - CONJUNTO METROPOLITANO
GRANJA;25;8;CENTRO;C.E.I. CARLOS DIAS MARTINS;AV VIRGILIO TAVORA, S/N
JUAZEIRO DO NORTE;119;437;LEANDRO BEZERRA DE MENESES;C.E.I. VEREADOR GETULIO GRANGEIRO PEREIRA;RUA CICERA PATRICIA DA COSTA, 450
AQUIRAZ;66;243;PRAINHA;CEI LUIZ SEMEAO DA COSTA;AV DAMIAO TAVARES DE SOUZA, S/N
FORTALEZA;114;98;JARDIM IRACEMA;EM RAIMUNDO DE SOUSA MANGUEIRA;RUA ALBERTO FERREIRA 624
CRATO;27;199;PONTA DA SERRA;EEIEF PEDRO FELÍCIO;VILA SÃO FRANCISCO, SN.
HORIZONTE;78;383;BUENOS AIRES;EMEF FRANCISCO XAVIER DE FREITAS;RUA MANOEL LUIZ, N. 1.352
CAUCAIA;123;300;PARQUE GUADALAJARA (JUREMA);E.E.I.E.F. DANILO DALMO DA ROCHA CORRÊA;RUA ACAPULCO, 1805 - PARQUE POTIRA II
ARNEIROZ;101;81;MACAUI;ESCOLA DE 1 GRAU MARIO DA SILVA LEAL;MACAUI
MISSÃO VELHA;16;6;TRILHO DE FERRO;EEF MAJOR FELIPE;AVENIDA BRASILIA S/N.
FORTALEZA;93;178;MONDUBIM;EEFM ESTADO DO MARANHAO;RUA CARLOS PIMENTA,506
FORTALEZA;2;726;MESSEJANA;EMEIF ANGELICA GURGEL;RUA DOUTOR PERGENTINO MAIA, 375
ITAPIPOCA;17;95;ASSUNÇÃO;EEM NOSSA SENHORA DA ASSUNCAO;ASSUNCAO
CRATEÚS;20;225;IRAPUA;ESCOLA DE CIDADANIA MENINO JESUS;ASSENTAMENTO APUI
ACOPIARA;60;40;SEDE;INSTITUTO FEDERAL DE EDUCAÇÃO, CIÊNCIA E TECNOLOGIA DO CEARÁ( IFCE);RODOVIA CE 060, KM 332 - VILA MARTINS
ITAPIPOCA;17;74;ÁREA RURAL DE ITAPIPOCA;EEB FRANCISCO TEIXEIRA PIRES;SALGADO DOS PIRES
CRATEÚS;20;221;CIDADE 2000;ESCOLA DE CIDADANIA JOSE FREIRE FILHO;KM 06 BR 404
CRATO;27;174;PONTA DA SERRA;EEM JOAQUIM VALDEVINO DE BRITO;RUA MARIA RIBEIRO DE MATOS S/N
CROATÁ;74;177;SEDE;ESCOLA DE ENSINO MEDIO FLAVIO RODRIGUES;CENTRO
CRATO;27;44;CENTRO;18ª CREDE - COORDENADORIA REGIONAL DE DESENV. DA EDUCAÇÃO;RUA ANDRÉ CARTAXO, 09
MARACANAÚ;104;146;CENTRO;EEM TENENTE MÁRIO LIMA;RUA FRANCISCO FIRMINO, 293
MARTINÓPOLE;25;106;CENTRO;E.E.F. PADRE JOSÉ ROBERTO (GINÁSIO);RUA JOAO BATISTA, 221
ITAREMA;98;177;ZONA RURAL;EMEF CLEMENTINO DOMINGOS FILHO;ITAPAGE
FORTALEZA;93;124;PLANALTO AYRTON SENNA;EEFM DEPUTADO JOACI PEREIRA;RUA PROFESSOR PEDRO JORGE, 830
MORADA NOVA;47;140;CENTRO;SECRETARIA MUNICIPAL DE EDUCAÇÃO BÁSICA;RUA SARGENTO MACEDO, 315
MARACANAÚ;122;255;LUZARDO VIANA;EMEF NAPOLEAO BONAPARTE VIANA;RUA NAPOLEAO BONAPARTE VIANA 410
CRATO;27;80;VILA ALTA;EEFM JOSÉ ALVES DE FIGUEIREDO;RUA GETÚLIO VARGAS, 214
FORTALEZA;3;236;CENTRO;FAC. ESTÁCIO - UNIDADE CENTRO (ANTIGO COLÉGIO CEARENSE);AV. DUQUE DE CAXIAS, 101
FORTALEZA;115;60;ITAPERI;UNIVERSIDADE ESTADUAL DO CEARA - UECE;AV DR. SILAS MUNGUBA, 1700
PARAMBU;19;399;OITICICA;ESCOLA ANTÔNIO RUFINO;CACHOEIRA DOS RUFINOS
FORTALEZA;3;439;ALDEOTA;COLÉGIO CHRISTUS (AV. BARÃO DE STUDART);RUA JOÃO CARVALHO, 630
FORTALEZA;2;484;MESSEJANA;EEMTI PROFª FERNANDA MARIA GOMES DE AMORIM;AVENIDA FREI CIRILO 4454
FORTALEZA;1;890;PAPICU;COLEGIO ANTARES - OCELO PINHEIRO;RUA PROFESSOR OCELO PINHEIRO 101
NOVA RUSSAS;48;12;PATRONATO;E.M.E.F. FRANCISCA DAS GRAÇAS T MESQUITA(ANTIGA EEFM MONSENHOR LEITÃO);RUA HERMENEGILDO MARTINS, 667
FORTALEZA;1;896;MANUEL DIAS BRANCO;COLÉGIO CÍVICO MILITAR BATALHA DO RIACHUELO;R. E, 100 - MANUEL DIAS BRANCO
CANINDÉ;33;364;ZONA RURAL;EMEF FRANCISCO JOSE;RUA FRANCISCO JOSE, S/N CAIÇARA
VIÇOSA DO CEARÁ;35;131;ZONA RURAL;E.E.I.F. JOÃO ZEFERINO RODRIGUES;SITIO ESCORREGADEIRA
FARIAS BRITO;62;187;SEDE;EEI JOANA ALVES BEZERRA;RUA ARACI FREITAS FRANCELINO, S/N
PACATUBA;57;9;CENTRO;EEM CRISPIANA DE ALBUQUERQUE;RUA RAIMUNDO SIQUEIRA,1819
ARACOIABA;67;154;CENTRO-SEDE;ESCOLA ALMIR PINTO - ENSINO FUNDAMENTAL E MEDIO;RUA SANTOS DUMONT 363
FORTALEZA;85;384;GENIBAÚ;EMEIF MANOEL CAETANO DE SOUZA;RUA SANTA LUCIA 170
CRATO;27;230;PIMENTA;URCA - UNIVERSIDADE REGIONAL DO CARIRI;RUA CORONEL ANTÔNIO LUIZ, 1161
FORTALEZA;114;110;PRESIDENTE KENNEDY;EM SÃO JOSÉ;AVENIDA DOUTOR THEBERGE 2288
FORTALEZA;1;920;VARJOTA;FACULDADE FARIAS BRITO - CASTRO MONTE;RUA CASTRO MONTE 1364
ALTANEIRA;53;93;SÍTIO TABOQUINHA;UNIDADE BÁSICA DE SAÚDE FRANCISCO ANANIAS BARBOSA;SÍTIO TABOQUINHA, SN
CAUCAIA;37;216;CENTRO;E.E.F. BRANCA CARNEIRO DE MENDONCA;PRACA DA MATRIZ, 666
COREAÚ;64;27;Ubaúna;UBAÚNA - ESCOLA M. PEDRO CONRADO;RUA MANOEL OSIRO, S/N
ABAIARA;26;10;SÍTIO LIVRAMENTO;ESCOLA FRANCISCO ALVES VIANA;SITIO LIVRAMENTO
ARACOIABA;67;95;LAGOA DE SAO JOAO-DISTRITO;ESCOLA MUNICIPAL RAIMUNDO CLEMENTINO DE OLIVEIRA;LAGOA DE SAO JOAO
GENERAL SAMPAIO;50;36;CONJUNTO SÃO JOSÉ;EEMTI EDITE ALCÂNTARA MOTA;RUA DO CAMPO, S/N
MARACANAÚ;104;412;PAJUÇARA;EEEP MARIA CARMEM VIEIRA MOREIRA;RUA MARIA FERREIRA, 150
ITAITINGA;78;384;GERERAÚ;EEMTI RAUL TAVARES CAVALCANTE;AV. PAULINO ROCHA, 3238
CAMOCIM;32;263;JARDIM DAS OLIVEIRAS;ESCOLA PROFISSIONALIZANTE MONSENHOR EXPEDITO DA SILVEIRA;RUA CLEBER PESSOA NAVARRO VERAS
PORTEIRAS;70;283;CENTRO-SEDE;ESCOLA DE ENSINO INFANTIL EM TEMPO INTEGRAL JESUS DANTAS;RUA MARIA GONCALVES DANTAS S/N
ITAIÇABA;75;137;CENTRO;E.E.F.T.I. PADRE ABILIO MONTEIRO NETO;RUA JOAO BARBOSA LIMA 1074
MARACANAÚ;122;135;COQUEIRAL;EMEF JOSE BELISARIO DE SOUSA;RUA MANOEL MOREIRA LIMA 790
VIÇOSA DO CEARÁ;35;145;SITIO SANTA BARBARA;E.E.F SANTA BARBARA;SITIO SANTA BARBARA
CAUCAIA;120;432;CONJUNTO METROPOLITANO;E.E.I.E.F. ANTÔNIO MIRANDA DE MELO;RUA PEDRO ALVES DE MENEZES, 1095 - CONJUNTO METROPOLITANO
CAUCAIA;123;440;NOVA METRÓPOLE (JUREMA);E.E.I.E.F. FRANCISCA ALVES DO AMARAL;AV. B, 442 - NOVA METRÓPOLE
BOA VIAGEM;63;216;JATOBá;EEF JERONIMO ALVES BEZERRA;JATOBA
CAMOCIM;32;26;CENTRO;EEI PROFESSORA ISAURA FREIRE FERREIRA;RUA DA INDEPENDENCIA
FORTALEZA;114;213;ÁLVARO WEYNE;EM MARIA ROSELI LIMA MESQUITA;RUA FRANCISCO CALAÇA 1791
FORTALEZA;114;360;BARRA DO CEARÁ;EEFM ESTADO DE ALAGOAS;AVENIDA PRESIDENTE CASTELO BRANCO, 5244
FORTALEZA;93;211;PREFEITO JOSÉ WALTER;CEI RACHEL DE QUEIROZ;RUA 41, S/N - II ETAPA
PACATUBA;57;335;MONGUBA;EEF MARIA DE SA RORIZ;RODOVIA CE 060 KM 15
FORTALEZA;3;3;CENTRO;COLÉGIO TIRADENTES VESTIBULARES;RUA PEDRO I, 1106
IGUATU;13;358;VILA MOURA;ESCOLA DE ENSINO MEDIO LUCAS EMANUEL;RUA AMALIA BRASIL SN
FORTALEZA;3;507;PRAIA DE IRACEMA;COLÉGIO ANTARES (PRAIA DE IRACEMA);RUA HISTORIADOR GUARINO ALVES, 95
FORTALEZA;3;382;ALDEOTA;UNICHRISTUS ALDEOTA;RUA VISCONDE DE MAUÁ, 1940
IGUATU;13;320;VILA MOURA;ESCOLA DE ENSINO MEDIO LUCAS EMANUEL;RUA AMALIA BRASIL SN
CANINDÉ;33;441;ZONA RURAL;EDEFM GAMELEIRA (COMUNIDADE INDÍGENA);COMUNIDADE INDÍGENA DE GAMELEIRA
FORTALEZA;3;415;ALDEOTA;UNICHRISTUS ALDEOTA;RUA VISCONDE DE MAUÁ, 1940
CAUCAIA;120;149;CARAUCANGA;E.E.I.E.F. FRANCISCO NOGUEIRA DA MOTA;CARAUCANGA - BR 020
CAMPOS SALES;38;38;DIST. DE ITAGUÁ;E.E.F.T.I  ANÂNIAS CUSTÓDIO ARRAIS - DIST. DE ITTAGUÁ;RUA ANÂNIAS CUSTÓDIO ARRAIS S/N
CAMOCIM;32;33;CENTRO;COLEGIO GEORGINA LEITAO MACEDO;RUA SANTOS DUMONT S/N
BOA VIAGEM;63;216;JATOBá;EEF JERONIMO ALVES BEZERRA;JATOBA
PORANGA;40;139;CABOCLOS;ESCOLA DE ENSINO FUNDAMENTAL 15 DE AGOSTO - CABOCLOS;CABOCLOS
CRATO;27;102;PINTO MADEIRA;EEMTI ESTADO DA BAHIA;AVENIDA JOSÉ PINHEIRO ESMERALDO S/N
FORTALEZA;114;101;JARDIM IRACEMA;EM RAIMUNDO DE SOUSA MANGUEIRA;RUA ALBERTO FERREIRA 624
FORTALEZA;2;736;MESSEJANA;EM PROFª TELINA BARBOSA DA  COSTA;RUA PERGENTINO MAIA, 811
MIRAÍMA;89;259;BROTAS;EEFM VICENTE ANTENOR FERREIRA GOMES;BROTAS
LIMOEIRO DO NORTE;29;6;CENTRO;COLEGIO DIOCESANO PE ANCHIETA;AV DOM AURELIANO MATOS 1925
PACUJÁ;79;193;BOM GOSTO;E.E.I.F. VALFRIDO SALMITO DE ALMEIDA;SÍTIO BOM GOSTO, S/N
IPUEIRAS;40;188;COITE;EEF RAIMUNDO SOBRINHO DE OLIVEIRA - COITE;COITÉ
MARANGUAPE;4;141;CENTRO - MARANGUAPE;COLÉGIO SEBASTIÃO DE ABREU;RUA ROBERTO BRAQUEHAIS, 656
PALMÁCIA;4;650;SACO DO VENTO;UBS SACO DO VENTO;SACO DO VENTO
AIUABA;101;28;SAO NICOLAU;GRUPO ESCOLAR EDMUNDO BRAGA;RUA BENTO HERCULES SN
IPU;21;145;DISTRITO;POSTO DE SAUDE - MARIA AYDÊ F. XIMENES;SANTA ROSA
IPU;21;161;DISTRITO;E.M.E.F. FRANCISCO PERES MARTINS;LAGOA VELHA
MILHÃ;55;78;CARNAUBINHA;ESCOLA DE ENSINO BASICO RAIMUNDO BEZERRA FIGUEIREDO;RUA VALDINA DE LIMA
LAVRAS DA MANGABEIRA;14;90;OURO BRANCO- DISTRITO;GRUPO ESCOLAR ROMANA RICARTE;RUA MIGUEL BISPO 114
SABOEIRO;43;275;MALHADA;E.E.F. JOSE GONCALVES DOS SANTOS;DISTRITO MALHADA
CRATEÚS;20;134;CIDADE NOVA;CENTRO DE EDUCACAO DE JOVENS E ADULTOS PROFESSOR LUIZ BEZERRA;RUA DR LUIZ CHAVES E MELO
ITAREMA;98;150;ZONA RURAL;EMEF OSIRES PONTES;CARVOEIRO
JARDIM;119;311;SITIO MINAS;CAPELA SÃO JOÃO BATISTA;SITIO MINAS  SN
NOVA RUSSAS;48;22;CENTRO;EEMTI OLEGARIO ABREU MEMORIA;RUA CEL. ANTONIO RODRIGUES VERAS 1018
BATURITÉ;5;26;SÍTIO SERRA VERDE;EMEF ANTÔNIO BATISTA;SÍTIO SERRA VERDE, SN
CRATEÚS;20;37;SÃO VICENTE;CENTRO ADMINISTRATIVO DA PREFEITURA DE CRATEÚS;RUA CEL TOTO, SN
MOMBAÇA;46;38;CENTRO;SECRETARIA DE AÇÃO SOCIAL DE MOMBAÇA-CE;RUA JOSÉ FRUTUOSO SÁ BENEVIDES, 241
CARNAUBAL;22;156;SEDE;ESCOLA COSME RODRIGUES DE SOUSA;RUA PRESIDENTE MEDICE SN
FORTALEZA;2;447;GUAJERU;EEEP COMENDADOR MIGUEL GURGEL;RUA JOSE BAIMA, S/N
JUAZEIRO DO NORTE;28;28;SAO MIGUEL;UNINASSAU CAMPUS SÃO MIGUEL;RUA SÃO FRANCISCO, 1224
QUIXERAMOBIM;11;318;CONJUNTO ESPERANCA;ESCOLA DONA MUNDOCA;RUA ANTONIO PEDRO SANTIAGO
SOBRAL;24;236;JAIBARAS;EEFI LEONILIA GOMES PARENTE;RUA SANTA TEREZINHA
SOBRAL;24;444;JAIBARAS;ETI VEREADOR JOSÉ MARIA FELIX;RODOVIA DEPUTADOR ELISIO AGUIAR, 183 (CE183)
CARIRIAÇU;71;21;VALÊNCIA;EEF MARTINIANO ELIAS DA SILVA;RUA ANTONIO GOMES, S/N
PALMÁCIA;4;637;NOVO BASÍLIO;EEFM RAIMUNDO JACKSON PEREIRA DE SOUZA;RUA ANTONIO HERMINIO, S/N
MONSENHOR TABOSA;61;147;CENTRO;E.M.E.F.T.I LUIZ LEITAO;AVENIDA PESSOA PIRES  2
FORTALEZA;1;824;VARJOTA;ESCOLA MUNICIPAL COLONIA Z-8;RUA MANOEL JESUINO,370
CAMPOS SALES;38;11;B. CENTRO;INSTITUTO EDUCACIONAL PROFESSORA MARIA DULCE DE ALENCAR - (MDA) - SEDE;RUA JULIO NORÕES, 531
IGUATU;13;410;BARREIRAS;CRECHE DAS BARREIRAS DOS CONSTATINOS;BARREIRAS DOS CONSTANTINOS
SANTA QUITÉRIA;54;211;ASSENTAMENTO QUIXÁBA;ESCOLA DE ENSINO FUNDAMENTAL RAIMUNDO MARTINS NETO;ASSENTAMENTO QUIXÁBA
SANTANA DO ACARAÚ;44;81;CANAFISTULA;EEF  FRANCISCO DAS CHAGAS FEIJAO;CANAFISTULA
FORTALEZA;93;108;MONDUBIM;EM OSMIRIO DE OLIVEIRA BARRETO;RUA 10, S/N (CJ SITIO DO CÓRREGO)
FORTALEZA;3;432;CENTRO;UNIARI - CENTRO UNIVERSITÁRIO ARI DE SÁ;AV. HERÁCLITO GRAÇA, 826
CRUZ;30;389;ZONA RURAL;ESCOLA RAIMUNDO LUIZ DA SILVEIRA;CÓRREGO DA POEIRA
BREJO SANTO;70;50;CONCEICAO-SEDE;ESCOLA MUNICIPAL JOAQUIM FURTADO DE LUCENA;VILA CONCEICAO
CARNAUBAL;22;16;SAO VICENTE;EEF AQUILES PERES MOTA;AV SAO VICENTE
LIMOEIRO DO NORTE;29;197;CANAFíSTULA;ESCOLA DE 1 GRAU SIZINANDO JACO DE FREITAS;SITIO CANAFISTULA
JAGUARIBARA;72;82;CENTRO;EMEF PROFESSORA JOSIRENE PEREIRA;RUA JOSE MARIA GONÇALVES, 210
MUCAMBO;79;203;CENTRO;E.E.M. JOSÉ CLÁUDIO DE ARAÚJO;RUA JOSÉ CLÁUDIO DE ARAÚJO, 615
TAUÁ;19;422;TRICI;EPG CRISTINA LIBERALINA DE LOIOLA;CALUMBI
SANTA QUITÉRIA;54;211;ASSENTAMENTO QUIXÁBA;ESCOLA DE ENSINO FUNDAMENTAL RAIMUNDO MARTINS NETO;ASSENTAMENTO QUIXÁBA
ACARAÚ;30;426;ZONA RURAL;ESCOLA RAIMUNDO BATISTA DE OLIVEIRA;ALTO DA BOA VISTA
CAUCAIA;123;487;PARQUE ALBANO (JUREMA);E.E.F.M. NOÉLIA ALENCAR;RUA 06, 125 - CONJUNTO SÃO MIGUEL II
CRATO;27;272;NOVO CRATO;EEMTI PREF. RAIMUNDO COELHO BEZERRA DE FARIAS;RUA FRANCISCO PIANCÓ LEITE S/N
PEDRA BRANCA;59;98;TROIA;E.E.I.F. CENTRO EDUCACIONAL VICENTE ALVES DE MELO;TROIA
QUIXERAMOBIM;11;319;DEPOSITO;ESCOLA PROFESSOR MARUM SIMAO;RUA JOSE ANTONIO DE ALMEIDA
CRATEÚS;20;28;CIDADE NOVA;CENTRO DE EDUCACAO DE JOVENS E ADULTOS PROFESSOR LUIZ BEZERRA;RUA DR LUIZ CHAVES E MELO
SENADOR POMPEU;12;107;CENTRO;COORDENADORIA REGIONAL DE  DESENVOLVIMENTO DE EDUCAÇÃO - CREDE 14;RUA PROFESSOR CAVALCANTE, 669
FORTALEZA;3;240;CENTRO;COLÉGIO ESTADUAL JUSTINIANO DE SERPA;AV. SANTOS DUMONT, 56
CRATEÚS;20;96;TUCUNS;ESCOLA DE CIDADANIA JOSE ARAUJO VERAS;QUEIMADAS
BATURITÉ;5;92;CENTRO-SEDE;EMEF DOMINGOS SAVIO;AV DOM BOSCO, 393
CAUCAIA;123;376;NOVA METRÓPOLE (JUREMA);E.E.F. EDGARD VIEIRA GUERRA;AV. CONTORNO SUL, 255
HORIZONTE;78;142;DIADEMA;EMEF PROF MARIA LUIZA BARBOSA CHAVES;RUA BATURITE SN - PARQUE DIADEMA
FORTALEZA;1;940;CIDADE 2000;ESCOLA MUNICIPAL ODNILRA CRUZ MOREIRA;AVENIDA DAS ADENANTERAS 800
MONSENHOR TABOSA;61;175;BOA VISTA;ESCOLA INDIGENA POVO CACETEIRO (ANEXO);ALDEIA INDÍGENA BOA VISTA
FORTALEZA;113;426;MONTESE;ESCOLA MUNICIPAL VICENTE FIALHO;RUA IRMA BAZET, 193
PIRES FERREIRA;21;170;DISTRITO;E.E.F. QUITERIA DIAS DE OLIVEIRA;SANTO ANTONIO
FORTALEZA;3;125;JACARECANGA;COLÉGIO ESTADUAL LICEU DO CEARÁ;PRAÇA GUSTAVO BARROSO, 01
CASCAVEL;7;101;SEDE;ESCOLINHA ABRAÇO FRATERNO;RUA TABELIAO JOSE MARCOS DE CASTRO S/N
CASCAVEL;7;48;GUANACES;ESC.ENS.FUND. LUISA GOLVEIA DOS SANTOS;CHORO JATOBA 1
HORIZONTE;78;415;BUENOS AIRES;EMEF FRANCISCO XAVIER DE FREITAS;RUA MANOEL LUIZ, N. 1.352
FORTALEZA;1;868;ALDEOTA;COLEGIO ARI DE SA - MONSENHOR CATAO;RUA MONSENHOR CATAO, 1655
ITAPIPOCA;17;693;ASSUNÇÃO;EEB PAUTÍLIA DE SOUSA BRAGA VERAS;RUA JOÃO TABOSA BRAGA, 650
DEPUTADO IRAPUAN PINHEIRO;55;94;CENTRO;CENTRO ADMINISTRATIVO DA ASSIST. SOCIAL ANT. HOLANDA LIMA;RUA CANDIDO BORGES
CAUCAIA;37;162;TABULEIRO GRANDE;ESCOLA DIFERENCIADA CACIQUE ANTONIO FERREIRA DA SILVA(COMUN. INDIGENA);TRAV. EDGAR VIEIRA GUERRA, S/N, REGIÃO GARROTE
SOLONÓPOLE;55;84;PASTA;GRUPO ESCOLAR ANTONIO BENIGNO BEZERRA;DISTRITO PASTA
SOLONÓPOLE;55;148;SAO JOSE;ESCOLA DE 1 GRAU MUNDOCA MOREIRA;RUA MIGUEL FIRMIANO
LIMOEIRO DO NORTE;29;4;JOÃO XXIII;EEMTI ARSÊNIO FERREIRA MAIA;RUA CEL JOSE NUNES 1245
FORTALEZA;118;562;MONDUBIM;COLÉGIO CONECTIVO;RUA GENERAL ONOFRE, 445
PARAMOTI;111;155;ZONA RURAL;EMEF SANTA RITA;POVOADO DE PARAÍSO/MULUNGU
CANINDÉ;33;498;ZONA RURAL;EMEF PEDRO FELIX SOUSA;LOCALIDADE DE POCO
AQUIRAZ;66;117;JUSTINIANO DE SERPA;EMEF ISIDORO DE SOUSA ASSUNCAO (ABC);RUA RUFINO CORREIA DE ASSUNCAO S/N
ITAPIPOCA;17;82;ARAPARI;EEB JERONIMO DE FREITAS GUIMARAES;ARAPARI
FORTALEZA;115;131;MARAPONGA;COLEGIO PROVECTO;RUA SUIÇA, 76
FORTALEZA;1;479;VARJOTA;COLEGIO FARIAS BRITO - PRÉ UNIVERSITARIO - JULIO ABREU;AVENIDA JULIO ABREU, 284
PARAIPABA;109;159;ZABELE;EMEIF LUIZA BARROSO BRAGA;ZABELE
CEDRO;13;516;FÁTIMA;ESCOLA DE ENS FUND FCA DE ALBUQUERQUE MOURA (CEJOVEM);RUA ANTONIO VIANA DE ARAUJO S/N
FORTALEZA;3;14;CENTRO;COLÉGIO 7 DE SETEMBRO (SEDE NGS);AV. DO IMPERADOR, 1330
FORTALEZA;3;535;CENTRO;EEMTI VISCONDE DO RIO BRANCO;AV. DOM MANUEL, 1803
SÃO JOÃO DO JAGUARIBE;91;123;CENTRO;EEF FRANCISCO GUERREIRO CHAVES;RUA CANDIDO CHAVES S/N
MADALENA;63;248;MACAOCA;EEF PAULINO RIBEIRO DE MELO;TIGRE
CRATO;27;156;PIMENTA;URCA - UNIVERSIDADE REGIONAL DO CARIRI;RUA CORONEL ANTÔNIO LUIZ, 1161
ACARAPE;52;171;PAU BRANCO II;ESCOLA ANTÔNIO MARINHEIRO;PAU BRANCO II
CRATEÚS;20;195;SANTO ANTÔNIO;ESCOLA DE CIDADANIA DE SANTO ANTONIO;SANTO ANTONIO
MILHÃ;55;89;CARNAUBINHA;ESCOLA DE ENSINO BASICO RAIMUNDO BEZERRA FIGUEIREDO;RUA VALDINA DE LIMA
MORADA NOVA;47;191;LAGOA GRANDE;EEB JOSE IRIS RABELO;LAGOA GRANDE
MAURITI;76;69;CENTRO;CÂMARA MUNICIPAL DE MAURITI;RUA CHAGAS SAMPAIO, S/N
PORANGA;40;91;SANTANA;ESCOLA ARIMATEAS FRANCISCO DE PINHO - SANTANA;SANTANA
LIMOEIRO DO NORTE;29;61;CENTRO;FACULDADE DE FILOSOFIA D AURELIANO MATOS;AV DOM AURELIANO MATOS 2058
MORADA NOVA;47;285;LAGOA GRANDE;EEB RAIMUNDO PEREIRA DE AGUIAR;JUAZEIRO DA LAGOA GRANDE
PIQUET CARNEIRO;12;122;CENTRO;EMEF REINO INFANTIL;RUA ZACARIAS PINHEIRO DA SILVA, S/N
IPAPORANGA;20;273;CENTRAL;ESCOLA DE EDUCAÇÃO INFANTIL PEQUENO PRÍNCIPE;RUA GABRIELRODRIGUES JÚNIOR, 101
QUIXADÁ;6;355;CUSTÓDIO;EEF AGOSTINHO FERREIRA DE SOUSA;PAU D'ARCO, S/N
COREAÚ;64;144;Breguedoff;COREAÚ - BREGUEDOFF CEI PROFª Mª ZILMAR;LOCALIDADE BREGUEDOFF
MILHÃ;55;144;CARNAUBINHA;ESCOLA DE ENSINO BASICO RAIMUNDO BEZERRA FIGUEIREDO;RUA VALDINA DE LIMA
ARARIPE;68;118;CAMPO DE AVIAÇÃO;ESCOLA PROFESSORA MARIA VIOLETA ARRAES DE ALENCAR GERVAISEAU - SEDE;CAMPO DE AVIAÇÃO
PIQUET CARNEIRO;12;136;CENTRO;EMEF REINO INFANTIL;RUA ZACARIAS PINHEIRO DA SILVA, S/N
UBAJARA;73;123;DISTRITO ARATICUM;ESCOLA PAULO FURTADO DE MENDONCA;RUA SALUSTIANO DE ALMEIDA, S/N DISTRITO DE ARATICUM
PORANGA;40;135;CHAPADA;ESCOLA REUNIDA SAO JOSÉ - CHAPADA;CHAPADA
JAGUARUANA;75;136;JOAO DUARTE;E.E.F. NOSSA SENHORA DE FATIMA;JOAO DUARTE
SOBRAL;24;539;RAFAEL ARRUDA;EEM AGOSTINHO NERES PORTELA;RUA MARIA ARAÚJO DAMASCENO, S/N
ARACATI;8;14;CENTRO;INSTITUTO SAO JOSE;RUA CEL ALEXANDRINO 563
QUIXERAMOBIM;11;280;MANITUBA;ESCOLA MANOEL FAUSTINO DE ALMEIDA;FORQUILHA
FORTALEZA;3;293;CENTRO;COLÉGIO ESTADUAL JUSTINIANO DE SERPA;AV. SANTOS DUMONT, 56
CRATO;27;45;CENTRO;18ª CREDE - COORDENADORIA REGIONAL DE DESENV. DA EDUCAÇÃO;RUA ANDRÉ CARTAXO, 09
PENTECOSTE;50;78;ZONA RURAL;EMTI PREFEITO ANTÔNIO CARNEIRO;PROVIDÊNCIA
CAMPOS SALES;38;54;B. CENTRO;INSTITUTO EDUCACIONAL PROFESSORA MARIA DULCE DE ALENCAR - (MDA) - SEDE;RUA JULIO NORÕES, 531
MORRINHOS;44;195;CURRALINHO;EMEFI  MIGUEL AVELINO VASCONCELOS;CURRALINHO
ARNEIROZ;101;83;CAMPO PRETO;ESCOLA DE 1 GRAU JOAO EVANGELISTA;CAMPO PRETO
LIMOEIRO DO NORTE;29;35;CENTRO;EEM LAURO REBOUCAS DE OLIVEIRA;RUA DOS EXPEDICIONARIOS 2921
PACAJUS;49;377;COAÇU;EDUCANDÁRIO RAIMUNDO PAIXÃO;RUA JOÃO AUGUSTO, 516
GRANJA;25;248;SÃO RAIMUNDO;E.E.F. SÃO RAIMUNDO;RUA DONA CHIQUEZA
ITATIRA;33;402;CENTRO;CEI. CHAVE DO SABER;RUA DOM HELIO CAMPOS, S/N
JAGUARETAMA;72;75;SITIO SERROTE BRANCO;E.M.E.F JOSE TEIXEIRA NERES;SITIO SERROTE BRANCO
ITAPIÚNA;105;180;ZONA RURAL;ASSOCIAÇÃO DOS MORADORES DA FAZENDA VELHA;FAZENDA VELHA / BOA ÁGUA
ITAPAJÉ;41;205;CENTRO-SEDE;CENTRO INTERESCOLAR JOÃO TEIXEIRA SARAIVA;RUA JOSE PINTO CAVALCANTE 273
AQUIRAZ;66;319;BOA VISTA;EMEF JOAQUIM DE SOUZA TAVARES;ESTRADA NOVA S/N - BOA VISTA
FORTALEZA;94;369;JARDIM IRACEMA;EEFM DEP FCO DE ALMEIDA MONTE;AV. CORONEL CARVALHO 2400
CRATEÚS;20;183;IBIAPABA;ESCOLA DE CIDADANIA DE IBIAPABA;IBIAPABA
MONSENHOR TABOSA;61;175;BOA VISTA;ESCOLA INDIGENA POVO CACETEIRO (ANEXO);ALDEIA INDÍGENA BOA VISTA
FORTALEZA;117;496;CONJUNTO ESPERANÇA;EMEIF PADRE CÍCERO ROMÃO BATISTA;RUA MARIELLE FRANCO, 630
CAMPOS SALES;38;48;DIST. DE QUIXARIÚ;E.E.F.T.I - MANOEL BEZERRA FORTALEZA - DIST. DE QUIXARIÚ;RUA LEONARDO DE ANDRADE S/N
CAMOCIM;32;280;ZONA RURAL;ESCOLA JOSÉ BENTO XAVIER -  MACEIO;LOCALIDADE DE MACEIO
JUAZEIRO DO NORTE;119;478;LAGOA SECA;UNILEÃO - UNIVERSIDADE DR LEAO SAMPAIO - CAMPI LAGOA SECA;AV. MARIA LETICIA LEITE PEREIRA, S/N
QUIXADÁ;6;468;ALTO SÃO FRANCISCO;ESCOLA ADVENTISTA ARLETE AFONSO;RUA EPITÁCIO PESSOA, 605
BARRO;92;74;CENTRO-SEDE;CRECHE SOSSEGO DA MAMAE;RUA MAJOR JANUARIO S/N
CRUZ;30;317;CANEMA;ESCOLA FILOMENA MARTINS DOS SANTOS;CANEMA
CAMPOS SALES;38;12;B. CENTRO;INSTITUTO EDUCACIONAL PROFESSORA MARIA DULCE DE ALENCAR - (MDA) - SEDE;RUA JULIO NORÕES, 531
IBICUITINGA;47;222;CHILE;ESCOLA DE 1 GRAU JOSE LINO RABELO;CHILE - SEDE
SOBRAL;121;159;CENTRO;EEFM DR JOAO RIBEIRO RAMOS;RUA CONSELHEIRO JOSE JULIO
QUIXADÁ;6;379;CIPÓ DOS ANJOS;EEF FLÁVIO PORTELA MARCILIO;PASSAGEM FUNDA, S/N
NOVA RUSSAS;48;19;CENTRO;EEMTI OLEGARIO ABREU MEMORIA;RUA CEL. ANTONIO RODRIGUES VERAS 1018
SOBRAL;24;236;JAIBARAS;EEFI LEONILIA GOMES PARENTE;RUA SANTA TEREZINHA
CANINDÉ;33;362;DISTRITO DE TARGINOS;EMEF RAIMUNDO ALVES PEREIRA;CANUDOS
LIMOEIRO DO NORTE;29;58;CENTRO;FACULDADE DE FILOSOFIA D AURELIANO MATOS;AV DOM AURELIANO MATOS 2058
CRATEÚS;20;62;SANTO ANTÔNIO;UNIDADE BÁSICA DE SAÚDE DO VALENTE;VALENTE
PEDRA BRANCA;59;33;SANTA CRUZ DO BANABUIU;E.E.F JOÃO MANOEL FILHO;RUA ANTONIO MACHADO, 72 - BAIRRO SANTO ANTONIO