LAVRAS DA MANGABEIRA;14;75;ARROJADO - DISTRITO;ESCOLA DE 1 GRAU MANOEL GONCALVES;RUA JOSE CAETANO S/N
ORÓS;15;306;SANTAREM - DISTRITO;E.E.F. MANOEL MOREIRA PEQUENO;RUA NOSSA SRA. DA CONCEIÇÃO, 118
MORADA NOVA;47;294;ROLDAO;UBS ROLDÃO II - JOSÉ JOSIAS BARRETO;POCO DA PEDRA
IBIAPINA;73;207;serraville ii;CRECHE MUNICIPAL MARIA ALVES LINHARES;RUA PERGENTINO RABELO
PEDRA BRANCA;59;115;SEDE;EEIF JOSEFA MARIA DA PAIXÃO;SITIO TRAPIA
SOBRAL;121;160;CENTRO;EEFM DR JOAO RIBEIRO RAMOS;RUA CONSELHEIRO JOSE JULIO
CRATO;27;156;PIMENTA;URCA - UNIVERSIDADE REGIONAL DO CARIRI;RUA CORONEL ANTÔNIO LUIZ, 1161
ITAPIPOCA;17;463;COQUEIRO;IFCE - CAMPUS ITAPIPOCA;AVENIDA DA UNIVERSIDADE, 102
MISSÃO VELHA;16;96;DISTRITO DE JAMACARU;EEFM PADRE AMORIM;RUA FELIX ITALIANO SN
CRATEÚS;20;5;CENTRO;CENTRO INTEGRADO DE EDUCAÇÃO DE CRATEÚS - CIEC;RUA FIRMINO ROSA, 837
PARAMBU;19;423;NOVO ASSIS;ESCOLA LUIS HENRIQUE DA SILVA;TABULEIRO
JAGUARUANA;75;47;JOAO DUARTE;E.E.F. NOSSA SENHORA DE FATIMA;JOAO DUARTE
PIQUET CARNEIRO;12;23;IBICUA;EMEF ANA CLARA DE MAGALHAES;RUA JOSÉ TEOTÔNIO, S/N
JAGUARIBARA;72;91;CENTRO;SINDICATO DOS TRABALHADORES RURAIS DE JAGUARIBARA;RUA PAULA CLOTILDE, 455
FORTALEZA;80;261;TAUAPE;SALÃO PAROQUIAL SÃO JOAO DO TAUAPE;RUA MONSENHOR SALAZAR, 279
CRATO;27;250;PIMENTA;URCA - UNIVERSIDADE REGIONAL DO CARIRI;RUA CORONEL ANTÔNIO LUIZ, 1161
UBAJARA;73;130;CENTRO;ESCOLA MARIA AGUIAR VASCONCELOS;RUA ÂNGELO SOUSA, S/N
QUIXELÔ;13;291;ÁREA RURAL DE QUIXELÔ;ESCOLA DE ENS FUND JOÃO VICENTE DA SILVA;SITIO GASPAR
ARACOIABA;67;83;PEDRA BRANCA-DISTRITO;ESCOLA MUNICIPAL VICENTE NONATO;RUA DA INDEPENDENCIA SN
MARACANAÚ;104;417;PAJUÇARA;EMEIEF PREFEITO ALMIR FREITAS DUTRA;RUA ELÍFIO MEDEIROS DA CUNHA, 531
SANTA QUITÉRIA;54;259;ASSENTAMENTO SANTA MARIA II;ESCOLA DE ENSINO FUNDAMENTAL FREI DAMIÃO;ASSENTAMENTO SANTA MARIA II
MILHÃ;55;108;CARNAUBINHA;ESCOLA DE ENSINO BASICO RAIMUNDO BEZERRA FIGUEIREDO;RUA VALDINA DE LIMA
PEDRA BRANCA;59;163;CENTRO;CENTRO ADMINISTRATIVO CESÁRIO MENDES;RUA FURTUNATO SILVA, 45
ORÓS;15;247;CENTRO;PÓLO UAB PADRE DJALVO BEZERRA DE ALENCAR;TRAVESSA DR. ROSEVALDO, SN
SOBRAL;121;93;SINHÁ SABÓIA;CEI JACYRA PIMENTEL GOMES;RUA RIO NEGRO SN
JUAZEIRO DO NORTE;119;197;PIRAJA;ESCOLA CLOTILDE SARAIVA COELHO;LIMOEIRO 2338
CRATO;27;369;ZACARIAS GONÇALVES;UNIDADE BÁSICA DE SAÚDE MARIA VERÔNICA COUTO PINHEIRO;AVENIDA JOSÉ HORÁCIO PEQUENO S/N - BELMONTE
IPUEIRAS;40;105;MILHÃ;ESCOLA DE ENSINO FUNDAMENTAL BENEDITO ALVES DA SILVA - MILHÃ;MILHÃ
PIQUET CARNEIRO;12;127;IBICUA;EMEF ANA CLARA DE MAGALHAES;RUA JOSÉ TEOTÔNIO, S/N
BELA CRUZ;96;86;SANTO IZIDIO-LOCALIDADE;EMEIEF FRANCISCO CIPRIANO SAMPAIO;SANTO IZIDIO
MOMBAÇA;46;49;MORADA NOVA;ESCOLA DE ENSINO FUNDAMENTAL MARIA AMBROSINA CAVALCANTE;MORADA NOVA
COREAÚ;64;147;COHAB;COREAÚ - ESCOLA MUN. PROFª IZAURA MA. DA SILVA;RUA TANCREDO NEVES, S/N - COHAB
IPU;21;53;FLORES;UNIDADE BASICA DE SAUDE DAS FLORES - FRANCISCO DAS CHAGAS TORRES;FLORES
FORTALEZA;3;247;CENTRO;COLÉGIO ARI DE SÁ - PRÉ-VESTIBULAR - SEDE DUQUE DE CAXIAS;AV. DUQUE DE CAXIAS, 519
JUAZEIRO DO NORTE;119;177;SANTA TEREZA;CREDE 19;RUI BARBOSA SN
SOLONÓPOLE;55;85;SAO JOSE;E. M. E. B. PROFA. MARIA NERY FIALHO;RUA MARIA NEÓZIA DE CARVALHO LEANDRO, S/N
ARACATI;8;119;AROEIRAS;SALÃO COMUNITÁRIO DE AROEIRAS;AROEIRAS
ARARENDÁ;48;186;RAMADINHA;E. E. F.  ANTONIO DE SOUSA BARROS;LOCALIDADE DE RAMADINHA
BATURITÉ;5;244;CENTRO-SEDE;EMEF DOMINGOS SAVIO;AV DOM BOSCO, 393
TAUÁ;19;157;COLIBRIS/SEDE;CEJA LUZIA ARAÚJO FREITAS;RUA ABIGAIL CIDRAO DE OLIVEIRA 51
IPAPORANGA;20;256;ÁGUA BRANCA;ESCOLA DE ENSINO FUNDAMENTAL SANTA RITA DE CASSIA;AGUA BRANCA
TIANGUÁ;81;303;ÁREA RURAL DE TIANGUÁ;E.E.F. LUIZ SERAFIM;SÍTIO LAJES
MAURITI;76;127;SÃO FÉLIX-DISTRITO;EEF SÃO JOSÉ;DISTRITO DE SÃO FÉLIX - SAÍDA PARA OLHO D'ÁGUA
CRATO;27;129;DOM QUINTINO;CENTRO DE EDUCAÇÃO INFANTIL RAIMUNDO DE SOUSA SOBRINHO;RUA BOA VISTA, 252
CASCAVEL;7;302;ALTO LUMINOSO;E.E.E.F.M. PADRE ARIMATEIA DINIZ;RUA FOTOGRAFO JOSE HONORATO, 2911
FORTALEZA;113;432;MONTESE;ESCOLA MUNICIPAL VICENTE FIALHO;RUA IRMA BAZET, 193
NOVO ORIENTE;99;149;ZONA RURAL;CENTRO DE EDUCAÇÃO RURAL - CERU;LAGOA DA AREIA
GRANJA;25;177;PESSOA ANTA;E.E.F. JOÃO FONTENELE DE ARAUJO;SITIO BAIXA DO CEDRO
CRATO;27;75;PIMENTA;URCA - UNIVERSIDADE REGIONAL DO CARIRI;RUA CORONEL ANTÔNIO LUIZ, 1161
ARACATI;8;28;CENTRO;E.E.M.T.I. BARAO DE ARACATI;PRAÇA DOS PRAZERES, 82
FORTALEZA;3;311;CENTRO;EEMTI VISCONDE DO RIO BRANCO;AV. DOM MANUEL, 1803
CRATO;27;240;CAMPO ALEGRE;UNIDADE BÁSICA DE SAÚDE MARIA DUARTE;RODOVIA - CE-292, S/N - GUARIBAS
PARAMOTI;111;151;ZONA RURAL;EMEF SANTA RITA;POVOADO DE PARAÍSO/MULUNGU
ARATUBA;105;83;CENTRO-SEDE;EEF PROFESSORA MARIA JULIA PEREIRA BATISTA;RUA TARGINO GOES S/N
ITAPIPOCA;17;722;BARRENTO;EEB NORBERTO ANTÔNIO DO NASCIMENTO;MERGULHÃO
ITAPIÚNA;105;167;ZONA RURAL;EEIEF JARBAS PASSARINHO - ESCOLA POLO;FAZENDA SAO JOSE
PENTECOSTE;50;231;ZONA RURAL;EEIF PROF. PAULO FREIRE - ANEXO(MACACOS);MOCÓ
ALCÂNTARAS;24;348;SAO JOSE;EEM FRANCISCO DE ALMEIDA MONTE;RUA FRANCISCO CUNHA S/N
VARJOTA;65;203;JATOBÁ;E.E.F. FRANCISCA EZEQUIEL DE SOUSA;SÍTIO JATOBÁ - ZONA RURAL
ARARENDÁ;48;56;LAGOA DE SANTO ANTONIO;CRECHE FAUSTO MARQUES BRASIL(ANTIGA CRECHE ARCO IRIS);DISTRITO DE LAGOA DE SANTO ANTONIO
CAMPOS SALES;38;173;ZONA RURAL;E.E.I.F JOAQUIM FRANCISCO DA SILVA - SITIO ALÍVIO;SÍTIO ALÍVIO
FORTALEZA;3;118;CENTRO;COLÉGIO 7 DE SETEMBRO (SEDE NGS);AV. DO IMPERADOR, 1330
SOBRAL;121;49;CENTRO;EEM PROFESSOR ARRUDA;RUA CEL. MONT'ALVERNE, 570
COREAÚ;64;117;Lagoa do Barro;LAGOA DO BARRO - PRÉDIO DA ESCOLA MUNICIPAL;LOCALIDADE LAGOA DO BARRO
PORTEIRAS;70;414;VASSOURINHA-SEDE;E E F MARIA PINHEIRO CARDOSO;SITIO VASSOURINHA
FORTALEZA;3;243;CENTRO;COLÉGIO ARI DE SÁ - PRÉ-VESTIBULAR - SEDE DUQUE DE CAXIAS;AV. DUQUE DE CAXIAS, 519
FORTALEZA;3;215;CENTRO;COLÉGIO ARI DE SÁ - PRÉ-VESTIBULAR - SEDE DUQUE DE CAXIAS;AV. DUQUE DE CAXIAS, 519
MAURITI;76;159;CENTRO;SINDICATO DOS TRABALHADORES RURAIS DE MAURITI;RUA JOSÉ QUINTINO, 55
APUIARÉS;50;195;CENTRO;UBS FRANCISCO NILTON GUIMARÃES SILVA;RUA 4, S/N
IGUATU;13;585;CENTRO;ESCOLA DE ENSINO MÉDIO EM TEMPO INTEGRAL DE IGUATU;RUA GUILHERME DE OLIVEIRA, 842
PENTECOSTE;50;103;CENTRO;SECRETARIA DE SAÚDE;RUA ARTUR MOREIRA DE AZEVEDO, S/N
BARBALHA;31;180;BETÂNIA;EMEIF MARECHAL RONDON (SÍTIO BETÂNIA);SITIO BETANIA, S/N (7.46264 S, 39.43068 W)
PENTECOSTE;50;224;ZONA RURAL;EMTI PREFEITO ANTÔNIO CARNEIRO - ANEXO(PROVIDÊNCIA);MUQUENZINHO
ICÓ;15;105;CRUZEIRINHO - DISTRITO;ESCOLA MUNICIPAL ALCIDES DA COSTA MOREIRA;DISTRITO CRUZEIRINHO S/N
MARANGUAPE;4;141;CENTRO - MARANGUAPE;COLÉGIO SEBASTIÃO DE ABREU;RUA ROBERTO BRAQUEHAIS, 656
ITAPAJÉ;41;116;SANTA RITA-SEDE;E.E.M.T.I PROFª ESTEFÂNIA MATOS;RUA BENTO ÁVILA DE SOUSA, 101
FORTALEZA;115;359;PARANGABA;EEEP JOAQUIM MOREIRA DE SOUSA;RUA CAIO PRADO 02
SABOEIRO;43;271;FELIPE;E.E.F. FRANCISCO ALVES DE OLIVEIRA;POVADO FELIPE
BELA CRUZ;96;18;CENTRO-SEDE;EEMTI PROFESSORA MARIETA SANTOS;RUA SAO VICENTE, 699
BARRO;92;8;CENTRO-SEDE;EEEP PROFESSOR JOSÉ OSMAR PLÁCIDO DAS SILVA;RUA ANTÔNIA BEZERRA TELES, S/N
CAUCAIA;120;452;GENIPABU;E.E.I.E.F. OSCAR DE AZEVEDO E SÁ;BR 222, KM 17
PIQUET CARNEIRO;12;33;CENTRO;SIND DOS TRAB RURAIS E AGRICULTORES(AS) FAMILIARES DE PIQ. CARNEIRO;RUA ZACARIAS PINHEIRO DA SILVA, S/N
IPU;21;125;DISTRITO;E.M.E.F. FUNDAÇÃO MARTINS;LAGES
TAMBORIL;61;67;DISTRITO DE OLIVEIRAS;EMEIF FRANCISCO LUCIO;RUA FRANCISCO LUCIO - VILA OLIVEIRAS
MORADA NOVA;47;295;2 DE AGOSTO;EEEP OSMIRA EDUARDO DE CASTRO;RUA ALUÍSIO GONZAGA DE LIMA, S/N
COREAÚ;64;139;Lajeiro;LAJEIRO - ESCOLA MUN. REINALDO PIMENTA;LOCALIDADEDE  LAJEIRO, COREAÚ
CRATO;27;327;NOVO CRATO;EEMTI PREF. RAIMUNDO COELHO BEZERRA DE FARIAS;RUA FRANCISCO PIANCÓ LEITE S/N
FORTALEZA;83;128;HENRIQUE JORGE;EEMTI ANTONIETA SIQUEIRA;RUA GUARANI 04
GRANJA;25;100;CENTRO;E.E.F. DONA SINHA CRUZ DE VASCONCELOS;RUA DR. JOAO PESSOA, 345
CAUCAIA;123;572;NOVA METRÓPOLE (JUREMA);E.E.I.E.F. LUIZ GONZAGA FONSECA MOTA;AVENIDA CONTORNO OESTE, S/N
ITAPIPOCA;17;567;BELA VISTA;EEB RITA PIRES DOS SANTOS;CEDRO
FORTALEZA;1;800;ALDEOTA;COLEGIO ANTARES - SANTOS DUMONT;AVENIDA SANTOS DUMONT 3777
FORTALEZA;93;256;PREFEITO JOSÉ WALTER;EM FRANCISCO NUNES CAVALCANTE;RUA POETA MÁRIO LINHARES, 561
PEREIRO;10;142;DISTRITO DE CRIOULAS;ESCOLA MUNICIPAL DO 1 GRAU CANDIDO JOSE NOGUEIRA;DISTRITO DE CRIOULAS
PEDRA BRANCA;59;57;MINEIROLANDIA;PSF DIONIZIO FRUTUOSO DUARTE;SITIO BREJO
CRATO;27;260;PINTO MADEIRA;CENTRO DE ESPECIALIDADES DO CRATO;RUA JOSÉ MARROCOS 471
CRATO;27;374;SÃO BENTO;CEI ELIZA JACINTO LOPES DE SOUSA;RUA PROJETADA 08, S/N - CONJUNTO MADRE FEITOSA/DISTRITO DE BELA VISTA
FORTALEZA;83;727;BELA VISTA;EEMTI SENADOR FERNANDES TÁVORA;RUA GOIÁS 141
FARIAS BRITO;62;206;LAMAJU;EEI RAIMUNDA DE SOUSA LACERDA;VILA LAMAJU
JATI;70;381;CARNAUBA-SEDE;ESCOLA MUNICIPAL DORALICE FERREIRA DE SOUSA;VILA CARNAUBA
FORTALEZA;80;366;FÁTIMA;INSTITUTO DE EDUCAÇÃO DO CEARÁ;RUA GRACILIANO RAMOS, 52
TABULEIRO DO NORTE;91;25;CENTRO;ESCOLA DE 1 E 2 GRAUS FRANCISCO MOREIRA FILHO;RUA MANOEL FRANKLIN, 5033
ITAPAJÉ;41;197;PADRE LIMA;E.E.M. MONSENHOR CATAO PORFIRIO SAMPAIO;RUA TEIXEIRA PINTO 136
CAUCAIA;37;279;PABUSSU;IFCE - INSTITUTO FEDERAL DE EDUCAÇÃO, CIÊNCIA E TECNOLOGIA DO CEARÁ;R. FRANCISCO DA ROCHA MARTINS
CAUCAIA;37;27;CENTRO;E.E.F. BRANCA CARNEIRO DE MENDONCA;PRACA DA MATRIZ, 666
CAMOCIM;32;239;BOA ESPERANCA;COLEGIO MONSENHOR JOSE AUGUSTO;RUA 3 DE OUTUBRO S/N
JUAZEIRO DO NORTE;28;2;CENTRO;BIBLIOTECA PÚBLICA MUNICIPAL DR. POSSIDÔNIO DA SILVA BEM;RUA SANTO AGOSTINHO, 300
SANTA QUITÉRIA;54;241;DISTRITO DE LISIEUX;E.E.M. MARIA NEUSA ARAÚJO MOURA;RUA ANTONIA BRAGA, S/N.
PACAJUS;49;295;CROATA II;EEF JOÃO RONALDO MATIAS;RUA MARIA IDENIA LOPES DO NASCIMENTO, 105 - ÁREA VERDE
REDENÇÃO;52;85;DISTRITO DE FAÍSCA;ESCOLA FRANCISCO RAIMUNDO DE LIMA;BOQUEIRÃO DA FAÍSCA
JUAZEIRO DO NORTE;28;173;SAO MIGUEL;CEJA PROFA. CÍCERA G. CORREIA;DO CRUZEIRO 1440
MARACANAÚ;122;23;LUZARDO VIANA;COLEGIO ESTADUAL RUI BARBOSA;RUA JOSE JANUARIO PINTO, S/N
APUIARÉS;50;121;ZONA RURAL;EEF DELFINO GOMES DOS SANTOS;SALGADO
MARACANAÚ;122;87;JAÇANAÚ;EMEF JOAQUIM AGUIAR;RODOVIA 065 KM 09 9821
PARAMOTI;111;128;CENTRO;EMEF MANUEL DE ARRUDA;SANTA ROSA
FORTALEZA;82;95;MONTE CASTELO;EM PROFESSOR MARTINZ DE AGUIAR;RUA BERNARDO PORTO, 470
IGUATU;13;354;VILA MOURA;ESCOLA DE ENSINO MEDIO LUCAS EMANUEL;RUA AMALIA BRASIL SN
ITAPIPOCA;17;605;CENTRO;EEM JOAQUIM MAGALHÃES;RUA PERGENTINA ARAUJO S/N
CRATO;27;270;MURITI;IGREJA NOSSA SENHORA DE FÁTIMA - MURITI;RUA KALORÉ, 302-A
CHOROZINHO;49;89;BAIXA PRETA;EEF LUIZA SOARES LIMA;LOCALIDADE DO RIACHO
MUCAMBO;79;239;CENTRO;ESCOLA ELZE MENDES DE AGUIAR;AV AGRONOMO JOSE ALVES, S/N - SEDE
FORTALEZA;93;122;PLANALTO AYRTON SENNA;EEFM DEPUTADO JOACI PEREIRA;RUA PROFESSOR PEDRO JORGE, 830
CAMOCIM;32;185;CENTRO;CEJA - JOAO DA SILVA RAMOS;PRACA JOSE SEVERIANO MOREL S/N
QUIXELÔ;13;162;ÁREA RURAL DE QUIXELÔ;CENTRO DA JUVENTUDE DO SÍTIO GARROTA;GARROTA I-SITIO
INDEPENDÊNCIA;39;221;RIACHO DO GADO;E.E.F. ANTERO FERREIRA DA PONTE;LOCALIDADE RIACHO DO GADO
SANTANA DO CARIRI;53;43;CENTRO;EMEIEF ESCRITORA RAQUEL DE QUEIROZ;LARGO LAURO SOBREIRA, SN
FORTALEZA;2;142;MESSEJANA;EM JOSEFA BARROS DE ALENCAR;RUA DOUTOR JOAQUIM BENTO 590
CAMOCIM;32;263;JARDIM DAS OLIVEIRAS;ESCOLA PROFISSIONALIZANTE MONSENHOR EXPEDITO DA SILVEIRA;RUA CLEBER PESSOA NAVARRO VERAS
FORTALEZA;2;696;CAMBEBA;SECRETARIA DA EDUCACAO - CAMBEBA;AVENIDA MINISTRO JOSE AMERICO, SN
CAUCAIA;120;391;PADRE JULIO MARIA;E.E.F. MARIA MOTA RODRIGUES;RUA CORONEL CORREIA, 3267
HORIZONTE;78;168;PLANALTO HORIZONTE;EMEF JORGE PEREIRA DA ROCHA;RUA PAULO FREIRE 40
ARARIPE;68;75;DISTRITO PAJEU;ESCOLA RAIMUNDO CÍCERO DA SILVA -  PAJEÚ;RUA SAO JORGE, S/N
VÁRZEA ALEGRE;62;112;SEDE RURAL;EEF ELIZA PRIMO DE MORAIS;SITIO COITÉ
LIMOEIRO DO NORTE;29;5;CENTRO;COLEGIO DIOCESANO PE ANCHIETA;AV DOM AURELIANO MATOS 1925
FORTALEZA;118;629;PASSARÉ;COLEGIO CONEXÃO SABER;RUA DOUTOR PEDRO SAMPAIO, 550
PEDRA BRANCA;59;71;SEDE;E.E.I.F. JOSE ARAUJO CHAVES;SITIO OLHO D' AGUINHA
LAVRAS DA MANGABEIRA;14;9;CENTRO - SEDE;EEMTI ALDA FERRER AUGUSTO DUTRA;RUA CORONEL JOAO AUGUSTO 454
QUIXERAMOBIM;11;225;JAIME LOPES;ESCOLA JOSE MARIO BARBOSA;RUA FRANSQUINHO CARNEIRO SN
GRANJA;25;115;SÃO PEDRO;E.E.F. ARZILIA MOTA;RUA PARAIBA, S/N
RUSSAS;9;177;PIAUI;ESCOLA MUNICIPAL LUIZ COSTA LIMA;SITIO PIAUI
FORTALEZA;116;159;BOM JARDIM;EM SEBASTIAO DE ABREU;RUA GERALDO BARBOSA 1065
CAUCAIA;37;258;TABULEIRO GRANDE;ESCOLA DIFERENCIADA CACIQUE ANTONIO FERREIRA DA SILVA(COMUN. INDIGENA);TRAV. EDGAR VIEIRA GUERRA, S/N, REGIÃO GARROTE
CAUCAIA;37;539;TABAPUAZINHO;E.E.I.E.F. TIO MANUEL (ANTIGO LORENA AMARAL);RUA BANABUIÚ, N 1150
LIMOEIRO DO NORTE;29;202;BOA FE;EEF MARIA IDALINA DE FREITAS;RUA ESTEVAM REMIGIO, 3029
SOBRAL;24;624;JUNCO;EEFI JOSE DA MATA E SILVA;AV DR JOSE ARIMATEA MONTE E SILVA, 574
FORTALEZA;2;176;MESSEJANA;EEMTI PROFª FERNANDA MARIA GOMES DE AMORIM;AVENIDA FREI CIRILO 4454
PINDORETAMA;7;182;CAPONGA FUNDA - PINDORETAMA;EMEB AURELINA FALCÃO DA SILVA;AV. PEDRO FERREIRA DO NASCIMENTO, 1057
PACAJUS;49;210;CENTRO;CENTRO DE EDUCAÇÃO DE JOVENS E ADULTOS DE PACAJUS - CEJAP;RUA TABELIAO JOSE GAMA FILHO, 350
MARACANAÚ;122;15;PIRATININGA;COLÉGIO ESTADUAL PROFº FRANCº OSCAR RODRIGUES(COL.EST.LICEU MARACANAÚ);AV. LUIZ GONZAGA HONÓRIO, 50, PIRATININGA, MARACANAÚ-CE
FORTALEZA;80;359;TAUAPE;EMEIF ALMERINDA DE ALBUQUERQUE;RUA ANA GONCALVES 1105
CAMOCIM;32;281;OLINDA;EEF EDUARDO NORMANDIA DE ALBUQUERQUE - BAIRRO NOVA OLINDA;NOVA OLINDA II, 367
ARATUBA;105;100;SITIO BARREIROS;ESCOLA FRANCISCO JOSE DE FREITAS;SITIO BARREIROS
ACARAÚ;30;169;ZONA RURAL;ESCOLA DE TAPUIO;TAPUIO
FORTALEZA;115;464;MANOEL SÁTIRO;EM HENRIQUETA GALENO;RUA MAJOR MONTENEGRO 917
MARACANAÚ;122;94;INDUSTRIAL;EEFM JOSE DE BORBA VASCONCELOS;AV. CONTORNO SUL S/N
FORTALEZA;3;574;MEIRELES;WIZARD - AV. SANTOS DUMONT;AV. SANTOS DUMONT, 2110 (ESQ. COM RUA SILVA PAULET)
SOBRAL;121;13;SINHÁ SABÓIA;ESCOLA CARLOS JEREISSATI;AV SENADOR FERNANDES TAVORA, 950
ORÓS;15;262;CAATINGA - SITIO;POSTO DE SAÚDE SÍTIO CAATINGA;SITIO CAATINGA, S/N
FORTALEZA;112;379;CIDADE DOS FUNCIONÁRIOS;EEFM WALTER DE SA CAVALCANTE;AVENIDA OLIVEIRA PAIVA, 550
RUSSAS;9;49;CENTRO;ESCOLA MUNICIPAL TIA BENILCE DE EDUC INFANTIL E ENSINO FUNDAMENTAL;AVENIDA DOM LINO, 204
MARACANAÚ;122;35;NOVO ORIENTE;EMEF MAESTRO ELEAZAR DE CARVALHO;AV. CENTRAL S/N
URUOCA;25;107;CAMPANARIO;E.E.F. NE CONRADO;AV. ALBERTO BATISTA FONTENELE, 21
CATARINA;60;224;VILA NOVA - SEDE;CENTRO REF.DA ASSIST. SOCIAL - CRAS;RUA OSTERNO FEITOSA
JIJOCA DE JERICOACOARA;30;292;CENTRO;ESCOLA JOSE DIONISIO DE SOUSA;RUA RAIMUNDO ALEXANDRE 330
CAUCAIA;120;358;CIGANA;E.E.I.E.F DALVA PONTES DA ROCHA;RUA QUINTINO JOSE CORREIA, 465
QUIXADÁ;6;294;ALTO SÃO FRANCISCO;EEF SONHO MEU;RUA RAIMUNDO LOPES DE SÁ, S/N
SOBRAL;24;547;PADRE PALHANO;EEFI MARIA JOSE FERREIRA GOMES;RUA PRESIDENTE JUSCELINO KUBITSCHEK, S/N
HORIZONTE;78;82;CENTRO;EMEF PROFESSORA RAIMUNDA DUARTE TEIXEIRA ;AV EUDES XIMENES, 83 - CENTRO 
CAMOCIM;32;39;CENTRO;COLEGIO GEORGINA LEITAO MACEDO;RUA SANTOS DUMONT S/N
CRATEÚS;20;220;IRAPUA;ANEXO ESCOLA DE CIDADANIA LUTANDO PARA VENCER-CASA GRANDE-POCINHOS;ASSENTAMENTO POCINHOS
CANINDÉ;33;360;CAN;CEI - CENTRO DE EDUCAÇÃO INFANTIL TIA LOURDINHA;RUA NOVA VILA, S/N
JUAZEIRO DO NORTE;28;43;SALESIANOS;COLEGIO SALESIANO SÃO JOÃO BOSCO;PADRE CICERO 1492
ALTANEIRA;53;9;CENTRO;EEMTI SANTA TEREZA;RUA JOAQUIM ALVES BITU, SN
HORIZONTE;78;119;ZUMBI;EMEF JOSE EDUARDO DE SOUSA;RUA MARIA LUIZA NORONHA - 405
FORTALEZA;93;95;PREFEITO JOSÉ WALTER;CEI ROGACIANO LEITE;AVENIDA J, 1488 - III ETAPA
GRANJEIRO;62;271;SÍTIO CANABRAVA DOS FERREIRAS;EEF AUGUSTO FERREIRA DA SILVA;SITIO CANABRAVA DOS FERREIRAS
FORTALEZA;114;94;BARRA DO CEARÁ;CUCA BARRA DO CEARÁ;AV. PRES. CASTELO BRANCO, 6417
MARACANAÚ;122;10;NOVO MARACANAU;EMEIEF PROFª MARIA DO SOCORRO VIANA FREITAS;RUA 10 S/N
ACARAÚ;30;221;ZONA RURAL;ESCOLA ANTONIO DELFINO;OSTRAS
CRATO;27;191;PONTA DA SERRA;EEIEF PEDRO NUNES DE SOUSA;VILA JENIPAPO, SN.
ITAREMA;98;98;CENTRO;CEI - ANA CELIA GIFONI TAVARES RIOS;RUA JOSE FERNANDES DE SOUSA S/N
IGUATU;13;46;ALTO DO JUCÁ;SECRETARIA MUNICIPAL DE AÇÃO SOCIAL;RUA 21 DE ABRIL SN
FORTALEZA;94;930;VILA VELHA;EMTI DEPUTADO ROBERTO MESQUITA;R. BETA,  SN
TEJUÇUOCA;41;250;RIACHO DAS PEDRAS;ESCOLA MUNICIPAL SANT'ANA;RIACHO DAS PEDRAS
PARAIPABA;109;129;BOA ESPERANÇA;EMTI HUMBERTO VIEIRA PESSOA;RUA MARIA CLARICE MOREIRA, 200
MIRAÍMA;89;259;BROTAS;EEFM VICENTE ANTENOR FERREIRA GOMES;BROTAS
FORTALEZA;115;131;MARAPONGA;COLEGIO PROVECTO;RUA SUIÇA, 76
FORTALEZA;3;394;ALDEOTA;RECEITA FEDERAL (SUPER. REG. DE ADM. NO ESTADO DO CEARÁ);RUA BARÃO DE ARACATI, 909
AURORA;69;113;SAO BENEDITO-SEDE;UNIDADE BÁSICA DE SAÚDE SÃO BENEDITO;SAO BENEDITO
SÃO GONÇALO DO AMARANTE;36;198;PAUL;ESCOLA DE ENSINO FUNDAMENTAL GERTRUDES PRATA LIMA;POVOADO PAUL
FORTALEZA;80;269;JOSÉ BONIFÁCIO;FACULDADE MAURÍCIO DE NASSAU;AVENIDA VISCONDE DO RIO BRANCO, 2078
MISSÃO VELHA;16;14;SEDE;SECRETARIA DE TRABALHO E ASSISTÊNCIA SOCIAL (ANTIGO CSU);RUA PADRE CICERO, 204. CENTRO.
PIRES FERREIRA;21;142;DISTRITO;E.E.F. FRANCISCO FERREIRA SANTIAGO;OTAVILANDIA
SOBRAL;121;61;COHAB I;EEFM MONS. JOSE GERARDO FERREIRA GOMES(NOELIA);RUA MADALENA DE SÁ, S/N
NOVA OLINDA;53;110;CENTRO;SECRETARIA MUNICIPAL DE SAÚDE;RUA ALVIM ALVES, SN
IGUATU;13;270;PLANALTO;ESCOLA DE ENS MEDIO AMELIA FIGUEIREDO DE LAVOR;RUA 13 DE MAIO SN
PINDORETAMA;7;221;CAPONGA FUNDA - PINDORETAMA;EMEB AURELINA FALCÃO DA SILVA;AV. PEDRO FERREIRA DO NASCIMENTO, 1057
FORTALEZA;116;383;BONSUCESSO;EM FRANCISCA FERNANDES MAGALHAES (COLÉGIO CASTRO);RUA OLIVEIRA SOBRINHO, 1031
CRATO;27;350;SEMINÁRIO;EEEP GOVERNADOR VIRGÍLIO TÁVORA;RUA PERGENTINO SILVA S/N
UMIRIM;23;290;CENTRO-SEDE;E.E.F. MOCINHA GOMES DE SOUSA;RUA MAJOR SALES, 84
PEDRA BRANCA;59;131;SANTA MARIA;EEF MARIA ALVES DE MESQUITA;RUA MARIA ALVES DE MESQUITA, S/N.
MARACANAÚ;122;12;PIRATININGA;COLÉGIO ESTADUAL PROFº FRANCº OSCAR RODRIGUES(COL.EST.LICEU MARACANAÚ);AV. LUIZ GONZAGA HONÓRIO, 50, PIRATININGA, MARACANAÚ-CE
FORTALEZA;2;652;MESSEJANA;PATRONATO PADRE LUIZ BARBOSA MOREIRA;RUA CEL GUILHERME ALENCAR, 121
FORTALEZA;3;558;JACARECANGA;SENAI - UNIDADE CENTRO;AV. PADRE IBIAPINA, 1280
FORTALEZA;3;110;JACARECANGA;COLÉGIO ESTADUAL LICEU DO CEARÁ;PRAÇA GUSTAVO BARROSO, 01
MISSÃO VELHA;16;61;DISTRITO DE JAMACARU;EEFM PADRE AMORIM;RUA FELIX ITALIANO SN
PACOTI;5;182;BONFIM-SITIO;EMEF MARIA VIDAL MARQUES (BONFIM);POVOADO DO BONFIM
REDENÇÃO;52;26;DISTRITO DE ANTÔNIO DIOGO;ESCOLA CECÍLIA PEREIRA;RUA TEREZA CRISTINA, N. 295 - CENTRO
FORTALEZA;113;344;PARQUELÂNDIA;ESCOLA ESTADUAL DE EDUCAÇÃO PROFISSIONAL JOAQUIM NOGUEIRA;RUA MOREIRA DE SOUSA, 327
PARAIPABA;109;156;SETOR C1;EMEIF COMPLEXO ESCOLAR SETOR C1;PROJETO IRRIGADO DO CURU - SETOR C1
MARACANAÚ;122;222;SIQUEIRA (siqueira 2);EEM PROFª. EUDES VERAS;AVENIDA SIQUEIRA CAMPOS, 601
FORTALEZA;1;753;CAIS DO PORTO;CRECHE RACHEL GUIMARÃES MARTINS BARBOSA;VIA DE PEDRESTE LESTE OESTE 01
QUITERIANÓPOLIS;99;96;ZONA RURAL;EEIF FRANCISCO DE ASSIS FERREIRA;SANTA RITA
PACATUBA;57;15;CENTRO;EEM CRISPIANA DE ALBUQUERQUE;RUA RAIMUNDO SIQUEIRA,1819
CRATEÚS;20;53;FATIMA I;ASSOCIAÇÃO PESTALOZI DE CRATEÚS;RUA JOAO RIBEIRO LIMA 183
UBAJARA;73;90;DISTRITO JABURUNA;ESCOLA LUIZ RIBEIRO DA SILVA;DISTRITO JABURUNA
FORTALEZA;2;778;MESSEJANA;EM PROFª TELINA BARBOSA DA  COSTA;RUA PERGENTINO MAIA, 811
FORTALEZA;114;303;BARRA DO CEARÁ;CENTRO EDUCACIONAL ALFA;RUA CHICO XAVIER, 181
CAUCAIA;123;433;ARATURI (JUREMA);E.E.F. PROFESSORA MARLY FERREIRA MARTINS;RUA NW-3, S/N
JUAZEIRO DO NORTE;119;158;TIRADENTES;ESCOLA GOVERNADOR MANOEL DE CASTRO FILHO;RUA IVANIR FEITOSA SN
BEBERIBE;84;148;SUCATINGA;ESCOLA MUNICIPAL ALFREDO MIGUEL PEREIRA DE ENSINO FUNDAMENTAL;LAGOA NOVA
FORTALEZA;1;736;MANUEL DIAS BRANCO;COLÉGIO CÍVICO MILITAR BATALHA DO RIACHUELO;R. E, 100 - MANUEL DIAS BRANCO
PARAIPABA;109;132;BOA VISTA-DISTRITO;EMEF JOSÉ BARROSO DE OLIVEIRA;RUA JOÃO NARCISO DE OLIVEIRA, S/N
EUSÉBIO;88;233;SANTA CLARA;EEF SANTA CLARA;RUA FRANCISCO CLAUDIO PAEZ, 88 - SANTA CLARA
SANTANA DO CARIRI;53;73;DOM LEME;EMEIEF JOSÉ JUCÁ DE SOUSA CASTRO;DISTRITO DE DOM LEME, SN
IPUEIRAS;40;151;BOA VISTA;EEF GONÇALO DUARTE RIBEIRO - BOA VISTA;BOA VISTA
IPAUMIRIM;92;136;CENTRO-SEDE;CENTRO DE EDUCAÇÃO INFANTIL TIA ZÊ;VILA ALTO BANDEIRANTE
CRATO;27;71;PIMENTA;URCA - UNIVERSIDADE REGIONAL DO CARIRI;RUA CORONEL ANTÔNIO LUIZ, 1161
GUAIÚBA;57;43;CENTRO;EEBM MANUEL BALTAZAR DE FREITAS;RUA LEIRIA DE ANDRADE 409
CAMPOS SALES;38;149;ZONA RURAL;E.E.I.F MANOEL JOSÉ DA SILVA - AGROVILA SÃO JOSÉ - (ACOCÍ);RUA JORGE AMADO
SOBRAL;24;658;JORDÃO;EEFI CORONEL JOSE LEONCIO;VILA BARACHO
FORTALEZA;3;632;ALDEOTA;COLÉGIO BATISTA - SANTOS DUMONT;RUA DESEMBARGADOR LEITE ALBUQUERQUE, 1056
ITAREMA;98;178;ZONA RURAL;EMEF CLEMENTINO DOMINGOS FILHO;ITAPAGE
UMIRIM;23;264;SAO JOAQUIM-DISTRITO;CENTRO DE REF. EM ASS. SOCIAL DE SÃO JOAQUIM - CRAS;AV. FELISBELA CAETANOS, S/N
UMIRIM;23;279;DISTRITO SEDE;E.E.F. VICENTE CRAVO DE SOUSA;LOCALIDADE DE CARNAUBA
UMIRIM;23;240;CENTRO-SEDE;E.E.F.M. JOSE PINHEIRO SALES;RUA MAJOR SALES 664
IGUATU;13;102;BARRO ALTO;ESCOLA DE ENS FUND SAO SEBASTIAO;BARRO ALTO
EUSÉBIO;88;176;CENTRO;ESCOLA EROTIDES MELO LIMA;RUA BLUMENAU, 158 - CENTRO
JAGUARUANA;75;112;ALTO DA CAATINGUINHA;EEEP FRANCISCA ROCHA SILVA;RUA JOAO CELEDONIO SOBRINHO
CRATO;27;342;GISÉLIA PINHEIRO;EEMTI JUVÊNCIO BARRETO;RUA JUVÊNCIO BARRETO S/N
CASCAVEL;7;61;JACARECOARA;ESC.ENS.FUND. ANTONIA FERREIRA DA SILVA;RUA FRANCISCO CAPISTRANO SN - CENTRO
TARRAFAS;18;133;ZONA RURAL;ESCOLA JUSTINO ALVES DA COSTA;SITIO VARZINHA
GRANJA;25;47;IBUGUAÇU;E.E.F. MARTINIANO FONTENELE MAGALHÃES;AV. MARTINIANO FONTENELE MAGALHÃES, S/N
CASCAVEL;7;152;RIO NOVO;E.E.B. DEPUTADO RAIMUNDO QUEIROZ;AV JOAO DAMASCENO FONTENELE, 3233
GENERAL SAMPAIO;50;42;CENTRO;EMEF Mª ARINDA LOBO DE MESQUITA;RUA JOSÉ SEVERINO FILHO, 209
MIRAÍMA;89;267;CAMPO ALEGRE;EEB JOSE RICARDO VENANCIO;RUA ANACELMO XAVIER
FORTALEZA;117;471;PARQUE SANTA ROSA;ESCOLA MUNICIPAL MARIETA GUEDES MARTINS;RUA JOSE GUEDES MARTINS 4701
MUCAMBO;79;214;CENTRO;CENTRO EDUCACIONAL DEP MANOEL RODRIGUES;AV AGRONOMO JOSE ALVES 90
CAUCAIA;120;402;BOM PRINCIPIO;E.E.I.E.F. MOACIR PINHEIRO DE SOUZA;BR 020 - KM 23 - POÇO VERDE
PACAJUS;49;33;CENTRO;COLÉGIO SANTA TEREZINHA;RUA CORONEL CICERO NOGUEIRA DE QUEIROZ 330
FORTALEZA;3;613;ALDEOTA;COLÉGIO ESPAÇO ABERTO - DOM LUÍS;AV. DOM LUÍS, 730
FORTALEZA;115;193;PARANGABA;EEMTI MARIA THOMÁSIA;RUA POLONIA, 369
ARACATI;8;62;VOLTA;E.E.F. VIRGINIA RODRIGUES UCHOA;SITIO VOLTA
FORTALEZA;116;10;GRANJA LISBOA;CAIC - MARIA ALVES CARIOCA;RUA GUARAREMA 690
FORTALEZA;116;485;BONSUCESSO;EM ANTONIO DIOGO DE SIQUEIRA;RUA ANSELMO NOGUEIRA 655
CEDRO;13;521;PLANALTO DOS CADEIRA(CEDRO 1);CENTRO DE EDUCAÇÃO INFANTIL MARIA MARILENE ALVES DINIZ;PLANALTO DOS CADEIRAS
MARANGUAPE;4;521;PARQUE IRACEMA - MARANGUAPE;EMEF FRANCISCA GOMES FERNANDES VIEIRA;AVENIDA STENIO GOMES 872
ICÓ;15;190;NOVO CENTRO - SEDE;EEMTI - PADRE JOSÉ ALVES DE MACÊDO;AV. FRANCISCO CAETANO DANTAS, S/N
PACATUBA;57;335;MONGUBA;EEF MARIA DE SA RORIZ;RODOVIA CE 060 KM 15
FORTALEZA;1;934;VARJOTA;ESCOLA MUNICIPAL COLONIA Z-8;RUA MANOEL JESUINO,370
SOBRAL;24;623;JOSÉ EUCLIDES;CENTRO DE CIÊNCIAS HUMANAS - CCH - UVA;AV. JOHN SANFORD, 1845
CANINDÉ;33;477;CAMPINAS;CENTRO DE EDUCAÇÃO INFANTIL ZILDA HOLANDA;CAMPINAS
PENTECOSTE;50;84;PLANALTO;CEI VALDISIA BRAGA DE SOUSA;RUA JACA PARAÍBA, 500
PENTECOSTE;50;112;GOMES DA SILVA;EEFM ETELVINA GOMES BEZERRA;RUA DEPUTADO JOSÉ GOMES DA SILVA, 322
CARIRIAÇU;71;17;CENTRO;EEM PLÁCIDO ADERALDO CASTELO;RUA CARLOS MORAIS 752
FORTALEZA;117;390;CONJUNTO ESPERANÇA;EEEP DARCY RIBEIRO;RUA CONEGO DE CASTRO, S/N
CAUCAIA;123;507;ARATURI (JUREMA);E.E.F.M. PRESIDENTE JOSÉ SARNEY;AV. CENTRAL OESTE, 262
ACARAÚ;30;60;CENTRO;EEEP MARTA MARIA GIFONNI DE SOUSA;CENTRO
SOBRAL;121;63;DOM EXPEDITO;EEMTI SINHÁ SABOIA;RUA HELIO ARRUDA COELHO ESQUINA COM DOM EXPEDITO
ACOPIARA;60;137;CENTRO;LICEU DE ACOPIARA - DEP.FCO.ALVES SOBRINHO;RUA VICENTE CARLOS PINHEIRO,101
ALTANEIRA;53;109;CENTRO;EMEF 18 DE DEZEMBRO;RUA JOSE PIO DE OLIVEIRA, SN
LAVRAS DA MANGABEIRA;14;53;OURO BRANCO- DISTRITO;GRUPO ESCOLAR ROMANA RICARTE;RUA MIGUEL BISPO 114
FORTALEZA;95;191;JANGURUSSU;EMEIF JORNALISTA JOSÉ BLANCHARD GIRÃO DA SILVA;TRAVESSA MISSIONÁRIO OLIVEIRA,301
SOBRAL;24;367;JUNCO;EEFI PROF. GERARDO RODRIGUES ALBUQUERQUE;AVENIDA JOHN SANFORD, 1940
DEPUTADO IRAPUAN PINHEIRO;55;49;CENTRO;EEM JOAQUIM JOSUE DA COSTA;RUA OLGA DE SOUZA, 80
CRATEÚS;20;293;VENANCIOS;EEFM PRES EURICO GASPAR DUTRA;RUA EDUARDO ALBUQUERQUE SN
GENERAL SAMPAIO;50;36;CONJUNTO SÃO JOSÉ;EEMTI EDITE ALCÂNTARA MOTA;RUA DO CAMPO, S/N
FARIAS BRITO;62;221;SÍTIO SOUSA;EEF JOAQUIM PEREIRA DE SOUSA;SÍTIO SOUSA
CAUCAIA;123;291;PARQUE GUADALAJARA (JUREMA);E.E.I.E.F. DANILO DALMO DA ROCHA CORRÊA;RUA ACAPULCO, 1805 - PARQUE POTIRA II
BARBALHA;31;80;MALVINAS;EEF MARIA VALQUIRIA TELES MOREIRA (MALVINAS);PRAÇA RUA P10 COM AV LUIZ GONZAGA - MALVINAS (7.30233 S, 39.27896 W)
JUAZEIRO DO NORTE;28;497;PIO XII;EEF JOSÉ MARROCOS;AV. JOSÉ BEZERRA, SN
IGUATU;13;288;JOSÉ DE ALENCAR;CRECHE MARIA JOANA DE JESUS DA SANTA ROSA I;SITIO SANTA ROSA I
CAUCAIA;123;417;NOVA METRÓPOLE (JUREMA);E.E.F.M. ROMEU DE CASTRO MENEZES;AV. A, S/N - NOVA METRÓPOLE
SÃO GONÇALO DO AMARANTE;36;285;PECEM-DISTRITO;ESCOLA DE ENSINO FUNDAMENTAL E MEDIO EDITE ALCANTARA MOTA;PECEM
FORTALEZA;116;124;GRANJA PORTUGAL;EEFM PROF JOCIE CAMINHA DE MENEZES;RUA ITU 120
FORTALEZA;94;730;VILA VELHA;EMEIEF PROF JOSE PARSIFAL BARROSO;AV MAJOR ASSIS 1076
FORTALEZA;85;378;CONJUNTO CEARÁ I;ESCOLA PE JOSE ARIMATEIA DINIZ;RUA OITOCENTOS E DEZ, S/N, 3A ETAPA (AO LADO DA UPA)
BELA CRUZ;96;74;CENTRO-SEDE;CRECHE CRIANÇA FELIZ;RUA CEL. DUCA, 865
FORTALEZA;114;27;ÁLVARO WEYNE;EM MARIA ROSELI LIMA MESQUITA;RUA FRANCISCO CALAÇA 1791
FORTALEZA;112;468;EDSON QUEIROZ;UNIVERSIDADE DE FORTALEZA - UNIFOR;AVENIDA WASHINGTON SOARES, 1321
CHOROZINHO;49;391;TIMBAUBA;PROGRAMA DE SAUDE DA FAMILIA - PSF TIMBAUBA;RUA ARTUR CHAGAS FILHO SN
FORTALEZA;94;827;JARDIM GUANABARA;EMEIF LORHAN MARQUES MEDEIROS;RUA CREUZA ROCHA, 255
MARACANAÚ;104;99;JEREISSATI I;EMEIEF SENADOR CARLOS JEREISSATI;AVENIDA 1, S/N
URUOCA;25;82;ROBERTO DOURADO;E.E.F. MURILO AGUIAR;AV. JOÃO JOSÉ, N. 451
CAUCAIA;120;132;MIRAMBE;E.E.I.E.F. MARIA DE LOURDES ROCHA;RUA DA IGREJA, 614 - TAQUARA/MIRAMBÉ
CAUCAIA;120;371;CAPUAN;SALAO PAROQUIAL DE CAPUAN;AVENIDA PROFESSORA LETÍCIA MARQUES CAVALCANTE, S/N
FORTALEZA;85;291;ANTÔNIO BEZERRA;EMEIF GERARDO MILTON DE SA;RUA VALE COSTA S/N
JUAZEIRO DO NORTE;119;71;SANTA TEREZA;ESCOLA ADAUTO BEZERRA (SEGUNDO GRAU);CASTELO BRANCO SN
ARACATI;8;291;CANOA QUEBRADA;E.E.F. ZE MELANCIA;PRAÇA DRAGÃO DO MAR, S/N.
PACOTI;5;190;CENTRO-SEDE;EEFM ESCOLA MENEZES PIMENTEL;RUA DUARTE HOLANDA 573
FORTALEZA;115;29;JARDIM CEARENSE;ESCOLA MARISTA SAGRADO CORAÇÃO;RUA VIDAL DE NEGREIROS, 550
ACARAPE;52;201;SÃO BENEDITO;ESCOLA FRANCISCO ROCHA RAMOS;RUA FROTA GONCALVES, SN
FORTALEZA;118;385;PASSARÉ;EM PROFESSORA MARIA JOSÉ MACÁRIO COELHO;AVENIDA PASSARÉ, 530
CEDRO;13;458;LAGEDO;ESCOLA DE ENS FUND ANTONIO ALVES DOS SANTOS;DISTRITO DE LAGEDO
MORAÚJO;64;93;CAUAN;CAUÃ - ESCOLA MUN. MARCOS VICENTE DE ABREU;LOCALIDADE DE CAUÃ
FORTALEZA;83;709;BELA VISTA;EEMTI SENADOR FERNANDES TÁVORA;RUA GOIÁS 141
FORTALEZA;118;581;DIAS MACEDO;EEFM ANTÔNIO DIAS MACEDO;AV PEDRO DANTAS 340
CAUCAIA;120;214;CONJUNTO METROPOLITANO;E.E.I.E.F. OSMAR DIÓGENES PINHEIRO;RUA EDMUNDO RODRIGUES, 485 - CONJUNTO METROPOLITANO
CRATEÚS;20;166;PLANALTO;EEMTI GOV. GONZAGA MOTA;RUA DR. JÚLIO LIMA, 2194
FORTALEZA;114;1;ÁLVARO WEYNE;COLÉGIO MANUEL DA SILVA (ÁLVARO WEYNE);RUA SÃO BERNARDO 181
BARBALHA;31;69;BARRO VERMELHO;ETI MARIA LINHARES SAMPAIO (SÍTIO BARRO VERMELHO);SITIO BARRO VERMELHO
FORQUILHA;121;200;EDMUNDO RODRIGUES;EEFM ELZA GOERSCH;AV CRIANÇA DANTE VALERIO S/N CENTRO
ICAPUÍ;8;309;PRAIA DE REDONDA;ESCOLA HORIZONTE DA CIDADANIA;PRAIA DE REDONDA
MILAGRES;26;30;FREI DAMIÃO;ESCOLA MARIA LUCIA BELEM LEITE;RUA PEDRO FURTADO DE LACERDA 1149
FORTALEZA;94;774;VILA VELHA;ASSOC DOS MORADORES DO CONJ DOS BANCARIOS;RUA 27 1630
CRUZ;30;422;CENTRO;ESCOLA CONSTÂNCIA DE SOUSA MUNIZ;CENTRO
SOBRAL;121;148;CENTRO;CAMARA MUNICIPAL DE SOBRAL - ANEXO 2;RUA RANDAL POMPEU, 103
PARAIPABA;109;212;CAMBURÃO;EMEIF FRANCISCO CIPRIANO MOREIRA;CAMBURAO
ICAPUÍ;8;136;PRAIA DE REDONDA;ESCOLA HORIZONTE DA CIDADANIA;PRAIA DE REDONDA
FORTALEZA;115;293;JARDIM CEARENSE;EM JOÃO ESTANISLAU FAÇANHA;RUA ONZE, S/N - CONJUNTO CAMPO DOS INGLESES
FORTALEZA;85;176;AUTRAN NUNES;EMTI MARIA DA HORA;RUA RAIMUNDO RIBEIRO, S/N
MUCAMBO;79;223;CENTRO;E.E.I.F. RAFAEL CLAUDIO DE ARAUJO;RUA MONSENHOR MELO SN
VÁRZEA ALEGRE;62;122;IBICATU;EEF JOAQUIM ALVES DE OLIVEIRA;SÍTIO VACARIA
FORTALEZA;112;20;JARDIM DAS OLIVEIRAS;EM MARIA DE LOURDES RIBEIRO JEREISSATI;RUA REINO UNIDO, 115
MUCAMBO;79;229;CARQUEIJO;ESCOLA JOAO SILVERIO DE AZEVEDO;DISTRITO DE CARQUEIJO
ACARAÚ;30;337;ZONA URBANA;ESCOLA ANTONIO ALVES DE FREITAS;CERAMICA
IGUATU;13;403;ÁREA RURAL DE IGUATU;PSF DO SITIO TANQUES;SITIO TANQUES RODOVIA IGUATU/JUCAS
SOBRAL;121;45;CENTRO;EEM PROFESSOR ARRUDA;RUA CEL. MONT'ALVERNE, 570
JARDIM;119;336;CORRENTE;ESCOLA LUIZ LEITE BRINGEL;POVOADO DE CORRENTE  SN
FORTALEZA;113;423;MONTESE;EEFM MARECHAL HUMBERTO DE ALENCAR C. BRANCO;RUA ALVARO FERNANDES, 913
MADALENA;63;220;CENTRO;EEF ALVARO DE ARAUJO CARNEIRO;MARIA ARMENIA BARBOSA, 299 - SANTA TEREZINHA
PARACURU;109;64;RIACHO DOCE;E. M. E. F. RIACHO DOCE;RUA JOSÉ LOPES MEIRELES S/N
PARACURU;109;92;CAMPO DE AVIAÇÃO;E. M. E. I. F. PROFESSORA MARIA ALBUQUERQUE LIMA - DINA;AV. SAO JOAO EVANGELISTA, 385
QUIXERAMOBIM;11;31;SAO MIGUEL;ESCOLA ANTONIO DE PADUA SARAIVA LEAO;CARAUNO
FORTALEZA;118;214;PASSARÉ;EEMTI INTEGRADA 2 DE MAIO;AVENIDA DA SAUDADE, S/N
MILHÃ;55;73;CENTRO;ESCOLA DE ENSINO FUNDAMENTAL CLEONICE B. PINHEIRO ROSA;RUA PEDRO JOSE DE OLIVEIRA 908
CAUCAIA;37;628;ICARAI;EEIEF CELINA SÁ MORAIS;AVENIDA OTAVIADO COSTA, SN
FORTALEZA;112;542;EDSON QUEIROZ;COLÉGIO NOVA DIMENSÃO;AV. EDILSON BRASIL SOARES, 1599
JUCÁS;43;98;VILA JOSÉ BENTO - SEDE;ESCOLA DE ENSINO FUNDAMENTAL  AUREA LEAL;VILA JOSE BENTO 170
CEDRO;13;518;PLANALTO DOS CADEIRA(CEDRO 1);CENTRO DE EDUCAÇÃO INFANTIL MARIA MARILENE ALVES DINIZ;PLANALTO DOS CADEIRAS
JUAZEIRO DO NORTE;28;231;SAO MIGUEL;EEM JOSE BEZERRA;SAO JORGE 440
QUIXADÁ;6;346;ALTO SÃO FRANCISCO;COORDENADORIA REGIONAL DE DESENVOLVIMENTO DA EDUCAÇÃO - CREDE 12;AV. JUSCELINO KUBITSCHEK, 493
PARACURU;109;35;CENTRO;E. M. E. F. ANTONIO SALES;RUA CAP JOSE TELES, S/N
MAURITI;76;143;UMBURANAS-DISTRITO;EEF MAJOR JOAQUIM ANTONIO FURTADO;RUA JOSÉ OZÁRIO, S/N
BELA CRUZ;96;6;CORREGUINHOS-LOCALIDADE;EMEIEF RAIMUNDO JOVINO VASCONCELOS;CORREGUINHO
FORTALEZA;95;327;BARROSO;EEFM PROFESSOR  ALOYSIO BARROS LEAL;RUA 10,  LOT. PRQ.VERDE 28 (CJ JOAO PAULO II)
FORTALEZA;113;398;MONTESE;CENTRO DE ENSINO GRAU TÉCNICO;RUA BARÃO DE SOBRAL, N.712
FORTALEZA;113;296;DAMAS;CENTRO UNIVERSITÁRIO CEARENSE - UNIC;AVENIDA JOÃO PESSOA, 4005
FORTALEZA;82;630;CRISTO REDENTOR;EM VIRGÍLIO TÁVORA;AV. MONSENHOR HÉLIO CAMPOS, 155
ARARIPE;68;97;SEDE RURAL;ASSOCIAÇÃO DOS JOVENS ASSENTADOS DA SERRA SÃO VICENTE;SERRA SÃO VICENTE
ICAPUÍ;8;225;PRAIA DE REDONDA;ESCOLA HORIZONTE DA CIDADANIA;PRAIA DE REDONDA
COREAÚ;64;11;Centro;COREAÚ - ESCOLA ESTADUAL VILEBALDO AGUIAR;RUA CORONEL ANTÔNIO TELES, 33 - CENTRO
URUOCA;25;152;PARACUA;E.E.F. CEL DOMINGOS ALVES PEREIRA;R. JOÃO CARAPINA, 44
HORIZONTE;78;345;CENTRO;CVT;RUA FRANCISCO TAVARES DE OLIVEIRA, 190
VÁRZEA ALEGRE;62;132;JUREMAL;EEMTI PROFESSORA MARIA AFONSINA DINIZ MACÊDO;AVENIDA TENENTE ANTONIO GONCALVES, 19
QUITERIANÓPOLIS;99;93;CENTRO;EEF CÍCERO RODRIGUES BEZERRA;AV LAURINDO GOMES  SN
NOVO ORIENTE;99;161;VILA FELIZ;ESCOLA ESTADUAL DE EDUCAÇÃO PROFISSIONAL MARIA EUDES BEZERRA VERAS;RUA ULISSES GUIMARÃES, S/N
CARNAUBAL;22;1;CENTRO;EEF JOAQUIM BASTOS GONCALVES;R JOAO FELICIO 91
QUIXADÁ;6;48;ALTO SÃO FRANCISCO;EEMTI GOVERNADOR CÉSAR CALS DE OLIVEIRA FILHO;AV. JUSCELINO KUBITSCHEK, 385
MARANGUAPE;4;48;GUABIRABA - MARANGUAPE;CEI ISAURINHA DIÓGENES;RUA NAPOLEÃO LIMA, 780
FORTALEZA;117;211;CONJUNTO ESPERANÇA;EEFM PROFA ADALGISA BONFIM SOARES;AV. DO CANAL, S/N, ESQUINA COM RUA 103 - CONJUNTO ESPERANÇA
MAURITI;76;23;CENTRO;DEPARTAMENTO DE ORÇAMENTO PARTICIPATIVO;RUA CHAGAS SAMPAIO, 11
MAURITI;76;11;NOVA SANTA CRUZ-DISTRITO;EEIF PEDRO MARANHÃO DE LACERDA;RUA CENTRAL S/N
MARANGUAPE;4;130;PARQUE IRACEMA - MARANGUAPE;EMEF FRANCISCA GOMES FERNANDES VIEIRA;AVENIDA STENIO GOMES 872
PEDRA BRANCA;59;118;SANTA MARIA;EEF MARIA ALVES DE MESQUITA;RUA MARIA ALVES DE MESQUITA, S/N.
SÃO BENEDITO;22;185;MONS. OTALICIO;LICEU - JOAO ALMIR DE FREITAS BRANDAO;AVENIDA TABAJARA S/N
FORTALEZA;115;394;VILA PERI;COLEGIO JIM WILLSON;AV. AUGUSTO DOS ANJOS, 1915
BEBERIBE;84;29;SERRA DO FELIX;ESCOLA MUNICIPAL BENEDITO EVARISTO PINHEIRO;AV ESTER FERNANDES 72 - CENTRO
FORTALEZA;116;399;BONSUCESSO;EM XV DE OUTUBRO;RUA GUARANI, 2030
PARACURU;109;53;CAMPO DE AVIAÇÃO;E. M. E. I. F. PROFESSORA MARIA ALBUQUERQUE LIMA - DINA;AV. SAO JOAO EVANGELISTA, 385
SOBRAL;24;528;JUVÊNCIO DE ANDRADE;EEEP DOM WALFRIDO TEIXEIRA VIEIRA (LICEU DE SOBRAL);AVENIDA PAULO DE ALMEIDA SANFORD, S/N
FORTALEZA;95;130;JANGURUSSU;EM PROFESSOR FRANCISCO DE MELO JABORANDI;AV. GOVERNADOR LEONEL BRIZOLA, 198
QUIXERAMOBIM;11;254;MONTEIRO DE MORAIS;ESCOLA HUMBERTO BEZERRA;RODOVIA DO ALGODAO, SN
MARACANAÚ;122;186;NOVO ORIENTE;EMEF DEP ULYSSES GUIMARAES;RUA 29 N. 10
CAPISTRANO;105;38;ZONA RURAL;EEIEF CRISTO REI;BOA ÁGUA
SÃO BENEDITO;22;123;SITIO SAO VICENTE;EEF FRANCISCO RODRIGUES DE MEDEIROS;SITIO SÃO VICENTE
MONSENHOR TABOSA;61;126;BARREIROS;E.M.E.I.F.T.I ANTONIO ELIAS DE SOUSA;BARREIROS
MONSENHOR TABOSA;61;140;CENTRO;ESCOLA INDÍGENA DE MONSENHOR TABOSA;RUA SANTO ANTONIO 124
MORADA NOVA;47;30;CENTRO;CEMER-COLEGIO ESTADUAL MARIA EMILIA RABELO;AV MANOEL CASTRO, 619
FORTALEZA;83;713;PICI;EEEP JÚLIA GIFFONI;RUA CORONEL MATOS DOURADO 1349
TIANGUÁ;81;69;CENTRO;INSTITUTO EDUCACIONAL DE TIANGUÁ - IET;PRAÇA MONSENHOR MACEDO, 60
FORTALEZA;82;402;PIRAMBU;EEFM GOVERNADOR FLÁVIO MARCÍLIO;AV. PASTEUR, 575
FORTALEZA;82;549;PIRAMBU;CENTRO EDUCACIONAL DOM HÉLIO CAMPOS;RUA SÃO RAIMUNDO, 199
SÃO GONÇALO DO AMARANTE;36;298;PASSAGEM;ESCOLA DE ENSINO FUNDAMENTAL ADELINO ALCANTARA FILHO;PASSAGEM
MONSENHOR TABOSA;61;131;CENTRO;ESCOLA INDÍGENA DE MONSENHOR TABOSA;RUA SANTO ANTONIO 124
CANINDÉ;33;448;DISTRITO DE TARGINOS;ESCOLA FREI EDGAR;ASSENTAMENTO SUIÇA
MORRINHOS;44;26;CENTRO;PREFEITURA MUNICIPAL DE MORRINHOS;RUA JOSE IBIAPINA S/N
SANTANA DO ACARAÚ;44;193;ZONA RURAL;ASSOCIAÇÃO COMUNITÁRIA DOS MORADORES DE CHOCALHO E DE CHINELO;LOCALIDADE CHINELO
EUSÉBIO;88;81;GUARIBAS;EEF DAS GUARIBAS;RUA SÃO FRANCISCO, 84 - GUARIBAS
TIANGUÁ;81;203;SANTO ANTÔNIO;LICEU DE TIANGUÁ - JOSE NI MOREIRA;RUA ZENI, 12 - SANTO ANTONIO
FORTALEZA;85;376;CONJUNTO CEARÁ I;EEFM DR UBIRAJARA INDIO DO CEARA - UV-7A;RUA SETECENTOS E CINQUENTA E UM, 192, 3A ETAPA
BELA CRUZ;96;70;DISTRITO DA PRATA;EMEF MINERVINO JOSE DE VASCONCELOS;DISTRITO DA PRATA
ITAPAJÉ;41;91;PADRE LIMA;E.E.M. MONSENHOR CATAO PORFIRIO SAMPAIO;RUA TEIXEIRA PINTO 136
JUAZEIRO DO NORTE;28;381;CENTRO;EEIF PADRE CICERO;MONSENHOR JOVINIANO BARRETO 116
JAGUARIBE;10;10;CENTRO;COLEGIO CARMELA DUTRA;AV OITO DE NOVEMBRO 1087
MAURITI;76;111;UMBURANAS-DISTRITO;EEF JOÃO SEVERINO;SITIO CARNAUBINHA
CATARINA;60;231;VILA NOVA - SEDE;EEF FRANCISCO RODRIGUES PEREIRA;RUA JOSE PEDROSA DE MIRANDA S/N
CAUCAIA;37;239;TABULEIRO GRANDE;ESCOLA DIFERENCIADA CACIQUE ANTONIO FERREIRA DA SILVA(COMUN. INDIGENA);TRAV. EDGAR VIEIRA GUERRA, S/N, REGIÃO GARROTE
QUITERIANÓPOLIS;99;131;ZONA RURAL;UBS FRANCISCO ALVES PEDROSA;RAMADA
IPU;21;160;SEDE;E.M.E.F. MARIA LAURA SAMPAIO;RUA FELIX CANDIDO 857 - ALTO DOS 14
BREJO SANTO;70;179;VIEIRA-SEDE;POSTO DE SAÚDE OLIMPIO PEREIRA DE LIMA;SITIO VIEIRA
ITATIRA;33;484;DISTRITO DE LAGOA DO MATO;CERU - JOSÉ PAULO DE SOUSA;AV. ZEZE JUCA N 1789
ITAPAJÉ;41;48;ESMERINO GOMES;EEEP ADRIANO NOBRE;RUA ODILON FERREIRA GOMES, 475.
ACARAÚ;30;235;ARANAÚ;ESCOLA CORACI SOARES DE SOUSA;LAGOA DO MATO
TABULEIRO DO NORTE;91;72;CENTRO;EEI RAQUEL MONTEIRO CHAVES;RUA ACELINO MAIA, 3873
MADALENA;63;221;CENTRO;EEF ALFREDO ALMEIDA MACHADO;RUA PEDRO COSTA E SILVA, 99 - CENTRO
BOA VIAGEM;63;85;SAO JOSE-SEDE;EEF EUCLIDES WICAR PESSOA;SAO JOSE
GRANJA;25;188;SAMBAIBA;E.E.F. FRANCISCO INACIO DE ARAUJO;PRACA FRANCISCO DAS CHAGAS RODRIGUES
MONSENHOR TABOSA;61;113;CENTRO;E.E.M.T.I GOVERNADOR ADAUTO BEZERRA;RUA SAO SEBASTIÃO N 39 - PERTO DA CADEIA PÚBLICA
JUCÁS;43;116;SÃO PEDRO DO NORTE - VILA;ESCOLA DE 1 GRAU DOM JOSE MAURO;RUA JOSE NORBERTO DE SOUSA S/N
SALITRE;38;132;ZONA RURAL, SALITRE/CE;E.E.I.F ANTONIO CARLOS DE ALENCAR - SITIO JACARANDÁ;SÍTIO JACARANDÁ
SALITRE;38;177;CENTRO;E.E.E.M.T.I. - VALDEMAR DE ALCÂNTARA E SILVA - SEDE;AVENIDA DO ESTADO, S/N
FORTALEZA;112;364;ENGENHEIRO LUCIANO CAVALCANTE;EM PROF. LUIS COSTA;RUA JOSÉ GUILHERME DA COSTA, 156
BELA CRUZ;96;44;CENTRO-SEDE;EMETI JOAO DAMASCENO VASCONCELOS;RUA CAPITAO MIGUEL LOPES  814
CARIÚS;43;166;SAO SEBASTIAO-DISTRITO;EEIF JOAO DIAS DE MORAIS;VILA SAO SEBASTIAO
FORTALEZA;116;306;GRANJA PORTUGAL;CAPS INFANTIL DA SECRETARIA EXECUTIVA REGIONAL V;RUA HUMBERTO LOMEU, 1105
EUSÉBIO;88;182;MANGABEIRA;CEI MARIA ZULEIDE ROCHA;R FRANCISCO FERREIRA DA SILVA, 2940
MUCAMBO;79;226;CAICARA;ESCOLA ANTONIA FERREIRA DOS SANTOS;CAICARA
TAUÁ;19;236;INHAMUNS;ESCOLA OSSIAN ALENCAR ARARIPE;POÇOS
PARAMBU;19;351;NOVO ASSIS;EEIEF EVA PEREIRA LIMA (ANT ESC MANOEL TOMAZ NORONHA);FAZENDA ALTAMIRA
CAPISTRANO;105;10;CENTRO;ESCOLA DE ENSINO FUNDAMENTAL E MEDIO CEL. FRANCISCO NUNES CAVALCANTE;RUA CEL. FRANCISCO NUNES CAVALCANTE 35
BEBERIBE;84;140;PARAJURU;ESCOLA MUNICIPAL MONSENHOR JOAQUIM DE JESUS DOURADO;RUA MONSENHOR DOURADO SN - CENTRO
FORTALEZA;83;706;JOÃO XXIII;CENTRO DE FORMAÇÃO E DESENV. PARA PROFISSIONAIS DA EDUCAÇÃO - FORMACE;RUA PORTO VELHO, 401
BOA VIAGEM;63;129;INHARé;EEF ANTONIO CARNEIRO DA SILVA;INHARE
IRAUÇUBA;41;169;MANDACARU;ESCOLA DE ENSINO INFANTIL E FUNDAMENTAL ANTÔNIO VIDAL;MANDACARU
UBAJARA;73;156;sItio moitinga;ESCOLA ESTEVAO MENDES;SITIO MOITINGA
SANTA QUITÉRIA;54;115;VILA DE SANGRADOURO;E.M.E.F. RAIMUNDO ALVES FREITAS;VILA DE SANGRADOURO
MARTINÓPOLE;25;200;CENTRO;E.E.I. CECILIO PORFIRIO GOMES;AV. CAPITAO BRITO, S/N
FORTALEZA;80;188;FÁTIMA;COLÉGIO NOSSA SENHORA DAS GRAÇAS;RUA MONSENHOR OTÁVIO DE CASTRO, 535
FORTALEZA;80;304;DIONISIO TORRES;ASSEMBLÉIA LEGISLATIVA - UNIVERSIDADE DO PARLAMENTO CEARENSE;RUA BARBOSA DE FREITAS, 2674
MONSENHOR TABOSA;61;142;CENTRO;E.M.E.F.T.I LUIZ LEITAO;AVENIDA PESSOA PIRES  2
CARNAUBAL;22;252;CENTRO;EEF JOAQUIM BASTOS GONCALVES;R JOAO FELICIO 91
JUAZEIRO DO NORTE;28;294;FRANCISCANOS;COLÉGIO SÃO FRANCISCO DE ASSIS;NOSSA SENHORA DO CARMO SN
EUSÉBIO;88;216;ENCANTADA;EEF FRANCISCO TAVARES DE ABREU;RUA SANTO AMARO, 1000 - ENCANTADA
FORTALEZA;83;166;JÓQUEI CLUBE;EEFM HERACLITO DE CASTRO E SILVA;RUA SILVEIRA FILHO, 808
BARROQUINHA;108;69;POVOADO PICADA NOVA;EEF JOÃO ANTUNES DE AGUIAR;POVOADO PICADA NOVA
BANABUIÚ;6;439;PEDRAS BRANCAS;EEF CORONEL PERGENTINO FERREIRA;BOA AGUA
IPAUMIRIM;92;98;FELIZARDO-DISTRITO;CENTRO DE EDUCAÇÃO INFANTIL TIO CHICO;TRAVESSA SAO JOSE, SN
IBIAPINA;73;67;SITIO JUREMA SUL;ESCOLA LUDUGERIO FERREIRA GOMES;SÍTIO JUREMA SUL
SABOEIRO;43;232;CENTRO;E.E.F. OLAVO OLIVEIRA, ANEXO;RUA AMELIA LIMA BRAGA 81
CARIÚS;43;178;BELA VISTA-DISTRITO;EEIF DOMINGOS NONATO DE OLIVEIRA;VILA BELA VISTA
FORTALEZA;117;156;CONJUNTO ESPERANÇA;EEEP DARCY RIBEIRO;RUA CONEGO DE CASTRO, S/N
JUAZEIRO DO NORTE;119;16;SANTA TEREZA;COLEGIO POLIVALENTE;JOSE MARROCOS SN
QUIXADÁ;6;288;CUSTÓDIO;POSTO DE SAUDE EFIGENIO LINO;JATOBA, S/N
AMONTADA;89;89;CENTRO;EEEP LUIZ GONZAGA FONSECA MOTA;AV GAL ALÍPIO DOS SANTOS 1360
RUSSAS;9;128;TIMBAUBA NOSSA SENHORA DAS DORES;ESCOLA MUNICIPAL ZINA MOREIRA;TIMBAUBA NOSSA SENHORA DAS DORES
RUSSAS;9;292;GRACISMOES;ESCOLA MUNICIPAL ELIAS FERREIRA COSTA;GRACISMOES
EUSÉBIO;88;236;CENTRO;EEM ANA BEZERRA DE SA;AV AIRTON SENA, 130 - CENTRO
IBIAPINA;73;68;RAIMUNDO LINHARES;ESCOLA FRANCISCA RODRIGUES GOMES;RUA ANTONIO BORGES DE CARVALHO, S/N
FORTALEZA;95;323;BARROSO;EM PROFESSORA MARIA ANTONÉZIA MEIRELES E SÁ;RUA CORONEL VIRGÍLIO TÁVORA, 1340
FORTALEZA;112;396;SAPIRANGA-COITÉ;EEMTI PROFESSORA TECLA FERREIRA;RUA FRANCISCA BEZERRA, 417
TAUÁ;19;106;MARROAS;EPG JOAQUIM LEITAO DE MENDONCA;CAMPOS
MORAÚJO;64;112;CENTRO;MORAÚJO - ESCOLA MUN. Mª CARLITA ARAÚJO;COHAB 2 - CENTRO
MONSENHOR TABOSA;61;158;CENTRO;E.M.E.F.T.I LUIZ LEITAO;AVENIDA PESSOA PIRES  2
TRAIRI;97;102;MUNDAU;EEF ZEFINHA RIBEIRO BARROSO MUNDAU;MUNDAU
TABULEIRO DO NORTE;91;50;CENTRO;CRECHE MARIA ANALIA DE LIMA;RUA MANOEL FRANKLIN,  4117
FORTALEZA;80;291;VILA UNIÃO;ESCOLA MUNICIPAL PAPA JOÃO XXIII;AV TREZE DE ABRIL, 545
JUAZEIRO DO NORTE;119;192;TIMBAUBA;ESCOLA DOM VICENTE DE PAULA ARAUJO MATOS;RUA RUI BARBOSA 1935
BREJO SANTO;70;214;CENTRO-SEDE;PROJETO ABC;RUA MANOEL LEITE DE MOURA 1015
MASSAPÊ;45;97;CARTUCHA;EEF PEDRO RUFINO FURTADO;RUA CARTUCHA  SN
QUIXERAMOBIM;11;151;NENELANDIA;CAPELA IMACULADA CONCEIÇÃO;RIACHO DA ROCA
QUITERIANÓPOLIS;99;90;CENTRO;EEF ROBERTO ANTUNES DE FREITAS;AV LAURINDO GOMES  SN
POTIRETAMA;86;67;CENTRO;ESCOLA DE 1 GRAU MARIA DE OLIVEIRA FILGUEIRA;RUA MARIA DE OLIVEIRA FILGUEIRA SN
PACAJUS;49;4;CRUZ DAS ALMAS;EEEP JOSE MARIA FALCAO - LICEU DE PACAJUS;RUA RAIMUNDO CORREIA LIMA, S/N
IPU;21;141;DISTRITO;E.M.E.F. JOAO FERREIRA DA COSTA;ST. BOA VISTA
BARRO;92;71;MONTE ALEGRE-DISTRITO;ESCOLA DE 1 GRAU ALVINO JUSTINO DA SILVA;DISTRITO DE MONTE ALEGRE
CARIRIAÇU;71;15;CENTRO;EEM PLÁCIDO ADERALDO CASTELO;RUA CARLOS MORAIS 752
MORRINHOS;44;11;CENTRO;EEMTI CARMINHA VASCONCELOS;RUA NOSSA SENHORA DE FATIMA  309
FORTALEZA;116;387;BONSUCESSO;EM FRANCISCA FERNANDES MAGALHAES (COLÉGIO CASTRO);RUA OLIVEIRA SOBRINHO, 1031
FORTALEZA;80;421;DIONISIO TORRES;COLÉGIO SANTO INACIO;AVENIDA DESEMBARGADOR MOREIRA 2355
UBAJARA;73;144;MONTE CASTELO;ESCOLA FLAVIO RIBEIRO LIMA;RUA TEN JOSE RAMIRO DE SOUSA
FORTALEZA;113;135;BOM FUTURO;EMEIF DOM MANUEL DA SILVA GOMES;RUA SAMUEL UCHÔA, 550
JUAZEIRO DO NORTE;28;217;FRANCISCANOS;COLÉGIO SÃO FRANCISCO DE ASSIS;NOSSA SENHORA DO CARMO SN
ITAPAJÉ;41;189;ESMERINO GOMES;ESCOLA MUNICIPAL PREF ROQUE SILVA MOTA;RUA OTAVIO PINTO DE MESQUITA
IBARETAMA;6;212;ÁREA RURAL DE IBARETAMA;EMEIF SEBASTIÃO MATIAS RABELO;GUARIBAS
QUIXADÁ;6;16;ÁREA RURAL DE QUIXADÁ;EEF JOÃO JOSE DA SILVA;RIACHO DO MEIO - PERIFERIA, S/N
MARANGUAPE;4;62;CENTRO - MARANGUAPE;CASA DE CULTURA CAPISTRANO DE ABREU (FITEC);RUA MAJOR AGOSTINHO, 306
MILAGRES;26;21;MISSIONÁRIAS;CEJA PADRE JOAQUIM ALVES;RUA PE MISAEL GOMES 400
ICÓ;15;99;NOVO CENTRO - SEDE;EEMTI - PADRE JOSÉ ALVES DE MACÊDO;AV. FRANCISCO CAETANO DANTAS, S/N
FORQUILHA;121;232;INGÁ;EEFI MURILO LIRA ARAUJO;POVOADO DE INGA
CAUCAIA;37;193;JANDAIGUABA;E.E.I.E.F. MARIA HELENA MOREIRA DA SILVA;RUA DO GRUPO, 249
FORTALEZA;94;799;ANTÔNIO BEZERRA;COLEGIO JULIA FIALHO;RUA JOSE ACIOLY 73
CATUNDA;54;218;CENTRO;E.E.F.M. MONSENHOR XIMENES;AVENIDA SETE DE SETEMBRO, SN.
CANINDÉ;33;490;BAIRRO DO S;EEF RAIMUNDO OURIVES ANDRADE;RUA RAIMUNDO OURIVES 1950
CANINDÉ;33;270;ZONA RURAL;EMEF PADRE JOSE MARIA CAVALCANTE;LOCALIDADE DE LAGOA VERDE
CANINDÉ;33;382;PALESTINA;CAIC ALFREDO COELHO MAGALHÃES;RUA ANTONIO MONTEIRO DOS SANTOS SN
FORTALEZA;80;360;TAUAPE;EMEIF ALMERINDA DE ALBUQUERQUE;RUA ANA GONCALVES 1105
CANINDÉ;33;52;ALTO GUARAMIRANGA;EMEF CORONEL ADAUTO BEZERRA;RUA IRMÃ MANUELA MAGALHÃES, S/N
QUIXERAMOBIM;11;297;ARGENTINA SIQUEIRA;ESCOLA MARIA DO SOCORRO COELHO BENICIO;RUA D, S/N - QUADRA 04
FORTALEZA;82;429;JACARECANGA;EEMTI SALES CAMPOS;RUA JACINTO MATOS, 730
FORTALEZA;118;677;PASSARÉ;EEMTI DEPUTADO PAULINO ROCHA;RUA PROFESSOR JOSE SILVEIRA, 528
AMONTADA;89;106;CENTRO;EEM RITA ESTELITA DOS SANTOS RODRIGUES;AV GAL ALÍPIO DOS SANTOS 1020
INDEPENDÊNCIA;39;162;TERCELAO;E.E.F. FRANCISCO DA SILVA LIMA;TERCELAO
CAMOCIM;32;218;SAO PEDRO;EEF GENERAL ANTONIO DA SILVA CAMPOS - BAIRRO SAO PEDRO;RUA SIQUEIRA CAMPOS S/N
BANABUIÚ;6;401;SITIÁ;IGREJA DE SANTA LUZIA;SITIO CARAÚBAS
CARIÚS;43;193;ESPLANADA-SEDE;EEF MARIA SOTER PEREIRA;RUA RAUL NOGUEIRA II, S/N
SOBRAL;121;24;TAPERUABA;EEMTI DEP. CESARIO BARRETO LIMA;AV. NOSSA SENHORA DO CARMO S/N CENTRO
ACARAPE;52;19;CANTAGALO;ESCOLA ANACLETO CARLOS CAVALCANTE;CANTAGALO
TAUÁ;19;91;SANTA TEREZA;EMEF AMANCIO CORDEIRO JUNIOR;VILA SANTA TEREZA
TIANGUÁ;81;73;CRUZEIRO;U.B.S.F. IZABEL NOGUEIRA GOMES;RUA FRANCISCA CARLA, S/N
APUIARÉS;50;2;CENTRO;EEFM SÃO SEBASTIÃO;AVENIDA GOMES DA SILVA, 100
TRAIRI;97;76;PEIXINHOS;CRECHE SONHO DE CRIANÇA;PEIXINHOS
PEREIRO;10;162;SITIO LAGOA DOS MARINHEIROS;GRUPO ESCOLAR FRANCISCO DAS CHAGAS DE AQUINO;SITIO LAGOA DOS MARINHEIROS
CARIRIAÇU;71;39;PARAÍSO;EEF PAULO BARBOSA LEITE;RUA LUIZ BEZERRA, SN
PACAJUS;49;30;CENTRO;EEFM PADRE CORIOLANO (REUNIDA);RUA TENENTE JOAQUIM NOGUEIRA 51
CANINDÉ;33;323;ZONA RURAL;EMEF TIBURCIO MONTEIRO;LOCALIDADE DE POCO DA PEDRA
ITAPAJÉ;41;232;SOLEDADE;ESCOLA CAPITAO PRUDENCIO PEREIRA PASSOS;SOLEDADE
PIQUET CARNEIRO;12;27;CENTRO;SECRETARIA MUNICIPAL DE SAÚDE;RUA CÍCERO ALENCAR, S/N (PRAÇA DA MATRIZ)
BATURITÉ;5;27;CHORO BOA VISTA-FAZENDA;EMEF VICENTE JUSCIER BERNARDINO DE OLIVEIRA;CHORÓ BOA VISTA
CAUCAIA;37;194;JANDAIGUABA;E.E.I.E.F. MARIA HELENA MOREIRA DA SILVA;RUA DO GRUPO, 249
EUSÉBIO;88;184;PARQUE HAWAÍ;CENTRO DA 1ª INFÂNCIA (POLO EDUARDO SÁ - ABC);RUA PIONEIRO S/N
ARARIPE;68;17;SITIO MULUNGU;ESCOLA MUNICIPAL MARIA NECI DE OLIVEIRA SILVA - SÍTIO MULUNGU;SITIO MULUNGU
SÃO GONÇALO DO AMARANTE;36;85;TAIBA-DISTRITO;ESCOLA DE EDUCAÇÃO BÁSICA PROFª ALBA HERCULANO ARAÚJO;RUA CAPITAO INACIO PRATA SN -TAÍBA
PACAJUS;49;113;CAVALARIA;EEF MARIA DO CARMO DE SOUSA LOPES (GRUPO ESCOLAR);CAVALARIA
JUAZEIRO DO NORTE;119;270;SAO JOSE;ESCOLA MARIA DE LOURDES JEREISSATI;RUA CECILIA SILVA DE SOUSA
FORTALEZA;115;252;PARANGABA;FACULDADE UNINASSAU - PARANGABA;RUA GERMANO FRANCK, 567
MASSAPÊ;45;9;SANTA ÚRSULA;CEPRUMA;RUA MANASSES PONTES, S/N
MILAGRES;26;103;VILA CAFE DA LINHA;EEF ANTÔNIO CRISÓSTOMO PEREIRA;SITIO CAFE DA LINHA
INDEPENDÊNCIA;39;1;CENTRO;E.E.F. ABIGAIL ANTUNES MARQUES;RUA DO CRUZEIRO, 208
IPUEIRAS;40;1;NOVA FÁTIMA;EEF ANTÔNIO EUFRASINO DE PINHO - NOVA FÁTIMA;NOVA FATIMA
BELA CRUZ;96;33;ARATICUNS-LOCALIDADE;EEIEF SAO JOAO BOSCO;ARATICUNS
ICAPUÍ;8;135;PRAIA DE REDONDA;ESCOLA HORIZONTE DA CIDADANIA;PRAIA DE REDONDA
MARANGUAPE;4;570;NOVO PARQUE IRACEMA - MARANGUAPE;EMEF NILO PINHEIRO CAMPELO;RUA NILO CAMPELO, 48
JUAZEIRO DO NORTE;119;427;TIRADENTES;E.M.E.I. PROFESSORA ASSUNÇÃO GONÇALVES (CRECHE);RUA PROFESSORA IVANY FEITOSA, SN
ARARENDÁ;48;4;CENTRO;E. E. F. M.  21 DE DEZEMBRO;RUA FRANCISCO FERRAZ, S/N
FORTALEZA;80;157;VILA UNIÃO;EEFM CEL PROF JOSÉ AURÉLIO CÂMARA;RUA JORGE ACURCIO, 655
INDEPENDÊNCIA;39;50;TRANQUEIRAS;E.E.F. VIRGILIO TAVORA;POVOADO TRANQUEIRAS
FORTALEZA;82;127;JACARECANGA;EEMTI SALES CAMPOS;RUA JACINTO MATOS, 730
ACARAÚ;30;265;CENTRO;ESCOLA TOMAZ POMPEU DE SOUSA BRASIL;RUA JOSE JULIO LOUZADA 550
ITAPAJÉ;41;277;CRUZEIRO-SEDE;CENTRO SOCIAL URBANO RAIMUNDO DE ARAUJO BASTOS;RUA ANTONIO EUSEBIO BASTOS 85
SÃO BENEDITO;22;198;CIDADE ALTA;CVT - CENTRO VOCACIONAL TECNOLOGICO;RUA NOEME AMARAL 401
CAUCAIA;37;34;ITAMBE;E.E.F. FLAVIO PORTELA MARCILIO;RUA 05, 23 - CONJ. VICENTE ARRUDA
IRAUÇUBA;41;136;CENTRO-SEDE;CENTRO EDUCACIONAL PROFESSOR ANTONIO BARBOSA BRAGA;LUCAS BATISTA DA MOTA 135
FORTALEZA;80;424;JOSÉ BONIFÁCIO;FACULDADE MAURÍCIO DE NASSAU;AVENIDA VISCONDE DO RIO BRANCO, 2078
TAUÁ;19;238;TRICI;ESCOLA MOISES FERREIRA BARRETO;SAO JOAO
PACAJUS;49;411;CROATA II;INSTITUTO POLITÉCNICO DE EDUCAÇÃO PROFISSIONAL DO CEARÁ;AVENIDA LUCIO JOSÉ DE MENEZES, 885
JUCÁS;43;47;CENTRO - SEDE;SECRETARIA DE AÇÃO SOCIAL;RUA CORONEL LUIZ DUARTE S/N
PACATUBA;57;190;CONJUNTO JEREISSATI II;EEIEF ANA ALBUQUERQUE;AVENIDA XVIII SETOR F S/N
SÃO BENEDITO;22;226;CIDADE ALTA;BOURDARLONE ZANSTRE BRANDÃO;FRANCISCO SABINO DA COSTA
CANINDÉ;33;102;JOÃO PAULO II;EMEF JOAQUIM MAGALHÃES(CRECHE NOVA - VALDEMAR GOMES);RUA CÍDIO MARTINS
CAMOCIM;32;87;ZONA RURAL;EEF CASSIANO MARQUES DOS SANTOS - CORGUINHO;LOCALIDADE DE CORGUINHO
ARARIPE;68;103;SERRA DOS HIGINOS;ASSOCIAÇÃO DOS PRODUTORES DE MANDIOCA DA SERRA DOS HIGINOS;SERRA DOS HIGINOS
SANTA QUITÉRIA;54;183;ASSENTAMENTO ALEGRE TATAJUBA;E. E. F. ABÍLIO MESQUITA MARTINS;ASSENTAMENTO ALEGRE TATAJUBA
GRAÇA;79;164;SITIO CAMPESTRE;EEF PROFESSOR ANTONIO GERONIMO DA SILVA;SITIO CAMPESTRE
ITATIRA;33;144;DISTRITO DE LAGOA DO MATO;ANEXO - JOSÉ PAULO DE SOUSA;AV.NOSSA SENHORA DO CARMO S/N
CAUCAIA;37;583;NOVO PABUSSU;EEIEF MARIA DOLORES MENEZES DE ALMEIDA;RUA DA CONSOLAÇÃO, 465
FORTALEZA;113;360;MONTESE;COLÉGIO ESTADUAL PRESIDENTE HUMBERTO CASTELO BRANCO;RUA IRMA BAZET, 210
URUBURETAMA;23;344;ITAMARATY;EEFM MATILDE RODRIGUES VASCONCELOS;RUA JOSE LOPES CABRAL S/N
TURURU;17;623;CEMOABA / ZONA RURAL;EMEF MARIA LUNGA MOREIRA;RUA PRINCIPAL
PACAJUS;49;32;CENTRO;COLÉGIO SANTA TEREZINHA;RUA CORONEL CICERO NOGUEIRA DE QUEIROZ 330
ARACATI;8;260;CENTRO;COLEGIO MARISTA DE ARACATI;PRAÇA SÃO MARCELINO CHAMPAGNAT, 1
IPU;21;81;DISTRITO;EEMTI ANTONIO PEREIRA DE FARIAS;VARZEA DO GILO
BREJO SANTO;70;19;CENTRO-SEDE;EEF PADRE PEDRO INACIO RIBEIRO;AV DIONIZIO ROCHA DE LUCENA 46
CARIRÉ;65;34;ZONA RURAL;ESCOLA EIEF LUCAS RODRIGUES DE BRITO;DISTRITO ALTO DOS HONORIOS
MILAGRES;26;77;CASA PROPRIA;ESCOLA MARIETA CALLS;AV SANDOVAL LINS S/N
FORTALEZA;113;332;FARIAS BRITO;ESCOLA ESTADUAL DE EDUCAÇÃO PROFISSIONAL  PRESIDENTE ROOSEVELT;AV BEZERRA DE MENEZES 435
BARROQUINHA;108;91;DISTRITO ARARAS;EEF MANOEL COSTA VIANA;SÃO CAETANO
FORTALEZA;95;267;CAJAZEIRAS;EEMTI PROF. PAULO AYRTON ARAUJO - PRÉDIO ANTIGO;BR 116 KM 05, EM FRENTE AO ASSAÍ ATACADISTA
RUSSAS;9;51;CENTRO;COLEGIO ESTADUAL GOVERNADOR FLAVIO MARCILIO;AV DOM LINO 725
JUAZEIRO DO NORTE;119;396;FREI DAMIAO;ESCOLA MARIO DA SILVA BEM;RUA VEREADOR RAIMUNDO JOSÉ DA SILVA
CAUCAIA;37;308;CURICACA;E.E.F. EDSON DA MOTA CORREA;ESTRADA VELHA DO ICARAI, KM 02
CAUCAIA;37;532;TABAPUÁ;E.E.F.M. JOSÉ MARIA PONTES DA ROCHA;RUA 08, S/N - TABAPUÁ
BREJO SANTO;70;212;CENTRO-SEDE;E E F M JOSÉ MATIAS SAMPAIO;RUA MANOEL INACIO BEZERRA 49
PARAMOTI;111;171;CENTRO;EEFM TOMÉ GOMES DOS SANTOS (PRÉDIO ANTIGO);RUA GONÇALO SOARES, 341
SENADOR POMPEU;12;60;CENTRO;EEMTI LICEU MARCIONÍLIO GOMES DE FREITAS;RUA JOSE CARLOS SAMPAIO 401
PACAJUS;49;306;CENTRO;CENTRO DE EDUCAÇÃO DE JOVENS E ADULTOS DE PACAJUS - CEJAP;RUA TABELIAO JOSE GAMA FILHO, 350
INDEPENDÊNCIA;39;199;COHAB;E.E.F. JOSE FERREIRA DOS SANTOS;RUA C, 158
FORTALEZA;116;465;GRANJA LISBOA;EM JOAO MENDES DE ANDRADE;RUA B (CJ PALMARES), 1366
FORTALEZA;112;102;JARDIM DAS OLIVEIRAS;EM ISMAEL PORDEUS;RUA DES FAUSTINO ALBUQUERQUE, 511
ACARAPE;52;184;CENTRO;ESCOLA MARIA DO CARMO BEZERRA;RUA SEBASTIAO BEZERRA, SN
MISSÃO VELHA;16;1;SEDE;CENTRO ADMINISTRATIVO PEDRO ROCHA;RUA CORONEL JOSE DANTAS, 1038. CENTRO.
BARBALHA;31;90;BURITI;ASSOCIAÇÃO PESTALOZZI DE BARBALHA (BURITI);AV. JOSÉ BERNARDINO, KM 03 (PROX DA ESCOLA EDSON OLEGÁRIO)
COREAÚ;64;83;Ubaúna;UBAÚNA - ESCOLA ESTADUAL VÂNIA MA. NERI ELIAS;DISTRITO UBAÚNA, COREAÚ/CE
TAMBORIL;61;104;DISTRITO DE CURATIS;EMTI PAULO FREIRE;ASSENTAMENTO MONTE ALEGRE
QUIXADÁ;6;38;CENTRO;BIBLIOTECA PUBLICA MUNICIPAL PADRE FRANCISCO CLINEU FERREIRA;RUA CLÓVIS BEVILÁQUA, SN
QUIXERAMOBIM;11;313;SALVIANO CARLOS;ESCOLA MARIA VIDAL PIMENTA LIMA;RUA 25 DE MARCO, S/N
FORTALEZA;112;502;SAPIRANGA-COITÉ;EM PROF MONTEIRO DE MORAES;AVENIDA EVILASIO ALMEIDA MIRANDA, 1608
MARANGUAPE;4;402;CENTRO - MARANGUAPE;COLÉGIO SEBASTIÃO DE ABREU;RUA ROBERTO BRAQUEHAIS, 656
ITAPIÚNA;105;140;DISTRITO DE PALMATORIA;EEF CENTRO DE EDUCAÇÃO RURAL (CERU);RUA MARECHAL CASTELO BRANCO
ICÓ;15;94;CENTRO - SEDE;EEM - VIVINA MONTEIRO;RUA DR INACIO DIAS S/N
PACAJUS;49;114;COAÇU;EEF RAIMUNDO NOGUEIRA DE QUEIROZ;RUA JOÃO AUGUSTO DE OLIVEIRA, 103
IPUEIRAS;40;12;MATRIZ DE SAO GONCALO;EEF FRANCISCO SOARES MOURÃO - MATRIZ DE SÃO GONÇALO;MATRIZ DE SÃO GONÇALO
IPUEIRAS;40;146;PAU D'ARCO;ESCOLA DE ENSINO FUNDAMENTAL ABILIO SABOIA DE ARAUJO - PAU D'ARCO;PAU D'ARCO
CANINDÉ;33;84;ZONA RURAL;EMEF MANOEL JANUARIO DE LIMA;RUA IRMÃ SIMPLICIA, S/N IPU MONTE ALEGRE
PARAMBU;19;356;BELEZA;CEI - CENTRO DE EDUCAÇÃO INFANTIL - BELEZA;RUA JOÃO DA COSTA CARACAS
SOBRAL;121;88;CENTRO;UFC CAMPUS MUCAMBINHO - BLOCO DAS ENGENHARIAS;RUA ESTANISLAU FROTA, 563
ACARAÚ;30;28;JURITIANHA;ESCOLA HUGO MARTINS DOS SANTOS;CE 178 KM 17 - JURITIANHA
BANABUIÚ;6;398;CENTRO;SECRETARIA DE ACÃO SOCIAL;RUA RAUL URQUID S/N
AQUIRAZ;66;321;DIVINEIA;EMEF MARIA MARGARIDA RAMOS COELHO;RUA JOÃO DE CASTRO S/N
FORTALEZA;82;528;CRISTO REDENTOR;EM VIRGÍLIO TÁVORA;AV. MONSENHOR HÉLIO CAMPOS, 155
ITAPAJÉ;41;159;SANTA RITA-SEDE;E.E.M.T.I PROFª ESTEFÂNIA MATOS;RUA BENTO ÁVILA DE SOUSA, 101
AMONTADA;89;178;SÃO RAIMUNDO;EEBTI TEREZA MAGALHÃES DE SOUSA;RUA JOAQUIM TORQUATO 1328
MORAÚJO;64;78;CENTRO;MORAÚJO - ESCOLA ESTADUAL HUET ARRUDA;TRAVESSA CECÍLIA FREIRE, S/N - CENTRO
PACAJUS;49;270;COAÇU;EEF ESAU NOGUEIRA DE QUEIROZ;AV HERCILIA LOPES DE MENEZES SN
FORTALEZA;95;301;PARQUE SANTA MARIA;EEMTI POETA OTACILIO COLARES;RUA JORGE DA VEIGA, 265
APUIARÉS;50;207;ZONA RURAL;COMUNIDADE RECANTO DO MASSAPÊ;RECANTO DO MASSAPÊ
TAUÁ;19;274;CENTRO;CENTRO EDUCACIONAL BETESDA;RUA CEL  EUFRASIO ALVES DE OLIVEIRA 45
CARIDADE;111;65;CENTRO;EEFM CASEMIRO BEZERRA DE ARAUJO;RUA CEL FRANCISCO LINHARES 496
FORTALEZA;112;160;ENGENHEIRO LUCIANO CAVALCANTE;EM JOHNSON;RUA DRA. SOCORRO AZEVEDO, 461
REDENÇÃO;52;73;DISTRITO DE ANTÔNIO DIOGO;ESCOLA ANTÔNIO BARBOSA;SÍTIO SUSTO
SOBRAL;24;317;CORAÇÃO DE JESUS;COLEGIO CORACAO DE JESUS;AVENIDA DA UNIVERSIDADE
LIMOEIRO DO NORTE;29;51;ÁREA RURAL;EEF RAIMUNDO FELIPE SANTIAGO;SITIO SANTA MARIA
ICÓ;15;45;CENTRO - SEDE;ESCOLA MUNICIPAL PROFESSORA LOURDES COSTA;AV ILIDIO SAMPAIO,1571
AURORA;69;86;SITIO MONTE ALEGRE;POSTO DE SAÚDE (MONTE ALEGRE);SITIO MONTE ALEGRE
ARARIPE;68;31;DISTRITO VILA BREJINHO;ESCOLA LUIZ GUEDES ALCOFORADO - BREJINHO;RUA MARECHAL CASTELO BRANCO S/N
PACAJUS;49;22;BURITI;EEF ALBA LARANJEIRA DE ALBUQUERQUE;RUA ANACLETO SOUSA MAIA
FORTALEZA;83;251;PANAMERICANO;EEFM ANISIO TEIXEIRA;RUA RIO GRANDE DO SUL 680
MARTINÓPOLE;25;78;CONJUNTO BENEDITO BARROS;E.E.M.T.I. PREF. DÁRIO CAMPOS FEIJÓ;RODOVIA CE, 362
GRANJA;25;220;SÃO RAIMUNDO;E.E.F. SÃO RAIMUNDO;RUA DONA CHIQUEZA
APUIARÉS;50;214;CENTRO;EEFM SÃO SEBASTIÃO;AVENIDA GOMES DA SILVA, 100
CRATEÚS;20;329;PLANALTO;EEMTI GOV. GONZAGA MOTA;RUA DR. JÚLIO LIMA, 2194
FORTALEZA;118;212;PASSARÉ;EEMTI INTEGRADA 2 DE MAIO;AVENIDA DA SAUDADE, S/N
POTIRETAMA;86;66;CENTRO;ESCOLA DE 1 GRAU MARIA DE OLIVEIRA FILGUEIRA;RUA MARIA DE OLIVEIRA FILGUEIRA SN
TIANGUÁ;81;121;SANTO ANTÔNIO;E.E.F. PROFª. ESTER DE AGUIAR MENEZES;RUA CORONEL JOÃO DAMASCENO, S/N
SÃO JOÃO DO JAGUARIBE;91;128;LIMA;EEF JUVENCIO PAULA - SITIO LIMA;SITIO LIMA
MARCO;96;134;CENTRO-SEDE;CES COLÉGIO EDVANDO SOUZA;RUA JOSÉ MARIA FARIAS, 572
ITAPIÚNA;105;133;DISTRITO DE CAIO PRADO;EEIEF CENTRO COMUNITARIO CÉSAR CALS;AV MANOEL FRANCELINO S/N
FORTALEZA;3;242;CENTRO;COLÉGIO ARI DE SÁ - PRÉ-VESTIBULAR - SEDE DUQUE DE CAXIAS;AV. DUQUE DE CAXIAS, 519
FORTALEZA;93;83;PREFEITO JOSÉ WALTER;EM RACHEL DE QUEIROZ;AVENIDA C, S/N - II ETAPA
CARIRIAÇU;71;137;SÍTIO RIACHÃO DOS PEREIRAS;EEF FREI DAMIÃO;SITIO RIACHÃO DOS PEREIRAS
CROATÁ;74;160;DISTRITO;ESCOLA MUNICIPAL DE VISTA ALEGRE - TUCUNS;TUCUNS
IPU;21;103;DISTRITO;E.M.E.F. JOAO FERREIRA DA COSTA;ST. BOA VISTA
SÃO BENEDITO;22;238;SEDE;EEF ALIPIO RODRIGUES NEPOMUCENO;SITIO QUEIMADAS
MARANGUAPE;4;435;LAGES;EMEF ZILDA DE BARROS DE MEDEIROS;RUA SAMUEL BOTELHO DE SOUSA, 578
ICÓ;15;59;SEDE URBANA;ESCOLA MUNICIPAL MANOEL ANTONIO NUNES;RUA DO CRUZEIRO S/N
FORTALEZA;82;605;CARLITO PAMPLONA;EM HILBERTO SILVA;AV. PRESIDENTE CASTELO BRANCO, 2973
NOVA RUSSAS;48;127;LAGEDO GRANDE;ESCOLA MUNICIPAL AQUILES RODRIGUES MACEDO;LOCALIDADE DE LAGEDO GRANDE,
IGUATU;13;187;PRADO;ESCOLA DE ENS FUND NOSSA SENHORA DO PERPETUO SOCORRO;21 DE ABRIL
MORRINHOS;44;143;BOM PRINCIPIO;EMEF ZÓZIMO MARINHO DE ANDRADE;CE 319 KM 6 BOM PRINCIPIO
CAUCAIA;37;298;IPARANA;E.E.F. ERBE TEIXEIRA FIRMEZA;AV. ULISSES GUIMARAES, S/N
ACARAÚ;30;220;ZONA RURAL;ESCOLA SOFIA NUNES DE FREITAS;ALPARGATAS
FORTALEZA;117;228;SIQUEIRA;EEFM SENADOR OSIRES PONTES;RUA DIVINA 150
FORTALEZA;2;710;MESSEJANA;FACULDADE ATENEU DO CEARÁ;AV. COLETOR ANTONIO GADELHA, 621
LAVRAS DA MANGABEIRA;14;7;MANGABEIRA - DISTRITO;ESCOLA DE 1 GRAU DR JOAO GONCALVES DE SOUZA;AV. SAO SEBASTIAO S/N
IBICUITINGA;47;173;ACUDE DOS PINHEIROS;EEB JOSE RUFINO PINHEIRO;ACUDE DOS PINHEIROS - SEDE
BARREIRA;52;159;CENTRO;ESCOLA FRANCISCA AMÉLIA DA SILVA;AV MÃE SINFOROSA, SN
BANABUIÚ;6;423;RINARÉ;EEF LEOCADIA MARIA DA CONCEICAO;GOVERNO I
VARJOTA;65;197;BALNEARIO;E.E.I. JOSÉ NEVES DAMASCENO - CRECHE BALNEÁRIO;RUA ANTÔNIO DE OLIVEIRA, S/N
FORTALEZA;2;149;MESSEJANA;EMEIF ANGELICA GURGEL;RUA DOUTOR PERGENTINO MAIA, 375
PENTECOSTE;50;127;ACAMPAMENTO;CEI DOQUINHA CARNEIRO;RUA NOSSA SENHORA DE FÁTIMA, S/N
QUIXELÔ;13;143;CENTRO;ESCOLA DE ENS FUND E MÉDIO PROFESSOR LUIS DE GONZAGA FONSECA MOTA;RUA VITORINO JOSE DE OLIVEIRA SN
CANINDÉ;33;502;SANTA LUZIA;EEEP PROFESSOR JOSÉ VIDAL ALVES;AV. LUCIANO MAGALHÃES, S/N
QUIXERAMOBIM;11;239;CENTRO;LICEU ALFREDO ALMEIDA MACHADO;AV. DR. JOAQUIM FERNANDES, 95 - CENTRO
IPAUMIRIM;92;104;CENTRO-SEDE;E.E.F.T.I. DR JARISMAR GONCALVES MELO;AVENIDA DR ARRUDA, 37
HIDROLÂNDIA;54;15;CENTRO;E.E.F.M. PRISCILA MACIEL DE FRANÇA;RUA PROFESSORA ARGENTINA FAÇANHA, 471
MARACANAÚ;104;396;PAJUÇARA;EMEIEF PREFEITO ALMIR FREITAS DUTRA;RUA ELÍFIO MEDEIROS DA CUNHA, 531
BOA VIAGEM;63;250;RECREIO;EEF PATRICIA FACUNDO CAMPOS;RUA JOSE VIEIRA COSTA,481-ALTO DO RECREIO
LAVRAS DA MANGABEIRA;14;97;BOTIJA - SITIO;EEIF RAIMUNDO JOSÉ DA FONSECA;SITIO BOTIJA
INDEPENDÊNCIA;39;172;JABURU;E.E.F. JOAO FERREIRA FILHO;ACUDE JABURU
RUSSAS;9;173;LAGOA GRANDE;ESCOLA MUNICIPAL JOANA ALVES DE SOUSA;LAGOA GRANDE
FORTALEZA;115;284;PARANGABA;FACULDADE UNINASSAU - PARANGABA;RUA GERMANO FRANCK, 567
TIANGUÁ;81;75;ACARAPE;E.E.I. F. MARIA ANIR AZEVEDO;LOTEAMENTO - SÍTIO ACARAPE
IPAPORANGA;20;252;SÍTIO ARARAS;ESCOLA DE ENSINO FUNDAMENTAL MANUEL FERREIRA DE OLIVEIRA;PALMEIRAS
SOBRAL;24;79;EXPECTATIVA;EEFI TRAJANO DE MEDEIROS (LAVANDERIA);AVENIDA DR. JOSE EUCLIDES FERREIRA GOMES JUNIOR, S/N
CROATÁ;74;164;DISTRITO;ESCOLA MUNICIPAL JOVITA CHAVES (SANTA TEREZA);SANTA TEREZA
JAGUARETAMA;72;84;SITIO ALEGRE;ESCOLA MUNICIPAL DE ENSINO FUNDAMENTAL SÃO JOSÉ;SITIO ALEGRE
IGUATU;13;66;JOSÉ DE ALENCAR;ESCOLA DE ENS FUND ONELIA PEREIRA DE LAVOR;VILA ESTRADA
FORTALEZA;114;184;ÁLVARO WEYNE;EEMTI WALDEMAR FALCÃO;RUA ANTONIO JOAQUIM DE CARVALHO 19
ARACATI;8;67;CENTRO;E.E.M.T.I. BARAO DE ARACATI;PRAÇA DOS PRAZERES, 82
IPU;21;25;SEDE;E.M.E.F. PROFA. MARIA VALDEMIRA COELHO MELLO;RUA FRANCISCO ELMIRO MARTINS 450 - CANUDOS
MAURITI;76;99;SAO MIGUEL-DISTRITO;EEIF CAREOLANO LEITE;RUA SALUSTIANO RODRIGUES, S/N
CRUZ;30;415;PREA;ESCOLA RAIMUNDA SILVEIRA DE SOUSA CARNEIRO;PREA
FORTALEZA;115;385;PARANGABA;EEMTI GENERAL EUDORO CORREA;RUA JULIO BRAGA 101
PARAIPABA;109;133;BOA VISTA-DISTRITO;EMEF JOSÉ BARROSO DE OLIVEIRA;RUA JOÃO NARCISO DE OLIVEIRA, S/N
PACAJUS;49;401;CROATA II;EEF JOÃO RONALDO MATIAS;RUA MARIA IDENIA LOPES DO NASCIMENTO, 105 - ÁREA VERDE
ICÓ;15;186;NOVO CENTRO - SEDE;EEMTI - PADRE JOSÉ ALVES DE MACÊDO;AV. FRANCISCO CAETANO DANTAS, S/N
REDENÇÃO;52;182;CENTRO (SEDE);CENTRO EDUCACIONAL PERBOYRE E SILVA;RUA MARECHAL DEODORO, N. 399
TRAIRI;97;91;QUEBRA BRACO;SALAO SAO LUIS;QUEBRA BRACO
SANTA QUITÉRIA;54;68;PIRACICABA;ESCOLA MUNICIPAL QUITERIENSE;RUA TABELIÃO FRANCISCO PAULA LOBO, S/N.
FORTALEZA;118;13;PARQUE DOIS IRMÃOS;EM SANTA TEREZINHA;RUA AFONSO LOPES, 1095
MARACANAÚ;104;286;JEREISSATI II;EEEP GOVERNADOR LUIZ GONZAGA DA FONSECA MOTA;AVENIDA X, S/N
IGUATU;13;130;SUASSURANA;ESCOLA DE ENS FUND MARIA IRISMAR MORENO MATOS;VILA SUASSURANA
FORTALEZA;2;814;PAUPINA;CMES ANISIO TEIXEIRA;TRAVESSA DO GUARANI, 355
CRATEÚS;20;145;ALTAMIRA;ESCOLA TECNICA DE COMERCIO PADRE JUVENCIO;RUA JOAO SOARES, 15
FORTALEZA;117;179;SIQUEIRA;COLÉGIO VENCER;RUA JARDIM PARUARA, 1108
MARACANAÚ;122;289;NOVO MARACANAU;EMEF PRESIDENTE TANCREDO NEVES;RUA 06 COM RUA 02 S/N
ARARIPE;68;35;DISTRITO PAJEU;ESCOLA RAIMUNDO CÍCERO DA SILVA -  PAJEÚ;RUA SAO JORGE, S/N
SANTA QUITÉRIA;54;90;DISTRITO DE MACARAÚ;E.E.F. SALUSTIANO PINTO;RUA CEL. JOAQUIM DOS SANTOS, 65
FORTALEZA;85;218;CONJUNTO CEARÁ I;EEFM MARIA ANTONIETA NUNES - UV 9;RUA 916 SN 4 ETAPA
SOBRAL;121;261;COHAB I;EEFM MONS. JOSE GERARDO FERREIRA GOMES(NOELIA);RUA MADALENA DE SÁ, S/N
ARNEIROZ;101;64;PLANALTO;EPG FRANCISCO ELIAS DE ANDRADE;PLANALTO
PEDRA BRANCA;59;142;BOM PRINCIPIO;EEFTI SABINO VIEIRA CAVALCANTE;RUA FORTUNATO SILVA, 243
FORTALEZA;1;908;VICENTE PINZON;ESCOLA MUNICIPAL PROF BELARMINA CAMPOS;RUA MANOEL RODRIGUES MONTEIRO, 840
FORTALEZA;2;127;MESSEJANA;EM PROFª TELINA BARBOSA DA  COSTA;RUA PERGENTINO MAIA, 811
FORTALEZA;117;458;CONJUNTO ESPERANÇA;EEFM PROFESSORA MARIA MARGARIDA DE CASTRO ALMEIDA;AV. CONTORNO SUL, 960
FORTALEZA;118;554;MONDUBIM;EM PROFESSOR JACINTO BOTELHO;RUA DR. RODRIGO CODES SANDOVAL, 374
PENTECOSTE;50;170;ACAMPAMENTO;CEI DOQUINHA CARNEIRO;RUA NOSSA SENHORA DE FÁTIMA, S/N
GUAIÚBA;57;269;AGUA VERDE;POLO DE ATENDIMENTO CARLOS MOREIRA MEDEIROS;RUA MANOEL MOREIRA, S/N
UBAJARA;73;169;SÍTIO PITANGA;ESCOLA JOSE FERNANDES DE LIMA;SITIO PITANGA
TAMBORIL;61;95;DISTRITO DE HOLANDA;EMTI RAIMUNDO FURTADO DE MELO;VILA AGUA FRIA
MASSAPÊ;45;68;SANTA ÚRSULA;CEPRUMA;RUA MANASSES PONTES, S/N
FORTALEZA;82;198;MONTE CASTELO;EM FAUSTINO DE ALBUQUERQUE;RUA AMARO CAVALCANTE, 89
BAIXIO;92;80;CENTRO - SEDE;E.E.F.T.I. CEL HUMBERTO BEZERRA;RUA MARIA DA GLORIA, 20
GRAÇA;79;151;VILA FORMOSA;EEF JOSE POMPILIO DAMASCENO;VILA FORMOSA
ITAPAJÉ;41;165;MULUNGU;ESCOLA MUNICIPAL MANOEL SARAIVA VIEIRA;MULUNGU
ICÓ;15;49;CENTRO - SEDE;CEJA - ANA VIEIRA PINHEIRO;RUA DONA ALDERY, 324
MORRINHOS;44;152;ZONA RURAL;ESCOLA MUNICIPAL PEDRO OSSIAN ALVES;GUARIBAS
FORTALEZA;80;238;TAUAPE;EEFM NOEL HUGNEN OLIVEIRA PAIVA;RUA MONSENHOR SALAZAR 279
MARACANAÚ;104;425;JEREISSATI I;EMEIEF DEPUTADO JOSÉ MARTINS RODRIGUES;RUA QUARENTA A, 287
SÃO BENEDITO;22;27;CENTRO-SEDE;ESCOLA DE ENSINO FUNDAMENTAL DEP FRANCISCO JULIO FILIZOLA;RUA MINISTRO ANTONIO COELHO 827
ARNEIROZ;101;47;SANTA LUZIA;EEFM MARIA DOLORES PETROLA;RUA RAIMUNDO NONATO DE ARAÚJO, S/N
CAUCAIA;123;279;NOVA METRÓPOLE (JUREMA);E.E.F.M. ELIEZER DE FREITAS GUIMARÃES;RUA 145, S/N - NOVA METRÓPOLE
MORADA NOVA;47;22;CENTRO;EEMTI EGIDIA CAVALCANTE CHAGAS;AV MANOEL CASTRO, 473
PINDORETAMA;7;137;SITIO CORREIA;EMEB PEDRO RICARDO DA SILVA;SITIO CORREIA - PINDORETAMA
MARACANAÚ;104;411;PAJUÇARA;EMEIEF SINFRONIO PEIXOTO DE MORAIS;RUA JULIO MENDES, 255
FORTALEZA;113;331;FARIAS BRITO;ESCOLA ESTADUAL DE EDUCAÇÃO PROFISSIONAL  PRESIDENTE ROOSEVELT;AV BEZERRA DE MENEZES 435
FORTALEZA;113;265;RODOLFO TEÓFILO;ESC. MUNICIPAL ANTONIO SALES RODOLFO TEÓFILO;RUA TAVARES IRACEMA, 675
QUIXERAMOBIM;11;288;COHAB;ESCOLA  DOUTOR JOAQUIM FERNANDES;RUA PEDRO BARBOSA DA SILVA SN
FORTALEZA;117;483;CANINDEZINHO;CENTRO SOCIOEDUCATIVO DO CANINDEZINHO - CSC;RUA JOSÉ MURÍCIO, S/N
JUAZEIRO DO NORTE;119;234;SAO JOSE;ESCOLA MARIA DE LOURDES JEREISSATI;RUA CECILIA SILVA DE SOUSA
BEBERIBE;84;117;FORQUILHA;CENTRO DE ATENDIMENTO DA COMUNIDADE DE ALEXANDRE - VITO LUIZ;ALEXANDRE
FORTALEZA;118;606;MONDUBIM;EM CASIMIRO MONTENEGRO;AV. BERNARDO MANUEL, 11360
TAUÁ;19;68;ALTO BRILHANTE;EEF JOAQUIM PIMENTA;AV JOSE VALDEMAR REGO 585
IPAPORANGA;20;275;CENTRO;ESCOLA DE ENSINO MÉDIO MARIA VIEIRA DE PINHO;AV. MARIA ERIMAR RIBEIRO DE PAIVA, S/N
JUAZEIRO DO NORTE;119;407;PIRAJA;CRECHE ANA AMELIA BEZERRA DE MENEZES;RUA VEREADOR JOSE RODRIGUES, 270
NOVA OLINDA;53;24;TRIUNFO;EMEF REUNIDAS SANTO EXPEDITO;RUA SANTA LUZIA, SN
IPUEIRAS;40;40;ENGENHEIRO JOÃO TOMÉ;EEF NOEMI VASCONCELOS - ENGENHEIRO JOÃO TOMÉ;RUA DOUTOR BRANDÃO, S/N
FORTALEZA;80;118;ALTO DA BALANÇA;EEM YOLANDA QUEIROZ;AV. GAL. MURILO BORGES, 864
ICAPUÍ;8;156;BARREIRAS DE BAIXO;CENTRO DE EDUCAÇÃO INFANTIL ANA RODRIGUES;BARREIRAS DE BAIXO
MARACANAÚ;122;30;SIQUEIRA (siqueira 2);EEM PROFª. EUDES VERAS;AVENIDA SIQUEIRA CAMPOS, 601
FORTALEZA;80;265;AEROPORTO;COLÉGIO JENNY GOMES;AV. BORGES DE MELO, 210
AIUABA;101;23;SAO NICOLAU;GRUPO ESCOLAR EDMUNDO BRAGA;RUA BENTO HERCULES SN
BELA CRUZ;96;76;LAGOA SECA;EMEF JOSE LOPES DA SILVEIRA;LAGOA SECA
PALMÁCIA;4;167;PILÕES;UBS PILÕES;PILÕES
MULUNGU;5;143;CENTRO-SEDE;EMEF HERMENEGILDO ROCHA PONTES;RUA SANTA INES S/N
CARIDADE;111;103;CAMPOS BELOS;EEF ISAIAS MARQUES;LOCALIDADE DE AÇUDINHO
QUIXERAMOBIM;11;207;JOSE AURELIO CAMARA;ESCOLA CEL VIRGILIO TAVORA- CIDADE;RUA FAUSTO COSTA 180
ARARIPE;68;21;SITIO TANQUINHO;ESCOLA MUNICIPAL OTONIEL DE MORAIS - SÍTIO TANQUINHO;SITIO TANQUINHO
CAUCAIA;37;573;CARAÚBAS;E.E.F. ESTEVAO FERREIRA DA ROCHA;POVOADO DAS CARAÚBAS
FORTALEZA;118;263;SERRINHA;EEFM PROFESSOR JADER MOREIRA DE CARVALHO;RUA PROFESSORA HELOISA FERREIRA LIMA, 420
ICAPUÍ;8;150;PEIXE GORDO;ESCOLA MUNICIPAL PROF LUIZ GONZAGA FERREIRA;PEIXE GORDO
FORTALEZA;116;150;GRANJA PORTUGAL;EEFM SAO FRANCISCO DE ASSIS - GRANJA PORTUGAL;RUA NEREIDE 320
IPU;21;86;SEDE;PREDIO DA RECEITA FEDERAL DE IPU;AV AUTON ARAGAO 1678 - CANUDOS
JUCÁS;43;132;MONTENEGRO - SÍTIO - SEDE;ESCOLA DE 1 GRAU MARIA DO CARMO DA CONCEICAO;SÍTIO MONTENEGRO
FORTALEZA;93;194;PLANALTO AYRTON SENNA;EM ADALBERTO STUDART FILHO;RUA DO CAMPO, 25
BEBERIBE;84;20;MORRO BRANCO;ESCOLA MUNICIPAL JOSE BESSA;MORRO BRANCO
MARACANAÚ;122;294;INDUSTRIAL;EEFM JOSE DE BORBA VASCONCELOS;AV. CONTORNO SUL S/N
MARACANAÚ;104;129;PAJUÇARA;EMEF RODOLFO TEÓFILO;RUA OTÁVIO ALVES, 1120
FORTALEZA;93;298;PREFEITO JOSÉ WALTER;CEJA - CENTRO DE EDUCAÇÃO DE JOVENS E ADULTOS;AV. L, S/N - II ETAPA
NOVO ORIENTE;99;62;ZONA RURAL;CENTRO DE EDUCAÇÃO RURAL - CERU;LAGOA DA AREIA
CARIRIAÇU;71;114;MIRAGEM;POSTO DE SAÚDE DO SÍTIO JARDIM;SÍTIO JARDIM
MASSAPÊ;45;34;ZONA RURAL;GEEST DE PADRE LINHARES;POVOADO DE PADRE LINHARES
FORTALEZA;112;543;ENGENHEIRO LUCIANO CAVALCANTE;CENTRO UNIVERSITÁRIO 7 DE SETEMBRO - UNI 7 (FA7);AV. ALMIRANTE MAXIMINIANO DA FONSECA, 1395
QUIXERAMOBIM;11;65;SAO MIGUEL;ESCOLA  JOSE MARTINS DE ALMEIDA;OITICICA
ARARIPE;68;20;SERRA MUNDEU;EEIF SÃO VICENTE - SERRA DO MUNDEU;SERRA MUNDEU
JUAZEIRO DO NORTE;28;167;JUVENCIO SANTANA;EMEIF MANOEL BALBINO DA SILVA;RUA PEDRO CRUZ SAMPAIO
QUIXADÁ;6;99;TAPUIARA;EEF GUARUJÁ;GUARUJÁ, S/N
MORADA NOVA;47;20;CENTRO;EEMTI EGIDIA CAVALCANTE CHAGAS;AV MANOEL CASTRO, 473
FORQUILHA;121;266;EDMUNDO RODRIGUES;EEFM ELZA GOERSCH;AV CRIANÇA DANTE VALERIO S/N CENTRO
ARARIPE;68;5;CENTRO;ESCOLA ESTADUAL DONA CARLOTA TÁVORA - SEDE;RUA ANTONIO NUNES DE ALENCAR, 326
SANTA QUITÉRIA;54;214;FLORES;ESCOLA MUNICIPAL CONCEIÇÃO CATUNDA;RUA JOÃO PESSOA PESSOA, S/N. - FLORES
APUIARÉS;50;26;ZONA RURAL;EEF NELY RIBEIRO LUZ;CANAFÍSTULA
FORTALEZA;118;217;PASSARÉ;EEMTI INTEGRADA 2 DE MAIO;AVENIDA DA SAUDADE, S/N
JIJOCA DE JERICOACOARA;30;182;CENTRO;ESCOLA JOSE DIONISIO DE SOUSA;RUA RAIMUNDO ALEXANDRE 330
NOVO ORIENTE;99;39;ZONA RURAL;EEIF FERNANDO COSTA;DISTRITO PALESTINA
MARACANAÚ;122;154;LUZARDO VIANA;EMEF NAPOLEAO BONAPARTE VIANA;RUA NAPOLEAO BONAPARTE VIANA 410
VÁRZEA ALEGRE;62;131;ZEZINHO COSTA;EEF DR. DÁRIO BATISTA MORENO;AV. VICENTE ALVES COSTA, 624
FORTALEZA;118;260;SERRINHA;EEFM PROFESSOR JADER MOREIRA DE CARVALHO;RUA PROFESSORA HELOISA FERREIRA LIMA, 420
MARANGUAPE;4;49;GUABIRABA - MARANGUAPE;CEI ISAURINHA DIÓGENES;RUA NAPOLEÃO LIMA, 780
FORTALEZA;112;332;CIDADE DOS FUNCIONÁRIOS;IGREJA DA GLÓRIA;AV OLIVEIRA PAIVA, 905
ALCÂNTARAS;24;457;CARMOLANDIA;EEFI PEROLINA FERNANDES ALBUQUERQUE;POVOADO DE CARMOLANDIA
MORADA NOVA;47;85;BOA AGUA;EEB MARIA RABELO MARTINS;RUA JULIO MARTINS DA COSTA, 24 - BOA ÁGUA
CANINDÉ;33;97;ZONA RURAL;EMEF MIGUEL ANTONIO OLIVEIRA;DISTRITO DE TARGINOS
CAUCAIA;37;484;MESTRE ANTONIO;E.E.F. NELY CAULA DE CARVALHO;RUA LUIS GOMES DA SILVA, S/N
ICAPUÍ;8;129;IBICUITABA;ESCOLA DE 1 GRAU PROFA CARLOTA TAVARES DE HOLANDA;IBICUITABA
PACAJUS;49;7;CENTRO;EEF ARACY GONZAGA DA SILVA;RUA CORONEL CICERO NOGUEIRA DE QUEIROZ 827
IBARETAMA;6;476;CENTRO;EEMTI CÔNEGO LUIZ BRAGA ROCHA;RUA PADRE JOAO SCOPEL, S/N
GRANJA;25;10;CENTRO;EMATERCE;RUA CONRADO PORTO, S/N
MARACANAÚ;122;6;NOVO MARACANAU;EMEIEF PROFª MARIA DO SOCORRO VIANA FREITAS;RUA 10 S/N
CHOROZINHO;49;145;CHORÓ MARTINS;EEF LUIZ BARROS DA SILVA;LOCALIDADE CHORO MARTINS
VÁRZEA ALEGRE;62;42;RIACHO VERDE-SEDE DO DISTRITO;EEF JOSÉ SÉRGIO DA COSTA;RUA JOSÉ SÉRGIO DA COSTA, S/N
FORTALEZA;80;345;JOAQUIM TÁVORA;COLÉGIO SALESIANO DOM BOSCO;AV ANTONIO SALES 116
FORTALEZA;83;736;BELA VISTA;EEMTI SENADOR FERNANDES TÁVORA;RUA GOIÁS 141
FORTALEZA;85;285;CONJUNTO CEARÁ I;EEFM PROF. EDMILSON GUIMARAES DE ALMEIDA UV 10;RUA 1074 S/N (PROX. HOSPITAL), 4 ETAPA
TIANGUÁ;81;125;ÁREA RURAL DE TIANGUÁ;E.E.F. JOÃO NUNES DE MENEZES;SÍTIO CIPÓ
TIANGUÁ;81;127;ÁREA RURAL DE TIANGUÁ;E.E.F. JOSÉ MARIA DA SILVA;SÍTIO PÉ DO MORRO
IBIAPINA;73;3;CENTRO;COLÉGIO NOSSA SENHORA DOS REMÉDIOS;RUA DEPUTADO ÁLVARO SOARES, 1403
JATI;70;381;CARNAUBA-SEDE;ESCOLA MUNICIPAL DORALICE FERREIRA DE SOUSA;VILA CARNAUBA
JARDIM;119;364;CENTRO;ESCOLA SENADOR CARLOS JEREISSATI;AVENIDA WILSON RORIZ
MAURITI;76;161;PALESTINA DO CARIRI-DISTRITO;CRECHE ANA JÚLIA GOMES ALCÂNTARA;TRIANGULO DA PALESTINA
QUITERIANÓPOLIS;99;111;ZONA RURAL;EEIF VIRGÍLIO TÁVORA;DISTRITO ALGODOES
TAMBORIL;61;75;DISTRITO DE SUCESSO;EMEF VENCESLAU PEREIRA DAMASCENO;RUA DO BOLA BRANCA - VILA SUCESSO
ACARAÚ;30;369;ZONA RURAL;ESCOLA MARIA NAZARE VIANA;AROEIRA II
MASSAPÊ;45;35;ZONA RURAL;GEEST DE PADRE LINHARES;POVOADO DE PADRE LINHARES
BEBERIBE;84;95;PARIPUEIRA;ESCOLA MUNICIPAL FRANCISCO CORREIA LIMA;CORREGO DO SAL
IPU;21;93;ALTO DA BOA VISTA;EMEB MONSENHOR GONÇALO DE OLIVEIRA LIMA;AV. JOSÉ CARVALHO DE ARAGÃO, 102
QUIXADÁ;6;126;CAMPO NOVO;EEF JOSÉ BONIFÁCIO DE SOUSA (ESCOLA MODELO);TRAVESSA DA LAVANDERIA, 152
FORTALEZA;85;287;ANTÔNIO BEZERRA;EMEIF GERARDO MILTON DE SA;RUA VALE COSTA S/N
MASSAPÊ;45;117;ZONA RURAL;EMEF AURELIANO LOPES;CACIMBA VELHA
MARANGUAPE;4;451;PARQUE IRACEMA - MARANGUAPE;EMEF FRANCISCA GOMES FERNANDES VIEIRA;AVENIDA STENIO GOMES 872
TAUÁ;19;57;COLIBRIS;ESCOLA LICEU DE TAUA LILI FEITOSA;RUA JORNALISTA HELDER FEITOSA SN
FORTALEZA;116;411;BONSUCESSO;EM JOSE ALCIDES PINTO;RUA GUARANI 2000
URUBURETAMA;23;39;CENTRO;C S U - ANEXO COLEGIO MUNICIPAL MARIA JULIA MAIA BONFIM;RUA FARMACEUTICO JOSÉ RODRIGUES S/N
SANTA QUITÉRIA;54;182;POVOADO BOA VISTA DOS MIRANDAS;E. E. F. HELOÍSA MIRANDA DE PAULA PESSOA;POVOADO BOA VISTA DOS MIRANDAS
ORÓS;15;291;SAO GERALDO - SEDE;E.E.F. MARIA EVANGELISTA CORREIA;RUA FRANCISCO MATEUS FILHO, 145
ITAPIÚNA;105;137;DISTRITO DE PALMATORIA;EEF CENTRO DE EDUCAÇÃO RURAL (CERU);RUA MARECHAL CASTELO BRANCO
FORTALEZA;112;563;GUARARAPES;CENTRO UNIVERSITARIO ESTACIO DO CEARA VIA CORPVS;RUA ELISEU UCHÔA BECO, 600
FORTALEZA;112;538;ENGENHEIRO LUCIANO CAVALCANTE;CENTRO UNIVERSITÁRIO 7 DE SETEMBRO - UNI 7 (FA7);AV. ALMIRANTE MAXIMINIANO DA FONSECA, 1395
APUIARÉS;50;187;CONJUNTO FRANCISCO BERNARDO;EEF MATILDE BARBOSA GOIS;RUA JOSÉ NOJOSA FREITAS, 100
BARBALHA;31;22;CENTRO;COLÉGIO SANTO ANTONIO;AV LYRIO CALLOU, 55
BARBALHA;31;156;DISTRITO ESTRELA;EEF SEBASTIÃO SANTIAGO DA PAZ (ESTRELA);AV. JOÃO EVANGELISTA SAMPAIO, S/N (7.28266 S, 39.27629 W)
IRAUÇUBA;41;127;CENTRO-SEDE;CENTRO EDUCACIONAL DE JOVENS E ADULTOS - CEFEJA;RUA 7 DE SETEMBRO
JUAZEIRO DO NORTE;119;52;PREFEITO CARLOS ALBERTO DA CRUZ;ESCOLA ZILA BELEM;FRANCISCO VICENTE SILVA CAVALCANTE SN
SANTANA DO ACARAÚ;44;189;PEDREGAL;CENTRO DE PASTORAL FREI CRISTOVÃO ;RUA PADRE FRANCISCO JOSE ARAGÃO E SILVA
TIANGUÁ;81;188;LAURÃO;E.E.I.F. FREI GERVÁSIO;RUA ALBERCY NOGUEIRA DE VASCONCELOS , SN
TRAIRI;97;74;BATALHA;GRUPO ESCOLAR ANTONIO FRANCISCO BRAGA;BATALHA
DEPUTADO IRAPUAN PINHEIRO;55;46;CENTRO;EEB FRANCISCA JOSUÉ DE SOUZA CARNEIRO;VILA SILVEIRA, 0
JUAZEIRO DO NORTE;28;433;AREA RURAL DE JUAZEIRO DO NORTE;EMEF RAIMUNDO PESSOA;SITIO GAVIAO
ITAPAJÉ;41;274;SANTA RITA-SEDE;ESCOLA PREFEITO LUIS FORTE DA SILVA;RUA ALVARO BASTOS SN
FORTALEZA;113;335;FARIAS BRITO;ESCOLA ESTADUAL DE EDUCAÇÃO PROFISSIONAL  PRESIDENTE ROOSEVELT;AV BEZERRA DE MENEZES 435
FORTALEZA;115;95;SERRINHA;COLEGIO DUQUE DE CAXIAS;RUA  PERU, 1675
ACARAÚ;30;31;ZONA RURAL;ESCOLA ANTONIO INACIO FILHO;OLHOS DAGUA
CATUNDA;54;227;CENTRO;E.E.F.M. MONSENHOR XIMENES;AVENIDA SETE DE SETEMBRO, SN.
PACATUBA;57;306;PAVUNA;ESCOLA DE 1 GRAU MARIA GUIOMAR BASTOS CAVALCANTE;RUA TOPAZIO, 331, VELHO TIMBO
RUSSAS;9;82;CENTRO;ESCOLA DE ENSINO MÉDIO MANOEL MATOSO FILHO;AVENIDA MARIA RAMALHO, 336
ASSARÉ;18;47;AMARO;ESC DE ENS FUND MARIA CELIA FERREIRA;RUA GOMES DE ALMEIDA S/N
TAMBORIL;61;10;BAIRRO MONTE CASTELO;EEEM DONA LUIZA TIMBÓ;RUA FRANKLIN CAVALCANTE SN
ARARIPE;68;84;SITIO TANQUINHO;ESCOLA MUNICIPAL OTONIEL DE MORAIS - SÍTIO TANQUINHO;SITIO TANQUINHO
CATUNDA;54;207;CENTRO;E.E.F.M. MONSENHOR XIMENES;AVENIDA SETE DE SETEMBRO, SN.
MARACANAÚ;104;196;JEREISSATI II;EMEIEF GENCIANO GUERREIRO DE BRITO;AVENIDA XII, N 3
FORTALEZA;117;287;CONJUNTO ESPERANÇA;EEFM IRAPUAN CAVALCANTE PINHEIRO;AV E 305
FORTALEZA;115;212;SERRINHA;PROJETO ABC DA SERRINHA;RUA CONEGO LIMA SUCUPIRA, 1.487
FORTALEZA;80;327;DIONISIO TORRES;ASSEMBLÉIA LEGISLATIVA - UNIVERSIDADE DO PARLAMENTO CEARENSE;RUA BARBOSA DE FREITAS, 2674
MARANGUAPE;4;625;OUTRA BANDA - MARANGUAPE;CEM PEDRO PESSOA CÂMARA;AV. DR. ARGEU BRAGA HERBSTER, 960
TEJUÇUOCA;41;206;MONTE CARMELO;ESCOLA MUNICIPAL JOAQUIM CHAGAS BARRETO;MONTE CARMELO
CANINDÉ;33;49;ALTO GUARAMIRANGA;EMEF CORONEL ADAUTO BEZERRA;RUA IRMÃ MANUELA MAGALHÃES, S/N
FORTALEZA;83;641;HENRIQUE JORGE;ESCOLA MUNICIPAL SANTA MARIA;RUA CUIABÁ 1465
FORTALEZA;112;520;GUARARAPES;CENTRO UNIVERSITARIO ESTACIO DO CEARA VIA CORPVS;RUA ELISEU UCHÔA BECO, 600
MARACANAÚ;122;218;ALTO DA MANGUEIRA;E.M.E.F. ESTUDANTE ANA BEATRIZ TAVARES;RUA JOACIR FREITAS DUTRA, S/N
FORTALEZA;94;532;VILA VELHA;EMEF QUINTINO CUNHA;RUA MARIA CLARA 1263
MARACANAÚ;104;401;PAJUÇARA;EMEIEF SINFRONIO PEIXOTO DE MORAIS;RUA JULIO MENDES, 255
ALCÂNTARAS;24;4;BELA VISTA;CRAS - CENTRO DE REFERENCIA DA ASSISTENCIA SOCIAL;PRACA GREGORIO CUNHA S/N
MARCO;96;135;CENTRO-SEDE;PATRONATO MATER DEI;RUA 7 DE SETEMBRO,S/N - CENTRO
CARIRIAÇU;71;74;FEITOSA;EEF JOSÉ SERAFIM DE OLIVEIRA;SITIO RIACHO SECO DO MEIO DE ZECA PEREIRA
SANTA QUITÉRIA;54;50;BOA VIDA;COLÉGIO DOM BOSCO;RUA OTÁVIO TERCEIRO DE FARIAS, 245
TIANGUÁ;81;30;CENTRO;UNIPLAN - CENTRO UNIVERSITÁRIO ;RUA CAPITÃO ODILON AGUIAR, 455
FORTALEZA;112;50;JARDIM DAS OLIVEIRAS;EM MARIA DE LOURDES RIBEIRO JEREISSATI;RUA REINO UNIDO, 115
MAURITI;76;90;ANAUA-DISTRITO;EEIF JARBAS PASSARINHO;SITIO SANTO ANTONIO DOS POSSEIROS
MARANGUAPE;4;58;CENTRO - MARANGUAPE;CVT MARANGUAPE;RUA WALTER LOPES, 149
BARBALHA;31;29;CENTRO;COLÉGIO SANTO ANTONIO;AV LYRIO CALLOU, 55
CAUCAIA;37;612;TABUBA;E.E.F. LUZIA CORREIA SALES;ESTRADA DO CUMBUCO, 3132
AQUIRAZ;66;322;TAPERA;COLÉGIO INSTITUTO CASTRO UNIDADE TAPERA;RUA JOSE CARLOS GADELHA, S/N
QUIXADÁ;6;389;CENTRO;BIBLIOTECA PUBLICA MUNICIPAL PADRE FRANCISCO CLINEU FERREIRA;RUA CLÓVIS BEVILÁQUA, SN
PACATUBA;57;279;SAO LUIZ;EEIF VICENTE FERRER DE LIMA;AV EDSON QUEIROZ, 1952
CHOROZINHO;49;388;PATOS DOS LIBERATOS;PROGRAMA DE SAUDE DA FAMILIA - PSF PATOS DOS LIBERATOS;PATOS DOS LIBERATOS
AIUABA;101;72;BELA VISTA;GRUPO ESCOLAR OTONIO ANDRADE;RUA MARIA PASTORA DE ANDRADE, S/N
SÃO JOÃO DO JAGUARIBE;91;119;CENTRO;EEF FRANCISCO GUERREIRO CHAVES;RUA CANDIDO CHAVES S/N
GRANJA;25;153;TIAIA;E.E.F. CEL RAIMUNDO DE OLIVEIRA;TIAIA DE CIMA
PACATUBA;57;145;CONJUNTO JEREISSATI II;EEIEF JOSE BATISTA DE OLIVEIRA;AV XXIII, S/N
MARANGUAPE;4;534;NOVO MARANGUAPE I (ÁREA VERDE) - MARANGUAPE;EMEF JOSÉ FERNANDES VIEIRA;RUA PEDRO MOREIRA VASCONCELOS, 125
FORTALEZA;94;837;QUINTINO CUNHA;COLÉGIO DOM FELIPE;AV INDEPENDÊNCIA. 1652
FORTALEZA;85;104;AUTRAN NUNES;EEMTI RAIMUNDO GOMES DE CARVALHO;RUA RAIMUNDO RIBEIRO, 400
FORTALEZA;117;443;CANINDEZINHO;EEFM SÃO FRANCISCO DE ASSIS;RUA SÃO FELIPE, 564
TABULEIRO DO NORTE;91;24;CENTRO;ESCOLA DE 1 E 2 GRAUS FRANCISCO MOREIRA FILHO;RUA MANOEL FRANKLIN, 5033
AQUIRAZ;66;334;CAMARA;CENTRO DE DETENÇÃO PROVISÓRIA - CDP;CE-350, KM 27
BEBERIBE;84;67;PARIPUEIRA;ESCOLA MUNICIPAL ERNESTO GURGEL VALENTE;RUA FRANCISCO XAVIER 217 - CENTRO
TAUÁ;19;160;MARRECAS;EPG LUIZA MARIA DA SILVA;VILA JOAQUIM MOREIRA
ARARIPE;68;108;CENTRO;CRECHE VITORINA ALVES DE ALENCAR - SEDE;RUA ALEXANDRE ARRAES, S/N
JAGUARIBE;10;29;CENTRO;COLEGIO CLOVIS BEVILAQUA;AV. OITO DE NOVEMBRO 443
MARACANAÚ;122;96;INDUSTRIAL;EEFM JOSE DE BORBA VASCONCELOS;AV. CONTORNO SUL S/N
SÃO BENEDITO;22;116;SITIO JUSSARA;EEF CICERO CLEMENTINO DE MEDEIROS;SITIO JUSSARA
TURURU;17;685;RIO DO INÁCIO / ZONA RURAL;EMEF JOSE MANOEL PEREIRA;LOCALIDADE RIO DO INACIO
TIANGUÁ;81;210;RÉGIS DINIZ;E.E.F. FRANCISCO ORDÔNIO;RUA FRANCISCO ORDÔNIO, 96
FORTALEZA;112;178;CIDADE DOS FUNCIONÁRIOS;IGREJA DA GLÓRIA;AV OLIVEIRA PAIVA, 905
VÁRZEA ALEGRE;62;36;PRAÇA SANTO ANTÔNIO;COLÉGIO SÃO RAIMUNDO NONATO - LTDA;RUA CORONEL ANTONIO CORREIA, 24
PARACURU;109;26;JARDIM DO MEIO;E. M. E. I. F. MARIA YOLANDA BARROSO;JARDIM DO MEIO
TURURU;17;655;SÃO PEDRO DO GAVIÃO / ZONA RURAL;EMEF LUIZ MOREIRA;RUA PRINCIPAL - GAVIÃO
QUIXERAMOBIM;11;307;CENTRO;LICEU ALFREDO ALMEIDA MACHADO;AV. DR. JOAQUIM FERNANDES, 95 - CENTRO
TABULEIRO DO NORTE;91;45;CENTRO;FUNDAÇÃO NACIONAL DE SAÚDE DE TABULEIRO - SESP;RUA CEL.  PIO GADELHA, 4517
FORTALEZA;82;550;PIRAMBU;CENTRO EDUCACIONAL DOM HÉLIO CAMPOS;RUA SÃO RAIMUNDO, 199
ALTO SANTO;86;25;CENTRO;ESCOLA DE 1 GRAU CAZUZA BEZERRA;RUA 31 DE MARCO SN
MARACANAÚ;122;8;NOVO MARACANAU;EMEIEF PROFª MARIA DO SOCORRO VIANA FREITAS;RUA 10 S/N
MARACANAÚ;122;45;ALTO DA MANGUEIRA;EEF ALBANIZA ROCHA SARASATE;TRAVESSA ANTONIO JUSTA S/N
MARACANAÚ;122;258;HORTO;EEF CARNEIRO DE MENDONCA;RUA PROFESSOR JOSE HENRIQUE DA SILVA 4891
MARACANAÚ;122;228;ALTO DA MANGUEIRA;E.M.E.F. ESTUDANTE ANA BEATRIZ TAVARES;RUA JOACIR FREITAS DUTRA, S/N
QUIXERAMOBIM;11;48;CENTRO;LICEU ALFREDO ALMEIDA MACHADO;AV. DR. JOAQUIM FERNANDES, 95 - CENTRO
FORTALEZA;115;446;MANOEL SÁTIRO;EM MARIA VIVIANE BENEVIDES GOUVEIA;RUA CREUZA ROQUE 247
IPU;21;35;REINO DE FRANCA;EEF TERESA ODETE - CEJA;RUA CEL FELIX 600 - REINO DE FRANCA
UBAJARA;73;148;CACHOEIRA DO BOI MORTO;ESCOLA MANUEL URUÇU;SITIO CACHOEIRA DO BOI MORTO
UBAJARA;73;153;sítio águas belas - jaburu;ESCOLA HUMBERTO RIBEIRO LIMA;SITIO ÁGUAS BELAS - JABURU
PARACURU;109;2;CENTRO;E. M. E. F. ANTONIO SALES;RUA CAP JOSE TELES, S/N
JUAZEIRO DO NORTE;28;21;FRANCISCANOS;ECIM DOUTOR EDVAR TEIXEIRA FERRER;DOM PEDRO II 1643
SANTANA DO ACARAÚ;44;101;ALVACA;EEF LOURENCO JOSE DE LIRA;AGUAS BELAS
JUCÁS;43;64;MEL - VILA;ESCOLA DE 1 GRAU ANTONIO JOSE DE MELO;RUA ANTONIO JOSE DE MELO S/N
CAUCAIA;37;593;TABUBA;E.E.F. LUZIA CORREIA SALES;ESTRADA DO CUMBUCO, 3132
FORTALEZA;85;215;GENIBAÚ;ESCOLA MUNICIPAL PROF AMERICO BARREIRA;RUA RICARDO PONTES 529
FORTIM;8;233;COQUEIRINHO;EEIFTI. DE COQUEIRINHO;COMUNIDADE DO COQUEIRINHO
JUAZEIRO DO NORTE;28;316;SAO MIGUEL;COLÉGIO OBJETIVO;RUA DOUTOR FLORO, 776
ACARAÚ;30;2;CENTRO;LICEU DE ACARAÚ - ESCOLA MARIA ALICE RAMOS;CENTRO
CAUCAIA;37;279;PABUSSU;IFCE - INSTITUTO FEDERAL DE EDUCAÇÃO, CIÊNCIA E TECNOLOGIA DO CEARÁ;R. FRANCISCO DA ROCHA MARTINS
IPUEIRAS;40;3;ENGENHEIRO JOÃO TOMÉ;EEF APRÍGIO CAMELO DE PAIVA - ENGENHEIRO JOÃO TOMÉ;RUA DOUTOR BRANDÃO, S/N
BREJO SANTO;70;16;CENTRO-SEDE;EEEP BALBINA VIANA ARRAIS;LOTEAMENTO SOL NASCENTE
ICAPUÍ;8;232;BARRINHA;AMBA - ASSOCIAÇÃO DE MORADORES DE BARRINHA;VILA DE BARRINHA
MARACANAÚ;122;203;ANTONIO JUSTA;EMEIF INTEGRANDO O SABER;RUA PEDRO DE PAULA BARROS,620
FORTALEZA;113;210;RODOLFO TEÓFILO;COLÉGIO DEOCLÉCIO FERRO;RUA MINERVINO DE CASTRO, 987
GUARACIABA DO NORTE;74;10;JARDINS;ESCOLA TÉCNICA - E.E.E. PROFISSIONAL DEPUTADO JOSÉ MARIA MELO;AV. TENENTE MATIAS, S/N
IBARETAMA;6;147;ÁREA RURAL DE IBARETAMA;UBS JOAQUIM DA ROCHA LIMA;SERROTE BRANCO
CARIRÉ;65;19;ZONA RURAL;ESCOLA EIEF ERNESTO ALEXANDRE DA SILVA;PEDRA PRETA
PEREIRO;10;145;DISTRITO DE CRIOULAS;ESCOLA MUNICIPAL DO 1 GRAU CANDIDO JOSE NOGUEIRA;DISTRITO DE CRIOULAS
LAVRAS DA MANGABEIRA;14;12;CENTRO - SEDE;COLEGIO SAO VICENTE FERRER;RUA HILDA AUGUSTO S/N
CANINDÉ;33;360;CAN;CEI - CENTRO DE EDUCAÇÃO INFANTIL TIA LOURDINHA;RUA NOVA VILA, S/N
FORTALEZA;80;257;TAUAPE;SALÃO PAROQUIAL SÃO JOAO DO TAUAPE;RUA MONSENHOR SALAZAR, 279
FORTALEZA;80;420;FÁTIMA;COLÉGIO SANTO TOMÁZ DE AQUINO;RUA MÁRIO MAMEDE, 750
MARANGUAPE;4;32;PARQUE IRACEMA - MARANGUAPE;EEMTI ANCHIETA;RUA ANTÕNIO GOMES BESSA, 60
MOMBAÇA;46;101;VILA SÃO JOSÉ;CEI MARIA OLÍVIA ALVES DE ALENCAR;RUA MARIA BATISTA DE ALMEIDA, S/N
FORTALEZA;116;267;GRANJA PORTUGAL;EEFM SAO FRANCISCO DE ASSIS - GRANJA PORTUGAL;RUA NEREIDE 320
FORTALEZA;95;310;JANGURUSSU;EMEIF MARIA DE JESUS ORIÁ ALENCAR;RUA VERDE QUARENTA E TRÊS, S/N, CONJUNTO SÍTIO SÃO JOÃO
CATUNDA;54;79;CENTRO;E. E. F. SÃO ZACARIAS;RUA ANTONIO TIMBÓ, SN.
PENTECOSTE;50;90;ACAMPAMENTO;PÓLO DE ATENDIMENTO;RUA 13 DE MAIO, S/N
PACATUBA;57;164;MONGUBA;EEF MARIA DE SA RORIZ;RODOVIA CE 060 KM 15
ITAPAJÉ;41;211;PADRE LIMA;E.E.M. MONSENHOR CATAO PORFIRIO SAMPAIO;RUA TEIXEIRA PINTO 136
FORTALEZA;82;593;MONTE CASTELO;COLÉGIO EURÍDICE;RUA NATURALISTA FEIJÓ, 736
ARACATI;8;246;TABULEIRO DO CABREIRO;GRUPO ESPÍRITA SEGUIDORES DE JESUS - TABULEIRO;TABULEIRO
ARACATI;8;294;NOSSA SENHORA DE LOURDES;EEMTI. BENI CARVALHO;RUA BENI CARVALHO 1679
CANINDÉ;33;57;ZONA RURAL;EMEF DR CORDOLINO BARBOSA CORDEIRO;RUA ROMEU MESQUITA, S/N  ESPERANÇA
QUIXADÁ;6;140;TAPUIARA;EEF JOSÉ LOPES DE LIMA;SITIO LAGES II
FORTALEZA;113;115;BENFICA;COLÉGIO CHRISTUS BENFICA;RUA LUIS DE MIRANDA, 536
FORTALEZA;80;202;ALTO DA BALANÇA;UAPS CESAR CALS DE OLIVEIRA;RUA CAPITÃO ARAGÃO 555
ITAPAJÉ;41;58;IRATINGA;E.E.M. ANTONIO CUSTÓDIO DE MESQUITA;RUA ANTONIO CUSTODIO DE MESQUITA 76
MARCO;96;102;CENTRO-SEDE;EEF MARIA JULIA NEVES;RUA RIOS, N 560
FORTALEZA;82;125;JACARECANGA;EEMTI SALES CAMPOS;RUA JACINTO MATOS, 730
PENTECOSTE;50;168;ZONA RURAL;EEIF MANOEL FÉLIX GOMES - ANEXO(MULUNGU);MALHADA ILHA
FORTALEZA;83;95;HENRIQUE JORGE;EEM  MARIANO MARTINS;AVENIDA SENADOR FERNANDES TÁVORA 1445
FORTALEZA;83;441;JÓQUEI CLUBE;ESCOLA PEQUENO PRINCIPE;RUA SILVEIRA FILHO, 825
FORTALEZA;83;236;PANAMERICANO;ESCOLA MUNICIPAL JOSÉ BATISTA DE OLIVEIRA;RUA GOIÁS 620
CAMOCIM;32;49;BRASILIA;EEI MONS INACIO NOGUEIRA MAGALHAES - LIONS;RUA JOAQUIM TÁVORA SN
FORTALEZA;85;328;CONJUNTO CEARÁ I;EEFM DR UBIRAJARA INDIO DO CEARA - UV-7A;RUA SETECENTOS E CINQUENTA E UM, 192, 3A ETAPA
MARACANAÚ;104;408;TIMBÓ;EMEF ADAUTO FERREIRA LIMA;AVENIDA CONTORNO LESTE, S/N
AIUABA;101;25;SAO NICOLAU;GRUPO ESCOLAR EDMUNDO BRAGA;RUA BENTO HERCULES SN
ITAITINGA;78;330;BARROCÃO;EEF JARDIM DE FÁTIMA;RUA ELIATAR DIÓGENES, S/N
CARIRIAÇU;71;100;SÍTIO TABOLEIRO;POSTO DE SAÚDE DO SÍTIO TABOLEIRO;SÍTIO TABOLEIRO
SOBRAL;121;127;CENTRO;UFC CAMPUS MUCAMBINHO - BLOCO DAS ENGENHARIAS;RUA ESTANISLAU FROTA, 563
MAURITI;76;63;SERRINHA;CENTRO EDUCACIONAL DE MAURITI;RUA JOSÉ LEITE DA COSTA, 629
PACAJUS;49;12;CENTRO;EEF ARACY GONZAGA DA SILVA;RUA CORONEL CICERO NOGUEIRA DE QUEIROZ 827
ITATIRA;33;136;DISTRITO DE LAGOA DO MATO;CRECHE JOSÉ AUGUSTO LOBO;RUA JOÃO AUGUSTO LOBO S/N
GUARACIABA DO NORTE;74;26;JARDINS;ESCOLA TÉCNICA - E.E.E. PROFISSIONAL DEPUTADO JOSÉ MARIA MELO;AV. TENENTE MATIAS, S/N
NOVO ORIENTE;99;16;CENTRO;EEIF OTÁVIO RODRIGUES CAVALCANTE;RUA SAO FRANCISCO S/N
QUIXADÁ;6;247;PLANALTO RENASCER;EEFM RAIMUNDO MARQUES DE ALMEIDA (ESCOLA MODELO);RUA PARAGUAI, 2055
SENADOR POMPEU;12;101;CENTRO;CENTRO PASTORAL NOSSA SENHORA DE GUARDALUPE;PRAÇA ALCIDES BARREIRA S/N
VÁRZEA ALEGRE;62;4;CENTRO;EEM JOSÉ CORREIA LIMA;AV. LUIS AFONSO DINIZ, 213
FORTALEZA;85;388;CONJUNTO CEARÁ I;EEFM MARIA ANTONIETA NUNES - UV 9;RUA 916 SN 4 ETAPA
ARARENDÁ;48;15;LAGOA DE SANTO ANTONIO;E. E. F. M.  FIRMINO JOSÉ;DISTRITO DE LAGOA DE SANTO ANTONIO
TRAIRI;97;52;MUNGUBA;EEF ANTONIO URSULINO ALVES;MUNGUBA
FORTALEZA;116;424;BOM JARDIM;EM RAIMUNDO MOREIRA SENA;RUA G, 93, CJ. NOVA RESIDENCIA
MARANGUAPE;4;45;PARQUE IRACEMA - MARANGUAPE;EMEF CLÓVIS MONTEIRO;RUA IRMÃ CANDIDA MARIA, 216
MARANGUAPE;4;67;TANGUEIRA - MARANGUAPE;EMEIEF ANTÕNIO DE ABREU;RUA DEMETRIO FERREIRA , 372
MIRAÍMA;89;272;ÁREA RURAL DE MIRAÍMA;EEB FRANCISCO MOTA;RIACHO DE AMONTADA
FORTALEZA;95;125;JANGURUSSU;EMEIEF LIONS CLUBE FORTALEZA FÁTIMA;TRAVESSA LIONS CLUBE, 141
MARCO;96;94;CENTRO-SEDE;CÂMARA MUNICIPAL DE MARCO;RUA RIOS, S/N
TRAIRI;97;7;CENTRO;COLEGIO CENTRO EDUCACIONAL PIO RODRIGUES;RUA MANOEL TEIXEIRA S/N
TABULEIRO DO NORTE;91;68;PATOS;ASSOCIAÇÃO DE MORADORES DO SITIO PATOS;SITIO PATOS
FORTALEZA;113;120;CENTRO;EEFM FREI LAURO SCHWARTE;RUA ANTÔNIO POMPEU, 2005
SOBRAL;121;59;COHAB I;EEFM MONS. JOSE GERARDO FERREIRA GOMES(NOELIA);RUA MADALENA DE SÁ, S/N
ITAPAJÉ;41;209;FERROS-SEDE;ESCOLA MUNICIPALPADRE MANOEL LIMA E SILVA;CONJUNTO PEDRO ROCHA SN
FORTALEZA;83;490;HENRIQUE JORGE;ESCOLA MUNICIPAL SANTA MARIA;RUA CUIABÁ 1465
JIJOCA DE JERICOACOARA;30;405;ZONA RURAL;UNIDADE BASICA DE SAÚDE - CORREGO DO MOURÃO;CORREGO DO MOURÃO
VÁRZEA ALEGRE;62;139;ZEZINHO COSTA;EEF DR. DÁRIO BATISTA MORENO;AV. VICENTE ALVES COSTA, 624
TRAIRI;97;144;ALGODOIM;EEF ANASTACIO TABOSA;ALGODOIM
FORTALEZA;82;372;ELLERY;ESCOLA MUNICIPAL HONÓRIO BEZERRA;RUA CAPITÃO NESTOR GÓIS, 400
AIUABA;101;45;SITIO MULUNGU;GRUPO ESCOLAR PADRE ALOISIO KLUR;SITIO MULUNGU
PENTECOSTE;50;52;CENTRO;CENTRO EDUCACIONAL JOÃO XXIII;AVENIDA TABELIÃO FRANCISCO ALVES, 344
ICÓ;15;172;CONJUNTO GH-2;ESCOLA MUNICIPAL  DR. ALMIR ALVES FERNANDES TAVORA FILHO;CONJUNTO GH-2 S/N
AMONTADA;89;175;VARJOTA;EEB FRANCISCO JOSE MAGALHÃES;ARENGAS I
AMONTADA;89;119;GARÇAS;EEM LIDIA CARNEIRO DE BARROS;GARÇAS
CARIRIAÇU;71;7;PARAÍSO;EEF PAULO BARBOSA LEITE;RUA LUIZ BEZERRA, SN
BOA VIAGEM;63;18;CENTRO-SEDE;EEF PE ANTONIO CORREIA DE SA;RUA JOSE RANGEL DE ARAUJO 22
IBIAPINA;73;194;PRAÇA DO ESTÁDIO;CRECHE MUNICIPAL PRÓ-INFÂNCIA GUILHERME ARAGÃO QUEIROZ;RUA LUÍS BASÍLIO DE LIMA, S/N
MARACANAÚ;104;4;BOA VISTA;EMEIEF COMISSÁRIO FRANCISCO BARBOSA;RUA 11, 116
FORTALEZA;117;394;CANINDEZINHO;EM FLORIVAL ALVES SERAINE;RUA ITATIAIA, 1000
ICÓ;15;11;CENTRO - SEDE;CENTRO UNIVERSITÁRIO VALE DO SALGADO;AV. MONSENHOR FROTA, 609
TRAIRI;97;77;VIEIRA DOS CARLOS;E. 1º GRAU CARLOS FERREIRA BARBOSA;VIEIRA DOS CARLOS
URUBURETAMA;23;202;ITAMARATY;EEFM MATILDE RODRIGUES VASCONCELOS;RUA JOSE LOPES CABRAL S/N
MARACANAÚ;104;436;CENTRO;EEM TENENTE MÁRIO LIMA;RUA FRANCISCO FIRMINO, 293
PINDORETAMA;7;105;PRATIUS - 1;EMEB JOSÉ DE QUEIROZ FERREIRA;AV. VALE ALBINO, SN - RODOVIA CE 454 - PRATIUS - 1
QUIXELÔ;13;570;ANTONICO-DISTRITO;ESCOLA DE ENS FUND JOAO VICENTE ALVES;ANTONICO-DISTRITO
MILAGRES;26;92;FRANCISCA DO SOCORRO;ESCOLA CLICERIO MARTINS PEREIRA;RUA VALADARES
FORTALEZA;95;349;JANGURUSSU;CUCA JANGURUSSU;AV. GOVERNADOR LEONEL BRIZOLA, S/N
BANABUIÚ;6;444;CENTRO;EEF RAUL URQUID;RUA DEMÓCRITO PINTO, 280, CENTRO
RUSSAS;9;153;POCO REDONDO;ESCOLA MUNICIPAL LINO GONCALVES;POÇO REDONDO
CANINDÉ;33;421;SANTA LUZIA;EMEF SENADOR CARLOS JEREISSATI;RUA EUCLIDES BARROSO, 1048
JIJOCA DE JERICOACOARA;30;292;CENTRO;ESCOLA JOSE DIONISIO DE SOUSA;RUA RAIMUNDO ALEXANDRE 330
CAUCAIA;123;546;ARIANÓPOLIS (JUREMA);E.E.I.E.F. SEBASTIÃO BEZERRA DOS SANTOS;RUA SOLIMÕES, 361
TABULEIRO DO NORTE;91;67;PEIXE GORDO;EEB MARIA SANTA FREIRE - PEIXE GORDO;SITIO PEIXE GORDO
BARBALHA;31;129;CENTRO;EEM ADAUTO BEZERRA;RUA MAJOR SAMPAIO, 75
CHOROZINHO;49;248;SITIO CAPOEIRA;EEF LUIS GOMES DA SILVA;SITIO CAPOEIRA
CAMOCIM;32;255;BRASILIA;EEI MONS INACIO NOGUEIRA MAGALHAES - LIONS;RUA JOAQUIM TÁVORA SN
BARBALHA;31;163;CIROLÂNDIA;ETI ANTONIO GONDIM SAMPAIO (CIROLÂNDIA);RUA CINOBILINA CALLOU (L3), 463
JAGUARIBE;10;2;CENTRO;COLEGIO CLOVIS BEVILAQUA;AV. OITO DE NOVEMBRO 443
IBIAPINA;73;13;PRAÇA DO ESTÁDIO;ESCOLA MARIA SOFIA MATOS;RUA VEREADOR MANUEL RODRIGUES, S/N
JUAZEIRO DO NORTE;119;388;PREFEITO CARLOS ALBERTO DA CRUZ;URCA - CAMPUS CRAJUBAR (TRIÂNGULO);AVENIDA LEÃO SAMPAIO, 107
FORTALEZA;113;415;MONTESE;EEFM MARECHAL HUMBERTO DE ALENCAR C. BRANCO;RUA ALVARO FERNANDES, 913
FORTALEZA;83;683;HENRIQUE JORGE;ESCOLA MUNICIPAL DONA DAGMAR GENTIL;RUA VITORIA 1750
ITAPIPOCA;17;692;MARINHEIROS;EEB RAIMUNDA ROCHA DO NASCIMENTO;HUMAITA
PACAJUS;49;116;CROATA I;CEI RAIOS DE LUZ;RUA ARCELINO NOGUEIRA 08
JUAZEIRO DO NORTE;119;6;LIMOEIRO;ESCOLA ODORINA CASTELO BRANCO SAMPAIO;AV. JOSÉ BEZERRA DE MENEZES S/N
PARAMOTI;111;134;CENTRO;EEMTI TOMÉ GOMES DOS SANTOS (PRÉDIO NOVO);RUA ORLEANS FARIAS, S/N - SANTA CECÍLIA
CAUCAIA;123;384;ARATURI (JUREMA);E.E.I.E.F. RITA DE CÁSSIA BRASILEIRO PONTES;AV. CENTRAL, 1112
CARIRIAÇU;71;61;PARAÍSO;EEM SÃO PEDRO;RUA LUIZ BEZERRA 325
ARACATI;8;48;CENTRO;COLEGIO MARISTA DE ARACATI;PRAÇA SÃO MARCELINO CHAMPAGNAT, 1
SÃO BENEDITO;22;203;CORRENTE-SEDE;EMEB FRANCISCO CASSIANO DO AMARAL;POLO ABC
FORTALEZA;112;420;EDSON QUEIROZ;COLEGIO ARI DE SA CAVALCANTE WS;AV WASHINGTON SOARES, 3737
PENTECOSTE;50;125;ZONA RURAL;EEIF SÃO JOSÉ;MACACOS
MILAGRES;26;83;SITIO TABOQUINHA;ESCOLA MANOEL CORREIA DA SILVA;SITIO TABOQUINHA
IGUATU;13;272;ALTO DO JUCÁ;ESCOLA DE ENS FUND JOSÉ ERITON BARROS COSTA;RUA APULCRO LIMA VERDE SN
FORTALEZA;114;39;FLORESTA;EM FRANCISCO SILVA CAVALCANTE;RUA CONSELHEIRO LAFAYETTE 205
FORTALEZA;114;215;PRESIDENTE KENNEDY;EM SÃO JOSÉ;AVENIDA DOUTOR THEBERGE 2288
CRATO;27;192;VILA LOBO;EEIEF ANTÔNIO ANTUÉRPIO GONZAGA DE MELO;RUA ANTÔNIO ESMERALDO LEITE S/N
ITAPIPOCA;17;286;ARAPARI;EEB MARIA MESQUITA RODRIGUES;QUANDU
MARACANAÚ;122;219;NOVO ORIENTE;EMEF DEP ULYSSES GUIMARAES;RUA 29 N. 10
REDENÇÃO;52;26;DISTRITO DE ANTÔNIO DIOGO;ESCOLA CECÍLIA PEREIRA;RUA TEREZA CRISTINA, N. 295 - CENTRO
TURURU;17;677;ALTO DOS CAMELOS;CENTRO EDUCACIONAL ERNESTO GHISLANDI;RUA JATOBA I
MORADA NOVA;47;27;CENTRO;EEMTI EGIDIA CAVALCANTE CHAGAS;AV MANOEL CASTRO, 473
BARBALHA;31;21;CENTRO;COLÉGIO NOSSA SENHORA DE FÁTIMA;RUA DA MATRIZ, 258
HORIZONTE;78;164;PLANALTO HORIZONTE;EMEF JORGE PEREIRA DA ROCHA;RUA PAULO FREIRE 40
PARAMBU;19;314;VILA NOVA;ESCOLA FRANCISCA CARVALHO NORONHA;RUA SÃO FRANCISCO, S/N
QUIXERAMOBIM;11;157;BELEM;ESCOLA SEBASTIAO PAULO DA SILVA;PONTAL ALEGRE
QUIXERAMOBIM;11;304;ARGENTINA SIQUEIRA;ESCOLA MARIA DO SOCORRO COELHO BENICIO;RUA D, S/N - QUADRA 04
QUIXADÁ;6;6;CENTRO;EEF TERRA DOS MONÓLITOS;RUA JOSE DE QUEIROZ PESSOA, 1902
CHOROZINHO;49;43;PARQUE SAO JOSE;EEFM PADRE ENEMIAS FREIRE DE ALMADA;PRACA DOM JOSE DE MEDEIROS DELGADO SN
TABULEIRO DO NORTE;91;107;VILA MACENA;EEB CLIMÉRIO JOSINO MAIA - VILA MACENA;RUA JOAQUIM IZIDIO GADELHA, 5277
FORTALEZA;82;415;PIRAMBU;CENTRO EDUCACIONAL DOM HÉLIO CAMPOS;RUA SÃO RAIMUNDO, 199
BARROQUINHA;108;85;DISTRITO ARARAS;EEF NOSSA SENHORA DE FÁTIMA;RUA DO QUADRO S/N
FORTALEZA;118;429;PASSARÉ;EM FRANCISCO ANDRADE TEOFILO GIRAO;RUA UNIDOS VENCEREMOS, 2040
IRAUÇUBA;41;20;JUA;ESCOLA MUNICIPAL MIGUEL FERNANDES;RUA JOAQUIM PEREIRA PASSOS SN
CAUCAIA;123;353;MARECHAL RONDON (JUREMA);E.E.I.E.F. ECONOMISTA RUBENS VAZ DA COSTA;AVENIDA NOVO HORIZONTE, S/N
MARANGUAPE;4;389;CENTRO - MARANGUAPE;COLÉGIO SEBASTIÃO DE ABREU;RUA ROBERTO BRAQUEHAIS, 656
FORTALEZA;112;74;ENGENHEIRO LUCIANO CAVALCANTE;ESCOLA ESTADUAL DE EDUCAÇÃO PROFISSIONAL JAIME ALENCAR DE OLIVEIRA;AV ROGACIANO LEITE, 2285
BARREIRA;52;68;ARERÉ;ESCOLA JOSÉ AMARO DA COSTA;PASCOALZINHO
SOBRAL;24;429;JAIBARAS;EEFI LEONILIA GOMES PARENTE;RUA SANTA TEREZINHA
TRAIRI;97;85;SERROTE;GE ANTONIO RIBEIRO DE SOUSA;SERROTE
BEBERIBE;84;176;PARIPUEIRA;ESCOLA MUNICIPAL JOSE ANSELMO DE ALMEIDA;QUATRO BOCAS
JUAZEIRO DO NORTE;28;25;SAO MIGUEL;UNINASSAU CAMPUS SÃO MIGUEL;RUA SÃO FRANCISCO, 1224
MORADA NOVA;47;36;CENTRO;CEBCJEC -CENTRO DE EDUCAÇÃO BÁSICA CORONEL JOSÉ EPIFÂNIO DAS CHAGAS;AV MANOEL CASTRO, 600
FORTALEZA;113;320;FARIAS BRITO;EEFM DR.CÉSAR CALS;AV. DOMINGOS OLIMPIO, 1800
CHORÓ;6;344;SÃO SEBASTIÃO;EEI CAMINHO DO SABER;AV. NOSSA SENHORA DE FATIMA, 200, CENTRO
FORTALEZA;118;487;PASSARÉ;EM DELMA HERMÍNIA DA SILVA PEREIRA;AVENIDA PRESIDENTE COSTA E SILVA, 5606
SALITRE;38;122;CENTRO;E.E.I.F ANTONIO LEITE DE ALENCAR - SEDE;RUA SANTO ANTONIO  S/N
PARAMBU;19;415;COCOCI;ESCOLA FRANCISCA EVELEIDE DE SOUSA;VILA ISABEL
TRAIRI;97;138;ASSENTAMENTO BATALHA;ASSOCIAÇÃO DOS MORADORES DO ASSENTAMENTO BATALHA;BATALHA
ITAPIPOCA;17;749;JULHO;CEI CLÁUDIO JOSÉ RIBEIRO DA COSTA;RUA F, N 100 - JULHO I
FORTALEZA;1;38;COCÓ;UNINTA - FACULDADE UNINTA FORTALEZA;RUA VILEBALDO AGUIAR,133
QUIXERAMOBIM;11;140;SAO MIGUEL;ESCOLA  JOSE MARTINS DE ALMEIDA;OITICICA
PALHANO;9;234;CENTRO;CENTRO DE EDUCACAO INFANTIL;RUA POSSIDÔNIO BARRETO, 293
FORTALEZA;80;115;ALTO DA BALANÇA;EEM YOLANDA QUEIROZ;AV. GAL. MURILO BORGES, 864
FORTALEZA;3;575;MEIRELES;WAYS BILINGUAL SCHOOL - UNIDADE MEIRELES;RUA NUNES VALENTE, 919
FORTALEZA;115;289;ITAPERI;UNIVERSIDADE ESTADUAL DO CEARA - UECE;AV DR. SILAS MUNGUBA, 1700
BARRO;92;65;TRAJANO NOGUEIRA-SEDE;ESCOLA MUNICIPAL DE ENSINO FUNDAMENTAL GILBERTO LEITE DE AQUINO;RUA TRAJANO NOGUEIRA SN
OCARA;67;231;SERENO DE CIMA-DISTRITO;ESCOLA MUNICIPAL SEBASTIAO FREIRES BRAGA - ENSINO FUNDAMENTAL;RUA VENUS SN - SERENO DE CIMA
MARANGUAPE;4;66;SERRA DO LAGEDO - ANTÔNIO MARQUES;EMEIEF IMACULADA CONCEIÇÃO;VILA ANTÔNIO MARQUES, 16
ASSARÉ;18;53;CENTRO;ESCOLA PROFESSORA. BATISTINA BRAGA;RUA DR PAIVA VILA MOTA SN
SANTA QUITÉRIA;54;109;DISTRITO DE LOGRADOURO;ESCOLA MUNICIPAL GUSTAVO RODRIGUES ROSA;DISTRITO DE LOGRADOURO
FORTALEZA;95;331;JANGURUSSU;CITS - CENTRO DE INCLUSÃO TECNOLÓGICA E SOCIAL;RUA L, 20, CONJUNTO JOÃO PAULO II
FORTALEZA;113;367;MONTESE;COLÉGIO ESTADUAL PRESIDENTE HUMBERTO CASTELO BRANCO;RUA IRMA BAZET, 210
RUSSAS;9;253;CENTRO;ESCOLA MUNICIPAL JOSE RAIMUNDO DE DEUS;AVENIDA IRMÃ MARIA DA GRAÇA
PARACURU;109;1;CENTRO;E. M. E. F. ANTONIO SALES;RUA CAP JOSE TELES, S/N
SANTANA DO ACARAÚ;44;66;DOURADO;EEF JOAO PEIXOTO DA MOTA;DOURADO
RUSSAS;9;285;PARELHAS;ESCOLA MUNICIPAL DR JOSE MARTINS DE SANTIAGO;PARELHAS
NOVA RUSSAS;48;210;PANTANAL;GRUPO ESCOLAR OLMIR MENDES GUEDES;RUA 10, S/N
JAGUARIBE;10;80;PLACA VERDE;CRECHE NOSSA SENHORA DAS CANDEIAS;RUA ELIZIARIO DIOGENES PINHEIRO S/N
FORTALEZA;113;128;BENFICA;EEFM FIGUEIREDO CORREIA;RUA MARECHAL DEODORO, 733
QUIXADÁ;6;31;SÃO BERNARDO;EEF REGINA MARIA HOLANDA AMORIM;SÃO BERNARDO, S/N
SÃO BENEDITO;22;99;CENTRO-SEDE;CENTRO EDUCACIONAL DA VIRGEM PODEROSA - CEVP;RUA JOSE ARMANDO RODRIGUES 306
MOMBAÇA;46;114;CACIMBAS;ESCOLA DE ENSINO FUNDAMENTAL ISABEL ALVES DE OLIVEIRA;CACIMBAS
VARJOTA;65;182;CENTRO;E.E.F. ANTÔNIO MANOEL DE ARAÚJO (ANTIGO 'CERU');RUA SÃO FRANCISCO, 148
BEBERIBE;84;135;PARIPUEIRA;ESCOLA MUNICIPAL SAGRADO CORACAO DE JESUS;CAMPESTRE DA PENHA
CRATO;27;178;MONTE ALVERNE;EEIEF PROFESSORA PUREZA TELES;RUA SÃO FRANCISCO S/N - MONTE ALVERNE
CAUCAIA;123;465;ARATURI (JUREMA);E.E.I.E.F. MONSENHOR ANDRÉ VIANA CAMURÇA;RUA NW-5, 40
CAUCAIA;37;499;BARRA NOVA;EEIEF CÉSAR NILDO GONDIM PAMPLONA;ÁREA VERDE II , S/N
IPAUMIRIM;92;105;CENTRO-SEDE;E.E.F.T.I. DR JARISMAR GONCALVES MELO;AVENIDA DR ARRUDA, 37
AQUIRAZ;66;81;PRAINHA;EMEF RITA PAULA;AV. DAMIÃO TAVARES  DE SOUSA, S/N
AQUIRAZ;66;77;TAPUIO;CENTRO DE EDUCAÇÃO E CIDADANIA MARIA DE CASTRO BERNARDO;RUA JOSE ADAMOR ABREU, S/N - DISTRITO JOAO DE CASTRO
NOVO ORIENTE;99;163;CENTRO;CRECHE ANTONIA RODRIGUES;AV. ALCIDES SALES
BARROQUINHA;108;84;CENTRO;EEF CARMELITA VERAS DE PAULA;RUA AMBROZINA FÉLIX, 443
SÃO JOÃO DO JAGUARIBE;91;118;CENTRO;EEF FRANCISCO GUERREIRO CHAVES;RUA CANDIDO CHAVES S/N
MARANGUAPE;4;527;OUTRA BANDA - MARANGUAPE;EMEIEF RENATO MOTA;RUA EMANOEL COSTA  ABREU, S/N
MORADA NOVA;47;48;CENTRO;CEBCJEC -CENTRO DE EDUCAÇÃO BÁSICA CORONEL JOSÉ EPIFÂNIO DAS CHAGAS;AV MANOEL CASTRO, 600
JAGUARIBARA;72;62;ZONA RURAL;E.M.E.F ONZE DE AGOSTO;P.A CURUPATI PEIXE
CAPISTRANO;105;19;CENTRO;PREFEITURA MUNICIPAL DE CAPISTRANO;PRACA MAJOR JOSE ESTELITA AGUIAR
CAMOCIM;32;204;ZONA RURAL;ESCOLA ANTONIO TEIXEIRA DE FRANCA - VILA DOS TEIXEIRAS;VILA DOS TEIXEIRAS
TAMBORIL;61;61;DISTRITO DE AÇUDINHO;EMTI LUIZ GONZAGA AMBRÓSIO;VILA AÇUDINHO
FORTALEZA;82;477;MONTE CASTELO;EEMTI CLÁUDIO MARTINS;RUA DEMÓCRITO ROCHA, 400
CAMOCIM;32;264;BOA ESPERANCA;ESCOLA MUNICIPAL DE 1 GRAU FCO OTONI COELHO;RUA BANDEIRANTES 646
ASSARÉ;18;19;CENTRO;ESCOLA PROFESSORA. BATISTINA BRAGA;RUA DR PAIVA VILA MOTA SN
LAVRAS DA MANGABEIRA;14;115;OURO BRANCO- DISTRITO;POSTO DE SAÚDE DE OURO BRANCO;RUA BERNARDO ALENCAR, S/N
JUAZEIRO DO NORTE;119;390;PLANALTO;LICEU - EEEP ADERSON BORGES DE CARVALHO;R. VICENTE TEIXEIRA DE MACEDO, 561
FORTALEZA;118;116;PASSARÉ;COLÉGIO MULTIVERSO;AV. JUSCELINO KUBITSCHECK, 3653
FORTALEZA;118;220;PASSARÉ;EEMTI INTEGRADA 2 DE MAIO;AVENIDA DA SAUDADE, S/N
FORTALEZA;117;365;CONJUNTO ESPERANÇA;EMEIF PADRE CÍCERO ROMÃO BATISTA;RUA MARIELLE FRANCO, 630
FORTALEZA;83;132;JÓQUEI CLUBE;ESCOLA MUNICIPAL PRESIDENTE KENNEDY;AV. LINEU MACHADO 811
ICÓ;15;32;CENTRO - SEDE;CEJA - ANA VIEIRA PINHEIRO;RUA DONA ALDERY, 324
BREJO SANTO;70;23;SAO FRANCISCO-SEDE;CEJA JOAQUIM GOMES BASILIO;RUA GENESIO RICARTE COSTA 637
LIMOEIRO DO NORTE;29;164;CENTRO;CENTRO EDUCACIONAL SAO VICENTE DE PAULO - PATRONATO;RUA SABINO ROBERTO 398
JUAZEIRO DO NORTE;119;184;TIMBAUBA;ESCOLA ANTONIO BEZERRA MONTEIRO;SEBASTIAO CAVALCANTE SN
JUAZEIRO DO NORTE;119;148;PIRAJA;ESCOLA IZABEL DA LUZ;AV. AILTON GOMES S/N
FORTALEZA;114;250;BARRA DO CEARÁ;CENTRO DE EDUCAÇÃO COMPLEMENTAR (CEDCE) - ANTIGO SESI;AVENIDA FRANCISCO SÁ 6623
VIÇOSA DO CEARÁ;35;39;PADRE VIEIRA;E.E.F MANOEL JOSÉ DA SILVA;VILA PADRE VIEIRA
VIÇOSA DO CEARÁ;35;15;CENTRO;CENTRO DE EDUCAÇÃO DE JOVENS E ADULTO;RUA JOSE JOAQUIM DE CARVALHO S/N
TIANGUÁ;81;192;SANTO EXPEDITO;E.E.F. PROFª. MARIA OFÉLIA VASCONCELOS PORTELA;RUA EXPEDITO COELHO DE MORAIS, SN
ORÓS;15;273;PEDREGULHO - SITIO;POSTO DE SAÚDE FRANCISCO COSMO RODRIGUES;SÍTIO PEDREGULHO
FORTALEZA;116;403;BONSUCESSO;EM XV DE OUTUBRO;RUA GUARANI, 2030
FORTALEZA;116;315;GRANJA LISBOA;EM DOM LUSTOSA;RUA GERALDO BARBOSA 3901
ITAPIPOCA;17;271;ASSUNÇÃO;EEB ANASTACIO EULAMPIO BRAGA;BARRA NOVA
IPAUMIRIM;92;106;CENTRO-SEDE;E.E.F. JOSE ALVES DE OLIVEIRA;VILA SAO JOSE
FORTALEZA;80;187;FÁTIMA;COLÉGIO NOSSA SENHORA DAS GRAÇAS;RUA MONSENHOR OTÁVIO DE CASTRO, 535
FORTALEZA;115;171;MONTESE;EEMTI JOAO MATTOS;RUA ALMIRANTE RUBIM, 1014
PEDRA BRANCA;59;134;SANTA TEREZINHA;ESCOLA DE ENSINO MÉDIO ELZA GOMES MARTINS;RUA DOCA PESSOA, 80
ITAPAJÉ;41;135;CRUZEIRO-SEDE;CRAS CATÃO AZEVEDO CRUZ;RUA MANOEL BERNARDE 59
BOA VIAGEM;63;9;CENTRO-SEDE;EEFM DOM TERCEIRO;RUA ALFREDO TERCEIRO  300
MARANGUAPE;4;104;URUCARÁ - MARANGUAPE;EMEIEF LUIZ ALBANO DA COSTA;AVENIDA JOAQUIM LOPES DE ABREU, S/N
EUSÉBIO;88;246;PRECABURA;EEF ELISBAO PIO;AV ELISBAO PIO - PRECABURA
TAMBORIL;61;75;DISTRITO DE SUCESSO;EMEF VENCESLAU PEREIRA DAMASCENO;RUA DO BOLA BRANCA - VILA SUCESSO
CAUCAIA;120;326;PRIMAVERA;E.E.I.E.F. DOMINGOS ABREU BRASILEIRO;BR 222 - KM 30
CASCAVEL;7;48;GUANACES;ESC.ENS.FUND. LUISA GOLVEIA DOS SANTOS;CHORO JATOBA 1
FORTALEZA;2;779;JOSÉ DE ALENCAR;COLÉGIO CHRISTUS SUL 3;AV ENGENHEIRO LEAL LIMA VERDE, 2500 - JOSÉ DE ALENCAR
QUIXERAMOBIM;11;72;MANITUBA;ESCOLA FRANCISCO FELIPE FILHO;LAGOA CERCADA
CRATO;27;106;PINTO MADEIRA;EEF DOM QUINTINO;RUA SÃO FRANCISCO S/N
BATURITÉ;5;40;UIRAPURU-SITIO;ASSOCIACAO COMUNITARIA UNIAO SERRANA UIRAPURU;CE 356 - SITIO UIRAPURU
FORTALEZA;95;151;JANGURUSSU;EEMTI ALMIRANTE TAMANDARÉ;RUA DO PEREIRO, S/N, CJ ALMIRANTE TAMANDARÉ
FORTALEZA;95;200;PEDRAS;EM TRISTÃO DE ALENCAR;RUA JOSE NOGUEIRA, 69
FORTALEZA;80;274;VILA UNIÃO;ESCOLA MUNICIPAL HAROLDO JORGE BRAUN VIEIRA;AV LAURO VIEIRA CHAVES, 2001
SÃO BENEDITO;22;95;SITIO XIQUE XIQUE;EEF XIQUE XIQUE;SITIO XIQUE XIQUE
SENADOR POMPEU;12;155;SEDE;EEIEF PAULO VITORIANO DE OLIVEIRA;SITIO BONITO S/N
MORADA NOVA;47;152;LAGOA GRANDE;EEB JOSE IRIS RABELO;LAGOA GRANDE
FORTIM;8;320;CANTO DA BARRA;EEFTI. COMUNITÁRIA DA BARRA;RUA ANGELITA FELIPE BEZERRA, 47.
MISSÃO VELHA;16;30;MISSAO NOVA;CENTRO DE EDUCACAO RURAL PEDRO RAIMUNDO DA CRUZ - CERU;DISTRITO DE MISSAO NOVA
ORÓS;15;315;GUASSUSSE - DISTRITO;CRECHE CHAPEUZINHO VERMELHO;RUA TIRADENTES, S/N
FRECHEIRINHA;81;266;ÁREA RURAL DE FRECHEIRINHA;ESCOLA NAIR CUNHA DE AGUIAR;OITICICA
CARIRIAÇU;71;92;VALÊNCIA;POSTO DE SAÚDE ANA DOS ANJOS;SÍTIO PATOS
CAUCAIA;120;349;COITE PEDREIRA;E.E.I.E.F. SANTA RITA CATARINA;SÍTIO CATARINA
ARACOIABA;67;11;CENTRO-SEDE;CENTRO EDUCACIONAL CORONEL PEDRO GUEDES ALCOFORADO - CNEC;RUA MANOEL GUEDES 47
CAUCAIA;123;363;MARECHAL RONDON (JUREMA);E.E.I.E.F. ECONOMISTA RUBENS VAZ DA COSTA;AVENIDA NOVO HORIZONTE, S/N
MONSENHOR TABOSA;61;174;TABOA;ASSOCIAÇÃO NOVA VIDA;POVOADO TABOA
BELA CRUZ;96;61;CORREGO GRANDE-SEDE;EMETI FRANCISCO ADEODATO MORAIS;RUA DEPUTADO MANOEL RODRIGUES, S/N
AQUIRAZ;66;130;CENTRO;ESCOLA DE ENSINO MEDIO LIA SIDOU;RUA VIRGILIO COELHO N  693
SÃO JOÃO DO JAGUARIBE;91;110;BELA VISTA;E.M.E.I CRECHE MUNICIPAL TIA IDA;RUA JOAQUIM FERREIRA
JUAZEIRO DO NORTE;28;232;SAO MIGUEL;EEM JOSE BEZERRA;SAO JORGE 440
SANTA QUITÉRIA;54;96;DISTRITO DE RAIMUNDO MARTINS;E.M.E.F. PROFESSOR PAULO BERTOLDO DUARTE;DISTRITO DE RAIMUNDO MARTINS
CRATEÚS;20;230;FATIMA I;SERVIÇO SOCIAL DO COMÉRCIO - SESC;RUA PADRE CÍCERO, 200
CAUCAIA;120;264;CONJUNTO METROPOLITANO;E.E.I.E.F. ANTÔNIO MIRANDA DE MELO;RUA PEDRO ALVES DE MENEZES, 1095 - CONJUNTO METROPOLITANO
FORTALEZA;83;760;ANTÔNIO BEZERRA;COLÉGIO DA POLÍCIA MILITAR DO CEARÁ GENERAL EDGARD FACÓ;AVENIDA MISTER HULL,  S/N - KM 1
FORTALEZA;117;166;BOM JARDIM;EEFM JULIA ALVES PESSOA;RUA SÃO FRANCISCO SN
FORTALEZA;118;365;PARQUE DOIS IRMÃOS;EM DOUTOR ABDENAGO DA ROCHA LIMA;RUA 114, 75 (CJ TUPAN MIRIM)
FORTALEZA;80;408;JOSÉ BONIFÁCIO;FACULDADE MAURÍCIO DE NASSAU;AVENIDA VISCONDE DO RIO BRANCO, 2078
RUSSAS;9;64;VARZEA ALEGRE;CENTRO DE EDUCACAO INFANTIL ANA DE OLIVEIRA ROCHA SOMBRA;AV MARIA RAMALHO S/N
VARJOTA;65;158;PEDREIRA;E.E.F. FRANCISCO PIO DE FARIAS;RUA DELMIRO GOUVEIA, 227
VARJOTA;65;179;ARARINHA;CHECHE PRO-INFÂNCIA EUCLIDES PINTO DE MACEDO NETO - VARJOTA;RUA ANTÔNIO FLORENCIO DE ARAÚJO
FORTALEZA;93;236;PREFEITO JOSÉ WALTER;EM ROGACIANO LEITE;RUA 45, S/N - III ETAPA
FORTALEZA;95;225;PEDRAS;EM FRANCISCA ORIA SERPA;RUA JORGE FIGUEIREDO, 3652
PENTECOSTE;50;54;ACAMPAMENTO;SINDICATO DOS TRABALHADORES E TRABALHADORAS RURAIS DE PENTECOSTE;AVENIDA DR. JOSÉ DE BORBA VASCONCELOS
TAUÁ;19;135;MARRECAS;EPG JESUS MARIA JOSE;VILA DE MARRECAS
SÃO BENEDITO;22;105;CENTRO-SEDE;NAEC - NÚCLEO DE ARTE, EDUCAÇÃO E CULTURA - PROFESSOR OSCAR COSTA DE S;RUA CAPITÃO MIRANDA S/N CENTRO
FORTALEZA;95;210;JANGURUSSU;EEMTI JANGURUSSU;RUA DO MANDACARU, 1048, CONJUNTO ALMIRANTE TAMANDARÉ
FORTALEZA;113;141;JARDIM AMÉRICA;ESC. EST. DE EDUC. PROFISSIONAL PAULO VI;RUA JORGE DUMMAR, 1841
MORADA NOVA;47;253;ARUARU;CENTRO EDUCACIONAL INFANTIL MARIA NADIR BARBOSA;JOSE ANGELO S/N
MARACANAÚ;122;285;ALTO ALEGRE I;EMEF PROFESSORA MARIA DE LOURDES DA SILVA;RUA 14 N 800 QUADRA 236
MAURITI;76;39;ANAUA-DISTRITO;EEIF FIRMINO ARARUNA DE SOUSA;RUA ROSENDO MANOEL DE SOUSA, S/N
MARACANAÚ;122;200;LUZARDO VIANA;E.M.E.I.E.F. MANOEL MOREIRA LIMA;ESTRADA DO PAU SERRADO, S/N
OCARA;67;269;CURUPIRA-DISTRITO;ESCOLA MUNICIPAL JOAQUIM JOSE PEREIRA - ENSINO FUNDAMENTAL;VILA QUINCAS
POTENGI;68;71;SITIO CARCARA;ESCOLA MUNICIPAL MARIA VIRGEM DA SILVA - CARCARÁ;SITIO CARCARÁ
FORTALEZA;117;243;MANOEL SÁTIRO;EMEIF MARIA BEZERRA QUEVEDO;RUA 103, 28 - CJ. NOVO MONDUBIM
FORTALEZA;80;183;FÁTIMA;COLÉGIO NOSSA SENHORA DAS GRAÇAS;RUA MONSENHOR OTÁVIO DE CASTRO, 535
PACATUBA;57;208;CONJUNTO JEREISSATI II;EEIEF JOSE BATISTA DE OLIVEIRA;AV XXIII, S/N
MARACANAÚ;104;104;JEREISSATI I;EEMTI PROFESSOR CLODOALDO PINTO;AVENIDA CONTORNO NORTE, 99
ANTONINA DO NORTE;18;120;CASTELO BRANCO;ESCOLA MUNICIPAL FRANCISCO MENDES E SILVA;AV CENTRAL SN
SOBRAL;121;146;TAPERUABA;ESCOLA FRANCISCO MONTE;RUA FRANCISCO MONTE S/N CENTRO
PALHANO;9;164;FEIJAO BRAVO;UNIDADE BÁSICA DE SAÚDE RITA ROSA DOS SANTOS;FEIJAO BRAVO
FORTALEZA;112;430;EDSON QUEIROZ;COLEGIO ARI DE SA CAVALCANTE WS;AV WASHINGTON SOARES, 3737
MONSENHOR TABOSA;61;161;SANTANA;ESCOLA DE ENSINO MÉDIO PROFISSIONAL DO CAMPO FLORESTAN FERNANDES;POVOADO DE SANTANA
JUAZEIRO DO NORTE;119;245;NOVO JUAZEIRO;ESCOLA TIRADENTES;CASTELO BRANCO SN
MARACANAÚ;104;359;TIMBÓ;EMEF DR. JOSÉ DE BORBA VASCONCELOS;AVENIDA TIMBÓ, 808
SÃO JOÃO DO JAGUARIBE;91;108;BELA VISTA;E.M.E.I CRECHE MUNICIPAL TIA IDA;RUA JOAQUIM FERREIRA
FORTALEZA;82;688;CARLITO PAMPLONA;EEMTI JOSÉ VALDO RIBEIRO RAMOS;RUA PEDRO AMÉRICO, 100
MAURITI;76;146;PALESTINA DO CARIRI-DISTRITO;CAPELA MÃE RAINHA;SITIO PANASCO
FORTALEZA;83;65;DEMOCRITO ROCHA;EEFM JOAQUIM ALVES;RUA ESTADO DO RIO 955
FORTALEZA;112;581;CAMBEBA;COLÉGIO BATISTA - UNIDADE SEIS BOCAS;RUA DR. WALDEMAR DE ALCANTARA, 200
IBARETAMA;6;371;DISTRITO DE PIRANGI;EMEIF JOSÉ GUSTAVO DE QUEIROZ;DISTRITO DE PIRANGI
BARBALHA;31;86;NSA SRA FÁTIMA;CEI MARIA DAS GRAÇAS FURTADO CORREIA (CJ NSA SRA FATIMA);RUA JOSÉ ILÂNIO COUTO GONDIM, 270
IPUEIRAS;40;30;AMÉRICA;ESCOLA DE ENSINO FUNDAMENTAL MARIANO MARINHO DE OLIVEIRA - AMÉRICA;AMÉRICA
FORTALEZA;113;107;BENFICA;COLÉGIO CHRISTUS BENFICA;RUA LUIS DE MIRANDA, 536
OCARA;67;190;SERRAGEM-DISTRITO;ESCOLA MUNICIPAL JOÃO PAULO SOBRINHO;AÇUDE SÃO JOSÉ - SERINGUEIRA
TIANGUÁ;81;140;SANTO ANTÔNIO;E.E.F. PROFª. ESTER DE AGUIAR MENEZES;RUA CORONEL JOÃO DAMASCENO, S/N
TIANGUÁ;81;190;ÁREA RURAL DE TIANGUÁ;E.E.F. PROFª. OFÉLIA PORTELA MOITA;RUA 31 DE MAIO - SÍTIO CÓRREGO
FORTIM;8;284;BARRO VERMELHO;EEF. JOAO CIRIACO;BARRO VERMELHO
QUIXERAMOBIM;11;232;MONTEIRO DE MORAIS;ESCOLA MARIA ARAUJO CARNEIRO;RUA DR SEBASTIAO CAVALCANTE, 58
HIDROLÂNDIA;54;114;ALTO DA ESPERANÇA;ESCOLA PROFISSIONALIZANTE FRANCISCA MAURA MARTINS;RUA PROJETADA, SN
FORTALEZA;118;537;PARQUE DOIS IRMÃOS;COLEGIO MARIA ESTER II;RUA F (CONJUNTO MIRASSOL), 158
GRAÇA;79;143;SITIO EXTREMAS DE SANTA LUZIA;ESCOLA SANTA LUZIA;SITIO EXTREMAS DE SANTA LUZIA
JUCÁS;43;119;CORREDORES - SÍTIO - SEDE;GRUPO ESCOLAR JOSE NOGUEIRA PAZ;SÍTIO CORREDORES
SOBRAL;121;126;CENTRO;SAAE - SERVIÇO AUTÔNOMO DE ÁGUA E ESGOTO - SOBRAL;RUA DR. MONTE, 563
FORTALEZA;116;449;BONSUCESSO;EM ANTONIO DIOGO DE SIQUEIRA;RUA ANSELMO NOGUEIRA 655
TAMBORIL;61;92;DISTRITO DE HOLANDA;EMTI FRANCISCO DE ASSIS GOMES RUFINO;RUA FRANCISCO DE ASSIS GOMES RUFINO
ITAPAJÉ;41;124;ESMERINO GOMES;EEEP ADRIANO NOBRE;RUA ODILON FERREIRA GOMES, 475.
QUIXELÔ;13;145;CENTRO;ESCOLA DE ENS FUND E MÉDIO PROFESSOR LUIS DE GONZAGA FONSECA MOTA;RUA VITORINO JOSE DE OLIVEIRA SN
JUAZEIRO DO NORTE;28;163;CENTRO;EEIF PADRE CICERO;MONSENHOR JOVINIANO BARRETO 116
DEPUTADO IRAPUAN PINHEIRO;55;22;BETANIA;EEB JOAQUIM NAPOLEAO PINHEIRO;RUA JOAO ALFREDO
SANTA QUITÉRIA;54;241;DISTRITO DE LISIEUX;E.E.M. MARIA NEUSA ARAÚJO MOURA;RUA ANTONIA BRAGA, S/N.
MASSAPÊ;45;120;ZONA RURAL;CENTRO COMUNITARIO FRANCISCO CANUTO;DISTRITO DE MUMBABA DE BAIXO
FORTALEZA;112;478;SAPIRANGA-COITÉ;EM IRMA SIMAS;RUA JOSE SOBREIRA, 608
FORTALEZA;116;188;GRANJA PORTUGAL;EM EDUCADOR PAULO FREIRE;RUA CORONEL FABRICIANO 452
CRUZ;30;76;ANINGAS;ESCOLA PAULO FREIRE;RUA 14 DE JANEIRO SN
FORTALEZA;82;212;MONTE CASTELO;COLÉGIO MATER AMABILIS;RUA PADRE ANCHIETA, 438
MARANGUAPE;4;115;TANQUES;EMEIEF DR. CÉSAR CAMPELO;RUA JOÃO DE HOLANDA CAVALCANTE
PARAMBU;19;297;GAVIAO;ESCOLA JOÃO FRANCISCO DA SILVA;GAVIÃO
BEBERIBE;84;70;SERRA DO FELIX;ESCOLA MUNICIPAL RAIMUNDO MIRANDA MACHADO;BR-116 KM 96 - TAPUIO
FORTALEZA;83;19;BELA VISTA;ESCOLA MUNICIPAL DOM JOSÉ TUPINAMBA DA FROTA;RUA VIRIATO RIBEIRO 1031
CAUCAIA;37;226;MESTRE ANTONIO;E.E.I.E.F. MENINO JESUS;RUA FRANCISCO EDSON DA SILVA, 163
CAUCAIA;37;369;JANDAIGUABA;E.E.I.E.F. MARIA HELENA MOREIRA DA SILVA;RUA DO GRUPO, 249
BEBERIBE;84;74;ITAPEIM;ESCOLA MUNICIPAL RAUL BARBOSA;RUA MANOEL LINO DO NASCIMENTO SN - CENTRO
QUIXADÁ;6;347;JARDIM DOS MONÓLITOS;EEEP MARIA CAVALCANTE COSTA;AVENIDA JESUS MARIA JOSÉ, 2990
ARARIPE;68;85;SIPAUBA;CRECHE PROINFÂNCIA MARIA IBELENA BATISTA SOUTO DOS SANTOS - SEDE;AV. DES. FRANCISCO HUGO DE ALENCAR FURTADO
MARTINÓPOLE;25;76;CONJUNTO BENEDITO BARROS;E.E.M.T.I. PREF. DÁRIO CAMPOS FEIJÓ;RODOVIA CE, 362
SOBRAL;121;330;SALGADO DOS MACHADOS;ESCOLA RAIMUNDO NONATO DE SALES;RUA INÁCIO MACHADO DA PONTE
BREJO SANTO;70;52;SAO SEBASTIAO-SEDE;ESCOLA MUNICIPAL JUCA LINO;RUA DA TELECEARA S/N
CATARINA;60;230;VILA NOVA - SEDE;EEF FRANCISCO RODRIGUES PEREIRA;RUA JOSE PEDROSA DE MIRANDA S/N
QUIXERAMOBIM;11;215;MARAVILHA;ESCOLA ALVARO DE ARAUJO CARNEIRO;ALTO DA MARAVILHA
PARACURU;109;28;POÇO DOCE;E. M. E. I. F. RUFINO VIEIRA;RUA RUTH FELIX, S/N
PARACURU;109;85;LAGOA;E. M. E. I. F. POMPILIO CIRIACO DE SOUSA;RUA SANTANA, S/N
FRECHEIRINHA;81;258;CENTRO;PATRONATO SAO JOSE;CAPITAO JOAQUIM FRANCISCO              CENTRO             SN
IPUEIRAS;40;24;GÁSEA;EEF FRANCISCO GOMES DE MELO - GÁSEA;GÁSEA
QUITERIANÓPOLIS;99;107;ZONA RURAL;EEIF ANÍZIO FROTA;DISTRITO SAO FRANCISCO
APUIARÉS;50;17;SÃO FRANCISCO;EEF AÉCIO DE BORBA;RUA JACA PRAÍBA, 410
JUCÁS;43;58;MEL - VILA;ESCOLA DE 1 GRAU ANTONIO JOSE DE MELO;RUA ANTONIO JOSE DE MELO S/N
FORTALEZA;94;889;PADRE ANDRADE;EEMTI MONSENHOR DOURADO;AVENIDA SARGENTO HERMÍNIO SAMPAIO 4600
MORADA NOVA;47;210;ARUARU;EEB PROFESSORA JOANA PAULA DE MORAIS;AVENIDA ERNESTO GEISEL
JUAZEIRO DO NORTE;119;128;PIRAJA;ESCOLA AMALIA XAVIER;RUI BARBOSA 468
AQUIRAZ;66;224;PRAINHA;CEI LUIZ SEMEAO DA COSTA;AV DAMIAO TAVARES DE SOUZA, S/N
ARACATI;8;248;TÁBUA LASCADA;ASSOCIAÇÃO DE MORADORES DE TÁBUA LASCADA;RUA PRINCIPAL SN - TÁBUA LASCADA
PARAMBU;19;325;CENTRO;ESCOLA JOSÉ CARVALHO PINHEIRO;RUA ANTONIO BENÍCIO PINHEIRO, 35
MARANGUAPE;4;76;COITÉ - MARANGUAPE;EMEF CÔNEGO HEITOR VIEIRA CAVALCANTE;RUA MARIA EFIGÊNIA CAMPOS TELES, 985
PARACURU;109;25;CAMPO DE AVIAÇÃO;E. E. M. T. I. PROFESSORA MARIA LUIZA SABOIA RIBEIRO;AVENIDA ANTONIO SALES
MORADA NOVA;47;264;CENTRO;CEMER-COLEGIO ESTADUAL MARIA EMILIA RABELO;AV MANOEL CASTRO, 619
VÁRZEA ALEGRE;62;144;RIACHINHO;CRECHE ANTONIO PEDRO DA SILVA;RUA LIDIO DUARTE, 291
JIJOCA DE JERICOACOARA;30;432;ZONA RURAL;ESCOLA ANTONIO DUTRA DE SOUSA;BAIXIO I
COREAÚ;64;13;Centro;COREAÚ - CAEE (CENTRO EDUCACIONAL ESPECIALIZADO);RUA CEL. ANTONIO TELES, S/N - CENTRO
PARAIPABA;109;181;CENTRO;EMEIF FRANCISCO FIGUEIREDO DE PAULA PESSOA;RUA ANTONIO TABOSA SN
MARACANAÚ;104;361;PAJUÇARA;EMEF LUIZ GONZAGA DOS SANTOS;RUA PEDRO BATISTA, 110
FORTALEZA;113;419;MONTESE;EEFM MARECHAL HUMBERTO DE ALENCAR C. BRANCO;RUA ALVARO FERNANDES, 913
FORTALEZA;83;586;HENRIQUE JORGE;ESCOLA MUNICIPAL JOSÉ SOBREIRA DE AMORIM;RUA ESTRADA DO PICI 1083
FORTALEZA;113;69;DAMAS;COLÉGIO JUVENAL DE CARVALHO;AV. JOÃO PESSOA, 4279
FORTALEZA;113;406;PARQUE ARAXÁ;CENTRO UNIVERSITÁRIO UNIFANOR;AV. BEZERRA DE MENEZES, 1277
BARROQUINHA;108;90;CENTRO;EEMTI JAIME LAURINDO DA SILVA;TRAVESSA DO CAMPO, S/N
FORTALEZA;113;114;BENFICA;COLÉGIO CHRISTUS BENFICA;RUA LUIS DE MIRANDA, 536
JUAZEIRO DO NORTE;28;92;FRANCISCANOS;ECIM DOUTOR EDVAR TEIXEIRA FERRER;DOM PEDRO II 1643
GUAIÚBA;57;267;HELDER BEZERRA;EEM JOSÉ TRISTÃO FILHO;RUA MARIA DO CARMO, 100
SÃO BENEDITO;22;215;ANGELIM-INHUCU;CENTRO COMUNITARIO DE APRENDIZAGEM RURAL;ANGELIM
JUAZEIRO DO NORTE;119;180;TIMBAUBA;ESCOLA ANTONIO BEZERRA MONTEIRO;SEBASTIAO CAVALCANTE SN
TIANGUÁ;81;215;RÉGIS DINIZ;E.E.F. FRANCISCO ORDÔNIO;RUA FRANCISCO ORDÔNIO, 96
BANABUIÚ;6;453;ALTO ALEGRE;EEMTI JACOB NOBRE DE OLIVEIRA BENEVIDES;RUA ANA ANILDA BATISTA SÁ, S/N, SEDE
FORTALEZA;82;251;CARLITO PAMPLONA;EM HILBERTO SILVA;AV. PRESIDENTE CASTELO BRANCO, 2973
FORTALEZA;82;614;MONTE CASTELO;COLÉGIO EURÍDICE;RUA NATURALISTA FEIJÓ, 736
RUSSAS;9;87;FLORES;ESCOLA MUNICIPAL INÁCIO DE BARROS NETO;RUA JOÃO ANTÔNIO 2383
JARDIM;119;280;CENTRO;ESCOLA GOV. ADAUTO BEZERRA;AV WILSON RORIZ 1334
JUCÁS;43;104;VILA JOSÉ BENTO - SEDE;ESCOLA DE ENSINO FUNDAMENTAL  AUREA LEAL;VILA JOSE BENTO 170
TIANGUÁ;81;27;FREI GALVÃO;COLÉGIO MARIA STELA;RUA DEPUTADO MANOEL FRANCISCO, 1249
MORRINHOS;44;10;CENTRO;EEMTI CARMINHA VASCONCELOS;RUA NOSSA SENHORA DE FATIMA  309
ARACOIABA;67;56;VAZANTES-DISTRITO;ESCOLA DE ENSINO MEDIO JOAO ALVES MOREIRA;PRACA CONEGO DEMETRIO ELIZEU DE LIMA
ITAITINGA;78;326;BARROCÃO;EEF JARDIM DE FÁTIMA;RUA ELIATAR DIÓGENES, S/N
ITAITINGA;78;318;PARQUE GENEZARÉ;EEF ELIAS DE SOUSA;RUA JOSE RODRIGUES PEREIRA, 137
ITAITINGA;78;288;GERERAÚ;EEF FRANCISCA FERREIRA SIQUEIRA;AV. CEL. ANTONIO FERREIRA, 440
FORTALEZA;1;383;VICENTE PINZON;ESCOLA PROFISSIONAL MARIA ANGELA DA SILVEIRA BORGES;RUA PINTOR ANTONIO BANDEIRA, S/N
FORTALEZA;2;778;MESSEJANA;EM PROFª TELINA BARBOSA DA  COSTA;RUA PERGENTINO MAIA, 811
BARRO;92;54;SITIO BALSAMO;ESCOLA JOSE VICENTE DA SILVA;SITIO BALSAMO
FORTALEZA;95;336;PARQUE SANTA MARIA;EMEIF JOSÉ MOREIRA LEITÃO;RUA HONORINO MAIA, 467
FORTALEZA;118;580;DIAS MACEDO;EEFM ANTÔNIO DIAS MACEDO;AV PEDRO DANTAS 340
PALMÁCIA;4;171;SÍTIO ROCHEDO;UBS ROCHEDO;SÍTIO ROCHEDO
CAMPOS SALES;38;77;B. ALTO ALEGRE;C.E.I - CENTRO DE EDUCAÇÃO INFANTIL - SEDE;RUA EMILIANO FORTALEZA S/N
SANTA QUITÉRIA;54;138;BOA VIDA;COLÉGIO DOM BOSCO;RUA OTÁVIO TERCEIRO DE FARIAS, 245
VÁRZEA ALEGRE;62;43;RIACHO VERDE-SEDE DO DISTRITO;EEF JOSÉ SÉRGIO DA COSTA;RUA JOSÉ SÉRGIO DA COSTA, S/N
BEBERIBE;84;45;SERRA DO FELIX;ESCOLA MUNICIPAL MARIA DE JESUS DO NASCIMENTO;GROSSOS DOS PAULINOS
CAMOCIM;32;34;CENTRO;EEF ALBA MARIA DE ARAUJO LIMA AGUIAR;RUA DA INDEPENDENCIA SN
CANINDÉ;33;11;MONTE ;EMEF SÃO FRANCISCO;AV FRANCISCO CORDEIRO CAMPOS, 500
BREJO SANTO;70;227;DOIS RIACHOS-SEDE;ESCOLA MUNICIPAL JUVINO FERREIRA;SITIO DOIS RIACHOS
ACOPIARA;60;147;SOLIDAO;EEF JOSE GONCALVES DE OLIVEIRA;SITIO RETIRO
COREAÚ;64;17;Corredores;CORREDORES - ESCOLA MUN. CEL. ANTº TELES;LOCALIDADE DE CORREDORES
TAMBORIL;61;25;DISTRITO DE HOLANDA;EMTI FRANCISCO DE ASSIS GOMES RUFINO;RUA FRANCISCO DE ASSIS GOMES RUFINO
FORTALEZA;80;160;VILA UNIÃO;EEFM CEL PROF JOSÉ AURÉLIO CÂMARA;RUA JORGE ACURCIO, 655
BARROQUINHA;108;66;DISTRITO BITUPITÁ;EXTENSÃO DA EEMTI JAIME LAURINDO DA SILVA - BITUPITÁ;RUA DA CABEÇA, S/N
ARACATI;8;79;MAJORLANDIA;E.E.F. ANTONIETA CALS;RUA DR. JESAMAR, S/N.
FORTALEZA;118;210;SERRINHA;ESCOLA EVANGELICA MONTE SINAI;RUA BRUNO VALENTE, 847
IGUATU;13;96;COHABS;ESCOLA DE ENS MEDIO EDSON LUIZ CAVALCANTE DE GOUVEA;AVENIDA JUSCELINO KUBITSCHECK SN
MARANGUAPE;4;604;OUTRA BANDA - MARANGUAPE;CEI DEPUTADO JOSÉ MÁRIO MOTA BARBOSA;RUA DA PRAÇA, S/N
AMONTADA;89;92;CENTRO;EEEP LUIZ GONZAGA FONSECA MOTA;AV GAL ALÍPIO DOS SANTOS 1360
IBIAPINA;73;83;SÍTIO VEREDA;ESCOLA NOSSA SENHORA DO CARMO;SÍTIO VEREDA
CARIRÉ;65;23;RAFAEL ARRUDA;EEIEF MARIANA FRANÇA DE SOUSA;R. RODOVIA PEDRO LUIZ DA COSTA, 292
FORTALEZA;95;193;JANGURUSSU;EMEIF JORNALISTA JOSÉ BLANCHARD GIRÃO DA SILVA;TRAVESSA MISSIONÁRIO OLIVEIRA,301
FORTALEZA;85;128;AUTRAN NUNES;EMEIF AUTRAN NUNES;RUA PROFESSOR VIRGILIO MORAIS SN
FORTALEZA;117;301;MANOEL SÁTIRO;EEF JOSE AYRTON TEIXEIRA;RUA ALFREDO MAMEDE SN
IBIAPINA;73;9;PRAÇA DO ESTÁDIO;ESCOLA MARIA SOFIA MATOS;RUA VEREADOR MANUEL RODRIGUES, S/N
JUAZEIRO DO NORTE;28;455;AREA RURAL DE JUAZEIRO DO NORTE;EMEI PROFESSORA CHIQUITA CALLOU;SITIO AMARO COELHO
FORTALEZA;85;327;CONJUNTO CEARÁ I;EEFM DR UBIRAJARA INDIO DO CEARA - UV-7A;RUA SETECENTOS E CINQUENTA E UM, 192, 3A ETAPA
QUIXERAMOBIM;11;294;MANITUBA;ESCOLA JOSE CARLOS DA SILVA;JARDIM
FORTALEZA;113;179;BENFICA;FACULDADE DE PSICOLOGIA DA UFC;AV. DA UNIVERSIDADE, 2762
ACARAPE;52;67;CENTRO;ESCOLA PADRE ANTÔNIO CRISÓSTOMO;RUA ODMAR DE CASTRO, N. 92
PARACURU;109;201;CAMPO DE AVIAÇÃO;E. E. M. T. I. PROFESSORA MARIA LUIZA SABOIA RIBEIRO;AVENIDA ANTONIO SALES
SANTANA DO ACARAÚ;44;71;DISTRITO PARAPUI;EEF RAIMUNDO CAMÕES VIANA;RUA CAMOES VIANA S/N
QUIXADÁ;6;332;VÁRZEA DA ONÇA;EEF ANTÔNIO RODRIGUES DE LIMA;LAGOA DA PEDRA, S/N
QUIXADÁ;6;373;CAMPO NOVO;POLO DE ATENDIMENTO DO CAMPO NOVO;AV PRESIDENTE VARGAS, S/N
JAGUARETAMA;72;34;DISTRITO DE DESTERRO;E.M.E.F MARIA DORACI DE LIMA;SITIO DESTERRO
ASSARÉ;18;108;VILA MOEDA;GRUPO ESCOLAR ANANIAS FERREIRA DE MELO;VILA MOÊDA
SÃO GONÇALO DO AMARANTE;36;152;CORREGO DOS COELHOS;ESCOLA DE ENSINO FUNDAMENTAL JOAQUIM MARTINS TEIXEIRA;CORREGO DOS COELHOS
MIRAÍMA;89;270;ÁREA RURAL DE MIRAÍMA;EEB TERESA MESQUITA DE SOUSA;TANQUES
MAURITI;76;73;PALESTINA DO CARIRI-DISTRITO;EEF JOSE ACÍLIO;RUA GABRIEL IZIDRO, SN
JIJOCA DE JERICOACOARA;30;312;CENTRO;ESCOLA PROFA. IGARDENE FONTELES DE ARAUJO;RUA CAMPO GRANDE S/N - CONJUNTO PRIMAVERA
SÃO LUÍS DO CURU;23;315;CENTRO-SEDE;E.E.F. PROFESSORA MARIA DE LOURDES BRAGA;RUA HUGO ROCHA SN
FORTALEZA;112;143;JARDIM DAS OLIVEIRAS;EEFM D. LUIZA TÁVORA - PRÓ MORAR;RUA FREI CANECA, 379
MARANGUAPE;4;551;NOVO MARANGUAPE I (ÁREA VERDE) - MARANGUAPE;EMEF DIREITOS HUMANOS;RUA MONSENHOR ASSIS PORTELA, S/N
FORTALEZA;85;98;ANTÔNIO BEZERRA;COLÉGIO AFONSO ANDRADE;RUA CEL MATOS DOURADO, 168
CAUCAIA;37;212;ICARAI;E.E.I.E.F FRANCISCO MARTINS DE MORAES;RUA BELARMINO JOSÉ, 201 - ICARAÍ
TAUÁ;19;114;INHAMUNS;ESCOLA JOSÉ CAÇULA PEDROSA (ANTIGA E.E.F.M. ABRAHÃO SCARCELA);VERA CRUZ
FORTALEZA;80;138;DIONISIO TORRES;EEFM JOAQUIM ANTÔNIO ALBANO;RUA JULIO SIQUEIRA 390
FORTALEZA;94;788;ANTÔNIO BEZERRA;CASA DOS PADRES - ANTIGA FACULDADE ATENEU (SEMINÁRIO SAO VICENTE);RUA SAO VICENTE DE PAULO 300
PENTECOSTE;50;160;SANTA INÊS;EMTI VICENTE FEIJÓ DE MELO;RUA JOÃO PESSOA BRAGA, S/N
HORIZONTE;78;215;MAL COZINHADO;EMEF DEPUTADO FEDERAL ULYSSES GUIMARAES;RUA MARIA PAULA 1231 - MAL COZINHADO
QUIXADÁ;6;100;TAPUIARA;EEF HERMINIO DE NEVES;VALENÇA, S/N
TAUÁ;19;151;CENTRO;CENTRO EDUCACIONAL BETESDA;RUA CEL  EUFRASIO ALVES DE OLIVEIRA 45
MOMBAÇA;46;32;CATOLE;ESCOLA DE ENSINO FUNDAMENTAL JOSÉ LIBERATO DE PÁDUA;CATOLE
PINDORETAMA;7;66;CENTRO-PINDORETAMA;EEM JULIA ALENQUER FONTENELE;AV. FIRMINO CRISOSTOMO, 1944
PENTECOSTE;50;104;ZONA RURAL;EMTI PREFEITO ANTÔNIO CARNEIRO;PROVIDÊNCIA
MASSAPÊ;45;92;CENTRO;GEST MONS. MANOEL HENRIQUES;TRAVESSA PADRE LINHARES 60
IBARETAMA;6;277;ÁREA RURAL DE IBARETAMA;UBS JOAQUIM DA ROCHA LIMA;SERROTE BRANCO
MORADA NOVA;47;76;ARUARU;EEB PROFESSORA JOANA PAULA DE MORAIS;AVENIDA ERNESTO GEISEL
SÃO JOÃO DO JAGUARIBE;91;112;CENTRO;EEF 1 GRAU CHIQUINHO RODRIGUES;RUA CONEGO CLIMERIO CHAVES 269
IPUEIRAS;40;47;GOIS;ESCOLA DE ENSINO FUNDAMENTAL JOAQUIM DUARTE DE NEGREIROS - GOIS;GOIS
LIMOEIRO DO NORTE;29;138;BOA FE;EEF MARIA IDALINA DE FREITAS;RUA ESTEVAM REMIGIO, 3029
FORQUILHA;121;322;PADRE EDSON;FORUM DR.LUÍS MARTINS VIANA;AV. CRIANÇA DANTE VALERIO, S/N
FORTALEZA;95;226;PEDRAS;EM FRANCISCA ORIA SERPA;RUA JORGE FIGUEIREDO, 3652
SENADOR POMPEU;12;45;BONFIM;CAPELA SÃO VICENTE DE PAULO (SÍTIO FEIJÃO);SÍTIO FEIJÃO
ARATUBA;105;177;CENTRO-SEDE;PSF SAMIA ROSITA LESSA BOTELHO;LOCALIDADE DO URUBU
PARAMBU;19;412;CENTRO;ESCOLA FRANCISCO ALVES TEIXEIRA;RUA PEDRO ALVES DA COSTA, 38 - CENTRO
MASSAPÊ;45;77;CENTRO;SECRETARIA DE EDUCACAO DO MUNICIPIO;RUA MAJOR JOSE PAULINO SN
JUAZEIRO DO NORTE;119;85;PIRAJA;ESCOLA MARIA AMELIA BEZERRA;AV CASTELO BRANCO SN
PARACURU;109;94;PARACURU BEACH;E. E. E. P. PROFESSORA ABIGAIL SAMPAIO - ESCOLA TÉCNICA;AV. JOÃO LOPES MEIRELES
ACARAÚ;30;67;ZONA RURAL;ESCOLA MANOEL DUCA DA SILVEIRA;LAGOA DO CARNEIRO
CAPISTRANO;105;44;ZONA RURAL;ESCOLA DE ENSINO FUNDAMENTAL RAIMUNDO ALVES CASSEMIRO;CARQUEIJA
IPUEIRAS;40;140;BOQUEIRÃO;EEIEF FRANCISCO FILGUEIRA DE MELO - BOQUEIRÃO;BOQUEIRÃO
CAUCAIA;37;625;GUAGIRU;INSTITUTO PROVIC CIDADANIA;RUA RAIMUNDO MARCELINO, 311
QUIXADÁ;6;168;PUTIÚ;EEF NEMÉSIO BEZERRA;AV. PRESIDENTE VARGAS, 453
FORTALEZA;80;208;ALTO DA BALANÇA;EEF CIRCULISTA BOM JESUS;RUA JOSE BUSON 101
BARREIRA;52;51;CENTRO;ESCOLA DANÍSIO DALTON DA ROCHA CORRÊA;AV. FRANCISCO TORRES DA GAMA, N. 161
GRANJA;25;6;CENTRO;E.M.T.I. DONA INAH;RUA JUVENAL GALENO, 171
FORTALEZA;82;599;PIRAMBU;ESCOLA MUNICIPAL SÃO CURA D'ARS;RUA SANTA ELISA, 722
MARANGUAPE;4;615;TABATINGA - SAPUPARA;EEFM LUIZ GIRÃO;AVENIDA TABATINGA, S/N
BARROQUINHA;108;45;DISTRITO ARARAS;EEF MANOEL COSTA VIANA;SÃO CAETANO
PARAMOTI;111;173;CENTRO;EMEF MANUEL DE ARRUDA;SANTA ROSA
IPUEIRAS;40;183;CARNAÚBAS;EEF GONÇALO XIMENES ARAGÃO - CARNAÚBAS;RUA JOSÉ ALEXANDRE, 752
JIJOCA DE JERICOACOARA;30;362;CENTRO;CRECHE SORRISO DE MÃE;RUA MANOEL MARQUES - 1124
PACAJUS;49;185;BURITI;SECRETARIA DE EDUCAÇÃO;RUA TABELIÃO JOSÉ GAMA FILHO
ITATIRA;33;157;CENTRO;EMEF ADELIDIA MAGNO DE OLIVEIRA;RUA PADRE JOSE LAURINDO SN
RERIUTABA;79;105;VILA NOVA;CRECHE VÓ SINHÁ;RUA JOÃO FURTADO FILHO, N 720
MADALENA;63;179;MACAOCA;EEIF FRANCISCO CORREIA LIMA;AV. MANOEL GERMANO FILHO, 60 - UNIAO
JAGUARUANA;75;76;CARDEAIS;E.E.F. TOMAZ BARBOSA DE OLIVEIRA;CARDEAIS
SOLONÓPOLE;55;105;CENTRO;ESCOLA DE 1 GRAU ANIBAL RODRIGUES PINHEIRO;ALTO VISTOSO S/N
FORTALEZA;117;296;SIQUEIRA;COLÉGIO VIDA VIVA;RUA JOSÉ MARIA, 100
TRAIRI;97;63;AGUA BOA;EEF MANOEL VIEIRA;AGUA BOA
CHAVAL;108;19;CENTRO;CENTRO INFANTIL CRIANÇA FELIZ;RUA MAJOR FIEL N 300
JUAZEIRO DO NORTE;28;5;CENTRO;CAGECE  - LOJA DE ATENDIMENTO CENTRO;RUA SÃO DOMINGOS
CHAVAL;108;4;CENTRO;EEMTI MONSENHOR JOSÉ CARNEIRO DA CUNHA;RUA EDUARDO MOTA, N 201
JAGUARUANA;75;39;CENTRO;IFCE INSTITUTO FEDERAL DO CEARÁ;AV DR ANTÔNIO DA ROCHA FREITAS, 1566
JAGUARUANA;75;140;SAQUINHO;ASSOCIAÇÃO DOS MORADORES DO SAQUINHO;SAQUINHO
ICÓ;15;85;CENTRO - SEDE;CENTRO SOCIAL URBANO NICIA MARCILIO;RUA FRANCISCO MACIEL S/N
BARBALHA;31;136;CENTRO;EEF SENADOR MARTINIANO DE ALENCAR;LARGO DO ROSARIO, 20, CENTRO
LIMOEIRO DO NORTE;29;168;ANTÔNIO HOLANDA;EEF PROF MARIA ELVANISA MOURA FREITAS SILVA;RUA RAIMUNDO NONATO DA SILVA S/N
FORTALEZA;85;347;CONJUNTO CEARÁ I;EMTI PROF PRISCO BEZERRA;AVENIDA F , 174
GRANJA;25;11;CENTRO;E.E.F.T.I. JOSÉ GLAUBERTON ALVES SÁ;AV. PERIMETRAL S/N
MORRINHOS;44;174;SAO LUIS;EMEF FRANCISCO ABDORAL ROCHA;AV CORACAO DE MARIA S/N
VIÇOSA DO CEARÁ;35;32;QUATIGUABA;CEI SANTO EXPEDITO;SITIO QUATIGUABA
FORTALEZA;82;133;CARLITO PAMPLONA;FEDERAÇÃO DO MOVIMENTO COMUNITÁRIO DO PIRAMBU - FEMOCOPI;AV. PRES. CASTELO BRANCO, 2709
BARBALHA;31;72;VILA SANTO ANTONIO;EEF RAUL COELHO DE ALENCAR (CIROLÂNDIA);RUA JOSÉ COELHO CORREIA, 303
TIANGUÁ;81;55;CENTRO;COLÉGIO REDENTOR;RUA MAESTRO QUINCAS BEZERRIL 617
GRANJA;25;134;CENTRO;E.E.F.T.I. JOSÉ GLAUBERTON ALVES SÁ;AV. PERIMETRAL S/N
MARANGUAPE;4;414;PIRAPORA - MARANGUAPE;EMEIEF DR. VALDIR BEZERRA;ESTRADA DA PIRAPORA S/N
MARANGUAPE;4;15;PARQUE SANTA FÉ - MARANGUAPE;CEM DEP. MANOEL RODRIGUES;RUA JUSCELINO KUBITSCHEK, S/N
RUSSAS;9;43;CENTRO;ESCOLA MUNICIPAL JOSE RAIMUNDO DE DEUS;AVENIDA IRMÃ MARIA DA GRAÇA
QUIXERAMOBIM;11;38;CENTRO;ESCOLA ASSIS BEZERRA;RUA FRANCISCO IVO 60
QUIXERAMOBIM;11;302;JAIME LOPES;ESCOLA JOSE MARIO BARBOSA;RUA FRANSQUINHO CARNEIRO SN
CRUZ;30;163;CENTRO;ESCOLA SAO FRANCISCO DA CRUZ;RUA PROFESSORA FILO  SN
MARACANAÚ;122;223;ALTO DA MANGUEIRA;E.M.E.F. ESTUDANTE ANA BEATRIZ TAVARES;RUA JOACIR FREITAS DUTRA, S/N
CANINDÉ;33;232;ZONA RURAL;EMEF MANUEL CARNEIRO SAMPAIO;CARNAUBA DOS BARROSOS
MARANGUAPE;4;518;SERRA DO LAGEDO - ANTÔNIO MARQUES;EMEIEF IMACULADA CONCEIÇÃO;VILA ANTÔNIO MARQUES, 16
GRAÇA;79;158;CENTRO-SEDE;GRUPO VICENTE ALVES DE SOUSA;R JOAQUIM VICENTE DE ALCANTARA S/N
SANTA QUITÉRIA;54;97;DISTRITO DE RAIMUNDO MARTINS;E.M.E.F. PROFESSOR PAULO BERTOLDO DUARTE;DISTRITO DE RAIMUNDO MARTINS
CARNAUBAL;22;147;SEDE;EEF GUILHERME FERREIRA LIMA;SITIO FAVEIRA II
MARCO;96;146;LOCALIDADE DE PASSAGEM DAS PEDRAS;EEF FRANCISCO IBIAPINO FERREIRA;PASSAGEM DAS PEDRAS
GRANJA;25;143;ADRIANOPOLES;E.E.F. FRANCISCA PORTELA;RUA PEDRO PORTELA, S/N
CRATEÚS;20;171;POTI;ASSOCIAÇÃO DOS PEQUENOS PRODUTORES RURAIS DE QUIRINO;QUIRINO 1
BELA CRUZ;96;22;CENTRO-SEDE;EEMTI PROFESSORA MARIETA SANTOS;RUA SAO VICENTE, 699
FORTALEZA;113;44;JOSÉ BONIFÁCIO;COLÉGIO FARIAS BRITO PRÉ - VESTIBULAR;AV. BARÃO DO RIO BRANCO, 2424
AQUIRAZ;66;144;CAJUEIRO DO MINISTRO;EMEF MINISTRO JARBAS PASSARINHO;RODOVIA CE 040 - CAJUEIRO DO MINISTRO
CAUCAIA;123;286;NOVA METRÓPOLE (JUREMA);E.E.F.M. ELIEZER DE FREITAS GUIMARÃES;RUA 145, S/N - NOVA METRÓPOLE
FORTALEZA;83;543;DEMOCRITO ROCHA;ESCOLA MUNICIPAL JOSÉ BONIFÁCIO DE SOUSA;RUA PERNAMBUCO 600
IPAUMIRIM;92;108;CENTRO-SEDE;E.E.F. JOSE ALVES DE OLIVEIRA;VILA SAO JOSE
CRATEÚS;20;154;CURRAL VELHO;ESCOLA DE CIDADANIA UMBELINO ALVES DA SILVA;CURRAL DO MEIO
JAGUARIBE;10;102;NOVA BRASÍLIA;EEF PROFESSOR GUTENBERG BARBOSA SILVA;AVENIDA GIL TEIXEIRA BASTOS, 1420
FORTALEZA;117;423;CONJUNTO ESPERANÇA;EEEP DARCY RIBEIRO;RUA CONEGO DE CASTRO, S/N
JUAZEIRO DO NORTE;119;240;AEROPORTO;ESCOLA CICERA GERMANO CORREIA;RUA SEBASTIAO REGIS SN
PACATUBA;57;323;SAO LUIZ;EEIF VICENTE FERRER DE LIMA;AV EDSON QUEIROZ, 1952
TRAIRI;97;69;CANAA;GE PADRE RODOLFO FERREIRA DA CUNHA;CANAA
CRATEÚS;20;163;POTI;ESCOLA DE CIDADANIA BENEDITO JOSE DOS SANTOS;IPOJUCA
JAGUARUANA;75;111;CARDEAIS;E.E.F. TOMAZ BARBOSA DE OLIVEIRA;CARDEAIS
JUAZEIRO DO NORTE;119;224;PIRAJA;ESCOLA MARIA AMELIA BEZERRA;AV CASTELO BRANCO SN
CAUCAIA;120;419;BOQUEIRAO DA ARARA;E.E.I.E.F. ADÉLIA CRISÓSTOMO;BR 222 - KM 23
CAMOCIM;32;21;CENTRO;INSTITUTO SAO JOSE;PRACA JOSE SEVERIANO MOREL N 1493
ITAPIPOCA;17;107;ÁREA RURAL DE ITAPIPOCA;EEB FILOMENA LOPES DE SOUSA;LIVRAMENTO
CAUCAIA;123;440;NOVA METRÓPOLE (JUREMA);E.E.I.E.F. FRANCISCA ALVES DO AMARAL;AV. B, 442 - NOVA METRÓPOLE
CAUCAIA;123;357;MARECHAL RONDON (JUREMA);E.E.I.E.F. ECONOMISTA RUBENS VAZ DA COSTA;AVENIDA NOVO HORIZONTE, S/N
CRATO;27;278;PONTA DA SERRA;EEIEF SIMÃO PEDRO DA SILVA;SÍTIO LAGOINHA
CRATO;27;291;PINTO MADEIRA;EEMTI ESTADO DA BAHIA;AVENIDA JOSÉ PINHEIRO ESMERALDO S/N
CASCAVEL;7;237;CENTRO;COLEGIO CASCAVELENSE - CC;RUA SAMUEL BEDE, 2626
IRACEMA;86;100;VILA EMA;E.E.F. FRANCISCO PEREIRA SAMPAIO;RUA FRANCISCO PEREIRA SAMPAIO, SN
ITAPIPOCA;17;560;CRUXATI;EEB ALONSO PINTO DE CASTRO;BETÂNIA
JUAZEIRO DO NORTE;119;202;FREI DAMIAO;EEMTI DOM DOM ANTONIO CAMPELO DE ARAGÃO (CAIC);RUA VEREADOR RAIMUNDO JOSÉ RODRIGUES DA SILVA, S/N
PARAIPABA;109;152;PEDRINHAS;EMEIF JOSÉ TEIXEIRA DA SILVA;PEDRINHAS
MADALENA;63;161;CENTRO;EEF ALFREDO ALMEIDA MACHADO;RUA PEDRO COSTA E SILVA, 99 - CENTRO
FORTALEZA;116;304;BOM JARDIM;EM MANOEL MALVEIRA MAIA;RUA MANUEL GALDINO 2890
SANTA QUITÉRIA;54;52;PIRACICABA;E. E. M. ARACY MAGALHÃES MARTINS;RUA RAIMUNDO MESQUITA SOBRINHO, 521
JAGUARETAMA;72;19;CENTRO;CENTRO DE REFERÊNCIA DA ASSISTÊNCIA SOCIAL - CRAS;AV. ADOLFO BEZERRA DE MENEZES, 373
HORIZONTE;78;150;CENTRO;EMEF MARIA REGIANA DA SILVA;RUA RAFAEL SANTOS, 530
CASCAVEL;7;168;GUANACES;ESC.ENS.FUND. SÃO BENEDITO;CHORO UMARI -1
IPUEIRAS;40;117;OLHO D'AGUINHA DOS FREIRES;EEF FRANCISCO FREIRE ROMÃO - OLHO DAGUINHA DOS FREIRES;OLHO D'AGUINHA DOS FREIRES
FORTALEZA;2;821;LAGOA REDONDA;ESCOLA MUNICIPAL ISABEL FERREIRA;RUA ISABEL FERREIRA, 1000 - CONJ. CURIÓ
ARARENDÁ;48;141;RIBEIRO;E. E. F. SÃO JOSÉ;LOCALIDADE DE RIBEIRO
ITAPIPOCA;17;517;BARRENTO;EEB FRANCISCO LÚCIO DO NASCIMENTO;TIMBAÚBA
IBICUITINGA;47;58;CENTRO;EEB ENEAS FERREIRA NOBRE;RUA CAPITAO MANOEL ANTONIO 2180
BARRO;92;70;TRAJANO NOGUEIRA-SEDE;ESCOLA MUNICIPAL DE ENSINO FUNDAMENTAL GILBERTO LEITE DE AQUINO;RUA TRAJANO NOGUEIRA SN
SOBRAL;24;484;APRAZÍVEL;EEFI ANTONIO CUSTODIO AZEVEDO - APRAZIVEL;APRAZIVEL
FORTALEZA;115;210;PARANGABA;EM CLÁUDIO MARTINS;RUA MUNDICA PAULA, 628
FORTALEZA;3;280;PRAIA DE IRACEMA;EM SÃO RAFAEL;RUA DOS TABAJARAS, 244
MARANGUAPE;4;572;CÔNEGO RAIMUNDO PINTO - MARANGUAPE;EEMTI EUNICE WEAVER;AV SEN ALMIR PINTO KM 15 PAU SERRADO
FORTALEZA;85;217;CONJUNTO CEARÁ I;EEFM MARIA ANTONIETA NUNES - UV 9;RUA 916 SN 4 ETAPA
TEJUÇUOCA;41;68;CAICARA I;ESCOLA MUNICIPAL JOAQUIM ANTONIO PATRICIO;CAICARA I
IRACEMA;86;87;DA PAZ;EEF ALBATIZA TAVARES DE OLIVEIRA GUERRA;RUA JOÃO TAVARES MAGALHÃES
FORTALEZA;118;298;SERRINHA;COLÉGIO MARIA ESTER I;RUA ANTONIO TEIXEIRA LEITE, 248
TEJUÇUOCA;41;295;JARDIM CAXITORE;ESCOLA EF E TEMPO INTEGRAL JOAQUINA RODRIGUES DA MOTA;JARDIM CAXITORE
NOVA RUSSAS;48;66;MORINGUE;ESCOLA MUNICIPAL JOÃO GONÇALVES DE SOUSA;LOCALIDADE  DE MORINGUE,
CAUCAIA;123;407;TABAPUÁ BRASÍLIA II (JUREMA);E.E.I.E.F. JOSEFA ALVES DOS SANTOS;RUA ENGENHEIRO JOÃO NOGUEIRA, S/N - VILA NOVA/PARQUE POTIRA I
CAUCAIA;123;563;ARATURI (JUREMA);POLO DE EDUCAÇÃO CONTINUADA IMERSÃO NOTA 10 (ANTIGA CASA BRASIL);AVENIDA SÃO VICENTE DE PAULA, 35
ITAREMA;98;136;ZONA RURAL;EMEF ANTENOR ROMERO;MAE COSMA
ITAPIPOCA;17;749;JULHO;CEI CLÁUDIO JOSÉ RIBEIRO DA COSTA;RUA F, N 100 - JULHO I
ITAPIPOCA;17;543;BARRENTO;EEB JOSÉ PIRES CHAVES;ARAPONGA
CRATEÚS;20;65;POTI;ESCOLA DE CIDADANIA SAO JOSE;POTI
GUARACIABA DO NORTE;74;64;SEDE;INSTITUTO PROMOCIONAL BENJAMIM SOARES (PATRONATO);RUA PADRE BERNARDINO MEMORIA - CENTRO
MISSÃO VELHA;16;21;SEDE;EEF  EMILCE DANTAS ( ANTIGO DR STENIO DANTAS);RUA AFONSO RIBEIRO, S/N, CENTRO.
ITAIÇABA;75;75;CENTRO;E.E.F. DULCINEA GOMES DINIZ;VILA OLIMPICA, 336
BARREIRA;52;161;LAGOA DO BARRO;ESCOLA FRANCISCO DAS CHAGAS FERREIRA;URUÁ
PALMÁCIA;4;166;CENTRO;EEMTI MARIA AMÉLIA PERDIGÃO SAMPAIO;RUA FRANCISCO DE QUEIROZ, 632
CASCAVEL;7;89;SEDE;PATRONATO JUVENAL DE CARVALHO;RUA PADRE VALDEVINO 2070 - CENTRO
CASCAVEL;7;22;CENTRO;CENTRO EDUCACIONAL MUNICIPAL PROFESSORA MARIA ESTER DA COSTA SILVA;AV CORONEL LEITE, 2045
CASCAVEL;7;5;GUANACES;ESC.ENS.FUND. JOSÉ COELHO DE CARVALHO;SITIO COQUEIRO
FORTALEZA;1;489;CAIS DO PORTO;EEFM - HELENITA MOTA;RUA AMANCIO FILOMENO,720
LAVRAS DA MANGABEIRA;14;11;CRUZEIRO;CENTRO DE EDUCAÇÃO INFANTIL MUNDO MÁGICO - CRECHE;RUA PETRONÍLIA DOS SANTOS, S/N - SEDE, CRUZEIRO
SABOEIRO;43;248;DISTRITO SÃO JOSÉ;E.E.F. ALDIZIO FERREIRA DOS SANTOS;DISTRITO SAO JOSE
MILAGRES;26;98;VILA SOL NASCENTE;ANEXO DA ESCOLA MARIA DGIVÃ NASCIMENTO FERREIRA;VILA SOL NASCENTE
SANTA QUITÉRIA;54;112;DISTRITO DE TRAPIÁ;ESCOLA DE ENSINO MÉDIO JOÃO DE MESQUITA BRAGA;DISTRITO DE TRAPIÁ
ITATIRA;33;143;DISTRITO DE LAGOA DO MATO;ANEXO - JOSÉ PAULO DE SOUSA;AV.NOSSA SENHORA DO CARMO S/N
SOBRAL;24;684;SUMARÉ;EEFI JOSE PARENTE PRADO;RUA SANTA MARTA,100
ERERÉ;10;113;CENTRO;SECRETARIA DE EDUCACAO CULTURA E DESPORTO;RUA SENADOR FERNANDES TAVORA, 574
MARANGUAPE;4;453;TRAPIÁ - PENEDO;EMEIEF CORONEL MANOEL PAULA CAVALCANTE;TRAPIÁ
IPUEIRAS;40;198;VILA NOVA;EEF ESTEVAM RODRIGUES MOREIRA - VILA NOVA;ESTEVAM RODRIGUES MOREIRA, 604
ICÓ;15;110;SANTANA - SITIO;ESCOLA MUNICIPAL MANOEL NICOLAU DE SOUSA;SITIO SANTANA S/N
PARAIPABA;109;147;SETOR D1;EMEIF SAUL MATIAS DA SILVA;SETOR D1
AQUIRAZ;66;69;SANTA MARIA;EMEF JOSE FERREIRA DA COSTA;RUA MANOEL FERREIRA DA COSTA, SN
AQUIRAZ;66;341;PATACAS;EMEF LAGOA DE CIMA;PV LAGOA DE CIMA DISTRITO PATACAS
GRANJA;25;46;IBUGUAÇU;E.E.F. MARTINIANO FONTENELE MAGALHÃES;AV. MARTINIANO FONTENELE MAGALHÃES, S/N
IBARETAMA;6;111;DISTRITO DE NOVA VIDA;EEF JOÃO PERGENTINO;EXTREMA - DISTRITO DE NOVA VIDA
BEBERIBE;84;110;SERRA DO FELIX;CENTRO DE EDUCACAO MUNICIPAL BETESDA;BR-116 KM 111 - BOQUEIRAO DO CESARIO
ACOPIARA;60;43;CENTRO;EEI ANEXO CDI MIGUEL G. DE OLIVEIRA;RUA EDUARDO GURGEL VALENTE S/N
MORADA NOVA;47;170;FELIPA;CRECHE COMUNITÁRIA SONHO INFANTIL;SÍTIO FELIPA DE CIMA
CAMOCIM;32;90;ZONA RURAL;EEF ANTONIO FERREIRA DA SILVA - CORREGO GRANDE;LOCALIDADE DE CORREGO GRANDE
FORTALEZA;85;137;CONJUNTO CEARÁ I;COLÉGIO LUÍZA TÁVORA;RUA 1050, N 171, 4 ETAPA
PACATUBA;57;129;SAO JOSE;EEM CASSIMIRO LEITE DE OLIVEIRA;RUA SERGIO PROTASIO DA SILVA, 44
IPUEIRAS;40;33;LIVRAMENTO;ESCOLA DE ENSINO FUNDAMENTAL JOSÉ MARIANO DE MELO - LIVRAMENTO;LIVRAMENTO
CAUCAIA;37;605;JANDAIGUABA;E.E.I.E.F. MARIA HELENA MOREIRA DA SILVA;RUA DO GRUPO, 249
TABULEIRO DO NORTE;91;148;BOM FUTURO;EMEF ACELINO MAIA - BOM FUTURO;RUA VICENTE LAURINDO, S/N
CANINDÉ;33;490;BAIRRO DO S;EEF RAIMUNDO OURIVES ANDRADE;RUA RAIMUNDO OURIVES 1950
NOVA RUSSAS;48;112;SITIO NOVO;GRUPO ESCOLAR FRANCISCO FERRO DE SOUSA;LOCALIDADE DE SITIO NOVO,
SÃO LUÍS DO CURU;23;326;SALGADO-SEDE;E.E.F. ANTONIO HONORATO;RUA JOSE INACIO NOGUEIRA SN
FORTALEZA;114;213;ÁLVARO WEYNE;EM MARIA ROSELI LIMA MESQUITA;RUA FRANCISCO CALAÇA 1791
AURORA;69;120;PADRE MORORO-SEDE;E.E.I.F. ANTONIO LANDIM DE MACEDO;PADRE MORORO S/N
INDEPENDÊNCIA;39;31;EMATUBA;E.E.F. MANOEL FERREIRA DE MELO;DISTRITO EMATUBA
CAUCAIA;123;321;PARQUE POTIRA (JUREMA);COLÉGIO ESTADUAL LICEU DE CAUCAIA;RUA ARAQUÉM, 1100 - PARQUE POTIRA (JUREMA)
JUAZEIRO DO NORTE;119;116;ROMEIRAO;ESCOLA SESI/SENAI PADRE AZARIAS SOBREIRA;RUA JOSÉ MARROCOS, 2265
ITAREMA;98;158;CENTRO;EMEF PE ARISTIDES ANDRADE SALES;AV JOAO BATISTA RIOS S/N
FORTALEZA;93;177;MONDUBIM;EEFM ESTADO DO MARANHAO;RUA CARLOS PIMENTA,506
FORTALEZA;93;202;PLANALTO AYRTON SENNA;LICEU ESTADUAL DOMINGOS BRASILEIRO;RUA PLANALTINA, S/N
ARACATI;8;78;MAJORLANDIA;E.E.F. ANTONIETA CALS;RUA DR. JESAMAR, S/N.
ACOPIARA;60;117;TRUSSU;EEFM SOLON GUEDES CAVALCANTE;VILA DE TRUSSU
HORIZONTE;78;201;CATOLÉ;CEI - JOSE ANTONIO DA SILVA;RUA JOAO DE SOUSA FALCAO, 776
ARACOIABA;67;268;CENTRO-SEDE;CRECHE NILO ALVES DE OLIVEIRA;TRAVESSA SÃO FRANCISCO, 3
CRATO;27;283;PONTA DA SERRA;EEM JOAQUIM VALDEVINO DE BRITO;RUA MARIA RIBEIRO DE MATOS S/N
FORTALEZA;1;845;ALDEOTA;COLEGIO ANTARES - SANTOS DUMONT;AVENIDA SANTOS DUMONT 3777
CASCAVEL;7;190;RIO NOVO;E.E.B. DEPUTADO RAIMUNDO QUEIROZ;AV JOAO DAMASCENO FONTENELE, 3233
AURORA;69;82;TIPI-DISTRITO;E.E.I.F. ANTONIO AMANCIO DA CRUZ;VILA TIPI
IBICUITINGA;47;53;CENTRO;EEB ENEAS FERREIRA NOBRE;RUA CAPITAO MANOEL ANTONIO 2180
FORTALEZA;3;115;JACARECANGA;COLÉGIO ESTADUAL LICEU DO CEARÁ;PRAÇA GUSTAVO BARROSO, 01
CRATEÚS;20;160;IBIAPABA;ESCOLA DE CIDADANIA ANTONIO BEZERRA REZENDE;CABACAS
ABAIARA;26;8;DISTRITO SÃO JOSÉ;ESCOLA CORONEL HUMBERTO BEZERRA;AV JULIO SAMPAIO S/N
ITAIÇABA;75;137;CENTRO;E.E.F.T.I. PADRE ABILIO MONTEIRO NETO;RUA JOAO BARBOSA LIMA 1074
FORTALEZA;114;129;BARRA DO CEARÁ;EEFM ESTADO DE ALAGOAS;AVENIDA PRESIDENTE CASTELO BRANCO, 5244
FORTALEZA;2;751;CAMBEBA;SECRETARIA DA EDUCACAO - CAMBEBA;AVENIDA MINISTRO JOSE AMERICO, SN
PEREIRO;10;153;SITIO CAETANO;ESCOLA JOSÉ MATIAS DE SOUSA;SITIO CAETANO
FORTALEZA;117;391;PARQUE PRESIDENTE VARGAS;EM JOSE MARIA MOREIRA CAMPOS;RUA FRANCISCO ALMEIDA, 525 CJ. APOLO XI
ITAITINGA;78;266;PARQUE SANTO ANTONIO;EEF LÍDIA ALVES CAVALCANTE;RUA CARLOS DA COSTA CARMO, 757
CAUCAIA;123;567;TABAPUÁ BRASÍLIA II (JUREMA);E.E.I.E.F. JOSEFA ALVES DOS SANTOS;RUA ENGENHEIRO JOÃO NOGUEIRA, S/N - VILA NOVA/PARQUE POTIRA I
FORTALEZA;118;506;PASSARÉ;COLÉGIO LIRA COUTINHO;RUA BELOS PORTOS, 453
FRECHEIRINHA;81;241;CENTRO;CENTRO EDUCACIONAL RAIMUNDO PEREIRA;AVENIDA JOAQUIM PEREIRA 717 - CENTRO 
FORTALEZA;85;197;CONJUNTO CEARÁ I;ESCOLA JOÃO PAULO II;AV C N. 1381 2 ETAPA
JAGUARIBE;10;35;EDMAR BARREIRA;CEI MARIA IRACÍLIA DE SÁ PEREIRA BARREIRA;RUA ANTÔNIO WEIMA FERNADES
PENTECOSTE;50;202;ZONA RURAL;EEIF PROF. PAULO FREIRE - ANEXO(MACACOS);ASSENTAMENTO SALGADO
EUSÉBIO;88;215;URUCUNEMA;EEF JOSEFA SA;RUA BEIRA RIO, 400 - MOSQUITO
ARACATI;8;126;CACIMBA FUNDA;E.E.F. FRANCISCO AMARAL LIMA;CACIMBA FUNDA
PEREIRO;10;192;ESTREITO;ESCOLA DE ENSINO FUNDAMENTAL FRANCISCA NOGUEIRA DE SOUSA;RUA JOAO BATISTA DE CARVALHO, 121 VILA ESTREITO
FORTALEZA;112;455;EDSON QUEIROZ;UNIVERSIDADE DE FORTALEZA - UNIFOR;AVENIDA WASHINGTON SOARES, 1321
EUSÉBIO;88;233;SANTA CLARA;EEF SANTA CLARA;RUA FRANCISCO CLAUDIO PAEZ, 88 - SANTA CLARA
FORTALEZA;85;192;CONJUNTO CEARÁ I;EMEIF IRMÃ MARIA EVANETE;AV D, 1015 2 ETAPA
FORTALEZA;114;106;PRESIDENTE KENNEDY;COLÉGIO SANTA ISABEL;AVENIDA BEZERRA DE MENEZES 2840
PINDORETAMA;7;71;COQUEIRO DO ALAGAMAR;EMEB MARIA NAIR DE VASCONCELOS;COQUEIRO DO ALAGAMAR - PINDORETAMA
URUOCA;25;242;CAMPANARIO;E.E.F. NE CONRADO;AV. ALBERTO BATISTA FONTENELE, 21
CRATEÚS;20;174;CURRAL VELHO;CAPELA NOSSA SENHORA DE FÁTIMA;RIACHO DO MATO
CAPISTRANO;105;12;CENTRO;ESCOLA DE ENSINO FUNDAMENTAL E MEDIO CEL. FRANCISCO NUNES CAVALCANTE;RUA CEL. FRANCISCO NUNES CAVALCANTE 35
ICÓ;15;49;CENTRO - SEDE;CEJA - ANA VIEIRA PINHEIRO;RUA DONA ALDERY, 324
ACARAÚ;30;423;MORADA NOVA;POLO DE CONVIVÊNCIA SOCIAL MORADA NOVA;MORADA NOVA
PEDRA BRANCA;59;111;SEDE;ESCOLA DE ENSINO FUNDAMENTAL JOAQUIM RAIMUNDO;SITIO BARRO VERMELHO
PEDRA BRANCA;59;90;MINEIROLANDIA;NUCLEO DE ARTE GERALDO CARNEIRO DE SOUZA;MINEIROLANDIA
UMIRIM;23;238;DO POSTO-SEDE;EEF ZACARIAS LIBERATO DIAS;BR 222 SN
ITAPIPOCA;17;494;PICOS;EEB DOMINGOS GONCALVES MUNIZ;PICOS
JAGUARUANA;75;133;LAGOA VERMELHA;E.E.F. JOSE SIMOES FILHO;LAGOA VERMELHA
MAURITI;76;88;DANTAS;EEIF ZEFINHA CARTAXO;SITIO DANTAS
CAMOCIM;32;272;SAO FRANCISCO;LICEU DE CAMOCIM DEP MURILO ROCHA AGUIAR;RUA ANTONIO ZEFERINO VERAS
ARACATI;8;123;CAJAZEIRAS;E.E.F. MOISES MARQUES;SITIO CAJAZEIRAS I
FORTALEZA;114;242;BARRA DO CEARÁ;CENTRO DE EDUCAÇÃO COMPLEMENTAR (CEDCE) - ANTIGO SESI;AVENIDA FRANCISCO SÁ 6623
CAUCAIA;120;252;CONJUNTO METROPOLITANO;E.E.I.E.F. OSMAR DIÓGENES PINHEIRO;RUA EDMUNDO RODRIGUES, 485 - CONJUNTO METROPOLITANO
CAUCAIA;120;412;GENIPABU;E.E.I.E.F. OSCAR DE AZEVEDO E SÁ;BR 222, KM 17
FARIAS BRITO;62;228;SÍTIO SOUSA;EEF JOAQUIM PEREIRA DE SOUSA;SÍTIO SOUSA
SANTA QUITÉRIA;54;231;FLORES;POSTO DE SAÚDE FRANCISCA JURACIR MARTINS PINTO;RUA TOMÁS POMPEU DE SOUSA CATUNDA, SN.
FORTALEZA;115;282;PARANGABA;EM CLÁUDIO MARTINS;RUA MUNDICA PAULA, 628
IGUATU;13;77;AREIAS I;INSTITUTO FEDERAL DO CEARÁ - IFCE CAMPUS AREIAS;RUA DEOCLECIO LIMA VERDE SN
MILAGRES;26;101;MISSIONÁRIAS;CEJA PADRE JOAQUIM ALVES;RUA PE MISAEL GOMES 400
VARJOTA;65;155;CENTRO;E.E.F. DEPUTADO MANOEL RODRIGUES;RUA MODESTO DE MENDONÇA, 917
ACOPIARA;60;19;CENTRO;EEM ALFREDO NUNES DE MELO;RUA EMILIA DE LIMA PINHO, SN
JAGUARUANA;75;56;CENTRO;E.E.M. MANUEL SÁTIRO;AV DR ANTÔNIO DA ROCHA FREITAS, 1278
ITATIRA;33;253;ZONA RURAL;EMEF JOSÉ GERMANO FERREIRA;POÇO DA PEDRA
MOMBAÇA;46;122;CACIMBAS;ESCOLA DE ENSINO FUNDAMENTAL ISABEL ALVES DE OLIVEIRA;CACIMBAS
PIQUET CARNEIRO;12;6;CENTRO;EEMTI MARECHAL HUMBERTO DE ALENCAR CASTELO BRANCO;RUA PEDRO AMÉRICO ALVES, S/N
CAUCAIA;120;336;CAPUAN;E.E.F. JOSE ALEXANDRE;RUA DA LAGOA, 135
PARAIPABA;109;118;CENTRO;EEM ENGENHEIRO AGEU ROMERO;RUA EVARISTO GOMES 143
JUAZEIRO DO NORTE;119;37;PREFEITO CARLOS ALBERTO DA CRUZ;ESCOLA ZILA BELEM;FRANCISCO VICENTE SILVA CAVALCANTE SN
ACOPIARA;60;72;TRUSSU;EEF NOE ALVES FEITOSA;SITIO CACIMBAS
IGUATU;13;287;JOSÉ DE ALENCAR;IGREJA DO SÍTIO GENIPAPEIRO;SITIO GENIPAPEIRO
HORIZONTE;78;112;ZUMBI;EMEF JOSE EDUARDO DE SOUSA;RUA MARIA LUIZA NORONHA - 405
HORIZONTE;78;104;DOURADO;EMEF MARINA FERREIRA DE ALMEIDA;RUA DONA SINHÁ, 159
FORTALEZA;117;173;BOM JARDIM;COLÉGIO LUMEN;RUA SÃO FRANCISCO DO JARDIM, 396
FORTALEZA;118;380;PASSARÉ;EM PAULO SERGIO DE SOUSA LIRA;RUA ITABORAÍ, 264
HORIZONTE;78;146;CENTRO;EMEF MARIA REGIANA DA SILVA;RUA RAFAEL SANTOS, 530
FORTALEZA;117;477;PARQUE PRESIDENTE VARGAS;EM JOSE MARIA MOREIRA CAMPOS;RUA FRANCISCO ALMEIDA, 525 CJ. APOLO XI
FARIAS BRITO;62;235;NOVA BETANIA;EEF FRANCISCO CASTELO DE CASTRO;AVENIDA MANOEL NERES DE OLIVEIRA, S/N
VARJOTA;65;172;OLHO DÁGUA DOS TRAJANOS;E.E.F. VICENTE TRAJANO DE MESQUITA;OLHO DÁGUA DOS TRAJANO - ZONA RURAL
MERUOCA;24;572;Centro;EEFM - MONSENHOR JOSE FURTADO;AV CARLOS DAVI, 136
TAMBORIL;61;48;CENTRO;EMTI 4 DE OUTUBRO;RUA VICENTE ALVES DO VALE SN
QUIXADÁ;6;302;PLANALTO RENASCER;EEM GOVERNADOR LUIZ GONZAGA DA FONSECA MOTA;RUA PARAGUAI, S/N
MORADA NOVA;47;35;CENTRO;CEBCJEC -CENTRO DE EDUCAÇÃO BÁSICA CORONEL JOSÉ EPIFÂNIO DAS CHAGAS;AV MANOEL CASTRO, 600
FORTALEZA;113;248;PARQUELÂNDIA;EEFM SANTO AFONSO;RUA GAL. BERNARDO FIGUEIREDO, 2670
JAGUARIBE;10;33;CENTRO;COLEGIO CLOVIS BEVILAQUA;AV. OITO DE NOVEMBRO 443
PARACURU;109;18;CENTRO;E. E. M. HERMINIO BARROSO;CAP JOSE TELES, S/N
FORTALEZA;83;415;BELA VISTA;COLEGIO CHRISTUS;AV. ENG. HUMBERTO MONTE, 1355
GUARACIABA DO NORTE;74;84;CRUZ;ESCOLA DE 1 GRAU MONSENHOR ANTONINO;RUA MONSENHOR EURICO
FORTALEZA;118;623;PASSARÉ;EM PROFESSORA MARIA JOSÉ MACÁRIO COELHO;AVENIDA PASSARÉ, 530
PARAIPABA;109;105;BOA ESPERANÇA;EMTI HUMBERTO VIEIRA PESSOA;RUA MARIA CLARICE MOREIRA, 200
SENADOR POMPEU;12;85;SAO JOAQUIM;CENTRO INTEGRADO DE CAPACITACAO PARA O TRABALHO E CIDADANIA;SITIO BOA VISTA
EUSÉBIO;88;207;JABUTI;EEF RAUL TAVARES CAVALCANTE II;RUA LOURIVAL SALES, S/N - JABOTI
JARDIM;119;320;CACIMBAS;ESCOLA PADRE CICERO;DISTRITO DE HORIZONTE (POVOADO CACIMBAS)
CEDRO;13;475;VÁRZEA DA CONCEIÇÃO;ANEXO FRANCISCO SILVEIRA DE AGUIAR;RUA JOAO BATISTA MORENO SN
URUOCA;25;88;CENTRO;E.E.M. OLIMPIO SAMPAIO DA SILVA;RUA MARIA DAS GRAÇAS SIQUEIRA, 48
CRATO;27;80;VILA ALTA;EEFM JOSÉ ALVES DE FIGUEIREDO;RUA GETÚLIO VARGAS, 214
CAUCAIA;123;285;NOVA METRÓPOLE (JUREMA);E.E.F.M. ELIEZER DE FREITAS GUIMARÃES;RUA 145, S/N - NOVA METRÓPOLE
QUIXERÉ;29;219;SEDE;EEIF VEREADOR RAIMUNDO NONATO DE SENA;RUA MANOEL GONCALVES 1458
SANTANA DO ACARAÚ;44;137;BULANDEIRA;SALAO COMUNITARIO JOAO BATISTA DO NASCIMENTO;BULANDEIRA
ALTO SANTO;86;34;CABRITO;ESCOLA DE 1 GRAU VIRGILIO TAVORA;SITIO CABRITO
FORTALEZA;112;349;CIDADE DOS FUNCIONÁRIOS;IGREJA DA GLÓRIA;AV OLIVEIRA PAIVA, 905
FORTALEZA;114;240;BARRA DO CEARÁ;CENTRO DE EDUCAÇÃO COMPLEMENTAR (CEDCE) - ANTIGO SESI;AVENIDA FRANCISCO SÁ 6623
TIANGUÁ;81;323;LAURÃO;COLÉGIO SANTA MARIA;RUA ASSEMBLÉIA DE DEUS, 1070
QUIXERAMOBIM;11;194;CENTRO;CAMPUS UNIVERSITARIO DR ANDRADE FURTADO;AV DR JOAQUIM FERNANDES 382 - CENTRO
CAUCAIA;37;607;PLANALTO CAUÍPE;E.E.I.F. SAUL GOMES DE MATOS;RUA HONORINA BARROS FONTELES, S/N
SOLONÓPOLE;55;117;CENTRO;ESCOLA DE 1 GRAU ANIBAL RODRIGUES PINHEIRO;ALTO VISTOSO S/N
QUIXERAMOBIM;11;62;PASSAGEM;ESCOLA EGBERTO DE PAULA PESSOA;SERROTE
IPUEIRAS;40;124;BOM JARDIM;ESCOLA DE 1 GRAU JOAO CASSIMIRO DE SOUSA - BOM JARDIM;BOM JARDIM
FORTALEZA;83;124;HENRIQUE JORGE;EEMTI ANTONIETA SIQUEIRA;RUA GUARANI 04
CASCAVEL;7;290;RIO NOVO;E.E.B. DEPUTADO RAIMUNDO QUEIROZ;AV JOAO DAMASCENO FONTENELE, 3233
CASCAVEL;7;181;MUTIRÃO;ESC. MUNICIPAL PROFESSOR FABIO COUTINHO;RUA ZAQUEU FERREIRA DO VALE, S/N
FORTALEZA;82;653;CRISTO REDENTOR;ESCOLA MUNICIPAL SEBASTIANA ALDIGUERI;AV. DOUTOR THEBERGE, 448
FORTALEZA;85;261;AUTRAN NUNES;EMEIF DOLORES ALCANTARA;RUA CARDEAL ARCOVERDE S/N
SOBRAL;121;301;CENTRO;ESCOLA DINORAH TOMAZ RAMOS;RUA PINTOR LEMOS, 01
TAMBORIL;61;177;VILA SAO PEDRO;CEI PROFª LUISA SOUSA PAIVA;VILA SO PEDRO
MISSÃO VELHA;16;79;SITIO AROEIRAS;EEF IRMA LUIZA MARIA;SITIO AROEIRAS
FORTALEZA;115;467;VILA PERI;EEM PROF. HERMENEGILDO FIRMEZA;RUA GABRIEL FIUZA 360
MONSENHOR TABOSA;61;176;OLHO DAGUINHA;ESCOLA INDIGENA TABAJARA;ALDEIA OLHO DAGUINHA
BAIXIO;92;94;JUREMA - SITIO;ESCOLA MUNICIPAL JOAQUIM FERREIRA;SITIO JUREMA S/N
ITAIÇABA;75;7;LOGRADOURO;CEI FRANCISCO AMARAL MAIA;LOGRADOURO
CRATO;27;159;CENTRO;ESCOLA TÉCNICA DO COMÉRCIO;RUA DOUTOR JOÃO PESSOA, 190 - PRAÇA JUAREZ TÁVORA
PARACURU;109;89;PARACURU BEACH;E. E. E. P. PROFESSORA ABIGAIL SAMPAIO - ESCOLA TÉCNICA;AV. JOÃO LOPES MEIRELES
VARJOTA;65;192;ACAMPAMENTO DNOCS;E.E.F. FLORÊNCIA FERREIRA NETA;AV. PRESIDENTE CASTELO BRANCO, S/N
JIJOCA DE JERICOACOARA;30;379;ZONA RURAL;ESCOLA ANTONIO DUTRA DE SOUSA;BAIXIO I
ITATIRA;33;160;ZONA RURAL;EMEF 7 DE SETEMBRO;LOCALIDADE DE MORRO BRANCO
FORTALEZA;80;368;FÁTIMA;INSTITUTO DE EDUCAÇÃO DO CEARÁ;RUA GRACILIANO RAMOS, 52
QUIXERAMOBIM;11;182;MARAVILHA;ESCOLA ALVARO DE ARAUJO CARNEIRO;ALTO DA MARAVILHA
FORTALEZA;80;378;TAUAPE;COLÉGIO SHALON;RUA TIBÚRCIO FROTA, 1530 COM OSVALDO CRUZ
JUAZEIRO DO NORTE;28;225;FRANCISCANOS;COLÉGIO SÃO FRANCISCO DE ASSIS;NOSSA SENHORA DO CARMO SN
AQUIRAZ;66;106;AROEIRAS;EMEF JOAO JAIME GADELHA;ESTRADA AROEIRA
BARBALHA;31;140;MALVINAS;CEI RAIMUNDA MARIA SAMPAIO (MALVINAS);RUA P-19, S/N - PROX. ARENINHA
MORADA NOVA;47;216;BOA AGUA;EEB GEORGINA RIBEIRO DOS SANTOS;LAGOA FUNDA
SÃO LUÍS DO CURU;23;305;CENTRO-SEDE;E.E.F. PADRE JOSE SINVAL FACUNDO;RUA PEDRO CIPRIANO SN
SÃO JOÃO DO JAGUARIBE;91;117;CENTRO;EEF FRANCISCO GUERREIRO CHAVES;RUA CANDIDO CHAVES S/N
TABULEIRO DO NORTE;91;25;CENTRO;ESCOLA DE 1 E 2 GRAUS FRANCISCO MOREIRA FILHO;RUA MANOEL FRANKLIN, 5033
AMONTADA;89;146;MOSQUITO;EEBTI PROF VALTER RIBEIRO DE MELO;MOSQUITO
TAMBORIL;61;91;CENTRO;EMTI 4 DE OUTUBRO;RUA VICENTE ALVES DO VALE SN
URUBURETAMA;23;126;MUNDAÚ / ZONA RURAL;EEF MARGARIDA MARIA B VASCONCELLOS;MUNDAU
ASSARÉ;18;93;ZONA RURAL;UNIDADE BASICA DE SAÚDE JOAQUIM CELESTINO BRASIL;SITIO VARJOTA
ITAPIPOCA;17;36;CENTRO;EEFM ANASTACIO ALVES BRAGA;AV DUQUE DE CAXIAS 888
QUIXERAMOBIM;11;3;DAMIAO CARNEIRO;ESCOLA SALVIANO PATRICIO DE ALMEIDA;JUREMA
FORTALEZA;95;167;PARQUE SANTA MARIA;EEMTI POETA OTACILIO COLARES;RUA JORGE DA VEIGA, 265
TAUÁ;19;175;MARROAS;EEF ENEAS ALVES MOTA;VILA MARROAS
SOBRAL;24;237;APRAZÍVEL;EEFI ANTONIO CUSTODIO AZEVEDO - APRAZIVEL;APRAZIVEL
CEDRO;13;551;SÃO MIGUEL;ESCOLA DE ENS FUND LEANDRO ALVES CORREIA;AGROVILA UBALDINHO
QUITERIANÓPOLIS;99;103;ZONA RURAL;EEIF JOSÉ FRANCISCO DAS CHAGAS;ANGICAL
RUSSAS;9;98;SAO PEDRO;ESCOLA MUNICIPAL JOSE ELIAS PITOMBEIRA;SAO PEDRO
JARDIM;119;328;JARDIM MIRIM;ESCOLA MONSENHOR ALCANTARA;DISTRITO DE JARDIM MIRIM
SABOEIRO;43;263;CENTRO;SECRETARIA DE EDUCAÇÃO;RUA PRAÇA DA BANDEIRA, CENTRO
URUBURETAMA;23;129;MUNDAÚ / ZONA RURAL;EEF MARGARIDA MARIA B VASCONCELLOS;MUNDAU
ITATIRA;33;199;DISTRITO DE LAGOA DO MATO;CRECHE JOSÉ AUGUSTO LOBO;RUA JOÃO AUGUSTO LOBO S/N
FORTALEZA;93;213;PREFEITO JOSÉ WALTER;CEJA - CENTRO DE EDUCAÇÃO DE JOVENS E ADULTOS;AV. L, S/N - II ETAPA
MADALENA;63;165;CENTRO;EEF ALFREDO ALMEIDA MACHADO;RUA PEDRO COSTA E SILVA, 99 - CENTRO
RERIUTABA;79;23;ANGICOS;E.E.I.F. CLODOALDO RODRIGUES DA CUNHA;FAZENDA ANGICOS - ZONA RURAL
FORTALEZA;82;360;SÃO GERARDO;COLÉGIO MASTER - BEZERRA DE MENEZES;AV. BEZERRA DE MENEZES, 1802
FORTALEZA;82;231;PIRAMBU;ESCOLA UNIVERSO MENINO JESUS;RUA DOM QUINTINO, 934
FORTALEZA;94;330;VILA VELHA;EM ANTONIO CORREIA LIMA;RUA HERMES PARAYBA, 934
BOA VIAGEM;63;30;VILA AZUL;EEF OSMAR DE OLIVEIRA FONTES;RUA 26 DE JUNHO 59
JUCÁS;43;118;ALTO DA AREIA - SÍTIO - SEDE;PRÉDIO DA ASSOCIAÇÃO COMUNITÁRIA DO ALTO DA AREIA;SÍTIO ALTO DA AREIA
FORTALEZA;80;318;DIONISIO TORRES;COLÉGIO SANTO INACIO;AVENIDA DESEMBARGADOR MOREIRA 2355
BATURITÉ;5;57;OITICICA-FAZENDA;EMEF PEDRO LOPES FILHO;OITICICA
PARAMOTI;111;170;CENTRO;EEFM TOMÉ GOMES DOS SANTOS (PRÉDIO ANTIGO);RUA GONÇALO SOARES, 341
TABULEIRO DO NORTE;91;60;SITIO COBERTO;ASSOCIAÇÃO DOS MORADORES DO SITIO COBERTO;SITIO COBERTO
PALHANO;9;5;CENTRO;ESCOLA DE ENSINO MEDIO JOSE FRANCISCO DE MOURA;AVENIDA POSSIDONIO BARRETO 459
FORTALEZA;83;769;HENRIQUE JORGE;EEMTI PROFESSOR PAULO FREIRE;AVENIDA SENADOR FERNANDES TÁVORA 1936
SANTANA DO ACARAÚ;44;58;CENTRO;EEMTI NAZARÉ SEVERIANO;RUA NONATO ARCANJO S/N -CENTRO
ICÓ;15;88;CENTRO - SEDE;ESCOLA MUNICIPAL SENHOR DO BONFIM;RUA FRANCISCO MACIEL DA SILVA, 2557
FORTALEZA;85;244;CONJUNTO CEARÁ I;EEM PROF JOSE MARIA CAMPOS DE OLIVEIRA - UV 8;RUA 820 S/N - 3 ETAPA
FORTALEZA;95;105;CONJUNTO PALMEIRAS;EEFM DOUTORA ALDACI BARBOSA;RUA VALPARAISO, 155
ITAPIÚNA;105;120;CENTRO;EEF DEMOCRITO ROCHA;RUA SAO FRANCISCO SN
ICÓ;15;10;CENTRO - SEDE;CENTRO UNIVERSITÁRIO VALE DO SALGADO;AV. MONSENHOR FROTA, 609
MORRINHOS;44;181;CENTRO;EEMTI CARMINHA VASCONCELOS;RUA NOSSA SENHORA DE FATIMA  309
BELA CRUZ;96;57;SAO GONCALO-LOCALIDADE;EEMTI PROFESSORA THEOLINA DE MURYLLO ZACAS;LOCALIDADE SÃO GONÇALO
MARACANAÚ;122;253;MUCUNA;EMEF MANOEL ROSEO LANDIM;RUA OSCAR FERREIRA DE BRITO, 161
MARACANAÚ;104;80;JEREISSATI II;EMEIEF GENCIANO GUERREIRO DE BRITO;AVENIDA XII, N 3
PENTECOSTE;50;196;ZONA RURAL;EEIF DOMINGOS DA CUNHA BRAGA;UMBURANAS
FORTALEZA;94;39;ANTÔNIO BEZERRA;EMTI JOSÉ CARLOS DE OLIVEIRA NETO;R. SAO VICENTE DE PAULO, 170
QUIXADÁ;6;232;CENTRO;EEMTI CORONEL VÍRGILIO TÁVORA;RUA EPITÁCIO PESSOA, 1498
PENTECOSTE;50;69;CENTRO;EEFM TABELIÃO JOSÉ RIBEIRO GUIMARÃES;AVENIDA TABELIÃO FRANCISCO ALVES, 161
NOVA OLINDA;53;20;CENTRO;EMEF AVELINO FEITOSA;AV. PERIMETRAL SUL, 576
GUARACIABA DO NORTE;74;27;SEDE;INSTITUTO PROMOCIONAL BENJAMIM SOARES (PATRONATO);RUA PADRE BERNARDINO MEMORIA - CENTRO
SÃO BENEDITO;22;44;MONS. OTALICIO;LICEU - JOAO ALMIR DE FREITAS BRANDAO;AVENIDA TABAJARA S/N
PARACURU;109;62;CAMPO DE AVIAÇÃO;E. E. M. T. I. PROFESSORA MARIA LUIZA SABOIA RIBEIRO;AVENIDA ANTONIO SALES
BARBALHA;31;37;CENTRO;ETI DR. LYRIO CALLOU;RUA EDMUNDO DE SA SAMPAIO, 180
ALCÂNTARAS;24;399;BELA VISTA;EEF INOCÊNCIA ALCÂNTARA FREIRE;RUA MONSENHOR FURTADO SN
CANINDÉ;33;322;ZONA RURAL;EMEF SANTA RITA;ASSENTAMENTO VIDA NOVA, LOC. TRANSVAL
SANTANA DO ACARAÚ;44;125;SANTA RITA;CASA PROVISÓRIA - EEF SÃO VICENTE DE PAULA;SANTA RITA
JARDIM;119;325;JARDIM MIRIM;ESCOLA MONSENHOR ALCANTARA;DISTRITO DE JARDIM MIRIM
FORTALEZA;113;200;AMADEU FURTADO;EEF MONSENHOR LINHARES;RUA PROF. LINO ENCARNAÇÃO, 1130
BARREIRA;52;3;MEARIM III;ESCOLA BOANERGES JACÓ (CERUR);RUA JOÃO JULIÃO, N. 182
EUSÉBIO;88;240;LAGOINHA;ESCOLA Mª DE FÁTIMA FAÇANHA SILVEIRA (LAGOINHA);RUA SÃO MIGUEL, 327 - LAGOINHA
RUSSAS;9;184;TABULEIRO DO CATAVENTO;CAIC - SENADOR CARLOS JEREISSATI;RUA 25 SN  MUTIRAO
JUAZEIRO DO NORTE;119;226;LAGOA SECA;ESCOLA PROFESSORA MARIA GERMANO;RUA ARNOBIO BACELAR CANECA SN
ARACATI;8;175;VARZEA DA MATRIZ;C.E.I. PROF. SALETE MORAIS;RUA ABELARDO GURGEL COSTA LIMA
TABULEIRO DO NORTE;91;102;CENTRO;ESCOLA DE 1 E 2 GRAUS FRANCISCO MOREIRA FILHO;RUA MANOEL FRANKLIN, 5033
INDEPENDÊNCIA;39;20;CENTRO;GRUPO ESCOLAR JERONIMO ALVES DE ARAUJO;RUA SANTA TERESINHA S/N
BARREIRA;52;5;MEARIM III;ESCOLA BOANERGES JACÓ (CERUR);RUA JOÃO JULIÃO, N. 182
ARNEIROZ;101;71;SANTA LUZIA;EEFM MARIA DOLORES PETROLA;RUA RAIMUNDO NONATO DE ARAÚJO, S/N
FORTALEZA;3;620;ALDEOTA;COLÉGIO BATISTA - SANTOS DUMONT;RUA DESEMBARGADOR LEITE ALBUQUERQUE, 1056
AURORA;69;93;SOLEDADE-SITIO;POSTO DE SAUDE (SOLEDADE);SITIO SOLEDADE
FORTALEZA;114;229;BARRA DO CEARÁ;EM DOM ANTONIO BATISTA DE FRAGOSO;AVENIDA FRANCISCO SÁ 7945
FORTALEZA;94;383;VILA VELHA;EMEF QUINTINO CUNHA;RUA MARIA CLARA 1263
JUAZEIRO DO NORTE;119;127;PIRAJA;ESCOLA AMALIA XAVIER;RUI BARBOSA 468
CAUCAIA;37;568;PADRE ROMUALDO;E.E.F. AUGUSTO CESAR SILVA SALES;RUA 15 DE NOVEMBRO, 456
ARACATI;8;187;VENANCIO;E.E.F. PROF. CANDIDO ALVES BARBOSA;VENANCIO
MARACANAÚ;122;27;CÁGADO;EMEIEF JOAO MAGALHAES DE OLIVEIRA;RODOVIA RAIMUNDO PESSOA DE ARAUJO 700
ARACATI;8;33;CENTRO;E.E.F. DARCI RIBEIRO;RUA TEÓFILO PINTO, S/N.
ARACATI;8;56;OUTEIRO;E.E.F. MARGARIDA GONDIM;OUTEIRO
FORTALEZA;85;382;CONJUNTO CEARÁ I;EEFM PROF PLACIDO ADERALDO CASTELO - UV 7B;RUA SETECENTOS E VINTE E UM, 100, 3A ETAPA
TURURU;17;644;CENTRO;EEFM LUIZA BEZERRA FARIAS;RUA MONSENHOR SOLON 248
TURURU;17;663;AREA RURAL DE TURURU;CENTRO EDUCACIONAL PATRICIA MOTA DE FREITAS;ASSENTAMENTO NOVO HORIZONTE
CANINDÉ;33;493;SANTA LUZIA;EEEP PROFESSOR JOSÉ VIDAL ALVES;AV. LUCIANO MAGALHÃES, S/N
REDENÇÃO;52;150;DISTRITO DE BARRA NOVA (ANTIGO SÃO GERARDO);ESCOLA JOÃO FRAGOSO FILHO;BRENHA
FORTALEZA;116;152;BOM JARDIM;EM SEBASTIAO DE ABREU;RUA GERALDO BARBOSA 1065
FORTALEZA;95;113;CONJUNTO PALMEIRAS;EMTI JOAO GERMANO DA PONTE NETO;RUA MAIZA, 549
CAUCAIA;123;506;PARQUE POTIRA (JUREMA);COLÉGIO ESTADUAL LICEU DE CAUCAIA;RUA ARAQUÉM, 1100 - PARQUE POTIRA (JUREMA)
FORTALEZA;83;602;HENRIQUE JORGE;EEM  MARIANO MARTINS;AVENIDA SENADOR FERNANDES TÁVORA 1445
FORTALEZA;85;220;CONJUNTO CEARÁ I;EEFM MARIA ANTONIETA NUNES - UV 9;RUA 916 SN 4 ETAPA
FORTALEZA;85;147;CONJUNTO CEARÁ I;EEEP PROFESSOR CESAR CAMPELO;RUA 717, N.164, 3 ETAPA
ITAPAJÉ;41;131;CRUZEIRO-SEDE;CENTRO SOCIAL URBANO RAIMUNDO DE ARAUJO BASTOS;RUA ANTONIO EUSEBIO BASTOS 85
PENTECOSTE;50;190;SÃO FRANCISCO;EEF BALBINA MOREIRA DE AZEVEDO;AVENIDA ANTÔNIO BRAGA DE AZEVEDO
GRANJA;25;214;ESTREITO DOS MARTINS;E.E.F. CLARISMUNDO ALVES ARAGÃO;ESTREITO DOS MARTINS
NOVO ORIENTE;99;17;CENTRO;EEM COELHO MASCARENHAS;RUA SAO JOSE S/N
GRAÇA;79;139;SITIO CAETANO;GRUPO ESCOLAR RITA ALVES DE SOUSA;SITIO CAETANO
IRAUÇUBA;41;181;JUA;EEIF IELDA TEIXEIRA FERNANDES;JUA
REDENÇÃO;52;33;DISTRITO DE FAÍSCA;ESCOLA JOÃO ALVES GOUVEIA;FAÍSCA
PARAMBU;19;340;RIACHÃO;ESCOLA JOAQUIM FILOMENO NORONHA;RIACHÃO
PARAMBU;19;296;GAVIAO;ESCOLA JOÃO FRANCISCO DA SILVA;GAVIÃO
CRATO;27;193;VILA ALTA;APAE - INSTITUTO DE REEDUCAÇÃO EVILENE ROLIM LOUCETTI;TRAVESSA MILAGRES S/N
BOA VIAGEM;63;78;TAPERINHA;EEF VEREADOR JOSE VIEIRA DE LIMA;TAPERINHA
PACAJUS;49;14;CENTRO;INSTITUTO EDUCACIONAL ESSÊNCIA;RUA MAMEDE NOGUEIRA, 814
FORTALEZA;95;341;ANCURI;CEI PROFESSOR JOSE TEODORO SOARES;RUA COLETORA CENTRAL II, S/N
CAUCAIA;120;133;MIRAMBE;E.E.I.E.F. MARIA DE LOURDES ROCHA;RUA DA IGREJA, 614 - TAQUARA/MIRAMBÉ
BARBALHA;31;54;CENTRO;COLÉGIO DOM BOSCO OBJETIVO (CENTRO);RUA ADÃO APOLINÁRIO, S/N
ALTANEIRA;53;5;CENTRO;EEMTI SANTA TEREZA;RUA JOAQUIM ALVES BITU, SN
GUAIÚBA;57;69;AGUA VERDE;POLO DE ATENDIMENTO CARLOS MOREIRA MEDEIROS;RUA MANOEL MOREIRA, S/N
BARRO;92;68;SEDE;EEFM WILSON DIAS CABRAL;SITIO RIACHAO
FORTALEZA;82;64;ÁLVARO WEYNE;COLÉGIO MENINO JESUS DE PRAGA;RUA ANA FACÓ, 140
FORTALEZA;113;243;RODOLFO TEÓFILO;EEFM FÉLIX DE AZEVEDO;RUA MONSENHOR FURTADO, 757
FORTALEZA;115;470;VILA PERI;EEM PROF. HERMENEGILDO FIRMEZA;RUA GABRIEL FIUZA 360
MARACANAÚ;122;14;PIRATININGA;COLÉGIO ESTADUAL PROFº FRANCº OSCAR RODRIGUES(COL.EST.LICEU MARACANAÚ);AV. LUIZ GONZAGA HONÓRIO, 50, PIRATININGA, MARACANAÚ-CE
PEDRA BRANCA;59;92;CENTRO;CENTRO ADMINISTRATIVO CESÁRIO MENDES;RUA FURTUNATO SILVA, 45
BREJO SANTO;70;403;SAO FRANCISCO-SEDE;EEF PROFESSOR JOAO TELES;RUA CORONEL NICODEMOS, N. 282
AMONTADA;89;98;CENTRO;EEM RITA ESTELITA DOS SANTOS RODRIGUES;AV GAL ALÍPIO DOS SANTOS 1020
FORTALEZA;85;180;AUTRAN NUNES;EMTI MARIA DA HORA;RUA RAIMUNDO RIBEIRO, S/N
IPUEIRAS;40;187;OLHO D'ÁGUA DOS BARROSOS;EEF FRANCISCO APRÍGIO DE FARIAS - OLHO D'AGUA DOS BARROSOS;OLHO D'AGUA DOS BARROSOS
RUSSAS;9;116;PLANALTO BELA VISTA;ESCOLA MUNICIPAL ANA XAVIER LOPES;TRAVESSA JOSE MUNIZ 2457
SANTANA DO CARIRI;53;100;LATÃO;EMEIEF JOAQUIM PINHEIRO DE MENEZES;VILA LATÃO, SN
FORTALEZA;116;33;GRANJA LISBOA;EM SERVULO MENDES BARROSO;RUA JOSE MARTINS 2239
SANTANA DO CARIRI;53;43;CENTRO;EMEIEF ESCRITORA RAQUEL DE QUEIROZ;LARGO LAURO SOBREIRA, SN
PACATUBA;57;285;PAVUNA;EEIEF PEDRO DE SA RORIZ;RUA ZULEIDA DE SA RORIZ, 18
PACATUBA;57;302;CONJUNTO JEREISSATI II;EEIEF JOAO PAULO SAMPAIO DE MENEZES;RUA 74 SETOR G, 900
FORTALEZA;82;629;CRISTO REDENTOR;EM SANTA TEREZA;AV. MONSENHOR HÉLIO CAMPOS, 90
CANINDÉ;33;430;SANTA LUZIA;EMEF SENADOR CARLOS JEREISSATI;RUA EUCLIDES BARROSO, 1048
ITAITINGA;78;246;CENTRO;EEF GERALDO BATISTA DE LIMA;AV. CEL. VIRGÍLIO TÁVORA S/N
FORTALEZA;3;188;CENTRO;COLÉGIO MILITAR DO CORPO DE BOMBEIROS;RUA CONSELHEIRO ESTELITA, 500 (SEDE PROVISÓRIA)
CRATO;27;374;SÃO BENTO;CEI ELIZA JACINTO LOPES DE SOUSA;RUA PROJETADA 08, S/N - CONJUNTO MADRE FEITOSA/DISTRITO DE BELA VISTA
GUARACIABA DO NORTE;74;88;DISTRITO;ESCOLA MUNICIPAL DE BURACO DAGUA;BURACO DAGUA - MORRINHOS NOVOS
MARACANAÚ;122;252;NOVO ORIENTE;EMEF DEP ULYSSES GUIMARAES;RUA 29 N. 10
FORTALEZA;93;256;PREFEITO JOSÉ WALTER;EM FRANCISCO NUNES CAVALCANTE;RUA POETA MÁRIO LINHARES, 561
GENERAL SAMPAIO;50;176;ZONA RURAL;EMEF MESSIAS DELFINO ALVES;VILA SÃO JOÃO
ITAPIPOCA;17;698;ÁREA RURAL DE ITAPIPOCA;EEB ANTONIO AUGUSTO ALVES;MUCAMBO DE BAIXO
INDEPENDÊNCIA;39;199;COHAB;E.E.F. JOSE FERREIRA DOS SANTOS;RUA C, 158
JUAZEIRO DO NORTE;119;464;SAO JOSE;CRECHE JOSE PERBOYRE SAMPAIO SABIA;RUA MOESIO SOUZA SILVA, S/N
COREAÚ;64;57;Ubaúna;UBAÚNA - ESCOLA M. PEDRO CONRADO;RUA MANOEL OSIRO, S/N
NOVA RUSSAS;48;114;CANINDEZINHO;ESCOLA MUNICIPAL MARIANO RODRIGUES DA COSTA;DISTRITO DE CANINDEZINHO,
FORTALEZA;1;353;MUCURIPE;ESCOLA MUNICIPAL JOSE RAMOS TORRES DE MELO;AVENIDA DA ABOLIÇÃO 3984
ITAPAJÉ;41;246;ESMERINO GOMES;ESCOLA MUNICIPAL PREF ROQUE SILVA MOTA;RUA OTAVIO PINTO DE MESQUITA
IBIAPINA;73;64;SÃO JOÃO;ESCOLA RITA NEGREIROS;RUA JOSÉ AVELINO
CAMPOS SALES;38;154;B. ALTO ALEGRE;C.E.I - CENTRO DE EDUCAÇÃO INFANTIL - SEDE;RUA EMILIANO FORTALEZA S/N
SALITRE;38;172;ZONA RURAL, SALITRE/CE;E.E.F.T.I. -  JOÃO RODRIGUES DA FONSECA - LOGOA DOS CRIOULOS;SÍTIO LAGOA DOS CRIOULOS
QUIXERAMOBIM;11;127;SEDE RURAL;ESCOLA LABIBE BELEM;BOA FE
QUIXADÁ;6;243;CAMPO VELHO;CEJA JOÃO RICARDO DA SILVEIRA;RUA DOM LUCAS, 760
OCARA;67;248;CURUPIRA-DISTRITO;ESCOLA MUNICIPAL RAIMUNDO BEZERRA DA SILVA - ENSINO FUNDAMENTAL;LAGOA DO SERROTE
MARACANAÚ;122;62;ACARACUZINHO;EEF ANTONIO GONDIM DE LIMA;AV. LATERAL SUL S/N
FORTALEZA;118;432;SERRINHA;EM MARIA DE CARVALHO MARTINS;AVENIDA DOUTOR SILAS MUNGUBA, 4300
CAUCAIA;123;441;NOVA METRÓPOLE (JUREMA);E.E.I.E.F. FRANCISCA ALVES DO AMARAL;AV. B, 442 - NOVA METRÓPOLE
FORTALEZA;117;140;SIQUEIRA;COLÉGIO VIDA VIVA;RUA JOSÉ MARIA, 100
GROAÍRAS;65;107;CENTRO;EEFM MONSENHOR LINHARES;RUA RAIMUNDO NONATO ALBUQUERQUE, 201
QUIXADÁ;6;207;CAMPO NOVO;EEF JOSÉ JEAN DA SILVA PEREIRA;RUA DA ESTRELA, 425
ACARAÚ;30;3;CENTRO;CEJA -  PADRE ANTONIO TOMAZ;PRACA CORONEL JOSE FILOMENO SN
TRAIRI;97;98;FLEIXEIRAS;EEF FURTUNATO SEVERIANO DA COSTA;FLEIXEIRAS
CHAVAL;108;24;CENTRO;EEF FRANCISCO DE ASSIS DAMASCENO CARNEIRO;RUA MAJOR FIEL S/N
ITAPIPOCA;17;402;ASSUNÇÃO;EEB RAIMUNDO GONCALVES DA SILVA;PARACATU
TAUÁ;19;98;MARROAS;EEF ENEAS ALVES MOTA;VILA MARROAS
ITAREMA;98;194;ZONA RURAL;EMEF MANOEL ROSA DE SOUSA;CEDRO
PARAMBU;19;296;GAVIAO;ESCOLA JOÃO FRANCISCO DA SILVA;GAVIÃO
ITAIÇABA;75;8;CAMURIM;E.E.F.  JEOVA COSTA LIMA;CAMURIM
CASCAVEL;7;190;RIO NOVO;E.E.B. DEPUTADO RAIMUNDO QUEIROZ;AV JOAO DAMASCENO FONTENELE, 3233
FORTALEZA;117;365;CONJUNTO ESPERANÇA;EMEIF PADRE CÍCERO ROMÃO BATISTA;RUA MARIELLE FRANCO, 630
FORTALEZA;117;267;CONJUNTO ESPERANÇA;EEEP DARCY RIBEIRO;RUA CONEGO DE CASTRO, S/N
LIMOEIRO DO NORTE;29;55;ÁREA RURAL;ASSOCIAÇÃO DOS MORADORES DO CONGO;SITIO CONGO I
SÃO LUÍS DO CURU;23;320;CENTRO-SEDE;E.E.F. PROFESSORA MARIA DE LOURDES BRAGA;RUA HUGO ROCHA SN
FORTALEZA;82;477;MONTE CASTELO;EEMTI CLÁUDIO MARTINS;RUA DEMÓCRITO ROCHA, 400
HORIZONTE;78;127;TANQUES;EMEF EUCLIDIA PEREIRA DE AZEVEDO;RUA CELSO  SILVA ASSUNÇÃO, 8656
CAUCAIA;123;513;PARQUE GUADALAJARA (JUREMA);COLÉGIO PLENO DO CEARÁ - CPC;RUA PADRE ALFREDO NESI, 363 (ANTIGA RUA CAMPECHE )
CEDRO;13;535;CENTRO;COLEGIO ESTADUAL CELSO ARAUJO;RUA ZE PAJE, 241
QUIXADÁ;6;187;CUSTÓDIO;EEF AUDISIO PINHEIRO;CUSTODIO, S/N
MARCO;96;189;LOCALIDADE DE SANTA ROSA I;EEF JOSE PEDRO DA SILVA;SANTA ROSA II
FORTALEZA;114;281;BARRA DO CEARÁ;EM FRANCISCO DOMINGOS DA SILVA;AVENIDA PRESIDENTE CASTELO BRANCO 4707
IPU;21;9;ZONA RURAL;UBS JOÃO BATISTA DE AZEVEDO;SÃO JOSÉ DOS MARTINS
BREJO SANTO;70;404;SAO FRANCISCO-SEDE;CEJA JOAQUIM GOMES BASILIO;RUA GENESIO RICARTE COSTA 637
RUSSAS;9;214;TABULEIRO DO CATAVENTO;CAIC - SENADOR CARLOS JEREISSATI;RUA 25 SN  MUTIRAO
RUSSAS;9;254;BENTO PEREIRA;ESCOLA MUNICIPAL FRANCISCO SERGIO  REBOUCAS;BENTO PEREIRA
MARANGUAPE;4;90;CACHOEIRA;EMEIEF JOSÉ DE MOURA;RUA JOAO RAMALHO CORDEIRO, 21
MARANGUAPE;4;6;CENTRO - MARANGUAPE;CVT MARANGUAPE;RUA WALTER LOPES, 149
FORTALEZA;113;416;MONTESE;EEFM MARECHAL HUMBERTO DE ALENCAR C. BRANCO;RUA ALVARO FERNANDES, 913
BAIXIO;92;138;CENTRO - SEDE;E.E.M.T.I. MONSENHOR HORACIO TEIXEIRA;RUA MARIA DA GLORIA S/N
CAUCAIA;37;449;CAMURUPIM;E.E.I.E.F. SÃO SEBASTIÃO;RUA LUIS DA CUNHA LIMA, S/N
AMONTADA;89;169;ARACATIARA;EEB FRANCISCA OLIVEIRA MELGAÇO;RODELA
CRATO;27;76;VILA ALTA;EEFM JOSÉ ALVES DE FIGUEIREDO;RUA GETÚLIO VARGAS, 214
CRATO;27;203;MURITI;EEF PROF. JOSÉ DO VALE ARRAES FEITOSA;RUA VICENTE GREGÓRIO MARINHO, SN. N. SRA. DE FÁTIMA. BARRO BRANCO
PACAJUS;49;379;PEDRA BRANCA;EEF DANILO COSTA MENEZES;RUA OSVALDO FREITAS NUNES 133
UMARI;15;197;CENTRO - SEDE;CENTRO EDUCACIONAL DO PRIMEIRO GRAU PADRE MANOEL PEREIRA;RUA CORONEL ANTONIO MALHEIROS, S/N
MIRAÍMA;89;274;BROTAS;EEB MOURA NEGRÃO FILHO;RUA GERALDO HENRIQUE DE ARAUJO 265
TIANGUÁ;81;78;ARAPÁ;CENTRO EDUCACIONAL PROFESSOR OSVALDO NOGUEIRA LIMA - CEPON;RUA QUINTINO MARQUES, S/N - DISTRITO ARAPÁ
INDEPENDÊNCIA;39;44;VÁRZEA GRANDE;E.E.F. JOSE CANUTO DE OLIVEIRA;POVOADO VARZEA GRANDE
LIMOEIRO DO NORTE;29;53;ÁREA RURAL;POSTO DE SAÚDE FRANCISCO CÂNDIDO DA COSTA;SITIO SAQUINHO
IPUEIRAS;40;148;LAGOA DO ARROZ;EEF PEDRO ALVES DA SILVA - LAGOA DO ARROZ;LAGOA DO ARROZ
PACAJUS;49;281;ALDEIA;EEF PROFA HERMÍNIA MENDONCA DE QUEIROZ;RUA NAIDE COSTA MENEZES, SN
FORTALEZA;95;161;CONJUNTO PALMEIRAS;EM MARIETA CALS;RUA VALPARAISO, 160
CAUCAIA;123;484;ARIANÓPOLIS (JUREMA);E.E.I.E.F. SEBASTIÃO BEZERRA DOS SANTOS;RUA SOLIMÕES, 361
SABOEIRO;43;283;LAGOA DE DENTRO;E.E.F. MARIA MARTINS VIANA;SITIO LAGOA DE DENTRO
FORTALEZA;117;227;SIQUEIRA;EEFM SENADOR OSIRES PONTES;RUA DIVINA 150
FORTALEZA;118;610;MONDUBIM;EM CASIMIRO MONTENEGRO;AV. BERNARDO MANUEL, 11360
MARACANAÚ;122;178;MUCUNA;EMEF MANOEL ROSEO LANDIM;RUA OSCAR FERREIRA DE BRITO, 161
AQUIRAZ;66;318;PATACAS;EMEF MARIA SOARES DE FREITAS;AV JOSUE LEITE DE FREITAS S/N
FORTALEZA;1;366;MEIRELES;LABOMAR - UFC;AV. ABOLIÇÃO, 3207
GUARACIABA DO NORTE;74;122;DISTRITO;EEF MANOEL BANDEIRA DE MOURA (ESCOLA NOVA DA MARTINSLÂNDIA);MARTINSLANDIA
FORTALEZA;94;443;VILA VELHA;EMEIF HERONDINA LIMA CAVALCANTE;AV. AMBIENTALISTA ARY THIERS, 310
PARACURU;109;72;CUMBI;E.M.E.I.F. MARIA BASILIO BARBOSA;CUMBI, S/N
CRATO;27;221;VILA ALTA;APAE - INSTITUTO DE REEDUCAÇÃO EVILENE ROLIM LOUCETTI;TRAVESSA MILAGRES S/N
FORTALEZA;1;136;CIDADE 2000;ESCOLA ESTADUAL ARQUITETO ROGERIO FROES;AVENIDA DAS GRAVIOLAS 1000
ITAPAJÉ;41;212;FERROS-SEDE;ESCOLA MUNICIPALPADRE MANOEL LIMA E SILVA;CONJUNTO PEDRO ROCHA SN
FORTALEZA;82;250;CARLITO PAMPLONA;EM HILBERTO SILVA;AV. PRESIDENTE CASTELO BRANCO, 2973
FORTALEZA;83;132;JÓQUEI CLUBE;ESCOLA MUNICIPAL PRESIDENTE KENNEDY;AV. LINEU MACHADO 811
OCARA;67;264;BOA ESPERANÇA;ESCOLA MUNICIPAL RAIMUNDO DOS SANTOS LESSA;BOA ESPERANÇA
EUSÉBIO;88;190;JABUTI;EEM PROF. FRANCISCA LINHARES DE SOUSA;R. EDUARDO SÁ, S/N
TURURU;17;630;CEMOABA / ZONA RURAL;EMEF MARIA LUNGA MOREIRA;RUA PRINCIPAL
MAURITI;76;2;CENTRO;CENTRO DE PASTORAL PE. ARGEMIRO ROLIM DE OLIVEIRA;RUA PADRE MACEDO, S/N
RERIUTABA;79;248;SÃO JOSÉ DOS DOROTEUS;E.E.F. RAIMUNDO DOROTEUS PEREIRA;RUA SÃO JOSÉ DOS DOROTEUS
FORTALEZA;118;16;PARQUE DOIS IRMÃOS;EM SANTA TEREZINHA;RUA AFONSO LOPES, 1095
MARACANAÚ;104;225;JEREISSATI II;EEMTI PROFESSOR EDMILSON PINHEIRO;AVENIDA XII, 727
MAURITI;76;103;BURITIZINHO-DISTRITO;EEF FILEMON TELES;RUA JOAO LUCAS, S/N
MASSAPÊ;45;7;CENTRO;EEFM WILEBALDO AGUIAR;RUA CEL MANOEL DIAS 250
FORTALEZA;114;185;ÁLVARO WEYNE;EEMTI WALDEMAR FALCÃO;RUA ANTONIO JOAQUIM DE CARVALHO 19
IRACEMA;86;84;DA PAZ;EEF ALBATIZA TAVARES DE OLIVEIRA GUERRA;RUA JOÃO TAVARES MAGALHÃES
FORTALEZA;95;228;CONJUNTO PALMEIRAS;CENTRO DE CIDADANIA DOS DIREITOS HUMANOS-CCDH (EVANDRO AYRES DE MOURA);AV. CASTELO DE CASTRO, 2842
ACARAÚ;30;442;CENTRO;CVT - CENTRO VOCACIONAL TECNOLOGICO;AV. JOSÉ GIFFONI DA SILVEIRA, 1000
FORTALEZA;83;237;PANAMERICANO;ESCOLA MUNICIPAL JOSÉ BATISTA DE OLIVEIRA;RUA GOIÁS 620
FORTALEZA;85;315;GENIBAÚ;ESCOLA MUNICIPAL DEP MURILO AGUIAR;RUA 24 DE OUTUBRO 655
VÁRZEA ALEGRE;62;55;NARANIU-SEDE DO DISTRITO;EEF PEDRO LEANDRO DA SILVA;VILA SÃO CAETANO
SOBRAL;121;113;CENTRO;CENTRO DE INOVAÇÃO CADEIA CRIATIVA DE SOBRAL;RUA DESEMBARGADOR MOREIRA 1030
MASSAPÊ;45;108;LUIS DA HORA PEREIRA;CMEF PROFESSORA MARIA DO CARMO CARNEIRO (EEF MARIA PONTES VIDAL);RUA AMADEU ALBUQUERQUE, S/N
MARANGUAPE;4;437;AMANARI;EMEIEF JOAQUIM LOPES DE ABREU;RUA PATRÍCIO DA PAIXÃO
MILAGRES;26;111;FRANCISCA DO SOCORRO;SOCIEDADE DE ASSISTENCIA A CRIANCA;RUA JOSE DE ALENCAR
ACARAPE;52;152;SÃO BENEDITO;ESCOLA FRANCISCO ROCHA RAMOS;RUA FROTA GONCALVES, SN
CAUCAIA;37;464;PADRE ROMUALDO;E.E.F. AUGUSTO CESAR SILVA SALES;RUA 15 DE NOVEMBRO, 456
FORTALEZA;112;429;EDSON QUEIROZ;COLEGIO ARI DE SA CAVALCANTE WS;AV WASHINGTON SOARES, 3737
FORTALEZA;94;910;VILA VELHA;EM CASTELO DE CASTRO;RUA 43 1531
FORTALEZA;113;388;MONTESE;IMPARH;AV JOAO PESSOA, 5.609
FORTALEZA;83;796;JOÃO XXIII;ESCOLA UMA JANELA PARA O MUNDO;RUA JULIO BRAGA, 1014
CAMPOS SALES;38;147;ZONA RURAL;CAPELA SÃO FRANCISCO DA AROEIRA DO NORTE;SÍTIO AROEIRA DO NORTE
MILHÃ;55;100;CENTRO;EEFM EUCLIDES PINHEIRO DE ANDRADE;RUA JOAQUIM NEMESIO 119
JUAZEIRO DO NORTE;28;62;CENTRO;EEFTI DR. LEÃO SAMPAIO;DOUTOR FLORO BARTOLOMEU 517
MISSÃO VELHA;16;41;CENTRO;URCA (ANTIGO GINASIO PAROQUIAL);RUA CORONEL JOSE DANTAS, SN
PEDRA BRANCA;59;1;SANTA URSULA;E.E.F. ESCOLA BENICIO VIEIRA CAVALCANTE;AV SABINO VIEIRA CAVALCANTE 176
IBIAPINA;73;22;CENTRO;ESCOLA MONSENHOR MELO (ESTADUAL);AV PEDRO FERREIRA DE ASSIS 284
CARIRIAÇU;71;114;MIRAGEM;POSTO DE SAÚDE DO SÍTIO JARDIM;SÍTIO JARDIM
VÁRZEA ALEGRE;62;251;GROSSOS;EEF MARIA ANÉSIA FERREIRA LIMA;AVENIDA LÚCIA CORREIA, S/N
FORTALEZA;113;254;PARQUELÂNDIA;EEFM SANTO AFONSO;RUA GAL. BERNARDO FIGUEIREDO, 2670
BATURITÉ;5;160;SANHARAO-SEDE;INSTITUTO FEDERAL DE EDUCAÇÃO, CIÊNCIA E TECNOLOGIA IFCE;RUA OUVIDOR MOR VITORINO SOARES BARBOSA, 160
JUAZEIRO DO NORTE;28;330;JUVENCIO SANTANA;EEF PREFEITO JOSE MONTEIRO DE MACEDO;RUA SAO SALVADOR, 104
QUIXERAMOBIM;11;73;LACERDA;ESCOLA VICENTE DE CASTRO;VILA DE LACERDA
TABULEIRO DO NORTE;91;79;LAGOA DO PEIXE;ASSOCIAÇÃO DOS MORADORES DA LAGOA DO PEIXE;SITIO LAGOA DO PEIXE
AMONTADA;89;97;CENTRO;EEM RITA ESTELITA DOS SANTOS RODRIGUES;AV GAL ALÍPIO DOS SANTOS 1020
BARBALHA;31;1;CENTRO;COLÉGIO DOM BOSCO OBJETIVO (CENTRO);RUA ADÃO APOLINÁRIO, S/N
FORTALEZA;116;335;GRANJA PORTUGAL;EM JOSE CARLOS MATOS;RUA ITAJAI 802
BREJO SANTO;70;17;ARAUJÃO;UNIVERSIDADE FEDERAL DO CARIRI - UFCA;RUA OLEGÁRIO EMÍDIO DE ARAÚJO, S/N
BREJO SANTO;70;247;ALTO DA BELA VISTA;CEI ROSA ROBERTO;ALTO DA BELA VISTA
FORTALEZA;93;156;PREFEITO JOSÉ WALTER;CUCA JOSÉ WALTER;RUA 69, S/N
ACARAÚ;30;66;ZONA RURAL;ESCOLA MANOEL EDGAR DA SILVEIRA;CAUASSU
MILAGRES;26;43;SITIO CARNAUBA;ESCOLA JOSE RODRIGUES BEZERRA;SITIO CARNAUBA
FORTALEZA;95;179;CAJAZEIRAS;DNIT;RODOVIA BR-116, KM 06
SANTANA DO ACARAÚ;44;124;ALTO DA LIBERDADE;ESCOLA DE ENSINO FUNDAMENTAL SANTA TEREZINHA;PRACA DA LIBERDADE S/N
JUCÁS;43;51;CENTRO - SEDE;ESCOLA DE ENSINO MÉDIO LUIZA TAVORA;RUA HILDELY CAVALCANTE 120
ICÓ;15;24;CENTRO - SEDE;ESCOLA MUNICIPAL SENHOR DO BONFIM;RUA FRANCISCO MACIEL DA SILVA, 2557
ICÓ;15;163;NOVO CENTRO - SEDE;EEMTI - PADRE JOSÉ ALVES DE MACÊDO;AV. FRANCISCO CAETANO DANTAS, S/N
FORTALEZA;82;384;ÁLVARO WEYNE;COLÉGIO MENINO JESUS DE PRAGA;RUA ANA FACÓ, 140
FORTALEZA;113;242;RODOLFO TEÓFILO;EEFM FÉLIX DE AZEVEDO;RUA MONSENHOR FURTADO, 757
VÁRZEA ALEGRE;62;259;BETÂNIA;EEP JOSÉ IRAN COSTA;RUA MUNDINHO PROTO, S/N
SOBRAL;121;67;ARACATIAÇU;EEMTI ISRAEL LEOCADIO DE VASCONCELOS;PRACA DA VARZEA, 479 - ARACATIAÇU
BREJO SANTO;70;155;SAO SEBASTIAO-SEDE;ESCOLA MUNICIPAL JUCA LINO;RUA DA TELECEARA S/N
ORÓS;15;231;CENTRO;E.E.F. ELISEU BATISTA;AV. JOSÉ GABRIEL BEZERRA,300
MULUNGU;5;163;CENTRO-SEDE;EEMTI PROFESSOR MILTON FACANHA ABREU;PRACA COLETOR BEZERRA BORGES 292
FORTALEZA;83;118;DOM LUSTOSA;ESCOLA MUNICIPAL MURILO SERPA;RUA MONSENHOR HIPOLITO BRASIL 1400
PACAJUS;49;95;UMARI DO MEIO;EEF FRANCISCO COSME DA SILVA;UMARI
ICÓ;15;112;CABOCLO - SITIO;IGREJA SÃO MIGUEL ARCANJO;SITIO CABOCLO
BEBERIBE;84;104;SEDE;ESCOLA MUNICIPAL NOSSA SENHORA DA MEMÓRIA;PONTA D'AGUA 3
BELA CRUZ;96;43;MATRIZ-LOCALIDADE;EMEIEF FRANCISCO ROMAO;MATRIZ
JUAZEIRO DO NORTE;119;442;SANTA TEREZA;ESCOLA ADAUTO BEZERRA (SEGUNDO GRAU);CASTELO BRANCO SN
QUIXERAMOBIM;11;105;SEDE RURAL;ESCOLA JOSE ANTONIO DE ALMEIDA;BELO NORTE
CAUCAIA;37;560;TABAPUAZINHO;E.E.I.E.F. DONA LAVÍNIA DE MEDEIROS;RUA GIZELDA MAGALHÃES, 2394 - TABAPUAZINHO
MASSAPÊ;45;30;ZONA RURAL;CENTRO COMUNITARIO FRANCISCO CANUTO;DISTRITO DE MUMBABA DE BAIXO
FORTALEZA;112;490;SAPIRANGA-COITÉ;EM PROFª ALDACI BARBOSA;RUA OLEGARIO MEMORIA, 1257
FORTALEZA;85;200;CONJUNTO CEARÁ I;EMEIF EDILSON BRASIL SOAREZ - UV 3;RUA 303D, N 67, 2 ETAPA
SÃO BENEDITO;22;237;MONS. OTALICIO;LICEU - JOAO ALMIR DE FREITAS BRANDAO;AVENIDA TABAJARA S/N
TRAIRI;97;54;CENTRO;EEB RAIMUNDO NONATO RIBEIRO;RUA RAIMUNDO NONATO RIBEIRO
ERERÉ;10;107;ZONA RURAL;E.E.F. HERMINIA ALVES PEREIRA;DISTRITO DE TOMÉ VIEIRA
FORTALEZA;113;375;MONTESE;CENTRO DE ENSINO GRAU TÉCNICO;RUA BARÃO DE SOBRAL, N.712
JUCÁS;43;54;VILA JOSÉ BENTO - SEDE;ESCOLA DE ENSINO FUNDAMENTAL  AUREA LEAL;VILA JOSE BENTO 170
FORTALEZA;112;408;EDSON QUEIROZ;COLEGIO ARI DE SA CAVALCANTE WS;AV WASHINGTON SOARES, 3737
ITAPAJÉ;41;45;ESMERINO GOMES;EEEP ADRIANO NOBRE;RUA ODILON FERREIRA GOMES, 475.
MILAGRES;26;134;CENTRO;CENTRO DE EDUCAÇÃO INFANTIL NOVO ESPAÇO DA CRIANÇA;RUA ABÍLIO CRUZ
QUIXADÁ;6;106;SÃO JOÃO DOS QUEIROZ;EEF JOÃO GONÇALVES DA ROCHA;SÃO JOÃO DOS QUEIROZ, S/N
APUIARÉS;50;19;ZONA RURAL;EEF MIGUEL SOARES GUIMARÃES;VILA SOARES
QUIXADÁ;6;244;TAPUIARA;EEF GUARUJÁ;GUARUJÁ, S/N
ICAPUÍ;8;134;CENTRO;EEF. PROFESSORA MIZINHA;AV. 22 DE JANEIRO 5183
BOA VIAGEM;63;13;CENTRO-SEDE;EEF PE ANTONIO CORREIA DE SA;RUA JOSE RANGEL DE ARAUJO 22
VÁRZEA ALEGRE;62;19;CENTRO;EEF DR. PEDRO SÁTIRO;RUA PADRE JOSE OTAVIO. SN
FORTALEZA;113;138;JARDIM AMÉRICA;EEFM ESTADO DO PARANÁ;RUA ALBERTO MAGNO, 123
ITAPAJÉ;41;91;PADRE LIMA;E.E.M. MONSENHOR CATAO PORFIRIO SAMPAIO;RUA TEIXEIRA PINTO 136
UMARI;15;205;CENTRO - SEDE;ESCOLA DE ENSINO MÉDIO MONSENHOR MANOEL CARLOS DE MORAIS;RUA DOM QUINTINO 289
BREJO SANTO;70;59;MUQUEM-SEDE;CENTRO DE EDUCACAO RURAL JONAS ALVES DA COSTA;SITIO MUQUEM
BREJO SANTO;70;170;SITIO OITIZEIRO;CEI EXTENSÃO DO JOAQUIM FURTADO;SITIO OITIZEIRO
MASSAPÊ;45;47;ZONA RURAL;GE JOSE ESTEVAO VASCONCELOS;POVOADO DE IPAGUACUMIRIM
FORTALEZA;112;492;SAPIRANGA-COITÉ;EM PROFª ALDACI BARBOSA;RUA OLEGARIO MEMORIA, 1257
MARACANAÚ;122;154;LUZARDO VIANA;EMEF NAPOLEAO BONAPARTE VIANA;RUA NAPOLEAO BONAPARTE VIANA 410
FORTALEZA;112;295;ENGENHEIRO LUCIANO CAVALCANTE;ESCOLA DE ENSINO MÉDIO EM TEMPO INTEGRAL JOHNSON;RUA GONTRAN GIFFONI, 461
FORTALEZA;112;497;CIDADE DOS FUNCIONÁRIOS;COLEGIO MASTER SUL;RUA BENJAMIM MOURA, 631
NOVO ORIENTE;99;164;ZONA RURAL;UBS - ANTONIO ALVES DE MOURA;SUSSUARANA
FORTALEZA;116;465;GRANJA LISBOA;EM JOAO MENDES DE ANDRADE;RUA B (CJ PALMARES), 1366
JUAZEIRO DO NORTE;28;478;AREA RURAL DE JUAZEIRO DO NORTE;EMEIF NOSSA SENHORA DE FATIMA;SITIO UMARI
ACARAÚ;30;375;PAULO VI;ESCOLA DEPUTADO JOSÉ FILOMENO;RUA CAPITÃO DIOGO LOPES SN
NOVA OLINDA;53;31;CENTRO;SECRETARIA MUNICIPAL DE SAÚDE;RUA ALVIM ALVES, SN
BATURITÉ;5;37;SANHARAO-SEDE;INSTITUTO FEDERAL DE EDUCAÇÃO, CIÊNCIA E TECNOLOGIA IFCE;RUA OUVIDOR MOR VITORINO SOARES BARBOSA, 160
MADALENA;63;197;SEDE;EEF MARGARIDA ALVES;PAUS BRANCOS
PALMÁCIA;4;156;GADO DOS FERROS;CERU PREFEITA FELISMINA CAMPELO MACAMBIRA;GADO DOS FERROS
JAGUARUANA;75;29;FIGUEIREDO DO EPIFANIO;E.E.F. JOAQUIM VENANCIO;FIGUEIREDO
SÃO BENEDITO;22;90;SITIO SAO VICENTE;EEF FRANCISCO RODRIGUES DE MEDEIROS;SITIO SÃO VICENTE
QUIXADÁ;6;180;JUÁ;EEF PEDRO RODRIGUES FILHO;JUA - SEDE, S/N
FORTALEZA;93;223;PREFEITO JOSÉ WALTER;CEI FRANCISCO SALES FERNANDES;AV K, S/N
CANINDÉ;33;324;BONITO DISTRITO;EEM.FILHA DA LUTA PATATIVA DO ASSARÉ;ASSENTAMENTO SANTANA DA CAL
FORTALEZA;83;33;BELA VISTA;EEMTI ESTADO DO AMAZONAS;RUA MONSENHOR FURTADO 2327
FORTALEZA;3;271;CENTRO;FAC. CATÓLICA DE FORTALEZA (SEMINÁRIO DA PRAINHA);RUA TENENTE BENÉVOLO, 201
PARACURU;109;48;CAMPO DE AVIAÇÃO;E. M. E. I. F. PROFESSORA MARIA ALBUQUERQUE LIMA - DINA;AV. SAO JOAO EVANGELISTA, 385
FORTALEZA;94;911;QUINTINO CUNHA;EMEIEF PROF DENIZARD MACEDO DE ALCÂNTARA;RUA MATOSO FILHO 450
ASSARÉ;18;41;CENTRO;ESCOLA DE ENSINO FUNDAMENTAL RAUL ONOFRE;RUA PADRE EMILIO CABRAL SN     ASSARE
EUSÉBIO;88;97;TIMBU;EEF EDUARDO ALVES RAMOS;ESTRADA DO FIO, 3603 - TIMBU
TIANGUÁ;81;126;ÁREA RURAL DE TIANGUÁ;E.E.F. JUVENAL GONÇALVES ARAGÃO - ANEXO MARIA ANIR;SÍTIO LAGOA DOS BITONHOS
MERUOCA;24;574;Centro;EEFM - MONSENHOR JOSE FURTADO;AV CARLOS DAVI, 136
JUAZEIRO DO NORTE;119;144;PIRAJA;ESCOLA IZABEL DA LUZ;AV. AILTON GOMES S/N
MERUOCA;24;675;Sítio Palmeiras;EEFI MURILO PIO FERNANDES;CE-440 (AV. IRINEU COUTINHO)
CARIRÉ;65;2;CENTRO;SECRETARIA  DE EDUCACAO DE CARIRÉ;RUA BELARMINA RODRIGUES S/N
LIMOEIRO DO NORTE;29;121;CENTRO;LICEU DE ARTES E OFICIOS (ESC CONSTRUINDO CONHECIMENTO);RUA CORONEL FRANCISCO REMIGIO 329
MORADA NOVA;47;13;CENTRO;CENTRO EDUCACIONAL MONSENHOR TABOSA;AV. MANOEL CASTRO, 440
ITATIRA;33;370;ZONA RURAL;EMEF JOSE AUGUSTO DA SILVA;BANDEIRA VELHA
MARANGUAPE;4;526;NOVO PARQUE IRACEMA - MARANGUAPE;EMEF NILO PINHEIRO CAMPELO;RUA NILO CAMPELO, 48
JUCÁS;43;142;SÃO PEDRO DO NORTE - VILA;ESCOLA DE 1 GRAU DOM JOSE MAURO;RUA JOSE NORBERTO DE SOUSA S/N
TRAIRI;97;77;VIEIRA DOS CARLOS;E. 1º GRAU CARLOS FERREIRA BARBOSA;VIEIRA DOS CARLOS
BARBALHA;31;91;ALTO DA ALEGRIA;EEF MARIA ALACOQUE BEZERRA DE FIGUEIREDO (ALTO DA ALEGRIA);RUA JOSE QUENTAL, 25 - ALTO DA ALEGRIA
AIUABA;101;77;BOM NOME;GRUPO ESCOLAR JOSE ALVES DE OLIVEIRA;RUA DUQUE DE CAXIAS SN
JUAZEIRO DO NORTE;28;375;HORTO;EMEI DAYSE SAMPAIO;RUA BOM JESUS DO HORTO, SN
FORTALEZA;85;101;AUTRAN NUNES;EEMTI RAIMUNDO GOMES DE CARVALHO;RUA RAIMUNDO RIBEIRO, 400
MORADA NOVA;47;32;CENTRO;CEMER-COLEGIO ESTADUAL MARIA EMILIA RABELO;AV MANOEL CASTRO, 619
SÃO JOÃO DO JAGUARIBE;91;141;CENTRO;EEF FRANCISCO GUERREIRO CHAVES;RUA CANDIDO CHAVES S/N
FRECHEIRINHA;81;274;CENTRO;ESCOLA DE ENSINO MÉDIO ANTONIO CUSTODIO;RUA TENENTE EUFRASIO, 133 - CENTRO
AMONTADA;89;211;ÁREA RURAL DE AMONTADA;EEB ANASTACIO TABOSA BRAGA;MISSI
FORTALEZA;85;314;GENIBAÚ;ESCOLA MUNICIPAL DEP MURILO AGUIAR;RUA 24 DE OUTUBRO 655
FORTALEZA;82;360;SÃO GERARDO;COLÉGIO MASTER - BEZERRA DE MENEZES;AV. BEZERRA DE MENEZES, 1802
FORTALEZA;82;425;CRISTO REDENTOR;EM SANTA TEREZA;AV. MONSENHOR HÉLIO CAMPOS, 90
FORTALEZA;112;481;SAPIRANGA-COITÉ;EM PROFª ALDACI BARBOSA;RUA OLEGARIO MEMORIA, 1257
TABULEIRO DO NORTE;91;94;CENTRO;EMEF NOSSA SENHORA DE FÁTIMA;RUA JOÃO FERREIRA BRAÚNA, 191
ICÓ;15;122;BOQUEIRAO - SITIO;ESCOLA MUNICIPAL BERNARDINHO PEREIRA;SITIO BOQUEIRAO S/N
PIQUET CARNEIRO;12;26;CENTRO;SECRETARIA MUNICIPAL DE SAÚDE;RUA CÍCERO ALENCAR, S/N (PRAÇA DA MATRIZ)
FORTALEZA;94;519;QUINTINO CUNHA;INSTITUTO PEDAGÓGICO MIRASSOL;RUA FRANCISQUINHA PORTELA, 2904
SÃO BENEDITO;22;197;SITIO XIQUE XIQUE;EEF XIQUE XIQUE;SITIO XIQUE XIQUE
PARAMBU;19;372;MONTE SION;ESCOLA ANTÔNIO ALVES DA SILVA;SERRA DAS MOÇAS
TRAIRI;97;159;FLEIXEIRAS;EEF FURTUNATO SEVERIANO DA COSTA;FLEIXEIRAS
JUAZEIRO DO NORTE;28;32;SALGADINHO;EEMTI ALAÍDE SILVA SANTOS;RUA JOSE CAETANO DO SALGADINHO
ASSARÉ;18;38;CENTRO;ESCOLA  DE ENSINO FUNDAMENTAL E MEDIO RAIMUNDO MOACIR DE ALENCAR MOTA;RUA PADRE EMILIO CABRAL 538
ITAPAJÉ;41;211;PADRE LIMA;E.E.M. MONSENHOR CATAO PORFIRIO SAMPAIO;RUA TEIXEIRA PINTO 136
PEREIRO;10;157;SITIO CHABOCAO;GRUPO ESCOLAR MIGUEL ANTONIO DA ROCHA;SITIO CHABOCAO
CARIÚS;43;171;SITIO BARRA DO FELIPE;EEIF JOAO FERREIRA DE SOUSA;SITIO BARRA DO FELIPE
MARANGUAPE;4;48;GUABIRABA - MARANGUAPE;CEI ISAURINHA DIÓGENES;RUA NAPOLEÃO LIMA, 780
SANTA QUITÉRIA;54;236;PRIMAVERA;E. E. F. LUIZ DERMEVAL DE ANDRADE;BAIRRO PRIMAVERA BOTA FOGO
CHORÓ;6;357;CENTRO;CEM DOM BOSCO;RUA ILDA BEZERRA PIANCÓ, 169, CENTRO
MARCO;96;108;CENTRO-SEDE;EEMTI RICARDO DE SOUSA NEVES;RUA RIOS 815
RUSSAS;9;69;CENTRO;ESCOLA DE ENSINO MÉDIO MANOEL MATOSO FILHO;AVENIDA MARIA RAMALHO, 336
PEDRA BRANCA;59;78;MINEIROLANDIA;ESCOLA DE ENSINO FUNDAMENTAL CEL RAIMUNDO GONCALVES;SITIO SILVESTRE
UMIRIM;23;232;CENTRO-SEDE;CRECHE DONA MARIA DE ARAUJO CARNEIRO;RUA NOSSA SENHORA DA NATIVIDADE SN
CEDRO;13;498;SANTO ANTÔNIO;ESCOLA DE ENS FUND ANTONIO LAURENIO DE OLIVEIRA;DT SANTO ANTONIO
SANTA QUITÉRIA;54;181;POVOADO PICOS DE BAIXO;ESCOLA COSME E DAMIÃO;POVOADO PICOS DE BAIXO
FORTALEZA;113;394;MONTESE;IMPARH;AV JOAO PESSOA, 5.609
MONSENHOR TABOSA;61;112;CENTRO;E.E.M.T.I GOVERNADOR ADAUTO BEZERRA;RUA SAO SEBASTIÃO N 39 - PERTO DA CADEIA PÚBLICA
MARANGUAPE;4;394;NOVO MARANGUAPE I (ÁREA VERDE) - MARANGUAPE;EMEF JOSÉ FERNANDES VIEIRA;RUA PEDRO MOREIRA VASCONCELOS, 125
FORTALEZA;82;621;PIRAMBU;ESCOLA MUNICIPAL SÃO CURA D'ARS;RUA SANTA ELISA, 722
IBIAPINA;73;31;CENTRO;ESCOLA ROSA MARTINS CAMELO MELO;RUA PADRE IBIAPINA
FORTALEZA;115;288;SERRINHA;COLEGIO DUQUE DE CAXIAS;RUA  PERU, 1675
FORTALEZA;95;226;PEDRAS;EM FRANCISCA ORIA SERPA;RUA JORGE FIGUEIREDO, 3652
FORTALEZA;83;798;JÓQUEI CLUBE;COLÉGIO LUCÊ;RUA CUIABA 155
JAGUARIBE;10;32;CENTRO;COLEGIO CLOVIS BEVILAQUA;AV. OITO DE NOVEMBRO 443
BARREIRA;52;39;LAGOA GRANDE;UBS MARÍA RODRIGUES DA SILVA ;CRUZ
TAUÁ;19;42;CENTRO;ESCOLA MUNICIPAL DE 1 GRAU JORGE MASSILON;AV ODILON AGUIAR S/N
FORTALEZA;83;238;PANAMERICANO;ESCOLA MUNICIPAL JOSÉ BATISTA DE OLIVEIRA;RUA GOIÁS 620
MASSAPÊ;45;94;ZONA RURAL;CRECHE JOSE PEREGRINO DE SOUZA;DISTRITO DE TUÍNA
FORTALEZA;113;179;BENFICA;FACULDADE DE PSICOLOGIA DA UFC;AV. DA UNIVERSIDADE, 2762
FORTALEZA;83;697;HENRIQUE JORGE;CENTRO EDUCACIONAL BRASILEIRINHO;AVENIDA SENADOR FERNANDES TÁVORA, 1717
SÃO BENEDITO;22;196;MONS. OTALICIO;LICEU - JOAO ALMIR DE FREITAS BRANDAO;AVENIDA TABAJARA S/N
MOMBAÇA;46;109;TEJUBANA;ESCOLA DE ENSINO FUNDAMENTAL JOSÉ JAIME BENEVIDES;AV. ANTONIO NONATO DE CARVALHO
FORTALEZA;94;646;QUINTINO CUNHA;EEMTI MARIA JOSÉ SANTOS FERREIRA GOMES (CERE);RUA DONA LUCIA PINHEIRO, 93
ICÓ;15;134;CENTRO - SEDE;ESCOLA MUNICIPAL MARIA IRISMAR MACIEL MOREIRA;RUA SAO GERALDO S/N
TRAIRI;97;147;EMBOACA;EEF NOSSA SENHORA DA SAUDE;EMBOACA
ACARAPE;52;151;CENTRO;ESCOLA JOSÉ NEVES DE CASTRO;RUA CHICO VIEIRA, SN
MORADA NOVA;47;72;ARUARU;CENTRO EDUCACIONAL INFANTIL MARIA NADIR BARBOSA;JOSE ANGELO S/N
POTENGI;68;42;CENTRO;GRUPÃO - EEF ANTONIO DE FIGUEIREDO TAVEIRA - SEDE;RUA ALMINO ALENCAR S/N
TAUÁ;19;132;CARRAPATEIRAS;ESCOLA FRANCISCO FERREIRA DE SOUSA;OLHO DAGUINHA
ICÓ;15;32;CENTRO - SEDE;CEJA - ANA VIEIRA PINHEIRO;RUA DONA ALDERY, 324
ICÓ;15;176;SITIO TATAJUBA;ESCOLA MUNICIPAL JOÃO XXIII;SITIO TATAJUBA
ITATIRA;33;199;DISTRITO DE LAGOA DO MATO;CRECHE JOSÉ AUGUSTO LOBO;RUA JOÃO AUGUSTO LOBO S/N
FORTALEZA;80;240;TAUAPE;EEFM NOEL HUGNEN OLIVEIRA PAIVA;RUA MONSENHOR SALAZAR 279
FORTALEZA;94;541;QUINTINO CUNHA;INSTITUTO PEDAGÓGICO MIRASSOL;RUA FRANCISQUINHA PORTELA, 2904
AQUIRAZ;66;207;TELHA-CAMARA;EMEF JOSE RODRIGUES MONTEIRO;RUA ANGELO RODRIGUES MONTEIRO 882
OCARA;67;275;SERRAGEM-DISTRITO;IGREJA BATISTA SHALON JERUSALEM;LAGOA DAS MELANCIAS BR 116
FORTALEZA;113;311;RODOLFO TEÓFILO;EEFM FÉLIX DE AZEVEDO;RUA MONSENHOR FURTADO, 757
FORTALEZA;115;310;ITAPERI;EM PROJETO NASCENTE;RUA CAMPO MAIOR, S/N
SOBRAL;121;326;SINHÁ SABÓIA;ESCOLA CARLOS JEREISSATI;AV SENADOR FERNANDES TAVORA, 950
FORTALEZA;95;253;BARROSO;EMEIEF OTAVIO DE FARIAS;RUA JOAO FERREIRA, S/N
JUAZEIRO DO NORTE;119;112;SANTA TEREZA;COLÉGIO MILITAR DE JUAZEIRO DO NORTE;CASTELO BRANCO SN
PENTECOSTE;50;106;SEBASTIÃO DE ABREU;EMTI PREFEITO JOÃO GOMES DA SILVA;AVENIDA LEOPOLDO RAMOS - SERROTA
IPU;21;80;DISTRITO;EEMTI ANTONIO PEREIRA DE FARIAS;VARZEA DO GILO
QUIXERAMOBIM;11;104;BERILANDIA;ESCOLA JONAS GONZAGA DE SOUSA;BERILANDIA
MORAÚJO;64;46;CENTRO;MORAÚJO - ESCOLA ESTADUAL HUET ARRUDA;TRAVESSA CECÍLIA FREIRE, S/N - CENTRO
ERERÉ;10;122;ZONA RURAL;E.E.F. PRUDENCIO PESSOA DE QUEIROZ;VILA SÃO JOÃO
PARACURU;109;29;POÇO DOCE;E. M. E. I. F. RUFINO VIEIRA;RUA RUTH FELIX, S/N
CHOROZINHO;49;247;LEIROES;EEM DR WLADIMIR RORIZ;RUA DR LUIS COSTA SN
TAUÁ;19;196;INHAMUNS;EPG ANA ROSA DO BONFIM;ZACARIAS
FORTALEZA;95;176;PARQUE SANTA MARIA;EEMTI POETA OTACILIO COLARES;RUA JORGE DA VEIGA, 265
JARDIM;119;287;CENTRO;ESCOLA GOV. ADAUTO BEZERRA;AV WILSON RORIZ 1334
FORTALEZA;94;335;JARDIM GUANABARA;CMES PROF JOSE REBOUCAS MACAMBIRA;RUA CARIÚS 200
QUIXERAMOBIM;11;216;SEDE RURAL;ESCOLA OSVALDO MARTINS DE ALMEIDA;AROEIRAS
EUSÉBIO;88;202;CENTRO;EEM ANA BEZERRA DE SA;AV AIRTON SENA, 130 - CENTRO
IBIAPINA;73;44;DISTRITO DE SANTO ANTONIO DA PINDOBA;ESCOLA JOÃO VAZ DE AGUIAR;DISTRITO DE SANTO ANTONIO DA PINDOBA
PARAMBU;19;402;COCOCI;ESCOLA JOSÉ LEOPOLDO DE ARAÚJO FEITOSA;MARINGÁ
FORTALEZA;112;362;GUARARAPES;CENTRO UNIVERSITARIO ESTACIO DO CEARA VIA CORPVS;RUA ELISEU UCHÔA BECO, 600
FORTALEZA;85;108;CONJUNTO CEARÁ I;CEJA ADELINO DE ALCANTARA FILHO - UV-6;RUA SEISCENTOS E DOZE, 100, 1A ETAPA
TABULEIRO DO NORTE;91;5;CENTRO;EEI RAQUEL MONTEIRO CHAVES;RUA ACELINO MAIA, 3873
ICAPUÍ;8;129;IBICUITABA;ESCOLA DE 1 GRAU PROFA CARLOTA TAVARES DE HOLANDA;IBICUITABA
FORTALEZA;116;197;GRANJA LISBOA;EM PROF LIREDA FACO;RUA TRES CORACOES 735
MARACANAÚ;104;211;CENTRO;SECRETARIA DE EDUCACAO;RUA CAPITAO VALDEMAR DE LIMA, 202
PEDRA BRANCA;59;35;CENTRO;ESCOLA DE ENSINO FUNDAMENTAL E MEDIO FRANCISCO VIEIRA CAVALCANTE;RUA JOAQUIM CAVALCANTE 55
MOMBAÇA;46;157;MORADA NOVA;ESCOLA DE ENSINO FUNDAMENTAL JOSÉ AIRES TEIXEIRA;SÍTIO MASSAPÊ
FORTALEZA;112;387;EDSON QUEIROZ;ESCOLA MUNICIPAL TEMPO INTEGRAL PROFESSOR ÁLVARO COSTA ;RUA ADOLFO MOREIRA, S/N
FORTALEZA;95;323;BARROSO;EM PROFESSORA MARIA ANTONÉZIA MEIRELES E SÁ;RUA CORONEL VIRGÍLIO TÁVORA, 1340
AMONTADA;89;145;MOSQUITO;EEBTI PROF VALTER RIBEIRO DE MELO;MOSQUITO
FORTALEZA;85;335;ANTÔNIO BEZERRA;EMEIF GERARDO MILTON DE SA;RUA VALE COSTA S/N
CARIRÉ;65;51;ZONA RURAL;ESCOLA EIEF CEL. JOAO FERNANDES;JURE
CATARINA;60;260;SEDE;EEF JULIO TOME DE SOUSA;FECHADO
FORTALEZA;82;115;CRISTO REDENTOR;CCDH - CENTRO DE CIDADANIA E DIR. HUMANOS - GOV. VIRGÍLIO TÁVORA;AV. MONSENHOR HELIO CAMPOS, 178
MARANGUAPE;4;100;AMANARI;EMEF MATIAS BECK;RUA TEIXEIRA DE SOUSA, 23
CRUZ;30;401;ZONA RURAL;ESCOLA ANTÔNIO GREGÓRIO DO NASCIMENTO;BELÉM
ASSARÉ;18;97;ZONA RURAL;ESCOLA CICERO RODRIGUES DA FONSECA;SITIO BAIXA QUEIMADA - ZONA RURAL
MAURITI;76;148;SEDE;EEF ANTONIO FURTADO DE OLIVEIRA;SITIO FURTUNA
JAGUARIBE;10;53;CENTRO;E.E.F.M. RAUL BARBOSA;AV OITO DE NOVEMBRO 521
GUAIÚBA;57;346;SANTO ANTONIO;CRAS JOSE FERREIRA DA FROTA;RUA SAO CRISTOVAO, S/N
FORTALEZA;95;138;JANGURUSSU;EMTI PROFESSOR ANTONIO GIRAO BARROSO;RUA VERDE 37, S/N (CJ SITIO SAO JOAO)
FORTALEZA;95;315;CONJUNTO PALMEIRAS;EM PROFESSORA MARIA DO SOCORRO FERREIRA VIRINO;RUA MODESTA, 44
JUCÁS;43;43;CENTRO - SEDE;ESCOLA DE ENSINO MÉDIO LUIZA TAVORA;RUA HILDELY CAVALCANTE 120
PARACURU;109;2;CENTRO;E. M. E. F. ANTONIO SALES;RUA CAP JOSE TELES, S/N
PACAJUS;49;139;CONJUNTO COHAB;EEF MARIA VALCIRA NUNES NOGUEIRA;AV TEREZINHA LOPES MARTINS 34
RUSSAS;9;317;FLORES;ESCOLA DE ENSINO FUNDAMENTAL E MEDIO MARIA DE LOURDES DE OLIVEIRA;RUA JOSE SABINO MENDES 2313
ICÓ;15;104;SANTA CRUZ DA SERRA - DISTRITO;ESCOLA MUNICIPAL  WALFRIDO MONTEIRO SOBRINHO;RUA EVILASIO BARBOSA S/N
FORTALEZA;116;324;GRANJA LISBOA;EEEP ICARO DE SOUSA MOREIRA - LICEU DO BOM JARDIM;RUA JOSE MARTINS, 2246
FORTALEZA;80;144;TAUAPE;COLÉGIO MONSENHOR JOVINIANO BARRETO - INFANTIL;RUA FREI VIDAL, 1680
NOVA OLINDA;53;37;CENTRO;EMEF ANA FERREIRA DO NASCIMENTO;AV. PERIMETRAL SUL,  SN
CANINDÉ;33;311;ZONA RURAL;EMEF FRANCISCO JOSE;RUA FRANCISCO JOSE, S/N CAIÇARA
CAUCAIA;37;487;PARQUE SOLEDADE;E.E.F. CORALIA GONZAGA SALES;RUA NAPOLEAO BONAPARTE VIANA, S/N
FORTALEZA;95;106;CONJUNTO PALMEIRAS;EEFM DOUTORA ALDACI BARBOSA;RUA VALPARAISO, 155
CANINDÉ;33;224;IMACULADA CONCEIÇÃO;EEEP CAPELAO FREI ORLANDO;RUA PAULINO BARROSO, 1289
MAURITI;76;14;PALESTINA DO CARIRI-DISTRITO;EEF OSSIAN ARARIPE;VILA DNOCS
SOBRAL;121;104;CENTRO;CENTRO EDUCACIONAL MARIA IMACULADA(PATRONATO);RUA CONSELHEIRO JOSE JULIO, 145
AQUIRAZ;66;56;TELHA-CAMARA;CEI ALDENORA CARDOSO PORTO;RUA JOSE AMORA MOREIRA, S/N
BOA VIAGEM;63;247;CAPITAO MOR;EEF FRANCISCO JOSE VIEIRA;RUA CE. LUÍS AMARO BEZERRA, S/N
ARACATI;8;289;CENTRO;COLEGIO MARISTA DE ARACATI;PRAÇA SÃO MARCELINO CHAMPAGNAT, 1
ICÓ;15;120;CASCUDO - SITIO;ESCOLA MUNICIPAL CASEMIRO PEQUENO;SITIO CASCUDO S/N
IPUEIRAS;40;151;BOA VISTA;EEF GONÇALO DUARTE RIBEIRO - BOA VISTA;BOA VISTA
BOA VIAGEM;63;258;VILA HOLANDA - SEDE;EEF DELFINA VIEIRA DA SILVA;RUA JOAO ABREU DE LIMA - 220
FORTALEZA;95;282;PARQUE SANTA MARIA;EMEIF JOSÉ MOREIRA LEITÃO;RUA HONORINO MAIA, 467
FORTALEZA;112;396;SAPIRANGA-COITÉ;EEMTI PROFESSORA TECLA FERREIRA;RUA FRANCISCA BEZERRA, 417
ITAITINGA;78;351;BARROCÃO;CEI - CENTRO DE EDUCAÇÃO INFANTIL DO BAIRRO BARROCÃO;RUA UM, N. 221, BARROCÃO 
CRATO;27;60;SÃO MIGUEL;SECRETARIA DE AÇÃO SOCIAL - SAS;AVENIDA PERIMETRAL DOM FRANCISCO S/N
JUAZEIRO DO NORTE;119;372;PREFEITO CARLOS ALBERTO DA CRUZ;URCA - CAMPUS CRAJUBAR (TRIÂNGULO);AVENIDA LEÃO SAMPAIO, 107
GUAIÚBA;57;301;SANTO ANTONIO;ESCOLA DE EDUCAÇÃO BASICA SANTO ANTONIO;RUA JOAQUIM DIAS DA CUNHA, S/N
FORTALEZA;3;512;CENTRO;CENTRO DE PASTORAL MARIA, MÃE DA IGREJA;RUA RODRIGUES JÚNIOR, 300
FORTALEZA;3;272;CENTRO;FAC. CATÓLICA DE FORTALEZA (SEMINÁRIO DA PRAINHA);RUA TENENTE BENÉVOLO, 201
SÃO JOÃO DO JAGUARIBE;91;116;CENTRO;EEF 1 GRAU CHIQUINHO RODRIGUES;RUA CONEGO CLIMERIO CHAVES 269
RERIUTABA;79;248;SÃO JOSÉ DOS DOROTEUS;E.E.F. RAIMUNDO DOROTEUS PEREIRA;RUA SÃO JOSÉ DOS DOROTEUS
VÁRZEA ALEGRE;62;45;RIACHO VERDE-SEDE DO DISTRITO;EEF JOSÉ SÉRGIO DA COSTA;RUA JOSÉ SÉRGIO DA COSTA, S/N
CAUCAIA;37;541;TABAPUAZINHO;E.E.I.E.F. TIO MANUEL (ANTIGO LORENA AMARAL);RUA BANABUIÚ, N 1150
SÃO BENEDITO;22;37;CENTRO-SEDE;ESCOLA DE ENSINO FUNDAMENTAL FARIAS BRITO;PRACA DOM COUTINHO 864
ACARAÚ;30;45;ZONA RURAL;ESCOLA ANCELMO JOSÉ DA SILVEIRA;CARRAPATEIRAS
ACARAÚ;30;47;ZONA RURAL;ESCOLA JOAO LOURENCO PEREIRA ROCHA;CASTELHANO
MARACANAÚ;122;229;CÁGADO;EMEIEF NARCISO PESSOA DE ARAÚJO;AV. PADRE JOSE HOLANDA DO VALE S/N
QUIXERÉ;29;261;LAGOINHA;EEIF RAIMUNDO PAULINO DE SOUSA;MARIA PRETA
PACUJÁ;79;200;CENTRO;E.E.F. SAO JOAO BATISTA;RUA VEREADOR LUÍS MANÇO MAGALHÃES, S/N
JUAZEIRO DO NORTE;119;198;JOAO CABRAL;ESCOLA IVA EMIDIO GONDIM;PIO NOROES SN
BEBERIBE;84;54;SERRA DO FELIX;ESCOLA MUNICIPAL JOSE CORDEIRO;SURUBIM
FORTALEZA;95;286;BARROSO;EM PROFESSORA MARIA ANTONÉZIA MEIRELES E SÁ;RUA CORONEL VIRGÍLIO TÁVORA, 1340
FORTALEZA;118;654;PARQUE DOIS IRMÃOS;EMTI REITOR ROBERTO CLÁUDIO FROTA BEZERRA;AVENIDA 1, S/N
EUSÉBIO;88;125;MANGABEIRA;EEM MANOEL FERREIRA DA SILVA;RUA ELIEZER PARRIAO, 105 - MANGABEIRA
BARBALHA;31;74;DISTRITO ESTRELA;EEF SEBASTIÃO SANTIAGO DA PAZ (ESTRELA);AV. JOÃO EVANGELISTA SAMPAIO, S/N (7.28266 S, 39.27629 W)
TAMBORIL;61;104;DISTRITO DE CURATIS;EMTI PAULO FREIRE;ASSENTAMENTO MONTE ALEGRE
FORTALEZA;1;937;MEIRELES;LABOMAR - UFC;AV. ABOLIÇÃO, 3207
MAURITI;76;124;SITIO VOLTA;ASSOCIAÇÃO COMUNITÁRIA DOS PRODUTORES RURAIS DO SÍTIO VOLTA;SITIO VOLTA
MILAGRES;26;48;SITIO SERRA BRAVA;ESCOLA MARIA DOS ANJOS DO ESPIRITO SANTO;SITIO SERRA BRAVA
CAUCAIA;37;450;PLANALTO CAUÍPE;E.E.I.E.F. MANOEL PERALDINO DE FREITAS;BARRA DO CAUIPE
ACARAÚ;30;284;CENTRO;EEEP MARTA MARIA GIFONNI DE SOUSA;CENTRO
TAMBORIL;61;71;DISTRITO DE SUCESSO;EMEF VENCESLAU PEREIRA DAMASCENO;RUA DO BOLA BRANCA - VILA SUCESSO
FORTALEZA;1;613;VICENTE PINZON;ESCOLA ESTADUAL MURILO BORGES;RUA DO ENTARDECER 90
MARTINÓPOLE;25;135;COHAB;E.E.F. PROFESSOR JOÃO RICARDO;RUA ARGEMIRO NEVES, 659
HIDROLÂNDIA;54;30;DISTRITO DE BETÂNIA;E.M.E.F. ANTONIA DE FREITAS VIANA;DISTRITO DE BETÂNIA
CAUCAIA;123;303;PARQUE POTIRA (JUREMA);E.E.I.E.F. ANTÔNIO ALBUQUERQUE SOUSA FILHO;RUA HERIBALDO RODRIGUES (ANTIGA RUA POTIGUARA), 488
ICÓ;15;328;CONJUNTO GAMA;E.E.E.P. DEPUTADO JOSÉ WALFRIDO MONTEIRO;RUA RAIMUNDO FERREIRA LIMA, S/N
BARBALHA;31;159;ROSÁRIO;CEI MARIA ALACOQUE SAMPAIO (ROSÁRIO);RUA PADRE JATAÍ, 05
SANTA QUITÉRIA;54;264;COHAB;ESCOLA MARIA ALMERINDA JUCÁ MAGALHÃES;CONJUNTO HABITACIONAL ANGÉLICA CATUNDA
QUIXERAMOBIM;11;116;URUQUE;ESCOLA JOSE MARINHO GOES;VILA DE URUQUE
MAURITI;76;114;COITE-DISTRITO;EEF JOÃO BATISTA MONTENEGRO;SÍTIO MACELA
SANTA QUITÉRIA;54;209;DISTRITO DE LISIEUX;E.E.M. MARIA NEUSA ARAÚJO MOURA;RUA ANTONIA BRAGA, S/N.
FORTALEZA;116;474;GRANJA LISBOA;EM JOAO MENDES DE ANDRADE;RUA B (CJ PALMARES), 1366
MARACANAÚ;104;258;JEREISSATI I;EMEIEF MARIA ÍSIS MENEZES ANDRADE;RUA ANTÔNIA ARAÚJO FERREIRA, S/N
MARACANAÚ;104;95;JEREISSATI I;EEMTI PROFESSOR ANTÔNIO MARTINS FILHO;AVENIDA III, S/N
FORTALEZA;83;61;BELA VISTA;EEMTI SENADOR FERNANDES TÁVORA;RUA GOIÁS 141
TRAIRI;97;119;SERRINHA;EEF PROFESSOR ELIZEU BARBOSA;ALTO SAO FRANCISCO
FORTALEZA;113;350;PARQUELÂNDIA;SECRETARIA EXECUTIVA REGIONAL III - FORTALEZA;AV JOVITA FEITOSA 3090
ITAPIPOCA;17;703;CENTRO;EEM JOAQUIM MAGALHÃES;RUA PERGENTINA ARAUJO S/N
ITAPIPOCA;17;513;MARINHEIROS;EEB VICENTE PRACIANO SAMPAIO;VILA DOS PRACIANOS
FORTALEZA;85;270;CONJUNTO CEARÁ I;EEFM PROF PLACIDO ADERALDO CASTELO - UV 7B;RUA SETECENTOS E VINTE E UM, 100, 3A ETAPA
ICÓ;15;186;NOVO CENTRO - SEDE;EEMTI - PADRE JOSÉ ALVES DE MACÊDO;AV. FRANCISCO CAETANO DANTAS, S/N
SALITRE;38;102;ZONA RURAL, SALITRE/CE;E.E.I.F CLEMENTINO RIBEIRO DE ALENCAR - SITIO BAIXIO DO MOCO;SÍTIO BAIXIO DO MOCO
ITAPAJÉ;41;111;PADRE LIMA;E.E.M. MONSENHOR CATAO PORFIRIO SAMPAIO;RUA TEIXEIRA PINTO 136
CAMPOS SALES;38;171;B. CENTRO;E.E.E.M.T.I - MARIA DOLORES ARRAIS - (GRUPINHO);TRAVESSA VICENTE ALEXANDRINO DE ALENCAR,297
FORTALEZA;113;229;RODOLFO TEÓFILO;EM SÃO RAIMUNDO;RUA ALEXANDRE BARAÚNA, 1450
FORTALEZA;113;218;RODOLFO TEÓFILO;COLÉGIO MANUELITO AZEVEDO;RUA TIRADENTES, 483
CAUCAIA;37;11;PARQUE SOLEDADE;COLEGIO JANUSA CORREA;RUA NOSSA SENHORA DOS PRAZERES, 238
ITAPIPOCA;17;568;CRUXATI;EEB ALONSO PINTO DE CASTRO;BETÂNIA
SOBRAL;24;299;PADRE PALHANO;EEFI MARIA JOSE FERREIRA GOMES;RUA PRESIDENTE JUSCELINO KUBITSCHEK, S/N
BARREIRA;52;22;CÓRREGO;ESCOLA MANUEL LIBERATO DE CARVALHO;CÓRREGO
BOA VIAGEM;63;83;SEDE;ASSOCIAÇÃO COMUNITÁRIA DO JANTAR;FAZENDA JANTAR
PARACURU;109;6;CENTRO;E. M. E. F. PADRE JOAO DA ROCHA;RUA DES PONTES VIEIRA, 575
MORADA NOVA;47;29;CENTRO;CEMER-COLEGIO ESTADUAL MARIA EMILIA RABELO;AV MANOEL CASTRO, 619
CANINDÉ;33;84;ZONA RURAL;EMEF MANOEL JANUARIO DE LIMA;RUA IRMÃ SIMPLICIA, S/N IPU MONTE ALEGRE
NOVO ORIENTE;99;2;CENTRO;EEB DR. ANTONIO EUFRASINO NETO;RUA LUIZ BEZERRA, S/N
JUAZEIRO DO NORTE;119;163;PIRAJA;ESCOLA DEMOSTENES RATTS BARBOSA;AILTON GOMES SN
JUAZEIRO DO NORTE;119;223;NOVO JUAZEIRO;ESCOLA TIRADENTES;CASTELO BRANCO SN
JUAZEIRO DO NORTE;119;237;JOAO CABRAL;ESCOLA JERONIMO FREIRE DOS SANTOS;VIRGINIA MENDONCA SN
FORTALEZA;116;411;BONSUCESSO;EM JOAO PAULO I;RUA LUIZ DE CASTRO 254
ITATIRA;33;496;DISTRITO DE LAGOA DO MATO;CERU - JOSÉ PAULO DE SOUSA;AV. ZEZE JUCA N 1789
BARBALHA;31;51;VILA SANTO ANTONIO;EEMTI VIRGILIO TAVORA;AV PAULO MAURICIO, 326
OCARA;67;230;CENTRO-SEDE;ESCOLA MUNICIPAL SAO MARCOS - ENSINO FUNDAMENTAL;VILA SAO MARCOS
BEBERIBE;84;42;SITIO ONOFRE;ESCOLA MUNICIPAL GERMANO JOSE DO NASCIMENTO;SITIO ONOFRE
ICAPUÍ;8;331;VILA DO INCRA;CENTRO COMUNITÁRIO DO INCRA;VILA DO INCRA - ICAPUÍ /CE
CEDRO;13;525;PEGA AVOANTE;ESCOLA DE ENS FUND ARAKEN SEDRIN DE AGUIAR;RUA SAO JOSE 1790
SOBRAL;24;440;JUVÊNCIO DE ANDRADE;EEEP DOM WALFRIDO TEIXEIRA VIEIRA (LICEU DE SOBRAL);AVENIDA PAULO DE ALMEIDA SANFORD, S/N
FORTALEZA;118;365;PARQUE DOIS IRMÃOS;EM DOUTOR ABDENAGO DA ROCHA LIMA;RUA 114, 75 (CJ TUPAN MIRIM)
MARACANAÚ;122;243;NOVO ORIENTE;EMEF JOSE DANTAS SOBRINHO;AV. CENTRAL, S/N
TRAIRI;97;43;CORREGO DOS FURTADOS;EEF SINZINA  AZEVEDO;CORREGO DOS FURTADOS
PACAJUS;49;19;BURITI;CENTRO DE EDUCACAO MUNICIPAL DE PACAJUS;RUA TABELIAO JOSE GAMA FILHO 734
FORTALEZA;112;577;GUARARAPES;CENTRO UNIVERSITARIO ESTACIO DO CEARA VIA CORPVS;RUA ELISEU UCHÔA BECO, 600
CARNAUBAL;22;145;SITIO BURITI I;EEF VITORINO RODRIGUES DE MEDEIROS;SITIO BURITI  I
IBARETAMA;6;98;ÁREA RURAL DE IBARETAMA;EEF GUSTAVO NEY DE ARAUJO CHAVES JUNIOR;SANTA BRANCA
MARACANAÚ;122;168;SIQUEIRA (siqueira 2);EMEF VALDENIA ACELINO DA SILVA;RUA IRINEU MACHADO, 1250
MAURITI;76;142;PALESTINA DO CARIRI-DISTRITO;EEF OSSIAN ARARIPE;VILA DNOCS
FORTALEZA;113;121;CENTRO;EEFM FREI LAURO SCHWARTE;RUA ANTÔNIO POMPEU, 2005
CAUCAIA;37;379;TABUBA;E.E.F. LUZIA CORREIA SALES;ESTRADA DO CUMBUCO, 3132
ACARAPE;52;190;CENTRO;CENTRO DE REFERÊNCIA DE ASSISTÊNCIA SOCIAL (CRAS);RUA CHICO VIEIRA, SN
ICÓ;15;91;SEDE URBANA;ESCOLA MUNICIPAL MANOEL ANTONIO NUNES;RUA DO CRUZEIRO S/N
FORTALEZA;85;257;ANTÔNIO BEZERRA;EEF PATRONATO DA SAGRADA FAMILIA;RUA MARTINS NETO 379
PINDORETAMA;7;179;SEDE;EMEB PROFESSORA VERÔNICA PEREIRA DE ARAÚJO;RODOVIA CE-040, S/N, PINDORETAMA
LAVRAS DA MANGABEIRA;14;23;CENTRO - SEDE;EEMTI FILGUEIRAS LIMA;RUA HILDA AUGUSTO, 429, ROSÁRIO
FORTALEZA;1;641;VARJOTA;ESCOLA ESTADUAL  BARBARA DE ALENCAR;RUA PEDRO RUFINO 38
TAMBORIL;61;1;DISTRITO DE SUCESSO;EEMTI JÁDER DE FIGUEIREDO CORREIA;RUA GOV VALDEMAR DE ALCANTARA - VILA SUCESSO
FORTALEZA;85;233;CONJUNTO CEARÁ I;EEFM DOUTOR GENTIL BARREIRA;RUA 202-D, S/N - CONJUNTO CEARÁ I
MARACANAÚ;104;306;JARDIM BANDEIRANTES;EMEF EVANDRO AYRES DE MOURA;RUA SÃO SEBASTIÃO, 341
FORTALEZA;83;767;HENRIQUE JORGE;CENTRO EDUCACIONAL BRASILEIRINHO;AVENIDA SENADOR FERNANDES TÁVORA, 1717
NOVA RUSSAS;48;10;CENTRO;EEMTI OLEGARIO ABREU MEMORIA;RUA CEL. ANTONIO RODRIGUES VERAS 1018
MARANGUAPE;4;89;CACHOEIRA;EMEIEF JOSÉ DE MOURA;RUA JOAO RAMALHO CORDEIRO, 21
JUAZEIRO DO NORTE;28;209;SAO MIGUEL;COLÉGIO OBJETIVO;RUA DOUTOR FLORO, 776
ACARAPE;52;109;CENTRO;ESCOLA JOSÉ NEVES DE CASTRO;RUA CHICO VIEIRA, SN
FORTALEZA;116;75;GRANJA PORTUGAL;EM IRMA ROCHA;RUA EMILIO DE MENEZES 2515
FORTALEZA;80;159;VILA UNIÃO;EEFM CEL PROF JOSÉ AURÉLIO CÂMARA;RUA JORGE ACURCIO, 655
MARANGUAPE;4;559;PARQUE SÃO JOÃO - MARANGUAPE;EMEIEF FRANCISCO SARAIVA DE OLIVEIRA;RUA ANTONIO ALVES CAVALCANTE SN
PARACURU;109;51;MARCO;CAPELA SÃO FRANCISCO;MARCO, SN
CARIÚS;43;187;CAIPU-DISTRITO;EEIF JOAO FRANCELINO SOBRINHO;VILA CAIPU
BOA VIAGEM;63;243;VARZEA DA IPUEIRA;EEF ANTONIO NUNES CAVALCANTE;VARZEA DA IPUEIRA
FORTALEZA;117;170;BOM JARDIM;EEFM JULIA ALVES PESSOA;RUA SÃO FRANCISCO SN
ITAPAJÉ;41;40;PITOMBEIRA;ESCOLA MUNICIPAL ZECA PARAIBA;VILA PITOMBEIRA
PARAMBU;19;355;BELEZA;CEI - CENTRO DE EDUCAÇÃO INFANTIL - BELEZA;RUA JOÃO DA COSTA CARACAS
SANTA QUITÉRIA;54;178;POVOADO AREAL;ESCOLA MUNICIPAL ANTONIA DONATO DE ARAÚJO;POVOADO AREAL
SANTA QUITÉRIA;54;254;BOA VIDA;E.M.E.F. JOÃO RODRIGUES PINTO;RUA PROFESSOR OTÁVIO TERCEIRO DE FARIAS, 179.
AMONTADA;89;205;ICARAÍ;EEBTI DOMINGOS CARLOS DAMASCENO;PACOVAS
FORTALEZA;82;684;CARLITO PAMPLONA;EEMTI JOSÉ VALDO RIBEIRO RAMOS;RUA PEDRO AMÉRICO, 100
FORTALEZA;115;458;MANOEL SÁTIRO;EM HENRIQUETA GALENO;RUA MAJOR MONTENEGRO 917
JUAZEIRO DO NORTE;119;477;SAO JOSE;ESCOLA PROFISSIONALIZANTE RAIMUNDO SARAIVA COELHO;AVENIDA PAULO MAIA, S/N
FORTALEZA;80;197;AEROLÂNDIA;EEFM PROFª  MARIA CONCEICÃO PORFÍRIO TELES;RUA MONTE CRISTO, 177
APUIARÉS;50;166;SÃO FRANCISCO;EEF AÉCIO DE BORBA;RUA JACA PRAÍBA, 410
GROAÍRAS;65;139;JOSE CASSIANO FEIJAO;CRECHE PRO INFANCIA FRANCISCA TORRES DE PAULA - GROAÍRAS;AV. DOMINGOS JOÃO DE MELO
FRECHEIRINHA;81;258;CENTRO;PATRONATO SAO JOSE;CAPITAO JOAQUIM FRANCISCO              CENTRO             SN
JUAZEIRO DO NORTE;28;475;AREA RURAL DE JUAZEIRO DO NORTE;EMEF RAIMUNDO PESSOA;SITIO GAVIAO
UBAJARA;73;118;CENTRO;COLEGIO IET UBAJARA;RUA 13 DE MAIO
CARIDADE;111;181;CENTRO;EEFM CASEMIRO BEZERRA DE ARAUJO;RUA CEL FRANCISCO LINHARES 496
CRATEÚS;20;73;ASSIS;ESCOLA DE CIDADANIA JOAO LUCIANO;ASSIS
ASSARÉ;18;81;SERRA DE SANTANA;ESCOLA DE ENSINO MÉDIO PATATIVA DO ASSARÉ;SÍTIO BONITA
SABOEIRO;43;234;CENTRO;E.E.F. OLAVO OLIVEIRA, ANEXO;RUA AMELIA LIMA BRAGA 81
FORTALEZA;118;672;BOA VISTA-CASTELÃO;COLÉGIO SÃO LUCAS;RUA JOSÉ DA FRANCA CABRAL, 748
ASSARÉ;18;21;CENTRO;ESCOLA  DE ENSINO FUNDAMENTAL E MEDIO RAIMUNDO MOACIR DE ALENCAR MOTA;RUA PADRE EMILIO CABRAL 538
FORTALEZA;82;368;SÃO GERARDO;ESCOLA MUNICIPAL GUSTAVO BARROSO;RUA ERETIDES MARTINS, 26
JUAZEIRO DO NORTE;28;44;SALESIANOS;COLEGIO SALESIANO SÃO JOÃO BOSCO;PADRE CICERO 1492
CARIÚS;43;209;SITIO UMARIZEIRAS;EEIF MARIO DA SILVA LEAL;SITIO UMARIZEIRAS
IBIAPINA;73;199;SÍTIO TAQUARA;ASSOCIAÇÃO COMUNITÁRIA DO SÍTIO TAQUARA;SÍTIO TAQUARA
MAURITI;76;43;BURITIZINHO-DISTRITO;EEF WALTER DE CALDAS TELES;RUA DA PAZ, S/N
IPU;21;23;SEDE;EEMTI DELMIRO GOUVEIA;AV MILTON CARVALHO 1171 - CAIXA DAGUA
BARBALHA;31;66;CENTRO;ESCOLA BEM-ME-QUER;RUA PADRE IBIAPINA, 485
FORTALEZA;82;702;CARLITO PAMPLONA;COLÉGIO MARIA ALICE;AV. PASTEUR, 700
CANINDÉ;33;356;BELA VISTA;EMEF PREFEITO JOSE IVAN MAGALHAES;CONJUNTO HABITACIONAL MILTON MONTEIRO
VÁRZEA ALEGRE;62;97;NARANIU;EEF ISABEL MARIA DA CONCEIÇÃO;SÍTIO LAGOA REDONDA
FORTALEZA;85;174;ANTÔNIO BEZERRA;EEFM MARIO HUGO CIDRAK DO VALE;RUA DR. PERIGUARI, 547
UBAJARA;73;175;SÍTIO TUCUNS;ESCOLA NOSSA SENHORA DA PAZ;SITIO TUCUNS
REDENÇÃO;52;49;DISTRITO DE ANTÔNIO DIOGO;ESCOLA NEIDE TINOCO;SITIO ITAPAÍ
BELA CRUZ;96;53;GUARDA-LOCALIDADE;EMEIEF LUCIO MARQUES DE SOUSA;LOCALIDADE DE GUARDA
FORTALEZA;94;64;ANTÔNIO BEZERRA;EEFM JOSE BEZERRA DE MENEZES (POLIVALENTE);RUA DR. JOÃO GUILHERME, 311
CATARINA;60;231;VILA NOVA - SEDE;EEF FRANCISCO RODRIGUES PEREIRA;RUA JOSE PEDROSA DE MIRANDA S/N
RUSSAS;9;278;CENTRO;ESCOLA MUNICIPAL RAIMUNDO PELOPIDAS DE ARAUJO;TRAVESSA MATOSO S/N
CATUNDA;54;160;DISTRITO DE PARAÍSO;ESCOLA MUNICIPAL SÉRGIO SALVIANO FILHO;DISTRITO DE PARAÍSO
PENAFORTE;70;334;CENTRO-SEDE;ESCOLA DE ENSINO INFANTIL E FUNDAMENTAL PROFESSORA LEDITE ANGELO;RUA MONSENHOR ALCANTARA 05
FORTALEZA;116;445;BONSUCESSO;EM XV DE OUTUBRO;RUA GUARANI, 2030
PEDRA BRANCA;59;153;MINEIROLANDIA;EEF CENTRO EDUCACIONAL GABRIEL DE FRANÇA MELO;RESIDENCIAL JOSÉ MINEIRO S/N
MARACANAÚ;122;256;CÁGADO;CENTRO AGACIL CAMURCA;AV. PADRE JOSE HOLANDA DO VALE, 931
FORTALEZA;116;449;BONSUCESSO;EM ANTONIO DIOGO DE SIQUEIRA;RUA ANSELMO NOGUEIRA 655
ARARIPE;68;32;DISTRITO PAJEU;ESCOLA RAIMUNDO CÍCERO DA SILVA -  PAJEÚ;RUA SAO JORGE, S/N
JUAZEIRO DO NORTE;28;404;PIO XII;EEF JOSÉ MARROCOS;AV. JOSÉ BEZERRA, SN
FORTALEZA;82;86;CRISTO REDENTOR;ESCOLA MUNICIPAL SEBASTIANA ALDIGUERI;AV. DOUTOR THEBERGE, 448
RUSSAS;9;211;INGA;ESCOLA MUNICIPAL JOSE RICARDO DE MATOS;INGÁ
FORTALEZA;94;483;VILA VELHA;EMEIEF PROF JOSE PARSIFAL BARROSO;AV MAJOR ASSIS 1076
QUIXADÁ;6;345;JUÁ;EEF PEDRO RODRIGUES FILHO;JUA - SEDE, S/N
PACAJUS;49;276;CROATA II;EEF JOÃO RONALDO MATIAS;RUA MARIA IDENIA LOPES DO NASCIMENTO, 105 - ÁREA VERDE
MOMBAÇA;46;48;MORADA NOVA;ESCOLA DE ENSINO FUNDAMENTAL MARIA AMBROSINA CAVALCANTE;MORADA NOVA
FORTALEZA;95;336;PARQUE SANTA MARIA;EMEIF JOSÉ MOREIRA LEITÃO;RUA HONORINO MAIA, 467
SANTANA DO ACARAÚ;44;60;CENTRO;EEMTI NAZARÉ SEVERIANO;RUA NONATO ARCANJO S/N -CENTRO
ITAPAJÉ;41;43;ESMERINO GOMES;EEEP ADRIANO NOBRE;RUA ODILON FERREIRA GOMES, 475.
MARACANAÚ;122;241;INDUSTRIAL;EMEF VINICIUS DE MORAIS;RUA N NO. 425 (ESPLANADA DO MONDUBIM)
FORTALEZA;83;768;DOM LUSTOSA;ESCOLA MUNICIPAL MURILO SERPA;RUA MONSENHOR HIPOLITO BRASIL 1400
GUARACIABA DO NORTE;74;37;DISTRITO;ESCOLA MUNICIPAL SILVESTRE MESQUITA (VÁRZEA DOS ESPINHOS);VARZEA DOS ESPINHOS
PARACURU;109;74;UMARIZEIRAS;PSF BEIRA RIO;UMARIZEIRAS, SN
ITAPAJÉ;41;257;ALTO DOS BERNARDOS;CRECHE SONHO DE CRIANÇA;RUA JOAQUIM LIRA MAGALHÃES, 367
SÃO GONÇALO DO AMARANTE;36;310;PECEM-DISTRITO;CEDI - GUIOMAR MENDES;RUA DATIVA FERREIRA SOARES, S/N - PECEM
FORTALEZA;113;313;BOM FUTURO;ESC. PROFISSIONAL PE. JOÃO PIAMARTA;RUA PADRE JOÃO PIAMARTA, 161
MARCO;96;148;LOCALIDADE DE TRIANGULO DO MARCO;EEF SAO FRANCISCO;RUA ZENAIDE OSTERNO, SN
ORÓS;15;250;CENTRO;E.E.M. EPITÁCIO PESSOA;AV. JOSÉ GABRIEL BEZERRA, 274
FORTALEZA;115;394;VILA PERI;COLEGIO JIM WILLSON;AV. AUGUSTO DOS ANJOS, 1915
MARACANAÚ;104;397;JEREISSATI II;EMEIEF RACHEL DE QUEIROZ;AVENIDA XII, 758
CHORÓ;6;344;SÃO SEBASTIÃO;EEI CAMINHO DO SABER;AV. NOSSA SENHORA DE FATIMA, 200, CENTRO
QUIXERAMOBIM;11;293;CENTRO;LICEU ALFREDO ALMEIDA MACHADO;AV. DR. JOAQUIM FERNANDES, 95 - CENTRO
JUAZEIRO DO NORTE;28;472;AREA RURAL DE JUAZEIRO DO NORTE;EMEIF MARIA PEDRINA;SITIO POPO
RUSSAS;9;255;PITOMBEIRA I;ESCOLA MUNICIPAL MARIA MARTINS DE CARVALHO;PITOMBEIRA I
MASSAPÊ;45;130;LUIS DA HORA PEREIRA;CMEF PROFESSORA MARIA DO CARMO CARNEIRO (EEF MARIA PONTES VIDAL);RUA AMADEU ALBUQUERQUE, S/N
MERUOCA;24;670;São Francisco;EEIF - SIMAO BARBOSA;DISTRITO SAO FRANCISCO
MERUOCA;24;568;Centro;PREFEITURA MUNICIPAL DE MERUOCA;AV PEDRO SAMPAIO, SN
FORTALEZA;83;231;PANAMERICANO;ESCOLA MUNICIPAL JOSÉ BATISTA DE OLIVEIRA;RUA GOIÁS 620
FORTALEZA;83;92;HENRIQUE JORGE;ESCOLA MUNICIPAL SANTA MARIA;RUA CUIABÁ 1465
ARATUBA;105;59;CENTRO-SEDE;ESCOLA JOSE JOACY PEREIRA - ENSINO FUNDAMENTAL E MEDIO;AVENIDA ARLINDO MEDINA S/N
PARAMBU;19;345;CENTRO;ESCOLA MANOEL DE SOUSA - ANEXO;MIRANDA
CRUZ;30;260;ZONA RURAL;ESCOLA SANTA CECILIA;AROEIRA
BEBERIBE;84;122;PARAJURU;ESCOLA MUNICIPAL MONSENHOR JOAQUIM DE JESUS DOURADO;RUA MONSENHOR DOURADO SN - CENTRO
GRAÇA;79;172;LAPA;ESCOLA PADRE RAIMUNDO NONATO RODRIGUES;LAPA
JUAZEIRO DO NORTE;28;103;PIO XII;EEF JOSÉ MARROCOS;AV. JOSÉ BEZERRA, SN
VARJOTA;65;192;ACAMPAMENTO DNOCS;E.E.F. FLORÊNCIA FERREIRA NETA;AV. PRESIDENTE CASTELO BRANCO, S/N
TIANGUÁ;81;130;ÁREA RURAL DE TIANGUÁ;E.E.F. FRANCISCO LUÍS CARDOSO;SÍTIO POÇO DE AREIA
SÃO BENEDITO;22;94;SITIO XIQUE XIQUE;EEF XIQUE XIQUE;SITIO XIQUE XIQUE
ITAPIÚNA;105;136;DISTRITO DE PALMATORIA;EEF CENTRO DE EDUCAÇÃO RURAL (CERU);RUA MARECHAL CASTELO BRANCO
FORTALEZA;82;373;ELLERY;ESCOLA MUNICIPAL HONÓRIO BEZERRA;RUA CAPITÃO NESTOR GÓIS, 400
GRANJA;25;24;CENTRO;PATRONATO MONSENHOR VITORINO DE OLIVEIRA;RUA CONRADO PORTO, 350
FRECHEIRINHA;81;251;CENTRO;CENTRO DE FORMACAO FREI ANASTACIO - CEFRAN;RUA MANOEL FERNANDES 218
MARANGUAPE;4;389;CENTRO - MARANGUAPE;COLÉGIO SEBASTIÃO DE ABREU;RUA ROBERTO BRAQUEHAIS, 656
FORTALEZA;94;847;QUINTINO CUNHA;EEMTI MARIA JOSÉ SANTOS FERREIRA GOMES (CERE);RUA DONA LUCIA PINHEIRO, 93
MORRINHOS;44;1;DISTRITO DE SITIO ALEGRE;EMEF MARIA LENILDA DE SOUZA;SITIO ALEGRE
FORTALEZA;83;583;PANAMERICANO;ESCOLA MUNICIPAL JOSÉ BATISTA DE OLIVEIRA;RUA GOIÁS 620
FORTALEZA;117;274;BOM JARDIM;EMEIF PROF. EDILSON BRASIL SOAREZ;RUA LOCAL 11 - CJ. TATUMUNDE
MARCO;96;124;DISTRITO DE PANACUI;CEI FATIMA ROCHA SILVIA FONSECA;PANACUÍ
TIANGUÁ;81;306;LAURÃO;E.E.I.F. FREI GERVÁSIO;RUA ALBERCY NOGUEIRA DE VASCONCELOS , SN
UBAJARA;73;156;sItio moitinga;ESCOLA ESTEVAO MENDES;SITIO MOITINGA
GUAIÚBA;57;44;CENTRO;EEBM MANUEL BALTAZAR DE FREITAS;RUA LEIRIA DE ANDRADE 409
SÃO BENEDITO;22;192;INHUCU;EE BASICO DEP TOMAZ BRANDAO;R SANTOS DUMONT S/N
CARIÚS;43;148;CENTRO-SEDE;EEFM ADAHIL BARRETO;PRACA DA REPUBLICA
BARREIRA;52;29;CENTRO;ESCOLA DANÍSIO DALTON DA ROCHA CORRÊA;AV. FRANCISCO TORRES DA GAMA, N. 161
GRAÇA;79;174;LAPA;ESCOLA PADRE RAIMUNDO NONATO RODRIGUES;LAPA
AQUIRAZ;66;110;TAPERA;EEB RAIMUNDO TOMAZ;RUA JOSE CARLOS GADELHA S/N
FORTALEZA;116;52;BOM JARDIM;EM SANTOS DUMONT;RUA GERALDO BARBOSA 240
FORTALEZA;85;305;ANTÔNIO BEZERRA;EEFM ANTONIO BEZERRA;RUA PADRE PERDIGAO SAMPAIO 780
TIANGUÁ;81;296;SANTO ANTÔNIO;LICEU DE TIANGUÁ - JOSE NI MOREIRA;RUA ZENI, 12 - SANTO ANTONIO
FORTALEZA;83;689;PICI;ESCOLA MUNICIPAL ADROALDO TEIXEIRA CASTELO;RUA ALAGOAS 2267
GUAIÚBA;57;127;CENTRO;EEBM MANUEL BALTAZAR DE FREITAS;RUA LEIRIA DE ANDRADE 409
BARREIRA;52;83;ARERÉ;ESCOLA FRANCISCO CORREIA LIMA;ARERÉ I
ARATUBA;105;99;SITIO FERNANDES;ESCOLA RURAL DE FERNANDES;SITIO FERNANDES
REDENÇÃO;52;7;CENTRO (SEDE);CENTRO EDUCACIONAL PERBOYRE E SILVA;RUA MARECHAL DEODORO, N. 399
JIJOCA DE JERICOACOARA;30;379;ZONA RURAL;ESCOLA ANTONIO DUTRA DE SOUSA;BAIXIO I
TURURU;17;640;ESTAÇÃO;EMEF ANTONIO PIRES CHAVES;RUA ANTONIO PIRES 100
FORTALEZA;118;526;PASSARÉ;EM DELMA HERMÍNIA DA SILVA PEREIRA;AVENIDA PRESIDENTE COSTA E SILVA, 5606
TABULEIRO DO NORTE;91;99;PEDRA PRETA;EMEF OTÍLIO NOBRE DE BRITO - SITIO PEDRA PRETA;SITIO PEDRA PRETA
ICÓ;15;52;CRUZEIRINHO - DISTRITO;ESCOLA MUNICIPAL ALCIDES DA COSTA MOREIRA;DISTRITO CRUZEIRINHO S/N
ICÓ;15;113;LAGOA DOS MILHOMENS - SITIO;ESCOLA MUNICIPAL JOSE ADELAIDE DE CARVALHO;SITIO LAGOA DOS MILHOMENS S/N
FORTALEZA;112;177;CIDADE DOS FUNCIONÁRIOS;IGREJA DA GLÓRIA;AV OLIVEIRA PAIVA, 905
ACARAÚ;30;162;ZONA RURAL;ESCOLA JOAO JAIME FERREIRA GOMES FILHO;CURRAL VELHO DE BAIXO
QUITERIANÓPOLIS;99;86;CENTRO;EEIF GERÔNIMO ALVES DE ARAÚJO;R CEL RAIMUNDO DE OLIVEIRA  SN
MASSAPÊ;45;19;CARTUCHA;EEF PEDRO RUFINO FURTADO;RUA CARTUCHA  SN
SANTA QUITÉRIA;54;93;DISTRITO DE MALHADA GRANDE;ESCOLA MUNICIPAL MARIA DE NAZARÉ;DISTRITO DE MALHADA GRANDE
VÁRZEA ALEGRE;62;26;CENTRO;EEF DR. PEDRO SÁTIRO;RUA PADRE JOSE OTAVIO. SN
QUIXERAMOBIM;11;16;URUQUE;ESCOLA ALTINA BARROS LEITE;FREITAS
SOBRAL;121;156;TAPERUABA;EEMTI DEP. CESARIO BARRETO LIMA;AV. NOSSA SENHORA DO CARMO S/N CENTRO
GRANJA;25;222;PESSOA ANTA;E.E.F. CÓRREGO DO LINO;SITIO CÓRREGO DO LINO
MARACANAÚ;122;150;MUCUNA;EMEF MANOEL ROSEO LANDIM;RUA OSCAR FERREIRA DE BRITO, 161
SÃO LUÍS DO CURU;23;332;COLONOS-POVOADO;E.E.F. PROFESSOR JUPI MARTINS;NUCLEO H - COLONOS POVOADO
SANTA QUITÉRIA;54;72;PIRACICABA;E. E. M. ARACY MAGALHÃES MARTINS;RUA RAIMUNDO MESQUITA SOBRINHO, 521
SANTA QUITÉRIA;54;257;PRIMAVERA;E. E. F. LUIZ DERMEVAL DE ANDRADE;BAIRRO PRIMAVERA BOTA FOGO
SABOEIRO;43;260;BARRINHA;E.E.F. ANTONIO WILSON DOS SANTOS;DISTRITO BARRINHA
IBIAPINA;73;17;CENTRO;ESCOLA MONSENHOR MELO (ESTADUAL);AV PEDRO FERREIRA DE ASSIS 284
FORTALEZA;118;354;PASSARÉ;EM FRANCISCO ANDRADE TEOFILO GIRAO;RUA UNIDOS VENCEREMOS, 2040
FORTALEZA;118;643;PASSARÉ;EM PROFESSORA MARIA JOSÉ MACÁRIO COELHO;AVENIDA PASSARÉ, 530
TRAIRI;97;167;BACUMIXA;EEF ANTONIO MIGUEL PORTO;BACUMIXA
FORTALEZA;116;428;BONSUCESSO;EEF SAO JOSE DO PICI DAS PEDREIRAS;RUA MANUEL ANTONIO LEITE 250
FORTALEZA;116;329;GRANJA LISBOA;EM JOAO MENDES DE ANDRADE;RUA B (CJ PALMARES), 1366
JAGUARIBE;10;72;AMÉRICO BEZERRA;CEJA - COSME ALVES DE LIMA;RUA ELIZIARIO  PINHEIRO S/N
PACAJUS;49;236;BANGUE II;EEF FRANCISCO DA SILVA FILHO;RUA MARIA AMÉLIA DA SILVA 13
JUAZEIRO DO NORTE;119;441;PREFEITO CARLOS ALBERTO DA CRUZ;ESCOLA ZILA BELEM;FRANCISCO VICENTE SILVA CAVALCANTE SN
ARARENDÁ;48;101;LAGOA DE SANTO ANTONIO;E. E. F. M.  FIRMINO JOSÉ;DISTRITO DE LAGOA DE SANTO ANTONIO
FORTALEZA;80;417;VILA UNIÃO;ESCOLA MUNICIPAL HAROLDO JORGE BRAUN VIEIRA;AV LAURO VIEIRA CHAVES, 2001
ITAPIÚNA;105;163;ZONA RURAL;EEIEF PADRE MIGUEL DE JESUS ALVES;BARRA NOVA
QUIXADÁ;6;223;CIPÓ DOS ANJOS;EEF FRANCISCO TOMAZ NASCIMENTO;VERTENTES, S/N
COREAÚ;64;16;Cunhassu Velho;CUNHASSU VELHO - PRÉDIO DA ESCOLA MUNICIPAL;LOCALIDADE CUNHASSU VELHO
PALHANO;9;300;SAO JOSE;ESCOLA DE ENSINO FUNDAMENTAL RAIMUNDO NOGUEIRA BARROS;SÃO JOSÉ
MORADA NOVA;47;172;VARZANTES;EEB FRANCISCO ANDRADE TEÓFILO GIRÃO;AV PRESIDENTE GEISEL, 4000
JUAZEIRO DO NORTE;28;223;FRANCISCANOS;COLÉGIO SÃO FRANCISCO DE ASSIS;NOSSA SENHORA DO CARMO SN
SOBRAL;121;7;SINHÁ SABÓIA;CEI JACYRA PIMENTEL GOMES;RUA RIO NEGRO SN
FORTALEZA;95;136;JANGURUSSU;EMTI PROFESSOR ANTONIO GIRAO BARROSO;RUA VERDE 37, S/N (CJ SITIO SAO JOAO)
FORTALEZA;94;325;VILA VELHA;COLEGIO SALOME BASTOS;RUA DESEMBARGADOR HERMES PARAHYBA 1120
CANINDÉ;33;363;PALESTINA;CAIC ALFREDO COELHO MAGALHÃES;RUA ANTONIO MONTEIRO DOS SANTOS SN
BREJO SANTO;70;392;RENE LUCENA;CEI CATEQUISTA MARIA ALACOQUE;R PEDRO NICODEMOS DE ARAÚJO, S/N
SALITRE;38;157;ZONA RURAL, SALITRE/CE;E.E.I.F CLEMENTINO RIBEIRO DE ALENCAR - SITIO BAIXIO DO MOCO;SÍTIO BAIXIO DO MOCO
TAMBORIL;61;35;DISTRITO DE SUCESSO;EMTI EXPEDITO MENDES CHAVES;RUA JOÃO JOSÉ DE CASTRO S/N - CENTRO - VILA SUCESSO
ARARIPE;68;72;DISTRITO VILA BREJINHO;ESCOLA LUIZ GUEDES ALCOFORADO - BREJINHO;RUA MARECHAL CASTELO BRANCO S/N
FORTALEZA;117;300;BOM JARDIM;EM PROFESSOR JOSÉ FERREIRA DE ALENCAR;RUA SÃO FRANCISCO DO JARDIM, 557
FORTALEZA;95;205;JANGURUSSU;EEEP MÁRIO ALENCAR;RUA VERDE 44, 97 (CJ. SÍTIO SÃO JOÃO)
CANINDÉ;33;228;IMACULADA CONCEIÇÃO;EEEP CAPELAO FREI ORLANDO;RUA PAULINO BARROSO, 1289
FORTIM;8;121;CARNAUBINHA;CENTRO COMUNITARIO DA CARNAUBINHA;CARNAUBINHA
FORTALEZA;112;575;PARQUE MANIBURA;COLÉGIO ÁGAPE;AV HERMINIO DE CASTRO, 140
ACARAPE;52;184;CENTRO;ESCOLA MARIA DO CARMO BEZERRA;RUA SEBASTIAO BEZERRA, SN
FORTALEZA;80;435;DIONISIO TORRES;AABB - ASSOCIAÇÃO ATLÉTICA BANCO DO BRASIL;AV BARAO DE STUDART, 2917
RUSSAS;9;64;VARZEA ALEGRE;CENTRO DE EDUCACAO INFANTIL ANA DE OLIVEIRA ROCHA SOMBRA;AV MARIA RAMALHO S/N
ICÓ;15;37;CENTRO - SEDE;ESCOLA MUNICIPAL PROFESSORA LOURDES COSTA;AV ILIDIO SAMPAIO,1571
GUARACIABA DO NORTE;74;75;DISTRITO;ESCOLA MUNICIPAL DE ALEGRE;ALEGRE - MORRINHOS NOVOS
SOLONÓPOLE;55;138;CENTRO;EEIEF JOSÉ OSTER MACHADO;RUA RAIMUNDA ARINA CAVALCANTE PINHEIRO
BARBALHA;31;100;DISTRITO ESTRELA;EEF SEBASTIÃO SANTIAGO DA PAZ (ESTRELA);AV. JOÃO EVANGELISTA SAMPAIO, S/N (7.28266 S, 39.27629 W)
FORTALEZA;80;155;VILA UNIÃO;EEFM CEL PROF JOSÉ AURÉLIO CÂMARA;RUA JORGE ACURCIO, 655
AMONTADA;89;186;ICARAÍ;EEBTI RAIMUNDA MENESES PARENTE;JUREMA
MISSÃO VELHA;16;78;DISTRITO DE JAMACARU;EEFM PADRE AMORIM;RUA FELIX ITALIANO SN
JUAZEIRO DO NORTE;119;118;ROMEIRAO;ESCOLA SESI/SENAI PADRE AZARIAS SOBREIRA;RUA JOSÉ MARROCOS, 2265
FORTALEZA;115;418;PARANGABA;CEJA - PROFº MOREIRA CAMPOS;RUA JULIO BRAGA, 101 B
FORTALEZA;95;93;BARROSO;EEFM PADRE MARCELINO CHAMPAGNAT;RUA DAURA, 120
SENADOR POMPEU;12;102;SAO JOAQUIM;EEIEF ANTONIO JACOB FILHO;SAO JOAQUIM DE BAIXO
JUAZEIRO DO NORTE;119;274;SANTA TEREZA;COLEGIO POLIVALENTE;JOSE MARROCOS SN
EUSÉBIO;88;139;JABUTI;EEM PROF. FRANCISCA LINHARES DE SOUSA;R. EDUARDO SÁ, S/N
TIANGUÁ;81;41;SEMINÁRIO;FACULDADE VIA SAPIENS;AVENIDA PREFEITO JACQUES NUNES, 1739
FORTALEZA;85;323;CONJUNTO CEARÁ I;EEFM DR UBIRAJARA INDIO DO CEARA - UV-7A;RUA SETECENTOS E CINQUENTA E UM, 192, 3A ETAPA
FORTALEZA;85;102;AUTRAN NUNES;EEMTI RAIMUNDO GOMES DE CARVALHO;RUA RAIMUNDO RIBEIRO, 400
SANTANA DO CARIRI;53;114;SERRA DA GURITIBA;EMEIEF JOSE HOMEM DE SOUSA FILHO;GURITIBA, SN
CAPISTRANO;105;29;ZONA RURAL;ESCOLA DE ENSINO FUNDAMENTAL JOSE CAVALCANTE ROMANO;MAZAGAO II
AIUABA;101;26;SAO NICOLAU;GRUPO ESCOLAR EDMUNDO BRAGA;RUA BENTO HERCULES SN
URUOCA;25;87;CENTRO;E.E.M. OLIMPIO SAMPAIO DA SILVA;RUA MARIA DAS GRAÇAS SIQUEIRA, 48
MARACANAÚ;122;224;CÁGADO;EMEIEF NARCISO PESSOA DE ARAÚJO;AV. PADRE JOSE HOLANDA DO VALE S/N
ARARIPE;68;86;CENTRO;CRECHE VITORINA ALVES DE ALENCAR - SEDE;RUA ALEXANDRE ARRAES, S/N
MARACANAÚ;122;276;HORTO;EMEIEF CESAR CALS DE OLIVEIRA NETO;RUA PROF JOSÉ HENRIQUE DA SILVA, S/N
JUAZEIRO DO NORTE;28;214;SAO MIGUEL;COLÉGIO OBJETIVO;RUA DOUTOR FLORO, 776
FORTALEZA;80;167;TAUAPE;COLÉGIO MONSENHOR JOVINIANO BARRETO;RUA FREI VIDAL 1621
FORTALEZA;94;853;VILA VELHA;EM ANTONIO CORREIA LIMA;RUA HERMES PARAYBA, 934
JAGUARETAMA;72;10;CENTRO;E.E.M INSTITUTO IMACULADA CONCEICAO;RUA ANTONIO PINTO 301
FORTALEZA;94;871;PADRE ANDRADE;EEFM HERMINIO BARROSO;RUA PADRE GUILHERME 800
QUIXADÁ;6;65;CAMPO VELHO;CEJA JOÃO RICARDO DA SILVEIRA;RUA DOM LUCAS, 760
FORTALEZA;95;103;CONJUNTO PALMEIRAS;EEFM DOUTORA ALDACI BARBOSA;RUA VALPARAISO, 155
FORTALEZA;113;196;FARIAS BRITO;EEFM DR.CÉSAR CALS;AV. DOMINGOS OLIMPIO, 1800
MARANGUAPE;4;14;PENEDO;EMEIEF CARLOS PEREIRA DE SOUSA;RUA JOSÉ MENEZES, S/N
MARANGUAPE;4;28;LADEIRA GRANDE;EMEIEF FRANCISCA ROCHA MAGALHÃES;AVENIDA ALCEBÍADES RODRIGUES BARRETO SN
QUITERIANÓPOLIS;99;138;ZONA RURAL;EEIF JOÃO FRANCISCO DA SILVA;SITIO
SOBRAL;121;152;CENTRO;CEJA - CENTRO DE EDUCACAO DE JOVENS E ADULTOS CECI CIALDINI;RUA ORIANO MENDES, 455
MOMBAÇA;46;72;CENTRO;E. E. F. M. DIVINO SALVADOR;RUA FRANCISCO JOSE DE OLIVEIRA SN                 SEDE
UMIRIM;23;246;BANANA;E.E.M. MARIA IRACEMA UCHOA SALES (LICEU);RUA RUFINO DE SOUSA, S/N
FORTALEZA;80;241;TAUAPE;EEFM NOEL HUGNEN OLIVEIRA PAIVA;RUA MONSENHOR SALAZAR 279
MARTINÓPOLE;25;76;CONJUNTO BENEDITO BARROS;E.E.M.T.I. PREF. DÁRIO CAMPOS FEIJÓ;RODOVIA CE, 362
IPUEIRAS;40;132;LIVRAMENTO;CENTRO DE EDUCAÇÃO INFANTIL EXPEDITA GOMES ARAGÃO - LIVRAMENTO;LIVRAMENTO
MASSAPÊ;45;48;ZONA RURAL;GE JOSE ESTEVAO VASCONCELOS;POVOADO DE IPAGUACUMIRIM
FORTALEZA;83;478;HENRIQUE JORGE;EEMTI ANTONIETA SIQUEIRA;RUA GUARANI 04
TRAIRI;97;38;BATALHA;GRUPO ESCOLAR ANTONIO FRANCISCO BRAGA;BATALHA
FORTALEZA;118;546;BOA VISTA-CASTELÃO;EMEF ODILON GONZAGA BRAVEZA;AV. ALBERTO CRAVEIRO, 1480 C
TIANGUÁ;81;121;SANTO ANTÔNIO;E.E.F. PROFª. ESTER DE AGUIAR MENEZES;RUA CORONEL JOÃO DAMASCENO, S/N
PALMÁCIA;4;382;CENTRO;CRAS CLEMENTINO RODRIGUES CAMPELO;RUA FRANCISCO DE QUEIROZ, S/N
CHORÓ;6;317;MONTE CASTELO;EEF MARIETA NUNES;OURO BRANCO
BARBALHA;31;19;CENTRO;COLÉGIO NOSSA SENHORA DE FÁTIMA;RUA DA MATRIZ, 258
PACAJUS;49;213;COAÇU;EEF ESAU NOGUEIRA DE QUEIROZ;AV HERCILIA LOPES DE MENEZES SN
BANABUIÚ;6;400;RINARÉ;EEF ALBERTINA FERREIRA MAIA;RINARE
SANTANA DO CARIRI;53;133;CENTRO;EMEF GENEROSA AMÉLIA DA CRUZ;RUA 11 DE JANEIRO, 389
QUIXADÁ;6;180;JUÁ;EEF PEDRO RODRIGUES FILHO;JUA - SEDE, S/N
URUOCA;25;96;CAMPANARIO;E.E.F. FRANCISCO MARQUES VIEIRA;RUA JOSE CRISTINO, S/N
CATUNDA;54;227;CENTRO;E.E.F.M. MONSENHOR XIMENES;AVENIDA SETE DE SETEMBRO, SN.
TAUÁ;19;220;MARRECAS;EEF COSMO PEREIRA DOS SANTOS;BELO ALTO
CAUCAIA;37;188;GARROTE;E.E.F. FAUSTO DARIO SALES;CE 085 KM 12 - FAZENDA GARROTE
CAMOCIM;32;94;ZONA RURAL;EEF FRANCISCO ALVES MONTEIRO - FRECHEIRAS;LOCALIDADE DE FRECHEIRAS
CAMOCIM;32;264;BOA ESPERANCA;ESCOLA MUNICIPAL DE 1 GRAU FCO OTONI COELHO;RUA BANDEIRANTES 646
CRATEÚS;20;131;FATIMA I;SERVIÇO SOCIAL DO COMÉRCIO - SESC;RUA PADRE CÍCERO, 200
VÁRZEA ALEGRE;62;37;PRAÇA SANTO ANTÔNIO;COLÉGIO SÃO RAIMUNDO NONATO - LTDA;RUA CORONEL ANTONIO CORREIA, 24
ITATIRA;33;244;ZONA RURAL;EMEF FRANCISCO PINTO PEREIRA;LOCALIDADE DE LINDA I
REDENÇÃO;52;84;DISTRITO DE BARRA NOVA (ANTIGO SÃO GERARDO);ESCOLA JOÃO FRAGOSO FILHO;BRENHA
FORTALEZA;94;790;ANTÔNIO BEZERRA;COLEGIO JULIA FIALHO;RUA JOSE ACIOLY 73
TAUÁ;19;216;MARROAS;IGREJA EVANG ASSEMBLEIA DE DEUS (ANTIGA ESCOLA JOSE LUIS DE MARIA);CACHOEIRA DOS BOEGAS
IPUEIRAS;40;9;MILHÃ;ESCOLA DE ENSINO FUNDAMENTAL BENEDITO ALVES DA SILVA - MILHÃ;MILHÃ
PARAIPABA;109;153;CALUMBI DOS BENTOS;EMEIF MARGARIDA BARBOSA DE CASTRO;CALUMBI DOS BENTOS
ACARAÚ;30;54;ZONA RURAL;ESCOLA MANOEL DUCA DA SILVEIRA;LAGOA DO CARNEIRO
SOBRAL;24;318;ALTO DA BRASÍLIA;EEFI RAUL MONTE;RUA MACEIO, S/N
MASSAPÊ;45;88;ZONA RURAL;CENTRO DE APOIO COMUNITÁRIO MANOEL ESTANISLAU DE ARAÚJO;POVOADO ARRAIAL
CANINDÉ;33;78;ALTO GUARAMIRANGA;EEFM FREI POLICARPO;RUA JOAO BASTOS 2027
FORTALEZA;1;650;PAPICU;ESCOLA ESTADUAL MARIA JOSE MEDEIROS;RUA DESEMBARGADOR LAURO NOGUEIRA 1240
NOVA RUSSAS;48;35;BÁLSAMOS;ESCOLA MUNICIPAL SANTA ISABEL;LOCALIDADE DE BÁLSAMOS,
HORIZONTE;78;138;DIADEMA;EMEF PROF MARIA LUIZA BARBOSA CHAVES;RUA BATURITE SN - PARQUE DIADEMA
ICÓ;15;137;CABOCLO - SITIO;IGREJA SÃO MIGUEL ARCANJO;SITIO CABOCLO
FORTALEZA;82;625;MONTE CASTELO;EEMTI CLÁUDIO MARTINS;RUA DEMÓCRITO ROCHA, 400
IRAUÇUBA;41;13;CENTRO-SEDE;CENTRO EDUCACIONAL PROFESSOR ANTONIO BARBOSA BRAGA;LUCAS BATISTA DA MOTA 135
SÃO LUÍS DO CURU;23;298;CENTRO-SEDE;E.E.F. DOMINGOS ANSELMO;PRACA ALONSO HERCULANO SN
QUITERIANÓPOLIS;99;102;ZONA RURAL;EEIF JOSÉ FRANCISCO DAS CHAGAS;ANGICAL
CRATEÚS;20;115;CENTRO;CCI-CENTRO CEARENSE DE IDIOMAS;RUA SANTOS DUMONT, 237
JUAZEIRO DO NORTE;28;187;TRES MARIAS;EMEF PROFA MARIA DE LOURDES LOPES DE SOUSA;AV. DO AGRICULTOR
PACOTI;5;169;CENTRO-SEDE;EMTI SAO LUIS;RUA PADRE QUILIANO 72
ACARAÚ;30;258;CENTRO;CVT - CENTRO VOCACIONAL TECNOLOGICO;AV. JOSÉ GIFFONI DA SILVEIRA, 1000
BARREIRA;52;68;ARERÉ;ESCOLA JOSÉ AMARO DA COSTA;PASCOALZINHO
FORTALEZA;113;279;DAMAS;COLÉGIO JUVENAL DE CARVALHO;AV. JOÃO PESSOA, 4279
RUSSAS;9;206;TABULEIRO DO CATAVENTO;CAIC - SENADOR CARLOS JEREISSATI;RUA 25 SN  MUTIRAO
JUAZEIRO DO NORTE;28;481;PEDRINHAS;EMEF PROFA. DORALICE DE FIGUEIREDO ROCHA;RUA JOAQUIM LEANDRO DE SOUSA
CAPISTRANO;105;54;ZONA RURAL;CENTRO DE CONVIVÊNCIA SOCIAL DO MARMORÉ;TRONCO -  MARMORE
CRUZ;30;119;ANINGAS;ESCOLA PAULO FREIRE;RUA 14 DE JANEIRO SN
FORTALEZA;85;241;CONJUNTO CEARÁ I;EEM PROF JOSE MARIA CAMPOS DE OLIVEIRA - UV 8;RUA 820 S/N - 3 ETAPA
ITAREMA;98;135;ZONA RURAL;EMEF ANTENOR ROMERO;MAE COSMA
CROATÁ;74;42;DISTRITO;ESCOLA MUNICIPAL LUIZ BEZERRA DE PAULO (BARRA DO SOTERO);BARRA DO SOTERO
CRATO;27;290;SEMINÁRIO;CENTRO DE EDUCAÇÃO INFANTIL LICEU DIOCESANO;RUA DOUTOR MANOEL MACEDO, 122
CRATO;27;311;SÃO JOSÉ;EEIEF SINOBILINA PEIXOTO;RUA JOAQUIM PINHEIRO FILHO S/N. CONJUNTO PADRE CÍCERO
FORTALEZA;85;164;AUTRAN NUNES;EM BERGSON GURJÃO FARIAS;AVENIDA SENADOR FERNANDES TÁVORA, 2500
NOVO ORIENTE;99;47;ZONA RURAL;EEF MANOEL LUIZ DA SILVA;TRES IRMAOS
MORADA NOVA;47;181;LINHA BASE;EEB FRANCISCO XAVIER ANDRADE GIRAO;SITIO LINHA BASE DE CIMA
MAURITI;76;96;BURITIZINHO-DISTRITO;EEF FILEMON TELES;RUA JOAO LUCAS, S/N
FORTALEZA;116;87;GRANJA PORTUGAL;EM CONCEICAO MOURAO;RUA DUAS NACOES 550
FORTALEZA;95;301;PARQUE SANTA MARIA;EEMTI POETA OTACILIO COLARES;RUA JORGE DA VEIGA, 265
FORTIM;8;269;JARDIM;EEFTI. JOSE ALEXANDRE;POVOADO DE JARDIM
MARANGUAPE;4;54;OUTRA BANDA - MARANGUAPE;EMEIEF PAULO SARASATE;AVENIDA DR. ARGEU GURGEL BRAGA HERBSTER, 883
RUSSAS;9;239;INGA;ESCOLA MUNICIPAL JOSE RICARDO DE MATOS;INGÁ
CARIRÉ;65;97;CAMPO DE AVIAÇÃO;ESCOLA EIEF MARIA JOSE RODRIGUES PONTE;RUA FRANCISCO ARAUJO CHAVES SN
SOLONÓPOLE;55;91;CENTRO;EEEP JOSÉ CIRO NOGUEIRA MACHADO;TV LUÍS ALMEIDA
ARARIPE;68;115;DISTRITO PAJEU;ESCOLA RAIMUNDO CÍCERO DA SILVA -  PAJEÚ;RUA SAO JORGE, S/N
JARDIM;119;295;CENTRO;ESCOLA DR. ROMAO SAMPAIO;RUA JOSE MARROCOS 240
AMONTADA;89;97;CENTRO;EEM RITA ESTELITA DOS SANTOS RODRIGUES;AV GAL ALÍPIO DOS SANTOS 1020
SALITRE;38;13;CENTRO;E.E.E.M.T.I. - VALDEMAR DE ALCÂNTARA E SILVA - SEDE;AVENIDA DO ESTADO, S/N
MARANGUAPE;4;126;TABATINGA - SAPUPARA;EEFM LUIZ GIRÃO;AVENIDA TABATINGA, S/N
CARIDADE;111;96;ZONA RURAL;EEIF OSORIO ALVES DA ROCHA;LOCALIDADE DE VARZEA COMPRIDA
EUSÉBIO;88;116;PEDRAS;EEF EVANDRO AYRES DE MOURA;RUA DOMINGOS SAVIO, 578 - PEDRAS
MAURITI;76;6;ANAUA-DISTRITO;EEIF FIRMINO ARARUNA DE SOUSA;RUA ROSENDO MANOEL DE SOUSA, S/N
FORTALEZA;83;701;JÓQUEI CLUBE;COLÉGIO LUCÊ;RUA CUIABA 155
BELA CRUZ;96;20;CENTRO-SEDE;EEMTI PROFESSORA MARIETA SANTOS;RUA SAO VICENTE, 699
AMONTADA;89;299;ICARAÍ;EEBTI MARIA ALVES SOBRINHA;PRAÇA DA MATRIZ
IPUEIRAS;40;44;ALAZANS;EEIEF JOAQUIM FERREIRA DO VALE - ALAZANS;ALAZANS
NOVA RUSSAS;48;63;PATRONATO;E.M.E.F. FRANCISCA DAS GRAÇAS T MESQUITA(ANTIGA EEFM MONSENHOR LEITÃO);RUA HERMENEGILDO MARTINS, 667
SOBRAL;121;167;CENTRO;CENTRO EDUCACIONAL MARIA IMACULADA(PATRONATO);RUA CONSELHEIRO JOSE JULIO, 145
QUIXERAMOBIM;11;69;PAUS BRANCO;ESCOLA FRANCISCO DE CASTRO CARDOSO;PAUS BRANCO
SANTA QUITÉRIA;54;58;BOA VIDA;E.M.E.F. JOÃO RODRIGUES PINTO;RUA PROFESSOR OTÁVIO TERCEIRO DE FARIAS, 179.
SÃO BENEDITO;22;93;SITIO INHARE;GRUPO SALUSTIANO RODRIGUES DE MELO;SITIO INHARE
MOMBAÇA;46;47;MORADA NOVA;ESCOLA DE ENSINO FUNDAMENTAL MARIA AMBROSINA CAVALCANTE;MORADA NOVA
SANTANA DO ACARAÚ;44;112;LADEIRA VERMELHA;EEF JOSÉ PEREIRA DO NASCIMENTO;LADEIRA VERMELHA
JATI;70;358;CENTRO-SEDE;ESC ENS EM TEMPI INTEGRAL VER CICERO GOMES DE SOUSA;ESTRADA PARA SAO JOSE DO BELMONTE
SANTANA DO ACARAÚ;44;134;DOURADO;EEF JOAO PEIXOTO DA MOTA;DOURADO
PACAJUS;49;21;BURITI;EEF ALBA LARANJEIRA DE ALBUQUERQUE;RUA ANACLETO SOUSA MAIA
FORTALEZA;85;274;CONJUNTO CEARÁ I;EEFM PROF PLACIDO ADERALDO CASTELO - UV 7B;RUA SETECENTOS E VINTE E UM, 100, 3A ETAPA
MOMBAÇA;46;120;VILA IRACEMA;ESCOLA DE ENSINO FUNDAMENTAL PLÁCIDO ADERALDO CASTELO;AV. ANTONIO JAIME BENEVIDES FILHO
TURURU;17;669;CACHOEIRA / ZONA RURAL;EMEF PEDRO PAULO DE ARAUJO;LOCALIDADE CACHOEIRA
ABAIARA;26;12;SÍTIO CAMARÁ;ESCOLA MARIA OLIVEIRA SANTOS;SITIO CAMARA
HIDROLÂNDIA;54;25;DISTRITO DE IRAJÁ;E.M.E.F. CERU DR. AQUILES PERES MOTA;RUA JOÃO BATISTA VIANA S/N.
AURORA;69;4;ARACA-SEDE;E.E.F.P. LEOPOLDINA GONÇALVES QUEZADO;RUA MARICA LEITE,285
ITAREMA;98;196;ZONA RURAL;EIT ROSA SUZANA DA ROCHA (COMUNIDADE INDIGENA);ALDEIA INDIGENA CORREGO JOAO PEREIRA
IGUATU;13;376;JARDIM OASIS;ESCOLA DE ENS FUND JOAO PAULINO DE ARAUJO;RUA SÍLVIO AMARO SN
BARBALHA;31;92;SÍTIO CABECEIRAS;EEF ANA RAMALHO DA SILVA (SÍTIO CABECEIRAS);RODOVIA CE-293, KM 06 (7.32182 S, 39.35070 W)
FORTALEZA;82;209;MONTE CASTELO;COLÉGIO MATER AMABILIS;RUA PADRE ANCHIETA, 438
PENAFORTE;70;347;JUA-SEDE;ESCOLA MUNICIPAL JOSE CESARIO;JUA
FORTALEZA;82;663;CARLITO PAMPLONA;FEDERAÇÃO DO MOVIMENTO COMUNITÁRIO DO PIRAMBU - FEMOCOPI;AV. PRES. CASTELO BRANCO, 2709
ITAPIÚNA;105;108;CENTRO;CENTRO COMUNITARIO LUIZA TAVORA;RUA FIRMINO ANTUNES S/N
ACARAÚ;30;46;ZONA RURAL;ESCOLA JOAO LOURENCO PEREIRA ROCHA;CASTELHANO
FORTALEZA;93;308;PREFEITO JOSÉ WALTER;CUCA JOSÉ WALTER;RUA 69, S/N
FORTALEZA;118;604;MONDUBIM;EM CASIMIRO MONTENEGRO;AV. BERNARDO MANUEL, 11360
ITAPAJÉ;41;104;CRUZEIRO-SEDE;CENTRO SOCIAL URBANO RAIMUNDO DE ARAUJO BASTOS;RUA ANTONIO EUSEBIO BASTOS 85
FORTALEZA;82;361;SÃO GERARDO;COLÉGIO MASTER - BEZERRA DE MENEZES;AV. BEZERRA DE MENEZES, 1802
FORTALEZA;82;652;PIRAMBU;ESCOLA MUNICIPAL SÃO CURA D'ARS;RUA SANTA ELISA, 722
VARJOTA;65;191;ACAMPAMENTO DNOCS;E.E.F. FLORÊNCIA FERREIRA NETA;AV. PRESIDENTE CASTELO BRANCO, S/N
ITAITINGA;78;306;VILA MACHADO;EEF MANOEL MACHADO;RUA FLORINDO RODRIGUES, 101
PACATUBA;57;329;PAVUNA;CENTRO DE EDUCACAO RURAL CLOVIS DE CASTRO PEREIRA;RUA CLOVIS DE CASTRO PEREIRA 235
MARACANAÚ;122;143;MUCUNA;EMEF MANOEL ROSEO LANDIM;RUA OSCAR FERREIRA DE BRITO, 161
FORTALEZA;83;769;HENRIQUE JORGE;EEMTI PROFESSOR PAULO FREIRE;AVENIDA SENADOR FERNANDES TÁVORA 1936
FORTALEZA;3;280;PRAIA DE IRACEMA;EM SÃO RAFAEL;RUA DOS TABAJARAS, 244
MAURITI;76;51;SÃO FÉLIX-DISTRITO;CRECHE SONHO INFANTIL;RUA RAIMUNDO ALVES FERNANDES, S/N
TRAIRI;97;181;lagoa do bacumixa;EEF ROGACIANO LEITE;LAGOA DO BACUMIXA
SOBRAL;121;286;PEDRINHAS;ESCOLA MARIA DO CARMO ANDRADE;PRAÇA DR. JOSE EUCLIDES FERREIRA GOMES JUNIOR, S/N
PENAFORTE;70;325;CENTRO-SEDE;SECRETARIA MUNICIPAL DE AGRICULTURA;RUA ANTONIO ANGELO S/N
ACARAPE;52;109;CENTRO;ESCOLA JOSÉ NEVES DE CASTRO;RUA CHICO VIEIRA, SN
BARBALHA;31;154;SÍTIO CORRENTINHO;EMEIF MARIA NOETE FILGUEIRA DUARTE (SÍTIO CORRENTINHO);RODOVIA CE-293, KM 7 - SITIO CORRENTINHO (7.33422 S, 39.36392 W)
JUAZEIRO DO NORTE;119;104;SANTA TEREZA;ESCOLA ADAUTO BEZERRA (SEGUNDO GRAU);CASTELO BRANCO SN
ICÓ;15;16;SEDE URBANA;ESCOLA MUNICIPAL MANOEL ANTONIO NUNES;RUA DO CRUZEIRO S/N
FORTALEZA;80;414;VILA UNIÃO;COLÉGIO ANTARES FÁTIMA (VILA UNIÃO);RUA ALBERTO MONTEZUMA, 235
ITAPIPOCA;17;271;ASSUNÇÃO;EEB ANASTACIO EULAMPIO BRAGA;BARRA NOVA
GUAIÚBA;57;99;AGUA VERDE;POLO DE ATENDIMENTO CARLOS MOREIRA MEDEIROS;RUA MANOEL MOREIRA, S/N
CROATÁ;74;128;DISTRITO;EEF CHAGAS NUNES (REPARTIÇÃO);REPARTICAO
CRATEÚS;20;192;REALEJO;ESCOLA DE CIDADANIA DE REALEJO;REALEJO
FORTALEZA;83;626;BELA VISTA;EEMTI SENADOR FERNANDES TÁVORA;RUA GOIÁS 141
FORTALEZA;93;266;MONDUBIM;CEI MARIA HERCILIA EVANGELISTA;RUA 3, 300 - PARQUE SANTANA
FORTALEZA;3;296;CENTRO;ACADEMIA DO PROFESSOR DARCY RIBEIRO;RUA DONA LEOPOLDINA, 907
ARACOIABA;67;63;CENTRO-SEDE;ESCOLA ALMIR PINTO - ENSINO FUNDAMENTAL E MEDIO;RUA SANTOS DUMONT 363
MISSÃO VELHA;16;54;SEDE;EEF JUVENAL RODRIGUES BRANDAO;AVENIDA JOSE SOBREIRA DA CRUZ S/N, MATERNIDADE
JAGUARUANA;75;25;ALTO DA CAATINGUINHA;EEEP FRANCISCA ROCHA SILVA;RUA JOAO CELEDONIO SOBRINHO
CANINDÉ;33;11;MONTE ;EMEF SÃO FRANCISCO;AV FRANCISCO CORDEIRO CAMPOS, 500
FORTALEZA;83;654;HENRIQUE JORGE;EEMTI PROFESSOR PAULO FREIRE;AVENIDA SENADOR FERNANDES TÁVORA 1936
SÃO BENEDITO;22;179;CENTRO-SEDE;ESCOLA DE ENSINO FUNDAMENTAL FARIAS BRITO;PRACA DOM COUTINHO 864
SANTANA DO ACARAÚ;44;70;DISTRITO PARAPUI;EEF RAIMUNDO CAMÕES VIANA;RUA CAMOES VIANA S/N
CROATÁ;74;120;DISTRITO;ESCOLA MUNICIPAL DE CACHOEIRA;CACHOEIRA
CAUCAIA;123;467;ARATURI (JUREMA);E.E.I.E.F. MONSENHOR ANDRÉ VIANA CAMURÇA;RUA NW-5, 40
ICÓ;15;123;GALINHA - SITIO;ESCOLA MUNICIPAL SENHORA SANTANA;SITIO GALINHA S/N
FORTALEZA;80;192;FÁTIMA;COLÉGIO NOSSA SENHORA DAS GRAÇAS;RUA MONSENHOR OTÁVIO DE CASTRO, 535
JARDIM;119;306;SERRA BOCA DA MATA;ESCOLA  ANTONIO DE SA RORIZ;SERRA BOCA DA MATA S/N
ITAPIPOCA;17;44;CENTRO;PATRONATO NOSSA SENHORA DAS MERCES;AV. DUQUE DE CAXIAS 1181
PARAIPABA;109;151;SETOR E;EMEF VICENTE VASCONCELOS DA SILVA;PROJETO IRRIGADO DO CURU - SETOR E
PARAIPABA;109;194;CORREGO DO MATO;PONTO DE APOIO À SAÚDE - CÓRREGO DO MATO;CÓRREGO DO MATO, SN
TRAIRI;97;140;VARZEA DO MUNDAU;EEF SANTA LUCIA;VARZEA DO MUNDAU
FORTALEZA;112;477;SAPIRANGA-COITÉ;EM IRMA SIMAS;RUA JOSE SOBREIRA, 608
BANABUIÚ;6;430;PEDRAS BRANCAS;EEF JOSÉ ANTONIO DE OLIVEIRA;PEDRAS BRANCAS
INDEPENDÊNCIA;39;6;CENTRO;CRECHE MARIA ALTAIR AMERICO SABOIA;RUA DO CRUZEIRO
SÃO BENEDITO;22;224;CENTRO-SEDE;ESCOLA DE ENSINO FUNDAMENTAL FARIAS BRITO;PRACA DOM COUTINHO 864
FORTALEZA;116;55;BOM JARDIM;EM SANTOS DUMONT;RUA GERALDO BARBOSA 240
CAMPOS SALES;38;147;ZONA RURAL;CAPELA SÃO FRANCISCO DA AROEIRA DO NORTE;SÍTIO AROEIRA DO NORTE
CARIRIAÇU;71;146;SÍTIO BANANEIRAS;EEIF ANTONIO FRANCISCO CALIXTO;SÍTIO BANANEIRAS
SOBRAL;121;121;CENTRO;COLEGIO FARIAS BRITO SOBRALENSE;PRACA QUIRINO RODRIGUES S/N
SENADOR POMPEU;12;48;ENGENHEIRO JOSE LOPES;EEIEF JOSÉ ANTÔNIO DE SOUSA;ENGENHEIRO JOSE LOPES
ACARAÚ;30;33;ZONA RURAL;ESCOLA JOAO RIBEIRO RAMOS;VILA PROGRESSO
CAUCAIA;37;582;PADRE ROMUALDO;E.E.F. AUGUSTO CESAR SILVA SALES;RUA 15 DE NOVEMBRO, 456
CARIRIAÇU;71;144;FEITOSA;POSTO DE SAÚDE RAIMUNDO ALVES FEITOSA;SÍTIO LAJES
INDEPENDÊNCIA;39;39;CACHOEIRA DO FOGO;EEF RAIMUNDO VIEIRA;POVOADO CACHOEIRA DO FOGO
AIUABA;101;7;CENTRO;ESCOLA PADRE PEDRO JOSE;RUA ARMANDO ARRAES FEITOSA 30
QUIXERAMOBIM;11;297;ARGENTINA SIQUEIRA;ESCOLA MARIA DO SOCORRO COELHO BENICIO;RUA D, S/N - QUADRA 04
IPU;21;116;DISTRITO;E.M.E.F. ANTONIO ALVES FERREIRA;SÃO JOSÉ DO SERTÃO
QUIXADÁ;6;53;ALTO SÃO FRANCISCO;ESCOLA ADVENTISTA ARLETE AFONSO;RUA EPITÁCIO PESSOA, 605
CASCAVEL;7;205;MUTIRÃO;ESC. MUNICIPAL PROFESSOR FABIO COUTINHO;RUA ZAQUEU FERREIRA DO VALE, S/N
CROATÁ;74;54;DISTRITO;ESCOLA MUNICIPAL DE SAO ROQUE;SAO ROQUE
LIMOEIRO DO NORTE;29;108;ÁREA RURAL;CRECHE DA CABEÇA PRETA;SITIO CABECA PRETA
IRAUÇUBA;41;5;GIL BASTOS;EMEF GIL BASTOS;RUA NOVA, S/N
MISSÃO VELHA;16;119;ZONA RURAL;UBS CACHOEIRA ( ANTIGA CRECHE LETÍCIA RIBEIRO);SITIO CACHOEIRA
MARACANAÚ;122;218;ALTO DA MANGUEIRA;E.M.E.F. ESTUDANTE ANA BEATRIZ TAVARES;RUA JOACIR FREITAS DUTRA, S/N
JUAZEIRO DO NORTE;28;137;SAO MIGUEL;EEM JOSE BEZERRA;SAO JORGE 440
HORIZONTE;78;198;CENTRO;CEJAH LAURIZA VIEIRA LIMA ;RUA FRANCISCO PEREIRA DE AZEVEDO,164 
ARACOIABA;67;1;MILTON BELO-DISTRITO;ESCOLA MUNICIPAL EMILIA RAMOS;FURNAS
CARNAUBAL;22;11;SAO VICENTE;EEF AQUILES PERES MOTA;AV SAO VICENTE
SÃO GONÇALO DO AMARANTE;36;85;TAIBA-DISTRITO;ESCOLA DE EDUCAÇÃO BÁSICA PROFª ALBA HERCULANO ARAÚJO;RUA CAPITAO INACIO PRATA SN -TAÍBA
IPU;21;73;SEDE;SECRETARIA MUNICIPAL DE EDUCACAO E CULTURA DE IPU;RUA MAJOR LIBERALINO 1066 - CENTRO
FORTALEZA;85;193;CONJUNTO CEARÁ I;EMEIF IRMÃ MARIA EVANETE;AV D, 1015 2 ETAPA
SÃO BENEDITO;22;122;SITIO JUSSARA;EEF CICERO CLEMENTINO DE MEDEIROS;SITIO JUSSARA
MARACANAÚ;122;175;INDUSTRIAL;EMEF VINICIUS DE MORAIS;RUA N NO. 425 (ESPLANADA DO MONDUBIM)
SOBRAL;24;468;JUVÊNCIO DE ANDRADE;EEEP DOM WALFRIDO TEIXEIRA VIEIRA (LICEU DE SOBRAL);AVENIDA PAULO DE ALMEIDA SANFORD, S/N
BELA CRUZ;96;181;CORREGO DOS REINALDOS-SEDE;EMETI MARIO LOUZADA;AVENIDA JOSE MILTON DE OLIVEIRA 
FORTALEZA;116;321;BOM JARDIM;EM SANTA ISABEL;RUA RAIMUNDO PINHEIRO 798
MUCAMBO;79;237;CENTRO;ESCOLA ELZE MENDES DE AGUIAR;AV AGRONOMO JOSE ALVES, S/N - SEDE
ICAPUÍ;8;150;PEIXE GORDO;ESCOLA MUNICIPAL PROF LUIZ GONZAGA FERREIRA;PEIXE GORDO
JUAZEIRO DO NORTE;119;181;TIMBAUBA;ESCOLA ANTONIO BEZERRA MONTEIRO;SEBASTIAO CAVALCANTE SN
IPU;21;129;DISTRITO;E.M.E.F. VENCESLAU FERREIRA CHAVES;BAIXA LARGA
FORTALEZA;117;348;CANINDEZINHO;EM NARCISO PESSOA DE ARAÚJO;AV. OSÓRIO DE PAIVA, 4841
FORTALEZA;1;836;VICENTE PINZON;ESCOLA MUNICIPAL FREI TITO DE ALENCAR LIMA;AVENIDA DIOGUINHO 5927
CRATO;27;64;PIMENTA;EEMTI WÍLSON GONÇALVES;PRAÇA DR. JOAQUIM FERNANDES TELES, SN.
CASCAVEL;7;9;JACARECOARA;ESC.ENS.FUND. ANTONIA FERREIRA DA SILVA;RUA FRANCISCO CAPISTRANO SN - CENTRO
TURURU;17;752;AREA RURAL DE TURURU;EMEF FRANCISCA MOREIRA DE FREITAS;MULUNGU
CANINDÉ;33;502;SANTA LUZIA;EEEP PROFESSOR JOSÉ VIDAL ALVES;AV. LUCIANO MAGALHÃES, S/N
FORTALEZA;94;412;QUINTINO CUNHA;COLÉGIO INDEPENDÊNCIA;AV. DA INDEPENDÊNCIA, 1362
FORTALEZA;94;8;QUINTINO CUNHA;CEI SÃO CARLOS;RUA DOS PESCADORES,188
FORTALEZA;118;571;BOA VISTA-CASTELÃO;EEFM PROFESSORA MARIA GONCALVES;RUA N S DO MONTE CARMELO S/N
ITAPIPOCA;17;96;ASSUNÇÃO;EEM NOSSA SENHORA DA ASSUNCAO;ASSUNCAO
FORTALEZA;95;271;BARROSO;EM SINÓ PINHEIRO;RUA 14, 151 (CJ JOAO PAULO II)
JARDIM;119;360;SITIO LARGINHA;ESCOLA JULIETA FILGUEIRA SOARES;SITIO LARGINHA
FORTALEZA;94;425;QUINTINO CUNHA;EMEIEF PROF DENIZARD MACEDO DE ALCÂNTARA;RUA MATOSO FILHO 450
FORTALEZA;1;852;PAPICU;ESCOLA ESTADUAL MARIA JOSE MEDEIROS;RUA DESEMBARGADOR LAURO NOGUEIRA 1240
CAUCAIA;37;465;PARQUE SOLEDADE;E.E.F. CORALIA GONZAGA SALES;RUA NAPOLEAO BONAPARTE VIANA, S/N
ITATIRA;33;293;ZONA RURAL;EMEF FRANCISCO MARIANO DA SILVA;LOCALIDADE DE MEIRUS
AMONTADA;89;137;MOITAS;EEBTI JONAS PEREIRA AZEVEDO;RUA GILVANI TEIXEIRA
FORTALEZA;95;95;CONJUNTO PALMEIRAS;EEFM DOUTORA ALDACI BARBOSA;RUA VALPARAISO, 155
CARIRIAÇU;71;13;CONJUNTO SANTO ANTONIO;EEF RAIMUNDO BEZERRA LIMA;RUA CLEMENTE FERREIRA BORGES S/N
MARANGUAPE;4;432;NOVO PARQUE IRACEMA - MARANGUAPE;EMEF NILO PINHEIRO CAMPELO;RUA NILO CAMPELO, 48
QUIXERAMOBIM;11;210;COHAB;ESCOLA  DOUTOR JOAQUIM FERNANDES;RUA PEDRO BARBOSA DA SILVA SN
FORTALEZA;80;210;ALTO DA BALANÇA;EEF CIRCULISTA BOM JESUS;RUA JOSE BUSON 101
CRUZ;30;83;CENTRO;ESCOLA SAO FRANCISCO DA CRUZ;RUA PROFESSORA FILO  SN
ACARAÚ;30;4;CENTRO;CEJA -  PADRE ANTONIO TOMAZ;PRACA CORONEL JOSE FILOMENO SN
IPU;21;85;SEDE;POSTO DA SUCAM - FNS;RUA DR CHAGAS PINTO 631 - CENTRO
CASCAVEL;7;93;SEDE;PATRONATO JUVENAL DE CARVALHO;RUA PADRE VALDEVINO 2070 - CENTRO
FORTALEZA;116;153;BOM JARDIM;EM SEBASTIAO DE ABREU;RUA GERALDO BARBOSA 1065
FORTALEZA;95;122;JANGURUSSU;EMEIEF LIONS CLUBE FORTALEZA FÁTIMA;TRAVESSA LIONS CLUBE, 141
TRAIRI;97;166;GUALDRAPAS;EEF NOSSA SENHORA APARECIDA;GUALDRAPAS
MOMBAÇA;46;149;BOA VISTA;ESCOLA DE ENSINO FUNDAMENTAL LUÍS BATISTA VIEIRA;SITIO CAPIVARA
MOMBAÇA;46;151;VILA SÃO JOSÉ;CEI MARIA OLÍVIA ALVES DE ALENCAR;RUA MARIA BATISTA DE ALMEIDA, S/N
JUAZEIRO DO NORTE;28;244;FATIMA;EEF JOSE FERREIRA MENEZES;PEDRO GUILHERME DA SILVA S/N
PALHANO;9;316;SAO JOSE;ESCOLA DE ENSINO FUNDAMENTAL RAIMUNDO NOGUEIRA BARROS;SÃO JOSÉ
SANTANA DO CARIRI;53;77;DISTRITO DE INHUMAS;CRECHE MARIA ALAÍDE DE SOUSA;DISTRITO DE INHUMAS, SN
PACAJUS;49;189;LAGOA SECA;EEF VEREADOR JOAQUIM NOGUEIRA LOPES;CONJUNTO LAGOA SECA
FORTALEZA;116;272;GRANJA LISBOA;CAIC - MARIA ALVES CARIOCA;RUA GUARAREMA 690
JAGUARIBE;10;30;CENTRO;COLEGIO CLOVIS BEVILAQUA;AV. OITO DE NOVEMBRO 443
CRATO;27;59;SÃO MIGUEL;SECRETARIA DE AÇÃO SOCIAL - SAS;AVENIDA PERIMETRAL DOM FRANCISCO S/N
PIRES FERREIRA;21;169;DISTRITO;EEM INÁCIO GOMES DE VASCONCELOS;LAJINHA
BREJO SANTO;70;8;CENTRO-SEDE;PROJETO ABC;RUA MANOEL LEITE DE MOURA 1015
JAGUARIBE;10;55;NOVA BRASÍLIA;EEF PROFESSOR GUTENBERG BARBOSA SILVA;AVENIDA GIL TEIXEIRA BASTOS, 1420
CHOROZINHO;49;409;CENTRO;CENTRO DE EDUCAÇÃO INFANTIL ERCILIA BEZERRA;RUA FRANCISCO DAS CHAGAS BRASIL 23
BREJO SANTO;70;410;RENE LUCENA;CEI CATEQUISTA MARIA ALACOQUE;R PEDRO NICODEMOS DE ARAÚJO, S/N
BOA VIAGEM;63;128;CENTRO-SEDE;SECRETARIA MUNICIPAL DE SAUDE;AV. SAO VICENTE DE PAULA N 27
MARACANAÚ;122;121;SIQUEIRA (siqueira 2);EMEF FRANCISCO TABOZA FILHO;AV. JUSCELINO KUBITSCHEK 1941
CEDRO;13;489;SANTO ANTÔNIO;ESCOLA DE ENS FUND JOSE MARQUES;ST CACHOEIRA DOS MARQUES
AQUIRAZ;66;304;GENIPAPEIRO;EMEF MANOEL ASSUNCAO PIRES;RUA PRINCIPAL S/N
RERIUTABA;79;78;OITIZEIRO;E.E.I.F. MARCELO DA CUNHA ARAÚJO;OITIZEIRO - ZONA RURAL
FORTALEZA;113;219;RODOLFO TEÓFILO;COLÉGIO MANUELITO AZEVEDO;RUA TIRADENTES, 483
FORTALEZA;113;170;BOM FUTURO;ESC. PROFISSIONAL PE. JOÃO PIAMARTA;RUA PADRE JOÃO PIAMARTA, 161
MILAGRES;26;84;SITIO NAZARE;POSTO DE SAUDE DO NAZARE;SITIO NAZARE
IBARETAMA;6;349;DISTRITO DE PEDRA E CAL;CAPELA SÃO JOSÉ;VÁRZEA DE CIMA
CAUCAIA;37;601;PARQUE SOLEDADE;EEIEF DANILO SÁ BENEVIDES MAGALHÃES;RUA JOÃO PAULO II, 137
UBAJARA;73;187;SÍTIO AMAZONAS;SEDE COMUNITÁRIA JOSE OLAVO CUNHA FREIRE;SITIO AMAZONAS
ARACATI;8;27;CENTRO;E.E.M.T.I. BARAO DE ARACATI;PRAÇA DOS PRAZERES, 82
ARACATI;8;41;VARZEA DA MATRIZ;COLEGIO MUNICIPAL;RUA PADRE PACHECO, S/N.
SÃO BENEDITO;22;107;CENTRO-SEDE;CENTRO EDUCACIONAL DA VIRGEM PODEROSA - CEVP;RUA JOSE ARMANDO RODRIGUES 306
QUIXADÁ;6;71;CIPÓ DOS ANJOS;EEF ELÉLIA CASTELO BRANCO;JOSE GONÇALVES, S/N
IBIAPINA;73;80;RAIMUNDO LINHARES;ESCOLA FRANCISCA RODRIGUES GOMES;RUA ANTONIO BORGES DE CARVALHO, S/N
FORTALEZA;83;756;PICI;ESCOLA MUNICIPAL PROFESSORA MARIA LIDUÍNA CORREA LEITE;RUA FERNÃO MAGALHÃES, 120
AMONTADA;89;213;NASCENTE;EEB CUSTODIO BANDEIRA DOS SANTOS;MUTUCA
FORTALEZA;82;583;ÁLVARO WEYNE;ESCOLA MUNICIPAL PATATIVA DO ASSARÉ;RUA FREI TEOBALDO,646
QUIXERAMOBIM;11;300;MARAVILHA;ESCOLA TEREZA HELOISA SARAIVA CAMARA;RUA GASTÃO FALCÃO
FORTALEZA;80;433;DIONISIO TORRES;ASSEMBLÉIA LEGISLATIVA - UNIVERSIDADE DO PARLAMENTO CEARENSE;RUA BARBOSA DE FREITAS, 2674
FORTALEZA;85;153;CONJUNTO CEARÁ I;EEF GOVERNADOR FAUSTINO ALBUQUERQUE - UV1;RUA 143 N 155 - 1 ETAPA
VÁRZEA ALEGRE;62;176;CALABAÇA-SEDE DO DISTRITO;EEF VEREADOR JOSÉ PRIMO DE MORAIS;VILA EXTREMA
SÃO BENEDITO;22;115;SITIO CARNAUBAL DOS MEDEIROS;EEF CARNAUBAL DOS MEDEIROS;SITIO CARNAUBAL DOS MEDEIROS
AQUIRAZ;66;218;LAMEIRÃO;EEF FRANCISCA MONTEIRO DA SILVA;LAMEIRAO - MALVINA - CAMARA
FORTALEZA;113;234;PARQUELÂNDIA;EEFM ANTONIO SALES - PARQUELÂNDIA;RUA PROF. ANACLETO, 630
BREJO SANTO;70;214;CENTRO-SEDE;PROJETO ABC;RUA MANOEL LEITE DE MOURA 1015
ACARAPE;52;47;CENTRO;ESCOLA MARIA DO CARMO BEZERRA;RUA SEBASTIAO BEZERRA, SN
JIJOCA DE JERICOACOARA;30;167;ZONA RURAL;EEEP SANDRA CARVALHO COSTA;CORREGO DA FORQUILHA I
JARDIM;119;321;CACIMBAS;ESCOLA PADRE CICERO;DISTRITO DE HORIZONTE (POVOADO CACIMBAS)
PARAMBU;19;297;GAVIAO;ESCOLA JOÃO FRANCISCO DA SILVA;GAVIÃO
MARANGUAPE;4;77;TANQUES;EMEIEF DR. CÉSAR CAMPELO;RUA JOÃO DE HOLANDA CAVALCANTE
NOVO ORIENTE;99;7;CENTRO;EEF FRANCISCO RUFINO VIEIRA;RUA CAPITAO RODRIGO S/N
TAUÁ;19;97;TRICI;SALA COORD MINI ESTADIO OSMAR GOMES (ANT EPG LAURINDO C AZEVEDO);LIBERDADE
FORTALEZA;116;477;GRANJA LISBOA;EM DOM LUSTOSA;RUA GERALDO BARBOSA 3901
PARAMBU;19;358;UMBUZEIRO;ESCOLA JOSÉ PEDRO DA SILVA;UMBUZEIRO
QUIXADÁ;6;170;TAPUIARA;ASSOCIAÇÃO DOS MORADORES DO NOVO CONTRATO;NOVO CONTRATO, S/N
SOBRAL;121;299;PATRIARCA;ETI JOSÉ PEREGRINO DE VASCONCELOS;CE 240, 1532 PATRIARCA
MARANGUAPE;4;85;PAPARA;EMEIEF JOÃO LEITE;RUA FERNANDO SAMPAIO DE ANDRADE, S/N
FORTIM;8;88;CENTRO;EEIFTI. PROFESSORA MARIA LUIZA;RUA JOAQUIM CRISÓSTOMO, 739.
QUITERIANÓPOLIS;99;125;ZONA RURAL;EEI FRANCISCO SOARES DE SOUSA;PAU DARCO
PARACURU;109;104;CENTRO;E. M. E. F. PADRE JOAO DA ROCHA;RUA DES PONTES VIEIRA, 575
TAMBORIL;61;39;CENTRO;EMEF GENERAL SAMPAIO;RUA FRANCISCO MARTINS DE HOLANDA, 75
INDEPENDÊNCIA;39;50;TRANQUEIRAS;E.E.F. VIRGILIO TAVORA;POVOADO TRANQUEIRAS
COREAÚ;64;84;Centro;COREAÚ - (GINASIO) ESCOLA MUN. NOSSA SRA. DA PIEDADE;RUA CEL. FCO. GOMES CAMILO, 226 - ALTO SÃO JOSÉ
MASSAPÊ;45;129;CRUZEIRO;EEEP FRANCISCA NEILYTA CARNEIRO ALBUQUERQUE;RODOVIA CE362 KM 81 S/N
JUAZEIRO DO NORTE;28;133;MARROCOS;EEF JOSE DE ARAUJO;VILA SAO GONCALO
FORTALEZA;83;167;JÓQUEI CLUBE;EEFM HERACLITO DE CASTRO E SILVA;RUA SILVEIRA FILHO, 808
QUIXERAMOBIM;11;153;MONTEIRO DE MORAIS;ESCOLA MARIA ARAUJO CARNEIRO;RUA DR SEBASTIAO CAVALCANTE, 58
FORTALEZA;82;578;PIRAMBU;ESCOLA MUNICIPAL SÃO CURA D'ARS;RUA SANTA ELISA, 722
QUIXELÔ;13;141;CENTRO;ESCOLA DE ENS FUND E MÉDIO PROFESSOR LUIS DE GONZAGA FONSECA MOTA;RUA VITORINO JOSE DE OLIVEIRA SN
CAMOCIM;32;222;BOA ESPERANCA;COLEGIO MONSENHOR JOSE AUGUSTO;RUA 3 DE OUTUBRO S/N
MOMBAÇA;46;144;BOA VISTA;ESCOLA DE ENSINO FUNDAMENTAL JARDILINA VIEIRA DE SOUSA;SITIO SANTA RITA II
FORTALEZA;94;382;VILA VELHA;EMEF QUINTINO CUNHA;RUA MARIA CLARA 1263
BARBALHA;31;41;SÍTIO BOA ESPERANÇA (ARAJARA);CEI MARIA RAIMUNDA DO ESPÍRITO SANTO DA COSTA (ARAJARA);SÍTIO BOA ESPERANÇA, S/N - DISTRITO DE ARAJARA (7.34129 S, 39.38988 W)
UBAJARA;73;150;CACHOEIRA DO BOI MORTO;ESCOLA MANUEL URUÇU;SITIO CACHOEIRA DO BOI MORTO
FORTALEZA;94;712;QUINTINO CUNHA;EEMTI MARIA JOSÉ SANTOS FERREIRA GOMES (CERE);RUA DONA LUCIA PINHEIRO, 93
QUITERIANÓPOLIS;99;113;ZONA RURAL;EEIF MANOEL RODRIGUES DO NASCIMENTO;SANTA MARIA
SANTA QUITÉRIA;54;47;CENTRO;COLÉGIO PAULO FREIRE;RUA JOÃO RODRIGUES PINTO, 235
FORTALEZA;95;296;JANGURUSSU;EMEIEF MARTHA DOS MARTINS COELHO GUILHERME;RUA 313, 243, CONJUNTO SÃO CRISTÓVÃO
MARCO;96;110;CENTRO-SEDE;PATRONATO MATER DEI;RUA 7 DE SETEMBRO,S/N - CENTRO
GUARACIABA DO NORTE;74;181;ESTÁDIO;EEF. JOÃO MIGUEL DA FONSECA LOBO;RUA METON SILVANO
BATURITÉ;5;4;CENTRO-SEDE;EMEF DOMINGOS SAVIO;AV DOM BOSCO, 393
IPAPORANGA;20;266;SACRAMENTO;ESCOLA DE ENSINO FUNDAMENTAL GONCALVES PEREIRA DA SILVA;GROTAS
VARJOTA;65;163;CROATÁ DOS MARTINS;E.E.F. ODILON NOBRE;AV GONÇALVES EVARISTO. 596
FORTALEZA;95;157;CONJUNTO PALMEIRAS;EM MARIETA CALS;RUA VALPARAISO, 160
JARDIM;119;292;CENTRO;CENTRO EDUCACIONAL PADRE ALDEMIR;RUA FRANCISCO RORIZ 227
BARROQUINHA;108;66;DISTRITO BITUPITÁ;EXTENSÃO DA EEMTI JAIME LAURINDO DA SILVA - BITUPITÁ;RUA DA CABEÇA, S/N
MARCO;96;149;LOCALIDADE DE TRIANGULO DO MARCO;EEF SAO FRANCISCO;RUA ZENAIDE OSTERNO, SN
BREJO SANTO;70;257;SAO FRANCISCO-SEDE;LICEU PROFESSOR JOSÉ TELES DE CARVALHO;AV. ANTONIO FLORENTINO DE ARAUJO 800
FORTIM;8;320;CANTO DA BARRA;EEFTI. COMUNITÁRIA DA BARRA;RUA ANGELITA FELIPE BEZERRA, 47.
INDEPENDÊNCIA;39;194;SAO JOAQUIM;E.E.F. MUNICIPAL ANTONIO FERREIRA CHAVES;LOCALIDADE DE SAO JOAQUIM
MARANGUAPE;4;512;SÃO JOÃO DO AMANARI;EMEF JOSÉ PEREIRA DE SOUSA;RUA MIGUEL FERNANDES, 571
MARANGUAPE;4;454;CÔNEGO RAIMUNDO PINTO - MARANGUAPE;EEMTI EUNICE WEAVER;AV SEN ALMIR PINTO KM 15 PAU SERRADO
TRAIRI;97;5;CENTRO;COLEGIO CENTRO EDUCACIONAL PIO RODRIGUES;RUA MANOEL TEIXEIRA S/N
QUIXERAMOBIM;11;164;SEDE RURAL;ESCOLA OSVALDO MARTINS DE ALMEIDA;AROEIRAS
IPU;21;167;DISTRITO;E.M.E.F. VENCESLAU FERREIRA CHAVES;BAIXA LARGA
FORTALEZA;113;173;BENFICA;FEAAC - UFC;AV. DA UNIVERSIDADE, 2431
BARBALHA;31;137;MALVINAS;CEI RAIMUNDA MARIA SAMPAIO (MALVINAS);RUA P-19, S/N - PROX. ARENINHA
FORTALEZA;85;317;GENIBAÚ;ESCOLA MUNICIPAL DEP MURILO AGUIAR;RUA 24 DE OUTUBRO 655
NOVO ORIENTE;99;27;CENTRO;EEB DR. ANTONIO EUFRASINO NETO;RUA LUIZ BEZERRA, S/N
TIANGUÁ;81;108;CENTRO;SECRETARIA DO TRABALHO E ASSISTÊNCIA SOCIAL - SETAS;RUA VEREADOR RAIMUNDO LIMA, 200
ARACATI;8;274;MAJORLANDIA;C.E.I. MARIA LEONOR MAIA;RUA EUCLIDES MOREIRA, S/N
ITATIRA;33;466;ZONA RURAL;EMEF 7 DE SETEMBRO;LOCALIDADE DE MORRO BRANCO
GRANJA;25;49;IBUGUAÇU;E.E.F. DONA MARIA GUILHERME DE CARVALHO;RUA NOVA, S/N
QUIXELÔ;13;569;CENTRO;EEF CRISTIANA VIEIRA DE ARAUJO;RUA PEDRO GOMES DE ARAÚJO S/N
MOMBAÇA;46;36;CENTRO;EMATERCE;AVENIDA ANTONIO JAIME BENEVIDES FILHO
RUSSAS;9;306;CENTRO;ESCOLA MUNICIPAL JOSE RAIMUNDO DE DEUS;AVENIDA IRMÃ MARIA DA GRAÇA
IPUEIRAS;40;13;GÁSEA;EEF FRANCISCO GOMES DE MELO - GÁSEA;GÁSEA
ICÓ;15;196;CENTRO - SEDE;EEM - VIVINA MONTEIRO;RUA DR INACIO DIAS S/N
BOA VIAGEM;63;149;CENTRO-SEDE;EEF PE ANTONIO CORREIA DE SA;RUA JOSE RANGEL DE ARAUJO 22
OCARA;67;174;ARISCO DOS MARIANOS-DISTRITO;ESCOLA MUNICIPAL ANTONIO CLAUDINO DA SILVA - ENSINO FUNDAMENTAL;VILA NOVA DOS LUZIAS
FORTALEZA;80;292;VILA UNIÃO;ESCOLA MUNICIPAL PAPA JOÃO XXIII;AV TREZE DE ABRIL, 545
IPUEIRAS;40;126;BARRA DO LINO;EEF JOSE HONÓRIO CHAVES - BARRA DO LINO;BARRA DO LINO
IPU;21;93;ALTO DA BOA VISTA;EMEB MONSENHOR GONÇALO DE OLIVEIRA LIMA;AV. JOSÉ CARVALHO DE ARAGÃO, 102
SANTANA DO ACARAÚ;44;38;CANAFISTULA;EEF  FRANCISCO DAS CHAGAS FEIJAO;CANAFISTULA
QUIXADÁ;6;342;CAMPO NOVO;EEF JOSÉ BONIFÁCIO DE SOUSA (ESCOLA MODELO);TRAVESSA DA LAVANDERIA, 152
FORTALEZA;80;372;FÁTIMA;INSTITUTO DE EDUCAÇÃO DO CEARÁ;RUA GRACILIANO RAMOS, 52
FORTALEZA;113;27;BENFICA;IFCE - INST FEDERAL DE CIÊNCIA E TECNOLOGIA (CEFET);AV. 13 DE MAIO, 2081
BARBALHA;31;154;SÍTIO CORRENTINHO;EMEIF MARIA NOETE FILGUEIRA DUARTE (SÍTIO CORRENTINHO);RODOVIA CE-293, KM 7 - SITIO CORRENTINHO (7.33422 S, 39.36392 W)
FORTALEZA;85;364;DOM LUSTOSA;EEFM AYRTON SENNA DA SILVA;RUA MANAUS, 855
ITAPAJÉ;41;166;SALGADO;ESCOLA MUNICIPAL FRANCISCO DAS CHAGAS VIEIRA;SALGADO
ITAPAJÉ;41;267;SANTA RITA-SEDE;ESCOLA PREFEITO LUIS FORTE DA SILVA;RUA ALVARO BASTOS SN
SANTA QUITÉRIA;54;51;BOA VIDA;COLÉGIO DOM BOSCO;RUA OTÁVIO TERCEIRO DE FARIAS, 245
VÁRZEA ALEGRE;62;139;ZEZINHO COSTA;EEF DR. DÁRIO BATISTA MORENO;AV. VICENTE ALVES COSTA, 624
MARANGUAPE;4;436;SÃO JOÃO DO AMANARI;EMEF JOSÉ PEREIRA DE SOUSA;RUA MIGUEL FERNANDES, 571
MARANGUAPE;4;97;JUBAIA;EMEF LEONOR DE CASTRO BORGES;RUA ANTÔNIA BOTELHO, 83
FORTALEZA;93;132;PREFEITO JOSÉ WALTER;COLEGIO 21 EDUCAR;AV JOAO DE ARAUJO LIMA, 1240 - II ETAPA
ICÓ;15;93;CENTRO - SEDE;EEM - VIVINA MONTEIRO;RUA DR INACIO DIAS S/N
TRAIRI;97;20;CENTRO;ESCOLA DE 1 E 2 GRAU JONAS HENRIQUE DE AZEVEDO;AV CELSO BARROSO
JUAZEIRO DO NORTE;28;131;PROFESSORA MARIA GELI SA BARRETO;EEIF JOÃO ROMÃO DE SÁ BARRETO;SITIO BREJO SECO
CHOROZINHO;49;137;CENTRO;CENTRO DE EDUCAÇÃO INFANTIL ERCILIA BEZERRA;RUA FRANCISCO DAS CHAGAS BRASIL 23
POTENGI;68;71;SITIO CARCARA;ESCOLA MUNICIPAL MARIA VIRGEM DA SILVA - CARCARÁ;SITIO CARCARÁ
REDENÇÃO;52;28;DISTRITO DE ANTÔNIO DIOGO;CENTRO DE EDUCAÇÃO INFANTIL PEDRO FERNANDES COSTA;RUA TEREZA CRISTINA, S/N
PARAIPABA;109;121;CENTRO;EEM ENGENHEIRO AGEU ROMERO;RUA EVARISTO GOMES 143
MARCO;96;121;BAIRRO COQUEIRINHO;CEI EDILARDO MOREIRA;RUA GOVERNADOR RAUL BARBOSA S/N
SENADOR POMPEU;12;149;SAO JOAQUIM;ASSOCIAÇÃO COMUNITÁRIA DO SÍTIO SÃO FRANCISCO;SÍTIO SÃO FRANCISCO
CEDRO;13;509;DIVISÃO;ESCOLA DE ENS FUND ANTONIETA JUCA MARQUES;RUA 7 DE SETEMBRO S/N
GRAÇA;79;150;CENTRO-SEDE;EEF PROF. MARIA DO AMPARO SOUSA;CONJ. HABITACIONAL 15 DE ABRIL
PEDRA BRANCA;59;67;SEDE;E.E.I.F. JOSE ARAUJO CHAVES;SITIO OLHO D' AGUINHA
FORTALEZA;116;408;BONSUCESSO;EM JOAO PAULO I;RUA LUIZ DE CASTRO 254
FORTALEZA;113;133;BOM FUTURO;EMEIF DOM MANUEL DA SILVA GOMES;RUA SAMUEL UCHÔA, 550
FORTALEZA;82;630;CRISTO REDENTOR;EM VIRGÍLIO TÁVORA;AV. MONSENHOR HÉLIO CAMPOS, 155
AQUIRAZ;66;120;DIVINEIA;ESCOLA DE EDUCAÇÃO PROFISSIONAL PROFESSORA ALDA FAÇANHA;AVENIDA NOSSA SENHORA DE LOURDES, S/N
TIANGUÁ;81;119;ÁREA RURAL DE TIANGUÁ;E.E.F. CLÓVES PEREIRA COSTA;SÍTIO FIM DO CÓRREGO
BEBERIBE;84;101;ITAPEIM;ESCOLA MUNICIPAL JOAO RODRIGUES DO NASCIMENTO;JATOBA
PENTECOSTE;50;87;CENTRO;SECRETARIA DE EDUCAÇÃO DE PENTECOSTE;RUA MAJOR JOÃO MARTINS, 361
AIUABA;101;42;CENTRO;EEM JOSÉ FERREIRA BARBOSA;RUA 7 DE SETEMBRO S/N
TURURU;17;622;CEMOABA / ZONA RURAL;EMEF MARIA LUNGA MOREIRA;RUA PRINCIPAL
TAMBORIL;61;88;BAIRRO MONTE CASTELO;EMEIF PROFª JULIETA ALVES TIMBÓ;RUA FRANCKLIN CAVALCANTE SN
FORTALEZA;116;45;BOM JARDIM;EM SANTOS DUMONT;RUA GERALDO BARBOSA 240
MARACANAÚ;104;364;PAJUÇARA;EMEIEF PROF PAULO FREIRE;RUA PAULO BATISTA 660
SOBRAL;24;506;ALTO DA BRASÍLIA;EEFI RAUL MONTE;RUA MACEIO, S/N
UBAJARA;73;106;CENTRO;ESCOLA  MONS FRANCISCO TARCISIO MELO;AV CEL FRANCISCO CAVALCANTE, SN
HIDROLÂNDIA;54;216;PROGRESSO;ESCOLA MUNICIPAL MARIA MIRIAN FERREIRA DE SOUZA;RUA FABIANA FERREIRA, SN.
BOA VIAGEM;63;5;CENTRO-SEDE;SECRETÁRIA DO TRABALHO E ASSISTENCIA SOCIAL- ANTIGO CENTRO COMUNITÁRIO;RUA ANTONIO QUEIROZ  250
CAMOCIM;32;85;ZONA RURAL;EEF CEL VICENTE DE PAULA AGUIAR - GRUPO PEDRA BRANCA;LOCALIDADE DE PEDRA BRANCA
IBARETAMA;6;476;CENTRO;EEMTI CÔNEGO LUIZ BRAGA ROCHA;RUA PADRE JOAO SCOPEL, S/N
FORQUILHA;121;198;EDMUNDO RODRIGUES;EEFM ELZA GOERSCH;AV CRIANÇA DANTE VALERIO S/N CENTRO
FORQUILHA;121;202;CENTRO;EEF DEP JOSE PARENTE PRADO(CENTRO SOCIAL);R MOCINHA VIANA 96
FORTALEZA;113;397;MONTESE;CENTRO DE ENSINO GRAU TÉCNICO;RUA BARÃO DE SOBRAL, N.712
PACOTI;5;168;CENTRO-SEDE;EMTI SAO LUIS;RUA PADRE QUILIANO 72
FORTALEZA;117;478;CANINDEZINHO;ESCOLA MUNICIPAL JORNALISTA DEMÓCRITO DUMMAR;RUA EUCLIDES PAULINO BARROSO, 2505
GRANJA;25;62;PARAZINHO;E.E.F.T.I. FRANCISCA CLEOMAR VERAS FREITAS (ANTIGA CERU);RUA JOSE MARTINS, S/N
FORTALEZA;95;111;CONJUNTO PALMEIRAS;EMTI JOAO GERMANO DA PONTE NETO;RUA MAIZA, 549
MASSAPÊ;45;26;GINASIO;CENTRO EDUCACIONAL MASSAPEENSE;RUA AMADEU ALBUQUERQUE 323
CARIDADE;111;99;ZONA RURAL;EEIF ARTUR SALVINO - LOCALIDADE SÃO VICENTE;LOCALIDADE DE SAO VICENTE
PORTEIRAS;70;309;ABREUS DOIS-SEDE;ESCOLA DE 1 GRAU MIGUEL LAURENTINO DE SOUZA;SITIO ABREUS DOIS
PORTEIRAS;70;419;ZONA RURAL;E E I F PROFESSORA BEATRIZ PINHEIRO DA COSTA;SÍTIO MUQUEM
PARACURU;109;101;PARACURU BEACH;E. E. E. P. PROFESSORA ABIGAIL SAMPAIO - ESCOLA TÉCNICA;AV. JOÃO LOPES MEIRELES
RUSSAS;9;132;SITIO CANTO;ESCOLA MUNICIPAL JOSE NICOLAU RODRIGUES LIMA;SITIO CANTO
RUSSAS;9;150;INGA;ESCOLA MUNICIPAL JOSE RICARDO DE MATOS;INGÁ
FORTALEZA;80;393;FÁTIMA;EEM GOV. ADAUTO BEZERRA;RUA MONSENHOR LIBERATO, 1850
JUCÁS;43;116;SÃO PEDRO DO NORTE - VILA;ESCOLA DE 1 GRAU DOM JOSE MAURO;RUA JOSE NORBERTO DE SOUSA S/N
CANINDÉ;33;4;CENTRO;COLEGIO ESTADUAL PAULO SARASATE;RUA JOAQUIM MAGALHAES 100
FORTALEZA;82;59;ÁLVARO WEYNE;EM NOSSA SENHORA DO PERPÉTUO SOCORRO;RUA CÔNSUL GOUVEIA, 57
CARIRIAÇU;71;74;FEITOSA;EEF JOSÉ SERAFIM DE OLIVEIRA;SITIO RIACHO SECO DO MEIO DE ZECA PEREIRA
CAUCAIA;37;218;IPARANA;E.E.F. ERBE TEIXEIRA FIRMEZA;AV. ULISSES GUIMARAES, S/N
LAVRAS DA MANGABEIRA;14;76;IBOREPI - DISTRITO;EEF FRANCISCO ASSIS DE SOUZA;RUA RAIMUNDO RODRIGUES VIANA
TEJUÇUOCA;41;164;RETIRO CAXITORE;ESCOLA DE ENSINO FUNDAMENTAL DE TEMPO INTEGRAL LUIZA DA SILVA MOTA;RETIRO CAXITORE
FORTALEZA;112;570;CAMBEBA;COLÉGIO BATISTA - UNIDADE SEIS BOCAS;RUA DR. WALDEMAR DE ALCANTARA, 200
TIANGUÁ;81;216;ÁREA RURAL DE TIANGUÁ;E.E.F. BENTO PEREIRA;SÍTIO BELA VISTA
BATURITÉ;5;53;CENTRO-SEDE;EMEF DOMINGOS SAVIO;AV DOM BOSCO, 393
FORQUILHA;121;205;CENTRO;EEF ANTONIO JOSE DE LOIOLA FILHO;RUA MONSENHOR DOMINGOS, S/N
FORTALEZA;83;688;BELA VISTA;EEMTI ESTADO DO AMAZONAS;RUA MONSENHOR FURTADO 2327
EUSÉBIO;88;115;PEDRAS;EEF EVANDRO AYRES DE MOURA;RUA DOMINGOS SAVIO, 578 - PEDRAS
FORTALEZA;82;369;SÃO GERARDO;COLÉGIO MASTER - BEZERRA DE MENEZES;AV. BEZERRA DE MENEZES, 1802
MARANGUAPE;4;31;PARQUE IRACEMA - MARANGUAPE;EEMTI ANCHIETA;RUA ANTÕNIO GOMES BESSA, 60
FORTALEZA;113;356;MONTESE;COLÉGIO AGNUS;RUA TEODORICO BARROSO, 827
MILAGRES;26;100;FRANCISCA DO SOCORRO;SOCIEDADE DE ASSISTENCIA A CRIANCA;RUA JOSE DE ALENCAR
MARACANAÚ;104;288;PAJUÇARA;EMEIEF PREFEITO ALMIR FREITAS DUTRA;RUA ELÍFIO MEDEIROS DA CUNHA, 531
MARACANAÚ;104;270;JARDIM BANDEIRANTES;EMEF EVANDRO AYRES DE MOURA;RUA SÃO SEBASTIÃO, 341
FORTALEZA;93;228;PREFEITO JOSÉ WALTER;EM DIOGO VITAL DE SIQUEIRA;AVENIDA L , S/N
BEBERIBE;84;111;CENTRO;ESCOLA MUNICIPAL DESEMBARGADOR PEDRO DE QUEIROZ;RUA JOSE BESSA 561
TIANGUÁ;81;113;ARAPÁ;CENTRO EDUCACIONAL PROFESSOR OSVALDO NOGUEIRA LIMA - CEPON;RUA QUINTINO MARQUES, S/N - DISTRITO ARAPÁ
SÃO BENEDITO;22;219;CIDADE ALTA;CVT - CENTRO VOCACIONAL TECNOLOGICO;RUA NOEME AMARAL 401
ITATIRA;33;392;DISTRITO DE LAGOA DO MATO;CERU - JOSÉ PAULO DE SOUSA;AV. ZEZE JUCA N 1789
AMONTADA;89;124;GARÇAS;EEBTI RAIMUNDO EDIMILSON LIMA;TUCUNS
PACAJUS;49;208;BANGUE II;EEF FRANCISCO DA SILVA FILHO;RUA MARIA AMÉLIA DA SILVA 13
FORTALEZA;80;317;DIONISIO TORRES;COLÉGIO SANTO INACIO;AVENIDA DESEMBARGADOR MOREIRA 2355
FORQUILHA;121;185;ALTO ALEGRE;CERU-CENTRO DE EDUCAÇÃO BASICA MARRINA MAGALHAES MARTINS;R POSIDONIO GOMES SIQUEIRA SN
SOLONÓPOLE;55;90;CANGATI;ESCOLA DE ENSINO FUNDAMENTAL SANTA MARIA GORETE;CANGATI
PARAMBU;19;276;CENTRO;CEI - CENTRO DE EDUCAÇÃO INFANTIL;RUA JUSCELINO KUBISHEK
CANINDÉ;33;399;SANTA LUZIA;EMEF SENADOR CARLOS JEREISSATI;RUA EUCLIDES BARROSO, 1048
TAUÁ;19;61;COLIBRIS;ESCOLA LICEU DE TAUA LILI FEITOSA;RUA JORNALISTA HELDER FEITOSA SN
MASSAPÊ;45;51;ZONA RURAL;GE ANTONIO DE PAULA PESSOA DE FIGUEIREDO;POVOADO DE AIUA
ARATUBA;105;65;CENTRO-SEDE;CEI NELLY DE LIMA E MELO;RUA JOAQUIM BEZERRA LIMA, SN
SENADOR SÁ;45;65;ZONA RURAL;EEF ANTONIO COSTA NASCIMENTO;POVOADO DE SALAO
CRUZ;30;197;CANEMA;ESCOLA FILOMENA MARTINS DOS SANTOS;CANEMA
FORTALEZA;82;196;MONTE CASTELO;EM PROFESSOR MARTINZ DE AGUIAR;RUA BERNARDO PORTO, 470
ACARAÚ;30;365;CENTRO;LICEU DE ACARAÚ - ESCOLA MARIA ALICE RAMOS;CENTRO
FORTALEZA;117;249;PARQUE SANTA ROSA;ESCOLA MUNICIPAL MARIETA GUEDES MARTINS;RUA JOSE GUEDES MARTINS 4701
FORTALEZA;94;922;QUINTINO CUNHA;EMEIEF PROF DENIZARD MACEDO DE ALCÂNTARA;RUA MATOSO FILHO 450
BREJO SANTO;70;146;SAO FRANCISCO-SEDE;CREDE 20;RUA GENESIO RICARTE, 637
BOA VIAGEM;63;45;JACAMPARI;EEF FRANCISCO FELIX MARINHO;RUA PEDRO RODRIGUES PAÉ, S/N
UMIRIM;23;252;BANANA;E.E.M. MARIA IRACEMA UCHOA SALES (LICEU);RUA RUFINO DE SOUSA, S/N
UBAJARA;73;142;DISTRITO JABURUNA;ESCOLA LUIZ RIBEIRO DA SILVA;DISTRITO JABURUNA
TRAIRI;97;153;CLEMENTE;EEF MANOEL DE SOUSA BRITO;CLEMENTE
PEREIRO;10;149;SITIO LAGOA NOVA;ESCOLA MUNICIPAL DO 1 GRAU MARIA DAS GRACAS NOGUEIRA;SITIO LAGOA NOVA
ITAPIPOCA;17;88;ARAPARI;EEB JOSE EDILSON DE SOUSA;ARAPARI
MARACANAÚ;104;38;PAJUÇARA;EMEF RODOLFO TEÓFILO;RUA OTÁVIO ALVES, 1120
AQUIRAZ;66;238;BATOQUE;EMEF DE BATOQUE;PRAIA DO BATOQUE SN
JUAZEIRO DO NORTE;119;186;TIMBAUBA;EMEI MADRE MARIA VILLAC;RUA RUI BARBOSA, S/N
MORADA NOVA;47;49;CENTRO;CEBCJEC -CENTRO DE EDUCAÇÃO BÁSICA CORONEL JOSÉ EPIFÂNIO DAS CHAGAS;AV MANOEL CASTRO, 600
TAMBORIL;61;55;DISTRITO DE OLIVEIRAS;EMEIF FRANCISCO LUCIO;RUA FRANCISCO LUCIO - VILA OLIVEIRAS
SOBRAL;121;106;CENTRO;COLEGIO FARIAS BRITO SOBRALENSE;PRACA QUIRINO RODRIGUES S/N
FORTALEZA;83;59;BELA VISTA;EEMTI SENADOR FERNANDES TÁVORA;RUA GOIÁS 141
TRAIRI;97;71;CANAA;EEF JOSE FIRMINO DA CUNHA;CANAA
SOBRAL;121;258;PATRIARCA;ETI JOSÉ PEREGRINO DE VASCONCELOS;CE 240, 1532 PATRIARCA
FORTALEZA;80;211;ALTO DA BALANÇA;EEF CIRCULISTA BOM JESUS;RUA JOSE BUSON 101
FORTALEZA;93;149;PREFEITO JOSÉ WALTER;EEEP PROFESSOR ONELIO PORTO;AVENIDA E, 471 - II ETAPA
PINDORETAMA;7;300;CENTRO-PINDORETAMA;EMEB FRANCISCA HOLANDA COSTA;RUA MARECHAL CASTELO BRANCO, 1074
QUIXERAMOBIM;11;78;NENELANDIA;ESCOLA MANOEL LUIS DA SILVA CO;COSMOS PAES
SALITRE;38;46;CENTRO;E. E. F. FRANCISCO VITURINO DE LUNA - SEDE;RUA SÃO PEDRO, 237
CRUZ;30;370;TUCUNS;ESCOLA FILOMENO FREITAS VASCONCELOS;AV TENENTE ALBANO  SN
FORTALEZA;85;383;CONJUNTO CEARÁ I;EEFM PROF. EDMILSON GUIMARAES DE ALMEIDA UV 10;RUA 1074 S/N (PROX. HOSPITAL), 4 ETAPA
JUCÁS;43;48;VILA JOSÉ BENTO - SEDE;CENTRO DE SAUDE DE JUCÁS;VILA JOSE BENTO
FORTALEZA;115;168;MONTESE;EEMTI JOAO MATTOS;RUA ALMIRANTE RUBIM, 1014
FORTALEZA;93;218;PREFEITO JOSÉ WALTER;CEI FRANCISCO SALES FERNANDES;AV K, S/N
TIANGUÁ;81;110;PINDOGUABA;CENTRO EDUCACIONAL ANTÔNIO JOSÉ DA ROCHA;RUA SÃO JOÃO BATISTA, S/N - DISTRITO PINDOGUABA
MORADA NOVA;47;214;ARUARU;EEB PROFESSORA JOANA PAULA DE MORAIS;AVENIDA ERNESTO GEISEL
SOLONÓPOLE;55;140;CENTRO;E.M.E.B. MARIA AUGUSTA PINHEIRO;RUA JOSÉ NELSON RODRIGUES , S/N, - ALTO VISTOSO - CONJ NOSSA SENHORA
URUBURETAMA;23;349;SAO JOAO;EEIF FRANCESCO E SELENA PETERNAZZI;RUA JERÔNIMO ROCHA BRAGA
JUAZEIRO DO NORTE;119;139;NOVO JUAZEIRO;ESCOLA TARCILA CRUZ ALENCAR;CASTELO BRANCO 4451
QUIXADÁ;6;465;CAMPO NOVO;EEF JOSÉ JEAN DA SILVA PEREIRA;RUA DA ESTRELA, 425
MASSAPÊ;45;122;ZONA RURAL;EEF SAO JOSE;POVOADO CAMPESTRE
FORTALEZA;80;140;DIONISIO TORRES;EEFM JOAQUIM ANTÔNIO ALBANO;RUA JULIO SIQUEIRA 390
TABULEIRO DO NORTE;91;77;DONATO;ASSOCIAÇÃO DOS MORADORES DO SITIO DONATO;SITIO DONATO
FORTALEZA;113;76;CENTRO;COLÉGIO LOURENÇO FILHO;RUA BARÃO DO RIO BRANCO, 2101
ITAPAJÉ;41;296;BARATEIRO;ESCOLA MUNICIPAL JOAO MARTINS TEIXEIRA;BR 222, KM 125
PENTECOSTE;50;159;ZONA RURAL;EEIF MANOEL FÉLIX GOMES;MULUNGU
SABOEIRO;43;261;BARRINHA;E.E.F. ANTONIO WILSON DOS SANTOS;DISTRITO BARRINHA
BELA CRUZ;96;27;RIACHO SAO MIGUEL;EMEIEF MIGUEL ABILIO DA COSTA;RIACHO DA PRATA
CAUCAIA;37;511;TABAPUÁ;E.E.I.E.F. AFFONSO DE MEDEIROS;RUA 05, S/N
EUSÉBIO;88;204;GUARIBAS;EEF DAS GUARIBAS;RUA SÃO FRANCISCO, 84 - GUARIBAS
CAMOCIM;32;231;ZONA RURAL;E.E.F. DEP MURILO ROCHA AGUIAR - KM 06;LOCALIDADE KM 06
QUIXADÁ;6;391;PLANALTO RENASCER;EEFM RAIMUNDO MARQUES DE ALMEIDA (ESCOLA MODELO);RUA PARAGUAI, 2055
IPUEIRAS;40;145;CENTRO;ESCOLA DE ENSINO FUNDAMENTAL JOSÉ ALOÍSIO ARAGÃO - CENTRO;RUA CORONEL MALAQUIAS, 36
FORTALEZA;117;376;MANOEL SÁTIRO;EMEIF MARIA BEZERRA QUEVEDO;RUA 103, 28 - CJ. NOVO MONDUBIM
FORTALEZA;82;687;CARLITO PAMPLONA;EEMTI JOSÉ VALDO RIBEIRO RAMOS;RUA PEDRO AMÉRICO, 100
BREJO SANTO;70;247;ALTO DA BELA VISTA;CEI ROSA ROBERTO;ALTO DA BELA VISTA
CARIRIAÇU;71;146;SÍTIO BANANEIRAS;EEIF ANTONIO FRANCISCO CALIXTO;SÍTIO BANANEIRAS
ACARAÚ;30;37;ARANAÚ;ESCOLA MARIA CONCEICAO DE ARAUJO;RUA DR ALOISIO SN - ARANAU
ITAPIÚNA;105;122;CENTRO;ESCOLA DE ENSINO FUNDAMENTAL E MEDIO FRANKLIN TAVORA;AVENIDA SAO CRISTOVAO 80
JUCÁS;43;111;CRUZ - SÍTIO - CANAFÍSTULA;SALAO COMUNITARIO DA CRUZ;SÍTIO CRUZ
CAUCAIA;37;464;PADRE ROMUALDO;E.E.F. AUGUSTO CESAR SILVA SALES;RUA 15 DE NOVEMBRO, 456
FORTALEZA;113;364;MONTESE;COLÉGIO ESTADUAL PRESIDENTE HUMBERTO CASTELO BRANCO;RUA IRMA BAZET, 210
SENADOR POMPEU;12;88;CENTRO;CEJA DE SENADOR POMPEU - CENTRO DE EDUCAÇÃO DE JOVENS E ADULTOS;RUA PROFESSORA MARIA HERMINIA, 70
ITATIRA;33;252;ZONA RURAL;EMEF MENINO JESUS DE PRAGA;LOCALIDADE PEBAS/LAGOA DE DENTRO
MOMBAÇA;46;149;BOA VISTA;ESCOLA DE ENSINO FUNDAMENTAL LUÍS BATISTA VIEIRA;SITIO CAPIVARA
JUAZEIRO DO NORTE;28;477;TRES MARIAS;EMEF PROFA MARIA DE LOURDES LOPES DE SOUSA;AV. DO AGRICULTOR
QUIXELÔ;13;169;ANTONICO-DISTRITO;ESCOLA DE ENS FUND JOAO VICENTE ALVES;ANTONICO-DISTRITO
MIRAÍMA;89;258;BROTAS;EEFM VICENTE ANTENOR FERREIRA GOMES;BROTAS
FORTALEZA;116;477;GRANJA LISBOA;EM DOM LUSTOSA;RUA GERALDO BARBOSA 3901
SENADOR POMPEU;12;74;SAO JOAQUIM;ASSOCIAÇÃO COMUNITARIA DO SÍTIO ALFERES;SÍTIO ALFERES
FORTALEZA;116;417;BONSUCESSO;EM MARIA DO SOCORRO ALVES CARNEIRO;RUA LUIS VIEIRA 1020
FORTALEZA;113;234;PARQUELÂNDIA;EEFM ANTONIO SALES - PARQUELÂNDIA;RUA PROF. ANACLETO, 630
NOVA OLINDA;53;31;CENTRO;SECRETARIA MUNICIPAL DE SAÚDE;RUA ALVIM ALVES, SN
ITATIRA;33;292;CENTRO;EEFM ANTONIO SABINO GUERRA;RUA DR CLODOALDO PINTO SN
CAUCAIA;37;567;MESTRE ANTONIO;E.E.F. NELY CAULA DE CARVALHO;RUA LUIS GOMES DA SILVA, S/N
PALHANO;9;3;CENTRO;ESCOLA DE ENSINO MEDIO JOSE FRANCISCO DE MOURA;AVENIDA POSSIDONIO BARRETO 459
TAUÁ;19;230;BEZERRA E SOUZA;EEF MARIA DO LIVRAMENTO BARRETO DA COSTA LEITAO;RUA PEDRO MATIAS DE VASCONCELOS SN
CAUCAIA;37;620;PACHECO;E.E.F. ADRIANO MARTINS;RUA ADRIANO MARTINS, S/N
ORÓS;15;229;CENTRO;E.E.F. ELISEU BATISTA;AV. JOSÉ GABRIEL BEZERRA,300
BATURITÉ;5;59;JORDAO-SITIO;EMEF JOSÉ AIRTON AMORA VASCONCELOS;SÍTIO JORDÃO, SN
ARACATI;8;176;QUINDERE I;POSTO SAÚDE DO QUINDERÉ 1;CÓRREGO DO QUINDERÉ
TABULEIRO DO NORTE;91;57;CENTRO;ESCOLA  ANTÔNIO ALVES MAIA;RUA CEL. PIO GADELHA, 4683
FORTALEZA;115;277;ITAPERI;UNIVERSIDADE ESTADUAL DO CEARA - UECE;AV DR. SILAS MUNGUBA, 1700
FORTALEZA;82;503;PIRAMBU;CENTRO EDUCACIONAL DOM HÉLIO CAMPOS;RUA SÃO RAIMUNDO, 199
FORTALEZA;116;312;BOM JARDIM;EM SANTA ISABEL;RUA RAIMUNDO PINHEIRO 798
OCARA;67;259;CURUPIRA-DISTRITO;UNIDADE BÁSICA DE SAÚDE AURELIANO FRANCISCO DE SALES;SÍTIO TRINTA E SETE
TABULEIRO DO NORTE;91;42;OLHO D'ÁGUA DA BICA;EEMTI ANTONIO VIDAL MALVEIRA;OLHO D'ÁGUA DA BICA
IBIAPINA;73;66;SÍTIO PEJUABA;ESCOLA DOMINGOS FERINO;SÍTIO PEJUABA
FORTALEZA;93;146;PREFEITO JOSÉ WALTER;EEEP PROFESSOR ONELIO PORTO;AVENIDA E, 471 - II ETAPA
IPU;21;123;SEDE;E.M.E.F. MARIA LAURA SAMPAIO;RUA FELIX CANDIDO 857 - ALTO DOS 14
FORTALEZA;85;198;CONJUNTO CEARÁ I;ESCOLA JOÃO PAULO II;AV C N. 1381 2 ETAPA
PALHANO;9;16;SAO JOSE;ESCOLA DE ENSINO FUNDAMENTAL RAIMUNDO NOGUEIRA BARROS;SÃO JOSÉ
PALHANO;9;165;ALMAS;UNIDADE BÁSICA DE SAÚDE DO SITIO ALMAS;ALMAS
SANTANA DO ACARAÚ;44;183;JOAO ALFREDO;EEEP FRANCISCO DAS CHAGAS VASCONCELOS;RUA JOSE ANANIAS DE VASCONCELOSS/N
SOBRAL;121;44;TAPERUABA;ESCOLA FREDERICO AUTO CORREIA;RUA ANTONINO MELO - VASSOURAS
FORTALEZA;83;493;JÓQUEI CLUBE;COLÉGIO LUCÊ;RUA CUIABA 155
CARIRIAÇU;71;75;SÍTIO GENIPAPEIRO;EEIF TEREZA DA SILVA SOBREIRA;SÍTIO GENIPAPEIRO
PACAJUS;49;19;BURITI;EEF ALBA LARANJEIRA DE ALBUQUERQUE;RUA ANACLETO SOUSA MAIA
MARCO;96;164;ZONA RURAL;EEF RAIMUNDO PINTO SILVA;LOCALIDADE DE SANTA FE
FORTALEZA;116;25;GRANJA PORTUGAL;CEI REITOR ANTONIO MARTINS FILHO - UNIDADE 2;RUA HUMBERTO LOMEU 1220
CARNAUBAL;22;186;CENTRO;EEF JOAQUIM BASTOS GONCALVES;R JOAO FELICIO 91
MARANGUAPE;4;480;CÔNEGO RAIMUNDO PINTO - MARANGUAPE;EEMTI EUNICE WEAVER;AV SEN ALMIR PINTO KM 15 PAU SERRADO
TAUÁ;19;90;SANTA TEREZA;EMEF AMANCIO CORDEIRO JUNIOR;VILA SANTA TEREZA
PACAJUS;49;404;CENTRO;COLÉGIO SANTA TEREZINHA;RUA CORONEL CICERO NOGUEIRA DE QUEIROZ 330
ACARAÚ;30;5;ARANAÚ;ESCOLA MARIA CONCEICAO DE ARAUJO;RUA DR ALOISIO SN - ARANAU
GRAÇA;79;145;CENTRO-SEDE;EEF PROF. MARIA DO AMPARO SOUSA;CONJ. HABITACIONAL 15 DE ABRIL
FORTALEZA;118;293;PASSARÉ;EM FRANCISCO ANDRADE TEOFILO GIRAO;RUA UNIDOS VENCEREMOS, 2040
MORADA NOVA;47;273;CENTRO;CEMER-COLEGIO ESTADUAL MARIA EMILIA RABELO;AV MANOEL CASTRO, 619
ICÓ;15;13;CENTRO - SEDE;ESCOLA MUNICIPAL PROFESSORA LOURDES COSTA;AV ILIDIO SAMPAIO,1571
BARROQUINHA;108;94;POVOADO CURIMÃS;ESCOLA NOSSA SENHORA DO PERPETUO SOCORRO;POVOADO CURIMÃS
MARANGUAPE;4;509;LAGOA DO JUVENAL;EMEF JOSÉ DE SOUSA ALBUQUERQUE;AVENIDA NOSSA SENHORA DO CARMO, 525
MARANGUAPE;4;454;CÔNEGO RAIMUNDO PINTO - MARANGUAPE;EEMTI EUNICE WEAVER;AV SEN ALMIR PINTO KM 15 PAU SERRADO
FORTALEZA;82;546;CRISTO REDENTOR;EM SANTA TEREZA;AV. MONSENHOR HÉLIO CAMPOS, 90
FORTALEZA;83;681;HENRIQUE JORGE;ESCOLA MUNICIPAL DONA DAGMAR GENTIL;RUA VITORIA 1750
CANINDÉ;33;34;BELA VISTA;EMEF PREFEITO JOSE IVAN MAGALHAES;CONJUNTO HABITACIONAL MILTON MONTEIRO
EUSÉBIO;88;138;JABUTI;EEF RAUL TAVARES CAVALCANTE II;RUA LOURIVAL SALES, S/N - JABOTI
INDEPENDÊNCIA;39;85;SANTA LUZIA;E.E.F. MANOEL NASCIMENTO ARAUJO;POVOADO SANTA LUZIA
CAUCAIA;37;405;ITAMBE;E.E.F. FLAVIO PORTELA MARCILIO;RUA 05, 23 - CONJ. VICENTE ARRUDA
MARACANAÚ;122;57;ACARACUZINHO;EEF ANTONIO GONDIM DE LIMA;AV. LATERAL SUL S/N
FORTALEZA;94;911;QUINTINO CUNHA;EMEIEF PROF DENIZARD MACEDO DE ALCÂNTARA;RUA MATOSO FILHO 450
CAUCAIA;37;19;GRILO;EEIEF NAIR MAGALHÃES GUERRA;RUA JOAQUIM BENTO CAVALCANTE, 500
PARACURU;109;32;CENTRO;E. E. M. HERMINIO BARROSO;CAP JOSE TELES, S/N
ARACATI;8;19;CENTRO;E.E.M.T.I. BARAO DE ARACATI;PRAÇA DOS PRAZERES, 82
FORTALEZA;95;247;JANGURUSSU;CITS - CENTRO DE INCLUSÃO TECNOLÓGICA E SOCIAL;RUA L, 20, CONJUNTO JOÃO PAULO II
AQUIRAZ;66;170;CENTRO;EMEF ERNESTO GURGEL VALENTE;RUA FRANCISCO CAMARA, SN
PIQUET CARNEIRO;12;112;CENTRO;CÂMARA MUNICIPAL DE PIQUET CARNEIRO;RUA CÍCERO ALENCAR, 108
JUCÁS;43;101;EUSÉBIO - SÍTIO - SEDE;PREDIO DA ASSOCIACAO COMUNITARIA DE EUSÉBIO;SÍTIO EUSÉBIO
IBIAPINA;73;48;CENTRO;ESCOLA MONSENHOR MELO (ESTADUAL);AV PEDRO FERREIRA DE ASSIS 284
PEREIRO;10;137;CENTRO;ESCOLA DE ENSINO FUNDAMENTAL E MEDIO VIRGILIO CORREIA LIMA;RUA CORONEL ANTONIO VICENTE  274
PINDORETAMA;7;220;SITIO MINHOCAS;EMEB PROFESSORA ANDRELINA MARIA DE SOUSA;SITIO MINHOCAS
MADALENA;63;238;PAUS BRANCOS;EEF 25 DE MAIO I;NOVA VIDA I
OCARA;67;223;SERENO DE CIMA-DISTRITO;ESCOLA MUNICIPAL PEDRO BENTO MARTINS - ENSINO FUNDAMENTAL;ARISCO GRANDE
JUAZEIRO DO NORTE;119;83;PIRAJA;ESCOLA MARIA AMELIA BEZERRA;AV CASTELO BRANCO SN
FORTALEZA;85;136;CONJUNTO CEARÁ I;COLÉGIO LUÍZA TÁVORA;RUA 1050, N 171, 4 ETAPA
FORTALEZA;85;202;CONJUNTO CEARÁ I;EMEIF EDILSON BRASIL SOAREZ - UV 3;RUA 303D, N 67, 2 ETAPA
MARACANAÚ;104;337;TIMBÓ;EEMTI ADAHIL BARRETO CAVALCANTE;AVENIDA VEREADOR EDMILSON MARQUES, S/N
MARACANAÚ;104;378;JARDIM BANDEIRANTES;EMEF EVANDRO AYRES DE MOURA;RUA SÃO SEBASTIÃO, 341
IBIAPINA;73;58;SÃO JOÃO;ESCOLA RITA NEGREIROS;RUA JOSÉ AVELINO
ORÓS;15;292;SAO GERALDO - SEDE;E.E.F. MARIA EVANGELISTA CORREIA;RUA FRANCISCO MATEUS FILHO, 145
GRANJA;25;195;CAJUEIRO DOS COUTINHOS;E.E.F. JONAS RIBEIRO DOS SANTOS;CAJUEIRO DOS COUTINHOS
SÃO JOÃO DO JAGUARIBE;91;122;CENTRO;EEF FRANCISCO GUERREIRO CHAVES;RUA CANDIDO CHAVES S/N
MAURITI;76;89;BURITIZINHO-DISTRITO;EEF JOÃO LEITE DA SILVA;SITIO MACAMBIRA
CANINDÉ;33;81;ALTO GUARAMIRANGA;EEFM FREI POLICARPO;RUA JOAO BASTOS 2027
FORTALEZA;82;103;CRISTO REDENTOR;EEMTI LIONS JANGADA;RUA CAMÉLIA, 352
MOMBAÇA;46;159;CENTRO;EEF PE. PEDRO LEÃO;RUA FRANCISCO DE ASSIS BARROSO FEIJÓ
FORTALEZA;93;136;PREFEITO JOSÉ WALTER;COLEGIO VEGA;AVENIDA C, 160
RERIUTABA;79;20;AMANAIARA;E.E.F. DEPUTADO MANOEL RODRIGUES;DISTRITO DE AMANAIARA - CENTRO
IPUEIRAS;40;13;GÁSEA;EEF FRANCISCO GOMES DE MELO - GÁSEA;GÁSEA
CAPISTRANO;105;40;ZONA RURAL;ESCOLA DE ENSINO FUNDAMENTAL JOSE SARAIVA SOBRINHO;PESQUEIRO
TAUÁ;19;92;SANTA TEREZA;EMEF AMANCIO CORDEIRO JUNIOR;VILA SANTA TEREZA
SOBRAL;121;310;BONFIM;ESCOLA  JOSE RODRIGUES DE SOUSA (POLO JOSÉ ARIMATEIA ALVES);VARZEA REDONDA - BONFIM
QUIXERAMOBIM;11;290;CENTRO;LICEU ALFREDO ALMEIDA MACHADO;AV. DR. JOAQUIM FERNANDES, 95 - CENTRO
QUIXERAMOBIM;11;73;LACERDA;ESCOLA VICENTE DE CASTRO;VILA DE LACERDA
ITAPIÚNA;105;121;CENTRO;ESCOLA DE ENSINO FUNDAMENTAL E MEDIO FRANKLIN TAVORA;AVENIDA SAO CRISTOVAO 80
PARACURU;109;5;LAGOA;C.E.I. FRANCISCA DOS SANTOS BARROSO;RUA SABINO PIO DE MENEZES, 407
BEBERIBE;84;105;SERRA DO FELIX;ESCOLA MUNICIPAL PRESIDENTE GEISEL;ALTO ALEGRE DO DAVI
TRAIRI;97;4;CENTRO;COLEGIO CENTRO EDUCACIONAL PIO RODRIGUES;RUA MANOEL TEIXEIRA S/N
SOLONÓPOLE;55;153;CENTRO;E.M.E.B. MARIA AUGUSTA PINHEIRO;RUA JOSÉ NELSON RODRIGUES , S/N, - ALTO VISTOSO - CONJ NOSSA SENHORA
MORADA NOVA;47;8;CENTRO;CEBCJEC -CENTRO DE EDUCAÇÃO BÁSICA CORONEL JOSÉ EPIFÂNIO DAS CHAGAS;AV MANOEL CASTRO, 600
PEDRA BRANCA;59;146;BOM PRINCIPIO;EEFTI SABINO VIEIRA CAVALCANTE;RUA FORTUNATO SILVA, 243
GUARACIABA DO NORTE;74;151;ESTÁDIO;EEF. JOÃO MIGUEL DA FONSECA LOBO;RUA METON SILVANO
CRUZ;30;104;ZONA RURAL;ESCOLA JOAO EVANGELISTA DA CRUZ;PARAGUAI
MARANGUAPE;4;27;LADEIRA GRANDE;EMEIEF FRANCISCA ROCHA MAGALHÃES;AVENIDA ALCEBÍADES RODRIGUES BARRETO SN
QUIXADÁ;6;45;ALTO SÃO FRANCISCO;EEMTI GOVERNADOR CÉSAR CALS DE OLIVEIRA FILHO;AV. JUSCELINO KUBITSCHEK, 385
MARANGUAPE;4;117;CENTRO - MARANGUAPE;COLÉGIO SEBASTIÃO DE ABREU;RUA ROBERTO BRAQUEHAIS, 656
FORTALEZA;113;250;PARQUELÂNDIA;EEFM SANTO AFONSO;RUA GAL. BERNARDO FIGUEIREDO, 2670
FORTALEZA;113;208;PARQUELÂNDIA;COLÉGIO CHRISTUS PRÉ - UNIVERSITÁRIO;RUA CRUZ SALDANHA, 614
MARANGUAPE;4;590;PARQUE SÃO JOÃO - MARANGUAPE;EMEIEF FRANCISCO SARAIVA DE OLIVEIRA;RUA ANTONIO ALVES CAVALCANTE SN
QUIXADÁ;6;183;CEDRO;ESCRITÓRIO DO DNOCS;ESTRADA DO REPARTIDOR, S/N
MORRINHOS;44;2;DISTRITO DE SITIO ALEGRE;EMEF MARIA LENILDA DE SOUZA;SITIO ALEGRE
IBIAPINA;73;4;CENTRO;COLÉGIO NOSSA SENHORA DOS REMÉDIOS;RUA DEPUTADO ÁLVARO SOARES, 1403
TRAIRI;97;21;MUNDAU;EEF SATURNINO LOPES DO PRADO;RUA VILA MARIANO S/N
BEBERIBE;84;113;SEDE;ESCOLA MUNICIPAL ADELIA BARROS COLACO;LAGOINHA
SALITRE;38;73;CENTRO;E.E.I.F ANTONIO LEITE DE ALENCAR - SEDE;RUA SANTO ANTONIO  S/N
PARACURU;109;22;VOLTA;U. B. S. LUIZ COSTA SILVEIRA;RUA RUI LOUREIRO, S/N
IBIAPINA;73;30;CENTRO;ESCOLA ROSA MARTINS CAMELO MELO;RUA PADRE IBIAPINA
BELA CRUZ;96;63;BOA ESPERANCA-LOCALIDADE;EMEF JOAO LUIS;BOA ESPERANCA
MAURITI;76;130;OLHO D'ÁGUA-DISTRITO;EEF JOSÉ JOAQUIM DE SOUSA;RUA DOMINGOS ALVES DE ANDRADE
MAURITI;76;80;COITE-DISTRITO;EEIF FRANCISCO VICTOR DE MARIA;SITIO CAJUEIRO DO COITE
GUARACIABA DO NORTE;74;63;SEDE;INSTITUTO PROMOCIONAL BENJAMIM SOARES (PATRONATO);RUA PADRE BERNARDINO MEMORIA - CENTRO
JUAZEIRO DO NORTE;28;460;AREA RURAL DE JUAZEIRO DO NORTE;EMEIF NOSSA SENHORA DE FATIMA;SITIO UMARI
CARIDADE;111;72;CENTRO;EEFM CASEMIRO BEZERRA DE ARAUJO;RUA CEL FRANCISCO LINHARES 496
NOVO ORIENTE;99;54;ZONA RURAL;EEF FRANCISCO DAS CHAGAS MOTA;AGROVILA
JARDIM;119;322;JARDIM MIRIM;ESCOLA MONSENHOR ALCANTARA;DISTRITO DE JARDIM MIRIM
JUAZEIRO DO NORTE;28;126;SALESIANOS;EMEIF VEREADOR ANTONIO FERNANDES COIMBRA;FISCAL JOSE ISIDORO SN
FORTALEZA;80;311;DIONISIO TORRES;COLÉGIO CHRISTUS - DIONÍSIO TORRES;RUA ISRAEL BEZERRA 630
ITAPAJÉ;41;257;ALTO DOS BERNARDOS;CRECHE SONHO DE CRIANÇA;RUA JOAQUIM LIRA MAGALHÃES, 367
EUSÉBIO;88;179;CENTRO;ESCOLA EROTIDES MELO LIMA;RUA BLUMENAU, 158 - CENTRO
MORRINHOS;44;16;DISTRITO DE SITIO ALEGRE;EMEF JONAS ROBERTO MAGALHÃES;SITIO ALEGRE
BOA VIAGEM;63;118;JATOBá;EEF JERONIMO ALVES BEZERRA;JATOBA
MILHÃ;55;101;SITIO BARRA-SEDE;ESCOLA DE 1 GRAU RAIMUNDO BRAZ;SITIO BARRA
GRANJA;25;34;SANTA TEREZINHA;E.E.F. SENADOR OLAVO OLIVEIRA;AV. PREF. FRANCISCO SOUSA, 71
VIÇOSA DO CEARÁ;35;169;CENTRO;E.E.M DEPUTADO MANOEL RODRIGUES;RUA PROFESSOR JOÃO VIANA, S/N
JUAZEIRO DO NORTE;119;217;PIRAJA;ESCOLA CLOTILDE SARAIVA COELHO;LIMOEIRO 2338
FORTALEZA;115;115;PARANGABA;EMTI CAROLINO SUCUPIRA;RUA MUNDICA PAULA, 670
FORTALEZA;115;97;PARANGABA;EMTI CAROLINO SUCUPIRA;RUA MUNDICA PAULA, 670
FORTALEZA;112;282;ENGENHEIRO LUCIANO CAVALCANTE;ESCOLA DE ENSINO MÉDIO EM TEMPO INTEGRAL JOHNSON;RUA GONTRAN GIFFONI, 461
TRAIRI;97;140;VARZEA DO MUNDAU;EEF SANTA LUCIA;VARZEA DO MUNDAU
FORTALEZA;94;915;VILA VELHA;EMEIEF MARIA MARIZA MENDES DE CARVALHO;RUA RAIMUNDO CUNHA 1174
CARIRIAÇU;71;18;FEITOSA;EEF JOAQUIM ALVES FEITOSA;VILA FEITOSA
MARACANAÚ;104;220;CENTRO;SECRETARIA DE EDUCACAO;RUA CAPITAO VALDEMAR DE LIMA, 202
FORTALEZA;112;44;JARDIM DAS OLIVEIRAS;CENTRO DE EDUCAÇÃO INFANTIL(CEI) MARIA DE LOURDES RIBEIRO JEREISSATI;RUA 1, 930 - CONJ. TANCREDO NEVES
FORTALEZA;112;388;EDSON QUEIROZ;ESCOLA MUNICIPAL TEMPO INTEGRAL PROFESSOR ÁLVARO COSTA ;RUA ADOLFO MOREIRA, S/N
ICÓ;15;30;CENTRO - SEDE;CEJA - ANA VIEIRA PINHEIRO;RUA DONA ALDERY, 324
FORTALEZA;85;329;CONJUNTO CEARÁ I;EEFM DR UBIRAJARA INDIO DO CEARA - UV-7A;RUA SETECENTOS E CINQUENTA E UM, 192, 3A ETAPA
BOA VIAGEM;63;132;FAZENDA CONCEICAO-IBUACU;EEF FRANCISCO PEREIRA DA SILVA (CONCEIÇÃO);CONCEICAO
BARRO;92;48;SEDE;CEI VITALINO ALEXANDRE;SÍTIO QUEIMADAS
RUSSAS;9;243;FLORES;ESCOLA MUNICIPAL SAO GERARDO;RAMAL DE FLORES
ICÓ;15;121;ALTO DA VARZEA - SITIO;ESCOLA MUNICIPAL CICERO AMARO DA SILVA;SITIO ALTO DA VARZEA S/N
MORADA NOVA;47;201;PEDRAS;CAPELA DO ASSENTAMENTO BELFORT ROXO;LAGOA DA SERRA, BELFORT ROXO
RERIUTABA;79;3;PRAÇA DA ESTAÇÃO;CRAS - CENTRO DE REFERÊNCIA DE ASSISTÊNCIA SOCIAL;RUA CEL JOSÉ TEODORO, S/N - CENTRO
FORTALEZA;80;278;VILA UNIÃO;EEF GAL.  MANUEL CORDEIRO NETO;RUA JORGE ACURCIO, 900
TIANGUÁ;81;109;CARUATAÍ;CENTRO EDUCACIONAL CORAÇÃO DE MARIA;RUA MANOEL RODRIGUES CAVALCANTE, S/N - DISTRITO CARUATAÍ
TIANGUÁ;81;165;FREI GALVÃO;COLÉGIO MARIA STELA;RUA DEPUTADO MANOEL FRANCISCO, 1249
SOBRAL;121;21;TAPERUABA;EEMTI DEP. CESARIO BARRETO LIMA;AV. NOSSA SENHORA DO CARMO S/N CENTRO
TIANGUÁ;81;207;ÁREA RURAL DE TIANGUÁ;E.E.F. PROFª. OFÉLIA PORTELA MOITA;RUA 31 DE MAIO - SÍTIO CÓRREGO
QUIXADÁ;6;205;JUATAMA;EEF RENATO DE ARAÚJO CARNEIRO;RUA FRANCISCO MOREIRA DE SOUZA,1324
ACARAÚ;30;374;ZONA RURAL;ESCOLA JOAO JAIME F. G. FILHO - LAGOA DA VOLTA;LAGOA DA VOLTA
FORTALEZA;82;607;PIRAMBU;CENTRO DE EDUCAÇÃO INFANTIL (CEI) MARIA DALVA DOS SANTOS;RUA COSTA MATOS, S/N
FORTALEZA;118;493;PARQUE DOIS IRMÃOS;COLEGIO MARIA ESTER II;RUA F (CONJUNTO MIRASSOL), 158
NOVA OLINDA;53;16;CENTRO;EMEF AVELINO FEITOSA;AV. PERIMETRAL SUL, 576
FORTALEZA;83;747;BELA VISTA;ESCOLA MUNICIPAL JOSÉ NAURI BRAGA;RUA PROFESSORA LILIA ABREU, 231
FORTALEZA;113;166;BOM FUTURO;ESC. PROFISSIONAL PE. JOÃO PIAMARTA;RUA PADRE JOÃO PIAMARTA, 161
QUIXADÁ;6;12;ÁREA RURAL DE QUIXADÁ;EEM JOSE MARTINS RODRIGUES;SITIO NOVA AURORA - PERIFERIA, S/N
MAURITI;76;9;COITE-DISTRITO;CRECHE ARARINHA;RUA CEL. NAZÁRIO, S/N
ICÓ;15;76;CENTRO - SEDE;ESCOLA MUNICIPAL MARIA IRISMAR MACIEL MOREIRA;RUA SAO GERALDO S/N
ICÓ;15;132;ALTO DA VARZEA - SITIO;ESCOLA MUNICIPAL CICERO AMARO DA SILVA;SITIO ALTO DA VARZEA S/N
ICÓ;15;146;CASCUDO - SITIO;ESCOLA MUNICIPAL CASEMIRO PEQUENO;SITIO CASCUDO S/N
QUIXERAMOBIM;11;316;URUQUE;ESCOLA MARIA ALICE SALDANHA DA COSTA;VILA DE PEDREIRAS
INDEPENDÊNCIA;39;31;EMATUBA;E.E.F. MANOEL FERREIRA DE MELO;DISTRITO EMATUBA
PENTECOSTE;50;171;ZONA RURAL;EEIF SÃO JOSÉ;MACACOS
PENTECOSTE;50;215;ACAMPAMENTO;EMTI FRANCISCO SÁ;AVENIDA DR. JOSÉ DE BORBA VASCONCELOS, 672
MADALENA;63;175;SEDE;EEF DAU ALBERTO;CAJAZEIRAS
FORTALEZA;116;466;CONJUNTO CEARÁ II;EM FRANCISCO EDMILSON PINHEIRO;AVENIDA H, 2115, 4A ETAPA
PENTECOSTE;50;152;GOMES DA SILVA;EEFM ETELVINA GOMES BEZERRA;RUA DEPUTADO JOSÉ GOMES DA SILVA, 322
JUAZEIRO DO NORTE;28;230;FRANCISCANOS;COLÉGIO SÃO FRANCISCO DE ASSIS;NOSSA SENHORA DO CARMO SN
GUARAMIRANGA;5;238;PE DE LADEIRA-SITIO;ESCOLA MUNICIPAL PE DE LADEIRA (PÉ DE LADEIRA);PE DE LADEIRA
FORTALEZA;80;435;DIONISIO TORRES;AABB - ASSOCIAÇÃO ATLÉTICA BANCO DO BRASIL;AV BARAO DE STUDART, 2917
TAUÁ;19;85;TRICI;EPG CRISTINA LIBERALINA DE LOIOLA;CALUMBI
REDENÇÃO;52;31;DISTRITO DE BARRA NOVA (ANTIGO SÃO GERARDO);ESCOLA HERMÍNIO GOMES;PIROÁS
RERIUTABA;79;22;PRIMEIRA VÁRZEA;E.E.I.F. FRANCISCO ÂNGELO DA SILVEIRA;PRIMEIRA VÁRZEA - ZONA RURAL
RERIUTABA;79;25;OITIZEIRO;E.E.I.F. MARCELO DA CUNHA ARAÚJO;OITIZEIRO - ZONA RURAL
TURURU;17;636;ALTO DA PAZ;EMEF CECILIA SIQUEIRA;AV JOAO PATRICIO 583
NOVO ORIENTE;99;160;VILA FELIZ;ESCOLA ESTADUAL DE EDUCAÇÃO PROFISSIONAL MARIA EUDES BEZERRA VERAS;RUA ULISSES GUIMARÃES, S/N
MARANGUAPE;4;94;UMARIZEIRAS;EMEF MANOEL CORDEIRO;RUA LUIZ CORDEIRO SOBRINHO, S/N
POTENGI;68;53;CENTRO;EEFM MENEZES PIMENTEL - SEDE;RUA SEVERINO PAULINO, 230 - BAIRRO SÃO FRANCISCO
ICÓ;15;108;LIMA CAMPOS - DISTRITO;EMTIH - MONSENHOR JOSE CAMURCA;RUA SAO SEBASTIAO, 239
INDEPENDÊNCIA;39;33;ORIENTE;GRUPO ESCOLAR DOMINGO JOAQUIM FERNANDES;POVOADO ORIENTE
CAUCAIA;37;285;ITAMBE;E.E.F. FLAVIO PORTELA MARCILIO;RUA 05, 23 - CONJ. VICENTE ARRUDA
PENTECOSTE;50;114;ZONA RURAL;EEIF SEBASTIANA RODRIGUES DE SOUSA;CAPIVARA
JIJOCA DE JERICOACOARA;30;109;CENTRO;ESCOLA SENADOR CARLOS JEREISSATE;RUA MINAS GERAIS S/N
REDENÇÃO;52;204;DISTRITO DE ANTÔNIO DIOGO;ESCOLA CECÍLIA PEREIRA;RUA TEREZA CRISTINA, N. 295 - CENTRO
ITAITINGA;78;235;CENTRO;EEF VALMIQUE SAMPAIO ALBUQUERQUE;RUA JOSMO GURGEL ARAUJO, 1256
LAVRAS DA MANGABEIRA;14;48;OURO BRANCO- DISTRITO;GRUPO ESCOLAR ROMANA RICARTE;RUA MIGUEL BISPO 114
MARANGUAPE;4;432;NOVO PARQUE IRACEMA - MARANGUAPE;EMEF NILO PINHEIRO CAMPELO;RUA NILO CAMPELO, 48
MARANGUAPE;4;522;CENTRO - MARANGUAPE;CEJA MANOEL SEVERO BARBOSA;RUA RAIMUNDO HERBSTER, 230
MARANGUAPE;4;526;NOVO PARQUE IRACEMA - MARANGUAPE;EMEF NILO PINHEIRO CAMPELO;RUA NILO CAMPELO, 48
BATURITÉ;5;104;JORDAO-SITIO;EMEF JOSÉ AIRTON AMORA VASCONCELOS;SÍTIO JORDÃO, SN
TABULEIRO DO NORTE;91;43;OLHO D'ÁGUA DA BICA;EEMTI ANTONIO VIDAL MALVEIRA;OLHO D'ÁGUA DA BICA
MILAGRES;26;69;MISSIONÁRIAS;PATRONATO E ESCOLA NORMAL D. ZEFINHA GOMES;AV SANTANA 270
ITAPIÚNA;105;128;DISTRITO DE CAIO PRADO;EEF PROFESSORA MARIA ALAÍDE LOPES;RUA NONATO CAVALCANTE SN
PARAMBU;19;359;BELEZA;ESCOLA CICERO FERREIRA DOS SANTOS;RUA ANTONIO BEZERRA, 28
QUIXERAMOBIM;11;293;CENTRO;LICEU ALFREDO ALMEIDA MACHADO;AV. DR. JOAQUIM FERNANDES, 95 - CENTRO
CRATEÚS;20;54;SÃO VICENTE;SEDE DA SOCIEDADE DE SÃO VICENTE DE PAULO;RUA ZACARIAS CARLOS DE MELO 738
PEDRA BRANCA;59;121;SANTA TEREZINHA;E.E.I.T.I ARMANDO LINS DE SOUZA;RUA JOAQUIM ALVES TEIXEIRA S/N
AMONTADA;89;130;ICARAÍ;EEBTI MARIA ALVES SOBRINHA;PRAÇA DA MATRIZ
GRAÇA;79;179;CENTRO-SEDE;COLEGIO RAIMUNDO DA CUNHA BRITO;BAIRRO SANTA LUZIA
FORTALEZA;113;20;BENFICA;IFCE - INST FEDERAL DE CIÊNCIA E TECNOLOGIA (CEFET);AV. 13 DE MAIO, 2081
JUAZEIRO DO NORTE;28;175;SAO MIGUEL;CEJA PROFA. CÍCERA G. CORREIA;DO CRUZEIRO 1440
GRANJA;25;136;CENTRO;E.E.M.T.I SÃO JOSÉ (COLEGIO ESTADUAL SÃO JOSÉ);RUA FRANCISCO SOUSA, 131
MORRINHOS;44;82;DISTRITO DE SITIO ALEGRE;EMEF MARIA LENILDA DE SOUZA;SITIO ALEGRE
PARAMBU;19;397;SEDE;ESCOLA VICENTE NORONHA MOTA (ANTIGA ESCOLA JOSÉ HOZANA FILHO);JUAZEIRO
FORTALEZA;82;124;JACARECANGA;EEMTI SALES CAMPOS;RUA JACINTO MATOS, 730
JUAZEIRO DO NORTE;28;177;SAO MIGUEL;EEF TABELIAO VICENTE PEREIRA DA SILVA;DOUTOR FLORO BARTOLOMEU 1203
CANINDÉ;33;373;ZONA RURAL;EMEF PADRE MANOEL CORDEIRO DA CRUZ;DISTRITO DE IGUACU
SANTANA DO ACARAÚ;44;177;SANTA RITA;CASA PROVISÓRIA - EEF SÃO VICENTE DE PAULA;SANTA RITA
UMARI;15;207;CENTRO - SEDE;ESCOLA DE ENSINO MÉDIO MONSENHOR MANOEL CARLOS DE MORAIS;RUA DOM QUINTINO 289
COREAÚ;64;97;Araquém;ARAQUÉM - ESCOLA ESTADUAL Mª MENEZES CRISTINO;CE 240, KM 77 - DISTRITO DE ARAQUÉM, COREAÚ/CE
FORTALEZA;117;229;SIQUEIRA;EEFM SENADOR OSIRES PONTES;RUA DIVINA 150
JUAZEIRO DO NORTE;119;242;JOAO CABRAL;ESCOLA IVA EMIDIO GONDIM;PIO NOROES SN
FORTALEZA;117;220;CONJUNTO ESPERANÇA;EEFM PROFA ADELIA BRASIL FEIJO;AV CONTORNO SUL, 1540
FORTALEZA;117;318;PARQUE SÃO JOSÉ;EEFM SAO JOSE;RUA COMENDADOR GARCIA, 2066
MARACANAÚ;104;135;JEREISSATI I;EMEIEF DEPUTADO JOSÉ MARTINS RODRIGUES;RUA QUARENTA A, 287
FORTALEZA;1;923;CAIS DO PORTO;CRECHE RACHEL GUIMARÃES MARTINS BARBOSA;VIA DE PEDRESTE LESTE OESTE 01
CAUCAIA;123;367;MARECHAL RONDON (JUREMA);E.E.I.E.F. ECONOMISTA RUBENS VAZ DA COSTA;AVENIDA NOVO HORIZONTE, S/N
CAUCAIA;37;492;ITAMBE;E.E.F. FLAVIO PORTELA MARCILIO;RUA 05, 23 - CONJ. VICENTE ARRUDA
SANTA QUITÉRIA;54;193;POVOADO POÇO COMPRIDO;ESCOLA MUNICIPAL JOSÉ INÁCIO DE MESQUITA;POVOADO POÇO COMPRIDO
FORTALEZA;3;127;JACARECANGA;COLÉGIO ESTADUAL LICEU DO CEARÁ;PRAÇA GUSTAVO BARROSO, 01
CRATEÚS;20;121;PLANALTO;EEMTI GOV. GONZAGA MOTA;RUA DR. JÚLIO LIMA, 2194
FORTALEZA;2;492;CAMBEBA;SECRETARIA DA EDUCACAO - CAMBEBA;AVENIDA MINISTRO JOSE AMERICO, SN
FORTALEZA;1;475;VARJOTA;CREAS - MUCURIPE;RUA CORONEL MANOEL JESUÍNO,153
FORTALEZA;1;526;VARJOTA;ESCOLA MUNICIPAL COLONIA Z-8;RUA MANOEL JESUINO,370
GRANJEIRO;62;271;SÍTIO CANABRAVA DOS FERREIRAS;EEF AUGUSTO FERREIRA DA SILVA;SITIO CANABRAVA DOS FERREIRAS
MARACANAÚ;122;201;NOVO MARACANAU;EMEF PRESIDENTE TANCREDO NEVES;RUA 06 COM RUA 02 S/N
FORTALEZA;93;122;PLANALTO AYRTON SENNA;EEFM DEPUTADO JOACI PEREIRA;RUA PROFESSOR PEDRO JORGE, 830
MUCAMBO;79;213;CENTRO;CENTRO EDUCACIONAL DEP MANOEL RODRIGUES;AV AGRONOMO JOSE ALVES 90
NOVO ORIENTE;99;61;ZONA RURAL;GRUPO ESCOLAR JOSÉ PEDRO DE ARAÚJO;SAO PEDRO
FORTALEZA;118;678;PASSARÉ;COLEGIO EXODUS;RUA DOUTOR EDUARDO DIAS, 156
JUAZEIRO DO NORTE;119;79;LIMOEIRO;ESCOLA ODORINA CASTELO BRANCO SAMPAIO;AV. JOSÉ BEZERRA DE MENEZES S/N
PACATUBA;57;270;PAVUNA;ESCOLA DE 1 GRAU MARIA GUIOMAR BASTOS CAVALCANTE;RUA TOPAZIO, 331, VELHO TIMBO
PACATUBA;57;327;CONJUNTO JEREISSATI III;EEF MARIA MIRTES HOLANDA DO VALE;RUA 02, NUMERO 100
HIDROLÂNDIA;54;248;PROGRESSO;ESCOLA MUNICIPAL MARIA MIRIAN FERREIRA DE SOUZA;RUA FABIANA FERREIRA, SN.
FORTALEZA;83;648;HENRIQUE JORGE;EEMTI ANTONIETA SIQUEIRA;RUA GUARANI 04
JUAZEIRO DO NORTE;119;163;PIRAJA;ESCOLA DEMOSTENES RATTS BARBOSA;AILTON GOMES SN
ITAREMA;98;115;CENTRO;EMEF MARIETA RIOS;RUA JOAO BATISTA RIOS S/N
CAUCAIA;123;484;ARIANÓPOLIS (JUREMA);E.E.I.E.F. SEBASTIÃO BEZERRA DOS SANTOS;RUA SOLIMÕES, 361
CASCAVEL;7;270;RIO NOVO;E.E.B. DEPUTADO RAIMUNDO QUEIROZ;AV JOAO DAMASCENO FONTENELE, 3233
IPU;21;54;DISTRITO;E.M.E.F. ANTONIO FERREIRA LIMA;MATO GROSSO
ALTANEIRA;53;112;CENTRO;EMEF 18 DE DEZEMBRO;RUA JOSE PIO DE OLIVEIRA, SN
ITAREMA;98;195;ZONA RURAL;EDEFM MARIA VENANCIA (COMUNIDADE INDIGENA);ALDEIA INDIGENA DE ALMOFALA
HORIZONTE;78;94;ANINGÁS;EMEF DOMITÍLIA ASSUNCAO MENEZES;RUA JOSÉ ACELINO MENEZES, 1075
IPAUMIRIM;92;102;CENTRO-SEDE;E.E.F.T.I. DR JARISMAR GONCALVES MELO;AVENIDA DR ARRUDA, 37
FARIAS BRITO;62;203;BARREIRO DO JORGE;EEF JOAQUIM FERREIRA DOS SANTOS;VILA BARREIRO DO JORGE - DISTRITO DE QUINCUNCÁ
NOVA RUSSAS;48;62;MIGUEL ANTONIO;ESCOLA MUNICIPAL  FRANCISCO VIEIRA DA SILVA;DISTRITO DE MIGUEL ANTONIO,
MORRINHOS;44;131;ESPINHOS DOS LOPES;CENTRO DE EDUCAÇÃO INFANTIL RITA DE CASSIA IRES;ESPINHOS  DOS LOPES
MOMBAÇA;46;118;ASSENTAMENTO SALÃO;EEM PAULO FREIRE;ASSENTAMENTO FAZENDA SALÃO
PARAMBU;19;391;SEDE;ESCOLA JOÃO NECO SOBRINHO (ANTIGA ESCOLA FRANCISCO RODRIGUES DA SILVA);GITIRANA
CAPISTRANO;105;13;CENTRO;ESCOLA DE ENSINO FUNDAMENTAL E MEDIO CEL. FRANCISCO NUNES CAVALCANTE;RUA CEL. FRANCISCO NUNES CAVALCANTE 35
TEJUÇUOCA;41;221;BARRA DO CAXITORÉ;ESCOLA DE ENSINO FUNDAMENTAL DE TEMPO INTEGRAL JOSE MOREIRA LOPES;BARRA
MORADA NOVA;47;143;2 DE AGOSTO;CEI MARIA ROSALINA LOPES;RUA PEDRO COUTINHO DA SILVA
CAUCAIA;123;364;MARECHAL RONDON (JUREMA);E.E.I.E.F. ECONOMISTA RUBENS VAZ DA COSTA;AVENIDA NOVO HORIZONTE, S/N
FORTALEZA;117;311;PARQUE PRESIDENTE VARGAS;COLÉGIO CASTRO ALVES;RUA TULIPA NEGRA, 2319
IRACEMA;86;82;DA PAZ;EEF ALBATIZA TAVARES DE OLIVEIRA GUERRA;RUA JOÃO TAVARES MAGALHÃES
FORTALEZA;3;533;ALDEOTA;UNICHRISTUS ALDEOTA;RUA VISCONDE DE MAUÁ, 1940
CRATEÚS;20;48;CENTRO;EEFM LOURENCO FILHO;RUA FIRMINO ROSA 587
QUIXERÉ;29;226;AGUA FRIA;EEB ANTONIO MOREIRA DE FREITAS;AGUA FRIA
ACOPIARA;60;4;VILA NOVA;CRAS II - ANTÔNIO FRANCISCO DO NASCIMENTO - VILA NOVA;RUA CICERO MANDU. 170, CENTRO.
GUAIÚBA;57;124;HELDER BEZERRA;EEM JOSÉ TRISTÃO FILHO;RUA MARIA DO CARMO, 100
AQUIRAZ;66;342;TAPERA;EMEF PLACIDO CASTELO;RUA ASSIS BENTO DE FREITAS, 970 - BARRINHA
CROATÁ;74;61;DISTRITO;ESCOLA MUNICIPAL PROFESSORA MARIA DO CARMO MELO (BETANIA);BETANIA
FORTALEZA;3;554;CENTRO;COLÉGIO MILITAR DO CORPO DE BOMBEIROS;RUA CONSELHEIRO ESTELITA, 500 (SEDE PROVISÓRIA)
FORTALEZA;1;644;VARJOTA;FACULDADE FARIAS BRITO - CASTRO MONTE;RUA CASTRO MONTE 1364
FORTALEZA;1;851;MUCURIPE;ESCOLA ESTADUAL DRAGAO DO MAR;RUA UMARI S/N
RUSSAS;9;105;LAGOA GRANDE;ESCOLA MUNICIPAL JOANA ALVES DE SOUSA;LAGOA GRANDE
FORTALEZA;117;178;BOM JARDIM;COLÉGIO LUMEN;RUA SÃO FRANCISCO DO JARDIM, 396
ORÓS;15;229;CENTRO;E.E.F. ELISEU BATISTA;AV. JOSÉ GABRIEL BEZERRA,300
ARARENDÁ;48;133;ASSENTAMENTO ITAURÚ;E. E. F.  SATURNINO ABREU MEMÓRIA;LOCALIDADE DE ITAURU
GRANJA;25;32;SANTA TEREZINHA;E.E.F. SENADOR OLAVO OLIVEIRA;AV. PREF. FRANCISCO SOUSA, 71
PARAMBU;19;285;CENTRO;ESCOLA VIRGÍLIO TAVORA;RUA 07 DE SETEMBRO, 120
FORTALEZA;83;420;JOÃO XXIII;CENTRO DE FORMAÇÃO E DESENV. PARA PROFISSIONAIS DA EDUCAÇÃO - FORMACE;RUA PORTO VELHO, 401
FORTALEZA;3;563;ALDEOTA;INSTITUTO CEARENSE DE EDUCAÇÃO DE SURDOS - ICES;AV. RUI BARBOSA, 1970
AURORA;69;116;SITIO CACHOEIRA;ESCOLA FRANCISCO ANDRÉ DE FRANÇA;VILA AGROVILA
FORTALEZA;118;328;PARQUE DOIS IRMÃOS;EM DOUTOR ABDENAGO DA ROCHA LIMA;RUA 114, 75 (CJ TUPAN MIRIM)
BARBALHA;31;106;VILA SANTO ANTONIO;ETI JOSEFA ALVES DE SOUSA;RUA ZUCA SAMPAIO, S/N (EM FRENTE AO HOSPITAL DO CORAÇÃO)
AURORA;69;5;TIPI-DISTRITO;E.E.I.F. ANTONIO AMANCIO DA CRUZ;VILA TIPI
ITAPAJÉ;41;152;JARDIM;ESCOLA MUNICIPAL ANTONIO BARBOSA;JARDIM
ITAREMA;98;200;ZONA RURAL;EMEF MANOEL BRAGA MONTEIRO;PORTO DOS BARCOS
CAUCAIA;123;427;ARATURI (JUREMA);E.E.F. PROFESSORA MARLY FERREIRA MARTINS;RUA NW-3, S/N
TAUÁ;19;114;INHAMUNS;ESCOLA JOSÉ CAÇULA PEDROSA (ANTIGA E.E.F.M. ABRAHÃO SCARCELA);VERA CRUZ
FORTALEZA;82;403;MONTE CASTELO;EM LENIRA JUREMA DE MAGALHÃES;RUA TEÓFILO GURGEL, 111
MASSAPÊ;45;17;ALTO DA CADEIA;EM MARIA LAURA SOARES FROTA;RUA CORIOLANO GOMES FROTA SN
IBARETAMA;6;148;DISTRITO DE OITICICA;EMEIF JÚLIO JOSÉ PEREIRA;BARREIROS
PARAMBU;19;305;CENTRO;ESCOLA JOSÉ CARVALHO PINHEIRO;RUA ANTONIO BENÍCIO PINHEIRO, 35
CARIRIAÇU;71;119;BICO DA ARARA;EEF ARARA AZUL;AV PEDRO LUCIANO VIEIRA
MARACANAÚ;122;180;NOVO MARACANAU;EMEF PRESIDENTE TANCREDO NEVES;RUA 06 COM RUA 02 S/N
BEBERIBE;84;116;CENTRO;ESCOLA MUNICIPAL DESEMBARGADOR PEDRO DE QUEIROZ;RUA JOSE BESSA 561
BANABUIÚ;6;443;CENTRO;EEF RAUL URQUID;RUA DEMÓCRITO PINTO, 280, CENTRO
PENTECOSTE;50;45;CENTRO;CENTRO EDUCACIONAL JOÃO XXIII;AVENIDA TABELIÃO FRANCISCO ALVES, 344
CEDRO;13;510;DIVISÃO;ESCOLA DE ENS FUND ANTONIETA JUCA MARQUES;RUA 7 DE SETEMBRO S/N
PARACURU;109;94;PARACURU BEACH;E. E. E. P. PROFESSORA ABIGAIL SAMPAIO - ESCOLA TÉCNICA;AV. JOÃO LOPES MEIRELES
CATUNDA;54;80;CENTRO;E.E.F.M. MONSENHOR XIMENES;AVENIDA SETE DE SETEMBRO, SN.
BEBERIBE;84;81;PARIPUEIRA;ESCOLA MUNICIPAL JOSE THEMIO BEZERRA;PALMEIRA
BEBERIBE;84;150;CHORO;ESCOLA MUNICIPAL LUIZ GONCALVES;RODOVIA CE 040
ACOPIARA;60;78;DISTRITO SANTA FELICIA;EEF JOAQUIM AMARO DA SILVA;SITIO SAO JOAO
PALMÁCIA;4;152;GADO DOS RODRIGUES;EEF ANTÔNIO VIEIRA;GADO DOS RODRIGUES
BOA VIAGEM;63;156;CAPITAO MOR;EEF FRANCISCO JOSE VIEIRA;RUA CE. LUÍS AMARO BEZERRA, S/N
JUAZEIRO DO NORTE;28;471;SALGADINHO;EEF 03 DE JUNHO;RUA PEDRO FURTADO MENEZES
FORTALEZA;83;57;BELA VISTA;EEMTI SENADOR FERNANDES TÁVORA;RUA GOIÁS 141
FORTALEZA;83;2;ANTÔNIO BEZERRA;COLÉGIO DA POLÍCIA MILITAR DO CEARÁ GENERAL EDGARD FACÓ;AVENIDA MISTER HULL,  S/N - KM 1
UMIRIM;23;257;CAXITORE-DISTRITO;E.E.F. ALFREDO FERREIRA DA CUNHA;LOCALIDADE DE OITICICA
ASSARÉ;18;94;ARATAMA;GRUPO ESCOLAR ANTONIO DA SILVA LEAL;RUA ANTONIO GONCALVES DA SILVA SN
IPUEIRAS;40;68;CENTRO;ESCOLA DE ENSINO FUNDAMENTAL CREUSA MELO - CENTRO;RUA DUQUE DE CAXIAS, S/N
TRAIRI;97;25;FLEIXEIRAS;EEF FURTUNATO SEVERIANO DA COSTA;FLEIXEIRAS
FRECHEIRINHA;81;279;CENTRO;ESCOLA DE ENSINO MÉDIO ANTONIO CUSTODIO;RUA TENENTE EUFRASIO, 133 - CENTRO
FORTALEZA;112;272;JARDIM DAS OLIVEIRAS;EEMTI MIRIAN PORTO MOTA;RUA DAS CASTANHOLAS, S/N
FORTALEZA;112;180;CIDADE DOS FUNCIONÁRIOS;IGREJA DA GLÓRIA;AV OLIVEIRA PAIVA, 905
FORTALEZA;82;683;CARLITO PAMPLONA;EEMTI JOSÉ VALDO RIBEIRO RAMOS;RUA PEDRO AMÉRICO, 100
ITAPIPOCA;17;696;CRUZEIRO;EEFMI CORONEL MURILO SERPA;RUA ANASTACIO BARROSO VALENTE 318
FORTALEZA;82;85;CRISTO REDENTOR;ESCOLA MUNICIPAL SEBASTIANA ALDIGUERI;AV. DOUTOR THEBERGE, 448
PEDRA BRANCA;59;161;SANTA TEREZINHA;ESCOLA DE ENSINO MÉDIO ELZA GOMES MARTINS;RUA DOCA PESSOA, 80
SABOEIRO;43;280;AROEIRA FERRADA;E.E.F. ROSILDA HERBSTER;SITIO AROEIRA FERRADA
INDEPENDÊNCIA;39;213;GROTA DOS RODRIGUES;EEF JOAO RODRIGUES DA SILVA;GROTA DOS RODRIGUES
ITAPAJÉ;41;112;IRATINGA;E.E.M. ANTONIO CUSTÓDIO DE MESQUITA;RUA ANTONIO CUSTODIO DE MESQUITA 76
MARCO;96;158;CENTRO-SEDE;PREFEITURA MUNICIPAL DE MARCO;AV. PREF. GUIDO OSTERNO, S/N
GROAÍRAS;65;115;CAPITAO JOSE LINHARES;EEF NOSSA SENHORA DO ROSARIO;RUA 23 DE MAIO, 1065
JAGUARUANA;75;26;ALTO DA CAATINGUINHA;EEEP FRANCISCA ROCHA SILVA;RUA JOAO CELEDONIO SOBRINHO
BELA CRUZ;96;58;LAGOA DO MATO;EMETI JOAO ADEODATO ARAUJO;LAGOA DO MATO
JUAZEIRO DO NORTE;119;29;SANTA TEREZA;COLÉGIO MILITAR DE JUAZEIRO DO NORTE;CASTELO BRANCO SN
MARACANAÚ;104;286;JEREISSATI II;EEEP GOVERNADOR LUIZ GONZAGA DA FONSECA MOTA;AVENIDA X, S/N
ASSARÉ;18;36;CENTRO;ESCOLA  DE ENSINO FUNDAMENTAL E MEDIO RAIMUNDO MOACIR DE ALENCAR MOTA;RUA PADRE EMILIO CABRAL 538
SÃO BENEDITO;22;253;CIDADE ALTA;BOURDARLONE ZANSTRE BRANDÃO;FRANCISCO SABINO DA COSTA
SANTANA DO ACARAÚ;44;160;EQUITÓS;ESCOLA DE ENSINO FUNDAMENTAL JESUS MARIA JOSÉ;EQUITÓS
CRUZ;30;386;CAICARA;ESCOLA JOAO LADISLAU DE PAULO MAGALHAES;CAICARA
FORTALEZA;118;133;ITAPERI;EM ZAIRA MONTEIRO GONDIM;RUA PEDRO AGUIAR, 315
IPUEIRAS;40;50;CENTRO;COLEGIO ESTADUAL OTACÍLIO MOTA - CENTRO;RUA CORONEL MANOEL MOURÃO, 389
CATARINA;60;265;SEDE;CENTRO DE EDUCAÇÃO INFANTIL - CEI;RUA MANOEL TIBURCIO - VILA LAGOINHA
NOVO ORIENTE;99;20;CENTRO;EEM COELHO MASCARENHAS;RUA SAO JOSE S/N
FORTALEZA;116;2;GRANJA LISBOA;CAIC - MARIA ALVES CARIOCA;RUA GUARAREMA 690
FORTALEZA;112;517;ENGENHEIRO LUCIANO CAVALCANTE;EM PROF. LUIS COSTA;RUA JOSÉ GUILHERME DA COSTA, 156
FORTALEZA;85;194;CONJUNTO CEARÁ I;ESCOLA JOÃO PAULO II;AV C N. 1381 2 ETAPA
FORTALEZA;113;26;BENFICA;IFCE - INST FEDERAL DE CIÊNCIA E TECNOLOGIA (CEFET);AV. 13 DE MAIO, 2081
TEJUÇUOCA;41;295;JARDIM CAXITORE;ESCOLA EF E TEMPO INTEGRAL JOAQUINA RODRIGUES DA MOTA;JARDIM CAXITORE
IRACEMA;86;104;ZONA RURAL;E.E.F. FRANCISCO DE ASSIS FILHO;SERRA DOS BASTIÕES
URUBURETAMA;23;354;canto escuro;EEIF JOSE PAULINO DA CRUZ;CANTO ESCURO
PACAJUS;49;190;CROATA I;CEI RAIOS DE LUZ;RUA ARCELINO NOGUEIRA 08
BARREIRA;52;61;LAGOA DO BARRO;UBS MARIA ANGÉLICA SANTIAGO ;LAGOA DO BARRO
FORTALEZA;94;48;ANTÔNIO BEZERRA;EMTI JOSÉ CARLOS DE OLIVEIRA NETO;R. SAO VICENTE DE PAULO, 170
VARJOTA;65;178;ARARINHA;CHECHE PRO-INFÂNCIA EUCLIDES PINTO DE MACEDO NETO - VARJOTA;RUA ANTÔNIO FLORENCIO DE ARAÚJO
FORTALEZA;94;817;VILA VELHA;EMEIF FRANCISCO EDILSON PINHEIRO;RUA N, 35
FORTALEZA;116;472;GRANJA LISBOA;EM RACHEL VIANA MARTINS;RUA TUCUNDUBA 2703
PARACURU;109;75;MURITI;E. M. E. I. F. MANUEL GERALDO LOPES;RUA PRINCIPAL, S/N
PENAFORTE;70;397;CENTRO-SEDE;ESCOLA SIMAO ANGELO;RUA PADRE CICERO S/N
ARACATI;8;11;CENTRO;INSTITUTO SAO JOSE;RUA CEL ALEXANDRINO 563
CARIÚS;43;189;CAIPU-DISTRITO;EEIF JOAO FRANCELINO SOBRINHO;VILA CAIPU
AQUIRAZ;66;133;TAPERA;EMEF PLACIDO CASTELO;RUA ASSIS BENTO DE FREITAS, 970 - BARRINHA
SOBRAL;121;4;ARACATIAÇU;ETI MARIA DE LOURDES DE VASCONCELOS;RUA MONSENHOR LINHARES, S/N
BEBERIBE;84;164;CENTRO;ESCOLA MUNICIPAL DESEMBARGADOR PEDRO DE QUEIROZ;RUA JOSE BESSA 561
CAMOCIM;32;250;OLINDA;CRECHE JOAO PASCOAL DE MELO - OLINDA;NOVA OLINDA  I
UBAJARA;73;209;SITIO TABOCA;ESCOLA MADALENA HOLANDA SOARES;RODOVIA ESTADUAL CE 187 - SITIO TABOCA
ARARIPE;68;40;SITIO IPUEIRAS;ESCOLA MUNICIPAL DO SÍTIO IPUEIRAS;SITIO IPUEIRAS
BOA VIAGEM;63;73;IPU;EEF JOSE LINO DE SOUZA;IPU-SEDE
TIANGUÁ;81;54;CENTRO;E.E.M.T.I. MONSENHOR AGUIAR;RUA TEÓFILO RAMOS, 553
MASSAPÊ;45;21;SANTA ÚRSULA;CEPRUMA;RUA MANASSES PONTES, S/N
IBARETAMA;6;229;DISTRITO DE OITICICA;EMEIF FRANCISCO JOSE DE FREITAS;DISTRITO DE OITICICA
MARANGUAPE;4;26;PARQUE IRACEMA - MARANGUAPE;CEI MÁRIO VALENTIM DE ANDRADE;RUA ANTÔNIO GOMES BESSA, S/N
FORTALEZA;95;215;PARQUE SANTA MARIA;EMEIEF BARBARA DE ALENCAR;RUA CAPITAO PORFIRIO, 544
VARJOTA;65;201;EMPRÉSTIMOS;LICEU WALDIR LEOPÉRCIO;RUA TEN PEDRO CRUZ, 500
SOBRAL;121;173;CENTRO;CEJA - CENTRO DE EDUCACAO DE JOVENS E ADULTOS CECI CIALDINI;RUA ORIANO MENDES, 455
COREAÚ;64;134;Mota;MOTA - ESCOLA MUN. RDO. BARROSO TABOSA;LOCALIDADE MOTA
TRAIRI;97;41;PURAO;EEF JONAS HENRIQUE DE AZEVEDO;PURAO
ACARAÚ;30;212;CENTRO;LICEU DE ACARAÚ - ESCOLA MARIA ALICE RAMOS;CENTRO
AQUIRAZ;66;163;AROEIRAS;EMEF JOAO JAIME GADELHA;ESTRADA AROEIRA
IPAUMIRIM;92;103;CENTRO-SEDE;E.E.F.T.I. DR JARISMAR GONCALVES MELO;AVENIDA DR ARRUDA, 37
ARACATI;8;231;TANQUE SALGADO I;PONTO DE APOIO DO TANQUE SALGADO (UNID DE SAÚDE);TANQUE SALGADO I
CAUCAIA;37;548;TABAPUAZINHO;E.E.I.E.F. DONA LAVÍNIA DE MEDEIROS;RUA GIZELDA MAGALHÃES, 2394 - TABAPUAZINHO
FORTALEZA;1;35;COCÓ;UNINTA - FACULDADE UNINTA FORTALEZA;RUA VILEBALDO AGUIAR,133
PARAMOTI;111;171;CENTRO;EEFM TOMÉ GOMES DOS SANTOS (PRÉDIO ANTIGO);RUA GONÇALO SOARES, 341
CARIÚS;43;197;ESPLANADA-SEDE;EEF MARIA SOTER PEREIRA;RUA RAUL NOGUEIRA II, S/N
NOVO ORIENTE;99;48;ZONA RURAL;GRUPO ESCOLAR ROSENDO FERREIRA DA MOTA;TATAJUBA
BOA VIAGEM;63;128;TIBIQUARI;CENTRO VOCACIONAL TECNOLÓGICO - CVT;RUA PADRE PEDRO VITORINO, SN
PEDRA BRANCA;59;147;MINEIROLANDIA;E.E.F.I  DOM JOSE MAURO;RUA VICENTE MINEIRO, 25
SÃO GONÇALO DO AMARANTE;36;141;SIUPE-DISTRITO;ESCOLA DE ENSINO FUNDAMENTAL DONA FILOMENA MARTINS;SIUPE
RUSSAS;9;126;LAGOA DA VARZEA;POSTO DE SAÚDE DE LAGOA DA VÁRZEA;LAGOA DA VARZEA
TAMBORIL;61;37;CENTRO;EMEF GENERAL SAMPAIO;RUA FRANCISCO MARTINS DE HOLANDA, 75
NOVO ORIENTE;99;33;CENTRO;EEM COELHO MASCARENHAS;RUA SAO JOSE S/N
ITAITINGA;78;382;PONTA DA SERRA;EEEP PROFESSOR FRANCISCO ARISTOTELES DE SOUSA;RUA BOA ESPERANÇA, S/N
ACOPIARA;60;10;DISTRITO DE SANTO ANTONIO;EEF JOSE ALVES DO NASCIMENTO;VILA DE SANTO ANTONIO
FORQUILHA;121;320;ALTO ALEGRE;CERU-CENTRO DE EDUCAÇÃO BASICA MARRINA MAGALHAES MARTINS;R POSIDONIO GOMES SIQUEIRA SN
FORTALEZA;112;433;EDSON QUEIROZ;COLEGIO ARI DE SA CAVALCANTE WS;AV WASHINGTON SOARES, 3737
SENADOR POMPEU;12;121;SAO JOAQUIM;CAPELA SANTA LUZIA;SÍTIO RIACHO DO MEIO
PINDORETAMA;7;27;CENTRO-PINDORETAMA;EMEB FRANCISCA HOLANDA COSTA;RUA MARECHAL CASTELO BRANCO, 1074
SENADOR POMPEU;12;72;SAO JOAQUIM;ASSOCIAÇÃO DOS PEQUENOS PRODUTORES RURAIS DE SÃO MATEUS;SÍTIO SAO MATEUS
TRAIRI;97;155;MIRANDA IPU;EEF MANOEL SIMPLICIO SOBRINHO;MIRANDA IPU
FORTALEZA;94;780;VILA VELHA;EEMTI DONA MARIA MENEZES DE SERPA;RUA DOUTOR QUIXADA FELICIO 141
ITAITINGA;78;258;PARQUE DOM PEDRO;EEF MANOEL FERREIRA GOMES;RUA D, 636
FORTALEZA;116;45;BOM JARDIM;EM SANTOS DUMONT;RUA GERALDO BARBOSA 240
FORTALEZA;113;349;PARQUELÂNDIA;SECRETARIA EXECUTIVA REGIONAL III - FORTALEZA;AV JOVITA FEITOSA 3090
FORTALEZA;85;182;AUTRAN NUNES;EMTI MARIA DA HORA;RUA RAIMUNDO RIBEIRO, S/N
AMONTADA;89;96;CENTRO;EEM RITA ESTELITA DOS SANTOS RODRIGUES;AV GAL ALÍPIO DOS SANTOS 1020
CARIÚS;43;205;SITIO MAMOEIRO;EEIF ANTONIO ANDRE DE SOUZA;SITIO MAMOEIRO
JATI;70;382;CARNAUBA-SEDE;ESCOLA MUNICIPAL DORALICE FERREIRA DE SOUSA;VILA CARNAUBA
FORTALEZA;95;197;PEDRAS;EM TRISTÃO DE ALENCAR;RUA JOSE NOGUEIRA, 69
MORADA NOVA;47;163;BOA AGUA;EEB GEORGINA RIBEIRO DOS SANTOS;LAGOA FUNDA
FORTALEZA;94;211;QUINTINO CUNHA;EMEIEF MARIA CARDOSO;RUA FRANCISQUINHA PORTELA 1151
SOBRAL;121;111;DOM EXPEDITO;EEFI PADRE OSVALDO CHAVES;RUA PROFESSOR ANTÔNIO FERREIRA PORTO225
FORTALEZA;94;883;PADRE ANDRADE;CEI PROFESSOR CLODOALDO PINTO;RUA BANVARTH BEZERRA 100
SANTA QUITÉRIA;54;208;PEREIROS;CRECHE COMUNITARIA MARIA DO SOCORRO PESSOA CATUNDA;PEREIROS
SANTA QUITÉRIA;54;126;BOA VIDA;E.E.E.P.  MONSENHOR LUIZ XIMENES FREIRE;AVENIDA MELQUIADES MOURÃO, SN.
MOMBAÇA;46;61;CENTRO;E. E. E. F. M. PROFESSOR PEDRO JAIME;AV. CÍCERO MARQUES, 02
CANINDÉ;33;440;ZONA RURAL;EMEF SAO PAULO;ASSENTAMENTO SAO PAULO
FORTALEZA;94;856;QUINTINO CUNHA;COLEGIO DOM FELIPE - JUNIOR;RUA FRANCISCO MENDES DE OLIVEIRA, 183
PACATUBA;57;226;CONJUNTO JEREISSATI III;EEIEF NELLY DE LIMA E MELO;RUA 02, 250
FORTALEZA;94;696;ANTÔNIO BEZERRA;COLEGIO JULIA FIALHO;RUA JOSE ACIOLY 73
MARANGUAPE;4;36;CENTRO - MARANGUAPE;COLÉGIO SEBASTIÃO DE ABREU;RUA ROBERTO BRAQUEHAIS, 656
BELA CRUZ;96;85;SANTA TEREZA;DELEGACIA SINDICAL DE SANTA TEREZA;LOCALIDADE SANTA TEREZA
PINDORETAMA;7;125;SEDE;EMEB PROFESSORA VERÔNICA PEREIRA DE ARAÚJO;RODOVIA CE-040, S/N, PINDORETAMA
ACOPIARA;60;138;DISTRITO DE ISIDORO;EEF MANOEL JOAQUIM DE MELO;SITIO BULANDEIRA
ARNEIROZ;101;79;CACHOEIRA DE FORA;GRUPO ESCOLAR JOAO MONTEIRO;CACHOEIRA DE FORA
SÃO GONÇALO DO AMARANTE;36;56;CENTRO;ESCOLA DE ENSINO MÉDIO EM TEMPO INTEGRAL ADELINO CUNHA ALCANTARA;RUA CORONEL NECO MARTINS 220 - SEDE
FORTALEZA;117;428;MANOEL SÁTIRO;EMEIF MARIA BEZERRA QUEVEDO;RUA 103, 28 - CJ. NOVO MONDUBIM
PARAIPABA;109;167;2ª ETAPA - SETOR G/H;EMEIF PAULO SILVA DOS SANTOS;SETOR G/H 2A ETAPA
FORTALEZA;115;486;JARDIM CEARENSE;ESCOLA MARISTA SAGRADO CORAÇÃO;RUA VIDAL DE NEGREIROS, 550
CARIRIAÇU;71;134;PALESTINA;CRAS MESTRE NECO;RUA PEDRO GOMES DE LIMA, SN
BATURITÉ;5;94;CANDEIA SAO SEBASTIAO-POVOADO;EMEF CAPITAO PORFIRIO RODRIGUES DE SOUZA;RUA IRMA ROBUSTINA SN
SOBRAL;24;652;ALTO DA BRASÍLIA;EEFI RAIMUNDO PIMENTEL GOMES - CAIC;RUA PRINCESA ISABEL, S/N
FORTALEZA;114;46;BARRA DO CEARÁ;EM CASIMIRO JOSÉ LIMA FILHO;AVENIDA FRANCISCO SÁ 6449
CRUZ;30;101;CENTRO;ESCOLA MARIA PEREIRA BRANDAO;RUA VEREADOR MUNDICO MARTINS 642
ITAPIÚNA;105;130;DISTRITO DE CAIO PRADO;EEIEF CENTRO COMUNITARIO CÉSAR CALS;AV MANOEL FRANCELINO S/N
AIUABA;101;39;CENTRO;ESCOLA PADRE PEDRO JOSE;RUA ARMANDO ARRAES FEITOSA 30
SOLONÓPOLE;55;134;CENTRO;EEEP JOSÉ CIRO NOGUEIRA MACHADO;TV LUÍS ALMEIDA
FORQUILHA;121;184;ALTO ALEGRE;CERU-CENTRO DE EDUCAÇÃO BASICA MARRINA MAGALHAES MARTINS;R POSIDONIO GOMES SIQUEIRA SN
FORTALEZA;1;388;VICENTE PINZON;ESCOLA ESTADUAL DEPUTADO MANOEL RODRIGUES;RUA OLIVEIRA FILHO, 1576
JAGUARIBARA;72;87;CENTRO;ESCOLA MARIA ELZA RODRIGUES;RUA PORCINO MAIA, 825
FORTALEZA;2;774;JOSÉ DE ALENCAR;COLÉGIO CHRISTUS SUL 3;AV ENGENHEIRO LEAL LIMA VERDE, 2500 - JOSÉ DE ALENCAR
FORTALEZA;93;176;MONDUBIM;EEFM ESTADO DO MARANHAO;RUA CARLOS PIMENTA,506
GUARACIABA DO NORTE;74;15;SEDE;ESCOLA MUNICIPAL D PEDRO I;RUA 12 DE MAIO - CENTRO
SOBRAL;24;680;JUNCO;EEFI PROF. GERARDO RODRIGUES ALBUQUERQUE;AVENIDA JOHN SANFORD, 1940
FORTALEZA;95;273;BARROSO;CEI PROFESSORA MARIA ROZANI MENDONÇA NOBRE;RUA MARIA JOSÉ P, S/N, CONJUNTO JOÃO PAULO II
JARDIM;119;367;CENTRO;ESCOLA SENADOR CARLOS JEREISSATI;AVENIDA WILSON RORIZ
FORTALEZA;94;572;QUINTINO CUNHA;COLÉGIO DOM FELIPE;AV INDEPENDÊNCIA. 1652
PACAJUS;49;366;VILA DA MATA;EEF JOAO DE CASTRO E SILVA;RUA SEBASTIÃO PEDRO DA SILVA S/N
CRATO;27;27;CENTRO;EEIEF PROFª EDILMA FERNANDES G. RODRIGUES - CÍRCULO OPERÁRIO;AVENIDA JOSÉ ALVES DE FIGUEIREDO S/N
CRATEÚS;20;198;PATRIARCAS;CAPS DO PATRIARCAS - PROVISORIO;RUA JOSÉ VICENTE S/N
BOA VIAGEM;63;39;GUIA;EEF ADILIA MARIA;R. FRANCISCO RIBEIRO DE SALES, S/N
BOA VIAGEM;63;107;BARRO VERMELHO;EEF BALMIZA MARIA VIEIRA SAMPAIO;BARRO VERMELHO
GRANJA;25;198;ZONA RURAL (SEDE RURAL);E.E.F. FRANCISCO CARNEIRO FONTENELE;CAÇA POEIRA
QUIXERAMOBIM;11;154;MONTEIRO DE MORAIS;ESCOLA MARIA ARAUJO CARNEIRO;RUA DR SEBASTIAO CAVALCANTE, 58
PARAMOTI;111;138;CENTRO;EMEF BELA VISTA;AV JOAQUIM VIEIRA, 22
NOVA OLINDA;53;118;SÍTIO GOSTOSO;UBS  POSTO JOÃO PEREIRA DE SANTANA;SÍTIO GOSTOSO
MORAÚJO;64;75;GOIANA;GOIANA - ESCOLA MUN. JUVÊNCIO DA COSTA SAMPAIO;DISTRITO DE GOIANA
MOMBAÇA;46;140;CIPO;ESCOLA DE ENSINO FUNDAMENTAL ANTÔNIO TOMAZ DE AQUINO;DISTRITO DE CIPÓ
URUBURETAMA;23;346;TAMBOATÁ / ZONA RURAL;EEF JOAQUIM BARROSO BRAGA;TAMBOATA
SENADOR SÁ;45;55;CENTRO;EEF NOSSA SENHORA DO AMPARO;RUA PADRE DELMONT S/N
PACAJUS;49;146;PAJEU;EEF PROFA EDITE NOGUEIRA DA COSTA (ANT CEI PARAISO DA CRIANÇA);RUA PROJETADA S/N
FORTALEZA;95;337;CONJUNTO PALMEIRAS;EMEIEF CÉSAR CALS DE OLIVEIRA NETO;RUA OLIMPIO RIBEIRO, 20
PENAFORTE;70;327;CENTRO-SEDE;ESCOLA SIMAO ANGELO;RUA PADRE CICERO S/N
MAURITI;76;8;COITE-DISTRITO;POSTO DE SAÚDE DR. JOSÉ LEITE MARANHÃO;RUA PROJETADA, S/N
FORTALEZA;85;111;CONJUNTO CEARÁ I;CEJA ADELINO DE ALCANTARA FILHO - UV-6;RUA SEISCENTOS E DOZE, 100, 1A ETAPA
FORTALEZA;83;763;DOM LUSTOSA;ESCOLA MUNICIPAL MURILO SERPA;RUA MONSENHOR HIPOLITO BRASIL 1400
TAUÁ;19;246;SANTA TEREZA;ESCOLA BENEVENUTO NONATO DE ALMEIDA;SANTO ANTONIO
LAVRAS DA MANGABEIRA;14;34;CRUZEIRO;ESCOLA DE 1 GRAU STELA SAMPAIO;BAIRRO DO CRUZEIRO S/N
FORTALEZA;115;286;JARDIM CEARENSE;EM JOÃO ESTANISLAU FAÇANHA;RUA ONZE, S/N - CONJUNTO CAMPO DOS INGLESES
ARACATI;8;63;PEDREGAL;E.E.F. PROF ANTONIO MONTEIRO;NUCLEO HABITACIONAL
SÃO GONÇALO DO AMARANTE;36;306;TAIBA-DISTRITO;ESCOLA DE EDUCAÇÃO BÁSICA PROFª ALBA HERCULANO ARAÚJO;RUA CAPITAO INACIO PRATA SN -TAÍBA
PACAJUS;49;17;BURITI;EEF ALBA LARANJEIRA DE ALBUQUERQUE;RUA ANACLETO SOUSA MAIA
MISSÃO VELHA;16;122;CENTRO;URCA (ANTIGO GINASIO PAROQUIAL);RUA CORONEL JOSE DANTAS, SN
QUIXERÉ;29;244;LAGOINHA;EEIF ZACARIAS FERREIRA DE SOUSA;RUA JOAO ZACARIAS DE BRITO SN
QUIXADÁ;6;78;DOM MAURICIO;EEF ANTÔNIO MARTINS DE ALMEIDA;RUA PADRE JOSÉ DA SILVA, 36
BOA VIAGEM;63;241;CENTRO-SEDE;EEFM DOM TERCEIRO;RUA ALFREDO TERCEIRO  300
PEDRA BRANCA;59;18;SANTA URSULA;EEFIT MARIA ALVES DE OLIVEIRA;AV SABINO VIEIRA CAVALCANTE, 320
MOMBAÇA;46;61;CENTRO;E. E. E. F. M. PROFESSOR PEDRO JAIME;AV. CÍCERO MARQUES, 02
TARRAFAS;18;106;CENTRO;POSTO DE SAÚDE DA TIMBAÚBA;SITIO TIMBAUBA     S/N
QUIXADÁ;6;315;PLANALTO UNIVERSITÁRIO;EEF DEPUTADO FLÁVIO PORTELA MARCILIO;RUA JOSE DE QUEIROZ PESSOA, 2323
CAUCAIA;120;395;PLANALTO CAUCAIA;E.E.I.E.F. ANTONIO BRAGA DA ROCHA;RUA 112, SN - CIGANA
HORIZONTE;78;87;CENTRO;EEM RAIMUNDO NOGUEIRA;RUA RAIMUNDO NOGUEIRA, 103
CANINDÉ;33;349;CENTRO;CAMPUS PROVISÓRIO DA UECE (ANTIGA ESC. DE  2º TEMPO JOSÉ FREIRE FREI);RUA JOAQUIM MAGALHAES S/N - PRACA DR ARAMIS
CAUCAIA;37;56;GRILO;EEIEF NAIR MAGALHÃES GUERRA;RUA JOAQUIM BENTO CAVALCANTE, 500
FORTALEZA;80;290;VILA UNIÃO;ESCOLA MUNICIPAL PAPA JOÃO XXIII;AV TREZE DE ABRIL, 545
FORTALEZA;83;171;JÓQUEI CLUBE;EEFM HERACLITO DE CASTRO E SILVA;RUA SILVEIRA FILHO, 808
NOVA OLINDA;53;115;TERREIRO DURO;UBS PEDRINA MONTEIRO DE SOUSA;AV PERIMETRAL SUL / CE-292, SN
TURURU;17;739;ALTO DA PAZ;EMEF CECILIA SIQUEIRA;AV JOAO PATRICIO 583
TIANGUÁ;81;324;SANTO ANTÔNIO;LICEU DE TIANGUÁ - JOSE NI MOREIRA;RUA ZENI, 12 - SANTO ANTONIO
CAMOCIM;32;149;CENTRO;EEF ALBA MARIA DE ARAUJO LIMA AGUIAR;RUA DA INDEPENDENCIA SN
VÁRZEA ALEGRE;62;28;JUREMAL;EEMTI PROFESSORA MARIA AFONSINA DINIZ MACÊDO;AVENIDA TENENTE ANTONIO GONCALVES, 19
CAUCAIA;37;30;CURICACA;E.E.F. EDSON DA MOTA CORREA;ESTRADA VELHA DO ICARAI, KM 02
PACAJUS;49;271;COAÇU;EEF RAIMUNDO NOGUEIRA DE QUEIROZ;RUA JOÃO AUGUSTO DE OLIVEIRA, 103
FORTALEZA;118;583;DIAS MACEDO;EEFM ANTÔNIO DIAS MACEDO;AV PEDRO DANTAS 340
SÃO GONÇALO DO AMARANTE;36;174;CARDEIROS;UNIDADE DE APOIO À SAÚDE - CARDEIROS;CARDEIROS
ICÓ;15;115;CANTO - SITIO;ESCOLA MUNICIPAL MANOEL JOSE DE ARAUJO;SITIO CANTO S/N
BEBERIBE;84;103;ITAPEIM;ESCOLA MUNICIPAL JOAO FLORINDO DA SILVA;BAIXIO DE SANTA LUZIA
PALHANO;9;4;CENTRO;ESCOLA DE ENSINO MEDIO JOSE FRANCISCO DE MOURA;AVENIDA POSSIDONIO BARRETO 459
TRAIRI;97;107;SERRINHA;EEF PROFESSOR ELIZEU BARBOSA;ALTO SAO FRANCISCO
FORTALEZA;116;34;GRANJA LISBOA;EM SERVULO MENDES BARROSO;RUA JOSE MARTINS 2239
FORTALEZA;82;694;PIRAMBU;ESCOLA MUNICIPAL SÃO CURA D'ARS;RUA SANTA ELISA, 722
TURURU;17;635;ALTO DA PAZ;EMEF CECILIA SIQUEIRA;AV JOAO PATRICIO 583
AQUIRAZ;66;13;CENTRO;EMEF LAIS SIDRIM TARGINO;PRAÇA PADRE MATIAS  N 55
FORTALEZA;93;195;PLANALTO AYRTON SENNA;EM ADALBERTO STUDART FILHO;RUA DO CAMPO, 25
JUAZEIRO DO NORTE;28;242;FATIMA;EEF JOSE FERREIRA MENEZES;PEDRO GUILHERME DA SILVA S/N
IPAUMIRIM;92;108;CENTRO-SEDE;E.E.F. JOSE ALVES DE OLIVEIRA;VILA SAO JOSE
MORADA NOVA;47;130;2 DE AGOSTO;CEI MARIA ROSALINA LOPES;RUA PEDRO COUTINHO DA SILVA
FORTALEZA;94;912;VILA VELHA;COLÉGIO CIENTISTA;RUA 31, 330 - CONJUNTO POLAR
PARACURU;109;1;CENTRO;E. M. E. F. ANTONIO SALES;RUA CAP JOSE TELES, S/N
CRUZ;30;113;ZONA RURAL;ESCOLA JOAQUIM JOSE MONTEIRO;LAGOA DOS MONTEIROS
GUARACIABA DO NORTE;74;38;DISTRITO;EEF MANOEL BANDEIRA DE MOURA (ESCOLA NOVA DA MARTINSLÂNDIA);MARTINSLANDIA
CAUCAIA;120;422;PLANALTO CAUCAIA;E.E.I.E.F. ANTONIO BRAGA DA ROCHA;RUA 112, SN - CIGANA
COREAÚ;64;87;Araquém;ARAQUÉM - ESCOLA ESTADUAL Mª MENEZES CRISTINO;CE 240, KM 77 - DISTRITO DE ARAQUÉM, COREAÚ/CE
FORTALEZA;2;796;LAGOA REDONDA;ESCOLA MUNICIPAL ISABEL FERREIRA;RUA ISABEL FERREIRA, 1000 - CONJ. CURIÓ
PEDRA BRANCA;59;146;BOM PRINCIPIO;EEFTI SABINO VIEIRA CAVALCANTE;RUA FORTUNATO SILVA, 243
SOBRAL;121;26;COHAB II;EEFI PAULO ARAGAO;RUA CAETANO FIGUEIREDO 100 COHAB II
FORTALEZA;112;301;GUARARAPES;MRH GESTÃO DE PESSOAS E SERVIÇOS;RUA PROFESSOR JACINTO BOTELHO, 1600
JUAZEIRO DO NORTE;28;317;SAO MIGUEL;COLÉGIO OBJETIVO;RUA DOUTOR FLORO, 776
SOBRAL;24;244;RENATO PARENTE;ANEXO JOSE VICENTE PEREIRA(BOQUEIRAO);BOQUEIRAO - PÉ DA SERRA DA MERUOCA
FARIAS BRITO;62;190;SEDE;EEI JOANA ALVES BEZERRA;RUA ARACI FREITAS FRANCELINO, S/N
LIMOEIRO DO NORTE;29;48;ESPINHO;EEF JOÃO LUIS MAIA;SITIO ESPINHO
ACARAÚ;30;359;ZONA RURAL;ESCOLA ANCELMO JOSÉ DA SILVEIRA;CARRAPATEIRAS
VIÇOSA DO CEARÁ;35;95;ZONA RURAL;ESCOLA DE ENSINO FUNDAMENTAL DE UBARI;SITIO UBARI
FORTALEZA;116;390;BONSUCESSO;EM FRANCISCA FERNANDES MAGALHAES (COLÉGIO CASTRO);RUA OLIVEIRA SOBRINHO, 1031
ACOPIARA;60;161;TRUSSU;EEFM SOLON GUEDES CAVALCANTE;VILA DE TRUSSU
PINDORETAMA;7;154;SITIO EMA - PINDORETAMA;EMEB RAIMUNDA ALBANO DE LIMA;RUA LUIZ GONZAGA DA SILVA, S/N, SITIO EMA
PINDORETAMA;7;203;PRATIUS - 2;EMEB OLGA VALE ALBINO;RODOVIA CE 454, S/N - PRATIUS - 2  PINDORETAMA
VÁRZEA ALEGRE;62;181;ZEZINHO COSTA;EEF DR. DÁRIO BATISTA MORENO;AV. VICENTE ALVES COSTA, 624
NOVA RUSSAS;48;78;UNIVERSIDADE;COLÉGIO MUNICIPAL ONZE DE NOVEMBRO;AV. JOÃO GREGÓRIO TIMBÓ
SOBRAL;24;119;DOM JOSÉ;EEFI ANTENOR NASPOLINI;RUA PREFEITO JERONIMO PRADO, S/N
FORTALEZA;114;338;JARDIM IRACEMA;EM 11 DE AGOSTO;RUA ERETIDES DE ALENCAR, S/N, EM FRENTE AO N. 1623
FORTALEZA;3;196;JACARECANGA;SENAI - UNIDADE CENTRO;AV. PADRE IBIAPINA, 1280
FORTALEZA;115;62;PARANGABA;EM PROF. JOSE VALDIVINO DE CARVALHO;RUA GUARA, S/N
FORTALEZA;2;379;MESSEJANA;EEM LICEU DE MESSEJANA;AVENIDA WASHINGTON SOARES 7702
ACOPIARA;60;65;DISTRITO DE SAO PAULO;EEMTI MARIA LEAL TEIXEIRA;SAO PAULINHO
CAPISTRANO;105;55;SEDE;CENTRO DE EDUCAÇÃO INFANTIL PROF. CLAUDIA MATOS MACIEL;VIDELINA
JAGUARIBE;10;94;COHAB;EEEP POETA SINÓ PINHEIRO (LICEU);AV D, S/N
FORTALEZA;94;796;QUINTINO CUNHA;IGREJA SÃO PEDRO E SÃO PAULO;RUA PADRE TEODORO, 996
FORTALEZA;1;484;PAPICU;COLEGIO ANTARES - OCELO PINHEIRO;RUA PROFESSOR OCELO PINHEIRO 101
CAUCAIA;123;330;PARQUE GUADALAJARA (JUREMA);E.E.I.E.F. 7 DE SETEMBRO;AV. DOM ALMEIDA LUSTOSA, 2322
URUBURETAMA;23;27;CENTRO;SECRETARIA DE AÇÃO SOCIAL DE URUBURETAMA;TRAVESSA JOAQUIM AVILA S/N
PARAMOTI;111;156;LAGES;ESCOLA MUNICIPAL FILHINHA ROCHA LIMA - CRECHE AMOR DE CRIANÇA;LOCALIDADE LAGES
FORTALEZA;113;412;VILA UNIÃO;COLÉGIO ART E MANHA;RUA SÃO MATEUS, 1020
FORTALEZA;1;356;MUCURIPE;ESCOLA ESTADUAL DRAGAO DO MAR;RUA UMARI S/N
FORTALEZA;85;163;AUTRAN NUNES;EM BERGSON GURJÃO FARIAS;AVENIDA SENADOR FERNANDES TÁVORA, 2500
FORTALEZA;83;695;JOÃO XXIII;ESCOLA UMA JANELA PARA O MUNDO;RUA JULIO BRAGA, 1014
ACARAÚ;30;330;ZONA RURAL;ESCOLA RAIMUNDA DOMINGUES DE OLIVEIRA;ESPRAIADO
VIÇOSA DO CEARÁ;35;24;CENTRO;CEB NOSSA SENHORA DAS VITÓRIAS;RUA MANOEL PEREIRA BARROS
CRATO;27;321;NOVO CRATO;EEMTI PREF. RAIMUNDO COELHO BEZERRA DE FARIAS;RUA FRANCISCO PIANCÓ LEITE S/N
FORTALEZA;2;745;LAGOA REDONDA;EM PROFª FERNANDA MARIA DE ALENCAR COLARES;AV PROF. ARTHUR DE CARVALHO, 1540
CRATEÚS;20;201;FATIMA II;EEFM LIONS CLUBE;RUA CLOVIS BEVILAQUA 1417
SANTANA DO CARIRI;53;40;DOM VITAL;EMEIEF SAO FRANCISCO;SÍTIO DOM VITAL, SN
FORTALEZA;115;110;PARANGABA;EMTI CAROLINO SUCUPIRA;RUA MUNDICA PAULA, 670
EUSÉBIO;88;237;TAMATANDUBA;CEI TEREZINHA CAMPINA BRAUNA;RUA EZEQUIEL CAMPINA, S/N
FORTALEZA;2;151;MESSEJANA;EMEIF ANGELICA GURGEL;RUA DOUTOR PERGENTINO MAIA, 375
CAUCAIA;123;320;PARQUE POTIRA (JUREMA);COLÉGIO ESTADUAL LICEU DE CAUCAIA;RUA ARAQUÉM, 1100 - PARQUE POTIRA (JUREMA)
FORTALEZA;1;827;VICENTE PINZON;ESCOLA MUNICIPAL PROF BELARMINA CAMPOS;RUA MANOEL RODRIGUES MONTEIRO, 840
AIUABA;101;25;SAO NICOLAU;GRUPO ESCOLAR EDMUNDO BRAGA;RUA BENTO HERCULES SN
AURORA;69;30;ARACA-SEDE;E.E.I.F. ROMAO SABIA;RUA PROJETADA  S/N
MARACANAÚ;104;168;PAJUÇARA;EMEIEF ANTÔNIO DE ALBUQUERQUE SOUSA FILHO;RUA SENADOR PETRÔNIO PORTELA, 145
FORTALEZA;3;607;ALDEOTA;COLÉGIO SANTA CECÍLIA;AV. SENADOR VIRGÍLIO TÁVORA, 2000
IGUATU;13;77;AREIAS I;INSTITUTO FEDERAL DO CEARÁ - IFCE CAMPUS AREIAS;RUA DEOCLECIO LIMA VERDE SN
CARIRÉ;65;19;ZONA RURAL;ESCOLA EIEF ERNESTO ALEXANDRE DA SILVA;PEDRA PRETA
GRANJA;25;160;PAULA PESSOA;E.E.F. GALDINO MARQUES DE OLIVEIRA;PAULA PESSOA
VIÇOSA DO CEARÁ;35;114;ZONA RURAL;E.E.F JOÃO PAULINO;DISTRITO DE PASSAGEM DA ONCA
PEREIRO;10;184;ZONA RURAL;POSTO DE SAÚDE DO SÍTIO BAIAO;SÍTIO BAIÃO
CRATEÚS;20;181;VENANCIOS;EEFM PRES EURICO GASPAR DUTRA;RUA EDUARDO ALBUQUERQUE SN
CRATEÚS;20;91;MONTENEBO;ESCOLA DE CIDADANIA FRANCISCO DE ALCANTARA BARROS;MONTENEBO
CAUCAIA;123;522;ARATURI (JUREMA);E.E.I.E.F. MONSENHOR ANDRÉ VIANA CAMURÇA;RUA NW-5, 40
NOVA RUSSAS;48;96;UNIVERSIDADE;COLÉGIO MUNICIPAL ONZE DE NOVEMBRO;AV. JOÃO GREGÓRIO TIMBÓ
FORTALEZA;3;111;JACARECANGA;COLÉGIO ESTADUAL LICEU DO CEARÁ;PRAÇA GUSTAVO BARROSO, 01
JUAZEIRO DO NORTE;119;416;NOVO JUAZEIRO;ESCOLA TIRADENTES;CASTELO BRANCO SN
ITAITINGA;78;315;PARQUE GENEZARÉ;EEF ELIAS DE SOUSA;RUA JOSE RODRIGUES PEREIRA, 137
PACAJUS;49;387;ALDEIA PARQUE;EEF ALICE FERNANDES LOPES;RUA JOSÉ DOS SANTOS GIRÃO OLIVEIRA SN
TAUÁ;19;148;TRICI;EPG FRANCISCA G DE AMORIM;MASSAPE
FORTALEZA;115;381;PARANGABA;EEMTI GENERAL EUDORO CORREA;RUA JULIO BRAGA 101
FORTALEZA;115;478;VILA PERI;EEM PROF. HERMENEGILDO FIRMEZA;RUA GABRIEL FIUZA 360
FORTALEZA;115;410;MANOEL SÁTIRO;EM HENRIQUETA GALENO;RUA MAJOR MONTENEGRO 917
CASCAVEL;7;147;GUANACES;ESC.ENS.FUND. MAXIMIANO FELIX DOS SANTOS;BRITO
IRACEMA;86;112;ZONA RURAL;E. PRUDENCIO PESSOA DE QUEIROZ;SITIO BARREIROS
PARAIPABA;109;174;BOA ESPERANÇA;EEEP FLÁVIO GOMES GRANJEIRO;RUA MARIA MOREIRA, SN
PEDRA BRANCA;59;132;MINEIROLANDIA;E.E.F.I  DOM JOSE MAURO;RUA VICENTE MINEIRO, 25
TIANGUÁ;81;99;CENTRO;INSTITUTO EDUCACIONAL DE TIANGUÁ - IET;PRAÇA MONSENHOR MACEDO, 60
FORTALEZA;94;886;PADRE ANDRADE;CEI PROFESSOR CLODOALDO PINTO;RUA BANVARTH BEZERRA 100
JAGUARIBE;10;33;CENTRO;COLEGIO CLOVIS BEVILAQUA;AV. OITO DE NOVEMBRO 443
AQUIRAZ;66;18;BATOQUE;EMEF DE BATOQUE;PRAIA DO BATOQUE SN
CRATEÚS;20;69;ALTAMIRA;ESCOLA TECNICA DE COMERCIO PADRE JUVENCIO;RUA JOAO SOARES, 15
HORIZONTE;78;413;CENTRO;EMEF MARIA REGIANA DA SILVA;RUA RAFAEL SANTOS, 530
JUAZEIRO DO NORTE;119;469;LAGOA SECA;UNILEÃO - UNIVERSIDADE DR LEAO SAMPAIO - CAMPI LAGOA SECA;AV. MARIA LETICIA LEITE PEREIRA, S/N
GUARACIABA DO NORTE;74;180;SEDE;ESCOLA DE ENSINO MEDIO MARIA MARINA SOARES;RUA 12 DE NOVEMBRO - CENTRO
FORTALEZA;114;216;JARDIM IRACEMA;EM JESUS CRISTO - CEI ANEXO;RUA ALBERTO FERREIRA 564
FORTALEZA;112;427;EDSON QUEIROZ;COLEGIO ARI DE SA CAVALCANTE WS;AV WASHINGTON SOARES, 3737
AQUIRAZ;66;180;PRAIA DO PRESIDIO;EMEF LUIS EDUARDO STUDART GOMES;RUA DA BIQUARA
FORTALEZA;3;288;PRAIA DE IRACEMA;SECRETARIA DA SAÚDE DO ESTADO DO CEARÁ;RUA ITAPIPOCA, 60
FORTALEZA;1;510;MUCURIPE;ESCOLA MUNICIPAL JOSE RAMOS TORRES DE MELO;AVENIDA DA ABOLIÇÃO 3984
FORTALEZA;2;784;JOSÉ DE ALENCAR;COLÉGIO CHRISTUS SUL 3;AV ENGENHEIRO LEAL LIMA VERDE, 2500 - JOSÉ DE ALENCAR
FORTALEZA;2;87;MESSEJANA;CLUBE DA CAIXA;AVENIDA FREI CIRILO 4700
AURORA;69;74;ESPINHEIRO-SITIO;E.E.I.F ANTONIO FERNANDES;SITIO ESPINHEIRO  S/N
CAUCAIA;37;469;GRILO;E.E.I.E.F. MARIA DAS DORES LIMA;RUA JOSE EMILIO DA ROCHA, 852 - PQ MALOUBER
FORTALEZA;115;40;ITAPERI;UNIVERSIDADE ESTADUAL DO CEARA - UECE;AV DR. SILAS MUNGUBA, 1700
ARACATI;8;202;VARZEA DA MATRIZ;COLEGIO MUNICIPAL;RUA PADRE PACHECO, S/N.
SÃO BENEDITO;22;164;MONS. OTALICIO;LICEU - JOAO ALMIR DE FREITAS BRANDAO;AVENIDA TABAJARA S/N
SÃO BENEDITO;22;209;SEDE;ESCOLA DE ENSINO FUNDAMENTAL DOM COUTINHO;SITIO DO MEIO
SOLONÓPOLE;55;153;CENTRO;E.M.E.B. MARIA AUGUSTA PINHEIRO;RUA JOSÉ NELSON RODRIGUES , S/N, - ALTO VISTOSO - CONJ NOSSA SENHORA
MOMBAÇA;46;45;CARNAUBA;ESCOLA DE ENSINO FUNDAMENTAL PEDRO AIRES DE CARVALHO;DISTRITO DE CARNAÚBA
BATURITÉ;5;56;ACUDINHO-FAZENDA;EMEF MARIA JOSE VIANA;ACUDINHO DOS VIANAS
CAUCAIA;37;10;CENTRO;C.S.U. EDSON DA MOTA CORREA;RUA JOSE DE PONTES, 2671 - AÇUDE
CAUCAIA;123;509;PARQUE ALBANO (JUREMA);E.E.I.E.F. DOM ANTÔNIO DE ALMEIDA LUSTOSA;RUA PERY, 951
GUARACIABA DO NORTE;74;18;CENTRO;CENTRO PASTORAL NOSSA SENHORA DOS PRAZERES;R. CEL.CLÍNIO MEMÓRIA, 281 - CENTRO
PEREIRO;10;176;SITIO VARRELO;ESCOLA MUNICIPAL MARIA NAZARE DE JESUS;SITIO VARRELO
FORTALEZA;112;178;CIDADE DOS FUNCIONÁRIOS;IGREJA DA GLÓRIA;AV OLIVEIRA PAIVA, 905
ICÓ;15;159;SANTO ANTONIO - SITIO;ESCOLA DE ENSINO FUNDAMENTAL SÃO JOÃO;SITIO SANTO ANTONIO
MARACANAÚ;104;414;TIMBÓ;EMEF EDSON QUEIROZ;AVENIDA TIMBÓ, 2
FORTALEZA;2;806;LAGOA REDONDA;ESCOLA MUNICIPAL ISABEL FERREIRA;RUA ISABEL FERREIRA, 1000 - CONJ. CURIÓ
FORTALEZA;114;291;BARRA DO CEARÁ;EEEP PAULO PETROLA;RUA SAUDÁRIA, S/N - GOIABEIRAS
MARACANAÚ;104;443;PAJUÇARA;EEEP MARIA CARMEM VIEIRA MOREIRA;RUA MARIA FERREIRA, 150
FORTALEZA;117;470;BOM JARDIM;ESCOLA MUNICIPAL CATARINA LIMA DA SILVA;RUA PEDRO MARTINS, 313
JIJOCA DE JERICOACOARA;30;420;CENTRO;CRECHE COMUNITÁRIA SANTA LUZIA;RUA MANOEL MARQUES - 1181
TRAIRI;97;175;BARRINHA DO NORTE;EEF DONA OLGA RIBEIRO;BARRINHA DO NORTE
CRUZ;30;89;CAICARA;ESCOLA JOAO LADISLAU DE PAULO MAGALHAES;CAICARA
NOVO ORIENTE;99;17;CENTRO;EEM COELHO MASCARENHAS;RUA SAO JOSE S/N
PINDORETAMA;7;282;SITIO CORREIA;EMEB PEDRO RICARDO DA SILVA;SITIO CORREIA - PINDORETAMA
FORTALEZA;83;534;BELA VISTA;COLEGIO CHRISTUS;AV. ENG. HUMBERTO MONTE, 1355
BEBERIBE;84;12;PARAJURU;ESCOLA MUNICIPAL MONSENHOR JOAQUIM DE JESUS DOURADO;RUA MONSENHOR DOURADO SN - CENTRO
GRANJA;25;221;SÃO PEDRO;E.E.F. ARZILIA MOTA;RUA PARAIBA, S/N
JIJOCA DE JERICOACOARA;30;433;ZONA RURAL;ESCOLA JOSÉ BRANDÃO DE ALBUQUERQUE;CORREGO PERDIDO
AIUABA;101;75;SUMARÉ;GRUPO ESCOLAR EXPEDITA FREIRE DA SILVA;SUMARÉ
REDENÇÃO;52;167;DISTRITO DE BARRA NOVA (ANTIGO SÃO GERARDO);ESCOLA MANOEL SARAIVA DE SOUSA;SERRA MANOEL DIAS
BELA CRUZ;96;69;SANTO IZIDIO-LOCALIDADE;EMEIEF FRANCISCO CIPRIANO SAMPAIO;SANTO IZIDIO
TAMBORIL;61;49;CENTRO;EMEF GENERAL SAMPAIO;RUA FRANCISCO MARTINS DE HOLANDA, 75
SOBRAL;121;133;CENTRO;COLEGIO FARIAS BRITO SOBRALENSE;PRACA QUIRINO RODRIGUES S/N
RUSSAS;9;129;MIGUEL PEREIRA;UNIDADE BÁSICA DE SAÚDE DE MIGUEL PEREIRA;MIGUEL PEREIRA
IPUEIRAS;40;121;TAPERA DO MEIO;EEF PEDRO FRANCISCO ALVES - TAPERA DO MEIO;TAPERA DO MEIO
BARROQUINHA;108;61;DISTRITO BITUPITÁ;EEF SANTA ADELAIDE;RUA DO COMERCIO S/N
FORTALEZA;117;466;CANINDEZINHO;ESCOLA MUNICIPAL JORNALISTA DEMÓCRITO DUMMAR;RUA EUCLIDES PAULINO BARROSO, 2505
SÃO BENEDITO;22;66;SITIO BARRA;EMEB EROTIDES MELO LIMA;SITIO BARRA
FORTALEZA;93;181;MONDUBIM;EEFM ESTADO DO MARANHAO;RUA CARLOS PIMENTA,506
TRAIRI;97;148;MUNDAU;EEF SATURNINO LOPES DO PRADO;RUA VILA MARIANO S/N
QUITERIANÓPOLIS;99;138;ZONA RURAL;EEIF JOÃO FRANCISCO DA SILVA;SITIO
FORTALEZA;80;185;FÁTIMA;COLÉGIO NOSSA SENHORA DAS GRAÇAS;RUA MONSENHOR OTÁVIO DE CASTRO, 535
AMONTADA;89;150;FLORES;EEBTI RAIMUNDO URO DE MENESES;RUA JOAQUIM FELIX RIBEIRO
REDENÇÃO;52;104;DISTRITO DE ANTÔNIO DIOGO;ESCOLA ANTÔNIO BARBOSA;SÍTIO SUSTO
REDENÇÃO;52;137;CENTRO (SEDE);ESCOLA PE. SARAIVA LEÃO (ANTIGA ESCOLA ADOLFO FERREIRA DE SOUSA);RUA SANTA RITA, N. 263
FORTALEZA;113;156;BOM FUTURO;COLÉGIO MEDALHA MILAGROSA;RUA PADRE JOÃO PIAMARTA,  415
FORTALEZA;117;199;PARQUE PRESIDENTE VARGAS;COLÉGIO CASTRO ALVES;RUA TULIPA NEGRA, 2319
FORTALEZA;117;452;CONJUNTO ESPERANÇA;COLEGIO SANTA HELENA;AV CONTORNO NORTE 819
MORADA NOVA;47;198;ARUARU;EEB BENEVENUTO LINO DO NASCIMENTO;RUA DE FATIMA S/N PATOS
JIJOCA DE JERICOACOARA;30;407;ZONA RURAL;UNIDADE BASICA DE SAÚDE - LAGOA DAS PEDRAS;LAGOA DAS PEDRAS
AMONTADA;89;96;CENTRO;EEM RITA ESTELITA DOS SANTOS RODRIGUES;AV GAL ALÍPIO DOS SANTOS 1020
MARACANAÚ;122;25;LUZARDO VIANA;COLEGIO ESTADUAL RUI BARBOSA;RUA JOSE JANUARIO PINTO, S/N
VIÇOSA DO CEARÁ;35;110;SITIO SERRADOR;CEI HIRAN FERREIRA LIMA ROCHA;SITIO SERRADOR
FARIAS BRITO;62;198;SEDE;EEF MARIA CARMOSINA PINHEIRO RODRIGUES;TRAVESSA ENOCH RODRIGUES, 53
MORADA NOVA;47;248;FELIPA;CRECHE COMUNITÁRIA SONHO INFANTIL;SÍTIO FELIPA DE CIMA
VIÇOSA DO CEARÁ;35;108;SITIO BUIRA GRANDE;E.E.I.F JOAO BONIFACIO DO NASCIMENTO;SITIO BUIRA GRANDE
MASSAPÊ;45;40;ZONA RURAL;EEF GERARDO EMILIANO;DISTRITO DE TANGENTE
MASSAPÊ;45;80;CENTRO;SECRETARIA DE EDUCACAO DO MUNICIPIO;RUA MAJOR JOSE PAULINO SN
DEPUTADO IRAPUAN PINHEIRO;55;46;CENTRO;EEB FRANCISCA JOSUÉ DE SOUZA CARNEIRO;VILA SILVEIRA, 0
FORTALEZA;118;662;PARQUE DOIS IRMÃOS;EMTI REITOR ROBERTO CLÁUDIO FROTA BEZERRA;AVENIDA 1, S/N
ITAPAJÉ;41;60;IRATINGA;E.E.M. ANTONIO CUSTÓDIO DE MESQUITA;RUA ANTONIO CUSTODIO DE MESQUITA 76
FORTALEZA;95;232;CONJUNTO PALMEIRAS;CENTRO DE CIDADANIA DOS DIREITOS HUMANOS-CCDH (EVANDRO AYRES DE MOURA);AV. CASTELO DE CASTRO, 2842
JAGUARIBE;10;103;CRUZEIRO;ESCOLA DE ENSINO FUNDAMENTAL E MEDIO CORNELIO DIOGENES;BR 116 KM 300
OCARA;67;201;SERENO DE CIMA-DISTRITO;ESCOLA MUNICIPAL JOSE PEREIRA DE SOUSA - ENSINO FUNDAMENTAL;ESTRADA DO ALGODAO - PLACA JOSE PEREIRA
ITAPIÚNA;105;126;DISTRITO DE CAIO PRADO;EEF PROFESSORA MARIA ALAÍDE LOPES;RUA NONATO CAVALCANTE SN
FORTALEZA;117;192;NOVO MONDUBIM;COLÉGIO ADEMIR ARAÚJO;AV. WALDIR DIOGO, 1055
SANTA QUITÉRIA;54;143;POVOADO PURGA DE LEITE;ESCOLA MUNICIPAL JUSTINO FERREIRA DE MENDONÇA;POVOADO PURGA DE LEITE
TIANGUÁ;81;139;LAURÃO;UNINTA - FACULDADE TIANGUÁ;RUA CONSELHEIRO JOÃO LOURENÇO, 406 - LAURÃO
PEREIRO;10;154;SITIO CAETANO;ESCOLA JOSÉ MATIAS DE SOUSA;SITIO CAETANO
QUIXADÁ;6;194;DANIEL DE QUEIRÓS;EEF RAIMUNDO CARNEIRO NUNES;OLHO D'AGUA DE CIMA, S/N
QUIXADÁ;6;48;ALTO SÃO FRANCISCO;EEMTI GOVERNADOR CÉSAR CALS DE OLIVEIRA FILHO;AV. JUSCELINO KUBITSCHEK, 385
ICÓ;15;129;ALTO DA VARZEA - SITIO;ESCOLA MUNICIPAL CICERO AMARO DA SILVA;SITIO ALTO DA VARZEA S/N
CHOROZINHO;49;341;TIMBAUBA;PROGRAMA DE SAUDE DA FAMILIA - PSF TIMBAUBA;RUA ARTUR CHAGAS FILHO SN
BEBERIBE;84;145;SUCATINGA;ESCOLA MUNICIPAL MANOEL FERREIRA DA FONSECA;PIQUIRI I
TRAIRI;97;44;EMBOACA;EEF NOSSA SENHORA DA SAUDE;EMBOACA
BREJO SANTO;70;64;BAIXIO DOS BASTOS-SEDE;PSF CACILDA MARIA DE SOUSA (COMUNIDADE INDÍGENA);VILA BAIXIO DOS BASTOS
MOMBAÇA;46;60;CENTRO;E. E. E. F. M. PROFESSOR PEDRO JAIME;AV. CÍCERO MARQUES, 02
MERUOCA;24;583;Anil;EEIF - BEATRIZ SANFORD FROTA;DISTRITO ANIL
UBAJARA;73;176;SÍTIO SANTA LUZIA;ESCOLA EUDES SOARES CUNHA - SANTA LUZIA;SITIO SANTA LUZIA
GUARACIABA DO NORTE;74;138;DISTRITO;EEF MANOEL BANDEIRA DE MOURA (ESCOLA NOVA DA MARTINSLÂNDIA);MARTINSLANDIA
PEDRA BRANCA;59;3;CENTRO;CENTRO ADMINISTRATIVO CESÁRIO MENDES;RUA FURTUNATO SILVA, 45
JUAZEIRO DO NORTE;119;213;PREFEITO CARLOS ALBERTO DA CRUZ;URCA - CAMPUS CRAJUBAR (TRIÂNGULO);AVENIDA LEÃO SAMPAIO, 107
PORANGA;40;202;BURITI DOS CARREIROS;ESCOLA REUNIDA 12 DE OUTUBRO - BURITI DOS CARREIROS;BURITI DOS CARREIROS
FORTALEZA;118;665;PARQUE DOIS IRMÃOS;EMEIF INFANTE ROSALINA RODRIGUES;AV. 02, N 700
URUOCA;25;84;CENTRO;E.E.F. VALDEMAR ROCHA;RUA ANTONIO ARRUDA, 257
FORTALEZA;3;622;ALDEOTA;COLÉGIO BATISTA - SANTOS DUMONT;RUA DESEMBARGADOR LEITE ALBUQUERQUE, 1056
FORTALEZA;114;326;ÁLVARO WEYNE;EM DOM HELDER CAMARA;RUA FREI ODILON 623 B
CASCAVEL;7;73;CAPONGA;ESC.ENS.FUND. MINISTRO ARMANDO FALCÃO;TIJUCUSSU 2
AIUABA;101;34;CEDRO;GRUPO ESCOLAR VENTURA ALVES DE LIMA;POVOADO DE CEDRO SN
ITAPIÚNA;105;121;CENTRO;ESCOLA DE ENSINO FUNDAMENTAL E MEDIO FRANKLIN TAVORA;AVENIDA SAO CRISTOVAO 80
LIMOEIRO DO NORTE;29;107;BOA FE;EEF MARIA IDALINA DE FREITAS;RUA ESTEVAM REMIGIO, 3029
IPUEIRAS;40;36;CENTRO;ESCOLA DE ENSINO FUNDAMENTAL JOSÉ ALOÍSIO ARAGÃO - CENTRO;RUA CORONEL MALAQUIAS, 36
MAURITI;76;32;PALESTINA DO CARIRI-DISTRITO;EEF OSSIAN ARARIPE;VILA DNOCS
JAGUARIBE;10;6;DISTRITO DE MAPUÁ;E.E.I.E.F. MARIA ÁUREA MENEZES GOMES GONÇALVES;RUA PROJETADA, S/N - DISTRITO DE MAPUÁ
CHOROZINHO;49;403;LEIROES;EEM DR WLADIMIR RORIZ;RUA DR LUIS COSTA SN
LAVRAS DA MANGABEIRA;14;117;CENTRO - SEDE;CENTRO EDUCACIONAL PEQUENO PRÍNCIPE - CEPP;RUA DOS COQUEIROS, 82
RUSSAS;9;283;CORREGO DA CATITA;ASSOCIAÇÃO COMUNITÁRIA FRANCISCO PAZ FILHO;CÓRREGO DA CATITA
COREAÚ;64;101;Breguedoff;COREAÚ - BREGUEDOFF CEI PROFª Mª ZILMAR;LOCALIDADE BREGUEDOFF
RERIUTABA;79;252;BARRO VERMELHO;E.E.E.M. ALFREDO SILVANO GOMES;RUA BARRO VERMELHO, S/N
VARJOTA;65;145;EMPRÉSTIMOS;E.E.F. EMILIANO RIBEIRO DA CUNHA;RUA FRANCISCO RIBEIRO DE LIMA, 184
CANINDÉ;33;205;BELA VISTA;EMEF PREFEITO JOSE IVAN MAGALHAES;CONJUNTO HABITACIONAL MILTON MONTEIRO
PORANGA;40;130;SANTA RITA;ESCOLA REUNIDA SÃO SEBASTIÃO - SANTA RITA;SANTA RITA
CRATO;27;199;PONTA DA SERRA;EEIEF PEDRO FELÍCIO;VILA SÃO FRANCISCO, SN.
MASSAPÊ;45;138;CRUZEIRO;EEEP FRANCISCA NEILYTA CARNEIRO ALBUQUERQUE;RODOVIA CE362 KM 81 S/N
TIANGUÁ;81;94;CENTRO;CEJA DONA ESTRELA;RUA CAPITÃO JOAQUIM LOURENÇO, S/N
FORTALEZA;80;404;AEROLÂNDIA;COLÉGIO MAURO BEZERRA;RUA BRIGADEIRO VILELA, 221
NOVA OLINDA;53;82;CRUZEIRO;EEF PADRE CRISTIANO COELHO;AV. JEREMIAS PEREIRA S/N
ITAPIÚNA;105;127;DISTRITO DE CAIO PRADO;EEF PROFESSORA MARIA ALAÍDE LOPES;RUA NONATO CAVALCANTE SN
JUCÁS;43;130;VILA JOSÉ BENTO - SEDE;ESCOLA DE ENSINO FUNDAMENTAL  AUREA LEAL;VILA JOSE BENTO 170
FORTALEZA;80;422;JOSÉ BONIFÁCIO;FACULDADE MAURÍCIO DE NASSAU;AVENIDA VISCONDE DO RIO BRANCO, 2078
MUCAMBO;79;256;BOM JESUS;EEIEF JOÃO CAVALCANTE DE ALBUQUERQUE;LOCALIDADE BOM JESUS
AQUIRAZ;66;344;MACHUCA;EMEF GUILHERME JANJA;RODOVIA CE 040 KM 18  S/N
FORTALEZA;94;743;VILA VELHA;EEM LICEU VILA VELHA;AV. L, 840
JAGUARIBE;10;82;NOVA BRASÍLIA;EEIEF ANTONIO TEIXEIRA LIMA;AV ALMIR TAVORA, S/N
ICÓ;15;190;NOVO CENTRO - SEDE;EEMTI - PADRE JOSÉ ALVES DE MACÊDO;AV. FRANCISCO CAETANO DANTAS, S/N
BARRO;92;42;CENTRO-SEDE;ESCOLA DE 1 GRAU JUSTINO ALVES FEITOSA;RUA CRISANTINA MONTEIRO S/N
AQUIRAZ;66;223;SITIO GUARDA;EMEF VINDINA ASSUNCAO DE AQUINO;AV PETRONILIA PEREIRA S/N
SÃO BENEDITO;22;78;SITIO CARNAUBA;ASSOCIACAO COMUNITARIA CARNAUBA 1;SITIO CARNAUBA I
GRANJA;25;103;CENTRO;PATRONATO MONSENHOR VITORINO DE OLIVEIRA;RUA CONRADO PORTO, 350
FORTALEZA;80;250;TAUAPE;EMEIF PROFª ANTONIETA CALS;RUA MONSENHOR SALAZAR 1480
FORTALEZA;94;65;ANTÔNIO BEZERRA;EEF INSTITUTO DOS CEGOS (ANTÔNIO BEZERRA);RUA DR. JOÃO GUILHERME, 373
FORTALEZA;80;337;JOAQUIM TÁVORA;COLÉGIO ANTARES IRMÃ MARIA (ANTIGO IRMÃ MARIA MONTENEGRO);RUA PINHO PESSOA 681
AMONTADA;89;94;CENTRO;EEEP LUIZ GONZAGA FONSECA MOTA;AV GAL ALÍPIO DOS SANTOS 1360
IPAPORANGA;20;244;CAJÁS DOS JORGES;ESCOLA DE ENSINO FUNDAMENTAL SANTA MARTA;BOA ESPERANCA
FORTALEZA;85;363;DOM LUSTOSA;EEFM AYRTON SENNA DA SILVA;RUA MANAUS, 855
FORTALEZA;82;244;CARLITO PAMPLONA;EM HILBERTO SILVA;AV. PRESIDENTE CASTELO BRANCO, 2973
UBAJARA;73;192;sítio paus altos;ESCOLA ANTONIO FERREIRA GOMES;SÍTIO PAUS ALTOS
GROAÍRAS;65;137;VILA DE ITAMARACÁ;EEF ALBERTO ALVES BEZERRA;RUA JOAQUIM ALVES FEIJAO SN ITAMARACA
JUAZEIRO DO NORTE;119;195;TIRADENTES;ESCOLA GOVERNADOR MANOEL DE CASTRO FILHO;RUA IVANIR FEITOSA SN
FORTALEZA;116;293;GRANJA PORTUGAL;CAPS INFANTIL DA SECRETARIA EXECUTIVA REGIONAL V;RUA HUMBERTO LOMEU, 1105
BARBALHA;31;11;CIROLÂNDIA;EEF CESAR CALS DE OLIVEIRA (CIROLÂNDIA);RUA JOSÉ COELHO CORREIA, S/N (7.32321 S, 39.29880 W)
FORTALEZA;112;466;EDSON QUEIROZ;UNIVERSIDADE DE FORTALEZA - UNIFOR;AVENIDA WASHINGTON SOARES, 1321
ARACATI;8;27;CENTRO;E.E.M.T.I. BARAO DE ARACATI;PRAÇA DOS PRAZERES, 82
FORTALEZA;116;302;BOM JARDIM;EM CRESCER E APRENDER;RUA EDSON MARTINS, 642
QUIXERÉ;29;218;SEDE;EEIF VEREADOR RAIMUNDO NONATO DE SENA;RUA MANOEL GONCALVES 1458
PACAJUS;49;13;CENTRO;INSTITUTO EDUCACIONAL ESSÊNCIA;RUA MAMEDE NOGUEIRA, 814
TAMBORIL;61;8;BAIRRO MONTE CASTELO;EEEM DONA LUIZA TIMBÓ;RUA FRANKLIN CAVALCANTE SN
BELA CRUZ;96;24;CENTRO-SEDE;EMETI PAULO SARASATE;RUA JOSÉ XEREZ DE SOUSA, S/N
PEDRA BRANCA;59;165;SANTA MARIA;EEEP - ANTONIO RODRIGUES DE OLIVEIRA;AV. JOSE FRUTUOSO DA SILVA S/N
LIMOEIRO DO NORTE;29;172;ANTÔNIO HOLANDA;EEF PROF MARIA ELVANISA MOURA FREITAS SILVA;RUA RAIMUNDO NONATO DA SILVA S/N
PACAJUS;49;378;CROATA II;INSTITUTO POLITÉCNICO DE EDUCAÇÃO PROFISSIONAL DO CEARÁ;AVENIDA LUCIO JOSÉ DE MENEZES, 885
SOBRAL;24;643;DOM JOSÉ;EEFI ANTENOR NASPOLINI;RUA PREFEITO JERONIMO PRADO, S/N
FORTALEZA;116;83;GRANJA PORTUGAL;EM CONCEICAO MOURAO;RUA DUAS NACOES 550
FORTALEZA;116;493;BONSUCESSO;EM PROF LUIS RECAMONDE CAPELO;RUA MARIA QUINTELA 901
FORTALEZA;118;298;SERRINHA;COLÉGIO MARIA ESTER I;RUA ANTONIO TEIXEIRA LEITE, 248
FORTALEZA;118;653;MONDUBIM;COLÉGIO MAJESTIC;RUA CASTRO MEIRELES, 325
ITAPIPOCA;17;289;ASSUNÇÃO;EEB GERARDO MESQUITA;ARARA DO MEIO
ARACATI;8;38;NOSSA SENHORA DE FATIMA;CSU - C.R.A.S. NOSSA SENHORA DE FÁTIMA;RUA SAO JUDAS TADEU SN
ARACATI;8;268;CACIMBA FUNDA;E.E.F. FRANCISCO AMARAL LIMA;CACIMBA FUNDA
QUIXELÔ;13;169;ANTONICO-DISTRITO;ESCOLA DE ENS FUND JOAO VICENTE ALVES;ANTONICO-DISTRITO
FORTALEZA;118;392;SERRINHA;EM MARIA DE CARVALHO MARTINS;AVENIDA DOUTOR SILAS MUNGUBA, 4300
CANINDÉ;33;2;CENTRO;COLEGIO ESTADUAL PAULO SARASATE;RUA JOAQUIM MAGALHAES 100
MERUOCA;24;663;Centro;EEFM - MONSENHOR JOSE FURTADO;AV CARLOS DAVI, 136
PARAIPABA;109;163;SETOR B;EMEIF COMPLEXO ESCOLAR SETOR B;SETOR B, S/N
TAUÁ;19;239;BARRA NOVA;ESCOLA FRANCISCO FRUTUOSO DE BARROS;ESCONDIDO
BREJO SANTO;70;204;TIMBAUBA-SEDE;E E F AFONSO TAVARES DE LUNA;VILA TIMBAUBA
ARACATI;8;52;CAJUEIRO;E.E.F. JOSE BERNARDO DE SOUZA;CAJUEIRO
GUAIÚBA;57;282;SANTO ANTONIO;ESCOLA DE EDUCAÇÃO BASICA SANTO ANTONIO;RUA JOAQUIM DIAS DA CUNHA, S/N
JUCÁS;43;75;SÃO PEDRO DO NORTE - VILA;CENTRO COMUNITARIO ANTONIO RAIMUNDO DE SOUZA;RUA ANTONIO PEREIRA DA SILVA 226
JUAZEIRO DO NORTE;119;60;ANTONIO VIEIRA;ESCOLA PREFEITO ANTONIO CONSERVA;CONSTRUTOR JOSE SABINO SN
POTIRETAMA;86;131;CENTRO;E.E.M. ANTÔNIO REGINALDO MAGALHÃES DE ALMEIDA;RUA PROJETADA
PARAMOTI;111;146;CENTRO;EEMTI TOMÉ GOMES DOS SANTOS (PRÉDIO NOVO);RUA ORLEANS FARIAS, S/N - SANTA CECÍLIA
PIQUET CARNEIRO;12;30;CENTRO;EMEI PROFESSORA MARIA DE LOURDES DAMASCENO MARQUES;RUA MÃE RAINHA - BUMERANGUE
CAPISTRANO;105;41;SEDE;CRECHE PROFESSORA MARIA ANTONIETA SANTOS;CIDADE NOVA - RUA VIDELINA
ASSARÉ;18;55;CENTRO;ESCOLA DE ENSINO FUNDAMENTAL RAUL ONOFRE;RUA PADRE EMILIO CABRAL SN     ASSARE
MARACANAÚ;122;292;JARI;EMEF JOSÉ ASSIS DE OLIVEIRA(JARY);RUA PAULO AFONSO 4259
PACATUBA;57;323;SAO LUIZ;EEIF VICENTE FERRER DE LIMA;AV EDSON QUEIROZ, 1952
CATUNDA;54;167;CENTRO;COLÉGIO FILOMENA BELARMINA NAU;CENTRO
TIANGUÁ;81;162;SEMINÁRIO;FACULDADE VIA SAPIENS;AVENIDA PREFEITO JACQUES NUNES, 1739
BARBALHA;31;4;CENTRO;COLÉGIO NOSSA SENHORA DE FÁTIMA;RUA DA MATRIZ, 258
IPUEIRAS;40;200;NOVA GRAÇA;ESCOLA DE ENSINO FUNDAMENTAL JOÃO BEZERRA DE MOURA - NOVA GRAÇA;NOVA GRAÇA
FORTALEZA;94;921;QUINTINO CUNHA;EMEIEF PROF DENIZARD MACEDO DE ALCÂNTARA;RUA MATOSO FILHO 450
RUSSAS;9;130;MIGUEL PEREIRA;UNIDADE BÁSICA DE SAÚDE DE MIGUEL PEREIRA;MIGUEL PEREIRA
URUBURETAMA;23;207;NOVO ANGELIM;CRECHE HILDA SERPA CHAVES;AV. PRINCESA ISABEL, S/N
CATUNDA;54;82;CENTRO;COLÉGIO FILOMENA BELARMINA NAU;CENTRO
ANTONINA DO NORTE;18;6;CENTRO;ESCOLA DE ENSINO FUNDAMENTAL 8 DE MAIO;RUA ANTONIO MOTA 50
CAUCAIA;123;476;ARATURI (JUREMA);E.E.F.M. PRESIDENTE JOSÉ SARNEY;AV. CENTRAL OESTE, 262
CHORÓ;6;86;MARAVILHA;EEIF FRANCISCO SEGUNDO;BOA VISTA, S/N, MARAVILHA
FORTALEZA;116;35;GRANJA PORTUGAL;EM REITOR ANTONIO MARTINS FILHO;RUA TEODORO DE CASTRO 1175
MILAGRES;26;106;SITIO OLHO D'AGUA DOS CAVALOS;UNIDADE BÁSICA DE SAÚDE OLHO D'ÁGUA DOS CAVALOS;SITIO OLHO D'ÁGUA DOS CAVALOS
TRAIRI;97;75;MUNDAU;EEF ZEFINHA RIBEIRO BARROSO MUNDAU;MUNDAU
FORTALEZA;3;264;CENTRO;EEMTI VISCONDE DO RIO BRANCO;AV. DOM MANUEL, 1803
FORTALEZA;85;100;ANTÔNIO BEZERRA;COLÉGIO AFONSO ANDRADE;RUA CEL MATOS DOURADO, 168
RUSSAS;9;294;FLORES;ESCOLA DE ENSINO FUNDAMENTAL E MEDIO MARIA DE LOURDES DE OLIVEIRA;RUA JOSE SABINO MENDES 2313
CAUCAIA;37;579;CENTRO;C.S.U. EDSON DA MOTA CORREA;RUA JOSE DE PONTES, 2671 - AÇUDE
CAUCAIA;37;488;CENTRO;C.S.U. EDSON DA MOTA CORREA;RUA JOSE DE PONTES, 2671 - AÇUDE
ALTO SANTO;86;37;BAIXIO GRANDE;ESCOLA DE 1 GRAU JOAO RODRIGUES TORRES;SITIO BAIXIO GRANDE
SÃO BENEDITO;22;87;SITIO SAO MIGUEL;EEF SAO MIGUEL;SITIO SAO MIGUEL
FORTALEZA;85;392;ANTÔNIO BEZERRA;EEFM MARIO HUGO CIDRAK DO VALE;RUA DR. PERIGUARI, 547
CAUCAIA;37;309;ITAMBE;E.E.F. FLAVIO PORTELA MARCILIO;RUA 05, 23 - CONJ. VICENTE ARRUDA
FORTALEZA;114;364;JARDIM IRACEMA;EM 11 DE AGOSTO;RUA ERETIDES DE ALENCAR, S/N, EM FRENTE AO N. 1623
VIÇOSA DO CEARÁ;35;84;SITIO BUIRA GRANDE;E.E.I.F JOAO BONIFACIO DO NASCIMENTO;SITIO BUIRA GRANDE
BARBALHA;31;171;SÍTIO BOA ESPERANÇA (ARAJARA);CEI MARIA RAIMUNDA DO ESPÍRITO SANTO DA COSTA (ARAJARA);SÍTIO BOA ESPERANÇA, S/N - DISTRITO DE ARAJARA (7.34129 S, 39.38988 W)
ARATUBA;105;94;CENTRO-SEDE;PSF SAMIA ROSITA LESSA BOTELHO;LOCALIDADE DO URUBU
AQUIRAZ;66;90;TAPUIO;CENTRO DE EDUCAÇÃO E CIDADANIA MARIA DE CASTRO BERNARDO;RUA JOSE ADAMOR ABREU, S/N - DISTRITO JOAO DE CASTRO
TURURU;17;662;AREA RURAL DE TURURU;CENTRO EDUCACIONAL PATRICIA MOTA DE FREITAS;ASSENTAMENTO NOVO HORIZONTE
ARACATI;8;157;CENTRO;COLEGIO MARISTA DE ARACATI;PRAÇA SÃO MARCELINO CHAMPAGNAT, 1
TARRAFAS;18;131;ZONA RURAL;ESCOLA DE ENSINO FUNDAMENTAL JOSE EUTIDES VILANOVA;RUA JOSE EUTIDES VILANOVA S/N - ZONA RURAL
ARACATI;8;229;LAGOA DO JUÁ;POSTO DE SAÚDE - LAGOA DO JUÁ;LAGOA DO JUA
GRANJA;25;22;SÃO PEDRO;CEJA GUILHERME GOUVEIA;RUA TRISTAO GONCALVES, 66
CRATO;27;265;SANTA FÉ;EEIEF JOSÉ BATISTA DE LIMA;SÍTIO RIACHO FUNDO S/N
TEJUÇUOCA;41;300;CENTRO-SEDE;CMEI DE ALFABETIZAÇÃO E LETRAMENTO MARIA MIRANDA GOMES;AVENIDA GABRIEL AGUIAR FILHO
LIMOEIRO DO NORTE;29;163;ÁREA RURAL;EEF JOSE CANDIDO DA COSTA;SITIO VARZEA DO COBRA
FORTALEZA;117;348;CANINDEZINHO;EM NARCISO PESSOA DE ARAÚJO;AV. OSÓRIO DE PAIVA, 4841
JAGUARIBARA;72;77;CENTRO;PROF JOCELIN MARCONDES XAVIER DE ALMEIDA;AV. ZÉ LEITÃO, 236
ORÓS;15;254;CENTRO;E.E.M. EPITÁCIO PESSOA;AV. JOSÉ GABRIEL BEZERRA, 274
FRECHEIRINHA;81;284;VAZANTE;ESCOLA FRANCISCO FERREIRA PONTES;SITIO VAZANTE
CAUCAIA;123;310;PARQUE POTIRA (JUREMA);E.E.I.E.F. ANTÔNIO ALBUQUERQUE SOUSA FILHO;RUA HERIBALDO RODRIGUES (ANTIGA RUA POTIGUARA), 488
JUAZEIRO DO NORTE;119;395;SAO JOSE;ESCOLA MARIA DE LOURDES JEREISSATI;RUA CECILIA SILVA DE SOUSA
BANABUIÚ;6;427;RINARÉ;EEF JOÃO FERREIRA CUNHA;FERROLANDIA
ITAPIPOCA;17;7;ÁREA NOBRE;EEB TEREZINHA DE SOUSA FERREIRA ALBUQUERQUE;RUA JOSÉ DE ALENCAR, 497
ITAPIPOCA;17;550;BELA VISTA;EEB ANTONIO PIRES CHAVES;RAMADA
ITAPIPOCA;17;738;LAGOA DAS MERCÊS;EEB JOÃO IRINEU DA SILVA;LAGOA DAS MERCÊS
CAUCAIA;123;503;PARQUE POTIRA (JUREMA);COLÉGIO ESTADUAL LICEU DE CAUCAIA;RUA ARAQUÉM, 1100 - PARQUE POTIRA (JUREMA)
PALMÁCIA;4;180;BASÍLIO;EEEP MARIA GISELDA COELHO TEIXEIRA;BASÍLIO
MORRINHOS;44;9;CENTRO;EEMTI CARMINHA VASCONCELOS;RUA NOSSA SENHORA DE FATIMA  309
TABULEIRO DO NORTE;91;27;PEDRA PRETA;EMEF OTÍLIO NOBRE DE BRITO - SITIO PEDRA PRETA;SITIO PEDRA PRETA
TAMBORIL;61;36;DISTRITO DE SUCESSO;EMTI EXPEDITO MENDES CHAVES;RUA JOÃO JOSÉ DE CASTRO S/N - CENTRO - VILA SUCESSO
SOBRAL;24;552;JOSÉ EUCLIDES;EEFI MARIA YEDA FROTA FELIX MONTALVERNE;RUA AIRTON SENNA, 300, CIDADE JOSE EUCLIDES II
CARIÚS;43;154;ESPLANADA-SEDE;EEF NOSSA SENHORA AUXILIADORA;RUA RAUL NOGUEIRA S/N
SÃO GONÇALO DO AMARANTE;36;208;PASSAGEM;ESCOLA DE ENSINO FUNDAMENTAL ADELINO ALCANTARA FILHO;PASSAGEM
JAGUARUANA;75;115;SAO JOSE;E.E.F. JOAO RODRIGUES MAIA;SÃO JOSÉ
FORTALEZA;1;658;CAIS DO PORTO;EMTI VEREADOR ALBERTO GOMES DE QUEIROZ;AV. ZEZÉ DIOGO, 782
REDENÇÃO;52;131;BOA FÉ (SEDE);ESCOLA CORONEL VICENTE FERREIRA DO VALE;RUA CORONEL HONORATO GOMES
FORTALEZA;94;838;ANTÔNIO BEZERRA;EEF INSTITUTO DOS CEGOS (ANTÔNIO BEZERRA);RUA DR. JOÃO GUILHERME, 373
SOBRAL;24;267;SÃO JOSÉ DO TORTO;EEFI ELPIDIO RIBEIRO DA SILVA;TORTO
ITAPIPOCA;17;90;ARAPARI;ESCOLA DE 1º GRAU SINFRÔNIO PINTO ARAUJO (SALÃO COMUNITÁRIO);PALMEIRAS
TEJUÇUOCA;41;68;CAICARA I;ESCOLA MUNICIPAL JOAQUIM ANTONIO PATRICIO;CAICARA I
FORTALEZA;93;144;PREFEITO JOSÉ WALTER;EEEP PROFESSOR ONELIO PORTO;AVENIDA E, 471 - II ETAPA
SOBRAL;121;237;COHAB I;EEFM MONS. JOSE GERARDO FERREIRA GOMES(NOELIA);RUA MADALENA DE SÁ, S/N
IBIAPINA;73;11;PRAÇA DO ESTÁDIO;ESCOLA MARIA SOFIA MATOS;RUA VEREADOR MANUEL RODRIGUES, S/N
MARCO;96;108;CENTRO-SEDE;EEMTI RICARDO DE SOUSA NEVES;RUA RIOS 815
FORTALEZA;85;360;DOM LUSTOSA;EEFM AYRTON SENNA DA SILVA;RUA MANAUS, 855
CRATEÚS;20;300;VENANCIOS;EEFM PRES EURICO GASPAR DUTRA;RUA EDUARDO ALBUQUERQUE SN
CRATEÚS;20;330;IPASE;ESCOLA DE CIDADANIA AIRAN VERAS;RUA CAPISTRANO DE ABREU SN
ITAITINGA;78;311;PARQUE GENEZARÉ;EEF ELIAS DE SOUSA;RUA JOSE RODRIGUES PEREIRA, 137
SÃO GONÇALO DO AMARANTE;36;292;VARZEA REDONDA;ESCOLA DE ENSINO FUNDAMENTAL JOAQUIM PACHECO MENEZES;VARZEA REDONDA
VIÇOSA DO CEARÁ;35;168;ZONA RURAL;E.E.I.F FRANCISCO MAMEDE DE BRITO;SITIO TUCUNS - PASSAGEM DA ONCA
FORTALEZA;3;596;ALDEOTA;COLÉGIO SANTA CECÍLIA;AV. SENADOR VIRGÍLIO TÁVORA, 2000
CAUCAIA;123;390;PARQUE ALBANO (JUREMA);E.E.I.E.F. DOM ANTÔNIO DE ALMEIDA LUSTOSA;RUA PERY, 951
PIRES FERREIRA;21;8;SEDE;E.E.F.M. FRANCISCO SOARES DE OLIVEIRA;RUA 22 DE MAIO, SN
FORTALEZA;1;847;CIDADE 2000;ESCOLA MUNICIPAL ODNILRA CRUZ MOREIRA;AVENIDA DAS ADENANTERAS 800
PEDRA BRANCA;59;70;TROIA;EEIF JOSE MENDES DA SILVA;SITIO POMBINHAS
COREAÚ;64;86;Ubaúna;UBAÚNA - CEI ANTº AGUIAR NERI;DISTRITO DE UBAÚNA
FORTALEZA;80;429;DIONISIO TORRES;AABB - ASSOCIAÇÃO ATLÉTICA BANCO DO BRASIL;AV BARAO DE STUDART, 2917
MARACANAÚ;122;170;SIQUEIRA (siqueira 2);EMEF VALDENIA ACELINO DA SILVA;RUA IRINEU MACHADO, 1250
CAUCAIA;123;387;PARQUE ALBANO (JUREMA);E.E.I.E.F. DOM ANTÔNIO DE ALMEIDA LUSTOSA;RUA PERY, 951
TEJUÇUOCA;41;39;CENTRO-SEDE;ESCOLA MUNICIPAL SAO PEDRO;RUA JOSE BARROSO VALENTE SN
QUIXERÉ;29;237;TOME;EEB PROFESSORA IRENE NONATO DA SILVA;TOMÉ
JAGUARUANA;75;31;FIGUEIREDO DO EPIFANIO;E.E.F. JOAQUIM VENANCIO;FIGUEIREDO
LIMOEIRO DO NORTE;29;177;JOÃO XXIII;EEF EVALDO HOLANDA MAIA;RUA PADRE VICENTE S/N
CAMOCIM;32;235;ZONA RURAL;E.E.F. GREGÓRIO PEDRO DO NASCIMENTO - ABORRECIDO;LOCALIDADE DE ABORRECIDO, S/N
PACAJUS;49;322;ALDEIA PARQUE;EEF ALICE FERNANDES LOPES;RUA JOSÉ DOS SANTOS GIRÃO OLIVEIRA SN
AQUIRAZ;66;42;IGUAPE;EMEF TIA ALZIRA;RUA LAGOA I
COREAÚ;64;21;Ubaúna;UBAÚNA - ESCOLA M. PEDRO CONRADO;RUA MANOEL OSIRO, S/N
GRANJA;25;184;PARAZINHO;E.E.F.T.I. FRANCISCA CLEOMAR VERAS FREITAS (ANTIGA CERU);RUA JOSE MARTINS, S/N
FORTALEZA;1;481;VARJOTA;COLEGIO FARIAS BRITO - PRÉ UNIVERSITARIO - JULIO ABREU;AVENIDA JULIO ABREU, 284
FORTALEZA;1;936;PAPICU;COLÉGIO KENNEDY;AVENIDA ENGENHEIRO SANTANA JÚNIOR,58
NOVA RUSSAS;48;69;NOVA BETÂNIA;ESCOLA MUNICIPAL GILDO MARTINS;DISTRITO DE NOVA BETÂNIA,
MORADA NOVA;47;131;PADRE ASSIS MONTEIRO;EEB PREFEITO PERBOYRE GIRAO;RUA JOSE DE FONTES, 340 - VARZEA
CAUCAIA;120;202;CONJUNTO METROPOLITANO;E.E.I.E.F. OSMAR DIÓGENES PINHEIRO;RUA EDMUNDO RODRIGUES, 485 - CONJUNTO METROPOLITANO
IGUATU;13;30;PLANALTO;ESCOLA DE ENS MEDIO AMELIA FIGUEIREDO DE LAVOR;RUA 13 DE MAIO SN
TIANGUÁ;81;180;ÁREA RURAL DE TIANGUÁ;E.E.F. JOSÉ MARIA DA SILVA;SÍTIO PÉ DO MORRO
FORTALEZA;94;770;QUINTINO CUNHA;EMEIRF JOSÉ CARLOS DA COSTA RIBEIRO;RUA PIO SARAIVA, 335
JAGUARIBE;10;15;DISTRITO DE FEITICEIRO;E.E.M. MILITANA PAES;RUA TOME DA FROTA 93
CRATEÚS;20;218;SANTO ANTÔNIO;ESCOLA DE CIDADANIA VILA GRACA;ASSENTAMENTO DA VILA GRACA
SÃO BENEDITO;22;207;SITIO CARNAUBA;ASSOCIACAO COMUNITARIA CARNAUBA 1;SITIO CARNAUBA I
SOBRAL;24;532;PARQUE SILVANA;EEFI ANTONIO MENDES CARNEIRO;AVENIDA DR. JOSE EUCLIDES FERREIRA GOMES JUNIOR, S/N
IGUATU;13;179;VILA BRASILIA;LICEU DE IGUATU DR JOSE GONDIM;RUA 25 DE MARCO S/N
ITAITINGA;78;281;ANCURI;EEF FRANCISCA DE MORAIS FERRER;RUA PARQUE DAS FLORES, 500
SÃO GONÇALO DO AMARANTE;36;278;PARADA;ESCOLA DE ENSINO FUNDAMENTAL POETISA ABGAIL SAMPAIO;PARADA
FORTALEZA;3;134;JACARECANGA;COLÉGIO ESTADUAL LICEU DO CEARÁ;PRAÇA GUSTAVO BARROSO, 01
CRATO;27;271;VILA LOBO;EEIEF ANTÔNIO ANTUÉRPIO GONZAGA DE MELO;RUA ANTÔNIO ESMERALDO LEITE S/N
CRATO;27;200;GISÉLIA PINHEIRO;EEMTI JUVÊNCIO BARRETO;RUA JUVÊNCIO BARRETO S/N
ACOPIARA;60;143;DISTRITO DE EBROM;EEF SAO JOSE;SITIO BELA VISTA
CRATEÚS;20;313;REALEJO;ESCOLA DE CIDADANIA DE REALEJO;REALEJO
CAUCAIA;123;302;PARQUE POTIRA (JUREMA);E.E.I.E.F. ANTÔNIO ALBUQUERQUE SOUSA FILHO;RUA HERIBALDO RODRIGUES (ANTIGA RUA POTIGUARA), 488
ARACATI;8;71;CORREGO DO RETIRO;E.E.F. APOLINARIO JOAQUIM MONTEIRO;CORREGO DO RETIRO
UMIRIM;23;259;SAO JOAQUIM-DISTRITO;CENTRO DE REF. EM ASS. SOCIAL DE SÃO JOAQUIM - CRAS;AV. FELISBELA CAETANOS, S/N
PACATUBA;57;321;CONJUNTO JEREISSATI II;EEEP PROFª LUISA DE TEODORO VIEIRA;AV. XXV S/N
PORANGA;40;106;SEDE;EEFM PRUDÊNCIO DE PINHO - SEDE;AV. DR. EPITÁCIO PINHO, 277, BAIRRO VILA NOVA
FORTALEZA;1;941;ALDEOTA;COLEGIO ARI DE SA - MONSENHOR CATAO;RUA MONSENHOR CATAO, 1655
AQUIRAZ;66;152;MACHUCA;EMEF GUILHERME JANJA;RODOVIA CE 040 KM 18  S/N
CRATO;27;365;SEMINÁRIO;EEIEF LICEU DIOCESANO DE ARTES E OFÍCIOS;RUA DUARTE JÚNIOR S/N
GENERAL SAMPAIO;50;29;CONJUNTO SÃO JOSÉ;CRECHE PROINFÂNCIA DIANA DE NAZUR MONTEIRO MARINHO MOREIRA;RUA JOSÉ COSTA NASCIMENTO
SÃO GONÇALO DO AMARANTE;36;52;CENTRO;ESCOLA DE ENSINO MÉDIO EM TEMPO INTEGRAL ADELINO CUNHA ALCANTARA;RUA CORONEL NECO MARTINS 220 - SEDE
SÃO GONÇALO DO AMARANTE;36;72;SIUPE-DISTRITO;ESCOLA DE ENSINO FUNDAMENTAL DONA FILOMENA MARTINS;SIUPE
FORTALEZA;1;632;CIDADE 2000;ESCOLA ESTADUAL ARQUITETO ROGERIO FROES;AVENIDA DAS GRAVIOLAS 1000
FORTALEZA;114;140;JARDIM IRACEMA;EM JOSÉ DE ALENCAR;RUA ALBERTO FERREIRA 248
VIÇOSA DO CEARÁ;35;183;SITIO BURITI GRANDE;CEI BRÁS BATISTA DA CUNHA;SITIO BURITI GRANDE
FORTALEZA;114;296;BARRA DO CEARÁ;CENTRO PROFISSIONALIZAÇÃO INCLUSIVA P/ PESSOAS C/ DEFICIÊNCIA - CEPIPD;RUA SENADOR ROBERT KENNEDY, 128
ITAPIPOCA;17;254;ARAPARI;EEB FRANCISCO HOMERINDO BARROSO;SAO MIGUEL
ITAPIPOCA;17;75;IPU MAZAGÃO;EEB FRANCISCA PINTO MARQUES;IPU MAZAGAO
MERUOCA;24;591;Santo Antônio dos Fernandes;EEF - MARIETA SALOMAO MENDES;DISTRITO SANTO ANTONIO DOS FERNANDES
ASSARÉ;18;92;ZONA RURAL;ESC DE EDUCACAO INF E ENS FUND PEDRO MANDU DA SILVA;VILA ANDREZA    -     ANDREZA
FORTALEZA;3;639;MEIRELES;NÁUTICO ATLÉTICO CEARENSE;AV. DA ABOLIÇÃO, 2727
QUIXERÉ;29;262;LAGOINHA;ANEXO POSTO DE SAÚDE LAGOINHA III;ITAITINGA
CAMOCIM;32;11;SAO PEDRO;ESCOLA EMILIA PESSOA VERAS;RUA HUMAITA S/N
CROATÁ;74;186;DISTRITO;ESCOLA MUNICIPAL OLAVO FERREIRA DIAS;TABOCAS
ITAPAJÉ;41;168;OITICICA;ESCOLA MUNICIPAL JOSE BARBOSA DE OLIVEIRA;SITIO OITICICA
MARACANAÚ;104;210;JEREISSATI I;EMEIEF SENADOR CARLOS JEREISSATI;AVENIDA 1, S/N
MARACANAÚ;104;142;JEREISSATI I;EMEIEF DEPUTADO JOSÉ MARTINS RODRIGUES;RUA QUARENTA A, 287
MORRINHOS;44;2;DISTRITO DE SITIO ALEGRE;EMEF MARIA LENILDA DE SOUZA;SITIO ALEGRE
ITAPIPOCA;17;734;CALUGI;EEB JÚLIA BRAGA DE CASTRO;CARAPEBAS
URUOCA;25;83;ROBERTO DOURADO;E.E.F. MURILO AGUIAR;AV. JOÃO JOSÉ, N. 451
SÃO JOÃO DO JAGUARIBE;91;122;CENTRO;EEF FRANCISCO GUERREIRO CHAVES;RUA CANDIDO CHAVES S/N
TIANGUÁ;81;164;DOM TIMÓTEO;E.E.I.F. NOSSA SENHORA DAS GRAÇAS;AVENIDA FRANCISCO VIRGILIO FILHO
TRAIRI;97;64;ALGODOIM;EEF ANASTACIO TABOSA;ALGODOIM
MISSÃO VELHA;16;29;DISTRITO DE JAMACARU;EEFM PADRE AMORIM;RUA FELIX ITALIANO SN
MIRAÍMA;89;265;BROTAS;EEFM VICENTE ANTENOR FERREIRA GOMES;BROTAS
MOMBAÇA;46;129;BOA VISTA;ESCOLA DE ENSINO FUNDAMENTAL LUÍS BATISTA VIEIRA;SITIO CAPIVARA
JAGUARIBE;10;23;DISTRITO DE MAPUÁ;E.E.F. RAIMUNDO LIMA GOMES;RUA FRANCISCO ALVES MORAIS 794
SÃO JOÃO DO JAGUARIBE;91;130;MUNDIAL;EEF MILTON CHAVES E SILVA - MUNDIAL;BR 116 KM 218
AMONTADA;89;292;ICARAÍ;EEB RAIMUNDA BARBOSA DE SOUSA;PERNAMBUQUINHO
FORTALEZA;113;358;MONTESE;COLÉGIO ESTADUAL PRESIDENTE HUMBERTO CASTELO BRANCO;RUA IRMA BAZET, 210
FORTALEZA;113;272;DAMAS;COLÉGIO JUVENAL DE CARVALHO;AV. JOÃO PESSOA, 4279
GUARACIABA DO NORTE;74;83;CRUZ;ESCOLA DE 1 GRAU MONSENHOR ANTONINO;RUA MONSENHOR EURICO
JARDIM;119;316;SERRA AREIA;ESCOLA MANOEL OLIMPIO DE OLIVEIRA;SERRA AREIA
FORTALEZA;116;416;BONSUCESSO;EM MARIA DO SOCORRO ALVES CARNEIRO;RUA LUIS VIEIRA 1020
ITATIRA;33;403;DISTRITO DE LAGOA DO MATO;CRECHE JOSÉ AUGUSTO LOBO;RUA JOÃO AUGUSTO LOBO S/N
FORTALEZA;112;359;GUARARAPES;CENTRO UNIVERSITARIO ESTACIO DO CEARA VIA CORPVS;RUA ELISEU UCHÔA BECO, 600
MASSAPÊ;45;67;CENTRO;EEFM WILEBALDO AGUIAR;RUA CEL MANOEL DIAS 250
JARDIM;119;315;SITIO CAMPO GRANDE DO CORRENTE;CAPELA SÃO FRANCISCO;SITIO CAMPO GRANDE SN
FORTALEZA;83;246;PANAMERICANO;EEFM ANISIO TEIXEIRA;RUA RIO GRANDE DO SUL 680
VIÇOSA DO CEARÁ;35;39;PADRE VIEIRA;E.E.F MANOEL JOSÉ DA SILVA;VILA PADRE VIEIRA
MERUOCA;24;568;Centro;PREFEITURA MUNICIPAL DE MERUOCA;AV PEDRO SAMPAIO, SN
CANINDÉ;33;301;ALTO GUARAMIRANGA;EEFM FREI POLICARPO;RUA JOAO BASTOS 2027
AQUIRAZ;66;15;JUSTINIANO DE SERPA;CEI JOSE NICODEMUS DE ASSUNÇAO;RUA RAIMUNDO NONATO ASSUNÇAO S/N
SOBRAL;24;540;JAIBARAS;EEFI JOAQUIM BARRETO LIMA (SETOR I);SAO VICENTE - SETOR I
PACATUBA;57;139;SAO JOSE;EEM CASSIMIRO LEITE DE OLIVEIRA;RUA SERGIO PROTASIO DA SILVA, 44
MORAÚJO;64;52;BOA ESPERANÇA;BOA ESPERANÇA - ESCOLA M. HUET ARRUDA (FECHADO REFORMA);DISTRITO DE BOA ESPERANÇA
COREAÚ;64;23;Ubaúna;UBAÚNA - ESCOLA M. PEDRO CONRADO;RUA MANOEL OSIRO, S/N
AQUIRAZ;66;92;IGUAPE;CEI MARIA BEZERRA DE OLIVEIRA;AV. BEIRA RIO, S/N, IGUAPE
JAGUARIBE;10;188;PLACA VERDE;CRECHE NOSSA SENHORA DAS CANDEIAS;RUA ELIZIARIO DIOGENES PINHEIRO S/N
ALCÂNTARAS;24;2;BELA VISTA;EEF INOCÊNCIA ALCÂNTARA FREIRE;RUA MONSENHOR FURTADO SN
BARBALHA;31;95;SANTANA II;EEMTI ALMIRO DA CRUZ (SITIO SANTANA II);AV. PROJETADA IV, S/N - SITIO SANTANA II (7.32601 S, 39.24044 W)
MAURITI;76;57;SAO MIGUEL-DISTRITO;EEIF CAREOLANO LEITE;RUA SALUSTIANO RODRIGUES, S/N
MARACANAÚ;122;207;ALTO DA MANGUEIRA;E.M.E.F. ESTUDANTE ANA BEATRIZ TAVARES;RUA JOACIR FREITAS DUTRA, S/N
ARACOIABA;67;80;ENCOSTA-POVOADO;ESCOLA MUNICIPAL MARIA ALBANIZA CARNEIRO SAMPAIO;ENCOSTA
TRAIRI;97;57;CANAA;EEF JOSE FIRMINO DA CUNHA;CANAA
TIANGUÁ;81;60;SEMINÁRIO;FACULDADE VIA SAPIENS;AVENIDA PREFEITO JACQUES NUNES, 1739
BEBERIBE;84;13;MORRO BRANCO;ESCOLA MUNICIPAL JOSE BESSA;MORRO BRANCO
CANINDÉ;33;206;IMACULADA CONCEIÇÃO;EEEP CAPELAO FREI ORLANDO;RUA PAULINO BARROSO, 1289
AQUIRAZ;66;292;ARACAS;EMEF RAIMUNDO RAMOS DA COSTA;SITIO ARACAS
ITAPIPOCA;17;93;ASSUNÇÃO;EEM NOSSA SENHORA DA ASSUNCAO;ASSUNCAO
ACOPIARA;60;192;BARRA DO INGA;EEF PE CRISARES SAMPAIO COUTO;SITIO BARRA DO INGA
REDENÇÃO;52;170;DISTRITO DE ANTÔNIO DIOGO;ESCOLA NEIDE TINOCO;SITIO ITAPAÍ
FORTALEZA;94;198;VILA VELHA;EEFM DONA HILZA DIOGO DE OLIVEIRA;AV. DOM ALOÍSIO LORSCHEIDER, 1040 - VILA VELHA
BOA VIAGEM;63;6;CENTRO-SEDE;EEF PE ANTONIO CORREIA DE SA;RUA JOSE RANGEL DE ARAUJO 22
MARTINÓPOLE;25;71;CENTRO;E.E.F. PADRE JOSÉ ROBERTO (GINÁSIO);RUA JOAO BATISTA, 221
CAUCAIA;37;602;PARQUE LEBLON;EEIEF PEDRO LAURINO DE OLIVEIRA;RUA FILGUEIRAS SAMPAIO, S/N
JUAZEIRO DO NORTE;28;19;CENTRO;EEFTI DR. LEÃO SAMPAIO;DOUTOR FLORO BARTOLOMEU 517
JUAZEIRO DO NORTE;119;149;ROMEIRAO;CRECHE PROFESSORA MARIA LUIZA DANTAS;RUA ODILIO FIGUEIREDO, 264
GRANJA;25;179;PESSOA ANTA;E.E.F. CÓRREGO DO LINO;SITIO CÓRREGO DO LINO
FORTALEZA;95;94;BARROSO;EEFM PADRE MARCELINO CHAMPAGNAT;RUA DAURA, 120
CEDRO;13;524;PEGA AVOANTE;ESCOLA DE ENS FUND ARAKEN SEDRIN DE AGUIAR;RUA SAO JOSE 1790
TAUÁ;19;259;CARRAPATEIRAS;EEF ANTÔNIO VIEIRA GOMES;SÃO CRISTÓVÃO
ARACATI;8;251;LAGOA DO TRONCO - LAGOINHA;POSTO DE SAÚDE DA LAGOINHA;LAGOA DOS TRONCOS - LAGOINHA
PARAIPABA;109;155;SÃO MIGUEL;EMEIF SÃO MIGUEL;SAO MIGUEL
PALMÁCIA;4;156;GADO DOS FERROS;CERU PREFEITA FELISMINA CAMPELO MACAMBIRA;GADO DOS FERROS
FORTALEZA;80;156;VILA UNIÃO;EEFM CEL PROF JOSÉ AURÉLIO CÂMARA;RUA JORGE ACURCIO, 655
PEDRA BRANCA;59;61;SEDE;ESCOLA DE ENSINO FUNDAMENTAL MANOEL NENEN;SITIO JOAO DE SOUZA
FORTALEZA;115;449;MANOEL SÁTIRO;EM MARIA VIVIANE BENEVIDES GOUVEIA;RUA CREUZA ROQUE 247
SANTANA DO CARIRI;53;86;PALMEIRAS;EMEIEF MARIA RIBEIRO PEIXOTO;SÍTIO PALMEIRAS
MARACANAÚ;104;358;JEREISSATI II;EEMTI PROFESSOR EDMILSON PINHEIRO;AVENIDA XII, 727
SÃO GONÇALO DO AMARANTE;36;327;LIBERDADE;ESCOLA DE ENSINO FUNDAMENTAL MARIA DO SOCORRO GOUVEIA;RUA FRANCISCO DUARTE - LIBERDADE
JUAZEIRO DO NORTE;119;240;AEROPORTO;ESCOLA CICERA GERMANO CORREIA;RUA SEBASTIAO REGIS SN
FORTALEZA;112;406;EDSON QUEIROZ;COLEGIO ARI DE SA CAVALCANTE WS;AV WASHINGTON SOARES, 3737
PACAJUS;49;107;CRUZ DAS ALMAS;EEEP JOSE MARIA FALCAO - LICEU DE PACAJUS;RUA RAIMUNDO CORREIA LIMA, S/N
PACAJUS;49;82;PASCOAL;EEF JOSE ELTON DE LIMA;PASCOAL
UBAJARA;73;158;DISTRITO NOVA VENEZA;ESCOLA MAROCA PERDIGAO;DISTRITO NOVA VENEZA
UBAJARA;73;181;NOSSA SENHORA DE LOURDES;ESCOLA EUDES S CUNHA / NOSSA SRA. DE LOURDES;RUA CESARIO COSTA
ITAPIPOCA;17;741;ÁREA RURAL DE ITAPIPOCA;EEB PEDRO ALVES TEIXEIRA;GUARANI
FORTIM;8;300;CENTRO;EEIFTI. PROFESSORA MARIA LUIZA;RUA JOAQUIM CRISÓSTOMO, 739.
CRATEÚS;20;123;CENTRO;SINDICATO DOS TRABALHADORES RURAIS DE CRATEUS;RUA CEL LUCIO 715
GUARAMIRANGA;5;233;LINHA DA SERRA-SITIO;EMEIEF LINHA DA SERRA (LINHA DA SERRA);LINHA DA SERRA
FORTALEZA;112;374;CIDADE DOS FUNCIONÁRIOS;SEAS;AV. OLIVEIRA PAIVA, 941
GUARACIABA DO NORTE;74;174;DISTRITO;E.E.I.F DE BURITI APUA;SITIO ESTIVA
SOLONÓPOLE;55;6;CENTRO;EEM FENELON RODRIGUES PINHEIRO;AV PREF. JOSE SIFREDO PINHEIRO, 212
COREAÚ;64;72;Boqueirão;BOQUEIRÃO - ESCOLA MUN. VER. RDO. CARDOSO DE ALBUQUERQUE;LOCALIDADE DE BOQUEIRÃO DO DIAMANTE
SENADOR POMPEU;12;169;SEDE;EEIEF ARISTIDES BATISTA DA SILVA;SITIO PATU S/N
ACOPIARA;60;19;CENTRO;EEM ALFREDO NUNES DE MELO;RUA EMILIA DE LIMA PINHO, SN
JUAZEIRO DO NORTE;119;115;ROMEIRAO;ESCOLA SESI/SENAI PADRE AZARIAS SOBREIRA;RUA JOSÉ MARROCOS, 2265
SOBRAL;24;301;JERÔNIMO PRADO;UNIV.EST.VALE DO ACARAÚ-UVA-NÚCLEO DE DISCIPLINAS COMPLEMENTARES;AVENIDA DA UNIVERSIDADE, S/N
AQUIRAZ;66;251;BAIXA GRANDE;EMEF ALOISIO BERNARDO DE CASTRO;RUA CORAÇÃO DE JESUS / AREA VERDE
TAUÁ;19;275;BEZERRA E SOUZA;EEF MARIA DO LIVRAMENTO BARRETO DA COSTA LEITAO;RUA PEDRO MATIAS DE VASCONCELOS SN
ITAPIÚNA;105;112;ZONA URBANA;EEF RECANTO DA CRIANCA;ALTO DAS UMBURANAS
SOBRAL;24;514;ALTO DO CRISTO;EEMTI PREFEITO JOSE EUCLIDES F. GOMES JUNIOR-(ANTIGO CIRAO);AV. HUMBERTO LOPES
IPUEIRAS;40;55;CENTRO;COLEGIO ESTADUAL OTACÍLIO MOTA - CENTRO;RUA CORONEL MANOEL MOURÃO, 389
MORADA NOVA;47;37;CENTRO;CEBCJEC -CENTRO DE EDUCAÇÃO BÁSICA CORONEL JOSÉ EPIFÂNIO DAS CHAGAS;AV MANOEL CASTRO, 600
MORRINHOS;44;88;FAZENDA PILOES;EMEF JOÃO LEONEL ALVES;FAZENDA PILÕES
SANTA QUITÉRIA;54;221;PRIMAVERA;E. E. F. LUIZ DERMEVAL DE ANDRADE;BAIRRO PRIMAVERA BOTA FOGO
RUSSAS;9;81;CENTRO;ESCOLA DE ENSINO MÉDIO MANOEL MATOSO FILHO;AVENIDA MARIA RAMALHO, 336
FORTALEZA;116;46;BOM JARDIM;EM SANTOS DUMONT;RUA GERALDO BARBOSA 240
FORTALEZA;1;866;VICENTE PINZON;ESCOLA ESTADUAL DEPUTADO MANOEL RODRIGUES;RUA OLIVEIRA FILHO, 1576
CEDRO;13;539;SÃO MIGUEL;ESCOLA DE ENS FUND ISIDORO DOMINGUES VIEIRA;ST LAGOA DOS CAVALOS
ACARAPE;52;30;CENTRO;CENTRO DE REFERÊNCIA DE ASSISTÊNCIA SOCIAL (CRAS);RUA CHICO VIEIRA, SN
PORANGA;40;142;PORCOS;GRUPO ESCOLAR DE PORCOS - PORCOS;PORCOS
PINDORETAMA;7;117;CENTRO-PINDORETAMA;EMEB FRANCISCA HOLANDA COSTA;RUA MARECHAL CASTELO BRANCO, 1074
FORTALEZA;118;555;MONDUBIM;EM PROFESSOR JACINTO BOTELHO;RUA DR. RODRIGO CODES SANDOVAL, 374
CAMOCIM;32;198;SAO FRANCISCO;LICEU DE CAMOCIM DEP MURILO ROCHA AGUIAR;RUA ANTONIO ZEFERINO VERAS
FORTALEZA;115;384;PARANGABA;EEMTI GENERAL EUDORO CORREA;RUA JULIO BRAGA 101
CRATEÚS;20;235;SÃO JOSÉ;ESCOLA DE CIDADANIA PROFA. CARLOTA COLARES DA PENHA OLIVEIRA;RUA FREI VIDAL DA PENHA, S/N
FORTALEZA;1;623;CAIS DO PORTO;ESCOLA DE GASTRONOMIA SOCIAL IVENS DIAS BRANCO;RUA MANUEL DIAS BRANCO,80
UMIRIM;23;236;DO POSTO-SEDE;EEF ZACARIAS LIBERATO DIAS;BR 222 SN
ARACATI;8;207;NOSSA SENHORA DE LOURDES;E.F.T.I. MIRIAM CALIXTO LIMA GONDIM;RUA ANTONIO CALIXTO, 1735.
JUAZEIRO DO NORTE;119;103;SANTA TEREZA;ESCOLA ADAUTO BEZERRA (SEGUNDO GRAU);CASTELO BRANCO SN
MORADA NOVA;47;219;POPULARES;EEB TANCREDO DE ALMEIDA NEVES;RUA FREIRE DE BRITO S/N
SANTA QUITÉRIA;54;225;COHAB;ESCOLA MARIA ALMERINDA JUCÁ MAGALHÃES;CONJUNTO HABITACIONAL ANGÉLICA CATUNDA
AMONTADA;89;197;GARÇAS;EECTI RIGOBERTO ROMERO DE BARROS;LAGOA DO JARDIM
PARACURU;109;96;LAGOA;E. M. E. I. F. POMPILIO CIRIACO DE SOUSA;RUA SANTANA, S/N
MARACANAÚ;104;48;TIMBÓ;EEMTI ADAHIL BARRETO CAVALCANTE;AVENIDA VEREADOR EDMILSON MARQUES, S/N
RUSSAS;9;126;LAGOA DA VARZEA;POSTO DE SAÚDE DE LAGOA DA VÁRZEA;LAGOA DA VARZEA
SOBRAL;24;614;SUMARÉ;EEFI JOSE PARENTE PRADO;RUA SANTA MARTA,100
ACOPIARA;60;175;DISTRITO DE SANTO ANTONIO;EEF JOAQUIM LIMA DA SILVA;SITIO PAUS BRANCO
JUAZEIRO DO NORTE;28;43;SALESIANOS;COLEGIO SALESIANO SÃO JOÃO BOSCO;PADRE CICERO 1492
MARCO;96;142;LOCALIDADE DE SANTA ROSA II;EEF FRUTUOSO MARQUES DE FREITAS;SANTA ROSA II
NOVA OLINDA;53;113;CRUZEIRO;EEMTI PADRE LUIZ FILGUEIRAS;RUA PROFESSORA NANÔ, SN
FORTALEZA;80;134;DIONISIO TORRES;EEFM JOAQUIM ANTÔNIO ALBANO;RUA JULIO SIQUEIRA 390
TIANGUÁ;81;198;ÁREA RURAL DE TIANGUÁ;E.E.I.F. REGINA TOMAZ;SÍTIO TABOCA
TARRAFAS;18;151;ZONA RURAL;ESCOLA DE ENSINO FUNDAMENTAL JOSE EUTIDES VILANOVA;RUA JOSE EUTIDES VILANOVA S/N - ZONA RURAL
IRAUÇUBA;41;143;CENTRO-SEDE;EEMTI DIRETORA MARIA DILMA BASTOS FERREIRA (ESCOLA DE ENSINO MEDIO);AVENIDA PAULO BASTOS, 68
JIJOCA DE JERICOACOARA;30;168;CENTRO;ESCOLA JOSE TEIXEIRA DE ALBUQUERQUE;RUA MARCAL DE SOUSA 851
MORRINHOS;44;136;CENTRO;EEMTI CARMINHA VASCONCELOS;RUA NOSSA SENHORA DE FATIMA  309
FORTALEZA;82;653;CRISTO REDENTOR;ESCOLA MUNICIPAL SEBASTIANA ALDIGUERI;AV. DOUTOR THEBERGE, 448
MARANGUAPE;4;540;SAPUPARA;EMEF JÕAO CIRINO NOGUEIRA;RUA JOAO CIRINO, S/N
FORTALEZA;115;378;PARANGABA;EEMTI GENERAL EUDORO CORREA;RUA JULIO BRAGA 101
ITAPIPOCA;17;531;CALUGI;EEB JOSEFA PEREIRA DE SOUSA;MACACO II
SOBRAL;24;686;NOVA CAIÇARA;ESCOLA DE TEMPO INTEGRAL EDGAR LINHARES;RUA DAS ANDORINHAS, 50
JAGUARETAMA;72;97;CONJUNTO ADIVAN PEIXOTO;CRECHE MARIA CONCEIÇÃO SILVA LIMA;RUA JOÃO MAIA PEIXOTO, SN
MARACANAÚ;104;32;JEREISSATI I;EMEIEF MARIA ÍSIS MENEZES ANDRADE;RUA ANTÔNIA ARAÚJO FERREIRA, S/N
FORTALEZA;117;223;SIQUEIRA;EEFM SENADOR OSIRES PONTES;RUA DIVINA 150
CRATO;27;324;MURITI;EEIEF MELVIN JONES;RUA PEDRO GOMES DE NORÕES, 1877. SÍTIO SAQUINHO
NOVA RUSSAS;48;7;UNIVERSIDADE;COLÉGIO MUNICIPAL ONZE DE NOVEMBRO;AV. JOÃO GREGÓRIO TIMBÓ
FORTALEZA;3;586;MEIRELES;ESCOLA DE SAÚDE PÚBLICA DO CEARÁ;AV. ANTÔNIO JUSTA, 3161
ITAITINGA;78;390;BARROCÃO;CEI - CENTRO DE EDUCAÇÃO INFANTIL DO BAIRRO BARROCÃO;RUA UM, N. 221, BARROCÃO 
FORTALEZA;1;902;VARJOTA;FACULDADE FARIAS BRITO - CASTRO MONTE;RUA CASTRO MONTE 1364
ARACOIABA;67;82;PEDRA BRANCA-DISTRITO;ESCOLA MUNICIPAL VICENTE NONATO;RUA DA INDEPENDENCIA SN
SOBRAL;24;338;RAFAEL ARRUDA;ANEXO MIGUEL FERNANDES DE SOUSA (OURO BRANCO);LOCALIDADE OURO BRANCO
SOBRAL;24;299;PADRE PALHANO;EEFI MARIA JOSE FERREIRA GOMES;RUA PRESIDENTE JUSCELINO KUBITSCHEK, S/N
CRATO;27;235;VILA LOBO;EEIEF ANTÔNIO ANTUÉRPIO GONZAGA DE MELO;RUA ANTÔNIO ESMERALDO LEITE S/N
ITAPIPOCA;17;85;ARAPARI;EEB JOSE EDILSON DE SOUSA;ARAPARI
CAUCAIA;123;306;PARQUE POTIRA (JUREMA);E.E.I.E.F. ANTÔNIO ALBUQUERQUE SOUSA FILHO;RUA HERIBALDO RODRIGUES (ANTIGA RUA POTIGUARA), 488
IGUATU;13;7;VILA CIDAO;CAMPUS MULTI-INSTITUCIONAL HUMBERTO TEIXEIRA (URCA/UECE/CENTEC);AV DÁRIO RABELO SN
MARCO;96;178;ZONA RURAL;EEF RAIMUNDO PINTO SILVA;LOCALIDADE DE SANTA FE
IRAUÇUBA;41;8;CENTRO-SEDE;CENTRO DE REFERÊNCIA DA EDUCAÇÃO INFANTIL DE IRAUÇUBA - CREII;AV. PAULO BASTOS 837
FORTALEZA;3;620;ALDEOTA;COLÉGIO BATISTA - SANTOS DUMONT;RUA DESEMBARGADOR LEITE ALBUQUERQUE, 1056
NOVA RUSSAS;48;105;BARRO VERMELHO;ESCOLA MUNICIPAL JOSÉ SANTOS MOURÃO;RUA ANTONIO CARLOS, S/N
FORTALEZA;1;764;MANUEL DIAS BRANCO;COLÉGIO CÍVICO MILITAR BATALHA DO RIACHUELO;R. E, 100 - MANUEL DIAS BRANCO
SOBRAL;24;561;VILA UNIÃO;CRAS REGINA JUSTA FEIJÃO (ANTIGO POLO ABC);RUA JERUSALEM, S/N
FORTALEZA;2;678;MESSEJANA;ETI MARIA ODETE DA SILVA COLARES;RUA CEL JOÃO DE OLIVEIRA, 687
ACOPIARA;60;161;TRUSSU;EEFM SOLON GUEDES CAVALCANTE;VILA DE TRUSSU
FORTALEZA;3;478;ALDEOTA;COLÉGIO CHRISTUS (AV. BARÃO DE STUDART);RUA JOÃO CARVALHO, 630
ACOPIARA;60;2;VILA NOVA;CRAS II - ANTÔNIO FRANCISCO DO NASCIMENTO - VILA NOVA;RUA CICERO MANDU. 170, CENTRO.
HORIZONTE;78;90;CENTRO;EEM RAIMUNDO NOGUEIRA;RUA RAIMUNDO NOGUEIRA, 103
HORIZONTE;78;162;PLANALTO HORIZONTE;EMEF JORGE PEREIRA DA ROCHA;RUA PAULO FREIRE 40
ITAPIPOCA;17;430;ÁREA NOBRE;EEB TEREZINHA DE SOUSA FERREIRA ALBUQUERQUE;RUA JOSÉ DE ALENCAR, 497
CRATO;27;30;CENTRO;ESCOLA TÉCNICA DO COMÉRCIO;RUA DOUTOR JOÃO PESSOA, 190 - PRAÇA JUAREZ TÁVORA
ITAPIPOCA;17;444;CACIMBAS;CENTRO EDUCACIONAL MARIA MAGALHAES VIANA AZEVEDO;RUA MOESIO LOIOLA S/N
SÃO GONÇALO DO AMARANTE;36;89;LAGOA DAS COBRAS;ESCOLA DE ENSINO FUNDAMENTAL DEPUTADO FERNANDO ALCANTARA MOTA;LAGOA DAS COBRAS
SANTANA DO CARIRI;53;61;BOA VISTA;EMEIEF JOÃO EUSÉBIO DA SILVA;SÍTIO BOA VISTA, SN
ALTANEIRA;53;79;CENTRO;EMEF 18 DE DEZEMBRO;RUA JOSE PIO DE OLIVEIRA, SN
CAUCAIA;120;366;GENIPABU;E.E.I.E.F. OSMIRA EDUARDO DE CASTRO;BR 222 - KM 16
CAUCAIA;120;58;TUCUNDUBA;E.E.I.E.F. JOSÉ NUNES DE MIRANDA;BR 020 - TUCUNDUBA, S/N
FORTALEZA;3;434;MEIRELES;EEFM PARÓQUIA DA PAZ;RUA VISCONDE DE MAUÁ, 905/A
CRATO;27;127;DOM QUINTINO;EEIEF RAIMUNDO NONATO DE SOUZA;RUA SEBASTIÃO DE SOUZA MARTINS, 143
CRATO;27;219;GISÉLIA PINHEIRO;EEMTI JUVÊNCIO BARRETO;RUA JUVÊNCIO BARRETO S/N
ITAITINGA;78;290;GERERAÚ;EEF FRANCISCA FERREIRA SIQUEIRA;AV. CEL. ANTONIO FERREIRA, 440
GRANJEIRO;62;167;NOVO GRANJEIRO;EEF HONÓRIO FELICIANO DE AQUINO;AV. FRANCISCO MONTEIRO, S/N
BARREIRA;52;55;CENTRO;ESCOLA FRANCISCA AMÉLIA DA SILVA;AV MÃE SINFOROSA, SN
ALCÂNTARAS;24;11;SAO JOSE;EEM FRANCISCO DE ALMEIDA MONTE;RUA FRANCISCO CUNHA S/N
QUIXELÔ;13;219;ÁREA RURAL DE QUIXELÔ;ESCOLA DE ENS FUND MANOEL ALVES DE ARAÚJO;CARNAUBINHA - SITIO
AMONTADA;89;148;SABIAGUABA;EEBTI ISMAEL TOME DE SOUSA;CAETANOS DE BAIXO
CAMOCIM;32;58;BOA ESPERANCA;ESCOLA MUNICIPAL DE 1 GRAU FCO OTONI COELHO;RUA BANDEIRANTES 646
GUAIÚBA;57;93;CENTRO;EEBM MANUEL BALTAZAR DE FREITAS;RUA LEIRIA DE ANDRADE 409
FORTALEZA;114;335;BARRA DO CEARÁ;EM DOIS DE DEZEMBRO;RUA ARAKEN, 860
FORTALEZA;115;46;ITAPERI;UNIVERSIDADE ESTADUAL DO CEARA - UECE;AV DR. SILAS MUNGUBA, 1700
FORTALEZA;95;216;PARQUE SANTA MARIA;EMEIEF BARBARA DE ALENCAR;RUA CAPITAO PORFIRIO, 544
ARACATI;8;188;PONTAL;IGREJA ASSEMBLEIA DE DEUS - PONTAL DO CAJUÍ;PONTAL
CANINDÉ;33;54;ZONA RURAL;EMEF DR ELPIDIO;DISTRITO DE BONITO
CRATEÚS;20;214;REALEJO;ESCOLA DE CIDADANIA DE REALEJO;REALEJO
JAGUARUANA;75;65;CENTRO;E.E.M. FRANCISCO JAGUARIBE (2 GRAU);RUA CEL RAIMUNDO FRANCISCO, 1135
CAUCAIA;120;359;CIGANA;E.E.I.E.F DALVA PONTES DA ROCHA;RUA QUINTINO JOSE CORREIA, 465
TAUÁ;19;259;CARRAPATEIRAS;EEF ANTÔNIO VIEIRA GOMES;SÃO CRISTÓVÃO
AQUIRAZ;66;328;PAU POMBO;EMEF JOSE CAMARA DE ALMEIDA;AV CLOVIS HOLANDA DE FREITAS, S/N
IRACEMA;86;132;CAMPO;E.E.F. JOAQUIM DE HOLANDA CAMPELO;RUA ARCINDO DE HOLANDA NEGREIRO, 130
VIÇOSA DO CEARÁ;35;22;CENTRO;E.E.M DEPUTADO MANOEL RODRIGUES;RUA PROFESSOR JOÃO VIANA, S/N
MORADA NOVA;47;6;CENTRO;CEBCJEC -CENTRO DE EDUCAÇÃO BÁSICA CORONEL JOSÉ EPIFÂNIO DAS CHAGAS;AV MANOEL CASTRO, 600
JATI;70;418;CENTRO-SEDE;ESC ENS FUND E MEDIO MOISES BENTO DA SILVA;AV ANTONIO MATIAS DE SANTANA S/N
CARIRÉ;65;90;TAPúIO;ESCOLA EIEF ADAUTA MOCINHA BARROS ROCHA;RUA SE MAGALHAES - TAPUIO
ITAPIPOCA;17;46;CENTRO;PATRONATO NOSSA SENHORA DAS MERCES;AV. DUQUE DE CAXIAS 1181
HORIZONTE;78;220;PLANALTO HORIZONTE;EMEF JORGE PEREIRA DA ROCHA;RUA PAULO FREIRE 40
CAUCAIA;37;576;JANDAIGUABA;E.E.I.E.F. MARIA HELENA MOREIRA DA SILVA;RUA DO GRUPO, 249
PACATUBA;57;148;CONJUNTO JEREISSATI II;EEIEF JOAO PAULO SAMPAIO DE MENEZES;RUA 74 SETOR G, 900
JUAZEIRO DO NORTE;119;157;JOAO CABRAL;ESCOLA IVA EMIDIO GONDIM;PIO NOROES SN
TAMBORIL;61;42;ZONA RURAL;EMEIF JOAQUIM RIBEIRO DOS SANTOS;COMUNIDADE QUILOMBOLA ENCANTADOS DO BOM JARDIM
PINDORETAMA;7;134;SITIO MINHOCAS;EMEB PROFESSORA ANDRELINA MARIA DE SOUSA;SITIO MINHOCAS
AQUIRAZ;66;239;TAPUIO;CENTRO DE EDUCAÇÃO E CIDADANIA MARIA DE CASTRO BERNARDO;RUA JOSE ADAMOR ABREU, S/N - DISTRITO JOAO DE CASTRO
JAGUARUANA;75;63;SANTA LUZIA;E.E.F. FRANCISCO JAGUARIBE (SANTA LUZIA);SANTA LUZIA
FORTALEZA;85;156;CONJUNTO CEARÁ I;EEF GOVERNADOR FAUSTINO ALBUQUERQUE - UV1;RUA 143 N 155 - 1 ETAPA
BATURITÉ;5;112;CONSELHEIRO ESTELITA-SEDE;SECRETARIA DO DESENVOLVIMENTO ECONÔMICO E SOCIAL - SEDES (ANTIGO CSU);AV FRANCISCO BRAGA FILHO, SN
CAUCAIA;123;471;SÃO MIGUEL (JUREMA);E.E.I.E.F. LUIZA MORAES CORREIA TAVORA;RUA SÃO MATEUS, 245 - CONJUNTO SÃO MIGUEL I
EUSÉBIO;88;128;JABUTI;EEF MARIO SALES;RUA MARIO SALES, 319 - JABOTI
FORTALEZA;114;243;BARRA DO CEARÁ;CENTRO DE EDUCAÇÃO COMPLEMENTAR (CEDCE) - ANTIGO SESI;AVENIDA FRANCISCO SÁ 6623
IBICUITINGA;47;262;CANINDEZINHO;EEB MANOEL ANTONIO DE FREITAS;CANINDEZINHO  - SEDE
LIMOEIRO DO NORTE;29;157;ÁREA RURAL;CENTRO COMUNITÁRIO SETOR NH6;SETOR NH6
FORTALEZA;114;253;PRESIDENTE KENNEDY;CENTRO DE REFERÊNCIA DE ASSISTÊNCIA SOCIAL DO PRES. KENNEDY - CRAS;QUADRA F S/N CONJUNTO CASTELO BRANCO
FORTALEZA;3;381;ALDEOTA;UNICHRISTUS ALDEOTA;RUA VISCONDE DE MAUÁ, 1940
IPAUMIRIM;92;107;CENTRO-SEDE;E.E.F. JOSE ALVES DE OLIVEIRA;VILA SAO JOSE
ARACATI;8;80;QUIXABA;E.E.F. HERIBERTO PORTO;PRAIA DE QUIXABA
FARIAS BRITO;62;224;CARIUTABA;EEF PEDRO FERNANDES DE ALCANTARA;RUA ANTONIA DALICE DE OLIVEIRA, S/N  -  CARIUTABA
ACOPIARA;60;26;CENTRO;LICEU DE ACOPIARA - DEP.FCO.ALVES SOBRINHO;RUA VICENTE CARLOS PINHEIRO,101
FORTALEZA;114;230;BARRA DO CEARÁ;EM DOM ANTONIO BATISTA DE FRAGOSO;AVENIDA FRANCISCO SÁ 7945
FORTALEZA;114;280;BARRA DO CEARÁ;EM DOIS DE DEZEMBRO;RUA ARAKEN, 860
PARAIPABA;109;163;SETOR B;EMEIF COMPLEXO ESCOLAR SETOR B;SETOR B, S/N
RUSSAS;9;187;PLANALTO BELA VISTA;ESCOLA MUNICIPAL ANA XAVIER LOPES;TRAVESSA JOSE MUNIZ 2457
FORTALEZA;95;260;BARROSO;EEFM PROFESSOR  ALOYSIO BARROS LEAL;RUA 10,  LOT. PRQ.VERDE 28 (CJ JOAO PAULO II)
ITAPIPOCA;17;489;ÁREA NOBRE;EEB TEREZINHA DE SOUSA FERREIRA ALBUQUERQUE;RUA JOSÉ DE ALENCAR, 497
ITAPIPOCA;17;745;BALEIA;EEB JOSE IRANI MENDES;MACEIO
VIÇOSA DO CEARÁ;35;140;SITIO QUEIMADAS;E.E.I.F JOAO EUFRASIO DE OLIVEIRA;SITIO QUEIMADAS
FORTALEZA;118;491;PASSARÉ;COLÉGIO MULTIVERSO;AV. JUSCELINO KUBITSCHECK, 3653
CAMPOS SALES;38;30;B. CENTRO;E.E.E.M.T.I - MARIA DOLORES ARRAIS - (GRUPINHO);TRAVESSA VICENTE ALEXANDRINO DE ALENCAR,297
IGUATU;13;254;JOSÉ DE ALENCAR;PSF DA VÁRZEA GRANDE;VARZEA GRANDE                                     ALENCAR
ARACATI;8;51;CENTRO;E.E.F. SÃO MARCELINO CHAMPAGNAT;AV. CEL. ALEXANZITO, 1272
JUAZEIRO DO NORTE;119;207;JOAO CABRAL;ESCOLA JERONIMO FREIRE DOS SANTOS;VIRGINIA MENDONCA SN
FORTALEZA;93;86;PREFEITO JOSÉ WALTER;EM RACHEL DE QUEIROZ;AVENIDA C, S/N - II ETAPA
FORTALEZA;93;243;PREFEITO JOSÉ WALTER;COLÉGIO SILVIA HELENA NOGUEIRA;RUA 62, 140 - III ETAPA
QUIXADÁ;6;286;JUATAMA;EEF RENATO DE ARAÚJO CARNEIRO;RUA FRANCISCO MOREIRA DE SOUZA,1324
ICÓ;15;142;UMARI DOS LOURENCOS - SITIO;ESCOLA MUNICIPAL RITA ALVES DE SOUZA;SITIO UMARI DOS LOURENCOS S/N
MISSÃO VELHA;16;113;ZONA RURAL;EEF NOEMIA CRUZ LANDIM;SITIO PASSAGEM DE PEDRA
SANTANA DO ACARAÚ;44;80;RETIRO;SINDICATO DOS TRABALHADORES RURAIS DE SANTANA;TRAVESSA DR JOSÉ MENDES, 461
GRANJA;25;98;TIMONHA;E.E.F. JOSÉ FIRMINO DOS SANTOS;TRAVESSA ALCANTARA, 534
CAUCAIA;37;417;PARQUE LEBLON;EEIEF PEDRO LAURINO DE OLIVEIRA;RUA FILGUEIRAS SAMPAIO, S/N
CARIRÉ;65;30;CACIMBAS;ESCOLA E.I.E.F INÁCIA RODRIGUES MOREIRA;CACIMBAS
BEBERIBE;84;133;PARIPUEIRA;ESCOLA MUNICIPAL MANUEL CORREIA DE LIMA;LAGOA DAS PORTEIRAS
ITAPIPOCA;17;90;ARAPARI;ESCOLA DE 1º GRAU SINFRÔNIO PINTO ARAUJO (SALÃO COMUNITÁRIO);PALMEIRAS
CASCAVEL;7;111;CHORO VAQUEJADOR;E.E.F. FRANCISCO SILVA DE FREITAS (CHORO VAQUEJADOR);CE 040 CHORO VAQUEJADOR
FORTALEZA;117;407;SIQUEIRA;ESCOLA MUNICIPAL PROF JOSE CÍRIO PEREIRA FILHO;RUA QUARTZO ROSA, 100
RUSSAS;9;44;CENTRO;ESCOLA MUNICIPAL JOSE RAIMUNDO DE DEUS;AVENIDA IRMÃ MARIA DA GRAÇA
MARANGUAPE;4;611;OUTRA BANDA - MARANGUAPE;CEI DEPUTADO JOSÉ MÁRIO MOTA BARBOSA;RUA DA PRAÇA, S/N
FORTALEZA;1;796;VICENTE PINZON;ESCOLA PROFISSIONAL MARIA ANGELA DA SILVEIRA BORGES;RUA PINTOR ANTONIO BANDEIRA, S/N
SOLONÓPOLE;55;82;BOQUEIRAO;EEIEF SUELY NOGUEIRA PINHEIRO;BOQUEIRAO
JATI;70;360;CENTRO-SEDE;CAMARA MUNICIPAL;RUA MANOEL SILVA 74
CRUZ;30;77;CAICARA;ESCOLA JOAO LADISLAU DE PAULO MAGALHAES;CAICARA
FORTALEZA;117;462;CONJUNTO ESPERANÇA;EEEP DARCY RIBEIRO;RUA CONEGO DE CASTRO, S/N
FORTALEZA;80;427;VILA UNIÃO;ESCOLA MUNICIPAL HAROLDO JORGE BRAUN VIEIRA;AV LAURO VIEIRA CHAVES, 2001
BELA CRUZ;96;50;VARJOTA-LOCALIDADE;EMETI FRANCISCO DE ASSIS ARAUJO;VARJOTA
ERERÉ;10;194;CENTRO;SECRETARIA DE EDUCACAO CULTURA E DESPORTO;RUA SENADOR FERNANDES TAVORA, 574
CATUNDA;54;78;CENTRO;E. E. F. SÃO ZACARIAS;RUA ANTONIO TIMBÓ, SN.
NOVA OLINDA;53;16;CENTRO;EMEF AVELINO FEITOSA;AV. PERIMETRAL SUL, 576
INDEPENDÊNCIA;39;186;OITICICA;E.E.F. JOAQUIM DELFINO DA SILVA;LOCALIDADE DE OITICICA
MARACANAÚ;104;69;TIMBÓ;EMEF ADAUTO FERREIRA LIMA;AVENIDA CONTORNO LESTE, S/N
CHORÓ;6;92;ÁREA RURAL DE CHORÓ;EEF FRANCISCO PAULA NASCIMENTO;SERRA DA PALHA
ORÓS;15;241;SAO JOSE - SEDE;E.E.F. ROBERTO ROLIM;TRAVESSA MARIA PINHEIRO DA COSTA S/N
AIUABA;101;45;SITIO MULUNGU;GRUPO ESCOLAR PADRE ALOISIO KLUR;SITIO MULUNGU
MARANGUAPE;4;139;AMANARI;EMEF MATIAS BECK;RUA TEIXEIRA DE SOUSA, 23
MARANGUAPE;4;125;TABATINGA - SAPUPARA;EEFM LUIZ GIRÃO;AVENIDA TABATINGA, S/N
RUSSAS;9;198;ZONA RURAL;ESCOLA MUNICIPAL PE MARCONDES MATOS CAVALCANTE;JARDIM DE SAO JOSE
FORTALEZA;82;361;SÃO GERARDO;COLÉGIO MASTER - BEZERRA DE MENEZES;AV. BEZERRA DE MENEZES, 1802
GRANJA;25;58;PARAZINHO;E.E.F.T.I. FRANCISCA CLEOMAR VERAS FREITAS (ANTIGA CERU);RUA JOSE MARTINS, S/N
CAUCAIA;37;561;PARQUE LEBLON;EEIEF PEDRO LAURINO DE OLIVEIRA;RUA FILGUEIRAS SAMPAIO, S/N
MASSAPÊ;45;99;ZONA RURAL;EM CORIOLANO GOMES FROTA;DISTRITO DE CACIMBINHA
FORTALEZA;80;364;FÁTIMA;INSTITUTO DE EDUCAÇÃO DO CEARÁ;RUA GRACILIANO RAMOS, 52
AMONTADA;89;285;FLORES;EEBTI RAIMUNDO URO DE MENESES;RUA JOAQUIM FELIX RIBEIRO
TAUÁ;19;177;SEDE;EPG DR ALBERTO FEITOSA LIMA;PIVB SETOR G S/N
SENADOR POMPEU;12;158;PAVAOZINHO;CENTRO DE REFERÊNCIA DE ASSISTÊNCIA SOCIAL CRAS II (ANTIGO MUNDO FELIZ;RUA GEMINIANO VITORIANO DE OLIVEIRA S/N
MERUOCA;24;579;Centro;EEFM - MONSENHOR JOSE FURTADO;AV CARLOS DAVI, 136
GRAÇA;79;169;SITIO BARRO VERMELHO;GRUPO ESCOLAR JOAO LOPES DE CARVALHO;SITIO BARRO VERMELHO
MORADA NOVA;47;179;SAO JOSE;EEB PROFESSORA HILDA PONCIANO DE OLIVEIRA LIMA(ESCOLA MODELO);RUA RAIMUNDO CARNEIRO GIRÃO, 872
TABULEIRO DO NORTE;91;104;CENTRO;EMEF NOSSA SENHORA DE FÁTIMA;RUA JOÃO FERREIRA BRAÚNA, 191
CAUCAIA;37;31;CURICACA;E.E.F. EDSON DA MOTA CORREA;ESTRADA VELHA DO ICARAI, KM 02
TAUÁ;19;60;COLIBRIS;ESCOLA LICEU DE TAUA LILI FEITOSA;RUA JORNALISTA HELDER FEITOSA SN
FORTALEZA;82;349;SÃO GERARDO;ESCOLA MUNICIPAL GUSTAVO BARROSO;RUA ERETIDES MARTINS, 26
JIJOCA DE JERICOACOARA;30;405;ZONA RURAL;UNIDADE BASICA DE SAÚDE - CORREGO DO MOURÃO;CORREGO DO MOURÃO
FORTALEZA;94;206;VILA VELHA;EEMTI DONA MARIA MENEZES DE SERPA;RUA DOUTOR QUIXADA FELICIO 141
FORTALEZA;94;867;PADRE ANDRADE;EEFM HERMINIO BARROSO;RUA PADRE GUILHERME 800
JUAZEIRO DO NORTE;28;143;AREA RURAL DE JUAZEIRO DO NORTE;EMEIF JOSE SABIA;SITIO SABIA
JUAZEIRO DO NORTE;28;497;PIO XII;EEF JOSÉ MARROCOS;AV. JOSÉ BEZERRA, SN
MORRINHOS;44;152;ZONA RURAL;ESCOLA MUNICIPAL PEDRO OSSIAN ALVES;GUARIBAS
CARIDADE;111;180;IPUEIRA DOS GOMES;PSF IZEQUIEL GOMES FILHO;RUA IZAQUIEL GOMES , S/N - DISTRIDO DE IPUEIRA DOS GOMES - CARIDADE
FORTALEZA;95;237;JANGURUSSU;EMEIEF TAÍS MARIA BEZERRA NOGUEIRA;AV. GOVERNADOR LEONEL BRIZOLA, 710
INDEPENDÊNCIA;39;18;CENTRO;EMATERCE;RUA PRESIDENTE VARGAS
SENADOR POMPEU;12;148;BONFIM;EEFTI RAQUEL COSTA LINHARES;RUA DA QUADRA - KM 20
PARAMOTI;111;130;CENTRO;EEMTI TOMÉ GOMES DOS SANTOS (PRÉDIO NOVO);RUA ORLEANS FARIAS, S/N - SANTA CECÍLIA
FORTALEZA;82;574;MONTE CASTELO;EM PROFESSOR MARTINZ DE AGUIAR;RUA BERNARDO PORTO, 470
MARCO;96;205;BAIRRO ALEMAES;CEI JOSE SILVEIRA FILHO;RUA DEP MURILO AGUIAR, 110
MORADA NOVA;47;273;CENTRO;CEMER-COLEGIO ESTADUAL MARIA EMILIA RABELO;AV MANOEL CASTRO, 619
PACAJUS;49;6;CENTRO;EEF ARACY GONZAGA DA SILVA;RUA CORONEL CICERO NOGUEIRA DE QUEIROZ 827
FORQUILHA;121;203;CENTRO;EEF DEP JOSE PARENTE PRADO(CENTRO SOCIAL);R MOCINHA VIANA 96
ASSARÉ;18;138;PEDRA DE FOGO;ESCOLA ESTADUAL DE EDUCAÇÃO PROFISSIONAL;RUA JOSÉ RIBEIRO DE OLIVEIRA S/N
QUIXERAMOBIM;11;58;URUQUE;ESCOLA JOSE MARINHO GOES;VILA DE URUQUE
PACAJUS;49;384;CENTRO;EEF ARACY GONZAGA DA SILVA;RUA CORONEL CICERO NOGUEIRA DE QUEIROZ 827
SANTANA DO ACARAÚ;44;163;BONFIM;ESCOLA MUNICIPAL JOSÉ MARCIONILIO FARIAS;BONFIM
BARBALHA;31;25;ROSÁRIO;FACULDADE DE MEDICINA DE BARBALHA (UFCA);RUA DIVINO SALVADOR, 284
ITAPAJÉ;41;196;ACUDE-SEDE;E.M.E.F FRANCISCO EUDES MAGALHAES;R. FAUSTO PINHEIRO, 530
MARANGUAPE;4;586;SANTOS DUMONT - MARANGUAPE;EMEIEF MARIA DE PAULA COLARES;RUA RUBENS HERBEST, 1020
JUAZEIRO DO NORTE;28;31;SALGADINHO;EEMTI ALAÍDE SILVA SANTOS;RUA JOSE CAETANO DO SALGADINHO
ICÓ;15;194;ALTO DA VARZEA - SITIO;ESCOLA MUNICIPAL CICERO AMARO DA SILVA;SITIO ALTO DA VARZEA S/N
FORTALEZA;117;210;CONJUNTO ESPERANÇA;EEFM PROFA ADALGISA BONFIM SOARES;AV. DO CANAL, S/N, ESQUINA COM RUA 103 - CONJUNTO ESPERANÇA
QUIXELÔ;13;154;ÁREA RURAL DE QUIXELÔ;ESCOLA DE ENS FUND DO SÍTIO MULUNGU;MULUNGU-SITIO
FORTALEZA;115;330;PARANGABA;COLÉGIO LOURENÇO FILHO - PARANGABA;RUA CÔNEGO DE CASTRO 700
TAUÁ;19;137;MARRECAS;EPG JESUS MARIA JOSE;VILA DE MARRECAS
FORTALEZA;80;338;JOAQUIM TÁVORA;COLÉGIO ANTARES IRMÃ MARIA (ANTIGO IRMÃ MARIA MONTENEGRO);RUA PINHO PESSOA 681
CHOROZINHO;49;359;LEIROES;EEM DR WLADIMIR RORIZ;RUA DR LUIS COSTA SN
AQUIRAZ;66;286;MACHUCA;EMEF GUILHERME JANJA;RODOVIA CE 040 KM 18  S/N
AQUIRAZ;66;284;TELHA-CAMARA;EMEF JOSE RODRIGUES MONTEIRO;RUA ANGELO RODRIGUES MONTEIRO 882
BARBALHA;31;129;CENTRO;EEM ADAUTO BEZERRA;RUA MAJOR SAMPAIO, 75
SANTANA DO ACARAÚ;44;52;CENTRO;CENTRO EDUCACIONAL MUNICIPAL JOAO CORDEIRO;RUA VIGARIO THEOTIMO 246
MADALENA;63;175;SEDE;EEF DAU ALBERTO;CAJAZEIRAS
CARIDADE;111;111;CENTRO;EEF CARMOZINA BITTENCOURT;AVENIDA CORONEL FRANCISCO LINHARES
JUAZEIRO DO NORTE;28;462;SALESIANOS;COLEGIO SALESIANO SÃO JOÃO BOSCO;PADRE CICERO 1492
ACARAÚ;30;16;CENTRO;ESCOLA TOMAZ POMPEU DE SOUSA BRASIL;RUA JOSE JULIO LOUZADA 550
FORTALEZA;112;532;EDSON QUEIROZ;COLÉGIO NOVA DIMENSÃO;AV. EDILSON BRASIL SOARES, 1599
MORRINHOS;44;167;CURRALINHO;EMEFI  MIGUEL AVELINO VASCONCELOS;CURRALINHO
VÁRZEA ALEGRE;62;145;VARJOTA;EEF ZULMIRA SIEBRA LEITE;TRAVESSA NARANIU, 72
SANTANA DO ACARAÚ;44;92;SAPO DE BAIXO;CENTRO COMUNITÁRIO JOSÉ PATRIARCA CARNEIRO;SAPÓ DE BAIXO
QUITERIANÓPOLIS;99;141;ZONA RURAL;ESCOLA INDÍGENA TABAJARA CARLOS LEVY;FIDELIS
CRUZ;30;437;CENTRO;ESCOLA SAO FRANCISCO DA CRUZ;RUA PROFESSORA FILO  SN
ICAPUÍ;8;154;PONTA GROSSA;C.E.I. ANTÔNIO CRISPIM;PRAIA DE PONTA GROSSA
FORTALEZA;80;331;JOAQUIM TÁVORA;COLÉGIO ANTARES IRMÃ MARIA (ANTIGO IRMÃ MARIA MONTENEGRO);RUA PINHO PESSOA 681
MARANGUAPE;4;4;AMANARI;EEMTI ANTONIO LUIS COELHO;RUA DO COMÉRCIO, S/N
FORTALEZA;113;155;BOM FUTURO;COLÉGIO MEDALHA MILAGROSA;RUA PADRE JOÃO PIAMARTA,  415
BEBERIBE;84;24;CENTRO;ESCOLA DE ENSINO FUNDAMENTAL E MEDIO ANA FACO;RUA VICENTE MATHIAS 119
ITATIRA;33;432;DISTRITO DE LAGOA DO MATO;ANEXO - JOSÉ PAULO DE SOUSA;AV.NOSSA SENHORA DO CARMO S/N
QUIXERAMOBIM;11;304;ARGENTINA SIQUEIRA;ESCOLA MARIA DO SOCORRO COELHO BENICIO;RUA D, S/N - QUADRA 04
FORTALEZA;112;538;ENGENHEIRO LUCIANO CAVALCANTE;CENTRO UNIVERSITÁRIO 7 DE SETEMBRO - UNI 7 (FA7);AV. ALMIRANTE MAXIMINIANO DA FONSECA, 1395
OCARA;67;193;SERENO DE CIMA-DISTRITO;ESCOLA MUNICIPAL FRANCISCA MARIA BRAGA - ENSINO FUNDAMENTAL;SERENO DE CIMA
CARIRIAÇU;71;125;MESTRE NECO;SECRETARIA DE ASSISTÊNCIA SOCIAL;RUA MIGUEL XAVIER SN
CANINDÉ;33;36;SAO MATEUS;EMEF JOAQUIM MAGALHAES;RUA CLÓVIS PINTO 2245
TRAIRI;97;84;LAGOAS NOVAS;EEF SANTO ANTONIO;LAGOAS NOVAS
FORTALEZA;82;372;ELLERY;ESCOLA MUNICIPAL HONÓRIO BEZERRA;RUA CAPITÃO NESTOR GÓIS, 400
FORTALEZA;113;243;RODOLFO TEÓFILO;EEFM FÉLIX DE AZEVEDO;RUA MONSENHOR FURTADO, 757
MARACANAÚ;104;361;PAJUÇARA;EMEF LUIZ GONZAGA DOS SANTOS;RUA PEDRO BATISTA, 110
FORTALEZA;113;217;RODOLFO TEÓFILO;COLÉGIO MANUELITO AZEVEDO;RUA TIRADENTES, 483
JUAZEIRO DO NORTE;119;427;TIRADENTES;E.M.E.I. PROFESSORA ASSUNÇÃO GONÇALVES (CRECHE);RUA PROFESSORA IVANY FEITOSA, SN
FORTALEZA;94;828;JARDIM GUANABARA;COLÉGIO DOM QUINTINO;RUA CECIL SALGADO, 53
TIANGUÁ;81;47;SEMINÁRIO;E.E.F. LAR DOCE LAR;RUA FRANCISCO GENTIL DE FARIAS 
TIANGUÁ;81;90;TABAINHA;E.E.I.F. RAIMUNDO LOPES MAGALHÃES;DISTRITO TABAINHA
TAUÁ;19;50;TAUAZINHO;EEM MARIA DAS DORES CIDRÃO ALEXANDRINO;AV CEL VICENTE ALEXANDRINO DE SOUSA 04
UMARI;15;210;CENTRO - SEDE;ESCOLA DE ENSINO MÉDIO MONSENHOR MANOEL CARLOS DE MORAIS;RUA DOM QUINTINO 289
PEREIRO;10;171;SITIO CIDADE;GRUPO ESCOLAR ANTONIO PINHEIRO MAIA;SITIO CIDADE
ITATIRA;33;153;ZONA RURAL;EMEF EDUARDO BARBOSA;LOCALIDADE DE CACHOEIRA BR
SOBRAL;121;179;CENTRO;COLEGIO SANT'ANA;AVENIDA DOM JOSE, 1310
SALITRE;38;142;ZONA RURAL, SALITRE/CE;E.E.I.F. IRACI VICENTINA DOS SANTOS - SITIO FACÃO;SÍTIO FACÃO
AQUIRAZ;66;106;AROEIRAS;EMEF JOAO JAIME GADELHA;ESTRADA AROEIRA
BATURITÉ;5;87;JORDAO-SITIO;EMEF JOSÉ AIRTON AMORA VASCONCELOS;SÍTIO JORDÃO, SN
PACAJUS;49;183;PAJEU;EEF PROFA EDITE NOGUEIRA DA COSTA (ANT CEI PARAISO DA CRIANÇA);RUA PROJETADA S/N
FORTALEZA;82;210;MONTE CASTELO;COLÉGIO EURÍDICE;RUA NATURALISTA FEIJÓ, 736
ICAPUÍ;8;151;CAJUAIS;E.E.M. PROF GABRIEL EPIFANIO DOS REIS;RUA FILIZOLINA FREITAS, SN
ARARIPE;68;21;SITIO TANQUINHO;ESCOLA MUNICIPAL OTONIEL DE MORAIS - SÍTIO TANQUINHO;SITIO TANQUINHO
FORTALEZA;95;318;PARQUE SANTA MARIA;EMEIF JOSÉ MOREIRA LEITÃO;RUA HONORINO MAIA, 467
JUAZEIRO DO NORTE;119;12;LIMOEIRO;EMEI IRMÃ NELY SOBREIRA (CRECHE);AV. JOSÉ BEZERRA, N. 216
FORTALEZA;117;421;MANOEL SÁTIRO;EEF JOSE AYRTON TEIXEIRA;RUA ALFREDO MAMEDE SN
FORTALEZA;80;216;ALTO DA BALANÇA;EM PROFESSORA EDITH BRAGA;RUA CAPITAO VASCONCELOS 1061
QUIXERAMOBIM;11;215;MARAVILHA;ESCOLA ALVARO DE ARAUJO CARNEIRO;ALTO DA MARAVILHA
IPU;21;68;DISTRITO;E.M.E.F. JOÃO SAMPAIO DE ARAUJO;VARZEA DO GILO
PENTECOSTE;50;96;CENTRO;CÂMARA MUNICIPAL DE PENTECOSTE;RUA DOUTOR MOREIRA DE AZEVEDO, S/N
JARDIM;119;312;SITIO MINAS;CAPELA SÃO JOÃO BATISTA;SITIO MINAS  SN
NOVO ORIENTE;99;156;VILA FELIZ;ESCOLA ESTADUAL DE EDUCAÇÃO PROFISSIONAL MARIA EUDES BEZERRA VERAS;RUA ULISSES GUIMARÃES, S/N
BREJO SANTO;70;6;CENTRO-SEDE;CENTRO VOCACIONAL TECNOLÓGICO - CVT;RUA MANOEL ANTONIO CABRAL, S/N
FORTALEZA;82;239;PIRAMBU;EEFM GOVERNADOR FLÁVIO MARCÍLIO;AV. PASTEUR, 575
MARCO;96;167;SOARES - POVOADO;EEF GERALDO BASTOS OSTERNO;LOCALIDADE DE SOARES
CHOROZINHO;49;47;VILA REQUEIJAO;COLEGIO GUIBSON MARINHO DOS SANTOS;AV SABINO MOREIRA SN
BEBERIBE;84;78;FORQUILHA;ESCOLA MUNICIPAL SAO BERNARDO;FORQUILHA
BEBERIBE;84;143;SEDE;ESCOLA MUNICIPAL SANTO ANTONIO;CORREGO DA CUTIA
FORQUILHA;121;190;CENTRO;EEF DEP JOSE PARENTE PRADO(CENTRO SOCIAL);R MOCINHA VIANA 96
MILAGRES;26;102;SITIO SÃO TOMÉ;POSTO DE SAUDE SAO TOME;SITIO SAO TOME
CATARINA;60;251;SAO GONCALO;EEF MAJOR RUFINO MOREIRA;OLHO D AGUA DOS BERE
JARDIM;119;329;SITIO LAMEIRAO;ESCOLA AGOSTINHO FELIX DE FIGUEIREDO;SITIO LAMEIRAO                                            SN
MILAGRES;26;18;MISSIONÁRIAS;CENTRO SOCIAL URBANO;AV LACORDAIRE FERREIRA LINS S/N
PENAFORTE;70;354;CENTRO-SEDE;ESCOLA DE EDUCACAO INFANTIL ENSINO FUND. FATIMA REGINA;RUA PADRE CICERO S/N
FORTALEZA;113;27;BENFICA;IFCE - INST FEDERAL DE CIÊNCIA E TECNOLOGIA (CEFET);AV. 13 DE MAIO, 2081
BREJO SANTO;70;48;ESPERANCA-SEDE;ESC MUN MARIA BENVINDA QUENTAL LUCENA;VILA ESPERANCA
MONSENHOR TABOSA;61;107;CENTRO;E.E.M.T.I GOVERNADOR ADAUTO BEZERRA;RUA SAO SEBASTIÃO N 39 - PERTO DA CADEIA PÚBLICA
SANTANA DO ACARAÚ;44;155;MALHADA DOS BOIS;CENTRO COMUNITÁRIO JOÃO PAULO DE MARIA;MALHADA DOS BOIS
MARANGUAPE;4;9;SAPUPARA;EMEF JÕAO CIRINO NOGUEIRA;RUA JOAO CIRINO, S/N
GRANJA;25;13;CENTRO;E.E.F.T.I. JOSÉ GLAUBERTON ALVES SÁ;AV. PERIMETRAL S/N
IPUEIRAS;40;6;SÃO JOSÉ;EEF FRANCISCO PAZ ARAGÃO - SÃO JOSÉ;SÃO JOSÉ
BELA CRUZ;96;179;SAO GONCALO-LOCALIDADE;EEMTI PROFESSORA THEOLINA DE MURYLLO ZACAS;LOCALIDADE SÃO GONÇALO
FORTALEZA;94;36;ANTÔNIO BEZERRA;EMTI JOSÉ CARLOS DE OLIVEIRA NETO;R. SAO VICENTE DE PAULO, 170
ICÓ;15;12;CENTRO - SEDE;ESCOLA MUNICIPAL PROFESSORA LOURDES COSTA;AV ILIDIO SAMPAIO,1571
CATUNDA;54;76;CENTRO;E. E. F. SÃO ZACARIAS;RUA ANTONIO TIMBÓ, SN.
CARIRÉ;65;27;CACIMBAS;ESCOLA E.I.E.F INÁCIA RODRIGUES MOREIRA;CACIMBAS
FORTALEZA;118;567;BOA VISTA-CASTELÃO;EEFM PROFESSORA MARIA GONCALVES;RUA N S DO MONTE CARMELO S/N
SANTANA DO ACARAÚ;44;175;DISTRITO PARAPUI;EEF RAIMUNDO CAMÕES VIANA;RUA CAMOES VIANA S/N
CAMOCIM;32;52;SAO FRANCISCO;LICEU DE CAMOCIM DEP MURILO ROCHA AGUIAR;RUA ANTONIO ZEFERINO VERAS
FORTALEZA;82;696;MONTE CASTELO;CENTRO EDUCACIONAL SÃO MATEUS;AV. SARGENTO HERMÍNIO SAMPAIO, 2440
MORADA NOVA;47;202;PROJETO IRRIGADO;EEB GILCIVAN VIANA DE OLIVEIRA;SETOR O
MORADA NOVA;47;250;JUAZEIRO;EEB JOÃO CÂNDIDO DE SOUSA;ARUEIRA
FORTALEZA;115;175;PARANGABA;EM PROF. JOSE VALDIVINO DE CARVALHO;RUA GUARA, S/N
FORTIM;8;201;CENTRO;EEIFTI. PROFESSORA MARIA LUIZA;RUA JOAQUIM CRISÓSTOMO, 739.
QUIXADÁ;6;64;CIPÓ DOS ANJOS;EEF ZILCAR DE SOUZA HOLANDA;CIPÓ DOS ANJOS, S/N
MORADA NOVA;47;42;CENTRO;CEBCJEC -CENTRO DE EDUCAÇÃO BÁSICA CORONEL JOSÉ EPIFÂNIO DAS CHAGAS;AV MANOEL CASTRO, 600
MORADA NOVA;47;187;ROLDAO;EEB JOSE NOGUEIRA DE QUEIROZ;EXTREMA
CAPISTRANO;105;6;SEDE;ESCRITÓRIO DA CAGECE;RUA JOSÉ SARAIVA SOBRINHO S/N
MAURITI;76;155;UMBURANAS-DISTRITO;EEF MAJOR JOAQUIM ANTONIO FURTADO;RUA JOSÉ OZÁRIO, S/N
FORTALEZA;94;29;ANTÔNIO BEZERRA;EEF INSTITUTO DOS CEGOS (ANTÔNIO BEZERRA);RUA DR. JOÃO GUILHERME, 373
TAUÁ;19;175;MARROAS;EEF ENEAS ALVES MOTA;VILA MARROAS
FORTALEZA;118;577;DIAS MACEDO;EEFM ANTÔNIO DIAS MACEDO;AV PEDRO DANTAS 340
PEDRA BRANCA;59;120;SEDE;EEIF LOURENÇO MARQUES DE MESQUITA;SITIO NOVO
IPUEIRAS;40;158;ININGAS;ESCOLA DE ENSINO FUNDAMENTAL PEDRO GONÇALVES PEREIRA - ININGAS;ININGAS
BOA VIAGEM;63;12;CENTRO-SEDE;EEF PE ANTONIO CORREIA DE SA;RUA JOSE RANGEL DE ARAUJO 22
MAURITI;76;128;SÃO FÉLIX-DISTRITO;EEF SÃO JOSÉ;DISTRITO DE SÃO FÉLIX - SAÍDA PARA OLHO D'ÁGUA
UBAJARA;73;177;SÍTIO SANTA LUZIA;ESCOLA EUDES SOARES CUNHA - SANTA LUZIA;SITIO SANTA LUZIA
TRAIRI;97;129;GUAJIRU;EEF MANOEL DIAS FILHO;GUAJIRU
OCARA;67;242;CURUPIRA-DISTRITO;ESCOLA MUNICIPAL PEDRO DA COSTA GOMES - ENSINO FUNDAMENTAL;FOVEIRA
PACOTI;5;164;OURO-SITIO;CRECHE VOVÓ LOURDES (SÍTIO OURO);SITIO OURO
BARBALHA;31;32;CENTRO;COLÉGIO DOM BOSCO OBJETIVO (CENTRO);RUA ADÃO APOLINÁRIO, S/N
IPU;21;26;ALTO DA BOA VISTA;EMEB MONSENHOR GONÇALO DE OLIVEIRA LIMA;AV. JOSÉ CARVALHO DE ARAGÃO, 102
FORTALEZA;83;589;HENRIQUE JORGE;ESCOLA MUNICIPAL JOSÉ SOBREIRA DE AMORIM;RUA ESTRADA DO PICI 1083
SABOEIRO;43;235;CENTRO;E.E.F. OLAVO OLIVEIRA, ANEXO;RUA AMELIA LIMA BRAGA 81
BOA VIAGEM;63;142;CENTRO-SEDE;EEFM DOM TERCEIRO;RUA ALFREDO TERCEIRO  300
BOA VIAGEM;63;157;PONTE NOVA - SEDE;EEF FILOMENA UCHOA VIANA;RUA LUIZ XIMENES DE ARAGAO, N 05
ICÓ;15;118;TRES BODEGAS - POVOADO;ESCOLA MUNICIPAL ANTONIO FERREIRA DE CARVALHO;RUA DIOMEDES ARRUDA TORRES, 111
FORTALEZA;95;183;CAJAZEIRAS;DNIT;RODOVIA BR-116, KM 06
CARIRÉ;65;52;ZONA RURAL;ESCOLA EIEF CEL. JOAO FERNANDES;JURE
FORTALEZA;95;275;BARROSO;CEI PROFESSORA MARIA ROZANI MENDONÇA NOBRE;RUA MARIA JOSÉ P, S/N, CONJUNTO JOÃO PAULO II
VIÇOSA DO CEARÁ;35;49;ZONA RURAL;E.E.F JOÃO EUCLIDES DE MORAIS;VILA JUA DOS VIEIRAS SN
VIÇOSA DO CEARÁ;35;176;SITIO JAGUARIBE II;E.E.I.F. JAGUARIBE II;SITIO JAGUARIBE II
CARIRIAÇU;71;100;SÍTIO TABOLEIRO;POSTO DE SAÚDE DO SÍTIO TABOLEIRO;SÍTIO TABOLEIRO
BOA VIAGEM;63;147;TRAPIA DOS LOBOS;EEF FRANCISCO LOBO CAVALCANTE;TRAPIA DOS LOBOS
PACAJUS;49;105;CENTRO;EEFM PADRE CORIOLANO (REUNIDA);RUA TENENTE JOAQUIM NOGUEIRA 51
PENAFORTE;70;345;SANTO ANDRE-SEDE;CENTRO DE EDUCACAO RURAL;SANTO ANDRE
CATARINA;60;239;SEDE;EEF FRANCISCO ALVES EVANGELISTA;MARRECAS
ACARAPE;52;13;CANTAGALO;PROGRAMA DE ERRADICAÇÃO DO TRABALHO INFANTIL (PETI);BARRO VERMELHO
MARACANAÚ;104;350;PAJUÇARA;EMEIEF SINFRONIO PEIXOTO DE MORAIS;RUA JULIO MENDES, 255
SOBRAL;121;282;PEDRINHAS;ESCOLA MARIA DO CARMO ANDRADE;PRAÇA DR. JOSE EUCLIDES FERREIRA GOMES JUNIOR, S/N
BARREIRA;52;110;TORRE DE AÇO;ESCOLA CARLITO JACÓ;TORRE DE AÇO
PARACURU;109;202;SANTA MARTA;E. M. E. I. F.  PEDRO ANTONINO GOMES;AV. GERALDO CIRIACO
CRUZ;30;85;ANINGAS;ESCOLA PAULO FREIRE;RUA 14 DE JANEIRO SN
ARACATI;8;67;CENTRO;E.E.M.T.I. BARAO DE ARACATI;PRAÇA DOS PRAZERES, 82
COREAÚ;64;115;Boqueirão;BOQUEIRÃO - ESCOLA MUN. VER. RDO. CARDOSO DE ALBUQUERQUE;LOCALIDADE DE BOQUEIRÃO DO DIAMANTE
URUBURETAMA;23;118;SANTA LUZIA - ZONA RURAL;EEF DAVI SALES PINHEIRO;SANTA LUZIA
FORTALEZA;83;638;PICI;ESCOLA MUNICIPAL ADROALDO TEIXEIRA CASTELO;RUA ALAGOAS 2267
LAVRAS DA MANGABEIRA;14;29;BARRO - SITIO;ASSOCIAÇÃO COMUNITÁRIA JOSE LEANDRO;SITIO BARRO S/N
ICÓ;15;117;EXTREMA - SITIO;ESCOLA MUNICIPAL RICARDO ANTONIO TEIXEIRA MACIEL;SITIO EXTREMA S/N
ICÓ;15;43;CENTRO - SEDE;EEM - VIVINA MONTEIRO;RUA DR INACIO DIAS S/N
CHOROZINHO;49;248;SITIO CAPOEIRA;EEF LUIS GOMES DA SILVA;SITIO CAPOEIRA
FORTALEZA;117;185;CONJUNTO ESPERANÇA;EEFM IRAPUAN CAVALCANTE PINHEIRO;AV E 305
PINDORETAMA;7;67;CENTRO-PINDORETAMA;EEM JULIA ALENQUER FONTENELE;AV. FIRMINO CRISOSTOMO, 1944
TEJUÇUOCA;41;185;VENANCIO;ESCOLA DE 1 GRAU JOSE BEZERRA SIQUEIRA;VENANCIO
TIANGUÁ;81;291;RÉGIS DINIZ;E.E.F. FRANCISCO ORDÔNIO;RUA FRANCISCO ORDÔNIO, 96
CAMOCIM;32;248;ZONA RURAL;EEF JEOVA GOUVEIA DA PAZ - URTIGA;LOCALIDADE DE URTIGA
MARTINÓPOLE;25;78;CONJUNTO BENEDITO BARROS;E.E.M.T.I. PREF. DÁRIO CAMPOS FEIJÓ;RODOVIA CE, 362
EUSÉBIO;88;147;OLHO D'AGUA;EEF JOÃO FREITAS RAMOS;RUA OLHO D'AGUA, 2122
JUAZEIRO DO NORTE;119;123;NOVO JUAZEIRO;ESCOLA TARCILA CRUZ ALENCAR;CASTELO BRANCO 4451
BARBALHA;31;8;VILA ARAJARA;EEF ANTONIO COSTA SAMPAIO (VILA DO ARAJARA);RODOVIA CE-386, S/N, VILA DO ARAJARA (7.33853 S, 39.39163 W)
FORTALEZA;94;675;VILA VELHA;EEM LICEU VILA VELHA;AV. L, 840
FORTALEZA;116;1;GRANJA LISBOA;CAIC - MARIA ALVES CARIOCA;RUA GUARAREMA 690
CARIDADE;111;83;CAMPOS BELOS;EEF SENADOR VIRGILIO TAVORA;BR 020 KM 348
BELA CRUZ;96;33;ARATICUNS-LOCALIDADE;EEIEF SAO JOAO BOSCO;ARATICUNS
JUAZEIRO DO NORTE;119;236;TIRADENTES;ESCOLA GOVERNADOR MANOEL DE CASTRO FILHO;RUA IVANIR FEITOSA SN
RERIUTABA;79;88;SASSÁ;E.E.I.F. MANOEL HONORATO;SÍTIO SASSÁ - ZONA RURAL
OCARA;67;218;CURUPIRA-DISTRITO;ESCOLA MUNICIPAL ODILON DE SOUZA BRILHANTE - ENSINO FUNDAMENTAL;CURUPIRA
TIANGUÁ;81;234;GERALDO SARAIVA;E.E.F. MONS. TIBÚRCIO GONÇALVES DE PAULA;RUA PRESBITERO HOMERO PORTELA MOITA, S/N,
GUARACIABA DO NORTE;74;149;SEDE;ESCOLA MUNICIPAL D PEDRO I;RUA 12 DE MAIO - CENTRO
JUCÁS;43;63;MEL - VILA;ESCOLA DE 1 GRAU ANTONIO JOSE DE MELO;RUA ANTONIO JOSE DE MELO S/N
AQUIRAZ;66;326;TELHA-CAMARA;EMEF JOSE RODRIGUES MONTEIRO;RUA ANGELO RODRIGUES MONTEIRO 882
JAGUARUANA;75;54;LAGOA VERMELHA;E.E.F. JOSE SIMOES FILHO;LAGOA VERMELHA
MILHÃ;55;106;CARNAUBINHA;ESCOLA DE ENSINO BASICO RAIMUNDO BEZERRA FIGUEIREDO;RUA VALDINA DE LIMA
FORTALEZA;94;384;VILA VELHA;EMEF QUINTINO CUNHA;RUA MARIA CLARA 1263
UMIRIM;23;245;CENTRO-SEDE;E.E.F.M. JOSE PINHEIRO SALES;RUA MAJOR SALES 664
JUCÁS;43;98;VILA JOSÉ BENTO - SEDE;ESCOLA DE ENSINO FUNDAMENTAL  AUREA LEAL;VILA JOSE BENTO 170
SOBRAL;121;273;BONFIM;ESCOLA  JOSE RODRIGUES DE SOUSA (POLO JOSÉ ARIMATEIA ALVES);VARZEA REDONDA - BONFIM
BELA CRUZ;96;44;CENTRO-SEDE;EMETI JOAO DAMASCENO VASCONCELOS;RUA CAPITAO MIGUEL LOPES  814
QUIXERAMOBIM;11;120;SAO MIGUEL;ESCOLA  JOSE MARTINS DE ALMEIDA;OITICICA
SENADOR SÁ;45;55;CENTRO;EEF NOSSA SENHORA DO AMPARO;RUA PADRE DELMONT S/N
FORTALEZA;94;942;PADRE ANDRADE;COLÉGIO UNIVERSO;RUA JOAQUIM ALBANO, N 100
TAUÁ;19;150;INHAMUNS;ESCOLA DESIDERIO DE SOUSA PEDROSA;VILA GUARIBAS
IBIAPINA;73;4;CENTRO;COLÉGIO NOSSA SENHORA DOS REMÉDIOS;RUA DEPUTADO ÁLVARO SOARES, 1403
FORTALEZA;82;183;SÃO GERARDO;ESCOLA MUNICIPAL GUSTAVO BARROSO;RUA ERETIDES MARTINS, 26
BARBALHA;31;76;BARRO VERMELHO;ETI MARIA LINHARES SAMPAIO (SÍTIO BARRO VERMELHO);SITIO BARRO VERMELHO
CARNAUBAL;22;7;CENTRO;EEF JOAQUIM BASTOS GONCALVES;R JOAO FELICIO 91
MORAÚJO;64;62;CENTRO;MORAÚJO - ESCOLA ESTADUAL HUET ARRUDA;TRAVESSA CECÍLIA FREIRE, S/N - CENTRO
BEBERIBE;84;174;SUCATINGA;ESCOLA MUNICIPAL CASTRO ALVES;LAGOA DE DENTRO
FORTALEZA;116;212;GRANJA PORTUGAL;POSTO DE SAUDE DR JURANDIR PICANCO;RUA DUAS NACOES 605
ITAPAJÉ;41;170;SANTA RITA-SEDE;E.E.M.T.I PROFª ESTEFÂNIA MATOS;RUA BENTO ÁVILA DE SOUSA, 101
BELA CRUZ;96;1;CENTRO-SEDE;EMEF MONS. ODÉCIO;RUA CORONEL DUCA, 704
FORTALEZA;95;325;JANGURUSSU;EM PROFESSOR FRANCISCO DE MELO JABORANDI;AV. GOVERNADOR LEONEL BRIZOLA, 198
CARIRÉ;65;140;CAMPO DE AVIAÇÃO;ESCOLA EIEF MARIA JOSE RODRIGUES PONTE;RUA FRANCISCO ARAUJO CHAVES SN
PACAJUS;49;233;UMARI DO MEIO;EEF FRANCISCO COSME DA SILVA;UMARI
JARDIM;119;333;SITIO BOM SUCESSO;ESCOLA MANOEL JOSE DE SOUZA;SITIO BOM SUCESSO  SN
REDENÇÃO;52;11;DISTRITO DE ANTÔNIO DIOGO;CINE-TEATRO RAUL BARBOSA;RUA IRMÃ AUGUSTA, N. 120
FORTALEZA;94;657;VILA VELHA;EEM LICEU VILA VELHA;AV. L, 840
AQUIRAZ;66;109;TAPERA;EEB RAIMUNDO TOMAZ;RUA JOSE CARLOS GADELHA S/N
JAGUARIBE;10;95;DISTRITO DE NOVA FLORESTA;EEIF ULISSES PARANHOS MAIA;RUA FRANCISCO GOMES DE CASTRO, 399
UBAJARA;73;107;CENTRO;ESCOLA  MONS FRANCISCO TARCISIO MELO;AV CEL FRANCISCO CAVALCANTE, SN
BANABUIÚ;6;431;PEDRAS BRANCAS;EEF JOSÉ ANTONIO DE OLIVEIRA;PEDRAS BRANCAS
ARACATI;8;243;LAGOA DA CRUZ;E.E.F. FRUTUOSO GOMES DE FREITAS;LAGOA DA CRUZ
SANTA QUITÉRIA;54;39;CENTRO;E. E. F. M. JÚLIA CATUNDA;RUA MARIA DE LOURDES, 256
BANABUIÚ;6;400;RINARÉ;EEF ALBERTINA FERREIRA MAIA;RINARE
QUIXERAMOBIM;11;193;CENTRO;CAMPUS UNIVERSITARIO DR ANDRADE FURTADO;AV DR JOAQUIM FERNANDES 382 - CENTRO
BOA VIAGEM;63;28;FATIMA;EEF PE. PAULO DE ALMEIDA MEDEIROS;RUA MARIA DE NAZARE BEZERRA 245
SOBRAL;121;252;TAPERUABA;ESCOLA MASSILON SABOIA DE ALBUQUERQUE;OLHO D' ÁGUA DO PAJÉ
SOBRAL;121;58;COHAB I;EEFM MONS. JOSE GERARDO FERREIRA GOMES(NOELIA);RUA MADALENA DE SÁ, S/N
FORTALEZA;94;575;VILA VELHA;EMEIF HERONDINA LIMA CAVALCANTE;AV. AMBIENTALISTA ARY THIERS, 310
MARACANAÚ;104;416;PAJUÇARA;EMEIEF PROF PAULO FREIRE;RUA PAULO BATISTA 660
LAVRAS DA MANGABEIRA;14;103;CRUZEIRO;CENTRO DE EDUCAÇÃO INFANTIL MUNDO MÁGICO - CRECHE;RUA PETRONÍLIA DOS SANTOS, S/N - SEDE, CRUZEIRO
MORADA NOVA;47;234;SITIO TAPERA;ASSOCIAÇÃO PARA O PROGRESSO INFANTIL;SITIO TAPERA
ORÓS;15;316;GUASSUSSE - DISTRITO;CRECHE CHAPEUZINHO VERMELHO;RUA TIRADENTES, S/N
CHOROZINHO;49;44;CENTRO;CASA DO CIDADÃO;AV RAIMUNDO SIMPLICIO SN
FORTALEZA;3;286;PRAIA DE IRACEMA;SECRETARIA DA SAÚDE DO ESTADO DO CEARÁ;RUA ITAPIPOCA, 60
ACOPIARA;60;264;TRUSSU;EEF SAO CAMILO;SITIO CHAPADA
FORTALEZA;115;230;SERRINHA;EMEIF WALDEMAR BARROSO;RUA CÔNEGO LIMA SUCUPIRA,  1651
COREAÚ;64;101;Breguedoff;COREAÚ - BREGUEDOFF CEI PROFª Mª ZILMAR;LOCALIDADE BREGUEDOFF
CARIRÉ;65;11;FÓRUM;E.E.F. FRANCISCO HERMINIO PONTE;RUA SANTO ANTONIO, 551
VÁRZEA ALEGRE;62;147;ZEZINHO COSTA;EEF DR. DÁRIO BATISTA MORENO;AV. VICENTE ALVES COSTA, 624
FORTALEZA;116;324;GRANJA LISBOA;EEEP ICARO DE SOUSA MOREIRA - LICEU DO BOM JARDIM;RUA JOSE MARTINS, 2246
TAUÁ;19;67;ALTO BRILHANTE;EEF JOAQUIM PIMENTA;AV JOSE VALDEMAR REGO 585
MULUNGU;5;145;LAMEIRAO-VILA;EMEF MARIA AMELIA PONTES;LAMEIRAO
FORTALEZA;112;423;EDSON QUEIROZ;COLEGIO ARI DE SA CAVALCANTE WS;AV WASHINGTON SOARES, 3737
ORÓS;15;267;GUASSUSSE - DISTRITO;E.E.F. MANOEL RAIMUNDO MONTANHA;RUA DA MATRIZ, S/N
ICÓ;15;12;CENTRO - SEDE;ESCOLA MUNICIPAL PROFESSORA LOURDES COSTA;AV ILIDIO SAMPAIO,1571
MISSÃO VELHA;16;65;SEDE;SECRETARIA DE TRABALHO E ASSISTÊNCIA SOCIAL (ANTIGO CSU);RUA PADRE CICERO, 204. CENTRO.
FORTALEZA;115;400;PARANGABA;EM CLÁUDIO MARTINS;RUA MUNDICA PAULA, 628
PACAJUS;49;400;CENTRO;ESCOLINHA INFANTIL RECANTO FELIZ;RUA JOAQUIM NOGUEIRA LOPES 932 - CENTRO
FORTALEZA;112;377;CIDADE DOS FUNCIONÁRIOS;EEFM WALTER DE SA CAVALCANTE;AVENIDA OLIVEIRA PAIVA, 550
CAUCAIA;37;316;CIPO;E.E.F. AMARO RODRIGUES DOS SANTOS;RUA JOSE ALVES BEZERRA, S/N - REGIÃO GARROTE
ICÓ;15;158;CENTRO - SEDE;EEM - VIVINA MONTEIRO;RUA DR INACIO DIAS S/N
MARANGUAPE;4;645;NOVO PARQUE IRACEMA - MARANGUAPE;EMEF NILO PINHEIRO CAMPELO;RUA NILO CAMPELO, 48
TRAIRI;97;4;CENTRO;COLEGIO CENTRO EDUCACIONAL PIO RODRIGUES;RUA MANOEL TEIXEIRA S/N
FORTALEZA;94;387;VILA VELHA;EMEF QUINTINO CUNHA;RUA MARIA CLARA 1263
SOBRAL;121;51;CENTRO;EEFM DR JOAO RIBEIRO RAMOS;RUA CONSELHEIRO JOSE JULIO
MARACANAÚ;104;164;PAJUÇARA;EMEIEF ANTÔNIO DE ALBUQUERQUE SOUSA FILHO;RUA SENADOR PETRÔNIO PORTELA, 145
CHOROZINHO;49;278;CENTRO;CENTRO DE EDUCAÇÃO INFANTIL ERCILIA BEZERRA;RUA FRANCISCO DAS CHAGAS BRASIL 23
FORTALEZA;82;634;CRISTO REDENTOR;ESCOLA MUNICIPAL SEBASTIANA ALDIGUERI;AV. DOUTOR THEBERGE, 448
FORTALEZA;94;27;QUINTINO CUNHA;EEMTI MARIA JOSÉ SANTOS FERREIRA GOMES (CERE);RUA DONA LUCIA PINHEIRO, 93
FORTALEZA;94;839;ANTÔNIO BEZERRA;COLEGIO JULIA FIALHO;RUA JOSE ACIOLY 73
BARBALHA;31;162;MATA DOS DUDAS;EMEIF NAZINHA GARCIA SAMPAIO (SÍTIO MATA DOS DUDAS);RUA GEANE NÓBREGA DE ARAÚJO SARAIVA, S/N  (7.27423 S, 39.31956 W)
FORTALEZA;83;133;JÓQUEI CLUBE;ESCOLA MUNICIPAL PRESIDENTE KENNEDY;AV. LINEU MACHADO 811
PACUJÁ;79;194;BOM GOSTO;E.E.I.F. VALFRIDO SALMITO DE ALMEIDA;SÍTIO BOM GOSTO, S/N
FORTALEZA;3;154;CENTRO;EM NOSSA SENHORA APARECIDA;RUA TERESA CRISTINA, 112
GUARACIABA DO NORTE;74;111;DISTRITO;ESCOLA MUNICIPAL DE SAO FELIX;SAO FELIX
MOMBAÇA;46;41;TEJUBANA;ESCOLA DE ENSINO FUNDAMENTAL ANTONIO SOARES;AV. ANTONIO NONATO DE CARVALHO
FORTALEZA;94;6;QUINTINO CUNHA;CENTRO COMUNITARIO CONJUNTO SAO FRANCISCO;RUA ILHA DO BOTE 367
JUAZEIRO DO NORTE;119;384;JOAO CABRAL;ESCOLA LILI NERY;RUA PADRE ALCANTARA, 1000
JARDIM;119;326;JARDIM MIRIM;ESCOLA MONSENHOR ALCANTARA;DISTRITO DE JARDIM MIRIM
CANINDÉ;33;325;ZONA RURAL;EMEF PEDRO ALVES SAMPAIO;LOCALIDADE DE SANTA LUZIA II
FORTALEZA;94;895;PADRE ANDRADE;EEMTI MONSENHOR DOURADO;AVENIDA SARGENTO HERMÍNIO SAMPAIO 4600
GRANJA;25;97;SANTA TEREZINHA;E.E.F. FRANCISCA FONTENELE SOUSA BATISTA;RUA DONA MARIA SOUSA, S/N
PEDRA BRANCA;59;72;SEDE;EEIF CICERO BARBOSA MACIEL;SITIO SANTA RITA
MOMBAÇA;46;145;CENTRO;E. E. F. M. ANANIAS DO AMARAL VIEIRA;RUA CORONEL JOSÉ ADERALDO SN
TURURU;17;634;ALTO DA PAZ;EMEF CECILIA SIQUEIRA;AV JOAO PATRICIO 583
CAUCAIA;37;534;TABAPUÁ;E.E.I.E.F. ROBERTO JOSÉ BASTOS MACAMBIRA;RUA 7, S/N - TABAPUÁ
CAUCAIA;37;217;IPARANA;E.E.F. ERBE TEIXEIRA FIRMEZA;AV. ULISSES GUIMARAES, S/N
PACAJUS;49;207;DOM BOSCO;EEF VEREADOR JOAQUIM TAVARES BRAGA;LOCALIDADE DOM BOSCO
VÁRZEA ALEGRE;62;114;DISTRITO DE NARANIU;EEF JOAQUIM ANTONIO DE ARAÚJO;SÍTIO MUNDO NOVO
QUIXERAMOBIM;11;151;NENELANDIA;CAPELA IMACULADA CONCEIÇÃO;RIACHO DA ROCA
QUIXERAMOBIM;11;86;SAO MIGUEL;ESCOLA HORACIO XAVIER DO COUTO;VARZEA GRANDE
MARACANAÚ;104;440;JEREISSATI II;EEEP GOVERNADOR LUIZ GONZAGA DA FONSECA MOTA;AVENIDA X, S/N
FORTALEZA;112;574;ENGENHEIRO LUCIANO CAVALCANTE;COLEGIO GLOBOMAX;RUA GENERAL CAIADO DE CASTRO, 156
FORTALEZA;83;91;HENRIQUE JORGE;EEM  MARIANO MARTINS;AVENIDA SENADOR FERNANDES TÁVORA 1445
MARANGUAPE;4;596;NOVO PARQUE IRACEMA - MARANGUAPE;EMEF NILO PINHEIRO CAMPELO;RUA NILO CAMPELO, 48
CAPISTRANO;105;8;CENTRO;ESCOLA DE ENSINO FUNDAMENTAL FERNANDO CAVALCANTE MOTA;RUA JOSE SARAIVA SOBRINHO  S/N
SOBRAL;24;243;JORDÃO;EEFI JOSE INACIO GOMES PARENTE;RUA ONOFRE GOMES DE OLIVEIRA
CRATO;27;259;DOM QUINTINO;CENTRO DE EDUCAÇÃO INFANTIL RAIMUNDO DE SOUSA SOBRINHO;RUA BOA VISTA, 252
FORTALEZA;118;119;PASSARÉ;COLÉGIO LIRA COUTINHO;RUA BELOS PORTOS, 453
MARACANAÚ;122;43;ALTO ALEGRE I;EMEF PROFESSORA MARIA DE LOURDES DA SILVA;RUA 14 N 800 QUADRA 236
JUCÁS;43;222;ALTO DO TÓ - SEDE;CENTRO EDUCACIONAL JUCAENSE - CEJUC;RUA JOSÉ GERSON DUARTE, S/N
CARIDADE;111;80;SAO DOMINGOS;EEI FRANCISCO DE MOURA BARROS;RUA VICENTE DE PAULA FONSECA, S/N, SAO DOMINGOS
RERIUTABA;79;88;SASSÁ;E.E.I.F. MANOEL HONORATO;SÍTIO SASSÁ - ZONA RURAL
MARACANAÚ;122;159;PIRATININGA;EMEF - ELIAN DE AGUIAR MENDES;RUA AMAZONAS 01
FORTALEZA;95;234;CONJUNTO PALMEIRAS;CEI MARIA DO SOCORRO FERREIRA VIRINO;RUA VALPARAÍSO, 339
CEDRO;13;444;CENTRO;ESCOLA DE ENS FUND SAO JOAO BATISTA;RUA SENADOR JOAO TOME N 70
SENADOR POMPEU;12;49;CENTRO;CÂMARA MUNICIPAL DE SENADOR POMPEU;RUA PROFESSOR CAVALCANTE, 635
IPU;21;157;DISTRITO;E.M.E.F. JOAO DE PAULA BELEM;ENGENHO DOS BELEM
FORTALEZA;80;198;AEROLÂNDIA;EEFM PROFª  MARIA CONCEICÃO PORFÍRIO TELES;RUA MONTE CRISTO, 177
AMONTADA;89;129;ICARAÍ;EEBTI MARIA ALVES SOBRINHA;PRAÇA DA MATRIZ
UBAJARA;73;141;DISTRITO JABURUNA;ESCOLA LUIZ RIBEIRO DA SILVA;DISTRITO JABURUNA
TAUÁ;19;133;CARRAPATEIRAS;ESCOLA FRANCISCO FERREIRA DE SOUSA;OLHO DAGUINHA
CASCAVEL;7;175;RIO NOVO;E.E.B. DEPUTADO RAIMUNDO QUEIROZ;AV JOAO DAMASCENO FONTENELE, 3233
FORTALEZA;95;244;JANGURUSSU;EMEIEF TAÍS MARIA BEZERRA NOGUEIRA;AV. GOVERNADOR LEONEL BRIZOLA, 710
FORTALEZA;80;167;TAUAPE;COLÉGIO MONSENHOR JOVINIANO BARRETO;RUA FREI VIDAL 1621
MULUNGU;5;124;CENTRO-SEDE;EMEF HERMENEGILDO ROCHA PONTES;RUA SANTA INES S/N
ARACATI;8;66;PEDRA REDONDA;E.E.F. JOAO MACIEL DE SANTANA;PEDRA REDONDA
BREJO SANTO;70;243;SITIO LAGOA DA VACA;POSTO DE SAUDE ANTONIO MIGUEL DE SOUSA;SITIO LAGOA DA VACA
SOBRAL;121;321;PEDRINHAS;ESCOLA MARIA DO CARMO ANDRADE;PRAÇA DR. JOSE EUCLIDES FERREIRA GOMES JUNIOR, S/N
MORADA NOVA;47;131;2 DE AGOSTO;CEI MARIA ROSALINA LOPES;RUA PEDRO COUTINHO DA SILVA
MORADA NOVA;47;213;BOA AGUA;EEB JOSE JOAQUIM DOS SANTOS;ASSENTAMENTO TERRA NOVA
FORTALEZA;95;85;BARROSO;EEFM PADRE MARCELINO CHAMPAGNAT;RUA DAURA, 120
FORTALEZA;112;454;EDSON QUEIROZ;UNIVERSIDADE DE FORTALEZA - UNIFOR;AVENIDA WASHINGTON SOARES, 1321
PENTECOSTE;50;211;GOMES DA SILVA;EEFM ETELVINA GOMES BEZERRA;RUA DEPUTADO JOSÉ GOMES DA SILVA, 322
MORRINHOS;44;188;FAZENDA PRENSA;EMEI MARIA SOCORRO MONTEIRO;FAZENDA PRENSA
PINDORETAMA;7;196;SITIO EMA - PINDORETAMA;EMEB RAIMUNDA ALBANO DE LIMA;RUA LUIZ GONZAGA DA SILVA, S/N, SITIO EMA
SENADOR POMPEU;12;115;BONFIM;ASSOCIAÇÃO COMUNITÁRIA SÍTIO LIMA DOS MARCELINOS;SÍTIO LIMA DOS MARCELINOS
SOBRAL;121;116;CENTRO;CENTRO DE INOVAÇÃO CADEIA CRIATIVA DE SOBRAL;RUA DESEMBARGADOR MOREIRA 1030
RUSSAS;9;265;ZONA RURAL;CENTRO COMUNITÁRIO PEDRO MAIA ROCHA;LOCALIDADE CARAÚBAS
ARACATI;8;272;QUIXABA;E.E.F. HERIBERTO PORTO;PRAIA DE QUIXABA
QUIXELÔ;13;163;ÁREA RURAL DE QUIXELÔ;ESCOLA DE ENS. FUND. JOSÉ GOMES DA SILVA;SÍTIO LAGOA REDONDA II
BARRO;92;70;TRAJANO NOGUEIRA-SEDE;ESCOLA MUNICIPAL DE ENSINO FUNDAMENTAL GILBERTO LEITE DE AQUINO;RUA TRAJANO NOGUEIRA SN
MONSENHOR TABOSA;61;160;SANTANA;ESCOLA DE ENSINO MÉDIO PROFISSIONAL DO CAMPO FLORESTAN FERNANDES;POVOADO DE SANTANA
TIANGUÁ;81;315;SANTO ANTÔNIO;LICEU DE TIANGUÁ - JOSE NI MOREIRA;RUA ZENI, 12 - SANTO ANTONIO
CARIÚS;43;197;ESPLANADA-SEDE;EEF MARIA SOTER PEREIRA;RUA RAUL NOGUEIRA II, S/N
BARREIRA;52;199;CENTRO;ESCOLA FRANCISCA AMÉLIA DA SILVA;AV MÃE SINFOROSA, SN
TAUÁ;19;234;SANTA TEREZA;ESCOLA MARIA CEFISA BONFIM GOMES;CONFIANCA
QUITERIANÓPOLIS;99;126;ZONA RURAL;EEIF MANOEL RODRIGUES DO NASCIMENTO;SANTA MARIA
IGUATU;13;412;BARRO ALTO;ESCOLA DE ENS FUND SAO SEBASTIAO;BARRO ALTO
CAMPOS SALES;38;62;B. CENTRO;E.E.E.M.T.I - MARIA DOLORES ARRAIS - (GRUPINHO);TRAVESSA VICENTE ALEXANDRINO DE ALENCAR,297
IRACEMA;86;108;CENTRO;E.E.F.M. DEP JOAQUIM DE  FIGUEIREDO CORREIA;RUA ANTONIO HOLANDA MORAES, 136
FORTALEZA;116;189;GRANJA PORTUGAL;EM EDUCADOR PAULO FREIRE;RUA CORONEL FABRICIANO 452
JAGUARUANA;75;18;CENTRO;E.E.F. EDITH MOREIRA BARRETO;RUA CEL. RAIMUNDO FRANCISCO, 1389
FORTALEZA;85;269;AUTRAN NUNES;EMEIF DOLORES ALCANTARA;RUA CARDEAL ARCOVERDE S/N
IGUATU;13;308;GADELHA;IGREJA DE SÃO JOSÉ DO SÍTIO SÃO JOSÉ DO BRAVO;SÃO JOSE DO BRAVO
CAUCAIA;123;353;MARECHAL RONDON (JUREMA);E.E.I.E.F. ECONOMISTA RUBENS VAZ DA COSTA;AVENIDA NOVO HORIZONTE, S/N
GRANJA;25;229;AGROVILA DO ITAÚNA;E.E.F ANA FRANCISCA DA CONCEIÇÃO;AGROVILA DO ITAÚNA
NOVO ORIENTE;99;71;CENTRO;EEB DR. ANTONIO EUFRASINO NETO;RUA LUIZ BEZERRA, S/N
PACATUBA;57;112;ÁREA RURAL DE PACATUBA;EEIEF FIRMINO DE ABREU;RUA DA IGREJA, 299, DISTRITO ALTO FECHADO
SÃO GONÇALO DO AMARANTE;36;74;SALGADO DOS MOREIRAS;ESCOLA DE ENSINO FUNDAMENTAL JOAO MOREIRA BARROSO;SALGADO DOS MOREIRAS
PENTECOSTE;50;201;ZONA RURAL;ASSOCIAÇÃO COMUNITÁRIA DE PEDRA BRANCA TERRA;PEDRA BRANCA TERRA
CARIDADE;111;70;CENTRO;EEFM CASEMIRO BEZERRA DE ARAUJO;RUA CEL FRANCISCO LINHARES 496
FORTIM;8;95;CAMPESTRE;EEIFTI. MAURO BONOTTO;CAMPESTRE
FORTALEZA;94;944;VILA VELHA;COLÉGIO CIENTISTA;RUA 31, 330 - CONJUNTO POLAR
AURORA;69;56;PADRE MORORO-SEDE;E.E.I.F. ANTONIO LANDIM DE MACEDO;PADRE MORORO S/N
LIMOEIRO DO NORTE;29;198;LUIZ ALVES DE FREITAS;EEEP LÚCIA BALTAZAR COSTA;RUA GONÇALVES PEREIRA, S/N, ESTRADA DE FLORES
FORTALEZA;83;721;JÓQUEI CLUBE;COLÉGIO LUCÊ;RUA CUIABA 155
FORTALEZA;118;652;SERRINHA;COLÉGIO SAGRADA FAMÍLIA;RUA MADRE ELISA BALDO, 331
MARTINÓPOLE;25;66;ALTO SÃO FRANCISCO;E.E.F. MARINA XIMENES (ANTIGO FLORENCIO BATISTA);CONJUNTO CONCEIÇÃO FONTENELE
VIÇOSA DO CEARÁ;35;175;ZONA RURAL;E.E.F NOSSA SENHORA DAS GRAÇAS;SITIO LAGOA SECA
MIRAÍMA;89;257;POÇO DA ONÇA;EEB MANOEL DE PENHA VERAS;ASSENTAMENTO PEDRA BRANCA
MISSÃO VELHA;16;69;DISTRITO DE JAMACARU;EEF MARIA FECHINE DE ALENCAR;RUA FRANCISCO RODRIGUES DA CRUZ S/N
PARACURU;109;4;LAGOA;C.E.I. FRANCISCA DOS SANTOS BARROSO;RUA SABINO PIO DE MENEZES, 407
OCARA;67;191;CURUPIRA-DISTRITO;ESCOLA MUNICIPAL LUIS NICOLAU PEREIRA - ENSINO FUNDAMENTAL;VILA NOVA
OCARA;67;198;SERENO DE CIMA-DISTRITO;ESCOLA MUNICIPAL JOSE PEREIRA DE SOUSA - ENSINO FUNDAMENTAL;ESTRADA DO ALGODAO - PLACA JOSE PEREIRA
FORTALEZA;113;355;MONTESE;COLÉGIO AGNUS;RUA TEODORICO BARROSO, 827
JUAZEIRO DO NORTE;28;169;AREA RURAL DE JUAZEIRO DO NORTE;EMEF RAIMUNDO PESSOA;SITIO GAVIAO
SÃO BENEDITO;22;172;INHUCU;EE BASICO DEP TOMAZ BRANDAO;R SANTOS DUMONT S/N
MERUOCA;24;567;Centro;PREFEITURA MUNICIPAL DE MERUOCA;AV PEDRO SAMPAIO, SN
PIRES FERREIRA;21;37;SEDE;E.E.F.M. FRANCISCO SOARES DE OLIVEIRA;RUA 22 DE MAIO, SN
FORTALEZA;85;249;CONJUNTO CEARÁ I;EEM PROF JOSE MARIA CAMPOS DE OLIVEIRA - UV 8;RUA 820 S/N - 3 ETAPA
FORTALEZA;93;246;PREFEITO JOSÉ WALTER;COLÉGIO SILVIA HELENA NOGUEIRA;RUA 62, 140 - III ETAPA
FORTALEZA;94;600;VILA VELHA;EMEIF HERONDINA LIMA CAVALCANTE;AV. AMBIENTALISTA ARY THIERS, 310
TEJUÇUOCA;41;133;CENTRO-SEDE;ESCOLA MUNICIPAL SAO PEDRO;RUA JOSE BARROSO VALENTE SN
PINDORETAMA;7;182;CAPONGA FUNDA - PINDORETAMA;EMEB AURELINA FALCÃO DA SILVA;AV. PEDRO FERREIRA DO NASCIMENTO, 1057
FORTALEZA;117;368;SIQUEIRA;COLÉGIO VIDA VIVA;RUA JOSÉ MARIA, 100
CAUCAIA;37;237;PARQUE SOLEDADE;COLEGIO JANUSA CORREA;RUA NOSSA SENHORA DOS PRAZERES, 238
FORTALEZA;116;88;GRANJA PORTUGAL;EM CREUSA DO CARMO ROCHA;RUA DUAS NACOES 1055
ITAPAJÉ;41;33;ACUDE-SEDE;E.M.E.F FRANCISCO EUDES MAGALHAES;R. FAUSTO PINHEIRO, 530
FORTALEZA;83;173;JÓQUEI CLUBE;ESCOLA PEQUENO PRINCIPE;RUA SILVEIRA FILHO, 825
MORADA NOVA;47;70;ARUARU;EEB PROFESSORA JOANA PAULA DE MORAIS;AVENIDA ERNESTO GEISEL
QUITERIANÓPOLIS;99;104;ZONA RURAL;EEIF ANÍZIO FROTA;DISTRITO SAO FRANCISCO
FORTALEZA;95;314;JANGURUSSU;EMEIF JORNALISTA JOSÉ BLANCHARD GIRÃO DA SILVA;TRAVESSA MISSIONÁRIO OLIVEIRA,301
ARACATI;8;185;ALTO DA CHEIA;E.E.F. ADOLFO CAMINHA;RUA B, S/N. COHAB
AMONTADA;89;157;NASCENTE;EEBTI RAIMUNDO GOMES GARCEZ;NASCENTE
SÃO BENEDITO;22;49;INHUCU;EE BASICO DEP TOMAZ BRANDAO;R SANTOS DUMONT S/N
ICÓ;15;116;VARZINHA - SITIO;ESCOLA MUNICIPAL PADRE JOÃO BANDEIRA ACIOLI;SITIO VARZINHA S/N
CAPISTRANO;105;29;ZONA RURAL;ESCOLA DE ENSINO FUNDAMENTAL JOSE CAVALCANTE ROMANO;MAZAGAO II
AURORA;69;25;ARACA-SEDE;E.E.F.P. LEOPOLDINA GONÇALVES QUEZADO;RUA MARICA LEITE,285
ITAPIPOCA;17;349;ARAPARI;EEB JOSE FRANCISCO SOARES;ESCALVADO
ITAREMA;98;218;ZONA RURAL;EMEF JÚLIO JOSÉ DE MOURA;LAGOA DOS NEGROS
HORIZONTE;78;344;ALTO DA ESTRELA;EMEF MARIA TEODORA EVANGELISTA ;RUA MILTON FIGUEIREDO, 290
FORTALEZA;114;204;PRESIDENTE KENNEDY;EMTI PROFESSOR JOAQUIM FRANCISCO DE SOUSA FILHO;RUA JOAQUIM MARQUES, 13
FORTALEZA;115;166;MONTESE;EEMTI JOAO MATTOS;RUA ALMIRANTE RUBIM, 1014
FORTALEZA;115;456;MANOEL SÁTIRO;EM HENRIQUETA GALENO;RUA MAJOR MONTENEGRO 917
JAGUARIBARA;72;50;CENTRO;E.E.M LICEU JOSE FURTADO DE MACEDO;AV. MARLINDA ELÓI, 389
IBICUITINGA;47;53;CENTRO;EEB ENEAS FERREIRA NOBRE;RUA CAPITAO MANOEL ANTONIO 2180
HORIZONTE;78;104;DOURADO;EMEF MARINA FERREIRA DE ALMEIDA;RUA DONA SINHÁ, 159
SOBRAL;121;271;SALGADO DOS MACHADOS;ESCOLA RAIMUNDO NONATO DE SALES;RUA INÁCIO MACHADO DA PONTE
SENADOR POMPEU;12;55;CENTRO;EEFTI MOREIRA CAMPOS;RUA ADERALDO MANO, S/N
HORIZONTE;78;113;ZUMBI;EMEF JOSE EDUARDO DE SOUSA;RUA MARIA LUIZA NORONHA - 405
MARACANAÚ;104;76;TIMBÓ;EMEF DR. JOSÉ DE BORBA VASCONCELOS;AVENIDA TIMBÓ, 808
JAGUARETAMA;72;71;CENTRO;EMEF 29 DE AGOSTO - PROFª MARIA ELIELZA PINHEIRO GUERRA;RUA TRISTAO GONCALVES 380
MORADA NOVA;47;18;CENTRO;CENTRO EDUCACIONAL MONSENHOR TABOSA;AV. MANOEL CASTRO, 440
AQUIRAZ;66;215;NOVO IGUAPE;EMEF JOSE ALMIR DA SILVA;AV SAO JOAO S/N
JIJOCA DE JERICOACOARA;30;92;ZONA RURAL;ESCOLA FRANCISCO RAIMUNDO DUTRA;CORREGO DO URUBU
JIJOCA DE JERICOACOARA;30;111;CENTRO;ESCOLA JOSE TEIXEIRA DE ALBUQUERQUE;RUA MARCAL DE SOUSA 851
CAUCAIA;37;490;PARQUE LEBLON;EEIEF PEDRO LAURINO DE OLIVEIRA;RUA FILGUEIRAS SAMPAIO, S/N
FORTALEZA;115;115;PARANGABA;EMTI CAROLINO SUCUPIRA;RUA MUNDICA PAULA, 670
FORTALEZA;93;274;PREFEITO JOSÉ WALTER;CENTRO DE INCLUSÃO TECNOLÓGICA E SOCIAL - CITS JOSÉ WALTER;AV. K, 330, SEGUNDA ETAPA
SOBRAL;24;327;JOSÉ EUCLIDES;EEM MINISTRO JARBAS PASSARINHO;AVENIDA JOHN SANFORD, S/N
SOBRAL;24;616;JAIBARAS;EEFI PEDRO JUSTINO (MARACAJÁ - JAIBARAS);FAZENDA MARACAJÁ
ARACOIABA;67;96;MILTON BELO-DISTRITO;ESCOLA MUNICIPAL EMILIA RAMOS;FURNAS
FORTALEZA;112;329;JARDIM DAS OLIVEIRAS;EEFM D. LUIZA TÁVORA - PRÓ MORAR;RUA FREI CANECA, 379
ACARAÚ;30;358;ZONA RURAL;ESCOLA MANOEL DANIEL DA SILVEIRA;MIRINDIBA II
NOVA RUSSAS;48;7;UNIVERSIDADE;COLÉGIO MUNICIPAL ONZE DE NOVEMBRO;AV. JOÃO GREGÓRIO TIMBÓ
ACOPIARA;60;157;TRUSSU;EEF MARIA ADELINA DE OLIVEIRA;SITIO LOGRADOURO
VÁRZEA ALEGRE;62;133;VARJOTA;EEF ORMECINDA SIEBRA LEITE;RUA ITALO PROTO DE MORAIS, 135
CRATEÚS;20;182;SÃO JOSÉ;ESCOLA DE CIDADANIA PROFA. CARLOTA COLARES DA PENHA OLIVEIRA;RUA FREI VIDAL DA PENHA, S/N
ITAITINGA;78;302;PARQUE SANTO ANTONIO;EEF PROFESSORA LAURA DA COSTA LIMA;RUA FRANCISCO ALVES DE FRANÇA, 486
ACOPIARA;60;53;DISTRITO SANTA FELICIA;EEF SEBASTIAO MANDU DE LIMA;SITIO CATINGUEIRA
COREAÚ;64;74;Araquém;ARAQUÉM - ESCOLA ESTADUAL Mª MENEZES CRISTINO;CE 240, KM 77 - DISTRITO DE ARAQUÉM, COREAÚ/CE
CRATO;27;148;PONTA DA SERRA;EEIEF PROF. JOSÉ BIZERRA DE BRITTO;RUA BERNARDO VIEIRA S/N
CRATEÚS;20;60;CIDADE NOVA;CENTRO DE ATENCAO INTEGRAL A CRIANCA E AO ADOLESCENTE (CAIC);RUA DO CRUZEIRO, SN
ALTANEIRA;53;1;CENTRO;EMEF JOAQUIM RUFINO DE OLIVEIRA;RUA PADRE AGAMENON COELHO, 202
HORIZONTE;78;161;DIADEMA;EMEF PROFESSORA DIONE MARIA BEZERRA PESSOA;RUA FRANCISCO ONOFRE DE ASSIS, 365, DIADEMA
SENADOR POMPEU;12;121;SAO JOAQUIM;CAPELA SANTA LUZIA;SÍTIO RIACHO DO MEIO
FORTALEZA;2;672;MESSEJANA;EM JOSEFA BARROS DE ALENCAR;RUA DOUTOR JOAQUIM BENTO 590
FORTALEZA;114;340;BARRA DO CEARÁ;EM AGOSTINHO MOREIRA E SILVA;RUA PERI, 20
FORTALEZA;115;398;PARANGABA;EM CLÁUDIO MARTINS;RUA MUNDICA PAULA, 628
FORTALEZA;116;419;BONSUCESSO;EM MARIA DO SOCORRO ALVES CARNEIRO;RUA LUIS VIEIRA 1020
FORTALEZA;1;662;VICENTE PINZON;CIES AIDA SANTOS;AVENIDA TRAJANO DE MEDEIROS  813
ITAPIPOCA;17;755;NOVA ALDEOTA;EEB DR PÉRICLES FERNANDES TEIXEIRA;RUA CAIO PRADO, 3069
ITAPIPOCA;17;723;DESERTO;EEB MANOEL RODRIGUES SOBRINHO;RUA MANOEL RODRIGUES SOBRINHO, SN
IBICUITINGA;47;245;CANINDEZINHO;EEB ANTÔNIO CELESTINO DE MENDONÇA;PEDRA BRANCA
FORTALEZA;93;258;PREFEITO JOSÉ WALTER;EM FRANCISCO NUNES CAVALCANTE;RUA POETA MÁRIO LINHARES, 561
FORTALEZA;1;137;CIDADE 2000;ESCOLA ESTADUAL ARQUITETO ROGERIO FROES;AVENIDA DAS GRAVIOLAS 1000
IRACEMA;86;115;CAMPO;E.E.F. JOAQUIM DE HOLANDA CAMPELO;RUA ARCINDO DE HOLANDA NEGREIRO, 130
ITAITINGA;78;404;ANCURI;EEF FRANCISCA DE MORAIS FERRER;RUA PARQUE DAS FLORES, 500
TAMBORIL;61;26;DISTRITO DE HOLANDA;EMTI FRANCISCO DE ASSIS GOMES RUFINO;RUA FRANCISCO DE ASSIS GOMES RUFINO
MORAÚJO;64;113;VÁRZEA DA VOLTA;VÁRZEA DA VOLTA - ESCOLA M. ANTº BENÍCIO DE VASCONCELOS;DISTRITO VÁRZEA DA VOLTA
QUIXADÁ;6;480;VÁRZEA DA ONÇA;EEF MARIA MAIA DE FREITAS;VÁRZEA DA ONÇA, S/N
RERIUTABA;79;4;PRAÇA DA ESTAÇÃO;CRAS - CENTRO DE REFERÊNCIA DE ASSISTÊNCIA SOCIAL;RUA CEL JOSÉ TEODORO, S/N - CENTRO
CARIRIAÇU;71;127;MIRAGEM;EEF LUIZ FERREIRA LINS;SITIO CRUZ
CAMPOS SALES;38;118;DIST.  DE CARMELÓPOLIS;E.E.I.F OSSEAN ALENCAR ARARIPE - DIST. DE CARMELÓPOLIS;RUA VIRGÍLIO GOMES, 139
PIRES FERREIRA;21;149;DISTRITO;E.E.F. JOAQUIM GOMES DE LIMA;SERROTA DOS CARNEIROS
SOBRAL;24;530;JOSÉ EUCLIDES;CENTRO DE CIÊNCIAS HUMANAS - CCH - UVA;AV. JOHN SANFORD, 1845
MAURITI;76;160;BURITIZINHO-DISTRITO;SINDICATO DOS TRABALHADORES RURAIS DO DISTRITO DE BURITIZINHO;RUA JOÃO LUCAS, 103
BELA CRUZ;96;200;CENTRO-SEDE;SEC. MUNICIPAL DE EDUCAÇÃO ;RUA CEL. DUCA DA SILVEIRA
ARATUBA;105;77;CENTRO-SEDE;EEF PROFESSORA MARIA JULIA PEREIRA BATISTA;RUA TARGINO GOES S/N
PIQUET CARNEIRO;12;32;CENTRO;SECRETARIA MUNICIPAL DE EDUCAÇÃO, CULTURA E DESPORTO;RUA ALUÍZIO SARAIVA, N. 22
FORTALEZA;3;510;CENTRO;CENTRO DE PASTORAL MARIA, MÃE DA IGREJA;RUA RODRIGUES JÚNIOR, 300
PEREIRO;10;127;CENTRO;ESCOLA MUNICIPAL CLEONICE FREIRE DE QUEIROZ;RUA NEL QUEIROZ  257
ITAPIPOCA;17;281;ÁREA RURAL DE ITAPIPOCA;EEB PEDRO ALVES TEIXEIRA;GUARANI
IGUATU;13;119;SUASSURANA;ESCOLA DE ENS FUND MARIA IRISMAR MORENO MATOS;VILA SUASSURANA
PACATUBA;57;252;ÁREA RURAL DE PACATUBA;EEIEF FIRMINO DE ABREU;RUA DA IGREJA, 299, DISTRITO ALTO FECHADO
CAMOCIM;32;178;ZONA RURAL;EEF DOM FREI FRANCISCO TIMOTEO - TORTA;LOCALIDADE DE TORTA
FORTALEZA;118;686;PASSARÉ;EEMTI INTEGRADA 2 DE MAIO;AVENIDA DA SAUDADE, S/N
PIQUET CARNEIRO;12;143;IBICUA;UNIDADE BÁSICA DE SAÚDE EUFRAZINA PINHEIRO COSTA (ANTIGA POLICLÍNICA);RUA MUNDALVA PINHEIRO, S/N
FORTALEZA;3;19;CENTRO;COLÉGIO 7 DE SETEMBRO (SEDE NGS);AV. DO IMPERADOR, 1330
BOA VIAGEM;63;208;IPU;EEF JOSE LINO DE SOUZA;IPU-SEDE
BARBALHA;31;180;BETÂNIA;EMEIF MARECHAL RONDON (SÍTIO BETÂNIA);SITIO BETANIA, S/N (7.46264 S, 39.43068 W)
COREAÚ;64;136;Alto do Limoeiro;COREAÚ - ESCOLA MUN. ALTO DO LIMOEIRO;ALTO DO LIMOEIRO
FORTALEZA;3;388;MEIRELES;CÍRCULO MILITAR DE FORTALEZA;RUA CANUTO DE AGUIAR, 425
TARRAFAS;18;31;CENTRO;ESCOLA DE 1 E 2 GRAUS DONA EMILIA FERREIRA DE OLIVEIRA;AV MARIA LUIZA LEITE SANTOS  S/N
CAMPOS SALES;38;36;B. CENTRO;E.E.I.F JOÃO XXIII - SEDE;TRAVESSA JOÃO XXIII, 205
FORTALEZA;3;579;MEIRELES;ESCOLA DE SAÚDE PÚBLICA DO CEARÁ;AV. ANTÔNIO JUSTA, 3161
GRANJEIRO;62;167;NOVO GRANJEIRO;EEF HONÓRIO FELICIANO DE AQUINO;AV. FRANCISCO MONTEIRO, S/N
PEDRA BRANCA;59;2;SANTA URSULA;E.E.F. ESCOLA BENICIO VIEIRA CAVALCANTE;AV SABINO VIEIRA CAVALCANTE 176
ARACATI;8;211;CENTRO;E.E.M.T.I. BARAO DE ARACATI;PRAÇA DOS PRAZERES, 82
MOMBAÇA;46;16;CENTRO;SALÃO PAROQUIAL;RUA PADRE PEDRO LEÃO, S/N
EUSÉBIO;88;268;LAGOINHA;ESCOLA Mª DE FÁTIMA FAÇANHA SILVEIRA (LAGOINHA);RUA SÃO MIGUEL, 327 - LAGOINHA
MOMBAÇA;46;80;VICENTE;ESCOLA DE ENSINO FUNDAMENTAL JOAQUIM ALVES DA CUNHA;VICENTE
BELA CRUZ;96;51;CAJUEIRINHO-LOCALIDADE;EMETI JOSE BATISTA DA ROCHA;CAJUEIRINHO
LAVRAS DA MANGABEIRA;14;61;CENTRO - SEDE;EEMTI FILGUEIRAS LIMA;RUA HILDA AUGUSTO, 429, ROSÁRIO
CRATEÚS;20;207;SÃO VICENTE;CENTRO ADMINISTRATIVO DA PREFEITURA DE CRATEÚS;RUA CEL TOTO, SN
UBAJARA;73;117;CENTRO;COLEGIO IET UBAJARA;RUA 13 DE MAIO
ITAREMA;98;191;LAGOA SECA;EEEP PROFESSORA ROSÂNGELA ALBUQUERQUE DE COUTO;RUA DAS INDUSTRIAS, SN
VIÇOSA DO CEARÁ;35;152;GENERAL TIBURCIO;E.E.F FRANCISCO VIEIRA JUNIOR;VILA GENERAL TIBURCIO
ITAPIPOCA;17;30;CRUZEIRO;EEB PROFESSOR PEDRO TEIXEIRA BARROSO;RUA ANTONIO BARROSO NETO S/N
ITAITINGA;78;257;CARACANGA;EEF MANOEL RODRIGUES DE PAIVA;AV. PAULINO ROCHA, 6120
CRATEÚS;20;70;ALTAMIRA;ESCOLA TECNICA DE COMERCIO PADRE JUVENCIO;RUA JOAO SOARES, 15
AURORA;69;37;INGAZEIRAS-DISTRITO;ESCOLA DE ENSINO FUNDAMENTAL ANTONIO TELES DE PONTES;RUA DO COMERCIO
CAUCAIA;123;293;PARQUE GUADALAJARA (JUREMA);E.E.I.E.F. DANILO DALMO DA ROCHA CORRÊA;RUA ACAPULCO, 1805 - PARQUE POTIRA II
PIQUET CARNEIRO;12;135;IBICUA;EMEF ANA CLARA DE MAGALHAES;RUA JOSÉ TEOTÔNIO, S/N
PACAJUS;49;397;LAGAMAR;EEF LUIZ FRANCISCO DE ASSIS;LAGAMAR
INDEPENDÊNCIA;39;8;CENTRO;CRECHE MARIA ALTAIR AMERICO SABOIA;RUA DO CRUZEIRO
IPAPORANGA;20;272;CENTRAL;ESCOLA DE EDUCAÇÃO INFANTIL PEQUENO PRÍNCIPE;RUA GABRIELRODRIGUES JÚNIOR, 101
CEDRO;13;459;LAGEDO;ESCOLA DE ENS FUND ANTONIO ALVES DOS SANTOS;DISTRITO DE LAGEDO
HIDROLÂNDIA;54;202;NOVA HIDROLÂNDIA;E. M. E. F. PREFEITO WALTER MARINHO;RUA CAJAZEIRAS, 261
FORTALEZA;115;109;PARANGABA;EM CLÁUDIO MARTINS;RUA MUNDICA PAULA, 628
CROATÁ;74;169;DISTRITO;ESCOLA MUNICIPAL DE ANDRADE;ANDRADE
IGUATU;13;265;CENTRO;ESCOLA DE ENSINO MÉDIO EM TEMPO INTEGRAL DE IGUATU;RUA GUILHERME DE OLIVEIRA, 842
FORTALEZA;1;391;VICENTE PINZON;CIES AIDA SANTOS;AVENIDA TRAJANO DE MEDEIROS  813
FORTALEZA;1;348;MUCURIPE;ESCOLA MUNICIPAL JOSE RAMOS TORRES DE MELO;AVENIDA DA ABOLIÇÃO 3984
CAUCAIA;120;325;PRIMAVERA;E.E.I.E.F. DOMINGOS ABREU BRASILEIRO;BR 222 - KM 30
ITAREMA;98;105;CENTRO;EMEF JOSE ANICETO SALES;RUA JOAO AMANCIO S/N
VIÇOSA DO CEARÁ;35;101;ZONA RURAL;E.E.F JOÃO PAULINO;DISTRITO DE PASSAGEM DA ONCA
MARACANAÚ;122;32;JARI;EMEF JOSÉ ASSIS DE OLIVEIRA(JARY);RUA PAULO AFONSO 4259
VIÇOSA DO CEARÁ;35;58;SITIO OLARIA;E.E.F REGINALDO CARNEIRO DA CUNHA;SITIO OLARIA
SOBRAL;24;394;JOSÉ EUCLIDES;EEM MINISTRO JARBAS PASSARINHO;AVENIDA JOHN SANFORD, S/N
CASCAVEL;7;131;CAPONGA;ESC.ENS.FUND. JOÃO CAMINHA DE OLIVEIRA;SITIO VACA MORTA
MARACANAÚ;122;114;OLHO D' AGUA;ASSOCIAÇÃO ANTONIO PRATA;SÍTIO OLHO D'AGUA DOS PRATA
CAUCAIA;123;465;ARATURI (JUREMA);E.E.I.E.F. MONSENHOR ANDRÉ VIANA CAMURÇA;RUA NW-5, 40
CRATO;27;375;MURITI;EEF PROF. JOSÉ DO VALE ARRAES FEITOSA;RUA VICENTE GREGÓRIO MARINHO, SN. N. SRA. DE FÁTIMA. BARRO BRANCO
CASCAVEL;7;13;BESSALANDIA;ESC.ENS.FUND. JULIA DE MELO;RUA GABRIEL GOMES BARBOSA
CASCAVEL;7;168;GUANACES;ESC.ENS.FUND. SÃO BENEDITO;CHORO UMARI -1
CAUCAIA;120;338;CAPUAN;E.E.F. JOSE ALEXANDRE;RUA DA LAGOA, 135
FORTALEZA;3;385;MEIRELES;CÍRCULO MILITAR DE FORTALEZA;RUA CANUTO DE AGUIAR, 425
EUSÉBIO;88;123;MANGABEIRA;EEM MANOEL FERREIRA DA SILVA;RUA ELIEZER PARRIAO, 105 - MANGABEIRA
MISSÃO VELHA;16;92;FREI DAMIÃO DE BOZZANO;EEFM MONSENHOR ANTONIO FEITOSA;AVENIDA CORONEL JOSÉ DANTAS, S/N
CRATO;27;323;PALMEIRAL;URCA - CURSO DE DIREITO;AVENIDA TEODORICO TELES, 745
VIÇOSA DO CEARÁ;35;122;SITIO DELGADA;E.E.F. FRANCISCO SALES RODRIGUES;SITIO DELGADA
AQUIRAZ;66;327;PATACAS;EMEF LEOLINA BATISTA RAMOS;AV JOSUE LEITE DE FREITAS S/N
VIÇOSA DO CEARÁ;35;70;CENTRO;E.E.M.T.I IRMA LINS;AVENIDA SEBASTIAO NOGUEIRA S/N
SÃO GONÇALO DO AMARANTE;36;40;CENTRO;ANEXO - ESCOLA DE ENSINO FUNDAMENTAL TASSO JEREISSATI;RUA PROFESSORA EDITE MOTA, 319
FORTALEZA;114;292;BARRA DO CEARÁ;EEFM ESTADO DE ALAGOAS;AVENIDA PRESIDENTE CASTELO BRANCO, 5244
FORTALEZA;2;132;MESSEJANA;EEM DEPUTADO PAULO BENEVIDES;RUA ANGELICA GURGEL, 186
CAMPOS SALES;38;38;DIST. DE ITAGUÁ;E.E.F.T.I  ANÂNIAS CUSTÓDIO ARRAIS - DIST. DE ITTAGUÁ;RUA ANÂNIAS CUSTÓDIO ARRAIS S/N
GUAIÚBA;57;349;ITACIMA;CENTRO EDUCACAO INFANTIL DEODORO VALENTIM MAIA;RUA GUILHERME PEREIRA SOUSA, S/N
UMIRIM;23;287;CENTRO-SEDE;E.E.F. MOCINHA GOMES DE SOUSA;RUA MAJOR SALES, 84
RERIUTABA;79;5;VILA NOVA;CRECHE VÓ SINHÁ;RUA JOÃO FURTADO FILHO, N 720
PARAMOTI;111;148;LOCALIDADE CANDEIA;EEF SÃO RAIMUNDO;LOCALIDADE CANDEIA
ITAIÇABA;75;11;CAMURIM;E.E.F.  JEOVA COSTA LIMA;CAMURIM
CAMOCIM;32;32;CENTRO;INSS;RUA DA INDEPENDÊNCIA, S/N
PACAJUS;49;181;ITAIPABA;CRECHE DEPUTADO JONAS CARLOS;ITAIPABA
JATI;70;365;CENTRO-SEDE;ESC ENS FUND PADRE MANOEL ALVES FEITOSA;RUA MANUEL LUIZ S/N
CASCAVEL;7;98;GUANACES;ESC.ENS.FUND. ABDON DANTAS DE ALMEIDA;RUA EUFRASIO DANTAS SN - CENTRO
ARNEIROZ;101;47;SANTA LUZIA;EEFM MARIA DOLORES PETROLA;RUA RAIMUNDO NONATO DE ARAÚJO, S/N
CAUCAIA;123;447;PARQUE GUADALAJARA (JUREMA);COLÉGIO PLENO DO CEARÁ - CPC;RUA PADRE ALFREDO NESI, 363 (ANTIGA RUA CAMPECHE )
HORIZONTE;78;388;QUEIMADAS;EMEF QUILOMBOLA OLIMPIO NOGUEIRA LOPES;RUA RAIMUNDO LOPES, 1083
CROATÁ;74;176;SEDE;ESCOLA DE EDUCACAO BASICA DOM TIMOTEO;RUA MANOEL BRAGA SN - CENTRO
CEDRO;13;431;CENTRO;COLEGIO ESTADUAL CELSO ARAUJO;RUA ZE PAJE, 241
ALTO SANTO;86;39;CENTRO;ESCOLA DE 1 E 2 GRAUS FRANCISCO NONATO FREIRE;AV EDSON GUERRA 667
CANINDÉ;33;503;ZONA RURAL;EEF CECÍLIA AGAPITO SOUSA;SÃO JOAQUIM
CRATO;27;340;PARQUE RECREIO;EEF ALDEGUNDES GOMES DE MATTOS;RUA JOÃO PEREIRA LUNA, 803
GUARACIABA DO NORTE;74;131;CENTRO;CENTRO PASTORAL NOSSA SENHORA DOS PRAZERES;R. CEL.CLÍNIO MEMÓRIA, 281 - CENTRO
FORTALEZA;114;120;ÁLVARO WEYNE;EMTI NOSSA SENHORA DE FÁTIMA (ANTIGA APOSTÓLICA/SEMINÁRIO);RUA SÍLVIO ROMERO 370
CRATO;27;208;GISÉLIA PINHEIRO;INSTITUTO FED. DE EDUCAÇÃO, CIÊNCIA E TECNOLOGIA - IFCE - CAMPUS CRATO;CE-292, S/N - KM 15
CRATO;27;87;SEMINÁRIO;EEMTI GOVERNADOR ADAUTO BEZERRA;RUA MARCOS MACEDO S/N
SÃO GONÇALO DO AMARANTE;36;270;ARAPIXI;ESCOLA DE ENSINO MÉDIO WALDEMAR ALCANTARA;RUA MAJOR JOÃO MARTINS
SÃO GONÇALO DO AMARANTE;36;323;SIUPE-DISTRITO;ESCOLA DE ENSINO FUNDAMENTAL DONA FILOMENA MARTINS;SIUPE
FORTALEZA;2;72;MESSEJANA;EEEP JOSE DE BARCELOS;RUA ANGELICA GURGEL 362
CAMPOS SALES;38;41;DIST. DE BARÃO DE AQUIRAZ;E.E.F.T.I - PRESIDENTE CASTELO BRANCO - DIST. DE BARÃO DE AQUIRAZ;RUA JUSTINO ROCHA, S/N
MOMBAÇA;46;33;CATOLE;ESCOLA DE ENSINO FUNDAMENTAL JOSÉ LIBERATO DE PÁDUA;CATOLE
LIMOEIRO DO NORTE;29;46;MONSENHOR OTÁVIO;INSTITUTO FEDERAL DE EDUCAÇÃO CIENTÍFICA E TECNOLÓGICA - IFCE;RUA ESTEVAM REMÍGIO 1145
ITAPIPOCA;17;78;ÁREA RURAL DE ITAPIPOCA;EEB FRANCISCO NELSON DE LAVOR;TABOCA
ALCÂNTARAS;24;683;SÍTIO SANTA BÁRBARA;EEFI MARIA DOS SANTOS MOREIRA;SÍTIO SANTA BÁRBARA
IBIAPINA;73;220;SÃO JOÃO;SINDICATO DOS SERVIDORES PÚBLICOS MUNICIPAIS DE IBIAPINA;AV. PREFEITO FRANCISCO LUIS DE SOUSA S/N
SENADOR POMPEU;12;94;SAO JOAQUIM;EEIEF ANTONIO JACOB FILHO;SAO JOAQUIM DE BAIXO
CAUCAIA;37;627;CURICACA;E.E.F. EDSON DA MOTA CORREA;ESTRADA VELHA DO ICARAI, KM 02
CRATEÚS;20;86;IRAPUA;POSTO DE SAUDE DE IRAPUA;IRAPUA
PEDRA BRANCA;59;137;MINEIROLANDIA;PSF DIONIZIO FRUTUOSO DUARTE;SITIO BREJO
ARARIPE;68;18;SITIO CAMPINA DE DENTRO;UBS - CAMPINA DE DENTRO;SITIO CAMPINA DE DENTRO
HORIZONTE;78;115;ZUMBI;EMEF JOSE EDUARDO DE SOUSA;RUA MARIA LUIZA NORONHA - 405
HORIZONTE;78;221;MANGUEIRAL;CEI - CLEONICE PIRES DE SOUSA;RUA BATURITÉ, N. 1971
SENADOR POMPEU;12;68;SAO JOAQUIM;ASSOCIAÇÃO DOS PEQUENOS PRODUTORES RURAIS DE SÃO MATEUS;SÍTIO SAO MATEUS
ASSARÉ;18;40;CENTRO;ESCOLA DE ENSINO FUNDAMENTAL RAUL ONOFRE;RUA PADRE EMILIO CABRAL SN     ASSARE
BREJO SANTO;70;413;SAO FRANCISCO-SEDE;CREDE 20;RUA GENESIO RICARTE, 637
PARAMOTI;111;126;CENTRO;EMEF PAULO SARASATE (ANTIGO CERU);AV. JOAQUIM FARIAS, 175
FORTALEZA;2;401;MESSEJANA;EEFM JOSE DE ALENCAR;RUA VENEZA, 84
COREAÚ;64;116;Araquém;ARAQUÉM - CEI SANTA RITA;DISTRITO DE ARAQUÉM, COREAÚ/CE
CRATO;27;357;GRANGEIRO;ASSOCIAÇÃO UNIDOS PRÓ-MELHORAMENTO DO SÍTIO COQUEIRO;SÍTIO COQUEIRO
NOVA RUSSAS;48;150;LAGOA DO NORTE;E. E. F. M.  SÃO SEBASTIÃO;LOCALIDADE DE MIRADE
MARACANAÚ;122;105;INDUSTRIAL;EMEF VINICIUS DE MORAIS;RUA N NO. 425 (ESPLANADA DO MONDUBIM)
MARACANAÚ;122;147;MUCUNA;EMEF MANOEL ROSEO LANDIM;RUA OSCAR FERREIRA DE BRITO, 161
MIRAÍMA;89;263;BROTAS;EEFM VICENTE ANTENOR FERREIRA GOMES;BROTAS
IRAUÇUBA;41;233;COITE;ESCOLA MUNICIPAL JULIO PINHEIRO BASTOS;COITE
ACOPIARA;60;17;CENTRO;UNIDADE BÁSICA DE SAÚDE DR. GENTIL DOMINGUES;RUA DR. TIBURCIO SOARES S/N
ARACOIABA;67;152;BOLANDEIRA-SEDE;ESCOLA MUNICIPAL OSVINO DE FREITAS PEREIRA;CE 060
FORTALEZA;114;307;BARRA DO CEARÁ;EMTI ALDEMIR MARTINS;AV. FRANCISCO SÁ, 7460
ITAPAJÉ;41;102;SANTA RITA-SEDE;E.E.M.T.I PROFª ESTEFÂNIA MATOS;RUA BENTO ÁVILA DE SOUSA, 101
FORTALEZA;2;678;MESSEJANA;ETI MARIA ODETE DA SILVA COLARES;RUA CEL JOÃO DE OLIVEIRA, 687
CRATO;27;177;PINTO MADEIRA;EEF DOM QUINTINO;RUA SÃO FRANCISCO S/N
UMIRIM;23;264;SAO JOAQUIM-DISTRITO;CENTRO DE REF. EM ASS. SOCIAL DE SÃO JOAQUIM - CRAS;AV. FELISBELA CAETANOS, S/N
CARNAUBAL;22;10;CENTRO;EEI HUMBERTO CASTELO BRANCO;R JACO FELICIO S/N
LIMOEIRO DO NORTE;29;42;CENTRO;EEM LAURO REBOUCAS DE OLIVEIRA;RUA DOS EXPEDICIONARIOS 2921
MARACANAÚ;104;195;JEREISSATI II;EMEIEF GENCIANO GUERREIRO DE BRITO;AVENIDA XII, N 3
ITAITINGA;78;363;PONTA DA SERRA;EEEP PROFESSOR FRANCISCO ARISTOTELES DE SOUSA;RUA BOA ESPERANÇA, S/N
BATURITÉ;5;6;CENTRO-SEDE;EMEF DOMINGOS SAVIO;AV DOM BOSCO, 393
CAUCAIA;120;449;CAMPO GRANDE;E.E.I.E.F. MARIA LUIZA DO VALE FORTE;RUA CÉLIO CÂNDIDO, S/N - BR 020 - KM 01 - CARRAPICHO
REDENÇÃO;52;65;DISTRITO DE BARRA NOVA (ANTIGO SÃO GERARDO);ESCOLA TEODORO CONRADO DA SILVEIRA;SÍTIO CANADÁ
MISSÃO VELHA;16;95;DISTRITO DE JAMACARU;UBS SÍTIO TERRA DURA;SÍTIO TERRA DURA DO ALEIXO
CRATEÚS;20;186;POTI;ASSOCIAÇÃO DOS PEQUENOS PRODUTORES RURAIS DE QUIRINO;QUIRINO 1
FORTALEZA;113;47;JOSÉ BONIFÁCIO;COLÉGIO FARIAS BRITO PRÉ - VESTIBULAR;AV. BARÃO DO RIO BRANCO, 2424
SÃO LUÍS DO CURU;23;310;CENTRO-SEDE;E.E.F. PADRE JOSE SINVAL FACUNDO;RUA PEDRO CIPRIANO SN
CANINDÉ;33;489;SALITRE DISTRITO;EMEF CIRILO BARROSO SAMPAIO;VALE DA CONCEIÇÃO
MOMBAÇA;46;37;CENTRO;EMATERCE;AVENIDA ANTONIO JAIME BENEVIDES FILHO
LAVRAS DA MANGABEIRA;14;92;OURO BRANCO- DISTRITO;GRUPO ESCOLAR ROMANA RICARTE;RUA MIGUEL BISPO 114
UBAJARA;73;159;DISTRITO NOVA VENEZA;ESCOLA MAROCA PERDIGAO;DISTRITO NOVA VENEZA
CEDRO;13;559;CANDEIAS;ESCOLA DE ENS FUND FRANCISCO CHAGAS DE LIMA;SITIO FAZENDA NOVA
SOLONÓPOLE;55;12;CENTRO;PREDIO CASA DO IDOSO;RUA ANTONIO VALTERNO NOGUEIRA
PORANGA;40;92;SANTANA;ESCOLA ARIMATEAS FRANCISCO DE PINHO - SANTANA;SANTANA
BELA CRUZ;96;41;DISTRITO DA PRATA;EMEF MINERVINO JOSE DE VASCONCELOS;DISTRITO DA PRATA
ARARENDÁ;48;111;FERREIRÃO;E. E. F. JOAQUIM FERREIRA DA SILVA;AV. SÃO VICENTE DE PAULA
QUITERIANÓPOLIS;99;114;ZONA RURAL;EEIF MANOEL RODRIGUES DO NASCIMENTO;SANTA MARIA
IPAPORANGA;20;254;ÁGUA BRANCA;ESCOLA DE ENSINO FUNDAMENTAL SANTA RITA DE CASSIA;AGUA BRANCA
PIQUET CARNEIRO;12;125;CENTRO;EMEF REINO INFANTIL;RUA ZACARIAS PINHEIRO DA SILVA, S/N
CRATO;27;21;CENTRO;18ª CREDE - COORDENADORIA REGIONAL DE DESENV. DA EDUCAÇÃO;RUA ANDRÉ CARTAXO, 09
SABOEIRO;43;225;DISTRITO FLAMENGO;E.E.F. MARIA LINDA DA GLÓRIA;DISTRITO FLAMENGO
SÃO GONÇALO DO AMARANTE;36;321;PASSAGEM;ESCOLA DE ENSINO FUNDAMENTAL ADELINO ALCANTARA FILHO;PASSAGEM
CRATEÚS;20;143;CENTRO;CENTRO INTEGRADO DE EDUCAÇÃO DE CRATEÚS - CIEC;RUA FIRMINO ROSA, 837
JAGUARIBE;10;71;DISTRITO DE NOVA FLORESTA;EEIF ULISSES PARANHOS MAIA;RUA FRANCISCO GOMES DE CASTRO, 399
IBIAPINA;73;220;SÃO JOÃO;SINDICATO DOS SERVIDORES PÚBLICOS MUNICIPAIS DE IBIAPINA;AV. PREFEITO FRANCISCO LUIS DE SOUSA S/N
SOBRAL;121;108;CENTRO;COLEGIO FARIAS BRITO SOBRALENSE;PRACA QUIRINO RODRIGUES S/N
SABOEIRO;43;275;MALHADA;E.E.F. JOSE GONCALVES DOS SANTOS;DISTRITO MALHADA
AMONTADA;89;222;CAMPO;EEBTI GIZEUDA SANTIAGO TEIXEIRA;AV ANTONIO LISBOA DE QUEIROS 1864
CRATEÚS;20;16;CENTRO;EEFM LOURENCO FILHO;RUA FIRMINO ROSA 587
IPUEIRAS;40;175;VIDEL DOS CLEMENTINOS;EEF MANOEL RODRIGUES DE FARIAS - VIDEL DOS CLEMENTINOS;VIDEL DOS CLEMENTINOS
PENTECOSTE;50;65;CENTRO;CÂMARA MUNICIPAL DE PENTECOSTE;RUA DOUTOR MOREIRA DE AZEVEDO, S/N
SABOEIRO;43;264;CENTRO;BIBLIOTECA PÚBLICA MUNICIPAL MILENO TORRES BANDEIRA;MONSENHOR MANOEL CANDIDO
URUOCA;25;232;BARREIROS;E.E.F ANTONIO ALVES DOS SANTOS;BARREROS
CHOROZINHO;49;100;VILA REQUEIJAO;COLEGIO GUIBSON MARINHO DOS SANTOS;AV SABINO MOREIRA SN
SENADOR POMPEU;12;56;CENTRO;EEFTI MOREIRA CAMPOS;RUA ADERALDO MANO, S/N
BATURITÉ;5;36;CANDEIA BOA VISTA-POVOADO;EMEF MARIA DE LOURDES DA SILVEIRA;CANDEIA BOA VISTA, SN
COREAÚ;64;144;Breguedoff;COREAÚ - BREGUEDOFF CEI PROFª Mª ZILMAR;LOCALIDADE BREGUEDOFF
PACAJUS;49;181;ITAIPABA;CRECHE DEPUTADO JONAS CARLOS;ITAIPABA
CAMPOS SALES;38;115;DIST. DE CARMELÓPOLIS;E.E.I.F JOAQUIM MOREIRA FILHO - ANEXO DO OSSEAN ALENCAR ARARIPE;RUA  VIRGILIO GOMES, 139
FORTALEZA;113;4;BENFICA;FACULDADE DE ARQUITETURA E URBANISMO DA UFC;AV. DA UNIVERSIDADE, 2890
JAGUARIBE;10;19;DISTRITO DE AQUINÓPOLIS;GRUPO ESCOLAR MANOEL RUFINO DE AQUINO FILHO;DISTRITO DE AQUINOPOLES
IPUEIRAS;40;43;ALAZANS;EEIEF JOAQUIM FERREIRA DO VALE - ALAZANS;ALAZANS
ITAPAJÉ;41;50;CENTRO-SEDE;CENTRO INTERESCOLAR JOÃO TEIXEIRA SARAIVA;RUA JOSE PINTO CAVALCANTE 273
TIANGUÁ;81;297;ÁREA RURAL DE TIANGUÁ;E.E.F. JOSÉ MARIA DA SILVA;SÍTIO PÉ DO MORRO
POTENGI;68;59;VILA CAMPOS;UBS VILA CAMPOS;VILA CAMPOS
CRATEÚS;20;144;CIDADE NOVA;CENTRO DE EDUCACAO DE JOVENS E ADULTOS PROFESSOR LUIZ BEZERRA;RUA DR LUIZ CHAVES E MELO
PINDORETAMA;7;33;SEDE;EMEB PROFESSORA VERÔNICA PEREIRA DE ARAÚJO;RODOVIA CE-040, S/N, PINDORETAMA
QUIXADÁ;6;379;CIPÓ DOS ANJOS;EEF FLÁVIO PORTELA MARCILIO;PASSAGEM FUNDA, S/N
VÁRZEA ALEGRE;62;248;DISTRITO DE RIACHO VERDE;EEF RAIMUNDO MENDES DE FREITAS;SÍTIO GANGORRA
MORRINHOS;44;198;ZONA RURAL;GRUPO ESCOLAR JOSE LIRA DE MARIA;CANINANA
AQUIRAZ;66;265;SANTA MARIA;EMEF JOSE FERREIRA DA COSTA;RUA MANOEL FERREIRA DA COSTA, SN
SANTA QUITÉRIA;54;255;VILA SÃO COSME;ESCOLA MUNICIPAL SENADOR PAULA PESSOA;VILA SÃO COSME
AURORA;69;33;INGAZEIRAS-DISTRITO;UBS DE INGAZEIRAS - BELARMINA ALENCAR DE MADEDO;DISTRITO DE INGAZEIRAS  S/N
TRAIRI;97;71;CANAA;EEF JOSE FIRMINO DA CUNHA;CANAA
FORTALEZA;113;30;JOSÉ BONIFÁCIO;COLÉGIO FARIAS BRITO PRÉ - VESTIBULAR;AV. BARÃO DO RIO BRANCO, 2424
FORTALEZA;113;223;RODOLFO TEÓFILO;COLÉGIO MANUELITO AZEVEDO;RUA TIRADENTES, 483
FORTALEZA;80;148;TAUAPE;SALÃO PAROQUIAL SÃO JOAO DO TAUAPE;RUA MONSENHOR SALAZAR, 279
MARANGUAPE;4;570;NOVO PARQUE IRACEMA - MARANGUAPE;EMEF NILO PINHEIRO CAMPELO;RUA NILO CAMPELO, 48
JUAZEIRO DO NORTE;28;164;CENTRO;EEIF PADRE CICERO;MONSENHOR JOVINIANO BARRETO 116
CAUCAIA;123;568;PARQUE POTIRA (JUREMA);E.E.I.E.F. TIRADENTES;RUA VERA CRUZ, 1879
CAMPOS SALES;38;27;B. CENTRO;E.E.E.M.T.I - MARIA DOLORES ARRAIS - (GRUPINHO);TRAVESSA VICENTE ALEXANDRINO DE ALENCAR,297
FORTALEZA;118;15;PARQUE DOIS IRMÃOS;EM SANTA TEREZINHA;RUA AFONSO LOPES, 1095
ICÓ;15;30;CENTRO - SEDE;CEJA - ANA VIEIRA PINHEIRO;RUA DONA ALDERY, 324
ARATUBA;105;181;PAI JOAO-SITIO;ESCOLA MUNICIPAL LUIZ GERVASIO COLARES;PAI JOAO
QUIXERAMOBIM;11;305;DUQUE DE CAXIAS;ESCOLA LUISA TAVORA;RUA PROF JOSE REMIGIO SN
ACARAÚ;30;378;ZONA RURAL;ESCOLA CAROLINO LOPES ARAUJO;CELSOLANDIA
AQUIRAZ;66;36;CARACARA;EMEF CEL FRANCISCO GOMES FARIAS;POVOADO DE  CARACARA ESTRADA DO BATOQUE SN
CHAVAL;108;7;CENTRO;EEF FRANCISCO PEREIRA FONTENELE;TRAVESSA DOMÍCIO FERNANDES PEREIRA, SN
APUIARÉS;50;214;CENTRO;EEFM SÃO SEBASTIÃO;AVENIDA GOMES DA SILVA, 100
IRAUÇUBA;41;21;JUA;ESCOLA MUNICIPAL MIGUEL FERNANDES;RUA JOAQUIM PEREIRA PASSOS SN
PARAMOTI;111;121;CENTRO;EMEF PAULO SARASATE (ANTIGO CERU);AV. JOAQUIM FARIAS, 175
RUSSAS;9;308;TABULEIRO DO CATAVENTO;CAIC - SENADOR CARLOS JEREISSATI;RUA 25 SN  MUTIRAO
FORTALEZA;3;413;ALDEOTA;COLÉGIO DARWIN;RUA ILDEFONSO ALBANO, 1030
FORTALEZA;2;1;MESSEJANA;EEM DEPUTADO PAULO BENEVIDES;RUA ANGELICA GURGEL, 186
FORTALEZA;2;701;MESSEJANA;ETI MARIA ODETE DA SILVA COLARES;RUA CEL JOÃO DE OLIVEIRA, 687
EUSÉBIO;88;124;MANGABEIRA;EEM MANOEL FERREIRA DA SILVA;RUA ELIEZER PARRIAO, 105 - MANGABEIRA
FORTALEZA;115;117;MARAPONGA;DETRAN;AV GODOFREDO MACIEL, 2900
QUIXADÁ;6;188;TAPUIARA;EEF FRANCISCO FERREIRA LIMA;TAPUIARÁ, S/N
CAUCAIA;120;327;BOQUEIRAO DA ARARA;E.E.I.E.F. ADÉLIA CRISÓSTOMO;BR 222 - KM 23
CRATO;27;190;SEMINÁRIO;EEEP GOVERNADOR VIRGÍLIO TÁVORA;RUA PERGENTINO SILVA S/N
FORTALEZA;114;120;ÁLVARO WEYNE;EMTI NOSSA SENHORA DE FÁTIMA (ANTIGA APOSTÓLICA/SEMINÁRIO);RUA SÍLVIO ROMERO 370
PIQUET CARNEIRO;12;25;CENTRO;SECRETARIA MUNICIPAL DE EDUCAÇÃO, CULTURA E DESPORTO;RUA ALUÍZIO SARAIVA, N. 22
FORTALEZA;93;182;MONDUBIM;EEFM ESTADO DO MARANHAO;RUA CARLOS PIMENTA,506
CEDRO;13;516;FÁTIMA;ESCOLA DE ENS FUND FCA DE ALBUQUERQUE MOURA (CEJOVEM);RUA ANTONIO VIANA DE ARAUJO S/N
FORTALEZA;2;160;MESSEJANA;INSTITUTO FREI JOAO PEDRO DE SEXTO;AVENIDA FREI CIRILO, 4241
FORTALEZA;118;550;MONDUBIM;EM PROFESSOR JACINTO BOTELHO;RUA DR. RODRIGO CODES SANDOVAL, 374
FORTALEZA;118;575;BOA VISTA-CASTELÃO;EEFM PROFESSORA MARIA GONCALVES;RUA N S DO MONTE CARMELO S/N
VIÇOSA DO CEARÁ;35;81;CENTRO;E.E.M DEPUTADO MANOEL RODRIGUES;RUA PROFESSOR JOÃO VIANA, S/N
FORTALEZA;118;599;DIAS MACEDO;EMEF PROFESSOR JOAO HIPPÓLYTO DE AZEVEDO E SÁ;RUA 03 N. 88 RESIDENCIAL NAPOLEAO VIANA
LAVRAS DA MANGABEIRA;14;115;OURO BRANCO- DISTRITO;POSTO DE SAÚDE DE OURO BRANCO;RUA BERNARDO ALENCAR, S/N
MISSÃO VELHA;16;121;SEDE;EEF LOURIVAL DANTAS RIBEIRO;RODOVIA MISSAO VELHA/JAMACARU KM 01, COHAB CASEMIRO FARIAS.
FORTALEZA;115;62;PARANGABA;EM PROF. JOSE VALDIVINO DE CARVALHO;RUA GUARA, S/N
FORTALEZA;115;197;PARANGABA;EEMTI MARIA THOMÁSIA;RUA POLONIA, 369
QUIXERAMOBIM;11;281;MARAVILHA;ESCOLA TEREZA HELOISA SARAIVA CAMARA;RUA GASTÃO FALCÃO
LAVRAS DA MANGABEIRA;14;8;CENTRO - SEDE;EEMTI ALDA FERRER AUGUSTO DUTRA;RUA CORONEL JOAO AUGUSTO 454
LIMOEIRO DO NORTE;29;179;ÁREA RURAL;ESCOLA DE 1 GRAU MARIA DO PATROCÍNIO REGES;SITIO SAPE
JARDIM;119;279;CENTRO;ESCOLA GOV. ADAUTO BEZERRA;AV WILSON RORIZ 1334
CANINDÉ;33;404;PALESTINA;CAIC ALFREDO COELHO MAGALHÃES;RUA ANTONIO MONTEIRO DOS SANTOS SN
PARAIPABA;109;143;LAGOINHA;EMEF FRANCISCO HENRIQUE DE AZEVEDO;LAGOINHA
SOBRAL;121;21;TAPERUABA;EEMTI DEP. CESARIO BARRETO LIMA;AV. NOSSA SENHORA DO CARMO S/N CENTRO
SENADOR SÁ;45;113;CENTRO;EEF NOSSA SENHORA DO AMPARO;RUA PADRE DELMONT S/N
SENADOR POMPEU;12;42;BONFIM;SALÃO JOÃO GASPAR FILHO;KM 12
AQUIRAZ;66;217;BAIXA GRANDE;EMEF ALOISIO BERNARDO DE CASTRO;RUA CORAÇÃO DE JESUS / AREA VERDE
PIRES FERREIRA;21;119;DISTRITO;E.E.F. RAIMUNDO FERREIRA PASSOS;TABOLEIRO
BREJO SANTO;70;412;RENE LUCENA;CEI CATEQUISTA MARIA ALACOQUE;R PEDRO NICODEMOS DE ARAÚJO, S/N
SOBRAL;24;357;RAFAEL ARRUDA;EEM AGOSTINHO NERES PORTELA;RUA MARIA ARAÚJO DAMASCENO, S/N
SOBRAL;121;97;CENTRO;UNIVERSIDADE UNOPAR SOBRAL;AV DOM JOSÉ, 1138
PIQUET CARNEIRO;12;123;CATOLE DA PISTA;POSTO DE SAUDE NOSSA SENHORA AUXILIADORA;CATOLE DA PISTA
FORTALEZA;93;183;MONDUBIM;EEFM ESTADO DO MARANHAO;RUA CARLOS PIMENTA,506
JUAZEIRO DO NORTE;119;383;FREI DAMIAO;ESCOLA MARIO DA SILVA BEM;RUA VEREADOR RAIMUNDO JOSÉ DA SILVA
FORTALEZA;113;319;RODOLFO TEÓFILO;EM SÃO RAIMUNDO;RUA ALEXANDRE BARAÚNA, 1450
ARACATI;8;235;VARZEA DA MATRIZ;COLEGIO MUNICIPAL;RUA PADRE PACHECO, S/N.
PACATUBA;57;191;CONJUNTO JEREISSATI II;EEIEF ANA ALBUQUERQUE;AVENIDA XVIII SETOR F S/N
JUAZEIRO DO NORTE;119;384;JOAO CABRAL;ESCOLA LILI NERY;RUA PADRE ALCANTARA, 1000
QUIXADÁ;6;135;CENTRO;EEF JOSÉ JUCÁ;RUA EPITÁCIO PESSOA, 1351
TRAIRI;97;45;MIRANDINHA DOS FELISBERTO;EEF RAIMUNDO FELISBERTO;MIRANDINHA DOS FELISBERTO
JUAZEIRO DO NORTE;28;168;AREA RURAL DE JUAZEIRO DO NORTE;EMEIF RAIMUNDO DOMINGOS;SITIO TAQUARI
SANTANA DO CARIRI;53;71;BREJO GRANDE;EMEIEF OSVALDO DAXO DE ALENCAR;BREJO GRANDE, SN
VIÇOSA DO CEARÁ;35;154;ZONA RURAL;E.E.F JOÃO PAULINO;DISTRITO DE PASSAGEM DA ONCA
PACATUBA;57;263;VILA DAS FLORES;EEIEF MANOEL ROSENDO FREIRE;RUA 17, 11
CAUCAIA;120;301;CATUANA;E.E.I.E.F. PLÁCIDO MONTEIRO GONDIM;RUA RAIMUNDO OLIVEIRA, S/N
FORTALEZA;115;288;SERRINHA;COLEGIO DUQUE DE CAXIAS;RUA  PERU, 1675
LIMOEIRO DO NORTE;29;7;CENTRO;CENTRO DE EDUCACAO DE JOVENS E ADULTOS - CEJA;RUA DOS EXPEDICIONARIOS 2991
PACOTI;5;198;VOLTA DO RIO;EMEF ROSA MAIA REBOUCAS (VOLTA DO RIO);SITIO VOLTA DO RIO
CANINDÉ;33;48;ALTO GUARAMIRANGA;EMEF CORONEL ADAUTO BEZERRA;RUA IRMÃ MANUELA MAGALHÃES, S/N
JAGUARETAMA;72;9;CENTRO;CENTRO DE REFERÊNCIA DA ASSISTÊNCIA SOCIAL - CRAS;AV. ADOLFO BEZERRA DE MENEZES, 373
ITAITINGA;78;337;PARQUE SANTO ANTONIO;EEM ANTÔNIO GERALDO DE LIMA;RUA PREFEITO ISAAC NEWTON CAMPOS, 337
FORTALEZA;3;481;PRAIA DE IRACEMA;COLÉGIO ANTARES (PRAIA DE IRACEMA);RUA HISTORIADOR GUARINO ALVES, 95
FORTALEZA;114;345;BARRA DO CEARÁ;EM AGOSTINHO MOREIRA E SILVA;RUA PERI, 20
FARIAS BRITO;62;220;SÍTIO SOUSA;EEF JOAQUIM PEREIRA DE SOUSA;SÍTIO SOUSA
CRATEÚS;20;95;TUCUNS;ESCOLA DE CIDADANIA JOSE ARAUJO VERAS;QUEIMADAS
ITAPIPOCA;17;484;CENTRO;CENTRO EDUCACIONAL PIO XII;RUA JOAO CORDEIRO 625
ITAPIPOCA;17;613;MARANHÃO;EEB JOÃO IDÁLIO TEIXEIRA;RUA DR BEZERRA DE MENEZES, SN
FORTALEZA;114;309;BARRA DO CEARÁ;EM FRANCISCO DOMINGOS DA SILVA;AVENIDA PRESIDENTE CASTELO BRANCO 4707
FORTALEZA;1;83;VARJOTA;FACULDADE FARIAS BRITO - CASTRO MONTE;RUA CASTRO MONTE 1364
MILHÃ;55;80;CARNAUBINHA;ESCOLA DE ENSINO BASICO RAIMUNDO BEZERRA FIGUEIREDO;RUA VALDINA DE LIMA
MILHÃ;55;59;CENTRO;ESCOLA DE ENSINO FUNDAMENTAL CLEONICE B. PINHEIRO ROSA;RUA PEDRO JOSE DE OLIVEIRA 908
MUCAMBO;79;216;CENTRO;CENTRO EDUCACIONAL DEP MANOEL RODRIGUES;AV AGRONOMO JOSE ALVES 90
CAUCAIA;123;372;NOVA METRÓPOLE (JUREMA);E.E.F. EDGARD VIEIRA GUERRA;AV. CONTORNO SUL, 255
CAUCAIA;37;437;PARQUE SOLEDADE;E.E.F. CORALIA GONZAGA SALES;RUA NAPOLEAO BONAPARTE VIANA, S/N
MARANGUAPE;4;481;TANGUEIRA - MARANGUAPE;EMEIEF ANTÕNIO DE ABREU;RUA DEMETRIO FERREIRA , 372
FORTALEZA;2;773;PAUPINA;CMES ANISIO TEIXEIRA;TRAVESSA DO GUARANI, 355
JAGUARIBARA;72;101;CENTRO;E.E.M LICEU JOSE FURTADO DE MACEDO;AV. MARLINDA ELÓI, 389
FORTALEZA;115;447;MANOEL SÁTIRO;EM MARIA VIVIANE BENEVIDES GOUVEIA;RUA CREUZA ROQUE 247
JAGUARETAMA;72;21;CENTRO;ESCOLA MUNICIPAL DE 1º.GRAU MANOEL CARLOTO PINHEIRO;RUA MANOEL CARNEIRO 97
SOBRAL;24;555;RENATO PARENTE;EEEP LYSIA PIMENTEL GOMES;AV. JOHN SANFORD, 1223
ACOPIARA;60;73;CENTRO;EEF PE JOAO ANTONIO;AV PAULINO FELIX, 214
TEJUÇUOCA;41;101;CENTRO-SEDE;ESCOLA MUNICIPAL SAO PEDRO;RUA JOSE BARROSO VALENTE SN
PEDRA BRANCA;59;21;CENTRO;CENTRO ADMINISTRATIVO CESÁRIO MENDES;RUA FURTUNATO SILVA, 45
CRATO;27;94;SEMINÁRIO;EEIEF LICEU DIOCESANO DE ARTES E OFÍCIOS;RUA DUARTE JÚNIOR S/N
PORANGA;40;138;BOM PRINCÍPIO;ESCOLA DE ENSINO FUNDAMENTAL 16 DE DEZEMBRO - BOM PRINCÍPIO;BOM PRINCÍPIO
FORTALEZA;2;652;MESSEJANA;PATRONATO PADRE LUIZ BARBOSA MOREIRA;RUA CEL GUILHERME ALENCAR, 121
ITAREMA;98;111;CENTRO;EMEF MARIETA RIOS;RUA JOAO BATISTA RIOS S/N
FORTALEZA;3;177;CENTRO;SESC FORTALEZA;RUA CLARINDO DE QUEIROZ, 1740
FORTALEZA;3;33;CENTRO;SESC FORTALEZA;RUA CLARINDO DE QUEIROZ, 1740
CAMPOS SALES;38;39;DIST.  DE CARMELÓPOLIS;E.E.I.F OSSEAN ALENCAR ARARIPE - DIST. DE CARMELÓPOLIS;RUA VIRGÍLIO GOMES, 139
JUAZEIRO DO NORTE;119;230;ANTONIO VIEIRA;ESCOLA PREFEITO ANTONIO CONSERVA;CONSTRUTOR JOSE SABINO SN
FORTALEZA;118;482;PASSARÉ;COLÉGIO MULTIVERSO;AV. JUSCELINO KUBITSCHECK, 3653
AMONTADA;89;201;POÇO COMPRIDO;EEB MIRTES CARDOSO DE PAIVA SILVA;CÓRREGO DA AROEIRA
PIRES FERREIRA;21;87;DISTRITO;E.E.F. CENTRO EDUCACIONAL RURAL;DELMIRO GOUVEIA
ITAPIPOCA;17;596;BARRENTO;EEB JOAQUIM MANOEL MARQUES;SÍTIO DO MEIO
CRATO;27;25;PIMENTA;URCA - UNIVERSIDADE REGIONAL DO CARIRI;RUA CORONEL ANTÔNIO LUIZ, 1161
CRATO;27;157;CENTRO;ESCOLA TÉCNICA DO COMÉRCIO;RUA DOUTOR JOÃO PESSOA, 190 - PRAÇA JUAREZ TÁVORA
CAUCAIA;123;479;MARECHAL RONDON (JUREMA);CAPEMI - LAR FABIANO DE CRISTO;AV. DOM ALMEIDA LUSTOSA, 4395
MISSÃO VELHA;16;96;DISTRITO DE JAMACARU;EEFM PADRE AMORIM;RUA FELIX ITALIANO SN
FORTALEZA;117;392;SIQUEIRA;ESCOLA MUNICIPAL PROF JOSE CÍRIO PEREIRA FILHO;RUA QUARTZO ROSA, 100
FORTALEZA;117;343;CANINDEZINHO;EM FLORIVAL ALVES SERAINE;RUA ITATIAIA, 1000
FORTALEZA;1;717;VICENTE PINZON;CIES AIDA SANTOS;AVENIDA TRAJANO DE MEDEIROS  813
CRATO;27;381;SÃO MIGUEL;MINISTÉRIO DO TRABALHO E EMPREGO - AGÊNCIA DE CRATO/CE;AVENIDA PERIMETRAL DOM FRANCISCO, 491
TAUÁ;19;185;CARRAPATEIRAS;ESCOLA ANTONIO ALVES DE PAIVA;LIMÃO
INDEPENDÊNCIA;39;189;MONTE SINAI;E.E.F. JOAQUIM FERREIRA VIANA;RUA DA MATRIZ
SOBRAL;121;72;CARACARÁ;ESCOLA ODETE BARROSO;PRACA DA MATRIZ S/N
VÁRZEA ALEGRE;62;61;IBICATU;EEF MARIA SIEBRA DE MORAIS;SÍTIO FORTUNA
BATURITÉ;5;32;CHORO BOA VISTA-FAZENDA;EMEF VICENTE JUSCIER BERNARDINO DE OLIVEIRA;CHORÓ BOA VISTA
MAURITI;76;61;PALESTINA DO CARIRI-DISTRITO;UBS QUIXABINHA;SITIO CANABRAVINHA
PARAMBU;19;423;NOVO ASSIS;ESCOLA LUIS HENRIQUE DA SILVA;TABULEIRO
MOMBAÇA;46;89;CARNAUBA;ESCOLA DE ENSINO FUNDAMENTAL PEDRO AIRES DE CARVALHO;DISTRITO DE CARNAÚBA
BELA CRUZ;96;42;AROEIRA-LOCALIDADE;EMEIEF SAO RAIMUNDO;AROEIRA
TEJUÇUOCA;41;283;CENTRO-SEDE;ESCOLA MUNICIPAL SAO PEDRO;RUA JOSE BARROSO VALENTE SN
CASCAVEL;7;195;GUANACES;ESC.ENS.FUND. MANOEL BERNARDINO SANTIAGO;LAGOA DE SOUSA
CASCAVEL;7;34;JACARECOARA;ESC.ENS.FUND. FRANCISCO CAPISTRANO DE SOUZA;BARRA NOVA
FORTALEZA;3;585;MEIRELES;ESCOLA DE SAÚDE PÚBLICA DO CEARÁ;AV. ANTÔNIO JUSTA, 3161
FORTALEZA;115;350;PARANGABA;EEEP JOAQUIM MOREIRA DE SOUSA;RUA CAIO PRADO 02
ITAPIPOCA;17;439;COQUEIRO;IFCE - CAMPUS ITAPIPOCA;AVENIDA DA UNIVERSIDADE, 102
IPAPORANGA;20;248;LAGOA DO BARRO;ESCOLA DE ENSINO FUNDAMENTAL GONCALVES DE PAULA;ACUDE NOVO
SOLONÓPOLE;55;29;PASTA;GRUPO ESCOLAR ANTONIO BENIGNO BEZERRA;DISTRITO PASTA
AQUIRAZ;66;341;PATACAS;EMEF LAGOA DE CIMA;PV LAGOA DE CIMA DISTRITO PATACAS
ITAPIPOCA;17;70;PICOS;EEB DOMINGOS GONCALVES MUNIZ;PICOS
FORTALEZA;114;181;CRISTO REDENTOR;EEFM SÃO JOSÉ DOS ARPOADORES;RUA FRANCISCO CALAÇA 90
SOBRAL;121;117;CENTRO;EEFM DR JOAO RIBEIRO RAMOS;RUA CONSELHEIRO JOSE JULIO
CARIRIAÇU;71;99;SÍTIO MAMELUCOS;POSTO DE SAÚDE AMARO JOSÉ ROQUE;SITIO MAMELUCOS
IPU;21;84;DISTRITO;POSTO DE SAUDE DE INGAZEIRA;INGAZEIRA
BARRO;92;75;CUNCAS-DISTRITO;ESCOLA DE 1 GRAU ANTONIA BARBOSA OLIVEIRA;DISTRITO DE CUNCAS
FORTALEZA;2;768;MESSEJANA;INSTITUTO FREI JOAO PEDRO DE SEXTO;AVENIDA FREI CIRILO, 4241
HORIZONTE;78;155;ANINGÁS;EMEF RAIMUNDO DOMINGOS DE SOUSA;RUA MARIA LUIZA DA CONCEIÇÃO 
CROATÁ;74;118;DISTRITO;ESCOLA MUNICIPAL  DE BAIXIO;BAIXIO
FORTALEZA;1;770;CIDADE 2000;ESCOLA ESTADUAL ARQUITETO ROGERIO FROES;AVENIDA DAS GRAVIOLAS 1000
FORTALEZA;2;765;LAGOA REDONDA;EM PROFª FERNANDA MARIA DE ALENCAR COLARES;AV PROF. ARTHUR DE CARVALHO, 1540
ARATUBA;105;179;MUNDO NOVO-SITIO;ESCOLA MUNICIPAL ISABEL HERMINIO PINTO;MUNDO NOVO
SÃO BENEDITO;22;242;SITIO BARRA;EMEB EROTIDES MELO LIMA;SITIO BARRA
AQUIRAZ;66;119;JUSTINIANO DE SERPA;EMEF ISIDORO DE SOUSA ASSUNCAO (ABC);RUA RUFINO CORREIA DE ASSUNCAO S/N
IPU;21;6;DISTRITO;POSTO DE SAUDE DE INGAZEIRA;INGAZEIRA
MOMBAÇA;46;147;CENTRO;ESCOLA DE ENSINO FUNDAMENTAL CÂNDIDO SIMAO;CANGATI - DISTRITO DE CANGATI
JAGUARIBARA;72;57;CENTRO;ESPAÇO INFANTIL TIA MAMONCA;RUA CÍCERO FERNANDES, SN
VIÇOSA DO CEARÁ;35;106;SITIO OLARIA;E.E.F REGINALDO CARNEIRO DA CUNHA;SITIO OLARIA
EUSÉBIO;88;117;TAMATANDUBA;EEF IZIDIO JOSE CAMPINA;RUA IZIDIO CAMPINA, 751 TAMATANDUBA
ACOPIARA;60;56;SEDE;EEF JOSE EVANGELISTA DE LIMA;SITIO JUREMA
ABAIARA;26;4;SEDE;CRECHE RAMIRO TEIXEIRA - ANEXO DA ESCOLA ROSA TAVARES LEITE;RUA JOAQUIM LEITE DA CUNHA, 347
MARACANAÚ;122;265;PIRATININGA;EMEF RUI BARBOSA;RUA DO CAMPO 51
IGUATU;13;42;ALTO DO JUCÁ;SECRETARIA MUNICIPAL DE AÇÃO SOCIAL;RUA 21 DE ABRIL SN
CAUCAIA;123;477;MARECHAL RONDON (JUREMA);CAPEMI - LAR FABIANO DE CRISTO;AV. DOM ALMEIDA LUSTOSA, 4395
CAUCAIA;123;382;ARATURI (JUREMA);E.E.I.E.F. RITA DE CÁSSIA BRASILEIRO PONTES;AV. CENTRAL, 1112
CAUCAIA;123;521;PARQUE DAS NAÇÕES (JUREMA);ESCOLA BRASILEIRINHO;RUA MÉXICO, 1753
FORTALEZA;115;226;SERRINHA;EMEIF WALDEMAR BARROSO;RUA CÔNEGO LIMA SUCUPIRA,  1651
CAPISTRANO;105;35;ZONA RURAL;ESCOLA DE ENSINO FUNDAMENTAL NOSSA SENHORA DE LOURDES;SERRA DO VICENTE
IRAUÇUBA;41;139;CENTRO-SEDE;ESCOLA DE ENSINO FUNDAMENTAL PAULO BASTOS;AV JORGE DOMINGUES 1641
MARACANAÚ;122;140;OLHO D' AGUA;EMEF JOSE MARIO BARBOSA;RUA GABRIEL FERREIRA DE SOUSA, 850
FORTALEZA;1;942;VICENTE PINZON;CIES AIDA SANTOS;AVENIDA TRAJANO DE MEDEIROS  813
CROATÁ;74;161;DISTRITO;ESCOLA MUNICIPAL PROFESSORA MARIA DO CARMO MELO (BETANIA);BETANIA
IGUATU;13;4;CENTRO;CEJA GOVERNADOR LUIZ DE GONZAGA DA FONSECA MOTA;RUA MONSENHOR COELHO SN
FORTALEZA;2;366;LAGOA REDONDA;COLÉGIO AGNUS SUL;TRAVESSA MARROCOS, 145
CRATEÚS;20;295;CIDADE 2000;ESCOLA DE CIDADANIA JOSE FREIRE FILHO;KM 06 BR 404
SOBRAL;24;564;DOM JOSÉ;EEFI ANTENOR NASPOLINI;RUA PREFEITO JERONIMO PRADO, S/N
JAGUARUANA;75;46;SAO JOSE;E.E.F. JOAO RODRIGUES MAIA;SÃO JOSÉ
AQUIRAZ;66;123;CAPONGA DA BERNARDA;EMEFJUSCELINO KUBITSCHEK;AV ANTONIO LOURENÇO DA SILVA S/N
IBICUITINGA;47;55;CENTRO;EEB ENEAS FERREIRA NOBRE;RUA CAPITAO MANOEL ANTONIO 2180
AURORA;69;21;CENTRO-SEDE;E.E.F.M. JOSE PINTO QUEZADO;VILA PAULO GONÇALVES, S/N
FORTALEZA;1;799;CIDADE 2000;ESCOLA ESTADUAL ARQUITETO ROGERIO FROES;AVENIDA DAS GRAVIOLAS 1000
AURORA;69;32;ARACA-SEDE;E.E.F.P. LEOPOLDINA GONÇALVES QUEZADO;RUA MARICA LEITE,285
ARACOIABA;67;30;JAGUARAO-DISTRITO;ESCOLA MUNICIPAL RAIMUNDO ALVES DE OLIVEIRA;JAGUARAO
ACOPIARA;60;31;DISTRITO SANTA FELICIA;EEF ANTONIO FRANCISCO DE SOUSA;CALABACO
IGUATU;13;31;PLANALTO;ESCOLA DE ENS MEDIO AMELIA FIGUEIREDO DE LAVOR;RUA 13 DE MAIO SN
HORIZONTE;78;167;PLANALTO HORIZONTE;EMEF JORGE PEREIRA DA ROCHA;RUA PAULO FREIRE 40
PEDRA BRANCA;59;77;SEDE;EEF ANTONIO MOREIRA DE SOUZA;SÃO JOSÉ
LAVRAS DA MANGABEIRA;14;32;ALEM RIO - SEDE;ESCOLA DE 1 GRAU VIRGILIO AGUIAR GURGEL;RUA JOSE LOBO 450
FORTALEZA;115;427;VILA PERI;CENTRO DE EDUCAÇÃO PEDAGÓGICO EÇA DE QUEIROZ;RUA DOM XISTO ALBANO 611
CAMOCIM;32;24;CENTRO;EEF ALBA MARIA DE ARAUJO LIMA AGUIAR;RUA DA INDEPENDENCIA SN
MARACANAÚ;122;55;ACARACUZINHO;EEF ANTONIO GONDIM DE LIMA;AV. LATERAL SUL S/N
ACOPIARA;60;70;CENTRO;EEF DR. HUGO DE GOUVEIA SOARES;RUA JOSE PAULINO, SN
CRATO;27;353;NOVO CRATO;CRAS SEMINÁRIO - CENTRO DE REFERÊNCIA DE ASSISTÊNCIA SOCIAL;RUA JOSÉ PINHEIRO TELES, 169
PEREIRO;10;180;ESTREITO;ESCOLA DE ENSINO FUNDAMENTAL FRANCISCA NOGUEIRA DE SOUSA;RUA JOAO BATISTA DE CARVALHO, 121 VILA ESTREITO
CASCAVEL;7;298;SITIO BICA;CEI MARIA AFIFE SARQUIS QUEIROZ ;RUA SDO, 141 SITIO BICA
JAGUARETAMA;72;37;SITIO SERROTE DO MATO;E.M.E.F PROFESSORA ÚRSULA FRANCISCA LOPES;SITIO SERROTE DO MATO
FORTALEZA;3;453;MEIRELES;EEFM PARÓQUIA DA PAZ;RUA VISCONDE DE MAUÁ, 905/A
CASCAVEL;7;24;CENTRO;CENTRO EDUCACIONAL MUNICIPAL PROFESSORA MARIA ESTER DA COSTA SILVA;AV CORONEL LEITE, 2045
JUAZEIRO DO NORTE;119;235;AEROPORTO;ESCOLA CICERA GERMANO CORREIA;RUA SEBASTIAO REGIS SN
CEDRO;13;475;VÁRZEA DA CONCEIÇÃO;ANEXO FRANCISCO SILVEIRA DE AGUIAR;RUA JOAO BATISTA MORENO SN
ASSARÉ;18;113;AMARO;ESC DE ENS FUND MARIA CELIA FERREIRA;RUA GOMES DE ALMEIDA S/N
SANTANA DO ACARAÚ;44;150;AMEIXA;ESCOLA SÃO FRANCISCO;AMEIXA
QUIXADÁ;6;380;CUSTÓDIO;EEF SANTA PAZ;SANTA PAZ, S/N
PENTECOSTE;50;82;PLANALTO;CEI VALDISIA BRAGA DE SOUSA;RUA JACA PARAÍBA, 500
CRATEÚS;20;212;CURRAL VELHO;POSTO DE SAÚDE DE BARRA DO RIO;BARRA DO RIO
SOLONÓPOLE;55;155;BOQUEIRAO;EEIEF SUELY NOGUEIRA PINHEIRO;BOQUEIRAO
FORTALEZA;3;505;PRAIA DE IRACEMA;COLÉGIO ANTARES (PRAIA DE IRACEMA);RUA HISTORIADOR GUARINO ALVES, 95
FORTALEZA;2;171;MESSEJANA;PAROQUIA NOSSA SENHORA DA CONCEICAO;RUA JOAQUIM BEZERRA 255
CARNAUBAL;22;171;SITIO BURITI I;EEF VITORINO RODRIGUES DE MEDEIROS;SITIO BURITI  I
SABOEIRO;43;273;MALHADA;E.E.F. JOSE GONCALVES DOS SANTOS;DISTRITO MALHADA
AIUABA;101;44;SAO NICOLAU;GRUPO ESCOLAR EDMUNDO BRAGA;RUA BENTO HERCULES SN
CAMPOS SALES;38;17;B. CENTRO;INSTITUTO EDUCACIONAL PROFESSORA MARIA DULCE DE ALENCAR - (MDA) - SEDE;RUA JULIO NORÕES, 531
TRAIRI;97;151;RIACHAO;ASSOCIACAO DOS MORADORES DO RIACHAO;RIACHAO - TRAIRI-CE
FORTALEZA;3;510;CENTRO;CENTRO DE PASTORAL MARIA, MÃE DA IGREJA;RUA RODRIGUES JÚNIOR, 300
INDEPENDÊNCIA;39;51;ALVAÇÃO;E.E.F. VICENTE RODRIGUES SALES;POVOADO ALVAÇÃO
CRATEÚS;20;87;IRAPUA;POSTO DE SAUDE DE IRAPUA;IRAPUA
FORTALEZA;115;359;PARANGABA;EEEP JOAQUIM MOREIRA DE SOUSA;RUA CAIO PRADO 02
TEJUÇUOCA;41;99;CENTRO-SEDE;ESCOLA MUNICIPAL SAO PEDRO;RUA JOSE BARROSO VALENTE SN
LIMOEIRO DO NORTE;29;103;SAO RAIMUNDO;UBS MARIA DE LOURDES FREITAS COSTA;SITIO SAO RAIMUNDO
COREAÚ;64;59;Alto São José;COREAÚ - CENTRO EDUCACIONAL SÃO FCO. DE ASSIS;RUA FCO. NAPOLEÃO XIMENES, S/N - ALTO SÃO JOSÉ
PALMÁCIA;4;644;NOVO BASÍLIO;EEFM RAIMUNDO JACKSON PEREIRA DE SOUZA;RUA ANTONIO HERMINIO, S/N
LIMOEIRO DO NORTE;29;285;JOÃO XXIII;EEF EVALDO HOLANDA MAIA;RUA PADRE VICENTE S/N
ALTO SANTO;86;33;BAIXA DA UMBURANA;ESCOLA DE 1 GRAU MANUEL NOGUEIRA COSTA;SITIO BAIXA DA UMBURANA
CANINDÉ;33;94;IPUEIRA DOS GOMES - DISTRITO;EMEF FRANCISCO DELFINO GOMES;RUA EZEQUIEL GOMES
BARBALHA;31;58;CENTRO;ESCOLA BEM-ME-QUER;RUA PADRE IBIAPINA, 485
POTENGI;68;59;VILA CAMPOS;UBS VILA CAMPOS;VILA CAMPOS
ALCÂNTARAS;24;450;SAO JOSE;EEM FRANCISCO DE ALMEIDA MONTE;RUA FRANCISCO CUNHA S/N
FORTALEZA;1;800;ALDEOTA;COLEGIO ANTARES - SANTOS DUMONT;AVENIDA SANTOS DUMONT 3777
LAVRAS DA MANGABEIRA;14;120;CRUZEIRO;ESCOLA DE 1 GRAU STELA SAMPAIO;BAIRRO DO CRUZEIRO S/N
IPUEIRAS;40;114;CONTENDAS;ESCOLA DE ENSINO FUNDAMENTAL JOSÉ RUFINO DE ARAUJO - CONTENDAS;CONTENDAS
CAUCAIA;120;146;TUCUNDUBA;E.E.I.E.F. JOSÉ NUNES DE MIRANDA;BR 020 - TUCUNDUBA, S/N
BELA CRUZ;96;18;CENTRO-SEDE;EEMTI PROFESSORA MARIETA SANTOS;RUA SAO VICENTE, 699
NOVA RUSSAS;48;26;ALTO DA BOA VISTA;EMTI ALFREDO GOMES;RUA QUINTINO BOCAIUVA 520
ASSARÉ;18;39;CENTRO;ESCOLA DE ENSINO FUNDAMENTAL RAUL ONOFRE;RUA PADRE EMILIO CABRAL SN     ASSARE
ARARIPE;68;18;SITIO CAMPINA DE DENTRO;UBS - CAMPINA DE DENTRO;SITIO CAMPINA DE DENTRO
JAGUARETAMA;72;40;SITIO SERROTE BRANCO;E.M.E.F JOSE TEIXEIRA NERES;SITIO SERROTE BRANCO
CEDRO;13;437;CENTRO;COLEGIO ESTADUAL CELSO ARAUJO;RUA ZE PAJE, 241
IPU;21;146;SEDE;FSESP;RUA PE JOAO DE CASTRO SN CENTRO
CEDRO;13;442;CENTRO;COLEGIO ESTADUAL CELSO ARAUJO;RUA ZE PAJE, 241
MORADA NOVA;47;191;LAGOA GRANDE;EEB JOSE IRIS RABELO;LAGOA GRANDE
JUCÁS;43;140;CRUZ - SÍTIO - CANAFÍSTULA;SALAO COMUNITARIO DA CRUZ;SÍTIO CRUZ
BARREIRA;52;205;LAGOA DO BARRO;ESCOLA FRANCISCO DAS CHAGAS FERREIRA;URUÁ
IPUEIRAS;40;15;SÃO JOSÉ DE LONTRAS;EEIEF GONÇALO BEZERRA CHAVES - SÃO JOSÉ DE LONTRAS;SÃO JOSÉ DE LONTRAS
CHORÓ;6;378;SANTA RITA;EEF SANTA RITA;SANTA RITA
SÃO LUÍS DO CURU;23;355;COELCE;E.E.F.M UBIRATAN DINIZ AGUIAR;RUA PE. JOSÉ SINVAL FACUNDO, 356 - PARAÍSO
PENTECOSTE;50;93;CENTRO;SECRETARIA DE SAÚDE;RUA ARTUR MOREIRA DE AZEVEDO, S/N
SABOEIRO;43;272;FELIPE;E.E.F. FRANCISCO ALVES DE OLIVEIRA;POVADO FELIPE
ORÓS;15;287;IGAROI - DISTRITO;E.E.F. OTILIO RUFINO DE LIMA;RUA NOSSA SRA DAS GRAÇAS, 200
JUCÁS;43;45;CENTRO - SEDE;SECRETARIA DE AÇÃO SOCIAL;RUA CORONEL LUIZ DUARTE S/N
SOBRAL;24;627;CAMPO DOS VELHOS;EEM PROF. LUIS FELIPE;RUA CEL JOSE SILVESTRE, 760
ITAITINGA;78;236;CENTRO;EEF VALMIQUE SAMPAIO ALBUQUERQUE;RUA JOSMO GURGEL ARAUJO, 1256
PIQUET CARNEIRO;12;1;IBICUA;EMEF ANA CLARA DE MAGALHAES;RUA JOSÉ TEOTÔNIO, S/N
CHORÓ;6;483;CENTRO;EEMTI EMANUEL;RUA UNIVERSITÁRIA, 323, CIDADE NOVA, CENTRO
URUBURETAMA;23;28;CENTRO;SECRETARIA DE AÇÃO SOCIAL DE URUBURETAMA;TRAVESSA JOAQUIM AVILA S/N
CEDRO;13;436;CENTRO;COLEGIO ESTADUAL CELSO ARAUJO;RUA ZE PAJE, 241
QUIXADÁ;6;200;JUATAMA;CEI RAIMUNDO LOPES DE PAULO;RUA PEDRO FILGUEIRAS, S/N
ICÓ;15;133;SAO BENTO - SITIO;ESCOLA MUNICIPAL MIGUEL VICENTE PEREIRA;SITIO SAO BENTO S/N
BATURITÉ;5;6;CENTRO-SEDE;EMEF DOMINGOS SAVIO;AV DOM BOSCO, 393
PENTECOSTE;50;205;ZONA RURAL;EEIF MANOEL FÉLIX GOMES - ANEXO(MULUNGU);PEDRA BRANCA ILHA
CAUCAIA;123;478;MARECHAL RONDON (JUREMA);CAPEMI - LAR FABIANO DE CRISTO;AV. DOM ALMEIDA LUSTOSA, 4395
ARARENDÁ;48;195;ASSENTAMENTO ITAURÚ;E. E. F.  SATURNINO ABREU MEMÓRIA;LOCALIDADE DE ITAURU
SENADOR POMPEU;12;173;SEDE;EEIEF PAULO VITORIANO DE OLIVEIRA;SITIO BONITO S/N
FORTALEZA;3;262;CENTRO;EEMTI VISCONDE DO RIO BRANCO;AV. DOM MANUEL, 1803
MARANGUAPE;4;642;SANTOS DUMONT - MARANGUAPE;CEI SOFIA DE ABREU CORDEIRO;RUA JOSÉ DE OLIVEIRA, 805
PARAMOTI;111;172;CENTRO;EEFM TOMÉ GOMES DOS SANTOS (PRÉDIO ANTIGO);RUA GONÇALO SOARES, 341
CAUCAIA;120;229;BOM PRINCIPIO;E.E.I.E.F. NELY SALES GADELHA;BR 020 KM 45 B - BOM PRINCÍPIO VELHO
PARAMOTI;111;169;CENTRO;EEFM TOMÉ GOMES DOS SANTOS (PRÉDIO ANTIGO);RUA GONÇALO SOARES, 341
IPAUMIRIM;92;122;VILA FAZENDINHA;POSTO DE SAÚDE DA VILA FAZENDINHA;VILA FAZENDINHA
MAURITI;76;93;PALESTINA DO CARIRI-DISTRITO;EEF JOSE ACÍLIO;RUA GABRIEL IZIDRO, SN
IPAPORANGA;20;236;TORRÕES;ESCOLA DE ENSINO FUNDAMENTAL ANTONIO DIAS FERREIRA;TORROES
IPU;21;82;SEDE;POSTO DA SUCAM - FNS;RUA DR CHAGAS PINTO 631 - CENTRO
BANABUIÚ;6;455;SITIÁ;CRECHE AMOR DE DEUS;CASINHAS
CHOROZINHO;49;383;SITIO CAPOEIRA;EEF LUIS GOMES DA SILVA;SITIO CAPOEIRA
PENTECOSTE;50;56;CENTRO;CÂMARA MUNICIPAL DE PENTECOSTE;RUA DOUTOR MOREIRA DE AZEVEDO, S/N
POTENGI;68;68;DISTRITO DE BARREIROS;UBS ANTONIO ALVES PEQUENO - BARREIROS;VILA BARREIROS
PIQUET CARNEIRO;12;174;CATOLE DA PISTA;POSTO DE SAUDE NOSSA SENHORA AUXILIADORA;CATOLE DA PISTA
SOLONÓPOLE;55;29;PASTA;GRUPO ESCOLAR ANTONIO BENIGNO BEZERRA;DISTRITO PASTA
CRATO;27;8;PIMENTA;URCA - UNIVERSIDADE REGIONAL DO CARIRI;RUA CORONEL ANTÔNIO LUIZ, 1161
FORTALEZA;3;514;CENTRO;CENTRO DE PASTORAL MARIA, MÃE DA IGREJA;RUA RODRIGUES JÚNIOR, 300
NOVA RUSSAS;48;77;CENTRO;EEMTI OLEGARIO ABREU MEMORIA;RUA CEL. ANTONIO RODRIGUES VERAS 1018
IGUATU;13;587;VENEZA;ESCOLA DE ENS FUND FILGUEIRAS LIMA;RUA NELSON ALENCAR
VARJOTA;65;202;PEDREIRA;C.E.I. CÂNDIDA FERREIRA DE PAULA;RUA PADRE MACARIO, S/N
FORTALEZA;3;267;CENTRO;COLÉGIO ARI DE SÁ - PRÉ-VESTIBULAR - SEDE DUQUE DE CAXIAS;AV. DUQUE DE CAXIAS, 519
CRATO;27;361;PONTA DA SERRA;EEIEF VITURINO DA COSTA VILAR;RUA VITORINO DA COSTA VILAR, SN. SÍTIO MALHADA
SANTANA DO ACARAÚ;44;100;RETIRO;EEIF PADRE SEVERIANO;RUA DR MANOEL JOAQUIM   S/N
PACAJUS;49;316;FORMOSO;EEF JOSE GERALDO FILHO;FORMOSO
CRATO;27;7;PIMENTA;URCA - UNIVERSIDADE REGIONAL DO CARIRI;RUA CORONEL ANTÔNIO LUIZ, 1161
CRATEÚS;20;28;CIDADE NOVA;CENTRO DE EDUCACAO DE JOVENS E ADULTOS PROFESSOR LUIZ BEZERRA;RUA DR LUIZ CHAVES E MELO
ITAPIPOCA;17;725;BALEIA;EEB DOM PAULO EDUARDO ANDRADE PONTES;CÓRREGO DA ESTRADA
CRATO;27;357;GRANGEIRO;ASSOCIAÇÃO UNIDOS PRÓ-MELHORAMENTO DO SÍTIO COQUEIRO;SÍTIO COQUEIRO
MOMBAÇA;46;161;SEDE;ESCOLA DE ENSINO FUNDAMENTAL FRANCISCA CASTELO TEIXEIRA;SÍTIO PIÇARREIRA
LIMOEIRO DO NORTE;29;57;CENTRO;FACULDADE DE FILOSOFIA D AURELIANO MATOS;AV DOM AURELIANO MATOS 2058
CRATEÚS;20;151;IBIAPABA;ESCOLA DE CIDADANIA DE IBIAPABA;IBIAPABA
UBAJARA;73;109;CENTRO;ESCOLA  MONS FRANCISCO TARCISIO MELO;AV CEL FRANCISCO CAVALCANTE, SN
CRATO;27;116;MURITI;UNIDADE BÁSICA DE SAÚDE FRANCISCO DAS CHAGAS LOBO SOARES (CHAGUINHA);RUA PEDRO ORLANDO BEZERRA DE MENEZES, S/N
IPAUMIRIM;92;133;CENTRO-SEDE;CENTRO DE EDUCAÇÃO INFANTIL TIA ZÊ;VILA ALTO BANDEIRANTE
ITAITINGA;78;417;ANCURI;EEF FRANCISCA DE MORAIS FERRER;RUA PARQUE DAS FLORES, 500
FORTALEZA;3;524;CENTRO;COLÉGIO 7 DE SETEMBRO (SEDE NGS);AV. DO IMPERADOR, 1330
SANTA QUITÉRIA;54;44;CENTRO;ESCOLA DE ENSINO FUNDAMENTAL FRANCISCA GERACINA LÔBO MESQUITA;RUA TABELIÃO FRANCISCO DE PAULA LÔBO, SN.
RERIUTABA;79;39;VILA NOVA;CRECHE VÓ SINHÁ;RUA JOÃO FURTADO FILHO, N 720
LAVRAS DA MANGABEIRA;14;73;ARROJADO - DISTRITO;ESCOLA DE 1 GRAU MANOEL GONCALVES;RUA JOSE CAETANO S/N
FORTALEZA;3;278;CENTRO;FAC. CATÓLICA DE FORTALEZA (SEMINÁRIO DA PRAINHA);RUA TENENTE BENÉVOLO, 201
CEDRO;13;476;VÁRZEA DA CONCEIÇÃO;ANEXO FRANCISCO SILVEIRA DE AGUIAR;RUA JOAO BATISTA MORENO SN
LAVRAS DA MANGABEIRA;14;62;CENTRO - SEDE;EEMTI FILGUEIRAS LIMA;RUA HILDA AUGUSTO, 429, ROSÁRIO
AIUABA;101;28;SAO NICOLAU;GRUPO ESCOLAR EDMUNDO BRAGA;RUA BENTO HERCULES SN
FORTALEZA;1;933;CAIS DO PORTO;EEFM - HELENITA MOTA;RUA AMANCIO FILOMENO,720
IBICUITINGA;47;275;ACUDE DOS PINHEIROS;EEB JOSE RUFINO PINHEIRO;ACUDE DOS PINHEIROS - SEDE
TRAIRI;97;24;FLEIXEIRAS;EEF FURTUNATO SEVERIANO DA COSTA;FLEIXEIRAS
FORTALEZA;95;204;JANGURUSSU;EEEP MÁRIO ALENCAR;RUA VERDE 44, 97 (CJ. SÍTIO SÃO JOÃO)
FORTALEZA;85;165;AUTRAN NUNES;EM BERGSON GURJÃO FARIAS;AVENIDA SENADOR FERNANDES TÁVORA, 2500
CAUCAIA;37;6;CENTRO;C.S.U. EDSON DA MOTA CORREA;RUA JOSE DE PONTES, 2671 - AÇUDE
MARACANAÚ;104;10;PAJUÇARA;EMEIEF SINFRONIO PEIXOTO DE MORAIS;RUA JULIO MENDES, 255
FORTALEZA;1;50;VARJOTA;ESCOLA ESTADUAL  BARBARA DE ALENCAR;RUA PEDRO RUFINO 38
FORTALEZA;2;77;MESSEJANA;EEEP JOSE DE BARCELOS;RUA ANGELICA GURGEL 362
ITAPIPOCA;17;430;ÁREA NOBRE;EEB TEREZINHA DE SOUSA FERREIRA ALBUQUERQUE;RUA JOSÉ DE ALENCAR, 497
EUSÉBIO;88;183;MANGABEIRA;CEI MARIA ZULEIDE ROCHA;R FRANCISCO FERREIRA DA SILVA, 2940
HIDROLÂNDIA;54;3;CENTRO;E. M. E. F. ADAIL FREITAS MARINHO;RUA VEREADOR EXPEDITO PEREIRA DE SOUSA, 199
FORTALEZA;114;17;BARRA DO CEARÁ;SENAI - CENTRO DE FORMAÇÃO PROFISSIONAL;AVENIDA FRANCISCO SÁ 7221
SANTA QUITÉRIA;54;217;COHAB;ESCOLA MARIA ALMERINDA JUCÁ MAGALHÃES;CONJUNTO HABITACIONAL ANGÉLICA CATUNDA
FORTALEZA;116;126;GRANJA PORTUGAL;EEFM PROF JOCIE CAMINHA DE MENEZES;RUA ITU 120
JARDIM;119;333;SITIO BOM SUCESSO;ESCOLA MANOEL JOSE DE SOUZA;SITIO BOM SUCESSO  SN
ACARAÚ;30;213;CENTRO;LICEU DE ACARAÚ - ESCOLA MARIA ALICE RAMOS;CENTRO
FORTALEZA;115;312;ITAPERI;UNIVERSIDADE ESTADUAL DO CEARA - UECE;AV DR. SILAS MUNGUBA, 1700
CRUZ;30;90;ZONA RURAL;ESCOLA MARIA FILOMENA SOUSA;CAJUEIRINHO II
FORTALEZA;113;80;JARDIM AMÉRICA;ESCOLA MUNICIPAL PROF. FILGUEIRAS LIMA;AV. DOS EXPEDICIONÁRIOS, 3910
IBIAPINA;73;28;DISTRITO DE BETÂNIA;ESCOLA MARIA MATIAS;DISTRITO DE BETÂNIA
LIMOEIRO DO NORTE;29;147;ESPINHO;EEF JOÃO LUIS MAIA;SITIO ESPINHO
FORTALEZA;85;239;CONJUNTO CEARÁ I;EEFM DOUTOR GENTIL BARREIRA;RUA 202-D, S/N - CONJUNTO CEARÁ I
SOBRAL;24;550;JUNCO;EEFI JOSE DA MATA E SILVA;AV DR JOSE ARIMATEA MONTE E SILVA, 574
QUIXADÁ;6;50;ALTO SÃO FRANCISCO;COORDENADORIA REGIONAL DE DESENVOLVIMENTO DA EDUCAÇÃO - CREDE 12;AV. JUSCELINO KUBITSCHEK, 493
FORTALEZA;93;98;PREFEITO JOSÉ WALTER;CEI ROGACIANO LEITE;AVENIDA J, 1488 - III ETAPA
MARACANAÚ;104;442;TIMBÓ;EEMTI ADAHIL BARRETO CAVALCANTE;AVENIDA VEREADOR EDMILSON MARQUES, S/N
VIÇOSA DO CEARÁ;35;120;CENTRO;E.E.F PEQUENO POLEGAR;RUA SILVA JARDIM S/N
ACOPIARA;60;175;DISTRITO DE SANTO ANTONIO;EEF JOAQUIM LIMA DA SILVA;SITIO PAUS BRANCO
CRATO;27;96;SEMINÁRIO;EEIEF LICEU DIOCESANO DE ARTES E OFÍCIOS;RUA DUARTE JÚNIOR S/N
CRATO;27;81;VILA ALTA;EEFM JOSÉ ALVES DE FIGUEIREDO;RUA GETÚLIO VARGAS, 214
FORTALEZA;3;630;ALDEOTA;COLÉGIO BATISTA - SANTOS DUMONT;RUA DESEMBARGADOR LEITE ALBUQUERQUE, 1056
UMIRIM;23;249;BANANA;E.E.M. MARIA IRACEMA UCHOA SALES (LICEU);RUA RUFINO DE SOUSA, S/N
FORTALEZA;115;428;VILA PERI;CENTRO DE EDUCAÇÃO PEDAGÓGICO EÇA DE QUEIROZ;RUA DOM XISTO ALBANO 611
FORTALEZA;115;110;PARANGABA;EMTI CAROLINO SUCUPIRA;RUA MUNDICA PAULA, 670
FORTALEZA;95;218;PARQUE SANTA MARIA;EMEIEF BARBARA DE ALENCAR;RUA CAPITAO PORFIRIO, 544
EUSÉBIO;88;83;GUARIBAS;EEF DAS GUARIBAS;RUA SÃO FRANCISCO, 84 - GUARIBAS
CAUCAIA;37;348;LAGOA DO BARRO;E.E.F. TECLA GONZAGA SALES;RUA PRINCIPAL BURITIZINHO
SOLONÓPOLE;55;27;CANGATI;ESCOLA DE ENSINO FUNDAMENTAL SANTA MARIA GORETE;CANGATI
BREJO SANTO;70;31;ARAUJÃO;UNIVERSIDADE FEDERAL DO CARIRI - UFCA;RUA OLEGÁRIO EMÍDIO DE ARAÚJO, S/N
RUSSAS;9;65;CENTRO;ESCOLA MUNICIPAL TIA BENILCE DE EDUC INFANTIL E ENSINO FUNDAMENTAL;AVENIDA DOM LINO, 204
SOBRAL;24;189;JUNCO;EEFI PROF. GERARDO RODRIGUES ALBUQUERQUE;AVENIDA JOHN SANFORD, 1940
SOBRAL;24;562;SUMARÉ;EEFI JOSE PARENTE PRADO;RUA SANTA MARTA,100
VÁRZEA ALEGRE;62;123;SANHAROL;EEF ANTÃO LEANDRO BITU;SÍTIO SANHAROL
LAVRAS DA MANGABEIRA;14;114;CRUZEIRO;ESCOLA DE 1 GRAU STELA SAMPAIO;BAIRRO DO CRUZEIRO S/N
FORTALEZA;94;625;QUINTINO CUNHA;COLÉGIO DOM FELIPE;AV INDEPENDÊNCIA. 1652
FORTALEZA;85;141;CONJUNTO CEARÁ I;EEEP PROFESSOR CESAR CAMPELO;RUA 717, N.164, 3 ETAPA
RUSSAS;9;119;TABULEIRO DO CATAVENTO;CAIC - SENADOR CARLOS JEREISSATI;RUA 25 SN  MUTIRAO
MARANGUAPE;4;32;PARQUE IRACEMA - MARANGUAPE;EEMTI ANCHIETA;RUA ANTÕNIO GOMES BESSA, 60
SANTANA DO ACARAÚ;44;75;SOROROCA;LOJA MAÇÔNICA DEUS E FRATERNIDADE;SOROROCA
PINDORETAMA;7;66;CENTRO-PINDORETAMA;EEM JULIA ALENQUER FONTENELE;AV. FIRMINO CRISOSTOMO, 1944
JUAZEIRO DO NORTE;28;250;CENTRO;COLEGIO SOSSEGO;RUA SAO DOMINGOS 59
MARACANAÚ;122;22;PIRATININGA;COLÉGIO ESTADUAL PROFº FRANCº OSCAR RODRIGUES(COL.EST.LICEU MARACANAÚ);AV. LUIZ GONZAGA HONÓRIO, 50, PIRATININGA, MARACANAÚ-CE
CAUCAIA;37;440;SANTA ROSA;E.E.I.E.F. ESTEVÃO MATIAS DE PAULA;RUA PRINCIPAL, S/N - SANTA ROSA
PENTECOSTE;50;54;ACAMPAMENTO;SINDICATO DOS TRABALHADORES E TRABALHADORAS RURAIS DE PENTECOSTE;AVENIDA DR. JOSÉ DE BORBA VASCONCELOS
SANTANA DO ACARAÚ;44;62;CENTRO;EEMTI NAZARÉ SEVERIANO;RUA NONATO ARCANJO S/N -CENTRO
JUAZEIRO DO NORTE;28;7;CENTRO;COLÉGIO BATISTA DO CARIRI;RUA SAO PAULO 797
GENERAL SAMPAIO;50;29;CONJUNTO SÃO JOSÉ;CRECHE PROINFÂNCIA DIANA DE NAZUR MONTEIRO MARINHO MOREIRA;RUA JOSÉ COSTA NASCIMENTO
AIUABA;101;43;CENTRO;ESCOLA PADRE PEDRO JOSE;RUA ARMANDO ARRAES FEITOSA 30
IBICUITINGA;47;226;CANINDEZINHO;EEB MANOEL ANTONIO DE FREITAS;CANINDEZINHO  - SEDE
FORTALEZA;115;214;SERRINHA;PROJETO ABC DA SERRINHA;RUA CONEGO LIMA SUCUPIRA, 1.487
FORTALEZA;115;437;VILA PERI;EM RAIMUNDO SOARES DE SOUSA;RUA COSTA FREIRE 550
JUAZEIRO DO NORTE;119;416;NOVO JUAZEIRO;ESCOLA TIRADENTES;CASTELO BRANCO SN
JAGUARUANA;75;128;CORREGO DO MACHADO;IGREJA CATÓLICA DO CORREGO DO MACHADO;CORREGO DO MACHADO
ITAPIPOCA;17;29;COQUEIRO;IFCE - CAMPUS ITAPIPOCA;AVENIDA DA UNIVERSIDADE, 102
GROAÍRAS;65;107;CENTRO;EEFM MONSENHOR LINHARES;RUA RAIMUNDO NONATO ALBUQUERQUE, 201
FORTALEZA;114;110;PRESIDENTE KENNEDY;EM SÃO JOSÉ;AVENIDA DOUTOR THEBERGE 2288
ITAPIPOCA;17;64;ÁREA RURAL DE ITAPIPOCA;EEB JOÃO SABINO DO NASCIMENTO;LAGOA DO JUA
SOBRAL;24;77;EXPECTATIVA;EEFI TRAJANO DE MEDEIROS (LAVANDERIA);AVENIDA DR. JOSE EUCLIDES FERREIRA GOMES JUNIOR, S/N
ITAPIPOCA;17;613;MARANHÃO;EEB JOÃO IDÁLIO TEIXEIRA;RUA DR BEZERRA DE MENEZES, SN
SANTA QUITÉRIA;54;151;DISTRITO DE LISIEUX;E.E.M. MARIA NEUSA ARAÚJO MOURA;RUA ANTONIA BRAGA, S/N.
GRANJA;25;133;ADRIANOPOLES;E.E.F. GUILHERME TELES GOUVEIA (ANTIGA NIEDJA ARRUDA);RUA VICENTE FERREIRA, S/N
GRANJA;25;150;PAULA PESSOA;E.E.F. GALDINO MARQUES DE OLIVEIRA;PAULA PESSOA
FORTALEZA;94;871;PADRE ANDRADE;EEFM HERMINIO BARROSO;RUA PADRE GUILHERME 800
FORTALEZA;85;319;GENIBAÚ;ESCOLA MUNICIPAL DEP MURILO AGUIAR;RUA 24 DE OUTUBRO 655
ITAPAJÉ;41;60;IRATINGA;E.E.M. ANTONIO CUSTÓDIO DE MESQUITA;RUA ANTONIO CUSTODIO DE MESQUITA 76