FORTALEZA;113;256;AMADEU FURTADO;EEF MONSENHOR LINHARES;RUA PROF. LINO ENCARNAÇÃO, 1130
FORTALEZA;93;209;PREFEITO JOSÉ WALTER;CEI RACHEL DE QUEIROZ;RUA 41, S/N - II ETAPA
QUIXERAMOBIM;11;301;CENTRO;LICEU ALFREDO ALMEIDA MACHADO;AV. DR. JOAQUIM FERNANDES, 95 - CENTRO
SANTANA DO ACARAÚ;44;130;MORRO DOS CARMOS;GRUPO ESCOLAR SAO FRANCISCO;MORRO DOS CARMOS
FORTALEZA;112;401;SAPIRANGA-COITÉ;EEMTI PROFESSORA TECLA FERREIRA;RUA FRANCISCA BEZERRA, 417
CARIDADE;111;77;SAO DOMINGOS;EEI FRANCISCO DE MOURA BARROS;RUA VICENTE DE PAULA FONSECA, S/N, SAO DOMINGOS
JUAZEIRO DO NORTE;28;286;FATIMA;EMEI MARIA QUIRINO DA SILVA;RUA PEDRO GUILHERME DA SILVA, SN
TRAIRI;97;130;ANGELIM;EEF FIRMINO FRANCISCO DE MOURA;ANGELIM
CRUZ;30;434;TUCUNS;ESCOLA FILOMENO FREITAS VASCONCELOS;AV TENENTE ALBANO  SN
SANTANA DO ACARAÚ;44;29;CENTRO;EEMTI NAZARÉ SEVERIANO;RUA NONATO ARCANJO S/N -CENTRO
TURURU;17;668;AÇUDINHO / ZONA RURAL;EMEF TIBURCIO ALVES PAIXAO;LOCALIDADE ACUDINHO
CANINDÉ;33;283;ZONA RURAL;EMEF MENESES PIMENTEL;LOCALIDADE DE BARRA CANCAO
AMONTADA;89;296;MOITAS;EEBTI JONAS PEREIRA AZEVEDO;RUA GILVANI TEIXEIRA
RERIUTABA;79;96;QUANDU;E.E.I.F. JOÃO DA CUNHA SOBRINHO;FAZENDA QUANDU - ZONA RURAL
FORTALEZA;118;443;PARQUE DOIS IRMÃOS;EM MANUEL LIMA SOARES;AVENIDA NORTE SUL, 145 (CJ JARDIM PRIMAVERA)
TURURU;17;630;CEMOABA / ZONA RURAL;EMEF MARIA LUNGA MOREIRA;RUA PRINCIPAL
FORTALEZA;116;441;BONSUCESSO;EM XV DE OUTUBRO;RUA GUARANI, 2030
FORTALEZA;116;92;GRANJA PORTUGAL;EM CREUSA DO CARMO ROCHA;RUA DUAS NACOES 1055
CARIRIAÇU;71;40;PARAÍSO;EEF PAULO BARBOSA LEITE;RUA LUIZ BEZERRA, SN
TAMBORIL;61;62;CENTRO;EMEF GENERAL SAMPAIO;RUA FRANCISCO MARTINS DE HOLANDA, 75
FORTALEZA;113;130;BENFICA;EEFM FIGUEIREDO CORREIA;RUA MARECHAL DEODORO, 733
INDEPENDÊNCIA;39;142;TRANQUEIRAS;E.E.F. VIRGILIO TAVORA;POVOADO TRANQUEIRAS
REDENÇÃO;52;194;BOA FÉ (SEDE);ESCOLA CORONEL VICENTE FERREIRA DO VALE;RUA CORONEL HONORATO GOMES
REDENÇÃO;52;132;DISTRITO DE ANTÔNIO DIOGO;ESCOLA TERTO VENÂNCIO;VILA ANTONIO JUSTA - CENTRO
NOVO ORIENTE;99;27;CENTRO;EEB DR. ANTONIO EUFRASINO NETO;RUA LUIZ BEZERRA, S/N
FORTALEZA;116;378;GRANJA PORTUGAL;EM JOSE CARLOS MATOS;RUA ITAJAI 802
AQUIRAZ;66;180;PRAIA DO PRESIDIO;EMEF LUIS EDUARDO STUDART GOMES;RUA DA BIQUARA
PARAMBU;19;305;CENTRO;ESCOLA JOSÉ CARVALHO PINHEIRO;RUA ANTONIO BENÍCIO PINHEIRO, 35
PARAMBU;19;344;CENTRO;ESCOLA MANOEL DE SOUSA - ANEXO;MIRANDA
OCARA;67;238;CENTRO-SEDE;SECRETARIA DE CULTURA, ESPORTE E JUVENTUDE (ANTIGA ESCOLA ALMIR PINTO);AV CORONEL JOAO FELIPE SN
ARACATI;8;181;MAJORLANDIA;C.E.I. MARIA LEONOR MAIA;RUA EUCLIDES MOREIRA, S/N
INDEPENDÊNCIA;39;157;SAO JOSE IAPI;E.E.F. FRANCISCO JOSE LACERDA NETO;POVOADO SAO JOSE IAPI
CAUCAIA;37;591;CUMBUCO;E.E.F. HELENA DE AGUIAR DIAS;AV DOS COQUEIROS, S/N
POTENGI;68;93;CENTRO;CEMAC - ANTIGA BIBLIOTECA MUNICIPAL - SEDE;RUA JOSÉ EDMILSON ROCHA,  S/N           CENTRO SEDE
FORTALEZA;83;325;DEMOCRITO ROCHA;ESCOLA MUNICIPAL JOSÉ BONIFÁCIO DE SOUSA;RUA PERNAMBUCO 600
ITAPIÚNA;105;135;DISTRITO DE CAIO PRADO;EEF DEPUTADO JOAO VIANA (ANEXO CRECHE RAIO DO SOL);AV JOSE MARINHO SN
VÁRZEA ALEGRE;62;251;GROSSOS;EEF MARIA ANÉSIA FERREIRA LIMA;AVENIDA LÚCIA CORREIA, S/N
TRAIRI;97;5;CENTRO;COLEGIO CENTRO EDUCACIONAL PIO RODRIGUES;RUA MANOEL TEIXEIRA S/N
FORTALEZA;85;103;AUTRAN NUNES;EEMTI RAIMUNDO GOMES DE CARVALHO;RUA RAIMUNDO RIBEIRO, 400
ITAPAJÉ;41;196;ACUDE-SEDE;E.M.E.F FRANCISCO EUDES MAGALHAES;R. FAUSTO PINHEIRO, 530
CARNAUBAL;22;208;SITIO CACHOEIRA DO NORTE;CENTRO DE APRENDIZAGEM RURAL CANDIDO DA CONCEICAO;SITIO CACHOEIRA DO NORTE
ACARAÚ;30;71;ZONA RURAL;ESCOLA MANOEL ALBINO FURTADO;TUCUNZEIROS
BARREIRA;52;122;LAGOA GRANDE;ESCOLA PEDRO ALEXANDRINO DE LIMA;LAGOA GRANDE
FORTALEZA;83;118;DOM LUSTOSA;ESCOLA MUNICIPAL MURILO SERPA;RUA MONSENHOR HIPOLITO BRASIL 1400
FORTALEZA;83;167;JÓQUEI CLUBE;EEFM HERACLITO DE CASTRO E SILVA;RUA SILVEIRA FILHO, 808
TIANGUÁ;81;232;SANTO ANTÔNIO;LICEU DE TIANGUÁ - JOSE NI MOREIRA;RUA ZENI, 12 - SANTO ANTONIO
PACAJUS;49;356;LIMOEIRO;EEF LIMOEIRO;LOCALIDADE LIMOEIRO
TABULEIRO DO NORTE;91;34;GANGORRINHA;EEB PEDRO MOREIRA DE SOUSA - GANGORRINHA;SITIO GANGORRINHA
QUIXERAMOBIM;11;253;SAO MIGUEL;ESCOLA  JOSE MARTINS DE ALMEIDA;OITICICA
IPU;21;173;ALTO DA BOA VISTA;EMEB MONSENHOR GONÇALO DE OLIVEIRA LIMA;AV. JOSÉ CARVALHO DE ARAGÃO, 102
FORTALEZA;85;127;AUTRAN NUNES;EMEIF AUTRAN NUNES;RUA PROFESSOR VIRGILIO MORAIS SN
CANINDÉ;33;24;SANTA LUZIA;EMEF SENADOR CARLOS JEREISSATI;RUA EUCLIDES BARROSO, 1048
MARCO;96;125;DISTRITO DE PANACUI;CEI FATIMA ROCHA SILVIA FONSECA;PANACUÍ
FORTALEZA;117;315;SIQUEIRA;COLÉGIO VIDA VIVA;RUA JOSÉ MARIA, 100
SÃO LUÍS DO CURU;23;328;ESCOSSIO-POVOADO;E.E.F. ALONSO HERCULANO;ESCOSSIO - POVOADO
PARAMBU;19;389;BELEZA;ESCOLA CICERO FERREIRA DOS SANTOS;RUA ANTONIO BEZERRA, 28
IBIAPINA;73;23;CENTRO;ESCOLA PROFISSIONAL MONS MELO (COLÉGIO DAS IRMÃS);RUA MONSENHOR MELO, 539
FORTALEZA;95;132;JANGURUSSU;EM PROFESSOR FRANCISCO DE MELO JABORANDI;AV. GOVERNADOR LEONEL BRIZOLA, 198
PINDORETAMA;7;87;PRATIUS - 1;EMEB JOSÉ DE QUEIROZ FERREIRA;AV. VALE ALBINO, SN - RODOVIA CE 454 - PRATIUS - 1
FORTALEZA;116;435;BONSUCESSO;CEI XV DE OUTUBRO;RUA MENINO JESUS DE PRAGA, 192
MORADA NOVA;47;70;ARUARU;EEB PROFESSORA JOANA PAULA DE MORAIS;AVENIDA ERNESTO GEISEL
FORTALEZA;112;451;EDSON QUEIROZ;UNIVERSIDADE DE FORTALEZA - UNIFOR;AVENIDA WASHINGTON SOARES, 1321
SANTANA DO CARIRI;53;59;DOM VITAL;CENTRO DE EDUCAÇÃO INFANTIL - CEI AUGUSTO MUNIZ;SÍTIO DOM VITAL, SN
SENADOR POMPEU;12;146;SEDE;CAPELA CORAÇÃO DE JESUS;SITIO TAPAJOS
BATURITÉ;5;42;MONDEGO-SEDE;CENTRO DE REFERÊNCIA EM ASSISTÊNCIA SOCIAL - CRAS;RUA MAJOR PEDRO CATÃO, 159
SANTANA DO ACARAÚ;44;59;CENTRO;EEMTI NAZARÉ SEVERIANO;RUA NONATO ARCANJO S/N -CENTRO
IBIAPINA;73;57;SITIO TAQUARATIS;ESCOLA FRANCISCO DOMINGOS;SÍTIO TAQUARATIS
FORTALEZA;93;81;PREFEITO JOSÉ WALTER;EM RACHEL DE QUEIROZ;AVENIDA C, S/N - II ETAPA
FORTALEZA;95;240;JANGURUSSU;EMEIEF TAÍS MARIA BEZERRA NOGUEIRA;AV. GOVERNADOR LEONEL BRIZOLA, 710
UMARI;15;222;SITIO UMARIZINHO;IGREJA NOSSA SENHORA DE FÁTIMA - SÍTIO UMARIZINHO;SÍTIO UMARIZINHO
EUSÉBIO;88;132;CARARU;EEF RAIMUNDO NONATO DA SILVA - CARARU;RUA FRANCISCO DOMINGOS, S/N - CARARU
FORTALEZA;3;483;PRAIA DE IRACEMA;COLÉGIO ANTARES (PRAIA DE IRACEMA);RUA HISTORIADOR GUARINO ALVES, 95
MARACANAÚ;122;225;LUZARDO VIANA;E.M.E.I.E.F. MANOEL MOREIRA LIMA;ESTRADA DO PAU SERRADO, S/N
FORTALEZA;113;281;BOM FUTURO;COLÉGIO MEDALHA MILAGROSA;RUA PADRE JOÃO PIAMARTA,  415
IPU;21;19;SEDE;EEMTI AUTON ARAGAO;PCA SAO SEBASTIAO 1029 CENTRO
BEBERIBE;84;147;SUCATINGA;ESCOLA DE MUNICIPAL JOSE FRANCISCO DAS CHAGAS;LAGOA FUNDA
LAVRAS DA MANGABEIRA;14;17;CENTRO - SEDE;COLEGIO SAO VICENTE FERRER;RUA HILDA AUGUSTO S/N
ICÓ;15;83;LIMA CAMPOS - DISTRITO;CRAS III - IRMÃ MARIA JOSÉ;RUA DA BR S/N
ARATUBA;105;99;SITIO FERNANDES;ESCOLA RURAL DE FERNANDES;SITIO FERNANDES
FORTALEZA;95;292;JANGURUSSU;EMEIEF MARTHA DOS MARTINS COELHO GUILHERME;RUA 313, 243, CONJUNTO SÃO CRISTÓVÃO
CAUCAIA;123;516;MARECHAL RONDON (JUREMA);CIDI- CENTRO INTEGRADO DE DESENVOLVIMENTO INFANTIL;AV. NOVA ALVORADA, 490
ERERÉ;10;123;ZONA RURAL;E.E.F. SÃO FRANCISCO DE ASSIS;SITIO ABRIGO
TRAIRI;97;2;CORREGO FUNDO;EEF ANTONIO ROBESPIERRE VIANA;CORREGO FUNDO
FORTALEZA;94;599;VILA VELHA;EM CASTELO DE CASTRO;RUA 43 1531
PARACURU;109;30;POÇO DOCE;E. M. E. I. F. RUFINO VIEIRA;RUA RUTH FELIX, S/N
MARANGUAPE;4;548;CAJUEIRO - TANQUES;EMEIEF ANTÕNIO JANUÁRIO DE OLIVEIRA;CAJUEIRO
JUAZEIRO DO NORTE;28;440;JUVENCIO SANTANA;EEF PREFEITO JOSE MONTEIRO DE MACEDO;RUA SAO SALVADOR, 104
JAGUARIBE;10;69;NOVA BRASÍLIA;EEF PROFESSOR GUTENBERG BARBOSA SILVA;AVENIDA GIL TEIXEIRA BASTOS, 1420
MARANGUAPE;4;641;NOVO MARANGUAPE I (ÁREA VERDE) - MARANGUAPE;EMEF DIREITOS HUMANOS;RUA MONSENHOR ASSIS PORTELA, S/N
CARNAUBAL;22;25;SITIO JUNCO;EEF ESTER DE ASSIS BRITO;SITIO JUNCO
COREAÚ;64;3;Centro;COREAÚ - SECRETARIA MUNICIPAL DE EDUCAÇÃO;AV. PREFEITO VILAR FONTENELE, 81- CENTRO
FORTALEZA;117;194;PARQUE SÃO JOSÉ;CITS PARQUE SÃO JOSÉ - CENTRO DE INCLUSÃO TECNOLÓGICA E SOCIAL;RUA CÔNEGO DE CASTRO, 3955
FORTALEZA;3;503;MEIRELES;IDEAL CLUBE;AV. MONSENHOR TABOSA,  1381
FORTALEZA;113;444;RODOLFO TEÓFILO;ESC. MUNICIPAL ANTONIO SALES RODOLFO TEÓFILO;RUA TAVARES IRACEMA, 675
FORTALEZA;117;252;CONJUNTO ESPERANÇA;EEEP DARCY RIBEIRO;RUA CONEGO DE CASTRO, S/N
CRUZ;30;261;CAICARA;ESCOLA JOAO LADISLAU DE PAULO MAGALHAES;CAICARA
BARBALHA;31;137;MALVINAS;CEI RAIMUNDA MARIA SAMPAIO (MALVINAS);RUA P-19, S/N - PROX. ARENINHA
JARDIM;119;337;CORRENTE;ESCOLA LUIZ LEITE BRINGEL;POVOADO DE CORRENTE  SN
BATURITÉ;5;80;PUTIU-SEDE;EMTI CORONEL ESTEVÃO ALVES DA ROCHA;RUA DUQUE DE CAXIAS, 132
FORTALEZA;94;30;ANTÔNIO BEZERRA;EEFM JOSE BEZERRA DE MENEZES (POLIVALENTE);RUA DR. JOÃO GUILHERME, 311
CAUCAIA;37;13;PARQUE SOLEDADE;COLEGIO JANUSA CORREA;RUA NOSSA SENHORA DOS PRAZERES, 238
GRANJEIRO;62;151;CENTRO;EEFM MIGUEL SARAIVA PINHEIRO;RUA HENRIQUE DE MACEDO SN
PACATUBA;57;291;SAO JOSE;EEM CASSIMIRO LEITE DE OLIVEIRA;RUA SERGIO PROTASIO DA SILVA, 44
FORTALEZA;112;431;EDSON QUEIROZ;COLEGIO ARI DE SA CAVALCANTE WS;AV WASHINGTON SOARES, 3737
CARIÚS;43;194;ESPLANADA-SEDE;EEF MARIA SOTER PEREIRA;RUA RAUL NOGUEIRA II, S/N
PALHANO;9;6;CENTRO;ESCOLA DE ENSINO MEDIO JOSE FRANCISCO DE MOURA;AVENIDA POSSIDONIO BARRETO 459
JUAZEIRO DO NORTE;119;137;NOVO JUAZEIRO;ESCOLA TIRADENTES;CASTELO BRANCO SN
BREJO SANTO;70;149;SAO FRANCISCO-SEDE;CEJA MUNICIPAL JOÃO LANDIM DA CRUZ;RUA JOAQUIM INACIO DE LUCENA 504
INDEPENDÊNCIA;39;17;CENTRO;EMATERCE;RUA PRESIDENTE VARGAS
PACATUBA;57;304;CONJUNTO JEREISSATI II;EEF ANGELA COSTA CAMPOS;AV. XXV - SETOR H
APUIARÉS;50;167;ZONA RURAL;PONTO DE APOIO DA SAÚDE;BOA VISTA
JAGUARIBE;10;81;COHAB;EEEP POETA SINÓ PINHEIRO (LICEU);AV D, S/N
GUARACIABA DO NORTE;74;154;SEDE;ESCOLA DE ENSINO MEDIO MARIA MARINA SOARES;RUA 12 DE NOVEMBRO - CENTRO
JARDIM;119;347;SERRA AREIA;ESCOLA MANOEL OLIMPIO DE OLIVEIRA;SERRA AREIA
MOMBAÇA;46;129;BOA VISTA;ESCOLA DE ENSINO FUNDAMENTAL LUÍS BATISTA VIEIRA;SITIO CAPIVARA
CAUCAIA;37;457;JANDAIGUABA;E.E.I.E.F. MARIA HELENA MOREIRA DA SILVA;RUA DO GRUPO, 249
MARANGUAPE;4;63;CENTRO - MARANGUAPE;CASA DE CULTURA CAPISTRANO DE ABREU (FITEC);RUA MAJOR AGOSTINHO, 306
CANINDÉ;33;254;ZONA RURAL;EMEF PRESIDENTE CASTELO BRANCO;LOCALIDADE DE SALGADO INGA
LIMOEIRO DO NORTE;29;187;ÁREA RURAL;CEI MARIA PINHEIRO DA SILVA;SETOR NH5
JUAZEIRO DO NORTE;119;430;FREI DAMIAO;CEI-CAIC DOM ANTÔNIO CAMPELO DE ARAGAO (CRECHE);RUA VEREADOR RAIMUNDO JOSE RODRIGUES DA SILVA , SN
FORTALEZA;115;491;JARDIM CEARENSE;EM JOÃO ESTANISLAU FAÇANHA;RUA ONZE, S/N - CONJUNTO CAMPO DOS INGLESES
FORTALEZA;85;143;CONJUNTO CEARÁ I;EEEP PROFESSOR CESAR CAMPELO;RUA 717, N.164, 3 ETAPA
TIANGUÁ;81;311;VEREADOR JOÃO ALBUQUERQUE;E.E.I.F. TEREZA NUNES;RUA CONSTRUTOR RAIMUNDO BOTO, SN - RÉGIS DINIZ
CARIRÉ;65;88;FÓRUM;E.E.F. FRANCISCO HERMINIO PONTE;RUA SANTO ANTONIO, 551
CAUCAIA;37;395;PARQUE SOLEDADE;E.E.F. CORALIA GONZAGA SALES;RUA NAPOLEAO BONAPARTE VIANA, S/N
FORTALEZA;117;163;BOM JARDIM;EEFM JULIA ALVES PESSOA;RUA SÃO FRANCISCO SN
CRUZ;30;388;ZONA RURAL;ESCOLA MARIA FILOMENA SOUSA;CAJUEIRINHO II
FORTALEZA;115;389;VILA PERI;COLEGIO JIM WILLSON;AV. AUGUSTO DOS ANJOS, 1915
MORRINHOS;44;6;CENTRO;COLÉGIO MORRINHENSE CÔNEGO SARAIVA;RUA JOAQUIM CORIOLANO ROCHA
IPAUMIRIM;92;128;FELIZARDO-DISTRITO;E.E.F.T.I. VICENTE FELIZARDO VIEIRA;RUA ARGEMIRO FELIZARDO VIEIRA, S/N
FORTALEZA;114;299;ÁLVARO WEYNE;EM DOM HELDER CAMARA;RUA FREI ODILON 623 B
PENTECOSTE;50;148;CENTRO;SECRETARIA DE EDUCAÇÃO DE PENTECOSTE;RUA MAJOR JOÃO MARTINS, 361
FORTALEZA;94;49;ANTÔNIO BEZERRA;EMTI JOSÉ CARLOS DE OLIVEIRA NETO;R. SAO VICENTE DE PAULO, 170
FORTALEZA;118;651;BOA VISTA-CASTELÃO;EM PROFESSORA MARIA STELLA COCHRANE SANTIAGO;RUA ANTONIO FARIAS, 121
CRUZ;30;197;CANEMA;ESCOLA FILOMENA MARTINS DOS SANTOS;CANEMA
TIANGUÁ;81;49;CENTRO;CEJA DONA ESTRELA;RUA CAPITÃO JOAQUIM LOURENÇO, S/N
BANABUIÚ;6;433;LARANJEIRAS;EEF JOSE LUIS DE LEMOS;SÃO GONÇALO
URUBURETAMA;23;45;CENTRO;EEIF VANIA MARIA ARAUJO SAMPAIO PINTO;RUA CEL JOÃO ANTONIO SN
ICÓ;15;91;SEDE URBANA;ESCOLA MUNICIPAL MANOEL ANTONIO NUNES;RUA DO CRUZEIRO S/N
TURURU;17;747;ESTAÇÃO;EMEF ANTONIO PIRES CHAVES;RUA ANTONIO PIRES 100
CHORÓ;6;348;CAIÇARINHA;ASSOCIAÇÃO COMUNITÁRIA DOS AGRICULTORES FAMILIARES DO RIACHO DO MEIO;RIACHO DO MEIO
SOLONÓPOLE;55;14;CENTRO;E.E.I.E.F. BOM JESUS;AV PREF. JOSE SIFREDO PINHEIRO S/N
CAUCAIA;37;564;JAPUARA;E.E.F. RAIMUNDO JOSE DOS SANTOS;TRAVESSA DE JAPUARA, S/N, COMUNIDADE - REGIÃO GARROTE
SANTA QUITÉRIA;54;161;ASSENTAMENTO RIACHO NOVO;ESCOLA MUNICIPAL NOSSA SENHORA DA PAZ;POVOADO RIACHO NOVO
FORTALEZA;112;378;CIDADE DOS FUNCIONÁRIOS;FUNCAP;AV. OLIVEIRA PAIVA, 941
FORTALEZA;82;433;CRISTO REDENTOR;EM VIRGÍLIO TÁVORA;AV. MONSENHOR HÉLIO CAMPOS, 155
SOLONÓPOLE;55;1;CENTRO;EEM FENELON RODRIGUES PINHEIRO;AV PREF. JOSE SIFREDO PINHEIRO, 212
FORTIM;8;87;CENTRO;EEIFTI. PROFESSORA MARIA LUIZA;RUA JOAQUIM CRISÓSTOMO, 739.
ITAPIÚNA;105;152;ZONA RURAL;EEIEF MIGUEL PEREIRA MARTINS;CABECA DA LADEIRA-CAJUAS
TRAIRI;97;172;ZEAIRES;EEF JOSE SIMIAO;ZEAIRES
JUAZEIRO DO NORTE;119;220;TIRADENTES;ESCOLA GOVERNADOR MANOEL DE CASTRO FILHO;RUA IVANIR FEITOSA SN
MAURITI;76;65;CENTRO;POSTO DE SAÚDE DR. OSCAR F. SOBRAL;AV. BURITI GRANDE, S/N
JUAZEIRO DO NORTE;28;246;FATIMA;EEF JOSE FERREIRA MENEZES;PEDRO GUILHERME DA SILVA S/N
MORRINHOS;44;151;ZONA RURAL;GRUPO ESCOLAR JOSE LIRA DE MARIA;CANINANA
FORTALEZA;85;131;AUTRAN NUNES;EMEIF AUTRAN NUNES;RUA PROFESSOR VIRGILIO MORAIS SN
UBAJARA;73;175;SÍTIO TUCUNS;ESCOLA NOSSA SENHORA DA PAZ;SITIO TUCUNS
QUIXADÁ;6;179;JUÁ;EEF CANDIDA FERREIRA CAVALCANTE;POÇO COMPRIDO, S/N
QUIXADÁ;6;13;SÃO JOÃO DOS QUEIROZ;EEF JOÃO GONÇALVES DA ROCHA;SÃO JOÃO DOS QUEIROZ, S/N
VÁRZEA ALEGRE;62;38;PRAÇA SANTO ANTÔNIO;COLÉGIO SÃO RAIMUNDO NONATO - LTDA;RUA CORONEL ANTONIO CORREIA, 24
FORTALEZA;82;75;CARLITO PAMPLONA;COLÉGIO MARIA ALICE;AV. PASTEUR, 700
AQUIRAZ;66;225;DIVINEIA;EMEF MARIA MARGARIDA RAMOS COELHO;RUA JOÃO DE CASTRO S/N
AQUIRAZ;66;315;MACHUCA;CRECHE FRANCISCO JOAQUIM DOS ANJOS;ROD. CE 040 KM 18
CRATO;27;4;CENTRO;ETI 18 DE MAIO;AVENIDA JOSÉ ALVES DE FIGUEIREDO, N. 300.
CRATO;27;236;VILA ALTA;APAE - INSTITUTO DE REEDUCAÇÃO EVILENE ROLIM LOUCETTI;TRAVESSA MILAGRES S/N
HIDROLÂNDIA;54;14;CENTRO;E.E.F.M. PRISCILA MACIEL DE FRANÇA;RUA PROFESSORA ARGENTINA FAÇANHA, 471
JIJOCA DE JERICOACOARA;30;431;ZONA RURAL;ESCOLA NOSSA SENHORA DA CONSOLACAO;NOVO JERI S/N - JERICOACOARA
FORTALEZA;95;266;CAJAZEIRAS;EEMTI PROF. PAULO AYRTON ARAUJO - PRÉDIO ANTIGO;BR 116 KM 05, EM FRENTE AO ASSAÍ ATACADISTA
CAUCAIA;37;379;TABUBA;E.E.F. LUZIA CORREIA SALES;ESTRADA DO CUMBUCO, 3132
CAUCAIA;37;383;ICARAI;E.E.I.E.F FRANCISCO MARTINS DE MORAES;RUA BELARMINO JOSÉ, 201 - ICARAÍ
FORTALEZA;85;250;CONJUNTO CEARÁ I;ESCOLA PE JOSE ARIMATEIA DINIZ;RUA OITOCENTOS E DEZ, S/N, 3A ETAPA (AO LADO DA UPA)
ITAPAJÉ;41;61;IRATINGA;E.E.M. ANTONIO CUSTÓDIO DE MESQUITA;RUA ANTONIO CUSTODIO DE MESQUITA 76
FORTALEZA;83;644;BELA VISTA;COLEGIO CHRISTUS;AV. ENG. HUMBERTO MONTE, 1355
ICAPUÍ;8;145;RETIRO GRANDE;ESCOLA MUNICIPAL DE RETIRO GRANDE;PRAIA  RETIRO GRANDE
PEDRA BRANCA;59;80;TROIA;E.E.I.F. CENTRO EDUCACIONAL VICENTE ALVES DE MELO;TROIA
PACATUBA;57;12;CENTRO;EEM CRISPIANA DE ALBUQUERQUE;RUA RAIMUNDO SIQUEIRA,1819
PACATUBA;57;205;CONJUNTO JEREISSATI II;EEF ANGELA COSTA CAMPOS;AV. XXV - SETOR H
MARACANAÚ;104;76;TIMBÓ;EMEF DR. JOSÉ DE BORBA VASCONCELOS;AVENIDA TIMBÓ, 808
PARAIPABA;109;112;CENTRO;EEM ENGENHEIRO AGEU ROMERO;RUA EVARISTO GOMES 143
JIJOCA DE JERICOACOARA;30;441;ZONA RURAL;ESCOLA FRANCISCO RAIMUNDO DUTRA;CORREGO DO URUBU
FORTALEZA;83;777;ANTÔNIO BEZERRA;COLÉGIO DA POLÍCIA MILITAR DO CEARÁ GENERAL EDGARD FACÓ;AVENIDA MISTER HULL,  S/N - KM 1
FORTALEZA;116;427;BONSUCESSO;EEF SAO JOSE DO PICI DAS PEDREIRAS;RUA MANUEL ANTONIO LEITE 250
CEDRO;13;429;CENTRO;COLEGIO ESTADUAL CELSO ARAUJO;RUA ZE PAJE, 241
ALCÂNTARAS;24;456;ROSÁPOLES;EEFI JOSE NAPOLEAO XIMENES;POVOADO DE ROSAPOLES
PACATUBA;57;198;CONJUNTO JEREISSATI II;EEIEF ANA ALBUQUERQUE;AVENIDA XVIII SETOR F S/N
MARACANAÚ;122;10;NOVO MARACANAU;EMEIEF PROFª MARIA DO SOCORRO VIANA FREITAS;RUA 10 S/N
PEDRA BRANCA;59;43;MINEIROLANDIA;ESCOLA DE ENSINO FUNDAMENTAL E MEDIO DE MINEIROLANDIA;AV OLAVO BILAC SN
PEDRA BRANCA;59;143;SEDE;E.E.F.ANTONIO MATEUS DA ASSUNÇÃO;SÍTIO CAJAZEIRAS
SANTANA DO ACARAÚ;44;71;DISTRITO PARAPUI;EEF RAIMUNDO CAMÕES VIANA;RUA CAMOES VIANA S/N
MASSAPÊ;45;97;CARTUCHA;EEF PEDRO RUFINO FURTADO;RUA CARTUCHA  SN
JUAZEIRO DO NORTE;119;55;PREFEITO CARLOS ALBERTO DA CRUZ;ESCOLA ZILA BELEM;FRANCISCO VICENTE SILVA CAVALCANTE SN
FORTALEZA;3;582;MEIRELES;ESCOLA DE SAÚDE PÚBLICA DO CEARÁ;AV. ANTÔNIO JUSTA, 3161
ANTONINA DO NORTE;18;7;SERRARIA I;CENTRO SOCIAL URBANO DELFINA ALVES;RUA DEPUTADO FURTADO LEITE  30
PACATUBA;57;220;CONJUNTO JEREISSATI II;ESCOLA DE 1 GRAU DESEMBARGADOR RAIMUNDO DE CARVALHO;AV. XV SETOR F
CAUCAIA;120;228;BOM PRINCIPIO;E.E.I.E.F. NELY SALES GADELHA;BR 020 KM 45 B - BOM PRINCÍPIO VELHO
ACOPIARA;60;68;BARRA DO INGA;EEF JOSE GOMES;SITIO EXTREMA
FORTALEZA;1;665;MANUEL DIAS BRANCO;COLÉGIO CÍVICO MILITAR BATALHA DO RIACHUELO;R. E, 100 - MANUEL DIAS BRANCO
MARACANAÚ;122;84;INDUSTRIAL;EMEIEF CORONEL ADAUTO BEZERRA (ANTIGO WALMIKI);AV. CONTORNO SUL, S/N
FORTALEZA;93;240;PREFEITO JOSÉ WALTER;EM ROGACIANO LEITE;RUA 45, S/N - III ETAPA
CRATO;27;185;PONTA DA SERRA;POSTO DE SAÚDE SÍTIO ALEGRE;SÍTIO ALEGRE
CAUCAIA;123;419;NOVA METRÓPOLE (JUREMA);E.E.F.M. ROMEU DE CASTRO MENEZES;AV. A, S/N - NOVA METRÓPOLE
ITAPAJÉ;41;47;ESMERINO GOMES;EEEP ADRIANO NOBRE;RUA ODILON FERREIRA GOMES, 475.
JIJOCA DE JERICOACOARA;30;109;CENTRO;ESCOLA SENADOR CARLOS JEREISSATE;RUA MINAS GERAIS S/N
FORQUILHA;121;196;EDMUNDO RODRIGUES;EEFI FRANCISCO FIGUEIREDO DE PAULA PESSOA;R MARIA DE NAZARE DA SILVA SN
AIUABA;101;36;BAIXA PINTADA;ESCOLA JOSE URBANO DE ARAUJO;SITIO BAIXA PINTADA SN
AURORA;69;62;SANTA CRUZ-SITIO;E.E.I.F. ORLANDO LEITE DE MACEDO;SITIO SANTA CRUZ  S/N
ARATUBA;105;169;PAI JOAO-SITIO;ESCOLA MUNICIPAL LUIZ GERVASIO COLARES;PAI JOAO
LAVRAS DA MANGABEIRA;14;89;OITIS - SITIO;GRUPO ESCOLAR MARIA PESSOA DE MOURA;SITIO OITIS S/N
PACATUBA;57;241;CONJUNTO JEREISSATI II;ESCOLA DE 1 GRAU DESEMBARGADOR RAIMUNDO DE CARVALHO;AV. XV SETOR F
TAMBORIL;61;54;CENTRO;EMTI 4 DE OUTUBRO;RUA VICENTE ALVES DO VALE SN
FORTALEZA;82;485;MONTE CASTELO;EM LENIRA JUREMA DE MAGALHÃES;RUA TEÓFILO GURGEL, 111
FORTALEZA;82;631;CRISTO REDENTOR;EEMTI LIONS JANGADA;RUA CAMÉLIA, 352
VÁRZEA ALEGRE;62;95;IBICATU;EEF JOAQUIM ALVES DE OLIVEIRA;SÍTIO VACARIA
IGUATU;13;582;JOÃO PAULO II;CAIC - ESCOLA DE ENS FUND FRANCISCO DAS GRAÇAS ALVES BERTO;CONJUNTO JOAO PAULO II                                    S/N
FORTALEZA;93;264;PLANALTO AYRTON SENNA;LICEU ESTADUAL DOMINGOS BRASILEIRO;RUA PLANALTINA, S/N
ITAREMA;98;185;CENTRO;LICEU DE ITAREMA - EEM VALDO VASCONCELOS RIOS;RUA DAS INDUSTRIAS S/N - CENTRO
SÃO LUÍS DO CURU;23;330;MELANCIA DOS TABOSA-POVOADO;E.E.F. PEDRO TABOSA BARROSO;MELANCIA DOS TABOSA  - POVOADO
NOVO ORIENTE;99;12;CENTRO;EEIF OTÁVIO RODRIGUES CAVALCANTE;RUA SAO FRANCISCO S/N
SOBRAL;121;89;SINHÁ SABÓIA;CEI JACYRA PIMENTEL GOMES;RUA RIO NEGRO SN
SOBRAL;121;305;CAIOCA;ESCOLA MANOEL MARINHO DE ANDRADE;RUA JEREMIAS DA FROTA
ITAPIPOCA;17;564;CRUXATI;EEB ALONSO PINTO DE CASTRO;BETÂNIA
LIMOEIRO DO NORTE;29;34;ÁREA RURAL;EEF JOSE ALVES DE MOURA;SITIO ARRAIAL
LIMOEIRO DO NORTE;29;273;SANTA LUZIA;ESCOLA EVOLUÇÃO;RUA MANFREDO DE OLIVEIRA, 935
MARACANAÚ;122;183;SIQUEIRA (siqueira 2);EEM PROFª. EUDES VERAS;AVENIDA SIQUEIRA CAMPOS, 601
SOBRAL;24;537;ALTO DA BRASÍLIA;EEFI RAUL MONTE;RUA MACEIO, S/N
FORTALEZA;114;338;JARDIM IRACEMA;EM 11 DE AGOSTO;RUA ERETIDES DE ALENCAR, S/N, EM FRENTE AO N. 1623
ITAPIPOCA;17;107;ÁREA RURAL DE ITAPIPOCA;EEB FILOMENA LOPES DE SOUSA;LIVRAMENTO
CAUCAIA;123;520;TABAPUÁ BRASÍLIA II (JUREMA);E.E.I.E.F. JOSEFA ALVES DOS SANTOS;RUA ENGENHEIRO JOÃO NOGUEIRA, S/N - VILA NOVA/PARQUE POTIRA I
CAMOCIM;32;151;CENTRO;INSTITUTO SAO JOSE;PRACA JOSE SEVERIANO MOREL N 1493
NOVA RUSSAS;48;75;PATRONATO;E.M.E.F. FRANCISCA DAS GRAÇAS T MESQUITA(ANTIGA EEFM MONSENHOR LEITÃO);RUA HERMENEGILDO MARTINS, 667
CHORÓ;6;363;CAIÇARINHA;CRECHE SONHO ENCANTADO;VERTENTES
CASCAVEL;7;43;GUANACES;ESC.ENS.FUND. LUIZ DOMINGOS;CHORO UMARI - 2
ITAPIPOCA;17;539;CRUXATI;EEB MANOEL VENÂNCIO DE LIMA;SALSA
IGUATU;13;388;JOÃO PAULO II;CAIC - ESCOLA DE ENS FUND FRANCISCO DAS GRAÇAS ALVES BERTO;CONJUNTO JOAO PAULO II                                    S/N
HORIZONTE;78;99;CATOLÉ;EMEF JOAO ANTONIO DA SILVA;RUA MANOEL DAMASCENO DA COSTA, 701
HORIZONTE;78;143;DIADEMA;EMEF PROF MARIA LUIZA BARBOSA CHAVES;RUA BATURITE SN - PARQUE DIADEMA
ITAREMA;98;136;ZONA RURAL;EMEF ANTENOR ROMERO;MAE COSMA
HORIZONTE;78;71;ALTO DA ESTRELA;EMEF MARIA TEODORA EVANGELISTA ;RUA MILTON FIGUEIREDO, 290
QUIXERÉ;29;229;AGUA FRIA;EEB ANTONIO MOREIRA DE FREITAS;AGUA FRIA
PARAMBU;19;325;CENTRO;ESCOLA JOSÉ CARVALHO PINHEIRO;RUA ANTONIO BENÍCIO PINHEIRO, 35
PALHANO;9;234;CENTRO;CENTRO DE EDUCACAO INFANTIL;RUA POSSIDÔNIO BARRETO, 293
CAUCAIA;123;525;PARQUE GUADALAJARA (JUREMA);COLÉGIO PLENO DO CEARÁ - CPC;RUA PADRE ALFREDO NESI, 363 (ANTIGA RUA CAMPECHE )
FORTALEZA;114;323;BARRA DO CEARÁ;EMTI ALDEMIR MARTINS;AV. FRANCISCO SÁ, 7460
BARRO;92;44;SERROTA-DISTRITO;ESCOLA DE 1 GRAU JOAO PEREIRA DA SILVA;SITIO ALEGRE
CAUCAIA;37;219;IPARANA;E.E.F. ERBE TEIXEIRA FIRMEZA;AV. ULISSES GUIMARAES, S/N
FORTALEZA;93;313;PLANALTO AYRTON SENNA;EMTI LEONEL DE MOURA BRIZOLA;RUA CEL DE QUEIROZ, S/N
BELA CRUZ;96;10;CENTRO-SEDE;EEEP JULIO FRANÇA;RUA CEL. DUCA, 1051
MONSENHOR TABOSA;61;136;CENTRO;ESCOLA INDÍGENA DE MONSENHOR TABOSA;RUA SANTO ANTONIO 124
FORTALEZA;80;154;VILA UNIÃO;EEFM CEL PROF JOSÉ AURÉLIO CÂMARA;RUA JORGE ACURCIO, 655
FORTALEZA;80;407;TAUAPE;COLÉGIO MONSENHOR JOVINIANO BARRETO - INFANTIL;RUA FREI VIDAL, 1680
QUIXELÔ;13;148;CENTRO;ESCOLA DE ENS FUND E MÉDIO PROFESSOR LUIS DE GONZAGA FONSECA MOTA;RUA VITORINO JOSE DE OLIVEIRA SN
JAGUARIBE;10;58;VERTENTES;ESCOLA DO 1 GRAU JOSE DE ALENCAR;SITIO VERTENTES
TIANGUÁ;81;224;ACARAPE;E.E.I. F. MARIA ANIR AZEVEDO;LOTEAMENTO - SÍTIO ACARAPE
REDENÇÃO;52;76;DISTRITO DE ANTÔNIO DIOGO;ESCOLA ANTÔNIO BARBOSA;SÍTIO SUSTO
FORTALEZA;94;820;ANTÔNIO BEZERRA;EMTI JOSÉ CARLOS DE OLIVEIRA NETO;R. SAO VICENTE DE PAULO, 170
GUARAMIRANGA;5;237;CENTRO-SEDE;EMEF PROFESSOR JULIO HOLANDA;RUA CEL FRANCISCO DE MATOS BRITO S/N
FORTALEZA;2;741;JOSÉ DE ALENCAR;COLÉGIO CHRISTUS SUL 3;AV ENGENHEIRO LEAL LIMA VERDE, 2500 - JOSÉ DE ALENCAR
HORIZONTE;78;79;CENTRO;EMEF PROFESSORA RAIMUNDA DUARTE TEIXEIRA ;AV EUDES XIMENES, 83 - CENTRO 
TEJUÇUOCA;41;174;BARRA DO CAXITORÉ;ESCOLA DE ENSINO FUNDAMENTAL DE TEMPO INTEGRAL JOSE MOREIRA LOPES;BARRA
BANABUIÚ;6;418;CENTRO;EEF CENTRO EDUCACIONAL MUNICIPAL CELESTINO DE SOUSA;AV. QUEIROZ PESSOA, S/N
PORTEIRAS;70;288;SIMAO-SEDE;E E I F JOSÉ ARISTARCO CARDOSO;VILA SIMAO
NOVO ORIENTE;99;8;CENTRO;EEF FRANCISCO RUFINO VIEIRA;RUA CAPITAO RODRIGO S/N
IGUATU;13;246;BARRA;ESCOLA DE ENS FUND JOSE HONORIO CAVALCANTE;SITIO BARRA I
FORTALEZA;115;397;VILA PERI;COLEGIO JIM WILLSON;AV. AUGUSTO DOS ANJOS, 1915
SOBRAL;24;617;JAIBARAS;EEFI LUIS ALARICO PARENTE (TRAPIÁ - JAIBARAS);POVOADO TRAPIÁ
FORTALEZA;117;424;BOM JARDIM;PROJETO ALIANÇA COM CRISTO;RUA WALDEMAR PAES BRAGANÇA 1208
FORTALEZA;3;248;CENTRO;COLÉGIO ARI DE SÁ - PRÉ-VESTIBULAR - SEDE DUQUE DE CAXIAS;AV. DUQUE DE CAXIAS, 519
SOLONÓPOLE;55;12;CENTRO;PREDIO CASA DO IDOSO;RUA ANTONIO VALTERNO NOGUEIRA
INDEPENDÊNCIA;39;179;TERCELAO;E.E.F. FRANCISCO DA SILVA LIMA;TERCELAO
SÃO LUÍS DO CURU;23;295;SWAT-SEDE;E.E.F. SABINO NUNES DA SILVA;RUA ROCHAEL MOREIRA, SN
SÃO GONÇALO DO AMARANTE;36;307;PARADA;ESCOLA DE ENSINO FUNDAMENTAL POETISA ABGAIL SAMPAIO;PARADA
IGUATU;13;76;CENTRO;ESCOLA DE ENS FUND PACIFICO GUEDES (ANTIGO CARLOS DE GOUVEIA);RUA DR. JOAO PESSOA 887
SOBRAL;24;523;SUMARÉ;EEM PROFESSORA CARMOSINA FERREIRA GOMES;RUA DAS FLORES, S/N
CRATO;27;261;PONTA DA SERRA;EEIEF QUINÔ DE BRITO;SÍTIO MONTE ALEGRE
IGUATU;13;38;VILA COQUEIROS;ESCOLA DE ENS FUND CLARA ALVES DE ARAUJO;RUA JOSÉ VIEIRA BARBOSA SN
ITAPAJÉ;41;115;SANTA RITA-SEDE;E.E.M.T.I PROFª ESTEFÂNIA MATOS;RUA BENTO ÁVILA DE SOUSA, 101
ASSARÉ;18;112;PARQUE DE VAQUEJADA;ESCOLA DE EDUCACAO INFANTIL E ENSINO FUNDAMENTAL MARIA ISABEL;AVENIDA DEP. MANOEL GONCALVES, S/N
EUSÉBIO;88;258;PARQUE HAWAÍ;CEI ALISSON SILVA DOS SANTOS;RUA IRMÃ AMBROSINA, S/N
CRATEÚS;20;151;IBIAPABA;ESCOLA DE CIDADANIA DE IBIAPABA;IBIAPABA
SENADOR POMPEU;12;39;CENTRO;EEF GERALDO GONÇALVES DO NASCIMENTO JUNIOR;RUA PADRE LINO ADERALDO S/N
ACOPIARA;60;196;DISTRITO SANTA FELICIA;EEF MANOEL BENTO FERREIRA;SITIO JATOBA
FORTALEZA;113;427;MONTESE;ESCOLA MUNICIPAL VICENTE FIALHO;RUA IRMA BAZET, 193
JAGUARIBE;10;18;CENTRO;EMATERCE REGIONAL;AV OITO DE NOVEMBRO 301
MILHÃ;55;104;CARNAUBINHA;ESCOLA DE ENSINO BASICO RAIMUNDO BEZERRA FIGUEIREDO;RUA VALDINA DE LIMA
PARAMBU;19;424;SEDE;ESCOLA MANOEL DE SOUSA FEITOSA (ANT. ESC. JOÃO ALVES DE ARAÚJO);CRUZETINHA MALHADA
JUCÁS;43;55;CENTRO - SEDE;SECRETARIA DE AÇÃO SOCIAL;RUA CORONEL LUIZ DUARTE S/N
PEDRA BRANCA;59;26;CAPITÃO MOR;E.E.F. ANTONIO TORQUATO SOUSA;VILA CAPITAO MOR
JAGUARETAMA;72;24;CENTRO;CENTRO DE REFERÊNCIA DA ASSISTÊNCIA SOCIAL - CRAS;AV. ADOLFO BEZERRA DE MENEZES, 373
COREAÚ;64;94;Corredores;CORREDORES - ESCOLA MUN. CEL. ANTº TELES;LOCALIDADE DE CORREDORES
TARRAFAS;18;61;CENTRO;CRECHE PINGO DE GENTE;RUA SÃO JOSÉ, 99
OCARA;67;270;CURUPIRA-DISTRITO;ESCOLA DE ENSINO FUNDAMENTAL CECILIA FERREIRA DO VALE;LAGOA COMPRIDA POVOADO
CRATEÚS;20;216;TUCUNS;ESCOLA DE CIDADANIA MARIA DA CONCEICAO;SALGADO
CEDRO;13;463;SANTO ANTÔNIO;ESCOLA DE ENS FUND JOSE MARQUES;ST CACHOEIRA DOS MARQUES
CAMOCIM;32;40;CENTRO;COLEGIO GEORGINA LEITAO MACEDO;RUA SANTOS DUMONT S/N
AQUIRAZ;66;352;PRAINHA;CRAS PRAINHA;AV. DAMIÃO TAVARES DE SOUSA
ACARAÚ;30;409;ZONA URBANA;ESCOLA ANTONIO ALVES DE FREITAS;CERAMICA
CASCAVEL;7;198;CENTRO;EMEB PROFESSORA THEREZINHA MESQUITA DE JESUS CIRÍACO (ANTIGA CNEC);RUA PREF. LUIS BENICIO SAMPAIO, 2506
ARNEIROZ;101;71;SANTA LUZIA;EEFM MARIA DOLORES PETROLA;RUA RAIMUNDO NONATO DE ARAÚJO, S/N
CAUCAIA;123;352;MARECHAL RONDON (JUREMA);E.E.I.E.F. ECONOMISTA RUBENS VAZ DA COSTA;AVENIDA NOVO HORIZONTE, S/N
UMIRIM;23;275;SAO JOAQUIM-DISTRITO;E.E.F. SANTINA QUINTO AMAZONAS;RUA ALTO DA CAIXA DAGUA SN
MARACANAÚ;122;64;ACARACUZINHO;EEF ANTONIO GONDIM DE LIMA;AV. LATERAL SUL S/N
CEDRO;13;438;CENTRO;COLEGIO ESTADUAL CELSO ARAUJO;RUA ZE PAJE, 241
FORTALEZA;113;434;MONTESE;ESCOLA MUNICIPAL VICENTE FIALHO;RUA IRMA BAZET, 193
LAVRAS DA MANGABEIRA;14;90;OURO BRANCO- DISTRITO;GRUPO ESCOLAR ROMANA RICARTE;RUA MIGUEL BISPO 114
CRATO;27;161;DOM QUINTINO;EEIEF RAIMUNDO NONATO DE SOUZA;RUA SEBASTIÃO DE SOUZA MARTINS, 143
MOMBAÇA;46;50;MORADA NOVA;ESCOLA DE ENSINO FUNDAMENTAL MARIA AMBROSINA CAVALCANTE;MORADA NOVA
FORTALEZA;117;431;PARQUE SÃO JOSÉ;CITS PARQUE SÃO JOSÉ - CENTRO DE INCLUSÃO TECNOLÓGICA E SOCIAL;RUA CÔNEGO DE CASTRO, 3955
FORTALEZA;114;69;ÁLVARO WEYNE;EM DOM HELDER CAMARA;RUA FREI ODILON 623 B
FORTALEZA;3;220;CENTRO;FAC. ESTÁCIO - UNIDADE CENTRO (ANTIGO COLÉGIO CEARENSE);AV. DUQUE DE CAXIAS, 101
BREJO SANTO;70;4;CENTRO-SEDE;EEEP BALBINA VIANA ARRAIS;LOTEAMENTO SOL NASCENTE
DEPUTADO IRAPUAN PINHEIRO;55;97;CENTRO;EEB FRANCISCA JOSUÉ DE SOUZA CARNEIRO;VILA SILVEIRA, 0
MOMBAÇA;46;96;CENTRO;BIBLIOTECA PÚBLICA AUGUSTO TAVARES;RUA JOSE FRUTUOSO DE SA BENEVIDES
MAURITI;76;37;SÃO FÉLIX-DISTRITO;EEF SÃO JOSÉ;DISTRITO DE SÃO FÉLIX - SAÍDA PARA OLHO D'ÁGUA
FORQUILHA;121;333;CACHOEIRA DOS LOURETOS;EEFI JOAO LOURETO DE SOUSA;COMUNIDADE MORADORES CACHOEIRA DOS LOURETO
IPUEIRAS;40;19;MATRIZ DE SAO GONCALO;EEF FRANCISCO SOARES MOURÃO - MATRIZ DE SÃO GONÇALO;MATRIZ DE SÃO GONÇALO
PENTECOSTE;50;101;ZELADORIA;EEF GOVERNADOR WALDEMAR ALCÂNTARA;RUA PEDRO HORÁCIO, 297
PIRES FERREIRA;21;61;DISTRITO;E.E.F. LUIZ ALVES DE FREITAS;PASSA SEDE
BATURITÉ;5;247;CANDEIA SAO SEBASTIAO-POVOADO;EMEF CAPITAO PORFIRIO RODRIGUES DE SOUZA;RUA IRMA ROBUSTINA SN
MOMBAÇA;46;93;PAES DE ANDRADE;CRECHE MANOEL BATISTA ALVES;AV. ANTONIO JAIME BENEVIDES FILHO S/N
UBAJARA;73;120;CENTRO;COLEGIO IET UBAJARA;RUA 13 DE MAIO
ASSARÉ;18;54;CENTRO;ESCOLA PROFESSORA. BATISTINA BRAGA;RUA DR PAIVA VILA MOTA SN
EUSÉBIO;88;260;TIMBU;EEIEF AURELIA DA SILVA GADELHA - LARGÃO;RUA FERNANDO SOUSA GADELHA, S/N
ITAITINGA;78;233;CENTRO;EEF VALMIQUE SAMPAIO ALBUQUERQUE;RUA JOSMO GURGEL ARAUJO, 1256
ACOPIARA;60;10;DISTRITO DE SANTO ANTONIO;EEF JOSE ALVES DO NASCIMENTO;VILA DE SANTO ANTONIO
JUAZEIRO DO NORTE;119;473;NOVO JUAZEIRO;ESCOLA TIRADENTES;CASTELO BRANCO SN
FORTALEZA;118;515;PASSARÉ;EM PROFESSORA MARIA JOSÉ MACÁRIO COELHO;AVENIDA PASSARÉ, 530
CEDRO;13;515;FÁTIMA;ESCOLA DE ENS FUND FCA DE ALBUQUERQUE MOURA (CEJOVEM);RUA ANTONIO VIANA DE ARAUJO S/N
CRATO;27;46;CENTRO;COLÉGIO ÁGAPE ESTUDOS;RUA RATISBONA, 295
PEDRA BRANCA;59;82;SEDE;EEIF MANOEL LUIZ DE CARVALHO;SITIO SANTO AMARO
GRANJA;25;248;SÃO RAIMUNDO;E.E.F. SÃO RAIMUNDO;RUA DONA CHIQUEZA
COREAÚ;64;145;Alto São José;COREAÚ - CRAS;RUA 7 DE SETEMBRO, S/N
SOLONÓPOLE;55;141;PASTA;GRUPO ESCOLAR ANTONIO BENIGNO BEZERRA;DISTRITO PASTA
ARATUBA;105;179;MUNDO NOVO-SITIO;ESCOLA MUNICIPAL ISABEL HERMINIO PINTO;MUNDO NOVO
JAGUARUANA;75;128;CORREGO DO MACHADO;E.E.F. FRANCISCO VENANCIO DA SILVA;CORREGO DO MACHADO
IGUATU;13;372;JARDIM OASIS;ESCOLA DE ENS FUND JOAO PAULINO DE ARAUJO;RUA SÍLVIO AMARO SN
ITAITINGA;78;334;BARROCÃO;CEI - CENTRO DE EDUCAÇÃO INFANTIL DO BAIRRO BARROCÃO;RUA UM, N. 221, BARROCÃO 
PACAJUS;49;397;LAGAMAR;EEF LUIZ FRANCISCO DE ASSIS;LAGAMAR
MOMBAÇA;46;116;AÇUDINHO;ESCOLA DE ENSINO FUNDAMENTAL FRANCISCO VIEIRA COSTA;DISTRITO DE ACUDINHO
SENADOR POMPEU;12;87;SAO JOAQUIM;ASSOCIAÇÃO COMUNITARIA DO SÍTIO ALFERES;SÍTIO ALFERES
CRATEÚS;20;13;SÃO VICENTE;CENTRO DE ATENÇÃO PSICOSOCIAL DR. ABDORAL MACHADO (CAPS);RUA AUTON ARAGAO, SN
PARAMBU;19;431;SEDE;ESCOLA MANOEL DE SOUSA FEITOSA (ANT. ESC. JOÃO ALVES DE ARAÚJO);CRUZETINHA MALHADA
QUIXERÉ;29;221;TOME;POSTO DE SAÚDE DE LAGOA DA CASCA;LAGOA DA CASCA
MAURITI;76;52;PALESTINA DO CARIRI-DISTRITO;EEF JOSE ACÍLIO;RUA GABRIEL IZIDRO, SN
NOVA RUSSAS;48;61;MAJOR SIMPLÍCIO;ESCOLA MUNICIPAL SEBASTIANA CID DE FARIAS;DISTRITO DE MAJOR SIMPLÍCIO,
CARIRIAÇU;71;142;FEITOSA;POSTO DE SAÚDE ANTONIO CIRILO FEITOSA;VILA SANTO ANTONIO
FORTALEZA;114;113;PRESIDENTE KENNEDY;EM SÃO JOSÉ;AVENIDA DOUTOR THEBERGE 2288
SOBRAL;24;640;JORDÃO;ANEXO RAIMUNDO DO CARMO ARRUDA (SITIO SANTANA);SÍTIO SANTANA
NOVA RUSSAS;48;151;LAGOA DO NORTE;E. E. F. M.  SÃO SEBASTIÃO;LOCALIDADE DE MIRADE
SENADOR POMPEU;12;84;ENGENHEIRO JOSE LOPES;EEIEF JOSÉ ANTÔNIO DE SOUSA;ENGENHEIRO JOSE LOPES
INDEPENDÊNCIA;39;220;EMATUBA;E.E.F. MANOEL FERREIRA DE MELO;DISTRITO EMATUBA
NOVA OLINDA;53;101;EXTREMA;ASSOCIAÇÃO DOS AGRICULTORES DOS SÍTIO EXTREMA;SÍTIO EXTREMA
JAGUARETAMA;72;104;SITIO ALEGRE;ESCOLA MUNICIPAL DE ENSINO FUNDAMENTAL SÃO JOSÉ;SITIO ALEGRE
PIQUET CARNEIRO;12;130;IBICUA;EMEF ANA CLARA DE MAGALHAES;RUA JOSÉ TEOTÔNIO, S/N
MAURITI;76;61;PALESTINA DO CARIRI-DISTRITO;UBS QUIXABINHA;SITIO CANABRAVINHA
ITAPIPOCA;17;238;ARAPARI;EEB JERONIMO DE FREITAS GUIMARAES;ARAPARI
UBAJARA;73;218;MONTE CASTELO;IFCE - INSTITUTO FEDERAL DE EDUCAÇÃO, CIÊNCIA E TECNOLOGIA DO CEARÁ;RUA LUIZ CUNHA, 178
JUCÁS;43;56;CENTRO - SEDE;SECRETARIA DE AÇÃO SOCIAL;RUA CORONEL LUIZ DUARTE S/N
FORTALEZA;3;218;CENTRO;COLÉGIO ESTADUAL JUSTINIANO DE SERPA;AV. SANTOS DUMONT, 56
CASCAVEL;7;267;JACARECOARA;ESC.ENS.FUND. JOAQUIM FERREIRA BATISTA;MANGABEIRA
BREJO SANTO;70;22;CENTRO-SEDE;EEF PADRE PEDRO INACIO RIBEIRO;AV DIONIZIO ROCHA DE LUCENA 46
IPAPORANGA;20;262;SACRAMENTO;ESCOLA DE ENSINO FUNDAMENTAL FRANCISCO PEREIRA DE SOUSA;SAO DOMINGOS
TARRAFAS;18;159;CENTRO;POSTO DE SAÚDE DA TIMBAÚBA;SITIO TIMBAUBA     S/N
IPUEIRAS;40;31;GÁSEA;EEF FRANCISCO GOMES DE MELO - GÁSEA;GÁSEA
MARCO;96;194;LOCALIDADE DE MARACAJA;EEF FRANCISCO FAUSTINO SILVEIRA;MARACAJA
AQUIRAZ;66;357;FAGUNDES;CRAS - FAGUNDES;AV.PRES.CASTELO BRANCO - TAPERA
SENADOR POMPEU;12;126;CODIA;EEIEF SEVERINO ALVES BEZERRA;SÍTIO AREIAS
CEDRO;13;468;CENTRO;COLEGIO ESTADUAL CELSO ARAUJO;RUA ZE PAJE, 241
PIQUET CARNEIRO;12;161;SEDE;ASSOCIAÇÃO DOS PRODUTORES RURAIS SÍTIO EMA DOS MARINHEIROS;SÍTIO EMA DOS MARINHEIROS
MIRAÍMA;89;240;RIACHÃO;EEB MARIA AZEVEDO ROCHA;RUA GERALDO GOMES DE AZEVEDO
MARANGUAPE;4;635;GERERAÚ - SAPUPARA;CEI BERGSON LUANN VASCONCELOS DE SOUSA;AV TABATINGA,138
CAUCAIA;120;440;CAPUAN;CRAS - CAPUAN - TEREZA ALVES FERREIRA;RUA CEL. PINHO, S/N
SALITRE;38;145;ZONA RURAL, SALITRE/CE;E.E.I.F. JOSÉ DIONISIO DE SOUZA - SÍTIO COQUEIRO;SÍTIO COQUEIRO
CEDRO;13;445;CENTRO;ESCOLA DE ENS FUND SAO JOAO BATISTA;RUA SENADOR JOAO TOME N 70
MARANGUAPE;4;3;CENTRO - MARANGUAPE;EMEF CAPISTRANO DE ABREU;RUA CEL ANTÔNIO BOTELHO, 366
IRAUÇUBA;41;207;BOA VISTA DO CAXITORE;ESCOLA MUNICIPAL DR. MARCELO SANFORD;BOA VISTA DO CAXITORE
SOLONÓPOLE;55;36;SAO JOSE;ESCOLA DE 1 GRAU MUNDOCA MOREIRA;RUA MIGUEL FIRMIANO
CEDRO;13;499;SANTO ANTÔNIO;ESCOLA DE ENS FUND ANTONIO LAURENIO DE OLIVEIRA;DT SANTO ANTONIO
ARACOIABA;67;117;IDEAL-DISTRITO;ESCOLA DE IDEAL - ENSINO FUNDAMENTAL E MEDIO;RUA DO COMERCIO SN
TAUÁ;19;115;INHAMUNS;ESCOLA JOSÉ CAÇULA PEDROSA (ANTIGA E.E.F.M. ABRAHÃO SCARCELA);VERA CRUZ
FORTALEZA;113;38;JOSÉ BONIFÁCIO;COLÉGIO FARIAS BRITO PRÉ - VESTIBULAR;AV. BARÃO DO RIO BRANCO, 2424
POTIRETAMA;86;130;CAATINGA GRANDE;EEIEF COSME PAULINHO DE ALMEIDA;SITIO NOVA FLORESTA
UBAJARA;73;121;DISTRITO ARATICUM;ESCOLA PAULO FURTADO DE MENDONCA;RUA SALUSTIANO DE ALMEIDA, S/N DISTRITO DE ARATICUM
CARIRIAÇU;71;116;CACHOEIRINHA;EEF RAIMUNDO GOMES;SÍTIO CACHOEIRINHA
IPUEIRAS;40;207;MIRADOR;EEF CESARIO DE SOUSA MEDEIROS - MIRADOR;MIRADOR
BELA CRUZ;96;46;BRASILIA;CENTRO DE CONVIVÊNCIA SOCIAL JOÃO VENCESLAU ARAUJO;RUA JOÃO AMBRÓSIO,230
ARACATI;8;163;CENTRO;E.E.M.T.I. BARAO DE ARACATI;PRAÇA DOS PRAZERES, 82
HIDROLÂNDIA;54;135;POVOADO SANTA TEREZA DO SILVINO;ESCOLA DE ENSINO FUNDAMENTAL MANOEL COSTA SILVINO;POVOADO DE SANTA TEREZA DO SILVINO
QUIXADÁ;6;355;CUSTÓDIO;EEF AGOSTINHO FERREIRA DE SOUSA;PAU D'ARCO, S/N
JARDIM;119;294;CENTRO;CENTRO EDUCACIONAL PADRE ALDEMIR;RUA FRANCISCO RORIZ 227
PIQUET CARNEIRO;12;132;IBICUA;UNIDADE BÁSICA DE SAÚDE EUFRAZINA PINHEIRO COSTA (ANTIGA POLICLÍNICA);RUA MUNDALVA PINHEIRO, S/N
ALCÂNTARAS;24;460;SAO JOSE;SECRETARIA MUNICIPAL DE EDUCACAO DE ALCÂNTARAS;RUA FRANCISCO CUNHA FREIRE, SN
PENTECOSTE;50;51;ZELADORIA;EEF GOVERNADOR WALDEMAR ALCÂNTARA;RUA PEDRO HORÁCIO, 297
ICÓ;15;84;SANTA CRUZ DA SERRA - DISTRITO;ESCOLA MUNICIPAL  WALFRIDO MONTEIRO SOBRINHO;RUA EVILASIO BARBOSA S/N
SABOEIRO;43;293;SÍTIO TAMANDUÁ;E.E.F. FRANCISCA FEITOSA DE LIMA;SÍTIO TAMANDUÁ - ALTO DA ESPERA
TRAIRI;97;100;BACUMIXA DE BAIXO;EEF JOAO PAULO DE SOUSA;BACUMIXA DE BAIXO
SOBRAL;121;92;SINHÁ SABÓIA;CEI JACYRA PIMENTEL GOMES;RUA RIO NEGRO SN
FORTALEZA;2;488;PAUPINA;EMEIF GUIOMAR DA SILVA ALMEIDA;RUA PEROLINA DE MORAIS, 449
CAUCAIA;37;436;PADRE ROMUALDO;E.E.F. AUGUSTO CESAR SILVA SALES;RUA 15 DE NOVEMBRO, 456
VÁRZEA ALEGRE;62;265;ZEZINHO COSTA;EEF DR. DÁRIO BATISTA MORENO;AV. VICENTE ALVES COSTA, 624
QUITERIANÓPOLIS;99;74;ZONA RURAL;EEIF AGUSTINHO COSMO ALVES;JARDIM
CRATO;27;173;DOM QUINTINO;ASSOCIAÇÃO COMUNITÁRIA SÃO JUDAS TADEU;SÍTIO CACHOEIRA DOS GONÇALVES
TABULEIRO DO NORTE;91;55;OLHO D'ÁGUA DOS CURRAIS;ASSOCIAÇÃO DE MORADORES DO OLHO DAGUA DOS CURRAIS;SITIO OLHO D'ÁGUA DOS CURRAIS
MASSAPÊ;45;23;CENTRO;GEST MONS. MANOEL HENRIQUES;TRAVESSA PADRE LINHARES 60
FORTALEZA;113;441;BOM FUTURO;ESC. PROFISSIONAL PE. JOÃO PIAMARTA;RUA PADRE JOÃO PIAMARTA, 161
ABAIARA;26;13;SÍTIO OLHO DAGUA COMPRIDO;ESCOLA FRANCISCO BENEDITO DE SOUZA;SITIO OLHO DAGUA COMPRIDO
CAMPOS SALES;38;162;ZONA RURAL;E.E.I.F MANOEL JOSÉ DA SILVA - AGROVILA SÃO JOSÉ - (ACOCÍ);RUA JORGE AMADO
FORTALEZA;115;341;PARANGABA;SESI - PARANGABA;AVENIDA JOÃO PESSOA, 6754
EUSÉBIO;88;210;CENTRO;EEM ANA BEZERRA DE SA;AV AIRTON SENA, 130 - CENTRO
BARROQUINHA;108;51;CENTRO;EEF CARMELITA VERAS DE PAULA;RUA AMBROZINA FÉLIX, 443
FORTALEZA;94;943;QUINTINO CUNHA;EEFM DOM HELDER CAMARA;RUA ROSINHA SAMPAIO 1157
CAMOCIM;32;48;CRUZEIRO;COLEGIO ESTADUAL PROF IVAN PEREIRA DE CARVALHO - CEPI;RUA RIACHUELO, SN
HIDROLÂNDIA;54;27;DISTRITO DE CONCEIÇÃO;E.M.E.F. MARIA AVELINO DE CARVALHO;RUA GONÇALO VIEIRA, S/N.
FORTALEZA;93;80;PREFEITO JOSÉ WALTER;EM RACHEL DE QUEIROZ;AVENIDA C, S/N - II ETAPA
CAUCAIA;123;295;PARQUE GUADALAJARA (JUREMA);E.E.I.E.F. DANILO DALMO DA ROCHA CORRÊA;RUA ACAPULCO, 1805 - PARQUE POTIRA II
MASSAPÊ;45;89;CENTRO;EEFM WILEBALDO AGUIAR;RUA CEL MANOEL DIAS 250
PEREIRO;10;127;CENTRO;ESCOLA MUNICIPAL CLEONICE FREIRE DE QUEIROZ;RUA NEL QUEIROZ  257
GUARACIABA DO NORTE;74;162;DISTRITO;ESCOLA MUNICIPAL DE SAO FELIX;SAO FELIX
JUAZEIRO DO NORTE;28;274;SAO MIGUEL;SENAC SÃO MIGUEL;RUA SAO LUIZ 701
ACARAÚ;30;171;CENTRO;ESCOLA TOMAZ POMPEU DE SOUSA BRASIL;RUA JOSE JULIO LOUZADA 550
TIANGUÁ;81;162;SEMINÁRIO;FACULDADE VIA SAPIENS;AVENIDA PREFEITO JACQUES NUNES, 1739
BANABUIÚ;6;394;SITIÁ;EEF RAIMUNDO FLORENCIO ALMEIDA;SITIO ESTREITO
MUCAMBO;79;216;CENTRO;CENTRO EDUCACIONAL DEP MANOEL RODRIGUES;AV AGRONOMO JOSE ALVES 90
IBICUITINGA;47;123;CENTRO;EEB ENEAS FERREIRA NOBRE;RUA CAPITAO MANOEL ANTONIO 2180
FORTALEZA;114;132;BARRA DO CEARÁ;EEFM ESTADO DE ALAGOAS;AVENIDA PRESIDENTE CASTELO BRANCO, 5244
PINDORETAMA;7;241;SEDE;EMEB PROFESSORA VERÔNICA PEREIRA DE ARAÚJO;RODOVIA CE-040, S/N, PINDORETAMA
QUIXADÁ;6;206;JUATAMA;EEF RENATO DE ARAÚJO CARNEIRO;RUA FRANCISCO MOREIRA DE SOUZA,1324
FORTALEZA;113;112;BENFICA;COLÉGIO CHRISTUS BENFICA;RUA LUIS DE MIRANDA, 536
FORTALEZA;117;168;BOM JARDIM;EEFM JULIA ALVES PESSOA;RUA SÃO FRANCISCO SN
IGUATU;13;239;JOSÉ DE ALENCAR;ESCOLA DE ENS FUND JOSE PEREIRA LOPES;SITIO CAJAS
CRATO;27;299;PONTA DA SERRA;EEM JOAQUIM VALDEVINO DE BRITO;RUA MARIA RIBEIRO DE MATOS S/N
FORTALEZA;83;656;DOM LUSTOSA;EEFM JOSÉ WALDEMAR DE ALCÂNTARA E SILVA;RUA MACEIÓ, 627
VARJOTA;65;167;ACAMPAMENTO DNOCS;E.E.F. WALDIR LEOPÉRCIO;RUA TEREZINHA MORORÓ PASSOS, 384
FORTALEZA;94;801;QUINTINO CUNHA;IGREJA SÃO PEDRO E SÃO PAULO;RUA PADRE TEODORO, 996
GUARACIABA DO NORTE;74;109;SEDE;E.E.I.F. JOÃO BARRETO DOS SANTOS;RUA 12 DE MAIO - CENTRO
AIUABA;101;18;BARRA VERDE;GRUPO ESCOLAR ARMANDO ARRAES FEITOSA;POVOADO DE BARRA VERDE SN
MILAGRES;26;114;SITIO NAZARE;POSTO DE SAUDE DO NAZARE;SITIO NAZARE
FORTALEZA;114;239;BARRA DO CEARÁ;CENTRO DE EDUCAÇÃO COMPLEMENTAR (CEDCE) - ANTIGO SESI;AVENIDA FRANCISCO SÁ 6623
FORTALEZA;114;214;ÁLVARO WEYNE;EM MARIA ROSELI LIMA MESQUITA;RUA FRANCISCO CALAÇA 1791
ARACOIABA;67;7;CENTRO-SEDE;CENTRO EDUCACIONAL CORONEL PEDRO GUEDES ALCOFORADO - CNEC;RUA MANOEL GUEDES 47
ARARIPE;68;16;SITIO CAMPINA DE FORA;ESCOLA MUNICIPAL LUIZA BARBOSA DE LIMA E SILVA - SÍTIO CAMPINA DE FORA;SITIO CAMPINA DE FORA
CAUCAIA;37;476;PARQUE SOLEDADE;E.E.F. CORALIA GONZAGA SALES;RUA NAPOLEAO BONAPARTE VIANA, S/N
GUAIÚBA;57;293;DOURADOS;EEBM MANUEL XAVIER PIRES;DOURADOS
PENTECOSTE;50;63;ACAMPAMENTO;PÓLO DE ATENDIMENTO;RUA 13 DE MAIO, S/N
UBAJARA;73;106;CENTRO;ESCOLA  MONS FRANCISCO TARCISIO MELO;AV CEL FRANCISCO CAVALCANTE, SN
MASSAPÊ;45;41;ZONA RURAL;EEF GERARDO EMILIANO;DISTRITO DE TANGENTE
RUSSAS;9;123;SERRA DO VIEIRA;ESCOLA MUNICIPAL RAIMUNDO GURGEL DE LIMA;SERRA DO VIEIRA
MILAGRES;26;67;SITIO TABOCAS;ESCOLA JOAO EVANGELISTA DANTAS;SITIO TABOCAS
FORTALEZA;93;120;PLANALTO AYRTON SENNA;EEFM DEPUTADO JOACI PEREIRA;RUA PROFESSOR PEDRO JORGE, 830
MARACANAÚ;122;267;NOVO ORIENTE;EMEF JOSE DANTAS SOBRINHO;AV. CENTRAL, S/N
QUIXERAMOBIM;11;156;SAO MIGUEL;ESCOLA MARIA FRANCISCA DE LIMA;SANTA IZABEL
FORTALEZA;82;691;CARLITO PAMPLONA;EEMTI JOSÉ VALDO RIBEIRO RAMOS;RUA PEDRO AMÉRICO, 100
SANTANA DO ACARAÚ;44;110;FAZENDINHA;EEMPC JOSÉ FIDELES DE MOURA;FAZENDINHA
TAUÁ;19;249;INHAMUNS;ASS PEQ PROD MANOEL CHAGAS - ANT ESC ANA ALVES DE OLIVEIRA;BARREIROS 2
FORTALEZA;93;172;MONDUBIM;EEFM ESTADO DO MARANHAO;RUA CARLOS PIMENTA,506
FORTALEZA;85;111;CONJUNTO CEARÁ I;CEJA ADELINO DE ALCANTARA FILHO - UV-6;RUA SEISCENTOS E DOZE, 100, 1A ETAPA
SANTANA DO CARIRI;53;98;ARAPORANGA;EMEIEF PAULO RODRIGUES DUARTE;RUA JOSÉ PIRES DE HOLANDA, SN
CRATO;27;370;SEMINÁRIO;EEEP GOVERNADOR VIRGÍLIO TÁVORA;RUA PERGENTINO SILVA S/N
FORTALEZA;114;251;BARRA DO CEARÁ;CENTRO DE EDUCAÇÃO COMPLEMENTAR (CEDCE) - ANTIGO SESI;AVENIDA FRANCISCO SÁ 6623
FORTALEZA;93;133;PREFEITO JOSÉ WALTER;COLEGIO 21 EDUCAR;AV JOAO DE ARAUJO LIMA, 1240 - II ETAPA
ITATIRA;33;291;DISTRITO DE LAGOA DO MATO;EMEF ANTONIO HONORATO;RUA PRINCESA ISABEL S/N
MORRINHOS;44;14;DISTRITO DE SITIO ALEGRE;EMEF JONAS ROBERTO MAGALHÃES;SITIO ALEGRE
PARAMBU;19;361;BELEZA;ESCOLA CICERO FERREIRA DOS SANTOS;RUA ANTONIO BEZERRA, 28
FORTALEZA;115;268;JARDIM CEARENSE;EM JOÃO ESTANISLAU FAÇANHA;RUA ONZE, S/N - CONJUNTO CAMPO DOS INGLESES
CAUCAIA;123;329;PARQUE GUADALAJARA (JUREMA);E.E.I.E.F. 7 DE SETEMBRO;AV. DOM ALMEIDA LUSTOSA, 2322
FORTALEZA;1;697;VARJOTA;FACULDADE FARIAS BRITO - CASTRO MONTE;RUA CASTRO MONTE 1364
ARARIPE;68;19;SITIO SERRA DA PERUA;EEIF ANTONIA BATISTA DE LIMA E SILVA - SERRA DA PERUA;SERRA DA PERUA
MONSENHOR TABOSA;61;128;ESPIRITO SANTO;EMEIF LEOCADIO SAMPAIO RODRIGUES;POVOADO DE ESPIRITO SANTO MONSENHOR TABOSA
ACARAÚ;30;190;ZONA RURAL;ESCOLA ROQUE LOPES ARAUJO - CAMPOS DA UVA;LAGOA GRANDE
SÃO GONÇALO DO AMARANTE;36;62;CROATA-DISTRITO;ESCOLA DE ENSINO FUNDAMENTAL PORFIRIO DE ARAUJO;RUA VALDO UCHOA - CROATA
PACATUBA;57;252;ÁREA RURAL DE PACATUBA;EEIEF FIRMINO DE ABREU;RUA DA IGREJA, 299, DISTRITO ALTO FECHADO
CRATO;27;257;VILA ALTA;APAE - INSTITUTO DE REEDUCAÇÃO EVILENE ROLIM LOUCETTI;TRAVESSA MILAGRES S/N
FORTALEZA;3;628;ALDEOTA;COLÉGIO BATISTA - SANTOS DUMONT;RUA DESEMBARGADOR LEITE ALBUQUERQUE, 1056
CAMOCIM;32;213;RODAGEM DO LAGO;CRECHE JOSE MARIA PARENTE VIANA - RODAGEM DO LAGO;RODAGEM DO LAGO S/N
VIÇOSA DO CEARÁ;35;35;LAMBEDOURO;E.E.F EDUVIRGES MARIA DE ARRUDA;VILA MANHOSO
PEDRA BRANCA;59;80;TROIA;E.E.I.F. CENTRO EDUCACIONAL VICENTE ALVES DE MELO;TROIA
CAMOCIM;32;238;BRASILIA;EEI MONS INACIO NOGUEIRA MAGALHAES - LIONS;RUA JOAQUIM TÁVORA SN
CROATÁ;74;136;DISTRITO;ESCOLA MUNICIPAL PROFESSORA ANTÔNIA RIBEIRO (LAGOA DA CRUZ);LAGOA DA CRUZ
FORTALEZA;2;826;MESSEJANA;FACULDADE ATENEU DO CEARÁ;AV. COLETOR ANTONIO GADELHA, 621
JAGUARIBE;10;17;CENTRO;EMATERCE REGIONAL;AV OITO DE NOVEMBRO 301
FORTALEZA;116;128;GRANJA PORTUGAL;EEFM PROF JOCIE CAMINHA DE MENEZES;RUA ITU 120
ITAITINGA;78;393;PARQUE DOM PEDRO;EEF MANOEL FERREIRA GOMES;RUA D, 636
MISSÃO VELHA;16;33;FREI DAMIÃO DE BOZZANO;EEFM MONSENHOR ANTONIO FEITOSA;AVENIDA CORONEL JOSÉ DANTAS, S/N
CRUZ;30;255;PREA;ESCOLA LEOPOLDO MANOEL DE MEDEIROS;PREA
JARDIM;119;409;SERRA OLHO DAGUA;ESCOLA NOSSA SENHORA APARECIDA;SERRA OLHO DAGUA SN
EUSÉBIO;88;237;TAMATANDUBA;CEI TEREZINHA CAMPINA BRAUNA;RUA EZEQUIEL CAMPINA, S/N
EUSÉBIO;88;170;MANGABEIRA;EEIF OTONI SA;RUA EDNARDO WEINE, 389 - MANGABEIRA
JUAZEIRO DO NORTE;28;18;CENTRO;EEEP PROFESSOR MOREIRA DE SOUSA;DO CRUZEIRO 497
RUSSAS;9;97;BONHU;ESCOLA MUNICIPAL UIRANDE AUGUSTO BORGES;BONHU
SANTANA DO ACARAÚ;44;113;SAO FRANCISCO;EEF JOSE OTILIO SABINO COSTA;SAO FRANCISCO
MAURITI;76;146;PALESTINA DO CARIRI-DISTRITO;CAPELA MÃE RAINHA;SITIO PANASCO
MISSÃO VELHA;16;37;CENTRO;URCA (ANTIGO GINASIO PAROQUIAL);RUA CORONEL JOSE DANTAS, SN
JAGUARIBARA;72;64;SITIO MINEIRO;EMEIEF DEODATO CELSO DIOGENES;KM 270 - BR 116
CRATO;27;315;SÃO MIGUEL;MINISTÉRIO DO TRABALHO E EMPREGO - AGÊNCIA DE CRATO/CE;AVENIDA PERIMETRAL DOM FRANCISCO, 491
MORADA NOVA;47;81;ARUARU;EEB JOSE FRANCISCO SAMPAIO;RUA JOANA MARIA, S/N
FORTIM;8;228;VICOSA;EEMTI. HELENITA LOPES GURGEL VALENTE;RUA JORGE FERREIRA, 250
MORADA NOVA;47;205;DOURADO;EEB LUIS JOAO DE SOUSA;SITIO DOURADO
IPUEIRAS;40;190;VAMOS VER;GRUPO ESCOLAR MONSENHOR FONTENELE - VAMOS VER;RUA ZACARIAS RIBEIRO MIRANDA, 653
TURURU;17;667;AREA RURAL DE TURURU;EMEF NOSSA SENHORA DA CONCEICAO;CACIMBAS
NOVO ORIENTE;99;71;CENTRO;EEB DR. ANTONIO EUFRASINO NETO;RUA LUIZ BEZERRA, S/N
REDENÇÃO;52;95;DISTRITO DE ANTÔNIO DIOGO;ESCOLA TERTO VENÂNCIO;VILA ANTONIO JUSTA - CENTRO
FORTALEZA;1;837;ALDEOTA;COLEGIO ARI DE SA - MONSENHOR CATAO;RUA MONSENHOR CATAO, 1655
PEDRA BRANCA;59;18;SANTA URSULA;EEFIT MARIA ALVES DE OLIVEIRA;AV SABINO VIEIRA CAVALCANTE, 320
FORTALEZA;1;665;MANUEL DIAS BRANCO;COLÉGIO CÍVICO MILITAR BATALHA DO RIACHUELO;R. E, 100 - MANUEL DIAS BRANCO
PEDRA BRANCA;59;95;SEDE;EEIF LOURENÇO MARQUES DE MESQUITA;SITIO NOVO
PARACURU;109;14;SAO PEDRO;E. M. E. I. F. EZEQUIEL VICENTE DA COSTA;AV GERALDO CIRIACO, S/N
JUAZEIRO DO NORTE;119;17;SANTA TEREZA;COLEGIO POLIVALENTE;JOSE MARROCOS SN
TRAIRI;97;92;CANAA;EEF JOSE FIRMINO DA CUNHA;CANAA
FORTALEZA;114;346;BARRA DO CEARÁ;EMTI ALDEMIR MARTINS;AV. FRANCISCO SÁ, 7460
HORIZONTE;78;386;DIADEMA;EMEF PROFESSORA DIONE MARIA BEZERRA PESSOA;RUA FRANCISCO ONOFRE DE ASSIS, 365, DIADEMA
FORTALEZA;3;6;JACARECANGA;SENAI - UNIDADE CENTRO;AV. PADRE IBIAPINA, 1280
HIDROLÂNDIA;54;223;PROGRESSO;ESCOLA MUNICIPAL MARIA MIRIAN FERREIRA DE SOUZA;RUA FABIANA FERREIRA, SN.
SANTANA DO CARIRI;53;63;CENTRO;EEMTI ADRIÃO DO VALE NUVENS;AV. PATATIVA DO ASSARÉ, SN
ACOPIARA;60;27;DISTRITO DE ISIDORO;EEF ADONIAS UCHOA DE ALBUQUERQUE;VILA DE ISIDORO
FORTALEZA;85;360;DOM LUSTOSA;EEFM AYRTON SENNA DA SILVA;RUA MANAUS, 855
FORTALEZA;1;846;CAIS DO PORTO;CRECHE RACHEL GUIMARÃES MARTINS BARBOSA;VIA DE PEDRESTE LESTE OESTE 01
JIJOCA DE JERICOACOARA;30;268;CENTRO;ESCOLA PROFA. IGARDENE FONTELES DE ARAUJO;RUA CAMPO GRANDE S/N - CONJUNTO PRIMAVERA
FORTALEZA;113;1;BENFICA;FACULDADE DE ARQUITETURA E URBANISMO DA UFC;AV. DA UNIVERSIDADE, 2890
POTIRETAMA;86;71;CAATINGA GRANDE;EEIEF COSME PAULINHO DE ALMEIDA;SITIO NOVA FLORESTA
SOBRAL;24;239;JORDÃO;EEM DR JOSE EUCLIDES FERREIRA GOMES JUNIOR - JORDAO;RUA ONOFRE GOMES DE OLIVEIRA
FORTALEZA;3;590;ALDEOTA;COLÉGIO ANTARES (RUA BARBOSA DE FREITAS);RUA BARBOSA DE FREITAS, 2058
AQUIRAZ;66;308;CENTRO;EMEF ERNESTO GURGEL VALENTE;RUA FRANCISCO CAMARA, SN
ARACATI;8;298;CENTRO;E.E.F. FRANCISCO SABOIA BARBOSA;RUA DUQUE DE CAXIAS 1990
FORTALEZA;1;857;MUCURIPE;ESCOLA MUNICIPAL CONSUELO AMORA;AV. DOS JANGADEIROS, 577
CRATEÚS;20;68;ALTAMIRA;ESCOLA TECNICA DE COMERCIO PADRE JUVENCIO;RUA JOAO SOARES, 15
CRATEÚS;20;165;SÃO VICENTE;CENTRO ADMINISTRATIVO DA PREFEITURA DE CRATEÚS;RUA CEL TOTO, SN
FORTALEZA;93;290;PLANALTO AYRTON SENNA;EM GEISA FIRMO GONÇALVES;RUA ZULEICA PONTES, 1260
FORTALEZA;93;214;PREFEITO JOSÉ WALTER;CEJA - CENTRO DE EDUCAÇÃO DE JOVENS E ADULTOS;AV. L, S/N - II ETAPA
CAMPOS SALES;38;127;B. APARECIDA;E.E.F.T.I. - PADRE AZARIAS SOBREIRA - SEDE;RUA JOSÉ PINTO DA SILVA, S/N
ITAPIPOCA;17;69;CRUXATI;EEB VICENTE ANTENOR FERREIRA GOMES FILHO;CALUGI
MISSÃO VELHA;16;83;ZONA RURAL;EEF CICERO MANOEL DA SILVA;SITIO OLHO DAGUA DE FORA
INDEPENDÊNCIA;39;34;SANTA MARIA;E.E.F.ANTONIO LOURENÇO DE SOUSA;POVOADO SANTA MARIA
FORTALEZA;3;5;JACARECANGA;SENAI - UNIDADE CENTRO;AV. PADRE IBIAPINA, 1280
FORTALEZA;2;557;MESSEJANA;EEM LICEU DE MESSEJANA;AVENIDA WASHINGTON SOARES 7702
FORTALEZA;116;370;GRANJA LISBOA;EM JOAO MENDES DE ANDRADE;RUA B (CJ PALMARES), 1366
BOA VIAGEM;63;146;SAO LOURENCO-SEDE;EEF ARIALDO ALVES DE MELO;SAO LOURENCO-SEDE
FORTALEZA;112;574;ENGENHEIRO LUCIANO CAVALCANTE;COLEGIO GLOBOMAX;RUA GENERAL CAIADO DE CASTRO, 156
FORTALEZA;114;311;JARDIM IRACEMA;EM JESUS CRISTO;RUA ALBERTO FERREIRA, 564
SOBRAL;121;86;CENTRO;UFC CAMPUS MUCAMBINHO - BLOCO DAS ENGENHARIAS;RUA ESTANISLAU FROTA, 563
CAUCAIA;37;563;JANDAIGUABA;E.E.I.E.F. MARIA HELENA MOREIRA DA SILVA;RUA DO GRUPO, 249
FORTALEZA;115;337;PARANGABA;SESI - PARANGABA;AVENIDA JOÃO PESSOA, 6754
TRAIRI;97;13;CENTRO;EEB RAIMUNDO NONATO RIBEIRO;RUA RAIMUNDO NONATO RIBEIRO
BARBALHA;31;55;VILA SANTO ANTONIO;ETI JOSEFA ALVES DE SOUSA;RUA ZUCA SAMPAIO, S/N (EM FRENTE AO HOSPITAL DO CORAÇÃO)
MARACANAÚ;122;122;SIQUEIRA (siqueira 2);EMEF FRANCISCO TABOZA FILHO;AV. JUSCELINO KUBITSCHEK 1941
FORTALEZA;3;410;ALDEOTA;COLÉGIO DARWIN;RUA ILDEFONSO ALBANO, 1030
SOBRAL;24;561;VILA UNIÃO;CRAS REGINA JUSTA FEIJÃO (ANTIGO POLO ABC);RUA JERUSALEM, S/N
RUSSAS;9;175;CENTRO;ESCOLA DE ENSINO FUNDAMENTAL CORONEL MURILO SERPA;TRAVESSA SEBASTIAO SANTIAGO LIMA 160
CROATÁ;74;140;SEDE;ESCOLA DE EDUCACAO BASICA DOM TIMOTEO;RUA MANOEL BRAGA SN - CENTRO
TEJUÇUOCA;41;190;CENTRO-SEDE;ESCOLA DE ENSINO MÉDIO DEPUTADO FERNANDO MOTA;RUA ALFREDO PINTO DE MESQUITA
FORTALEZA;94;909;VILA VELHA;EM MANOEL RODRIGUES;RUA MARIA CLARA 1237
CAUCAIA;123;416;NOVA METRÓPOLE (JUREMA);E.E.F.M. ROMEU DE CASTRO MENEZES;AV. A, S/N - NOVA METRÓPOLE
CAUCAIA;123;377;NOVA METRÓPOLE (JUREMA);E.E.F. EDGARD VIEIRA GUERRA;AV. CONTORNO SUL, 255
SÃO GONÇALO DO AMARANTE;36;69;PECEM-DISTRITO;ESCOLA DE ENSINO FUNDAMENTAL E MEDIO EDITE ALCANTARA MOTA;PECEM
SÃO GONÇALO DO AMARANTE;36;309;SAQUINHO;CRECHE RAIMUNDO BRASILEIRO FLORINDO;SAQUINHO
JUAZEIRO DO NORTE;119;278;FREI DAMIAO;ESCOLA MARIO DA SILVA BEM;RUA VEREADOR RAIMUNDO JOSÉ DA SILVA
ITAPIÚNA;105;156;ZONA RURAL;EEF SENADOR ALMIR SANTOS PINTO;RIACHO DA VARZEA
SÃO GONÇALO DO AMARANTE;36;50;CENTRO;ESCOLA DE ENSINO MÉDIO EM TEMPO INTEGRAL ADELINO CUNHA ALCANTARA;RUA CORONEL NECO MARTINS 220 - SEDE
FORTALEZA;118;317;PASSARÉ;EM FRANCISCO ANDRADE TEOFILO GIRAO;RUA UNIDOS VENCEREMOS, 2040
BEBERIBE;84;13;MORRO BRANCO;ESCOLA MUNICIPAL JOSE BESSA;MORRO BRANCO
CROATÁ;74;118;DISTRITO;ESCOLA MUNICIPAL  DE BAIXIO;BAIXIO
JUCÁS;43;100;CENTRO - SEDE;ESCOLA DE ENSINO MÉDIO LUIZA TAVORA;RUA HILDELY CAVALCANTE 120
FORTALEZA;1;833;PRAIA DO FUTURO II;ESCOLA MUNICIPAL DOM ALOISIO LORSCHEIDER;RUA JULIO SILVA, 450
FORTALEZA;94;203;VILA VELHA;EEMTI DONA MARIA MENEZES DE SERPA;RUA DOUTOR QUIXADA FELICIO 141
PACOTI;5;211;OITICICA;ESCOLA MUNICIPAL FRANCISCO ALVES BARBOSA (OITICICA);SITIO OITICICA
CRATEÚS;20;332;MONTENEBO;ESCOLA DE CIDADANIA FRANCISCO DE ALCANTARA BARROS;MONTENEBO
ANTONINA DO NORTE;18;87;CENTRO;ESCOLA SAO SEBASTIAO;TABOLEIRO DOS MENDES
SOBRAL;24;665;JOSÉ EUCLIDES;EEFI MOCINHA RODRIGUES;RUA EVANGELINA SABOIA, S/N
JARDIM;119;386;CENTRO;ESCOLA SENADOR CARLOS JEREISSATI;AVENIDA WILSON RORIZ
CEDRO;13;546;LAGEDO;ESCOLA DE ENS FUND RAIMUNDO MARCILIO DE OLIVEIRA;ST ZE RAIMUNDO
MISSÃO VELHA;16;40;CENTRO;URCA (ANTIGO GINASIO PAROQUIAL);RUA CORONEL JOSE DANTAS, SN
VIÇOSA DO CEARÁ;35;178;SITIO TOPE;E.E.I.F ALICE RODRIGUES PASSOS;SITIO TOPE
ITAITINGA;78;329;BARROCÃO;EEF JARDIM DE FÁTIMA;RUA ELIATAR DIÓGENES, S/N
CAMPOS SALES;38;161;B. BARRAGEM;E.E.F.T.I - TAB. VICENTE ALEXANDRINO DE ALENCAR - SEDE;RUA RAIMUNDO INÁCIO DE FIGUEIREDO,S/N
JAGUARUANA;75;58;CENTRO;E.E.M. MANUEL SÁTIRO;AV DR ANTÔNIO DA ROCHA FREITAS, 1278
FORTALEZA;2;523;COAÇU;EEFM GOV LUIZ DE GONZAGA FONSECA MOTA;RUA SANTA ROSA, 407
CRATO;27;27;CENTRO;EEIEF PROFª EDILMA FERNANDES G. RODRIGUES - CÍRCULO OPERÁRIO;AVENIDA JOSÉ ALVES DE FIGUEIREDO S/N
BOA VIAGEM;63;264;AGUAS BELAS;EEF MANOEL JOAO DA SILVA;RUA JOAO SOARES LIMA S/N
ITAREMA;98;109;CENTRO;EMEF MARIETA RIOS;RUA JOAO BATISTA RIOS S/N
FORTALEZA;2;85;MESSEJANA;EEFM JOSE DE ALENCAR;RUA VENEZA, 84
HIDROLÂNDIA;54;147;POVOADO DE CAPOEIRA;ESCOLA MUNICIPAL VITAL DIAS DE OLIVEIRA;POVOADO DE CAPOEIRA
SOBRAL;121;140;CENTRO;EEFM DR JOAO RIBEIRO RAMOS;RUA CONSELHEIRO JOSE JULIO
ORÓS;15;278;SAO ROMAO - SITIO;E.E.F. PADRE FRANCISCO DAS CHAGAS BARROS;SITIO SAO ROMAO, S/N
CRATEÚS;20;102;SANTANA;ESCOLA DE CIDADANIA DE SANTANA I;SANTANA I
CRATO;27;8;PIMENTA;URCA - UNIVERSIDADE REGIONAL DO CARIRI;RUA CORONEL ANTÔNIO LUIZ, 1161
COREAÚ;64;73;Lagoa do Barro;LAGOA DO BARRO - PRÉDIO DA ESCOLA MUNICIPAL;LOCALIDADE LAGOA DO BARRO
CAMOCIM;32;203;BRASILIA;EEI MONS INACIO NOGUEIRA MAGALHAES - LIONS;RUA JOAQUIM TÁVORA SN
SOBRAL;24;473;ALTO DO CRISTO;EEMTI PREFEITO JOSE EUCLIDES F. GOMES JUNIOR-(ANTIGO CIRAO);AV. HUMBERTO LOPES
ITAPIPOCA;17;81;ARAPARI;EEB MENINO DEUS;MUCAMBO DE CIMA
COREAÚ;64;140;Agrovila 2000;AGROVILA 2000 - PRÉDIO DA ESCOLA MUNICIPAL;LOCALIDADE DE AGROVILA, COREAÚ/CE
GENERAL SAMPAIO;50;206;CONJUNTO SÃO JOSÉ;EEMTI EDITE ALCÂNTARA MOTA;RUA DO CAMPO, S/N
PALMÁCIA;4;178;BASÍLIO;EEEP MARIA GISELDA COELHO TEIXEIRA;BASÍLIO
PACATUBA;57;344;CONJUNTO JEREISSATI III;EEF MARIA MIRTES HOLANDA DO VALE;RUA 02, NUMERO 100
JAGUARETAMA;72;11;CENTRO;SECRETARIA MUNICIPAL DE EDUCAÇÃO (ANTIGO CENTRO COMUNITARIO);AV JUAREZ DE QUEIROZ OLÍMPIO S/N
EUSÉBIO;88;220;NOVO PORTUGAL;ESCOLA MUNDO ENCANTADO DA CRIANÇA;RUA BELA FONTE, S/N
IBIAPINA;73;5;DISTRITO DE BETÂNIA;ESCOLA MARIA MATIAS;DISTRITO DE BETÂNIA
VÁRZEA ALEGRE;62;256;SEDE RURAL;EEF ELIZA PRIMO DE MORAIS;SITIO COITÉ
ITAPIÚNA;105;170;ZONA RURAL;UNIDADE BÁSICA DE SAÚDE DA FAMÍLIA MARIA GOMES DA SILVA;CACHOEIRA-CAJUAS
BREJO SANTO;70;424;MORRO DOURADO;ESCOLA MUNICIPAL MESTRE ZE LUIS SILVA RAMOS;RUA ANTONIO GERONIMO SILVA S/N
CRATEÚS;20;103;SANTANA;ESCOLA DE CIDADANIA DE SANTANA I;SANTANA I
FORTALEZA;3;527;CENTRO;FAC. ESTÁCIO - UNIDADE CENTRO (ANTIGO COLÉGIO CEARENSE);AV. DUQUE DE CAXIAS, 101
MOMBAÇA;46;119;VICENTE;ESCOLA DE ENSINO FUNDAMENTAL JOAQUIM ALVES DA CUNHA;VICENTE
BARRO;92;23;IARA-DISTRITO;ESCOLA DE ENSINO BASICO DEP. ANTONIO LEITE TAVARES;BR 116 - KM 447
FORTALEZA;117;463;CONJUNTO ESPERANÇA;EMEIF PADRE CÍCERO ROMÃO BATISTA;RUA MARIELLE FRANCO, 630
SOBRAL;24;691;JUNCO;EEFI JOSE DA MATA E SILVA;AV DR JOSE ARIMATEA MONTE E SILVA, 574
VIÇOSA DO CEARÁ;35;89;SITIO DELGADA;E.E.F. FRANCISCO SALES RODRIGUES;SITIO DELGADA
FORTALEZA;113;48;JOSÉ BONIFÁCIO;COLÉGIO FARIAS BRITO PRÉ - VESTIBULAR;AV. BARÃO DO RIO BRANCO, 2424
NOVA RUSSAS;48;40;CANINDEZINHO;C.E I. ANTONIA DE MARIA M DE SOUSA(ANTIGA CRECHE SÃO FRANCISCO);DISTRITO DE CANINDEZINHO,
GRANJEIRO;62;156;CENTRO;EEF DR MAURO SAMPAIO;RUA DO CRUZEIRO SN
FORTALEZA;114;95;BARRA DO CEARÁ;CUCA BARRA DO CEARÁ;AV. PRES. CASTELO BRANCO, 6417
NOVA RUSSAS;48;106;PIÇARREIRA;ESCOLA MUNICIPAL SÃO JOSÉ  (PIÇARREIRA);LOCALIDADE DE PIÇARREIRA,
TAUÁ;19;188;TRICI;ESCOLA JOSEFA PEREIRA DE SENA;SANTA LUZIA
BATURITÉ;5;99;UIRAPURU-SITIO;ASSOCIACAO COMUNITARIA UNIAO SERRANA UIRAPURU;CE 356 - SITIO UIRAPURU
SENADOR POMPEU;12;57;CENTRO;EEFTI MOREIRA CAMPOS;RUA ADERALDO MANO, S/N
JARDIM;119;371;SITIO LAGOINHA;ASSOCIAÇÃO JARDINENSE DE AGROECOLOGIA;SITIO LAGOINHA
CAMPOS SALES;38;80;DIST. DE QUIXARIÚ;E.E.F.T.I - MANOEL BEZERRA FORTALEZA - DIST. DE QUIXARIÚ;RUA LEONARDO DE ANDRADE S/N
CEDRO;13;505;ASSUNÇÃO;ESCOLA DE ENS FUND TEREZA DUTRA;RUA VICENCIA DUTRA S/N
VARJOTA;65;207;CENTRO;SECRETARIA DE EDUCAÇÃO DE VARJOTA;RUA CLÓVIS XIMENES, S/N
GUAIÚBA;57;94;ITACIMA;EEBM FRANCISCO PEREIRA DE ANDRADE;RUA LUIS PEREIRA DE ANDRADE, S/N
FORTALEZA;93;117;MONDUBIM;ESCOLA SANTANA;RUA 10, 1305
CASCAVEL;7;96;CAPONGA;E.E.F.M. RONALDO CAMINHA BARBOSA;ESTRADA DO PRATIUS, 1985
ITAITINGA;78;295;RIACHÃO;EEF GALDINO ASSUNÇÃO FILHO;RUA LAURA DE SOUSA, 33
CATARINA;60;281;SEDE;EEF MARIA FEITOSA ARRAIS;VEADOS
SOBRAL;121;276;CENTRO;ESCOLA OSMAR DE SA PONTE;RUA PINTOR LEMOS, S/N
IPUEIRAS;40;188;COITE;EEF RAIMUNDO SOBRINHO DE OLIVEIRA - COITE;COITÉ
FORTALEZA;113;36;JOSÉ BONIFÁCIO;COLÉGIO FARIAS BRITO PRÉ - VESTIBULAR;AV. BARÃO DO RIO BRANCO, 2424
CANINDÉ;33;501;CAN;CEI - CENTRO DE EDUCAÇÃO INFANTIL TIA LOURDINHA;RUA NOVA VILA, S/N
TAMBORIL;61;89;DISTRITO DE CURATIS;EMTI ANTONIO MENDES DE ALMEIDA;VILA CURATIS
FORTALEZA;3;233;CENTRO;FAC. ESTÁCIO - UNIDADE CENTRO (ANTIGO COLÉGIO CEARENSE);AV. DUQUE DE CAXIAS, 101
HORIZONTE;78;122;QUEIMADAS;EEM QUILOMBOLA ANTÔNIA RAMALHO DA SILVA;RUA MARIA JOSÉ NOGUEIRA, 2255 - QUEIMADAS
MARACANAÚ;104;99;JEREISSATI I;EMEIEF SENADOR CARLOS JEREISSATI;AVENIDA 1, S/N
MORAÚJO;64;131;GOIANA;GOIANA - ESCOLA MUN. JUVÊNCIO DA COSTA SAMPAIO;DISTRITO DE GOIANA
FORTALEZA;115;444;MANOEL SÁTIRO;EM MARIA VIVIANE BENEVIDES GOUVEIA;RUA CREUZA ROQUE 247
FORTALEZA;1;921;CAIS DO PORTO;EEFM - HELENITA MOTA;RUA AMANCIO FILOMENO,720
MARACANAÚ;122;36;NOVO ORIENTE;EMEF MAESTRO ELEAZAR DE CARVALHO;AV. CENTRAL S/N
FORQUILHA;121;218;INGÁ;EEFI MURILO LIRA ARAUJO;POVOADO DE INGA
CEDRO;13;479;VÁRZEA DA CONCEIÇÃO;ANEXO FRANCISCO SILVEIRA DE AGUIAR;RUA JOAO BATISTA MORENO SN
ICÓ;15;78;ICOZINHO - DISTRITO;EMTIH - FRANCISCO ALBENIR DUARTE;RUA SAO VICENTE S/N
IPUEIRAS;40;18;MATRIZ DE SAO GONCALO;EEF FRANCISCO SOARES MOURÃO - MATRIZ DE SÃO GONÇALO;MATRIZ DE SÃO GONÇALO
ITAPAJÉ;41;102;SANTA RITA-SEDE;E.E.M.T.I PROFª ESTEFÂNIA MATOS;RUA BENTO ÁVILA DE SOUSA, 101
ARACATI;8;343;VARZEA DA MATRIZ;C.E.I. PROF. SALETE MORAIS;RUA ABELARDO GURGEL COSTA LIMA
PARAMOTI;111;127;CENTRO;EMEF PAULO SARASATE (ANTIGO CERU);AV. JOAQUIM FARIAS, 175
FARIAS BRITO;62;281;CARÁS;EEF ISAAC DE ALCANTARA COSTA;SÍTIO CARÁS
BREJO SANTO;70;215;CENTRO-SEDE;EEEP BALBINA VIANA ARRAIS;LOTEAMENTO SOL NASCENTE
MADALENA;63;177;MACAOCA;EEIF OLIMPIO VIANA;CACIMBINHA
UBAJARA;73;111;CENTRO;CEIF - CENTRO DE EDUCAÇÃO IRLANE FERNANDES;RUA 24 DE AGOSTO, 426
MILHÃ;55;151;CARNAUBINHA;ESCOLA DE ENSINO BASICO RAIMUNDO BEZERRA FIGUEIREDO;RUA VALDINA DE LIMA
ICÓ;15;97;LAGOINHA - SITIO;IGREJA;SITIO LAGOINHA S/N
CHORÓ;6;483;CENTRO;EEMTI EMANUEL;RUA UNIVERSITÁRIA, 323, CIDADE NOVA, CENTRO
IPUEIRAS;40;149;RIACHO DO SÍTIO;ESCOLA DE PRIMEIRO GRAU MARIA DO CARMO GOMES - OLHO D'ÁGUA SECO;OLHO D'ÁGUA SECO
CRATEÚS;20;142;SÃO VICENTE;CENTRO DE ATENÇÃO PSICOSOCIAL DR. ABDORAL MACHADO (CAPS);RUA AUTON ARAGAO, SN
LIMOEIRO DO NORTE;29;56;CENTRO;FACULDADE DE FILOSOFIA D AURELIANO MATOS;AV DOM AURELIANO MATOS 2058
TABULEIRO DO NORTE;91;159;VILA MACENA;EEB CLIMÉRIO JOSINO MAIA - VILA MACENA;RUA JOAQUIM IZIDIO GADELHA, 5277
MORAÚJO;64;141;CENTRO;MORAÚJO - CRAS;RODOVIA CE 364, S/N
JUAZEIRO DO NORTE;28;28;SAO MIGUEL;UNINASSAU CAMPUS SÃO MIGUEL;RUA SÃO FRANCISCO, 1224
MILHÃ;55;119;CARNAUBINHA;ESCOLA DE ENSINO BASICO RAIMUNDO BEZERRA FIGUEIREDO;RUA VALDINA DE LIMA
AQUIRAZ;66;354;IGUAPE;CEI MARIA BEZERRA DE OLIVEIRA;AV. BEIRA RIO, S/N, IGUAPE
JAGUARIBARA;72;92;CENTRO;ESPAÇO INFANTIL TIA MAMONCA;RUA CÍCERO FERNANDES, SN
SOBRAL;24;690;APRAZÍVEL;ANEXO MANOEL MACHADO PORTELA (PAU D'ARCO);LOCALIDADE PAU D'ARCO, S/N
SOBRAL;24;247;RAFAEL ARRUDA;EEM AGOSTINHO NERES PORTELA;RUA MARIA ARAÚJO DAMASCENO, S/N
BELA CRUZ;96;5;CORREGUINHOS-LOCALIDADE;EMEIEF RAIMUNDO JOVINO VASCONCELOS;CORREGUINHO
FORTALEZA;117;499;BOM JARDIM;EMEIF PROF. EDILSON BRASIL SOAREZ;RUA LOCAL 11 - CJ. TATUMUNDE
PARAMOTI;111;151;ZONA RURAL;EMEF SANTA RITA;POVOADO DE PARAÍSO/MULUNGU
CAUCAIA;37;525;TABAPUÁ;E.E.F.M. JOSÉ MARIA PONTES DA ROCHA;RUA 08, S/N - TABAPUÁ
CASCAVEL;7;6;GUANACES;ESC.ENS.FUND. PROFESSOR JOSE BARAO;PREAOCA
CAMPOS SALES;38;16;B. CENTRO;E.E.E.M.T.I.- PRESIDENTE MÉDICI - (GRUPÃO);AV. FRANCISCO ADEMAR DE ANDRADE,1210
ICÓ;15;74;ICOZINHO - DISTRITO;EMTIH - FRANCISCO ALBENIR DUARTE;RUA SAO VICENTE S/N
GRANJEIRO;62;280;NOVO GRANJEIRO;EEF HONÓRIO FELICIANO DE AQUINO;AV. FRANCISCO MONTEIRO, S/N
ICÓ;15;58;CRUZEIRINHO - DISTRITO;ESCOLA MUNICIPAL ALCIDES DA COSTA MOREIRA;DISTRITO CRUZEIRINHO S/N
BELA CRUZ;96;208;CAMPO NOVO;CEI CESAR ROBERTO DO NASCIMENTO;RUA SERGIPE, 06
MARANGUAPE;4;145;CENTRO - MARANGUAPE;COLÉGIO SEBASTIÃO DE ABREU;RUA ROBERTO BRAQUEHAIS, 656
BOA VIAGEM;63;215;IPU;EEF JOSE LINO DE SOUZA;IPU-SEDE
SOBRAL;121;122;CENTRO;COLEGIO FARIAS BRITO SOBRALENSE;PRACA QUIRINO RODRIGUES S/N
IPUEIRAS;40;43;ALAZANS;EEIEF JOAQUIM FERREIRA DO VALE - ALAZANS;ALAZANS
TAMBORIL;61;4;DISTRITO DE OLIVEIRAS;EMEIF FRANCISCO LUCIO;RUA FRANCISCO LUCIO - VILA OLIVEIRAS
MOMBAÇA;46;84;CENTRO;ESCOLA DE ENSINO FUNDAMENTAL CÂNDIDO SIMAO;CANGATI - DISTRITO DE CANGATI
MONSENHOR TABOSA;61;165;CENTRO;E.M.E.F.T.I LUIZ LEITAO;AVENIDA PESSOA PIRES  2
ARACATI;8;304;BOCA DO FORNO;E.E.F. VALDOMIRO AFONSO LIMA;BOCA DO FORNO
MAURITI;76;92;SAO MIGUEL-DISTRITO;CRECHE ARCO-IRIS;RUA DOS PEREIRAS, S/N
BREJO SANTO;70;22;CENTRO-SEDE;EEF PADRE PEDRO INACIO RIBEIRO;AV DIONIZIO ROCHA DE LUCENA 46
TAUÁ;19;115;INHAMUNS;ESCOLA JOSÉ CAÇULA PEDROSA (ANTIGA E.E.F.M. ABRAHÃO SCARCELA);VERA CRUZ
JATI;70;362;CENTRO-SEDE;CRAS MARIA NEVES DE SOUSA;RUA MANOEL LUÍS S/N
UBAJARA;73;109;CENTRO;ESCOLA  MONS FRANCISCO TARCISIO MELO;AV CEL FRANCISCO CAVALCANTE, SN
FORTALEZA;3;19;CENTRO;COLÉGIO 7 DE SETEMBRO (SEDE NGS);AV. DO IMPERADOR, 1330
SENADOR POMPEU;12;58;CENTRO;EEFTI MOREIRA CAMPOS;RUA ADERALDO MANO, S/N
CEDRO;13;435;CENTRO;COLEGIO ESTADUAL CELSO ARAUJO;RUA ZE PAJE, 241
MARANGUAPE;4;465;CENTRO - MARANGUAPE;COLÉGIO SEBASTIÃO DE ABREU;RUA ROBERTO BRAQUEHAIS, 656
CARNAUBAL;22;150;SITIO CACHOEIRA DO SUL;CRAS - CACHOEIRA DO SUL;SITIO CACHOEIRA DO SUL
CANINDÉ;33;56;ZONA RURAL;EMEF DR CORDOLINO BARBOSA CORDEIRO;RUA ROMEU MESQUITA, S/N  ESPERANÇA
FORTALEZA;83;690;BELA VISTA;ESCOLA MUNICIPAL DE TEMPO INTEGRAL PROFESSOR JOSE JULIO DA PONTE;RUA MARIO DE ANDRADE, S/N
CAUCAIA;37;622;ICARAI;EEIEF CELINA SÁ MORAIS;AVENIDA OTAVIADO COSTA, SN
CRATO;27;247;ÁREA RURAL DE CRATO;ASSOCIAÇÃO DOS PEQUENOS PRODUTORES RURAIS DO SÍTIO MINGUIRIBA;SERRA DA MINGUIRIBA
ARACOIABA;67;62;JENIPAPEIRO-DISTRITO;ESCOLA MUNICIPAL IDELFONSO DIAS DA SILVA;JENIPAPEIRO II
CAMPOS SALES;38;126;ZONA RURAL;E.E.I.F ANTONIO RIBEIRO DE CARVALHO - SITIO CALDEIRÃO - CAMPOS SALES;SÍTIO CALDEIRÃO
GUARAMIRANGA;5;230;NOVA FORTALEZA-SITIO;EMEF FRANCISCO JORGE FILHO (NOVA FORTALEZA);NOVA FORTALEZA
FARIAS BRITO;62;199;SEDE;EEF MARIA CARMOSINA PINHEIRO RODRIGUES;TRAVESSA ENOCH RODRIGUES, 53
ABAIARA;26;11;SÍTIO CAMARÁ;ESCOLA MARIA OLIVEIRA SANTOS;SITIO CAMARA
CAPISTRANO;105;14;CENTRO;ESCOLA DE ENSINO FUNDAMENTAL E MEDIO CEL. FRANCISCO NUNES CAVALCANTE;RUA CEL. FRANCISCO NUNES CAVALCANTE 35
RUSSAS;9;133;SITIO CANTO;ESCOLA MUNICIPAL JOSE NICOLAU RODRIGUES LIMA;SITIO CANTO
GUARACIABA DO NORTE;74;175;DISTRITO;ESCOLA MUNICIPAL DE RAMADA;SITIO RAMADA
ARACOIABA;67;156;SOLON LIMA VERDE-SEDE;ESCOLA MUNICIPAL CORONEL ADOLFO GUEDES ALCOFORADO;RUA JOANINA ALVES DE OLIVEIRA SN
FORTALEZA;118;514;PASSARÉ;EM PAULO SERGIO DE SOUSA LIRA;RUA ITABORAÍ, 264
MARACANAÚ;104;66;TIMBÓ;EMEF ADAUTO FERREIRA LIMA;AVENIDA CONTORNO LESTE, S/N
MASSAPÊ;45;133;MADEIRO;ESCOLA MUNICIPAL LUIZ GONZAGA CAMILO;COMUNIDADE DE MADEIRO
IPAUMIRIM;92;102;CENTRO-SEDE;E.E.F.T.I. DR JARISMAR GONCALVES MELO;AVENIDA DR ARRUDA, 37
LIMOEIRO DO NORTE;29;115;LUIZ ALVES DE FREITAS;EEEP LÚCIA BALTAZAR COSTA;RUA GONÇALVES PEREIRA, S/N, ESTRADA DE FLORES
JUAZEIRO DO NORTE;28;344;CENTRO;EEEP PROFESSOR MOREIRA DE SOUSA;DO CRUZEIRO 497
REDENÇÃO;52;192;DISTRITO DE ANTÔNIO DIOGO;ESCOLA MARCIONÍLIA MARTINS;CURRAIS
PARAMBU;19;389;BELEZA;ESCOLA CICERO FERREIRA DOS SANTOS;RUA ANTONIO BEZERRA, 28
IBIAPINA;73;3;CENTRO;COLÉGIO NOSSA SENHORA DOS REMÉDIOS;RUA DEPUTADO ÁLVARO SOARES, 1403
VARJOTA;65;154;BALNEARIO;E.E.I. JOSÉ NEVES DAMASCENO - CRECHE BALNEÁRIO;RUA ANTÔNIO DE OLIVEIRA, S/N
CRATO;27;256;MURITI;EEIEF JOSÉ ROSA;RUA JOSÉ JUSTINO ALVES, SN. SÍTIO SANTA ROSA
CAUCAIA;120;305;PLANALTO CAUCAIA;E.E.F.M. VICENTE ARRUDA;RUA, 113 S/N - CIGANA
JUAZEIRO DO NORTE;28;234;SAO MIGUEL;EEM JOSE BEZERRA;SAO JORGE 440
AURORA;69;83;CENTRO-SEDE;E.E.F.M. JOSE PINTO QUEZADO;VILA PAULO GONÇALVES, S/N
MARANGUAPE;4;109;VIÇOSA - PENEDO;CENTRO COMUNITÁRIO DE VIÇOSA;VICOSA
VIÇOSA DO CEARÁ;35;197;SITIO INHARIM;E.E.F JOSIAS VIEIRA DA SILVA;SITIO INHARIM
SÃO GONÇALO DO AMARANTE;36;40;CENTRO;ANEXO - ESCOLA DE ENSINO FUNDAMENTAL TASSO JEREISSATI;RUA PROFESSORA EDITE MOTA, 319
FORTALEZA;115;136;PARANGABA;COLÉGIO INVICTUS;RUA ARARIBÓIA, 192
FORTALEZA;113;418;MONTESE;EEFM MARECHAL HUMBERTO DE ALENCAR C. BRANCO;RUA ALVARO FERNANDES, 913
AIUABA;101;1;CENTRO;ESCOLA PADRE PEDRO JOSE;RUA ARMANDO ARRAES FEITOSA 30
IRAUÇUBA;41;16;CENTRO-SEDE;ESCOLA DE ENSINO FUNDAMENTAL PAULO BASTOS;AV JORGE DOMINGUES 1641
CAMOCIM;32;194;SAO PEDRO;EEF GENERAL ANTONIO DA SILVA CAMPOS - BAIRRO SAO PEDRO;RUA SIQUEIRA CAMPOS S/N
ACOPIARA;60;70;CENTRO;EEF DR. HUGO DE GOUVEIA SOARES;RUA JOSE PAULINO, SN
MARANGUAPE;4;57;OUTRA BANDA - MARANGUAPE;CEM PEDRO PESSOA CÂMARA;AV. DR. ARGEU BRAGA HERBSTER, 960
FORTALEZA;117;157;MANOEL SÁTIRO;EEF JOSE AYRTON TEIXEIRA;RUA ALFREDO MAMEDE SN
FORTALEZA;1;143;CIDADE 2000;ESCOLA ESTADUAL ARQUITETO ROGERIO FROES;AVENIDA DAS GRAVIOLAS 1000
MISSÃO VELHA;16;92;FREI DAMIÃO DE BOZZANO;EEFM MONSENHOR ANTONIO FEITOSA;AVENIDA CORONEL JOSÉ DANTAS, S/N
SANTANA DO CARIRI;53;108;CENTRO;EMEIEF ESCRITORA RAQUEL DE QUEIROZ;LARGO LAURO SOBREIRA, SN
SANTA QUITÉRIA;54;168;ASSENTAMENTO SACO DO BELÉM;ESCOLA MUNICIPAL CORONEL ARTUR THEMÓTEO;ASSENTAMENTO SACO DO BELÉM
BARROQUINHA;108;77;CENTRO;EEF FRANCISCO BENÍCIO DE VASCONCELOS;AV. MARIA DIAMANTINA VERAS S/N
TRAIRI;97;185;CANAA;GE PADRE RODOLFO FERREIRA DA CUNHA;CANAA
IRAUÇUBA;41;8;CENTRO-SEDE;CENTRO DE REFERÊNCIA DA EDUCAÇÃO INFANTIL DE IRAUÇUBA - CREII;AV. PAULO BASTOS 837
FORTALEZA;2;472;GUAJERU;EEEP COMENDADOR MIGUEL GURGEL;RUA JOSE BAIMA, S/N
FORTALEZA;1;359;MUCURIPE;IATE CLUBE;AVENIDA DA ABOLIÇÃO 4813
CROATÁ;74;41;SEDE;ESCOLA DE ENSINO MEDIO FLAVIO RODRIGUES;CENTRO
CAUCAIA;123;560;PARQUE POTIRA (JUREMA);E.E.I.E.F. TIRADENTES;RUA VERA CRUZ, 1879
FORTALEZA;80;158;VILA UNIÃO;EEFM CEL PROF JOSÉ AURÉLIO CÂMARA;RUA JORGE ACURCIO, 655
MORADA NOVA;47;195;ROLDAO;UBS ROLDÃO II - JOSÉ JOSIAS BARRETO;POCO DA PEDRA
GUAIÚBA;57;144;BAU;ESCOLA DE 1 GRAU MARIA DE LOURDES PEREIRA;RUA JOSE DE CASTRO PEREIRA, 903
FORTALEZA;80;422;JOSÉ BONIFÁCIO;FACULDADE MAURÍCIO DE NASSAU;AVENIDA VISCONDE DO RIO BRANCO, 2078
MORRINHOS;44;84;FAZENDA BOM JARDIM;EEMF JOSE AURIMAR PEREIRA;BOM JARDIM
QUIXELÔ;13;415;ÁREA RURAL DE QUIXELÔ;ESCOLA DE ENS FUND JOAO RODRIGUES DA SILVA;BARROSO-SITIO
CRATO;27;340;PARQUE RECREIO;EEF ALDEGUNDES GOMES DE MATTOS;RUA JOÃO PEREIRA LUNA, 803
CAMPOS SALES;38;116;DIST. DE MONTE CASTELO;E.E.I.F DR. CLOVES LOPES DOS REIS - DIST. DE MONTE CASTELO;RUA BOA VISTA, S/N
PEDRA BRANCA;59;43;MINEIROLANDIA;ESCOLA DE ENSINO FUNDAMENTAL E MEDIO DE MINEIROLANDIA;AV OLAVO BILAC SN
FORTALEZA;117;401;CONJUNTO ESPERANÇA;COLEGIO SANTA HELENA;AV CONTORNO NORTE 819
FORTALEZA;116;47;BOM JARDIM;EM SANTOS DUMONT;RUA GERALDO BARBOSA 240
MISSÃO VELHA;16;47;DISTRITO DE JAMACARU;EEF MARIA FECHINE DE ALENCAR;RUA FRANCISCO RODRIGUES DA CRUZ S/N
CAMOCIM;32;29;CENTRO;N.A.E.C.;PRACA JOSE SEVERIANO MOREL S/N
LIMOEIRO DO NORTE;29;184;BOM NOME;EEF FRANCISCO JACY LUZ;RUA ANTONIO RIBEIRO DE CASTRO
MORADA NOVA;47;92;PEDRAS;EEB ANA NOGUEIRA MAIA;RUA SABINO NOGUEIRA L
ACOPIARA;60;200;DISTRITO DE SANTO ANTONIO;EEF AUGUSTINHO BEZERRA;SITIO CUTIA
ITAREMA;98;194;ZONA RURAL;EMEF MANOEL ROSA DE SOUSA;CEDRO
FORTALEZA;3;438;ALDEOTA;COLÉGIO CHRISTUS (AV. BARÃO DE STUDART);RUA JOÃO CARVALHO, 630
ACARAÚ;30;73;PAULO VI;ESCOLA DEPUTADO JOSÉ FILOMENO;RUA CAPITÃO DIOGO LOPES SN
EUSÉBIO;88;218;JABUTI;EEM PROF. FRANCISCA LINHARES DE SOUSA;R. EDUARDO SÁ, S/N
FORTALEZA;82;450;CARLITO PAMPLONA;EM TERTULIANO CAMBRAIA;RUA MONSENHOR ROSA, 946
ITAITINGA;78;303;PARQUE SANTO ANTONIO;EEF PROFESSORA LAURA DA COSTA LIMA;RUA FRANCISCO ALVES DE FRANÇA, 486
LIMOEIRO DO NORTE;29;130;ANTÔNIO HOLANDA;IFCE - CENTRO DE REFERÊNCIA CIDADE ALTA;R. RAIMUNDO TOMÁS DE AQUINO, 2742
GUARACIABA DO NORTE;74;195;JARDINS;ESCOLA MUNICIPAL FRANCISCO DE ASSIS TEIXEIRA LOPES;AV. CHICO SEVERIANO, S/N
JARDIM;119;295;CENTRO;ESCOLA DR. ROMAO SAMPAIO;RUA JOSE MARROCOS 240
CAUCAIA;120;389;PADRE JULIO MARIA;E.E.F. MARIA MOTA RODRIGUES;RUA CORONEL CORREIA, 3267
PARACURU;109;99;POÇO DOCE;E. M. E. I. F. RUFINO VIEIRA;RUA RUTH FELIX, S/N
FORTALEZA;113;88;JARDIM AMÉRICA;ESCOLA MUNICIPAL PROF. FILGUEIRAS LIMA;AV. DOS EXPEDICIONÁRIOS, 3910
PORTEIRAS;70;391;CENTRO-SEDE;E E E M ARISTARCO CARDOSO;RUA EXPEDITO ALVES SANTANA S/N
APUIARÉS;50;122;ZONA RURAL;UEI MONTE ALVERNE;MONTE ALVERNE
QUIXERAMOBIM;11;289;MARAVILHA;ESCOLA TEREZA HELOISA SARAIVA CAMARA;RUA GASTÃO FALCÃO
JUAZEIRO DO NORTE;28;174;SAO MIGUEL;CEJA PROFA. CÍCERA G. CORREIA;DO CRUZEIRO 1440
RUSSAS;9;76;CENTRO;ESCOLA MUNICIPAL TIA BENILCE DE EDUC INFANTIL E ENSINO FUNDAMENTAL;AVENIDA DOM LINO, 204
MARACANAÚ;104;8;CENTRO;EEM TENENTE MÁRIO LIMA;RUA FRANCISCO FIRMINO, 293
ARACATI;8;36;CENTRO;E.E.F. DARCI RIBEIRO;RUA TEÓFILO PINTO, S/N.
FORTALEZA;116;459;JOÃO XXIII;COLEGIO LIMA NOGUEIRA;RUA JULIO BRAGA, 1117
FORTALEZA;117;280;CONJUNTO ESPERANÇA;EEFM PROFA ADELIA BRASIL FEIJO;AV CONTORNO SUL, 1540
MISSÃO VELHA;16;101;ZONA RURAL;EEF ANTONIO FERREIRA;SITIO BARREIRAS
CARNAUBAL;22;24;CRUZEIRO;EEF ANTONIO RAIMUNDO DE MELO;AV PAULO SARASATE 539
GRANJA;25;103;CENTRO;PATRONATO MONSENHOR VITORINO DE OLIVEIRA;RUA CONRADO PORTO, 350
VIÇOSA DO CEARÁ;35;196;SITIO SANTA BARBARA;E.E.F SANTA BARBARA;SITIO SANTA BARBARA
PACAJUS;49;349;COAÇU;EEF RAIMUNDO NOGUEIRA DE QUEIROZ;RUA JOÃO AUGUSTO DE OLIVEIRA, 103
BEBERIBE;84;153;SEDE;ASSOCIAÇÃO DO SITIO DO MEIO E COMUNIDADES VIZINHAS;SITIO CARRAPICHO
FORTALEZA;82;33;SÃO GERARDO;SECRETARIA DO DESENVOLVIMENTO AGRÁRIO (SDA) DO ESTADO DO CEARÁ;AV. BEZERRA DE MENEZES, 1820
CHOROZINHO;49;96;SALGADO;EEF FIRMINO FELIPE SANTIAGO;LOCALIDADE DE SALGADO
FORTIM;8;95;CAMPESTRE;EEIFTI. MAURO BONOTTO;CAMPESTRE
CAPISTRANO;105;47;ZONA RURAL;ASSOCIAÇÃO DOS PEQUENOS AGRICULTORES DE SÃO BENTO;SAO BENTO
FORTALEZA;117;334;CONJUNTO ESPERANÇA;EEFM PROFA ADELIA BRASIL FEIJO;AV CONTORNO SUL, 1540
CRATEÚS;20;120;PLANALTO;EEMTI GOV. GONZAGA MOTA;RUA DR. JÚLIO LIMA, 2194
SOBRAL;24;230;JAIBARAS;EEM AYRES DE SOUZA (SEDE) - ESCOLA NOVA;RUA ALFA, S/N
SOBRAL;24;80;EXPECTATIVA;EEFI TRAJANO DE MEDEIROS (LAVANDERIA);AVENIDA DR. JOSE EUCLIDES FERREIRA GOMES JUNIOR, S/N
FORTALEZA;2;804;MESSEJANA;EEM DEPUTADO PAULO BENEVIDES;RUA ANGELICA GURGEL, 186
FORTALEZA;114;13;JARDIM IRACEMA;EM JESUS CRISTO - CEI ANEXO;RUA ALBERTO FERREIRA 564
FORTALEZA;116;46;BOM JARDIM;EM SANTOS DUMONT;RUA GERALDO BARBOSA 240
SÃO GONÇALO DO AMARANTE;36;49;CENTRO;ESCOLA DE ENSINO MÉDIO EM TEMPO INTEGRAL ADELINO CUNHA ALCANTARA;RUA CORONEL NECO MARTINS 220 - SEDE
MARACANAÚ;122;107;INDUSTRIAL;EMEF VINICIUS DE MORAIS;RUA N NO. 425 (ESPLANADA DO MONDUBIM)
VARJOTA;65;142;EMPRÉSTIMOS;LICEU WALDIR LEOPÉRCIO;RUA TEN PEDRO CRUZ, 500
AMONTADA;89;113;LAGOA GRANDE;EEBTI FRANCISCO BRAS DOS SANTOS;LAGOA GRANDE
QUITERIANÓPOLIS;99;139;ZONA RURAL;EEIF ANTONIO CANUTO DE LIMA;SAO MIGUEL
FORTALEZA;113;422;MONTESE;EEFM MARECHAL HUMBERTO DE ALENCAR C. BRANCO;RUA ALVARO FERNANDES, 913
FORTALEZA;114;3;ÁLVARO WEYNE;COLÉGIO MANUEL DA SILVA (ÁLVARO WEYNE);RUA SÃO BERNARDO 181
FORTALEZA;93;163;MONDUBIM;EM JOAO HILDO DE CARVALHO FURTADO;RUA MIGUEL ARAGÃO, S/N ARACAPÉ
JUAZEIRO DO NORTE;28;384;FRANCISCANOS;COLÉGIO SÃO FRANCISCO DE ASSIS;NOSSA SENHORA DO CARMO SN
HORIZONTE;78;195;CENTRO;CEJAH LAURIZA VIEIRA LIMA ;RUA FRANCISCO PEREIRA DE AZEVEDO,164 
CAUCAIA;123;561;NOVA METRÓPOLE (JUREMA);E.E.I.E.F. LUIZ GONZAGA FONSECA MOTA;AVENIDA CONTORNO OESTE, S/N
FORTALEZA;114;277;JARDIM IRACEMA;EEMTI PROFESSORA BALBINA JUCA ALBUQUERQUE;AVENIDA MAJOR ASSIS 346
FORTALEZA;3;212;CENTRO;COLÉGIO ARI DE SÁ - PRÉ-VESTIBULAR - SEDE DUQUE DE CAXIAS;AV. DUQUE DE CAXIAS, 519
MARTINÓPOLE;25;202;LAGOA DO CURRAL;E.E.I.F. JOSÉ TELESFORO;FAZENDA LAGOA DO CURRAL
PARAIPABA;109;157;SETOR C1;EMEIF COMPLEXO ESCOLAR SETOR C1;PROJETO IRRIGADO DO CURU - SETOR C1
ALTANEIRA;53;13;SÍTIO SÃO ROMÃO;EMEF JOAQUIM DE MORAIS;SÍTIO SÃO ROMÃO, SN
GRANJEIRO;62;174;SÍTIO SERRA NOVA;POSTO DE SAÚDE - SERRA NOVA;SITIO SERRA NOVA
FORTALEZA;93;190;PLANALTO AYRTON SENNA;EM MARIA ZELIA CORREIA DE SOUSA;RUA ANTONIO PEREIRA,1495
VIÇOSA DO CEARÁ;35;29;LAMBEDOURO;E.E.F. DE OITICICAS;VILA OITICICAS
FORTALEZA;1;387;VICENTE PINZON;ESCOLA ESTADUAL DEPUTADO MANOEL RODRIGUES;RUA OLIVEIRA FILHO, 1576
CAMPOS SALES;38;148;ZONA RURAL;ASSOCIAÇÃO COMUNITÁRIA DO SÍTIO TANQUINHO;SÍTIO TANQUINHO
PARAIPABA;109;149;SETOR E;EMEF VICENTE VASCONCELOS DA SILVA;PROJETO IRRIGADO DO CURU - SETOR E
CAUCAIA;120;310;PLANALTO CAUCAIA;E.E.F.M. VICENTE ARRUDA;RUA, 113 S/N - CIGANA
FARIAS BRITO;62;236;NOVA BETANIA;EEF FRANCISCO CASTELO DE CASTRO;AVENIDA MANOEL NERES DE OLIVEIRA, S/N
PACATUBA;57;235;CONJUNTO JEREISSATI II;EEF ANGELA COSTA CAMPOS;AV. XXV - SETOR H
FORTALEZA;114;280;BARRA DO CEARÁ;EM DOIS DE DEZEMBRO;RUA ARAKEN, 860
FORTALEZA;2;806;LAGOA REDONDA;ESCOLA MUNICIPAL ISABEL FERREIRA;RUA ISABEL FERREIRA, 1000 - CONJ. CURIÓ
HIDROLÂNDIA;54;17;PROGRESSO;ESCOLA MUNICIPAL MARIA MIRIAN FERREIRA DE SOUZA;RUA FABIANA FERREIRA, SN.
CRATO;27;372;SEMINÁRIO;EEMTI GOVERNADOR ADAUTO BEZERRA;RUA MARCOS MACEDO S/N
NOVA RUSSAS;48;36;MAJOR SIMPLÍCIO;ESCOLA MUNICIPAL SEBASTIANA CID DE FARIAS;DISTRITO DE MAJOR SIMPLÍCIO,
FORTALEZA;3;434;MEIRELES;EEFM PARÓQUIA DA PAZ;RUA VISCONDE DE MAUÁ, 905/A
CAUCAIA;120;137;TOCO (JUREMA);E.E.I.E.F. MARIA CORINA MOURA ARRUDA;RUA MANOEL GOMES DA SILVA, S/N - CONJUNTO SÃO DOMINGOS - TOCO
AQUIRAZ;66;275;PATACAS;EMEF LAGOA DE CIMA;PV LAGOA DE CIMA DISTRITO PATACAS
ACARAÚ;30;337;ZONA URBANA;ESCOLA ANTONIO ALVES DE FREITAS;CERAMICA
FORTALEZA;117;439;BOM JARDIM;EEFM SANTO AMARO;RUA NOVA CONQUISTA 871
FORTALEZA;118;547;BOA VISTA-CASTELÃO;EMEF ODILON GONZAGA BRAVEZA;AV. ALBERTO CRAVEIRO, 1480 C
PINDORETAMA;7;154;SITIO ARAUJO;EMEB FRANCISCO RAIMUNDO DE OLIVEIRA;SITIO ARAUJO - PINDORETAMA
GUAIÚBA;57;149;HELDER BEZERRA;EEM JOSÉ TRISTÃO FILHO;RUA MARIA DO CARMO, 100
FORTALEZA;114;287;JARDIM IRACEMA;EM JESUS CRISTO;RUA ALBERTO FERREIRA, 564
FORTALEZA;114;345;BARRA DO CEARÁ;EM AGOSTINHO MOREIRA E SILVA;RUA PERI, 20
SOBRAL;24;527;CAMPO DOS VELHOS;EEM PROF. LUIS FELIPE;RUA CEL JOSE SILVESTRE, 760
SOBRAL;24;551;ALTO DO CRISTO;EEMTI PREFEITO JOSE EUCLIDES F. GOMES JUNIOR-(ANTIGO CIRAO);AV. HUMBERTO LOPES
ICÓ;15;63;ICOZINHO - DISTRITO;EMTIH - FRANCISCO ALBENIR DUARTE;RUA SAO VICENTE S/N
PALHANO;9;246;SEDE;UBS JOÃO MATEUS DOS SANTOS NETO;CANTO DA CRUZ
CASCAVEL;7;131;CAPONGA;ESC.ENS.FUND. JOÃO CAMINHA DE OLIVEIRA;SITIO VACA MORTA
CRATO;27;213;BELA VISTA;ASSOCIAÇÃO COMUNITÁRIA DOS MORADORES DO SÍTIO SERRARIA;SÍTIO SERRARIA S/N
URUOCA;25;227;CENTRO;E.E.F. VALDEMAR ROCHA;RUA ANTONIO ARRUDA, 257
IGUATU;13;321;GADELHA;CAPELA DO SÍTIO PIRIPIRI;SITIO PIRIPIRI
PARAIPABA;109;182;CENTRO;EMEIF FRANCISCO FIGUEIREDO DE PAULA PESSOA;RUA ANTONIO TABOSA SN
EUSÉBIO;88;173;MANGABEIRA;EEIF OTONI SA;RUA EDNARDO WEINE, 389 - MANGABEIRA
IGUATU;13;246;BARRA;ESCOLA DE ENS FUND JOSE HONORIO CAVALCANTE;SITIO BARRA I
ITAPAJÉ;41;123;CRUZEIRO-SEDE;CRAS CATÃO AZEVEDO CRUZ;RUA MANOEL BERNARDE 59
PACUJÁ;79;202;MILHÃS;E.E.F. VICENTE ALVES DE SOUSA FILHO;SÍTIO MILHÃS
PALHANO;9;4;CENTRO;ESCOLA DE ENSINO MEDIO JOSE FRANCISCO DE MOURA;AVENIDA POSSIDONIO BARRETO 459
FORTALEZA;82;427;MONTE CASTELO;EM LENIRA JUREMA DE MAGALHÃES;RUA TEÓFILO GURGEL, 111
IGUATU;13;106;GADELHA;ESCOLA DE ENS FUND DO SÍTIO BRAVO - A. F. SÁ DE LAVOR;SITIO BRAVO
FORTALEZA;1;754;VICENTE PINZON;ESCOLA MUNICIPAL FREI TITO DE ALENCAR LIMA;AVENIDA DIOGUINHO 5927
FORTALEZA;1;788;MANUEL DIAS BRANCO;COLÉGIO CÍVICO MILITAR BATALHA DO RIACHUELO;R. E, 100 - MANUEL DIAS BRANCO
FORTALEZA;116;448;BONSUCESSO;EM XV DE OUTUBRO;RUA GUARANI, 2030
PORTEIRAS;70;285;SIMAO-SEDE;E E I F JOSÉ ARISTARCO CARDOSO;VILA SIMAO
TAUÁ;19;270;BEZERRA E SOUZA;EEF MARIA DO LIVRAMENTO BARRETO DA COSTA LEITAO;RUA PEDRO MATIAS DE VASCONCELOS SN
FORTALEZA;1;483;VARJOTA;COLEGIO FARIAS BRITO - PRÉ UNIVERSITARIO - JULIO ABREU;AVENIDA JULIO ABREU, 284
IGUATU;13;380;VILA MOURA;ESCOLA DE ENSINO MEDIO LUCAS EMANUEL;RUA AMALIA BRASIL SN
ARARENDÁ;48;139;VEREMOS;E. E. F. MARIA AMÉLIA RODRIGUES DE SOUSA;LOCALIDADE DE VEREMOS
ITAPIPOCA;17;506;COQUEIRO;IFCE - CAMPUS ITAPIPOCA;AVENIDA DA UNIVERSIDADE, 102
ITAREMA;98;203;CENTRO;EMEF MARIETA RIOS;RUA JOAO BATISTA RIOS S/N
CASCAVEL;7;63;ALTO LUMINOSO;E.E.E.F.M. PADRE ARIMATEIA DINIZ;RUA FOTOGRAFO JOSE HONORATO, 2911
IRACEMA;86;80;CENTRO;CENTRO DO IDOSO MANUEL FLORÊNCIO DA SILVA;RUA CELSO GOMES DA SILVA
SOBRAL;24;249;RAFAEL ARRUDA;EEM AGOSTINHO NERES PORTELA;RUA MARIA ARAÚJO DAMASCENO, S/N
FORTALEZA;2;91;MESSEJANA;CLUBE DA CAIXA;AVENIDA FREI CIRILO 4700
ITAPIPOCA;17;3;CENTRO;CENTRO EDUCACIONAL PIO XII;RUA JOAO CORDEIRO 625
ITAPIPOCA;17;733;BALEIA;ESCOLA DO CAMPO MARIA NAZARÉ DE SOUSA;JACARÉ
AMONTADA;89;146;MOSQUITO;EEBTI PROF VALTER RIBEIRO DE MELO;MOSQUITO
BAIXIO;92;82;CENTRO - SEDE;E.E.F.T.I. CEL HUMBERTO BEZERRA;RUA MARIA DA GLORIA, 20
MARANGUAPE;4;588;GUABIRABA - MARANGUAPE;CEI ISAURINHA DIÓGENES;RUA NAPOLEÃO LIMA, 780
JUAZEIRO DO NORTE;119;5;LIMOEIRO;ESCOLA ODORINA CASTELO BRANCO SAMPAIO;AV. JOSÉ BEZERRA DE MENEZES S/N
FORTALEZA;3;606;ALDEOTA;COLÉGIO SANTA CECÍLIA;AV. SENADOR VIRGÍLIO TÁVORA, 2000
CAUCAIA;123;545;PARQUE ALBANO (JUREMA);E.E.F.M. NOÉLIA ALENCAR;RUA 06, 125 - CONJUNTO SÃO MIGUEL II
ITAPIPOCA;17;521;LAGOA DAS MERCÊS;EEB JOÃO IRINEU DA SILVA;LAGOA DAS MERCÊS
AIUABA;101;82;BELA VISTA;GRUPO ESCOLAR OTONIO ANDRADE;RUA MARIA PASTORA DE ANDRADE, S/N
CAUCAIA;37;577;NOVO PABUSSU;EEIEF MARIA DOLORES MENEZES DE ALMEIDA;RUA DA CONSOLAÇÃO, 465
OCARA;67;185;ARISCO DOS MARIANOS-DISTRITO;ESCOLA MUNICIPAL CORDULINO RODRIGUES DA SILVA - ENSINO FUNDAMENTAL;ARISCO DOS MARIANOS
MARACANAÚ;104;379;PAJUÇARA;EMEIEF PREFEITO ALMIR FREITAS DUTRA;RUA ELÍFIO MEDEIROS DA CUNHA, 531
MARTINÓPOLE;25;105;ALTO SÃO FRANCISCO;E.E.F. MARINA XIMENES (ANTIGO FLORENCIO BATISTA);CONJUNTO CONCEIÇÃO FONTENELE
ARACATI;8;278;TIMBAÚBA;SALÃO COMUNITÁRIO ROSA DE SOUZA DO NASCIMENTO;TIMBAÚBA
OCARA;67;184;SERRAGEM-DISTRITO;ESCOLA MUNICIPAL VER JOSE PIRES DE FREITAS - ENSINO FUNDAMENTAL;ESTRADA DO ALGODAO-SERRAGEM
FORTALEZA;114;245;BARRA DO CEARÁ;CENTRO DE EDUCAÇÃO COMPLEMENTAR (CEDCE) - ANTIGO SESI;AVENIDA FRANCISCO SÁ 6623
FORTALEZA;2;742;MESSEJANA;EM PROF CLODOMIR TEOFILO GIRAO;TRAVESSA RUTILO, 108
JUAZEIRO DO NORTE;119;415;NOVO JUAZEIRO;ESCOLA TARCILA CRUZ ALENCAR;CASTELO BRANCO 4451
JUAZEIRO DO NORTE;119;79;LIMOEIRO;ESCOLA ODORINA CASTELO BRANCO SAMPAIO;AV. JOSÉ BEZERRA DE MENEZES S/N
QUIXELÔ;13;158;ÁREA RURAL DE QUIXELÔ;ESCOLA DE ENS FUND IDELFONSO FERREIRA FRANCO;ANGICOS I-SITIO
BARBALHA;31;33;CENTRO;COLÉGIO DOM BOSCO OBJETIVO (CENTRO);RUA ADÃO APOLINÁRIO, S/N
LIMOEIRO DO NORTE;29;67;ÁREA RURAL;UNIDADE ESCOLAR NH4;SETOR NH4
NOVA RUSSAS;48;125;BOM BOCADINHO;ESCOLA MUNICIPAL JOÃO MARTINS FARIAS;LOCALIDADE DE BOM BOCADINHO,
CANINDÉ;33;355;CENTRO;ESCOLA MUNICIPAL JULIO CAMPOS;LOCALIDADE DE BOA VISTA DOS CAULAS
NOVA RUSSAS;48;43;ESPACINHA;ESCOLA MUNICIPAL FRANCISCO SEGUNDO DE OLIVEIRA;DISTRITO DE ESPACINHA,
HIDROLÂNDIA;54;23;DISTRITO DE IRAJÁ;E.M.E.F. CERU DR. AQUILES PERES MOTA;RUA JOÃO BATISTA VIANA S/N.
FORTALEZA;1;724;PAPICU;COLEGIO ESPACO ABERTO - BENTO ALBUQUERQUE;RUA BENTO ALBUQUERQUE 1671
CRATO;27;222;SÃO BENTO;EEIEF CEL. FILEMON FERNANDES TELES;RUA CÍCERO PIERRE PEREIRA, SN. VILA SÃO BENTO
CASCAVEL;7;3;GUANACES;ESC.ENS.FUND. MAXIMIANO FELIX DOS SANTOS;BRITO
CRATEÚS;20;29;CENTRO;CENTRO INTEGRADO DE EDUCAÇÃO DE CRATEÚS - CIEC;RUA FIRMINO ROSA, 837
FORTALEZA;3;604;ALDEOTA;COLÉGIO SANTA CECÍLIA;AV. SENADOR VIRGÍLIO TÁVORA, 2000
FORTALEZA;1;743;VICENTE PINZON;ESCOLA PROFISSIONAL MARIA ANGELA DA SILVEIRA BORGES;RUA PINTOR ANTONIO BANDEIRA, S/N
ITAPIPOCA;17;544;BARRENTO;EEB PEDRO PEREIRA;SÃO TOMÉ
HORIZONTE;78;136;DIADEMA;EMEF PROF MARIA LUIZA BARBOSA CHAVES;RUA BATURITE SN - PARQUE DIADEMA
MARACANAÚ;122;55;ACARACUZINHO;EEF ANTONIO GONDIM DE LIMA;AV. LATERAL SUL S/N
QUIXERÉ;29;235;TOME;EEB PROFESSORA IRENE NONATO DA SILVA;TOMÉ
ITAREMA;98;142;ZONA RURAL;EMEF ROGERIO RIBEIRO MONTEIRO;TORROES
PEREIRO;10;132;CENTRO;ESCOLA PINGO DE GENTE (ESPECIAL);RUA SEVERO HOLANDA S/N
EUSÉBIO;88;122;TAMATANDUBA;EEF IZIDIO JOSE CAMPINA;RUA IZIDIO CAMPINA, 751 TAMATANDUBA
FORTALEZA;116;7;GRANJA LISBOA;CAIC - MARIA ALVES CARIOCA;RUA GUARAREMA 690
MARACANAÚ;122;101;INDUSTRIAL;EEFM JOSE DE BORBA VASCONCELOS;AV. CONTORNO SUL S/N
CAUCAIA;120;406;PRIMAVERA;E.E.I.E.F. FRANCISCO ALVES DE PAIVA;RUA PRINCIPAL, S/N - BOQUEIRAO DOS CUNHAS
SANTANA DO CARIRI;53;134;ARAPORANGA;EMEIEF PAULO RODRIGUES DUARTE;RUA JOSÉ PIRES DE HOLANDA, SN
FORTALEZA;118;390;PARQUE DOIS IRMÃOS;CEI FRANCISCA RODRIGUES DE SOUSA;RUA MAJOR TELÉSFORO S/N
IGUATU;13;313;FOMENTO;ESCOLA DE ENS FUND LUIZA BEZERRA DE SOUZA;VILA FOMENTO
JUAZEIRO DO NORTE;119;86;PIRAJA;ESCOLA MARIA AMELIA BEZERRA;AV CASTELO BRANCO SN
CAPISTRANO;105;33;ZONA RURAL;ESCOLA DE ENSINO FUNDAMENTAL JORGE FURTADO LEITE 4;BANANEIRAS
FORTALEZA;114;128;BARRA DO CEARÁ;EEFM ESTADO DE ALAGOAS;AVENIDA PRESIDENTE CASTELO BRANCO, 5244
SÃO GONÇALO DO AMARANTE;36;97;TAIBA-DISTRITO;ESCOLA DE EDUCAÇÃO BÁSICA PROFª ALBA HERCULANO ARAÚJO;RUA CAPITAO INACIO PRATA SN -TAÍBA
RERIUTABA;79;24;AMANAIARA;E.E.F. DEPUTADO MANOEL RODRIGUES;DISTRITO DE AMANAIARA - CENTRO
FORTALEZA;118;636;PARQUE DOIS IRMÃOS;EM DOUTOR ABDENAGO DA ROCHA LIMA;RUA 114, 75 (CJ TUPAN MIRIM)
PARAIPABA;109;173;BOA ESPERANÇA;EEEP FLÁVIO GOMES GRANJEIRO;RUA MARIA MOREIRA, SN
JUAZEIRO DO NORTE;119;40;SANTA TEREZA;ESCOLA ADAUTO BEZERRA (SEGUNDO GRAU);CASTELO BRANCO SN
EUSÉBIO;88;238;ENCANTADA;EEF FRANCISCO TAVARES DE ABREU;RUA SANTO AMARO, 1000 - ENCANTADA
CAUCAIA;123;444;NOVA METRÓPOLE (JUREMA);E.E.I.E.F. FRANCISCA ALVES DO AMARAL;AV. B, 442 - NOVA METRÓPOLE
ITAPIPOCA;17;78;ÁREA RURAL DE ITAPIPOCA;EEB FRANCISCO NELSON DE LAVOR;TABOCA
FORTALEZA;1;729;MANUEL DIAS BRANCO;COLÉGIO CÍVICO MILITAR BATALHA DO RIACHUELO;R. E, 100 - MANUEL DIAS BRANCO
JAGUARUANA;75;131;CURRALINHO DOS PATOS;E.E.F. RAIMUNDO FARIAS;CURRALINHO DOS PATOS
URUBURETAMA;23;179;TAMBOATÁ / ZONA RURAL;EEF JOAQUIM BARROSO BRAGA;TAMBOATA
MILHÃ;55;65;CENTRO;EEFM EUCLIDES PINHEIRO DE ANDRADE;RUA JOAQUIM NEMESIO 119
FORTALEZA;80;365;FÁTIMA;INSTITUTO DE EDUCAÇÃO DO CEARÁ;RUA GRACILIANO RAMOS, 52
FORTALEZA;94;872;PADRE ANDRADE;EEFM HERMINIO BARROSO;RUA PADRE GUILHERME 800
MOMBAÇA;46;43;CENTRO;E. E. F. M. ANANIAS DO AMARAL VIEIRA;RUA CORONEL JOSÉ ADERALDO SN
ITAPIPOCA;17;726;NOVA ALDEOTA;EEB DR PÉRICLES FERNANDES TEIXEIRA;RUA CAIO PRADO, 3069
CAUCAIA;123;414;NOVA METRÓPOLE (JUREMA);E.E.F.M. ROMEU DE CASTRO MENEZES;AV. A, S/N - NOVA METRÓPOLE
IPUEIRAS;40;62;CENTRO;CENTRO MULTIFUNCIONAL FRANCISCO CAZUZA SAMPAIO - CENTRO;RUA CORONEL JOSÉ BENTO, S/N
FORTALEZA;115;455;MANOEL SÁTIRO;EM HENRIQUETA GALENO;RUA MAJOR MONTENEGRO 917
TAMBORIL;61;57;CENTRO;EMTI 4 DE OUTUBRO;RUA VICENTE ALVES DO VALE SN
CAUCAIA;123;376;NOVA METRÓPOLE (JUREMA);E.E.F. EDGARD VIEIRA GUERRA;AV. CONTORNO SUL, 255
ARACATI;8;70;SÃO CHICO;ESCOLA DE 1 GRAU SÃO FRANCISCO;SÃO CHICO
FORTALEZA;1;883;ALDEOTA;COLEGIO ANTARES - SANTOS DUMONT;AVENIDA SANTOS DUMONT 3777
FORTALEZA;1;942;VICENTE PINZON;CIES AIDA SANTOS;AVENIDA TRAJANO DE MEDEIROS  813
IGUATU;13;175;JARDIM OASIS;ESCOLA DE ENS FUND JOAO PAULINO DE ARAUJO;RUA SÍLVIO AMARO SN
FARIAS BRITO;62;212;QUINCUNCA;EEF COSMO ALVES PEREIRA;RUA LADISLAU PEREIRA, 77
FORTALEZA;83;239;PANAMERICANO;ESCOLA MUNICIPAL JOSÉ BATISTA DE OLIVEIRA;RUA GOIÁS 620
FORTALEZA;95;293;JANGURUSSU;EMEIEF MARTHA DOS MARTINS COELHO GUILHERME;RUA 313, 243, CONJUNTO SÃO CRISTÓVÃO
FORTALEZA;3;427;CENTRO;UNIARI - CENTRO UNIVERSITÁRIO ARI DE SÁ;AV. HERÁCLITO GRAÇA, 826
PACATUBA;57;302;CONJUNTO JEREISSATI II;EEIEF JOAO PAULO SAMPAIO DE MENEZES;RUA 74 SETOR G, 900
CRATO;27;110;MURITI;EEIEF MELVIN JONES;RUA PEDRO GOMES DE NORÕES, 1877. SÍTIO SAQUINHO
CRATO;27;294;BELMONTE;EEIEF ADÉRSON DA FRANCA ALENCAR;RUA CARLINA PINHEIRO S/N
OCARA;67;219;CURUPIRA-DISTRITO;ESCOLA MUNICIPAL ODILON DE SOUZA BRILHANTE - ENSINO FUNDAMENTAL;CURUPIRA
FORTALEZA;3;13;CENTRO;COLÉGIO 7 DE SETEMBRO (SEDE NGS);AV. DO IMPERADOR, 1330
MORADA NOVA;47;174;PROJETO IRRIGADO;UBS DO CH2 - RAIMUNDO NONATO NOGUEIRA FREIRE;CH2
FORTALEZA;94;905;JARDIM GUANABARA;EMEIF LORHAN MARQUES MEDEIROS;RUA CREUZA ROCHA, 255
ACOPIARA;60;77;CENTRO;EEF PE JOAO ANTONIO;AV PAULINO FELIX, 214
FORTALEZA;114;99;JARDIM IRACEMA;EM RAIMUNDO DE SOUSA MANGUEIRA;RUA ALBERTO FERREIRA 624
CASCAVEL;7;57;GUANACES;ESC.ENS.FUND. CUSTODIO DA SILVA LEMOS;RUA ISAAC BENICIO, CENTRO
FORTALEZA;3;393;ALDEOTA;RECEITA FEDERAL (SUPER. REG. DE ADM. NO ESTADO DO CEARÁ);RUA BARÃO DE ARACATI, 909
AURORA;69;71;PADRE MORORO-SEDE;E.E.I.F. ANTONIO LANDIM DE MACEDO;PADRE MORORO S/N
JAGUARETAMA;72;94;ZONA RURAL;E.E.M PADRE JOSÉ AUGUSTO REGIS ALVES;ASSENTAMENTO PEDRA E CAL
ALTANEIRA;53;94;CENTRO;EMEF 18 DE DEZEMBRO;RUA JOSE PIO DE OLIVEIRA, SN
FORTALEZA;94;872;PADRE ANDRADE;EEFM HERMINIO BARROSO;RUA PADRE GUILHERME 800
FORTALEZA;94;607;QUINTINO CUNHA;COLEGIO DOM FELIPE - JUNIOR;RUA FRANCISCO MENDES DE OLIVEIRA, 183
IPUEIRAS;40;5;SÃO JOSÉ;EEF FRANCISCO PAZ ARAGÃO - SÃO JOSÉ;SÃO JOSÉ
HIDROLÂNDIA;54;206;CENTRO;E.E.F.M. PRISCILA MACIEL DE FRANÇA;RUA PROFESSORA ARGENTINA FAÇANHA, 471
FORTALEZA;112;444;EDSON QUEIROZ;UNIVERSIDADE DE FORTALEZA - UNIFOR;AVENIDA WASHINGTON SOARES, 1321
FORQUILHA;121;216;TRAPIÁ;EEFI EDUARDO CAVALCANTE ARAGAO;DISTRITO DE TRAPIA
FORTALEZA;112;295;ENGENHEIRO LUCIANO CAVALCANTE;ESCOLA DE ENSINO MÉDIO EM TEMPO INTEGRAL JOHNSON;RUA GONTRAN GIFFONI, 461
FORTALEZA;1;931;COCÓ;UNINTA - FACULDADE UNINTA FORTALEZA;RUA VILEBALDO AGUIAR,133
FORTALEZA;1;888;CIDADE 2000;ESCOLA MUNICIPAL ODNILRA CRUZ MOREIRA;AVENIDA DAS ADENANTERAS 800
SANTA QUITÉRIA;54;110;DISTRITO DE LOGRADOURO;ESCOLA MUNICIPAL GUSTAVO RODRIGUES ROSA;DISTRITO DE LOGRADOURO
ITAPAJÉ;41;201;FERROS-SEDE;CRECHE NEDE CRIANÇA ESPERANÇA;AV. ANTONIO BARROSO BASTOS CONJUNTO ALCEBIADES SN
SOBRAL;121;70;ARACATIAÇU;EEMTI ISRAEL LEOCADIO DE VASCONCELOS;PRACA DA VARZEA, 479 - ARACATIAÇU
PALHANO;9;12;LAGOA DA TELHA;ESCOLA DE ENSINO FUNDAMENTAL JOSEFA MARIA DA NATIVIDADE;LAGOA DA TELHA
FORTALEZA;83;785;JOÃO XXIII;CENTRO DE FORMAÇÃO E DESENV. PARA PROFISSIONAIS DA EDUCAÇÃO - FORMACE;RUA PORTO VELHO, 401
FORTALEZA;2;552;LAGOA REDONDA;COLÉGIO AGNUS SUL;TRAVESSA MARROCOS, 145
VÁRZEA ALEGRE;62;2;PRAÇA SANTO ANTÔNIO;COLÉGIO SÃO RAIMUNDO NONATO - LTDA;RUA CORONEL ANTONIO CORREIA, 24
URUOCA;25;185;CAMPANARIO;E.E.F. NE CONRADO;AV. ALBERTO BATISTA FONTENELE, 21
FORTALEZA;112;49;JARDIM DAS OLIVEIRAS;EM MARIA DE LOURDES RIBEIRO JEREISSATI;RUA REINO UNIDO, 115
FORTALEZA;116;305;GRANJA PORTUGAL;EM EDUCADOR PAULO FREIRE;RUA CORONEL FABRICIANO 452
FORTALEZA;95;229;CONJUNTO PALMEIRAS;CEI PROFA. ANA MARIA MEDEIROS DA FONSECA;AV. CASTELO DE CASTRO, 2900
MARCO;96;97;BAIRRO CORACAO DE JESUS;EEF SAGRADO CORACAO DE JESUS;RUA PARSIFAL BARROSO
GUARACIABA DO NORTE;74;109;SEDE;E.E.I.F. JOÃO BARRETO DOS SANTOS;RUA 12 DE MAIO - CENTRO
FORTALEZA;80;201;ALTO DA BALANÇA;UAPS CESAR CALS DE OLIVEIRA;RUA CAPITÃO ARAGÃO 555
FORTALEZA;80;236;TAUAPE;EEFM NOEL HUGNEN OLIVEIRA PAIVA;RUA MONSENHOR SALAZAR 279
FORTALEZA;80;237;TAUAPE;EEFM NOEL HUGNEN OLIVEIRA PAIVA;RUA MONSENHOR SALAZAR 279
FORTALEZA;83;239;PANAMERICANO;ESCOLA MUNICIPAL JOSÉ BATISTA DE OLIVEIRA;RUA GOIÁS 620
FORTIM;8;324;VICOSA;EEMTI. HELENITA LOPES GURGEL VALENTE;RUA JORGE FERREIRA, 250
FORTALEZA;112;284;PARQUE MANIBURA;COLÉGIO ÁGAPE;AV HERMINIO DE CASTRO, 140
ITAPAJÉ;41;70;CAMARA;ESCOLA MUNICIPAL ANTONIO PINTO DE OLIVEIRA;DISTRITO DE CAMARÁ
QUITERIANÓPOLIS;99;143;ZONA RURAL;EEIF ANTONIO LAURINDO SOARES;BARRA DOS RICARDOS
QUIXERAMOBIM;11;119;SAO MIGUEL;ESCOLA  JOSE MARTINS DE ALMEIDA;OITICICA
JAGUARIBE;10;65;CENTRO;ESCOLA DE ENSINO FUNDAMENTAL ALICE DIÓGENES PINHEIRO;AV GOV. VIRGILIO TÁVORA S/N
FORTALEZA;82;649;CRISTO REDENTOR;CEJA  MONSENHOR HÉLIO CAMPOS;AV. MONSENHOR HÉLIO CAMPOS, 251
FORTALEZA;85;122;CONJUNTO CEARÁ I;CCDH - CENTRO DE CIDADANIA E DIREITOS HUMANOS (ANTIGO LUCIO ALCANTARA);AV. ALANIS MARIA LAURINDO DE OLIVEIRA, 461, 1A ETAPA
URUOCA;25;162;CAMPANARIO;E.E.F. NE CONRADO;AV. ALBERTO BATISTA FONTENELE, 21
BARREIRA;52;174;ARERÉ;ESCOLA FRANCISCO CORREIA LIMA;ARERÉ I
FORTALEZA;116;5;GRANJA LISBOA;CAIC - MARIA ALVES CARIOCA;RUA GUARAREMA 690
JUAZEIRO DO NORTE;28;490;SALESIANOS;EEF JOSE GERALDO DA CRUZ;DO ROSARIO 622
BARRO;92;61;SEDE;ESCOLA 1 GRAU ANTONIO SEVERO DE LIMA;SITIO ENGENHO VELHO
UMARI;15;204;CENTRO - SEDE;ESCOLA DE ENSINO MÉDIO MONSENHOR MANOEL CARLOS DE MORAIS;RUA DOM QUINTINO 289
FORTALEZA;83;689;PICI;ESCOLA MUNICIPAL ADROALDO TEIXEIRA CASTELO;RUA ALAGOAS 2267
MADALENA;63;197;SEDE;EEF MARGARIDA ALVES;PAUS BRANCOS
CRUZ;30;311;CENTRO;ESCOLA CONSTÂNCIA DE SOUSA MUNIZ;CENTRO
CAUCAIA;37;463;ITAMBE;E.E.F. FLAVIO PORTELA MARCILIO;RUA 05, 23 - CONJ. VICENTE ARRUDA
EUSÉBIO;88;265;AUTODROMO;CEI EDMILSON PINHEIRO;AV. LUISA TÁVORA, S/N
GRAÇA;79;167;SITIO BARRO VERMELHO;GRUPO ESCOLAR JOAO LOPES DE CARVALHO;SITIO BARRO VERMELHO
INDEPENDÊNCIA;39;203;IAPI;E.E.F ROQUE COSMO DE OLIVEIRA;BELO MONTE, S/N, ZONA RURAL
FORTALEZA;83;165;JÓQUEI CLUBE;EEFM HERACLITO DE CASTRO E SILVA;RUA SILVEIRA FILHO, 808
FORTALEZA;95;153;JANGURUSSU;EEMTI ALMIRANTE TAMANDARÉ;RUA DO PEREIRO, S/N, CJ ALMIRANTE TAMANDARÉ
ARACATI;8;37;NOSSA SENHORA DE FATIMA;CSU - C.R.A.S. NOSSA SENHORA DE FÁTIMA;RUA SAO JUDAS TADEU SN
GRANJA;25;205;CENTRO;E.E.M. CEL LUIZ FELIPE;PRACA CEL. LUIZ FELIPE, 381
MARACANAÚ;122;71;ACARACUZINHO;EEFM JOSE MILTON DE VASCONCELOS DIAS;AV. CENTRAL S/N
BELA CRUZ;96;15;CENTRO-SEDE;EMEF MONS. ODÉCIO;RUA CORONEL DUCA, 704
CRUZ;30;78;ZONA RURAL;ESCOLA JOAO EVANGELISTA VASCONCELOS;CAJUEIRINHO I
MASSAPÊ;45;11;CENTRO;EEFM ADAUTO BEZERRA;PCA MANOEL JARBAS AGUIAR SN
CRUZ;30;86;ANINGAS;ESCOLA PAULO FREIRE;RUA 14 DE JANEIRO SN
FORTALEZA;82;702;CARLITO PAMPLONA;COLÉGIO MARIA ALICE;AV. PASTEUR, 700
ACARAÚ;30;275;PAULO VI;ESCOLA DEPUTADO JOSÉ FILOMENO;RUA CAPITÃO DIOGO LOPES SN
QUIXADÁ;6;248;CENTRO;CENTRO UNIVERSITÁRIO CATÓLICA DE QUIXADÁ - UNICATÓLICA;AVENIDA PLÁCIDO CASTELO, S/N
FORTALEZA;80;135;DIONISIO TORRES;EEFM JOAQUIM ANTÔNIO ALBANO;RUA JULIO SIQUEIRA 390
FORTALEZA;80;316;DIONISIO TORRES;COLÉGIO SANTO INACIO;AVENIDA DESEMBARGADOR MOREIRA 2355
JUAZEIRO DO NORTE;28;96;PIO XII;EMTI FIGUEIREDO CORREIA;PRACA DA CONCEICAO S/N
ICAPUÍ;8;149;TREMEMBE;ASSOCIAÇÃO DOS MORADORES DE TREMEMBÉ - AMT;TREMEMBE
FORTALEZA;85;358;DOM LUSTOSA;EEFM AYRTON SENNA DA SILVA;RUA MANAUS, 855
QUIXADÁ;6;74;ÁREA RURAL DE QUIXADÁ;EEF ESTÁCIO LOPES;CAFÉ CAMPESTRE - PERIFERIA, S/N
ICAPUÍ;8;151;CAJUAIS;E.E.M. PROF GABRIEL EPIFANIO DOS REIS;RUA FILIZOLINA FREITAS, SN
MARANGUAPE;4;538;GUABIRABA - MARANGUAPE;EMEF SANTA RITA;RUA WALTER LOPES, S/N
FORTALEZA;80;206;ALTO DA BALANÇA;EEF CIRCULISTA BOM JESUS;RUA JOSE BUSON 101
FORTALEZA;80;405;AEROLÂNDIA;COLÉGIO MAURO BEZERRA;RUA BRIGADEIRO VILELA, 221
CAUCAIA;37;582;PADRE ROMUALDO;E.E.F. AUGUSTO CESAR SILVA SALES;RUA 15 DE NOVEMBRO, 456
JUAZEIRO DO NORTE;119;153;JOAO CABRAL;ESCOLA IVA EMIDIO GONDIM;PIO NOROES SN
FORTALEZA;113;176;BENFICA;FEAAC - UFC;AV. DA UNIVERSIDADE, 2431
BARBALHA;31;106;VILA SANTO ANTONIO;ETI JOSEFA ALVES DE SOUSA;RUA ZUCA SAMPAIO, S/N (EM FRENTE AO HOSPITAL DO CORAÇÃO)
JUCÁS;43;221;SÃO PEDRO DO NORTE - VILA;ESCOLA DE 1 GRAU DOM JOSE MAURO;RUA JOSE NORBERTO DE SOUSA S/N
CANINDÉ;33;227;IMACULADA CONCEIÇÃO;EEEP CAPELAO FREI ORLANDO;RUA PAULINO BARROSO, 1289
ICÓ;15;57;ICOZINHO - DISTRITO;EMTIH - FRANCISCO ALBENIR DUARTE;RUA SAO VICENTE S/N
ARARIPE;68;26;DISTRITO VILA BREJINHO;CRECHE FRANCISCA GUEDES DE OLIVEIRA - BREJINHO;RUA EUCLIDES DA CUNHA, S/N
MASSAPÊ;45;47;ZONA RURAL;GE JOSE ESTEVAO VASCONCELOS;POVOADO DE IPAGUACUMIRIM
MASSAPÊ;45;15;CENTRO;EEFM WILEBALDO AGUIAR;RUA CEL MANOEL DIAS 250
BELA CRUZ;96;69;BOM FUTURO;EMETI FRANCISCO SALES DE SOUSA;BOM FUTURO
QUIXADÁ;6;88;TAPUIARA;EEF FRANCISCO FERREIRA LIMA;TAPUIARÁ, S/N
PACAJUS;49;216;CENTRO;POSTO DE BENEFICIO DO INSS;RUA GUARANY 806
RUSSAS;9;284;PLANALTO BELA VISTA;ESCOLA MUNICIPAL ANA XAVIER LOPES;TRAVESSA JOSE MUNIZ 2457
TAUÁ;19;118;INHAMUNS;ESCOLA DESIDERIO DE SOUSA PEDROSA;VILA GUARIBAS
SALITRE;38;67;CENTRO;CRECHE COMUNITARIA MARIA ANA JESUS - SEDE;RUA SÃO PEDRO
JUAZEIRO DO NORTE;119;118;ROMEIRAO;ESCOLA SESI/SENAI PADRE AZARIAS SOBREIRA;RUA JOSÉ MARROCOS, 2265
JUAZEIRO DO NORTE;119;51;PREFEITO CARLOS ALBERTO DA CRUZ;ESCOLA ZILA BELEM;FRANCISCO VICENTE SILVA CAVALCANTE SN
FORTALEZA;112;492;SAPIRANGA-COITÉ;EM PROFª ALDACI BARBOSA;RUA OLEGARIO MEMORIA, 1257
MARACANAÚ;122;256;CÁGADO;CENTRO AGACIL CAMURCA;AV. PADRE JOSE HOLANDA DO VALE, 931
FORTALEZA;116;26;GRANJA PORTUGAL;EM IRMA ROCHA;RUA EMILIO DE MENEZES 2515
ACARAÚ;30;310;ZONA RURAL;ESCOLA CAROLINO LOPES ARAUJO;CELSOLANDIA
QUIXERAMOBIM;11;248;PAUS BRANCO;ESCOLA ANTONIO CONSELHEIRO;FAZENDA TANQUINHO
BATURITÉ;5;41;ACUDINHO-FAZENDA;EMEF MARIA JOSE VIANA;ACUDINHO DOS VIANAS
FORTALEZA;94;190;VILA VELHA;EM CASTELO DE CASTRO;RUA 43 1531
SANTA QUITÉRIA;54;258;PIRACICABA;CRECHE DONA JÚLIA DE MESQUITA LÔBO;RUA TABELIÃO FRANCISCO DE PAULA LÔBO, SN.
IPU;21;24;SEDE;E.M.E.F. PROFA. MARIA VALDEMIRA COELHO MELLO;RUA FRANCISCO ELMIRO MARTINS 450 - CANUDOS
FORTALEZA;83;609;PICI;EEEP JÚLIA GIFFONI;RUA CORONEL MATOS DOURADO 1349
PARACURU;109;101;PARACURU BEACH;E. E. E. P. PROFESSORA ABIGAIL SAMPAIO - ESCOLA TÉCNICA;AV. JOÃO LOPES MEIRELES
SENADOR POMPEU;12;106;CODIA;EEIEF VALFRIDO FERREIRA LIMA;CODIA
MARACANAÚ;104;70;TIMBÓ;EMEF ADAUTO FERREIRA LIMA;AVENIDA CONTORNO LESTE, S/N
FORTALEZA;82;257;SÃO GERARDO;CEJA PAULO FREIRE;RUA OLAVO BILAC, 1300
FORTIM;8;335;CENTRO;EEIFTI. PROFESSORA MARIA LUIZA;RUA JOAQUIM CRISÓSTOMO, 739.
JARDIM;119;357;SERRA BREJINHO;ESCOLA JOAO BATISTA DE FIGUEIREDO;SERRA BREJINHO
QUIXERAMOBIM;11;310;DISTRITO INDUSTRIAL;ESCOLA MANOEL MARTINS DE ALMEIDA;AV GERALDO BIZARRIA DE CARVALHO SN
TIANGUÁ;81;316;ÁREA RURAL DE TIANGUÁ;E.E.F. DR. EDSON CARVALHO LIMA;SÍTIO BODEGAS
BARBALHA;31;20;CENTRO;COLÉGIO NOSSA SENHORA DE FÁTIMA;RUA DA MATRIZ, 258
BARBALHA;31;115;SÍTIO LAGOA;EMEIF SANTA LUZIA (SÍTIO LAGOA);SITIO LAGOA, S/N (7.27846 S, 39.29025 W)
MARANGUAPE;4;513;SAPUPARA;EMEF JÕAO CIRINO NOGUEIRA;RUA JOAO CIRINO, S/N
FORTALEZA;115;91;SERRINHA;COLEGIO DUQUE DE CAXIAS;RUA  PERU, 1675
BREJO SANTO;70;219;CENTRO-SEDE;EEEP BALBINA VIANA ARRAIS;LOTEAMENTO SOL NASCENTE
FORTALEZA;82;641;ÁLVARO WEYNE;ESCOLA MUNICIPAL PATATIVA DO ASSARÉ;RUA FREI TEOBALDO,646
FORTALEZA;83;784;BELA VISTA;ESCOLA MUNICIPAL JOSÉ NAURI BRAGA;RUA PROFESSORA LILIA ABREU, 231
EUSÉBIO;88;139;JABUTI;EEM PROF. FRANCISCA LINHARES DE SOUSA;R. EDUARDO SÁ, S/N
MAURITI;76;145;ANAUA-DISTRITO;EEIF JARBAS PASSARINHO;SITIO SANTO ANTONIO DOS POSSEIROS
ACARAÚ;30;356;CENTRO;CEJA -  PADRE ANTONIO TOMAZ;PRACA CORONEL JOSE FILOMENO SN
NOVA OLINDA;53;138;CRUZEIRO;EEMTI PADRE LUIZ FILGUEIRAS;RUA PROFESSORA NANÔ, SN
MARACANAÚ;104;101;JEREISSATI I;EEMTI PROFESSOR CLODOALDO PINTO;AVENIDA CONTORNO NORTE, 99
FORTALEZA;94;338;JARDIM GUANABARA;CMES PROF JOSE REBOUCAS MACAMBIRA;RUA CARIÚS 200
FORTALEZA;83;232;PANAMERICANO;ESCOLA MUNICIPAL JOSÉ BATISTA DE OLIVEIRA;RUA GOIÁS 620
ICÓ;15;158;CENTRO - SEDE;EEM - VIVINA MONTEIRO;RUA DR INACIO DIAS S/N
OCARA;67;267;SERENO DE CIMA-DISTRITO;ESCOLA MUNICIPAL SEBASTIAO FREIRES BRAGA - ENSINO FUNDAMENTAL;RUA VENUS SN - SERENO DE CIMA
ACARAÚ;30;4;CENTRO;CEJA -  PADRE ANTONIO TOMAZ;PRACA CORONEL JOSE FILOMENO SN
ITAPIÚNA;105;123;CENTRO;ESCOLA DE ENSINO FUNDAMENTAL E MEDIO FRANKLIN TAVORA;AVENIDA SAO CRISTOVAO 80
BARBALHA;31;151;CIROLÂNDIA;EEF CESAR CALS DE OLIVEIRA (CIROLÂNDIA);RUA JOSÉ COELHO CORREIA, S/N (7.32321 S, 39.29880 W)
MARACANAÚ;104;13;PAJUÇARA;EMEIEF ANTÔNIO DE ALBUQUERQUE SOUSA FILHO;RUA SENADOR PETRÔNIO PORTELA, 145
FORTALEZA;83;766;PICI;ESCOLA MUNICIPAL PROFESSORA MARIA LIDUÍNA CORREA LEITE;RUA FERNÃO MAGALHÃES, 120
FORTALEZA;113;311;RODOLFO TEÓFILO;EEFM FÉLIX DE AZEVEDO;RUA MONSENHOR FURTADO, 757
GUARACIABA DO NORTE;74;17;JARDINS;ESCOLA TÉCNICA - E.E.E. PROFISSIONAL DEPUTADO JOSÉ MARIA MELO;AV. TENENTE MATIAS, S/N
PACAJUS;49;385;ALTO DA BOA VISTA;EEF ARTUR BANDEIRA;RUA PROJETADA, S/N
NOVO ORIENTE;99;60;ZONA RURAL;CEIF EDVAL ARAÚJO DA SILVA;DISTRITO SAO RAIMUNDO
BEBERIBE;84;128;ITAPEIM;IGREJA ASSEMBLÉIA DE DEUS TEMPLO CENTRAL;LAGOA DO MATO
MADALENA;63;189;MACAOCA;EEF MIGUEL JOSE DE SOUSA;OURO PRETO
JUCÁS;43;51;CENTRO - SEDE;ESCOLA DE ENSINO MÉDIO LUIZA TAVORA;RUA HILDELY CAVALCANTE 120
JUAZEIRO DO NORTE;119;112;SANTA TEREZA;COLÉGIO MILITAR DE JUAZEIRO DO NORTE;CASTELO BRANCO SN
GUAIÚBA;57;49;CENTRO;EEBM MANUEL BALTAZAR DE FREITAS;RUA LEIRIA DE ANDRADE 409
TABULEIRO DO NORTE;91;18;CENTRO;ESCOLA  ANTÔNIO ALVES MAIA;RUA CEL. PIO GADELHA, 4683
QUIXADÁ;6;159;VÁRZEA DA ONÇA;EEF MARIA MAIA DE FREITAS;VÁRZEA DA ONÇA, S/N
URUOCA;25;168;BRASILIA;C.E.I. VANIA ROCHA;RUA ASSUNCAO, S/N
ACARAÚ;30;170;ZONA RURAL;ESCOLA JOAO RIBEIRO RAMOS;VILA PROGRESSO
MARACANAÚ;122;266;ALTO ALEGRE I;EMEIEF CESAR CALS DE OLIVEIRA FILHO;RUA LITUANIA S/N
MERUOCA;24;608;São Francisco;CASA DIGITAL(EEF - FRANCISCO ANDELMO);SITIO SANTO ELIAS - DISTRITO SAO FRANCISCO
FORTALEZA;112;400;SAPIRANGA-COITÉ;EEMTI PROFESSORA TECLA FERREIRA;RUA FRANCISCA BEZERRA, 417
CAPISTRANO;105;27;ZONA RURAL;ESCOLA DE ENSINO FUNDAMENTAL JOSE SARAIVA SOBRINHO;PESQUEIRO
TABULEIRO DO NORTE;91;46;CENTRO;FUNDAÇÃO NACIONAL DE SAÚDE DE TABULEIRO - SESP;RUA CEL.  PIO GADELHA, 4517
FORTALEZA;113;420;MONTESE;EEFM MARECHAL HUMBERTO DE ALENCAR C. BRANCO;RUA ALVARO FERNANDES, 913
INDEPENDÊNCIA;39;46;MONTE SINAI;E.E.F. JOAQUIM FERREIRA VIANA;RUA DA MATRIZ
MAURITI;76;151;BELA VISTA;CRECHE MUNDO ENCANTADO;AV. DR. FERNANDO TELES CARTAXO, S/N
BOA VIAGEM;63;28;FATIMA;EEF PE. PAULO DE ALMEIDA MEDEIROS;RUA MARIA DE NAZARE BEZERRA 245
CARIRIAÇU;71;17;CENTRO;EEM PLÁCIDO ADERALDO CASTELO;RUA CARLOS MORAIS 752
MILAGRES;26;42;SITIO TABOCAS;ESCOLA JOAO EVANGELISTA DANTAS;SITIO TABOCAS
ITAPIÚNA;105;160;ZONA RURAL;EEIEF JARBAS PASSARINHO - ESCOLA POLO;FAZENDA SAO JOSE
ASSARÉ;18;41;CENTRO;ESCOLA DE ENSINO FUNDAMENTAL RAUL ONOFRE;RUA PADRE EMILIO CABRAL SN     ASSARE
FORTALEZA;112;329;JARDIM DAS OLIVEIRAS;EEFM D. LUIZA TÁVORA - PRÓ MORAR;RUA FREI CANECA, 379
CEDRO;13;493;SÃO MIGUEL;ESCOLA DE ENS FUND PEDRO MOREIRA DO CARMO;ST RECANTO
CATARINA;60;241;SEDE;UNIDADE BÁSICA DE SAÚDE - MONTE ALEGRE;MONTE ALEGRE
SANTA QUITÉRIA;54;222;PEREIROS;CRECHE COMUNITARIA MARIA DO SOCORRO PESSOA CATUNDA;PEREIROS
JUCÁS;43;53;VILA JOSÉ BENTO - SEDE;ESCOLA DE ENSINO FUNDAMENTAL  AUREA LEAL;VILA JOSE BENTO 170
FORQUILHA;121;196;EDMUNDO RODRIGUES;EEFI FRANCISCO FIGUEIREDO DE PAULA PESSOA;R MARIA DE NAZARE DA SILVA SN
CAUCAIA;37;30;CURICACA;E.E.F. EDSON DA MOTA CORREA;ESTRADA VELHA DO ICARAI, KM 02
FORTALEZA;80;228;JOAQUIM TÁVORA;EEFM PADRE ROCHA;RUA CEL ALVES TEIXEIRA 525
CAMOCIM;32;191;ZONA RURAL;EEF MANUEL FERREIRA DA SILVA - FLAMENGA DOS FERREIRAS;FLAMENGA DOS FERREIRAS
FORTALEZA;82;382;ÁLVARO WEYNE;COLÉGIO MENINO JESUS DE PRAGA;RUA ANA FACÓ, 140
FORTALEZA;80;395;FÁTIMA;EEM GOV. ADAUTO BEZERRA;RUA MONSENHOR LIBERATO, 1850
TIANGUÁ;81;98;RÉGIS DINIZ;E.E.I.F. MONSENHOR AGESILAU DE AGUIAR;AVENIDA ZEFERINO FERREIRA, S/N
TAUÁ;19;407;TAUAZINHO;EEF MARIA ALEXANDRINO NOGUEIRA MARQUES;AV CEL VICENTE ALEXANDRINO DE SOUSA
CARIDADE;111;66;CENTRO;EEFM CASEMIRO BEZERRA DE ARAUJO;RUA CEL FRANCISCO LINHARES 496
FORTALEZA;83;323;DEMOCRITO ROCHA;ESCOLA MUNICIPAL JOSÉ BONIFÁCIO DE SOUSA;RUA PERNAMBUCO 600
AQUIRAZ;66;148;ARACAS;EMEF RAIMUNDO RAMOS DA COSTA;SITIO ARACAS
GRANJA;25;37;ADRIANOPOLES;E.E.F. GUILHERME TELES GOUVEIA (ANTIGA NIEDJA ARRUDA);RUA VICENTE FERREIRA, S/N
FORTALEZA;112;95;JARDIM DAS OLIVEIRAS;EM ISMAEL PORDEUS;RUA DES FAUSTINO ALBUQUERQUE, 511
MARANGUAPE;4;544;TABATINGA - SAPUPARA;EEFM LUIZ GIRÃO;AVENIDA TABATINGA, S/N
PACAJUS;49;320;PAJEU;EEF PROFA EDITE NOGUEIRA DA COSTA (ANT CEI PARAISO DA CRIANÇA);RUA PROJETADA S/N
ACARAÚ;30;14;CENTRO;ESCOLA PROF. TERESA DE JESUS SILVA;RUA JOÃO JAIME FERREIRA GOMES, 457
CAMOCIM;32;48;CRUZEIRO;COLEGIO ESTADUAL PROF IVAN PEREIRA DE CARVALHO - CEPI;RUA RIACHUELO, SN
FORTALEZA;113;139;JARDIM AMÉRICA;EEFM ESTADO DO PARANÁ;RUA ALBERTO MAGNO, 123
FORTALEZA;82;675;ÁLVARO WEYNE;EM ALDEÍDES RÉGIS;RUA IRINEU DE SOUSA, 176
FORTALEZA;94;364;JARDIM IRACEMA;EEFM DEP FCO DE ALMEIDA MONTE;AV. CORONEL CARVALHO 2400
PARAIPABA;109;171;SETOR C2;EMEIF EDMUNDO PEREIRA BARBOSA;PROJETO IRRIGADO DO CURU - SETOR C2
CARIDADE;111;62;CAMPOS BELOS;EEF SENADOR VIRGILIO TAVORA;BR 020 KM 348
AQUIRAZ;66;270;CENTRO;EMEF ERNESTO GURGEL VALENTE;RUA FRANCISCO CAMARA, SN
CARIRIAÇU;71;28;PARAÍSO;EEM SÃO PEDRO;RUA LUIZ BEZERRA 325
BREJO SANTO;70;58;POCO DO PAU-DISTRITO;CEI DR. VALDEMAR NAPOLEÃO LEITE DE ARAUJO;SITIO POÇO DO PAU
RUSSAS;9;152;LAGOA DO FRADE;POSTO DE SAÚDE ANTÔNIO JOSÉ DA SILVA;FRADINHO
PACAJUS;49;64;PAULICÉIA;EEF ANTONIO AIRTON TORRES;PAULICEIA
GUAIÚBA;57;216;SAO JERONIMO;CEI MARIA JOSE SOUSA SILVA;SAO JERONIMO
PALMÁCIA;4;192;CENTRO;UBS SEDE;RUA ILDEFONSO CAMPOS, S/N
FORTALEZA;80;298;VILA UNIÃO;ESCOLA MUNICIPAL PAPA JOÃO XXIII;AV TREZE DE ABRIL, 545
TAMBORIL;61;14;CENTRO;EMTI 4 DE OUTUBRO;RUA VICENTE ALVES DO VALE SN
CAUCAIA;37;172;MESTRE ANTONIO;E.E.F. NELY CAULA DE CARVALHO;RUA LUIS GOMES DA SILVA, S/N
IPAPORANGA;20;274;ÁGUA BRANCA;ESCOLA DE ENSINO FUNDAMENTAL SANTA RITA DE CASSIA;AGUA BRANCA
GRANJA;25;2;CENTRO;E.E.M.T.I SÃO JOSÉ (COLEGIO ESTADUAL SÃO JOSÉ);RUA FRANCISCO SOUSA, 131
EUSÉBIO;88;250;URUCUNEMA;EEF JOSEFA SA;RUA BEIRA RIO, 400 - MOSQUITO
SENADOR POMPEU;12;147;SEDE;CAPELA SÃO VICENTE DE PAULO;SÍTIO BOA VISTA DOS VICENTES
MARANGUAPE;4;523;GUABIRABA - MARANGUAPE;EMEF SANTA RITA;RUA WALTER LOPES, S/N
MARANGUAPE;4;149;PARQUE IRACEMA - MARANGUAPE;EMEF FRANCISCA GOMES FERNANDES VIEIRA;AVENIDA STENIO GOMES 872
ALTO SANTO;86;4;CENTRO;ESCOLA DE 1 E 2 GRAUS FRANCISCO NONATO FREIRE;AV EDSON GUERRA 667
CARIDADE;111;91;ZONA RURAL;EEIF JOÃO ADRIANO (CARMOZINA BITTENCOURT DE PINHO - ANEXO);LOCALIDADE DE VILA NOVA
MARACANAÚ;104;280;JEREISSATI I;EMEIEF MARIA ÍSIS MENEZES ANDRADE;RUA ANTÔNIA ARAÚJO FERREIRA, S/N
FORTALEZA;117;490;CONJUNTO ESPERANÇA;COLÉGIO CEARENSE TOTAL;AVENIDA D, 85
PARAIPABA;109;127;BOA ESPERANÇA;EMTI HUMBERTO VIEIRA PESSOA;RUA MARIA CLARICE MOREIRA, 200
SANTANA DO ACARAÚ;44;176;ALVACA;EEF LOURENCO JOSE DE LIRA;AGUAS BELAS
FORTALEZA;113;443;PARQUELÂNDIA;SECRETARIA EXECUTIVA REGIONAL III - FORTALEZA;AV JOVITA FEITOSA 3090
MILAGRES;26;35;VILA CAFE DA LINHA;EEF ANTÔNIO CRISÓSTOMO PEREIRA;SITIO CAFE DA LINHA
INDEPENDÊNCIA;39;44;VÁRZEA GRANDE;E.E.F. JOSE CANUTO DE OLIVEIRA;POVOADO VARZEA GRANDE
PENTECOSTE;50;217;ZONA RURAL;EEIF RAIMUNDO NONATO PESSOA;VILA NOVA MARACAJÁ
IRAUÇUBA;41;16;CENTRO-SEDE;ESCOLA DE ENSINO FUNDAMENTAL PAULO BASTOS;AV JORGE DOMINGUES 1641
ASSARÉ;18;38;CENTRO;ESCOLA  DE ENSINO FUNDAMENTAL E MEDIO RAIMUNDO MOACIR DE ALENCAR MOTA;RUA PADRE EMILIO CABRAL 538
TAUÁ;19;149;COLIBRIS;ESCOLA LICEU DE TAUA LILI FEITOSA;RUA JORNALISTA HELDER FEITOSA SN
PARACURU;109;71;RIACHO DOCE;E. M. E. F. RIACHO DOCE;RUA JOSÉ LOPES MEIRELES S/N
PALHANO;9;316;SAO JOSE;ESCOLA DE ENSINO FUNDAMENTAL RAIMUNDO NOGUEIRA BARROS;SÃO JOSÉ
BREJO SANTO;70;236;ZONA RURAL;PSF UMBUZEIRO;SITIO UMBUZEIRO
FORTALEZA;94;69;ANTÔNIO BEZERRA;COLÉGIO EVOLUIR;RUA CÂNDIDO MAIA,109
PIRES FERREIRA;21;169;DISTRITO;EEM INÁCIO GOMES DE VASCONCELOS;LAJINHA
CANINDÉ;33;99;IMACULADA CONCEIÇÃO;EEEP CAPELAO FREI ORLANDO;RUA PAULINO BARROSO, 1289
SOBRAL;121;11;SINHÁ SABÓIA;ESCOLA CARLOS JEREISSATI;AV SENADOR FERNANDES TAVORA, 950
SANTANA DO ACARAÚ;44;41;DISTRITO PARAPUI;CENTRO DE EDUCAÇÃO INFANTIL YOLANDA QUEIROZ;RUA MODESTO VIDAL, S/N, PARAPUÍ
FORTALEZA;95;283;BARROSO;EM PROFESSORA MARIA ANTONÉZIA MEIRELES E SÁ;RUA CORONEL VIRGÍLIO TÁVORA, 1340
GRANJA;25;43;ADRIANOPOLES;E.E.F. GUILHERME TELES GOUVEIA (ANTIGA NIEDJA ARRUDA);RUA VICENTE FERREIRA, S/N
FORTALEZA;93;171;ARACAPÉ;EMEIF IVANILSON SOUZA LIMA COSTA;RUA POLIANA N.102
APUIARÉS;50;150;ZONA RURAL;COMUNIDADE CACIMBA DE CIMA;CACIMBA DE CIMA
PACOTI;5;206;TIMBAÚBA;PSF DA TIMBAÚBA (TIMBAUBA);TIMBAUBA
FORTALEZA;80;213;ALTO DA BALANÇA;EM PROFESSORA EDITH BRAGA;RUA CAPITAO VASCONCELOS 1061
ABAIARA;26;5;SÍTIO AREIAS;ESCOLA JOSÉ DAVI DOS SANTOS;SITIO AREIAS
FORTALEZA;80;301;DIONISIO TORRES;ASSEMBLÉIA LEGISLATIVA - UNIVERSIDADE DO PARLAMENTO CEARENSE;RUA BARBOSA DE FREITAS, 2674
MARACANAÚ;104;337;TIMBÓ;EEMTI ADAHIL BARRETO CAVALCANTE;AVENIDA VEREADOR EDMILSON MARQUES, S/N
FORTALEZA;94;762;VILA VELHA;EM CASTELO DE CASTRO;RUA 43 1531
ACARAÚ;30;192;ZONA RURAL;ESCOLA MARIA NAZARE VIANA;AROEIRA II
AURORA;69;82;TIPI-DISTRITO;E.E.I.F. ANTONIO AMANCIO DA CRUZ;VILA TIPI
ITAPIPOCA;17;717;BALEIA;EEB JOSÉ MARIA DA SILVEIRA;PRAIA DA BALEIA
CAUCAIA;123;495;PARQUE ALBANO (JUREMA);E.E.I.E.F. DOM ANTÔNIO DE ALMEIDA LUSTOSA;RUA PERY, 951
CRATO;27;245;MURITI;EEF PROF. JOSÉ DO VALE ARRAES FEITOSA;RUA VICENTE GREGÓRIO MARINHO, SN. N. SRA. DE FÁTIMA. BARRO BRANCO
VIÇOSA DO CEARÁ;35;85;PADRE VIEIRA;E.E.F MANOEL JOSÉ DA SILVA;VILA PADRE VIEIRA
PACOTI;5;181;BONFIM-SITIO;EMEF MARIA VIDAL MARQUES (BONFIM);POVOADO DO BONFIM
CARIDADE;111;79;SAO DOMINGOS;EEI FRANCISCO DE MOURA BARROS;RUA VICENTE DE PAULA FONSECA, S/N, SAO DOMINGOS
BREJO SANTO;70;65;COMPRA FIADO-SEDE;PREDIO COMUNITARIO MANUEL CANUTO;SÍTIO COMPRA FIADO
AURORA;69;121;PADRE MORORO-SEDE;E.E.I.F. ANTONIO LANDIM DE MACEDO;PADRE MORORO S/N
IGUATU;13;406;JOÃO PAULO II;CAIC - ESCOLA DE ENS FUND FRANCISCO DAS GRAÇAS ALVES BERTO;CONJUNTO JOAO PAULO II                                    S/N
CASCAVEL;7;114;CENTRO;UNIDADE BÁSICA DE SAÚDE - SEDE;RUA JOSÉ ANTONIO DE QUEIROZ, 2024
CASCAVEL;7;44;GUANACES;ESC.ENS.FUND. LUIZ DOMINGOS;CHORO UMARI - 2
APUIARÉS;50;17;SÃO FRANCISCO;EEF AÉCIO DE BORBA;RUA JACA PRAÍBA, 410
FORTALEZA;80;356;TAUAPE;EMEIF ALMERINDA DE ALBUQUERQUE;RUA ANA GONCALVES 1105
FORTALEZA;80;230;TAUAPE;EMEIF PROFª ANTONIETA CALS;RUA MONSENHOR SALAZAR 1480
BARBALHA;31;107;BURITI;ASSOCIAÇÃO PESTALOZZI DE BARBALHA (BURITI);AV. JOSÉ BERNARDINO, KM 03 (PROX DA ESCOLA EDSON OLEGÁRIO)
MARANGUAPE;4;35;CENTRO - MARANGUAPE;CVT MARANGUAPE;RUA WALTER LOPES, 149
RUSSAS;9;260;TABULEIRO DO CATAVENTO;CAIC - SENADOR CARLOS JEREISSATI;RUA 25 SN  MUTIRAO
FORTALEZA;83;772;HENRIQUE JORGE;EEMTI PROFESSOR PAULO FREIRE;AVENIDA SENADOR FERNANDES TÁVORA 1936
MARACANAÚ;122;163;NOVO MARACANAU;EMEF PRESIDENTE TANCREDO NEVES;RUA 06 COM RUA 02 S/N
FORTALEZA;117;177;BOM JARDIM;COLÉGIO LUMEN;RUA SÃO FRANCISCO DO JARDIM, 396
CEDRO;13;578;AÇUDE NOVO;CENTRO DE EDUCAÇÃO INFANTIL ROSALINA OTAVIANO DIAS;RUA VEREADOR FRANCISCO CHAGAS DE AQUINO, 15
BOA VIAGEM;63;150;CENTRO-SEDE;SECRETÁRIA DO TRABALHO E ASSISTENCIA SOCIAL- ANTIGO CENTRO COMUNITÁRIO;RUA ANTONIO QUEIROZ  250
FORTALEZA;113;438;BOM FUTURO;ESC. PROFISSIONAL PE. JOÃO PIAMARTA;RUA PADRE JOÃO PIAMARTA, 161
ARARENDÁ;48;15;LAGOA DE SANTO ANTONIO;E. E. F. M.  FIRMINO JOSÉ;DISTRITO DE LAGOA DE SANTO ANTONIO
FORTALEZA;115;431;VILA PERI;CENTRO DE EDUCAÇÃO PEDAGÓGICO EÇA DE QUEIROZ;RUA DOM XISTO ALBANO 611
FORTALEZA;1;345;MUCURIPE;ESCOLA ESTADUAL MATIAS BECK;RUA  PROFESSORA AIDA BALAIO 38
AURORA;69;17;VILA PAULO GONÇALVES;CENTRO SOCIAL URBANO;AVENIDA VICENTE TAVARES SIMÕES
CRATEÚS;20;75;SANTO ANTÔNIO;ANEXO ESCOLA DE CIDADANIA BELARMINO LOPES PINTO - PROVISÓRIO 2026;CANTO DOS PINTO
ICÓ;15;178;CONJUNTO GAMA;E.E.E.P. DEPUTADO JOSÉ WALFRIDO MONTEIRO;RUA RAIMUNDO FERREIRA LIMA, S/N
JUAZEIRO DO NORTE;119;59;ANTONIO VIEIRA;ESCOLA PREFEITO ANTONIO CONSERVA;CONSTRUTOR JOSE SABINO SN
CRUZ;30;434;TUCUNS;ESCOLA FILOMENO FREITAS VASCONCELOS;AV TENENTE ALBANO  SN
INDEPENDÊNCIA;39;41;RIACHO DO MEIO;E.E.F. LIMA NETO;POVOADO RIACHO DO MEIO
JUAZEIRO DO NORTE;28;350;SALESIANOS;EEF JOSE GERALDO DA CRUZ;DO ROSARIO 622
MARACANAÚ;122;72;ACARACUZINHO;EEFM JOSE MILTON DE VASCONCELOS DIAS;AV. CENTRAL S/N
QUIXELÔ;13;328;ÁREA RURAL DE QUIXELÔ;ESCOLA DE ENS FUND JORGE ESTEVAO BORGES;BANDEIRA-SITIO
NOVO ORIENTE;99;26;CENTRO;EEB DR. ANTONIO EUFRASINO NETO;RUA LUIZ BEZERRA, S/N
MARACANAÚ;122;294;INDUSTRIAL;EEFM JOSE DE BORBA VASCONCELOS;AV. CONTORNO SUL S/N
FORTALEZA;116;27;GRANJA PORTUGAL;EM IRMA ROCHA;RUA EMILIO DE MENEZES 2515
JUAZEIRO DO NORTE;119;454;MONSENHOR FRANCISCO MURILO DE SA BARRETO;E.E.I.F. ISAAC QUIRINO TEIXEIRA;AV. AURELIANO PEREIRA DA SILVA, S/N
FORTALEZA;80;186;FÁTIMA;COLÉGIO NOSSA SENHORA DAS GRAÇAS;RUA MONSENHOR OTÁVIO DE CASTRO, 535
FORTALEZA;80;334;JOAQUIM TÁVORA;COLÉGIO ANTARES IRMÃ MARIA (ANTIGO IRMÃ MARIA MONTENEGRO);RUA PINHO PESSOA 681
FORTALEZA;95;151;JANGURUSSU;EEMTI ALMIRANTE TAMANDARÉ;RUA DO PEREIRO, S/N, CJ ALMIRANTE TAMANDARÉ
FORTALEZA;83;16;BELA VISTA;ESCOLA MUNICIPAL DOM JOSÉ TUPINAMBA DA FROTA;RUA VIRIATO RIBEIRO 1031
FORTALEZA;83;475;PANAMERICANO;ESCOLA MUNICIPAL JOSÉ BATISTA DE OLIVEIRA;RUA GOIÁS 620
MARACANAÚ;104;423;JARDIM BANDEIRANTES;EMEF EVANDRO AYRES DE MOURA;RUA SÃO SEBASTIÃO, 341
FORTALEZA;95;242;JANGURUSSU;EMEIEF TAÍS MARIA BEZERRA NOGUEIRA;AV. GOVERNADOR LEONEL BRIZOLA, 710
BOA VIAGEM;63;22;CENTRO-SEDE;EMATERCE;RUA JOAQUIM RABELO 499
TRAIRI;97;131;TIGIPIO;EEF ZEFINHA RIBEIRO BARROSO TIGIPIO;TIGIPIO
MADALENA;63;171;CENTRO;EEF ALVARO DE ARAUJO CARNEIRO;MARIA ARMENIA BARBOSA, 299 - SANTA TEREZINHA
MILAGRES;26;35;VILA CAFE DA LINHA;EEF ANTÔNIO CRISÓSTOMO PEREIRA;SITIO CAFE DA LINHA
FORTALEZA;85;309;CONJUNTO CEARÁ I;EEF JOSE MILITAO DE ALBUQUERQUE - UV-11-B;RUA MIL CENTO E QUARENTA E CINCO, 1 , 4A ETAPA
SABOEIRO;43;252;SAO FRANCISCO;E.E.M. LIDIA BEZERRA;RUA MARIA TEREZINHA SANTOS S/N
CAUCAIA;37;570;CURICACA;E.E.F. EDSON DA MOTA CORREA;ESTRADA VELHA DO ICARAI, KM 02
FORTALEZA;85;214;GENIBAÚ;ESCOLA MUNICIPAL PROF AMERICO BARREIRA;RUA RICARDO PONTES 529
JARDIM;119;359;SERRA BOA VISTA;ESCOLA TEREZA COELHO;SERRA BOA VISTA
ICÓ;15;108;LIMA CAMPOS - DISTRITO;EMTIH - MONSENHOR JOSE CAMURCA;RUA SAO SEBASTIAO, 239
FORTALEZA;83;124;HENRIQUE JORGE;EEMTI ANTONIETA SIQUEIRA;RUA GUARANI 04
LIMOEIRO DO NORTE;29;283;LUIZ ALVES DE FREITAS;EEEP LÚCIA BALTAZAR COSTA;RUA GONÇALVES PEREIRA, S/N, ESTRADA DE FLORES
JUAZEIRO DO NORTE;119;57;LAGOA SECA;ESCOLA PROFESSORA MARIA GERMANO;RUA ARNOBIO BACELAR CANECA SN
MARANGUAPE;4;123;SAPUPARA;EMEF JÕAO CIRINO NOGUEIRA;RUA JOAO CIRINO, S/N
IRAUÇUBA;41;191;CAMPINAS;ESCOLA MUNICIPAL MANOEL COELHO DA CRUZ;CAMPINAS
FORTALEZA;95;274;BARROSO;CEI PROFESSORA MARIA ROZANI MENDONÇA NOBRE;RUA MARIA JOSÉ P, S/N, CONJUNTO JOÃO PAULO II
FORTALEZA;95;102;CONJUNTO PALMEIRAS;EEFM DOUTORA ALDACI BARBOSA;RUA VALPARAISO, 155
FORTALEZA;112;489;SAPIRANGA-COITÉ;EM PROFª ALDACI BARBOSA;RUA OLEGARIO MEMORIA, 1257
PINDORETAMA;7;275;CENTRO-PINDORETAMA;EMEB FRANCISCA HOLANDA COSTA;RUA MARECHAL CASTELO BRANCO, 1074
JUAZEIRO DO NORTE;28;481;PEDRINHAS;EMEF PROFA. DORALICE DE FIGUEIREDO ROCHA;RUA JOAQUIM LEANDRO DE SOUSA
ITAPAJÉ;41;171;CENTRO-SEDE;CENTRO INTERESCOLAR JOÃO TEIXEIRA SARAIVA;RUA JOSE PINTO CAVALCANTE 273
JIJOCA DE JERICOACOARA;30;93;ZONA RURAL;ESCOLA FRANCISCO RAIMUNDO DUTRA;CORREGO DO URUBU
ITAPIÚNA;105;140;DISTRITO DE PALMATORIA;EEF CENTRO DE EDUCAÇÃO RURAL (CERU);RUA MARECHAL CASTELO BRANCO
FORTALEZA;83;762;DEMOCRITO ROCHA;EEFM JOAQUIM ALVES;RUA ESTADO DO RIO 955
FORTALEZA;112;418;EDSON QUEIROZ;COLEGIO ARI DE SA CAVALCANTE WS;AV WASHINGTON SOARES, 3737
AMONTADA;89;302;POÇO COMPRIDO;EEB LUIZ ALVES DA SILVA;MUQUEM
PENTECOSTE;50;72;CENTRO;EEFM TABELIÃO JOSÉ RIBEIRO GUIMARÃES;AVENIDA TABELIÃO FRANCISCO ALVES, 161
SANTANA DO ACARAÚ;44;40;DISTRITO MUTAMBEIRAS;GRUPO ESCOLAR MARIA CATARINA VASCONCELOS;RUA DO CRUZEIRO, MUTAMBEIRAS
QUIXELÔ;13;217;ÁREA RURAL DE QUIXELÔ;PSF DA LAGOA DO PE DA SERRA;LAGOA DO PE DA SERRA-SITIO
FORTALEZA;83;718;PICI;ESCOLA MUNICIPAL PROFESSORA MARIA LIDUÍNA CORREA LEITE;RUA FERNÃO MAGALHÃES, 120
CAMOCIM;32;81;ZONA RURAL;E.E.F SANTO ANTÔNIO I - GURIU;LOCALIDADE DE GURIU - POVOADO
FORTALEZA;83;68;DEMOCRITO ROCHA;EEFM JOAQUIM ALVES;RUA ESTADO DO RIO 955
SÃO GONÇALO DO AMARANTE;36;275;VIOLETE-POVOADO;ESCOLA DE ENSINO FUNDAMENTAL JOSE PEREIRA BARROS;VIOLETE
QUIXADÁ;6;303;VÁRZEA DA ONÇA;EEF MARIA MAIA DE FREITAS;VÁRZEA DA ONÇA, S/N
FORTALEZA;82;114;CRISTO REDENTOR;CEJA  MONSENHOR HÉLIO CAMPOS;AV. MONSENHOR HÉLIO CAMPOS, 251
ASSARÉ;18;126;SERRA DE SANTANA;ESCOLA DE ENSINO MÉDIO PATATIVA DO ASSARÉ;SÍTIO BONITA
MARANGUAPE;4;557;NOVO MARANGUAPE II (AREA SECA) - MARANGUAPE;CEI CONEGO RAIMUNDO PINTO;RUA RAIMUNDO PINTO, S/N
IPU;21;54;DISTRITO;E.M.E.F. ANTONIO FERREIRA LIMA;MATO GROSSO
EUSÉBIO;88;227;GUARIBAS;EEF DAS GUARIBAS;RUA SÃO FRANCISCO, 84 - GUARIBAS
IPUEIRAS;40;162;AREIAS;EEI E FUNDAMENTAL JOSÉ SOARES CAVALCANTE - AREIAS;AREIAS
FORTALEZA;117;375;BOM JARDIM;ESCOLA MUNICIPAL HERBERT DE SOUSA;RUA URUCUTUBA 1599
MORADA NOVA;47;137;PADRE ASSIS MONTEIRO;EEB PREFEITO PERBOYRE GIRAO;RUA JOSE DE FONTES, 340 - VARZEA
RUSSAS;9;217;CENTRO;ESCOLA DE ENSINO FUNDAMENTAL CORONEL MURILO SERPA;TRAVESSA SEBASTIAO SANTIAGO LIMA 160
FORTALEZA;94;876;PADRE ANDRADE;CEI PROFESSOR CLODOALDO PINTO;RUA BANVARTH BEZERRA 100
TIANGUÁ;81;193;SANTO ANTÔNIO;E.E.F. PROFª. ESTER DE AGUIAR MENEZES;RUA CORONEL JOÃO DAMASCENO, S/N
TAUÁ;19;272;ALTO BRILHANTE;EEF JOAQUIM PIMENTA;AV JOSE VALDEMAR REGO 585
INDEPENDÊNCIA;39;3;CENTRO;E.E.F. ABIGAIL ANTUNES MARQUES;RUA DO CRUZEIRO, 208
VIÇOSA DO CEARÁ;35;14;CENTRO;E.E.F JOSE VICTOR FONTENELE;RUA X DE NOVEMBRO, S/N
JUAZEIRO DO NORTE;28;300;HORTO;EMEFTI VEREADOR FRANCISCO BARBOSA DA SILVA;RUA BOM JESUS DO HORTO
FORTALEZA;116;93;GRANJA PORTUGAL;EM CREUSA DO CARMO ROCHA;RUA DUAS NACOES 1055
MARACANAÚ;122;208;HORTO;EEF CARNEIRO DE MENDONCA;RUA PROFESSOR JOSE HENRIQUE DA SILVA 4891
TRAIRI;97;144;ALGODOIM;EEF ANASTACIO TABOSA;ALGODOIM
MONSENHOR TABOSA;61;121;LIVRAMENTO;E.M.E.I.F.T.I MONSENHOR JOSE CANDIDO;DISTRITO DE LIVRAMENTO
FORTALEZA;83;530;JOÃO XXIII;CENTRO DE FORMAÇÃO E DESENV. PARA PROFISSIONAIS DA EDUCAÇÃO - FORMACE;RUA PORTO VELHO, 401
SABOEIRO;43;229;DISTRITO FLAMENGO;E.E.F. MARIA LINDA DA GLÓRIA;DISTRITO FLAMENGO
ARACATI;8;176;QUINDERE I;POSTO SAÚDE DO QUINDERÉ 1;CÓRREGO DO QUINDERÉ
FORTALEZA;117;315;SIQUEIRA;COLÉGIO VIDA VIVA;RUA JOSÉ MARIA, 100
LIMOEIRO DO NORTE;29;140;ILHA;EEF WILSON ESTACIO DE SOUSA;RUA WILSON ESTÁCIO DE SOUZA
SÃO BENEDITO;22;183;CENTRO-SEDE;ESCOLA DE ENSINO FUNDAMENTAL FARIAS BRITO;PRACA DOM COUTINHO 864
FORTALEZA;95;195;PEDRAS;EM TRISTÃO DE ALENCAR;RUA JOSE NOGUEIRA, 69
FRECHEIRINHA;81;261;CENTRO;PATRONATO SAO JOSE;CAPITAO JOAQUIM FRANCISCO              CENTRO             SN
SENADOR POMPEU;12;88;CENTRO;CEJA DE SENADOR POMPEU - CENTRO DE EDUCAÇÃO DE JOVENS E ADULTOS;RUA PROFESSORA MARIA HERMINIA, 70
QUIXADÁ;6;227;CENTRO;SECRETARIA MUNICIPAL DE SAÚDE (ANTIGO GVA);RUA FRANCISCO ENEAS DE LIMA, 2049
QUIXADÁ;6;163;JUATAMA;EEF RENATO DE ARAÚJO CARNEIRO;RUA FRANCISCO MOREIRA DE SOUZA,1324
FORTALEZA;112;281;CIDADE DOS FUNCIONÁRIOS;COLÉGIO DÁULIA BRINGEL;RUA TRAJANO ALVES DE AGUIAR, 55
MARCO;96;201;LOCALIDADE DE PEREIRAS;EEF JOAQUIM FERNANDES PONTES;LOCALIDADE DE PEREIRAS
BATURITÉ;5;104;JORDAO-SITIO;EMEF JOSÉ AIRTON AMORA VASCONCELOS;SÍTIO JORDÃO, SN
FORTALEZA;117;448;CANINDEZINHO;EM FLORIVAL ALVES SERAINE;RUA ITATIAIA, 1000
FORTALEZA;117;457;SIQUEIRA;CEI FRANCISCA DE ABREU LIMA;RUA C -  ESQUINA COM A RUA LUIZ MONTENEGRO, S/N
SOBRAL;121;37;PATOS;ETI ALZIRA PAULO BRAGA;PATOS
LAVRAS DA MANGABEIRA;14;94;PATOS 2 - SITIO;ESCOLA DE 1 GRAU AGOSTINHO CAETANO GOMES;SITIO PATOS 2 S/N
BARRO;92;33;SERROTA-DISTRITO;ESCOLA DE 1 GRAU JOAO PEREIRA DA SILVA;SITIO ALEGRE
ICÓ;15;191;CANTO - SITIO;ESCOLA MUNICIPAL MANOEL JOSE DE ARAUJO;SITIO CANTO S/N
FORTALEZA;80;141;DIONISIO TORRES;EEFM JOAQUIM ANTÔNIO ALBANO;RUA JULIO SIQUEIRA 390
MARACANAÚ;122;291;NOVO ORIENTE;EMEF DEP ULYSSES GUIMARAES;RUA 29 N. 10
FRECHEIRINHA;81;307;VAZANTE;ESCOLA FRANCISCO FERREIRA PONTES;SITIO VAZANTE
CRUZ;30;112;ZONA RURAL;ESCOLA JOAQUIM JOSE MONTEIRO;LAGOA DOS MONTEIROS
NOVO ORIENTE;99;22;CENTRO;EEM COELHO MASCARENHAS;RUA SAO JOSE S/N
MOMBAÇA;46;156;RECREIO;ESCOLA DE ENSINO FUNDAMENTAL MARIA SILVINO BENEVIDES;RUA ALTO ALEGRE, S/N
FORTALEZA;94;870;PADRE ANDRADE;EEFM HERMINIO BARROSO;RUA PADRE GUILHERME 800
POTENGI;68;45;CENTRO;EEFM MENEZES PIMENTEL - SEDE;RUA SEVERINO PAULINO, 230 - BAIRRO SÃO FRANCISCO
PARAMBU;19;391;SEDE;ESCOLA JOÃO NECO SOBRINHO (ANTIGA ESCOLA FRANCISCO RODRIGUES DA SILVA);GITIRANA
MAURITI;76;53;PALESTINA DO CARIRI-DISTRITO;EEF JOSE ACÍLIO;RUA GABRIEL IZIDRO, SN
ACARAÚ;30;187;ZONA RURAL;ESCOLA RAIMUNDO BATISTA DE OLIVEIRA;ALTO DA BOA VISTA
OCARA;67;249;CURUPIRA-DISTRITO;ESCOLA MUNICIPAL RAIMUNDO BEZERRA DA SILVA - ENSINO FUNDAMENTAL;LAGOA DO SERROTE
CARNAUBAL;22;216;SAO VICENTE;EEF AQUILES PERES MOTA;AV SAO VICENTE
MASSAPÊ;45;85;ZONA RURAL;EEF FRANKLIN JUNIOR DE SOUSA;POVOADO DE PAUS BRANCOS
MASSAPÊ;45;100;ALTO DA CADEIA;EM MARIA LAURA SOARES FROTA;RUA CORIOLANO GOMES FROTA SN
FORTALEZA;82;84;CARLITO PAMPLONA;EM TERTULIANO CAMBRAIA;RUA MONSENHOR ROSA, 946
JUAZEIRO DO NORTE;119;272;NOVO JUAZEIRO;ESCOLA TARCILA CRUZ ALENCAR;CASTELO BRANCO 4451
CANINDÉ;33;76;IMACULADA CONCEIÇÃO;EEEP CAPELAO FREI ORLANDO;RUA PAULINO BARROSO, 1289
CANINDÉ;33;65;ZONA RURAL;EMEF MIGUEL ANTONIO OLIVEIRA;DISTRITO DE TARGINOS
MARACANAÚ;104;70;TIMBÓ;EMEF ADAUTO FERREIRA LIMA;AVENIDA CONTORNO LESTE, S/N
BARBALHA;31;141;PARQUE BULANDEIRA;EEEP OTÍLIA CORREIA SARAIVA (LICEU DE BARBALHA);RUA PROJETADA I, S/N (7.29196 S, 39.31251 W)
SÃO GONÇALO DO AMARANTE;36;83;CURRAL GRANDE-POVOADO;SERVIÇO DE CONVIVÊNCIA E FORTALECIMENTO DE VÍNCULOS;CURRAL GRANDE
JAGUARUANA;75;76;CARDEAIS;E.E.F. TOMAZ BARBOSA DE OLIVEIRA;CARDEAIS
MERUOCA;24;573;Centro;EEFM - MONSENHOR JOSE FURTADO;AV CARLOS DAVI, 136
FORTALEZA;80;403;AEROLÂNDIA;COLÉGIO MAURO BEZERRA;RUA BRIGADEIRO VILELA, 221
TIANGUÁ;81;301;SANTO ANTÔNIO;LICEU DE TIANGUÁ - JOSE NI MOREIRA;RUA ZENI, 12 - SANTO ANTONIO
SOBRAL;121;146;TAPERUABA;ESCOLA FRANCISCO MONTE;RUA FRANCISCO MONTE S/N CENTRO
FORTALEZA;94;712;QUINTINO CUNHA;EEMTI MARIA JOSÉ SANTOS FERREIRA GOMES (CERE);RUA DONA LUCIA PINHEIRO, 93
PEDRA BRANCA;59;96;SANTA CRUZ DO BANABUIU;E.E.F JOÃO MANOEL FILHO;RUA ANTONIO MACHADO, 72 - BAIRRO SANTO ANTONIO
AQUIRAZ;66;89;TAPUIO;CENTRO DE EDUCAÇÃO E CIDADANIA MARIA DE CASTRO BERNARDO;RUA JOSE ADAMOR ABREU, S/N - DISTRITO JOAO DE CASTRO
BOA VIAGEM;63;120;IBUACU;EEF SOFIA VIEIRA;MADEIRA CORTADA S/N
NOVA OLINDA;53;29;TABULEIRO;EEIF 15 DE NOVEMBRO;SÍTIO TABULEIRO
LAVRAS DA MANGABEIRA;14;83;TAVEIRA - SITIO;EEIF ANA MACHADO;SITIO TAVEIRA S/N
TIANGUÁ;81;110;PINDOGUABA;CENTRO EDUCACIONAL ANTÔNIO JOSÉ DA ROCHA;RUA SÃO JOÃO BATISTA, S/N - DISTRITO PINDOGUABA
MULUNGU;5;137;CENTRO-SEDE;EEMTI PROFESSOR MILTON FACANHA ABREU;PRACA COLETOR BEZERRA BORGES 292
SOBRAL;121;31;ARACATIAÇU;ETI MARIA DE LOURDES DE VASCONCELOS;RUA MONSENHOR LINHARES, S/N
CAUCAIA;37;219;IPARANA;E.E.F. ERBE TEIXEIRA FIRMEZA;AV. ULISSES GUIMARAES, S/N
MASSAPÊ;45;102;ZONA RURAL;EEF MANOEL RAMOS DO NASCIMENTO;DISTRITO DE SÃO DAMIÃO
FORTALEZA;112;512;EDSON QUEIROZ;UNIVERSIDADE DE FORTALEZA - UNIFOR;AVENIDA WASHINGTON SOARES, 1321
JUAZEIRO DO NORTE;28;331;SALESIANOS;EEF JOSE GERALDO DA CRUZ;DO ROSARIO 622
TURURU;17;634;ALTO DA PAZ;EMEF CECILIA SIQUEIRA;AV JOAO PATRICIO 583
SENADOR POMPEU;12;95;CODIA;EEIEF PEDRO HOLANDA;SÍTIO JENIPAPEIRO
BARBALHA;31;11;CIROLÂNDIA;EEF CESAR CALS DE OLIVEIRA (CIROLÂNDIA);RUA JOSÉ COELHO CORREIA, S/N (7.32321 S, 39.29880 W)
CHOROZINHO;49;56;CAMPESTRE;EEF MARIA JOANA DE CARVALHO;LOCALIDADE CAMPESTRE II
FORTALEZA;112;353;ENGENHEIRO LUCIANO CAVALCANTE;ESCOLA ESTADUAL DE EDUCAÇÃO PROFISSIONAL JAIME ALENCAR DE OLIVEIRA;AV ROGACIANO LEITE, 2285
FORTALEZA;85;367;DOM LUSTOSA;EEFM AYRTON SENNA DA SILVA;RUA MANAUS, 855
FORTALEZA;113;37;JOSÉ BONIFÁCIO;COLÉGIO FARIAS BRITO PRÉ - VESTIBULAR;AV. BARÃO DO RIO BRANCO, 2424
ICAPUÍ;8;160;GRAVIER;ASSOCIAÇÃO DOS MORADORES DE GRAVIER - AMGRA;COMUNIDADE DE GRAVIER, S/N.
BARBALHA;31;44;CENTRO;EEF SENADOR MARTINIANO DE ALENCAR;LARGO DO ROSARIO, 20, CENTRO
ACARAÚ;30;310;ZONA RURAL;ESCOLA CAROLINO LOPES ARAUJO;CELSOLANDIA
IRAUÇUBA;41;126;MISSI;ESCOLA MUNICIPAL JOSEFA CLOTILDE TABOSA BRAGA;RUA ANARIO BRAGA SN
BARREIRA;52;197;BONSUCESSO;ESCOLA ANTÔNIO JULIÃO NETO;RUA RAIMUNDO ALVES DOS REIS DOCA, SN
GUAIÚBA;57;118;ITACIMA;ESCOLA DE 1 GRAU FRANCISCO ALVES SALDANHA;CARRAPATEIRA
POTIRETAMA;86;49;CAATINGUEIRINHA;ESCOLA DE 1 GRAU MANOEL VICENTE DE MOURA;SITIO CAATINGUEIRINHA
CATARINA;60;228;VILA NOVA - SEDE;EEF FRANCISCO RODRIGUES PEREIRA;RUA JOSE PEDROSA DE MIRANDA S/N
CARIRÉ;65;213;CENTRO;ESCOLA DE ENSINO FUNDAMENTAL E MEDIO MARIETA CALS;RUA SEBASTIAO MIRANDA 380
ACARAÚ;30;371;JURITIANHA;ESCOLA HERMINIA FRANKLINA DA SILVEIRA;RUA QUINTAS DOS ALBUQUERQUES S/N - JURITIANHA
MORADA NOVA;47;210;ARUARU;EEB PROFESSORA JOANA PAULA DE MORAIS;AVENIDA ERNESTO GEISEL
BARRO;92;28;IARA-DISTRITO;ESCOLA DE ENSINO BASICO DEP. ANTONIO LEITE TAVARES;BR 116 - KM 447
OCARA;67;215;SERENO DE CIMA-DISTRITO;ESCOLA MUNICIPAL MINELVINA MARIA DA CONCEICAO - ENSINO FUNDAMENTAL;CROATA
QUIXERAMOBIM;11;28;URUQUE;ASSOCIACAO COMUNITARIA DE LAGOA DE SAO MIGUEL;LAGOA DE SAO MIGUEL
CRUZ;30;81;PREA;ESCOLA LEOPOLDO MANOEL DE MEDEIROS;PREA
CRUZ;30;102;CENTRO;ESCOLA MARIA PEREIRA BRANDAO;RUA VEREADOR MUNDICO MARTINS 642
TABULEIRO DO NORTE;91;3;CENTRO;EEI RAQUEL MONTEIRO CHAVES;RUA ACELINO MAIA, 3873
PACAJUS;49;401;CROATA II;EEF JOÃO RONALDO MATIAS;RUA MARIA IDENIA LOPES DO NASCIMENTO, 105 - ÁREA VERDE
BATURITÉ;5;27;CHORO BOA VISTA-FAZENDA;EMEF VICENTE JUSCIER BERNARDINO DE OLIVEIRA;CHORÓ BOA VISTA
MARANGUAPE;4;625;OUTRA BANDA - MARANGUAPE;CEM PEDRO PESSOA CÂMARA;AV. DR. ARGEU BRAGA HERBSTER, 960
CRUZ;30;264;ZONA RURAL;ESCOLA VALDEMAR DE PAULO RIBEIRO;CANAFISTULA
NOVO ORIENTE;99;20;CENTRO;EEM COELHO MASCARENHAS;RUA SAO JOSE S/N
FORTALEZA;83;711;DEMOCRITO ROCHA;COLÉGIO PROFESSORA JEMINA GÓIS;RUA GUANABARA, 627
AQUIRAZ;66;100;CAMARA;EMEF JOAO PIRES CARDOSO;RUA ALDENORA CARDOSO SN
MARCO;96;112;CENTRO-SEDE;PATRONATO MATER DEI;RUA 7 DE SETEMBRO,S/N - CENTRO
PIRES FERREIRA;21;124;DISTRITO;E.E.F. JESUINO FRANCISCO DE LIMA;TIMBAUBA
JUAZEIRO DO NORTE;119;151;JOAO CABRAL;ESCOLA IVA EMIDIO GONDIM;PIO NOROES SN
LIMOEIRO DO NORTE;29;60;CENTRO;FACULDADE DE FILOSOFIA D AURELIANO MATOS;AV DOM AURELIANO MATOS 2058
ITAPAJÉ;41;121;PITOMBEIRA;ESCOLA MUNICIPAL ZECA PARAIBA;VILA PITOMBEIRA
ITAPAJÉ;41;302;JORGE;ESCOLA AGOSTINHO FERREIRA ARAUJO FILHO;SITIO JORGE DE BAIXO
CARIRIAÇU;71;10;VILA VALÊNCIA;CRECHE FRANCISCA SALDANHA;RUA ANTONIO GOMES, SN
CANINDÉ;33;414;LOCALIDADE GROSSOS;EEF MACHADO DE ASSIS;ASSENTAMENTO GROSSOS
BARRO;92;6;CENTRO-SEDE;ESCOLA DE 1 GRAU JUSTINO ALVES FEITOSA;RUA CRISANTINA MONTEIRO S/N
IRAUÇUBA;41;14;CENTRO-SEDE;CENTRO EDUCACIONAL PROFESSOR ANTONIO BARBOSA BRAGA;LUCAS BATISTA DA MOTA 135
PACAJUS;49;119;CENTRO;CENTRO DE REABILITAÇÃO - CCR;RUA FRANCISCO LOPES SN
CARIRIAÇU;71;130;BICO DA ARARA;EEF ARARA AZUL;AV PEDRO LUCIANO VIEIRA
BELA CRUZ;96;62;SANTO IZIDIO-LOCALIDADE;EMEIEF FRANCISCO CIPRIANO SAMPAIO;SANTO IZIDIO
FORTALEZA;113;201;PARQUELÂNDIA;COLÉGIO CHRISTUS PRÉ - UNIVERSITÁRIO;RUA CRUZ SALDANHA, 614
FORTALEZA;82;256;SÃO GERARDO;CEJA PAULO FREIRE;RUA OLAVO BILAC, 1300
INDEPENDÊNCIA;39;228;COHAB;E.E.F. JOSE FERREIRA DOS SANTOS;RUA C, 158
AQUIRAZ;66;335;PICAO;ESCOLA FERDINANDO TANSI (SUBSTITUTA DA ESCOLA FCO. VIDAL CAMARA);COMUNIDADE DO PIAU
BARBALHA;31;75;BURITI;CVTEC/CENTEC/EMBRAPA;AV JOSE BERNARDINO, S/N - KM 04 (7.29548 S, 39.27037 W)
BEBERIBE;84;179;PARAJURU;ESCOLA DE 1 GRAU RAIMUNDO JOVENTINO DO VALE;RUA CORONEL ADERALDO SN - CENTRO
MARACANAÚ;104;77;TIMBÓ;EMEF DR. JOSÉ DE BORBA VASCONCELOS;AVENIDA TIMBÓ, 808
AQUIRAZ;66;244;CENTRO;ESCOLA DE ENSINO MEDIO TELINA MATOS PIRES;RUA FRANCISCO CAMARA,  70
SOBRAL;121;55;COHAB I;EEFM MONS. JOSE GERARDO FERREIRA GOMES(NOELIA);RUA MADALENA DE SÁ, S/N
FORTALEZA;95;108;JANGURUSSU;CEI PROFESSOR JOSÉ DE RIBAMAR MORAES;RUA CATOLÉ, S/N, CONJUNTO SÍTIO SÃO JOÃO
MARTINÓPOLE;25;67;CENTRO;E.E.F.T.I. CHICO MUNDOCA;RUA 07 DE SETEMBRO, N 902
FORTALEZA;113;364;MONTESE;COLÉGIO ESTADUAL PRESIDENTE HUMBERTO CASTELO BRANCO;RUA IRMA BAZET, 210
QUIXERAMOBIM;11;67;NENELANDIA;ESCOLA FRANCISCO CARNEIRO SOBRINHO;NENELANDIA
SÃO BENEDITO;22;204;SITIO CARNAUBA;ASSOCIACAO COMUNITARIA CARNAUBA 1;SITIO CARNAUBA I
SÃO BENEDITO;22;238;SEDE;EEF ALIPIO RODRIGUES NEPOMUCENO;SITIO QUEIMADAS
ACARAÚ;30;13;CENTRO;ESCOLA PROF. TERESA DE JESUS SILVA;RUA JOÃO JAIME FERREIRA GOMES, 457
TRAIRI;97;103;MUNDAU;EEF ZEFINHA RIBEIRO BARROSO MUNDAU;MUNDAU
SENADOR POMPEU;12;86;CENTRO;CENTRO PASTORAL NOSSA SENHORA DE GUARDALUPE;PRAÇA ALCIDES BARREIRA S/N
REDENÇÃO;52;24;CONJUNTO ANTÔNIO BONFIM (SEDE);ESCOLA DR. BRUNILO JACÓ;AVENIDA CONTORNO SUL, S/N
GRANJA;25;215;CENTRO;E.E.M.T.I SÃO JOSÉ (COLEGIO ESTADUAL SÃO JOSÉ);RUA FRANCISCO SOUSA, 131
PALMÁCIA;4;609;BU;EEF ISAURA AMÉLIA PEREIRA;CE 065 KM 18
SÃO BENEDITO;22;29;CENTRO-SEDE;CENTRO EDUCACIONAL DA VIRGEM PODEROSA - CEVP;RUA JOSE ARMANDO RODRIGUES 306
SANTA QUITÉRIA;54;83;DISTRITO DE TRAPIÁ;ESCOLA DE ENSINO MÉDIO JOÃO DE MESQUITA BRAGA;DISTRITO DE TRAPIÁ
VARJOTA;65;176;ARARINHA;E.E.F. TEREZA ARAGÃO XIMENES;TRAV. ANTÔNIO FLORÊNCIO, S/N
TIANGUÁ;81;287;DOM TIMÓTEO;E.E.I.F. NOSSA SENHORA DAS GRAÇAS;AVENIDA FRANCISCO VIRGILIO FILHO
DEPUTADO IRAPUAN PINHEIRO;55;146;SITIO BAIXIO;ESCOLA DE ENSINO BASICO JOAO BATISTA DA SILVA;RUA ANTONIO DIAS DOS SANTOS
APUIARÉS;50;1;SÃO FRANCISCO;EEF AÉCIO DE BORBA;RUA JACA PRAÍBA, 410
JARDIM;119;288;CENTRO;ESCOLA GOV. ADAUTO BEZERRA;AV WILSON RORIZ 1334
URUBURETAMA;23;140;CENTRO;EEF MONS ANTERO JOSE DE LIMA;RUA FARM JOSE RODRIGUES 1154
MILAGRES;26;116;SITIO CAJAZEIRINHA;POSTO DE SAUDE CAJAZEIRINHA;SITIO CAJAZEIRINHA
FORTALEZA;112;479;SAPIRANGA-COITÉ;EM IRMA SIMAS;RUA JOSE SOBREIRA, 608
ORÓS;15;277;SAO ROMAO - SITIO;E.E.F. PADRE FRANCISCO DAS CHAGAS BARROS;SITIO SAO ROMAO, S/N
ITAPAJÉ;41;56;IRATINGA;ESCOLA MUNICIPAL ANGELICA VIEIRA;RUA VEREADOR TOMÁS FILHO SN
FORTALEZA;80;158;VILA UNIÃO;EEFM CEL PROF JOSÉ AURÉLIO CÂMARA;RUA JORGE ACURCIO, 655
SANTA QUITÉRIA;54;258;PIRACICABA;CRECHE DONA JÚLIA DE MESQUITA LÔBO;RUA TABELIÃO FRANCISCO DE PAULA LÔBO, SN.
RUSSAS;9;108;BOA VISTA;ESCOLA MUNICIPAL ALIPIO RODRIGUES DE OLIVEIRA;BOA VISTA
DEPUTADO IRAPUAN PINHEIRO;55;83;SITIO BAIXIO;ESCOLA DE ENSINO BASICO JOAO BATISTA DA SILVA;RUA ANTONIO DIAS DOS SANTOS
VARJOTA;65;188;VILA NAIARA;E.E.I.F. NAIARA MACEDO VASCONCELOS;VILA NAIARA - ZONA RURAL
ASSARÉ;18;50;AMARO;POSTO DE SAUDE MAE CARMINA - AMARO;RUA GOMES DE ALMEIDA - AMARO
TAUÁ;19;139;MARRECAS;EPG LUIZA MARIA DA SILVA;VILA JOAQUIM MOREIRA
ITATIRA;33;292;CENTRO;EEFM ANTONIO SABINO GUERRA;RUA DR CLODOALDO PINTO SN
FORTALEZA;112;453;EDSON QUEIROZ;UNIVERSIDADE DE FORTALEZA - UNIFOR;AVENIDA WASHINGTON SOARES, 1321
REDENÇÃO;52;88;DISTRITO DE GUASSI;ESCOLA MAJOR HORTÊNCIO HENRIQUE DAMASCENO;SITIO SANTO ANTÔNIO - SERRINHA BELA
QUIXERÉ;29;207;SEDE;CENTRO EDUC. CENECISTA IMACULADA CONCEIÇÃO;RUA JOAQUIM MOREIRA 260
FORTALEZA;113;149;JARDIM AMÉRICA;ESC. EST. DE EDUC. PROFISSIONAL PAULO VI;RUA JORGE DUMMAR, 1841
PENTECOSTE;50;114;ZONA RURAL;EEIF SEBASTIANA RODRIGUES DE SOUSA;CAPIVARA
MARTINÓPOLE;25;113;CENTRO;E.E.I. CECILIO PORFIRIO GOMES;AV. CAPITAO BRITO, S/N
BEBERIBE;84;107;SEDE;POSTO DE SAÚDE MANOEL RUFINO DE SOUSA;CÓRREGO DO CAJUEIRO
FORTALEZA;82;525;PIRAMBU;EEFM GOVERNADOR FLÁVIO MARCÍLIO;AV. PASTEUR, 575
BARRO;92;51;IARA-DISTRITO;ESCOLA DE ENSINO BASICO DEP. ANTONIO LEITE TAVARES;BR 116 - KM 447
PARAIPABA;109;134;CAMBOAS;EMEF FRANCISCO BATISTA DE AZEVEDO;RUA SÃO SEBASTIÃO, S/N
GROAÍRAS;65;103;JOSE CASSIANO FEIJAO;EEF PROFESSORA JULIA ELISA FARIAS;AV SAO JOSE, 1610
REDENÇÃO;52;105;DISTRITO DE ANTÔNIO DIOGO;ESCOLA TERTO VENÂNCIO;VILA ANTONIO JUSTA - CENTRO
NOVO ORIENTE;99;161;VILA FELIZ;ESCOLA ESTADUAL DE EDUCAÇÃO PROFISSIONAL MARIA EUDES BEZERRA VERAS;RUA ULISSES GUIMARÃES, S/N
ARACOIABA;67;4;CENTRO-SEDE;CENTRO COMUNITARIO COMENDADOR EUGENIO DE CASTRO E SILVA;PLANALTO ARACOIABA
IPUEIRAS;40;29;MATRIZ DE SAO GONCALO;EEF FRANCISCO SOARES MOURÃO - MATRIZ DE SÃO GONÇALO;MATRIZ DE SÃO GONÇALO
FORTALEZA;95;273;BARROSO;CEI PROFESSORA MARIA ROZANI MENDONÇA NOBRE;RUA MARIA JOSÉ P, S/N, CONJUNTO JOÃO PAULO II
ORÓS;15;244;CENTRO;PÓLO UAB PADRE DJALVO BEZERRA DE ALENCAR;TRAVESSA DR. ROSEVALDO, SN
BREJO SANTO;70;319;CENTRO-SEDE;PROJETO ABC;RUA MANOEL LEITE DE MOURA 1015
FORTALEZA;112;441;EDSON QUEIROZ;COLEGIO ARI DE SA CAVALCANTE WS;AV WASHINGTON SOARES, 3737
FORTALEZA;116;193;GRANJA LISBOA;EM PROF LIREDA FACO;RUA TRES CORACOES 735
BEBERIBE;84;172;SITIO LUCAS;ESCOLA MUNICIPAL PEDRO DE QUEIROZ FERREIRA;RUA MANOEL EMÍDIO DA SILVA, 497
QUIXERAMOBIM;11;302;JAIME LOPES;ESCOLA JOSE MARIO BARBOSA;RUA FRANSQUINHO CARNEIRO SN
MARANGUAPE;4;408;OUTRA BANDA - MARANGUAPE;EMEIEF RENATO MOTA;RUA EMANOEL COSTA  ABREU, S/N
PACAJUS;49;116;CROATA I;CEI RAIOS DE LUZ;RUA ARCELINO NOGUEIRA 08
BANABUIÚ;6;410;LARANJEIRAS;POSTO DE SAÚDE LUCIA PORDEUS RABELO;GALIZA
TIANGUÁ;81;41;SEMINÁRIO;FACULDADE VIA SAPIENS;AVENIDA PREFEITO JACQUES NUNES, 1739
TAUÁ;19;71;CENTRO;CENTRO EDUCACIONAL BETESDA;RUA CEL  EUFRASIO ALVES DE OLIVEIRA 45
CATUNDA;54;176;POVOADO OLHO D'AGUA DOS BOIS;E. E. F. RAIMUNDO RODRIGUES DE VASCONCELOS;POVOADO OLHO D'ÁGUA DOS BOIS
ITATIRA;33;467;ZONA RURAL;POSTO DE SAÚDE DO ASSENTAMENTO CAIPIRA;ASSENTAMENTO DA FAZENDA CAIPIRA
CATARINA;60;226;VILA NOVA - SEDE;EEF FRANCISCO RODRIGUES PEREIRA;RUA JOSE PEDROSA DE MIRANDA S/N
ACARAPE;52;19;CANTAGALO;ESCOLA ANACLETO CARLOS CAVALCANTE;CANTAGALO
MORRINHOS;44;20;CENTRO;EMEF CORONEL VIRGÍLIO TÁVORA;RUA JOAQUIM CORIOLANO ROCHA 401
MAURITI;76;12;SÃO FÉLIX-DISTRITO;CRECHE SONHO INFANTIL;RUA RAIMUNDO ALVES FERNANDES, S/N
SANTA QUITÉRIA;54;169;POVOADO SÃO JOSÉ DOS MOCÓS;ESCOLA MUNICIPAL JOÃO RODRIGUES MARTINS;POVOADO SÃO JOSÉ DOS MOCÓS
IPU;21;151;DISTRITO;POLO DE ARTESANATO;ALEGRIA
SANTANA DO ACARAÚ;44;128;JOAO ALFREDO;EEEP FRANCISCO DAS CHAGAS VASCONCELOS;RUA JOSE ANANIAS DE VASCONCELOSS/N
TAUÁ;19;167;BEZERRA E SOUZA;CENTRO DE EDUCAÇÃO, CIÊNCIAS E TECNOLOGIA - CECITEC;RUA SOLON MEDEIROS, S/N - BR 020
RUSSAS;9;111;LAGOINHA;ESCOLA MUNICIPAL FRANCISCO DAS CHAGAS LIMA;LAGOINHA
QUIXADÁ;6;390;JUATAMA;EEF RENATO DE ARAÚJO CARNEIRO;RUA FRANCISCO MOREIRA DE SOUZA,1324
FORTALEZA;85;346;CONJUNTO CEARÁ I;ESCOLA MUNICIPAL JOAO NUNES PINHEIRO;AVENIDA F, 550, 1A ETAPA
ASSARÉ;18;90;ZONA RURAL;GRUPO ESCOLAR SERRA DOS AMANCIOS;SITIO SERRA DOS AMANCIOS
FORTALEZA;117;497;PARQUE PRESIDENTE VARGAS;EEM PARQUE PRESIDENTE VARGAS;RUA FRANCISCO ALMEIDA, 940
FORTALEZA;83;17;BELA VISTA;ESCOLA MUNICIPAL DOM JOSÉ TUPINAMBA DA FROTA;RUA VIRIATO RIBEIRO 1031
VÁRZEA ALEGRE;62;32;ZEZINHO COSTA;ESCOLA ESPECIALIZADA ELIZA GOMES CORREIA - APAE;RUA JOAO ALVES DE MENEZES 390
AQUIRAZ;66;35;TUPUIU;EMEF FRANCISCO DA SILVA SAMPAIO;ESTRADA DO FIO TELEGRAFO
BARBALHA;31;138;BURITI;ETI EDSON OLEGÁRIO DE SANTANA (BURITI);AV JOSÉ BERNARDINO KM 03, S/N (7.29593 S, 39.28003 W)
APUIARÉS;50;149;ZONA RURAL;UEI UMARI;UMARI
FORTALEZA;115;397;VILA PERI;COLEGIO JIM WILLSON;AV. AUGUSTO DOS ANJOS, 1915
CHORÓ;6;267;CENTRO;CEM DOM BOSCO;RUA ILDA BEZERRA PIANCÓ, 169, CENTRO
PARAIPABA;109;210;BOA VISTA-DISTRITO;EMEF JOSÉ BARROSO DE OLIVEIRA;RUA JOÃO NARCISO DE OLIVEIRA, S/N
FORTALEZA;115;369;VILA PERI;EM CATULO DA PAIXAO CEARENSE;RUA LEAO DO NORTE 300
FORTALEZA;95;128;JANGURUSSU;EM PROFESSOR FRANCISCO DE MELO JABORANDI;AV. GOVERNADOR LEONEL BRIZOLA, 198
MARACANAÚ;122;151;LUZARDO VIANA;EMEF NAPOLEAO BONAPARTE VIANA;RUA NAPOLEAO BONAPARTE VIANA 410
FORTALEZA;80;169;TAUAPE;COLÉGIO MONSENHOR JOVINIANO BARRETO;RUA FREI VIDAL 1621
FORTALEZA;80;124;ALTO DA BALANÇA;EEFM ESTADO DO PARÁ;RUA DJALMA PETIT 589
CANINDÉ;33;50;ALTO GUARAMIRANGA;EMEF CORONEL ADAUTO BEZERRA;RUA IRMÃ MANUELA MAGALHÃES, S/N
QUIXADÁ;6;472;SÃO JOÃO DOS QUEIROZ;EEF JOÃO GONÇALVES DA ROCHA;SÃO JOÃO DOS QUEIROZ, S/N
IPU;21;51;DISTRITO;UBS MARIA CLOTILDE CARLOS PAZ;ALTO ALEGRE
IPU;21;35;REINO DE FRANCA;EEF TERESA ODETE - CEJA;RUA CEL FELIX 600 - REINO DE FRANCA
FORTALEZA;114;68;ÁLVARO WEYNE;EM DOM HELDER CAMARA;RUA FREI ODILON 623 B
CAUCAIA;123;278;NOVA METRÓPOLE (JUREMA);E.E.F.M. ELIEZER DE FREITAS GUIMARÃES;RUA 145, S/N - NOVA METRÓPOLE
RUSSAS;9;109;ZONA RURAL;ESCOLA MUNICIPAL PE MARCONDES MATOS CAVALCANTE;JARDIM DE SAO JOSE
FORTALEZA;80;248;TAUAPE;EMEIF PROFª ANTONIETA CALS;RUA MONSENHOR SALAZAR 1480
FORTALEZA;112;454;EDSON QUEIROZ;UNIVERSIDADE DE FORTALEZA - UNIFOR;AVENIDA WASHINGTON SOARES, 1321
CANINDÉ;33;487;MONTE ;EMEF SÃO FRANCISCO;AV FRANCISCO CORDEIRO CAMPOS, 500
FORTALEZA;112;414;EDSON QUEIROZ;COLEGIO ARI DE SA CAVALCANTE WS;AV WASHINGTON SOARES, 3737
IBIAPINA;73;66;SÍTIO PEJUABA;ESCOLA DOMINGOS FERINO;SÍTIO PEJUABA
SANTANA DO CARIRI;53;107;CENTRO;EEMTI ADRIÃO DO VALE NUVENS;AV. PATATIVA DO ASSARÉ, SN
CARNAUBAL;22;244;CENTRO;EEF JOAQUIM BASTOS GONCALVES;R JOAO FELICIO 91
QUIXADÁ;6;16;ÁREA RURAL DE QUIXADÁ;EEF JOÃO JOSE DA SILVA;RIACHO DO MEIO - PERIFERIA, S/N
MAURITI;76;17;UMBURANAS-DISTRITO;EEF MAJOR JOAQUIM ANTONIO FURTADO;RUA JOSÉ OZÁRIO, S/N
FORTALEZA;117;171;BOM JARDIM;EEFM JULIA ALVES PESSOA;RUA SÃO FRANCISCO SN
FORTALEZA;80;154;VILA UNIÃO;EEFM CEL PROF JOSÉ AURÉLIO CÂMARA;RUA JORGE ACURCIO, 655
ICÓ;15;23;CENTRO - SEDE;ESCOLA MUNICIPAL SENHOR DO BONFIM;RUA FRANCISCO MACIEL DA SILVA, 2557
SALITRE;38;121;ZONA RURAL, SALITRE/CE;E.E.I.F. VALDIMIRO JOSÉ DE LIMA - SÍTIO CALDEIRÃO - SALITRE;SÍTIO CALDEIRÃO
BARBALHA;31;169;SÍTIO SANTA TEREZA;EMEIF OLEGÁRIO ANTONIO DE JESUS (SÍTIO SANTA TEREZA);SÍTIO SANTA TEREZA, S/N (LAT. -7.28515, LONG. -39.23818)
ARARENDÁ;48;95;LAGOA DE SANTO ANTONIO;E. E. F. M.  FIRMINO JOSÉ;DISTRITO DE LAGOA DE SANTO ANTONIO
IRACEMA;86;128;DA PAZ;EEF ALBATIZA TAVARES DE OLIVEIRA GUERRA;RUA JOÃO TAVARES MAGALHÃES
ALCÂNTARAS;24;393;SAO JOSE;EEM FRANCISCO DE ALMEIDA MONTE;RUA FRANCISCO CUNHA S/N
TIANGUÁ;81;88;PINDOGUABA;CENTRO EDUCACIONAL ANTÔNIO JOSÉ DA ROCHA;RUA SÃO JOÃO BATISTA, S/N - DISTRITO PINDOGUABA
MADALENA;63;164;CENTRO;EEF ALFREDO ALMEIDA MACHADO;RUA PEDRO COSTA E SILVA, 99 - CENTRO
PARAMBU;19;319;GAVIAO;ESCOLA LÚCIA SOARES DA SILVA;POÇO CERCADO I
CAMOCIM;32;262;ZONA RURAL;E.E.F. DEP MURILO ROCHA AGUIAR - KM 06;LOCALIDADE KM 06
CHOROZINHO;49;357;CEDRO;EEF FRANKLIN MOREIRA XAVIER;LOCALIDADE LAGOA DO CEDRO
MORAÚJO;64;120;CENTRO;MORAÚJO - ESCOLA MUN. NOSSA SRA. DA CONCEIÇÃO;PÇA. ANTÔNIO BENÍCIO DE VASCONCELOS, S/N - CENTRO
BOA VIAGEM;63;75;PIEDADE - CATOLÉ;EEF JOSE INACIO DA ROCHA;PIEDADE - CATOLE
FORTALEZA;83;723;BELA VISTA;COLEGIO CHRISTUS;AV. ENG. HUMBERTO MONTE, 1355
MOMBAÇA;46;63;CENTRO;ESCOLA DE ENSINO FUNDAMENTAL LAURA ALENCAR;RUA CASSIMIRO FIUZA BENEVIDES, S/N
MARACANAÚ;122;1;NOVO MARACANAU;EMEIEF PROFª MARIA DO SOCORRO VIANA FREITAS;RUA 10 S/N
VIÇOSA DO CEARÁ;35;63;ZONA RURAL;E.E.F JOÃO PAULINO;DISTRITO DE PASSAGEM DA ONCA
FORTALEZA;80;350;JOAQUIM TÁVORA;COLÉGIO SALESIANO DOM BOSCO;AV ANTONIO SALES 116
IPUEIRAS;40;45;LIVRAMENTO;ESCOLA DE ENSINO FUNDAMENTAL JOSÉ MARIANO DE MELO - LIVRAMENTO;LIVRAMENTO
RUSSAS;9;73;IPIRANGA;EEMTI PROFESSOR WALQUER CAVALCANTE MAIA;TRAV PEDRO ARAUJO 175
FORTALEZA;95;358;JANGURUSSU;EMEIEF MARTHA DOS MARTINS COELHO GUILHERME;RUA 313, 243, CONJUNTO SÃO CRISTÓVÃO
PIQUET CARNEIRO;12;22;CENTRO;CVT CENTRO VOCACIONAL TECNOLOGICO;RUA ZACARIAS PINHEIRO DA SILVA, S/N
MIRAÍMA;89;283;RIACHÃO;EEB RAIMUNDO VAZ;AGROVILA
FORTALEZA;93;74;MONDUBIM;EM JONATHAN DA ROCHA ALCOFORADO;RUA MARIA GOMES DE SÁ,1030 ARACAPÉ
UBAJARA;73;86;DISTRITO JABURUNA;ESCOLA LUIZ RIBEIRO DA SILVA;DISTRITO JABURUNA
SOBRAL;121;171;CENTRO;CEI IVONIR AGUIAR;AV DOM JOSÉ, 2184
LIMOEIRO DO NORTE;29;97;CENTRO;CENTRO EDUCACIONAL SAO VICENTE DE PAULO - PATRONATO;RUA SABINO ROBERTO 398
ARATUBA;105;82;CENTRO-SEDE;EEF PROFESSORA MARIA JULIA PEREIRA BATISTA;RUA TARGINO GOES S/N
AQUIRAZ;66;209;IGUAPE;EEFM CEL OSVALDO STUDART;RUA CEL OSVALDO STUDART 117 CENTRO
FORTALEZA;118;622;PASSARÉ;EM DELMA HERMÍNIA DA SILVA PEREIRA;AVENIDA PRESIDENTE COSTA E SILVA, 5606
RUSSAS;9;53;CENTRO;COLEGIO ESTADUAL GOVERNADOR FLAVIO MARCILIO;AV DOM LINO 725
CRUZ;30;415;PREA;ESCOLA RAIMUNDA SILVEIRA DE SOUSA CARNEIRO;PREA
FORTALEZA;117;450;PARQUE PRESIDENTE VARGAS;EM JOSE MARIA MOREIRA CAMPOS;RUA FRANCISCO ALMEIDA, 525 CJ. APOLO XI
PARAMBU;19;351;NOVO ASSIS;EEIEF EVA PEREIRA LIMA (ANT ESC MANOEL TOMAZ NORONHA);FAZENDA ALTAMIRA
ITAREMA;98;219;ZONA RURAL;EMEF ROGERIO RIBEIRO MONTEIRO;TORROES
FORTALEZA;95;166;PARQUE SANTA MARIA;EEMTI POETA OTACILIO COLARES;RUA JORGE DA VEIGA, 265
FORTALEZA;116;450;BONSUCESSO;EM ANTONIO DIOGO DE SIQUEIRA;RUA ANSELMO NOGUEIRA 655
VÁRZEA ALEGRE;62;143;CANINDEZINHO;EEF MANOEL SALVADOR;SÍTIO CARNAÚBAS
SANTA QUITÉRIA;54;121;ASSENTAMENTO TRÊS BARRAS;ESCOLA MUNICIPAL FRANCISCO CHAGAS DE OLIVEIRA;POVOADO TRÊS BARRAS
PARACURU;109;199;BOI MORTO;E. M. E. I. F. MARIA ELISA MAGALHÃES;BOI MORTO
FORTALEZA;80;390;FÁTIMA;EEM GOV. ADAUTO BEZERRA;RUA MONSENHOR LIBERATO, 1850
FORTALEZA;116;275;GRANJA PORTUGAL;EM EDUCADOR PAULO FREIRE;RUA CORONEL FABRICIANO 452
PINDORETAMA;7;183;PRATIUS - 2;EMEB OLGA VALE ALBINO;RODOVIA CE 454, S/N - PRATIUS - 2  PINDORETAMA
SANTA QUITÉRIA;54;163;FLORES;ESCOLA MUNICIPAL CONCEIÇÃO CATUNDA;RUA JOÃO PESSOA PESSOA, S/N. - FLORES
PARAMBU;19;364;NOVO ASSIS;ESCOLA JOSÉ ALEXANDRE DE NORONHA (ANTIGO POSTO DE SAÚDE DE NOVO ASSIS);NOVO ASSIS
BARREIRA;52;79;LAGOA DO BARRO;ESCOLA FRANCISCO DAS CHAGAS FERREIRA;URUÁ
FORTALEZA;117;434;BOM JARDIM;EEFM SANTO AMARO;RUA NOVA CONQUISTA 871
MOMBAÇA;46;108;CENTRO;EEP PLÁCIDO ADERALDO CASTELO;FAZENDA AMONTADA                                          AMONTADA
FORTALEZA;117;363;BOM JARDIM;PROJETO ALIANÇA COM CRISTO;RUA WALDEMAR PAES BRAGANÇA 1208
JUAZEIRO DO NORTE;119;225;AEROPORTO;ESCOLA CICERA GERMANO CORREIA;RUA SEBASTIAO REGIS SN
CHOROZINHO;49;167;TRIANGULO;CRECHE MARIA DE LOURDES LIMA;RUA PADRE CICERO SN
FORTALEZA;94;923;JARDIM GUANABARA;EMEIF LORHAN MARQUES MEDEIROS;RUA CREUZA ROCHA, 255
JATI;70;370;CENTRO-SEDE;ESC ENS FUND E MEDIO MOISES BENTO DA SILVA;AV ANTONIO MATIAS DE SANTANA S/N
FORTALEZA;116;500;GRANJA PORTUGAL;EEFM SAO FRANCISCO DE ASSIS - GRANJA PORTUGAL;RUA NEREIDE 320
AMONTADA;89;186;ICARAÍ;EEBTI RAIMUNDA MENESES PARENTE;JUREMA
REDENÇÃO;52;200;CENTRO (SEDE);ESCOLA PE. SARAIVA LEÃO (ANTIGA ESCOLA ADOLFO FERREIRA DE SOUSA);RUA SANTA RITA, N. 263
MORADA NOVA;47;67;ARUARU;EEB PROFESSORA JOANA PAULA DE MORAIS;AVENIDA ERNESTO GEISEL
PINDORETAMA;7;219;SITIO EMA - PINDORETAMA;EMEB RAIMUNDA ALBANO DE LIMA;RUA LUIZ GONZAGA DA SILVA, S/N, SITIO EMA
FORTALEZA;116;9;GRANJA LISBOA;CAIC - MARIA ALVES CARIOCA;RUA GUARAREMA 690
FORTALEZA;116;327;GRANJA LISBOA;EEEP ICARO DE SOUSA MOREIRA - LICEU DO BOM JARDIM;RUA JOSE MARTINS, 2246
MARACANAÚ;104;345;JEREISSATI II;EEEP GOVERNADOR LUIZ GONZAGA DA FONSECA MOTA;AVENIDA X, S/N
PACUJÁ;79;189;CENTRO;E.E.M. PLACIDO ADERALDO CASTELO;RUA 22 DE SETEMBRO, SN
PINDORETAMA;7;67;CENTRO-PINDORETAMA;EEM JULIA ALENQUER FONTENELE;AV. FIRMINO CRISOSTOMO, 1944
JAGUARIBE;10;46;DISTRITO DE FEITICEIRO;E.E.M. MILITANA PAES;RUA TOME DA FROTA 93
PORANGA;40;88;SEDE;EEFM PRUDÊNCIO DE PINHO - SEDE;AV. DR. EPITÁCIO PINHO, 277, BAIRRO VILA NOVA
RUSSAS;9;60;CENTRO;ESCOLA MUNICIPAL JOSE RAIMUNDO DE DEUS;AVENIDA IRMÃ MARIA DA GRAÇA
JAGUARUANA;75;15;VOLTA;E.E.F. BENEVOLO GOMES DINIZ (VOLTA);VOLTA
FORTALEZA;112;459;EDSON QUEIROZ;UNIVERSIDADE DE FORTALEZA - UNIFOR;AVENIDA WASHINGTON SOARES, 1321
FORTALEZA;83;773;JOÃO XXIII;CENTRO DE FORMAÇÃO E DESENV. PARA PROFISSIONAIS DA EDUCAÇÃO - FORMACE;RUA PORTO VELHO, 401
FORTALEZA;95;251;BARROSO;EMEIEF OTAVIO DE FARIAS;RUA JOAO FERREIRA, S/N
AURORA;69;27;ARACA-SEDE;E.E.F.P. LEOPOLDINA GONÇALVES QUEZADO;RUA MARICA LEITE,285
LIMOEIRO DO NORTE;29;269;JOÃO XXIII;EEMTI ARSÊNIO FERREIRA MAIA;RUA CEL JOSE NUNES 1245
FORTALEZA;94;885;PADRE ANDRADE;CEI PROFESSOR CLODOALDO PINTO;RUA BANVARTH BEZERRA 100
FORTALEZA;116;447;BONSUCESSO;EM XV DE OUTUBRO;RUA GUARANI, 2030
BREJO SANTO;70;12;CENTRO-SEDE;EEEP BALBINA VIANA ARRAIS;LOTEAMENTO SOL NASCENTE
FORTALEZA;95;321;JANGURUSSU;EEMTI JANGURUSSU;RUA DO MANDACARU, 1048, CONJUNTO ALMIRANTE TAMANDARÉ
TIANGUÁ;81;153;LAURÃO;UNINTA - FACULDADE TIANGUÁ;RUA CONSELHEIRO JOÃO LOURENÇO, 406 - LAURÃO
PARAIPABA;109;158;SETOR C1;EMEIF COMPLEXO ESCOLAR SETOR C1;PROJETO IRRIGADO DO CURU - SETOR C1
FORTALEZA;1;820;VICENTE PINZON;ESCOLA PROFISSIONAL MARIA ANGELA DA SILVEIRA BORGES;RUA PINTOR ANTONIO BANDEIRA, S/N
ITAITINGA;78;340;PARQUE GENEZARÉ;EEF DONA CONCEIÇÃO;RUA DR. MANOEL SÁTIRO, N 132
EUSÉBIO;88;113;PEDRAS;EEF EVANDRO AYRES DE MOURA;RUA DOMINGOS SAVIO, 578 - PEDRAS
BOA VIAGEM;63;257;FATIMA;EEF BENJAMIM ALVES DA SILVA;R. SEBASTIÃO ALVES DA SILVA, 68
SOBRAL;24;255;PEDRA DE FOGO;ANEXO JOSE FRANCISCO DE ALBUQUERQUE (PEDRA DE FOGO);PEDRA DE FOGO (AO LADO DO CLUBE DO AMOR)
CARNAUBAL;22;151;CENTRO;EEF JOAQUIM BASTOS GONCALVES;R JOAO FELICIO 91
JUAZEIRO DO NORTE;119;470;PIRAJA;ESCOLA IZABEL DA LUZ;AV. AILTON GOMES S/N
URUBURETAMA;23;152;ITACOLOMY / ZONA RURAL;EEF FRANCISCO ARAUJO CHAVES;ITACOLOMY
URUBURETAMA;23;118;SANTA LUZIA - ZONA RURAL;EEF DAVI SALES PINHEIRO;SANTA LUZIA
FORTALEZA;95;354;CAJAZEIRAS;EEMTI PROF. PAULO AYRTON ARAUJO - PRÉDIO ANTIGO;BR 116 KM 05, EM FRENTE AO ASSAÍ ATACADISTA
SABOEIRO;43;270;FELIPE;E.E.F. FRANCISCO ALVES DE OLIVEIRA;POVADO FELIPE
ITAPIPOCA;17;43;CENTRO;PATRONATO NOSSA SENHORA DAS MERCES;AV. DUQUE DE CAXIAS 1181
IGUATU;13;123;CENTRO;CEJA GOVERNADOR LUIZ DE GONZAGA DA FONSECA MOTA;RUA MONSENHOR COELHO SN
IGUATU;13;375;VENEZA;ESCOLA DE ENS FUND FILGUEIRAS LIMA;RUA NELSON ALENCAR
IGUATU;13;581;VILA COQUEIROS;ESCOLA DE ENS FUND CLARA ALVES DE ARAUJO;RUA JOSÉ VIEIRA BARBOSA SN
FORTALEZA;1;570;MEIRELES;LABOMAR - UFC;AV. ABOLIÇÃO, 3207
ANTONINA DO NORTE;18;6;CENTRO;ESCOLA DE ENSINO FUNDAMENTAL 8 DE MAIO;RUA ANTONIO MOTA 50
FORTALEZA;93;301;PLANALTO AYRTON SENNA;EM ADALBERTO STUDART FILHO;RUA DO CAMPO, 25
FORTALEZA;118;627;PARQUE DOIS IRMÃOS;COLEGIO MARIA ESTER II;RUA F (CONJUNTO MIRASSOL), 158
TIANGUÁ;81;230;ÁREA RURAL DE TIANGUÁ;E.E.F. PROFª. OFÉLIA PORTELA MOITA;RUA 31 DE MAIO - SÍTIO CÓRREGO
FORTALEZA;112;271;JARDIM DAS OLIVEIRAS;EEMTI MIRIAN PORTO MOTA;RUA DAS CASTANHOLAS, S/N
PACAJUS;49;39;CENTRO;EEFM PADRE CORIOLANO (REUNIDA);RUA TENENTE JOAQUIM NOGUEIRA 51
CAUCAIA;37;624;ICARAI;EEIEF CELINA SÁ MORAIS;AVENIDA OTAVIADO COSTA, SN
MARCO;96;99;CENTRO-SEDE;EEF MARIA JULIA NEVES;RUA RIOS, N 560
FORTALEZA;113;441;BOM FUTURO;ESC. PROFISSIONAL PE. JOÃO PIAMARTA;RUA PADRE JOÃO PIAMARTA, 161
MASSAPÊ;45;33;ZONA RURAL;GEEST DE PADRE LINHARES;POVOADO DE PADRE LINHARES
FORTALEZA;82;121;CRISTO REDENTOR;EEMTI LIONS JANGADA;RUA CAMÉLIA, 352
MORRINHOS;44;139;FAZENDA BOM JARDIM;EEMF JOSE AURIMAR PEREIRA;BOM JARDIM
MARACANAÚ;104;288;PAJUÇARA;EMEIEF PREFEITO ALMIR FREITAS DUTRA;RUA ELÍFIO MEDEIROS DA CUNHA, 531
JUAZEIRO DO NORTE;28;492;FATIMA;EMEI MARIA QUIRINO DA SILVA;RUA PEDRO GUILHERME DA SILVA, SN
BATURITÉ;5;119;CONSELHEIRO ESTELITA-SEDE;SECRETARIA DO DESENVOLVIMENTO ECONÔMICO E SOCIAL - SEDES (ANTIGO CSU);AV FRANCISCO BRAGA FILHO, SN
FORTALEZA;118;514;PASSARÉ;EM PAULO SERGIO DE SOUSA LIRA;RUA ITABORAÍ, 264
FORQUILHA;121;199;EDMUNDO RODRIGUES;EEFM ELZA GOERSCH;AV CRIANÇA DANTE VALERIO S/N CENTRO
FORTALEZA;95;91;BARROSO;EEFM PADRE MARCELINO CHAMPAGNAT;RUA DAURA, 120
FORTALEZA;95;101;CONJUNTO PALMEIRAS;EEFM DOUTORA ALDACI BARBOSA;RUA VALPARAISO, 155
CATUNDA;54;77;CENTRO;E. E. F. SÃO ZACARIAS;RUA ANTONIO TIMBÓ, SN.
SOLONÓPOLE;55;120;SAO JOSE;E. M. E. B. PROFA. MARIA NERY FIALHO;RUA MARIA NEÓZIA DE CARVALHO LEANDRO, S/N
PARAMBU;19;399;OITICICA;ESCOLA ANTÔNIO RUFINO;CACHOEIRA DOS RUFINOS
FORTALEZA;82;183;SÃO GERARDO;ESCOLA MUNICIPAL GUSTAVO BARROSO;RUA ERETIDES MARTINS, 26
MAURITI;76;116;SEDE;EEF JOSE WILSON BARBOSA DE OLIVEIRA;SITIO PITOMBEIRAS
SÃO LUÍS DO CURU;23;314;CENTRO-SEDE;E.E.F. PROFESSORA MARIA DE LOURDES BRAGA;RUA HUGO ROCHA SN
MAURITI;76;25;CENTRO;EEM ADAUTO LEITE;AV. SINVAL LACERDA, 416
MARCO;96;145;LOCALIDADE DE PASSAGEM DAS PEDRAS;EEF FRANCISCO IBIAPINO FERREIRA;PASSAGEM DAS PEDRAS
FORTALEZA;112;377;CIDADE DOS FUNCIONÁRIOS;FUNCAP;AV. OLIVEIRA PAIVA, 941
CRUZ;30;300;CANEMA;ESCOLA FILOMENA MARTINS DOS SANTOS;CANEMA
APUIARÉS;50;5;CONJUNTO FRANCISCO BERNARDO;EEF MATILDE BARBOSA GOIS;RUA JOSÉ NOJOSA FREITAS, 100
SÃO BENEDITO;22;35;CENTRO-SEDE;EEF MINISTRO ANTONIO COELHO;RUA MIN ANTONIO COELHOI  452
CARIRIAÇU;71;130;BICO DA ARARA;EEF ARARA AZUL;AV PEDRO LUCIANO VIEIRA
CANINDÉ;33;66;ZONA RURAL;EMEF JOSE BERNARDO UCHOA;VAZANTE DO CURU
REDENÇÃO;52;114;DISTRITO DE ANTÔNIO DIOGO;CINE-TEATRO RAUL BARBOSA;RUA IRMÃ AUGUSTA, N. 120
FORTALEZA;117;193;PARQUE SÃO JOSÉ;EEFM IRMAO URBANO GONZALEZ RODRIGUEZ;RUA CONEGO DE CASTRO, 4055
FORTALEZA;93;99;PREFEITO JOSÉ WALTER;CUCA JOSÉ WALTER;RUA 69, S/N
TURURU;17;638;ALTO DA PAZ;EMEF CECILIA SIQUEIRA;AV JOAO PATRICIO 583
CAUCAIA;37;608;TABUBA;E.E.F. RAIMUNDA NONATA FORTE SALES;RUA NOSSA SENHORA DO PERPETUO SOCORRO, S/N
TRAIRI;97;11;MUNDAU;EEF ZEFINHA RIBEIRO BARROSO MUNDAU;MUNDAU
CARNAUBAL;22;155;CENTRO;CENTRO DE SAUDE HORACIO FONTENELE SAMPAIO;R ANTONIO PINTO DE MELO 140
SÃO BENEDITO;22;200;CRUZEIRO;EEF FILONILA CARVALHO;AVENIDA SALMITO FERREIRA DE ALMEIDA
PENAFORTE;70;353;CENTRO-SEDE;ESCOLA DE EDUCACAO INFANTIL ENSINO FUND. FATIMA REGINA;RUA PADRE CICERO S/N
SÃO BENEDITO;22;29;CENTRO-SEDE;CENTRO EDUCACIONAL DA VIRGEM PODEROSA - CEVP;RUA JOSE ARMANDO RODRIGUES 306
MOMBAÇA;46;40;TEJUBANA;ESCOLA DE ENSINO FUNDAMENTAL ANTONIO SOARES;AV. ANTONIO NONATO DE CARVALHO
QUIXADÁ;6;338;CAMPO VELHO;EEF BENIGNO BEZERRA;RUA PAULO SOARES VIANA, 173
FORTALEZA;116;198;GRANJA LISBOA;EM PROF LIREDA FACO;RUA TRES CORACOES 735
TIANGUÁ;81;171;ARAPÁ;CENTRO EDUCACIONAL PROFESSOR OSVALDO NOGUEIRA LIMA - CEPON;RUA QUINTINO MARQUES, S/N - DISTRITO ARAPÁ
CANINDÉ;33;324;BONITO DISTRITO;EEM.FILHA DA LUTA PATATIVA DO ASSARÉ;ASSENTAMENTO SANTANA DA CAL
FORTALEZA;94;625;QUINTINO CUNHA;COLÉGIO DOM FELIPE;AV INDEPENDÊNCIA. 1652
IPU;21;143;REINO DE FRANCA;EEF TERESA ODETE - CEJA;RUA CEL FELIX 600 - REINO DE FRANCA
SENADOR POMPEU;12;153;SAO JOAQUIM;ASSOCIAÇÃO COMUNITÁRIA SÃO JOAQUIM DE CIMA;DT SÃO JOAQUIM DE CIMA
CARIRIAÇU;71;148;CONJUNTO SANTO ANTONIO;EEF RAIMUNDO BEZERRA LIMA;RUA CLEMENTE FERREIRA BORGES S/N
TRAIRI;97;86;ESTRELA;EEF FRANCISCO SEVERIANO DE OLIVEIRA;ESTRELA
CARIRIAÇU;71;136;PERNAMBUQUINHO;CEI MARIA MARTINHA DA SILVA;AVENIDA CACHIMBÃO
JUAZEIRO DO NORTE;28;459;FRANCISCANOS;ECIM DOUTOR EDVAR TEIXEIRA FERRER;DOM PEDRO II 1643
JUAZEIRO DO NORTE;28;466;TRES MARIAS;EMEF PROFA MARIA DE LOURDES LOPES DE SOUSA;AV. DO AGRICULTOR
AIUABA;101;75;SUMARÉ;GRUPO ESCOLAR EXPEDITA FREIRE DA SILVA;SUMARÉ
IBARETAMA;6;479;DISTRITO DE PIRANGI;EMEIF JOSÉ GUSTAVO DE QUEIROZ;DISTRITO DE PIRANGI
FORTALEZA;82;132;JACARECANGA;EEMTI SALES CAMPOS;RUA JACINTO MATOS, 730
BARBALHA;31;165;MALVINAS;CEI ANTÔNIA DOLORES DE SÁ BARRETO (MALVINAS);RUA P-10, 26 (EM FRENTE A SOAFA MALVINAS)
FORTALEZA;113;339;PARQUELÂNDIA;ESCOLA ESTADUAL DE EDUCAÇÃO PROFISSIONAL JOAQUIM NOGUEIRA;RUA MOREIRA DE SOUSA, 327
MOMBAÇA;46;52;VICENTE;ESCOLA DE ENSINO FUNDAMENTAL JOAQUIM ALVES DA CUNHA;VICENTE
FORTALEZA;82;547;ELLERY;ESCOLA MUNICIPAL HONÓRIO BEZERRA;RUA CAPITÃO NESTOR GÓIS, 400
QUIXELÔ;13;218;ÁREA RURAL DE QUIXELÔ;ESCOLA DE ENS FUND MANOEL MEDEIROS SOBRINHO;LAGOA DO JATOBA-SITIO
FRECHEIRINHA;81;238;CENTRO;CENTRO EDUCACIONAL RAIMUNDO PEREIRA;AVENIDA JOAQUIM PEREIRA 717 - CENTRO 
FORTALEZA;94;843;QUINTINO CUNHA;COLEGIO DOM FELIPE - JUNIOR;RUA FRANCISCO MENDES DE OLIVEIRA, 183
FORTALEZA;112;376;CIDADE DOS FUNCIONÁRIOS;FUNCAP;AV. OLIVEIRA PAIVA, 941
BELA CRUZ;96;11;CENTRO-SEDE;EEEP JULIO FRANÇA;RUA CEL. DUCA, 1051
ACARAÚ;30;365;CENTRO;LICEU DE ACARAÚ - ESCOLA MARIA ALICE RAMOS;CENTRO
JUAZEIRO DO NORTE;119;268;JOAO CABRAL;ESCOLA IVA EMIDIO GONDIM;PIO NOROES SN
ARARENDÁ;48;121;LAGOA DO PEIXE;E. E. F. FRANCISCO DE PAULA FILHO;LOCALIDADE DE LAGOA DO PEIXE
JARDIM;119;409;SERRA OLHO DAGUA;ESCOLA NOSSA SENHORA APARECIDA;SERRA OLHO DAGUA SN
CAUCAIA;37;551;TABAPUÁ;E.E.I.E.F. ROBERTO JOSÉ BASTOS MACAMBIRA;RUA 7, S/N - TABAPUÁ
FORTALEZA;112;283;ENGENHEIRO LUCIANO CAVALCANTE;ESCOLA ESTADUAL DE EDUCAÇÃO PROFISSIONAL JAIME ALENCAR DE OLIVEIRA;AV ROGACIANO LEITE, 2285
JAGUARUANA;75;74;CENTRO;E.E.M. MANUEL SÁTIRO;AV DR ANTÔNIO DA ROCHA FREITAS, 1278
FORTALEZA;82;91;MONTE CASTELO;EM PROFESSOR MARTINZ DE AGUIAR;RUA BERNARDO PORTO, 470
FORTALEZA;83;565;JOÃO XXIII;CENTRO DE FORMAÇÃO E DESENV. PARA PROFISSIONAIS DA EDUCAÇÃO - FORMACE;RUA PORTO VELHO, 401
FORTALEZA;80;309;DIONISIO TORRES;COLÉGIO CHRISTUS - DIONÍSIO TORRES;RUA ISRAEL BEZERRA 630
MORRINHOS;44;3;CENTRO;COLÉGIO MORRINHENSE CÔNEGO SARAIVA;RUA JOAQUIM CORIOLANO ROCHA
NOVO ORIENTE;99;26;CENTRO;EEB DR. ANTONIO EUFRASINO NETO;RUA LUIZ BEZERRA, S/N
SENADOR POMPEU;12;64;BRASILIA;EEIEF CÔNEGO JANUÁRIO DA CUNHA BARBOSA;RUA ANTONIO MANO DE CARVALHO, S/N
FORTALEZA;113;280;PARQUELÂNDIA;COLÉGIO CHRISTUS PRÉ - UNIVERSITÁRIO;RUA CRUZ SALDANHA, 614
FORTALEZA;85;384;GENIBAÚ;EMEIF MANOEL CAETANO DE SOUZA;RUA SANTA LUCIA 170
QUIXERAMOBIM;11;281;MARAVILHA;ESCOLA TEREZA HELOISA SARAIVA CAMARA;RUA GASTÃO FALCÃO
TRAIRI;97;122;SERRINHA;EEF PROFESSOR ELIZEU BARBOSA;ALTO SAO FRANCISCO
FORTALEZA;85;205;GENIBAÚ;ESCOLA MUNICIPAL PROF AMERICO BARREIRA;RUA RICARDO PONTES 529
MORRINHOS;44;167;CURRALINHO;EMEFI  MIGUEL AVELINO VASCONCELOS;CURRALINHO
MILHÃ;55;163;CARNAUBINHA;E. E. I. E. F. IDELZUITE MONTEIRO DE OLIVEIRA;SÍTIO AÇUDE NOVO, S/N - ZONA RURAL
IPUEIRAS;40;197;ARRAIAL;ESCOLA DE ENSINO FUNDAMENTAL AQUILES PERES MOTA - ARRAIAL;ARRAIAL
PENTECOSTE;50;139;ZONA RURAL;EEIF MANOEL FÉLIX GOMES;MULUNGU
JUAZEIRO DO NORTE;28;362;AREA RURAL DE JUAZEIRO DO NORTE;EMEIF MARIA BERNARDINO MACHADO;SITIO ESPINHO
PACAJUS;49;16;CENTRO;INSTITUTO EDUCACIONAL ESSÊNCIA;RUA MAMEDE NOGUEIRA, 814
CEDRO;13;514;PRADO;IFCE-INSTITUTO DE EDUCAÇÃO, CIÊNCIA E TECNOLOGIA DO CEARÁ;RUA ALAMEDA JOSÉ QUINTINO, S/N
MARACANAÚ;122;243;NOVO ORIENTE;EMEF JOSE DANTAS SOBRINHO;AV. CENTRAL, S/N
MARACANAÚ;122;245;ALTO DA MANGUEIRA;E.M.E.F. ESTUDANTE ANA BEATRIZ TAVARES;RUA JOACIR FREITAS DUTRA, S/N
IBIAPINA;73;46;SITIO CAIÇARA;POSTO DE SAUDE DA CAIÇARA;SITIO CAIÇARA
BAIXIO;92;81;CENTRO - SEDE;E.E.F.T.I. CEL HUMBERTO BEZERRA;RUA MARIA DA GLORIA, 20
REDENÇÃO;52;108;CENTRO (SEDE);CENTRO EDUCACIONAL PERBOYRE E SILVA;RUA MARECHAL DEODORO, N. 399
ICÓ;15;131;CENTRO - SEDE;ESCOLA MUNICIPAL MARIA IRISMAR MACIEL MOREIRA;RUA SAO GERALDO S/N
COREAÚ;64;77;Aroeiras;AROEIRAS - ESCOLA MUN. CORAÇÃO DE JESUS;RUA ANTONIO MONTEIRO DA COSTA, S/N - DISTRITO DE AROEIRAS, COREAÚ/CE
TAMBORIL;61;13;DISTRITO DE SUCESSO;EMTI EXPEDITO MENDES CHAVES;RUA JOÃO JOSÉ DE CASTRO S/N - CENTRO - VILA SUCESSO
ITAPIPOCA;17;51;ÁREA RURAL DE ITAPIPOCA;EEB FRANCISCO BEZERRA DE SOUZA;LAGOA DA CRUZ
FORTALEZA;3;237;CENTRO;COLÉGIO ESTADUAL JUSTINIANO DE SERPA;AV. SANTOS DUMONT, 56
FORTALEZA;117;466;CANINDEZINHO;ESCOLA MUNICIPAL JORNALISTA DEMÓCRITO DUMMAR;RUA EUCLIDES PAULINO BARROSO, 2505
MASSAPÊ;45;38;ZONA RURAL;GEM OZEAS ALVES DE SOUZA;POVOADO DE TAPERA
FORTALEZA;113;63;DAMAS;COLÉGIO JUVENAL DE CARVALHO;AV. JOÃO PESSOA, 4279
PENTECOSTE;50;145;ZONA RURAL;EEIF 7 DE SETEMBRO;ERVA MOURA
SANTA QUITÉRIA;54;43;CENTRO;ESCOLA DE ENSINO FUNDAMENTAL FRANCISCA GERACINA LÔBO MESQUITA;RUA TABELIÃO FRANCISCO DE PAULA LÔBO, SN.
BARROQUINHA;108;60;DISTRITO BITUPITÁ;EEF SANTA ADELAIDE;RUA DO COMERCIO S/N
FORTALEZA;112;286;CIDADE DOS FUNCIONÁRIOS;IGREJA DA GLÓRIA;AV OLIVEIRA PAIVA, 905
FORTALEZA;85;308;CONJUNTO CEARÁ I;EEF JOSE MILITAO DE ALBUQUERQUE - UV-11-B;RUA MIL CENTO E QUARENTA E CINCO, 1 , 4A ETAPA
FORTALEZA;85;268;AUTRAN NUNES;EMEIF DOLORES ALCANTARA;RUA CARDEAL ARCOVERDE S/N
QUIXERAMOBIM;11;250;CONJUNTO ESPERANCA;CRECHE JOSE TEOGENES DE ALMEIDA;RUA JOSE ADOLFO NOGUEIRA
AIUABA;101;38;BARRA;GRUPO ESCOLAR PAES DE ANDRADE;RUA FRANCISCO JOSE DOS SANTOS, 14
FORTALEZA;93;306;PREFEITO JOSÉ WALTER;CENTRO DE INCLUSÃO TECNOLÓGICA E SOCIAL - CITS JOSÉ WALTER;AV. K, 330, SEGUNDA ETAPA
FORTALEZA;83;28;BELA VISTA;ESCOLA MUNICIPAL NILSON HOLANDA;RUA VIRIATO RIBEIRO 1355
FORTALEZA;83;727;BELA VISTA;EEMTI SENADOR FERNANDES TÁVORA;RUA GOIÁS 141
RUSSAS;9;204;CENTRO;ESCOLA DE ENSINO FUNDAMENTAL CORONEL MURILO SERPA;TRAVESSA SEBASTIAO SANTIAGO LIMA 160
REDENÇÃO;52;92;DISTRITO DE BARRA NOVA (ANTIGO SÃO GERARDO);ASSOCIAÇÃO DOS MORADORES DO SÃO BENTO;SÃO BENTO
CAMOCIM;32;212;BOA ESPERANCA;ESCOLA MUNICIPAL DE 1 GRAU FCO OTONI COELHO;RUA BANDEIRANTES 646
FORTALEZA;116;363;GRANJA PORTUGAL;EM EDUCADOR PAULO FREIRE;RUA CORONEL FABRICIANO 452
FORTIM;8;279;CENTRO;EEIFTI. PROFESSORA MARIA LUIZA;RUA JOAQUIM CRISÓSTOMO, 739.
MORADA NOVA;47;4;2 DE AGOSTO;CEI MARIA ROSALINA LOPES;RUA PEDRO COUTINHO DA SILVA
BARBALHA;31;110;VILA SANTO ANTONIO;EEMTI VIRGILIO TAVORA;AV PAULO MAURICIO, 326
SENADOR POMPEU;12;46;BONFIM;ASSOCIAÇÃO DAS MULHERES DA COMUNIDADE DE BELO MONTE;SÍTIO BELO MONTE
FORTALEZA;83;684;DOM LUSTOSA;ESCOLA MUNICIPAL MURILO SERPA;RUA MONSENHOR HIPOLITO BRASIL 1400
ICÓ;15;95;CENTRO - SEDE;CENTRO UNIVERSITÁRIO VALE DO SALGADO;AV. MONSENHOR FROTA, 609
MORADA NOVA;47;75;ARUARU;CENTRO EDUCACIONAL INFANTIL MARIA NADIR BARBOSA;JOSE ANGELO S/N
GRANJA;25;17;CENTRO;E.E.M. CEL LUIZ FELIPE;PRACA CEL. LUIZ FELIPE, 381
AMONTADA;89;93;CENTRO;EEEP LUIZ GONZAGA FONSECA MOTA;AV GAL ALÍPIO DOS SANTOS 1360
CROATÁ;74;44;DISTRITO;ESCOLA MUNICIPAL LUIZ BEZERRA DE PAULO (BARRA DO SOTERO);BARRA DO SOTERO
FORTALEZA;3;16;CENTRO;COLÉGIO 7 DE SETEMBRO (SEDE NGS);AV. DO IMPERADOR, 1330
FORTALEZA;82;383;ÁLVARO WEYNE;COLÉGIO MENINO JESUS DE PRAGA;RUA ANA FACÓ, 140
BARRO;92;137;CENTRO-SEDE;EEEP PROFESSOR JOSÉ OSMAR PLÁCIDO DAS SILVA;RUA ANTÔNIA BEZERRA TELES, S/N
JAGUARUANA;75;92;CARDEAIS;E.E.F. TOMAZ BARBOSA DE OLIVEIRA;CARDEAIS
FORTALEZA;112;418;EDSON QUEIROZ;COLEGIO ARI DE SA CAVALCANTE WS;AV WASHINGTON SOARES, 3737
ARACOIABA;67;7;CENTRO-SEDE;CENTRO EDUCACIONAL CORONEL PEDRO GUEDES ALCOFORADO - CNEC;RUA MANOEL GUEDES 47
ITAPAJÉ;41;290;ESMERINO GOMES;CRECHE NEDI SONHO INFANTIL;RUA PEDRO GOMES SN CONJUNTO ANTONIO BRAGA
JUAZEIRO DO NORTE;28;135;SAO MIGUEL;EEM JOSE BEZERRA;SAO JORGE 440
CAUCAIA;37;528;TABAPUÁ;E.E.F.M. JOSÉ MARIA PONTES DA ROCHA;RUA 08, S/N - TABAPUÁ
CAUCAIA;120;204;BOM PRINCIPIO;E.E.I.E.F. PEDRO PAULINO DA ROCHA;BR 020 LOCALIDADE CACHOEIRA DOS PAULINOS
ITAPIPOCA;17;554;MARINHEIROS;SALÃO COMUNITÁRIO DO SÍTIO SÃO JOSÉ;SÃO JOSÉ
CHAVAL;108;21;CENTRO;EMTI EPITÁCIO BRITO DE OLIVEIRA;RUA MAJOR FIEL 507
TRAIRI;97;141;CORREGO DA RAMADA;EEF NOSSA SENHORA DA CONCEICAO;CORREGO DA RAMADA
GRANJA;25;140;IBUGUAÇU;E.E.F. MARTINIANO FONTENELE MAGALHÃES;AV. MARTINIANO FONTENELE MAGALHÃES, S/N
FORTALEZA;80;364;FÁTIMA;INSTITUTO DE EDUCAÇÃO DO CEARÁ;RUA GRACILIANO RAMOS, 52
FORTALEZA;2;707;JOSÉ DE ALENCAR;EEFM IRACEMA;RUA EGIDIO DE OLIVEIRA, 250
CRATO;27;320;VILA ALTA;APAE - INSTITUTO DE REEDUCAÇÃO EVILENE ROLIM LOUCETTI;TRAVESSA MILAGRES S/N
FORTALEZA;2;776;LAGOA REDONDA;EM PROFª FERNANDA MARIA DE ALENCAR COLARES;AV PROF. ARTHUR DE CARVALHO, 1540
GUARACIABA DO NORTE;74;56;DISTRITO;ESCOLA DE ENS FUND JOSE GERARDO COELHO - SUSSUANHA;SUSSUANHA
SÃO GONÇALO DO AMARANTE;36;67;SIUPE-DISTRITO;ESCOLA DE ENSINO FUNDAMENTAL DONA FILOMENA MARTINS;SIUPE
NOVA RUSSAS;48;21;CENTRO;EEMTI OLEGARIO ABREU MEMORIA;RUA CEL. ANTONIO RODRIGUES VERAS 1018
HIDROLÂNDIA;54;246;NOVA HIDROLÂNDIA;CENTRO DE EDUCAÇÃO INFANTIL MARIA AMÉLIA MARTINS TORRES;RUA SIMPLÍCIO RODRIGUES, 10, NOVA HIDROLÂNDIA, HIDROLÂNDIA/CE
FORTALEZA;82;618;JACARECANGA;EEMTI SALES CAMPOS;RUA JACINTO MATOS, 730
JATI;70;357;CENTRO-SEDE;ESC ENS EM TEMPI INTEGRAL VER CICERO GOMES DE SOUSA;ESTRADA PARA SAO JOSE DO BELMONTE
ALTO SANTO;86;6;CASTANHAO;ESCOLA DE 1 GRAU LIRA MAIA HOLANDA;RUA AGAPITO FERREIRA MAIA 1
TRAIRI;97;78;TIGIPIO;EEF ZEFINHA RIBEIRO BARROSO TIGIPIO;TIGIPIO
JUAZEIRO DO NORTE;28;337;AREA RURAL DE JUAZEIRO DO NORTE;EEF ANTONIO BENJAMIM MOURA;SITIO POÇÕES
MULUNGU;5;126;CENTRO-SEDE;EMEF HERMENEGILDO ROCHA PONTES;RUA SANTA INES S/N
ITAREMA;98;98;CENTRO;CEI - ANA CELIA GIFONI TAVARES RIOS;RUA JOSE FERNANDES DE SOUSA S/N
ITAPIPOCA;17;33;BOA VISTA;ESCOLA DE 1 GRAU DR GERALDO GOMES DE AZEVEDO;RUA JOAQUIM AMÉRICO TEIXEIRA, 216
MARACANAÚ;104;283;TIMBÓ;EEMTI ADAHIL BARRETO CAVALCANTE;AVENIDA VEREADOR EDMILSON MARQUES, S/N
FORTALEZA;3;6;JACARECANGA;SENAI - UNIDADE CENTRO;AV. PADRE IBIAPINA, 1280
CEDRO;13;545;LAGEDO;ESCOLA DE ENS FUND RAIMUNDA ALVES DINIZ;ST MANOEL ALEXANDRE I
PEDRA BRANCA;59;102;TROIA;ESCOLA DE ENSINO FUNDAMENTAL JOSE CARDOSO DA SILVA;SITIO LAGES
MARACANAÚ;104;409;PAJUÇARA;EMEIEF PROF PAULO FREIRE;RUA PAULO BATISTA 660
MARACANAÚ;122;155;LUZARDO VIANA;EMEF NAPOLEAO BONAPARTE VIANA;RUA NAPOLEAO BONAPARTE VIANA 410
FORTALEZA;117;479;SIQUEIRA;ESCOLA MUNICIPAL PROF JOSE CÍRIO PEREIRA FILHO;RUA QUARTZO ROSA, 100
FORTALEZA;114;30;ÁLVARO WEYNE;EM MARIA ROSELI LIMA MESQUITA;RUA FRANCISCO CALAÇA 1791
CAUCAIA;120;359;CIGANA;E.E.I.E.F DALVA PONTES DA ROCHA;RUA QUINTINO JOSE CORREIA, 465
ACOPIARA;60;182;DISTRITO DE SAO PAULO;EEF SATIRO FLORENTINO TEIXEIRA;SITIO CAATINGA DA SERRA
NOVA RUSSAS;48;64;PATRONATO;E.M.E.F. FRANCISCA DAS GRAÇAS T MESQUITA(ANTIGA EEFM MONSENHOR LEITÃO);RUA HERMENEGILDO MARTINS, 667
PACATUBA;57;298;SAO LUIZ;EEIF VICENTE FERRER DE LIMA;AV EDSON QUEIROZ, 1952
FORTALEZA;118;524;PASSARÉ;COLÉGIO LIRA COUTINHO;RUA BELOS PORTOS, 453
CRATO;27;355;FRANCA ALENCAR;EEIEF PROFESSOR ÁLVARO RODRIGUES MADEIRA;RUA ANTONIO DE ALENCAR ARARIPE, SN. LOTEAMENTO FRANCA ALENCAR
FORTALEZA;2;545;MESSEJANA;EEMTI PROFª FERNANDA MARIA GOMES DE AMORIM;AVENIDA FREI CIRILO 4454
CRATO;27;378;SANTA FÉ;EEIEF JOSEFA SALVIANO DE ALMEIDA;SÍTIO CRUZEIRO
FORTALEZA;117;215;CONJUNTO ESPERANÇA;EEFM PROFA ADALGISA BONFIM SOARES;AV. DO CANAL, S/N, ESQUINA COM RUA 103 - CONJUNTO ESPERANÇA
CAMPOS SALES;38;50;DIST. DE CARMELÓPOLIS;E.E.I.F JOAQUIM MOREIRA FILHO - ANEXO DO OSSEAN ALENCAR ARARIPE;RUA  VIRGILIO GOMES, 139
FORTALEZA;2;811;LAGOA REDONDA;ESCOLA MUNICIPAL ISABEL FERREIRA;RUA ISABEL FERREIRA, 1000 - CONJ. CURIÓ
FORTALEZA;1;907;VICENTE PINZON;ESCOLA ESTADUAL MURILO BORGES;RUA DO ENTARDECER 90
FORTALEZA;3;217;CENTRO;FAC. CATÓLICA DE FORTALEZA (SEMINÁRIO DA PRAINHA);RUA TENENTE BENÉVOLO, 201
ITAREMA;98;171;ZONA RURAL;LICEU DE ALMOFALA - EEM JOSE MARIA MONTEIRO;RUA AGRIPINO TOMAS DE SOUSA S/N - ALMOFALA
CAUCAIA;123;439;NOVA METRÓPOLE (JUREMA);E.E.I.E.F. FRANCISCA ALVES DO AMARAL;AV. B, 442 - NOVA METRÓPOLE
CAUCAIA;123;510;PARQUE GUADALAJARA (JUREMA);COLÉGIO PLENO DO CEARÁ - CPC;RUA PADRE ALFREDO NESI, 363 (ANTIGA RUA CAMPECHE )
LIMOEIRO DO NORTE;29;160;JOÃO XXIII;EEF EVALDO HOLANDA MAIA;RUA PADRE VICENTE S/N
JUAZEIRO DO NORTE;119;260;SAO JOSE;ESCOLA MARIA DE LOURDES JEREISSATI;RUA CECILIA SILVA DE SOUSA
IRAUÇUBA;41;7;CENTRO-SEDE;CENTRO DE REFERÊNCIA DA EDUCAÇÃO INFANTIL DE IRAUÇUBA - CREII;AV. PAULO BASTOS 837
ITAPIPOCA;17;545;BARRENTO;EEB NORBERTO ANTÔNIO DO NASCIMENTO;MERGULHÃO
VIÇOSA DO CEARÁ;35;51;ZONA RURAL;E.E.F JOÃO EUCLIDES DE MORAIS;VILA JUA DOS VIEIRAS SN
LIMOEIRO DO NORTE;29;192;LUIZ ALVES DE FREITAS;CENTRO DE EDUCAÇÃO INFANTIL MARIA DE FÁTIMA LIMA GUIMARÃES;RUA CLAUDIO BENEVIDES, S/N
FORTALEZA;118;118;PASSARÉ;COLÉGIO MULTIVERSO;AV. JUSCELINO KUBITSCHECK, 3653
LAVRAS DA MANGABEIRA;14;10;CRUZEIRO;CENTRO DE EDUCAÇÃO INFANTIL MUNDO MÁGICO - CRECHE;RUA PETRONÍLIA DOS SANTOS, S/N - SEDE, CRUZEIRO
IPAUMIRIM;92;113;CENTRO-SEDE;E.E.M.T.I. DOM FRANCISCO DE ASSIS PIRES;RUA VEREADOR HIGINO DINIZ, 110
AQUIRAZ;66;40;JACUNDA;EMEF HENRIQUE GONCALVES DA JUSTA FILHO;RUA ANTONIO MELQUIADES LIMA S/N
FORTALEZA;114;274;BARRA DO CEARÁ;EM  RACHEL DE QUEIROZ;AVENIDA PRESIDENTE CASTELO BRANCO 5010
CASCAVEL;7;184;CAPONGA;ESC.ENS.FUND. DE BALBINO;BALBINO
TEJUÇUOCA;41;109;MONTE CARMELO;ESCOLA MUNICIPAL JOAQUIM CHAGAS BARRETO;MONTE CARMELO
IGUATU;13;405;BARRA;PSF DO SÍTIO GAMELEIRA;SITIO GAMELEIRA
CAUCAIA;123;425;NOVA METRÓPOLE (JUREMA);E.E.F.M. ROMEU DE CASTRO MENEZES;AV. A, S/N - NOVA METRÓPOLE
QUITERIANÓPOLIS;99;91;CENTRO;EEF ROBERTO ANTUNES DE FREITAS;AV LAURINDO GOMES  SN
ITAIÇABA;75;9;TABULEIRO DO LUNA;E.E.F.  RAIMUNDO NONATO GOMES DINIZ;TABULEIRO DO LUNA
FORTALEZA;117;225;SIQUEIRA;EEFM SENADOR OSIRES PONTES;RUA DIVINA 150
FORTALEZA;117;455;SIQUEIRA;ESCOLA MUNICIPAL PROF JOSE CÍRIO PEREIRA FILHO;RUA QUARTZO ROSA, 100
MARACANAÚ;104;388;TIMBÓ;EEMTI ADAHIL BARRETO CAVALCANTE;AVENIDA VEREADOR EDMILSON MARQUES, S/N
IPAPORANGA;20;275;CENTRO;ESCOLA DE ENSINO MÉDIO MARIA VIEIRA DE PINHO;AV. MARIA ERIMAR RIBEIRO DE PAIVA, S/N
SOBRAL;24;413;DOM JOSÉ;EEFI ANTENOR NASPOLINI;RUA PREFEITO JERONIMO PRADO, S/N
SANTA QUITÉRIA;54;204;DISTRITO DE LISIEUX;E.E.F. DONA LIVRAMENTO ARAÚJO;DISTRITO DE LISIEUX
ITAITINGA;78;327;BARROCÃO;EEF JARDIM DE FÁTIMA;RUA ELIATAR DIÓGENES, S/N
ARACATI;8;293;CENTRO;INSTITUTO WALDEMAR FALCAO;RUA CEL POMPEU 720
FARIAS BRITO;62;232;CARIUTABA;EEF PEDRO FERNANDES DE ALCANTARA;RUA ANTONIA DALICE DE OLIVEIRA, S/N  -  CARIUTABA
FORTALEZA;112;358;ENGENHEIRO LUCIANO CAVALCANTE;COLEGIO GLOBOMAX;RUA GENERAL CAIADO DE CASTRO, 156
FORTALEZA;115;178;PARANGABA;EM PROF. JOSE VALDIVINO DE CARVALHO;RUA GUARA, S/N
IRAUÇUBA;41;9;CENTRO-SEDE;ESCOLA DE ENSINO FUNDAMENTAL PAULO BASTOS;AV JORGE DOMINGUES 1641
SOBRAL;24;382;APRAZÍVEL;ANEXO MANOEL MACHADO PORTELA (PAU D'ARCO);LOCALIDADE PAU D'ARCO, S/N
SOBRAL;24;483;JUNCO;EEFI JOSE DA MATA E SILVA;AV DR JOSE ARIMATEA MONTE E SILVA, 574
IRAUÇUBA;41;4;CENTRO-SEDE;ESCOLA DE ENSINO FUNDAMENTAL PAULO BASTOS;AV JORGE DOMINGUES 1641
FORTALEZA;95;270;BARROSO;EM SINÓ PINHEIRO;RUA 14, 151 (CJ JOAO PAULO II)
MARANGUAPE;4;82;LAGOA DO JUVENAL;EMEF JOSÉ DE SOUSA ALBUQUERQUE;AVENIDA NOSSA SENHORA DO CARMO, 525
PACATUBA;57;204;CONJUNTO JEREISSATI II;ESCOLA DE 1 GRAU DESEMBARGADOR RAIMUNDO DE CARVALHO;AV. XV SETOR F
ITAITINGA;78;335;GERERAÚ;EEMTI RAUL TAVARES CAVALCANTE;AV. PAULINO ROCHA, 3238
ICÓ;15;187;TRES BODEGAS - POVOADO;ESCOLA MUNICIPAL ANTONIO FERREIRA DE CARVALHO;RUA DIOMEDES ARRUDA TORRES, 111
FORTALEZA;115;343;PARANGABA;EEEP JOAQUIM MOREIRA DE SOUSA;RUA CAIO PRADO 02
CRATO;27;336;PARQUE GRANGEIRO;EEIEF MARIA PIA BRÍGIDO E SILVA;RUA MARCOS MATHIAS S/N
PACATUBA;57;340;VILA DAS FLORES;C.E.I. MARIA JOSE NOBRE;RUA 20, S/N
GUAIÚBA;57;62;ITACIMA;EEBM FRANCISCO PEREIRA DE ANDRADE;RUA LUIS PEREIRA DE ANDRADE, S/N
FORTALEZA;80;324;DIONISIO TORRES;COLÉGIO SANTO INACIO;AVENIDA DESEMBARGADOR MOREIRA 2355
SOBRAL;121;178;CENTRO;COLEGIO SANT'ANA;AVENIDA DOM JOSE, 1310
BOA VIAGEM;63;222;BOAVIAGINHA;CEI - MARCOS JOSE CAVALCANTE SAMPAIO - ANTIGA CRECHE BOAVIAGINHA;RUA ANA CUNHA RAMOS, S/N
CRUZ;30;198;ZONA RURAL;ESCOLA RAIMUNDO LUIZ DA SILVEIRA;CÓRREGO DA POEIRA
RERIUTABA;79;33;CENTRO;E.E.F. RAIMUNDO MESQUITA;RUA CEL. AGRÍPIO TEODORO SOARES, 171
NOVA RUSSAS;48;64;PATRONATO;E.M.E.F. FRANCISCA DAS GRAÇAS T MESQUITA(ANTIGA EEFM MONSENHOR LEITÃO);RUA HERMENEGILDO MARTINS, 667
JAGUARIBE;10;37;CRUZEIRO;ESCOLA DE ENSINO FUNDAMENTAL E MEDIO CORNELIO DIOGENES;BR 116 KM 300
SÃO LUÍS DO CURU;23;324;SALGADO-SEDE;E.E.F. ANTONIO HONORATO;RUA JOSE INACIO NOGUEIRA SN
PACATUBA;57;71;PAVUNA;CENTRO DE EDUCACAO RURAL CLOVIS DE CASTRO PEREIRA;RUA CLOVIS DE CASTRO PEREIRA 235
MONSENHOR TABOSA;61;134;CENTRO;ESCOLA INDÍGENA DE MONSENHOR TABOSA;RUA SANTO ANTONIO 124
SOLONÓPOLE;55;133;CENTRO;ESCOLA DE 1 GRAU ANIBAL RODRIGUES PINHEIRO;ALTO VISTOSO S/N
QUITERIANÓPOLIS;99;124;ZONA RURAL;EEIF MANOEL VIEIRA DE CARVALHO;SAO JERONIMO
FORTALEZA;2;91;MESSEJANA;CLUBE DA CAIXA;AVENIDA FREI CIRILO 4700
FORTALEZA;85;388;CONJUNTO CEARÁ I;EEFM MARIA ANTONIETA NUNES - UV 9;RUA 916 SN 4 ETAPA
ARACATI;8;16;CENTRO;INSTITUTO WALDEMAR FALCAO;RUA CEL POMPEU 720
GRANJA;25;165;ADRIANOPOLES;E.E.F. GUILHERME TELES GOUVEIA (ANTIGA NIEDJA ARRUDA);RUA VICENTE FERREIRA, S/N
FORTALEZA;118;582;DIAS MACEDO;EEFM ANTÔNIO DIAS MACEDO;AV PEDRO DANTAS 340
BEBERIBE;84;63;SUCATINGA;ESCOLA MUNICIPAL MANOEL FERREIRA DA FONSECA;PIQUIRI I
JUAZEIRO DO NORTE;119;139;NOVO JUAZEIRO;ESCOLA TARCILA CRUZ ALENCAR;CASTELO BRANCO 4451
MARACANAÚ;104;290;JEREISSATI II;EMEIEF GENCIANO GUERREIRO DE BRITO;AVENIDA XII, N 3
FORTALEZA;112;515;PARQUE MANIBURA;COLÉGIO ÁGAPE;AV HERMINIO DE CASTRO, 140
JUAZEIRO DO NORTE;28;13;SAO MIGUEL;UNINASSAU CAMPUS SÃO MIGUEL;RUA SÃO FRANCISCO, 1224
MONSENHOR TABOSA;61;150;CENTRO;E.M.E.F.T.I LUIZ LEITAO;AVENIDA PESSOA PIRES  2
MAURITI;76;31;CENTRO;EEM ANDRÉ CARTAXO;RUA CHAGAS SAMPAIO, S/N
MAURITI;76;126;PALESTINA DO CARIRI-DISTRITO;EEF ANTONIO LEITE;SITIO GOMES
IPAPORANGA;20;281;LAGOA DO BARRO;ESCOLA DE ENSINO FUNDAMENTAL JOSE DOMINGOS DE MORAES;LAGOA DO BARRO
TRAIRI;97;101;PADRE ANCHIETA;EEF JOSE DE ANCHIETA;PADRE ANCHIETA
ACARAPE;52;20;CANTAGALO;ESCOLA ANACLETO CARLOS CAVALCANTE;CANTAGALO
TRAIRI;97;172;ZEAIRES;EEF JOSE SIMIAO;ZEAIRES
TABULEIRO DO NORTE;91;38;OLHO D'ÁGUA DA BICA;ESCOLA ERUNDINA NUNES MALVEIRA;OLHO D'ÁGUA DA BICA 
FORTALEZA;113;20;BENFICA;IFCE - INST FEDERAL DE CIÊNCIA E TECNOLOGIA (CEFET);AV. 13 DE MAIO, 2081
PARAMOTI;111;159;ZONA RURAL;ESCOLA MUNICIPAL JUSTINO GOMES;LOCALIDADE ÁGUA BOA
AMONTADA;89;194;LAGOA GRANDE;EEBTI RAIMUNDO JOSE MAGALHÃES;ARENGAS II
CARNAUBAL;22;9;CENTRO;EEI HUMBERTO CASTELO BRANCO;R JACO FELICIO S/N
MARACANAÚ;122;53;PIRATININGA;EMEF JOSÉ MARIA BARROS PINHO;RUA NOVO ORIENTE S/N
FORTALEZA;115;446;MANOEL SÁTIRO;EM MARIA VIVIANE BENEVIDES GOUVEIA;RUA CREUZA ROQUE 247
FORTALEZA;82;72;ÁLVARO WEYNE;COLÉGIO MANUEL DA SILVA (CARLITO PAMPLONA);RUA ASSIS BEZERRA, 25
IBARETAMA;6;277;ÁREA RURAL DE IBARETAMA;UBS JOAQUIM DA ROCHA LIMA;SERROTE BRANCO
FORTALEZA;82;676;ÁLVARO WEYNE;EM ALDEÍDES RÉGIS;RUA IRINEU DE SOUSA, 176
TRAIRI;97;181;lagoa do bacumixa;EEF ROGACIANO LEITE;LAGOA DO BACUMIXA
QUIXELÔ;13;204;ANTONICO-DISTRITO;ESCOLA DE ENS FUND JOAO VICENTE ALVES;ANTONICO-DISTRITO
CRUZ;30;360;ZONA RURAL;ESCOLA VALDEMAR DE PAULO RIBEIRO;CANAFISTULA
PENAFORTE;70;356;GENTIL-SEDE;UNIDADE BÁSICA DE SAÚDE - PSF 2;SITIO GENTIL
CAUCAIA;37;512;TABAPUÁ;E.E.I.E.F. AFFONSO DE MEDEIROS;RUA 05, S/N
CARNAUBAL;22;236;SITIO SAO LUIS;ESCOLA DE PRIMEIRO GRAU PEDRO ANTONIO DE MELO;SITIO SAO LUIS
ITAPAJÉ;41;210;FERROS-SEDE;ESCOLA MUNICIPALPADRE MANOEL LIMA E SILVA;CONJUNTO PEDRO ROCHA SN
JUCÁS;43;53;VILA JOSÉ BENTO - SEDE;ESCOLA DE ENSINO FUNDAMENTAL  AUREA LEAL;VILA JOSE BENTO 170
SANTA QUITÉRIA;54;148;BOA VIDA;COLÉGIO DOM BOSCO;RUA OTÁVIO TERCEIRO DE FARIAS, 245
FORTALEZA;95;143;JANGURUSSU;EMTI PROFESSOR ANTONIO GIRAO BARROSO;RUA VERDE 37, S/N (CJ SITIO SAO JOAO)
ITAPAJÉ;41;52;CENTRO-SEDE;CENTRO INTERESCOLAR JOÃO TEIXEIRA SARAIVA;RUA JOSE PINTO CAVALCANTE 273
FORTALEZA;112;572;SABIAGUABA;EM PROF. MANUEL EDUARDO PINHEIRO CAMPOS;RUA MIRIÚ, 500
PINDORETAMA;7;293;CAPIM DE ROÇA;EMEB JOAQUIM NUNES VIEIRA;RUA JOAQUIM NUNES VIEIRA, 445
JIJOCA DE JERICOACOARA;30;373;ZONA RURAL;ESCOLA FRANCISCO RAIMUNDO DUTRA;CORREGO DO URUBU
JAGUARUANA;75;129;ALTO DA CAATINGUINHA;EEEP FRANCISCA ROCHA SILVA;RUA JOAO CELEDONIO SOBRINHO
SANTANA DO ACARAÚ;44;193;ZONA RURAL;ASSOCIAÇÃO COMUNITÁRIA DOS MORADORES DE CHOCALHO E DE CHINELO;LOCALIDADE CHINELO
AMONTADA;89;226;GARÇAS;EEB ROSA RODRIGUES DOS SANTOS SANTANA;LAGOA DE SANTANA
CAUCAIA;37;594;GUAGIRU;E.E.F. ALBA PESSOA DA SILVA;RUA SAO MIGUEL, 105
MONSENHOR TABOSA;61;171;JUCÁS;CENTRO CULTURAL INDÍGENA;RUA ARTEMÍSIO GOMES S/N
REDENÇÃO;52;108;CENTRO (SEDE);CENTRO EDUCACIONAL PERBOYRE E SILVA;RUA MARECHAL DEODORO, N. 399
FORTALEZA;118;350;PARQUE DOIS IRMÃOS;CEI FRANCISCA RODRIGUES DE SOUSA;RUA MAJOR TELÉSFORO S/N
IPAPORANGA;20;274;ÁGUA BRANCA;ESCOLA DE ENSINO FUNDAMENTAL SANTA RITA DE CASSIA;AGUA BRANCA
PACAJUS;49;358;CUMARU;EEF AURILO BEZERRA PEREIRA;RUA CÔNEGO EDUARDO ARARIPE S/N
QUITERIANÓPOLIS;99;133;ZONA RURAL;UBS FRANCISCO PEREIRA CAVALCANTE;SANTA ROSA II
ORÓS;15;259;CENTRO - SEDE;E. E. F. MIGUEL NUNES DA COSTA;RUA ANTONIO CUSTODIO SOBRINHO, S/N
PACAJUS;49;5;CRUZ DAS ALMAS;EEEP JOSE MARIA FALCAO - LICEU DE PACAJUS;RUA RAIMUNDO CORREIA LIMA, S/N
PACOTI;5;201;ROLADOR;EMEF SANTO ANTONIO (ROLADOR);SITIO ROLADOR
AQUIRAZ;66;296;CENTRO;EMEF LAIS SIDRIM TARGINO;PRAÇA PADRE MATIAS  N 55
BELA CRUZ;96;195;ARATICUNS-LOCALIDADE;EEIEF SAO JOAO BOSCO;ARATICUNS
IBARETAMA;6;192;DISTRITO DE OITICICA;EMEIF FRANCISCO JOSE DE FREITAS;DISTRITO DE OITICICA
IBARETAMA;6;197;CENTRO;EMEIF RAIMUNDA EMÍLIA DE LIMA;ESTRADA DO ALGODAO - DISTRITO SEDE
PENTECOSTE;50;52;CENTRO;CENTRO EDUCACIONAL JOÃO XXIII;AVENIDA TABELIÃO FRANCISCO ALVES, 344
SOBRAL;121;94;COHAB II;EEFI PAULO ARAGAO;RUA CAETANO FIGUEIREDO 100 COHAB II
EUSÉBIO;88;250;URUCUNEMA;EEF JOSEFA SA;RUA BEIRA RIO, 400 - MOSQUITO
FORTALEZA;3;629;ALDEOTA;COLÉGIO BATISTA - SANTOS DUMONT;RUA DESEMBARGADOR LEITE ALBUQUERQUE, 1056
FORTALEZA;117;442;PARQUE PRESIDENTE VARGAS;EM JOSE MARIA MOREIRA CAMPOS;RUA FRANCISCO ALMEIDA, 525 CJ. APOLO XI
QUIXERAMOBIM;11;130;NENELANDIA;ESCOLA MANOEL LEOCADIO RABELO;COQUE
FORTALEZA;82;607;PIRAMBU;CENTRO DE EDUCAÇÃO INFANTIL (CEI) MARIA DALVA DOS SANTOS;RUA COSTA MATOS, S/N
CAUCAIA;37;32;ITAMBE;E.E.F. FLAVIO PORTELA MARCILIO;RUA 05, 23 - CONJ. VICENTE ARRUDA
MERUOCA;24;592;São Francisco;EEIF - SIMAO BARBOSA;DISTRITO SAO FRANCISCO
SOBRAL;121;19;CENTRO;ESCOLA DINORAH TOMAZ RAMOS;RUA PINTOR LEMOS, 01
FORTALEZA;85;338;GENIBAÚ;ESCOLA MUNICIPAL DEP JOAO FREDERICO FERREIRA GOMES;RUA JOSE MENDONCA 1160
FORTALEZA;85;370;CONJUNTO CEARÁ I;EEM LICEU DO CONJUNTO CEARA;RUA 1139 A, 10 4 ETAPA
FORTALEZA;113;213;RODOLFO TEÓFILO;COLÉGIO DEOCLÉCIO FERRO;RUA MINERVINO DE CASTRO, 987
TAMBORIL;61;96;ZONA RURAL;EMTI  DOM ANTONIO BATISTA FRAGOSO;ASSENTAMENTO FLORESTA
SABOEIRO;43;228;DISTRITO FLAMENGO;E.E.F. MARIA LINDA DA GLÓRIA;DISTRITO FLAMENGO
PACATUBA;57;208;CONJUNTO JEREISSATI II;EEIEF JOSE BATISTA DE OLIVEIRA;AV XXIII, S/N
BOA VIAGEM;63;231;VILA HOLANDA - SEDE;EEF DELFINA VIEIRA DA SILVA;RUA JOAO ABREU DE LIMA - 220
TRAIRI;97;46;TAMANDUA;EEF NOSSA SENHORA DE FÁTIMA TAMANDUA;TAMANDUA
QUIXADÁ;6;273;CAMPO NOVO;EEM ABRAÃO BAQUIT;RUA REGINALDO LOPES, S/N
ARARIPE;68;34;SITIO ARRUDA;EEIF SANTA VERÔNICA - SÍTIO ARRUDA;SITIO ARRUDA
FORTALEZA;94;687;QUINTINO CUNHA;CEI SÃO CARLOS;RUA DOS PESCADORES,188
JUAZEIRO DO NORTE;28;477;TRES MARIAS;EMEF PROFA MARIA DE LOURDES LOPES DE SOUSA;AV. DO AGRICULTOR
ACARAÚ;30;446;ZONA RURAL;ESCOLA JOAO RIBEIRO RAMOS;VILA PROGRESSO
OCARA;67;199;SERENO DE CIMA-DISTRITO;ESCOLA MUNICIPAL JOSE PEREIRA DE SOUSA - ENSINO FUNDAMENTAL;ESTRADA DO ALGODAO - PLACA JOSE PEREIRA
IRAUÇUBA;41;15;CENTRO-SEDE;CENTRO EDUCACIONAL PROFESSOR ANTONIO BARBOSA BRAGA;LUCAS BATISTA DA MOTA 135
MORADA NOVA;47;138;ROLDAO;EEB JOAQUIM CHAGAS FILHO;TRAV. LUIS VIEIRA, S/N
MORADA NOVA;47;48;CENTRO;CEBCJEC -CENTRO DE EDUCAÇÃO BÁSICA CORONEL JOSÉ EPIFÂNIO DAS CHAGAS;AV MANOEL CASTRO, 600
QUIXERAMOBIM;11;129;BELEM;ESCOLA SEBASTIAO PAULO DA SILVA;PONTAL ALEGRE
RUSSAS;9;205;RETIRO;ESCOLA MUNICIPAL PADRE PEDRO DE ALCANTARA ARAUJO;RETIRO
OCARA;67;252;SERENO DE CIMA-DISTRITO;ESCOLA MUNICIPAL RAIMUNDO FACO - ENSINO FUNDAMENTAL;ESTRADA DO ALGODAO KM 31 - CORREGO DO FACO
PACOTI;5;175;CENTRO-SEDE;INSTITUTO MARIA IMACULADA;RUA IRMA FERRAZ 518
TURURU;17;658;AGUA PRETA / ZONA RURAL;EMEF MANUEL BERTOLDO DA COSTA;LOCALIDADE AGUA PRETA
PACOTI;5;213;CAITITU-SITIO;PSF CAITITU DE BAIXO (CAITITU);SITIO CAITITU DE BAIXO
PINDORETAMA;7;136;SITIO EMA - PINDORETAMA;EMEB CAMILO JOSÉ ANCELMO;RODOVIA CE 040 KM 36 - PINDORETAMA
EUSÉBIO;88;193;GUARIBAS;EEMF ADELINO BEZERRA;AV ACILON GONÇALVES PINTO, S/N - GUARIBAS
MERUOCA;24;593;São Francisco;EEIF - SIMAO BARBOSA;DISTRITO SAO FRANCISCO
TIANGUÁ;81;43;SEMINÁRIO;FACULDADE VIA SAPIENS;AVENIDA PREFEITO JACQUES NUNES, 1739
MARANGUAPE;4;134;JUBAIA;EMEIEF MANOEL DOMINGOS FILHO;RUA CORONEL MANOEL DOMINGOS FILHO, S/N
TIANGUÁ;81;219;RÉGIS DINIZ;E.E.I.F. MONSENHOR AGESILAU DE AGUIAR;AVENIDA ZEFERINO FERREIRA, S/N
UBAJARA;73;98;MONTE CASTELO;ESCOLA WALDEMAR ALCANTARA;RUA RITA BELARMINO PEREIRA, 556
IBIAPINA;73;48;CENTRO;ESCOLA MONSENHOR MELO (ESTADUAL);AV PEDRO FERREIRA DE ASSIS 284
CANINDÉ;33;34;BELA VISTA;EMEF PREFEITO JOSE IVAN MAGALHAES;CONJUNTO HABITACIONAL MILTON MONTEIRO
MORAÚJO;64;129;CENTRO;MORAÚJO - INSTITUTO EDUCAÇÃO PROFª EUDÁLIA MOREIRA;RUA RAIMUNDA GOMES, 297
CAUCAIA;37;477;ITAMBE;E.E.F. FLAVIO PORTELA MARCILIO;RUA 05, 23 - CONJ. VICENTE ARRUDA
BELA CRUZ;96;79;CORREGO GRANDE-SEDE;EMETI FRANCISCO ADEODATO MORAIS;RUA DEPUTADO MANOEL RODRIGUES, S/N
FORTALEZA;85;232;CONJUNTO CEARÁ I;EEM LICEU DO CONJUNTO CEARA;RUA 1139 A, 10 4 ETAPA
ACARAÚ;30;49;ZONA RURAL;ESCOLA RAIMUNDA DOMINGUES DE OLIVEIRA;ESPRAIADO
MONSENHOR TABOSA;61;161;SANTANA;ESCOLA DE ENSINO MÉDIO PROFISSIONAL DO CAMPO FLORESTAN FERNANDES;POVOADO DE SANTANA
FORTALEZA;115;29;JARDIM CEARENSE;ESCOLA MARISTA SAGRADO CORAÇÃO;RUA VIDAL DE NEGREIROS, 550
FORTALEZA;93;194;PLANALTO AYRTON SENNA;EM ADALBERTO STUDART FILHO;RUA DO CAMPO, 25
BELA CRUZ;96;32;DISTRITO DA PRATA;EMEF MINERVINO JOSE DE VASCONCELOS;DISTRITO DA PRATA
BELA CRUZ;96;31;SAO GONCALO-LOCALIDADE;EEMTI PROFESSORA THEOLINA DE MURYLLO ZACAS;LOCALIDADE SÃO GONÇALO
JUAZEIRO DO NORTE;28;140;SAO MIGUEL;CENTRO CEARENSE DE IDIOMAS - CCI;RUA QUINZE DE NOVEMBRO S.N.
OCARA;67;221;CURUPIRA-DISTRITO;ESCOLA MUNICIPAL DE OITENTA - ENSINO FUNDAMENTAL;OITENTA
FORTALEZA;80;289;VILA UNIÃO;ESCOLA MUNICIPAL PAPA JOÃO XXIII;AV TREZE DE ABRIL, 545
CANINDÉ;33;413;ZONA RURAL;EEF DOM FRAGOSO;SERROTE BRANCO
INDEPENDÊNCIA;39;22;JANDRANGOEIRA;EEF SANTA ISABEL;POVOADO JANDRANGOEIRA
TRAIRI;97;66;PADRE ANCHIETA;EEF JOSE DE ANCHIETA;PADRE ANCHIETA
MONSENHOR TABOSA;61;145;CENTRO;E.M.E.F.T.I LUIZ LEITAO;AVENIDA PESSOA PIRES  2
JAGUARUANA;75;98;FIGUEIREDO DO EPIFANIO;E.E.F. JOAQUIM VENANCIO;FIGUEIREDO
ANTONINA DO NORTE;18;1;CENTRO;CRECHE RAIMUNDA ALVES DE SOUZA;RUA VIRGILIO TAVORA, 115
JUAZEIRO DO NORTE;119;456;CAMPO ALEGRE;ESCOLA PROFESSORA ODETE OLIVEIRA MONTEIRO;AVENIDA MARIA LETICIA LEITE PEREIRA, SN
INDEPENDÊNCIA;39;229;ARAÚJO;EEF DIOGO CAVALHEDO;FAZENDA ARAUJO
MISSÃO VELHA;16;68;SITIO AROEIRAS;EEF IRMA LUIZA MARIA;SITIO AROEIRAS
PENTECOSTE;50;77;ZONA RURAL;EMTI PREFEITO ANTÔNIO CARNEIRO;PROVIDÊNCIA
ORÓS;15;272;PEDREGULHO - SITIO;POSTO DE SAÚDE FRANCISCO COSMO RODRIGUES;SÍTIO PEDREGULHO
MARACANAÚ;104;269;JEREISSATI I;EMEIEF MARIA ÍSIS MENEZES ANDRADE;RUA ANTÔNIA ARAÚJO FERREIRA, S/N
ARACATI;8;294;NOSSA SENHORA DE LOURDES;EEMTI. BENI CARVALHO;RUA BENI CARVALHO 1679
CRATO;27;111;MURITI;EEIEF MELVIN JONES;RUA PEDRO GOMES DE NORÕES, 1877. SÍTIO SAQUINHO
OCARA;67;274;CENTRO-SEDE;SECRETARIA DE CULTURA, ESPORTE E JUVENTUDE (ANTIGA ESCOLA ALMIR PINTO);AV CORONEL JOAO FELIPE SN
CRATEÚS;20;214;REALEJO;ESCOLA DE CIDADANIA DE REALEJO;REALEJO
JUAZEIRO DO NORTE;119;155;JOAO CABRAL;ESCOLA IVA EMIDIO GONDIM;PIO NOROES SN
FORTALEZA;1;38;COCÓ;UNINTA - FACULDADE UNINTA FORTALEZA;RUA VILEBALDO AGUIAR,133
CAMPOS SALES;38;5;B. CENTRO;AGÊNCIA DA PREVIDÊNCIA SOCIAL -  INSS.;AVENIDA FRANCISCO ADEMAR DE ANDRADE, 967
CAMPOS SALES;38;43;DIST.  DE CARMELÓPOLIS;E.E.I.F OSSEAN ALENCAR ARARIPE - DIST. DE CARMELÓPOLIS;RUA VIRGÍLIO GOMES, 139
LIMOEIRO DO NORTE;29;165;LUIZ ALVES DE FREITAS;EEEP LÚCIA BALTAZAR COSTA;RUA GONÇALVES PEREIRA, S/N, ESTRADA DE FLORES
FORTALEZA;114;355;BARRA DO CEARÁ;EM AGOSTINHO MOREIRA E SILVA;RUA PERI, 20
SANTANA DO CARIRI;53;38;CENTRO;EMEF GENEROSA AMÉLIA DA CRUZ;RUA 11 DE JANEIRO, 389
MARANGUAPE;4;574;MANOEL GUEDES;EMEIEF FLORÊNCIO BARROSO DE ALBUQUERQUE;RATO DE BAIXO
PEDRA BRANCA;59;14;BOA ESPERANCA;EEF SOL NASCENTE;AV ARMANDO LINS, S/N
PEDRA BRANCA;59;47;SANTA CRUZ DO BANABUIU;E.E.F JOÃO MANOEL FILHO;RUA ANTONIO MACHADO, 72 - BAIRRO SANTO ANTONIO
NOVA RUSSAS;48;104;UNIVERSIDADE;COLÉGIO MUNICIPAL ONZE DE NOVEMBRO;AV. JOÃO GREGÓRIO TIMBÓ
MARACANAÚ;104;371;PAJUÇARA;COLÉGIO 7 DE SETEMBRO (PAJUÇARA);RUA BEATRIZ CALIXTO, 305
PARAIPABA;109;142;LAGOINHA;EMEF FRANCISCO HENRIQUE DE AZEVEDO;LAGOINHA
FORTALEZA;3;155;CENTRO;EM NOSSA SENHORA APARECIDA;RUA TERESA CRISTINA, 112
CAUCAIA;120;233;CONJUNTO METROPOLITANO;E.E.I.E.F. OSMAR DIÓGENES PINHEIRO;RUA EDMUNDO RODRIGUES, 485 - CONJUNTO METROPOLITANO
FORTALEZA;116;390;BONSUCESSO;EM FRANCISCA FERNANDES MAGALHAES (COLÉGIO CASTRO);RUA OLIVEIRA SOBRINHO, 1031
FORTALEZA;112;163;GUARARAPES;MRH GESTÃO DE PESSOAS E SERVIÇOS;RUA PROFESSOR JACINTO BOTELHO, 1600
TRAIRI;97;79;CANAA;GE PADRE RODOLFO FERREIRA DA CUNHA;CANAA
FORTALEZA;115;402;MANOEL SÁTIRO;EEFM PROFESSOR MARIO SCHENBERG;RUA AMERICO ROCHA LIMA 835
CAUCAIA;123;382;ARATURI (JUREMA);E.E.I.E.F. RITA DE CÁSSIA BRASILEIRO PONTES;AV. CENTRAL, 1112
IBARETAMA;6;217;DISTRITO DE PIRANGI;EMEIF THOMAZ DUTRA DE CASTRO;TRIUNFO - DISTRITO DE PIRANGI
FORTALEZA;112;482;SAPIRANGA-COITÉ;EM PROFª ALDACI BARBOSA;RUA OLEGARIO MEMORIA, 1257
FORTALEZA;83;31;BELA VISTA;COLEGIO CHRISTUS;AV. ENG. HUMBERTO MONTE, 1355
ACARAÚ;30;248;ZONA RURAL;ESCOLA JOAQUIM TIAGO DO NASCIMENTO;CORREGO DE ANA VERISSIMO
MORADA NOVA;47;76;ARUARU;EEB PROFESSORA JOANA PAULA DE MORAIS;AVENIDA ERNESTO GEISEL
TIANGUÁ;81;177;SANTO ANTÔNIO;E.E.F. PROFª. ESTER DE AGUIAR MENEZES;RUA CORONEL JOÃO DAMASCENO, S/N
UMIRIM;23;258;CAXITORE-DISTRITO;E.E.F. IRACILVIA NUNES DE LIMA;CAXITORE
FORTALEZA;3;581;MEIRELES;ESCOLA DE SAÚDE PÚBLICA DO CEARÁ;AV. ANTÔNIO JUSTA, 3161
QUIXERÉ;29;253;TOME;EEB PE JOSE DE ANCHIETA;CERCADO DO MEIO
FORTALEZA;114;128;BARRA DO CEARÁ;EEFM ESTADO DE ALAGOAS;AVENIDA PRESIDENTE CASTELO BRANCO, 5244
SOBRAL;24;144;JUNCO;SESI;AV. DR. JOSÉ ARIMATÉIA M SILVA, 1701
PEREIRO;10;135;CENTRO;ESCOLA DE ENSINO FUNDAMENTAL E MEDIO VIRGILIO CORREIA LIMA;RUA CORONEL ANTONIO VICENTE  274
FORTALEZA;94;370;JARDIM IRACEMA;EEFM DEP FCO DE ALMEIDA MONTE;AV. CORONEL CARVALHO 2400
CAUCAIA;123;454;PARQUE GUADALAJARA (JUREMA);COLÉGIO PLENO DO CEARÁ - CPC;RUA PADRE ALFREDO NESI, 363 (ANTIGA RUA CAMPECHE )
CAUCAIA;123;506;PARQUE POTIRA (JUREMA);COLÉGIO ESTADUAL LICEU DE CAUCAIA;RUA ARAQUÉM, 1100 - PARQUE POTIRA (JUREMA)
PIRES FERREIRA;21;140;DISTRITO;E.E.F. JOÃO PENHA DE PAIVA;CROATÁ DOS PENHAS
ITAITINGA;78;240;CENTRO;EEF VALMIQUE SAMPAIO ALBUQUERQUE;RUA JOSMO GURGEL ARAUJO, 1256
CASCAVEL;7;217;MUTIRÃO;ESC. MUNICIPAL PROFESSOR FABIO COUTINHO;RUA ZAQUEU FERREIRA DO VALE, S/N
PIRES FERREIRA;21;106;CENTRO;E.E.F. ALZIRA MARIA DE ARAUJO;RUA MARIA ANTUSA SOARES PASSOS, SN
HORIZONTE;78;105;DOURADO;EMEF MARINA FERREIRA DE ALMEIDA;RUA DONA SINHÁ, 159
MARACANAÚ;122;240;ACARACUZINHO;EMEF MANOEL RODRIGUES PINHEIRO DE MELO;AVENIDA CENTRAL, 2000
INDEPENDÊNCIA;39;193;VILA NOVA;E.E.F. SAO GERALDO;LOCALIDADE DE VILA NOVA
FORTALEZA;80;174;FÁTIMA;CENTRO EDUC. DA JUV. PE. JOÃO PIAMARTA - AGUANAMBI;AV. AGUANAMBI, 2479
ARACATI;8;263;PEDREGAL;E.E.F. PROF ANTONIO MONTEIRO;NUCLEO HABITACIONAL
UBAJARA;73;93;MONTE CASTELO;IFCE - INSTITUTO FEDERAL DE EDUCAÇÃO, CIÊNCIA E TECNOLOGIA DO CEARÁ;RUA LUIZ CUNHA, 178
CAUCAIA;123;406;NOVA METRÓPOLE (JUREMA);E.E.F.M. DOM ALOÍSIO LORSCHEIDER;AV. CONTORNO OESTE, S/N
GUARACIABA DO NORTE;74;60;DISTRITO;E.E.I.F. GUARANI II;GUARANI - VARZEA DOS ESPINHOS
GUARACIABA DO NORTE;74;16;JARDINS;ESCOLA TÉCNICA - E.E.E. PROFISSIONAL DEPUTADO JOSÉ MARIA MELO;AV. TENENTE MATIAS, S/N
FORTALEZA;94;378;VILA VELHA;EM MANOEL RODRIGUES;RUA MARIA CLARA 1237
LAVRAS DA MANGABEIRA;14;101;CENTRO - SEDE;EEMTI ALDA FERRER AUGUSTO DUTRA;RUA CORONEL JOAO AUGUSTO 454
SANTA QUITÉRIA;54;153;VILA SÃO DAMIÃO;ESCOLA MUNICIPAL FRANCISCO DE ASSIS PARENTE;VILA SÃO DAMIÃO
CASCAVEL;7;55;CAPONGA;E.E.F. FRANCISCO NOGUEIRA DOS SANTOS;ÁGUAS BELAS
JUAZEIRO DO NORTE;119;475;TIRADENTES;ESCOLA GOVERNADOR MANOEL DE CASTRO FILHO;RUA IVANIR FEITOSA SN
FORTALEZA;3;384;ALDEOTA;UNICHRISTUS ALDEOTA;RUA VISCONDE DE MAUÁ, 1940
CRATEÚS;20;204;CURRAL VELHO;ESCOLA DE CIDADANIA JOAQUIM FERREIRA BONFIM;CURRAL VELHO
FORTALEZA;118;642;PARQUE DOIS IRMÃOS;EMTI REITOR ROBERTO CLÁUDIO FROTA BEZERRA;AVENIDA 1, S/N
ORÓS;15;240;SAO JOSE - SEDE;E.E.F. ROBERTO ROLIM;TRAVESSA MARIA PINHEIRO DA COSTA S/N
FORTALEZA;85;223;CONJUNTO CEARÁ I;EEFM MARIA ANTONIETA NUNES - UV 9;RUA 916 SN 4 ETAPA
VÁRZEA ALEGRE;62;113;CANINDEZINHO;EEF MANOEL SALVADOR;SÍTIO CARNAÚBAS
FORTALEZA;80;122;ALTO DA BALANÇA;EEFM ESTADO DO PARÁ;RUA DJALMA PETIT 589
JUAZEIRO DO NORTE;119;260;SAO JOSE;ESCOLA MARIA DE LOURDES JEREISSATI;RUA CECILIA SILVA DE SOUSA
IRAUÇUBA;41;20;JUA;ESCOLA MUNICIPAL MIGUEL FERNANDES;RUA JOAQUIM PEREIRA PASSOS SN
IRAUÇUBA;41;148;CENTRO-SEDE;CENTRO EDUCACIONAL PROFESSOR ANTONIO BARBOSA BRAGA;LUCAS BATISTA DA MOTA 135
CAUCAIA;120;444;CONJUNTO METROPOLITANO;COLÉGIO 26 DE JULHO;RUA DÉBORA VIEIRA, 760
ACOPIARA;60;187;CENTRO;EEM ALFREDO NUNES DE MELO;RUA EMILIA DE LIMA PINHO, SN
CARIÚS;43;169;SAO SEBASTIAO-DISTRITO;EEIF JOAO DIAS DE MORAIS (ANTIGA JOAO LEITE CHAVES);VILA SAO SEBASTIAO
ALTO SANTO;86;14;CASTANHAO;ESCOLA DE 1 GRAU LIRA MAIA HOLANDA;RUA AGAPITO FERREIRA MAIA 1
ACARAÚ;30;203;ZONA RURAL;ESCOLA JOAO JAIME FERREIRA;MORGADO
QUIXERÉ;29;241;LAGOINHA;EEIF ZACARIAS FERREIRA DE SOUSA;RUA JOAO ZACARIAS DE BRITO SN
AQUIRAZ;66;123;CAPONGA DA BERNARDA;EMEFJUSCELINO KUBITSCHEK;AV ANTONIO LOURENÇO DA SILVA S/N
AQUIRAZ;66;310;TELHA-CAMARA;CEI ALDENORA CARDOSO PORTO;RUA JOSE AMORA MOREIRA, S/N
IGUATU;13;400;PLANALTO;ESCOLA DE ENS MEDIO AMELIA FIGUEIREDO DE LAVOR;RUA 13 DE MAIO SN
HORIZONTE;78;176;MANGUEIRAL;CEI - ADÍLIA FERREIRA LIMA;RUA ALEXANDRE JOCA, 572 - MANGUEIRAL
HORIZONTE;78;224;DOURADO;EMEF MARINA FERREIRA DE ALMEIDA;RUA DONA SINHÁ, 159
QUIXADÁ;6;465;CAMPO NOVO;EEF JOSÉ JEAN DA SILVA PEREIRA;RUA DA ESTRELA, 425
MILAGRES;26;104;FRANCISCA DO SOCORRO;EMTI PREFEITA MEIRE FRANCISCA LACERDA DE MEDEIROS;RUA PEDRO PEREIRA LIMA
BREJO SANTO;70;36;SAO FRANCISCO-SEDE;EEF PROFESSOR JOAO TELES;RUA CORONEL NICODEMOS, N. 282
FORTALEZA;114;270;BARRA DO CEARÁ;EEEP PAULO PETROLA;RUA SAUDÁRIA, S/N - GOIABEIRAS
FORTALEZA;82;634;CRISTO REDENTOR;ESCOLA MUNICIPAL SEBASTIANA ALDIGUERI;AV. DOUTOR THEBERGE, 448
FORTALEZA;115;406;MANOEL SÁTIRO;EEFM PROFESSOR MARIO SCHENBERG;RUA AMERICO ROCHA LIMA 835
UMIRIM;23;268;CENTRO;SECRETARIA DE EDUCACAO;RUA JONES NUNES SN
IGUATU;13;100;JARDIM OASIS;ESCOLA DE ENS FUND JOAO PAULINO DE ARAUJO;RUA SÍLVIO AMARO SN
CASCAVEL;7;64;ALTO LUMINOSO;E.E.E.F.M. PADRE ARIMATEIA DINIZ;RUA FOTOGRAFO JOSE HONORATO, 2911
FORTALEZA;117;431;PARQUE SÃO JOSÉ;CITS PARQUE SÃO JOSÉ - CENTRO DE INCLUSÃO TECNOLÓGICA E SOCIAL;RUA CÔNEGO DE CASTRO, 3955
PALMÁCIA;4;583;GADO DOS RODRIGUES;EEF ANTÔNIO VIEIRA;GADO DOS RODRIGUES
HORIZONTE;78;120;QUEIMADAS;EEM QUILOMBOLA ANTÔNIA RAMALHO DA SILVA;RUA MARIA JOSÉ NOGUEIRA, 2255 - QUEIMADAS
CRATEÚS;20;63;OITICICA;ESCOLA DE CIDADANIA PEDRO ALVARES CABRAL;OITICICA
PACATUBA;57;253;PAVUNA;CENTRO DE EDUCACAO RURAL CLOVIS DE CASTRO PEREIRA;RUA CLOVIS DE CASTRO PEREIRA 235
JAGUARUANA;75;101;JUAZEIRO;E.E.F. PROFESSORA MOACINIRA MARIA MELO MOTA;RUA GERARDO PEREIRA DE MELO, 1216
FORTALEZA;118;561;MONDUBIM;COLÉGIO CONECTIVO;RUA GENERAL ONOFRE, 445
FORTALEZA;3;154;CENTRO;EM NOSSA SENHORA APARECIDA;RUA TERESA CRISTINA, 112
FORTALEZA;1;586;PRAIA DO FUTURO II;ESCOLA MUNICIPAL DOM ALOISIO LORSCHEIDER;RUA JULIO SILVA, 450
ARACOIABA;67;126;BOLANDEIRA-SEDE;ESCOLA MUNICIPAL OSVINO DE FREITAS PEREIRA;CE 060
ITAPIPOCA;17;68;DESERTO;EEB ALFREDO AFONSO CUNHA;MULATAO
FORTALEZA;1;717;VICENTE PINZON;CIES AIDA SANTOS;AVENIDA TRAJANO DE MEDEIROS  813
GRAÇA;79;246;CENTRO-SEDE;COLEGIO RAIMUNDO DA CUNHA BRITO;BAIRRO SANTA LUZIA
JAGUARETAMA;72;7;CENTRO;EMEF 29 DE AGOSTO - PROFª MARIA ELIELZA PINHEIRO GUERRA;RUA TRISTAO GONCALVES 380
SOBRAL;24;621;JORDÃO;ANEXO JOSE DE LOURDES VASCONCELOS (CONTENDAS);LOCALIDADE CONTENDAS
ITAPIPOCA;17;497;CACIMBAS;CENTRO EDUCACIONAL MARIA MAGALHAES VIANA AZEVEDO;RUA MOESIO LOIOLA S/N
TIANGUÁ;81;208;GERALDO SARAIVA;E.E.F. MONS. TIBÚRCIO GONÇALVES DE PAULA;RUA PRESBITERO HOMERO PORTELA MOITA, S/N,
HORIZONTE;78;407;DIADEMA;EMEF PROFESSORA DIONE MARIA BEZERRA PESSOA;RUA FRANCISCO ONOFRE DE ASSIS, 365, DIADEMA
FORTALEZA;3;32;CENTRO;SESC FORTALEZA;RUA CLARINDO DE QUEIROZ, 1740
FORTALEZA;116;439;BONSUCESSO;CEI XV DE OUTUBRO;RUA MENINO JESUS DE PRAGA, 192
ITAITINGA;78;234;CENTRO;EEF VALMIQUE SAMPAIO ALBUQUERQUE;RUA JOSMO GURGEL ARAUJO, 1256
FORTALEZA;114;42;BARRA DO CEARÁ;EM CASIMIRO JOSÉ LIMA FILHO;AVENIDA FRANCISCO SÁ 6449
CAMPOS SALES;38;7;B. CENTRO;AGÊNCIA DA PREVIDÊNCIA SOCIAL -  INSS.;AVENIDA FRANCISCO ADEMAR DE ANDRADE, 967
PACATUBA;57;64;MONGUBA;EEIEF MAJOR MANOEL ASSIS NEPOMUCENO;MONGUBA
FORTALEZA;1;930;VARJOTA;COLEGIO FARIAS BRITO - PRÉ UNIVERSITARIO - JULIO ABREU;AVENIDA JULIO ABREU, 284
CARIRÉ;65;97;CAMPO DE AVIAÇÃO;ESCOLA EIEF MARIA JOSE RODRIGUES PONTE;RUA FRANCISCO ARAUJO CHAVES SN
FRECHEIRINHA;81;235;CENTRO;ESCOLA CARLOS MACHADO PORTELA;RUA TENENTE EUFRASIO  SN
FORTALEZA;2;666;LAGOA REDONDA;EM PROFª FERNANDA MARIA DE ALENCAR COLARES;AV PROF. ARTHUR DE CARVALHO, 1540
IBICUITINGA;47;259;CENTRO;CRAS- CENTRO DE REFERENCIA DA AÇÃO SOCIAL;RUA JOAO DUARTE 2212
FORTALEZA;95;285;BARROSO;EM PROFESSORA MARIA ANTONÉZIA MEIRELES E SÁ;RUA CORONEL VIRGÍLIO TÁVORA, 1340
NOVA RUSSAS;48;11;CENTRO;EEMTI OLEGARIO ABREU MEMORIA;RUA CEL. ANTONIO RODRIGUES VERAS 1018
PALHANO;9;180;CENTRO;ESCOLA DE ENSINO MEDIO JOSE FRANCISCO DE MOURA;AVENIDA POSSIDONIO BARRETO 459
QUITERIANÓPOLIS;99;76;ZONA RURAL;EEIF JOÃO FRANCISCO DA SILVA;SITIO
HIDROLÂNDIA;54;24;DISTRITO DE IRAJÁ;E.M.E.F. CERU DR. AQUILES PERES MOTA;RUA JOÃO BATISTA VIANA S/N.
MARACANAÚ;122;174;SIQUEIRA (siqueira 2);EMEF VALDENIA ACELINO DA SILVA;RUA IRINEU MACHADO, 1250
MARACANAÚ;104;221;CENTRO;SECRETARIA DE EDUCACAO;RUA CAPITAO VALDEMAR DE LIMA, 202
TABULEIRO DO NORTE;91;102;CENTRO;ESCOLA DE 1 E 2 GRAUS FRANCISCO MOREIRA FILHO;RUA MANOEL FRANKLIN, 5033
SOBRAL;24;248;RAFAEL ARRUDA;EEM AGOSTINHO NERES PORTELA;RUA MARIA ARAÚJO DAMASCENO, S/N
BARBALHA;31;144;VILA SANTO ANTONIO;EEMTI VIRGILIO TAVORA;AV PAULO MAURICIO, 326
AQUIRAZ;66;169;CAMARA;ESCOLA FCO NAILTON CAVALCANTE DE LIMA(MANOEL SENHOR DE MELO FILHO);LOTEAMENTO LEQUICE
ACOPIARA;60;48;VILA MOREIRAS I;EEF JOAO MOREIRA DE BARROS;RUA 21 DE ABRIL, SN
CAUCAIA;120;183;BOM PRINCIPIO;E.E.I.E.F. CRISTIANO NUNES DE MELO;ROD. BR 020, KM 32, S/N - FEIJÃO
FORTALEZA;3;478;ALDEOTA;COLÉGIO CHRISTUS (AV. BARÃO DE STUDART);RUA JOÃO CARVALHO, 630
CRATEÚS;20;205;CENTRO;COLEGIO ESTADUAL REGINA PACIS;RUA FRANCISCO SA 106
CAUCAIA;123;475;ARATURI (JUREMA);E.E.F.M. PRESIDENTE JOSÉ SARNEY;AV. CENTRAL OESTE, 262
AURORA;69;65;MOCOS-SITIO;POSTO DE SAÚDE (MOCÓ);SITIO MOCÓ
FORTALEZA;3;605;ALDEOTA;COLÉGIO SANTA CECÍLIA;AV. SENADOR VIRGÍLIO TÁVORA, 2000
ITAPIPOCA;17;46;CENTRO;PATRONATO NOSSA SENHORA DAS MERCES;AV. DUQUE DE CAXIAS 1181
ITAREMA;98;214;LAGOA SECA;EEEP PROFESSORA ROSÂNGELA ALBUQUERQUE DE COUTO;RUA DAS INDUSTRIAS, SN
MILHÃ;55;112;VILA BOM ACERTO;ESCOLA DE ENSINO BASICO JOSE ENEIAS PINHEIRO;RUA JOSÉ ENEIAS PINHEIRO
IGUATU;13;63;AREIAS I;ESCOLA DE ENS MÉDIO ADAUTO BEZERRA;RUA DEOCLECIO LIMA VERDE SN
FORTALEZA;115;452;MANOEL SÁTIRO;EM HENRIQUETA GALENO;RUA MAJOR MONTENEGRO 917
VÁRZEA ALEGRE;62;92;ZEZINHO COSTA;ESCOLA ESPECIALIZADA ELIZA GOMES CORREIA - APAE;RUA JOAO ALVES DE MENEZES 390
MUCAMBO;79;228;CARQUEIJO;ESCOLA JOAO SILVERIO DE AZEVEDO;DISTRITO DE CARQUEIJO
MORADA NOVA;47;84;BOA AGUA;EEB MARIA RABELO MARTINS;RUA JULIO MARTINS DA COSTA, 24 - BOA ÁGUA
CAMOCIM;32;150;OLINDA;EEF EDUARDO NORMANDIA DE ALBUQUERQUE - BAIRRO NOVA OLINDA;NOVA OLINDA II, 367
CAUCAIA;37;499;BARRA NOVA;EEIEF CÉSAR NILDO GONDIM PAMPLONA;ÁREA VERDE II , S/N
FORTALEZA;117;269;BOM JARDIM;ESCOLA MUNICIPAL CATARINA LIMA DA SILVA;RUA PEDRO MARTINS, 313
FORTALEZA;114;22;BARRA DO CEARÁ;SENAI - CENTRO DE FORMAÇÃO PROFISSIONAL;AVENIDA FRANCISCO SÁ 7221
FARIAS BRITO;62;183;SEDE;EEFM GABRIEL BEZERRA DE MORAIS;RUA LIROMÁ FERNANDES DE OLIVEIRA, 266
FORTALEZA;83;460;JÓQUEI CLUBE;ESCOLA MUNICIPAL PRESIDENTE KENNEDY;AV. LINEU MACHADO 811
CARIDADE;111;116;CENTRO;EEF CARMOZINA BITTENCOURT;AVENIDA CORONEL FRANCISCO LINHARES
BARREIRA;52;185;CENTRO;ESCOLA FRANCISCA AMÉLIA DA SILVA;AV MÃE SINFOROSA, SN
MISSÃO VELHA;16;86;ZONA RURAL;UBS CACHOEIRA ( ANTIGA CRECHE LETÍCIA RIBEIRO);SITIO CACHOEIRA
CAMPOS SALES;38;96;B. CENTRO;E.E.E.M.T.I.- PRESIDENTE MÉDICI - (GRUPÃO);AV. FRANCISCO ADEMAR DE ANDRADE,1210
HIDROLÂNDIA;54;184;POVOADO RIACHO VERDE;ESCOLA MUNICIPAL ANTONIO DANIEL MARTINS;POVOADO DE RIACHO VERDE
FORTALEZA;1;877;CIDADE 2000;ESCOLA MUNICIPAL ODNILRA CRUZ MOREIRA;AVENIDA DAS ADENANTERAS 800
SÃO GONÇALO DO AMARANTE;36;138;VARZEA REDONDA;ESCOLA DE ENSINO FUNDAMENTAL JOAQUIM PACHECO MENEZES;VARZEA REDONDA
AQUIRAZ;66;182;PORTO DAS DUNAS;EMEF MARIA FACANHA DE SÁ;RUA VIA COLETORA - LITORANEA II  N 2435
MORADA NOVA;47;197;CENTRO;CAMARA MUNICIPAL DE MORADA NOVA;AV. MANOEL CASTRO, 764
BELA CRUZ;96;12;CENTRO-SEDE;EEEP JULIO FRANÇA;RUA CEL. DUCA, 1051
MONSENHOR TABOSA;61;110;CENTRO;E.E.M.T.I GOVERNADOR ADAUTO BEZERRA;RUA SAO SEBASTIÃO N 39 - PERTO DA CADEIA PÚBLICA
JUAZEIRO DO NORTE;28;48;SALESIANOS;COLEGIO SALESIANO SÃO JOÃO BOSCO;PADRE CICERO 1492
JUAZEIRO DO NORTE;28;103;PIO XII;EEF JOSÉ MARROCOS;AV. JOSÉ BEZERRA, SN
ABAIARA;26;115;DISTRITO SÃO JOSÉ;ESCOLA CORONEL HUMBERTO BEZERRA;AV JULIO SAMPAIO S/N
JAGUARUANA;75;106;CENTRO;E.E.M. FRANCISCO JAGUARIBE (2 GRAU);RUA CEL RAIMUNDO FRANCISCO, 1135
NOVA RUSSAS;48;12;PATRONATO;E.M.E.F. FRANCISCA DAS GRAÇAS T MESQUITA(ANTIGA EEFM MONSENHOR LEITÃO);RUA HERMENEGILDO MARTINS, 667
CRATO;27;123;LAMEIRO;EEIEF ROTARY;AV. JOSÉ HORÁCIO PEQUENO, 1851
BARBALHA;31;83;ALTO DA ALEGRIA;CEI MARTINHO TAVARES TELES (ALTO DA ALEGRIA);RUA ADERSON SABINO, S/N (7.31060 S,39.29377 W)
TARRAFAS;18;124;ZONA RURAL;ESCOLA MUNICIPAL RIACHO VERDE;SITIO RIACHO VERDE  -   ZONA RURAL
FORTALEZA;80;229;TAUAPE;EMEIF PROFª ANTONIETA CALS;RUA MONSENHOR SALAZAR 1480
BARBALHA;31;149;SÍTIO VENHA VER;EMEIF RAIMUNDO SEBASTIÃO SAMPAIO (SÍTIO VENHA VER);VILA SÃO FRANCISCO, S/N (POR TRÁS DO CONDOMÍNIO TERRA DOS KARIRIS)
FORTALEZA;85;325;CONJUNTO CEARÁ I;EEFM DR UBIRAJARA INDIO DO CEARA - UV-7A;RUA SETECENTOS E CINQUENTA E UM, 192, 3A ETAPA
MASSAPÊ;45;32;ZONA RURAL;GEEST DE PADRE LINHARES;POVOADO DE PADRE LINHARES
FORTALEZA;83;248;PANAMERICANO;EEFM ANISIO TEIXEIRA;RUA RIO GRANDE DO SUL 680
CRATO;27;324;MURITI;EEIEF MELVIN JONES;RUA PEDRO GOMES DE NORÕES, 1877. SÍTIO SAQUINHO
BELA CRUZ;96;83;CORREGO GRANDE-SEDE;CENTRO CATEQUÉTICO - CAPELA MÃE-RAINHA;RUA JOSÉ XEREZ DE SOUSA, S/N
TEJUÇUOCA;41;113;RETIRO CAXITORE;ESCOLA DE ENSINO FUNDAMENTAL DE TEMPO INTEGRAL LUIZA DA SILVA MOTA;RETIRO CAXITORE
JUAZEIRO DO NORTE;119;218;SANTA TEREZA;COLEGIO POLIVALENTE;JOSE MARROCOS SN
FORTALEZA;117;352;PARQUE PRESIDENTE VARGAS;COLÉGIO CASTRO ALVES;RUA TULIPA NEGRA, 2319
IGUATU;13;249;RIACHO VERMELHO;ESCOLA DE ENS FUND FILOMENA DE ALMEIDA BRAGA;RIACHO VERMELHO
ALCÂNTARAS;24;538;SÍTIO SANTA BÁRBARA;EEFI MARIA DOS SANTOS MOREIRA;SÍTIO SANTA BÁRBARA
RUSSAS;9;69;CENTRO;ESCOLA DE ENSINO MÉDIO MANOEL MATOSO FILHO;AVENIDA MARIA RAMALHO, 336
FORTALEZA;85;118;CONJUNTO CEARÁ I;CCDH - CENTRO DE CIDADANIA E DIREITOS HUMANOS (ANTIGO LUCIO ALCANTARA);AV. ALANIS MARIA LAURINDO DE OLIVEIRA, 461, 1A ETAPA
ARNEIROZ;101;49;SANTA LUZIA;EEFM MARIA DOLORES PETROLA;RUA RAIMUNDO NONATO DE ARAÚJO, S/N
FORTALEZA;93;215;PREFEITO JOSÉ WALTER;CEJA - CENTRO DE EDUCAÇÃO DE JOVENS E ADULTOS;AV. L, S/N - II ETAPA
FORTALEZA;93;106;MONDUBIM;EM OSMIRIO DE OLIVEIRA BARRETO;RUA 10, S/N (CJ SITIO DO CÓRREGO)
FORTALEZA;94;904;QUINTINO CUNHA;COLEGIO DOM FELIPE - JUNIOR;RUA FRANCISCO MENDES DE OLIVEIRA, 183
ITAPIPOCA;17;710;ÁREA RURAL DE ITAPIPOCA;EEB SALUSTIANO PAULINO DO NASCIMENTO;SORORÔ
IGUATU;13;404;COHABS;CRECHE RAFAEL JEAN GONÇALVES DE FREITAS;RUA ANTONIO RODOVALHO DE ALENCAR
FORTALEZA;1;886;CAIS DO PORTO;CRECHE RACHEL GUIMARÃES MARTINS BARBOSA;VIA DE PEDRESTE LESTE OESTE 01
FORTALEZA;118;664;PASSARÉ;EM DELMA HERMÍNIA DA SILVA PEREIRA;AVENIDA PRESIDENTE COSTA E SILVA, 5606
HORIZONTE;78;110;DOURADO;EMEF MARINA FERREIRA DE ALMEIDA;RUA DONA SINHÁ, 159
FORTALEZA;2;568;MESSEJANA;EEFM JOSE DE ALENCAR;RUA VENEZA, 84
CRATO;27;87;SEMINÁRIO;EEMTI GOVERNADOR ADAUTO BEZERRA;RUA MARCOS MACEDO S/N
TURURU;17;676;ALTO DOS CAMELOS;CENTRO EDUCACIONAL ERNESTO GHISLANDI;RUA JATOBA I
MILAGRES;26;45;SITIO BARREIRO;ESCOLA GERMANO PAULINO LEITE;SITIO BARREIRO
FORTALEZA;85;235;CONJUNTO CEARÁ I;EEFM DOUTOR GENTIL BARREIRA;RUA 202-D, S/N - CONJUNTO CEARÁ I
MADALENA;63;240;CENTRO;EEF ALFREDO ALMEIDA MACHADO;RUA PEDRO COSTA E SILVA, 99 - CENTRO
PARACURU;109;27;JARDIM DO MEIO;E. M. E. I. F. MARIA YOLANDA BARROSO;JARDIM DO MEIO
JUAZEIRO DO NORTE;119;415;NOVO JUAZEIRO;ESCOLA TARCILA CRUZ ALENCAR;CASTELO BRANCO 4451
ARACATI;8;276;BAIXIO;E.E.F. JOSE ROCHA GUIMARAES;BAIXIO
FRECHEIRINHA;81;267;CENTRO;ESCOLA CARLOS MACHADO PORTELA;RUA TENENTE EUFRASIO  SN
ITAPIPOCA;17;565;CRUXATI;EEB ALONSO PINTO DE CASTRO;BETÂNIA
IGUATU;13;236;BARRA;PSF DO SÍTIO GAMELEIRA;SITIO GAMELEIRA
HORIZONTE;78;372;ZUMBI;CEI - MARIA ELIZIETE MARTINS CARNEIRO;RUA MANOEL FELICIANO DE SOUSA, 440
IGUATU;13;314;GADELHA;ESCOLA DE ENS. FUND. MARIO PARENTE TEÓFILO;SITIO CARDOSO I
TAMBORIL;61;64;BAIRRO MONTE CASTELO;EEEM DONA LUIZA TIMBÓ;RUA FRANKLIN CAVALCANTE SN
PACOTI;5;214;SITIO BOA HORA;EMEF SÃO SEBASTIAO (BOA HORA);SITIO BOA HORA
FORTALEZA;93;116;MONDUBIM;CEI MARIA HERCILIA EVANGELISTA;RUA 3, 300 - PARQUE SANTANA
POTENGI;68;50;CENTRO;EEFM MENEZES PIMENTEL - SEDE;RUA SEVERINO PAULINO, 230 - BAIRRO SÃO FRANCISCO
FORTALEZA;113;140;JARDIM AMÉRICA;EEFM ESTADO DO PARANÁ;RUA ALBERTO MAGNO, 123
FORTALEZA;93;193;PLANALTO AYRTON SENNA;EM MARIA ZELIA CORREIA DE SOUSA;RUA ANTONIO PEREIRA,1495
FORTALEZA;114;219;FLORESTA;INSTITUTO EDUCACIONAL PRESIDENTE MEDICI;RUA CÉSAR CORREIA 973
CAUCAIA;37;537;TABAPUÁ;E.E.I.E.F. ROBERTO JOSÉ BASTOS MACAMBIRA;RUA 7, S/N - TABAPUÁ
FORTALEZA;94;374;QUINTINO CUNHA;EMEIEF MARIA CARDOSO;RUA FRANCISQUINHA PORTELA 1151
FORTALEZA;113;132;BOM FUTURO;EMEIF DOM MANUEL DA SILVA GOMES;RUA SAMUEL UCHÔA, 550
FORTALEZA;113;72;DAMAS;COLÉGIO JUVENAL DE CARVALHO;AV. JOÃO PESSOA, 4279
TRAIRI;97;15;CENTRO;ESCOLA DE 1 E 2 GRAU JONAS HENRIQUE DE AZEVEDO;AV CELSO BARROSO
FORTALEZA;80;404;AEROLÂNDIA;COLÉGIO MAURO BEZERRA;RUA BRIGADEIRO VILELA, 221
FORTALEZA;118;351;SERRINHA;EM MARIA DE CARVALHO MARTINS;AVENIDA DOUTOR SILAS MUNGUBA, 4300
CASCAVEL;7;24;CENTRO;CENTRO EDUCACIONAL MUNICIPAL PROFESSORA MARIA ESTER DA COSTA SILVA;AV CORONEL LEITE, 2045
HIDROLÂNDIA;54;186;CENTRO;E.E.F.M. PRISCILA MACIEL DE FRANÇA;RUA PROFESSORA ARGENTINA FAÇANHA, 471
FORTALEZA;80;224;JOAQUIM TÁVORA;EEFM PADRE ROCHA;RUA CEL ALVES TEIXEIRA 525
FORTALEZA;80;171;TAUAPE;COLÉGIO MONSENHOR JOVINIANO BARRETO;RUA FREI VIDAL 1621
FORTALEZA;94;4;QUINTINO CUNHA;CENTRO COMUNITARIO CONJUNTO SAO FRANCISCO;RUA ILHA DO BOTE 367
QUIXERAMOBIM;11;258;MANITUBA;ESCOLA JOSUE FELICIANO DA SILVA;RIACHO VERDE
QUITERIANÓPOLIS;99;78;ZONA RURAL;EEIF PEDRO MANOEL BONFIM;CRUZ
FORTALEZA;80;401;AEROLÂNDIA;COLÉGIO MAURO BEZERRA;RUA BRIGADEIRO VILELA, 221
FORTALEZA;117;439;BOM JARDIM;EEFM SANTO AMARO;RUA NOVA CONQUISTA 871
ERERÉ;10;116;CENTRO;E.E.F.M. SENADOR FERNANDES TAVORA ( ESPECIAL );RUA CAPITAO FRANCISCO RODRIGUES, 574
JUAZEIRO DO NORTE;119;114;SANTA TEREZA;ESCOLA ADAUTO BEZERRA (SEGUNDO GRAU);CASTELO BRANCO SN
JUAZEIRO DO NORTE;119;225;AEROPORTO;ESCOLA CICERA GERMANO CORREIA;RUA SEBASTIAO REGIS SN
SÃO GONÇALO DO AMARANTE;36;226;CROATA-DISTRITO;ESCOLA DE ENSINO FUNDAMENTAL PORFIRIO DE ARAUJO;RUA VALDO UCHOA - CROATA
EUSÉBIO;88;147;OLHO D'AGUA;EEF JOÃO FREITAS RAMOS;RUA OLHO D'AGUA, 2122
FORTALEZA;93;268;PLANALTO AYRTON SENNA;EM ADALBERTO STUDART FILHO;RUA DO CAMPO, 25
GUARACIABA DO NORTE;74;115;DISTRITO;E.E.I.F. BURITI DAS FLORES;SITIO CANUDOS
SABOEIRO;43;230;CENTRO;E.E.F. OLAVO OLIVEIRA, ANEXO;RUA AMELIA LIMA BRAGA 81
CARIRIAÇU;71;144;FEITOSA;POSTO DE SAÚDE RAIMUNDO ALVES FEITOSA;SÍTIO LAJES
QUIXELÔ;13;154;ÁREA RURAL DE QUIXELÔ;ESCOLA DE ENS FUND DO SÍTIO MULUNGU;MULUNGU-SITIO
JAGUARIBE;10;51;CENTRO;E.E.F.M. RAUL BARBOSA;AV OITO DE NOVEMBRO 521
FORTALEZA;116;382;BONSUCESSO;EM FRANCISCA FERNANDES MAGALHAES (COLÉGIO CASTRO);RUA OLIVEIRA SOBRINHO, 1031
QUIXADÁ;6;52;ALTO SÃO FRANCISCO;SENAC;RUA PRESIDENTE KENNEDY, 188
FORTALEZA;82;462;MONTE CASTELO;EM PROFESSOR MARTINZ DE AGUIAR;RUA BERNARDO PORTO, 470
IBIAPINA;73;31;CENTRO;ESCOLA ROSA MARTINS CAMELO MELO;RUA PADRE IBIAPINA
ACARAÚ;30;439;BAILARINA;ESCOLA PROF. JOELINA RIBEIRO RAMOS VIANA;RUA NEON SALES SN
PORTEIRAS;70;306;PEDRA BRANCA-SEDE;E E F JOSEFINA RODRIGUES;SITIO PEDRA BRANCA
PIQUET CARNEIRO;12;25;CENTRO;SECRETARIA MUNICIPAL DE EDUCAÇÃO, CULTURA E DESPORTO;RUA ALUÍZIO SARAIVA, N. 22
FORTALEZA;113;8;BENFICA;FACULDADE DE ARQUITETURA E URBANISMO DA UFC;AV. DA UNIVERSIDADE, 2890
SOBRAL;121;129;CENTRO;COLEGIO FARIAS BRITO SOBRALENSE;PRACA QUIRINO RODRIGUES S/N
SÃO GONÇALO DO AMARANTE;36;302;LIBERDADE;ESCOLA DE ENSINO FUNDAMENTAL MARIA DO SOCORRO GOUVEIA;RUA FRANCISCO DUARTE - LIBERDADE
CAMOCIM;32;53;SAO FRANCISCO;LICEU DE CAMOCIM DEP MURILO ROCHA AGUIAR;RUA ANTONIO ZEFERINO VERAS
VIÇOSA DO CEARÁ;35;6;CENTRO;COLÉGIO TENENTE ANGELO DE SIQUEIRA PASSOS;RUA FRANCISCO CALDAS DA SILVEIRA 180
IPU;21;34;SEDE;ESCOLA DE ENSINO MEDIO DEP MURILO ROCHA AGUIAR;AV MILTON CARVALHO 635 - CENTRO
FORTALEZA;118;617;PASSARÉ;EM FRANCISCO ANDRADE TEOFILO GIRAO;RUA UNIDOS VENCEREMOS, 2040
HORIZONTE;78;144;DIADEMA;EMEF PROF MARIA LUIZA BARBOSA CHAVES;RUA BATURITE SN - PARQUE DIADEMA
PALMÁCIA;4;176;SÍTIO PIRACICABA;UBS PIRACICABA;SÍTIO PIRACICABA
FORTALEZA;115;380;PARANGABA;EEMTI GENERAL EUDORO CORREA;RUA JULIO BRAGA 101
FORTALEZA;3;176;JACARECANGA;SENAI - UNIDADE CENTRO;AV. PADRE IBIAPINA, 1280
FORTALEZA;115;376;PARANGABA;EEMTI GENERAL EUDORO CORREA;RUA JULIO BRAGA 101
TAMBORIL;61;30;DISTRITO DE OLIVEIRAS;EMEIF FRANCISCO LUCIO;RUA FRANCISCO LUCIO - VILA OLIVEIRAS
BREJO SANTO;70;44;LAGOA DO MATO-SEDE;ESC MUN BARTOLOMEU MADEIRO;VILA LAGOA DO MATO
GRANJA;25;175;TIMONHA;E.E.F. RAIMUNDO MAURO XAVIER DE OLIVEIRA;RUA RIACHUELO S/N
PORTEIRAS;70;299;SAQUINHO-SEDE;UBS DR. NAPOLEÃO TAVARES NEVES;VILA SAQUINHO
FORTALEZA;1;141;CIDADE 2000;ESCOLA ESTADUAL ARQUITETO ROGERIO FROES;AVENIDA DAS GRAVIOLAS 1000
ERERÉ;10;124;CAIXA D'AGUA;E.E.F 4 DE JUNHO;RUA JOSÉ PESSOA DE QUEIROZ, S/N
CAMOCIM;32;14;CENTRO;CEJA - JOAO DA SILVA RAMOS;PRACA JOSE SEVERIANO MOREL S/N
PACATUBA;57;4;SAO JOSE;CENTRO COMUNITÁRIO;RUA CAPITÃO MANUEL PONTES DE MEDEIROS, PARQUE ARATANHA
IPUEIRAS;40;137;OITICICA DOS ROSÁRIOS;EEF GONÇALO JOSÉ DE LIMA - OITICICAS DOS ROSÁRIOS;OITICICA DOS ROSÁRIOS
FORTALEZA;85;252;ANTÔNIO BEZERRA;EEF PATRONATO DA SAGRADA FAMILIA;RUA MARTINS NETO 379
AMONTADA;89;214;ÁREA RURAL DE AMONTADA;EEB JOSE TARCISO HENRIQUE;MARRECAS
POTENGI;68;76;CENTRO;ESCOLA MUNICIPAL LUIZA MENDES RODRIGUES - SEDE;RUA FRANCISCO RODRIGUES DA FONSECA , 492 - SÃO FRANCISCO
POTIRETAMA;86;54;CAPUCHO;ESCOLA DE 1 GRAU FRANCISCO AVELINO DE ALMEIDA;SITIO CAPUCHO
MARACANAÚ;122;292;JARI;EMEF JOSÉ ASSIS DE OLIVEIRA(JARY);RUA PAULO AFONSO 4259
FORTALEZA;115;386;VILA PERI;COLEGIO JIM WILLSON;AV. AUGUSTO DOS ANJOS, 1915
CARIÚS;43;214;CAIPU-DISTRITO;CRECHE PARAISO INFANTIL;VILA CAIPU
IGUATU;13;582;JOÃO PAULO II;CAIC - ESCOLA DE ENS FUND FRANCISCO DAS GRAÇAS ALVES BERTO;CONJUNTO JOAO PAULO II                                    S/N
AURORA;69;12;TIPI-DISTRITO;E.E.I.F. ANTONIO AMANCIO DA CRUZ;VILA TIPI
FORTALEZA;118;465;PARQUE DOIS IRMÃOS;EM DOUTOR ABDENAGO DA ROCHA LIMA;RUA 114, 75 (CJ TUPAN MIRIM)
JUAZEIRO DO NORTE;119;81;PIRAJA;ESCOLA CLOTILDE SARAIVA COELHO;LIMOEIRO 2338
SÃO GONÇALO DO AMARANTE;36;219;CONJUNTO;ESCOLA DE ENSINO FUNDAMENTAL GOVERNADOR TASSO JEREISSATI;RUA CORONEL NECO MARTINS S/N - SEDE
CANINDÉ;33;198;SANTA CLARA;CENTRO SOCIAL URBANO;RUA SITONIO MONTEIRO 999
ITAREMA;98;219;ZONA RURAL;EMEF ROGERIO RIBEIRO MONTEIRO;TORROES
FORTALEZA;112;301;GUARARAPES;MRH GESTÃO DE PESSOAS E SERVIÇOS;RUA PROFESSOR JACINTO BOTELHO, 1600
FORTALEZA;117;352;PARQUE PRESIDENTE VARGAS;COLÉGIO CASTRO ALVES;RUA TULIPA NEGRA, 2319
UBAJARA;73;189;DOMICIO PEREIRA;CEI - CENTRO DE EDUCAÇÃO INFANTIL;RUA VEREADORA JULIETA DE LOBÃO PEREIRA, S/N
COREAÚ;64;81;Lajeiro;LAJEIRO - ESCOLA MUN. REINALDO PIMENTA;LOCALIDADEDE  LAJEIRO, COREAÚ
MARACANAÚ;122;279;NOVO MARACANAU;EMEIEF PROFª MARIA DO SOCORRO VIANA FREITAS;RUA 10 S/N
CARIRÉ;65;49;TAPúIO;ESCOLA EIEF ADAUTA MOCINHA BARROS ROCHA;RUA SE MAGALHAES - TAPUIO
QUIXADÁ;6;44;ALTO SÃO FRANCISCO;EEMTI GOVERNADOR CÉSAR CALS DE OLIVEIRA FILHO;AV. JUSCELINO KUBITSCHEK, 385
MUCAMBO;79;236;CENTRO;ESCOLA ELZE MENDES DE AGUIAR;AV AGRONOMO JOSE ALVES, S/N - SEDE
SOBRAL;24;317;CORAÇÃO DE JESUS;COLEGIO CORACAO DE JESUS;AVENIDA DA UNIVERSIDADE
MISSÃO VELHA;16;106;ZONA RURAL;EEF EDSON OLEGARIO SANTANA;SITIO SANTA TEREZA
FRECHEIRINHA;81;264;ÁREA RURAL DE FRECHEIRINHA;ESCOLA NAIR CUNHA DE AGUIAR;OITICICA
IPAPORANGA;20;314;ALTO DO BOM PRINCÍPIO;ESCOLA DE ENSINO FUNDAMENTAL WALDEMAR DE ALCÂNTARA;RUA PEDRO CORREIA LEITÃO, 45
PARAIPABA;109;194;CORREGO DO MATO;PONTO DE APOIO À SAÚDE - CÓRREGO DO MATO;CÓRREGO DO MATO, SN
AURORA;69;2;ARACA-SEDE;E.E.I.F. ROMAO SABIA;RUA PROJETADA  S/N
URUOCA;25;95;CAMPANARIO;E.E.F. RAIMUNDO FERNANDES MOREIRA CHAVES;AV ALBERTO BATISTA FONTENELE
FORTALEZA;1;714;VARJOTA;FACULDADE FARIAS BRITO - CASTRO MONTE;RUA CASTRO MONTE 1364
POTIRETAMA;86;68;CENTRO;ESCOLA DE 1 GRAU MARIA DE OLIVEIRA FILGUEIRA;RUA MARIA DE OLIVEIRA FILGUEIRA SN
MARACANAÚ;122;131;JAÇANAÚ;EMEIEF FRANCISCO ANTONIO FONTENELE;RUA NOE SALES BEZERRA S/N
FORTALEZA;118;612;MONDUBIM;EM CASIMIRO MONTENEGRO;AV. BERNARDO MANUEL, 11360
FORTALEZA;83;794;DOM LUSTOSA;EEFM JOSÉ WALDEMAR DE ALCÂNTARA E SILVA;RUA MACEIÓ, 627
FORTALEZA;83;627;BELA VISTA;EEMTI ESTADO DO AMAZONAS;RUA MONSENHOR FURTADO 2327
ITAITINGA;78;233;CENTRO;EEF VALMIQUE SAMPAIO ALBUQUERQUE;RUA JOSMO GURGEL ARAUJO, 1256
FORTALEZA;83;783;JOÃO XXIII;CENTRO DE FORMAÇÃO E DESENV. PARA PROFISSIONAIS DA EDUCAÇÃO - FORMACE;RUA PORTO VELHO, 401
CARIÚS;43;188;CAIPU-DISTRITO;EEIF JOAO FRANCELINO SOBRINHO;VILA CAIPU
GENERAL SAMPAIO;50;33;CONJUNTO SÃO JOSÉ;EMEF JOSÉ BEZERRA FILHO;RUA FILOMENO BARBOSA DE OLIVEIRA, S/N
FORTALEZA;1;480;VARJOTA;COLEGIO FARIAS BRITO - PRÉ UNIVERSITARIO - JULIO ABREU;AVENIDA JULIO ABREU, 284
AQUIRAZ;66;23;JUSTINIANO DE SERPA;EMEF DIONIZIA GUERRA;RUA LUIS PAULA DE SOUSA S/N (ESTRADA NOVA BR-116 KM 32)
CARIRÉ;65;29;ZONA RURAL;ESCOLA EIEF DONA MARIA LUCAS;ANGICOS
CANINDÉ;33;270;ZONA RURAL;EMEF PADRE JOSE MARIA CAVALCANTE;LOCALIDADE DE LAGOA VERDE
GRANJA;25;174;CENTRO;E.E.F. DONA SINHA CRUZ DE VASCONCELOS;RUA DR. JOAO PESSOA, 345
SABOEIRO;43;254;SAO FRANCISCO;E.E.M. LIDIA BEZERRA;RUA MARIA TEREZINHA SANTOS S/N
ITATIRA;33;466;ZONA RURAL;EMEF 7 DE SETEMBRO;LOCALIDADE DE MORRO BRANCO
FORTALEZA;112;524;EDSON QUEIROZ;COLÉGIO NOVA DIMENSÃO;AV. EDILSON BRASIL SOARES, 1599
FORTALEZA;115;194;PARANGABA;EEMTI MARIA THOMÁSIA;RUA POLONIA, 369
PACATUBA;57;312;CONJUNTO JEREISSATI II;C.E.I. SENADOR CARLOS JEREISSATI;AVENIDA XV, 477
CRATEÚS;20;161;REALEJO;ASSOCIAÇÃO COMUNITÁRIA DE PENDÊNCIA;PENDENCIA
SÃO GONÇALO DO AMARANTE;36;164;UMARITUBA-DISTRITO;E. E. F. LEONICE ALCANTARA;UMARITUBA
ACOPIARA;60;65;DISTRITO DE SAO PAULO;EEMTI MARIA LEAL TEIXEIRA;SAO PAULINHO
JUAZEIRO DO NORTE;119;391;FREI DAMIAO;ESCOLA MARIO DA SILVA BEM;RUA VEREADOR RAIMUNDO JOSÉ DA SILVA
CAMOCIM;32;249;SAO PEDRO;CENTRO DE ESPECIALIDADES ODONTOLOGICAS - CEO;RUA 24 DE MAIO SN
BREJO SANTO;70;208;LAGOA DO MATO-SEDE;ESC MUN BARTOLOMEU MADEIRO;VILA LAGOA DO MATO
GRANJA;25;50;ESTREITO DOS MARTINS;E.E.F. CLARISMUNDO ALVES ARAGÃO;ESTREITO DOS MARTINS
ITAREMA;98;106;CENTRO;EMEF JOSE ANICETO SALES;RUA JOAO AMANCIO S/N
ITAPIPOCA;17;20;CRUZEIRO;EEFMI CORONEL MURILO SERPA;RUA ANASTACIO BARROSO VALENTE 318
TAMBORIL;61;52;DISTRITO DE BOA ESPERANÇA;EMEIF FRANCISCO VIANA FILHO;RUA GONÇALO CARLOS FARIAS, S/N - VILA BOA ESPERANÇA
CANINDÉ;33;374;ZONA RURAL;EMEF AUGUSTO CORDEIRO;LOCALIDADE DE TIRACANGA I
ITAPIPOCA;17;2;CENTRO;PATRONATO NOSSA SENHORA DAS MERCES;AV. DUQUE DE CAXIAS 1181
CASCAVEL;7;10;GUANACES;ESC.ENS.FUND. PROFESSOR JOSE BARAO;PREAOCA
CRATO;27;172;MONTE ALVERNE;EEIEF PROFESSORA PUREZA TELES;RUA SÃO FRANCISCO S/N - MONTE ALVERNE
LAVRAS DA MANGABEIRA;14;86;VARAS - SITIO;ESCOLA DE 1 GRAU HORACIO TAVARES;SITIO VARAS S/N
FORTALEZA;3;540;CENTRO;UNIARI - CENTRO UNIVERSITÁRIO ARI DE SÁ;AV. HERÁCLITO GRAÇA, 826
LIMOEIRO DO NORTE;29;70;ÁREA RURAL;EEF JOAO BATISTA RIBEIRO;SITIO TOME
BREJO SANTO;70;24;SAO FRANCISCO-SEDE;CEJA JOAQUIM GOMES BASILIO;RUA GENESIO RICARTE COSTA 637
SÃO GONÇALO DO AMARANTE;36;49;CENTRO;ESCOLA DE ENSINO MÉDIO EM TEMPO INTEGRAL ADELINO CUNHA ALCANTARA;RUA CORONEL NECO MARTINS 220 - SEDE
JUAZEIRO DO NORTE;119;11;LIMOEIRO;EMEI IRMÃ NELY SOBREIRA (CRECHE);AV. JOSÉ BEZERRA, N. 216
FORTALEZA;112;488;SAPIRANGA-COITÉ;EM PROFª ALDACI BARBOSA;RUA OLEGARIO MEMORIA, 1257
FORTALEZA;117;268;CANINDEZINHO;EM PADRE ANTONIO MONTEIRO DA CRUZ;RUA DE PEDESTRE XIII, 25 - JARDIM FLUMINENSE II
CASCAVEL;7;186;MATA QUIRI;ESC.ENS.FUND. LUIZA TAVORA;SITIO MATA QUIRI
QUIXERÉ;29;228;AGUA FRIA;EEB ANTONIO MOREIRA DE FREITAS;AGUA FRIA
ITAPIPOCA;17;714;NOVA ALDEOTA;EEB DR PÉRICLES FERNANDES TEIXEIRA;RUA CAIO PRADO, 3069
LIMOEIRO DO NORTE;29;26;SOCORRO;CASA DE MARIA;SITIO SOCORRO
MILAGRES;26;16;MISSIONÁRIAS;CENTRO SOCIAL URBANO;AV LACORDAIRE FERREIRA LINS S/N
IGUATU;13;19;CENTRO;ESCOLA DE ENSINO MÉDIO EM TEMPO INTEGRAL DE IGUATU;RUA GUILHERME DE OLIVEIRA, 842
IGUATU;13;286;ÁREA RURAL DE IGUATU;ESCOLA DE ENS FUND ANTONIO FERREIRA LIMA;SITIO JUAZEIRINHO
TIANGUÁ;81;100;ARAPÁ;E.E.M. RAIMUNDO MARQUES NONATO;RUA RAIMUNDO PAULINO, S/N - DISTRITO ARAPÁ
INDEPENDÊNCIA;39;227;ZONA RURAL;EEF JOAO DE DEUS GOMES BARBOSA;MORRO DOS BARBOSA
FORTALEZA;115;226;SERRINHA;EMEIF WALDEMAR BARROSO;RUA CÔNEGO LIMA SUCUPIRA,  1651
PARAIPABA;109;150;SETOR E;EMEF VICENTE VASCONCELOS DA SILVA;PROJETO IRRIGADO DO CURU - SETOR E
ACOPIARA;60;61;DISTRITO DE ISIDORO;EEF JOSE PAULINO DE ARAUJO;SITIO TIPIS
MARANGUAPE;4;507;LAGES;EMEF ZILDA DE BARROS DE MEDEIROS;RUA SAMUEL BOTELHO DE SOUSA, 578
ARACATI;8;63;PEDREGAL;E.E.F. PROF ANTONIO MONTEIRO;NUCLEO HABITACIONAL
TRAIRI;97;96;ALAGADICO DE CIMA;CENTRO COMUNITARIO FRANQUINHO DAMASCENO;ALAGADICO DE CIMA
ACOPIARA;60;135;VILA MOREIRAS;CRAS III - MARIA RAMOS BARROS;AV FRANCISCO ALVES, S/N
CAUCAIA;123;369;NOVA METRÓPOLE (JUREMA);E.E.F. EDGARD VIEIRA GUERRA;AV. CONTORNO SUL, 255
SOBRAL;24;516;JOSÉ EUCLIDES;EEFI MOCINHA RODRIGUES;RUA EVANGELINA SABOIA, S/N
MISSÃO VELHA;16;115;SEDE;EEF LOURIVAL DANTAS RIBEIRO;RODOVIA MISSAO VELHA/JAMACARU KM 01, COHAB CASEMIRO FARIAS.
CHORÓ;6;102;BARBADA;EEF SÃO JOÃO DOS CARNEIROS;SÃO JOÃO
RERIUTABA;79;15;BARRO VERMELHO;E.E.E.M. ALFREDO SILVANO GOMES;RUA BARRO VERMELHO, S/N
TIANGUÁ;81;305;LAURÃO;E.E.I.F. FREI GERVÁSIO;RUA ALBERCY NOGUEIRA DE VASCONCELOS , SN
ARACOIABA;67;96;MILTON BELO-DISTRITO;ESCOLA MUNICIPAL EMILIA RAMOS;FURNAS
ARACATI;8;286;PEDREGAL;E.E.F. PROF ANTONIO MONTEIRO;NUCLEO HABITACIONAL
CARIRÉ;65;89;ZONA RURAL;ESCOLA EIEF TIBURCIO DE BRITO;CÔCO
MISSÃO VELHA;16;107;SITIO SANTA TEREZA;CRECHE ANA MACEDO COELHO ( ANTIGA PAULO MACEDO);SITIO LAGOA DO PINTADO
PENTECOSTE;50;145;ZONA RURAL;EEIF 7 DE SETEMBRO;ERVA MOURA
BARROQUINHA;108;74;CENTRO;EEF FRANCISCO BENÍCIO DE VASCONCELOS;AV. MARIA DIAMANTINA VERAS S/N
FORTALEZA;94;775;VILA VELHA;CEI MARISTELA DA FROTA CAVALCANTE;AV. L, N. 1000
CASCAVEL;7;171;VILA PACHECO;ESC.ENS.FUND. LUIS PACHECO DO AMARAL - LUPAM;RUA JOSUE DE SOUSA MONTEIRO - SEDE
CASCAVEL;7;112;CAPONGA;ESC.ENS.FUND. JOSÉ CORREA PINTO;ESTRADA DE AGUAS BELAS - CAPONGA
ANTONINA DO NORTE;18;8;POPULARES;ESCOLA FUNDAMENTAL ANTONIO MOTA;RUA SANTO ANTONIO S/N
BOA VIAGEM;63;86;VARZEA DA TAPERA;EEF DEP JOSE VIEIRA FILHO;VARZEA DA TAPERA
CAUCAIA;120;135;MIRAMBE;E.E.I.E.F. MARIA DE LOURDES ROCHA;RUA DA IGREJA, 614 - TAQUARA/MIRAMBÉ
AURORA;69;97;MUFUMBO-SITIO;CAPELA MÃE RAINHA;SITIO MUFUMBO  S/N
HORIZONTE;78;409;PLANALTO HORIZONTE;EMEF JORGE PEREIRA DA ROCHA;RUA PAULO FREIRE 40
LIMOEIRO DO NORTE;29;102;ÁREA RURAL;POSTO DE SAÚDE DO CANTO GRANDE;CANTO GRANDE DE BAIXO
IRAUÇUBA;41;225;GIL BASTOS;EMEF GIL BASTOS;RUA NOVA, S/N
HORIZONTE;78;132;DOURADO;EMEF SEBASTIAO LOPES DE OLIVEIRA;RUA PEDRO FELICIO DE OLIVEIRA, 5727
IGUATU;13;94;COCOBÓ;ESCOLA DE ENS FUND ELZE LIMA VERDE MONTENEGRO;DARIO RABELO
IGUATU;13;117;SUASSURANA;ESCOLA DE ENS FUND MARIA IRISMAR MORENO MATOS;VILA SUASSURANA
ARACATI;8;216;SÃO CHICO;ESCOLA DE 1 GRAU SÃO FRANCISCO;SÃO CHICO
CRATO;27;231;PONTA DA SERRA;EEM JOAQUIM VALDEVINO DE BRITO;RUA MARIA RIBEIRO DE MATOS S/N
CASCAVEL;7;177;GUANACES;ESC.ENS.FUND. CUSTODIO DA SILVA LEMOS;RUA ISAAC BENICIO, CENTRO
SOBRAL;24;555;RENATO PARENTE;EEEP LYSIA PIMENTEL GOMES;AV. JOHN SANFORD, 1223
FORTALEZA;94;852;VILA VELHA;EEFM DONA HILZA DIOGO DE OLIVEIRA;AV. DOM ALOÍSIO LORSCHEIDER, 1040 - VILA VELHA
CHORÓ;6;220;MONTE CASTELO;EEF TOMAZ NUNES CAVALCANTE;MONTE CASTELO, S/N
ITAITINGA;78;317;PARQUE GENEZARÉ;EEF ELIAS DE SOUSA;RUA JOSE RODRIGUES PEREIRA, 137
FORTALEZA;2;743;LAGOA REDONDA;POSTO DE SAÚDE TEREZINHA PARENTE;RUA NELSON COELHO, 215
FORTALEZA;83;63;BELA VISTA;EEMTI SENADOR FERNANDES TÁVORA;RUA GOIÁS 141
FORTALEZA;117;475;CONJUNTO ESPERANÇA;EEFM PROFESSORA MARIA MARGARIDA DE CASTRO ALMEIDA;AV. CONTORNO SUL, 960
SALITRE;38;137;ZONA RURAL, SALITRE/CE;E.E.I.F RAIMUNDO CLEMENTINO DE ALENCAR - BULANDEIRA DOS DIAS;SÍTIO BULANDEIRA DOS DIAS
PEREIRO;10;138;CENTRO;ESCOLA DE ENSINO FUNDAMENTAL E MEDIO VIRGILIO CORREIA LIMA;RUA CORONEL ANTONIO VICENTE  274
INDEPENDÊNCIA;39;2;CENTRO;E.E.F. ABIGAIL ANTUNES MARQUES;RUA DO CRUZEIRO, 208
UBAJARA;73;87;DISTRITO JABURUNA;ESCOLA LUIZ RIBEIRO DA SILVA;DISTRITO JABURUNA
PARAMOTI;111;122;CENTRO;EMEF PAULO SARASATE (ANTIGO CERU);AV. JOAQUIM FARIAS, 175
GUARACIABA DO NORTE;74;57;DISTRITO;ESCOLA DE ENS FUND JOSE GERARDO COELHO - SUSSUANHA;SUSSUANHA
BELA CRUZ;96;75;RIACHO SAO MIGUEL;EMEIEF MIGUEL ABILIO DA COSTA;RIACHO DA PRATA
ITAPIPOCA;17;699;ENCRUZILHADA;EEB MARIA NICE TEIXEIRA BARROSO;RUA AUDÍRIO FONTOURA, S/N
CRATO;27;189;PIMENTA;EEMTI WÍLSON GONÇALVES;PRAÇA DR. JOAQUIM FERNANDES TELES, SN.
JAGUARUANA;75;118;BORGES;UBASF RAIMUNDO SALES FAÇANHA (BORGES);BORGES
URUOCA;25;163;CENTRO;E.E.F. VALDEMAR ROCHA;RUA ANTONIO ARRUDA, 257
POTIRETAMA;86;64;CENTRO;ESCOLA DE 1 GRAU MARIA DE OLIVEIRA FILGUEIRA;RUA MARIA DE OLIVEIRA FILGUEIRA SN
AQUIRAZ;66;181;CENTRO;ESCOLA DE ENSINO MEDIO TELINA MATOS PIRES;RUA FRANCISCO CAMARA,  70
PENTECOSTE;50;154;ZONA RURAL;EMTI PREFEITO ANTÔNIO CARNEIRO - ANEXO(PROVIDÊNCIA);MUQUENZINHO
FORTALEZA;115;103;PARANGABA;EMTI CAROLINO SUCUPIRA;RUA MUNDICA PAULA, 670
FORTALEZA;113;5;BENFICA;FACULDADE DE ARQUITETURA E URBANISMO DA UFC;AV. DA UNIVERSIDADE, 2890
FORTALEZA;83;772;HENRIQUE JORGE;EEMTI PROFESSOR PAULO FREIRE;AVENIDA SENADOR FERNANDES TÁVORA 1936
GENERAL SAMPAIO;50;42;CENTRO;EMEF Mª ARINDA LOBO DE MESQUITA;RUA JOSÉ SEVERINO FILHO, 209
FORTALEZA;1;360;CAIS DO PORTO;CRECHE MARIA FERREIRA DIAS;AV. ZEZÉ DIOGO, 691
FORTALEZA;1;854;MANUEL DIAS BRANCO;COLÉGIO CÍVICO MILITAR BATALHA DO RIACHUELO;R. E, 100 - MANUEL DIAS BRANCO
NOVA RUSSAS;48;25;ALTO DA BOA VISTA;EMTI ALFREDO GOMES;RUA QUINTINO BOCAIUVA 520
SÃO LUÍS DO CURU;23;299;CENTRO-SEDE;E.E.F. DOMINGOS ANSELMO;PRACA ALONSO HERCULANO SN
CASCAVEL;7;90;SEDE;PATRONATO JUVENAL DE CARVALHO;RUA PADRE VALDEVINO 2070 - CENTRO
CASCAVEL;7;184;CAPONGA;ESC.ENS.FUND. DE BALBINO;BALBINO
AURORA;69;4;ARACA-SEDE;E.E.F.P. LEOPOLDINA GONÇALVES QUEZADO;RUA MARICA LEITE,285
SOBRAL;121;177;CENTRO;COLEGIO SANT'ANA;AVENIDA DOM JOSE, 1310
AQUIRAZ;66;54;BOA VISTA;EMEF JOAQUIM DE SOUZA TAVARES;ESTRADA NOVA S/N - BOA VISTA
FORTALEZA;3;35;JACARECANGA;SENAI - UNIDADE CENTRO;AV. PADRE IBIAPINA, 1280
ITAREMA;98;188;CENTRO;LICEU DE ITAREMA - EEM VALDO VASCONCELOS RIOS;RUA DAS INDUSTRIAS S/N - CENTRO
FORTIM;8;199;CANTO DA BARRA;EEFTI. COMUNITÁRIA DA BARRA;RUA ANGELITA FELIPE BEZERRA, 47.
QUIXERAMOBIM;11;2;NENELANDIA;ESCOLA FRANCISCO CARNEIRO SOBRINHO;NENELANDIA
URUBURETAMA;23;227;NOVO ANGELIM;EEIF IOLANDA PINHEIRO HOLANDA;RUA PINHEIRO HOLANDA SN
PALMÁCIA;4;181;SERRA NOVA;ESCOLA MUNICIPAL PE. BATISTA QUEIROZ;SERRA NOVA
CAMPOS SALES;38;22;B. CENTRO;COLÉGIO ADNILSON BATISTA DOS SANTOS - SEDE;RUA JOÃO SEVERO CORTEZ, 1028
LAVRAS DA MANGABEIRA;14;107;PATOS 1 - SITIO;ESCOLA DE 1 GRAU MANOEL PINHEIRO DE SOUSA;SITIO PATOS 1 S/N
JUAZEIRO DO NORTE;119;22;SANTA TEREZA;COLÉGIO MILITAR DE JUAZEIRO DO NORTE;CASTELO BRANCO SN
MONSENHOR TABOSA;61;159;SAO FRANCISCO;E.M.E.I.F.T.I SERAPIÃO RODRIGUES DE OLIVEIRA;POVOADO DE SAO FRANCISCO
FORTALEZA;82;76;CARLITO PAMPLONA;COLÉGIO MARIA ALICE;AV. PASTEUR, 700
MAURITI;76;117;SEDE;EEF ANTONIO FURTADO DE OLIVEIRA;SITIO FURTUNA
CHOROZINHO;49;169;CENTRO;CENTRO DE REFERÊNCIA E ASSISTÊNCIA SOCIAL - CRAS;RUA LUIZ FELIX PEREIRA SN
JIJOCA DE JERICOACOARA;30;381;CENTRO;CRECHE SÉRGIO HERRERO GIMENEZ;RUA PIAUI - 2520
FORTALEZA;82;205;MONTE CASTELO;EM PROFESSOR MARTINZ DE AGUIAR;RUA BERNARDO PORTO, 470
NOVA RUSSAS;48;58;LAGOA DE SÃO PEDRO;EMEF MANUELA DO NASCIMENTO FREITAS(ANTIGA PEDRO GONÇALVES DE CARVALHO);DISTRITO DE LAGOA DE SÃO PEDRO,
FORTALEZA;2;709;MESSEJANA;EMEIF ANGELICA GURGEL;RUA DOUTOR PERGENTINO MAIA, 375
CAUCAIA;37;537;TABAPUÁ;E.E.I.E.F. ROBERTO JOSÉ BASTOS MACAMBIRA;RUA 7, S/N - TABAPUÁ
TRAIRI;97;143;PORTEIRAS;EEF ANASTACIO PEREIRA BRAGA;PORTEIRA
FORTALEZA;80;136;DIONISIO TORRES;EEFM JOAQUIM ANTÔNIO ALBANO;RUA JULIO SIQUEIRA 390
ARARIPE;68;111;CONJUNTO COHAB;CRECHE PROFESSOR MARCELO DE FARIAS - SEDE;RUA 104   S/N
ACOPIARA;60;92;CENTRO;CENTRO DE DESENVOLVIMENTO INFANTIL MIGUEL GALDINO DE OLIVEIRA - CDI;AV JOSE MARQUES, 113
ACOPIARA;60;14;UMARI;EEMTI FRANCISCO ASSIS VIEIRA;RUA ANTONIO JOAQUIM, UMARI
FORTALEZA;115;325;PARANGABA;EM THOMAZ POMPEU SOBRINHO;RUA JOSE MENELEU, 531
FORTALEZA;83;443;DEMOCRITO ROCHA;EEFM JOAQUIM ALVES;RUA ESTADO DO RIO 955
FORTALEZA;113;407;PARQUE ARAXÁ;CENTRO UNIVERSITÁRIO UNIFANOR;AV. BEZERRA DE MENEZES, 1277
FORTALEZA;93;232;PREFEITO JOSÉ WALTER;EM DIOGO VITAL DE SIQUEIRA;AVENIDA L , S/N
FORTIM;8;191;CENTRO;EEIFTI. PROFESSORA MARIA LUIZA;RUA JOAQUIM CRISÓSTOMO, 739.
MILHÃ;55;86;CENTRO;CENTRO ADMINISTRATIVO DO DISTRITO DO MONTE GRAVE;DISTRITO MONTE GRAVE
FORTALEZA;94;914;QUINTINO CUNHA;COLÉGIO INDEPENDÊNCIA;AV. DA INDEPENDÊNCIA, 1362
CAUCAIA;120;366;GENIPABU;E.E.I.E.F. OSMIRA EDUARDO DE CASTRO;BR 222 - KM 16
JUAZEIRO DO NORTE;119;170;PIRAJA;ESCOLA DEMOSTENES RATTS BARBOSA;AILTON GOMES SN
IRAUÇUBA;41;155;MANDACARU;ESCOLA DE ENSINO INFANTIL E FUNDAMENTAL ANTÔNIO VIDAL;MANDACARU
MORADA NOVA;47;101;UIRAPONGA;EEB FRANCISCO GALVÃO DE OLIVEIRA;RUA JOSE BENTO DA SILVA
ITAPIPOCA;17;574;BELA VISTA;EEB JOAO BATISTA PIRES;BELA VISTA
HIDROLÂNDIA;54;7;CENTRO;E.E.F.M. CENTRO EDUCACIONAL OLCINO PEREIRA DE SOUZA;RUA FELIZALVINA MOURÃO DA ROCHA, 420
CRATEÚS;20;210;POTI;ASSOCIAÇÃO DOS PEQUENOS PRODUTORES RURAIS DE QUIRINO;QUIRINO 1
HORIZONTE;78;360;BUENOS AIRES;EMEF FRANCISCO XAVIER DE FREITAS;RUA MANOEL LUIZ, N. 1.352
LAVRAS DA MANGABEIRA;14;56;MANGABEIRA - DISTRITO;ESCOLA DE 1 GRAU DR JOAO GONCALVES DE SOUZA;AV. SAO SEBASTIAO S/N
CAUCAIA;37;432;ALTO DO GARROTE;E.E.F. JOSE PONTES FILHO;RUA ZEZITO PONTES, S/N
JAGUARUANA;75;38;CENTRO;IFCE INSTITUTO FEDERAL DO CEARÁ;AV DR ANTÔNIO DA ROCHA FREITAS, 1566
AIUABA;101;9;CENTRO;EEM JOSÉ FERREIRA BARBOSA;RUA 7 DE SETEMBRO S/N
MASSAPÊ;45;145;CRUZEIRO;EEEP FRANCISCA NEILYTA CARNEIRO ALBUQUERQUE;RODOVIA CE362 KM 81 S/N
ARACATI;8;107;LAGOA DAS PEDRAS;ESCOLA FRANCISCO EDUARDO DE MATOS;LAGOA DAS PEDRAS
FORTALEZA;113;326;FARIAS BRITO;ESCOLA ESTADUAL DE EDUCAÇÃO PROFISSIONAL  PRESIDENTE ROOSEVELT;AV BEZERRA DE MENEZES 435
PEDRA BRANCA;59;64;CAPITÃO MOR;E.E.F. ANTONIO TORQUATO SOUSA;VILA CAPITAO MOR
IPUEIRAS;40;32;GÁSEA;EEF FRANCISCO GOMES DE MELO - GÁSEA;GÁSEA
OCARA;67;215;SERENO DE CIMA-DISTRITO;ESCOLA MUNICIPAL MINELVINA MARIA DA CONCEICAO - ENSINO FUNDAMENTAL;CROATA
AQUIRAZ;66;313;PRAINHA;EMEF RITA PAULA;AV. DAMIÃO TAVARES  DE SOUSA, S/N
FORTALEZA;83;781;DOM LUSTOSA;ESCOLA MUNICIPAL MURILO SERPA;RUA MONSENHOR HIPOLITO BRASIL 1400
CAUCAIA;123;424;NOVA METRÓPOLE (JUREMA);E.E.F.M. ROMEU DE CASTRO MENEZES;AV. A, S/N - NOVA METRÓPOLE
FORTALEZA;2;674;MESSEJANA;EMEIF DEMOCRITO ROCHA;RUA PADRE PEDRO DE ALENCAR, 2012
QUIXERAMOBIM;11;202;MONTEIRO DE MORAIS;ESCOLA HUMBERTO BEZERRA;RODOVIA DO ALGODAO, SN
FORTALEZA;80;204;ALTO DA BALANÇA;UAPS CESAR CALS DE OLIVEIRA;RUA CAPITÃO ARAGÃO 555
URUBURETAMA;23;225;SAO JOAO;EEF PAULO FERREIRA DA CUNHA;SITIO UBATUBA
FORTALEZA;116;353;GRANJA LISBOA;EEEP ICARO DE SOUSA MOREIRA - LICEU DO BOM JARDIM;RUA JOSE MARTINS, 2246
IBICUITINGA;47;146;CHILE;ESCOLA DE 1 GRAU JOSE LINO RABELO;CHILE - SEDE
FORTALEZA;93;161;PREFEITO JOSÉ WALTER;CUCA JOSÉ WALTER;RUA 69, S/N
TAUÁ;19;109;BARRA NOVA;EPG JOSE FERREIRA DE SOUSA;BOM JESUS
ABAIARA;26;126;SEDE;CRECHE RAMIRO TEIXEIRA - ANEXO DA ESCOLA ROSA TAVARES LEITE;RUA JOAQUIM LEITE DA CUNHA, 347
CASCAVEL;7;121;GUANACES;ESC.ENS.FUND. MAXIMIANO FELIX DOS SANTOS;BRITO
FORTALEZA;117;482;SIQUEIRA;COLÉGIO VENCER;RUA JARDIM PARUARA, 1108
CRATEÚS;20;302;CAMPO VELHO;ESCOLA DIFERENCIADA DE ENSINO FUNDAMENTAL E MÉDIO RAÍZES INDÍGENAS;RUA DOM PEDRO II, 2704
MARACANAÚ;122;136;COQUEIRAL;EMEF JOSE BELISARIO DE SOUSA;RUA MANOEL MOREIRA LIMA 790
LIMOEIRO DO NORTE;29;102;ÁREA RURAL;POSTO DE SAÚDE DO CANTO GRANDE;CANTO GRANDE DE BAIXO
BEBERIBE;84;166;NOVO PLANALTO;ESCOLA MUNICIPAL IRANISE BESSA DE QUEIROZ;RUA JUVENAL COLACO 934
TIANGUÁ;81;126;ÁREA RURAL DE TIANGUÁ;E.E.F. JUVENAL GONÇALVES ARAGÃO - ANEXO MARIA ANIR;SÍTIO LAGOA DOS BITONHOS
ERERÉ;10;108;ZONA RURAL;E.E.F. HERMINIA ALVES PEREIRA;DISTRITO DE TOMÉ VIEIRA
MARACANAÚ;122;178;MUCUNA;EMEF MANOEL ROSEO LANDIM;RUA OSCAR FERREIRA DE BRITO, 161
UBAJARA;73;186;DISTRITO NOVA VENEZA;CRECHE JOÃO FERREIRA DA COSTA;DISTRITO NOVA VENEZA
FORTALEZA;94;200;VILA VELHA;EEFM DONA HILZA DIOGO DE OLIVEIRA;AV. DOM ALOÍSIO LORSCHEIDER, 1040 - VILA VELHA
MAURITI;76;2;CENTRO;CENTRO DE PASTORAL PE. ARGEMIRO ROLIM DE OLIVEIRA;RUA PADRE MACEDO, S/N
MAURITI;76;154;CENTRO;EEM ANDRÉ CARTAXO;RUA CHAGAS SAMPAIO, S/N
ARATUBA;105;59;CENTRO-SEDE;ESCOLA JOSE JOACY PEREIRA - ENSINO FUNDAMENTAL E MEDIO;AVENIDA ARLINDO MEDINA S/N
ITAPIPOCA;17;620;BALEIA;EEB VERA LÚCIA TEIXEIRA;APIQUES
ARNEIROZ;101;48;SANTA LUZIA;EEFM MARIA DOLORES PETROLA;RUA RAIMUNDO NONATO DE ARAÚJO, S/N
GUAIÚBA;57;46;PINHEIRO;CEARC - CENTRO EDUCACIONAL DE ARTE E CULTURA;RUA RAIMUNDO BANDEIRA SN 
MOMBAÇA;46;111;CENTRO;E. E. E. F. M. PROFESSOR PEDRO JAIME;AV. CÍCERO MARQUES, 02
CARIDADE;111;104;CAMPOS BELOS;EEF ISAIAS MARQUES;LOCALIDADE DE AÇUDINHO
JUAZEIRO DO NORTE;28;412;FRANCISCANOS;ECIM DOUTOR EDVAR TEIXEIRA FERRER;DOM PEDRO II 1643
FORTALEZA;113;410;VILA UNIÃO;COLÉGIO ART E MANHA;RUA SÃO MATEUS, 1020
FORTALEZA;113;373;MONTESE;COLÉGIO ESTADUAL PRESIDENTE HUMBERTO CASTELO BRANCO;RUA IRMA BAZET, 210
SANTA QUITÉRIA;54;231;FLORES;POSTO DE SAÚDE FRANCISCA JURACIR MARTINS PINTO;RUA TOMÁS POMPEU DE SOUSA CATUNDA, SN.
REDENÇÃO;52;8;CENTRO (SEDE);CENTRO EDUCACIONAL PERBOYRE E SILVA;RUA MARECHAL DEODORO, N. 399
FORTALEZA;117;385;MANOEL SÁTIRO;EEF JOSE AYRTON TEIXEIRA;RUA ALFREDO MAMEDE SN
FORTALEZA;93;156;PREFEITO JOSÉ WALTER;CUCA JOSÉ WALTER;RUA 69, S/N
JUAZEIRO DO NORTE;28;49;SALESIANOS;COLEGIO SALESIANO SÃO JOÃO BOSCO;PADRE CICERO 1492
CRATO;27;47;SÃO MIGUEL;EEEP MARIA VIOLETA ARRAES DE ALENCAR GERVAISEAU;AVENIDA TEODORICO TELES, SN
FORTALEZA;118;388;SERRINHA;EEFM PROFESSOR JADER MOREIRA DE CARVALHO;RUA PROFESSORA HELOISA FERREIRA LIMA, 420
ACARAÚ;30;210;ZONA RURAL;ESCOLA LAURA FURTADO DO NASCIMENTO;VOLTA DO RIO
LIMOEIRO DO NORTE;29;155;CENTRO;SINDICATO DOS TRABALHADORES RURAIS DE LIMOEIRO;RUA CONEGO BESSA 2719
CANINDÉ;33;500;PALESTINA;CAIC ALFREDO COELHO MAGALHÃES;RUA ANTONIO MONTEIRO DOS SANTOS SN
BOA VIAGEM;63;7;TIBIQUARI;CENTRO VOCACIONAL TECNOLÓGICO - CVT;RUA PADRE PEDRO VITORINO, SN
IPUEIRAS;40;39;ESTAÇÃO;ESCOLA DE ENSINO INFANTIL E FUNDAMENTAL JUAREZ CATUNDA - ESTAÇÃO;RUA MANOEL MOREIRA MATOS, 61
VÁRZEA ALEGRE;62;68;BETÂNIA;EEP JOSÉ IRAN COSTA;RUA MUNDINHO PROTO, S/N
SABOEIRO;43;291;BARRA;E.E.F. ROMÃO DE SOUSA ROMEIRO;SITIO BARRA
SENADOR POMPEU;12;113;BONFIM;EEFTI RAQUEL COSTA LINHARES;RUA DA QUADRA - KM 20
MORADA NOVA;47;41;CENTRO;CEBCJEC -CENTRO DE EDUCAÇÃO BÁSICA CORONEL JOSÉ EPIFÂNIO DAS CHAGAS;AV MANOEL CASTRO, 600
URUBURETAMA;23;224;AGUAÍ / ZONA RURAL;EEIF JOAO HUDSON SARAIVA;SITIO AGUAI
MARACANAÚ;122;39;NOVO ORIENTE;EMEF MAESTRO ELEAZAR DE CARVALHO;AV. CENTRAL S/N
ITAPAJÉ;41;138;SANTA RITA-SEDE;E.E.M.T.I PROFª ESTEFÂNIA MATOS;RUA BENTO ÁVILA DE SOUSA, 101
CATARINA;60;261;CENTRO;EEF PAES DE ANDRADE;RUA MANOEL DOMINGUES
PALHANO;9;314;CENTRO;ESCOLA DE ENSINO MEDIO JOSE FRANCISCO DE MOURA;AVENIDA POSSIDONIO BARRETO 459
FORTIM;8;319;CENTRO;EEIFTI. PROFESSORA MARIA LUIZA;RUA JOAQUIM CRISÓSTOMO, 739.
FORTALEZA;113;77;CENTRO;COLÉGIO LOURENÇO FILHO;RUA BARÃO DO RIO BRANCO, 2101
JAGUARUANA;75;51;JUREMA;E.E.F. JOSE CLAUDIO DE MELO;JUREMA
VÁRZEA ALEGRE;62;111;CANINDEZINHO;EEF ANTONIA BATISTA DE MORAIS;SÍTIO FORQUILHA
BARRO;92;21;CUNCAS-DISTRITO;ESCOLA DE ENSINO FUNDAMENTAL PROFA. CATARINA TAVARES;DISTRITO DE CUNCAS
SANTA QUITÉRIA;54;213;CENTRO;CRECHE GERACINA LÔBO DE MESQUITA;RUA MONSENHOR FURTADO, 474.
CAUCAIA;37;505;CUMBUCO;E.E.F. HELENA DE AGUIAR DIAS;AV DOS COQUEIROS, S/N
FORTALEZA;112;346;JARDIM DAS OLIVEIRAS;EEFM D. LUIZA TÁVORA - PRÓ MORAR;RUA FREI CANECA, 379
FORTALEZA;85;374;GENIBAÚ;EMEIF MANOEL CAETANO DE SOUZA;RUA SANTA LUCIA 170
FORTALEZA;85;211;GENIBAÚ;ESCOLA MUNICIPAL PROF AMERICO BARREIRA;RUA RICARDO PONTES 529
CAMOCIM;32;45;CRUZEIRO;CENTRO SOCIAL URBANO - CSU;RUA RIACHUELO S/N
FORTALEZA;93;102;PREFEITO JOSÉ WALTER;ESCOLA MUNICIPAL ARI DE SA CAVALCANTE (JOSÉ WALTER);AV. H, 430 III ETAPA
MISSÃO VELHA;16;56;FREI DAMIÃO DE BOZZANO;EEFM MONSENHOR ANTONIO FEITOSA;AVENIDA CORONEL JOSÉ DANTAS, S/N
PACOTI;5;192;CENTRO-SEDE;EEFM ESCOLA MENEZES PIMENTEL;RUA DUARTE HOLANDA 573
CARIRIAÇU;71;14;VALÊNCIA;EEF MARTINIANO ELIAS DA SILVA;RUA ANTONIO GOMES, S/N
BATURITÉ;5;119;CONSELHEIRO ESTELITA-SEDE;SECRETARIA DO DESENVOLVIMENTO ECONÔMICO E SOCIAL - SEDES (ANTIGO CSU);AV FRANCISCO BRAGA FILHO, SN
BARBALHA;31;35;CENTRO;ETI DR. LYRIO CALLOU;RUA EDMUNDO DE SA SAMPAIO, 180
BREJO SANTO;70;212;CENTRO-SEDE;E E F M JOSÉ MATIAS SAMPAIO;RUA MANOEL INACIO BEZERRA 49
MARANGUAPE;4;447;PAPARA;EMEIEF JOÃO LEITE;RUA FERNANDO SAMPAIO DE ANDRADE, S/N
CRUZ;30;105;CAICARA;ESCOLA JOAO LADISLAU DE PAULO MAGALHAES;CAICARA
CRUZ;30;281;CENTRO;ESCOLA CONSTÂNCIA DE SOUSA MUNIZ;CENTRO
CHOROZINHO;49;91;TOURADA;EEF JOSE RODRIGUES DE SOUSA;LOCALIDADE TOURADA
TABULEIRO DO NORTE;91;49;OLHO D'ÁGUA DA BICA;EEMTI ANTONIO VIDAL MALVEIRA;OLHO D'ÁGUA DA BICA
FORTALEZA;113;327;FARIAS BRITO;ESCOLA ESTADUAL DE EDUCAÇÃO PROFISSIONAL  PRESIDENTE ROOSEVELT;AV BEZERRA DE MENEZES 435
FORTALEZA;113;393;MONTESE;IMPARH;AV JOAO PESSOA, 5.609
FORTALEZA;112;557;SABIAGUABA;EM PROFESSORA JOSEFINA PARENTE DE ARAÚJO;RUA PEDRO MAMEDE, 175
FORTALEZA;113;152;BOM FUTURO;COLÉGIO MEDALHA MILAGROSA;RUA PADRE JOÃO PIAMARTA,  415
FORTALEZA;85;148;CONJUNTO CEARÁ I;EEF GOVERNADOR FAUSTINO ALBUQUERQUE - UV1;RUA 143 N 155 - 1 ETAPA
FORTALEZA;116;39;GRANJA LISBOA;EM PROF ANTONIA MARIA DE LIMA;RUA SARGENTO JOAO PINHEIRO 2601
PACAJUS;49;326;CONJUNTO COHAB;EEF MARIA VALCIRA NUNES NOGUEIRA;AV TEREZINHA LOPES MARTINS 34
APUIARÉS;50;167;ZONA RURAL;PONTO DE APOIO DA SAÚDE;BOA VISTA
JUCÁS;43;124;VENEZA - SÍTIO - MEL;ESCOLA ANTONIO GOMES;SÍTIO MEL
QUIXELÔ;13;311;ÁREA RURAL DE QUIXELÔ;ESCOLA DE ENS FUND ANTONIO VICENTE FLORENTINO;CHAPADA -SITIO
SANTANA DO ACARAÚ;44;186;ZONA RURAL;SALÃO COMUNITÁRIO DO SÃO MAURÍCIO;SÃO MAURÍCIO
QUIXADÁ;6;366;PLANALTO RENASCER;EEFM RAIMUNDO MARQUES DE ALMEIDA (ESCOLA MODELO);RUA PARAGUAI, 2055
JARDIM;119;297;CENTRO;ESCOLA DR. ROMAO SAMPAIO;RUA JOSE MARROCOS 240
PACAJUS;49;120;BANGUE I;EEF RAIMUNDO SOTERO DE MOURA;AV EXPEDITO CHAVES CAVALCANTE 2951
TRAIRI;97;59;ALAGADICO DE CIMA;CENTRO COMUNITARIO FRANQUINHO DAMASCENO;ALAGADICO DE CIMA
BANABUIÚ;6;439;PEDRAS BRANCAS;EEF CORONEL PERGENTINO FERREIRA;BOA AGUA
BOA VIAGEM;63;70;MASSANGANA;EEF PATROLINO RIBEIRO DO NASCIMENTO;MASSANGANA
JAGUARIBE;10;65;CENTRO;ESCOLA DE ENSINO FUNDAMENTAL ALICE DIÓGENES PINHEIRO;AV GOV. VIRGILIO TÁVORA S/N
AMONTADA;89;158;NASCENTE;EEBTI RAIMUNDO GOMES GARCEZ;NASCENTE
FORTALEZA;118;681;PARQUE DOIS IRMÃOS;EMEIF INFANTE ROSALINA RODRIGUES;AV. 02, N 700
MARANGUAPE;4;23;PARQUE IRACEMA - MARANGUAPE;CEI MÁRIO VALENTIM DE ANDRADE;RUA ANTÔNIO GOMES BESSA, S/N
FORTALEZA;112;556;CIDADE DOS FUNCIONÁRIOS;COLEGIO MASTER SUL;RUA BENJAMIM MOURA, 631
TRAIRI;97;21;MUNDAU;EEF SATURNINO LOPES DO PRADO;RUA VILA MARIANO S/N
BEBERIBE;84;136;SUCATINGA;ESCOLA MUNICIPAL JOSE RUFINO PEREIRA;TABUBA
PIQUET CARNEIRO;12;172;CATOLE DA PISTA;EMEF JOSÉ ELIEDSON DE BRITO;CATOLE DA PISTA
CARIRIAÇU;71;136;PERNAMBUQUINHO;CEI MARIA MARTINHA DA SILVA;AVENIDA CACHIMBÃO
FORTALEZA;95;105;CONJUNTO PALMEIRAS;EEFM DOUTORA ALDACI BARBOSA;RUA VALPARAISO, 155
QUIXERÉ;29;258;LAGOINHA;EEIF FRANCISCO ANTONIO DA SILVA;SITIO UBAIA
JAGUARUANA;75;57;CENTRO;E.E.M. MANUEL SÁTIRO;AV DR ANTÔNIO DA ROCHA FREITAS, 1278
MARACANAÚ;104;65;TIMBÓ;EMEF ADAUTO FERREIRA LIMA;AVENIDA CONTORNO LESTE, S/N
LIMOEIRO DO NORTE;29;156;ÁREA RURAL;ESCOLA DE 1 GRAU ANTONIO ALONSO DE OLIVEIRA;SITIO GENIPAPEIRO
FORTALEZA;113;239;PARQUELÂNDIA;EEFM ANTONIO SALES - PARQUELÂNDIA;RUA PROF. ANACLETO, 630
FORTALEZA;117;396;BOM JARDIM;EMEIF PROF. EDILSON BRASIL SOAREZ;RUA LOCAL 11 - CJ. TATUMUNDE
FORTALEZA;113;301;JOSÉ BONIFÁCIO;COLÉGIO FARIAS BRITO;RUA SENADOR POMPEU, 2607
SOBRAL;121;68;ARACATIAÇU;EEMTI ISRAEL LEOCADIO DE VASCONCELOS;PRACA DA VARZEA, 479 - ARACATIAÇU
ERERÉ;10;111;CENTRO;SECRETARIA DE EDUCACAO CULTURA E DESPORTO;RUA SENADOR FERNANDES TAVORA, 574
ERERÉ;10;125;CAIXA D'AGUA;E.E.F 4 DE JUNHO;RUA JOSÉ PESSOA DE QUEIROZ, S/N
FORTALEZA;80;181;FÁTIMA;CENTRO EDUC. DA JUV. PE. JOÃO PIAMARTA - AGUANAMBI;AV. AGUANAMBI, 2479
TRAIRI;97;62;AGUA BOA;EEF MANOEL VIEIRA;AGUA BOA
FORTALEZA;118;569;BOA VISTA-CASTELÃO;EEFM PROFESSORA MARIA GONCALVES;RUA N S DO MONTE CARMELO S/N
FORTALEZA;82;409;MONTE CASTELO;CENTRO EDUCACIONAL SÃO MATEUS;AV. SARGENTO HERMÍNIO SAMPAIO, 2440
FORTALEZA;82;674;ÁLVARO WEYNE;EM ALDEÍDES RÉGIS;RUA IRINEU DE SOUSA, 176
MORADA NOVA;47;30;CENTRO;CEMER-COLEGIO ESTADUAL MARIA EMILIA RABELO;AV MANOEL CASTRO, 619
ARARENDÁ;48;121;LAGOA DO PEIXE;E. E. F. FRANCISCO DE PAULA FILHO;LOCALIDADE DE LAGOA DO PEIXE
IBIAPINA;73;71;PEDRINHAS;ESCOLA NOSSA SENHORA DAS GRAÇAS;RUA MIGUEL CANUTO, S/N
CAUCAIA;37;623;CAMURUPIM;E.E.I.E.F. SÃO SEBASTIÃO;RUA LUIS DA CUNHA LIMA, S/N
CARNAUBAL;22;138;SAO VICENTE;EEF AQUILES PERES MOTA;AV SAO VICENTE
ICAPUÍ;8;156;BARREIRAS DE BAIXO;CENTRO DE EDUCAÇÃO INFANTIL ANA RODRIGUES;BARREIRAS DE BAIXO
ARACATI;8;3;CENTRO;E.E.F. DARCI RIBEIRO;RUA TEÓFILO PINTO, S/N.
CANINDÉ;33;25;SANTA LUZIA;EMEF SENADOR CARLOS JEREISSATI;RUA EUCLIDES BARROSO, 1048
QUIXERÉ;29;213;SEDE;EEFM GOVERNADOR MANOEL DE CASTRO FILHO;RUA PADRE JOAQUIM DE MENEZES 1110
FORTALEZA;82;383;ÁLVARO WEYNE;COLÉGIO MENINO JESUS DE PRAGA;RUA ANA FACÓ, 140
JAGUARUANA;75;93;ESTREITO;CAPELA DO SITIO ESTREITO;ESTREITO
MADALENA;63;194;SEDE;EEF VICENTE PATRICIO DE ALMEIDA;RUA PROFª ROSA ALMEIDA SOUSA, S/N - MACAOCA
PACAJUS;49;8;CENTRO;EEF ARACY GONZAGA DA SILVA;RUA CORONEL CICERO NOGUEIRA DE QUEIROZ 827
FORTALEZA;80;240;TAUAPE;EEFM NOEL HUGNEN OLIVEIRA PAIVA;RUA MONSENHOR SALAZAR 279
FORTALEZA;95;175;PARQUE SANTA MARIA;EEMTI POETA OTACILIO COLARES;RUA JORGE DA VEIGA, 265
POTENGI;68;44;CENTRO;ESCOLA MUNICIPAL LUIZA MENDES RODRIGUES - SEDE;RUA FRANCISCO RODRIGUES DA FONSECA , 492 - SÃO FRANCISCO
CANINDÉ;33;459;SANTA LUZIA;EMEF SENADOR CARLOS JEREISSATI;RUA EUCLIDES BARROSO, 1048
LIMOEIRO DO NORTE;29;148;ÁREA RURAL;ESCOLA DE 1 GRAU JOAQUIM GUERREIRO FILHO;CANTO GRANDE DE CIMA
VARJOTA;65;145;EMPRÉSTIMOS;E.E.F. EMILIANO RIBEIRO DA CUNHA;RUA FRANCISCO RIBEIRO DE LIMA, 184
UBAJARA;73;205;DISTRITO NOVA VENEZA;CRECHE JOÃO FERREIRA DA COSTA;DISTRITO NOVA VENEZA
AQUIRAZ;66;84;PATACAS;EMEF MARIA SOARES DE FREITAS;AV JOSUE LEITE DE FREITAS S/N
AQUIRAZ;66;274;TUPUIU;EMEF FRANCISCO DA SILVA SAMPAIO;ESTRADA DO FIO TELEGRAFO
AQUIRAZ;66;294;IGUAPE;EEFM CEL OSVALDO STUDART;RUA CEL OSVALDO STUDART 117 CENTRO
UBAJARA;73;85;CENTRO;MAÇONARIA;AV MONS GONÇALO EUFRASIO
PARAIPABA;109;170;SETOR C2;EMEIF EDMUNDO PEREIRA BARBOSA;PROJETO IRRIGADO DO CURU - SETOR C2
MUCAMBO;79;206;CENTRO;E.E.M. JOSÉ CLÁUDIO DE ARAÚJO;RUA JOSÉ CLÁUDIO DE ARAÚJO, 615
RERIUTABA;79;76;AÇUDE DO MATO;E.E.F. NOSSA SENHORA DAS GRACAS;AÇUDE DO MATO
UBAJARA;73;128;FURNALHÃO - DISTRITO DE ARATICUM;UBS - JOSÉ NORBERTO DE AZEVEDO;SÍTIO FURNALHÃO
FORTALEZA;95;135;JANGURUSSU;EM PROFESSOR FRANCISCO DE MELO JABORANDI;AV. GOVERNADOR LEONEL BRIZOLA, 198
MUCAMBO;79;242;CENTRO;ESCOLA ELZE MENDES DE AGUIAR;AV AGRONOMO JOSE ALVES, S/N - SEDE
IPAUMIRIM;92;132;CENTRO-SEDE;CENTRO DE EDUCAÇÃO INFANTIL POETA ALBERTO ALEXANDRE VIANA DE MOURA;AVENIDA ARGEMIRO FELIZARDO VIEIRA
CANINDÉ;33;246;MONTE ;EMEF SÃO FRANCISCO;AV FRANCISCO CORDEIRO CAMPOS, 500
SENADOR SÁ;45;63;ZONA RURAL;EEF ZILDA OLIVEIRA AGUIAR;DISTRITO DE SERROTA
SOLONÓPOLE;55;32;PASTA;GRUPO ESCOLAR ANTONIO BENIGNO BEZERRA;DISTRITO PASTA
NOVA OLINDA;53;19;CENTRO;EMEF ANA FERREIRA DO NASCIMENTO;AV. PERIMETRAL SUL,  SN
BATURITÉ;5;76;CANDEIA SAO SEBASTIAO-POVOADO;EMEF CAPITAO PORFIRIO RODRIGUES DE SOUZA;RUA IRMA ROBUSTINA SN
MORADA NOVA;47;283;ARUARU;EEB BENEVENUTO LINO DO NASCIMENTO;RUA DE FATIMA S/N PATOS
CAPISTRANO;105;41;SEDE;CRECHE PROFESSORA MARIA ANTONIETA SANTOS;CIDADE NOVA - RUA VIDELINA
MAURITI;76;19;SERRINHA;CENTRO EDUCACIONAL DE MAURITI;RUA JOSÉ LEITE DA COSTA, 629
SOBRAL;24;406;JORDÃO;EEFI CORONEL JOSE LEONCIO;VILA BARACHO
PARAIPABA;109;136;CAMBOAS;EMEF FRANCISCO BATISTA DE AZEVEDO;RUA SÃO SEBASTIÃO, S/N
BREJO SANTO;70;18;ARAUJÃO;UNIVERSIDADE FEDERAL DO CARIRI - UFCA;RUA OLEGÁRIO EMÍDIO DE ARAÚJO, S/N
LIMOEIRO DO NORTE;29;198;LUIZ ALVES DE FREITAS;EEEP LÚCIA BALTAZAR COSTA;RUA GONÇALVES PEREIRA, S/N, ESTRADA DE FLORES
IPUEIRAS;40;61;BARRO VERMELHO;EEF SEBASTIÃO FERREIRA CHAVES - BARRO VERMELHO;BARRO VERMELHO
FORQUILHA;121;209;CENTRO;ESCOLA DE CIDADANIA MOESIO LOIOLA MELO JUNIOR(MODELO);AVENIDA GRANDE ORIENTE DO BRASIL SN
ITATIRA;33;452;ZONA RURAL;ESCOLA MUNICIPAL SANTO ISIDRO;LOCALIDADE DE TIMBAÚBA
SENADOR POMPEU;12;99;CARACARA;CEI  MARIA DAS DORES DE MAGALHÃES OLIVEIRA;RUA AUDISIO VIEIRA DO NASCIMENTO S/N
TAUÁ;19;104;MARROAS;EPG LUIZ FERREIRA DOS SANTOS;OLHO D AGUA DOS MOTA
FORTALEZA;82;249;CARLITO PAMPLONA;EM HILBERTO SILVA;AV. PRESIDENTE CASTELO BRANCO, 2973
BEBERIBE;84;52;MORRO BRANCO;ESCOLA MUNICIPAL JOSE BESSA;MORRO BRANCO
BEBERIBE;84;17;CENTRO;ESCOLA DE ENSINO FUNDAMENTAL E MEDIO ANA FACO;RUA VICENTE MATHIAS 119
TABULEIRO DO NORTE;91;33;OLHO D'ÁGUA DA BICA;ESCOLA ERUNDINA NUNES MALVEIRA;OLHO D'ÁGUA DA BICA 
PIRES FERREIRA;21;102;DISTRITO;E.E.F. JOAQUIM ROSA BARBOSA;MARRUAS DOS ROSA
MARANGUAPE;4;423;SÃO JOÃO DO AMANARI;EMEF JOSÉ PEREIRA DE SOUSA;RUA MIGUEL FERNANDES, 571
FORTALEZA;82;550;PIRAMBU;CENTRO EDUCACIONAL DOM HÉLIO CAMPOS;RUA SÃO RAIMUNDO, 199
TRAIRI;97;22;CORREGO FUNDO;EEF ANTONIO ROBESPIERRE VIANA;CORREGO FUNDO
JUAZEIRO DO NORTE;119;467;LAGOA SECA;ESCOLA DOUTOR MOZART CARDOSO DE ALENCAR;ARNOBIO BACELAR CANECA
SÃO JOÃO DO JAGUARIBE;91;131;PINTO;POSTO DE SAUDE MUNICIPAL DO  SITIO PINTO;SITIO PINTO
ICÓ;15;143;AROEIRAS - SITIO;E.M.PROFª MARIA SILVA BARROS;SITIO AROEIRAS S/N
FORTALEZA;94;786;QUINTINO CUNHA;IGREJA DE SÃO JOSÉ;R. GEN. ALÍPIO DOS SANTOS, 375
SOBRAL;121;262;GERARDO CRISTINO;ETI MARIA DORILENE ARRUDA ARAGAO;AV. MONS. ALOÍSIO PINTO, 1.635 D. EXPEDITO
AMONTADA;89;131;ICARAÍ;EEBTI MARIA ALVES SOBRINHA;PRAÇA DA MATRIZ
IPUEIRAS;40;123;QUIXERÉ;EEF CIRILO ELIAS CAVALCANTE - QUIXERÉ;QUIXERÉ
JUCÁS;43;122;VILA JOSÉ BENTO - SEDE;ESCOLA DE ENSINO FUNDAMENTAL  AUREA LEAL;VILA JOSE BENTO 170
FORTALEZA;117;300;BOM JARDIM;EM PROFESSOR JOSÉ FERREIRA DE ALENCAR;RUA SÃO FRANCISCO DO JARDIM, 557
ORÓS;15;240;SAO JOSE - SEDE;E.E.F. ROBERTO ROLIM;TRAVESSA MARIA PINHEIRO DA COSTA S/N
ITAPIÚNA;105;141;DISTRITO DE ITANS;EEIEF JOAO BATISTA DE AGUIAR;RUA JOSE QUIRINO S/N
BARBALHA;31;85;VILA DO CALDAS;COMPLEXO AMBIENTAL/TELEFÉRICO MIRANTE DO CALDAS;RUA DANIEL CORDEIRO DAS NEVES, S/N
FORTALEZA;80;156;VILA UNIÃO;EEFM CEL PROF JOSÉ AURÉLIO CÂMARA;RUA JORGE ACURCIO, 655
BARREIRA;52;121;CAJUEIRO;ESCOLA FRANCISCO RAMOS DE ALBUQUERQUE (PRÉDIO NOVO);CAJUEIRO
FORTALEZA;85;394;GENIBAÚ;CENTRO DE EDUCAÇÃO INFANTIL MURILO AGUIAR;RUA 24 DE OUTUBRO N 1063
PACATUBA;57;160;ALTO SAO JOAO;EEIEF DR. CARLOS ALBERTO DE ALMEIDA PONTES;RUA JOSE FRANKLIN S/N
FORTALEZA;80;375;TAUAPE;CENTRO DE DESENVOLVIMENTO SOCIAL SEMEANDO (ANTIGO EURICO BERGSTEN);RUA CRUZ ABREU 204
FORTALEZA;94;31;ANTÔNIO BEZERRA;EEFM JOSE BEZERRA DE MENEZES (POLIVALENTE);RUA DR. JOÃO GUILHERME, 311
TABULEIRO DO NORTE;91;11;CENTRO;CRECHE MARIA ANALIA DE LIMA;RUA MANOEL FRANKLIN,  4117
FORTALEZA;85;189;CONJUNTO CEARÁ I;EEFM JOSE LEOPOLDINO DA SILVA FILHO - UV4;RUA QUATROCENTOS E QUARENTA E OITO, 1, 2A ETAPA
BATURITÉ;5;35;SANHARAO-SEDE;INSTITUTO FEDERAL DE EDUCAÇÃO, CIÊNCIA E TECNOLOGIA IFCE;RUA OUVIDOR MOR VITORINO SOARES BARBOSA, 160
FORTALEZA;112;544;ENGENHEIRO LUCIANO CAVALCANTE;ESCOLA ESTADUAL DE EDUCAÇÃO PROFISSIONAL JAIME ALENCAR DE OLIVEIRA;AV ROGACIANO LEITE, 2285
FORTALEZA;80;286;VILA UNIÃO;EEF GAL.  MANUEL CORDEIRO NETO;RUA JORGE ACURCIO, 900
MOMBAÇA;46;55;CENTRO;ESCOLA DE ENSINO FUNDAMENTAL CÂNDIDO SIMAO;CANGATI - DISTRITO DE CANGATI
PEDRA BRANCA;59;147;MINEIROLANDIA;E.E.F.I  DOM JOSE MAURO;RUA VICENTE MINEIRO, 25
FORTALEZA;118;630;SERRINHA;ESCOLA EVANGELICA MONTE SINAI;RUA BRUNO VALENTE, 847
ORÓS;15;295;PALESTINA - DISTRITO;E.E.F. MANOEL LEITE BARBOSA;RUA 07 DE SETEMBRO, S/N
PARACURU;109;7;CENTRO;E. M. E. F. PADRE JOAO DA ROCHA;RUA DES PONTES VIEIRA, 575
REDENÇÃO;52;137;CENTRO (SEDE);ESCOLA PE. SARAIVA LEÃO (ANTIGA ESCOLA ADOLFO FERREIRA DE SOUSA);RUA SANTA RITA, N. 263
ERERÉ;10;116;CENTRO;E.E.F.M. SENADOR FERNANDES TAVORA ( ESPECIAL );RUA CAPITAO FRANCISCO RODRIGUES, 574
BREJO SANTO;70;142;CENTRO-SEDE;E E F M JOSÉ MATIAS SAMPAIO;RUA MANOEL INACIO BEZERRA 49
MOMBAÇA;46;126;BOA VISTA;ESCOLA DE ENSINO FUNDAMENTAL JARDILINA VIEIRA DE SOUSA;SITIO SANTA RITA II
ARACATI;8;66;PEDRA REDONDA;E.E.F. JOAO MACIEL DE SANTANA;PEDRA REDONDA
ARACATI;8;203;QUINDERE II;E.E.F. FRANCISCA CLOTILDE;QUINDERE II
ARACATI;8;209;BARREIRA DOS VIANAS;E.E.F. FRANCISCO NOGUEIRA CAVALCANTE;BARREIRA DOS VIANAS
QUIXERAMOBIM;11;150;SAO MIGUEL;ESCOLA MARIA FRANCISCA DE LIMA;SANTA IZABEL
CARIRIAÇU;71;18;FEITOSA;EEF JOAQUIM ALVES FEITOSA;VILA FEITOSA
CAUCAIA;37;429;CARAÚBAS;E.E.F. ESTEVAO FERREIRA DA ROCHA;POVOADO DAS CARAÚBAS
CARIRIAÇU;71;53;NOSSA SENHORA DO CARMO;SECRETARIA DE SAÚDE - ANCILON FERREIRA TAVARES;RUA LUIZ ROLIM, SN
FORTALEZA;94;481;VILA VELHA;EM CASTELO DE CASTRO;RUA 43 1531
BREJO SANTO;70;44;LAGOA DO MATO-SEDE;ESC MUN BARTOLOMEU MADEIRO;VILA LAGOA DO MATO
BEBERIBE;84;18;PARAJURU;ESCOLA MUNICIPAL MONSENHOR JOAQUIM DE JESUS DOURADO;RUA MONSENHOR DOURADO SN - CENTRO
FORTALEZA;113;347;PARQUELÂNDIA;SECRETARIA EXECUTIVA REGIONAL III - FORTALEZA;AV JOVITA FEITOSA 3090
PACATUBA;57;109;PAVUNA;CENTRO DE EDUCACAO RURAL CLOVIS DE CASTRO PEREIRA;RUA CLOVIS DE CASTRO PEREIRA 235
TABULEIRO DO NORTE;91;152;SÃO BENTO;EEB JOSE BIZERRA DE LIMA - SITIO SÃO BENTO;SITIO SÃO BENTO
FORTALEZA;95;92;BARROSO;EEFM PADRE MARCELINO CHAMPAGNAT;RUA DAURA, 120
PACAJUS;49;86;BANGUE I;EEF RAIMUNDO SOTERO DE MOURA;AV EXPEDITO CHAVES CAVALCANTE 2951
CAMOCIM;32;249;SAO PEDRO;CENTRO DE ESPECIALIDADES ODONTOLOGICAS - CEO;RUA 24 DE MAIO SN
SOBRAL;24;443;ALTO DA BRASÍLIA;EEFI RAUL MONTE;RUA MACEIO, S/N
BARBALHA;31;24;ROSÁRIO;FACULDADE DE MEDICINA DE BARBALHA (UFCA);RUA DIVINO SALVADOR, 284
BARBALHA;31;174;BARRO VERMELHO;ETI MARIA LINHARES SAMPAIO (SÍTIO BARRO VERMELHO);SITIO BARRO VERMELHO
JATI;70;363;CENTRO-SEDE;CASA DE APOIO AO IDOSO E À MULHER (SAS);RUA SABINO PEREIRA, 29
FORTALEZA;93;287;PREFEITO JOSÉ WALTER;CEI RACHEL DE QUEIROZ;RUA 41, S/N - II ETAPA
PARACURU;109;20;CENTRO;E. E. M. HERMINIO BARROSO;CAP JOSE TELES, S/N
BARBALHA;31;7;VILA ARAJARA;EEF ANTONIO COSTA SAMPAIO (VILA DO ARAJARA);RODOVIA CE-386, S/N, VILA DO ARAJARA (7.33853 S, 39.39163 W)
LIMOEIRO DO NORTE;29;199;BOM NOME;EEF FRANCISCO JACY LUZ;RUA ANTONIO RIBEIRO DE CASTRO
MORADA NOVA;47;239;ARUARU;EEB BENEVENUTO LINO DO NASCIMENTO;RUA DE FATIMA S/N PATOS
SOBRAL;121;69;ARACATIAÇU;EEMTI ISRAEL LEOCADIO DE VASCONCELOS;PRACA DA VARZEA, 479 - ARACATIAÇU
EUSÉBIO;88;208;MANGABEIRA;EEIF OTONI SA;RUA EDNARDO WEINE, 389 - MANGABEIRA
ARACATI;8;282;CENTRO;E.E.F. SÃO MARCELINO CHAMPAGNAT;AV. CEL. ALEXANZITO, 1272
ITATIRA;33;408;LOCALIDADE SAO GONÇALO;EEF JOSÉ PEREIRA SOBRINHO;SÃO GONÇALO,
BELA CRUZ;96;54;RIACHO DA PRATA-LOCALIDADE;EMEIEF CRISPIM JOSE DA SILVA;RIACHO DA PRATA
ARACOIABA;67;139;VAZANTES-DISTRITO;ESCOLA MUNICIPAL CAPITAO ANTONIO JOAQUIM;RUA DO COMERCIO SN
RUSSAS;9;286;FLORES;ESCOLA MUNICIPAL SAO GERARDO;RAMAL DE FLORES
CARIDADE;111;83;CAMPOS BELOS;EEF SENADOR VIRGILIO TAVORA;BR 020 KM 348
FORTALEZA;94;812;QUINTINO CUNHA;IGREJA DE SÃO JOSÉ;R. GEN. ALÍPIO DOS SANTOS, 375
MORADA NOVA;47;254;VARZANTES;EEB FRANCISCO ANDRADE TEÓFILO GIRÃO;AV PRESIDENTE GEISEL, 4000
IRAUÇUBA;41;27;CENTRO-SEDE;EEMTI DIRETORA MARIA DILMA BASTOS FERREIRA (ESCOLA DE ENSINO MEDIO);AVENIDA PAULO BASTOS, 68
JARDIM;119;313;SITIO LAMEIRAO;ESCOLA AGOSTINHO FELIX DE FIGUEIREDO;SITIO LAMEIRAO                                            SN
FORTALEZA;113;196;FARIAS BRITO;EEFM DR.CÉSAR CALS;AV. DOMINGOS OLIMPIO, 1800
ICÓ;15;39;CENTRO - SEDE;EEM - VIVINA MONTEIRO;RUA DR INACIO DIAS S/N
EUSÉBIO;88;88;CENTRO;EEM ANA BEZERRA DE SA;AV AIRTON SENA, 130 - CENTRO
QUIXELÔ;13;166;CENTRO;EEF CRISTIANA VIEIRA DE ARAUJO;RUA PEDRO GOMES DE ARAÚJO S/N
FORTALEZA;112;432;EDSON QUEIROZ;COLEGIO ARI DE SA CAVALCANTE WS;AV WASHINGTON SOARES, 3737
AQUIRAZ;66;312;FAGUNDES;CRAS - FAGUNDES;AV.PRES.CASTELO BRANCO - TAPERA
SENADOR POMPEU;12;70;SAO JOAQUIM;CASA PAROQUIAL;SÍTIO JATOBA
ARACATI;8;109;LAGOA DAS CARAUBAS;POSTO DE SAÚDE DA LAGOA DAS CARAUBAS;LAGOA DAS CARAUBAS
FORTALEZA;80;146;TAUAPE;COLÉGIO MONSENHOR JOVINIANO BARRETO - INFANTIL;RUA FREI VIDAL, 1680
QUIXERAMOBIM;11;110;VILA BETANIA;ESCOLA JOSE CARNEIRO;RUA RAIMUNDO SALDANHA SN
FORTALEZA;116;490;GRANJA LISBOA;EM DOM LUSTOSA;RUA GERALDO BARBOSA 3901
PINDORETAMA;7;88;PRATIUS - 1;EMEB JOSÉ DE QUEIROZ FERREIRA;AV. VALE ALBINO, SN - RODOVIA CE 454 - PRATIUS - 1
GRANJA;25;244;OITEIRO;E.E.F. DEPUTADO DELMIRO DE OLIVEIRA;RUA 105, COHAB VICENTE ARRUDA
POTIRETAMA;86;68;CENTRO;ESCOLA DE 1 GRAU MARIA DE OLIVEIRA FILGUEIRA;RUA MARIA DE OLIVEIRA FILGUEIRA SN
QUIXERÉ;29;250;LAGOINHA;EEB MENINO JESUS DE PRAGA;RUA ZACARIAS FERREIRA DE SOUSA SN
CAUCAIA;120;393;PADRE JULIO MARIA;E.E.F. MARIA MOTA RODRIGUES;RUA CORONEL CORREIA, 3267
TURURU;17;650;AREA RURAL DE TURURU;CENTRO EDUCACIONAL NOSSA SENHORA DOS MILAGRES;CONCEIÇÃO DOS CAETANOS
CHORÓ;6;309;MARAVILHA;EEIF MARIA AMELIA;BOA VISTA, S/N, MARAVILHA
FORTALEZA;118;647;PARQUE DOIS IRMÃOS;EM MANUEL LIMA SOARES;AVENIDA NORTE SUL, 145 (CJ JARDIM PRIMAVERA)
MOMBAÇA;46;124;VILA SÃO JOSÉ;CEI MARIA OLÍVIA ALVES DE ALENCAR;RUA MARIA BATISTA DE ALMEIDA, S/N
FORTALEZA;85;265;AUTRAN NUNES;EMEIF DOLORES ALCANTARA;RUA CARDEAL ARCOVERDE S/N
GROAÍRAS;65;138;JOSE CASSIANO FEIJAO;CRECHE PRO INFANCIA FRANCISCA TORRES DE PAULA - GROAÍRAS;AV. DOMINGOS JOÃO DE MELO
JUAZEIRO DO NORTE;119;453;MONSENHOR FRANCISCO MURILO DE SA BARRETO;E.E.I.F. ISAAC QUIRINO TEIXEIRA;AV. AURELIANO PEREIRA DA SILVA, S/N
IGUATU;13;61;AREIAS I;ESCOLA DE ENS MÉDIO ADAUTO BEZERRA;RUA DEOCLECIO LIMA VERDE SN
FORTALEZA;2;447;GUAJERU;EEEP COMENDADOR MIGUEL GURGEL;RUA JOSE BAIMA, S/N
PACUJÁ;79;201;ZIPU;E.E.F. ACHILLES BARRETO;SÍTIO ZIPÚ
JUAZEIRO DO NORTE;119;271;ANTONIO VIEIRA;ESCOLA PREFEITO ANTONIO CONSERVA;CONSTRUTOR JOSE SABINO SN
ITAPAJÉ;41;46;ESMERINO GOMES;EEEP ADRIANO NOBRE;RUA ODILON FERREIRA GOMES, 475.
ITAPIPOCA;17;504;CENTRO;EEM JOAQUIM MAGALHÃES;RUA PERGENTINA ARAUJO S/N
FORTALEZA;2;97;LAGOA REDONDA;COLÉGIO AGNUS SUL;TRAVESSA MARROCOS, 145
FORTALEZA;95;111;CONJUNTO PALMEIRAS;EMTI JOAO GERMANO DA PONTE NETO;RUA MAIZA, 549
JARDIM;119;300;CENTRO;ESCOLA DR. ROMAO SAMPAIO;RUA JOSE MARROCOS 240
JUAZEIRO DO NORTE;119;277;JOAO CABRAL;ESCOLA JERONIMO FREIRE DOS SANTOS;VIRGINIA MENDONCA SN
INDEPENDÊNCIA;39;174;PEDRA LISA;E.E.F. MARTINIANO GONCALVES DOS SANTOS;PEDRA LISA
GUARACIABA DO NORTE;74;101;DISTRITO;EEF MANOEL BANDEIRA DE MOURA (ESCOLA NOVA DA MARTINSLÂNDIA);MARTINSLANDIA
MIRAÍMA;89;274;BROTAS;EEB MOURA NEGRÃO FILHO;RUA GERALDO HENRIQUE DE ARAUJO 265
TURURU;17;661;RIO DO INÁCIO / ZONA RURAL;EMEF JOSE MANOEL PEREIRA;LOCALIDADE RIO DO INACIO
JAGUARIBE;10;22;DISTRITO DE MAPUÁ;E.E.F. RAIMUNDO LIMA GOMES;RUA FRANCISCO ALVES MORAIS 794
JUAZEIRO DO NORTE;119;126;PIRAJA;ESCOLA AMALIA XAVIER;RUI BARBOSA 468
JUAZEIRO DO NORTE;119;201;PIRAJA;ESCOLA DEMOSTENES RATTS BARBOSA;AILTON GOMES SN
IPUEIRAS;40;61;BARRO VERMELHO;EEF SEBASTIÃO FERREIRA CHAVES - BARRO VERMELHO;BARRO VERMELHO
FORTALEZA;95;268;CAJAZEIRAS;EEMTI PROF. PAULO AYRTON ARAUJO - PRÉDIO ANTIGO;BR 116 KM 05, EM FRENTE AO ASSAÍ ATACADISTA
URUBURETAMA;23;24;CENTRO;EEF CEL JOAO DE PAULA FILHO;RUA FARM JOSE RODRIGUES 706
REDENÇÃO;52;50;DISTRITO DE ANTÔNIO DIOGO;ESCOLA NEIDE TINOCO;SITIO ITAPAÍ
AMONTADA;89;214;ÁREA RURAL DE AMONTADA;EEB JOSE TARCISO HENRIQUE;MARRECAS
FORTALEZA;113;151;BOM FUTURO;COLÉGIO MEDALHA MILAGROSA;RUA PADRE JOÃO PIAMARTA,  415
FORTALEZA;112;398;SAPIRANGA-COITÉ;EEMTI PROFESSORA TECLA FERREIRA;RUA FRANCISCA BEZERRA, 417
PARAMBU;19;327;BRASILIA;ESCOLA JOAO DE SOUSA LEMOS;AVENIDA LUIS GONZAGA FREIRE - BRASÍLIA
FORTALEZA;114;303;BARRA DO CEARÁ;CENTRO EDUCACIONAL ALFA;RUA CHICO XAVIER, 181
FORTALEZA;117;206;CONJUNTO ESPERANÇA;EEFM PROFA ADALGISA BONFIM SOARES;AV. DO CANAL, S/N, ESQUINA COM RUA 103 - CONJUNTO ESPERANÇA
FORTALEZA;117;258;SIQUEIRA;CEI FRANCISCA DE ABREU LIMA;RUA C -  ESQUINA COM A RUA LUIZ MONTENEGRO, S/N
MARCO;96;92;CENTRO-SEDE;PATRONATO MATER DEI;RUA 7 DE SETEMBRO,S/N - CENTRO
FORTALEZA;95;230;CONJUNTO PALMEIRAS;CEI PROFA. ANA MARIA MEDEIROS DA FONSECA;AV. CASTELO DE CASTRO, 2900
PENTECOSTE;50;161;PEDREIRA;EEF EDSON MARTINS CAMPELO;RUA ANTONIO NATALIA
MARACANAÚ;122;2;NOVO MARACANAU;EMEIEF PROFª MARIA DO SOCORRO VIANA FREITAS;RUA 10 S/N
MARACANAÚ;122;79;INDUSTRIAL;EMEIEF CORONEL ADAUTO BEZERRA (ANTIGO WALMIKI);AV. CONTORNO SUL, S/N
RUSSAS;9;62;VARZEA ALEGRE;CENTRO DE EDUCACAO INFANTIL ANA DE OLIVEIRA ROCHA SOMBRA;AV MARIA RAMALHO S/N
IBICUITINGA;47;177;MUQUEM;POSTO DE SAÚDE DO MUQUÉM;SÍTIO MUQUÉM
SÃO GONÇALO DO AMARANTE;36;258;PARADA;ESCOLA DE ENSINO FUNDAMENTAL POETISA ABGAIL SAMPAIO;PARADA
SANTA QUITÉRIA;54;126;BOA VIDA;E.E.E.P.  MONSENHOR LUIZ XIMENES FREIRE;AVENIDA MELQUIADES MOURÃO, SN.
PACAJUS;49;105;CENTRO;EEFM PADRE CORIOLANO (REUNIDA);RUA TENENTE JOAQUIM NOGUEIRA 51
FORTALEZA;94;844;VILA VELHA;EM ANTONIO CORREIA LIMA;RUA HERMES PARAYBA, 934
FORTALEZA;116;370;GRANJA LISBOA;EM JOAO MENDES DE ANDRADE;RUA B (CJ PALMARES), 1366
CARIRIAÇU;71;53;NOSSA SENHORA DO CARMO;SECRETARIA DE SAÚDE - ANCILON FERREIRA TAVARES;RUA LUIZ ROLIM, SN
FORTALEZA;117;216;CONJUNTO ESPERANÇA;EEFM PROFA ADELIA BRASIL FEIJO;AV CONTORNO SUL, 1540
PINDORETAMA;7;257;CENTRO-PINDORETAMA;EEM JULIA ALENQUER FONTENELE;AV. FIRMINO CRISOSTOMO, 1944
CAUCAIA;37;21;PARQUE SOLEDADE;COLEGIO JANUSA CORREA;RUA NOSSA SENHORA DOS PRAZERES, 238
FORTALEZA;83;120;PICI;CENTRO DE EDUCAÇÃO INFANTIL MURILO SERPA;RUA CEL. MATOS DOURADO S/N
FORTALEZA;115;436;VILA PERI;EM RAIMUNDO SOARES DE SOUSA;RUA COSTA FREIRE 550
MISSÃO VELHA;16;94;FREI DAMIÃO DE BOZZANO;EEFM MONSENHOR ANTONIO FEITOSA;AVENIDA CORONEL JOSÉ DANTAS, S/N
MORRINHOS;44;103;DISTRITO DE SITIO ALEGRE;EMEF MARIA LENILDA DE SOUZA;SITIO ALEGRE
PENAFORTE;70;330;CENTRO-SEDE;ESCOLA SIMAO ANGELO;RUA PADRE CICERO S/N
BREJO SANTO;70;171;ARAUJÃO;UNIVERSIDADE FEDERAL DO CARIRI - UFCA;RUA OLEGÁRIO EMÍDIO DE ARAÚJO, S/N
AMONTADA;89;87;CENTRO;EEEP LUIZ GONZAGA FONSECA MOTA;AV GAL ALÍPIO DOS SANTOS 1360
VIÇOSA DO CEARÁ;35;121;SITIO CACIMBINHA;ANEXO HORÁCIO FONTENELE MAGALHÃES;SITIO CACIMBINHA
SENADOR POMPEU;12;52;BRASILIA;SECRETARIA DO TRABALHO E ASSISTÊNCIA SOCIAL (ANTIGO CSU);RUA FRANCISCO LEANDRO S/N
POTENGI;68;64;VILA ANDRADE;CRECHE SONHO MEU - ANTIGO CENTRO ADMINISTRATIVO - SEDE;VILA ANDRADE
TAUÁ;19;119;INHAMUNS;EPG ANA ROSA DO BONFIM;ZACARIAS
TIANGUÁ;81;122;ÁREA RURAL DE TIANGUÁ;E.E.I.F. MARIA VILANI DE JESUS;SÍTIO BOM JESUS
FORTALEZA;116;489;CONJUNTO CEARÁ II;EM FRANCISCO EDMILSON PINHEIRO;AVENIDA H, 2115, 4A ETAPA
FORTALEZA;83;540;PANAMERICANO;ESCOLA MUNICIPAL JOSÉ BATISTA DE OLIVEIRA;RUA GOIÁS 620
IGUATU;13;352;VENEZA;ESCOLA DE ENS FUND FILGUEIRAS LIMA;RUA NELSON ALENCAR
AQUIRAZ;66;132;JUSTINIANO DE SERPA;EMEF ISIDORO DE SOUSA ASSUNCAO (ABC);RUA RUFINO CORREIA DE ASSUNCAO S/N
FORTALEZA;94;888;PADRE ANDRADE;EEMTI MONSENHOR DOURADO;AVENIDA SARGENTO HERMÍNIO SAMPAIO 4600
JUAZEIRO DO NORTE;28;228;FRANCISCANOS;COLÉGIO SÃO FRANCISCO DE ASSIS;NOSSA SENHORA DO CARMO SN
FORTALEZA;93;174;MONDUBIM;EEFM ESTADO DO MARANHAO;RUA CARLOS PIMENTA,506
QUIXERAMOBIM;11;295;DISTRITO INDUSTRIAL;ESCOLA MANOEL MARTINS DE ALMEIDA;AV GERALDO BIZARRIA DE CARVALHO SN
MORADA NOVA;47;24;CENTRO;EEMTI EGIDIA CAVALCANTE CHAGAS;AV MANOEL CASTRO, 473
JAGUARETAMA;72;30;SÍTIO SÃO PEDRO I;CAPELA SANTO EXPEDITO;SÍTIO SÃO PEDRO I
CASCAVEL;7;72;CENTRO;COLEGIO CASCAVELENSE - CC;RUA SAMUEL BEDE, 2626
IGUATU;13;254;JOSÉ DE ALENCAR;PSF DA VÁRZEA GRANDE;VARZEA GRANDE                                     ALENCAR
ITATIRA;33;452;ZONA RURAL;ESCOLA MUNICIPAL SANTO ISIDRO;LOCALIDADE DE TIMBAÚBA
MILAGRES;26;129;CENTRO;CENTRO DE EDUCAÇÃO INFANTIL NOVO ESPAÇO DA CRIANÇA;RUA ABÍLIO CRUZ
JUAZEIRO DO NORTE;28;269;SAO MIGUEL;COLÉGIO OBJETIVO;RUA DOUTOR FLORO, 776
JAGUARIBE;10;4;DISTRITO DE MAPUÁ;E.E.I.E.F. MARIA ÁUREA MENEZES GOMES GONÇALVES;RUA PROJETADA, S/N - DISTRITO DE MAPUÁ
FORTALEZA;94;813;ANTÔNIO BEZERRA;COLÉGIO EVOLUIR;RUA CÂNDIDO MAIA,109
FORTALEZA;94;937;VILA VELHA;COLEGIO SALOME BASTOS;RUA DESEMBARGADOR HERMES PARAHYBA 1120
PORANGA;40;144;ONÇA;GRUPO ESCOLAR GERALDO GOMES DA SILVA - ONÇA;ONÇA
ASSARÉ;18;68;CENTRO;ESCOLA PROFESSORA. BATISTINA BRAGA;RUA DR PAIVA VILA MOTA SN
FORTALEZA;83;622;HENRIQUE JORGE;EEM  MARIANO MARTINS;AVENIDA SENADOR FERNANDES TÁVORA 1445
PINDORETAMA;7;30;CENTRO-PINDORETAMA;EMEB FRANCISCA HOLANDA COSTA;RUA MARECHAL CASTELO BRANCO, 1074
FORTALEZA;116;385;BONSUCESSO;EM FRANCISCA FERNANDES MAGALHAES (COLÉGIO CASTRO);RUA OLIVEIRA SOBRINHO, 1031
AMONTADA;89;134;MOITAS;EEBTI JONAS PEREIRA AZEVEDO;RUA GILVANI TEIXEIRA
FORQUILHA;121;267;SÃO LOURENÇO;EEFI FRANCISCO TEOTONIO ALVES PESSOA;POVOADO DE SAO LOURENCO
FORTALEZA;113;174;BENFICA;FEAAC - UFC;AV. DA UNIVERSIDADE, 2431
CRATO;27;57;PALMEIRAL;SESC - SERVIÇO SOCIAL DO COMÉRCIO;RUA ANDRÉ CARTAXO, 443
CROATÁ;74;43;DISTRITO;ESCOLA MUNICIPAL LUIZ BEZERRA DE PAULO (BARRA DO SOTERO);BARRA DO SOTERO
BAIXIO;92;90;BARROCÃO - SÍTIO;ESCOLA SAO FRANCISCO;SITIO BARROCAO
ITAPIPOCA;17;17;CENTRO;EEFM ANASTACIO ALVES BRAGA;AV DUQUE DE CAXIAS 888
IGUATU;13;327;VILA COQUEIROS;ESCOLA DE ENS FUND CLARA ALVES DE ARAUJO;RUA JOSÉ VIEIRA BARBOSA SN
ARACOIABA;67;161;LAGOA DE SAO JOAO-DISTRITO;ESCOLA MUNICIPAL RAIMUNDO CLEMENTINO DE OLIVEIRA;LAGOA DE SAO JOAO
SANTANA DO CARIRI;53;51;LATÃO;EMEIEF JOAQUIM PINHEIRO DE MENEZES;VILA LATÃO, SN
MARACANAÚ;104;406;PAJUÇARA;EMEIEF PREFEITO ALMIR FREITAS DUTRA;RUA ELÍFIO MEDEIROS DA CUNHA, 531
ARACOIABA;67;103;SAO JOSE-SEDE;ESCOLA MUNICIPAL SAO JOSE;RUA ARTUR BERNARDES SN
LIMOEIRO DO NORTE;29;149;BIXOPÁ;EEF JOSE AFONSO FERREIRA MAIA;DISTRITO DE BIXOPA
FORTALEZA;3;626;ALDEOTA;COLÉGIO BATISTA - SANTOS DUMONT;RUA DESEMBARGADOR LEITE ALBUQUERQUE, 1056
ITAPIPOCA;17;710;ÁREA RURAL DE ITAPIPOCA;EEB SALUSTIANO PAULINO DO NASCIMENTO;SORORÔ
ARARENDÁ;48;85;LAGOA DE SANTO ANTONIO;E. E. F. M.  FIRMINO JOSÉ;DISTRITO DE LAGOA DE SANTO ANTONIO
FORTALEZA;82;571;CRISTO REDENTOR;CEJA  MONSENHOR HÉLIO CAMPOS;AV. MONSENHOR HÉLIO CAMPOS, 251
MARACANAÚ;122;71;ACARACUZINHO;EEFM JOSE MILTON DE VASCONCELOS DIAS;AV. CENTRAL S/N
FORTALEZA;113;5;BENFICA;FACULDADE DE ARQUITETURA E URBANISMO DA UFC;AV. DA UNIVERSIDADE, 2890
BREJO SANTO;70;33;CENTRO-SEDE;E E F M JOSÉ MATIAS SAMPAIO;RUA MANOEL INACIO BEZERRA 49
ARACATI;8;73;LAGOA DO MATO;E.E.F. DRAGAO DO MAR;LAGOA DO MATO
FORTALEZA;113;254;PARQUELÂNDIA;EEFM SANTO AFONSO;RUA GAL. BERNARDO FIGUEIREDO, 2670
MAURITI;76;132;BELA VISTA;E.E. PROFISSIONALIZANTE PE. JOÃO BOSCO DE LIMA;RUA 03, S/N
ICÓ;15;101;CENTRO - SEDE;ESCOLA MUNICIPAL MARIA IRISMAR MACIEL MOREIRA;RUA SAO GERALDO S/N
FORTALEZA;85;302;ANTÔNIO BEZERRA;EEFM ANTONIO BEZERRA;RUA PADRE PERDIGAO SAMPAIO 780
IGUATU;13;60;AREIAS I;INSTITUTO FEDERAL DO CEARÁ - IFCE CAMPUS AREIAS;RUA DEOCLECIO LIMA VERDE SN
ACOPIARA;60;92;CENTRO;CENTRO DE DESENVOLVIMENTO INFANTIL MIGUEL GALDINO DE OLIVEIRA - CDI;AV JOSE MARQUES, 113
MARANGUAPE;4;575;ITAPEBUSSU;EEMTI ANTÔNIO MARQUES DE ABREU;RUA MANUEL GUEDES MARTINS, 1076.
BARREIRA;52;63;LAGOA DO BARRO;ESCOLA RAIMUNDO SESSOSTE DE SOUSA;ANGICOS
FORTALEZA;95;361;JANGURUSSU;EMEIF MARIA DE JESUS ORIÁ ALENCAR;RUA VERDE QUARENTA E TRÊS, S/N, CONJUNTO SÍTIO SÃO JOÃO
FORTALEZA;1;815;COCÓ;UNINTA - FACULDADE UNINTA FORTALEZA;RUA VILEBALDO AGUIAR,133
MADALENA;63;225;SEDE;EEF MARGARIDA ALVES;PAUS BRANCOS
PORTEIRAS;70;310;ABREUS DOIS-SEDE;ESCOLA DE 1 GRAU MIGUEL LAURENTINO DE SOUZA;SITIO ABREUS DOIS
FORTALEZA;116;426;BOM JARDIM;EM RAIMUNDO MOREIRA SENA;RUA G, 93, CJ. NOVA RESIDENCIA
NOVO ORIENTE;99;35;CENTRO;EEM COELHO MASCARENHAS;RUA SAO JOSE S/N
FORTALEZA;112;448;EDSON QUEIROZ;UNIVERSIDADE DE FORTALEZA - UNIFOR;AVENIDA WASHINGTON SOARES, 1321
FORTALEZA;112;30;ENGENHEIRO LUCIANO CAVALCANTE;COLÉGIO ANTARES - SEDE WASHINGTON SOARES;RUA CAETANO XIMENES ARAGÃO,110 - ACESSO PELA RUA ARMANDO DALL'OLIO
MASSAPÊ;45;101;ZONA RURAL;EEF ADALBERTO ALBUQUERQUE;PÉ DA SERRA DOS CLARINDOS
SOBRAL;121;22;TAPERUABA;EEMTI DEP. CESARIO BARRETO LIMA;AV. NOSSA SENHORA DO CARMO S/N CENTRO
SOBRAL;121;142;CENTRO;EEFM DR JOAO RIBEIRO RAMOS;RUA CONSELHEIRO JOSE JULIO
MARACANAÚ;104;249;PAJUÇARA;EMEIEF PREFEITO ALMIR FREITAS DUTRA;RUA ELÍFIO MEDEIROS DA CUNHA, 531
CAUCAIA;123;286;NOVA METRÓPOLE (JUREMA);E.E.F.M. ELIEZER DE FREITAS GUIMARÃES;RUA 145, S/N - NOVA METRÓPOLE
FORTALEZA;95;358;JANGURUSSU;EMEIEF MARTHA DOS MARTINS COELHO GUILHERME;RUA 313, 243, CONJUNTO SÃO CRISTÓVÃO
ARACATI;8;165;NOSSA SENHORA DE LOURDES;E.F.T.I. MIRIAM CALIXTO LIMA GONDIM;RUA ANTONIO CALIXTO, 1735.
TIANGUÁ;81;76;ACARAPE;E.E.I. F. MARIA ANIR AZEVEDO;LOTEAMENTO - SÍTIO ACARAPE
FORTALEZA;94;48;ANTÔNIO BEZERRA;EMTI JOSÉ CARLOS DE OLIVEIRA NETO;R. SAO VICENTE DE PAULO, 170
CAUCAIA;123;518;PARQUE GUADALAJARA (JUREMA);CEI - CENTRO EDUCAÇÃO INFANTIL AFONSO BARBOSA;RUA SACY, 519
NOVA RUSSAS;48;210;PANTANAL;GRUPO ESCOLAR OLMIR MENDES GUEDES;RUA 10, S/N
CAUCAIA;123;374;NOVA METRÓPOLE (JUREMA);E.E.F. EDGARD VIEIRA GUERRA;AV. CONTORNO SUL, 255
FORTALEZA;118;413;SERRINHA;EM MARIA DE CARVALHO MARTINS;AVENIDA DOUTOR SILAS MUNGUBA, 4300
FORTALEZA;95;289;JANGURUSSU;EMEIEF MARTHA DOS MARTINS COELHO GUILHERME;RUA 313, 243, CONJUNTO SÃO CRISTÓVÃO
SÃO GONÇALO DO AMARANTE;36;265;LAGOA DAS COBRAS;ESCOLA DE ENSINO FUNDAMENTAL DEPUTADO FERNANDO ALCANTARA MOTA;LAGOA DAS COBRAS
CARNAUBAL;22;211;SEDE;ESCOLA COSME RODRIGUES DE SOUSA;RUA PRESIDENTE MEDICE SN
TARRAFAS;18;43;ZONA RURAL;GRUPO ESCOLAR VEREADOR FRANCISCO GUALBERTO;RUA PRINCIPAL SN  -  CAICARA
CHAVAL;108;98;POVOADO NOVA OLINDA;ANEXO DA E.E.F. MONSENHOR CARNEIRO;POVOADO NOVA OLINDA
ALTANEIRA;53;6;CENTRO;EEMTI SANTA TEREZA;RUA JOAQUIM ALVES BITU, SN
ITAITINGA;78;276;CARACANGA;EEF HORACIO ALVES FERREIRA;AV CRUZEIRO DO SUL 412
FORTALEZA;114;211;FLORESTA;EM FRANCISCO SILVA CAVALCANTE;RUA CONSELHEIRO LAFAYETTE 205
CARIÚS;43;160;VILA NOVA-SEDE;EEIF MARIA ALCIDES;RUA JUCIER CHAVES S/N
LIMOEIRO DO NORTE;29;184;BOM NOME;EEF FRANCISCO JACY LUZ;RUA ANTONIO RIBEIRO DE CASTRO
COREAÚ;64;86;Ubaúna;UBAÚNA - CEI ANTº AGUIAR NERI;DISTRITO DE UBAÚNA
FORTALEZA;80;295;VILA UNIÃO;ESCOLA MUNICIPAL PAPA JOÃO XXIII;AV TREZE DE ABRIL, 545
BOA VIAGEM;63;239;IPIRANGA;EEF FRANCISCA REGINA SALES;SITIO SALGADO
MARANGUAPE;4;8;SAPUPARA;EMEF JÕAO CIRINO NOGUEIRA;RUA JOAO CIRINO, S/N
PACATUBA;57;286;MACACOS;EEIEF JARDIM BOM RETIRO;AV. ARARUNA 3635 - BOM RETIRO
MIRAÍMA;89;235;CRUZEIRO;EEFM JOSEFA BRAGA BARROSO;RUA DEZINHO TEIXEIRA
BREJO SANTO;70;47;ESPERANCA-SEDE;UNIDADE BÁSICA DE SAÚDE CORAÇÃO DE MARIA;VILA ESPERANÇA
CARIÚS;43;216;SITIO MAURICIA;EEI ANTONIO ALVES DE OLIVEIRA;SITIO MAURICIA
TAUÁ;19;72;CIDADE NOVA/SEDE;EPG TEREZA ARAGAO SERRA;RUA EUFRASIO ALVES DE OLIVEIRA 13                 NOVA ALDEOTA
LAVRAS DA MANGABEIRA;14;39;IBOREPI - DISTRITO;EEF FRANCISCO ASSIS DE SOUZA;RUA RAIMUNDO RODRIGUES VIANA
CRATO;27;209;CAMPO ALEGRE;AGÊNCIA DOS CORREIOS DE CAMPO ALEGRE;AV. JOAQUIM ELIAS DA FRANCA S/N
FORTALEZA;93;307;PREFEITO JOSÉ WALTER;CEI MARIA LETICIA MOTA MOREIRA;RUA 15, S/N, RESIDENCIAL CIDADE JARDIM II
FORTALEZA;113;355;MONTESE;COLÉGIO AGNUS;RUA TEODORICO BARROSO, 827
GUAIÚBA;57;49;CENTRO;EEBM MANUEL BALTAZAR DE FREITAS;RUA LEIRIA DE ANDRADE 409
MARANGUAPE;4;553;OUTRA BANDA - MARANGUAPE;CEI DEPUTADO JOSÉ MÁRIO MOTA BARBOSA;RUA DA PRAÇA, S/N
ACARAÚ;30;42;ARANAÚ;ESCOLA MARIA CONCEICAO DE ARAUJO;RUA DR ALOISIO SN - ARANAU
PENAFORTE;70;340;CENTRO-SEDE;EEB JOAQUIM PEREIRA LIMA;RUA CICERO SOUSA DE OLIVEIRA
FORTALEZA;112;319;CIDADE DOS FUNCIONÁRIOS;IGREJA DA GLÓRIA;AV OLIVEIRA PAIVA, 905
ALCÂNTARAS;24;634;ROSÁPOLES;EEFI JOSE NAPOLEAO XIMENES;POVOADO DE ROSAPOLES
FORTALEZA;118;511;PARQUE DOIS IRMÃOS;COLEGIO MARIA ESTER II;RUA F (CONJUNTO MIRASSOL), 158
VIÇOSA DO CEARÁ;35;15;CENTRO;CENTRO DE EDUCAÇÃO DE JOVENS E ADULTO;RUA JOSE JOAQUIM DE CARVALHO S/N
PINDORETAMA;7;208;CAPIM DE ROÇA;EMEB JOAQUIM NUNES VIEIRA;RUA JOAQUIM NUNES VIEIRA, 445
MARACANAÚ;104;391;JARDIM BANDEIRANTES;EMEF EVANDRO AYRES DE MOURA;RUA SÃO SEBASTIÃO, 341
MORADA NOVA;47;44;SAO FRANCISCO;EEB PROFESSORA ANA CLARA ANDRADE NÂNTUA BENTO;RUA JOSÉ DE SOUSA MARTINS, 261
SOBRAL;24;653;JOSÉ EUCLIDES;EEFI MARIA YEDA FROTA FELIX MONTALVERNE;RUA AIRTON SENNA, 300, CIDADE JOSE EUCLIDES II
QUIXELÔ;13;161;ÁREA RURAL DE QUIXELÔ;ESCOLA DE ENS FUND PEDRO JOSE DE BARROS;CURRAIS NOVOS-SITIO
NOVO ORIENTE;99;30;CENTRO;EEM COELHO MASCARENHAS;RUA SAO JOSE S/N
MORADA NOVA;47;238;CENTRO;CEMER-COLEGIO ESTADUAL MARIA EMILIA RABELO;AV MANOEL CASTRO, 619
IGUATU;13;116;SUASSURANA;ESCOLA DE ENS FUND MARIA IRISMAR MORENO MATOS;VILA SUASSURANA
MORADA NOVA;47;114;ROLDAO;EEB JOAQUIM CHAGAS FILHO;TRAV. LUIS VIEIRA, S/N
GROAÍRAS;65;133;ZONA RURAL;EEF DOMITILIA MARIA DA CONCEICAO;LAGOA DAS BESTAS
FORTALEZA;82;233;PIRAMBU;EEFM GOVERNADOR FLÁVIO MARCÍLIO;AV. PASTEUR, 575
VIÇOSA DO CEARÁ;35;170;CENTRO;E.E.M DR JULIO DE CARVALHO;RUA JOSE JOAQUIM DE CARVALHO, 496
SOBRAL;24;678;DOM JOSÉ;EEFI ANTENOR NASPOLINI;RUA PREFEITO JERONIMO PRADO, S/N
FORTALEZA;115;120;MARAPONGA;DETRAN;AV GODOFREDO MACIEL, 2900
CARIRIAÇU;71;52;CENTRO;EEM PLÁCIDO ADERALDO CASTELO;RUA CARLOS MORAIS 752
FORTALEZA;94;769;QUINTINO CUNHA;EEFM DOM HELDER CAMARA;RUA ROSINHA SAMPAIO 1157
BELA CRUZ;96;16;CENTRO-SEDE;EMEF MONS. ODÉCIO;RUA CORONEL DUCA, 704
BREJO SANTO;70;32;CENTRO-SEDE;CENTRO DE SAUDE DR MIRANDA TAVARES;RUA LUIZ GONZAGA JR, S/N
FORTALEZA;3;429;CENTRO;UNIARI - CENTRO UNIVERSITÁRIO ARI DE SÁ;AV. HERÁCLITO GRAÇA, 826
ALTANEIRA;53;7;CENTRO;EEMTI SANTA TEREZA;RUA JOAQUIM ALVES BITU, SN
URUOCA;25;80;ROBERTO DOURADO;E.E.F. MURILO AGUIAR;AV. JOÃO JOSÉ, N. 451
FORTALEZA;85;381;CONJUNTO CEARÁ I;EEM PROF JOSE MARIA CAMPOS DE OLIVEIRA - UV 8;RUA 820 S/N - 3 ETAPA
CAUCAIA;37;184;ICARAI;E.E.I.E.F FRANCISCO MARTINS DE MORAES;RUA BELARMINO JOSÉ, 201 - ICARAÍ
FORTALEZA;1;567;VARJOTA;ESCOLA MUNICIPAL COLONIA Z-8;RUA MANOEL JESUINO,370
FORTALEZA;114;15;JARDIM IRACEMA;EM JESUS CRISTO - CEI ANEXO;RUA ALBERTO FERREIRA 564
MARACANAÚ;122;129;JAÇANAÚ;EMEIEF FRANCISCO ANTONIO FONTENELE;RUA NOE SALES BEZERRA S/N
CRATO;27;51;SÃO MIGUEL;EEEP MARIA VIOLETA ARRAES DE ALENCAR GERVAISEAU;AVENIDA TEODORICO TELES, SN
FORTALEZA;2;554;LAGOA REDONDA;EM TEREZINHA FERREIRA PARENTE;RUA NELSON COELHO, 209
ITAPIPOCA;17;324;VIOLETE;EEB JOSE LINS DE ALBUQUERQUE;RUA CRISTO REDENTOR
IGUATU;13;59;AREIAS I;INSTITUTO FEDERAL DO CEARÁ - IFCE CAMPUS AREIAS;RUA DEOCLECIO LIMA VERDE SN
PORANGA;40;86;CACHOEIRA GRANDE;ESCOLA DE ENSINO FUNDAMENTAL 15 DE DEZEMBRO - CACHOEIRA GRANDE;CACHOEIRA GRANDE
CASCAVEL;7;138;JACARECOARA;ESC.ENS.FUND. JOSÉ DE QUEIROZ FERREIRA;CHORO ESTRADA NOVA
MARACANAÚ;122;35;NOVO ORIENTE;EMEF MAESTRO ELEAZAR DE CARVALHO;AV. CENTRAL S/N
MARACANAÚ;122;58;ACARACUZINHO;EEF ANTONIO GONDIM DE LIMA;AV. LATERAL SUL S/N
SOBRAL;24;636;RENATO PARENTE;EEEP LYSIA PIMENTEL GOMES;AV. JOHN SANFORD, 1223
IGUATU;13;244;CAJAZEIRAS;ESCOLA DE ENS FUND JOAQUIM DE SOUSA PINTO;VILA CAJAZEIRAS
IGUATU;13;114;JOSÉ DE ALENCAR;ESCOLA DE ENS FUND MARTA MARIA SOBREIRA;FRANCISCO HOLANDA MONTENEGRO
FORTALEZA;114;246;BARRA DO CEARÁ;CENTRO DE EDUCAÇÃO COMPLEMENTAR (CEDCE) - ANTIGO SESI;AVENIDA FRANCISCO SÁ 6623
IGUATU;13;288;JOSÉ DE ALENCAR;CRECHE MARIA JOANA DE JESUS DA SANTA ROSA I;SITIO SANTA ROSA I
CAUCAIA;120;346;COITE PEDREIRA;E.E.I.E.F. MARIA INOCÊNCIA DE ARAÚJO;RUA PRINCIPAL, S/N
PACATUBA;57;122;ALTO SAO JOAO;EEIEF DR. CARLOS ALBERTO DE ALMEIDA PONTES;RUA JOSE FRANKLIN S/N
PEDRA BRANCA;59;129;BOM PRINCIPIO;EEFTI SABINO VIEIRA CAVALCANTE;RUA FORTUNATO SILVA, 243
IRACEMA;86;99;VILA EMA;E.E.F. FRANCISCO PEREIRA SAMPAIO;RUA FRANCISCO PEREIRA SAMPAIO, SN
IRACEMA;86;105;CENTRO;E.E.F.M. DEP JOAQUIM DE  FIGUEIREDO CORREIA;RUA ANTONIO HOLANDA MORAES, 136
FORTALEZA;1;356;MUCURIPE;ESCOLA ESTADUAL DRAGAO DO MAR;RUA UMARI S/N
PARAIPABA;109;152;PEDRINHAS;EMEIF JOSÉ TEIXEIRA DA SILVA;PEDRINHAS
SÃO GONÇALO DO AMARANTE;36;203;PASSAGEM;ESCOLA DE ENSINO FUNDAMENTAL ADELINO ALCANTARA FILHO;PASSAGEM
FORTALEZA;2;670;LAGOA REDONDA;EM TEREZINHA FERREIRA PARENTE;RUA NELSON COELHO, 209
ITAPIPOCA;17;614;CENTRO;EEM JOAQUIM MAGALHÃES;RUA PERGENTINA ARAUJO S/N
CAUCAIA;123;313;PARQUE POTIRA (JUREMA);E.E.I.E.F. ANTÔNIO ALBUQUERQUE SOUSA FILHO;RUA HERIBALDO RODRIGUES (ANTIGA RUA POTIGUARA), 488
PACATUBA;57;245;CONJUNTO JEREISSATI III;EEIEF NELLY DE LIMA E MELO;RUA 02, 250
ACOPIARA;60;44;QUINCOE;EEF UMBELINO ROQUE;SITIO FORTUNA
CAUCAIA;120;147;CARAUCANGA;E.E.I.E.F. FRANCISCO NOGUEIRA DA MOTA;CARAUCANGA - BR 020
CAUCAIA;123;408;MARECHAL RONDON (JUREMA);CIDI- CENTRO INTEGRADO DE DESENVOLVIMENTO INFANTIL;AV. NOVA ALVORADA, 490
COREAÚ;64;63;Cunhassu Velho;CUNHASSU VELHO - PRÉDIO DA ESCOLA MUNICIPAL;LOCALIDADE CUNHASSU VELHO
JUAZEIRO DO NORTE;119;39;SANTA TEREZA;ESCOLA ADAUTO BEZERRA (SEGUNDO GRAU);CASTELO BRANCO SN
MARACANAÚ;122;209;PIRATININGA;EMEF RUI BARBOSA;RUA DO CAMPO 51
UMIRIM;23;260;SAO JOAQUIM-DISTRITO;GRUPO ESC. MUNIC. HAMILTON DA ROCHA E SILVA;AV FELISBELA CAETANO SN (RUA PRINCIPAL)
EUSÉBIO;88;232;URUCUNEMA;EEF JOSEFA SA;RUA BEIRA RIO, 400 - MOSQUITO
CANINDÉ;33;102;SAO MATEUS;EMEF JOAQUIM MAGALHAES;RUA CLÓVIS PINTO 2245
FORTALEZA;2;167;MESSEJANA;PATRONATO PADRE LUIZ BARBOSA MOREIRA;RUA CEL GUILHERME ALENCAR, 121
FORTALEZA;115;107;PARANGABA;EM CLÁUDIO MARTINS;RUA MUNDICA PAULA, 628
CARIRÉ;65;8;N.S. DE FÁTIMA;EEFTI PROFESSOR LUIS DE SENA DIAS;RUA CEFISA AGUIAR
ORÓS;15;313;DNOCS - SEDE;E.E.F. JUSCELINO KUBITSCHEK DE OLIVEIRA;RUA MARIA RAIMUNDA DA SILVA, S/N, ACAMPAMENTO A
PORTEIRAS;70;261;CENTRO;INSTITUTO JOÃO FILGUEIRA;RUA JOAQUIM TÁVORA SN
ALCÂNTARAS;24;411;SAO JOSE;EEM FRANCISCO DE ALMEIDA MONTE;RUA FRANCISCO CUNHA S/N
GUARACIABA DO NORTE;74;93;SEDE;E.E.I.F. JOÃO BARRETO DOS SANTOS;RUA 12 DE MAIO - CENTRO
FORTALEZA;112;369;ENGENHEIRO LUCIANO CAVALCANTE;COLEGIO GLOBOMAX;RUA GENERAL CAIADO DE CASTRO, 156
CAUCAIA;37;196;CIPO;E.E.F. AMARO RODRIGUES DOS SANTOS;RUA JOSE ALVES BEZERRA, S/N - REGIÃO GARROTE
PINDORETAMA;7;88;PRATIUS - 1;EMEB JOSÉ DE QUEIROZ FERREIRA;AV. VALE ALBINO, SN - RODOVIA CE 454 - PRATIUS - 1
VIÇOSA DO CEARÁ;35;158;SITIO CACIMBINHA;ANEXO HORÁCIO FONTENELE MAGALHÃES;SITIO CACIMBINHA
FORTALEZA;112;400;SAPIRANGA-COITÉ;EEMTI PROFESSORA TECLA FERREIRA;RUA FRANCISCA BEZERRA, 417
FORTALEZA;112;470;EDSON QUEIROZ;UNIVERSIDADE DE FORTALEZA - UNIFOR;AVENIDA WASHINGTON SOARES, 1321
REDENÇÃO;52;11;DISTRITO DE ANTÔNIO DIOGO;CINE-TEATRO RAUL BARBOSA;RUA IRMÃ AUGUSTA, N. 120
FORTALEZA;94;757;VILA VELHA;CEI MARISTELA DA FROTA CAVALCANTE;AV. L, N. 1000
FORTALEZA;94;823;VILA VELHA;COLEGIO SALOME BASTOS;RUA DESEMBARGADOR HERMES PARAHYBA 1120
TAUÁ;19;211;CARRAPATEIRAS;ESCOLA JUSTINO ALVES DE LIMA;CAIÇARA
ANTONINA DO NORTE;18;10;POPULARES;ESCOLA FUNDAMENTAL ANTONIO MOTA;RUA SANTO ANTONIO S/N
POTENGI;68;67;DISTRITO DE BARREIROS;UBS ANTONIO ALVES PEQUENO - BARREIROS;VILA BARREIROS
ITAREMA;98;216;ZONA RURAL;LICEU DE BARBOSA - EEM FRANCISCO ARAUJO BARROS;BARBOSA
PARAMBU;19;392;MONTE SION;ESCOLA EVA BATISTA DE ALMEIDA;SERRA DO MEIO
IPU;21;25;SEDE;E.M.E.F. PROFA. MARIA VALDEMIRA COELHO MELLO;RUA FRANCISCO ELMIRO MARTINS 450 - CANUDOS
BATURITÉ;5;73;CONSELHEIRO ESTELITA-SEDE;CENTRO REGIONAL INTEGRADO ADMINISTRATIVO - CRIA;AV FRANCISCO BRAGA FILHO, 1015
CAUCAIA;37;34;ITAMBE;E.E.F. FLAVIO PORTELA MARCILIO;RUA 05, 23 - CONJ. VICENTE ARRUDA
FORTALEZA;114;289;BARRA DO CEARÁ;EM DOIS DE DEZEMBRO;RUA ARAKEN, 860
CRATEÚS;20;19;CENTRO;COLEGIO ESTADUAL REGINA PACIS;RUA FRANCISCO SA 106
CANINDÉ;33;350;ZONA RURAL;CRECHE IMACULADA CONCEIÇÃO - AGROVILA;JACURUTU
TIANGUÁ;81;76;ACARAPE;E.E.I. F. MARIA ANIR AZEVEDO;LOTEAMENTO - SÍTIO ACARAPE
JAGUARUANA;75;80;DAMIAO;E.E.F. SANTA HELENA;DAMIÃO
ARACOIABA;67;165;CANINHAS-SITIO;ESCOLA MUNICIPAL JOAQUIM BENTO DA SILVA;CANINHAS
MARACANAÚ;122;66;HORTO;EEF CARNEIRO DE MENDONCA;RUA PROFESSOR JOSE HENRIQUE DA SILVA 4891
SÃO BENEDITO;22;140;CENTRO-SEDE;EEF MINISTRO ANTONIO COELHO;RUA MIN ANTONIO COELHOI  452
FORTALEZA;112;22;JARDIM DAS OLIVEIRAS;EM MARIA DE LOURDES RIBEIRO JEREISSATI;RUA REINO UNIDO, 115
FORTALEZA;85;336;GENIBAÚ;EMEIF MANOEL CAETANO DE SOUZA;RUA SANTA LUCIA 170
MOMBAÇA;46;87;MORADA NOVA;ESCOLA DE ENSINO FUNDAMENTAL MARIA AMBROSINA CAVALCANTE;MORADA NOVA
CAUCAIA;123;550;MARECHAL RONDON (JUREMA);E.E.I.E.F. RAIMUNDO JERÔNIMO DE SOUSA;RUA JÚLIO ROCHA, 220 - KM 14/JUREMA
CAUCAIA;123;568;PARQUE POTIRA (JUREMA);E.E.I.E.F. TIRADENTES;RUA VERA CRUZ, 1879
CRATO;27;96;SEMINÁRIO;EEIEF LICEU DIOCESANO DE ARTES E OFÍCIOS;RUA DUARTE JÚNIOR S/N
GROAÍRAS;65;135;VILA DE ITAMARACÁ;EEF ALBERTO ALVES BEZERRA;RUA JOAQUIM ALVES FEIJAO SN ITAMARACA
FORTALEZA;114;305;JARDIM IRACEMA;EM JESUS CRISTO;RUA ALBERTO FERREIRA, 564
MARACANAÚ;122;59;ACARACUZINHO;EEF ANTONIO GONDIM DE LIMA;AV. LATERAL SUL S/N
FORTALEZA;114;239;BARRA DO CEARÁ;CENTRO DE EDUCAÇÃO COMPLEMENTAR (CEDCE) - ANTIGO SESI;AVENIDA FRANCISCO SÁ 6623
IBICUITINGA;47;289;CURRAIS;EEB FRANCISCO FIRMINO DE ARAUJO;LAGOA DOS CURRAIS
CAUCAIA;123;423;NOVA METRÓPOLE (JUREMA);E.E.F.M. ROMEU DE CASTRO MENEZES;AV. A, S/N - NOVA METRÓPOLE
CAUCAIA;123;393;PARQUE ALBANO (JUREMA);E.E.I.E.F. DOM ANTÔNIO DE ALMEIDA LUSTOSA;RUA PERY, 951
FORTALEZA;114;315;BARRA DO CEARÁ;CENTRO PROFISSIONALIZAÇÃO INCLUSIVA P/ PESSOAS C/ DEFICIÊNCIA - CEPIPD;RUA SENADOR ROBERT KENNEDY, 128
CAUCAIA;120;374;PADRE JULIO MARIA;EEIEF JOSE OLAVO MOREIRA;RUA SÃO PAULO, S/N
CASCAVEL;7;149;CAPONGA;ESC.ENS.FUND. FELIPE JOSÉ DA SILVA;RUA LUIS PESSOA DE OLIVEIRA, 728, CENTRO
SOBRAL;24;94;CAMPO DOS VELHOS;EEM PROF. LUIS FELIPE;RUA CEL JOSE SILVESTRE, 760
ALTANEIRA;53;94;CENTRO;EMEF 18 DE DEZEMBRO;RUA JOSE PIO DE OLIVEIRA, SN
CROATÁ;74;119;DISTRITO;ESCOLA MUNICIPAL DE TUNCAS;TUNCAS
FORTALEZA;1;587;CAIS DO PORTO;EEFM - HELENITA MOTA;RUA AMANCIO FILOMENO,720
VIÇOSA DO CEARÁ;35;109;LAMBEDOURO;E.E.F. DE OITICICAS;VILA OITICICAS
CRATEÚS;20;160;IBIAPABA;ESCOLA DE CIDADANIA ANTONIO BEZERRA REZENDE;CABACAS
FORTALEZA;114;255;BARRA DO CEARÁ;EEEP PAULO PETROLA;RUA SAUDÁRIA, S/N - GOIABEIRAS
FORTALEZA;3;391;MEIRELES;CÍRCULO MILITAR DE FORTALEZA;RUA CANUTO DE AGUIAR, 425
PACATUBA;57;334;PAVUNA;E.E.I.E.F OS HERÓIS DO TIMBÓ;RUA ARAÚJO E SILVA, 25, VELHO TIMBO
JAGUARIBARA;72;62;ZONA RURAL;E.M.E.F ONZE DE AGOSTO;P.A CURUPATI PEIXE
ITAPIPOCA;17;529;CRUXATI;EEB VICENTE ANTENOR FERREIRA GOMES FILHO;CALUGI
FORTALEZA;115;22;MARAPONGA;EEM  PROFESSORA DIVA CABRAL;RUA HOLANDA, 701
ACOPIARA;60;93;SOLIDAO;EEF MANOEL VIEIRA PINHEIRO;SITIO LINO
COREAÚ;64;36;Lagoa do Barro;LAGOA DO BARRO - PRÉDIO DA ESCOLA MUNICIPAL;LOCALIDADE LAGOA DO BARRO
ITAPIPOCA;17;461;CACIMBAS;CENTRO EDUCACIONAL MARIA MAGALHAES VIANA AZEVEDO;RUA MOESIO LOIOLA S/N
SOBRAL;24;472;DOM JOSÉ;EEFI ANTENOR NASPOLINI;RUA PREFEITO JERONIMO PRADO, S/N
COREAÚ;64;64;Araquém;ARAQUÉM - ESCOLA ESTADUAL Mª MENEZES CRISTINO;CE 240, KM 77 - DISTRITO DE ARAQUÉM, COREAÚ/CE
CAUCAIA;120;265;MINGUAU;E.E.I.E.F. ERNESTINA NUNES DE MIRANDA;BR 020 KM 396, S/N - MINGUAÚ I
ITAPIPOCA;17;730;BARRENTO;EEB FRANCISCO BENTO;TANQUES
CRATO;27;195;BAIXIO DAS PALMEIRAS;EEIEF PROFª ROSA FERREIRA DE MACEDO;RUA MARIA TAVARES DE OLIVEIRA, SN. SÍTIO BAIXIO DO MUQUÉM
HIDROLÂNDIA;54;210;POVOADO RIACHO VERDE;ESCOLA MUNICIPAL ANTONIO DANIEL MARTINS;POVOADO DE RIACHO VERDE
FORTALEZA;93;198;PLANALTO AYRTON SENNA;LICEU ESTADUAL DOMINGOS BRASILEIRO;RUA PLANALTINA, S/N
TARRAFAS;18;107;ZONA RURAL;GRUPO ESCOLAR FRANCISCO AMARO DA SILVA;SITIO LOGRADOURO    S/N
CAUCAIA;123;380;NOVA METRÓPOLE (JUREMA);E.E.F. EDGARD VIEIRA GUERRA;AV. CONTORNO SUL, 255
FORTALEZA;115;210;PARANGABA;EM CLÁUDIO MARTINS;RUA MUNDICA PAULA, 628
VIÇOSA DO CEARÁ;35;5;CENTRO;COLÉGIO TENENTE ANGELO DE SIQUEIRA PASSOS;RUA FRANCISCO CALDAS DA SILVEIRA 180
SOBRAL;24;498;ALTO DO CRISTO;EEMTI PREFEITO JOSE EUCLIDES F. GOMES JUNIOR-(ANTIGO CIRAO);AV. HUMBERTO LOPES
JAGUARUANA;75;79;ASSENTAMENTO BELA VISTA;E.E.F. NOSSA SENHORA DO LIVRAMENTO;ASSENTAMENTO BELA VISTA
FORTALEZA;1;616;VICENTE PINZON;ESCOLA PROFISSIONAL MARIA ANGELA DA SILVEIRA BORGES;RUA PINTOR ANTONIO BANDEIRA, S/N
HORIZONTE;78;110;DOURADO;EMEF MARINA FERREIRA DE ALMEIDA;RUA DONA SINHÁ, 159
LAVRAS DA MANGABEIRA;14;65;ARROJADO - DISTRITO;ESCOLA DE 1 GRAU MANOEL GONCALVES;RUA JOSE CAETANO S/N
BREJO SANTO;70;3;CENTRO-SEDE;EEEP BALBINA VIANA ARRAIS;LOTEAMENTO SOL NASCENTE
PORTEIRAS;70;305;VASSOURINHA-SEDE;E E F MARIA PINHEIRO CARDOSO;SITIO VASSOURINHA
CANINDÉ;33;474;ZONA RURAL;EMEF DR ELPIDIO;DISTRITO DE BONITO
QUIXERAMOBIM;11;260;LACERDA;ESCOLA ANTONIO PRUDENTE DE OLIVEIRA;FAZENDA MEARIM
FORTALEZA;118;266;SERRINHA;COLÉGIO MARIA ESTER I;RUA ANTONIO TEIXEIRA LEITE, 248
CAUCAIA;37;321;GARROTE;E.E.F. FAUSTO DARIO SALES;CE 085 KM 12 - FAZENDA GARROTE
ALCÂNTARAS;24;361;BELA VISTA;EEF INOCÊNCIA ALCÂNTARA FREIRE;RUA MONSENHOR FURTADO SN
TIANGUÁ;81;308;SANTO EXPEDITO;E.E.F. PROFª. MARIA OFÉLIA VASCONCELOS PORTELA;RUA EXPEDITO COELHO DE MORAIS, SN
BEBERIBE;84;63;SUCATINGA;ESCOLA MUNICIPAL MANOEL FERREIRA DA FONSECA;PIQUIRI I
BEBERIBE;84;162;SITIO LUCAS;ESCOLA MUNICIPAL PEDRO DE QUEIROZ FERREIRA;RUA MANOEL EMÍDIO DA SILVA, 497
JUAZEIRO DO NORTE;119;477;SAO JOSE;ESCOLA PROFISSIONALIZANTE RAIMUNDO SARAIVA COELHO;AVENIDA PAULO MAIA, S/N
SÃO BENEDITO;22;28;CENTRO-SEDE;CENTRO EDUCACIONAL DA VIRGEM PODEROSA - CEVP;RUA JOSE ARMANDO RODRIGUES 306
MAURITI;76;75;CENTRO;CÂMARA MUNICIPAL DE MAURITI;RUA CHAGAS SAMPAIO, S/N
FORTALEZA;113;350;PARQUELÂNDIA;SECRETARIA EXECUTIVA REGIONAL III - FORTALEZA;AV JOVITA FEITOSA 3090
GUAIÚBA;57;118;ITACIMA;ESCOLA DE 1 GRAU FRANCISCO ALVES SALDANHA;CARRAPATEIRA
MORADA NOVA;47;194;GIRILANDIA;SINDICATO DOS TRABALHADORES RURAIS DE MORADA NOVA;RUA CEL TIBURCIO, 80
CAUCAIA;37;468;GUAGIRU;E.E.F. ALBA PESSOA DA SILVA;RUA SAO MIGUEL, 105
PARACURU;109;66;SANTA MARTA;E. M. E. I. F.  PEDRO ANTONINO GOMES;AV. GERALDO CIRIACO
FORTALEZA;80;126;ALTO DA BALANÇA;EEFM ESTADO DO PARÁ;RUA DJALMA PETIT 589
FORTALEZA;118;657;PASSARÉ;EEMTI DEPUTADO PAULINO ROCHA;RUA PROFESSOR JOSE SILVEIRA, 528
FORTALEZA;113;24;BENFICA;IFCE - INST FEDERAL DE CIÊNCIA E TECNOLOGIA (CEFET);AV. 13 DE MAIO, 2081
FORTALEZA;113;68;DAMAS;COLÉGIO JUVENAL DE CARVALHO;AV. JOÃO PESSOA, 4279
FORTALEZA;113;211;RODOLFO TEÓFILO;COLÉGIO DEOCLÉCIO FERRO;RUA MINERVINO DE CASTRO, 987
GUARACIABA DO NORTE;74;110;DISTRITO;ESCOLA MUNICIPAL DE VARZEA REDONDA;VARZEA REDONDA
EUSÉBIO;88;181;AUTODROMO;CEI EDMILSON PINHEIRO;AV. LUISA TÁVORA, S/N
CARNAUBAL;22;9;CENTRO;EEI HUMBERTO CASTELO BRANCO;R JACO FELICIO S/N
ITAPAJÉ;41;144;ARMADOR;ESCOLA MUNICIPAL FRANCISCO LOPES RODRIGUES;SITIO ARMADOR
FORTALEZA;113;314;BENFICA;IFCE - INST FEDERAL DE CIÊNCIA E TECNOLOGIA (CEFET);AV. 13 DE MAIO, 2081
FORTALEZA;82;207;MONTE CASTELO;EM PROFESSOR MARTINZ DE AGUIAR;RUA BERNARDO PORTO, 470
BREJO SANTO;70;57;POCO DO PAU-DISTRITO;ESCOLA MUNICIPAL MARIA LEITE DE ARAUJO;SITIO POCO DO PAU
FORTALEZA;116;457;JOÃO XXIII;COLEGIO LIMA NOGUEIRA;RUA JULIO BRAGA, 1117
SÃO JOÃO DO JAGUARIBE;91;111;BELA VISTA;E.M.E.I CRECHE MUNICIPAL TIA IDA;RUA JOAQUIM FERREIRA
MARANGUAPE;4;92;SÃO JOÃO DO AMANARI;EMEF JOSÉ PEREIRA DE SOUSA;RUA MIGUEL FERNANDES, 571
MARANGUAPE;4;415;COITÉ - MARANGUAPE;CEI PAULO CAMPOS TELES;AVENIDA MARIA EFIGENIA CAMPOS TELES, 1130
MAURITI;76;137;BELA VISTA;E.E. PROFISSIONALIZANTE PE. JOÃO BOSCO DE LIMA;RUA 03, S/N
FORTALEZA;83;126;HENRIQUE JORGE;EEMTI ANTONIETA SIQUEIRA;RUA GUARANI 04
ITAPAJÉ;41;289;CHAPADA;ESCOLA MUNICIPAL JOSE FERREIRA LIMA;CHAPADA
AQUIRAZ;66;93;IGUAPE;EEFM CEL OSVALDO STUDART;RUA CEL OSVALDO STUDART 117 CENTRO
QUIXERAMOBIM;11;314;DISTRITO INDUSTRIAL;ESCOLA DR. JOSE ALVES DA SILVEIRA;AVENIDA HUMBERTO SENA, N 250
CANINDÉ;33;6;CENTRO;COLEGIO ESTADUAL PAULO SARASATE;RUA JOAQUIM MAGALHAES 100
PENTECOSTE;50;157;ZONA RURAL;EEIF RAIMUNDO NONATO PESSOA;VILA NOVA MARACAJÁ
MONSENHOR TABOSA;61;114;CENTRO;E.E.M.T.I GOVERNADOR ADAUTO BEZERRA;RUA SAO SEBASTIÃO N 39 - PERTO DA CADEIA PÚBLICA
CANINDÉ;33;352;ZONA RURAL;EMEF PEDRO ALVARES CABRAL;LOCALIDADE CARNAUBAL-TARGINOS
FORTALEZA;117;346;MANOEL SÁTIRO;EMEIF MARIA BEZERRA QUEVEDO;RUA 103, 28 - CJ. NOVO MONDUBIM
CRUZ;30;273;TUCUNS;ESCOLA FILOMENO FREITAS VASCONCELOS;AV TENENTE ALBANO  SN
SÃO BENEDITO;22;106;CENTRO-SEDE;CENTRO EDUCACIONAL DA VIRGEM PODEROSA - CEVP;RUA JOSE ARMANDO RODRIGUES 306
CAUCAIA;37;431;ITAMBE;E.E.F. FLAVIO PORTELA MARCILIO;RUA 05, 23 - CONJ. VICENTE ARRUDA
PACAJUS;49;379;PEDRA BRANCA;EEF DANILO COSTA MENEZES;RUA OSVALDO FREITAS NUNES 133
FORTALEZA;116;464;GRANJA LISBOA;EM ULISSES GUIMARAES;RUA TENENTE FRANCISCO PAIVA 1350
JAGUARUANA;75;54;LAGOA VERMELHA;E.E.F. JOSE SIMOES FILHO;LAGOA VERMELHA
SOBRAL;24;430;JAIBARAS;ANEXO AYRES DE SOUSA (SETOR III-JAIBARAS);SETOR III PERIMETRO IRRIGADO AYRES DE SOUSA - JAIBARAS
ARACATI;8;39;NOSSA SENHORA DE FATIMA;CSU - C.R.A.S. NOSSA SENHORA DE FÁTIMA;RUA SAO JUDAS TADEU SN
SENADOR SÁ;45;140;CENTRO;EEF NOSSA SENHORA DO AMPARO;RUA PADRE DELMONT S/N
IPU;21;108;DISTRITO;E.M.E.F. ABILIO MARTINS;ABILIO MARTINS
FRECHEIRINHA;81;255;CENTRO;CRECHE INÊS EDITE PONTES;RUA SANTO ANTÔNIO, S/N, CENTRO
IPUEIRAS;40;153;BARROCAS;GRUPO ESCOLAR PORFIRIO DE ARAUJO CHAVES - BARROCAS;BARROCAS
OCARA;67;257;BOA ESPERANÇA;ESCOLA MUNICIPAL RAIMUNDO DOS SANTOS LESSA;BOA ESPERANÇA
MARACANAÚ;104;6;JEREISSATI I;EMEIEF SENADOR CARLOS JEREISSATI;AVENIDA 1, S/N
ICAPUÍ;8;159;MUTAMBA DE ICAPUI;E.E.F. PROFESSORA RAIMUNDA LACERDA DAMIÃO;AV ESAU LACERDA SN
SALITRE;38;101;ZONA RURAL, SALITRE/CE;E.E.I.F. ANTONIO PEREIRA DE ALENCAR - SÍTIO MILHANS DO SUL;SÍTIO MILHANS DO SUL
CARIRÉ;65;49;TAPúIO;ESCOLA EIEF ADAUTA MOCINHA BARROS ROCHA;RUA SE MAGALHAES - TAPUIO
FRECHEIRINHA;81;249;CENTRO;CENTRO DE FORMACAO FREI ANASTACIO - CEFRAN;RUA MANOEL FERNANDES 218
CARIRIAÇU;71;110;PARAÍSO;EEM SÃO PEDRO;RUA LUIZ BEZERRA 325
DEPUTADO IRAPUAN PINHEIRO;55;93;CENTRO;SECRETARIA DE DESENVOLVIMENTO AGRÁRIO;AVENIDA FILOMENA VIEIRA, 263
TABULEIRO DO NORTE;91;93;OLHO D'ÁGUA DA BICA;EEMTI ANTONIO VIDAL MALVEIRA;OLHO D'ÁGUA DA BICA
FORTALEZA;115;433;VILA PERI;CENTRO DE EDUCAÇÃO PEDAGÓGICO EÇA DE QUEIROZ;RUA DOM XISTO ALBANO 611
NOVA OLINDA;53;116;TRIUNFO;EMEF REUNIDAS SANTO EXPEDITO;RUA SANTA LUZIA, SN
BEBERIBE;84;27;SUCATINGA;ESCOLA MUNICIPAL ANTONIO DE PAULA GALVAO;CUMBE
SÃO GONÇALO DO AMARANTE;36;257;ACENDE CANDEIA DE CIMA;ESCOLA DE ENSINO FUNDAMENTAL DEPUTADO LEORNE BELEM;ACENDE CANDEIA DE CIMA
IBARETAMA;6;150;CENTRO;EEMTI CÔNEGO LUIZ BRAGA ROCHA;RUA PADRE JOAO SCOPEL, S/N
FORTALEZA;83;507;DEMOCRITO ROCHA;CENTRO EDUCACIONAL SÃO SEBASTIÃO;RUA GUANABARA 1003
VÁRZEA ALEGRE;62;175;GROSSOS;EEF MARIA ANÉSIA FERREIRA LIMA;AVENIDA LÚCIA CORREIA, S/N
ICAPUÍ;8;142;OLHO DAGUA;ESCOLA DE 1 GRAU FRANCISCA EMILIA MAIA;BERIMBAU
PENTECOSTE;50;84;PLANALTO;CEI VALDISIA BRAGA DE SOUSA;RUA JACA PARAÍBA, 500
FORTALEZA;115;227;SERRINHA;EMEIF WALDEMAR BARROSO;RUA CÔNEGO LIMA SUCUPIRA,  1651
CRUZ;30;174;CENTRO;ESCOLA SAO FRANCISCO DA CRUZ;RUA PROFESSORA FILO  SN
BEBERIBE;84;50;FORQUILHA;ESCOLA MUNICIPAL SAO LUIZ;UMBURANAS
AQUIRAZ;66;58;CAPONGA DA BERNARDA;EMEFJUSCELINO KUBITSCHEK;AV ANTONIO LOURENÇO DA SILVA S/N
SANTA QUITÉRIA;54;56;BOA VIDA;E.M.E.F. JOÃO RODRIGUES PINTO;RUA PROFESSOR OTÁVIO TERCEIRO DE FARIAS, 179.
JUAZEIRO DO NORTE;119;8;LIMOEIRO;EMEI IRMÃ NELY SOBREIRA (CRECHE);AV. JOSÉ BEZERRA, N. 216
BEBERIBE;84;88;CENTRO;ESCOLA DE ENSINO FUNDAMENTAL E MEDIO ANA FACO;RUA VICENTE MATHIAS 119
JUAZEIRO DO NORTE;28;472;AREA RURAL DE JUAZEIRO DO NORTE;EMEIF MARIA PEDRINA;SITIO POPO
ICÓ;15;159;SANTO ANTONIO - SITIO;ESCOLA DE ENSINO FUNDAMENTAL SÃO JOÃO;SITIO SANTO ANTONIO
FORTALEZA;95;213;CONJUNTO PALMEIRAS;EMEIEF CÉSAR CALS DE OLIVEIRA NETO;RUA OLIMPIO RIBEIRO, 20
FORTALEZA;94;333;JARDIM GUANABARA;CMES PROF JOSE REBOUCAS MACAMBIRA;RUA CARIÚS 200
ARACATI;8;51;CENTRO;E.E.F. SÃO MARCELINO CHAMPAGNAT;AV. CEL. ALEXANZITO, 1272
SÃO BENEDITO;22;254;SITIO JACARANDÁ;EEF PEDRO JOSE DA SILVA;SITIO JACARANDAR
CARNAUBAL;22;145;SITIO BURITI I;EEF VITORINO RODRIGUES DE MEDEIROS;SITIO BURITI  I
PARAMBU;19;298;SEDE;ESCOLA JOSÉ FIRMINO LÔ;FACUNDO
MARANGUAPE;4;510;PAPARA;EMEIEF JOÃO LEITE;RUA FERNANDO SAMPAIO DE ANDRADE, S/N
ICÓ;15;72;LIMA CAMPOS - DISTRITO;EMTIH - MONSENHOR JOSE CAMURCA;RUA SAO SEBASTIAO, 239
ICÓ;15;103;LIMA CAMPOS - DISTRITO;EMTIH - MONSENHOR JOSE CAMURCA;RUA SAO SEBASTIAO, 239
RUSSAS;9;252;VARZEA ALEGRE;ESCOLA MUNICIPAL CORACAO DE JESUS;RUA OCION LOPES DA SILVEIRA S/N
FORTALEZA;82;410;ÁLVARO WEYNE;COLÉGIO MANUEL DA SILVA (CARLITO PAMPLONA);RUA ASSIS BEZERRA, 25
BOA VIAGEM;63;150;CENTRO-SEDE;SECRETÁRIA DO TRABALHO E ASSISTENCIA SOCIAL- ANTIGO CENTRO COMUNITÁRIO;RUA ANTONIO QUEIROZ  250
CHOROZINHO;49;297;LEIROES;EEM DR WLADIMIR RORIZ;RUA DR LUIS COSTA SN
FORTALEZA;93;148;PREFEITO JOSÉ WALTER;EEEP PROFESSOR ONELIO PORTO;AVENIDA E, 471 - II ETAPA
FORTALEZA;112;557;SABIAGUABA;EM PROFESSORA JOSEFINA PARENTE DE ARAÚJO;RUA PEDRO MAMEDE, 175
PACOTI;5;203;CENTRO-SEDE;EMEF ENEAS HORTENCIO DA SILVEIRA;RUA JOAO HIPOLITO
FORTALEZA;95;302;CONJUNTO PALMEIRAS;EMEIEF PROFESSORA BERNADETE ORIÁ DE OLIVEIRA;RUA DR. CODES SANDOVAL 796
CAUCAIA;37;4;PARQUE SOLEDADE;COLEGIO JANUSA CORREA;RUA NOSSA SENHORA DOS PRAZERES, 238
URUBURETAMA;23;206;RETIRO / ZONA RURAL;EEIF JOSE VASCONCELOS BRAGA;RETIRO
BEBERIBE;84;14;PARIPUEIRA;ESCOLA MUNICIPAL JOSE THEMIO BEZERRA;PALMEIRA
SANTANA DO ACARAÚ;44;56;ALTO DA LIBERDADE;ESCOLA DE ENSINO FUNDAMENTAL SANTA TEREZINHA;PRACA DA LIBERDADE S/N
SÃO BENEDITO;22;220;SEDE;ESCOLA DE ENSINO FUNDAMENTAL JOSE GALDINO;SITIO LAGOINHA
QUIXERAMOBIM;11;86;SAO MIGUEL;ESCOLA HORACIO XAVIER DO COUTO;VARZEA GRANDE
BREJO SANTO;70;54;SAO SEBASTIAO-SEDE;ESCOLA MUNICIPAL CASSIANO INACIO BEZERRA;VILA SAO SEBASTIAO
PACATUBA;57;242;VILA DAS FLORES;EEIEF MANOEL ROSENDO FREIRE;RUA 17, 11
PENTECOSTE;50;132;ZONA RURAL;EEIF MARIA GERCI SILVA;LAGOA DA PORTA
PENTECOSTE;50;89;CENTRO;SECRETARIA DE SAÚDE;RUA ARTUR MOREIRA DE AZEVEDO, S/N
FORTALEZA;117;396;BOM JARDIM;EMEIF PROF. EDILSON BRASIL SOAREZ;RUA LOCAL 11 - CJ. TATUMUNDE
CARIDADE;111;98;ZONA RURAL;EEIF ARTUR SALVINO - LOCALIDADE SANTO ANTONIO;LOCALIDADE DE SANTO ANTONIO
BARBALHA;31;157;MATA DOS LIMAS;EMEIF DIONÍSIO ROSS COELHO UCHOA;RUA P 01, S/N - SÍTIO MATA DOS LIMAS (7.26976 S, 39.32351 W)
BARBALHA;31;27;VILA SANTO ANTONIO;ETI JOSEFA ALVES DE SOUSA;RUA ZUCA SAMPAIO, S/N (EM FRENTE AO HOSPITAL DO CORAÇÃO)
PARAMBU;19;363;BELEZA;ESCOLA CICERO FERREIRA DOS SANTOS;RUA ANTONIO BEZERRA, 28
TAUÁ;19;235;SEDE;ESCOLA MARIA DE DEUS ALVES FEITOSA;CENTRAL II
AIUABA;101;18;BARRA VERDE;GRUPO ESCOLAR ARMANDO ARRAES FEITOSA;POVOADO DE BARRA VERDE SN
PACATUBA;57;160;ALTO SAO JOAO;EEIEF DR. CARLOS ALBERTO DE ALMEIDA PONTES;RUA JOSE FRANKLIN S/N
IBIAPINA;73;55;CENTRO;ESCOLA ROSA MARTINS CAMELO MELO;RUA PADRE IBIAPINA
FORTALEZA;113;261;AMADEU FURTADO;EEF MONSENHOR LINHARES;RUA PROF. LINO ENCARNAÇÃO, 1130
FORTALEZA;115;390;VILA PERI;COLEGIO JIM WILLSON;AV. AUGUSTO DOS ANJOS, 1915
CANINDÉ;33;246;MONTE ;EMEF SÃO FRANCISCO;AV FRANCISCO CORDEIRO CAMPOS, 500
FORTALEZA;118;559;MONDUBIM;EM PROFESSOR JACINTO BOTELHO;RUA DR. RODRIGO CODES SANDOVAL, 374
CAMOCIM;32;4;CENTRO;EEF ALBA MARIA DE ARAUJO LIMA AGUIAR;RUA DA INDEPENDENCIA SN
MARANGUAPE;4;113;PAPARA;EMEIEF SANTO ANTÔNIO;RUA FRANCISCO ANTONIO DE LIMA, S/N
ICÓ;15;109;SEDE URBANA;ESCOLA MUNICIPAL MANOEL ANTONIO NUNES;RUA DO CRUZEIRO S/N
FORTALEZA;83;776;JOÃO XXIII;CENTRO DE FORMAÇÃO E DESENV. PARA PROFISSIONAIS DA EDUCAÇÃO - FORMACE;RUA PORTO VELHO, 401
FORTALEZA;113;37;JOSÉ BONIFÁCIO;COLÉGIO FARIAS BRITO PRÉ - VESTIBULAR;AV. BARÃO DO RIO BRANCO, 2424
FORTALEZA;113;133;BOM FUTURO;EMEIF DOM MANUEL DA SILVA GOMES;RUA SAMUEL UCHÔA, 550
CAMOCIM;32;233;ZONA RURAL;E.E.F. JOVINO FERREIRA CHAVES - CANGALHAS;CANGALHAS
QUIXADÁ;6;272;TAPUIARA;EEF MARIA CLEIDE CAPISTRANO DE OLIVEIRA;LAGOA REDONDA, II
MASSAPÊ;45;123;CRUZEIRO;EEEP FRANCISCA NEILYTA CARNEIRO ALBUQUERQUE;RODOVIA CE362 KM 81 S/N
FORTALEZA;82;667;CRISTO REDENTOR;EM ANTONIO MENDES;RUA DONA MENDINA, 682
TIANGUÁ;81;83;CARUATAÍ;CENTRO EDUCACIONAL CORAÇÃO DE MARIA;RUA MANOEL RODRIGUES CAVALCANTE, S/N - DISTRITO CARUATAÍ
TIANGUÁ;81;131;ÁREA RURAL DE TIANGUÁ;CENTRO DE EDUCAÇÃO BÁSICA BENJAMIN DAMASCENO E VASCONCELOS;SÍTIO CROATÁ
TABULEIRO DO NORTE;91;30;CENTRO;EEI RAQUEL MONTEIRO CHAVES;RUA ACELINO MAIA, 3873
MILAGRES;26;29;FREI DAMIÃO;ESCOLA MARIA LUCIA BELEM LEITE;RUA PEDRO FURTADO DE LACERDA 1149
RUSSAS;9;177;PIAUI;ESCOLA MUNICIPAL LUIZ COSTA LIMA;SITIO PIAUI
CARNAUBAL;22;250;SITIO JUNCO;EEF ESTER DE ASSIS BRITO;SITIO JUNCO
ARARENDÁ;48;57;LAGOA DE SANTO ANTONIO;CRECHE FAUSTO MARQUES BRASIL(ANTIGA CRECHE ARCO IRIS);DISTRITO DE LAGOA DE SANTO ANTONIO
JIJOCA DE JERICOACOARA;30;440;CENTRO;ESCOLA JOSE DIONISIO DE SOUSA;RUA RAIMUNDO ALEXANDRE 330
IBIAPINA;73;74;SÍTIO SANTA BÁRBARA;ESCOLA ANTÔNIA ROMÃO DE CARVALHO;SÍTIO SANTA BÁRBARA
CANINDÉ;33;478;ALTO GUARAMIRANGA;EMEF CORONEL ADAUTO BEZERRA;RUA IRMÃ MANUELA MAGALHÃES, S/N
FORTALEZA;83;745;HENRIQUE JORGE;EEMTI ANTONIETA SIQUEIRA;RUA GUARANI 04
FORTALEZA;93;186;PLANALTO AYRTON SENNA;EM MARIA ZELIA CORREIA DE SOUSA;RUA ANTONIO PEREIRA,1495
INDEPENDÊNCIA;39;28;CONTAS;E.E.F.MANOEL MARTINS SOBRINHO;POVOADO CONTAS
IBARETAMA;6;175;DISTRITO DE NOVA VIDA;EMEIF PEDRO ALEXANDRE VALENTIM;DISTRITO DE NOVA VIDA
QUIXERAMOBIM;11;305;DUQUE DE CAXIAS;ESCOLA LUISA TAVORA;RUA PROF JOSE REMIGIO SN
FORTALEZA;95;360;BARROSO;EMEIEF OTAVIO DE FARIAS;RUA JOAO FERREIRA, S/N
PENTECOSTE;50;178;ZONA RURAL;EEIF ALESSANDRA DE OLIVEIRA ARAÚJO DE MATOS;POSTO AGRÍCOLA
CAMOCIM;32;244;BOA ESPERANCA;ESCOLA MUNICIPAL DE 1 GRAU FCO OTONI COELHO;RUA BANDEIRANTES 646
RUSSAS;9;55;CENTRO;COLEGIO ESTADUAL GOVERNADOR FLAVIO MARCILIO;AV DOM LINO 725
JAGUARIBE;10;7;CENTRO;CENTRO SOCIAL MARIETA CALS;AV. OITO DE NOVEMBRO 280
ICAPUÍ;8;145;RETIRO GRANDE;ESCOLA MUNICIPAL DE RETIRO GRANDE;PRAIA  RETIRO GRANDE
ICAPUÍ;8;223;CENTRO;EEF. PROFESSORA MIZINHA;AV. 22 DE JANEIRO 5183
SÃO LUÍS DO CURU;23;316;CENTRO-SEDE;E.E.F. PROFESSORA MARIA DE LOURDES BRAGA;RUA HUGO ROCHA SN
CAUCAIA;37;6;CENTRO;C.S.U. EDSON DA MOTA CORREA;RUA JOSE DE PONTES, 2671 - AÇUDE
ICAPUÍ;8;308;CAJUAIS;E.E.M. PROF GABRIEL EPIFANIO DOS REIS;RUA FILIZOLINA FREITAS, SN
FORTALEZA;113;157;BOM FUTURO;COLÉGIO MEDALHA MILAGROSA;RUA PADRE JOÃO PIAMARTA,  415
ARACATI;8;289;CENTRO;COLEGIO MARISTA DE ARACATI;PRAÇA SÃO MARCELINO CHAMPAGNAT, 1
CARIRIAÇU;71;23;CENTRO;EEM PLÁCIDO ADERALDO CASTELO;RUA CARLOS MORAIS 752
MONSENHOR TABOSA;61;168;XIQUE-XIQUE;GRUPO ESCOLAR MARTINHO ALVES DA SILVA;POVOADO DE XIQUE-XIQUE
BARRO;92;12;CENTRO-SEDE;ESCOLA DE 1 GRAU SOCORRO FALCAO;RUA MAJOR JANUARIO S/N
PINDORETAMA;7;68;CENTRO-PINDORETAMA;EEM JULIA ALENQUER FONTENELE;AV. FIRMINO CRISOSTOMO, 1944
CARIRÉ;65;53;ZONA RURAL;ESCOLA EIEF TENENTE  AVELINO GOMES;ANIL
MARANGUAPE;4;649;NOVO MARANGUAPE I (ÁREA VERDE) - MARANGUAPE;EMEF JOSÉ FERNANDES VIEIRA;RUA PEDRO MOREIRA VASCONCELOS, 125
QUITERIANÓPOLIS;99;99;ZONA RURAL;EEIF ZACARIAS BEZERRA DO NASCIMENTO;SAO PEDRO
MARANGUAPE;4;5;AMANARI;EEMTI ANTONIO LUIS COELHO;RUA DO COMÉRCIO, S/N
BARROQUINHA;108;68;POVOADO CHAPADA;EEF JOSÉ MACHADO GOUVEIA;POVOADO CHAPADA
CARIRÉ;65;33;ZONA RURAL;ESCOLA EIEF LUCAS RODRIGUES DE BRITO;DISTRITO ALTO DOS HONORIOS
PACAJUS;49;9;CENTRO;EEF ARACY GONZAGA DA SILVA;RUA CORONEL CICERO NOGUEIRA DE QUEIROZ 827
OCARA;67;221;CURUPIRA-DISTRITO;ESCOLA MUNICIPAL DE OITENTA - ENSINO FUNDAMENTAL;OITENTA
CARNAUBAL;22;131;SEDE;ESCOLA COSME RODRIGUES DE SOUSA;RUA PRESIDENTE MEDICE SN
INDEPENDÊNCIA;39;27;REMEDIO;E.E.F. FRANCISCO ALVES DE ARAUJO;POVOADO REMEDIO
CAUCAIA;37;20;GRILO;EEIEF NAIR MAGALHÃES GUERRA;RUA JOAQUIM BENTO CAVALCANTE, 500
AQUIRAZ;66;129;CENTRO;ESCOLA DE ENSINO MEDIO TELINA MATOS PIRES;RUA FRANCISCO CAMARA,  70
AQUIRAZ;66;237;GENIPAPEIRO;EMEF MANOEL ASSUNCAO PIRES;RUA PRINCIPAL S/N
SANTANA DO ACARAÚ;44;127;PEBA I;GRUPO ESCOLAR MIGUEL ARCANJO DA MOTA;PEBA I
LAVRAS DA MANGABEIRA;14;94;PATOS 2 - SITIO;ESCOLA DE 1 GRAU AGOSTINHO CAETANO GOMES;SITIO PATOS 2 S/N
MASSAPÊ;45;1;CENTRO;SECRETARIA DE EDUCACAO DO MUNICIPIO;RUA MAJOR JOSE PAULINO SN
CRUZ;30;198;ZONA RURAL;ESCOLA RAIMUNDO LUIZ DA SILVEIRA;CÓRREGO DA POEIRA
FORTALEZA;82;118;CRISTO REDENTOR;CCDH - CENTRO DE CIDADANIA E DIR. HUMANOS - GOV. VIRGÍLIO TÁVORA;AV. MONSENHOR HELIO CAMPOS, 178
BREJO SANTO;70;320;LAGOA DO MATO-SEDE;CENTRO DE EDUCACAO INFANTIL JOAO GONCALVES DE SOUSA;VILA FELIZ
FORTALEZA;112;500;SAPIRANGA-COITÉ;EM PROF MONTEIRO DE MORAES;AVENIDA EVILASIO ALMEIDA MIRANDA, 1608
QUIXERAMOBIM;11;306;JOSE AURELIO CAMARA;ESCOLA CEL VIRGILIO TAVORA- CIDADE;RUA FAUSTO COSTA 180
URUBURETAMA;23;141;SAO JOAO;EEF PAULO FERREIRA DA CUNHA;SITIO UBATUBA
CARNAUBAL;22;160;CRUZEIRO;EEF ANTONIO RAIMUNDO DE MELO;AV PAULO SARASATE 539
ICÓ;15;16;SEDE URBANA;ESCOLA MUNICIPAL MANOEL ANTONIO NUNES;RUA DO CRUZEIRO S/N
CANINDÉ;33;5;CENTRO;COLEGIO ESTADUAL PAULO SARASATE;RUA JOAQUIM MAGALHAES 100
CARIRIAÇU;71;119;BICO DA ARARA;EEF ARARA AZUL;AV PEDRO LUCIANO VIEIRA
SÃO BENEDITO;22;83;SITIO JUSSARA;EEF CICERO CLEMENTINO DE MEDEIROS;SITIO JUSSARA
SÃO BENEDITO;22;182;SITIO CARNAUBA;ASSOCIACAO COMUNITARIA CARNAUBA 1;SITIO CARNAUBA I
MAURITI;76;74;CENTRO;CÂMARA MUNICIPAL DE MAURITI;RUA CHAGAS SAMPAIO, S/N
FORTALEZA;85;372;CONJUNTO CEARÁ I;EMEIF IRMÃ MARIA EVANETE;AV D, 1015 2 ETAPA
SOLONÓPOLE;55;98;CENTRO;E.E.I.E.F. BOM JESUS;AV PREF. JOSE SIFREDO PINHEIRO S/N
CANINDÉ;33;274;ZONA RURAL;EMEF FELICISSIMO BARROSO;LOCALIDADE DE SITIO ANDRE
BATURITÉ;5;87;JORDAO-SITIO;EMEF JOSÉ AIRTON AMORA VASCONCELOS;SÍTIO JORDÃO, SN
LIMOEIRO DO NORTE;29;18;ANTÔNIO HOLANDA;IFCE - CENTRO DE REFERÊNCIA CIDADE ALTA;R. RAIMUNDO TOMÁS DE AQUINO, 2742
LIMOEIRO DO NORTE;29;121;CENTRO;LICEU DE ARTES E OFICIOS (ESC CONSTRUINDO CONHECIMENTO);RUA CORONEL FRANCISCO REMIGIO 329
TABULEIRO DO NORTE;91;52;BOM FUTURO;EMEF ACELINO MAIA - BOM FUTURO;RUA VICENTE LAURINDO, S/N
CATARINA;60;244;FIGUEIREDO;EEF ANTONIO ALVES DE CASTRO;FIGUEIREDO
CARIRIAÇU;71;149;BICO DA ARARA;EEF ARARA AZUL;AV PEDRO LUCIANO VIEIRA
LAVRAS DA MANGABEIRA;14;21;ALEM RIO - SEDE;ESCOLA DE 1 GRAU VIRGILIO AGUIAR GURGEL;RUA JOSE LOBO 450
TAUÁ;19;74;CIDADE NOVA/SEDE;EPG TEREZA ARAGAO SERRA;RUA EUFRASIO ALVES DE OLIVEIRA 13                 NOVA ALDEOTA
SOBRAL;121;307;TAPERUABA;ESCOLA FRANCISCO MONTE;RUA FRANCISCO MONTE S/N CENTRO
GRAÇA;79;174;LAPA;ESCOLA PADRE RAIMUNDO NONATO RODRIGUES;LAPA
TRAIRI;97;110;PANAN;EEF OSVALDO CRUZ;PANAN
AQUIRAZ;66;316;RIVIERA;EMEF JOSE ISAAC SARAIVA DA CUNHA;AV. 07 DE SETEMBRO S/N
SOBRAL;121;100;CENTRO;CENTRO EDUCACIONAL MARIA IMACULADA(PATRONATO);RUA CONSELHEIRO JOSE JULIO, 145
GRANJA;25;170;ARATAIM;E.E.F. JOSÉ LENDENGUE DA COSTA;ARATAIM
FORTALEZA;93;250;PREFEITO JOSÉ WALTER;ESCOLA MUNICIPAL ARI DE SA CAVALCANTE (JOSÉ WALTER);AV. H, 430 III ETAPA
TURURU;17;648;CENTRO;EEFM LUIZA BEZERRA FARIAS;RUA MONSENHOR SOLON 248
SÃO JOÃO DO JAGUARIBE;91;125;ANGICOS;EEF JOAO GUERREIRO DE SOUSA LIMA - ANGICOS;SITIO ANGICOS
HIDROLÂNDIA;54;1;CENTRO;E. M. E. F. ADAIL FREITAS MARINHO;RUA VEREADOR EXPEDITO PEREIRA DE SOUSA, 199
PARAIPABA;109;135;CAMBOAS;EMEF FRANCISCO BATISTA DE AZEVEDO;RUA SÃO SEBASTIÃO, S/N
ARACATI;8;43;VARZEA DA MATRIZ;COLEGIO MUNICIPAL;RUA PADRE PACHECO, S/N.
CANINDÉ;33;93;ZONA RURAL;CERU JOAO AMARO DE SOUSA;DISTRITO DE SALITRE
IBIAPINA;73;12;PRAÇA DO ESTÁDIO;ESCOLA MARIA SOFIA MATOS;RUA VEREADOR MANUEL RODRIGUES, S/N
MARACANAÚ;104;275;TIMBÓ;EMEF DR. JOSÉ DE BORBA VASCONCELOS;AVENIDA TIMBÓ, 808
MARANGUAPE;4;601;TANGUEIRA - MARANGUAPE;EMEIEF ANTÕNIO DE ABREU;RUA DEMETRIO FERREIRA , 372
FRECHEIRINHA;81;239;CENTRO;CENTRO EDUCACIONAL RAIMUNDO PEREIRA;AVENIDA JOAQUIM PEREIRA 717 - CENTRO 
TRAIRI;97;50;CANAA;GE PADRE RODOLFO FERREIRA DA CUNHA;CANAA
MARACANAÚ;104;386;JEREISSATI II;EMEIEF RACHEL DE QUEIROZ;AVENIDA XII, 758
CRATO;27;293;NOVO CRATO;EEMTI PREF. RAIMUNDO COELHO BEZERRA DE FARIAS;RUA FRANCISCO PIANCÓ LEITE S/N
FORTALEZA;95;103;CONJUNTO PALMEIRAS;EEFM DOUTORA ALDACI BARBOSA;RUA VALPARAISO, 155
TABULEIRO DO NORTE;91;5;CENTRO;EEI RAQUEL MONTEIRO CHAVES;RUA ACELINO MAIA, 3873
CARIRÉ;65;38;ZONA RURAL;ESCOLA EIEF MARIA MARLENE FEITOSA DE PAIVA;ALMAS
ICÓ;15;79;SANTA CRUZ DA SERRA - DISTRITO;ESCOLA MUNICIPAL  WALFRIDO MONTEIRO SOBRINHO;RUA EVILASIO BARBOSA S/N
APUIARÉS;50;14;CENTRO;EEFM SÃO SEBASTIÃO;AVENIDA GOMES DA SILVA, 100
ASSARÉ;18;153;CENTRO;CRAS - CENTRO REFERÊNCIA E ASSISTÊNCIA SOCIAL;RUA MAESTRO JOSINO ROBERTO
MARANGUAPE;4;516;SAPUPARA;EMEF JÕAO CIRINO NOGUEIRA;RUA JOAO CIRINO, S/N
QUIXADÁ;6;143;CARRASCAL;EEF ROSA BAQUIT;RUA DR. EVANDRO CARNEIRO MARTINS FILHO, S/N
CARIRIAÇU;71;91;SÍTIO RIACHÃO DOS PEREIRAS;EEF FREI DAMIÃO;SITIO RIACHÃO DOS PEREIRAS
SÃO JOÃO DO JAGUARIBE;91;131;PINTO;POSTO DE SAUDE MUNICIPAL DO  SITIO PINTO;SITIO PINTO
AMONTADA;89;138;ARACATIARA;EEB FRANCISCO IRINEU DA SILVA;CARIRI
MARANGUAPE;4;556;NOVO PARQUE IRACEMA - MARANGUAPE;EMEF NILO PINHEIRO CAMPELO;RUA NILO CAMPELO, 48
IPU;21;165;DISTRITO;E.M.E.F. JOÃO CAMELO DE FARIAS;BARRINHA
TRAIRI;97;62;AGUA BOA;EEF MANOEL VIEIRA;AGUA BOA
TRAIRI;97;29;BACUMIXA;EEF ANTONIO MIGUEL PORTO;BACUMIXA
IBIAPINA;73;18;CENTRO;ESCOLA MONSENHOR MELO (ESTADUAL);AV PEDRO FERREIRA DE ASSIS 284
ARARIPE;68;36;SERRA LUIZ PEREIRA;EEIF LUIZ PEREIRA DA SILVA - SERRA LUIZ PEREIRA;SERRA LUIZ PEREIRA
IBARETAMA;6;197;CENTRO;EMEIF RAIMUNDA EMÍLIA DE LIMA;ESTRADA DO ALGODAO - DISTRITO SEDE
MAURITI;76;7;BURITIZINHO-DISTRITO;EEF FILEMON TELES;RUA JOAO LUCAS, S/N
ARNEIROZ;101;69;MACAUI;ESCOLA DE 1 GRAU MARIO DA SILVA LEAL;MACAUI
BREJO SANTO;70;140;CENTRO-SEDE;E E F M JOSÉ MATIAS SAMPAIO;RUA MANOEL INACIO BEZERRA 49
AQUIRAZ;66;124;SITIO GUARDA;EMEF VINDINA ASSUNCAO DE AQUINO;AV PETRONILIA PEREIRA S/N
SÃO BENEDITO;22;50;INHUCU;CRECHE FRANCISCO ESTENIO CORREIA DE SOUZA;SITIO OLHO DAGUA
JUAZEIRO DO NORTE;28;463;JUVENCIO SANTANA;EEF PREFEITO JOSE MONTEIRO DE MACEDO;RUA SAO SALVADOR, 104
SÃO BENEDITO;22;209;SEDE;ESCOLA DE ENSINO FUNDAMENTAL DOM COUTINHO;SITIO DO MEIO
FORTALEZA;85;212;GENIBAÚ;ESCOLA MUNICIPAL PROF AMERICO BARREIRA;RUA RICARDO PONTES 529
ARATUBA;105;62;CENTRO-SEDE;ESCOLA JOSE JOACY PEREIRA - ENSINO FUNDAMENTAL E MEDIO;AVENIDA ARLINDO MEDINA S/N
JAGUARUANA;75;22;CENTRO;E.E.F. EDITH MOREIRA BARRETO;RUA CEL. RAIMUNDO FRANCISCO, 1389
CATARINA;60;225;VILA NOVA - SEDE;EEF FRANCISCO RODRIGUES PEREIRA;RUA JOSE PEDROSA DE MIRANDA S/N
CARIRIAÇU;71;80;SÍTIO SANTA MARIA;POSTO DE SAÚDE - MANOEL RAIMUNDO DE OLIVEIRA;SÍTIO SANTA MARIA
CAUCAIA;37;11;PARQUE SOLEDADE;COLEGIO JANUSA CORREA;RUA NOSSA SENHORA DOS PRAZERES, 238
MOMBAÇA;46;74;CENTRO;E. E. F. M. DIVINO SALVADOR;RUA FRANCISCO JOSE DE OLIVEIRA SN                 SEDE
BATURITÉ;5;95;OLHO DAGUA-SITIO;INSTITUTO DE ARTE E CULTURA MONTE CRUZEIRO;SITIO OLHO DAGUA JESUITAS
CAUCAIA;37;225;MESTRE ANTONIO;E.E.I.E.F. MENINO JESUS;RUA FRANCISCO EDSON DA SILVA, 163
TRAIRI;97;134;SITIO ILHA;EEF PROFESSOR JOSE NERI;SITIO ILHA
JAGUARETAMA;72;74;SITIO AROEIRAS;UNIDADE BÁSICA DE SAÚDE FRANCISCO DE ASSIS DIOGENES;SITIO AROEIRAS II
TEJUÇUOCA;41;208;ACUDE GERIMUM;ESCOLA MUNICIPAL MANOEL BRITO DA COSTA;ACUDE GERIMUM
PARACURU;109;82;JARDIM DO MEIO;E. M. E. I. F. MARIA YOLANDA BARROSO;JARDIM DO MEIO
CATARINA;60;261;CENTRO;EEF PAES DE ANDRADE;RUA MANOEL DOMINGUES
SÃO BENEDITO;22;178;SITIO JUSSARA;EEF CICERO CLEMENTINO DE MEDEIROS;SITIO JUSSARA
SÃO BENEDITO;22;73;ANGELIM-INHUCU;CENTRO COMUNITARIO DE APRENDIZAGEM RURAL;ANGELIM
FORTALEZA;112;304;JARDIM DAS OLIVEIRAS;COLÉGIO NOVO HORIZONTE;RUA BEIJA FLOR, 25
FORTALEZA;85;278;CONJUNTO CEARÁ I;EEFM PROF PLACIDO ADERALDO CASTELO - UV 7B;RUA SETECENTOS E VINTE E UM, 100, 3A ETAPA
MORRINHOS;44;197;BOM PRINCIPIO;EMEF ZÓZIMO MARINHO DE ANDRADE;CE 319 KM 6 BOM PRINCIPIO
ACARAÚ;30;72;CENTRO;ESCOLA PROF. TERESA DE JESUS SILVA;RUA JOÃO JAIME FERREIRA GOMES, 457
GUARACIABA DO NORTE;74;98;DISTRITO;ESCOLA MUNICIPAL DE VARZEA REDONDA;VARZEA REDONDA
RERIUTABA;79;1;CENTRO;EEMTI CORONEL ALFREDO SILVANO;RUA JOSÉ TEODORO SOARES, S/N
FORTALEZA;117;280;CONJUNTO ESPERANÇA;EEFM PROFA ADELIA BRASIL FEIJO;AV CONTORNO SUL, 1540
MASSAPÊ;45;10;CENTRO;EEFM ADAUTO BEZERRA;PCA MANOEL JARBAS AGUIAR SN
BARREIRA;52;80;LAGOA DO BARRO;ESCOLA FRANCISCO DAS CHAGAS FERREIRA;URUÁ
MARACANAÚ;122;38;NOVO ORIENTE;EMEF MAESTRO ELEAZAR DE CARVALHO;AV. CENTRAL S/N
PACOTI;5;170;CENTRO-SEDE;EMTI SAO LUIS;RUA PADRE QUILIANO 72
LAVRAS DA MANGABEIRA;14;30;ARROJADO - DISTRITO;ESCOLA DE 1 GRAU MANOEL GONCALVES;RUA JOSE CAETANO S/N
JUAZEIRO DO NORTE;28;42;SALESIANOS;COLEGIO SALESIANO SÃO JOÃO BOSCO;PADRE CICERO 1492
MARANGUAPE;4;78;FORQUILA - PAPARA;CRECHE FRANCISCO DE ALMEIDA ARAÚJO;FORQUILHA
BEBERIBE;84;62;CHORO;ESCOLA MUNICIPAL LUIZ GONCALVES;RODOVIA CE 040
SANTA QUITÉRIA;54;180;ASSENTAMENTO GROSSOS;E. E. F. ERNESTO RODRIGUES DE MESQUITA;ASSENTAMENTO GROSSOS
QUIXERAMOBIM;11;271;CONJUNTO ESPERANCA;CRECHE JOSE TEOGENES DE ALMEIDA;RUA JOSE ADOLFO NOGUEIRA
POTENGI;68;67;DISTRITO DE BARREIROS;UBS ANTONIO ALVES PEQUENO - BARREIROS;VILA BARREIROS
FORTALEZA;80;285;VILA UNIÃO;EEF GAL.  MANUEL CORDEIRO NETO;RUA JORGE ACURCIO, 900
NOVO ORIENTE;99;72;ZONA RURAL;CEIF EDVAL ARAÚJO DA SILVA;DISTRITO SAO RAIMUNDO
PENTECOSTE;50;60;ACAMPAMENTO;EMTI FRANCISCO SÁ;AVENIDA DR. JOSÉ DE BORBA VASCONCELOS, 672
MORRINHOS;44;17;CENTRO;EMEF CORONEL VIRGÍLIO TÁVORA;RUA JOAQUIM CORIOLANO ROCHA 401
FORTALEZA;117;248;PARQUE SANTA ROSA;ESCOLA MUNICIPAL MARIETA GUEDES MARTINS;RUA JOSE GUEDES MARTINS 4701
FORTALEZA;117;320;NOVO MONDUBIM;CUCA MONDUBIM;RUA PROFESSOR GLAUCO LOBO S/N
CASCAVEL;7;150;JACARECOARA;ESC.ENS.FUND. FRANCISCO CAPISTRANO DE SOUZA;BARRA NOVA
ITAREMA;98;216;ZONA RURAL;LICEU DE BARBOSA - EEM FRANCISCO ARAUJO BARROS;BARBOSA
FORTALEZA;114;153;BARRA DO CEARÁ;EEFM FERNANDO CAVALCANTE MOTA;RUA DA SALEMA 85
CAUCAIA;123;379;NOVA METRÓPOLE (JUREMA);E.E.F. EDGARD VIEIRA GUERRA;AV. CONTORNO SUL, 255
CAMOCIM;32;240;SAO FRANCISCO;ESCOLA DE 1 GRAU NATALIA ALBUQUERQUE LOPES;RUA DR RAIMUNDO VERAS S/N
FORTIM;8;85;CENTRO;EEIFTI. PROFESSORA MARIA LUIZA;RUA JOAQUIM CRISÓSTOMO, 739.
FORTALEZA;95;328;JANGURUSSU;EMEIEF LIONS CLUBE FORTALEZA FÁTIMA;TRAVESSA LIONS CLUBE, 141
CAUCAIA;37;27;CENTRO;E.E.F. BRANCA CARNEIRO DE MENDONCA;PRACA DA MATRIZ, 666
JARDIM;119;342;FAZENDA NOVA;ESCOLA MUNICIPAL JOSE DA COSTA;POVOADO DE FAZENDA NOVA SN
MIRAÍMA;89;242;ÁREA RURAL DE MIRAÍMA;EEB ANICETO TEIXEIRA;JUREMAL
TABULEIRO DO NORTE;91;26;PEDRA PRETA;EMEF OTÍLIO NOBRE DE BRITO - SITIO PEDRA PRETA;SITIO PEDRA PRETA
AURORA;69;62;SANTA CRUZ-SITIO;E.E.I.F. ORLANDO LEITE DE MACEDO;SITIO SANTA CRUZ  S/N
SOBRAL;24;270;SÃO JOSÉ DO TORTO;EEFI ELPIDIO RIBEIRO DA SILVA;TORTO
SANTA QUITÉRIA;54;143;POVOADO PURGA DE LEITE;ESCOLA MUNICIPAL JUSTINO FERREIRA DE MENDONÇA;POVOADO PURGA DE LEITE
MARCO;96;110;CENTRO-SEDE;PATRONATO MATER DEI;RUA 7 DE SETEMBRO,S/N - CENTRO
FORTALEZA;112;161;ENGENHEIRO LUCIANO CAVALCANTE;EM JOHNSON;RUA DRA. SOCORRO AZEVEDO, 461
VÁRZEA ALEGRE;62;8;CENTRO;EEM JOSÉ CORREIA LIMA;AV. LUIS AFONSO DINIZ, 213
IPU;21;137;DISTRITO;E.M.E.F. SERAFIM FILOMENO DO NASCIMENTO;OLHO D'ÁGUA DOS FACUNDES
FORTALEZA;95;162;CONJUNTO PALMEIRAS;EM MARIETA CALS;RUA VALPARAISO, 160
FORTALEZA;83;89;HENRIQUE JORGE;EEM  MARIANO MARTINS;AVENIDA SENADOR FERNANDES TÁVORA 1445
FORTALEZA;3;635;MEIRELES;NÁUTICO ATLÉTICO CEARENSE;AV. DA ABOLIÇÃO, 2727
FORTALEZA;116;6;GRANJA LISBOA;CAIC - MARIA ALVES CARIOCA;RUA GUARAREMA 690
FORTALEZA;95;332;JANGURUSSU;EMEIEF TAÍS MARIA BEZERRA NOGUEIRA;AV. GOVERNADOR LEONEL BRIZOLA, 710
FORTALEZA;95;313;JANGURUSSU;EMEIF MARIA DE JESUS ORIÁ ALENCAR;RUA VERDE QUARENTA E TRÊS, S/N, CONJUNTO SÍTIO SÃO JOÃO
FORTALEZA;83;438;BELA VISTA;ESCOLA MUNICIPAL DE TEMPO INTEGRAL PROFESSOR JOSE JULIO DA PONTE;RUA MARIO DE ANDRADE, S/N
MORADA NOVA;47;38;CENTRO;CEBCJEC -CENTRO DE EDUCAÇÃO BÁSICA CORONEL JOSÉ EPIFÂNIO DAS CHAGAS;AV MANOEL CASTRO, 600
TRAIRI;97;156;SERRINHA;EEF PROFESSOR ELIZEU BARBOSA;ALTO SAO FRANCISCO
TABULEIRO DO NORTE;91;140;BARRA DO FEIJAO;EEB PADRE JOSE AUGUSTO REGIS ALVES - BARRA DO FEIJAO;ASSENTAMENTO BARRA DO FEIJAO
JUAZEIRO DO NORTE;28;330;JUVENCIO SANTANA;EEF PREFEITO JOSE MONTEIRO DE MACEDO;RUA SAO SALVADOR, 104
AMONTADA;89;169;ARACATIARA;EEB FRANCISCA OLIVEIRA MELGAÇO;RODELA
PACATUBA;57;296;CONJUNTO JEREISSATI II;EEIEF JOAO PAULO SAMPAIO DE MENEZES;RUA 74 SETOR G, 900
FORTALEZA;118;524;PASSARÉ;COLÉGIO LIRA COUTINHO;RUA BELOS PORTOS, 453
FORTALEZA;1;945;VICENTE PINZON;ESCOLA ESTADUAL DEPUTADO MANOEL RODRIGUES;RUA OLIVEIRA FILHO, 1576
FORTALEZA;85;134;CONJUNTO CEARÁ I;COLÉGIO LUÍZA TÁVORA;RUA 1050, N 171, 4 ETAPA
TABULEIRO DO NORTE;91;40;OLHO D'ÁGUA DA BICA;ESCOLA ERUNDINA NUNES MALVEIRA;OLHO D'ÁGUA DA BICA 
TABULEIRO DO NORTE;91;104;CENTRO;EMEF NOSSA SENHORA DE FÁTIMA;RUA JOÃO FERREIRA BRAÚNA, 191
ITAPAJÉ;41;77;SOLEDADE;ESCOLA CAPITAO PRUDENCIO PEREIRA PASSOS;SOLEDADE
GRANJA;25;178;PESSOA ANTA;E.E.F. ALFREDO FROTA DE ARAÚJO;SITIO SABIAZAL
MARANGUAPE;4;20;OUTRA BANDA - MARANGUAPE;EMEIEF RENATO MOTA;RUA EMANOEL COSTA  ABREU, S/N
PARAMBU;19;343;JUAZEIRO;ESCOLA VICENTE NORONHA MOTA (ANT. ESCOLA MANOEL ALVES TEIXEIRA);RUA BENEDITO FERREIRA LIMA, S/N
ICÓ;15;196;CENTRO - SEDE;EEM - VIVINA MONTEIRO;RUA DR INACIO DIAS S/N
FORTALEZA;2;723;PAUPINA;EMEIF GUIOMAR DA SILVA ALMEIDA;RUA PEROLINA DE MORAIS, 449
NOVA RUSSAS;48;129;PATRONATO;E.M.E.F. FRANCISCA DAS GRAÇAS T MESQUITA(ANTIGA EEFM MONSENHOR LEITÃO);RUA HERMENEGILDO MARTINS, 667
FORTALEZA;114;293;PRESIDENTE KENNEDY;EMTI PROFESSOR JOAQUIM FRANCISCO DE SOUSA FILHO;RUA JOAQUIM MARQUES, 13
CAMPOS SALES;38;158;B. GUARANI;E.E.I.F LUCIANO TÓRRES DE MELO - SEDE;RUA CELERINO  NEPOMUCENO DE CARVALHO - S/N
SENADOR SÁ;45;76;ZONA RURAL;EEF ANTONIO COSTA NASCIMENTO;POVOADO DE SALAO
ITAPIPOCA;17;213;BOA VISTA;ESCOLA DE 1 GRAU DR GERALDO GOMES DE AZEVEDO;RUA JOAQUIM AMÉRICO TEIXEIRA, 216
CAUCAIA;123;548;TABAPUÁ BRASÍLIA II (JUREMA);E.E.I.E.F. JOSEFA ALVES DOS SANTOS;RUA ENGENHEIRO JOÃO NOGUEIRA, S/N - VILA NOVA/PARQUE POTIRA I
SOBRAL;24;664;DOMINGOS OLÍMPIO;EEFI EMILIO SENDIM;RUA EDUARDO DE ALMEIDA SANFORD, S/N
GRANJEIRO;62;150;CENTRO;EEFM MIGUEL SARAIVA PINHEIRO;RUA HENRIQUE DE MACEDO SN
FORTALEZA;2;728;GUAJERU;EEEP COMENDADOR MIGUEL GURGEL;RUA JOSE BAIMA, S/N
CEDRO;13;448;DIVISÃO;ESCOLA DE ENS FUND ANTONIETA JUCA MARQUES;RUA 7 DE SETEMBRO S/N
FORTALEZA;114;20;BARRA DO CEARÁ;SENAI - CENTRO DE FORMAÇÃO PROFISSIONAL;AVENIDA FRANCISCO SÁ 7221
CHAVAL;108;23;CENTRO;EEF FRANCISCO DE ASSIS DAMASCENO CARNEIRO;RUA MAJOR FIEL S/N
PALHANO;9;164;FEIJAO BRAVO;UNIDADE BÁSICA DE SAÚDE RITA ROSA DOS SANTOS;FEIJAO BRAVO
ANTONINA DO NORTE;18;83;CASTELO BRANCO;ESCOLA MUNICIPAL FRANCISCO MENDES E SILVA;AV CENTRAL SN
ITAPIPOCA;17;563;CRUXATI;EEB ALONSO PINTO DE CASTRO;BETÂNIA
FORTALEZA;118;684;PASSARÉ;COLEGIO CONEXÃO SABER;RUA DOUTOR PEDRO SAMPAIO, 550
FORTALEZA;3;238;CENTRO;COLÉGIO ESTADUAL JUSTINIANO DE SERPA;AV. SANTOS DUMONT, 56
FORTALEZA;2;804;MESSEJANA;EEM DEPUTADO PAULO BENEVIDES;RUA ANGELICA GURGEL, 186
MARACANAÚ;122;220;ALTO ALEGRE II;EMEIEF SANTA EDWIRGES;RUA PAULO AFONSO 1840
MARACANAÚ;122;237;ALTO ALEGRE I;EMEIEF CESAR CALS DE OLIVEIRA FILHO;RUA LITUANIA S/N
INDEPENDÊNCIA;39;25;VARZEA ALEGRE;E.E.F. JOSE RODRIGUES ZUMBA;VARZEA ALEGRE
ITAPAJÉ;41;241;ARMADOR;ESCOLA MUNICIPAL FRANCISCO LOPES RODRIGUES;SITIO ARMADOR
FORTALEZA;85;294;ANTÔNIO BEZERRA;EEFM ANTONIO BEZERRA;RUA PADRE PERDIGAO SAMPAIO 780
ITAPAJÉ;41;98;SAO TOME;ESCOLA JOAQUIM RAIMUNDO XAVIER;SAO TOMÉ
CASCAVEL;7;250;CENTRO;ESC.ENS.FUND. BENIGNA PACHECO;RUA PADRE FRANCISCO VALDIVINO NOGUEIRA, 2210
CRATO;27;372;SEMINÁRIO;EEMTI GOVERNADOR ADAUTO BEZERRA;RUA MARCOS MACEDO S/N
CASCAVEL;7;7;PITOMBEIRAS;E.E.F. PROFESSOR MAURÍCIO DE BRITO;AV RAIMUNDO SAMPAIO 185
FORTALEZA;1;641;VARJOTA;ESCOLA ESTADUAL  BARBARA DE ALENCAR;RUA PEDRO RUFINO 38
CAMOCIM;32;146;RODAGEM DO LAGO;CRECHE JOSE MARIA PARENTE VIANA - RODAGEM DO LAGO;RODAGEM DO LAGO S/N
CAUCAIA;123;529;PARQUE ALBANO (JUREMA);E.E.I.E.F. DOM ANTÔNIO DE ALMEIDA LUSTOSA;RUA PERY, 951
CROATÁ;74;105;SEDE;ESCOLA DE EDUCACAO BASICA DOM TIMOTEO;RUA MANOEL BRAGA SN - CENTRO
QUIXERAMOBIM;11;299;CONJUNTO ESPERANCA;ESCOLA DONA MUNDOCA;RUA ANTONIO PEDRO SANTIAGO
BARROQUINHA;108;90;CENTRO;EEMTI JAIME LAURINDO DA SILVA;TRAVESSA DO CAMPO, S/N
FORTALEZA;82;121;CRISTO REDENTOR;EEMTI LIONS JANGADA;RUA CAMÉLIA, 352
GENERAL SAMPAIO;50;43;CENTRO;EMEF Mª ARINDA LOBO DE MESQUITA;RUA JOSÉ SEVERINO FILHO, 209
FORTALEZA;1;924;COCÓ;UNINTA - FACULDADE UNINTA FORTALEZA;RUA VILEBALDO AGUIAR,133
ANTONINA DO NORTE;18;70;CENTRO;ESCOLA DE ENSINO FUNDAMENTAL 8 DE MAIO;RUA ANTONIO MOTA 50
CAUCAIA;123;322;PARQUE POTIRA (JUREMA);COLÉGIO ESTADUAL LICEU DE CAUCAIA;RUA ARAQUÉM, 1100 - PARQUE POTIRA (JUREMA)
TEJUÇUOCA;41;183;UMARI;ESCOLA DE ENSINO INFANTIL E FUNDAMENTAL SAGRADA FAMILIA;UMARI
MARACANAÚ;104;262;TIMBÓ;EMEF DR. JOSÉ DE BORBA VASCONCELOS;AVENIDA TIMBÓ, 808
FORTALEZA;117;492;PARQUE PRESIDENTE VARGAS;EEM PARQUE PRESIDENTE VARGAS;RUA FRANCISCO ALMEIDA, 940
ITAPIPOCA;17;343;DESERTO;EEB MANOEL RODRIGUES SOBRINHO;RUA MANOEL RODRIGUES SOBRINHO, SN
IPAPORANGA;20;238;ALTO DO BOM PRINCÍPIO;ESCOLA DE ENSINO FUNDAMENTAL WALDEMAR DE ALCÂNTARA;RUA PEDRO CORREIA LEITÃO, 45
SÃO BENEDITO;22;105;CENTRO-SEDE;NAEC - NÚCLEO DE ARTE, EDUCAÇÃO E CULTURA - PROFESSOR OSCAR COSTA DE S;RUA CAPITÃO MIRANDA S/N CENTRO
ITATIRA;33;152;ZONA RURAL;EMEF JOSE PEREIRA;LOCALIDADE DE BANDEIRA NOVA
ITAPIPOCA;17;551;CRUXATI;EEB PEDRO FRANCISCO DE ASSIS;CURA I
CAPISTRANO;105;168;CENTRO;ESCOLA DE ENSINO BASICO DEPUTADO UBIRATAN DINIZ AGUIAR;RUA JOSE SARAIVA SOBRINHO S/N
FORTALEZA;115;333;PARANGABA;COLÉGIO LOURENÇO FILHO - PARANGABA;RUA CÔNEGO DE CASTRO 700
FRECHEIRINHA;81;260;CENTRO;PATRONATO SAO JOSE;CAPITAO JOAQUIM FRANCISCO              CENTRO             SN
FORTALEZA;3;583;MEIRELES;ESCOLA DE SAÚDE PÚBLICA DO CEARÁ;AV. ANTÔNIO JUSTA, 3161
MARACANAÚ;104;296;PAJUÇARA;EMEF MARIA PEREIRA DA SILVA;RUA JUSTINO DE SOUSA, 842
SÃO GONÇALO DO AMARANTE;36;138;VARZEA REDONDA;ESCOLA DE ENSINO FUNDAMENTAL JOAQUIM PACHECO MENEZES;VARZEA REDONDA
FORTALEZA;85;197;CONJUNTO CEARÁ I;ESCOLA JOÃO PAULO II;AV C N. 1381 2 ETAPA
FORTALEZA;95;319;BARROSO;EM SINÓ PINHEIRO;RUA 14, 151 (CJ JOAO PAULO II)
CAUCAIA;123;431;ARATURI (JUREMA);E.E.F. PROFESSORA MARLY FERREIRA MARTINS;RUA NW-3, S/N
ANTONINA DO NORTE;18;87;CENTRO;ESCOLA SAO SEBASTIAO;TABOLEIRO DOS MENDES
CROATÁ;74;104;DISTRITO;ESCOLA MUNICIPAL DE VARZANTE;VARZANTE
CARIRIAÇU;71;26;PARAÍSO;EEM SÃO PEDRO;RUA LUIZ BEZERRA 325
ASSARÉ;18;96;AMARO;ESC DE ENS FUND MARIA CELIA FERREIRA;RUA GOMES DE ALMEIDA S/N
ACARAÚ;30;367;ZONA RURAL;ESCOLA ARISTIDES FLORIANO DE OLIVEIRA;CAJUEIRO DO BOI
FORTALEZA;113;407;PARQUE ARAXÁ;CENTRO UNIVERSITÁRIO UNIFANOR;AV. BEZERRA DE MENEZES, 1277
FORTALEZA;115;314;MARAPONGA;EEM  PROFESSORA DIVA CABRAL;RUA HOLANDA, 701
PEREIRO;10;141;SITIO LAGOA DOS MARINHEIROS;GRUPO ESCOLAR FRANCISCO DAS CHAGAS DE AQUINO;SITIO LAGOA DOS MARINHEIROS
FORTALEZA;83;732;HENRIQUE JORGE;COLÉGIO LUNA RANGEL;RUA EURICO MEDINA, 959
NOVO ORIENTE;99;170;CENTRO;CRECHE ANTONIA RODRIGUES;AV. ALCIDES SALES
CAUCAIA;37;584;CURICACA;E.E.F. EDSON DA MOTA CORREA;ESTRADA VELHA DO ICARAI, KM 02
MASSAPÊ;45;16;ALTO DA CADEIA;EM MARIA LAURA SOARES FROTA;RUA CORIOLANO GOMES FROTA SN
FORTALEZA;113;52;JOSÉ BONIFÁCIO;COLÉGIO FARIAS BRITO;RUA SENADOR POMPEU, 2607
FORTALEZA;117;442;PARQUE PRESIDENTE VARGAS;EM JOSE MARIA MOREIRA CAMPOS;RUA FRANCISCO ALMEIDA, 525 CJ. APOLO XI
MARACANAÚ;122;41;ACARACUZINHO;EMEF MANOEL RODRIGUES PINHEIRO DE MELO;AVENIDA CENTRAL, 2000
MARACANAÚ;122;53;PIRATININGA;EMEF JOSÉ MARIA BARROS PINHO;RUA NOVO ORIENTE S/N
FORTALEZA;94;35;ANTÔNIO BEZERRA;EMTI JOSÉ CARLOS DE OLIVEIRA NETO;R. SAO VICENTE DE PAULO, 170
ARATUBA;105;90;TOPE-SITIO;ESCOLA MUNICIPAL JOSE MENDES DA CRUZ;TOPE
FORTALEZA;113;231;RODOLFO TEÓFILO;EM SÃO RAIMUNDO;RUA ALEXANDRE BARAÚNA, 1450
FORTALEZA;93;307;PREFEITO JOSÉ WALTER;CEI MARIA LETICIA MOTA MOREIRA;RUA 15, S/N, RESIDENCIAL CIDADE JARDIM II
FORTALEZA;85;146;CONJUNTO CEARÁ I;EEEP PROFESSOR CESAR CAMPELO;RUA 717, N.164, 3 ETAPA
AIUABA;101;42;CENTRO;EEM JOSÉ FERREIRA BARBOSA;RUA 7 DE SETEMBRO S/N
SÃO BENEDITO;22;38;CENTRO-SEDE;ESCOLA DE ENSINO FUNDAMENTAL FARIAS BRITO;PRACA DOM COUTINHO 864
QUIXADÁ;6;390;JUATAMA;EEF RENATO DE ARAÚJO CARNEIRO;RUA FRANCISCO MOREIRA DE SOUZA,1324
PORTEIRAS;70;282;CENTRO-SEDE;ESCOLA DE ENSINO INFANTIL EM TEMPO INTEGRAL JESUS DANTAS;RUA MARIA GONCALVES DANTAS S/N
POTENGI;68;114;CENTRO;GRUPÃO - EEF ANTONIO DE FIGUEIREDO TAVEIRA - SEDE;RUA ALMINO ALENCAR S/N
MAURITI;76;158;DANTAS;EEIF ZEFINHA CARTAXO;SITIO DANTAS
FORTALEZA;95;352;CONJUNTO PALMEIRAS;CEI MARIA DO SOCORRO FERREIRA VIRINO;RUA VALPARAÍSO, 339
FORTALEZA;95;188;CAJAZEIRAS;CRECHE ACADEMIA DA CRIANÇA;RUA GREGÓRIO FRANÇA, 174
CARIDADE;111;71;CENTRO;EEFM CASEMIRO BEZERRA DE ARAUJO;RUA CEL FRANCISCO LINHARES 496
FORTALEZA;80;300;DIONISIO TORRES;ASSEMBLÉIA LEGISLATIVA - UNIVERSIDADE DO PARLAMENTO CEARENSE;RUA BARBOSA DE FREITAS, 2674
FORTALEZA;82;128;JACARECANGA;EEMTI SALES CAMPOS;RUA JACINTO MATOS, 730
MARACANAÚ;122;61;ACARACUZINHO;EEF ANTONIO GONDIM DE LIMA;AV. LATERAL SUL S/N
JUAZEIRO DO NORTE;28;168;AREA RURAL DE JUAZEIRO DO NORTE;EMEIF RAIMUNDO DOMINGOS;SITIO TAQUARI
ITAPAJÉ;41;172;CENTRO-SEDE;CENTRO INTERESCOLAR JOÃO TEIXEIRA SARAIVA;RUA JOSE PINTO CAVALCANTE 273
FORTALEZA;115;269;ITAPERI;EM PROJETO NASCENTE;RUA CAMPO MAIOR, S/N
SOBRAL;121;16;SINHÁ SABÓIA;ESCOLA CARLOS JEREISSATI;AV SENADOR FERNANDES TAVORA, 950
FORTALEZA;83;649;JOÃO XXIII;CENTRO DE FORMAÇÃO E DESENV. PARA PROFISSIONAIS DA EDUCAÇÃO - FORMACE;RUA PORTO VELHO, 401
MORRINHOS;44;22;ESPINHOS;EMEF FRANCISCO LOPES MARÇAL;ESPINHOS DOS LOPES
FORTALEZA;94;33;ANTÔNIO BEZERRA;EM PADRE JOSEFINO CABRAL;AV SARGENTO HERMINIO SAMPAIO 5598
JUAZEIRO DO NORTE;28;18;CENTRO;EEEP PROFESSOR MOREIRA DE SOUSA;DO CRUZEIRO 497
SÃO LUÍS DO CURU;23;325;SALGADO-SEDE;E.E.F. ANTONIO HONORATO;RUA JOSE INACIO NOGUEIRA SN
MORADA NOVA;47;241;BOA AGUA;EEB ANTÔNIO DE QUEIROZ FERREIRA;ASSENTAMENTO JUCÁ GROSSO
ALTO SANTO;86;30;JUREMAL;ESCOLA DE 1 GRAU FRANCISCO PRAXEDES MENDES;SITIO JUREMAL
SÃO BENEDITO;22;41;CENTRO-SEDE;EEMF SÃO BENEDITO;R MINISTRO ANTONIO COELHO 962
FORTALEZA;116;367;GRANJA LISBOA;PROJETO ABC BOM JARDIM;RUA TRES CORACOES 762
FORTALEZA;85;357;DOM LUSTOSA;EEFM AYRTON SENNA DA SILVA;RUA MANAUS, 855
SÃO BENEDITO;22;74;SITIO JUSSARA;EEF CICERO CLEMENTINO DE MEDEIROS;SITIO JUSSARA
IPU;21;76;SEDE;PATRONATO SOUSA CARVALHO;PCA DR CHAGAS PINTO 1045 - CENTRO
FORTALEZA;83;97;HENRIQUE JORGE;EEM  MARIANO MARTINS;AVENIDA SENADOR FERNANDES TÁVORA 1445
MORADA NOVA;47;215;SAO JOSE;EEB PROFESSORA HILDA PONCIANO DE OLIVEIRA LIMA(ESCOLA MODELO);RUA RAIMUNDO CARNEIRO GIRÃO, 872
QUITERIANÓPOLIS;99;119;ZONA RURAL;EEIF ANTONIO LAURINDO SOARES;BARRA DOS RICARDOS
JIJOCA DE JERICOACOARA;30;116;ZONA RURAL;EEEP SANDRA CARVALHO COSTA;CORREGO DA FORQUILHA I
QUIXERAMOBIM;11;35;NENELANDIA;ESCOLA VALDIVINO FERREIRA BRAGA;FAZENDA PAU FERRO
FORTALEZA;82;211;MONTE CASTELO;COLÉGIO EURÍDICE;RUA NATURALISTA FEIJÓ, 736
JIJOCA DE JERICOACOARA;30;362;CENTRO;CRECHE SORRISO DE MÃE;RUA MANOEL MARQUES - 1124
FORTALEZA;113;257;AMADEU FURTADO;EEF MONSENHOR LINHARES;RUA PROF. LINO ENCARNAÇÃO, 1130
FORTALEZA;113;152;BOM FUTURO;COLÉGIO MEDALHA MILAGROSA;RUA PADRE JOÃO PIAMARTA,  415
QUIXADÁ;6;243;CAMPO VELHO;CEJA JOÃO RICARDO DA SILVEIRA;RUA DOM LUCAS, 760
BARBALHA;31;42;VILA DO CALDAS;EMEIF BOM JESUS (VILA DO CALDAS);RUA DANIEL CORDEIRO NEVES, S/N - PRAÇA PE.CARLOS
NOVO ORIENTE;99;58;ZONA RURAL;EEIF FERNANDO COSTA;DISTRITO PALESTINA
GRAÇA;79;140;SITIO CAETANO;GRUPO ESCOLAR RITA ALVES DE SOUSA;SITIO CAETANO
FORTALEZA;80;130;ALTO DA BALANÇA;EM PROFESSORA EDITH BRAGA;RUA CAPITAO VASCONCELOS 1061
FORTALEZA;80;322;DIONISIO TORRES;COLÉGIO SANTO INACIO;AVENIDA DESEMBARGADOR MOREIRA 2355
ITAPIÚNA;105;129;DISTRITO DE CAIO PRADO;EEF PROFESSORA MARIA ALAÍDE LOPES;RUA NONATO CAVALCANTE SN
BATURITÉ;5;34;GITIRANA;POSTO DE SAÚDE DO ALTO ALEGRE;GITIRANA, SN
FORTALEZA;113;142;JARDIM AMÉRICA;ESC. EST. DE EDUC. PROFISSIONAL PAULO VI;RUA JORGE DUMMAR, 1841
FORTALEZA;83;588;HENRIQUE JORGE;ESCOLA MUNICIPAL SANTA MARIA;RUA CUIABÁ 1465
FORTALEZA;113;400;PARQUE ARAXÁ;CENTRO UNIVERSITÁRIO UNIFANOR;AV. BEZERRA DE MENEZES, 1277
OCARA;67;250;SERENO DE CIMA-DISTRITO;ESCOLA MUNICIPAL RAIMUNDO FACO - ENSINO FUNDAMENTAL;ESTRADA DO ALGODAO KM 31 - CORREGO DO FACO
BOA VIAGEM;63;102;BOQUEIRAO;EEF RAIMUNDO ALVES BATISTA;ASSENTAMENTO BOA VENTURA - BOQUEIRAO
CANINDÉ;33;453;PALESTINA;CAIC ALFREDO COELHO MAGALHÃES;RUA ANTONIO MONTEIRO DOS SANTOS SN
VARJOTA;65;151;CENTRO;E.E.F. DEPUTADO MANOEL RODRIGUES;RUA MODESTO DE MENDONÇA, 917
FORTALEZA;85;340;GENIBAÚ;ESCOLA MUNICIPAL DEP JOAO FREDERICO FERREIRA GOMES;RUA JOSE MENDONCA 1160
IBARETAMA;6;90;DISTRITO DE OITICICA;EMEIF FRANCISCO JOSE DE FREITAS;DISTRITO DE OITICICA
FORTALEZA;113;159;BOM FUTURO;COLÉGIO MEDALHA MILAGROSA;RUA PADRE JOÃO PIAMARTA,  415
MARCO;96;111;CENTRO-SEDE;PATRONATO MATER DEI;RUA 7 DE SETEMBRO,S/N - CENTRO
PARACURU;109;58;JARDIM DO MEIO;E. M. E. I. F. MARIA YOLANDA BARROSO;JARDIM DO MEIO
PARACURU;109;99;POÇO DOCE;E. M. E. I. F. RUFINO VIEIRA;RUA RUTH FELIX, S/N
GRANJA;25;59;PARAZINHO;E.E.F.T.I. FRANCISCA CLEOMAR VERAS FREITAS (ANTIGA CERU);RUA JOSE MARTINS, S/N
GROAÍRAS;65;139;JOSE CASSIANO FEIJAO;CRECHE PRO INFANCIA FRANCISCA TORRES DE PAULA - GROAÍRAS;AV. DOMINGOS JOÃO DE MELO
SENADOR POMPEU;12;99;CARACARA;CEI  MARIA DAS DORES DE MAGALHÃES OLIVEIRA;RUA AUDISIO VIEIRA DO NASCIMENTO S/N
BEBERIBE;84;124;SUCATINGA;ESCOLA MUNICIPAL JOSE DE ANCHIETA;RUA JOSE FRANCISCO CARNEIRO SN - BARRA DA SUCATINGA
FORTALEZA;112;449;EDSON QUEIROZ;UNIVERSIDADE DE FORTALEZA - UNIFOR;AVENIDA WASHINGTON SOARES, 1321
AMONTADA;89;286;NASCENTE;EEB CUSTODIO BANDEIRA DOS SANTOS;MUTUCA
IPU;21;113;DISTRITO;E.M.E.F. MELQUIADES CAMELO TIMBO;VARZEA DA CURICACA
FORTALEZA;85;238;CONJUNTO CEARÁ I;EEFM DOUTOR GENTIL BARREIRA;RUA 202-D, S/N - CONJUNTO CEARÁ I
JUAZEIRO DO NORTE;119;99;JOAO CABRAL;ESCOLA LILI NERY;RUA PADRE ALCANTARA, 1000
BATURITÉ;5;70;CENTRO-SEDE;EMEF DOMINGOS SAVIO;AV DOM BOSCO, 393
SOBRAL;24;81;EXPECTATIVA;EEFI TRAJANO DE MEDEIROS (LAVANDERIA);AVENIDA DR. JOSE EUCLIDES FERREIRA GOMES JUNIOR, S/N
FORTALEZA;113;241;RODOLFO TEÓFILO;EEFM FÉLIX DE AZEVEDO;RUA MONSENHOR FURTADO, 757
GRANJA;25;211;JACURUTU;E.E.F. NAPOLEÃO FONTENELE ROCHA;LOCALIDADE JACURUTU
MARANGUAPE;4;600;CENTRO - MARANGUAPE;CASA DE CULTURA CAPISTRANO DE ABREU (FITEC);RUA MAJOR AGOSTINHO, 306
AIUABA;101;32;BOM NOME;GRUPO ESCOLAR JOSE ALVES DE OLIVEIRA;RUA DUQUE DE CAXIAS SN
TABULEIRO DO NORTE;91;74;PEDRA PRETA;EMEF OTÍLIO NOBRE DE BRITO - SITIO PEDRA PRETA;SITIO PEDRA PRETA
QUIXERAMOBIM;11;184;MANITUBA;ESCOLA VITOR MODESTO DE SOUSA;FAZENDA TORADO
MARANGUAPE;4;82;LAGOA DO JUVENAL;EMEF JOSÉ DE SOUSA ALBUQUERQUE;AVENIDA NOSSA SENHORA DO CARMO, 525
FORTALEZA;112;518;ENGENHEIRO LUCIANO CAVALCANTE;COLEGIO GLOBOMAX;RUA GENERAL CAIADO DE CASTRO, 156
FORTALEZA;83;688;BELA VISTA;EEMTI ESTADO DO AMAZONAS;RUA MONSENHOR FURTADO 2327
FORTALEZA;118;423;SERRINHA;EM MARIA DE CARVALHO MARTINS;AVENIDA DOUTOR SILAS MUNGUBA, 4300
VARJOTA;65;174;PEDREIRA;E.E.I. TEODORO SALES DE OLIVEIRA-CRECHE PEDACINHO DO CÉU;RUA 31 DE MARÇO, 647
QUIXERÉ;29;258;LAGOINHA;EEIF FRANCISCO ANTONIO DA SILVA;SITIO UBAIA
PIQUET CARNEIRO;12;172;CATOLE DA PISTA;EMEF JOSÉ ELIEDSON DE BRITO;CATOLE DA PISTA
TIANGUÁ;81;286;SEMINÁRIO;E.E.F. LAR DOCE LAR;RUA FRANCISCO GENTIL DE FARIAS 
CRUZ;30;259;ZONA RURAL;ESCOLA FRANCISCO BENEDITO DE FARIAS;POÇO DOCE - CE 085
MILAGRES;26;95;FRANCISCA DO SOCORRO;ESCOLA CLICERIO MARTINS PEREIRA;RUA VALADARES
CAUCAIA;37;565;CAMURUPIM;E.E.I.E.F. SÃO SEBASTIÃO;RUA LUIS DA CUNHA LIMA, S/N
FORTIM;8;184;CENTRO;EEIFTI. PROFESSORA MARIA LUIZA;RUA JOAQUIM CRISÓSTOMO, 739.
MARACANAÚ;122;281;CÁGADO;CENTRO AGACIL CAMURCA;AV. PADRE JOSE HOLANDA DO VALE, 931
MARANGUAPE;4;574;MANOEL GUEDES;EMEIEF FLORÊNCIO BARROSO DE ALBUQUERQUE;RATO DE BAIXO
ACARAÚ;30;372;CENTRO;CVT - CENTRO VOCACIONAL TECNOLOGICO;AV. JOSÉ GIFFONI DA SILVEIRA, 1000
MAURITI;76;29;CENTRO;EEM ANDRÉ CARTAXO;RUA CHAGAS SAMPAIO, S/N
MORAÚJO;64;66;BOA ESPERANÇA;BOA ESPERANÇA - POSTO DE SAÚDE;DISTRITO DE BOA ESPERANÇA
MORAÚJO;64;111;TIMBAÚBA;TIMBAÚBA - CRECHE MÃE CHIQUINHA DE ABREU;LOCALIDADE TIMBAÚBA, MORAÚJO/CE
IPUEIRAS;40;211;VILA NOVA;EEF ESTEVAM RODRIGUES MOREIRA - VILA NOVA;ESTEVAM RODRIGUES MOREIRA, 604
FORTALEZA;115;90;SERRINHA;COLEGIO DUQUE DE CAXIAS;RUA  PERU, 1675
FORTALEZA;112;426;EDSON QUEIROZ;COLEGIO ARI DE SA CAVALCANTE WS;AV WASHINGTON SOARES, 3737
FRECHEIRINHA;81;272;ÁREA RURAL DE FRECHEIRINHA;CRECHE FRANCISCA MARIA DO NASCIMENTO ;SITIO JARDIM, ÁREA RURAL DE FRECHEIRINHA
GUARACIABA DO NORTE;74;20;SEDE;ESCOLA MUNICIPAL D PEDRO I;RUA 12 DE MAIO - CENTRO
GRANJA;25;41;ADRIANOPOLES;E.E.F. GUILHERME TELES GOUVEIA (ANTIGA NIEDJA ARRUDA);RUA VICENTE FERREIRA, S/N
CAMOCIM;32;13;CENTRO;CEJA - JOAO DA SILVA RAMOS;PRACA JOSE SEVERIANO MOREL S/N
JARDIM;119;345;SITIO TAQUARI;ESCOLA IVA EMIDIO GONDIM;SITIO TAQUARI SN
AIUABA;101;24;SAO NICOLAU;GRUPO ESCOLAR EDMUNDO BRAGA;RUA BENTO HERCULES SN
JUAZEIRO DO NORTE;28;436;CENTRO;EEIF PADRE CICERO;MONSENHOR JOVINIANO BARRETO 116
CANINDÉ;33;54;ZONA RURAL;EMEF DR ELPIDIO;DISTRITO DE BONITO
MASSAPÊ;45;25;GINASIO;CENTRO EDUCACIONAL MASSAPEENSE;RUA AMADEU ALBUQUERQUE 323
MARANGUAPE;4;52;OUTRA BANDA - MARANGUAPE;EMEIEF PAULO SARASATE;AVENIDA DR. ARGEU GURGEL BRAGA HERBSTER, 883
IPUEIRAS;40;104;NOVA FÁTIMA;EEF FRANCISCO RIBEIRO LOPES - NOVA FÁTIMA;NOVA FÁTIMA
FORTALEZA;82;654;ÁLVARO WEYNE;COLÉGIO MANUEL DA SILVA (CARLITO PAMPLONA);RUA ASSIS BEZERRA, 25
DEPUTADO IRAPUAN PINHEIRO;55;160;CENTRO;E.M.T.I. SÃO CAETANO;SÍTIO RIACHO VERDE I
CHOROZINHO;49;176;CENTRO;CENTRO DE EDUCAÇÃO INFANTIL ERCILIA BEZERRA;RUA FRANCISCO DAS CHAGAS BRASIL 23
CAUCAIA;37;132;COQUEIRO;E.E.F. ANTONIO DIAS MACEDO;FAZENDA COITÉ - COQUEIRO
QUIXERAMOBIM;11;291;VILA BETANIA;ESCOLA JOSE CARNEIRO;RUA RAIMUNDO SALDANHA SN
NOVO ORIENTE;99;151;VILA FELIZ;ESCOLA ESTADUAL DE EDUCAÇÃO PROFISSIONAL MARIA EUDES BEZERRA VERAS;RUA ULISSES GUIMARÃES, S/N
TRAIRI;97;47;ANGELIM;EEF FIRMINO FRANCISCO DE MOURA;ANGELIM
FORTALEZA;94;7;QUINTINO CUNHA;EEMTI MARIA JOSÉ SANTOS FERREIRA GOMES (CERE);RUA DONA LUCIA PINHEIRO, 93
FORTALEZA;85;175;ANTÔNIO BEZERRA;EEFM MARIO HUGO CIDRAK DO VALE;RUA DR. PERIGUARI, 547
IBARETAMA;6;368;DISTRITO DE PIRANGI;EMEIF ANTÔNIO CANDIDO DE LIMA;TRAVESSIA - DISTRITO DE PIRANGI
LIMOEIRO DO NORTE;29;106;ÁREA RURAL;EEF JOSE CANDIDO DA COSTA;SITIO VARZEA DO COBRA
CAMOCIM;32;19;SAO PEDRO;EEF GENERAL ANTONIO DA SILVA CAMPOS - BAIRRO SAO PEDRO;RUA SIQUEIRA CAMPOS S/N
CAMOCIM;32;188;ZONA RURAL;ESCOLA JOSE NAZUZA DIAS - PESQUEIRO;LOCALIDADE DE PESQUEIRO
CAMOCIM;32;278;BOA ESPERANCA;ESCOLA MUNICIPAL DE 1 GRAU FCO OTONI COELHO;RUA BANDEIRANTES 646
FORTALEZA;115;257;PARANGABA;EMTI CAROLINO SUCUPIRA;RUA MUNDICA PAULA, 670
PENTECOSTE;50;45;CENTRO;CENTRO EDUCACIONAL JOÃO XXIII;AVENIDA TABELIÃO FRANCISCO ALVES, 344
ALTO SANTO;86;28;CENTRO;ESCOLA DE 1 GRAU URCESINA MOURA CANTIDIO;RUA CEL SIMPLICIO BEZERRA 8
FORTALEZA;116;335;GRANJA PORTUGAL;EM JOSE CARLOS MATOS;RUA ITAJAI 802
FORTALEZA;116;420;BONSUCESSO;EM MARIA DO SOCORRO ALVES CARNEIRO;RUA LUIS VIEIRA 1020
FORTALEZA;116;339;BOM JARDIM;EM SANTA ISABEL;RUA RAIMUNDO PINHEIRO 798
JAGUARIBE;10;57;COHAB;EEEP POETA SINÓ PINHEIRO (LICEU);AV D, S/N
BREJO SANTO;70;170;SITIO OITIZEIRO;CEI EXTENSÃO DO JOAQUIM FURTADO;SITIO OITIZEIRO
CARIRIAÇU;71;29;MIRAGEM;EEF JOAQUIM CABOCLO;RUA MAJOR SIMPLICIO GONÇALO, SN
TIANGUÁ;81;66;CENTRO;UNIPLAN - CENTRO UNIVERSITÁRIO ;RUA CAPITÃO ODILON AGUIAR, 455
MARANGUAPE;4;586;SANTOS DUMONT - MARANGUAPE;EMEIEF MARIA DE PAULA COLARES;RUA RUBENS HERBEST, 1020
QUIXADÁ;6;19;CIPÓ DOS ANJOS;CASA DE FARINHA COMUNITÁRIA DO BOM LUGAR;BOM LUGAR, S/N
PALHANO;9;11;CENTRO;ESCOLA DE ENSINO MEDIO JOSE FRANCISCO DE MOURA;AVENIDA POSSIDONIO BARRETO 459
MARCO;96;190;ZONA RURAL;EEF RAIMUNDO ERNESTO FONTELES;POVOADO VARJOTA
FORTALEZA;94;933;VILA VELHA;EMEIEF MARIA MARIZA MENDES DE CARVALHO;RUA RAIMUNDO CUNHA 1174
BATURITÉ;5;46;CENTRO-SEDE;EMEF DOMINGOS SAVIO;AV DOM BOSCO, 393
ORÓS;15;294;ESTREITO - SITIO;E.E.F. SÃO JOSÉ 02;SITIO ESTREITO, S/N
FORTALEZA;113;255;AMADEU FURTADO;EEF MONSENHOR LINHARES;RUA PROF. LINO ENCARNAÇÃO, 1130
FORTALEZA;113;82;JARDIM AMÉRICA;ESCOLA MUNICIPAL PROF. FILGUEIRAS LIMA;AV. DOS EXPEDICIONÁRIOS, 3910
MASSAPÊ;45;69;CENTRO;EEFM ADAUTO BEZERRA;PCA MANOEL JARBAS AGUIAR SN
FORTALEZA;94;920;JARDIM GUANABARA;EMEIF LORHAN MARQUES MEDEIROS;RUA CREUZA ROCHA, 255
PACAJUS;49;321;PAULICÉIA;EEF ANTONIO AIRTON TORRES;PAULICEIA
FORTALEZA;94;68;ANTÔNIO BEZERRA;CEI JOAQUIM NOGUEIRA;R. SAO VICENTE DE PAULO, 72-126
FORTALEZA;118;55;PASSARÉ;COLEGIO CONEXÃO SABER;RUA DOUTOR PEDRO SAMPAIO, 550
BREJO SANTO;70;403;SAO FRANCISCO-SEDE;EEF PROFESSOR JOAO TELES;RUA CORONEL NICODEMOS, N. 282
JUCÁS;43;59;MEL - VILA;ESCOLA DE 1 GRAU ANTONIO JOSE DE MELO;RUA ANTONIO JOSE DE MELO S/N
POTENGI;68;47;CENTRO;GRUPÃO - EEF ANTONIO DE FIGUEIREDO TAVEIRA - SEDE;RUA ALMINO ALENCAR S/N
ITAPIÚNA;105;139;DISTRITO DE PALMATORIA;EEF CENTRO DE EDUCAÇÃO RURAL (CERU);RUA MARECHAL CASTELO BRANCO
CATARINA;60;236;CENTRO;EEF PAES DE ANDRADE;RUA MANOEL DOMINGUES
FORTALEZA;83;660;HENRIQUE JORGE;EEMTI PROFESSOR PAULO FREIRE;AVENIDA SENADOR FERNANDES TÁVORA 1936
MARANGUAPE;4;6;CENTRO - MARANGUAPE;CVT MARANGUAPE;RUA WALTER LOPES, 149
FORTALEZA;113;229;RODOLFO TEÓFILO;EM SÃO RAIMUNDO;RUA ALEXANDRE BARAÚNA, 1450
PALHANO;9;17;SAO JOSE;ESCOLA DE ENSINO FUNDAMENTAL RAIMUNDO NOGUEIRA BARROS;SÃO JOSÉ
SANTANA DO ACARAÚ;44;126;TABOLEIRO ALTO;GRUPO ESCOLAR CORACY LOPES;TABOLEIRO ALTO
BARROQUINHA;108;67;POVOADO CHAPADA;EEF JOSÉ MACHADO GOUVEIA;POVOADO CHAPADA
ARACATI;8;188;PONTAL;IGREJA ASSEMBLEIA DE DEUS - PONTAL DO CAJUÍ;PONTAL
FORTALEZA;94;936;VILA VELHA;EMEIF FRANCISCO EDILSON PINHEIRO;RUA N, 35
ICAPUÍ;8;155;CENTRO;EEF. PROFESSORA MIZINHA;AV. 22 DE JANEIRO 5183
BREJO SANTO;70;55;SITIO DESERTO;EEIF JOSÉ FRANCISCO NOGUEIRA;SITIO DESERTO
MOMBAÇA;46;151;VILA SÃO JOSÉ;CEI MARIA OLÍVIA ALVES DE ALENCAR;RUA MARIA BATISTA DE ALMEIDA, S/N
FORTALEZA;85;272;CONJUNTO CEARÁ I;EEFM PROF PLACIDO ADERALDO CASTELO - UV 7B;RUA SETECENTOS E VINTE E UM, 100, 3A ETAPA
MARACANAÚ;104;7;CENTRO;EEM TENENTE MÁRIO LIMA;RUA FRANCISCO FIRMINO, 293
TAUÁ;19;267;ALTO BRILHANTE;EEF JOAQUIM PIMENTA;AV JOSE VALDEMAR REGO 585
BOA VIAGEM;63;70;MASSANGANA;EEF PATROLINO RIBEIRO DO NASCIMENTO;MASSANGANA
FORTALEZA;117;235;CANINDEZINHO;EM FLORIVAL ALVES SERAINE;RUA ITATIAIA, 1000
LAVRAS DA MANGABEIRA;14;1;CENTRO - SEDE;COLEGIO SAO VICENTE FERRER;RUA HILDA AUGUSTO S/N
TAUÁ;19;61;COLIBRIS;ESCOLA LICEU DE TAUA LILI FEITOSA;RUA JORNALISTA HELDER FEITOSA SN
TAUÁ;19;249;INHAMUNS;ASS PEQ PROD MANOEL CHAGAS - ANT ESC ANA ALVES DE OLIVEIRA;BARREIROS 2
FORTALEZA;116;406;BONSUCESSO;EM JOAO PAULO I;RUA LUIZ DE CASTRO 254
ACARAÚ;30;368;BAILARINA;ESCOLA PROF. JOELINA RIBEIRO RAMOS VIANA;RUA NEON SALES SN
AQUIRAZ;66;19;PATACAS;EMEF CLARENCIO CRISOSTOMO FREITAS;RODOVIA CE 040 SN ( SITIO  MEU CANTINHO)
ITAITINGA;78;331;BARROCÃO;EEF JARDIM DE FÁTIMA;RUA ELIATAR DIÓGENES, S/N
SOBRAL;24;245;RENATO PARENTE;ANEXO JOSE VICENTE PEREIRA(BOQUEIRAO);BOQUEIRAO - PÉ DA SERRA DA MERUOCA
GRANJA;25;56;TIMONHA;E.E.F. LUIZ MACHADO MENDES;TRAVESSA SANTA LUZIA, 753
ACARAPE;52;6;CENTRO;ESCOLA JOSÉ NEVES DE CASTRO;RUA CHICO VIEIRA, SN
MARCO;96;96;BAIRRO ALEMAES;CEI MANOEL CLÓVIS RIOS;RUA PRES. ERNESTO GEISEL, 209
SÃO LUÍS DO CURU;23;304;CENTRO-SEDE;E.E.F. PROFESSORA MARIA DE LOURDES BRAGA;RUA HUGO ROCHA SN
IPUEIRAS;40;67;COITE;EEF RAIMUNDO SOBRINHO DE OLIVEIRA - COITE;COITÉ
BAIXIO;92;87;CENTRO - SEDE;E.E.M.T.I. MONSENHOR HORACIO TEIXEIRA;RUA MARIA DA GLORIA S/N
PACAJUS;49;245;CENTRO;EEFM NUNES MORAES (SEDE 2);RUA DOS EXPEDICIONÁRIOS, 495 - CENTRO
BOA VIAGEM;63;130;XIQUE-XIQUE;EEF AMANDO FELIPE MACIEL;XIQUE XIQUE
FRECHEIRINHA;81;273;ÁREA RURAL DE FRECHEIRINHA;CRECHE FRANCISCA MARIA DO NASCIMENTO ;SITIO JARDIM, ÁREA RURAL DE FRECHEIRINHA
BEBERIBE;84;123;PARIPUEIRA;ESCOLA MUNICIPAL JOSE ANSELMO DE ALMEIDA;QUATRO BOCAS
BEBERIBE;84;139;SEDE;ESCOLA MUNICIPAL SAO VICENTE;PONTA DAGUA II
QUIXADÁ;6;63;CIPÓ DOS ANJOS;EEF ZILCAR DE SOUZA HOLANDA;CIPÓ DOS ANJOS, S/N
MAURITI;76;17;UMBURANAS-DISTRITO;EEF MAJOR JOAQUIM ANTONIO FURTADO;RUA JOSÉ OZÁRIO, S/N
CHOROZINHO;49;389;TRIANGULO;CRECHE MARIA DE LOURDES LIMA;RUA PADRE CICERO SN
CAUCAIA;37;563;JANDAIGUABA;E.E.I.E.F. MARIA HELENA MOREIRA DA SILVA;RUA DO GRUPO, 249
FORTALEZA;117;225;SIQUEIRA;EEFM SENADOR OSIRES PONTES;RUA DIVINA 150
ARACATI;8;237;CENTRO;COLONIA DOS PESCADORES;PC MARECHAL DEODORO 6
FORTALEZA;94;703;VILA VELHA;EEM LICEU VILA VELHA;AV. L, 840
FORTALEZA;3;290;CENTRO;COLÉGIO ESTADUAL JUSTINIANO DE SERPA;AV. SANTOS DUMONT, 56
FORTALEZA;114;363;JARDIM IRACEMA;CAPELA NOSSA SENHORA DE FÁTIMA;RUA RIO ARAGUAIA 1669
NOVA RUSSAS;48;39;CANINDEZINHO;C.E I. ANTONIA DE MARIA M DE SOUSA(ANTIGA CRECHE SÃO FRANCISCO);DISTRITO DE CANINDEZINHO,
FORTALEZA;82;673;CRISTO REDENTOR;EM ANTONIO MENDES;RUA DONA MENDINA, 682
MARACANAÚ;104;110;JEREISSATI I;EMEIEF SENADOR CARLOS JEREISSATI;AVENIDA 1, S/N
IBICUITINGA;47;177;MUQUEM;POSTO DE SAÚDE DO MUQUÉM;SÍTIO MUQUÉM
CASCAVEL;7;100;SEDE;ESCOLINHA ABRAÇO FRATERNO;RUA TABELIAO JOSE MARCOS DE CASTRO S/N
ACOPIARA;60;74;CENTRO;EEF PE JOAO ANTONIO;AV PAULINO FELIX, 214
CARIRIAÇU;71;25;PARAÍSO;EEM SÃO PEDRO;RUA LUIZ BEZERRA 325
RERIUTABA;79;98;CAMPO LINDO;E.E.I.F. ANTÔNIO ALVES DE SOUSA;POVOADO DE CAMPO LINDO - ZONA RURAL
SANTANA DO ACARAÚ;44;48;DISTRITO MUTAMBEIRAS;EEF JOÃO ANANIAS VASCONCELOS ;DISTRITO MUTAMBEIRAS
FORTALEZA;94;935;QUINTINO CUNHA;EMEIEF PROF DENIZARD MACEDO DE ALCÂNTARA;RUA MATOSO FILHO 450
QUIXADÁ;6;372;ALTO SÃO FRANCISCO;ESCOLA ADVENTISTA ARLETE AFONSO;RUA EPITÁCIO PESSOA, 605
SABOEIRO;43;258;BARRINHA;E.E.F. ANTONIO WILSON DOS SANTOS;DISTRITO BARRINHA
TRAIRI;97;8;MUNDAU;EEF ZEFINHA RIBEIRO BARROSO MUNDAU;MUNDAU
ICÓ;15;128;BOQUEIRAO - SITIO;ESCOLA MUNICIPAL BERNARDINHO PEREIRA;SITIO BOQUEIRAO S/N
FORTALEZA;112;369;ENGENHEIRO LUCIANO CAVALCANTE;COLEGIO GLOBOMAX;RUA GENERAL CAIADO DE CASTRO, 156
MAURITI;76;110;SÃO FÉLIX-DISTRITO;EEF LUIZ FELIPE;SITIO SERRA BRAVA
JUAZEIRO DO NORTE;119;227;JOAO CABRAL;ESCOLA LILI NERY;RUA PADRE ALCANTARA, 1000
SENADOR POMPEU;12;113;BONFIM;EEFTI RAQUEL COSTA LINHARES;RUA DA QUADRA - KM 20
JUAZEIRO DO NORTE;119;109;TIRADENTES;ESCOLA CAROLINA SOBREIRA;RUA JOSE SABIA SN
MILAGRES;26;118;SITIO TABOCAS;ESCOLA JOAO EVANGELISTA DANTAS;SITIO TABOCAS
FORTALEZA;112;276;JARDIM DAS OLIVEIRAS;EEMTI MIRIAN PORTO MOTA;RUA DAS CASTANHOLAS, S/N
FORTALEZA;112;177;CIDADE DOS FUNCIONÁRIOS;IGREJA DA GLÓRIA;AV OLIVEIRA PAIVA, 905
CAUCAIA;37;623;CAMURUPIM;E.E.I.E.F. SÃO SEBASTIÃO;RUA LUIS DA CUNHA LIMA, S/N
CAUCAIA;120;317;SITIOS NOVOS;E.E.F. ALICE MOREIRA DE OLIVEIRA;RUA HENRIQUE MARTINS, S/N
GRANJEIRO;62;254;SÍTIO SERRINHA;EEIF PROFA FCA DE ARAÚJO BORGES (D. FRANSQUINHA);SITIO SERRINHA
FORTALEZA;82;126;JACARECANGA;EEMTI SALES CAMPOS;RUA JACINTO MATOS, 730
CAMOCIM;32;81;ZONA RURAL;E.E.F SANTO ANTÔNIO I - GURIU;LOCALIDADE DE GURIU - POVOADO
PACATUBA;57;341;PAVUNA;ESCOLA DE 1 GRAU MARIA GUIOMAR BASTOS CAVALCANTE;RUA TOPAZIO, 331, VELHO TIMBO
JUCÁS;43;57;CENTRO - SEDE;SECRETARIA DE AÇÃO SOCIAL;RUA CORONEL LUIZ DUARTE S/N
JUCÁS;43;220;ALTO DO TÓ - SEDE;CENTRO EDUCACIONAL JUCAENSE - CEJUC;RUA JOSÉ GERSON DUARTE, S/N
JARDIM;119;324;JARDIM MIRIM;ESCOLA MONSENHOR ALCANTARA;DISTRITO DE JARDIM MIRIM
JARDIM;119;331;SITIO LAMEIRAO;ESCOLA AGOSTINHO FELIX DE FIGUEIREDO;SITIO LAMEIRAO                                            SN
BARBALHA;31;123;PARQUE BULANDEIRA;EEEP OTÍLIA CORREIA SARAIVA (LICEU DE BARBALHA);RUA PROJETADA I, S/N (7.29196 S, 39.31251 W)
PARAMOTI;111;145;CENTRO;EEMTI TOMÉ GOMES DOS SANTOS (PRÉDIO NOVO);RUA ORLEANS FARIAS, S/N - SANTA CECÍLIA
FORTALEZA;82;645;CRISTO REDENTOR;EEMTI LIONS JANGADA;RUA CAMÉLIA, 352
MARANGUAPE;4;53;OUTRA BANDA - MARANGUAPE;EMEIEF PAULO SARASATE;AVENIDA DR. ARGEU GURGEL BRAGA HERBSTER, 883
SÃO GONÇALO DO AMARANTE;36;36;CONJUNTO;ESCOLA DE ENSINO FUNDAMENTAL GOVERNADOR TASSO JEREISSATI;RUA CORONEL NECO MARTINS S/N - SEDE
CARIRIAÇU;71;57;NOSSA SENHORA DO CARMO;SECRETARIA DE SAÚDE - ANCILON FERREIRA TAVARES;RUA LUIZ ROLIM, SN
CAUCAIA;37;15;GRILO;EEIEF NAIR MAGALHÃES GUERRA;RUA JOAQUIM BENTO CAVALCANTE, 500
ASSARÉ;18;158;PEDRA DE FOGO;ESCOLA ESTADUAL DE EDUCAÇÃO PROFISSIONAL;RUA JOSÉ RIBEIRO DE OLIVEIRA S/N
LAVRAS DA MANGABEIRA;14;5;CENTRO - SEDE;CENTRO EDUCACIONAL PEQUENO PRÍNCIPE - CEPP;RUA DOS COQUEIROS, 82
FORTALEZA;93;87;PREFEITO JOSÉ WALTER;EM RACHEL DE QUEIROZ;AVENIDA C, S/N - II ETAPA
TAUÁ;19;260;CIDADE NOVA/SEDE;EPG TEREZA ARAGAO SERRA;RUA EUFRASIO ALVES DE OLIVEIRA 13                 NOVA ALDEOTA
PACAJUS;49;133;MANGABEIRA;EEF JOAQUIM AMÂNCIO BEZERRA;AV. DUCA PEDRO, S/N
CARIDADE;111;61;CAMPOS BELOS;EPG RODOLFO TEIXEIRA BARROS;RUA ANTONIO SABINO SN
SENADOR POMPEU;12;158;PAVAOZINHO;CENTRO DE REFERÊNCIA DE ASSISTÊNCIA SOCIAL CRAS II (ANTIGO MUNDO FELIZ;RUA GEMINIANO VITORIANO DE OLIVEIRA S/N
VARJOTA;65;154;BALNEARIO;E.E.I. JOSÉ NEVES DAMASCENO - CRECHE BALNEÁRIO;RUA ANTÔNIO DE OLIVEIRA, S/N
FORTALEZA;115;120;MARAPONGA;DETRAN;AV GODOFREDO MACIEL, 2900
QUIXADÁ;6;169;PUTIÚ;EEF NEMÉSIO BEZERRA;AV. PRESIDENTE VARGAS, 453
ITAITINGA;78;419;PEDRAS;UNIDADE PRISIONAL GOVERNADOR STÊNIO GOMES (UPGSG);BR 116, KM 17, ITAITINGA-CE
MARACANAÚ;104;355;TIMBÓ;EMEF ADAUTO FERREIRA LIMA;AVENIDA CONTORNO LESTE, S/N
FORTALEZA;82;204;MONTE CASTELO;EM PROFESSOR MARTINZ DE AGUIAR;RUA BERNARDO PORTO, 470
JUAZEIRO DO NORTE;119;190;NOVO JUAZEIRO;ESCOLA TARCILA CRUZ ALENCAR;CASTELO BRANCO 4451
RUSSAS;9;291;MELANCIAS;ESCOLA MUNICIPAL LUIZ FERREIRA LIMA;MELANCIAS
JAGUARUANA;75;84;COHAB;POLO DE ATENDIMENTO RAIMUNDA AMELIA DA SILVA;AV JOSE CLAUDIO DE MELO S/N
JAGUARUANA;75;57;CENTRO;E.E.M. MANUEL SÁTIRO;AV DR ANTÔNIO DA ROCHA FREITAS, 1278
CRUZ;30;262;CENTRO;ESCOLA CONSTÂNCIA DE SOUSA MUNIZ;CENTRO
CRUZ;30;383;ZONA RURAL;ESCOLA RAIMUNDA ELVIRA BRANDAO;LAGOA SALGADA
CAUCAIA;37;579;CENTRO;C.S.U. EDSON DA MOTA CORREA;RUA JOSE DE PONTES, 2671 - AÇUDE
NOVO ORIENTE;99;11;CENTRO;EEIF OTÁVIO RODRIGUES CAVALCANTE;RUA SAO FRANCISCO S/N
ITAPIPOCA;17;724;BALEIA;EEB JUVENAL COSMO DO MONTE;BARRA DO CÓRREGO
IRAUÇUBA;41;151;MISSI;ESCOLA MUNICIPAL JOSEFA CLOTILDE TABOSA BRAGA;RUA ANARIO BRAGA SN
SOBRAL;24;513;APRAZÍVEL;ANEXO MANOEL MACHADO PORTELA (PAU D'ARCO);LOCALIDADE PAU D'ARCO, S/N
FORTALEZA;117;344;SIQUEIRA;ESCOLA MUNICIPAL PROF JOSE CÍRIO PEREIRA FILHO;RUA QUARTZO ROSA, 100
SABOEIRO;43;243;CENTRO;E.E.F. MANOEL GONCALVES DOS SANTOS (MUNICIPAL);RUA PRACA DA BANDEIRA, 109
IPUEIRAS;40;35;NOVA FÁTIMA;EEF FRANCISCO RIBEIRO LOPES - NOVA FÁTIMA;NOVA FÁTIMA
FORTALEZA;113;266;RODOLFO TEÓFILO;ESC. MUNICIPAL ANTONIO SALES RODOLFO TEÓFILO;RUA TAVARES IRACEMA, 675
QUIXADÁ;6;135;CENTRO;EEF JOSÉ JUCÁ;RUA EPITÁCIO PESSOA, 1351
BARBALHA;31;113;ALTO DO ROSÁRIO;EMEIF MARIA DAS DORES SAMPAIO (ALTO DO ROSÁRIO);RUA ENG. MARCO AURÉLIO, S/N - ALTO DO ROSÁRIO (7.31494 S, 39.30876 W)
FORTALEZA;118;262;SERRINHA;EEFM PROFESSOR JADER MOREIRA DE CARVALHO;RUA PROFESSORA HELOISA FERREIRA LIMA, 420
PARAMBU;19;286;CENTRO;ESCOLA VIRGÍLIO TAVORA;RUA 07 DE SETEMBRO, 120
TIANGUÁ;81;142;ÁREA RURAL DE TIANGUÁ;ANEXO DA ESCOLA BENTO PEREIRA - MACHADO;SITIO MACHADO 
CAUCAIA;120;430;CONJUNTO METROPOLITANO;E.E.I.E.F. ANTÔNIO MIRANDA DE MELO;RUA PEDRO ALVES DE MENEZES, 1095 - CONJUNTO METROPOLITANO
FORTALEZA;114;50;BARRA DO CEARÁ;EM FRANCISCO DOMINGOS DA SILVA;AVENIDA PRESIDENTE CASTELO BRANCO 4707
SENADOR POMPEU;12;69;BONFIM;ASSOCIAÇÃO COMUNITÁRIA DO SÍTIO MUXINATÓ;SÍTIO MUXINATÓ
QUIXADÁ;6;87;DOM MAURICIO;CASA DE FARINHA COMUNITÁRIA DO ENGANO;ENGANO, S/N
FORTALEZA;85;275;CONJUNTO CEARÁ I;EEFM PROF PLACIDO ADERALDO CASTELO - UV 7B;RUA SETECENTOS E VINTE E UM, 100, 3A ETAPA
FORTALEZA;95;212;CONJUNTO PALMEIRAS;EMEIEF CÉSAR CALS DE OLIVEIRA NETO;RUA OLIMPIO RIBEIRO, 20
TRAIRI;97;121;BACUMIXA DE BAIXO;EEF JOAO PAULO DE SOUSA;BACUMIXA DE BAIXO
PACOTI;5;174;CENTRO-SEDE;INSTITUTO MARIA IMACULADA;RUA IRMA FERRAZ 518
MISSÃO VELHA;16;47;DISTRITO DE JAMACARU;EEF MARIA FECHINE DE ALENCAR;RUA FRANCISCO RODRIGUES DA CRUZ S/N
MISSÃO VELHA;16;99;ZONA RURAL;CRECHE SANTA RITA;SITIO BANCO DE AREIA
PARAMOTI;111;139;CENTRO;EMEF BELA VISTA;AV JOAQUIM VIEIRA, 22
JARDIM;119;365;CENTRO;ESCOLA SENADOR CARLOS JEREISSATI;AVENIDA WILSON RORIZ
SENADOR POMPEU;12;159;ALTO DO CRUZEIRO;EEIEF ELISEU BECCO FILHO;ALTO DO CRUZEIRO S/N
JAGUARUANA;75;119;ASSENTAMENTO BELA VISTA;E.E.F. NOSSA SENHORA DO LIVRAMENTO;ASSENTAMENTO BELA VISTA
MARCO;96;201;LOCALIDADE DE PEREIRAS;EEF JOAQUIM FERNANDES PONTES;LOCALIDADE DE PEREIRAS
FORTALEZA;85;121;CONJUNTO CEARÁ I;CCDH - CENTRO DE CIDADANIA E DIREITOS HUMANOS (ANTIGO LUCIO ALCANTARA);AV. ALANIS MARIA LAURINDO DE OLIVEIRA, 461, 1A ETAPA
JAGUARUANA;75;129;ALTO DA CAATINGUINHA;EEEP FRANCISCA ROCHA SILVA;RUA JOAO CELEDONIO SOBRINHO
ICÓ;15;38;CENTRO - SEDE;ESCOLA MUNICIPAL PROFESSORA LOURDES COSTA;AV ILIDIO SAMPAIO,1571
JUAZEIRO DO NORTE;28;45;SALESIANOS;COLEGIO SALESIANO SÃO JOÃO BOSCO;PADRE CICERO 1492
FORTALEZA;85;284;CONJUNTO CEARÁ I;EEFM PROF. EDMILSON GUIMARAES DE ALMEIDA UV 10;RUA 1074 S/N (PROX. HOSPITAL), 4 ETAPA
MARANGUAPE;4;555;RATO DE CIMA - MANOEL GUEDES;EMEIEF JOSÉ MAMEDE DA NÓBREGA;RATO DE CIMA S/N
FORTALEZA;82;245;CARLITO PAMPLONA;EM HILBERTO SILVA;AV. PRESIDENTE CASTELO BRANCO, 2973
FORTALEZA;112;521;ENGENHEIRO LUCIANO CAVALCANTE;ESCOLA ESTADUAL DE EDUCAÇÃO PROFISSIONAL JAIME ALENCAR DE OLIVEIRA;AV ROGACIANO LEITE, 2285
MARANGUAPE;4;124;LADEIRA GRANDE;EMEIEF JOSÉ SIMÃO DE ABREU;AVENIDA JOSÉ SIMÃO DE ABREU, S/N
BARRO;92;47;CENTRO-SEDE;EEEP PROFESSOR JOSÉ OSMAR PLÁCIDO DAS SILVA;RUA ANTÔNIA BEZERRA TELES, S/N
JUAZEIRO DO NORTE;28;270;SAO MIGUEL;SENAC SÃO MIGUEL;RUA SAO LUIZ 701
BARBALHA;31;114;MATA DOS DUDAS;EMEIF NAZINHA GARCIA SAMPAIO (SÍTIO MATA DOS DUDAS);RUA GEANE NÓBREGA DE ARAÚJO SARAIVA, S/N  (7.27423 S, 39.31956 W)
BARBALHA;31;134;ALTO DA ALEGRIA;EEF MARIA ALACOQUE BEZERRA DE FIGUEIREDO (ALTO DA ALEGRIA);RUA JOSE QUENTAL, 25 - ALTO DA ALEGRIA
FORTALEZA;95;117;CONJUNTO PALMEIRAS;EMEIEF MARIA HELENILCE CAVALCANTE LEITE MARTINS;RUA MAIZA, S/N
MISSÃO VELHA;16;101;ZONA RURAL;EEF ANTONIO FERREIRA;SITIO BARREIRAS
FORTALEZA;116;95;GRANJA PORTUGAL;EM CREUSA DO CARMO ROCHA;RUA DUAS NACOES 1055
CAUCAIA;37;234;ICARAI;E.E.I.E.F FRANCISCO MARTINS DE MORAES;RUA BELARMINO JOSÉ, 201 - ICARAÍ
FORTALEZA;80;362;FÁTIMA;INSTITUTO DE EDUCAÇÃO DO CEARÁ;RUA GRACILIANO RAMOS, 52
SOBRAL;121;156;TAPERUABA;EEMTI DEP. CESARIO BARRETO LIMA;AV. NOSSA SENHORA DO CARMO S/N CENTRO
MULUNGU;5;163;CENTRO-SEDE;EEMTI PROFESSOR MILTON FACANHA ABREU;PRACA COLETOR BEZERRA BORGES 292
CRATO;27;355;FRANCA ALENCAR;EEIEF PROFESSOR ÁLVARO RODRIGUES MADEIRA;RUA ANTONIO DE ALENCAR ARARIPE, SN. LOTEAMENTO FRANCA ALENCAR
IPU;21;77;SEDE;PATRONATO SOUSA CARVALHO;PCA DR CHAGAS PINTO 1045 - CENTRO
FORTALEZA;112;9;JARDIM DAS OLIVEIRAS;COLÉGIO NOVO HORIZONTE;RUA BEIJA FLOR, 25
ACARAÚ;30;283;CENTRO;LICEU DE ACARAÚ - ESCOLA MARIA ALICE RAMOS;CENTRO
ITAPAJÉ;41;45;ESMERINO GOMES;EEEP ADRIANO NOBRE;RUA ODILON FERREIRA GOMES, 475.
BAIXIO;92;91;CAMPOS - SITIO;ESCOLA MUNICIPAL VICENTE FERREIRA PARNAIBA;SITIO CAMPOS S/N
JUAZEIRO DO NORTE;28;354;SALESIANOS;COLEGIO SALESIANO SÃO JOÃO BOSCO;PADRE CICERO 1492
CAUCAIA;37;447;PARQUE SOLEDADE;E.E.F. CORALIA GONZAGA SALES;RUA NAPOLEAO BONAPARTE VIANA, S/N
ASSARÉ;18;108;VILA MOEDA;GRUPO ESCOLAR ANANIAS FERREIRA DE MELO;VILA MOÊDA
MARACANAÚ;104;400;PAJUÇARA;EMEIEF PROF PAULO FREIRE;RUA PAULO BATISTA 660
TIANGUÁ;81;299;NENÊ PLÁCIDO;E.E.F. ANTONIO CUSTÓDIO SOBRINHO;AV. AFONSO MARANGUAPE, 430
POTENGI;68;49;VILA ANDRADE;CRECHE SONHO MEU - ANTIGO CENTRO ADMINISTRATIVO - SEDE;VILA ANDRADE
MAURITI;76;62;PALESTINA DO CARIRI-DISTRITO;EEF JOSE ACÍLIO;RUA GABRIEL IZIDRO, SN
FORTALEZA;80;218;ALTO DA BALANÇA;EM PROFESSORA EDITH BRAGA;RUA CAPITAO VASCONCELOS 1061
JUAZEIRO DO NORTE;28;260;CENTRO;EEF MONSENHOR JOVINIANO BARRETO;DO CRUZEIRO 657
FORTALEZA;95;217;PARQUE SANTA MARIA;EMEIEF BARBARA DE ALENCAR;RUA CAPITAO PORFIRIO, 544
ACARAÚ;30;334;ZONA RURAL;ESCOLA DE QUEIMADAS (COMUNIDADE INDIGENA);ALDEIA INDIGENA DE QUEIMADAS
BOA VIAGEM;63;102;BOQUEIRAO;EEF RAIMUNDO ALVES BATISTA;ASSENTAMENTO BOA VENTURA - BOQUEIRAO
PEDRA BRANCA;59;136;SANTA CRUZ DO BANABUIU;E.E.F.SANTA EDWIRGES;SÍTIO INGÁ
GUARACIABA DO NORTE;74;189;DISTRITO;ESCOLA MUNICIPAL DE CRUZ DAS ALMAS;CRUZ DAS ALMAS
QUIXERÉ;29;222;SEDE;CEI MONSENHOR FRANCISCO JOSE DE OLIVEIRA;RUA MESTRE SALES, 153
FORTALEZA;3;485;PRAIA DE IRACEMA;COLÉGIO ANTARES (PRAIA DE IRACEMA);RUA HISTORIADOR GUARINO ALVES, 95
FORTALEZA;85;299;ANTÔNIO BEZERRA;EEFM ANTONIO BEZERRA;RUA PADRE PERDIGAO SAMPAIO 780
PENAFORTE;70;349;OURO PRETO-SEDE;PSF OURO PRETO;VILA OURO PRETO
TAMBORIL;61;18;DISTRITO DE BOA ESPERANÇA;EMEIF FRANCISCO VIANA FILHO;RUA GONÇALO CARLOS FARIAS, S/N - VILA BOA ESPERANÇA
MARANGUAPE;4;135;LAGOA DO JUVENAL;EMEF JOSÉ DE SOUSA ALBUQUERQUE;AVENIDA NOSSA SENHORA DO CARMO, 525
IBIAPINA;73;79;SÃO JOÃO;ESCOLA RITA NEGREIROS;RUA JOSÉ AVELINO
POTENGI;68;47;CENTRO;GRUPÃO - EEF ANTONIO DE FIGUEIREDO TAVEIRA - SEDE;RUA ALMINO ALENCAR S/N
ITAPAJÉ;41;290;ESMERINO GOMES;CRECHE NEDI SONHO INFANTIL;RUA PEDRO GOMES SN CONJUNTO ANTONIO BRAGA
CAUCAIA;123;379;NOVA METRÓPOLE (JUREMA);E.E.F. EDGARD VIEIRA GUERRA;AV. CONTORNO SUL, 255
GENERAL SAMPAIO;50;27;CENTRO;SECRETARIA DE DESENVOLVIMENTO RURAL E MEIO AMBIENTE;RUA JOSÉ FÉLIX, 259
FORTALEZA;117;236;CANINDEZINHO;EM FLORIVAL ALVES SERAINE;RUA ITATIAIA, 1000
FORTALEZA;118;560;MONDUBIM;EM PROFESSOR JACINTO BOTELHO;RUA DR. RODRIGO CODES SANDOVAL, 374
IBICUITINGA;47;235;MELANCIAS;EEB FRANCISCO FERREIRA NOBRE;MELANCIAS S/N
MARACANAÚ;104;68;TIMBÓ;EMEF ADAUTO FERREIRA LIMA;AVENIDA CONTORNO LESTE, S/N
FORTALEZA;118;549;BOA VISTA-CASTELÃO;EMEF ODILON GONZAGA BRAVEZA;AV. ALBERTO CRAVEIRO, 1480 C
FORTALEZA;112;484;SAPIRANGA-COITÉ;EM PROFª ALDACI BARBOSA;RUA OLEGARIO MEMORIA, 1257
FORTALEZA;116;204;GRANJA LISBOA;EM RACHEL VIANA MARTINS;RUA TUCUNDUBA 2703
MULUNGU;5;130;CENTRO-SEDE;EMEF HERMENEGILDO ROCHA PONTES;RUA SANTA INES S/N
FORTALEZA;3;453;MEIRELES;EEFM PARÓQUIA DA PAZ;RUA VISCONDE DE MAUÁ, 905/A
CAMOCIM;32;224;BRASILIA;EEF CORONEL LIBORIO GOMES DA SILVA;RUA HUMAITA, 780
CAUCAIA;123;512;MARECHAL RONDON (JUREMA);E.E.I.E.F. RAIMUNDO JERÔNIMO DE SOUSA;RUA JÚLIO ROCHA, 220 - KM 14/JUREMA
CAPISTRANO;105;34;ZONA RURAL;ESCOLA DE ENSINO FUNDAMENTAL ANTONIO FELICIO DA COSTA;PUTIU DO MEIO
FORTALEZA;117;394;CANINDEZINHO;EM FLORIVAL ALVES SERAINE;RUA ITATIAIA, 1000
FORTALEZA;80;150;VILA UNIÃO;EEFM CEL PROF JOSÉ AURÉLIO CÂMARA;RUA JORGE ACURCIO, 655
FORTALEZA;117;386;CONJUNTO ESPERANÇA;EEFM IRAPUAN CAVALCANTE PINHEIRO;AV E 305
MARACANAÚ;104;408;TIMBÓ;EMEF ADAUTO FERREIRA LIMA;AVENIDA CONTORNO LESTE, S/N
TRAIRI;97;32;CAMPESTRE;EEF JOVENINA MOREIRA DE OLIVEIRA;CAMPESTRE
JUAZEIRO DO NORTE;119;424;TIMBAUBA;ESCOLA ANTONIO BEZERRA MONTEIRO;SEBASTIAO CAVALCANTE SN
IRAUÇUBA;41;24;MISSI;ESCOLA MUNICIPAL JULIO CESAR DE AZEVEDO;RUA MANOEL BARBOSA MACIEL, SN
FORTALEZA;2;391;JOSÉ DE ALENCAR;EEFM IRACEMA;RUA EGIDIO DE OLIVEIRA, 250
VÁRZEA ALEGRE;62;38;PRAÇA SANTO ANTÔNIO;COLÉGIO SÃO RAIMUNDO NONATO - LTDA;RUA CORONEL ANTONIO CORREIA, 24
TRAIRI;97;95;MUNGUBA;EEF ANTONIO URSULINO ALVES;MUNGUBA
FORTALEZA;2;825;LAGOA REDONDA;ESCOLA MUNICIPAL ISABEL FERREIRA;RUA ISABEL FERREIRA, 1000 - CONJ. CURIÓ
CRATEÚS;20;155;POTI;CAPELA SANTA LUZIA-SÃO JOÃO-POTI;CIGANA
PIRES FERREIRA;21;13;DISTRITO;E.E.F. CENTRO EDUCACIONAL RURAL;DELMIRO GOUVEIA
FORTALEZA;117;247;PARQUE SANTA ROSA;ESCOLA MUNICIPAL MARIETA GUEDES MARTINS;RUA JOSE GUEDES MARTINS 4701
JUAZEIRO DO NORTE;119;224;PIRAJA;ESCOLA MARIA AMELIA BEZERRA;AV CASTELO BRANCO SN
JUAZEIRO DO NORTE;119;390;PLANALTO;LICEU - EEEP ADERSON BORGES DE CARVALHO;R. VICENTE TEIXEIRA DE MACEDO, 561
SOBRAL;121;140;CENTRO;EEFM DR JOAO RIBEIRO RAMOS;RUA CONSELHEIRO JOSE JULIO
CRATO;27;136;SANTA FÉ;EEIEF PAULO LIMAVERDE;ROD. VICENTE TELES, SN. DISTRITO DE SANTA FÉ - SEDE.
ANTONINA DO NORTE;18;59;POPULARES;ESCOLA FUNDAMENTAL ANTONIO MOTA;RUA SANTO ANTONIO S/N
AQUIRAZ;66;69;SANTA MARIA;EMEF JOSE FERREIRA DA COSTA;RUA MANOEL FERREIRA DA COSTA, SN
TRAIRI;97;151;RIACHAO;ASSOCIACAO DOS MORADORES DO RIACHAO;RIACHAO - TRAIRI-CE
BARRO;92;31;SANTO ANTONIO-DISTRITO;ESCOLA DE 1 GRAU JOAQUIM ALVES PEREIRA;DISTRITO DE SANTO ANTONIO
LIMOEIRO DO NORTE;29;165;LUIZ ALVES DE FREITAS;EEEP LÚCIA BALTAZAR COSTA;RUA GONÇALVES PEREIRA, S/N, ESTRADA DE FLORES
ITAITINGA;78;310;PARQUE GENEZARÉ;EEF ELIAS DE SOUSA;RUA JOSE RODRIGUES PEREIRA, 137
GUARACIABA DO NORTE;74;134;CENTRO;CENTRO PASTORAL NOSSA SENHORA DOS PRAZERES;R. CEL.CLÍNIO MEMÓRIA, 281 - CENTRO
ITAPIPOCA;17;437;ARAPARI;EEB DE SÃO COSMO;SÃO COSMO
NOVA RUSSAS;48;103;MIGUEL ANTONIO;ESCOLA MUNICIPAL  FRANCISCO VIEIRA DA SILVA;DISTRITO DE MIGUEL ANTONIO,
CEDRO;13;558;VÁRZEA DA CONCEIÇÃO;ANEXO FRANCISCO SILVEIRA DE AGUIAR;RUA JOAO BATISTA MORENO SN
NOVO ORIENTE;99;49;ZONA RURAL;EEF MARIA DE SOUSA MARQUES;CAVACO
MOMBAÇA;46;103;MORADA NOVA;ESCOLA DE ENSINO FUNDAMENTAL MARIA AMBROSINA CAVALCANTE;MORADA NOVA
GRANJEIRO;62;263;SÍTIO CANABRAVA DOS FERREIRAS;EEF AUGUSTO FERREIRA DA SILVA;SITIO CANABRAVA DOS FERREIRAS
ARARENDÁ;48;186;RAMADINHA;E. E. F.  ANTONIO DE SOUSA BARROS;LOCALIDADE DE RAMADINHA
PARAMBU;19;431;SEDE;ESCOLA MANOEL DE SOUSA FEITOSA (ANT. ESC. JOÃO ALVES DE ARAÚJO);CRUZETINHA MALHADA
TARRAFAS;18;105;ZONA RURAL;ESCOLA DE 1O. GRAU RICARTE PEDRO DO CARMO;SITIO PATOS - ZONA RURAL
FORTALEZA;3;511;CENTRO;CENTRO DE PASTORAL MARIA, MÃE DA IGREJA;RUA RODRIGUES JÚNIOR, 300
IPUEIRAS;40;15;SÃO JOSÉ DE LONTRAS;EEIEF GONÇALO BEZERRA CHAVES - SÃO JOSÉ DE LONTRAS;SÃO JOSÉ DE LONTRAS
CARIÚS;43;181;SAO BARTOLOMEU-DISTRITO;EEIF AMARO BATISTA DA CUNHA (ANTIGA MANOEL DUARTE DE OLIVEIRA PASSOS);VILA SAO BARTOLOMEU
VIÇOSA DO CEARÁ;35;191;ZONA RURAL;E.E.I.F CAJUEIRO DO NECO;SÍTIO CAJUEIRO DO NECO
CEDRO;13;472;CANDEIAS;ESCOLA DE ENS FUND E MEDIO FRANCISCO HENRIQUE DA COSTA;DISTRITO DE CANDEIAS
GRANJEIRO;62;148;CENTRO;EEF DR MAURO SAMPAIO;RUA DO CRUZEIRO SN
ITAIÇABA;75;10;CENTRO;E.E.F. DULCINEA GOMES DINIZ;VILA OLIMPICA, 336
CAMOCIM;32;177;ZONA RURAL;EEF MANOEL CESAR DE SIQUEIRA - FLAMENGA DOS ROSARIOS;LOCALIDADE FLAMENGA DOS ROSARIOS
CRATO;27;277;PARQUE RECREIO;EEF ALDEGUNDES GOMES DE MATTOS;RUA JOÃO PEREIRA LUNA, 803
BOA VIAGEM;63;110;AGUAS BELAS;EEF MOISES ALVES MESQUITA;CAMARA DOS TEMOTEOS
FORTALEZA;113;428;MONTESE;ESCOLA MUNICIPAL VICENTE FIALHO;RUA IRMA BAZET, 193
MILHÃ;55;143;CENTRO;CENTRO ADMINISTRATIVO DO DISTRITO DO MONTE GRAVE;DISTRITO MONTE GRAVE
JUAZEIRO DO NORTE;119;172;SANTA TEREZA;CREDE 19;RUI BARBOSA SN
SÃO GONÇALO DO AMARANTE;36;77;VARZEA REDONDA;ESCOLA DE ENSINO FUNDAMENTAL JOAQUIM PACHECO MENEZES;VARZEA REDONDA
CAMOCIM;32;29;CENTRO;N.A.E.C.;PRACA JOSE SEVERIANO MOREL S/N
PORTEIRAS;70;265;CENTRO-SEDE;E E E M ARISTARCO CARDOSO;RUA EXPEDITO ALVES SANTANA S/N
SABOEIRO;43;276;MALHADA;E.E.F. JOSE GONCALVES DOS SANTOS;DISTRITO MALHADA
QUIXADÁ;6;121;ÁREA RURAL DE QUIXADÁ;EEF AMBRÓSIO PESSOA;SERROTE BRANCO I - PERIFERIA, S/N
FORTALEZA;1;922;VICENTE PINZON;ESCOLA MUNICIPAL PROF BELARMINA CAMPOS;RUA MANOEL RODRIGUES MONTEIRO, 840
FORTALEZA;118;640;SERRINHA;COLÉGIO SAGRADA FAMÍLIA;RUA MADRE ELISA BALDO, 331
LIMOEIRO DO NORTE;29;115;LUIZ ALVES DE FREITAS;EEEP LÚCIA BALTAZAR COSTA;RUA GONÇALVES PEREIRA, S/N, ESTRADA DE FLORES
CASCAVEL;7;163;CENTRO;EMEB PROFESSORA THEREZINHA MESQUITA DE JESUS CIRÍACO (ANTIGA CNEC);RUA PREF. LUIS BENICIO SAMPAIO, 2506
EUSÉBIO;88;183;MANGABEIRA;CEI MARIA ZULEIDE ROCHA;R FRANCISCO FERREIRA DA SILVA, 2940
ITAITINGA;78;401;BARROCÃO;EEF JARDIM DE FÁTIMA;RUA ELIATAR DIÓGENES, S/N
FORTALEZA;3;487;PRAIA DE IRACEMA;COLÉGIO ANTARES (PRAIA DE IRACEMA);RUA HISTORIADOR GUARINO ALVES, 95
FORTALEZA;1;829;PAPICU;ESCOLA ESTADUAL MARIA JOSE MEDEIROS;RUA DESEMBARGADOR LAURO NOGUEIRA 1240
FORTALEZA;93;113;MONDUBIM;CEI MARIA HERCILIA EVANGELISTA;RUA 3, 300 - PARQUE SANTANA
PEDRA BRANCA;59;57;MINEIROLANDIA;PSF DIONIZIO FRUTUOSO DUARTE;SITIO BREJO
MISSÃO VELHA;16;49;SITIO ALEIXO;EEF PEDRO LUIZ PEREIRA;RUA DO COMERCIO S/N
IGUATU;13;111;SERROTE;ESCOLA DE ENS FUND TOME DE SOUSA;SITIO SERROTE
FORTALEZA;2;734;MESSEJANA;EEFM JOSE DE ALENCAR;RUA VENEZA, 84
SABOEIRO;43;239;CENTRO;E.E.F. MANOEL GONCALVES DOS SANTOS (MUNICIPAL);RUA PRACA DA BANDEIRA, 109
ITAPIPOCA;17;750;ÁREA RURAL DE ITAPIPOCA;CEI ANA IONE BRAGA GOMES;VILA JARDIM
SOBRAL;121;141;CENTRO;EEFM DR JOAO RIBEIRO RAMOS;RUA CONSELHEIRO JOSE JULIO
MARACANAÚ;122;236;ALTO DA MANGUEIRA;E.M.E.F. ESTUDANTE ANA BEATRIZ TAVARES;RUA JOACIR FREITAS DUTRA, S/N
FORTALEZA;2;172;MESSEJANA;PAROQUIA NOSSA SENHORA DA CONCEICAO;RUA JOAQUIM BEZERRA 255
FORTALEZA;93;252;PREFEITO JOSÉ WALTER;ESCOLA MUNICIPAL ARI DE SA CAVALCANTE (JOSÉ WALTER);AV. H, 430 III ETAPA
JAGUARETAMA;72;5;CENTRO;ESCOLA PRIMEIRO GRAU DR RAUL BARBOSA (CRECHE CHAPEUZINHO VERMELHO);RUA RIACHO DO SANGUE, 599
IRAUÇUBA;41;29;CENTRO-SEDE;CENTRO EDUCACIONAL PROFESSOR ANTONIO BARBOSA BRAGA;LUCAS BATISTA DA MOTA 135
CAUCAIA;120;256;MIRAMBE;E.E.I.E.F. MARIA DE LOURDES ROCHA;RUA DA IGREJA, 614 - TAQUARA/MIRAMBÉ
JUAZEIRO DO NORTE;119;402;TIMBAUBA;ESCOLA DOM VICENTE DE PAULA ARAUJO MATOS;RUA RUI BARBOSA 1935
FORTALEZA;118;542;BOA VISTA-CASTELÃO;EMEF ODILON GONZAGA BRAVEZA;AV. ALBERTO CRAVEIRO, 1480 C
FORTALEZA;1;704;MANUEL DIAS BRANCO;COLÉGIO CÍVICO MILITAR BATALHA DO RIACHUELO;R. E, 100 - MANUEL DIAS BRANCO
FORTALEZA;118;595;DIAS MACEDO;EEMTI PADRE GUILHERME WAESSEN;RUA BOA VENTURA 916
ACOPIARA;60;43;CENTRO;EEI ANEXO CDI MIGUEL G. DE OLIVEIRA;RUA EDUARDO GURGEL VALENTE S/N
ICAPUÍ;8;340;CENTRO;EEF. PROFESSORA MIZINHA;AV. 22 DE JANEIRO 5183
PALMÁCIA;4;644;NOVO BASÍLIO;EEFM RAIMUNDO JACKSON PEREIRA DE SOUZA;RUA ANTONIO HERMINIO, S/N
SOBRAL;121;159;CENTRO;EEFM DR JOAO RIBEIRO RAMOS;RUA CONSELHEIRO JOSE JULIO
ITAPAJÉ;41;73;CENTRO-SEDE;CENTRO INTERESCOLAR JOÃO TEIXEIRA SARAIVA;RUA JOSE PINTO CAVALCANTE 273
PIQUET CARNEIRO;12;136;CENTRO;EMEF REINO INFANTIL;RUA ZACARIAS PINHEIRO DA SILVA, S/N
EUSÉBIO;88;164;PARQUE HAWAÍ;EEF MIRIAN ABREU;RUA C, S/N - PARQUE HAVAI
UMIRIM;23;283;BANANA;E.E.M. MARIA IRACEMA UCHOA SALES (LICEU);RUA RUFINO DE SOUSA, S/N
FORTALEZA;117;454;BOM JARDIM;COLÉGIO LUMEN;RUA SÃO FRANCISCO DO JARDIM, 396
BOA VIAGEM;63;110;AGUAS BELAS;EEF MOISES ALVES MESQUITA;CAMARA DOS TEMOTEOS
MAURITI;76;97;CENTRO;CENTRO VOCACIONAL TECNOLÓGICO;AV. SINVAL LACERDA, S/N
CRATEÚS;20;172;IRAPUA;ESCOLA DE CIDADANIA SANTA ROSA;JARDIM
FORTALEZA;113;428;MONTESE;ESCOLA MUNICIPAL VICENTE FIALHO;RUA IRMA BAZET, 193
CRATEÚS;20;333;JOSÉ ROSA;CRECHE PROINFÂNCIA MARIA DELITE MENEZES TEIXEIRA I;RUA ANASTÁCIO CAMPINA, S/N, CONJ FREI DAMIÃO
TIANGUÁ;81;331;ÁREA RURAL DE TIANGUÁ;E.E.F. DR. EDSON CARVALHO LIMA;SÍTIO BODEGAS
HIDROLÂNDIA;54;10;CENTRO;E.E.F.M. CENTRO EDUCACIONAL OLCINO PEREIRA DE SOUZA;RUA FELIZALVINA MOURÃO DA ROCHA, 420
AIUABA;101;27;SAO NICOLAU;GRUPO ESCOLAR EDMUNDO BRAGA;RUA BENTO HERCULES SN
ITAPAJÉ;41;73;CENTRO-SEDE;CENTRO INTERESCOLAR JOÃO TEIXEIRA SARAIVA;RUA JOSE PINTO CAVALCANTE 273
IBICUITINGA;47;278;MUQUEM;POSTO DE SAÚDE DO MUQUÉM;SÍTIO MUQUÉM
IPU;21;146;SEDE;FSESP;RUA PE JOAO DE CASTRO SN CENTRO
CRATO;27;40;CENTRO;EEIEF SÃO FRANCISCO;RUA BRIGADEIRO LEANDRO BEZERRA MONTEIRO, 406
FORTALEZA;115;350;PARANGABA;EEEP JOAQUIM MOREIRA DE SOUSA;RUA CAIO PRADO 02
COREAÚ;64;14;Alto São José;COREAÚ - CENTRO EDUCACIONAL SÃO FCO. DE ASSIS;RUA FCO. NAPOLEÃO XIMENES, S/N - ALTO SÃO JOSÉ
MOMBAÇA;46;16;CENTRO;SALÃO PAROQUIAL;RUA PADRE PEDRO LEÃO, S/N
PENTECOSTE;50;66;CENTRO;CÂMARA MUNICIPAL DE PENTECOSTE;RUA DOUTOR MOREIRA DE AZEVEDO, S/N
CARIÚS;43;180;SAO BARTOLOMEU-DISTRITO;EEIF AMARO BATISTA DA CUNHA (ANTIGA MANOEL DUARTE DE OLIVEIRA PASSOS);VILA SAO BARTOLOMEU
ORÓS;15;243;CENTRO;PÓLO UAB PADRE DJALVO BEZERRA DE ALENCAR;TRAVESSA DR. ROSEVALDO, SN
MOMBAÇA;46;23;CARNAUBA;ESCOLA DE ENSINO FUNDAMENTAL PEDRO AIRES DE CARVALHO;DISTRITO DE CARNAÚBA
PACAJUS;49;180;GENIPAPO;EEF FRANCISCO LOPES DA CRUZ;LOCALIDADE GENIPAPO
BATURITÉ;5;260;OITICICA-FAZENDA;EMEF PEDRO LOPES FILHO;OITICICA
IPU;21;69;DISTRITO;E.M.E.F. JOÃO SAMPAIO DE ARAUJO;VARZEA DO GILO
MOMBAÇA;46;104;BOA VISTA;UNIDADE BÁSICA DE SAÚDE ANÍSIO MENDES CAVALCANTE;RUA JOÃO MENDES - DISTRITO DE BOA VISTA
CRATEÚS;20;122;CENTRO;CCI-CENTRO CEARENSE DE IDIOMAS;RUA SANTOS DUMONT, 237
IPUEIRAS;40;7;LIVRAMENTO;CENTRO DE EDUCAÇÃO INFANTIL EXPEDITA GOMES ARAGÃO - LIVRAMENTO;LIVRAMENTO
QUIXELÔ;13;580;ÁREA RURAL DE QUIXELÔ;ESCOLA DE ENS FUND RITA BARBOSA MARQUES;MATA PASTO-SITIO
CARIÚS;43;218;SITIO RIACHO DO MEIO;EEI N. SRA. DO PERPÉTUO DO SOCORRO (ANTIGA JOSE OURICO F. LIMA);SITIO RIACHO DO MEIO
VÁRZEA ALEGRE;62;65;CENTRO;EEF FIGUEIREDO CORREIA;RUA FIGUEIREDO CORREIA, 258
ITAPAJÉ;41;137;CENTRO-SEDE;CENTRO INTERESCOLAR JOÃO TEIXEIRA SARAIVA;RUA JOSE PINTO CAVALCANTE 273
SANTA QUITÉRIA;54;255;VILA SÃO COSME;ESCOLA MUNICIPAL SENADOR PAULA PESSOA;VILA SÃO COSME
BREJO SANTO;70;393;MUQUEM-SEDE;CENTRO DE EDUCACAO RURAL JONAS ALVES DA COSTA;SITIO MUQUEM
PIQUET CARNEIRO;12;14;IBICUA;EMEF MESTRE JÚLIO;RUA CORONEL FILEMOM MAGALHÃES, S/N
SOBRAL;121;309;PATRIARCA;ESCOLA PERY FROTA - ANEXO CAUBI VASCONCELOS;ALEGRE PATRIARCA
MAURITI;76;36;SÃO FÉLIX-DISTRITO;EEF SÃO JOSÉ;DISTRITO DE SÃO FÉLIX - SAÍDA PARA OLHO D'ÁGUA
IBICUITINGA;47;222;CHILE;ESCOLA DE 1 GRAU JOSE LINO RABELO;CHILE - SEDE
BREJO SANTO;70;144;ESPERANCA-SEDE;UNIDADE BÁSICA DE SAÚDE CORAÇÃO DE MARIA;VILA ESPERANÇA
GENERAL SAMPAIO;50;232;ZONA RURAL;EEMF RAIMUNDO LESSA;GUERRA
MILHÃ;55;158;CENTRO;CRECHE COMUNITÁRIA CRIANÇA FELIZ;RUA PADRE JOACI CAVALCANTE, S/N - CENTRO
CHAVAL;108;32;DISTRITO PASSAGEM DOS VAZ;EEF MONSENHOR CARNEIRO;DISTRITO PASSAGEM DOS VAZ
AURORA;69;91;MOCOS-SITIO;POSTO DE SAÚDE (MOCÓ);SITIO MOCÓ
PIQUET CARNEIRO;12;144;CENTRO;EMEF REINO INFANTIL;RUA ZACARIAS PINHEIRO DA SILVA, S/N
BOA VIAGEM;63;212;GUIA;EEF ADILIA MARIA;R. FRANCISCO RIBEIRO DE SALES, S/N
FORTALEZA;113;31;JOSÉ BONIFÁCIO;COLÉGIO FARIAS BRITO PRÉ - VESTIBULAR;AV. BARÃO DO RIO BRANCO, 2424
SANTANA DO ACARAÚ;44;67;CANAFISTULA;EEF  FRANCISCO DAS CHAGAS FEIJAO;CANAFISTULA
CAMOCIM;32;268;ZONA RURAL;EEF HIPÓLITO RICARDO PINTO - JATOBÁ;ASSENTAMENTO JATOBÁ, SN
IPAPORANGA;20;288;SACRAMENTO;ESCOLA DE ENSINO FUNDAMENTAL MACARO JORGE SOARES;SACRAMENTO
BELA CRUZ;96;183;BAIRRO AREIAS;CEMEJA JOSE LUDGERO DA SILVEIRA ;RUA SAO PAULO S/N
JAGUARETAMA;72;85;SITIO SERROTE BRANCO;E.M.E.F JOSE TEIXEIRA NERES;SITIO SERROTE BRANCO
CAMOCIM;32;82;ZONA RURAL;E.E.F SANTO ANTÔNIO II - GURIU;LOCALIDADE GURIU
SOBRAL;121;280;CENTRO;ESCOLA OSMAR DE SA PONTE;RUA PINTOR LEMOS, S/N
SOBRAL;121;108;CENTRO;COLEGIO FARIAS BRITO SOBRALENSE;PRACA QUIRINO RODRIGUES S/N
CRATO;27;6;PIMENTA;URCA - UNIVERSIDADE REGIONAL DO CARIRI;RUA CORONEL ANTÔNIO LUIZ, 1161
BARRO;92;11;CENTRO-SEDE;ESCOLA DE 1 GRAU JUSTINO ALVES FEITOSA;RUA CRISANTINA MONTEIRO S/N
CEDRO;13;488;SANTO ANTÔNIO;ESCOLA DE ENS FUND ANTONIO LAURENIO DE OLIVEIRA;DT SANTO ANTONIO
SÃO LUÍS DO CURU;23;348;FAZENDA COMUNITÁRIA;POSTO DE SAÚDE DA FAZENDA COMUNITÁRIA;LOCALIDADE FAZENDA COMUNITÁRIA
SOLONÓPOLE;55;40;SAO JOSE;ESCOLA DE 1 GRAU MUNDOCA MOREIRA;RUA MIGUEL FIRMIANO
ASSARÉ;18;150;ZONA RURAL;UNIDADE BASICA DE SAÚDE JOAQUIM CELESTINO BRASIL;SITIO VARJOTA
SENADOR POMPEU;12;61;CENTRO;EMATERCE;AV FRANCISCO FRANÇA CAMBRAIA, 31
BREJO SANTO;70;178;CENTRO-SEDE;EEEP BALBINA VIANA ARRAIS;LOTEAMENTO SOL NASCENTE
QUIXADÁ;6;73;CEDRO;ESCRITÓRIO DO DNOCS;ESTRADA DO REPARTIDOR, S/N
BATURITÉ;5;259;MONDEGO-SEDE;CENTRO DE REFERÊNCIA EM ASSISTÊNCIA SOCIAL - CRAS;RUA MAJOR PEDRO CATÃO, 159
ITAPIPOCA;17;238;ARAPARI;EEB JERONIMO DE FREITAS GUIMARAES;ARAPARI
RERIUTABA;79;115;PRAÇA DA ESTAÇÃO;CRAS - CENTRO DE REFERÊNCIA DE ASSISTÊNCIA SOCIAL;RUA CEL JOSÉ TEODORO, S/N - CENTRO
PARAMOTI;111;125;CENTRO;EMEF PAULO SARASATE (ANTIGO CERU);AV. JOAQUIM FARIAS, 175
SANTANA DO ACARAÚ;44;96;CANAFISTULA;EEF  FRANCISCO DAS CHAGAS FEIJAO;CANAFISTULA
CAMPOS SALES;38;89;ZONA RURAL;E.E.I.F ENG. FRANCISCO THOMÉ DA FROTA - RENDEIRA DOS DIONIZIOS;SÍTIO RENDEIRAS DOS DIONÍZIOS
SÃO LUÍS DO CURU;23;296;SWAT-SEDE;E.E.F. SABINO NUNES DA SILVA;RUA ROCHAEL MOREIRA, SN
AQUIRAZ;66;356;MACHUCA;CRECHE FRANCISCO JOAQUIM DOS ANJOS;ROD. CE 040 KM 18
CRATEÚS;20;37;SÃO VICENTE;CENTRO ADMINISTRATIVO DA PREFEITURA DE CRATEÚS;RUA CEL TOTO, SN
AMONTADA;89;290;SABIAGUABA;EEBTI FRANCISCO MARTINS NETO;RONCADOR
CROATÁ;74;193;DISTRITO;ESCOLA MUNICIPAL DE VARZANTE;VARZANTE
SABOEIRO;43;241;CENTRO;E.E.F. MANOEL GONCALVES DOS SANTOS (MUNICIPAL);RUA PRACA DA BANDEIRA, 109
SOBRAL;121;137;CENTRO;EEM PROFESSOR ARRUDA;RUA CEL. MONT'ALVERNE, 570
ITAITINGA;78;296;RIACHÃO;EEF GALDINO ASSUNÇÃO FILHO;RUA LAURA DE SOUSA, 33
ICÓ;15;133;SAO BENTO - SITIO;ESCOLA MUNICIPAL MIGUEL VICENTE PEREIRA;SITIO SAO BENTO S/N
CRATO;27;5;CENTRO;ETI 18 DE MAIO;AVENIDA JOSÉ ALVES DE FIGUEIREDO, N. 300.
NOVA RUSSAS;48;100;CAMPOS;ESCOLA MUNICIPAL SEVERINO PERGENTINO DE SOUSA;LOCALIDADE DE CAMPOS,
PALMÁCIA;4;643;CENTRO;UBS SEDE;RUA ILDEFONSO CAMPOS, S/N
AQUIRAZ;66;117;JUSTINIANO DE SERPA;EMEF ISIDORO DE SOUSA ASSUNCAO (ABC);RUA RUFINO CORREIA DE ASSUNCAO S/N
FORTALEZA;1;872;VICENTE PINZON;ESCOLA ESTADUAL DEPUTADO MANOEL RODRIGUES;RUA OLIVEIRA FILHO, 1576
FORTALEZA;113;383;SÃO GERARDO;ASSOCIAÇÃO DE PAIS E AMIGOS DO DEFICIENTE AUDITIVO - APADA;AV. BEZERRA DE MENEZES, 549
FORTALEZA;83;18;BELA VISTA;ESCOLA MUNICIPAL DOM JOSÉ TUPINAMBA DA FROTA;RUA VIRIATO RIBEIRO 1031
FORTALEZA;94;774;VILA VELHA;ASSOC DOS MORADORES DO CONJ DOS BANCARIOS;RUA 27 1630
RUSSAS;9;61;CENTRO;COLEGIO ESTADUAL GOVERNADOR FLAVIO MARCILIO;AV DOM LINO 725
NOVA OLINDA;53;28;TABULEIRO;EEIF 15 DE NOVEMBRO;SÍTIO TABULEIRO
IGUATU;13;6;VILA CIDAO;CAMPUS MULTI-INSTITUCIONAL HUMBERTO TEIXEIRA (URCA/UECE/CENTEC);AV DÁRIO RABELO SN
PEDRA BRANCA;59;113;SEDE;ESCOLA DE 1 GRAU JOSE MINEIRO;SITIO ALIVIO
GENERAL SAMPAIO;50;198;ZONA RURAL;EMEIF PASCOAL ALMEIDA DE SOUSA;CANGATI
CROATÁ;74;74;DISTRITO;ESCOLA MUNICIPAL JOVITA CHAVES (SANTA TEREZA);SANTA TEREZA
ACOPIARA;60;170;DISTRITO SANTA FELICIA;ASSOCIAÇÃO DOS MORADORES MADEIRA CORTA I;SITIO MADEIRA CORTADA
EUSÉBIO;88;171;MANGABEIRA;EEIF OTONI SA;RUA EDNARDO WEINE, 389 - MANGABEIRA
FORTALEZA;93;83;PREFEITO JOSÉ WALTER;EM RACHEL DE QUEIROZ;AVENIDA C, S/N - II ETAPA
MAURITI;76;35;SÃO FÉLIX-DISTRITO;EEF SÃO JOSÉ;DISTRITO DE SÃO FÉLIX - SAÍDA PARA OLHO D'ÁGUA
IPAUMIRIM;92;128;FELIZARDO-DISTRITO;E.E.F.T.I. VICENTE FELIZARDO VIEIRA;RUA ARGEMIRO FELIZARDO VIEIRA, S/N
AQUIRAZ;66;209;IGUAPE;EEFM CEL OSVALDO STUDART;RUA CEL OSVALDO STUDART 117 CENTRO
TRAIRI;97;113;MARRECAS;EEF MARIA DIAS DE SENA;MARRECAS
CAMOCIM;32;181;BRASILIA;EEF CORONEL LIBORIO GOMES DA SILVA;RUA HUMAITA, 780
PACOTI;5;170;CENTRO-SEDE;EMTI SAO LUIS;RUA PADRE QUILIANO 72
IGUATU;13;15;JOSÉ DE ALENCAR;PSF DO GADO BRAVO;SITIO GADO BRAVO
MERUOCA;24;596;Floresta;EEF - RAIMUNDO RODRIGUES DE ARAUJO;SITIO FLORESTA
IBIAPINA;73;11;PRAÇA DO ESTÁDIO;ESCOLA MARIA SOFIA MATOS;RUA VEREADOR MANUEL RODRIGUES, S/N
PEDRA BRANCA;59;36;CENTRO;ESCOLA DE ENSINO FUNDAMENTAL E MEDIO FRANCISCO VIEIRA CAVALCANTE;RUA JOAQUIM CAVALCANTE 55
FORTALEZA;112;273;JARDIM DAS OLIVEIRAS;EEMTI MIRIAN PORTO MOTA;RUA DAS CASTANHOLAS, S/N
FORTALEZA;114;252;PRESIDENTE KENNEDY;CENTRO DE REFERÊNCIA DE ASSISTÊNCIA SOCIAL DO PRES. KENNEDY - CRAS;QUADRA F S/N CONJUNTO CASTELO BRANCO
ACARAÚ;30;258;CENTRO;CVT - CENTRO VOCACIONAL TECNOLOGICO;AV. JOSÉ GIFFONI DA SILVEIRA, 1000
RUSSAS;9;319;CENTRO;ESCOLA MUNICIPAL JOSE RAIMUNDO DE DEUS;AVENIDA IRMÃ MARIA DA GRAÇA
FORTALEZA;94;373;QUINTINO CUNHA;EMEIEF MARIA CARDOSO;RUA FRANCISQUINHA PORTELA 1151
MOMBAÇA;46;66;CENTRO;E. E. F. M. DIVINO SALVADOR;RUA FRANCISCO JOSE DE OLIVEIRA SN                 SEDE
RUSSAS;9;125;CIPO;ESCOLA MUNICIPAL PEDRO ESTACIO DE SOUSA;SITIO CIPO
GRAÇA;79;176;LAPA;ESCOLA PADRE RAIMUNDO NONATO RODRIGUES;LAPA
ARARIPE;68;99;CENTRO;ESCOLA ESTADUAL DONA CARLOTA TÁVORA - SEDE;RUA ANTONIO NUNES DE ALENCAR, 326
PIRES FERREIRA;21;114;DISTRITO;CAPELA DE AROEIRAS;AROEIRAS
AQUIRAZ;66;17;CENTRO;ESCOLA DE ENSINO MEDIO LIA SIDOU;RUA VIRGILIO COELHO N  693
MASSAPÊ;45;91;ZONA RURAL;E.M.T.I FRANCISCO SEVERO DE ARAÚJO ;MUMBABA DE BAIXO
MARACANAÚ;122;138;COQUEIRAL;EMEF JOSE BELISARIO DE SOUSA;RUA MANOEL MOREIRA LIMA 790
FORTALEZA;2;80;GUAJERU;EEEP COMENDADOR MIGUEL GURGEL;RUA JOSE BAIMA, S/N
INDEPENDÊNCIA;39;40;JUCÁ;EEF JOAO CAPISTRANO VIEIRA GOMES;POVOADO JUCA
CRATO;27;90;SEMINÁRIO;EEMTI GOVERNADOR ADAUTO BEZERRA;RUA MARCOS MACEDO S/N
FORTALEZA;1;488;CAIS DO PORTO;ESCOLA DE GASTRONOMIA SOCIAL IVENS DIAS BRANCO;RUA MANUEL DIAS BRANCO,80
FORTALEZA;3;237;CENTRO;COLÉGIO ESTADUAL JUSTINIANO DE SERPA;AV. SANTOS DUMONT, 56
CRATEÚS;20;121;PLANALTO;EEMTI GOV. GONZAGA MOTA;RUA DR. JÚLIO LIMA, 2194
PIRES FERREIRA;21;7;SEDE;E.E.F.M. FRANCISCO SOARES DE OLIVEIRA;RUA 22 DE MAIO, SN
FORTALEZA;114;248;BARRA DO CEARÁ;CENTRO DE EDUCAÇÃO COMPLEMENTAR (CEDCE) - ANTIGO SESI;AVENIDA FRANCISCO SÁ 6623
FORTALEZA;114;20;BARRA DO CEARÁ;SENAI - CENTRO DE FORMAÇÃO PROFISSIONAL;AVENIDA FRANCISCO SÁ 7221
MARACANAÚ;104;382;PAJUÇARA;COLÉGIO 7 DE SETEMBRO (PAJUÇARA);RUA BEATRIZ CALIXTO, 305
GUARACIABA DO NORTE;74;86;DISTRITO;ESCOLA MUNICIPAL DE SAO FELIX;SAO FELIX
FORTALEZA;118;370;SERRINHA;EM MARIA DE CARVALHO MARTINS;AVENIDA DOUTOR SILAS MUNGUBA, 4300
SANTANA DO CARIRI;53;134;ARAPORANGA;EMEIEF PAULO RODRIGUES DUARTE;RUA JOSÉ PIRES DE HOLANDA, SN
MIRAÍMA;89;233;CRUZEIRO;EEFM JOSEFA BRAGA BARROSO;RUA DEZINHO TEIXEIRA
MARACANAÚ;104;441;PAJUÇARA;COLÉGIO 7 DE SETEMBRO (PAJUÇARA);RUA BEATRIZ CALIXTO, 305
CAMOCIM;32;203;BRASILIA;EEI MONS INACIO NOGUEIRA MAGALHAES - LIONS;RUA JOAQUIM TÁVORA SN
VIÇOSA DO CEARÁ;35;124;PADRE VIEIRA;E.E.F ISAAC VIEIRA DO ESPIRITO SANTO;SITIO PASSAGEM FLORIDA
LAVRAS DA MANGABEIRA;14;26;QUITAIUS - DISTRITO;ESCOLA DE 1 E 2 GRAU JOAQUIM LEITE TEIXEIRA;RUA JOAQUIM LEITE TEIXEIRA 240
FORTALEZA;82;123;JACARECANGA;EEMTI SALES CAMPOS;RUA JACINTO MATOS, 730
BARBALHA;31;113;ALTO DO ROSÁRIO;EMEIF MARIA DAS DORES SAMPAIO (ALTO DO ROSÁRIO);RUA ENG. MARCO AURÉLIO, S/N - ALTO DO ROSÁRIO (7.31494 S, 39.30876 W)
JARDIM;119;318;SITIO LAGOINHA;ASSOCIAÇÃO JARDINENSE DE AGROECOLOGIA;SITIO LAGOINHA
BOA VIAGEM;63;35;DOMINGOS DA COSTA;EEF DAVID VIEIRA CARNEIRO;R. SABINO PEREIRA, S/N - ZONA RURAL
PARAMBU;19;301;CENTRO;ESCOLA JOSÉ CARVALHO PINHEIRO;RUA ANTONIO BENÍCIO PINHEIRO, 35
MUCAMBO;79;224;CENTRO;E.E.I.F. RAFAEL CLAUDIO DE ARAUJO;RUA MONSENHOR MELO SN
CRATO;27;246;SEMINÁRIO;EEEP GOVERNADOR VIRGÍLIO TÁVORA;RUA PERGENTINO SILVA S/N
CRATO;27;306;NOVO CRATO;EEMTI PREF. RAIMUNDO COELHO BEZERRA DE FARIAS;RUA FRANCISCO PIANCÓ LEITE S/N
CRATEÚS;20;76;SANTANA;POSTO DE SAUDE DE CARRAPATEIRA;CARRAPATEIRA
BARBALHA;31;165;MALVINAS;CEI ANTÔNIA DOLORES DE SÁ BARRETO (MALVINAS);RUA P-10, 26 (EM FRENTE A SOAFA MALVINAS)
URUBURETAMA;23;53;SAO JOAO;EEF PAULO FERREIRA DA CUNHA;SITIO UBATUBA
RUSSAS;9;121;BOM SUCESSO;ESCOLA MUNICIPAL NOSSA SENHORA DE FATIMA;BOM SUCESSO
RERIUTABA;79;37;CAMPO LINDO;E.E.I.F. ANTÔNIO ALVES DE SOUSA;POVOADO DE CAMPO LINDO - ZONA RURAL
FORTALEZA;94;864;ANTÔNIO BEZERRA;COLEGIO JULIA FIALHO;RUA JOSE ACIOLY 73
SOBRAL;121;2;CARACARÁ;ESCOLA ODETE BARROSO-PICADA (POLO ODETE BARROSO);FAZENDA SANTA LUZIA - PICADA RUZY
PEDRA BRANCA;59;60;SEDE;ESCOLA DE 1O. GRAU MIGUEL FERREIRA;SITIO SAO JOSE DOS MARINHEIROS
PARAIPABA;109;190;ALTO CIPÓ;P. A. DE UNIDADE BÁSICA DE SAÚDE DE CAMBOAS E ALTO DO CIPÓ;ALTO DO CIPÓ, SN
TIANGUÁ;81;123;ÁREA RURAL DE TIANGUÁ;E.E.F. FRANCISCO NEMÉSIO CORDEIRO;SÍTIO VALPARAÍSO
CARIÚS;43;176;BELA VISTA-DISTRITO;EEIF DOMINGOS NONATO DE OLIVEIRA;VILA BELA VISTA
CHAVAL;108;35;CENTRO;POLO DE CONVIVÊNCIA SOCIAL JOÃO BATISTA DA SILVA - PROARES;RUA JOAQUIM AMÂNCIO DA SILVA TELES, S/N
URUBURETAMA;23;227;NOVO ANGELIM;EEIF IOLANDA PINHEIRO HOLANDA;RUA PINHEIRO HOLANDA SN
JUAZEIRO DO NORTE;28;144;AREA RURAL DE JUAZEIRO DO NORTE;EMEI AFRO ALVES DE MACENA (ST. LEITE);SITIO LEITE
ACARAÚ;30;70;ZONA RURAL;ESCOLA RAIMUNDO ROSA DO NASCIMENTO;PEDRINHAS
CAUCAIA;123;477;MARECHAL RONDON (JUREMA);CAPEMI - LAR FABIANO DE CRISTO;AV. DOM ALMEIDA LUSTOSA, 4395
FORTALEZA;113;285;PARQUELÂNDIA;EEFM SANTO AFONSO;RUA GAL. BERNARDO FIGUEIREDO, 2670
JUAZEIRO DO NORTE;28;89;FRANCISCANOS;ECIM DOUTOR EDVAR TEIXEIRA FERRER;DOM PEDRO II 1643
JARDIM;119;286;CENTRO;ESCOLA GOV. ADAUTO BEZERRA;AV WILSON RORIZ 1334
FORTALEZA;2;538;MESSEJANA;EEM DEPUTADO PAULO BENEVIDES;RUA ANGELICA GURGEL, 186
SÃO GONÇALO DO AMARANTE;36;326;CROATA-DISTRITO;ESCOLA DE ENSINO FUNDAMENTAL PORFIRIO DE ARAUJO;RUA VALDO UCHOA - CROATA
JUAZEIRO DO NORTE;119;375;TIRADENTES;ESCOLA CAROLINA SOBREIRA;RUA JOSE SABIA SN
SÃO BENEDITO;22;225;MONS. OTALICIO;LICEU - JOAO ALMIR DE FREITAS BRANDAO;AVENIDA TABAJARA S/N
FORTALEZA;117;445;CONJUNTO ESPERANÇA;EEFM PROFESSORA MARIA MARGARIDA DE CASTRO ALMEIDA;AV. CONTORNO SUL, 960
SOBRAL;24;541;SUMARÉ;EEM PROFESSORA CARMOSINA FERREIRA GOMES;RUA DAS FLORES, S/N
REDENÇÃO;52;156;DISTRITO DE FAÍSCA;ESCOLA JOÃO ALVES GOUVEIA;FAÍSCA
ACARAÚ;30;249;ZONA RURAL;ESCOLA JOAQUIM TIAGO DO NASCIMENTO;CORREGO DE ANA VERISSIMO
VARJOTA;65;143;EMPRÉSTIMOS;LICEU WALDIR LEOPÉRCIO;RUA TEN PEDRO CRUZ, 500
MASSAPÊ;45;121;ZONA RURAL;EEF SAO FRANCISCO;SÍTIO SOCORRO
FORTALEZA;113;362;MONTESE;COLÉGIO ESTADUAL PRESIDENTE HUMBERTO CASTELO BRANCO;RUA IRMA BAZET, 210
HORIZONTE;78;169;PLANALTO HORIZONTE;EMEF JORGE PEREIRA DA ROCHA;RUA PAULO FREIRE 40
AQUIRAZ;66;90;TAPUIO;CENTRO DE EDUCAÇÃO E CIDADANIA MARIA DE CASTRO BERNARDO;RUA JOSE ADAMOR ABREU, S/N - DISTRITO JOAO DE CASTRO
HORIZONTE;78;191;CENTRO;EEMTI MARIA DOLORES ALCÂNTARA E SILVA;AV. JUVENAL DE CASTRO, 645
FORTALEZA;114;224;FLORESTA;INSTITUTO EDUCACIONAL PRESIDENTE MEDICI;RUA CÉSAR CORREIA 973
RUSSAS;9;86;FLORES;ESCOLA DE ENSINO FUNDAMENTAL E MEDIO MARIA DE LOURDES DE OLIVEIRA;RUA JOSE SABINO MENDES 2313
FORTALEZA;117;199;PARQUE PRESIDENTE VARGAS;COLÉGIO CASTRO ALVES;RUA TULIPA NEGRA, 2319
FORTALEZA;3;633;ALDEOTA;COLÉGIO BATISTA - SANTOS DUMONT;RUA DESEMBARGADOR LEITE ALBUQUERQUE, 1056
MARACANAÚ;122;233;JARI;EMEF JOSÉ ASSIS DE OLIVEIRA(JARY);RUA PAULO AFONSO 4259
PEREIRO;10;174;CENTRO;CRECHE PARAISO INFANTIL;RUA NEL QUEIROZ S/N
JAGUARIBE;10;41;DISTRITO DE NOVA FLORESTA;EEIF ULISSES PARANHOS MAIA;RUA FRANCISCO GOMES DE CASTRO, 399
IPUEIRAS;40;165;VAMOS VER;GRUPO ESCOLAR MONSENHOR FONTENELE - VAMOS VER;RUA ZACARIAS RIBEIRO MIRANDA, 653
SOBRAL;24;688;RENATO PARENTE;CLUBE DOS CALÇADISTAS;AV. MÃE RAINHA
ITAPIPOCA;17;570;CRUXATI;EEB TEOFILO PIRES CHAVES;BASTIÕES
MORRINHOS;44;4;CENTRO;COLÉGIO MORRINHENSE CÔNEGO SARAIVA;RUA JOAQUIM CORIOLANO ROCHA
FORTALEZA;1;724;PAPICU;COLEGIO ESPACO ABERTO - BENTO ALBUQUERQUE;RUA BENTO ALBUQUERQUE 1671
FORTALEZA;1;86;VARJOTA;FACULDADE FARIAS BRITO - CASTRO MONTE;RUA CASTRO MONTE 1364
CRATO;27;149;PONTA DA SERRA;EEIEF PROF. JOSÉ BIZERRA DE BRITTO;RUA BERNARDO VIEIRA S/N
MARACANAÚ;104;33;JEREISSATI I;EMEIEF MARIA ÍSIS MENEZES ANDRADE;RUA ANTÔNIA ARAÚJO FERREIRA, S/N
SOBRAL;24;419;RENATO PARENTE;EEEP LYSIA PIMENTEL GOMES;AV. JOHN SANFORD, 1223
VIÇOSA DO CEARÁ;35;153;PASSAGEM DA ONCA;E.E.I.F ANTONIO ANGELO DOS SANTOS;SITIO BOM TEMPO
MARACANAÚ;122;114;OLHO D' AGUA;ASSOCIAÇÃO ANTONIO PRATA;SÍTIO OLHO D'AGUA DOS PRATA
FORTALEZA;3;405;ALDEOTA;EEMTI RENATO BRAGA;AV. RUI BARBOSA, 2000
FORTALEZA;116;44;BOM JARDIM;EM SANTOS DUMONT;RUA GERALDO BARBOSA 240
OCARA;67;209;CURUPIRA-DISTRITO;ESCOLA MUNICIPAL MARIA DE LOURDES COSME - ENSINO FUNDAMENTAL;JUREMA DOS VIEIRA
BREJO SANTO;70;32;CENTRO-SEDE;CENTRO DE SAUDE DR MIRANDA TAVARES;RUA LUIZ GONZAGA JR, S/N
FORTALEZA;93;175;MONDUBIM;EEFM ESTADO DO MARANHAO;RUA CARLOS PIMENTA,506
FORTALEZA;93;245;PREFEITO JOSÉ WALTER;COLÉGIO SILVIA HELENA NOGUEIRA;RUA 62, 140 - III ETAPA
PEREIRO;10;156;SITIO CHABOCAO;GRUPO ESCOLAR MIGUEL ANTONIO DA ROCHA;SITIO CHABOCAO
PARAIPABA;109;164;SETOR B;EMEIF COMPLEXO ESCOLAR SETOR B;SETOR B, S/N
JUAZEIRO DO NORTE;119;49;PREFEITO CARLOS ALBERTO DA CRUZ;ESCOLA ZILA BELEM;FRANCISCO VICENTE SILVA CAVALCANTE SN
FORTALEZA;114;65;ÁLVARO WEYNE;EM DOM HELDER CAMARA;RUA FREI ODILON 623 B
QUIXADÁ;6;25;CENTRO;CENTRO UNIVERSITÁRIO CATÓLICA DE QUIXADÁ - UNICATÓLICA;AVENIDA PLÁCIDO CASTELO, S/N
UMIRIM;23;270;SAO JOAQUIM-DISTRITO;CRECHE COMUNITARIA ADELAIDE SALES TEIXEIRA;RUA FELISBELA CAETANO SN (RUA PRINCIPAL)
NOVA RUSSAS;48;104;UNIVERSIDADE;COLÉGIO MUNICIPAL ONZE DE NOVEMBRO;AV. JOÃO GREGÓRIO TIMBÓ
MORADA NOVA;47;228;LAGOA GRANDE;EEB RAUL DE SOUSA MARTINS;LAGOA DA BARBADA
BAIXIO;92;90;BARROCÃO - SÍTIO;ESCOLA SAO FRANCISCO;SITIO BARROCAO
FORTALEZA;3;287;PRAIA DE IRACEMA;SECRETARIA DA SAÚDE DO ESTADO DO CEARÁ;RUA ITAPIPOCA, 60
SÃO GONÇALO DO AMARANTE;36;67;SIUPE-DISTRITO;ESCOLA DE ENSINO FUNDAMENTAL DONA FILOMENA MARTINS;SIUPE
ITAITINGA;78;323;JABUTI;EEF FRANCISCO SALES FILHO;RUA MARIO SALES, 460
PEDRA BRANCA;59;128;SEDE;ESCOLA DE ENSINO FUNDAMENTAL JOSE GABRIEL DE SOUZA;SITIO SAO GONCALO DOS GABRIEL
MARACANAÚ;104;298;JEREISSATI II;EMEIEF RACHEL DE QUEIROZ;AVENIDA XII, 758
BAIXIO;92;88;CENTRO - SEDE;E.E.M.T.I. MONSENHOR HORACIO TEIXEIRA;RUA MARIA DA GLORIA S/N
HORIZONTE;78;103;DOURADO;EMEF GEOVANIA ALBANO DE ALMEIDA;RUA FRANCISCO CARLOS, 500
QUIXERÉ;29;223;SEDE;CEI MONSENHOR FRANCISCO JOSE DE OLIVEIRA;RUA MESTRE SALES, 153
CASCAVEL;7;230;JACARECOARA;ESC.ENS.FUND. JOSÉ DE QUEIROZ FERREIRA;CHORO ESTRADA NOVA
CARIRIAÇU;71;106;CACHOEIRINHA;EEF RAIMUNDO GOMES;SÍTIO CACHOEIRINHA
JARDIM;119;356;SERRA BREJINHO;ESCOLA JOAO BATISTA DE FIGUEIREDO;SERRA BREJINHO
ARARIPE;68;11;CENTRO;ESCOLA NIURA MARIA DE ALENCAR - SEDE;RUA ANTONIO HENRIQUE DE LIMA, S/N
JUAZEIRO DO NORTE;28;345;SALESIANOS;EEF JOSE GERALDO DA CRUZ;DO ROSARIO 622
JUCÁS;43;119;CORREDORES - SÍTIO - SEDE;GRUPO ESCOLAR JOSE NOGUEIRA PAZ;SÍTIO CORREDORES
JUAZEIRO DO NORTE;28;158;CENTRO;EEF MONSENHOR JOVINIANO BARRETO;DO CRUZEIRO 657
QUIXERAMOBIM;11;122;BELEM;DEPUTADO MOREIRA DA ROCHA;TAPAJOS
ITAPIÚNA;105;129;DISTRITO DE CAIO PRADO;EEF PROFESSORA MARIA ALAÍDE LOPES;RUA NONATO CAVALCANTE SN
CHOROZINHO;49;297;LEIROES;EEM DR WLADIMIR RORIZ;RUA DR LUIS COSTA SN
CAMOCIM;32;63;ZONA RURAL;EEF SÃO SEBASTIÃO - AMARELAS;LOCALIDADE DE AMARELAS
CAMOCIM;32;212;BOA ESPERANCA;ESCOLA MUNICIPAL DE 1 GRAU FCO OTONI COELHO;RUA BANDEIRANTES 646
ITAPIPOCA;17;38;CENTRO;EEFM ANASTACIO ALVES BRAGA;AV DUQUE DE CAXIAS 888
VIÇOSA DO CEARÁ;35;25;CENTRO;E.E.M.T.I IRMA LINS;AVENIDA SEBASTIAO NOGUEIRA S/N
PEREIRO;10;126;CENTRO;ESCOLA MUNICIPAL CLEONICE FREIRE DE QUEIROZ;RUA NEL QUEIROZ  257
HORIZONTE;78;67;DOURADO;EMEF MARIA PINHEIRO DA SILVA;AV MANOEL PEREIRA DA COSTA, 52
FARIAS BRITO;62;239;CIPÓ;EEF MANACÊS PEREIRA DE ALCANTARA;SITIO CIPO
CAUCAIA;123;309;PARQUE POTIRA (JUREMA);E.E.I.E.F. ANTÔNIO ALBUQUERQUE SOUSA FILHO;RUA HERIBALDO RODRIGUES (ANTIGA RUA POTIGUARA), 488
TEJUÇUOCA;41;299;CENTRO-SEDE;ESCOLA DE ENSINO MÉDIO DEPUTADO FERNANDO MOTA;RUA ALFREDO PINTO DE MESQUITA
PEDRA BRANCA;59;8;SEDE;ESCOLA DE 1 GRAU JOAO DOS REIS DA SILVA;SITIO QUIETO
MUCAMBO;79;214;CENTRO;CENTRO EDUCACIONAL DEP MANOEL RODRIGUES;AV AGRONOMO JOSE ALVES 90
CRATEÚS;20;316;PLANALTO;EEMTI GOV. GONZAGA MOTA;RUA DR. JÚLIO LIMA, 2194
CAMOCIM;32;171;ZONA RURAL;EEF FRANCISCO DAS CHAGAS MEDEIROS - MOREIAS;LOCALIDADE DE MOREIAS
VIÇOSA DO CEARÁ;35;37;LAMBEDOURO;E.E.F EDUVIRGES MARIA DE ARRUDA;VILA MANHOSO
VIÇOSA DO CEARÁ;35;157;QUATIGUABA;CEI SANTO EXPEDITO;SITIO QUATIGUABA
ARACATI;8;76;CORREGO DOS RODRIGUES;E.E.F. ANTONIO PONCIANO DA COSTA;CORREGO DOS RODRIGUES
SÃO GONÇALO DO AMARANTE;36;328;LAGOINHA;CEI MARIA SOARES DE ALMEIDA;RUA MAJOR JOÃO MARTINS
PARAIPABA;109;150;SETOR E;EMEF VICENTE VASCONCELOS DA SILVA;PROJETO IRRIGADO DO CURU - SETOR E
FORTALEZA;93;204;PLANALTO AYRTON SENNA;LICEU ESTADUAL DOMINGOS BRASILEIRO;RUA PLANALTINA, S/N
EUSÉBIO;88;133;CARARU;EEF RAIMUNDO NONATO DA SILVA - CARARU;RUA FRANCISCO DOMINGOS, S/N - CARARU
FORTALEZA;118;657;PASSARÉ;EEMTI DEPUTADO PAULINO ROCHA;RUA PROFESSOR JOSE SILVEIRA, 528
CRATO;27;10;CENTRO;EEIEF PROFª EDILMA FERNANDES G. RODRIGUES - CÍRCULO OPERÁRIO;AVENIDA JOSÉ ALVES DE FIGUEIREDO S/N
CRATO;27;325;ALTO DA PENHA;EEIEF GOVERNADOR LUIZ DE GONZAGA DA FONSECA MOTA;RUA PLÍNIO CAVALCANTE S/N
FORTALEZA;3;395;ALDEOTA;RECEITA FEDERAL (SUPER. REG. DE ADM. NO ESTADO DO CEARÁ);RUA BARÃO DE ARACATI, 909
MARACANAÚ;104;128;PAJUÇARA;COLÉGIO 7 DE SETEMBRO (PAJUÇARA);RUA BEATRIZ CALIXTO, 305
SOBRAL;121;332;JOCELY DANTAS;CURSO DE QUIMICA-UVA-CAMPUS CIDAO;AV. DR. GUARANY
CEDRO;13;560;CANDEIAS;ESCOLA DE ENS FUND FRANCISCO CHAGAS DE LIMA;SITIO FAZENDA NOVA
AQUIRAZ;66;140;BARRO PRETO;EMEF RAIMUNDA FERREIRA DA SILVA;RUA MESTRE CHAGAS S/N
PACATUBA;57;225;PAVUNA;CENTRO DE EDUCACAO RURAL CLOVIS DE CASTRO PEREIRA;RUA CLOVIS DE CASTRO PEREIRA 235
CAUCAIA;123;388;PARQUE ALBANO (JUREMA);E.E.I.E.F. DOM ANTÔNIO DE ALMEIDA LUSTOSA;RUA PERY, 951
FORTALEZA;95;180;CAJAZEIRAS;DNIT;RODOVIA BR-116, KM 06
IGUATU;13;86;VILA MOURA;ESCOLA DE ENSINO MEDIO LUCAS EMANUEL;RUA AMALIA BRASIL SN
CANINDÉ;33;2;CENTRO;COLEGIO ESTADUAL PAULO SARASATE;RUA JOAQUIM MAGALHAES 100
CANINDÉ;33;234;ZONA RURAL;EMEF MERCES SANTOS GOMES;ASSENTAMENTO LOGRADOURO I
TIANGUÁ;81;117;ITAGUARUNA;E.E.F. ABÍLIO COELHO MOITA;SÍTIO ITAGUARUNA
IGUATU;13;362;BARRA;ESCOLA DE ENS FUND JOSE HONORIO CAVALCANTE;SITIO BARRA I
JAGUARUANA;75;83;JOAO DUARTE;E.E.F. NOSSA SENHORA DE FATIMA;JOAO DUARTE
MORADA NOVA;47;209;ROLDAO;EEB JOAQUIM CHAGAS FILHO;TRAV. LUIS VIEIRA, S/N
AQUIRAZ;66;83;PATACAS;EMEF MARIA SOARES DE FREITAS;AV JOSUE LEITE DE FREITAS S/N
AQUIRAZ;66;167;TAPUIO;CENTRO DE EDUCAÇÃO E CIDADANIA MARIA DE CASTRO BERNARDO;RUA JOSE ADAMOR ABREU, S/N - DISTRITO JOAO DE CASTRO
AQUIRAZ;66;129;CENTRO;ESCOLA DE ENSINO MEDIO TELINA MATOS PIRES;RUA FRANCISCO CAMARA,  70
FRECHEIRINHA;81;327;CENTRO;ESCOLA DE ENSINO MÉDIO ANTONIO CUSTODIO;RUA TENENTE EUFRASIO, 133 - CENTRO
PEDRA BRANCA;59;145;SANTA MARIA;EEEP - ANTONIO RODRIGUES DE OLIVEIRA;AV. JOSE FRUTUOSO DA SILVA S/N
ARACATI;8;181;MAJORLANDIA;C.E.I. MARIA LEONOR MAIA;RUA EUCLIDES MOREIRA, S/N
ARACATI;8;301;CAJUEIRO;E.E.F. JOSE BERNARDO DE SOUZA;CAJUEIRO
ORÓS;15;232;CENTRO;E.E.F. ELISEU BATISTA;AV. JOSÉ GABRIEL BEZERRA,300
PACATUBA;57;278;MACACOS;EEIEF JARDIM BOM RETIRO;AV. ARARUNA 3635 - BOM RETIRO
PACATUBA;57;284;CONJUNTO JEREISSATI II;EEIEF JOAO PAULO SAMPAIO DE MENEZES;RUA 74 SETOR G, 900
JUCÁS;43;47;CENTRO - SEDE;SECRETARIA DE AÇÃO SOCIAL;RUA CORONEL LUIZ DUARTE S/N
CAUCAIA;37;542;TABAPUAZINHO;E.E.I.E.F. TIO MANUEL (ANTIGO LORENA AMARAL);RUA BANABUIÚ, N 1150
PACATUBA;57;191;CONJUNTO JEREISSATI II;EEIEF ANA ALBUQUERQUE;AVENIDA XVIII SETOR F S/N
JUAZEIRO DO NORTE;119;277;JOAO CABRAL;ESCOLA JERONIMO FREIRE DOS SANTOS;VIRGINIA MENDONCA SN
JAGUARUANA;75;48;ASSENTAMENTO BELA VISTA;E.E.F. NOSSA SENHORA DO LIVRAMENTO;ASSENTAMENTO BELA VISTA
CAUCAIA;37;230;ITAMBE;E.E.F. FLAVIO PORTELA MARCILIO;RUA 05, 23 - CONJ. VICENTE ARRUDA
CAMOCIM;32;20;CENTRO;EEI PROFESSORA ISAURA FREIRE FERREIRA;RUA DA INDEPENDENCIA
CEDRO;13;504;ASSUNÇÃO;ESCOLA DE ENS FUND TEREZA DUTRA;RUA VICENCIA DUTRA S/N
CAUCAIA;123;344;PARQUE GUADALAJARA (JUREMA);E.E.I.E.F. 7 DE SETEMBRO;AV. DOM ALMEIDA LUSTOSA, 2322
JUAZEIRO DO NORTE;119;253;AEROPORTO;ESCOLA CICERA GERMANO CORREIA;RUA SEBASTIAO REGIS SN
FORTALEZA;3;429;CENTRO;UNIARI - CENTRO UNIVERSITÁRIO ARI DE SÁ;AV. HERÁCLITO GRAÇA, 826
ARACATI;8;45;NOSSA SENHORA DE LOURDES;EEMTI. BENI CARVALHO;RUA BENI CARVALHO 1679
MORADA NOVA;47;185;CENTRO;CAMARA MUNICIPAL DE MORADA NOVA;AV. MANOEL CASTRO, 764
SOBRAL;121;5;SINHÁ SABÓIA;CEI JACYRA PIMENTEL GOMES;RUA RIO NEGRO SN
FORTALEZA;95;89;BARROSO;EEFM PADRE MARCELINO CHAMPAGNAT;RUA DAURA, 120
ARATUBA;105;98;SITIO FERNANDES;ESCOLA RURAL DE FERNANDES;SITIO FERNANDES
CATUNDA;54;73;CENTRO;E. E. F. SÃO ZACARIAS;RUA ANTONIO TIMBÓ, SN.
EUSÉBIO;88;111;CENTRO;ESCOLA DE FORMAÇÃO DOCENTE (NEUSA);RUA IRMA AMBROSINA, 266 - CENTRO
EUSÉBIO;88;261;GUARIBAS;EEF DAS GUARIBAS;RUA SÃO FRANCISCO, 84 - GUARIBAS
FORTALEZA;118;607;MONDUBIM;EM CASIMIRO MONTENEGRO;AV. BERNARDO MANUEL, 11360
CANINDÉ;33;310;ZONA RURAL;EMEF PADRE MANOEL CORDEIRO DA CRUZ;DISTRITO DE IGUACU
FORTALEZA;118;217;PASSARÉ;EEMTI INTEGRADA 2 DE MAIO;AVENIDA DA SAUDADE, S/N
TAUÁ;19;92;SANTA TEREZA;EMEF AMANCIO CORDEIRO JUNIOR;VILA SANTA TEREZA
MORAÚJO;64;45;CENTRO;MORAÚJO - ESCOLA ESTADUAL HUET ARRUDA;TRAVESSA CECÍLIA FREIRE, S/N - CENTRO
PORTEIRAS;70;266;CENTRO-SEDE;E E E M ARISTARCO CARDOSO;RUA EXPEDITO ALVES SANTANA S/N
RUSSAS;9;257;MIGUEL PEREIRA;ESCOLA MUNICIPAL JOÃO LEÔNCIO;MIGUEL PEREIRA DO MAURO
JATI;70;387;CARNAUBA-SEDE;PONTO DE APOIO À SAUDE ANTONIO JOSÉ DA SILVA;VILA CARNAUBA
JUAZEIRO DO NORTE;119;1;LAGOA SECA;UNILEÃO - CAMPUS SAUDE (PRÓXIMO AABB);AVENIDA LEAO SAMPAIO, 400
GUARACIABA DO NORTE;74;157;DISTRITO;ESCOLA MUNICIPAL DE BANANEIRAS;BANANEIRAS
CEDRO;13;544;VÁRZEA DA CONCEIÇÃO;ESCOLA DE ENS FUND JOSE FERREIRA DE ARAUJO;ST CACHOEIRA DOS ARAUJOS
FORTALEZA;94;773;QUINTINO CUNHA;IGREJA DE SÃO JOSÉ;R. GEN. ALÍPIO DOS SANTOS, 375
JAGUARIBE;10;86;COHAB;EEEP POETA SINÓ PINHEIRO (LICEU);AV D, S/N
SOLONÓPOLE;55;17;ASSUNCAO;E. M. E. B. PROFA. TEREZINHA DA SILVA ARAUJO;RUA PROFA. DOLORES PINHEIRO DO NASCIMENTO, SN - DISTRITO DE ASSUNÇÃO
MARACANAÚ;122;23;LUZARDO VIANA;COLEGIO ESTADUAL RUI BARBOSA;RUA JOSE JANUARIO PINTO, S/N
FORTALEZA;1;138;CIDADE 2000;ESCOLA ESTADUAL ARQUITETO ROGERIO FROES;AVENIDA DAS GRAVIOLAS 1000
PARAMOTI;111;165;LOCALIDADE CANDEIA;EEF SÃO RAIMUNDO;LOCALIDADE CANDEIA
CAUCAIA;37;445;LAGOA DO BARRO;E.E.F. TECLA GONZAGA SALES;RUA PRINCIPAL BURITIZINHO
MARCO;96;145;LOCALIDADE DE PASSAGEM DAS PEDRAS;EEF FRANCISCO IBIAPINO FERREIRA;PASSAGEM DAS PEDRAS
VIÇOSA DO CEARÁ;35;45;GENERAL TIBURCIO;E.E.F FRANCISCO VIEIRA JUNIOR;VILA GENERAL TIBURCIO
CARIRIAÇU;71;137;SÍTIO RIACHÃO DOS PEREIRAS;EEF FREI DAMIÃO;SITIO RIACHÃO DOS PEREIRAS
ARACATI;8;48;CENTRO;COLEGIO MARISTA DE ARACATI;PRAÇA SÃO MARCELINO CHAMPAGNAT, 1
FORTALEZA;116;59;BOM JARDIM;EM CRESCER E APRENDER;RUA EDSON MARTINS, 642
PACATUBA;57;164;MONGUBA;EEF MARIA DE SA RORIZ;RODOVIA CE 060 KM 15
PACATUBA;57;287;CONJUNTO JEREISSATI III;EEIEF NELLY DE LIMA E MELO;RUA 02, 250
BARRO;92;34;SANTO ANTONIO-DISTRITO;POSTO DE SAÚDE DE BREJINHO;SITIO BREJINHO
FORTALEZA;1;404;CAIS DO PORTO;EMTI VEREADOR ALBERTO GOMES DE QUEIROZ;AV. ZEZÉ DIOGO, 782
CRATEÚS;20;53;FATIMA I;ASSOCIAÇÃO PESTALOZI DE CRATEÚS;RUA JOAO RIBEIRO LIMA 183
MUCAMBO;79;241;CENTRO;ESCOLA ELZE MENDES DE AGUIAR;AV AGRONOMO JOSE ALVES, S/N - SEDE
FORTALEZA;114;146;JARDIM IRACEMA;EEMTI PROFESSORA BALBINA JUCA ALBUQUERQUE;AVENIDA MAJOR ASSIS 346
SOBRAL;24;505;JAIBARAS;ANEXO SAO DOMINGOS;SAO DOMINGOS
TEJUÇUOCA;41;237;CENTRO-SEDE;CMEI DE ALFABETIZAÇÃO E LETRAMENTO MARIA MIRANDA GOMES;AVENIDA GABRIEL AGUIAR FILHO
FORTALEZA;1;881;MANUEL DIAS BRANCO;COLÉGIO CÍVICO MILITAR BATALHA DO RIACHUELO;R. E, 100 - MANUEL DIAS BRANCO
ITAPIPOCA;17;1;CENTRO;EEM JOAQUIM MAGALHÃES;RUA PERGENTINA ARAUJO S/N
ITAPIPOCA;17;748;BOA VISTA;EEB MARIA DALVA BARBOSA AZEVEDO;RUA EUBIA BARROSO
IBICUITINGA;47;128;CENTRO;EEB ENEAS FERREIRA NOBRE;RUA CAPITAO MANOEL ANTONIO 2180
IGUATU;13;318;COCOBÓ;ESCOLA DE ENS FUND ELZE LIMA VERDE MONTENEGRO;DARIO RABELO
ITAPIPOCA;17;108;ÁREA RURAL DE ITAPIPOCA;EEB JOSE MANOEL DOS SANTOS;SAQUINHO
FORTALEZA;114;258;BARRA DO CEARÁ;EM FRANCISCO DOMINGOS DA SILVA;AVENIDA PRESIDENTE CASTELO BRANCO 4707
FORTALEZA;114;214;ÁLVARO WEYNE;EM MARIA ROSELI LIMA MESQUITA;RUA FRANCISCO CALAÇA 1791
FORTALEZA;117;480;SIQUEIRA;CEI FRANCISCA DE ABREU LIMA;RUA C -  ESQUINA COM A RUA LUIZ MONTENEGRO, S/N
CROATÁ;74;97;DISTRITO;ESCOLA MUNICIPAL LUIZ BEZERRA DE PAULO (BARRA DO SOTERO);BARRA DO SOTERO
SOBRAL;24;438;JOSÉ EUCLIDES;EEM MINISTRO JARBAS PASSARINHO;AVENIDA JOHN SANFORD, S/N
ITAREMA;98;129;ZONA RURAL;EMEF RAIMUNDO PEREIRA DO NASCIMENTO;ORIENTE
SOBRAL;24;522;JORDÃO;EEM DR JOSE EUCLIDES FERREIRA GOMES JUNIOR - JORDAO;RUA ONOFRE GOMES DE OLIVEIRA
FORTALEZA;3;447;PRAIA DE IRACEMA;EEFM SANTA LUZIA;RUA JOÃO CORDEIRO, 711
ACOPIARA;60;142;DISTRITO DE SANTO ANTONIO;EEF AUGUSTINHO BEZERRA;SITIO CUTIA
ACOPIARA;60;15;CENTRO;GABINETE DO PREFEITO;AVENIDA PAULINO FÉLIX, 332, CENTRO
AURORA;69;14;CENTRO-SEDE;E.E.F.M. JOSE PINTO QUEZADO;VILA PAULO GONÇALVES, S/N
FORTALEZA;2;818;JOSÉ DE ALENCAR;COLÉGIO CHRISTUS SUL 3;AV ENGENHEIRO LEAL LIMA VERDE, 2500 - JOSÉ DE ALENCAR
FORTALEZA;3;516;MEIRELES;IDEAL CLUBE;AV. MONSENHOR TABOSA,  1381
CASCAVEL;7;14;BESSALANDIA;ESC.ENS.FUND. JULIA DE MELO;RUA GABRIEL GOMES BARBOSA
PEDRA BRANCA;59;15;CENTRO;ESCOLA DE ENSINO FUNDAMENTAL E MEDIO FRANCISCO VIEIRA CAVALCANTE;RUA JOAQUIM CAVALCANTE 55
FORTALEZA;2;687;MESSEJANA;EMEIF ANGELICA GURGEL;RUA DOUTOR PERGENTINO MAIA, 375
MARTINÓPOLE;25;65;ALTO SÃO FRANCISCO;E.E.F. MARINA XIMENES (ANTIGO FLORENCIO BATISTA);CONJUNTO CONCEIÇÃO FONTENELE
IPAPORANGA;20;279;CENTRO;ESCOLA DE ENSINO MÉDIO MARIA VIEIRA DE PINHO;AV. MARIA ERIMAR RIBEIRO DE PAIVA, S/N
CASCAVEL;7;174;RIO NOVO;E.E.E. PROFISSIONAL EDSON QUEIROZ - LICEU;RUA LUCIANO RODRIGUES S/N
MARACANAÚ;104;277;PAJUÇARA;EMEF MARIA PEREIRA DA SILVA;RUA JUSTINO DE SOUSA, 842
ITAITINGA;78;379;GERERAÚ;CEI - MARIA TAVARES CAVALCANTE;RUA CÂNDIDO MEIRELES, N. 1.098
FORTALEZA;1;668;VICENTE PINZON;ESCOLA ESTADUAL MURILO BORGES;RUA DO ENTARDECER 90
FORTALEZA;114;297;BARRA DO CEARÁ;EEFM ESTADO DE ALAGOAS;AVENIDA PRESIDENTE CASTELO BRANCO, 5244
MARACANAÚ;122;22;PIRATININGA;COLÉGIO ESTADUAL PROFº FRANCº OSCAR RODRIGUES(COL.EST.LICEU MARACANAÚ);AV. LUIZ GONZAGA HONÓRIO, 50, PIRATININGA, MARACANAÚ-CE
FORTALEZA;114;302;BARRA DO CEARÁ;EM FRANCISCO DOMINGOS DA SILVA;AVENIDA PRESIDENTE CASTELO BRANCO 4707
NOVA RUSSAS;48;65;PATRONATO;E.M.E.F. FRANCISCA DAS GRAÇAS T MESQUITA(ANTIGA EEFM MONSENHOR LEITÃO);RUA HERMENEGILDO MARTINS, 667
FORTALEZA;115;481;JARDIM CEARENSE;EM JOÃO ESTANISLAU FAÇANHA;RUA ONZE, S/N - CONJUNTO CAMPO DOS INGLESES
ACOPIARA;60;52;UMARI;EEMTI FRANCISCO ASSIS VIEIRA;RUA ANTONIO JOAQUIM, UMARI
PACATUBA;57;6;CENTRO;DEPARTAMENTO MUNICIPAL DE EDUCACAO;RUA CORONEL JOSE LIBANIO, 23
FORTALEZA;115;165;MONTESE;EEMTI JOAO MATTOS;RUA ALMIRANTE RUBIM, 1014
ITAITINGA;78;273;PONTA DA SERRA;EEEP PROFESSOR FRANCISCO ARISTOTELES DE SOUSA;RUA BOA ESPERANÇA, S/N
HIDROLÂNDIA;54;18;NOVA HIDROLÂNDIA;E. M. E. F. PREFEITO WALTER MARINHO;RUA CAJAZEIRAS, 261
HORIZONTE;78;173;BUENOS AIRES;EMEF MANOEL FELIPE DOS SANTOS;RUA ELIAS BENTO FERREIRA, 1976
IGUATU;13;233;BARREIRAS;ESCOLA DE ENS FUND ANTÔNIO CIPRIANO;VILA BARREIRAS DOS PARAIBANOS
SOBRAL;24;493;JOSÉ EUCLIDES;EEM MINISTRO JARBAS PASSARINHO;AVENIDA JOHN SANFORD, S/N
PACATUBA;57;232;SAO LUIZ;EEIF VICENTE FERRER DE LIMA;AV EDSON QUEIROZ, 1952
FORTALEZA;2;158;LAGOA REDONDA;EMEIF MOREIRA DA ROCHA;AV ODILON GUIMARAES, 3860
AQUIRAZ;66;96;CENTRO;ESCOLA DE ENSINO MEDIO TELINA MATOS PIRES;RUA FRANCISCO CAMARA,  70
AQUIRAZ;66;40;JACUNDA;EMEF HENRIQUE GONCALVES DA JUSTA FILHO;RUA ANTONIO MELQUIADES LIMA S/N
PORANGA;40;94;ARRAIAL;ESCOLA REUNIDA SÃO SEBASTIÃO - ARRAIAL;ARRAIAL
FORTALEZA;3;426;CENTRO;UNIARI - CENTRO UNIVERSITÁRIO ARI DE SÁ;AV. HERÁCLITO GRAÇA, 826
AURORA;69;85;ARAUJO-SITIO;CAPELA DO SITIO ARAUJO;SITIO ARAUJO
FORTALEZA;2;154;MESSEJANA;EMEIF ANGELICA GURGEL;RUA DOUTOR PERGENTINO MAIA, 375
ABAIARA;26;72;CENTRO;ESCOLA ROSA TAVARES LEITE;RUA MISAEL ALVES DE MEDEIROS 295
SÃO GONÇALO DO AMARANTE;36;251;CONDOMINIO;CRECHE ANTONIO PLACIDO ALCANTARA;RUA UMARITUBA 52 - CONDOMÍNIO - SEDE
IBICUITINGA;47;146;CHILE;ESCOLA DE 1 GRAU JOSE LINO RABELO;CHILE - SEDE
CRATO;27;306;NOVO CRATO;EEMTI PREF. RAIMUNDO COELHO BEZERRA DE FARIAS;RUA FRANCISCO PIANCÓ LEITE S/N
FORTALEZA;3;407;ALDEOTA;EEMTI RENATO BRAGA;AV. RUI BARBOSA, 2000
FORTALEZA;2;77;MESSEJANA;EEEP JOSE DE BARCELOS;RUA ANGELICA GURGEL 362
NOVA RUSSAS;48;60;LAGOA DE SÃO PEDRO;ESCOLA MUNICIPAL MANUELA DO NASCIMENTO FREITAS;DISTRITO LAGOA DE SÃO PEDRO,
CRATO;27;12;CENTRO;EEIEF PROFª EDILMA FERNANDES G. RODRIGUES - CÍRCULO OPERÁRIO;AVENIDA JOSÉ ALVES DE FIGUEIREDO S/N
LIMOEIRO DO NORTE;29;169;JOÃO XXIII;EEF EVALDO HOLANDA MAIA;RUA PADRE VICENTE S/N
PALMÁCIA;4;150;CENTRO;CRAS CLEMENTINO RODRIGUES CAMPELO;RUA FRANCISCO DE QUEIROZ, S/N
CRATO;27;258;BAIXIO DAS PALMEIRAS;EEIEF PROFª ROSA FERREIRA DE MACEDO;RUA MARIA TAVARES DE OLIVEIRA, SN. SÍTIO BAIXIO DO MUQUÉM
PACATUBA;57;238;ALTO SAO JOAO;EEIEF DR. CARLOS ALBERTO DE ALMEIDA PONTES;RUA JOSE FRANKLIN S/N
PORTEIRAS;70;270;CENTRO-SEDE;E E E M ARISTARCO CARDOSO;RUA EXPEDITO ALVES SANTANA S/N
CAUCAIA;123;481;MARECHAL RONDON (JUREMA);CAPEMI - LAR FABIANO DE CRISTO;AV. DOM ALMEIDA LUSTOSA, 4395
CAUCAIA;123;514;PARQUE ALBANO (JUREMA);E.E.F.M. NOÉLIA ALENCAR;RUA 06, 125 - CONJUNTO SÃO MIGUEL II
UMIRIM;23;247;BANANA;E.E.M. MARIA IRACEMA UCHOA SALES (LICEU);RUA RUFINO DE SOUSA, S/N
FARIAS BRITO;62;217;MONTE PIO;EEF EVALDO GONCALVES DE PINHO;VILA MONTE PIO
FARIAS BRITO;62;279;UMARI;EEF ANTÃO PEREIRA E SILVA;RUA ARÃO PEREIRA E SILVA, S/N - UMARI - DIST. QUINCUNCÁ
FORTALEZA;2;57;LAGOA REDONDA;EM PROFª FERNANDA MARIA DE ALENCAR COLARES;AV PROF. ARTHUR DE CARVALHO, 1540
MARACANAÚ;104;104;JEREISSATI I;EEMTI PROFESSOR CLODOALDO PINTO;AVENIDA CONTORNO NORTE, 99
IBICUITINGA;47;51;CENTRO;EEB ENEAS FERREIRA NOBRE;RUA CAPITAO MANOEL ANTONIO 2180
SOBRAL;24;309;JUNCO;EEFI NETINHA CASTELO;AV. JOHN SANFORD S/N
ITAPIPOCA;17;617;MARANHÃO;EEB JOÃO IDÁLIO TEIXEIRA;RUA DR BEZERRA DE MENEZES, SN
FORTALEZA;3;119;JACARECANGA;SENAI - UNIDADE CENTRO;AV. PADRE IBIAPINA, 1280
BATURITÉ;5;36;CANDEIA BOA VISTA-POVOADO;EMEF MARIA DE LOURDES DA SILVEIRA;CANDEIA BOA VISTA, SN
CASCAVEL;7;132;GUANACES;ESC.ENS.FUND. JOÃO PEDRO FERREIRA;CHORO ANGICO
JAGUARETAMA;72;12;CENTRO;SECRETARIA MUNICIPAL DE EDUCAÇÃO (ANTIGO CENTRO COMUNITARIO);AV JUAREZ DE QUEIROZ OLÍMPIO S/N
ITAIÇABA;75;7;LOGRADOURO;CEI FRANCISCO AMARAL MAIA;LOGRADOURO
SANTANA DO CARIRI;53;45;CENTRO;EEMTI ADRIÃO DO VALE NUVENS;AV. PATATIVA DO ASSARÉ, SN
PACUJÁ;79;188;CENTRO;E.E.M. PLACIDO ADERALDO CASTELO;RUA 22 DE SETEMBRO, SN
PENTECOSTE;50;205;ZONA RURAL;EEIF MANOEL FÉLIX GOMES - ANEXO(MULUNGU);PEDRA BRANCA ILHA
SOBRAL;121;263;CARACARÁ;ESCOLA ODETE BARROSO;PRACA DA MATRIZ S/N
IGUATU;13;382;COHABS;CRECHE RAFAEL JEAN GONÇALVES DE FREITAS;RUA ANTONIO RODOVALHO DE ALENCAR
AURORA;69;20;ARACA-SEDE;E.E.F.P. LEOPOLDINA GONÇALVES QUEZADO;RUA MARICA LEITE,285
SANTANA DO ACARAÚ;44;150;AMEIXA;ESCOLA SÃO FRANCISCO;AMEIXA
PENTECOSTE;50;105;ZELADORIA;EEF GOVERNADOR WALDEMAR ALCÂNTARA;RUA PEDRO HORÁCIO, 297
FORTALEZA;1;33;COCÓ;UNINTA - FACULDADE UNINTA FORTALEZA;RUA VILEBALDO AGUIAR,133
FORTALEZA;1;832;MANUEL DIAS BRANCO;COLÉGIO CÍVICO MILITAR BATALHA DO RIACHUELO;R. E, 100 - MANUEL DIAS BRANCO
FORTALEZA;115;132;MARAPONGA;COLEGIO PROVECTO;RUA SUIÇA, 76
ITAIÇABA;75;81;BRITO;E.E.F. DOM AURELIANO MATOS;BRITO
COREAÚ;64;38;Mota;MOTA - ESCOLA MUN. RDO. BARROSO TABOSA;LOCALIDADE MOTA
FORTALEZA;117;290;CONJUNTO ESPERANÇA;EEEP DARCY RIBEIRO;RUA CONEGO DE CASTRO, S/N
FORTALEZA;2;433;MESSEJANA;EEEP JOSE DE BARCELOS;RUA ANGELICA GURGEL 362
CRATEÚS;20;118;PLANALTO;EEMTI GOV. GONZAGA MOTA;RUA DR. JÚLIO LIMA, 2194
FARIAS BRITO;62;193;SEDE;EEF MARIA CARMOSINA PINHEIRO RODRIGUES;TRAVESSA ENOCH RODRIGUES, 53
CRATEÚS;20;112;CENTRO;SINDICATO DOS TRABALHADORES RURAIS DE CRATEUS;RUA CEL LUCIO 715
LAVRAS DA MANGABEIRA;14;60;OURO BRANCO- DISTRITO;GRUPO ESCOLAR ROMANA RICARTE;RUA MIGUEL BISPO 114
AQUIRAZ;66;353;CHACARA DA PRAINHA;CEI FERNANDA DE BRITO;RUA JOSILEUDO LEITE, S/N
CRATO;27;132;DOM QUINTINO;CENTRO DE EDUCAÇÃO INFANTIL RAIMUNDO DE SOUSA SOBRINHO;RUA BOA VISTA, 252
SÃO LUÍS DO CURU;23;311;CENTRO-SEDE;E.E.F. PADRE JOSE SINVAL FACUNDO;RUA PEDRO CIPRIANO SN
SOBRAL;24;444;JAIBARAS;ETI VEREADOR JOSÉ MARIA FELIX;RODOVIA DEPUTADOR ELISIO AGUIAR, 183 (CE183)
JAGUARUANA;75;67;CENTRO;E.E.M. FRANCISCO JAGUARIBE (2 GRAU);RUA CEL RAIMUNDO FRANCISCO, 1135
IGUATU;13;21;VILA CIDAO;CAMPUS MULTI-INSTITUCIONAL HUMBERTO TEIXEIRA (URCA/UECE/CENTEC);AV DÁRIO RABELO SN
GENERAL SAMPAIO;50;37;CONJUNTO SÃO JOSÉ;EEMTI EDITE ALCÂNTARA MOTA;RUA DO CAMPO, S/N
JUAZEIRO DO NORTE;119;61;ANTONIO VIEIRA;ESCOLA PREFEITO ANTONIO CONSERVA;CONSTRUTOR JOSE SABINO SN
ASSARÉ;18;114;GENEZARE;ESCOLA DE 1 GRAU JOAQUIM NECO DA COSTA;RUA EUCLIDES BRANDAO  S/N
SOBRAL;121;34;ARACATIAÇU;ETI MARIA DE LOURDES DE VASCONCELOS;RUA MONSENHOR LINHARES, S/N
BREJO SANTO;70;4;CENTRO-SEDE;EEEP BALBINA VIANA ARRAIS;LOTEAMENTO SOL NASCENTE
CARIRIAÇU;71;2;PARAÍSO;EEF JULITA FARIAS;RUA LUIZ BEZERRA S/N
SANTA QUITÉRIA;54;252;PRIMAVERA;E. E. F. LUIZ DERMEVAL DE ANDRADE;BAIRRO PRIMAVERA BOTA FOGO
SÃO BENEDITO;22;255;CENTRO-SEDE;NAEC - NÚCLEO DE ARTE, EDUCAÇÃO E CULTURA - PROFESSOR OSCAR COSTA DE S;RUA CAPITÃO MIRANDA S/N CENTRO
CEDRO;13;500;SANTO ANTÔNIO;ESCOLA DE ENS FUND ANTONIO LAURENIO DE OLIVEIRA;DT SANTO ANTONIO
PIQUET CARNEIRO;12;7;IBICUA;EMEF MESTRE JÚLIO;RUA CORONEL FILEMOM MAGALHÃES, S/N
HORIZONTE;78;416;ZUMBI;EMEF JOSE EDUARDO DE SOUSA;RUA MARIA LUIZA NORONHA - 405
CRATEÚS;20;38;CENTRO;COMPANHIA DE AGUA E ESGOTO DO CEARA - CAGECE;RUA FIRMINO ROSA 769
PORANGA;40;95;CONTENDAS;ESCOLA REUNIDA NOSSA SENHORA DE SANTANA - CONTENDAS;CONTENDAS
SOLONÓPOLE;55;118;CENTRO;PREDIO CASA DO IDOSO;RUA ANTONIO VALTERNO NOGUEIRA
JAGUARETAMA;72;43;SITIO SERROTE BRANCO;E.M.E.F JOSE TEIXEIRA NERES;SITIO SERROTE BRANCO
AURORA;69;122;SITIO CACHOEIRA;ESCOLA FRANCISCO ANDRÉ DE FRANÇA;VILA AGROVILA
MORADA NOVA;47;90;BOA AGUA;EEB MARIA RABELO MARTINS;RUA JULIO MARTINS DA COSTA, 24 - BOA ÁGUA
ITAITINGA;78;295;RIACHÃO;EEF GALDINO ASSUNÇÃO FILHO;RUA LAURA DE SOUSA, 33
BOA VIAGEM;63;54;IPIRANGA;EEF MANOEL GENUINO VIEIRA;IPIRANGA
DEPUTADO IRAPUAN PINHEIRO;55;150;CENTRO;CENTRO ADMINISTRATIVO DA ASSIST. SOCIAL ANT. HOLANDA LIMA;RUA CANDIDO BORGES
ORÓS;15;253;CENTRO;E.E.M. EPITÁCIO PESSOA;AV. JOSÉ GABRIEL BEZERRA, 274
UBAJARA;73;108;CENTRO;ESCOLA  MONS FRANCISCO TARCISIO MELO;AV CEL FRANCISCO CAVALCANTE, SN
CAUCAIA;120;451;BOM PRINCIPIO;E.E.I.E.F. LAURIANO BRAZ XAVIER;BR 020 - KM 36
BARRO;92;30;SANTO ANTONIO-DISTRITO;ESCOLA DE 1 GRAU JOAQUIM ALVES PEREIRA;DISTRITO DE SANTO ANTONIO
SENADOR POMPEU;12;87;SAO JOAQUIM;ASSOCIAÇÃO COMUNITARIA DO SÍTIO ALFERES;SÍTIO ALFERES
CRUZ;30;389;ZONA RURAL;ESCOLA RAIMUNDO LUIZ DA SILVEIRA;CÓRREGO DA POEIRA
GRANJA;25;25;CENTRO;PATRONATO MONSENHOR VITORINO DE OLIVEIRA;RUA CONRADO PORTO, 350
ITAPAJÉ;41;108;PITOMBEIRA;ESCOLA MUNICIPAL ZECA PARAIBA;VILA PITOMBEIRA
CAUCAIA;120;418;COITE PEDREIRA;E.E.I.E.F. SANTA RITA CATARINA;SÍTIO CATARINA
CRATO;27;164;CENTRO;ESCOLA TÉCNICA DO COMÉRCIO;RUA DOUTOR JOÃO PESSOA, 190 - PRAÇA JUAREZ TÁVORA
PALMÁCIA;4;631;CENTRO;UBS SEDE;RUA ILDEFONSO CAMPOS, S/N
UMARI;15;202;CENTRO - SEDE;CENTRO EDUCACIONAL DO PRIMEIRO GRAU PADRE MANOEL PEREIRA;RUA CORONEL ANTONIO MALHEIROS, S/N
MILAGRES;26;112;SITIO TABOCAS;ESCOLA JOAO EVANGELISTA DANTAS;SITIO TABOCAS
BATURITÉ;5;259;MONDEGO-SEDE;CENTRO DE REFERÊNCIA EM ASSISTÊNCIA SOCIAL - CRAS;RUA MAJOR PEDRO CATÃO, 159
TRAIRI;97;192;CHAO DURO;EEF RAIMUNDO NONATO;CHAO DURO
CAMPOS SALES;38;103;DIST. DE BARÃO DE AQUIRAZ;E.E.F.T.I - PRESIDENTE CASTELO BRANCO - DIST. DE BARÃO DE AQUIRAZ;RUA JUSTINO ROCHA, S/N
FORTALEZA;113;117;CENTRO;EEFM FREI LAURO SCHWARTE;RUA ANTÔNIO POMPEU, 2005
CRATO;27;73;PIMENTA;URCA - UNIVERSIDADE REGIONAL DO CARIRI;RUA CORONEL ANTÔNIO LUIZ, 1161
PALMÁCIA;4;637;NOVO BASÍLIO;EEFM RAIMUNDO JACKSON PEREIRA DE SOUZA;RUA ANTONIO HERMINIO, S/N
FORTALEZA;113;431;MONTESE;ESCOLA MUNICIPAL VICENTE FIALHO;RUA IRMA BAZET, 193
MORAÚJO;64;126;CAUAN;CAUÃ - ESCOLA MUN. MARCOS VICENTE DE ABREU;LOCALIDADE DE CAUÃ
GRANJA;25;234;IBUGUAÇU;E.E.F. JOÃO MACHADO;LAGOA DOS MARRECOS
UBAJARA;73;117;CENTRO;COLEGIO IET UBAJARA;RUA 13 DE MAIO
BARBALHA;31;14;CENTRO;ESCOLA BEM-ME-QUER;RUA PADRE IBIAPINA, 485
JAGUARETAMA;72;31;SÍTIO SÃO PEDRO I;CAPELA SANTO EXPEDITO;SÍTIO SÃO PEDRO I
JUAZEIRO DO NORTE;28;495;AREA RURAL DE JUAZEIRO DO NORTE;EMEIF MARIA BERNARDINO MACHADO;SITIO ESPINHO
AMONTADA;89;290;SABIAGUABA;EEBTI FRANCISCO MARTINS NETO;RONCADOR
RERIUTABA;79;115;PRAÇA DA ESTAÇÃO;CRAS - CENTRO DE REFERÊNCIA DE ASSISTÊNCIA SOCIAL;RUA CEL JOSÉ TEODORO, S/N - CENTRO
QUIXERÉ;29;274;SEDE;UNIDADE DE APOIO AO PSF DE BUTICA;BUTICA
PINDORETAMA;7;32;SEDE;EMEB PROFESSORA VERÔNICA PEREIRA DE ARAÚJO;RODOVIA CE-040, S/N, PINDORETAMA
MILAGRES;26;144;FRANCISCA DO SOCORRO;ESCOLA CLICERIO MARTINS PEREIRA;RUA VALADARES
QUIXADÁ;6;224;CIPÓ DOS ANJOS;EEF FRANCISCO TOMAZ NASCIMENTO;VERTENTES, S/N
CRATEÚS;20;15;SÃO VICENTE;CENTRO ADMINISTRATIVO DA PREFEITURA DE CRATEÚS;RUA CEL TOTO, SN
PARACURU;109;222;CUMBI;E.M.E.I.F. MARIA BASILIO BARBOSA;CUMBI, S/N
BARBALHA;31;57;CENTRO;COLÉGIO DOM BOSCO OBJETIVO (CENTRO);RUA ADÃO APOLINÁRIO, S/N
IPUEIRAS;40;160;RIACHO DO SÍTIO;ESCOLA DE PRIMEIRO GRAU FRANCISCO MENDES - RIACHO DO SÍTIO;RIACHO DO SITIO
ORÓS;15;286;IGAROI - DISTRITO;E.E.F. OTILIO RUFINO DE LIMA;RUA NOSSA SRA DAS GRAÇAS, 200
MAURITI;76;38;SÃO FÉLIX-DISTRITO;EEF SÃO JOSÉ;DISTRITO DE SÃO FÉLIX - SAÍDA PARA OLHO D'ÁGUA
IPUEIRAS;40;73;VAGALUME;EEF MANOEL MADEIRO DE CARVALHO - VAGALUME;VAGALUME
BREJO SANTO;70;144;ESPERANCA-SEDE;UNIDADE BÁSICA DE SAÚDE CORAÇÃO DE MARIA;VILA ESPERANÇA
VARJOTA;65;199;VÁRZEA DA PALHA;E.E.I.F.FRANCISCO PEREIRA DA COSTA;VÁRZEA DA PALHA - ZONA RURAL
CAMPOS SALES;38;173;ZONA RURAL;E.E.I.F JOAQUIM FRANCISCO DA SILVA - SITIO ALÍVIO;SÍTIO ALÍVIO
FORTALEZA;80;258;TAUAPE;SALÃO PAROQUIAL SÃO JOAO DO TAUAPE;RUA MONSENHOR SALAZAR, 279
FORTALEZA;3;18;CENTRO;COLÉGIO 7 DE SETEMBRO (SEDE NGS);AV. DO IMPERADOR, 1330
MORAÚJO;64;142;CENTRO;MORAÚJO - ESCOLA ESTADUAL HUET ARRUDA;TRAVESSA CECÍLIA FREIRE, S/N - CENTRO
PIQUET CARNEIRO;12;141;IBICUA;EMEF MESTRE JÚLIO;RUA CORONEL FILEMOM MAGALHÃES, S/N
FORTALEZA;82;679;CARLITO PAMPLONA;EEMTI JOSÉ VALDO RIBEIRO RAMOS;RUA PEDRO AMÉRICO, 100
FORTALEZA;82;578;PIRAMBU;ESCOLA MUNICIPAL SÃO CURA D'ARS;RUA SANTA ELISA, 722
AMONTADA;89;128;ICARAÍ;EEBTI MARIA ALVES SOBRINHA;PRAÇA DA MATRIZ
VÁRZEA ALEGRE;62;3;CENTRO;EEM JOSÉ CORREIA LIMA;AV. LUIS AFONSO DINIZ, 213
FORTALEZA;80;341;JOAQUIM TÁVORA;COLÉGIO ANTARES IRMÃ MARIA (ANTIGO IRMÃ MARIA MONTENEGRO);RUA PINHO PESSOA 681
BEBERIBE;84;43;SERRA DO FELIX;ESCOLA MUNICIPAL GREGORIO BEZERRA DA SILVA;LAGOA QUEIMADA
MARANGUAPE;4;590;PARQUE SÃO JOÃO - MARANGUAPE;EMEIEF FRANCISCO SARAIVA DE OLIVEIRA;RUA ANTONIO ALVES CAVALCANTE SN
SÃO LUÍS DO CURU;23;309;CENTRO-SEDE;E.E.F. PADRE JOSE SINVAL FACUNDO;RUA PEDRO CIPRIANO SN
FORTALEZA;116;464;GRANJA LISBOA;EM ULISSES GUIMARAES;RUA TENENTE FRANCISCO PAIVA 1350
SÃO BENEDITO;22;74;SITIO JUSSARA;EEF CICERO CLEMENTINO DE MEDEIROS;SITIO JUSSARA
MISSÃO VELHA;16;15;SEDE;SECRETARIA DE TRABALHO E ASSISTÊNCIA SOCIAL (ANTIGO CSU);RUA PADRE CICERO, 204. CENTRO.
EUSÉBIO;88;134;CARARU;EEF RAIMUNDO NONATO DA SILVA - CARARU;RUA FRANCISCO DOMINGOS, S/N - CARARU
MARANGUAPE;4;96;JUBAIA;EMEF LEONOR DE CASTRO BORGES;RUA ANTÔNIA BOTELHO, 83
LIMOEIRO DO NORTE;29;53;ÁREA RURAL;POSTO DE SAÚDE FRANCISCO CÂNDIDO DA COSTA;SITIO SAQUINHO
FORTALEZA;114;255;BARRA DO CEARÁ;EEEP PAULO PETROLA;RUA SAUDÁRIA, S/N - GOIABEIRAS
BARBALHA;31;84;CENTRO;EEM ADAUTO BEZERRA;RUA MAJOR SAMPAIO, 75
BARBALHA;31;19;CENTRO;COLÉGIO NOSSA SENHORA DE FÁTIMA;RUA DA MATRIZ, 258
ARARENDÁ;48;122;RAMADINHA;E. E. F.  ANTONIO DE SOUSA BARROS;LOCALIDADE DE RAMADINHA
SENADOR SÁ;45;56;CENTRO;GE CORONEL APOLIANO;RUA PADRE DELMONT S/N
AURORA;69;65;MOCOS-SITIO;POSTO DE SAÚDE (MOCÓ);SITIO MOCÓ
CASCAVEL;7;78;CHORO VAQUEJADOR;E.E.F. FRANCISCO SILVA DE FREITAS (CHORO VAQUEJADOR);CE 040 CHORO VAQUEJADOR
ACOPIARA;60;132;CENTRO;EEF DR. HUGO DE GOUVEIA SOARES;RUA JOSE PAULINO, SN
SANTA QUITÉRIA;54;83;DISTRITO DE TRAPIÁ;ESCOLA DE ENSINO MÉDIO JOÃO DE MESQUITA BRAGA;DISTRITO DE TRAPIÁ
MARACANAÚ;104;141;JEREISSATI I;EMEIEF DEPUTADO JOSÉ MARTINS RODRIGUES;RUA QUARENTA A, 287
SANTANA DO ACARAÚ;44;159;ALTO DA LIBERDADE;ESCOLA DE ENSINO FUNDAMENTAL SANTA TEREZINHA;PRACA DA LIBERDADE S/N
FORTALEZA;112;349;CIDADE DOS FUNCIONÁRIOS;IGREJA DA GLÓRIA;AV OLIVEIRA PAIVA, 905
FORTALEZA;85;138;CONJUNTO CEARÁ I;COLÉGIO LUÍZA TÁVORA;RUA 1050, N 171, 4 ETAPA
MAURITI;76;95;UMBURANAS-DISTRITO;EEF MAJOR JOAQUIM ANTONIO FURTADO;RUA JOSÉ OZÁRIO, S/N
FORTALEZA;3;443;ALDEOTA;INSTITUTO CEARENSE DE EDUCAÇÃO DE SURDOS - ICES;AV. RUI BARBOSA, 1970
FORTALEZA;1;481;VARJOTA;COLEGIO FARIAS BRITO - PRÉ UNIVERSITARIO - JULIO ABREU;AVENIDA JULIO ABREU, 284
PACAJUS;49;398;CONJUNTO COHAB;EEM DIONE MARIA BEZERRA PESSOA;AV. JOSE LOPES DE MESQUITA
PACAJUS;49;110;CENTRO;SINDICATO DOS TRABALHADORES RURAIS DE PACAJUS;RUA TABELIAO JOSE GAMA FILHO SN - CENTRO
BOA VIAGEM;63;62;OLHO DAGUA DOS BEZERRIL-IBUACU;EEF MANOEL SARAIVA DE SOUZA;RUA MANOEL BEZERRIL S/N
FORTALEZA;112;533;ENGENHEIRO LUCIANO CAVALCANTE;CENTRO UNIVERSITÁRIO 7 DE SETEMBRO - UNI 7 (FA7);AV. ALMIRANTE MAXIMINIANO DA FONSECA, 1395
JUAZEIRO DO NORTE;119;30;FREI DAMIAO;ESCOLA MARIO DA SILVA BEM;RUA VEREADOR RAIMUNDO JOSÉ DA SILVA
JUAZEIRO DO NORTE;119;275;TIRADENTES;E.M.E.I. PROFESSORA ASSUNÇÃO GONÇALVES (CRECHE);RUA PROFESSORA IVANY FEITOSA, SN
FORTALEZA;3;418;ALDEOTA;UNICHRISTUS ALDEOTA;RUA VISCONDE DE MAUÁ, 1940
ANTONINA DO NORTE;18;74;CASTELO BRANCO;ESCOLA MUNICIPAL FRANCISCO MENDES E SILVA;AV CENTRAL SN
AIUABA;101;2;CENTRO;EEM JOSÉ FERREIRA BARBOSA;RUA 7 DE SETEMBRO S/N
MOMBAÇA;46;158;CENTRO;CENTRO PASTORAL DOM JOSÉ DOTH;RUA CAPITÃO ROCHA ANDRADE, S/N
FORTALEZA;80;275;VILA UNIÃO;ESCOLA MUNICIPAL HAROLDO JORGE BRAUN VIEIRA;AV LAURO VIEIRA CHAVES, 2001
FORTIM;8;101;PONTAL DE MACEIO;EEFTI. PROFESSORA EMILIA QUEIROZ;PONTAL DE MACEIO
MARACANAÚ;104;287;JEREISSATI I;EMEIEF MARIA ÍSIS MENEZES ANDRADE;RUA ANTÔNIA ARAÚJO FERREIRA, S/N
MARACANAÚ;104;401;PAJUÇARA;EMEIEF SINFRONIO PEIXOTO DE MORAIS;RUA JULIO MENDES, 255
FORTALEZA;113;176;BENFICA;FEAAC - UFC;AV. DA UNIVERSIDADE, 2431
CARIRÉ;65;28;ZONA RURAL;ESCOLA EIEF RAIMUNDA FERREIRA DO NASCIMENTO;CAVEIRA
JUAZEIRO DO NORTE;119;249;TIRADENTES;ESCOLA CAROLINA SOBREIRA;RUA JOSE SABIA SN
GUAIÚBA;57;54;CENTRO;EEBM JOSE CABRAL DE ARAUJO;RUA PEDRO AUGUSTO 91
QUIXELÔ;13;220;ÁREA RURAL DE QUIXELÔ;ESCOLA DE ENS FUND JOÃO PEDRO DE ARAÚJO;PAUS DE LEITE DA CARRANCUDA-SITIO
FORTALEZA;83;438;BELA VISTA;ESCOLA MUNICIPAL DE TEMPO INTEGRAL PROFESSOR JOSE JULIO DA PONTE;RUA MARIO DE ANDRADE, S/N
FORTALEZA;113;22;BENFICA;IFCE - INST FEDERAL DE CIÊNCIA E TECNOLOGIA (CEFET);AV. 13 DE MAIO, 2081
ITAPAJÉ;41;252;SANTA RITA-SEDE;ESCOLA PREFEITO LUIS FORTE DA SILVA;RUA ALVARO BASTOS SN
IPUEIRAS;40;3;ENGENHEIRO JOÃO TOMÉ;EEF APRÍGIO CAMELO DE PAIVA - ENGENHEIRO JOÃO TOMÉ;RUA DOUTOR BRANDÃO, S/N
FORTALEZA;85;328;CONJUNTO CEARÁ I;EEFM DR UBIRAJARA INDIO DO CEARA - UV-7A;RUA SETECENTOS E CINQUENTA E UM, 192, 3A ETAPA
SALITRE;38;105;ZONA RURAL, SALITRE/CE;E.E.I.F. ANTONIO PEREIRA DE ALENCAR - SÍTIO MILHANS DO SUL;SÍTIO MILHANS DO SUL
IBARETAMA;6;221;DISTRITO DE PIRANGI;EMEIF ANTÔNIO CANDIDO DE LIMA;TRAVESSIA - DISTRITO DE PIRANGI
POTENGI;68;65;CENTRO;EEFM MENEZES PIMENTEL - SEDE;RUA SEVERINO PAULINO, 230 - BAIRRO SÃO FRANCISCO
ACARAÚ;30;348;BAILARINA;ESCOLA PROF. JOELINA RIBEIRO RAMOS VIANA;RUA NEON SALES SN
TRAIRI;97;34;CAJAZEIRAS;EEB PAULINO RIBEIRO DA SILVA;CAJAZEIRAS
FORTALEZA;83;797;JÓQUEI CLUBE;CENTRO UNIVERSITÁRIO ESTÁCIO - CAMPUS PARANGABA;AVENIDA SENADOR FERNANDES TÁVORA, 137
FORTALEZA;118;293;PASSARÉ;EM FRANCISCO ANDRADE TEOFILO GIRAO;RUA UNIDOS VENCEREMOS, 2040
FORTALEZA;118;429;PASSARÉ;EM FRANCISCO ANDRADE TEOFILO GIRAO;RUA UNIDOS VENCEREMOS, 2040
FORTALEZA;116;305;GRANJA PORTUGAL;EM EDUCADOR PAULO FREIRE;RUA CORONEL FABRICIANO 452
GUARACIABA DO NORTE;74;13;SEDE;ESCOLA MUNICIPAL D PEDRO I;RUA 12 DE MAIO - CENTRO
GUARACIABA DO NORTE;74;63;SEDE;INSTITUTO PROMOCIONAL BENJAMIM SOARES (PATRONATO);RUA PADRE BERNARDINO MEMORIA - CENTRO
PARAMBU;19;349;OITICICA;ESCOLA JOSEFA PEREIRA DE SENA;OITICICA
FORTALEZA;113;282;JARDIM AMÉRICA;EMEIF MOZART PINTO;RUA JORGE DUMMAR, 2078
ICÓ;15;90;CENTRO - SEDE;ESCOLA MUNICIPAL PROFESSORA LOURDES COSTA;AV ILIDIO SAMPAIO,1571
JUAZEIRO DO NORTE;28;153;AREA RURAL DE JUAZEIRO DO NORTE;EMEIF MARIA BERNARDINO MACHADO;SITIO ESPINHO
TAMBORIL;61;61;DISTRITO DE AÇUDINHO;EMTI LUIZ GONZAGA AMBRÓSIO;VILA AÇUDINHO
BREJO SANTO;70;256;ALTO DA BELA VISTA;CEI ROSA ROBERTO;ALTO DA BELA VISTA
INDEPENDÊNCIA;39;142;TRANQUEIRAS;E.E.F. VIRGILIO TAVORA;POVOADO TRANQUEIRAS
EUSÉBIO;88;184;PARQUE HAWAÍ;CENTRO DA 1ª INFÂNCIA (POLO EDUARDO SÁ - ABC);RUA PIONEIRO S/N
FORTALEZA;80;313;DIONISIO TORRES;COLÉGIO CHRISTUS - DIONÍSIO TORRES;RUA ISRAEL BEZERRA 630
BARBALHA;31;77;SÍTIO LAGOA;EMEIF SANTA LUZIA (SÍTIO LAGOA);SITIO LAGOA, S/N (7.27846 S, 39.29025 W)
MARANGUAPE;4;619;CACIMBÃO - LADEIRA GRANDE;EMEIEF HONÓRIO ANTÔNIO DE ABREU;AV. MANOEL HONÓRIO DE ABREU, SN
JAGUARIBE;10;11;CENTRO;COLEGIO CARMELA DUTRA;AV OITO DE NOVEMBRO 1087
JAGUARIBE;10;78;SÍTIO FECHADO;GRUPO ESCOLAR MUNICIPAL ELIZIARIO GOMES DE MELO;SITIO FECHADO
FORTALEZA;116;267;GRANJA PORTUGAL;EEFM SAO FRANCISCO DE ASSIS - GRANJA PORTUGAL;RUA NEREIDE 320
TABULEIRO DO NORTE;91;2;CENTRO;ESCOLA DE 1 E 2 GRAUS FRANCISCO MOREIRA FILHO;RUA MANOEL FRANKLIN, 5033
GRANJA;25;34;SANTA TEREZINHA;E.E.F. SENADOR OLAVO OLIVEIRA;AV. PREF. FRANCISCO SOUSA, 71
CARIRIAÇU;71;32;FEITOSA;EEF JOAQUIM ALVES FEITOSA;VILA FEITOSA
FORTALEZA;112;475;SAPIRANGA-COITÉ;EM IRMA SIMAS;RUA JOSE SOBREIRA, 608
SABOEIRO;43;279;SACO DOS ANTUNES;E.E.F. JOANA MARIA DA CONCEICAO;SITIO SACO DOS ANTUNES
INDEPENDÊNCIA;39;46;MONTE SINAI;E.E.F. JOAQUIM FERREIRA VIANA;RUA DA MATRIZ
SÃO GONÇALO DO AMARANTE;36;71;PECEM-DISTRITO;ESCOLA DE ENSINO FUNDAMENTAL E MEDIO EDITE ALCANTARA MOTA;PECEM
SÃO GONÇALO DO AMARANTE;36;262;PECEM-DISTRITO;ESCOLA DE ENSINO FUNDAMENTAL EUCLIDES PEREIRA GOMES;TRAVESSA MARCIONILIA SAMPAIO S/N
BARROQUINHA;108;62;DISTRITO BITUPITÁ;EEF SANTA ADELAIDE;RUA DO COMERCIO S/N
OCARA;67;202;ARISCO DOS MARIANOS-DISTRITO;ESCOLA MUNICIPAL JOSE REGO FALCAO - ENSINO FUNDAMENTAL;ACUDE DOS REGOS
CAUCAIA;37;484;MESTRE ANTONIO;E.E.F. NELY CAULA DE CARVALHO;RUA LUIS GOMES DA SILVA, S/N
FORTALEZA;82;640;MONTE CASTELO;CENTRO EDUCACIONAL SÃO MATEUS;AV. SARGENTO HERMÍNIO SAMPAIO, 2440
SANTANA DO ACARAÚ;44;161;SÃO BENTO;ESCOLA DE ENSINO FUNDAMENTAL SANTA MARIA;SÃO BENTO
ARACATI;8;302;ALTO DA CHEIA;E.E.F. ADOLFO CAMINHA;RUA B, S/N. COHAB
QUIXADÁ;6;4;CENTRO;EEF TERRA DOS MONÓLITOS;RUA JOSE DE QUEIROZ PESSOA, 1902
MONSENHOR TABOSA;61;106;CENTRO;E.E.M.T.I GOVERNADOR ADAUTO BEZERRA;RUA SAO SEBASTIÃO N 39 - PERTO DA CADEIA PÚBLICA
SANTANA DO ACARAÚ;44;57;ALTO DA LIBERDADE;ESCOLA DE ENSINO FUNDAMENTAL SANTA TEREZINHA;PRACA DA LIBERDADE S/N
CANINDÉ;33;274;ZONA RURAL;EMEF FELICISSIMO BARROSO;LOCALIDADE DE SITIO ANDRE
MARANGUAPE;4;622;PARQUE SÃO JOÃO - MARANGUAPE;EMEIEF FRANCISCO SARAIVA DE OLIVEIRA;RUA ANTONIO ALVES CAVALCANTE SN
JAGUARIBE;10;21;DISTRITO DE MAPUÁ;E.E.F. RAIMUNDO LIMA GOMES;RUA FRANCISCO ALVES MORAIS 794
JAGUARIBE;10;10;CENTRO;COLEGIO CARMELA DUTRA;AV OITO DE NOVEMBRO 1087
QUITERIANÓPOLIS;99;92;CENTRO;EEF CÍCERO RODRIGUES BEZERRA;AV LAURINDO GOMES  SN
IPUEIRAS;40;36;CENTRO;ESCOLA DE ENSINO FUNDAMENTAL JOSÉ ALOÍSIO ARAGÃO - CENTRO;RUA CORONEL MALAQUIAS, 36
QUIXERAMOBIM;11;285;JOSE AURELIO CAMARA;ESCOLA CEL VIRGILIO TAVORA- CIDADE;RUA FAUSTO COSTA 180
FORTALEZA;82;117;CRISTO REDENTOR;CCDH - CENTRO DE CIDADANIA E DIR. HUMANOS - GOV. VIRGÍLIO TÁVORA;AV. MONSENHOR HELIO CAMPOS, 178
FORTALEZA;112;360;PARQUE MANIBURA;COLÉGIO ÁGAPE;AV HERMINIO DE CASTRO, 140
ARACATI;8;46;NOSSA SENHORA DE LOURDES;EEMTI. BENI CARVALHO;RUA BENI CARVALHO 1679
MOMBAÇA;46;121;SEDE;ESCOLA DE ENSINO FUNDAMENTAL FRANCISCA CASTELO TEIXEIRA;SÍTIO PIÇARREIRA
JUAZEIRO DO NORTE;28;343;SAO MIGUEL;CENTRO CEARENSE DE IDIOMAS - CCI;RUA QUINZE DE NOVEMBRO S.N.
IRAUÇUBA;41;243;CAMPINAS;ESCOLA MUNICIPAL MANOEL COELHO DA CRUZ;CAMPINAS
CAUCAIA;120;149;CARAUCANGA;E.E.I.E.F. FRANCISCO NOGUEIRA DA MOTA;CARAUCANGA - BR 020
IPU;21;95;DISTRITO;E.M.E.F. FUNDAÇÃO MARTINS;LAGES
PARACURU;109;53;CAMPO DE AVIAÇÃO;E. M. E. I. F. PROFESSORA MARIA ALBUQUERQUE LIMA - DINA;AV. SAO JOAO EVANGELISTA, 385
TAUÁ;19;184;BEZERRA E SOUZA;CENTRO DE EDUCAÇÃO, CIÊNCIAS E TECNOLOGIA - CECITEC;RUA SOLON MEDEIROS, S/N - BR 020
TAUÁ;19;223;CARRAPATEIRAS;EEF FRANCISCO BARBOSA;INGA
PARAMBU;19;315;VILA NOVA;ESCOLA FRANCISCA CARVALHO NORONHA;RUA SÃO FRANCISCO, S/N
TRAIRI;97;125;OLHO DAGUA;EEF DOM BOSCO;OLHO DAGUA
QUIXERAMOBIM;11;277;BELEM;ESCOLA DOMINGOS MOREIRA DA SILVA;ASSENTAMENTO CRISANTEMO
CARIRÉ;65;34;ZONA RURAL;ESCOLA EIEF LUCAS RODRIGUES DE BRITO;DISTRITO ALTO DOS HONORIOS
SÃO LUÍS DO CURU;23;319;CENTRO-SEDE;E.E.F. PROFESSORA MARIA DE LOURDES BRAGA;RUA HUGO ROCHA SN
MARACANAÚ;104;214;JEREISSATI I;EMEIEF MARIA ÍSIS MENEZES ANDRADE;RUA ANTÔNIA ARAÚJO FERREIRA, S/N
MORADA NOVA;47;188;CENTRO;LOJA MACONICA LUZ DA INDEPENDENCIA;RUA LUIZ SATURNINO DE MATOS S/N
JARDIM;119;322;JARDIM MIRIM;ESCOLA MONSENHOR ALCANTARA;DISTRITO DE JARDIM MIRIM
IPAUMIRIM;92;109;CENTRO-SEDE;E.E.M.T.I. DOM FRANCISCO DE ASSIS PIRES;RUA VEREADOR HIGINO DINIZ, 110
PARAMBU;19;360;BELEZA;ESCOLA CICERO FERREIRA DOS SANTOS;RUA ANTONIO BEZERRA, 28
FORTALEZA;116;6;GRANJA LISBOA;CAIC - MARIA ALVES CARIOCA;RUA GUARAREMA 690
MARANGUAPE;4;103;URUCARÁ - MARANGUAPE;EMEIEF LUIZ ALBANO DA COSTA;AVENIDA JOAQUIM LOPES DE ABREU, S/N
TABULEIRO DO NORTE;91;80;CENTRO;ESCOLA  ANTÔNIO ALVES MAIA;RUA CEL. PIO GADELHA, 4683
CAUCAIA;37;24;CENTRO;E.E.F. BRANCA CARNEIRO DE MENDONCA;PRACA DA MATRIZ, 666
UBAJARA;73;102;CENTRO;ESCOLA GRIJALVA COSTA;RUA JOSE RUFINO PEREIRA, 180
URUBURETAMA;23;126;MUNDAÚ / ZONA RURAL;EEF MARGARIDA MARIA B VASCONCELLOS;MUNDAU
MARCO;96;147;LOCALIDADE DE TRIANGULO DO MARCO;EEF SAO FRANCISCO;RUA ZENAIDE OSTERNO, SN
SOBRAL;121;63;DOM EXPEDITO;EEMTI SINHÁ SABOIA;RUA HELIO ARRUDA COELHO ESQUINA COM DOM EXPEDITO
AMONTADA;89;199;ICARAÍ;SALÃO COMUNITARIO TEOFILO CECILIO;CÓRREGO JOÃO LUÍS
IPU;21;144;DISTRITO;EMEB FRANCISCO CARVALHO DE ARAGÃO;OLHO D'AGUINHA
IPU;21;159;SEDE;EEMTI DELMIRO GOUVEIA;AV MILTON CARVALHO 1171 - CAIXA DAGUA
AMONTADA;89;119;GARÇAS;EEM LIDIA CARNEIRO DE BARROS;GARÇAS
PENTECOSTE;50;215;ACAMPAMENTO;EMTI FRANCISCO SÁ;AVENIDA DR. JOSÉ DE BORBA VASCONCELOS, 672
IPUEIRAS;40;22;AMÉRICA;ESCOLA DE ENSINO FUNDAMENTAL MARIANO MARINHO DE OLIVEIRA - AMÉRICA;AMÉRICA
MARANGUAPE;4;107;NOVO MARANGUAPE I (ÁREA VERDE) - MARANGUAPE;EMEF JOSÉ FERNANDES VIEIRA;RUA PEDRO MOREIRA VASCONCELOS, 125
ACARAÚ;30;200;CENTRO;CVT - CENTRO VOCACIONAL TECNOLOGICO;AV. JOSÉ GIFFONI DA SILVEIRA, 1000
EUSÉBIO;88;255;CARARU;EEF RAIMUNDO NONATO DA SILVA - CARARU;RUA FRANCISCO DOMINGOS, S/N - CARARU
TIANGUÁ;81;61;SEMINÁRIO;FACULDADE VIA SAPIENS;AVENIDA PREFEITO JACQUES NUNES, 1739
VÁRZEA ALEGRE;62;125;CANINDEZINHO;EEF JOSÉ ALVES DE MENEZES;SÍTIO BOM JESUS
SOLONÓPOLE;55;95;SAO JOSE;E. M. E. B. PROFA. MARIA NERY FIALHO;RUA MARIA NEÓZIA DE CARVALHO LEANDRO, S/N
FORTALEZA;116;388;BONSUCESSO;EM FRANCISCA FERNANDES MAGALHAES (COLÉGIO CASTRO);RUA OLIVEIRA SOBRINHO, 1031
FORTALEZA;85;378;CONJUNTO CEARÁ I;ESCOLA PE JOSE ARIMATEIA DINIZ;RUA OITOCENTOS E DEZ, S/N, 3A ETAPA (AO LADO DA UPA)
FORTALEZA;94;841;JARDIM GUANABARA;EMEIF LORHAN MARQUES MEDEIROS;RUA CREUZA ROCHA, 255
PARAMBU;19;299;SEDE;ESCOLA JOSÉ FIRMINO LÔ;FACUNDO
IBIAPINA;73;196;SÍTIO JUREMA NORTE;ASSOCIAÇÃO DOS MORADORES DO SÍTIO JUREMA NORTE;JUREMA NORTE
CARIÚS;43;150;CENTRO-SEDE;EEFM ADAHIL BARRETO;PRACA DA REPUBLICA
FORTALEZA;80;233;TAUAPE;EMEIF PROFª ANTONIETA CALS;RUA MONSENHOR SALAZAR 1480
RUSSAS;9;282;CENTRO;ESCOLA MUNICIPAL JOSE RAIMUNDO DE DEUS;AVENIDA IRMÃ MARIA DA GRAÇA
JAGUARIBE;10;27;DISTRITO DE FEITICEIRO;E.E.I.F. MARIA ENEIDA PEIXOTO SOARES;RUA FRANCISCO GUIMARAES PEIXOTO 714
FORTALEZA;116;208;GRANJA LISBOA;EM ULISSES GUIMARAES;RUA TENENTE FRANCISCO PAIVA 1350
MONSENHOR TABOSA;61;139;CENTRO;ESCOLA INDÍGENA DE MONSENHOR TABOSA;RUA SANTO ANTONIO 124
FORTALEZA;113;66;DAMAS;COLÉGIO JUVENAL DE CARVALHO;AV. JOÃO PESSOA, 4279
JUAZEIRO DO NORTE;119;400;JOAO CABRAL;ESCOLA IVA EMIDIO GONDIM;PIO NOROES SN
SÃO GONÇALO DO AMARANTE;36;78;VARZEA REDONDA;ESCOLA DE ENSINO FUNDAMENTAL JOAQUIM PACHECO MENEZES;VARZEA REDONDA
FORQUILHA;121;216;TRAPIÁ;EEFI EDUARDO CAVALCANTE ARAGAO;DISTRITO DE TRAPIA
GUAIÚBA;57;88;CENTRO;EEBM MANUEL BALTAZAR DE FREITAS;RUA LEIRIA DE ANDRADE 409
SANTA QUITÉRIA;54;233;PIRACICABA;CRECHE DONA JÚLIA DE MESQUITA LÔBO;RUA TABELIÃO FRANCISCO DE PAULA LÔBO, SN.
LIMOEIRO DO NORTE;29;41;CENTRO;EEM LAURO REBOUCAS DE OLIVEIRA;RUA DOS EXPEDICIONARIOS 2921
VÁRZEA ALEGRE;62;110;SEDE RURAL;EEIF JOÃO GONÇALVES BEZERRA;SITIO ATOLEIRO
ARARIPE;68;9;CENTRO;ESCOLA NIURA MARIA DE ALENCAR - SEDE;RUA ANTONIO HENRIQUE DE LIMA, S/N
ICAPUÍ;8;309;PRAIA DE REDONDA;ESCOLA HORIZONTE DA CIDADANIA;PRAIA DE REDONDA
QUIXADÁ;6;376;CAMPO NOVO;EEM ABRAÃO BAQUIT;RUA REGINALDO LOPES, S/N
SABOEIRO;43;240;CENTRO;E.E.F. MANOEL GONCALVES DOS SANTOS (MUNICIPAL);RUA PRACA DA BANDEIRA, 109
SOLONÓPOLE;55;9;CENTRO;E.E.I.E.F. BOM JESUS;AV PREF. JOSE SIFREDO PINHEIRO S/N
FORTALEZA;82;92;MONTE CASTELO;EM PROFESSOR MARTINZ DE AGUIAR;RUA BERNARDO PORTO, 470
FORTALEZA;116;296;GRANJA PORTUGAL;EEFM SAO FRANCISCO DE ASSIS - GRANJA PORTUGAL;RUA NEREIDE 320
GUARACIABA DO NORTE;74;9;CENTRO;CENTRO PASTORAL NOSSA SENHORA DOS PRAZERES;R. CEL.CLÍNIO MEMÓRIA, 281 - CENTRO
BARRO;92;54;SITIO BALSAMO;ESCOLA JOSE VICENTE DA SILVA;SITIO BALSAMO
FORTALEZA;94;700;VILA VELHA;EEMTI DONA MARIA MENEZES DE SERPA;RUA DOUTOR QUIXADA FELICIO 141
OCARA;67;257;BOA ESPERANÇA;ESCOLA MUNICIPAL RAIMUNDO DOS SANTOS LESSA;BOA ESPERANÇA
MARACANAÚ;122;166;ALTO ALEGRE II;EMEIEF SANTA EDWIRGES;RUA PAULO AFONSO 1840
FORTALEZA;83;737;HENRIQUE JORGE;EEMTI ANTONIETA SIQUEIRA;RUA GUARANI 04
SANTANA DO ACARAÚ;44;127;PEBA I;GRUPO ESCOLAR MIGUEL ARCANJO DA MOTA;PEBA I
SENADOR POMPEU;12;150;PAVAOZINHO;CENTRO DE REFERÊNCIA DE ASSISTÊNCIA SOCIAL CRAS II (ANTIGO MUNDO FELIZ;RUA GEMINIANO VITORIANO DE OLIVEIRA S/N
CAMOCIM;32;188;ZONA RURAL;ESCOLA JOSE NAZUZA DIAS - PESQUEIRO;LOCALIDADE DE PESQUEIRO
SANTA QUITÉRIA;54;205;PEREIROS;CRECHE COMUNITARIA MARIA DO SOCORRO PESSOA CATUNDA;PEREIROS
RUSSAS;9;168;ZONA RURAL;ESCOLA MUNICIPAL PE MARCONDES MATOS CAVALCANTE;JARDIM DE SAO JOSE
FORTALEZA;116;127;GRANJA PORTUGAL;EEFM PROF JOCIE CAMINHA DE MENEZES;RUA ITU 120
BEBERIBE;84;65;PARAJURU;ESCOLA MUNICIPAL MONSENHOR JOAQUIM DE JESUS DOURADO;RUA MONSENHOR DOURADO SN - CENTRO
VIÇOSA DO CEARÁ;35;47;ZONA RURAL;E.E.F JOÃO EUCLIDES DE MORAIS;VILA JUA DOS VIEIRAS SN
UMARI;15;220;PIO X - DISTRITO;EEF JOSE GUSTAVO PINHEIRO;DISTRITO PIO X
IPUEIRAS;40;209;SITIO TROMBETAS;ASSOCIAÇÃO DOS MORADORES QUILOMBOLAS DE SITIO TROMBETAS;SITIO TROMBETAS
QUIXADÁ;6;17;VÁRZEA DA ONÇA;EEF ANTÔNIO RODRIGUES DE LIMA;LAGOA DA PEDRA, S/N
BARBALHA;31;12;CIROLÂNDIA;EEF CESAR CALS DE OLIVEIRA (CIROLÂNDIA);RUA JOSÉ COELHO CORREIA, S/N (7.32321 S, 39.29880 W)
BELA CRUZ;96;10;CENTRO-SEDE;EEEP JULIO FRANÇA;RUA CEL. DUCA, 1051
CARIDADE;111;81;SAO DOMINGOS;EEI FRANCISCO DE MOURA BARROS;RUA VICENTE DE PAULA FONSECA, S/N, SAO DOMINGOS
AMONTADA;89;162;NASCENTE;EEB NOSSA SENHORA DA CONCEIÇÃO;VARZEA DA CAL
CANINDÉ;33;1;CENTRO;COLEGIO ESTADUAL PAULO SARASATE;RUA JOAQUIM MAGALHAES 100
TAUÁ;19;235;SEDE;ESCOLA MARIA DE DEUS ALVES FEITOSA;CENTRAL II
IBARETAMA;6;30;DISTRITO DE PIRANGI;EEF ANTONIO VIEIRA DA SILVA;BASTIOES
TABULEIRO DO NORTE;91;12;CENTRO;CRECHE MARIA ANALIA DE LIMA;RUA MANOEL FRANKLIN,  4117
ITAPAJÉ;41;130;PADRE LIMA;E.E.M. MONSENHOR CATAO PORFIRIO SAMPAIO;RUA TEIXEIRA PINTO 136
IPAUMIRIM;92;117;CENTRO-SEDE;E.E.M.T.I. DOM FRANCISCO DE ASSIS PIRES;RUA VEREADOR HIGINO DINIZ, 110
TAUÁ;19;53;COLIBRIS;ESCOLA DONDON FEITOSA;RUA JORNALISTA HELDER FEITOSA S/N
GRAÇA;79;138;SITIO TAQUARI;GRUPO ESCOLAR FRANCISCO HONORATO DE SOUSA;SITIO TAQUARI
FORTALEZA;113;381;PARQUELÂNDIA;CRECHE ESPACO E VIDA;RUA PEDRO DE QUEIROZ, 532
FORTALEZA;83;781;DOM LUSTOSA;ESCOLA MUNICIPAL MURILO SERPA;RUA MONSENHOR HIPOLITO BRASIL 1400
FORTALEZA;113;165;BOM FUTURO;ESC. PROFISSIONAL PE. JOÃO PIAMARTA;RUA PADRE JOÃO PIAMARTA, 161
MARANGUAPE;4;413;SANTOS DUMONT - MARANGUAPE;CEI SOFIA DE ABREU CORDEIRO;RUA JOSÉ DE OLIVEIRA, 805
PARACURU;109;31;JARDIM DO MEIO;E. M. E. I. F. MARIA YOLANDA BARROSO;JARDIM DO MEIO
BREJO SANTO;70;420;SAO FRANCISCO-SEDE;LICEU PROFESSOR JOSÉ TELES DE CARVALHO;AV. ANTONIO FLORENTINO DE ARAUJO 800
IBARETAMA;6;178;DISTRITO DE PEDRA E CAL;EMEIF ESTEVÃO DE SOUSA FREIRE;DISTRITO DE PEDRA E CAL
MARACANAÚ;104;430;PAJUÇARA;EEEP MARIA CARMEM VIEIRA MOREIRA;RUA MARIA FERREIRA, 150
FORQUILHA;121;236;EDMUNDO RODRIGUES;EEFM ELZA GOERSCH;AV CRIANÇA DANTE VALERIO S/N CENTRO
PACOTI;5;173;CENTRO-SEDE;INSTITUTO MARIA IMACULADA;RUA IRMA FERRAZ 518
ICÓ;15;50;CENTRO - SEDE;CEJA - ANA VIEIRA PINHEIRO;RUA DONA ALDERY, 324
AIUABA;101;72;BELA VISTA;GRUPO ESCOLAR OTONIO ANDRADE;RUA MARIA PASTORA DE ANDRADE, S/N
APUIARÉS;50;5;CONJUNTO FRANCISCO BERNARDO;EEF MATILDE BARBOSA GOIS;RUA JOSÉ NOJOSA FREITAS, 100
JUCÁS;43;103;POÇO GRANDE - VILA;ESCOLA DE 1 GRAU CAMILO MANOEL DA SILVA;VILA DO POÇO GRANDE
SANTANA DO ACARAÚ;44;78;CENTRO;PREFEITURA MUNICIPAL DE SANTANA DO ACARAU;AVENIDA SAO JOAO   57
BEBERIBE;84;60;SERRA DO FELIX;CENTRO DE EDUCACAO MUNICIPAL BETESDA;BR-116 KM 111 - BOQUEIRAO DO CESARIO
BAIXIO;92;88;CENTRO - SEDE;E.E.M.T.I. MONSENHOR HORACIO TEIXEIRA;RUA MARIA DA GLORIA S/N
PEREIRO;10;141;SITIO LAGOA DOS MARINHEIROS;GRUPO ESCOLAR FRANCISCO DAS CHAGAS DE AQUINO;SITIO LAGOA DOS MARINHEIROS
AQUIRAZ;66;301;CENTRO;EMEF ERNESTO GURGEL VALENTE;RUA FRANCISCO CAMARA, SN
FORTALEZA;94;837;QUINTINO CUNHA;COLÉGIO DOM FELIPE;AV INDEPENDÊNCIA. 1652
IBIAPINA;73;200;SÍTIO SANTA TERESA;ESCOLA DOM BOSCO;SITIO SANTA TERESA
FORTIM;8;100;PONTAL DE MACEIO;EEFTI. PROFESSORA EMILIA QUEIROZ;PONTAL DE MACEIO
FORTALEZA;83;122;PICI;EEEP JÚLIA GIFFONI;RUA CORONEL MATOS DOURADO 1349
CARIDADE;111;62;CAMPOS BELOS;EEF SENADOR VIRGILIO TAVORA;BR 020 KM 348
CANINDÉ;33;443;JOÃO PAULO II;EMEF VALDEMAR GOMES DOS SANTOS;TRAV. I, S/N
OCARA;67;188;SERRAGEM-DISTRITO;ESCOLA MUNICIPAL JOSÉ DOS SANTOS DE OLIVEIRA;BAIXA GRANDE
ARATUBA;105;76;CENTRO-SEDE;EEF PROFESSORA MARIA JULIA PEREIRA BATISTA;RUA TARGINO GOES S/N
AMONTADA;89;179;SÃO RAIMUNDO;EEBTI TEREZA MAGALHÃES DE SOUSA;RUA JOAQUIM TORQUATO 1328
BARBALHA;31;175;CENTRO;EEF SENADOR MARTINIANO DE ALENCAR;LARGO DO ROSARIO, 20, CENTRO
VÁRZEA ALEGRE;62;4;CENTRO;EEM JOSÉ CORREIA LIMA;AV. LUIS AFONSO DINIZ, 213
CHOROZINHO;49;388;PATOS DOS LIBERATOS;PROGRAMA DE SAUDE DA FAMILIA - PSF PATOS DOS LIBERATOS;PATOS DOS LIBERATOS
CHOROZINHO;49;25;PARQUE SAO JOSE;EEFM PADRE ENEMIAS FREIRE DE ALMADA;PRACA DOM JOSE DE MEDEIROS DELGADO SN
REDENÇÃO;52;35;DISTRITO DE BARRA NOVA (ANTIGO SÃO GERARDO);ESCOLA JOAQUIM JOSÉ DA SILVA;GURGURI
SENADOR POMPEU;12;89;CENTRO;CEJA DE SENADOR POMPEU - CENTRO DE EDUCAÇÃO DE JOVENS E ADULTOS;RUA PROFESSORA MARIA HERMINIA, 70
CANINDÉ;33;364;ZONA RURAL;EMEF FRANCISCO JOSE;RUA FRANCISCO JOSE, S/N CAIÇARA
PENTECOSTE;50;90;ACAMPAMENTO;PÓLO DE ATENDIMENTO;RUA 13 DE MAIO, S/N
FORTALEZA;94;587;ANTÔNIO BEZERRA;EMTI JOSÉ CARLOS DE OLIVEIRA NETO;R. SAO VICENTE DE PAULO, 170
FORTALEZA;80;296;VILA UNIÃO;ESCOLA MUNICIPAL PAPA JOÃO XXIII;AV TREZE DE ABRIL, 545
ICÓ;15;3;NOVO CENTRO - SEDE;EEMTI - PADRE JOSÉ ALVES DE MACÊDO;AV. FRANCISCO CAETANO DANTAS, S/N
URUBURETAMA;23;202;ITAMARATY;EEFM MATILDE RODRIGUES VASCONCELOS;RUA JOSE LOPES CABRAL S/N
JARDIM;119;343;FAZENDA NOVA;ESCOLA MUNICIPAL JOSE DA COSTA;POVOADO DE FAZENDA NOVA SN
PARACURU;109;22;VOLTA;U. B. S. LUIZ COSTA SILVEIRA;RUA RUI LOUREIRO, S/N
MOMBAÇA;46;74;CENTRO;E. E. F. M. DIVINO SALVADOR;RUA FRANCISCO JOSE DE OLIVEIRA SN                 SEDE
TIANGUÁ;81;232;SANTO ANTÔNIO;LICEU DE TIANGUÁ - JOSE NI MOREIRA;RUA ZENI, 12 - SANTO ANTONIO
PARACURU;109;84;CAMPO DE AVIAÇÃO;E. M. E. I. F. PROFESSORA MARIA ALBUQUERQUE LIMA - DINA;AV. SAO JOAO EVANGELISTA, 385
JUAZEIRO DO NORTE;28;5;CENTRO;CAGECE  - LOJA DE ATENDIMENTO CENTRO;RUA SÃO DOMINGOS
FORTALEZA;112;395;SAPIRANGA-COITÉ;EEMTI PROFESSORA TECLA FERREIRA;RUA FRANCISCA BEZERRA, 417
FORTALEZA;116;488;GRANJA PORTUGAL;EM CREUSA DO CARMO ROCHA;RUA DUAS NACOES 1055
FORTALEZA;112;123;ENGENHEIRO LUCIANO CAVALCANTE;ESCOLA DE ENSINO MÉDIO EM TEMPO INTEGRAL JOHNSON;RUA GONTRAN GIFFONI, 461
FORTALEZA;112;389;EDSON QUEIROZ;ESCOLA MUNICIPAL TEMPO INTEGRAL PROFESSOR ÁLVARO COSTA ;RUA ADOLFO MOREIRA, S/N
FORTALEZA;117;434;BOM JARDIM;EEFM SANTO AMARO;RUA NOVA CONQUISTA 871
MARACANAÚ;122;176;SANTO ANTONIO;EMIEB DO POVO PITAGUARI (COMUNIDADE INDÍGENA);RUA JOSE HENRIQUE DA SILVA 9997 SANTO ANTONIO DO PITAGUARY
FORTALEZA;113;244;RODOLFO TEÓFILO;EEFM FÉLIX DE AZEVEDO;RUA MONSENHOR FURTADO, 757
FORTALEZA;94;848;ANTÔNIO BEZERRA;COLÉGIO EVOLUIR;RUA CÂNDIDO MAIA,109
ITAPAJÉ;41;285;BARATEIRO;ESCOLA MUNICIPAL JOAO MARTINS TEIXEIRA;BR 222, KM 125
SALITRE;38;111;ZONA RURAL, SALITRE/CE;E.E.I.F RAIMUNDO CLEMENTINO DE ALENCAR - BULANDEIRA DOS DIAS;SÍTIO BULANDEIRA DOS DIAS
POTENGI;68;50;CENTRO;EEFM MENEZES PIMENTEL - SEDE;RUA SEVERINO PAULINO, 230 - BAIRRO SÃO FRANCISCO
BARREIRA;52;174;ARERÉ;ESCOLA FRANCISCO CORREIA LIMA;ARERÉ I
CAMOCIM;32;227;ZONA RURAL;EEF DOM FREI FRANCISCO TIMOTEO - TORTA;LOCALIDADE DE TORTA
PALHANO;9;14;LAGOA CERCADA;UNIDADE BÁSICA DE SAÚDE DE LAGOA CERCADA;LAGOA CERCADA
MONSENHOR TABOSA;61;174;TABOA;ASSOCIAÇÃO NOVA VIDA;POVOADO TABOA
MONSENHOR TABOSA;61;111;CENTRO;E.E.M.T.I GOVERNADOR ADAUTO BEZERRA;RUA SAO SEBASTIÃO N 39 - PERTO DA CADEIA PÚBLICA
MORADA NOVA;47;46;CENTRO;CEBCJEC -CENTRO DE EDUCAÇÃO BÁSICA CORONEL JOSÉ EPIFÂNIO DAS CHAGAS;AV MANOEL CASTRO, 600
JUAZEIRO DO NORTE;28;98;PIO XII;EMTI FIGUEIREDO CORREIA;PRACA DA CONCEICAO S/N
BREJO SANTO;70;53;SAO SEBASTIAO-SEDE;ESCOLA MUNICIPAL CASSIANO INACIO BEZERRA;VILA SAO SEBASTIAO
HORIZONTE;78;130;QUEIMADAS;EMEF QUILOMBOLA OLIMPIO NOGUEIRA LOPES;RUA RAIMUNDO LOPES, 1083
JAGUARIBARA;72;78;CENTRO;EMEF PROFESSORA JOSIRENE PEREIRA;RUA JOSE MARIA GONÇALVES, 210
SOLONÓPOLE;55;7;CENTRO;EEEP JOSÉ CIRO NOGUEIRA MACHADO;TV LUÍS ALMEIDA
FORTALEZA;94;492;VILA VELHA;EMEIEF PROF JOSE PARSIFAL BARROSO;AV MAJOR ASSIS 1076
QUIXADÁ;6;393;CAMPO VELHO;EEF PADRE VICENTE GONÇALVES DE ALBUQUERQUE;RUA DOM LUCAS, S/N
FORTALEZA;95;168;PARQUE SANTA MARIA;EEMTI POETA OTACILIO COLARES;RUA JORGE DA VEIGA, 265
AQUIRAZ;66;128;JUSTINIANO DE SERPA;EMEF ISIDORO DE SOUSA ASSUNCAO (ABC);RUA RUFINO CORREIA DE ASSUNCAO S/N
FORTALEZA;82;200;MONTE CASTELO;EM FAUSTINO DE ALBUQUERQUE;RUA AMARO CAVALCANTE, 89
MASSAPÊ;45;31;ZONA RURAL;GEEST DE PADRE LINHARES;POVOADO DE PADRE LINHARES
FORTALEZA;112;345;CIDADE DOS FUNCIONÁRIOS;IGREJA DA GLÓRIA;AV OLIVEIRA PAIVA, 905
CARNAUBAL;22;25;SITIO JUNCO;EEF ESTER DE ASSIS BRITO;SITIO JUNCO
BELA CRUZ;96;80;MATRIZ-LOCALIDADE;EMEIEF FRANCISCO ROMAO;MATRIZ
CATARINA;60;244;FIGUEIREDO;EEF ANTONIO ALVES DE CASTRO;FIGUEIREDO
FORTALEZA;112;443;EDSON QUEIROZ;UNIVERSIDADE DE FORTALEZA - UNIFOR;AVENIDA WASHINGTON SOARES, 1321
CARNAUBAL;22;5;SITIO CACHOEIRA DO NORTE;CENTRO DE APRENDIZAGEM RURAL CANDIDO DA CONCEICAO;SITIO CACHOEIRA DO NORTE
IPU;21;153;REINO DE FRANCA;EEF TERESA ODETE - CEJA;RUA CEL FELIX 600 - REINO DE FRANCA
JARDIM;119;361;CENTRO;ESCOLA SENADOR CARLOS JEREISSATI;AVENIDA WILSON RORIZ
FORTALEZA;95;189;CAJAZEIRAS;DNIT;RODOVIA BR-116, KM 06
FORTALEZA;93;236;PREFEITO JOSÉ WALTER;EM ROGACIANO LEITE;RUA 45, S/N - III ETAPA
TAUÁ;19;120;INHAMUNS;EMEF-FCO JULIAO DE SOUSA;LAGOA DO EUFRASINO
PACOTI;5;204;SERRA VERDE DOS DELFINOS;PSF DE SERRA VERDE (SERRA VERDE);SERRA VERDE
MUCAMBO;79;242;CENTRO;ESCOLA ELZE MENDES DE AGUIAR;AV AGRONOMO JOSE ALVES, S/N - SEDE
IPU;21;110;SEDE;E.M.E.F. MARIA LAURA SAMPAIO;RUA FELIX CANDIDO 857 - ALTO DOS 14
BARBALHA;31;103;MATA DOS DUDAS;EMEIF NAZINHA GARCIA SAMPAIO (SÍTIO MATA DOS DUDAS);RUA GEANE NÓBREGA DE ARAÚJO SARAIVA, S/N  (7.27423 S, 39.31956 W)
JAGUARIBE;10;102;NOVA BRASÍLIA;EEF PROFESSOR GUTENBERG BARBOSA SILVA;AVENIDA GIL TEIXEIRA BASTOS, 1420
MARTINÓPOLE;25;233;CARNAUBAL PRETO;E.E.I.F.ROSA BRITO;CARNAUBAL PRETO
CHOROZINHO;49;323;TRIANGULO;CRECHE MARIA DE LOURDES LIMA;RUA PADRE CICERO SN
MOMBAÇA;46;123;CANGATI;ASSOCIAÇÃO COMUNITÁRIA CAJAZEIRAS DOS IVOS;FAZENDA CAJAZEIRAS DOS IVO
FORTALEZA;80;214;ALTO DA BALANÇA;EM PROFESSORA EDITH BRAGA;RUA CAPITAO VASCONCELOS 1061
FORTALEZA;118;13;PARQUE DOIS IRMÃOS;EM SANTA TEREZINHA;RUA AFONSO LOPES, 1095
ORÓS;15;238;SAO JOSE - SEDE;E.E.F. ROBERTO ROLIM;TRAVESSA MARIA PINHEIRO DA COSTA S/N
FORTALEZA;94;195;VILA VELHA;EEFM DONA HILZA DIOGO DE OLIVEIRA;AV. DOM ALOÍSIO LORSCHEIDER, 1040 - VILA VELHA
TIANGUÁ;81;290;ÁREA RURAL DE TIANGUÁ;CENTRO DE EDUCAÇÃO BÁSICA BENJAMIN DAMASCENO E VASCONCELOS;SÍTIO CROATÁ
TIANGUÁ;81;319;LAURÃO;E.E.I.F. FREI GERVÁSIO;RUA ALBERCY NOGUEIRA DE VASCONCELOS , SN
GUARACIABA DO NORTE;74;75;DISTRITO;ESCOLA MUNICIPAL DE ALEGRE;ALEGRE - MORRINHOS NOVOS
CAMPOS SALES;38;149;ZONA RURAL;E.E.I.F MANOEL JOSÉ DA SILVA - AGROVILA SÃO JOSÉ - (ACOCÍ);RUA JORGE AMADO
FORTALEZA;94;371;JARDIM IRACEMA;EEFM DEP FCO DE ALMEIDA MONTE;AV. CORONEL CARVALHO 2400
PARAIPABA;109;212;CAMBURÃO;EMEIF FRANCISCO CIPRIANO MOREIRA;CAMBURAO
FORTALEZA;85;356;DOM LUSTOSA;EEFM AYRTON SENNA DA SILVA;RUA MANAUS, 855
FORTALEZA;85;179;AUTRAN NUNES;EMTI MARIA DA HORA;RUA RAIMUNDO RIBEIRO, S/N
CANINDÉ;33;80;ALTO GUARAMIRANGA;EEFM FREI POLICARPO;RUA JOAO BASTOS 2027
FORTALEZA;80;209;ALTO DA BALANÇA;EEF CIRCULISTA BOM JESUS;RUA JOSE BUSON 101
MARACANAÚ;122;54;PIRATININGA;EMEF JOSÉ MARIA BARROS PINHO;RUA NOVO ORIENTE S/N
GRANJA;25;30;PESSOA ANTA;E.E.F. RAIMUNDO AUGUSTO PASSOS;FAZENDA ARAÇÁS
MISSÃO VELHA;16;52;SEDE;SECRETARIA DE TRABALHO E ASSISTÊNCIA SOCIAL (ANTIGO CSU);RUA PADRE CICERO, 204. CENTRO.
GUARACIABA DO NORTE;74;188;ESTÁDIO;EEF. JOÃO MIGUEL DA FONSECA LOBO;RUA METON SILVANO
TAUÁ;19;218;MARRECAS;EPG JESUS MARIA JOSE;VILA DE MARRECAS
JUCÁS;43;76;SÃO PEDRO DO NORTE - VILA;CENTRO COMUNITARIO ANTONIO RAIMUNDO DE SOUZA;RUA ANTONIO PEREIRA DA SILVA 226
COREAÚ;64;84;Centro;COREAÚ - (GINASIO) ESCOLA MUN. NOSSA SRA. DA PIEDADE;RUA CEL. FCO. GOMES CAMILO, 226 - ALTO SÃO JOSÉ
BANABUIÚ;6;404;PEDRAS BRANCAS;EEF ERNESTO DE SOUSA NOBRE;JUREMA
PARAIPABA;109;141;LAGOINHA;EMEF FRANCISCO HENRIQUE DE AZEVEDO;LAGOINHA
SANTANA DO CARIRI;53;135;PEDRA BRANCA;EMEIEF HERMANO CHAVES FRANCK;SÍTIO PEDRA BRANCA, SN
PACAJUS;49;363;CONJUNTO COHAB;EEM DIONE MARIA BEZERRA PESSOA;AV. JOSE LOPES DE MESQUITA
FORTALEZA;85;390;CONJUNTO CEARÁ I;EEFM PROF. EDMILSON GUIMARAES DE ALMEIDA UV 10;RUA 1074 S/N (PROX. HOSPITAL), 4 ETAPA
FORTALEZA;116;304;BOM JARDIM;EM MANOEL MALVEIRA MAIA;RUA MANUEL GALDINO 2890
NOVO ORIENTE;99;51;ZONA RURAL;EEF MARIA DE SOUSA MARQUES;CAVACO
BARBALHA;31;24;ROSÁRIO;FACULDADE DE MEDICINA DE BARBALHA (UFCA);RUA DIVINO SALVADOR, 284
SOBRAL;24;503;JOSÉ EUCLIDES;EEFI MARIA YEDA FROTA FELIX MONTALVERNE;RUA AIRTON SENNA, 300, CIDADE JOSE EUCLIDES II
MUCAMBO;79;226;CAICARA;ESCOLA ANTONIA FERREIRA DOS SANTOS;CAICARA
EUSÉBIO;88;145;COAÇU;COLÉGIO 7 DE SETEMBRO;RUA DANILO ARRUDA, S/N
CAMOCIM;32;182;OLINDA;CRECHE JOAO PASCOAL DE MELO - OLINDA;NOVA OLINDA  I
MONSENHOR TABOSA;61;118;JACINTO;CENTRO CULTURAL ALDEIA JACINTO - ETNIA POTIGUARA;POVOADO DE JACINTO
FORTALEZA;83;250;PANAMERICANO;EEFM ANISIO TEIXEIRA;RUA RIO GRANDE DO SUL 680
MARANGUAPE;4;572;CÔNEGO RAIMUNDO PINTO - MARANGUAPE;EEMTI EUNICE WEAVER;AV SEN ALMIR PINTO KM 15 PAU SERRADO
ACARAÚ;30;247;BAILARINA;ESCOLA PROF. JOELINA RIBEIRO RAMOS VIANA;RUA NEON SALES SN
FORTALEZA;93;179;MONDUBIM;EEFM ESTADO DO MARANHAO;RUA CARLOS PIMENTA,506
JUCÁS;43;86;VILA JOSÉ BENTO - SEDE;CENTRO DE SAUDE DE JUCÁS;VILA JOSE BENTO
SOBRAL;121;61;COHAB I;EEFM MONS. JOSE GERARDO FERREIRA GOMES(NOELIA);RUA MADALENA DE SÁ, S/N
ORÓS;15;262;CAATINGA - SITIO;POSTO DE SAÚDE SÍTIO CAATINGA;SITIO CAATINGA, S/N
LIMOEIRO DO NORTE;29;282;BOA FE;EEF MARIA IDALINA DE FREITAS;RUA ESTEVAM REMIGIO, 3029
RERIUTABA;79;133;PRIMEIRA VÁRZEA;E.E.I.F. FRANCISCO ÂNGELO DA SILVEIRA;PRIMEIRA VÁRZEA - ZONA RURAL
BOA VIAGEM;63;40;IBUACU;EEF MARIA AUZERINA CHAVES;RUA FÉLIX FERREIRA FRANCO, 313
MARACANAÚ;122;54;PIRATININGA;EMEF JOSÉ MARIA BARROS PINHO;RUA NOVO ORIENTE S/N
RUSSAS;9;43;CENTRO;ESCOLA MUNICIPAL JOSE RAIMUNDO DE DEUS;AVENIDA IRMÃ MARIA DA GRAÇA
FORTALEZA;80;246;TAUAPE;EEFM NOEL HUGNEN OLIVEIRA PAIVA;RUA MONSENHOR SALAZAR 279
JAGUARIBE;10;8;CENTRO;COLEGIO CARMELA DUTRA;AV OITO DE NOVEMBRO 1087
FORTALEZA;95;272;BARROSO;EM SINÓ PINHEIRO;RUA 14, 151 (CJ JOAO PAULO II)
RUSSAS;9;136;ZONA RURAL;ESCOLA MUNICIPAL PE MARCONDES MATOS CAVALCANTE;JARDIM DE SAO JOSE
AQUIRAZ;66;59;CAPONGA DA BERNARDA;EMEFJUSCELINO KUBITSCHEK;AV ANTONIO LOURENÇO DA SILVA S/N
AQUIRAZ;66;160;JUSTINIANO DE SERPA;CEI JOSE NICODEMUS DE ASSUNÇAO;RUA RAIMUNDO NONATO ASSUNÇAO S/N
TIANGUÁ;81;234;GERALDO SARAIVA;E.E.F. MONS. TIBÚRCIO GONÇALVES DE PAULA;RUA PRESBITERO HOMERO PORTELA MOITA, S/N,
JAGUARIBE;10;93;NOVA BRASÍLIA;EEIEF ANTONIO TEIXEIRA LIMA;AV ALMIR TAVORA, S/N
APUIARÉS;50;16;CONJUNTO FRANCISCO BERNARDO;EEF MATILDE BARBOSA GOIS;RUA JOSÉ NOJOSA FREITAS, 100
URUOCA;25;240;BRASILIA;C.E.I. VANIA ROCHA;RUA ASSUNCAO, S/N
GRAÇA;79;162;SITIO JABURU;EEF JOAO SALMITO DE ALMEIDA;SITIO JABURU
MARCO;96;114;LOCALIDADE DE MOCAMBO;EEF MANUEL JAIME NEVES OSTERNO;RUA JOSE MENEZES, SN
SOBRAL;121;149;CENTRO;CAMARA MUNICIPAL DE SOBRAL - ANEXO 2;RUA RANDAL POMPEU, 103
AQUIRAZ;66;288;CHACARA DA PRAINHA;RAIMUNDA DE FREITAS FAÇANHA;AV JOSILEUDO LEITE S/N
FORTALEZA;95;194;JANGURUSSU;EMEIF JORNALISTA JOSÉ BLANCHARD GIRÃO DA SILVA;TRAVESSA MISSIONÁRIO OLIVEIRA,301
SÃO GONÇALO DO AMARANTE;36;73;SIUPE-DISTRITO;ESCOLA DE ENSINO FUNDAMENTAL DONA FILOMENA MARTINS;SIUPE
IPUEIRAS;40;178;LAGOA DOS TAVARES;EEF LUZIA BEZERRA DA SILVA - LAGOA DOS TAVARES;LAGOA DOS TAVARES
FORTALEZA;117;347;MANOEL SÁTIRO;EEF JOSE AYRTON TEIXEIRA;RUA ALFREDO MAMEDE SN
IBARETAMA;6;151;CENTRO;EEMTI CÔNEGO LUIZ BRAGA ROCHA;RUA PADRE JOAO SCOPEL, S/N
CAUCAIA;37;4;PARQUE SOLEDADE;COLEGIO JANUSA CORREA;RUA NOSSA SENHORA DOS PRAZERES, 238
FORTALEZA;112;325;ENGENHEIRO LUCIANO CAVALCANTE;EM PROF. LUIS COSTA;RUA JOSÉ GUILHERME DA COSTA, 156
CARIRIAÇU;71;108;VILA PRIMAVERA;EEF PEDRO NOGUEIRA MACHADO;VILA PRIMAVERA
CHOROZINHO;49;128;CENTRO;PROGRAMA DE SAUDE DA FAMILIA - PSF;RUA RAIMUNDO SIMPLICIO DE CARVALHO
FORTALEZA;80;129;ALTO DA BALANÇA;EEFM ESTADO DO PARÁ;RUA DJALMA PETIT 589
NOVA OLINDA;53;121;CENTRO;EMEF AVELINO FEITOSA;AV. PERIMETRAL SUL, 576
RUSSAS;9;187;PLANALTO BELA VISTA;ESCOLA MUNICIPAL ANA XAVIER LOPES;TRAVESSA JOSE MUNIZ 2457
MILHÃ;55;59;CENTRO;ESCOLA DE ENSINO FUNDAMENTAL CLEONICE B. PINHEIRO ROSA;RUA PEDRO JOSE DE OLIVEIRA 908
QUIXELÔ;13;150;ANTONICO-DISTRITO;ESCOLA DE ENS FUND JOAO VICENTE ALVES;ANTONICO-DISTRITO
FORTALEZA;80;183;FÁTIMA;COLÉGIO NOSSA SENHORA DAS GRAÇAS;RUA MONSENHOR OTÁVIO DE CASTRO, 535
IPUEIRAS;40;179;ENGENHEIRO JOÃO TOMÉ;EEF APRÍGIO CAMELO DE PAIVA - ENGENHEIRO JOÃO TOMÉ;RUA DOUTOR BRANDÃO, S/N
BOA VIAGEM;63;1;CENTRO-SEDE;EEF PE ANTONIO CORREIA DE SA;RUA JOSE RANGEL DE ARAUJO 22
SOBRAL;121;174;DOM EXPEDITO;EEFI PADRE OSVALDO CHAVES;RUA PROFESSOR ANTÔNIO FERREIRA PORTO225
MORADA NOVA;47;124;CENTRO;CEBCJEC -CENTRO DE EDUCAÇÃO BÁSICA CORONEL JOSÉ EPIFÂNIO DAS CHAGAS;AV MANOEL CASTRO, 600
ORÓS;15;235;CENTRO;SECRETARIA DE ASSISTÊNCIA SOCIAL (ANTIGO CSU);TRAVESSA ELIBA S/N
MILHÃ;55;106;CARNAUBINHA;ESCOLA DE ENSINO BASICO RAIMUNDO BEZERRA FIGUEIREDO;RUA VALDINA DE LIMA
BEBERIBE;84;31;SERRA DO FELIX;ESCOLA MUNICIPAL BENEDITO EVARISTO PINHEIRO;AV ESTER FERNANDES 72 - CENTRO
BEBERIBE;84;165;CENTRO;ESCOLA DE ENSINO FUNDAMENTAL E MEDIO ANA FACO;RUA VICENTE MATHIAS 119
MOMBAÇA;46;27;BOA VISTA;CENTRO EDUCACIONAL RURAL DE BOA VISTA;BOA VISTA
PACAJUS;49;240;CRUZ DAS ALMAS;EEF SEN VIRGILIO DE MORAIS FERNANDES TAVORA;RUA MONTEMOR SN
PACAJUS;49;408;CONJUNTO COHAB;EEF MARIA VALCIRA NUNES NOGUEIRA;AV TEREZINHA LOPES MARTINS 34
FORTALEZA;80;226;JOAQUIM TÁVORA;EEFM PADRE ROCHA;RUA CEL ALVES TEIXEIRA 525
TIANGUÁ;81;191;ÁREA RURAL DE TIANGUÁ;CENTRO DE EDUCAÇÃO BÁSICA BENJAMIN DAMASCENO E VASCONCELOS;SÍTIO CROATÁ
BOA VIAGEM;63;12;CENTRO-SEDE;EEF PE ANTONIO CORREIA DE SA;RUA JOSE RANGEL DE ARAUJO 22
FORTALEZA;93;285;ARACAPÉ;EMEIF IVANILSON SOUZA LIMA COSTA;RUA POLIANA N.102
MARACANAÚ;104;405;PAJUÇARA;EEEP MARIA CARMEM VIEIRA MOREIRA;RUA MARIA FERREIRA, 150
GRAÇA;79;246;CENTRO-SEDE;COLEGIO RAIMUNDO DA CUNHA BRITO;BAIRRO SANTA LUZIA
FORTALEZA;113;206;PARQUELÂNDIA;COLÉGIO CHRISTUS PRÉ - UNIVERSITÁRIO;RUA CRUZ SALDANHA, 614
SOBRAL;121;5;SINHÁ SABÓIA;CEI JACYRA PIMENTEL GOMES;RUA RIO NEGRO SN
LIMOEIRO DO NORTE;29;141;SOCORRO;CASA DE MARIA;SITIO SOCORRO
VARJOTA;65;193;PEDREIRA;CENTRO DE REFERÊNCIA DE ASSIST SOCIAL-CRAS-CASA DO IDOSO;RUA DELMIRO GOUVEIA, S/N
CANINDÉ;33;275;ZONA RURAL;CERU JOAO AMARO DE SOUSA;DISTRITO DE SALITRE
FORTALEZA;3;448;PRAIA DE IRACEMA;EEFM SANTA LUZIA;RUA JOÃO CORDEIRO, 711
CAUCAIA;120;228;BOM PRINCIPIO;E.E.I.E.F. NELY SALES GADELHA;BR 020 KM 45 B - BOM PRINCÍPIO VELHO
IPUEIRAS;40;137;OITICICA DOS ROSÁRIOS;EEF GONÇALO JOSÉ DE LIMA - OITICICAS DOS ROSÁRIOS;OITICICA DOS ROSÁRIOS
COREAÚ;64;80;COHAB;COREAÚ - ESCOLA MUN. PROFª IZAURA MA. DA SILVA;RUA TANCREDO NEVES, S/N - COHAB
FORTALEZA;95;129;JANGURUSSU;EM PROFESSOR FRANCISCO DE MELO JABORANDI;AV. GOVERNADOR LEONEL BRIZOLA, 198
PORANGA;40;85;SEDE;EEFM PRUDÊNCIO DE PINHO - SEDE;AV. DR. EPITÁCIO PINHO, 277, BAIRRO VILA NOVA
FORTALEZA;82;685;CARLITO PAMPLONA;EEMTI JOSÉ VALDO RIBEIRO RAMOS;RUA PEDRO AMÉRICO, 100
FORTALEZA;85;158;CONJUNTO CEARÁ I;EEF GOVERNADOR FAUSTINO ALBUQUERQUE - UV1;RUA 143 N 155 - 1 ETAPA
QUIXADÁ;6;235;CENTRO;CENTRO UNIVERSITÁRIO CATÓLICA DE QUIXADÁ - UNICATÓLICA;AVENIDA PLÁCIDO CASTELO, S/N
IGUATU;13;64;JOSÉ DE ALENCAR;ASSOCIAÇÃO DOS MORADORES DO SÍTIO LAGOA REDONDA;SITIO LAGOA REDONDA
CRUZ;30;391;ZONA RURAL;ESCOLA FRANCISCO BENEDITO DE FARIAS;POÇO DOCE - CE 085
ICÓ;15;46;CENTRO - SEDE;ESCOLA MUNICIPAL SENHOR DO BONFIM;RUA FRANCISCO MACIEL DA SILVA, 2557
BREJO SANTO;70;16;CENTRO-SEDE;EEEP BALBINA VIANA ARRAIS;LOTEAMENTO SOL NASCENTE
JUAZEIRO DO NORTE;119;432;SAO JOSE;ESCOLA MARIA DE LOURDES JEREISSATI;RUA CECILIA SILVA DE SOUSA
QUIXERAMOBIM;11;112;NENELANDIA;ESCOLA MARTINHO GUILHERME DE LIMA;LAGOA DO TEODOSIO
FORTALEZA;82;193;MONTE CASTELO;CENTRO EDUCACIONAL SÃO MATEUS;AV. SARGENTO HERMÍNIO SAMPAIO, 2440
AMONTADA;89;93;CENTRO;EEEP LUIZ GONZAGA FONSECA MOTA;AV GAL ALÍPIO DOS SANTOS 1360
FORTALEZA;85;127;AUTRAN NUNES;EMEIF AUTRAN NUNES;RUA PROFESSOR VIRGILIO MORAIS SN
HORIZONTE;78;163;PLANALTO HORIZONTE;EMEF JORGE PEREIRA DA ROCHA;RUA PAULO FREIRE 40
CHOROZINHO;49;167;TRIANGULO;CRECHE MARIA DE LOURDES LIMA;RUA PADRE CICERO SN
ITAITINGA;78;291;RIACHÃO;EEF GALDINO ASSUNÇÃO FILHO;RUA LAURA DE SOUSA, 33
ABAIARA;26;12;SÍTIO CAMARÁ;ESCOLA MARIA OLIVEIRA SANTOS;SITIO CAMARA
FORTALEZA;93;304;MONDUBIM;ETI PROFA HILDETE BRASIL DE SÁ CAVALCANTE;RUA E, S/N
CEDRO;13;548;VALE DO MACHADO;ESCOLA DE ENS INF E FUND RAIMUNDO VIEIRA DA COSTA;SITIO MOSQUITO
AQUIRAZ;66;112;TAPERA;EEB RAIMUNDO TOMAZ;RUA JOSE CARLOS GADELHA S/N
ASSARÉ;18;110;ARATAMA;GRUPO ESCOLAR ANTONIO DA SILVA LEAL;RUA ANTONIO GONCALVES DA SILVA SN
PACOTI;5;167;CENTRO-SEDE;EMTI SAO LUIS;RUA PADRE QUILIANO 72
SANTA QUITÉRIA;54;139;ASSENTAMENTO SACO DO BELÉM;ESCOLA MUNICIPAL CORONEL ARTUR THEMÓTEO;ASSENTAMENTO SACO DO BELÉM
FORTALEZA;1;613;VICENTE PINZON;ESCOLA ESTADUAL MURILO BORGES;RUA DO ENTARDECER 90
IRACEMA;86;90;VILA EMA;E.E.F. BENIGNA ETELVINA;RUA FRANCISCO PEREIRA SAMPAIO, S/N
MILAGRES;26;121;SITIO EXU;POSTO DE SAUDE EXU;SITIO EXU
FORTALEZA;83;780;JOÃO XXIII;CENTRO DE FORMAÇÃO E DESENV. PARA PROFISSIONAIS DA EDUCAÇÃO - FORMACE;RUA PORTO VELHO, 401
FORTALEZA;117;246;PARQUE SANTA ROSA;ESCOLA MUNICIPAL MARIETA GUEDES MARTINS;RUA JOSE GUEDES MARTINS 4701
MARACANAÚ;104;127;PAJUÇARA;COLÉGIO 7 DE SETEMBRO (PAJUÇARA);RUA BEATRIZ CALIXTO, 305
FORTALEZA;80;347;JOAQUIM TÁVORA;COLÉGIO SALESIANO DOM BOSCO;AV ANTONIO SALES 116
FORTALEZA;85;345;CONJUNTO CEARÁ I;ESCOLA MUNICIPAL JOAO NUNES PINHEIRO;AVENIDA F, 550, 1A ETAPA
FORTALEZA;85;301;ANTÔNIO BEZERRA;EEFM ANTONIO BEZERRA;RUA PADRE PERDIGAO SAMPAIO 780
ITAITINGA;78;343;PARQUE GENEZARÉ;EEF DONA CONCEIÇÃO;RUA DR. MANOEL SÁTIRO, N 132
COREAÚ;64;138;Vila Brasil;COREAÚ - CEI MA. SOCORRO ARAÚJO GOMES;VILA BRASIL - COREAÚ
ITAPIPOCA;17;13;CENTRO;EEM JOAQUIM MAGALHÃES;RUA PERGENTINA ARAUJO S/N
JUAZEIRO DO NORTE;119;93;PIRAJA;ESCOLA CLOTILDE SARAIVA COELHO;LIMOEIRO 2338
RUSSAS;9;116;PLANALTO BELA VISTA;ESCOLA MUNICIPAL ANA XAVIER LOPES;TRAVESSA JOSE MUNIZ 2457
LAVRAS DA MANGABEIRA;14;95;BARRA DA PENDENCIA - SITIO;ASSOCIAÇÃO COMUNITÁRIA JOSE AMANCIO PEREIRA;SITIO BARRA DA PENDENCIA S/N
JUAZEIRO DO NORTE;119;393;NOVO JUAZEIRO;(CENTRINHO)CENTRO DE INTEGRAÇÃO EDUCACIONAL VICÊNCIA MARIA DE OLIVEIRA;AVENIDA CASTELO BRANCO, SN
FORTALEZA;116;188;GRANJA PORTUGAL;EM EDUCADOR PAULO FREIRE;RUA CORONEL FABRICIANO 452
CEDRO;13;423;CENTRO;ESCOLA DE ENS FUND SAO JOAO BATISTA;RUA SENADOR JOAO TOME N 70
RUSSAS;9;186;PARELHAS;ESCOLA MUNICIPAL DR JOSE MARTINS DE SANTIAGO;PARELHAS
CEDRO;13;552;VALE DO MACHADO;ESCOLA DE ENS FUND E MEDIO ANTONIO PINHEIRO TORRES;ST CAIANA
TURURU;17;644;CENTRO;EEFM LUIZA BEZERRA FARIAS;RUA MONSENHOR SOLON 248
JUAZEIRO DO NORTE;119;153;JOAO CABRAL;ESCOLA IVA EMIDIO GONDIM;PIO NOROES SN
FORTALEZA;82;663;CARLITO PAMPLONA;FEDERAÇÃO DO MOVIMENTO COMUNITÁRIO DO PIRAMBU - FEMOCOPI;AV. PRES. CASTELO BRANCO, 2709
FORTALEZA;94;457;ANTÔNIO BEZERRA;CASA DOS PADRES - ANTIGA FACULDADE ATENEU (SEMINÁRIO SAO VICENTE);RUA SAO VICENTE DE PAULO 300
FORTALEZA;83;764;JOÃO XXIII;ESCOLA UMA JANELA PARA O MUNDO;RUA JULIO BRAGA, 1014
CARIDADE;111;108;ZONA RURAL;EEIF FRANCISCO DE PINHO PESSOA - LOCALIDADE SERROTE;FAZENDA SERROTE
MORRINHOS;44;11;CENTRO;EEMTI CARMINHA VASCONCELOS;RUA NOSSA SENHORA DE FATIMA  309
SÃO BENEDITO;22;165;CENTRO-SEDE;EEF MINISTRO ANTONIO COELHO;RUA MIN ANTONIO COELHOI  452
MILAGRES;26;42;SITIO TABOCAS;ESCOLA JOAO EVANGELISTA DANTAS;SITIO TABOCAS
CAUCAIA;37;470;IPARANA;E.E.F. ERBE TEIXEIRA FIRMEZA;AV. ULISSES GUIMARAES, S/N
JIJOCA DE JERICOACOARA;30;345;ZONA RURAL;ESCOLA DONA JOAQUINA TEIXEIRA;MANGUE SECO
ACARAÚ;30;344;CENTRO;EEEP MARTA MARIA GIFONNI DE SOUSA;CENTRO
BATURITÉ;5;1;CENTRO-SEDE;EMEF DOMINGOS SAVIO;AV DOM BOSCO, 393
PARACURU;109;81;POÇO DOCE;E. M. E. I. F. RUFINO VIEIRA;RUA RUTH FELIX, S/N
JARDIM;119;336;CORRENTE;ESCOLA LUIZ LEITE BRINGEL;POVOADO DE CORRENTE  SN
TABULEIRO DO NORTE;91;106;JUAZEIRO;EEB SENHORINHA OLIVEIRA GONDIM - JUAZEIRO;SITIO JUAZEIRO
QUIXADÁ;6;152;CIPÓ DOS ANJOS;EEF LUIZ GONZAGA;ESPINHEIROS, S/N
CARNAUBAL;22;250;SITIO JUNCO;EEF ESTER DE ASSIS BRITO;SITIO JUNCO
CARIDADE;111;93;ZONA RURAL;POSTO DE SAÚDE DE PEREIROS;LOCALIDADE DE PEREIROS
TRAIRI;97;16;CENTRO;EEB RAIMUNDO NONATO RIBEIRO;RUA RAIMUNDO NONATO RIBEIRO
SABOEIRO;43;245;CENTRO;E.E.F. MANOEL GONCALVES DOS SANTOS (MUNICIPAL);RUA PRACA DA BANDEIRA, 109
CHOROZINHO;49;57;CAMPESTRE;EEF MARIA JOANA DE CARVALHO;LOCALIDADE CAMPESTRE II
CATARINA;60;263;SAO GONCALO;EEF CAPITAO EPAMINONDAS GOMES DA SILVA;SAO GONCALO
PARAMBU;19;321;NOVO ASSIS;ESCOLA PEDRO JOSÉ DA SILVA;CAMPO GRANDE
ICÓ;15;140;SANTANA - SITIO;ESCOLA MUNICIPAL MANOEL NICOLAU DE SOUSA;SITIO SANTANA S/N
JUAZEIRO DO NORTE;119;74;LIMOEIRO;EEF FELIPE NERY DA SILVA;PRIMEIRO DE MAIO SN
QUITERIANÓPOLIS;99;78;ZONA RURAL;EEIF PEDRO MANOEL BONFIM;CRUZ
SENADOR POMPEU;12;46;BONFIM;ASSOCIAÇÃO DAS MULHERES DA COMUNIDADE DE BELO MONTE;SÍTIO BELO MONTE
CHAVAL;108;12;CENTRO;EEF ANA BRITO DE OLIVEIRA;RUA JOSE ROMAO RIOS SN
CRUZ;30;261;CAICARA;ESCOLA JOAO LADISLAU DE PAULO MAGALHAES;CAICARA
ASSARÉ;18;66;CENTRO;ESCOLA  DE ENSINO FUNDAMENTAL E MEDIO RAIMUNDO MOACIR DE ALENCAR MOTA;RUA PADRE EMILIO CABRAL 538
CAUCAIA;37;190;GARROTE;E.E.F. FAUSTO DARIO SALES;CE 085 KM 12 - FAZENDA GARROTE
CAUCAIA;37;540;TABAPUAZINHO;E.E.I.E.F. TIO MANUEL (ANTIGO LORENA AMARAL);RUA BANABUIÚ, N 1150
APUIARÉS;50;208;CENTRO;CEI ISAURA RODRIGUES PEIXOTO;AV. FREDERICO PONTES, S/N
IBARETAMA;6;90;DISTRITO DE OITICICA;EMEIF FRANCISCO JOSE DE FREITAS;DISTRITO DE OITICICA
MONSENHOR TABOSA;61;116;LAGOA DOS SANTOS;EMEIF MARIA ZELI ALVES DE MELO;POVOADO DE LAGOA DOS SANTOS
BEBERIBE;84;49;PARIPUEIRA;ESCOLA MUNICIPAL JOSE ANSELMO DE ALMEIDA;QUATRO BOCAS
MORRINHOS;44;16;DISTRITO DE SITIO ALEGRE;EMEF JONAS ROBERTO MAGALHÃES;SITIO ALEGRE
IPU;21;113;DISTRITO;E.M.E.F. MELQUIADES CAMELO TIMBO;VARZEA DA CURICACA
FORTALEZA;82;350;SÃO GERARDO;ESCOLA MUNICIPAL GUSTAVO BARROSO;RUA ERETIDES MARTINS, 26
SANTANA DO ACARAÚ;44;173;ALTO DA LIBERDADE;ESCOLA DE ENSINO FUNDAMENTAL SANTA TEREZINHA;PRACA DA LIBERDADE S/N
QUITERIANÓPOLIS;99;100;ZONA RURAL;EEIF DETELVINA ARAÚJO LIMA;DISTRITO BAIXIO
PENTECOSTE;50;162;ZONA RURAL;EEIF PROF. PAULO FREIRE - ANEXO(MACACOS);MOCÓ
FORTALEZA;118;632;PARQUE DOIS IRMÃOS;EM MANUEL LIMA SOARES;AVENIDA NORTE SUL, 145 (CJ JARDIM PRIMAVERA)
ITAPAJÉ;41;119;SANTA CRUZ;ESCOLA MUNICIPAL JULIO PINHEIRO BASTOS;AV DR PRAXEDES BASTOS SN
TAMBORIL;61;14;CENTRO;EMTI 4 DE OUTUBRO;RUA VICENTE ALVES DO VALE SN
QUIXERAMOBIM;11;296;CONJUNTO ESPERANCA;CRECHE JOSE TEOGENES DE ALMEIDA;RUA JOSE ADOLFO NOGUEIRA
FORTALEZA;85;268;AUTRAN NUNES;EMEIF DOLORES ALCANTARA;RUA CARDEAL ARCOVERDE S/N
PENTECOSTE;50;75;CENTRO;EEFM TABELIÃO JOSÉ RIBEIRO GUIMARÃES;AVENIDA TABELIÃO FRANCISCO ALVES, 161
FORTALEZA;93;143;PREFEITO JOSÉ WALTER;EEEP PROFESSOR ONELIO PORTO;AVENIDA E, 471 - II ETAPA
BELA CRUZ;96;78;GUARDA-LOCALIDADE;EMEIEF LUCIO MARQUES DE SOUSA;LOCALIDADE DE GUARDA
PACAJUS;49;30;CENTRO;EEFM PADRE CORIOLANO (REUNIDA);RUA TENENTE JOAQUIM NOGUEIRA 51
FORTALEZA;94;377;VILA VELHA;EM MANOEL RODRIGUES;RUA MARIA CLARA 1237
SANTANA DO ACARAÚ;44;166;LAGOA DOS LOPES;ASSOCIAÇÃO COMUNITÁRIA SÃO GERARDO;LAGOA DOS LOPES
CRUZ;30;286;PREA;ESCOLA LEOPOLDO MANOEL DE MEDEIROS;PREA
PACAJUS;49;221;CENTRO;EEFM NUNES MORAES (SEDE 2);RUA DOS EXPEDICIONÁRIOS, 495 - CENTRO
BELA CRUZ;96;25;CENTRO-SEDE;EMETI PAULO SARASATE;RUA JOSÉ XEREZ DE SOUSA, S/N
QUIXERAMOBIM;11;287;CONJUNTO ESPERANCA;ESCOLA DONA MUNDOCA;RUA ANTONIO PEDRO SANTIAGO
QUIXADÁ;6;38;CENTRO;BIBLIOTECA PUBLICA MUNICIPAL PADRE FRANCISCO CLINEU FERREIRA;RUA CLÓVIS BEVILÁQUA, SN
FORTALEZA;83;703;MONTESE;COLÉGIO ELITE;AVENIDA JOÃO PESSOA, 6302
PINDORETAMA;7;291;CENTRO-PINDORETAMA;EMEB FRANCISCA HOLANDA COSTA;RUA MARECHAL CASTELO BRANCO, 1074
ITAPAJÉ;41;239;BOM JESUS;ESCOLA SAO JOAQUIM;BOM JESUS
JUAZEIRO DO NORTE;28;340;SALESIANOS;COLEGIO SALESIANO SÃO JOÃO BOSCO;PADRE CICERO 1492
PENTECOSTE;50;157;ZONA RURAL;EEIF RAIMUNDO NONATO PESSOA;VILA NOVA MARACAJÁ
SANTANA DO ACARAÚ;44;158;JOAO ALFREDO;EEEP FRANCISCO DAS CHAGAS VASCONCELOS;RUA JOSE ANANIAS DE VASCONCELOSS/N
CAUCAIA;37;528;TABAPUÁ;E.E.F.M. JOSÉ MARIA PONTES DA ROCHA;RUA 08, S/N - TABAPUÁ
GRANJA;25;35;SANTA TEREZINHA;E.E.F. SENADOR OLAVO OLIVEIRA;AV. PREF. FRANCISCO SOUSA, 71
TAUÁ;19;47;TAUAZINHO;EEM MARIA DAS DORES CIDRÃO ALEXANDRINO;AV CEL VICENTE ALEXANDRINO DE SOUSA 04
ARACATI;8;217;CAJAZEIRAS;E.E.F. MOISES MARQUES;SITIO CAJAZEIRAS I
QUIXELÔ;13;583;CENTRO;ESCOLA DE ENS FUND E MÉDIO PROFESSOR LUIS DE GONZAGA FONSECA MOTA;RUA VITORINO JOSE DE OLIVEIRA SN
MARACANAÚ;104;336;PAJUÇARA;EMEF MARIA PEREIRA DA SILVA;RUA JUSTINO DE SOUSA, 842
CAMOCIM;32;261;ZONA RURAL;EEF MANUEL FERREIRA DA SILVA - FLAMENGA DOS FERREIRAS;FLAMENGA DOS FERREIRAS
COREAÚ;64;25;Ubaúna;UBAÚNA - ESCOLA M. PEDRO CONRADO;RUA MANOEL OSIRO, S/N
CAUCAIA;37;28;CENTRO;E.E.F. BRANCA CARNEIRO DE MENDONCA;PRACA DA MATRIZ, 666
MARACANAÚ;104;377;TIMBÓ;EMEF DR. JOSÉ DE BORBA VASCONCELOS;AVENIDA TIMBÓ, 808
TRAIRI;97;121;BACUMIXA DE BAIXO;EEF JOAO PAULO DE SOUSA;BACUMIXA DE BAIXO
GUARAMIRANGA;5;234;BANANAL;ESCOLA MUNICIPAL SENHOR BONFIM (BANANAL);SITIO BANANAL
IPUEIRAS;40;181;OLHO D'ÁGUA DOS GALVÕES;EEF MACÁRIO BEZERRA GALVÃO - OLHO D'ÁGUA DOS GALVÕES;OLHO D'AGUA DOS GALVÕES
ASSARÉ;18;137;CENTRO;ESCOLA BATISTA DE ASSARÉ;AVENIDA SÃO FRANCISCO, 50
VÁRZEA ALEGRE;62;11;CENTRO;EEF FIGUEIREDO CORREIA;RUA FIGUEIREDO CORREIA, 258
MARANGUAPE;4;504;CENTRO - MARANGUAPE;COLÉGIO SEBASTIÃO DE ABREU;RUA ROBERTO BRAQUEHAIS, 656
BARRO;92;62;CENTRO-SEDE;EEEP PROFESSOR JOSÉ OSMAR PLÁCIDO DAS SILVA;RUA ANTÔNIA BEZERRA TELES, S/N
BARRO;92;57;CENTRO-SEDE;ESCOLA DE ENSINO BASICO MAURO SAMPAIO;RUA MAJOR JANUARIO S/N
TABULEIRO DO NORTE;91;107;VILA MACENA;EEB CLIMÉRIO JOSINO MAIA - VILA MACENA;RUA JOAQUIM IZIDIO GADELHA, 5277
REDENÇÃO;52;64;DISTRITO DE BARRA NOVA (ANTIGO SÃO GERARDO);ESCOLA TEODORO CONRADO DA SILVEIRA;SÍTIO CANADÁ
CARIDADE;111;56;CAMPOS BELOS;EPG RODOLFO TEIXEIRA BARROS;RUA ANTONIO SABINO SN
VÁRZEA ALEGRE;62;117;VARJOTA;EEF ZULMIRA SIEBRA LEITE;TRAVESSA NARANIU, 72
PIRES FERREIRA;21;79;CENTRO;E.E.F. ALZIRA MARIA DE ARAUJO;RUA MARIA ANTUSA SOARES PASSOS, SN
FORTALEZA;113;150;JARDIM AMÉRICA;ESC. EST. DE EDUC. PROFISSIONAL PAULO VI;RUA JORGE DUMMAR, 1841
GRANJA;25;214;ESTREITO DOS MARTINS;E.E.F. CLARISMUNDO ALVES ARAGÃO;ESTREITO DOS MARTINS
FORTALEZA;85;330;CONJUNTO CEARÁ I;EEFM DR UBIRAJARA INDIO DO CEARA - UV-7A;RUA SETECENTOS E CINQUENTA E UM, 192, 3A ETAPA
TAUÁ;19;149;COLIBRIS;ESCOLA LICEU DE TAUA LILI FEITOSA;RUA JORNALISTA HELDER FEITOSA SN
FRECHEIRINHA;81;247;CENTRO;CENTRO EDUCACIONAL RAIMUNDO PEREIRA;AVENIDA JOAQUIM PEREIRA 717 - CENTRO 
BOA VIAGEM;63;130;XIQUE-XIQUE;EEF AMANDO FELIPE MACIEL;XIQUE XIQUE
IPU;21;165;DISTRITO;E.M.E.F. JOÃO CAMELO DE FARIAS;BARRINHA
CRUZ;30;219;ZONA RURAL;ESCOLA FRANCISCO BENEDITO DE FARIAS;POÇO DOCE - CE 085
JUAZEIRO DO NORTE;28;362;AREA RURAL DE JUAZEIRO DO NORTE;EMEIF MARIA BERNARDINO MACHADO;SITIO ESPINHO
ACARAPE;52;41;CENTRO;ESCOLA JOSÉ NEVES DE CASTRO;RUA CHICO VIEIRA, SN
FORTALEZA;116;32;GRANJA LISBOA;EM SERVULO MENDES BARROSO;RUA JOSE MARTINS 2239
PINDORETAMA;7;94;CENTRO-PINDORETAMA;EMEB FRANCISCA HOLANDA COSTA;RUA MARECHAL CASTELO BRANCO, 1074
CAUCAIA;37;586;MESTRE ANTONIO;E.E.F. NELY CAULA DE CARVALHO;RUA LUIS GOMES DA SILVA, S/N
BELA CRUZ;96;209;CENTRO-SEDE;CAMARA MUNICIPAL DE BELA CRUZ;RUA 7 DE SETEMBRO, 34
AQUIRAZ;66;1;JUSTINIANO DE SERPA;ASSOCIAÇÃO DOS MORADORES DO SÍTIO ZÉ MARIA;SITIO ZE MARIA
SÃO BENEDITO;22;123;SITIO SAO VICENTE;EEF FRANCISCO RODRIGUES DE MEDEIROS;SITIO SÃO VICENTE
CHAVAL;108;21;CENTRO;EMTI EPITÁCIO BRITO DE OLIVEIRA;RUA MAJOR FIEL 507
MORADA NOVA;47;16;CENTRO;CENTRO EDUCACIONAL MONSENHOR TABOSA;AV. MANOEL CASTRO, 440
FORTALEZA;82;632;SÃO GERARDO;COLÉGIO MASTER - BEZERRA DE MENEZES;AV. BEZERRA DE MENEZES, 1802
FORTALEZA;82;651;MONTE CASTELO;CENTRO EDUCACIONAL SÃO MATEUS;AV. SARGENTO HERMÍNIO SAMPAIO, 2440
MARANGUAPE;4;69;LAGES;EMEF ZILDA DE BARROS DE MEDEIROS;RUA SAMUEL BOTELHO DE SOUSA, 578
FORTALEZA;80;120;ALTO DA BALANÇA;EEFM ESTADO DO PARÁ;RUA DJALMA PETIT 589
ITATIRA;33;136;DISTRITO DE LAGOA DO MATO;CRECHE JOSÉ AUGUSTO LOBO;RUA JOÃO AUGUSTO LOBO S/N
ARATUBA;105;90;TOPE-SITIO;ESCOLA MUNICIPAL JOSE MENDES DA CRUZ;TOPE
AMONTADA;89;185;MOSQUITO;EEBTI EMILIA MARQUES MELO;MIRINDUBA
FORTALEZA;82;247;CARLITO PAMPLONA;EM HILBERTO SILVA;AV. PRESIDENTE CASTELO BRANCO, 2973
FORTALEZA;82;253;PIRAMBU;CENTRO EDUCACIONAL DOM HÉLIO CAMPOS;RUA SÃO RAIMUNDO, 199
FORTALEZA;113;204;PARQUELÂNDIA;COLÉGIO CHRISTUS PRÉ - UNIVERSITÁRIO;RUA CRUZ SALDANHA, 614
BEBERIBE;84;57;SEDE;ASSOCIAÇÃO DO SITIO DO MEIO E COMUNIDADES VIZINHAS;SITIO CARRAPICHO
TAUÁ;19;428;ALDEOTA;ESCOLA PROFISSIONALIZANTE MONSENHOR ODORICO;AV CHERMONT ALVES, S/N
BREJO SANTO;70;45;LAGOA DO MATO-SEDE;ESCOLA MUNICIPAL NOBILINO ALVES DE ARAUJO;VILA LAGOA DO MATO
CARIRÉ;65;91;ZONA RURAL;ESCOLA EIEF TENENTE  AVELINO GOMES;ANIL
SOBRAL;24;693;ALTO DA BRASÍLIA;EEFI RAIMUNDO PIMENTEL GOMES - CAIC;RUA PRINCESA ISABEL, S/N
NOVA OLINDA;53;99;CENTRO;EMEF ANA FERREIRA DO NASCIMENTO;AV. PERIMETRAL SUL,  SN
MULUNGU;5;159;CENTRO-SEDE;EEMTI PROFESSOR MILTON FACANHA ABREU;PRACA COLETOR BEZERRA BORGES 292
IRAUÇUBA;41;136;CENTRO-SEDE;CENTRO EDUCACIONAL PROFESSOR ANTONIO BARBOSA BRAGA;LUCAS BATISTA DA MOTA 135
ALCÂNTARAS;24;613;SÍTIO ALEGRE;EEFI MONSENHOR JOSÉ FURTADO;SÍTIO CAJUEIRO
QUIXERAMOBIM;11;72;MANITUBA;ESCOLA FRANCISCO FELIPE FILHO;LAGOA CERCADA
BELA CRUZ;96;176;CENTRO-SEDE;EMETI JOAO DAMASCENO VASCONCELOS;RUA CAPITAO MIGUEL LOPES  814
FORTALEZA;83;507;DEMOCRITO ROCHA;CENTRO EDUCACIONAL SÃO SEBASTIÃO;RUA GUANABARA 1003
JUAZEIRO DO NORTE;119;459;FREI DAMIAO;EEFTI PROFESSORA CICERA MARIA DOS SANTOS;RUA DR OSVALDO JUCA NETO, S/N
RUSSAS;9;106;CAPIM GROSSO;ESCOLA MUNICIPAL JOÃO REBOUÇAS DO AMARAL;CAPIM GROSSO
BARBALHA;31;15;CENTRO;ESCOLA BEM-ME-QUER;RUA PADRE IBIAPINA, 485
SENADOR POMPEU;12;103;CENTRO;CENTRO PASTORAL NOSSA SENHORA DE GUARDALUPE;PRAÇA ALCIDES BARREIRA S/N
CARIDADE;111;55;CAMPOS BELOS;EPG RODOLFO TEIXEIRA BARROS;RUA ANTONIO SABINO SN
TABULEIRO DO NORTE;91;72;CENTRO;EEI RAQUEL MONTEIRO CHAVES;RUA ACELINO MAIA, 3873
JUCÁS;43;113;CENTRO - SEDE;SECRETARIA DE AÇÃO SOCIAL;RUA CORONEL LUIZ DUARTE S/N
RUSSAS;9;96;BONHU;ESCOLA MUNICIPAL UIRANDE AUGUSTO BORGES;BONHU
FORTALEZA;80;344;JOAQUIM TÁVORA;COLÉGIO SALESIANO DOM BOSCO;AV ANTONIO SALES 116
MUCAMBO;79;212;CENTRO;CENTRO EDUCACIONAL DEP MANOEL RODRIGUES;AV AGRONOMO JOSE ALVES 90
TAMBORIL;61;10;BAIRRO MONTE CASTELO;EEEM DONA LUIZA TIMBÓ;RUA FRANKLIN CAVALCANTE SN
FORTALEZA;82;395;CARLITO PAMPLONA;EM TERTULIANO CAMBRAIA;RUA MONSENHOR ROSA, 946
ALTO SANTO;86;77;JARDIM;ESCOLA DE 1 GRAU PROFESSORA MARIA DO SOCORRO MAIA;CONJUNTO HABITACIONAL FRANCISCO WILKER CAMPELO S/N
MARANGUAPE;4;98;ITAPEBUSSU;EMEF PROFESSORA MARIA EUGÊNIA DE OLIVEIRA;RUA MANOEL GUEDES MARTINS, 1130
VARJOTA;65;148;EMPRÉSTIMOS;LICEU WALDIR LEOPÉRCIO;RUA TEN PEDRO CRUZ, 500
JUAZEIRO DO NORTE;28;306;TRES MARIAS;EMEF PROFA MARIA DE LOURDES LOPES DE SOUSA;AV. DO AGRICULTOR
QUIXERAMOBIM;11;199;DAMIAO CARNEIRO;ESCOLA CEL VIRGILIO TAVORA- ALGODOES;ALGODOES
FORTALEZA;113;341;PARQUELÂNDIA;ESCOLA ESTADUAL DE EDUCAÇÃO PROFISSIONAL JOAQUIM NOGUEIRA;RUA MOREIRA DE SOUSA, 327
MASSAPÊ;45;120;ZONA RURAL;CENTRO COMUNITARIO FRANCISCO CANUTO;DISTRITO DE MUMBABA DE BAIXO
CAUCAIA;37;1;PARQUE SOLEDADE;COLEGIO JANUSA CORREA;RUA NOSSA SENHORA DOS PRAZERES, 238
UBAJARA;73;167;SITIO TORRE;ESCOLA SAO LUIS;SITIO SAO LUIS - TORRE
UBAJARA;73;179;MONTE CASTELO;IFCE - INSTITUTO FEDERAL DE EDUCAÇÃO, CIÊNCIA E TECNOLOGIA DO CEARÁ;RUA LUIZ CUNHA, 178
IPU;21;2;DISTRITO;E.M.E.F. MANOEL BENVINDO DE MENEZES;ABILIO MARTINS
QUIXADÁ;6;143;CARRASCAL;EEF ROSA BAQUIT;RUA DR. EVANDRO CARNEIRO MARTINS FILHO, S/N
MISSÃO VELHA;16;30;MISSAO NOVA;CENTRO DE EDUCACAO RURAL PEDRO RAIMUNDO DA CRUZ - CERU;DISTRITO DE MISSAO NOVA
ARACOIABA;67;165;CANINHAS-SITIO;ESCOLA MUNICIPAL JOAQUIM BENTO DA SILVA;CANINHAS
BARROQUINHA;108;93;CENTRO;EEF CARMELITA VERAS DE PAULA;RUA AMBROZINA FÉLIX, 443
SANTA QUITÉRIA;54;69;PIRACICABA;ESCOLA MUNICIPAL QUITERIENSE;RUA TABELIÃO FRANCISCO PAULA LOBO, S/N.
JUAZEIRO DO NORTE;119;180;TIMBAUBA;ESCOLA ANTONIO BEZERRA MONTEIRO;SEBASTIAO CAVALCANTE SN
ARACOIABA;67;276;IDEAL-DISTRITO;ESCOLA DE ENSINO FUNDAMENTAL FRANCISCO JOSÉ FERREIRA;MAGUARY
PENTECOSTE;50;180;SÃO FRANCISCO;EEF BALBINA MOREIRA DE AZEVEDO;AVENIDA ANTÔNIO BRAGA DE AZEVEDO
CARIÚS;43;166;SAO SEBASTIAO-DISTRITO;EEIF JOAO DIAS DE MORAIS;VILA SAO SEBASTIAO
FORTALEZA;94;404;VILA VELHA;EMEIF HERONDINA LIMA CAVALCANTE;AV. AMBIENTALISTA ARY THIERS, 310
FORTALEZA;116;303;GRANJA LISBOA;EEEP ICARO DE SOUSA MOREIRA - LICEU DO BOM JARDIM;RUA JOSE MARTINS, 2246
TRAIRI;97;115;CENTRO;ESCOLA DE 1 E 2 GRAU JONAS HENRIQUE DE AZEVEDO;AV CELSO BARROSO
VÁRZEA ALEGRE;62;270;ZEZINHO COSTA;EEF DR. DÁRIO BATISTA MORENO;AV. VICENTE ALVES COSTA, 624
AMONTADA;89;116;GARÇAS;EEM LIDIA CARNEIRO DE BARROS;GARÇAS
FORTALEZA;93;111;MONDUBIM;EM OSMIRIO DE OLIVEIRA BARRETO;RUA 10, S/N (CJ SITIO DO CÓRREGO)
ERERÉ;10;193;CAIXA D'AGUA;E.E.F 4 DE JUNHO;RUA JOSÉ PESSOA DE QUEIROZ, S/N
RUSSAS;9;83;CENTRO;COLEGIO ESTADUAL GOVERNADOR FLAVIO MARCILIO;AV DOM LINO 725
SOBRAL;121;298;COHAB I;EEFM MONS. JOSE GERARDO FERREIRA GOMES(NOELIA);RUA MADALENA DE SÁ, S/N
BREJO SANTO;70;223;CENTRO-SEDE;EEF PROFESSOR PEDRO GOMES DA SILVA BASILIO;RUA MANOEL ANTONIO CABRAL 489
JAGUARUANA;75;90;SANTA LUZIA;C.E.I. RAIMUNDO PEREIRA BEZERRA (SANTA LUZIA);SANTA LUZIA
ACARAÚ;30;216;ZONA RURAL;ESCOLA JOSE AUGUSTO VASCONCELOS;ILHA DOS COQUEIROS
BOA VIAGEM;63;53;IPIRANGA;EEF MANOEL GENUINO VIEIRA;IPIRANGA
IRAUÇUBA;41;156;COITE;ESCOLA MUNICIPAL JULIO PINHEIRO BASTOS;COITE
CRUZ;30;118;ANINGAS;ESCOLA PAULO FREIRE;RUA 14 DE JANEIRO SN
FRECHEIRINHA;81;242;CENTRO;CENTRO EDUCACIONAL RAIMUNDO PEREIRA;AVENIDA JOAQUIM PEREIRA 717 - CENTRO 
SANTANA DO ACARAÚ;44;44;CENTRO;COLÉGIO SANTANENSE;RUA DR MANOEL JOAQUIM 1019
ASSARÉ;18;96;AMARO;ESC DE ENS FUND MARIA CELIA FERREIRA;RUA GOMES DE ALMEIDA S/N
JUAZEIRO DO NORTE;28;479;PROFESSORA MARIA GELI SA BARRETO;EEIF JOÃO ROMÃO DE SÁ BARRETO;SITIO BREJO SECO
FORTALEZA;115;490;JARDIM CEARENSE;ESCOLA MARISTA SAGRADO CORAÇÃO;RUA VIDAL DE NEGREIROS, 550
CATUNDA;54;134;CENTRO;E.E.F.M. MONSENHOR XIMENES;AVENIDA SETE DE SETEMBRO, SN.
PACAJUS;49;410;ALDEIA PARQUE;EEF ALICE FERNANDES LOPES;RUA JOSÉ DOS SANTOS GIRÃO OLIVEIRA SN
BREJO SANTO;70;207;LAGOA DO MATO-SEDE;ESCOLA MUNICIPAL NOBILINO ALVES DE ARAUJO;VILA LAGOA DO MATO
SABOEIRO;43;285;FAZENDA NOVA;E.E.F. PEDRO PEREIRA DE SOUSA;SÍTIO GALÉS
PACAJUS;49;15;BURITI;CENTRO DE EDUCACAO MUNICIPAL DE PACAJUS;RUA TABELIAO JOSE GAMA FILHO 734
ARARIPE;68;80;CENTRO;ESCOLA MODELO - PROFESSORA CÍCERA GERMANO CORREIA - SEDE;RUA MOACIR DE SOUZA ROCHA, S/N
IBIAPINA;73;32;DISTRITO DE ALTO LINDO;ESCOLA MANUEL RODRIGUES DE MEDEIROS;RUA RAIMUNDO DOMINGOS XIMENES
CARIRIAÇU;71;39;PARAÍSO;EEF PAULO BARBOSA LEITE;RUA LUIZ BEZERRA, SN
GRANJA;25;216;OITEIRO;E.E.F. DEPUTADO DELMIRO DE OLIVEIRA;RUA 105, COHAB VICENTE ARRUDA
AQUIRAZ;66;65;TAPERA;EMEF PLACIDO CASTELO;RUA ASSIS BENTO DE FREITAS, 970 - BARRINHA
MILAGRES;26;96;VILA PADRE CICERO;ESCOLA FRANCISCO GOMES DE LUCENA;VILA PADRE CICERO
FORTALEZA;95;221;PARQUE SANTA MARIA;EMEIEF BARBARA DE ALENCAR;RUA CAPITAO PORFIRIO, 544
FORTALEZA;95;131;JANGURUSSU;EM PROFESSOR FRANCISCO DE MELO JABORANDI;AV. GOVERNADOR LEONEL BRIZOLA, 198
ICAPUÍ;8;155;CENTRO;EEF. PROFESSORA MIZINHA;AV. 22 DE JANEIRO 5183
JARDIM;119;282;CENTRO;ESCOLA GOV. ADAUTO BEZERRA;AV WILSON RORIZ 1334
CAMOCIM;32;21;CENTRO;INSTITUTO SAO JOSE;PRACA JOSE SEVERIANO MOREL N 1493
FORTALEZA;117;472;CANINDEZINHO;EM FLORIVAL ALVES SERAINE;RUA ITATIAIA, 1000
JUCÁS;43;102;MONTENEGRO - SÍTIO - SEDE;ESCOLA DE 1 GRAU MARIA DO CARMO DA CONCEICAO;SÍTIO MONTENEGRO
PENTECOSTE;50;138;PEDREIRA;EEF EDSON MARTINS CAMPELO;RUA ANTONIO NATALIA
PARAMOTI;111;176;CENTRO;EEMTI TOMÉ GOMES DOS SANTOS (PRÉDIO NOVO);RUA ORLEANS FARIAS, S/N - SANTA CECÍLIA
FORTALEZA;113;241;RODOLFO TEÓFILO;EEFM FÉLIX DE AZEVEDO;RUA MONSENHOR FURTADO, 757
BARREIRA;52;3;MEARIM III;ESCOLA BOANERGES JACÓ (CERUR);RUA JOÃO JULIÃO, N. 182
QUIXERAMOBIM;11;84;SEDE RURAL;ESCOLA GEORGINA LEITAO MACEDO;CANHOTINHO
ITAPAJÉ;41;122;CRUZEIRO-SEDE;CRAS CATÃO AZEVEDO CRUZ;RUA MANOEL BERNARDE 59
PEREIRO;10;147;ZONA RURAL;POSTO DE SAÚDE DA SERRINHA DOS MARINHEIROS;SÍTIO SERRINHA DOS MARINHEIROS
FORTALEZA;117;484;PARQUE PRESIDENTE VARGAS;EMTI PROFESSORA MARIA JOSÉ FERREIRA GOMES;RUA CÔNEGO DE CASTRO, 8617
IPUEIRAS;40;11;ENGENHEIRO JOÃO TOMÉ;EEF NOEMI VASCONCELOS - ENGENHEIRO JOÃO TOMÉ;RUA DOUTOR BRANDÃO, S/N
BOA VIAGEM;63;109;CENTRO-SEDE;EEF PE ANTONIO CORREIA DE SA;RUA JOSE RANGEL DE ARAUJO 22
SOBRAL;24;436;PADRE PALHANO;EEFI PADRE PALHANO;RUA PADRE EDSON, S/N
FORTALEZA;3;9;CENTRO;COLÉGIO TIRADENTES VESTIBULARES;RUA PEDRO I, 1106
ORÓS;15;323;CENTRO;CEI MARIA AURILA PEQUENO VIDAL;RUA LUIZ ROLIM, S/N
CANINDÉ;33;287;ZONA RURAL;EMEF MARIA RICARDO DA SILVA;LOCALIDADE DE BONITINHO
AQUIRAZ;66;14;CENTRO;EMEF LAIS SIDRIM TARGINO;PRAÇA PADRE MATIAS  N 55
FORTALEZA;94;66;ANTÔNIO BEZERRA;EEF INSTITUTO DOS CEGOS (ANTÔNIO BEZERRA);RUA DR. JOÃO GUILHERME, 373
PORANGA;40;205;SEDE;ESCOLA INDÍGENA JARDIM DAS OLIVEIRAS - SEDE;RUA DOS TABAJARA E KALABAÇA, S/N
PEDRA BRANCA;59;7;SEDE;PSF LOCALIDADE MATA;MATA
FORTALEZA;112;539;CIDADE DOS FUNCIONÁRIOS;COLÉGIO DÁULIA BRINGEL;RUA TRAJANO ALVES DE AGUIAR, 55
BELA CRUZ;96;6;CORREGUINHOS-LOCALIDADE;EMEIEF RAIMUNDO JOVINO VASCONCELOS;CORREGUINHO
SOBRAL;121;10;SINHÁ SABÓIA;ESCOLA CARLOS JEREISSATI;AV SENADOR FERNANDES TAVORA, 950
JARDIM;119;283;CENTRO;ESCOLA GOV. ADAUTO BEZERRA;AV WILSON RORIZ 1334
AMONTADA;89;149;GOSTOSA;EEB JOSE COELHO DE MORAIS;SITIO TRINTA E NOVE
MISSÃO VELHA;16;1;SEDE;CENTRO ADMINISTRATIVO PEDRO ROCHA;RUA CORONEL JOSE DANTAS, 1038. CENTRO.
FORTALEZA;116;433;JOÃO XXIII;COMPLEXO SOCIAL MAIS INFÂNCIA MARIA DE LOURDES MOREIRA LEITE LIMA;RUA ARAGUAIANA, 77
JUAZEIRO DO NORTE;28;268;CENTRO;EEEP PROFESSOR MOREIRA DE SOUSA;DO CRUZEIRO 497
IPU;21;14;SEDE;CVT - CENTRO VOCACIONAL TECNOLOGICO;AV MILTON CARVALHO SN - CAIXA DAGUA
MORADA NOVA;47;269;2 DE AGOSTO;EEEP OSMIRA EDUARDO DE CASTRO;RUA ALUÍSIO GONZAGA DE LIMA, S/N
FRECHEIRINHA;81;250;CENTRO;CENTRO DE FORMACAO FREI ANASTACIO - CEFRAN;RUA MANOEL FERNANDES 218
QUIXADÁ;6;10;CIPÓ DOS ANJOS;EEF DE ALÍVIO;ALÍVIO DOS CANCÕES, S/N
QUIXADÁ;6;68;CENTRO;COLÉGIO SAGRADO CORACÃO DE JESUS;TRAVESSA JOSE DE BARROS,1200
FORTALEZA;117;165;BOM JARDIM;EEFM JULIA ALVES PESSOA;RUA SÃO FRANCISCO SN
TIANGUÁ;81;109;CARUATAÍ;CENTRO EDUCACIONAL CORAÇÃO DE MARIA;RUA MANOEL RODRIGUES CAVALCANTE, S/N - DISTRITO CARUATAÍ
MARACANAÚ;122;145;MUCUNA;EMEF MANOEL ROSEO LANDIM;RUA OSCAR FERREIRA DE BRITO, 161
MARACANAÚ;122;44;ALTO ALEGRE I;EMEF PROFESSORA MARIA DE LOURDES DA SILVA;RUA 14 N 800 QUADRA 236
MARACANAÚ;104;91;JEREISSATI I;EEMTI PROFESSOR ANTÔNIO MARTINS FILHO;AVENIDA III, S/N
TAUÁ;19;168;COLIBRIS;ESCOLA DONDON FEITOSA;RUA JORNALISTA HELDER FEITOSA S/N
CAUCAIA;37;42;PARQUE SOLEDADE;COLEGIO JANUSA CORREA;RUA NOSSA SENHORA DOS PRAZERES, 238
PENTECOSTE;50;182;PEDREIRA;EEF EDSON MARTINS CAMPELO;RUA ANTONIO NATALIA
FORTALEZA;83;101;HENRIQUE JORGE;EEM  MARIANO MARTINS;AVENIDA SENADOR FERNANDES TÁVORA 1445
BEBERIBE;84;4;CENTRO;ESCOLA DE ENSINO FUNDAMENTAL E MEDIO ANA FACO;RUA VICENTE MATHIAS 119
TARRAFAS;18;79;ZONA RURAL;ESCOLA DE 1 GRAU ANTONIO JILO;SITIO CAJAZEIRAS DO JILO  -  ZONA RURAL
FORTALEZA;95;238;JANGURUSSU;EMEIEF TAÍS MARIA BEZERRA NOGUEIRA;AV. GOVERNADOR LEONEL BRIZOLA, 710
SOLONÓPOLE;55;138;CENTRO;EEIEF JOSÉ OSTER MACHADO;RUA RAIMUNDA ARINA CAVALCANTE PINHEIRO
JARDIM;119;350;SITIO LAGOA DO ALTO;ESCOLA SANTO ANTONIO;SITIO LAGOA DO ALTO S/N
FORTALEZA;95;231;CONJUNTO PALMEIRAS;CENTRO DE CIDADANIA DOS DIREITOS HUMANOS-CCDH (EVANDRO AYRES DE MOURA);AV. CASTELO DE CASTRO, 2842
VARJOTA;65;169;CENTRO;UBS - TEODORICO RODRIGUES LOPES;AV. SENADOR VIRGINIO TAVORA
TIANGUÁ;81;59;SEMINÁRIO;FACULDADE VIA SAPIENS;AVENIDA PREFEITO JACQUES NUNES, 1739
FORTALEZA;113;422;MONTESE;EEFM MARECHAL HUMBERTO DE ALENCAR C. BRANCO;RUA ALVARO FERNANDES, 913
CAUCAIA;123;314;PARQUE POTIRA (JUREMA);E.E.I.E.F. ANTÔNIO ALBUQUERQUE SOUSA FILHO;RUA HERIBALDO RODRIGUES (ANTIGA RUA POTIGUARA), 488
GUARACIABA DO NORTE;74;83;CRUZ;ESCOLA DE 1 GRAU MONSENHOR ANTONINO;RUA MONSENHOR EURICO
BREJO SANTO;70;239;MORRO DOURADO;ASSOCIACAO BREJOSANTENSE DE APOIO A FAMILIA - ABAF;ANA LUIZ PINHEIRO TORRES SN
PACATUBA;57;305;CONJUNTO JEREISSATI III;EEIEF NELLY DE LIMA E MELO;RUA 02, 250