NOVO ORIENTE;99;55;ZONA RURAL;EEF FRANCISCO SEVERIANO DE SOUSA;DISTRITO SANTA MARIA
FORTALEZA;83;748;PICI;ESCOLA MUNICIPAL ADROALDO TEIXEIRA CASTELO;RUA ALAGOAS 2267
TIANGUÁ;81;219;RÉGIS DINIZ;E.E.I.F. MONSENHOR AGESILAU DE AGUIAR;AVENIDA ZEFERINO FERREIRA, S/N
MASSAPÊ;45;88;ZONA RURAL;ASSOCIAÇÃO COMUNITÁRIA DOS MORADORES DO ARRAIAL;POVOADO DE ARRAIAL
PARACURU;109;219;CAMPO DE SEMENTE;E. M. E. I. F. JOSE FERREIRA DA SILVA;RUA N. S. DO AMPARO, S/N
FORTALEZA;85;159;CONJUNTO CEARÁ I;EEF GOVERNADOR FAUSTINO ALBUQUERQUE - UV1;RUA 143 N 155 - 1 ETAPA
FORTALEZA;116;428;BONSUCESSO;EEF SAO JOSE DO PICI DAS PEDREIRAS;RUA MANUEL ANTONIO LEITE 250
CEDRO;13;517;FÁTIMA;ESCOLA DE ENS FUND FCA DE ALBUQUERQUE MOURA (CEJOVEM);RUA ANTONIO VIANA DE ARAUJO S/N
PACAJUS;49;138;TUCUM;EEF SENADOR CARLOS JEREISSATI;TUCUM
COREAÚ;64;127;COHAB;COREAÚ - ESCOLA MUN. PROFª IZAURA MA. DA SILVA;RUA TANCREDO NEVES, S/N - COHAB
GRAÇA;79;142;SITIO PIRITUBA;UNIDADE BÁSICA DE SAÚDE - UBS JOSÉ XIMENES DE FARIAS;SÍTIO PIRITUBA
CATARINA;60;230;VILA NOVA - SEDE;EEF FRANCISCO RODRIGUES PEREIRA;RUA JOSE PEDROSA DE MIRANDA S/N
ICÓ;15;106;SAO VICENTE - DISTRITO;ESCOLA MUNICIPAL MARIA BEZERRA NUNES;DISTRITO DE SAO VICENTE S/N
TRAIRI;97;36;GUALDRAPAS;EEF JOAQUIM DIAS FREITAS;GUALDRAPAS
AMONTADA;89;177;GARÇAS;EEB JOÃO SERGIO GOMES;VARZEA GRANDE
FORTALEZA;93;203;PLANALTO AYRTON SENNA;LICEU ESTADUAL DOMINGOS BRASILEIRO;RUA PLANALTINA, S/N
IPAUMIRIM;92;107;CENTRO-SEDE;E.E.F. JOSE ALVES DE OLIVEIRA;VILA SAO JOSE
UBAJARA;73;181;NOSSA SENHORA DE LOURDES;ESCOLA EUDES S CUNHA / NOSSA SRA. DE LOURDES;RUA CESARIO COSTA
NOVO ORIENTE;99;8;CENTRO;EEF FRANCISCO RUFINO VIEIRA;RUA CAPITAO RODRIGO S/N
GRANJA;25;40;ADRIANOPOLES;UBS - MARIA IRENE DE SOUSA (ANTIGA ESCOLA JUAREZ CRUZ);RUA PEDRO PORTELA XAVIER, S/N
SOBRAL;24;679;DOMINGOS OLÍMPIO;EEFI EMILIO SENDIM;RUA EDUARDO DE ALMEIDA SANFORD, S/N
FORTALEZA;115;34;PARANGABA;EM THOMAZ POMPEU SOBRINHO;RUA JOSE MENELEU, 531
FORTALEZA;80;339;JOAQUIM TÁVORA;COLÉGIO ANTARES IRMÃ MARIA (ANTIGO IRMÃ MARIA MONTENEGRO);RUA PINHO PESSOA 681
PARAMOTI;111;165;LOCALIDADE CANDEIA;EEF SÃO RAIMUNDO;LOCALIDADE CANDEIA
CHOROZINHO;49;60;CHORÓ CARNAUBINHA;EEF MARIA FRANCISCA DE SOUSA;LOCALIDA DE CHORO CARNAUBINHA
FORTALEZA;94;761;ANTÔNIO BEZERRA;EMTI JOSÉ CARLOS DE OLIVEIRA NETO;R. SAO VICENTE DE PAULO, 170
SOBRAL;24;474;JOSÉ EUCLIDES;EEM MINISTRO JARBAS PASSARINHO;AVENIDA JOHN SANFORD, S/N
SOBRAL;24;656;CAMPO DOS VELHOS;EEM PROF. LUIS FELIPE;RUA CEL JOSE SILVESTRE, 760
CAPISTRANO;105;1;SEDE;CAMARA MUNICIPAL DE CAPISTRANO;RUA TRAVESSA MIGUEL FERREIRA LIMA S/N
AQUIRAZ;66;220;JUSTINIANO DE SERPA;EEF LAGOA DO MATO DE SERPA;LAGOA DO MATO - JUSTINIANO DE SERPA
UBAJARA;73;172;NOSSA SENHORA DE LOURDES;ESCOLA EUDES S CUNHA / NOSSA SRA. DE LOURDES;RUA CESARIO COSTA
LAVRAS DA MANGABEIRA;14;27;QUITAIUS - DISTRITO;ESCOLA DE 1 E 2 GRAU JOAQUIM LEITE TEIXEIRA;RUA JOAQUIM LEITE TEIXEIRA 240
BARBALHA;31;158;CIROLÂNDIA;ETI ANTONIO GONDIM SAMPAIO (CIROLÂNDIA);RUA CINOBILINA CALLOU (L3), 463
FORTALEZA;85;207;GENIBAÚ;ESCOLA MUNICIPAL PROF AMERICO BARREIRA;RUA RICARDO PONTES 529
ITAPAJÉ;41;76;SOLEDADE;ESCOLA CAPITAO PRUDENCIO PEREIRA PASSOS;SOLEDADE
SÃO GONÇALO DO AMARANTE;36;279;ARAPIXI;ESCOLA DE ENSINO MÉDIO WALDEMAR ALCANTARA;RUA MAJOR JOÃO MARTINS
ICÓ;15;191;CANTO - SITIO;ESCOLA MUNICIPAL MANOEL JOSE DE ARAUJO;SITIO CANTO S/N
BARBALHA;31;162;MATA DOS DUDAS;EMEIF NAZINHA GARCIA SAMPAIO (SÍTIO MATA DOS DUDAS);RUA GEANE NÓBREGA DE ARAÚJO SARAIVA, S/N  (7.27423 S, 39.31956 W)
FORTALEZA;93;248;PLANALTO AYRTON SENNA;EM GEISA FIRMO GONÇALVES;RUA ZULEICA PONTES, 1260
PINDORETAMA;7;122;CENTRO-PINDORETAMA;EMEB FRANCISCA HOLANDA COSTA;RUA MARECHAL CASTELO BRANCO, 1074
ACARAPE;52;119;MORENOS;ESCOLA RAIMUNDO ALVES DE SOUSA;MORENOS
BREJO SANTO;70;319;CENTRO-SEDE;PROJETO ABC;RUA MANOEL LEITE DE MOURA 1015
FORTALEZA;93;132;PREFEITO JOSÉ WALTER;COLEGIO 21 EDUCAR;AV JOAO DE ARAUJO LIMA, 1240 - II ETAPA
SOBRAL;121;18;CENTRO;ESCOLA DINORAH TOMAZ RAMOS;RUA PINTOR LEMOS, 01
AQUIRAZ;66;105;PATACAS;EMEF LEOLINA BATISTA RAMOS;AV JOSUE LEITE DE FREITAS S/N
JUAZEIRO DO NORTE;28;353;AREA RURAL DE JUAZEIRO DO NORTE;EMEIF NOSSA SENHORA DE FATIMA;SITIO UMARI
LAVRAS DA MANGABEIRA;14;8;CENTRO - SEDE;EEMTI ALDA FERRER AUGUSTO DUTRA;RUA CORONEL JOAO AUGUSTO 454
MORADA NOVA;47;251;DOURADO;EEB SANTO ANTÔNIO;SÍTIO VOLTA DE JOÃO MATEUS
PACAJUS;49;209;CENTRO;EEFM NUNES MORAES (SEDE 2);RUA DOS EXPEDICIONÁRIOS, 495 - CENTRO
CANINDÉ;33;455;BAIRRO DO S;EEF RAIMUNDO OURIVES ANDRADE;RUA RAIMUNDO OURIVES 1950
FORTALEZA;94;787;VILA VELHA;CEI MARISTELA DA FROTA CAVALCANTE;AV. L, N. 1000
INDEPENDÊNCIA;39;205;MALHADA VERMELHA;EEE RAIMUNDO NONATO FILHO;MALHADA VERMELHA
FORTALEZA;112;499;CIDADE DOS FUNCIONÁRIOS;COLEGIO MASTER SUL;RUA BENJAMIM MOURA, 631
FORTALEZA;3;176;JACARECANGA;SENAI - UNIDADE CENTRO;AV. PADRE IBIAPINA, 1280
AURORA;69;58;PADRE MORORO-SEDE;E.E.I.F. ANTONIO LANDIM DE MACEDO;PADRE MORORO S/N
RUSSAS;9;134;CORREGO DA CATITA;ASSOCIAÇÃO COMUNITÁRIA FRANCISCO PAZ FILHO;CÓRREGO DA CATITA
CATUNDA;54;95;DISTRITO DE VIDÉO;E. E. F. JOAQUIM PEREIRA DE MATOS;DISTRITO DE VIDÉO
PACAJUS;49;312;LAGOA SECA;EEF VEREADOR JOAQUIM NOGUEIRA LOPES;CONJUNTO LAGOA SECA
FORTALEZA;112;524;EDSON QUEIROZ;COLÉGIO NOVA DIMENSÃO;AV. EDILSON BRASIL SOARES, 1599
IPUEIRAS;40;103;CENTRO;COLEGIO ESTADUAL OTACÍLIO MOTA - CENTRO;RUA CORONEL MANOEL MOURÃO, 389
TRAIRI;97;162;SITIO ILHA;EEF PROFESSOR JOSE NERI;SITIO ILHA
MISSÃO VELHA;16;74;DISTRITO DE JAMACARU;EEF MARIA FECHINE DE ALENCAR;RUA FRANCISCO RODRIGUES DA CRUZ S/N
MISSÃO VELHA;16;108;SEDE;EEF LOURIVAL DANTAS RIBEIRO;RODOVIA MISSAO VELHA/JAMACARU KM 01, COHAB CASEMIRO FARIAS.
FRECHEIRINHA;81;256;CENTRO;CRECHE INÊS EDITE PONTES;RUA SANTO ANTÔNIO, S/N, CENTRO
JUAZEIRO DO NORTE;119;194;AEROPORTO;ESCOLA CICERA GERMANO CORREIA;RUA SEBASTIAO REGIS SN
GUARACIABA DO NORTE;74;82;SEDE;E.E.I.F. JOÃO BARRETO DOS SANTOS;RUA 12 DE MAIO - CENTRO
BARREIRA;52;203;BONSUCESSO;ESCOLA ANTÔNIO JULIÃO NETO;RUA RAIMUNDO ALVES DOS REIS DOCA, SN
BANABUIÚ;6;397;CENTRO;SECRETARIA DE ACÃO SOCIAL;RUA RAUL URQUID S/N
FORTALEZA;93;114;MONDUBIM;CEI MARIA HERCILIA EVANGELISTA;RUA 3, 300 - PARQUE SANTANA
GENERAL SAMPAIO;50;43;CENTRO;EMEF Mª ARINDA LOBO DE MESQUITA;RUA JOSÉ SEVERINO FILHO, 209
FORTALEZA;115;54;ITAPERI;UNIVERSIDADE ESTADUAL DO CEARA - UECE;AV DR. SILAS MUNGUBA, 1700
FORTALEZA;115;405;MANOEL SÁTIRO;EEFM PROFESSOR MARIO SCHENBERG;RUA AMERICO ROCHA LIMA 835
MARANGUAPE;4;128;PENEDO;EMEIEF CARLOS PEREIRA DE SOUSA;RUA JOSÉ MENEZES, S/N
PIQUET CARNEIRO;12;11;CENTRO;EEMEFTI AZARIAS FERNANDES;RUA ZACARIAS PINHEIRO DA SILVA  S/N
CHOROZINHO;49;275;TOURADA;EEF JOSE RODRIGUES DE SOUSA;LOCALIDADE TOURADA
FORTALEZA;112;363;ENGENHEIRO LUCIANO CAVALCANTE;COLEGIO GLOBOMAX;RUA GENERAL CAIADO DE CASTRO, 156
PACAJUS;49;246;CRUZ DAS ALMAS;EEF SEN VIRGILIO DE MORAIS FERNANDES TAVORA;RUA MONTEMOR SN
FORTALEZA;80;382;TAUAPE;COLÉGIO SHALON;RUA TIBÚRCIO FROTA, 1530 COM OSVALDO CRUZ
MARACANAÚ;122;253;MUCUNA;EMEF MANOEL ROSEO LANDIM;RUA OSCAR FERREIRA DE BRITO, 161
TIANGUÁ;81;217;SANTO ANTÔNIO;LICEU DE TIANGUÁ - JOSE NI MOREIRA;RUA ZENI, 12 - SANTO ANTONIO
JUAZEIRO DO NORTE;28;221;FRANCISCANOS;COLÉGIO SÃO FRANCISCO DE ASSIS;NOSSA SENHORA DO CARMO SN
CAUCAIA;37;596;MATOES;E.E.I.E.F. GUARARU - BAIXA DAS CARNAÚBAS;RUA HELIODORO FREIRE DE MORAIS, S/N - MATÓES J MACEDO
BEBERIBE;84;86;SERRA DO FELIX;CENTRO DE EDUCACAO MUNICIPAL BETESDA;BR-116 KM 111 - BOQUEIRAO DO CESARIO
SANTANA DO ACARAÚ;44;30;CENTRO;ALCIONE CLUBE;RUA JOÃO CORDEIRO, S/N
FORTALEZA;118;552;MONDUBIM;EM PROFESSOR JACINTO BOTELHO;RUA DR. RODRIGO CODES SANDOVAL, 374
SOLONÓPOLE;55;120;SAO JOSE;E. M. E. B. PROFA. MARIA NERY FIALHO;RUA MARIA NEÓZIA DE CARVALHO LEANDRO, S/N
SOBRAL;121;338;COHAB II;ESCOLA PROF. MARIA DAS GRAÇAS TEIXEIRA PONTES;RUA ENG. JOSE FIQUEIREDO, 530
ARATUBA;105;96;PAI JOAO-SITIO;ESCOLA MUNICIPAL LUIZ GERVASIO COLARES;PAI JOAO
SANTA QUITÉRIA;54;53;PIRACICABA;E. E. M. ARACY MAGALHÃES MARTINS;RUA RAIMUNDO MESQUITA SOBRINHO, 521
AQUIRAZ;66;274;TUPUIU;EMEF FRANCISCO DA SILVA SAMPAIO;ESTRADA DO FIO TELEGRAFO
TAMBORIL;61;62;CENTRO;EMEF GENERAL SAMPAIO;RUA FRANCISCO MARTINS DE HOLANDA, 75
BARBALHA;31;38;VILA ARAJARA;EEF ANTONIO COSTA SAMPAIO (VILA DO ARAJARA);RODOVIA CE-386, S/N, VILA DO ARAJARA (7.33853 S, 39.39163 W)
BARBALHA;31;89;CENTRO;COLÉGIO SANTO ANTONIO;AV LYRIO CALLOU, 55
MARANGUAPE;4;513;SAPUPARA;EMEF JÕAO CIRINO NOGUEIRA;RUA JOAO CIRINO, S/N
VARJOTA;65;166;ACAMPAMENTO DNOCS;E.E.F. WALDIR LEOPÉRCIO;RUA TEREZINHA MORORÓ PASSOS, 384
FORTALEZA;94;324;VILA VELHA;COLEGIO SALOME BASTOS;RUA DESEMBARGADOR HERMES PARAHYBA 1120
CANINDÉ;33;43;IMACULADA CONCEIÇÃO;COLÉGIO SANTA CLARA (PARTICULAR);RUA DR. GERONCIO BRIGIDO, 297
FORTALEZA;93;96;PREFEITO JOSÉ WALTER;CEI ROGACIANO LEITE;AVENIDA J, 1488 - III ETAPA
FORTALEZA;112;388;EDSON QUEIROZ;ESCOLA MUNICIPAL TEMPO INTEGRAL PROFESSOR ÁLVARO COSTA ;RUA ADOLFO MOREIRA, S/N
FORTALEZA;82;113;CRISTO REDENTOR;CEJA  MONSENHOR HÉLIO CAMPOS;AV. MONSENHOR HÉLIO CAMPOS, 251
URUBURETAMA;23;60;SANTA LUZIA - ZONA RURAL;EEF DAVI SALES PINHEIRO;SANTA LUZIA
FORTALEZA;80;281;VILA UNIÃO;EEF GAL.  MANUEL CORDEIRO NETO;RUA JORGE ACURCIO, 900
MADALENA;63;198;SEDE;EEF COMUNIDADE PAUS FERROS;PAUS  FERRO
MARACANAÚ;104;90;JEREISSATI I;EEMTI PROFESSOR ANTÔNIO MARTINS FILHO;AVENIDA III, S/N
FORTALEZA;113;328;FARIAS BRITO;ESCOLA ESTADUAL DE EDUCAÇÃO PROFISSIONAL  PRESIDENTE ROOSEVELT;AV BEZERRA DE MENEZES 435
FORTALEZA;83;766;PICI;ESCOLA MUNICIPAL PROFESSORA MARIA LIDUÍNA CORREA LEITE;RUA FERNÃO MAGALHÃES, 120
ACARAÚ;30;45;ZONA RURAL;ESCOLA ANCELMO JOSÉ DA SILVEIRA;CARRAPATEIRAS
PARAMBU;19;294;MONTE SION;ESCOLA EVA BATISTA DE ALMEIDA;SERRA DO MEIO
PARAMBU;19;335;POSTO CEARÁ;ESCOLA FRANCISCA EVILEIDE DE SOUSA (ANTIGA ESCOLA PEDRO ALVES FEITOSA);POSTO CEARÁ
BARBALHA;31;108;BARRO VERMELHO;ETI MARIA LINHARES SAMPAIO (SÍTIO BARRO VERMELHO);SITIO BARRO VERMELHO
QUITERIANÓPOLIS;99;154;ZONA RURAL;EEIF ZACARIAS BEZERRA DO NASCIMENTO;SAO PEDRO
SÃO BENEDITO;22;111;SITIO SANTOS REIS;EEF LOURIVAL BANHOS;SITIO SANTOS REIS
ACARAÚ;30;220;ZONA RURAL;ESCOLA SOFIA NUNES DE FREITAS;ALPARGATAS
FORTALEZA;113;406;PARQUE ARAXÁ;CENTRO UNIVERSITÁRIO UNIFANOR;AV. BEZERRA DE MENEZES, 1277
TURURU;17;647;CENTRO;EEFM LUIZA BEZERRA FARIAS;RUA MONSENHOR SOLON 248
GUAIÚBA;57;140;HELDER BEZERRA;EEM JOSÉ TRISTÃO FILHO;RUA MARIA DO CARMO, 100
PARACURU;109;46;QUATRO BOCAS;E. M. E. I. F. ISAC DA ROCHA;QUATRO BOCAS
MOMBAÇA;46;152;CARNAUBA;ESCOLA DE ENSINO FUNDAMENTAL ANTONIO FRANCISCO DE SOUSA;SITIO SERROTE PRETO
FORTALEZA;85;318;GENIBAÚ;ESCOLA MUNICIPAL DEP MURILO AGUIAR;RUA 24 DE OUTUBRO 655
PENTECOSTE;50;196;ZONA RURAL;EEIF DOMINGOS DA CUNHA BRAGA;UMBURANAS
FORTALEZA;85;169;ANTÔNIO BEZERRA;INSTITUTO EDUCACIONAL JOSE DE ALENCAR;RUA HUGO VITOR 730
FORTALEZA;85;240;CONJUNTO CEARÁ I;EEM PROF JOSE MARIA CAMPOS DE OLIVEIRA - UV 8;RUA 820 S/N - 3 ETAPA
FORTALEZA;93;207;PLANALTO AYRTON SENNA;LICEU ESTADUAL DOMINGOS BRASILEIRO;RUA PLANALTINA, S/N
FORTALEZA;83;34;BELA VISTA;EEMTI ESTADO DO AMAZONAS;RUA MONSENHOR FURTADO 2327
JAGUARIBE;10;20;DISTRITO DE AQUINÓPOLIS;GRUPO ESCOLAR MANOEL RUFINO DE AQUINO FILHO;DISTRITO DE AQUINOPOLES
FORTALEZA;112;493;CIDADE DOS FUNCIONÁRIOS;COLEGIO MASTER SUL;RUA BENJAMIM MOURA, 631
MARANGUAPE;4;8;SAPUPARA;EMEF JÕAO CIRINO NOGUEIRA;RUA JOAO CIRINO, S/N
FORTALEZA;95;317;CAJAZEIRAS;EEMTI PROF. PAULO AYRTON ARAUJO - PRÉDIO ANTIGO;BR 116 KM 05, EM FRENTE AO ASSAÍ ATACADISTA
FORTALEZA;94;822;ANTÔNIO BEZERRA;COLEGIO JULIA FIALHO;RUA JOSE ACIOLY 73
FORTALEZA;112;44;JARDIM DAS OLIVEIRAS;EM MARIA DE LOURDES RIBEIRO JEREISSATI;RUA REINO UNIDO, 115
SÃO BENEDITO;22;152;CENTRO-SEDE;EEMF SÃO BENEDITO;R MINISTRO ANTONIO COELHO 962
ACARAPE;52;2;SÃO BENEDITO;ESCOLA FRANCISCO ROCHA RAMOS;RUA FROTA GONCALVES, SN
FORTALEZA;113;53;JOSÉ BONIFÁCIO;COLÉGIO FARIAS BRITO;RUA SENADOR POMPEU, 2607
MISSÃO VELHA;16;50;SEDE;SOCIEDADE PESTALOZZI DE MISSAO VELHA (ESPECIAL);RUA PADRE CICERO, 1292, CENTRO.
MADALENA;63;237;PAUS BRANCOS;EEM JOÃO DOS SANTOS DE OLIVEIRA;QUIETO
JAGUARIBE;10;83;DISTRITO DE MAPUÁ;E.E.F. RAIMUNDO LIMA GOMES;RUA FRANCISCO ALVES MORAIS 794
IPUEIRAS;40;164;ARAÇAS;ASSOCIAÇÃO COMUNITÁRIA MANOEL FERREIRA DA CRUZ - ARAÇAS;ARAÇAS
ICÓ;15;22;CENTRO - SEDE;ESCOLA MUNICIPAL SENHOR DO BONFIM;RUA FRANCISCO MACIEL DA SILVA, 2557
TRAIRI;97;76;PEIXINHOS;CRECHE SONHO DE CRIANÇA;PEIXINHOS
SOBRAL;121;172;CENTRO;CEJA - CENTRO DE EDUCACAO DE JOVENS E ADULTOS CECI CIALDINI;RUA ORIANO MENDES, 455
TAMBORIL;61;80;BAIRRO MONTE CASTELO;EMEIF PROFª JULIETA ALVES TIMBÓ;RUA FRANCKLIN CAVALCANTE SN
DEPUTADO IRAPUAN PINHEIRO;55;22;BETANIA;EEB JOAQUIM NAPOLEAO PINHEIRO;RUA JOAO ALFREDO
FORTALEZA;113;297;BOM FUTURO;COLÉGIO MEDALHA MILAGROSA;RUA PADRE JOÃO PIAMARTA,  415
FORTALEZA;113;299;JARDIM AMÉRICA;EEFM ESTADO DO PARANÁ;RUA ALBERTO MAGNO, 123
CARIDADE;111;110;CENTRO;EEF CARMOZINA BITTENCOURT;AVENIDA CORONEL FRANCISCO LINHARES
CARIDADE;111;65;CENTRO;EEFM CASEMIRO BEZERRA DE ARAUJO;RUA CEL FRANCISCO LINHARES 496
PENTECOSTE;50;132;ZONA RURAL;EEIF MARIA GERCI SILVA;LAGOA DA PORTA
ITAPAJÉ;41;273;PADRE LIMA;ESCOLA MUNICIPAL CAPITAO MANOEL PINTO MESQUITA;RUA TEIXEIRA PINTO  1047
SANTANA DO CARIRI;53;57;LATÃO;EMEIEF JOAQUIM PINHEIRO DE MENEZES;VILA LATÃO, SN
IPU;21;28;ALTO DA BOA VISTA;EMEB MONSENHOR GONÇALO DE OLIVEIRA LIMA;AV. JOSÉ CARVALHO DE ARAGÃO, 102
BATURITÉ;5;66;CENTRO-SEDE;EMEF MONSENHOR MANOEL CANDIDO;PRAÇA DA MATRIZ, SN
FORTALEZA;85;144;CONJUNTO CEARÁ I;EEEP PROFESSOR CESAR CAMPELO;RUA 717, N.164, 3 ETAPA
JUAZEIRO DO NORTE;119;379;ANTONIO VIEIRA;ESCOLA PREFEITO ANTONIO CONSERVA;CONSTRUTOR JOSE SABINO SN
BARBALHA;31;143;DISTRITO ESTRELA;CRECHE TIA CHICA (ESTRELA);AV. JOÃO EVANGELISTA SAMPAIO, S/N (7.28380 S, 39.26534 W)
MAURITI;76;108;POPULARES;CAPELA SÃO FRANCISCO;RUA AMELIO LEITE, 388
FORTALEZA;82;223;MONTE CASTELO;EEMTI CLÁUDIO MARTINS;RUA DEMÓCRITO ROCHA, 400
TAUÁ;19;58;COLIBRIS;ESCOLA LICEU DE TAUA LILI FEITOSA;RUA JORNALISTA HELDER FEITOSA SN
FORTALEZA;93;79;PREFEITO JOSÉ WALTER;EM RACHEL DE QUEIROZ;AVENIDA C, S/N - II ETAPA
PINDORETAMA;7;296;CAPONGA FUNDA - PINDORETAMA;EMEB AURELINA FALCÃO DA SILVA;AV. PEDRO FERREIRA DO NASCIMENTO, 1057
EUSÉBIO;88;251;TAMATANDUBA;CEI TEREZINHA CAMPINA BRAUNA;RUA EZEQUIEL CAMPINA, S/N
VIÇOSA DO CEARÁ;35;117;ZONA RURAL;E.E.F JOÃO PAULINO;DISTRITO DE PASSAGEM DA ONCA
FORTALEZA;112;551;ENGENHEIRO LUCIANO CAVALCANTE;CENTRO UNIVERSITÁRIO 7 DE SETEMBRO - UNI 7 (FA7);AV. ALMIRANTE MAXIMINIANO DA FONSECA, 1395
FORTALEZA;112;582;EDSON QUEIROZ;COLÉGIO NOVA DIMENSÃO;AV. EDILSON BRASIL SOARES, 1599
PACAJUS;49;345;CENTRO;ESCOLINHA INFANTIL RECANTO FELIZ;RUA JOAQUIM NOGUEIRA LOPES 932 - CENTRO
MERUOCA;24;590;Camilos;EEF - JOSE BARBALHO DO NASCIMENTO;RUA JOAO BATISTA DE ARAUJO, 170 - DISTRITO CAMILOS
FORTALEZA;95;243;JANGURUSSU;EMEIEF TAÍS MARIA BEZERRA NOGUEIRA;AV. GOVERNADOR LEONEL BRIZOLA, 710
AQUIRAZ;66;15;JUSTINIANO DE SERPA;CEI JOSE NICODEMUS DE ASSUNÇAO;RUA RAIMUNDO NONATO ASSUNÇAO S/N
TIANGUÁ;81;85;CARUATAÍ;CENTRO EDUCACIONAL CORAÇÃO DE MARIA;RUA MANOEL RODRIGUES CAVALCANTE, S/N - DISTRITO CARUATAÍ
SOBRAL;121;300;GERARDO CRISTINO;ETI MARIA DORILENE ARRUDA ARAGAO;AV. MONS. ALOÍSIO PINTO, 1.635 D. EXPEDITO
TEJUÇUOCA;41;185;VENANCIO;ESCOLA DE 1 GRAU JOSE BEZERRA SIQUEIRA;VENANCIO
MARTINÓPOLE;25;127;COHAB;E.E.F. PROFESSOR JOÃO RICARDO;RUA ARGEMIRO NEVES, 659
ITAPIÚNA;105;160;ZONA RURAL;EEIEF JARBAS PASSARINHO - ESCOLA POLO;FAZENDA SAO JOSE
IBIAPINA;73;65;SÍTIO JARDIM;ESCOLA JOÃO CARVALHO DE SOUSA;SÍTIO JARDIM
ALTO SANTO;86;18;CENTRO;ESCOLA DE 1 GRAU URCESINA MOURA CANTIDIO;RUA CEL SIMPLICIO BEZERRA 8
SENADOR POMPEU;12;51;BRASILIA;SECRETARIA DO TRABALHO E ASSISTÊNCIA SOCIAL (ANTIGO CSU);RUA FRANCISCO LEANDRO S/N
CANINDÉ;33;333;SALITRE DISTRITO;EMEF CIRILO BARROSO SAMPAIO;VALE DA CONCEIÇÃO
SÃO GONÇALO DO AMARANTE;36;312;PARADA;ESCOLA DE ENSINO FUNDAMENTAL POETISA ABGAIL SAMPAIO;PARADA
SOBRAL;121;285;PEDRINHAS;ESCOLA MARIA DO CARMO ANDRADE;PRAÇA DR. JOSE EUCLIDES FERREIRA GOMES JUNIOR, S/N
FRECHEIRINHA;81;239;CENTRO;CENTRO EDUCACIONAL RAIMUNDO PEREIRA;AVENIDA JOAQUIM PEREIRA 717 - CENTRO 
APUIARÉS;50;9;SÃO FRANCISCO;EEF AÉCIO DE BORBA;RUA JACA PRAÍBA, 410
SOBRAL;121;96;COHAB II;EEFI PAULO ARAGAO;RUA CAETANO FIGUEIREDO 100 COHAB II
FORTALEZA;116;471;CONJUNTO CEARÁ II;EM FRANCISCO EDMILSON PINHEIRO;AVENIDA H, 2115, 4A ETAPA
PALMÁCIA;4;152;GADO DOS RODRIGUES;EEF ANTÔNIO VIEIRA;GADO DOS RODRIGUES
JAGUARIBE;10;25;DISTRITO DE FEITICEIRO;E.E.I.F. MARIA ENEIDA PEIXOTO SOARES;RUA FRANCISCO GUIMARAES PEIXOTO 714
HORIZONTE;78;346;PLANALTO HORIZONTE;EMEF JORGE PEREIRA DA ROCHA;RUA PAULO FREIRE 40
LIMOEIRO DO NORTE;29;133;ÁREA RURAL;POSTO DE SAÚDE DO CANTO GRANDE;CANTO GRANDE DE BAIXO
ALTANEIRA;53;104;CENTRO;EEMTI SANTA TEREZA;RUA JOAQUIM ALVES BITU, SN
RERIUTABA;79;30;CENTRO;CENTRO DE FORMAÇÃO MISSIONÁRIA DOM WALFRIDO TEIXEIRA VIEIRA;RUA ALAÍDE RAMOS, S/N
BREJO SANTO;70;202;MORRO DOURADO;ASSOCIACAO BREJOSANTENSE DE APOIO A FAMILIA - ABAF;ANA LUIZ PINHEIRO TORRES SN
LAVRAS DA MANGABEIRA;14;22;CENTRO - SEDE;EEMTI ALDA FERRER AUGUSTO DUTRA;RUA CORONEL JOAO AUGUSTO 454
ARACATI;8;210;CACIMBA DO POVO;C.E.I. MARIA RODRIGUES PRACA;RUA SAO CRISTOVAO S/N
FORTALEZA;117;156;CONJUNTO ESPERANÇA;EEEP DARCY RIBEIRO;RUA CONEGO DE CASTRO, S/N
FORTALEZA;80;377;TAUAPE;CENTRO DE DESENVOLVIMENTO SOCIAL SEMEANDO (ANTIGO EURICO BERGSTEN);RUA CRUZ ABREU 204
FORTALEZA;80;226;JOAQUIM TÁVORA;EEFM PADRE ROCHA;RUA CEL ALVES TEIXEIRA 525
MIRAÍMA;89;293;BROTAS;CEI MARIA EDELZUITE COELHO TEIXEIRA;RUA SDO 1 TEIXEIRÃO
LAVRAS DA MANGABEIRA;14;55;MANGABEIRA - DISTRITO;ESCOLA DE 1 GRAU DR JOAO GONCALVES DE SOUZA;AV. SAO SEBASTIAO S/N
NOVA RUSSAS;48;148;RESPLANDE;ESCOLA MUNICIPAL  DAVID JOSÉ DE CARVALHO;LOCALIDADE DE RESPLANDE,
FORTALEZA;1;609;CAIS DO PORTO;EEFM - HELENITA MOTA;RUA AMANCIO FILOMENO,720
FORTALEZA;117;306;CONJUNTO ESPERANÇA;EEFM PROFA ADELIA BRASIL FEIJO;AV CONTORNO SUL, 1540
FORTALEZA;116;358;CONJUNTO CEARÁ II;EM FRANCISCO EDMILSON PINHEIRO;AVENIDA H, 2115, 4A ETAPA
MOMBAÇA;46;3;CENTRO;EEF PE. PEDRO LEÃO;RUA FRANCISCO DE ASSIS BARROSO FEIJÓ
CAUCAIA;120;273;CONJUNTO METROPOLITANO;E.E.I.E.F. OSMAR DIÓGENES PINHEIRO;RUA EDMUNDO RODRIGUES, 485 - CONJUNTO METROPOLITANO
ACOPIARA;60;96;TRUSSU;EEF SERRA NOVA;SITIO SERRA NOVA
IPU;21;29;ALTO DA BOA VISTA;EMEB MONSENHOR GONÇALO DE OLIVEIRA LIMA;AV. JOSÉ CARVALHO DE ARAGÃO, 102
MAURITI;76;20;SERRINHA;CENTRO SOCIAL URBANO DE MAURITI;RUA JOSÉ LEITE DA COSTA, S/N
ICÓ;15;76;CENTRO - SEDE;ESCOLA MUNICIPAL MARIA IRISMAR MACIEL MOREIRA;RUA SAO GERALDO S/N
GRAÇA;79;144;CENTRO-SEDE;EEF PROF. MARIA DO AMPARO SOUSA;CONJ. HABITACIONAL 15 DE ABRIL
FORTALEZA;82;645;CRISTO REDENTOR;EEMTI LIONS JANGADA;RUA CAMÉLIA, 352
CHORÓ;6;309;MARAVILHA;EEIF MARIA AMELIA;BOA VISTA, S/N, MARAVILHA
UBAJARA;73;170;SÍTIO PITANGA;ESCOLA JOSE FERNANDES DE LIMA;SITIO PITANGA
ARARIPE;68;115;DISTRITO PAJEU;ESCOLA RAIMUNDO CÍCERO DA SILVA -  PAJEÚ;RUA SAO JORGE, S/N
CAUCAIA;123;470;PARQUE DAS NAÇÕES (JUREMA);E.E.I.E.F. MANUEL CAMILO;RUA BOGOTÁ, 119 -
CHORÓ;6;267;CENTRO;CEM DOM BOSCO;RUA ILDA BEZERRA PIANCÓ, 169, CENTRO
IPUEIRAS;40;162;AREIAS;EEI E FUNDAMENTAL JOSÉ SOARES CAVALCANTE - AREIAS;AREIAS
TEJUÇUOCA;41;140;CENTRO-SEDE;CMEI DE ALFABETIZAÇÃO E LETRAMENTO MARIA MIRANDA GOMES;AVENIDA GABRIEL AGUIAR FILHO
TEJUÇUOCA;41;95;SAO BENTO;ESCOLA MUNICIPAL JOSE MOREIRA CRUZ;SAO BENTO
JATI;70;385;BAIAO-SEDE;ESCOLA MUNICIPAL JOSE CANDIDO DE SOUZA;VILA BAIAO
JAGUARUANA;75;134;TABULEIRO;E.E.F. MONSENHOR ALUISIO DE CASTRO FILGUEIRAS;RUA JOAO FRANCISCO RODRIGUES 1384
GUARACIABA DO NORTE;74;21;CENTRO;CENTRO PASTORAL NOSSA SENHORA DOS PRAZERES;R. CEL.CLÍNIO MEMÓRIA, 281 - CENTRO
FORTALEZA;95;178;PARQUE SANTA MARIA;EEMTI POETA OTACILIO COLARES;RUA JORGE DA VEIGA, 265
SANTA QUITÉRIA;54;156;VILA RIACHO DAS PEDRAS;ESCOLA MUNICIPAL FRANCISCO PAIVA RODRIGUES;VILA RIACHO DAS PEDRAS
FORTALEZA;82;194;MONTE CASTELO;CENTRO EDUCACIONAL SÃO MATEUS;AV. SARGENTO HERMÍNIO SAMPAIO, 2440
SÃO GONÇALO DO AMARANTE;36;61;CROATA-DISTRITO;ESCOLA DE ENSINO FUNDAMENTAL PORFIRIO DE ARAUJO;RUA VALDO UCHOA - CROATA
EUSÉBIO;88;189;PRECABURA;EEF ELISBAO PIO;AV ELISBAO PIO - PRECABURA
ARACATI;8;60;BARREIRA DOS VIANAS;E.E.F. FRANCISCO NOGUEIRA CAVALCANTE;BARREIRA DOS VIANAS
SÃO GONÇALO DO AMARANTE;36;238;LAGOA DAS COBRAS;ESCOLA DE ENSINO FUNDAMENTAL DEPUTADO FERNANDO ALCANTARA MOTA;LAGOA DAS COBRAS
FORTALEZA;95;299;JANGURUSSU;EEEP MÁRIO ALENCAR;RUA VERDE 44, 97 (CJ. SÍTIO SÃO JOÃO)
MAURITI;76;89;BURITIZINHO-DISTRITO;EEF JOÃO LEITE DA SILVA;SITIO MACAMBIRA
SOBRAL;121;103;GERARDO CRISTINO;ETI MARIA DORILENE ARRUDA ARAGAO;AV. MONS. ALOÍSIO PINTO, 1.635 D. EXPEDITO
FORTALEZA;116;266;GRANJA PORTUGAL;EM REITOR ANTONIO MARTINS FILHO;RUA TEODORO DE CASTRO 1175
FORTIM;8;201;CENTRO;EEIFTI. PROFESSORA MARIA LUIZA;RUA JOAQUIM CRISÓSTOMO, 739.
SANTANA DO ACARAÚ;44;54;CENTRO;CENTRO EDUCACIONAL MUNICIPAL JOAO CORDEIRO;RUA VIGARIO THEOTIMO 246
FORTALEZA;3;567;CENTRO;EEFM CLÓVIS BEVILAQUA;AV. DOM MANUEL, 511
ARACOIABA;67;64;CENTRO-SEDE;ESCOLA ALMIR PINTO - ENSINO FUNDAMENTAL E MEDIO;RUA SANTOS DUMONT 363
ITAPIPOCA;17;336;DESERTO;EEB FRANCISCO BELO FILHO;LAGOINHA II
UBAJARA;73;132;CENTRO;ESCOLA MARIA AGUIAR VASCONCELOS;RUA ÂNGELO SOUSA, S/N
FORTALEZA;80;121;ALTO DA BALANÇA;EEFM ESTADO DO PARÁ;RUA DJALMA PETIT 589
MADALENA;63;202;SEDE;EEF JOAO COSTA;RUA JOSÉ COSTA FRANÇA, S/N - CACIMBA NOVA
OCARA;67;218;CURUPIRA-DISTRITO;ESCOLA MUNICIPAL ODILON DE SOUZA BRILHANTE - ENSINO FUNDAMENTAL;CURUPIRA
AMONTADA;89;289;ICARAÍ;EEBTI RAIMUNDA MENESES PARENTE;JUREMA
FORTALEZA;94;445;QUINTINO CUNHA;EEMTI MARIA JOSÉ SANTOS FERREIRA GOMES (CERE);RUA DONA LUCIA PINHEIRO, 93
IRAUÇUBA;41;150;MISSI;ESCOLA MUNICIPAL JOSEFA CLOTILDE TABOSA BRAGA;RUA ANARIO BRAGA SN
CAUCAIA;123;290;PARQUE GUADALAJARA (JUREMA);E.E.I.E.F. DANILO DALMO DA ROCHA CORRÊA;RUA ACAPULCO, 1805 - PARQUE POTIRA II
FORTALEZA;115;122;JARDIM CEARENSE;COLÉGIO UNIVERSO DO SABER;RUA 10 - NR 70 (CJ CAMPO DOS INGLESES - MARAPONGA)
IBARETAMA;6;160;DISTRITO DE NOVA VIDA;EEF JOÃO PERGENTINO;EXTREMA - DISTRITO DE NOVA VIDA
CARIÚS;43;208;SITIO UMARIZEIRAS;EEIF MARIO DA SILVA LEAL;SITIO UMARIZEIRAS
FORTALEZA;94;197;VILA VELHA;EEFM DONA HILZA DIOGO DE OLIVEIRA;AV. DOM ALOÍSIO LORSCHEIDER, 1040 - VILA VELHA
MARACANAÚ;104;415;TIMBÓ;EMEF ADAUTO FERREIRA LIMA;AVENIDA CONTORNO LESTE, S/N
MARACANAÚ;122;181;CÁGADO;EMEIEF NARCISO PESSOA DE ARAÚJO;AV. PADRE JOSE HOLANDA DO VALE S/N
ACOPIARA;60;184;DISTRITO DE SANTO ANTONIO;EEF ANTONIO JOSE DE SOUSA;SITIO BOA ESPERANCA
ITAITINGA;78;313;PARQUE GENEZARÉ;EEF ELIAS DE SOUSA;RUA JOSE RODRIGUES PEREIRA, 137
CAMOCIM;32;142;CRUZEIRO;COLEGIO ESTADUAL PROF IVAN PEREIRA DE CARVALHO - CEPI;RUA RIACHUELO, SN
EUSÉBIO;88;223;CARARU;EEF RAIMUNDO NONATO DA SILVA - CARARU;RUA FRANCISCO DOMINGOS, S/N - CARARU
FORTALEZA;116;487;GRANJA PORTUGAL;EM JOSE CARLOS MATOS;RUA ITAJAI 802
SOBRAL;121;95;COHAB II;EEFI PAULO ARAGAO;RUA CAETANO FIGUEIREDO 100 COHAB II
SOLONÓPOLE;55;17;ASSUNCAO;E. M. E. B. PROFA. TEREZINHA DA SILVA ARAUJO;RUA PROFA. DOLORES PINHEIRO DO NASCIMENTO, SN - DISTRITO DE ASSUNÇÃO
FORTALEZA;116;431;JOÃO XXIII;COMPLEXO SOCIAL MAIS INFÂNCIA MARIA DE LOURDES MOREIRA LEITE LIMA;RUA ARAGUAIANA, 77
BREJO SANTO;70;173;CABACEIRAS-SEDE;ESCOLA MUNICIPAL CLOTILDES MOREIRA TAVARES (TIDINHA);SITIO CABACEIRAS
MOMBAÇA;46;95;CENTRO;EEF PE. PEDRO LEÃO;RUA FRANCISCO DE ASSIS BARROSO FEIJÓ
TURURU;17;645;CENTRO;EEFM LUIZA BEZERRA FARIAS;RUA MONSENHOR SOLON 248
FORTALEZA;116;330;GRANJA LISBOA;EM DOM LUSTOSA;RUA GERALDO BARBOSA 3901
QUITERIANÓPOLIS;99;98;ZONA RURAL;EEIF ZACARIAS BEZERRA DO NASCIMENTO;SAO PEDRO
GRANJA;25;55;TIMONHA;E.E.F. LUIZ MACHADO MENDES;TRAVESSA SANTA LUZIA, 753
BEBERIBE;84;12;PARAJURU;ESCOLA MUNICIPAL MONSENHOR JOAQUIM DE JESUS DOURADO;RUA MONSENHOR DOURADO SN - CENTRO
CAMOCIM;32;14;CENTRO;CEJA - JOAO DA SILVA RAMOS;PRACA JOSE SEVERIANO MOREL S/N
CARIRIAÇU;71;11;MIRAGEM;EEF JOAQUIM CABOCLO;RUA MAJOR SIMPLICIO GONÇALO, SN
QUIXERÉ;29;224;LAGOINHA;EEIF AGOSTINHO FRANCISCO FERREIRA LIMA;BOM SUCESSO
SENADOR SÁ;45;113;CENTRO;EEF NOSSA SENHORA DO AMPARO;RUA PADRE DELMONT S/N
MOMBAÇA;46;58;CENTRO;E. E. E. F. M. PROFESSOR PEDRO JAIME;AV. CÍCERO MARQUES, 02
MOMBAÇA;46;146;TEJUBANA;ESCOLA DE ENSINO FUNDAMENTAL ANTONIO SOARES;AV. ANTONIO NONATO DE CARVALHO
VIÇOSA DO CEARÁ;35;99;LAMBEDOURO;E.E.I.F ANTONIO CARNEIRO MAGALHAES;SITIO CARAUBAS
REDENÇÃO;52;58;CENTRO (SEDE);ESCOLA MARIA AUGUSTA RUSSO DOS SANTOS;RUA SANTOS DUMONT, S/N
TRAIRI;97;70;CENTRO;EEB RAIMUNDO NONATO RIBEIRO;RUA RAIMUNDO NONATO RIBEIRO
MARACANAÚ;122;131;JAÇANAÚ;EMEIEF FRANCISCO ANTONIO FONTENELE;RUA NOE SALES BEZERRA S/N
PORTEIRAS;70;395;MALHADA REDONDA;POSTO DE SAÚDE JOÃO AGOSTINHO DOS SANTOS;SITIO MALHADA REDONDA
SOBRAL;121;311;COHAB II;EEFI PAULO ARAGAO;RUA CAETANO FIGUEIREDO 100 COHAB II
MARACANAÚ;122;175;INDUSTRIAL;EMEF VINICIUS DE MORAIS;RUA N NO. 425 (ESPLANADA DO MONDUBIM)
GRANJA;25;169;OITEIRO;E.E.F. DEPUTADO DELMIRO DE OLIVEIRA;RUA 105, COHAB VICENTE ARRUDA
EUSÉBIO;88;156;SANTA CLARA;EEF SANTA CLARA;RUA FRANCISCO CLAUDIO PAEZ, 88 - SANTA CLARA
EUSÉBIO;88;245;TIMBU;EEIEF AURELIA DA SILVA GADELHA - LARGÃO;RUA FERNANDO SOUSA GADELHA, S/N
CANINDÉ;33;83;ZONA RURAL;EMEF DR CORDOLINO BARBOSA CORDEIRO;RUA ROMEU MESQUITA, S/N  ESPERANÇA
AIUABA;101;12;BARRA;GRUPO ESCOLAR PAES DE ANDRADE;RUA FRANCISCO JOSE DOS SANTOS, 14
ITAITINGA;78;267;PARQUE SANTO ANTONIO;EEF LÍDIA ALVES CAVALCANTE;RUA CARLOS DA COSTA CARMO, 757
FORTALEZA;118;566;BOA VISTA-CASTELÃO;EEFM PROFESSORA MARIA GONCALVES;RUA N S DO MONTE CARMELO S/N
URUOCA;25;161;CAMPANARIO;C.E.I. ANTONIA ALMEIDA BATISTA;RUA ANTONIA ALMEIDA BATISTA, N.107, CAMPANARIO
FORTALEZA;94;757;VILA VELHA;CEI MARISTELA DA FROTA CAVALCANTE;AV. L, N. 1000
BREJO SANTO;70;20;MORRO DOURADO;ESCOLA MUNICIPAL MESTRE ZE LUIS SILVA RAMOS;RUA ANTONIO GERONIMO SILVA S/N
BARRO;92;21;CUNCAS-DISTRITO;ESCOLA DE ENSINO FUNDAMENTAL PROFA. CATARINA TAVARES;DISTRITO DE CUNCAS
HORIZONTE;78;97;CATOLÉ;EMEF JOAO ANTONIO DA SILVA;RUA MANOEL DAMASCENO DA COSTA, 701
SOBRAL;121;47;CENTRO;EEM PROFESSOR ARRUDA;RUA CEL. MONT'ALVERNE, 570
JATI;70;400;BAIXA GRANDE;CRECHE SAMARA VIDAL;SÍTIO BAIXA GRANDE
TIANGUÁ;81;160;CENTRO;E.E.M.T.I. MONSENHOR AGUIAR;RUA TEÓFILO RAMOS, 553
PEREIRO;10;182;CENTRO;ESCOLA MUNICIPAL CLEONICE FREIRE DE QUEIROZ;RUA NEL QUEIROZ  257
SÃO GONÇALO DO AMARANTE;36;80;CAGADO-POVOADO;ESCOLA DE ENSINO FUNDAMENTAL JOAO PINTO MAGALHAES;CAGADO
AQUIRAZ;66;166;TRAIRUSSU;ASSOCIACAO COMUNITARIA DE TRAIRUSSU;RUA SAO JOAO, S/N  - TRAIRUSSU
BOA VIAGEM;63;61;IBUACU;EEF JOAQUIM SOARES DE FREITAS;BARREIRA BRANCA
BOA VIAGEM;63;103;LAGOA DOS FILOS-IBUACU;EEF FRANCISCO PEREIRA DA SILVA (LAGOA DOS FILÓS);LAGOA DOS FILOS
NOVO ORIENTE;99;3;CENTRO;EEB DR. ANTONIO EUFRASINO NETO;RUA LUIZ BEZERRA, S/N
JAGUARIBE;10;1;CENTRO;COLEGIO CLOVIS BEVILAQUA;AV. OITO DE NOVEMBRO 443
TIANGUÁ;81;293;ÁREA RURAL DE TIANGUÁ;CENTRO COMUNITÁRIO ASSENTAMENTO NOVA ESPERANÇA;ASSENTAMENTO NOVA ESPERANÇA
TIANGUÁ;81;223;ÁREA RURAL DE TIANGUÁ;CENTRO DE EDUCAÇÃO BÁSICA BENJAMIN DAMASCENO E VASCONCELOS;SÍTIO CROATÁ
TIANGUÁ;81;292;LAURÃO;E.E.I.F. FREI GERVÁSIO;RUA ALBERCY NOGUEIRA DE VASCONCELOS , SN
BEBERIBE;84;39;PARIPUEIRA;ESCOLA MUNICIPAL PINHEIRO DE LIMA;JUAZEIRO
MARACANAÚ;122;197;LUZARDO VIANA;EMEF NAPOLEAO BONAPARTE VIANA;RUA NAPOLEAO BONAPARTE VIANA 410
AURORA;69;67;CENTRO-SEDE;E.E.F.M. JOSE PINTO QUEZADO;VILA PAULO GONÇALVES, S/N
PACUJÁ;79;184;CENTRO;E.E.I.F. CORIOLANO ALVES DE BRITO;AV. CORIOLANO ALVES DE BRITO, S/N
IPAPORANGA;20;276;CENTRO;ESCOLA DE ENSINO MÉDIO MARIA VIEIRA DE PINHO;AV. MARIA ERIMAR RIBEIRO DE PAIVA, S/N
SOBRAL;24;79;EXPECTATIVA;EEFI TRAJANO DE MEDEIROS (LAVANDERIA);AVENIDA DR. JOSE EUCLIDES FERREIRA GOMES JUNIOR, S/N
ARACATI;8;114;SANTA TEREZA;E.E.F. DOMINGOS COSTA TEOBALDO;VILA DE SANTA TEREZA
ARACATI;8;254;FONTAINHA;CENTRO COMUNITÁRIO IRMÃ PORTO;FONTAINHA
FORTALEZA;94;372;QUINTINO CUNHA;EMEIEF MARIA CARDOSO;RUA FRANCISQUINHA PORTELA 1151
POTIRETAMA;86;71;CAATINGA GRANDE;EEIEF COSME PAULINHO DE ALMEIDA;SITIO NOVA FLORESTA
MISSÃO VELHA;16;56;FREI DAMIÃO DE BOZZANO;EEFM MONSENHOR ANTONIO FEITOSA;AVENIDA CORONEL JOSÉ DANTAS, S/N
BARROQUINHA;108;55;CAUCAIA;EEF ANTONIO MARCELINO FERREIRA;RUA SÃO FRANCISCO, 12
UBAJARA;73;132;CENTRO;ESCOLA MARIA AGUIAR VASCONCELOS;RUA ÂNGELO SOUSA, S/N
ITAPIPOCA;17;588;BARRENTO;EEB JOAO MESQUITA TEIXEIRA;BARRENTO
SÃO GONÇALO DO AMARANTE;36;198;PAUL;ESCOLA DE ENSINO FUNDAMENTAL GERTRUDES PRATA LIMA;POVOADO PAUL
ARACATI;8;194;PEDRA REDONDA;E.E.F. JOAO MACIEL DE SANTANA;PEDRA REDONDA
CRATO;27;78;VILA ALTA;EEFM JOSÉ ALVES DE FIGUEIREDO;RUA GETÚLIO VARGAS, 214
FORTALEZA;93;290;PLANALTO AYRTON SENNA;EM GEISA FIRMO GONÇALVES;RUA ZULEICA PONTES, 1260
CAUCAIA;37;58;CENTRO;E.E.F. BRANCA CARNEIRO DE MENDONCA;PRACA DA MATRIZ, 666
BOA VIAGEM;63;31;VILA AZUL;EEF OSMAR DE OLIVEIRA FONTES;RUA 26 DE JUNHO 59
CARIRIAÇU;71;133;BICO DA ARARA;EEF ARARA AZUL;AV PEDRO LUCIANO VIEIRA
QUIXERAMOBIM;11;37;CENTRO;ESCOLA ASSIS BEZERRA;RUA FRANCISCO IVO 60
QUIXADÁ;6;173;CUSTÓDIO;EEF SANTA PAZ;SANTA PAZ, S/N
IGUATU;13;1;CENTRO;ESCOLA DE ENS FUND PACIFICO GUEDES (ANTIGO CARLOS DE GOUVEIA);RUA DR. JOAO PESSOA 887
FORTALEZA;1;619;COCÓ;UNINTA - FACULDADE UNINTA FORTALEZA;RUA VILEBALDO AGUIAR,133
VÁRZEA ALEGRE;62;57;IBICATU;EEF MARIA SIEBRA DE MORAIS;SÍTIO FORTUNA
SOBRAL;24;669;SUMARÉ;EEFI JOSE PARENTE PRADO;RUA SANTA MARTA,100
CRATO;27;354;PIMENTA;EEFM TEODORICO TELES DE QUENTAL;RUA DOUTOR IRINEU PINHEIRO, 305
CRATO;27;282;NOVO HORIZONTE;ROTARY CLUBE DO CRATO;RUA ROTARY S/N, PARQUE FLORESTA
PALMÁCIA;4;191;CENTRO;UBS SEDE;RUA ILDEFONSO CAMPOS, S/N
LIMOEIRO DO NORTE;29;170;MONSENHOR OTÁVIO;INSTITUTO FEDERAL DE EDUCAÇÃO CIENTÍFICA E TECNOLÓGICA - IFCE;RUA ESTEVAM REMÍGIO 1145
SOBRAL;24;566;PADRE PALHANO;EEFI MARIA JOSE FERREIRA GOMES;RUA PRESIDENTE JUSCELINO KUBITSCHEK, S/N
UMIRIM;23;265;SAO JOAQUIM-DISTRITO;CENTRO DE REF. EM ASS. SOCIAL DE SÃO JOAQUIM - CRAS;AV. FELISBELA CAETANOS, S/N
MUCAMBO;79;211;CENTRO;CENTRO EDUCACIONAL DEP MANOEL RODRIGUES;AV AGRONOMO JOSE ALVES 90
FORTALEZA;95;366;JANGURUSSU;EM PROFESSOR FRANCISCO DE MELO JABORANDI;AV. GOVERNADOR LEONEL BRIZOLA, 198
CASCAVEL;7;187;GUANACES;CEITI RAIMUNDO NONATO DANTAS (VILA MARIANA);VILA MARIANA CE 253
ARACOIABA;67;17;IDEAL-DISTRITO;ESCOLA MUNICIPAL ANTERO FONSECA DA SILVA;VILA SAO CAMILO
IGUATU;13;90;CHAPADINHA;ESCOLA DE ENS FUND JUDITE CAVALCANTE;RUA CÍCERO VIEIRA SN
TAUÁ;19;139;MARRECAS;EPG LUIZA MARIA DA SILVA;VILA JOAQUIM MOREIRA
FORTALEZA;83;451;HENRIQUE JORGE;ESCOLA MUNICIPAL SANTA MARIA;RUA CUIABÁ 1465
CAPISTRANO;105;53;CENTRO;ESCOLA DE ENSINO BASICO DEPUTADO UBIRATAN DINIZ AGUIAR;RUA JOSE SARAIVA SOBRINHO S/N
PEDRA BRANCA;59;90;MINEIROLANDIA;NUCLEO DE ARTE GERALDO CARNEIRO DE SOUZA;MINEIROLANDIA
MARACANAÚ;122;261;SIQUEIRA (siqueira 2);EEM PROFª. EUDES VERAS;AVENIDA SIQUEIRA CAMPOS, 601
FORTALEZA;118;120;PASSARÉ;COLÉGIO LIRA COUTINHO;RUA BELOS PORTOS, 453
FORTALEZA;85;162;AUTRAN NUNES;EM BERGSON GURJÃO FARIAS;AVENIDA SENADOR FERNANDES TÁVORA, 2500
BARROQUINHA;108;44;DISTRITO ARARAS;EEF MANOEL COSTA VIANA;SÃO CAETANO
PIRES FERREIRA;21;122;DISTRITO;E.E.F. JOAO VITORINO DE FARIAS;DONATO
COREAÚ;64;69;Cunhassu Velho;CUNHASSU VELHO - PRÉDIO DA ESCOLA MUNICIPAL;LOCALIDADE CUNHASSU VELHO
CRATEÚS;20;196;TUCUNS;ASSOCIAÇÃO DOS PEQUENOS PRODUTORES DE LAGOAS;LAGOAS
JAGUARETAMA;72;80;CENTRO;CENTRO DE ARTE E CULTURA DE JAGUARETAMA;RUA TRISTÃO GONÇALVES, SN
VIÇOSA DO CEARÁ;35;153;PASSAGEM DA ONCA;E.E.I.F ANTONIO ANGELO DOS SANTOS;SITIO BOM TEMPO
CARIÚS;43;176;BELA VISTA-DISTRITO;EEIF DOMINGOS NONATO DE OLIVEIRA;VILA BELA VISTA
TURURU;17;672;CENTRO;EEFM LUIZA BEZERRA FARIAS;RUA MONSENHOR SOLON 248
QUIXERÉ;29;263;TOME;POSTO DE SAUDE GERARDO COSTA LIMA;CARNAUBA
MISSÃO VELHA;16;11;SEDE;EEF  EMILCE DANTAS ( ANTIGO DR STENIO DANTAS);RUA AFONSO RIBEIRO, S/N, CENTRO.
ITAITINGA;78;242;CENTRO;EEF GERALDO BATISTA DE LIMA;AV. CEL. VIRGÍLIO TÁVORA S/N
PIRES FERREIRA;21;139;DISTRITO;E.E.F. JOAQUIM GOMES DE LIMA;SERROTA DOS CARNEIROS
PACATUBA;57;197;CONJUNTO JEREISSATI II;EEIEF ANA ALBUQUERQUE;AVENIDA XVIII SETOR F S/N
FORTALEZA;116;82;GRANJA PORTUGAL;EM CONCEICAO MOURAO;RUA DUAS NACOES 550
RUSSAS;9;309;CENTRO;COLEGIO ESTADUAL GOVERNADOR FLAVIO MARCILIO;AV DOM LINO 725
FORTALEZA;116;362;GRANJA LISBOA;EM RACHEL VIANA MARTINS;RUA TUCUNDUBA 2703
PEREIRO;10;156;SITIO CHABOCAO;GRUPO ESCOLAR MIGUEL ANTONIO DA ROCHA;SITIO CHABOCAO
CAMPOS SALES;38;28;B. CENTRO;E.E.E.M.T.I - MARIA DOLORES ARRAIS - (GRUPINHO);TRAVESSA VICENTE ALEXANDRINO DE ALENCAR,297
FORTALEZA;93;237;PREFEITO JOSÉ WALTER;EM ROGACIANO LEITE;RUA 45, S/N - III ETAPA
MISSÃO VELHA;16;116;DISTRITO DE JAMACARU;UBS SÍTIO TERRA DURA;SÍTIO TERRA DURA DO ALEIXO
IPAUMIRIM;92;123;CANAUNA-DISTRITO;E.E.F.T.I. FRANCISCO DE MELO E SILVA;DISTRITO DE CANAUNA, SN
FORTALEZA;3;113;JACARECANGA;COLÉGIO ESTADUAL LICEU DO CEARÁ;PRAÇA GUSTAVO BARROSO, 01
FORTALEZA;1;567;VARJOTA;ESCOLA MUNICIPAL COLONIA Z-8;RUA MANOEL JESUINO,370
CASCAVEL;7;140;SEDE;E.E.F. PROFESSORA ANA LÚCIA DA SILVA (COHAB);AV. JOÃO MOREIRA DE PAULA, COHAB
ITAPIPOCA;17;42;BOA VISTA;EEB MARIA DALVA BARBOSA AZEVEDO;RUA EUBIA BARROSO
FORTALEZA;2;56;LAGOA REDONDA;EM PROFª FERNANDA MARIA DE ALENCAR COLARES;AV PROF. ARTHUR DE CARVALHO, 1540
CANINDÉ;33;265;ZONA RURAL;EMEF FRANCISCO JOSE;RUA FRANCISCO JOSE, S/N CAIÇARA
FORTALEZA;118;306;PASSARÉ;COLEGIO EXODUS;RUA DOUTOR EDUARDO DIAS, 156
CAMOCIM;32;87;ZONA RURAL;EEF CASSIANO MARQUES DOS SANTOS - CORGUINHO;LOCALIDADE DE CORGUINHO
MORAÚJO;64;112;CENTRO;MORAÚJO - ESCOLA MUN. Mª CARLITA ARAÚJO;COHAB 2 - CENTRO
LAVRAS DA MANGABEIRA;14;67;CRUZEIRO;ESCOLA DE 1 GRAU STELA SAMPAIO;BAIRRO DO CRUZEIRO S/N
GUARACIABA DO NORTE;74;29;SEDE;ESCOLA DE ENSINO MEDIO MARIA MARINA SOARES;RUA 12 DE NOVEMBRO - CENTRO
VIÇOSA DO CEARÁ;35;87;PADRE VIEIRA;E.E.F ISAAC VIEIRA DO ESPIRITO SANTO;SITIO PASSAGEM FLORIDA
IPAPORANGA;20;250;CENTRAL;ESCOLA DE EDUCAÇÃO INFANTIL PEQUENO PRÍNCIPE;RUA GABRIELRODRIGUES JÚNIOR, 101
SANTANA DO CARIRI;53;48;SÃO GONÇALO;UNIDADE BÁSICA DE SAÚDE MOACIR PATRÍCIO DA SILVA;SÍTIO SÃO GONÇALO, SN
FORTALEZA;115;469;VILA PERI;EEM PROF. HERMENEGILDO FIRMEZA;RUA GABRIEL FIUZA 360
HORIZONTE;78;202;CATOLÉ;CEI - JOSE ANTONIO DA SILVA;RUA JOAO DE SOUSA FALCAO, 776
FORTALEZA;116;122;GRANJA PORTUGAL;EEFM PROF JOCIE CAMINHA DE MENEZES;RUA ITU 120
JAGUARIBE;10;190;CENTRO;E.E.F.M. RAUL BARBOSA;AV OITO DE NOVEMBRO 521
JUAZEIRO DO NORTE;119;449;LIMOEIRO;EMEI IRMÃ NELY SOBREIRA (CRECHE);AV. JOSÉ BEZERRA, N. 216
IBICUITINGA;47;153;ANTONIO PEREIRA;EEB MANOEL VICENTE FERREIRA;SITIO ANTONIO PEREIRA
FORTALEZA;3;230;CENTRO;EEFM CLÓVIS BEVILAQUA;AV. DOM MANUEL, 511
IPAPORANGA;20;240;ALTO DO BOM PRINCÍPIO;ESCOLA DE ENSINO FUNDAMENTAL WALDEMAR DE ALCÂNTARA;RUA PEDRO CORREIA LEITÃO, 45
SÃO GONÇALO DO AMARANTE;36;38;SIUPE-DISTRITO;ESCOLA DE ENSINO FUNDAMENTAL DONA FILOMENA MARTINS;SIUPE
PEDRA BRANCA;59;112;TROIA;EEF JOSE ANTONIO;SITIO EXTREMA
SOBRAL;24;552;JOSÉ EUCLIDES;EEFI MARIA YEDA FROTA FELIX MONTALVERNE;RUA AIRTON SENNA, 300, CIDADE JOSE EUCLIDES II
COREAÚ;64;31;Araquém;ARAQUÉM - ESCOLA MUN. STO. ANTÔNIO;AV. SÃO SAMUEL FÉLIX DA CUNHA, 128 - DISTRITO DE ARAQUÉM, COREAÚ/CE
FORTALEZA;114;343;PRESIDENTE KENNEDY;CENTRO DE REFERÊNCIA DE ASSISTÊNCIA SOCIAL DO PRES. KENNEDY - CRAS;QUADRA F S/N CONJUNTO CASTELO BRANCO
IPU;21;16;CENTRO;COLEGIO IPUENSE;RUA ANTONIO MEMORIA, 1166
FORQUILHA;121;208;CENTRO;ESCOLA DE CIDADANIA MOESIO LOIOLA MELO JUNIOR(MODELO);AVENIDA GRANDE ORIENTE DO BRASIL SN
MORADA NOVA;47;77;ARUARU;EEB JOSE FRANCISCO SAMPAIO;RUA JOANA MARIA, S/N
BARROQUINHA;108;71;DISTRITO BITUPITÁ;C.E.I. CASTELINHO VERMELHO;RUA DO COMERCIO S/N
CRATO;27;153;PIMENTA;URCA - UNIVERSIDADE REGIONAL DO CARIRI;RUA CORONEL ANTÔNIO LUIZ, 1161
ITAPIPOCA;17;598;BALEIA;EEB JOSÉ MARIA DA SILVEIRA;PRAIA DA BALEIA
FORTALEZA;2;681;MESSEJANA;EM PROF CLODOMIR TEOFILO GIRAO;TRAVESSA RUTILO, 108
FARIAS BRITO;62;236;NOVA BETANIA;EEF FRANCISCO CASTELO DE CASTRO;AVENIDA MANOEL NERES DE OLIVEIRA, S/N
SOBRAL;24;74;ALTO DA BRASÍLIA;EEFI RAUL MONTE;RUA MACEIO, S/N
FORTALEZA;117;453;SIQUEIRA;COLÉGIO VENCER;RUA JARDIM PARUARA, 1108
MARANGUAPE;4;2;CENTRO - MARANGUAPE;EMEF CAPISTRANO DE ABREU;RUA CEL ANTÔNIO BOTELHO, 366
JUAZEIRO DO NORTE;119;17;SANTA TEREZA;COLEGIO POLIVALENTE;JOSE MARROCOS SN
TARRAFAS;18;139;CENTRO;CRECHE PINGO DE GENTE;RUA SÃO JOSÉ, 99
MIRAÍMA;89;249;POÇO DA ONÇA;EEB MANOEL FRANCISCO INACIO;POÇO DA ONÇA
GROAÍRAS;65;128;ZONA RURAL;UBS - PEDRO RODRIGUES DE LIMA;POVOADO BOA VISTA
JAGUARUANA;75;73;PASTA;E.E.F. PEDRO JOAQUIM DOS SANTOS;PASTA BRANCA
FORTALEZA;114;353;BARRA DO CEARÁ;EMTI ALDEMIR MARTINS;AV. FRANCISCO SÁ, 7460
FORTALEZA;2;772;MESSEJANA;EEFM JOSE DE ALENCAR;RUA VENEZA, 84
CRATEÚS;20;11;ALTAMIRA;ESCOLA TECNICA DE COMERCIO PADRE JUVENCIO;RUA JOAO SOARES, 15
SOBRAL;24;407;CAMPO DOS VELHOS;EEM PROF. LUIS FELIPE;RUA CEL JOSE SILVESTRE, 760
NOVA RUSSAS;48;126;TIMBAÚBA;ESCOLA MUNICIPAL SÃO JOSÉ;RUA ANTONIO ALVES DA COSTA, 291
ARACATI;8;200;NOSSA SENHORA DE FATIMA;E.E.F.M. RAIZES E ASAS;RUA SAO JUDAS TADEU S/N
ARACATI;8;200;NOSSA SENHORA DE FATIMA;E.E.F.M. RAIZES E ASAS;RUA SAO JUDAS TADEU S/N
CRATO;27;186;DOM QUINTINO;IGREJA SANTA RITA DE CÁSSIA;SÍTIO FAUSTINO
CRATO;27;273;ALTO DA PENHA;EEIEF GOVERNADOR LUIZ DE GONZAGA DA FONSECA MOTA;RUA PLÍNIO CAVALCANTE S/N
TEJUÇUOCA;41;245;LAURA;ESCOLA DE ENSINO FUNDAMENTAL JOAQUIM BARROSO BRAGA;LAURA MUQUEM
PIQUET CARNEIRO;12;129;SEDE;CAPELA SÃO JOÃO BATISTA;SITIO TRAVESSÃO
CAUCAIA;123;446;PARQUE GUADALAJARA (JUREMA);COLÉGIO PLENO DO CEARÁ - CPC;RUA PADRE ALFREDO NESI, 363 (ANTIGA RUA CAMPECHE )
SÃO GONÇALO DO AMARANTE;36;95;PECEM-DISTRITO;ESCOLA DE ENSINO FUNDAMENTAL E MEDIO EDITE ALCANTARA MOTA;PECEM
ARACATI;8;195;QUIXABA;E.E.F. HERIBERTO PORTO;PRAIA DE QUIXABA
ARACATI;8;122;CAJAZEIRAS;E.E.F. MOISES MARQUES;SITIO CAJAZEIRAS I
VIÇOSA DO CEARÁ;35;2;CENTRO;E.E.M DR JULIO DE CARVALHO;RUA JOSE JOAQUIM DE CARVALHO, 496
VIÇOSA DO CEARÁ;35;28;LAMBEDOURO;E.E.F. DE OITICICAS;VILA OITICICAS
PARAIPABA;109;198;CENTRO GERENCIAL;ASSOCIAÇÃO DO DISTRITO DE IRRIGAÇÃO CURU PARAIPABA - ADICP;RUA PRESIDENTE ANTONIO BRAGA CAVALCANTE, 05
FORTALEZA;115;271;JARDIM CEARENSE;COLÉGIO UNIVERSO DO SABER;RUA 10 - NR 70 (CJ CAMPO DOS INGLESES - MARAPONGA)
PEDRA BRANCA;59;41;SEDE;ESCOLA DE 1 GRAU JOSE MINEIRO;SITIO ALIVIO
VIÇOSA DO CEARÁ;35;119;LAMBEDOURO;E.E.I.F FRANCISCO BRUNO DE ARAGAO;SITIO BOQUEIRAO DOS BITONHOS SN
ITAPIPOCA;17;464;VIOLETE;EEB JOSE LINS DE ALBUQUERQUE;RUA CRISTO REDENTOR
CAUCAIA;123;485;ARIANÓPOLIS (JUREMA);E.E.I.E.F. SEBASTIÃO BEZERRA DOS SANTOS;RUA SOLIMÕES, 361
JAGUARIBARA;72;63;SITIO MINEIRO;EMEIEF DEODATO CELSO DIOGENES;KM 270 - BR 116
FORTALEZA;115;113;PARANGABA;EMTI CAROLINO SUCUPIRA;RUA MUNDICA PAULA, 670
FORTALEZA;93;129;PREFEITO JOSÉ WALTER;COLEGIO 21 EDUCAR;AV JOAO DE ARAUJO LIMA, 1240 - II ETAPA
IRACEMA;86;79;CENTRO;CENTRO DO IDOSO MANUEL FLORÊNCIO DA SILVA;RUA CELSO GOMES DA SILVA
FORTALEZA;114;143;JARDIM IRACEMA;EM JESUS CRISTO;RUA ALBERTO FERREIRA, 564
CRATEÚS;20;22;CIDADE NOVA;CENTRO DE EDUCACAO DE JOVENS E ADULTOS PROFESSOR LUIZ BEZERRA;RUA DR LUIZ CHAVES E MELO
CRATEÚS;20;125;FATIMA I;SERVIÇO SOCIAL DO COMÉRCIO - SESC;RUA PADRE CÍCERO, 200
GUARACIABA DO NORTE;74;152;DISTRITO;E.E.I.F. ANA FERREIRA CHAVES;SITIO LAGOA DOS SILVANOS
ITAITINGA;78;277;ANCURI;EEF FRANCISCA DE MORAIS FERRER;RUA PARQUE DAS FLORES, 500
AQUIRAZ;66;65;TAPERA;EMEF PLACIDO CASTELO;RUA ASSIS BENTO DE FREITAS, 970 - BARRINHA
ITAITINGA;78;279;ANCURI;EEF FRANCISCA DE MORAIS FERRER;RUA PARQUE DAS FLORES, 500
PACATUBA;57;98;ALTO SAO JOAO;EEIEF DR. CARLOS ALBERTO DE ALMEIDA PONTES;RUA JOSE FRANKLIN S/N
CAUCAIA;123;524;PARQUE GUADALAJARA (JUREMA);CEI - CENTRO EDUCAÇÃO INFANTIL AFONSO BARBOSA;RUA SACY, 519
IGUATU;13;140;VILA BRASILIA;LICEU DE IGUATU DR JOSE GONDIM;RUA 25 DE MARCO S/N
HORIZONTE;78;201;CATOLÉ;CEI - JOSE ANTONIO DA SILVA;RUA JOAO DE SOUSA FALCAO, 776
CRATO;27;154;CENTRO;EEIEF SÃO FRANCISCO;RUA BRIGADEIRO LEANDRO BEZERRA MONTEIRO, 406
PIQUET CARNEIRO;12;3;CENTRO;CÂMARA MUNICIPAL DE PIQUET CARNEIRO;RUA CÍCERO ALENCAR, 108
FORTALEZA;3;625;ALDEOTA;COLÉGIO BATISTA - SANTOS DUMONT;RUA DESEMBARGADOR LEITE ALBUQUERQUE, 1056
FORTALEZA;93;222;PREFEITO JOSÉ WALTER;CEI FRANCISCO SALES FERNANDES;AV K, S/N
FORTALEZA;93;200;PLANALTO AYRTON SENNA;LICEU ESTADUAL DOMINGOS BRASILEIRO;RUA PLANALTINA, S/N
EUSÉBIO;88;195;URUCUNEMA;EEF JOSEFA SA;RUA BEIRA RIO, 400 - MOSQUITO
CHORÓ;6;386;CENTRO;EEMTI EMANUEL;RUA UNIVERSITÁRIA, 323, CIDADE NOVA, CENTRO
CAUCAIA;120;397;PLANALTO CAUCAIA;E.E.I.E.F. ANTONIO BRAGA DA ROCHA;RUA 112, SN - CIGANA
PEREIRO;10;138;CENTRO;ESCOLA DE ENSINO FUNDAMENTAL E MEDIO VIRGILIO CORREIA LIMA;RUA CORONEL ANTONIO VICENTE  274
FORTALEZA;1;876;PAPICU;COLEGIO ANTARES - OCELO PINHEIRO;RUA PROFESSOR OCELO PINHEIRO 101
FORTALEZA;118;271;SERRINHA;COLÉGIO MARIA ESTER I;RUA ANTONIO TEIXEIRA LEITE, 248
FORTALEZA;118;587;MONDUBIM;UAPS LUIZA TAVORA;TRAVESSA SAO JOSE, 940
PORANGA;40;88;SEDE;EEFM PRUDÊNCIO DE PINHO - SEDE;AV. DR. EPITÁCIO PINHO, 277, BAIRRO VILA NOVA
POTIRETAMA;86;64;CENTRO;ESCOLA DE 1 GRAU MARIA DE OLIVEIRA FILGUEIRA;RUA MARIA DE OLIVEIRA FILGUEIRA SN
PARAIPABA;109;192;BARREIRAS;POSTO DE SAÚDE DE BARREIRAS;BARREIRAS
MARACANAÚ;122;9;NOVO MARACANAU;EMEIEF PROFª MARIA DO SOCORRO VIANA FREITAS;RUA 10 S/N
MARACANAÚ;122;128;SIQUEIRA (siqueira 2);EMEF FRANCISCO TABOZA FILHO;AV. JUSCELINO KUBITSCHEK 1941
FORTALEZA;2;831;JOSÉ DE ALENCAR;COLÉGIO CHRISTUS SUL 3;AV ENGENHEIRO LEAL LIMA VERDE, 2500 - JOSÉ DE ALENCAR
FORTALEZA;114;91;BARRA DO CEARÁ;CUCA BARRA DO CEARÁ;AV. PRES. CASTELO BRANCO, 6417
CROATÁ;74;74;DISTRITO;ESCOLA MUNICIPAL JOVITA CHAVES (SANTA TEREZA);SANTA TEREZA
FORTALEZA;112;406;EDSON QUEIROZ;COLEGIO ARI DE SA CAVALCANTE WS;AV WASHINGTON SOARES, 3737
PACAJUS;49;369;ALDEIA PARQUE;EEF ALICE FERNANDES LOPES;RUA JOSÉ DOS SANTOS GIRÃO OLIVEIRA SN
AIUABA;101;3;CENTRO;EEM JOSÉ FERREIRA BARBOSA;RUA 7 DE SETEMBRO S/N
FORTALEZA;95;223;PEDRAS;EM FRANCISCA ORIA SERPA;RUA JORGE FIGUEIREDO, 3652
PACATUBA;57;318;PAVUNA;CENTRO DE EDUCACAO RURAL CLOVIS DE CASTRO PEREIRA;RUA CLOVIS DE CASTRO PEREIRA 235
FORTALEZA;2;112;MESSEJANA;EMEIF DEMOCRITO ROCHA;RUA PADRE PEDRO DE ALENCAR, 2012
MARACANAÚ;104;433;PAJUÇARA;EMEIEF PREFEITO ALMIR FREITAS DUTRA;RUA ELÍFIO MEDEIROS DA CUNHA, 531
MORAÚJO;64;75;GOIANA;GOIANA - ESCOLA MUN. JUVÊNCIO DA COSTA SAMPAIO;DISTRITO DE GOIANA
TAUÁ;19;254;CENTRO;CENTRO EDUCACIONAL BETESDA;RUA CEL  EUFRASIO ALVES DE OLIVEIRA 45
AQUIRAZ;66;224;PRAINHA;CEI LUIZ SEMEAO DA COSTA;AV DAMIAO TAVARES DE SOUZA, S/N
JAGUARIBE;10;73;DISTRITO DE MAPUÁ;E.E.F. RAIMUNDO LIMA GOMES;RUA FRANCISCO ALVES MORAIS 794
CAUCAIA;123;499;SÃO MIGUEL (JUREMA);E.E.F.M. ROTARY CLUB;RUA SÃO LUCAS, S/N - CONJUNTO SÃO MIGUEL I
AQUIRAZ;66;342;TAPERA;EMEF PLACIDO CASTELO;RUA ASSIS BENTO DE FREITAS, 970 - BARRINHA
FORTALEZA;118;655;PASSARÉ;EEMTI DEPUTADO PAULINO ROCHA;RUA PROFESSOR JOSE SILVEIRA, 528
MORADA NOVA;47;8;CENTRO;CEBCJEC -CENTRO DE EDUCAÇÃO BÁSICA CORONEL JOSÉ EPIFÂNIO DAS CHAGAS;AV MANOEL CASTRO, 600
RUSSAS;9;240;CENTRO;ESCOLA MUNICIPAL JOSE RAIMUNDO DE DEUS;AVENIDA IRMÃ MARIA DA GRAÇA
REDENÇÃO;52;99;DISTRITO DE ANTÔNIO DIOGO;CENTRO DE EDUCAÇÃO INFANTIL PEDRO FERNANDES COSTA;RUA TEREZA CRISTINA, S/N
FORTALEZA;115;191;PARANGABA;EEMTI MARIA THOMÁSIA;RUA POLONIA, 369
GRANJA;25;116;OITEIRO;E.E.F. DEPUTADO DELMIRO DE OLIVEIRA;RUA 105, COHAB VICENTE ARRUDA
COREAÚ;64;80;COHAB;COREAÚ - ESCOLA MUN. PROFª IZAURA MA. DA SILVA;RUA TANCREDO NEVES, S/N - COHAB
SANTANA DO CARIRI;53;108;CENTRO;EMEIEF ESCRITORA RAQUEL DE QUEIROZ;LARGO LAURO SOBREIRA, SN
LAVRAS DA MANGABEIRA;14;2;CALABACO - SITIO;GRUPO ESCOLAR JOAO PINTO;SITIO CALABACO S/N
LAVRAS DA MANGABEIRA;14;82;IRAPUÁ - SITIO;ESCOLA DE ENSINO INFANTIL E FUNDAMENTAL RAIMUNDO BATISTA DE SOUSA;SITIO IRAPUA
FORTALEZA;116;398;JOÃO XXIII;COMPLEXO SOCIAL MAIS INFÂNCIA MARIA DE LOURDES MOREIRA LEITE LIMA;RUA ARAGUAIANA, 77
FRECHEIRINHA;81;283;VAZANTE;ESCOLA FRANCISCO FERREIRA PONTES;SITIO VAZANTE
FORTALEZA;115;121;MARAPONGA;DETRAN;AV GODOFREDO MACIEL, 2900
FORTALEZA;1;848;PAPICU;COLEGIO ANTARES - OCELO PINHEIRO;RUA PROFESSOR OCELO PINHEIRO 101
MARANGUAPE;4;78;FORQUILA - PAPARA;CRECHE FRANCISCO DE ALMEIDA ARAÚJO;FORQUILHA
ACOPIARA;60;170;DISTRITO SANTA FELICIA;ASSOCIAÇÃO DOS MORADORES MADEIRA CORTA I;SITIO MADEIRA CORTADA
TEJUÇUOCA;41;244;MALAQUIAS;ESCOLA DE ENSINO INFANTIL E FUNDAMENTAL RAIMUNDO SALES NETO;MALAQUIAS
FORTALEZA;117;468;SIQUEIRA;CEI FRANCISCA DE ABREU LIMA;RUA C -  ESQUINA COM A RUA LUIZ MONTENEGRO, S/N
NOVA RUSSAS;48;82;CENTRO;EEMTI OLEGARIO ABREU MEMORIA;RUA CEL. ANTONIO RODRIGUES VERAS 1018
FORTALEZA;114;134;BARRA DO CEARÁ;EEFM ESTADO DE ALAGOAS;AVENIDA PRESIDENTE CASTELO BRANCO, 5244
CAMPOS SALES;38;107;BAIRRO BATALHÃO;E.E.I.F MANOEL DUARTE DE SÁ BARRETO - SEDE;RUA IZABEL MENDES, 193
MARACANAÚ;104;96;JEREISSATI I;EEMTI PROFESSOR ANTÔNIO MARTINS FILHO;AVENIDA III, S/N
IRAUÇUBA;41;256;SACO VERDE;ESCOLA MUNICIPAL EDSON QUEIROZ;SACO VERDE
SÃO BENEDITO;22;117;CENTRO-SEDE;ESCOLA DE ENSINO FUNDAMENTAL DEP FRANCISCO JULIO FILIZOLA;RUA MINISTRO ANTONIO COELHO 827
ITAPIPOCA;17;707;ARAPARI;EEB JOAO GONCALVES VIANA;SANTA RITA
VIÇOSA DO CEARÁ;35;163;SITIO LAGOA DO BARRO;GRUPO ESCOLAR DA LAGOA DO BARRO;SITIO LAGOA DO BARRO
BREJO SANTO;70;167;CENTRO-SEDE;EEF PADRE PEDRO INACIO RIBEIRO;AV DIONIZIO ROCHA DE LUCENA 46
PENTECOSTE;50;233;ZONA RURAL;EEIF FRANCISCO SÁ - NÚCLEO D;NÚCLEO D
RUSSAS;9;79;CENTRO;ESCOLA MUNICIPAL TIA BENILCE DE EDUC INFANTIL E ENSINO FUNDAMENTAL;AVENIDA DOM LINO, 204
VÁRZEA ALEGRE;62;59;IBICATU;EEF MARIA SIEBRA DE MORAIS;SÍTIO FORTUNA
FORTALEZA;114;207;FLORESTA;EM FRANCISCO SILVA CAVALCANTE;RUA CONSELHEIRO LAFAYETTE 205
AURORA;69;7;CENTRO-SEDE;E.E.F.M. JOSE PINTO QUEZADO;VILA PAULO GONÇALVES, S/N
FORTALEZA;115;228;SERRINHA;EMEIF WALDEMAR BARROSO;RUA CÔNEGO LIMA SUCUPIRA,  1651
JUAZEIRO DO NORTE;119;381;PIRAJA;ESCOLA AMALIA XAVIER;RUI BARBOSA 468
FORTALEZA;1;386;VICENTE PINZON;ESCOLA ESTADUAL DEPUTADO MANOEL RODRIGUES;RUA OLIVEIRA FILHO, 1576
VIÇOSA DO CEARÁ;35;136;SITIO MACAGETUBA I;E.E.I.F SALUSTIANO DA COSTA CARDOSO;SITIO MACAGETUBA I
CAUCAIA;120;302;CATUANA;E.E.I.E.F. PLÁCIDO MONTEIRO GONDIM;RUA RAIMUNDO OLIVEIRA, S/N
CHAVAL;108;83;CENTRO;POLO DE CONVIVÊNCIA SOCIAL JOÃO BATISTA DA SILVA - PROARES;RUA JOAQUIM AMÂNCIO DA SILVA TELES, S/N
LIMOEIRO DO NORTE;29;270;ÁREA RURAL;ANEXO DA CAPELA SÃO FREI GALVÃO;SITIO QUIXABA
MOMBAÇA;46;150;PAES DE ANDRADE;CRECHE MANOEL BATISTA ALVES;AV. ANTONIO JAIME BENEVIDES FILHO S/N
SOBRAL;24;90;JUNCO;EEFI JOSE DA MATA E SILVA;AV DR JOSE ARIMATEA MONTE E SILVA, 574
CRATEÚS;20;202;IPASE;ESCOLA DE CIDADANIA AIRAN VERAS;RUA CAPISTRANO DE ABREU SN
CRATEÚS;20;233;PLANALTO;EEMTI GOV. GONZAGA MOTA;RUA DR. JÚLIO LIMA, 2194
IBICUITINGA;47;244;CANINDEZINHO;EEB MANOEL ANTONIO DE FREITAS;CANINDEZINHO  - SEDE
ALTO SANTO;86;41;CENTRO;ESCOLA DE 1 E 2 GRAUS FRANCISCO NONATO FREIRE;AV EDSON GUERRA 667
SOLONÓPOLE;55;42;SAO JOSE;ESCOLA DE 1 GRAU MUNDOCA MOREIRA;RUA MIGUEL FIRMIANO
CRATEÚS;20;72;SÃO VICENTE;CENTRO ADMINISTRATIVO DA PREFEITURA DE CRATEÚS;RUA CEL TOTO, SN
DEPUTADO IRAPUAN PINHEIRO;55;96;CENTRO;CRECHE TALITA ANDRADE PINHEIRO;BAIRRO NOVO IRAPUAN
PARAMBU;19;337;POSTO CEARÁ;ESCOLA FRANCISCA EVILEIDE DE SOUSA (ANTIGA ESCOLA PEDRO ALVES FEITOSA);POSTO CEARÁ
FORTALEZA;3;229;CENTRO;EEFM CLÓVIS BEVILAQUA;AV. DOM MANUEL, 511
ITAPIPOCA;17;457;CENTRO;EEFM ANASTACIO ALVES BRAGA;AV DUQUE DE CAXIAS 888
ACOPIARA;60;29;LUNA;EEF AMARO BEZERRA;VILA LUNA
IGUATU;13;279;VILA CIDAO;CAMPUS MULTI-INSTITUCIONAL HUMBERTO TEIXEIRA (URCA/UECE/CENTEC);AV DÁRIO RABELO SN
IGUATU;13;23;PLANALTO;ESCOLA DE ENS MEDIO AMELIA FIGUEIREDO DE LAVOR;RUA 13 DE MAIO SN
ITAREMA;98;223;CENTRO;EMEF PE ARISTIDES ANDRADE SALES;AV JOAO BATISTA RIOS S/N
CAUCAIA;120;248;CONJUNTO METROPOLITANO;E.E.I.E.F. ANTÔNIO MIRANDA DE MELO;RUA PEDRO ALVES DE MENEZES, 1095 - CONJUNTO METROPOLITANO
CAMPOS SALES;38;3;B. CENTRO;E.E.I.F JOÃO XXIII - SEDE;TRAVESSA JOÃO XXIII, 205
JAGUARETAMA;72;7;CENTRO;EMEF 29 DE AGOSTO - PROFª MARIA ELIELZA PINHEIRO GUERRA;RUA TRISTAO GONCALVES 380
ITAPIPOCA;17;12;CENTRO;EEM JOAQUIM MAGALHÃES;RUA PERGENTINA ARAUJO S/N
MARACANAÚ;104;39;PAJUÇARA;EMEF RODOLFO TEÓFILO;RUA OTÁVIO ALVES, 1120
MARACANAÚ;104;348;TIMBÓ;EMEF ADAUTO FERREIRA LIMA;AVENIDA CONTORNO LESTE, S/N
MARACANAÚ;122;231;PIRATININGA;EMEF RUI BARBOSA;RUA DO CAMPO 51
FORTALEZA;117;232;SIQUEIRA;EEFM SENADOR OSIRES PONTES;RUA DIVINA 150
MORADA NOVA;47;292;LINHA BASE;EEB FRANCISCO XAVIER ANDRADE GIRAO;SITIO LINHA BASE DE CIMA
MOMBAÇA;46;162;CENTRO;EEP PLÁCIDO ADERALDO CASTELO;FAZENDA AMONTADA                                          AMONTADA
QUITERIANÓPOLIS;99;106;ZONA RURAL;EEIF ANÍZIO FROTA;DISTRITO SAO FRANCISCO
PIRES FERREIRA;21;87;DISTRITO;E.E.F. CENTRO EDUCACIONAL RURAL;DELMIRO GOUVEIA
PORANGA;40;128;ARRAIAL;ESCOLA REUNIDA SÃO SEBASTIÃO - ARRAIAL;ARRAIAL
IGUATU;13;587;VENEZA;ESCOLA DE ENS FUND FILGUEIRAS LIMA;RUA NELSON ALENCAR
MOMBAÇA;46;105;MORADA NOVA;ESCOLA DE ENSINO FUNDAMENTAL MARIA AMBROSINA CAVALCANTE;MORADA NOVA
POTENGI;68;73;SITIO ROSARIO;UBS ROSÁRIO;SITIO ROSARIO
AMONTADA;89;301;MOSQUITO;EEBTI EMILIA MARQUES MELO;MIRINDUBA
TARRAFAS;18;154;ZONA RURAL;ESCOLA DE 1 GRAU FRANCISCO ELIANUBIO LACERDA;SITIO IPUEIRAS - ZONA RURAL
FORTALEZA;2;743;LAGOA REDONDA;POSTO DE SAÚDE TEREZINHA PARENTE;RUA NELSON COELHO, 215
SOBRAL;24;615;RENATO PARENTE;EEEP LYSIA PIMENTEL GOMES;AV. JOHN SANFORD, 1223
CAUCAIA;120;348;BOM PRINCIPIO;E.E.I.E.F. JOAO CORDEIRO DE MIRANDA;BR 020 - KM 37
SOBRAL;24;80;EXPECTATIVA;EEFI TRAJANO DE MEDEIROS (LAVANDERIA);AVENIDA DR. JOSE EUCLIDES FERREIRA GOMES JUNIOR, S/N
MISSÃO VELHA;16;12;DISTRITO DE JAMACARU;EEFM PADRE AMORIM;RUA FELIX ITALIANO SN
AURORA;69;101;INGAZEIRAS-DISTRITO;ESCOLA DE ENSINO FUNDAMENTAL ANTONIO TELES DE PONTES;RUA DO COMERCIO
FORTALEZA;113;43;JOSÉ BONIFÁCIO;COLÉGIO FARIAS BRITO PRÉ - VESTIBULAR;AV. BARÃO DO RIO BRANCO, 2424
BARRO;92;64;CENTRO-SEDE;ESCOLA DE 1 GRAU JUSTINO ALVES FEITOSA;RUA CRISANTINA MONTEIRO S/N
TABULEIRO DO NORTE;91;159;VILA MACENA;EEB CLIMÉRIO JOSINO MAIA - VILA MACENA;RUA JOAQUIM IZIDIO GADELHA, 5277
JUAZEIRO DO NORTE;119;413;SANTA TEREZA;ESCOLA ADAUTO BEZERRA (SEGUNDO GRAU);CASTELO BRANCO SN
FORTALEZA;3;640;MEIRELES;NÁUTICO ATLÉTICO CEARENSE;AV. DA ABOLIÇÃO, 2727
CRATEÚS;20;51;CENTRO;EEFM LOURENCO FILHO;RUA FIRMINO ROSA 587
CAUCAIA;120;403;BOM PRINCIPIO;E.E.I.E.F. LAURIANO BRAZ XAVIER;BR 020 - KM 36
IGUATU;13;575;JARDIM OASIS;ESCOLA DE ENS FUND JOAO PAULINO DE ARAUJO;RUA SÍLVIO AMARO SN
CRATO;27;55;PALMEIRAL;URCA - CURSO DE DIREITO;AVENIDA TEODORICO TELES, 745
FORTALEZA;2;793;PAUPINA;EMEIF GUIOMAR DA SILVA ALMEIDA;RUA PEROLINA DE MORAIS, 449
CRATO;27;11;CENTRO;EEIEF PROFª EDILMA FERNANDES G. RODRIGUES - CÍRCULO OPERÁRIO;AVENIDA JOSÉ ALVES DE FIGUEIREDO S/N
UMIRIM;23;244;CENTRO-SEDE;E.E.F.M. JOSE PINHEIRO SALES;RUA MAJOR SALES 664
FORTALEZA;1;461;VARJOTA;ESCOLA ESTADUAL  BARBARA DE ALENCAR;RUA PEDRO RUFINO 38
JAGUARETAMA;72;65;ASSENTAMENTO NOVO ALAGAMAR;EMEIF MARIA DO SOCORRO ALVES DE OLIVEIRA;ASSENTAMENTO NOVO ALAGAMAR
CASCAVEL;7;130;PITOMBEIRAS;ESC.ENS.FUND. JOSÉ LUIS MENDES;POVOADO DE OITICICA
ITAPIPOCA;17;547;BALEIA;EEB DOM PAULO EDUARDO ANDRADE PONTES;CÓRREGO DA ESTRADA
CAUCAIA;120;357;CIGANA;E.E.I.E.F DALVA PONTES DA ROCHA;RUA QUINTINO JOSE CORREIA, 465
CASCAVEL;7;139;GUANACES;EEF PROFESSOR MAURÍCIO SANTOS COSTA (CURRALINHO);CURRALINHO CE 253
CASCAVEL;7;239;CHORO PEDRA REDONDA;ESC.ENS.FUND. CHORO PEDRA REDONDA;LOCALIDADE DE CHORO PEDRA REDONDA
FORTALEZA;118;575;BOA VISTA-CASTELÃO;EEFM PROFESSORA MARIA GONCALVES;RUA N S DO MONTE CARMELO S/N
ITAPIPOCA;17;287;ARAPARI;EEB JOAQUIM DE SOUZA PINTO;SÃO GONÇALO DOS DOMINGOS
COREAÚ;64;135;São Vicente;SÃO VICENTE - ESCOLA MUN. JOAQUIM AQUILES XIMENES;LOCALIDADE SÃO VICENTE
BOA VIAGEM;63;244;FAZENDA NOVA-SEDE;EEF SAGRADO CORAÇÃO DE JESUS;TIMBAÚBA
ARNEIROZ;101;67;CHATINHO;ESCOLA DE 1 GRAU SAO FRANCISCO DE ASSIS;NOVO HORIZONTE
RERIUTABA;79;10;PRAÇA DA ESTAÇÃO;CRAS - CENTRO DE REFERÊNCIA DE ASSISTÊNCIA SOCIAL;RUA CEL JOSÉ TEODORO, S/N - CENTRO
CRUZ;30;354;CANEMA;ESCOLA FILOMENA MARTINS DOS SANTOS;CANEMA
URUBURETAMA;23;33;CENTRO;EEF CEL JOAO DE PAULA FILHO;RUA FARM JOSE RODRIGUES 706
JAGUARETAMA;72;27;CENTRO;ESCOLA MUNICIPAL DE 1º.GRAU MANOEL CARLOTO PINHEIRO;RUA MANOEL CARNEIRO 97
ACOPIARA;60;22;CENTRO;EEF JOSE ADONIAS GURGEL DE ALBUQUERQUE;RUA JOAO PAULO II
CAUCAIA;37;526;TABAPUÁ;E.E.F.M. JOSÉ MARIA PONTES DA ROCHA;RUA 08, S/N - TABAPUÁ
ITAPIPOCA;17;616;DESERTO;EEB JOAO TEIXEIRA PINTO;NOVA ASSIS
JAGUARETAMA;72;31;SÍTIO SÃO PEDRO I;CAPELA SANTO EXPEDITO;SÍTIO SÃO PEDRO I
CAMPOS SALES;38;118;DIST.  DE CARMELÓPOLIS;E.E.I.F OSSEAN ALENCAR ARARIPE - DIST. DE CARMELÓPOLIS;RUA VIRGÍLIO GOMES, 139
VÁRZEA ALEGRE;62;16;CENTRO;EEM JOSÉ CORREIA LIMA;AV. LUIS AFONSO DINIZ, 213
CAMOCIM;32;41;CRUZEIRO;COLEGIO ESTADUAL PROF IVAN PEREIRA DE CARVALHO - CEPI;RUA RIACHUELO, SN
CAUCAIA;123;519;ARIANÓPOLIS (JUREMA);E.E.I.E.F. SEBASTIÃO BEZERRA DOS SANTOS;RUA SOLIMÕES, 361
CRATO;27;67;PIMENTA;COLÉGIO PEQUENO PRÍNCIPE;RUA VINTE E UM DE JUNHO, 935
HORIZONTE;78;177;MANGUEIRAL;CEI - ADÍLIA FERREIRA LIMA;RUA ALEXANDRE JOCA, 572 - MANGUEIRAL
BATURITÉ;5;262;GITIRANA;POSTO DE SAÚDE DO ALTO ALEGRE;GITIRANA, SN
PEDRA BRANCA;59;149;CENTRO;CENTRO ADMINISTRATIVO CESÁRIO MENDES;RUA FURTUNATO SILVA, 45
MORADA NOVA;47;190;LAGOA GRANDE;EEB JOSE IRIS RABELO;LAGOA GRANDE
ITAITINGA;78;253;CARAPIÓ;EEF MANOEL NOVAIS DE OLIVEIRA;RODOVIA EDSON QUEIROZ, 3205
CAUCAIA;123;400;URUCUTUBA (JUREMA);E.E.I.E.F. FIRMINO SOARES DE MOURA;RUA RAIMUNDO FERREIRA ROCHA, S/N - URUCUTUBA
MUCAMBO;79;232;PEDRA DE FOGO;ESCOLA JOSE DOMINGOS DE ALCANTARA;PEDRA DE FOGO
BELA CRUZ;96;73;BELEM-LOCALIDADE;EEIEF JOSE ANTONIO DE MORAIS;BELEM
ARACATI;8;343;VARZEA DA MATRIZ;C.E.I. PROF. SALETE MORAIS;RUA ABELARDO GURGEL COSTA LIMA
SABOEIRO;43;249;DISTRITO SÃO JOSÉ;E.E.F. ALDIZIO FERREIRA DOS SANTOS;DISTRITO SAO JOSE
CRATO;27;117;MURITI;UNIDADE BÁSICA DE SAÚDE FRANCISCO DAS CHAGAS LOBO SOARES (CHAGUINHA);RUA PEDRO ORLANDO BEZERRA DE MENEZES, S/N
SOLONÓPOLE;55;141;PASTA;GRUPO ESCOLAR ANTONIO BENIGNO BEZERRA;DISTRITO PASTA
SOBRAL;24;247;RAFAEL ARRUDA;EEM AGOSTINHO NERES PORTELA;RUA MARIA ARAÚJO DAMASCENO, S/N
MARANGUAPE;4;655;PARQUE SANTA FÉ - MARANGUAPE;CEM DEP. MANOEL RODRIGUES;RUA JUSCELINO KUBITSCHEK, S/N
NOVA RUSSAS;48;194;SITIO NOVO;GRUPO ESCOLAR FRANCISCO FERRO DE SOUSA;LOCALIDADE DE SITIO NOVO,
EUSÉBIO;88;86;CENTRO;EEM ANA BEZERRA DE SA;AV AIRTON SENA, 130 - CENTRO
SANTANA DO CARIRI;53;54;PEDRA BRANCA;EMEIEF HERMANO CHAVES FRANCK;SÍTIO PEDRA BRANCA, SN
PALMÁCIA;4;153;CENTRO;EEF JOSÉ ILDEFONSO CAMPOS;RUA FRANCISCO DE QUEIROZ, 2500
FORTALEZA;3;120;CENTRO;COLÉGIO MILITAR DO CORPO DE BOMBEIROS;RUA CONSELHEIRO ESTELITA, 500 (SEDE PROVISÓRIA)
FORTALEZA;114;45;BARRA DO CEARÁ;EM CASIMIRO JOSÉ LIMA FILHO;AVENIDA FRANCISCO SÁ 6449
LAVRAS DA MANGABEIRA;14;119;CAJAZEIRAS DOS ROBERTOS - SITIO;ESCOLA MUNICIPAL CICERO CORREIA LIMA;SITIO CAJAZEIRAS DOS ROBERTOS
MISSÃO VELHA;16;95;DISTRITO DE JAMACARU;UBS SÍTIO TERRA DURA;SÍTIO TERRA DURA DO ALEIXO
REDENÇÃO;52;183;DISTRITO DE BARRA NOVA (ANTIGO SÃO GERARDO);ESCOLA ANTONIO MALAQUIAS DE MELO;BARRA NOVA
MARANGUAPE;4;656;OUTRA BANDA - MARANGUAPE;EMEIEF PAULO SARASATE;AVENIDA DR. ARGEU GURGEL BRAGA HERBSTER, 883
ORÓS;15;272;PEDREGULHO - SITIO;POSTO DE SAÚDE FRANCISCO COSMO RODRIGUES;SÍTIO PEDREGULHO
MARANGUAPE;4;3;CENTRO - MARANGUAPE;EMEF CAPISTRANO DE ABREU;RUA CEL ANTÔNIO BOTELHO, 366
CEDRO;13;419;CENTRO;COLEGIO ESTADUAL CELSO ARAUJO;RUA ZE PAJE, 241
BARREIRA;52;191;BOQUEIRAO;SINDICATO DOS PRODUTORES RURAIS (ANTIGO JOSE BERNARDO);BOQUEIRÃO
PENTECOSTE;50;91;ZELADORIA;EEF GOVERNADOR WALDEMAR ALCÂNTARA;RUA PEDRO HORÁCIO, 297
HORIZONTE;78;126;TANQUES;EMEF EUCLIDIA PEREIRA DE AZEVEDO;RUA CELSO  SILVA ASSUNÇÃO, 8656
FORTALEZA;114;224;FLORESTA;INSTITUTO EDUCACIONAL PRESIDENTE MEDICI;RUA CÉSAR CORREIA 973
CRATO;27;359;MURITI;EEF PROF. JOSÉ DO VALE ARRAES FEITOSA;RUA VICENTE GREGÓRIO MARINHO, SN. N. SRA. DE FÁTIMA. BARRO BRANCO
SÃO GONÇALO DO AMARANTE;36;286;ARAPIXI;ESCOLA DE ENSINO MÉDIO WALDEMAR ALCANTARA;RUA MAJOR JOÃO MARTINS
QUIXERAMOBIM;11;147;NENELANDIA;ESCOLA MANOEL LUIS DA SILVA CO;COSMOS PAES
CRATO;27;7;PIMENTA;URCA - UNIVERSIDADE REGIONAL DO CARIRI;RUA CORONEL ANTÔNIO LUIZ, 1161
RERIUTABA;79;39;VILA NOVA;CRECHE VÓ SINHÁ;RUA JOÃO FURTADO FILHO, N 720
CAMPOS SALES;38;80;DIST. DE QUIXARIÚ;E.E.F.T.I - MANOEL BEZERRA FORTALEZA - DIST. DE QUIXARIÚ;RUA LEONARDO DE ANDRADE S/N
SANTANA DO ACARAÚ;44;64;BAIXA FRIA;EEF ANTÔNIO FRANCISCO CANAFÍSTULA;BAIXA FRIA
FORTALEZA;3;520;CENTRO;FAC. CATÓLICA DE FORTALEZA (SEMINÁRIO DA PRAINHA);RUA TENENTE BENÉVOLO, 201
CAUCAIA;120;324;PRIMAVERA;E.E.I.E.F. DOMINGOS ABREU BRASILEIRO;BR 222 - KM 30
ARACOIABA;67;73;CENTRO-SEDE;ESCOLA MUNICIPAL VALENTIM MANECO DA SILVA;CHAPADA
ARACOIABA;67;120;SOLON LIMA VERDE-SEDE;ESCOLA MUNICIPAL CORONEL ADOLFO GUEDES ALCOFORADO;RUA JOANINA ALVES DE OLIVEIRA SN
CROATÁ;74;117;DISTRITO;ESCOLA MUNICIPAL DE ANDRADE;ANDRADE
HORIZONTE;78;226;DISTRITO INDUSTRIAL;EMEF FRANCISCA GADELHA PIRES;AV PRESIDENTE CASTELO BRANCO, 7195
FORTALEZA;114;14;JARDIM IRACEMA;EM JESUS CRISTO - CEI ANEXO;RUA ALBERTO FERREIRA 564
FARIAS BRITO;62;202;BARREIRO DO JORGE;EEF JOAQUIM FERREIRA DOS SANTOS;VILA BARREIRO DO JORGE - DISTRITO DE QUINCUNCÁ
HORIZONTE;78;74;CENTRO;EMEF PROFESSORA RAIMUNDA DUARTE TEIXEIRA ;AV EUDES XIMENES, 83 - CENTRO 
ARACOIABA;67;87;CENTRO-SEDE;ESCOLA MUNICIPAL DRA. NÁGILA MARIA PONTES PAZ PASSOS;AV DA INDEPENDENCIA SN
NOVA RUSSAS;48;189;PATRONATO;E.M.E.F. FRANCISCA DAS GRAÇAS T MESQUITA(ANTIGA EEFM MONSENHOR LEITÃO);RUA HERMENEGILDO MARTINS, 667
LIMOEIRO DO NORTE;29;57;CENTRO;FACULDADE DE FILOSOFIA D AURELIANO MATOS;AV DOM AURELIANO MATOS 2058
BATURITÉ;5;262;GITIRANA;POSTO DE SAÚDE DO ALTO ALEGRE;GITIRANA, SN
GENERAL SAMPAIO;50;40;CONJUNTO SÃO JOSÉ;CRECHE PROINFÂNCIA DIANA DE NAZUR MONTEIRO MARINHO MOREIRA;RUA JOSÉ COSTA NASCIMENTO
CARIRÉ;65;14;CENTRO;SECRETARIA  DE EDUCACAO DE CARIRÉ;RUA BELARMINA RODRIGUES S/N
IPUEIRAS;40;186;OLHO D'AGUINHA DOS FREIRES;EEF FRANCISCO FREIRE ROMÃO - OLHO DAGUINHA DOS FREIRES;OLHO D'AGUINHA DOS FREIRES
JUAZEIRO DO NORTE;119;113;SANTA TEREZA;COLÉGIO MILITAR DE JUAZEIRO DO NORTE;CASTELO BRANCO SN
CHORÓ;6;319;MONTE CASTELO;EEF TOMAZ NUNES CAVALCANTE;MONTE CASTELO, S/N
FORTALEZA;114;250;BARRA DO CEARÁ;CENTRO DE EDUCAÇÃO COMPLEMENTAR (CEDCE) - ANTIGO SESI;AVENIDA FRANCISCO SÁ 6623
MAURITI;76;38;SÃO FÉLIX-DISTRITO;EEF SÃO JOSÉ;DISTRITO DE SÃO FÉLIX - SAÍDA PARA OLHO D'ÁGUA
ARARENDÁ;48;140;LAGOA DO PEIXE;E. E. F. FRANCISCO DE PAULA FILHO;LOCALIDADE DE LAGOA DO PEIXE
MILHÃ;55;158;CENTRO;CRECHE COMUNITÁRIA CRIANÇA FELIZ;RUA PADRE JOACI CAVALCANTE, S/N - CENTRO
IPU;21;125;DISTRITO;E.M.E.F. FUNDAÇÃO MARTINS;LAGES
CARIRIAÇU;71;143;CACHOEIRINHA;EEF RAIMUNDO GOMES;SÍTIO CACHOEIRINHA
BARRO;92;1;CENTRO-SEDE;CASA DO IDOSO;RUA MAJOR JANUARIO S/N
VÁRZEA ALEGRE;62;248;DISTRITO DE RIACHO VERDE;EEF RAIMUNDO MENDES DE FREITAS;SÍTIO GANGORRA
CARIRIAÇU;71;120;SÍTIO GENIPAPEIRO;EEIF TEREZA DA SILVA SOBREIRA;SÍTIO GENIPAPEIRO
TARRAFAS;18;72;CENTRO;PREFEITURA MUNICIPAL DE TARRAFAS;AV MARIA LUIZA LEITE SANTOS
MILAGRES;26;46;SITIO BARREIRO;ESCOLA GERMANO PAULINO LEITE;SITIO BARREIRO
SOLONÓPOLE;55;40;SAO JOSE;ESCOLA DE 1 GRAU MUNDOCA MOREIRA;RUA MIGUEL FIRMIANO
CRATEÚS;20;55;CIDADE NOVA;CENTRO DE EDUCACAO DE JOVENS E ADULTOS PROFESSOR LUIZ BEZERRA;RUA DR LUIZ CHAVES E MELO
ITAIÇABA;75;107;LOGRADOURO;CEI FRANCISCO AMARAL MAIA;LOGRADOURO
PARAMOTI;111;182;ZONA RURAL;ESCOLA PAULO VI;BARRA DO JUÁ
MASSAPÊ;45;137;ZONA RURAL;CENTRO DE APOIO COMUNITÁRIO MANOEL ESTANISLAU DE ARAÚJO;POVOADO ARRAIAL
IRAUÇUBA;41;192;BOA VISTA DO CAXITORE;ESCOLA MUNICIPAL DR. MARCELO SANFORD;BOA VISTA DO CAXITORE
ITAPAJÉ;41;75;CRUZEIRO-SEDE;CRAS CATÃO AZEVEDO CRUZ;RUA MANOEL BERNARDE 59
REDENÇÃO;52;134;CENTRO (SEDE);CÂMARA MUNICIPAL DE REDENÇÃO (ESPECIAL);RUA MARECHAL DEODORO, N. 5
CAMPOS SALES;38;123;DIST.  DE CARMELÓPOLIS;E.E.I.F OSSEAN ALENCAR ARARIPE - DIST. DE CARMELÓPOLIS;RUA VIRGÍLIO GOMES, 139
ASSARÉ;18;48;GENEZARE;ESCOLA DE 1 GRAU JOAQUIM NECO DA COSTA;RUA EUCLIDES BRANDAO  S/N
BATURITÉ;5;99;UIRAPURU-SITIO;ASSOCIACAO COMUNITARIA UNIAO SERRANA UIRAPURU;CE 356 - SITIO UIRAPURU
MAURITI;76;49;COITE-DISTRITO;EEF EDSON OLEGÁRIO DE SANTANA;RUA CEL. NAZÁRIO, S/N
BELA CRUZ;96;35;SANTO IZIDIO-LOCALIDADE;EMEIEF FRANCISCO CIPRIANO SAMPAIO;SANTO IZIDIO
ASSARÉ;18;48;GENEZARE;ESCOLA DE 1 GRAU JOAQUIM NECO DA COSTA;RUA EUCLIDES BRANDAO  S/N
MILHÃ;55;108;CARNAUBINHA;ESCOLA DE ENSINO BASICO RAIMUNDO BEZERRA FIGUEIREDO;RUA VALDINA DE LIMA
ARNEIROZ;101;60;CACHOEIRA DE FORA;GRUPO ESCOLAR JOAO MONTEIRO;CACHOEIRA DE FORA
FORTALEZA;115;264;MONDUBIM;LAR FABIANO DE CRISTO;RUA CEL. JAIME ROLEMBERG, 100
PENTECOSTE;50;88;CENTRO;PREFEITURA MUNICIPAL DE PENTECOSTE;RUA DOUTOR MOREIRA DE AZEVEDO, SN
GENERAL SAMPAIO;50;31;CONJUNTO SÃO JOSÉ;CRECHE PROINFÂNCIA DIANA DE NAZUR MONTEIRO MARINHO MOREIRA;RUA JOSÉ COSTA NASCIMENTO
OCARA;67;266;ARISCO DOS MARIANOS-DISTRITO;ESCOLA MUNICIPAL JOAQUIM FERREIRA DO VALE - ENSINO FUNDAMENTAL;CURRALINHO
TAMBORIL;61;68;DISTRITO DE OLIVEIRAS;EMEIF FRANCISCO LUCIO;RUA FRANCISCO LUCIO - VILA OLIVEIRAS
BATURITÉ;5;258;SANHARAO-SEDE;INSTITUTO FEDERAL DE EDUCAÇÃO, CIÊNCIA E TECNOLOGIA IFCE;RUA OUVIDOR MOR VITORINO SOARES BARBOSA, 160
BATURITÉ;5;244;CENTRO-SEDE;EMEF DOMINGOS SAVIO;AV DOM BOSCO, 393
UBAJARA;73;130;CENTRO;ESCOLA MARIA AGUIAR VASCONCELOS;RUA ÂNGELO SOUSA, S/N
FORTALEZA;115;361;PARANGABA;EEEP JOAQUIM MOREIRA DE SOUSA;RUA CAIO PRADO 02
CANINDÉ;33;321;ZONA RURAL;EMEF JOSE BERNARDO UCHOA;VAZANTE DO CURU
RERIUTABA;79;250;ENGENHO;UBS MARIA DAS DORES MARTINS REGO MAGALHÃES;RUA DO ENGENHO
AURORA;69;122;SITIO CACHOEIRA;ESCOLA FRANCISCO ANDRÉ DE FRANÇA;VILA AGROVILA
BELA CRUZ;96;36;SANTO IZIDIO-LOCALIDADE;EMEIEF FRANCISCO CIPRIANO SAMPAIO;SANTO IZIDIO
ORÓS;15;249;CENTRO;E.E.M. EPITÁCIO PESSOA;AV. JOSÉ GABRIEL BEZERRA, 274
FORTALEZA;113;46;JOSÉ BONIFÁCIO;COLÉGIO FARIAS BRITO PRÉ - VESTIBULAR;AV. BARÃO DO RIO BRANCO, 2424
FORTALEZA;115;354;PARANGABA;EEEP JOAQUIM MOREIRA DE SOUSA;RUA CAIO PRADO 02
BARBALHA;31;53;CENTRO;COLÉGIO DOM BOSCO OBJETIVO (CENTRO);RUA ADÃO APOLINÁRIO, S/N
ARNEIROZ;101;60;CACHOEIRA DE FORA;GRUPO ESCOLAR JOAO MONTEIRO;CACHOEIRA DE FORA
CRATO;27;42;PIMENTA;URCA - UNIVERSIDADE REGIONAL DO CARIRI;RUA CORONEL ANTÔNIO LUIZ, 1161
ARACATI;8;325;CACIMBA DO POVO;C.E.I. MARIA RODRIGUES PRACA;RUA SAO CRISTOVAO S/N
ITAPAJÉ;41;205;CENTRO-SEDE;CENTRO INTERESCOLAR JOÃO TEIXEIRA SARAIVA;RUA JOSE PINTO CAVALCANTE 273
ACARAÚ;30;380;ZONA RURAL;ESCOLA SOFIA NUNES DE FREITAS;ALPARGATAS
COREAÚ;64;137;Feitoria;FEITORIA - PRÉDIO DA ESCOLA MUNICIPAL;LOCALIDADE DE FEITORIA
MORRINHOS;44;25;DISTRITO DE SITIO ALEGRE;ESCOLA FRANCISCO DE PAULO MAGALHÃES;SITIO ALEGRE
BREJO SANTO;70;396;POCO DO PAU-DISTRITO;CEI MARIA MARTINS DE SOUSA;VILA VASSOURAS
NOVO ORIENTE;99;73;ZONA RURAL;EEF LUIZ CANUTO;LAGOA DOS NERES
JAGUARETAMA;72;24;CENTRO;CENTRO DE REFERÊNCIA DA ASSISTÊNCIA SOCIAL - CRAS;AV. ADOLFO BEZERRA DE MENEZES, 373
FORTALEZA;113;413;VILA UNIÃO;COLÉGIO ART E MANHA;RUA SÃO MATEUS, 1020
FORTALEZA;83;793;PICI;ESCOLA MUNICIPAL ADROALDO TEIXEIRA CASTELO;RUA ALAGOAS 2267
FORTALEZA;116;80;GRANJA PORTUGAL;EM CONCEICAO MOURAO;RUA DUAS NACOES 550
FORTALEZA;94;851;VILA VELHA;ASSOC DOS MORADORES DO CONJ DOS BANCARIOS;RUA 27 1630
BARRO;92;10;CENTRO-SEDE;EEEP PROFESSOR JOSÉ OSMAR PLÁCIDO DAS SILVA;RUA ANTÔNIA BEZERRA TELES, S/N
ALCÂNTARAS;24;457;CARMOLANDIA;EEFI PEROLINA FERNANDES ALBUQUERQUE;POVOADO DE CARMOLANDIA
IRAUÇUBA;41;281;GIL BASTOS;EMEF GIL BASTOS;RUA NOVA, S/N
EUSÉBIO;88;167;GUARIBAS;EEMF ADELINO BEZERRA;AV ACILON GONÇALVES PINTO, S/N - GUARIBAS
CAMOCIM;32;226;OLINDA;EEF EDUARDO NORMANDIA DE ALBUQUERQUE - BAIRRO NOVA OLINDA;NOVA OLINDA II, 367
HIDROLÂNDIA;54;200;ALTO DA ESPERANÇA;ESCOLA PROFISSIONALIZANTE FRANCISCA MAURA MARTINS;RUA PROJETADA, SN
SANTA QUITÉRIA;54;183;ASSENTAMENTO ALEGRE TATAJUBA;E. E. F. ABÍLIO MESQUITA MARTINS;ASSENTAMENTO ALEGRE TATAJUBA
ACARAÚ;30;367;ZONA RURAL;ESCOLA ARISTIDES FLORIANO DE OLIVEIRA;CAJUEIRO DO BOI
BARRO;92;32;SANTO ANTONIO-DISTRITO;ESCOLA DE 1 GRAU JOAQUIM ALVES PEREIRA;DISTRITO DE SANTO ANTONIO
IBARETAMA;6;336;DISTRITO DE NOVA VIDA;EMEIF LUÍS CORREIA LIMA;SAO FRANCISCO - DISTRITO DE NOVA VIDA
AIUABA;101;38;BARRA;GRUPO ESCOLAR PAES DE ANDRADE;RUA FRANCISCO JOSE DOS SANTOS, 14
TRAIRI;97;174;SERRINHA;EEF PROFESSOR ELIZEU BARBOSA;ALTO SAO FRANCISCO
MADALENA;63;182;SEDE;POSTO DE SAÚDE MARIA MARQUES PEREIRA;SÃO GERARDO
CARIRÉ;65;93;ZONA RURAL;ESCOLA EIEF LUCAS RODRIGUES DE BRITO;DISTRITO ALTO DOS HONORIOS
PACOTI;5;172;CENTRO-SEDE;EMTI SAO LUIS;RUA PADRE QUILIANO 72
ARACOIABA;67;9;CENTRO-SEDE;CENTRO EDUCACIONAL CORONEL PEDRO GUEDES ALCOFORADO - CNEC;RUA MANOEL GUEDES 47
FORTALEZA;93;107;MONDUBIM;EM OSMIRIO DE OLIVEIRA BARRETO;RUA 10, S/N (CJ SITIO DO CÓRREGO)
FORTALEZA;80;234;TAUAPE;EMEIF PROFª ANTONIETA CALS;RUA MONSENHOR SALAZAR 1480
SANTANA DO ACARAÚ;44;50;RETIRO;EEIF PADRE SEVERIANO;RUA DR MANOEL JOAQUIM   S/N
BOA VIAGEM;63;158;VILA HOLANDA - SEDE;EEF DELFINA VIEIRA DA SILVA;RUA JOAO ABREU DE LIMA - 220
BEBERIBE;84;133;PARIPUEIRA;ESCOLA MUNICIPAL MANUEL CORREIA DE LIMA;LAGOA DAS PORTEIRAS
CAUCAIA;37;590;JANDAIGUABA;E.E.I.E.F. MARIA HELENA MOREIRA DA SILVA;RUA DO GRUPO, 249
OCARA;67;173;ARISCO DOS MARIANOS-DISTRITO;ESCOLA MUNICIPAL ANTONIO CLAUDINO DA SILVA - ENSINO FUNDAMENTAL;VILA NOVA DOS LUZIAS
FORTALEZA;113;370;MONTESE;COLÉGIO ESTADUAL PRESIDENTE HUMBERTO CASTELO BRANCO;RUA IRMA BAZET, 210
ACARAÚ;30;210;ZONA RURAL;ESCOLA LAURA FURTADO DO NASCIMENTO;VOLTA DO RIO
PACAJUS;49;168;BASE;EEF NELI GAMA (ANT. RAIMUNDO AGOSTINHO);BASE
FORTALEZA;80;415;DIONISIO TORRES;COLÉGIO SANTO INACIO;AVENIDA DESEMBARGADOR MOREIRA 2355
FORTALEZA;115;385;PARANGABA;EEMTI GENERAL EUDORO CORREA;RUA JULIO BRAGA 101
ORÓS;15;267;GUASSUSSE - DISTRITO;E.E.F. MANOEL RAIMUNDO MONTANHA;RUA DA MATRIZ, S/N
FORTALEZA;113;147;JARDIM AMÉRICA;ESC. EST. DE EDUC. PROFISSIONAL PAULO VI;RUA JORGE DUMMAR, 1841
FORTALEZA;116;440;BONSUCESSO;CEI XV DE OUTUBRO;RUA MENINO JESUS DE PRAGA, 192
VIÇOSA DO CEARÁ;35;56;SITIO BUIRA GRANDE;E.E.I.F JOAO BONIFACIO DO NASCIMENTO;SITIO BUIRA GRANDE
RUSSAS;9;150;INGA;ESCOLA MUNICIPAL JOSE RICARDO DE MATOS;INGÁ
CAPISTRANO;105;6;SEDE;ESCRITÓRIO DA CAGECE;RUA JOSÉ SARAIVA SOBRINHO S/N
ASSARÉ;18;73;GENEZARE;ESCOLA DE 1 GRAU JOAQUIM NECO DA COSTA;RUA EUCLIDES BRANDAO  S/N
ICÓ;15;99;NOVO CENTRO - SEDE;EEMTI - PADRE JOSÉ ALVES DE MACÊDO;AV. FRANCISCO CAETANO DANTAS, S/N
PACAJUS;49;270;COAÇU;EEF ESAU NOGUEIRA DE QUEIROZ;AV HERCILIA LOPES DE MENEZES SN
URUBURETAMA;23;29;CENTRO;COLEGIO MUNICIPAL MARIA JULIA MAIA BONFIM;AV MAJOR SALES,536
SENADOR POMPEU;12;79;CODIA;EEIEF PEDRO HOLANDA;SÍTIO JENIPAPEIRO
AQUIRAZ;66;28;CENTRO;EMEF ERNESTO GURGEL VALENTE;RUA FRANCISCO CAMARA, SN
JARDIM;119;366;CENTRO;ESCOLA SENADOR CARLOS JEREISSATI;AVENIDA WILSON RORIZ
FORTALEZA;116;162;BOM JARDIM;EM SEBASTIAO DE ABREU;RUA GERALDO BARBOSA 1065
JUAZEIRO DO NORTE;28;57;SAO MIGUEL;COLÉGIO OBJETIVO;RUA DOUTOR FLORO, 776
FORTALEZA;94;880;PADRE ANDRADE;CEI PROFESSOR CLODOALDO PINTO;RUA BANVARTH BEZERRA 100
FORTALEZA;80;227;JOAQUIM TÁVORA;EEFM PADRE ROCHA;RUA CEL ALVES TEIXEIRA 525
TAUÁ;19;51;TAUAZINHO;EEM MARIA DAS DORES CIDRÃO ALEXANDRINO;AV CEL VICENTE ALEXANDRINO DE SOUSA 04
SOBRAL;121;138;CENTRO;EEM PROFESSOR ARRUDA;RUA CEL. MONT'ALVERNE, 570
OCARA;67;245;SERENO DE CIMA-DISTRITO;ESCOLA MUNICIPAL FRANCISCO CORREIA RODRIGUES- ENSINO FUNDAMENTAL;VILA SAO MIGUEL
FORTALEZA;94;945;VILA VELHA;CEI MARISTELA DA FROTA CAVALCANTE;AV. L, N. 1000
RUSSAS;9;296;CENTRO;COLEGIO ESTADUAL GOVERNADOR FLAVIO MARCILIO;AV DOM LINO 725
FORTALEZA;85;116;CONJUNTO CEARÁ I;CCDH - CENTRO DE CIDADANIA E DIREITOS HUMANOS (ANTIGO LUCIO ALCANTARA);AV. ALANIS MARIA LAURINDO DE OLIVEIRA, 461, 1A ETAPA
FORTALEZA;85;281;CONJUNTO CEARÁ I;EEFM PROF PLACIDO ADERALDO CASTELO - UV 7B;RUA SETECENTOS E VINTE E UM, 100, 3A ETAPA
VÁRZEA ALEGRE;62;91;ALTO DA PREFEITURA;EEF MARIA AMÉLIA GONÇALVES COSTA;RUA JOAQUIM FELIX, SN
CARNAUBAL;22;160;CRUZEIRO;EEF ANTONIO RAIMUNDO DE MELO;AV PAULO SARASATE 539
JUAZEIRO DO NORTE;119;20;SANTA TEREZA;COLEGIO POLIVALENTE;JOSE MARROCOS SN
FORTALEZA;113;401;PARQUE ARAXÁ;CENTRO UNIVERSITÁRIO UNIFANOR;AV. BEZERRA DE MENEZES, 1277
PENAFORTE;70;331;CENTRO-SEDE;ESCOLA SIMAO ANGELO;RUA PADRE CICERO S/N
MORADA NOVA;47;81;ARUARU;EEB JOSE FRANCISCO SAMPAIO;RUA JOANA MARIA, S/N
FORTALEZA;94;927;ANTÔNIO BEZERRA;COLÉGIO EVOLUIR;RUA CÂNDIDO MAIA,109
PACATUBA;57;325;CONJUNTO JEREISSATI II;EEEP PROFª LUISA DE TEODORO VIEIRA;AV. XXV S/N
AQUIRAZ;66;326;TELHA-CAMARA;EMEF JOSE RODRIGUES MONTEIRO;RUA ANGELO RODRIGUES MONTEIRO 882
FORTALEZA;95;250;BARROSO;EMEIEF OTAVIO DE FARIAS;RUA JOAO FERREIRA, S/N
MONSENHOR TABOSA;61;110;CENTRO;E.E.M.T.I GOVERNADOR ADAUTO BEZERRA;RUA SAO SEBASTIÃO N 39 - PERTO DA CADEIA PÚBLICA
ICÓ;15;4;CENTRO - SEDE;ESCOLA MUNICIPAL SENHOR DO BONFIM;RUA FRANCISCO MACIEL DA SILVA, 2557
FORTALEZA;116;472;GRANJA LISBOA;EM RACHEL VIANA MARTINS;RUA TUCUNDUBA 2703
FORTALEZA;80;343;JOAQUIM TÁVORA;COLÉGIO SALESIANO DOM BOSCO;AV ANTONIO SALES 116
IPUEIRAS;40;24;GÁSEA;EEF FRANCISCO GOMES DE MELO - GÁSEA;GÁSEA
IPUEIRAS;40;124;BOM JARDIM;ESCOLA DE 1 GRAU JOAO CASSIMIRO DE SOUSA - BOM JARDIM;BOM JARDIM
FORTALEZA;95;186;CAJAZEIRAS;DNIT;RODOVIA BR-116, KM 06
BARREIRA;52;113;BOQUEIRAO;SINDICATO DOS PRODUTORES RURAIS (ANTIGO JOSE BERNARDO);BOQUEIRÃO
JUAZEIRO DO NORTE;28;278;SAO MIGUEL;CEJA PROFA. CÍCERA G. CORREIA;DO CRUZEIRO 1440
JUAZEIRO DO NORTE;28;269;SAO MIGUEL;COLÉGIO OBJETIVO;RUA DOUTOR FLORO, 776
SENADOR POMPEU;12;42;BONFIM;SALÃO JOÃO GASPAR FILHO;KM 12
RUSSAS;9;241;TABULEIRO DO CATAVENTO;CAIC - SENADOR CARLOS JEREISSATI;RUA 25 SN  MUTIRAO
FORTALEZA;95;100;CONJUNTO PALMEIRAS;EEFM DOUTORA ALDACI BARBOSA;RUA VALPARAISO, 155
TIANGUÁ;81;325;GERALDO SARAIVA;C.E.I. ELIOENAI BARROS DOS SANTOS;RUA MARANGUAPE ROCHA. S/N
SENADOR POMPEU;12;80;BONFIM;ASSOCIAÇÃO DOS MORADORES DA VILA CAJAZEIRAS SÍTIO LUCAS E DO Ó;VILA CAJAZEIRAS
GRANJA;25;48;IBUGUAÇU;E.E.F. DONA MARIA GUILHERME DE CARVALHO;RUA NOVA, S/N
IGUATU;13;413;RIACHO VERMELHO;ESCOLA DE ENS FUND DOMINGOS FELIX TEIXEIRA;SITIO RECREIO
MISSÃO VELHA;16;84;ZONA RURAL;EEF PEDRO RAIMUNDO DA CRUZ;SITIO RIACHO DAS PALMEIRAS
ITAPIPOCA;17;367;ÁREA RURAL DE ITAPIPOCA;EEB JULIA RODRIGUES DE MENEZES;GANGORRA
ARACATI;8;35;CENTRO;E.E.F. DARCI RIBEIRO;RUA TEÓFILO PINTO, S/N.
JAGUARUANA;75;44;CAMPO GRANDE;E.E.F. GERARDO CORREIA LIMA (CAMPO GRANDE);CAMPO GRANDE
FORTALEZA;112;381;CIDADE DOS FUNCIONÁRIOS;EEFM WALTER DE SA CAVALCANTE;AVENIDA OLIVEIRA PAIVA, 550
ACARAÚ;30;54;ZONA RURAL;ESCOLA MANOEL DUCA DA SILVEIRA;LAGOA DO CARNEIRO
BOA VIAGEM;63;210;CENTRO-SEDE;EEFM DOM TERCEIRO;RUA ALFREDO TERCEIRO  300
SOBRAL;121;252;TAPERUABA;ESCOLA MASSILON SABOIA DE ALBUQUERQUE;OLHO D' ÁGUA DO PAJÉ
JAGUARUANA;75;89;ALTO DA CAATINGUINHA;EEEP FRANCISCA ROCHA SILVA;RUA JOAO CELEDONIO SOBRINHO
ITAITINGA;78;338;PARQUE SANTO ANTONIO;EEM ANTÔNIO GERALDO DE LIMA;RUA PREFEITO ISAAC NEWTON CAMPOS, 337
JAGUARUANA;75;86;TABULEIRO;E.E.F. MONSENHOR ALUISIO DE CASTRO FILGUEIRAS;RUA JOAO FRANCISCO RODRIGUES 1384
PARAMBU;19;377;MONTE SION;ESCOLA EVA BATISTA DE ALMEIDA;SERRA DO MEIO
FORTALEZA;85;115;CONJUNTO CEARÁ I;CCDH - CENTRO DE CIDADANIA E DIREITOS HUMANOS (ANTIGO LUCIO ALCANTARA);AV. ALANIS MARIA LAURINDO DE OLIVEIRA, 461, 1A ETAPA
FORTALEZA;80;310;DIONISIO TORRES;COLÉGIO CHRISTUS - DIONÍSIO TORRES;RUA ISRAEL BEZERRA 630
REDENÇÃO;52;35;DISTRITO DE BARRA NOVA (ANTIGO SÃO GERARDO);ESCOLA JOAQUIM JOSÉ DA SILVA;GURGURI
GUARACIABA DO NORTE;74;98;DISTRITO;ESCOLA MUNICIPAL DE VARZEA REDONDA;VARZEA REDONDA
FORTALEZA;112;372;CIDADE DOS FUNCIONÁRIOS;SEAS;AV. OLIVEIRA PAIVA, 941
CARIRÉ;65;48;TAPúIO;ESCOLA EIEF ADAUTA MOCINHA BARROS ROCHA;RUA SE MAGALHAES - TAPUIO
MARACANAÚ;104;267;PAJUÇARA;EMEF LUIZ GONZAGA DOS SANTOS;RUA PEDRO BATISTA, 110
LAVRAS DA MANGABEIRA;14;50;QUITAIUS - DISTRITO;ESCOLA DE 1 E 2 GRAU JOAQUIM LEITE TEIXEIRA;RUA JOAQUIM LEITE TEIXEIRA 240
CASCAVEL;7;256;RIO NOVO;E.E.B. DEPUTADO RAIMUNDO QUEIROZ;AV JOAO DAMASCENO FONTENELE, 3233
FORTALEZA;85;170;ANTÔNIO BEZERRA;INSTITUTO EDUCACIONAL JOSE DE ALENCAR;RUA HUGO VITOR 730
MARANGUAPE;4;511;LAGOA DO JUVENAL;EMEF JOSÉ DE SOUSA ALBUQUERQUE;AVENIDA NOSSA SENHORA DO CARMO, 525
FORTALEZA;118;444;SERRINHA;EM MARIA DE CARVALHO MARTINS;AVENIDA DOUTOR SILAS MUNGUBA, 4300
SÃO GONÇALO DO AMARANTE;36;320;CONDOMINIO;CRECHE ANTONIO PLACIDO ALCANTARA;RUA UMARITUBA 52 - CONDOMÍNIO - SEDE
MUCAMBO;79;205;CENTRO;E.E.M. JOSÉ CLÁUDIO DE ARAÚJO;RUA JOSÉ CLÁUDIO DE ARAÚJO, 615
ARACATI;8;126;CACIMBA FUNDA;E.E.F. FRANCISCO AMARAL LIMA;CACIMBA FUNDA
SÃO GONÇALO DO AMARANTE;36;232;CROATA-DISTRITO;ESCOLA DE ENSINO FUNDAMENTAL PORFIRIO DE ARAUJO;RUA VALDO UCHOA - CROATA
ICÓ;15;145;AGUA BRANCA - SITIO;ESCOLA MUNICIPAL VICENTE CHAGAS MOTA;SITIO AGUA BRANCA S/N
MASSAPÊ;45;25;GINASIO;CENTRO EDUCACIONAL MASSAPEENSE;RUA AMADEU ALBUQUERQUE 323
FORTALEZA;116;502;GRANJA LISBOA;EM JOAO MENDES DE ANDRADE;RUA B (CJ PALMARES), 1366
TABULEIRO DO NORTE;91;59;SÃO BENTO;EEB JOSE BIZERRA DE LIMA - SITIO SÃO BENTO;SITIO SÃO BENTO
FORTIM;8;186;GUAJIRU;EEFTI. EDSON BARBOSA;GUAJIRU
REDENÇÃO;52;49;DISTRITO DE ANTÔNIO DIOGO;ESCOLA NEIDE TINOCO;SITIO ITAPAÍ
ITAPAJÉ;41;153;SAO MIGUEL DE BAIXO;ESCOLA MUNICIPAL ANTONIO VIANA DE MESQUITA;SAO MIGUEL DE BAIXO
HORIZONTE;78;364;DOURADO;EMEF MARINA FERREIRA DE ALMEIDA;RUA DONA SINHÁ, 159
PACAJUS;49;106;CROATA I;SECRETARIA DE TRABALHO E DESENVOLVIMENTO SOCIAL - STDS;AV. LUCIO JOSÉ DE MENEZES, 1254
FORTALEZA;118;635;BOA VISTA-CASTELÃO;EM PROFESSORA MARIA STELLA COCHRANE SANTIAGO;RUA ANTONIO FARIAS, 121
BEBERIBE;84;49;PARIPUEIRA;ESCOLA MUNICIPAL JOSE ANSELMO DE ALMEIDA;QUATRO BOCAS
BEBERIBE;84;171;ITAPEIM;ESCOLA MUNICIPAL JOSE DE ALENCAR;ANDREZA
RUSSAS;9;279;TABULEIRO DO CATAVENTO;CAIC - SENADOR CARLOS JEREISSATI;RUA 25 SN  MUTIRAO
AQUIRAZ;66;17;CENTRO;ESCOLA DE ENSINO MEDIO LIA SIDOU;RUA VIRGILIO COELHO N  693
MASSAPÊ;45;41;ZONA RURAL;EEF GERARDO EMILIANO;DISTRITO DE TANGENTE
CRATEÚS;20;234;FATIMA II;EEFM LIONS CLUBE;RUA CLOVIS BEVILAQUA 1417
FORTALEZA;94;366;JARDIM IRACEMA;EEFM DEP FCO DE ALMEIDA MONTE;AV. CORONEL CARVALHO 2400
ARACATI;8;173;SANTA TEREZA;E.E.F. DOMINGOS COSTA TEOBALDO;VILA DE SANTA TEREZA
FORTALEZA;117;370;PARQUE PRESIDENTE VARGAS;EMTI PROFESSORA MARIA JOSÉ FERREIRA GOMES;RUA CÔNEGO DE CASTRO, 8617
FORTALEZA;117;469;SIQUEIRA;ESCOLA MUNICIPAL PROF JOSE CÍRIO PEREIRA FILHO;RUA QUARTZO ROSA, 100
ICAPUÍ;8;285;BARREIRAS DE BAIXO;CENTRO DE EDUCAÇÃO INFANTIL ANA RODRIGUES;BARREIRAS DE BAIXO
ACARAÚ;30;21;CENTRO;EEEP MARTA MARIA GIFONNI DE SOUSA;CENTRO
PACAJUS;49;142;ALTO DA BOA VISTA;EEF ARTUR BANDEIRA;RUA PROJETADA, S/N
FORTALEZA;94;466;ANTÔNIO BEZERRA;EEF INSTITUTO DOS CEGOS (ANTÔNIO BEZERRA);RUA DR. JOÃO GUILHERME, 373
MARACANAÚ;104;391;JARDIM BANDEIRANTES;EMEF EVANDRO AYRES DE MOURA;RUA SÃO SEBASTIÃO, 341
VIÇOSA DO CEARÁ;35;60;ZONA RURAL;E.E.I.F BOQUEIRÃO DO ITAGURUSSU;SITIO BOQUEIRAO DO ITAGURUSSU
SOBRAL;24;101;JOSÉ EUCLIDES;EEM MINISTRO JARBAS PASSARINHO;AVENIDA JOHN SANFORD, S/N
CEDRO;13;512;PRADO;IFCE-INSTITUTO DE EDUCAÇÃO, CIÊNCIA E TECNOLOGIA DO CEARÁ;RUA ALAMEDA JOSÉ QUINTINO, S/N
CARIRÉ;65;17;ZONA RURAL;ESCOLA EIEF MANOEL LOPES DA CUNHA;SERROTE BRANCO
SANTA QUITÉRIA;54;55;PIRACICABA;E. E. M. ARACY MAGALHÃES MARTINS;RUA RAIMUNDO MESQUITA SOBRINHO, 521
MOMBAÇA;46;68;CENTRO;E. E. F. M. DIVINO SALVADOR;RUA FRANCISCO JOSE DE OLIVEIRA SN                 SEDE
PACAJUS;49;175;BURITI;SECRETARIA DE EDUCAÇÃO;RUA TABELIÃO JOSÉ GAMA FILHO
CAMPOS SALES;38;28;B. CENTRO;E.E.E.M.T.I - MARIA DOLORES ARRAIS - (GRUPINHO);TRAVESSA VICENTE ALEXANDRINO DE ALENCAR,297
PACAJUS;49;149;COAÇU;EEF ESAU NOGUEIRA DE QUEIROZ;AV HERCILIA LOPES DE MENEZES SN
ITATIRA;33;233;ZONA RURAL;EMEF 13 DE MAIO;LOCALIDADE DE ALEGRE II
FORTALEZA;116;491;GRANJA PORTUGAL;EM REITOR ANTONIO MARTINS FILHO;RUA TEODORO DE CASTRO 1175
LAVRAS DA MANGABEIRA;14;22;CENTRO - SEDE;EEMTI ALDA FERRER AUGUSTO DUTRA;RUA CORONEL JOAO AUGUSTO 454
TAUÁ;19;42;CENTRO;ESCOLA MUNICIPAL DE 1 GRAU JORGE MASSILON;AV ODILON AGUIAR S/N
BELA CRUZ;96;77;BAIRRO AREIAS;CEMEJA JOSE LUDGERO DA SILVEIRA ;RUA SAO PAULO S/N
ARACATI;8;204;CANOA QUEBRADA;E.E.F. ZE MELANCIA;PRAÇA DRAGÃO DO MAR, S/N.
TIANGUÁ;81;290;ÁREA RURAL DE TIANGUÁ;CENTRO DE EDUCAÇÃO BÁSICA BENJAMIN DAMASCENO E VASCONCELOS;SÍTIO CROATÁ
FORTALEZA;94;882;PADRE ANDRADE;CEI PROFESSOR CLODOALDO PINTO;RUA BANVARTH BEZERRA 100
SANTA QUITÉRIA;54;52;PIRACICABA;E. E. M. ARACY MAGALHÃES MARTINS;RUA RAIMUNDO MESQUITA SOBRINHO, 521
BARREIRA;52;38;LAGOA GRANDE;UBS MARÍA RODRIGUES DA SILVA ;CRUZ
ARATUBA;105;56;CENTRO-SEDE;ESCOLA JOSE JOACY PEREIRA - ENSINO FUNDAMENTAL E MEDIO;AVENIDA ARLINDO MEDINA S/N
QUIXADÁ;6;27;PLANALTO UNIVERSITÁRIO;FECLESC;RUA JOSÉ DE QUEIROZ PESSOA, 2554
MARACANAÚ;122;169;SIQUEIRA (siqueira 2);EMEF VALDENIA ACELINO DA SILVA;RUA IRINEU MACHADO, 1250
FORTALEZA;93;238;PREFEITO JOSÉ WALTER;EM ROGACIANO LEITE;RUA 45, S/N - III ETAPA
AIUABA;101;4;CENTRO;ESCOLA PADRE PEDRO JOSE;RUA ARMANDO ARRAES FEITOSA 30
MARANGUAPE;4;527;OUTRA BANDA - MARANGUAPE;EMEIEF RENATO MOTA;RUA EMANOEL COSTA  ABREU, S/N
MARACANAÚ;122;162;NOVO MARACANAU;EMEF PRESIDENTE TANCREDO NEVES;RUA 06 COM RUA 02 S/N
ITAPIPOCA;17;402;ASSUNÇÃO;EEB RAIMUNDO GONCALVES DA SILVA;PARACATU
CRATO;27;47;SÃO MIGUEL;EEEP MARIA VIOLETA ARRAES DE ALENCAR GERVAISEAU;AVENIDA TEODORICO TELES, SN
MARCO;96;182;CENTRO-SEDE;CENTRO EDUCACIONAL CENECISTA SAO MANUEL;RUA PARSIFAL BARROSO 375
PACATUBA;57;19;CENTRO;EEM CRISPIANA DE ALBUQUERQUE;RUA RAIMUNDO SIQUEIRA,1819
FORTALEZA;118;56;PASSARÉ;COLEGIO CONEXÃO SABER;RUA DOUTOR PEDRO SAMPAIO, 550
ARATUBA;105;88;MUNDO NOVO-SITIO;ESCOLA MUNICIPAL ISABEL HERMINIO PINTO;MUNDO NOVO
AQUIRAZ;66;122;IGUAPE;EEFM CEL OSVALDO STUDART;RUA CEL OSVALDO STUDART 117 CENTRO
SOBRAL;121;20;TAPERUABA;ESCOLA MASSILON SABOIA DE ALBUQUERQUE;OLHO D' ÁGUA DO PAJÉ
FORTALEZA;3;398;ALDEOTA;COLÉGIO CHRISTUS (AV. BARÃO DE STUDART);RUA JOÃO CARVALHO, 630
SENADOR POMPEU;12;100;CARACARA;CEI  MARIA DAS DORES DE MAGALHÃES OLIVEIRA;RUA AUDISIO VIEIRA DO NASCIMENTO S/N
MERUOCA;24;574;Centro;EEFM - MONSENHOR JOSE FURTADO;AV CARLOS DAVI, 136
RERIUTABA;79;30;CENTRO;CENTRO DE FORMAÇÃO MISSIONÁRIA DOM WALFRIDO TEIXEIRA VIEIRA;RUA ALAÍDE RAMOS, S/N
GUARACIABA DO NORTE;74;148;DISTRITO;E.E.I.F. GUARANI II;GUARANI - VARZEA DOS ESPINHOS
FORTALEZA;118;614;SERRINHA;EM MARCOS VALENTIM PEREIRA DE SOUSA;RUA FREIRE ALEMÃO,91
LAVRAS DA MANGABEIRA;14;20;MANGABEIRA - DISTRITO;ESCOLA DE 1 GRAU DR JOAO GONCALVES DE SOUZA;AV. SAO SEBASTIAO S/N
CAMOCIM;32;10;SAO PEDRO;ESCOLA EMILIA PESSOA VERAS;RUA HUMAITA S/N
FORTALEZA;94;771;ANTÔNIO BEZERRA;EMEIEF DEPUTADO GERÔNCIO BEZERRA;TRAVESSA MANUEL NUNES, 42
EUSÉBIO;88;115;PEDRAS;EEF EVANDRO AYRES DE MOURA;RUA DOMINGOS SAVIO, 578 - PEDRAS
ORÓS;15;239;SAO JOSE - SEDE;E.E.F. ROBERTO ROLIM;TRAVESSA MARIA PINHEIRO DA COSTA S/N
JATI;70;364;CENTRO-SEDE;ESC ENS FUND PADRE MANOEL ALVES FEITOSA;RUA MANUEL LUIZ S/N
JATI;70;367;CENTRO-SEDE;ESC ENS FUND PADRE MANOEL ALVES FEITOSA;RUA MANUEL LUIZ S/N
CANINDÉ;33;21;SANTA CLARA;CENTRO SOCIAL URBANO;RUA SITONIO MONTEIRO 999
RUSSAS;9;140;PITOMBEIRA I;ESCOLA MUNICIPAL MARIA MARTINS DE CARVALHO;PITOMBEIRA I
PACATUBA;57;317;PAVUNA;EEIEF PEDRO DE SA RORIZ;RUA ZULEIDA DE SA RORIZ, 18
FORTALEZA;112;307;CIDADE DOS FUNCIONÁRIOS;IGREJA DA GLÓRIA;AV OLIVEIRA PAIVA, 905
FORTALEZA;94;211;QUINTINO CUNHA;EMEIEF MARIA CARDOSO;RUA FRANCISQUINHA PORTELA 1151
BELA CRUZ;96;49;ARATICUNS-LOCALIDADE;EEIEF SAO JOAO BOSCO;ARATICUNS
FORTALEZA;114;283;BARRA DO CEARÁ;EEEP PAULO PETROLA;RUA SAUDÁRIA, S/N - GOIABEIRAS
ARACOIABA;67;144;BAIXIO-SITIO;ESCOLA MUNICIPAL VEREADOR JOSE MOURA;BAIXIO
CAUCAIA;123;365;MARECHAL RONDON (JUREMA);E.E.I.E.F. ECONOMISTA RUBENS VAZ DA COSTA;AVENIDA NOVO HORIZONTE, S/N
AURORA;69;31;ARACA-SEDE;E.E.I.F. ROMAO SABIA;RUA PROJETADA  S/N
BARBALHA;31;73;SANTANA II;EEMTI ALMIRO DA CRUZ (SITIO SANTANA II);AV. PROJETADA IV, S/N - SITIO SANTANA II (7.32601 S, 39.24044 W)
CAUCAIA;37;515;TABAPUÁ;E.E.F.M. JOSÉ MARIA PONTES DA ROCHA;RUA 08, S/N - TABAPUÁ
CAPISTRANO;105;46;SEDE;CRECHE PROFESSORA MARIA ANTONIETA SANTOS;CIDADE NOVA - RUA VIDELINA
SANTA QUITÉRIA;54;245;COHAB;ESCOLA MARIA ALMERINDA JUCÁ MAGALHÃES;CONJUNTO HABITACIONAL ANGÉLICA CATUNDA
UMARI;15;213;LOGRADOURO - SITIO;ESCOLA MUNICIPAL ANTONIO CESAR DE MENESES;SITIO LOGRADOURO S/N
RERIUTABA;79;97;MUFUMBAL;E.E.I.F. ZACARIAS CORDEIRO DE PAULO;MUFUMBAL - ZONA RURAL
FORTALEZA;94;850;ANTÔNIO BEZERRA;COLEGIO JULIA FIALHO;RUA JOSE ACIOLY 73
PACATUBA;57;2;ALTO SAO JOAO;PROJETO ABC-PACATUBA;RUA FRANCISCO LOPES SOBRINHO, 1619
FORTALEZA;115;31;PARANGABA;EM THOMAZ POMPEU SOBRINHO;RUA JOSE MENELEU, 531
CARIRIAÇU;71;22;CENTRO;EEM PLÁCIDO ADERALDO CASTELO;RUA CARLOS MORAIS 752
FORTALEZA;85;371;CONJUNTO CEARÁ I;EEEP PROFESSOR CESAR CAMPELO;RUA 717, N.164, 3 ETAPA
BATURITÉ;5;161;CANDEIA DO ANTERINO-SITIO;ASSOCIAÇÃO BENEFICENTE CRIANCA FELIZ (ANTIGA EMEF JORGE FURTADO LEITE);CANDEIA DO ANTERINO
CANINDÉ;33;86;MONTE ;EMEF SÃO FRANCISCO;AV FRANCISCO CORDEIRO CAMPOS, 500
VIÇOSA DO CEARÁ;35;128;SITIO SANTA BARBARA;E.E.F SANTA BARBARA;SITIO SANTA BARBARA
ITAPIPOCA;17;26;COQUEIRO;IFCE - CAMPUS ITAPIPOCA;AVENIDA DA UNIVERSIDADE, 102
FORTALEZA;3;283;PRAIA DE IRACEMA;EM SÃO RAFAEL;RUA DOS TABAJARAS, 244
INDEPENDÊNCIA;39;86;SÃO LOURENÇO;EEF FRANCISCO MELINO COELHO;POVOADO SAO LOURENÇO
SENADOR POMPEU;12;81;SAO JOAQUIM;ASSOCIAÇÃO COMUNITÁRIA DA LOC. DO SÍTIO ROSÁRIO;SÍTIO ROSARIO
RUSSAS;9;109;ZONA RURAL;ESCOLA MUNICIPAL PE MARCONDES MATOS CAVALCANTE;JARDIM DE SAO JOSE
FORTALEZA;2;650;MESSEJANA;INSTITUTO FREI JOAO PEDRO DE SEXTO;AVENIDA FREI CIRILO, 4241
URUOCA;25;227;CENTRO;E.E.F. VALDEMAR ROCHA;RUA ANTONIO ARRUDA, 257
EUSÉBIO;88;114;PEDRAS;EEF EVANDRO AYRES DE MOURA;RUA DOMINGOS SAVIO, 578 - PEDRAS
EUSÉBIO;88;170;MANGABEIRA;EEIF OTONI SA;RUA EDNARDO WEINE, 389 - MANGABEIRA
PACAJUS;49;190;CROATA I;CEI RAIOS DE LUZ;RUA ARCELINO NOGUEIRA 08
FORTALEZA;80;166;TAUAPE;COLÉGIO MONSENHOR JOVINIANO BARRETO;RUA FREI VIDAL 1621
PIQUET CARNEIRO;12;129;SEDE;CAPELA SÃO JOÃO BATISTA;SITIO TRAVESSÃO
IPU;21;34;SEDE;ESCOLA DE ENSINO MEDIO DEP MURILO ROCHA AGUIAR;AV MILTON CARVALHO 635 - CENTRO
MARTINÓPOLE;25;113;CENTRO;E.E.I. CECILIO PORFIRIO GOMES;AV. CAPITAO BRITO, S/N
JARDIM;119;370;SITIO BOM SUCESSO;ESCOLA MANOEL JOSE DE SOUZA;SITIO BOM SUCESSO  SN
FORTALEZA;83;699;PICI;ESCOLA MUNICIPAL PROFESSORA MARIA LIDUÍNA CORREA LEITE;RUA FERNÃO MAGALHÃES, 120
MARANGUAPE;4;28;LADEIRA GRANDE;EMEIEF FRANCISCA ROCHA MAGALHÃES;AVENIDA ALCEBÍADES RODRIGUES BARRETO SN
TAMBORIL;61;74;BAIRRO MONTE CASTELO;EMEIF PROFª JULIETA ALVES TIMBÓ;RUA FRANCKLIN CAVALCANTE SN
CAUCAIA;123;556;PARQUE ALBANO (JUREMA);E.E.F.M. NOÉLIA ALENCAR;RUA 06, 125 - CONJUNTO SÃO MIGUEL II
QUIXERÉ;29;246;LAGOINHA;EEIF ZACARIAS FERREIRA DE SOUSA;RUA JOAO ZACARIAS DE BRITO SN
FORTALEZA;114;284;ÁLVARO WEYNE;COLÉGIO MANUEL DA SILVA (ÁLVARO WEYNE);RUA SÃO BERNARDO 181
TAMBORIL;61;52;DISTRITO DE BOA ESPERANÇA;EMEIF FRANCISCO VIANA FILHO;RUA GONÇALO CARLOS FARIAS, S/N - VILA BOA ESPERANÇA
VIÇOSA DO CEARÁ;35;184;ZONA RURAL;E.E.I.F. JOÃO ZEFERINO RODRIGUES;SITIO ESCORREGADEIRA
MARACANAÚ;122;204;PIRATININGA;EMEF - ELIAN DE AGUIAR MENDES;RUA AMAZONAS 01
CASCAVEL;7;12;BESSALANDIA;ESC.ENS.FUND. JULIA DE MELO;RUA GABRIEL GOMES BARBOSA
FORTALEZA;114;290;JARDIM IRACEMA;EM JESUS CRISTO;RUA ALBERTO FERREIRA, 564
ITAPIPOCA;17;546;BALEIA;EEB DOM PAULO EDUARDO ANDRADE PONTES;CÓRREGO DA ESTRADA
TIANGUÁ;81;199;LAURÃO;ESCOLA DE ENSINO MÉDIO TANCREDO NUNES DE MENEZES;RUA ASSEMBLÉIA DE DEUS, 1072
FORTALEZA;83;169;JÓQUEI CLUBE;EEFM HERACLITO DE CASTRO E SILVA;RUA SILVEIRA FILHO, 808
MISSÃO VELHA;16;15;SEDE;SECRETARIA DE TRABALHO E ASSISTÊNCIA SOCIAL (ANTIGO CSU);RUA PADRE CICERO, 204. CENTRO.
GUARACIABA DO NORTE;74;170;DISTRITO;ESCOLA MUNICIPAL DE BURACO DAGUA;BURACO DAGUA - MORRINHOS NOVOS
BARREIRA;52;133;MEARIM III;ESCOLA BOANERGES JACÓ (CERUR);RUA JOÃO JULIÃO, N. 182
GRANJA;25;62;PARAZINHO;E.E.F.T.I. FRANCISCA CLEOMAR VERAS FREITAS (ANTIGA CERU);RUA JOSE MARTINS, S/N
SOBRAL;24;96;CAMPO DOS VELHOS;EEM PROF. LUIS FELIPE;RUA CEL JOSE SILVESTRE, 760
MORADA NOVA;47;71;ARUARU;EEB PROFESSORA JOANA PAULA DE MORAIS;AVENIDA ERNESTO GEISEL
FORTALEZA;94;875;PADRE ANDRADE;EEFM HERMINIO BARROSO;RUA PADRE GUILHERME 800
RUSSAS;9;97;BONHU;ESCOLA MUNICIPAL UIRANDE AUGUSTO BORGES;BONHU
SÃO GONÇALO DO AMARANTE;36;166;CROATA-DISTRITO;ESCOLA DE ENSINO FUNDAMENTAL PORFIRIO DE ARAUJO;RUA VALDO UCHOA - CROATA
ITAPIPOCA;17;562;CRUXATI;EEB ALONSO PINTO DE CASTRO;BETÂNIA
CRATO;27;177;PINTO MADEIRA;EEF DOM QUINTINO;RUA SÃO FRANCISCO S/N
HORIZONTE;78;172;DISTRITO INDUSTRIAL;EMEF FRANCISCA GADELHA PIRES;AV PRESIDENTE CASTELO BRANCO, 7195
FORTALEZA;114;43;BARRA DO CEARÁ;EM CASIMIRO JOSÉ LIMA FILHO;AVENIDA FRANCISCO SÁ 6449
CRATEÚS;20;31;VENANCIOS;CENTRO REGIONAL DE DESENVOLVIMENTO DA EDUCACAO (CREDE 13);KM 4 BR 226
FORTALEZA;113;129;BENFICA;EEFM FIGUEIREDO CORREIA;RUA MARECHAL DEODORO, 733
CARIDADE;111;96;ZONA RURAL;EEIF OSORIO ALVES DA ROCHA;LOCALIDADE DE VARZEA COMPRIDA
FORTALEZA;93;231;PREFEITO JOSÉ WALTER;EM DIOGO VITAL DE SIQUEIRA;AVENIDA L , S/N
ACOPIARA;60;60;QUINCOE;EEF JUVENAL JOSE MULATO;SITIO TRANSUAL
JAGUARETAMA;72;4;CENTRO;ESCOLA PRIMEIRO GRAU DR RAUL BARBOSA (CRECHE CHAPEUZINHO VERMELHO);RUA RIACHO DO SANGUE, 599
ITAPIPOCA;17;466;CRUZEIRO;EEB PROFESSOR PEDRO TEIXEIRA BARROSO;RUA ANTONIO BARROSO NETO S/N
IGUATU;13;239;JOSÉ DE ALENCAR;ESCOLA DE ENS FUND JOSE PEREIRA LOPES;SITIO CAJAS
FORTALEZA;2;695;MESSEJANA;ETI MARIA ODETE DA SILVA COLARES;RUA CEL JOÃO DE OLIVEIRA, 687
JUAZEIRO DO NORTE;119;129;PIRAJA;ESCOLA AMALIA XAVIER;RUI BARBOSA 468
ITAPIPOCA;17;59;DESERTO;EEFMI HILDEBERTO BARROSO;AVENIDA VEREADORA LEIDA SOARES, 1205
EUSÉBIO;88;120;TAMATANDUBA;EEF IZIDIO JOSE CAMPINA;RUA IZIDIO CAMPINA, 751 TAMATANDUBA
JUAZEIRO DO NORTE;119;183;TIMBAUBA;ESCOLA ANTONIO BEZERRA MONTEIRO;SEBASTIAO CAVALCANTE SN
CAUCAIA;120;372;CAPUAN;SALAO PAROQUIAL DE CAPUAN;AVENIDA PROFESSORA LETÍCIA MARQUES CAVALCANTE, S/N
CROATÁ;74;48;DISTRITO;ESCOLA MUNICIPAL PROFESSORA MARIA DO CARMO MELO (BETANIA);BETANIA
PARAIPABA;109;184;CENTRO;EMEIF FRANCISCO FIGUEIREDO DE PAULA PESSOA;RUA ANTONIO TABOSA SN
QUIXERÉ;29;238;TOME;EEB PROFESSORA IRENE NONATO DA SILVA;TOMÉ
JAGUARIBE;10;26;DISTRITO DE FEITICEIRO;E.E.I.F. MARIA ENEIDA PEIXOTO SOARES;RUA FRANCISCO GUIMARAES PEIXOTO 714
IPUEIRAS;40;165;VAMOS VER;GRUPO ESCOLAR MONSENHOR FONTENELE - VAMOS VER;RUA ZACARIAS RIBEIRO MIRANDA, 653
REDENÇÃO;52;165;CENTRO (SEDE);ESCOLA PE. SARAIVA LEÃO (ANTIGA ESCOLA ADOLFO FERREIRA DE SOUSA);RUA SANTA RITA, N. 263
MORRINHOS;44;27;ESPINHOS DOS LOPES;CENTRO DE EDUCAÇÃO INFANTIL RITA DE CASSIA IRES;ESPINHOS  DOS LOPES
GUARAMIRANGA;5;218;CENTRO-SEDE;EMEF PROFESSOR JULIO HOLANDA;RUA CEL FRANCISCO DE MATOS BRITO S/N
BOA VIAGEM;63;84;SEDE;ASSOCIAÇÃO COMUNITÁRIA DO JANTAR;FAZENDA JANTAR
TEJUÇUOCA;41;245;LAURA;ESCOLA DE ENSINO FUNDAMENTAL JOAQUIM BARROSO BRAGA;LAURA MUQUEM
PORANGA;40;206;SEDE;ESCOLA INDÍGENA JARDIM DAS OLIVEIRAS - SEDE;RUA DOS TABAJARA E KALABAÇA, S/N
FORTALEZA;2;719;MESSEJANA;ETI MARIA ODETE DA SILVA COLARES;RUA CEL JOÃO DE OLIVEIRA, 687
CAUCAIA;120;345;COITE PEDREIRA;E.E.I.E.F. MARIA INOCÊNCIA DE ARAÚJO;RUA PRINCIPAL, S/N
CRATO;27;266;SEMINÁRIO;CENTRO DE EDUCAÇÃO INFANTIL LICEU DIOCESANO;RUA DOUTOR MANOEL MACEDO, 122
FORTALEZA;3;36;CENTRO;COLÉGIO 7 DE SETEMBRO (SEDE NGS);AV. DO IMPERADOR, 1330
FORTALEZA;116;72;GRANJA PORTUGAL;CRECHE PEQUENO MUNDO DE FLORA;RUA ANTONIO NERI, 1350
JUAZEIRO DO NORTE;28;234;SAO MIGUEL;EEM JOSE BEZERRA;SAO JORGE 440
APUIARÉS;50;118;ZONA RURAL;UEI LAGOA DAS PEDRAS;LAGOA DAS PEDRAS
PIRES FERREIRA;21;114;DISTRITO;CAPELA DE AROEIRAS;AROEIRAS
GROAÍRAS;65;115;CAPITAO JOSE LINHARES;EEF NOSSA SENHORA DO ROSARIO;RUA 23 DE MAIO, 1065
FORTALEZA;117;444;CANINDEZINHO;EM PADRE ANTONIO MONTEIRO DA CRUZ;RUA DE PEDESTRE XIII, 25 - JARDIM FLUMINENSE II
ABAIARA;26;9;DISTRITO SÃO JOSÉ;ESCOLA CORONEL HUMBERTO BEZERRA;AV JULIO SAMPAIO S/N
CRATO;27;93;SEMINÁRIO;EEIEF LICEU DIOCESANO DE ARTES E OFÍCIOS;RUA DUARTE JÚNIOR S/N
FORTALEZA;112;466;EDSON QUEIROZ;UNIVERSIDADE DE FORTALEZA - UNIFOR;AVENIDA WASHINGTON SOARES, 1321
IPAUMIRIM;92;99;FELIZARDO-DISTRITO;CENTRO DE EDUCAÇÃO INFANTIL TIO CHICO;TRAVESSA SAO JOSE, SN
FORTALEZA;83;791;JOÃO XXIII;CENTRO DE FORMAÇÃO E DESENV. PARA PROFISSIONAIS DA EDUCAÇÃO - FORMACE;RUA PORTO VELHO, 401
CAUCAIA;120;385;BOM PRINCIPIO;E.E.F. ALUÍSIO PEREIRA DE LIMA;AVENIDA BRASÍLIA, S/N
TIANGUÁ;81;198;ÁREA RURAL DE TIANGUÁ;E.E.I.F. REGINA TOMAZ;SÍTIO TABOCA
TIANGUÁ;81;199;LAURÃO;ESCOLA DE ENSINO MÉDIO TANCREDO NUNES DE MENEZES;RUA ASSEMBLÉIA DE DEUS, 1072
AQUIRAZ;66;139;TAPERA;EMEF PLACIDO CASTELO;RUA ASSIS BENTO DE FREITAS, 970 - BARRINHA
GUARACIABA DO NORTE;74;28;SEDE;INSTITUTO PROMOCIONAL BENJAMIM SOARES (PATRONATO);RUA PADRE BERNARDINO MEMORIA - CENTRO
URUOCA;25;79;ROBERTO DOURADO;E.E.F. MURILO AGUIAR;AV. JOÃO JOSÉ, N. 451
IPAUMIRIM;92;121;VILA FAZENDINHA;POSTO DE SAÚDE DA VILA FAZENDINHA;VILA FAZENDINHA
CAUCAIA;37;452;PARQUE LEBLON;EEIEF PEDRO LAURINO DE OLIVEIRA;RUA FILGUEIRAS SAMPAIO, S/N
SÃO BENEDITO;22;198;CIDADE ALTA;CVT - CENTRO VOCACIONAL TECNOLOGICO;RUA NOEME AMARAL 401
GUARAMIRANGA;5;224;PERNAMBUQUINHO-DISTRITO;ESCOLA RODRIGO DE ARGOLO CARACAS (PERNAMBUQUINHO);RODOVIA DE PERNAMBUQUINHO
GRANJA;25;144;BREJO;E.E.F. NOSSA SENHORA APARECIDA;RUA CLARISMUNDO ALVES ARAGAO, S/N - BREJO DOS SABINOS
SÃO GONÇALO DO AMARANTE;36;284;SIUPE-DISTRITO;ASSOCIAÇÃO DOS MORADORES DO ASSENTAMENTO RURAL DO NOVO TAPUIO;NOVO TAPUIO
CAUCAIA;123;328;PARQUE GUADALAJARA (JUREMA);E.E.I.E.F. 7 DE SETEMBRO;AV. DOM ALMEIDA LUSTOSA, 2322
FORTALEZA;1;384;VICENTE PINZON;ESCOLA PROFISSIONAL MARIA ANGELA DA SILVEIRA BORGES;RUA PINTOR ANTONIO BANDEIRA, S/N
CRATO;27;163;NOVO CRATO;CRAS SEMINÁRIO - CENTRO DE REFERÊNCIA DE ASSISTÊNCIA SOCIAL;RUA JOSÉ PINHEIRO TELES, 169
HORIZONTE;78;95;CATOLÉ;EMEF JOAO ANTONIO DA SILVA;RUA MANOEL DAMASCENO DA COSTA, 701
ACOPIARA;60;37;DISTRITO SANTA FELICIA;EEF PEDRO GOMES DE ALMEIDA;SITIO OITICICA DE UMARI
CRATEÚS;20;150;TUCUNS;ESCOLA DE CIDADANIA FRANCISCO FERREIRA BARROS;TUCUNS
FORTALEZA;3;425;CENTRO;UNIARI - CENTRO UNIVERSITÁRIO ARI DE SÁ;AV. HERÁCLITO GRAÇA, 826
CRATO;27;339;PONTA DA SERRA;EEIEF PEDRO FELÍCIO;VILA SÃO FRANCISCO, SN.
PACATUBA;57;135;MONGUBA;EEIEF MAJOR MANOEL ASSIS NEPOMUCENO;MONGUBA
ITAITINGA;78;318;PARQUE GENEZARÉ;EEF ELIAS DE SOUSA;RUA JOSE RODRIGUES PEREIRA, 137
AQUIRAZ;66;51;AROEIRAS;EMEF JOAO JAIME GADELHA;ESTRADA AROEIRA
PIRES FERREIRA;21;57;DISTRITO;EEM INÁCIO GOMES DE VASCONCELOS;LAJINHA
FORTALEZA;114;235;JARDIM IRACEMA;CAPELA NOSSA SENHORA DE FÁTIMA;RUA RIO ARAGUAIA 1669
CAUCAIA;123;459;ARATURI (JUREMA);E.E.I.E.F. MONSENHOR ANDRÉ VIANA CAMURÇA;RUA NW-5, 40
ITAPIPOCA;17;604;MARANHÃO;EEB JOÃO IDÁLIO TEIXEIRA;RUA DR BEZERRA DE MENEZES, SN
BARBALHA;31;170;MATA DOS LIMAS;EMEIF DIONÍSIO ROSS COELHO UCHOA;RUA P 01, S/N - SÍTIO MATA DOS LIMAS (7.26976 S, 39.32351 W)
FORTALEZA;85;284;CONJUNTO CEARÁ I;EEFM PROF. EDMILSON GUIMARAES DE ALMEIDA UV 10;RUA 1074 S/N (PROX. HOSPITAL), 4 ETAPA
TRAIRI;97;150;SERRINHA;EEF PROFESSOR ELIZEU BARBOSA;ALTO SAO FRANCISCO
SENADOR SÁ;45;118;CENTRO;EEF NOSSA SENHORA DO AMPARO;RUA PADRE DELMONT S/N
GRANJA;25;184;PARAZINHO;E.E.F.T.I. FRANCISCA CLEOMAR VERAS FREITAS (ANTIGA CERU);RUA JOSE MARTINS, S/N
UMARI;15;227;PITOMBEIRA - SITIO;ESCOLA MUNICIPAL VICENTE FERREIRA CLAUDINO;SITIO PITOMBEIRA S/N
FORTALEZA;80;250;TAUAPE;EMEIF PROFª ANTONIETA CALS;RUA MONSENHOR SALAZAR 1480
QUIXADÁ;6;183;CEDRO;ESCRITÓRIO DO DNOCS;ESTRADA DO REPARTIDOR, S/N
QUIXADÁ;6;8;CUSTÓDIO;EEF AGOSTINHO FERREIRA DE SOUSA;PAU D'ARCO, S/N
MAURITI;76;116;SEDE;EEF JOSE WILSON BARBOSA DE OLIVEIRA;SITIO PITOMBEIRAS
ICÓ;15;59;SEDE URBANA;ESCOLA MUNICIPAL MANOEL ANTONIO NUNES;RUA DO CRUZEIRO S/N
ICÓ;15;184;ALTO DA VARZEA - SITIO;ESCOLA MUNICIPAL CICERO AMARO DA SILVA;SITIO ALTO DA VARZEA S/N
RUSSAS;9;289;POCO REDONDO;ESCOLA MUNICIPAL LINO GONCALVES;POÇO REDONDO
PARACURU;109;93;CENTRO;E. M. E. F. PADRE JOAO DA ROCHA;RUA DES PONTES VIEIRA, 575
FORTALEZA;117;271;CANINDEZINHO;EM FLORIVAL ALVES SERAINE;RUA ITATIAIA, 1000
NOVO ORIENTE;99;137;ZONA RURAL;GRUPO ESCOLAR JOSÉ PEDRO DE ARAÚJO;SAO PEDRO
CHOROZINHO;49;67;CEDRO;EEF FRANKLIN MOREIRA XAVIER;LOCALIDADE LAGOA DO CEDRO
CAUCAIA;37;501;CAPUAN;ESCOLAS DIFERENCIADAS DE E.F.M - TAPEBA DO TRILHO(COMUNIDADE INDIGENA);RUA DO TRILHO, 4001
FORTALEZA;114;352;PRESIDENTE KENNEDY;EMTI PROFESSOR JOAQUIM FRANCISCO DE SOUSA FILHO;RUA JOAQUIM MARQUES, 13
FORTALEZA;1;904;ALDEOTA;COLEGIO ARI DE SA - MONSENHOR CATAO;RUA MONSENHOR CATAO, 1655
EUSÉBIO;88;235;NOVO PORTUGAL;ESCOLA MUNDO ENCANTADO DA CRIANÇA;RUA BELA FONTE, S/N
CAUCAIA;123;463;ARATURI (JUREMA);E.E.I.E.F. MONSENHOR ANDRÉ VIANA CAMURÇA;RUA NW-5, 40
SOLONÓPOLE;55;41;SAO JOSE;ESCOLA DE 1 GRAU MUNDOCA MOREIRA;RUA MIGUEL FIRMIANO
EUSÉBIO;88;267;CENTRO;ESCOLA PROFISSIONALIZANTE EUSEBIO DE QUEIROZ;RUA MARIA TEIXEIRA JOCA, SN
IPU;21;99;DISTRITO;E.M.E.F. VENCESLAU FERREIRA CHAVES;BAIXA LARGA
ORÓS;15;323;CENTRO;CEI MARIA AURILA PEQUENO VIDAL;RUA LUIZ ROLIM, S/N
ABAIARA;26;130;SÍTIO CAMPESTRE;CRECHE SONHO ENCANTADO DE DEUS;SÍTIO CAMPESTRE
TIANGUÁ;81;161;LAURÃO;E.E.I.F. FREI GERVÁSIO;RUA ALBERCY NOGUEIRA DE VASCONCELOS , SN
TAUÁ;19;169;ALTO BRILHANTE;EEF JOAQUIM PIMENTA;AV JOSE VALDEMAR REGO 585
ITAPIPOCA;17;45;CENTRO;PATRONATO NOSSA SENHORA DAS MERCES;AV. DUQUE DE CAXIAS 1181
IGUATU;13;28;VENEZA;ESCOLA DE ENS FUND FILGUEIRAS LIMA;RUA NELSON ALENCAR
FORTALEZA;80;145;TAUAPE;COLÉGIO MONSENHOR JOVINIANO BARRETO - INFANTIL;RUA FREI VIDAL, 1680
CAUCAIA;37;462;BOM JESUS;E.E.F. AUREA ALVES PEREIRA;RUA FRANCISCO SALES, 210
BARBALHA;31;79;BURITI;ASSOCIAÇÃO PESTALOZZI DE BARBALHA (BURITI);AV. JOSÉ BERNARDINO, KM 03 (PROX DA ESCOLA EDSON OLEGÁRIO)
FORTALEZA;3;587;MEIRELES;ESCOLA DE SAÚDE PÚBLICA DO CEARÁ;AV. ANTÔNIO JUSTA, 3161
PEDRA BRANCA;59;133;SEDE;EEF JOSE MOREIRA DA SILVA;SITIO BOA VISTA
PARACURU;109;44;SANTA MARTA;E. M. E. I. F.  PEDRO ANTONINO GOMES;AV. GERALDO CIRIACO
FORTALEZA;94;203;VILA VELHA;EEMTI DONA MARIA MENEZES DE SERPA;RUA DOUTOR QUIXADA FELICIO 141
CAUCAIA;123;464;ARATURI (JUREMA);E.E.I.E.F. MONSENHOR ANDRÉ VIANA CAMURÇA;RUA NW-5, 40
SÃO GONÇALO DO AMARANTE;36;94;UMARITUBA-DISTRITO;E. E. F. LEONICE ALCANTARA;UMARITUBA
GRANJA;25;241;IBUAÇU;E.E.F. LIVIO BARRETO;VILA IBUACU
ARACATI;8;172;CANAPUM;POSTO DE SAÚDE DO CANAPUM;CANAPUM
SOBRAL;24;462;PADRE PALHANO;EEFI PADRE PALHANO;RUA PADRE EDSON, S/N
FORTALEZA;3;152;CENTRO;EM NOSSA SENHORA APARECIDA;RUA TERESA CRISTINA, 112
IRACEMA;86;88;DA PAZ;EEF ALBATIZA TAVARES DE OLIVEIRA GUERRA;RUA JOÃO TAVARES MAGALHÃES
FORTALEZA;2;777;PAUPINA;EM CÔNEGO FRANCISCO PEREIRA DA SILVA;RUA LUÍS FRANCISCO XAVIER, 256
RUSSAS;9;259;CENTRO;ESCOLA MUNICIPAL RAIMUNDO PELOPIDAS DE ARAUJO;TRAVESSA MATOSO S/N
FORTALEZA;114;268;PRESIDENTE KENNEDY;ESCOLINHA MUNDO INFANTIL;AVENIDA SARGENTO HERMÍNIO SAMPAIO 3787
TAMBORIL;61;77;DISTRITO DE OLIVEIRAS;EMEIF INÁCIO PARENTE;ASSENTAMENTO QUEIMADAS - APRAZIVEL
MOMBAÇA;46;3;CENTRO;EEF PE. PEDRO LEÃO;RUA FRANCISCO DE ASSIS BARROSO FEIJÓ
AQUIRAZ;66;59;CAPONGA DA BERNARDA;EMEFJUSCELINO KUBITSCHEK;AV ANTONIO LOURENÇO DA SILVA S/N
NOVO ORIENTE;99;1;CENTRO;EEB DR. ANTONIO EUFRASINO NETO;RUA LUIZ BEZERRA, S/N
FORTALEZA;116;377;GRANJA LISBOA;EM PROF LIREDA FACO;RUA TRES CORACOES 735
HORIZONTE;78;373;PLANALTO HORIZONTE;EMEF JOSÉ ALDEMIR DA SILVA;RUA FRANCISCA CECÍLIA, N. 1.100
FORTALEZA;114;100;JARDIM IRACEMA;EM RAIMUNDO DE SOUSA MANGUEIRA;RUA ALBERTO FERREIRA 624
CRATEÚS;20;210;POTI;ASSOCIAÇÃO DOS PEQUENOS PRODUTORES RURAIS DE QUIRINO;QUIRINO 1
MARACANAÚ;104;385;PAJUÇARA;EMEIEF PROF PAULO FREIRE;RUA PAULO BATISTA 660
CAUCAIA;37;471;ICARAI;E.E.I.E.F FRANCISCO MARTINS DE MORAES;RUA BELARMINO JOSÉ, 201 - ICARAÍ
GRANJA;25;3;CENTRO;E.E.M.T.I SÃO JOSÉ (COLEGIO ESTADUAL SÃO JOSÉ);RUA FRANCISCO SOUSA, 131
CANINDÉ;33;499;SANTA LUZIA;EMEF SENADOR CARLOS JEREISSATI;RUA EUCLIDES BARROSO, 1048
CAUCAIA;123;342;PARQUE GUADALAJARA (JUREMA);E.E.I.E.F. 7 DE SETEMBRO;AV. DOM ALMEIDA LUSTOSA, 2322
MORRINHOS;44;182;ZONA RURAL;EMEFI MANOEL FRANCISCO DA SILVA;JUNCO MANSO
IPU;21;175;ZONA RURAL;UNIDADE BÁSICA DE SAÚDE - UBS - RITA APRÍGIO DE FARIAS (DONA MISSANTA);SÃO FÉLIX II
ITAPAJÉ;41;53;SANTA RITA-SEDE;E.E.M.T.I PROFª ESTEFÂNIA MATOS;RUA BENTO ÁVILA DE SOUSA, 101
FORTALEZA;93;197;PLANALTO AYRTON SENNA;EM ADALBERTO STUDART FILHO;RUA DO CAMPO, 25
TAMBORIL;61;40;CENTRO;EMTI 4 DE OUTUBRO;RUA VICENTE ALVES DO VALE SN
CAUCAIA;37;448;ITAMBE;E.E.F. FLAVIO PORTELA MARCILIO;RUA 05, 23 - CONJ. VICENTE ARRUDA
PACATUBA;57;162;CONJUNTO JEREISSATI II;EEEP PROFª LUISA DE TEODORO VIEIRA;AV. XXV S/N
QUITERIANÓPOLIS;99;95;ZONA RURAL;EEIF JOSÉ DOMINGOS DA SILVA;BEZOURO
MARACANAÚ;122;174;SIQUEIRA (siqueira 2);EMEF VALDENIA ACELINO DA SILVA;RUA IRINEU MACHADO, 1250
RUSSAS;9;85;FLORES;ESCOLA MUNICIPAL INÁCIO DE BARROS NETO;RUA JOÃO ANTÔNIO 2383
FORTALEZA;82;84;CARLITO PAMPLONA;EM TERTULIANO CAMBRAIA;RUA MONSENHOR ROSA, 946
COREAÚ;64;105;Cunhassu dos Sales;CUNHASSU DO SALES - ESCOLA MUN. JOSÉ DE SALES;LOCALIDADE CUNHASSU DOS SALES
GUARACIABA DO NORTE;74;17;JARDINS;ESCOLA TÉCNICA - E.E.E. PROFISSIONAL DEPUTADO JOSÉ MARIA MELO;AV. TENENTE MATIAS, S/N
EUSÉBIO;88;177;CENTRO;ESCOLA EROTIDES MELO LIMA;RUA BLUMENAU, 158 - CENTRO
AQUIRAZ;66;41;IGUAPE;EMEF TIA ALZIRA;RUA LAGOA I
FORTALEZA;95;127;JANGURUSSU;EM PROFESSOR FRANCISCO DE MELO JABORANDI;AV. GOVERNADOR LEONEL BRIZOLA, 198
FORTALEZA;80;402;AEROLÂNDIA;COLÉGIO MAURO BEZERRA;RUA BRIGADEIRO VILELA, 221
JAGUARIBE;10;41;DISTRITO DE NOVA FLORESTA;EEIF ULISSES PARANHOS MAIA;RUA FRANCISCO GOMES DE CASTRO, 399
CEDRO;13;490;SANTO ANTÔNIO;ESCOLA DE ENS FUND JOSE MARQUES;ST CACHOEIRA DOS MARQUES
FORTALEZA;80;164;DIONISIO TORRES;AABB - ASSOCIAÇÃO ATLÉTICA BANCO DO BRASIL;AV BARAO DE STUDART, 2917
NOVO ORIENTE;99;169;CENTRO;CRECHE ANTONIA RODRIGUES;AV. ALCIDES SALES
JAGUARIBE;10;9;CENTRO;COLEGIO CARMELA DUTRA;AV OITO DE NOVEMBRO 1087
GUAIÚBA;57;47;PINHEIRO;CEARC - CENTRO EDUCACIONAL DE ARTE E CULTURA;RUA RAIMUNDO BANDEIRA SN 
SOBRAL;121;135;CENTRO;COLEGIO FARIAS BRITO SOBRALENSE;PRACA QUIRINO RODRIGUES S/N
FORTALEZA;116;451;BONSUCESSO;EM ANTONIO DIOGO DE SIQUEIRA;RUA ANSELMO NOGUEIRA 655
REDENÇÃO;52;107;CENTRO (SEDE);ESCOLA MARIA AUGUSTA RUSSO DOS SANTOS;RUA SANTOS DUMONT, S/N
RUSSAS;9;210;IPIRANGA;EEMTI PROFESSOR WALQUER CAVALCANTE MAIA;TRAV PEDRO ARAUJO 175
CARIRÉ;65;10;CENTRO;ESCOLA DE ENSINO FUNDAMENTAL E MEDIO MARIETA CALS;RUA SEBASTIAO MIRANDA 380
CARIDADE;111;97;ZONA RURAL;EEIF FRANCISCO DE PINHO PESSOA - LOCALIDADE RIACHO DO MEIO;RIACHO DO MEIO
FORTALEZA;117;362;CONJUNTO ESPERANÇA;EEFM PROFESSORA MARIA MARGARIDA DE CASTRO ALMEIDA;AV. CONTORNO SUL, 960
MORAÚJO;64;40;CENTRO;MORAÚJO - ESCOLA MUN. Mª CARLITA ARAÚJO;COHAB 2 - CENTRO
AQUIRAZ;66;158;PRAINHA;EMEF RITA PAULA;AV. DAMIÃO TAVARES  DE SOUSA, S/N
TEJUÇUOCA;41;41;RETIRO CAXITORE;ESCOLA DE ENSINO FUNDAMENTAL DE TEMPO INTEGRAL LUIZA DA SILVA MOTA;RETIRO CAXITORE
PACATUBA;57;171;SAO JOSE;EEM CASSIMIRO LEITE DE OLIVEIRA;RUA SERGIO PROTASIO DA SILVA, 44
FORTALEZA;112;29;ENGENHEIRO LUCIANO CAVALCANTE;COLÉGIO ANTARES - SEDE WASHINGTON SOARES;RUA CAETANO XIMENES ARAGÃO,110 - ACESSO PELA RUA ARMANDO DALL'OLIO
PALMÁCIA;4;164;CENTRO;EEF JOSÉ ILDEFONSO CAMPOS;RUA FRANCISCO DE QUEIROZ, 2500
FORTALEZA;1;397;CAIS DO PORTO;ESCOLA MUNICIPAL SAO VICENTE DE PAULO;AVENIDA ZEZE DIOGO 1247
CRATO;27;100;PINTO MADEIRA;AGÊNCIA DA PREVIDÊNCIA SOCIAL- INSS;RUA JOSÉ MARROCOS, 458
BEBERIBE;84;62;CHORO;ESCOLA MUNICIPAL LUIZ GONCALVES;RODOVIA CE 040
QUIXERÉ;29;217;SEDE;EEIF VEREADOR RAIMUNDO NONATO DE SENA;RUA MANOEL GONCALVES 1458
CAUCAIA;123;357;MARECHAL RONDON (JUREMA);E.E.I.E.F. ECONOMISTA RUBENS VAZ DA COSTA;AVENIDA NOVO HORIZONTE, S/N
MARTINÓPOLE;25;157;JAGUARAPI;E.E.I.F. CEL CHICO CRUZ;JAGUARAPI
ITAPIPOCA;17;104;ASSUNÇÃO;EEB PAUTÍLIA DE SOUSA BRAGA VERAS;RUA JOÃO TABOSA BRAGA, 650
ACOPIARA;60;211;SEDE;EEF SERAFIM DE SOUZA LIMA;VILA AROEIRA
UMIRIM;23;277;SAO JOAQUIM-DISTRITO;E.E.F. MANUEL FRANCISCO DE MOURA;MOREIRA
PEREIRO;10;175;CENTRO;CRECHE PARAISO INFANTIL;RUA NEL QUEIROZ S/N
FORTALEZA;1;485;PAPICU;COLEGIO ANTARES - OCELO PINHEIRO;RUA PROFESSOR OCELO PINHEIRO 101
CASCAVEL;7;290;RIO NOVO;E.E.B. DEPUTADO RAIMUNDO QUEIROZ;AV JOAO DAMASCENO FONTENELE, 3233
FORTALEZA;3;525;PRAIA DE IRACEMA;COLÉGIO ANTARES (PRAIA DE IRACEMA);RUA HISTORIADOR GUARINO ALVES, 95
FORTALEZA;3;562;PRAIA DE IRACEMA;SECRETARIA DA SAÚDE DO ESTADO DO CEARÁ;RUA ITAPIPOCA, 60
ITAPIPOCA;17;31;CRUZEIRO;EEB PROFESSOR PEDRO TEIXEIRA BARROSO;RUA ANTONIO BARROSO NETO S/N
PEDRA BRANCA;59;14;BOA ESPERANCA;EEF SOL NASCENTE;AV ARMANDO LINS, S/N
SÃO GONÇALO DO AMARANTE;36;276;SALGADO DOS MOREIRAS;ESCOLA DE ENSINO FUNDAMENTAL JOAO MOREIRA BARROSO;SALGADO DOS MOREIRAS
IRACEMA;86;91;VILA EMA;E.E.F. BENIGNA ETELVINA;RUA FRANCISCO PEREIRA SAMPAIO, S/N
CAUCAIA;123;391;PARQUE ALBANO (JUREMA);E.E.I.E.F. DOM ANTÔNIO DE ALMEIDA LUSTOSA;RUA PERY, 951
TARRAFAS;18;128;SEDE;ESCOLA LUIZ GONZAGA DE ALCANTARA;AVENIDA MARIA LUIZA LEITE SANTOS, S/N  PEDRA FERRADA
VIÇOSA DO CEARÁ;35;174;PADRE VIEIRA;E.E.I.F CONRADO FELIX VIEIRA;SITIO GAMILEIRINHA
CRATO;27;292;BELA VISTA;EEIEF SÔNIA CALLOU DE SÁ;RUA PADRE CÍCERO S/N
JUAZEIRO DO NORTE;119;246;PREFEITO CARLOS ALBERTO DA CRUZ;URCA - CAMPUS CRAJUBAR (TRIÂNGULO);AVENIDA LEÃO SAMPAIO, 107
CAUCAIA;123;573;PARQUE GUADALAJARA (JUREMA);ESCOLA E.E.I.E.F. EDUCANDÁRIO SÃO FRANCISCO;RUA PADRE ALFREDO NESI, 788
CRATEÚS;20;312;CIDADE 2000;ESCOLA DE CIDADANIA JOSE FREIRE FILHO;KM 06 BR 404
FORTALEZA;3;393;ALDEOTA;RECEITA FEDERAL (SUPER. REG. DE ADM. NO ESTADO DO CEARÁ);RUA BARÃO DE ARACATI, 909
IBICUITINGA;47;136;CENTRO;INSTITUTO DE TERAPIA INTEGRADA CULTIVE AFETO;RUA JOÃO PAULO RABELO, N 1808
ARNEIROZ;101;68;PLANALTO;EPG FRANCISCO ELIAS DE ANDRADE;PLANALTO
CRATO;27;175;NOVO HORIZONTE;ROTARY CLUBE DO CRATO;RUA ROTARY S/N, PARQUE FLORESTA
TIANGUÁ;81;163;SANTO ANTÔNIO;E.E.F. PROFª. ESTER DE AGUIAR MENEZES;RUA CORONEL JOÃO DAMASCENO, S/N
CAUCAIA;123;417;NOVA METRÓPOLE (JUREMA);E.E.F.M. ROMEU DE CASTRO MENEZES;AV. A, S/N - NOVA METRÓPOLE
FORTALEZA;2;161;MESSEJANA;INSTITUTO FREI JOAO PEDRO DE SEXTO;AVENIDA FREI CIRILO, 4241
FORTALEZA;1;572;CAIS DO PORTO;ESCOLA DE GASTRONOMIA SOCIAL IVENS DIAS BRANCO;RUA MANUEL DIAS BRANCO,80
ARATUBA;105;58;CENTRO-SEDE;ESCOLA JOSE JOACY PEREIRA - ENSINO FUNDAMENTAL E MEDIO;AVENIDA ARLINDO MEDINA S/N
GUARACIABA DO NORTE;74;20;SEDE;ESCOLA MUNICIPAL D PEDRO I;RUA 12 DE MAIO - CENTRO
GUARAMIRANGA;5;233;LINHA DA SERRA-SITIO;EMEIEF LINHA DA SERRA (LINHA DA SERRA);LINHA DA SERRA
CANINDÉ;33;227;IMACULADA CONCEIÇÃO;EEEP CAPELAO FREI ORLANDO;RUA PAULINO BARROSO, 1289
ALTO SANTO;86;75;TIBOLO;ESCOLA DE 1 GRAU EDITE MAIA MACHADO;SITIO TIBOLO
NOVA RUSSAS;48;81;MAJOR SIMPLÍCIO;ESCOLA MUNICIPAL SEBASTIANA CID DE FARIAS;DISTRITO DE MAJOR SIMPLÍCIO,
URUOCA;25;95;CAMPANARIO;E.E.F. RAIMUNDO FERNANDES MOREIRA CHAVES;AV ALBERTO BATISTA FONTENELE
FORTALEZA;115;230;SERRINHA;EMEIF WALDEMAR BARROSO;RUA CÔNEGO LIMA SUCUPIRA,  1651
PARAIPABA;109;144;SETOR D2;EMEIF ALDENOR PEREIRA DOS SANTOS;PROJETO IRRIGADO DO CURU - SETOR D2
EUSÉBIO;88;88;CENTRO;EEM ANA BEZERRA DE SA;AV AIRTON SENA, 130 - CENTRO
FORTALEZA;116;480;BONSUCESSO;EEF SAO JOSE DO PICI DAS PEDREIRAS;RUA MANUEL ANTONIO LEITE 250
FORTALEZA;93;226;PREFEITO JOSÉ WALTER;CEI FRANCISCO SALES FERNANDES;AV K, S/N
FORTALEZA;1;366;MEIRELES;LABOMAR - UFC;AV. ABOLIÇÃO, 3207
SOBRAL;121;82;PATRIARCA;ETI JOSÉ PEREGRINO DE VASCONCELOS;CE 240, 1532 PATRIARCA
JATI;70;382;CARNAUBA-SEDE;ESCOLA MUNICIPAL DORALICE FERREIRA DE SOUSA;VILA CARNAUBA
FORTALEZA;95;251;BARROSO;EMEIEF OTAVIO DE FARIAS;RUA JOAO FERREIRA, S/N
GUARACIABA DO NORTE;74;85;DISTRITO;ESCOLA MUNICIPAL DE PALMEIRAS;PALMEIRAS
FORTALEZA;113;129;BENFICA;EEFM FIGUEIREDO CORREIA;RUA MARECHAL DEODORO, 733
CAUCAIA;37;21;PARQUE SOLEDADE;COLEGIO JANUSA CORREA;RUA NOSSA SENHORA DOS PRAZERES, 238
CANINDÉ;33;38;JOÃO PAULO II;EMEF VALDEMAR GOMES DOS SANTOS;TRAV. I, S/N
FORTALEZA;118;559;MONDUBIM;EM PROFESSOR JACINTO BOTELHO;RUA DR. RODRIGO CODES SANDOVAL, 374
CASCAVEL;7;46;CORREGO DO CAJUEIRO;ESC.ENS.FUND. RAIMUNDO GOMES DO NASCIMENTO;CORREGO DO CAJUEIRO
FORTALEZA;94;899;PADRE ANDRADE;EEMTI MONSENHOR DOURADO;AVENIDA SARGENTO HERMÍNIO SAMPAIO 4600
FORTALEZA;94;884;PADRE ANDRADE;CEI PROFESSOR CLODOALDO PINTO;RUA BANVARTH BEZERRA 100
ERERÉ;10;119;CENTRO;E.E.F.M. SENADOR FERNANDES TAVORA ( ESPECIAL );RUA CAPITAO FRANCISCO RODRIGUES, 574
HIDROLÂNDIA;54;32;DISTRITO DE BETÂNIA;E.M.E.F. ANTONIA DE FREITAS VIANA;DISTRITO DE BETÂNIA
SOBRAL;121;20;TAPERUABA;ESCOLA MASSILON SABOIA DE ALBUQUERQUE;OLHO D' ÁGUA DO PAJÉ
RUSSAS;9;241;TABULEIRO DO CATAVENTO;CAIC - SENADOR CARLOS JEREISSATI;RUA 25 SN  MUTIRAO
CASCAVEL;7;237;CENTRO;COLEGIO CASCAVELENSE - CC;RUA SAMUEL BEDE, 2626
FORTALEZA;1;143;CIDADE 2000;ESCOLA ESTADUAL ARQUITETO ROGERIO FROES;AVENIDA DAS GRAVIOLAS 1000
JAGUARUANA;75;120;AFOGADOS;E.E.F. PRINCESA ISABEL;AFOGADOS
FORTALEZA;94;901;PADRE ANDRADE;EEMTI MONSENHOR DOURADO;AVENIDA SARGENTO HERMÍNIO SAMPAIO 4600
ARACATI;8;271;LAGOA DO PREA;E.E.F. JOSÉ DE SOUSA;LAGOA DO PREA
TAUÁ;19;271;TAUAZINHO;EEF MARIA ALEXANDRINO NOGUEIRA MARQUES;AV CEL VICENTE ALEXANDRINO DE SOUSA
FORTALEZA;1;870;CAIS DO PORTO;CRECHE RACHEL GUIMARÃES MARTINS BARBOSA;VIA DE PEDRESTE LESTE OESTE 01
FORTALEZA;95;194;JANGURUSSU;EMEIF JORNALISTA JOSÉ BLANCHARD GIRÃO DA SILVA;TRAVESSA MISSIONÁRIO OLIVEIRA,301
SÃO BENEDITO;22;178;SITIO JUSSARA;EEF CICERO CLEMENTINO DE MEDEIROS;SITIO JUSSARA
SÃO BENEDITO;22;40;CENTRO-SEDE;EEMF SÃO BENEDITO;R MINISTRO ANTONIO COELHO 962
CRUZ;30;174;CENTRO;ESCOLA SAO FRANCISCO DA CRUZ;RUA PROFESSORA FILO  SN
CATUNDA;54;95;DISTRITO DE VIDÉO;E. E. F. JOAQUIM PEREIRA DE MATOS;DISTRITO DE VIDÉO
NOVA RUSSAS;48;72;SÃO FRANCISCO;E. E. F.  ZILMAR MENDES MARTINS;RUA NAPOLEÃO MOURA, S/N
ITAPIPOCA;17;446;ÁREA NOBRE;EEB TEREZINHA DE SOUSA FERREIRA ALBUQUERQUE;RUA JOSÉ DE ALENCAR, 497
FORTALEZA;116;210;GRANJA PORTUGAL;POSTO DE SAUDE DR JURANDIR PICANCO;RUA DUAS NACOES 605
FORTALEZA;94;812;QUINTINO CUNHA;IGREJA DE SÃO JOSÉ;R. GEN. ALÍPIO DOS SANTOS, 375
SÃO BENEDITO;22;231;SITIO CARNAUBA;ASSOCIACAO COMUNITARIA CARNAUBA 1;SITIO CARNAUBA I
FORTALEZA;112;144;JARDIM DAS OLIVEIRAS;EEFM D. LUIZA TÁVORA - PRÓ MORAR;RUA FREI CANECA, 379
FORTALEZA;82;258;SÃO GERARDO;CEJA PAULO FREIRE;RUA OLAVO BILAC, 1300
CAMPOS SALES;38;49;DIST. DE BARÃO DE AQUIRAZ;E.E.F.T.I - PRESIDENTE CASTELO BRANCO - DIST. DE BARÃO DE AQUIRAZ;RUA JUSTINO ROCHA, S/N
FORTALEZA;114;53;BARRA DO CEARÁ;EM FRANCISCO DOMINGOS DA SILVA;AVENIDA PRESIDENTE CASTELO BRANCO 4707
FORTALEZA;114;279;JARDIM IRACEMA;EM MARIA DALVA SEVERINO MARREIRO;RUA RIO PARAGUAI 782
ITAPIPOCA;17;336;DESERTO;EEB FRANCISCO BELO FILHO;LAGOINHA II
FORTALEZA;114;94;BARRA DO CEARÁ;CUCA BARRA DO CEARÁ;AV. PRES. CASTELO BRANCO, 6417
HORIZONTE;78;347;MANGUEIRAL;CEI - CLEONICE PIRES DE SOUSA;RUA BATURITÉ, N. 1971
IGUATU;13;89;VILA MOURA;ESCOLA DE ENSINO MEDIO LUCAS EMANUEL;RUA AMALIA BRASIL SN
CRATO;27;149;PONTA DA SERRA;EEIEF PROF. JOSÉ BIZERRA DE BRITTO;RUA BERNARDO VIEIRA S/N
GENERAL SAMPAIO;50;192;CONJUNTO SÃO JOSÉ;EMEF JOSÉ BEZERRA FILHO;RUA FILOMENO BARBOSA DE OLIVEIRA, S/N
JAGUARUANA;75;32;ANTONOPOLIS;C.E.I. ANTONIO VALENTE FILHO;ANTONOPOLIS
FORTALEZA;3;402;ALDEOTA;COLÉGIO CHRISTUS (AV. BARÃO DE STUDART);RUA JOÃO CARVALHO, 630
ITAIÇABA;75;4;CENTRO;E.E.F.T.I. PADRE ABILIO MONTEIRO NETO;RUA JOAO BARBOSA LIMA 1074
FORTALEZA;114;22;BARRA DO CEARÁ;SENAI - CENTRO DE FORMAÇÃO PROFISSIONAL;AVENIDA FRANCISCO SÁ 7221
FORTALEZA;117;416;CANINDEZINHO;EM FLORIVAL ALVES SERAINE;RUA ITATIAIA, 1000
CAUCAIA;120;399;PLANALTO CAUCAIA;E.E.I.E.F. ANTONIO BRAGA DA ROCHA;RUA 112, SN - CIGANA
FORTALEZA;1;883;ALDEOTA;COLEGIO ANTARES - SANTOS DUMONT;AVENIDA SANTOS DUMONT 3777
CRATO;27;58;PALMEIRAL;SESC - SERVIÇO SOCIAL DO COMÉRCIO;RUA ANDRÉ CARTAXO, 443
CAUCAIA;123;462;ARATURI (JUREMA);E.E.I.E.F. MONSENHOR ANDRÉ VIANA CAMURÇA;RUA NW-5, 40
FORTALEZA;1;350;MUCURIPE;ESCOLA MUNICIPAL JOSE RAMOS TORRES DE MELO;AVENIDA DA ABOLIÇÃO 3984
SOBRAL;24;639;JUNCO;EEFI NETINHA CASTELO;AV. JOHN SANFORD S/N
PIQUET CARNEIRO;12;24;MULUNGU;EMEIF SÃO SEBASTIÃO;DISTRITO DE MULUNGU
FORTALEZA;117;295;CONJUNTO ESPERANÇA;EEFM PROFA ADALGISA BONFIM SOARES;AV. DO CANAL, S/N, ESQUINA COM RUA 103 - CONJUNTO ESPERANÇA
CAUCAIA;123;535;ARIANÓPOLIS (JUREMA);E.E.I.E.F. SEBASTIÃO BEZERRA DOS SANTOS;RUA SOLIMÕES, 361
FORTALEZA;3;384;ALDEOTA;UNICHRISTUS ALDEOTA;RUA VISCONDE DE MAUÁ, 1940
IGUATU;13;351;PRADO;ESCOLA DE ENS FUND NOSSA SENHORA DO PERPETUO SOCORRO;21 DE ABRIL
CAUCAIA;120;318;SITIOS NOVOS;E.E.F. ALICE MOREIRA DE OLIVEIRA;RUA HENRIQUE MARTINS, S/N
ITAPIPOCA;17;422;CACIMBAS;CENTRO EDUCACIONAL MARIA MAGALHAES VIANA AZEVEDO;RUA MOESIO LOIOLA S/N
CRATO;27;43;CENTRO;18ª CREDE - COORDENADORIA REGIONAL DE DESENV. DA EDUCAÇÃO;RUA ANDRÉ CARTAXO, 09
FORTALEZA;93;182;MONDUBIM;EEFM ESTADO DO MARANHAO;RUA CARLOS PIMENTA,506
MARACANAÚ;122;18;PIRATININGA;COLÉGIO ESTADUAL PROFº FRANCº OSCAR RODRIGUES(COL.EST.LICEU MARACANAÚ);AV. LUIZ GONZAGA HONÓRIO, 50, PIRATININGA, MARACANAÚ-CE
UMIRIM;23;256;CAXITORE-DISTRITO;E.E.F. IRACILVIA NUNES DE LIMA;CAXITORE
VIÇOSA DO CEARÁ;35;186;SITIO MACAGETUBA I;E.E.I.F SALUSTIANO DA COSTA CARDOSO;SITIO MACAGETUBA I
SOBRAL;24;189;JUNCO;EEFI PROF. GERARDO RODRIGUES ALBUQUERQUE;AVENIDA JOHN SANFORD, 1940
CHORÓ;6;219;MONTE CASTELO;EEF TOMAZ NUNES CAVALCANTE;MONTE CASTELO, S/N
FORTALEZA;3;536;PRAIA DE IRACEMA;EEFM SANTA LUZIA;RUA JOÃO CORDEIRO, 711
PEDRA BRANCA;59;83;CENTRO;CENTRO CULTURAL MARIA GUIOMAR LINS CAVALCANTE;TRAVESSA JOSE PEREIRA DE QUEIROZ S/N
MARACANAÚ;104;63;JEREISSATI II;EEEP GOVERNADOR LUIZ GONZAGA DA FONSECA MOTA;AVENIDA X, S/N
FORTALEZA;118;561;MONDUBIM;COLÉGIO CONECTIVO;RUA GENERAL ONOFRE, 445
FORTALEZA;82;63;ÁLVARO WEYNE;EM NOSSA SENHORA DO PERPÉTUO SOCORRO;RUA CÔNSUL GOUVEIA, 57
BREJO SANTO;70;23;SAO FRANCISCO-SEDE;CEJA JOAQUIM GOMES BASILIO;RUA GENESIO RICARTE COSTA 637
NOVO ORIENTE;99;158;VILA FELIZ;ESCOLA ESTADUAL DE EDUCAÇÃO PROFISSIONAL MARIA EUDES BEZERRA VERAS;RUA ULISSES GUIMARÃES, S/N
QUIXERAMOBIM;11;117;JAIME LOPES;ESCOLA JOSE MARIO BARBOSA;RUA FRANSQUINHO CARNEIRO SN
FORTALEZA;112;518;ENGENHEIRO LUCIANO CAVALCANTE;COLEGIO GLOBOMAX;RUA GENERAL CAIADO DE CASTRO, 156
FORTALEZA;83;696;DOM LUSTOSA;ESCOLA MUNICIPAL MURILO SERPA;RUA MONSENHOR HIPOLITO BRASIL 1400
FORTALEZA;116;84;GRANJA PORTUGAL;EM CONCEICAO MOURAO;RUA DUAS NACOES 550
QUIXADÁ;6;364;CUSTÓDIO;EEF AUDISIO PINHEIRO;CUSTODIO, S/N
ARACATI;8;105;TABULEIRO DO CABREIRO;GRUPO ESPÍRITA SEGUIDORES DE JESUS - TABULEIRO;TABULEIRO
QUITERIANÓPOLIS;99;132;ZONA RURAL;EEIF FRANCISCO DE ASSIS FERREIRA;SANTA RITA
GUAIÚBA;57;92;HELDER BEZERRA;EEM JOSÉ TRISTÃO FILHO;RUA MARIA DO CARMO, 100
JUAZEIRO DO NORTE;28;6;CENTRO;CAGECE  - LOJA DE ATENDIMENTO CENTRO;RUA SÃO DOMINGOS
IPUEIRAS;40;38;ESTAÇÃO;ESCOLA DE ENSINO INFANTIL E FUNDAMENTAL JUAREZ CATUNDA - ESTAÇÃO;RUA MANOEL MOREIRA MATOS, 61
MADALENA;63;192;SEDE;EEF RAIMUNDO PEREIRA MATOS;FAZENDA GUANABARA
MASSAPÊ;45;12;CENTRO;EEFM ADAUTO BEZERRA;PCA MANOEL JARBAS AGUIAR SN
MASSAPÊ;45;138;CRUZEIRO;EEEP FRANCISCA NEILYTA CARNEIRO ALBUQUERQUE;RODOVIA CE362 KM 81 S/N
PINDORETAMA;7;31;CENTRO-PINDORETAMA;EMEB FRANCISCA HOLANDA COSTA;RUA MARECHAL CASTELO BRANCO, 1074
FORTALEZA;94;903;VILA VELHA;EMEIF FRANCISCO EDILSON PINHEIRO;RUA N, 35
FARIAS BRITO;62;195;UMARI;EEF ANTÃO PEREIRA E SILVA;RUA ARÃO PEREIRA E SILVA, S/N - UMARI - DIST. QUINCUNCÁ
NOVA RUSSAS;48;66;MORINGUE;ESCOLA MUNICIPAL JOÃO GONÇALVES DE SOUSA;LOCALIDADE  DE MORINGUE,
PEDRA BRANCA;59;11;CENTRO;ESCOLA DE ENSINO FUNDAMENTAL E MEDIO FRANCISCO VIEIRA CAVALCANTE;RUA JOAQUIM CAVALCANTE 55
FORTALEZA;115;262;MARAPONGA;COLEGIO PROVECTO;RUA SUIÇA, 76
FORTALEZA;115;479;VILA PERI;EM NOELZINDA SATIRO SANTIAGO;RUA DOM XISTO ALBANO, 1298
ARACATI;8;32;CENTRO;INSS - INSTUTO NACIONAL DA SEGURIDADE SOCIAL;PC RAIMUNDO PORTO SN
ARACATI;8;171;VARZINHA;E.E.F. ISABEL AMELIA DE LIMA;VARZINHA
PACATUBA;57;64;MONGUBA;EEIEF MAJOR MANOEL ASSIS NEPOMUCENO;MONGUBA
MARACANAÚ;104;407;JARDIM BANDEIRANTES;EMEF EVANDRO AYRES DE MOURA;RUA SÃO SEBASTIÃO, 341
ITAPIPOCA;17;556;BALEIA;EEB JOSE IRANI MENDES;MACEIO
FORTALEZA;115;363;VILA PERI;EM CATULO DA PAIXAO CEARENSE;RUA LEAO DO NORTE 300
FORTALEZA;115;50;ITAPERI;UNIVERSIDADE ESTADUAL DO CEARA - UECE;AV DR. SILAS MUNGUBA, 1700
FORTALEZA;114;102;JARDIM IRACEMA;EM RAIMUNDO DE SOUSA MANGUEIRA;RUA ALBERTO FERREIRA 624
FORTALEZA;114;219;FLORESTA;INSTITUTO EDUCACIONAL PRESIDENTE MEDICI;RUA CÉSAR CORREIA 973
FORTALEZA;113;159;BOM FUTURO;COLÉGIO MEDALHA MILAGROSA;RUA PADRE JOÃO PIAMARTA,  415
FORTALEZA;93;76;MONDUBIM;EM JONATHAN DA ROCHA ALCOFORADO;RUA MARIA GOMES DE SÁ,1030 ARACAPÉ
ARACATI;8;247;VARZEA DA MATRIZ;COLEGIO MUNICIPAL;RUA PADRE PACHECO, S/N.
PARAIPABA;109;172;BOA ESPERANÇA;EEEP FLÁVIO GOMES GRANJEIRO;RUA MARIA MOREIRA, SN
FARIAS BRITO;62;222;CARIUTABA;EEF PEDRO FERNANDES DE ALCANTARA;RUA ANTONIA DALICE DE OLIVEIRA, S/N  -  CARIUTABA
HIDROLÂNDIA;54;226;NOVA HIDROLÂNDIA;CENTRO DE EDUCAÇÃO INFANTIL MARIA AMÉLIA MARTINS TORRES;RUA SIMPLÍCIO RODRIGUES, 10, NOVA HIDROLÂNDIA, HIDROLÂNDIA/CE
MARACANAÚ;104;415;TIMBÓ;EMEF ADAUTO FERREIRA LIMA;AVENIDA CONTORNO LESTE, S/N
HORIZONTE;78;408;PLANALTO HORIZONTE;EMEF JOSÉ ALDEMIR DA SILVA;RUA FRANCISCA CECÍLIA, N. 1.100
IGUATU;13;39;VILA COQUEIROS;ESCOLA DE ENS FUND CLARA ALVES DE ARAUJO;RUA JOSÉ VIEIRA BARBOSA SN
ITAPIPOCA;17;87;ARAPARI;EEB JOSE EDILSON DE SOUSA;ARAPARI
HORIZONTE;78;408;PLANALTO HORIZONTE;EMEF JOSÉ ALDEMIR DA SILVA;RUA FRANCISCA CECÍLIA, N. 1.100
CRATEÚS;20;32;VENANCIOS;CENTRO REGIONAL DE DESENVOLVIMENTO DA EDUCACAO (CREDE 13);KM 4 BR 226
ITAREMA;98;155;ZONA RURAL;EMEF DR EDGAR PESSOA;PATOS
CAUCAIA;120;394;PADRE JULIO MARIA;E.E.F. MARIA MOTA RODRIGUES;RUA CORONEL CORREIA, 3267
PEDRA BRANCA;59;151;SANTA URSULA;E.E.F. ESCOLA BENICIO VIEIRA CAVALCANTE;AV SABINO VIEIRA CAVALCANTE 176
NOVA RUSSAS;48;175;PEIXE;COLÉGIO MARIA CONCEIÇÃO MOURA LINHARES;LOCALIDADE DE PEIXE,
GUARACIABA DO NORTE;74;60;DISTRITO;E.E.I.F. GUARANI II;GUARANI - VARZEA DOS ESPINHOS
FORTALEZA;112;188;CIDADE DOS FUNCIONÁRIOS;COLÉGIO DÁULIA BRINGEL;RUA TRAJANO ALVES DE AGUIAR, 55
TIANGUÁ;81;60;SEMINÁRIO;FACULDADE VIA SAPIENS;AVENIDA PREFEITO JACQUES NUNES, 1739
FORTALEZA;93;123;PLANALTO AYRTON SENNA;EEFM DEPUTADO JOACI PEREIRA;RUA PROFESSOR PEDRO JORGE, 830
NOVA RUSSAS;48;29;ALTO DA BOA VISTA;EMTI ALFREDO GOMES;RUA QUINTINO BOCAIUVA 520
COREAÚ;64;122;COHAB;COREAÚ - ESCOLA MUN. PROFª IZAURA MA. DA SILVA;RUA TANCREDO NEVES, S/N - COHAB
JUAZEIRO DO NORTE;119;410;PIRAJA;ESCOLA CLOTILDE SARAIVA COELHO;LIMOEIRO 2338
ITAITINGA;78;280;ANCURI;EEF FRANCISCA DE MORAIS FERRER;RUA PARQUE DAS FLORES, 500
CAMPOS SALES;38;32;B. BARRAGEM;E.E.F.T.I - TAB. VICENTE ALEXANDRINO DE ALENCAR - SEDE;RUA RAIMUNDO INÁCIO DE FIGUEIREDO,S/N
FORTALEZA;115;338;PARANGABA;SESI - PARANGABA;AVENIDA JOÃO PESSOA, 6754
FORTALEZA;3;180;JACARECANGA;SENAI - UNIDADE CENTRO;AV. PADRE IBIAPINA, 1280
CRATEÚS;20;146;MONTENEBO;ESCOLA DE CIDADANIA CORAÇÃO DE JESUS;SANTO ANDRE
CRATO;27;191;PONTA DA SERRA;EEIEF PEDRO NUNES DE SOUSA;VILA JENIPAPO, SN.
PORTEIRAS;70;268;CENTRO-SEDE;E E E M ARISTARCO CARDOSO;RUA EXPEDITO ALVES SANTANA S/N
JUAZEIRO DO NORTE;119;448;PIRAJA;CRECHE ANA AMELIA BEZERRA DE MENEZES;RUA VEREADOR JOSE RODRIGUES, 270
FORTALEZA;3;282;PRAIA DE IRACEMA;EM SÃO RAFAEL;RUA DOS TABAJARAS, 244
IBIAPINA;73;24;CENTRO;ESCOLA PROFISSIONAL MONS MELO (COLÉGIO DAS IRMÃS);RUA MONSENHOR MELO, 539
HIDROLÂNDIA;54;118;POVOADO ILHA DO ESAÚ;E.M.E.F. ANTÔNIO ALVES FREITAS;POVOADO ILHA DO ISAÚ
FORTALEZA;1;343;MUCURIPE;ESCOLA ESTADUAL MATIAS BECK;RUA  PROFESSORA AIDA BALAIO 38
IRACEMA;86;119;CAMPO;E.E.F. JOAQUIM DE HOLANDA CAMPELO;RUA ARCINDO DE HOLANDA NEGREIRO, 130
MORAÚJO;64;114;BOA ESPERANÇA;BOA ESPERANÇA - POSTO DE SAÚDE;DISTRITO DE BOA ESPERANÇA
CRATO;27;285;CENTRO;EEIEF SÃO FRANCISCO;RUA BRIGADEIRO LEANDRO BEZERRA MONTEIRO, 406
CRATO;27;380;VILA LOBO;EEIEF ANTÔNIO ANTUÉRPIO GONZAGA DE MELO;RUA ANTÔNIO ESMERALDO LEITE S/N
LIMOEIRO DO NORTE;29;278;ÁREA RURAL;ESCOLA DE 1 GRAU DONA LUIZA TAVORA;CANAFISTULA DE BIXOPA
GRANJA;25;25;CENTRO;PATRONATO MONSENHOR VITORINO DE OLIVEIRA;RUA CONRADO PORTO, 350
REDENÇÃO;52;139;DISTRITO DE BARRA NOVA (ANTIGO SÃO GERARDO);ESCOLA HERMÍNIO GOMES;PIROÁS
CRATO;27;125;DOM QUINTINO;EEIEF RAIMUNDO NONATO DE SOUZA;RUA SEBASTIÃO DE SOUZA MARTINS, 143
ACARAÚ;30;418;CENTRO;LICEU DE ACARAÚ - ESCOLA MARIA ALICE RAMOS;CENTRO
FORTALEZA;85;311;CONJUNTO CEARÁ I;EEF JOSE MILITAO DE ALBUQUERQUE - UV-11-B;RUA MIL CENTO E QUARENTA E CINCO, 1 , 4A ETAPA
MARANGUAPE;4;54;OUTRA BANDA - MARANGUAPE;EMEIEF PAULO SARASATE;AVENIDA DR. ARGEU GURGEL BRAGA HERBSTER, 883
CAUCAIA;37;298;IPARANA;E.E.F. ERBE TEIXEIRA FIRMEZA;AV. ULISSES GUIMARAES, S/N
CRATO;27;278;PONTA DA SERRA;EEIEF SIMÃO PEDRO DA SILVA;SÍTIO LAGOINHA
CRATO;27;350;SEMINÁRIO;EEEP GOVERNADOR VIRGÍLIO TÁVORA;RUA PERGENTINO SILVA S/N
CAUCAIA;123;281;NOVA METRÓPOLE (JUREMA);E.E.F.M. ELIEZER DE FREITAS GUIMARÃES;RUA 145, S/N - NOVA METRÓPOLE
LIMOEIRO DO NORTE;29;3;JOÃO XXIII;EEMTI ARSÊNIO FERREIRA MAIA;RUA CEL JOSE NUNES 1245
FORTALEZA;115;41;ITAPERI;UNIVERSIDADE ESTADUAL DO CEARA - UECE;AV DR. SILAS MUNGUBA, 1700
VIÇOSA DO CEARÁ;35;33;QUATIGUABA;CEI SANTO EXPEDITO;SITIO QUATIGUABA
SOBRAL;24;681;PARQUE SILVANA;EEFI ANTONIO MENDES CARNEIRO;AVENIDA DR. JOSE EUCLIDES FERREIRA GOMES JUNIOR, S/N
VÁRZEA ALEGRE;62;13;CENTRO;EEF FIGUEIREDO CORREIA;RUA FIGUEIREDO CORREIA, 258
IGUATU;13;37;VILA CIDAO;CAMPUS MULTI-INSTITUCIONAL HUMBERTO TEIXEIRA (URCA/UECE/CENTEC);AV DÁRIO RABELO SN
ICAPUÍ;8;342;MUTAMBA DE ICAPUI;E.E.F. PROFESSORA RAIMUNDA LACERDA DAMIÃO;AV ESAU LACERDA SN
FARIAS BRITO;62;227;CARÁS;EEF ISAAC DE ALCANTARA COSTA;SÍTIO CARÁS
IRACEMA;86;85;DA PAZ;EEF ALBATIZA TAVARES DE OLIVEIRA GUERRA;RUA JOÃO TAVARES MAGALHÃES
PIQUET CARNEIRO;12;7;IBICUA;EMEF MESTRE JÚLIO;RUA CORONEL FILEMOM MAGALHÃES, S/N
RERIUTABA;79;255;BARRO VERMELHO;E.E.F. HORIZONTE DO SABER;RUA ANTÔNIO PINTO, S/N
GRANJA;25;45;IBUGUAÇU;E.E.F. MARTINIANO FONTENELE MAGALHÃES;AV. MARTINIANO FONTENELE MAGALHÃES, S/N
COREAÚ;64;67;Malhada Vermelha;MALHADA VERMELHA - CENTRO PASTORAL STA. RITA DE CÁSSIA;LOCALIDADE MALHADA VERMELHA
SOBRAL;24;512;RENATO PARENTE;EEEP LYSIA PIMENTEL GOMES;AV. JOHN SANFORD, 1223
CAMOCIM;32;55;SAO FRANCISCO;ESCOLA DE 1 GRAU NATALIA ALBUQUERQUE LOPES;RUA DR RAIMUNDO VERAS S/N
CRATEÚS;20;184;CURRAL VELHO;ESCOLA DE CIDADANIA UMBELINO ALVES DA SILVA;CURRAL DO MEIO
CRATEÚS;20;137;CENTRO;EEFM LOURENCO FILHO;RUA FIRMINO ROSA 587
NOVA RUSSAS;48;214;LAGEDO GRANDE;ESCOLA MUNICIPAL AQUILES RODRIGUES MACEDO;LOCALIDADE DE LAGEDO GRANDE,
ASSARÉ;18;23;CENTRO;ESCOLA DE ENSINO FUNDAMENTAL RAUL ONOFRE;RUA PADRE EMILIO CABRAL SN     ASSARE
FORTALEZA;3;23;CENTRO;COLÉGIO 7 DE SETEMBRO (SEDE NGS);AV. DO IMPERADOR, 1330
IPUEIRAS;40;18;MATRIZ DE SAO GONCALO;EEF FRANCISCO SOARES MOURÃO - MATRIZ DE SÃO GONÇALO;MATRIZ DE SÃO GONÇALO
FORTALEZA;3;213;CENTRO;COLÉGIO ARI DE SÁ - PRÉ-VESTIBULAR - SEDE DUQUE DE CAXIAS;AV. DUQUE DE CAXIAS, 519
CRATO;27;159;CENTRO;ESCOLA TÉCNICA DO COMÉRCIO;RUA DOUTOR JOÃO PESSOA, 190 - PRAÇA JUAREZ TÁVORA
COREAÚ;64;91;Ubaúna;UBAÚNA - CEI ANTº AGUIAR NERI;DISTRITO DE UBAÚNA
GRANJEIRO;62;163;SÍTIO SERRINHA;EEIF PROFA FCA DE ARAÚJO BORGES (D. FRANSQUINHA);SITIO SERRINHA
IGUATU;13;571;JOÃO PAULO II;CAIC - ESCOLA DE ENS FUND FRANCISCO DAS GRAÇAS ALVES BERTO;CONJUNTO JOAO PAULO II                                    S/N
FORTALEZA;114;322;PRESIDENTE KENNEDY;COLÉGIO SANTA ISABEL;AVENIDA BEZERRA DE MENEZES 2840
UBAJARA;73;138;CENTRO;ESCOLA MARIA AGUIAR VASCONCELOS;RUA ÂNGELO SOUSA, S/N
VARJOTA;65;214;CENTRO;SINDICATO DOS TRABALHADORES RURAIS DE VARJOTA;RUA RUI BARBOSA, 839
SENADOR POMPEU;12;75;CENTRO;EEF GERALDO GONÇALVES DO NASCIMENTO JUNIOR;RUA PADRE LINO ADERALDO S/N
MAURITI;76;71;CENTRO;CÂMARA MUNICIPAL DE MAURITI;RUA CHAGAS SAMPAIO, S/N
MOMBAÇA;46;38;CENTRO;SECRETARIA DE AÇÃO SOCIAL DE MOMBAÇA-CE;RUA JOSÉ FRUTUOSO SÁ BENEVIDES, 241
ABAIARA;26;145;SÍTIO AREIAS;ESCOLA JOSÉ DAVI DOS SANTOS;SITIO AREIAS
CAUCAIA;123;451;PARQUE GUADALAJARA (JUREMA);COLÉGIO PLENO DO CEARÁ - CPC;RUA PADRE ALFREDO NESI, 363 (ANTIGA RUA CAMPECHE )
SOBRAL;121;32;ARACATIAÇU;ETI MARIA DE LOURDES DE VASCONCELOS;RUA MONSENHOR LINHARES, S/N
PENTECOSTE;50;85;ZONA RURAL;EMTI PREFEITO ANTÔNIO CARNEIRO;PROVIDÊNCIA
RERIUTABA;79;27;CABACEIRAS;E.E.I.F. HERMÍNIO ALVES;CABACEIRAS - ZONA RURAL
FORTALEZA;3;292;CENTRO;COLÉGIO ESTADUAL JUSTINIANO DE SERPA;AV. SANTOS DUMONT, 56
CAUCAIA;120;376;PADRE JULIO MARIA;EEIEF JOSE OLAVO MOREIRA;RUA SÃO PAULO, S/N
CAUCAIA;123;285;NOVA METRÓPOLE (JUREMA);E.E.F.M. ELIEZER DE FREITAS GUIMARÃES;RUA 145, S/N - NOVA METRÓPOLE
CAUCAIA;120;323;SITIOS NOVOS;E.E.F. ALICE MOREIRA DE OLIVEIRA;RUA HENRIQUE MARTINS, S/N
CAUCAIA;120;392;PADRE JULIO MARIA;E.E.F. MARIA MOTA RODRIGUES;RUA CORONEL CORREIA, 3267
CRATEÚS;20;293;VENANCIOS;EEFM PRES EURICO GASPAR DUTRA;RUA EDUARDO ALBUQUERQUE SN
FORTALEZA;3;202;JACARECANGA;SENAI - UNIDADE CENTRO;AV. PADRE IBIAPINA, 1280
CAMPOS SALES;38;19;B. CENTRO;INSTITUTO EDUCACIONAL PROFESSORA MARIA DULCE DE ALENCAR - (MDA) - SEDE;RUA JULIO NORÕES, 531
FORTALEZA;2;70;MESSEJANA;COLÉGIO PAIVA ANDRADE;RUA INÁCIO MOREIRA, 133
AURORA;69;72;GROSSOS-SITIO;E.E.I.F. JOAQUIM SERAFIM PEREIRA;SITIO GROSSOS  S/N
FORTALEZA;114;138;JARDIM IRACEMA;EM JOSÉ DE ALENCAR;RUA ALBERTO FERREIRA 248
ITAPIPOCA;17;690;BOA VISTA;EEB MARIA DALVA BARBOSA AZEVEDO;RUA EUBIA BARROSO
UBAJARA;73;201;sítio águas belas - jaburu;ESCOLA HUMBERTO RIBEIRO LIMA;SITIO ÁGUAS BELAS - JABURU
IGUATU;13;573;JOSÉ DE ALENCAR;ESCOLA DE ENS FUND OSMINDO MANGUEIRA DE SOUSA;SITIO BARROCAS
FORTALEZA;113;4;BENFICA;FACULDADE DE ARQUITETURA E URBANISMO DA UFC;AV. DA UNIVERSIDADE, 2890
ACOPIARA;60;45;TRUSSU;EEF JOAO ANTONIO DE ARAUJO;SITIO RIACHO ESCURO
CRATEÚS;20;18;CENTRO;COLEGIO ESTADUAL REGINA PACIS;RUA FRANCISCO SA 106
PACATUBA;57;314;CONJUNTO JEREISSATI II;C.E.I. JOSE RODRIGUES;TRAVAESSA MARIA DAS DORES, S/N
FORTALEZA;93;245;PREFEITO JOSÉ WALTER;COLÉGIO SILVIA HELENA NOGUEIRA;RUA 62, 140 - III ETAPA
FORTALEZA;2;733;MESSEJANA;COLÉGIO PAIVA ANDRADE;RUA INÁCIO MOREIRA, 133
CAUCAIA;120;424;CONJUNTO METROPOLITANO;E.E.I.E.F. ANTÔNIO MIRANDA DE MELO;RUA PEDRO ALVES DE MENEZES, 1095 - CONJUNTO METROPOLITANO
ITAPIPOCA;17;442;ASSUNÇÃO;EEB ISAIAS TEIXEIRA PINTO;SANTAREM
FORTALEZA;2;680;LAGOA REDONDA;EM PROFª FERNANDA MARIA DE ALENCAR COLARES;AV PROF. ARTHUR DE CARVALHO, 1540
ITAREMA;98;201;LAGOA SECA;EEEP PROFESSORA ROSÂNGELA ALBUQUERQUE DE COUTO;RUA DAS INDUSTRIAS, SN
NOVA RUSSAS;48;59;LAGOA DE SÃO PEDRO;EMEF MANUELA DO NASCIMENTO FREITAS(ANTIGA PEDRO GONÇALVES DE CARVALHO);DISTRITO DE LAGOA DE SÃO PEDRO,
FORTALEZA;117;269;BOM JARDIM;ESCOLA MUNICIPAL CATARINA LIMA DA SILVA;RUA PEDRO MARTINS, 313
GROAÍRAS;65;211;CAPITAO JOSE LINHARES;EEF NOSSA SENHORA DO ROSARIO;RUA 23 DE MAIO, 1065
IGUATU;13;222;RIACHO VERMELHO;ESCOLA DE ENS FUND FILOMENA DE ALMEIDA BRAGA;RIACHO VERMELHO
EUSÉBIO;88;154;COAÇU;EEF SAO RAIMUNDO;RUA COMENDADOR ARI DE FREITAS, 480 - COACU
LIMOEIRO DO NORTE;29;146;CENTRO;CENTRO EDUCACIONAL SAO VICENTE DE PAULO - PATRONATO;RUA SABINO ROBERTO 398
SENADOR POMPEU;12;157;CENTRO;COORDENADORIA REGIONAL DE  DESENVOLVIMENTO DE EDUCAÇÃO - CREDE 14;RUA PROFESSOR CAVALCANTE, 669
MIRAÍMA;89;298;ÁREA RURAL DE MIRAÍMA;EEB ABILIO ANTONIO ALVES;FAZENDA LUNDU
MARACANAÚ;122;268;CÁGADO;CENTRO AGACIL CAMURCA;AV. PADRE JOSE HOLANDA DO VALE, 931
MARACANAÚ;122;87;JAÇANAÚ;EMEF JOAQUIM AGUIAR;RODOVIA 065 KM 09 9821
COREAÚ;64;12;Centro;COREAÚ - SECRETARIA MUNICIPAL DE EDUCAÇÃO;AV. PREFEITO VILAR FONTENELE, 81- CENTRO
PALMÁCIA;4;594;CENTRO;UBS SEDE;RUA ILDEFONSO CAMPOS, S/N
MADALENA;63;177;MACAOCA;EEIF OLIMPIO VIANA;CACIMBINHA
CAUCAIA;123;350;MARECHAL RONDON (JUREMA);E.E.I.E.F. ECONOMISTA RUBENS VAZ DA COSTA;AVENIDA NOVO HORIZONTE, S/N
CAUCAIA;123;358;MARECHAL RONDON (JUREMA);E.E.I.E.F. ECONOMISTA RUBENS VAZ DA COSTA;AVENIDA NOVO HORIZONTE, S/N
FARIAS BRITO;62;186;SEDE;EEI JOANA ALVES BEZERRA;RUA ARACI FREITAS FRANCELINO, S/N
NOVA RUSSAS;48;22;CENTRO;EEMTI OLEGARIO ABREU MEMORIA;RUA CEL. ANTONIO RODRIGUES VERAS 1018
JAGUARETAMA;72;42;SITIO SERROTE BRANCO;E.M.E.F JOSE TEIXEIRA NERES;SITIO SERROTE BRANCO
SOBRAL;24;235;JAIBARAS;EEFI LEONILIA GOMES PARENTE;RUA SANTA TEREZINHA
FORTALEZA;3;256;CENTRO;EM ALBA FROTA;AV. DOM MANUEL, 914
CROATÁ;74;100;DISTRITO;ESCOLA MUNICIPAL DE SAO FRANCISCO;SAO FRANCISCO
ITAPIPOCA;17;599;BALEIA;EEB JOSÉ MARIA DA SILVEIRA;PRAIA DA BALEIA
SOBRAL;121;165;CENTRO;ESCOLA OSMAR DE SA PONTE;RUA PINTOR LEMOS, S/N
ORÓS;15;310;SANTAREM - DISTRITO;E.E.F. MANOEL MOREIRA PEQUENO;RUA NOSSA SRA. DA CONCEIÇÃO, 118
PIQUET CARNEIRO;12;143;IBICUA;UNIDADE BÁSICA DE SAÚDE EUFRAZINA PINHEIRO COSTA (ANTIGA POLICLÍNICA);RUA MUNDALVA PINHEIRO, S/N
CRATO;27;53;SÃO MIGUEL;EEEP MARIA VIOLETA ARRAES DE ALENCAR GERVAISEAU;AVENIDA TEODORICO TELES, SN
SOBRAL;24;120;DOM JOSÉ;EEFI ANTENOR NASPOLINI;RUA PREFEITO JERONIMO PRADO, S/N
FORTALEZA;1;851;MUCURIPE;ESCOLA ESTADUAL DRAGAO DO MAR;RUA UMARI S/N
FRECHEIRINHA;81;336;CENTRO;ESCOLA DE ENSINO MÉDIO ANTONIO CUSTODIO;RUA TENENTE EUFRASIO, 133 - CENTRO
BATURITÉ;5;260;OITICICA-FAZENDA;EMEF PEDRO LOPES FILHO;OITICICA
PEDRA BRANCA;59;162;SANTA TEREZINHA;E.E.I.T.I ARMANDO LINS DE SOUZA;RUA JOAQUIM ALVES TEIXEIRA S/N
ARATUBA;105;185;SITIO BARREIROS;ESCOLA FRANCISCO JOSE DE FREITAS;SITIO BARREIROS
MARACANAÚ;122;134;COQUEIRAL;EMEF JOSE BELISARIO DE SOUSA;RUA MANOEL MOREIRA LIMA 790
FORTALEZA;114;12;JARDIM IRACEMA;EM JESUS CRISTO - CEI ANEXO;RUA ALBERTO FERREIRA 564
MILHÃ;55;104;CARNAUBINHA;ESCOLA DE ENSINO BASICO RAIMUNDO BEZERRA FIGUEIREDO;RUA VALDINA DE LIMA
ICAPUÍ;8;337;PEIXE GORDO;ESCOLA MUNICIPAL PROF LUIZ GONZAGA FERREIRA;PEIXE GORDO
CEDRO;13;442;CENTRO;COLEGIO ESTADUAL CELSO ARAUJO;RUA ZE PAJE, 241
CRATEÚS;20;52;CENTRO;EEFM LOURENCO FILHO;RUA FIRMINO ROSA 587
JAGUARIBARA;72;103;PROJETO DE ASSENTAMENTO MANDACARU I;EMEIEF MARIA SOCORRO XAVIER DE ALMEIDA;PROJETO DE ASSENTAMENTO MANDACARU I
FORTALEZA;2;140;MESSEJANA;EEM LICEU DE MESSEJANA;AVENIDA WASHINGTON SOARES 7702
PENTECOSTE;50;49;ZELADORIA;EEF GOVERNADOR WALDEMAR ALCÂNTARA;RUA PEDRO HORÁCIO, 297
TURURU;17;735;AREA RURAL DE TURURU;CENTRO EDUCACIONAL PATRICIA MOTA DE FREITAS;ASSENTAMENTO NOVO HORIZONTE
PARAMBU;19;371;MIRANDA;ESCOLA PROFESSOR MANOEL LUIZ DE OLIVEIRA;PAU PRETO
CAUCAIA;123;363;MARECHAL RONDON (JUREMA);E.E.I.E.F. ECONOMISTA RUBENS VAZ DA COSTA;AVENIDA NOVO HORIZONTE, S/N
ANTONINA DO NORTE;18;58;CENTRO;ESCOLA DE ENSINO FUNDAMENTAL 8 DE MAIO;RUA ANTONIO MOTA 50
HORIZONTE;78;228;TANQUES;EMEF EUCLIDIA PEREIRA DE AZEVEDO;RUA CELSO  SILVA ASSUNÇÃO, 8656
FORTALEZA;2;127;MESSEJANA;EM PROFª TELINA BARBOSA DA  COSTA;RUA PERGENTINO MAIA, 811
FORTALEZA;2;451;MESSEJANA;EEM DEPUTADO PAULO BENEVIDES;RUA ANGELICA GURGEL, 186
FORTALEZA;2;756;MESSEJANA;EEMTI PROFª FERNANDA MARIA GOMES DE AMORIM;AVENIDA FREI CIRILO 4454
ITAPIPOCA;17;541;BELA VISTA;EEB MARIA MADALENA DA ROCHA;PAU D'ARCO
ITAPIPOCA;17;726;NOVA ALDEOTA;EEB DR PÉRICLES FERNANDES TEIXEIRA;RUA CAIO PRADO, 3069
TEJUÇUOCA;41;113;RETIRO CAXITORE;ESCOLA DE ENSINO FUNDAMENTAL DE TEMPO INTEGRAL LUIZA DA SILVA MOTA;RETIRO CAXITORE
MISSÃO VELHA;16;34;ZONA RURAL;EEF MANOEL FAUSTINO DO NASCIMENTO;DISTRITO DE GAMELEIRA DE SAO SEBASTIAO
FORTALEZA;118;628;MONDUBIM;COLÉGIO CONECTIVO;RUA GENERAL ONOFRE, 445
PIQUET CARNEIRO;12;10;CENTRO;EEMEFTI AZARIAS FERNANDES;RUA ZACARIAS PINHEIRO DA SILVA  S/N
FORTALEZA;118;294;PASSARÉ;EM RAIMUNDO DE MOURA MATOS;AVENIDA DOIS DE MAIO, 1300
EUSÉBIO;88;89;CENTRO;EEM ANA BEZERRA DE SA;AV AIRTON SENA, 130 - CENTRO
CRATO;27;254;PONTA DA SERRA;UNIDADE BÁSICA DE SAÚDE JOAQUIM FERREIRA LEITE;RUA INÁCIO FERREIRA LEITE S/N
SOLONÓPOLE;55;85;SAO JOSE;E. M. E. B. PROFA. MARIA NERY FIALHO;RUA MARIA NEÓZIA DE CARVALHO LEANDRO, S/N
ARATUBA;105;104;CENTRO-SEDE;SEDUC (POLO DE ATENDIMENTO);RODOVIA COACY PEREIRA
IPUEIRAS;40;23;GÁSEA;EEF FRANCISCO GOMES DE MELO - GÁSEA;GÁSEA
PACAJUS;49;399;BASE;EEF NELI GAMA (ANT. RAIMUNDO AGOSTINHO);BASE
FORTALEZA;115;360;PARANGABA;EEEP JOAQUIM MOREIRA DE SOUSA;RUA CAIO PRADO 02
MORADA NOVA;47;211;CENTRO;SECRETARIA MUNICIPAL DE EDUCAÇÃO BÁSICA;RUA SARGENTO MACEDO, 315
CAMPOS SALES;38;53;B. CENTRO;INSTITUTO EDUCACIONAL PROFESSORA MARIA DULCE DE ALENCAR - (MDA) - SEDE;RUA JULIO NORÕES, 531
CAUCAIA;120;299;MINGUAU;E.E.I.E.F. MARIANA DE MIRANDA FIRMEZA;RUA PRINCIPAL, S/N - JARANDRAGOEIRA
GRANJA;25;234;IBUGUAÇU;E.E.F. JOÃO MACHADO;LAGOA DOS MARRECOS
LAVRAS DA MANGABEIRA;14;58;OURO BRANCO- DISTRITO;GRUPO ESCOLAR ROMANA RICARTE;RUA MIGUEL BISPO 114
CASCAVEL;7;193;MUTIRÃO;ESC. MUNICIPAL PROFESSOR FABIO COUTINHO;RUA ZAQUEU FERREIRA DO VALE, S/N
ARATUBA;105;79;CENTRO-SEDE;EEF PROFESSORA MARIA JULIA PEREIRA BATISTA;RUA TARGINO GOES S/N
CANINDÉ;33;42;IMACULADA CONCEIÇÃO;COLÉGIO SANTA CLARA (PARTICULAR);RUA DR. GERONCIO BRIGIDO, 297
FORTALEZA;3;517;CENTRO;CENTRO DE PASTORAL MARIA, MÃE DA IGREJA;RUA RODRIGUES JÚNIOR, 300
BATURITÉ;5;78;CENTRO-SEDE;EMEF DOMINGOS SAVIO;AV DOM BOSCO, 393
TIANGUÁ;81;309;ÁREA RURAL DE TIANGUÁ;E.E.F. JOSÉ MARIA DA SILVA;SÍTIO PÉ DO MORRO
MAURITI;76;92;SAO MIGUEL-DISTRITO;CRECHE ARCO-IRIS;RUA DOS PEREIRAS, S/N
CEDRO;13;420;CENTRO;COLEGIO ESTADUAL CELSO ARAUJO;RUA ZE PAJE, 241
SÃO BENEDITO;22;89;SEDE;ESCOLA DE ENSINO FUNDAMENTAL DOM COUTINHO;SITIO DO MEIO
URUBURETAMA;23;351;SÃO ROMÃO-BANANAL / ZONA RURAL;EEF FIDELIS DE CARVALHO;SAO ROMAO
PEDRA BRANCA;59;55;SEDE;ESCOLA DE ENSINO FUNDAMENTAL ANTONIO BARBOSA LEMOS;SITIO BAIXIO
CAMPOS SALES;38;93;ZONA RURAL;ASSOCIAÇÃO COMUNITÁRIA DO SÍTIO TRAIRAS E REGIÃO - DIST. DE ITAGUÁ;SIÍTIO TRAÍRAS - DIST. DE ITAGUÁ
MORADA NOVA;47;295;2 DE AGOSTO;EEEP OSMIRA EDUARDO DE CASTRO;RUA ALUÍSIO GONZAGA DE LIMA, S/N
MOMBAÇA;46;13;CENTRO;UNIDADE BÁSICA DE SAÚDE FRANCISCO MARTINS SOBRINHO;AV. ANTONIO JAIME BENEVIDES FILHO, 706 - VILA IRACEMA
IGUATU;13;44;ALTO DO JUCÁ;SECRETARIA MUNICIPAL DE AÇÃO SOCIAL;RUA 21 DE ABRIL SN
FORQUILHA;121;234;CAJAZEIRAS;EEFI VICENTE REIS CAVALCANTE;POVOADO DE CAJAZEIRAS
PIQUET CARNEIRO;12;140;IBICUA;UNIDADE BÁSICA DE SAÚDE EUFRAZINA PINHEIRO COSTA (ANTIGA POLICLÍNICA);RUA MUNDALVA PINHEIRO, S/N
IPAUMIRIM;92;131;SAO VICENTE-SITIO;ASSOCIAÇÃO DOS AGRICULTORES DO SÍTIO SÃO VICENTE;SÍTIO SÃO VICENTE
IPUEIRAS;40;113;IPUZINHO;GRUPO ESCOLAR FRANCISCO PEREIRA DA SILVA - IPUZINHO;IPUZINHO
CRATEÚS;20;208;CENTRO;EEFM LOURENCO FILHO;RUA FIRMINO ROSA 587
MILAGRES;26;46;SITIO BARREIRO;ESCOLA GERMANO PAULINO LEITE;SITIO BARREIRO
FORTALEZA;3;294;CENTRO;COLÉGIO ESTADUAL JUSTINIANO DE SERPA;AV. SANTOS DUMONT, 56
ICÓ;15;74;ICOZINHO - DISTRITO;EMTIH - FRANCISCO ALBENIR DUARTE;RUA SAO VICENTE S/N
ANTONINA DO NORTE;18;130;CENTRO;CRECHE RAIMUNDA ALVES DE SOUZA;RUA VIRGILIO TAVORA, 115
AQUIRAZ;66;352;PRAINHA;CRAS PRAINHA;AV. DAMIÃO TAVARES DE SOUSA
VÁRZEA ALEGRE;62;23;CENTRO;EEM JOSÉ CORREIA LIMA;AV. LUIS AFONSO DINIZ, 213
SOBRAL;121;160;CENTRO;EEFM DR JOAO RIBEIRO RAMOS;RUA CONSELHEIRO JOSE JULIO
QUIXADÁ;6;466;COMBATE;SEMINÁRIO MAIOR DIOCESANO NOSSA SENHORA IMACULADA RAINHA DO SERTÃO;RUA BASÍLIO PINTO,1179
GUARACIABA DO NORTE;74;190;DISTRITO;POSTO DE SAÚDE DO LIMOEIRO;LIMOEIRO
ACARAÚ;30;335;ZONA RURAL;ESCOLA RAIMUNDO ROSA DO NASCIMENTO;PEDRINHAS
ITAPIPOCA;17;82;ARAPARI;EEB JERONIMO DE FREITAS GUIMARAES;ARAPARI
IPAPORANGA;20;248;LAGOA DO BARRO;ESCOLA DE ENSINO FUNDAMENTAL GONCALVES DE PAULA;ACUDE NOVO
IPU;21;55;DISTRITO;E.M.E.F. PEDRO CAMELO DA SILVA;INGAZEIRA
ACOPIARA;60;285;SEDE;EEF HERMINIO BARBOSA E SILVA;SITIO GENIPAPEIRO
IGUATU;13;139;ALTO DO JUCÁ;SECRETARIA MUNICIPAL DE AÇÃO SOCIAL;RUA 21 DE ABRIL SN
SANTA QUITÉRIA;54;94;POVOADO AREAL;ESCOLA MUNICIPAL ANTONIA DONATO DE ARAÚJO;POVOADO AREAL
PENTECOSTE;50;65;CENTRO;CÂMARA MUNICIPAL DE PENTECOSTE;RUA DOUTOR MOREIRA DE AZEVEDO, S/N
UMARI;15;225;PIO X - DISTRITO;CRECHE RITA FERREIRA DE ALENCAR;DISTRITO PIO X
PENTECOSTE;50;91;ZELADORIA;EEF GOVERNADOR WALDEMAR ALCÂNTARA;RUA PEDRO HORÁCIO, 297
TAMBORIL;61;46;DISTRITO DE HOLANDA;EMTI FRANCISCO DE ASSIS GOMES RUFINO;RUA FRANCISCO DE ASSIS GOMES RUFINO
CATARINA;60;249;SAO GONCALO;EEF CAPITAO EPAMINONDAS GOMES DA SILVA;SAO GONCALO
PEDRA BRANCA;59;148;SEDE;ESCOLA DE ENSINO FUNDAMENTAL ANTONIO BARBOSA LEMOS;SITIO BAIXIO
REDENÇÃO;52;139;DISTRITO DE BARRA NOVA (ANTIGO SÃO GERARDO);ESCOLA HERMÍNIO GOMES;PIROÁS
MAURITI;76;10;NOVA SANTA CRUZ-DISTRITO;EEIF PEDRO MARANHÃO DE LACERDA;RUA CENTRAL S/N
SABOEIRO;43;276;MALHADA;E.E.F. JOSE GONCALVES DOS SANTOS;DISTRITO MALHADA
PIQUET CARNEIRO;12;132;IBICUA;UNIDADE BÁSICA DE SAÚDE EUFRAZINA PINHEIRO COSTA (ANTIGA POLICLÍNICA);RUA MUNDALVA PINHEIRO, S/N
PEDRA BRANCA;59;84;CENTRO;CENTRO ADMINISTRATIVO CESÁRIO MENDES;RUA FURTUNATO SILVA, 45
BARRO;92;9;CENTRO-SEDE;EEEP PROFESSOR JOSÉ OSMAR PLÁCIDO DAS SILVA;RUA ANTÔNIA BEZERRA TELES, S/N
BATURITÉ;5;78;CENTRO-SEDE;EMEF DOMINGOS SAVIO;AV DOM BOSCO, 393
COREAÚ;64;136;Alto do Limoeiro;COREAÚ - ESCOLA MUN. ALTO DO LIMOEIRO;ALTO DO LIMOEIRO
ITAPIÚNA;105;167;ZONA RURAL;EEIEF JARBAS PASSARINHO - ESCOLA POLO;FAZENDA SAO JOSE
CARIRIAÇU;71;103;VALÊNCIA;POSTO DE SAÚDE ANA DOS ANJOS;SÍTIO PATOS
VÁRZEA ALEGRE;62;65;CENTRO;EEF FIGUEIREDO CORREIA;RUA FIGUEIREDO CORREIA, 258
CRATO;27;167;CENTRO;COLÉGIO SANTA TERESA DE JESUS;RUA DOM QUINTINO, 863
QUIXADÁ;6;482;PUTIÚ;EEF NEMÉSIO BEZERRA;AV. PRESIDENTE VARGAS, 453
CRATEÚS;20;148;SÃO VICENTE;CENTRO ADMINISTRATIVO DA PREFEITURA DE CRATEÚS;RUA CEL TOTO, SN
PACOTI;5;209;GRANJA-SITIO;CENTRO DE ARTICULAÇÃO DA APA DA SERRA DE BATURITÉ (GRANJA);GRANJA
ARACOIABA;67;105;MILTON BELO-DISTRITO;ESCOLA MUNICIPAL LUIS FERREIRA DE SOUSA;BOA VISTA
FORTALEZA;2;391;JOSÉ DE ALENCAR;EEFM IRACEMA;RUA EGIDIO DE OLIVEIRA, 250
ITAPIPOCA;17;39;CENTRO;EEFM ANASTACIO ALVES BRAGA;AV DUQUE DE CAXIAS 888
GROAÍRAS;65;118;CAPITAO JOSE LINHARES;EEF NOSSA SENHORA DO ROSARIO;RUA 23 DE MAIO, 1065
JAGUARETAMA;72;5;CENTRO;ESCOLA PRIMEIRO GRAU DR RAUL BARBOSA (CRECHE CHAPEUZINHO VERMELHO);RUA RIACHO DO SANGUE, 599
CRATO;27;258;BAIXIO DAS PALMEIRAS;EEIEF PROFª ROSA FERREIRA DE MACEDO;RUA MARIA TAVARES DE OLIVEIRA, SN. SÍTIO BAIXIO DO MUQUÉM
PACATUBA;57;103;CONJUNTO JEREISSATI II;EEIEF JOSE BATISTA DE OLIVEIRA;AV XXIII, S/N
PACATUBA;57;270;PAVUNA;ESCOLA DE 1 GRAU MARIA GUIOMAR BASTOS CAVALCANTE;RUA TOPAZIO, 331, VELHO TIMBO
FORTALEZA;3;246;CENTRO;COLÉGIO ARI DE SÁ - PRÉ-VESTIBULAR - SEDE DUQUE DE CAXIAS;AV. DUQUE DE CAXIAS, 519
ITAITINGA;78;238;CENTRO;EEF VALMIQUE SAMPAIO ALBUQUERQUE;RUA JOSMO GURGEL ARAUJO, 1256
QUIXADÁ;6;204;JUATAMA;EEF RENATO DE ARAÚJO CARNEIRO;RUA FRANCISCO MOREIRA DE SOUZA,1324
PARACURU;109;64;RIACHO DOCE;E. M. E. F. RIACHO DOCE;RUA JOSÉ LOPES MEIRELES S/N
CARIRIAÇU;71;4;PARAÍSO;EEF JULITA FARIAS;RUA LUIZ BEZERRA S/N
TRAIRI;97;169;ALMERCEGAS;EEF SANTA LUZIA;ALMERCEGAS
MARACANAÚ;122;69;ACARACUZINHO;EEFM JOSE MILTON DE VASCONCELOS DIAS;AV. CENTRAL S/N
PIQUET CARNEIRO;12;21;MULUNGU;EMEIF SÃO SEBASTIÃO;DISTRITO DE MULUNGU
FORTALEZA;80;217;ALTO DA BALANÇA;EM PROFESSORA EDITH BRAGA;RUA CAPITAO VASCONCELOS 1061
FORTALEZA;80;163;DIONISIO TORRES;AABB - ASSOCIAÇÃO ATLÉTICA BANCO DO BRASIL;AV BARAO DE STUDART, 2917
MARANGUAPE;4;129;LAGES;EMEF MIGUEL VIEIRA DA ROCHA;RUA BOA VISTA DOS VIEIRAS, S/N
MARACANAÚ;122;106;INDUSTRIAL;EMEF VINICIUS DE MORAIS;RUA N NO. 425 (ESPLANADA DO MONDUBIM)
CASCAVEL;7;238;SEDE;E.E.F. PROFESSORA ANA LÚCIA DA SILVA (COHAB);AV. JOÃO MOREIRA DE PAULA, COHAB
ITAITINGA;78;293;RIACHÃO;EEF GALDINO ASSUNÇÃO FILHO;RUA LAURA DE SOUSA, 33
PARACURU;109;200;LAGOA;E. M. E. I. F. POMPILIO CIRIACO DE SOUSA;RUA SANTANA, S/N
FORTALEZA;93;116;MONDUBIM;CEI MARIA HERCILIA EVANGELISTA;RUA 3, 300 - PARQUE SANTANA
JARDIM;119;341;FAZENDA NOVA;ESCOLA MUNICIPAL JOSE DA COSTA;POVOADO DE FAZENDA NOVA SN
PEREIRO;10;166;CENTRO;ESCOLA PINGO DE GENTE (ESPECIAL);RUA SEVERO HOLANDA S/N
ITAITINGA;78;247;CENTRO;EEF GERALDO BATISTA DE LIMA;AV. CEL. VIRGÍLIO TÁVORA S/N
ACOPIARA;60;74;CENTRO;EEF PE JOAO ANTONIO;AV PAULINO FELIX, 214
QUIXELÔ;13;297;ÁREA RURAL DE QUIXELÔ;ESCOLA DE ENS FUND JOSE FRANCISCO;MUNDO NOVO-SITIO
FORTALEZA;116;499;BOM JARDIM;EM RAIMUNDO MOREIRA SENA;RUA G, 93, CJ. NOVA RESIDENCIA
FORTALEZA;118;360;PASSARÉ;EM RAIMUNDO DE MOURA MATOS;AVENIDA DOIS DE MAIO, 1300
FORTALEZA;118;670;SERRINHA;COLÉGIO MARIA ESTER I;RUA ANTONIO TEIXEIRA LEITE, 248
CRATEÚS;20;71;SÃO VICENTE;CENTRO ADMINISTRATIVO DA PREFEITURA DE CRATEÚS;RUA CEL TOTO, SN
GRANJA;25;241;IBUAÇU;E.E.F. LIVIO BARRETO;VILA IBUACU
FORTALEZA;117;258;SIQUEIRA;CEI FRANCISCA DE ABREU LIMA;RUA C -  ESQUINA COM A RUA LUIZ MONTENEGRO, S/N
SOLONÓPOLE;55;37;SAO JOSE;ESCOLA DE 1 GRAU MUNDOCA MOREIRA;RUA MIGUEL FIRMIANO
CANINDÉ;33;406;BAIRRO DO S;EEF RAIMUNDO OURIVES ANDRADE;RUA RAIMUNDO OURIVES 1950
MARACANAÚ;104;292;TIMBÓ;EMEF DR. JOSÉ DE BORBA VASCONCELOS;AVENIDA TIMBÓ, 808
FORTALEZA;1;749;CAIS DO PORTO;ESCOLA MUNICIPAL PROF. GODOFREDO DE CASTRO FILHO;AVENIDA JOSÉ SABÓIA  905
CRATO;27;128;DOM QUINTINO;CENTRO DE EDUCAÇÃO INFANTIL RAIMUNDO DE SOUSA SOBRINHO;RUA BOA VISTA, 252
ITAREMA;98;192;LAGOA SECA;EEEP PROFESSORA ROSÂNGELA ALBUQUERQUE DE COUTO;RUA DAS INDUSTRIAS, SN
FORTALEZA;3;435;MEIRELES;EEFM PARÓQUIA DA PAZ;RUA VISCONDE DE MAUÁ, 905/A
FORTALEZA;3;610;ALDEOTA;COLÉGIO ESPAÇO ABERTO - DOM LUÍS;AV. DOM LUÍS, 730
FORTALEZA;2;755;MESSEJANA;FACULDADE ATENEU DO CEARÁ;AV. COLETOR ANTONIO GADELHA, 621
MORADA NOVA;47;163;BOA AGUA;EEB GEORGINA RIBEIRO DOS SANTOS;LAGOA FUNDA
TAUÁ;19;245;BARRA NOVA;TEMISTOCLES LINS FIALHO;CACHOEIRINHA DO PAI SENHOR
PINDORETAMA;7;289;PRATIUS - 2;EMEB OLGA VALE ALBINO;RODOVIA CE 454, S/N - PRATIUS - 2  PINDORETAMA
JUAZEIRO DO NORTE;119;117;ROMEIRAO;ESCOLA SESI/SENAI PADRE AZARIAS SOBREIRA;RUA JOSÉ MARROCOS, 2265
EUSÉBIO;88;171;MANGABEIRA;EEIF OTONI SA;RUA EDNARDO WEINE, 389 - MANGABEIRA
FORTALEZA;93;139;PREFEITO JOSÉ WALTER;EEEP PROFESSOR ONELIO PORTO;AVENIDA E, 471 - II ETAPA
SANTANA DO CARIRI;53;68;ARAPORANGA;ANEXO DA ESCOLA PAULO RODRIGUES DUARTE;DISTRITO DE ARAPORANGA, SN
CRATO;27;103;CENTRO;COLÉGIO ÁGAPE ESTUDOS;RUA RATISBONA, 295
JUAZEIRO DO NORTE;119;65;ROMEIRAO;ARENA ROMEIRÃO;AVENIDA CASTELO BRANCO SN
AMONTADA;89;279;GOSTOSA;EEBTI FRANCISCO JOAQUIM DA SILVA;GOSTOSA
FARIAS BRITO;62;230;CARIUTABA;EEF PEDRO FERNANDES DE ALCANTARA;RUA ANTONIA DALICE DE OLIVEIRA, S/N  -  CARIUTABA
FORTALEZA;2;833;JOSÉ DE ALENCAR;COLÉGIO CHRISTUS SUL 3;AV ENGENHEIRO LEAL LIMA VERDE, 2500 - JOSÉ DE ALENCAR
MARACANAÚ;122;48;ALTO DA MANGUEIRA;EEF ALBANIZA ROCHA SARASATE;TRAVESSA ANTONIO JUSTA S/N
MARACANAÚ;122;188;JARI;EMEF JOSÉ ASSIS DE OLIVEIRA(JARY);RUA PAULO AFONSO 4259
JAGUARUANA;75;111;CARDEAIS;E.E.F. TOMAZ BARBOSA DE OLIVEIRA;CARDEAIS
MARACANAÚ;104;438;JEREISSATI II;EMEIEF GENCIANO GUERREIRO DE BRITO;AVENIDA XII, N 3
HORIZONTE;78;157;CENTRO;CEI - MARIA DO CARMO OLIVEIRA;RUA MANOEL LUIZ, 459
CRATO;27;246;SEMINÁRIO;EEEP GOVERNADOR VIRGÍLIO TÁVORA;RUA PERGENTINO SILVA S/N
FORTALEZA;3;598;ALDEOTA;COLÉGIO SANTA CECÍLIA;AV. SENADOR VIRGÍLIO TÁVORA, 2000
AURORA;69;66;INGAZEIRAS-DISTRITO;ESCOLA DE ENSINO FUNDAMENTAL ANTONIO TELES DE PONTES;RUA DO COMERCIO
ITAREMA;98;183;ZONA RURAL;EMEF ALTAIR GIFFONI;CE 434 KM 1- GARGOE
SENADOR POMPEU;12;44;BONFIM;EEIEF ANTONIO BATISTA DE LIMA;RUA DA RÁDIO - KM 20
TIANGUÁ;81;54;CENTRO;E.E.M.T.I. MONSENHOR AGUIAR;RUA TEÓFILO RAMOS, 553
TAUÁ;19;410;BEZERRA E SOUZA;EEF MARIA DO LIVRAMENTO BARRETO DA COSTA LEITAO;RUA PEDRO MATIAS DE VASCONCELOS SN
FORTALEZA;94;764;VILA VELHA;CEI MARISTELA DA FROTA CAVALCANTE;AV. L, N. 1000
FORTALEZA;94;862;VILA VELHA;EM ANTONIO CORREIA LIMA;RUA HERMES PARAYBA, 934
ITAPIPOCA;17;103;ASSUNÇÃO;EEB JOSE SECUNDO DE MARIA;BRAGA
TAMBORIL;61;25;DISTRITO DE HOLANDA;EMTI FRANCISCO DE ASSIS GOMES RUFINO;RUA FRANCISCO DE ASSIS GOMES RUFINO
ITAPIPOCA;17;526;BARRENTO;EEB SEBASTIÃO MALAQUIAS DOS SANTOS;TABOCAL
IGUATU;13;82;FLORES;ESCOLA DE ENS FUND CARLOTA TAVORA;JUVENAL BARRETO 432
CRATEÚS;20;129;CENTRO;ESCOLINHA GENERAL SOUTO MAIOR;RUA CEL LUCIO 109
ITATIRA;33;402;CENTRO;CEI. CHAVE DO SABER;RUA DOM HELIO CAMPOS, S/N
CRATEÚS;20;107;SANTO ANTÔNIO;ESCOLA DE CIDADANIA DE SANTO ANTONIO;SANTO ANTONIO
LAVRAS DA MANGABEIRA;14;70;QUITAIUS - DISTRITO;ESCOLA DE 1 E 2 GRAU JOAQUIM LEITE TEIXEIRA;RUA JOAQUIM LEITE TEIXEIRA 240
BEBERIBE;84;170;ITAPEIM;ESCOLA MUNICIPAL JOAO RODRIGUES DO NASCIMENTO;JATOBA
CAUCAIA;123;330;PARQUE GUADALAJARA (JUREMA);E.E.I.E.F. 7 DE SETEMBRO;AV. DOM ALMEIDA LUSTOSA, 2322
FORTALEZA;115;424;VILA PERI;CENTRO DE EDUCAÇÃO PEDAGÓGICO EÇA DE QUEIROZ;RUA DOM XISTO ALBANO 611
MORRINHOS;44;25;DISTRITO DE SITIO ALEGRE;ESCOLA FRANCISCO DE PAULO MAGALHÃES;SITIO ALEGRE
IGUATU;13;3;CENTRO;ESCOLA DE ENSINO MÉDIO EM TEMPO INTEGRAL DE IGUATU;RUA GUILHERME DE OLIVEIRA, 842
PEDRA BRANCA;59;59;TROIA;ESCOLA DE ENSINO FUNDAMENTAL JUSTINO VIEIRA;FAZENDA CAMAROA
RERIUTABA;79;100;OITIZEIRO;E.E.I.F. MARCELO DA CUNHA ARAÚJO;OITIZEIRO - ZONA RURAL
JUCÁS;43;95;POÇO GRANDE - VILA;ESCOLA DE 1 GRAU CAMILO MANOEL DA SILVA;VILA DO POÇO GRANDE
GRANJEIRO;62;178;SÍTIO PICADAS;EEF ANTONIO CARLOS PINHEIRO;SITIO PICADAS
ITAITINGA;78;229;CENTRO;EEF VALMIQUE SAMPAIO ALBUQUERQUE;RUA JOSMO GURGEL ARAUJO, 1256
PARACURU;109;77;MARCO;CAPELA SÃO FRANCISCO;MARCO, SN
CAMOCIM;32;190;ZONA RURAL;POLO EDUCACIONAL JOSE RODRIGUES ALEXANDRINO - PEDRA BRANCA;LOCALIDADE DE PEDRA BRANCA
FORTALEZA;2;79;GUAJERU;EEEP COMENDADOR MIGUEL GURGEL;RUA JOSE BAIMA, S/N
FORTALEZA;1;399;CAIS DO PORTO;ESCOLA MUNICIPAL SAO VICENTE DE PAULO;AVENIDA ZEZE DIOGO 1247
FORTALEZA;2;809;CAMBEBA;SECRETARIA DA EDUCACAO - CAMBEBA;AVENIDA MINISTRO JOSE AMERICO, SN
ITAPIPOCA;17;91;ASSUNÇÃO;EEM NOSSA SENHORA DA ASSUNCAO;ASSUNCAO
CAMPOS SALES;38;5;B. CENTRO;AGÊNCIA DA PREVIDÊNCIA SOCIAL -  INSS.;AVENIDA FRANCISCO ADEMAR DE ANDRADE, 967
CRATO;27;52;SÃO MIGUEL;EEEP MARIA VIOLETA ARRAES DE ALENCAR GERVAISEAU;AVENIDA TEODORICO TELES, SN
CRATEÚS;20;110;TUCUNS;ESCOLA DE CIDADANIA FRANCISCO FERREIRA BARROS;TUCUNS
JUCÁS;43;49;VILA JOSÉ BENTO - SEDE;CENTRO DE SAUDE DE JUCÁS;VILA JOSE BENTO
ICAPUÍ;8;342;MUTAMBA DE ICAPUI;E.E.F. PROFESSORA RAIMUNDA LACERDA DAMIÃO;AV ESAU LACERDA SN
MOMBAÇA;46;89;CARNAUBA;ESCOLA DE ENSINO FUNDAMENTAL PEDRO AIRES DE CARVALHO;DISTRITO DE CARNAÚBA
SOBRAL;24;549;JAIBARAS;ANEXO JOAO PINTO DE OLIVEIRA (IPUEIRINHA);LOCALIDADE IPUERINHA
MARANGUAPE;4;651;JARDIM - PENEDO;EMEI MARIA COSMO BRAGA;JARDIM PENEDO
SENADOR POMPEU;12;166;ENGENHEIRO JOSE LOPES;EEIEF JOSÉ ANTÔNIO DE SOUSA;ENGENHEIRO JOSE LOPES
SOBRAL;24;635;RAFAEL ARRUDA;ANEXO MIGUEL FERNANDES DE SOUSA (OURO BRANCO);LOCALIDADE OURO BRANCO
IGUATU;13;136;PENHA;ESCOLA DE ENS FUND MARIA SELVITA BEZERRA;VILA PENHA
CHORÓ;6;350;BARBADA;EEF JOSÉ CARNEIRO DE ANDRADE;ASSENTAMENTO LAGOINHA
BREJO SANTO;70;7;CENTRO-SEDE;EEF PADRE PEDRO INACIO RIBEIRO;AV DIONIZIO ROCHA DE LUCENA 46
PACUJÁ;79;247;ZIPU;E.E.F. ACHILLES BARRETO;SÍTIO ZIPÚ
CRATO;27;39;CENTRO;COLÉGIO SANTA TERESA DE JESUS;RUA DOM QUINTINO, 863
CAUCAIA;120;351;CIGANA;E.E.I.E.F DALVA PONTES DA ROCHA;RUA QUINTINO JOSE CORREIA, 465
BELA CRUZ;96;89;BOM FUTURO;EMETI FRANCISCO SALES DE SOUSA;BOM FUTURO
CAMOCIM;32;252;SAO PEDRO;EEF GENERAL ANTONIO DA SILVA CAMPOS - BAIRRO SAO PEDRO;RUA SIQUEIRA CAMPOS S/N
CRATEÚS;20;132;CIDADE NOVA;CENTRO DE ATENCAO INTEGRAL A CRIANCA E AO ADOLESCENTE (CAIC);RUA DO CRUZEIRO, SN
CAUCAIA;123;480;MARECHAL RONDON (JUREMA);CAPEMI - LAR FABIANO DE CRISTO;AV. DOM ALMEIDA LUSTOSA, 4395
CROATÁ;74;139;DISTRITO;ESCOLA MUNICIPAL DE MELANCIAS;SITIO MELANCIAS
TEJUÇUOCA;41;82;RETIRO CAXITORE;ESCOLA DE ENSINO FUNDAMENTAL DE TEMPO INTEGRAL LUIZA DA SILVA MOTA;RETIRO CAXITORE
TEJUÇUOCA;41;64;RIACHO DAS PEDRAS;ESCOLA MUNICIPAL SANT'ANA;RIACHO DAS PEDRAS
NOVA RUSSAS;48;6;UNIVERSIDADE;COLÉGIO MUNICIPAL ONZE DE NOVEMBRO;AV. JOÃO GREGÓRIO TIMBÓ
FORTALEZA;114;347;BARRA DO CEARÁ;EM DOIS DE DEZEMBRO;RUA ARAKEN, 860
FORTALEZA;1;938;VICENTE PINZON;ESCOLA ESTADUAL DEPUTADO MANOEL RODRIGUES;RUA OLIVEIRA FILHO, 1576
NOVA RUSSAS;48;172;SÃO FRANCISCO;E. E. F.  ZILMAR MENDES MARTINS;RUA NAPOLEÃO MOURA, S/N
MARACANAÚ;122;103;MUCUNA;EMEF MARIA MARQUES DO NASCIMENTO;RUA JOSE NOGUEIRA MOTA, 83
CASCAVEL;7;51;CENTRO;ESC.ENS.FUND. BENIGNA PACHECO;RUA PADRE FRANCISCO VALDIVINO NOGUEIRA, 2210
GUARACIABA DO NORTE;74;11;JARDINS;ESCOLA TÉCNICA - E.E.E. PROFISSIONAL DEPUTADO JOSÉ MARIA MELO;AV. TENENTE MATIAS, S/N
FORTALEZA;115;94;SERRINHA;COLEGIO DUQUE DE CAXIAS;RUA  PERU, 1675
AQUIRAZ;66;315;MACHUCA;EMEF GUILHERME JANJA;RODOVIA CE 040 KM 18  S/N
CRATEÚS;20;226;CURRAL VELHO;ASSOCIAÇÃO COMUNITÁRIA RURAL DA REGIÃO DE JATOBÁ DOS UMBELINOS;JATOBA DOS UMBELINOS
IGUATU;13;273;COHABS;ESCOLA DE ENS MEDIO EDSON LUIZ CAVALCANTE DE GOUVEA;AVENIDA JUSCELINO KUBITSCHECK SN
CASCAVEL;7;172;GUANACES;ESC.ENS.FUND. LUIZ BRINDEIRO;BARBALHO
QUIXERÉ;29;206;SEDE;CENTRO EDUC. CENECISTA IMACULADA CONCEIÇÃO;RUA JOAQUIM MOREIRA 260
ALTANEIRA;53;119;SERRA DO VALERIO;POSTO DE SAÚDE DA SERRA DO VALÉRIO;SERRA DO VALERIO, SN
MARACANAÚ;122;191;NOVO ORIENTE;EMEF JOSE DANTAS SOBRINHO;AV. CENTRAL, S/N
ITAREMA;98;117;ZONA RURAL;EMEF FRANCISCO HIGINO FILHO;SITIO URUBU
ITAPIPOCA;17;686;NOVA ALDEOTA;EEB DR PÉRICLES FERNANDES TEIXEIRA;RUA CAIO PRADO, 3069
NOVA RUSSAS;48;9;CENTRO;EEMTI OLEGARIO ABREU MEMORIA;RUA CEL. ANTONIO RODRIGUES VERAS 1018
NOVA RUSSAS;48;58;LAGOA DE SÃO PEDRO;EMEF MANUELA DO NASCIMENTO FREITAS(ANTIGA PEDRO GONÇALVES DE CARVALHO);DISTRITO DE LAGOA DE SÃO PEDRO,
CASCAVEL;7;63;ALTO LUMINOSO;E.E.E.F.M. PADRE ARIMATEIA DINIZ;RUA FOTOGRAFO JOSE HONORATO, 2911
FORTALEZA;115;28;JARDIM CEARENSE;ESCOLA MARISTA SAGRADO CORAÇÃO;RUA VIDAL DE NEGREIROS, 550
AQUIRAZ;66;314;CHACARA DA PRAINHA;RAIMUNDA DE FREITAS FAÇANHA;AV JOSILEUDO LEITE S/N
CAUCAIA;123;288;PARQUE GUADALAJARA (JUREMA);E.E.I.E.F. DANILO DALMO DA ROCHA CORRÊA;RUA ACAPULCO, 1805 - PARQUE POTIRA II
JUAZEIRO DO NORTE;119;210;SAO JOSE;ESCOLA ANTONIO FERREIRA DE MELO;RODOVIA JUAZEIRO/CRATO
JUAZEIRO DO NORTE;119;251;TIRADENTES;ESCOLA CAROLINA SOBREIRA;RUA JOSE SABIA SN
PORANGA;40;154;SEDE;EMEB ITELVINA SILVINA DE PINHO - SEDE;AV. DR. EPITÁCIO PINHO
CAMPOS SALES;38;153;ZONA RURAL;E.E.E.M. FRANCISCO MIGUEL DE ANDRADE - SITIO QUEIMADAS;SÍTIO QUEIMADAS
CARIRÉ;65;21;ZONA RURAL;ESCOLA EIEF FILINTO ELISIO AGUIAR;DISTRITO ARARIUS
CAMPOS SALES;38;164;ZONA RURAL;ASSOCIAÇÃO COMUNITÁRIA DO SÍTIO INHARÉ;SÍTIO INHARÉ
AQUIRAZ;66;91;IGUAPE;CENTRO DE EVANGELIZAÇÃO SÃO JUDAS TADEU;RUA CORONEL OSVALDO STUDART S/N - JACAÚNA
FORTALEZA;113;426;MONTESE;ESCOLA MUNICIPAL VICENTE FIALHO;RUA IRMA BAZET, 193
JARDIM;119;426;CENTRO;ESCOLA SENADOR CARLOS JEREISSATI;AVENIDA WILSON RORIZ
BELA CRUZ;96;14;CAJUEIRINHO-LOCALIDADE;EMETI JOSE BATISTA DA ROCHA;CAJUEIRINHO
ITAPIPOCA;17;493;COQUEIRO;IFCE - CAMPUS ITAPIPOCA;AVENIDA DA UNIVERSIDADE, 102
PACATUBA;57;289;CONJUNTO JEREISSATI II;EEIEF JOAO PAULO SAMPAIO DE MENEZES;RUA 74 SETOR G, 900
FORTALEZA;114;288;BARRA DO CEARÁ;EMTI ALDEMIR MARTINS;AV. FRANCISCO SÁ, 7460
MILAGRES;26;144;FRANCISCA DO SOCORRO;ESCOLA CLICERIO MARTINS PEREIRA;RUA VALADARES
LAVRAS DA MANGABEIRA;14;120;CRUZEIRO;ESCOLA DE 1 GRAU STELA SAMPAIO;BAIRRO DO CRUZEIRO S/N
CEDRO;13;481;VÁRZEA DA CONCEIÇÃO;ANEXO FRANCISCO SILVEIRA DE AGUIAR;RUA JOAO BATISTA MORENO SN
MONSENHOR TABOSA;61;125;BARREIROS;E.M.E.I.F.T.I ANTONIO ELIAS DE SOUSA;BARREIROS
SABOEIRO;43;244;CENTRO;E.E.F. MANOEL GONCALVES DOS SANTOS (MUNICIPAL);RUA PRACA DA BANDEIRA, 109
FORTALEZA;113;430;MONTESE;ESCOLA MUNICIPAL VICENTE FIALHO;RUA IRMA BAZET, 193
PENTECOSTE;50;76;ZONA RURAL;EMTI PREFEITO ANTÔNIO CARNEIRO;PROVIDÊNCIA
SOBRAL;24;646;PEDRA DE FOGO;ANEXO JOSE FRANCISCO DE ALBUQUERQUE (PEDRA DE FOGO);PEDRA DE FOGO (AO LADO DO CLUBE DO AMOR)
ARACOIABA;67;11;CENTRO-SEDE;CENTRO EDUCACIONAL CORONEL PEDRO GUEDES ALCOFORADO - CNEC;RUA MANOEL GUEDES 47
ACOPIARA;60;90;BARRA DO INGA;EEF PE CRISARES SAMPAIO COUTO;SITIO BARRA DO INGA
MARCO;96;196;LOCALIDADE DE SANTA ROSA II;EEEP MONS. WALDIR;ROD. BR 402, KM 03
IBIAPINA;73;6;DISTRITO DE BETÂNIA;ESCOLA MARIA MATIAS;DISTRITO DE BETÂNIA
IGUATU;13;43;ALTO DO JUCÁ;SECRETARIA MUNICIPAL DE AÇÃO SOCIAL;RUA 21 DE ABRIL SN
IGUATU;13;404;COHABS;CRECHE RAFAEL JEAN GONÇALVES DE FREITAS;RUA ANTONIO RODOVALHO DE ALENCAR
CAMPOS SALES;38;116;DIST. DE MONTE CASTELO;E.E.I.F DR. CLOVES LOPES DOS REIS - DIST. DE MONTE CASTELO;RUA BOA VISTA, S/N
FORTALEZA;114;339;BARRA DO CEARÁ;EMTI ALDEMIR MARTINS;AV. FRANCISCO SÁ, 7460
QUIXADÁ;6;73;CEDRO;ESCRITÓRIO DO DNOCS;ESTRADA DO REPARTIDOR, S/N
MARANGUAPE;4;636;CENTRO - MARANGUAPE;CVT MARANGUAPE;RUA WALTER LOPES, 149
MONSENHOR TABOSA;61;149;CENTRO;E.M.E.F.T.I LUIZ LEITAO;AVENIDA PESSOA PIRES  2
MISSÃO VELHA;16;48;ZONA RURAL;EEF MANOEL FAUSTINO DO NASCIMENTO;DISTRITO DE GAMELEIRA DE SAO SEBASTIAO
FORTALEZA;2;486;PAUPINA;CMES ANISIO TEIXEIRA;TRAVESSA DO GUARANI, 355
FORTALEZA;2;761;MESSEJANA;EM PROFª TELINA BARBOSA DA  COSTA;RUA PERGENTINO MAIA, 811
PINDORETAMA;7;209;SEDE;EMEB PROFESSORA VERÔNICA PEREIRA DE ARAÚJO;RODOVIA CE-040, S/N, PINDORETAMA
MOMBAÇA;46;8;CENTRO;EEF PE. PEDRO LEÃO;RUA FRANCISCO DE ASSIS BARROSO FEIJÓ
PEDRA BRANCA;59;162;SANTA TEREZINHA;E.E.I.T.I ARMANDO LINS DE SOUZA;RUA JOAQUIM ALVES TEIXEIRA S/N
SOBRAL;121;288;BONFIM;ESCOLA ELDA CAVALCANTE LIMA - BONFIM (TEMPO INTEGRAL);RODOVIA MOACIR LIMA FEIJAO
SANTANA DO CARIRI;53;69;BREJO GRANDE;EMEIEF OSVALDO DAXO DE ALENCAR;BREJO GRANDE, SN
IPAPORANGA;20;270;CENTRAL;ESCOLA DE EDUCAÇÃO INFANTIL PEQUENO PRÍNCIPE;RUA GABRIELRODRIGUES JÚNIOR, 101
FORTALEZA;3;221;CENTRO;FAC. ESTÁCIO - UNIDADE CENTRO (ANTIGO COLÉGIO CEARENSE);AV. DUQUE DE CAXIAS, 101
FORTALEZA;3;271;CENTRO;FAC. CATÓLICA DE FORTALEZA (SEMINÁRIO DA PRAINHA);RUA TENENTE BENÉVOLO, 201
CAUCAIA;123;450;PARQUE GUADALAJARA (JUREMA);COLÉGIO PLENO DO CEARÁ - CPC;RUA PADRE ALFREDO NESI, 363 (ANTIGA RUA CAMPECHE )
JAGUARIBARA;72;93;PROJETO DE ASSENTAMENTO MANDACARU I;EMEIEF MARIA SOCORRO XAVIER DE ALMEIDA;PROJETO DE ASSENTAMENTO MANDACARU I
MARACANAÚ;104;103;JEREISSATI I;EEMTI PROFESSOR CLODOALDO PINTO;AVENIDA CONTORNO NORTE, 99
FORTALEZA;1;814;PRAIA DO FUTURO II;ESCOLA MUNICIPAL DOM ALOISIO LORSCHEIDER;RUA JULIO SILVA, 450
FARIAS BRITO;62;221;SÍTIO SOUSA;EEF JOAQUIM PEREIRA DE SOUSA;SÍTIO SOUSA
FORTALEZA;2;175;MESSEJANA;EEMTI PROFª FERNANDA MARIA GOMES DE AMORIM;AVENIDA FREI CIRILO 4454
CRATO;27;212;CAMPO ALEGRE;UNIDADE BÁSICA DE SAÚDE MARIA DUARTE;RODOVIA - CE-292, S/N - GUARIBAS
SÃO GONÇALO DO AMARANTE;36;45;CENTRO;ANEXO - ESCOLA DE ENSINO FUNDAMENTAL TASSO JEREISSATI;RUA PROFESSORA EDITE MOTA, 319
CASCAVEL;7;148;JACARECOARA;ESC.ENS.FUND. ROSA RIBEIRO LOPES;RIACHO FUNDO
ITAITINGA;78;256;CARACANGA;EEF MANOEL RODRIGUES DE PAIVA;AV. PAULINO ROCHA, 6120
JUAZEIRO DO NORTE;119;159;TIRADENTES;ESCOLA GOVERNADOR MANOEL DE CASTRO FILHO;RUA IVANIR FEITOSA SN
FORTALEZA;117;203;PARQUE PRESIDENTE VARGAS;COLÉGIO CASTRO ALVES;RUA TULIPA NEGRA, 2319
CRATO;27;116;MURITI;UNIDADE BÁSICA DE SAÚDE FRANCISCO DAS CHAGAS LOBO SOARES (CHAGUINHA);RUA PEDRO ORLANDO BEZERRA DE MENEZES, S/N
MAURITI;76;46;COITE-DISTRITO;EEF EDSON OLEGÁRIO DE SANTANA;RUA CEL. NAZÁRIO, S/N
POTIRETAMA;86;130;CAATINGA GRANDE;EEIEF COSME PAULINHO DE ALMEIDA;SITIO NOVA FLORESTA
IPUEIRAS;40;28;MATRIZ DE SAO GONCALO;EEF FRANCISCO SOARES MOURÃO - MATRIZ DE SÃO GONÇALO;MATRIZ DE SÃO GONÇALO
CAUCAIA;37;159;TABULEIRO GRANDE;ESCOLA DIFERENCIADA CACIQUE ANTONIO FERREIRA DA SILVA(COMUN. INDIGENA);TRAV. EDGAR VIEIRA GUERRA, S/N, REGIÃO GARROTE
MARACANAÚ;122;77;ACARACUZINHO;EEFM JOSE MILTON DE VASCONCELOS DIAS;AV. CENTRAL S/N
JUAZEIRO DO NORTE;119;161;LAGOA SECA;ESCOLA DOUTOR MOZART CARDOSO DE ALENCAR;ARNOBIO BACELAR CANECA
FORTALEZA;117;427;BOM JARDIM;EMEIF PROF. EDILSON BRASIL SOAREZ;RUA LOCAL 11 - CJ. TATUMUNDE
FORTALEZA;117;398;CONJUNTO ESPERANÇA;EEFM PROFESSORA MARIA MARGARIDA DE CASTRO ALMEIDA;AV. CONTORNO SUL, 960
CARIRIAÇU;71;21;VALÊNCIA;EEF MARTINIANO ELIAS DA SILVA;RUA ANTONIO GOMES, S/N
APUIARÉS;50;18;CENTRO;CEI SEBASTIANA PEREIRA MARINHO - MÃE SÉ;AVENIDA GOMES DA SILVA, S/N
MONSENHOR TABOSA;61;164;CENTRO;E.M.E.F.T.I LUIZ LEITAO;AVENIDA PESSOA PIRES  2
MORADA NOVA;47;296;POPULARES;EEB TANCREDO DE ALMEIDA NEVES;RUA FREIRE DE BRITO S/N
VARJOTA;65;208;BALNEARIO;E.E.I. JOSÉ NEVES DAMASCENO - CRECHE BALNEÁRIO;RUA ANTÔNIO DE OLIVEIRA, S/N
IBICUITINGA;47;66;CENTRO;INSTITUTO DE TERAPIA INTEGRADA CULTIVE AFETO;RUA JOÃO PAULO RABELO, N 1808
PEDRA BRANCA;59;84;CENTRO;CENTRO ADMINISTRATIVO CESÁRIO MENDES;RUA FURTUNATO SILVA, 45
PENTECOSTE;50;76;ZONA RURAL;EMTI PREFEITO ANTÔNIO CARNEIRO;PROVIDÊNCIA
ITAPIPOCA;17;493;COQUEIRO;IFCE - CAMPUS ITAPIPOCA;AVENIDA DA UNIVERSIDADE, 102
TAMBORIL;61;31;DISTRITO DE OLIVEIRAS;EMEIF FRANCISCO LUCIO;RUA FRANCISCO LUCIO - VILA OLIVEIRAS
SANTANA DO ACARAÚ;44;32;RETIRO;EEIF PADRE SEVERIANO;RUA DR MANOEL JOAQUIM   S/N
MOMBAÇA;46;162;CENTRO;EEP PLÁCIDO ADERALDO CASTELO;FAZENDA AMONTADA                                          AMONTADA
CRATO;27;143;PONTA DA SERRA;UNIDADE BÁSICA DE SAÚDE JOAQUIM FERREIRA LEITE;RUA INÁCIO FERREIRA LEITE S/N
SABOEIRO;43;244;CENTRO;E.E.F. MANOEL GONCALVES DOS SANTOS (MUNICIPAL);RUA PRACA DA BANDEIRA, 109
CAMPOS SALES;38;119;DIST. DE QUIXARIÚ;E.E.F.T.I - MANOEL BEZERRA FORTALEZA - DIST. DE QUIXARIÚ;RUA LEONARDO DE ANDRADE S/N
TAUÁ;19;65;COLIBRIS/SEDE;CEJA LUZIA ARAÚJO FREITAS;RUA ABIGAIL CIDRAO DE OLIVEIRA 51
ITAPIPOCA;17;503;CENTRO;CENTRO EDUCACIONAL PIO XII;RUA JOAO CORDEIRO 625
UBAJARA;73;95;MONTE CASTELO;ESCOLA WALDEMAR ALCANTARA;RUA RITA BELARMINO PEREIRA, 556
FORTALEZA;3;302;CENTRO;CENTRO DE PASTORAL MARIA, MÃE DA IGREJA;RUA RODRIGUES JÚNIOR, 300
ITAPIPOCA;17;590;BARRENTO;EEB JOAO MESQUITA TEIXEIRA;BARRENTO
GENERAL SAMPAIO;50;28;CONJUNTO SÃO JOSÉ;CRECHE PROINFÂNCIA DIANA DE NAZUR MONTEIRO MARINHO MOREIRA;RUA JOSÉ COSTA NASCIMENTO
TIANGUÁ;81;89;TABAINHA;E.E.I.F. RAIMUNDO LOPES MAGALHÃES;DISTRITO TABAINHA
QUITERIANÓPOLIS;99;129;ZONA RURAL;EEIF DETELVINA ARAÚJO LIMA;DISTRITO BAIXIO
IGUATU;13;53;CENTRO;ESCOLA DE ENSINO MÉDIO EM TEMPO INTEGRAL DE IGUATU;RUA GUILHERME DE OLIVEIRA, 842
MOMBAÇA;46;4;CENTRO;EEF PE. PEDRO LEÃO;RUA FRANCISCO DE ASSIS BARROSO FEIJÓ
CRUZ;30;317;CANEMA;ESCOLA FILOMENA MARTINS DOS SANTOS;CANEMA
ALTO SANTO;86;38;CAROBA;ESCOLA DE 1 GRAU ALEXANDRINO DIOGENES;ASSENTAMENTO CAROBA - BR 116
FORTALEZA;113;175;BENFICA;FEAAC - UFC;AV. DA UNIVERSIDADE, 2431
CAMPOS SALES;38;29;B. CENTRO;E.E.E.M.T.I.- PRESIDENTE MÉDICI - (GRUPÃO);AV. FRANCISCO ADEMAR DE ANDRADE,1210
TEJUÇUOCA;41;187;BOA ACAO;ESCOLA MUNICIPAL MAMEDE BARROSO;BOA ACAO
TURURU;17;660;AGUA PRETA / ZONA RURAL;EMEF MANUEL BERTOLDO DA COSTA;LOCALIDADE AGUA PRETA
FORTALEZA;3;209;CENTRO;EM ALBA FROTA;AV. DOM MANUEL, 914
RERIUTABA;79;102;OITIZEIRO;E.E.I.F. MARCELO DA CUNHA ARAÚJO;OITIZEIRO - ZONA RURAL
MOMBAÇA;46;83;CENTRO;ESCOLA DE ENSINO FUNDAMENTAL CÂNDIDO SIMAO;CANGATI - DISTRITO DE CANGATI
PARAMOTI;111;183;CENTRO;EMEF BELA VISTA;AV JOAQUIM VIEIRA, 22
PACAJUS;49;377;COAÇU;EDUCANDÁRIO RAIMUNDO PAIXÃO;RUA JOÃO AUGUSTO, 516
SOBRAL;121;73;CARACARÁ;ESCOLA ODETE BARROSO;PRACA DA MATRIZ S/N
SABOEIRO;43;250;DISTRITO SÃO JOSÉ;E.E.F. ALDIZIO FERREIRA DOS SANTOS;DISTRITO SAO JOSE
IPUEIRAS;40;149;RIACHO DO SÍTIO;ESCOLA DE PRIMEIRO GRAU MARIA DO CARMO GOMES - OLHO D'ÁGUA SECO;OLHO D'ÁGUA SECO
BELA CRUZ;96;14;CAJUEIRINHO-LOCALIDADE;EMETI JOSE BATISTA DA ROCHA;CAJUEIRINHO
IPAUMIRIM;92;139;CENTRO-SEDE;CENTRO DE EDUCAÇÃO INFANTIL POETA ALBERTO ALEXANDRE VIANA DE MOURA;AVENIDA ARGEMIRO FELIZARDO VIEIRA
TARRAFAS;18;159;CENTRO;POSTO DE SAÚDE DA TIMBAÚBA;SITIO TIMBAUBA     S/N
QUIXERAMOBIM;11;318;CONJUNTO ESPERANCA;ESCOLA DONA MUNDOCA;RUA ANTONIO PEDRO SANTIAGO
MAURITI;76;127;SÃO FÉLIX-DISTRITO;EEF SÃO JOSÉ;DISTRITO DE SÃO FÉLIX - SAÍDA PARA OLHO D'ÁGUA
AMONTADA;89;201;POÇO COMPRIDO;EEB MIRTES CARDOSO DE PAIVA SILVA;CÓRREGO DA AROEIRA
CARIRIAÇU;71;151;JOSÉ AGOSTINHO;EEF MARIA FLOSCOELE MACHADO LACERDA;RUA FRANCISCO BARROS SOBRINHO, 40
CAUCAIA;37;531;TABAPUÁ;E.E.F.M. JOSÉ MARIA PONTES DA ROCHA;RUA 08, S/N - TABAPUÁ
TRAIRI;97;100;BACUMIXA DE BAIXO;EEF JOAO PAULO DE SOUSA;BACUMIXA DE BAIXO
TURURU;17;735;AREA RURAL DE TURURU;CENTRO EDUCACIONAL PATRICIA MOTA DE FREITAS;ASSENTAMENTO NOVO HORIZONTE
CAMOCIM;32;190;ZONA RURAL;POLO EDUCACIONAL JOSE RODRIGUES ALEXANDRINO - PEDRA BRANCA;LOCALIDADE DE PEDRA BRANCA
CEDRO;13;467;CENTRO;COLEGIO ESTADUAL CELSO ARAUJO;RUA ZE PAJE, 241
UBAJARA;73;135;CENTRO;SINDICATO DOS TRABALHADORES RURAIS;AV DOS CONSTITUINTES, 78
RUSSAS;9;315;MALHADINHA;ASSOCIAÇÃO COMUNITÁRIA DE MALHADINHA;SÍTIO MALHADINHA
CAMPOS SALES;38;104;B. CENTRO;INSTITUTO EDUCACIONAL PROFESSORA MARIA DULCE DE ALENCAR - (MDA) - SEDE;RUA JULIO NORÕES, 531
SENADOR POMPEU;12;114;CENTRO;EEF GERALDO GONÇALVES DO NASCIMENTO JUNIOR;RUA PADRE LINO ADERALDO S/N
CRATO;27;347;SEMINÁRIO;EEIEF LICEU DIOCESANO DE ARTES E OFÍCIOS;RUA DUARTE JÚNIOR S/N
IGUATU;13;208;VILA BRASILIA;LICEU DE IGUATU DR JOSE GONDIM;RUA 25 DE MARCO S/N
FORTALEZA;113;255;AMADEU FURTADO;EEF MONSENHOR LINHARES;RUA PROF. LINO ENCARNAÇÃO, 1130
CAUCAIA;37;424;PACHECO;E.E.F. ADRIANO MARTINS;RUA ADRIANO MARTINS, S/N
CAMOCIM;32;201;BOA ESPERANCA;COLEGIO MONSENHOR JOSE AUGUSTO;RUA 3 DE OUTUBRO S/N
IPAPORANGA;20;264;SÍTIO ARARAS;ESCOLA DE ENSINO FUNDAMENTAL JOAQUIM CORREIA DE SOUSA;CANABRAVINHA
FORTALEZA;1;348;MUCURIPE;ESCOLA MUNICIPAL JOSE RAMOS TORRES DE MELO;AVENIDA DA ABOLIÇÃO 3984
EUSÉBIO;88;197;COAÇU;COLÉGIO 7 DE SETEMBRO;RUA DANILO ARRUDA, S/N
FORTALEZA;93;155;PREFEITO JOSÉ WALTER;CUCA JOSÉ WALTER;RUA 69, S/N
FORTALEZA;114;18;BARRA DO CEARÁ;SENAI - CENTRO DE FORMAÇÃO PROFISSIONAL;AVENIDA FRANCISCO SÁ 7221
EUSÉBIO;88;117;TAMATANDUBA;EEF IZIDIO JOSE CAMPINA;RUA IZIDIO CAMPINA, 751 TAMATANDUBA
LAVRAS DA MANGABEIRA;14;53;OURO BRANCO- DISTRITO;GRUPO ESCOLAR ROMANA RICARTE;RUA MIGUEL BISPO 114
MORADA NOVA;47;79;ARUARU;EEB JOSE FRANCISCO SAMPAIO;RUA JOANA MARIA, S/N
FORTALEZA;82;490;SÃO GERARDO;COLÉGIO MASTER - BEZERRA DE MENEZES;AV. BEZERRA DE MENEZES, 1802
FORTALEZA;82;401;CRISTO REDENTOR;EM CRISTO REDENTOR;AV. PASTEUR, 372
BARBALHA;31;131;MATA DOS DUDAS;EMEIF NAZINHA GARCIA SAMPAIO (SÍTIO MATA DOS DUDAS);RUA GEANE NÓBREGA DE ARAÚJO SARAIVA, S/N  (7.27423 S, 39.31956 W)
FORTALEZA;117;202;PARQUE PRESIDENTE VARGAS;COLÉGIO CASTRO ALVES;RUA TULIPA NEGRA, 2319
SENADOR POMPEU;12;116;ENGENHEIRO JOSE LOPES;EEIEF ABIGAIL ELIRA DE ARAÚJO;SITIO AÇUDINHO
ERERÉ;10;106;ZONA RURAL;E.E.F. SEBASTIAO PESSOA DE QUEIROZ;SITIO MILAGRES
REDENÇÃO;52;76;DISTRITO DE ANTÔNIO DIOGO;ESCOLA ANTÔNIO BARBOSA;SÍTIO SUSTO
FORTALEZA;94;429;QUINTINO CUNHA;EEMTI MARIA JOSÉ SANTOS FERREIRA GOMES (CERE);RUA DONA LUCIA PINHEIRO, 93
ITAIÇABA;75;4;CENTRO;E.E.F.T.I. PADRE ABILIO MONTEIRO NETO;RUA JOAO BARBOSA LIMA 1074
ANTONINA DO NORTE;18;7;CASTELO BRANCO;ESCOLA MUNICIPAL FRANCISCO MENDES E SILVA;AV CENTRAL SN
FORTALEZA;113;374;MONTESE;CENTRO DE ENSINO GRAU TÉCNICO;RUA BARÃO DE SOBRAL, N.712
PACOTI;5;189;CENTRO-SEDE;EEFM ESCOLA MENEZES PIMENTEL;RUA DUARTE HOLANDA 573
FORTALEZA;112;514;PARQUE MANIBURA;COLÉGIO ÁGAPE;AV HERMINIO DE CASTRO, 140
ITAPAJÉ;41;48;ESMERINO GOMES;EEEP ADRIANO NOBRE;RUA ODILON FERREIRA GOMES, 475.
RERIUTABA;79;113;MUFUMBAL;E.E.I.F. ZACARIAS CORDEIRO DE PAULO;MUFUMBAL - ZONA RURAL
MARANGUAPE;4;36;CENTRO - MARANGUAPE;COLÉGIO SEBASTIÃO DE ABREU;RUA ROBERTO BRAQUEHAIS, 656
FORTALEZA;1;819;CIDADE 2000;ESCOLA MUNICIPAL ODNILRA CRUZ MOREIRA;AVENIDA DAS ADENANTERAS 800
ITAPIPOCA;17;491;MARANHÃO;EEB JOÃO IDÁLIO TEIXEIRA;RUA DR BEZERRA DE MENEZES, SN
FORTALEZA;93;272;PLANALTO AYRTON SENNA;LICEU ESTADUAL DOMINGOS BRASILEIRO;RUA PLANALTINA, S/N
FORTALEZA;93;108;MONDUBIM;EM OSMIRIO DE OLIVEIRA BARRETO;RUA 10, S/N (CJ SITIO DO CÓRREGO)
PEDRA BRANCA;59;21;CENTRO;CENTRO ADMINISTRATIVO CESÁRIO MENDES;RUA FURTUNATO SILVA, 45
ITAREMA;98;113;CENTRO;EMEF MARIETA RIOS;RUA JOAO BATISTA RIOS S/N
FORTALEZA;2;716;COAÇU;EEFM GOV LUIZ DE GONZAGA FONSECA MOTA;RUA SANTA ROSA, 407
MARACANAÚ;122;77;ACARACUZINHO;EEFM JOSE MILTON DE VASCONCELOS DIAS;AV. CENTRAL S/N
PEDRA BRANCA;59;136;SANTA CRUZ DO BANABUIU;E.E.F.SANTA EDWIRGES;SÍTIO INGÁ
CROATÁ;74;45;SEDE;ESCOLA DE ENSINO MEDIO FLAVIO RODRIGUES;CENTRO
PACATUBA;57;240;PAVUNA;ESCOLA DE 1 GRAU MARIA GUIOMAR BASTOS CAVALCANTE;RUA TOPAZIO, 331, VELHO TIMBO
FORTALEZA;2;166;MESSEJANA;PATRONATO PADRE LUIZ BARBOSA MOREIRA;RUA CEL GUILHERME ALENCAR, 121
MISSÃO VELHA;16;67;ARRAIAL DE CIMA;APOIO PSF V HENRIQUE INACIO BEZERRA;SITIO VELAME ACIMA DA ESCOLA JUSTINO FERREIRA NEVES
SÃO GONÇALO DO AMARANTE;36;68;SIUPE-DISTRITO;ESCOLA DE ENSINO FUNDAMENTAL DONA FILOMENA MARTINS;SIUPE
SANTANA DO CARIRI;53;46;CENTRO;CREI MARIA LUIZA DE SOUSA;RUA DR. JOSE AUGUSTO, 508
MILAGRES;26;69;MISSIONÁRIAS;PATRONATO E ESCOLA NORMAL D. ZEFINHA GOMES;AV SANTANA 270
SANTANA DO CARIRI;53;58;DISTRITO DE INHUMAS;CRECHE MARIA ALAÍDE DE SOUSA;DISTRITO DE INHUMAS, SN
FORTALEZA;80;262;TAUAPE;EMEIF ALMERINDA DE ALBUQUERQUE;RUA ANA GONCALVES 1105
BOA VIAGEM;63;61;IBUACU;EEF JOAQUIM SOARES DE FREITAS;BARREIRA BRANCA
GUARACIABA DO NORTE;74;94;SEDE;E.E.I.F. JOÃO BARRETO DOS SANTOS;RUA 12 DE MAIO - CENTRO
CAUCAIA;120;148;CARAUCANGA;E.E.I.E.F. FRANCISCO NOGUEIRA DA MOTA;CARAUCANGA - BR 020
ITAREMA;98;207;ZONA RURAL;ESCOLA DIFERENCIADA DE TAPERA (COMUNIDADE INDIGENA);TAPERA
ORÓS;15;242;SAO JOSE - SEDE;E.E.F. ROBERTO ROLIM;TRAVESSA MARIA PINHEIRO DA COSTA S/N
FARIAS BRITO;62;227;CARÁS;EEF ISAAC DE ALCANTARA COSTA;SÍTIO CARÁS
BOA VIAGEM;63;18;CENTRO-SEDE;EEF PE ANTONIO CORREIA DE SA;RUA JOSE RANGEL DE ARAUJO 22
AQUIRAZ;66;289;ZONA RURAL;UNIDADE PENAL FEMININO DESA. AURI MOURA COSTA - UPF;BR 116, KM 27
FORTALEZA;3;573;ALDEOTA;INSTITUTO CEARENSE DE EDUCAÇÃO DE SURDOS - ICES;AV. RUI BARBOSA, 1970
PIQUET CARNEIRO;12;9;CENTRO;EEMTI MARECHAL HUMBERTO DE ALENCAR CASTELO BRANCO;RUA PEDRO AMÉRICO ALVES, S/N
MARCO;96;134;CENTRO-SEDE;CES COLÉGIO EDVANDO SOUZA;RUA JOSÉ MARIA FARIAS, 572
PEDRA BRANCA;59;44;MINEIROLANDIA;ESCOLA DE ENSINO FUNDAMENTAL E MEDIO DE MINEIROLANDIA;AV OLAVO BILAC SN
MUCAMBO;79;240;CENTRO;ESCOLA ELZE MENDES DE AGUIAR;AV AGRONOMO JOSE ALVES, S/N - SEDE
FORTALEZA;2;683;PAUPINA;EMEIF GUIOMAR DA SILVA ALMEIDA;RUA PEROLINA DE MORAIS, 449
JUAZEIRO DO NORTE;119;447;ROMEIRAO;ARENA ROMEIRÃO;AVENIDA CASTELO BRANCO SN
GENERAL SAMPAIO;50;232;ZONA RURAL;EEMF RAIMUNDO LESSA;GUERRA
ALTO SANTO;86;31;CENTRO;ESCOLA DE 1 E 2 GRAUS FRANCISCO NONATO FREIRE;AV EDSON GUERRA 667
AQUIRAZ;66;49;CAJUEIRO DO MINISTRO;EMEF MINISTRO JARBAS PASSARINHO;RODOVIA CE 040 - CAJUEIRO DO MINISTRO
MORAÚJO;64;110;NOVO HORIZONTE;NOVO HORIZONTE - ESCOLA MUN. APRÍGIO RODRIGUES MOREIRA;LOCALIDADE DE NOVO HORIZONTE
ICÓ;15;80;SANTA CRUZ DA SERRA - DISTRITO;ESCOLA MUNICIPAL  WALFRIDO MONTEIRO SOBRINHO;RUA EVILASIO BARBOSA S/N
SOBRAL;121;296;SALGADO DOS MACHADOS;ESCOLA RAIMUNDO NONATO DE SALES;RUA INÁCIO MACHADO DA PONTE
MOMBAÇA;46;33;CATOLE;ESCOLA DE ENSINO FUNDAMENTAL JOSÉ LIBERATO DE PÁDUA;CATOLE
GENERAL SAMPAIO;50;31;CONJUNTO SÃO JOSÉ;CRECHE PROINFÂNCIA DIANA DE NAZUR MONTEIRO MARINHO MOREIRA;RUA JOSÉ COSTA NASCIMENTO
ARACATI;8;124;TANQUE DO LIMA;SALAO PAROQUIAL DO TANQUE DO LIMA;TANQUE DO LIMA
PACATUBA;57;199;CONJUNTO JEREISSATI II;EEIEF ANA ALBUQUERQUE;AVENIDA XVIII SETOR F S/N
FORTALEZA;80;172;TAUAPE;COLÉGIO MONSENHOR JOVINIANO BARRETO - INFANTIL;RUA FREI VIDAL, 1680
FORTALEZA;118;493;PARQUE DOIS IRMÃOS;COLEGIO MARIA ESTER II;RUA F (CONJUNTO MIRASSOL), 158
JUAZEIRO DO NORTE;28;464;SANTO ANTONIO;EEF IRMA IVA;CARUARU S/N
CRATEÚS;20;105;MONTENEBO;ESCOLA DE CIDADANIA CORAÇÃO DE JESUS;SANTO ANDRE
MAURITI;76;157;BELA VISTA;E.E. PROFISSIONALIZANTE PE. JOÃO BOSCO DE LIMA;RUA 03, S/N
FORTALEZA;113;368;MONTESE;COLÉGIO ESTADUAL PRESIDENTE HUMBERTO CASTELO BRANCO;RUA IRMA BAZET, 210
FORTALEZA;83;60;BELA VISTA;EEMTI SENADOR FERNANDES TÁVORA;RUA GOIÁS 141
PACATUBA;57;332;SAO BENTO;ESCOLA DE 1 GRAU MANOEL PONTES DE MEDEIROS;RUA JOSE SOARES DE ALBUQUERQUE, 246
FORTALEZA;3;548;MEIRELES;EEFM PARÓQUIA DA PAZ;RUA VISCONDE DE MAUÁ, 905/A
FORTALEZA;3;458;ALDEOTA;COLÉGIO DARWIN;RUA ILDEFONSO ALBANO, 1030
SENADOR SÁ;45;74;ZONA RURAL;EEF ZILDA OLIVEIRA AGUIAR;DISTRITO DE SERROTA
FORTALEZA;95;202;PEDRAS;EM TRISTÃO DE ALENCAR;RUA JOSE NOGUEIRA, 69
GRAÇA;79;161;SITIO JABURU;EEF JOAO SALMITO DE ALMEIDA;SITIO JABURU
JUAZEIRO DO NORTE;28;231;SAO MIGUEL;EEM JOSE BEZERRA;SAO JORGE 440
GRANJA;25;207;ZONA RURAL (SEDE RURAL);E.E.F. OCELO DOMINGOS DE MORAES;PEDRA PRETA (ESTRADA DO PARAZINHO)
GUAIÚBA;57;45;PINHEIRO;CEARC - CENTRO EDUCACIONAL DE ARTE E CULTURA;RUA RAIMUNDO BANDEIRA SN 
GUAIÚBA;57;336;SANTO ANTONIO;CRAS JOSE FERREIRA DA FROTA;RUA SAO CRISTOVAO, S/N
ITAREMA;98;176;ZONA RURAL;CEI GERALDO MARQUES DE OLIVEIRA;CARAÚBAS
FORTALEZA;2;129;MESSEJANA;EEM DEPUTADO PAULO BENEVIDES;RUA ANGELICA GURGEL, 186
FORTALEZA;1;743;VICENTE PINZON;ESCOLA PROFISSIONAL MARIA ANGELA DA SILVEIRA BORGES;RUA PINTOR ANTONIO BANDEIRA, S/N
ITAPIPOCA;17;602;VIOLETE;EEB JOSE LINS DE ALBUQUERQUE;RUA CRISTO REDENTOR
JARDIM;119;315;SITIO CAMPO GRANDE DO CORRENTE;CAPELA SÃO FRANCISCO;SITIO CAMPO GRANDE SN
VIÇOSA DO CEARÁ;35;95;ZONA RURAL;ESCOLA DE ENSINO FUNDAMENTAL DE UBARI;SITIO UBARI
VIÇOSA DO CEARÁ;35;38;PADRE VIEIRA;E.E.F MANOEL JOSÉ DA SILVA;VILA PADRE VIEIRA
ALTANEIRA;53;7;CENTRO;EEMTI SANTA TEREZA;RUA JOAQUIM ALVES BITU, SN
PEDRA BRANCA;59;65;SEDE;EEIF LOURENÇO MARQUES DE MESQUITA;SITIO NOVO
FORTALEZA;2;454;MESSEJANA;EEMTI PROFª FERNANDA MARIA GOMES DE AMORIM;AVENIDA FREI CIRILO 4454
ACOPIARA;60;84;TRUSSU;EEF RICARDO PEREIRA CAVALCANTE;TRUSSU
ITAPIPOCA;17;599;BALEIA;EEB JOSÉ MARIA DA SILVEIRA;PRAIA DA BALEIA
ACOPIARA;60;80;SEDE;EEF JOSE MATIAS FILHO;SITIO PITOMBEIRA
COREAÚ;64;122;COHAB;COREAÚ - ESCOLA MUN. PROFª IZAURA MA. DA SILVA;RUA TANCREDO NEVES, S/N - COHAB
FORTALEZA;3;636;MEIRELES;NÁUTICO ATLÉTICO CEARENSE;AV. DA ABOLIÇÃO, 2727
FORTALEZA;3;407;ALDEOTA;EEMTI RENATO BRAGA;AV. RUI BARBOSA, 2000
EUSÉBIO;88;192;CENTRO;EEM ANA BEZERRA DE SA;AV AIRTON SENA, 130 - CENTRO
PACATUBA;57;73;PAVUNA;EEIEF GELIA DA SILVA CORREIA;AV. JOSE GUILHERME 1055
FARIAS BRITO;62;205;LAMAJU;EEI RAIMUNDA DE SOUSA LACERDA;VILA LAMAJU
CROATÁ;74;54;DISTRITO;ESCOLA MUNICIPAL DE SAO ROQUE;SAO ROQUE
CAUCAIA;120;377;PADRE JULIO MARIA;EEIEF JOSE OLAVO MOREIRA;RUA SÃO PAULO, S/N
FORTALEZA;3;297;CENTRO;ACADEMIA DO PROFESSOR DARCY RIBEIRO;RUA DONA LEOPOLDINA, 907
LIMOEIRO DO NORTE;29;110;ÁREA RURAL;ESCOLA DE 1 GRAU MONSENHOR OLIVEIRA;SITIO TABULEIRO ALTO
VIÇOSA DO CEARÁ;35;8;CENTRO;COLÉGIO TENENTE ANGELO DE SIQUEIRA PASSOS;RUA FRANCISCO CALDAS DA SILVEIRA 180
JUAZEIRO DO NORTE;28;59;CENTRO;EEEP PROFESSOR MOREIRA DE SOUSA;DO CRUZEIRO 497
IPUEIRAS;40;211;VILA NOVA;EEF ESTEVAM RODRIGUES MOREIRA - VILA NOVA;ESTEVAM RODRIGUES MOREIRA, 604
BOA VIAGEM;63;112;FLORESTA;EEF JOSE ADAUTO SALES;ROD. PRES. JUSCELINO KUBITSCHEK, S/N
MONSENHOR TABOSA;61;178;JUCÁS;CENTRO CULTURAL INDÍGENA;RUA ARTEMÍSIO GOMES S/N
FORTALEZA;116;418;BONSUCESSO;EM MARIA DO SOCORRO ALVES CARNEIRO;RUA LUIS VIEIRA 1020
MIRAÍMA;89;228;ÁREA RURAL DE MIRAÍMA;ASSEMBLÉIA DE DEUS BELA VISTA;CACIMBAS
MOMBAÇA;46;132;CENTRO;ESCOLA DE ENSINO FUNDAMENTAL ANTONIO FERREIRA LOPES;SITIO MIGUEL RODRIGUES
FORTALEZA;2;719;MESSEJANA;ETI MARIA ODETE DA SILVA COLARES;RUA CEL JOÃO DE OLIVEIRA, 687
TIANGUÁ;81;293;ÁREA RURAL DE TIANGUÁ;CENTRO COMUNITÁRIO ASSENTAMENTO NOVA ESPERANÇA;ASSENTAMENTO NOVA ESPERANÇA
REDENÇÃO;52;165;CENTRO (SEDE);ESCOLA PE. SARAIVA LEÃO (ANTIGA ESCOLA ADOLFO FERREIRA DE SOUSA);RUA SANTA RITA, N. 263
FORTALEZA;116;202;GRANJA LISBOA;EM PROF LIREDA FACO;RUA TRES CORACOES 735
CRATO;27;378;SANTA FÉ;EEIEF JOSEFA SALVIANO DE ALMEIDA;SÍTIO CRUZEIRO
CARIDADE;111;105;ZONA RURAL;EEIF JOSE TEIXEIRA DOS SANTOS;LOCALIDADE DE NAMBI
JAGUARIBE;10;13;CENTRO;COLEGIO CARMELA DUTRA;AV OITO DE NOVEMBRO 1087
ARACOIABA;67;155;IDEAL-DISTRITO;ESCOLA MUNICIPAL PEDRO MENDES DA SILVA;TIGIPIO
SALITRE;38;128;CENTRO;E.E.E.M.T.I. - VALDEMAR DE ALCÂNTARA E SILVA - SEDE;AVENIDA DO ESTADO, S/N
CHORÓ;6;208;SANTA RITA;EEF SANTA RITA;SANTA RITA
FORTALEZA;113;309;BOM FUTURO;ESC. PROFISSIONAL PE. JOÃO PIAMARTA;RUA PADRE JOÃO PIAMARTA, 161
JUAZEIRO DO NORTE;119;70;JOAO CABRAL;ESCOLA LILI NERY;RUA PADRE ALCANTARA, 1000
JAGUARUANA;75;62;SAO JOSE;E.E.F. JOAO RODRIGUES MAIA;SÃO JOSÉ
SANTA QUITÉRIA;54;193;POVOADO POÇO COMPRIDO;ESCOLA MUNICIPAL JOSÉ INÁCIO DE MESQUITA;POVOADO POÇO COMPRIDO
FORTALEZA;118;671;MONDUBIM;COLÉGIO MAJESTIC;RUA CASTRO MEIRELES, 325
MONSENHOR TABOSA;61;160;SANTANA;ESCOLA DE ENSINO MÉDIO PROFISSIONAL DO CAMPO FLORESTAN FERNANDES;POVOADO DE SANTANA
FORTALEZA;1;763;VICENTE PINZON;ESCOLA MUNICIPAL FREI TITO DE ALENCAR LIMA;AVENIDA DIOGUINHO 5927
CRATO;27;267;OSSIAN ARARIPE;CRECHE AILZA GONÇALVES FELÍCIO;RUA JOSÉ HONOR DE BRITO, SN, PANTANAL
FORTALEZA;94;217;QUINTINO CUNHA;IGREJA DE SÃO JOSÉ;R. GEN. ALÍPIO DOS SANTOS, 375
CAUCAIA;120;411;MIRAMBE;E.E.I.E.F. MARIA DE LOURDES ROCHA;RUA DA IGREJA, 614 - TAQUARA/MIRAMBÉ
FORTALEZA;3;588;ALDEOTA;COLÉGIO ANTARES (RUA BARBOSA DE FREITAS);RUA BARBOSA DE FREITAS, 2058
ASSARÉ;18;25;CENTRO;EMATERCE;RUA MARECHAL AMARANTE SN                          ASSARE
MARACANAÚ;122;164;NOVO MARACANAU;EMEF PRESIDENTE TANCREDO NEVES;RUA 06 COM RUA 02 S/N
MARACANAÚ;122;225;LUZARDO VIANA;E.M.E.I.E.F. MANOEL MOREIRA LIMA;ESTRADA DO PAU SERRADO, S/N
CEDRO;13;448;DIVISÃO;ESCOLA DE ENS FUND ANTONIETA JUCA MARQUES;RUA 7 DE SETEMBRO S/N
CAUCAIA;120;317;SITIOS NOVOS;E.E.F. ALICE MOREIRA DE OLIVEIRA;RUA HENRIQUE MARTINS, S/N
ITAREMA;98;125;ZONA RURAL;EMEF FRANCISCO ANTERO DE SANTANA;CE 434 KM 16 - CORREGO DA VOLTA
FORTALEZA;113;361;MONTESE;COLÉGIO ESTADUAL PRESIDENTE HUMBERTO CASTELO BRANCO;RUA IRMA BAZET, 210
FORTALEZA;113;76;CENTRO;COLÉGIO LOURENÇO FILHO;RUA BARÃO DO RIO BRANCO, 2101
FORTALEZA;83;247;PANAMERICANO;EEFM ANISIO TEIXEIRA;RUA RIO GRANDE DO SUL 680
MARACANAÚ;104;36;PAJUÇARA;EMEF RODOLFO TEÓFILO;RUA OTÁVIO ALVES, 1120
LAVRAS DA MANGABEIRA;14;14;CRUZEIRO;CENTRO DE EDUCAÇÃO INFANTIL MUNDO MÁGICO - CRECHE;RUA PETRONÍLIA DOS SANTOS, S/N - SEDE, CRUZEIRO
SÃO GONÇALO DO AMARANTE;36;95;PECEM-DISTRITO;ESCOLA DE ENSINO FUNDAMENTAL E MEDIO EDITE ALCANTARA MOTA;PECEM
CAUCAIA;123;305;PARQUE POTIRA (JUREMA);E.E.I.E.F. ANTÔNIO ALBUQUERQUE SOUSA FILHO;RUA HERIBALDO RODRIGUES (ANTIGA RUA POTIGUARA), 488
FORTALEZA;83;747;BELA VISTA;ESCOLA MUNICIPAL JOSÉ NAURI BRAGA;RUA PROFESSORA LILIA ABREU, 231
FARIAS BRITO;62;240;NOVA BETANIA;EEF FRANCISCO CASTELO DE CASTRO;AVENIDA MANOEL NERES DE OLIVEIRA, S/N
RUSSAS;9;301;CENTRO;ESCOLA MUNICIPAL RAIMUNDO PELOPIDAS DE ARAUJO;TRAVESSA MATOSO S/N
HORIZONTE;78;219;QUEIMADAS;EMEF QUILOMBOLA OLIMPIO NOGUEIRA LOPES;RUA RAIMUNDO LOPES, 1083
ITAPIPOCA;17;548;BALEIA;EEB VERA LÚCIA TEIXEIRA;APIQUES
SOBRAL;24;617;JAIBARAS;EEFI LUIS ALARICO PARENTE (TRAPIÁ - JAIBARAS);POVOADO TRAPIÁ
CRATO;27;277;PARQUE RECREIO;EEF ALDEGUNDES GOMES DE MATTOS;RUA JOÃO PEREIRA LUNA, 803
TRAIRI;97;42;GUAJIRU;EEF MANOEL DIAS FILHO;GUAJIRU
ITAPIPOCA;17;15;CENTRO;EEM JOAQUIM MAGALHÃES;RUA PERGENTINA ARAUJO S/N
CAMPOS SALES;38;146;ZONA RURAL;ASSOCIAÇÃO DOS TRABALHADORES RURAIS N.S. APARECIDA - DIST. DE QUIXARIÚ;SÍTIO ÁGUAS BELAS
CRATO;27;269;PONTA DA SERRA;EEIEF JOÃO PAULO II;VILA GUILHERME S/N
UMIRIM;23;254;CAXITORE-DISTRITO;E.E.F. ALFREDO FERREIRA DA CUNHA;LOCALIDADE DE OITICICA
PACATUBA;57;176;CONJUNTO JEREISSATI II;EEIEF JOSE BATISTA DE OLIVEIRA;AV XXIII, S/N
CAUCAIA;120;265;MINGUAU;E.E.I.E.F. ERNESTINA NUNES DE MIRANDA;BR 020 KM 396, S/N - MINGUAÚ I
FORTALEZA;1;873;VICENTE PINZON;ESCOLA MUNICIPAL FREI TITO DE ALENCAR LIMA;AVENIDA DIOGUINHO 5927
TRAIRI;97;38;BATALHA;GRUPO ESCOLAR ANTONIO FRANCISCO BRAGA;BATALHA
QUIXADÁ;6;93;PLANALTO RENASCER;EEFM RAIMUNDO MARQUES DE ALMEIDA (ESCOLA MODELO);RUA PARAGUAI, 2055
QUITERIANÓPOLIS;99;127;ZONA RURAL;EEIF FRANCISCO DE ASSIS FERREIRA;SANTA RITA
FORTALEZA;2;174;MESSEJANA;PAROQUIA NOSSA SENHORA DA CONCEICAO;RUA JOAQUIM BEZERRA 255
HORIZONTE;78;107;DOURADO;EMEF MARINA FERREIRA DE ALMEIDA;RUA DONA SINHÁ, 159
BATURITÉ;5;10;CENTRO-SEDE;EMEF DOMINGOS SAVIO;AV DOM BOSCO, 393
FORTALEZA;114;292;BARRA DO CEARÁ;EEFM ESTADO DE ALAGOAS;AVENIDA PRESIDENTE CASTELO BRANCO, 5244
FORTALEZA;113;424;MONTESE;EEFM MARECHAL HUMBERTO DE ALENCAR C. BRANCO;RUA ALVARO FERNANDES, 913
IPU;21;99;DISTRITO;E.M.E.F. VENCESLAU FERREIRA CHAVES;BAIXA LARGA
CAUCAIA;37;60;PARQUE SOLEDADE;COLEGIO JANUSA CORREA;RUA NOSSA SENHORA DOS PRAZERES, 238
JAGUARETAMA;72;25;CENTRO;SECRETARIA MUNICIPAL DE INFRAESTRUTURA (ANTIGA SEC AGRICULTURA);RUA DOM LUIZ, 1305
HIDROLÂNDIA;54;2;CENTRO;E. M. E. F. ADAIL FREITAS MARINHO;RUA VEREADOR EXPEDITO PEREIRA DE SOUSA, 199
JAGUARIBARA;72;82;CENTRO;EMEF PROFESSORA JOSIRENE PEREIRA;RUA JOSE MARIA GONÇALVES, 210
FORTALEZA;2;94;MESSEJANA;CLUBE DA CAIXA;AVENIDA FREI CIRILO 4700
CRATO;27;288;VILA ALTA;APAE - INSTITUTO DE REEDUCAÇÃO EVILENE ROLIM LOUCETTI;TRAVESSA MILAGRES S/N
IGUATU;13;93;GADELHA;ESCOLA DE ENS FUND JOÃO ROCHA FIALHO;VILA GADELHA
MARACANAÚ;104;12;PAJUÇARA;EMEIEF ANTÔNIO DE ALBUQUERQUE SOUSA FILHO;RUA SENADOR PETRÔNIO PORTELA, 145
EUSÉBIO;88;132;CARARU;EEF RAIMUNDO NONATO DA SILVA - CARARU;RUA FRANCISCO DOMINGOS, S/N - CARARU
SANTANA DO CARIRI;53;74;DOM LEME;EMEIEF JOSÉ JUCÁ DE SOUSA CASTRO;DISTRITO DE DOM LEME, SN
CEDRO;13;557;JARDIM AFONSO CELSO;ESCOLA DE ENS FUND E MEDIO ESTEFANIA DA SILVA;R JOAQUIM MARQUES SN
RUSSAS;9;85;FLORES;ESCOLA MUNICIPAL INÁCIO DE BARROS NETO;RUA JOÃO ANTÔNIO 2383
RUSSAS;9;131;PASSAGEM DE RUSSAS;ASSOCIAÇÃO COMUNITÁRIA VITAL DE LIMA;PASSAGEM DE RUSSAS
MARACANAÚ;122;216;ALTO ALEGRE I;EMEIEF CESAR CALS DE OLIVEIRA FILHO;RUA LITUANIA S/N
FORTALEZA;2;483;MESSEJANA;EMEIF ANGELICA GURGEL;RUA DOUTOR PERGENTINO MAIA, 375
CROATÁ;74;53;DISTRITO;ESCOLA MUNICIPAL DE SAO ROQUE;SAO ROQUE
FORTALEZA;80;247;TAUAPE;EMEIF PROFª ANTONIETA CALS;RUA MONSENHOR SALAZAR 1480
FORTALEZA;116;399;BONSUCESSO;EM XV DE OUTUBRO;RUA GUARANI, 2030
BOA VIAGEM;63;154;RECREIO;EEF PATRICIA FACUNDO CAMPOS;RUA JOSE VIEIRA COSTA,481-ALTO DO RECREIO
BARROQUINHA;108;50;CENTRO;EEF CARMELITA VERAS DE PAULA;RUA AMBROZINA FÉLIX, 443
QUIXELÔ;13;164;ÁREA RURAL DE QUIXELÔ;ESCOLA DE ENS FUND RITA BARBOSA MARQUES;MATA PASTO-SITIO
CAUCAIA;123;298;PARQUE GUADALAJARA (JUREMA);E.E.I.E.F. DANILO DALMO DA ROCHA CORRÊA;RUA ACAPULCO, 1805 - PARQUE POTIRA II
CAUCAIA;123;472;SÃO MIGUEL (JUREMA);E.E.I.E.F. LUIZA MORAES CORREIA TAVORA;RUA SÃO MATEUS, 245 - CONJUNTO SÃO MIGUEL I
MARACANAÚ;104;1;BOA VISTA;EMEIEF COMISSÁRIO FRANCISCO BARBOSA;RUA 11, 116
LIMOEIRO DO NORTE;29;183;SANTA LUZIA;ESCOLA EVOLUÇÃO;RUA MANFREDO DE OLIVEIRA, 935
PACOTI;5;171;CENTRO-SEDE;EMTI SAO LUIS;RUA PADRE QUILIANO 72
PACATUBA;57;250;CONJUNTO JEREISSATI II;EEIEF JOAO PAULO SAMPAIO DE MENEZES;RUA 74 SETOR G, 900
QUIXERAMOBIM;11;208;CENTRO;ESCOLA ASSIS BEZERRA;RUA FRANCISCO IVO 60
ITATIRA;33;144;DISTRITO DE LAGOA DO MATO;ANEXO - JOSÉ PAULO DE SOUSA;AV.NOSSA SENHORA DO CARMO S/N
CANINDÉ;33;44;CENTRO;CEJA - CENTRO DE EDUCAÇÃO DE JOVENS E ADULTOS;RUA SITÔNIO MONTEIRO, 242
SANTANA DO CARIRI;53;56;DOM LEME;EMEIEF JOSÉ JUCÁ DE SOUSA CASTRO;DISTRITO DE DOM LEME, SN
MISSÃO VELHA;16;58;SEDE;EEF JUVENAL RODRIGUES BRANDAO;AVENIDA JOSE SOBREIRA DA CRUZ S/N, MATERNIDADE
FARIAS BRITO;62;214;LAGOA SECA;EEF DUQUE DE CAXIAS;POVOADO LAGOA SECA - DISTRITO DE QUINCUNCÁ
MARANGUAPE;4;515;PARQUE IRACEMA - MARANGUAPE;EMEF CLÓVIS MONTEIRO;RUA IRMÃ CANDIDA MARIA, 216
QUIXELÔ;13;163;ÁREA RURAL DE QUIXELÔ;ESCOLA DE ENS. FUND. JOSÉ GOMES DA SILVA;SÍTIO LAGOA REDONDA II
PARAMBU;19;306;CENTRO;ESCOLA FRANCISCO ALVES TEIXEIRA;RUA PEDRO ALVES DA COSTA, 38 - CENTRO
FORTALEZA;94;931;QUINTINO CUNHA;EMEIEF PROF DENIZARD MACEDO DE ALCÂNTARA;RUA MATOSO FILHO 450
JUAZEIRO DO NORTE;28;403;AREA RURAL DE JUAZEIRO DO NORTE;EMEIF RAIMUNDO DOMINGOS;SITIO TAQUARI
FORTALEZA;1;877;CIDADE 2000;ESCOLA MUNICIPAL ODNILRA CRUZ MOREIRA;AVENIDA DAS ADENANTERAS 800
FORTALEZA;115;23;MARAPONGA;EEM  PROFESSORA DIVA CABRAL;RUA HOLANDA, 701
JARDIM;119;326;JARDIM MIRIM;ESCOLA MONSENHOR ALCANTARA;DISTRITO DE JARDIM MIRIM
FORTALEZA;82;211;MONTE CASTELO;COLÉGIO EURÍDICE;RUA NATURALISTA FEIJÓ, 736
FORTALEZA;113;261;AMADEU FURTADO;EEF MONSENHOR LINHARES;RUA PROF. LINO ENCARNAÇÃO, 1130
IRACEMA;86;99;VILA EMA;E.E.F. FRANCISCO PEREIRA SAMPAIO;RUA FRANCISCO PEREIRA SAMPAIO, SN
FORTALEZA;3;133;JACARECANGA;COLÉGIO ESTADUAL LICEU DO CEARÁ;PRAÇA GUSTAVO BARROSO, 01
LAVRAS DA MANGABEIRA;14;19;CENTRO - SEDE;CENTRO EDUCACIONAL PEQUENO PRÍNCIPE - CEPP;RUA DOS COQUEIROS, 82
MILAGRES;26;32;EUCALIPTOS;ESCOLA IRMÃ ANA ZÉLIA DA FONSECA;RUA RAIMUNDO TAVARES DA CRUZ
PACATUBA;57;317;PAVUNA;EEIEF PEDRO DE SA RORIZ;RUA ZULEIDA DE SA RORIZ, 18
FORTALEZA;2;89;MESSEJANA;CLUBE DA CAIXA;AVENIDA FREI CIRILO 4700
MASSAPÊ;45;144;CRUZEIRO;EEEP FRANCISCA NEILYTA CARNEIRO ALBUQUERQUE;RODOVIA CE362 KM 81 S/N
FORTALEZA;115;273;PARANGABA;EM THOMAZ POMPEU SOBRINHO;RUA JOSE MENELEU, 531
FORTALEZA;3;533;ALDEOTA;UNICHRISTUS ALDEOTA;RUA VISCONDE DE MAUÁ, 1940
FORTALEZA;1;654;VARJOTA;FACULDADE FARIAS BRITO - CASTRO MONTE;RUA CASTRO MONTE 1364
FORTALEZA;1;383;VICENTE PINZON;ESCOLA PROFISSIONAL MARIA ANGELA DA SILVEIRA BORGES;RUA PINTOR ANTONIO BANDEIRA, S/N
CRATEÚS;20;307;FATIMA I;ASSOCIAÇÃO PESTALOZI DE CRATEÚS;RUA JOAO RIBEIRO LIMA 183
FORTALEZA;2;732;LAGOA REDONDA;POSTO DE SAÚDE TEREZINHA PARENTE;RUA NELSON COELHO, 215
FORTALEZA;1;909;VARJOTA;FACULDADE FARIAS BRITO - CASTRO MONTE;RUA CASTRO MONTE 1364
FORTALEZA;1;937;MEIRELES;LABOMAR - UFC;AV. ABOLIÇÃO, 3207
PARAIPABA;109;161;CAMBURÃO;EMEIF FRANCISCO CIPRIANO MOREIRA;CAMBURAO
MARACANAÚ;122;184;LUZARDO VIANA;EMEF NAPOLEAO BONAPARTE VIANA;RUA NAPOLEAO BONAPARTE VIANA 410
CARIÚS;43;216;SITIO MAURICIA;EEI ANTONIO ALVES DE OLIVEIRA;SITIO MAURICIA
CANINDÉ;33;255;ZONA RURAL;EMEF DR. VICTOR DIOGO SAMPAIO;ASSENTAMENTO BAIXA DE AREIA
SOBRAL;24;646;PEDRA DE FOGO;ANEXO JOSE FRANCISCO DE ALBUQUERQUE (PEDRA DE FOGO);PEDRA DE FOGO (AO LADO DO CLUBE DO AMOR)
CRATO;27;323;PALMEIRAL;URCA - CURSO DE DIREITO;AVENIDA TEODORICO TELES, 745
BELA CRUZ;96;16;CENTRO-SEDE;EMEF MONS. ODÉCIO;RUA CORONEL DUCA, 704
FORTALEZA;2;125;MESSEJANA;EEFM JOSE DE ALENCAR;RUA VENEZA, 84
ITAPIPOCA;17;51;ÁREA RURAL DE ITAPIPOCA;EEB FRANCISCO BEZERRA DE SOUZA;LAGOA DA CRUZ
IRAUÇUBA;41;220;GIL BASTOS;EMEF GIL BASTOS;RUA NOVA, S/N
ITAREMA;98;184;ZONA RURAL;EMEF ALTAIR GIFFONI;CE 434 KM 1- GARGOE
VIÇOSA DO CEARÁ;35;148;SITIO BURITI GRANDE;CEI BRÁS BATISTA DA CUNHA;SITIO BURITI GRANDE
MUCAMBO;79;211;CENTRO;CENTRO EDUCACIONAL DEP MANOEL RODRIGUES;AV AGRONOMO JOSE ALVES 90
PACATUBA;57;241;CONJUNTO JEREISSATI II;ESCOLA DE 1 GRAU DESEMBARGADOR RAIMUNDO DE CARVALHO;AV. XV SETOR F
SOBRAL;24;556;ALTO DA BRASÍLIA;EEFI RAUL MONTE;RUA MACEIO, S/N
FORTALEZA;114;130;BARRA DO CEARÁ;EEFM ESTADO DE ALAGOAS;AVENIDA PRESIDENTE CASTELO BRANCO, 5244
SOBRAL;121;30;ARACATIAÇU;ETI MARIA DE LOURDES DE VASCONCELOS;RUA MONSENHOR LINHARES, S/N
CRATO;27;313;SEMINÁRIO;EEMTI GOVERNADOR ADAUTO BEZERRA;RUA MARCOS MACEDO S/N
FORTALEZA;1;466;VARJOTA;ESCOLA ESTADUAL  BARBARA DE ALENCAR;RUA PEDRO RUFINO 38
CAUCAIA;123;299;PARQUE GUADALAJARA (JUREMA);E.E.I.E.F. DANILO DALMO DA ROCHA CORRÊA;RUA ACAPULCO, 1805 - PARQUE POTIRA II
FORTALEZA;114;359;PRESIDENTE KENNEDY;EMTI PROFESSOR JOAQUIM FRANCISCO DE SOUSA FILHO;RUA JOAQUIM MARQUES, 13
CARNAUBAL;22;23;CENTRO;EEI HUMBERTO CASTELO BRANCO;R JACO FELICIO S/N
FORTALEZA;115;195;PARANGABA;EEMTI MARIA THOMÁSIA;RUA POLONIA, 369
ARACOIABA;67;73;CENTRO-SEDE;ESCOLA MUNICIPAL VALENTIM MANECO DA SILVA;CHAPADA
FORTALEZA;113;303;DAMAS;CENTRO UNIVERSITÁRIO CEARENSE - UNIC;AVENIDA JOÃO PESSOA, 4005
SOBRAL;24;228;JAIBARAS;ETI VEREADOR JOSÉ MARIA FELIX;RODOVIA DEPUTADOR ELISIO AGUIAR, 183 (CE183)
SOBRAL;121;87;CENTRO;UFC CAMPUS MUCAMBINHO - BLOCO DAS ENGENHARIAS;RUA ESTANISLAU FROTA, 563
MARACANAÚ;122;209;PIRATININGA;EMEF RUI BARBOSA;RUA DO CAMPO 51
NOVA RUSSAS;48;205;BARRO VERMELHO;ESCOLA MUNICIPAL JOSÉ SANTOS MOURÃO;RUA ANTONIO CARLOS, S/N
AIUABA;101;73;ASSENTAMENTO BARAUNA FERRADA;CRECHE NOSSA SENHORA DA CONCEIÇÃO;ASSENTAMENTO BARAUNA FERRADA - BOM NOME
PIRES FERREIRA;21;120;DISTRITO;E.E.F. JOAO FERREIRA DE ABREU;ANGICOS
VIÇOSA DO CEARÁ;35;80;LAMBEDOURO;E.E.F EDUVIRGES MARIA DE ARRUDA;VILA MANHOSO
ITAREMA;98;210;ZONA RURAL;EDEFM VARJOTA (COMUNIDADE INDIGENA);ALDEIA INDIGENA DE VARJOTA
JUCÁS;43;297;SÃO PEDRO DO NORTE - VILA;CENTRO COMUNITARIO ANTONIO RAIMUNDO DE SOUZA;RUA ANTONIO PEREIRA DA SILVA 226
SOBRAL;24;338;RAFAEL ARRUDA;ANEXO MIGUEL FERNANDES DE SOUSA (OURO BRANCO);LOCALIDADE OURO BRANCO
QUIXADÁ;6;391;PLANALTO RENASCER;EEFM RAIMUNDO MARQUES DE ALMEIDA (ESCOLA MODELO);RUA PARAGUAI, 2055
MOMBAÇA;46;95;CENTRO;EEF PE. PEDRO LEÃO;RUA FRANCISCO DE ASSIS BARROSO FEIJÓ
GRANJA;25;150;PAULA PESSOA;E.E.F. GALDINO MARQUES DE OLIVEIRA;PAULA PESSOA
FORTALEZA;116;491;GRANJA PORTUGAL;EM REITOR ANTONIO MARTINS FILHO;RUA TEODORO DE CASTRO 1175
CAMOCIM;32;46;CRUZEIRO;CENTRO SOCIAL URBANO - CSU;RUA RIACHUELO S/N
FORTALEZA;3;411;ALDEOTA;COLÉGIO DARWIN;RUA ILDEFONSO ALBANO, 1030
URUOCA;25;126;CAMPANARIO;E.E.F. RAIMUNDO FERNANDES MOREIRA CHAVES;AV ALBERTO BATISTA FONTENELE
GUARACIABA DO NORTE;74;38;DISTRITO;EEF MANOEL BANDEIRA DE MOURA (ESCOLA NOVA DA MARTINSLÂNDIA);MARTINSLANDIA
ICÓ;15;34;CENTRO - SEDE;ESCOLA MUNICIPAL PROFESSORA LOURDES COSTA;AV ILIDIO SAMPAIO,1571
SÃO GONÇALO DO AMARANTE;36;45;CENTRO;ANEXO - ESCOLA DE ENSINO FUNDAMENTAL TASSO JEREISSATI;RUA PROFESSORA EDITE MOTA, 319
PACUJÁ;79;185;CENTRO;E.E.I.F. CORIOLANO ALVES DE BRITO;AV. CORIOLANO ALVES DE BRITO, S/N
TIANGUÁ;81;44;LAURÃO;UNINTA - FACULDADE TIANGUÁ;RUA CONSELHEIRO JOÃO LOURENÇO, 406 - LAURÃO
CASCAVEL;7;45;GUANACES;ESC.ENS.FUND. MANOEL BERNARDINO SANTIAGO;LAGOA DE SOUSA
AURORA;69;3;ARACA-SEDE;E.E.I.F. ROMAO SABIA;RUA PROJETADA  S/N
BARREIRA;52;4;MEARIM III;ESCOLA BOANERGES JACÓ (CERUR);RUA JOÃO JULIÃO, N. 182
MERUOCA;24;604;Centro;UNIVERSIDADE ABERTA DO BRASIL;PRAÇA CAETANO MARQUES S/N CENTRO MERUOCA
IGUATU;13;249;RIACHO VERMELHO;ESCOLA DE ENS FUND FILOMENA DE ALMEIDA BRAGA;RIACHO VERMELHO
PARAIPABA;109;107;CENTRO;EMEF BETEL;RUA DOMINGOS BARROSO SN
HORIZONTE;78;170;DISTRITO INDUSTRIAL;EMEF FRANCISCA GADELHA PIRES;AV PRESIDENTE CASTELO BRANCO, 7195
CAUCAIA;123;405;NOVA METRÓPOLE (JUREMA);E.E.F.M. DOM ALOÍSIO LORSCHEIDER;AV. CONTORNO OESTE, S/N
FORTALEZA;3;132;JACARECANGA;COLÉGIO ESTADUAL LICEU DO CEARÁ;PRAÇA GUSTAVO BARROSO, 01
SOBRAL;24;655;RENATO PARENTE;EEEP LYSIA PIMENTEL GOMES;AV. JOHN SANFORD, 1223
MARACANAÚ;104;389;TIMBÓ;EMEF ADAUTO FERREIRA LIMA;AVENIDA CONTORNO LESTE, S/N
MISSÃO VELHA;16;62;SITIO ALEIXO;EEF PEDRO LUIZ PEREIRA;RUA DO COMERCIO S/N
MARACANAÚ;122;82;INDUSTRIAL;EMEIEF CORONEL ADAUTO BEZERRA (ANTIGO WALMIKI);AV. CONTORNO SUL, S/N
ARNEIROZ;101;66;CAMPO PRETO;ESCOLA DE 1 GRAU JOAO EVANGELISTA;CAMPO PRETO
ACOPIARA;60;15;CENTRO;GABINETE DO PREFEITO;AVENIDA PAULINO FÉLIX, 332, CENTRO
IGUATU;13;27;VENEZA;ESCOLA DE ENS FUND FILGUEIRAS LIMA;RUA NELSON ALENCAR
FORTALEZA;2;745;LAGOA REDONDA;EM PROFª FERNANDA MARIA DE ALENCAR COLARES;AV PROF. ARTHUR DE CARVALHO, 1540
NOVA RUSSAS;48;92;CANINDEZINHO;ESCOLA MUNICIPAL MARIANO RODRIGUES DA COSTA;DISTRITO DE CANINDEZINHO,
JUAZEIRO DO NORTE;119;187;TIMBAUBA;EMEI MADRE MARIA VILLAC;RUA RUI BARBOSA, S/N
URUOCA;25;94;CAMPANARIO;E.E.F. FRANCISCO MARQUES VIEIRA;RUA JOSE CRISTINO, S/N
MARACANAÚ;104;396;PAJUÇARA;EMEIEF PREFEITO ALMIR FREITAS DUTRA;RUA ELÍFIO MEDEIROS DA CUNHA, 531
SÃO GONÇALO DO AMARANTE;36;59;RUSSINHA;ESCOLA DE ENSINO FUNDAMENTAL FIRMO GOMES SANTIAGO;RUSSINHA
FORTALEZA;117;294;BOM JARDIM;ESCOLA MUNICIPAL HERBERT DE SOUSA;RUA URUCUTUBA 1599
FORTALEZA;93;233;PREFEITO JOSÉ WALTER;EM DIOGO VITAL DE SIQUEIRA;AVENIDA L , S/N
FORTALEZA;116;481;GRANJA PORTUGAL;EEFM SAO FRANCISCO DE ASSIS - GRANJA PORTUGAL;RUA NEREIDE 320
FORTALEZA;113;312;JARDIM AMÉRICA;EMEIF MOZART PINTO;RUA JORGE DUMMAR, 2078
CEDRO;13;507;SANTO ANTÔNIO;ESCOLA DE ENS FUND VICENTE TEIXEIRA DE MOURA;ST ANGICO
TARRAFAS;18;123;ZONA RURAL;ESCOLA DE ENSINO FUNDAMENTAL JOSE EUTIDES VILANOVA;RUA JOSE EUTIDES VILANOVA S/N - ZONA RURAL
ITAPIPOCA;17;594;BARRENTO;EEB JOAQUIM MANOEL MARQUES;SÍTIO DO MEIO
GUARACIABA DO NORTE;74;58;DISTRITO;ESCOLA DE ENS FUND JOSE GERARDO COELHO - SUSSUANHA;SUSSUANHA
SÃO GONÇALO DO AMARANTE;36;316;PECEM-DISTRITO;ESCOLA DE ENSINO FUNDAMENTAL EUCLIDES PEREIRA GOMES;TRAVESSA MARCIONILIA SAMPAIO S/N
PACATUBA;57;319;NOVA PACATUBA;ESCOLA ANEXO JARDIM BOM RETIRO;RUA JOAQUIM FLORENCIO BARROS, 40
FARIAS BRITO;62;238;NOVA BETANIA;EEF FRANCISCO CASTELO DE CASTRO;AVENIDA MANOEL NERES DE OLIVEIRA, S/N
CAUCAIA;123;361;MARECHAL RONDON (JUREMA);E.E.I.E.F. ECONOMISTA RUBENS VAZ DA COSTA;AVENIDA NOVO HORIZONTE, S/N
FORTALEZA;83;169;JÓQUEI CLUBE;EEFM HERACLITO DE CASTRO E SILVA;RUA SILVEIRA FILHO, 808
CRATO;27;3;SÃO MIGUEL;MINISTÉRIO DO TRABALHO E EMPREGO - AGÊNCIA DE CRATO/CE;AVENIDA PERIMETRAL DOM FRANCISCO, 491
CRATO;27;253;SEMINÁRIO;EEEP GOVERNADOR VIRGÍLIO TÁVORA;RUA PERGENTINO SILVA S/N
JAGUARETAMA;72;17;CENTRO;E.E.M INSTITUTO IMACULADA CONCEICAO;RUA ANTONIO PINTO 301
UBAJARA;73;126;DISTRITO ARATICUM;ESCOLA ZULMIRA AGASSIS;R LUIZA LEONIZA SN - DISTRITO ARATICUM
GRANJA;25;10;CENTRO;EMATERCE;RUA CONRADO PORTO, S/N
CAMOCIM;32;225;SAO FRANCISCO;LICEU DE CAMOCIM DEP MURILO ROCHA AGUIAR;RUA ANTONIO ZEFERINO VERAS
ITAPIPOCA;17;28;COQUEIRO;IFCE - CAMPUS ITAPIPOCA;AVENIDA DA UNIVERSIDADE, 102
ITAPIPOCA;17;601;BALEIA;EEB ANTONIO PINHEIRO DE FREITAS;BOM JESUS
ACOPIARA;60;68;BARRA DO INGA;EEF JOSE GOMES;SITIO EXTREMA
GRANJEIRO;62;161;SÍTIO PICADAS;EEF ANTONIO CARLOS PINHEIRO;SITIO PICADAS
URUBURETAMA;23;36;CENTRO;EEF MONS ANTERO JOSE DE LIMA;RUA FARM JOSE RODRIGUES 1154
JAGUARIBE;10;24;DISTRITO DE FEITICEIRO;E.E.I.F. MARIA ENEIDA PEIXOTO SOARES;RUA FRANCISCO GUIMARAES PEIXOTO 714
FORTALEZA;115;440;VILA PERI;EM RAIMUNDO SOARES DE SOUSA;RUA COSTA FREIRE 550
TEJUÇUOCA;41;282;BARRA DO CAXITORÉ;ESCOLA DE ENSINO FUNDAMENTAL DE TEMPO INTEGRAL JOSE MOREIRA LOPES;BARRA
SOBRAL;24;202;JUNCO;EEFI NETINHA CASTELO;AV. JOHN SANFORD S/N
AQUIRAZ;66;295;CAMARA;EMEF JOAO PIRES CARDOSO;RUA ALDENORA CARDOSO SN
URUOCA;25;85;CENTRO;E.E.F. VALDEMAR ROCHA;RUA ANTONIO ARRUDA, 257
UMIRIM;23;237;DO POSTO-SEDE;EEF ZACARIAS LIBERATO DIAS;BR 222 SN
MIRAÍMA;89;255;CENTRO;EEB FRANCISCA BRAGA LIMA;RUA JOÃO BARROSO 546
FORTALEZA;94;425;QUINTINO CUNHA;EMEIEF PROF DENIZARD MACEDO DE ALCÂNTARA;RUA MATOSO FILHO 450
CAUCAIA;120;226;TOCO (JUREMA);E.E.I.E.F. MARIA CORINA MOURA ARRUDA;RUA MANOEL GOMES DA SILVA, S/N - CONJUNTO SÃO DOMINGOS - TOCO
ITAITINGA;78;261;PARQUE DOM PEDRO;EEF MANOEL FERREIRA GOMES;RUA D, 636
CRATO;27;15;CENTRO;COLÉGIO DIOCESANO DO CRATO;RUA NÉLSON ALENCAR, 569
CAUCAIA;120;303;CATUANA;E.E.I.E.F. PLÁCIDO MONTEIRO GONDIM;RUA RAIMUNDO OLIVEIRA, S/N
PORANGA;40;76;SEDE;EEFM PRUDÊNCIO DE PINHO - SEDE;AV. DR. EPITÁCIO PINHO, 277, BAIRRO VILA NOVA
ITAITINGA;78;237;CENTRO;EEF VALMIQUE SAMPAIO ALBUQUERQUE;RUA JOSMO GURGEL ARAUJO, 1256
CRATEÚS;20;301;IPASE;ESCOLA DE CIDADANIA AIRAN VERAS;RUA CAPISTRANO DE ABREU SN
MARACANAÚ;104;273;CENTRO;EEM TENENTE MÁRIO LIMA;RUA FRANCISCO FIRMINO, 293
MARACANAÚ;104;343;PAJUÇARA;EMEF LUIZ GONZAGA DOS SANTOS;RUA PEDRO BATISTA, 110
HORIZONTE;78;189;CENTRO;EEMTI MARIA DOLORES ALCÂNTARA E SILVA;AV. JUVENAL DE CASTRO, 645
GUARACIABA DO NORTE;74;24;CENTRO;CENTRO PASTORAL NOSSA SENHORA DOS PRAZERES;R. CEL.CLÍNIO MEMÓRIA, 281 - CENTRO
ITAPIPOCA;17;534;MARINHEIROS;ESCOLA INDÍGENA BROLHOS DA TERRA;BURITI
ACOPIARA;60;103;CENTRO;LICEU DE ACOPIARA - DEP.FCO.ALVES SOBRINHO;RUA VICENTE CARLOS PINHEIRO,101
CAUCAIA;123;415;NOVA METRÓPOLE (JUREMA);E.E.F.M. ROMEU DE CASTRO MENEZES;AV. A, S/N - NOVA METRÓPOLE
PARAIPABA;109;148;SETOR E;EMEF VICENTE VASCONCELOS DA SILVA;PROJETO IRRIGADO DO CURU - SETOR E
MARANGUAPE;4;635;GERERAÚ - SAPUPARA;CEI BERGSON LUANN VASCONCELOS DE SOUSA;AV TABATINGA,138
SALITRE;38;138;ZONA RURAL, SALITRE/CE;E.E.I.F JOSE GOMES DE SOUZA - SÍTIO SERRINHA DOS GERALDOS;SÍTIO SERRINHA DOS GERALDOS
CASCAVEL;7;279;CAPONGA;EEF GIAN PIERO MARINI;SITIO PEDRO DE SOUZA
GUARACIABA DO NORTE;74;64;SEDE;INSTITUTO PROMOCIONAL BENJAMIM SOARES (PATRONATO);RUA PADRE BERNARDINO MEMORIA - CENTRO
ORÓS;15;276;PEDREGULHO - SITIO;POSTO DE SAÚDE FRANCISCO COSMO RODRIGUES;SÍTIO PEDREGULHO
CAUCAIA;120;386;BOM PRINCIPIO;E.E.F. ALUÍSIO PEREIRA DE LIMA;AVENIDA BRASÍLIA, S/N
AQUIRAZ;66;355;CENTRO;CRAS - CENTRO;TV. SÃO JOÃO, 248
JAGUARETAMA;72;33;DISTRITO DE DESTERRO;E.M.E.F MARIA DORACI DE LIMA;SITIO DESTERRO
CRATO;27;152;SANTA FÉ;EEIEF PAULO LIMAVERDE;ROD. VICENTE TELES, SN. DISTRITO DE SANTA FÉ - SEDE.
REDENÇÃO;52;187;DISTRITO DE ANTÔNIO DIOGO;ESCOLA VICENTE RODRIGUES;LAGOA DANTAS
ITAITINGA;78;403;GERERAÚ;CEI - MARIA TAVARES CAVALCANTE;RUA CÂNDIDO MEIRELES, N. 1.098
CRATO;27;225;SANTA FÉ;EEIEF OTACÍLIO CORREIA LIMA;ROD. VICENTE TELES, SN - SÍTIO PALMEIRINHA DOS CORREIA
ALTANEIRA;53;13;SÍTIO SÃO ROMÃO;EMEF JOAQUIM DE MORAIS;SÍTIO SÃO ROMÃO, SN
FORTALEZA;1;37;COCÓ;UNINTA - FACULDADE UNINTA FORTALEZA;RUA VILEBALDO AGUIAR,133
HORIZONTE;78;188;CENTRO;EEMTI MARIA DOLORES ALCÂNTARA E SILVA;AV. JUVENAL DE CASTRO, 645
UBAJARA;73;121;DISTRITO ARATICUM;ESCOLA PAULO FURTADO DE MENDONCA;RUA SALUSTIANO DE ALMEIDA, S/N DISTRITO DE ARATICUM
PIQUET CARNEIRO;12;174;CATOLE DA PISTA;POSTO DE SAUDE NOSSA SENHORA AUXILIADORA;CATOLE DA PISTA
PALMÁCIA;4;175;SERRA NOVA;ESCOLA MUNICIPAL PE. BATISTA QUEIROZ;SERRA NOVA
CARIRIAÇU;71;98;FEITOSA;EEF JOSÉ SERAFIM DE OLIVEIRA;SITIO RIACHO SECO DO MEIO DE ZECA PEREIRA
SOBRAL;121;279;CENTRO;ESCOLA OSMAR DE SA PONTE;RUA PINTOR LEMOS, S/N
UBAJARA;73;95;MONTE CASTELO;ESCOLA WALDEMAR ALCANTARA;RUA RITA BELARMINO PEREIRA, 556
ARNEIROZ;101;83;CAMPO PRETO;ESCOLA DE 1 GRAU JOAO EVANGELISTA;CAMPO PRETO
SOBRAL;24;547;PADRE PALHANO;EEFI MARIA JOSE FERREIRA GOMES;RUA PRESIDENTE JUSCELINO KUBITSCHEK, S/N
SOBRAL;24;641;JUNCO;SESI;AV. DR. JOSÉ ARIMATÉIA M SILVA, 1701
CAUCAIA;123;326;PARQUE POTIRA (JUREMA);COLÉGIO ESTADUAL LICEU DE CAUCAIA;RUA ARAQUÉM, 1100 - PARQUE POTIRA (JUREMA)
CEDRO;13;505;ASSUNÇÃO;ESCOLA DE ENS FUND TEREZA DUTRA;RUA VICENCIA DUTRA S/N
CAMPOS SALES;38;2;B. CENTRO;E.E.E.M.T.I.- PRESIDENTE MÉDICI - (GRUPÃO);AV. FRANCISCO ADEMAR DE ANDRADE,1210
NOVA RUSSAS;48;77;CENTRO;EEMTI OLEGARIO ABREU MEMORIA;RUA CEL. ANTONIO RODRIGUES VERAS 1018
CRATEÚS;20;317;CURRAL VELHO;ESCOLA DE CIDADANIA JOAQUIM FERREIRA BONFIM;CURRAL VELHO
AURORA;69;90;PADRE MORORO-SEDE;E.E.I.F. ANTONIO LANDIM DE MACEDO;PADRE MORORO S/N
FARIAS BRITO;62;184;SEDE;EEFM GABRIEL BEZERRA DE MORAIS;RUA LIROMÁ FERNANDES DE OLIVEIRA, 266
CAMOCIM;32;213;RODAGEM DO LAGO;CRECHE JOSE MARIA PARENTE VIANA - RODAGEM DO LAGO;RODAGEM DO LAGO S/N
MILHÃ;55;156;VILA MONTE GRAVE;CENTRO DE CONVIVÊNCIA DO IDOSO DISTRITO DE MONTE GRAVE;DISTRITO MONTE GRAVE
GRANJEIRO;62;168;SÍTIO SERRA NOVA;POSTO DE SAÚDE - SERRA NOVA;SITIO SERRA NOVA
MONSENHOR TABOSA;61;148;CENTRO;E.M.E.F.T.I LUIZ LEITAO;AVENIDA PESSOA PIRES  2
TARRAFAS;18;17;CENTRO;CENTRO COMUNITARIO JOSE AMERICO RODRIGUES;ALTO SN                                           TARRAFAS
RERIUTABA;79;11;CENTRO;E.E.F. RAIMUNDO MESQUITA;RUA CEL. AGRÍPIO TEODORO SOARES, 171
TAUÁ;19;425;CARRAPATEIRAS;ESCOLA JOAO JOSE VIEIRA GOMES;MUTUCA
FORTALEZA;3;239;CENTRO;COLÉGIO ESTADUAL JUSTINIANO DE SERPA;AV. SANTOS DUMONT, 56
LIMOEIRO DO NORTE;29;139;CENTRO;CENTRO EDUCACIONAL SAO VICENTE DE PAULO - PATRONATO;RUA SABINO ROBERTO 398
FORTALEZA;93;294;PREFEITO JOSÉ WALTER;CEI MARIA LETICIA MOTA MOREIRA;RUA 15, S/N, RESIDENCIAL CIDADE JARDIM II
FORTALEZA;93;261;MONDUBIM;CENTRO EDUCACIONAL BRAGA GUERRA;RUA D, N 414
ITAPIPOCA;17;6;ÁREA NOBRE;EEB TEREZINHA DE SOUSA FERREIRA ALBUQUERQUE;RUA JOSÉ DE ALENCAR, 497
CAUCAIA;123;500;NOVA METRÓPOLE (JUREMA);E.E.F.M. ELIEZER DE FREITAS GUIMARÃES;RUA 145, S/N - NOVA METRÓPOLE
SÃO GONÇALO DO AMARANTE;36;161;CENTRO;ESCOLA DE ENSINO MÉDIO EM TEMPO INTEGRAL ADELINO CUNHA ALCANTARA;RUA CORONEL NECO MARTINS 220 - SEDE
FARIAS BRITO;62;197;CIPÓ;EEF MANACÊS PEREIRA DE ALCANTARA;SITIO CIPO
SOBRAL;24;563;JOSÉ EUCLIDES;EEFI MARIA YEDA FROTA FELIX MONTALVERNE;RUA AIRTON SENNA, 300, CIDADE JOSE EUCLIDES II
SOBRAL;121;336;CENTRO;UFC CAMPUS MUCAMBINHO - BLOCO DAS ENGENHARIAS;RUA ESTANISLAU FROTA, 563
JUCÁS;43;56;CENTRO - SEDE;SECRETARIA DE AÇÃO SOCIAL;RUA CORONEL LUIZ DUARTE S/N
QUIXADÁ;6;380;CUSTÓDIO;EEF SANTA PAZ;SANTA PAZ, S/N
MUCAMBO;79;231;PEDRA DE FOGO;ESCOLA JOSE DOMINGOS DE ALCANTARA;PEDRA DE FOGO
FORTALEZA;93;155;PREFEITO JOSÉ WALTER;CUCA JOSÉ WALTER;RUA 69, S/N
CAUCAIA;120;349;COITE PEDREIRA;E.E.I.E.F. SANTA RITA CATARINA;SÍTIO CATARINA
UBAJARA;73;201;sítio águas belas - jaburu;ESCOLA HUMBERTO RIBEIRO LIMA;SITIO ÁGUAS BELAS - JABURU
FORTALEZA;1;639;PAPICU;ESCOLA ESTADUAL MARIA JOSE MEDEIROS;RUA DESEMBARGADOR LAURO NOGUEIRA 1240
CROATÁ;74;2;SEDE;ESCOLA DE EDUCACAO BASICA DOM TIMOTEO;RUA MANOEL BRAGA SN - CENTRO
CASCAVEL;7;166;PITOMBEIRAS;ESC.ENS.FUND. DO CEDRO;CEDRO
GUAIÚBA;57;70;AGUA VERDE;POLO DE ATENDIMENTO CARLOS MOREIRA MEDEIROS;RUA MANOEL MOREIRA, S/N
GUAIÚBA;57;269;AGUA VERDE;POLO DE ATENDIMENTO CARLOS MOREIRA MEDEIROS;RUA MANOEL MOREIRA, S/N
FORTALEZA;114;137;JARDIM IRACEMA;EM JOSÉ DE ALENCAR;RUA ALBERTO FERREIRA 248
CASCAVEL;7;216;JACARECOARA;ESC.ENS.FUND. ROSA RIBEIRO LOPES;RIACHO FUNDO
TAUÁ;19;153;TAUAZINHO;EEM MARIA DAS DORES CIDRÃO ALEXANDRINO;AV CEL VICENTE ALEXANDRINO DE SOUSA 04
SANTANA DO CARIRI;53;87;BREJO GRANDE;EMEIEF OSVALDO DAXO DE ALENCAR;BREJO GRANDE, SN
CAUCAIA;123;359;MARECHAL RONDON (JUREMA);E.E.I.E.F. ECONOMISTA RUBENS VAZ DA COSTA;AVENIDA NOVO HORIZONTE, S/N
URUOCA;25;88;CENTRO;E.E.M. OLIMPIO SAMPAIO DA SILVA;RUA MARIA DAS GRAÇAS SIQUEIRA, 48
ABAIARA;26;107;SÍTIO POCINHOS;ESCOLA MANOEL ANSELMO DA SILVA;SITIO POCINHOS
FORTALEZA;3;269;CENTRO;COLÉGIO ARI DE SÁ - PRÉ-VESTIBULAR - SEDE DUQUE DE CAXIAS;AV. DUQUE DE CAXIAS, 519
SANTANA DO ACARAÚ;44;76;SOROROCA;LOJA MAÇÔNICA DEUS E FRATERNIDADE;SOROROCA
TAMBORIL;61;67;DISTRITO DE OLIVEIRAS;EMEIF FRANCISCO LUCIO;RUA FRANCISCO LUCIO - VILA OLIVEIRAS
TRAIRI;97;189;TIMBAUBA;ASSOCIAÇÃO DOS MORADORES DE TIMBAUBA-ASMOTI;TIMBAUBA
BATURITÉ;5;110;CENTRO-SEDE;EMEF DOMINGOS SAVIO;AV DOM BOSCO, 393
ACOPIARA;60;282;NOVA ACOPIARA;SECRETARIA DA CULTURA, ESPORTE, JUVENTUDE E TURISMO;AVENIDA JOSÉ ALVES DE QUEIROZ, SN, NOVA ACOPIARA
JUAZEIRO DO NORTE;119;411;NOVO JUAZEIRO;(CENTRINHO)CENTRO DE INTEGRAÇÃO EDUCACIONAL VICÊNCIA MARIA DE OLIVEIRA;AVENIDA CASTELO BRANCO, SN
FORTALEZA;114;358;JARDIM IRACEMA;CAPELA NOSSA SENHORA DE FÁTIMA;RUA RIO ARAGUAIA 1669
CRATEÚS;20;17;CENTRO;EEFM LOURENCO FILHO;RUA FIRMINO ROSA 587
ITAPIPOCA;17;616;DESERTO;EEB JOAO TEIXEIRA PINTO;NOVA ASSIS
JAGUARIBE;10;42;DISTRITO DE NOVA FLORESTA;EEIF ULISSES PARANHOS MAIA;RUA FRANCISCO GOMES DE CASTRO, 399
CRATEÚS;20;103;SANTANA;ESCOLA DE CIDADANIA DE SANTANA I;SANTANA I
UBAJARA;73;114;CENTRO;CEIF - CENTRO DE EDUCAÇÃO IRLANE FERNANDES;RUA 24 DE AGOSTO, 426
ASSARÉ;18;42;CENTRO;ESCOLA DE ENSINO FUNDAMENTAL RAUL ONOFRE;RUA PADRE EMILIO CABRAL SN     ASSARE
MARANGUAPE;4;145;CENTRO - MARANGUAPE;COLÉGIO SEBASTIÃO DE ABREU;RUA ROBERTO BRAQUEHAIS, 656
PEDRA BRANCA;59;42;SEDE;ESCOLA DE 1 GRAU JOSE MINEIRO;SITIO ALIVIO
CAUCAIA;123;559;PARQUE ALBANO (JUREMA);CEI DAVI RODRIGUES MOURA;RUA DOS CÓRREGOS, 2318
VARJOTA;65;214;CENTRO;SINDICATO DOS TRABALHADORES RURAIS DE VARJOTA;RUA RUI BARBOSA, 839
CANINDÉ;33;462;ZONA RURAL;EMEF VALDIMIRO PEREIRA DE AQUINO;ASSENTAMENTO ENTRE RIOS
CARIDADE;111;74;SAO DOMINGOS;CRECHE ANTÔNIA SOARES DE ALMEIDA;LOC. DE SÃO DOMINGOS (SEDE DO DISTRITO)
INDEPENDÊNCIA;39;229;ARAÚJO;EEF DIOGO CAVALHEDO;FAZENDA ARAUJO
ACARAÚ;30;427;ZONA RURAL;ESCOLA JOAQUIM JOSE RODRIGUES;BARRINHA DE CIMA
ITAPIPOCA;17;38;CENTRO;EEFM ANASTACIO ALVES BRAGA;AV DUQUE DE CAXIAS 888
SENADOR POMPEU;12;175;BONFIM;SALÃO JOÃO GASPAR FILHO;KM 12
BOA VIAGEM;63;54;IPIRANGA;EEF MANOEL GENUINO VIEIRA;IPIRANGA
ALCÂNTARAS;24;673;SAO JOSE;EEIEF MARIA RAULINO ALCÂNTARA DE CARVALHO;RUA FRANCISCO CUNHA
URUOCA;25;247;PARACUA;E.E.F. CEL DOMINGOS ALVES PEREIRA;R. JOÃO CARAPINA, 44
FORTALEZA;1;949;MANUEL DIAS BRANCO;COLÉGIO CÍVICO MILITAR BATALHA DO RIACHUELO;R. E, 100 - MANUEL DIAS BRANCO
MOMBAÇA;46;139;CENTRO;ESCOLA DE ENSINO FUNDAMENTAL CRISTO REI;RUA JOSE SEVERINO FILHO N 39                      SEDE
RUSSAS;9;315;MALHADINHA;ASSOCIAÇÃO COMUNITÁRIA DE MALHADINHA;SÍTIO MALHADINHA
BELA CRUZ;96;34;DISTRITO DA PRATA;EMEF MINERVINO JOSE DE VASCONCELOS;DISTRITO DA PRATA
ORÓS;15;286;IGAROI - DISTRITO;E.E.F. OTILIO RUFINO DE LIMA;RUA NOSSA SRA DAS GRAÇAS, 200
UMARI;15;202;CENTRO - SEDE;CENTRO EDUCACIONAL DO PRIMEIRO GRAU PADRE MANOEL PEREIRA;RUA CORONEL ANTONIO MALHEIROS, S/N
ORÓS;15;310;SANTAREM - DISTRITO;E.E.F. MANOEL MOREIRA PEQUENO;RUA NOSSA SRA. DA CONCEIÇÃO, 118
QUIXADÁ;6;213;CIPÓ DOS ANJOS;ASSOCIACAO COMUNITARIA DA SERIEMA;SERIEMA S/N
MAURITI;76;64;SERRINHA;CENTRO SOCIAL URBANO DE MAURITI;RUA JOSÉ LEITE DA COSTA, S/N
CRATEÚS;20;180;SANTO ANTÔNIO;ESCOLA DE CIDADANIA JOSE GARCIA IZIDIO;BOM PRINCIPIO
FORTALEZA;115;347;PARANGABA;EEEP JOAQUIM MOREIRA DE SOUSA;RUA CAIO PRADO 02
RUSSAS;9;169;BOA VISTA;ESCOLA MUNICIPAL ALIPIO RODRIGUES DE OLIVEIRA;BOA VISTA
BREJO SANTO;70;396;POCO DO PAU-DISTRITO;CEI MARIA MARTINS DE SOUSA;VILA VASSOURAS
PIQUET CARNEIRO;12;137;IBICUA;EMEF ANA CLARA DE MAGALHAES;RUA JOSÉ TEOTÔNIO, S/N
LAVRAS DA MANGABEIRA;14;64;QUITAIUS - DISTRITO;ESCOLA DE 1 E 2 GRAU JOAQUIM LEITE TEIXEIRA;RUA JOAQUIM LEITE TEIXEIRA 240
ITAPIPOCA;17;373;COQUEIRO;IFCE - CAMPUS ITAPIPOCA;AVENIDA DA UNIVERSIDADE, 102
QUIXELÔ;13;184;ÁREA RURAL DE QUIXELÔ;ESCOLA DE ENS FUND VALDO LOPES;TAPUIO-SITIO
SALITRE;38;145;ZONA RURAL, SALITRE/CE;E.E.I.F. JOSÉ DIONISIO DE SOUZA - SÍTIO COQUEIRO;SÍTIO COQUEIRO
FORTALEZA;113;46;JOSÉ BONIFÁCIO;COLÉGIO FARIAS BRITO PRÉ - VESTIBULAR;AV. BARÃO DO RIO BRANCO, 2424
BARRO;92;25;IARA-DISTRITO;ESCOLA DE ENSINO BASICO DEP. ANTONIO LEITE TAVARES;BR 116 - KM 447
OCARA;67;222;CURUPIRA-DISTRITO;ESCOLA MUNICIPAL DE OITENTA - ENSINO FUNDAMENTAL;OITENTA
CRATEÚS;20;142;SÃO VICENTE;CENTRO DE ATENÇÃO PSICOSOCIAL DR. ABDORAL MACHADO (CAPS);RUA AUTON ARAGAO, SN
INDEPENDÊNCIA;39;48;TRANQUEIRAS;E.E.F. VIRGILIO TAVORA;POVOADO TRANQUEIRAS
CEDRO;13;435;CENTRO;COLEGIO ESTADUAL CELSO ARAUJO;RUA ZE PAJE, 241
ARNEIROZ;101;57;CACHOEIRA DE FORA;GRUPO ESCOLAR JOAO MONTEIRO;CACHOEIRA DE FORA
CRATEÚS;20;222;TUCUNS;SEDE DA ASSOCIAÇÃO COMUNITÁRIA DE SANTA LUZIA;SANTA LUZIA
APUIARÉS;50;18;CENTRO;CEI SEBASTIANA PEREIRA MARINHO - MÃE SÉ;AVENIDA GOMES DA SILVA, S/N
SÃO GONÇALO DO AMARANTE;36;317;LAGOA DO MATO-POVOADO;POSTO DE SAÚDE DA LAGOA DO MATO;POVOADO LAGOA DO MATO
TAUÁ;19;156;INHAMUNS;ESCOLA JOSÉ CAÇULA PEDROSA (ANTIGA E.E.F.M. ABRAHÃO SCARCELA);VERA CRUZ
CAMOCIM;32;26;CENTRO;EEI PROFESSORA ISAURA FREIRE FERREIRA;RUA DA INDEPENDENCIA
VÁRZEA ALEGRE;62;24;CENTRO;EEM JOSÉ CORREIA LIMA;AV. LUIS AFONSO DINIZ, 213
ORÓS;15;258;CENTRO;E.E.M. EPITÁCIO PESSOA;AV. JOSÉ GABRIEL BEZERRA, 274
CRATO;27;117;MURITI;UNIDADE BÁSICA DE SAÚDE FRANCISCO DAS CHAGAS LOBO SOARES (CHAGUINHA);RUA PEDRO ORLANDO BEZERRA DE MENEZES, S/N
BATURITÉ;5;123;CANDEIA SAO SEBASTIAO-POVOADO;EMEF CAPITAO PORFIRIO RODRIGUES DE SOUZA;RUA IRMA ROBUSTINA SN
MORADA NOVA;47;211;CENTRO;SECRETARIA MUNICIPAL DE EDUCAÇÃO BÁSICA;RUA SARGENTO MACEDO, 315
ALTO SANTO;86;36;ARMADOR;ESCOLA DE 1 GRAU JOAO QUINCO;SITIO ARMADOR
JUAZEIRO DO NORTE;119;174;SANTA TEREZA;CREDE 19;RUI BARBOSA SN
CRATEÚS;20;72;SÃO VICENTE;CENTRO ADMINISTRATIVO DA PREFEITURA DE CRATEÚS;RUA CEL TOTO, SN
SOBRAL;121;280;CENTRO;ESCOLA OSMAR DE SA PONTE;RUA PINTOR LEMOS, S/N
IGUATU;13;54;CENTRO;ESCOLA DE ENSINO MÉDIO EM TEMPO INTEGRAL DE IGUATU;RUA GUILHERME DE OLIVEIRA, 842
FORTALEZA;112;585;ENGENHEIRO LUCIANO CAVALCANTE;CENTRO UNIVERSITÁRIO 7 DE SETEMBRO - UNI 7 (FA7);AV. ALMIRANTE MAXIMINIANO DA FONSECA, 1395
RUSSAS;9;320;VARZEA ALEGRE;ESCOLA MUNICIPAL CORACAO DE JESUS;RUA OCION LOPES DA SILVEIRA S/N
PEDRA BRANCA;59;105;SEDE;ESCOLA DE 1 GRAU JOAO DOS REIS DA SILVA;SITIO QUIETO
TAMBORIL;61;73;DISTRITO DE AÇUDINHO;EMTI LUIZ GONZAGA AMBRÓSIO;VILA AÇUDINHO
ITAPIPOCA;17;722;BARRENTO;EEB NORBERTO ANTÔNIO DO NASCIMENTO;MERGULHÃO
BARRO;92;46;CENTRO-SEDE;EEEP PROFESSOR JOSÉ OSMAR PLÁCIDO DAS SILVA;RUA ANTÔNIA BEZERRA TELES, S/N
CAMOCIM;32;148;CENTRO;EEI PROFESSORA ISAURA FREIRE FERREIRA;RUA DA INDEPENDENCIA
CEDRO;13;469;CENTRO;COLEGIO ESTADUAL CELSO ARAUJO;RUA ZE PAJE, 241
LAVRAS DA MANGABEIRA;14;70;QUITAIUS - DISTRITO;ESCOLA DE 1 E 2 GRAU JOAQUIM LEITE TEIXEIRA;RUA JOAQUIM LEITE TEIXEIRA 240
BREJO SANTO;70;322;CENTRO-SEDE;CENTRO VOCACIONAL TECNOLÓGICO - CVT;RUA MANOEL ANTONIO CABRAL, S/N
INDEPENDÊNCIA;39;8;CENTRO;CRECHE MARIA ALTAIR AMERICO SABOIA;RUA DO CRUZEIRO
PACUJÁ;79;247;ZIPU;E.E.F. ACHILLES BARRETO;SÍTIO ZIPÚ
TARRAFAS;18;52;CENTRO;PREFEITURA MUNICIPAL DE TARRAFAS;AV MARIA LUIZA LEITE SANTOS
ORÓS;15;280;IGAROI - DISTRITO;ASSOCIAÇÃO COMUNITÁRIA PADRE CÍCERO;SÍTIO CABEÇA DE NEGRO
BREJO SANTO;70;35;SAO FRANCISCO-SEDE;SINDICATO DOS TRABALHADORES RURAIS;RUA GENÉSIO RICARTE, 130
INDEPENDÊNCIA;39;47;TRANQUEIRAS;E.E.F. VIRGILIO TAVORA;POVOADO TRANQUEIRAS
CRATEÚS;20;82;IBIAPABA;ESCOLA DE CIDADANIA DE IBIAPABA;IBIAPABA
PEDRA BRANCA;59;62;SEDE;PSF LOCALIDADE MATA;MATA
UBAJARA;73;219;FURNALHÃO - DISTRITO DE ARATICUM;UBS - JOSÉ NORBERTO DE AZEVEDO;SÍTIO FURNALHÃO
QUIXERAMOBIM;11;283;MANITUBA;ESCOLA AFONSO DE CASTRO MACHADO;VARZEA DO MEIO
CRATEÚS;20;39;CENTRO;COMPANHIA DE AGUA E ESGOTO DO CEARA - CAGECE;RUA FIRMINO ROSA 769
FORTALEZA;115;352;PARANGABA;EEEP JOAQUIM MOREIRA DE SOUSA;RUA CAIO PRADO 02
BELA CRUZ;96;86;SANTO IZIDIO-LOCALIDADE;EMEIEF FRANCISCO CIPRIANO SAMPAIO;SANTO IZIDIO
FORTALEZA;3;227;CENTRO;FAC. CATÓLICA DE FORTALEZA (SEMINÁRIO DA PRAINHA);RUA TENENTE BENÉVOLO, 201
PENTECOSTE;50;104;ZONA RURAL;EMTI PREFEITO ANTÔNIO CARNEIRO;PROVIDÊNCIA
FORTALEZA;113;57;JOSÉ BONIFÁCIO;COLÉGIO FARIAS BRITO;RUA SENADOR POMPEU, 2607
FORQUILHA;121;223;CACIMBINHA;EEFI CAP JOSE DIOGO DE SIQUEIRA;POVOADO DE CACIMBINHA
QUIXADÁ;6;463;CARRASCAL;EEF ROSA BAQUIT;RUA DR. EVANDRO CARNEIRO MARTINS FILHO, S/N
MARANGUAPE;4;37;CÔNEGO RAIMUNDO PINTO - MARANGUAPE;EEMTI EUNICE WEAVER;AV SEN ALMIR PINTO KM 15 PAU SERRADO
REDENÇÃO;52;158;CENTRO (SEDE);ESCOLA DR. EDMILSON BARROS DE OLIVEIRA;RUA SANTOS DUMONT, S/N
CAUCAIA;37;343;PARQUE SOLEDADE;E.E.F. CORALIA GONZAGA SALES;RUA NAPOLEAO BONAPARTE VIANA, S/N
ARNEIROZ;101;56;CENTRO - SEDE;GRUPO MUNICIPAL MARIA ANGELIM PETROLA;RUA CEL VIRGILIO TAVORA 48
IPAUMIRIM;92;134;CENTRO-SEDE;E.E.F. JOSE ALVES DE OLIVEIRA;VILA SAO JOSE
ITAPIPOCA;17;690;BOA VISTA;EEB MARIA DALVA BARBOSA AZEVEDO;RUA EUBIA BARROSO
CAMPOS SALES;38;26;B. CENTRO;E.E.E.M.T.I - MARIA DOLORES ARRAIS - (GRUPINHO);TRAVESSA VICENTE ALEXANDRINO DE ALENCAR,297
PACATUBA;57;321;CONJUNTO JEREISSATI II;EEEP PROFª LUISA DE TEODORO VIEIRA;AV. XXV S/N
FORTALEZA;114;223;FLORESTA;INSTITUTO EDUCACIONAL PRESIDENTE MEDICI;RUA CÉSAR CORREIA 973
CAMOCIM;32;245;SAO PEDRO;EEF GENERAL ANTONIO DA SILVA CAMPOS - BAIRRO SAO PEDRO;RUA SIQUEIRA CAMPOS S/N
FORTALEZA;114;48;BARRA DO CEARÁ;EM CASIMIRO JOSÉ LIMA FILHO;AVENIDA FRANCISCO SÁ 6449
EUSÉBIO;88;155;COAÇU;EEF SAO RAIMUNDO;RUA COMENDADOR ARI DE FREITAS, 480 - COACU
QUIXERAMOBIM;11;138;DAMIAO CARNEIRO;ESCOLA SALVIANO PATRICIO DE ALMEIDA;JUREMA
JUAZEIRO DO NORTE;119;423;SANTA TEREZA;COLÉGIO MILITAR DE JUAZEIRO DO NORTE;CASTELO BRANCO SN
MONSENHOR TABOSA;61;151;CENTRO;E.M.E.F.T.I LUIZ LEITAO;AVENIDA PESSOA PIRES  2
ACARAÚ;30;57;ZONA RURAL;ESCOLA JOAO RIBEIRO RAMOS;VILA PROGRESSO
FORTALEZA;116;53;BOM JARDIM;EM SANTOS DUMONT;RUA GERALDO BARBOSA 240
CAUCAIA;120;382;GENIPABU;E.E.I.E.F. OSCAR DE AZEVEDO E SÁ;BR 222, KM 17
AQUIRAZ;66;244;CENTRO;ESCOLA DE ENSINO MEDIO TELINA MATOS PIRES;RUA FRANCISCO CAMARA,  70
ALCÂNTARAS;24;7;SAO JOSE;EEIEF MARIA RAULINO ALCÂNTARA DE CARVALHO;RUA FRANCISCO CUNHA
IPUEIRAS;40;171;BAIXA DO FRADE;EEF PADRE FRANCISCO CORREIA LIMA - BAIXA DO FRADE;BAIXA DO FRADE
GUAIÚBA;57;59;ITACIMA;EEBM FRANCISCO PEREIRA DE ANDRADE;RUA LUIS PEREIRA DE ANDRADE, S/N
FORTALEZA;3;628;ALDEOTA;COLÉGIO BATISTA - SANTOS DUMONT;RUA DESEMBARGADOR LEITE ALBUQUERQUE, 1056
BREJO SANTO;70;402;RENE LUCENA;CEI CATEQUISTA MARIA ALACOQUE;R PEDRO NICODEMOS DE ARAÚJO, S/N
FORTALEZA;112;404;EDSON QUEIROZ;COLEGIO ARI DE SA CAVALCANTE WS;AV WASHINGTON SOARES, 3737
SABOEIRO;43;289;SANTA CLARA;E.E.F. JOSÉ AUGUSTO BATISTA VIEIRA;SITIO SANTA CLARA
PEREIRO;10;163;SITIO TRINDADE;ESCOLA MIGUEL JOAO DE OLIVEIRA;SITIO TRINDADE
FORTALEZA;3;392;MEIRELES;CÍRCULO MILITAR DE FORTALEZA;RUA CANUTO DE AGUIAR, 425
JAGUARIBARA;72;77;CENTRO;PROF JOCELIN MARCONDES XAVIER DE ALMEIDA;AV. ZÉ LEITÃO, 236
FORTALEZA;112;386;EDSON QUEIROZ;ESCOLA MUNICIPAL TEMPO INTEGRAL PROFESSOR ÁLVARO COSTA ;RUA ADOLFO MOREIRA, S/N
FORTALEZA;2;181;JOSÉ DE ALENCAR;EEFM IRACEMA;RUA EGIDIO DE OLIVEIRA, 250
PACATUBA;57;299;PAVUNA;EEIEF PEDRO DE SA RORIZ;RUA ZULEIDA DE SA RORIZ, 18
FORTALEZA;95;360;BARROSO;EMEIEF OTAVIO DE FARIAS;RUA JOAO FERREIRA, S/N
MAURITI;76;27;CENTRO;EEM ADAUTO LEITE;AV. SINVAL LACERDA, 416
FARIAS BRITO;62;230;CARIUTABA;EEF PEDRO FERNANDES DE ALCANTARA;RUA ANTONIA DALICE DE OLIVEIRA, S/N  -  CARIUTABA
FORTALEZA;3;423;CENTRO;UNIARI - CENTRO UNIVERSITÁRIO ARI DE SÁ;AV. HERÁCLITO GRAÇA, 826
CRATEÚS;20;201;FATIMA II;EEFM LIONS CLUBE;RUA CLOVIS BEVILAQUA 1417
CAMOCIM;32;132;ZONA RURAL;EEF PEDRO RODRIGUES ALEXANDRINO - TUCUNS;LOCALIDADE DE TUCUNS
PIRES FERREIRA;21;122;DISTRITO;E.E.F. JOAO VITORINO DE FARIAS;DONATO
ICÓ;15;27;CENTRO - SEDE;ESCOLA MUNICIPAL SENHOR DO BONFIM;RUA FRANCISCO MACIEL DA SILVA, 2557
RUSSAS;9;93;PEDRAS;ESCOLA MUNICIPAL REUNIDA ADOLFO JOSE DA SILVA;SITIO PEDRAS
CAUCAIA;37;157;CUMBUCO;E.E.F. HELENA DE AGUIAR DIAS;AV DOS COQUEIROS, S/N
ACOPIARA;60;56;SEDE;EEF JOSE EVANGELISTA DE LIMA;SITIO JUREMA
ABAIARA;26;10;SÍTIO LIVRAMENTO;ESCOLA FRANCISCO ALVES VIANA;SITIO LIVRAMENTO
PEDRA BRANCA;59;121;SANTA TEREZINHA;E.E.I.T.I ARMANDO LINS DE SOUZA;RUA JOAQUIM ALVES TEIXEIRA S/N
FORTALEZA;2;750;PAUPINA;EMEIF GUIOMAR DA SILVA ALMEIDA;RUA PEROLINA DE MORAIS, 449
CAMOCIM;32;3;CENTRO;16ª. COORDENADORIA REGIONAL DE SAÚDE - CRES;RUA JOSÉ MARIA VERAS, SN
RUSSAS;9;281;ALTO DO VELAME;ESCOLA MUNICIPAL MARGARIDA MARIA DE ALACOQUE;RUA FELIPE SANTIAGO II
FORTALEZA;115;116;MARAPONGA;DETRAN;AV GODOFREDO MACIEL, 2900
FORTALEZA;82;110;CRISTO REDENTOR;CEJA  MONSENHOR HÉLIO CAMPOS;AV. MONSENHOR HÉLIO CAMPOS, 251
JUAZEIRO DO NORTE;28;249;CENTRO;COLEGIO SOSSEGO;RUA SAO DOMINGOS 59
CRUZ;30;388;ZONA RURAL;ESCOLA MARIA FILOMENA SOUSA;CAJUEIRINHO II
MARANGUAPE;4;591;MANOEL GUEDES;EMEIEF FLORÊNCIO BARROSO DE ALBUQUERQUE;RATO DE BAIXO
FORTALEZA;93;113;MONDUBIM;CEI MARIA HERCILIA EVANGELISTA;RUA 3, 300 - PARQUE SANTANA
NOVA RUSSAS;48;176;RESIDÊNCIA;CRECHE CRIANÇA FELIZ;LOCALIDADE DE RESIDÊNCIA,
FORTALEZA;3;125;JACARECANGA;COLÉGIO ESTADUAL LICEU DO CEARÁ;PRAÇA GUSTAVO BARROSO, 01
CRATO;27;216;PINTO MADEIRA;EEF DOM QUINTINO;RUA SÃO FRANCISCO S/N
FORTALEZA;3;400;ALDEOTA;COLÉGIO CHRISTUS (AV. BARÃO DE STUDART);RUA JOÃO CARVALHO, 630
LIMOEIRO DO NORTE;29;60;CENTRO;FACULDADE DE FILOSOFIA D AURELIANO MATOS;AV DOM AURELIANO MATOS 2058
JIJOCA DE JERICOACOARA;30;428;CENTRO;CRECHE SÉRGIO HERRERO GIMENEZ;RUA PIAUI - 2520
REDENÇÃO;52;114;DISTRITO DE ANTÔNIO DIOGO;CINE-TEATRO RAUL BARBOSA;RUA IRMÃ AUGUSTA, N. 120
GRANJA;25;193;TIAIA;UNIDADE BÁSICA DE SAÚDE - UBS MARIA IRACY ARRUDA;TIAIA DE CIMA
FORTALEZA;82;128;JACARECANGA;EEMTI SALES CAMPOS;RUA JACINTO MATOS, 730
GUAIÚBA;57;105;DOURADOS;EEBM MANUEL XAVIER PIRES;DOURADOS
ITAITINGA;78;270;PARQUE SANTO ANTONIO;EEF LÍDIA ALVES CAVALCANTE;RUA CARLOS DA COSTA CARMO, 757
FORTALEZA;1;879;ALDEOTA;COLEGIO ANTARES - SANTOS DUMONT;AVENIDA SANTOS DUMONT 3777
IGUATU;13;385;JOSÉ DE ALENCAR;ESCOLA DE ENS FUND JOSE CARDOSO DE ARAUJO;SITIO AROEIRA
SOBRAL;121;180;CENTRO;COLEGIO SANT'ANA;AVENIDA DOM JOSE, 1310
ASSARÉ;18;45;ZONA RURAL;GRUPO ESCOLAR ANTONIO FRANCELINO DE SOUSA;CAJAZEIRAS DO SIMIAO SN
CRATO;27;339;PONTA DA SERRA;EEIEF PEDRO FELÍCIO;VILA SÃO FRANCISCO, SN.
RUSSAS;9;155;BENTO PEREIRA;ESCOLA MUNICIPAL FRANCISCO SERGIO  REBOUCAS;BENTO PEREIRA
PACAJUS;49;380;CONJUNTO COHAB;EEM DIONE MARIA BEZERRA PESSOA;AV. JOSE LOPES DE MESQUITA
GUARACIABA DO NORTE;74;152;DISTRITO;E.E.I.F. ANA FERREIRA CHAVES;SITIO LAGOA DOS SILVANOS
CAMOCIM;32;43;CRUZEIRO;COLEGIO ESTADUAL PROF IVAN PEREIRA DE CARVALHO - CEPI;RUA RIACHUELO, SN
GRANJA;25;220;SÃO RAIMUNDO;E.E.F. SÃO RAIMUNDO;RUA DONA CHIQUEZA
MONSENHOR TABOSA;61;157;CENTRO;E.M.E.F.T.I LUIZ LEITAO;AVENIDA PESSOA PIRES  2
INDEPENDÊNCIA;39;162;TERCELAO;E.E.F. FRANCISCO DA SILVA LIMA;TERCELAO
VÁRZEA ALEGRE;62;6;CENTRO;EEF FIGUEIREDO CORREIA;RUA FIGUEIREDO CORREIA, 258
GUARACIABA DO NORTE;74;154;SEDE;ESCOLA DE ENSINO MEDIO MARIA MARINA SOARES;RUA 12 DE NOVEMBRO - CENTRO
BARREIRA;52;90;CÓRREGO;ESCOLA MANOEL MOREIRA;CARNAÚBA
CAMOCIM;32;256;SAO PEDRO;ESCOLA EMILIA PESSOA VERAS;RUA HUMAITA S/N
JAGUARIBARA;72;53;CENTRO;E.E.M LICEU JOSE FURTADO DE MACEDO;AV. MARLINDA ELÓI, 389
FORTALEZA;1;144;CIDADE 2000;ESCOLA ESTADUAL ARQUITETO ROGERIO FROES;AVENIDA DAS GRAVIOLAS 1000
BANABUIÚ;6;470;CENTRO;EEF RAUL URQUID;RUA DEMÓCRITO PINTO, 280, CENTRO
IPUEIRAS;40;131;CARNAÚBAS;EEF GONÇALO XIMENES ARAGÃO - CARNAÚBAS;RUA JOSÉ ALEXANDRE, 752
MORADA NOVA;47;197;CENTRO;CAMARA MUNICIPAL DE MORADA NOVA;AV. MANOEL CASTRO, 764
VIÇOSA DO CEARÁ;35;57;SITIO OLARIA;E.E.F REGINALDO CARNEIRO DA CUNHA;SITIO OLARIA
FORTALEZA;3;397;ALDEOTA;RECEITA FEDERAL (SUPER. REG. DE ADM. NO ESTADO DO CEARÁ);RUA BARÃO DE ARACATI, 909
SÃO BENEDITO;22;39;CENTRO-SEDE;ESCOLA DE ENSINO FUNDAMENTAL FARIAS BRITO;PRACA DOM COUTINHO 864
MISSÃO VELHA;16;59;SEDE;SOCIEDADE PESTALOZZI DE MISSAO VELHA (ESPECIAL);RUA PADRE CICERO, 1292, CENTRO.
QUIXERAMOBIM;11;252;ARGENTINA SIQUEIRA;ESCOLA MARIA DO SOCORRO COELHO BENICIO;RUA D, S/N - QUADRA 04
MILAGRES;26;99;SITIO CARNAUBA;ESCOLA JOSE RODRIGUES BEZERRA;SITIO CARNAUBA
BEBERIBE;84;154;CENTRO;ESCOLA DE ENSINO FUNDAMENTAL E MEDIO ANA FACO;RUA VICENTE MATHIAS 119
GUARACIABA DO NORTE;74;29;SEDE;ESCOLA DE ENSINO MEDIO MARIA MARINA SOARES;RUA 12 DE NOVEMBRO - CENTRO
GUARACIABA DO NORTE;74;31;CRUZ;ESCOLA DE 1 GRAU MONSENHOR ANTONINO;RUA MONSENHOR EURICO
SANTANA DO ACARAÚ;44;54;CENTRO;CENTRO EDUCACIONAL MUNICIPAL JOAO CORDEIRO;RUA VIGARIO THEOTIMO 246
GUARACIABA DO NORTE;74;56;DISTRITO;ESCOLA DE ENS FUND JOSE GERARDO COELHO - SUSSUANHA;SUSSUANHA
FORTALEZA;85;166;AUTRAN NUNES;EM BERGSON GURJÃO FARIAS;AVENIDA SENADOR FERNANDES TÁVORA, 2500
RERIUTABA;79;26;PALMEIRA;E.E.I.F. MARIA DE LOURDES CASTRO E SILVA;PALMEIRA - ZONA RURAL
SANTANA DO ACARAÚ;44;43;DISTRITO PARAPUI;CENTRO DE EDUCAÇÃO INFANTIL YOLANDA QUEIROZ;RUA MODESTO VIDAL, S/N, PARAPUÍ
FORTALEZA;118;637;PASSARÉ;EM DELMA HERMÍNIA DA SILVA PEREIRA;AVENIDA PRESIDENTE COSTA E SILVA, 5606
JAGUARIBARA;72;46;CENTRO;PROF JOCELIN MARCONDES XAVIER DE ALMEIDA;AV. ZÉ LEITÃO, 236
ITAPAJÉ;41;92;PADRE LIMA;E.E.M. MONSENHOR CATAO PORFIRIO SAMPAIO;RUA TEIXEIRA PINTO 136
FORTALEZA;82;404;MONTE CASTELO;EEMTI CLÁUDIO MARTINS;RUA DEMÓCRITO ROCHA, 400
MILHÃ;55;116;VILA BOM ACERTO;ESCOLA DE ENSINO BASICO JOSE ENEIAS PINHEIRO;RUA JOSÉ ENEIAS PINHEIRO
FORTALEZA;113;329;FARIAS BRITO;ESCOLA ESTADUAL DE EDUCAÇÃO PROFISSIONAL  PRESIDENTE ROOSEVELT;AV BEZERRA DE MENEZES 435
JAGUARUANA;75;101;JUAZEIRO;E.E.F. PROFESSORA MOACINIRA MARIA MELO MOTA;RUA GERARDO PEREIRA DE MELO, 1216
FORTALEZA;1;351;MUCURIPE;ESCOLA MUNICIPAL JOSE RAMOS TORRES DE MELO;AVENIDA DA ABOLIÇÃO 3984
PIQUET CARNEIRO;12;180;CENTRO;EEMTI MARECHAL HUMBERTO DE ALENCAR CASTELO BRANCO;RUA PEDRO AMÉRICO ALVES, S/N
PACAJUS;49;231;CRUZ DAS ALMAS;EEF SEN VIRGILIO DE MORAIS FERNANDES TAVORA;RUA MONTEMOR SN
PACAJUS;49;252;ALTO DA BOA VISTA;EEF ARTUR BANDEIRA;RUA PROJETADA, S/N
PEREIRO;10;133;CENTRO;ESCOLA PINGO DE GENTE (ESPECIAL);RUA SEVERO HOLANDA S/N
VIÇOSA DO CEARÁ;35;179;CENTRO;E.E.F JOÃO FIRMINO DE SOUSA;BAIRRO SÃO JOSÉ
FORTALEZA;114;95;BARRA DO CEARÁ;CUCA BARRA DO CEARÁ;AV. PRES. CASTELO BRANCO, 6417
PEDRA BRANCA;59;102;TROIA;ESCOLA DE ENSINO FUNDAMENTAL JOSE CARDOSO DA SILVA;SITIO LAGES
GUARACIABA DO NORTE;74;180;SEDE;ESCOLA DE ENSINO MEDIO MARIA MARINA SOARES;RUA 12 DE NOVEMBRO - CENTRO
PINDORETAMA;7;120;COQUEIRO DO ALAGAMAR;EMEB MARIA NAIR DE VASCONCELOS;COQUEIRO DO ALAGAMAR - PINDORETAMA
FORTALEZA;1;400;CAIS DO PORTO;ESCOLA MUNICIPAL SAO VICENTE DE PAULO;AVENIDA ZEZE DIOGO 1247
GRANJEIRO;62;150;CENTRO;EEFM MIGUEL SARAIVA PINHEIRO;RUA HENRIQUE DE MACEDO SN
CAUCAIA;120;429;SITIOS NOVOS;E.E.F. ALICE MOREIRA DE OLIVEIRA;RUA HENRIQUE MARTINS, S/N
FORTALEZA;117;328;CANINDEZINHO;EM FLORIVAL ALVES SERAINE;RUA ITATIAIA, 1000
AURORA;69;100;TERRA VERMELHA-SITIO;ESCOLA MANOEL PIMENTA DA COSTA;SITIO TERRA VERMELHA
MARTINÓPOLE;25;219;CENTRO;E.E.F. PADRE JOSÉ ROBERTO (GINÁSIO);RUA JOAO BATISTA, 221
IGUATU;13;418;VILA COQUEIROS;ESCOLA DE ENS FUND CLARA ALVES DE ARAUJO;RUA JOSÉ VIEIRA BARBOSA SN
CRATO;27;133;SANTA FÉ;EEIEF PAULO LIMAVERDE;ROD. VICENTE TELES, SN. DISTRITO DE SANTA FÉ - SEDE.
IBIAPINA;73;37;CENTRO;ESCOLA MONSENHOR MELO (ESTADUAL);AV PEDRO FERREIRA DE ASSIS 284
IGUATU;13;35;VILA BRASILIA;LICEU DE IGUATU DR JOSE GONDIM;RUA 25 DE MARCO S/N
IGUATU;13;104;AREIAS I;ESCOLA DE ENS MÉDIO ADAUTO BEZERRA;RUA DEOCLECIO LIMA VERDE SN
FORTALEZA;117;275;PARQUE PRESIDENTE VARGAS;COLÉGIO CASTRO ALVES;RUA TULIPA NEGRA, 2319
ACARAPE;52;48;CENTRO;ESCOLA MARIA DO CARMO BEZERRA;RUA SEBASTIAO BEZERRA, SN
CHORÓ;6;161;SANTA RITA;EEF SÃO MATEUS;SÃO MATEUS, S/N
TAUÁ;19;131;CARRAPATEIRAS;ESC PREF PEDRO PEDROSA DE CASTRO CASTELO (JOAO CASSIMIRO DE OLIVEIRA);SANTO ANTONIO DO CARRAPATEIRAS
VIÇOSA DO CEARÁ;35;12;CENTRO;E.E.M DR JULIO DE CARVALHO;RUA JOSE JOAQUIM DE CARVALHO, 496
CASCAVEL;7;13;BESSALANDIA;ESC.ENS.FUND. JULIA DE MELO;RUA GABRIEL GOMES BARBOSA
PACAJUS;49;235;CONJUNTO COHAB;EEF MARIA VALCIRA NUNES NOGUEIRA;AV TEREZINHA LOPES MARTINS 34
FORTALEZA;80;207;ALTO DA BALANÇA;EEF CIRCULISTA BOM JESUS;RUA JOSE BUSON 101
FORTALEZA;116;379;GRANJA PORTUGAL;CRECHE PEQUENO MUNDO DE FLORA;RUA ANTONIO NERI, 1350
FORTALEZA;2;832;MESSEJANA;COLÉGIO PAIVA ANDRADE;RUA INÁCIO MOREIRA, 133
CAMOCIM;32;57;BOA ESPERANCA;C.E.I PROFESSORA SUZANA MARIA SABOIA;RUA CURITIBA, S/N
CAUCAIA;123;317;PARQUE POTIRA (JUREMA);COLÉGIO ESTADUAL LICEU DE CAUCAIA;RUA ARAQUÉM, 1100 - PARQUE POTIRA (JUREMA)
CASCAVEL;7;83;MOITA REDONDA;E.E.F. VEREADOR AUGUSTO DANTAS DE SOUSA;POVOADO MOITA REDONDA
AQUIRAZ;66;247;BARRO PRETO;EMEF RAIMUNDA FERREIRA DA SILVA;RUA MESTRE CHAGAS S/N
CASCAVEL;7;1;CAPONGA;E.E.F.M. RONALDO CAMINHA BARBOSA;ESTRADA DO PRATIUS, 1985
CAMPOS SALES;38;76;B. BARRAGEM;E.E.F.T.I - TAB. VICENTE ALEXANDRINO DE ALENCAR - SEDE;RUA RAIMUNDO INÁCIO DE FIGUEIREDO,S/N
CAMPOS SALES;38;162;ZONA RURAL;E.E.I.F MANOEL JOSÉ DA SILVA - AGROVILA SÃO JOSÉ - (ACOCÍ);RUA JORGE AMADO
SÃO GONÇALO DO AMARANTE;36;98;VIOLETE-POVOADO;ESCOLA DE ENSINO FUNDAMENTAL JOSE PEREIRA BARROS;VIOLETE
CRATO;27;300;OSSIAN ARARIPE;CRECHE AILZA GONÇALVES FELÍCIO;RUA JOSÉ HONOR DE BRITO, SN, PANTANAL
IPAPORANGA;20;296;ALTO DO BOM PRINCÍPIO;ESCOLA DE ENSINO FUNDAMENTAL WALDEMAR DE ALCÂNTARA;RUA PEDRO CORREIA LEITÃO, 45
ABAIARA;26;72;CENTRO;ESCOLA ROSA TAVARES LEITE;RUA MISAEL ALVES DE MEDEIROS 295
GROAÍRAS;65;104;JOSE CASSIANO FEIJAO;EEF PROFESSORA JULIA ELISA FARIAS;AV SAO JOSE, 1610
CRATO;27;376;NOSSA SENHORA DE FÁTIMA;CEI PROFESSORA SILVANY INÁCIO DE SOUSA;AVENIDA DAVI ARAÚJO NOBRE, S/N - FILEMON LIMAVERDE
ITAITINGA;78;236;CENTRO;EEF VALMIQUE SAMPAIO ALBUQUERQUE;RUA JOSMO GURGEL ARAUJO, 1256
MARACANAÚ;104;130;PAJUÇARA;EMEF RODOLFO TEÓFILO;RUA OTÁVIO ALVES, 1120
IRAUÇUBA;41;162;MISSI;ESCOLA MUNICIPAL JULIO CESAR DE AZEVEDO;RUA MANOEL BARBOSA MACIEL, SN
BAIXIO;92;81;CENTRO - SEDE;E.E.F.T.I. CEL HUMBERTO BEZERRA;RUA MARIA DA GLORIA, 20
MAURITI;76;56;SAO MIGUEL-DISTRITO;EEIF CAREOLANO LEITE;RUA SALUSTIANO RODRIGUES, S/N
ITATIRA;33;412;LOCALIDADE ALEGRE I;EEF MARECHAL RONDON;ALEGRE I
CRUZ;30;84;CENTRO;ESCOLA SAO FRANCISCO DA CRUZ;RUA PROFESSORA FILO  SN
MARACANAÚ;122;3;NOVO MARACANAU;EMEIEF PROFª MARIA DO SOCORRO VIANA FREITAS;RUA 10 S/N
LAVRAS DA MANGABEIRA;14;97;BOTIJA - SITIO;EEIF RAIMUNDO JOSÉ DA FONSECA;SITIO BOTIJA
QUIXELÔ;13;151;CENTRO;EEF CRISTIANA VIEIRA DE ARAUJO;RUA PEDRO GOMES DE ARAÚJO S/N
FORTALEZA;117;242;MANOEL SÁTIRO;EMEIF MARIA BEZERRA QUEVEDO;RUA 103, 28 - CJ. NOVO MONDUBIM
CRATO;27;15;CENTRO;COLÉGIO DIOCESANO DO CRATO;RUA NÉLSON ALENCAR, 569
QUIXADÁ;6;369;CAMPO NOVO;EEF JOSÉ BONIFÁCIO DE SOUSA (ESCOLA MODELO);TRAVESSA DA LAVANDERIA, 152
MIRAÍMA;89;242;ÁREA RURAL DE MIRAÍMA;EEB ANICETO TEIXEIRA;JUREMAL
SENADOR POMPEU;12;66;BONFIM;EEIEF MANUEL RUFINO DA SILVA;LAGOA NOVA
FORTALEZA;116;442;BONSUCESSO;EM XV DE OUTUBRO;RUA GUARANI, 2030
MORRINHOS;44;170;BOM PRINCIPIO;EMEF ZÓZIMO MARINHO DE ANDRADE;CE 319 KM 6 BOM PRINCIPIO
MORADA NOVA;47;3;SAO JOSE;EEB PROFESSORA HILDA PONCIANO DE OLIVEIRA LIMA(ESCOLA MODELO);RUA RAIMUNDO CARNEIRO GIRÃO, 872
CEDRO;13;444;CENTRO;ESCOLA DE ENS FUND SAO JOAO BATISTA;RUA SENADOR JOAO TOME N 70
CAUCAIA;37;590;JANDAIGUABA;E.E.I.E.F. MARIA HELENA MOREIRA DA SILVA;RUA DO GRUPO, 249
GUARACIABA DO NORTE;74;134;CENTRO;CENTRO PASTORAL NOSSA SENHORA DOS PRAZERES;R. CEL.CLÍNIO MEMÓRIA, 281 - CENTRO
FORTALEZA;116;452;BONSUCESSO;EM ANTONIO DIOGO DE SIQUEIRA;RUA ANSELMO NOGUEIRA 655
POTENGI;68;64;VILA ANDRADE;CRECHE SONHO MEU - ANTIGO CENTRO ADMINISTRATIVO - SEDE;VILA ANDRADE
JUAZEIRO DO NORTE;119;258;LAGOA SECA;ESCOLA PROFESSORA MARIA GERMANO;RUA ARNOBIO BACELAR CANECA SN
JUAZEIRO DO NORTE;119;389;ANTONIO VIEIRA;ESCOLA PREFEITO ANTONIO CONSERVA;CONSTRUTOR JOSE SABINO SN
MISSÃO VELHA;16;7;TRILHO DE FERRO;EEF MAJOR FELIPE;AVENIDA BRASILIA S/N.
CARNAUBAL;22;19;SITIO CACHOEIRA DO SUL;CRAS - CACHOEIRA DO SUL;SITIO CACHOEIRA DO SUL
JUAZEIRO DO NORTE;119;271;ANTONIO VIEIRA;ESCOLA PREFEITO ANTONIO CONSERVA;CONSTRUTOR JOSE SABINO SN
FARIAS BRITO;62;210;QUINCUNCA;EEF COSMO ALVES PEREIRA;RUA LADISLAU PEREIRA, 77
HORIZONTE;78;223;CENTRO;EEMTI MARIA DOLORES ALCÂNTARA E SILVA;AV. JUVENAL DE CASTRO, 645
CAMOCIM;32;50;BRASILIA;EEI MONS INACIO NOGUEIRA MAGALHAES - LIONS;RUA JOAQUIM TÁVORA SN
CRUZ;30;113;ZONA RURAL;ESCOLA JOAQUIM JOSE MONTEIRO;LAGOA DOS MONTEIROS
MULUNGU;5;141;CENTRO-SEDE;POSTO DE SAÚDE (SEDE);RUA MILTON FACANHA ABREU S/N
BARRO;92;12;CENTRO-SEDE;ESCOLA DE 1 GRAU SOCORRO FALCAO;RUA MAJOR JANUARIO S/N
IPAUMIRIM;92;130;SAO VICENTE-SITIO;ASSOCIAÇÃO DOS AGRICULTORES DO SÍTIO SÃO VICENTE;SÍTIO SÃO VICENTE
FORTALEZA;115;462;MANOEL SÁTIRO;EM HENRIQUETA GALENO;RUA MAJOR MONTENEGRO 917
JAGUARIBARA;72;49;CENTRO;PROF JOCELIN MARCONDES XAVIER DE ALMEIDA;AV. ZÉ LEITÃO, 236
JUCÁS;43;133;MONTENEGRO - SÍTIO - SEDE;ESCOLA DE 1 GRAU MARIA DO CARMO DA CONCEICAO;SÍTIO MONTENEGRO
MAURITI;76;85;BURITIZINHO-DISTRITO;EEF JOAQUIM PIMENTA;POVOADO DE SÃO SEBASTIÃO
PORTEIRAS;70;419;ZONA RURAL;E E I F PROFESSORA BEATRIZ PINHEIRO DA COSTA;SÍTIO MUQUEM
FORTALEZA;2;419;LAGOA REDONDA;EMEIF MOREIRA DA ROCHA;AV ODILON GUIMARAES, 3860
FORTALEZA;1;391;VICENTE PINZON;CIES AIDA SANTOS;AVENIDA TRAJANO DE MEDEIROS  813
ITAPIPOCA;17;89;ARAPARI;EEB FRANCISCO JOAQUIM DE SOUSA FILHO;ITAQUATIARA
FORTALEZA;93;229;PREFEITO JOSÉ WALTER;EM DIOGO VITAL DE SIQUEIRA;AVENIDA L , S/N
VIÇOSA DO CEARÁ;35;11;CENTRO;E.E.F PEQUENO POLEGAR;RUA SILVA JARDIM S/N
MASSAPÊ;45;98;ZONA RURAL;EEF FRANKLIN JUNIOR DE SOUSA;POVOADO DE PAUS BRANCOS
GRANJA;25;230;PESSOA ANTA;E.E.F. VEREADOR INÁCIO BARCELOS;RECANTO
ICÓ;15;144;SANTO ANTONIO - SITIO;ESCOLA DE ENSINO FUNDAMENTAL SÃO JOÃO;SITIO SANTO ANTONIO
CAUCAIA;37;510;TABAPUÁ;E.E.I.E.F. AFFONSO DE MEDEIROS;RUA 05, S/N
GUARACIABA DO NORTE;74;150;DISTRITO;COLEGIO AFONSO RODRIGUES;SITIO SANTO AMARO
NOVA RUSSAS;48;175;PEIXE;COLÉGIO MARIA CONCEIÇÃO MOURA LINHARES;LOCALIDADE DE PEIXE,
CAMOCIM;32;244;BOA ESPERANCA;ESCOLA MUNICIPAL DE 1 GRAU FCO OTONI COELHO;RUA BANDEIRANTES 646
CRATO;27;86;SEMINÁRIO;EEMTI GOVERNADOR ADAUTO BEZERRA;RUA MARCOS MACEDO S/N
FORTALEZA;112;49;JARDIM DAS OLIVEIRAS;EM MARIA DE LOURDES RIBEIRO JEREISSATI;RUA REINO UNIDO, 115
FORTALEZA;118;558;MONDUBIM;EM PROFESSOR JACINTO BOTELHO;RUA DR. RODRIGO CODES SANDOVAL, 374
IRAUÇUBA;41;256;SACO VERDE;ESCOLA MUNICIPAL EDSON QUEIROZ;SACO VERDE
CRATO;27;160;CENTRO;COLÉGIO DIOCESANO DO CRATO;RUA NÉLSON ALENCAR, 569
FORTALEZA;117;392;SIQUEIRA;ESCOLA MUNICIPAL PROF JOSE CÍRIO PEREIRA FILHO;RUA QUARTZO ROSA, 100
CRATO;27;343;SÃO MIGUEL;EEEP MARIA VIOLETA ARRAES DE ALENCAR GERVAISEAU;AVENIDA TEODORICO TELES, SN
JAGUARETAMA;72;16;CENTRO;E.E.M INSTITUTO IMACULADA CONCEICAO;RUA ANTONIO PINTO 301
GROAÍRAS;65;108;CENTRO;EEFM MONSENHOR LINHARES;RUA RAIMUNDO NONATO ALBUQUERQUE, 201
CRATO;27;94;SEMINÁRIO;EEIEF LICEU DIOCESANO DE ARTES E OFÍCIOS;RUA DUARTE JÚNIOR S/N
CAUCAIA;123;375;NOVA METRÓPOLE (JUREMA);E.E.F. EDGARD VIEIRA GUERRA;AV. CONTORNO SUL, 255
VÁRZEA ALEGRE;62;122;IBICATU;EEF JOAQUIM ALVES DE OLIVEIRA;SÍTIO VACARIA
UMIRIM;23;285;BANANA;E.E.M. MARIA IRACEMA UCHOA SALES (LICEU);RUA RUFINO DE SOUSA, S/N
MISSÃO VELHA;16;46;SEDE;CAMARA MUNICIPAL PALACIO JOSE CORREIA LIMA;RUA PADRE CICERO, SN, CENTRO.
MIRAÍMA;89;260;BROTAS;EEFM VICENTE ANTENOR FERREIRA GOMES;BROTAS
BEBERIBE;84;66;ITAPEIM;ESCOLA MUNICIPAL SAO RAIMUNDO;ALTO ALEGRE
FORTALEZA;1;664;VICENTE PINZON;ESCOLA PROFISSIONAL MARIA ANGELA DA SILVEIRA BORGES;RUA PINTOR ANTONIO BANDEIRA, S/N
CHAVAL;108;34;CENTRO;EEF SANTO ANTÔNIO;RUA MONSENHOR CARNEIRO  S/N
SOBRAL;121;163;CENTRO;ESCOLA OSMAR DE SA PONTE;RUA PINTOR LEMOS, S/N
FORTALEZA;114;273;JARDIM IRACEMA;EEMTI PROFESSORA BALBINA JUCA ALBUQUERQUE;AVENIDA MAJOR ASSIS 346
PORTEIRAS;70;395;MALHADA REDONDA;POSTO DE SAÚDE JOÃO AGOSTINHO DOS SANTOS;SITIO MALHADA REDONDA
MARACANAÚ;104;81;JEREISSATI II;EMEIEF GENCIANO GUERREIRO DE BRITO;AVENIDA XII, N 3
SÃO GONÇALO DO AMARANTE;36;141;SIUPE-DISTRITO;ESCOLA DE ENSINO FUNDAMENTAL DONA FILOMENA MARTINS;SIUPE
CANINDÉ;33;9;MONTE ;EMEF SÃO FRANCISCO;AV FRANCISCO CORDEIRO CAMPOS, 500
NOVA RUSSAS;48;86;ALTO DA BOA VISTA;EMTI ALFREDO GOMES;RUA QUINTINO BOCAIUVA 520
CRATEÚS;20;124;CENTRO;SINDICATO DOS TRABALHADORES RURAIS DE CRATEUS;RUA CEL LUCIO 715
LAVRAS DA MANGABEIRA;14;82;IRAPUÁ - SITIO;ESCOLA DE ENSINO INFANTIL E FUNDAMENTAL RAIMUNDO BATISTA DE SOUSA;SITIO IRAPUA
NOVA RUSSAS;48;60;LAGOA DE SÃO PEDRO;ESCOLA MUNICIPAL MANUELA DO NASCIMENTO FREITAS;DISTRITO LAGOA DE SÃO PEDRO,
AURORA;69;19;CENTRO-SEDE;E.E.F.M. JOSE PINTO QUEZADO;VILA PAULO GONÇALVES, S/N
PEREIRO;10;167;CENTRO;ESCOLA PINGO DE GENTE (ESPECIAL);RUA SEVERO HOLANDA S/N
FORTALEZA;118;686;PASSARÉ;EEMTI INTEGRADA 2 DE MAIO;AVENIDA DA SAUDADE, S/N
TURURU;17;704;ESTAÇÃO;EMEF ANTONIO PIRES CHAVES;RUA ANTONIO PIRES 100
MAURITI;76;33;PALESTINA DO CARIRI-DISTRITO;EEF OSSIAN ARARIPE;VILA DNOCS
FORTALEZA;115;389;VILA PERI;COLEGIO JIM WILLSON;AV. AUGUSTO DOS ANJOS, 1915
JATI;70;368;CENTRO-SEDE;ESC ENS FUND PADRE MANOEL ALVES FEITOSA;RUA MANUEL LUIZ S/N
GRANJA;25;212;SÃO JOSE;E.E.F. SÃO JOSÉ (IBUGUAÇU);SITIO SÃO JOSÉ - IBUGUAÇU
BARREIRA;52;136;CÓRREGO;ESCOLA MANUEL LIBERATO DE CARVALHO;CÓRREGO
RUSSAS;9;291;MELANCIAS;ESCOLA MUNICIPAL LUIZ FERREIRA LIMA;MELANCIAS
RERIUTABA;79;38;AMANAIARA;E.E.F. DEPUTADO MANOEL RODRIGUES;DISTRITO DE AMANAIARA - CENTRO
PORTEIRAS;70;287;SIMAO-SEDE;E E I F JOSÉ ARISTARCO CARDOSO;VILA SIMAO
BREJO SANTO;70;226;ARAUJÃO;UNIVERSIDADE FEDERAL DO CARIRI - UFCA;RUA OLEGÁRIO EMÍDIO DE ARAÚJO, S/N
PARACURU;109;36;CENTRO;E. M. E. F. ANTONIO SALES;RUA CAP JOSE TELES, S/N
CAUCAIA;37;214;CENTRO;E.E.F. BRANCA CARNEIRO DE MENDONCA;PRACA DA MATRIZ, 666
PACATUBA;57;180;ÁREA RURAL DE PACATUBA;EEIEF FIRMINO DE ABREU;RUA DA IGREJA, 299, DISTRITO ALTO FECHADO
PENAFORTE;70;335;CENTRO-SEDE;ESCOLA DE ENSINO INFANTIL E FUNDAMENTAL PROFESSORA LEDITE ANGELO;RUA MONSENHOR ALCANTARA 05
TAUÁ;19;93;SANTA TEREZA;EMEF AMANCIO CORDEIRO JUNIOR;VILA SANTA TEREZA
TRAIRI;97;109;AGUA BOA DOS SALES;SALAO SAO JOAO BATISTA;AGUA BOA DOS SALES
URUOCA;25;161;CAMPANARIO;C.E.I. ANTONIA ALMEIDA BATISTA;RUA ANTONIA ALMEIDA BATISTA, N.107, CAMPANARIO
HORIZONTE;78;85;CENTRO;EEM RAIMUNDO NOGUEIRA;RUA RAIMUNDO NOGUEIRA, 103
PEDRA BRANCA;59;144;SANTA URSULA;EEFIT MARIA ALVES DE OLIVEIRA;AV SABINO VIEIRA CAVALCANTE, 320
AQUIRAZ;66;203;TELHA-CAMARA;CEI ALDENORA CARDOSO PORTO;RUA JOSE AMORA MOREIRA, S/N
FORTALEZA;115;171;MONTESE;EEMTI JOAO MATTOS;RUA ALMIRANTE RUBIM, 1014
FORTALEZA;116;86;GRANJA PORTUGAL;EM CONCEICAO MOURAO;RUA DUAS NACOES 550
FORTALEZA;85;203;GENIBAÚ;ESCOLA MUNICIPAL PROF AMERICO BARREIRA;RUA RICARDO PONTES 529
FORTALEZA;2;96;LAGOA REDONDA;COLÉGIO AGNUS SUL;TRAVESSA MARROCOS, 145
FORTALEZA;2;429;MESSEJANA;EEM LICEU DE MESSEJANA;AVENIDA WASHINGTON SOARES 7702
FORTALEZA;1;733;VICENTE PINZON;ESCOLA MUNICIPAL PROF BELARMINA CAMPOS;RUA MANOEL RODRIGUES MONTEIRO, 840
MADALENA;63;251;SEDE;EEF DAU ALBERTO;CAJAZEIRAS
QUIXADÁ;6;108;SÃO JOÃO DOS QUEIROZ;EEF JOÃO GONÇALVES DA ROCHA;SÃO JOÃO DOS QUEIROZ, S/N
PARAMOTI;111;154;ZONA RURAL;EMEF SANTA RITA;POVOADO DE PARAÍSO/MULUNGU
BARRO;92;55;CUNCAS-DISTRITO;ESCOLA DE ENSINO FUNDAMENTAL PROFA. CATARINA TAVARES;DISTRITO DE CUNCAS
CRATEÚS;20;54;SÃO VICENTE;SEDE DA SOCIEDADE DE SÃO VICENTE DE PAULO;RUA ZACARIAS CARLOS DE MELO 738
CRATEÚS;20;45;IPASE;ESCOLA DE CIDADANIA AIRAN VERAS;RUA CAPISTRANO DE ABREU SN
FORTALEZA;3;223;CENTRO;UNIARI - CENTRO UNIVERSITÁRIO ARI DE SÁ;AV. HERÁCLITO GRAÇA, 826
FORTALEZA;3;285;PRAIA DE IRACEMA;EM SÃO RAFAEL;RUA DOS TABAJARAS, 244
LIMOEIRO DO NORTE;29;177;JOÃO XXIII;EEF EVALDO HOLANDA MAIA;RUA PADRE VICENTE S/N
NOVA RUSSAS;48;199;ALTO DA BOA VISTA;POLO DE ATENDIMENTO RODOLFO FILHO;RUA FRANCISCO LOPES, S/N
CEDRO;13;473;CANDEIAS;ESCOLA DE ENS FUND E MEDIO FRANCISCO HENRIQUE DA COSTA;DISTRITO DE CANDEIAS
CAMPOS SALES;38;107;BAIRRO BATALHÃO;E.E.I.F MANOEL DUARTE DE SÁ BARRETO - SEDE;RUA IZABEL MENDES, 193
ICÓ;15;101;CENTRO - SEDE;ESCOLA MUNICIPAL MARIA IRISMAR MACIEL MOREIRA;RUA SAO GERALDO S/N
FORTALEZA;115;297;MARAPONGA;COLEGIO PROVECTO;RUA SUIÇA, 76
RUSSAS;9;179;BARRO VERMELHO;ESCOLA MUNICIPAL PAROQUIAL SAO JOAQUIM;BARRO VERMELHO
GRAÇA;79;135;SITIO VERDE;EEF JOÃO ALVES DE ALCÂNTARA;SITIO VERDE
SOBRAL;24;543;ALTO DO CRISTO;EEMTI PREFEITO JOSE EUCLIDES F. GOMES JUNIOR-(ANTIGO CIRAO);AV. HUMBERTO LOPES
SOBRAL;24;641;JUNCO;SESI;AV. DR. JOSÉ ARIMATÉIA M SILVA, 1701
VIÇOSA DO CEARÁ;35;48;ZONA RURAL;E.E.F JOÃO EUCLIDES DE MORAIS;VILA JUA DOS VIEIRAS SN
PEDRA BRANCA;59;109;CAPITÃO MOR;ESCOLA DE ENSINO FUNDAMENTAL NOSSA SRA DO CARMO;SITIO LAGOA DOS CRISTOVAO
CRATEÚS;20;98;TUCUNS;ESCOLA DE CIDADANIA JOSE ARAUJO VERAS;QUEIMADAS
CASCAVEL;7;96;CAPONGA;E.E.F.M. RONALDO CAMINHA BARBOSA;ESTRADA DO PRATIUS, 1985
CAUCAIA;123;547;PARQUE DAS NAÇÕES (JUREMA);ESCOLA BRASILEIRINHO;RUA MÉXICO, 1753
IGUATU;13;289;RIACHO VERMELHO;ESCOLA DE ENS FUND DOMINGOS FELIX TEIXEIRA;SITIO RECREIO
ITAPIPOCA;17;702;CALUGI;EEB JOSEFA PEREIRA DE SOUSA;MACACO II
PACATUBA;57;2;ALTO SAO JOAO;PROJETO ABC-PACATUBA;RUA FRANCISCO LOPES SOBRINHO, 1619
MORADA NOVA;47;40;CENTRO;CEBCJEC -CENTRO DE EDUCAÇÃO BÁSICA CORONEL JOSÉ EPIFÂNIO DAS CHAGAS;AV MANOEL CASTRO, 600
FORTALEZA;1;826;PRAIA DO FUTURO II;ESCOLA MUNICIPAL DOM ALOISIO LORSCHEIDER;RUA JULIO SILVA, 450
MISSÃO VELHA;16;23;ZONA RURAL;EEF JOSE ANDRE DA SILVA;SITIO OLHO D'AGUA COMPRIDO
MARACANAÚ;122;48;ALTO DA MANGUEIRA;EEF ALBANIZA ROCHA SARASATE;TRAVESSA ANTONIO JUSTA S/N
CAUCAIA;123;474;ARATURI (JUREMA);E.E.F.M. PRESIDENTE JOSÉ SARNEY;AV. CENTRAL OESTE, 262
CRATEÚS;20;108;SANTO ANTÔNIO;ESCOLA DE CIDADANIA DE SANTO ANTONIO;SANTO ANTONIO
ALTANEIRA;53;141;SÍTIO TABULEIRO;UNIDADE BÁSICA DE SAÚDE DO SÍTIO TABULEIRO;SÍTIO TABULEIRO, SN
MIRAÍMA;89;255;CENTRO;EEB FRANCISCA BRAGA LIMA;RUA JOÃO BARROSO 546
MORRINHOS;44;174;SAO LUIS;EMEF FRANCISCO ABDORAL ROCHA;AV CORACAO DE MARIA S/N
BARBALHA;31;171;SÍTIO BOA ESPERANÇA (ARAJARA);CEI MARIA RAIMUNDA DO ESPÍRITO SANTO DA COSTA (ARAJARA);SÍTIO BOA ESPERANÇA, S/N - DISTRITO DE ARAJARA (7.34129 S, 39.38988 W)
CEDRO;13;524;PEGA AVOANTE;ESCOLA DE ENS FUND ARAKEN SEDRIN DE AGUIAR;RUA SAO JOSE 1790
PORANGA;40;134;IRAPUÁ;ESCOLA DE ENSINO FUNDAMENTAL SÃO FRANCISCO - IRAPUÁ;IRAPUÁ
FORTALEZA;114;308;JARDIM IRACEMA;EM MARIA DALVA SEVERINO MARREIRO;RUA RIO PARAGUAI 782
FORTALEZA;82;685;CARLITO PAMPLONA;EEMTI JOSÉ VALDO RIBEIRO RAMOS;RUA PEDRO AMÉRICO, 100
FORTALEZA;115;468;VILA PERI;EEM PROF. HERMENEGILDO FIRMEZA;RUA GABRIEL FIUZA 360
SOBRAL;24;69;CORAÇÃO DE JESUS;COLEGIO CORACAO DE JESUS;AVENIDA DA UNIVERSIDADE
CROATÁ;74;90;SEDE;ESCOLA DE EDUCACAO BASICA DOM TIMOTEO;RUA MANOEL BRAGA SN - CENTRO
BOA VIAGEM;63;103;LAGOA DOS FILOS-IBUACU;EEF FRANCISCO PEREIRA DA SILVA (LAGOA DOS FILÓS);LAGOA DOS FILOS
GUAIÚBA;57;181;HELDER BEZERRA;EEM JOSÉ TRISTÃO FILHO;RUA MARIA DO CARMO, 100
TARRAFAS;18;151;ZONA RURAL;ESCOLA DE ENSINO FUNDAMENTAL JOSE EUTIDES VILANOVA;RUA JOSE EUTIDES VILANOVA S/N - ZONA RURAL
SOBRAL;121;133;CENTRO;COLEGIO FARIAS BRITO SOBRALENSE;PRACA QUIRINO RODRIGUES S/N
SANTA QUITÉRIA;54;185;ASSENTAMENTO GROAÍRAS;E. E.  F. FRANCISCO AGOSTINHO FEIJÓ;ASSENTAMENTO GROAÍRAS
FORTALEZA;116;457;JOÃO XXIII;COLEGIO LIMA NOGUEIRA;RUA JULIO BRAGA, 1117
SÃO GONÇALO DO AMARANTE;36;57;CENTRO;ESCOLA DE ENSINO MÉDIO EM TEMPO INTEGRAL ADELINO CUNHA ALCANTARA;RUA CORONEL NECO MARTINS 220 - SEDE
CAUCAIA;123;381;ARATURI (JUREMA);E.E.I.E.F. RITA DE CÁSSIA BRASILEIRO PONTES;AV. CENTRAL, 1112
ABAIARA;26;14;SÍTIO OLHO DAGUA DE PEDRA;ESCOLA PRESIDENTE CASTELO BRANCO;SITIO OLHO DAGUA DA PEDRA
LIMOEIRO DO NORTE;29;203;ANTÔNIO HOLANDA;IFCE - CENTRO DE REFERÊNCIA CIDADE ALTA;R. RAIMUNDO TOMÁS DE AQUINO, 2742
ARACOIABA;67;88;CENTRO-SEDE;ESCOLA MUNICIPAL DRA. NÁGILA MARIA PONTES PAZ PASSOS;AV DA INDEPENDENCIA SN
CARNAUBAL;22;211;SEDE;ESCOLA COSME RODRIGUES DE SOUSA;RUA PRESIDENTE MEDICE SN
PACATUBA;57;11;ALTO SAO JOAO;PROJETO ABC-PACATUBA;RUA FRANCISCO LOPES SOBRINHO, 1619
CASCAVEL;7;214;MUTIRÃO;ESC.ENS.FUND. LIBIA RIBEIRO;RUA LIBIA RIBEIRO, S/N
FORTALEZA;116;24;GRANJA PORTUGAL;CEI REITOR ANTONIO MARTINS FILHO - UNIDADE 2;RUA HUMBERTO LOMEU 1220
PIRES FERREIRA;21;149;DISTRITO;E.E.F. JOAQUIM GOMES DE LIMA;SERROTA DOS CARNEIROS
FORTALEZA;2;144;MESSEJANA;EM JOSEFA BARROS DE ALENCAR;RUA DOUTOR JOAQUIM BENTO 590
SÃO GONÇALO DO AMARANTE;36;276;SALGADO DOS MOREIRAS;ESCOLA DE ENSINO FUNDAMENTAL JOAO MOREIRA BARROSO;SALGADO DOS MOREIRAS
FARIAS BRITO;62;232;CARIUTABA;EEF PEDRO FERNANDES DE ALCANTARA;RUA ANTONIA DALICE DE OLIVEIRA, S/N  -  CARIUTABA
ITAREMA;98;202;ZONA RURAL;EEF LUIZ GOMES DE SOUSA;COMONDONGO
JUAZEIRO DO NORTE;119;149;ROMEIRAO;CRECHE PROFESSORA MARIA LUIZA DANTAS;RUA ODILIO FIGUEIREDO, 264
PARAIPABA;109;148;SETOR E;EMEF VICENTE VASCONCELOS DA SILVA;PROJETO IRRIGADO DO CURU - SETOR E
PARAIPABA;109;175;BOA ESPERANÇA;EEEP FLÁVIO GOMES GRANJEIRO;RUA MARIA MOREIRA, SN
OCARA;67;178;CENTRO-SEDE;ESCOLA MUNICIPAL LUIS CANDIDO DE OLIVEIRA - ENS FUND E MEDIO;AV CORONEL JOAO FELIPE SN
FORTALEZA;1;821;MUCURIPE;ESCOLA MUNICIPAL CONSUELO AMORA;AV. DOS JANGADEIROS, 577
PALMÁCIA;4;150;CENTRO;CRAS CLEMENTINO RODRIGUES CAMPELO;RUA FRANCISCO DE QUEIROZ, S/N
SOBRAL;24;437;ALTO DA BRASÍLIA;EEFI RAIMUNDO PIMENTEL GOMES - CAIC;RUA PRINCESA ISABEL, S/N
PORTEIRAS;70;274;CENTRO-SEDE;E E F ADALBERTO LEITE TAVARES;RUA JOAQUIM TAVORA S/N
TRAIRI;97;127;GUALDRAPAS;EEF NOSSA SENHORA APARECIDA;GUALDRAPAS
FORTALEZA;85;254;ANTÔNIO BEZERRA;EEF PATRONATO DA SAGRADA FAMILIA;RUA MARTINS NETO 379
JUAZEIRO DO NORTE;119;31;FREI DAMIAO;ESCOLA MARIO DA SILVA BEM;RUA VEREADOR RAIMUNDO JOSÉ DA SILVA
GUARACIABA DO NORTE;74;93;SEDE;E.E.I.F. JOÃO BARRETO DOS SANTOS;RUA 12 DE MAIO - CENTRO
FORTALEZA;118;332;PASSARÉ;COLEGIO EXODUS;RUA DOUTOR EDUARDO DIAS, 156
ARACATI;8;65;PEDREGAL;E.E.F. PROF ANTONIO MONTEIRO;NUCLEO HABITACIONAL
MOMBAÇA;46;111;CENTRO;E. E. E. F. M. PROFESSOR PEDRO JAIME;AV. CÍCERO MARQUES, 02
TABULEIRO DO NORTE;91;1;CENTRO;ESCOLA DE 1 E 2 GRAUS FRANCISCO MOREIRA FILHO;RUA MANOEL FRANKLIN, 5033
HORIZONTE;78;180;CENTRO;CENTRO CULTURAL;RUA BATURITE, 776 ESQ C/RAIMUNDO ALVES DA SILVA
HORIZONTE;78;366;CATOLÉ;CEI - JOSE ANTONIO DA SILVA;RUA JOAO DE SOUSA FALCAO, 776
CRATO;27;315;SÃO MIGUEL;MINISTÉRIO DO TRABALHO E EMPREGO - AGÊNCIA DE CRATO/CE;AVENIDA PERIMETRAL DOM FRANCISCO, 491
RUSSAS;9;84;FLORES;ESCOLA MUNICIPAL INÁCIO DE BARROS NETO;RUA JOÃO ANTÔNIO 2383
AQUIRAZ;66;302;LAGOA DO RAMO;EMEF JOSE RAIMUNDO DA COSTA (COMUNIDADE QUILOMBOLA);ESTRADA RAMOS -SITIO  RUSSEGA - LAGOA DO RAMOS
CAUCAIA;120;335;CAPUAN;E.E.F. JOSE ALEXANDRE;RUA DA LAGOA, 135
ITAITINGA;78;275;CARACANGA;EEF HORACIO ALVES FERREIRA;AV CRUZEIRO DO SUL 412
CRATEÚS;20;7;MONTENEBO;ESCOLA DE CIDADANIA MARIA BEZERRA DE SOUSA;CABECA DA ONCA
VIÇOSA DO CEARÁ;35;171;SITIO DELGADA;E.E.F. FRANCISCO SALES RODRIGUES;SITIO DELGADA
ITAPIPOCA;17;551;CRUXATI;EEB PEDRO FRANCISCO DE ASSIS;CURA I
SANTANA DO CARIRI;53;71;BREJO GRANDE;EMEIEF OSVALDO DAXO DE ALENCAR;BREJO GRANDE, SN
MARACANAÚ;122;50;ALTO DA MANGUEIRA;EEF ALBANIZA ROCHA SARASATE;TRAVESSA ANTONIO JUSTA S/N
JUAZEIRO DO NORTE;119;38;LAGOA SECA;UNILEÃO - CAMPUS SAUDE (PRÓXIMO AABB);AVENIDA LEAO SAMPAIO, 400
JUAZEIRO DO NORTE;119;222;SANTA TEREZA;COLEGIO POLIVALENTE;JOSE MARROCOS SN
MADALENA;63;185;SEDE;EEF JOSE JOAQUIM DOS SANTOS;MANGA
CASCAVEL;7;204;VILA PACHECO;ESC.ENS.FUND. LUIS PACHECO DO AMARAL - LUPAM;RUA JOSUE DE SOUSA MONTEIRO - SEDE
ITAREMA;98;167;ZONA RURAL;LICEU DE ALMOFALA - EEM JOSE MARIA MONTEIRO;RUA AGRIPINO TOMAS DE SOUSA S/N - ALMOFALA
IGUATU;13;140;VILA BRASILIA;LICEU DE IGUATU DR JOSE GONDIM;RUA 25 DE MARCO S/N
ITAPIPOCA;17;529;CRUXATI;EEB VICENTE ANTENOR FERREIRA GOMES FILHO;CALUGI
CAUCAIA;123;453;PARQUE GUADALAJARA (JUREMA);COLÉGIO PLENO DO CEARÁ - CPC;RUA PADRE ALFREDO NESI, 363 (ANTIGA RUA CAMPECHE )
CRATEÚS;20;179;LAGOA DAS PEDRAS;ESCOLA DE CIDADANIA JOSE SOARES GODINHO;ESTACAO
CAUCAIA;123;473;SÃO MIGUEL (JUREMA);E.E.I.E.F. LUIZA MORAES CORREIA TAVORA;RUA SÃO MATEUS, 245 - CONJUNTO SÃO MIGUEL I
PARAIPABA;109;174;BOA ESPERANÇA;EEEP FLÁVIO GOMES GRANJEIRO;RUA MARIA MOREIRA, SN
IRAUÇUBA;41;228;MISSI;ESCOLA MUNICIPAL JULIO CESAR DE AZEVEDO;RUA MANOEL BARBOSA MACIEL, SN
FORTALEZA;117;398;CONJUNTO ESPERANÇA;EEFM PROFESSORA MARIA MARGARIDA DE CASTRO ALMEIDA;AV. CONTORNO SUL, 960
ITAPIPOCA;17;108;ÁREA RURAL DE ITAPIPOCA;EEB JOSE MANOEL DOS SANTOS;SAQUINHO
FORTALEZA;114;97;JARDIM IRACEMA;EM RAIMUNDO DE SOUSA MANGUEIRA;RUA ALBERTO FERREIRA 624
FORTALEZA;117;162;MANOEL SÁTIRO;EEF JOSE AYRTON TEIXEIRA;RUA ALFREDO MAMEDE SN
INDEPENDÊNCIA;39;198;ASSENTAMENTO PALESTINA;EEF FRANCISCO LEANDRO;ASSENTAMENTO PALESTINA
URUBURETAMA;23;38;CENTRO;C S U - ANEXO COLEGIO MUNICIPAL MARIA JULIA MAIA BONFIM;RUA FARMACEUTICO JOSÉ RODRIGUES S/N
FORTALEZA;3;612;ALDEOTA;COLÉGIO ESPAÇO ABERTO - DOM LUÍS;AV. DOM LUÍS, 730
ITAREMA;98;101;CENTRO;EMEF JOSE ANICETO SALES;RUA JOAO AMANCIO S/N
URUOCA;25;87;CENTRO;E.E.M. OLIMPIO SAMPAIO DA SILVA;RUA MARIA DAS GRAÇAS SIQUEIRA, 48
FORTALEZA;1;604;COCÓ;UNINTA - FACULDADE UNINTA FORTALEZA;RUA VILEBALDO AGUIAR,133
DEPUTADO IRAPUAN PINHEIRO;55;47;CENTRO;EEB FRANCISCA JOSUÉ DE SOUZA CARNEIRO;VILA SILVEIRA, 0
BARBALHA;31;130;SANTANA II;EEMTI ALMIRO DA CRUZ (SITIO SANTANA II);AV. PROJETADA IV, S/N - SITIO SANTANA II (7.32601 S, 39.24044 W)
OCARA;67;203;CURUPIRA-DISTRITO;ESCOLA MUNICIPAL JOAO EGIDIO DA COSTA - ENSINO FUNDAMENTAL;LAGOA DO VELHO
JUAZEIRO DO NORTE;28;88;FRANCISCANOS;ECIM DOUTOR EDVAR TEIXEIRA FERRER;DOM PEDRO II 1643
ITAREMA;98;172;ZONA RURAL;LICEU DE ALMOFALA - EEM JOSE MARIA MONTEIRO;RUA AGRIPINO TOMAS DE SOUSA S/N - ALMOFALA
PENTECOSTE;50;213;SEBASTIÃO DE ABREU;EMTI PREFEITO JOÃO GOMES DA SILVA;AVENIDA LEOPOLDO RAMOS - SERROTA
PARAMBU;19;320;GAVIAO;ESCOLA LÚCIA SOARES DA SILVA;POÇO CERCADO I
TEJUÇUOCA;41;83;VERTENTES;ESCOLA MUNICIPAL SAO JOAO BATISTA;VERTENTES
MUCAMBO;79;227;CAICARA;ESCOLA ANTONIA FERREIRA DOS SANTOS;CAICARA
PACATUBA;57;271;MONGUBA;ITA ARA ESCOLA INDIGENA;RODOVIA DR. MENDEL STEINBRUCH 7240
FORTALEZA;1;889;COCÓ;UNINTA - FACULDADE UNINTA FORTALEZA;RUA VILEBALDO AGUIAR,133
FORTALEZA;93;159;PREFEITO JOSÉ WALTER;CUCA JOSÉ WALTER;RUA 69, S/N
URUOCA;25;128;BOA VISTA;E.E.F. JOSÉ FONTELES GOMES;SITIO CANTA GALO
CASCAVEL;7;18;CENTRO;EMEB PROFESSORA THEREZINHA MESQUITA DE JESUS CIRÍACO (ANTIGA CNEC);RUA PREF. LUIS BENICIO SAMPAIO, 2506
VIÇOSA DO CEARÁ;35;31;LAMBEDOURO;E.E.F. DE OITICICAS;VILA OITICICAS
IRACEMA;86;106;CENTRO;E.E.F.M. DEP JOAQUIM DE  FIGUEIREDO CORREIA;RUA ANTONIO HOLANDA MORAES, 136
VIÇOSA DO CEARÁ;35;144;ZONA RURAL;CASA DA MULHER VIÇOSENSE;SITIO BREJO GRANDE
TAUÁ;19;122;CARRAPATEIRAS;ESC PREF PEDRO PEDROSA DE CASTRO CASTELO (JOAO CASSIMIRO DE OLIVEIRA);SANTO ANTONIO DO CARRAPATEIRAS
IPAUMIRIM;92;129;FELIZARDO-DISTRITO;E.E.F.T.I. VICENTE FELIZARDO VIEIRA;RUA ARGEMIRO FELIZARDO VIEIRA, S/N
MARACANAÚ;104;302;TIMBÓ;EEMTI ADAHIL BARRETO CAVALCANTE;AVENIDA VEREADOR EDMILSON MARQUES, S/N
CRATEÚS;20;323;FATIMA I;ESCOLA DE CIDADANIA PADRE BONFIM;RUA RUA JOSÉ SABOIA LIVREIRO, 1609
FORTALEZA;114;249;BARRA DO CEARÁ;CENTRO DE EDUCAÇÃO COMPLEMENTAR (CEDCE) - ANTIGO SESI;AVENIDA FRANCISCO SÁ 6623
CRATO;27;113;MURITI;EEIEF MELVIN JONES;RUA PEDRO GOMES DE NORÕES, 1877. SÍTIO SAQUINHO
CRATEÚS;20;187;SANTO ANTÔNIO;UNIDADE BÁSICA DE SAÚDE DO VALENTE;VALENTE
CRATEÚS;20;304;LAGOA DAS PEDRAS;ESCOLA DE CIDADANIA JOAQUIM BRAZ DE OLIVEIRA;LAGOA DAS PEDRAS I
FORTALEZA;3;265;CENTRO;EEMTI VISCONDE DO RIO BRANCO;AV. DOM MANUEL, 1803
ACARAÚ;30;427;ZONA RURAL;ESCOLA JOAQUIM JOSE RODRIGUES;BARRINHA DE CIMA
MARACANAÚ;104;444;JEREISSATI II;EEMTI PROFESSOR EDMILSON PINHEIRO;AVENIDA XII, 727
SABOEIRO;43;236;CENTRO;E.E.F. MANOEL GONCALVES DOS SANTOS (MUNICIPAL);RUA PRACA DA BANDEIRA, 109
CATARINA;60;281;SEDE;EEF MARIA FEITOSA ARRAIS;VEADOS
FORTALEZA;3;202;JACARECANGA;SENAI - UNIDADE CENTRO;AV. PADRE IBIAPINA, 1280
ALCÂNTARAS;24;460;SAO JOSE;SECRETARIA MUNICIPAL DE EDUCACAO DE ALCÂNTARAS;RUA FRANCISCO CUNHA FREIRE, SN
JARDIM;119;289;CENTRO;CENTRO EDUCACIONAL PADRE ALDEMIR;RUA FRANCISCO RORIZ 227
MISSÃO VELHA;16;68;SITIO AROEIRAS;EEF IRMA LUIZA MARIA;SITIO AROEIRAS
JARDIM;119;398;SITIO MONTANHAS;CAPELA NOSSA SENHORA DE FÁTIMA;SÍTIO MONTANHAS - ZONA RURAL
JUCÁS;43;89;CENTRO - SEDE;ESCOLA DE ENSINO MÉDIO LUIZA TAVORA;RUA HILDELY CAVALCANTE 120
JAGUARUANA;75;67;CENTRO;E.E.M. FRANCISCO JAGUARIBE (2 GRAU);RUA CEL RAIMUNDO FRANCISCO, 1135
QUITERIANÓPOLIS;99;128;ZONA RURAL;EEIF MANOEL RODRIGUES DO NASCIMENTO;SANTA MARIA
FORTALEZA;94;850;ANTÔNIO BEZERRA;COLEGIO JULIA FIALHO;RUA JOSE ACIOLY 73
VIÇOSA DO CEARÁ;35;5;CENTRO;COLÉGIO TENENTE ANGELO DE SIQUEIRA PASSOS;RUA FRANCISCO CALDAS DA SILVEIRA 180
FORTALEZA;3;627;ALDEOTA;COLÉGIO BATISTA - SANTOS DUMONT;RUA DESEMBARGADOR LEITE ALBUQUERQUE, 1056
CRATEÚS;20;80;IBIAPABA;ESCOLA DE CIDADANIA DE IBIAPABA;IBIAPABA
CRATEÚS;20;217;FATIMA II;EEFM LIONS CLUBE;RUA CLOVIS BEVILAQUA 1417
FORTALEZA;114;212;FLORESTA;EM FRANCISCO SILVA CAVALCANTE;RUA CONSELHEIRO LAFAYETTE 205
MARACANAÚ;122;252;NOVO ORIENTE;EMEF DEP ULYSSES GUIMARAES;RUA 29 N. 10
FORTALEZA;93;220;PREFEITO JOSÉ WALTER;CEI FRANCISCO SALES FERNANDES;AV K, S/N
FORTALEZA;93;300;PREFEITO JOSÉ WALTER;EM FRANCISCO NUNES CAVALCANTE;RUA POETA MÁRIO LINHARES, 561
CEDRO;13;541;VÁRZEA DA CONCEIÇÃO;PSF DA PITOMBEIRA;ST PITOMBEIRA
FORTALEZA;117;447;SIQUEIRA;COLÉGIO VIDA VIVA;RUA JOSÉ MARIA, 100
MISSÃO VELHA;16;34;ZONA RURAL;EEF MANOEL FAUSTINO DO NASCIMENTO;DISTRITO DE GAMELEIRA DE SAO SEBASTIAO
PEDRA BRANCA;59;30;TROIA;PREDIO DA ASSOCIAÇÃO DE MORADORES;MENDES
IRAUÇUBA;41;202;CAMPINAS;ESCOLA MUNICIPAL MANOEL COELHO DA CRUZ;CAMPINAS
UMIRIM;23;248;BANANA;E.E.M. MARIA IRACEMA UCHOA SALES (LICEU);RUA RUFINO DE SOUSA, S/N
PARAIPABA;109;184;CENTRO;EMEIF FRANCISCO FIGUEIREDO DE PAULA PESSOA;RUA ANTONIO TABOSA SN
BEBERIBE;84;29;SERRA DO FELIX;ESCOLA MUNICIPAL BENEDITO EVARISTO PINHEIRO;AV ESTER FERNANDES 72 - CENTRO
FORTALEZA;113;279;DAMAS;COLÉGIO JUVENAL DE CARVALHO;AV. JOÃO PESSOA, 4279
RUSSAS;9;176;LAGOA DO TEIXEIRA;ASSOCIAÇÃO DOS PRODUTORES RURAIS DE LAGOA DO TEIXEIRA;LAGOA DO TEIXEIRA
FORTALEZA;114;5;ÁLVARO WEYNE;COLÉGIO MANUEL DA SILVA (ÁLVARO WEYNE);RUA SÃO BERNARDO 181
EUSÉBIO;88;107;CENTRO;ESCOLA PROFISSIONALIZANTE EUSEBIO DE QUEIROZ;RUA MARIA TEIXEIRA JOCA, SN
MULUNGU;5;142;CENTRO-SEDE;EMEF HERMENEGILDO ROCHA PONTES;RUA SANTA INES S/N
FORTALEZA;3;499;MEIRELES;IDEAL CLUBE;AV. MONSENHOR TABOSA,  1381
CRATO;27;308;ALTO DA PENHA;CRECHE NOSSA SENHORA DE FÁTIMA;RUA SATURNINO CANDEIA S/N - CONJ. HABIT. N. S. DE FÁTIMA
FORTALEZA;117;481;CANINDEZINHO;CENTRO EDUCACIONAL JERUSALÉM;RUA SÃO FELIPE, 1345
FORTALEZA;93;234;PREFEITO JOSÉ WALTER;EM DIOGO VITAL DE SIQUEIRA;AVENIDA L , S/N
UMIRIM;23;244;CENTRO-SEDE;E.E.F.M. JOSE PINHEIRO SALES;RUA MAJOR SALES 664
QUIXADÁ;6;20;COMBATE;SEMINÁRIO MAIOR DIOCESANO NOSSA SENHORA IMACULADA RAINHA DO SERTÃO;RUA BASÍLIO PINTO,1179
EUSÉBIO;88;110;CENTRO;ESCOLA DE FORMAÇÃO DOCENTE (NEUSA);RUA IRMA AMBROSINA, 266 - CENTRO
EUSÉBIO;88;231;PARQUE HAWAÍ;EEF MIRIAN ABREU;RUA C, S/N - PARQUE HAVAI
BATURITÉ;5;31;SANHARAO-SEDE;INSTITUTO FEDERAL DE EDUCAÇÃO, CIÊNCIA E TECNOLOGIA IFCE;RUA OUVIDOR MOR VITORINO SOARES BARBOSA, 160
VIÇOSA DO CEARÁ;35;16;CENTRO;CEB NOSSA SENHORA DAS VITÓRIAS;RUA MANOEL PEREIRA BARROS
IRAUÇUBA;41;180;COITE;ESCOLA MUNICIPAL JULIO PINHEIRO BASTOS;COITE
CRATO;27;334;SÃO JOSÉ;EEIEF SINOBILINA PEIXOTO;RUA JOAQUIM PINHEIRO FILHO S/N. CONJUNTO PADRE CÍCERO
CRATO;27;345;VILA ALTA;CENTRO DE EDUCAÇÃO INFANTIL MANOEL ALMINO;RUA DOUTOR RAIMUNDO NORÕES DE MILFONT, 552
ITAPIPOCA;17;687;CENTRO;EEM JOAQUIM MAGALHÃES;RUA PERGENTINA ARAUJO S/N
PACAJUS;49;378;CROATA II;INSTITUTO POLITÉCNICO DE EDUCAÇÃO PROFISSIONAL DO CEARÁ;AVENIDA LUCIO JOSÉ DE MENEZES, 885
SANTANA DO ACARAÚ;44;98;CONCEICAO I;CENTRO COMUNITÁRIO DA CONCEIÇÃO I;CONCEICAO  I
FORTALEZA;83;416;BELA VISTA;EEMTI ESTADO DO AMAZONAS;RUA MONSENHOR FURTADO 2327
ACARAÚ;30;56;ZONA RURAL;ESCOLA JOAO RIBEIRO RAMOS;VILA PROGRESSO
MARACANAÚ;122;221;INDUSTRIAL;EMEF VINICIUS DE MORAIS;RUA N NO. 425 (ESPLANADA DO MONDUBIM)
FORTALEZA;2;831;JOSÉ DE ALENCAR;COLÉGIO CHRISTUS SUL 3;AV ENGENHEIRO LEAL LIMA VERDE, 2500 - JOSÉ DE ALENCAR
FORTALEZA;116;327;GRANJA LISBOA;EEEP ICARO DE SOUSA MOREIRA - LICEU DO BOM JARDIM;RUA JOSE MARTINS, 2246
CRATO;27;239;BELMONTE;EEIEF ADÉRSON DA FRANCA ALENCAR;RUA CARLINA PINHEIRO S/N
MILHÃ;55;75;CARNAUBINHA;CENTRO DE CONVIVÊNCIA ESMERALDO BECO BEZERRA;RUA NEUTELINA COSTA BEZERRA
PACAJUS;49;364;CENTRO;INSTITUTO EDUCACIONAL ESSÊNCIA;RUA MAMEDE NOGUEIRA, 814
FORTALEZA;2;728;GUAJERU;EEEP COMENDADOR MIGUEL GURGEL;RUA JOSE BAIMA, S/N
FORTALEZA;1;816;MUCURIPE;ESCOLA ESTADUAL DRAGAO DO MAR;RUA UMARI S/N
IGUATU;13;2;PLANALTO;ESCOLA DE ENS MEDIO AMELIA FIGUEIREDO DE LAVOR;RUA 13 DE MAIO SN
JUAZEIRO DO NORTE;28;213;SAO MIGUEL;COLÉGIO OBJETIVO;RUA DOUTOR FLORO, 776
PINDORETAMA;7;180;PRATIUS - 1;EMEB JOSÉ DE QUEIROZ FERREIRA;AV. VALE ALBINO, SN - RODOVIA CE 454 - PRATIUS - 1
LIMOEIRO DO NORTE;29;73;ÁREA RURAL;ESCOLA DE 1 GRAU MARIA DO PATROCÍNIO REGES;SITIO SAPE
JUAZEIRO DO NORTE;119;197;PIRAJA;ESCOLA CLOTILDE SARAIVA COELHO;LIMOEIRO 2338
QUIXERAMOBIM;11;189;PAUS BRANCO;ESCOLA FRANCISCO DE CASTRO CARDOSO;PAUS BRANCO
ICÓ;15;44;CENTRO - SEDE;ESCOLA MUNICIPAL PROFESSORA LOURDES COSTA;AV ILIDIO SAMPAIO,1571
ARATUBA;105;88;MUNDO NOVO-SITIO;ESCOLA MUNICIPAL ISABEL HERMINIO PINTO;MUNDO NOVO
JARDIM;119;351;SITIO LAGOA DO ALTO;ESCOLA SANTO ANTONIO;SITIO LAGOA DO ALTO S/N
PIQUET CARNEIRO;12;27;CENTRO;SECRETARIA MUNICIPAL DE SAÚDE;RUA CÍCERO ALENCAR, S/N (PRAÇA DA MATRIZ)
SÃO JOÃO DO JAGUARIBE;91;117;CENTRO;EEF FRANCISCO GUERREIRO CHAVES;RUA CANDIDO CHAVES S/N
IPAPORANGA;20;237;SACRAMENTO;ESCOLA DE ENSINO FUNDAMENTAL FRANCISCO PEREIRA DE SOUSA;SAO DOMINGOS
FORTALEZA;112;12;JARDIM DAS OLIVEIRAS;COLÉGIO NOVO HORIZONTE;RUA BEIJA FLOR, 25
FORTALEZA;113;110;BENFICA;COLÉGIO CHRISTUS BENFICA;RUA LUIS DE MIRANDA, 536
FORTALEZA;113;366;MONTESE;COLÉGIO ESTADUAL PRESIDENTE HUMBERTO CASTELO BRANCO;RUA IRMA BAZET, 210
FORTALEZA;1;140;CIDADE 2000;ESCOLA ESTADUAL ARQUITETO ROGERIO FROES;AVENIDA DAS GRAVIOLAS 1000
FORTALEZA;2;401;MESSEJANA;EEFM JOSE DE ALENCAR;RUA VENEZA, 84
MORADA NOVA;47;124;CENTRO;CEBCJEC -CENTRO DE EDUCAÇÃO BÁSICA CORONEL JOSÉ EPIFÂNIO DAS CHAGAS;AV MANOEL CASTRO, 600
PARAIPABA;109;178;BOA ESPERANÇA;EEEP FLÁVIO GOMES GRANJEIRO;RUA MARIA MOREIRA, SN
ARACATI;8;115;SANTA TEREZA;E.E.F. DOMINGOS COSTA TEOBALDO;VILA DE SANTA TEREZA
APUIARÉS;50;26;ZONA RURAL;EEF NELY RIBEIRO LUZ;CANAFÍSTULA
FORTALEZA;116;338;GRANJA LISBOA;EM PROF ANTONIA MARIA DE LIMA;RUA SARGENTO JOAO PINHEIRO 2601
PARAMOTI;111;170;CENTRO;EEFM TOMÉ GOMES DOS SANTOS (PRÉDIO ANTIGO);RUA GONÇALO SOARES, 341
BATURITÉ;5;93;SANHARAO-SEDE;INSTITUTO FEDERAL DE EDUCAÇÃO, CIÊNCIA E TECNOLOGIA IFCE;RUA OUVIDOR MOR VITORINO SOARES BARBOSA, 160
BATURITÉ;5;12;CENTRO-SEDE;EMEF DOMINGOS SAVIO;AV DOM BOSCO, 393
APUIARÉS;50;4;CONJUNTO FRANCISCO BERNARDO;EEF MATILDE BARBOSA GOIS;RUA JOSÉ NOJOSA FREITAS, 100
VIÇOSA DO CEARÁ;35;37;LAMBEDOURO;E.E.F EDUVIRGES MARIA DE ARRUDA;VILA MANHOSO
CRATEÚS;20;200;VENANCIOS;EEFM PRES EURICO GASPAR DUTRA;RUA EDUARDO ALBUQUERQUE SN
CRATEÚS;20;110;TUCUNS;ESCOLA DE CIDADANIA FRANCISCO FERREIRA BARROS;TUCUNS
ORÓS;15;299;PALESTINA - DISTRITO;E.E.F. MANOEL LEITE BARBOSA;RUA 07 DE SETEMBRO, S/N
FORTALEZA;94;897;PADRE ANDRADE;EEMTI MONSENHOR DOURADO;AVENIDA SARGENTO HERMÍNIO SAMPAIO 4600
FORTALEZA;85;216;CONJUNTO CEARÁ I;EEFM MARIA ANTONIETA NUNES - UV 9;RUA 916 SN 4 ETAPA
FORTALEZA;85;319;GENIBAÚ;ESCOLA MUNICIPAL DEP MURILO AGUIAR;RUA 24 DE OUTUBRO 655
SÃO LUÍS DO CURU;23;325;SALGADO-SEDE;E.E.F. ANTONIO HONORATO;RUA JOSE INACIO NOGUEIRA SN
MARACANAÚ;104;63;JEREISSATI II;EEEP GOVERNADOR LUIZ GONZAGA DA FONSECA MOTA;AVENIDA X, S/N
PARAIPABA;109;137;CAMBOAS;EMEF FRANCISCO BATISTA DE AZEVEDO;RUA SÃO SEBASTIÃO, S/N
MARACANAÚ;122;73;ACARACUZINHO;EEFM JOSE MILTON DE VASCONCELOS DIAS;AV. CENTRAL S/N
FORTALEZA;118;565;BOA VISTA-CASTELÃO;EEFM PROFESSORA MARIA GONCALVES;RUA N S DO MONTE CARMELO S/N
ARATUBA;105;91;TOPE-SITIO;ESCOLA MUNICIPAL JOSE MENDES DA CRUZ;TOPE
SÃO LUÍS DO CURU;23;327;SALGADO-SEDE;E.E.F. ANTONIO HONORATO;RUA JOSE INACIO NOGUEIRA SN
CARIDADE;111;70;CENTRO;EEFM CASEMIRO BEZERRA DE ARAUJO;RUA CEL FRANCISCO LINHARES 496
BOA VIAGEM;63;31;VILA AZUL;EEF OSMAR DE OLIVEIRA FONTES;RUA 26 DE JUNHO 59
JARDIM;119;352;SITIO RIACHO FUNDO DO CORRENTE;CAPELA NOSSA SENHORA DA CONCEIÇÃO;SITIO RIACHO FUNDO DO CORRENTE
SANTANA DO ACARAÚ;44;133;LAGOA DO SERROTE;EEF FRANCISCA NEIDE DE SOUZA;LAGOA DO SERROTE
FORTALEZA;83;601;HENRIQUE JORGE;EEMTI ANTONIETA SIQUEIRA;RUA GUARANI 04
ACARAÚ;30;11;ZONA RURAL;ESCOLA JOAO JAIME FERREIRA GOMES FILHO;CURRAL VELHO DE BAIXO
ITAREMA;98;218;ZONA RURAL;EMEF JÚLIO JOSÉ DE MOURA;LAGOA DOS NEGROS
MARACANAÚ;122;89;JAÇANAÚ;EMEF JOAQUIM AGUIAR;RODOVIA 065 KM 09 9821
PACATUBA;57;224;PAVUNA;ESCOLA DE 1 GRAU MARIA GUIOMAR BASTOS CAVALCANTE;RUA TOPAZIO, 331, VELHO TIMBO
FORTALEZA;115;436;VILA PERI;EM RAIMUNDO SOARES DE SOUSA;RUA COSTA FREIRE 550
CAUCAIA;120;428;PLANALTO CAUCAIA;E.E.I.E.F. ANTONIO BRAGA DA ROCHA;RUA 112, SN - CIGANA
SANTANA DO CARIRI;53;147;DOM VITAL;EMEIEF SAO FRANCISCO;SÍTIO DOM VITAL, SN
MISSÃO VELHA;16;66;FREI DAMIÃO DE BOZZANO;EEFM MONSENHOR ANTONIO FEITOSA;AVENIDA CORONEL JOSÉ DANTAS, S/N
GUARACIABA DO NORTE;74;124;DISTRITO;ESCOLA MUNICIPAL DE CRUZ DAS ALMAS;CRUZ DAS ALMAS
MARACANAÚ;104;126;PAJUÇARA;COLÉGIO 7 DE SETEMBRO (PAJUÇARA);RUA BEATRIZ CALIXTO, 305
CRATO;27;205;SEMINÁRIO;EEIEF LICEU DIOCESANO DE ARTES E OFÍCIOS;RUA DUARTE JÚNIOR S/N
CRATO;27;120;BELMONTE;EEIEF ADÉRSON DA FRANCA ALENCAR;RUA CARLINA PINHEIRO S/N
IPUEIRAS;40;59;CENTRO;ESCOLA DE ENSINO FUNDAMENTAL PADRE ANGELIM - CENTRO;RUA CORONEL MANOEL MOURÃO, SN
FORTALEZA;118;576;DIAS MACEDO;EEFM ANTÔNIO DIAS MACEDO;AV PEDRO DANTAS 340
BEBERIBE;84;58;SUCATINGA;ESCOLA MUNICIPAL CASTRO ALVES;LAGOA DE DENTRO
SOBRAL;24;540;JAIBARAS;EEFI JOAQUIM BARRETO LIMA (SETOR I);SAO VICENTE - SETOR I
ITAITINGA;78;338;PARQUE SANTO ANTONIO;EEM ANTÔNIO GERALDO DE LIMA;RUA PREFEITO ISAAC NEWTON CAMPOS, 337
BOA VIAGEM;63;98;SEDE;INSTITUTO FEDERAL DE EDUCAÇÃO CIÊNCIA E TECNOLOGIA - IFCE;BR 020 - S/N
PARAIPABA;109;108;CENTRO;EMEF BETEL;RUA DOMINGOS BARROSO SN
PACATUBA;57;337;CONJUNTO JEREISSATI III;EEF MARIA MIRTES HOLANDA DO VALE;RUA 02, NUMERO 100
ABAIARA;26;71;CENTRO;ESCOLA ROSA TAVARES LEITE;RUA MISAEL ALVES DE MEDEIROS 295
VIÇOSA DO CEARÁ;35;51;ZONA RURAL;E.E.F JOÃO EUCLIDES DE MORAIS;VILA JUA DOS VIEIRAS SN
FORTALEZA;1;364;MEIRELES;LABOMAR - UFC;AV. ABOLIÇÃO, 3207
MARACANAÚ;122;171;SIQUEIRA (siqueira 2);EMEF VALDENIA ACELINO DA SILVA;RUA IRINEU MACHADO, 1250
LIMOEIRO DO NORTE;29;98;ÁREA RURAL;UNIDADE ESCOLAR NH4;SETOR NH4
LIMOEIRO DO NORTE;29;103;SAO RAIMUNDO;UBS MARIA DE LOURDES FREITAS COSTA;SITIO SAO RAIMUNDO
NOVA OLINDA;53;83;CRUZEIRO;EEMTI PADRE LUIZ FILGUEIRAS;RUA PROFESSORA NANÔ, SN
TAUÁ;19;82;TRICI;EPG ANTONIO SERAFIM DE ALMEIDA;TAPERA
VIÇOSA DO CEARÁ;35;34;QUATIGUABA;CEI SANTO EXPEDITO;SITIO QUATIGUABA
VIÇOSA DO CEARÁ;35;112;SITIO JAGUARIBE II;E.E.I.F. JAGUARIBE II;SITIO JAGUARIBE II
CANINDÉ;33;491;ZONA RURAL;EMEF JOSE PINTO DAMASCENO;LOCALIDADE DE JAPUARA
MARACANAÚ;122;238;SIQUEIRA (siqueira 2);EEM PROFª. EUDES VERAS;AVENIDA SIQUEIRA CAMPOS, 601
NOVA RUSSAS;48;208;SÃO FRANCISCO;E. E. F.  ZILMAR MENDES MARTINS;RUA NAPOLEÃO MOURA, S/N
CAUCAIA;120;338;CAPUAN;E.E.F. JOSE ALEXANDRE;RUA DA LAGOA, 135
JIJOCA DE JERICOACOARA;30;211;ZONA RURAL;ESCOLA ALFREDO MARQUES DA SILVA;LAGOA GRANDE
MISSÃO VELHA;16;122;CENTRO;URCA (ANTIGO GINASIO PAROQUIAL);RUA CORONEL JOSE DANTAS, SN
COREAÚ;64;37;Canto;CANTO - ESCOLA MUN. SÃO JOAQUIM;DISTRITO DO CANTO
PARAMBU;19;333;ESPERANÇA;ESCOLA JOSÉ DANIEL DOS SANTOS;SÍTIO FLORESTA
QUIXELÔ;13;146;CENTRO;ESCOLA DE ENS FUND E MÉDIO PROFESSOR LUIS DE GONZAGA FONSECA MOTA;RUA VITORINO JOSE DE OLIVEIRA SN
SÃO GONÇALO DO AMARANTE;36;288;CONJUNTO;ESCOLA DE ENSINO FUNDAMENTAL GOVERNADOR TASSO JEREISSATI;RUA CORONEL NECO MARTINS S/N - SEDE
MISSÃO VELHA;16;31;SEDE;CENTRO ADMINISTRATIVO PEDRO ROCHA;RUA CORONEL JOSE DANTAS, 1038. CENTRO.
PACAJUS;49;87;BANGUE I;EEF RAIMUNDO SOTERO DE MOURA;AV EXPEDITO CHAVES CAVALCANTE 2951
ACARAÚ;30;34;ZONA RURAL;ESCOLA JOAO RIBEIRO RAMOS;VILA PROGRESSO
CAMOCIM;32;274;BOA ESPERANCA;COLEGIO MONSENHOR JOSE AUGUSTO;RUA 3 DE OUTUBRO S/N
PENTECOSTE;50;185;ZONA RURAL;EEIF ALESSANDRA DE OLIVEIRA ARAÚJO DE MATOS;POSTO AGRÍCOLA
POTENGI;68;117;CENTRO;EEFM MENEZES PIMENTEL - SEDE;RUA SEVERINO PAULINO, 230 - BAIRRO SÃO FRANCISCO
CAUCAIA;37;217;IPARANA;E.E.F. ERBE TEIXEIRA FIRMEZA;AV. ULISSES GUIMARAES, S/N
LIMOEIRO DO NORTE;29;180;BOA FE;EEF MARIA IDALINA DE FREITAS;RUA ESTEVAM REMIGIO, 3029
CRATEÚS;20;74;ASSIS;ESCOLA DE CIDADANIA JOAO LUCIANO;ASSIS
SÃO GONÇALO DO AMARANTE;36;176;JACAREQUARA;ESCOLA DE ENSINO FUNDAMENTAL ROSITA DE SOUSA ANDRADE;JACAREQUARA
MISSÃO VELHA;16;105;ZONA RURAL;EEF ANTONIO ALVES DE BARROS;SITIO CANA BRAVA
VIÇOSA DO CEARÁ;35;33;QUATIGUABA;CEI SANTO EXPEDITO;SITIO QUATIGUABA
FORTALEZA;1;844;VICENTE PINZON;ESCOLA PROFISSIONAL MARIA ANGELA DA SILVEIRA BORGES;RUA PINTOR ANTONIO BANDEIRA, S/N
FORTALEZA;1;337;MUCURIPE;ESCOLA MIGUEL FIALHO - ANTIGO PADRE JOSÉ NILSON;RUA CORONEL MANUEL JESUÍNO 225
IBIAPINA;73;194;PRAÇA DO ESTÁDIO;CRECHE MUNICIPAL PRÓ-INFÂNCIA GUILHERME ARAGÃO QUEIROZ;RUA LUÍS BASÍLIO DE LIMA, S/N
PACATUBA;57;338;NOVA PACATUBA;ESCOLA ANEXO JARDIM BOM RETIRO;RUA JOAQUIM FLORENCIO BARROS, 40
PEREIRO;10;180;ESTREITO;ESCOLA DE ENSINO FUNDAMENTAL FRANCISCA NOGUEIRA DE SOUSA;RUA JOAO BATISTA DE CARVALHO, 121 VILA ESTREITO
CRATO;27;259;DOM QUINTINO;CENTRO DE EDUCAÇÃO INFANTIL RAIMUNDO DE SOUSA SOBRINHO;RUA BOA VISTA, 252
CRATEÚS;20;104;MONTENEBO;ESCOLA DE CIDADANIA CORAÇÃO DE JESUS;SANTO ANDRE
VIÇOSA DO CEARÁ;35;199;CENTRO;COLÉGIO TENENTE ANGELO DE SIQUEIRA PASSOS;RUA FRANCISCO CALDAS DA SILVEIRA 180
CRATO;27;181;SANTA FÉ;EEIEF JOSÉ BATISTA DE LIMA;SÍTIO RIACHO FUNDO S/N
AURORA;69;87;ARAUJO-SITIO;POSTO DO SINDICATO DOS TRABALHADORES RURAIS DE AURORA;SITIO ARAUJO
FORTALEZA;3;210;CENTRO;EM ALBA FROTA;AV. DOM MANUEL, 914
PARAIPABA;109;114;CENTRO;EEM ENGENHEIRO AGEU ROMERO;RUA EVARISTO GOMES 143
PORTEIRAS;70;279;CENTRO;UBS VEREADOR EDIZIO PETRONIO DE ALENCAR;RUA JOSÉ TAVARES NEVES
CRATEÚS;20;156;SANTO ANTÔNIO;ASSOCIAÇÃO DE DESENVOLVIMENTO COMUNITÁRIO DO ADÃO;ADAO
IGUATU;13;14;ALTO DO JUCÁ;SECRETARIA MUNICIPAL DE AÇÃO SOCIAL;RUA 21 DE ABRIL SN
IGUATU;13;566;COCOBÓ;ESCOLA DE ENS FUND ELZE LIMA VERDE MONTENEGRO;DARIO RABELO
CAUCAIA;120;420;PADRE JULIO MARIA;EEIEF JOSE OLAVO MOREIRA;RUA SÃO PAULO, S/N
NOVA RUSSAS;48;211;BARRO VERMELHO;ESCOLA MUNICIPAL JOSÉ SANTOS MOURÃO;RUA ANTONIO CARLOS, S/N
JUAZEIRO DO NORTE;119;11;LIMOEIRO;EMEI IRMÃ NELY SOBREIRA (CRECHE);AV. JOSÉ BEZERRA, N. 216
ITAITINGA;78;251;CARAPIÓ;EEF MANOEL NOVAIS DE OLIVEIRA;RODOVIA EDSON QUEIROZ, 3205
NOVA RUSSAS;48;96;UNIVERSIDADE;COLÉGIO MUNICIPAL ONZE DE NOVEMBRO;AV. JOÃO GREGÓRIO TIMBÓ
ARACOIABA;67;130;JENIPAPEIRO-DISTRITO;ESCOLA MUNICIPAL ANTONIO PAULO;JENIPAPEIRO I
CAPISTRANO;105;168;CENTRO;ESCOLA DE ENSINO BASICO DEPUTADO UBIRATAN DINIZ AGUIAR;RUA JOSE SARAIVA SOBRINHO S/N
IGUATU;13;255;BARREIRAS;PSF DO SÍTIO SANTA CLARA;SANTA CLARA
ITAITINGA;78;282;JABUTI;EEF HENRIQUE GONÇALVES DA JUSTA;RUA SEBASTIÃO CAJUEIRO, 797
FORTALEZA;1;145;CIDADE 2000;ESCOLA ESTADUAL ARQUITETO ROGERIO FROES;AVENIDA DAS GRAVIOLAS 1000
ACOPIARA;60;222;VILA ESPERANCA;EEF FRANCISCO UCHOA DE ALBUQUERQUE;ANTONIO MOREIRA SN
ITAREMA;98;133;ZONA RURAL;EMEF MANOEL BRAGA MONTEIRO;PORTO DOS BARCOS
FORTALEZA;115;412;PARANGABA;COLEGIO GURI  SENIOR;RUA CONEGO DE CASTRO 1780
FARIAS BRITO;62;218;MONTE PIO;EEF EVALDO GONCALVES DE PINHO;VILA MONTE PIO
BARBALHA;31;119;SÍTIO LAGOA;EMEIF SANTA LUZIA (SÍTIO LAGOA);SITIO LAGOA, S/N (7.27846 S, 39.29025 W)
SOBRAL;24;530;JOSÉ EUCLIDES;CENTRO DE CIÊNCIAS HUMANAS - CCH - UVA;AV. JOHN SANFORD, 1845
PINDORETAMA;7;273;CAPONGA FUNDA - PINDORETAMA;EMEB AURELINA FALCÃO DA SILVA;AV. PEDRO FERREIRA DO NASCIMENTO, 1057
CAMPOS SALES;38;30;B. CENTRO;E.E.E.M.T.I - MARIA DOLORES ARRAIS - (GRUPINHO);TRAVESSA VICENTE ALEXANDRINO DE ALENCAR,297
ARACOIABA;67;152;BOLANDEIRA-SEDE;ESCOLA MUNICIPAL OSVINO DE FREITAS PEREIRA;CE 060
CAUCAIA;123;562;PARQUE GUADALAJARA (JUREMA);CEI JOSÉ ALDERI PEDROSA;RUA PADRE ALFREDO NESI, 950
CANINDÉ;33;279;ZONA RURAL;CASA-SEDE DA ASSOCIAÇÃO COMUNITÁRIA DO LONGÁ;LOCALIDADE DE LONGA
FORTALEZA;3;36;CENTRO;COLÉGIO 7 DE SETEMBRO (SEDE NGS);AV. DO IMPERADOR, 1330
EUSÉBIO;88;163;PEDRAS;CEI MARIA TAVARES DE SOUSA;NOVA ASSUNCAO, S/N - PEDRAS
BEBERIBE;84;130;SUCATINGA;ESCOLA MUNICIPAL VICENTE JOSE FERNANDES;PIQUIRI II
ITAPIPOCA;17;603;CENTRO;PATRONATO NOSSA SENHORA DAS MERCES;AV. DUQUE DE CAXIAS 1181
ITAPIÚNA;105;139;DISTRITO DE PALMATORIA;EEF CENTRO DE EDUCAÇÃO RURAL (CERU);RUA MARECHAL CASTELO BRANCO
CAUCAIA;123;471;SÃO MIGUEL (JUREMA);E.E.I.E.F. LUIZA MORAES CORREIA TAVORA;RUA SÃO MATEUS, 245 - CONJUNTO SÃO MIGUEL I
PEREIRO;10;184;ZONA RURAL;POSTO DE SAÚDE DO SÍTIO BAIAO;SÍTIO BAIÃO
SOBRAL;24;413;DOM JOSÉ;EEFI ANTENOR NASPOLINI;RUA PREFEITO JERONIMO PRADO, S/N
ITAPIPOCA;17;94;ASSUNÇÃO;EEM NOSSA SENHORA DA ASSUNCAO;ASSUNCAO
FORTALEZA;1;897;MUCURIPE;ESCOLA ESTADUAL DRAGAO DO MAR;RUA UMARI S/N
HORIZONTE;78;182;CENTRO;CVT;RUA FRANCISCO TAVARES DE OLIVEIRA, 190
SOBRAL;24;244;RENATO PARENTE;ANEXO JOSE VICENTE PEREIRA(BOQUEIRAO);BOQUEIRAO - PÉ DA SERRA DA MERUOCA
CASCAVEL;7;265;CAPONGA;ESC.ENS.FUND. JOÃO CAMINHA DE OLIVEIRA;SITIO VACA MORTA
FORTALEZA;1;802;MANUEL DIAS BRANCO;COLÉGIO CÍVICO MILITAR BATALHA DO RIACHUELO;R. E, 100 - MANUEL DIAS BRANCO
CANINDÉ;33;500;PALESTINA;CAIC ALFREDO COELHO MAGALHÃES;RUA ANTONIO MONTEIRO DOS SANTOS SN
CAUCAIA;120;342;PRIMAVERA;E.E.I.E.F. MARIA GUIMARAES PRATA;ASSENTAMENTO SALGADINHO
TABULEIRO DO NORTE;91;35;GANGORRINHA;EEB PEDRO MOREIRA DE SOUSA - GANGORRINHA;SITIO GANGORRINHA
MILAGRES;26;103;VILA CAFE DA LINHA;EEF ANTÔNIO CRISÓSTOMO PEREIRA;SITIO CAFE DA LINHA
MOMBAÇA;46;54;CENTRO;ESCOLA DE ENSINO FUNDAMENTAL CÂNDIDO SIMAO;CANGATI - DISTRITO DE CANGATI
ITAIÇABA;75;139;CENTRO;E.E.F. DULCINEA GOMES DINIZ;VILA OLIMPICA, 336
HIDROLÂNDIA;54;16;PROGRESSO;ESCOLA MUNICIPAL MARIA MIRIAN FERREIRA DE SOUZA;RUA FABIANA FERREIRA, SN.
FORTALEZA;2;125;MESSEJANA;EEFM JOSE DE ALENCAR;RUA VENEZA, 84
FORTALEZA;115;172;MONTESE;EEMTI JOAO MATTOS;RUA ALMIRANTE RUBIM, 1014
GUAIÚBA;57;169;AGUA VERDE;EEBM FRANCISCO BANDEIRA TORRES;RUA OTAVIO MOREIRA, 47
ITAPAJÉ;41;222;PADRE LIMA;ESCOLA MUNICIPAL CAPITAO MANOEL PINTO MESQUITA;RUA TEIXEIRA PINTO  1047
ITAPIPOCA;17;72;PICOS;EEB DOMINGOS GONCALVES MUNIZ;PICOS
FORTALEZA;2;82;GUAJERU;EEEP COMENDADOR MIGUEL GURGEL;RUA JOSE BAIMA, S/N
BEBERIBE;84;2;SUCATINGA;EEM FRANCISCA MOREIRA DE SOUSA;RUA MOREIRA DA ROCHA 01 - CENTRO
BEBERIBE;84;159;SEDE;ESCOLA MUNICIPAL ADELIA BARROS COLACO;LAGOINHA
GRANJA;25;210;SANTA TEREZINHA;E.E.F. MANOEL FÉLIX DOS SANTOS;ASSENTAMENTO ATRÁS DOS MORROS
CAMOCIM;32;277;ZONA RURAL;ESCOLA ANTONIO ÁLVARES FILHO - TAMBORIL;TAMBORIL
AQUIRAZ;66;204;MACHUCA;EMEF GUILHERME JANJA;RODOVIA CE 040 KM 18  S/N
MERUOCA;24;580;Centro;EEFM - MONSENHOR JOSE FURTADO;AV CARLOS DAVI, 136
BREJO SANTO;70;246;RENE LUCENA;E E F HISTORIADOR PADRE ANTONIO GOMES DE ARAÚJO;RUA PEDRO NICODEMOS DE ARAUJO S/N
CAPISTRANO;105;13;CENTRO;ESCOLA DE ENSINO FUNDAMENTAL E MEDIO CEL. FRANCISCO NUNES CAVALCANTE;RUA CEL. FRANCISCO NUNES CAVALCANTE 35
FORTALEZA;85;282;CONJUNTO CEARÁ I;EEFM PROF. EDMILSON GUIMARAES DE ALMEIDA UV 10;RUA 1074 S/N (PROX. HOSPITAL), 4 ETAPA
JUAZEIRO DO NORTE;119;458;TIMBAUBA;EMEI MADRE MARIA VILLAC;RUA RUI BARBOSA, S/N
CRATO;27;308;ALTO DA PENHA;CRECHE NOSSA SENHORA DE FÁTIMA;RUA SATURNINO CANDEIA S/N - CONJ. HABIT. N. S. DE FÁTIMA
MARACANAÚ;104;125;PAJUÇARA;COLÉGIO 7 DE SETEMBRO (PAJUÇARA);RUA BEATRIZ CALIXTO, 305
IGUATU;13;206;JOSÉ DE ALENCAR;ESCOLA DE ENS FUND FRANCISCO SEBASTIAO UCHOA;SANTA ROSA II
FORTALEZA;114;155;BARRA DO CEARÁ;EEFM FERNANDO CAVALCANTE MOTA;RUA DA SALEMA 85
UBAJARA;73;114;CENTRO;CEIF - CENTRO DE EDUCAÇÃO IRLANE FERNANDES;RUA 24 DE AGOSTO, 426
PALHANO;9;7;CENTRO;ESCOLA DE ENSINO MEDIO JOSE FRANCISCO DE MOURA;AVENIDA POSSIDONIO BARRETO 459
MOMBAÇA;46;57;CENTRO;E. E. E. F. M. PROFESSOR PEDRO JAIME;AV. CÍCERO MARQUES, 02
BREJO SANTO;70;171;ARAUJÃO;UNIVERSIDADE FEDERAL DO CARIRI - UFCA;RUA OLEGÁRIO EMÍDIO DE ARAÚJO, S/N
FORTALEZA;113;161;JARDIM AMÉRICA;EMEIF MOZART PINTO;RUA JORGE DUMMAR, 2078
MARACANAÚ;122;146;MUCUNA;EMEF MANOEL ROSEO LANDIM;RUA OSCAR FERREIRA DE BRITO, 161
CAMPOS SALES;38;60;B. CENTRO;E.E.E.M.T.I.- PRESIDENTE MÉDICI - (GRUPÃO);AV. FRANCISCO ADEMAR DE ANDRADE,1210
FORTALEZA;3;238;CENTRO;COLÉGIO ESTADUAL JUSTINIANO DE SERPA;AV. SANTOS DUMONT, 56
FORTALEZA;114;179;CRISTO REDENTOR;EEFM SÃO JOSÉ DOS ARPOADORES;RUA FRANCISCO CALAÇA 90
FORTALEZA;114;294;BARRA DO CEARÁ;EEEP PAULO PETROLA;RUA SAUDÁRIA, S/N - GOIABEIRAS
LAVRAS DA MANGABEIRA;14;68;CENTRO - SEDE;EEMTI ALDA FERRER AUGUSTO DUTRA;RUA CORONEL JOAO AUGUSTO 454
VIÇOSA DO CEARÁ;35;133;ZONA RURAL;ESCOLA MUNICIPAL CORONEL JOAO BENICIO;SITIO VARZEA DOS CRENTES
SOBRAL;24;215;JORDÃO;EEFI CORONEL JOSE LEONCIO;VILA BARACHO
ITAITINGA;78;324;JABUTI;EEF FRANCISCO SALES FILHO;RUA MARIO SALES, 460
FORTALEZA;95;235;CONJUNTO PALMEIRAS;CEI MARIA DO SOCORRO FERREIRA VIRINO;RUA VALPARAÍSO, 339
ORÓS;15;304;PALESTINA - DISTRITO;ASSOCIAÇÃO COMUNITÁRIA DO SÍTIO CIDADE;SÍTIO CIDADE
IBARETAMA;6;384;CENTRO;EEMTI CÔNEGO LUIZ BRAGA ROCHA;RUA PADRE JOAO SCOPEL, S/N
PORANGA;40;144;ONÇA;GRUPO ESCOLAR GERALDO GOMES DA SILVA - ONÇA;ONÇA
FORTALEZA;114;117;ÁLVARO WEYNE;EMTI NOSSA SENHORA DE FÁTIMA (ANTIGA APOSTÓLICA/SEMINÁRIO);RUA SÍLVIO ROMERO 370
FORTALEZA;2;782;MESSEJANA;EM PROF CLODOMIR TEOFILO GIRAO;TRAVESSA RUTILO, 108
BOA VIAGEM;63;90;PITOMBEIRA-SEDE;EEF JOSE ALVES TERCEIRO;CAJAZEIRAS
FORTALEZA;85;99;ANTÔNIO BEZERRA;COLÉGIO AFONSO ANDRADE;RUA CEL MATOS DOURADO, 168
GUARACIABA DO NORTE;74;165;SEDE;INSTITUTO PROMOCIONAL BENJAMIM SOARES (PATRONATO);RUA PADRE BERNARDINO MEMORIA - CENTRO
TABULEIRO DO NORTE;91;93;OLHO D'ÁGUA DA BICA;EEMTI ANTONIO VIDAL MALVEIRA;OLHO D'ÁGUA DA BICA
TABULEIRO DO NORTE;91;14;GANGORRINHA;EEB PEDRO MOREIRA DE SOUSA - GANGORRINHA;SITIO GANGORRINHA
UMIRIM;23;243;CENTRO-SEDE;E.E.F.M. JOSE PINHEIRO SALES;RUA MAJOR SALES 664
IGUATU;13;138;PRADO;ESCOLA DE ENS FUND NOSSA SENHORA DO PERPETUO SOCORRO;21 DE ABRIL
QUIXADÁ;6;334;DOM MAURICIO;EEF ANTÔNIO MARTINS DE ALMEIDA;RUA PADRE JOSÉ DA SILVA, 36
CASCAVEL;7;34;JACARECOARA;ESC.ENS.FUND. FRANCISCO CAPISTRANO DE SOUZA;BARRA NOVA
GUARACIABA DO NORTE;74;14;SEDE;ESCOLA MUNICIPAL D PEDRO I;RUA 12 DE MAIO - CENTRO
AQUIRAZ;66;329;PORTO DAS DUNAS;EMEF MARIA FACANHA DE SÁ;RUA VIA COLETORA - LITORANEA II  N 2435
ITAPIPOCA;17;99;ASSUNÇÃO;EEB TIAGO GONCALVES BARBOSA;OLHO D'ÁGUA
FORTALEZA;114;91;BARRA DO CEARÁ;CUCA BARRA DO CEARÁ;AV. PRES. CASTELO BRANCO, 6417
FORTALEZA;114;101;JARDIM IRACEMA;EM RAIMUNDO DE SOUSA MANGUEIRA;RUA ALBERTO FERREIRA 624
FORTALEZA;1;882;ALDEOTA;COLEGIO ARI DE SA - MONSENHOR CATAO;RUA MONSENHOR CATAO, 1655
HORIZONTE;78;69;DOURADO;EMEF MARIA PINHEIRO DA SILVA;AV MANOEL PEREIRA DA COSTA, 52
PARAIPABA;109;193;BARREIRAS;POSTO DE SAÚDE DE BARREIRAS;BARREIRAS
VIÇOSA DO CEARÁ;35;187;CENTRO;E.E.M DR JULIO DE CARVALHO;RUA JOSE JOAQUIM DE CARVALHO, 496
SOBRAL;24;654;ALTO DA BRASÍLIA;EEFI RAUL MONTE;RUA MACEIO, S/N
PARAMBU;19;395;SEDE;ASSOC. DOS PROD. RURAIS DE MEREJOS (ANTIGA ESCOLA JOSÉ COTA NETO);MEREJOS
FORTALEZA;112;48;JARDIM DAS OLIVEIRAS;EM MARIA DE LOURDES RIBEIRO JEREISSATI;RUA REINO UNIDO, 115
MILHÃ;55;67;CENTRO;EEFM EUCLIDES PINHEIRO DE ANDRADE;RUA JOAQUIM NEMESIO 119
PIQUET CARNEIRO;12;22;CENTRO;CVT CENTRO VOCACIONAL TECNOLOGICO;RUA ZACARIAS PINHEIRO DA SILVA, S/N
SANTA QUITÉRIA;54;99;DISTRITO DE LISIEUX;E.E.M. MARIA NEUSA ARAÚJO MOURA;RUA ANTONIA BRAGA, S/N.
FORTALEZA;113;321;RODOLFO TEÓFILO;FACULDADE DE ENFERMAGEM DA UFC;RUA ALEXANDRE BARAÚNA, 1115
FORTALEZA;115;41;ITAPERI;UNIVERSIDADE ESTADUAL DO CEARA - UECE;AV DR. SILAS MUNGUBA, 1700
ARACOIABA;67;87;CENTRO-SEDE;ESCOLA MUNICIPAL DRA. NÁGILA MARIA PONTES PAZ PASSOS;AV DA INDEPENDENCIA SN
FORTALEZA;114;238;BARRA DO CEARÁ;CENTRO DE EDUCAÇÃO COMPLEMENTAR (CEDCE) - ANTIGO SESI;AVENIDA FRANCISCO SÁ 6623
TAMBORIL;61;93;DISTRITO DE BOA ESPERANÇA;EMTI SÃO RAIMUNDO;VILA SABONETE
JAGUARUANA;75;47;JOAO DUARTE;E.E.F. NOSSA SENHORA DE FATIMA;JOAO DUARTE
FORTALEZA;114;348;BARRA DO CEARÁ;EMTI ALDEMIR MARTINS;AV. FRANCISCO SÁ, 7460
FARIAS BRITO;62;188;SEDE;EEI JOANA ALVES BEZERRA;RUA ARACI FREITAS FRANCELINO, S/N
ITAPIPOCA;17;217;ASSUNÇÃO;EEB PAUTÍLIA DE SOUSA BRAGA VERAS;RUA JOÃO TABOSA BRAGA, 650
CRATEÚS;20;60;PATRIARCAS;CENTRO DE REFERÊNCIA DA ASSISTÊNCIA SOCIAL - CRAS IV - PROVISÓRIO;RUA JOSÉ VICENTE, S/N
CRATEÚS;20;173;CURRAL VELHO;ASSOCIAÇÃO COMUNITÁRIA RURAL DA REGIÃO DE BELÉM E SANTA TEREZINHA;SANTA TEREZINHA
MAURITI;76;16;UMBURANAS-DISTRITO;CRECHE SRA. SANTANA;RUA MAJOR JOAQUIM FURTADO, S/N
ALCÂNTARAS;24;6;BELA VISTA;CRAS - CENTRO DE REFERENCIA DA ASSISTENCIA SOCIAL;PRACA GREGORIO CUNHA S/N
FORTALEZA;114;141;JARDIM IRACEMA;EM JOSÉ DE ALENCAR;RUA ALBERTO FERREIRA 248
MARACANAÚ;104;138;JEREISSATI I;EMEIEF DEPUTADO JOSÉ MARTINS RODRIGUES;RUA QUARENTA A, 287
JUAZEIRO DO NORTE;119;382;PLANALTO;LICEU - EEEP ADERSON BORGES DE CARVALHO;R. VICENTE TEIXEIRA DE MACEDO, 561
ITAPIPOCA;17;708;ÁREA RURAL DE ITAPIPOCA;EEB SEBASTIAO GABRIEL MARTINS;LAGOA DAS CARNAUBAS
FORTALEZA;113;408;VILA UNIÃO;COLÉGIO ART E MANHA;RUA SÃO MATEUS, 1020
FORTALEZA;95;104;CONJUNTO PALMEIRAS;EEFM DOUTORA ALDACI BARBOSA;RUA VALPARAISO, 155
EUSÉBIO;88;257;PARQUE HAWAÍ;EEF MIRIAN ABREU;RUA C, S/N - PARQUE HAVAI
SÃO GONÇALO DO AMARANTE;36;76;VARZEA REDONDA;ESCOLA DE ENSINO FUNDAMENTAL JOAQUIM PACHECO MENEZES;VARZEA REDONDA
MARANGUAPE;4;614;COITÉ - MARANGUAPE;EMEF CÔNEGO HEITOR VIEIRA CAVALCANTE;RUA MARIA EFIGÊNIA CAMPOS TELES, 985
JUAZEIRO DO NORTE;28;188;SAO MIGUEL;UNINASSAU CAMPUS SÃO MIGUEL;RUA SÃO FRANCISCO, 1224
JUAZEIRO DO NORTE;28;291;HORTO;EMEFTI VEREADOR FRANCISCO BARBOSA DA SILVA;RUA BOM JESUS DO HORTO
FORTALEZA;112;190;CIDADE DOS FUNCIONÁRIOS;COLÉGIO DÁULIA BRINGEL;RUA TRAJANO ALVES DE AGUIAR, 55
FORTALEZA;116;30;BOM JARDIM;EM CRESCER E APRENDER;RUA EDSON MARTINS, 642
FORTALEZA;116;427;BONSUCESSO;EEF SAO JOSE DO PICI DAS PEDREIRAS;RUA MANUEL ANTONIO LEITE 250
FORTALEZA;115;482;PARANGABA;COLEGIO GURI  SENIOR;RUA CONEGO DE CASTRO 1780
REDENÇÃO;52;155;DISTRITO DE ANTÔNIO DIOGO;ESCOLA CAMILO BRASILIENSE (PRÉDIO NOVO);RUA JERUSALEM, S/N
OCARA;67;176;CENTRO-SEDE;ESCOLA MUNICIPAL LUIS CANDIDO DE OLIVEIRA - ENS FUND E MEDIO;AV CORONEL JOAO FELIPE SN
SÃO BENEDITO;22;46;MONS. OTALICIO;LICEU - JOAO ALMIR DE FREITAS BRANDAO;AVENIDA TABAJARA S/N
BELA CRUZ;96;32;DISTRITO DA PRATA;EMEF MINERVINO JOSE DE VASCONCELOS;DISTRITO DA PRATA
VARJOTA;65;150;ACAMPAMENTO DNOCS;E.E.F. BENJAMIM RODRIGUES MACEDO;RUA ENG. WALDIR LEOPERCIO, 156
CAUCAIA;123;553;ARATURI (JUREMA);E.E.F.M. PRESIDENTE JOSÉ SARNEY;AV. CENTRAL OESTE, 262
AURORA;69;67;GROSSOS-SITIO;E.E.I.F. JOAQUIM SERAFIM PEREIRA;SITIO GROSSOS  S/N
ITAREMA;98;123;ZONA RURAL;EMEF FRANCISCO ANTERO DE SANTANA;CE 434 KM 16 - CORREGO DA VOLTA
CAUCAIA;123;430;ARATURI (JUREMA);E.E.F. PROFESSORA MARLY FERREIRA MARTINS;RUA NW-3, S/N
VÁRZEA ALEGRE;62;34;PRAÇA SANTO ANTÔNIO;COLÉGIO SÃO RAIMUNDO NONATO - LTDA;RUA CORONEL ANTONIO CORREIA, 24
TIANGUÁ;81;167;ÁREA RURAL DE TIANGUÁ;E.E.F. JOSÉ MARIA DA SILVA;SÍTIO PÉ DO MORRO
MORADA NOVA;47;35;CENTRO;CEBCJEC -CENTRO DE EDUCAÇÃO BÁSICA CORONEL JOSÉ EPIFÂNIO DAS CHAGAS;AV MANOEL CASTRO, 600
TAMBORIL;61;6;CENTRO;EMEF GENERAL SAMPAIO;RUA FRANCISCO MARTINS DE HOLANDA, 75
BOA VIAGEM;63;38;GUIA;EEF ADILIA MARIA;R. FRANCISCO RIBEIRO DE SALES, S/N
JAGUARETAMA;72;81;CENTRO;ESCOLA MUNICIPAL DE 1º.GRAU MANOEL CARLOTO PINHEIRO;RUA MANOEL CARNEIRO 97
VIÇOSA DO CEARÁ;35;190;LAMBEDOURO;E.E.I.F ANTONIO CARNEIRO MAGALHAES;SITIO CARAUBAS
ITAITINGA;78;335;GERERAÚ;EEMTI RAUL TAVARES CAVALCANTE;AV. PAULINO ROCHA, 3238
AURORA;69;37;INGAZEIRAS-DISTRITO;ESCOLA DE ENSINO FUNDAMENTAL ANTONIO TELES DE PONTES;RUA DO COMERCIO
ITAREMA;98;206;CENTRO;EMEF PE ARISTIDES ANDRADE SALES;AV JOAO BATISTA RIOS S/N
IGUATU;13;244;CAJAZEIRAS;ESCOLA DE ENS FUND JOAQUIM DE SOUSA PINTO;VILA CAJAZEIRAS
ICAPUÍ;8;270;CENTRO;EEF. PROFESSORA MIZINHA;AV. 22 DE JANEIRO 5183
JUCÁS;43;112;CENTRO - SEDE;ESCOLA DE ENSINO MÉDIO LUIZA TAVORA;RUA HILDELY CAVALCANTE 120
ARARIPE;68;102;CAMPO DE AVIAÇÃO;ESCOLA PROFESSORA MARIA VIOLETA ARRAES DE ALENCAR GERVAISEAU - SEDE;CAMPO DE AVIAÇÃO
ICAPUÍ;8;198;CENTRO;EEF. PROFESSORA MIZINHA;AV. 22 DE JANEIRO 5183
RUSSAS;9;53;CENTRO;COLEGIO ESTADUAL GOVERNADOR FLAVIO MARCILIO;AV DOM LINO 725
CAUCAIA;123;351;MARECHAL RONDON (JUREMA);E.E.I.E.F. ECONOMISTA RUBENS VAZ DA COSTA;AVENIDA NOVO HORIZONTE, S/N
VARJOTA;65;188;VILA NAIARA;E.E.I.F. NAIARA MACEDO VASCONCELOS;VILA NAIARA - ZONA RURAL
FORTALEZA;95;189;CAJAZEIRAS;CRECHE ACADEMIA DA CRIANÇA;RUA GREGÓRIO FRANÇA, 174
CARIDADE;111;79;SAO DOMINGOS;EEI FRANCISCO DE MOURA BARROS;RUA VICENTE DE PAULA FONSECA, S/N, SAO DOMINGOS
TABULEIRO DO NORTE;91;60;SITIO COBERTO;ASSOCIAÇÃO DOS MORADORES DO SITIO COBERTO;SITIO COBERTO
BEBERIBE;84;8;SUCATINGA;EEM FRANCISCA MOREIRA DE SOUSA;RUA MOREIRA DA ROCHA 01 - CENTRO
AIUABA;101;31;BOM NOME;GRUPO ESCOLAR JOSE ALVES DE OLIVEIRA;RUA DUQUE DE CAXIAS SN
CARIÚS;43;199;SITIO MONTE VERDE;EEIF JOSE CARLOS DA SILVA LEAL;SITIO MONTE VERDE
JATI;70;386;CABOCLO-SEDE;PSF VILA CABOCLO;VILA CABOCLO
FORTALEZA;80;298;VILA UNIÃO;ESCOLA MUNICIPAL PAPA JOÃO XXIII;AV TREZE DE ABRIL, 545
MARTINÓPOLE;25;72;CENTRO;E.E.F.T.I. CHICO MUNDOCA;RUA 07 DE SETEMBRO, N 902
FORTALEZA;113;154;BOM FUTURO;COLÉGIO MEDALHA MILAGROSA;RUA PADRE JOÃO PIAMARTA,  415
AMONTADA;89;200;POÇO COMPRIDO;EEB MIRTES CARDOSO DE PAIVA SILVA;CÓRREGO DA AROEIRA
CARIDADE;111;95;ZONA RURAL;EEIF DELFINA TEIXEIRA DE CASTRO;LOCALIDADE DE VARZEA REDONDA
FORTALEZA;117;406;CANINDEZINHO;EEFM SÃO FRANCISCO DE ASSIS;RUA SÃO FELIPE, 564
FORTALEZA;82;409;MONTE CASTELO;CENTRO EDUCACIONAL SÃO MATEUS;AV. SARGENTO HERMÍNIO SAMPAIO, 2440
FORTALEZA;82;674;ÁLVARO WEYNE;EM ALDEÍDES RÉGIS;RUA IRINEU DE SOUSA, 176
VÁRZEA ALEGRE;62;103;CANINDEZINHO;EEF MANOEL SALVADOR;SÍTIO CARNAÚBAS
MORAÚJO;64;129;CENTRO;MORAÚJO - INSTITUTO EDUCAÇÃO PROFª EUDÁLIA MOREIRA;RUA RAIMUNDA GOMES, 297
MASSAPÊ;45;129;CRUZEIRO;EEEP FRANCISCA NEILYTA CARNEIRO ALBUQUERQUE;RODOVIA CE362 KM 81 S/N
FORTALEZA;85;339;GENIBAÚ;ESCOLA MUNICIPAL DEP JOAO FREDERICO FERREIRA GOMES;RUA JOSE MENDONCA 1160
ARACATI;8;257;CAJUEIRO;E.E.F. JOSE BERNARDO DE SOUZA;CAJUEIRO
FORTALEZA;3;477;ALDEOTA;COLÉGIO CHRISTUS (AV. BARÃO DE STUDART);RUA JOÃO CARVALHO, 630
QUIXERAMOBIM;11;226;CENTRO;LICEU ALFREDO ALMEIDA MACHADO;AV. DR. JOAQUIM FERNANDES, 95 - CENTRO
QUIXADÁ;6;39;CIPÓ DOS ANJOS;EEF SEVERINO ARAGÃO;BONFIM, S/N
FORTALEZA;93;135;PREFEITO JOSÉ WALTER;COLEGIO VEGA;AVENIDA C, 160
CAUCAIA;37;575;PLANALTO CAUÍPE;E.E.I.F. SAUL GOMES DE MATOS;RUA HONORINA BARROS FONTELES, S/N
TABULEIRO DO NORTE;91;52;BOM FUTURO;EMEF ACELINO MAIA - BOM FUTURO;RUA VICENTE LAURINDO, S/N
FORTALEZA;80;303;DIONISIO TORRES;ASSEMBLÉIA LEGISLATIVA - UNIVERSIDADE DO PARLAMENTO CEARENSE;RUA BARBOSA DE FREITAS, 2674
FORTALEZA;2;92;MESSEJANA;CLUBE DA CAIXA;AVENIDA FREI CIRILO 4700
FORTALEZA;1;857;MUCURIPE;ESCOLA MUNICIPAL CONSUELO AMORA;AV. DOS JANGADEIROS, 577
MARACANAÚ;104;427;TIMBÓ;EEMTI ADAHIL BARRETO CAVALCANTE;AVENIDA VEREADOR EDMILSON MARQUES, S/N
MORADA NOVA;47;165;ARUARU;EEB BENEVENUTO LINO DO NASCIMENTO;RUA DE FATIMA S/N PATOS
FORQUILHA;121;195;EDMUNDO RODRIGUES;EEFI FRANCISCO FIGUEIREDO DE PAULA PESSOA;R MARIA DE NAZARE DA SILVA SN
FORQUILHA;121;205;CENTRO;EEF ANTONIO JOSE DE LOIOLA FILHO;RUA MONSENHOR DOMINGOS, S/N
INDEPENDÊNCIA;39;52;ALVAÇÃO;E.E.F. VICENTE RODRIGUES SALES;POVOADO ALVAÇÃO
OCARA;67;252;SERENO DE CIMA-DISTRITO;ESCOLA MUNICIPAL RAIMUNDO FACO - ENSINO FUNDAMENTAL;ESTRADA DO ALGODAO KM 31 - CORREGO DO FACO
FORTALEZA;113;232;PARQUELÂNDIA;EEFM ANTONIO SALES - PARQUELÂNDIA;RUA PROF. ANACLETO, 630
JUAZEIRO DO NORTE;119;60;ANTONIO VIEIRA;ESCOLA PREFEITO ANTONIO CONSERVA;CONSTRUTOR JOSE SABINO SN
AQUIRAZ;66;149;TAPERA;EMEF PLACIDO CASTELO;RUA ASSIS BENTO DE FREITAS, 970 - BARRINHA
AQUIRAZ;66;99;CAMARA;EMEF JOAO PIRES CARDOSO;RUA ALDENORA CARDOSO SN
JIJOCA DE JERICOACOARA;30;257;ZONA RURAL;ESCOLA ANTONIO DUTRA DE SOUSA;BAIXIO I
MARACANAÚ;122;149;MUCUNA;EMEF MANOEL ROSEO LANDIM;RUA OSCAR FERREIRA DE BRITO, 161
FORTALEZA;113;367;MONTESE;COLÉGIO ESTADUAL PRESIDENTE HUMBERTO CASTELO BRANCO;RUA IRMA BAZET, 210
IPUEIRAS;40;65;CENTRO;CENTRO MULTIFUNCIONAL FRANCISCO CAZUZA SAMPAIO - CENTRO;RUA CORONEL JOSÉ BENTO, S/N
GUARACIABA DO NORTE;74;34;DISTRITO;ESCOLA MUNICIPAL SILVESTRE MESQUITA (VÁRZEA DOS ESPINHOS);VARZEA DOS ESPINHOS
SÃO BENEDITO;22;48;CRUZEIRO;EEF FILONILA CARVALHO;AVENIDA SALMITO FERREIRA DE ALMEIDA
REDENÇÃO;52;69;DISTRITO DE ANTÔNIO DIOGO;ESCOLA TERTO VENÂNCIO;VILA ANTONIO JUSTA - CENTRO
TABULEIRO DO NORTE;91;20;CENTRO;ESCOLA  ANTÔNIO ALVES MAIA;RUA CEL. PIO GADELHA, 4683
MARACANAÚ;104;69;TIMBÓ;EMEF ADAUTO FERREIRA LIMA;AVENIDA CONTORNO LESTE, S/N
FORTALEZA;2;89;MESSEJANA;CLUBE DA CAIXA;AVENIDA FREI CIRILO 4700
ACOPIARA;60;45;TRUSSU;EEF JOAO ANTONIO DE ARAUJO;SITIO RIACHO ESCURO
UBAJARA;73;147;MONTE CASTELO;ESCOLA FLAVIO RIBEIRO LIMA;RUA TEN JOSE RAMIRO DE SOUSA
FORTALEZA;94;5;QUINTINO CUNHA;CENTRO COMUNITARIO CONJUNTO SAO FRANCISCO;RUA ILHA DO BOTE 367
ITAPIPOCA;17;410;ASSUNÇÃO;EEB ANTONIO JOAQUIM BRAGA;BOM LUGAR
HORIZONTE;78;72;ALTO DA ESTRELA;EMEF MARIA TEODORA EVANGELISTA ;RUA MILTON FIGUEIREDO, 290
IGUATU;13;123;CENTRO;CEJA GOVERNADOR LUIZ DE GONZAGA DA FONSECA MOTA;RUA MONSENHOR COELHO SN
FORTALEZA;2;819;LAGOA REDONDA;ESCOLA MUNICIPAL ISABEL FERREIRA;RUA ISABEL FERREIRA, 1000 - CONJ. CURIÓ
EUSÉBIO;88;196;TIMBU;EEF EDUARDO ALVES RAMOS;ESTRADA DO FIO, 3603 - TIMBU
SANTANA DO ACARAÚ;44;163;BONFIM;ESCOLA MUNICIPAL JOSÉ MARCIONILIO FARIAS;BONFIM
FORTALEZA;80;148;TAUAPE;SALÃO PAROQUIAL SÃO JOAO DO TAUAPE;RUA MONSENHOR SALAZAR, 279
AQUIRAZ;66;350;JACUNDA;EMEF HENRIQUE GONCALVES DA JUSTA FILHO;RUA ANTONIO MELQUIADES LIMA S/N
GRANJA;25;165;ADRIANOPOLES;E.E.F. GUILHERME TELES GOUVEIA (ANTIGA NIEDJA ARRUDA);RUA VICENTE FERREIRA, S/N
FORTALEZA;82;210;MONTE CASTELO;COLÉGIO EURÍDICE;RUA NATURALISTA FEIJÓ, 736
ASSARÉ;18;152;PEDRA DE FOGO;ESCOLA ESTADUAL DE EDUCAÇÃO PROFISSIONAL;RUA JOSÉ RIBEIRO DE OLIVEIRA S/N
PARAMBU;19;369;SEDE;ESCOLA MANOEL DE SOUSA FEITOSA (ANT. ESC. JOÃO ALVES DE ARAÚJO);CRUZETINHA MALHADA
MARANGUAPE;4;397;PARQUE IRACEMA - MARANGUAPE;CEI MÁRIO VALENTIM DE ANDRADE;RUA ANTÔNIO GOMES BESSA, S/N
VÁRZEA ALEGRE;62;91;ALTO DA PREFEITURA;EEF MARIA AMÉLIA GONÇALVES COSTA;RUA JOAQUIM FELIX, SN
FORTALEZA;116;394;BONSUCESSO;EM PROF LUIS RECAMONDE CAPELO;RUA MARIA QUINTELA 901
IGUATU;13;73;CENTRO;ESCOLA DE ENS FUND PACIFICO GUEDES (ANTIGO CARLOS DE GOUVEIA);RUA DR. JOAO PESSOA 887
ACOPIARA;60;199;SOLIDAO;EEF MANOEL PEDRO DE CARVALHO;SITIO CAJAZEIRAS
AQUIRAZ;66;358;DIVINEIA;ESCOLA DE EDUCAÇÃO PROFISSIONAL PROFESSORA ALDA FAÇANHA;AVENIDA NOSSA SENHORA DE LOURDES, S/N
ITAPIPOCA;17;711;CRUXATI;EEB PEDRO FRANCISCO DE ASSIS;CURA I
FORTALEZA;85;195;CONJUNTO CEARÁ I;ESCOLA JOÃO PAULO II;AV C N. 1381 2 ETAPA
FORTALEZA;85;106;CONJUNTO CEARÁ I;CEJA ADELINO DE ALCANTARA FILHO - UV-6;RUA SEISCENTOS E DOZE, 100, 1A ETAPA
ALTANEIRA;53;8;SÍTIO SÃO ROMÃO;EMEF JOAQUIM DE MORAIS;SÍTIO SÃO ROMÃO, SN
AMONTADA;89;225;ICARAÍ;EEB RAIMUNDA BARBOSA DE SOUSA;PERNAMBUQUINHO
SÃO LUÍS DO CURU;23;320;CENTRO-SEDE;E.E.F. PROFESSORA MARIA DE LOURDES BRAGA;RUA HUGO ROCHA SN
JUAZEIRO DO NORTE;28;134;MARROCOS;EEF JOSE DE ARAUJO;VILA SAO GONCALO
ICAPUÍ;8;154;PONTA GROSSA;C.E.I. ANTÔNIO CRISPIM;PRAIA DE PONTA GROSSA
APUIARÉS;50;22;SÃO FRANCISCO;EEF AÉCIO DE BORBA;RUA JACA PRAÍBA, 410
FORTALEZA;80;243;TAUAPE;EEFM NOEL HUGNEN OLIVEIRA PAIVA;RUA MONSENHOR SALAZAR 279
MARACANAÚ;122;118;NOVO ORIENTE;EMEF DEP ULYSSES GUIMARAES;RUA 29 N. 10
ICAPUÍ;8;133;CENTRO;EEF. PROFESSORA MIZINHA;AV. 22 DE JANEIRO 5183
JUAZEIRO DO NORTE;28;277;FRANCISCANOS;ECIM DOUTOR EDVAR TEIXEIRA FERRER;DOM PEDRO II 1643
ALTO SANTO;86;8;ARMADOR;ESCOLA DE 1 GRAU JOAO QUINCO;SITIO ARMADOR
IGUATU;13;335;FOMENTO;ESCOLA DE ENS FUND LUIZA BEZERRA DE SOUZA;VILA FOMENTO
FORTALEZA;114;363;JARDIM IRACEMA;CAPELA NOSSA SENHORA DE FÁTIMA;RUA RIO ARAGUAIA 1669
FORTALEZA;3;435;MEIRELES;EEFM PARÓQUIA DA PAZ;RUA VISCONDE DE MAUÁ, 905/A
ITAPIPOCA;17;553;BALEIA;EEB JUVENAL COSMO DO MONTE;BARRA DO CÓRREGO
AMONTADA;89;161;NASCENTE;EEBTI RAIMUNDO GOMES GARCEZ;NASCENTE
JARDIM;119;323;JARDIM MIRIM;ESCOLA MONSENHOR ALCANTARA;DISTRITO DE JARDIM MIRIM
FORTALEZA;115;254;PARANGABA;FACULDADE UNINASSAU - PARANGABA;RUA GERMANO FRANCK, 567
JAGUARUANA;75;62;SAO JOSE;E.E.F. JOAO RODRIGUES MAIA;SÃO JOSÉ
FORTALEZA;3;35;JACARECANGA;SENAI - UNIDADE CENTRO;AV. PADRE IBIAPINA, 1280
JAGUARUANA;75;127;CARDEAIS;E.E.F. TOMAZ BARBOSA DE OLIVEIRA;CARDEAIS
MARACANAÚ;122;199;ALTO DA MANGUEIRA;E.M.E.F. ESTUDANTE ANA BEATRIZ TAVARES;RUA JOACIR FREITAS DUTRA, S/N
MARACANAÚ;122;248;SIQUEIRA (siqueira 2);EEM PROFª. EUDES VERAS;AVENIDA SIQUEIRA CAMPOS, 601
CATARINA;60;253;SEDE;POSTO DE SAUDE DE SAO DOMINGOS;SAO DOMINGOS
RUSSAS;9;44;CENTRO;ESCOLA MUNICIPAL JOSE RAIMUNDO DE DEUS;AVENIDA IRMÃ MARIA DA GRAÇA
PACAJUS;49;15;CENTRO;INSTITUTO EDUCACIONAL ESSÊNCIA;RUA MAMEDE NOGUEIRA, 814
JUAZEIRO DO NORTE;28;237;SAO MIGUEL;SENAC SÃO MIGUEL;RUA SAO LUIZ 701
ACARAÚ;30;61;CENTRO;ESCOLA PROF. TERESA DE JESUS SILVA;RUA JOÃO JAIME FERREIRA GOMES, 457
PEDRA BRANCA;59;132;MINEIROLANDIA;E.E.F.I  DOM JOSE MAURO;RUA VICENTE MINEIRO, 25
CRATO;27;37;CENTRO;COLÉGIO DIOCESANO DO CRATO;RUA NÉLSON ALENCAR, 569
UBAJARA;73;149;CACHOEIRA DO BOI MORTO;ESCOLA MANUEL URUÇU;SITIO CACHOEIRA DO BOI MORTO
QUITERIANÓPOLIS;99;94;ZONA RURAL;EEIF JOSÉ DOMINGOS DA SILVA;BEZOURO
MOMBAÇA;46;115;RECREIO;ESCOLA DE ENSINO FUNDAMENTAL MARIA SILVINO BENEVIDES;RUA ALTO ALEGRE, S/N
TIANGUÁ;81;205;LAURÃO;E.E.I.F. FREI GERVÁSIO;RUA ALBERCY NOGUEIRA DE VASCONCELOS , SN
TURURU;17;631;CEMOABA / ZONA RURAL;EMEF MARIA LUNGA MOREIRA;RUA PRINCIPAL
VIÇOSA DO CEARÁ;35;150;ZONA RURAL;UNIDADE ESCOLAR DE ENSINO I. F. DO GAVIÃO;SÍTIO GAVIÃO
ARACOIABA;67;35;IDEAL-DISTRITO;ESCOLA MUNICIPAL JOAO FERREIRA GADELHA;RUA DO COMERCIO SN
CAUCAIA;120;343;COITE PEDREIRA;E.E.I.E.F. MARIA INOCÊNCIA DE ARAÚJO;RUA PRINCIPAL, S/N
MORADA NOVA;47;181;LINHA BASE;EEB FRANCISCO XAVIER ANDRADE GIRAO;SITIO LINHA BASE DE CIMA
FORTALEZA;82;235;PIRAMBU;CENTRO EDUCACIONAL DOM HÉLIO CAMPOS;RUA SÃO RAIMUNDO, 199
CARIRIAÇU;71;6;PARAÍSO;EEF PAULO BARBOSA LEITE;RUA LUIZ BEZERRA, SN
JAGUARIBE;10;35;EDMAR BARREIRA;CEI MARIA IRACÍLIA DE SÁ PEREIRA BARREIRA;RUA ANTÔNIO WEIMA FERNADES
MARACANAÚ;122;70;ACARACUZINHO;EEFM JOSE MILTON DE VASCONCELOS DIAS;AV. CENTRAL S/N
CAUCAIA;37;577;NOVO PABUSSU;EEIEF MARIA DOLORES MENEZES DE ALMEIDA;RUA DA CONSOLAÇÃO, 465
ARACATI;8;65;PEDREGAL;E.E.F. PROF ANTONIO MONTEIRO;NUCLEO HABITACIONAL
ARACATI;8;264;VOLTA;E.E.F. VIRGINIA RODRIGUES UCHOA;SITIO VOLTA
HORIZONTE;78;220;PLANALTO HORIZONTE;EMEF JORGE PEREIRA DA ROCHA;RUA PAULO FREIRE 40
FORTALEZA;114;41;BARRA DO CEARÁ;EM CASIMIRO JOSÉ LIMA FILHO;AVENIDA FRANCISCO SÁ 6449
FORTALEZA;83;711;DEMOCRITO ROCHA;COLÉGIO PROFESSORA JEMINA GÓIS;RUA GUANABARA, 627
CEDRO;13;536;SÃO MIGUEL;CAPELA SÃO JOSE DO SITIO VILA NOVA;ST VILA NOVA
QUIXADÁ;6;64;CIPÓ DOS ANJOS;EEF ZILCAR DE SOUZA HOLANDA;CIPÓ DOS ANJOS, S/N
PARACURU;109;36;CENTRO;E. M. E. F. ANTONIO SALES;RUA CAP JOSE TELES, S/N
SENADOR POMPEU;12;118;SAO JOAQUIM;GRUPO COMUNITARIO MANOEL COSME LIMA;SÍTIO BALANÇAS
JUAZEIRO DO NORTE;28;88;FRANCISCANOS;ECIM DOUTOR EDVAR TEIXEIRA FERRER;DOM PEDRO II 1643
FORTALEZA;83;68;DEMOCRITO ROCHA;EEFM JOAQUIM ALVES;RUA ESTADO DO RIO 955
HORIZONTE;78;80;CENTRO;EMEF PROFESSORA RAIMUNDA DUARTE TEIXEIRA ;AV EUDES XIMENES, 83 - CENTRO 
FORTALEZA;113;217;RODOLFO TEÓFILO;COLÉGIO MANUELITO AZEVEDO;RUA TIRADENTES, 483
FORTALEZA;113;323;BOM FUTURO;COLÉGIO MEDALHA MILAGROSA;RUA PADRE JOÃO PIAMARTA,  415
BOA VIAGEM;63;27;FATIMA;EEF PE. PAULO DE ALMEIDA MEDEIROS;RUA MARIA DE NAZARE BEZERRA 245
ACARAPE;52;146;AMARGOSO;ESCOLA HUMBERTO DE CAMPOS;AMARGOSO
LIMOEIRO DO NORTE;29;41;CENTRO;EEM LAURO REBOUCAS DE OLIVEIRA;RUA DOS EXPEDICIONARIOS 2921
ARACATI;8;2;CENTRO;CAMARA MUNICIPAL;CEL ALEXANZITO 448
CANINDÉ;33;238;ZONA RURAL;EMEF FRANCISCO DA CRUZ UCHOA;LOCALIDADE DE SAO SERAFIM
FORTALEZA;83;96;HENRIQUE JORGE;EEM  MARIANO MARTINS;AVENIDA SENADOR FERNANDES TÁVORA 1445
IGUATU;13;382;COHABS;CRECHE RAFAEL JEAN GONÇALVES DE FREITAS;RUA ANTONIO RODOVALHO DE ALENCAR
SÃO BENEDITO;22;206;CRUZEIRO;EEMTI IZAIAS GONÇALVES DAMASCENO;AVENIDA SALMITO FERREIRA DE ALMEIDA 1150
AMONTADA;89;180;SABIAGUABA;EEB FRANCISCO ESTEVÃO DE ASSIS;SABIAGUABA
CANINDÉ;33;475;SANTA CLARA;CENTRO SOCIAL URBANO;RUA SITONIO MONTEIRO 999
CANINDÉ;33;378;SANTA LUZIA;EMEF SENADOR CARLOS JEREISSATI;RUA EUCLIDES BARROSO, 1048
BARBALHA;31;95;SANTANA II;EEMTI ALMIRO DA CRUZ (SITIO SANTANA II);AV. PROJETADA IV, S/N - SITIO SANTANA II (7.32601 S, 39.24044 W)
ACARAÚ;30;12;CENTRO;ESCOLA PROF. TERESA DE JESUS SILVA;RUA JOÃO JAIME FERREIRA GOMES, 457
ACARAÚ;30;334;ZONA RURAL;ESCOLA DE QUEIMADAS (COMUNIDADE INDIGENA);ALDEIA INDIGENA DE QUEIMADAS
FRECHEIRINHA;81;245;CENTRO;CENTRO EDUCACIONAL RAIMUNDO PEREIRA;AVENIDA JOAQUIM PEREIRA 717 - CENTRO 
SENADOR POMPEU;12;104;CENTRO;COORDENADORIA REGIONAL DE  DESENVOLVIMENTO DE EDUCAÇÃO - CREDE 14;RUA PROFESSOR CAVALCANTE, 669
UBAJARA;73;143;MONTE CASTELO;ESCOLA FLAVIO RIBEIRO LIMA;RUA TEN JOSE RAMIRO DE SOUSA
JUAZEIRO DO NORTE;119;209;ANTONIO VIEIRA;ESCOLA PREFEITO ANTONIO CONSERVA;CONSTRUTOR JOSE SABINO SN
CEDRO;13;509;DIVISÃO;ESCOLA DE ENS FUND ANTONIETA JUCA MARQUES;RUA 7 DE SETEMBRO S/N
ASSARÉ;18;94;ARATAMA;GRUPO ESCOLAR ANTONIO DA SILVA LEAL;RUA ANTONIO GONCALVES DA SILVA SN
ICÓ;15;114;TRES BODEGAS - POVOADO;ESCOLA MUNICIPAL ANTONIO FERREIRA DE CARVALHO;RUA DIOMEDES ARRUDA TORRES, 111
CATARINA;60;234;CENTRO;EEF PAES DE ANDRADE;RUA MANOEL DOMINGUES
MARACANAÚ;104;127;PAJUÇARA;COLÉGIO 7 DE SETEMBRO (PAJUÇARA);RUA BEATRIZ CALIXTO, 305
ANTONINA DO NORTE;18;10;POPULARES;ESCOLA FUNDAMENTAL ANTONIO MOTA;RUA SANTO ANTONIO S/N
MARACANAÚ;122;72;ACARACUZINHO;EEFM JOSE MILTON DE VASCONCELOS DIAS;AV. CENTRAL S/N
MASSAPÊ;45;44;ZONA RURAL;CENTRO DE APOIO COMUNITÁRIO MANOEL ESTANISLAU DE ARAÚJO;POVOADO ARRAIAL
FORTALEZA;113;330;FARIAS BRITO;ESCOLA ESTADUAL DE EDUCAÇÃO PROFISSIONAL  PRESIDENTE ROOSEVELT;AV BEZERRA DE MENEZES 435
FORTALEZA;80;430;DIONISIO TORRES;COLÉGIO CHRISTUS - DIONÍSIO TORRES;RUA ISRAEL BEZERRA 630
BEBERIBE;84;136;SUCATINGA;ESCOLA MUNICIPAL JOSE RUFINO PEREIRA;TABUBA
MILAGRES;26;96;VILA PADRE CICERO;ESCOLA FRANCISCO GOMES DE LUCENA;VILA PADRE CICERO
MILAGRES;26;116;SITIO CAJAZEIRINHA;POSTO DE SAUDE CAJAZEIRINHA;SITIO CAJAZEIRINHA
CARIRIAÇU;71;1;PARAÍSO;EEF JULITA FARIAS;RUA LUIZ BEZERRA S/N
UBAJARA;73;129;FURNALHÃO - DISTRITO DE ARATICUM;UBS - JOSÉ NORBERTO DE AZEVEDO;SÍTIO FURNALHÃO
MASSAPÊ;45;136;CRUZEIRO;EEEP FRANCISCA NEILYTA CARNEIRO ALBUQUERQUE;RODOVIA CE362 KM 81 S/N
PENAFORTE;70;337;CENTRO-SEDE;ESCOLA DE ENSINO INFANTIL E FUNDAMENTAL PROFESSORA LEDITE ANGELO;RUA MONSENHOR ALCANTARA 05
PARAMOTI;111;163;CENTRO;EMEF MANUEL DE ARRUDA;SANTA ROSA
FORTALEZA;95;154;BARROSO;EM PROFESSORA MARIA ANTONÉZIA MEIRELES E SÁ;RUA CORONEL VIRGÍLIO TÁVORA, 1340
FORQUILHA;121;259;EDMUNDO RODRIGUES;EEFM ELZA GOERSCH;AV CRIANÇA DANTE VALERIO S/N CENTRO
ACARAÚ;30;323;CENTRO;ESCOLA TOMAZ POMPEU DE SOUSA BRASIL;RUA JOSE JULIO LOUZADA 550
CAMOCIM;32;94;ZONA RURAL;EEF FRANCISCO ALVES MONTEIRO - FRECHEIRAS;LOCALIDADE DE FRECHEIRAS
MAURITI;76;100;CENTRO;EEIF HUMBERTO BEZERRA;RUA JOSE LEITE DA COSTA, S/N
MUCAMBO;79;207;CENTRO;E.E.M. JOSÉ CLÁUDIO DE ARAÚJO;RUA JOSÉ CLÁUDIO DE ARAÚJO, 615
FORTALEZA;113;259;AMADEU FURTADO;EEF MONSENHOR LINHARES;RUA PROF. LINO ENCARNAÇÃO, 1130
PACATUBA;57;325;CONJUNTO JEREISSATI II;EEEP PROFª LUISA DE TEODORO VIEIRA;AV. XXV S/N
FORTALEZA;113;381;PARQUELÂNDIA;CRECHE ESPACO E VIDA;RUA PEDRO DE QUEIROZ, 532
CANINDÉ;33;456;CACHOEIRA DA PASTA;EMEF FIRMINO COELHO;RUA JOAQUIM MEDEIROS 3173
QUIXELÔ;13;159;ÁREA RURAL DE QUIXELÔ;PSF DO FAÉ;FAE-SITIO
MARACANAÚ;122;149;MUCUNA;EMEF MANOEL ROSEO LANDIM;RUA OSCAR FERREIRA DE BRITO, 161
JAGUARIBE;10;63;DISTRITO DE FEITICEIRO;E.E.M. MILITANA PAES;RUA TOME DA FROTA 93
FORTALEZA;113;343;PARQUELÂNDIA;ESCOLA ESTADUAL DE EDUCAÇÃO PROFISSIONAL JOAQUIM NOGUEIRA;RUA MOREIRA DE SOUSA, 327
CANINDÉ;33;461;CAN;EMEF MELVIN JONES;RUA PROFESSOR RAIMUNDO MARTINS 1405
PARAMOTI;111;161;ZONA RURAL;ESCOLA MUNICIPAL ABEL GOMES;LOCALIDADE MARACAJÁ
ORÓS;15;242;SAO JOSE - SEDE;E.E.F. ROBERTO ROLIM;TRAVESSA MARIA PINHEIRO DA COSTA S/N
VIÇOSA DO CEARÁ;35;45;GENERAL TIBURCIO;E.E.F FRANCISCO VIEIRA JUNIOR;VILA GENERAL TIBURCIO
PACATUBA;57;305;CONJUNTO JEREISSATI III;EEIEF NELLY DE LIMA E MELO;RUA 02, 250
BREJO SANTO;70;65;COMPRA FIADO-SEDE;PREDIO COMUNITARIO MANUEL CANUTO;SÍTIO COMPRA FIADO
FORTALEZA;113;209;RODOLFO TEÓFILO;COLÉGIO DEOCLÉCIO FERRO;RUA MINERVINO DE CASTRO, 987
FORTALEZA;112;494;CIDADE DOS FUNCIONÁRIOS;COLEGIO MASTER SUL;RUA BENJAMIM MOURA, 631
FORTALEZA;82;184;SÃO GERARDO;ESCOLA MUNICIPAL GUSTAVO BARROSO;RUA ERETIDES MARTINS, 26
BAIXIO;92;93;JUREMA - SITIO;ESCOLA MUNICIPAL JOAQUIM FERREIRA;SITIO JUREMA S/N
MAURITI;76;56;SAO MIGUEL-DISTRITO;EEIF CAREOLANO LEITE;RUA SALUSTIANO RODRIGUES, S/N
BARBALHA;31;122;DISTRITO ESTRELA;CRECHE TIA CHICA (ESTRELA);AV. JOÃO EVANGELISTA SAMPAIO, S/N (7.28380 S, 39.26534 W)
BARBALHA;31;131;MATA DOS DUDAS;EMEIF NAZINHA GARCIA SAMPAIO (SÍTIO MATA DOS DUDAS);RUA GEANE NÓBREGA DE ARAÚJO SARAIVA, S/N  (7.27423 S, 39.31956 W)
BARBALHA;31;168;ALTO DO ROSÁRIO;EMEIF MARIA DAS DORES SAMPAIO (ALTO DO ROSÁRIO);RUA ENG. MARCO AURÉLIO, S/N - ALTO DO ROSÁRIO (7.31494 S, 39.30876 W)
MOMBAÇA;46;57;CENTRO;E. E. E. F. M. PROFESSOR PEDRO JAIME;AV. CÍCERO MARQUES, 02
FORTALEZA;112;31;ENGENHEIRO LUCIANO CAVALCANTE;COLÉGIO ANTARES - SEDE WASHINGTON SOARES;RUA CAETANO XIMENES ARAGÃO,110 - ACESSO PELA RUA ARMANDO DALL'OLIO
SANTANA DO ACARAÚ;44;171;CENTRO;CENTRO EDUCACIONAL MUNICIPAL JOAO CORDEIRO;RUA VIGARIO THEOTIMO 246
FORTALEZA;83;416;BELA VISTA;EEMTI ESTADO DO AMAZONAS;RUA MONSENHOR FURTADO 2327
FORTALEZA;112;529;SABIAGUABA;EM PROFESSORA JOSEFINA PARENTE DE ARAÚJO;RUA PEDRO MAMEDE, 175
FORTALEZA;82;680;CARLITO PAMPLONA;EEMTI JOSÉ VALDO RIBEIRO RAMOS;RUA PEDRO AMÉRICO, 100
MAURITI;76;83;CENTRO;EEM ANDRÉ CARTAXO;RUA CHAGAS SAMPAIO, S/N
CAUCAIA;37;173;MATOES;E.E.I.E.F. PAULO FERREIRA DA ROCHA;RUA BOA ESPERANÇA, S/N
SANTA QUITÉRIA;54;209;DISTRITO DE LISIEUX;E.E.M. MARIA NEUSA ARAÚJO MOURA;RUA ANTONIA BRAGA, S/N.
PACOTI;5;207;GRANJA-SITIO;CENTRO DE ARTICULAÇÃO DA APA DA SERRA DE BATURITÉ (GRANJA);GRANJA
MAURITI;76;164;BELA VISTA;E.E. PROFISSIONALIZANTE PE. JOÃO BOSCO DE LIMA;RUA 03, S/N
FORTALEZA;80;381;TAUAPE;COLÉGIO SHALON;RUA TIBÚRCIO FROTA, 1530 COM OSVALDO CRUZ
MARACANAÚ;122;157;PIRATININGA;EMEF - ELIAN DE AGUIAR MENDES;RUA AMAZONAS 01
FORTALEZA;113;108;BENFICA;COLÉGIO CHRISTUS BENFICA;RUA LUIS DE MIRANDA, 536
FORTALEZA;116;157;BOM JARDIM;EM SEBASTIAO DE ABREU;RUA GERALDO BARBOSA 1065
FORTALEZA;116;308;GRANJA LISBOA;EM ULISSES GUIMARAES;RUA TENENTE FRANCISCO PAIVA 1350
FORTALEZA;80;177;FÁTIMA;CENTRO EDUC. DA JUV. PE. JOÃO PIAMARTA - AGUANAMBI;AV. AGUANAMBI, 2479
FORTALEZA;113;64;DAMAS;COLÉGIO JUVENAL DE CARVALHO;AV. JOÃO PESSOA, 4279
MARANGUAPE;4;9;SAPUPARA;EMEF JÕAO CIRINO NOGUEIRA;RUA JOAO CIRINO, S/N
FORTALEZA;116;56;BOM JARDIM;EM SANTOS DUMONT;RUA GERALDO BARBOSA 240
PALHANO;9;300;SAO JOSE;ESCOLA DE ENSINO FUNDAMENTAL RAIMUNDO NOGUEIRA BARROS;SÃO JOSÉ
MARCO;96;121;BAIRRO COQUEIRINHO;CEI EDILARDO MOREIRA;RUA GOVERNADOR RAUL BARBOSA S/N
JUAZEIRO DO NORTE;28;250;CENTRO;COLEGIO SOSSEGO;RUA SAO DOMINGOS 59
ALTO SANTO;86;19;CENTRO;ESCOLA DE 1 GRAU URCESINA MOURA CANTIDIO;RUA CEL SIMPLICIO BEZERRA 8
PACAJUS;49;5;CRUZ DAS ALMAS;EEEP JOSE MARIA FALCAO - LICEU DE PACAJUS;RUA RAIMUNDO CORREIA LIMA, S/N
JUAZEIRO DO NORTE;28;220;FRANCISCANOS;COLÉGIO SÃO FRANCISCO DE ASSIS;NOSSA SENHORA DO CARMO SN
PARAIPABA;109;144;SETOR D2;EMEIF ALDENOR PEREIRA DOS SANTOS;PROJETO IRRIGADO DO CURU - SETOR D2
FORTALEZA;118;408;PASSARÉ;EM FRANCISCO ANDRADE TEOFILO GIRAO;RUA UNIDOS VENCEREMOS, 2040
FORTALEZA;116;392;BONSUCESSO;EM FRANCISCA FERNANDES MAGALHAES (COLÉGIO CASTRO);RUA OLIVEIRA SOBRINHO, 1031
PARAMBU;19;284;CENTRO;ESCOLA VIRGÍLIO TAVORA;RUA 07 DE SETEMBRO, 120
ARARENDÁ;48;33;CENTRO;E. E. F. M.  21 DE DEZEMBRO;RUA FRANCISCO FERRAZ, S/N
TAMBORIL;61;15;CENTRO;EMTI 4 DE OUTUBRO;RUA VICENTE ALVES DO VALE SN
TAMBORIL;61;56;DISTRITO DE SUCESSO;EMTI EXPEDITO MENDES CHAVES;RUA JOÃO JOSÉ DE CASTRO S/N - CENTRO - VILA SUCESSO
MOMBAÇA;46;134;CENTRO;ESCOLA DE ENSINO FUNDAMENTAL JOSÉ MARQUES DE SOUSA;VILA NOVA UNIÃO - ZORRA
JUAZEIRO DO NORTE;28;299;CENTRO;COLÉGIO BATISTA DO CARIRI;RUA SAO PAULO 797
FORTALEZA;116;503;CONJUNTO CEARÁ II;EM FRANCISCO EDMILSON PINHEIRO;AVENIDA H, 2115, 4A ETAPA
BOA VIAGEM;63;15;CENTRO-SEDE;EEF PE ANTONIO CORREIA DE SA;RUA JOSE RANGEL DE ARAUJO 22
FORTALEZA;112;163;GUARARAPES;MRH GESTÃO DE PESSOAS E SERVIÇOS;RUA PROFESSOR JACINTO BOTELHO, 1600
FORTALEZA;83;506;HENRIQUE JORGE;ESCOLA MUNICIPAL JOSÉ SOBREIRA DE AMORIM;RUA ESTRADA DO PICI 1083
ACARAÚ;30;278;PAULO VI;ESCOLA DEPUTADO JOSÉ FILOMENO;RUA CAPITÃO DIOGO LOPES SN
TURURU;17;682;ALTO DOS CAMELOS;CENTRO EDUCACIONAL ERNESTO GHISLANDI;RUA JATOBA I
FORTALEZA;85;210;GENIBAÚ;ESCOLA MUNICIPAL PROF AMERICO BARREIRA;RUA RICARDO PONTES 529
RUSSAS;9;127;TIMBAUBA NOSSA SENHORA DAS DORES;ESCOLA MUNICIPAL ZINA MOREIRA;TIMBAUBA NOSSA SENHORA DAS DORES
JATI;70;376;CENTRO-SEDE;PREFEITURA MUNICIPAL;RUA CARMELITA GUIMARAES 02
MADALENA;63;168;CENTRO;EEF ALVARO DE ARAUJO CARNEIRO;MARIA ARMENIA BARBOSA, 299 - SANTA TEREZINHA
AQUIRAZ;66;97;PAU POMBO;EMEF JOSE CAMARA DE ALMEIDA;AV CLOVIS HOLANDA DE FREITAS, S/N
FORTALEZA;93;192;PLANALTO AYRTON SENNA;EM MARIA ZELIA CORREIA DE SOUSA;RUA ANTONIO PEREIRA,1495
CARNAUBAL;22;132;SEDE;ESCOLA COSME RODRIGUES DE SOUSA;RUA PRESIDENTE MEDICE SN
OCARA;67;225;CURUPIRA-DISTRITO;ESCOLA MUNICIPAL RAIMUNDO LOPES BRAVEZA - ENSINO FUNDAMENTAL;SEIS CARNAUBAS
FORTALEZA;116;442;BONSUCESSO;EM XV DE OUTUBRO;RUA GUARANI, 2030
AMONTADA;89;136;MOITAS;EEBTI JONAS PEREIRA AZEVEDO;RUA GILVANI TEIXEIRA
FORTALEZA;94;28;QUINTINO CUNHA;EEMTI MARIA JOSÉ SANTOS FERREIRA GOMES (CERE);RUA DONA LUCIA PINHEIRO, 93
CASCAVEL;7;79;PITOMBEIRAS;ESC.ENS.FUND. PAULO SARASATE;RODOVIA BR 116, KM 91, CRISTAIS
TRAIRI;97;116;UBAIA;SALAO SANTO ANTONIO;UBAIA
BATURITÉ;5;23;MONDEGO-SEDE;CENTRO DE REFERÊNCIA EM ASSISTÊNCIA SOCIAL - CRAS;RUA MAJOR PEDRO CATÃO, 159
SANTA QUITÉRIA;54;40;CENTRO;E. E. F. M. JÚLIA CATUNDA;RUA MARIA DE LOURDES, 256
PALMÁCIA;4;175;SERRA NOVA;ESCOLA MUNICIPAL PE. BATISTA QUEIROZ;SERRA NOVA
ICAPUÍ;8;139;BELEM;E.E.F. PROF. FRANCISCO EZEQUIEL DA COSTA;CE 261 - NOVA BELEM
TEJUÇUOCA;41;175;ACUDE;ESCOLA MUNICIPAL FRANCISCO FERREIRA DE FARIAS;ACUDE
MARTINÓPOLE;25;68;CENTRO;E.E.F. PADRE JOSÉ ROBERTO (GINÁSIO);RUA JOAO BATISTA, 221
CROATÁ;74;120;DISTRITO;ESCOLA MUNICIPAL DE CACHOEIRA;CACHOEIRA
MORADA NOVA;47;180;IRAPUAN NOBRE;AUDIPIMN;RUA NEWTON GUERRA, N 5
FORTALEZA;80;360;TAUAPE;EMEIF ALMERINDA DE ALBUQUERQUE;RUA ANA GONCALVES 1105
QUIXADÁ;6;340;CAMPO VELHO;EEF PADRE VICENTE GONÇALVES DE ALBUQUERQUE;RUA DOM LUCAS, S/N
IPAPORANGA;20;278;CENTRO;ESCOLA DE ENSINO MÉDIO MARIA VIEIRA DE PINHO;AV. MARIA ERIMAR RIBEIRO DE PAIVA, S/N
FORTALEZA;118;674;BOA VISTA-CASTELÃO;EM PROFESSORA MARIA STELLA COCHRANE SANTIAGO;RUA ANTONIO FARIAS, 121
IPAUMIRIM;92;111;CENTRO-SEDE;E.E.M.T.I. DOM FRANCISCO DE ASSIS PIRES;RUA VEREADOR HIGINO DINIZ, 110
URUOCA;25;166;CENTRO;E.E.M. OLIMPIO SAMPAIO DA SILVA;RUA MARIA DAS GRAÇAS SIQUEIRA, 48
INDEPENDÊNCIA;39;16;CENTRO;CENTRO DE SAUDE DE INDEPENDENCIA;RUA FREI VIDAL S/N
JUAZEIRO DO NORTE;119;249;TIRADENTES;ESCOLA CAROLINA SOBREIRA;RUA JOSE SABIA SN
FORTALEZA;115;368;VILA PERI;EM CATULO DA PAIXAO CEARENSE;RUA LEAO DO NORTE 300
JUAZEIRO DO NORTE;119;36;PREFEITO CARLOS ALBERTO DA CRUZ;ESCOLA ZILA BELEM;FRANCISCO VICENTE SILVA CAVALCANTE SN
EUSÉBIO;88;87;CENTRO;EEM ANA BEZERRA DE SA;AV AIRTON SENA, 130 - CENTRO
SOBRAL;121;71;ARACATIAÇU;EEMTI ISRAEL LEOCADIO DE VASCONCELOS;PRACA DA VARZEA, 479 - ARACATIAÇU
ICÓ;15;164;TRES BODEGAS - POVOADO;ESCOLA MUNICIPAL ANTONIO FERREIRA DE CARVALHO;RUA DIOMEDES ARRUDA TORRES, 111
IPU;21;157;DISTRITO;E.M.E.F. JOAO DE PAULA BELEM;ENGENHO DOS BELEM
PACATUBA;57;223;VILA DAS FLORES;EEIEF MANOEL ROSENDO FREIRE;RUA 17, 11
FORTALEZA;2;776;LAGOA REDONDA;EM PROFª FERNANDA MARIA DE ALENCAR COLARES;AV PROF. ARTHUR DE CARVALHO, 1540
PORTEIRAS;70;260;CENTRO;INSTITUTO JOÃO FILGUEIRA;RUA JOAQUIM TÁVORA SN
FORTALEZA;117;221;CONJUNTO ESPERANÇA;EEFM PROFA ADELIA BRASIL FEIJO;AV CONTORNO SUL, 1540
GRANJA;25;156;ADRIANOPOLES;E.E.F. FRANCISCA PORTELA;RUA PEDRO PORTELA, S/N
SABOEIRO;43;255;SAO FRANCISCO;E.E.M. LIDIA BEZERRA;RUA MARIA TEREZINHA SANTOS S/N
HORIZONTE;78;167;PLANALTO HORIZONTE;EMEF JORGE PEREIRA DA ROCHA;RUA PAULO FREIRE 40
TAMBORIL;61;58;CENTRO;EMTI 4 DE OUTUBRO;RUA VICENTE ALVES DO VALE SN
PACUJÁ;79;199;CENTRO;E.E.F. SAO JOAO BATISTA;RUA VEREADOR LUÍS MANÇO MAGALHÃES, S/N
FORTALEZA;1;550;CAIS DO PORTO;EMTI VEREADOR ALBERTO GOMES DE QUEIROZ;AV. ZEZÉ DIOGO, 782
INDEPENDÊNCIA;39;19;CENTRO;GRUPO ESCOLAR JERONIMO ALVES DE ARAUJO;RUA SANTA TERESINHA S/N
MARACANAÚ;122;123;SIQUEIRA (siqueira 2);EMEF FRANCISCO TABOZA FILHO;AV. JUSCELINO KUBITSCHEK 1941
PEREIRO;10;146;DISTRITO DE CRIOULAS;ESCOLA MUNICIPAL DO 1 GRAU CANDIDO JOSE NOGUEIRA;DISTRITO DE CRIOULAS
CAMOCIM;32;267;SAO PEDRO;EEF GENERAL ANTONIO DA SILVA CAMPOS - BAIRRO SAO PEDRO;RUA SIQUEIRA CAMPOS S/N
TEJUÇUOCA;41;176;MALAQUIAS;ESCOLA DE ENSINO INFANTIL E FUNDAMENTAL RAIMUNDO SALES NETO;MALAQUIAS
FARIAS BRITO;62;204;BARREIRO DO JORGE;EEF JOAQUIM FERREIRA DOS SANTOS;VILA BARREIRO DO JORGE - DISTRITO DE QUINCUNCÁ
JUAZEIRO DO NORTE;119;168;PIRAJA;ESCOLA DEMOSTENES RATTS BARBOSA;AILTON GOMES SN
FORTALEZA;118;618;PARQUE DOIS IRMÃOS;COLEGIO MARIA ESTER II;RUA F (CONJUNTO MIRASSOL), 158
FORTALEZA;115;101;PARANGABA;EMTI CAROLINO SUCUPIRA;RUA MUNDICA PAULA, 670
ICAPUÍ;8;148;MUTAMBA DE ICAPUI;E.E.F. PROFESSORA RAIMUNDA LACERDA DAMIÃO;AV ESAU LACERDA SN
IPAPORANGA;20;240;ALTO DO BOM PRINCÍPIO;ESCOLA DE ENSINO FUNDAMENTAL WALDEMAR DE ALCÂNTARA;RUA PEDRO CORREIA LEITÃO, 45
JUAZEIRO DO NORTE;119;154;JOAO CABRAL;ESCOLA IVA EMIDIO GONDIM;PIO NOROES SN
ICÓ;15;7;CENTRO - SEDE;CENTRO UNIVERSITÁRIO VALE DO SALGADO;AV. MONSENHOR FROTA, 609
FORTALEZA;1;896;MANUEL DIAS BRANCO;COLÉGIO CÍVICO MILITAR BATALHA DO RIACHUELO;R. E, 100 - MANUEL DIAS BRANCO
ITAPIPOCA;17;686;NOVA ALDEOTA;EEB DR PÉRICLES FERNANDES TEIXEIRA;RUA CAIO PRADO, 3069
JUAZEIRO DO NORTE;119;152;JOAO CABRAL;ESCOLA IVA EMIDIO GONDIM;PIO NOROES SN
JUAZEIRO DO NORTE;119;58;LAGOA SECA;ESCOLA PROFESSORA MARIA GERMANO;RUA ARNOBIO BACELAR CANECA SN
CAMPOS SALES;38;3;B. CENTRO;E.E.I.F JOÃO XXIII - SEDE;TRAVESSA JOÃO XXIII, 205
IGUATU;13;335;FOMENTO;ESCOLA DE ENS FUND LUIZA BEZERRA DE SOUZA;VILA FOMENTO
FORTALEZA;118;54;PASSARÉ;COLEGIO CONEXÃO SABER;RUA DOUTOR PEDRO SAMPAIO, 550
REDENÇÃO;52;70;DISTRITO DE ANTÔNIO DIOGO;CENTRO DE EDUCAÇÃO INFANTIL PEDRO FERNANDES COSTA;RUA TEREZA CRISTINA, S/N
JAGUARUANA;75;33;CORREGO DO MACHADO;IGREJA ASSEMBLEIA DE DEUS - CORREGO DO MACHADO;CORREGO DO MACHADO
ITAREMA;98;187;CENTRO;LICEU DE ITAREMA - EEM VALDO VASCONCELOS RIOS;RUA DAS INDUSTRIAS S/N - CENTRO
HORIZONTE;78;202;CATOLÉ;CEI - JOSE ANTONIO DA SILVA;RUA JOAO DE SOUSA FALCAO, 776
SÃO GONÇALO DO AMARANTE;36;72;SIUPE-DISTRITO;ESCOLA DE ENSINO FUNDAMENTAL DONA FILOMENA MARTINS;SIUPE
JUAZEIRO DO NORTE;119;213;PREFEITO CARLOS ALBERTO DA CRUZ;URCA - CAMPUS CRAJUBAR (TRIÂNGULO);AVENIDA LEÃO SAMPAIO, 107
CRATO;27;375;MURITI;EEF PROF. JOSÉ DO VALE ARRAES FEITOSA;RUA VICENTE GREGÓRIO MARINHO, SN. N. SRA. DE FÁTIMA. BARRO BRANCO
MARACANAÚ;122;250;ALTO ALEGRE I;EMEF PROFESSORA MARIA DE LOURDES DA SILVA;RUA 14 N 800 QUADRA 236
FORTALEZA;93;187;PLANALTO AYRTON SENNA;EM MARIA ZELIA CORREIA DE SOUSA;RUA ANTONIO PEREIRA,1495
CAMOCIM;32;95;CENTRO;COLEGIO GEORGINA LEITAO MACEDO;RUA SANTOS DUMONT S/N
ITAPIPOCA;17;47;BOA VISTA;ESCOLA DE 1 GRAU DR GERALDO GOMES DE AZEVEDO;RUA JOAQUIM AMÉRICO TEIXEIRA, 216
TURURU;17;650;CONCEIÇÃO DOS CAETANOS / ZONA RURAL;EMEF CAETANO JOSE DA COSTA;CONCEIÇÃO DOS CAETANOS
CAUCAIA;123;469;PARQUE DAS NAÇÕES (JUREMA);E.E.I.E.F. MANUEL CAMILO;RUA BOGOTÁ, 119 -
ITAREMA;98;199;ZONA RURAL;EMEF RAIMUNDO JOSE PROZIANO;SITIO ALEGRE
LIMOEIRO DO NORTE;29;112;ÁREA RURAL;EEF JOSE ALVES DE MOURA;SITIO ARRAIAL
CASCAVEL;7;114;CENTRO;UNIDADE BÁSICA DE SAÚDE - SEDE;RUA JOSÉ ANTONIO DE QUEIROZ, 2024
ITAREMA;98;122;ZONA RURAL;EMEF FRANCISCO ANTERO DE SANTANA;CE 434 KM 16 - CORREGO DA VOLTA
ITAREMA;98;189;CENTRO;LICEU DE ITAREMA - EEM VALDO VASCONCELOS RIOS;RUA DAS INDUSTRIAS S/N - CENTRO
SÃO GONÇALO DO AMARANTE;36;314;LAGOA DAS COBRAS;ESCOLA DE ENSINO FUNDAMENTAL DEPUTADO FERNANDO ALCANTARA MOTA;LAGOA DAS COBRAS
MARACANAÚ;122;74;ACARACUZINHO;EEFM JOSE MILTON DE VASCONCELOS DIAS;AV. CENTRAL S/N
MARACANAÚ;122;33;JARI;EMEF JOSÉ ASSIS DE OLIVEIRA(JARY);RUA PAULO AFONSO 4259
FORTALEZA;93;242;PREFEITO JOSÉ WALTER;EM ROGACIANO LEITE;RUA 45, S/N - III ETAPA
CEDRO;13;503;ASSUNÇÃO;ESCOLA DE ENS FUND TEREZA DUTRA;RUA VICENCIA DUTRA S/N
FORTALEZA;112;95;JARDIM DAS OLIVEIRAS;EM ISMAEL PORDEUS;RUA DES FAUSTINO ALBUQUERQUE, 511
ACARAPE;52;178;CANTAGALO;ESCOLA ANTÔNIO CORREIA DE CASTRO;CARRO ATOLADO
FORTALEZA;113;369;MONTESE;COLÉGIO ESTADUAL PRESIDENTE HUMBERTO CASTELO BRANCO;RUA IRMA BAZET, 210
CEDRO;13;523;PLANALTO DOS CADEIRA(CEDRO 1);CENTRO DE EDUCAÇÃO INFANTIL MARIA MARILENE ALVES DINIZ;PLANALTO DOS CADEIRAS
VIÇOSA DO CEARÁ;35;123;SITIO RIACHO;E.E.F HORÁCIO FONTENELE MAGALHÃES;SITIO INGÁ
JUAZEIRO DO NORTE;119;399;AEROPORTO;COLÉGIO ESTRELA;AVENIDA DEPUTADO DUARTE JUNIOR, 457
UMIRIM;23;239;DO POSTO-SEDE;EEF ZACARIAS LIBERATO DIAS;BR 222 SN
LIMOEIRO DO NORTE;29;40;CENTRO;EEM LAURO REBOUCAS DE OLIVEIRA;RUA DOS EXPEDICIONARIOS 2921
NOVA RUSSAS;48;67;NOVA BETÂNIA;ESCOLA MUNICIPAL GILDO MARTINS;DISTRITO DE NOVA BETÂNIA,
FORTALEZA;80;411;TAUAPE;SALÃO PAROQUIAL SÃO JOAO DO TAUAPE;RUA MONSENHOR SALAZAR, 279
SOBRAL;121;275;CENTRO;ESCOLA OSMAR DE SA PONTE;RUA PINTOR LEMOS, S/N
CAUCAIA;123;519;ARIANÓPOLIS (JUREMA);E.E.I.E.F. SEBASTIÃO BEZERRA DOS SANTOS;RUA SOLIMÕES, 361
FORTALEZA;112;546;ENGENHEIRO LUCIANO CAVALCANTE;CENTRO UNIVERSITÁRIO 7 DE SETEMBRO - UNI 7 (FA7);AV. ALMIRANTE MAXIMINIANO DA FONSECA, 1395
BARREIRA;52;198;CAJUEIRO;ESCOLA COMUNITÁRIA GUILHERMINA DE OLIVEIRA;CROATÁ II
FORTALEZA;115;375;PARANGABA;EEMTI GENERAL EUDORO CORREA;RUA JULIO BRAGA 101
CAUCAIA;123;543;ARATURI (JUREMA);E.E.I.E.F. RITA DE CÁSSIA BRASILEIRO PONTES;AV. CENTRAL, 1112
JUAZEIRO DO NORTE;119;129;PIRAJA;ESCOLA AMALIA XAVIER;RUI BARBOSA 468
MOMBAÇA;46;69;CENTRO;E. E. F. M. DIVINO SALVADOR;RUA FRANCISCO JOSE DE OLIVEIRA SN                 SEDE
QUIXERÉ;29;214;SEDE;EEFM GOVERNADOR MANOEL DE CASTRO FILHO;RUA PADRE JOAQUIM DE MENEZES 1110
MILHÃ;55;129;CENTRO;CRECHE COMUNITÁRIA CRIANÇA FELIZ;RUA PADRE JOACI CAVALCANTE, S/N - CENTRO
HIDROLÂNDIA;54;212;DISTRITO DE IRAJÁ;CRECHE COMUNITÁRIA FRANCISCO COSTA MARTINS;RUA CEZÁRIO PEREIRA MARTINS, SN.
ACOPIARA;60;86;TRUSSU;EEF RICARDO PEREIRA CAVALCANTE;TRUSSU
GRANJEIRO;62;171;SÍTIO SERRA NOVA;POSTO DE SAÚDE - SERRA NOVA;SITIO SERRA NOVA
FORTALEZA;115;363;VILA PERI;EM CATULO DA PAIXAO CEARENSE;RUA LEAO DO NORTE 300
LAVRAS DA MANGABEIRA;14;48;OURO BRANCO- DISTRITO;GRUPO ESCOLAR ROMANA RICARTE;RUA MIGUEL BISPO 114
QUIXADÁ;6;332;VÁRZEA DA ONÇA;EEF ANTÔNIO RODRIGUES DE LIMA;LAGOA DA PEDRA, S/N
MILAGRES;26;54;SITIO OITIS;POSTO DE SAUDE DO OITIS;SITIO OITIS
BREJO SANTO;70;207;LAGOA DO MATO-SEDE;ESCOLA MUNICIPAL NOBILINO ALVES DE ARAUJO;VILA LAGOA DO MATO
ITAPAJÉ;41;74;IRATINGA;E.E.M. ANTONIO CUSTÓDIO DE MESQUITA;RUA ANTONIO CUSTODIO DE MESQUITA 76
IPAPORANGA;20;265;TORRÕES;ESCOLA DE ENSINO FUNDAMENTAL ANTONIO DIAS FERREIRA;TORROES
CAUCAIA;37;199;GRILO;E.E.I.E.F. MARIA DAS DORES LIMA;RUA JOSE EMILIO DA ROCHA, 852 - PQ MALOUBER
FORTALEZA;114;23;BARRA DO CEARÁ;SENAI - CENTRO DE FORMAÇÃO PROFISSIONAL;AVENIDA FRANCISCO SÁ 7221
CAMOCIM;32;229;ZONA RURAL;EEF PREFEITO CARLOS TREVIA - KM 05;ROD. DEP. MURILO AGUIAR, SN - KM 05
FORTALEZA;113;352;MONTESE;COLÉGIO AGNUS;RUA TEODORICO BARROSO, 827
FORTALEZA;113;269;RODOLFO TEÓFILO;FACULDADE DE ENFERMAGEM DA UFC;RUA ALEXANDRE BARAÚNA, 1115
TABULEIRO DO NORTE;91;151;SÃO BENTO;EEB JOSE BIZERRA DE LIMA - SITIO SÃO BENTO;SITIO SÃO BENTO
CRATO;27;253;SEMINÁRIO;EEEP GOVERNADOR VIRGÍLIO TÁVORA;RUA PERGENTINO SILVA S/N
JAGUARUANA;75;69;ASSENTAMENTO BELA VISTA;E.E.F. NOSSA SENHORA DO LIVRAMENTO;ASSENTAMENTO BELA VISTA
FORTALEZA;1;638;VICENTE PINZON;ESCOLA ESTADUAL MURILO BORGES;RUA DO ENTARDECER 90
QUIXADÁ;6;195;CENTRO;EEMTI CORONEL VÍRGILIO TÁVORA;RUA EPITÁCIO PESSOA, 1498
QUIXADÁ;6;385;PLANALTO RENASCER;EEFM RAIMUNDO MARQUES DE ALMEIDA (ESCOLA MODELO);RUA PARAGUAI, 2055
BEBERIBE;84;163;PARIPUEIRA;ESCOLA MUNICIPAL JOSE THEMIO BEZERRA;PALMEIRA
JUAZEIRO DO NORTE;119;100;JOAO CABRAL;ESCOLA LILI NERY;RUA PADRE ALCANTARA, 1000
ITAREMA;98;221;LAGOA SECA;EEEP PROFESSORA ROSÂNGELA ALBUQUERQUE DE COUTO;RUA DAS INDUSTRIAS, SN
GUARACIABA DO NORTE;74;51;DISTRITO;EEF FRANCISCO JOSÉ FEITOSA - MORRINHOS NOVOS II;MORRINHOS NOVOS
FORTALEZA;112;432;EDSON QUEIROZ;COLEGIO ARI DE SA CAVALCANTE WS;AV WASHINGTON SOARES, 3737
FORTALEZA;115;410;MANOEL SÁTIRO;EM HENRIQUETA GALENO;RUA MAJOR MONTENEGRO 917
FORTALEZA;1;470;PAPICU;ESCOLA ESTADUAL MARIA JOSE MEDEIROS;RUA DESEMBARGADOR LAURO NOGUEIRA 1240
EUSÉBIO;88;217;TIMBU;EEF EDUARDO ALVES RAMOS;ESTRADA DO FIO, 3603 - TIMBU
ARACATI;8;222;MAJORLANDIA;E.E.F. ANTONIETA CALS;RUA DR. JESAMAR, S/N.
ITAITINGA;78;327;BARROCÃO;EEF JARDIM DE FÁTIMA;RUA ELIATAR DIÓGENES, S/N
CRATEÚS;20;21;CENTRO;COLEGIO ESTADUAL REGINA PACIS;RUA FRANCISCO SA 106
JAGUARETAMA;72;22;CENTRO;E.E.M INSTITUTO IMACULADA CONCEICAO;RUA ANTONIO PINTO 301
CRATO;27;1;SÃO MIGUEL;SECRETARIA DE AÇÃO SOCIAL - SAS;AVENIDA PERIMETRAL DOM FRANCISCO S/N
NOVA OLINDA;53;15;CRUZEIRO;EEMTI PADRE LUIZ FILGUEIRAS;RUA PROFESSORA NANÔ, SN
VIÇOSA DO CEARÁ;35;99;LAMBEDOURO;E.E.I.F ANTONIO CARNEIRO MAGALHAES;SITIO CARAUBAS
REDENÇÃO;52;73;DISTRITO DE ANTÔNIO DIOGO;ESCOLA ANTÔNIO BARBOSA;SÍTIO SUSTO
FRECHEIRINHA;81;280;CENTRO;ESCOLA DE ENSINO MÉDIO ANTONIO CUSTODIO;RUA TENENTE EUFRASIO, 133 - CENTRO
FORTALEZA;93;316;MONDUBIM;CENTRO EDUCACIONAL BRAGA GUERRA;RUA D, N 414
UBAJARA;73;168;SITIO TORRE;ESCOLA SAO LUIS;SITIO SAO LUIS - TORRE
FORTALEZA;93;148;PREFEITO JOSÉ WALTER;EEEP PROFESSOR ONELIO PORTO;AVENIDA E, 471 - II ETAPA
FORTALEZA;94;513;VILA VELHA;EMEIEF PROF JOSE PARSIFAL BARROSO;AV MAJOR ASSIS 1076
ACOPIARA;60;60;QUINCOE;EEF JUVENAL JOSE MULATO;SITIO TRANSUAL
CAUCAIA;123;331;PARQUE GUADALAJARA (JUREMA);E.E.I.E.F. 7 DE SETEMBRO;AV. DOM ALMEIDA LUSTOSA, 2322
SOBRAL;24;120;DOM JOSÉ;EEFI ANTENOR NASPOLINI;RUA PREFEITO JERONIMO PRADO, S/N
FORTALEZA;118;491;PASSARÉ;COLÉGIO MULTIVERSO;AV. JUSCELINO KUBITSCHECK, 3653
ITAREMA;98;147;ZONA RURAL;EMEF OSIRES PONTES;CARVOEIRO
JAGUARIBARA;72;87;CENTRO;ESCOLA MARIA ELZA RODRIGUES;RUA PORCINO MAIA, 825
CHORÓ;6;113;CENTRO;CEM DOM BOSCO;RUA ILDA BEZERRA PIANCÓ, 169, CENTRO
GUARACIABA DO NORTE;74;194;DISTRITO;E.E.I.F. JOAO EUFRASIO FILHO;MOCAMBO - VARZEA DOS ESPINHOS
HORIZONTE;78;218;PLANALTO HORIZONTE;EMEF JORGE PEREIRA DA ROCHA;RUA PAULO FREIRE 40
CRATO;27;89;SEMINÁRIO;EEMTI GOVERNADOR ADAUTO BEZERRA;RUA MARCOS MACEDO S/N
CAUCAIA;123;485;ARIANÓPOLIS (JUREMA);E.E.I.E.F. SEBASTIÃO BEZERRA DOS SANTOS;RUA SOLIMÕES, 361
FORTALEZA;80;204;ALTO DA BALANÇA;UAPS CESAR CALS DE OLIVEIRA;RUA CAPITÃO ARAGÃO 555
CRUZ;30;422;CENTRO;ESCOLA CONSTÂNCIA DE SOUSA MUNIZ;CENTRO
MISSÃO VELHA;16;53;DISTRITO DE JAMACARU;EEF MARIA FECHINE DE ALENCAR;RUA FRANCISCO RODRIGUES DA CRUZ S/N
FORTALEZA;94;44;ANTÔNIO BEZERRA;EEFM JOSE BEZERRA DE MENEZES (POLIVALENTE);RUA DR. JOÃO GUILHERME, 311
FORTALEZA;113;178;BENFICA;FACULDADE DE PSICOLOGIA DA UFC;AV. DA UNIVERSIDADE, 2762
GUARACIABA DO NORTE;74;163;SEDE;E.E.I.F. JOÃO BARRETO DOS SANTOS;RUA 12 DE MAIO - CENTRO
INDEPENDÊNCIA;39;221;RIACHO DO GADO;E.E.F. ANTERO FERREIRA DA PONTE;LOCALIDADE RIACHO DO GADO
FORTALEZA;3;584;MEIRELES;ESCOLA DE SAÚDE PÚBLICA DO CEARÁ;AV. ANTÔNIO JUSTA, 3161
IGUATU;13;71;CENTRO;ESCOLA DE ENS FUND PACIFICO GUEDES (ANTIGO CARLOS DE GOUVEIA);RUA DR. JOAO PESSOA 887
NOVA RUSSAS;48;42;TAMARINDO;ESCOLA MUNICIPAL SÃO FRANCISCO (UNIBOL);RUA FRANCISCO LOPES, S/N
ITAPIPOCA;17;57;DESERTO;EEFMI HILDEBERTO BARROSO;AVENIDA VEREADORA LEIDA SOARES, 1205
MAURITI;76;87;OLHO D'ÁGUA-DISTRITO;EEF JOSÉ JOAQUIM DE SOUSA;RUA DOMINGOS ALVES DE ANDRADE
ACARAPE;52;176;SÃO BENEDITO;ESCOLA FRANCISCO ROCHA RAMOS;RUA FROTA GONCALVES, SN
CAMPOS SALES;38;14;B. CENTRO;INSTITUTO EDUCACIONAL PROFESSORA MARIA DULCE DE ALENCAR - (MDA) - SEDE;RUA JULIO NORÕES, 531
FORTALEZA;118;482;PASSARÉ;COLÉGIO MULTIVERSO;AV. JUSCELINO KUBITSCHECK, 3653
FORTALEZA;118;669;PARQUE DOIS IRMÃOS;EM MANUEL LIMA SOARES;AVENIDA NORTE SUL, 145 (CJ JARDIM PRIMAVERA)
HORIZONTE;78;159;DIADEMA;EMEF PROFESSORA DIONE MARIA BEZERRA PESSOA;RUA FRANCISCO ONOFRE DE ASSIS, 365, DIADEMA
ACOPIARA;60;71;CENTRO;EEF DR. HUGO DE GOUVEIA SOARES;RUA JOSE PAULINO, SN
MONSENHOR TABOSA;61;124;BARREIROS;E.M.E.I.F.T.I ANTONIO ELIAS DE SOUSA;BARREIROS
ARACOIABA;67;169;CENTRO-SEDE;ESCOLA MUNICIPAL VALENTIM MANECO DA SILVA;CHAPADA
FORTALEZA;3;562;PRAIA DE IRACEMA;SECRETARIA DA SAÚDE DO ESTADO DO CEARÁ;RUA ITAPIPOCA, 60
VARJOTA;65;155;CENTRO;E.E.F. DEPUTADO MANOEL RODRIGUES;RUA MODESTO DE MENDONÇA, 917
ITAPIPOCA;17;480;ÁREA RURAL DE ITAPIPOCA;EEB JOÃO SABINO DO NASCIMENTO;LAGOA DO JUA
NOVA RUSSAS;48;201;ZONA RURAL;ESCOLA MUNICIPAL 19 DE MARÇO;ASSENTAMENTO MORRO AGUDO
FORTALEZA;1;839;PAPICU;COLEGIO ESPACO ABERTO - BENTO ALBUQUERQUE;RUA BENTO ALBUQUERQUE 1671
ACOPIARA;60;115;CENTRO;SINDICATO DOS TRABALHADORES RURAIS;RUA MARECHAL DEODORO, SN
HORIZONTE;78;215;MAL COZINHADO;EMEF DEPUTADO FEDERAL ULYSSES GUIMARAES;RUA MARIA PAULA 1231 - MAL COZINHADO
NOVA RUSSAS;48;172;SÃO FRANCISCO;E. E. F.  ZILMAR MENDES MARTINS;RUA NAPOLEÃO MOURA, S/N
MARCO;96;175;LOCALIDADE DE SANTA ROSA II;EEF FRUTUOSO MARQUES DE FREITAS;SANTA ROSA II
FORQUILHA;121;208;CENTRO;ESCOLA DE CIDADANIA MOESIO LOIOLA MELO JUNIOR(MODELO);AVENIDA GRANDE ORIENTE DO BRASIL SN
PEREIRO;10;152;SITIO LAGOA NOVA;E.E.F. JOÃO NOGUEIRA DE SOUSA;SÍTIO LAGOA NOVA - ZONA RURAL
FARIAS BRITO;62;185;SEDE;EEFM GABRIEL BEZERRA DE MORAIS;RUA LIROMÁ FERNANDES DE OLIVEIRA, 266
CRATEÚS;20;48;CENTRO;EEFM LOURENCO FILHO;RUA FIRMINO ROSA 587
FORTALEZA;114;234;JARDIM IRACEMA;CAPELA NOSSA SENHORA DE FÁTIMA;RUA RIO ARAGUAIA 1669
MOMBAÇA;46;153;VILA IRACEMA;ESCOLA DE ENSINO FUNDAMENTAL PLÁCIDO ADERALDO CASTELO;AV. ANTONIO JAIME BENEVIDES FILHO
ITAPIPOCA;17;732;ARAPARI;EEB MENINO DEUS;MUCAMBO DE CIMA
ITAPIPOCA;17;501;ARAPARI;EQEB ESCOLA QUILOMBOLA VICENTE DE PAULO ALVES;NAZARÉ
CRATO;27;30;CENTRO;ESCOLA TÉCNICA DO COMÉRCIO;RUA DOUTOR JOÃO PESSOA, 190 - PRAÇA JUAREZ TÁVORA
CRATO;27;206;PINTO MADEIRA;CENTRO DE ESPECIALIDADES DO CRATO;RUA JOSÉ MARROCOS 471
FORTALEZA;117;329;BOM JARDIM;ESCOLA MUNICIPAL HERBERT DE SOUSA;RUA URUCUTUBA 1599
FORTALEZA;1;685;VICENTE PINZON;ESCOLA MUNICIPAL PROF BELARMINA CAMPOS;RUA MANOEL RODRIGUES MONTEIRO, 840
FORTALEZA;83;53;DEMOCRITO ROCHA;ESCOLA MUNICIPAL PAULO SARASATE;RUA PEDRO MUNIZ 250
CASCAVEL;7;217;MUTIRÃO;ESC. MUNICIPAL PROFESSOR FABIO COUTINHO;RUA ZAQUEU FERREIRA DO VALE, S/N
JATI;70;369;CENTRO-SEDE;ESC ENS FUND E MEDIO MOISES BENTO DA SILVA;AV ANTONIO MATIAS DE SANTANA S/N
ITAPIPOCA;17;743;ENCRUZILHADA;EEB MARIA NICE TEIXEIRA BARROSO;RUA AUDÍRIO FONTOURA, S/N
PARAIPABA;109;129;CENTRO;EMEIF ALTINA LARANJEIRA;RUA ANTONIO TABOSA SN
CARNAUBAL;22;14;SITIO COCAL;EEF FREI BRUNO MOSS;SITIO COCAL
MASSAPÊ;45;102;ZONA RURAL;EEF MANOEL RAMOS DO NASCIMENTO;DISTRITO DE SÃO DAMIÃO
RERIUTABA;79;7;CENTRO;CENTRO DE FORMAÇÃO MISSIONÁRIA DOM WALFRIDO TEIXEIRA VIEIRA;RUA ALAÍDE RAMOS, S/N
FORTALEZA;85;175;ANTÔNIO BEZERRA;EEFM MARIO HUGO CIDRAK DO VALE;RUA DR. PERIGUARI, 547
QUIXERAMOBIM;11;4;MANITUBA;ESCOLA ALFREDO ALMEIDA MACHADO-VARZEA DE CIMA;VARZEA DE CIMA
QUIXERAMOBIM;11;26;BERILANDIA;ESCOLA JONAS GONZAGA DE SOUSA;BERILANDIA
IPU;21;2;DISTRITO;E.M.E.F. MANOEL BENVINDO DE MENEZES;ABILIO MARTINS
IPUEIRAS;40;176;GATOS;ESCOLA DE ENSINO FUNDAMENTAL ANTÔNIO XIMENES VERAS - GATOS;GATOS
FORTALEZA;85;256;ANTÔNIO BEZERRA;EEF PATRONATO DA SAGRADA FAMILIA;RUA MARTINS NETO 379
DEPUTADO IRAPUAN PINHEIRO;55;25;BETANIA;EEB JOAQUIM NAPOLEAO PINHEIRO;RUA JOAO ALFREDO
VIÇOSA DO CEARÁ;35;17;CENTRO;CEB NOSSA SENHORA DAS VITÓRIAS;RUA MANOEL PEREIRA BARROS
IGUATU;13;17;CENTRO;ESCOLA DE ENSINO MÉDIO EM TEMPO INTEGRAL DE IGUATU;RUA GUILHERME DE OLIVEIRA, 842
HORIZONTE;78;144;DIADEMA;EMEF PROF MARIA LUIZA BARBOSA CHAVES;RUA BATURITE SN - PARQUE DIADEMA
FORTALEZA;1;401;CAIS DO PORTO;ESCOLA MUNICIPAL PROF. GODOFREDO DE CASTRO FILHO;AVENIDA JOSÉ SABÓIA  905
FORTALEZA;114;330;BARRA DO CEARÁ;EMTI ALDEMIR MARTINS;AV. FRANCISCO SÁ, 7460
AQUIRAZ;66;346;TAPERA;EEB RAIMUNDO TOMAZ;RUA JOSE CARLOS GADELHA S/N
FORTALEZA;80;184;FÁTIMA;COLÉGIO NOSSA SENHORA DAS GRAÇAS;RUA MONSENHOR OTÁVIO DE CASTRO, 535
BARBALHA;31;88;ALTO DA ALEGRIA;EEF MARIA ALACOQUE BEZERRA DE FIGUEIREDO (ALTO DA ALEGRIA);RUA JOSE QUENTAL, 25 - ALTO DA ALEGRIA
FORTALEZA;116;162;BOM JARDIM;EM SEBASTIAO DE ABREU;RUA GERALDO BARBOSA 1065
ARARIPE;68;32;DISTRITO PAJEU;ESCOLA RAIMUNDO CÍCERO DA SILVA -  PAJEÚ;RUA SAO JORGE, S/N
ITAPAJÉ;41;231;PADRE LIMA;ESCOLA MUNICIPAL CAPITAO MANOEL PINTO MESQUITA;RUA TEIXEIRA PINTO  1047
MORADA NOVA;47;80;ARUARU;EEB JOSE FRANCISCO SAMPAIO;RUA JOANA MARIA, S/N
CASCAVEL;7;42;GUANACES;ESC.ENS.FUND. DOMINGOS ANGELO DA SILVA;CHORO SERROTE
FORTALEZA;95;249;BARROSO;EMEIEF OTAVIO DE FARIAS;RUA JOAO FERREIRA, S/N
CASCAVEL;7;161;GUANACES;CAPELA DO NEVES DOIS;NEVES DOIS
AURORA;69;66;INGAZEIRAS-DISTRITO;ESCOLA DE ENSINO FUNDAMENTAL ANTONIO TELES DE PONTES;RUA DO COMERCIO
FORTALEZA;3;603;ALDEOTA;COLÉGIO SANTA CECÍLIA;AV. SENADOR VIRGÍLIO TÁVORA, 2000
CASCAVEL;7;138;JACARECOARA;ESC.ENS.FUND. JOSÉ DE QUEIROZ FERREIRA;CHORO ESTRADA NOVA
IGUATU;13;59;AREIAS I;INSTITUTO FEDERAL DO CEARÁ - IFCE CAMPUS AREIAS;RUA DEOCLECIO LIMA VERDE SN
CRATO;27;279;PARQUE GRANGEIRO;EEIEF MARIA PIA BRÍGIDO E SILVA;RUA MARCOS MATHIAS S/N
RUSSAS;9;104;LAGOA GRANDE;ESCOLA MUNICIPAL JOANA ALVES DE SOUSA;LAGOA GRANDE
RERIUTABA;79;8;BARRO VERMELHO;E.E.F. ALAÍDE RAMOS;RUA CORAÇÃO DE JESUS, S/N
CRATO;27;56;PALMEIRAL;URCA - CURSO DE DIREITO;AVENIDA TEODORICO TELES, 745
ITAPIPOCA;17;121;CRUZEIRO;EEB PROFESSOR PEDRO TEIXEIRA BARROSO;RUA ANTONIO BARROSO NETO S/N
FORTALEZA;114;247;BARRA DO CEARÁ;CENTRO DE EDUCAÇÃO COMPLEMENTAR (CEDCE) - ANTIGO SESI;AVENIDA FRANCISCO SÁ 6623
URUBURETAMA;23;216;NOVO ANGELIM;EEIF IOLANDA PINHEIRO HOLANDA;RUA PINHEIRO HOLANDA SN
ITAPIÚNA;105;138;DISTRITO DE PALMATORIA;EEF CENTRO DE EDUCAÇÃO RURAL (CERU);RUA MARECHAL CASTELO BRANCO
BATURITÉ;5;89;MANGA-SEDE;CENTRO DE EDUCAÇÃO INFANTIL MARIA LEIDIANE;RUA KAULIM, SN
BEBERIBE;84;53;SERRA DO FELIX;ESCOLA MUNICIPAL JOSE CORDEIRO;SURUBIM
CAMPOS SALES;38;82;ZONA RURAL;E.E.I.F ANTONIO RIBEIRO DE CARVALHO - SITIO CALDEIRÃO - CAMPOS SALES;SÍTIO CALDEIRÃO
FORTALEZA;2;58;LAGOA REDONDA;EM PROFª FERNANDA MARIA DE ALENCAR COLARES;AV PROF. ARTHUR DE CARVALHO, 1540
CRATO;27;20;CENTRO;COLÉGIO DIOCESANO DO CRATO;RUA NÉLSON ALENCAR, 569
MARACANAÚ;122;42;CÁGADO;EMEIEF JOAO MAGALHAES DE OLIVEIRA;RODOVIA RAIMUNDO PESSOA DE ARAUJO 700
SÃO LUÍS DO CURU;23;337;FAZENDA COMUNITÁRIA;POSTO DE SAÚDE DA FAZENDA COMUNITÁRIA;LOCALIDADE FAZENDA COMUNITÁRIA
TARRAFAS;18;156;SEDE;ESCOLA LUIZ GONZAGA DE ALCANTARA;AVENIDA MARIA LUIZA LEITE SANTOS, S/N  PEDRA FERRADA
FORTALEZA;3;480;PRAIA DE IRACEMA;COLÉGIO ANTARES (PRAIA DE IRACEMA);RUA HISTORIADOR GUARINO ALVES, 95
MUCAMBO;79;204;CENTRO;E.E.M. JOSÉ CLÁUDIO DE ARAÚJO;RUA JOSÉ CLÁUDIO DE ARAÚJO, 615
MORADA NOVA;47;282;POPULARES;EEB TANCREDO DE ALMEIDA NEVES;RUA FREIRE DE BRITO S/N
IPUEIRAS;40;120;BAIXA DO FRADE;EEF PADRE FRANCISCO CORREIA LIMA - BAIXA DO FRADE;BAIXA DO FRADE
PORTEIRAS;70;273;CENTRO-SEDE;E E F ADALBERTO LEITE TAVARES;RUA JOAQUIM TAVORA S/N
FORTALEZA;116;356;GRANJA LISBOA;EM ULISSES GUIMARAES;RUA TENENTE FRANCISCO PAIVA 1350
ITAREMA;98;175;ZONA RURAL;CEI GERALDO MARQUES DE OLIVEIRA;CARAÚBAS
HIDROLÂNDIA;54;250;CAIXA D'ÁGUA;CRECHE PLÁCIDO MARTINS TORRES;RUA SEM DENOMINAÇÃO OFICIAL, SN.
FORTALEZA;1;837;ALDEOTA;COLEGIO ARI DE SA - MONSENHOR CATAO;RUA MONSENHOR CATAO, 1655
FORTALEZA;1;938;VICENTE PINZON;ESCOLA ESTADUAL DEPUTADO MANOEL RODRIGUES;RUA OLIVEIRA FILHO, 1576
HORIZONTE;78;93;ANINGÁS;EMEF DOMITÍLIA ASSUNCAO MENEZES;RUA JOSÉ ACELINO MENEZES, 1075
PACAJUS;49;392;LAGOA SECA;CEI VOVO MARIA FRANCISCA DAS CHAGAS;LAGOA SECA
IGUATU;13;52;VILA COQUEIROS;ESCOLA DE ENS FUND CLARA ALVES DE ARAUJO;RUA JOSÉ VIEIRA BARBOSA SN
ITAPIPOCA;17;100;ASSUNÇÃO;EEB TIAGO GONCALVES BARBOSA;OLHO D'ÁGUA
MAURITI;76;62;PALESTINA DO CARIRI-DISTRITO;EEF JOSE ACÍLIO;RUA GABRIEL IZIDRO, SN
BREJO SANTO;70;196;SAO BENTO-SEDE;E E F ANTONIO MARCELINO DE SOUSA;VILA SAO BENTO
SANTA QUITÉRIA;54;125;PIRACICABA;E. E. M. ARACY MAGALHÃES MARTINS;RUA RAIMUNDO MESQUITA SOBRINHO, 521
ARATUBA;105;80;CENTRO-SEDE;EEF PROFESSORA MARIA JULIA PEREIRA BATISTA;RUA TARGINO GOES S/N
QUIXERAMOBIM;11;47;CENTRO;LICEU ALFREDO ALMEIDA MACHADO;AV. DR. JOAQUIM FERNANDES, 95 - CENTRO
ACOPIARA;60;89;BARRA DO INGA;EEF PE CRISARES SAMPAIO COUTO;SITIO BARRA DO INGA
ACOPIARA;60;192;BARRA DO INGA;EEF PE CRISARES SAMPAIO COUTO;SITIO BARRA DO INGA
CASCAVEL;7;193;MUTIRÃO;ESC. MUNICIPAL PROFESSOR FABIO COUTINHO;RUA ZAQUEU FERREIRA DO VALE, S/N
VIÇOSA DO CEARÁ;35;107;LAMBEDOURO;E.E.I.F JOÃO DOS ANJOS FONTENELE;SITIO CARRAPATEIRA DE BAIXO
MARACANAÚ;122;117;HORTO;EMEIEF CESAR CALS DE OLIVEIRA NETO;RUA PROF JOSÉ HENRIQUE DA SILVA, S/N
AQUIRAZ;66;243;PRAINHA;CEI LUIZ SEMEAO DA COSTA;AV DAMIAO TAVARES DE SOUZA, S/N
FORTALEZA;1;797;CAIS DO PORTO;CRECHE RACHEL GUIMARÃES MARTINS BARBOSA;VIA DE PEDRESTE LESTE OESTE 01
COREAÚ;64;14;Alto São José;COREAÚ - CENTRO EDUCACIONAL SÃO FCO. DE ASSIS;RUA FCO. NAPOLEÃO XIMENES, S/N - ALTO SÃO JOSÉ
PARAIPABA;109;183;CENTRO;EMEIF FRANCISCO FIGUEIREDO DE PAULA PESSOA;RUA ANTONIO TABOSA SN
CAUCAIA;123;394;PARQUE ALBANO (JUREMA);E.E.I.E.F. DOM ANTÔNIO DE ALMEIDA LUSTOSA;RUA PERY, 951
FORTALEZA;113;396;MONTESE;IMPARH;AV JOAO PESSOA, 5.609
ITAITINGA;78;287;GERERAÚ;EEF FRANCISCA FERREIRA SIQUEIRA;AV. CEL. ANTONIO FERREIRA, 440
CAUCAIA;120;405;SITIOS NOVOS;E.E.I.F. MANOEL PEREIRA MARQUES;POVOADO LAGOA DA SERRA
CASCAVEL;7;268;JACARECOARA;ESC.ENS.FUND. FRANCISCO ALVES DE LIMA;BARRA VELHA
FORTALEZA;1;473;MUCURIPE;ESCOLA MIGUEL FIALHO - ANTIGO PADRE JOSÉ NILSON;RUA CORONEL MANUEL JESUÍNO 225
FORTALEZA;1;476;VARJOTA;CREAS - MUCURIPE;RUA CORONEL MANOEL JESUÍNO,153
CAPISTRANO;105;172;ZONA RURAL;ESCOLA DE ENSINO FUNDAMENTAL JOSE SARAIVA SOBRINHO;PESQUEIRO
CATUNDA;54;240;POVOADO OLHO D'AGUA DOS BOIS;E. E. F. RAIMUNDO RODRIGUES DE VASCONCELOS;POVOADO OLHO D'ÁGUA DOS BOIS
TRAIRI;97;102;MUNDAU;EEF ZEFINHA RIBEIRO BARROSO MUNDAU;MUNDAU
FORTALEZA;112;436;EDSON QUEIROZ;COLEGIO ARI DE SA CAVALCANTE WS;AV WASHINGTON SOARES, 3737
FORTALEZA;115;300;JARDIM CEARENSE;ESCOLA MARISTA SAGRADO CORAÇÃO;RUA VIDAL DE NEGREIROS, 550
CAUCAIA;123;526;MARECHAL RONDON (JUREMA);E.E.I.E.F. RAIMUNDO JERÔNIMO DE SOUSA;RUA JÚLIO ROCHA, 220 - KM 14/JUREMA
ITAPIPOCA;17;281;ÁREA RURAL DE ITAPIPOCA;EEB PEDRO ALVES TEIXEIRA;GUARANI
ITAITINGA;78;362;CARAPIÓ;EEF MANOEL NOVAIS DE OLIVEIRA;RODOVIA EDSON QUEIROZ, 3205
TAMBORIL;61;93;DISTRITO DE BOA ESPERANÇA;EMTI SÃO RAIMUNDO;VILA SABONETE
TIANGUÁ;81;66;CENTRO;UNIPLAN - CENTRO UNIVERSITÁRIO ;RUA CAPITÃO ODILON AGUIAR, 455
FORTALEZA;114;102;JARDIM IRACEMA;EM RAIMUNDO DE SOUSA MANGUEIRA;RUA ALBERTO FERREIRA 624
FORTALEZA;112;536;ENGENHEIRO LUCIANO CAVALCANTE;CENTRO UNIVERSITÁRIO 7 DE SETEMBRO - UNI 7 (FA7);AV. ALMIRANTE MAXIMINIANO DA FONSECA, 1395
JUAZEIRO DO NORTE;28;491;PIO XII;EEF JOSÉ MARROCOS;AV. JOSÉ BEZERRA, SN
BEBERIBE;84;33;PARIPUEIRA;ESCOLA MUNICIPAL BOM JESUS DOS NAVEGANTES;PRAINHA DO CANTO VERDE
MONSENHOR TABOSA;61;169;XIQUE-XIQUE;GRUPO ESCOLAR MARTINHO ALVES DA SILVA;POVOADO DE XIQUE-XIQUE
ANTONINA DO NORTE;18;101;POPULARES;ESCOLA FUNDAMENTAL ANTONIO MOTA;RUA SANTO ANTONIO S/N
GENERAL SAMPAIO;50;38;CENTRO;EMEF Mª ARINDA LOBO DE MESQUITA;RUA JOSÉ SEVERINO FILHO, 209
SOBRAL;24;546;JOSÉ EUCLIDES;EEFI MOCINHA RODRIGUES;RUA EVANGELINA SABOIA, S/N
FORTALEZA;1;730;VARJOTA;FACULDADE FARIAS BRITO - CASTRO MONTE;RUA CASTRO MONTE 1364
ITAREMA;98;155;ZONA RURAL;EMEF DR EDGAR PESSOA;PATOS
QUIXERAMOBIM;11;179;URUQUE;ESCOLA TANIA APARECIDA CARNEIRO;CARAIBAS
MORADA NOVA;47;196;JUAZEIRO;EEB CEL JOSE RAIMUNDO SOBRINHO;SITIO LAGOA DO TAPUIO
PARACURU;109;59;LAGOA;C.E.I. FRANCISCA DOS SANTOS BARROSO;RUA SABINO PIO DE MENEZES, 407
MAURITI;76;152;UMBURANAS-DISTRITO;CRECHE SRA. SANTANA;RUA MAJOR JOAQUIM FURTADO, S/N
ARARIPE;68;27;DISTRITO VILA BREJINHO;CRECHE FRANCISCA GUEDES DE OLIVEIRA - BREJINHO;RUA EUCLIDES DA CUNHA, S/N
ARARIPE;68;39;SITIO IPUEIRAS;ESCOLA MUNICIPAL DO SÍTIO IPUEIRAS;SITIO IPUEIRAS
JUAZEIRO DO NORTE;28;90;FRANCISCANOS;ECIM DOUTOR EDVAR TEIXEIRA FERRER;DOM PEDRO II 1643
ITAPAJÉ;41;173;PEDRA D'AGUA;POSTO DE SAÚDE SILVERIO ARAÚJO;PV AÇÃO
PARACURU;109;29;POÇO DOCE;E. M. E. I. F. RUFINO VIEIRA;RUA RUTH FELIX, S/N
AURORA;69;56;PADRE MORORO-SEDE;E.E.I.F. ANTONIO LANDIM DE MACEDO;PADRE MORORO S/N
SOLONÓPOLE;55;19;ASSUNCAO;E. M. E. B. PROFA. TEREZINHA DA SILVA ARAUJO;RUA PROFA. DOLORES PINHEIRO DO NASCIMENTO, SN - DISTRITO DE ASSUNÇÃO
FORTALEZA;116;284;GRANJA LISBOA;CENTRO CULTURAL BOM JARDIM;RUA TRES CORACOES 400
FORTALEZA;95;171;PARQUE SANTA MARIA;EEMTI POETA OTACILIO COLARES;RUA JORGE DA VEIGA, 265
SOBRAL;121;305;CAIOCA;ESCOLA MANOEL MARINHO DE ANDRADE;RUA JEREMIAS DA FROTA
BATURITÉ;5;114;LAJES-SEDE;UNIDADE BÁSICA DE SAÚDE - PSF SEDE 2;RUA MADRE PIERINA USLENGHI, S/N
MARANGUAPE;4;143;COITÉ - MARANGUAPE;EMEF CÔNEGO HEITOR VIEIRA CAVALCANTE;RUA MARIA EFIGÊNIA CAMPOS TELES, 985
SOBRAL;24;436;PADRE PALHANO;EEFI PADRE PALHANO;RUA PADRE EDSON, S/N
EUSÉBIO;88;133;CARARU;EEF RAIMUNDO NONATO DA SILVA - CARARU;RUA FRANCISCO DOMINGOS, S/N - CARARU
SABOEIRO;43;290;LAGOA DOS MARINHEIROS;E.E.F. MANOEL VICENTE DE OLIVEIRA;SITIO LAGOA DOS MARINHEIROS
CARIDADE;111;99;ZONA RURAL;EEIF ARTUR SALVINO - LOCALIDADE SÃO VICENTE;LOCALIDADE DE SAO VICENTE
FORTALEZA;117;488;SIQUEIRA;EM JOAQUIM ALVES;RUA COSTA DO SOL, 1061
FORTALEZA;85;393;GENIBAÚ;EMEIF MANOEL CAETANO DE SOUZA;RUA SANTA LUCIA 170
CAUCAIA;37;610;ITAMBE;EEIEF INA ARRUDA;FRANCISCO FERREIRA DA SILVA
TURURU;17;670;CACHOEIRA / ZONA RURAL;EMEF PEDRO PAULO DE ARAUJO;LOCALIDADE CACHOEIRA
SOBRAL;121;79;GERARDO CRISTINO;ETI MARIA DORILENE ARRUDA ARAGAO;AV. MONS. ALOÍSIO PINTO, 1.635 D. EXPEDITO
AMONTADA;89;136;MOITAS;EEBTI JONAS PEREIRA AZEVEDO;RUA GILVANI TEIXEIRA
CEDRO;13;515;FÁTIMA;ESCOLA DE ENS FUND FCA DE ALBUQUERQUE MOURA (CEJOVEM);RUA ANTONIO VIANA DE ARAUJO S/N
MARTINÓPOLE;25;74;CONJUNTO BENEDITO BARROS;E.E.M.T.I. PREF. DÁRIO CAMPOS FEIJÓ;RODOVIA CE, 362
ARACATI;8;7;CENTRO;INSTITUTO SAO JOSE;RUA CEL ALEXANDRINO 563
BARBALHA;31;134;ALTO DA ALEGRIA;EEF MARIA ALACOQUE BEZERRA DE FIGUEIREDO (ALTO DA ALEGRIA);RUA JOSE QUENTAL, 25 - ALTO DA ALEGRIA
CRATO;27;214;PIMENTA;EEFM TEODORICO TELES DE QUENTAL;RUA DOUTOR IRINEU PINHEIRO, 305
CASCAVEL;7;205;MUTIRÃO;ESC. MUNICIPAL PROFESSOR FABIO COUTINHO;RUA ZAQUEU FERREIRA DO VALE, S/N
RERIUTABA;79;18;OITICICA DOS AGAPITOS;E.E.I.F. ANTÔNIO AGAPITO FILHO;OITICICA DOS AGAPITOS - ZONA RURAL
FORTALEZA;95;160;CONJUNTO PALMEIRAS;EM MARIETA CALS;RUA VALPARAISO, 160
CAPISTRANO;105;4;CENTRO;ESCOLA DE ENSINO BASICO DEPUTADO UBIRATAN DINIZ AGUIAR;RUA JOSE SARAIVA SOBRINHO S/N
AMONTADA;89;165;GARÇAS;EEBTI FRANCISCO RODRIGUES CARNEIRO;CORREGO DA EMA
FORTALEZA;95;141;JANGURUSSU;EMTI PROFESSOR ANTONIO GIRAO BARROSO;RUA VERDE 37, S/N (CJ SITIO SAO JOAO)
FORTALEZA;113;363;MONTESE;COLÉGIO ESTADUAL PRESIDENTE HUMBERTO CASTELO BRANCO;RUA IRMA BAZET, 210
JAGUARIBE;10;62;CENTRO;POSTO DO SAAE;RUA SETE DE SETEMBRO 440
JAGUARIBE;10;92;PLACA VERDE;CRECHE NOSSA SENHORA DAS CANDEIAS;RUA ELIZIARIO DIOGENES PINHEIRO S/N
SANTANA DO ACARAÚ;44;30;CENTRO;EEMTI NAZARÉ SEVERIANO;RUA NONATO ARCANJO S/N -CENTRO
ACOPIARA;60;189;CENTRO;LICEU DE ACOPIARA - DEP.FCO.ALVES SOBRINHO;RUA VICENTE CARLOS PINHEIRO,101
ACOPIARA;60;81;DISTRITO DE SAO PAULO;EEMTI MARIA LEAL TEIXEIRA;SAO PAULINHO
HIDROLÂNDIA;54;234;PROGRESSO;ESCOLA MUNICIPAL MARIA MIRIAN FERREIRA DE SOUZA;RUA FABIANA FERREIRA, SN.
BARBALHA;31;136;CENTRO;EEF SENADOR MARTINIANO DE ALENCAR;LARGO DO ROSARIO, 20, CENTRO
FORTALEZA;85;209;GENIBAÚ;ESCOLA MUNICIPAL PROF AMERICO BARREIRA;RUA RICARDO PONTES 529
HORIZONTE;78;102;DOURADO;EMEF GEOVANIA ALBANO DE ALMEIDA;RUA FRANCISCO CARLOS, 500
MARACANAÚ;122;153;LUZARDO VIANA;EMEF NAPOLEAO BONAPARTE VIANA;RUA NAPOLEAO BONAPARTE VIANA 410
MARACANAÚ;104;67;TIMBÓ;EMEF ADAUTO FERREIRA LIMA;AVENIDA CONTORNO LESTE, S/N
EUSÉBIO;88;222;COAÇU;COLÉGIO 7 DE SETEMBRO;RUA DANILO ARRUDA, S/N
FORTALEZA;93;96;PREFEITO JOSÉ WALTER;CEI ROGACIANO LEITE;AVENIDA J, 1488 - III ETAPA
ITAPIPOCA;17;688;MARANHÃO;EEB JOÃO IDÁLIO TEIXEIRA;RUA DR BEZERRA DE MENEZES, SN
IPUEIRAS;40;52;VAMOS VER;GRUPO ESCOLAR MONSENHOR FONTENELE - VAMOS VER;RUA ZACARIAS RIBEIRO MIRANDA, 653
FORTALEZA;112;421;EDSON QUEIROZ;COLEGIO ARI DE SA CAVALCANTE WS;AV WASHINGTON SOARES, 3737
FORTALEZA;82;191;MONTE CASTELO;CENTRO EDUCACIONAL SÃO MATEUS;AV. SARGENTO HERMÍNIO SAMPAIO, 2440
ACARAPE;52;13;CANTAGALO;PROGRAMA DE ERRADICAÇÃO DO TRABALHO INFANTIL (PETI);BARRO VERMELHO
ACARAÚ;30;296;ZONA RURAL;ESCOLA RUFINA MAGALHAES DE FARIAS;IMBÉ
RUSSAS;9;306;CENTRO;ESCOLA MUNICIPAL JOSE RAIMUNDO DE DEUS;AVENIDA IRMÃ MARIA DA GRAÇA
MONSENHOR TABOSA;61;139;CENTRO;ESCOLA INDÍGENA DE MONSENHOR TABOSA;RUA SANTO ANTONIO 124
BAIXIO;92;95;TIMBAUBA - SITIO;GRUPO MUNICIPAL WILSON GONCALVES;SITIO TIMBAUBA S/N
FORTALEZA;2;715;LAGOA REDONDA;EM TEREZINHA FERREIRA PARENTE;RUA NELSON COELHO, 209
COREAÚ;64;85;Centro;COREAÚ - ESCOLA ESTADUAL VILEBALDO AGUIAR;RUA CORONEL ANTÔNIO TELES, 33 - CENTRO
JUAZEIRO DO NORTE;119;411;NOVO JUAZEIRO;(CENTRINHO)CENTRO DE INTEGRAÇÃO EDUCACIONAL VICÊNCIA MARIA DE OLIVEIRA;AVENIDA CASTELO BRANCO, SN
HORIZONTE;78;129;QUEIMADAS;EMEF QUILOMBOLA OLIMPIO NOGUEIRA LOPES;RUA RAIMUNDO LOPES, 1083
ORÓS;15;237;CENTRO;SECRETARIA DE ASSISTÊNCIA SOCIAL (ANTIGO CSU);TRAVESSA ELIBA S/N
FORTALEZA;115;376;PARANGABA;EEMTI GENERAL EUDORO CORREA;RUA JULIO BRAGA 101
FORTALEZA;115;362;MANOEL SÁTIRO;EM MARIA VIVIANE BENEVIDES GOUVEIA;RUA CREUZA ROQUE 247
FORTALEZA;1;400;CAIS DO PORTO;ESCOLA MUNICIPAL SAO VICENTE DE PAULO;AVENIDA ZEZE DIOGO 1247
FORTALEZA;114;130;BARRA DO CEARÁ;EEFM ESTADO DE ALAGOAS;AVENIDA PRESIDENTE CASTELO BRANCO, 5244
CRUZ;30;281;CENTRO;ESCOLA CONSTÂNCIA DE SOUSA MUNIZ;CENTRO
MAURITI;76;156;PALESTINA DO CARIRI-DISTRITO;EEF OSSIAN ARARIPE;VILA DNOCS
TABULEIRO DO NORTE;91;11;CENTRO;CRECHE MARIA ANALIA DE LIMA;RUA MANOEL FRANKLIN,  4117
MARACANAÚ;122;99;INDUSTRIAL;EEFM JOSE DE BORBA VASCONCELOS;AV. CONTORNO SUL S/N
MARACANAÚ;122;215;PIRATININGA;EMEF JOSÉ MARIA BARROS PINHO;RUA NOVO ORIENTE S/N
JUAZEIRO DO NORTE;28;319;AREA RURAL DE JUAZEIRO DO NORTE;EMEI PROFESSORA CHIQUITA CALLOU;SITIO AMARO COELHO
ARARIPE;68;87;CONJUNTO COHAB;CRECHE PROFESSOR MARCELO DE FARIAS - SEDE;RUA 104   S/N
FORTALEZA;116;78;GRANJA PORTUGAL;EM CONCEICAO MOURAO;RUA DUAS NACOES 550
FORTALEZA;117;360;BOM JARDIM;ESCOLA MUNICIPAL CATARINA LIMA DA SILVA;RUA PEDRO MARTINS, 313
FORTALEZA;1;676;VARJOTA;FACULDADE FARIAS BRITO - CASTRO MONTE;RUA CASTRO MONTE 1364
FORTALEZA;1;802;MANUEL DIAS BRANCO;COLÉGIO CÍVICO MILITAR BATALHA DO RIACHUELO;R. E, 100 - MANUEL DIAS BRANCO
ABAIARA;26;108;SÍTIO LOGRADOURO;ESCOLA PADRE JOSE LEITE SAMPAIO;SITIO LOGRADOURO
MISSÃO VELHA;16;109;SEDE;EEF JUVENAL RODRIGUES BRANDAO;AVENIDA JOSE SOBREIRA DA CRUZ S/N, MATERNIDADE
EUSÉBIO;88;185;PARQUE HAWAÍ;CENTRO DA 1ª INFÂNCIA (POLO EDUARDO SÁ - ABC);RUA PIONEIRO S/N
CATUNDA;54;75;CENTRO;COLÉGIO FILOMENA BELARMINA NAU;CENTRO
QUIXELÔ;13;144;CENTRO;ESCOLA DE ENS FUND E MÉDIO PROFESSOR LUIS DE GONZAGA FONSECA MOTA;RUA VITORINO JOSE DE OLIVEIRA SN
ORÓS;15;268;GUASSUSSE - DISTRITO;E.E.F. MANOEL RAIMUNDO MONTANHA;RUA DA MATRIZ, S/N
SANTANA DO CARIRI;53;107;CENTRO;EEMTI ADRIÃO DO VALE NUVENS;AV. PATATIVA DO ASSARÉ, SN
SOLONÓPOLE;55;41;SAO JOSE;ESCOLA DE 1 GRAU MUNDOCA MOREIRA;RUA MIGUEL FIRMIANO
FORTALEZA;93;316;MONDUBIM;CENTRO EDUCACIONAL BRAGA GUERRA;RUA D, N 414
ACOPIARA;60;9;DISTRITO DE EBROM;EEF MONSENHOR FRANCISCO DE ASSIS COUTO;VILA DE EBROM
SÃO BENEDITO;22;214;CENTRO-SEDE;CENTRO DE NUTRICAO;RUA JOSE INÁCIO DE AGUIAR, SN
FORTALEZA;113;178;BENFICA;FACULDADE DE PSICOLOGIA DA UFC;AV. DA UNIVERSIDADE, 2762
FORTALEZA;94;208;VILA VELHA;COLÉGIO CÍCERO NOGUEIRA (CCN);RUA PARAMBU, 668
FORTALEZA;85;394;GENIBAÚ;CENTRO DE EDUCAÇÃO INFANTIL MURILO AGUIAR;RUA 24 DE OUTUBRO N 1063
CAMOCIM;32;25;BRASILIA;EEF CORONEL LIBORIO GOMES DA SILVA;RUA HUMAITA, 780
TAUÁ;19;63;COLIBRIS/SEDE;CEJA LUZIA ARAÚJO FREITAS;RUA ABIGAIL CIDRAO DE OLIVEIRA 51
TAUÁ;19;263;CARRAPATEIRAS;EEF ANTÔNIA MARIA DA CONCEIÇÃO;SÍTIO LAGOA
CRATO;27;362;VILA ALTA;CENTRO DE EDUCAÇÃO INFANTIL MANOEL ALMINO;RUA DOUTOR RAIMUNDO NORÕES DE MILFONT, 552
VIÇOSA DO CEARÁ;35;157;QUATIGUABA;CEI SANTO EXPEDITO;SITIO QUATIGUABA
ITAPIPOCA;17;697;CRUZEIRO;EEB PROFESSOR PEDRO TEIXEIRA BARROSO;RUA ANTONIO BARROSO NETO S/N
MARANGUAPE;4;98;ITAPEBUSSU;EMEF PROFESSORA MARIA EUGÊNIA DE OLIVEIRA;RUA MANOEL GUEDES MARTINS, 1130
FORTALEZA;82;67;CRISTO REDENTOR;EM CRISTO REDENTOR;AV. PASTEUR, 372
REDENÇÃO;52;166;DISTRITO DE ANTÔNIO DIOGO;ESCOLA CAMILO BRASILIENSE (PRÉDIO NOVO);RUA JERUSALEM, S/N
BARRO;92;40;TRAJANO NOGUEIRA-SEDE;ESCOLA MUNICIPAL DE ENSINO FUNDAMENTAL GILBERTO LEITE DE AQUINO;RUA TRAJANO NOGUEIRA SN
MARCO;96;101;CENTRO-SEDE;EEF MARIA JULIA NEVES;RUA RIOS, N 560
ITAPIPOCA;17;29;COQUEIRO;IFCE - CAMPUS ITAPIPOCA;AVENIDA DA UNIVERSIDADE, 102
ARACOIABA;67;88;CENTRO-SEDE;ESCOLA MUNICIPAL DRA. NÁGILA MARIA PONTES PAZ PASSOS;AV DA INDEPENDENCIA SN
CROATÁ;74;123;DISTRITO;ESCOLA MUNICIPAL JOVITA CHAVES (SANTA TEREZA);SANTA TEREZA
MASSAPÊ;45;18;GINASIO;CENTRO EDUCACIONAL MASSAPEENSE;RUA AMADEU ALBUQUERQUE 323
UMIRIM;23;253;CENTRO-SEDE;CRAS (EX-SECRETARIA DE AÇÃO SOCIAL);RUA RUFINO DE SOUSA (RUA DO BANANA)
MORRINHOS;44;90;DISTRITO DE SITIO ALEGRE;EMEF MARIA LENILDA DE SOUZA;SITIO ALEGRE
VÁRZEA ALEGRE;62;123;SANHAROL;EEF ANTÃO LEANDRO BITU;SÍTIO SANHAROL
ITAPIPOCA;17;55;DESERTO;EEFMI HILDEBERTO BARROSO;AVENIDA VEREADORA LEIDA SOARES, 1205
ITAPIPOCA;17;228;CENTRO;EEM JOAQUIM MAGALHÃES;RUA PERGENTINA ARAUJO S/N
BARBALHA;31;161;BARRO BRANCO (MINHA CASA MINHA VIDA);CEI MARIA NEITE CRUZ (MINHA CASA MINHA VIDA);RUA PROJETADA 02 (MINHA CASA MINHA VIDA - RESID PEDRO RAIMUNDO DA CRUZ
FORTALEZA;94;516;ANTÔNIO BEZERRA;EEF INSTITUTO DOS CEGOS (ANTÔNIO BEZERRA);RUA DR. JOÃO GUILHERME, 373
FORTALEZA;114;143;JARDIM IRACEMA;EM JESUS CRISTO;RUA ALBERTO FERREIRA, 564
ABAIARA;26;130;SÍTIO CAMPESTRE;CRECHE SONHO ENCANTADO DE DEUS;SÍTIO CAMPESTRE
URUOCA;25;231;BOM SUCESSO;CRECHE GERARDO DOURADO DA FONSECA;BOM SUCESSO
AURORA;69;39;SANTA VITORIA-DISTRITO;E.E.F.M. LEAO SAMPAIO;DISTRITO SANTA VITORIA  S/N
JUAZEIRO DO NORTE;119;146;PIRAJA;ESCOLA IZABEL DA LUZ;AV. AILTON GOMES S/N
IRAUÇUBA;41;253;CENTRO-SEDE;ESCOLA DE ENSINO FUNDAMENTAL PAULO BASTOS;AV JORGE DOMINGUES 1641
ITAPIPOCA;17;440;VIOLETE;EEB JOSE LINS DE ALBUQUERQUE;RUA CRISTO REDENTOR
FORTALEZA;83;796;JOÃO XXIII;ESCOLA UMA JANELA PARA O MUNDO;RUA JULIO BRAGA, 1014
SANTANA DO ACARAÚ;44;51;CENTRO;CENTRO EDUCACIONAL MUNICIPAL JOAO CORDEIRO;RUA VIGARIO THEOTIMO 246
FORTALEZA;113;228;RODOLFO TEÓFILO;COLÉGIO MANUELITO AZEVEDO;RUA TIRADENTES, 483
VÁRZEA ALEGRE;62;80;CANINDEZINHO;EEF SÃO PEDRO;SÍTIO JUAZEIRINHO
PALHANO;9;14;LAGOA CERCADA;UNIDADE BÁSICA DE SAÚDE DE LAGOA CERCADA;LAGOA CERCADA
FORTALEZA;117;340;SIQUEIRA;CEI FRANCISCA DE ABREU LIMA;RUA C -  ESQUINA COM A RUA LUIZ MONTENEGRO, S/N
MARTINÓPOLE;25;73;CENTRO;E.E.F.T.I. CHICO MUNDOCA;RUA 07 DE SETEMBRO, N 902
UMARI;15;199;CENTRO - SEDE;CENTRO EDUCACIONAL DO PRIMEIRO GRAU PADRE MANOEL PEREIRA;RUA CORONEL ANTONIO MALHEIROS, S/N
ITAIÇABA;75;10;CENTRO;E.E.F. DULCINEA GOMES DINIZ;VILA OLIMPICA, 336
ICÓ;15;325;SITIO JENIPAPEIRO;ESCOLA MUNICIPAL JOÃO CHAGAS MOTA;SITIO JENIPAPEIRO
ITATIRA;33;148;ZONA RURAL;EMEF 7 DE SETEMBRO;LOCALIDADE DE MORRO BRANCO
CARIÚS;43;152;CENTRO-SEDE;EEFM ADAHIL BARRETO;PRACA DA REPUBLICA
CARIRÉ;65;5;CENTRO;ESCOLA DE ENSINO FUNDAMENTAL E MEDIO MARIETA CALS;RUA SEBASTIAO MIRANDA 380
AIUABA;101;5;CENTRO;EEM JOSÉ FERREIRA BARBOSA;RUA 7 DE SETEMBRO S/N
HORIZONTE;78;137;DIADEMA;EMEF PROF MARIA LUIZA BARBOSA CHAVES;RUA BATURITE SN - PARQUE DIADEMA
IPUEIRAS;40;62;CENTRO;CENTRO MULTIFUNCIONAL FRANCISCO CAZUZA SAMPAIO - CENTRO;RUA CORONEL JOSÉ BENTO, S/N
FORTALEZA;94;868;PADRE ANDRADE;EEFM HERMINIO BARROSO;RUA PADRE GUILHERME 800
CANINDÉ;33;7;CENTRO;COLEGIO ESTADUAL PAULO SARASATE;RUA JOAQUIM MAGALHAES 100
CAPISTRANO;105;36;ZONA RURAL;ESCOLA DE ENSINO FUNDAMENTAL NOSSA SENHORA DE LOURDES;SERRA DO VICENTE
BEBERIBE;84;144;PARIPUEIRA;ESCOLA MUNICIPAL ERNESTO GURGEL VALENTE;RUA FRANCISCO XAVIER 217 - CENTRO
URUOCA;25;109;BALIZA;E.E.F. DONA ALCIDIA SALES;FAZENDA BALIZA
PINDORETAMA;7;215;SITIO LIMA;EMEI FRANCISCA DANTAS BENICIO;LOCALIDADE DE SITIO LIMA - PINDORETAMA
CAUCAIA;37;510;TABAPUÁ;E.E.I.E.F. AFFONSO DE MEDEIROS;RUA 05, S/N
BEBERIBE;84;8;SUCATINGA;EEM FRANCISCA MOREIRA DE SOUSA;RUA MOREIRA DA ROCHA 01 - CENTRO
HORIZONTE;78;149;CENTRO;EMEF MARIA REGIANA DA SILVA;RUA RAFAEL SANTOS, 530
FORTALEZA;85;263;AUTRAN NUNES;EMEIF DOLORES ALCANTARA;RUA CARDEAL ARCOVERDE S/N
TAUÁ;19;79;TRICI;E.E.I. DOMINGOS GOMES DE FREITAS;FLORES
IBIAPINA;73;7;CENTRO;CÂMARA MUNICIPAL;RUA PADRE IBIAPINA, 680
TAMBORIL;61;57;CENTRO;EMTI 4 DE OUTUBRO;RUA VICENTE ALVES DO VALE SN
SÃO BENEDITO;22;179;CENTRO-SEDE;ESCOLA DE ENSINO FUNDAMENTAL FARIAS BRITO;PRACA DOM COUTINHO 864
BARBALHA;31;128;SÍTIO MACAÚBA;EMEIF SÃO SEBASTIÃO (SÍTIO MACAÚBA);RODOVIA CE-386, S/N - MACAÚBA (7.35275 S, 39.40355 W)
FORTALEZA;118;218;PASSARÉ;EEMTI INTEGRADA 2 DE MAIO;AVENIDA DA SAUDADE, S/N
URUBURETAMA;23;32;CENTRO;EEF CEL JOAO DE PAULA FILHO;RUA FARM JOSE RODRIGUES 706
FORTALEZA;118;623;PASSARÉ;EM PROFESSORA MARIA JOSÉ MACÁRIO COELHO;AVENIDA PASSARÉ, 530
MULUNGU;5;144;CENTRO-SEDE;CAMARA MUNICIPAL DE MULUNGU;PRACA COLETOR BEZERRA BORGES
QUIXERAMOBIM;11;123;PASSAGEM;ESCOLA JOSE PEREIRA;VILA DE PASSAGEM
APUIARÉS;50;208;CENTRO;CEI ISAURA RODRIGUES PEIXOTO;AV. FREDERICO PONTES, S/N
APUIARÉS;50;223;ZONA RURAL;UEI UMARI;UMARI
SALITRE;38;69;CENTRO;E. E. F. FRANCISCO VITURINO DE LUNA - SEDE;RUA SÃO PEDRO, 237
JUAZEIRO DO NORTE;28;339;CENTRO;EEEP PROFESSOR MOREIRA DE SOUSA;DO CRUZEIRO 497
TAUÁ;19;181;BARRA NOVA;ESCOLA AGRICOLA CENECISTA FRANCISCA CAVALCANTE FIALHO;CACHOEIRINHA DO PAI SENHOR
FORTALEZA;95;228;CONJUNTO PALMEIRAS;CEI PROFA. ANA MARIA MEDEIROS DA FONSECA;AV. CASTELO DE CASTRO, 2900
PACOTI;5;213;CAITITU-SITIO;PSF CAITITU DE BAIXO (CAITITU);SITIO CAITITU DE BAIXO
TAMBORIL;61;50;CENTRO;EMEF GENERAL SAMPAIO;RUA FRANCISCO MARTINS DE HOLANDA, 75
CAUCAIA;37;559;CENTRO;C.S.U. EDSON DA MOTA CORREA;RUA JOSE DE PONTES, 2671 - AÇUDE
AQUIRAZ;66;330;IGUAPE;EMEF TIA ALZIRA;RUA LAGOA I
ARACATI;8;104;CABREIRO;E.E.F. EDMAR SENA;CABREIRO
FORTALEZA;94;776;QUINTINO CUNHA;IGREJA DE SÃO JOSÉ;R. GEN. ALÍPIO DOS SANTOS, 375
SÃO BENEDITO;22;190;CENTRO-SEDE;EEMF SÃO BENEDITO;R MINISTRO ANTONIO COELHO 962
SÃO LUÍS DO CURU;23;339;COELCE;E.E.F.M UBIRATAN DINIZ AGUIAR;RUA PE. JOSÉ SINVAL FACUNDO, 356 - PARAÍSO
MARACANAÚ;122;109;INDUSTRIAL;EMEF VINICIUS DE MORAIS;RUA N NO. 425 (ESPLANADA DO MONDUBIM)
GRANJA;25;237;ADRIANOPOLES;E.E.F. SÃO JOSÉ (MELANCIAS);MELANCIAS
SOBRAL;121;40;CARACARÁ;ESCOLA ODETE BARROSO;PRACA DA MATRIZ S/N
JARDIM;119;321;CACIMBAS;ESCOLA PADRE CICERO;DISTRITO DE HORIZONTE (POVOADO CACIMBAS)
FORTALEZA;112;99;JARDIM DAS OLIVEIRAS;EM ISMAEL PORDEUS;RUA DES FAUSTINO ALBUQUERQUE, 511
OCARA;67;199;SERENO DE CIMA-DISTRITO;ESCOLA MUNICIPAL JOSE PEREIRA DE SOUSA - ENSINO FUNDAMENTAL;ESTRADA DO ALGODAO - PLACA JOSE PEREIRA
BANABUIÚ;6;419;CENTRO;EEF CENTRO EDUCACIONAL MUNICIPAL CELESTINO DE SOUSA;AV. QUEIROZ PESSOA, S/N
FORTALEZA;112;487;SAPIRANGA-COITÉ;EM PROFª ALDACI BARBOSA;RUA OLEGARIO MEMORIA, 1257
FORTALEZA;112;465;EDSON QUEIROZ;UNIVERSIDADE DE FORTALEZA - UNIFOR;AVENIDA WASHINGTON SOARES, 1321
CANINDÉ;33;312;ZONA RURAL;EMEF PADRE JOSE ANTONIO;LOCALIDADE DE BOM JESUS
FORTALEZA;93;138;PREFEITO JOSÉ WALTER;COLEGIO VEGA;AVENIDA C, 160
MARACANAÚ;122;172;SIQUEIRA (siqueira 2);EMEF VALDENIA ACELINO DA SILVA;RUA IRINEU MACHADO, 1250
MONSENHOR TABOSA;61;170;MUNDO NOVO;ESCOLA DIFERENCIADA DE EFM POVO CACETEIRO (INDÍGENA);MUNDO NOVO
PACAJUS;49;354;PEDRA BRANCA;EEF DANILO COSTA MENEZES;RUA OSVALDO FREITAS NUNES 133
CANINDÉ;33;48;ALTO GUARAMIRANGA;EMEF CORONEL ADAUTO BEZERRA;RUA IRMÃ MANUELA MAGALHÃES, S/N
FORTALEZA;118;511;PARQUE DOIS IRMÃOS;COLEGIO MARIA ESTER II;RUA F (CONJUNTO MIRASSOL), 158
CAMOCIM;32;86;ZONA RURAL;EEF CEL VICENTE DE PAULA AGUIAR - GRUPO PEDRA BRANCA;LOCALIDADE DE PEDRA BRANCA
CAMOCIM;32;60;SAO PEDRO;ESCOLA EMILIA PESSOA VERAS;RUA HUMAITA S/N
CAMOCIM;32;52;SAO FRANCISCO;LICEU DE CAMOCIM DEP MURILO ROCHA AGUIAR;RUA ANTONIO ZEFERINO VERAS
GROAÍRAS;65;106;CENTRO;EEFM MONSENHOR LINHARES;RUA RAIMUNDO NONATO ALBUQUERQUE, 201
CARIDADE;111;85;CAMPOS BELOS;EEF SENADOR VIRGILIO TAVORA;BR 020 KM 348
FORTIM;8;179;GURGURI;EEIF. MAURO CAVALCANTE;VILA GURGURI
FORTALEZA;112;464;EDSON QUEIROZ;UNIVERSIDADE DE FORTALEZA - UNIFOR;AVENIDA WASHINGTON SOARES, 1321
OCARA;67;205;CURUPIRA-DISTRITO;ESCOLA MUNICIPAL JOAO EGIDIO DA COSTA - ENSINO FUNDAMENTAL;LAGOA DO VELHO
ASSARÉ;18;60;PARQUE DE VAQUEJADA;ESCOLA DE EDUCACAO INFANTIL E ENSINO FUNDAMENTAL MARIA ISABEL;AVENIDA DEP. MANOEL GONCALVES, S/N
ASSARÉ;18;144;JOSE DODO;CRECHE PADRE MANOEL ALVES FEITOSA;RUA SAGRADA FAMILIA 140
JUAZEIRO DO NORTE;28;144;AREA RURAL DE JUAZEIRO DO NORTE;EMEI AFRO ALVES DE MACENA (ST. LEITE);SITIO LEITE
MARACANAÚ;122;3;NOVO MARACANAU;EMEIEF PROFª MARIA DO SOCORRO VIANA FREITAS;RUA 10 S/N
CAUCAIA;37;585;JANDAIGUABA;E.E.I.E.F. MARIA HELENA MOREIRA DA SILVA;RUA DO GRUPO, 249
MONSENHOR TABOSA;61;146;CENTRO;E.M.E.F.T.I LUIZ LEITAO;AVENIDA PESSOA PIRES  2
DEPUTADO IRAPUAN PINHEIRO;55;149;BETANIA;INSTITUTO DE EDUCAÇÃO INFANTIL CAZUZA BEZERRA;DISTRITO DE BETANIA, S/N - CENTRO
BOA VIAGEM;63;40;IBUACU;EEF MARIA AUZERINA CHAVES;RUA FÉLIX FERREIRA FRANCO, 313
MARANGUAPE;4;562;BOA VISTA DOS VALENTINS - CACHOEIRA;EMEIEF ÁLVARO CÂMARA;BOA VISTA DOS VALENTINS
MARANGUAPE;4;646;CENTRO - MARANGUAPE;CASA DE CULTURA CAPISTRANO DE ABREU (FITEC);RUA MAJOR AGOSTINHO, 306
INDEPENDÊNCIA;39;39;CACHOEIRA DO FOGO;EEF RAIMUNDO VIEIRA;POVOADO CACHOEIRA DO FOGO
FORTALEZA;80;297;VILA UNIÃO;ESCOLA MUNICIPAL PAPA JOÃO XXIII;AV TREZE DE ABRIL, 545
MISSÃO VELHA;16;87;ZONA RURAL;PSF MALHADA;SITIO MALHADA DA AREIA
GRAÇA;79;156;CENTRO-SEDE;GRUPO VICENTE ALVES DE SOUSA;R JOAQUIM VICENTE DE ALCANTARA S/N
AQUIRAZ;66;295;CAMARA;EMEF JOAO PIRES CARDOSO;RUA ALDENORA CARDOSO SN
SOBRAL;121;53;COHAB I;EEFM MONS. JOSE GERARDO FERREIRA GOMES(NOELIA);RUA MADALENA DE SÁ, S/N
TAUÁ;19;219;MARROAS;ASS. ANANIAS DIAS DE OLIVEIRA (ANTIGA EEFI ANTÔNIO TOTÓ DE OLIVEIRA);TODOS OS SANTOS DE CIMA
TRAIRI;97;131;TIGIPIO;EEF ZEFINHA RIBEIRO BARROSO TIGIPIO;TIGIPIO
JUAZEIRO DO NORTE;28;160;AREA RURAL DE JUAZEIRO DO NORTE;EMEIF MARIA DO SOCORRO CARDOSO;DIST. PADRE CÍCERO. PALMEIRINHA
FORTALEZA;83;56;DEMOCRITO ROCHA;ESCOLA MUNICIPAL PAULO SARASATE;RUA PEDRO MUNIZ 250
FORTALEZA;116;80;GRANJA PORTUGAL;EM CONCEICAO MOURAO;RUA DUAS NACOES 550
PENTECOSTE;50;128;ZONA RURAL;EEIF ALESSANDRA DE OLIVEIRA ARAÚJO DE MATOS;POSTO AGRÍCOLA
FORTALEZA;85;260;AUTRAN NUNES;EMEIF DOLORES ALCANTARA;RUA CARDEAL ARCOVERDE S/N
MARACANAÚ;122;19;PIRATININGA;COLÉGIO ESTADUAL PROFº FRANCº OSCAR RODRIGUES(COL.EST.LICEU MARACANAÚ);AV. LUIZ GONZAGA HONÓRIO, 50, PIRATININGA, MARACANAÚ-CE
ALTO SANTO;86;10;ZONA RURAL;ESCOLA DE 1 GRAU ROMULO REMIGIO;ASSENTAMENTO IPANEMA I
MARANGUAPE;4;21;OUTRA BANDA - MARANGUAPE;EMEIEF RENATO MOTA;RUA EMANOEL COSTA  ABREU, S/N
FORTALEZA;94;324;VILA VELHA;COLEGIO SALOME BASTOS;RUA DESEMBARGADOR HERMES PARAHYBA 1120
PALMÁCIA;4;172;JANDAÍRA;UBS JANDAÍRA;JANDAIRA
COREAÚ;64;23;Ubaúna;UBAÚNA - ESCOLA M. PEDRO CONRADO;RUA MANOEL OSIRO, S/N
LAVRAS DA MANGABEIRA;14;54;MANGABEIRA - DISTRITO;CENTRO DE EDUCAÇÃO INFANTIL PAPA PAULO VI - CRECHE;RUA TOMAZ DE LEMOS, S/N, CENTRO
FORTALEZA;118;406;SERRINHA;EEFM PROFESSOR JADER MOREIRA DE CARVALHO;RUA PROFESSORA HELOISA FERREIRA LIMA, 420
ASSARÉ;18;134;JOSE DODO;ESCOLA DE ENSINO FUNDAMENTAL JOSE DANIEL;RUA SAGRADA FAMILIA
FORTALEZA;85;216;CONJUNTO CEARÁ I;EEFM MARIA ANTONIETA NUNES - UV 9;RUA 916 SN 4 ETAPA
CAMOCIM;32;186;ZONA RURAL;EEF CARLOS FONTENELE VERAS - TAPUIÚ;LOCALIDADE DE TAPUIÚ - AMARELAS
CANINDÉ;33;481;SANTA LUZIA;EMEF SENADOR CARLOS JEREISSATI;RUA EUCLIDES BARROSO, 1048
IPU;21;166;ALTO DA BOA VISTA;EMEB MONSENHOR GONÇALO DE OLIVEIRA LIMA;AV. JOSÉ CARVALHO DE ARAGÃO, 102
ITATIRA;33;400;LOCALIDADE RECANTO, DISTRITO DE BANDEIRA;ESCOLA MUNICIPAL MARIA DE NAZARÉ COSTA E SILVA;LOCALIDADE RECANTO
ACARAÚ;30;231;ZONA RURAL;ESCOLA MANOEL DANIEL DA SILVEIRA;MIRINDIBA II
RERIUTABA;79;14;CARNAÚBA;E.E.I.F. ALEXANDRINA GOMES DE CARVALHO;CARNAÚBA - ZONA RURAL
ITAPAJÉ;41;224;ESMERINO GOMES;ESCOLA MUNICIPAL PREF ROQUE SILVA MOTA;RUA OTAVIO PINTO DE MESQUITA
EUSÉBIO;88;97;TIMBU;EEF EDUARDO ALVES RAMOS;ESTRADA DO FIO, 3603 - TIMBU
CATARINA;60;260;SEDE;EEF JULIO TOME DE SOUSA;FECHADO
SÃO BENEDITO;22;189;INHUCU;EE BASICO DEP TOMAZ BRANDAO;R SANTOS DUMONT S/N
ORÓS;15;241;SAO JOSE - SEDE;E.E.F. ROBERTO ROLIM;TRAVESSA MARIA PINHEIRO DA COSTA S/N
JUAZEIRO DO NORTE;28;397;SAO MIGUEL;CEJA PROFA. CÍCERA G. CORREIA;DO CRUZEIRO 1440
BREJO SANTO;70;231;SAO FRANCISCO-SEDE;EEF PROFESSOR JOAO TELES;RUA CORONEL NICODEMOS, N. 282
FORTALEZA;82;609;CRISTO REDENTOR;EM CRISTO REDENTOR;AV. PASTEUR, 372
BARREIRA;52;94;LAGOA GRANDE;ESCOLA PEDRO ALEXANDRINO DE LIMA;LAGOA GRANDE
ITAPIÚNA;105;178;DISTRITO DE ITANS;EEIEF JOAO BATISTA DE AGUIAR;RUA JOSE QUIRINO S/N
CAUCAIA;37;316;CIPO;E.E.F. AMARO RODRIGUES DOS SANTOS;RUA JOSE ALVES BEZERRA, S/N - REGIÃO GARROTE
ACARAÚ;30;24;ZONA RURAL;ESCOLA CAROLINO LOPES ARAUJO;CELSOLANDIA
TRAIRI;97;39;BATALHA;GRUPO ESCOLAR ANTONIO FRANCISCO BRAGA;BATALHA
INDEPENDÊNCIA;39;87;BRILHANTE;E.E.F. MIGUEL GONCALVES DA SILVA;POVOADO BRILHANTE
TURURU;17;654;AREA RURAL DE TURURU;POSTO DE SAUDE DE CONCEICAO DOS CAETANOS;CONCEIÇÃO DOS CAETANOS
QUIXADÁ;6;107;SÃO JOÃO DOS QUEIROZ;EEF JOÃO GONÇALVES DA ROCHA;SÃO JOÃO DOS QUEIROZ, S/N
JAGUARUANA;75;91;CENTRO;E.E.F. EDITH MOREIRA BARRETO;RUA CEL. RAIMUNDO FRANCISCO, 1389
QUIXERAMOBIM;11;91;MONTEIRO DE MORAIS;ESCOLA HUMBERTO BEZERRA;RODOVIA DO ALGODAO, SN
QUIXERAMOBIM;11;153;MONTEIRO DE MORAIS;ESCOLA MARIA ARAUJO CARNEIRO;RUA DR SEBASTIAO CAVALCANTE, 58
FORTALEZA;82;74;ÁLVARO WEYNE;COLÉGIO MANUEL DA SILVA (CARLITO PAMPLONA);RUA ASSIS BEZERRA, 25
BAIXIO;92;79;CENTRO - SEDE;E.E.I.F. ANTONIO ALVES DE FARIAS;AVENIDA ANTÔNIO FERREIRA DE LIMA, 300
FORTALEZA;112;569;JARDIM DAS OLIVEIRAS;INSTITUTO DE ASSISTÊNCIA E PROTEÇÃO SOCIAL - IAPS;RUA BARRA NOVA, N 1.000, CONJ. TANCREDO NEVES
CAPISTRANO;105;30;ZONA RURAL;ESCOLA DE ENSINO FUNDAMENTAL JOSE CAVALCANTE ROMANO;MAZAGAO II
FORTALEZA;80;127;ALTO DA BALANÇA;EEFM ESTADO DO PARÁ;RUA DJALMA PETIT 589
FORTALEZA;113;149;JARDIM AMÉRICA;ESC. EST. DE EDUC. PROFISSIONAL PAULO VI;RUA JORGE DUMMAR, 1841
FORTALEZA;80;190;FÁTIMA;COLÉGIO NOSSA SENHORA DAS GRAÇAS;RUA MONSENHOR OTÁVIO DE CASTRO, 535
PENTECOSTE;50;86;ZONA RURAL;EMTI PREFEITO ANTÔNIO CARNEIRO;PROVIDÊNCIA
ICÓ;15;330;SEDE URBANA;ESCOLA MUNICIPAL MANOEL ANTONIO NUNES;RUA DO CRUZEIRO S/N
FORTALEZA;85;330;CONJUNTO CEARÁ I;EEFM DR UBIRAJARA INDIO DO CEARA - UV-7A;RUA SETECENTOS E CINQUENTA E UM, 192, 3A ETAPA
MERUOCA;24;603;Centro;UNIVERSIDADE ABERTA DO BRASIL;PRAÇA CAETANO MARQUES S/N CENTRO MERUOCA
BARBALHA;31;170;MATA DOS LIMAS;EMEIF DIONÍSIO ROSS COELHO UCHOA;RUA P 01, S/N - SÍTIO MATA DOS LIMAS (7.26976 S, 39.32351 W)
PIRES FERREIRA;21;124;DISTRITO;E.E.F. JESUINO FRANCISCO DE LIMA;TIMBAUBA
JUAZEIRO DO NORTE;28;130;PROFESSORA MARIA GELI SA BARRETO;EEIF JOÃO ROMÃO DE SÁ BARRETO;SITIO BREJO SECO
IBIAPINA;73;73;SÃO JOÃO;ESCOLA RITA NEGREIROS;RUA JOSÉ AVELINO
IPUEIRAS;40;48;CENTRO;ESCOLA DE ENSINO FUNDAMENTAL CREUSA MELO - CENTRO;RUA DUQUE DE CAXIAS, S/N
FORTALEZA;82;131;JACARECANGA;CENTRO DE EDUCAÇÃO INFANTIL (CEI) SECRETÁRIO PAULO PETROLA;TV. JACINTO MATOS, 906
IBARETAMA;6;384;CENTRO;EEMTI CÔNEGO LUIZ BRAGA ROCHA;RUA PADRE JOAO SCOPEL, S/N
CANINDÉ;33;76;IMACULADA CONCEIÇÃO;EEEP CAPELAO FREI ORLANDO;RUA PAULINO BARROSO, 1289
NOVO ORIENTE;99;51;ZONA RURAL;EEF MARIA DE SOUSA MARQUES;CAVACO
FORTALEZA;93;160;PREFEITO JOSÉ WALTER;CUCA JOSÉ WALTER;RUA 69, S/N
TRAIRI;97;60;ALAGADICO DE CIMA;CENTRO COMUNITARIO FRANQUINHO DAMASCENO;ALAGADICO DE CIMA
SANTANA DO ACARAÚ;44;57;ALTO DA LIBERDADE;ESCOLA DE ENSINO FUNDAMENTAL SANTA TEREZINHA;PRACA DA LIBERDADE S/N
PACAJUS;49;276;CROATA II;EEF JOÃO RONALDO MATIAS;RUA MARIA IDENIA LOPES DO NASCIMENTO, 105 - ÁREA VERDE
EUSÉBIO;88;130;JABUTI;EEF MARIO SALES;RUA MARIO SALES, 319 - JABOTI
EUSÉBIO;88;90;LAGOINHA;ESCOLA Mª DE FÁTIMA FAÇANHA SILVEIRA (LAGOINHA);RUA SÃO MIGUEL, 327 - LAGOINHA
ARACOIABA;67;162;BOLANDEIRA-SEDE;ESCOLA MUNICIPAL OSVINO DE FREITAS PEREIRA;CE 060
HORIZONTE;78;359;ZUMBI;EMEF JOSE EDUARDO DE SOUSA;RUA MARIA LUIZA NORONHA - 405
SANTANA DO CARIRI;53;142;SERRA DA GURITIBA;EMEIEF JOSE HOMEM DE SOUSA FILHO;GURITIBA, SN
PARACURU;109;61;VOLTA;U. B. S. LUIZ COSTA SILVEIRA;RUA RUI LOUREIRO, S/N
QUIXERÉ;29;247;LAGOINHA;EEB MENINO JESUS DE PRAGA;RUA ZACARIAS FERREIRA DE SOUSA SN
CEDRO;13;457;LAGEDO;ESCOLA DE ENS FUND ANTONIO ALVES DOS SANTOS;DISTRITO DE LAGEDO
MAURITI;76;136;DANTAS;EEIF ZEFINHA CARTAXO;SITIO DANTAS
CAUCAIA;37;576;JANDAIGUABA;E.E.I.E.F. MARIA HELENA MOREIRA DA SILVA;RUA DO GRUPO, 249
FORTALEZA;115;407;MANOEL SÁTIRO;EEFM PROFESSOR MARIO SCHENBERG;RUA AMERICO ROCHA LIMA 835
ICÓ;15;31;CENTRO - SEDE;CEJA - ANA VIEIRA PINHEIRO;RUA DONA ALDERY, 324
FORTALEZA;2;813;LAGOA REDONDA;ESCOLA MUNICIPAL ISABEL FERREIRA;RUA ISABEL FERREIRA, 1000 - CONJ. CURIÓ
FORTALEZA;93;82;PREFEITO JOSÉ WALTER;EM RACHEL DE QUEIROZ;AVENIDA C, S/N - II ETAPA
MARACANAÚ;104;367;PAJUÇARA;EMEIEF ANTÔNIO DE ALBUQUERQUE SOUSA FILHO;RUA SENADOR PETRÔNIO PORTELA, 145
FORTALEZA;117;326;SIQUEIRA;ESCOLA MUNICIPAL PROF JOSE CÍRIO PEREIRA FILHO;RUA QUARTZO ROSA, 100
CRATO;27;364;SÃO MIGUEL;EEEP MARIA VIOLETA ARRAES DE ALENCAR GERVAISEAU;AVENIDA TEODORICO TELES, SN
JAGUARETAMA;72;80;CENTRO;CENTRO DE ARTE E CULTURA DE JAGUARETAMA;RUA TRISTÃO GONÇALVES, SN
ITAPIPOCA;17;691;DESERTO;EEB FRANCISCO TABOSA BRAGA;RETIRO NOVO
FORTALEZA;82;368;SÃO GERARDO;ESCOLA MUNICIPAL GUSTAVO BARROSO;RUA ERETIDES MARTINS, 26
FORTALEZA;118;460;SERRINHA;EM MARIA DE CARVALHO MARTINS;AVENIDA DOUTOR SILAS MUNGUBA, 4300
CRATEÚS;20;45;IPASE;ESCOLA DE CIDADANIA AIRAN VERAS;RUA CAPISTRANO DE ABREU SN
TAUÁ;19;64;COLIBRIS/SEDE;CEJA LUZIA ARAÚJO FREITAS;RUA ABIGAIL CIDRAO DE OLIVEIRA 51
FORTALEZA;113;301;JOSÉ BONIFÁCIO;COLÉGIO FARIAS BRITO;RUA SENADOR POMPEU, 2607
MONSENHOR TABOSA;61;124;BARREIROS;E.M.E.I.F.T.I ANTONIO ELIAS DE SOUSA;BARREIROS
FORTALEZA;118;586;MONDUBIM;UAPS LUIZA TAVORA;TRAVESSA SAO JOSE, 940
TAUÁ;19;180;COLIBRIS;ESCOLA DONDON FEITOSA;RUA JORNALISTA HELDER FEITOSA S/N
PARAMBU;19;322;NOVO ASSIS;ESCOLA PEDRO JOSÉ DA SILVA;CAMPO GRANDE
PARAMBU;19;290;MONTE SION;ESCOLA AMÂNCIO SIQUEIRA ROSA;RUA DA PAZ, 49
FORTALEZA;112;389;EDSON QUEIROZ;ESCOLA MUNICIPAL TEMPO INTEGRAL PROFESSOR ÁLVARO COSTA ;RUA ADOLFO MOREIRA, S/N
PENTECOSTE;50;95;ZONA RURAL;EMTI PREFEITO ANTÔNIO CARNEIRO;PROVIDÊNCIA
JUAZEIRO DO NORTE;28;213;SAO MIGUEL;COLÉGIO OBJETIVO;RUA DOUTOR FLORO, 776
AQUIRAZ;66;240;TUPUIU;EMEF FRANCISCO DA SILVA SAMPAIO;ESTRADA DO FIO TELEGRAFO
INDEPENDÊNCIA;39;180;COHAB;E.E.F. JOSE FERREIRA DOS SANTOS;RUA C, 158
BARREIRA;52;59;LAGOA GRANDE;ESCOLA PEDRO ALEXANDRINO DE LIMA;LAGOA GRANDE
JAGUARETAMA;72;32;SITIO BELO HORIZONTE;UNIDADE BÁSICA DE SAÚDE DR. DEIVEBRITO RIBEIRO;SITIO BELO HORIZONTE
PACATUBA;57;288;PAVUNA;ESCOLA DE 1 GRAU MARIA GUIOMAR BASTOS CAVALCANTE;RUA TOPAZIO, 331, VELHO TIMBO
FORTALEZA;93;206;PLANALTO AYRTON SENNA;LICEU ESTADUAL DOMINGOS BRASILEIRO;RUA PLANALTINA, S/N
FORTALEZA;85;245;CONJUNTO CEARÁ I;EEM PROF JOSE MARIA CAMPOS DE OLIVEIRA - UV 8;RUA 820 S/N - 3 ETAPA
JUAZEIRO DO NORTE;119;123;NOVO JUAZEIRO;ESCOLA TARCILA CRUZ ALENCAR;CASTELO BRANCO 4451
CAUCAIA;37;549;TABAPUAZINHO;E.E.I.E.F. DONA LAVÍNIA DE MEDEIROS;RUA GIZELDA MAGALHÃES, 2394 - TABAPUAZINHO
SABOEIRO;43;283;LAGOA DE DENTRO;E.E.F. MARIA MARTINS VIANA;SITIO LAGOA DE DENTRO
CARIRIAÇU;71;105;SÍTIO PIRIPIRI;EEI MARIA MOREIRA NEVES;SITIO PIRIPIRI
CRATO;27;352;PONTA DA SERRA;EEIEF MARIA SANTINA DA CONCEIÇÃO;SÍTIO PALMEIRINHA DOS VILAR S/N
TAUÁ;19;256;BEZERRA E SOUZA;CENTRO DE EDUCAÇÃO, CIÊNCIAS E TECNOLOGIA - CECITEC;RUA SOLON MEDEIROS, S/N - BR 020
ASSARÉ;18;36;CENTRO;ESCOLA  DE ENSINO FUNDAMENTAL E MEDIO RAIMUNDO MOACIR DE ALENCAR MOTA;RUA PADRE EMILIO CABRAL 538
CAUCAIA;37;521;TABAPUÁ;E.E.F.M. JOSÉ MARIA PONTES DA ROCHA;RUA 08, S/N - TABAPUÁ
CAUCAIA;37;183;ICARAI;E.E.I.E.F FRANCISCO MARTINS DE MORAES;RUA BELARMINO JOSÉ, 201 - ICARAÍ
QUIXERAMOBIM;11;240;URUQUE;ESCOLA JOSE MARINHO GOES;VILA DE URUQUE
FORTALEZA;117;181;BOM JARDIM;COLÉGIO LUMEN;RUA SÃO FRANCISCO DO JARDIM, 396
CAUCAIA;123;392;PARQUE ALBANO (JUREMA);E.E.I.E.F. DOM ANTÔNIO DE ALMEIDA LUSTOSA;RUA PERY, 951
CAUCAIA;123;342;PARQUE GUADALAJARA (JUREMA);E.E.I.E.F. 7 DE SETEMBRO;AV. DOM ALMEIDA LUSTOSA, 2322
AURORA;69;30;ARACA-SEDE;E.E.I.F. ROMAO SABIA;RUA PROJETADA  S/N
FORTALEZA;80;414;VILA UNIÃO;COLÉGIO ANTARES FÁTIMA (VILA UNIÃO);RUA ALBERTO MONTEZUMA, 235
JUAZEIRO DO NORTE;119;9;LIMOEIRO;EMEI IRMÃ NELY SOBREIRA (CRECHE);AV. JOSÉ BEZERRA, N. 216
MILAGRES;26;54;SITIO OITIS;POSTO DE SAUDE DO OITIS;SITIO OITIS
FORTALEZA;93;168;ARACAPÉ;EMEIF IVANILSON SOUZA LIMA COSTA;RUA POLIANA N.102
CARNAUBAL;22;15;SAO VICENTE;EEF AQUILES PERES MOTA;AV SAO VICENTE
CAMOCIM;32;237;BOA ESPERANCA;ESCOLA MUNICIPAL DE 1 GRAU FCO OTONI COELHO;RUA BANDEIRANTES 646
QUIXERAMOBIM;11;257;VILA SAO PAULO;ESCOLA ZILA ZILDA CARNEIRO;RUA CLEODON SIQUEIRA 1201
TAUÁ;19;228;MARROAS;ASS. COM. PROD. RURAIS DE SANTA MARIA (EEF ANTONIO ZACARIAS MOTA);SANTA MARIA
NOVA RUSSAS;48;178;UNIVERSIDADE;COLÉGIO MUNICIPAL ONZE DE NOVEMBRO;AV. JOÃO GREGÓRIO TIMBÓ
BARROQUINHA;108;58;DISTRITO BITUPITÁ;EEF SANTA ADELAIDE;RUA DO COMERCIO S/N
FORTALEZA;83;794;DOM LUSTOSA;EEFM JOSÉ WALDEMAR DE ALCÂNTARA E SILVA;RUA MACEIÓ, 627
FORTALEZA;113;368;MONTESE;COLÉGIO ESTADUAL PRESIDENTE HUMBERTO CASTELO BRANCO;RUA IRMA BAZET, 210
FORTALEZA;112;391;EDSON QUEIROZ;EEFM DOM ANTONIO DE ALMEIDA LUSTOSA;RUA ADOLFO MOREIRA DE CARVALHO, S/N
FORTALEZA;94;376;VILA VELHA;EM MANOEL RODRIGUES;RUA MARIA CLARA 1237
TIANGUÁ;81;151;SANTO ANTÔNIO;E.E.F. PROFª. ESTER DE AGUIAR MENEZES;RUA CORONEL JOÃO DAMASCENO, S/N
MASSAPÊ;45;98;ZONA RURAL;EEF FRANKLIN JUNIOR DE SOUSA;POVOADO DE PAUS BRANCOS
MAURITI;76;27;CENTRO;EEM ADAUTO LEITE;AV. SINVAL LACERDA, 416
CAUCAIA;123;454;PARQUE GUADALAJARA (JUREMA);COLÉGIO PLENO DO CEARÁ - CPC;RUA PADRE ALFREDO NESI, 363 (ANTIGA RUA CAMPECHE )
LIMOEIRO DO NORTE;29;63;CENTRO;LICEU DE ARTES E OFICIOS (ESC CONSTRUINDO CONHECIMENTO);RUA CORONEL FRANCISCO REMIGIO 329
IPAPORANGA;20;267;LAGOA DO BARRO;ESCOLA DE ENSINO FUNDAMENTAL LUIZ LOPES DE SOUSA;ESTREITO
PACATUBA;57;249;CONJUNTO JEREISSATI II;EEIEF ANA ALBUQUERQUE;AVENIDA XVIII SETOR F S/N
MARANGUAPE;4;595;PARQUE IRACEMA - MARANGUAPE;COLÉGIO SÃO JOSÉ;RUA SÃO JOSÉ, S/N
FORTALEZA;118;215;PASSARÉ;EEMTI INTEGRADA 2 DE MAIO;AVENIDA DA SAUDADE, S/N
FORTALEZA;85;138;CONJUNTO CEARÁ I;COLÉGIO LUÍZA TÁVORA;RUA 1050, N 171, 4 ETAPA
CANINDÉ;33;15;CENTRO;COLEGIO ESTADUAL PAULO SARASATE;RUA JOAQUIM MAGALHAES 100
PARACURU;109;17;CARNAUBA - POVOADO;PSF RAIMUNDO PEROTE VIANA;CARNAÚBA
SÃO JOÃO DO JAGUARIBE;91;136;BOM JESUS;EEF BEVENUTO FERREIRA MAIA - BOM JESUS;SITIO BOM JESUS
MAURITI;76;72;CENTRO;EEM ANDRÉ CARTAXO;RUA CHAGAS SAMPAIO, S/N
OCARA;67;255;CURUPIRA-DISTRITO;UNIDADE BÁSICA DE SAÚDE DE BOLAS;BOLAS
FORTALEZA;113;374;MONTESE;CENTRO DE ENSINO GRAU TÉCNICO;RUA BARÃO DE SOBRAL, N.712
FORTALEZA;113;89;JARDIM AMÉRICA;ESCOLA MUNICIPAL PROF. FILGUEIRAS LIMA;AV. DOS EXPEDICIONÁRIOS, 3910
FORTALEZA;82;414;ELLERY;ESCOLA MUNICIPAL HONÓRIO BEZERRA;RUA CAPITÃO NESTOR GÓIS, 400
JUAZEIRO DO NORTE;28;7;CENTRO;COLÉGIO BATISTA DO CARIRI;RUA SAO PAULO 797
QUIXADÁ;6;163;JUATAMA;EEF RENATO DE ARAÚJO CARNEIRO;RUA FRANCISCO MOREIRA DE SOUZA,1324
QUIXERÉ;29;209;SEDE;CENTRO EDUC. CENECISTA IMACULADA CONCEIÇÃO;RUA JOAQUIM MOREIRA 260
ICAPUÍ;8;138;BARREIRAS DE CIMA;ESCOLA PROFA JOANA MARQUES BEZERRA;BARREIRAS DE CIMA
CAUCAIA;37;292;ICARAI;E.E.I.E.F FRANCISCO MARTINS DE MORAES;RUA BELARMINO JOSÉ, 201 - ICARAÍ
ARARENDÁ;48;115;ANGOLA;E. E. F. VICENTE MOURÃO;LOCALIDADE DE ANGOLA
TIANGUÁ;81;43;SEMINÁRIO;FACULDADE VIA SAPIENS;AVENIDA PREFEITO JACQUES NUNES, 1739
CAUCAIA;37;527;TABAPUÁ;E.E.F.M. JOSÉ MARIA PONTES DA ROCHA;RUA 08, S/N - TABAPUÁ
ICAPUÍ;8;152;CAJUAIS;E.E.M. PROF GABRIEL EPIFANIO DOS REIS;RUA FILIZOLINA FREITAS, SN
MORAÚJO;64;53;BOA ESPERANÇA;BOA ESPERANÇA - ESCOLA MUN. NOVA;DISTRITO DE BOA ESPERANÇA
ITAPAJÉ;41;241;ARMADOR;ESCOLA MUNICIPAL FRANCISCO LOPES RODRIGUES;SITIO ARMADOR
FORTALEZA;80;205;ALTO DA BALANÇA;EEF CIRCULISTA BOM JESUS;RUA JOSE BUSON 101
FORTALEZA;114;63;ÁLVARO WEYNE;EM DOM HELDER CAMARA;RUA FREI ODILON 623 B
CAUCAIA;37;312;PADRE ROMUALDO;E.E.F. AUGUSTO CESAR SILVA SALES;RUA 15 DE NOVEMBRO, 456
FORTALEZA;116;31;GRANJA LISBOA;EM DOM LUSTOSA;RUA GERALDO BARBOSA 3901
SALITRE;38;143;ZONA RURAL, SALITRE/CE;E.E.I.F JOSE GOMES DE SOUZA - SÍTIO SERRINHA DOS GERALDOS;SÍTIO SERRINHA DOS GERALDOS
VÁRZEA ALEGRE;62;5;CENTRO;EEM JOSÉ CORREIA LIMA;AV. LUIS AFONSO DINIZ, 213
IPU;21;91;SEDE;SINDICATO DOS TRABALHADORES RURAIS DE IPU;RUA PE JOAO DE CASTRO 1102 - CAIXA DAGUA
FORTALEZA;82;467;ÁLVARO WEYNE;ESCOLA MUNICIPAL PATATIVA DO ASSARÉ;RUA FREI TEOBALDO,646
FORTALEZA;82;119;CRISTO REDENTOR;CCDH - CENTRO DE CIDADANIA E DIR. HUMANOS - GOV. VIRGÍLIO TÁVORA;AV. MONSENHOR HELIO CAMPOS, 178
SABOEIRO;43;274;MALHADA;E.E.F. JOSE GONCALVES DOS SANTOS;DISTRITO MALHADA
GUARAMIRANGA;5;231;CENTRO-SEDE;EMEF PROFESSOR JULIO HOLANDA;RUA CEL FRANCISCO DE MATOS BRITO S/N
RUSSAS;9;54;CENTRO;COLEGIO ESTADUAL GOVERNADOR FLAVIO MARCILIO;AV DOM LINO 725
RUSSAS;9;283;CORREGO DA CATITA;ASSOCIAÇÃO COMUNITÁRIA FRANCISCO PAZ FILHO;CÓRREGO DA CATITA
FORTALEZA;116;439;BONSUCESSO;CEI XV DE OUTUBRO;RUA MENINO JESUS DE PRAGA, 192
TAUÁ;19;214;DISTRITO - SEDE;ASS COMUN LAUDELINO FERREIRA BARRA (ANT ESC JOSE FERREIRA BARRA);VENEZA
APUIARÉS;50;183;ZONA RURAL;EEF JOÃO CARDOSO BEZERRA;SANTO ANTÔNIO
BATURITÉ;5;100;CENTRO-SEDE;EMEF MONSENHOR MANOEL CANDIDO;PRAÇA DA MATRIZ, SN
CAUCAIA;37;249;CAMARA;E.E.I.E.F. JOSÉ CRISÓSTOMO BASÍLIO;ESTRADA DO CAMARÁ - REGIÃO GUARURU
LIMOEIRO DO NORTE;29;175;BOM NOME;EEF VALDETRUDES EDITH HOLANDA;RUA ANTONIO RIBEIRO DE CASTRO, S/N
ORÓS;15;299;PALESTINA - DISTRITO;E.E.F. MANOEL LEITE BARBOSA;RUA 07 DE SETEMBRO, S/N
FORTALEZA;118;622;PASSARÉ;EM DELMA HERMÍNIA DA SILVA PEREIRA;AVENIDA PRESIDENTE COSTA E SILVA, 5606
SÃO BENEDITO;22;111;SITIO SANTOS REIS;EEF LOURIVAL BANHOS;SITIO SANTOS REIS
AMONTADA;89;277;SABIAGUABA;EEBTI MARIA BARBOSA DE HOLANDA;EMBIRIBA
SÃO GONÇALO DO AMARANTE;36;79;CAGADO-POVOADO;ESCOLA DE ENSINO FUNDAMENTAL JOAO PINTO MAGALHAES;CAGADO
CHOROZINHO;49;60;CHORÓ CARNAUBINHA;UBS FRANCISCO TUBIAS DE SOUZA;LOCALIDADE DE CHORO CARNAUBINHA
BEBERIBE;84;52;MORRO BRANCO;ESCOLA MUNICIPAL JOSE BESSA;MORRO BRANCO
HORIZONTE;78;389;DOURADO;EMEF GEOVANIA ALBANO DE ALMEIDA;RUA FRANCISCO CARLOS, 500
FORTALEZA;3;424;CENTRO;UNIARI - CENTRO UNIVERSITÁRIO ARI DE SÁ;AV. HERÁCLITO GRAÇA, 826
QUIXADÁ;6;211;CENTRO;COLÉGIO SAGRADO CORACÃO DE JESUS;TRAVESSA JOSE DE BARROS,1200
ICÓ;15;40;CENTRO - SEDE;EEM - VIVINA MONTEIRO;RUA DR INACIO DIAS S/N
GRAÇA;79;181;SÍTIO CARAÚBAS;E.E. F. VITURINO FELIPE DE MARIA;SÍTIO CARAÚBAS
SÃO BENEDITO;22;158;ANGELIM-INHUCU;CENTRO COMUNITARIO DE APRENDIZAGEM RURAL;ANGELIM
SÃO BENEDITO;22;204;SITIO CARNAUBA;ASSOCIACAO COMUNITARIA CARNAUBA 1;SITIO CARNAUBA I
SÃO BENEDITO;22;124;CENTRO-SEDE;NAEC - NÚCLEO DE ARTE, EDUCAÇÃO E CULTURA - PROFESSOR OSCAR COSTA DE S;RUA CAPITÃO MIRANDA S/N CENTRO
MARANGUAPE;4;456;AMANARI;EMEF BÁRBARA DE ALENCAR;PRAÇA ADELAIDE COELHO, 67
BARBALHA;31;9;ROSÁRIO;FACULDADE DE MEDICINA DE BARBALHA (UFCA);RUA DIVINO SALVADOR, 284
MARACANAÚ;104;292;TIMBÓ;EMEF DR. JOSÉ DE BORBA VASCONCELOS;AVENIDA TIMBÓ, 808
CRATEÚS;20;8;IRAPUA;POSTO DE SAUDE DE IRAPUA;IRAPUA
MUCAMBO;79;235;CENTRO;ESCOLA ELZE MENDES DE AGUIAR;AV AGRONOMO JOSE ALVES, S/N - SEDE
FORTALEZA;117;337;PARQUE PRESIDENTE VARGAS;EM JOSE MARIA MOREIRA CAMPOS;RUA FRANCISCO ALMEIDA, 525 CJ. APOLO XI
SANTANA DO ACARAÚ;44;115;IPUEIRINHA;ANEXO DA E.E.F. MANOEL FRANCISCO DA SILVA;IPUEIRINHA
FORTALEZA;113;356;MONTESE;COLÉGIO AGNUS;RUA TEODORICO BARROSO, 827
MILAGRES;26;47;SITIO SERRA BRAVA;ESCOLA MARIA DOS ANJOS DO ESPIRITO SANTO;SITIO SERRA BRAVA
IBIAPINA;73;35;CENTRO;CÂMARA MUNICIPAL;RUA PADRE IBIAPINA, 680
BARREIRA;52;4;MEARIM III;ESCOLA BOANERGES JACÓ (CERUR);RUA JOÃO JULIÃO, N. 182
RUSSAS;9;298;CENTRO;ESCOLA MUNICIPAL JOSE RAIMUNDO DE DEUS;AVENIDA IRMÃ MARIA DA GRAÇA
CAUCAIA;120;350;CAPUAN;E.D.E.F.M. ÍNDIOS TAPEBA (COMUNIDADE INDÍGENA);RODOVIA CORONEL ALFREDO, S/N
FORTALEZA;117;293;CANINDEZINHO;EM FLORIVAL ALVES SERAINE;RUA ITATIAIA, 1000
BEBERIBE;84;3;CENTRO;ESCOLA DE ENSINO FUNDAMENTAL E MEDIO ANA FACO;RUA VICENTE MATHIAS 119
ARARENDÁ;48;5;CENTRO;E. E. F. M.  21 DE DEZEMBRO;RUA FRANCISCO FERRAZ, S/N
BELA CRUZ;96;28;CAJUEIRINHO-LOCALIDADE;EMETI JOSE BATISTA DA ROCHA;CAJUEIRINHO
MONSENHOR TABOSA;61;178;JUCÁS;CENTRO CULTURAL INDÍGENA;RUA ARTEMÍSIO GOMES S/N
JUAZEIRO DO NORTE;28;243;FATIMA;EEF JOSE FERREIRA MENEZES;PEDRO GUILHERME DA SILVA S/N
CHOROZINHO;49;323;TRIANGULO;CRECHE MARIA DE LOURDES LIMA;RUA PADRE CICERO SN
JIJOCA DE JERICOACOARA;30;373;ZONA RURAL;ESCOLA FRANCISCO RAIMUNDO DUTRA;CORREGO DO URUBU
PINDORETAMA;7;215;SITIO LIMA;EMEI FRANCISCA DANTAS BENICIO;LOCALIDADE DE SITIO LIMA - PINDORETAMA
GUARACIABA DO NORTE;74;77;DISTRITO;E.E.I.F. JOAO EUFRASIO FILHO;MOCAMBO - VARZEA DOS ESPINHOS
ICÓ;15;38;CENTRO - SEDE;ESCOLA MUNICIPAL PROFESSORA LOURDES COSTA;AV ILIDIO SAMPAIO,1571
ARACOIABA;67;77;IDEAL-DISTRITO;ESCOLA MUNICIPAL SEGUNDO LOPES DA COSTA;RUSSINHO
JUAZEIRO DO NORTE;28;458;SALESIANOS;COLEGIO SALESIANO SÃO JOÃO BOSCO;PADRE CICERO 1492
IPU;21;64;DISTRITO;EEMTI ANTONIO PEREIRA DE FARIAS;VARZEA DO GILO
ACARAÚ;30;418;CENTRO;LICEU DE ACARAÚ - ESCOLA MARIA ALICE RAMOS;CENTRO
BARRO;92;34;SANTO ANTONIO-DISTRITO;POSTO DE SAÚDE DE BREJINHO;SITIO BREJINHO
CAUCAIA;37;10;CENTRO;C.S.U. EDSON DA MOTA CORREA;RUA JOSE DE PONTES, 2671 - AÇUDE
BEBERIBE;84;1;CHORO;ESCOLA MUNICIPAL MARIO ALENCAR;RODOVIA CE 040 KM 58
LIMOEIRO DO NORTE;29;39;CENTRO;EEM LAURO REBOUCAS DE OLIVEIRA;RUA DOS EXPEDICIONARIOS 2921
JUAZEIRO DO NORTE;119;166;PIRAJA;ESCOLA DEMOSTENES RATTS BARBOSA;AILTON GOMES SN
GRANJA;25;208;SAMBAIBA;E.E.F.  ANTÔNIO GOUVEIA NETO;FAZENDA BOM SUCESSO
FORTALEZA;116;418;BONSUCESSO;EM MARIA DO SOCORRO ALVES CARNEIRO;RUA LUIS VIEIRA 1020
QUITERIANÓPOLIS;99;144;ZONA RURAL;EEIF MIGUEL ÂNGELO DE OLIVEIRA;SAO GONCALO
CARIRIAÇU;71;26;PARAÍSO;EEM SÃO PEDRO;RUA LUIZ BEZERRA 325
JUAZEIRO DO NORTE;28;138;SAO MIGUEL;EEM JOSE BEZERRA;SAO JORGE 440
LAVRAS DA MANGABEIRA;14;67;CRUZEIRO;ESCOLA DE 1 GRAU STELA SAMPAIO;BAIRRO DO CRUZEIRO S/N
IBARETAMA;6;15;DISTRITO DE NOVA VIDA;EMEIF PEDRO ALEXANDRE VALENTIM;DISTRITO DE NOVA VIDA
FORTALEZA;115;47;ITAPERI;UNIVERSIDADE ESTADUAL DO CEARA - UECE;AV DR. SILAS MUNGUBA, 1700
ITAPIPOCA;17;582;BARRENTO;EEB PEDRO PAULO DE SOUSA;BARRENTO
CARIRIAÇU;71;24;CENTRO;EEM PLÁCIDO ADERALDO CASTELO;RUA CARLOS MORAIS 752
ITAPIÚNA;105;135;DISTRITO DE CAIO PRADO;EEF DEPUTADO JOAO VIANA (ANEXO CRECHE RAIO DO SOL);AV JOSE MARINHO SN
ITAPAJÉ;41;159;SANTA RITA-SEDE;E.E.M.T.I PROFª ESTEFÂNIA MATOS;RUA BENTO ÁVILA DE SOUSA, 101
OCARA;67;263;CENTRO-SEDE;ESCOLA ESTADUAL ALMIR PINTO;RUA CASSIANO CORREIA
TIANGUÁ;81;35;LAURÃO;UNINTA - FACULDADE TIANGUÁ;RUA CONSELHEIRO JOÃO LOURENÇO, 406 - LAURÃO
SANTANA DO CARIRI;53;135;PEDRA BRANCA;EMEIEF HERMANO CHAVES FRANCK;SÍTIO PEDRA BRANCA, SN
INDEPENDÊNCIA;39;45;MONTE SINAI;E.E.F. JOAQUIM FERREIRA VIANA;RUA DA MATRIZ
URUBURETAMA;23;52;CENTRO;EEF LEONOR ROCHA E SILVA;RUA JOAO DA CRUZ MENEZES 100
CANINDÉ;33;59;ZONA RURAL;EMEF MANOEL JANUARIO DE LIMA;RUA IRMÃ SIMPLICIA, S/N IPU MONTE ALEGRE
SOBRAL;121;130;CENTRO;COLEGIO FARIAS BRITO SOBRALENSE;PRACA QUIRINO RODRIGUES S/N
SANTA QUITÉRIA;54;92;DISTRITO DE MALHADA GRANDE;ESCOLA MUNICIPAL MARIA DE NAZARÉ;DISTRITO DE MALHADA GRANDE
QUIXADÁ;6;328;CIPÓ DOS ANJOS;EEF MARIA RODRIGUES SAMPAIO;VILA RICA, S/N
TEJUÇUOCA;41;41;RETIRO CAXITORE;ESCOLA DE ENSINO FUNDAMENTAL DE TEMPO INTEGRAL LUIZA DA SILVA MOTA;RETIRO CAXITORE
FORTALEZA;117;369;SIQUEIRA;ESCOLA MUNICIPAL PROF JOSE CÍRIO PEREIRA FILHO;RUA QUARTZO ROSA, 100
PARAMBU;19;276;CENTRO;CEI - CENTRO DE EDUCAÇÃO INFANTIL;RUA JUSCELINO KUBISHEK
PENTECOSTE;50;202;ZONA RURAL;EEIF PROF. PAULO FREIRE - ANEXO(MACACOS);ASSENTAMENTO SALGADO
FORTALEZA;112;504;EDSON QUEIROZ;EM PROF FRANCISCO MAURICIO MATOS DOURADO;RUA  DES FLORIANO BENEVIDES MAGALHÃES, 391
QUITERIANÓPOLIS;99;109;ZONA RURAL;EEIF ANTONIO BATISTA LIMA;POMBO
INDEPENDÊNCIA;39;212;ASSENTAMENTO MUNDO NOVO;EEF MIGUEL RODRIGUES DA SILVA;ASSENTAMENTO MUNDO NOVO
MARACANAÚ;104;67;TIMBÓ;EMEF ADAUTO FERREIRA LIMA;AVENIDA CONTORNO LESTE, S/N
ARACATI;8;33;CENTRO;E.E.F. DARCI RIBEIRO;RUA TEÓFILO PINTO, S/N.
ARACATI;8;242;CANOA QUEBRADA;E.E.F. ZE MELANCIA;PRAÇA DRAGÃO DO MAR, S/N.
JUAZEIRO DO NORTE;28;308;JUVENCIO SANTANA;EMEIF MANOEL BALBINO DA SILVA;RUA PEDRO CRUZ SAMPAIO
CAMOCIM;32;23;CENTRO;EEF ALBA MARIA DE ARAUJO LIMA AGUIAR;RUA DA INDEPENDENCIA SN
QUIXADÁ;6;263;ÁREA RURAL DE QUIXADÁ;EEF ACELINO AURELIANO LIMA;FAZENDA JORDAO - PERIFERIA, S/N
COREAÚ;64;83;Ubaúna;UBAÚNA - ESCOLA M. PEDRO CONRADO;RUA MANOEL OSIRO, S/N
TRAIRI;97;190;poço amarelo;ASSOCIAÇÃO COMUNITÁRIA DOS MORADORES DO POÇO AMARELO;POÇO AMARELO
QUIXERAMOBIM;11;261;SAO MIGUEL;ESCOLA ALFREDO ALMEIDA MACHADO- VILA DE SAO MIGUEL;SAO MIGUEL
FORTALEZA;82;130;JACARECANGA;CENTRO DE EDUCAÇÃO INFANTIL (CEI) SECRETÁRIO PAULO PETROLA;TV. JACINTO MATOS, 906
FORTALEZA;115;68;PARANGABA;EM PROF. JOSE VALDIVINO DE CARVALHO;RUA GUARA, S/N
QUIXERAMOBIM;11;160;DISTRITO DE NENELANDIA;ESCOLA MARIA PERPETUA DE OLIVEIRA;CACHOEIRINHA
CRUZ;30;266;ZONA RURAL;ESCOLA MACARIO JOSE DE FARIAS;PITOMBEIRAS
ICÓ;15;61;ICOZINHO - DISTRITO;EMTIH - FRANCISCO ALBENIR DUARTE;RUA SAO VICENTE S/N
JATI;70;375;CENTRO-SEDE;PREFEITURA MUNICIPAL;RUA CARMELITA GUIMARAES 02
BEBERIBE;84;181;SITIO LUCAS;ESCOLA MUNICIPAL PEDRO DE QUEIROZ FERREIRA;RUA MANOEL EMÍDIO DA SILVA, 497
MULUNGU;5;134;CENTRO-SEDE;EMEF HERMENEGILDO ROCHA PONTES;RUA SANTA INES S/N
MORRINHOS;44;168;OLHEIRO / SANTA FÉ;EEIEF ANTÔNIO FERREIRA SALES;LOCALIDADE SANTA FÉ
SOBRAL;121;66;ARACATIAÇU;EEMTI ISRAEL LEOCADIO DE VASCONCELOS;PRACA DA VARZEA, 479 - ARACATIAÇU
MARANGUAPE;4;56;OUTRA BANDA - MARANGUAPE;EMEIEF PAULO SARASATE;AVENIDA DR. ARGEU GURGEL BRAGA HERBSTER, 883
MARANGUAPE;4;133;ITAPEBUSSU;EMEF PROFESSORA MARIA EUGÊNIA DE OLIVEIRA;RUA MANOEL GUEDES MARTINS, 1130
MARANGUAPE;4;7;CENTRO - MARANGUAPE;COLÉGIO SEBASTIÃO DE ABREU;RUA ROBERTO BRAQUEHAIS, 656
FORTALEZA;82;575;SÃO GERARDO;COLÉGIO MASTER - BEZERRA DE MENEZES;AV. BEZERRA DE MENEZES, 1802
QUIXADÁ;6;76;PLANALTO UNIVERSITÁRIO;FECLESC;RUA JOSÉ DE QUEIROZ PESSOA, 2554
FORTALEZA;82;640;MONTE CASTELO;CENTRO EDUCACIONAL SÃO MATEUS;AV. SARGENTO HERMÍNIO SAMPAIO, 2440
ITAREMA;98;211;LAGOA SECA;EEEP PROFESSORA ROSÂNGELA ALBUQUERQUE DE COUTO;RUA DAS INDUSTRIAS, SN
VÁRZEA ALEGRE;62;11;CENTRO;EEF FIGUEIREDO CORREIA;RUA FIGUEIREDO CORREIA, 258
CHAVAL;108;18;CENTRO;POLO DE CONVIVÊNCIA SOCIAL JOÃO BATISTA DA SILVA - PROARES;RUA JOAQUIM AMÂNCIO DA SILVA TELES, S/N
GRANJA;25;226;CAJUEIRO DOS COUTINHOS;E.E.F. JONAS RIBEIRO DOS SANTOS;CAJUEIRO DOS COUTINHOS
CANINDÉ;33;266;DISTRITO DE TARGINOS;EMEF RAIMUNDO ALVES PEREIRA;CANUDOS
ITAPIPOCA;17;702;CALUGI;EEB JOSEFA PEREIRA DE SOUSA;MACACO II
MARACANAÚ;122;42;CÁGADO;EMEIEF JOAO MAGALHAES DE OLIVEIRA;RODOVIA RAIMUNDO PESSOA DE ARAUJO 700
QUIXERÉ;29;251;LAGOINHA;CEI MARIA SUZILANE SANTIAGO LIMA;RUA MESTRE ISIDORO, S/N
JAGUARUANA;75;23;CENTRO;IFCE INSTITUTO FEDERAL DO CEARÁ;AV DR ANTÔNIO DA ROCHA FREITAS, 1566
FORTALEZA;117;314;BOM JARDIM;PROJETO ALIANÇA COM CRISTO;RUA WALDEMAR PAES BRAGANÇA 1208
IPAUMIRIM;92;120;SERROTE-SITIO;ASSOCIAÇÃO COMUNITÁRIA DO SERROTE;SITIO SERROTE SN
AIUABA;101;23;SAO NICOLAU;GRUPO ESCOLAR EDMUNDO BRAGA;RUA BENTO HERCULES SN
MARACANAÚ;122;228;ALTO DA MANGUEIRA;E.M.E.F. ESTUDANTE ANA BEATRIZ TAVARES;RUA JOACIR FREITAS DUTRA, S/N
CAUCAIA;120;289;CONJUNTO METROPOLITANO;E.E.I.E.F. OSMAR DIÓGENES PINHEIRO;RUA EDMUNDO RODRIGUES, 485 - CONJUNTO METROPOLITANO
ACOPIARA;60;35;DISTRITO DE SANTO ANTONIO;EEF EZEQUIEL FERREIRA LIMA;SITIO SANTA LUZIA
CRATO;27;37;CENTRO;COLÉGIO DIOCESANO DO CRATO;RUA NÉLSON ALENCAR, 569
SANTANA DO ACARAÚ;44;93;BAIA;EMEF ISAÍAS COELHO DO NASCIMENTO;BAIA
BARROQUINHA;108;73;DISTRITO BITUPITÁ;C.E.I. OTACÍLIA TELES DE MORAES;RUA DA PRAIA, S/N
CAUCAIA;37;368;GRILO;E.E.I.E.F. MARIA DAS DORES LIMA;RUA JOSE EMILIO DA ROCHA, 852 - PQ MALOUBER
MASSAPÊ;45;11;CENTRO;EEFM ADAUTO BEZERRA;PCA MANOEL JARBAS AGUIAR SN
MARACANAÚ;104;316;TIMBÓ;EEMTI ADAHIL BARRETO CAVALCANTE;AVENIDA VEREADOR EDMILSON MARQUES, S/N
MARACANAÚ;122;122;SIQUEIRA (siqueira 2);EMEF FRANCISCO TABOZA FILHO;AV. JUSCELINO KUBITSCHEK 1941
CRATO;27;120;BELMONTE;EEIEF ADÉRSON DA FRANCA ALENCAR;RUA CARLINA PINHEIRO S/N
PACATUBA;57;263;VILA DAS FLORES;EEIEF MANOEL ROSENDO FREIRE;RUA 17, 11
FORTALEZA;117;172;BOM JARDIM;COLÉGIO LUMEN;RUA SÃO FRANCISCO DO JARDIM, 396
BEBERIBE;84;94;SUCATINGA;EEM FRANCISCA MOREIRA DE SOUSA;RUA MOREIRA DA ROCHA 01 - CENTRO
QUIXADÁ;6;341;CENTRO;BIBLIOTECA PUBLICA MUNICIPAL PADRE FRANCISCO CLINEU FERREIRA;RUA CLÓVIS BEVILÁQUA, SN
FORTALEZA;83;701;JÓQUEI CLUBE;COLÉGIO LUCÊ;RUA CUIABA 155
FORTALEZA;83;429;BELA VISTA;EEMTI ESTADO DO AMAZONAS;RUA MONSENHOR FURTADO 2327
PENTECOSTE;50;48;ZELADORIA;EEF GOVERNADOR WALDEMAR ALCÂNTARA;RUA PEDRO HORÁCIO, 297
CEDRO;13;568;PLANALTO DOS CADEIRA(CEDRO 1);CENTRO DE EDUCAÇÃO INFANTIL MARIA MARILENE ALVES DINIZ;PLANALTO DOS CADEIRAS
SOBRAL;24;121;SUMARÉ;EEM PROFESSORA CARMOSINA FERREIRA GOMES;RUA DAS FLORES, S/N
CASCAVEL;7;191;SEDE;E.E.F. PROFESSORA ANA LÚCIA DA SILVA (COHAB);AV. JOÃO MOREIRA DE PAULA, COHAB
ITAREMA;98;190;LAGOA SECA;EEEP PROFESSORA ROSÂNGELA ALBUQUERQUE DE COUTO;RUA DAS INDUSTRIAS, SN
FORTALEZA;82;31;SÃO GERARDO;SECRETARIA DO DESENVOLVIMENTO AGRÁRIO (SDA) DO ESTADO DO CEARÁ;AV. BEZERRA DE MENEZES, 1820
BREJO SANTO;70;254;ALTO DA BELA VISTA;CEI ROSA ROBERTO;ALTO DA BELA VISTA
NOVA OLINDA;53;17;CRUZEIRO;EEF PADRE CRISTIANO COELHO;AV. JEREMIAS PEREIRA S/N
IGUATU;13;321;GADELHA;CAPELA DO SÍTIO PIRIPIRI;SITIO PIRIPIRI
ACARAÚ;30;368;BAILARINA;ESCOLA PROF. JOELINA RIBEIRO RAMOS VIANA;RUA NEON SALES SN
SOBRAL;121;52;CENTRO;EEFM DR JOAO RIBEIRO RAMOS;RUA CONSELHEIRO JOSE JULIO
JARDIM;119;280;CENTRO;ESCOLA GOV. ADAUTO BEZERRA;AV WILSON RORIZ 1334
ICÓ;15;61;ICOZINHO - DISTRITO;EMTIH - FRANCISCO ALBENIR DUARTE;RUA SAO VICENTE S/N
FORTALEZA;117;222;CONJUNTO ESPERANÇA;EEFM PROFA ADELIA BRASIL FEIJO;AV CONTORNO SUL, 1540
FORTALEZA;2;657;PAUPINA;EMEIF GUIOMAR DA SILVA ALMEIDA;RUA PEROLINA DE MORAIS, 449
LIMOEIRO DO NORTE;29;286;BOM NOME;EEF VALDETRUDES EDITH HOLANDA;RUA ANTONIO RIBEIRO DE CASTRO, S/N
LIMOEIRO DO NORTE;29;12;CENTRO;ESCOLA NORMAL DE LIMOEIRO;AV DOM AURELIANO MATOS 1759
ITAPAJÉ;41;219;BOMBAS;ESCOLA COMUNITARIA SÃO JOSÉ;FAZENDA BOMBAS
OCARA;67;195;NOVO HORIZONTE-DISTRITO;ESCOLA MUNICIPAL JOAQUIM MARTINS DE SOUZA - ENSINO FUNDAMENTAL;NOVO HORIZONTE
ITAPAJÉ;41;103;CRUZEIRO-SEDE;CENTRO SOCIAL URBANO RAIMUNDO DE ARAUJO BASTOS;RUA ANTONIO EUSEBIO BASTOS 85
FORTALEZA;82;704;MONTE CASTELO;COLÉGIO MATER AMABILIS;RUA PADRE ANCHIETA, 438
QUIXELÔ;13;215;ÁREA RURAL DE QUIXELÔ;ESCOLA DE ENS FUND JOAQUIM RODRIGUES DA SILVA;SALSA-SITIO
FORTALEZA;112;375;CIDADE DOS FUNCIONÁRIOS;EEFM WALTER DE SA CAVALCANTE;AVENIDA OLIVEIRA PAIVA, 550
MAURITI;76;54;SAO MIGUEL-DISTRITO;EEIF CAREOLANO LEITE;RUA SALUSTIANO RODRIGUES, S/N
FORTALEZA;83;707;HENRIQUE JORGE;EEMTI ANTONIETA SIQUEIRA;RUA GUARANI 04
BANABUIÚ;6;418;CENTRO;EEF CENTRO EDUCACIONAL MUNICIPAL CELESTINO DE SOUSA;AV. QUEIROZ PESSOA, S/N
FORTALEZA;114;21;BARRA DO CEARÁ;SENAI - CENTRO DE FORMAÇÃO PROFISSIONAL;AVENIDA FRANCISCO SÁ 7221
FORTALEZA;114;156;BARRA DO CEARÁ;EEFM FERNANDO CAVALCANTE MOTA;RUA DA SALEMA 85
CRATEÚS;20;117;CENTRO;COLEGIO ESTADUAL REGINA PACIS;RUA FRANCISCO SA 106
JAGUARETAMA;72;13;CENTRO;E.E.M INSTITUTO IMACULADA CONCEICAO;RUA ANTONIO PINTO 301
MASSAPÊ;45;70;CENTRO;EEFM WILEBALDO AGUIAR;RUA CEL MANOEL DIAS 250
QUITERIANÓPOLIS;99;131;ZONA RURAL;UBS FRANCISCO ALVES PEDROSA;RAMADA
SANTA QUITÉRIA;54;102;DISTRITO DE LISIEUX;E.E.F. DONA LIVRAMENTO ARAÚJO;DISTRITO DE LISIEUX
ITAPIPOCA;17;548;BALEIA;EEB VERA LÚCIA TEIXEIRA;APIQUES
FORTALEZA;118;659;SERRINHA;COLÉGIO SAGRADA FAMÍLIA;RUA MADRE ELISA BALDO, 331
CRUZ;30;208;PREA;ESCOLA RENATO GONCALVES LOUZADA;FORMOSA
IGUATU;13;400;PLANALTO;ESCOLA DE ENS MEDIO AMELIA FIGUEIREDO DE LAVOR;RUA 13 DE MAIO SN
QUITERIANÓPOLIS;99;146;ZONA RURAL;EEIF ANTONIO BATISTA LIMA;POMBO
INDEPENDÊNCIA;39;26;SOARES;GRUPO ESCOLAR;POVOADO SOARES
BARROQUINHA;108;41;DISTRITO ARARAS;EEF NOSSA SENHORA DE FÁTIMA;RUA DO QUADRO S/N
FORTALEZA;83;463;PANAMERICANO;ESCOLA MUNICIPAL JOSÉ BATISTA DE OLIVEIRA;RUA GOIÁS 620
CARIDADE;111;51;CENTRO;NOVO CRAS FRANCISCO MENEZES PIMENTEL NETO;AV. CORONEL FRANCISCO LINHARES, S/N
JAGUARUANA;75;86;TABULEIRO;E.E.F. MONSENHOR ALUISIO DE CASTRO FILGUEIRAS;RUA JOAO FRANCISCO RODRIGUES 1384
ITAIÇABA;75;71;TABULEIRO DO LUNA;E.E.F.  RAIMUNDO NONATO GOMES DINIZ;TABULEIRO DO LUNA
SOBRAL;24;97;JUNCO;EEFI PROF. GERARDO RODRIGUES ALBUQUERQUE;AVENIDA JOHN SANFORD, 1940
QUIXADÁ;6;13;SÃO JOÃO DOS QUEIROZ;EEF JOÃO GONÇALVES DA ROCHA;SÃO JOÃO DOS QUEIROZ, S/N
CAMPOS SALES;38;74;B. APARECIDA;E.E.F.T.I. - PADRE AZARIAS SOBREIRA - SEDE;RUA JOSÉ PINTO DA SILVA, S/N
FORTALEZA;114;276;ÁLVARO WEYNE;EM DOM HELDER CAMARA;RUA FREI ODILON 623 B
FORTALEZA;114;322;PRESIDENTE KENNEDY;COLÉGIO SANTA ISABEL;AVENIDA BEZERRA DE MENEZES 2840
CRATO;27;181;SANTA FÉ;EEIEF JOSÉ BATISTA DE LIMA;SÍTIO RIACHO FUNDO S/N
CRATO;27;241;MONTE ALVERNE;EEIEF PROFESSORA PUREZA TELES;RUA SÃO FRANCISCO S/N - MONTE ALVERNE
CARIRIAÇU;71;92;VALÊNCIA;POSTO DE SAÚDE ANA DOS ANJOS;SÍTIO PATOS
ARACATI;8;4;CENTRO;INSTITUTO SAO JOSE;RUA CEL ALEXANDRINO 563
FORTALEZA;115;61;PARANGABA;EM PROF. JOSE VALDIVINO DE CARVALHO;RUA GUARA, S/N
MARACANAÚ;104;435;JARDIM BANDEIRANTES;EMEF EVANDRO AYRES DE MOURA;RUA SÃO SEBASTIÃO, 341
FORTALEZA;82;91;MONTE CASTELO;EM PROFESSOR MARTINZ DE AGUIAR;RUA BERNARDO PORTO, 470
TABULEIRO DO NORTE;91;64;PEIXE GORDO;EEB MARIA SANTA FREIRE - PEIXE GORDO;SITIO PEIXE GORDO
CAMPOS SALES;38;84;ZONA RURAL;E.E.I.F JOAQUIM FRANCISCO DA SILVA - SITIO ALÍVIO;SÍTIO ALÍVIO
NOVA RUSSAS;48;114;CANINDEZINHO;ESCOLA MUNICIPAL MARIANO RODRIGUES DA COSTA;DISTRITO DE CANINDEZINHO,
FORTALEZA;93;314;PLANALTO AYRTON SENNA;EM ADALBERTO STUDART FILHO;RUA DO CAMPO, 25
JAGUARUANA;75;41;CENTRO;IFCE INSTITUTO FEDERAL DO CEARÁ;AV DR ANTÔNIO DA ROCHA FREITAS, 1566
CAUCAIA;37;535;TABAPUÁ;E.E.I.E.F. ROBERTO JOSÉ BASTOS MACAMBIRA;RUA 7, S/N - TABAPUÁ
TIANGUÁ;81;205;LAURÃO;E.E.I.F. FREI GERVÁSIO;RUA ALBERCY NOGUEIRA DE VASCONCELOS , SN
GRANJA;25;226;CAJUEIRO DOS COUTINHOS;E.E.F. JONAS RIBEIRO DOS SANTOS;CAJUEIRO DOS COUTINHOS
FORTALEZA;82;65;CRISTO REDENTOR;EM CRISTO REDENTOR;AV. PASTEUR, 372
FORTALEZA;94;840;QUINTINO CUNHA;INSTITUTO PEDAGÓGICO MIRASSOL;RUA FRANCISQUINHA PORTELA, 2904
BOA VIAGEM;63;153;FATIMA;EEF BENJAMIM ALVES DA SILVA;R. SEBASTIÃO ALVES DA SILVA, 68
CANINDÉ;33;201;CENTRO;CAMPUS PROVISÓRIO DA UECE (ANTIGA ESC. DE  2º TEMPO JOSÉ FREIRE FREI);RUA JOAQUIM MAGALHAES S/N - PRACA DR ARAMIS
CHORÓ;6;219;MONTE CASTELO;EEF TOMAZ NUNES CAVALCANTE;MONTE CASTELO, S/N
SOBRAL;24;103;JOSÉ EUCLIDES;EEM MINISTRO JARBAS PASSARINHO;AVENIDA JOHN SANFORD, S/N
CRATO;27;41;CENTRO;COLÉGIO DIOCESANO DO CRATO;RUA NÉLSON ALENCAR, 569
FORTALEZA;113;108;BENFICA;COLÉGIO CHRISTUS BENFICA;RUA LUIS DE MIRANDA, 536
MASSAPÊ;45;4;GINASIO;CENTRO EDUCACIONAL MASSAPEENSE;RUA AMADEU ALBUQUERQUE 323
LIMOEIRO DO NORTE;29;105;ÁREA RURAL;EEF JOAO ADOLFO DE ASSIS MAIA;SITIO MARIA DIAS
GUAIÚBA;57;274;PINHEIRO;EEBM HILDA FRADIQUE ACCIOLY;RUA RAIMUNDO BANDEIRA, SN
ITAITINGA;78;317;PARQUE GENEZARÉ;EEF ELIAS DE SOUSA;RUA JOSE RODRIGUES PEREIRA, 137
INDEPENDÊNCIA;39;29;JARDIM;ESCOLA ISOLADA N SENHORA APARECIDA;POVOADO  JARDIM
CATARINA;60;223;VILA NOVA - SEDE;CENTRO REF.DA ASSIST. SOCIAL - CRAS;RUA OSTERNO FEITOSA
FORTALEZA;117;292;CONJUNTO ESPERANÇA;EEEP DARCY RIBEIRO;RUA CONEGO DE CASTRO, S/N
CARIÚS;43;170;SITIO BARRA DO FELIPE;EEIF JOAO FERREIRA DE SOUSA;SITIO BARRA DO FELIPE
PENTECOSTE;50;113;SÃO FRANCISCO;EEF BALBINA MOREIRA DE AZEVEDO;AVENIDA ANTÔNIO BRAGA DE AZEVEDO
FORTALEZA;83;26;BELA VISTA;ESCOLA MUNICIPAL NILSON HOLANDA;RUA VIRIATO RIBEIRO 1355
ASSARÉ;18;12;CENTRO;ESCOLA  DE ENSINO FUNDAMENTAL E MEDIO RAIMUNDO MOACIR DE ALENCAR MOTA;RUA PADRE EMILIO CABRAL 538
PACAJUS;49;353;CROATA II;EEF JOÃO RONALDO MATIAS;RUA MARIA IDENIA LOPES DO NASCIMENTO, 105 - ÁREA VERDE
FORTALEZA;94;38;ANTÔNIO BEZERRA;EMTI JOSÉ CARLOS DE OLIVEIRA NETO;R. SAO VICENTE DE PAULO, 170
FORTALEZA;2;817;PAUPINA;EM CÔNEGO FRANCISCO PEREIRA DA SILVA;RUA LUÍS FRANCISCO XAVIER, 256
MADALENA;63;169;CENTRO;EEF ALVARO DE ARAUJO CARNEIRO;MARIA ARMENIA BARBOSA, 299 - SANTA TEREZINHA
FORTALEZA;112;496;CIDADE DOS FUNCIONÁRIOS;COLEGIO MASTER SUL;RUA BENJAMIM MOURA, 631
FORTALEZA;115;404;MANOEL SÁTIRO;EEFM PROFESSOR MARIO SCHENBERG;RUA AMERICO ROCHA LIMA 835
AQUIRAZ;66;350;JACUNDA;EMEF HENRIQUE GONCALVES DA JUSTA FILHO;RUA ANTONIO MELQUIADES LIMA S/N
FORTALEZA;116;325;GRANJA PORTUGAL;EM REITOR ANTONIO MARTINS FILHO;RUA TEODORO DE CASTRO 1175
FORTALEZA;2;100;MESSEJANA;EM PROFª TELINA BARBOSA DA  COSTA;RUA PERGENTINO MAIA, 811
URUBURETAMA;23;141;SAO JOAO;EEF PAULO FERREIRA DA CUNHA;SITIO UBATUBA
CAUCAIA;37;572;ICARAI;ESCOLA VERONICA MARIA SILVA DE MENEZES;RUA Q, S/N - MUNGUBA
AMONTADA;89;128;ICARAÍ;EEBTI MARIA ALVES SOBRINHA;PRAÇA DA MATRIZ
QUIXADÁ;6;125;CAMPO NOVO;EEF JOSÉ BONIFÁCIO DE SOUSA (ESCOLA MODELO);TRAVESSA DA LAVANDERIA, 152
JUAZEIRO DO NORTE;28;211;SAO MIGUEL;COLÉGIO OBJETIVO;RUA DOUTOR FLORO, 776
JIJOCA DE JERICOACOARA;30;182;CENTRO;ESCOLA JOSE DIONISIO DE SOUSA;RUA RAIMUNDO ALEXANDRE 330
CATARINA;60;229;VILA NOVA - SEDE;EEF FRANCISCO RODRIGUES PEREIRA;RUA JOSE PEDROSA DE MIRANDA S/N
UMARI;15;217;CACHACO - SITIO;ESCOLA DE ENSINO FUNDAMENTAL ANTONIO FERREIRA VIANA;SITIO CACHACO S/N
SÃO JOÃO DO JAGUARIBE;91;132;PINTO;POSTO DE SAUDE MUNICIPAL DO  SITIO PINTO;SITIO PINTO
ITAPAJÉ;41;51;CENTRO-SEDE;CENTRO INTERESCOLAR JOÃO TEIXEIRA SARAIVA;RUA JOSE PINTO CAVALCANTE 273
IPU;21;50;ZONA RURAL;UBS JOÃO BATISTA DE AZEVEDO;SÃO JOSÉ DOS MARTINS
MAURITI;76;81;BURITIZINHO-DISTRITO;EEF WALTER DE CALDAS TELES;RUA DA PAZ, S/N
CARIRÉ;65;39;ZONA RURAL;ESCOLA EIEF EVANGELINA FEIJAO;BOA ESPERANCA
OCARA;67;205;CURUPIRA-DISTRITO;ESCOLA MUNICIPAL JOAO EGIDIO DA COSTA - ENSINO FUNDAMENTAL;LAGOA DO VELHO
TABULEIRO DO NORTE;91;21;CENTRO;ESCOLA  ANTÔNIO ALVES MAIA;RUA CEL. PIO GADELHA, 4683
JAGUARIBE;10;93;NOVA BRASÍLIA;EEIEF ANTONIO TEIXEIRA LIMA;AV ALMIR TAVORA, S/N
FORTALEZA;94;928;JARDIM GUANABARA;COLÉGIO DOM QUINTINO;RUA CECIL SALGADO, 53
TRAIRI;97;41;PURAO;EEF JONAS HENRIQUE DE AZEVEDO;PURAO
JIJOCA DE JERICOACOARA;30;408;ZONA RURAL;UNIDADE BASICA DE SAÚDE - CHAPADINHA;CHAPADINHA
EUSÉBIO;88;90;LAGOINHA;ESCOLA Mª DE FÁTIMA FAÇANHA SILVEIRA (LAGOINHA);RUA SÃO MIGUEL, 327 - LAGOINHA
ARACATI;8;329;NOSSA SENHORA DE LOURDES;EEMTI. BENI CARVALHO;RUA BENI CARVALHO 1679
CAPISTRANO;105;27;ZONA RURAL;ESCOLA DE ENSINO FUNDAMENTAL JOSE SARAIVA SOBRINHO;PESQUEIRO
RUSSAS;9;244;POCO REDONDO;ESCOLA MUNICIPAL LINO GONCALVES;POÇO REDONDO
FORTALEZA;80;409;FÁTIMA;COLÉGIO SANTO TOMÁZ DE AQUINO;RUA MÁRIO MAMEDE, 750
SOBRAL;24;565;JUNCO;SESI;AV. DR. JOSÉ ARIMATÉIA M SILVA, 1701
UBAJARA;73;202;CACHOEIRA DO BOI MORTO;ESCOLA MANUEL URUÇU;SITIO CACHOEIRA DO BOI MORTO
TAMBORIL;61;78;DISTRITO DE BOA ESPERANÇA;EMTI MARINA MAGALHÃES BRITO;POVOADO CACIMBAS
NOVO ORIENTE;99;60;ZONA RURAL;CEIF EDVAL ARAÚJO DA SILVA;DISTRITO SAO RAIMUNDO
JUCÁS;43;296;SÃO PEDRO DO NORTE - VILA;ESCOLA DE 1 GRAU DOM JOSE MAURO;RUA JOSE NORBERTO DE SOUSA S/N
FORTALEZA;85;172;ANTÔNIO BEZERRA;INSTITUTO EDUCACIONAL JOSE DE ALENCAR;RUA HUGO VITOR 730
VARJOTA;65;183;ACAMPAMENTO DNOCS;E.E.F. WALDIR LEOPÉRCIO;RUA TEREZINHA MORORÓ PASSOS, 384
TRAIRI;97;81;GURGURI;EEF FRANCISCO MOREIRA DA CRUZ;GURGURI
PEREIRO;10;136;CENTRO;ESCOLA DE ENSINO FUNDAMENTAL E MEDIO VIRGILIO CORREIA LIMA;RUA CORONEL ANTONIO VICENTE  274
CARIRIAÇU;71;132;PARAÍSO;EEM SÃO PEDRO;RUA LUIZ BEZERRA 325
BANABUIÚ;6;438;LARANJEIRAS;EEF JOSE LOPES PIMENTA;PENHA
ITAPIÚNA;105;119;CENTRO;EEF DEMOCRITO ROCHA;RUA SAO FRANCISCO SN
SANTANA DO CARIRI;53;41;CENTRO;EEMTI ADRIÃO DO VALE NUVENS;AV. PATATIVA DO ASSARÉ, SN
ARACOIABA;67;63;CENTRO-SEDE;ESCOLA ALMIR PINTO - ENSINO FUNDAMENTAL E MEDIO;RUA SANTOS DUMONT 363
FORTALEZA;116;415;BONSUCESSO;EM MARIA DO SOCORRO ALVES CARNEIRO;RUA LUIS VIEIRA 1020
CAUCAIA;120;368;GENIPABU;E.E.I.E.F. OSMIRA EDUARDO DE CASTRO;BR 222 - KM 16
HORIZONTE;78;213;BUENOS AIRES;EMEF MANOEL FELIPE DOS SANTOS;RUA ELIAS BENTO FERREIRA, 1976
CASCAVEL;7;37;CAPONGA;E.E.F.M. RONALDO CAMINHA BARBOSA;ESTRADA DO PRATIUS, 1985
CASCAVEL;7;2;CENTRO;UNIDADE BÁSICA DE SAÚDE - SEDE;RUA JOSÉ ANTONIO DE QUEIROZ, 2024
FORTALEZA;114;354;BARRA DO CEARÁ;INSTITUTO EDUCACIONAL HUMANISTA;RUA CAUBI, 478
FORTALEZA;83;780;JOÃO XXIII;CENTRO DE FORMAÇÃO E DESENV. PARA PROFISSIONAIS DA EDUCAÇÃO - FORMACE;RUA PORTO VELHO, 401
MARACANAÚ;122;210;NOVO ORIENTE;EMEF MAESTRO ELEAZAR DE CARVALHO;AV. CENTRAL S/N
CAMOCIM;32;215;SAO PEDRO;ESCOLA EMILIA PESSOA VERAS;RUA HUMAITA S/N
SÃO JOÃO DO JAGUARIBE;91;130;MUNDIAL;EEF MILTON CHAVES E SILVA - MUNDIAL;BR 116 KM 218
JUAZEIRO DO NORTE;119;194;AEROPORTO;ESCOLA CICERA GERMANO CORREIA;RUA SEBASTIAO REGIS SN
FORQUILHA;121;184;ALTO ALEGRE;CERU-CENTRO DE EDUCAÇÃO BASICA MARRINA MAGALHAES MARTINS;R POSIDONIO GOMES SIQUEIRA SN
GRANJA;25;118;PARAZINHO;E.E.F. ELIEZER ARRUDA;RUA JOSE MARTINS, S/N
GUAIÚBA;57;88;CENTRO;EEBM MANUEL BALTAZAR DE FREITAS;RUA LEIRIA DE ANDRADE 409
CAUCAIA;120;413;CIGANA;E.E.I.E.F DALVA PONTES DA ROCHA;RUA QUINTINO JOSE CORREIA, 465
FORTALEZA;94;39;ANTÔNIO BEZERRA;EMTI JOSÉ CARLOS DE OLIVEIRA NETO;R. SAO VICENTE DE PAULO, 170
CAUCAIA;120;353;CIGANA;E.E.I.E.F DALVA PONTES DA ROCHA;RUA QUINTINO JOSE CORREIA, 465
PARAIPABA;109;120;CENTRO;EEM ENGENHEIRO AGEU ROMERO;RUA EVARISTO GOMES 143
ITATIRA;33;496;DISTRITO DE LAGOA DO MATO;CERU - JOSÉ PAULO DE SOUSA;AV. ZEZE JUCA N 1789
CARIRIAÇU;71;68;FEITOSA;POSTO DE SAÚDE ANTONIO CIRILO FEITOSA;VILA SANTO ANTONIO
SOBRAL;121;2;CARACARÁ;ESCOLA ODETE BARROSO-PICADA (POLO ODETE BARROSO);FAZENDA SANTA LUZIA - PICADA RUZY
FORTALEZA;115;28;JARDIM CEARENSE;ESCOLA MARISTA SAGRADO CORAÇÃO;RUA VIDAL DE NEGREIROS, 550
FORTALEZA;94;631;QUINTINO CUNHA;EEFM DOM HELDER CAMARA;RUA ROSINHA SAMPAIO 1157
SANTA QUITÉRIA;54;164;ASSENTAMENTO VALPARAÍSO;ESCOLA MUNICIPAL BENEDITA ALBUQUERQUE;POVOADO VALPARAÍSO
AURORA;69;121;PADRE MORORO-SEDE;E.E.I.F. ANTONIO LANDIM DE MACEDO;PADRE MORORO S/N
FORTALEZA;112;339;CIDADE DOS FUNCIONÁRIOS;COLÉGIO DÁULIA BRINGEL;RUA TRAJANO ALVES DE AGUIAR, 55
LIMOEIRO DO NORTE;29;277;LUIZ ALVES DE FREITAS;CENTRO DE EDUCAÇÃO INFANTIL MARIA DE FÁTIMA LIMA GUIMARÃES;RUA CLAUDIO BENEVIDES, S/N
ITAPIPOCA;17;481;CRUZEIRO;EEB PROFESSOR PEDRO TEIXEIRA BARROSO;RUA ANTONIO BARROSO NETO S/N
CAUCAIA;123;317;PARQUE POTIRA (JUREMA);COLÉGIO ESTADUAL LICEU DE CAUCAIA;RUA ARAQUÉM, 1100 - PARQUE POTIRA (JUREMA)
BELA CRUZ;96;53;GUARDA-LOCALIDADE;EMEIEF LUCIO MARQUES DE SOUSA;LOCALIDADE DE GUARDA
JUAZEIRO DO NORTE;28;30;CENTRO;CIRCULO OPERARIO SAO JOSE;PADRE CICERO 133
APUIARÉS;50;19;ZONA RURAL;EEF MIGUEL SOARES GUIMARÃES;VILA SOARES
FORTALEZA;80;230;TAUAPE;EMEIF PROFª ANTONIETA CALS;RUA MONSENHOR SALAZAR 1480
ICAPUÍ;8;285;BARREIRAS DE BAIXO;CENTRO DE EDUCAÇÃO INFANTIL ANA RODRIGUES;BARREIRAS DE BAIXO
JUAZEIRO DO NORTE;119;412;SANTA TEREZA;COLÉGIO MILITAR DE JUAZEIRO DO NORTE;CASTELO BRANCO SN
FORTALEZA;83;98;HENRIQUE JORGE;EEM  MARIANO MARTINS;AVENIDA SENADOR FERNANDES TÁVORA 1445
FORTALEZA;85;159;CONJUNTO CEARÁ I;EEF GOVERNADOR FAUSTINO ALBUQUERQUE - UV1;RUA 143 N 155 - 1 ETAPA
ITAPIÚNA;105;117;CENTRO;EEF DEMOCRITO ROCHA;RUA SAO FRANCISCO SN
JARDIM;119;298;CENTRO;ESCOLA DR. ROMAO SAMPAIO;RUA JOSE MARROCOS 240
CANINDÉ;33;1;CENTRO;COLEGIO ESTADUAL PAULO SARASATE;RUA JOAQUIM MAGALHAES 100
MARACANAÚ;104;124;PAJUÇARA;COLÉGIO 7 DE SETEMBRO (PAJUÇARA);RUA BEATRIZ CALIXTO, 305
MARACANAÚ;104;326;JARDIM BANDEIRANTES;EMEF EVANDRO AYRES DE MOURA;RUA SÃO SEBASTIÃO, 341
MARACANAÚ;104;422;TIMBÓ;EMEF EDSON QUEIROZ;AVENIDA TIMBÓ, 2
MARCO;96;193;BAIRRO CORACAO DE JESUS;EEF SAGRADO CORACAO DE JESUS;RUA PARSIFAL BARROSO
TAMBORIL;61;33;DISTRITO DE SUCESSO;EEMTI JÁDER DE FIGUEIREDO CORREIA;RUA GOV VALDEMAR DE ALCANTARA - VILA SUCESSO
FORTALEZA;94;64;ANTÔNIO BEZERRA;EEFM JOSE BEZERRA DE MENEZES (POLIVALENTE);RUA DR. JOÃO GUILHERME, 311
FORTALEZA;83;443;DEMOCRITO ROCHA;EEFM JOAQUIM ALVES;RUA ESTADO DO RIO 955
CAUCAIA;37;297;PARQUE SOLEDADE;COLEGIO JANUSA CORREA;RUA NOSSA SENHORA DOS PRAZERES, 238
MILHÃ;55;66;CENTRO;EEFM EUCLIDES PINHEIRO DE ANDRADE;RUA JOAQUIM NEMESIO 119
BREJO SANTO;70;198;BARAUNA-SEDE;UBS EXPEDITO LINO;SITIO BARAUNAS
IGUATU;13;113;JOSÉ DE ALENCAR;ESCOLA DE ENS FUND MARTA MARIA SOBREIRA;FRANCISCO HOLANDA MONTENEGRO
FORTALEZA;115;433;VILA PERI;CENTRO DE EDUCAÇÃO PEDAGÓGICO EÇA DE QUEIROZ;RUA DOM XISTO ALBANO 611
MOMBAÇA;46;148;CENTRO;ESCOLA DE ENSINO FUNDAMENTAL ROBERTO SÁ BENEVIDES;R. JOÃO ALENCAR DE FREITAS, 68
MOMBAÇA;46;143;RECREIO;ESCOLA DE ENSINO FUNDAMENTAL MARIA SILVINO BENEVIDES;RUA ALTO ALEGRE, S/N
MARANGUAPE;4;122;SAPUPARA;EMEF JÕAO CIRINO NOGUEIRA;RUA JOAO CIRINO, S/N
IPUEIRAS;40;67;COITE;EEF RAIMUNDO SOBRINHO DE OLIVEIRA - COITE;COITÉ
FRECHEIRINHA;81;267;CENTRO;ESCOLA CARLOS MACHADO PORTELA;RUA TENENTE EUFRASIO  SN
FORTALEZA;2;539;MESSEJANA;EEFM JOSE DE ALENCAR;RUA VENEZA, 84
AURORA;69;63;VARZANTES-SITIO;E.E.I.F. CANDIDO ANTONIO DO NASCIMENTO;SITIO VARZANTES
ALTANEIRA;53;139;CENTRO;EMEI FAUSTA VENÂNCIO;RUA APOLÔNIO DE OLIVEIRA, SN
IBICUITINGA;47;207;VICOSA;EEB ANTONIO EDUARDO GIRAO;VICOSA  - SEDE
FORTALEZA;113;341;PARQUELÂNDIA;ESCOLA ESTADUAL DE EDUCAÇÃO PROFISSIONAL JOAQUIM NOGUEIRA;RUA MOREIRA DE SOUSA, 327
FORQUILHA;121;217;TRAPIÁ;EEFI EDUARDO CAVALCANTE ARAGAO;DISTRITO DE TRAPIA
PARACURU;109;23;CAMPO DE AVIAÇÃO;E. E. M. T. I. PROFESSORA MARIA LUIZA SABOIA RIBEIRO;AVENIDA ANTONIO SALES
FORTALEZA;95;261;BARROSO;EEFM PROFESSOR  ALOYSIO BARROS LEAL;RUA 10,  LOT. PRQ.VERDE 28 (CJ JOAO PAULO II)
BEBERIBE;84;126;PARIPUEIRA;ESCOLA MUNICIPAL ERNESTO GURGEL VALENTE;RUA FRANCISCO XAVIER 217 - CENTRO
JAGUARIBARA;72;60;CENTRO;PROFESSORA MARIA BERNADETE NEVES;RUA TERTULIANO DE MELO, 279
ARNEIROZ;101;62;PLANALTO;EPG FRANCISCO ELIAS DE ANDRADE;PLANALTO
CRATO;27;241;MONTE ALVERNE;EEIEF PROFESSORA PUREZA TELES;RUA SÃO FRANCISCO S/N - MONTE ALVERNE
FORTALEZA;114;176;CRISTO REDENTOR;EEFM SÃO JOSÉ DOS ARPOADORES;RUA FRANCISCO CALAÇA 90
JAGUARETAMA;72;65;ASSENTAMENTO NOVO ALAGAMAR;EMEIF MARIA DO SOCORRO ALVES DE OLIVEIRA;ASSENTAMENTO NOVO ALAGAMAR
FORTALEZA;114;200;PRESIDENTE KENNEDY;EM GABRIEL CAVALCANTE;QUADRA F 167 CONJUNTO CASTELO BRANCO
FORTALEZA;3;549;PRAIA DE IRACEMA;SECRETARIA DA SAÚDE DO ESTADO DO CEARÁ;RUA ITAPIPOCA, 60
MONSENHOR TABOSA;61;137;CENTRO;ESCOLA INDÍGENA DE MONSENHOR TABOSA;RUA SANTO ANTONIO 124
FORTALEZA;113;207;PARQUELÂNDIA;COLÉGIO CHRISTUS PRÉ - UNIVERSITÁRIO;RUA CRUZ SALDANHA, 614
IGUATU;13;99;COHABS;ESCOLA DE ENS MEDIO EDSON LUIZ CAVALCANTE DE GOUVEA;AVENIDA JUSCELINO KUBITSCHECK SN
ITAPIPOCA;17;324;VIOLETE;EEB JOSE LINS DE ALBUQUERQUE;RUA CRISTO REDENTOR
CARIDADE;111;114;CENTRO;EEF CARMOZINA BITTENCOURT;AVENIDA CORONEL FRANCISCO LINHARES
ICÓ;15;64;ICOZINHO - DISTRITO;EMTIH - FRANCISCO ALBENIR DUARTE;RUA SAO VICENTE S/N
FORTALEZA;82;196;MONTE CASTELO;EM PROFESSOR MARTINZ DE AGUIAR;RUA BERNARDO PORTO, 470
ACARAÚ;30;274;BAILARINA;ESCOLA PROF. JOELINA RIBEIRO RAMOS VIANA;RUA NEON SALES SN
ITAPIPOCA;17;53;DESERTO;EEB LUIZ CARNEIRO DA SILVA;MANGUEIRA
FORTALEZA;116;286;GRANJA LISBOA;CAIC - MARIA ALVES CARIOCA;RUA GUARAREMA 690
PACAJUS;49;395;MANGABEIRA;EEF JOAQUIM AMÂNCIO BEZERRA;AV. DUCA PEDRO, S/N
MARACANAÚ;122;226;HORTO;EMEIEF CESAR CALS DE OLIVEIRA NETO;RUA PROF JOSÉ HENRIQUE DA SILVA, S/N
JUAZEIRO DO NORTE;119;59;ANTONIO VIEIRA;ESCOLA PREFEITO ANTONIO CONSERVA;CONSTRUTOR JOSE SABINO SN
TAUÁ;19;104;MARROAS;EPG LUIZ FERREIRA DOS SANTOS;OLHO D AGUA DOS MOTA
MASSAPÊ;45;80;CENTRO;SECRETARIA DE EDUCACAO DO MUNICIPIO;RUA MAJOR JOSE PAULINO SN
CRATO;27;342;GISÉLIA PINHEIRO;EEMTI JUVÊNCIO BARRETO;RUA JUVÊNCIO BARRETO S/N
UMIRIM;23;257;CAXITORE-DISTRITO;E.E.F. IRACILVIA NUNES DE LIMA;CAXITORE
MARACANAÚ;104;273;CENTRO;EEM TENENTE MÁRIO LIMA;RUA FRANCISCO FIRMINO, 293
JIJOCA DE JERICOACOARA;30;402;CENTRO;ESCOLA SENADOR CARLOS JEREISSATE;RUA MINAS GERAIS S/N
FORTALEZA;115;342;PARANGABA;EEEP JOAQUIM MOREIRA DE SOUSA;RUA CAIO PRADO 02
VÁRZEA ALEGRE;62;35;CENTRO;EEF DR. PEDRO SÁTIRO;RUA PADRE JOSE OTAVIO. SN
BARBALHA;31;43;VILA DO CALDAS;EMEIF BOM JESUS (VILA DO CALDAS);RUA DANIEL CORDEIRO NEVES, S/N - PRAÇA PE.CARLOS
MULUNGU;5;142;CENTRO-SEDE;EMEF HERMENEGILDO ROCHA PONTES;RUA SANTA INES S/N
MARACANAÚ;122;179;ANTONIO JUSTA;EMEIF INTEGRANDO O SABER;RUA PEDRO DE PAULA BARROS,620
FORTALEZA;80;114;ALTO DA BALANÇA;EEM YOLANDA QUEIROZ;AV. GAL. MURILO BORGES, 864
AIUABA;101;8;CENTRO;ESCOLA PADRE PEDRO JOSE;RUA ARMANDO ARRAES FEITOSA 30
CARNAUBAL;22;2;CENTRO;EEF JOAQUIM BASTOS GONCALVES;R JOAO FELICIO 91
AQUIRAZ;66;127;IGUAPE;EEFM CEL OSVALDO STUDART;RUA CEL OSVALDO STUDART 117 CENTRO
EUSÉBIO;88;106;CENTRO;ESCOLA PROFISSIONALIZANTE EUSEBIO DE QUEIROZ;RUA MARIA TEIXEIRA JOCA, SN
JAGUARUANA;75;49;PITOMBEIRA;E.E.F. JARBAS PASSARINHO;PITOMBEIRA
GENERAL SAMPAIO;50;226;ZONA RURAL;EMEIF PASCOAL ALMEIDA DE SOUSA;CANGATI
URUBURETAMA;23;208;NOVO ANGELIM;EEIF IOLANDA PINHEIRO HOLANDA;RUA PINHEIRO HOLANDA SN
MASSAPÊ;45;40;ZONA RURAL;EEF GERARDO EMILIANO;DISTRITO DE TANGENTE
IGUATU;13;256;JOSÉ DE ALENCAR;ESCOLA DE ENS FUND OSMINDO MANGUEIRA DE SOUSA;SITIO BARROCAS
JUAZEIRO DO NORTE;119;182;TIMBAUBA;ESCOLA ANTONIO BEZERRA MONTEIRO;SEBASTIAO CAVALCANTE SN
PALMÁCIA;4;171;SÍTIO ROCHEDO;UBS ROCHEDO;SÍTIO ROCHEDO
ICÓ;15;62;ICOZINHO - DISTRITO;EMTIH - FRANCISCO ALBENIR DUARTE;RUA SAO VICENTE S/N
FORTALEZA;83;95;HENRIQUE JORGE;EEM  MARIANO MARTINS;AVENIDA SENADOR FERNANDES TÁVORA 1445
ICÓ;15;180;SITIO SALGADINHO;CENTRO PASTORAL SÃO FRANCISCO DE ASSIS;SITIO SALGADINHO
SABOEIRO;43;292;LAGOINHA;E.E.F. NOSSA SENHORA DE FÁTIMA;SÍTIO LAGOINHA
SÃO BENEDITO;22;90;SITIO SAO VICENTE;EEF FRANCISCO RODRIGUES DE MEDEIROS;SITIO SÃO VICENTE
FORTALEZA;83;601;HENRIQUE JORGE;EEMTI ANTONIETA SIQUEIRA;RUA GUARANI 04
FORTALEZA;83;691;HENRIQUE JORGE;CENTRO EDUCACIONAL BRASILEIRINHO;AVENIDA SENADOR FERNANDES TÁVORA, 1717
MARANGUAPE;4;602;OUTRA BANDA - MARANGUAPE;EMEIEF RENATO MOTA;RUA EMANOEL COSTA  ABREU, S/N
TAMBORIL;61;65;CENTRO;EMTI 4 DE OUTUBRO;RUA VICENTE ALVES DO VALE SN
ITAPIPOCA;17;514;MARINHEIROS;EEB VICENTE PRACIANO SAMPAIO;VILA DOS PRACIANOS
FORTALEZA;3;13;CENTRO;COLÉGIO 7 DE SETEMBRO (SEDE NGS);AV. DO IMPERADOR, 1330
MIRAÍMA;89;231;CRUZEIRO;EEFM JOSEFA BRAGA BARROSO;RUA DEZINHO TEIXEIRA
EUSÉBIO;88;200;PEDRAS;EEF EVANDRO AYRES DE MOURA;RUA DOMINGOS SAVIO, 578 - PEDRAS
BATURITÉ;5;64;CENTRO-SEDE;EMEF DOMINGOS SAVIO;AV DOM BOSCO, 393
FORTALEZA;115;396;VILA PERI;COLEGIO JIM WILLSON;AV. AUGUSTO DOS ANJOS, 1915
SÃO GONÇALO DO AMARANTE;36;166;CROATA-DISTRITO;ESCOLA DE ENSINO FUNDAMENTAL PORFIRIO DE ARAUJO;RUA VALDO UCHOA - CROATA
MARCO;96;151;SOARES - POVOADO;EEF GERALDO BASTOS OSTERNO;LOCALIDADE DE SOARES
MORADA NOVA;47;78;ARUARU;EEB JOSE FRANCISCO SAMPAIO;RUA JOANA MARIA, S/N
FORTALEZA;95;278;PARQUE SANTA MARIA;EMEIF JOSÉ MOREIRA LEITÃO;RUA HONORINO MAIA, 467
FORTALEZA;95;284;BARROSO;EM PROFESSORA MARIA ANTONÉZIA MEIRELES E SÁ;RUA CORONEL VIRGÍLIO TÁVORA, 1340
FORTALEZA;95;233;CONJUNTO PALMEIRAS;CEI MARIA DO SOCORRO FERREIRA VIRINO;RUA VALPARAÍSO, 339
MARANGUAPE;4;495;AMANARI;EEMTI ANTONIO LUIS COELHO;RUA DO COMÉRCIO, S/N
VÁRZEA ALEGRE;62;140;SANHAROL;EEF ANTÃO LEANDRO BITU;SÍTIO SANHAROL
SANTA QUITÉRIA;54;249;PEREIROS;E. E. F. DEPUTADO CHICO FIGUEREDO;RUA EDSON LOBO DE MESQUITA
PACOTI;5;217;CAITITU-SITIO;PSF DE CAITITU DE CIMA (CAITITU);SITIO CAITITU DE CIMA
FORTALEZA;112;275;JARDIM DAS OLIVEIRAS;EEMTI MIRIAN PORTO MOTA;RUA DAS CASTANHOLAS, S/N
ARACOIABA;67;19;VAZANTES-DISTRITO;ESCOLA DE ENSINO MEDIO JOAO ALVES MOREIRA;PRACA CONEGO DEMETRIO ELIZEU DE LIMA
ARACATI;8;23;CENTRO;COLEGIO MARISTA DE ARACATI;PRAÇA SÃO MARCELINO CHAMPAGNAT, 1
FORTALEZA;82;471;SÃO GERARDO;CEJA PAULO FREIRE;RUA OLAVO BILAC, 1300
VÁRZEA ALEGRE;62;92;ZEZINHO COSTA;ESCOLA ESPECIALIZADA ELIZA GOMES CORREIA - APAE;RUA JOAO ALVES DE MENEZES 390
MARANGUAPE;4;611;OUTRA BANDA - MARANGUAPE;CEI DEPUTADO JOSÉ MÁRIO MOTA BARBOSA;RUA DA PRAÇA, S/N
MARANGUAPE;4;585;URUCARÁ - MARANGUAPE;EMEIEF LUIZ ALBANO DA COSTA;AVENIDA JOAQUIM LOPES DE ABREU, S/N
FORTALEZA;82;544;SÃO GERARDO;ESCOLA MUNICIPAL GUSTAVO BARROSO;RUA ERETIDES MARTINS, 26
PEDRA BRANCA;59;28;TROIA;ESCOLA DE ENSINO FUNDAMENTAL JUSTINO VIEIRA;FAZENDA CAMAROA
MORADA NOVA;47;194;GIRILANDIA;SINDICATO DOS TRABALHADORES RURAIS DE MORADA NOVA;RUA CEL TIBURCIO, 80
IPU;21;30;ALTO DA BOA VISTA;EMEB MONSENHOR GONÇALO DE OLIVEIRA LIMA;AV. JOSÉ CARVALHO DE ARAGÃO, 102
MADALENA;63;166;CENTRO;EEF ALFREDO ALMEIDA MACHADO;RUA PEDRO COSTA E SILVA, 99 - CENTRO
REDENÇÃO;52;28;DISTRITO DE ANTÔNIO DIOGO;CENTRO DE EDUCAÇÃO INFANTIL PEDRO FERNANDES COSTA;RUA TEREZA CRISTINA, S/N
ITAPIPOCA;17;464;VIOLETE;EEB JOSE LINS DE ALBUQUERQUE;RUA CRISTO REDENTOR
REDENÇÃO;52;194;BOA FÉ (SEDE);ESCOLA CORONEL VICENTE FERREIRA DO VALE;RUA CORONEL HONORATO GOMES
CRATO;27;282;NOVO HORIZONTE;ROTARY CLUBE DO CRATO;RUA ROTARY S/N, PARQUE FLORESTA
IBARETAMA;6;368;DISTRITO DE PIRANGI;EMEIF ANTÔNIO CANDIDO DE LIMA;TRAVESSIA - DISTRITO DE PIRANGI
TAUÁ;19;135;MARRECAS;EPG JESUS MARIA JOSE;VILA DE MARRECAS
FORTALEZA;114;115;ÁLVARO WEYNE;EMTI NOSSA SENHORA DE FÁTIMA (ANTIGA APOSTÓLICA/SEMINÁRIO);RUA SÍLVIO ROMERO 370
JARDIM;119;369;CENTRO;ESCOLA SENADOR CARLOS JEREISSATI;AVENIDA WILSON RORIZ
CASCAVEL;7;62;GUANACES;E.E.F. LUCIANO GALDINO MACIEL (BOA ÁGUA);RUA BÔA AGUA
FORTALEZA;114;11;JARDIM IRACEMA;EM JESUS CRISTO - CEI ANEXO;RUA ALBERTO FERREIRA 564
ITAPIPOCA;17;248;CACIMBAS;CENTRO EDUCACIONAL MARIA MAGALHAES VIANA AZEVEDO;RUA MOESIO LOIOLA S/N
BARREIRA;52;110;TORRE DE AÇO;ESCOLA CARLITO JACÓ;TORRE DE AÇO
OCARA;67;262;CENTRO-SEDE;ESCOLA ESTADUAL ALMIR PINTO;RUA CASSIANO CORREIA
CARNAUBAL;22;8;CENTRO;CENTRO DE SAUDE HORACIO FONTENELE SAMPAIO;R ANTONIO PINTO DE MELO 140
JUAZEIRO DO NORTE;119;116;ROMEIRAO;ESCOLA SESI/SENAI PADRE AZARIAS SOBREIRA;RUA JOSÉ MARROCOS, 2265
IBICUITINGA;47;244;CANINDEZINHO;EEB MANOEL ANTONIO DE FREITAS;CANINDEZINHO  - SEDE
FORTALEZA;116;7;GRANJA LISBOA;CAIC - MARIA ALVES CARIOCA;RUA GUARAREMA 690
JUAZEIRO DO NORTE;119;104;SANTA TEREZA;ESCOLA ADAUTO BEZERRA (SEGUNDO GRAU);CASTELO BRANCO SN
TAUÁ;19;176;MARRECAS;ESCOLA ANTONIO TORQUATO RODRIGUES;COCOCA
BREJO SANTO;70;241;CENTRO-SEDE;EEF PROFESSOR PEDRO GOMES DA SILVA BASILIO;RUA MANOEL ANTONIO CABRAL 489
PINDORETAMA;7;194;SITIO CORREIA;EMEB PEDRO RICARDO DA SILVA;SITIO CORREIA - PINDORETAMA
AMONTADA;89;141;VARJOTA;EEBTI ANTONIO DAMIÃO NETO;VARJOTA
GRANJA;25;141;SANTA TEREZINHA;E.E.F. FRANCISCA FONTENELE SOUSA BATISTA;RUA DONA MARIA SOUSA, S/N
FORTALEZA;85;297;ANTÔNIO BEZERRA;EEFM ANTONIO BEZERRA;RUA PADRE PERDIGAO SAMPAIO 780
SANTA QUITÉRIA;54;213;CENTRO;CRECHE GERACINA LÔBO DE MESQUITA;RUA MONSENHOR FURTADO, 474.
HORIZONTE;78;122;QUEIMADAS;EEM QUILOMBOLA ANTÔNIA RAMALHO DA SILVA;RUA MARIA JOSÉ NOGUEIRA, 2255 - QUEIMADAS
JUAZEIRO DO NORTE;119;216;FREI DAMIAO;EEMTI DOM DOM ANTONIO CAMPELO DE ARAGÃO (CAIC);RUA VEREADOR RAIMUNDO JOSÉ RODRIGUES DA SILVA, S/N
MARTINÓPOLE;25;111;CONJUNTO BENEDITO BARROS;E.E.M.T.I. PREF. DÁRIO CAMPOS FEIJÓ;RODOVIA CE, 362
TABULEIRO DO NORTE;91;92;OLHO D'ÁGUA DA BICA;EEMTI ANTONIO VIDAL MALVEIRA;OLHO D'ÁGUA DA BICA
FORTALEZA;118;471;PARQUE DOIS IRMÃOS;CEI FRANCISCA RODRIGUES DE SOUSA;RUA MAJOR TELÉSFORO S/N
PARAMBU;19;357;UMBUZEIRO;ESCOLA JOSÉ PEDRO DA SILVA;UMBUZEIRO
MORADA NOVA;47;242;BOA AGUA;CRECHE DO ASSENTAMENTO BOM JESUS;ASSENTAMENTO BOM JESUS
FORTALEZA;113;282;JARDIM AMÉRICA;EMEIF MOZART PINTO;RUA JORGE DUMMAR, 2078
MILAGRES;26;23;MISSIONÁRIAS;ESCOLA DONA ANTONIA LINDALVA DE MORAIS;RUA PALMERINDO MENDONCA S/N
ALTO SANTO;86;40;CENTRO;ESCOLA DE 1 GRAU URCESINA MOURA CANTIDIO;RUA CEL SIMPLICIO BEZERRA 8
CRUZ;30;114;ZONA RURAL;ESCOLA MACARIO JOSE DE FARIAS;PITOMBEIRAS
MOMBAÇA;46;142;CENTRO;E. E. F. M. ANANIAS DO AMARAL VIEIRA;RUA CORONEL JOSÉ ADERALDO SN
FORTALEZA;80;384;TAUAPE;COLÉGIO SHALON;RUA TIBÚRCIO FROTA, 1530 COM OSVALDO CRUZ
TAMBORIL;61;84;CENTRO;EMTI 4 DE OUTUBRO;RUA VICENTE ALVES DO VALE SN
BOA VIAGEM;63;147;TRAPIA DOS LOBOS;EEF FRANCISCO LOBO CAVALCANTE;TRAPIA DOS LOBOS
FORTALEZA;1;636;CAIS DO PORTO;EEFM - HELENITA MOTA;RUA AMANCIO FILOMENO,720
FORTALEZA;80;274;VILA UNIÃO;ESCOLA MUNICIPAL HAROLDO JORGE BRAUN VIEIRA;AV LAURO VIEIRA CHAVES, 2001
MASSAPÊ;45;27;ZONA RURAL;E.M.T.I FRANCISCO SEVERO DE ARAÚJO ;MUMBABA DE BAIXO
IPUEIRAS;40;125;BOA ESPERANÇA;EEF JOÃO BATISTA MOURÃO - BOA ESPERANÇA;BOA ESPERANÇA
ASSARÉ;18;82;SERRA DE SANTANA;ESCOLA DE ENSINO MÉDIO PATATIVA DO ASSARÉ;SÍTIO BONITA
ITAPIÚNA;105;132;DISTRITO DE CAIO PRADO;EEIEF CENTRO COMUNITARIO CÉSAR CALS;AV MANOEL FRANCELINO S/N
HORIZONTE;78;170;DISTRITO INDUSTRIAL;EMEF FRANCISCA GADELHA PIRES;AV PRESIDENTE CASTELO BRANCO, 7195
QUIXERAMOBIM;11;219;SAO MIGUEL;ESCOLA HORACIO XAVIER DO COUTO;VARZEA GRANDE
EUSÉBIO;88;174;CENTRO;ESCOLA EROTIDES MELO LIMA;RUA BLUMENAU, 158 - CENTRO
SOBRAL;121;46;CENTRO;EEM PROFESSOR ARRUDA;RUA CEL. MONT'ALVERNE, 570
JARDIM;119;301;CENTRO;ESCOLA DR. ROMAO SAMPAIO;RUA JOSE MARROCOS 240
APUIARÉS;50;1;SÃO FRANCISCO;EEF AÉCIO DE BORBA;RUA JACA PRAÍBA, 410
GRAÇA;79;148;CENTRO-SEDE;EEF PROF. MARIA DO AMPARO SOUSA;CONJ. HABITACIONAL 15 DE ABRIL
ACARAÚ;30;65;ZONA RURAL;ESCOLA MANOEL EDGAR DA SILVEIRA;CAUASSU
BARBALHA;31;25;ROSÁRIO;FACULDADE DE MEDICINA DE BARBALHA (UFCA);RUA DIVINO SALVADOR, 284
QUIXELÔ;13;219;ÁREA RURAL DE QUIXELÔ;ESCOLA DE ENS FUND MANOEL ALVES DE ARAÚJO;CARNAUBINHA - SITIO
MORADA NOVA;47;205;DOURADO;EEB LUIS JOAO DE SOUSA;SITIO DOURADO
CARIRIAÇU;71;73;FEITOSA;EEF JOSÉ SERAFIM DE OLIVEIRA;SITIO RIACHO SECO DO MEIO DE ZECA PEREIRA
PENTECOSTE;50;162;ZONA RURAL;EEIF PROF. PAULO FREIRE - ANEXO(MACACOS);MOCÓ
QUIXERAMOBIM;11;15;ENCANTADO;ESCOLA ALOISIO BARROS LEAL;VILA DE ENCANTADO
MORAÚJO;64;43;CENTRO;MORAÚJO - SECRETARIA MUNICIPAL DE SAÚDE;RUA ALEXANDRE CLARINDO, S/N, CENTRO
CEDRO;13;533;VÁRZEA DA CONCEIÇÃO;CAPELA NOSSA SENHORA DE FATIMA DO SITIO MUNDO NOVO;ST MUNDO NOVO
FORTALEZA;112;434;EDSON QUEIROZ;COLEGIO ARI DE SA CAVALCANTE WS;AV WASHINGTON SOARES, 3737
FORTALEZA;113;246;RODOLFO TEÓFILO;EEFM FÉLIX DE AZEVEDO;RUA MONSENHOR FURTADO, 757
SÃO BENEDITO;22;88;SEDE;ESCOLA DE ENSINO FUNDAMENTAL DOM COUTINHO;SITIO DO MEIO
JIJOCA DE JERICOACOARA;30;110;CENTRO;ESCOLA JOSE TEIXEIRA DE ALBUQUERQUE;RUA MARCAL DE SOUSA 851
FORTALEZA;80;389;FÁTIMA;EEM GOV. ADAUTO BEZERRA;RUA MONSENHOR LIBERATO, 1850
MARANGUAPE;4;147;PARQUE IRACEMA - MARANGUAPE;EMEF FRANCISCA GOMES FERNANDES VIEIRA;AVENIDA STENIO GOMES 872
JUCÁS;43;40;VILA JOSÉ BENTO - SEDE;ESCOLA DE ENSINO FUNDAMENTAL  AUREA LEAL;VILA JOSE BENTO 170
FORTALEZA;112;441;EDSON QUEIROZ;COLEGIO ARI DE SA CAVALCANTE WS;AV WASHINGTON SOARES, 3737
AQUIRAZ;66;128;JUSTINIANO DE SERPA;EMEF ISIDORO DE SOUSA ASSUNCAO (ABC);RUA RUFINO CORREIA DE ASSUNCAO S/N
AIUABA;101;11;CENTRO;EEM JOSÉ FERREIRA BARBOSA;RUA 7 DE SETEMBRO S/N
MARANGUAPE;4;543;PARQUE SÃO JOÃO - MARANGUAPE;EMEIEF FRANCISCO SARAIVA DE OLIVEIRA;RUA ANTONIO ALVES CAVALCANTE SN
MORADA NOVA;47;164;LAGOA GRANDE;EEB JOSE IRIS RABELO;LAGOA GRANDE
ITATIRA;33;291;DISTRITO DE LAGOA DO MATO;EMEF ANTONIO HONORATO;RUA PRINCESA ISABEL S/N
FORTALEZA;83;93;HENRIQUE JORGE;ESCOLA MUNICIPAL SANTA MARIA;RUA CUIABÁ 1465
FORTALEZA;85;257;ANTÔNIO BEZERRA;EEF PATRONATO DA SAGRADA FAMILIA;RUA MARTINS NETO 379
FORTALEZA;116;425;BOM JARDIM;EM RAIMUNDO MOREIRA SENA;RUA G, 93, CJ. NOVA RESIDENCIA
FORTALEZA;94;381;QUINTINO CUNHA;EEFM DOM HELDER CAMARA;RUA ROSINHA SAMPAIO 1157
FORTALEZA;116;326;GRANJA PORTUGAL;EEFM SAO FRANCISCO DE ASSIS - GRANJA PORTUGAL;RUA NEREIDE 320
CARIRÉ;65;26;CACIMBAS;ESCOLA E.I.E.F INÁCIA RODRIGUES MOREIRA;CACIMBAS
CARIRÉ;65;86;N.S. DE FÁTIMA;EEFTI PROFESSOR LUIS DE SENA DIAS;RUA CEFISA AGUIAR
TRAIRI;97;164;PURAO;EEF JONAS HENRIQUE DE AZEVEDO;PURAO
ITAPAJÉ;41;34;ESMERINO GOMES;EEEP ADRIANO NOBRE;RUA ODILON FERREIRA GOMES, 475.
ITAPAJÉ;41;52;CENTRO-SEDE;CENTRO INTERESCOLAR JOÃO TEIXEIRA SARAIVA;RUA JOSE PINTO CAVALCANTE 273
FORTALEZA;83;548;DEMOCRITO ROCHA;ESCOLA MUNICIPAL JOSÉ BONIFÁCIO DE SOUSA;RUA PERNAMBUCO 600
GRANJA;25;156;ADRIANOPOLES;E.E.F. FRANCISCA PORTELA;RUA PEDRO PORTELA, S/N
BOA VIAGEM;63;228;RECREIO;EEF PATRICIA FACUNDO CAMPOS;RUA JOSE VIEIRA COSTA,481-ALTO DO RECREIO
ARACATI;8;44;NOSSA SENHORA DE LOURDES;EEMTI. BENI CARVALHO;RUA BENI CARVALHO 1679
ARACATI;8;196;CUMBE;E.E.F. RAIMUNDO SILVERIO FILHO;SITIO CUMBE
BARBALHA;31;31;CENTRO;ETI DR. LYRIO CALLOU;RUA EDMUNDO DE SA SAMPAIO, 180
BEBERIBE;84;17;CENTRO;ESCOLA DE ENSINO FUNDAMENTAL E MEDIO ANA FACO;RUA VICENTE MATHIAS 119
RUSSAS;9;88;FLORES;ESCOLA DE ENSINO FUNDAMENTAL E MEDIO MARIA DE LOURDES DE OLIVEIRA;RUA JOSE SABINO MENDES 2313
FORTALEZA;85;149;CONJUNTO CEARÁ I;EEF GOVERNADOR FAUSTINO ALBUQUERQUE - UV1;RUA 143 N 155 - 1 ETAPA
MASSAPÊ;45;110;ZONA RURAL;EEF FRANCISCA DIOGO GOMES;DISTRITO DE SALGADINHO
MARANGUAPE;4;70;LAGES;EMEF ZILDA DE BARROS DE MEDEIROS;RUA SAMUEL BOTELHO DE SOUSA, 578
MARANGUAPE;4;35;CENTRO - MARANGUAPE;CVT MARANGUAPE;RUA WALTER LOPES, 149
DEPUTADO IRAPUAN PINHEIRO;55;127;CENTRO;SECRETARIA MUNICIPAL DE EDUCAÇÃO ;RUA ANTONIO ASSIS PINHEIRO, 145
QUIXELÔ;13;409;ÁREA RURAL DE QUIXELÔ;ESCOLA DE ENS FUND SENHORINHA MARIA NICOLAU;SITIO VARZEA REDONDA
INDEPENDÊNCIA;39;2;CENTRO;E.E.F. ABIGAIL ANTUNES MARQUES;RUA DO CRUZEIRO, 208
ACARAÚ;30;201;ZONA RURAL;ESCOLA JOAO RIBEIRO RAMOS;VILA PROGRESSO
SANTANA DO ACARAÚ;44;184;RETIRO;SINDICATO DOS TRABALHADORES RURAIS DE SANTANA;TRAVESSA DR JOSÉ MENDES, 461
RERIUTABA;79;17;AMANAIARA;E.E.F. DEPUTADO MANOEL RODRIGUES;DISTRITO DE AMANAIARA - CENTRO
FORTALEZA;118;649;PARQUE DOIS IRMÃOS;EM DOUTOR ABDENAGO DA ROCHA LIMA;RUA 114, 75 (CJ TUPAN MIRIM)
PORANGA;40;111;BURITIZAL;ESCOLA REUNIDA JOAQUIM ANTÔNIO FILHO - BURITIZAL;BURITIZAL
MARANGUAPE;4;60;CENTRO - MARANGUAPE;CEJA MANOEL SEVERO BARBOSA;RUA RAIMUNDO HERBSTER, 230
FORTALEZA;93;223;PREFEITO JOSÉ WALTER;CEI FRANCISCO SALES FERNANDES;AV K, S/N
ICÓ;15;157;CASCAVEL - SITIO;ESCOLA MUNICIPAL JOAQUIM MARTINS DO NASCIMENTO;SITIO CASCAVEL S/N
FORTALEZA;117;382;BOM JARDIM;PROJETO ALIANÇA COM CRISTO;RUA WALDEMAR PAES BRAGANÇA 1208
CARIÚS;43;198;SITIO XIXA;EEIF FRANCISCA CARVALHO DE SOUSA (ANTIGA RAIMUNDO GONCALVES DA COSTA);SITIO XIXÁ
FORTALEZA;118;633;PASSARÉ;EM PROFESSORA MARIA JOSÉ MACÁRIO COELHO;AVENIDA PASSARÉ, 530
PINDORETAMA;7;26;CENTRO-PINDORETAMA;EMEB FRANCISCA HOLANDA COSTA;RUA MARECHAL CASTELO BRANCO, 1074
CAPISTRANO;105;37;ZONA RURAL;ESCOLA CELESTINO PEDRO FERREIRA;LOCALIDADE DE CATOLÉ/CAMARÁ
FORTALEZA;83;477;PANAMERICANO;EEFM ANISIO TEIXEIRA;RUA RIO GRANDE DO SUL 680
BATURITÉ;5;243;CONSELHEIRO ESTELITA-SEDE;SECRETARIA DO DESENVOLVIMENTO ECONÔMICO E SOCIAL - SEDES (ANTIGO CSU);AV FRANCISCO BRAGA FILHO, SN
ITAPAJÉ;41;69;CAMARA;ESCOLA MUNICIPAL ANTONIO PINTO DE OLIVEIRA;DISTRITO DE CAMARÁ
BOA VIAGEM;63;222;BOAVIAGINHA;CEI - MARCOS JOSE CAVALCANTE SAMPAIO - ANTIGA CRECHE BOAVIAGINHA;RUA ANA CUNHA RAMOS, S/N
BEBERIBE;84;23;CENTRO;ESCOLA DE ENSINO FUNDAMENTAL E MEDIO ANA FACO;RUA VICENTE MATHIAS 119
SÃO LUÍS DO CURU;23;293;SWAT-SEDE;E.E.F. SABINO NUNES DA SILVA;RUA ROCHAEL MOREIRA, SN
VÁRZEA ALEGRE;62;105;DISTRITO DE RIACHO VERDE;EEF RAIMUNDO MENDES DE FREITAS;SÍTIO GANGORRA
FORTALEZA;95;344;BARROSO;EMEIEF OTAVIO DE FARIAS;RUA JOAO FERREIRA, S/N
MARACANAÚ;104;79;JEREISSATI II;EMEIEF GENCIANO GUERREIRO DE BRITO;AVENIDA XII, N 3
ARACATI;8;5;CENTRO;INSTITUTO SAO JOSE;RUA CEL ALEXANDRINO 563
FORTALEZA;113;245;RODOLFO TEÓFILO;EEFM FÉLIX DE AZEVEDO;RUA MONSENHOR FURTADO, 757
MONSENHOR TABOSA;61;112;CENTRO;E.E.M.T.I GOVERNADOR ADAUTO BEZERRA;RUA SAO SEBASTIÃO N 39 - PERTO DA CADEIA PÚBLICA
BEBERIBE;84;146;SEDE;ESCOLA MUNICIPAL EMIDIO PAULO DE ALMEIDA;PONTA DAGUA I
ARARENDÁ;48;180;CABELO DO NEGRO;E. E. F. JOSÉ ALVES DE SENA;LOCALIDADE DE CABELO DO NEGRO
QUITERIANÓPOLIS;99;81;SANTA CLARA;EEM MARIA JOSÉ COUTINHO;QUITERIANÓPOLIS- CE 075
FORTALEZA;83;4;ANTÔNIO BEZERRA;COLÉGIO DA POLÍCIA MILITAR DO CEARÁ GENERAL EDGARD FACÓ;AVENIDA MISTER HULL,  S/N - KM 1
FORTALEZA;95;116;CONJUNTO PALMEIRAS;EMEIEF PROFESSORA BERNADETE ORIÁ DE OLIVEIRA;RUA DR. CODES SANDOVAL 796
BARRO;92;72;SEDE;ESCOLA DE ENSINO BASICO SOLIDADE ANDRE;VILA SAO JOSE
ITAPAJÉ;41;114;CAMARA;ESCOLA MUNICIPAL ANTONIO PINTO DE OLIVEIRA;DISTRITO DE CAMARÁ
MARCO;96;166;ZONA RURAL;EEF FRANCISCO FROTA NEVES FILHO;LOCALIDADE DE DIAMANTE
PARACURU;109;48;CAMPO DE AVIAÇÃO;E. M. E. I. F. PROFESSORA MARIA ALBUQUERQUE LIMA - DINA;AV. SAO JOAO EVANGELISTA, 385
CARNAUBAL;22;236;SITIO SAO LUIS;ESCOLA DE PRIMEIRO GRAU PEDRO ANTONIO DE MELO;SITIO SAO LUIS
TIANGUÁ;81;39;LAURÃO;ESCOLA DE ENSINO MÉDIO TANCREDO NUNES DE MENEZES;RUA ASSEMBLÉIA DE DEUS, 1072
FORTALEZA;80;268;AEROPORTO;COLÉGIO JENNY GOMES;AV. BORGES DE MELO, 210
ICÓ;15;187;TRES BODEGAS - POVOADO;ESCOLA MUNICIPAL ANTONIO FERREIRA DE CARVALHO;RUA DIOMEDES ARRUDA TORRES, 111
BARBALHA;31;51;VILA SANTO ANTONIO;EEMTI VIRGILIO TAVORA;AV PAULO MAURICIO, 326
ARARIPE;68;81;DISTRITO ALAGOINHA;ESCOLA MUNICIPAL ANTONIO RODRIGUES DE LIMA - ALAGOINHA;RUA JOAO LUIZ RODRIGUES S/N - DISTRITO ALAGOINHA
ARARIPE;68;23;DISTRITO ALAGOINHA;ESCOLA MUNICIPAL ANTONIO RODRIGUES DE LIMA - ALAGOINHA;RUA JOAO LUIZ RODRIGUES S/N - DISTRITO ALAGOINHA
OCARA;67;189;SERRAGEM-DISTRITO;ESCOLA MUNICIPAL JOÃO PAULO SOBRINHO;AÇUDE SÃO JOSÉ - SERINGUEIRA
PINDORETAMA;7;228;COQUEIRO DO ALAGAMAR;EMEB MARIA NAIR DE VASCONCELOS;COQUEIRO DO ALAGAMAR - PINDORETAMA
RUSSAS;9;135;CORREGO DA CATITA;ASSOCIAÇÃO COMUNITÁRIA FRANCISCO PAZ FILHO;CÓRREGO DA CATITA
FORTALEZA;93;134;PREFEITO JOSÉ WALTER;COLEGIO VEGA;AVENIDA C, 160
JARDIM;119;343;FAZENDA NOVA;ESCOLA MUNICIPAL JOSE DA COSTA;POVOADO DE FAZENDA NOVA SN
SALITRE;38;79;ZONA RURAL, SALITRE/CE;E.E.I.F CIRILO LEITE DE ALENCAR - BARREIROS;BARREIROS
BARBALHA;31;150;MATA DOS LIMAS;EMEIF DIONÍSIO ROSS COELHO UCHOA;RUA P 01, S/N - SÍTIO MATA DOS LIMAS (7.26976 S, 39.32351 W)
ORÓS;15;293;SAO GERALDO - SEDE;E.E.F. MARIA EVANGELISTA CORREIA;RUA FRANCISCO MATEUS FILHO, 145
SALITRE;38;136;ZONA RURAL, SALITRE/CE;E.E.I.F FRANCISCO CEZÁRIO DA SILVA - SÍTIO RONCADOR;SÍTIO RONCADOR
FORTALEZA;95;140;JANGURUSSU;EMTI PROFESSOR ANTONIO GIRAO BARROSO;RUA VERDE 37, S/N (CJ SITIO SAO JOAO)
FORTALEZA;95;355;JANGURUSSU;CUCA JANGURUSSU;AV. GOVERNADOR LEONEL BRIZOLA, S/N
AMONTADA;89;182;SABIAGUABA;EEB FRANCISCO ESTEVÃO DE ASSIS;SABIAGUABA
FORTALEZA;82;116;CRISTO REDENTOR;CCDH - CENTRO DE CIDADANIA E DIR. HUMANOS - GOV. VIRGÍLIO TÁVORA;AV. MONSENHOR HELIO CAMPOS, 178
TAUÁ;19;52;COLIBRIS;ESCOLA DONDON FEITOSA;RUA JORNALISTA HELDER FEITOSA S/N
BATURITÉ;5;71;CENTRO-SEDE;EMEF DOMINGOS SAVIO;AV DOM BOSCO, 393
QUIXERAMOBIM;11;74;BELEM;ESCOLA GUILHERME CORREIA;BELEM
QUIXADÁ;6;457;PLANALTO RENASCER;EEFM RAIMUNDO MARQUES DE ALMEIDA (ESCOLA MODELO);RUA PARAGUAI, 2055
FORTALEZA;118;264;SERRINHA;EEFM PROFESSOR JADER MOREIRA DE CARVALHO;RUA PROFESSORA HELOISA FERREIRA LIMA, 420
FORTALEZA;93;163;MONDUBIM;EM JOAO HILDO DE CARVALHO FURTADO;RUA MIGUEL ARAGÃO, S/N ARACAPÉ
ALTO SANTO;86;13;BAIXA DA UMBURANA;ESCOLA DE 1 GRAU MANUEL NOGUEIRA COSTA;SITIO BAIXA DA UMBURANA
ACARAPE;52;152;SÃO BENEDITO;ESCOLA FRANCISCO ROCHA RAMOS;RUA FROTA GONCALVES, SN
ACARAÚ;30;62;ZONA RURAL;ESCOLA MARIA JOSÉ RAMOS;CAETITU
JUAZEIRO DO NORTE;119;136;NOVO JUAZEIRO;ESCOLA TIRADENTES;CASTELO BRANCO SN
FORTALEZA;80;399;FÁTIMA;EEM GOV. ADAUTO BEZERRA;RUA MONSENHOR LIBERATO, 1850
CAUCAIA;37;599;PARQUE SOLEDADE;EEIEF DANILO SÁ BENEVIDES MAGALHÃES;RUA JOÃO PAULO II, 137
FORTALEZA;82;185;MONTE CASTELO;EM LENIRA JUREMA DE MAGALHÃES;RUA TEÓFILO GURGEL, 111
MAURITI;76;122;PALESTINA DO CARIRI-DISTRITO;EEF ANTONIO GOMES;SITIO NOVO
ACARAÚ;30;293;ZONA RURAL;ESCOLA JOAQUIM JOSE RODRIGUES;BARRINHA DE CIMA
MARACANAÚ;122;124;SIQUEIRA (siqueira 2);EMEF FRANCISCO TABOZA FILHO;AV. JUSCELINO KUBITSCHEK 1941
AURORA;69;88;TIPI DE CIMA-SITIO;ASSOCIAÇÃO COMUNITÁRIA DOS AGRICULTORES FAMILIARES;SITIO FRANKILANDIA
SANTANA DO CARIRI;53;42;CENTRO;CREI MARIA LUIZA DE SOUSA;RUA DR. JOSE AUGUSTO, 508
PACATUBA;57;163;PAVUNA;ESCOLA DE 1 GRAU MARIA GUIOMAR BASTOS CAVALCANTE;RUA TOPAZIO, 331, VELHO TIMBO
ARARIPE;68;10;CENTRO;ESCOLA NIURA MARIA DE ALENCAR - SEDE;RUA ANTONIO HENRIQUE DE LIMA, S/N
BARREIRA;52;22;CÓRREGO;ESCOLA MANUEL LIBERATO DE CARVALHO;CÓRREGO
IPAUMIRIM;92;113;CENTRO-SEDE;E.E.M.T.I. DOM FRANCISCO DE ASSIS PIRES;RUA VEREADOR HIGINO DINIZ, 110
CATARINA;60;265;SEDE;CENTRO DE EDUCAÇÃO INFANTIL - CEI;RUA MANOEL TIBURCIO - VILA LAGOINHA
JUAZEIRO DO NORTE;28;186;SALESIANOS;EMEIF VEREADOR ANTONIO FERNANDES COIMBRA;FISCAL JOSE ISIDORO SN
AQUIRAZ;66;296;CENTRO;EMEF LAIS SIDRIM TARGINO;PRAÇA PADRE MATIAS  N 55
SANTANA DO CARIRI;53;58;DISTRITO DE INHUMAS;CRECHE MARIA ALAÍDE DE SOUSA;DISTRITO DE INHUMAS, SN
AMONTADA;89;157;NASCENTE;EEBTI RAIMUNDO GOMES GARCEZ;NASCENTE
CAUCAIA;120;305;PLANALTO CAUCAIA;E.E.F.M. VICENTE ARRUDA;RUA, 113 S/N - CIGANA
ARACOIABA;67;27;PLACIDO MARTINS-DISTRITO;ESCOLA MUNICIPAL ELIAS XAVIER NOGUEIRA;VARZEA QUEIMADA
AURORA;69;1;ARACA-SEDE;E.E.I.F. ROMAO SABIA;RUA PROJETADA  S/N
FORQUILHA;121;268;CACIMBINHA;EEFI CAP JOSE DIOGO DE SIQUEIRA;POVOADO DE CACIMBINHA
CAUCAIA;37;43;PARQUE SOLEDADE;COLEGIO JANUSA CORREA;RUA NOSSA SENHORA DOS PRAZERES, 238
CAUCAIA;37;218;IPARANA;E.E.F. ERBE TEIXEIRA FIRMEZA;AV. ULISSES GUIMARAES, S/N
CARIRÉ;65;50;ZONA RURAL;ESCOLA EIEF MANOEL FERNANDES BEZERRA;CAIÇARA
BARBALHA;31;61;CENTRO;ESCOLA BEM-ME-QUER;RUA PADRE IBIAPINA, 485
NOVO ORIENTE;99;32;CENTRO;EEM COELHO MASCARENHAS;RUA SAO JOSE S/N
CAUCAIA;37;570;CURICACA;E.E.F. EDSON DA MOTA CORREA;ESTRADA VELHA DO ICARAI, KM 02
FORTALEZA;113;268;RODOLFO TEÓFILO;FACULDADE DE ENFERMAGEM DA UFC;RUA ALEXANDRE BARAÚNA, 1115
TABULEIRO DO NORTE;91;139;CENTRO;EMEF NOSSA SENHORA DE FÁTIMA;RUA JOÃO FERREIRA BRAÚNA, 191
ICÓ;15;92;SEDE URBANA;ESCOLA MUNICIPAL MANOEL ANTONIO NUNES;RUA DO CRUZEIRO S/N
JUAZEIRO DO NORTE;28;343;SAO MIGUEL;CENTRO CEARENSE DE IDIOMAS - CCI;RUA QUINZE DE NOVEMBRO S.N.
ACOPIARA;60;69;CENTRO;EEF DR. HUGO DE GOUVEIA SOARES;RUA JOSE PAULINO, SN
IRAUÇUBA;41;6;GIL BASTOS;EMEF GIL BASTOS;RUA NOVA, S/N
POTIRETAMA;86;69;RIACHO SECO;ESCOLA DE 1 GRAU MARIA LEITE DA SILVA;ASSENTAMENTO RIACHO SECO
QUIXERÉ;29;215;SEDE;EEFM GOVERNADOR MANOEL DE CASTRO FILHO;RUA PADRE JOAQUIM DE MENEZES 1110
SÃO GONÇALO DO AMARANTE;36;316;PECEM-DISTRITO;ESCOLA DE ENSINO FUNDAMENTAL EUCLIDES PEREIRA GOMES;TRAVESSA MARCIONILIA SAMPAIO S/N
FORTALEZA;2;637;COAÇU;EEFM GOV LUIZ DE GONZAGA FONSECA MOTA;RUA SANTA ROSA, 407
CHORÓ;6;388;MARAVILHA;POSTO DE SAÚDE ESTEVAM DE SOUZA;BARREIRA BRANCA (SAQUINHO)
CAUCAIA;123;501;PARQUE GUADALAJARA (JUREMA);COLÉGIO PLENO DO CEARÁ - CPC;RUA PADRE ALFREDO NESI, 363 (ANTIGA RUA CAMPECHE )
FORTALEZA;118;548;BOA VISTA-CASTELÃO;EMEF ODILON GONZAGA BRAVEZA;AV. ALBERTO CRAVEIRO, 1480 C
JAGUARIBE;10;61;CENTRO;CENTRO SOCIAL MARIETA CALS;AV. OITO DE NOVEMBRO 280
ANTONINA DO NORTE;18;58;CENTRO;ESCOLA DE ENSINO FUNDAMENTAL 8 DE MAIO;RUA ANTONIO MOTA 50
OCARA;67;253;ARISCO DOS MARIANOS-DISTRITO;ESCOLA MUNICIPAL JOAQUIM FERREIRA DO VALE - ENSINO FUNDAMENTAL;CURRALINHO
FORTALEZA;83;653;HENRIQUE JORGE;EEMTI PROFESSOR PAULO FREIRE;AVENIDA SENADOR FERNANDES TÁVORA 1936
SÃO BENEDITO;22;60;SITIO SANTA TEREZA I;POSTO DE SAUDE SANTA TEREZA;SITIO SANTA TEREZA  I
BOA VIAGEM;63;261;BOAVIAGINHA;CEI - MARCOS JOSE CAVALCANTE SAMPAIO - ANTIGA CRECHE BOAVIAGINHA;RUA ANA CUNHA RAMOS, S/N
FORTALEZA;113;425;MONTESE;ESCOLA MUNICIPAL VICENTE FIALHO;RUA IRMA BAZET, 193
FORTALEZA;2;164;MESSEJANA;COLÉGIO PAIVA ANDRADE;RUA INÁCIO MOREIRA, 133
ICÓ;15;62;ICOZINHO - DISTRITO;EMTIH - FRANCISCO ALBENIR DUARTE;RUA SAO VICENTE S/N
FORTALEZA;112;463;EDSON QUEIROZ;UNIVERSIDADE DE FORTALEZA - UNIFOR;AVENIDA WASHINGTON SOARES, 1321
FORTALEZA;112;535;SAPIRANGA-COITÉ;EM PROF MONTEIRO DE MORAES;AVENIDA EVILASIO ALMEIDA MIRANDA, 1608
IPU;21;41;SEDE;EEMTI AUTON ARAGAO;PCA SAO SEBASTIAO 1029 CENTRO
SOBRAL;24;508;JORDÃO;ANEXO RAIMUNDO DO CARMO ARRUDA (SITIO SANTANA);SÍTIO SANTANA
FORTALEZA;83;790;DOM LUSTOSA;ESCOLA MUNICIPAL MURILO SERPA;RUA MONSENHOR HIPOLITO BRASIL 1400
ALTANEIRA;53;2;CENTRO;EMEF JOAQUIM RUFINO DE OLIVEIRA;RUA PADRE AGAMENON COELHO, 202
MOMBAÇA;46;20;PAES DE ANDRADE;CRECHE MANOEL BATISTA ALVES;AV. ANTONIO JAIME BENEVIDES FILHO S/N
HIDROLÂNDIA;54;210;POVOADO RIACHO VERDE;ESCOLA MUNICIPAL ANTONIO DANIEL MARTINS;POVOADO DE RIACHO VERDE
FORTALEZA;112;145;JARDIM DAS OLIVEIRAS;EEFM D. LUIZA TÁVORA - PRÓ MORAR;RUA FREI CANECA, 379
PEREIRO;10;164;SITIO TRINDADE;ESCOLA MIGUEL JOAO DE OLIVEIRA;SITIO TRINDADE
MORADA NOVA;47;137;2 DE AGOSTO;CEI MARIA ROSALINA LOPES;RUA PEDRO COUTINHO DA SILVA
IPU;21;174;SEDE;E.M.E.F. MARIA LAURA SAMPAIO;RUA FELIX CANDIDO 857 - ALTO DOS 14
MORRINHOS;44;89;CENTRO;PREFEITURA MUNICIPAL DE MORRINHOS;RUA JOSE IBIAPINA S/N
BATURITÉ;5;48;LAJES-SEDE;EMEF DIOMEDES MARINHO;RUA ROSÁRIO DE FÁTIMA, S/N
BARBALHA;31;99;VILA SANTO ANTONIO;EEF RAUL COELHO DE ALENCAR (CIROLÂNDIA);RUA JOSÉ COELHO CORREIA, 303
JUAZEIRO DO NORTE;28;2;CENTRO;BIBLIOTECA PÚBLICA MUNICIPAL DR. POSSIDÔNIO DA SILVA BEM;RUA SANTO AGOSTINHO, 300
CARIDADE;111;69;CENTRO;EEFM CASEMIRO BEZERRA DE ARAUJO;RUA CEL FRANCISCO LINHARES 496
PACOTI;5;196;SITIO AREIAS;CRECHE GENTE INOCENTE (AREIAS);SITIO AREIAS
MARANGUAPE;4;632;NOVO MARANGUAPE I (ÁREA VERDE) - MARANGUAPE;EEFM CAIC SENADOR CARLOS JEREISSATI;RUA ANTONIO TEIXEIRA, S/N
MULUNGU;5;137;CENTRO-SEDE;EEMTI PROFESSOR MILTON FACANHA ABREU;PRACA COLETOR BEZERRA BORGES 292
INDEPENDÊNCIA;39;214;COHAB;CAPS - CENTRO DE ATENÇÃO PSICOSSOCIAL;RUA BOA VISTA SN COHAB
ITAPIÚNA;105;163;ZONA RURAL;EEIEF PADRE MIGUEL DE JESUS ALVES;BARRA NOVA
BARBALHA;31;80;MALVINAS;EEF MARIA VALQUIRIA TELES MOREIRA (MALVINAS);PRAÇA RUA P10 COM AV LUIZ GONZAGA - MALVINAS (7.30233 S, 39.27896 W)
CHAVAL;108;29;DISTRITO PASSAGEM DOS VAZ;EEF MONSENHOR CARNEIRO;DISTRITO PASSAGEM DOS VAZ
QUIXADÁ;6;463;CARRASCAL;EEF ROSA BAQUIT;RUA DR. EVANDRO CARNEIRO MARTINS FILHO, S/N
MARACANAÚ;122;176;SANTO ANTONIO;EMIEB DO POVO PITAGUARI (COMUNIDADE INDÍGENA);RUA JOSE HENRIQUE DA SILVA 9997 SANTO ANTONIO DO PITAGUARY
AQUIRAZ;66;35;TUPUIU;EMEF FRANCISCO DA SILVA SAMPAIO;ESTRADA DO FIO TELEGRAFO
SÃO BENEDITO;22;110;BARREIROS;EEF JOAO BATISTA SALUSTIANO DE AGUIAR;BARREIROS
FORTALEZA;83;724;HENRIQUE JORGE;EDUCANDARIO FELIPE DOS SANTOS;RUA TERESINA 313
FORTALEZA;83;764;JOÃO XXIII;ESCOLA UMA JANELA PARA O MUNDO;RUA JULIO BRAGA, 1014
MARACANAÚ;104;338;TIMBÓ;EMEF ADAUTO FERREIRA LIMA;AVENIDA CONTORNO LESTE, S/N
AQUIRAZ;66;78;TAPUIO;CENTRO DE EDUCAÇÃO E CIDADANIA MARIA DE CASTRO BERNARDO;RUA JOSE ADAMOR ABREU, S/N - DISTRITO JOAO DE CASTRO
MARTINÓPOLE;25;67;CENTRO;E.E.F.T.I. CHICO MUNDOCA;RUA 07 DE SETEMBRO, N 902
SÃO BENEDITO;22;76;SITIO PEDRA DE COCO I;EEF PEDRA DE COCO I;SITIO PEDRA DE COCO  I
SENADOR POMPEU;12;53;BRASILIA;SECRETARIA DO TRABALHO E ASSISTÊNCIA SOCIAL (ANTIGO CSU);RUA FRANCISCO LEANDRO S/N
MORADA NOVA;47;187;ROLDAO;EEB JOSE NOGUEIRA DE QUEIROZ;EXTREMA
CAUCAIA;37;561;PARQUE LEBLON;EEIEF PEDRO LAURINO DE OLIVEIRA;RUA FILGUEIRAS SAMPAIO, S/N
PARACURU;109;15;SAO PEDRO;E. M. E. I. F. EZEQUIEL VICENTE DA COSTA;AV GERALDO CIRIACO, S/N
CRUZ;30;260;ZONA RURAL;ESCOLA SANTA CECILIA;AROEIRA
QUIXADÁ;6;228;TRIÂNGULO;UNIPLAN;AVENIDA PLÁCIDO CASTELO, 2586
JUAZEIRO DO NORTE;28;331;SALESIANOS;EEF JOSE GERALDO DA CRUZ;DO ROSARIO 622
JUAZEIRO DO NORTE;28;179;SAO MIGUEL;EEF TABELIAO VICENTE PEREIRA DA SILVA;DOUTOR FLORO BARTOLOMEU 1203
JUAZEIRO DO NORTE;28;278;SAO MIGUEL;CEJA PROFA. CÍCERA G. CORREIA;DO CRUZEIRO 1440
JUAZEIRO DO NORTE;28;300;HORTO;EMEFTI VEREADOR FRANCISCO BARBOSA DA SILVA;RUA BOM JESUS DO HORTO
ICAPUÍ;8;144;QUITERIAS;CENTRO CULTURAL PRAIA DE QUITÉRIAS;PRAIA DE QUITERIAS
FORTALEZA;83;734;PICI;EEEP JÚLIA GIFFONI;RUA CORONEL MATOS DOURADO 1349
AIUABA;101;3;CENTRO;EEM JOSÉ FERREIRA BARBOSA;RUA 7 DE SETEMBRO S/N
MISSÃO VELHA;16;52;SEDE;SECRETARIA DE TRABALHO E ASSISTÊNCIA SOCIAL (ANTIGO CSU);RUA PADRE CICERO, 204. CENTRO.
QUIXADÁ;6;1;CUSTÓDIO;POSTO DE SAUDE EFIGENIO LINO;JATOBA, S/N
JIJOCA DE JERICOACOARA;30;227;CENTRO;ESCOLA SENADOR CARLOS JEREISSATE;RUA MINAS GERAIS S/N
SOBRAL;121;152;CENTRO;CEJA - CENTRO DE EDUCACAO DE JOVENS E ADULTOS CECI CIALDINI;RUA ORIANO MENDES, 455
VIÇOSA DO CEARÁ;35;47;ZONA RURAL;E.E.F JOÃO EUCLIDES DE MORAIS;VILA JUA DOS VIEIRAS SN
MARACANAÚ;104;306;JARDIM BANDEIRANTES;EMEF EVANDRO AYRES DE MOURA;RUA SÃO SEBASTIÃO, 341
TAUÁ;19;199;ALTO BRILHANTE;EEF JOAQUIM PIMENTA;AV JOSE VALDEMAR REGO 585
BELA CRUZ;96;173;CORREGO GRANDE-SEDE;EMETI FRANCISCO ADEODATO MORAIS;RUA DEPUTADO MANOEL RODRIGUES, S/N
MARACANAÚ;122;76;ACARACUZINHO;EEFM JOSE MILTON DE VASCONCELOS DIAS;AV. CENTRAL S/N
SALITRE;38;159;ZONA RURAL, SALITRE/CE;E.E.I.F CICERO RAIMUNDO DE ALENCAR - SÍTIO OLHO D'ÁGUA;SÍTIO OLHO D'AGUA
MARANGUAPE;4;137;TANQUES;EMEIEF DR. CÉSAR CAMPELO;RUA JOÃO DE HOLANDA CAVALCANTE
MARANGUAPE;4;541;LADEIRA GRANDE;EMEIEF FRANCISCA ROCHA MAGALHÃES;AVENIDA ALCEBÍADES RODRIGUES BARRETO SN
TAMBORIL;61;38;CENTRO;EMEF GENERAL SAMPAIO;RUA FRANCISCO MARTINS DE HOLANDA, 75
BEBERIBE;84;173;MORRO BRANCO;ESCOLA MUNICIPAL JOSE BESSA;MORRO BRANCO
IPU;21;153;REINO DE FRANCA;EEF TERESA ODETE - CEJA;RUA CEL FELIX 600 - REINO DE FRANCA
ACARAÚ;30;1;CENTRO;LICEU DE ACARAÚ - ESCOLA MARIA ALICE RAMOS;CENTRO
FORTALEZA;85;343;CONJUNTO CEARÁ I;EMTI PROF PRISCO BEZERRA;AVENIDA F , 174
QUIXADÁ;6;35;CAMPO VELHO;EEF BENIGNO BEZERRA;RUA PAULO SOARES VIANA, 173
SOBRAL;121;124;CENTRO;SAAE - SERVIÇO AUTÔNOMO DE ÁGUA E ESGOTO - SOBRAL;RUA DR. MONTE, 563
AIUABA;101;82;BELA VISTA;GRUPO ESCOLAR OTONIO ANDRADE;RUA MARIA PASTORA DE ANDRADE, S/N
QUIXADÁ;6;370;CALIFÓRNIA;EEF FRANCISCA TEIXEIRA;CALIFÓRNIA - SEDE
CARIDADE;111;68;CENTRO;EEFM CASEMIRO BEZERRA DE ARAUJO;RUA CEL FRANCISCO LINHARES 496
MARACANAÚ;122;67;HORTO;EEF CARNEIRO DE MENDONCA;RUA PROFESSOR JOSE HENRIQUE DA SILVA 4891
QUIXERAMOBIM;11;196;JOSE AURELIO CAMARA;ESCOLA CEL VIRGILIO TAVORA- CIDADE;RUA FAUSTO COSTA 180
RUSSAS;9;113;CENTRO;ESCOLA DE ENSINO FUNDAMENTAL CORONEL MURILO SERPA;TRAVESSA SEBASTIAO SANTIAGO LIMA 160
MARACANAÚ;104;142;JEREISSATI I;EMEIEF DEPUTADO JOSÉ MARTINS RODRIGUES;RUA QUARENTA A, 287
UBAJARA;73;166;SITIO TABOCA;ESCOLA MADALENA HOLANDA SOARES;RODOVIA ESTADUAL CE 187 - SITIO TABOCA
FORTALEZA;82;117;CRISTO REDENTOR;CCDH - CENTRO DE CIDADANIA E DIR. HUMANOS - GOV. VIRGÍLIO TÁVORA;AV. MONSENHOR HELIO CAMPOS, 178
FORQUILHA;121;193;EDMUNDO RODRIGUES;EEFI FRANCISCO FIGUEIREDO DE PAULA PESSOA;R MARIA DE NAZARE DA SILVA SN
MARANGUAPE;4;72;CAJUEIRO - TANQUES;EMEIEF ANTÕNIO JANUÁRIO DE OLIVEIRA;CAJUEIRO
MARANGUAPE;4;620;GUABIRABA - MARANGUAPE;CEI ISAURINHA DIÓGENES;RUA NAPOLEÃO LIMA, 780
JUCÁS;43;77;SÃO PEDRO DO NORTE - VILA;ESCOLA DE 1 GRAU DOM JOSE MAURO;RUA JOSE NORBERTO DE SOUSA S/N
JUAZEIRO DO NORTE;119;185;TIMBAUBA;ESCOLA ANTONIO BEZERRA MONTEIRO;SEBASTIAO CAVALCANTE SN
ARACATI;8;78;MAJORLANDIA;E.E.F. ANTONIETA CALS;RUA DR. JESAMAR, S/N.
FORTALEZA;113;9;BENFICA;FEAAC - UFC;AV. DA UNIVERSIDADE, 2431
PALHANO;9;183;PEDRA BRANCA;UNIDADE BÁSICA DE SAÚDE DE PEDRA BRANCA MARIA SINHÁ DA SILVA;PEDRA BRANCA
ICÓ;15;56;ICOZINHO - DISTRITO;EMTIH - FRANCISCO ALBENIR DUARTE;RUA SAO VICENTE S/N
ACARAPE;52;40;CENTRO;ESCOLA JOSÉ NEVES DE CASTRO;RUA CHICO VIEIRA, SN
TRAIRI;97;143;PORTEIRAS;EEF ANASTACIO PEREIRA BRAGA;PORTEIRA
ITATIRA;33;256;ZONA RURAL;EMEF ANTONIO UMBELINO;LOCALIDADE CACHOEIRA DO UMBELINO
ICAPUÍ;8;153;MELANCIAS DE BAIXO;ESCOLA DE 1 GRAU PROFA MARIA EDILCE BARBOSA;MELANCIAS DE BAIXO
JUCÁS;43;61;MEL - VILA;ESCOLA DE 1 GRAU ANTONIO JOSE DE MELO;RUA ANTONIO JOSE DE MELO S/N
CARIRIAÇU;71;16;CENTRO;EEM PLÁCIDO ADERALDO CASTELO;RUA CARLOS MORAIS 752
RUSSAS;9;89;FLORES;ESCOLA DE ENSINO FUNDAMENTAL E MEDIO MARIA DE LOURDES DE OLIVEIRA;RUA JOSE SABINO MENDES 2313
FORTALEZA;116;153;BOM JARDIM;EM SEBASTIAO DE ABREU;RUA GERALDO BARBOSA 1065
TIANGUÁ;81;80;ARAPÁ;CENTRO EDUCACIONAL PROFESSOR OSVALDO NOGUEIRA LIMA - CEPON;RUA QUINTINO MARQUES, S/N - DISTRITO ARAPÁ
CATUNDA;54;237;POVOADO BOM TEMPO;E. E. F. JOAQUIM LOURENÇO;POVOADO DE BOM TEMPO
AMONTADA;89;199;ICARAÍ;SALÃO COMUNITARIO TEOFILO CECILIO;CÓRREGO JOÃO LUÍS
FORTALEZA;82;247;CARLITO PAMPLONA;EM HILBERTO SILVA;AV. PRESIDENTE CASTELO BRANCO, 2973
SANTA QUITÉRIA;54;89;DISTRITO DE MACARAÚ;E.E.F. SALUSTIANO PINTO;RUA CEL. JOAQUIM DOS SANTOS, 65
ORÓS;15;313;DNOCS - SEDE;E.E.F. JUSCELINO KUBITSCHEK DE OLIVEIRA;RUA MARIA RAIMUNDA DA SILVA, S/N, ACAMPAMENTO A
CRUZ;30;106;CENTRO;ESCOLA MARIA PEREIRA BRANDAO;RUA VEREADOR MUNDICO MARTINS 642
FORTALEZA;82;194;MONTE CASTELO;CENTRO EDUCACIONAL SÃO MATEUS;AV. SARGENTO HERMÍNIO SAMPAIO, 2440
MASSAPÊ;45;37;ZONA RURAL;GM FRANCISCO ALMEIDA MONTE;POVOADO DE TUINA
FORTALEZA;85;196;CONJUNTO CEARÁ I;ESCOLA JOÃO PAULO II;AV C N. 1381 2 ETAPA
QUIXADÁ;6;10;CIPÓ DOS ANJOS;EEF DE ALÍVIO;ALÍVIO DOS CANCÕES, S/N
PINDORETAMA;7;241;SEDE;EMEB PROFESSORA VERÔNICA PEREIRA DE ARAÚJO;RODOVIA CE-040, S/N, PINDORETAMA
TAUÁ;19;116;INHAMUNS;ESCOLA JOSÉ CAÇULA PEDROSA (ANTIGA E.E.F.M. ABRAHÃO SCARCELA);VERA CRUZ
FORTALEZA;80;151;VILA UNIÃO;EEFM CEL PROF JOSÉ AURÉLIO CÂMARA;RUA JORGE ACURCIO, 655
EUSÉBIO;88;109;CENTRO;ESCOLA DE FORMAÇÃO DOCENTE (NEUSA);RUA IRMA AMBROSINA, 266 - CENTRO
IPUEIRAS;40;136;SANTA MARIA;EEF PAPA PAULO VI - SANTA MARIA;SANTA MARIA
BARROQUINHA;108;78;CENTRO;EEF FRANCISCO BENÍCIO DE VASCONCELOS;AV. MARIA DIAMANTINA VERAS S/N
INDEPENDÊNCIA;39;19;CENTRO;GRUPO ESCOLAR JERONIMO ALVES DE ARAUJO;RUA SANTA TERESINHA S/N
SANTANA DO ACARAÚ;44;69;ZONA RURAL;SALÃO COMUNITÁRIO DOS PEQUENOS PRODUTORES DE RIACHO DO MEIO;RIACHO DO MEIO
DEPUTADO IRAPUAN PINHEIRO;55;128;SITIO BAIXIO;ESCOLA DE ENSINO BASICO JOAO BATISTA DA SILVA;RUA ANTONIO DIAS DOS SANTOS
MARANGUAPE;4;108;TANQUES;CENTRO DE APOIO DA COMUNIDADE DE RETIRO;RETIRO - TANQUES
BAIXIO;92;86;CENTRO - SEDE;E.E.M.T.I. MONSENHOR HORACIO TEIXEIRA;RUA MARIA DA GLORIA S/N
BELA CRUZ;96;88;SAO GONCALO-LOCALIDADE;EEMTI PROFESSORA THEOLINA DE MURYLLO ZACAS;LOCALIDADE SÃO GONÇALO
IPU;21;60;DISTRITO;E.M.E.F. ANTONIO FERREIRA LIMA;MATO GROSSO
SANTANA DO CARIRI;53;44;CENTRO;EMEIEF ESCRITORA RAQUEL DE QUEIROZ;LARGO LAURO SOBREIRA, SN
CATARINA;60;223;VILA NOVA - SEDE;CENTRO REF.DA ASSIST. SOCIAL - CRAS;RUA OSTERNO FEITOSA
FORTALEZA;117;224;SIQUEIRA;EEFM SENADOR OSIRES PONTES;RUA DIVINA 150
FORTALEZA;112;469;EDSON QUEIROZ;UNIVERSIDADE DE FORTALEZA - UNIFOR;AVENIDA WASHINGTON SOARES, 1321
FORTALEZA;83;54;DEMOCRITO ROCHA;ESCOLA MUNICIPAL PAULO SARASATE;RUA PEDRO MUNIZ 250
FORTALEZA;82;29;SÃO GERARDO;SECRETARIA DO DESENVOLVIMENTO AGRÁRIO (SDA) DO ESTADO DO CEARÁ;AV. BEZERRA DE MENEZES, 1820
TURURU;17;628;CEMOABA / ZONA RURAL;EMEF MARIA LUNGA MOREIRA;RUA PRINCIPAL
MARANGUAPE;4;547;COITÉ - MARANGUAPE;EMEF CÔNEGO HEITOR VIEIRA CAVALCANTE;RUA MARIA EFIGÊNIA CAMPOS TELES, 985
QUIXADÁ;6;246;JUATAMA;EEF RENATO DE ARAÚJO CARNEIRO;RUA FRANCISCO MOREIRA DE SOUZA,1324
BAIXIO;92;77;CENTRO - SEDE;E.E.I.F. ANTONIO ALVES DE FARIAS;AVENIDA ANTÔNIO FERREIRA DE LIMA, 300
MARACANAÚ;122;130;JAÇANAÚ;EMEIEF FRANCISCO ANTONIO FONTENELE;RUA NOE SALES BEZERRA S/N
ARACATI;8;192;NOSSA SENHORA DE LOURDES;EEMTI. BENI CARVALHO;RUA BENI CARVALHO 1679
FORTALEZA;117;261;SIQUEIRA;EEFM PAULO ELPIDIO;RUA PROF MANOEL DE CASTRO 1202
FORTALEZA;117;375;BOM JARDIM;ESCOLA MUNICIPAL HERBERT DE SOUSA;RUA URUCUTUBA 1599
ACARAPE;52;157;CANTAGALO;ESCOLA ANACLETO CARLOS CAVALCANTE;CANTAGALO
FORTALEZA;85;337;GENIBAÚ;ESCOLA MUNICIPAL DEP JOAO FREDERICO FERREIRA GOMES;RUA JOSE MENDONCA 1160
TAUÁ;19;419;ALDEOTA;ESCOLA PROFISSIONALIZANTE MONSENHOR ODORICO;AV CHERMONT ALVES, S/N
MARCO;96;168;ZONA RURAL;EEF GUY NEVES OSTERNO;LOCALIDADE LAGOA JOAO DE SA
QUIXERAMOBIM;11;200;DAMIAO CARNEIRO;ESCOLA CEL VIRGILIO TAVORA- ALGODOES;ALGODOES
BATURITÉ;5;44;CANDEIA SAO SEBASTIAO-POVOADO;EMEF CAPITAO PORFIRIO RODRIGUES DE SOUZA;RUA IRMA ROBUSTINA SN
CHOROZINHO;49;203;NOVO HORIZONTE;EEF JOAQUIM ANGELINO DA SILVA;LOCALIDADE NOVO HORIZONTE
ASSARÉ;18;53;CENTRO;ESCOLA PROFESSORA. BATISTINA BRAGA;RUA DR PAIVA VILA MOTA SN
SÃO LUÍS DO CURU;23;334;COLONOS-POVOADO;E.E.F. PROFESSOR JUPI MARTINS;NUCLEO H - COLONOS POVOADO
CAUCAIA;37;117;GUAGIRU;E.E.F. ALBA PESSOA DA SILVA;RUA SAO MIGUEL, 105
BARRO;92;73;SEDE;ESCOLA DE ENSINO BASICO SOLIDADE ANDRE;VILA SAO JOSE
FORTALEZA;85;342;GENIBAÚ;ESCOLA MUNICIPAL DEP JOAO FREDERICO FERREIRA GOMES;RUA JOSE MENDONCA 1160
QUIXADÁ;6;234;CENTRO;CENTRO UNIVERSITÁRIO CATÓLICA DE QUIXADÁ - UNICATÓLICA;AVENIDA PLÁCIDO CASTELO, S/N
CARNAUBAL;22;7;CENTRO;EEF JOAQUIM BASTOS GONCALVES;R JOAO FELICIO 91
EUSÉBIO;88;84;CENTRO;EEM ANA BEZERRA DE SA;AV AIRTON SENA, 130 - CENTRO
MULUNGU;5;127;CENTRO-SEDE;EMEF HERMENEGILDO ROCHA PONTES;RUA SANTA INES S/N
SENADOR SÁ;45;74;ZONA RURAL;EEF ZILDA OLIVEIRA AGUIAR;DISTRITO DE SERROTA
ITAPAJÉ;41;105;SANTA CRUZ;ESCOLA MUNICIPAL JULIO PINHEIRO BASTOS;AV DR PRAXEDES BASTOS SN
FORTALEZA;85;211;GENIBAÚ;ESCOLA MUNICIPAL PROF AMERICO BARREIRA;RUA RICARDO PONTES 529
TIANGUÁ;81;34;CENTRO;INSTITUTO EDUCACIONAL DE TIANGUÁ - IET;PRAÇA MONSENHOR MACEDO, 60
FORTALEZA;80;296;VILA UNIÃO;ESCOLA MUNICIPAL PAPA JOÃO XXIII;AV TREZE DE ABRIL, 545
FORTALEZA;118;582;DIAS MACEDO;EEFM ANTÔNIO DIAS MACEDO;AV PEDRO DANTAS 340
CANINDÉ;33;43;IMACULADA CONCEIÇÃO;COLÉGIO SANTA CLARA (PARTICULAR);RUA DR. GERONCIO BRIGIDO, 297
GRANJA;25;64;PARAZINHO;E.E.F. ESMERINO ARRUDA FILHO;RUA JOSE MARTINS, S/N
QUIXADÁ;6;97;CALIFÓRNIA;EEF FRANCISCA TEIXEIRA;CALIFÓRNIA - SEDE
TAUÁ;19;196;INHAMUNS;EPG ANA ROSA DO BONFIM;ZACARIAS
TAUÁ;19;73;CIDADE NOVA/SEDE;EPG TEREZA ARAGAO SERRA;RUA EUFRASIO ALVES DE OLIVEIRA 13                 NOVA ALDEOTA
SÃO GONÇALO DO AMARANTE;36;329;TAIBA-DISTRITO;ESCOLA DE EDUCAÇÃO BÁSICA PROFª ALBA HERCULANO ARAÚJO;RUA CAPITAO INACIO PRATA SN -TAÍBA
ICÓ;15;17;CENTRO - SEDE;EEM - VIVINA MONTEIRO;RUA DR INACIO DIAS S/N
FORTALEZA;94;847;QUINTINO CUNHA;EEMTI MARIA JOSÉ SANTOS FERREIRA GOMES (CERE);RUA DONA LUCIA PINHEIRO, 93
MILAGRES;26;18;MISSIONÁRIAS;CENTRO SOCIAL URBANO;AV LACORDAIRE FERREIRA LINS S/N
BARRO;92;60;CENTRO-SEDE;ESCOLA DE ENSINO BASICO MAURO SAMPAIO;RUA MAJOR JANUARIO S/N
MAURITI;76;28;CENTRO;EEM ANDRÉ CARTAXO;RUA CHAGAS SAMPAIO, S/N
FORTALEZA;82;631;CRISTO REDENTOR;EEMTI LIONS JANGADA;RUA CAMÉLIA, 352
PACAJUS;49;387;ALDEIA PARQUE;EEF ALICE FERNANDES LOPES;RUA JOSÉ DOS SANTOS GIRÃO OLIVEIRA SN
CAUCAIA;37;246;CUMBUCO;E.E.F. HELENA DE AGUIAR DIAS;AV DOS COQUEIROS, S/N
ORÓS;15;285;IGAROI - DISTRITO;E.E.F. OTILIO RUFINO DE LIMA;RUA NOSSA SRA DAS GRAÇAS, 200
ITATIRA;33;460;LOCALIDADE SAO GONÇALO;EEF JOSÉ PEREIRA SOBRINHO;SÃO GONÇALO,
SENADOR POMPEU;12;156;SEDE;EEEP PROFESSOR JOSE AUGUSTO TORRES;PLANALTO INDUSTRIAL - BR 226
MARANGUAPE;4;569;PARQUE IRACEMA - MARANGUAPE;EEMTI ANCHIETA;RUA ANTÕNIO GOMES BESSA, 60
CRUZ;30;80;PREA;ESCOLA LEOPOLDO MANOEL DE MEDEIROS;PREA
MARACANAÚ;122;83;INDUSTRIAL;EMEIEF CORONEL ADAUTO BEZERRA (ANTIGO WALMIKI);AV. CONTORNO SUL, S/N
FORTALEZA;93;224;PREFEITO JOSÉ WALTER;CEI FRANCISCO SALES FERNANDES;AV K, S/N
FORTALEZA;82;650;CRISTO REDENTOR;ESCOLA MUNICIPAL SEBASTIANA ALDIGUERI;AV. DOUTOR THEBERGE, 448
MONSENHOR TABOSA;61;128;ESPIRITO SANTO;EMEIF LEOCADIO SAMPAIO RODRIGUES;POVOADO DE ESPIRITO SANTO MONSENHOR TABOSA
ICÓ;15;151;FORQUILHA DOS BATISTAS - SITIO;ESCOLA MUNICIPAL JUVENCIO BATISTA;SITIO FORQUILHA DOS BATISTAS S/N
QUIXADÁ;6;366;PLANALTO RENASCER;EEFM RAIMUNDO MARQUES DE ALMEIDA (ESCOLA MODELO);RUA PARAGUAI, 2055
CARIRIAÇU;71;27;PARAÍSO;EEM SÃO PEDRO;RUA LUIZ BEZERRA 325
TIANGUÁ;81;62;SEMINÁRIO;FACULDADE VIA SAPIENS;AVENIDA PREFEITO JACQUES NUNES, 1739
BARBALHA;31;50;VILA SANTO ANTONIO;EEMTI VIRGILIO TAVORA;AV PAULO MAURICIO, 326
CAUCAIA;37;29;CENTRO;E.E.F. BRANCA CARNEIRO DE MENDONCA;PRACA DA MATRIZ, 666
PINDORETAMA;7;287;CENTRO-PINDORETAMA;EEM JULIA ALENQUER FONTENELE;AV. FIRMINO CRISOSTOMO, 1944
MONSENHOR TABOSA;61;109;CENTRO;E.E.M.T.I GOVERNADOR ADAUTO BEZERRA;RUA SAO SEBASTIÃO N 39 - PERTO DA CADEIA PÚBLICA
FORTALEZA;113;361;MONTESE;COLÉGIO ESTADUAL PRESIDENTE HUMBERTO CASTELO BRANCO;RUA IRMA BAZET, 210
MARCO;96;144;LOCALIDADE DE PEREIRAS;EEF JOAQUIM FERNANDES PONTES;LOCALIDADE DE PEREIRAS
FORTALEZA;83;88;HENRIQUE JORGE;ESCOLA MUNICIPAL SANTA MARIA;RUA CUIABÁ 1465
BARBALHA;31;28;VILA SANTO ANTONIO;ETI JOSEFA ALVES DE SOUSA;RUA ZUCA SAMPAIO, S/N (EM FRENTE AO HOSPITAL DO CORAÇÃO)
CRUZ;30;391;ZONA RURAL;ESCOLA FRANCISCO BENEDITO DE FARIAS;POÇO DOCE - CE 085
ASSARÉ;18;24;CENTRO;EMATERCE;RUA MARECHAL AMARANTE SN                          ASSARE
PORANGA;40;205;SEDE;ESCOLA INDÍGENA JARDIM DAS OLIVEIRAS - SEDE;RUA DOS TABAJARA E KALABAÇA, S/N
SÃO BENEDITO;22;199;SEDE;EEF ALIPIO RODRIGUES NEPOMUCENO;SITIO QUEIMADAS
PARACURU;109;50;UMARIZEIRAS;PSF BEIRA RIO;UMARIZEIRAS, SN
GROAÍRAS;65;103;JOSE CASSIANO FEIJAO;EEF PROFESSORA JULIA ELISA FARIAS;AV SAO JOSE, 1610
FORTALEZA;115;338;PARANGABA;SESI - PARANGABA;AVENIDA JOÃO PESSOA, 6754
FORTALEZA;113;77;CENTRO;COLÉGIO LOURENÇO FILHO;RUA BARÃO DO RIO BRANCO, 2101
INDEPENDÊNCIA;39;15;CENTRO;GRUPO ESCOLAR JERONIMO ALVES DE ARAUJO;RUA SANTA TERESINHA S/N
GUARACIABA DO NORTE;74;108;DISTRITO;ESCOLA MUNICIPAL DE BANANEIRAS;BANANEIRAS
MILAGRES;26;90;SITIO FEIJÃO;ESCOLA JOSÉ FERNANDES DE LIMA;SITIO FEIJÃO
MAURITI;76;113;PALESTINA DO CARIRI-DISTRITO;CAPELA SÃO JOSÉ DO SÍTIO GIQUI;SÍTIO GIQUI
CARIRIAÇU;71;64;SÍTIO UMBURANAS;EEF PEDRO JOSÉ FERREIRA;SÍTIO UMBURANAS
TURURU;17;656;SÃO PEDRO DO GAVIÃO / ZONA RURAL;EMEF LUIZ MOREIRA;RUA PRINCIPAL - GAVIÃO
FRECHEIRINHA;81;259;CENTRO;PATRONATO SAO JOSE;CAPITAO JOAQUIM FRANCISCO              CENTRO             SN
BATURITÉ;5;111;CONSELHEIRO ESTELITA-SEDE;CENTRO DE ATENDIMENTO ESPECIAL À CRIANÇA - CAECA (ANTIGO PROJETO ABC);AV FRANCISCO BRAGA FILHO, SN
QUIXERAMOBIM;11;39;CENTRO;ESCOLA ASSIS BEZERRA;RUA FRANCISCO IVO 60
JUAZEIRO DO NORTE;28;98;PIO XII;EMTI FIGUEIREDO CORREIA;PRACA DA CONCEICAO S/N
FORTALEZA;83;757;JOÃO XXIII;CENTRO DE FORMAÇÃO E DESENV. PARA PROFISSIONAIS DA EDUCAÇÃO - FORMACE;RUA PORTO VELHO, 401
UMIRIM;23;232;CENTRO-SEDE;CRECHE DONA MARIA DE ARAUJO CARNEIRO;RUA NOSSA SENHORA DA NATIVIDADE SN
PENTECOSTE;50;188;SEBASTIÃO DE ABREU;EMTI PREFEITO JOÃO GOMES DA SILVA;AVENIDA LEOPOLDO RAMOS - SERROTA
FORTALEZA;113;198;FARIAS BRITO;EEFM DR.CÉSAR CALS;AV. DOMINGOS OLIMPIO, 1800
MARACANAÚ;104;317;JEREISSATI I;EMEIEF SENADOR CARLOS JEREISSATI;AVENIDA 1, S/N
SÃO GONÇALO DO AMARANTE;36;296;LAGOAS NOVAS-POVOADO;ESCOLA DE ENSINO FUNDAMENTAL MANOEL FURTADO JUNIOR;LAGOAS NOVAS
FORTALEZA;118;645;SERRINHA;COLÉGIO SAGRADA FAMÍLIA;RUA MADRE ELISA BALDO, 331
TAUÁ;19;102;MARROAS;EEF FRANCISCO ALVES DE OLIVEIRA;POÇO DE BAIXO
FORTALEZA;83;23;BELA VISTA;ESCOLA MUNICIPAL JOSÉ NAURI BRAGA;RUA PROFESSORA LILIA ABREU, 231
TAUÁ;19;44;COLIBRIS;ESCOLA DONDON FEITOSA;RUA JORNALISTA HELDER FEITOSA S/N
OCARA;67;212;SERENO DE CIMA-DISTRITO;ESCOLA MUNICIPAL MINELVINA MARIA DA CONCEICAO - ENSINO FUNDAMENTAL;CROATA
FORTALEZA;115;44;ITAPERI;UNIVERSIDADE ESTADUAL DO CEARA - UECE;AV DR. SILAS MUNGUBA, 1700
LAVRAS DA MANGABEIRA;14;114;CRUZEIRO;ESCOLA DE 1 GRAU STELA SAMPAIO;BAIRRO DO CRUZEIRO S/N
LAVRAS DA MANGABEIRA;14;3;CENTRO - SEDE;CENTRO EDUCACIONAL PEQUENO PRÍNCIPE - CEPP;RUA DOS COQUEIROS, 82
DEPUTADO IRAPUAN PINHEIRO;55;23;BETANIA;EEB JOAQUIM NAPOLEAO PINHEIRO;RUA JOAO ALFREDO
AMONTADA;89;297;SABIAGUABA;EEBTI JOÃO RODRIGUES DE MELO;CAMPO GRANDE
MILAGRES;26;73;CASA PROPRIA;ESCOLA MARIETA CALLS;AV SANDOVAL LINS S/N
RUSSAS;9;80;CENTRO;ESCOLA DE ENSINO MÉDIO MANOEL MATOSO FILHO;AVENIDA MARIA RAMALHO, 336
BREJO SANTO;70;394;CENTRO-SEDE;EEF PROFESSOR PEDRO GOMES DA SILVA BASILIO;RUA MANOEL ANTONIO CABRAL 489
FORTALEZA;85;165;AUTRAN NUNES;EM BERGSON GURJÃO FARIAS;AVENIDA SENADOR FERNANDES TÁVORA, 2500
INDEPENDÊNCIA;39;13;CENTRO;GRUPO ESCOLAR JERONIMO ALVES DE ARAUJO;RUA SANTA TERESINHA S/N
ICÓ;15;125;CASCUDO - SITIO;ESCOLA MUNICIPAL CASEMIRO PEQUENO;SITIO CASCUDO S/N
IBIAPINA;73;71;PEDRINHAS;ESCOLA NOSSA SENHORA DAS GRAÇAS;RUA MIGUEL CANUTO, S/N
BEBERIBE;84;41;PARIPUEIRA;ESCOLA MUNICIPAL ERNESTO GURGEL VALENTE;RUA FRANCISCO XAVIER 217 - CENTRO
FORTALEZA;112;410;EDSON QUEIROZ;COLEGIO ARI DE SA CAVALCANTE WS;AV WASHINGTON SOARES, 3737
FORTALEZA;112;503;EDSON QUEIROZ;EM PROF FRANCISCO MAURICIO MATOS DOURADO;RUA  DES FLORIANO BENEVIDES MAGALHÃES, 391
FORTALEZA;112;75;ENGENHEIRO LUCIANO CAVALCANTE;ESCOLA ESTADUAL DE EDUCAÇÃO PROFISSIONAL JAIME ALENCAR DE OLIVEIRA;AV ROGACIANO LEITE, 2285
FORTALEZA;82;624;CARLITO PAMPLONA;EM TERTULIANO CAMBRAIA;RUA MONSENHOR ROSA, 946
IPU;21;85;SEDE;POSTO DA SUCAM - FNS;RUA DR CHAGAS PINTO 631 - CENTRO
PARAMBU;19;304;CENTRO;ESCOLA JOSÉ CARVALHO PINHEIRO;RUA ANTONIO BENÍCIO PINHEIRO, 35
PARAMBU;19;346;CENTRO;ESCOLA MANOEL DE SOUSA - ANEXO;MIRANDA
FORTALEZA;95;242;JANGURUSSU;EMEIEF TAÍS MARIA BEZERRA NOGUEIRA;AV. GOVERNADOR LEONEL BRIZOLA, 710
TRAIRI;97;166;GUALDRAPAS;EEF NOSSA SENHORA APARECIDA;GUALDRAPAS
JAGUARUANA;75;43;CENTRO;IFCE INSTITUTO FEDERAL DO CEARÁ;AV DR ANTÔNIO DA ROCHA FREITAS, 1566
ITAPAJÉ;41;288;BOMBAS;ESCOLA COMUNITARIA SÃO JOSÉ;FAZENDA BOMBAS
SALITRE;38;90;ZONA RURAL, SALITRE/CE;E.E.F.T.I. -  JOÃO RODRIGUES DA FONSECA - LOGOA DOS CRIOULOS;SÍTIO LAGOA DOS CRIOULOS
MARANGUAPE;4;417;CACIMBÃO - LADEIRA GRANDE;EMEIEF HONÓRIO ANTÔNIO DE ABREU;AV. MANOEL HONÓRIO DE ABREU, SN
QUIXERAMOBIM;11;99;NENELANDIA;ESCOLA VALDIVINO FERREIRA BRAGA;FAZENDA PAU FERRO
MILAGRES;26;140;FRANCISCA DO SOCORRO;SOCIEDADE DE ASSISTENCIA A CRIANCA;RUA JOSE DE ALENCAR
MERUOCA;24;592;São Francisco;EEIF - SIMAO BARBOSA;DISTRITO SAO FRANCISCO
SOBRAL;121;67;ARACATIAÇU;EEMTI ISRAEL LEOCADIO DE VASCONCELOS;PRACA DA VARZEA, 479 - ARACATIAÇU
CHOROZINHO;49;47;VILA REQUEIJAO;COLEGIO GUIBSON MARINHO DOS SANTOS;AV SABINO MOREIRA SN
ITAPIÚNA;105;153;DISTRITO DE ITANS;EEIEF JOAO BATISTA DE AGUIAR;RUA JOSE QUIRINO S/N
VÁRZEA ALEGRE;62;94;CALABAÇA-SEDE DO DISTRITO;EEF VEREADOR JOSÉ PRIMO DE MORAIS;VILA EXTREMA
BATURITÉ;5;121;MANGA-SEDE;CENTRO DE EDUCAÇÃO INFANTIL MARIA LEIDIANE;RUA KAULIM, SN
TRAIRI;97;125;OLHO DAGUA;EEF DOM BOSCO;OLHO DAGUA
ITAPAJÉ;41;51;CENTRO-SEDE;CENTRO INTERESCOLAR JOÃO TEIXEIRA SARAIVA;RUA JOSE PINTO CAVALCANTE 273
AMONTADA;89;285;FLORES;EEBTI RAIMUNDO URO DE MENESES;RUA JOAQUIM FELIX RIBEIRO
GUARACIABA DO NORTE;74;9;CENTRO;CENTRO PASTORAL NOSSA SENHORA DOS PRAZERES;R. CEL.CLÍNIO MEMÓRIA, 281 - CENTRO
SANTANA DO ACARAÚ;44;61;CENTRO;EEMTI NAZARÉ SEVERIANO;RUA NONATO ARCANJO S/N -CENTRO
RUSSAS;9;124;RETIRO;ESCOLA MUNICIPAL PADRE PEDRO DE ALCANTARA ARAUJO;RETIRO
RERIUTABA;79;33;CENTRO;E.E.F. RAIMUNDO MESQUITA;RUA CEL. AGRÍPIO TEODORO SOARES, 171
PARAMBU;19;380;RIACHÃO;ESCOLA VOVÓ ITELVINA;SÃO JOÃO
PARAMBU;19;342;JUAZEIRO;ESCOLA VICENTE NORONHA MOTA (ANT. ESCOLA MANOEL ALVES TEIXEIRA);RUA BENEDITO FERREIRA LIMA, S/N
TRAIRI;97;171;PEIXINHOS;CRECHE SONHO DE CRIANÇA;PEIXINHOS
BEBERIBE;84;156;SITIO LUCAS;ESCOLA MUNICIPAL PEDRO DE QUEIROZ FERREIRA;RUA MANOEL EMÍDIO DA SILVA, 497
AQUIRAZ;66;302;LAGOA DO RAMO;EMEF JOSE RAIMUNDO DA COSTA (COMUNIDADE QUILOMBOLA);ESTRADA RAMOS -SITIO  RUSSEGA - LAGOA DO RAMOS
HIDROLÂNDIA;54;220;ALTO DA ESPERANÇA;ESCOLA PROFISSIONALIZANTE FRANCISCA MAURA MARTINS;RUA PROJETADA, SN
BANABUIÚ;6;406;ALTO ALEGRE;POSTO DE SAÚDE MARIA DAS DORES;RUA ANA MARIA DA CONCEICAO S/N
SOBRAL;121;265;ARACATIAÇU;EEMTI ISRAEL LEOCADIO DE VASCONCELOS;PRACA DA VARZEA, 479 - ARACATIAÇU
PACATUBA;57;297;CONJUNTO JEREISSATI III;EEIEF NELLY DE LIMA E MELO;RUA 02, 250
TRAIRI;97;127;GUALDRAPAS;EEF NOSSA SENHORA APARECIDA;GUALDRAPAS
MARACANAÚ;104;434;PAJUÇARA;EMEF MARIA PEREIRA DA SILVA;RUA JUSTINO DE SOUSA, 842
FORTALEZA;1;489;CAIS DO PORTO;EEFM - HELENITA MOTA;RUA AMANCIO FILOMENO,720
FORTALEZA;117;417;SIQUEIRA;COLÉGIO VIDA VIVA;RUA JOSÉ MARIA, 100
CANINDÉ;33;239;ZONA RURAL;EMEF DR CANDIDO COUTO;LOCALIDADE DE CACHOEIRA CERCADA
MARCO;96;165;ZONA RURAL;EEF RAIMUNDO ERNESTO FONTELES;POVOADO VARJOTA
FORTALEZA;1;589;VICENTE PINZON;ESCOLA PROFISSIONAL MARIA ANGELA DA SILVEIRA BORGES;RUA PINTOR ANTONIO BANDEIRA, S/N
FORTALEZA;117;401;CONJUNTO ESPERANÇA;COLEGIO SANTA HELENA;AV CONTORNO NORTE 819
FORTALEZA;114;248;BARRA DO CEARÁ;CENTRO DE EDUCAÇÃO COMPLEMENTAR (CEDCE) - ANTIGO SESI;AVENIDA FRANCISCO SÁ 6623
QUIXERAMOBIM;11;282;CONJUNTO ESPERANCA;CRECHE JOSE TEOGENES DE ALMEIDA;RUA JOSE ADOLFO NOGUEIRA
FORTALEZA;82;243;PIRAMBU;EEFM GOVERNADOR FLÁVIO MARCÍLIO;AV. PASTEUR, 575
CRATO;27;146;PONTA DA SERRA;EEIEF PROF. JOSÉ BIZERRA DE BRITTO;RUA BERNARDO VIEIRA S/N
FORTALEZA;82;348;SÃO GERARDO;ESCOLA MUNICIPAL GUSTAVO BARROSO;RUA ERETIDES MARTINS, 26
AMONTADA;89;179;SÃO RAIMUNDO;EEBTI TEREZA MAGALHÃES DE SOUSA;RUA JOAQUIM TORQUATO 1328
FORTALEZA;94;798;VILA VELHA;EM ANTONIO CORREIA LIMA;RUA HERMES PARAYBA, 934
SOBRAL;24;84;PARQUE SILVANA;EEFI ANTONIO MENDES CARNEIRO;AVENIDA DR. JOSE EUCLIDES FERREIRA GOMES JUNIOR, S/N
REDENÇÃO;52;125;DISTRITO DE ANTÔNIO DIOGO;ESCOLA CAMILO BRASILIENSE (PRÉDIO NOVO);RUA JERUSALEM, S/N
PACAJUS;49;95;UMARI DO MEIO;EEF FRANCISCO COSME DA SILVA;UMARI
FORTALEZA;80;181;FÁTIMA;CENTRO EDUC. DA JUV. PE. JOÃO PIAMARTA - AGUANAMBI;AV. AGUANAMBI, 2479
JUCÁS;43;38;VILA JOSÉ BENTO - SEDE;ESCOLA DE ENSINO FUNDAMENTAL  AUREA LEAL;VILA JOSE BENTO 170
TIANGUÁ;81;90;TABAINHA;E.E.I.F. RAIMUNDO LOPES MAGALHÃES;DISTRITO TABAINHA
CARIRIAÇU;71;101;SÍTIO UMBURANAS;EEF PEDRO JOSÉ FERREIRA;SÍTIO UMBURANAS
ITAPAJÉ;41;227;JORGE;ESCOLA AGOSTINHO FERREIRA ARAUJO FILHO;SITIO JORGE DE BAIXO
GUARAMIRANGA;5;230;NOVA FORTALEZA-SITIO;EMEF FRANCISCO JORGE FILHO (NOVA FORTALEZA);NOVA FORTALEZA
CARIDADE;111;53;CENTRO;NOVO CRAS FRANCISCO MENEZES PIMENTEL NETO;AV. CORONEL FRANCISCO LINHARES, S/N
CAUCAIA;123;528;NOVA METRÓPOLE (JUREMA);E.E.I.E.F. FRANCISCA ALVES DO AMARAL;AV. B, 442 - NOVA METRÓPOLE
MARACANAÚ;104;64;TIMBÓ;EMEF ADAUTO FERREIRA LIMA;AVENIDA CONTORNO LESTE, S/N
FORTALEZA;117;147;NOVO MONDUBIM;CUCA MONDUBIM;RUA PROFESSOR GLAUCO LOBO S/N
FORTALEZA;95;371;JANGURUSSU;CEI JOSÉ EUCLIDES FERREIRA GOMES;RUA F  (CONJ. RES. JOSÉ EUCLIDES FERREIRA GOMES)
IPUEIRAS;40;66;FLORESTA;ASSOCIAÇÃO DOS PEQUENOS PRODUTORES RURAIS - FLORESTA;FLORESTA
FORTALEZA;114;296;BARRA DO CEARÁ;CENTRO PROFISSIONALIZAÇÃO INCLUSIVA P/ PESSOAS C/ DEFICIÊNCIA - CEPIPD;RUA SENADOR ROBERT KENNEDY, 128
CRATO;27;194;BAIXIO DAS PALMEIRAS;EEIEF PROFª ROSA FERREIRA DE MACEDO;RUA MARIA TAVARES DE OLIVEIRA, SN. SÍTIO BAIXIO DO MUQUÉM
GUARACIABA DO NORTE;74;52;DISTRITO;POSTO DE SAÚDE DO LIMOEIRO;LIMOEIRO
JARDIM;119;363;CENTRO;ESCOLA SENADOR CARLOS JEREISSATI;AVENIDA WILSON RORIZ
SENADOR POMPEU;12;78;CODIA;ASSOCIAÇÃO COMUNITÁRIA DA LOC. DO SÍTIO INCHUIR;SÍTIO INCHUIR
CANINDÉ;33;63;ZONA RURAL;CRECHE MARIA AMARO CAMELO;DISTRITO DE SALITRE
TRAIRI;97;30;BACUMIXA;EEF ANTONIO MIGUEL PORTO;BACUMIXA
ITAPIPOCA;17;101;ASSUNÇÃO;EEB ISAIAS TEIXEIRA PINTO;SANTAREM
IGUATU;13;387;GADELHA;ESCOLA DE ENS FUND JOÃO ROCHA FIALHO;VILA GADELHA
MARACANAÚ;104;252;BOA VISTA;EMEIEF COMISSÁRIO FRANCISCO BARBOSA;RUA 11, 116
SÃO GONÇALO DO AMARANTE;36;318;IPIRANGA;CEDI - SONHO DE CRIANÇA;POVOADO IPIRANGA
FORTALEZA;112;422;EDSON QUEIROZ;COLEGIO ARI DE SA CAVALCANTE WS;AV WASHINGTON SOARES, 3737
PENTECOSTE;50;225;SÃO FRANCISCO;EEF BALBINA MOREIRA DE AZEVEDO;AVENIDA ANTÔNIO BRAGA DE AZEVEDO
TAUÁ;19;41;CENTRO;ESCOLA MUNICIPAL DE 1 GRAU JORGE MASSILON;AV ODILON AGUIAR S/N
SOLONÓPOLE;55;133;CENTRO;ESCOLA DE 1 GRAU ANIBAL RODRIGUES PINHEIRO;ALTO VISTOSO S/N
RUSSAS;9;193;PEDRO RIBEIRO;ASSOCIAÇÃO JOSÉ RAFAEL DA SILVA;PEDRO RIBEIRO
VÁRZEA ALEGRE;62;142;VARJOTA;EEF ORMECINDA SIEBRA LEITE;RUA ITALO PROTO DE MORAIS, 135
MARANGUAPE;4;103;URUCARÁ - MARANGUAPE;EMEIEF LUIZ ALBANO DA COSTA;AVENIDA JOAQUIM LOPES DE ABREU, S/N
QUIXERAMOBIM;11;172;DAMIAO CARNEIRO;ESCOLA SALVIANO PATRICIO DE ALMEIDA;JUREMA
BAIXIO;92;138;CENTRO - SEDE;E.E.M.T.I. MONSENHOR HORACIO TEIXEIRA;RUA MARIA DA GLORIA S/N
JUAZEIRO DO NORTE;28;136;SAO MIGUEL;EEM JOSE BEZERRA;SAO JORGE 440
CAUCAIA;37;195;CAMARA;E.E.I.E.F. JOSÉ CRISÓSTOMO BASÍLIO;ESTRADA DO CAMARÁ - REGIÃO GUARURU
ITAITINGA;78;249;CENTRO;EEF GERALDO BATISTA DE LIMA;AV. CEL. VIRGÍLIO TÁVORA S/N
QUIXADÁ;6;374;CARRASCAL;EEF ROSA BAQUIT;RUA DR. EVANDRO CARNEIRO MARTINS FILHO, S/N
LIMOEIRO DO NORTE;29;174;CENTRO;COLEGIO DIOCESANO PE ANCHIETA;AV DOM AURELIANO MATOS 1925
SANTA QUITÉRIA;54;262;PEREIROS;CRECHE COMUNITARIA MARIA DO SOCORRO PESSOA CATUNDA;PEREIROS
QUIXELÔ;13;149;ANTONICO-DISTRITO;ESCOLA DE ENS FUND JOAO VICENTE ALVES;ANTONICO-DISTRITO
REDENÇÃO;52;93;OUTEIRO DE FORA (SEDE);ESCOLA SEBASTIÃO JOSÉ BEZERRA;OUTEIRO DE FORA
MORAÚJO;64;79;MATO VERDE - SERRINHA;MATO VERDE - ESCOLA MUN. JOSÉ SEVERIANO DE OLIVEIRA;LOCALIDADE DE MATO VERDE
FORTALEZA;95;118;CONJUNTO PALMEIRAS;EMEIEF MARIA HELENILCE CAVALCANTE LEITE MARTINS;RUA MAIZA, S/N
CAUCAIA;120;309;PLANALTO CAUCAIA;E.E.F.M. VICENTE ARRUDA;RUA, 113 S/N - CIGANA
FORTALEZA;1;905;MANUEL DIAS BRANCO;COLÉGIO CÍVICO MILITAR BATALHA DO RIACHUELO;R. E, 100 - MANUEL DIAS BRANCO
CROATÁ;74;128;DISTRITO;EEF CHAGAS NUNES (REPARTIÇÃO);REPARTICAO
ITAPIÚNA;105;114;CENTRO;ANEXO EEF DEMOCRITO ROCHA;RUA SAO FRANCISCO
FORTALEZA;112;141;JARDIM DAS OLIVEIRAS;EEFM D. LUIZA TÁVORA - PRÓ MORAR;RUA FREI CANECA, 379
ACARAÚ;30;272;CENTRO;CEJA -  PADRE ANTONIO TOMAZ;PRACA CORONEL JOSE FILOMENO SN
BARRO;92;15;TRAJANO NOGUEIRA-SEDE;ESCOLA MUNICIPAL DE ENSINO FUNDAMENTAL GILBERTO LEITE DE AQUINO;RUA TRAJANO NOGUEIRA SN
TABULEIRO DO NORTE;91;106;JUAZEIRO;EEB SENHORINHA OLIVEIRA GONDIM - JUAZEIRO;SITIO JUAZEIRO
ITAPIPOCA;17;32;BOA VISTA;ESCOLA DE 1 GRAU DR GERALDO GOMES DE AZEVEDO;RUA JOAQUIM AMÉRICO TEIXEIRA, 216
MARACANAÚ;122;189;PIRATININGA;EMEF JOSÉ MARIA BARROS PINHO;RUA NOVO ORIENTE S/N
FORTALEZA;93;131;PREFEITO JOSÉ WALTER;COLEGIO 21 EDUCAR;AV JOAO DE ARAUJO LIMA, 1240 - II ETAPA
PEDRA BRANCA;59;108;SEDE;EEIF CICERO BARBOSA MACIEL;SITIO SANTA RITA
FORTALEZA;117;447;SIQUEIRA;COLÉGIO VIDA VIVA;RUA JOSÉ MARIA, 100
ITAPAJÉ;41;200;BARATEIRO;ESCOLA MUNICIPAL JOAO MARTINS TEIXEIRA;BR 222, KM 125
GRANJA;25;213;CARAUBAS DE CIMA;E.E.F. ALZIRA MATILDE DE OLIVEIRA;CARAUBAS DE CIMA
FORTALEZA;116;87;GRANJA PORTUGAL;EM CONCEICAO MOURAO;RUA DUAS NACOES 550
FORTALEZA;3;421;MEIRELES;CÍRCULO MILITAR DE FORTALEZA;RUA CANUTO DE AGUIAR, 425
GENERAL SAMPAIO;50;30;CONJUNTO SÃO JOSÉ;CRECHE PROINFÂNCIA DIANA DE NAZUR MONTEIRO MARINHO MOREIRA;RUA JOSÉ COSTA NASCIMENTO
CAUCAIA;120;351;CIGANA;E.E.I.E.F DALVA PONTES DA ROCHA;RUA QUINTINO JOSE CORREIA, 465
CASCAVEL;7;198;CENTRO;EMEB PROFESSORA THEREZINHA MESQUITA DE JESUS CIRÍACO (ANTIGA CNEC);RUA PREF. LUIS BENICIO SAMPAIO, 2506
PALHANO;9;165;ALMAS;UNIDADE BÁSICA DE SAÚDE DO SITIO ALMAS;ALMAS
CAUCAIA;123;455;PARQUE GUADALAJARA (JUREMA);COLÉGIO PLENO DO CEARÁ - CPC;RUA PADRE ALFREDO NESI, 363 (ANTIGA RUA CAMPECHE )
CAUCAIA;123;372;NOVA METRÓPOLE (JUREMA);E.E.F. EDGARD VIEIRA GUERRA;AV. CONTORNO SUL, 255
ANTONINA DO NORTE;18;69;CASTELO BRANCO;ESCOLA MUNICIPAL FRANCISCO MENDES E SILVA;AV CENTRAL SN
NOVA OLINDA;53;122;SÍTIO SERRINHA;POSTO DE SAÚDE PEDRO BATISTA DA COSTA;SÍTIO SERRINHA
CRATO;27;286;PONTA DA SERRA;EEIEF VITURINO DA COSTA VILAR;RUA VITORINO DA COSTA VILAR, SN. SÍTIO MALHADA
ASSARÉ;18;126;SERRA DE SANTANA;ESCOLA DE ENSINO MÉDIO PATATIVA DO ASSARÉ;SÍTIO BONITA
SENADOR POMPEU;12;36;CENTRO;EEMTI LICEU MARCIONÍLIO GOMES DE FREITAS;RUA JOSE CARLOS SAMPAIO 401
FORTALEZA;112;481;SAPIRANGA-COITÉ;EM PROFª ALDACI BARBOSA;RUA OLEGARIO MEMORIA, 1257
FORTALEZA;116;54;BOM JARDIM;EM SANTOS DUMONT;RUA GERALDO BARBOSA 240
CATARINA;60;257;SEDE;EEF FRANCILINA UMBILINA DE OLIVEIRA;PAUDARCO
CANINDÉ;33;65;ZONA RURAL;EMEF MIGUEL ANTONIO OLIVEIRA;DISTRITO DE TARGINOS
SANTANA DO ACARAÚ;44;120;PAUS BRANCO;E.E.F. SANTA ANA;PAUS BRANCO
AMONTADA;89;210;ÁREA RURAL DE AMONTADA;EEB JOSE JULIO MOURA;SANTA CRUZ
GRANJA;25;40;ADRIANOPOLES;UBS - MARIA IRENE DE SOUSA (ANTIGA ESCOLA JUAREZ CRUZ);RUA PEDRO PORTELA XAVIER, S/N
CARIRÉ;65;18;ZONA RURAL;ESCOLA EIEF MONS. ANTONIO CANDIDO DE MELO;ALTO FELIZ
QUIXADÁ;6;238;PUTIÚ;EEF NEMÉSIO BEZERRA;AV. PRESIDENTE VARGAS, 453
CROATÁ;74;102;DISTRITO;ESCOLA MUNICIPAL DE VOLTA DO RIO;VOLTA DO RIO
FORTALEZA;2;488;PAUPINA;EMEIF GUIOMAR DA SILVA ALMEIDA;RUA PEROLINA DE MORAIS, 449
FORTALEZA;2;746;MESSEJANA;EMEIF ANGELICA GURGEL;RUA DOUTOR PERGENTINO MAIA, 375
RUSSAS;9;303;CENTRO;ESCOLA DE ENSINO MÉDIO MANOEL MATOSO FILHO;AVENIDA MARIA RAMALHO, 336
CHAVAL;108;8;CENTRO;EEF FRANCISCO PEREIRA FONTENELE;TRAVESSA DOMÍCIO FERNANDES PEREIRA, SN
IRAUÇUBA;41;30;CENTRO-SEDE;CENTRO EDUCACIONAL PROFESSOR ANTONIO BARBOSA BRAGA;LUCAS BATISTA DA MOTA 135
QUIXERAMOBIM;11;315;CONJUNTO ESPERANCA;CRECHE JOSE TEOGENES DE ALMEIDA;RUA JOSE ADOLFO NOGUEIRA
FORQUILHA;121;329;CENTRO;EEF DEP JOSE PARENTE PRADO(CENTRO SOCIAL);R MOCINHA VIANA 96
QUIXERAMOBIM;11;296;CONJUNTO ESPERANCA;CRECHE JOSE TEOGENES DE ALMEIDA;RUA JOSE ADOLFO NOGUEIRA
ARACOIABA;67;18;VAZANTES-DISTRITO;ESCOLA DE ENSINO MEDIO JOAO ALVES MOREIRA;PRACA CONEGO DEMETRIO ELIZEU DE LIMA
TAMBORIL;61;71;DISTRITO DE SUCESSO;EMEF VENCESLAU PEREIRA DAMASCENO;RUA DO BOLA BRANCA - VILA SUCESSO
OCARA;67;229;CENTRO-SEDE;ESCOLA MUNICIPAL SAO MARCOS - ENSINO FUNDAMENTAL;VILA SAO MARCOS
QUIXADÁ;6;141;SÃO JOÃO DOS QUEIROZ;EEF JOSÉ MARTINS;ALTO ALEGRE, S/N
PENTECOSTE;50;92;CENTRO;SECRETARIA DE SAÚDE;RUA ARTUR MOREIRA DE AZEVEDO, S/N
PENTECOSTE;50;185;ZONA RURAL;EEIF ALESSANDRA DE OLIVEIRA ARAÚJO DE MATOS;POSTO AGRÍCOLA
GRANJA;25;100;CENTRO;E.E.F. DONA SINHA CRUZ DE VASCONCELOS;RUA DR. JOAO PESSOA, 345
UBAJARA;73;87;DISTRITO JABURUNA;ESCOLA LUIZ RIBEIRO DA SILVA;DISTRITO JABURUNA
RERIUTABA;79;113;MUFUMBAL;E.E.I.F. ZACARIAS CORDEIRO DE PAULO;MUFUMBAL - ZONA RURAL
CARIDADE;111;105;ZONA RURAL;EEIF JOSE TEIXEIRA DOS SANTOS;LOCALIDADE DE NAMBI
BREJO SANTO;70;49;ESPERANCA-SEDE;ESC MUN MARIA BENVINDA QUENTAL LUCENA;VILA ESPERANCA
ICAPUÍ;8;134;CENTRO;EEF. PROFESSORA MIZINHA;AV. 22 DE JANEIRO 5183
ALTO SANTO;86;21;CABRITO;ESCOLA DE 1 GRAU VIRGILIO TAVORA;SITIO CABRITO
IPUEIRAS;40;166;BALSEIROS;EEF ANTÔNIO SABINO DO NASCIMENTO -;BALSEIROS
TURURU;17;664;AREA RURAL DE TURURU;CENTRO EDUCACIONAL PATRICIA MOTA DE FREITAS;ASSENTAMENTO NOVO HORIZONTE
MOMBAÇA;46;21;PAES DE ANDRADE;CRECHE MANOEL BATISTA ALVES;AV. ANTONIO JAIME BENEVIDES FILHO S/N
FORTALEZA;116;334;GRANJA PORTUGAL;CENTRO EDUCACIONAL HORA DE APRENDER;RUA VITAL BRASIL 2533
MOMBAÇA;46;11;CENTRO;E. E. E. F. M. PROFESSOR PEDRO JAIME;AV. CÍCERO MARQUES, 02
ORÓS;15;259;CENTRO - SEDE;E. E. F. MIGUEL NUNES DA COSTA;RUA ANTONIO CUSTODIO SOBRINHO, S/N
JUAZEIRO DO NORTE;28;58;CENTRO;EEEP PROFESSOR MOREIRA DE SOUSA;DO CRUZEIRO 497
MARANGUAPE;4;591;MANOEL GUEDES;EMEIEF FLORÊNCIO BARROSO DE ALBUQUERQUE;RATO DE BAIXO
ARARIPE;68;1;CENTRO;CÂMARA MUNICIPAL DE ARARIPE - SEDE;RUA LEONÍLIA AUREA DE ALENCAR, 100
MORADA NOVA;47;13;CENTRO;CENTRO EDUCACIONAL MONSENHOR TABOSA;AV. MANOEL CASTRO, 440
TAMBORIL;61;18;DISTRITO DE BOA ESPERANÇA;EMEIF FRANCISCO VIANA FILHO;RUA GONÇALO CARLOS FARIAS, S/N - VILA BOA ESPERANÇA
FORTALEZA;112;297;JARDIM DAS OLIVEIRAS;EEFM D. LUIZA TÁVORA - PRÓ MORAR;RUA FREI CANECA, 379
ASSARÉ;18;145;VILA MOEDA;GRUPO ESCOLAR ANANIAS FERREIRA DE MELO;VILA MOÊDA
ORÓS;15;269;GUASSUSSE - DISTRITO;E.E.F. MANOEL RAIMUNDO MONTANHA;RUA DA MATRIZ, S/N
ORÓS;15;300;JUREMA - SITIO;ASSOCIAÇÃO COMUNITÁRIA DE JUREMA (ACJ);SITIO JUREMA, S/N
FORTALEZA;83;651;DOM LUSTOSA;EEFM JOSÉ WALDEMAR DE ALCÂNTARA E SILVA;RUA MACEIÓ, 627
FORTALEZA;112;399;SAPIRANGA-COITÉ;EEMTI PROFESSORA TECLA FERREIRA;RUA FRANCISCA BEZERRA, 417
TRAIRI;97;87;GUALDRAPAS;EEF JOAQUIM DIAS FREITAS;GUALDRAPAS
GRANJA;25;35;SANTA TEREZINHA;E.E.F. SENADOR OLAVO OLIVEIRA;AV. PREF. FRANCISCO SOUSA, 71
AMONTADA;89;152;FLORES;EEBTI RAIMUNDO URO DE MENESES;RUA JOAQUIM FELIX RIBEIRO
FORTALEZA;118;213;PASSARÉ;EEMTI INTEGRADA 2 DE MAIO;AVENIDA DA SAUDADE, S/N
ITAPIPOCA;17;612;BOA VISTA;EEB MARIA DALVA BARBOSA AZEVEDO;RUA EUBIA BARROSO
BATURITÉ;5;47;EVARISTO-SERRA;EMEF OSÓRIO JULIÃO (15 DE NOVEMBRO);SERRA DO EVARISTO, SN
MASSAPÊ;45;133;MADEIRO;ESCOLA MUNICIPAL LUIZ GONZAGA CAMILO;COMUNIDADE DE MADEIRO
ARACATI;8;170;RETIRINHO;ASSOCIAÇÃO PESCADORES E MARISQUEIROS DO RETIRINHO;RETIRINHO
FORTALEZA;117;279;SIQUEIRA;EEFM SENADOR OSIRES PONTES;RUA DIVINA 150
NOVO ORIENTE;99;68;ZONA RURAL;CEIF EDVAL ARAÚJO DA SILVA;DISTRITO SAO RAIMUNDO
MARANGUAPE;4;557;NOVO MARANGUAPE II (AREA SECA) - MARANGUAPE;CEI CONEGO RAIMUNDO PINTO;RUA RAIMUNDO PINTO, S/N
MORADA NOVA;47;271;LAGOA GRANDE;EEB RAUL DE SOUSA MARTINS;LAGOA DA BARBADA
RUSSAS;9;295;CENTRO;ESCOLA DE ENSINO FUNDAMENTAL CORONEL MURILO SERPA;TRAVESSA SEBASTIAO SANTIAGO LIMA 160
CARIRÉ;65;91;ZONA RURAL;ESCOLA EIEF TENENTE  AVELINO GOMES;ANIL
TAUÁ;19;179;CARRAPATEIRAS;ESCOLA RAIMUNDO ALVES DE MELO;ALTAMIRA
TRAIRI;97;26;CANAA;GE PADRE RODOLFO FERREIRA DA CUNHA;CANAA
TRAIRI;97;54;CENTRO;EEB RAIMUNDO NONATO RIBEIRO;RUA RAIMUNDO NONATO RIBEIRO
TRAIRI;97;56;CANAA;EEF JOSE FIRMINO DA CUNHA;CANAA
BANABUIÚ;6;405;PEDRAS BRANCAS;EEF ERNESTO DE SOUSA NOBRE;JUREMA
PACAJUS;49;99;CENTRO;EEFM PADRE CORIOLANO (REUNIDA);RUA TENENTE JOAQUIM NOGUEIRA 51
HORIZONTE;78;210;DIADEMA;EMEF PROF MARIA LUIZA BARBOSA CHAVES;RUA BATURITE SN - PARQUE DIADEMA
ARACATI;8;215;VARZEA DA MATRIZ;COLEGIO MUNICIPAL;RUA PADRE PACHECO, S/N.
LIMOEIRO DO NORTE;29;52;ÁREA RURAL;EEF JOSE CANDIDO DA COSTA;SITIO VARZEA DO COBRA
PENAFORTE;70;342;CENTRO-SEDE;EEB JOAQUIM PEREIRA LIMA;RUA CICERO SOUSA DE OLIVEIRA
IPAPORANGA;20;290;MULUNGU;ESCOLA DE ENSINO FUNDAMENTAL ANTONIO LOPES TEIXEIRA;MULUNGU
FORTALEZA;93;140;PREFEITO JOSÉ WALTER;EEEP PROFESSOR ONELIO PORTO;AVENIDA E, 471 - II ETAPA
JAGUARIBE;10;32;CENTRO;COLEGIO CLOVIS BEVILAQUA;AV. OITO DE NOVEMBRO 443
FORTALEZA;112;45;JARDIM DAS OLIVEIRAS;EM MARIA DE LOURDES RIBEIRO JEREISSATI;RUA REINO UNIDO, 115
SOBRAL;24;326;JORDÃO;EEFI JOSE INACIO GOMES PARENTE;RUA ONOFRE GOMES DE OLIVEIRA