city;zone;sec;bairro;local;end
IBICUITINGA;47;169;CENTRO;CRAS- CENTRO DE REFERENCIA DA AÇÃO SOCIAL;RUA JOAO DUARTE 2212
CRATEÚS;20;138;FATIMA II;EEFM LIONS CLUBE;RUA CLOVIS BEVILAQUA 1417
FORTALEZA;113;154;BOM FUTURO;COLÉGIO MEDALHA MILAGROSA;RUA PADRE JOÃO PIAMARTA,  415
MARCO;96;133;ZONA RURAL;CEI ZENAIDE OSTERNO;TRIANGULO DE MARCO - BR 403
IGUATU;13;96;COHABS;ESCOLA DE ENS MEDIO EDSON LUIZ CAVALCANTE DE GOUVEA;AVENIDA JUSCELINO KUBITSCHECK SN
IGUATU;13;94;COCOBÓ;ESCOLA DE ENS FUND ELZE LIMA VERDE MONTENEGRO;DARIO RABELO
QUIXERAMOBIM;11;279;NENELANDIA;ESCOLA FRANCISCO CARNEIRO SOBRINHO;NENELANDIA
FORTALEZA;1;907;VICENTE PINZON;ESCOLA ESTADUAL MURILO BORGES;RUA DO ENTARDECER 90
CAUCAIA;120;314;SITIOS NOVOS;E.E.F. ALICE MOREIRA DE OLIVEIRA;RUA HENRIQUE MARTINS, S/N
FORTALEZA;113;63;DAMAS;COLÉGIO JUVENAL DE CARVALHO;AV. JOÃO PESSOA, 4279
MARCO;96;168;ZONA RURAL;EEF GUY NEVES OSTERNO;LOCALIDADE LAGOA JOAO DE SA
ARACOIABA;67;5;CENTRO-SEDE;CENTRO COMUNITARIO COMENDADOR EUGENIO DE CASTRO E SILVA;PLANALTO ARACOIABA
QUITERIANÓPOLIS;99;115;ZONA RURAL;UBS JOSÉ FRANCISCO DAS CHAGAS;SANTO ANTONIO
CAUCAIA;37;551;TABAPUÁ;E.E.I.E.F. ROBERTO JOSÉ BASTOS MACAMBIRA;RUA 7, S/N - TABAPUÁ
GRANJA;25;2;CENTRO;E.E.M.T.I SÃO JOSÉ (COLEGIO ESTADUAL SÃO JOSÉ);RUA FRANCISCO SOUSA, 131
BEBERIBE;84;129;FORQUILHA;ESCOLA MUNICIPAL SAO BERNARDO;FORQUILHA
FORTALEZA;85;259;AUTRAN NUNES;EMEIF DOLORES ALCANTARA;RUA CARDEAL ARCOVERDE S/N
NOVO ORIENTE;99;62;ZONA RURAL;CENTRO DE EDUCAÇÃO RURAL - CERU;LAGOA DA AREIA
LAVRAS DA MANGABEIRA;14;24;CENTRO - SEDE;EEMTI FILGUEIRAS LIMA;RUA HILDA AUGUSTO, 429, ROSÁRIO
FORTALEZA;2;134;MESSEJANA;EEM LICEU DE MESSEJANA;AVENIDA WASHINGTON SOARES 7702
DEPUTADO IRAPUAN PINHEIRO;55;23;BETANIA;EEB JOAQUIM NAPOLEAO PINHEIRO;RUA JOAO ALFREDO
FORTALEZA;112;415;EDSON QUEIROZ;COLEGIO ARI DE SA CAVALCANTE WS;AV WASHINGTON SOARES, 3737
IBICUITINGA;47;56;CENTRO;EEB ENEAS FERREIRA NOBRE;RUA CAPITAO MANOEL ANTONIO 2180
CRATO;27;223;SANTA FÉ;EEIEF JOSÉ PEIXOTO DE LIMA;SÍTIO SANTO ANTÔNIO, SN
JAGUARETAMA;72;23;CENTRO;ASSOCIAÇÃO COMUNITÁRIA LUIZA BEZERRA OLÍMPIO (CASA DO IDOSO);RUA PADRE MARCONDES, SN
FORTALEZA;1;41;ALDEOTA;COLEGIO ANTARES - SANTOS DUMONT;AVENIDA SANTOS DUMONT 3777
HORIZONTE;78;349;CENTRO;EEMTI MARIA DOLORES ALCÂNTARA E SILVA;AV. JUVENAL DE CASTRO, 645
FORTALEZA;117;255;CANINDEZINHO;EM PADRE ANTONIO MONTEIRO DA CRUZ;RUA DE PEDESTRE XIII, 25 - JARDIM FLUMINENSE II
CRATO;27;261;PONTA DA SERRA;EEIEF QUINÔ DE BRITO;SÍTIO MONTE ALEGRE
IGUATU;13;131;SUASSURANA;ESCOLA DE ENS FUND MARIA IRISMAR MORENO MATOS;VILA SUASSURANA
ABAIARA;26;4;SEDE;CRECHE RAMIRO TEIXEIRA - ANEXO DA ESCOLA ROSA TAVARES LEITE;RUA JOAQUIM LEITE DA CUNHA, 347
CAMOCIM;32;177;ZONA RURAL;EEF MANOEL CESAR DE SIQUEIRA - FLAMENGA DOS ROSARIOS;LOCALIDADE FLAMENGA DOS ROSARIOS
CAMOCIM;32;270;ZONA RURAL;E.E.F. JOVINO FERREIRA CHAVES - CANGALHAS;CANGALHAS
ITAITINGA;78;321;JABUTI;EEF FRANCISCO SALES FILHO;RUA MARIO SALES, 460
PORANGA;40;82;BURITIZAL;ESCOLA REUNIDA JOAQUIM ANTÔNIO FILHO - BURITIZAL;BURITIZAL
CAMPOS SALES;38;108;B. APARECIDA;E.E.F.T.I. - PADRE AZARIAS SOBREIRA - SEDE;RUA JOSÉ PINTO DA SILVA, S/N
GROAÍRAS;65;117;CAPITAO JOSE LINHARES;EEF NOSSA SENHORA DO ROSARIO;RUA 23 DE MAIO, 1065
FORTALEZA;93;90;PREFEITO JOSÉ WALTER;EM MINHA VIDA MEUS AMORES;AVENIDA D, 380 - II ETAPA
FORTALEZA;2;390;MESSEJANA;EEEP JOSE DE BARCELOS;RUA ANGELICA GURGEL 362
PEDRA BRANCA;59;86;MINEIROLANDIA;ESCOLA DE ENSINO FUNDAMENTAL E MEDIO DE MINEIROLANDIA;AV OLAVO BILAC SN
PEDRA BRANCA;59;26;CAPITÃO MOR;E.E.F. ANTONIO TORQUATO SOUSA;VILA CAPITAO MOR
PEDRA BRANCA;59;66;SEDE;EEIF LOURENÇO MARQUES DE MESQUITA;SITIO NOVO
IRAUÇUBA;41;2;MISSI;ESCOLA MUNICIPAL JOSEFA CLOTILDE TABOSA BRAGA;RUA ANARIO BRAGA SN
MARACANAÚ;104;46;TIMBÓ;EEMTI ADAHIL BARRETO CAVALCANTE;AVENIDA VEREADOR EDMILSON MARQUES, S/N
MARACANAÚ;104;166;PAJUÇARA;EMEIEF ANTÔNIO DE ALBUQUERQUE SOUSA FILHO;RUA SENADOR PETRÔNIO PORTELA, 145
SOBRAL;24;233;JAIBARAS;EEM AYRES DE SOUZA (SEDE) - ESCOLA NOVA;RUA ALFA, S/N
PEDRA BRANCA;59;117;SEDE;EEIF LOURENÇO MARQUES DE MESQUITA;SITIO NOVO
FORTALEZA;114;208;FLORESTA;EM FRANCISCO SILVA CAVALCANTE;RUA CONSELHEIRO LAFAYETTE 205
CAUCAIA;120;425;CIGANA;E.E.I.E.F DALVA PONTES DA ROCHA;RUA QUINTINO JOSE CORREIA, 465
MORADA NOVA;47;280;SAO FRANCISCO;EEB PROFESSORA ANA CLARA ANDRADE NÂNTUA BENTO;RUA JOSÉ DE SOUSA MARTINS, 261
MORADA NOVA;47;116;ROLDAO;EEB JOAQUIM CHAGAS FILHO;TRAV. LUIS VIEIRA, S/N
MARACANAÚ;122;142;OLHO D' AGUA;EMEF JOSE MARIO BARBOSA;RUA GABRIEL FERREIRA DE SOUSA, 850
BOA VIAGEM;63;84;SEDE;ASSOCIAÇÃO COMUNITÁRIA DO JANTAR;FAZENDA JANTAR
INDEPENDÊNCIA;39;173;RETIRO;E.E.F. ANTONIO FELIX DE ARAUJO;RETIRO
IRAUÇUBA;41;17;CENTRO-SEDE;ESCOLA DE ENSINO FUNDAMENTAL PAULO BASTOS;AV JORGE DOMINGUES 1641
FORTALEZA;117;473;PARQUE PRESIDENTE VARGAS;EM JOSE MARIA MOREIRA CAMPOS;RUA FRANCISCO ALMEIDA, 525 CJ. APOLO XI
QUIXERAMOBIM;11;291;VILA BETANIA;ESCOLA JOSE CARNEIRO;RUA RAIMUNDO SALDANHA SN
BOA VIAGEM;63;160;DOMINGOS DA COSTA;EEF JOSE BRUNO MACIEL;ASSENTAMENTO BUENOS AIRES
PARAMBU;19;302;CENTRO;ESCOLA JOSÉ CARVALHO PINHEIRO;RUA ANTONIO BENÍCIO PINHEIRO, 35
FORTALEZA;82;225;PIRAMBU;CENTRO EDUCACIONAL MOEMA TÁVORA;RUA MARCÍLIO DIAS, 485
FORTALEZA;80;437;DIONISIO TORRES;COLÉGIO CHRISTUS - DIONÍSIO TORRES;RUA ISRAEL BEZERRA 630
MIRAÍMA;89;250;POÇO DA ONÇA;EEB MANOEL FRANCISCO INACIO;POÇO DA ONÇA
SANTANA DO CARIRI;53;59;DOM VITAL;CENTRO DE EDUCAÇÃO INFANTIL - CEI AUGUSTO MUNIZ;SÍTIO DOM VITAL, SN
FORTALEZA;117;248;PARQUE SANTA ROSA;ESCOLA MUNICIPAL MARIETA GUEDES MARTINS;RUA JOSE GUEDES MARTINS 4701
JAGUARUANA;75;40;CENTRO;IFCE INSTITUTO FEDERAL DO CEARÁ;AV DR ANTÔNIO DA ROCHA FREITAS, 1566
FORTALEZA;80;412;TAUAPE;EMEIF PROFª ANTONIETA CALS;RUA MONSENHOR SALAZAR 1480
FORTALEZA;80;429;DIONISIO TORRES;AABB - ASSOCIAÇÃO ATLÉTICA BANCO DO BRASIL;AV BARAO DE STUDART, 2917
ACARAÚ;30;322;ZONA RURAL;ESCOLA JOAO JAIME FERREIRA GOMES FILHO;CURRAL VELHO DE BAIXO
BANABUIÚ;6;413;PEDRAS BRANCAS;EEF ANGELA COSTA;TANQUINHOS
AQUIRAZ;66;122;IGUAPE;EEFM CEL OSVALDO STUDART;RUA CEL OSVALDO STUDART 117 CENTRO
MISSÃO VELHA;16;24;ARRAIAL DE CIMA;APOIO PSF V HENRIQUE INACIO BEZERRA;SITIO VELAME ACIMA DA ESCOLA JUSTINO FERREIRA NEVES
REDENÇÃO;52;18;DISTRITO DE FAÍSCA;ESCOLA FRANCISCO JANUÁRIO DA COSTA;OLHO D'ÁGUA DO CONSTANTINO
FORTALEZA;80;352;JOAQUIM TÁVORA;COLÉGIO SALESIANO DOM BOSCO;AV ANTONIO SALES 116
MORADA NOVA;47;37;CENTRO;CEBCJEC -CENTRO DE EDUCAÇÃO BÁSICA CORONEL JOSÉ EPIFÂNIO DAS CHAGAS;AV MANOEL CASTRO, 600
ARACATI;8;71;CORREGO DO RETIRO;E.E.F. APOLINARIO JOAQUIM MONTEIRO;CORREGO DO RETIRO
BANABUIÚ;6;421;RINARÉ;EEF ANA DE FONTE BRAGA;MURISSIZINHO
MISSÃO VELHA;16;112;ZONA RURAL;EEF CICERO MANOEL DA SILVA;SITIO OLHO DAGUA DE FORA
JUAZEIRO DO NORTE;28;386;SALESIANOS;COLEGIO SALESIANO SÃO JOÃO BOSCO;PADRE CICERO 1492
MARACANAÚ;122;140;OLHO D' AGUA;EMEF JOSE MARIO BARBOSA;RUA GABRIEL FERREIRA DE SOUSA, 850
FORTALEZA;113;207;PARQUELÂNDIA;COLÉGIO CHRISTUS PRÉ - UNIVERSITÁRIO;RUA CRUZ SALDANHA, 614
PORTEIRAS;70;311;ABREUS DOIS-SEDE;ESCOLA DE 1 GRAU MIGUEL LAURENTINO DE SOUZA;SITIO ABREUS DOIS
FORTALEZA;114;12;JARDIM IRACEMA;EM JESUS CRISTO - CEI ANEXO;RUA ALBERTO FERREIRA 564
CAUCAIA;123;282;NOVA METRÓPOLE (JUREMA);E.E.F.M. ELIEZER DE FREITAS GUIMARÃES;RUA 145, S/N - NOVA METRÓPOLE
PORTEIRAS;70;399;CANCELA-SEDE;E E I F IMACULADA CONCEIÇÃO;VILA CANCELA
GROAÍRAS;65;119;CAPITAO JOSE LINHARES;EEF NOSSA SENHORA DO ROSARIO;RUA 23 DE MAIO, 1065
FORTALEZA;93;321;PLANALTO AYRTON SENNA;EM ADALBERTO STUDART FILHO;RUA DO CAMPO, 25
RUSSAS;9;87;FLORES;ESCOLA MUNICIPAL INÁCIO DE BARROS NETO;RUA JOÃO ANTÔNIO 2383
MARACANAÚ;104;108;JEREISSATI I;EEMTI PROFESSOR CLODOALDO PINTO;AVENIDA CONTORNO NORTE, 99
SANTANA DO ACARAÚ;44;185;ZONA RURAL;SALÃO COMUNITÁRIO DO ENGENHO VELHO;ENGENHO VELHO
FORTALEZA;112;124;ENGENHEIRO LUCIANO CAVALCANTE;ESCOLA DE ENSINO MÉDIO EM TEMPO INTEGRAL JOHNSON;RUA GONTRAN GIFFONI, 461
FORTALEZA;85;249;CONJUNTO CEARÁ I;EEM PROF JOSE MARIA CAMPOS DE OLIVEIRA - UV 8;RUA 820 S/N - 3 ETAPA
ASSARÉ;18;127;CENTRO;CENTRO SOCIAL URBANO DE ASSARÉ;RUA EUCLIDES ONOFRE, 128
MAURITI;76;76;CENTRO;SINDICATO DOS TRABALHADORES RURAIS DE MAURITI;RUA JOSÉ QUINTINO, 55
IRACEMA;86;101;VILA EMA;E.E.F. FRANCISCO PEREIRA SAMPAIO;RUA FRANCISCO PEREIRA SAMPAIO, SN
FORTALEZA;82;252;PIRAMBU;CENTRO EDUCACIONAL DOM HÉLIO CAMPOS;RUA SÃO RAIMUNDO, 199
CAMOCIM;32;8;BOA ESPERANCA;COLEGIO MONSENHOR JOSE AUGUSTO;RUA 3 DE OUTUBRO S/N
SÃO GONÇALO DO AMARANTE;36;265;LAGOA DAS COBRAS;ESCOLA DE ENSINO FUNDAMENTAL DEPUTADO FERNANDO ALCANTARA MOTA;LAGOA DAS COBRAS
FORTALEZA;2;165;MESSEJANA;COLÉGIO PAIVA ANDRADE;RUA INÁCIO MOREIRA, 133
TRAIRI;97;72;CENTRO;ESCOLA DE 1 E 2 GRAU JONAS HENRIQUE DE AZEVEDO;AV CELSO BARROSO
ASSARÉ;18;37;CENTRO;ESCOLA  DE ENSINO FUNDAMENTAL E MEDIO RAIMUNDO MOACIR DE ALENCAR MOTA;RUA PADRE EMILIO CABRAL 538
FORTALEZA;1;662;VICENTE PINZON;CIES AIDA SANTOS;AVENIDA TRAJANO DE MEDEIROS  813
TRAIRI;97;70;CENTRO;EEB RAIMUNDO NONATO RIBEIRO;RUA RAIMUNDO NONATO RIBEIRO
CASCAVEL;7;40;CAPONGA;ESC.ENS.FUND. ANTONIO BATISTA DA SILVA;SITIO PRATA
MARACANAÚ;122;237;ALTO ALEGRE I;EMEIEF CESAR CALS DE OLIVEIRA FILHO;RUA LITUANIA S/N
FORTALEZA;114;174;ÁLVARO WEYNE;COLÉGIO MANUEL DA SILVA (ÁLVARO WEYNE);RUA SÃO BERNARDO 181
FORTALEZA;114;70;ÁLVARO WEYNE;EM DOM HELDER CAMARA;RUA FREI ODILON 623 B
MARACANAÚ;122;84;INDUSTRIAL;EMEIEF CORONEL ADAUTO BEZERRA (ANTIGO WALMIKI);AV. CONTORNO SUL, S/N
MARACANAÚ;122;247;CÁGADO;EMEIEF NARCISO PESSOA DE ARAÚJO;AV. PADRE JOSE HOLANDA DO VALE S/N
FORTALEZA;1;852;PAPICU;ESCOLA ESTADUAL MARIA JOSE MEDEIROS;RUA DESEMBARGADOR LAURO NOGUEIRA 1240
FORTALEZA;114;205;ÁLVARO WEYNE;EM DOM HELDER CAMARA;RUA FREI ODILON 623 B
MUCAMBO;79;208;CENTRO;E.E.M. JOSÉ CLÁUDIO DE ARAÚJO;RUA JOSÉ CLÁUDIO DE ARAÚJO, 615
GUARACIABA DO NORTE;74;68;DISTRITO;ESCOLA DE ENS FUND JOSE GERARDO COELHO - SUSSUANHA;SUSSUANHA
CASCAVEL;7;299;ESPAÇO NOBRE;CENTRO DE EDUCAÇÃO INFANTIL ANA MARCELO ANTUNES - CEIAMA;RUA RAIMUNDA FERREIRA ANGELO, 2304
GRANJEIRO;62;160;SÍTIO CANABRAVA DOS FERREIRAS;EEF AUGUSTO FERREIRA DA SILVA;SITIO CANABRAVA DOS FERREIRAS
FORTALEZA;114;47;BARRA DO CEARÁ;EM CASIMIRO JOSÉ LIMA FILHO;AVENIDA FRANCISCO SÁ 6449
FORTALEZA;93;240;PREFEITO JOSÉ WALTER;EM ROGACIANO LEITE;RUA 45, S/N - III ETAPA
FORTALEZA;93;263;MONDUBIM;EM JONATHAN DA ROCHA ALCOFORADO;RUA MARIA GOMES DE SÁ,1030 ARACAPÉ
CRATO;27;185;PONTA DA SERRA;POSTO DE SAÚDE SÍTIO ALEGRE;SÍTIO ALEGRE
FORTALEZA;114;256;CRISTO REDENTOR;EEFM SÃO JOSÉ DOS ARPOADORES;RUA FRANCISCO CALAÇA 90
PALMÁCIA;4;170;CENTRO;ESCOLA MUNICIPAL RAMILSON HOLANDA LUZ;RUA FRANCISCO DE QUEIROZ, S/N
MARACANAÚ;104;443;PAJUÇARA;EEEP MARIA CARMEM VIEIRA MOREIRA;RUA MARIA FERREIRA, 150
LAVRAS DA MANGABEIRA;14;93;ALEM RIO - SEDE;ESCOLA DE 1 GRAU VIRGILIO AGUIAR GURGEL;RUA JOSE LOBO 450
VIÇOSA DO CEARÁ;35;135;SITIO INHARIM;E.E.F JOSIAS VIEIRA DA SILVA;SITIO INHARIM
PACATUBA;57;100;CONJUNTO JEREISSATI II;ESCOLA DE 1 GRAU DEPUTADO FAUSTO ARRUDA AGUIAR;AV. 26 S/N
FORTALEZA;2;72;MESSEJANA;EEEP JOSE DE BARCELOS;RUA ANGELICA GURGEL 362
POTIRETAMA;86;52;LAPA;ESCOLA DE 1 GRAU FRANCISCO JOSE DE MOURA;SITIO LAPA
COREAÚ;64;18;São Vicente;SÃO VICENTE - ESCOLA MUN. JOAQUIM AQUILES XIMENES;LOCALIDADE SÃO VICENTE
IGUATU;13;192;PRADO;ESCOLA DE ENS FUND NOSSA SENHORA DO PERPETUO SOCORRO;21 DE ABRIL
PACATUBA;57;311;NOVA PACATUBA;ESCOLA ANEXO JARDIM BOM RETIRO;RUA JOAQUIM FLORENCIO BARROS, 40
FORTALEZA;1;670;COCÓ;UNINTA - FACULDADE UNINTA FORTALEZA;RUA VILEBALDO AGUIAR,133
CAUCAIA;120;390;PADRE JULIO MARIA;E.E.F. MARIA MOTA RODRIGUES;RUA CORONEL CORREIA, 3267
IGUATU;13;225;BARREIRAS;CRECHE DAS BARREIRAS DOS CONSTATINOS;BARREIRAS DOS CONSTANTINOS
SOBRAL;121;256;COHAB II;EEFI PAULO ARAGAO;RUA CAETANO FIGUEIREDO 100 COHAB II
PIQUET CARNEIRO;12;9;CENTRO;EEMTI MARECHAL HUMBERTO DE ALENCAR CASTELO BRANCO;RUA PEDRO AMÉRICO ALVES, S/N
NOVO ORIENTE;99;40;ZONA RURAL;EEF LUIZ CANUTO;LAGOA DOS NERES
MARANGUAPE;4;548;CAJUEIRO - TANQUES;EMEIEF ANTÕNIO JANUÁRIO DE OLIVEIRA;CAJUEIRO
MARANGUAPE;4;549;LADEIRA GRANDE;EMEIEF JOSÉ SIMÃO DE ABREU;AVENIDA JOSÉ SIMÃO DE ABREU, S/N
MARANGUAPE;4;615;TABATINGA - SAPUPARA;EEFM LUIZ GIRÃO;AVENIDA TABATINGA, S/N
FORTALEZA;115;378;PARANGABA;EEMTI GENERAL EUDORO CORREA;RUA JULIO BRAGA 101
PALMÁCIA;4;606;CENTRO;ESCOLA MUNICIPAL RAMILSON HOLANDA LUZ;RUA FRANCISCO DE QUEIROZ, S/N
MARANGUAPE;4;618;NOVO MARANGUAPE I (ÁREA VERDE) - MARANGUAPE;COLÉGIO OLÍMPICO;RUA JOANINHA VIEIRA, 176
MARANGUAPE;4;587;GUABIRABA - MARANGUAPE;EMEF SANTA RITA;RUA WALTER LOPES, S/N
BOA VIAGEM;63;79;TAPERINHA;EEF VEREADOR JOSE VIEIRA DE LIMA;TAPERINHA
GUAIÚBA;57;48;CENTRO;EEBM MANUEL BALTAZAR DE FREITAS;RUA LEIRIA DE ANDRADE 409
TEJUÇUOCA;41;280;CENTRO-SEDE;ESCOLA DE ENSINO MÉDIO DEPUTADO FERNANDO MOTA;RUA ALFREDO PINTO DE MESQUITA
EUSÉBIO;88;142;COAÇU;COLÉGIO 7 DE SETEMBRO;RUA DANILO ARRUDA, S/N
BARREIRA;52;128;CENTRO;ESCOLA DANÍSIO DALTON DA ROCHA CORRÊA;AV. FRANCISCO TORRES DA GAMA, N. 161
HIDROLÂNDIA;54;25;DISTRITO DE IRAJÁ;E.M.E.F. CERU DR. AQUILES PERES MOTA;RUA JOÃO BATISTA VIANA S/N.
FORTALEZA;114;357;BARRA DO CEARÁ;EM CASIMIRO JOSÉ LIMA FILHO;AVENIDA FRANCISCO SÁ 6449
TAUÁ;19;40;CENTRO;ESCOLA MUNICIPAL DE 1 GRAU JORGE MASSILON;AV ODILON AGUIAR S/N
CAUCAIA;120;339;CAPUAN;E.E.F. JOSE ALEXANDRE;RUA DA LAGOA, 135
ALCÂNTARAS;24;536;SÍTIO ALEGRE;EEFI MONSENHOR JOSÉ FURTADO;SÍTIO CAJUEIRO
TURURU;17;663;AREA RURAL DE TURURU;CENTRO EDUCACIONAL PATRICIA MOTA DE FREITAS;ASSENTAMENTO NOVO HORIZONTE
TABULEIRO DO NORTE;91;56;PEIXE GORDO;EEB MARIA SANTA FREIRE - PEIXE GORDO;SITIO PEIXE GORDO
SÃO BENEDITO;22;184;BARREIROS;EEF JOAO BATISTA SALUSTIANO DE AGUIAR;BARREIROS
CRATO;27;188;PALMEIRAL;20ª CRES - COORDENADORIA REGIONAL DE SAÚDE - CRATO;AV. BRIGADEIRO JOSÉ SAMPAIO MACEDO S/N
GRANJA;25;209;PESSOA ANTA;E.E.F. JOSÉ JOÃO DE ARAÚJO;SÍTIO PUXA
BARROQUINHA;108;55;CAUCAIA;EEF ANTONIO MARCELINO FERREIRA;RUA SÃO FRANCISCO, 12
FORTALEZA;118;138;ITAPERI;EM ZAIRA MONTEIRO GONDIM;RUA PEDRO AGUIAR, 315
FORTALEZA;118;653;MONDUBIM;COLÉGIO MAJESTIC;RUA CASTRO MEIRELES, 325
HORIZONTE;78;141;DIADEMA;EMEF PROF MARIA LUIZA BARBOSA CHAVES;RUA BATURITE SN - PARQUE DIADEMA
MUCAMBO;79;233;POCO VERDE;ESCOLA FRANCISCO RICARDO DA SILVA;POCO VERDE
TEJUÇUOCA;41;133;CENTRO-SEDE;ESCOLA MUNICIPAL SAO PEDRO;RUA JOSE BARROSO VALENTE SN
CAUCAIA;37;58;CENTRO;E.E.F. BRANCA CARNEIRO DE MENDONCA;PRACA DA MATRIZ, 666
ICÓ;15;102;LIMA CAMPOS - DISTRITO;EMTIH - MONSENHOR JOSE CAMURCA;RUA SAO SEBASTIAO, 239
FORTALEZA;118;683;BOA VISTA-CASTELÃO;COLÉGIO SÃO LUCAS;RUA JOSÉ DA FRANCA CABRAL, 748
IGUATU;13;191;PENHA;ESCOLA DE ENS FUND MARIA SELVITA BEZERRA;VILA PENHA
JAGUARIBE;10;5;DISTRITO DE MAPUÁ;E.E.I.E.F. MARIA ÁUREA MENEZES GOMES GONÇALVES;RUA PROJETADA, S/N - DISTRITO DE MAPUÁ
FORTALEZA;85;188;CONJUNTO CEARÁ I;EEFM JOSE LEOPOLDINO DA SILVA FILHO - UV4;RUA QUATROCENTOS E QUARENTA E OITO, 1, 2A ETAPA
IGUATU;13;80;AREIAS I;INSTITUTO FEDERAL DO CEARÁ - IFCE CAMPUS AREIAS;RUA DEOCLECIO LIMA VERDE SN
CRATEÚS;20;64;POTI;ESCOLA DE CIDADANIA SAO JOSE;POTI
JUAZEIRO DO NORTE;119;108;TIRADENTES;ESCOLA CAROLINA SOBREIRA;RUA JOSE SABIA SN
PACATUBA;57;110;CONJUNTO JEREISSATI II;EEIEF JOAO PAULO SAMPAIO DE MENEZES;RUA 74 SETOR G, 900
JUAZEIRO DO NORTE;119;218;SANTA TEREZA;COLEGIO POLIVALENTE;JOSE MARROCOS SN
JAGUARIBE;10;68;CENTRO;POSTO DO SAAE;RUA SETE DE SETEMBRO 440
CAUCAIA;37;534;TABAPUÁ;E.E.I.E.F. ROBERTO JOSÉ BASTOS MACAMBIRA;RUA 7, S/N - TABAPUÁ
CAMPOS SALES;38;18;B. CENTRO;INSTITUTO EDUCACIONAL PROFESSORA MARIA DULCE DE ALENCAR - (MDA) - SEDE;RUA JULIO NORÕES, 531
FORTALEZA;118;270;SERRINHA;COLÉGIO MARIA ESTER I;RUA ANTONIO TEIXEIRA LEITE, 248
CRATO;27;84;SEMINÁRIO;EEMTI GOVERNADOR ADAUTO BEZERRA;RUA MARCOS MACEDO S/N
FORTALEZA;118;321;SERRINHA;ESCOLA EVANGELICA MONTE SINAI;RUA BRUNO VALENTE, 847
FORTALEZA;115;447;MANOEL SÁTIRO;EM MARIA VIVIANE BENEVIDES GOUVEIA;RUA CREUZA ROQUE 247
SOBRAL;24;469;ALTO DO CRISTO;EEMTI PREFEITO JOSE EUCLIDES F. GOMES JUNIOR-(ANTIGO CIRAO);AV. HUMBERTO LOPES
PORTEIRAS;70;267;CENTRO-SEDE;E E E M ARISTARCO CARDOSO;RUA EXPEDITO ALVES SANTANA S/N
UMIRIM;23;288;CENTRO-SEDE;E.E.F. MOCINHA GOMES DE SOUSA;RUA MAJOR SALES, 84
BOA VIAGEM;63;218;FLORESTA;EEF JOSE ADAUTO SALES;ROD. PRES. JUSCELINO KUBITSCHEK, S/N
SÃO GONÇALO DO AMARANTE;36;175;ARAPIXI;ESCOLA DE ENSINO MÉDIO WALDEMAR ALCANTARA;RUA MAJOR JOÃO MARTINS
TARRAFAS;18;102;ZONA RURAL;SALÃO PAROQUIAL DO SITIO URUCUZINHO;SITIO URUCUZINHO - ZONA RURAL
PARAIPABA;109;162;CAMBURÃO;EMEIF FRANCISCO CIPRIANO MOREIRA;CAMBURAO
MARTINÓPOLE;25;71;CENTRO;E.E.F. PADRE JOSÉ ROBERTO (GINÁSIO);RUA JOAO BATISTA, 221
FORTALEZA;2;370;MESSEJANA;EEEP JOSE DE BARCELOS;RUA ANGELICA GURGEL 362
TAUÁ;19;213;TAUAZINHO;EEF MARIA ALEXANDRINO NOGUEIRA MARQUES;AV CEL VICENTE ALEXANDRINO DE SOUSA
FORTALEZA;118;267;SERRINHA;COLÉGIO MARIA ESTER I;RUA ANTONIO TEIXEIRA LEITE, 248
QUIXADÁ;6;27;PLANALTO UNIVERSITÁRIO;FECLESC;RUA JOSÉ DE QUEIROZ PESSOA, 2554
BEBERIBE;84;50;FORQUILHA;ESCOLA MUNICIPAL SAO LUIZ;UMBURANAS
GRANJA;25;33;SANTA TEREZINHA;E.E.F. SENADOR OLAVO OLIVEIRA;AV. PREF. FRANCISCO SOUSA, 71
FORTALEZA;83;659;HENRIQUE JORGE;EEMTI PROFESSOR PAULO FREIRE;AVENIDA SENADOR FERNANDES TÁVORA 1936
FORTALEZA;117;425;CANINDEZINHO;EM PADRE ANTONIO MONTEIRO DA CRUZ;RUA DE PEDESTRE XIII, 25 - JARDIM FLUMINENSE II
FORTALEZA;117;460;PARQUE PRESIDENTE VARGAS;EM JOSE MARIA MOREIRA CAMPOS;RUA FRANCISCO ALMEIDA, 525 CJ. APOLO XI
ITAREMA;98;191;LAGOA SECA;EEEP PROFESSORA ROSÂNGELA ALBUQUERQUE DE COUTO;RUA DAS INDUSTRIAS, SN
UMIRIM;23;273;SAO JOAQUIM-DISTRITO;E.E.F. SANTINA QUINTO AMAZONAS;RUA ALTO DA CAIXA DAGUA SN
ITAREMA;98;169;ZONA RURAL;LICEU DE ALMOFALA - EEM JOSE MARIA MONTEIRO;RUA AGRIPINO TOMAS DE SOUSA S/N - ALMOFALA
PARAMOTI;111;153;ZONA RURAL;EMEF SANTA LUZIA;PAPEL
TAUÁ;19;89;SANTA TEREZA;CRAS SANTA TEREZA (ANTIGO EPG JOSUE HONORIO DE ALMEIDA);VILA SANTA TEREZA
UBAJARA;73;185;SÍTIO ITAPERACEMA;ESCOLA BELARMINO HOLANDA CAVALCANTE;SITIO ITAPERACEMA
TAMBORIL;61;11;BAIRRO MONTE CASTELO;EEEM DONA LUIZA TIMBÓ;RUA FRANKLIN CAVALCANTE SN
PEDRA BRANCA;59;16;SANTA URSULA;EEFIT MARIA ALVES DE OLIVEIRA;AV SABINO VIEIRA CAVALCANTE, 320
ARACATI;8;313;VARZEA DA MATRIZ;COLEGIO MUNICIPAL;RUA PADRE PACHECO, S/N.
FORTALEZA;93;221;PREFEITO JOSÉ WALTER;CEI FRANCISCO SALES FERNANDES;AV K, S/N
VIÇOSA DO CEARÁ;35;42;GENERAL TIBURCIO;E.E.F FRANCISCO VIEIRA JUNIOR;VILA GENERAL TIBURCIO
FORTALEZA;117;192;PARQUE SÃO JOSÉ;CITS PARQUE SÃO JOSÉ - CENTRO DE INCLUSÃO TECNOLÓGICA E SOCIAL;RUA CÔNEGO DE CASTRO, 3955
IPUEIRAS;40;112;TUCUNS;EEF LOURENÇO GOMES DA SILVA - TUCUNS;TUCUNS
MARACANAÚ;122;224;CÁGADO;EMEIEF NARCISO PESSOA DE ARAÚJO;AV. PADRE JOSE HOLANDA DO VALE S/N
FORTALEZA;117;206;CONJUNTO ESPERANÇA;EEFM PROFA ADALGISA BONFIM SOARES;AV. DO CANAL, S/N, ESQUINA COM RUA 103 - CONJUNTO ESPERANÇA
ITAPIÚNA;105;112;ZONA URBANA;EEF RECANTO DA CRIANCA;ALTO DAS UMBURANAS
JUAZEIRO DO NORTE;119;214;PIRAJA;ESCOLA AMALIA XAVIER;RUI BARBOSA 468
SOBRAL;24;507;JORDÃO;EEFI JACIRA MENDES OLIVEIRA;LOCALIDADE SAO FRANCISCO
CAUCAIA;120;410;BOQUEIRAO DA ARARA;E.E.I.E.F. ADÉLIA CRISÓSTOMO;BR 222 - KM 23
CAUCAIA;37;548;TABAPUAZINHO;E.E.I.E.F. DONA LAVÍNIA DE MEDEIROS;RUA GIZELDA MAGALHÃES, 2394 - TABAPUAZINHO
NOVA RUSSAS;48;1;ALTO DA BOA VISTA;EMTI ALFREDO GOMES;RUA QUINTINO BOCAIUVA 520
CRATO;27;10;CENTRO;EEIEF PROFª EDILMA FERNANDES G. RODRIGUES - CÍRCULO OPERÁRIO;AVENIDA JOSÉ ALVES DE FIGUEIREDO S/N
ITAREMA;98;205;ZONA RURAL;EMF BENEDITO BEZERRA DE SOUSA;VILA PARATI
SOBRAL;24;405;JUNCO;EEFI NETINHA CASTELO;AV. JOHN SANFORD S/N
SOBRAL;24;495;SUMARÉ;EEM PROFESSORA CARMOSINA FERREIRA GOMES;RUA DAS FLORES, S/N
CAUCAIA;123;328;PARQUE GUADALAJARA (JUREMA);E.E.I.E.F. 7 DE SETEMBRO;AV. DOM ALMEIDA LUSTOSA, 2322
TEJUÇUOCA;41;62;CENTRO-SEDE;ESCOLA DE ENSINO MÉDIO DEPUTADO FERNANDO MOTA;RUA ALFREDO PINTO DE MESQUITA
HORIZONTE;78;98;CATOLÉ;EMEF JOAO ANTONIO DA SILVA;RUA MANOEL DAMASCENO DA COSTA, 701
FORTALEZA;1;679;VICENTE PINZON;ESCOLA ESTADUAL MURILO BORGES;RUA DO ENTARDECER 90
CAUCAIA;37;516;TABAPUÁ;E.E.F.M. JOSÉ MARIA PONTES DA ROCHA;RUA 08, S/N - TABAPUÁ
QUIXADÁ;6;333;PLANALTO RENASCER;EEFM RAIMUNDO MARQUES DE ALMEIDA (ESCOLA MODELO);RUA PARAGUAI, 2055
FORTALEZA;1;592;MUCURIPE;ESCOLA ESTADUAL MATIAS BECK;RUA  PROFESSORA AIDA BALAIO 38
HORIZONTE;78;139;DIADEMA;EMEF PROF MARIA LUIZA BARBOSA CHAVES;RUA BATURITE SN - PARQUE DIADEMA
FORTALEZA;113;417;MONTESE;EEFM MARECHAL HUMBERTO DE ALENCAR C. BRANCO;RUA ALVARO FERNANDES, 913
PACAJUS;49;220;CRUZ DAS ALMAS;EEF SEN VIRGILIO DE MORAIS FERNANDES TAVORA;RUA MONTEMOR SN
ACARAÚ;30;359;ZONA RURAL;ESCOLA ANCELMO JOSÉ DA SILVEIRA;CARRAPATEIRAS
NOVA OLINDA;53;115;TERREIRO DURO;UBS PEDRINA MONTEIRO DE SOUSA;AV PERIMETRAL SUL / CE-292, SN
SABOEIRO;43;233;CENTRO;E.E.F. OLAVO OLIVEIRA, ANEXO;RUA AMELIA LIMA BRAGA 81
GRANJA;25;197;SANTA TEREZINHA;E.E.F. SANTA MARTA;TANQUES
BREJO SANTO;70;398;ARAUJÃO;UNIVERSIDADE FEDERAL DO CARIRI - UFCA;RUA OLEGÁRIO EMÍDIO DE ARAÚJO, S/N
FORTALEZA;85;154;CONJUNTO CEARÁ I;EEF GOVERNADOR FAUSTINO ALBUQUERQUE - UV1;RUA 143 N 155 - 1 ETAPA
CAUCAIA;37;514;TABAPUÁ;E.E.I.E.F. AFFONSO DE MEDEIROS;RUA 05, S/N
PARAMBU;19;412;CENTRO;ESCOLA FRANCISCO ALVES TEIXEIRA;RUA PEDRO ALVES DA COSTA, 38 - CENTRO
FORTALEZA;94;336;JARDIM GUANABARA;CMES PROF JOSE REBOUCAS MACAMBIRA;RUA CARIÚS 200
PARAIPABA;109;127;CENTRO;EMEIF ALTINA LARANJEIRA;RUA ANTONIO TABOSA SN
AQUIRAZ;66;95;CENTRO;EMEF ERNESTO GURGEL VALENTE;RUA FRANCISCO CAMARA, SN
ITAPIPOCA;17;719;MARINHEIROS;EEB VICENTE PRACIANO SAMPAIO;VILA DOS PRACIANOS
MIRAÍMA;89;293;BROTAS;CEI MARIA EDELZUITE COELHO TEIXEIRA;RUA SDO 1 TEIXEIRÃO
MORRINHOS;44;190;SAO LUIS;EMEF FRANCISCO ABDORAL ROCHA;AV CORACAO DE MARIA S/N
VIÇOSA DO CEARÁ;35;1;CENTRO;E.E.M DR JULIO DE CARVALHO;RUA JOSE JOAQUIM DE CARVALHO, 496
MARACANAÚ;122;49;ALTO DA MANGUEIRA;EEF ALBANIZA ROCHA SARASATE;TRAVESSA ANTONIO JUSTA S/N
AQUIRAZ;66;91;IGUAPE;CEI MARIA BEZERRA DE OLIVEIRA;AV. BEIRA RIO, S/N, IGUAPE
ACARAÚ;30;36;ARANAÚ;ESCOLA MARIA CONCEICAO DE ARAUJO;RUA DR ALOISIO SN - ARANAU
CAUCAIA;120;304;CATUANA;E.E.I.E.F. PLÁCIDO MONTEIRO GONDIM;RUA RAIMUNDO OLIVEIRA, S/N
JAGUARUANA;75;103;FRUTUOSO;E.E.F. CORONEL ADAUTO BEZERRA;FRUTUOSO
FORTALEZA;1;825;MUCURIPE;IATE CLUBE;AVENIDA DA ABOLIÇÃO 4813
CAUCAIA;120;373;CAPUAN;SALAO PAROQUIAL DE CAPUAN;AVENIDA PROFESSORA LETÍCIA MARQUES CAVALCANTE, S/N
IGUATU;13;576;VILA BRASILIA;LICEU DE IGUATU DR JOSE GONDIM;RUA 25 DE MARCO S/N
ITATIRA;33;463;CENTRO;EMEF ADELIDIA MAGNO DE OLIVEIRA;RUA PADRE JOSE LAURINDO SN
GRANJA;25;38;ADRIANOPOLES;E.E.F. GUILHERME TELES GOUVEIA (ANTIGA NIEDJA ARRUDA);RUA VICENTE FERREIRA, S/N
ACOPIARA;60;26;CENTRO;LICEU DE ACOPIARA - DEP.FCO.ALVES SOBRINHO;RUA VICENTE CARLOS PINHEIRO,101
PARAMBU;19;317;MIRANDA;ESCOLA JOÃO GONÇALVES DOS SANTOS;SÃO LOURENÇO
FORTALEZA;1;918;CAIS DO PORTO;ESCOLA MUNICIPAL PROF. GODOFREDO DE CASTRO FILHO;AVENIDA JOSÉ SABÓIA  905
FORTALEZA;94;532;VILA VELHA;EMEF QUINTINO CUNHA;RUA MARIA CLARA 1263
MAURITI;76;131;OLHO D'ÁGUA-DISTRITO;EEF JOSÉ JOAQUIM DE SOUSA;RUA DOMINGOS ALVES DE ANDRADE
FORTALEZA;2;682;MESSEJANA;ETI MARIA ODETE DA SILVA COLARES;RUA CEL JOÃO DE OLIVEIRA, 687
CRATEÚS;20;12;SÃO VICENTE;CENTRO DE ATENÇÃO PSICOSOCIAL DR. ABDORAL MACHADO (CAPS);RUA AUTON ARAGAO, SN
CASCAVEL;7;250;CENTRO;ESC.ENS.FUND. BENIGNA PACHECO;RUA PADRE FRANCISCO VALDIVINO NOGUEIRA, 2210
CRATEÚS;20;106;SANTO ANTÔNIO;ESCOLA DE CIDADANIA DE SANTO ANTONIO;SANTO ANTONIO
FORTALEZA;1;911;CIDADE 2000;ESCOLA MUNICIPAL ODNILRA CRUZ MOREIRA;AVENIDA DAS ADENANTERAS 800
CASCAVEL;7;292;CENTRO;COLEGIO CASCAVELENSE - CC;RUA SAMUEL BEDE, 2626
CASCAVEL;7;252;CAPONGA;E.E.F.M. RONALDO CAMINHA BARBOSA;ESTRADA DO PRATIUS, 1985
FORTALEZA;113;233;PARQUELÂNDIA;EEFM ANTONIO SALES - PARQUELÂNDIA;RUA PROF. ANACLETO, 630
FORTALEZA;83;96;HENRIQUE JORGE;EEM  MARIANO MARTINS;AVENIDA SENADOR FERNANDES TÁVORA 1445
PENTECOSTE;50;147;ZONA RURAL;EEIF JOÃO VIEIRA LIRA;MIRANDA
IPU;21;111;DISTRITO;E.M.E.F. CONRADO DE ARAUJO CHAVES;RECANTO
CAUCAIA;37;492;ITAMBE;E.E.F. FLAVIO PORTELA MARCILIO;RUA 05, 23 - CONJ. VICENTE ARRUDA
FORTALEZA;83;741;JOÃO XXIII;ESCOLA UMA JANELA PARA O MUNDO;RUA JULIO BRAGA, 1014
ACARAÚ;30;55;ZONA RURAL;ESCOLA DE TAPUIO (SANTA FÉ);TAPUIO
GRANJA;25;137;PARAZINHO;E.E.F. ESMERINO ARRUDA FILHO;RUA JOSE MARTINS, S/N
SANTA QUITÉRIA;54;43;CENTRO;ESCOLA DE ENSINO FUNDAMENTAL FRANCISCA GERACINA LÔBO MESQUITA;RUA TABELIÃO FRANCISCO DE PAULA LÔBO, SN.
REDENÇÃO;52;124;OUTEIRO DE FORA (SEDE);ESCOLA SEBASTIÃO JOSÉ BEZERRA;OUTEIRO DE FORA
DEPUTADO IRAPUAN PINHEIRO;55;93;CENTRO;CENTRO ADMINISTRATIVO DA ASSIST. SOCIAL ANT. HOLANDA LIMA;RUA CANDIDO BORGES
LAVRAS DA MANGABEIRA;14;3;CENTRO - SEDE;CENTRO EDUCACIONAL PEQUENO PRÍNCIPE - CEPP;RUA DOS COQUEIROS, 82
CAUCAIA;37;54;PARQUE SOLEDADE;COLEGIO JANUSA CORREA;RUA NOSSA SENHORA DOS PRAZERES, 238
JUAZEIRO DO NORTE;119;9;LIMOEIRO;EMEI IRMÃ NELY SOBREIRA (CRECHE);AV. JOSÉ BEZERRA, N. 216
JUAZEIRO DO NORTE;28;23;FRANCISCANOS;ECIM DOUTOR EDVAR TEIXEIRA FERRER;DOM PEDRO II 1643
JAGUARUANA;75;85;PATOS;UBASF JOAO CELEDONIO DA SILVA (PATOS);PATOS
MILAGRES;26;49;SITIO AGUA VERMELHA;ESCOLA FRANCISCO ANTONIO DE OLIVEIRA;SITIO AGUA VERMELHA
JUAZEIRO DO NORTE;28;320;CENTRO;EEEP PROFESSOR MOREIRA DE SOUSA;DO CRUZEIRO 497
PINDORETAMA;7;87;PRATIUS - 1;EMEB JOSÉ DE QUEIROZ FERREIRA;AV. VALE ALBINO, SN - RODOVIA CE 454 - PRATIUS - 1
HORIZONTE;78;151;CENTRO;EMEF MARIA REGIANA DA SILVA;RUA RAFAEL SANTOS, 530
JAGUARIBARA;72;54;CENTRO;ESCOLA MARIA ELZA RODRIGUES;RUA PORCINO MAIA, 825
FORTALEZA;114;51;BARRA DO CEARÁ;EM FRANCISCO DOMINGOS DA SILVA;AVENIDA PRESIDENTE CASTELO BRANCO 4707
GRANJEIRO;62;166;SÍTIO CANABRAVA DOS FERREIRAS;EEF AUGUSTO FERREIRA DA SILVA;SITIO CANABRAVA DOS FERREIRAS
CAUCAIA;123;536;PARQUE GUADALAJARA (JUREMA);CEI - CENTRO EDUCAÇÃO INFANTIL AFONSO BARBOSA;RUA SACY, 519
FORTALEZA;1;711;VICENTE PINZON;ESCOLA MUNICIPAL PROF BELARMINA CAMPOS;RUA MANOEL RODRIGUES MONTEIRO, 840
HIDROLÂNDIA;54;199;CENTRO;E.E.F.M. PRISCILA MACIEL DE FRANÇA;RUA PROFESSORA ARGENTINA FAÇANHA, 471
IBICUITINGA;47;63;CENTRO;CRAS- CENTRO DE REFERENCIA DA AÇÃO SOCIAL;RUA JOAO DUARTE 2212
ITAPIPOCA;17;618;ÁREA RURAL DE ITAPIPOCA;EEB PEDRO ALVES TEIXEIRA;GUARANI
ITAPIPOCA;17;6;ÁREA NOBRE;EEB TEREZINHA DE SOUSA FERREIRA ALBUQUERQUE;RUA JOSÉ DE ALENCAR, 497
ITAPIPOCA;17;486;MARANHÃO;EEB JOÃO IDÁLIO TEIXEIRA;RUA DR BEZERRA DE MENEZES, SN
FORTALEZA;117;147;NOVO MONDUBIM;CUCA MONDUBIM;RUA PROFESSOR GLAUCO LOBO S/N
CRATO;27;272;NOVO CRATO;EEMTI PREF. RAIMUNDO COELHO BEZERRA DE FARIAS;RUA FRANCISCO PIANCÓ LEITE S/N
PACATUBA;57;7;ALTO SAO JOAO;PROJETO ABC-PACATUBA;RUA FRANCISCO LOPES SOBRINHO, 1619
CRATO;27;337;NOVO CRATO;EEMTI PREF. RAIMUNDO COELHO BEZERRA DE FARIAS;RUA FRANCISCO PIANCÓ LEITE S/N
CAMPOS SALES;38;58;B. APARECIDA;E.E.F.T.I. - PADRE AZARIAS SOBREIRA - SEDE;RUA JOSÉ PINTO DA SILVA, S/N
FORTALEZA;2;408;MESSEJANA;EEEP JOSE DE BARCELOS;RUA ANGELICA GURGEL 362
FORTALEZA;3;17;CENTRO;COLÉGIO 7 DE SETEMBRO (SEDE NGS);AV. DO IMPERADOR, 1330
PEDRA BRANCA;59;143;SEDE;E.E.F.ANTONIO MATEUS DA ASSUNÇÃO;SÍTIO CAJAZEIRAS
MORADA NOVA;47;164;LAGOA GRANDE;EEB JOSE IRIS RABELO;LAGOA GRANDE
FORTALEZA;1;653;CAIS DO PORTO;ESCOLA DE GASTRONOMIA SOCIAL IVENS DIAS BRANCO;RUA MANUEL DIAS BRANCO,80
HIDROLÂNDIA;54;248;PROGRESSO;ESCOLA MUNICIPAL MARIA MIRIAN FERREIRA DE SOUZA;RUA FABIANA FERREIRA, SN.
CAUCAIA;123;566;PARQUE GUADALAJARA (JUREMA);ESCOLA E.E.I.E.F. EDUCANDÁRIO SÃO FRANCISCO;RUA PADRE ALFREDO NESI, 788
FORTALEZA;82;259;SÃO GERARDO;CEJA PAULO FREIRE;RUA OLAVO BILAC, 1300
JUAZEIRO DO NORTE;28;132;MARROCOS;EEF JOSE DE ARAUJO;VILA SAO GONCALO
SOBRAL;121;237;COHAB I;EEFM MONS. JOSE GERARDO FERREIRA GOMES(NOELIA);RUA MADALENA DE SÁ, S/N
CANINDÉ;33;254;ZONA RURAL;EMEF PRESIDENTE CASTELO BRANCO;LOCALIDADE DE SALGADO INGA
CANINDÉ;33;17;ZONA RURAL;CERU JOAO AMARO DE SOUSA;DISTRITO DE SALITRE
PEDRA BRANCA;59;92;CENTRO;CENTRO ADMINISTRATIVO CESÁRIO MENDES;RUA FURTUNATO SILVA, 45
QUIXERAMOBIM;11;39;CENTRO;ESCOLA ASSIS BEZERRA;RUA FRANCISCO IVO 60
ITATIRA;33;141;DISTRITO DE LAGOA DO MATO;EMEF ANTONIO HONORATO;RUA PRINCESA ISABEL S/N
FORTALEZA;115;47;ITAPERI;UNIVERSIDADE ESTADUAL DO CEARA - UECE;AV DR. SILAS MUNGUBA, 1700
QUIXERAMOBIM;11;154;MONTEIRO DE MORAIS;ESCOLA MARIA ARAUJO CARNEIRO;RUA DR SEBASTIAO CAVALCANTE, 58
IRAUÇUBA;41;11;CENTRO-SEDE;EEMTI DIRETORA MARIA DILMA BASTOS FERREIRA (ESCOLA DE ENSINO MEDIO);AVENIDA PAULO BASTOS, 68
ICÓ;15;109;SEDE URBANA;ESCOLA MUNICIPAL MANOEL ANTONIO NUNES;RUA DO CRUZEIRO S/N
JUAZEIRO DO NORTE;28;17;CENTRO;EEEP PROFESSOR MOREIRA DE SOUSA;DO CRUZEIRO 497
ARATUBA;105;74;CENTRO-SEDE;EEF PROFESSORA MARIA JULIA PEREIRA BATISTA;RUA TARGINO GOES S/N
QUIXERÉ;29;234;SEDE;EEB MANOEL GONCALVES DE SOUSA;SITIO LEAO
TIANGUÁ;81;181;CENTRO;E.E.M.T.I. MONSENHOR AGUIAR;RUA TEÓFILO RAMOS, 553
ITAITINGA;78;244;CENTRO;EEF GERALDO BATISTA DE LIMA;AV. CEL. VIRGÍLIO TÁVORA S/N
PEREIRO;10;145;DISTRITO DE CRIOULAS;ESCOLA MUNICIPAL DO 1 GRAU CANDIDO JOSE NOGUEIRA;DISTRITO DE CRIOULAS
AQUIRAZ;66;51;AROEIRAS;EMEF JOAO JAIME GADELHA;ESTRADA AROEIRA
JUAZEIRO DO NORTE;119;405;NOVO JUAZEIRO;(CENTRINHO)CENTRO DE INTEGRAÇÃO EDUCACIONAL VICÊNCIA MARIA DE OLIVEIRA;AVENIDA CASTELO BRANCO, SN
AQUIRAZ;66;62;DIVINEIA;ESCOLA DE EDUCAÇÃO PROFISSIONAL PROFESSORA ALDA FAÇANHA;AVENIDA NOSSA SENHORA DE LOURDES, S/N
BARREIRA;52;133;MEARIM III;ESCOLA BOANERGES JACÓ (CERUR);RUA JOÃO JULIÃO, N. 182
SÃO GONÇALO DO AMARANTE;36;163;QUEIMADAS;ESCOLA DE ENSINO FUNDAMENTAL JOAO GALDINO MARQUES;QUEIMADAS
GUARACIABA DO NORTE;74;32;DISTRITO;ESCOLA MUNICIPAL DE BANANEIRAS;BANANEIRAS
JARDIM;119;408;CENTRO;CRECHE TIO MICKEY;RUA VEREADOR LUIZ JORGE 332
BARREIRA;52;199;CENTRO;ESCOLA FRANCISCA AMÉLIA DA SILVA;AV MÃE SINFOROSA, SN
TURURU;17;705;ALTO DA PAZ;EMEF CECILIA SIQUEIRA;AV JOAO PATRICIO 583
IPUEIRAS;40;182;VILA NOVA;EEF ESTEVAM RODRIGUES MOREIRA - VILA NOVA;ESTEVAM RODRIGUES MOREIRA, 604
TIANGUÁ;81;225;SANTO ANTÔNIO;LICEU DE TIANGUÁ - JOSE NI MOREIRA;RUA ZENI, 12 - SANTO ANTONIO
POTENGI;68;56;VILA ALECRIM;ESCOLA MUNICIPAL PRESIDENTE CASTELO BRANCO - ALECRIM;SITIO ALECRIM
JUAZEIRO DO NORTE;28;463;JUVENCIO SANTANA;EEF PREFEITO JOSE MONTEIRO DE MACEDO;RUA SAO SALVADOR, 104
MISSÃO VELHA;16;4;MISSAO NOVA;CENTRO DE EDUCACAO RURAL PEDRO RAIMUNDO DA CRUZ - CERU;DISTRITO DE MISSAO NOVA
BATURITÉ;5;25;SÍTIO SERRA VERDE;EMEF ANTÔNIO BATISTA;SÍTIO SERRA VERDE, SN
AMONTADA;89;172;SABIAGUABA;EEBTI JOÃO RODRIGUES DE MELO;CAMPO GRANDE
SALITRE;38;156;ZONA RURAL, SALITRE/CE;E.E.I.F. FRANCISCO JACINTO DO NASCIMENTO - SERRA DOS JACINTOS;SERRA DOS JACINTOS
FORTALEZA;113;378;MONTESE;CENTRO DE ENSINO GRAU TÉCNICO;RUA BARÃO DE SOBRAL, N.712
FORTALEZA;3;580;MEIRELES;ESCOLA DE SAÚDE PÚBLICA DO CEARÁ;AV. ANTÔNIO JUSTA, 3161
VIÇOSA DO CEARÁ;35;155;LAMBEDOURO;E.E.F. DE OITICICAS;VILA OITICICAS
LAVRAS DA MANGABEIRA;14;55;MANGABEIRA - DISTRITO;ESCOLA DE 1 GRAU DR JOAO GONCALVES DE SOUZA;AV. SAO SEBASTIAO S/N
FORTALEZA;3;225;CENTRO;UNIARI - CENTRO UNIVERSITÁRIO ARI DE SÁ;AV. HERÁCLITO GRAÇA, 826
FORTALEZA;1;855;VICENTE PINZON;ESCOLA MUNICIPAL FREI TITO DE ALENCAR LIMA;AVENIDA DIOGUINHO 5927
HORIZONTE;78;222;CENTRO;CEI - MARIA DO CARMO OLIVEIRA;RUA MANOEL LUIZ, 459
ARACATI;8;207;NOSSA SENHORA DE LOURDES;E.F.T.I. MIRIAM CALIXTO LIMA GONDIM;RUA ANTONIO CALIXTO, 1735.
FORTALEZA;115;33;PARANGABA;EM THOMAZ POMPEU SOBRINHO;RUA JOSE MENELEU, 531
VIÇOSA DO CEARÁ;35;97;SITIO TOPE;E.E.I.F ALICE RODRIGUES PASSOS;SITIO TOPE
FORTALEZA;2;539;MESSEJANA;EEFM JOSE DE ALENCAR;RUA VENEZA, 84
FORTALEZA;94;696;ANTÔNIO BEZERRA;COLEGIO JULIA FIALHO;RUA JOSE ACIOLY 73
JUAZEIRO DO NORTE;28;228;FRANCISCANOS;COLÉGIO SÃO FRANCISCO DE ASSIS;NOSSA SENHORA DO CARMO SN
JUAZEIRO DO NORTE;28;6;CENTRO;CAGECE  - LOJA DE ATENDIMENTO CENTRO;RUA SÃO DOMINGOS
FORTALEZA;114;136;JARDIM IRACEMA;EM JOSÉ DE ALENCAR;RUA ALBERTO FERREIRA 248
PACUJÁ;79;189;CENTRO;E.E.M. PLACIDO ADERALDO CASTELO;RUA 22 DE SETEMBRO, SN
FORTALEZA;93;249;PREFEITO JOSÉ WALTER;ESCOLA MUNICIPAL ARI DE SA CAVALCANTE (JOSÉ WALTER);AV. H, 430 III ETAPA
ACARAPE;52;160;CANTAGALO;ESCOLA ANTÔNIO CORREIA DE CASTRO;CARRO ATOLADO
CRATEÚS;20;167;PATRIARCAS;CAPS DO PATRIARCAS - PROVISORIO;RUA JOSÉ VICENTE S/N
FORTALEZA;3;450;PRAIA DE IRACEMA;EEFM SANTA LUZIA;RUA JOÃO CORDEIRO, 711
FORTALEZA;80;425;DIONISIO TORRES;ASSEMBLÉIA LEGISLATIVA - UNIVERSIDADE DO PARLAMENTO CEARENSE;RUA BARBOSA DE FREITAS, 2674
FORTALEZA;2;766;MESSEJANA;EEEP JOSE DE BARCELOS;RUA ANGELICA GURGEL 362
FORTALEZA;117;424;BOM JARDIM;PROJETO ALIANÇA COM CRISTO;RUA WALDEMAR PAES BRAGANÇA 1208
MARACANAÚ;122;284;JAÇANAÚ;EMEF JOAQUIM AGUIAR;RODOVIA 065 KM 09 9821
SANTANA DO CARIRI;53;45;CENTRO;EEMTI ADRIÃO DO VALE NUVENS;AV. PATATIVA DO ASSARÉ, SN
LIMOEIRO DO NORTE;29;10;CENTRO;CENTRO DE EDUCACAO DE JOVENS E ADULTOS - CEJA;RUA DOS EXPEDICIONARIOS 2991
CAUCAIA;123;409;SÃO MIGUEL (JUREMA);E.E.F.M. ROTARY CLUB;RUA SÃO LUCAS, S/N - CONJUNTO SÃO MIGUEL I
IRAUÇUBA;41;143;CENTRO-SEDE;EEMTI DIRETORA MARIA DILMA BASTOS FERREIRA (ESCOLA DE ENSINO MEDIO);AVENIDA PAULO BASTOS, 68
VIÇOSA DO CEARÁ;35;134;CENTRO;CENTRO DE EDUCAÇÃO DE JOVENS E ADULTO;RUA JOSE JOAQUIM DE CARVALHO S/N
MARACANAÚ;122;103;MUCUNA;EMEF MARIA MARQUES DO NASCIMENTO;RUA JOSE NOGUEIRA MOTA, 83
FORTALEZA;3;123;JACARECANGA;COLÉGIO ESTADUAL LICEU DO CEARÁ;PRAÇA GUSTAVO BARROSO, 01
CAMPOS SALES;38;66;B. GUARANI;E.E.I.F LUCIANO TÓRRES DE MELO - SEDE;RUA CELERINO  NEPOMUCENO DE CARVALHO - S/N
FORTALEZA;3;580;MEIRELES;ESCOLA DE SAÚDE PÚBLICA DO CEARÁ;AV. ANTÔNIO JUSTA, 3161
FORTALEZA;2;184;CAMBEBA;SECRETARIA DA EDUCACAO - CAMBEBA;AVENIDA MINISTRO JOSE AMERICO, SN
IBICUITINGA;47;61;CENTRO;EEB ENEAS FERREIRA NOBRE;RUA CAPITAO MANOEL ANTONIO 2180
CRATEÚS;20;223;PATRIARCAS;CAPS DO PATRIARCAS - PROVISORIO;RUA JOSÉ VICENTE S/N
CAUCAIA;120;404;BOM PRINCIPIO;E.E.I.E.F. NICOLAU NORONHA;POVOADO DO DESERTO
PIQUET CARNEIRO;12;29;CENTRO;EEMEFTI AZARIAS FERNANDES;RUA ZACARIAS PINHEIRO DA SILVA  S/N
CAUCAIA;120;348;BOM PRINCIPIO;E.E.I.E.F. JOAO CORDEIRO DE MIRANDA;BR 020 - KM 37
SOBRAL;121;328;ARACATIAÇU;EEMTI ISRAEL LEOCADIO DE VASCONCELOS;PRACA DA VARZEA, 479 - ARACATIAÇU
COREAÚ;64;63;Cunhassu Velho;CUNHASSU VELHO - PRÉDIO DA ESCOLA MUNICIPAL;LOCALIDADE CUNHASSU VELHO
UMIRIM;23;255;CAXITORE-DISTRITO;E.E.F. IRACILVIA NUNES DE LIMA;CAXITORE
SANTANA DO CARIRI;53;47;SEDE RURAL;ASSOCIAÇÃO PRODUTORES RURAIS SÍTIO MAMÃO;SÍTIO MAMÃO, SN
MIRAÍMA;89;239;RIACHÃO;EEB MARIA AZEVEDO ROCHA;RUA GERALDO GOMES DE AZEVEDO
TEJUÇUOCA;41;182;VENANCIO;ESCOLA DE 1 GRAU JOSE BEZERRA SIQUEIRA;VENANCIO
EUSÉBIO;88;114;PEDRAS;EEF EVANDRO AYRES DE MOURA;RUA DOMINGOS SAVIO, 578 - PEDRAS
TAUÁ;19;152;MARRECAS;EPG JESUS MARIA JOSE;VILA DE MARRECAS
BOA VIAGEM;63;29;VILA AZUL;EEF OSMAR DE OLIVEIRA FONTES;RUA 26 DE JUNHO 59
MARANGUAPE;4;601;TANGUEIRA - MARANGUAPE;EMEIEF ANTÕNIO DE ABREU;RUA DEMETRIO FERREIRA , 372
CANINDÉ;33;58;IPUEIRA DOS GOMES - DISTRITO;EMEF FRANCISCO DELFINO GOMES;RUA EZEQUIEL GOMES
HIDROLÂNDIA;54;244;CAIXA D'ÁGUA;CRECHE PLÁCIDO MARTINS TORRES;RUA SEM DENOMINAÇÃO OFICIAL, SN.
CARIDADE;111;97;ZONA RURAL;EEIF FRANCISCO DE PINHO PESSOA - LOCALIDADE RIACHO DO MEIO;RIACHO DO MEIO
FORTALEZA;82;371;ELLERY;ESCOLA MUNICIPAL HONÓRIO BEZERRA;RUA CAPITÃO NESTOR GÓIS, 400
JUAZEIRO DO NORTE;28;450;SALESIANOS;COLEGIO SALESIANO SÃO JOÃO BOSCO;PADRE CICERO 1492
FORTALEZA;83;32;BELA VISTA;EEMTI ESTADO DO AMAZONAS;RUA MONSENHOR FURTADO 2327
JUCÁS;43;52;CENTRO - SEDE;ESCOLA DE ENSINO MÉDIO LUIZA TAVORA;RUA HILDELY CAVALCANTE 120
PACUJÁ;79;183;CENTRO;E.E.I.F. CORIOLANO ALVES DE BRITO;AV. CORIOLANO ALVES DE BRITO, S/N
JUAZEIRO DO NORTE;119;215;ROMEIRAO;CRECHE PROFESSORA MARIA LUIZA DANTAS;RUA ODILIO FIGUEIREDO, 264
ITATIRA;33;140;CENTRO;CEI. CHAVE DO SABER;RUA DOM HELIO CAMPOS, S/N
CARIÚS;43;172;SAO SEBASTIAO-DISTRITO;EEIF JOAO DIAS DE MORAIS (ANTIGA FRANCISCO XAVIER DE OLIVEIRA);VILA SAO SEBASTIAO
FORQUILHA;121;211;CENTRO;ESCOLA DE CIDADANIA MOESIO LOIOLA MELO JUNIOR(MODELO);AVENIDA GRANDE ORIENTE DO BRASIL SN
SÃO GONÇALO DO AMARANTE;36;244;PARADA;ESCOLA DE ENSINO FUNDAMENTAL POETISA ABGAIL SAMPAIO;PARADA
SÃO GONÇALO DO AMARANTE;36;311;LIBERDADE;ESCOLA DE ENSINO FUNDAMENTAL MARIA DO SOCORRO GOUVEIA;RUA FRANCISCO DUARTE - LIBERDADE
QUIXERAMOBIM;11;50;BELEM;ESCOLA GUILHERME CORREIA;BELEM
VIÇOSA DO CEARÁ;35;55;SITIO VAMBIRA;E.E.I.F DEPUTADO JANUARIO FEITOSA;SITIO VAMBIRA SN
IGUATU;13;293;JOSÉ DE ALENCAR;IGREJA DO SÍTIO BAIXAS;SITIO BAIXAS
IPU;21;46;SEDE;EEMTI AUTON ARAGAO;PCA SAO SEBASTIAO 1029 CENTRO
IGUATU;13;323;BARREIRAS;PSF DA VARZEA DA LAMA;SITIO VARZEA DA LAMA
FORTALEZA;116;83;GRANJA PORTUGAL;EM CONCEICAO MOURAO;RUA DUAS NACOES 550
MILAGRES;26;81;CASA PROPRIA;ESCOLA MARIETA CALLS;AV SANDOVAL LINS S/N
FORTALEZA;1;903;MANUEL DIAS BRANCO;COLÉGIO CÍVICO MILITAR BATALHA DO RIACHUELO;R. E, 100 - MANUEL DIAS BRANCO
IGUATU;13;105;AREIAS I;ESCOLA DE ENS MÉDIO ADAUTO BEZERRA;RUA DEOCLECIO LIMA VERDE SN
IGUATU;13;391;RIACHO VERMELHO;ESCOLA DE ENS FUND JEREMIAS FELIPE;SITIO MORADA NOVA
FORTALEZA;85;190;CONJUNTO CEARÁ I;EEFM JOSE LEOPOLDINO DA SILVA FILHO - UV4;RUA QUATROCENTOS E QUARENTA E OITO, 1, 2A ETAPA
FORTALEZA;1;552;VARJOTA;FACULDADE FARIAS BRITO - CASTRO MONTE;RUA CASTRO MONTE 1364
JUAZEIRO DO NORTE;119;30;FREI DAMIAO;ESCOLA MARIO DA SILVA BEM;RUA VEREADOR RAIMUNDO JOSÉ DA SILVA
CHORÓ;6;171;CAIÇARINHA;EEF SÃO JOSÉ;OLHO D'AGUA
FORTALEZA;114;268;PRESIDENTE KENNEDY;ESCOLINHA MUNDO INFANTIL;AVENIDA SARGENTO HERMÍNIO SAMPAIO 3787
GUAIÚBA;57;141;HELDER BEZERRA;EEM JOSÉ TRISTÃO FILHO;RUA MARIA DO CARMO, 100
GUAIÚBA;57;348;SANTO ANTONIO;ESCOLA DE EDUCAÇÃO BASICA SANTO ANTONIO;RUA JOAQUIM DIAS DA CUNHA, S/N
CRATEÚS;20;308;SÃO JOSÉ;ESCOLA DE CIDADANIA PROFA. CARLOTA COLARES DA PENHA OLIVEIRA;RUA FREI VIDAL DA PENHA, S/N
FORTALEZA;115;254;PARANGABA;FACULDADE UNINASSAU - PARANGABA;RUA GERMANO FRANCK, 567
SOBRAL;24;446;ALTO DO CRISTO;EEMTI PREFEITO JOSE EUCLIDES F. GOMES JUNIOR-(ANTIGO CIRAO);AV. HUMBERTO LOPES
SOBRAL;24;520;JOSÉ EUCLIDES;EEFI MARIA YEDA FROTA FELIX MONTALVERNE;RUA AIRTON SENNA, 300, CIDADE JOSE EUCLIDES II
CAMPOS SALES;38;39;DIST.  DE CARMELÓPOLIS;E.E.I.F OSSEAN ALENCAR ARARIPE - DIST. DE CARMELÓPOLIS;RUA VIRGÍLIO GOMES, 139
JUAZEIRO DO NORTE;119;4;LIMOEIRO;ESCOLA ODORINA CASTELO BRANCO SAMPAIO;AV. JOSÉ BEZERRA DE MENEZES S/N
PORTEIRAS;70;295;MOREIRA-SEDE;E E I F JOSÉ VILMAR ANSELMO;VILA MOREIRA
PALMÁCIA;4;161;CENTRO;CRAS CLEMENTINO RODRIGUES CAMPELO;RUA FRANCISCO DE QUEIROZ, S/N
ITAPIPOCA;17;49;CENTRO;CENTRO EDUCACIONAL PIO XII;RUA JOAO CORDEIRO 625
TEJUÇUOCA;41;95;SAO BENTO;ESCOLA MUNICIPAL JOSE MOREIRA CRUZ;SAO BENTO
ITAPIPOCA;17;550;BELA VISTA;EEB ANTONIO PIRES CHAVES;RAMADA
CRATO;27;234;PALMEIRAL;URCA - CURSO DE DIREITO;AVENIDA TEODORICO TELES, 745
CASCAVEL;7;297;CAPONGA;ESC.ENS.FUND. DE BALBINO;BALBINO
SÃO GONÇALO DO AMARANTE;36;208;PASSAGEM;ESCOLA DE ENSINO FUNDAMENTAL ADELINO ALCANTARA FILHO;PASSAGEM
CAUCAIA;123;451;PARQUE GUADALAJARA (JUREMA);COLÉGIO PLENO DO CEARÁ - CPC;RUA PADRE ALFREDO NESI, 363 (ANTIGA RUA CAMPECHE )
GRANJA;25;61;PARAZINHO;E.E.F.T.I. FRANCISCA CLEOMAR VERAS FREITAS (ANTIGA CERU);RUA JOSE MARTINS, S/N
FORTALEZA;116;468;GRANJA LISBOA;EM PROF LIREDA FACO;RUA TRES CORACOES 735
MARACANAÚ;122;219;NOVO ORIENTE;EMEF DEP ULYSSES GUIMARAES;RUA 29 N. 10
GUARAMIRANGA;5;229;PERNAMBUQUINHO-DISTRITO;ESCOLA RODRIGO DE ARGOLO CARACAS (PERNAMBUQUINHO);RODOVIA DE PERNAMBUQUINHO
FORTALEZA;116;412;BONSUCESSO;EM JOAO PAULO I;RUA LUIZ DE CASTRO 254
SOBRAL;24;245;RENATO PARENTE;ANEXO JOSE VICENTE PEREIRA(BOQUEIRAO);BOQUEIRAO - PÉ DA SERRA DA MERUOCA
CAUCAIA;120;408;SITIOS NOVOS;E.E.F. ALICE MOREIRA DE OLIVEIRA;RUA HENRIQUE MARTINS, S/N
CRATEÚS;20;147;SANTANA;ESCOLA DE CIDADANIA JOAO AFONSO DE ALMEIDA VALE;CARRAPATEIRA
PEDRA BRANCA;59;85;MINEIROLANDIA;ESCOLA DE ENSINO FUNDAMENTAL E MEDIO DE MINEIROLANDIA;AV OLAVO BILAC SN
FORTALEZA;118;673;PARQUE DOIS IRMÃOS;EMTI REITOR ROBERTO CLÁUDIO FROTA BEZERRA;AVENIDA 1, S/N
CARIRIAÇU;71;83;FEITOSA;POSTO DE SAÚDE DO SÍTIO SAMAMBAIA;SÍTIO SAMAMBAIA
PIQUET CARNEIRO;12;34;IBICUA;CSU - CENTRO SOCIAL URBANO;RUA JOSE ANANIAS, S/N
CRATEÚS;20;58;CIDADE NOVA;CENTRO DE EDUCACAO DE JOVENS E ADULTOS PROFESSOR LUIZ BEZERRA;RUA DR LUIZ CHAVES E MELO
FORTALEZA;83;155;JOÃO XXIII;CENTRO DE FORMAÇÃO E DESENV. PARA PROFISSIONAIS DA EDUCAÇÃO - FORMACE;RUA PORTO VELHO, 401
QUIXADÁ;6;264;RIACHO VERDE;EEF EDMILSON PINHEIRO;RIACHO VERDE, S/N
ACARAÚ;30;64;ZONA RURAL;ESCOLA MANOEL EDGAR DA SILVEIRA;CAUASSU
TURURU;17;662;AREA RURAL DE TURURU;CENTRO EDUCACIONAL PATRICIA MOTA DE FREITAS;ASSENTAMENTO NOVO HORIZONTE
FORTALEZA;118;652;SERRINHA;COLÉGIO SAGRADA FAMÍLIA;RUA MADRE ELISA BALDO, 331
SOBRAL;121;54;COHAB I;EEFM MONS. JOSE GERARDO FERREIRA GOMES(NOELIA);RUA MADALENA DE SÁ, S/N
CAPISTRANO;105;8;CENTRO;ESCOLA DE ENSINO FUNDAMENTAL FERNANDO CAVALCANTE MOTA;RUA JOSE SARAIVA SOBRINHO  S/N
FORTALEZA;95;339;JANGURUSSU;EMEIF JORNALISTA JOSÉ BLANCHARD GIRÃO DA SILVA;TRAVESSA MISSIONÁRIO OLIVEIRA,301
ICÓ;15;87;CENTRO - SEDE;CENTRO SOCIAL URBANO NICIA MARCILIO;RUA FRANCISCO MACIEL S/N
FORTALEZA;93;299;ARACAPÉ;EMEIF IVANILSON SOUZA LIMA COSTA;RUA POLIANA N.102
OCARA;67;207;SERRAGEM-DISTRITO;ESCOLA MUNICIPAL MANOEL TOMAZ DE LIMA - ENSINO FUNDAMENTAL;LAGOINHA
NOVA RUSSAS;48;178;UNIVERSIDADE;COLÉGIO MUNICIPAL ONZE DE NOVEMBRO;AV. JOÃO GREGÓRIO TIMBÓ
ITAPIPOCA;17;582;BARRENTO;EEB PEDRO PAULO DE SOUSA;BARRENTO
FORTALEZA;113;389;MONTESE;IMPARH;AV JOAO PESSOA, 5.609
INDEPENDÊNCIA;39;4;CENTRO;E.E.F. ABIGAIL ANTUNES MARQUES;RUA DO CRUZEIRO, 208
SOBRAL;24;643;DOM JOSÉ;EEFI ANTENOR NASPOLINI;RUA PREFEITO JERONIMO PRADO, S/N
CAUCAIA;37;491;PADRE ROMUALDO;E.E.F. AUGUSTO CESAR SILVA SALES;RUA 15 DE NOVEMBRO, 456
ITAPIPOCA;17;344;DESERTO;EEB MANOEL RODRIGUES SOBRINHO;RUA MANOEL RODRIGUES SOBRINHO, SN
CRATEÚS;20;196;TUCUNS;ASSOCIAÇÃO DOS PEQUENOS PRODUTORES DE LAGOAS;LAGOAS
CAUCAIA;123;512;MARECHAL RONDON (JUREMA);E.E.I.E.F. RAIMUNDO JERÔNIMO DE SOUSA;RUA JÚLIO ROCHA, 220 - KM 14/JUREMA
MARACANAÚ;104;103;JEREISSATI I;EEMTI PROFESSOR CLODOALDO PINTO;AVENIDA CONTORNO NORTE, 99
SÃO GONÇALO DO AMARANTE;36;139;SIUPE-DISTRITO;ESCOLA DE ENSINO FUNDAMENTAL DONA FILOMENA MARTINS;SIUPE
JAGUARETAMA;72;84;SITIO ALEGRE;ESCOLA MUNICIPAL DE ENSINO FUNDAMENTAL SÃO JOSÉ;SITIO ALEGRE
HIDROLÂNDIA;54;15;CENTRO;E.E.F.M. PRISCILA MACIEL DE FRANÇA;RUA PROFESSORA ARGENTINA FAÇANHA, 471
CAUCAIA;123;448;PARQUE GUADALAJARA (JUREMA);COLÉGIO PLENO DO CEARÁ - CPC;RUA PADRE ALFREDO NESI, 363 (ANTIGA RUA CAMPECHE )
FORTALEZA;118;562;MONDUBIM;COLÉGIO CONECTIVO;RUA GENERAL ONOFRE, 445
SOBRAL;24;452;JOSÉ EUCLIDES;EEM MINISTRO JARBAS PASSARINHO;AVENIDA JOHN SANFORD, S/N
CAUCAIA;123;510;PARQUE GUADALAJARA (JUREMA);COLÉGIO PLENO DO CEARÁ - CPC;RUA PADRE ALFREDO NESI, 363 (ANTIGA RUA CAMPECHE )
SÃO GONÇALO DO AMARANTE;36;93;TAIBA-DISTRITO;ESCOLA DE EDUCAÇÃO BÁSICA PROFª ALBA HERCULANO ARAÚJO;RUA CAPITAO INACIO PRATA SN -TAÍBA
PACATUBA;57;72;PAVUNA;EEIEF PEDRO DE SA RORIZ;RUA ZULEIDA DE SA RORIZ, 18
JUAZEIRO DO NORTE;119;162;LAGOA SECA;ESCOLA DOUTOR MOZART CARDOSO DE ALENCAR;ARNOBIO BACELAR CANECA
FORTALEZA;114;49;BARRA DO CEARÁ;EM CASIMIRO JOSÉ LIMA FILHO;AVENIDA FRANCISCO SÁ 6449
HORIZONTE;78;100;CATOLÉ;EMEF JOAO ANTONIO DA SILVA;RUA MANOEL DAMASCENO DA COSTA, 701
QUIXERÉ;29;218;SEDE;EEIF VEREADOR RAIMUNDO NONATO DE SENA;RUA MANOEL GONCALVES 1458
PEDRA BRANCA;59;27;CAPITÃO MOR;E.E.F. ANTONIO TORQUATO SOUSA;VILA CAPITAO MOR
IRACEMA;86;112;ZONA RURAL;E. PRUDENCIO PESSOA DE QUEIROZ;SITIO BARREIROS
CASCAVEL;7;19;CENTRO;EMEB PROFESSORA THEREZINHA MESQUITA DE JESUS CIRÍACO (ANTIGA CNEC);RUA PREF. LUIS BENICIO SAMPAIO, 2506
ARACATI;8;64;PEDREGAL;E.E.F. PROF ANTONIO MONTEIRO;NUCLEO HABITACIONAL
SANTA QUITÉRIA;54;151;DISTRITO DE LISIEUX;E.E.M. MARIA NEUSA ARAÚJO MOURA;RUA ANTONIA BRAGA, S/N.
QUIXERÉ;29;206;SEDE;CENTRO EDUC. CENECISTA IMACULADA CONCEIÇÃO;RUA JOAQUIM MOREIRA 260
FARIAS BRITO;62;198;SEDE;EEF MARIA CARMOSINA PINHEIRO RODRIGUES;TRAVESSA ENOCH RODRIGUES, 53
MARANGUAPE;4;60;CENTRO - MARANGUAPE;CEJA MANOEL SEVERO BARBOSA;RUA RAIMUNDO HERBSTER, 230
FORTALEZA;113;19;BENFICA;IFCE - INST FEDERAL DE CIÊNCIA E TECNOLOGIA (CEFET);AV. 13 DE MAIO, 2081
SANTA QUITÉRIA;54;163;FLORES;ESCOLA MUNICIPAL CONCEIÇÃO CATUNDA;RUA JOÃO PESSOA PESSOA, S/N. - FLORES
PARAMBU;19;314;VILA NOVA;ESCOLA FRANCISCA CARVALHO NORONHA;RUA SÃO FRANCISCO, S/N
BREJO SANTO;70;21;CENTRO-SEDE;UNIDADE BÁSICA DE SAÚDE CORAÇÃO DE JESUS;PRACA DIONISIO ROCHA DE LUCENA 207
ARACOIABA;67;66;CENTRO-SEDE;ESCOLA ALMIR PINTO - ENSINO FUNDAMENTAL E MEDIO;RUA SANTOS DUMONT 363
PACATUBA;57;199;CONJUNTO JEREISSATI II;EEIEF ANA ALBUQUERQUE;AVENIDA XVIII SETOR F S/N
TRAIRI;97;167;BACUMIXA;EEF ANTONIO MIGUEL PORTO;BACUMIXA
SOBRAL;24;498;ALTO DO CRISTO;EEMTI PREFEITO JOSE EUCLIDES F. GOMES JUNIOR-(ANTIGO CIRAO);AV. HUMBERTO LOPES
PACATUBA;57;322;PAVUNA;ESCOLA DE 1 GRAU MARIA GUIOMAR BASTOS CAVALCANTE;RUA TOPAZIO, 331, VELHO TIMBO
FORTALEZA;118;600;DIAS MACEDO;EMEF PROFESSOR JOAO HIPPÓLYTO DE AZEVEDO E SÁ;RUA 03 N. 88 RESIDENCIAL NAPOLEAO VIANA
SÃO BENEDITO;22;78;SITIO CARNAUBA;ASSOCIACAO COMUNITARIA CARNAUBA 1;SITIO CARNAUBA I
FORTALEZA;1;385;VICENTE PINZON;ESCOLA PROFISSIONAL MARIA ANGELA DA SILVEIRA BORGES;RUA PINTOR ANTONIO BANDEIRA, S/N
CAMOCIM;32;210;ZONA RURAL;ESCOLA JOSE NAZUZA DIAS - PESQUEIRO;LOCALIDADE DE PESQUEIRO
GUAIÚBA;57;267;HELDER BEZERRA;EEM JOSÉ TRISTÃO FILHO;RUA MARIA DO CARMO, 100
MOMBAÇA;46;14;CENTRO;UNIDADE BÁSICA DE SAÚDE FRANCISCO MARTINS SOBRINHO;AV. ANTONIO JAIME BENEVIDES FILHO, 706 - VILA IRACEMA
FORTALEZA;85;386;CONJUNTO CEARÁ I;EMEIF IRMÃ MARIA EVANETE;AV D, 1015 2 ETAPA
ACARAÚ;30;17;CENTRO;ESCOLA TOMAZ POMPEU DE SOUSA BRASIL;RUA JOSE JULIO LOUZADA 550
BELA CRUZ;96;59;SAO GONCALO-LOCALIDADE;EEMTI PROFESSORA THEOLINA DE MURYLLO ZACAS;LOCALIDADE SÃO GONÇALO
IBICUITINGA;47;153;ANTONIO PEREIRA;EEB MANOEL VICENTE FERREIRA;SITIO ANTONIO PEREIRA
PEDRA BRANCA;59;150;SANTA TEREZINHA;ESCOLA DE ENSINO MÉDIO ELZA GOMES MARTINS;RUA DOCA PESSOA, 80
QUIXADÁ;6;226;CENTRO;SECRETARIA MUNICIPAL DE SAÚDE (ANTIGO GVA);RUA FRANCISCO ENEAS DE LIMA, 2049
SOLONÓPOLE;55;34;SAO JOSE;ESCOLA DE 1 GRAU MUNDOCA MOREIRA;RUA MIGUEL FIRMIANO
SOBRAL;24;330;EXPECTATIVA;EEFI TRAJANO DE MEDEIROS (LAVANDERIA);AVENIDA DR. JOSE EUCLIDES FERREIRA GOMES JUNIOR, S/N
LIMOEIRO DO NORTE;29;7;CENTRO;CENTRO DE EDUCACAO DE JOVENS E ADULTOS - CEJA;RUA DOS EXPEDICIONARIOS 2991
IPAPORANGA;20;250;CENTRAL;ESCOLA DE EDUCAÇÃO INFANTIL PEQUENO PRÍNCIPE;RUA GABRIELRODRIGUES JÚNIOR, 101
IGUATU;13;235;JOSÉ DE ALENCAR;CAPELA DA CONCEICAO DOS VICENTES;CONCEICAO DOS VICENTES
FORTALEZA;112;527;CIDADE DOS FUNCIONÁRIOS;ESCOLA VITAL DIDONET;RUA SERTÃO DOS INHAMUNS 201
ITAPIPOCA;17;327;DESERTO;EEB FRANCISCO TABOSA BRAGA;RETIRO NOVO
IRACEMA;86;85;DA PAZ;EEF ALBATIZA TAVARES DE OLIVEIRA GUERRA;RUA JOÃO TAVARES MAGALHÃES
ITAPIPOCA;17;314;URBANO TEIXEIRA;EEB ADAUTO BEZERRA;RUA JOAQUIM RODRIGUES TEIXEIRA
ACOPIARA;60;108;TRUSSU;EEFM SOLON GUEDES CAVALCANTE;VILA DE TRUSSU
IPAUMIRIM;92;124;CANAUNA-DISTRITO;E.E.F.T.I. FRANCISCO DE MELO E SILVA;DISTRITO DE CANAUNA, SN
FORTALEZA;1;464;VARJOTA;ESCOLA ESTADUAL  BARBARA DE ALENCAR;RUA PEDRO RUFINO 38
CAUCAIA;123;499;SÃO MIGUEL (JUREMA);E.E.F.M. ROTARY CLUB;RUA SÃO LUCAS, S/N - CONJUNTO SÃO MIGUEL I
ITAREMA;98;159;CENTRO;EMEF PE ARISTIDES ANDRADE SALES;AV JOAO BATISTA RIOS S/N
FORTALEZA;113;387;ITAOCA;CRECHE MUNDO MÁGICO;RUA EUSÉBIO DE QUEIROS, 912
FORQUILHA;121;233;EDMUNDO RODRIGUES;EEFM ELZA GOERSCH;AV CRIANÇA DANTE VALERIO S/N CENTRO
CRATO;27;317;PARQUE RECREIO;EEF ALDEGUNDES GOMES DE MATTOS;RUA JOÃO PEREIRA LUNA, 803
CASCAVEL;7;234;MUTIRÃO;ESC.ENS.FUND. LIBIA RIBEIRO;RUA LIBIA RIBEIRO, S/N
CRATEÚS;20;67;ALTAMIRA;ESCOLA TECNICA DE COMERCIO PADRE JUVENCIO;RUA JOAO SOARES, 15
FORTALEZA;95;267;CAJAZEIRAS;EEMTI PROF. PAULO AYRTON ARAUJO - PRÉDIO ANTIGO;BR 116 KM 05, EM FRENTE AO ASSAÍ ATACADISTA
FORTALEZA;83;717;JÓQUEI CLUBE;CENTRO UNIVERSITÁRIO ESTÁCIO - CAMPUS PARANGABA;AVENIDA SENADOR FERNANDES TÁVORA, 137
FORTALEZA;113;390;MONTESE;IMPARH;AV JOAO PESSOA, 5.609
ARACOIABA;67;27;PLACIDO MARTINS-DISTRITO;ESCOLA MUNICIPAL ELIAS XAVIER NOGUEIRA;VARZEA QUEIMADA
POTENGI;68;60;SITIO ESCONDIDO;UBS - SÍTIO ESCONDIDO;SITIO ESCONDIDO
TURURU;17;652;CONCEIÇÃO DOS CAETANOS / ZONA RURAL;EMEF CAETANO JOSE DA COSTA;CONCEIÇÃO DOS CAETANOS
FORTALEZA;116;476;BOM JARDIM;EM MANOEL MALVEIRA MAIA;RUA MANUEL GALDINO 2890
FARIAS BRITO;62;207;QUINCUNCA;EEF COSMO ALVES PEREIRA;RUA LADISLAU PEREIRA, 77
AURORA;69;53;ARACA-SEDE;E.E.F.P. LEOPOLDINA GONÇALVES QUEZADO;RUA MARICA LEITE,285
BARBALHA;31;28;VILA SANTO ANTONIO;ETI JOSEFA ALVES DE SOUSA;RUA ZUCA SAMPAIO, S/N (EM FRENTE AO HOSPITAL DO CORAÇÃO)
FORTALEZA;116;191;GRANJA LISBOA;EM PROF LIREDA FACO;RUA TRES CORACOES 735
FORTALEZA;113;72;DAMAS;COLÉGIO JUVENAL DE CARVALHO;AV. JOÃO PESSOA, 4279
LIMOEIRO DO NORTE;29;123;CENTRO;FACULDADE DE FILOSOFIA D AURELIANO MATOS;AV DOM AURELIANO MATOS 2058
FORTALEZA;95;279;PARQUE SANTA MARIA;EMEIF JOSÉ MOREIRA LEITÃO;RUA HONORINO MAIA, 467
LAVRAS DA MANGABEIRA;14;109;IBOREPI - DISTRITO;EEF FRANCISCO ASSIS DE SOUZA;RUA RAIMUNDO RODRIGUES VIANA
SANTA QUITÉRIA;54;249;PEREIROS;E. E. F. DEPUTADO CHICO FIGUEREDO;RUA EDSON LOBO DE MESQUITA
FORTALEZA;118;507;PARQUE DOIS IRMÃOS;EM MANUEL LIMA SOARES;AVENIDA NORTE SUL, 145 (CJ JARDIM PRIMAVERA)
LAVRAS DA MANGABEIRA;14;36;MANGABEIRA - DISTRITO;CENTRO DE EDUCAÇÃO INFANTIL PAPA PAULO VI - CRECHE;RUA TOMAZ DE LEMOS, S/N, CENTRO
FORTALEZA;115;44;ITAPERI;UNIVERSIDADE ESTADUAL DO CEARA - UECE;AV DR. SILAS MUNGUBA, 1700
MARANGUAPE;4;40;ITAPEBUSSU;EEMTI ANTÔNIO MARQUES DE ABREU;RUA MANUEL GUEDES MARTINS, 1076.
JUAZEIRO DO NORTE;28;245;FATIMA;EEF JOSE FERREIRA MENEZES;PEDRO GUILHERME DA SILVA S/N
ARNEIROZ;101;69;MACAUI;ESCOLA DE 1 GRAU MARIO DA SILVA LEAL;MACAUI
FORTALEZA;115;388;VILA PERI;COLEGIO JIM WILLSON;AV. AUGUSTO DOS ANJOS, 1915
JUAZEIRO DO NORTE;28;101;PIO XII;EMTI FIGUEIREDO CORREIA;PRACA DA CONCEICAO S/N
MARACANAÚ;122;160;PIRATININGA;EMEF RUI BARBOSA;RUA DO CAMPO 51
HIDROLÂNDIA;54;14;CENTRO;E.E.F.M. PRISCILA MACIEL DE FRANÇA;RUA PROFESSORA ARGENTINA FAÇANHA, 471
CRATO;27;297;GISÉLIA PINHEIRO;EEMTI JUVÊNCIO BARRETO;RUA JUVÊNCIO BARRETO S/N
IBICUITINGA;47;265;VICOSA;EEB ANTONIO EDUARDO GIRAO;VICOSA  - SEDE
CAUCAIA;123;487;PARQUE ALBANO (JUREMA);E.E.F.M. NOÉLIA ALENCAR;RUA 06, 125 - CONJUNTO SÃO MIGUEL II
ITAPIPOCA;17;102;ÁREA RURAL DE ITAPIPOCA;EEB JOSE MANOEL DOS SANTOS;SAQUINHO
FORTALEZA;1;33;COCÓ;UNINTA - FACULDADE UNINTA FORTALEZA;RUA VILEBALDO AGUIAR,133
FORTALEZA;1;727;CAIS DO PORTO;ESCOLA MUNICIPAL PROF. GODOFREDO DE CASTRO FILHO;AVENIDA JOSÉ SABÓIA  905
ACOPIARA;60;210;SEDE;EEF SERAFIM DE SOUZA LIMA;VILA AROEIRA
ITAPIPOCA;17;511;CRUZEIRO;EEB PROFESSOR PEDRO TEIXEIRA BARROSO;RUA ANTONIO BARROSO NETO S/N
ABAIARA;26;117;TRIANGULO UNHA DE GATO;ESCOLA PINGO DE GENTE;TRIANGULO UNHA DE GATO
EUSÉBIO;88;253;AUTODROMO;CEI EDMILSON PINHEIRO;AV. LUISA TÁVORA, S/N
FORTALEZA;114;246;BARRA DO CEARÁ;CENTRO DE EDUCAÇÃO COMPLEMENTAR (CEDCE) - ANTIGO SESI;AVENIDA FRANCISCO SÁ 6623
FORTALEZA;114;187;BARRA DO CEARÁ;EM JADER DE FIGUEIREDO CORREIA;RUA TOCANDIRA 61
MUCAMBO;79;231;PEDRA DE FOGO;ESCOLA JOSE DOMINGOS DE ALCANTARA;PEDRA DE FOGO
ACOPIARA;60;36;DISTRITO DE SANTO ANTONIO;EEF EZEQUIEL FERREIRA LIMA;SITIO SANTA LUZIA
MARACANAÚ;122;137;COQUEIRAL;EMEF JOSE BELISARIO DE SOUSA;RUA MANOEL MOREIRA LIMA 790
PORANGA;40;154;SEDE;EMEB ITELVINA SILVINA DE PINHO - SEDE;AV. DR. EPITÁCIO PINHO
CAMOCIM;32;47;CRUZEIRO;CENTRO SOCIAL URBANO - CSU;RUA RIACHUELO S/N
CAUCAIA;120;325;PRIMAVERA;E.E.I.E.F. DOMINGOS ABREU BRASILEIRO;BR 222 - KM 30
ACOPIARA;60;157;TRUSSU;EEF MARIA ADELINA DE OLIVEIRA;SITIO LOGRADOURO
NOVA RUSSAS;48;212;TIMBAÚBA;ESCOLA MUNICIPAL SÃO JOSÉ;RUA ANTONIO ALVES DA COSTA, 291
FORTALEZA;2;499;LAGOA REDONDA;COLÉGIO AGNUS SUL;TRAVESSA MARROCOS, 145
FORTALEZA;118;301;SERRINHA;EEFM PROFESSOR JADER MOREIRA DE CARVALHO;RUA PROFESSORA HELOISA FERREIRA LIMA, 420
MUCAMBO;79;232;PEDRA DE FOGO;ESCOLA JOSE DOMINGOS DE ALCANTARA;PEDRA DE FOGO
EUSÉBIO;88;258;PARQUE HAWAÍ;CEI ALISSON SILVA DOS SANTOS;RUA IRMÃ AMBROSINA, S/N
JUAZEIRO DO NORTE;28;303;MARROCOS;EEF JOSE DE ARAUJO;VILA SAO GONCALO
LIMOEIRO DO NORTE;29;141;SOCORRO;CASA DE MARIA;SITIO SOCORRO
GUARACIABA DO NORTE;74;96;DISTRITO;CAPELA NOSSA SENHORA DA MEDALHA MILAGROSA - CACIMBA DO MEIO;CACIMBA DO MEIO
JUAZEIRO DO NORTE;28;162;CENTRO;EEIF PADRE CICERO;MONSENHOR JOVINIANO BARRETO 116
IRAUÇUBA;41;155;MANDACARU;ESCOLA DE ENSINO INFANTIL E FUNDAMENTAL ANTÔNIO VIDAL;MANDACARU
GUAIÚBA;57;51;CENTRO;EEBM MANUEL BALTAZAR DE FREITAS;RUA LEIRIA DE ANDRADE 409
PARAMBU;19;379;MONTE SION;ESCOLA VICENTE LOPES DA SILVA;SERRA DOS LOPES
FORTALEZA;82;243;PIRAMBU;EEFM GOVERNADOR FLÁVIO MARCÍLIO;AV. PASTEUR, 575
LIMOEIRO DO NORTE;29;37;CENTRO;EEM LAURO REBOUCAS DE OLIVEIRA;RUA DOS EXPEDICIONARIOS 2921
JUCÁS;43;298;ALTO DO TÓ - SEDE;CENTRO EDUCACIONAL JUCAENSE - CEJUC;RUA JOSÉ GERSON DUARTE, S/N
MOMBAÇA;46;39;CENTRO;ESCOLA DE ENSINO FUNDAMENTAL CRISTO REI;RUA JOSE SEVERINO FILHO N 39                      SEDE
ITATIRA;33;401;DISTRITO DE LAGOA DO MATO;ANEXO - JOSÉ PAULO DE SOUSA;AV.NOSSA SENHORA DO CARMO S/N
RERIUTABA;79;110;RIACHO DAS FLORES;E.E.I.F. ANTÔNIO CARLOS DE MESQUITA;RIACHO DAS FLORES - ZONA RURAL
FORTALEZA;117;282;PARQUE SÃO JOSÉ;CITS PARQUE SÃO JOSÉ - CENTRO DE INCLUSÃO TECNOLÓGICA E SOCIAL;RUA CÔNEGO DE CASTRO, 3955
AQUIRAZ;66;249;TAPERA;EMEF PLACIDO CASTELO;RUA ASSIS BENTO DE FREITAS, 970 - BARRINHA
CARIÚS;43;173;SAO SEBASTIAO-DISTRITO;EEIF JOAO DIAS DE MORAIS (ANTIGA FRANCISCO XAVIER DE OLIVEIRA);VILA SAO SEBASTIAO
JUAZEIRO DO NORTE;119;446;SANTA TEREZA;COLEGIO POLIVALENTE;JOSE MARROCOS SN
ARATUBA;105;103;CENTRO-SEDE;SEDUC (POLO DE ATENDIMENTO);RODOVIA COACY PEREIRA
SANTA QUITÉRIA;54;65;BOA VIDA;E.E.E.P.  MONSENHOR LUIZ XIMENES FREIRE;AVENIDA MELQUIADES MOURÃO, SN.
AQUIRAZ;66;82;PRAINHA;EMEF RITA PAULA;AV. DAMIÃO TAVARES  DE SOUSA, S/N
JARDIM;119;338;CORRENTE;ESCOLA LUIZ LEITE BRINGEL;POVOADO DE CORRENTE  SN
QUIXELÔ;13;142;CENTRO;ESCOLA DE ENS FUND E MÉDIO PROFESSOR LUIS DE GONZAGA FONSECA MOTA;RUA VITORINO JOSE DE OLIVEIRA SN
TIANGUÁ;81;223;ÁREA RURAL DE TIANGUÁ;CENTRO DE EDUCAÇÃO BÁSICA BENJAMIN DAMASCENO E VASCONCELOS;SÍTIO CROATÁ
MORADA NOVA;47;47;CENTRO;CEBCJEC -CENTRO DE EDUCAÇÃO BÁSICA CORONEL JOSÉ EPIFÂNIO DAS CHAGAS;AV MANOEL CASTRO, 600
FORTALEZA;94;811;ANTÔNIO BEZERRA;COLEGIO JULIA FIALHO;RUA JOSE ACIOLY 73
PINDORETAMA;7;30;CENTRO-PINDORETAMA;EMEB FRANCISCA HOLANDA COSTA;RUA MARECHAL CASTELO BRANCO, 1074
TIANGUÁ;81;233;RÉGIS DINIZ;E.E.F. DOM FCº. JAVIER HERNANDEZ ARNEDO;RUA SÃO BERNARDO, S/N
MORADA NOVA;47;224;SAO JOSE;EEB PROFESSORA HILDA PONCIANO DE OLIVEIRA LIMA(ESCOLA MODELO);RUA RAIMUNDO CARNEIRO GIRÃO, 872
MAURITI;76;60;PALESTINA DO CARIRI-DISTRITO;UBS QUIXABINHA;SITIO CANABRAVINHA
FORTALEZA;116;81;GRANJA PORTUGAL;EM CONCEICAO MOURAO;RUA DUAS NACOES 550
VIÇOSA DO CEARÁ;35;163;SITIO LAGOA DO BARRO;GRUPO ESCOLAR DA LAGOA DO BARRO;SITIO LAGOA DO BARRO
POTIRETAMA;86;53;ZONA RURAL;ESCOLA DE 1 GRAU ANTONIO ALVES GRANGEIRO;DISTRITO DE CANINDEZINHO
BATURITÉ;5;9;CENTRO-SEDE;EMEF DOMINGOS SAVIO;AV DOM BOSCO, 393
CAUCAIA;123;491;PARQUE POTIRA (JUREMA);COLÉGIO ESTADUAL LICEU DE CAUCAIA;RUA ARAQUÉM, 1100 - PARQUE POTIRA (JUREMA)
FORTALEZA;82;641;ÁLVARO WEYNE;ESCOLA MUNICIPAL PATATIVA DO ASSARÉ;RUA FREI TEOBALDO,646
FORTALEZA;2;149;MESSEJANA;EMEIF ANGELICA GURGEL;RUA DOUTOR PERGENTINO MAIA, 375
FORTALEZA;3;301;CENTRO;CENTRO DE PASTORAL MARIA, MÃE DA IGREJA;RUA RODRIGUES JÚNIOR, 300
HORIZONTE;78;128;QUEIMADAS;EMEF QUILOMBOLA OLIMPIO NOGUEIRA LOPES;RUA RAIMUNDO LOPES, 1083
MARCO;96;93;CENTRO-SEDE;CENTRO EDUCACIONAL CENECISTA SAO MANUEL;RUA PARSIFAL BARROSO 375
FORTALEZA;2;132;MESSEJANA;EEM DEPUTADO PAULO BENEVIDES;RUA ANGELICA GURGEL, 186
FORTALEZA;113;358;MONTESE;COLÉGIO ESTADUAL PRESIDENTE HUMBERTO CASTELO BRANCO;RUA IRMA BAZET, 210
MERUOCA;24;577;Centro;EEIF - DEPUTADO FRANCISCO MONTE;AV PEDRO SAMPAIO 471
FORTALEZA;114;309;BARRA DO CEARÁ;EM FRANCISCO DOMINGOS DA SILVA;AVENIDA PRESIDENTE CASTELO BRANCO 4707
VIÇOSA DO CEARÁ;35;27;CENTRO;E.E.M.T.I IRMA LINS;AVENIDA SEBASTIAO NOGUEIRA S/N
PACATUBA;57;65;MONGUBA;EEIEF MAJOR MANOEL ASSIS NEPOMUCENO;MONGUBA
FORTALEZA;85;234;CONJUNTO CEARÁ I;EEFM DOUTOR GENTIL BARREIRA;RUA 202-D, S/N - CONJUNTO CEARÁ I
MASSAPÊ;45;22;CENTRO;GEST MONS. MANOEL HENRIQUES;TRAVESSA PADRE LINHARES 60
IRACEMA;86;94;CENTRO;E.E.F.M. ENEAS OLIMPIO DA SILVA;RUA CAP MANOEL RUFINO DE NEGREIROS, 35
FORTALEZA;94;927;ANTÔNIO BEZERRA;COLÉGIO EVOLUIR;RUA CÂNDIDO MAIA,109
FORTALEZA;2;98;LAGOA REDONDA;COLÉGIO AGNUS SUL;TRAVESSA MARROCOS, 145
FORTALEZA;1;755;VICENTE PINZON;ESCOLA MUNICIPAL PROF BELARMINA CAMPOS;RUA MANOEL RODRIGUES MONTEIRO, 840
BARBALHA;31;79;BURITI;ASSOCIAÇÃO PESTALOZZI DE BARBALHA (BURITI);AV. JOSÉ BERNARDINO, KM 03 (PROX DA ESCOLA EDSON OLEGÁRIO)
GRANJEIRO;62;163;SÍTIO SERRINHA;EEIF PROFA FCA DE ARAÚJO BORGES (D. FRANSQUINHA);SITIO SERRINHA
FORTALEZA;93;195;PLANALTO AYRTON SENNA;EM ADALBERTO STUDART FILHO;RUA DO CAMPO, 25
VIÇOSA DO CEARÁ;35;98;SITIO INHARIM;E.E.F JOSIAS VIEIRA DA SILVA;SITIO INHARIM
FORTALEZA;80;371;FÁTIMA;INSTITUTO DE EDUCAÇÃO DO CEARÁ;RUA GRACILIANO RAMOS, 52
FORTALEZA;2;801;JOSÉ DE ALENCAR;EEFM IRACEMA;RUA EGIDIO DE OLIVEIRA, 250
MARACANAÚ;104;398;JARDIM BANDEIRANTES;EMEF EVANDRO AYRES DE MOURA;RUA SÃO SEBASTIÃO, 341
FORTALEZA;1;932;COCÓ;UNINTA - FACULDADE UNINTA FORTALEZA;RUA VILEBALDO AGUIAR,133
FORTALEZA;118;137;ITAPERI;EM ZAIRA MONTEIRO GONDIM;RUA PEDRO AGUIAR, 315
FORTALEZA;82;513;CRISTO REDENTOR;EM VIRGÍLIO TÁVORA;AV. MONSENHOR HÉLIO CAMPOS, 155
VIÇOSA DO CEARÁ;35;88;QUATIGUABA;CEI SANTO EXPEDITO;SITIO QUATIGUABA
PEDRA BRANCA;59;110;SEDE;ESCOLA DE ENSINO FUNDAMENTAL MANOEL EVANGELISTA MOREIRA;SITIO BOM SUCESSO
SOBRAL;24;622;JOSÉ EUCLIDES;EEFI MOCINHA RODRIGUES;RUA EVANGELINA SABOIA, S/N
PACATUBA;57;238;ALTO SAO JOAO;EEIEF DR. CARLOS ALBERTO DE ALMEIDA PONTES;RUA JOSE FRANKLIN S/N
VIÇOSA DO CEARÁ;35;66;PADRE VIEIRA;E.E.F ISAAC VIEIRA DO ESPIRITO SANTO;SITIO PASSAGEM FLORIDA
VIÇOSA DO CEARÁ;35;116;QUATIGUABA;UNIDADE ESCOLAR DE SANTO AMARO;SITIO SANTO AMARO
PACATUBA;57;206;VILA DAS FLORES;EEIEF MANOEL ROSENDO FREIRE;RUA 17, 11
FORTALEZA;2;677;COAÇU;EEFM GOV LUIZ DE GONZAGA FONSECA MOTA;RUA SANTA ROSA, 407
CAUCAIA;120;318;SITIOS NOVOS;E.E.F. ALICE MOREIRA DE OLIVEIRA;RUA HENRIQUE MARTINS, S/N
IGUATU;13;68;JOSÉ DE ALENCAR;ESCOLA DE ENS FUND ONELIA PEREIRA DE LAVOR;VILA ESTRADA
CRATO;27;14;CENTRO;COLÉGIO DIOCESANO DO CRATO;RUA NÉLSON ALENCAR, 569
FORTALEZA;3;224;CENTRO;UNIARI - CENTRO UNIVERSITÁRIO ARI DE SÁ;AV. HERÁCLITO GRAÇA, 826
PACATUBA;57;343;CONJUNTO JEREISSATI II;C.E.I. SENADOR CARLOS JEREISSATI;AVENIDA XV, 477
FORTALEZA;2;721;LAGOA REDONDA;POSTO DE SAÚDE TEREZINHA PARENTE;RUA NELSON COELHO, 215
CROATÁ;74;67;DISTRITO;ESCOLA MUNICIPAL DE SAO ROQUE;SAO ROQUE
ITAITINGA;78;281;ANCURI;EEF FRANCISCA DE MORAIS FERRER;RUA PARQUE DAS FLORES, 500
SOBRAL;121;330;SALGADO DOS MACHADOS;ESCOLA RAIMUNDO NONATO DE SALES;RUA INÁCIO MACHADO DA PONTE
PEDRA BRANCA;59;53;SANTA URSULA;E.E.F. ESCOLA BENICIO VIEIRA CAVALCANTE;AV SABINO VIEIRA CAVALCANTE 176
FORTALEZA;115;169;MONTESE;EEMTI JOAO MATTOS;RUA ALMIRANTE RUBIM, 1014
SOBRAL;121;170;CENTRO;CEI IVONIR AGUIAR;AV DOM JOSÉ, 2184
ITAITINGA;78;377;ANCURI;EEF FRANCISCA DE MORAIS FERRER;RUA PARQUE DAS FLORES, 500
JUAZEIRO DO NORTE;119;14;SANTA TEREZA;COLEGIO POLIVALENTE;JOSE MARROCOS SN
MISSÃO VELHA;16;113;ZONA RURAL;EEF NOEMIA CRUZ LANDIM;SITIO PASSAGEM DE PEDRA
CANINDÉ;33;239;ZONA RURAL;EMEF DR CANDIDO COUTO;LOCALIDADE DE CACHOEIRA CERCADA
FORTALEZA;116;453;BONSUCESSO;EM ANTONIO DIOGO DE SIQUEIRA;RUA ANSELMO NOGUEIRA 655
CROATÁ;74;48;DISTRITO;ESCOLA MUNICIPAL PROFESSORA MARIA DO CARMO MELO (BETANIA);BETANIA
MARACANAÚ;104;213;CENTRO;SECRETARIA DE EDUCACAO;RUA CAPITAO VALDEMAR DE LIMA, 202
JUAZEIRO DO NORTE;119;175;SANTA TEREZA;CREDE 19;RUI BARBOSA SN
PALMÁCIA;4;178;BASÍLIO;EEEP MARIA GISELDA COELHO TEIXEIRA;BASÍLIO
ALCÂNTARAS;24;2;BELA VISTA;EEF INOCÊNCIA ALCÂNTARA FREIRE;RUA MONSENHOR FURTADO SN
TAUÁ;19;169;ALTO BRILHANTE;EEF JOAQUIM PIMENTA;AV JOSE VALDEMAR REGO 585
CROATÁ;74;72;SEDE;ESCOLA DE EDUCACAO BASICA DOM TIMOTEO;RUA MANOEL BRAGA SN - CENTRO
FORTALEZA;2;810;LAGOA REDONDA;ESCOLA MUNICIPAL ISABEL FERREIRA;RUA ISABEL FERREIRA, 1000 - CONJ. CURIÓ
MARACANAÚ;122;191;NOVO ORIENTE;EMEF JOSE DANTAS SOBRINHO;AV. CENTRAL, S/N
CRATO;27;98;PINTO MADEIRA;AGÊNCIA DA PREVIDÊNCIA SOCIAL- INSS;RUA JOSÉ MARROCOS, 458
ITATIRA;33;148;ZONA RURAL;EMEF 7 DE SETEMBRO;LOCALIDADE DE MORRO BRANCO
FORTALEZA;116;293;GRANJA LISBOA;CENTRO CULTURAL BOM JARDIM;RUA TRES CORACOES 400
FORTALEZA;83;171;JÓQUEI CLUBE;EEFM HERACLITO DE CASTRO E SILVA;RUA SILVEIRA FILHO, 808
NOVA RUSSAS;48;2;PATRONATO;E.M.E.F. FRANCISCA DAS GRAÇAS T MESQUITA(ANTIGA EEFM MONSENHOR LEITÃO);RUA HERMENEGILDO MARTINS, 667
CRATO;27;77;VILA ALTA;EEFM JOSÉ ALVES DE FIGUEIREDO;RUA GETÚLIO VARGAS, 214
CAUCAIA;120;424;CONJUNTO METROPOLITANO;E.E.I.E.F. ANTÔNIO MIRANDA DE MELO;RUA PEDRO ALVES DE MENEZES, 1095 - CONJUNTO METROPOLITANO
ITAPIÚNA;105;128;DISTRITO DE CAIO PRADO;EEF PROFESSORA MARIA ALAÍDE LOPES;RUA NONATO CAVALCANTE SN
VIÇOSA DO CEARÁ;35;114;ZONA RURAL;E.E.F JOÃO PAULINO;DISTRITO DE PASSAGEM DA ONCA
JAGUARETAMA;72;37;SITIO SERROTE DO MATO;E.M.E.F PROFESSORA ÚRSULA FRANCISCA LOPES;SITIO SERROTE DO MATO
EUSÉBIO;88;148;OLHO D'AGUA;EEF JOÃO FREITAS RAMOS;RUA OLHO D'AGUA, 2122
FORTALEZA;82;612;CRISTO REDENTOR;ESCOLA MUNICIPAL SEBASTIANA ALDIGUERI;AV. DOUTOR THEBERGE, 448
VIÇOSA DO CEARÁ;35;186;SITIO MACAGETUBA I;E.E.I.F SALUSTIANO DA COSTA CARDOSO;SITIO MACAGETUBA I
CATARINA;60;227;VILA NOVA - SEDE;EEF FRANCISCO RODRIGUES PEREIRA;RUA JOSE PEDROSA DE MIRANDA S/N
JUAZEIRO DO NORTE;28;1;CENTRO;ESCOLA DE SABERES DANIEL WALKER ALMEIDA MARQUES;AV. PADRE CÍCERO, 376
JUAZEIRO DO NORTE;28;19;CENTRO;EEFTI DR. LEÃO SAMPAIO;DOUTOR FLORO BARTOLOMEU 517
FORTALEZA;85;144;CONJUNTO CEARÁ I;EEEP PROFESSOR CESAR CAMPELO;RUA 717, N.164, 3 ETAPA
FORTALEZA;1;853;PAPICU;COLEGIO ESPACO ABERTO - BENTO ALBUQUERQUE;RUA BENTO ALBUQUERQUE 1671
MAURITI;76;112;PALESTINA DO CARIRI-DISTRITO;POSTO DE SAÚDE DO SÍTIO VÁRZEA GRANDE;SITIO VARZEA GRANDE
FORTALEZA;114;222;FLORESTA;INSTITUTO EDUCACIONAL PRESIDENTE MEDICI;RUA CÉSAR CORREIA 973
HORIZONTE;78;70;DOURADO;EMEF MARIA PINHEIRO DA SILVA;AV MANOEL PEREIRA DA COSTA, 52
VIÇOSA DO CEARÁ;35;198;LAMBEDOURO;E.E.F. DE OITICICAS;VILA OITICICAS
SANTANA DO ACARAÚ;44;123;FAZENDA CAMARA;GRUPO ESCOLAR CORACAO DE MARIA;FAZENDA CAMARÁ
UBAJARA;73;214;MONTE CASTELO;ESCOLA FLAVIO RIBEIRO LIMA;RUA TEN JOSE RAMIRO DE SOUSA
TRAIRI;97;112;ALMERCEGAS;EEF SANTA LUZIA;ALMERCEGAS
MONSENHOR TABOSA;61;108;CENTRO;E.E.M.T.I GOVERNADOR ADAUTO BEZERRA;RUA SAO SEBASTIÃO N 39 - PERTO DA CADEIA PÚBLICA
PORTEIRAS;70;303;VIEIRA GRANDE-SEDE;E E I F FRANCISCO XAVIER DE SOUSA;SITIO VIEIRA GRANDE
PARAIPABA;109;159;ZABELE;EMEIF LUIZA BARROSO BRAGA;ZABELE
IRACEMA;86;103;ZONA RURAL;E.E.F. FRANCISCO DE ASSIS FILHO;SERRA DOS BASTIÕES
EUSÉBIO;88;153;PEDRAS;EEF MOACIR FERREIRA DA SILVA;RUA FRANCISCO MARTINS, 339 - PEDRAS
PORTEIRAS;70;280;CENTRO-SEDE;ESCOLA DE ENSINO INFANTIL EM TEMPO INTEGRAL JESUS DANTAS;RUA MARIA GONCALVES DANTAS S/N
MIRAÍMA;89;231;CRUZEIRO;EEFM JOSEFA BRAGA BARROSO;RUA DEZINHO TEIXEIRA
JAGUARUANA;75;60;GIQUI;CENTRO DE APOIO CULTURAL (GIQUI);GIQUI
ITAPIPOCA;17;354;CACIMBAS;CENTRO EDUCACIONAL MARIA MAGALHAES VIANA AZEVEDO;RUA MOESIO LOIOLA S/N
ITAPIPOCA;17;52;CALUGI;EEB ANTONIO DANUSIO BARROSO;BARRA DO MACACO
FARIAS BRITO;62;220;SÍTIO SOUSA;EEF JOAQUIM PEREIRA DE SOUSA;SÍTIO SOUSA
CRATO;27;99;PINTO MADEIRA;AGÊNCIA DA PREVIDÊNCIA SOCIAL- INSS;RUA JOSÉ MARROCOS, 458
CAUCAIA;123;428;ARATURI (JUREMA);E.E.F. PROFESSORA MARLY FERREIRA MARTINS;RUA NW-3, S/N
MARACANAÚ;122;217;JARI;EMEF JOSÉ ASSIS DE OLIVEIRA(JARY);RUA PAULO AFONSO 4259
PEDRA BRANCA;59;22;CENTRO;CENTRO ADMINISTRATIVO CESÁRIO MENDES;RUA FURTUNATO SILVA, 45
CRATO;27;379;NOSSA SENHORA DE FÁTIMA;CEI PROFESSORA SILVANY INÁCIO DE SOUSA;AVENIDA DAVI ARAÚJO NOBRE, S/N - FILEMON LIMAVERDE
TEJUÇUOCA;41;81;RETIRO CAXITORE;ESCOLA DE ENSINO FUNDAMENTAL DE TEMPO INTEGRAL LUIZA DA SILVA MOTA;RETIRO CAXITORE
HORIZONTE;78;174;MANGUEIRAL;CEI - ADÍLIA FERREIRA LIMA;RUA ALEXANDRE JOCA, 572 - MANGUEIRAL
NOVA RUSSAS;48;27;ALTO DA BOA VISTA;EMTI ALFREDO GOMES;RUA QUINTINO BOCAIUVA 520
CRATEÚS;20;24;CIDADE NOVA;CENTRO DE EDUCACAO DE JOVENS E ADULTOS PROFESSOR LUIZ BEZERRA;RUA DR LUIZ CHAVES E MELO
BEBERIBE;84;9;CENTRO;ESCOLA MUNICIPAL DESEMBARGADOR PEDRO DE QUEIROZ;RUA JOSE BESSA 561
SOBRAL;24;434;SUMARÉ;EEFI JOSE PARENTE PRADO;RUA SANTA MARTA,100
PENTECOSTE;50;209;SÃO PEDRO;EEIF PROFª. Mª GLAUCINEIDE FIRMIANO DA SILVA;AVENIDA PRESIDENTE JUSCELINO KUBITSCHEK, 703
BEBERIBE;84;1;CHORO;ESCOLA MUNICIPAL MARIO ALENCAR;RODOVIA CE 040 KM 58
FORTALEZA;93;129;PREFEITO JOSÉ WALTER;COLEGIO 21 EDUCAR;AV JOAO DE ARAUJO LIMA, 1240 - II ETAPA
CRATO;27;11;CENTRO;EEIEF PROFª EDILMA FERNANDES G. RODRIGUES - CÍRCULO OPERÁRIO;AVENIDA JOSÉ ALVES DE FIGUEIREDO S/N
FORTALEZA;117;384;CONJUNTO ESPERANÇA;EMEIF PADRE CÍCERO ROMÃO BATISTA;RUA MARIELLE FRANCO, 630
BARBALHA;31;23;CENTRO;COLÉGIO SANTO ANTONIO;AV LYRIO CALLOU, 55
AQUIRAZ;66;75;TUPUIU;EMEF FRANCISCO DA SILVA SAMPAIO;ESTRADA DO FIO TELEGRAFO
FORTALEZA;118;211;SERRINHA;ESCOLA EVANGELICA MONTE SINAI;RUA BRUNO VALENTE, 847
CANINDÉ;33;6;CENTRO;COLEGIO ESTADUAL PAULO SARASATE;RUA JOAQUIM MAGALHAES 100
TIANGUÁ;81;332;DOM TIMÓTEO;E.E.I.F. NOSSA SENHORA DAS GRAÇAS;AVENIDA FRANCISCO VIRGILIO FILHO
COREAÚ;64;2;Centro;COREAÚ - (LUZIA) CENTRO DE EDUÇÃO BÁSICA PE. JOSÉ Mª DE AGUIAR;RUA TABELIAO ANGELIM - CENTRO
MARACANAÚ;104;249;PAJUÇARA;EMEIEF PREFEITO ALMIR FREITAS DUTRA;RUA ELÍFIO MEDEIROS DA CUNHA, 531
IPUEIRAS;40;196;PAU D'ARCO;ESCOLA DE ENSINO FUNDAMENTAL ABILIO SABOIA DE ARAUJO - PAU D'ARCO;PAU D'ARCO
PEREIRO;10;162;SITIO LAGOA DOS MARINHEIROS;GRUPO ESCOLAR FRANCISCO DAS CHAGAS DE AQUINO;SITIO LAGOA DOS MARINHEIROS
TRAIRI;97;57;CANAA;EEF JOSE FIRMINO DA CUNHA;CANAA
TRAIRI;97;64;ALGODOIM;EEF ANASTACIO TABOSA;ALGODOIM
FORTALEZA;117;435;BOM JARDIM;EEFM SANTO AMARO;RUA NOVA CONQUISTA 871
BARBALHA;31;4;CENTRO;COLÉGIO NOSSA SENHORA DE FÁTIMA;RUA DA MATRIZ, 258
FORTALEZA;115;133;MARAPONGA;COLEGIO PROVECTO;RUA SUIÇA, 76
SOBRAL;24;443;ALTO DA BRASÍLIA;EEFI RAUL MONTE;RUA MACEIO, S/N
CROATÁ;74;164;DISTRITO;ESCOLA MUNICIPAL JOVITA CHAVES (SANTA TEREZA);SANTA TEREZA
CASCAVEL;7;207;JACARECOARA;ESC.ENS.FUND. FRANCISCO CAPISTRANO DE SOUZA;BARRA NOVA
ICÓ;15;326;CARNAUBINHA - SÍTIO;ESCOLA MUNICIPAL PEREIRA E BARROS;SITIO CARNAUBINHA
JAGUARETAMA;72;34;DISTRITO DE DESTERRO;E.M.E.F MARIA DORACI DE LIMA;SITIO DESTERRO
CAUCAIA;123;441;NOVA METRÓPOLE (JUREMA);E.E.I.E.F. FRANCISCA ALVES DO AMARAL;AV. B, 442 - NOVA METRÓPOLE
IGUATU;13;8;VILA CIDAO;CAMPUS MULTI-INSTITUCIONAL HUMBERTO TEIXEIRA (URCA/UECE/CENTEC);AV DÁRIO RABELO SN
PIRES FERREIRA;21;57;DISTRITO;EEM INÁCIO GOMES DE VASCONCELOS;LAJINHA
ARACOIABA;67;44;IDEAL-DISTRITO;ESCOLA MUNICIPAL JOAQUIM TOME DE SOUSA;LAGOA GRANDE
IGUATU;13;91;CHAPADINHA;ESCOLA DE ENS FUND JUDITE CAVALCANTE;RUA CÍCERO VIEIRA SN
IPAPORANGA;20;239;ALTO DO BOM PRINCÍPIO;ESCOLA DE ENSINO FUNDAMENTAL WALDEMAR DE ALCÂNTARA;RUA PEDRO CORREIA LEITÃO, 45
MARACANAÚ;104;219;CENTRO;SECRETARIA DE EDUCACAO;RUA CAPITAO VALDEMAR DE LIMA, 202
FORTALEZA;118;549;BOA VISTA-CASTELÃO;EMEF ODILON GONZAGA BRAVEZA;AV. ALBERTO CRAVEIRO, 1480 C
CASCAVEL;7;85;PITOMBEIRAS;E.E.F. PROFESSOR MAURÍCIO DE BRITO;AV RAIMUNDO SAMPAIO 185
FORTALEZA;3;430;CENTRO;UNIARI - CENTRO UNIVERSITÁRIO ARI DE SÁ;AV. HERÁCLITO GRAÇA, 826
GRANJA;25;139;PARAZINHO;E.E.F. ELIEZER ARRUDA;RUA JOSE MARTINS, S/N
GRANJA;25;216;OITEIRO;E.E.F. DEPUTADO DELMIRO DE OLIVEIRA;RUA 105, COHAB VICENTE ARRUDA
CARIÚS;43;186;CAIPU-DISTRITO;EEIF JOAO FRANCELINO SOBRINHO;VILA CAIPU
JUAZEIRO DO NORTE;119;66;ROMEIRAO;ARENA ROMEIRÃO;AVENIDA CASTELO BRANCO SN
ITAIÇABA;75;104;CENTRO;E.E.F. DULCINEA GOMES DINIZ;VILA OLIMPICA, 336
PACATUBA;57;172;CONJUNTO JEREISSATI II;EEIEF JOAO PAULO SAMPAIO DE MENEZES;RUA 74 SETOR G, 900
CASCAVEL;7;200;RIO NOVO;E.E.B. DEPUTADO RAIMUNDO QUEIROZ;AV JOAO DAMASCENO FONTENELE, 3233
FORTALEZA;115;417;PARANGABA;CEJA - PROFº MOREIRA CAMPOS;RUA JULIO BRAGA, 101 B
ITAPIPOCA;17;213;BOA VISTA;ESCOLA DE 1 GRAU DR GERALDO GOMES DE AZEVEDO;RUA JOAQUIM AMÉRICO TEIXEIRA, 216
ITAPIPOCA;17;461;CACIMBAS;CENTRO EDUCACIONAL MARIA MAGALHAES VIANA AZEVEDO;RUA MOESIO LOIOLA S/N
CRATEÚS;20;323;FATIMA I;CRECHE PROINFÂNCIA DELITE II - PROVISÓRIO;RUA FRANCISCO ARTUR MOREIRA, 1011
MADALENA;63;170;CENTRO;EEF ALVARO DE ARAUJO CARNEIRO;MARIA ARMENIA BARBOSA, 299 - SANTA TEREZINHA
FORTALEZA;115;51;ITAPERI;UNIVERSIDADE ESTADUAL DO CEARA - UECE;AV DR. SILAS MUNGUBA, 1700
GRANJA;25;48;IBUGUAÇU;E.E.F. DONA MARIA GUILHERME DE CARVALHO;RUA NOVA, S/N
BEBERIBE;84;40;PARIPUEIRA;ESCOLA MUNICIPAL JOSE THEMIO BEZERRA;PALMEIRA
MARANGUAPE;4;115;TANQUES;EMEIEF DR. CÉSAR CAMPELO;RUA JOÃO DE HOLANDA CAVALCANTE
TRAIRI;97;186;EMBOACA;EEF NOSSA SENHORA DA SAUDE;EMBOACA
ITAPAJÉ;41;129;ACUDE-SEDE;E.M.E.F FRANCISCO EUDES MAGALHAES;R. FAUSTO PINHEIRO, 530
MOMBAÇA;46;110;CENTRO;E. E. F. M. ANANIAS DO AMARAL VIEIRA;RUA CORONEL JOSÉ ADERALDO SN
GRANJA;25;132;IBUAÇU;E.E.F. LIVIO BARRETO;VILA IBUACU
FORTALEZA;113;28;BENFICA;IFCE - INST FEDERAL DE CIÊNCIA E TECNOLOGIA (CEFET);AV. 13 DE MAIO, 2081
GUARACIABA DO NORTE;74;130;SEDE;ESCOLA DE ENSINO MEDIO MARIA MARINA SOARES;RUA 12 DE NOVEMBRO - CENTRO
GUAIÚBA;57;53;CENTRO;EEBM JOSE CABRAL DE ARAUJO;RUA PEDRO AUGUSTO 91
ORÓS;15;307;SANTAREM - DISTRITO;E.E.F. MANOEL MOREIRA PEQUENO;RUA NOSSA SRA. DA CONCEIÇÃO, 118
TRAIRI;97;161;MUNGUBA;EEF ANTONIO URSULINO ALVES;MUNGUBA
FORTALEZA;115;390;VILA PERI;COLEGIO JIM WILLSON;AV. AUGUSTO DOS ANJOS, 1915
FORTALEZA;115;196;PARANGABA;EEMTI MARIA THOMÁSIA;RUA POLONIA, 369
QUIXADÁ;6;352;PLANALTO RENASCER;EEM GOVERNADOR LUIZ GONZAGA DA FONSECA MOTA;RUA PARAGUAI, S/N
SANTANA DO CARIRI;53;86;PALMEIRAS;EMEIEF MARIA RIBEIRO PEIXOTO;SÍTIO PALMEIRAS
RUSSAS;9;174;CENTRO;COLEGIO ESTADUAL GOVERNADOR FLAVIO MARCILIO;AV DOM LINO 725
FORTALEZA;3;638;MEIRELES;NÁUTICO ATLÉTICO CEARENSE;AV. DA ABOLIÇÃO, 2727
ALCÂNTARAS;24;13;BELA VISTA;EEF INOCÊNCIA ALCÂNTARA FREIRE;RUA MONSENHOR FURTADO SN
IBICUITINGA;47;290;ANTONIO PEREIRA;EEB MANOEL VICENTE FERREIRA;SITIO ANTONIO PEREIRA
ITAPIPOCA;17;441;BOA VISTA;EEB MARIA DALVA BARBOSA AZEVEDO;RUA EUBIA BARROSO
ITAPIPOCA;17;492;CENTRO;EEM JOAQUIM MAGALHÃES;RUA PERGENTINA ARAUJO S/N
ITAPIPOCA;17;4;CENTRO;CENTRO EDUCACIONAL PIO XII;RUA JOAO CORDEIRO 625
HIDROLÂNDIA;54;114;ALTO DA ESPERANÇA;ESCOLA PROFISSIONALIZANTE FRANCISCA MAURA MARTINS;RUA PROJETADA, SN
CAUCAIA;120;364;BOM PRINCIPIO;MARIA SOUSA DOS SANTOS EEIEF;POVOADO DE SANTA LUZIA - UMARI - BELO MONTE
FORTALEZA;115;331;PARANGABA;COLÉGIO LOURENÇO FILHO - PARANGABA;RUA CÔNEGO DE CASTRO 700
FORTALEZA;1;719;PRAIA DO FUTURO II;ESCOLA MUNICIPAL DOM ALOISIO LORSCHEIDER;RUA JULIO SILVA, 450
VIÇOSA DO CEARÁ;35;59;SITIO OLARIA;E.E.F REGINALDO CARNEIRO DA CUNHA;SITIO OLARIA
PIRES FERREIRA;21;133;DISTRITO;E.E.F. MANOEL FARIAS MORORO;OLHEIROS
ITAPIPOCA;17;485;CENTRO;EEFM ANASTACIO ALVES BRAGA;AV DUQUE DE CAXIAS 888
QUIXERÉ;29;263;TOME;POSTO DE SAUDE GERARDO COSTA LIMA;CARNAUBA
CASCAVEL;7;139;GUANACES;EEF PROFESSOR MAURÍCIO SANTOS COSTA (CURRALINHO);CURRALINHO CE 253
SOBRAL;24;532;PARQUE SILVANA;EEFI ANTONIO MENDES CARNEIRO;AVENIDA DR. JOSE EUCLIDES FERREIRA GOMES JUNIOR, S/N
ITAPIPOCA;17;457;CENTRO;EEFM ANASTACIO ALVES BRAGA;AV DUQUE DE CAXIAS 888
CAUCAIA;123;496;ARATURI (JUREMA);E.E.F.M. PRESIDENTE JOSÉ SARNEY;AV. CENTRAL OESTE, 262
CAUCAIA;123;540;MARECHAL RONDON (JUREMA);E.E.I.E.F. RAIMUNDO JERÔNIMO DE SOUSA;RUA JÚLIO ROCHA, 220 - KM 14/JUREMA
SOBRAL;24;633;JORDÃO;EEFI JACIRA MENDES OLIVEIRA;LOCALIDADE SAO FRANCISCO
GUARACIABA DO NORTE;74;87;DISTRITO;ESCOLA MUNICIPAL DE DESCOBERTA;DESCOBERTA - MORRINHOS NOVOS
FORTALEZA;112;40;JARDIM DAS OLIVEIRAS;EM MARIA DE LOURDES RIBEIRO JEREISSATI;RUA REINO UNIDO, 115
ITAREMA;98;143;ZONA RURAL;EMEF ROGERIO RIBEIRO MONTEIRO;TORROES
ITAITINGA;78;328;BARROCÃO;EEF JARDIM DE FÁTIMA;RUA ELIATAR DIÓGENES, S/N
FORTALEZA;114;7;ÁLVARO WEYNE;COLÉGIO MANUEL DA SILVA (ÁLVARO WEYNE);RUA SÃO BERNARDO 181
MARACANAÚ;122;249;ALTO DA MANGUEIRA;E.M.E.F. ESTUDANTE ANA BEATRIZ TAVARES;RUA JOACIR FREITAS DUTRA, S/N
ITAPIPOCA;17;545;BARRENTO;EEB NORBERTO ANTÔNIO DO NASCIMENTO;MERGULHÃO
OCARA;67;269;CURUPIRA-DISTRITO;ESCOLA MUNICIPAL JOAQUIM JOSE PEREIRA - ENSINO FUNDAMENTAL;VILA QUINCAS
ITAREMA;98;105;CENTRO;EMEF JOSE ANICETO SALES;RUA JOAO AMANCIO S/N
JAGUARETAMA;72;66;ASSENTAMENTO NOVO ALAGAMAR;EMEIF MARIA DO SOCORRO ALVES DE OLIVEIRA;ASSENTAMENTO NOVO ALAGAMAR
FRECHEIRINHA;81;275;CENTRO;ESCOLA DE ENSINO MÉDIO ANTONIO CUSTODIO;RUA TENENTE EUFRASIO, 133 - CENTRO
JAGUARETAMA;72;36;ZONA RURAL;UNID BAS DE APOIO À SAÚDE Mª NILZETE PINHEIRO (ANT RIACHO DA SALVAÇÃO);PA SÍTIO BORGES
BARBALHA;31;30;PARQUE BULANDEIRA;EEEP OTÍLIA CORREIA SARAIVA (LICEU DE BARBALHA);RUA PROJETADA I, S/N (7.29196 S, 39.31251 W)
BARBALHA;31;164;CENTRO;EEF SENADOR MARTINIANO DE ALENCAR;LARGO DO ROSARIO, 20, CENTRO
QUIXERAMOBIM;11;202;MONTEIRO DE MORAIS;ESCOLA HUMBERTO BEZERRA;RODOVIA DO ALGODAO, SN
MARACANAÚ;104;164;PAJUÇARA;EMEIEF ANTÔNIO DE ALBUQUERQUE SOUSA FILHO;RUA SENADOR PETRÔNIO PORTELA, 145
FORTALEZA;1;572;CAIS DO PORTO;ESCOLA DE GASTRONOMIA SOCIAL IVENS DIAS BRANCO;RUA MANUEL DIAS BRANCO,80
FORTALEZA;116;340;GRANJA LISBOA;EM ULISSES GUIMARAES;RUA TENENTE FRANCISCO PAIVA 1350
FORTALEZA;115;64;PARANGABA;EM PROF. JOSE VALDIVINO DE CARVALHO;RUA GUARA, S/N
CRATEÚS;20;127;VENANCIOS;EEFM PRES EURICO GASPAR DUTRA;RUA EDUARDO ALBUQUERQUE SN
ARNEIROZ;101;81;MACAUI;ESCOLA DE 1 GRAU MARIO DA SILVA LEAL;MACAUI
PENTECOSTE;50;168;ZONA RURAL;EEIF MANOEL FÉLIX GOMES - ANEXO(MULUNGU);MALHADA ILHA
FORTALEZA;83;683;HENRIQUE JORGE;ESCOLA MUNICIPAL DONA DAGMAR GENTIL;RUA VITORIA 1750
QUIXADÁ;6;322;CUSTÓDIO;EEF AZIZ OKKA BAQUIT;SABONETE, S/N
QUIXADÁ;6;478;CAMPO NOVO;EEM ABRAÃO BAQUIT;RUA REGINALDO LOPES, S/N
ARACATI;8;275;CANOA QUEBRADA;E.E.F. ZE MELANCIA;PRAÇA DRAGÃO DO MAR, S/N.
SOBRAL;24;638;EXPECTATIVA;EEFI TRAJANO DE MEDEIROS (LAVANDERIA);AVENIDA DR. JOSE EUCLIDES FERREIRA GOMES JUNIOR, S/N
FORTALEZA;2;670;LAGOA REDONDA;EM TEREZINHA FERREIRA PARENTE;RUA NELSON COELHO, 209
CANINDÉ;33;322;ZONA RURAL;EMEF SANTA RITA;ASSENTAMENTO VIDA NOVA, LOC. TRANSVAL
NOVA RUSSAS;48;179;BARRO VERMELHO;ESCOLA MUNICIPAL JOSÉ SANTOS MOURÃO;RUA ANTONIO CARLOS, S/N
FORTALEZA;114;93;BARRA DO CEARÁ;CUCA BARRA DO CEARÁ;AV. PRES. CASTELO BRANCO, 6417
FORTALEZA;2;108;MESSEJANA;EMEIF DEMOCRITO ROCHA;RUA PADRE PEDRO DE ALENCAR, 2012
CAUCAIA;123;571;PARQUE GUADALAJARA (JUREMA);CEI JOSÉ ALDERI PEDROSA;RUA PADRE ALFREDO NESI, 950
CRATO;27;77;VILA ALTA;EEFM JOSÉ ALVES DE FIGUEIREDO;RUA GETÚLIO VARGAS, 214
NOVA RUSSAS;48;149;NEGROS;ESCOLA MUNICIPAL JOÃO PEDRO DO NASCIMENTO;LOCALIDADE DE NEGROS,
ITAPIPOCA;17;527;BARRENTO;EEB SEBASTIÃO MALAQUIAS DOS SANTOS;TABOCAL
FORTALEZA;1;914;VICENTE PINZON;ESCOLA MUNICIPAL FREI TITO DE ALENCAR LIMA;AVENIDA DIOGUINHO 5927
IBICUITINGA;47;64;CENTRO;CRAS- CENTRO DE REFERENCIA DA AÇÃO SOCIAL;RUA JOAO DUARTE 2212
ITAREMA;98;207;ZONA RURAL;ESCOLA DIFERENCIADA DE TAPERA (COMUNIDADE INDIGENA);TAPERA
OCARA;67;182;SERRAGEM-DISTRITO;ESCOLA MUNICIPAL VER JOSE PIRES DE FREITAS - ENSINO FUNDAMENTAL;ESTRADA DO ALGODAO-SERRAGEM
FORTALEZA;3;507;PRAIA DE IRACEMA;COLÉGIO ANTARES (PRAIA DE IRACEMA);RUA HISTORIADOR GUARINO ALVES, 95
CRATEÚS;20;137;CENTRO;EEFM LOURENCO FILHO;RUA FIRMINO ROSA 587
ITAREMA;98;212;ZONA RURAL;EMEF MANOEL MATIAS VIDAL;CARNAÚBA
FORTALEZA;2;829;MESSEJANA;EM PROF CLODOMIR TEOFILO GIRAO;TRAVESSA RUTILO, 108
HORIZONTE;78;158;DIADEMA;EMEF PROFESSORA DIONE MARIA BEZERRA PESSOA;RUA FRANCISCO ONOFRE DE ASSIS, 365, DIADEMA
CAMPOS SALES;38;21;B. CENTRO;COLÉGIO ADNILSON BATISTA DOS SANTOS - SEDE;RUA JOÃO SEVERO CORTEZ, 1028
ITAREMA;98;159;CENTRO;EMEF PE ARISTIDES ANDRADE SALES;AV JOAO BATISTA RIOS S/N
CAPISTRANO;105;45;CENTRO;ESCOLA DE ENSINO BASICO DEPUTADO UBIRATAN DINIZ AGUIAR;RUA JOSE SARAIVA SOBRINHO S/N
FORTALEZA;118;270;SERRINHA;COLÉGIO MARIA ESTER I;RUA ANTONIO TEIXEIRA LEITE, 248
FORTALEZA;118;382;PARQUE DOIS IRMÃOS;EM MANUEL LIMA SOARES;AVENIDA NORTE SUL, 145 (CJ JARDIM PRIMAVERA)
FORTALEZA;114;62;ÁLVARO WEYNE;EM DOM HELDER CAMARA;RUA FREI ODILON 623 B
CRATO;27;63;PIMENTA;EEMTI WÍLSON GONÇALVES;PRAÇA DR. JOAQUIM FERNANDES TELES, SN.
ALCÂNTARAS;24;482;SAO JOSE;EEM FRANCISCO DE ALMEIDA MONTE;RUA FRANCISCO CUNHA S/N
FORTALEZA;115;469;VILA PERI;EEM PROF. HERMENEGILDO FIRMEZA;RUA GABRIEL FIUZA 360
PEDRA BRANCA;59;130;SANTA TEREZINHA;ESCOLA DE ENSINO MÉDIO ELZA GOMES MARTINS;RUA DOCA PESSOA, 80
CRATO;27;111;MURITI;EEIEF MELVIN JONES;RUA PEDRO GOMES DE NORÕES, 1877. SÍTIO SAQUINHO
FORTALEZA;118;592;DIAS MACEDO;EEMTI PADRE GUILHERME WAESSEN;RUA BOA VENTURA 916
MARACANAÚ;122;111;ALTO ALEGRE I;EMEIEF CESAR CALS DE OLIVEIRA FILHO;RUA LITUANIA S/N
HORIZONTE;78;394;JENIPAPEIRO;EMEF DIONÍZIA ROCHA DE MORAIS;RUA CELSO SILVA ASSUNÇÃO, 2812
JUAZEIRO DO NORTE;119;105;SANTA TEREZA;ESCOLA ADAUTO BEZERRA (SEGUNDO GRAU);CASTELO BRANCO SN
ITAPIPOCA;17;84;ARAPARI;SALÃO PAROQUIAL DE SANTA RITA;SANTA RITA
MASSAPÊ;45;82;SANTA ÚRSULA;CEPRUMA;RUA MANASSES PONTES, S/N
JUAZEIRO DO NORTE;119;81;PIRAJA;ESCOLA CLOTILDE SARAIVA COELHO;LIMOEIRO 2338
ITAPIPOCA;17;603;CENTRO;PATRONATO NOSSA SENHORA DAS MERCES;AV. DUQUE DE CAXIAS 1181
CHORÓ;6;70;CENTRO;CEM DOM BOSCO;RUA ILDA BEZERRA PIANCÓ, 169, CENTRO
CASCAVEL;7;140;SEDE;E.E.F. PROFESSORA ANA LÚCIA DA SILVA (COHAB);AV. JOÃO MOREIRA DE PAULA, COHAB
CASCAVEL;7;149;CAPONGA;ESC.ENS.FUND. FELIPE JOSÉ DA SILVA;RUA LUIS PESSOA DE OLIVEIRA, 728, CENTRO
MARACANAÚ;104;148;CENTRO;EEM TENENTE MÁRIO LIMA;RUA FRANCISCO FIRMINO, 293
JAGUARIBE;10;51;CENTRO;E.E.F.M. RAUL BARBOSA;AV OITO DE NOVEMBRO 521
FORTALEZA;113;346;PARQUELÂNDIA;ESCOLA ESTADUAL DE EDUCAÇÃO PROFISSIONAL JOAQUIM NOGUEIRA;RUA MOREIRA DE SOUSA, 327
FORTALEZA;83;117;PICI;CENTRO DE EDUCAÇÃO INFANTIL MURILO SERPA;RUA CEL. MATOS DOURADO S/N
MARANGUAPE;4;80;TANGUEIRA - MARANGUAPE;EMEIEF ANTÕNIO DE ABREU;RUA DEMETRIO FERREIRA , 372
CAUCAIA;37;181;PLANALTO CAUÍPE;E.E.I.F. SAUL GOMES DE MATOS;RUA HONORINA BARROS FONTELES, S/N
FORTALEZA;2;747;PAUPINA;CMES ANISIO TEIXEIRA;TRAVESSA DO GUARANI, 355
FORTALEZA;1;850;ALDEOTA;COLEGIO ARI DE SA - MONSENHOR CATAO;RUA MONSENHOR CATAO, 1655
FORTALEZA;85;132;CONJUNTO CEARÁ I;COLÉGIO LUÍZA TÁVORA;RUA 1050, N 171, 4 ETAPA
FORTALEZA;85;342;GENIBAÚ;ESCOLA MUNICIPAL DEP JOAO FREDERICO FERREIRA GOMES;RUA JOSE MENDONCA 1160
SÃO GONÇALO DO AMARANTE;36;232;CROATA-DISTRITO;ESCOLA DE ENSINO FUNDAMENTAL PORFIRIO DE ARAUJO;RUA VALDO UCHOA - CROATA
JAGUARUANA;75;65;CENTRO;E.E.M. FRANCISCO JAGUARIBE (2 GRAU);RUA CEL RAIMUNDO FRANCISCO, 1135
JAGUARIBE;10;79;EDMAR BARREIRA;CEI MARIA IRACÍLIA DE SÁ PEREIRA BARREIRA;RUA ANTÔNIO WEIMA FERNADES
DEPUTADO IRAPUAN PINHEIRO;55;160;CENTRO;E.M.T.I. SÃO CAETANO;SÍTIO RIACHO VERDE I
MASSAPÊ;45;82;SANTA ÚRSULA;CEPRUMA;RUA MANASSES PONTES, S/N
FORTALEZA;82;626;SÃO GERARDO;SECRETARIA DO DESENVOLVIMENTO AGRÁRIO (SDA) DO ESTADO DO CEARÁ;AV. BEZERRA DE MENEZES, 1820
BELA CRUZ;96;11;CENTRO-SEDE;EEEP JULIO FRANÇA;RUA CEL. DUCA, 1051
FORQUILHA;121;210;CENTRO;ESCOLA DE CIDADANIA MOESIO LOIOLA MELO JUNIOR(MODELO);AVENIDA GRANDE ORIENTE DO BRASIL SN
FORTALEZA;94;859;JARDIM GUANABARA;EMEIF LORHAN MARQUES MEDEIROS;RUA CREUZA ROCHA, 255
FORTALEZA;94;908;QUINTINO CUNHA;EMEIRF JOSÉ CARLOS DA COSTA RIBEIRO;RUA PIO SARAIVA, 335
ACOPIARA;60;164;DISTRITO DE ISIDORO;EEF ADONIAS UCHOA DE ALBUQUERQUE;VILA DE ISIDORO
FORTALEZA;112;371;CIDADE DOS FUNCIONÁRIOS;SEAS;AV. OLIVEIRA PAIVA, 941
PORANGA;40;93;SEDE;EMEB ITELVINA SILVINA DE PINHO - SEDE;AV. DR. EPITÁCIO PINHO
ITAPIPOCA;17;612;BOA VISTA;EEB MARIA DALVA BARBOSA AZEVEDO;RUA EUBIA BARROSO
CAUCAIA;120;403;BOM PRINCIPIO;E.E.I.E.F. LAURIANO BRAZ XAVIER;BR 020 - KM 36
RERIUTABA;79;29;BARRO VERMELHO;E.E.F. HORIZONTE DO SABER;RUA ANTÔNIO PINTO, S/N
NOVA OLINDA;53;18;CENTRO;EMEF ANA FERREIRA DO NASCIMENTO;AV. PERIMETRAL SUL,  SN
HORIZONTE;78;361;PLANALTO HORIZONTE;EMEF JOSÉ ALDEMIR DA SILVA;RUA FRANCISCA CECÍLIA, N. 1.100
FORTALEZA;117;491;SIQUEIRA;EMTI PROFESSOR AGERSON TABOSA PINTO;RUA WILCA ALBUQUERQUE, S/N
FORTALEZA;116;127;GRANJA PORTUGAL;EEFM PROF JOCIE CAMINHA DE MENEZES;RUA ITU 120
FORTALEZA;1;361;CAIS DO PORTO;CRECHE MARIA FERREIRA DIAS;AV. ZEZÉ DIOGO, 691
REDENÇÃO;52;141;DISTRITO DE ANTÔNIO DIOGO;ESCOLA MARCIONÍLIA MARTINS;CURRAIS
FORTALEZA;83;735;BELA VISTA;COLEGIO CHRISTUS;AV. ENG. HUMBERTO MONTE, 1355
FORTALEZA;94;778;VILA VELHA;EMTI DEPUTADO ROBERTO MESQUITA;R. BETA,  SN
FORTALEZA;95;362;JANGURUSSU;CEI MANOEL PINHEIRO DOS SANTOS;RUA LADISLAU LOURENÇO, S/N
JUCÁS;43;67;CANAFÍSTULA - VILA;ESCOLA DE ENSINO FUNDAMENTAL CEL LUIZ DUARTE;VILA DE CANAFÍSTULA
ITAREMA;98;140;ZONA RURAL;LICEU DE BARBOSA - EEM FRANCISCO ARAUJO BARROS;BARBOSA
FORTALEZA;1;829;PAPICU;ESCOLA ESTADUAL MARIA JOSE MEDEIROS;RUA DESEMBARGADOR LAURO NOGUEIRA 1240
FORTALEZA;1;862;ALDEOTA;COLEGIO ARI DE SA - MONSENHOR CATAO;RUA MONSENHOR CATAO, 1655
ITAPIPOCA;17;607;CACIMBAS;CENTRO EDUCACIONAL MARIA MAGALHAES VIANA AZEVEDO;RUA MOESIO LOIOLA S/N
CRATEÚS;20;34;VENANCIOS;CENTRO REGIONAL DE DESENVOLVIMENTO DA EDUCACAO (CREDE 13);KM 4 BR 226
FORTALEZA;116;482;GRANJA LISBOA;PROJETO ABC BOM JARDIM;RUA TRES CORACOES 762
EUSÉBIO;88;239;MANGABEIRA;CEI MARIA ZULEIDE ROCHA;R FRANCISCO FERREIRA DA SILVA, 2940
FORTALEZA;80;182;FÁTIMA;COLÉGIO NOSSA SENHORA DAS GRAÇAS;RUA MONSENHOR OTÁVIO DE CASTRO, 535
FORTALEZA;83;679;HENRIQUE JORGE;ESCOLA MUNICIPAL DONA DAGMAR GENTIL;RUA VITORIA 1750
HORIZONTE;78;106;DOURADO;EMEF MARINA FERREIRA DE ALMEIDA;RUA DONA SINHÁ, 159
BARREIRA;52;83;ARERÉ;ESCOLA FRANCISCO CORREIA LIMA;ARERÉ I
RUSSAS;9;281;ALTO DO VELAME;ESCOLA MUNICIPAL MARGARIDA MARIA DE ALACOQUE;RUA FELIPE SANTIAGO II
MORRINHOS;44;170;BOM PRINCIPIO;EMEF ZÓZIMO MARINHO DE ANDRADE;CE 319 KM 6 BOM PRINCIPIO
HORIZONTE;78;183;CENTRO;CVT;RUA FRANCISCO TAVARES DE OLIVEIRA, 190
FORTALEZA;113;346;PARQUELÂNDIA;ESCOLA ESTADUAL DE EDUCAÇÃO PROFISSIONAL JOAQUIM NOGUEIRA;RUA MOREIRA DE SOUSA, 327
FORTALEZA;117;354;CONJUNTO ESPERANÇA;EEFM PROFA ADALGISA BONFIM SOARES;AV. DO CANAL, S/N, ESQUINA COM RUA 103 - CONJUNTO ESPERANÇA
FORTALEZA;80;365;FÁTIMA;INSTITUTO DE EDUCAÇÃO DO CEARÁ;RUA GRACILIANO RAMOS, 52
FORTALEZA;93;275;PLANALTO AYRTON SENNA;LICEU ESTADUAL DOMINGOS BRASILEIRO;RUA PLANALTINA, S/N
JUAZEIRO DO NORTE;28;222;FRANCISCANOS;COLÉGIO SÃO FRANCISCO DE ASSIS;NOSSA SENHORA DO CARMO SN
JUAZEIRO DO NORTE;119;28;SANTA TEREZA;COLÉGIO MILITAR DE JUAZEIRO DO NORTE;CASTELO BRANCO SN
UMARI;15;211;CENTRO - SEDE;ESCOLA DE ENSINO MÉDIO MONSENHOR MANOEL CARLOS DE MORAIS;RUA DOM QUINTINO 289
BEBERIBE;84;47;SERRA DO FELIX;ESCOLA MUNICIPAL JARBAS PASSARINHO;LAGOA DO ARROZ
FORTALEZA;94;493;VILA VELHA;ASSOC DOS MORADORES DO CONJ DOS BANCARIOS;RUA 27 1630
FORTALEZA;94;775;VILA VELHA;CEI MARISTELA DA FROTA CAVALCANTE;AV. L, N. 1000
GUAIÚBA;57;114;HELDER BEZERRA;EEM JOSÉ TRISTÃO FILHO;RUA MARIA DO CARMO, 100
UBAJARA;73;165;SITIO TABOCA;ESCOLA MADALENA HOLANDA SOARES;RODOVIA ESTADUAL CE 187 - SITIO TABOCA
BELA CRUZ;96;25;CENTRO-SEDE;EMETI PAULO SARASATE;RUA JOSÉ XEREZ DE SOUSA, S/N
SÃO BENEDITO;22;107;CENTRO-SEDE;CENTRO EDUCACIONAL DA VIRGEM PODEROSA - CEVP;RUA JOSE ARMANDO RODRIGUES 306
FORTALEZA;95;139;JANGURUSSU;EMTI PROFESSOR ANTONIO GIRAO BARROSO;RUA VERDE 37, S/N (CJ SITIO SAO JOAO)
FORTALEZA;113;49;JOSÉ BONIFÁCIO;COLÉGIO FARIAS BRITO;RUA SENADOR POMPEU, 2607
FORQUILHA;121;304;EDMUNDO RODRIGUES;EEFM ELZA GOERSCH;AV CRIANÇA DANTE VALERIO S/N CENTRO
PARACURU;109;60;CENTRO;E. M. E. F. ANTONIO SALES;RUA CAP JOSE TELES, S/N
MONSENHOR TABOSA;61;135;CENTRO;ESCOLA INDÍGENA DE MONSENHOR TABOSA;RUA SANTO ANTONIO 124
MULUNGU;5;159;CENTRO-SEDE;EEMTI PROFESSOR MILTON FACANHA ABREU;PRACA COLETOR BEZERRA BORGES 292
VIÇOSA DO CEARÁ;35;132;ZONA RURAL;E.E.I.F FRANCISCO MAMEDE DE BRITO;SITIO TUCUNS - PASSAGEM DA ONCA
HORIZONTE;78;116;ZUMBI;EMEF JOSE EDUARDO DE SOUSA;RUA MARIA LUIZA NORONHA - 405
FORTALEZA;80;128;ALTO DA BALANÇA;EEFM ESTADO DO PARÁ;RUA DJALMA PETIT 589
JUAZEIRO DO NORTE;28;107;PIO XII;EEF HELOISA SOBREIRA DIAS CAMILO;RUA MIGUEL PEDRO DE BRITO, 46
FORQUILHA;121;194;EDMUNDO RODRIGUES;EEFI FRANCISCO FIGUEIREDO DE PAULA PESSOA;R MARIA DE NAZARE DA SILVA SN
SOBRAL;121;272;SALGADO DOS MACHADOS;ESCOLA RAIMUNDO NONATO DE SALES;RUA INÁCIO MACHADO DA PONTE
URUBURETAMA;23;221;SAO JOAO;EEF PAULO FERREIRA DA CUNHA;SITIO UBATUBA
OCARA;67;235;CENTRO-SEDE;SECRETARIA DE CULTURA, ESPORTE E JUVENTUDE (ANTIGA ESCOLA ALMIR PINTO);AV CORONEL JOAO FELIPE SN
MORADA NOVA;47;172;VARZANTES;EEB FRANCISCO ANDRADE TEÓFILO GIRÃO;AV PRESIDENTE GEISEL, 4000
IPUEIRAS;40;50;CENTRO;COLEGIO ESTADUAL OTACÍLIO MOTA - CENTRO;RUA CORONEL MANOEL MOURÃO, 389
FORTALEZA;112;477;SAPIRANGA-COITÉ;EM IRMA SIMAS;RUA JOSE SOBREIRA, 608
FORTALEZA;85;373;CONJUNTO CEARÁ I;EEFM DOUTOR GENTIL BARREIRA;RUA 202-D, S/N - CONJUNTO CEARÁ I
QUIXERAMOBIM;11;216;SEDE RURAL;ESCOLA OSVALDO MARTINS DE ALMEIDA;AROEIRAS
PACOTI;5;167;CENTRO-SEDE;EMTI SAO LUIS;RUA PADRE QUILIANO 72
PACOTI;5;197;SITIO AREIAS;CRECHE GENTE INOCENTE (AREIAS);SITIO AREIAS
JIJOCA DE JERICOACOARA;30;288;ZONA RURAL;ESCOLA FRANCISCO SALES DE CARVALHO;CORREGO DA FORQUILHA II
CANINDÉ;33;472;PALESTINA;CAIC ALFREDO COELHO MAGALHÃES;RUA ANTONIO MONTEIRO DOS SANTOS SN
RUSSAS;9;278;CENTRO;ESCOLA MUNICIPAL RAIMUNDO PELOPIDAS DE ARAUJO;TRAVESSA MATOSO S/N
FORTALEZA;94;476;VILA VELHA;EEM LICEU VILA VELHA;AV. L, 840
QUIXERAMOBIM;11;1;MANITUBA;ESCOLA AFONSO DE CASTRO MACHADO;VARZEA DO MEIO
PARACURU;109;16;CARNAUBA - POVOADO;PSF RAIMUNDO PEROTE VIANA;CARNAÚBA
CRUZ;30;165;ZONA RURAL;ESCOLA MACARIO JOSE DE FARIAS;PITOMBEIRAS
CAUCAIA;37;589;ICARAI;ESCOLA VERONICA MARIA SILVA DE MENEZES;RUA Q, S/N - MUNGUBA
AMONTADA;89;88;CENTRO;EEEP LUIZ GONZAGA FONSECA MOTA;AV GAL ALÍPIO DOS SANTOS 1360
JUAZEIRO DO NORTE;28;63;AREA RURAL DE JUAZEIRO DO NORTE;EEF LAURENTINO ALVES DE MACENA (ST. NOVO);SITIO NOVO
JUAZEIRO DO NORTE;28;456;SANTO ANTONIO;EEF PELUSIO CORREIA DE MACEDO;RUA MARIETA FRANCA DE MENEZES 360
JUAZEIRO DO NORTE;28;201;CENTRO;COLÉGIO BATISTA DO CARIRI;RUA SAO PAULO 797
MORADA NOVA;47;156;DOURADO;EEB LUIS JOAO DE SOUSA;SITIO DOURADO
FORTALEZA;82;389;PIRAMBU;EEFM GOVERNADOR FLÁVIO MARCÍLIO;AV. PASTEUR, 575
MARACANAÚ;122;33;JARI;EMEF JOSÉ ASSIS DE OLIVEIRA(JARY);RUA PAULO AFONSO 4259
BARREIRA;52;29;CENTRO;ESCOLA DANÍSIO DALTON DA ROCHA CORRÊA;AV. FRANCISCO TORRES DA GAMA, N. 161
SENADOR SÁ;45;104;CENTRO;GE CORONEL APOLIANO;RUA PADRE DELMONT S/N
QUIXADÁ;6;307;ALTO SÃO FRANCISCO;EEF SONHO MEU;RUA RAIMUNDO LOPES DE SÁ, S/N
FORTALEZA;80;283;VILA UNIÃO;EEF GAL.  MANUEL CORDEIRO NETO;RUA JORGE ACURCIO, 900
FORTALEZA;85;264;AUTRAN NUNES;EMEIF DOLORES ALCANTARA;RUA CARDEAL ARCOVERDE S/N
ARARIPE;68;72;DISTRITO VILA BREJINHO;ESCOLA LUIZ GUEDES ALCOFORADO - BREJINHO;RUA MARECHAL CASTELO BRANCO S/N
FORTALEZA;94;943;QUINTINO CUNHA;EEFM DOM HELDER CAMARA;RUA ROSINHA SAMPAIO 1157
JUAZEIRO DO NORTE;119;67;ROMEIRAO;ARENA ROMEIRÃO;AVENIDA CASTELO BRANCO SN
JUAZEIRO DO NORTE;119;88;PIRAJA;ESCOLA MARIA AMELIA BEZERRA;AV CASTELO BRANCO SN
MARACANAÚ;122;92;INDUSTRIAL;EEFM JOSE DE BORBA VASCONCELOS;AV. CONTORNO SUL S/N
BELA CRUZ;96;13;CENTRO-SEDE;EMETI PAULO SARASATE;RUA JOSÉ XEREZ DE SOUSA, S/N
PEDRA BRANCA;59;78;MINEIROLANDIA;ESCOLA DE ENSINO FUNDAMENTAL CEL RAIMUNDO GONCALVES;SITIO SILVESTRE
MONSENHOR TABOSA;61;173;CARRAPICHO;E.M.E.F.T.I UM NOVO AMANHECER;RUA JOSE MARQUES BRASIL
SOBRAL;121;172;CENTRO;CEJA - CENTRO DE EDUCACAO DE JOVENS E ADULTOS CECI CIALDINI;RUA ORIANO MENDES, 455
FORTALEZA;80;120;ALTO DA BALANÇA;EEFM ESTADO DO PARÁ;RUA DJALMA PETIT 589
BREJO SANTO;70;255;SAO FRANCISCO-SEDE;EEF PROFESSOR JOAO TELES;RUA CORONEL NICODEMOS, N. 282
SÃO LUÍS DO CURU;23;322;CENTRO-SEDE;SINDICATO DOS TRAB. RURAIS DE S L DO CURU;RUA ROCHAEL MOREIRA SN
MONSENHOR TABOSA;61;127;ESPIRITO SANTO;EMEIF LEOCADIO SAMPAIO RODRIGUES;POVOADO DE ESPIRITO SANTO MONSENHOR TABOSA
BARBALHA;31;81;ALTO DA ALEGRIA;EEF MARIA ALACOQUE BEZERRA DE FIGUEIREDO (ALTO DA ALEGRIA);RUA JOSE QUENTAL, 25 - ALTO DA ALEGRIA
TAUÁ;19;178;TRICI;ESCOLA LUZIA AURELIO DOS SANTOS;ABOBORA
FORTALEZA;113;205;PARQUELÂNDIA;COLÉGIO CHRISTUS PRÉ - UNIVERSITÁRIO;RUA CRUZ SALDANHA, 614
JUAZEIRO DO NORTE;28;292;CENTRO;ESCOLA DE SABERES DANIEL WALKER ALMEIDA MARQUES;AV. PADRE CÍCERO, 376
RUSSAS;9;96;BONHU;ESCOLA MUNICIPAL UIRANDE AUGUSTO BORGES;BONHU
FORTALEZA;85;228;CONJUNTO CEARÁ I;EEM LICEU DO CONJUNTO CEARA;RUA 1139 A, 10 4 ETAPA
RUSSAS;9;102;BENTO PEREIRA;ESCOLA MUNICIPAL ROCILDA LEITAO;BENTO PEREIRA
QUIXADÁ;6;300;CENTRO;CENTRO UNIVERSITÁRIO CATÓLICA DE QUIXADÁ - UNICATÓLICA;AVENIDA PLÁCIDO CASTELO, S/N
BATURITÉ;5;2;CENTRO-SEDE;EMEF DOMINGOS SAVIO;AV DOM BOSCO, 393
FORTALEZA;85;318;GENIBAÚ;ESCOLA MUNICIPAL DEP MURILO AGUIAR;RUA 24 DE OUTUBRO 655
JUAZEIRO DO NORTE;28;340;SALESIANOS;COLEGIO SALESIANO SÃO JOÃO BOSCO;PADRE CICERO 1492
JUAZEIRO DO NORTE;119;181;TIMBAUBA;ESCOLA ANTONIO BEZERRA MONTEIRO;SEBASTIAO CAVALCANTE SN
JUAZEIRO DO NORTE;119;131;PIRAJA;ESCOLA AMALIA XAVIER;RUI BARBOSA 468
JUAZEIRO DO NORTE;28;476;HORTO;EMEI DAYSE SAMPAIO;RUA BOM JESUS DO HORTO, SN
MOMBAÇA;46;102;CENTRO;ESCOLA DE ENSINO FUNDAMENTAL JOSÉ MARQUES DE SOUSA;VILA NOVA UNIÃO - ZORRA
QUIXADÁ;6;308;CAMPO NOVO;EEF JOSÉ BONIFÁCIO DE SOUSA (ESCOLA MODELO);TRAVESSA DA LAVANDERIA, 152
FORTALEZA;85;301;ANTÔNIO BEZERRA;EEFM ANTONIO BEZERRA;RUA PADRE PERDIGAO SAMPAIO 780
PACAJUS;49;127;CAVALARIA;EEF MARIA DO CARMO DE SOUSA LOPES (GRUPO ESCOLAR);CAVALARIA
CAUCAIA;37;198;GRILO;E.E.I.E.F. MARIA DAS DORES LIMA;RUA JOSE EMILIO DA ROCHA, 852 - PQ MALOUBER
FORTIM;8;249;CAMPESTRE;EEIFTI. MAURO BONOTTO;CAMPESTRE
FORTALEZA;94;327;VILA VELHA;COLEGIO SALOME BASTOS;RUA DESEMBARGADOR HERMES PARAHYBA 1120
CANINDÉ;33;470;ALTO GUARAMIRANGA;EMEF CORONEL ADAUTO BEZERRA;RUA IRMÃ MANUELA MAGALHÃES, S/N
MARANGUAPE;4;393;PARQUE SANTA FÉ - MARANGUAPE;CEM DEP. MANOEL RODRIGUES;RUA JUSCELINO KUBITSCHEK, S/N
CEDRO;13;429;CENTRO;COLEGIO ESTADUAL CELSO ARAUJO;RUA ZE PAJE, 241
FORTALEZA;115;213;SERRINHA;PROJETO ABC DA SERRINHA;RUA CONEGO LIMA SUCUPIRA, 1.487
PARACURU;109;42;LAGOA;C.E.I. FRANCISCA DOS SANTOS BARROSO;RUA SABINO PIO DE MENEZES, 407
BREJO SANTO;70;63;BAIXIO DO BOI-SEDE;ESCOLA MUNICIPAL ROMAO DOS ANJOS MONTEIRO VASCONCELOS;SITIO BAIXIO DO BOI
AMONTADA;89;217;BUENOS AIRES;EEB PROF MARIA DA FE DOS SANTOS RODRIGUES;RUA JOSE AGENOR HENRIQUE
FORTALEZA;80;320;DIONISIO TORRES;COLÉGIO SANTO INACIO;AVENIDA DESEMBARGADOR MOREIRA 2355
FORTALEZA;80;431;TAUAPE;COLÉGIO MONSENHOR JOVINIANO BARRETO - INFANTIL;RUA FREI VIDAL, 1680
ERERÉ;10;113;CENTRO;SECRETARIA DE EDUCACAO CULTURA E DESPORTO;RUA SENADOR FERNANDES TAVORA, 574
TRAIRI;97;186;EMBOACA;EEF NOSSA SENHORA DA SAUDE;EMBOACA
QUIXADÁ;6;472;SÃO JOÃO DOS QUEIROZ;EEF JOÃO GONÇALVES DA ROCHA;SÃO JOÃO DOS QUEIROZ, S/N
BATURITÉ;5;77;CENTRO-SEDE;EMEF MONSENHOR MANOEL CANDIDO;PRAÇA DA MATRIZ, SN
FORTALEZA;95;114;CONJUNTO PALMEIRAS;EMTI JOAO GERMANO DA PONTE NETO;RUA MAIZA, 549
SÃO GONÇALO DO AMARANTE;36;209;ACENDE CANDEIA DE CIMA;ESCOLA DE ENSINO FUNDAMENTAL DEPUTADO LEORNE BELEM;ACENDE CANDEIA DE CIMA
FORTALEZA;83;696;DOM LUSTOSA;ESCOLA MUNICIPAL MURILO SERPA;RUA MONSENHOR HIPOLITO BRASIL 1400
FORTALEZA;83;755;JOÃO XXIII;CENTRO DE FORMAÇÃO E DESENV. PARA PROFISSIONAIS DA EDUCAÇÃO - FORMACE;RUA PORTO VELHO, 401
LIMOEIRO DO NORTE;29;67;ÁREA RURAL;UNIDADE ESCOLAR NH4;SETOR NH4
CANINDÉ;33;427;CANINDEZINHO;EMEF JOAQUIM MAGALHAES FILHO;RUA HOMERO MARTINS 2556
TAMBORIL;61;3;CENTRO;EMTI 4 DE OUTUBRO;RUA VICENTE ALVES DO VALE SN
FORTALEZA;85;219;CONJUNTO CEARÁ I;EEFM MARIA ANTONIETA NUNES - UV 9;RUA 916 SN 4 ETAPA
ARARIPE;68;29;DISTRITO VILA BREJINHO;ESCOLA LUIZ GUEDES ALCOFORADO - BREJINHO;RUA MARECHAL CASTELO BRANCO S/N
BEBERIBE;84;84;SUCATINGA;EEM FRANCISCA MOREIRA DE SOUSA;RUA MOREIRA DA ROCHA 01 - CENTRO
FORTALEZA;113;53;JOSÉ BONIFÁCIO;COLÉGIO FARIAS BRITO;RUA SENADOR POMPEU, 2607
FORTALEZA;113;253;PARQUELÂNDIA;EEFM SANTO AFONSO;RUA GAL. BERNARDO FIGUEIREDO, 2670
JUCÁS;43;137;JUREMA - SÍTIO - SÃO PEDRO;GRUPO ESCOLAR FRANCISCO ANDRE DE SOUZA;SÍTIO JUREMA
ARACATI;8;178;SITIO CANAVIEIRA;POSTO DE SAÚDE DA CANAVIEIRA;SITIO CANAVIEIRA
SÃO GONÇALO DO AMARANTE;36;255;CAGADO-POVOADO;ESCOLA DE ENSINO FUNDAMENTAL JOAO PINTO MAGALHAES;CAGADO
SANTA QUITÉRIA;54;49;BOA VIDA;COLÉGIO DOM BOSCO;RUA OTÁVIO TERCEIRO DE FARIAS, 245
JAGUARUANA;75;59;CENTRO;E.E.M. MANUEL SÁTIRO;AV DR ANTÔNIO DA ROCHA FREITAS, 1278
BARRO;92;29;IARA-DISTRITO;ESCOLA DE ENSINO BASICO DEP. ANTONIO LEITE TAVARES;BR 116 - KM 447
BARBALHA;31;32;CENTRO;COLÉGIO DOM BOSCO OBJETIVO (CENTRO);RUA ADÃO APOLINÁRIO, S/N
BARRO;92;35;SEDE;ESCOLA 1 GRAU ANTONIO SEVERO DE LIMA;SITIO ENGENHO VELHO
TAUÁ;19;262;SEDE;ASSOCIAÇÃO COMUNIT DO LUSTAL I (ANT ASS PEQUENOS PRO DE LUSTAL);LUSTAL I
IPUEIRAS;40;9;MILHÃ;ESCOLA DE ENSINO FUNDAMENTAL BENEDITO ALVES DA SILVA - MILHÃ;MILHÃ
FORTALEZA;80;370;FÁTIMA;INSTITUTO DE EDUCAÇÃO DO CEARÁ;RUA GRACILIANO RAMOS, 52
UBAJARA;73;100;CENTRO;ESCOLA GRIJALVA COSTA;RUA JOSE RUFINO PEREIRA, 180
BANABUIÚ;6;408;ALTO ALEGRE;POSTO DE SAÚDE MARIA DAS DORES;RUA ANA MARIA DA CONCEICAO S/N
QUITERIANÓPOLIS;99;116;ZONA RURAL;EEIF ANTONIO CANUTO DE LIMA;SAO MIGUEL
FORTALEZA;112;142;JARDIM DAS OLIVEIRAS;EEFM D. LUIZA TÁVORA - PRÓ MORAR;RUA FREI CANECA, 379
FORTALEZA;115;404;MANOEL SÁTIRO;EEFM PROFESSOR MARIO SCHENBERG;RUA AMERICO ROCHA LIMA 835
MARCO;96;122;BAIRRO COQUEIRINHO;CEI EDILARDO MOREIRA;RUA GOVERNADOR RAUL BARBOSA S/N
AMONTADA;89;275;BUENOS AIRES;EEB PROF MARIA DA FE DOS SANTOS RODRIGUES;RUA JOSE AGENOR HENRIQUE
FORTALEZA;94;40;ANTÔNIO BEZERRA;COLÉGIO EVOLUIR;RUA CÂNDIDO MAIA,109
ACARAPE;52;32;POÇO ESCURO I;ESCOLA HILDEGARDA CHAGAS BONFIM;POÇO ESCURO I
NOVA OLINDA;53;82;CRUZEIRO;EEF PADRE CRISTIANO COELHO;AV. JEREMIAS PEREIRA S/N
ACARAÚ;30;68;ZONA RURAL;ESCOLA FRANCISCO JOÃO DE ARAUJO;MEDEIROS
CAUCAIA;37;575;PLANALTO CAUÍPE;E.E.I.F. SAUL GOMES DE MATOS;RUA HONORINA BARROS FONTELES, S/N
FORTALEZA;113;448;PARQUE ARAXÁ;CENTRO UNIVERSITÁRIO UNIFANOR;AV. BEZERRA DE MENEZES, 1277
MARANGUAPE;4;73;LAGOA DO JUVENAL;EMEF JOSÉ DE SOUSA ALBUQUERQUE;AVENIDA NOSSA SENHORA DO CARMO, 525
EUSÉBIO;88;156;SANTA CLARA;EEF SANTA CLARA;RUA FRANCISCO CLAUDIO PAEZ, 88 - SANTA CLARA
QUITERIANÓPOLIS;99;74;ZONA RURAL;EEIF AGUSTINHO COSMO ALVES;JARDIM
GUAIÚBA;57;293;DOURADOS;EEBM MANUEL XAVIER PIRES;DOURADOS
SÃO LUÍS DO CURU;23;307;CENTRO-SEDE;E.E.F. PADRE JOSE SINVAL FACUNDO;RUA PEDRO CIPRIANO SN
IBIAPINA;73;59;SITIO JUREMA SUL;ESCOLA LUDUGERIO FERREIRA GOMES;SÍTIO JUREMA SUL
FORTALEZA;83;774;DOM LUSTOSA;ESCOLA ESPAÇO VIVÊNCIA;RUA MONSENHOR HIPÓLITO BRASIL, 1367
CATARINA;60;229;VILA NOVA - SEDE;EEF FRANCISCO RODRIGUES PEREIRA;RUA JOSE PEDROSA DE MIRANDA S/N
MARACANAÚ;122;17;PIRATININGA;COLÉGIO ESTADUAL PROFº FRANCº OSCAR RODRIGUES(COL.EST.LICEU MARACANAÚ);AV. LUIZ GONZAGA HONÓRIO, 50, PIRATININGA, MARACANAÚ-CE
LIMOEIRO DO NORTE;29;54;ÁREA RURAL;EEF CESAR CALS NETO;SITIO SUCUPIRA
MASSAPÊ;45;142;LUIS DA HORA PEREIRA;CMEF PROFESSORA MARIA DO CARMO CARNEIRO (EEF MARIA PONTES VIDAL);RUA AMADEU ALBUQUERQUE, S/N
PARACURU;109;20;CENTRO;E. E. M. HERMINIO BARROSO;CAP JOSE TELES, S/N
TAUÁ;19;46;TAUAZINHO;EEM MARIA DAS DORES CIDRÃO ALEXANDRINO;AV CEL VICENTE ALEXANDRINO DE SOUSA 04
FORTALEZA;80;423;VILA UNIÃO;COLÉGIO ANTARES FÁTIMA (VILA UNIÃO);RUA ALBERTO MONTEZUMA, 235
QUITERIANÓPOLIS;99;76;ZONA RURAL;EEIF JOÃO FRANCISCO DA SILVA;SITIO
QUIXADÁ;6;333;PLANALTO RENASCER;EEFM RAIMUNDO MARQUES DE ALMEIDA (ESCOLA MODELO);RUA PARAGUAI, 2055
FORTALEZA;80;397;FÁTIMA;EEM GOV. ADAUTO BEZERRA;RUA MONSENHOR LIBERATO, 1850
SENADOR POMPEU;12;40;CENTRO;EEF GERALDO GONÇALVES DO NASCIMENTO JUNIOR;RUA PADRE LINO ADERALDO S/N
IPUEIRAS;40;110;AMÉRICA;ESCOLA DE ENSINO FUNDAMENTAL MARIANO MARINHO DE OLIVEIRA - AMÉRICA;AMÉRICA
FORTALEZA;82;577;SÃO GERARDO;COLÉGIO MASTER - BEZERRA DE MENEZES;AV. BEZERRA DE MENEZES, 1802
VÁRZEA ALEGRE;62;96;NARANIU;POSTO DE SAÚDE ANTÔNIA HOLANDA CAVALCANTE;SITIO NOVO JORDÃO
BARROQUINHA;108;47;CENTRO;CENTRO DE REFERÊNCIA DE ASSISTÊNCIA SOCIAL - CRAS;AV. MARIA DIAMANTINA VERAS N 1002
GUARACIABA DO NORTE;74;181;ESTÁDIO;EEF. JOÃO MIGUEL DA FONSECA LOBO;RUA METON SILVANO
BOA VIAGEM;63;19;CENTRO-SEDE;EEF PE ANTONIO CORREIA DE SA;RUA JOSE RANGEL DE ARAUJO 22
CARIRIAÇU;71;10;VILA VALÊNCIA;CRECHE FRANCISCA SALDANHA;RUA ANTONIO GOMES, SN
BATURITÉ;5;23;MONDEGO-SEDE;CENTRO DE REFERÊNCIA EM ASSISTÊNCIA SOCIAL - CRAS;RUA MAJOR PEDRO CATÃO, 159
ASSARÉ;18;97;ZONA RURAL;ESCOLA CICERO RODRIGUES DA FONSECA;SITIO BAIXA QUEIMADA - ZONA RURAL
SANTANA DO ACARAÚ;44;83;DISTRITO PARAPUI;EEF RAIMUNDO CAMÕES VIANA;RUA CAMOES VIANA S/N
MISSÃO VELHA;16;102;DISTRITO DE JAMACARU;EEFM PADRE AMORIM;RUA FELIX ITALIANO SN
MARTINÓPOLE;25;70;CENTRO;E.E.F. PADRE JOSÉ ROBERTO (GINÁSIO);RUA JOAO BATISTA, 221
BATURITÉ;5;3;CENTRO-SEDE;EMEF DOMINGOS SAVIO;AV DOM BOSCO, 393
BARRO;92;37;SEDE;EEFM WILSON DIAS CABRAL;SITIO RIACHAO
BREJO SANTO;70;257;SAO FRANCISCO-SEDE;LICEU PROFESSOR JOSÉ TELES DE CARVALHO;AV. ANTONIO FLORENTINO DE ARAUJO 800
FRECHEIRINHA;81;271;ÁREA RURAL DE FRECHEIRINHA;CRECHE MANOEL FELIPE COSTA;SÍTIO CAUA - AREA RURAL DE FRECHEIRINHA
CANINDÉ;33;310;ZONA RURAL;EMEF PADRE MANOEL CORDEIRO DA CRUZ;DISTRITO DE IGUACU
CAMOCIM;32;187;ZONA RURAL;CRECHE MUNICIPAL DE MONTEVIDEU - MONTEVIDEU;LOCALIDADE DE MONTEVIDEU
PEDRA BRANCA;59;123;SANTA URSULA;E.E.F. ESCOLA BENICIO VIEIRA CAVALCANTE;AV SABINO VIEIRA CAVALCANTE 176
PACAJUS;49;154;COAÇU;EEF RAIMUNDO NOGUEIRA DE QUEIROZ;RUA JOÃO AUGUSTO DE OLIVEIRA, 103
VÁRZEA ALEGRE;62;21;CENTRO;EEF DR. PEDRO SÁTIRO;RUA PADRE JOSE OTAVIO. SN
LAVRAS DA MANGABEIRA;14;25;CRUZEIRO;ESCOLA DE 1 GRAU STELA SAMPAIO;BAIRRO DO CRUZEIRO S/N
TRAIRI;97;43;CORREGO DOS FURTADOS;EEF SINZINA  AZEVEDO;CORREGO DOS FURTADOS
BOA VIAGEM;63;236;COHAB;EEEP VENCESLAU VIEIRA BATISTA;RUA JOSÉ VIEIRA COSTA,1048
SALITRE;38;33;CENTRO;E.E.I.F ANTONIO LEITE DE ALENCAR - SEDE;RUA SANTO ANTONIO  S/N
MARANGUAPE;4;413;SANTOS DUMONT - MARANGUAPE;CEI SOFIA DE ABREU CORDEIRO;RUA JOSÉ DE OLIVEIRA, 805
FORTALEZA;94;462;QUINTINO CUNHA;CEI SÃO CARLOS;RUA DOS PESCADORES,188
MARCO;96;149;LOCALIDADE DE TRIANGULO DO MARCO;EEF SAO FRANCISCO;RUA ZENAIDE OSTERNO, SN
PACATUBA;57;139;SAO JOSE;EEM CASSIMIRO LEITE DE OLIVEIRA;RUA SERGIO PROTASIO DA SILVA, 44
ALTO SANTO;86;120;JARDIM;ESCOLA DE 1 GRAU PROFESSORA MARIA DO SOCORRO MAIA;CONJUNTO HABITACIONAL FRANCISCO WILKER CAMPELO S/N
ARARENDÁ;48;79;CENTRO;E. E. F. FRANCISCO MOURÃO LIMA;RUA PINTO BASTOS
SANTA QUITÉRIA;54;92;DISTRITO DE MALHADA GRANDE;ESCOLA MUNICIPAL MARIA DE NAZARÉ;DISTRITO DE MALHADA GRANDE
TAUÁ;19;47;TAUAZINHO;EEM MARIA DAS DORES CIDRÃO ALEXANDRINO;AV CEL VICENTE ALEXANDRINO DE SOUSA 04
FORTALEZA;85;380;CONJUNTO CEARÁ I;EEM LICEU DO CONJUNTO CEARA;RUA 1139 A, 10 4 ETAPA
SÃO LUÍS DO CURU;23;309;CENTRO-SEDE;E.E.F. PADRE JOSE SINVAL FACUNDO;RUA PEDRO CIPRIANO SN
PORTEIRAS;70;311;ABREUS DOIS-SEDE;ESCOLA DE 1 GRAU MIGUEL LAURENTINO DE SOUZA;SITIO ABREUS DOIS
TAUÁ;19;77;SEDE;EPG DOMINGAS GOMES AGUIAR;JUNCO
FORTALEZA;112;305;JARDIM DAS OLIVEIRAS;EM ISMAEL PORDEUS;RUA DES FAUSTINO ALBUQUERQUE, 511
BEBERIBE;84;169;FORQUILHA;ESCOLA MUNICIPAL SAO BERNARDO;FORQUILHA
FORTALEZA;113;290;AMADEU FURTADO;EEF MONSENHOR LINHARES;RUA PROF. LINO ENCARNAÇÃO, 1130
FORTALEZA;113;357;MONTESE;COLÉGIO AGNUS;RUA TEODORICO BARROSO, 827
CARIRÉ;65;9;N.S. DE FÁTIMA;EEFTI PROFESSOR LUIS DE SENA DIAS;RUA CEFISA AGUIAR
TAUÁ;19;237;INHAMUNS;ASSOCIAÇÃO DOS PRODUTORES RURAIS JOSE ALVES OLIVEIRA;ZABELÊ
PARAMBU;19;355;BELEZA;CEI - CENTRO DE EDUCAÇÃO INFANTIL - BELEZA;RUA JOÃO DA COSTA CARACAS
CHAVAL;108;82;POVOADO CAFUNDÓ;EEF LIBÓRIO ADRIÃO DE ARAÚJO;POVOADO DE CAFUNDÓ
TAUÁ;19;97;TRICI;SALA COORD MINI ESTADIO OSMAR GOMES (ANT EPG LAURINDO C AZEVEDO);LIBERDADE
FORTALEZA;80;275;VILA UNIÃO;ESCOLA MUNICIPAL HAROLDO JORGE BRAUN VIEIRA;AV LAURO VIEIRA CHAVES, 2001
SANTANA DO ACARAÚ;44;92;SAPO DE BAIXO;CENTRO COMUNITÁRIO JOSÉ PATRIARCA CARNEIRO;SAPÓ DE BAIXO
MUCAMBO;79;209;CENTRO;E.E.M. JOSÉ CLÁUDIO DE ARAÚJO;RUA JOSÉ CLÁUDIO DE ARAÚJO, 615
GRAÇA;79;161;SITIO JABURU;EEF JOAO SALMITO DE ALMEIDA;SITIO JABURU
FORTALEZA;116;88;GRANJA PORTUGAL;EM CREUSA DO CARMO ROCHA;RUA DUAS NACOES 1055
ACARAÚ;30;7;CENTRO;CEJA -  PADRE ANTONIO TOMAZ;PRACA CORONEL JOSE FILOMENO SN
ITAPAJÉ;41;71;SANTA CRUZ;ESCOLA MUNICIPAL JULIO PINHEIRO BASTOS;AV DR PRAXEDES BASTOS SN
BANABUIÚ;6;420;RINARÉ;EEF ELIAS FERNANDES LIMA;LAGOA DO MEIO
TAUÁ;19;261;ALTO BRILHANTE;EEF JOAQUIM PIMENTA;AV JOSE VALDEMAR REGO 585
QUIXERÉ;29;233;SEDE;EEB MANOEL GONCALVES DE SOUSA;SITIO LEAO
FORTALEZA;117;469;SIQUEIRA;ESCOLA MUNICIPAL PROF JOSE CÍRIO PEREIRA FILHO;RUA QUARTZO ROSA, 100
PENAFORTE;70;345;SANTO ANDRE-SEDE;CENTRO DE EDUCACAO RURAL;SANTO ANDRE
ITATIRA;33;432;DISTRITO DE LAGOA DO MATO;ANEXO - JOSÉ PAULO DE SOUSA;AV.NOSSA SENHORA DO CARMO S/N
CAMOCIM;32;175;SAO PEDRO;CENTRO DE ESPECIALIDADES ODONTOLOGICAS - CEO;RUA 24 DE MAIO SN
SOBRAL;24;92;CAMPO DOS VELHOS;EEM PROF. LUIS FELIPE;RUA CEL JOSE SILVESTRE, 760
FORTALEZA;1;460;PAPICU;ESCOLA ESTADUAL MARIA JOSE MEDEIROS;RUA DESEMBARGADOR LAURO NOGUEIRA 1240
CASCAVEL;7;76;JACARECOARA;ESC.ENS.FUND. JOÃO BRAGA DE SANTANA;CHORO PEDRINHAS
FORTALEZA;115;450;MANOEL SÁTIRO;EM MARIA VIVIANE BENEVIDES GOUVEIA;RUA CREUZA ROQUE 247
FORTALEZA;93;117;MONDUBIM;ESCOLA SANTANA;RUA 10, 1305
FORTALEZA;1;866;VICENTE PINZON;ESCOLA ESTADUAL DEPUTADO MANOEL RODRIGUES;RUA OLIVEIRA FILHO, 1576
ACOPIARA;60;96;TRUSSU;EEF SERRA NOVA;SITIO SERRA NOVA
LIMOEIRO DO NORTE;29;6;CENTRO;COLEGIO DIOCESANO PE ANCHIETA;AV DOM AURELIANO MATOS 1925
CROATÁ;74;62;DISTRITO;ESCOLA MUNICIPAL PROFESSORA MARIA DO CARMO MELO (BETANIA);BETANIA
FORTALEZA;83;130;JÓQUEI CLUBE;ESCOLA MUNICIPAL PRESIDENTE KENNEDY;AV. LINEU MACHADO 811
JUCÁS;43;84;CENTRO - SEDE;ESCOLA DE ENSINO MÉDIO LUIZA TAVORA;RUA HILDELY CAVALCANTE 120
FORTALEZA;95;116;CONJUNTO PALMEIRAS;EMEIEF PROFESSORA BERNADETE ORIÁ DE OLIVEIRA;RUA DR. CODES SANDOVAL 796
FORTALEZA;2;463;MESSEJANA;EEEP JOSE DE BARCELOS;RUA ANGELICA GURGEL 362
CASCAVEL;7;56;GUANACES;ESC.ENS.FUND. CUSTODIO DA SILVA LEMOS;RUA ISAAC BENICIO, CENTRO
QUIXERAMOBIM;11;10;SAO MIGUEL;ESCOLA ALFREDO ALMEIDA MACHADO- VILA DE SAO MIGUEL;SAO MIGUEL
MORADA NOVA;47;274;ROLDAO;EEB JOSE NOGUEIRA DE QUEIROZ;EXTREMA
FORTALEZA;80;206;ALTO DA BALANÇA;EEF CIRCULISTA BOM JESUS;RUA JOSE BUSON 101
FORTALEZA;2;796;LAGOA REDONDA;ESCOLA MUNICIPAL ISABEL FERREIRA;RUA ISABEL FERREIRA, 1000 - CONJ. CURIÓ
CRATEÚS;20;297;PLANALTO;EEMTI GOV. GONZAGA MOTA;RUA DR. JÚLIO LIMA, 2194
BARROQUINHA;108;45;DISTRITO ARARAS;EEF MANOEL COSTA VIANA;SÃO CAETANO
FORTALEZA;83;749;HENRIQUE JORGE;EDUCANDARIO FELIPE DOS SANTOS;RUA TERESINA 313
PALHANO;9;138;CENTRO;ESCOLA DE ENSINO FUNDAMENTAL MATEUS SOBRINHO;RUA POSSIDONIO BARRETO 430
FORTALEZA;118;670;SERRINHA;COLÉGIO MARIA ESTER I;RUA ANTONIO TEIXEIRA LEITE, 248
CEDRO;13;504;ASSUNÇÃO;ESCOLA DE ENS FUND TEREZA DUTRA;RUA VICENCIA DUTRA S/N
JIJOCA DE JERICOACOARA;30;205;ZONA RURAL;ESCOLA NOSSA SENHORA DA CONSOLACAO;NOVO JERI S/N - JERICOACOARA
UBAJARA;73;198;CENTRO;CEIF - CENTRO DE EDUCAÇÃO IRLANE FERNANDES;RUA 24 DE AGOSTO, 426
QUIXADÁ;6;52;ALTO SÃO FRANCISCO;ESCOLA ADVENTISTA ARLETE AFONSO;RUA EPITÁCIO PESSOA, 605
CAMOCIM;32;241;ZONA RURAL;EEF JOSE GOMES PARENTE - BAIXA GRANDE;LOCALIDADE DE BAIXA GRANDE
MORADA NOVA;47;196;JUAZEIRO;EEB CEL JOSE RAIMUNDO SOBRINHO;SITIO LAGOA DO TAPUIO
FORTALEZA;85;230;CONJUNTO CEARÁ I;EEM LICEU DO CONJUNTO CEARA;RUA 1139 A, 10 4 ETAPA
CAUCAIA;37;604;ICARAI;ESCOLA VERONICA MARIA SILVA DE MENEZES;RUA Q, S/N - MUNGUBA
MARACANAÚ;104;380;PAJUÇARA;EMEF LUIZ GONZAGA DOS SANTOS;RUA PEDRO BATISTA, 110
JUAZEIRO DO NORTE;119;417;PREFEITO CARLOS ALBERTO DA CRUZ;ESCOLA ZILA BELEM;FRANCISCO VICENTE SILVA CAVALCANTE SN
CRATEÚS;20;157;SANTANA;ESCOLA DE CIDADANIA ZACARIAS SOARES GODINHO;BARRA DAGUA
CAUCAIA;123;558;PARQUE DAS NAÇÕES (JUREMA);ESCOLA BRASILEIRINHO;RUA MÉXICO, 1753
ARACOIABA;67;163;CENTRO-SEDE;ESCOLA ALMIR PINTO - ENSINO FUNDAMENTAL E MEDIO;RUA SANTOS DUMONT 363
JUAZEIRO DO NORTE;119;119;ROMEIRAO;ESCOLA SESI/SENAI PADRE AZARIAS SOBREIRA;RUA JOSÉ MARROCOS, 2265
FORTALEZA;2;98;LAGOA REDONDA;COLÉGIO AGNUS SUL;TRAVESSA MARROCOS, 145
CAPISTRANO;105;39;CENTRO;ESCOLA DE ENSINO FUNDAMENTAL E MEDIO CEL. FRANCISCO NUNES CAVALCANTE;RUA CEL. FRANCISCO NUNES CAVALCANTE 35
FORTALEZA;2;460;LAGOA REDONDA;EM PROFª FERNANDA MARIA DE ALENCAR COLARES;AV PROF. ARTHUR DE CARVALHO, 1540
NOVA RUSSAS;48;105;BARRO VERMELHO;ESCOLA MUNICIPAL JOSÉ SANTOS MOURÃO;RUA ANTONIO CARLOS, S/N
FORTALEZA;2;111;MESSEJANA;EMEIF DEMOCRITO ROCHA;RUA PADRE PEDRO DE ALENCAR, 2012
FORTALEZA;2;156;LAGOA REDONDA;EMEIF MOREIRA DA ROCHA;AV ODILON GUIMARAES, 3860
CASCAVEL;7;47;CAPONGA;ESC.ENS.FUND. DE BALBINO;BALBINO
AURORA;69;79;SANTA CRUZ-SITIO;E.E.I.F. ORLANDO LEITE DE MACEDO;SITIO SANTA CRUZ  S/N
ACOPIARA;60;39;VILA ESPERANCA;EEF FRANCISCO UCHOA DE ALBUQUERQUE;ANTONIO MOREIRA SN
MARACANAÚ;122;263;NOVO ORIENTE;EMEF DEP ULYSSES GUIMARAES;RUA 29 N. 10
OCARA;67;244;CURUPIRA-DISTRITO;ESCOLA MUNICIPAL PEDRO DA COSTA GOMES - ENSINO FUNDAMENTAL;FOVEIRA
AURORA;69;74;ESPINHEIRO-SITIO;E.E.I.F ANTONIO FERNANDES;SITIO ESPINHEIRO  S/N
CRATO;27;204;BAIXIO DAS PALMEIRAS;EEIEF ARLINDO MATHIAS;ROD. ANTÔNIO TELES S/N, ROMUALDO
SOBRAL;24;659;NOVO RECANTO;CENTRO EDUCACIONAL INFANTIL TEREZA RODRIGUES DOS SANTOS;RUA B, N. 68
IGUATU;13;381;JOÃO PAULO II;CAIC - ESCOLA DE ENS FUND FRANCISCO DAS GRAÇAS ALVES BERTO;CONJUNTO JOAO PAULO II                                    S/N
IGUATU;13;374;COHABS;ESCOLA DE ENS FUND PADRE JANUARIO CAMPOS (MUNICIPAL);ESTRADA DO BAU COHAB III
ITAPIPOCA;17;86;ARAPARI;EEB JOSE EDILSON DE SOUSA;ARAPARI
HORIZONTE;78;210;DIADEMA;EMEF PROF MARIA LUIZA BARBOSA CHAVES;RUA BATURITE SN - PARQUE DIADEMA
COREAÚ;64;68;COHAB;COREAÚ - ESCOLA MUN. PROFª IZAURA MA. DA SILVA;RUA TANCREDO NEVES, S/N - COHAB
MILAGRES;26;73;CASA PROPRIA;ESCOLA MARIETA CALLS;AV SANDOVAL LINS S/N
ICÓ;15;192;CENTRO - SEDE;EEM - VIVINA MONTEIRO;RUA DR INACIO DIAS S/N
CAUCAIA;120;136;MIRAMBE;E.E.I.E.F. MARIA DE LOURDES ROCHA;RUA DA IGREJA, 614 - TAQUARA/MIRAMBÉ
FORTALEZA;115;295;ITAPERI;UNIVERSIDADE ESTADUAL DO CEARA - UECE;AV DR. SILAS MUNGUBA, 1700
IGUATU;13;16;CENTRO;ESCOLA DE ENSINO MÉDIO EM TEMPO INTEGRAL DE IGUATU;RUA GUILHERME DE OLIVEIRA, 842
HORIZONTE;78;108;DOURADO;EMEF MARINA FERREIRA DE ALMEIDA;RUA DONA SINHÁ, 159
MIRAÍMA;89;233;CRUZEIRO;EEFM JOSEFA BRAGA BARROSO;RUA DEZINHO TEIXEIRA
SOBRAL;24;685;JOSÉ EUCLIDES;EEFI MARIA YEDA FROTA FELIX MONTALVERNE;RUA AIRTON SENNA, 300, CIDADE JOSE EUCLIDES II
JUAZEIRO DO NORTE;119;61;ANTONIO VIEIRA;ESCOLA PREFEITO ANTONIO CONSERVA;CONSTRUTOR JOSE SABINO SN
MARACANAÚ;104;265;PAJUÇARA;EMEIEF ANTÔNIO DE ALBUQUERQUE SOUSA FILHO;RUA SENADOR PETRÔNIO PORTELA, 145
PALMÁCIA;4;177;BU;EEF ISAURA AMÉLIA PEREIRA;CE 065 KM 18
FORTALEZA;114;204;PRESIDENTE KENNEDY;EMTI PROFESSOR JOAQUIM FRANCISCO DE SOUSA FILHO;RUA JOAQUIM MARQUES, 13
CRATEÚS;20;66;POTI;ESCOLA DE CIDADANIA SAO JOSE;POTI
ABAIARA;26;75;CENTRO;ESCOLA ROSA TAVARES LEITE;RUA MISAEL ALVES DE MEDEIROS 295
SÃO GONÇALO DO AMARANTE;36;176;JACAREQUARA;ESCOLA DE ENSINO FUNDAMENTAL ROSITA DE SOUSA ANDRADE;JACAREQUARA
CARIRIAÇU;71;6;PARAÍSO;EEF PAULO BARBOSA LEITE;RUA LUIZ BEZERRA, SN
CAUCAIA;123;421;NOVA METRÓPOLE (JUREMA);E.E.F.M. ROMEU DE CASTRO MENEZES;AV. A, S/N - NOVA METRÓPOLE
CRATO;27;229;PIMENTA;COLÉGIO PEQUENO PRÍNCIPE;RUA VINTE E UM DE JUNHO, 935
PEDRA BRANCA;59;61;SEDE;ESCOLA DE ENSINO FUNDAMENTAL MANOEL NENEN;SITIO JOAO DE SOUZA
MARANGUAPE;4;563;NOVO MARANGUAPE I (ÁREA VERDE) - MARANGUAPE;EMEF DIREITOS HUMANOS;RUA MONSENHOR ASSIS PORTELA, S/N
SÃO GONÇALO DO AMARANTE;36;63;CROATA-DISTRITO;ESCOLA DE ENSINO FUNDAMENTAL PORFIRIO DE ARAUJO;RUA VALDO UCHOA - CROATA
PORANGA;40;163;MULATINHA;ESCOLA DE ENSINO FUNDAMENTAL SÃO FRANCISCO - MULATINHA;MULATINHA
FORTALEZA;3;395;ALDEOTA;RECEITA FEDERAL (SUPER. REG. DE ADM. NO ESTADO DO CEARÁ);RUA BARÃO DE ARACATI, 909
FORTALEZA;113;90;JARDIM AMÉRICA;ESCOLA MUNICIPAL PROF. FILGUEIRAS LIMA;AV. DOS EXPEDICIONÁRIOS, 3910
FORTALEZA;93;152;PREFEITO JOSÉ WALTER;EM NELSON MANDELA;AV. C, 435
UMIRIM;23;269;CRUZEIRO;CONSELHO TUTELAR (EX-SEC. DE AGRICULTURA/OBRAS);RUA DO CRUZEIRO, 57
PORANGA;40;143;PITOMBEIRA;ESCOLA DE ENSINO FUNDAMENTAL 13 DE MAIO - PITOMBEIRA;PITOMBEIRA
IBIAPINA;73;193;SÃO JOÃO;SINDICATO DOS SERVIDORES PÚBLICOS MUNICIPAIS DE IBIAPINA;AV. PREFEITO FRANCISCO LUIS DE SOUSA S/N
FORTALEZA;2;168;MESSEJANA;PATRONATO PADRE LUIZ BARBOSA MOREIRA;RUA CEL GUILHERME ALENCAR, 121
MASSAPÊ;45;79;ZONA RURAL;GEM BRAS SATIRO;SITIO RIACHO FUNDO
HORIZONTE;78;225;DIADEMA;EMEF PROFESSORA DIONE MARIA BEZERRA PESSOA;RUA FRANCISCO ONOFRE DE ASSIS, 365, DIADEMA
ACOPIARA;60;37;DISTRITO SANTA FELICIA;EEF PEDRO GOMES DE ALMEIDA;SITIO OITICICA DE UMARI
CAUCAIA;120;78;TUCUNDUBA;E.E.I.E.F. JOSÉ NUNES DE MIRANDA;BR 020 - TUCUNDUBA, S/N
ACARAPE;52;62;TAMANDUÁ;ESCOLA PEDRO PATRÍCIO;TAMANDUÁ
SÃO BENEDITO;22;84;SITIO JUSSARA;EEF CICERO CLEMENTINO DE MEDEIROS;SITIO JUSSARA
JUAZEIRO DO NORTE;119;428;CAMPO ALEGRE;ESCOLA PROFESSORA ODETE OLIVEIRA MONTEIRO;AVENIDA MARIA LETICIA LEITE PEREIRA, SN
IGUATU;13;408;VILA MOURA;ESCOLA DE ENSINO MEDIO LUCAS EMANUEL;RUA AMALIA BRASIL SN
FORTALEZA;114;201;PRESIDENTE KENNEDY;EM GABRIEL CAVALCANTE;QUADRA F 167 CONJUNTO CASTELO BRANCO
MORADA NOVA;47;9;CENTRO;CEBCJEC -CENTRO DE EDUCAÇÃO BÁSICA CORONEL JOSÉ EPIFÂNIO DAS CHAGAS;AV MANOEL CASTRO, 600
SÃO BENEDITO;22;221;CRUZEIRO;EEMTI IZAIAS GONÇALVES DAMASCENO;AVENIDA SALMITO FERREIRA DE ALMEIDA 1150
SALITRE;38;63;CENTRO;E.E.E.M.T.I. - VALDEMAR DE ALCÂNTARA E SILVA - SEDE;AVENIDA DO ESTADO, S/N
BEBERIBE;84;92;CENTRO;ESCOLA MUNICIPAL DESEMBARGADOR PEDRO DE QUEIROZ;RUA JOSE BESSA 561
IBICUITINGA;47;57;CENTRO;EEB ENEAS FERREIRA NOBRE;RUA CAPITAO MANOEL ANTONIO 2180
GUAIÚBA;57;125;AGUA VERDE;EEBM FRANCISCO BANDEIRA TORRES;RUA OTAVIO MOREIRA, 47
ITAPIPOCA;17;470;CACIMBAS;CENTRO EDUCACIONAL MARIA MAGALHAES VIANA AZEVEDO;RUA MOESIO LOIOLA S/N
CAUCAIA;123;362;MARECHAL RONDON (JUREMA);E.E.I.E.F. ECONOMISTA RUBENS VAZ DA COSTA;AVENIDA NOVO HORIZONTE, S/N
CAUCAIA;123;300;PARQUE GUADALAJARA (JUREMA);E.E.I.E.F. DANILO DALMO DA ROCHA CORRÊA;RUA ACAPULCO, 1805 - PARQUE POTIRA II
MARACANAÚ;104;139;JEREISSATI I;EMEIEF DEPUTADO JOSÉ MARTINS RODRIGUES;RUA QUARENTA A, 287
FORTALEZA;85;303;ANTÔNIO BEZERRA;EEFM ANTONIO BEZERRA;RUA PADRE PERDIGAO SAMPAIO 780
BOA VIAGEM;63;37;GUIA;EEF ADILIA MARIA;R. FRANCISCO RIBEIRO DE SALES, S/N
PACATUBA;57;275;CONJUNTO JEREISSATI III;EEIEF NELLY DE LIMA E MELO;RUA 02, 250
PARACURU;109;57;CUMBI;E.M.E.I.F. MARIA BASILIO BARBOSA;CUMBI, S/N
JUAZEIRO DO NORTE;119;229;NOVO JUAZEIRO;ESCOLA TARCILA CRUZ ALENCAR;CASTELO BRANCO 4451
INDEPENDÊNCIA;39;219;BISPADO;E.E.F. ANTONIO PINHEIRO PACIFICO DE LIMA;BISPADO
FORTALEZA;114;249;BARRA DO CEARÁ;CENTRO DE EDUCAÇÃO COMPLEMENTAR (CEDCE) - ANTIGO SESI;AVENIDA FRANCISCO SÁ 6623
JUAZEIRO DO NORTE;119;248;PIRAJA;ESCOLA MARIA AMELIA BEZERRA;AV CASTELO BRANCO SN
FORTALEZA;117;205;CONJUNTO ESPERANÇA;EEFM PROFA ADALGISA BONFIM SOARES;AV. DO CANAL, S/N, ESQUINA COM RUA 103 - CONJUNTO ESPERANÇA
MASSAPÊ;45;79;ZONA RURAL;GEM BRAS SATIRO;SITIO RIACHO FUNDO
FORTALEZA;94;443;VILA VELHA;EMEIF HERONDINA LIMA CAVALCANTE;AV. AMBIENTALISTA ARY THIERS, 310
SOBRAL;121;121;CENTRO;COLEGIO FARIAS BRITO SOBRALENSE;PRACA QUIRINO RODRIGUES S/N
FORTALEZA;113;408;VILA UNIÃO;COLÉGIO ART E MANHA;RUA SÃO MATEUS, 1020
JUAZEIRO DO NORTE;119;473;NOVO JUAZEIRO;ESCOLA TIRADENTES;CASTELO BRANCO SN
ITAPIÚNA;105;165;ZONA RURAL;ESCOLA DE 1 GRAU CORONEL ADAUTO BEZERRA;JOAO ROSA ZONA RURAL
BOA VIAGEM;63;232;PONTE NOVA - SEDE;EEF FILOMENA UCHOA VIANA;RUA LUIZ XIMENES DE ARAGAO, N 05
FORTALEZA;113;42;JOSÉ BONIFÁCIO;COLÉGIO FARIAS BRITO PRÉ - VESTIBULAR;AV. BARÃO DO RIO BRANCO, 2424
FORTALEZA;113;81;JARDIM AMÉRICA;ESCOLA MUNICIPAL PROF. FILGUEIRAS LIMA;AV. DOS EXPEDICIONÁRIOS, 3910
EUSÉBIO;88;198;PARQUE HAWAÍ;EEF MIRIAN ABREU;RUA C, S/N - PARQUE HAVAI
CAUCAIA;37;498;JANDAIGUABA;E.E.I.E.F. MARIA HELENA MOREIRA DA SILVA;RUA DO GRUPO, 249
FORTALEZA;112;565;CIDADE DOS FUNCIONÁRIOS;COLÉGIO DÁULIA BRINGEL;RUA TRAJANO ALVES DE AGUIAR, 55
BELA CRUZ;96;176;CENTRO-SEDE;EMETI JOAO DAMASCENO VASCONCELOS;RUA CAPITAO MIGUEL LOPES  814
IBIAPINA;73;44;DISTRITO DE SANTO ANTONIO DA PINDOBA;ESCOLA JOÃO VAZ DE AGUIAR;DISTRITO DE SANTO ANTONIO DA PINDOBA
JUCÁS;43;66;CANAFÍSTULA - VILA;ESCOLA DE ENSINO FUNDAMENTAL CEL LUIZ DUARTE;VILA DE CANAFÍSTULA
MORADA NOVA;47;73;ARUARU;EEB PROFESSORA JOANA PAULA DE MORAIS;AVENIDA ERNESTO GEISEL
FORTALEZA;94;32;ANTÔNIO BEZERRA;EM PADRE JOSEFINO CABRAL;AV SARGENTO HERMINIO SAMPAIO 5598
APUIARÉS;50;21;ZONA RURAL;EEF NELY RIBEIRO LUZ;CANAFÍSTULA
FORTALEZA;95;295;JANGURUSSU;EMEIEF MARTHA DOS MARTINS COELHO GUILHERME;RUA 313, 243, CONJUNTO SÃO CRISTÓVÃO
BARBALHA;31;83;ALTO DA ALEGRIA;CEI MARTINHO TAVARES TELES (ALTO DA ALEGRIA);RUA ADERSON SABINO, S/N (7.31060 S,39.29377 W)
ARARIPE;68;16;SITIO CAMPINA DE FORA;ESCOLA MUNICIPAL LUIZA BARBOSA DE LIMA E SILVA - SÍTIO CAMPINA DE FORA;SITIO CAMPINA DE FORA
JUAZEIRO DO NORTE;119;189;SANTA TEREZA;ESCOLA ADAUTO BEZERRA (SEGUNDO GRAU);CASTELO BRANCO SN
VÁRZEA ALEGRE;62;110;SEDE RURAL;EEIF JOÃO GONÇALVES BEZERRA;SITIO ATOLEIRO
MARANGUAPE;4;588;GUABIRABA - MARANGUAPE;CEI ISAURINHA DIÓGENES;RUA NAPOLEÃO LIMA, 780
IRAUÇUBA;41;156;COITE;ESCOLA MUNICIPAL JULIO PINHEIRO BASTOS;COITE
TAMBORIL;61;12;BAIRRO MONTE CASTELO;EEEM DONA LUIZA TIMBÓ;RUA FRANKLIN CAVALCANTE SN
FORTALEZA;80;369;FÁTIMA;INSTITUTO DE EDUCAÇÃO DO CEARÁ;RUA GRACILIANO RAMOS, 52
CHOROZINHO;49;90;SALGADO;EEF FIRMINO FELIPE SANTIAGO;LOCALIDADE DE SALGADO
BELA CRUZ;96;58;LAGOA DO MATO;EMETI JOAO ADEODATO ARAUJO;LAGOA DO MATO
BELA CRUZ;96;179;SAO GONCALO-LOCALIDADE;EEMTI PROFESSORA THEOLINA DE MURYLLO ZACAS;LOCALIDADE SÃO GONÇALO
AQUIRAZ;66;332;JUSTINIANO DE SERPA;CEI JOSE NICODEMUS DE ASSUNÇAO;RUA RAIMUNDO NONATO ASSUNÇAO S/N
JAGUARETAMA;72;11;CENTRO;SECRETARIA MUNICIPAL DE EDUCAÇÃO (ANTIGO CENTRO COMUNITARIO);AV JUAREZ DE QUEIROZ OLÍMPIO S/N
EUSÉBIO;88;169;GUARIBAS;EEMF ADELINO BEZERRA;AV ACILON GONÇALVES PINTO, S/N - GUARIBAS
MONSENHOR TABOSA;61;171;JUCÁS;CENTRO CULTURAL INDÍGENA;RUA ARTEMÍSIO GOMES S/N
JUAZEIRO DO NORTE;119;241;LAGOA SECA;ESCOLA DOUTOR MOZART CARDOSO DE ALENCAR;ARNOBIO BACELAR CANECA
CEDRO;13;556;JARDIM AFONSO CELSO;ESCOLA DE ENS FUND E MEDIO ESTEFANIA DA SILVA;R JOAQUIM MARQUES SN
PINDORETAMA;7;293;CAPIM DE ROÇA;EMEB JOAQUIM NUNES VIEIRA;RUA JOAQUIM NUNES VIEIRA, 445
SANTA QUITÉRIA;54;233;PIRACICABA;CRECHE DONA JÚLIA DE MESQUITA LÔBO;RUA TABELIÃO FRANCISCO DE PAULA LÔBO, SN.
BARBALHA;31;35;CENTRO;ETI DR. LYRIO CALLOU;RUA EDMUNDO DE SA SAMPAIO, 180
PACAJUS;49;108;CRUZ DAS ALMAS;EEEP JOSE MARIA FALCAO - LICEU DE PACAJUS;RUA RAIMUNDO CORREIA LIMA, S/N
ITAPAJÉ;41;44;ESMERINO GOMES;EEEP ADRIANO NOBRE;RUA ODILON FERREIRA GOMES, 475.
BARREIRA;52;23;CÓRREGO;ESCOLA MANUEL LIBERATO DE CARVALHO;CÓRREGO
ARATUBA;105;87;PINDOBA-SITIO;ESCOLA MUNICIPAL FRANCISCO NUNES NETO;PINDOBA
SENADOR SÁ;45;57;CENTRO;EEF NOSSA SENHORA DO AMPARO;RUA PADRE DELMONT S/N
FORTALEZA;95;146;CONJUNTO PALMEIRAS;CEI CESAR CALS DE OLIVEIRA NETO;RUA CAMPINENSE, 54
JAGUARIBE;10;190;CENTRO;E.E.F.M. RAUL BARBOSA;AV OITO DE NOVEMBRO 521
JAGUARIBARA;72;46;CENTRO;PROF JOCELIN MARCONDES XAVIER DE ALMEIDA;AV. ZÉ LEITÃO, 236
FORTALEZA;112;330;JARDIM DAS OLIVEIRAS;EM ISMAEL PORDEUS;RUA DES FAUSTINO ALBUQUERQUE, 511
FORTALEZA;112;537;EDSON QUEIROZ;COLÉGIO NOVA DIMENSÃO;AV. EDILSON BRASIL SOARES, 1599
CATUNDA;54;159;DISTRITO DE VIDÉO;E. E. F. JOAQUIM PEREIRA DE MATOS;DISTRITO DE VIDÉO
MARACANAÚ;122;141;OLHO D' AGUA;EMEF JOSE MARIO BARBOSA;RUA GABRIEL FERREIRA DE SOUSA, 850
EUSÉBIO;88;190;JABUTI;EEM PROF. FRANCISCA LINHARES DE SOUSA;R. EDUARDO SÁ, S/N
ITAPAJÉ;41;40;PITOMBEIRA;ESCOLA MUNICIPAL ZECA PARAIBA;VILA PITOMBEIRA
FORTALEZA;112;490;SAPIRANGA-COITÉ;EM PROFª ALDACI BARBOSA;RUA OLEGARIO MEMORIA, 1257
BEBERIBE;84;98;SEDE;ESCOLA MUNICIPAL ANTONIO DE QUEIROZ FERREIRA;CORREGO DO PANTANO
SANTANA DO CARIRI;53;60;LATÃO;EMEIEF JOAQUIM PINHEIRO DE MENEZES;VILA LATÃO, SN
JUAZEIRO DO NORTE;28;303;MARROCOS;EEF JOSE DE ARAUJO;VILA SAO GONCALO
MORRINHOS;44;18;CENTRO;EMEF CORONEL VIRGÍLIO TÁVORA;RUA JOAQUIM CORIOLANO ROCHA 401
INDEPENDÊNCIA;39;224;CENTRO;GRUPO ESCOLAR JERONIMO ALVES DE ARAUJO;RUA SANTA TERESINHA S/N
MADALENA;63;251;SEDE;EEF DAU ALBERTO;CAJAZEIRAS
GRANJA;25;1;CENTRO;E.E.M.T.I SÃO JOSÉ (COLEGIO ESTADUAL SÃO JOSÉ);RUA FRANCISCO SOUSA, 131
ASSARÉ;18;91;ZONA RURAL;ESCOLA DE EDUCACAO INF E ENS FUND PEDRO ARAUJO DA SILVA;SITIO SAO JOSE  - ZONA RURAL
VARJOTA;65;190;ACAMPAMENTO DNOCS;E.E.F. FLORÊNCIA FERREIRA NETA;AV. PRESIDENTE CASTELO BRANCO, S/N
ACARAÚ;30;295;BAILARINA;ESCOLA PROF. JOELINA RIBEIRO RAMOS VIANA;RUA NEON SALES SN
NOVA OLINDA;53;35;CRUZEIRO;EEF PADRE CRISTIANO COELHO;AV. JEREMIAS PEREIRA S/N
FORTALEZA;95;221;PARQUE SANTA MARIA;EMEIEF BARBARA DE ALENCAR;RUA CAPITAO PORFIRIO, 544
FORTALEZA;82;86;CRISTO REDENTOR;ESCOLA MUNICIPAL SEBASTIANA ALDIGUERI;AV. DOUTOR THEBERGE, 448
CANINDÉ;33;31;IMACULADA CONCEIÇÃO;COLÉGIO SANTA CLARA (PARTICULAR);RUA DR. GERONCIO BRIGIDO, 297
FORTALEZA;112;564;EDSON QUEIROZ;COLÉGIO NOVA DIMENSÃO;AV. EDILSON BRASIL SOARES, 1599
REDENÇÃO;52;192;DISTRITO DE ANTÔNIO DIOGO;ESCOLA MARCIONÍLIA MARTINS;CURRAIS
FORTALEZA;80;331;JOAQUIM TÁVORA;COLÉGIO ANTARES IRMÃ MARIA (ANTIGO IRMÃ MARIA MONTENEGRO);RUA PINHO PESSOA 681
FORTALEZA;80;233;TAUAPE;EMEIF PROFª ANTONIETA CALS;RUA MONSENHOR SALAZAR 1480
FORTALEZA;112;288;ENGENHEIRO LUCIANO CAVALCANTE;COLÉGIO ANTARES - SEDE WASHINGTON SOARES;RUA CAETANO XIMENES ARAGÃO,110 - ACESSO PELA RUA ARMANDO DALL'OLIO
IBIAPINA;73;36;CENTRO;CENTRO PASTORAL ZULMIRA MELO (ANTIGO COLÉGIO DO PADRE);RUA MONSENHOR MELO, 439
PACOTI;5;181;BONFIM-SITIO;EMEF MARIA VIDAL MARQUES (BONFIM);POVOADO DO BONFIM
BEBERIBE;84;51;MORRO BRANCO;ESCOLA MUNICIPAL JOSE BESSA;MORRO BRANCO
FORTALEZA;116;76;GRANJA PORTUGAL;EM CONCEICAO MOURAO;RUA DUAS NACOES 550
FORTALEZA;113;19;BENFICA;IFCE - INST FEDERAL DE CIÊNCIA E TECNOLOGIA (CEFET);AV. 13 DE MAIO, 2081
CANINDÉ;33;454;ZONA RURAL;EMEF SANTA RITA;ASSENTAMENTO VIDA NOVA, LOC. TRANSVAL
ARARIPE;68;34;SITIO ARRUDA;EEIF SANTA VERÔNICA - SÍTIO ARRUDA;SITIO ARRUDA
REDENÇÃO;52;177;DISTRITO DE ANTÔNIO DIOGO;ESCOLA CECÍLIA PEREIRA;RUA TEREZA CRISTINA, N. 295 - CENTRO
JUAZEIRO DO NORTE;28;61;CENTRO;EEFTI DR. LEÃO SAMPAIO;DOUTOR FLORO BARTOLOMEU 517
AQUIRAZ;66;217;BAIXA GRANDE;EMEF ALOISIO BERNARDO DE CASTRO;RUA CORAÇÃO DE JESUS / AREA VERDE
IPU;21;136;DISTRITO;E.M.E.F. JOÃO CAMELO DE FARIAS;BARRINHA
FORTALEZA;82;696;MONTE CASTELO;CENTRO EDUCACIONAL SÃO MATEUS;AV. SARGENTO HERMÍNIO SAMPAIO, 2440
ARARIPE;68;28;DISTRITO VILA BREJINHO;ESCOLA LUIZ GUEDES ALCOFORADO - BREJINHO;RUA MARECHAL CASTELO BRANCO S/N
SALITRE;38;130;ZONA RURAL, SALITRE/CE;E.E.I.F. JOSÉ DIONISIO DE SOUZA - SÍTIO COQUEIRO;SÍTIO COQUEIRO
TIANGUÁ;81;42;SEMINÁRIO;FACULDADE VIA SAPIENS;AVENIDA PREFEITO JACQUES NUNES, 1739
FORTALEZA;113;113;BENFICA;COLÉGIO CHRISTUS BENFICA;RUA LUIS DE MIRANDA, 536
BOA VIAGEM;63;11;CENTRO-SEDE;EEFM DOM TERCEIRO;RUA ALFREDO TERCEIRO  300
RUSSAS;9;178;CAPIM GROSSO;ESCOLA MUNICIPAL JOÃO REBOUÇAS DO AMARAL;CAPIM GROSSO
MARACANAÚ;104;40;PAJUÇARA;EMEF RODOLFO TEÓFILO;RUA OTÁVIO ALVES, 1120
SANTA QUITÉRIA;54;191;ASSENTAMENTO BATOQUE;E. E. F. NEIDE RIBEIRO PONTE ARRUDA;ASSENTAMENTO BATOQUE
IPU;21;129;DISTRITO;E.M.E.F. VENCESLAU FERREIRA CHAVES;BAIXA LARGA
ASSARÉ;18;76;JOSE DODO;ESCOLA DE ENSINO FUNDAMENTAL JOSE DANIEL;RUA SAGRADA FAMILIA
FORTALEZA;83;693;HENRIQUE JORGE;EDUCANDARIO FELIPE DOS SANTOS;RUA TERESINA 313
CANINDÉ;33;320;ZONA RURAL;EMEF CIRILO MARTINS DE SOUSA;ASSENTAMENTO TODOS OS SANTOS
ITAPIÚNA;105;149;ZONA RURAL;CENTRO COMUNITÁRIO DE SANTO ONOFRE;SANTO ONOFRE
FORTALEZA;113;260;AMADEU FURTADO;EEF MONSENHOR LINHARES;RUA PROF. LINO ENCARNAÇÃO, 1130
FORTALEZA;85;295;ANTÔNIO BEZERRA;EEFM ANTONIO BEZERRA;RUA PADRE PERDIGAO SAMPAIO 780
MARANGUAPE;4;46;JUBAIA;EMEIEF MANOEL DOMINGOS FILHO;RUA CORONEL MANOEL DOMINGOS FILHO, S/N
FORTALEZA;117;457;SIQUEIRA;CEI FRANCISCA DE ABREU LIMA;RUA C -  ESQUINA COM A RUA LUIZ MONTENEGRO, S/N
FORTALEZA;83;743;HENRIQUE JORGE;COLÉGIO LUNA RANGEL;RUA EURICO MEDINA, 959
GUAIÚBA;57;87;BAU;ESCOLA DE 1 GRAU MARIA DE LOURDES PEREIRA;RUA JOSE DE CASTRO PEREIRA, 903
JUAZEIRO DO NORTE;119;124;TIMBAUBA;EMEI MADRE MARIA VILLAC;RUA RUI BARBOSA, S/N
BOA VIAGEM;63;214;DOMINGOS DA COSTA;EEF JOAQUIM DE SOUSA LIMA;POCO DO GADO II - DOMINGOS DA COSTA
JUAZEIRO DO NORTE;119;43;SANTA TEREZA;ESCOLA ADAUTO BEZERRA (SEGUNDO GRAU);CASTELO BRANCO SN
QUIXERAMOBIM;11;22;CENTRO;CAMPUS UNIVERSITARIO DR ANDRADE FURTADO;AV DR JOAQUIM FERNANDES 382 - CENTRO
BREJO SANTO;70;174;SITIO CANAFÍSTULA;PSF CANAFISTULA;SITIO CANAFÍSTULA
TABULEIRO DO NORTE;91;55;OLHO D'ÁGUA DOS CURRAIS;ASSOCIAÇÃO DE MORADORES DO OLHO DAGUA DOS CURRAIS;SITIO OLHO D'ÁGUA DOS CURRAIS
ASSARÉ;18;149;ZONA RURAL;ESCOLA JOAQUIM ROMEIRO DA SILVA;SITIO VARZEA COMPRIDA
FORTALEZA;83;644;BELA VISTA;COLEGIO CHRISTUS;AV. ENG. HUMBERTO MONTE, 1355
REDENÇÃO;52;56;CENTRO (SEDE);ESCOLA MARIA AUGUSTA RUSSO DOS SANTOS;RUA SANTOS DUMONT, S/N
EUSÉBIO;88;134;CARARU;EEF RAIMUNDO NONATO DA SILVA - CARARU;RUA FRANCISCO DOMINGOS, S/N - CARARU
ACARAÚ;30;442;CENTRO;CVT - CENTRO VOCACIONAL TECNOLOGICO;AV. JOSÉ GIFFONI DA SILVEIRA, 1000
FORTALEZA;82;213;MONTE CASTELO;COLÉGIO MATER AMABILIS;RUA PADRE ANCHIETA, 438
MARACANAÚ;122;184;LUZARDO VIANA;EMEF NAPOLEAO BONAPARTE VIANA;RUA NAPOLEAO BONAPARTE VIANA 410
FORTALEZA;85;99;ANTÔNIO BEZERRA;COLÉGIO AFONSO ANDRADE;RUA CEL MATOS DOURADO, 168
FRECHEIRINHA;81;281;CENTRO;ESCOLA DE ENSINO MÉDIO ANTONIO CUSTODIO;RUA TENENTE EUFRASIO, 133 - CENTRO
FORTALEZA;83;698;HENRIQUE JORGE;EEMTI ANTONIETA SIQUEIRA;RUA GUARANI 04
AQUIRAZ;66;11;CENTRO;EMEF LAIS SIDRIM TARGINO;PRAÇA PADRE MATIAS  N 55
FORTALEZA;113;302;RODOLFO TEÓFILO;ESC. MUNICIPAL ANTONIO SALES RODOLFO TEÓFILO;RUA TAVARES IRACEMA, 675
BARRO;92;16;CENTRO-SEDE;CRECHE SOSSEGO DA MAMAE;RUA MAJOR JANUARIO S/N
MORRINHOS;44;132;CENTRO;ANEXO ESCOLA CORONEL VIRGILIO TÁVORA ;RUA JOAQUIM COREOLANO, S/N
FORTALEZA;113;109;BENFICA;COLÉGIO CHRISTUS BENFICA;RUA LUIS DE MIRANDA, 536
FORTALEZA;85;377;CONJUNTO CEARÁ I;EEF JOSE MILITAO DE ALBUQUERQUE - UV-11-B;RUA MIL CENTO E QUARENTA E CINCO, 1 , 4A ETAPA
JUAZEIRO DO NORTE;28;461;AREA RURAL DE JUAZEIRO DO NORTE;EEF ANTONIO BENJAMIM MOURA;SITIO POÇÕES
ARACATI;8;4;CENTRO;INSTITUTO SAO JOSE;RUA CEL ALEXANDRINO 563
SÃO LUÍS DO CURU;23;300;CENTRO-SEDE;E.E.F. DOMINGOS ANSELMO;PRACA ALONSO HERCULANO SN
CATUNDA;54;215;POVOADO CATUANA;ESCOLA MUNICIPAL PADRE ARAGÃO;POVOADO DE CATUANA
FORTALEZA;115;441;VILA PERI;EM RAIMUNDO SOARES DE SOUSA;RUA COSTA FREIRE 550
PARAMBU;19;324;CENTRO;ESCOLA JOSÉ CARVALHO PINHEIRO;RUA ANTONIO BENÍCIO PINHEIRO, 35
FORTALEZA;118;221;PASSARÉ;EEMTI INTEGRADA 2 DE MAIO;AVENIDA DA SAUDADE, S/N
PARACURU;109;93;LAGOA;C.E.I. FRANCISCA DOS SANTOS BARROSO;RUA SABINO PIO DE MENEZES, 407
PACUJÁ;79;186;CENTRO;E.E.I.F. CORIOLANO ALVES DE BRITO;AV. CORIOLANO ALVES DE BRITO, S/N
TIANGUÁ;81;84;CARUATAÍ;CENTRO EDUCACIONAL CORAÇÃO DE MARIA;RUA MANOEL RODRIGUES CAVALCANTE, S/N - DISTRITO CARUATAÍ
TURURU;17;651;AREA RURAL DE TURURU;CENTRO EDUCACIONAL NOSSA SENHORA DOS MILAGRES;CONCEIÇÃO DOS CAETANOS
QUIXADÁ;6;244;TAPUIARA;EEF GUARUJÁ;GUARUJÁ, S/N
TAUÁ;19;272;ALTO BRILHANTE;EEF JOAQUIM PIMENTA;AV JOSE VALDEMAR REGO 585
SOBRAL;121;248;COHAB II;EEFI PAULO ARAGAO;RUA CAETANO FIGUEIREDO 100 COHAB II
FORTALEZA;112;331;GUARARAPES;MRH GESTÃO DE PESSOAS E SERVIÇOS;RUA PROFESSOR JACINTO BOTELHO, 1600
BEBERIBE;84;4;CENTRO;ESCOLA DE ENSINO FUNDAMENTAL E MEDIO ANA FACO;RUA VICENTE MATHIAS 119
UBAJARA;73;90;DISTRITO JABURUNA;ESCOLA LUIZ RIBEIRO DA SILVA;DISTRITO JABURUNA
OCARA;67;184;SERRAGEM-DISTRITO;ESCOLA MUNICIPAL VER JOSE PIRES DE FREITAS - ENSINO FUNDAMENTAL;ESTRADA DO ALGODAO-SERRAGEM
FORTALEZA;82;350;SÃO GERARDO;ESCOLA MUNICIPAL GUSTAVO BARROSO;RUA ERETIDES MARTINS, 26
FORTALEZA;85;316;GENIBAÚ;ESCOLA MUNICIPAL DEP MURILO AGUIAR;RUA 24 DE OUTUBRO 655
FORTALEZA;85;208;GENIBAÚ;ESCOLA MUNICIPAL PROF AMERICO BARREIRA;RUA RICARDO PONTES 529
MARACANAÚ;122;193;NOVO ORIENTE;EMEF DEP ULYSSES GUIMARAES;RUA 29 N. 10
MARANGUAPE;4;576;PAPARA;EMEIEF SANTO ANTÔNIO;RUA FRANCISCO ANTONIO DE LIMA, S/N
ARARIPE;68;75;DISTRITO PAJEU;ESCOLA RAIMUNDO CÍCERO DA SILVA -  PAJEÚ;RUA SAO JORGE, S/N
FORTALEZA;83;658;HENRIQUE JORGE;EEMTI PROFESSOR PAULO FREIRE;AVENIDA SENADOR FERNANDES TÁVORA 1936
BOA VIAGEM;63;66;BOQUEIRAO-IBUACU;EEF PE VITAL ELIAS FILHO;RUA JOSE ANDRE DA COSTA S/N
MASSAPÊ;45;125;LUIS DA HORA PEREIRA;CMEF PROFESSORA MARIA DO CARMO CARNEIRO (EEF MARIA PONTES VIDAL);RUA AMADEU ALBUQUERQUE, S/N
CAUCAIA;37;188;GARROTE;E.E.F. FAUSTO DARIO SALES;CE 085 KM 12 - FAZENDA GARROTE
FORTALEZA;112;345;CIDADE DOS FUNCIONÁRIOS;IGREJA DA GLÓRIA;AV OLIVEIRA PAIVA, 905
QUIXERAMOBIM;11;145;MANITUBA;ESCOLA MANOEL FAUSTINO DE ALMEIDA;FORQUILHA
CRUZ;30;443;PREA;ESCOLA LEOPOLDO MANOEL DE MEDEIROS;PREA
MORADA NOVA;47;288;IRAPUAN NOBRE;AUDIPIMN;RUA NEWTON GUERRA, N 5
TABULEIRO DO NORTE;91;51;CENTRO;EEI RAQUEL MONTEIRO CHAVES;RUA ACELINO MAIA, 3873
TABULEIRO DO NORTE;91;143;CENTRO;EMEF NOSSA SENHORA DE FÁTIMA;RUA JOÃO FERREIRA BRAÚNA, 191
UBAJARA;73;185;SÍTIO ITAPERACEMA;ESCOLA BELARMINO HOLANDA CAVALCANTE;SITIO ITAPERACEMA
ITAPAJÉ;41;219;BOMBAS;ESCOLA COMUNITARIA SÃO JOSÉ;FAZENDA BOMBAS
AQUIRAZ;66;215;NOVO IGUAPE;EMEF JOSE ALMIR DA SILVA;AV SAO JOAO S/N
NOVO ORIENTE;99;67;ZONA RURAL;EEF LUIZ CANUTO;LAGOA DOS NERES
SÃO LUÍS DO CURU;23;329;ESCOSSIO-POVOADO;E.E.F. ALONSO HERCULANO;ESCOSSIO - POVOADO
CAUCAIA;37;601;PARQUE SOLEDADE;EEIEF DANILO SÁ BENEVIDES MAGALHÃES;RUA JOÃO PAULO II, 137
ICAPUÍ;8;146;MUTAMBA DE ICAPUI;E.E.F. PROFESSORA RAIMUNDA LACERDA DAMIÃO;AV ESAU LACERDA SN
PACAJUS;49;54;ALDEIA;EEF PROFA HERMÍNIA MENDONCA DE QUEIROZ;RUA NAIDE COSTA MENEZES, SN
UBAJARA;73;137;CENTRO;SINDICATO DOS TRABALHADORES RURAIS;AV DOS CONSTITUINTES, 78
IBARETAMA;6;258;DISTRITO DE OITICICA;EMEIF JÚLIO JOSÉ PEREIRA;BARREIROS
GRAÇA;79;147;CENTRO-SEDE;EEF PROF. MARIA DO AMPARO SOUSA;CONJ. HABITACIONAL 15 DE ABRIL
PINDORETAMA;7;179;SEDE;EMEB PROFESSORA VERÔNICA PEREIRA DE ARAÚJO;RODOVIA CE-040, S/N, PINDORETAMA
CATUNDA;54;160;DISTRITO DE PARAÍSO;ESCOLA MUNICIPAL SÉRGIO SALVIANO FILHO;DISTRITO DE PARAÍSO
SANTANA DO ACARAÚ;44;108;FAZENDA CROATA;SALÃO COMUNITÁRIO DOCA ZEFERINO;POVOADO CROATÁ 
MARANGUAPE;4;128;PENEDO;EMEIEF CARLOS PEREIRA DE SOUSA;RUA JOSÉ MENEZES, S/N
CANINDÉ;33;87;MONTE ;EMEF SÃO FRANCISCO;AV FRANCISCO CORDEIRO CAMPOS, 500
PARACURU;109;98;MURITI;E. M. E. I. F. MANUEL GERALDO LOPES;RUA PRINCIPAL, S/N
QUIXERAMOBIM;11;284;ARGENTINA SIQUEIRA;ESCOLA MARIA DO SOCORRO COELHO BENICIO;RUA D, S/N - QUADRA 04
QUIXADÁ;6;162;CUSTÓDIO;EEF MAURA DE OLIVEIRA SÁ;IPUEIRAS, S/N
OCARA;67;233;SERENO DE CIMA-DISTRITO;ESCOLA MUNICIPAL SEBASTIAO FREIRES BRAGA - ENSINO FUNDAMENTAL;RUA VENUS SN - SERENO DE CIMA
ICAPUÍ;8;312;BARREIRAS DE CIMA;ESCOLA PROFA JOANA MARQUES BEZERRA;BARREIRAS DE CIMA
FORTALEZA;113;216;RODOLFO TEÓFILO;COLÉGIO DEOCLÉCIO FERRO;RUA MINERVINO DE CASTRO, 987
CHOROZINHO;49;357;CEDRO;EEF FRANKLIN MOREIRA XAVIER;LOCALIDADE LAGOA DO CEDRO
JUAZEIRO DO NORTE;28;23;FRANCISCANOS;ECIM DOUTOR EDVAR TEIXEIRA FERRER;DOM PEDRO II 1643
CAUCAIA;37;503;IPARANA;E.E.F. ERBE TEIXEIRA FIRMEZA;AV. ULISSES GUIMARAES, S/N
AQUIRAZ;66;38;MACHUCA;EMEF GUILHERME JANJA;RODOVIA CE 040 KM 18  S/N
NOVA OLINDA;53;83;CRUZEIRO;EEMTI PADRE LUIZ FILGUEIRAS;RUA PROFESSORA NANÔ, SN
BOA VIAGEM;63;73;IPU;EEF JOSE LINO DE SOUZA;IPU-SEDE
URUBURETAMA;23;43;CENTRO;SECRETARIA DE SAÚDE DE URUBURETAMA;RUA MARCOLINO EVANGELISTA 121
BARBALHA;31;2;VILA ARAJARA;EEF ANTONIO COSTA SAMPAIO (VILA DO ARAJARA);RODOVIA CE-386, S/N, VILA DO ARAJARA (7.33853 S, 39.39163 W)
POTENGI;68;70;SITIO ROSARIO;UBS ROSÁRIO;SITIO ROSARIO
AQUIRAZ;66;157;CAMARA;ESCOLA FCO NAILTON CAVALCANTE DE LIMA(MANOEL SENHOR DE MELO FILHO);LOTEAMENTO LEQUICE
PACOTI;5;184;FATIMA-DISTRITO;CRECHE REINO DA FANTASIA (FATIMA);DISTRITO DE FATIMA
JUAZEIRO DO NORTE;119;212;TIMBAUBA;ESCOLA DOM VICENTE DE PAULA ARAUJO MATOS;RUA RUI BARBOSA 1935
IBIAPINA;73;43;CENTRO;CENTRO PASTORAL ZULMIRA MELO (ANTIGO COLÉGIO DO PADRE);RUA MONSENHOR MELO, 439
GRANJA;25;117;CENTRO;E.E.F.T.I. JOSÉ GLAUBERTON ALVES SÁ;AV. PERIMETRAL S/N
CAUCAIA;37;26;CENTRO;E.E.F. BRANCA CARNEIRO DE MENDONCA;PRACA DA MATRIZ, 666
PEDRA BRANCA;59;138;SANTA MARIA;EEEP - ANTONIO RODRIGUES DE OLIVEIRA;AV. JOSE FRUTUOSO DA SILVA S/N
BREJO SANTO;70;155;SAO SEBASTIAO-SEDE;ESCOLA MUNICIPAL JUCA LINO;RUA DA TELECEARA S/N
AMONTADA;89;154;SÃO SEBASTIÃO;EEBTI SGTO FRANCISCO DE CASTRO;AV SGTO FRANCISCO DE CASTRO
FORTALEZA;118;555;MONDUBIM;EM PROFESSOR JACINTO BOTELHO;RUA DR. RODRIGO CODES SANDOVAL, 374
BELA CRUZ;96;171;CORREGO GRANDE-SEDE;CENTRO CATEQUÉTICO - CAPELA MÃE-RAINHA;RUA JOSÉ XEREZ DE SOUSA, S/N
CAUCAIA;37;533;TABAPUÁ;E.E.F.M. JOSÉ MARIA PONTES DA ROCHA;RUA 08, S/N - TABAPUÁ
FORTALEZA;116;211;GRANJA PORTUGAL;POSTO DE SAUDE DR JURANDIR PICANCO;RUA DUAS NACOES 605
ICÓ;15;51;CENTRO - SEDE;ESCOLA MUNICIPAL MARIA IRISMAR MACIEL MOREIRA;RUA SAO GERALDO S/N
FORTALEZA;118;346;PASSARÉ;EM RAIMUNDO DE MOURA MATOS;AVENIDA DOIS DE MAIO, 1300
PACOTI;5;182;BONFIM-SITIO;EMEF MARIA VIDAL MARQUES (BONFIM);POVOADO DO BONFIM
ORÓS;15;311;SAO JOSE - SEDE;E.E.F. ROBERTO ROLIM;TRAVESSA MARIA PINHEIRO DA COSTA S/N
FORTALEZA;118;587;MONDUBIM;UAPS LUIZA TAVORA;TRAVESSA SAO JOSE, 940
SENADOR POMPEU;12;91;CENTRO;CEJA DE SENADOR POMPEU - CENTRO DE EDUCAÇÃO DE JOVENS E ADULTOS;RUA PROFESSORA MARIA HERMINIA, 70
BOA VIAGEM;63;88;TRAPIA DOS LOBOS;EEF FRANCISCO LOBO CAVALCANTE;TRAPIA DOS LOBOS
QUIXADÁ;6;53;ALTO SÃO FRANCISCO;SENAC;RUA PRESIDENTE KENNEDY, 188
MOMBAÇA;46;76;CENTRO;CENTRO PASTORAL DOM JOSÉ DOTH;RUA CAPITÃO ROCHA ANDRADE, S/N
TABULEIRO DO NORTE;91;70;TAPERA;ASSOCIAÇÃO DOS MORADORES DA TAPERA;SITIO TAPERA
BARBALHA;31;15;CENTRO;ESCOLA BEM-ME-QUER;RUA PADRE IBIAPINA, 485
FORTALEZA;82;379;ÁLVARO WEYNE;COLÉGIO MENINO JESUS DE PRAGA;RUA ANA FACÓ, 140
FORTALEZA;113;144;JARDIM AMÉRICA;ESC. EST. DE EDUC. PROFISSIONAL PAULO VI;RUA JORGE DUMMAR, 1841
FORTALEZA;80;159;VILA UNIÃO;EEFM CEL PROF JOSÉ AURÉLIO CÂMARA;RUA JORGE ACURCIO, 655
QUIXADÁ;6;4;CENTRO;EEF TERRA DOS MONÓLITOS;RUA JOSE DE QUEIROZ PESSOA, 1902
FORTALEZA;116;36;GRANJA PORTUGAL;EM REITOR ANTONIO MARTINS FILHO;RUA TEODORO DE CASTRO 1175
FORTALEZA;95;156;CONJUNTO PALMEIRAS;EM MARIETA CALS;RUA VALPARAISO, 160
CATARINA;60;235;CENTRO;EEF PAES DE ANDRADE;RUA MANOEL DOMINGUES
GRANJA;25;102;IBUGUAÇU;E.E.F. DONA MARIA GUILHERME DE CARVALHO;RUA NOVA, S/N
CAUCAIA;37;325;NOVO PABUSSU;EEIEF MARIA DOLORES MENEZES DE ALMEIDA;RUA DA CONSOLAÇÃO, 465
FRECHEIRINHA;81;268;CENTRO;ESCOLA CARLOS MACHADO PORTELA;RUA TENENTE EUFRASIO  SN
TRAIRI;97;79;CANAA;GE PADRE RODOLFO FERREIRA DA CUNHA;CANAA
TABULEIRO DO NORTE;91;23;CENTRO;ESCOLA DE 1 E 2 GRAUS FRANCISCO MOREIRA FILHO;RUA MANOEL FRANKLIN, 5033
BARRO;92;4;CENTRO-SEDE;EEEP PROFESSOR JOSÉ OSMAR PLÁCIDO DAS SILVA;RUA ANTÔNIA BEZERRA TELES, S/N
FORTALEZA;85;258;AUTRAN NUNES;EMEIF DOLORES ALCANTARA;RUA CARDEAL ARCOVERDE S/N
FORTALEZA;116;369;BOM JARDIM;EM MANOEL MALVEIRA MAIA;RUA MANUEL GALDINO 2890
FORTALEZA;116;395;BONSUCESSO;EM PROF LUIS RECAMONDE CAPELO;RUA MARIA QUINTELA 901
ACARAÚ;30;35;ZONA RURAL;ESCOLA LAURA FURTADO DO NASCIMENTO;VOLTA DO RIO
BATURITÉ;5;1;CENTRO-SEDE;EMEF DOMINGOS SAVIO;AV DOM BOSCO, 393
MORADA NOVA;47;261;CENTRO;EEMTI EGIDIA CAVALCANTE CHAGAS;AV MANOEL CASTRO, 473
PARAMBU;19;320;GAVIAO;ESCOLA LÚCIA SOARES DA SILVA;POÇO CERCADO I
MIRAÍMA;89;266;BROTAS;EEFM VICENTE ANTENOR FERREIRA GOMES;BROTAS
JUAZEIRO DO NORTE;28;350;SALESIANOS;EEF JOSE GERALDO DA CRUZ;DO ROSARIO 622
CARIÚS;43;205;SITIO MAMOEIRO;EEIF ANTONIO ANDRE DE SOUZA;SITIO MAMOEIRO
ITATIRA;33;137;DISTRITO DE LAGOA DO MATO;CRECHE JOSÉ AUGUSTO LOBO;RUA JOÃO AUGUSTO LOBO S/N
JIJOCA DE JERICOACOARA;30;96;CENTRO;ESCOLA JOSE TEIXEIRA DE ALBUQUERQUE;RUA MARCAL DE SOUSA 851
VARJOTA;65;180;CENTRO;E.E.F. ANTÔNIO MANOEL DE ARAÚJO (ANTIGO 'CERU');RUA SÃO FRANCISCO, 148
FORTALEZA;116;507;GRANJA LISBOA;EM JOAO MENDES DE ANDRADE;RUA B (CJ PALMARES), 1366
FORTALEZA;112;412;EDSON QUEIROZ;COLEGIO ARI DE SA CAVALCANTE WS;AV WASHINGTON SOARES, 3737
JUAZEIRO DO NORTE;28;174;SAO MIGUEL;CEJA PROFA. CÍCERA G. CORREIA;DO CRUZEIRO 1440
NOVO ORIENTE;99;37;ZONA RURAL;CENTRO DE EDUCAÇÃO RURAL - CERU;LAGOA DA AREIA
VIÇOSA DO CEARÁ;35;136;SITIO MACAGETUBA I;E.E.I.F SALUSTIANO DA COSTA CARDOSO;SITIO MACAGETUBA I
SENADOR SÁ;45;54;CENTRO;EEF NOSSA SENHORA DO AMPARO;RUA PADRE DELMONT S/N
OCARA;67;172;CURUPIRA-DISTRITO;ESCOLA MUNICIPAL JOSE LOPES DA SILVA - ENSINO FUNDAMENTAL;LAGOA DO RIACHO
FORTALEZA;95;361;JANGURUSSU;EMEIF MARIA DE JESUS ORIÁ ALENCAR;RUA VERDE QUARENTA E TRÊS, S/N, CONJUNTO SÍTIO SÃO JOÃO
NOVA RUSSAS;48;75;PATRONATO;E.M.E.F. FRANCISCA DAS GRAÇAS T MESQUITA(ANTIGA EEFM MONSENHOR LEITÃO);RUA HERMENEGILDO MARTINS, 667
ITAREMA;98;171;ZONA RURAL;LICEU DE ALMOFALA - EEM JOSE MARIA MONTEIRO;RUA AGRIPINO TOMAS DE SOUSA S/N - ALMOFALA
ITAPIPOCA;17;34;CENTRO;EEFM ANASTACIO ALVES BRAGA;AV DUQUE DE CAXIAS 888
FORTALEZA;82;90;CARLITO PAMPLONA;EM TERTULIANO CAMBRAIA;RUA MONSENHOR ROSA, 946
IGUATU;13;359;SERROTE;ESCOLA DE ENS FUND TOME DE SOUSA;SITIO SERROTE
VIÇOSA DO CEARÁ;35;185;ZONA RURAL;E.E.F PEDRO MANOEL DOS SANTOS;SITIO MATÃO
PEREIRO;10;147;ZONA RURAL;POSTO DE SAÚDE DA SERRINHA DOS MARINHEIROS;SÍTIO SERRINHA DOS MARINHEIROS
IBICUITINGA;47;223;ACUDE DOS PINHEIROS;EEB JOSE RUFINO PINHEIRO;ACUDE DOS PINHEIROS - SEDE
MARACANAÚ;104;268;PAJUÇARA;EMEF MARIA PEREIRA DA SILVA;RUA JUSTINO DE SOUSA, 842
PARACURU;109;52;GUAJIRU;E. M. E. I. F. DOMINGOS FRANCISCO DA SILVA;GUAJIRU
JUAZEIRO DO NORTE;119;88;PIRAJA;ESCOLA MARIA AMELIA BEZERRA;AV CASTELO BRANCO SN
ITAITINGA;78;252;CARAPIÓ;EEF MANOEL NOVAIS DE OLIVEIRA;RODOVIA EDSON QUEIROZ, 3205
ITAITINGA;78;278;ANCURI;EEF FRANCISCA DE MORAIS FERRER;RUA PARQUE DAS FLORES, 500
BARRO;92;73;SEDE;ESCOLA DE ENSINO BASICO SOLIDADE ANDRE;VILA SAO JOSE
FORTALEZA;118;521;PARQUE DOIS IRMÃOS;COLEGIO MARIA ESTER II;RUA F (CONJUNTO MIRASSOL), 158
FORTALEZA;1;795;VICENTE PINZON;ESCOLA MUNICIPAL PROF BELARMINA CAMPOS;RUA MANOEL RODRIGUES MONTEIRO, 840
CRATO;27;64;PIMENTA;EEMTI WÍLSON GONÇALVES;PRAÇA DR. JOAQUIM FERNANDES TELES, SN.
JUCÁS;43;104;VILA JOSÉ BENTO - SEDE;ESCOLA DE ENSINO FUNDAMENTAL  AUREA LEAL;VILA JOSE BENTO 170
IGUATU;13;384;COCOBÓ;ESCOLA DE ENS FUND ELZE LIMA VERDE MONTENEGRO;DARIO RABELO
JUCÁS;43;129;VILA JOSÉ BENTO - SEDE;ESCOLA DE ENSINO FUNDAMENTAL  AUREA LEAL;VILA JOSE BENTO 170
MARACANAÚ;104;407;JARDIM BANDEIRANTES;EMEF EVANDRO AYRES DE MOURA;RUA SÃO SEBASTIÃO, 341
CAMOCIM;32;93;ZONA RURAL;EEF NOVA COITE - COITE;LOCALIDADE DE COITE
ARACATI;8;40;VARZEA DA MATRIZ;COLEGIO MUNICIPAL;RUA PADRE PACHECO, S/N.
ARACATI;8;253;ASSENTAMENTO CAMPOS VERDES;E.E.F. PASSOS LIVRES;ASSENTAMENTO CAMPOS VERDES
ITAPIPOCA;17;606;PICOS;EEB DOMINGOS GONCALVES MUNIZ;PICOS
IGUATU;13;367;VILA BRASILIA;LICEU DE IGUATU DR JOSE GONDIM;RUA 25 DE MARCO S/N
AMONTADA;89;296;MOITAS;EEBTI JONAS PEREIRA AZEVEDO;RUA GILVANI TEIXEIRA
ITAPAJÉ;41;165;MULUNGU;ESCOLA MUNICIPAL MANOEL SARAIVA VIEIRA;MULUNGU
FORTALEZA;1;710;MUCURIPE;ESCOLA ESTADUAL MATIAS BECK;RUA  PROFESSORA AIDA BALAIO 38
BREJO SANTO;70;27;CENTRO-SEDE;E E F M JOSÉ MATIAS SAMPAIO;RUA MANOEL INACIO BEZERRA 49
GUARACIABA DO NORTE;74;1;DISTRITO;EEF FRANCISCO JOSÉ FEITOSA - MORRINHOS NOVOS II;MORRINHOS NOVOS
AQUIRAZ;66;140;BARRO PRETO;EMEF RAIMUNDA FERREIRA DA SILVA;RUA MESTRE CHAGAS S/N
CAUCAIA;123;412;SÃO MIGUEL (JUREMA);E.E.F.M. ROTARY CLUB;RUA SÃO LUCAS, S/N - CONJUNTO SÃO MIGUEL I
OCARA;67;253;ARISCO DOS MARIANOS-DISTRITO;ESCOLA MUNICIPAL JOAQUIM FERREIRA DO VALE - ENSINO FUNDAMENTAL;CURRALINHO
CRATO;27;128;DOM QUINTINO;CENTRO DE EDUCAÇÃO INFANTIL RAIMUNDO DE SOUSA SOBRINHO;RUA BOA VISTA, 252
FORTALEZA;2;152;MESSEJANA;EMEIF ANGELICA GURGEL;RUA DOUTOR PERGENTINO MAIA, 375
CAUCAIA;123;575;PARQUE POTIRA (JUREMA);E.E.I.E.F. TIRADENTES;RUA VERA CRUZ, 1879
CRATO;27;237;NOVO HORIZONTE;ROTARY CLUBE DO CRATO;RUA ROTARY S/N, PARQUE FLORESTA
CASCAVEL;7;167;GUANACES;ESC.ENS.FUND. EMILIA AUGUSTO LEMOS;CHORO LAGOINHA
FORTALEZA;3;447;PRAIA DE IRACEMA;EEFM SANTA LUZIA;RUA JOÃO CORDEIRO, 711
ITAPIPOCA;17;330;URBANO TEIXEIRA;EEB ADAUTO BEZERRA;RUA JOAQUIM RODRIGUES TEIXEIRA
ACOPIARA;60;2;VILA NOVA;CRAS II - ANTÔNIO FRANCISCO DO NASCIMENTO - VILA NOVA;RUA CICERO MANDU. 170, CENTRO.
IGUATU;13;23;PLANALTO;ESCOLA DE ENS MEDIO AMELIA FIGUEIREDO DE LAVOR;RUA 13 DE MAIO SN
IGUATU;13;293;JOSÉ DE ALENCAR;IGREJA DO SÍTIO BAIXAS;SITIO BAIXAS
HORIZONTE;78;100;CATOLÉ;EMEF JOAO ANTONIO DA SILVA;RUA MANOEL DAMASCENO DA COSTA, 701
FORTALEZA;1;853;PAPICU;COLEGIO ESPACO ABERTO - BENTO ALBUQUERQUE;RUA BENTO ALBUQUERQUE 1671
CHORÓ;6;222;CAIÇARINHA;EEF TEODOSIO;TEODOSIO, S/N
ITATIRA;33;253;ZONA RURAL;EMEF JOSÉ GERMANO FERREIRA;POÇO DA PEDRA
ITAPIPOCA;17;242;BOA VISTA;EEB MARIA DALVA BARBOSA AZEVEDO;RUA EUBIA BARROSO
MARACANAÚ;122;182;PIRATININGA;EMEF RUI BARBOSA;RUA DO CAMPO 51
JAGUARUANA;75;60;GIQUI;CENTRO DE APOIO CULTURAL (GIQUI);GIQUI
TIANGUÁ;81;38;LAURÃO;ESCOLA DE ENSINO MÉDIO TANCREDO NUNES DE MENEZES;RUA ASSEMBLÉIA DE DEUS, 1072
JUAZEIRO DO NORTE;119;199;NOVO JUAZEIRO;ESCOLA TARCILA CRUZ ALENCAR;CASTELO BRANCO 4451
MARACANAÚ;104;384;JARDIM BANDEIRANTES;EMEF EVANDRO AYRES DE MOURA;RUA SÃO SEBASTIÃO, 341
BEBERIBE;84;157;SUCATINGA;ESCOLA MUNICIPAL CASTRO ALVES;LAGOA DE DENTRO
CAPISTRANO;105;53;CENTRO;ESCOLA DE ENSINO BASICO DEPUTADO UBIRATAN DINIZ AGUIAR;RUA JOSE SARAIVA SOBRINHO S/N
ARACATI;8;113;LAGOA DO PEDRO;PONTO DE APOIO LAGOA DO PEDRO;LAGOA DO PEDRO
PEDRA BRANCA;59;119;MINEIROLANDIA;E.E.F.I  DOM JOSE MAURO;RUA VICENTE MINEIRO, 25
FORTALEZA;114;293;PRESIDENTE KENNEDY;EMTI PROFESSOR JOAQUIM FRANCISCO DE SOUSA FILHO;RUA JOAQUIM MARQUES, 13
MARACANAÚ;122;31;JARI;EMEF JOSÉ ASSIS DE OLIVEIRA(JARY);RUA PAULO AFONSO 4259
MERUOCA;24;588;Camilos;EEF - JOSE BARBALHO DO NASCIMENTO;RUA JOAO BATISTA DE ARAUJO, 170 - DISTRITO CAMILOS
GUAIÚBA;57;43;CENTRO;EEBM MANUEL BALTAZAR DE FREITAS;RUA LEIRIA DE ANDRADE 409
HORIZONTE;78;180;CENTRO;CENTRO CULTURAL;RUA BATURITE, 776 ESQ C/RAIMUNDO ALVES DA SILVA
JUAZEIRO DO NORTE;119;105;SANTA TEREZA;ESCOLA ADAUTO BEZERRA (SEGUNDO GRAU);CASTELO BRANCO SN
FORTALEZA;115;374;PARANGABA;EEMTI GENERAL EUDORO CORREA;RUA JULIO BRAGA 101
ABAIARA;26;9;DISTRITO SÃO JOSÉ;ESCOLA CORONEL HUMBERTO BEZERRA;AV JULIO SAMPAIO S/N
CASCAVEL;7;81;JACARECOARA;ESC.ENS.FUND. JOAQUIM FERREIRA BATISTA;MANGABEIRA
SÃO GONÇALO DO AMARANTE;36;173;ACENDE CANDEIA DE CIMA;ESCOLA DE ENSINO FUNDAMENTAL DEPUTADO LEORNE BELEM;ACENDE CANDEIA DE CIMA
FORTALEZA;115;267;PARANGABA;FACULDADE UNINASSAU - PARANGABA;RUA GERMANO FRANCK, 567
CAPISTRANO;105;16;CENTRO;ESCOLA DE ENSINO FUNDAMENTAL DONA MARIETA CALLS;RUA JOSE DANIEL S/N
ARACATI;8;103;CABREIRO;E.E.F. EDMAR SENA;CABREIRO
HORIZONTE;78;184;CENTRO;CVT;RUA FRANCISCO TAVARES DE OLIVEIRA, 190
FORTALEZA;114;103;PRESIDENTE KENNEDY;COLÉGIO SANTA ISABEL;AVENIDA BEZERRA DE MENEZES 2840
FORTALEZA;94;7;QUINTINO CUNHA;EEMTI MARIA JOSÉ SANTOS FERREIRA GOMES (CERE);RUA DONA LUCIA PINHEIRO, 93
FORTALEZA;115;368;VILA PERI;EM CATULO DA PAIXAO CEARENSE;RUA LEAO DO NORTE 300
FORTALEZA;116;201;GRANJA LISBOA;EM PROF LIREDA FACO;RUA TRES CORACOES 735
ICÓ;15;77;SANTA CRUZ DA SERRA - DISTRITO;ESCOLA MUNICIPAL  WALFRIDO MONTEIRO SOBRINHO;RUA EVILASIO BARBOSA S/N
FORTALEZA;115;104;PARANGABA;EMTI CAROLINO SUCUPIRA;RUA MUNDICA PAULA, 670
FORQUILHA;121;227;SALGADO DOS MENDES;EEFI MANOEL MENDES FERREIRA;POVOADO SALGADO DOS MENDES
SÃO GONÇALO DO AMARANTE;36;328;LAGOINHA;CEI MARIA SOARES DE ALMEIDA;RUA MAJOR JOÃO MARTINS
FORTALEZA;94;778;VILA VELHA;EMTI DEPUTADO ROBERTO MESQUITA;R. BETA,  SN
CAUCAIA;120;375;PADRE JULIO MARIA;EEIEF JOSE OLAVO MOREIRA;RUA SÃO PAULO, S/N
MERUOCA;24;682;Centro;PREFEITURA MUNICIPAL DE MERUOCA;AV PEDRO SAMPAIO, SN
ANTONINA DO NORTE;18;86;POPULARES;ESCOLA FUNDAMENTAL ANTONIO MOTA;RUA SANTO ANTONIO S/N
TIANGUÁ;81;182;DOM TIMÓTEO;E.E.I.F. NOSSA SENHORA DAS GRAÇAS;AVENIDA FRANCISCO VIRGILIO FILHO
FORTALEZA;114;43;BARRA DO CEARÁ;EM CASIMIRO JOSÉ LIMA FILHO;AVENIDA FRANCISCO SÁ 6449
CASCAVEL;7;75;CAPONGA;ESC.ENS.FUND. JOSÉ CORREA PINTO;ESTRADA DE AGUAS BELAS - CAPONGA
CAUCAIA;123;410;SÃO MIGUEL (JUREMA);E.E.F.M. ROTARY CLUB;RUA SÃO LUCAS, S/N - CONJUNTO SÃO MIGUEL I
CAUCAIA;123;418;NOVA METRÓPOLE (JUREMA);E.E.F.M. ROMEU DE CASTRO MENEZES;AV. A, S/N - NOVA METRÓPOLE
FORTALEZA;1;910;COCÓ;UNINTA - FACULDADE UNINTA FORTALEZA;RUA VILEBALDO AGUIAR,133
ITAPIPOCA;17;516;MARINHEIROS;EEB VICENTE PRACIANO SAMPAIO;VILA DOS PRACIANOS
FORTALEZA;94;35;ANTÔNIO BEZERRA;EMTI JOSÉ CARLOS DE OLIVEIRA NETO;R. SAO VICENTE DE PAULO, 170
CASCAVEL;7;156;GUANACES;CAPELA SAO JOSE - SALGADINHO;SITIO SALGADINHO
CASCAVEL;7;143;CAPONGA;EEF GIAN PIERO MARINI;SITIO PEDRO DE SOUZA
FORTALEZA;2;172;MESSEJANA;PAROQUIA NOSSA SENHORA DA CONCEICAO;RUA JOAQUIM BEZERRA 255
GUAIÚBA;57;274;PINHEIRO;EEBM HILDA FRADIQUE ACCIOLY;RUA RAIMUNDO BANDEIRA, SN
EUSÉBIO;88;136;JABUTI;EEF RAUL TAVARES CAVALCANTE II;RUA LOURIVAL SALES, S/N - JABOTI
ICAPUÍ;8;273;MUTAMBA DE ICAPUI;E.E.F. PROFESSORA RAIMUNDA LACERDA DAMIÃO;AV ESAU LACERDA SN
ITAPIPOCA;17;751;CACIMBAS;CENTRO EDUCACIONAL MARIA MAGALHAES VIANA AZEVEDO;RUA MOESIO LOIOLA S/N
CAUCAIA;120;395;PLANALTO CAUCAIA;E.E.I.E.F. ANTONIO BRAGA DA ROCHA;RUA 112, SN - CIGANA
CRATEÚS;20;187;SANTO ANTÔNIO;UNIDADE BÁSICA DE SAÚDE DO VALENTE;VALENTE
HORIZONTE;78;216;BUENOS AIRES;CEI - STELA MARIA NASPOLINI;RUA LUIZ DA MATA, 450
HORIZONTE;78;388;QUEIMADAS;EMEF QUILOMBOLA OLIMPIO NOGUEIRA LOPES;RUA RAIMUNDO LOPES, 1083
JARDIM;119;304;SERRA GRAVATÁ;ESCOLA JESUS COUTINHO;SERRA GRAVATA
OCARA;67;173;ARISCO DOS MARIANOS-DISTRITO;ESCOLA MUNICIPAL ANTONIO CLAUDINO DA SILVA - ENSINO FUNDAMENTAL;VILA NOVA DOS LUZIAS
FORTALEZA;113;342;PARQUELÂNDIA;ESCOLA ESTADUAL DE EDUCAÇÃO PROFISSIONAL JOAQUIM NOGUEIRA;RUA MOREIRA DE SOUSA, 327
IGUATU;13;28;VENEZA;ESCOLA DE ENS FUND FILGUEIRAS LIMA;RUA NELSON ALENCAR
IGUATU;13;60;AREIAS I;INSTITUTO FEDERAL DO CEARÁ - IFCE CAMPUS AREIAS;RUA DEOCLECIO LIMA VERDE SN
HORIZONTE;78;145;CENTRO;EMEF MARIA REGIANA DA SILVA;RUA RAFAEL SANTOS, 530
QUIXERAMOBIM;11;152;PASSAGEM;ESCOLA MARIA ALICE ALMEIDA;PASTA
QUIXERAMOBIM;11;107;PASSAGEM;ESCOLA GEN. WICAR PARENTE DE PAULA PESSOA;SÃO JOAQUIM
RUSSAS;9;199;PITOMBEIRA II;ESCOLA MUNICIPAL JUAREZ DE SANTIAGO LIMA;PITOMBEIRA II
FORTALEZA;114;69;ÁLVARO WEYNE;EM DOM HELDER CAMARA;RUA FREI ODILON 623 B
SÃO JOÃO DO JAGUARIBE;91;120;BOM JESUS;EEF BEVENUTO FERREIRA MAIA - BOM JESUS;SITIO BOM JESUS
BELA CRUZ;96;68;ESPINHOS-LOCALIDADE;EMETI JOAO PEREIRA DO NASCIMENTO;LOCALIDADE ESPINHOS
FORTALEZA;83;714;HENRIQUE JORGE;COLÉGIO LUNA RANGEL;RUA EURICO MEDINA, 959
MERUOCA;24;598;Almas;EEF - MARCAL LOPES DE VASCONCELOS;SITIO ALMAS
JUAZEIRO DO NORTE;119;435;TIRADENTES;ESCOLA CAROLINA SOBREIRA;RUA JOSE SABIA SN
APUIARÉS;50;10;SÃO FRANCISCO;EEF AÉCIO DE BORBA;RUA JACA PRAÍBA, 410
SÃO BENEDITO;22;93;SITIO INHARE;GRUPO SALUSTIANO RODRIGUES DE MELO;SITIO INHARE
MORADA NOVA;47;180;IRAPUAN NOBRE;AUDIPIMN;RUA NEWTON GUERRA, N 5
MORADA NOVA;47;19;CENTRO;CENTRO EDUCACIONAL MONSENHOR TABOSA;AV. MANOEL CASTRO, 440
FORTALEZA;117;494;CANINDEZINHO;ESCOLA MUNICIPAL JORNALISTA DEMÓCRITO DUMMAR;RUA EUCLIDES PAULINO BARROSO, 2505
CASCAVEL;7;173;CAPONGA;ESC.ENS.FUND. FRANCISCA DO CARMO RIBEIRO - SITIO ZUMBI;SITIO ZUMBI
CASCAVEL;7;233;MUTIRÃO;ESC. MUNICIPAL PROFESSOR FABIO COUTINHO;RUA ZAQUEU FERREIRA DO VALE, S/N
QUIXADÁ;6;55;ALTO SÃO FRANCISCO;SENAC;RUA PRESIDENTE KENNEDY, 188
UBAJARA;73;168;SITIO TORRE;ESCOLA SAO LUIS;SITIO SAO LUIS - TORRE
BEBERIBE;84;94;SUCATINGA;EEM FRANCISCA MOREIRA DE SOUSA;RUA MOREIRA DA ROCHA 01 - CENTRO
DEPUTADO IRAPUAN PINHEIRO;55;145;CENTRO;SECRETARIA DE DESENVOLVIMENTO AGRÁRIO;AVENIDA FILOMENA VIEIRA, 263
JUAZEIRO DO NORTE;119;159;TIRADENTES;ESCOLA GOVERNADOR MANOEL DE CASTRO FILHO;RUA IVANIR FEITOSA SN
FORQUILHA;121;192;CENTRO;EEF DEP JOSE PARENTE PRADO(CENTRO SOCIAL);R MOCINHA VIANA 96
QUIXERAMOBIM;11;228;COHAB;ESCOLA  DOUTOR JOAQUIM FERNANDES;RUA PEDRO BARBOSA DA SILVA SN
NOVA OLINDA;53;136;ZABELE;EMEF ALVIM ALVES;SÍTIO ZABELE
MARACANAÚ;104;180;PAJUÇARA;EMEF LUIZ GONZAGA DOS SANTOS;RUA PEDRO BATISTA, 110
SALITRE;38;105;ZONA RURAL, SALITRE/CE;E.E.I.F. ANTONIO PEREIRA DE ALENCAR - SÍTIO MILHANS DO SUL;SÍTIO MILHANS DO SUL
FORTALEZA;95;270;BARROSO;EM SINÓ PINHEIRO;RUA 14, 151 (CJ JOAO PAULO II)
UBAJARA;73;169;SÍTIO PITANGA;ESCOLA JOSE FERNANDES DE LIMA;SITIO PITANGA
QUIXERAMOBIM;11;84;SEDE RURAL;ESCOLA GEORGINA LEITAO MACEDO;CANHOTINHO
SOBRAL;121;6;SINHÁ SABÓIA;CEI JACYRA PIMENTEL GOMES;RUA RIO NEGRO SN
RUSSAS;9;299;VARZEA ALEGRE;ESCOLA MUNICIPAL CORACAO DE JESUS;RUA OCION LOPES DA SILVEIRA S/N
BATURITÉ;5;25;SÍTIO SERRA VERDE;EMEF ANTÔNIO BATISTA;SÍTIO SERRA VERDE, SN
FORTALEZA;85;361;DOM LUSTOSA;EEFM AYRTON SENNA DA SILVA;RUA MANAUS, 855
FORTALEZA;83;633;BELA VISTA;COLEGIO CHRISTUS;AV. ENG. HUMBERTO MONTE, 1355
CARIDADE;111;180;IPUEIRA DOS GOMES;PSF IZEQUIEL GOMES FILHO;RUA IZAQUIEL GOMES , S/N - DISTRIDO DE IPUEIRA DOS GOMES - CARIDADE
FORTALEZA;115;399;PARANGABA;EM CLÁUDIO MARTINS;RUA MUNDICA PAULA, 628
FORTALEZA;82;230;PIRAMBU;CENTRO EDUCACIONAL MOEMA TÁVORA;RUA MARCÍLIO DIAS, 485
MORRINHOS;44;196;DISTRITO DE SITIO ALEGRE;EMEF JONAS ROBERTO MAGALHÃES;SITIO ALEGRE
FORTALEZA;82;472;JACARECANGA;EEMTI SALES CAMPOS;RUA JACINTO MATOS, 730
SENADOR POMPEU;12;150;PAVAOZINHO;CENTRO DE REFERÊNCIA DE ASSISTÊNCIA SOCIAL CRAS II (ANTIGO MUNDO FELIZ;RUA GEMINIANO VITORIANO DE OLIVEIRA S/N
ICÓ;15;100;CENTRO - SEDE;ESCOLA MUNICIPAL SENHOR DO BONFIM;RUA FRANCISCO MACIEL DA SILVA, 2557
CEDRO;13;494;SÃO MIGUEL;ESCOLA DE ENS FUND PEDRO MOREIRA DO CARMO;ST RECANTO
MASSAPÊ;45;100;ALTO DA CADEIA;EM MARIA LAURA SOARES FROTA;RUA CORIOLANO GOMES FROTA SN
OCARA;67;209;CURUPIRA-DISTRITO;ESCOLA MUNICIPAL MARIA DE LOURDES COSME - ENSINO FUNDAMENTAL;JUREMA DOS VIEIRA
ITAPAJÉ;41;222;PADRE LIMA;ESCOLA MUNICIPAL CAPITAO MANOEL PINTO MESQUITA;RUA TEIXEIRA PINTO  1047
MARACANAÚ;122;143;MUCUNA;EMEF MANOEL ROSEO LANDIM;RUA OSCAR FERREIRA DE BRITO, 161
MILHÃ;55;130;CENTRO;CRECHE COMUNITÁRIA CRIANÇA FELIZ;RUA PADRE JOACI CAVALCANTE, S/N - CENTRO
QUIXADÁ;6;268;CAMPO NOVO;EEM ABRAÃO BAQUIT;RUA REGINALDO LOPES, S/N
NOVA OLINDA;53;30;EXTREMA;ASSOCIAÇÃO DOS AGRICULTORES DOS SÍTIO EXTREMA;SÍTIO EXTREMA
FORTALEZA;82;381;ÁLVARO WEYNE;COLÉGIO MENINO JESUS DE PRAGA;RUA ANA FACÓ, 140
NOVA OLINDA;53;148;SÍTIO PEDRA BRANCA;ASSOCIAÇÃO COMUNITÁRIA DO SÍTIO PEDRA BRANCA;SÍTIO PEDRA BRANCA
QUIXERAMOBIM;11;64;MANITUBA;ESCOLA FRANCISCO FELIPE FILHO;LAGOA CERCADA
ICÓ;15;139;CANTO - SITIO;ESCOLA MUNICIPAL MANOEL JOSE DE ARAUJO;SITIO CANTO S/N
IBARETAMA;6;109;DISTRITO DE PIRANGI;EMEIF PEDRO DUARTE CELESTINO;JOAO GONCALVES - DISTRITO DE PIRANGI
FRECHEIRINHA;81;236;CENTRO;ESCOLA CARLOS MACHADO PORTELA;RUA TENENTE EUFRASIO  SN
TAMBORIL;61;69;BAIRRO MONTE CASTELO;EEEM DONA LUIZA TIMBÓ;RUA FRANKLIN CAVALCANTE SN
MAURITI;76;142;PALESTINA DO CARIRI-DISTRITO;EEF OSSIAN ARARIPE;VILA DNOCS
FORTALEZA;82;246;CARLITO PAMPLONA;EM HILBERTO SILVA;AV. PRESIDENTE CASTELO BRANCO, 2973
PALHANO;9;15;LAGOA DA JUREMA;ESCOLA DE ENSINO FUNDAMENTAL MATEUS SOBRINHO - ANEXO;LAGOA DA JUREMA
BELA CRUZ;96;31;SAO GONCALO-LOCALIDADE;EEMTI PROFESSORA THEOLINA DE MURYLLO ZACAS;LOCALIDADE SÃO GONÇALO
IBIAPINA;73;19;CENTRO;ESCOLA PROFISSIONAL MONS MELO (COLÉGIO DAS IRMÃS);RUA MONSENHOR MELO, 539
FORTALEZA;80;310;DIONISIO TORRES;COLÉGIO CHRISTUS - DIONÍSIO TORRES;RUA ISRAEL BEZERRA 630
PACOTI;5;165;OURO-SITIO;CRECHE VOVÓ LOURDES (SÍTIO OURO);SITIO OURO
QUIXADÁ;6;330;PLANALTO RENASCER;EEM GOVERNADOR LUIZ GONZAGA DA FONSECA MOTA;RUA PARAGUAI, S/N
SOBRAL;121;319;COHAB II;EEFI PAULO ARAGAO;RUA CAETANO FIGUEIREDO 100 COHAB II
ARACATI;8;227;ILHA SÃO JOSÉ;ASSOCIAÇÃO BENEFICENTE DA ILHA SÃO JOSÉ;ILHA SAO JOSE
AQUIRAZ;66;267;LAGOA ENCANTADA;EDEFM DA LAGOA ENCANTADA (ESCOLA INDÍGENA);LAGOA ENCANTADA - COMUNIDADE INDÍGENA
FORTALEZA;113;214;RODOLFO TEÓFILO;COLÉGIO DEOCLÉCIO FERRO;RUA MINERVINO DE CASTRO, 987
SANTANA DO ACARAÚ;44;173;ALTO DA LIBERDADE;ESCOLA DE ENSINO FUNDAMENTAL SANTA TEREZINHA;PRACA DA LIBERDADE S/N
AMONTADA;89;291;SABIAGUABA;EEBTI ISMAEL TOME DE SOUSA;CAETANOS DE BAIXO
SOBRAL;121;136;CENTRO;COLEGIO FARIAS BRITO SOBRALENSE;PRACA QUIRINO RODRIGUES S/N
BREJO SANTO;70;18;ARAUJÃO;UNIVERSIDADE FEDERAL DO CARIRI - UFCA;RUA OLEGÁRIO EMÍDIO DE ARAÚJO, S/N
FORTALEZA;82;691;CARLITO PAMPLONA;EEMTI JOSÉ VALDO RIBEIRO RAMOS;RUA PEDRO AMÉRICO, 100
MARACANAÚ;122;287;JAÇANAÚ;EMEIEF FRANCISCO ANTONIO FONTENELE;RUA NOE SALES BEZERRA S/N
SÃO GONÇALO DO AMARANTE;36;281;PECEM-DISTRITO;ESCOLA DE ENSINO FUNDAMENTAL EUCLIDES PEREIRA GOMES;TRAVESSA MARCIONILIA SAMPAIO S/N
IPU;21;98;DISTRITO;E.M.E.F. JOÃO SAMPAIO DE ARAUJO;VARZEA DO GILO
CRUZ;30;264;ZONA RURAL;ESCOLA VALDEMAR DE PAULO RIBEIRO;CANAFISTULA
QUIXADÁ;6;57;ALTO SÃO FRANCISCO;ESCOLA ADVENTISTA ARLETE AFONSO;RUA EPITÁCIO PESSOA, 605
ICÓ;15;68;LIMA CAMPOS - DISTRITO;CRAS III - IRMÃ MARIA JOSÉ;RUA DA BR S/N
FORTALEZA;82;695;MONTE CASTELO;EM LENIRA JUREMA DE MAGALHÃES;RUA TEÓFILO GURGEL, 111
APUIARÉS;50;3;CONJUNTO FRANCISCO BERNARDO;EEF MATILDE BARBOSA GOIS;RUA JOSÉ NOJOSA FREITAS, 100
SANTA QUITÉRIA;54;70;PIRACICABA;ESCOLA MUNICIPAL QUITERIENSE;RUA TABELIÃO FRANCISCO PAULA LOBO, S/N.
CARIDADE;111;107;ZONA RURAL;EEIF ARTUR SALVINO - LOCALIDADE CARNEIRO;LOCALIDADE DE CARNEIRO
ARARIPE;68;7;CENTRO;ESCOLA NIURA MARIA DE ALENCAR - SEDE;RUA ANTONIO HENRIQUE DE LIMA, S/N
ARARIPE;68;3;CENTRO;ESCOLA MODELO - PROFESSORA CÍCERA GERMANO CORREIA - SEDE;RUA MOACIR DE SOUZA ROCHA, S/N
POTIRETAMA;86;49;CAATINGUEIRINHA;ESCOLA DE 1 GRAU MANOEL VICENTE DE MOURA;SITIO CAATINGUEIRINHA
FORTALEZA;94;332;JARDIM GUANABARA;CMES PROF JOSE REBOUCAS MACAMBIRA;RUA CARIÚS 200
TAUÁ;19;168;COLIBRIS;ESCOLA DONDON FEITOSA;RUA JORNALISTA HELDER FEITOSA S/N
TAUÁ;19;429;TAUAZINHO;EEF MARIA ALEXANDRINO NOGUEIRA MARQUES;AV CEL VICENTE ALEXANDRINO DE SOUSA
TIANGUÁ;81;184;ÁREA RURAL DE TIANGUÁ;E.E.F. JOSÉ MARIA DA SILVA;SÍTIO PÉ DO MORRO
SOBRAL;121;169;CENTRO;CEI IVONIR AGUIAR;AV DOM JOSÉ, 2184
TIANGUÁ;81;86;CARUATAÍ;CENTRO EDUCACIONAL CORAÇÃO DE MARIA;RUA MANOEL RODRIGUES CAVALCANTE, S/N - DISTRITO CARUATAÍ
PACAJUS;49;246;CRUZ DAS ALMAS;EEF SEN VIRGILIO DE MORAIS FERNANDES TAVORA;RUA MONTEMOR SN
PENTECOSTE;50;106;SEBASTIÃO DE ABREU;EMTI PREFEITO JOÃO GOMES DA SILVA;AVENIDA LEOPOLDO RAMOS - SERROTA
SANTA QUITÉRIA;54;100;DISTRITO DE LISIEUX;E.E.F. DONA LIVRAMENTO ARAÚJO;DISTRITO DE LISIEUX
SOBRAL;24;506;ALTO DA BRASÍLIA;EEFI RAUL MONTE;RUA MACEIO, S/N
ARACATI;8;108;LAGOA DOS PORCOS;PONTO DE APOIO DA LAGOA DOS PORCOS;LAGOA DOS PORCOS
FORTALEZA;80;168;TAUAPE;COLÉGIO MONSENHOR JOVINIANO BARRETO;RUA FREI VIDAL 1621
ICAPUÍ;8;174;BELEM;E.E.F. PROF. FRANCISCO EZEQUIEL DA COSTA;CE 261 - NOVA BELEM
ITAPAJÉ;41;223;SITIO SAO PEDRO;ESCOLA MANOEL FRANCISCO DE MATOS;SAO PEDRO
TRAIRI;97;111;SALGADO DO NICOLAU;EEF JOAO CARLOS;SALGADO DO NICOLAU
CAMOCIM;32;227;ZONA RURAL;EEF DOM FREI FRANCISCO TIMOTEO - TORTA;LOCALIDADE DE TORTA
FORTALEZA;93;142;PREFEITO JOSÉ WALTER;EEEP PROFESSOR ONELIO PORTO;AVENIDA E, 471 - II ETAPA
QUITERIANÓPOLIS;99;115;ZONA RURAL;UBS JOSÉ FRANCISCO DAS CHAGAS;SANTO ANTONIO
CARIÚS;43;208;SITIO UMARIZEIRAS;EEIF MARIO DA SILVA LEAL;SITIO UMARIZEIRAS
FORTALEZA;85;322;CONJUNTO CEARÁ I;EEFM DR UBIRAJARA INDIO DO CEARA - UV-7A;RUA SETECENTOS E CINQUENTA E UM, 192, 3A ETAPA
MARANGUAPE;4;4;AMANARI;EEMTI ANTONIO LUIS COELHO;RUA DO COMÉRCIO, S/N
FORTALEZA;83;542;DEMOCRITO ROCHA;ESCOLA MUNICIPAL JOSÉ BONIFÁCIO DE SOUSA;RUA PERNAMBUCO 600
SOBRAL;121;306;COHAB II;EEFI PAULO ARAGAO;RUA CAETANO FIGUEIREDO 100 COHAB II
SENADOR POMPEU;12;37;CENTRO;EEMTI LICEU MARCIONÍLIO GOMES DE FREITAS;RUA JOSE CARLOS SAMPAIO 401
TAMBORIL;61;99;DISTRITO DE CURATIS;EMTI ANTONIO MENDES DE ALMEIDA;VILA CURATIS
QUIXELÔ;13;146;CENTRO;ESCOLA DE ENS FUND E MÉDIO PROFESSOR LUIS DE GONZAGA FONSECA MOTA;RUA VITORINO JOSE DE OLIVEIRA SN
IBARETAMA;6;91;DISTRITO DE OITICICA;EMEIF FRANCISCO JOSE DE FREITAS;DISTRITO DE OITICICA
GRANJA;25;18;CENTRO;E.E.M. CEL LUIZ FELIPE;PRACA CEL. LUIZ FELIPE, 381
FORTALEZA;113;401;PARQUE ARAXÁ;CENTRO UNIVERSITÁRIO UNIFANOR;AV. BEZERRA DE MENEZES, 1277
FORTALEZA;94;3;QUINTINO CUNHA;CENTRO COMUNITARIO CONJUNTO SAO FRANCISCO;RUA ILHA DO BOTE 367
FORTALEZA;93;167;ARACAPÉ;EMEIF IVANILSON SOUZA LIMA COSTA;RUA POLIANA N.102
GUARACIABA DO NORTE;74;158;DISTRITO;SALÃO PAROQUIAL DO SÍTIO CORSA;SÍTIO CORSA
FORQUILHA;121;186;CENTRO;EEF DEP JOSE PARENTE PRADO(CENTRO SOCIAL);R MOCINHA VIANA 96
TIANGUÁ;81;81;ARAPÁ;E.E.M. RAIMUNDO MARQUES NONATO;RUA RAIMUNDO PAULINO, S/N - DISTRITO ARAPÁ
CHAVAL;108;86;CENTRO;EEF SANTO ANTÔNIO;RUA MONSENHOR CARNEIRO  S/N
BREJO SANTO;70;40;SAO FELIPE-DISTRITO;E. M. E. F. RAIMUNDO MOREIRA LUNA;SITIO SAO FELIPE
QUIXELÔ;13;152;ÁREA RURAL DE QUIXELÔ;ESCOLA DE ENS FUND MARIA CANDIDA MAIA;CUNHA POTI-SITIO
PACAJUS;49;373;ALDEIA;EEF PROFA HERMÍNIA MENDONCA DE QUEIROZ;RUA NAIDE COSTA MENEZES, SN
BARBALHA;31;60;CENTRO;COLÉGIO SANTO ANTONIO;AV LYRIO CALLOU, 55
FORTALEZA;82;201;MONTE CASTELO;EM LENIRA JUREMA DE MAGALHÃES;RUA TEÓFILO GURGEL, 111
GRANJA;25;110;TIMONHA;E.E.F. JOSÉ FIRMINO DOS SANTOS;TRAVESSA ALCANTARA, 534
GROAÍRAS;65;120;ZONA RURAL;EEF JOSE ANTONIO DE VASCONCELOS;DISTRITO JUA
JUAZEIRO DO NORTE;119;142;PIRAJA;ESCOLA IZABEL DA LUZ;AV. AILTON GOMES S/N
JUAZEIRO DO NORTE;119;257;TIMBAUBA;ESCOLA DOM VICENTE DE PAULA ARAUJO MATOS;RUA RUI BARBOSA 1935
PACATUBA;57;109;PAVUNA;CENTRO DE EDUCACAO RURAL CLOVIS DE CASTRO PEREIRA;RUA CLOVIS DE CASTRO PEREIRA 235
BEBERIBE;84;87;SERRA DO FELIX;ESCOLA MUNICIPAL BENEDITO EVARISTO PINHEIRO;AV ESTER FERNANDES 72 - CENTRO
SANTA QUITÉRIA;54;260;PEREIROS;E. E. F. DEPUTADO CHICO FIGUEREDO;RUA EDSON LOBO DE MESQUITA
CAUCAIA;37;309;ITAMBE;E.E.F. FLAVIO PORTELA MARCILIO;RUA 05, 23 - CONJ. VICENTE ARRUDA
TABULEIRO DO NORTE;91;81;VILA MACENA;EEB CLIMÉRIO JOSINO MAIA - VILA MACENA;RUA JOAQUIM IZIDIO GADELHA, 5277
PACAJUS;49;358;CUMARU;EEF AURILO BEZERRA PEREIRA;RUA CÔNEGO EDUARDO ARARIPE S/N
PARACURU;109;13;SAO PEDRO;E. M. E. I. F. EZEQUIEL VICENTE DA COSTA;AV GERALDO CIRIACO, S/N
QUIXERAMOBIM;11;300;MARAVILHA;ESCOLA TEREZA HELOISA SARAIVA CAMARA;RUA GASTÃO FALCÃO
TABULEIRO DO NORTE;91;145;CENTRO;EEI RAQUEL MONTEIRO CHAVES;RUA ACELINO MAIA, 3873
MASSAPÊ;45;106;CENTRO;SECRETARIA DE EDUCACAO DO MUNICIPIO;RUA MAJOR JOSE PAULINO SN
FORTALEZA;85;185;CONJUNTO CEARÁ I;EMTI JOSE LEOPOLDINO DA SILVA FILHO;RUA 420, S/N, 2A ETAPA
GRANJA;25;194;IBUGUAÇU;E.E.F. JOÃO MACHADO;LAGOA DOS MARRECOS
SANTA QUITÉRIA;54;38;CENTRO;COLÉGIO PAULO FREIRE;RUA JOÃO RODRIGUES PINTO, 235
SANTA QUITÉRIA;54;141;VILA RIACHO DAS PEDRAS;ESCOLA MUNICIPAL FRANCISCO PAIVA RODRIGUES;VILA RIACHO DAS PEDRAS
FORTALEZA;80;373;TAUAPE;CENTRO DE DESENVOLVIMENTO SOCIAL SEMEANDO (ANTIGO EURICO BERGSTEN);RUA CRUZ ABREU 204
FORTALEZA;93;215;PREFEITO JOSÉ WALTER;CEJA - CENTRO DE EDUCAÇÃO DE JOVENS E ADULTOS;AV. L, S/N - II ETAPA
MILAGRES;26;31;FREI DAMIÃO;ESCOLA MARIA LUCIA BELEM LEITE;RUA PEDRO FURTADO DE LACERDA 1149
MAURITI;76;42;BURITIZINHO-DISTRITO;EEF WALTER DE CALDAS TELES;RUA DA PAZ, S/N
MARANGUAPE;4;57;OUTRA BANDA - MARANGUAPE;CEM PEDRO PESSOA CÂMARA;AV. DR. ARGEU BRAGA HERBSTER, 960
BOA VIAGEM;63;253;COHAB;EEEP VENCESLAU VIEIRA BATISTA;RUA JOSÉ VIEIRA COSTA,1048
CAUCAIA;37;3;CENTRO;E.E.F. BRANCA CARNEIRO DE MENDONCA;PRACA DA MATRIZ, 666
TIANGUÁ;81;79;ARAPÁ;CENTRO EDUCACIONAL PROFESSOR OSVALDO NOGUEIRA LIMA - CEPON;RUA QUINTINO MARQUES, S/N - DISTRITO ARAPÁ
UBAJARA;73;160;DISTRITO NOVA VENEZA;ESCOLA MAROCA PERDIGAO;DISTRITO NOVA VENEZA
IPU;21;135;DISTRITO;E.M.E.F. FRANCISCO ASSIS TORQUATO;ST. DAMIÃO
ASSARÉ;18;71;ZONA RURAL;GRUPO ESCOLAR ANTONIO FRANCELINO DE SOUSA;CAJAZEIRAS DO SIMIAO SN
ITAPIÚNA;105;151;ZONA RURAL;EEIEF RUFINO SOUSA BARROS;LAGOAS
ITAPIÚNA;105;117;CENTRO;EEF DEMOCRITO ROCHA;RUA SAO FRANCISCO SN
FORTALEZA;85;341;GENIBAÚ;ESCOLA MUNICIPAL DEP JOAO FREDERICO FERREIRA GOMES;RUA JOSE MENDONCA 1160
FORTALEZA;80;287;VILA UNIÃO;ESCOLA MUNICIPAL PAPA JOÃO XXIII;AV TREZE DE ABRIL, 545
JUAZEIRO DO NORTE;119;203;AEROPORTO;ESCOLA CICERA GERMANO CORREIA;RUA SEBASTIAO REGIS SN
JUAZEIRO DO NORTE;119;442;SANTA TEREZA;ESCOLA ADAUTO BEZERRA (SEGUNDO GRAU);CASTELO BRANCO SN
BEBERIBE;84;6;CENTRO;ESCOLA MUNICIPAL DESEMBARGADOR PEDRO DE QUEIROZ;RUA JOSE BESSA 561
MONSENHOR TABOSA;61;157;CENTRO;E.M.E.F.T.I LUIZ LEITAO;AVENIDA PESSOA PIRES  2
MISSÃO VELHA;16;2;ZONA RURAL;EEF ANTONIO FERREIRA;SITIO BARREIRAS
UMARI;15;200;CENTRO - SEDE;CENTRO EDUCACIONAL DO PRIMEIRO GRAU PADRE MANOEL PEREIRA;RUA CORONEL ANTONIO MALHEIROS, S/N
FORTALEZA;80;218;ALTO DA BALANÇA;EM PROFESSORA EDITH BRAGA;RUA CAPITAO VASCONCELOS 1061
MASSAPÊ;45;139;LUIS DA HORA PEREIRA;CMEF PROFESSORA MARIA DO CARMO CARNEIRO (EEF MARIA PONTES VIDAL);RUA AMADEU ALBUQUERQUE, S/N
GUAIÚBA;57;58;ITACIMA;EEBM FRANCISCO PEREIRA DE ANDRADE;RUA LUIS PEREIRA DE ANDRADE, S/N
CARIRIAÇU;71;24;CENTRO;EEM PLÁCIDO ADERALDO CASTELO;RUA CARLOS MORAIS 752
FORTALEZA;112;491;SAPIRANGA-COITÉ;EM PROFª ALDACI BARBOSA;RUA OLEGARIO MEMORIA, 1257
CAUCAIA;37;626;CUMBUCO;E.E.F. HELENA DE AGUIAR DIAS;AV DOS COQUEIROS, S/N
NOVO ORIENTE;99;29;CENTRO;EEM COELHO MASCARENHAS;RUA SAO JOSE S/N
URUBURETAMA;23;47;ITAMARATY;EEFM MATILDE RODRIGUES VASCONCELOS;RUA JOSE LOPES CABRAL S/N
FORTALEZA;118;639;MONDUBIM;COLÉGIO MAJESTIC;RUA CASTRO MEIRELES, 325
CAMOCIM;32;96;CENTRO;CREDE;TRAVESSA JOAO TOME S/N
FORTALEZA;82;608;PIRAMBU;CENTRO DE EDUCAÇÃO INFANTIL (CEI) MARIA DALVA DOS SANTOS;RUA COSTA MATOS, S/N
IPUEIRAS;40;132;LIVRAMENTO;CENTRO DE EDUCAÇÃO INFANTIL EXPEDITA GOMES ARAGÃO - LIVRAMENTO;LIVRAMENTO
CARIRIAÇU;71;4;PARAÍSO;EEF JULITA FARIAS;RUA LUIZ BEZERRA S/N
JUAZEIRO DO NORTE;119;140;NOVO JUAZEIRO;ESCOLA TARCILA CRUZ ALENCAR;CASTELO BRANCO 4451
JUAZEIRO DO NORTE;119;254;PREFEITO CARLOS ALBERTO DA CRUZ;URCA - CAMPUS CRAJUBAR (TRIÂNGULO);AVENIDA LEÃO SAMPAIO, 107
FORTALEZA;93;97;PREFEITO JOSÉ WALTER;CEI ROGACIANO LEITE;AVENIDA J, 1488 - III ETAPA
CAUCAIA;37;156;CUMBUCO;E.E.F. HELENA DE AGUIAR DIAS;AV DOS COQUEIROS, S/N
CARIRIAÇU;71;118;MONTE SERRAT;EEF FRANCISCO FEITOSA DE LIRA;SÍTIO OLHO D'ÁGUA GRANDE
PIQUET CARNEIRO;12;11;CENTRO;EMEI PROFESSORA MARIA DE LOURDES DAMASCENO MARQUES;RUA MÃE RAINHA - BUMERANGUE
PINDORETAMA;7;273;CAPONGA FUNDA - PINDORETAMA;EMEB AURELINA FALCÃO DA SILVA;AV. PEDRO FERREIRA DO NASCIMENTO, 1057
FORTALEZA;118;590;DIAS MACEDO;EEMTI PADRE GUILHERME WAESSEN;RUA BOA VENTURA 916
QUIXERAMOBIM;11;275;CONJUNTO ESPERANCA;ESCOLA DONA MUNDOCA;RUA ANTONIO PEDRO SANTIAGO
MONSENHOR TABOSA;61;133;CENTRO;ESCOLA INDÍGENA DE MONSENHOR TABOSA;RUA SANTO ANTONIO 124
FORTALEZA;85;374;GENIBAÚ;EMEIF MANOEL CAETANO DE SOUZA;RUA SANTA LUCIA 170
CAUCAIA;37;24;CENTRO;E.E.F. BRANCA CARNEIRO DE MENDONCA;PRACA DA MATRIZ, 666
SÃO LUÍS DO CURU;23;336;FAZENDA COMUNITÁRIA;POSTO DE SAÚDE DA FAZENDA COMUNITÁRIA;LOCALIDADE FAZENDA COMUNITÁRIA
TAUÁ;19;43;COLIBRIS;ESCOLA DONDON FEITOSA;RUA JORNALISTA HELDER FEITOSA S/N
MASSAPÊ;45;51;ZONA RURAL;GE ANTONIO DE PAULA PESSOA DE FIGUEIREDO;POVOADO DE AIUA
PENAFORTE;70;329;CENTRO-SEDE;ESCOLA SIMAO ANGELO;RUA PADRE CICERO S/N
IPAPORANGA;20;287;SACRAMENTO;ESCOLA DE ENSINO FUNDAMENTAL MACARO JORGE SOARES;SACRAMENTO
MORAÚJO;64;54;CENTRO;MORAÚJO - ESCOLA MUN. Mª CARLITA ARAÚJO;COHAB 2 - CENTRO
FORTALEZA;83;63;BELA VISTA;EEMTI SENADOR FERNANDES TÁVORA;RUA GOIÁS 141
QUIXADÁ;6;26;CENTRO;CENTRO UNIVERSITÁRIO CATÓLICA DE QUIXADÁ - UNICATÓLICA;AVENIDA PLÁCIDO CASTELO, S/N
BARROQUINHA;108;43;DISTRITO ARARAS;EEF NOSSA SENHORA DE FÁTIMA;RUA DO QUADRO S/N
PINDORETAMA;7;282;SITIO CORREIA;EMEB PEDRO RICARDO DA SILVA;SITIO CORREIA - PINDORETAMA
FORTALEZA;116;346;GRANJA LISBOA;EEEP ICARO DE SOUSA MOREIRA - LICEU DO BOM JARDIM;RUA JOSE MARTINS, 2246
UMARI;15;197;CENTRO - SEDE;CENTRO EDUCACIONAL DO PRIMEIRO GRAU PADRE MANOEL PEREIRA;RUA CORONEL ANTONIO MALHEIROS, S/N
PARACURU;109;73;CAMPO DE AVIAÇÃO;E. E. M. T. I. PROFESSORA MARIA LUIZA SABOIA RIBEIRO;AVENIDA ANTONIO SALES
QUITERIANÓPOLIS;99;102;ZONA RURAL;EEIF JOSÉ FRANCISCO DAS CHAGAS;ANGICAL
SÃO BENEDITO;22;140;CENTRO-SEDE;EEF MINISTRO ANTONIO COELHO;RUA MIN ANTONIO COELHOI  452
SENADOR POMPEU;12;98;CARACARA;CEI  MARIA DAS DORES DE MAGALHÃES OLIVEIRA;RUA AUDISIO VIEIRA DO NASCIMENTO S/N
CAUCAIA;37;25;CENTRO;E.E.F. BRANCA CARNEIRO DE MENDONCA;PRACA DA MATRIZ, 666
ICAPUÍ;8;141;MELANCIAS DE BAIXO;ESCOLA DE 1 GRAU PROFA MARIA EDILCE BARBOSA;MELANCIAS DE BAIXO
MERUOCA;24;602;Sítio São Bento;EEIF - LUIZ GONZAGA FERNANDES;SITIO SAO BENTO
ACARAPE;52;143;GARAPA I;POSTO DE SAÚDE GARAPA I;GARAPA I
ICÓ;15;129;ALTO DA VARZEA - SITIO;ESCOLA MUNICIPAL CICERO AMARO DA SILVA;SITIO ALTO DA VARZEA S/N
FORTALEZA;94;387;VILA VELHA;EMEF QUINTINO CUNHA;RUA MARIA CLARA 1263
BARBALHA;31;13;CIROLÂNDIA;EEF CESAR CALS DE OLIVEIRA (CIROLÂNDIA);RUA JOSÉ COELHO CORREIA, S/N (7.32321 S, 39.29880 W)
SANTANA DO ACARAÚ;44;118;MULUNGU;GRUPO ESCOLAR SAO JOSE -  MULUNGU;MULUNGU
QUIXADÁ;6;361;RIACHO VERDE;EEF EDMILSON PINHEIRO;RIACHO VERDE, S/N
MILAGRES;26;55;SITIO SÃO DOMINGOS;POSTO DE SAÚDE DO SÃO DOMINGOS;SITIO SAO DOMINGOS
ACARAÚ;30;22;CENTRO;EEEP MARTA MARIA GIFONNI DE SOUSA;CENTRO
POTENGI;68;79;CENTRO;GRUPÃO - EEF ANTONIO DE FIGUEIREDO TAVEIRA - SEDE;RUA ALMINO ALENCAR S/N
TIANGUÁ;81;100;ARAPÁ;E.E.M. RAIMUNDO MARQUES NONATO;RUA RAIMUNDO PAULINO, S/N - DISTRITO ARAPÁ
QUITERIANÓPOLIS;99;146;ZONA RURAL;EEIF ANTONIO BATISTA LIMA;POMBO
BREJO SANTO;70;404;SAO FRANCISCO-SEDE;CEJA JOAQUIM GOMES BASILIO;RUA GENESIO RICARTE COSTA 637
ITAREMA;98;208;LAGOA SECA;EEEP PROFESSORA ROSÂNGELA ALBUQUERQUE DE COUTO;RUA DAS INDUSTRIAS, SN
FORTALEZA;112;548;CAMBEBA;COLÉGIO ROSA DE SAROM;RUA AMANCIO VALENTE 1770
UBAJARA;73;198;CENTRO;CEIF - CENTRO DE EDUCAÇÃO IRLANE FERNANDES;RUA 24 DE AGOSTO, 426
FORTALEZA;113;397;MONTESE;CENTRO DE ENSINO GRAU TÉCNICO;RUA BARÃO DE SOBRAL, N.712
PACOTI;5;164;OURO-SITIO;CRECHE VOVÓ LOURDES (SÍTIO OURO);SITIO OURO
BARBALHA;31;12;CIROLÂNDIA;EEF CESAR CALS DE OLIVEIRA (CIROLÂNDIA);RUA JOSÉ COELHO CORREIA, S/N (7.32321 S, 39.29880 W)
FORTALEZA;117;350;BOM JARDIM;ESCOLA MUNICIPAL HERBERT DE SOUSA;RUA URUCUTUBA 1599
CARIRIAÇU;71;22;CENTRO;EEM PLÁCIDO ADERALDO CASTELO;RUA CARLOS MORAIS 752
FORTALEZA;118;642;PARQUE DOIS IRMÃOS;EMTI REITOR ROBERTO CLÁUDIO FROTA BEZERRA;AVENIDA 1, S/N
COREAÚ;64;33;Feitoria;FEITORIA - PRÉDIO DA ESCOLA MUNICIPAL;LOCALIDADE DE FEITORIA
CHOROZINHO;49;390;CENTRO;CASA DO CIDADÃO;AV RAIMUNDO SIMPLICIO SN
CARIDADE;111;84;CAMPOS BELOS;EEF SENADOR VIRGILIO TAVORA;BR 020 KM 348
MARACANAÚ;122;167;SIQUEIRA (siqueira 2);EMEF VALDENIA ACELINO DA SILVA;RUA IRINEU MACHADO, 1250
GRANJA;25;116;OITEIRO;E.E.F. DEPUTADO DELMIRO DE OLIVEIRA;RUA 105, COHAB VICENTE ARRUDA
BATURITÉ;5;101;CANDEIA SAO SEBASTIAO-POVOADO;EMEF CAPITAO PORFIRIO RODRIGUES DE SOUZA;RUA IRMA ROBUSTINA SN
FORTALEZA;117;415;PARQUE PRESIDENTE VARGAS;EM JOSE MARIA MOREIRA CAMPOS;RUA FRANCISCO ALMEIDA, 525 CJ. APOLO XI
AIUABA;101;74;ASSENTAMENTO DA LINDEZA;EEF REJANE LIBORIO FEITOSA;ASSENTAMENTO LINDEZA - BOM NOME
IBIAPINA;73;61;SÍTIO CANTO ALEGRE;ESCOLA ADERALDO NEGREIROS;SÍTIO CANTO ALEGRE
PACATUBA;57;111;CONJUNTO JEREISSATI II;ESCOLA DE 1 GRAU DESEMBARGADOR RAIMUNDO DE CARVALHO;AV. XV SETOR F
CANINDÉ;33;89;CENTRO;CREDE 7 - CENTRO REGIONAL DE DESENVOLVIMENTO DA EDUCAÇÃO;RUA TABELIÃO FACUNDO, 236 (PRAÇA DO LEÃO)
ITAPIÚNA;105;134;DISTRITO DE CAIO PRADO;EEF DEPUTADO JOAO VIANA (ANEXO CRECHE RAIO DO SOL);AV JOSE MARINHO SN
RERIUTABA;79;82;AMANAIARA;E.E.F. DEPUTADO MANOEL RODRIGUES;DISTRITO DE AMANAIARA - CENTRO
BARBALHA;31;120;BREJINHO;CEI MARIA CLEONICE PEREIRA (BREJINHO);AV JOSÉ VALCENIR DA CRUZ, S/N - EM FRENTE AO PQ VAQUEJADA
FORTALEZA;118;122;PASSARÉ;COLÉGIO LIRA COUTINHO;RUA BELOS PORTOS, 453
RERIUTABA;79;38;AMANAIARA;E.E.F. DEPUTADO MANOEL RODRIGUES;DISTRITO DE AMANAIARA - CENTRO
CAMOCIM;32;281;OLINDA;EEF EDUARDO NORMANDIA DE ALBUQUERQUE - BAIRRO NOVA OLINDA;NOVA OLINDA II, 367
JUAZEIRO DO NORTE;28;449;SANTO ANTONIO;EEF PELUSIO CORREIA DE MACEDO;RUA MARIETA FRANCA DE MENEZES 360
MARANGUAPE;4;597;PARQUE IRACEMA - MARANGUAPE;EMEF FRANCISCA GOMES FERNANDES VIEIRA;AVENIDA STENIO GOMES 872
FORTALEZA;113;170;BOM FUTURO;ESC. PROFISSIONAL PE. JOÃO PIAMARTA;RUA PADRE JOÃO PIAMARTA, 161
ACARAÚ;30;8;CENTRO;ESCOLA TOMAZ POMPEU DE SOUSA BRASIL;RUA JOSE JULIO LOUZADA 550
MARANGUAPE;4;50;GUABIRABA - MARANGUAPE;CEI ISAURINHA DIÓGENES;RUA NAPOLEÃO LIMA, 780
SOBRAL;121;178;CENTRO;COLEGIO SANT'ANA;AVENIDA DOM JOSE, 1310
FORTALEZA;116;191;GRANJA LISBOA;EM PROF LIREDA FACO;RUA TRES CORACOES 735
GUAIÚBA;57;262;BAU;ESCOLA DE 1 GRAU MARIA DE LOURDES PEREIRA;RUA JOSE DE CASTRO PEREIRA, 903
SOBRAL;121;260;COHAB II;EEFI PAULO ARAGAO;RUA CAETANO FIGUEIREDO 100 COHAB II
IPU;21;45;SEDE;EEMTI AUTON ARAGAO;PCA SAO SEBASTIAO 1029 CENTRO
FORTALEZA;82;586;PIRAMBU;CENTRO DE EDUCAÇÃO INFANTIL (CEI) MARIA DALVA DOS SANTOS;RUA COSTA MATOS, S/N
SANTA QUITÉRIA;54;34;CENTRO;COLÉGIO PAULO FREIRE;RUA JOÃO RODRIGUES PINTO, 235
TRAIRI;97;94;MANGUINHOS;EEF VALDEMAR ARAUJO LIMA;MANGUINHOS
ICÓ;15;155;CENTRO - SEDE;CEJA - ANA VIEIRA PINHEIRO;RUA DONA ALDERY, 324
BEBERIBE;84;26;ITAPEIM;ESCOLA MUNICIPAL JOSE DE ALENCAR;ANDREZA
TIANGUÁ;81;155;ÁREA RURAL DE TIANGUÁ;E.E.F. JUVENAL GONÇALVES ARAGÃO - ANEXO MARIA ANIR;SÍTIO LAGOA DOS BITONHOS
PARACURU;109;37;CENTRO;E. M. E. F. ANTONIO SALES;RUA CAP JOSE TELES, S/N
RUSSAS;9;75;IPIRANGA;EEMTI PROFESSOR WALQUER CAVALCANTE MAIA;TRAV PEDRO ARAUJO 175
FORTALEZA;116;340;GRANJA LISBOA;EM ULISSES GUIMARAES;RUA TENENTE FRANCISCO PAIVA 1350
JUAZEIRO DO NORTE;119;266;AEROPORTO;COLÉGIO ESTRELA;AVENIDA DEPUTADO DUARTE JUNIOR, 457
MILHÃ;55;116;VILA BOM ACERTO;ESCOLA DE ENSINO BASICO JOSE ENEIAS PINHEIRO;RUA JOSÉ ENEIAS PINHEIRO
MARANGUAPE;4;2;CENTRO - MARANGUAPE;EMEF CAPISTRANO DE ABREU;RUA CEL ANTÔNIO BOTELHO, 366
MORADA NOVA;47;116;ROLDAO;EEB JOAQUIM CHAGAS FILHO;TRAV. LUIS VIEIRA, S/N
FORTALEZA;117;405;NOVO MONDUBIM;CUCA MONDUBIM;RUA PROFESSOR GLAUCO LOBO S/N
JAGUARIBE;10;6;DISTRITO DE MAPUÁ;E.E.I.E.F. MARIA ÁUREA MENEZES GOMES GONÇALVES;RUA PROJETADA, S/N - DISTRITO DE MAPUÁ
SABOEIRO;43;257;SAO FRANCISCO;E.E.M. LIDIA BEZERRA;RUA MARIA TEREZINHA SANTOS S/N
APUIARÉS;50;129;ZONA RURAL;EEF JOÃO HONÓRIO DE FREITAS;MASSAPÊ
PENTECOSTE;50;73;CENTRO;EEFM TABELIÃO JOSÉ RIBEIRO GUIMARÃES;AVENIDA TABELIÃO FRANCISCO ALVES, 161
MORRINHOS;44;19;CENTRO;EMEF CORONEL VIRGÍLIO TÁVORA;RUA JOAQUIM CORIOLANO ROCHA 401
ICÓ;15;119;CASCAVEL - SITIO;ESCOLA MUNICIPAL JOAQUIM MARTINS DO NASCIMENTO;SITIO CASCAVEL S/N
CAUCAIA;37;16;GRILO;EEIEF NAIR MAGALHÃES GUERRA;RUA JOAQUIM BENTO CAVALCANTE, 500
CAMOCIM;32;180;PRAIA;CRAS II - PROFESSOR IVAN PEREIRA DE CARVALHO - POLO;RUA 24 DE MAIO, 2911
FORTIM;8;283;CANTO DA BARRA;EEFTI. COMUNITÁRIA DA BARRA;RUA ANGELITA FELIPE BEZERRA, 47.
CARIDADE;111;88;ZONA RURAL;EEIF SANTA MARIA - LOCALIDADE IPUEIRAS DOS GOMES;LOCALIDADE DE IPUEIRAS DOS GOMES
CARIRÉ;65;7;CENTRO;ESCOLA DE ENSINO FUNDAMENTAL E MEDIO MARIETA CALS;RUA SEBASTIAO MIRANDA 380
SÃO GONÇALO DO AMARANTE;36;310;PECEM-DISTRITO;CEDI - GUIOMAR MENDES;RUA DATIVA FERREIRA SOARES, S/N - PECEM
PARAMBU;19;378;MONTE SION;ESCOLA MANOEL MATIAS DA SILVA;SERRA DOS RODRIGUES
BANABUIÚ;6;458;ALTO ALEGRE;EEMTI JACOB NOBRE DE OLIVEIRA BENEVIDES;RUA ANA ANILDA BATISTA SÁ, S/N, SEDE
BARROQUINHA;108;93;CENTRO;EEF CARMELITA VERAS DE PAULA;RUA AMBROZINA FÉLIX, 443
LAVRAS DA MANGABEIRA;14;33;ALEM RIO - SEDE;ESCOLA DE 1 GRAU VIRGILIO AGUIAR GURGEL;RUA JOSE LOBO 450
ARARENDÁ;48;162;DIAMANTE;ESCOLA MANOEL EVANGELISTA PONTES;LOCALIDADE DE DIAMANTE
FORTALEZA;94;823;VILA VELHA;COLEGIO SALOME BASTOS;RUA DESEMBARGADOR HERMES PARAHYBA 1120
QUIXERAMOBIM;11;5;MANITUBA;ESCOLA ALFREDO ALMEIDA MACHADO-VARZEA DE CIMA;VARZEA DE CIMA
ACARAÚ;30;444;CENTRO;ESCOLA TOMAZ POMPEU DE SOUSA BRASIL;RUA JOSE JULIO LOUZADA 550
FORTALEZA;95;218;PARQUE SANTA MARIA;EMEIEF BARBARA DE ALENCAR;RUA CAPITAO PORFIRIO, 544
GUARACIABA DO NORTE;74;13;SEDE;ESCOLA MUNICIPAL D PEDRO I;RUA 12 DE MAIO - CENTRO
GUARACIABA DO NORTE;74;159;ESTÁDIO;EEF. JOÃO MIGUEL DA FONSECA LOBO;RUA METON SILVANO
GUAIÚBA;57;59;ITACIMA;EEBM FRANCISCO PEREIRA DE ANDRADE;RUA LUIS PEREIRA DE ANDRADE, S/N
ICÓ;15;44;CENTRO - SEDE;ESCOLA MUNICIPAL PROFESSORA LOURDES COSTA;AV ILIDIO SAMPAIO,1571
FORTALEZA;117;473;PARQUE PRESIDENTE VARGAS;EM JOSE MARIA MOREIRA CAMPOS;RUA FRANCISCO ALMEIDA, 525 CJ. APOLO XI
ARATUBA;105;95;PAI JOAO-SITIO;ESCOLA MUNICIPAL LUIZ GERVASIO COLARES;PAI JOAO
CRUZ;30;98;ZONA RURAL;ESCOLA JOAO EVANGELISTA DA CRUZ;PARAGUAI
FORTALEZA;83;469;DEMOCRITO ROCHA;ESCOLA MUNICIPAL JOSÉ BONIFÁCIO DE SOUSA;RUA PERNAMBUCO 600
PENTECOSTE;50;146;ZONA RURAL;EEIF RAIMUNDO NONATO PESSOA;VILA NOVA MARACAJÁ
CANINDÉ;33;55;ZONA RURAL;EMEF DR ELPIDIO;DISTRITO DE BONITO
SÃO BENEDITO;22;87;SITIO SAO MIGUEL;EEF SAO MIGUEL;SITIO SAO MIGUEL
FORTALEZA;112;402;SAPIRANGA-COITÉ;EEMTI PROFESSORA TECLA FERREIRA;RUA FRANCISCA BEZERRA, 417
SANTA QUITÉRIA;54;168;ASSENTAMENTO SACO DO BELÉM;ESCOLA MUNICIPAL CORONEL ARTUR THEMÓTEO;ASSENTAMENTO SACO DO BELÉM
JAGUARIBE;10;66;DISTRITO DE MAPUÁ;E.E.F. RAIMUNDO LIMA GOMES;RUA FRANCISCO ALVES MORAIS 794
FORTALEZA;80;432;AEROLÂNDIA;EEFM PROFª  MARIA CONCEICÃO PORFÍRIO TELES;RUA MONTE CRISTO, 177
SANTA QUITÉRIA;54;172;PEREIROS;E. E. F. DEPUTADO CHICO FIGUEREDO;RUA EDSON LOBO DE MESQUITA
BOA VIAGEM;63;77;VARZANTINHA;EEF JOSE RICARTE ALBUQUERQUE;VARZANTINHA
FORTALEZA;116;32;GRANJA LISBOA;EM SERVULO MENDES BARROSO;RUA JOSE MARTINS 2239
BOA VIAGEM;63;229;FATIMA;EEF BENJAMIM ALVES DA SILVA;R. SEBASTIÃO ALVES DA SILVA, 68
BOA VIAGEM;63;242;FATIMA;EEF BENJAMIM ALVES DA SILVA;R. SEBASTIÃO ALVES DA SILVA, 68
INDEPENDÊNCIA;39;151;CENTRO;E.E.F. ABIGAIL ANTUNES MARQUES;RUA DO CRUZEIRO, 208
IBIAPINA;73;2;PRAÇA DO ESTÁDIO;CRECHE MUNICIPAL PRÓ-INFÂNCIA GUILHERME ARAGÃO QUEIROZ;RUA LUÍS BASÍLIO DE LIMA, S/N
IBIAPINA;73;49;CENTRO;CENTRO PASTORAL ZULMIRA MELO (ANTIGO COLÉGIO DO PADRE);RUA MONSENHOR MELO, 439
COREAÚ;64;9;Centro;COREAÚ - ESCOLA ESTADUAL VILEBALDO AGUIAR;RUA CORONEL ANTÔNIO TELES, 33 - CENTRO
CAUCAIA;120;360;CIGANA;E.E.I.E.F DALVA PONTES DA ROCHA;RUA QUINTINO JOSE CORREIA, 465
MARACANAÚ;104;375;PAJUÇARA;EMEF MARIA PEREIRA DA SILVA;RUA JUSTINO DE SOUSA, 842
TIANGUÁ;81;124;ÁREA RURAL DE TIANGUÁ;E.E.F. BENTO PEREIRA;SÍTIO BELA VISTA
CRUZ;30;385;CENTRO;ESCOLA CONSTÂNCIA DE SOUSA MUNIZ;CENTRO
QUIXERAMOBIM;11;226;CENTRO;LICEU ALFREDO ALMEIDA MACHADO;AV. DR. JOAQUIM FERNANDES, 95 - CENTRO
MILAGRES;26;121;SITIO EXU;POSTO DE SAUDE EXU;SITIO EXU
FORTALEZA;83;66;DEMOCRITO ROCHA;EEFM JOAQUIM ALVES;RUA ESTADO DO RIO 955
QUIXADÁ;6;249;TRIÂNGULO;UNIPLAN;AVENIDA PLÁCIDO CASTELO, 2586
JUAZEIRO DO NORTE;28;205;CENTRO;COLÉGIO BATISTA DO CARIRI;RUA SAO PAULO 797
FORTALEZA;3;409;ALDEOTA;EEMTI RENATO BRAGA;AV. RUI BARBOSA, 2000
FORTALEZA;3;566;MEIRELES;WIZARD - AV. SANTOS DUMONT;AV. SANTOS DUMONT, 2110 (ESQ. COM RUA SILVA PAULET)
FORTALEZA;93;191;PLANALTO AYRTON SENNA;EM MARIA ZELIA CORREIA DE SOUSA;RUA ANTONIO PEREIRA,1495
RERIUTABA;79;78;OITIZEIRO;E.E.I.F. MARCELO DA CUNHA ARAÚJO;OITIZEIRO - ZONA RURAL
CAMOCIM;32;272;SAO FRANCISCO;LICEU DE CAMOCIM DEP MURILO ROCHA AGUIAR;RUA ANTONIO ZEFERINO VERAS
RUSSAS;9;56;CENTRO;COLEGIO ESTADUAL GOVERNADOR FLAVIO MARCILIO;AV DOM LINO 725
JATI;70;360;CENTRO-SEDE;CAMARA MUNICIPAL;RUA MANOEL SILVA 74
TABULEIRO DO NORTE;91;64;PEIXE GORDO;EEB MARIA SANTA FREIRE - PEIXE GORDO;SITIO PEIXE GORDO
QUIXERAMOBIM;11;132;DUQUE DE CAXIAS;ESCOLA LUISA TAVORA;RUA PROF JOSE REMIGIO SN
LAVRAS DA MANGABEIRA;14;98;CENTRO - SEDE;EEMTI ALDA FERRER AUGUSTO DUTRA;RUA CORONEL JOAO AUGUSTO 454
MOMBAÇA;46;73;CENTRO;E. E. F. M. DIVINO SALVADOR;RUA FRANCISCO JOSE DE OLIVEIRA SN                 SEDE
SOBRAL;24;410;JORDÃO;EEFI JACIRA MENDES OLIVEIRA;LOCALIDADE SAO FRANCISCO
MARACANAÚ;122;37;NOVO ORIENTE;EMEF MAESTRO ELEAZAR DE CARVALHO;AV. CENTRAL S/N
FORTALEZA;83;249;PANAMERICANO;EEFM ANISIO TEIXEIRA;RUA RIO GRANDE DO SUL 680
JIJOCA DE JERICOACOARA;30;408;ZONA RURAL;UNIDADE BASICA DE SAÚDE - CHAPADINHA;CHAPADINHA
FORTALEZA;83;288;MONTESE;COLÉGIO ELITE;AVENIDA JOÃO PESSOA, 6302
SOLONÓPOLE;55;82;BOQUEIRAO;EEIEF SUELY NOGUEIRA PINHEIRO;BOQUEIRAO
FORTALEZA;112;496;CIDADE DOS FUNCIONÁRIOS;COLEGIO MASTER SUL;RUA BENJAMIM MOURA, 631
MOMBAÇA;46;12;CENTRO;BIBLIOTECA PÚBLICA AUGUSTO TAVARES;RUA JOSE FRUTUOSO DE SA BENEVIDES
CANINDÉ;33;20;SANTA CLARA;CENTRO SOCIAL URBANO;RUA SITONIO MONTEIRO 999
FORTALEZA;82;703;ÁLVARO WEYNE;COLÉGIO MENINO JESUS DE PRAGA;RUA ANA FACÓ, 140
CAMPOS SALES;38;71;B. CENTRO;COLÉGIO ADNILSON BATISTA DOS SANTOS - SEDE;RUA JOÃO SEVERO CORTEZ, 1028
FORTALEZA;2;86;MESSEJANA;EEFM JOSE DE ALENCAR;RUA VENEZA, 84
QUIXERAMOBIM;11;287;CONJUNTO ESPERANCA;ESCOLA DONA MUNDOCA;RUA ANTONIO PEDRO SANTIAGO
FORTALEZA;83;25;BELA VISTA;ESCOLA MUNICIPAL NILSON HOLANDA;RUA VIRIATO RIBEIRO 1355
ITAPIÚNA;105;115;CENTRO;SECRETARIA MUNICIPAL DE EDUCACAO;RUA JOAQUIM BEZERRA S/N
MULUNGU;5;157;CENTRO-SEDE;EMEF HERMENEGILDO ROCHA PONTES;RUA SANTA INES S/N
MISSÃO VELHA;16;27;DISTRITO DE JAMACARU;EEFM PADRE AMORIM;RUA FELIX ITALIANO SN
FORTALEZA;116;214;GRANJA LISBOA;PROJETO ABC BOM JARDIM;RUA TRES CORACOES 762
FORTALEZA;95;161;CONJUNTO PALMEIRAS;EM MARIETA CALS;RUA VALPARAISO, 160
GRANJA;25;24;CENTRO;PATRONATO MONSENHOR VITORINO DE OLIVEIRA;RUA CONRADO PORTO, 350
FORTALEZA;85;366;DOM LUSTOSA;EEFM AYRTON SENNA DA SILVA;RUA MANAUS, 855
NOVO ORIENTE;99;158;VILA FELIZ;ESCOLA ESTADUAL DE EDUCAÇÃO PROFISSIONAL MARIA EUDES BEZERRA VERAS;RUA ULISSES GUIMARÃES, S/N
MARANGUAPE;4;68;SERRA DO LAGEDO - ANTÔNIO MARQUES;EMEIEF IMACULADA CONCEIÇÃO;VILA ANTÔNIO MARQUES, 16
FORTALEZA;82;398;CRISTO REDENTOR;ESCOLA MUNICIPAL SEBASTIANA ALDIGUERI;AV. DOUTOR THEBERGE, 448
TRAIRI;97;159;FLEIXEIRAS;EEF FURTUNATO SEVERIANO DA COSTA;FLEIXEIRAS
CAUCAIA;123;495;PARQUE ALBANO (JUREMA);E.E.I.E.F. DOM ANTÔNIO DE ALMEIDA LUSTOSA;RUA PERY, 951
ITAPIPOCA;17;571;CRUXATI;EEB TEOFILO PIRES CHAVES;BASTIÕES
FORTALEZA;1;679;VICENTE PINZON;ESCOLA ESTADUAL MURILO BORGES;RUA DO ENTARDECER 90
IPU;21;164;ZONA RURAL;EMEB SENHOR DO BONFIM;OLHO D'ÁGUA VELHO
MARCO;96;141;LOCALIDADE DE MOCAMBO;EEMTI FRANCISCO PORCIANO FERREIRA;MOCAMBO
MILAGRES;26;143;FRANCISCA DO SOCORRO;EMTI PREFEITA MEIRE FRANCISCA LACERDA DE MEDEIROS;RUA PEDRO PEREIRA LIMA
ACARAÚ;30;58;JURITIANHA;ESCOLA HERMINIA FRANKLINA DA SILVEIRA;RUA QUINTAS DOS ALBUQUERQUES S/N - JURITIANHA
NOVA RUSSAS;48;197;PANTANAL;GRUPO ESCOLAR OLMIR MENDES GUEDES;RUA 10, S/N
CANINDÉ;33;69;ZONA RURAL;EMEF JOSE BERNARDO UCHOA;VAZANTE DO CURU
CANINDÉ;33;90;CENTRO;CENTRO DE SAÚDE CHICO CAMPOS;RUA ANTONIO MARTINS 239
MARANGUAPE;4;136;SAPUPARA;EMEF JÕAO CIRINO NOGUEIRA;RUA JOAO CIRINO, S/N
PARAMBU;19;308;CENTRO;ESCOLA FRANCISCO ALVES TEIXEIRA;RUA PEDRO ALVES DA COSTA, 38 - CENTRO
MARACANAÚ;104;384;JARDIM BANDEIRANTES;EMEF EVANDRO AYRES DE MOURA;RUA SÃO SEBASTIÃO, 341
LIMOEIRO DO NORTE;29;109;ÁREA RURAL;ASSOCIAÇÃO COMUNITARIA DE DANÇAS - A.C.D.;SITIO DANCAS
FORTALEZA;115;421;PARANGABA;CEJA - PROFº MOREIRA CAMPOS;RUA JULIO BRAGA, 101 B
ARACOIABA;67;109;BOLANDEIRA-SEDE;ESCOLA MUNICIPAL OSVINO DE FREITAS PEREIRA;CE 060
ITAITINGA;78;279;ANCURI;EEF FRANCISCA DE MORAIS FERRER;RUA PARQUE DAS FLORES, 500
FORTALEZA;93;230;PREFEITO JOSÉ WALTER;EM DIOGO VITAL DE SIQUEIRA;AVENIDA L , S/N
JAGUARETAMA;72;39;SITIO SERROTE BRANCO;E.M.E.F JOSE TEIXEIRA NERES;SITIO SERROTE BRANCO
ITAREMA;98;209;ZONA RURAL;EEF LUIZ GOMES DE SOUSA;COMONDONGO
PACATUBA;57;171;SAO JOSE;EEM CASSIMIRO LEITE DE OLIVEIRA;RUA SERGIO PROTASIO DA SILVA, 44
JUAZEIRO DO NORTE;119;434;LAGOA SECA;UNILEÃO - UNIVERSIDADE DR LEAO SAMPAIO - CAMPI LAGOA SECA;AV. MARIA LETICIA LEITE PEREIRA, S/N
CAUCAIA;123;412;SÃO MIGUEL (JUREMA);E.E.F.M. ROTARY CLUB;RUA SÃO LUCAS, S/N - CONJUNTO SÃO MIGUEL I
CRATEÚS;20;61;SANTO ANTÔNIO;UNIDADE BÁSICA DE SAÚDE DO VALENTE;VALENTE
GRANJEIRO;62;158;CENTRO;EEF DR MAURO SAMPAIO;RUA DO CRUZEIRO SN
GUAIÚBA;57;62;ITACIMA;EEBM FRANCISCO PEREIRA DE ANDRADE;RUA LUIS PEREIRA DE ANDRADE, S/N
FORTALEZA;1;891;MANUEL DIAS BRANCO;COLÉGIO CÍVICO MILITAR BATALHA DO RIACHUELO;R. E, 100 - MANUEL DIAS BRANCO
COREAÚ;64;138;Vila Brasil;COREAÚ - CEI MA. SOCORRO ARAÚJO GOMES;VILA BRASIL - COREAÚ
HORIZONTE;78;134;ANINGÁS;EMEF FRANCISCA MONTEIRO DE OLIVEIRA;RUA RAIMUNDO PEREIRA LIMA, 674 
AURORA;69;59;ANGICOS DE CIMA-SITIO;E.E.I.F. TARCÍSIO GONÇALVES DE OLIVEIRA;CE 288 SITIO ANGICOS DE CIMA  S/N
CAMPOS SALES;38;106;ZONA RURAL;E.E.I.F ANTONIO RIBEIRO DE CARVALHO - SITIO CALDEIRÃO - CAMPOS SALES;SÍTIO CALDEIRÃO
ITAPIPOCA;17;597;BALEIA;EEB JOSÉ MARIA DA SILVEIRA;PRAIA DA BALEIA
FORTALEZA;1;875;ALDEOTA;COLEGIO ARI DE SA - MONSENHOR CATAO;RUA MONSENHOR CATAO, 1655
CAUCAIA;123;463;ARATURI (JUREMA);E.E.I.E.F. MONSENHOR ANDRÉ VIANA CAMURÇA;RUA NW-5, 40
QUIXERÉ;29;242;LAGOINHA;EEIF ZACARIAS FERREIRA DE SOUSA;RUA JOAO ZACARIAS DE BRITO SN
SOBRAL;24;100;JUNCO;EEFI NETINHA CASTELO;AV. JOHN SANFORD S/N
SOBRAL;24;504;SÃO JOSÉ DO TORTO;ANEXO FLORISMINO GOMES PARENTE (BEIRA DO RIO);BEIRA DO RIO
IGUATU;13;270;PLANALTO;ESCOLA DE ENS MEDIO AMELIA FIGUEIREDO DE LAVOR;RUA 13 DE MAIO SN
LIMOEIRO DO NORTE;29;13;CENTRO;ESCOLA NORMAL DE LIMOEIRO;AV DOM AURELIANO MATOS 1759
FORTALEZA;115;285;PARANGABA;FACULDADE UNINASSAU - PARANGABA;RUA GERMANO FRANCK, 567
CASCAVEL;7;185;CAPONGA;ESC.ENS.FUND. JOÃO BERNARDO FILHO;CAMURIM
AURORA;69;3;ARACA-SEDE;E.E.I.F. ROMAO SABIA;RUA PROJETADA  S/N
CRATO;27;344;VILA ALTA;EEFM JOSÉ ALVES DE FIGUEIREDO;RUA GETÚLIO VARGAS, 214
FORTALEZA;1;352;MUCURIPE;ESCOLA MUNICIPAL JOSE RAMOS TORRES DE MELO;AVENIDA DA ABOLIÇÃO 3984
CANINDÉ;33;461;CAN;EMEF MELVIN JONES;RUA PROFESSOR RAIMUNDO MARTINS 1405
ITAPAJÉ;41;112;IRATINGA;E.E.M. ANTONIO CUSTÓDIO DE MESQUITA;RUA ANTONIO CUSTODIO DE MESQUITA 76
FORTALEZA;117;430;BOM JARDIM;ESCOLA MUNICIPAL CATARINA LIMA DA SILVA;RUA PEDRO MARTINS, 313
HORIZONTE;78;136;DIADEMA;EMEF PROF MARIA LUIZA BARBOSA CHAVES;RUA BATURITE SN - PARQUE DIADEMA
MARACANAÚ;122;266;ALTO ALEGRE I;EMEIEF CESAR CALS DE OLIVEIRA FILHO;RUA LITUANIA S/N
UMIRIM;23;250;BANANA;E.E.M. MARIA IRACEMA UCHOA SALES (LICEU);RUA RUFINO DE SOUSA, S/N
MULUNGU;5;125;CENTRO-SEDE;EMEF HERMENEGILDO ROCHA PONTES;RUA SANTA INES S/N
CRATO;27;62;PIMENTA;EEMTI WÍLSON GONÇALVES;PRAÇA DR. JOAQUIM FERNANDES TELES, SN.
CRATEÚS;20;47;SÃO JOSÉ;ESCOLA DE CIDADANIA AMADEU CATUNDA;RUA ALMIRANTE TAMANDARE 1873
CAUCAIA;123;384;ARATURI (JUREMA);E.E.I.E.F. RITA DE CÁSSIA BRASILEIRO PONTES;AV. CENTRAL, 1112
FORTALEZA;80;257;TAUAPE;SALÃO PAROQUIAL SÃO JOAO DO TAUAPE;RUA MONSENHOR SALAZAR, 279
FORTALEZA;95;190;CAJAZEIRAS;DNIT;RODOVIA BR-116, KM 06
INDEPENDÊNCIA;39;214;COHAB;CAPS - CENTRO DE ATENÇÃO PSICOSSOCIAL;RUA BOA VISTA SN COHAB
ITAITINGA;78;325;JABUTI;EEF FRANCISCO SALES FILHO;RUA MARIO SALES, 460
MARACANAÚ;122;126;SIQUEIRA (siqueira 2);EMEF FRANCISCO TABOZA FILHO;AV. JUSCELINO KUBITSCHEK 1941
SOLONÓPOLE;55;10;CENTRO;E.E.I.E.F. BOM JESUS;AV PREF. JOSE SIFREDO PINHEIRO S/N
CARNAUBAL;22;8;CENTRO;CENTRO DE SAUDE HORACIO FONTENELE SAMPAIO;R ANTONIO PINTO DE MELO 140
RUSSAS;9;181;PARAISO;ASSOCIAÇÃO COMUNITÁRIA RAFAEL IVO XAVIER;SITIO PARAISO
MARACANAÚ;122;139;OLHO D' AGUA;EMEF JOSE MARIO BARBOSA;RUA GABRIEL FERREIRA DE SOUSA, 850
JUAZEIRO DO NORTE;119;53;PREFEITO CARLOS ALBERTO DA CRUZ;ESCOLA ZILA BELEM;FRANCISCO VICENTE SILVA CAVALCANTE SN
CRATO;27;358;PARQUE RECREIO;EEF ALDEGUNDES GOMES DE MATTOS;RUA JOÃO PEREIRA LUNA, 803
MARANGUAPE;4;579;NOVO MARANGUAPE I (ÁREA VERDE) - MARANGUAPE;EEFM CAIC SENADOR CARLOS JEREISSATI;RUA ANTONIO TEIXEIRA, S/N
MAURITI;76;84;OLHO D'ÁGUA-DISTRITO;EEF JOSÉ JOAQUIM DE SOUSA;RUA DOMINGOS ALVES DE ANDRADE
FORTALEZA;3;581;MEIRELES;ESCOLA DE SAÚDE PÚBLICA DO CEARÁ;AV. ANTÔNIO JUSTA, 3161
COREAÚ;64;98;Mota;MOTA - ESCOLA MUN. RDO. BARROSO TABOSA;LOCALIDADE MOTA
FORTALEZA;117;215;CONJUNTO ESPERANÇA;EEFM PROFA ADALGISA BONFIM SOARES;AV. DO CANAL, S/N, ESQUINA COM RUA 103 - CONJUNTO ESPERANÇA
CAMPOS SALES;38;65;B. BARRAGEM;E.E.F.T.I - TAB. VICENTE ALEXANDRINO DE ALENCAR - SEDE;RUA RAIMUNDO INÁCIO DE FIGUEIREDO,S/N
AMONTADA;89;200;POÇO COMPRIDO;EEB MIRTES CARDOSO DE PAIVA SILVA;CÓRREGO DA AROEIRA
FORTALEZA;117;483;CANINDEZINHO;CENTRO SOCIOEDUCATIVO DO CANINDEZINHO - CSC;RUA JOSÉ MURÍCIO, S/N
CARIRIAÇU;71;121;FEITOSA;POSTO DE SAÚDE GENERINO TRAJANO FEITOSA;SITIO TATAÍRAS
CAUCAIA;37;609;ICARAI;EEIEF CELINA SÁ MORAIS;AVENIDA OTAVIADO COSTA, SN
ASSARÉ;18;142;SERRA DE SANTANA;ESCOLA DE ENSINO MÉDIO PATATIVA DO ASSARÉ;SÍTIO BONITA
MARANGUAPE;4;555;RATO DE CIMA - MANOEL GUEDES;EMEIEF JOSÉ MAMEDE DA NÓBREGA;RATO DE CIMA S/N
CARIÚS;43;159;VILA NOVA-SEDE;EEIF MARIA ALCIDES;RUA JUCIER CHAVES S/N
CARIDADE;111;91;ZONA RURAL;EEIF JOÃO ADRIANO (CARMOZINA BITTENCOURT DE PINHO - ANEXO);LOCALIDADE DE VILA NOVA
QUIXERAMOBIM;11;218;MARAVILHA;ESCOLA ALVARO DE ARAUJO CARNEIRO;ALTO DA MARAVILHA
ICÓ;15;119;CASCAVEL - SITIO;ESCOLA MUNICIPAL JOAQUIM MARTINS DO NASCIMENTO;SITIO CASCAVEL S/N
FORTALEZA;83;59;BELA VISTA;EEMTI SENADOR FERNANDES TÁVORA;RUA GOIÁS 141
GROAÍRAS;65;131;ZONA RURAL;UBS - JOSÉ CORNELIO XIMENES MATOS;CORREGO DOS MATOS
TAMBORIL;61;84;CENTRO;EMTI 4 DE OUTUBRO;RUA VICENTE ALVES DO VALE SN
MAURITI;76;137;BELA VISTA;E.E. PROFISSIONALIZANTE PE. JOÃO BOSCO DE LIMA;RUA 03, S/N
LIMOEIRO DO NORTE;29;134;CENTRO;CENTRO EDUCACIONAL SAO VICENTE DE PAULO - PATRONATO;RUA SABINO ROBERTO 398
ACARAÚ;30;71;ZONA RURAL;ESCOLA MANOEL ALBINO FURTADO;TUCUNZEIROS
ACARAÚ;30;37;ARANAÚ;ESCOLA MARIA CONCEICAO DE ARAUJO;RUA DR ALOISIO SN - ARANAU
CARNAUBAL;22;12;SAO VICENTE;EEF AQUILES PERES MOTA;AV SAO VICENTE
TURURU;17;636;ALTO DA PAZ;EMEF CECILIA SIQUEIRA;AV JOAO PATRICIO 583
COREAÚ;64;32;Araquém;ARAQUÉM - ESCOLA MUN. STO. ANTÔNIO;AV. SÃO SAMUEL FÉLIX DA CUNHA, 128 - DISTRITO DE ARAQUÉM, COREAÚ/CE
SÃO LUÍS DO CURU;23;328;ESCOSSIO-POVOADO;E.E.F. ALONSO HERCULANO;ESCOSSIO - POVOADO
FORTALEZA;112;521;ENGENHEIRO LUCIANO CAVALCANTE;ESCOLA ESTADUAL DE EDUCAÇÃO PROFISSIONAL JAIME ALENCAR DE OLIVEIRA;AV ROGACIANO LEITE, 2285
BEBERIBE;84;155;MORRO BRANCO;ESCOLA MUNICIPAL JOSE BESSA;MORRO BRANCO
QUIXERAMOBIM;11;148;DISTRITO INDUSTRIAL;ESCOLA MANOEL MARTINS DE ALMEIDA;AV GERALDO BIZARRIA DE CARVALHO SN
CHAVAL;108;39;CENTRO;CENTRO INFANTIL CRIANÇA FELIZ;RUA MAJOR FIEL N 300
SÃO LUÍS DO CURU;23;292;SWAT-SEDE;E.E.F. SABINO NUNES DA SILVA;RUA ROCHAEL MOREIRA, SN
MONSENHOR TABOSA;61;115;LAGOA DOS SANTOS;EMEIF MARIA ZELI ALVES DE MELO;POVOADO DE LAGOA DOS SANTOS
IBIAPINA;73;76;SÍTIO PATURI;ESCOLA HONÓRIO SILVÉRIO DE SOUSA;SÍTIO PATURI
IPUEIRAS;40;57;CENTRO;COLEGIO ESTADUAL OTACÍLIO MOTA - CENTRO;RUA CORONEL MANOEL MOURÃO, 389
MARANGUAPE;4;366;OUTRA BANDA - MARANGUAPE;CEI DEPUTADO JOSÉ MÁRIO MOTA BARBOSA;RUA DA PRAÇA, S/N
BATURITÉ;5;117;CORRENTES-SITIO;EMEF ANTONIO VICENTE FILHO;SITIO CORRENTES
ITAPAJÉ;41;288;BOMBAS;ESCOLA COMUNITARIA SÃO JOSÉ;FAZENDA BOMBAS
ASSARÉ;18;152;PEDRA DE FOGO;ESCOLA ESTADUAL DE EDUCAÇÃO PROFISSIONAL;RUA JOSÉ RIBEIRO DE OLIVEIRA S/N
ALTO SANTO;86;47;CASTANHAO;ESCOLA DE 1 GRAU LIRA MAIA HOLANDA;RUA AGAPITO FERREIRA MAIA 1
FORTALEZA;85;198;CONJUNTO CEARÁ I;ESCOLA JOÃO PAULO II;AV C N. 1381 2 ETAPA
FORTALEZA;112;76;ENGENHEIRO LUCIANO CAVALCANTE;ESCOLA ESTADUAL DE EDUCAÇÃO PROFISSIONAL JAIME ALENCAR DE OLIVEIRA;AV ROGACIANO LEITE, 2285
QUIXERAMOBIM;11;87;MONTEIRO DE MORAIS;ESCOLA HUMBERTO BEZERRA;RODOVIA DO ALGODAO, SN
BELA CRUZ;96;90;LAGOA SECA;EMEF JOSE LOPES DA SILVEIRA;LAGOA SECA
TRAIRI;97;6;CENTRO;COLEGIO CENTRO EDUCACIONAL PIO RODRIGUES;RUA MANOEL TEIXEIRA S/N
ACARAPE;52;103;SÃO BENEDITO;ESCOLA FRANCISCO ROCHA RAMOS;RUA FROTA GONCALVES, SN
MORADA NOVA;47;45;CENTRO;CEBCJEC -CENTRO DE EDUCAÇÃO BÁSICA CORONEL JOSÉ EPIFÂNIO DAS CHAGAS;AV MANOEL CASTRO, 600
FORTALEZA;95;355;JANGURUSSU;CUCA JANGURUSSU;AV. GOVERNADOR LEONEL BRIZOLA, S/N
BARBALHA;31;104;VILA SANTO ANTONIO;ETI JOSEFA ALVES DE SOUSA;RUA ZUCA SAMPAIO, S/N (EM FRENTE AO HOSPITAL DO CORAÇÃO)
REDENÇÃO;52;140;DISTRITO DE ANTÔNIO DIOGO;ESCOLA VICENTE RODRIGUES;LAGOA DANTAS
ITAPIÚNA;105;109;ZONA URBANA;EEF RECANTO DA CRIANCA;ALTO DAS UMBURANAS
ITAPAJÉ;41;94;AGUAI;ESCOLA MUNICIPAL BENTO SOARES GUIMARAES;AGUAI
IPAUMIRIM;92;126;FELIZARDO-DISTRITO;E.E.F.T.I. VICENTE FELIZARDO VIEIRA;RUA ARGEMIRO FELIZARDO VIEIRA, S/N
INDEPENDÊNCIA;39;157;SAO JOSE IAPI;E.E.F. FRANCISCO JOSE LACERDA NETO;POVOADO SAO JOSE IAPI
FORTALEZA;83;97;HENRIQUE JORGE;EEM  MARIANO MARTINS;AVENIDA SENADOR FERNANDES TÁVORA 1445
ACARAÚ;30;265;CENTRO;ESCOLA TOMAZ POMPEU DE SOUSA BRASIL;RUA JOSE JULIO LOUZADA 550
ITAPAJÉ;41;291;ESMERINO GOMES;ESCOLA MUNICIPAL PREF ROQUE SILVA MOTA;RUA OTAVIO PINTO DE MESQUITA
NOVO ORIENTE;99;31;CENTRO;EEM COELHO MASCARENHAS;RUA SAO JOSE S/N
MASSAPÊ;45;36;ZONA RURAL;GM FRANCISCO ALMEIDA MONTE;POVOADO DE TUINA
FORTALEZA;112;19;JARDIM DAS OLIVEIRAS;EM MARIA DE LOURDES RIBEIRO JEREISSATI;RUA REINO UNIDO, 115
PACAJUS;49;191;ALDEIA;EEF PROFA HERMÍNIA MENDONCA DE QUEIROZ;RUA NAIDE COSTA MENEZES, SN
MARACANAÚ;104;260;TIMBÓ;EEMTI ADAHIL BARRETO CAVALCANTE;AVENIDA VEREADOR EDMILSON MARQUES, S/N
MARACANAÚ;104;233;JARDIM BANDEIRANTES;EMEF EVANDRO AYRES DE MOURA;RUA SÃO SEBASTIÃO, 341
MARACANAÚ;122;27;CÁGADO;EMEIEF JOAO MAGALHAES DE OLIVEIRA;RODOVIA RAIMUNDO PESSOA DE ARAUJO 700
FORQUILHA;121;222;CAJAZEIRAS;EEFI VICENTE REIS CAVALCANTE;POVOADO DE CAJAZEIRAS
FORTALEZA;83;739;PICI;ESCOLA MUNICIPAL PROFESSORA MARIA LIDUÍNA CORREA LEITE;RUA FERNÃO MAGALHÃES, 120
FORTALEZA;83;776;JOÃO XXIII;CENTRO DE FORMAÇÃO E DESENV. PARA PROFISSIONAIS DA EDUCAÇÃO - FORMACE;RUA PORTO VELHO, 401
FORTALEZA;85;359;DOM LUSTOSA;EEFM AYRTON SENNA DA SILVA;RUA MANAUS, 855
QUIXADÁ;6;231;CENTRO;EEMTI CORONEL VÍRGILIO TÁVORA;RUA EPITÁCIO PESSOA, 1498
MILAGRES;26;143;FRANCISCA DO SOCORRO;EMTI PREFEITA MEIRE FRANCISCA LACERDA DE MEDEIROS;RUA PEDRO PEREIRA LIMA
JUAZEIRO DO NORTE;28;165;CENTRO;EEIF PADRE CICERO;MONSENHOR JOVINIANO BARRETO 116
ICÓ;15;173;NOVO CENTRO - SEDE;EEMTI - PADRE JOSÉ ALVES DE MACÊDO;AV. FRANCISCO CAETANO DANTAS, S/N
SOBRAL;121;106;CENTRO;COLEGIO FARIAS BRITO SOBRALENSE;PRACA QUIRINO RODRIGUES S/N
SENADOR POMPEU;12;41;CENTRO;EEF GERALDO GONÇALVES DO NASCIMENTO JUNIOR;RUA PADRE LINO ADERALDO S/N
PARAMOTI;111;163;CENTRO;EMEF MANUEL DE ARRUDA;SANTA ROSA
MASSAPÊ;45;16;ALTO DA CADEIA;EM MARIA LAURA SOARES FROTA;RUA CORIOLANO GOMES FROTA SN
CHOROZINHO;49;55;CAMPESTRE;EEF MARIA JOANA DE CARVALHO;LOCALIDADE CAMPESTRE II
SOBRAL;121;115;CENTRO;CENTRO DE INOVAÇÃO CADEIA CRIATIVA DE SOBRAL;RUA DESEMBARGADOR MOREIRA 1030
PEDRA BRANCA;59;10;SEDE;EEIF MANOEL LUIZ DE CARVALHO;SITIO SANTO AMARO
ARARENDÁ;48;120;ASSENTAMENTO VITÓRIA;ASSOCIAÇÃO DOS MORADORES DE ASSENTAMENTO VITÓRIA;ASSENTAMENTO VITÓRIA
PARACURU;109;27;JARDIM DO MEIO;E. M. E. I. F. MARIA YOLANDA BARROSO;JARDIM DO MEIO
MULUNGU;5;144;CENTRO-SEDE;CAMARA MUNICIPAL DE MULUNGU;PRACA COLETOR BEZERRA BORGES
SOBRAL;121;164;CENTRO;ESCOLA OSMAR DE SA PONTE;RUA PINTOR LEMOS, S/N
PALHANO;9;17;SAO JOSE;ESCOLA DE ENSINO FUNDAMENTAL RAIMUNDO NOGUEIRA BARROS;SÃO JOSÉ
PALHANO;9;166;FEIJAO MANSO;ESCOLA DE ENSINO FUNDAMENTAL LUCIANO BARROS CARNEIRO;FEIJAO MANSO
FORTALEZA;94;815;VILA VELHA;COLÉGIO CÍCERO NOGUEIRA (CCN);RUA PARAMBU, 668
FORTALEZA;94;935;QUINTINO CUNHA;EMEIEF PROF DENIZARD MACEDO DE ALCÂNTARA;RUA MATOSO FILHO 450
IPUEIRAS;40;63;CENTRO;CENTRO MULTIFUNCIONAL FRANCISCO CAZUZA SAMPAIO - CENTRO;RUA CORONEL JOSÉ BENTO, S/N
FORTALEZA;112;291;CIDADE DOS FUNCIONÁRIOS;COLÉGIO DÁULIA BRINGEL;RUA TRAJANO ALVES DE AGUIAR, 55
PACAJUS;49;396;CENTRO;EEFM NUNES MORAES (SEDE 2);RUA DOS EXPEDICIONÁRIOS, 495 - CENTRO
PACAJUS;49;140;PASCOAL;EEF JOSE ELTON DE LIMA;PASCOAL
SÃO BENEDITO;22;95;SITIO XIQUE XIQUE;EEF XIQUE XIQUE;SITIO XIQUE XIQUE
MASSAPÊ;45;14;CENTRO;EEFM WILEBALDO AGUIAR;RUA CEL MANOEL DIAS 250
FORTALEZA;112;464;EDSON QUEIROZ;UNIVERSIDADE DE FORTALEZA - UNIFOR;AVENIDA WASHINGTON SOARES, 1321
FORTALEZA;112;543;ENGENHEIRO LUCIANO CAVALCANTE;CENTRO UNIVERSITÁRIO 7 DE SETEMBRO - UNI 7 (FA7);AV. ALMIRANTE MAXIMINIANO DA FONSECA, 1395
QUIXADÁ;6;22;CUSTÓDIO;EEF JOAO ARAÚJO TORRES;JUNCO, S/N
MARANGUAPE;4;119;CENTRO - MARANGUAPE;CVT MARANGUAPE;RUA WALTER LOPES, 149
GRANJA;25;12;CENTRO;E.E.F.T.I. JOSÉ GLAUBERTON ALVES SÁ;AV. PERIMETRAL S/N
FORTALEZA;82;611;MONTE CASTELO;COLÉGIO MATER AMABILIS;RUA PADRE ANCHIETA, 438
FORTALEZA;82;693;CRISTO REDENTOR;EM SANTA TEREZA;AV. MONSENHOR HÉLIO CAMPOS, 90
RUSSAS;9;57;CENTRO;COLEGIO ESTADUAL GOVERNADOR FLAVIO MARCILIO;AV DOM LINO 725
MAURITI;76;151;BELA VISTA;CRECHE MUNDO ENCANTADO;AV. DR. FERNANDO TELES CARTAXO, S/N
ICAPUÍ;8;141;MELANCIAS DE BAIXO;ESCOLA DE 1 GRAU PROFA MARIA EDILCE BARBOSA;MELANCIAS DE BAIXO
LAVRAS DA MANGABEIRA;14;17;CENTRO - SEDE;COLEGIO SAO VICENTE FERRER;RUA HILDA AUGUSTO S/N
MARACANAÚ;104;410;PAJUÇARA;EMEIEF PREFEITO ALMIR FREITAS DUTRA;RUA ELÍFIO MEDEIROS DA CUNHA, 531
FORTALEZA;93;192;PLANALTO AYRTON SENNA;EM MARIA ZELIA CORREIA DE SOUSA;RUA ANTONIO PEREIRA,1495
REDENÇÃO;52;150;DISTRITO DE BARRA NOVA (ANTIGO SÃO GERARDO);ESCOLA JOÃO FRAGOSO FILHO;BRENHA
PALMÁCIA;4;192;CENTRO;UBS SEDE;RUA ILDEFONSO CAMPOS, S/N
FORTALEZA;116;432;JOÃO XXIII;COMPLEXO SOCIAL MAIS INFÂNCIA MARIA DE LOURDES MOREIRA LEITE LIMA;RUA ARAGUAIANA, 77
FORTALEZA;95;152;JANGURUSSU;EEMTI ALMIRANTE TAMANDARÉ;RUA DO PEREIRO, S/N, CJ ALMIRANTE TAMANDARÉ
ITAPIÚNA;105;159;ZONA RURAL;EEIEF JARBAS PASSARINHO - ESCOLA POLO;FAZENDA SAO JOSE
FORTALEZA;113;396;MONTESE;IMPARH;AV JOAO PESSOA, 5.609
PACOTI;5;208;GRANJA-SITIO;CENTRO DE ARTICULAÇÃO DA APA DA SERRA DE BATURITÉ (GRANJA);GRANJA
PACOTI;5;207;GRANJA-SITIO;CENTRO DE ARTICULAÇÃO DA APA DA SERRA DE BATURITÉ (GRANJA);GRANJA
BATURITÉ;5;91;CONSELHEIRO ESTELITA-SEDE;SECRETARIA DO DESENVOLVIMENTO ECONÔMICO E SOCIAL - SEDES (ANTIGO CSU);AV FRANCISCO BRAGA FILHO, SN
JUAZEIRO DO NORTE;28;494;PEDRINHAS;EMEF PROFA. DORALICE DE FIGUEIREDO ROCHA;RUA JOAQUIM LEANDRO DE SOUSA
SENADOR SÁ;45;59;CENTRO;GE CORONEL APOLIANO;RUA PADRE DELMONT S/N
SANTA QUITÉRIA;54;132;DISTRITO DE LISIEUX;E.E.F. DONA LIVRAMENTO ARAÚJO;DISTRITO DE LISIEUX
EUSÉBIO;88;196;TIMBU;EEF EDUARDO ALVES RAMOS;ESTRADA DO FIO, 3603 - TIMBU
EUSÉBIO;88;222;COAÇU;COLÉGIO 7 DE SETEMBRO;RUA DANILO ARRUDA, S/N
MISSÃO VELHA;16;27;DISTRITO DE JAMACARU;EEFM PADRE AMORIM;RUA FELIX ITALIANO SN
PACAJUS;49;7;CENTRO;EEF ARACY GONZAGA DA SILVA;RUA CORONEL CICERO NOGUEIRA DE QUEIROZ 827
FORTALEZA;94;493;VILA VELHA;ASSOC DOS MORADORES DO CONJ DOS BANCARIOS;RUA 27 1630
CAUCAIA;37;13;PARQUE SOLEDADE;COLEGIO JANUSA CORREA;RUA NOSSA SENHORA DOS PRAZERES, 238
CAUCAIA;37;478;PACHECO;E.E.F. ADRIANO MARTINS;RUA ADRIANO MARTINS, S/N
GRAÇA;79;170;LAPA;ESCOLA PADRE RAIMUNDO NONATO RODRIGUES;LAPA
JIJOCA DE JERICOACOARA;30;312;CENTRO;ESCOLA PROFA. IGARDENE FONTELES DE ARAUJO;RUA CAMPO GRANDE S/N - CONJUNTO PRIMAVERA
PENTECOSTE;50;139;ZONA RURAL;EEIF MANOEL FÉLIX GOMES;MULUNGU
TAUÁ;19;268;CENTRO;ESCOLA MUNICIPAL DE 1 GRAU JORGE MASSILON;AV ODILON AGUIAR S/N
JAGUARIBE;10;196;NOVA BRASÍLIA;EEIEF ANTONIO TEIXEIRA LIMA;AV ALMIR TAVORA, S/N
CRUZ;30;311;CENTRO;ESCOLA CONSTÂNCIA DE SOUSA MUNIZ;CENTRO
CAUCAIA;37;463;ITAMBE;E.E.F. FLAVIO PORTELA MARCILIO;RUA 05, 23 - CONJ. VICENTE ARRUDA
CARIDADE;111;73;CENTRO;EEFM CASEMIRO BEZERRA DE ARAUJO;RUA CEL FRANCISCO LINHARES 496
FORTALEZA;113;79;CENTRO;COLÉGIO LOURENÇO FILHO;RUA BARÃO DO RIO BRANCO, 2101
ACARAÚ;30;23;ARANAÚ;ESCOLA MARIA CONCEICAO DE ARAUJO;RUA DR ALOISIO SN - ARANAU
FORTALEZA;116;155;BOM JARDIM;EM SEBASTIAO DE ABREU;RUA GERALDO BARBOSA 1065
FORTALEZA;95;313;JANGURUSSU;EMEIF MARIA DE JESUS ORIÁ ALENCAR;RUA VERDE QUARENTA E TRÊS, S/N, CONJUNTO SÍTIO SÃO JOÃO
PORTEIRAS;70;281;CENTRO-SEDE;ESCOLA DE ENSINO INFANTIL EM TEMPO INTEGRAL JESUS DANTAS;RUA MARIA GONCALVES DANTAS S/N
PEDRA BRANCA;59;38;MINEIROLANDIA;ESCOLA DE ENSINO FUNDAMENTAL E MEDIO DE MINEIROLANDIA;AV OLAVO BILAC SN
ITAPAJÉ;41;293;PADRE LIMA;ESCOLA MUNICIPAL CAPITAO MANOEL PINTO MESQUITA;RUA TEIXEIRA PINTO  1047
MARANGUAPE;4;39;ITAPEBUSSU;EEMTI ANTÔNIO MARQUES DE ABREU;RUA MANUEL GUEDES MARTINS, 1076.
REDENÇÃO;52;34;DISTRITO DE BARRA NOVA (ANTIGO SÃO GERARDO);ESCOLA JOAQUIM JOSÉ DA SILVA;GURGURI
MAURITI;76;158;DANTAS;EEIF ZEFINHA CARTAXO;SITIO DANTAS
FORTALEZA;113;337;PARQUELÂNDIA;COLEGIO GRÃO SABER;RUA PROFESSOR LINO DA ENCARNACAO, 490
SANTA QUITÉRIA;54;192;COHAB;ESCOLA MARIA ALMERINDA JUCÁ MAGALHÃES;CONJUNTO HABITACIONAL ANGÉLICA CATUNDA
FORTALEZA;116;420;BONSUCESSO;EM MARIA DO SOCORRO ALVES CARNEIRO;RUA LUIS VIEIRA 1020
BELA CRUZ;96;26;CENTRO-SEDE;EMETI PAULO SARASATE;RUA JOSÉ XEREZ DE SOUSA, S/N
BEBERIBE;84;34;PARIPUEIRA;ESCOLA MUNICIPAL BOM JESUS DOS NAVEGANTES;PRAINHA DO CANTO VERDE
QUIXADÁ;6;241;CENTRO;CENTRO UNIVERSITÁRIO CATÓLICA DE QUIXADÁ - UNICATÓLICA;AVENIDA PLÁCIDO CASTELO, S/N
VÁRZEA ALEGRE;62;102;CANINDEZINHO;EEF JOSÉ ALVES DE MENEZES;SÍTIO BOM JESUS
MILAGRES;26;39;SITIO OLHO D'AGUA DOS CAVALOS;ESCOLA ANTONIA MARIA DA CONCEICAO;SITIO OLHO DAGUA DOS CAVALOS
CHOROZINHO;49;253;LEIROES;EEM DR WLADIMIR RORIZ;RUA DR LUIS COSTA SN
SOBRAL;121;301;CENTRO;ESCOLA DINORAH TOMAZ RAMOS;RUA PINTOR LEMOS, 01
MOMBAÇA;46;62;CENTRO;ESCOLA DE ENSINO FUNDAMENTAL LAURA ALENCAR;RUA CASSIMIRO FIUZA BENEVIDES, S/N
ACARAÚ;30;40;OUTRA BANDA;ESCOLA FRANCISCA ISAURA RIOS ROCHA;RUA CAPITAO ANTONIO RAIMUNDO SN
BARROQUINHA;108;68;POVOADO CHAPADA;EEF JOSÉ MACHADO GOUVEIA;POVOADO CHAPADA
MARACANAÚ;104;163;PAJUÇARA;EMEIEF ANTÔNIO DE ALBUQUERQUE SOUSA FILHO;RUA SENADOR PETRÔNIO PORTELA, 145
FORQUILHA;121;239;RASTEIRA;EEFI DIOGO ALVES DE LOIOLA;POVOADO DE RASTEIRA
FORTALEZA;83;681;HENRIQUE JORGE;ESCOLA MUNICIPAL DONA DAGMAR GENTIL;RUA VITORIA 1750
AQUIRAZ;66;186;CAMARA;ESCOLA FCO NAILTON CAVALCANTE DE LIMA(MANOEL SENHOR DE MELO FILHO);LOTEAMENTO LEQUICE
FORTALEZA;94;10;QUINTINO CUNHA;EEMTI MARIA JOSÉ SANTOS FERREIRA GOMES (CERE);RUA DONA LUCIA PINHEIRO, 93
MAURITI;76;138;PALESTINA DO CARIRI-DISTRITO;EEF ANTONIO LEITE DE ARAÚJO;SITIO CIPÓ
ALTO SANTO;86;6;CASTANHAO;ESCOLA DE 1 GRAU LIRA MAIA HOLANDA;RUA AGAPITO FERREIRA MAIA 1
FORTALEZA;112;573;EDSON QUEIROZ;COLÉGIO NOVA DIMENSÃO;AV. EDILSON BRASIL SOARES, 1599
SÃO GONÇALO DO AMARANTE;36;70;PECEM-DISTRITO;ESCOLA DE ENSINO FUNDAMENTAL E MEDIO EDITE ALCANTARA MOTA;PECEM
SANTANA DO ACARAÚ;44;39;DISTRITO MUTAMBEIRAS;EEF JOÃO ANANIAS VASCONCELOS ;DISTRITO MUTAMBEIRAS
CEDRO;13;540;VÁRZEA DA CONCEIÇÃO;ANEXO FRANCISCO SILVEIRA DE AGUIAR;RUA JOAO BATISTA MORENO SN
PACAJUS;49;321;PAULICÉIA;EEF ANTONIO AIRTON TORRES;PAULICEIA
MASSAPÊ;45;103;ZONA RURAL;EEF FRANCISCA DIOGO GOMES;DISTRITO DE SALGADINHO
QUIXADÁ;6;162;CUSTÓDIO;EEF MAURA DE OLIVEIRA SÁ;IPUEIRAS, S/N
DEPUTADO IRAPUAN PINHEIRO;55;145;CENTRO;CENTRO ADMINISTRATIVO DA ASSIST. SOCIAL ANT. HOLANDA LIMA;RUA CANDIDO BORGES
PALHANO;9;8;CENTRO;ESCOLA DE ENSINO FUNDAMENTAL MATEUS SOBRINHO;RUA POSSIDONIO BARRETO 430
AQUIRAZ;66;151;GENIPAPEIRO;EMEF MANOEL ASSUNCAO PIRES;RUA PRINCIPAL S/N
LIMOEIRO DO NORTE;29;175;BOM NOME;EEF VALDETRUDES EDITH HOLANDA;RUA ANTONIO RIBEIRO DE CASTRO, S/N
SANTANA DO ACARAÚ;44;52;CENTRO;CENTRO EDUCACIONAL MUNICIPAL JOAO CORDEIRO;RUA VIGARIO THEOTIMO 246
GRANJA;25;130;SAMBAIBA;E.E.F. FRANCISCO INACIO DE ARAUJO;PRACA FRANCISCO DAS CHAGAS RODRIGUES
ACOPIARA;60;20;CENTRO;EEM ALFREDO NUNES DE MELO;RUA EMILIA DE LIMA PINHO, SN
ACOPIARA;60;42;CENTRO;EEI ANEXO CDI MIGUEL G. DE OLIVEIRA;RUA EDUARDO GURGEL VALENTE S/N
ACOPIARA;60;66;DISTRITO DE SAO PAULO;EEMTI MARIA LEAL TEIXEIRA;SAO PAULINHO
FORTALEZA;80;341;JOAQUIM TÁVORA;COLÉGIO ANTARES IRMÃ MARIA (ANTIGO IRMÃ MARIA MONTENEGRO);RUA PINHO PESSOA 681
FORTALEZA;94;706;QUINTINO CUNHA;IGREJA SÃO PEDRO E SÃO PAULO;RUA PADRE TEODORO, 996
FORTALEZA;82;692;MONTE CASTELO;CENTRO EDUCACIONAL SÃO MATEUS;AV. SARGENTO HERMÍNIO SAMPAIO, 2440
PARAMBU;19;361;BELEZA;ESCOLA CICERO FERREIRA DOS SANTOS;RUA ANTONIO BEZERRA, 28
TRAIRI;97;18;CENTRO;ESCOLA DE 1 E 2 GRAU JONAS HENRIQUE DE AZEVEDO;AV CELSO BARROSO
ITAPAJÉ;41;297;FERROS-SEDE;ESCOLA MUNICIPALPADRE MANOEL LIMA E SILVA;CONJUNTO PEDRO ROCHA SN
SÃO LUÍS DO CURU;23;337;FAZENDA COMUNITÁRIA;POSTO DE SAÚDE DA FAZENDA COMUNITÁRIA;LOCALIDADE FAZENDA COMUNITÁRIA
MARCO;96;205;BAIRRO ALEMAES;CEI JOSE SILVEIRA FILHO;RUA DEP MURILO AGUIAR, 110
MARANGUAPE;4;51;GUABIRABA - MARANGUAPE;CEI ISAURINHA DIÓGENES;RUA NAPOLEÃO LIMA, 780
ICÓ;15;175;CONJUNTO GAMA;E.E.E.P. DEPUTADO JOSÉ WALFRIDO MONTEIRO;RUA RAIMUNDO FERREIRA LIMA, S/N
FORTALEZA;118;319;PASSARÉ;EM RAIMUNDO DE MOURA MATOS;AVENIDA DOIS DE MAIO, 1300
MADALENA;63;167;SEDE;EEF DAU ALBERTO;CAJAZEIRAS
GRANJA;25;20;CENTRO;E.E.F. DONA SINHA CRUZ DE VASCONCELOS;RUA DR. JOAO PESSOA, 345
GRANJA;25;167;SÃO PEDRO;E.E.F. ARZILIA MOTA;RUA PARAIBA, S/N
CAUCAIA;37;12;PARQUE SOLEDADE;COLEGIO JANUSA CORREA;RUA NOSSA SENHORA DOS PRAZERES, 238
FORTALEZA;82;450;CARLITO PAMPLONA;EM TERTULIANO CAMBRAIA;RUA MONSENHOR ROSA, 946
TIANGUÁ;81;128;CENTRO;E.E.M.T.I. MONSENHOR AGUIAR;RUA TEÓFILO RAMOS, 553
FORTALEZA;94;834;JARDIM GUANABARA;COLÉGIO DOM QUINTINO;RUA CECIL SALGADO, 53
MILAGRES;26;20;MISSIONÁRIAS;CEJA PADRE JOAQUIM ALVES;RUA PE MISAEL GOMES 400
SÃO LUÍS DO CURU;23;333;COLONOS-POVOADO;E.E.F. PROFESSOR JUPI MARTINS;NUCLEO H - COLONOS POVOADO
BEBERIBE;84;125;FORQUILHA;ESCOLA MUNICIPAL MARIA CLEMENTE DA SILVA;MEDEIROS
SOBRAL;121;249;DOM EXPEDITO;EEFI PADRE OSVALDO CHAVES;RUA PROFESSOR ANTÔNIO FERREIRA PORTO225
FORTALEZA;112;188;CIDADE DOS FUNCIONÁRIOS;COLÉGIO DÁULIA BRINGEL;RUA TRAJANO ALVES DE AGUIAR, 55
BEBERIBE;84;42;SITIO ONOFRE;ESCOLA MUNICIPAL GERMANO JOSE DO NASCIMENTO;SITIO ONOFRE
BATURITÉ;5;49;CENTRO-SEDE;EMEF DOMINGOS SAVIO;AV DOM BOSCO, 393
MAURITI;76;12;SÃO FÉLIX-DISTRITO;CRECHE SONHO INFANTIL;RUA RAIMUNDO ALVES FERNANDES, S/N
PIQUET CARNEIRO;12;26;CENTRO;SECRETARIA MUNICIPAL DE SAÚDE;RUA CÍCERO ALENCAR, S/N (PRAÇA DA MATRIZ)
PENTECOSTE;50;96;CENTRO;CÂMARA MUNICIPAL DE PENTECOSTE;RUA DOUTOR MOREIRA DE AZEVEDO, S/N
CANINDÉ;33;25;SANTA LUZIA;EMEF SENADOR CARLOS JEREISSATI;RUA EUCLIDES BARROSO, 1048
VARJOTA;65;159;PEDREIRA;C.E.I. CÂNDIDA FERREIRA DE PAULA;RUA PADRE MACARIO, S/N
MISSÃO VELHA;16;37;CENTRO;URCA (ANTIGO GINASIO PAROQUIAL);RUA CORONEL JOSE DANTAS, SN
ASSARÉ;18;137;CENTRO;ESCOLA BATISTA DE ASSARÉ;AVENIDA SÃO FRANCISCO, 50
QUIXADÁ;6;49;ALTO SÃO FRANCISCO;COORDENADORIA REGIONAL DE DESENVOLVIMENTO DA EDUCAÇÃO - CREDE 12;AV. JUSCELINO KUBITSCHEK, 493
ITAPAJÉ;41;61;IRATINGA;E.E.M. ANTONIO CUSTÓDIO DE MESQUITA;RUA ANTONIO CUSTODIO DE MESQUITA 76
BARROQUINHA;108;64;DISTRITO BITUPITÁ;C.E.I. OTACÍLIA TELES DE MORAES;RUA DA PRAIA, S/N
TRAIRI;97;12;PALMEIRAS;EEF DOUTOR CARLOS VIRGILIO;PALMEIRAS
BEBERIBE;84;35;SEDE;ESCOLA MUNICIPAL JOSE ROLDAO DE OLIVEIRA;CAETANOS
PACOTI;5;212;OITICICA;ESCOLA MUNICIPAL FRANCISCO ALVES BARBOSA (OITICICA);SITIO OITICICA
CAUCAIA;37;32;ITAMBE;E.E.F. FLAVIO PORTELA MARCILIO;RUA 05, 23 - CONJ. VICENTE ARRUDA
FORTALEZA;94;861;QUINTINO CUNHA;COLEGIO DOM FELIPE - JUNIOR;RUA FRANCISCO MENDES DE OLIVEIRA, 183
CRUZ;30;219;ZONA RURAL;ESCOLA FRANCISCO BENEDITO DE FARIAS;POÇO DOCE - CE 085
QUIXERAMOBIM;11;242;CENTRO;CAMPUS UNIVERSITARIO DR ANDRADE FURTADO;AV DR JOAQUIM FERNANDES 382 - CENTRO
ICÓ;15;113;LAGOA DOS MILHOMENS - SITIO;ESCOLA MUNICIPAL JOSE ADELAIDE DE CARVALHO;SITIO LAGOA DOS MILHOMENS S/N
ICÓ;15;117;EXTREMA - SITIO;ESCOLA MUNICIPAL RICARDO ANTONIO TEIXEIRA MACIEL;SITIO EXTREMA S/N
FORTALEZA;112;483;SAPIRANGA-COITÉ;EM PROFª ALDACI BARBOSA;RUA OLEGARIO MEMORIA, 1257
OCARA;67;239;CURUPIRA-DISTRITO;ESCOLA MUNICIPAL JOAQUIM JOSE PEREIRA - ENSINO FUNDAMENTAL;VILA QUINCAS
FORTALEZA;93;299;ARACAPÉ;EMEIF IVANILSON SOUZA LIMA COSTA;RUA POLIANA N.102
FORTALEZA;80;326;DIONISIO TORRES;ASSEMBLÉIA LEGISLATIVA - UNIVERSIDADE DO PARLAMENTO CEARENSE;RUA BARBOSA DE FREITAS, 2674
RUSSAS;9;260;TABULEIRO DO CATAVENTO;CAIC - SENADOR CARLOS JEREISSATI;RUA 25 SN  MUTIRAO
TRAIRI;97;104;CHAO DURO;EEF RAIMUNDO NONATO;CHAO DURO
SANTANA DO ACARAÚ;44;85;FAZENDA SALGADO;CAPELA CORAÇÃO DE JESUS;FAZENDA SALGADO
PARACURU;109;46;QUATRO BOCAS;E. M. E. I. F. ISAC DA ROCHA;QUATRO BOCAS
LIMOEIRO DO NORTE;29;21;ÁREA RURAL;EEF LUCAS EVANGELISTA DE OLIVEIRA;CARBOMIL
JUAZEIRO DO NORTE;119;401;SANTA TEREZA;COLEGIO POLIVALENTE;JOSE MARROCOS SN
JAGUARUANA;75;96;ALTO DA CAATINGUINHA;EEEP FRANCISCA ROCHA SILVA;RUA JOAO CELEDONIO SOBRINHO
FORTALEZA;94;50;ANTÔNIO BEZERRA;EMTI JOSÉ CARLOS DE OLIVEIRA NETO;R. SAO VICENTE DE PAULO, 170
FORTALEZA;80;178;FÁTIMA;CENTRO EDUC. DA JUV. PE. JOÃO PIAMARTA - AGUANAMBI;AV. AGUANAMBI, 2479
MILAGRES;26;97;CENTRO;CAMARA MUNICIPAL DE MILAGRES;RUA FRANCISCO ALMIR BRAGA
NOVO ORIENTE;99;23;CENTRO;EEM COELHO MASCARENHAS;RUA SAO JOSE S/N
FORTALEZA;117;152;CONJUNTO ESPERANÇA;COLEGIO SANTA HELENA;AV CONTORNO NORTE 819
IPU;21;132;DISTRITO;E.M.E.F. JOAQUIM FERREIRA DO NASCIMENTO;SANTA LUZIA
TRAIRI;97;84;LAGOAS NOVAS;EEF SANTO ANTONIO;LAGOAS NOVAS
FORTALEZA;82;193;MONTE CASTELO;CENTRO EDUCACIONAL SÃO MATEUS;AV. SARGENTO HERMÍNIO SAMPAIO, 2440
VIÇOSA DO CEARÁ;35;160;ZONA RURAL;E.E.F RAIMUNDO FONTENELE MAGALHÃES;SÍTIO CAIÇARA
FORTALEZA;115;31;PARANGABA;EM THOMAZ POMPEU SOBRINHO;RUA JOSE MENELEU, 531
ARACATI;8;105;TABULEIRO DO CABREIRO;GRUPO ESPÍRITA SEGUIDORES DE JESUS - TABULEIRO;TABULEIRO
MORADA NOVA;47;185;CENTRO;CAMARA MUNICIPAL DE MORADA NOVA;AV. MANOEL CASTRO, 764
MAURITI;76;35;SÃO FÉLIX-DISTRITO;EEF SÃO JOSÉ;DISTRITO DE SÃO FÉLIX - SAÍDA PARA OLHO D'ÁGUA
CAMOCIM;32;239;BOA ESPERANCA;COLEGIO MONSENHOR JOSE AUGUSTO;RUA 3 DE OUTUBRO S/N
MOMBAÇA;46;34;AÇUDINHO;ESCOLA DE ENSINO FUNDAMENTAL FRANCISCO VIEIRA COSTA;DISTRITO DE ACUDINHO
QUITERIANÓPOLIS;99;125;ZONA RURAL;EEI FRANCISCO SOARES DE SOUSA;PAU DARCO
FORTALEZA;113;121;CENTRO;EEFM FREI LAURO SCHWARTE;RUA ANTÔNIO POMPEU, 2005
JUAZEIRO DO NORTE;28;44;SALESIANOS;COLEGIO SALESIANO SÃO JOÃO BOSCO;PADRE CICERO 1492
JUAZEIRO DO NORTE;119;423;SANTA TEREZA;COLÉGIO MILITAR DE JUAZEIRO DO NORTE;CASTELO BRANCO SN
FORTALEZA;112;144;JARDIM DAS OLIVEIRAS;EEFM D. LUIZA TÁVORA - PRÓ MORAR;RUA FREI CANECA, 379
FORTALEZA;112;513;GUARARAPES;CENTRO UNIVERSITARIO ESTACIO DO CEARA VIA CORPVS;RUA ELISEU UCHÔA BECO, 600
FORTALEZA;85;157;CONJUNTO CEARÁ I;EEF GOVERNADOR FAUSTINO ALBUQUERQUE - UV1;RUA 143 N 155 - 1 ETAPA
MILAGRES;26;53;SITIO FEIJÃO;ESCOLA JOSÉ FERNANDES DE LIMA;SITIO FEIJÃO
IBIAPINA;73;69;SÍTIO JANEIRO;ESCOLA PRESIDENTE CASTELO BRANCO;SÍTIO JANEIRO
CANINDÉ;33;459;SANTA LUZIA;EMEF SENADOR CARLOS JEREISSATI;RUA EUCLIDES BARROSO, 1048
FORTALEZA;83;717;JÓQUEI CLUBE;CENTRO UNIVERSITÁRIO ESTÁCIO - CAMPUS PARANGABA;AVENIDA SENADOR FERNANDES TÁVORA, 137
FORTALEZA;113;212;RODOLFO TEÓFILO;COLÉGIO DEOCLÉCIO FERRO;RUA MINERVINO DE CASTRO, 987
QUIXERAMOBIM;11;104;BERILANDIA;ESCOLA JONAS GONZAGA DE SOUSA;BERILANDIA
TABULEIRO DO NORTE;91;2;CENTRO;ESCOLA DE 1 E 2 GRAUS FRANCISCO MOREIRA FILHO;RUA MANOEL FRANKLIN, 5033
SABOEIRO;43;238;CENTRO;E.E.F. MANOEL GONCALVES DOS SANTOS (MUNICIPAL);RUA PRACA DA BANDEIRA, 109
MILAGRES;26;105;SITIO OLHO DAGUA COMPRIDO;ESCOLA JOSÉ LUCIANO ALVES;SITIO OLHO DAGUA COMPRIDO
FORTALEZA;80;203;ALTO DA BALANÇA;UAPS CESAR CALS DE OLIVEIRA;RUA CAPITÃO ARAGÃO 555
ICÓ;15;163;NOVO CENTRO - SEDE;EEMTI - PADRE JOSÉ ALVES DE MACÊDO;AV. FRANCISCO CAETANO DANTAS, S/N
CRATEÚS;20;76;SANTANA;POSTO DE SAUDE DE CARRAPATEIRA;CARRAPATEIRA
GUARACIABA DO NORTE;74;175;DISTRITO;ESCOLA MUNICIPAL DE RAMADA;SITIO RAMADA
MOMBAÇA;46;36;CENTRO;EMATERCE;AVENIDA ANTONIO JAIME BENEVIDES FILHO
GUARAMIRANGA;5;221;CENTRO-SEDE;EEMF ZELIA DE MATOS BRITO;RUA CEL FRANCISCO DE MATOS BRITO 280
MARACANAÚ;104;397;JEREISSATI II;EMEIEF RACHEL DE QUEIROZ;AVENIDA XII, 758
QUITERIANÓPOLIS;99;144;ZONA RURAL;EEIF MIGUEL ÂNGELO DE OLIVEIRA;SAO GONCALO
FORTALEZA;82;621;PIRAMBU;ESCOLA MUNICIPAL SÃO CURA D'ARS;RUA SANTA ELISA, 722
ICÓ;15;26;CENTRO - SEDE;ESCOLA MUNICIPAL SENHOR DO BONFIM;RUA FRANCISCO MACIEL DA SILVA, 2557
FORTALEZA;85;315;GENIBAÚ;ESCOLA MUNICIPAL DEP MURILO AGUIAR;RUA 24 DE OUTUBRO 655
FORTALEZA;85;155;CONJUNTO CEARÁ I;EEF GOVERNADOR FAUSTINO ALBUQUERQUE - UV1;RUA 143 N 155 - 1 ETAPA
FORTALEZA;83;428;BELA VISTA;EEMTI ESTADO DO AMAZONAS;RUA MONSENHOR FURTADO 2327
ICÓ;15;140;SANTANA - SITIO;ESCOLA MUNICIPAL MANOEL NICOLAU DE SOUSA;SITIO SANTANA S/N
NOVA RUSSAS;48;143;ILHA GRANDE;E. E. F.  SÃO PEDRO;LOCALIDADE DE ILHA GRANDE,
CAUCAIA;37;7;CENTRO;C.S.U. EDSON DA MOTA CORREA;RUA JOSE DE PONTES, 2671 - AÇUDE
GRANJA;25;176;PESSOA ANTA;E.E.F. JOÃO FONTENELE DE ARAUJO;SITIO BAIXA DO CEDRO
FORTALEZA;85;385;CONJUNTO CEARÁ I;CCDH - CENTRO DE CIDADANIA E DIREITOS HUMANOS (ANTIGO LUCIO ALCANTARA);AV. ALANIS MARIA LAURINDO DE OLIVEIRA, 461, 1A ETAPA
CANINDÉ;33;268;ZONA RURAL;EMEF DR. OTAVIO FACUNDO;ASSENTAMENTO LOGRADOURO UBIRAÇU
FORTALEZA;82;591;CRISTO REDENTOR;EEMTI LIONS JANGADA;RUA CAMÉLIA, 352
FORTALEZA;85;293;ANTÔNIO BEZERRA;EEFM ANTONIO BEZERRA;RUA PADRE PERDIGAO SAMPAIO 780
QUIXERAMOBIM;11;66;DAMIAO CARNEIRO;ESCOLA CEL VIRGILIO TAVORA- ALGODOES;ALGODOES
QUIXERAMOBIM;11;247;NENELANDIA;ESCOLA MANOEL FERREIRA E SILVA;MONTE ALEGRE
FORTALEZA;82;133;CARLITO PAMPLONA;FEDERAÇÃO DO MOVIMENTO COMUNITÁRIO DO PIRAMBU - FEMOCOPI;AV. PRES. CASTELO BRANCO, 2709
FORTALEZA;83;462;JOÃO XXIII;CENTRO DE FORMAÇÃO E DESENV. PARA PROFISSIONAIS DA EDUCAÇÃO - FORMACE;RUA PORTO VELHO, 401
FORTALEZA;83;134;JÓQUEI CLUBE;ESCOLA MUNICIPAL PRESIDENTE KENNEDY;AV. LINEU MACHADO 811
FORTALEZA;83;703;MONTESE;COLÉGIO ELITE;AVENIDA JOÃO PESSOA, 6302
REDENÇÃO;52;34;DISTRITO DE BARRA NOVA (ANTIGO SÃO GERARDO);ESCOLA JOAQUIM JOSÉ DA SILVA;GURGURI
IGUATU;13;364;CAJAZEIRAS;ESCOLA DE ENS FUND JOAQUIM DE SOUSA PINTO;VILA CAJAZEIRAS
FORTALEZA;85;314;GENIBAÚ;ESCOLA MUNICIPAL DEP MURILO AGUIAR;RUA 24 DE OUTUBRO 655
SOBRAL;121;295;JOCELY DANTAS;CURSO DE QUIMICA-UVA-CAMPUS CIDAO;AV. DR. GUARANY
MORRINHOS;44;104;CENTRO;ANEXO ESCOLA CORONEL VIRGILIO TÁVORA ;RUA JOAQUIM COREOLANO, S/N
MERUOCA;24;606;Centro;UNIVERSIDADE ABERTA DO BRASIL;PRAÇA CAETANO MARQUES S/N CENTRO MERUOCA
JUAZEIRO DO NORTE;28;32;SALGADINHO;EEMTI ALAÍDE SILVA SANTOS;RUA JOSE CAETANO DO SALGADINHO
ARACOIABA;67;82;PEDRA BRANCA-DISTRITO;ESCOLA MUNICIPAL VICENTE NONATO;RUA DA INDEPENDENCIA SN
ITAPIPOCA;17;737;NOVA ALDEOTA;EEB DR PÉRICLES FERNANDES TEIXEIRA;RUA CAIO PRADO, 3069
ARACOIABA;67;156;SOLON LIMA VERDE-SEDE;ESCOLA MUNICIPAL CORONEL ADOLFO GUEDES ALCOFORADO;RUA JOANINA ALVES DE OLIVEIRA SN
FORTALEZA;116;119;GRANJA PORTUGAL;EEFM PROF JOCIE CAMINHA DE MENEZES;RUA ITU 120
FORTALEZA;95;276;BARROSO;CEI PROFESSORA MARIA ROZANI MENDONÇA NOBRE;RUA MARIA JOSÉ P, S/N, CONJUNTO JOÃO PAULO II
QUIXERÉ;29;227;AGUA FRIA;EEB ANTONIO MOREIRA DE FREITAS;AGUA FRIA
HORIZONTE;78;349;CENTRO;EEMTI MARIA DOLORES ALCÂNTARA E SILVA;AV. JUVENAL DE CASTRO, 645
FORTALEZA;2;791;JOSÉ DE ALENCAR;COLÉGIO CHRISTUS SUL 3;AV ENGENHEIRO LEAL LIMA VERDE, 2500 - JOSÉ DE ALENCAR
ACOPIARA;60;11;DISTRITO DE ISIDORO;EEF ADONIAS UCHOA DE ALBUQUERQUE;VILA DE ISIDORO
LAVRAS DA MANGABEIRA;14;31;MANGABEIRA - DISTRITO;CENTRO DE EDUCAÇÃO INFANTIL PAPA PAULO VI - CRECHE;RUA TOMAZ DE LEMOS, S/N, CENTRO
CAMOCIM;32;11;SAO PEDRO;ESCOLA EMILIA PESSOA VERAS;RUA HUMAITA S/N
CEDRO;13;497;SÃO MIGUEL;CAPELA NOSSA SENHORA DE FATIMA DO SITIO NAÇÃO;SITIO NAÇÃO
PEDRA BRANCA;59;127;SANTA MARIA;EEF MARIA ALVES DE MESQUITA;RUA MARIA ALVES DE MESQUITA, S/N.
JAGUARUANA;75;28;SANTA LUZIA;E.E.F. FRANCISCO JAGUARIBE (SANTA LUZIA);SANTA LUZIA
ACOPIARA;60;276;SEDE;EEF JOSE LEANDRO CORREIA;SITIO ESCURO
FARIAS BRITO;62;237;NOVA BETANIA;EEF FRANCISCO CASTELO DE CASTRO;AVENIDA MANOEL NERES DE OLIVEIRA, S/N
LAVRAS DA MANGABEIRA;14;15;CENTRO - SEDE;COLEGIO SAO VICENTE FERRER;RUA HILDA AUGUSTO S/N
ITAPIPOCA;17;513;MARINHEIROS;EEB VICENTE PRACIANO SAMPAIO;VILA DOS PRACIANOS
CASCAVEL;7;238;SEDE;E.E.F. PROFESSORA ANA LÚCIA DA SILVA (COHAB);AV. JOÃO MOREIRA DE PAULA, COHAB
JAGUARETAMA;72;83;SITIO LUIS FERREIRA;UNIDADE BÁSICA DE SAÚDE MARIA DA CONCEIÇÃO SOUSA;PROJETO DE ASSENTAMENTO LUIS FERREIRA
ARACOIABA;67;48;JAGUARAO-DISTRITO;ESCOLA MUNICIPAL MANOEL ANTONIO DE FIGUEIREDO;PEDRA AGUDA
FORTALEZA;3;502;MEIRELES;IDEAL CLUBE;AV. MONSENHOR TABOSA,  1381
FORTALEZA;2;682;MESSEJANA;ETI MARIA ODETE DA SILVA COLARES;RUA CEL JOÃO DE OLIVEIRA, 687
IBICUITINGA;47;275;ACUDE DOS PINHEIROS;EEB JOSE RUFINO PINHEIRO;ACUDE DOS PINHEIROS - SEDE
IPAUMIRIM;92;112;CENTRO-SEDE;E.E.M.T.I. DOM FRANCISCO DE ASSIS PIRES;RUA VEREADOR HIGINO DINIZ, 110
CAMOCIM;32;17;CENTRO;EEF ALBA MARIA DE ARAUJO LIMA AGUIAR;RUA DA INDEPENDENCIA SN
CAUCAIA;123;508;PARQUE POTIRA (JUREMA);COLÉGIO ESTADUAL LICEU DE CAUCAIA;RUA ARAQUÉM, 1100 - PARQUE POTIRA (JUREMA)
ARACOIABA;67;5;CENTRO-SEDE;CENTRO COMUNITARIO COMENDADOR EUGENIO DE CASTRO E SILVA;PLANALTO ARACOIABA
FORTALEZA;3;591;ALDEOTA;COLÉGIO ANTARES (RUA BARBOSA DE FREITAS);RUA BARBOSA DE FREITAS, 2058
FORTALEZA;117;317;CONJUNTO ESPERANÇA;EEFM PROFESSORA MARIA MARGARIDA DE CASTRO ALMEIDA;AV. CONTORNO SUL, 960
VIÇOSA DO CEARÁ;35;124;PADRE VIEIRA;E.E.F ISAAC VIEIRA DO ESPIRITO SANTO;SITIO PASSAGEM FLORIDA
NOVA RUSSAS;48;207;CANINDEZINHO;ESCOLA MUNICIPAL MARIANO RODRIGUES DA COSTA;DISTRITO DE CANINDEZINHO,
IGUATU;13;333;COHABS;ESCOLA DE ENS FUND PADRE JANUARIO CAMPOS (MUNICIPAL);ESTRADA DO BAU COHAB III
MARACANAÚ;104;41;PAJUÇARA;EMEF RODOLFO TEÓFILO;RUA OTÁVIO ALVES, 1120
FORTALEZA;117;256;SIQUEIRA;EMTI PROFESSOR AGERSON TABOSA PINTO;RUA WILCA ALBUQUERQUE, S/N
SÃO GONÇALO DO AMARANTE;36;295;UMARITUBA-DISTRITO;E. E. F. LEONICE ALCANTARA;UMARITUBA
PEDRA BRANCA;59;4;SANTA CRUZ DO BANABUIU;EEFTI SIMPLICIO RODRIGUES DE OLIVEIRA;RUA PROFESSORA LILI, 85, SANTA CRUZ
ITAPIPOCA;17;9;CENTRO;EEM JOAQUIM MAGALHÃES;RUA PERGENTINA ARAUJO S/N
ITAREMA;98;157;CENTRO;EMEF PE ARISTIDES ANDRADE SALES;AV JOAO BATISTA RIOS S/N
CASCAVEL;7;189;CENTRO;CENTRO EDUCACIONAL MUNICIPAL PROFESSORA MARIA ESTER DA COSTA SILVA;AV CORONEL LEITE, 2045
ALTANEIRA;53;144;CENTRO;EMEI FAUSTA VENÂNCIO;RUA APOLÔNIO DE OLIVEIRA, SN
CAUCAIA;123;406;NOVA METRÓPOLE (JUREMA);E.E.F.M. DOM ALOÍSIO LORSCHEIDER;AV. CONTORNO OESTE, S/N
AURORA;69;57;CALUMBI-SITIO;E.E.I.F. VICENTE RODRIGUES DOS SANTOS;SITIO CALUMBI S/N
ITAIÇABA;75;116;CENTRO;E.E.F. DULCINEA GOMES DINIZ;VILA OLIMPICA, 336
ITAPIPOCA;17;361;DESERTO;EEB FRANCISCO BELO FILHO;LAGOINHA II
LIMOEIRO DO NORTE;29;135;ANTÔNIO HOLANDA;IFCE - CENTRO DE REFERÊNCIA CIDADE ALTA;R. RAIMUNDO TOMÁS DE AQUINO, 2742
MAURITI;76;78;SEDE;ASSOCIAÇÃO DOS AGRICULTORES DO SÍTIO ESTRELINHA;SITIO ESTRELINHA
CRATEÚS;20;128;REALEJO;ESCOLA DE CIDADANIA DE REALEJO;REALEJO
SANTA QUITÉRIA;54;175;PRIMAVERA;E. E. F. LUIZ DERMEVAL DE ANDRADE;BAIRRO PRIMAVERA BOTA FOGO
FORTALEZA;83;319;DEMOCRITO ROCHA;ESCOLA MUNICIPAL JOSÉ BONIFÁCIO DE SOUSA;RUA PERNAMBUCO 600
CASCAVEL;7;115;CAPONGA;ESC.ENS.FUND. FELIPE JOSÉ DA SILVA;RUA LUIS PESSOA DE OLIVEIRA, 728, CENTRO
CAUCAIA;120;350;CAPUAN;E.D.E.F.M. ÍNDIOS TAPEBA (COMUNIDADE INDÍGENA);RODOVIA CORONEL ALFREDO, S/N
CAUCAIA;123;545;PARQUE ALBANO (JUREMA);E.E.F.M. NOÉLIA ALENCAR;RUA 06, 125 - CONJUNTO SÃO MIGUEL II
LIMOEIRO DO NORTE;29;44;ÁREA RURAL;EEF DEP MANOEL DE CASTRO FILHO;KM 60
SOLONÓPOLE;55;105;CENTRO;ESCOLA DE 1 GRAU ANIBAL RODRIGUES PINHEIRO;ALTO VISTOSO S/N
JUCÁS;43;144;ALTO DO TÓ - SEDE;CENTRO EDUCACIONAL JUCAENSE - CEJUC;RUA JOSÉ GERSON DUARTE, S/N
FORTALEZA;2;827;JOSÉ DE ALENCAR;COLÉGIO CHRISTUS SUL 3;AV ENGENHEIRO LEAL LIMA VERDE, 2500 - JOSÉ DE ALENCAR
LAVRAS DA MANGABEIRA;14;37;MANGABEIRA - DISTRITO;CENTRO DE EDUCAÇÃO INFANTIL PAPA PAULO VI - CRECHE;RUA TOMAZ DE LEMOS, S/N, CENTRO
CROATÁ;74;182;DISTRITO;ESCOLA MUNICIPAL  DE BAIXIO;BAIXIO
CAMPOS SALES;38;106;ZONA RURAL;E.E.I.F ANTONIO RIBEIRO DE CARVALHO - SITIO CALDEIRÃO - CAMPOS SALES;SÍTIO CALDEIRÃO
FORTALEZA;1;513;MEIRELES;CENTRO DE REFERÊNCIAS SOBRE DROGAS - CRD;AV. DA ABOLIÇÃO, 3893
CAUCAIA;37;545;TABAPUAZINHO;E.E.I.E.F. DONA LAVÍNIA DE MEDEIROS;RUA GIZELDA MAGALHÃES, 2394 - TABAPUAZINHO
FORTALEZA;112;97;JARDIM DAS OLIVEIRAS;EM ISMAEL PORDEUS;RUA DES FAUSTINO ALBUQUERQUE, 511
ACARAÚ;30;272;CENTRO;CEJA -  PADRE ANTONIO TOMAZ;PRACA CORONEL JOSE FILOMENO SN
AIUABA;101;32;BOM NOME;GRUPO ESCOLAR JOSE ALVES DE OLIVEIRA;RUA DUQUE DE CAXIAS SN
ICÓ;15;172;CONJUNTO GH-2;ESCOLA MUNICIPAL  DR. ALMIR ALVES FERNANDES TAVORA FILHO;CONJUNTO GH-2 S/N
ACOPIARA;60;79;DISTRITO SANTA FELICIA;EEF PEDRO GOMES DE ALMEIDA;SITIO OITICICA DE UMARI
CRATO;27;233;SEMINÁRIO;EEEP GOVERNADOR VIRGÍLIO TÁVORA;RUA PERGENTINO SILVA S/N
CRATEÚS;20;74;ASSIS;ESCOLA DE CIDADANIA JOAO LUCIANO;ASSIS
ACARAÚ;30;74;CENTRO;ESCOLA PROF. TERESA DE JESUS SILVA;RUA JOÃO JAIME FERREIRA GOMES, 457
ACARAPE;52;62;TAMANDUÁ;ESCOLA PEDRO PATRÍCIO;TAMANDUÁ
QUIXADÁ;6;117;JUÁ;EEF PEDRO RODRIGUES FILHO;JUA - SEDE, S/N
QUIXADÁ;6;141;SÃO JOÃO DOS QUEIROZ;EEF JOSÉ MARTINS;ALTO ALEGRE, S/N
TABULEIRO DO NORTE;91;50;CENTRO;CRECHE MARIA ANALIA DE LIMA;RUA MANOEL FRANKLIN,  4117
FORTALEZA;82;192;MONTE CASTELO;CENTRO EDUCACIONAL SÃO MATEUS;AV. SARGENTO HERMÍNIO SAMPAIO, 2440
SANTANA DO ACARAÚ;44;164;PAUS BRANCO;E.E.F. SANTA ANA;PAUS BRANCO
TURURU;17;629;CEMOABA / ZONA RURAL;EMEF MARIA LUNGA MOREIRA;RUA PRINCIPAL
JAGUARIBE;10;104;EDMAR BARREIRA;CEI MARIA IRACÍLIA DE SÁ PEREIRA BARREIRA;RUA ANTÔNIO WEIMA FERNADES
FORTALEZA;112;550;SAPIRANGA-COITÉ;EM PROF MONTEIRO DE MORAES;AVENIDA EVILASIO ALMEIDA MIRANDA, 1608
FORTALEZA;117;301;MANOEL SÁTIRO;EEF JOSE AYRTON TEIXEIRA;RUA ALFREDO MAMEDE SN
FORTALEZA;117;459;CANINDEZINHO;ESCOLA MUNICIPAL JORNALISTA DEMÓCRITO DUMMAR;RUA EUCLIDES PAULINO BARROSO, 2505
MARACANAÚ;122;289;NOVO MARACANAU;EMEF PRESIDENTE TANCREDO NEVES;RUA 06 COM RUA 02 S/N
FORTALEZA;116;292;GRANJA LISBOA;EM DOM LUSTOSA;RUA GERALDO BARBOSA 3901
FORTALEZA;1;922;VICENTE PINZON;ESCOLA MUNICIPAL PROF BELARMINA CAMPOS;RUA MANOEL RODRIGUES MONTEIRO, 840
MARANGUAPE;4;648;PARQUE IRACEMA - MARANGUAPE;EEMTI ANCHIETA;RUA ANTÕNIO GOMES BESSA, 60
CARIRIAÇU;71;16;CENTRO;EEM PLÁCIDO ADERALDO CASTELO;RUA CARLOS MORAIS 752
NOVO ORIENTE;99;150;ZONA RURAL;EEF FRANCISCO DAS CHAGAS MOTA;AGROVILA
INDEPENDÊNCIA;39;12;CENTRO;COLÉGIO SANTANA DE INDEPENDÊNCIA;RUA FREI VIDAL
EUSÉBIO;88;221;GUARIBAS;EEMF ADELINO BEZERRA;AV ACILON GONÇALVES PINTO, S/N - GUARIBAS
PALMÁCIA;4;167;PILÕES;UBS PILÕES;PILÕES
FORTALEZA;2;752;JOSÉ DE ALENCAR;COLÉGIO CHRISTUS SUL 3;AV ENGENHEIRO LEAL LIMA VERDE, 2500 - JOSÉ DE ALENCAR
TRAIRI;97;80;CENTRO;COLEGIO CENTRO EDUCACIONAL PIO RODRIGUES;RUA MANOEL TEIXEIRA S/N
PARAMBU;19;340;RIACHÃO;ESCOLA JOAQUIM FILOMENO NORONHA;RIACHÃO
ICÓ;15;189;LIMA CAMPOS - DISTRITO;ESCOLA MUNICIPAL JOAQUIM RUFINO DE LIMA;SÍTIO MULUNGU
FORTALEZA;83;662;HENRIQUE JORGE;EEMTI PROFESSOR PAULO FREIRE;AVENIDA SENADOR FERNANDES TÁVORA 1936
CARIDADE;111;100;ZONA RURAL;EEIF MARIA JOSÉ DE OLIVEIRA;LOCALIDADE DE UMARIZEIRAS
FORTALEZA;95;115;CONJUNTO PALMEIRAS;EMEIEF PROFESSORA BERNADETE ORIÁ DE OLIVEIRA;RUA DR. CODES SANDOVAL 796
ICÓ;15;135;SEDE URBANA;ESCOLA MUNICIPAL MANOEL ANTONIO NUNES;RUA DO CRUZEIRO S/N
BREJO SANTO;70;179;VIEIRA-SEDE;POSTO DE SAÚDE OLIMPIO PEREIRA DE LIMA;SITIO VIEIRA
JUAZEIRO DO NORTE;119;248;PIRAJA;ESCOLA MARIA AMELIA BEZERRA;AV CASTELO BRANCO SN
CAUCAIA;120;324;PRIMAVERA;E.E.I.E.F. DOMINGOS ABREU BRASILEIRO;BR 222 - KM 30
PARAMOTI;111;166;CENTRO;EEMTI TOMÉ GOMES DOS SANTOS (PRÉDIO NOVO);RUA ORLEANS FARIAS, S/N - SANTA CECÍLIA
FORTALEZA;95;210;JANGURUSSU;EEMTI JANGURUSSU;RUA DO MANDACARU, 1048, CONJUNTO ALMIRANTE TAMANDARÉ
GROAÍRAS;65;113;CENTRO;EEF PROFESSORA NOELIA XIMENES PARENTE;RUA MAJOR ARAUJO 960
MARACANAÚ;122;133;ALTO DA MANGUEIRA;EMEF IRMA DULCE;QUADRA F VIDA NOVA 100
BARBALHA;31;40;SÍTIO BOA ESPERANÇA (ARAJARA);CEI MARIA RAIMUNDA DO ESPÍRITO SANTO DA COSTA (ARAJARA);SÍTIO BOA ESPERANÇA, S/N - DISTRITO DE ARAJARA (7.34129 S, 39.38988 W)
CAPISTRANO;105;10;CENTRO;ESCOLA DE ENSINO FUNDAMENTAL E MEDIO CEL. FRANCISCO NUNES CAVALCANTE;RUA CEL. FRANCISCO NUNES CAVALCANTE 35
APUIARÉS;50;220;CENTRO;EEFM SÃO SEBASTIÃO;AVENIDA GOMES DA SILVA, 100
FORTALEZA;95;229;CONJUNTO PALMEIRAS;CENTRO DE CIDADANIA DOS DIREITOS HUMANOS-CCDH (EVANDRO AYRES DE MOURA);AV. CASTELO DE CASTRO, 2842
BOA VIAGEM;63;20;CENTRO-SEDE;EMATERCE;RUA JOAQUIM RABELO 499
FORTALEZA;112;9;JARDIM DAS OLIVEIRAS;COLÉGIO NOVO HORIZONTE;RUA BEIJA FLOR, 25
FORTALEZA;85;277;CONJUNTO CEARÁ I;EEFM PROF PLACIDO ADERALDO CASTELO - UV 7B;RUA SETECENTOS E VINTE E UM, 100, 3A ETAPA
AMONTADA;89;98;CENTRO;EEM RITA ESTELITA DOS SANTOS RODRIGUES;AV GAL ALÍPIO DOS SANTOS 1020
MERUOCA;24;587;Palestina do Norte;EEF - HENRIQUE SEVERINO DUARTE;RUA RAIMUNDO FAUSTINO - DISTRITO PALESTINA
VÁRZEA ALEGRE;62;40;BETÂNIA;EEP JOSÉ IRAN COSTA;RUA MUNDINHO PROTO, S/N
BARRO;92;40;TRAJANO NOGUEIRA-SEDE;ESCOLA MUNICIPAL DE ENSINO FUNDAMENTAL GILBERTO LEITE DE AQUINO;RUA TRAJANO NOGUEIRA SN
MASSAPÊ;45;106;CENTRO;SECRETARIA DE EDUCACAO DO MUNICIPIO;RUA MAJOR JOSE PAULINO SN
JARDIM;119;301;CENTRO;ESCOLA DR. ROMAO SAMPAIO;RUA JOSE MARROCOS 240
FORTALEZA;95;303;CONJUNTO PALMEIRAS;CEI MARIA DO SOCORRO FERREIRA VIRINO;RUA VALPARAÍSO, 339
MARANGUAPE;4;52;OUTRA BANDA - MARANGUAPE;EMEIEF PAULO SARASATE;AVENIDA DR. ARGEU GURGEL BRAGA HERBSTER, 883
SOLONÓPOLE;55;14;CENTRO;E.E.I.E.F. BOM JESUS;AV PREF. JOSE SIFREDO PINHEIRO S/N
MASSAPÊ;45;9;SANTA ÚRSULA;CEPRUMA;RUA MANASSES PONTES, S/N
RUSSAS;9;178;CAPIM GROSSO;ESCOLA MUNICIPAL JOÃO REBOUÇAS DO AMARAL;CAPIM GROSSO
JATI;70;357;CENTRO-SEDE;ESC ENS EM TEMPI INTEGRAL VER CICERO GOMES DE SOUSA;ESTRADA PARA SAO JOSE DO BELMONTE
MARANGUAPE;4;573;NOVO MARANGUAPE I (ÁREA VERDE) - MARANGUAPE;EEFM CAIC SENADOR CARLOS JEREISSATI;RUA ANTONIO TEIXEIRA, S/N
GRAÇA;79;139;SITIO CAETANO;GRUPO ESCOLAR RITA ALVES DE SOUSA;SITIO CAETANO
PARAMOTI;111;157;ZONA RURAL;ESCOLA MUNICIPAL FRANCISCO SIMÃO;LOCALIDADE MELADO
PARACURU;109;214;RIACHO DOCE;E. M. E. F. RIACHO DOCE;RUA JOSÉ LOPES MEIRELES S/N
CAUCAIA;37;564;JAPUARA;E.E.F. RAIMUNDO JOSE DOS SANTOS;TRAVESSA DE JAPUARA, S/N, COMUNIDADE - REGIÃO GARROTE
RERIUTABA;79;124;SANTA CRUZ VELHA;E.E.F. DOMINGOS ARAÚJO;SANTA CRUZ VELHA - ZONA RURAL
FORTALEZA;94;376;VILA VELHA;EM MANOEL RODRIGUES;RUA MARIA CLARA 1237
IPUEIRAS;40;157;CARNAÚBAS;EEF GONÇALO XIMENES ARAGÃO - CARNAÚBAS;RUA JOSÉ ALEXANDRE, 752
SANTA QUITÉRIA;54;37;BOA VIDA;E.E.E.P.  MONSENHOR LUIZ XIMENES FREIRE;AVENIDA MELQUIADES MOURÃO, SN.
CARIRIAÇU;71;141;PALESTINA;CRAS MESTRE NECO;RUA PEDRO GOMES DE LIMA, SN
FORTALEZA;83;786;JOÃO XXIII;CENTRO DE FORMAÇÃO E DESENV. PARA PROFISSIONAIS DA EDUCAÇÃO - FORMACE;RUA PORTO VELHO, 401
FORTALEZA;85;113;CONJUNTO CEARÁ I;CCDH - CENTRO DE CIDADANIA E DIREITOS HUMANOS (ANTIGO LUCIO ALCANTARA);AV. ALANIS MARIA LAURINDO DE OLIVEIRA, 461, 1A ETAPA
JUAZEIRO DO NORTE;28;159;AREA RURAL DE JUAZEIRO DO NORTE;EMEIF NOSSA SENHORA DE FATIMA;SITIO UMARI
PENTECOSTE;50;194;PEDREIRA;EEF EDSON MARTINS CAMPELO;RUA ANTONIO NATALIA
QUIXERAMOBIM;11;298;JOSE AURELIO CAMARA;ESCOLA CEL VIRGILIO TAVORA- CIDADE;RUA FAUSTO COSTA 180
JUAZEIRO DO NORTE;119;84;PIRAJA;ESCOLA MARIA AMELIA BEZERRA;AV CASTELO BRANCO SN
TRAIRI;97;35;BARRINHA DO NORTE;EEF DONA OLGA RIBEIRO;BARRINHA DO NORTE
LAVRAS DA MANGABEIRA;14;16;CENTRO - SEDE;COLEGIO SAO VICENTE FERRER;RUA HILDA AUGUSTO S/N
FORTALEZA;118;585;DIAS MACEDO;EEFM ANTÔNIO DIAS MACEDO;AV PEDRO DANTAS 340
BARROQUINHA;108;53;CENTRO;EEF CARMELITA VERAS DE PAULA;RUA AMBROZINA FÉLIX, 443
BATURITÉ;5;80;PUTIU-SEDE;EMTI CORONEL ESTEVÃO ALVES DA ROCHA;RUA DUQUE DE CAXIAS, 132
BARRO;92;45;SERROTA-DISTRITO;GRUPO ESCOLAR JOSE FERNANDES DE LIMA;DISTRITO DE SERROTA
FORTALEZA;82;130;JACARECANGA;CENTRO DE EDUCAÇÃO INFANTIL (CEI) SECRETÁRIO PAULO PETROLA;TV. JACINTO MATOS, 906
BEBERIBE;84;47;SERRA DO FELIX;ESCOLA MUNICIPAL JARBAS PASSARINHO;LAGOA DO ARROZ
BELA CRUZ;96;7;CENTRO-SEDE;EMEF MONS. ODÉCIO;RUA CORONEL DUCA, 704
MARANGUAPE;4;522;CENTRO - MARANGUAPE;CEJA MANOEL SEVERO BARBOSA;RUA RAIMUNDO HERBSTER, 230
QUIXERAMOBIM;11;41;ENCANTADO;ESCOLA ALOISIO BARROS LEAL;VILA DE ENCANTADO
URUBURETAMA;23;54;SAO JOAO;EEF PAULO FERREIRA DA CUNHA;SITIO UBATUBA
QUIXADÁ;6;251;CAMPO NOVO;POLO DE ATENDIMENTO DO CAMPO NOVO;AV PRESIDENTE VARGAS, S/N
FORTALEZA;85;221;CONJUNTO CEARÁ I;EEFM MARIA ANTONIETA NUNES - UV 9;RUA 916 SN 4 ETAPA
CAUCAIA;37;433;TABUBA;E.E.F. RAIMUNDA NONATA FORTE SALES;RUA NOSSA SENHORA DO PERPETUO SOCORRO, S/N
MARANGUAPE;4;539;OUTRA BANDA - MARANGUAPE;CEI DEPUTADO JOSÉ MÁRIO MOTA BARBOSA;RUA DA PRAÇA, S/N
ERERÉ;10;114;CENTRO;SECRETARIA DE EDUCACAO CULTURA E DESPORTO;RUA SENADOR FERNANDES TAVORA, 574
FORTALEZA;117;261;SIQUEIRA;EEFM PAULO ELPIDIO;RUA PROF MANOEL DE CASTRO 1202
PENTECOSTE;50;70;CENTRO;EEFM TABELIÃO JOSÉ RIBEIRO GUIMARÃES;AVENIDA TABELIÃO FRANCISCO ALVES, 161
MAURITI;76;117;SEDE;CAPELA SÃO PEDRO;SITIO LUCIANO
CARIRIAÇU;71;82;FEITOSA;POSTO DE SAÚDE DO SÍTIO FORQUILHA;SITIO FORQUILHA
OCARA;67;256;MOCORE DOS COSMES;ESCOLA DE ENSINO FUNDAMENTAL DE MOCORE DOS COSMES;MOCORE DOS COSMOS
FORTALEZA;112;525;ENGENHEIRO LUCIANO CAVALCANTE;ESCOLA ESTADUAL DE EDUCAÇÃO PROFISSIONAL JAIME ALENCAR DE OLIVEIRA;AV ROGACIANO LEITE, 2285
ORÓS;15;319;SAO GERALDO - SEDE;CENTRO SOCIAL DE ORÓS (CSO);RUA DO CAMPO, 41
FORTALEZA;82;396;PIRAMBU;CENTRO EDUCACIONAL DOM HÉLIO CAMPOS;RUA SÃO RAIMUNDO, 199
FORTALEZA;113;164;BOM FUTURO;ESC. PROFISSIONAL PE. JOÃO PIAMARTA;RUA PADRE JOÃO PIAMARTA, 161
CHAVAL;108;23;CENTRO;EEF FRANCISCO DE ASSIS DAMASCENO CARNEIRO;RUA MAJOR FIEL S/N
FORTALEZA;82;672;CRISTO REDENTOR;EM ANTONIO MENDES;RUA DONA MENDINA, 682
MARACANAÚ;122;190;CÁGADO;EMEIEF NARCISO PESSOA DE ARAÚJO;AV. PADRE JOSE HOLANDA DO VALE S/N
MARACANAÚ;122;193;NOVO ORIENTE;EMEF DEP ULYSSES GUIMARAES;RUA 29 N. 10
MARACANAÚ;122;251;LUZARDO VIANA;E.M.E.I.E.F. MANOEL MOREIRA LIMA;ESTRADA DO PAU SERRADO, S/N
FORTALEZA;113;180;BENFICA;FACULDADE DE PSICOLOGIA DA UFC;AV. DA UNIVERSIDADE, 2762
GUARACIABA DO NORTE;74;137;DISTRITO;E.E.I.F DE BURITI APUA;SITIO ESTIVA
PENTECOSTE;50;47;ZELADORIA;EEF GOVERNADOR WALDEMAR ALCÂNTARA;RUA PEDRO HORÁCIO, 297
MARACANAÚ;104;434;PAJUÇARA;EMEF MARIA PEREIRA DA SILVA;RUA JUSTINO DE SOUSA, 842
JUAZEIRO DO NORTE;119;102;JOAO CABRAL;ESCOLA LILI NERY;RUA PADRE ALCANTARA, 1000
FORTALEZA;113;209;RODOLFO TEÓFILO;COLÉGIO DEOCLÉCIO FERRO;RUA MINERVINO DE CASTRO, 987
MARCO;96;135;BARRO VERMELHO;EEF JOSE HELVÉCIO;RUA DEP FRANCISCO MONTE
GUARACIABA DO NORTE;74;57;DISTRITO;ESCOLA DE ENS FUND JOSE GERARDO COELHO - SUSSUANHA;SUSSUANHA
MADALENA;63;180;MACAOCA;EEIF FRANCISCO CORREIA LIMA;AV. MANOEL GERMANO FILHO, 60 - UNIAO
BREJO SANTO;70;238;VILA CAVACO;CEI FRANCISCA ALVES TAVARES;VILA CAVACO
SOBRAL;121;112;CARACARÁ;ESCOLA ODETE BARROSO;PRACA DA MATRIZ S/N
JUAZEIRO DO NORTE;28;365;SAO MIGUEL;COLÉGIO OBJETIVO;RUA DOUTOR FLORO, 776
ACARAÚ;30;10;ZONA RURAL;ESCOLA JOAO JAIME FERREIRA GOMES FILHO;CURRAL VELHO DE BAIXO
MAURITI;76;119;BURITIZINHO-DISTRITO;EEF LUIZ FLORENTINO DOS SANTOS;SITIO CARNAUBINHA DOS PEUS
JIJOCA DE JERICOACOARA;30;438;CENTRO;CRECHE SORRISO DE MÃE;RUA MANOEL MARQUES - 1124
FORTALEZA;113;421;MONTESE;EEFM MARECHAL HUMBERTO DE ALENCAR C. BRANCO;RUA ALVARO FERNANDES, 913
FORTALEZA;113;392;MONTESE;IMPARH;AV JOAO PESSOA, 5.609
FORTALEZA;113;429;MONTESE;ESCOLA MUNICIPAL VICENTE FIALHO;RUA IRMA BAZET, 193
ACARAÚ;30;35;ZONA RURAL;ESCOLA LAURA FURTADO DO NASCIMENTO;VOLTA DO RIO
PARACURU;109;85;LAGOA;E. M. E. I. F. POMPILIO CIRIACO DE SOUSA;RUA SANTANA, S/N
BARBALHA;31;29;CENTRO;COLÉGIO SANTO ANTONIO;AV LYRIO CALLOU, 55
QUIXADÁ;6;308;CAMPO NOVO;EEF JOSÉ BONIFÁCIO DE SOUSA (ESCOLA MODELO);TRAVESSA DA LAVANDERIA, 152
BARBALHA;31;149;SÍTIO VENHA VER;EMEIF RAIMUNDO SEBASTIÃO SAMPAIO (SÍTIO VENHA VER);VILA SÃO FRANCISCO, S/N (POR TRÁS DO CONDOMÍNIO TERRA DOS KARIRIS)
FORTALEZA;85;122;CONJUNTO CEARÁ I;CCDH - CENTRO DE CIDADANIA E DIREITOS HUMANOS (ANTIGO LUCIO ALCANTARA);AV. ALANIS MARIA LAURINDO DE OLIVEIRA, 461, 1A ETAPA
CATARINA;60;242;SEDE;EEF JOSE RODRIGUES DA SILVA;CHAPADA
JARDIM;119;320;CACIMBAS;ESCOLA PADRE CICERO;DISTRITO DE HORIZONTE (POVOADO CACIMBAS)
JUAZEIRO DO NORTE;28;460;AREA RURAL DE JUAZEIRO DO NORTE;EMEIF NOSSA SENHORA DE FATIMA;SITIO UMARI
FORTALEZA;80;168;TAUAPE;COLÉGIO MONSENHOR JOVINIANO BARRETO;RUA FREI VIDAL 1621
QUIXADÁ;6;330;PLANALTO RENASCER;EEM GOVERNADOR LUIZ GONZAGA DA FONSECA MOTA;RUA PARAGUAI, S/N
QUIXADÁ;6;370;CALIFÓRNIA;EEF FRANCISCA TEIXEIRA;CALIFÓRNIA - SEDE
BARBALHA;31;121;NSA SRA FÁTIMA;CEI MARIA DAS GRAÇAS FURTADO CORREIA (CJ NSA SRA FATIMA);RUA JOSÉ ILÂNIO COUTO GONDIM, 270
FORTALEZA;85;333;ANTÔNIO BEZERRA;EMEIF GERARDO MILTON DE SA;RUA VALE COSTA S/N
FORTALEZA;85;264;AUTRAN NUNES;EMEIF DOLORES ALCANTARA;RUA CARDEAL ARCOVERDE S/N
PENTECOSTE;50;62;ACAMPAMENTO;EMTI FRANCISCO SÁ;AVENIDA DR. JOSÉ DE BORBA VASCONCELOS, 672
MARANGUAPE;4;541;LADEIRA GRANDE;EMEIEF FRANCISCA ROCHA MAGALHÃES;AVENIDA ALCEBÍADES RODRIGUES BARRETO SN
VARJOTA;65;198;VILA NAIARA;E.E.I.F. NAIARA MACEDO VASCONCELOS;VILA NAIARA - ZONA RURAL
PEREIRO;10;136;CENTRO;ESCOLA DE ENSINO FUNDAMENTAL E MEDIO VIRGILIO CORREIA LIMA;RUA CORONEL ANTONIO VICENTE  274
ACARAÚ;30;382;JURITIANHA;ESCOLA HUGO MARTINS DOS SANTOS;CE 178 KM 17 - JURITIANHA
ITAITINGA;78;342;PARQUE GENEZARÉ;EEF DONA CONCEIÇÃO;RUA DR. MANOEL SÁTIRO, N 132
IRAUÇUBA;41;191;CAMPINAS;ESCOLA MUNICIPAL MANOEL COELHO DA CRUZ;CAMPINAS
FORTALEZA;118;325;SERRINHA;EEFM PROFESSOR JADER MOREIRA DE CARVALHO;RUA PROFESSORA HELOISA FERREIRA LIMA, 420
JUAZEIRO DO NORTE;28;245;FATIMA;EEF JOSE FERREIRA MENEZES;PEDRO GUILHERME DA SILVA S/N
CRUZ;30;193;CANEMA;ESCOLA FILOMENA MARTINS DOS SANTOS;CANEMA
QUIXERAMOBIM;11;8;SAO MIGUEL;ESCOLA ALFREDO ALMEIDA MACHADO- VILA DE SAO MIGUEL;SAO MIGUEL
FORTALEZA;95;159;CONJUNTO PALMEIRAS;EM MARIETA CALS;RUA VALPARAISO, 160
SENADOR POMPEU;12;50;CODIA;SERVIÇO DE CONVIVÊNCIA E FORTALECIMENTO DE VÍNCULO CODIÁ;CODIA
TAUÁ;19;121;INHAMUNS;EMEF-FCO JULIAO DE SOUSA;LAGOA DO EUFRASINO
OCARA;67;264;BOA ESPERANÇA;ESCOLA MUNICIPAL RAIMUNDO DOS SANTOS LESSA;BOA ESPERANÇA
TIANGUÁ;81;48;SEMINÁRIO;E.E.F. LAR DOCE LAR;RUA FRANCISCO GENTIL DE FARIAS 
INDEPENDÊNCIA;39;183;CENTRO;EMATERCE;RUA PRESIDENTE VARGAS
BELA CRUZ;96;43;MATRIZ-LOCALIDADE;EMEIEF FRANCISCO ROMAO;MATRIZ
OCARA;67;220;CURUPIRA-DISTRITO;ESCOLA MUNICIPAL ODILON DE SOUZA BRILHANTE - ENSINO FUNDAMENTAL;CURUPIRA
PACAJUS;49;370;CONJUNTO COHAB;EEF MARIA VALCIRA NUNES NOGUEIRA;AV TEREZINHA LOPES MARTINS 34
TRAIRI;97;183;MUNDO NOVO;EEF JULIA MONTEIRO;MUNDO NOVO
FORTALEZA;95;214;CONJUNTO PALMEIRAS;EMEIEF CÉSAR CALS DE OLIVEIRA NETO;RUA OLIMPIO RIBEIRO, 20
MARACANAÚ;104;336;PAJUÇARA;EMEF MARIA PEREIRA DA SILVA;RUA JUSTINO DE SOUSA, 842
FORTALEZA;117;339;BOM JARDIM;EMEIF PROF. EDILSON BRASIL SOAREZ;RUA LOCAL 11 - CJ. TATUMUNDE
TAUÁ;19;109;BARRA NOVA;EPG JOSE FERREIRA DE SOUSA;BOM JESUS
BREJO SANTO;70;242;SAO FELIPE-DISTRITO;E. M. E. F. RAIMUNDO MOREIRA LUNA;SITIO SAO FELIPE
CAUCAIA;37;196;CIPO;E.E.F. AMARO RODRIGUES DOS SANTOS;RUA JOSE ALVES BEZERRA, S/N - REGIÃO GARROTE
ACARAPE;52;46;CENTRO;ESCOLA MARIA DO CARMO BEZERRA;RUA SEBASTIAO BEZERRA, SN
ACARAÚ;30;20;CENTRO;EEEP MARTA MARIA GIFONNI DE SOUSA;CENTRO
BATURITÉ;5;75;PUTIU-SEDE;EMTI CORONEL ESTEVÃO ALVES DA ROCHA;RUA DUQUE DE CAXIAS, 132
TRAIRI;97;27;CANAA;GE PADRE RODOLFO FERREIRA DA CUNHA;CANAA
JAGUARIBE;10;73;DISTRITO DE MAPUÁ;E.E.F. RAIMUNDO LIMA GOMES;RUA FRANCISCO ALVES MORAIS 794
CAUCAIA;37;588;CURICACA;E.E.F. EDSON DA MOTA CORREA;ESTRADA VELHA DO ICARAI, KM 02
SÃO BENEDITO;22;109;BARREIROS;EEF JOAO BATISTA SALUSTIANO DE AGUIAR;BARREIROS
FORTALEZA;94;579;VILA VELHA;EMEIEF PROF JOSE PARSIFAL BARROSO;AV MAJOR ASSIS 1076
PENTECOSTE;50;70;CENTRO;EEFM TABELIÃO JOSÉ RIBEIRO GUIMARÃES;AVENIDA TABELIÃO FRANCISCO ALVES, 161
FORTALEZA;82;669;CRISTO REDENTOR;EM ANTONIO MENDES;RUA DONA MENDINA, 682
MARANGUAPE;4;121;TRAPIÁ - PENEDO;EMEIEF CORONEL MANOEL PAULA CAVALCANTE;TRAPIÁ
FORTALEZA;82;187;MONTE CASTELO;EM LENIRA JUREMA DE MAGALHÃES;RUA TEÓFILO GURGEL, 111
POTENGI;68;62;SITIO MELANCIAS;UBS MELANCIAS;SITIO MELANCIAS
BARBALHA;31;175;CENTRO;EEF SENADOR MARTINIANO DE ALENCAR;LARGO DO ROSARIO, 20, CENTRO
ICÓ;15;143;AROEIRAS - SITIO;E.M.PROFª MARIA SILVA BARROS;SITIO AROEIRAS S/N
IBIAPINA;73;210;CENTRO;CENTRO PASTORAL ZULMIRA MELO (ANTIGO COLÉGIO DO PADRE);RUA MONSENHOR MELO, 439
ITAPIÚNA;105;136;DISTRITO DE PALMATORIA;EEF CENTRO DE EDUCAÇÃO RURAL (CERU);RUA MARECHAL CASTELO BRANCO
SENADOR POMPEU;12;151;ALTO DO CRUZEIRO;EEIEF ELISEU BECCO FILHO;ALTO DO CRUZEIRO S/N
JUCÁS;43;131;JUREMA - SÍTIO - SÃO PEDRO;GRUPO ESCOLAR FRANCISCO ANDRE DE SOUZA;SÍTIO JUREMA
SANTANA DO ACARAÚ;44;35;BARRO PRETO;EEF PEDRO ROSA DA COSTA;BARRO PRETO
TAUÁ;19;189;MARRECAS;ASSOC COMUNITÁRIA DAS BAIXAS (EPG SEBASTIAO FEITOSA LEITAO CASTRO);BAIXAS
URUBURETAMA;23;127;SÃO ROMÃO-BANANAL / ZONA RURAL;EEF FIDELIS DE CARVALHO;SAO ROMAO
CARIRIAÇU;71;82;FEITOSA;POSTO DE SAÚDE DO SÍTIO FORQUILHA;SITIO FORQUILHA
FORTALEZA;118;133;ITAPERI;EM ZAIRA MONTEIRO GONDIM;RUA PEDRO AGUIAR, 315
RUSSAS;9;318;CENTRO;ESCOLA MUNICIPAL RAIMUNDO PELOPIDAS DE ARAUJO;TRAVESSA MATOSO S/N
FORTALEZA;117;251;PARQUE SANTA ROSA;ESCOLA MUNICIPAL MARIETA GUEDES MARTINS;RUA JOSE GUEDES MARTINS 4701
JAGUARUANA;75;88;SARGENTO;E.E.F. RAIMUNDO SALES FAÇANHA;SARGENTO
SÃO GONÇALO DO AMARANTE;36;81;BOLSO;ESCOLA DE ENSINO FUNDAMENTAL MANOEL PEREIRA BRITO;BOLSO
MILAGRES;26;66;MISSIONÁRIAS;ESCOLA DONA ANTONIA LINDALVA DE MORAIS;RUA PALMERINDO MENDONCA S/N
CHOROZINHO;49;253;LEIROES;EEM DR WLADIMIR RORIZ;RUA DR LUIS COSTA SN
CARIRIAÇU;71;34;MIRAGEM;EEF JOAQUIM CABOCLO;RUA MAJOR SIMPLICIO GONÇALO, SN
BOA VIAGEM;63;245;JATOBá;EEF JERONIMO ALVES BEZERRA;JATOBA
CARNAUBAL;22;244;CENTRO;EEF JOAQUIM BASTOS GONCALVES;R JOAO FELICIO 91
CHOROZINHO;49;158;TIMBAUBA;EEF GREGORIO VITORINO DOS SANTOS;LOCALIDADE TIMBAUBA DOS MARINHEIROS
IPUEIRAS;40;39;ESTAÇÃO;ESCOLA DE ENSINO INFANTIL E FUNDAMENTAL JUAREZ CATUNDA - ESTAÇÃO;RUA MANOEL MOREIRA MATOS, 61
ACARAPE;52;91;RIACHÃO DO NORTE;ESCOLA RAIMUNDO ALVES;RIACHÃO DO NORTE
PACATUBA;57;65;MONGUBA;EEIEF MAJOR MANOEL ASSIS NEPOMUCENO;MONGUBA
POTENGI;68;69;SITIO CARCARA;ESCOLA MUNICIPAL MARIA VIRGEM DA SILVA - CARCARÁ;SITIO CARCARÁ
JARDIM;119;351;SITIO LAGOA DO ALTO;ESCOLA SANTO ANTONIO;SITIO LAGOA DO ALTO S/N
ICÓ;15;37;CENTRO - SEDE;ESCOLA MUNICIPAL PROFESSORA LOURDES COSTA;AV ILIDIO SAMPAIO,1571
JUCÁS;43;124;VENEZA - SÍTIO - MEL;ESCOLA ANTONIO GOMES;SÍTIO MEL
MILAGRES;26;63;SITIO CARNAUBA;ESCOLA JOSE RODRIGUES BEZERRA;SITIO CARNAUBA
MAURITI;76;48;COITE-DISTRITO;EEF EDSON OLEGÁRIO DE SANTANA;RUA CEL. NAZÁRIO, S/N
ICÓ;15;183;BOQUEIRAO - SITIO;ESCOLA MUNICIPAL BERNARDINHO PEREIRA;SITIO BOQUEIRAO S/N
FORTALEZA;82;698;PIRAMBU;ESCOLA MUNICIPAL SÃO CURA D'ARS;RUA SANTA ELISA, 722
FORTALEZA;82;95;MONTE CASTELO;EM PROFESSOR MARTINZ DE AGUIAR;RUA BERNARDO PORTO, 470
CAMOCIM;32;134;BOA ESPERANCA;COLEGIO MONSENHOR JOSE AUGUSTO;RUA 3 DE OUTUBRO S/N
LAVRAS DA MANGABEIRA;14;47;OURO BRANCO- DISTRITO;GRUPO ESCOLAR ROMANA RICARTE;RUA MIGUEL BISPO 114
FORTALEZA;115;117;MARAPONGA;DETRAN;AV GODOFREDO MACIEL, 2900
CATUNDA;54;78;CENTRO;E. E. F. SÃO ZACARIAS;RUA ANTONIO TIMBÓ, SN.
QUIXERAMOBIM;11;298;JOSE AURELIO CAMARA;ESCOLA CEL VIRGILIO TAVORA- CIDADE;RUA FAUSTO COSTA 180
BEBERIBE;84;85;SUCATINGA;ESCOLA MUNICIPAL RAIMUNDA CARNEIRO;RUA DAS DUNAS SN URUAU
SÃO BENEDITO;22;141;CENTRO-SEDE;ESCOLA DE ENSINO FUNDAMENTAL FARIAS BRITO;PRACA DOM COUTINHO 864
MARANGUAPE;4;1;CENTRO - MARANGUAPE;EMEF CAPISTRANO DE ABREU;RUA CEL ANTÔNIO BOTELHO, 366
MARANGUAPE;4;443;CACHOEIRA;EMEIEF JOSÉ DE MOURA;RUA JOAO RAMALHO CORDEIRO, 21
BANABUIÚ;6;430;PEDRAS BRANCAS;EEF JOSÉ ANTONIO DE OLIVEIRA;PEDRAS BRANCAS
MARACANAÚ;122;80;INDUSTRIAL;EMEIEF CORONEL ADAUTO BEZERRA (ANTIGO WALMIKI);AV. CONTORNO SUL, S/N
ITATIRA;33;465;DISTRITO DE LAGOA DO MATO;CERU - JOSÉ PAULO DE SOUSA;AV. ZEZE JUCA N 1789
FORTALEZA;115;488;PARANGABA;COLEGIO GURI  SENIOR;RUA CONEGO DE CASTRO 1780
INDEPENDÊNCIA;39;43;VÁRZEA GRANDE;E.E.F. JOSE CANUTO DE OLIVEIRA;POVOADO VARZEA GRANDE
FORTALEZA;112;579;EDSON QUEIROZ;CEI ANTÔNIA AGOSTINHO DE SOUSA;RUA TUIUIÚ, S/N
FORTALEZA;82;460;MONTE CASTELO;EEMTI CLÁUDIO MARTINS;RUA DEMÓCRITO ROCHA, 400
FORTALEZA;82;574;MONTE CASTELO;EM PROFESSOR MARTINZ DE AGUIAR;RUA BERNARDO PORTO, 470
BELA CRUZ;96;195;ARATICUNS-LOCALIDADE;EEIEF SAO JOAO BOSCO;ARATICUNS
GUARAMIRANGA;5;222;CENTRO-SEDE;EEMF ZELIA DE MATOS BRITO;RUA CEL FRANCISCO DE MATOS BRITO 280
MARANGUAPE;4;99;AMANARI;EMEIEF MENINOS DE JESUS;VASSOURAS
GUARACIABA DO NORTE;74;89;DISTRITO;ESCOLA MUNICIPAL DE CRUZ DAS ALMAS;CRUZ DAS ALMAS
QUIXERÉ;29;272;SEDE;EEFM GOVERNADOR MANOEL DE CASTRO FILHO;RUA PADRE JOAQUIM DE MENEZES 1110
ARACATI;8;224;SERROTE DO CABREIRO;CENTRO ARTESANAL DO CABREIRO;SERROTE DO CABREIRO S/N
QUIXERAMOBIM;11;272;JOSE AURELIO CAMARA;ESCOLA CEL VIRGILIO TAVORA- CIDADE;RUA FAUSTO COSTA 180
PACOTI;5;191;CENTRO-SEDE;EEFM ESCOLA MENEZES PIMENTEL;RUA DUARTE HOLANDA 573
MARANGUAPE;4;517;CACHOEIRA;EMEIEF JOSÉ DE MOURA;RUA JOAO RAMALHO CORDEIRO, 21
FORTALEZA;82;575;SÃO GERARDO;COLÉGIO MASTER - BEZERRA DE MENEZES;AV. BEZERRA DE MENEZES, 1802
JIJOCA DE JERICOACOARA;30;396;CENTRO;CRECHE SORRISO DE MÃE;RUA MANOEL MARQUES - 1124
JARDIM;119;332;SITIO BOM SUCESSO;ESCOLA MANOEL JOSE DE SOUZA;SITIO BOM SUCESSO  SN
CANINDÉ;33;375;ALTO GUARAMIRANGA;EEFM FREI POLICARPO;RUA JOAO BASTOS 2027
FORTALEZA;82;258;SÃO GERARDO;CEJA PAULO FREIRE;RUA OLAVO BILAC, 1300
SANTANA DO ACARAÚ;44;99;CENTRO;COLÉGIO SANTANENSE;RUA DR MANOEL JOAQUIM 1019
PINDORETAMA;7;224;SEDE;EMEB PROFESSORA VERÔNICA PEREIRA DE ARAÚJO;RODOVIA CE-040, S/N, PINDORETAMA
ITATIRA;33;469;DISTRITO DE LAGOA DO MATO;EMEF ANTONIO HONORATO;RUA PRINCESA ISABEL S/N
PACAJUS;49;18;BURITI;EEF ALBA LARANJEIRA DE ALBUQUERQUE;RUA ANACLETO SOUSA MAIA
GRANJA;25;183;SANTA TEREZINHA;E.E.F. SENADOR OLAVO OLIVEIRA;AV. PREF. FRANCISCO SOUSA, 71
RUSSAS;9;121;BOM SUCESSO;ESCOLA MUNICIPAL NOSSA SENHORA DE FATIMA;BOM SUCESSO
JARDIM;119;279;CENTRO;ESCOLA GOV. ADAUTO BEZERRA;AV WILSON RORIZ 1334
CARIRÉ;65;1;PARAÍSO;EEFM CEFISA AGUIAR;RUA ISAIAS MACHADO PORTELA
FORTIM;8;99;CANTO DA BARRA;EEFTI. COMUNITÁRIA DA BARRA;RUA ANGELITA FELIPE BEZERRA, 47.
FORTALEZA;1;500;VARJOTA;FACULDADE FARIAS BRITO - CASTRO MONTE;RUA CASTRO MONTE 1364
FORTALEZA;117;399;MANOEL SÁTIRO;EMEIF MARIA BEZERRA QUEVEDO;RUA 103, 28 - CJ. NOVO MONDUBIM
FORTALEZA;113;163;JARDIM AMÉRICA;EMEIF MOZART PINTO;RUA JORGE DUMMAR, 2078
RUSSAS;9;176;LAGOA DO TEIXEIRA;ASSOCIAÇÃO DOS PRODUTORES RURAIS DE LAGOA DO TEIXEIRA;LAGOA DO TEIXEIRA
FORTALEZA;83;758;BELA VISTA;ESCOLA MUNICIPAL JOSÉ NAURI BRAGA;RUA PROFESSORA LILIA ABREU, 231
EUSÉBIO;88;144;COAÇU;COLÉGIO 7 DE SETEMBRO;RUA DANILO ARRUDA, S/N
LAVRAS DA MANGABEIRA;14;36;MANGABEIRA - DISTRITO;CENTRO DE EDUCAÇÃO INFANTIL PAPA PAULO VI - CRECHE;RUA TOMAZ DE LEMOS, S/N, CENTRO
CHORÓ;6;156;MARAVILHA;EEIF MARIA AMELIA;BOA VISTA, S/N, MARAVILHA
FORTALEZA;93;180;MONDUBIM;EEFM ESTADO DO MARANHAO;RUA CARLOS PIMENTA,506
REDENÇÃO;52;10;CENTRO (SEDE);CENTRO EDUCACIONAL PERBOYRE E SILVA;RUA MARECHAL DEODORO, N. 399
PACAJUS;49;157;CROATA I;SECRETARIA DE TRABALHO E DESENVOLVIMENTO SOCIAL - STDS;AV. LUCIO JOSÉ DE MENEZES, 1254
FORTALEZA;118;463;PASSARÉ;COLÉGIO LIRA COUTINHO;RUA BELOS PORTOS, 453
FORTALEZA;85;236;CONJUNTO CEARÁ I;EEFM DOUTOR GENTIL BARREIRA;RUA 202-D, S/N - CONJUNTO CEARÁ I
CARIRÉ;65;29;ZONA RURAL;ESCOLA EIEF DONA MARIA LUCAS;ANGICOS
FORTALEZA;82;525;PIRAMBU;EEFM GOVERNADOR FLÁVIO MARCÍLIO;AV. PASTEUR, 575
FORTALEZA;82;642;MONTE CASTELO;COLÉGIO EURÍDICE;RUA NATURALISTA FEIJÓ, 736
FORTALEZA;112;409;EDSON QUEIROZ;COLEGIO ARI DE SA CAVALCANTE WS;AV WASHINGTON SOARES, 3737
VÁRZEA ALEGRE;62;97;NARANIU;EEF ISABEL MARIA DA CONCEIÇÃO;SÍTIO LAGOA REDONDA
MARANGUAPE;4;96;JUBAIA;EMEF LEONOR DE CASTRO BORGES;RUA ANTÔNIA BOTELHO, 83
OCARA;67;171;NOVO HORIZONTE-DISTRITO;ESCOLA MUNICIPAL GERALDO MACER CARNEIRO - ENSINO FUNDAMENTAL;BORGES LAGOA NOVA
CHORÓ;6;94;MARAVILHA;EEIF FRANCISCO SEGUNDO;BOA VISTA, S/N, MARAVILHA
CRATO;27;322;PIMENTA;EEFM TEODORICO TELES DE QUENTAL;RUA DOUTOR IRINEU PINHEIRO, 305
CASCAVEL;7;292;CENTRO;COLEGIO CASCAVELENSE - CC;RUA SAMUEL BEDE, 2626
TAMBORIL;61;79;DISTRITO DE OLIVEIRAS;EMEIF DONA MONICA;POVOADO SANTA QUITERIA
FORTALEZA;112;32;ENGENHEIRO LUCIANO CAVALCANTE;COLÉGIO ANTARES - SEDE WASHINGTON SOARES;RUA CAETANO XIMENES ARAGÃO,110 - ACESSO PELA RUA ARMANDO DALL'OLIO
MARANGUAPE;4;42;GUABIRABA - MARANGUAPE;EMEF SANTA RITA;RUA WALTER LOPES, S/N
UBAJARA;73;145;MONTE CASTELO;ESCOLA FLAVIO RIBEIRO LIMA;RUA TEN JOSE RAMIRO DE SOUSA
QUIXELÔ;13;155;ÁREA RURAL DE QUIXELÔ;ESCOLA DE ENS FUND DO SÍTIO MULUNGU;MULUNGU-SITIO
TRAIRI;97;150;SERRINHA;EEF PROFESSOR ELIZEU BARBOSA;ALTO SAO FRANCISCO
SALITRE;38;140;ZONA RURAL, SALITRE/CE;E.E.I.F. MANOEL CAVALCANTE - SÍTIO CAVALCANTE;SÍTIO CAVALCANTE
FORTALEZA;113;138;JARDIM AMÉRICA;EEFM ESTADO DO PARANÁ;RUA ALBERTO MAGNO, 123
JARDIM;119;323;JARDIM MIRIM;ESCOLA MONSENHOR ALCANTARA;DISTRITO DE JARDIM MIRIM
MORADA NOVA;47;179;SAO JOSE;EEB PROFESSORA HILDA PONCIANO DE OLIVEIRA LIMA(ESCOLA MODELO);RUA RAIMUNDO CARNEIRO GIRÃO, 872
FORTALEZA;95;255;BARROSO;EMEIEF OTAVIO DE FARIAS;RUA JOAO FERREIRA, S/N
FORTALEZA;116;423;BONSUCESSO;EM MARIA DO SOCORRO ALVES CARNEIRO;RUA LUIS VIEIRA 1020
ITAIÇABA;75;142;LOGRADOURO;CEI FRANCISCO AMARAL MAIA;LOGRADOURO
FORTALEZA;3;416;ALDEOTA;UNICHRISTUS ALDEOTA;RUA VISCONDE DE MAUÁ, 1940
FORTALEZA;93;242;PREFEITO JOSÉ WALTER;EM ROGACIANO LEITE;RUA 45, S/N - III ETAPA
SOBRAL;121;147;CENTRO;CAMARA MUNICIPAL DE SOBRAL - ANEXO 2;RUA RANDAL POMPEU, 103
NOVO ORIENTE;99;2;CENTRO;EEB DR. ANTONIO EUFRASINO NETO;RUA LUIZ BEZERRA, S/N
MILHÃ;55;74;CENTRO;ESCOLA DE ENSINO FUNDAMENTAL CLEONICE B. PINHEIRO ROSA;RUA PEDRO JOSE DE OLIVEIRA 908
IPUEIRAS;40;152;NOVA GRAÇA;ESCOLA DE ENSINO FUNDAMENTAL JOÃO BEZERRA DE MOURA - NOVA GRAÇA;NOVA GRAÇA
CAUCAIA;120;332;CAPUAN;E.E.F. JOSE ALEXANDRE;RUA DA LAGOA, 135
EUSÉBIO;88;186;PARQUE HAWAÍ;CENTRO DA 1ª INFÂNCIA (POLO EDUARDO SÁ - ABC);RUA PIONEIRO S/N
FORTALEZA;3;613;ALDEOTA;COLÉGIO ESPAÇO ABERTO - DOM LUÍS;AV. DOM LUÍS, 730
ABAIARA;26;115;DISTRITO SÃO JOSÉ;ESCOLA CORONEL HUMBERTO BEZERRA;AV JULIO SAMPAIO S/N
JUAZEIRO DO NORTE;28;271;PIO XII;EEF HELOISA SOBREIRA DIAS CAMILO;RUA MIGUEL PEDRO DE BRITO, 46
FORTALEZA;116;74;GRANJA PORTUGAL;CRECHE PEQUENO MUNDO DE FLORA;RUA ANTONIO NERI, 1350
MARACANAÚ;122;206;JARI;EMEF JOSÉ ASSIS DE OLIVEIRA(JARY);RUA PAULO AFONSO 4259
LAVRAS DA MANGABEIRA;14;23;CENTRO - SEDE;EEMTI FILGUEIRAS LIMA;RUA HILDA AUGUSTO, 429, ROSÁRIO
LAVRAS DA MANGABEIRA;14;108;OURO BRANCO- DISTRITO;POSTO DE SAÚDE DE OURO BRANCO;RUA BERNARDO ALENCAR, S/N
FORTALEZA;117;264;SIQUEIRA;EEFM SENADOR OSIRES PONTES;RUA DIVINA 150
MARACANAÚ;122;182;PIRATININGA;EMEF RUI BARBOSA;RUA DO CAMPO 51
FORTALEZA;93;105;MONDUBIM;EM OSMIRIO DE OLIVEIRA BARRETO;RUA 10, S/N (CJ SITIO DO CÓRREGO)
CAMOCIM;32;282;JARDIM DAS OLIVEIRAS;ESCOLA PROFISSIONALIZANTE MONSENHOR EXPEDITO DA SILVEIRA;RUA CLEBER PESSOA NAVARRO VERAS
FORTALEZA;2;540;GUAJERU;EEEP COMENDADOR MIGUEL GURGEL;RUA JOSE BAIMA, S/N
FORTALEZA;114;351;JARDIM IRACEMA;EM 11 DE AGOSTO;RUA ERETIDES DE ALENCAR, S/N, EM FRENTE AO N. 1623
AURORA;69;76;MOCOS-SITIO;POSTO DE SAÚDE (MOCÓ);SITIO MOCÓ
ARACOIABA;67;40;BAIXIO-SITIO;ESCOLA MUNICIPAL VEREADOR JOSE MOURA;BAIXIO
ACOPIARA;60;36;DISTRITO DE SANTO ANTONIO;EEF EZEQUIEL FERREIRA LIMA;SITIO SANTA LUZIA
ARNEIROZ;101;55;CENTRO - SEDE;GRUPO MUNICIPAL MARIA ANGELIM PETROLA;RUA CEL VIRGILIO TAVORA 48
IGUATU;13;289;RIACHO VERMELHO;ESCOLA DE ENS FUND DOMINGOS FELIX TEIXEIRA;SITIO RECREIO
FORTALEZA;93;77;MONDUBIM;EM JONATHAN DA ROCHA ALCOFORADO;RUA MARIA GOMES DE SÁ,1030 ARACAPÉ
ITAPIPOCA;17;575;BELA VISTA;EEB JOAO BATISTA PIRES;BELA VISTA
SÃO GONÇALO DO AMARANTE;36;309;SAQUINHO;CRECHE RAIMUNDO BRASILEIRO FLORINDO;SAQUINHO
FORTALEZA;3;584;MEIRELES;ESCOLA DE SAÚDE PÚBLICA DO CEARÁ;AV. ANTÔNIO JUSTA, 3161
JUAZEIRO DO NORTE;119;37;PREFEITO CARLOS ALBERTO DA CRUZ;ESCOLA ZILA BELEM;FRANCISCO VICENTE SILVA CAVALCANTE SN
FORTALEZA;115;136;PARANGABA;COLÉGIO INVICTUS;RUA ARARIBÓIA, 192
ITAPIPOCA;17;96;ASSUNÇÃO;EEM NOSSA SENHORA DA ASSUNCAO;ASSUNCAO
IGUATU;13;176;FLORES;ESCOLA DE ENS FUND CARLOTA TAVORA;JUVENAL BARRETO 432
CAUCAIA;123;448;PARQUE GUADALAJARA (JUREMA);COLÉGIO PLENO DO CEARÁ - CPC;RUA PADRE ALFREDO NESI, 363 (ANTIGA RUA CAMPECHE )
CAUCAIA;123;298;PARQUE GUADALAJARA (JUREMA);E.E.I.E.F. DANILO DALMO DA ROCHA CORRÊA;RUA ACAPULCO, 1805 - PARQUE POTIRA II
CRATO;27;178;MONTE ALVERNE;EEIEF PROFESSORA PUREZA TELES;RUA SÃO FRANCISCO S/N - MONTE ALVERNE
MARACANAÚ;122;282;ANTONIO JUSTA;EMEIF INTEGRANDO O SABER;RUA PEDRO DE PAULA BARROS,620
HIDROLÂNDIA;54;129;DISTRITO DE CONCEIÇÃO;E.M.E.F. MARIA AVELINO DE CARVALHO;RUA GONÇALO VIEIRA, S/N.
CRATO;27;237;NOVO HORIZONTE;ROTARY CLUBE DO CRATO;RUA ROTARY S/N, PARQUE FLORESTA
CAMPOS SALES;38;6;B. CENTRO;E.E.E.M.T.I - MARIA DOLORES ARRAIS - (GRUPINHO);TRAVESSA VICENTE ALEXANDRINO DE ALENCAR,297
CROATÁ;74;47;DISTRITO;ESCOLA MUNICIPAL PROFESSORA MARIA DO CARMO MELO (BETANIA);BETANIA
SOBRAL;24;669;SUMARÉ;EEFI JOSE PARENTE PRADO;RUA SANTA MARTA,100
FORTALEZA;114;258;BARRA DO CEARÁ;EM FRANCISCO DOMINGOS DA SILVA;AVENIDA PRESIDENTE CASTELO BRANCO 4707
FORTALEZA;116;424;BOM JARDIM;EM RAIMUNDO MOREIRA SENA;RUA G, 93, CJ. NOVA RESIDENCIA
FORTALEZA;116;470;BONSUCESSO;EM XV DE OUTUBRO;RUA GUARANI, 2030
RUSSAS;9;308;TABULEIRO DO CATAVENTO;CAIC - SENADOR CARLOS JEREISSATI;RUA 25 SN  MUTIRAO
CAUCAIA;123;346;MARECHAL RONDON (JUREMA);E.E.I.E.F. ECONOMISTA RUBENS VAZ DA COSTA;AVENIDA NOVO HORIZONTE, S/N
CAUCAIA;123;475;ARATURI (JUREMA);E.E.F.M. PRESIDENTE JOSÉ SARNEY;AV. CENTRAL OESTE, 262
FORTALEZA;83;164;JÓQUEI CLUBE;EEFM HERACLITO DE CASTRO E SILVA;RUA SILVEIRA FILHO, 808
FORTALEZA;85;304;ANTÔNIO BEZERRA;EEFM ANTONIO BEZERRA;RUA PADRE PERDIGAO SAMPAIO 780
LAVRAS DA MANGABEIRA;14;42;CARNAUBA - SITIO;ASSOCIAÇÃO DOS AGRICULTORES DO SÍTIO CARNAÚBA E ADJACÊNCIAS;SÍTIO CARNAÚBA
SANTA QUITÉRIA;54;69;PIRACICABA;ESCOLA MUNICIPAL QUITERIENSE;RUA TABELIÃO FRANCISCO PAULA LOBO, S/N.
MARACANAÚ;122;173;SIQUEIRA (siqueira 2);EMEF VALDENIA ACELINO DA SILVA;RUA IRINEU MACHADO, 1250
ALCÂNTARAS;24;456;ROSÁPOLES;EEFI JOSE NAPOLEAO XIMENES;POVOADO DE ROSAPOLES
ITAREMA;98;163;ZONA RURAL;LICEU DE ALMOFALA - EEM JOSE MARIA MONTEIRO;RUA AGRIPINO TOMAS DE SOUSA S/N - ALMOFALA
AQUIRAZ;66;333;PRAINHA;CEI LUIZ SEMEAO DA COSTA;AV DAMIAO TAVARES DE SOUZA, S/N
ITAPIPOCA;17;92;ASSUNÇÃO;EEM NOSSA SENHORA DA ASSUNCAO;ASSUNCAO
FORTALEZA;118;560;MONDUBIM;EM PROFESSOR JACINTO BOTELHO;RUA DR. RODRIGO CODES SANDOVAL, 374
ACOPIARA;60;284;VILA ESPERANCA;EEF FRANCISCO UCHOA DE ALBUQUERQUE;ANTONIO MOREIRA SN
ACARAÚ;30;28;JURITIANHA;ESCOLA HUGO MARTINS DOS SANTOS;CE 178 KM 17 - JURITIANHA
FORTALEZA;1;638;VICENTE PINZON;ESCOLA ESTADUAL MURILO BORGES;RUA DO ENTARDECER 90
FORTALEZA;117;194;PARQUE SÃO JOSÉ;CITS PARQUE SÃO JOSÉ - CENTRO DE INCLUSÃO TECNOLÓGICA E SOCIAL;RUA CÔNEGO DE CASTRO, 3955
FORTALEZA;117;159;MANOEL SÁTIRO;EEF JOSE AYRTON TEIXEIRA;RUA ALFREDO MAMEDE SN
MARCO;96;193;BAIRRO CORACAO DE JESUS;EEF SAGRADO CORACAO DE JESUS;RUA PARSIFAL BARROSO
SOBRAL;121;59;COHAB I;EEFM MONS. JOSE GERARDO FERREIRA GOMES(NOELIA);RUA MADALENA DE SÁ, S/N
ITAPAJÉ;41;275;ESMERINO GOMES;ESCOLA MUNICIPAL PREF ROQUE SILVA MOTA;RUA OTAVIO PINTO DE MESQUITA
FORTALEZA;82;118;CRISTO REDENTOR;CCDH - CENTRO DE CIDADANIA E DIR. HUMANOS - GOV. VIRGÍLIO TÁVORA;AV. MONSENHOR HELIO CAMPOS, 178
IPU;21;90;SEDE;PATRONATO SOUSA CARVALHO;PCA DR CHAGAS PINTO 1045 - CENTRO
SÃO BENEDITO;22;83;SITIO JUSSARA;EEF CICERO CLEMENTINO DE MEDEIROS;SITIO JUSSARA
BEBERIBE;84;72;SUCATINGA;ESCOLA MUNICIPAL RAIMUNDA CARNEIRO;RUA DAS DUNAS SN URUAU
FORTALEZA;3;283;PRAIA DE IRACEMA;EM SÃO RAFAEL;RUA DOS TABAJARAS, 244
FORTALEZA;2;732;LAGOA REDONDA;POSTO DE SAÚDE TEREZINHA PARENTE;RUA NELSON COELHO, 215
FORTALEZA;112;436;EDSON QUEIROZ;COLEGIO ARI DE SA CAVALCANTE WS;AV WASHINGTON SOARES, 3737
ARARENDÁ;48;74;CENTRO;E. E. F. M.  21 DE DEZEMBRO;RUA FRANCISCO FERRAZ, S/N
EUSÉBIO;88;264;TAMATANDUBA;CEI TEREZINHA CAMPINA BRAUNA;RUA EZEQUIEL CAMPINA, S/N
FORTALEZA;83;548;DEMOCRITO ROCHA;ESCOLA MUNICIPAL JOSÉ BONIFÁCIO DE SOUSA;RUA PERNAMBUCO 600
MADALENA;63;167;SEDE;EEF DAU ALBERTO;CAJAZEIRAS
ACARAPE;52;6;CENTRO;ESCOLA JOSÉ NEVES DE CASTRO;RUA CHICO VIEIRA, SN
ACARAÚ;30;204;BAILARINA;ESCOLA PROF. JOELINA RIBEIRO RAMOS VIANA;RUA NEON SALES SN
FORTALEZA;116;286;GRANJA LISBOA;CAIC - MARIA ALVES CARIOCA;RUA GUARAREMA 690
BEBERIBE;84;138;SITIO ONOFRE;ESCOLA MUNICIPAL GERMANO JOSE DO NASCIMENTO;SITIO ONOFRE
SÃO BENEDITO;22;188;CENTRO-SEDE;NAEC - NÚCLEO DE ARTE, EDUCAÇÃO E CULTURA - PROFESSOR OSCAR COSTA DE S;RUA CAPITÃO MIRANDA S/N CENTRO
FORTALEZA;95;328;JANGURUSSU;EMEIEF LIONS CLUBE FORTALEZA FÁTIMA;TRAVESSA LIONS CLUBE, 141
BREJO SANTO;70;141;SAO FRANCISCO-SEDE;SINDICATO DOS TRABALHADORES RURAIS;RUA GENÉSIO RICARTE, 130
MARACANAÚ;104;378;JARDIM BANDEIRANTES;EMEF EVANDRO AYRES DE MOURA;RUA SÃO SEBASTIÃO, 341
BARBALHA;31;54;CENTRO;COLÉGIO DOM BOSCO OBJETIVO (CENTRO);RUA ADÃO APOLINÁRIO, S/N
MARANGUAPE;4;106;NOVO MARANGUAPE I (ÁREA VERDE) - MARANGUAPE;EMEF JOSÉ FERNANDES VIEIRA;RUA PEDRO MOREIRA VASCONCELOS, 125
ITAPAJÉ;41;58;IRATINGA;E.E.M. ANTONIO CUSTÓDIO DE MESQUITA;RUA ANTONIO CUSTODIO DE MESQUITA 76
CATARINA;60;236;CENTRO;EEF PAES DE ANDRADE;RUA MANOEL DOMINGUES
FORTALEZA;83;789;JOÃO XXIII;CENTRO DE FORMAÇÃO E DESENV. PARA PROFISSIONAIS DA EDUCAÇÃO - FORMACE;RUA PORTO VELHO, 401
JUAZEIRO DO NORTE;119;382;PLANALTO;LICEU - EEEP ADERSON BORGES DE CARVALHO;R. VICENTE TEIXEIRA DE MACEDO, 561
MARACANAÚ;104;360;JARDIM BANDEIRANTES;EMEF EVANDRO AYRES DE MOURA;RUA SÃO SEBASTIÃO, 341
SANTANA DO ACARAÚ;44;112;LADEIRA VERMELHA;EEF JOSÉ PEREIRA DO NASCIMENTO;LADEIRA VERMELHA
FORTALEZA;116;195;GRANJA LISBOA;EM PROF LIREDA FACO;RUA TRES CORACOES 735
FORTALEZA;95;327;BARROSO;EEFM PROFESSOR  ALOYSIO BARROS LEAL;RUA 10,  LOT. PRQ.VERDE 28 (CJ JOAO PAULO II)
ITAPAJÉ;41;88;PADRE LIMA;E.E.M. MONSENHOR CATAO PORFIRIO SAMPAIO;RUA TEIXEIRA PINTO 136
SALITRE;38;122;CENTRO;E.E.I.F ANTONIO LEITE DE ALENCAR - SEDE;RUA SANTO ANTONIO  S/N
ITAPIÚNA;105;107;CENTRO;CENTRO COMUNITARIO LUIZA TAVORA;RUA FIRMINO ANTUNES S/N
QUIXERAMOBIM;11;307;CENTRO;LICEU ALFREDO ALMEIDA MACHADO;AV. DR. JOAQUIM FERNANDES, 95 - CENTRO
FORTALEZA;83;121;PICI;CENTRO DE EDUCAÇÃO INFANTIL MURILO SERPA;RUA CEL. MATOS DOURADO S/N
TRAIRI;97;87;GUALDRAPAS;EEF JOAQUIM DIAS FREITAS;GUALDRAPAS
CAUCAIA;37;189;GARROTE;E.E.F. FAUSTO DARIO SALES;CE 085 KM 12 - FAZENDA GARROTE
FORTALEZA;117;433;BOM JARDIM;EEFM SANTO AMARO;RUA NOVA CONQUISTA 871
JUAZEIRO DO NORTE;28;136;SAO MIGUEL;EEM JOSE BEZERRA;SAO JORGE 440
VÁRZEA ALEGRE;62;25;BETÂNIA;EEP JOSÉ IRAN COSTA;RUA MUNDINHO PROTO, S/N
CAUCAIA;37;624;ICARAI;EEIEF CELINA SÁ MORAIS;AVENIDA OTAVIADO COSTA, SN
ACARAPE;52;40;CENTRO;ESCOLA JOSÉ NEVES DE CASTRO;RUA CHICO VIEIRA, SN
JUCÁS;43;77;SÃO PEDRO DO NORTE - VILA;ESCOLA DE 1 GRAU DOM JOSE MAURO;RUA JOSE NORBERTO DE SOUSA S/N
FORTALEZA;83;249;PANAMERICANO;EEFM ANISIO TEIXEIRA;RUA RIO GRANDE DO SUL 680
FORTALEZA;115;250;PARANGABA;FACULDADE UNINASSAU - PARANGABA;RUA GERMANO FRANCK, 567
IPU;21;134;ESCONDIDO;E.M.E.F. ELDA PEREIRA MOTA;RUA GERARDO ERASMO DE FARIAS
SANTA QUITÉRIA;54;50;BOA VIDA;COLÉGIO DOM BOSCO;RUA OTÁVIO TERCEIRO DE FARIAS, 245
ORÓS;15;269;GUASSUSSE - DISTRITO;E.E.F. MANOEL RAIMUNDO MONTANHA;RUA DA MATRIZ, S/N
CAUCAIA;37;319;CARAÚBAS;E.E.F. JOAQUIM DA ROCHA FRANCO;AVENIDA JOAQUIM DA ROCHA, S/N
MARANGUAPE;4;87;SÃO JOÃO DO AMANARI;EMEF JOSÉ PEREIRA DE SOUSA;RUA MIGUEL FERNANDES, 571
PARAMBU;19;308;CENTRO;ESCOLA FRANCISCO ALVES TEIXEIRA;RUA PEDRO ALVES DA COSTA, 38 - CENTRO
QUIXELÔ;13;149;ANTONICO-DISTRITO;ESCOLA DE ENS FUND JOAO VICENTE ALVES;ANTONICO-DISTRITO
CANINDÉ;33;20;SANTA CLARA;CENTRO SOCIAL URBANO;RUA SITONIO MONTEIRO 999
TABULEIRO DO NORTE;91;101;CENTRO;ESCOLA DE 1 E 2 GRAUS FRANCISCO MOREIRA FILHO;RUA MANOEL FRANKLIN, 5033
FORTALEZA;82;416;CARLITO PAMPLONA;EM TERTULIANO CAMBRAIA;RUA MONSENHOR ROSA, 946
SOBRAL;121;289;BONFIM;ESCOLA ELDA CAVALCANTE LIMA - BONFIM (TEMPO INTEGRAL);RODOVIA MOACIR LIMA FEIJAO
PACAJUS;49;58;MANGABEIRA;EEF JOAQUIM AMÂNCIO BEZERRA;AV. DUCA PEDRO, S/N
TIANGUÁ;81;147;SANTO ANTÔNIO;E.E.F. PROFª. ESTER DE AGUIAR MENEZES;RUA CORONEL JOÃO DAMASCENO, S/N
PACATUBA;57;211;CONJUNTO JEREISSATI II;EEEP PROFª LUISA DE TEODORO VIEIRA;AV. XXV S/N
QUITERIANÓPOLIS;99;97;ZONA RURAL;EEIF FRANCISCO DE ASSIS FERREIRA;SANTA RITA
FORTALEZA;83;502;DEMOCRITO ROCHA;ESCOLA MUNICIPAL JOSÉ BONIFÁCIO DE SOUSA;RUA PERNAMBUCO 600
BOA VIAGEM;63;89;TRAPIA DOS LOBOS;EEF FRANCISCO LOBO CAVALCANTE;TRAPIA DOS LOBOS
BANABUIÚ;6;419;CENTRO;EEF CENTRO EDUCACIONAL MUNICIPAL CELESTINO DE SOUSA;AV. QUEIROZ PESSOA, S/N
FORTALEZA;116;387;BONSUCESSO;EM FRANCISCA FERNANDES MAGALHAES (COLÉGIO CASTRO);RUA OLIVEIRA SOBRINHO, 1031
CRUZ;30;385;CENTRO;ESCOLA CONSTÂNCIA DE SOUSA MUNIZ;CENTRO
SOBRAL;121;331;COHAB II;ESCOLA PROF. MARIA DAS GRAÇAS TEIXEIRA PONTES;RUA ENG. JOSE FIQUEIREDO, 530
FORTALEZA;82;189;MONTE CASTELO;EEMTI CLÁUDIO MARTINS;RUA DEMÓCRITO ROCHA, 400
MARACANAÚ;104;129;PAJUÇARA;EMEF RODOLFO TEÓFILO;RUA OTÁVIO ALVES, 1120
FORTALEZA;117;451;CANINDEZINHO;EM PADRE ANTONIO MONTEIRO DA CRUZ;RUA DE PEDESTRE XIII, 25 - JARDIM FLUMINENSE II
ITATIRA;33;159;DISTRITO DE LAGOA DO MATO;EMEF ANTONIO HONORATO;RUA PRINCESA ISABEL S/N
TABULEIRO DO NORTE;91;70;TAPERA;ASSOCIAÇÃO DOS MORADORES DA TAPERA;SITIO TAPERA
MARACANAÚ;104;329;PAJUÇARA;EMEF LUIZ GONZAGA DOS SANTOS;RUA PEDRO BATISTA, 110
LAVRAS DA MANGABEIRA;14;30;ARROJADO - DISTRITO;ESCOLA DE 1 GRAU MANOEL GONCALVES;RUA JOSE CAETANO S/N
CAUCAIA;37;226;MESTRE ANTONIO;E.E.I.E.F. MENINO JESUS;RUA FRANCISCO EDSON DA SILVA, 163
MARANGUAPE;4;628;GUABIRABA - MARANGUAPE;CEI ISAURINHA DIÓGENES;RUA NAPOLEÃO LIMA, 780
AQUIRAZ;66;170;CENTRO;EMEF ERNESTO GURGEL VALENTE;RUA FRANCISCO CAMARA, SN
SÃO BENEDITO;22;106;CENTRO-SEDE;CENTRO EDUCACIONAL DA VIRGEM PODEROSA - CEVP;RUA JOSE ARMANDO RODRIGUES 306
FORTALEZA;93;213;PREFEITO JOSÉ WALTER;CEJA - CENTRO DE EDUCAÇÃO DE JOVENS E ADULTOS;AV. L, S/N - II ETAPA
CARNAUBAL;22;217;FAVEIRA;CEI ANTONIA DE PADUA COSTA MONTEIRO;FAVEIRA
BATURITÉ;5;67;PUTIU-SEDE;EMTI CORONEL ESTEVÃO ALVES DA ROCHA;RUA DUQUE DE CAXIAS, 132
QUIXERAMOBIM;11;250;CONJUNTO ESPERANCA;CRECHE JOSE TEOGENES DE ALMEIDA;RUA JOSE ADOLFO NOGUEIRA
CAUCAIA;37;585;JANDAIGUABA;E.E.I.E.F. MARIA HELENA MOREIRA DA SILVA;RUA DO GRUPO, 249
ICÓ;15;57;ICOZINHO - DISTRITO;EMTIH - FRANCISCO ALBENIR DUARTE;RUA SAO VICENTE S/N
ICÓ;15;98;SEDE URBANA;ESCOLA MUNICIPAL MANOEL ANTONIO NUNES;RUA DO CRUZEIRO S/N
INDEPENDÊNCIA;39;202;SANTA CRUZ;E.E.F.JOSÉ SOARES DA SILVA;SANTA CRUZ
ARACATI;8;164;TANQUE SALGADO II;IGREJA CATOLICA DO TANQUE SALGADO II;TANQUE SALGADO II
AMONTADA;89;130;ICARAÍ;EEBTI MARIA ALVES SOBRINHA;PRAÇA DA MATRIZ
SENADOR POMPEU;12;50;CODIA;SERVIÇO DE CONVIVÊNCIA E FORTALECIMENTO DE VÍNCULO CODIÁ;CODIA
MILHÃ;55;125;CARNAUBINHA;CENTRO DE CONVIVÊNCIA ESMERALDO BECO BEZERRA;RUA NEUTELINA COSTA BEZERRA
GRAÇA;79;141;SITIO PIRITUBA;CENTRO COMUNITARIO JOAQUIM XIMENES;SITIO PIRITUBA
FORTALEZA;82;618;JACARECANGA;EEMTI SALES CAMPOS;RUA JACINTO MATOS, 730
JAGUARUANA;75;119;ASSENTAMENTO BELA VISTA;E.E.F. NOSSA SENHORA DO LIVRAMENTO;ASSENTAMENTO BELA VISTA
FORTALEZA;94;834;JARDIM GUANABARA;COLÉGIO DOM QUINTINO;RUA CECIL SALGADO, 53
ALTO SANTO;86;3;CENTRO;POLO DE CONVIVÊNCIA SOCIAL;RUA ANDERSON BESSA S/N
VÁRZEA ALEGRE;62;144;RIACHINHO;CRECHE ANTONIO PEDRO DA SILVA;RUA LIDIO DUARTE, 291
FORTALEZA;82;362;SÃO GERARDO;COLÉGIO MASTER - BEZERRA DE MENEZES;AV. BEZERRA DE MENEZES, 1802
JUAZEIRO DO NORTE;28;299;CENTRO;COLÉGIO BATISTA DO CARIRI;RUA SAO PAULO 797
MERUOCA;24;662;Palestina do Norte;EEF - HENRIQUE SEVERINO DUARTE;RUA RAIMUNDO FAUSTINO - DISTRITO PALESTINA
FORTALEZA;93;170;ARACAPÉ;EMEIF IVANILSON SOUZA LIMA COSTA;RUA POLIANA N.102
TRAIRI;97;83;CORREGO DOS FURTADOS;EEF SINZINA  AZEVEDO;CORREGO DOS FURTADOS
VÁRZEA ALEGRE;62;48;CANINDEZINHO-SEDE DO DISTRITO;CERU - EEF PROFESSORA MARIA DOLORES MENESES DE CARVALHO;DISTRITO DE CANINDEZINHO
BARRO;92;32;SANTO ANTONIO-DISTRITO;ESCOLA DE 1 GRAU JOAQUIM ALVES PEREIRA;DISTRITO DE SANTO ANTONIO
FORTALEZA;82;119;CRISTO REDENTOR;CCDH - CENTRO DE CIDADANIA E DIR. HUMANOS - GOV. VIRGÍLIO TÁVORA;AV. MONSENHOR HELIO CAMPOS, 178
CAUCAIA;37;19;GRILO;EEIEF NAIR MAGALHÃES GUERRA;RUA JOAQUIM BENTO CAVALCANTE, 500
PACAJUS;49;325;CONJUNTO COHAB;EEM DIONE MARIA BEZERRA PESSOA;AV. JOSE LOPES DE MESQUITA
FORTALEZA;116;409;BONSUCESSO;EM JOAO PAULO I;RUA LUIZ DE CASTRO 254
ITAPAJÉ;41;78;BAIXA GRANDE;ESCOLA MUNICIPAL CANDIDO PINTO DE MESQUITA;BAIXA GRANDE
ITAPAJÉ;41;289;CHAPADA;ESCOLA MUNICIPAL JOSE FERREIRA LIMA;CHAPADA
JATI;70;367;CENTRO-SEDE;ESC ENS FUND PADRE MANOEL ALVES FEITOSA;RUA MANUEL LUIZ S/N
QUIXERAMOBIM;11;91;MONTEIRO DE MORAIS;ESCOLA HUMBERTO BEZERRA;RODOVIA DO ALGODAO, SN
FORTALEZA;113;199;FARIAS BRITO;EEFM DR.CÉSAR CALS;AV. DOMINGOS OLIMPIO, 1800
FORTALEZA;113;257;AMADEU FURTADO;EEF MONSENHOR LINHARES;RUA PROF. LINO ENCARNAÇÃO, 1130
AQUIRAZ;66;313;PRAINHA;EMEF RITA PAULA;AV. DAMIÃO TAVARES  DE SOUSA, S/N
FORTALEZA;113;49;JOSÉ BONIFÁCIO;COLÉGIO FARIAS BRITO;RUA SENADOR POMPEU, 2607
PACAJUS;49;385;ALTO DA BOA VISTA;EEF ARTUR BANDEIRA;RUA PROJETADA, S/N
CARIÚS;43;163;SITIO CANA BRAVA;EEIF SILVESTRE ALMEIDA DUARTE;SITIO CANA BRAVA
MORRINHOS;44;89;CENTRO;PREFEITURA MUNICIPAL DE MORRINHOS;RUA JOSE IBIAPINA S/N
FORTALEZA;113;248;PARQUELÂNDIA;EEFM SANTO AFONSO;RUA GAL. BERNARDO FIGUEIREDO, 2670
FORTALEZA;113;211;RODOLFO TEÓFILO;COLÉGIO DEOCLÉCIO FERRO;RUA MINERVINO DE CASTRO, 987
BEBERIBE;84;97;SUCATINGA;ESCOLA MUNICIPAL CONRADO MANUEL DOS SANTOS;CORREGO DO MOREIRA
PARACURU;109;9;CENTRO;E. E. M. HERMINIO BARROSO;CAP JOSE TELES, S/N
CARIRIAÇU;71;118;MONTE SERRAT;EEF FRANCISCO FEITOSA DE LIRA;SÍTIO OLHO D'ÁGUA GRANDE
RUSSAS;9;184;TABULEIRO DO CATAVENTO;CAIC - SENADOR CARLOS JEREISSATI;RUA 25 SN  MUTIRAO
PACUJÁ;79;186;CENTRO;E.E.I.F. CORIOLANO ALVES DE BRITO;AV. CORIOLANO ALVES DE BRITO, S/N
QUIXERAMOBIM;11;143;ENCANTADO;ESCOLA ALOISIO BARROS LEAL;VILA DE ENCANTADO
FORTALEZA;112;480;SAPIRANGA-COITÉ;EM IRMA SIMAS;RUA JOSE SOBREIRA, 608
SANTA QUITÉRIA;54;103;POVOADO SÃO JOSÉ DOS MOCÓS;ESCOLA MUNICIPAL JOÃO RODRIGUES MARTINS;POVOADO SÃO JOSÉ DOS MOCÓS
SÃO BENEDITO;22;112;SITIO SANTOS REIS;EEF LOURIVAL BANHOS;SITIO SANTOS REIS
SANTA QUITÉRIA;54;102;DISTRITO DE LISIEUX;E.E.F. DONA LIVRAMENTO ARAÚJO;DISTRITO DE LISIEUX
FORTALEZA;85;321;GENIBAÚ;ESCOLA MUNICIPAL DEP MURILO AGUIAR;RUA 24 DE OUTUBRO 655
CAUCAIA;37;424;PACHECO;E.E.F. ADRIANO MARTINS;RUA ADRIANO MARTINS, S/N
CANINDÉ;33;414;LOCALIDADE GROSSOS;EEF MACHADO DE ASSIS;ASSENTAMENTO GROSSOS
MARACANAÚ;104;78;TIMBÓ;EMEF DR. JOSÉ DE BORBA VASCONCELOS;AVENIDA TIMBÓ, 808
MARACANAÚ;104;290;JEREISSATI II;EMEIEF GENCIANO GUERREIRO DE BRITO;AVENIDA XII, N 3
LAVRAS DA MANGABEIRA;14;116;SÍTIO ALTO;ESCOLA JOSÉ TOMAZ DE SOUSA;SÍTIO ALTO
TEJUÇUOCA;41;164;RETIRO CAXITORE;ESCOLA DE ENSINO FUNDAMENTAL DE TEMPO INTEGRAL LUIZA DA SILVA MOTA;RETIRO CAXITORE
BOA VIAGEM;63;2;CENTRO-SEDE;CAMARA MUNICIPAL;RUA ANTONIO DOMINGUES 320
TABULEIRO DO NORTE;91;148;BOM FUTURO;EMEF ACELINO MAIA - BOM FUTURO;RUA VICENTE LAURINDO, S/N
FORTALEZA;80;194;FÁTIMA;COLÉGIO SANTO TOMÁZ DE AQUINO;RUA MÁRIO MAMEDE, 750
FORQUILHA;121;188;CENTRO;EEF DEP JOSE PARENTE PRADO(CENTRO SOCIAL);R MOCINHA VIANA 96
FORTALEZA;83;757;JOÃO XXIII;CENTRO DE FORMAÇÃO E DESENV. PARA PROFISSIONAIS DA EDUCAÇÃO - FORMACE;RUA PORTO VELHO, 401
FORTALEZA;82;376;MONTE CASTELO;EM PROFESSOR MARTINZ DE AGUIAR;RUA BERNARDO PORTO, 470
OCARA;67;255;CURUPIRA-DISTRITO;ESCOLA DE ENSINO FUNDAMENTAL JOSE DOS SANTOS;BOLAS POVOADO
BARBALHA;31;61;CENTRO;ESCOLA BEM-ME-QUER;RUA PADRE IBIAPINA, 485
CAUCAIA;37;569;PABUSSU;IFCE - INSTITUTO FEDERAL DE EDUCAÇÃO, CIÊNCIA E TECNOLOGIA DO CEARÁ;R. FRANCISCO DA ROCHA MARTINS
FORTALEZA;113;230;RODOLFO TEÓFILO;EM SÃO RAIMUNDO;RUA ALEXANDRE BARAÚNA, 1450
FORTALEZA;94;776;QUINTINO CUNHA;IGREJA DE SÃO JOSÉ;R. GEN. ALÍPIO DOS SANTOS, 375
CANINDÉ;33;262;CACHOEIRA DA PASTA;EMEF FIRMINO COELHO;RUA JOAQUIM MEDEIROS 3173
CHAVAL;108;10;CENTRO;EEF ANA BRITO DE OLIVEIRA;RUA JOSE ROMAO RIOS SN
FORTALEZA;115;103;PARANGABA;EMTI CAROLINO SUCUPIRA;RUA MUNDICA PAULA, 670
SÃO LUÍS DO CURU;23;339;COELCE;E.E.F.M UBIRATAN DINIZ AGUIAR;RUA PE. JOSÉ SINVAL FACUNDO, 356 - PARAÍSO
JUAZEIRO DO NORTE;28;63;AREA RURAL DE JUAZEIRO DO NORTE;EEF LAURENTINO ALVES DE MACENA (ST. NOVO);SITIO NOVO
FORTALEZA;80;369;FÁTIMA;INSTITUTO DE EDUCAÇÃO DO CEARÁ;RUA GRACILIANO RAMOS, 52
QUIXERAMOBIM;11;26;BERILANDIA;ESCOLA JONAS GONZAGA DE SOUSA;BERILANDIA
ICÓ;15;152;CONJUNTO GH-2;ESCOLA MUNICIPAL  DR. ALMIR ALVES FERNANDES TAVORA FILHO;CONJUNTO GH-2 S/N
BATURITÉ;5;46;CENTRO-SEDE;EMEF DOMINGOS SAVIO;AV DOM BOSCO, 393
MARACANAÚ;104;196;JEREISSATI II;EMEIEF GENCIANO GUERREIRO DE BRITO;AVENIDA XII, N 3
OCARA;67;183;SERRAGEM-DISTRITO;ESCOLA MUNICIPAL VER JOSE PIRES DE FREITAS - ENSINO FUNDAMENTAL;ESTRADA DO ALGODAO-SERRAGEM
FORTALEZA;113;232;PARQUELÂNDIA;EEFM ANTONIO SALES - PARQUELÂNDIA;RUA PROF. ANACLETO, 630
TURURU;17;635;ALTO DA PAZ;EMEF CECILIA SIQUEIRA;AV JOAO PATRICIO 583
RUSSAS;9;202;POCO DA ONCA;ESCOLA MUNICIPAL JOAQUIM SIMPLICIO DA COSTA;POCO DE ONÇA
SÃO BENEDITO;22;254;SITIO JACARANDÁ;EEF PEDRO JOSE DA SILVA;SITIO JACARANDAR
ACARAÚ;30;24;ZONA RURAL;ESCOLA CAROLINO LOPES ARAUJO;CELSOLANDIA
AMONTADA;89;135;MOITAS;EEBTI JONAS PEREIRA AZEVEDO;RUA GILVANI TEIXEIRA
QUIXERAMOBIM;11;205;VILA SAO PAULO;ESCOLA ZILA ZILDA CARNEIRO;RUA CLEODON SIQUEIRA 1201
FORTALEZA;112;522;ENGENHEIRO LUCIANO CAVALCANTE;COLEGIO GLOBOMAX;RUA GENERAL CAIADO DE CASTRO, 156
MADALENA;63;260;MACAOCA;EEIF FRANCISCO CORREIA LIMA;AV. MANOEL GERMANO FILHO, 60 - UNIAO
FORTALEZA;116;289;GRANJA LISBOA;EM RACHEL VIANA MARTINS;RUA TUCUNDUBA 2703
BEBERIBE;84;160;CHORO;ESCOLA MUNICIPAL MARIO ALENCAR;RODOVIA CE 040 KM 58
JUAZEIRO DO NORTE;28;401;SALESIANOS;EMEIF VEREADOR ANTONIO FERNANDES COIMBRA;FISCAL JOSE ISIDORO SN
MOMBAÇA;46;47;MORADA NOVA;ESCOLA DE ENSINO FUNDAMENTAL MARIA AMBROSINA CAVALCANTE;MORADA NOVA
CARIÚS;43;195;ESPLANADA-SEDE;EEF MARIA SOTER PEREIRA;RUA RAUL NOGUEIRA II, S/N
CANINDÉ;33;483;CACHOEIRA DA PASTA;EMEF FIRMINO COELHO;RUA JOAQUIM MEDEIROS 3173
CARIRIAÇU;71;67;MIRAGEM;EEF LUIZ FERREIRA LINS;SITIO CRUZ
ARACATI;8;166;NOSSA SENHORA DE FATIMA;E.E.F.M. RAIZES E ASAS;RUA SAO JUDAS TADEU S/N
TIANGUÁ;81;159;ÁREA RURAL DE TIANGUÁ;E.E.F. FRANCISCO NEMÉSIO CORDEIRO;SÍTIO VALPARAÍSO
TIANGUÁ;81;68;CENTRO;UNIPLAN - CENTRO UNIVERSITÁRIO ;RUA CAPITÃO ODILON AGUIAR, 455
BARREIRA;52;53;CENTRO;ESCOLA FRANCISCA AMÉLIA DA SILVA;AV MÃE SINFOROSA, SN
MARTINÓPOLE;25;125;CENTRO;E.E.I. CECILIO PORFIRIO GOMES;AV. CAPITAO BRITO, S/N
GRANJA;25;122;SANTA TEREZINHA;E.E.F. FRANCISCA FONTENELE SOUSA BATISTA;RUA DONA MARIA SOUSA, S/N
FORTALEZA;112;189;CIDADE DOS FUNCIONÁRIOS;COLÉGIO DÁULIA BRINGEL;RUA TRAJANO ALVES DE AGUIAR, 55
CRUZ;30;76;ANINGAS;ESCOLA PAULO FREIRE;RUA 14 DE JANEIRO SN
MARACANAÚ;104;399;PAJUÇARA;EMEIEF PREFEITO ALMIR FREITAS DUTRA;RUA ELÍFIO MEDEIROS DA CUNHA, 531
BELA CRUZ;96;63;BOA ESPERANCA-LOCALIDADE;EMEF JOAO LUIS;BOA ESPERANCA
SANTANA DO ACARAÚ;44;184;RETIRO;SINDICATO DOS TRABALHADORES RURAIS DE SANTANA;TRAVESSA DR JOSÉ MENDES, 461
JIJOCA DE JERICOACOARA;30;116;ZONA RURAL;EEEP SANDRA CARVALHO COSTA;CORREGO DA FORQUILHA I
FORTALEZA;85;106;CONJUNTO CEARÁ I;CEJA ADELINO DE ALCANTARA FILHO - UV-6;RUA SEISCENTOS E DOZE, 100, 1A ETAPA
PARAMBU;19;346;CENTRO;ESCOLA MANOEL DE SOUSA - ANEXO;MIRANDA
ICÓ;15;126;LAGOINHA - SITIO;IGREJA;SITIO LAGOINHA S/N
FORTALEZA;115;224;SERRINHA;EMEIF WALDEMAR BARROSO;RUA CÔNEGO LIMA SUCUPIRA,  1651
MIRAÍMA;89;227;ÁREA RURAL DE MIRAÍMA;EEB ABILIO ANTONIO ALVES;FAZENDA LUNDU
MORADA NOVA;47;7;CENTRO;CEBCJEC -CENTRO DE EDUCAÇÃO BÁSICA CORONEL JOSÉ EPIFÂNIO DAS CHAGAS;AV MANOEL CASTRO, 600
JARDIM;119;313;SITIO LAMEIRAO;ESCOLA AGOSTINHO FELIX DE FIGUEIREDO;SITIO LAMEIRAO                                            SN
CANINDÉ;33;301;ALTO GUARAMIRANGA;EEFM FREI POLICARPO;RUA JOAO BASTOS 2027
ITAPIÚNA;105;143;ZONA RURAL;CENTRO COMUNITARIO DE GARROTE;GARROTE
BELA CRUZ;96;61;CORREGO GRANDE-SEDE;EMETI FRANCISCO ADEODATO MORAIS;RUA DEPUTADO MANOEL RODRIGUES, S/N
ASSARÉ;18;80;PARQUE DE VAQUEJADA;ESCOLA DE EDUCACAO INFANTIL E ENSINO FUNDAMENTAL MARIA ISABEL;AVENIDA DEP. MANOEL GONCALVES, S/N
PARACURU;109;82;JARDIM DO MEIO;E. M. E. I. F. MARIA YOLANDA BARROSO;JARDIM DO MEIO
ICAPUÍ;8;299;CENTRO;EEF. PROFESSORA MIZINHA;AV. 22 DE JANEIRO 5183
JUCÁS;43;44;CENTRO - SEDE;SECRETARIA DE AÇÃO SOCIAL;RUA CORONEL LUIZ DUARTE S/N
SOBRAL;121;126;CENTRO;CAMARA DOS DIRIGENTES LOJISTAS CDL;RUA DR JOAO DO MONTE 826
MARANGUAPE;4;114;ITAPEBUSSU;EMEF FRANCISCA MARQUES DE SOUSA;RUA TENENTE BARROSO, S/N
CAUCAIA;37;616;CAUÍPE;EEIEF LUIZ ROCHA MOTA;BR 222, KM 34 CAUÍPE
FORTALEZA;112;376;CIDADE DOS FUNCIONÁRIOS;EEFM WALTER DE SA CAVALCANTE;AVENIDA OLIVEIRA PAIVA, 550
FORTALEZA;82;125;JACARECANGA;EEMTI SALES CAMPOS;RUA JACINTO MATOS, 730
BATURITÉ;5;55;OLHO DAGUA-SITIO;INSTITUTO DE ARTE E CULTURA MONTE CRUZEIRO;SITIO OLHO DAGUA JESUITAS
JUAZEIRO DO NORTE;119;378;FREI DAMIAO;ESCOLA MARIO DA SILVA BEM;RUA VEREADOR RAIMUNDO JOSÉ DA SILVA
PACAJUS;49;32;CENTRO;COLÉGIO SANTA TEREZINHA;RUA CORONEL CICERO NOGUEIRA DE QUEIROZ 330
FORTALEZA;83;692;JOÃO XXIII;CENTRO DE FORMAÇÃO E DESENV. PARA PROFISSIONAIS DA EDUCAÇÃO - FORMACE;RUA PORTO VELHO, 401
FORTALEZA;95;193;JANGURUSSU;EMEIF JORNALISTA JOSÉ BLANCHARD GIRÃO DA SILVA;TRAVESSA MISSIONÁRIO OLIVEIRA,301
JUAZEIRO DO NORTE;28;265;CENTRO;EEFTI DR. LEÃO SAMPAIO;DOUTOR FLORO BARTOLOMEU 517
FORTALEZA;118;598;DIAS MACEDO;EMEF PROFESSOR JOAO HIPPÓLYTO DE AZEVEDO E SÁ;RUA 03 N. 88 RESIDENCIAL NAPOLEAO VIANA
FORTALEZA;118;419;PARQUE DOIS IRMÃOS;EM DOUTOR ABDENAGO DA ROCHA LIMA;RUA 114, 75 (CJ TUPAN MIRIM)
FORTALEZA;82;120;CRISTO REDENTOR;EEMTI LIONS JANGADA;RUA CAMÉLIA, 352
CARNAUBAL;22;1;CENTRO;EEF JOAQUIM BASTOS GONCALVES;R JOAO FELICIO 91
TIANGUÁ;81;63;CENTRO;INSTITUTO EDUCACIONAL DE TIANGUÁ - IET;PRAÇA MONSENHOR MACEDO, 60
MARANGUAPE;4;415;COITÉ - MARANGUAPE;CEI PAULO CAMPOS TELES;AVENIDA MARIA EFIGENIA CAMPOS TELES, 1130
FORTALEZA;93;232;PREFEITO JOSÉ WALTER;EM DIOGO VITAL DE SIQUEIRA;AVENIDA L , S/N
FORTALEZA;115;411;PARANGABA;COLEGIO GURI  SENIOR;RUA CONEGO DE CASTRO 1780
FORTALEZA;85;184;CONJUNTO CEARÁ I;EEFM JOSE LEOPOLDINO DA SILVA FILHO - UV4;RUA QUATROCENTOS E QUARENTA E OITO, 1, 2A ETAPA
MASSAPÊ;45;28;ZONA RURAL;CENTRO COMUNITARIO FRANCISCO CANUTO;DISTRITO DE MUMBABA DE BAIXO
RUSSAS;9;287;PITOMBEIRA I;ESCOLA MUNICIPAL MARIA MARTINS DE CARVALHO;PITOMBEIRA I
FORTALEZA;95;321;JANGURUSSU;EEMTI JANGURUSSU;RUA DO MANDACARU, 1048, CONJUNTO ALMIRANTE TAMANDARÉ
JAGUARIBE;10;46;DISTRITO DE FEITICEIRO;E.E.M. MILITANA PAES;RUA TOME DA FROTA 93
SOBRAL;121;270;BONFIM;ESCOLA  JOSE JULIO DE ANDRADE (POLO JOSE ARIMATEIA ALVES);LOCALIDADE ESTREITO - BONFIM
IPU;21;75;CENTRO;COLEGIO IPUENSE;RUA ANTONIO MEMORIA, 1166
UBAJARA;73;158;DISTRITO NOVA VENEZA;ESCOLA MAROCA PERDIGAO;DISTRITO NOVA VENEZA
UBAJARA;73;155;sItio moitinga;ESCOLA ESTEVAO MENDES;SITIO MOITINGA
ARACATI;8;73;LAGOA DO MATO;E.E.F. DRAGAO DO MAR;LAGOA DO MATO
ARARIPE;68;38;DISTRITO RIACHO GRANDE;ESCOLA MUNICIPAL DAVI CUSTÓDIO DE OLIVEIRA - RIACHO GRANDE;RUA SAO FRANCISCO S/N
SÃO GONÇALO DO AMARANTE;36;289;PARADA;ESCOLA DE ENSINO FUNDAMENTAL POETISA ABGAIL SAMPAIO;PARADA
FORTALEZA;117;405;NOVO MONDUBIM;CUCA MONDUBIM;RUA PROFESSOR GLAUCO LOBO S/N
ITAPIÚNA;105;122;CENTRO;ESCOLA DE ENSINO FUNDAMENTAL E MEDIO FRANKLIN TAVORA;AVENIDA SAO CRISTOVAO 80
UBAJARA;73;124;DISTRITO ARATICUM;ESCOLA PAULO FURTADO DE MENDONCA;RUA SALUSTIANO DE ALMEIDA, S/N DISTRITO DE ARATICUM
IPU;21;103;DISTRITO;E.M.E.F. JOAO FERREIRA DA COSTA;ST. BOA VISTA
MAURITI;76;163;BELA VISTA;E.E. PROFISSIONALIZANTE PE. JOÃO BOSCO DE LIMA;RUA 03, S/N
FORTALEZA;112;274;JARDIM DAS OLIVEIRAS;EEMTI MIRIAN PORTO MOTA;RUA DAS CASTANHOLAS, S/N
CARNAUBAL;22;241;SEDE;EEF GUILHERME FERREIRA LIMA;SITIO FAVEIRA II
FORTALEZA;82;673;CRISTO REDENTOR;EM ANTONIO MENDES;RUA DONA MENDINA, 682
MARACANAÚ;104;311;PAJUÇARA;EMEF RODOLFO TEÓFILO;RUA OTÁVIO ALVES, 1120
FORTALEZA;80;114;ALTO DA BALANÇA;EEM YOLANDA QUEIROZ;AV. GAL. MURILO BORGES, 864
ICÓ;15;168;UMARI DOS LOURENCOS - SITIO;ESCOLA MUNICIPAL RITA ALVES DE SOUZA;SITIO UMARI DOS LOURENCOS S/N
ICÓ;15;183;BOQUEIRAO - SITIO;ESCOLA MUNICIPAL BERNARDINHO PEREIRA;SITIO BOQUEIRAO S/N
SÃO GONÇALO DO AMARANTE;36;329;TAIBA-DISTRITO;ESCOLA DE EDUCAÇÃO BÁSICA PROFª ALBA HERCULANO ARAÚJO;RUA CAPITAO INACIO PRATA SN -TAÍBA
CAUCAIA;37;193;JANDAIGUABA;E.E.I.E.F. MARIA HELENA MOREIRA DA SILVA;RUA DO GRUPO, 249
CARIÚS;43;178;BELA VISTA-DISTRITO;EEIF DOMINGOS NONATO DE OLIVEIRA;VILA BELA VISTA
FORTALEZA;116;26;GRANJA PORTUGAL;EM IRMA ROCHA;RUA EMILIO DE MENEZES 2515
QUIXERAMOBIM;11;184;MANITUBA;ESCOLA VITOR MODESTO DE SOUSA;FAZENDA TORADO
UBAJARA;73;154;sItio moitinga;ESCOLA ESTEVAO MENDES;SITIO MOITINGA
MARACANAÚ;104;392;PAJUÇARA;EMEIEF PREFEITO ALMIR FREITAS DUTRA;RUA ELÍFIO MEDEIROS DA CUNHA, 531
MORADA NOVA;47;268;POPULARES;EEB TANCREDO DE ALMEIDA NEVES;RUA FREIRE DE BRITO S/N
CANINDÉ;33;451;SANTA LUZIA;EMEF SENADOR CARLOS JEREISSATI;RUA EUCLIDES BARROSO, 1048
MARANGUAPE;4;18;PARQUE SANTA FÉ - MARANGUAPE;CEM DEP. MANOEL RODRIGUES;RUA JUSCELINO KUBITSCHEK, S/N
BREJO SANTO;70;223;CENTRO-SEDE;EEF PROFESSOR PEDRO GOMES DA SILVA BASILIO;RUA MANOEL ANTONIO CABRAL 489
MAURITI;76;68;CENTRO;CENTRO DE PASTORAL PE. ARGEMIRO ROLIM DE OLIVEIRA;RUA PADRE MACEDO, S/N
CHORÓ;6;184;CENTRO;CEM DOM BOSCO;RUA ILDA BEZERRA PIANCÓ, 169, CENTRO
SOBRAL;121;177;CENTRO;COLEGIO SANT'ANA;AVENIDA DOM JOSE, 1310
FORTALEZA;116;487;GRANJA PORTUGAL;EM JOSE CARLOS MATOS;RUA ITAJAI 802
SALITRE;38;152;ZONA RURAL, SALITRE/CE;E.E.I.F CLEMENTINO RIBEIRO DE ALENCAR - SITIO BAIXIO DO MOCO;SÍTIO BAIXIO DO MOCO
ITAITINGA;78;315;PARQUE GENEZARÉ;EEF ELIAS DE SOUSA;RUA JOSE RODRIGUES PEREIRA, 137
AQUIRAZ;66;130;CENTRO;ESCOLA DE ENSINO MEDIO LIA SIDOU;RUA VIRGILIO COELHO N  693
RERIUTABA;79;90;LAGOA GRANDE;E.E.I.F. SEVERIANO RODRIGUES DA ROCHA;LAGOA GRANDE - ZONA RURAL
TRAIRI;97;114;CURIMANS;EEF NOSSA SENHORA DE FATIMA CURIMANS;CURIMANS
MARANGUAPE;4;138;CENTRO - MARANGUAPE;EMEF CAPISTRANO DE ABREU;RUA CEL ANTÔNIO BOTELHO, 366
MOMBAÇA;46;15;CENTRO;E. E. F. M. ANANIAS DO AMARAL VIEIRA;RUA CORONEL JOSÉ ADERALDO SN
ARARIPE;68;100;DISTRITO RIACHO GRANDE;ESCOLA MUNICIPAL DAVI CUSTÓDIO DE OLIVEIRA - RIACHO GRANDE;RUA SAO FRANCISCO S/N
RUSSAS;9;90;SAO JOAO DE DEUS;ESCOLA MUNICIPAL SAO JOAO DE DEUS;RUA PADRE MARCONDES S/N
TABULEIRO DO NORTE;91;41;OLHO D'ÁGUA DA BICA;ESCOLA ERUNDINA NUNES MALVEIRA;OLHO D'ÁGUA DA BICA 
SOBRAL;24;533;ALTO DO CRISTO;EEMTI PREFEITO JOSE EUCLIDES F. GOMES JUNIOR-(ANTIGO CIRAO);AV. HUMBERTO LOPES
MASSAPÊ;45;37;ZONA RURAL;GM FRANCISCO ALMEIDA MONTE;POVOADO DE TUINA
GRANJA;25;5;CENTRO;E.E.M.T.I SÃO JOSÉ (COLEGIO ESTADUAL SÃO JOSÉ);RUA FRANCISCO SOUSA, 131
CARIRÉ;65;23;RAFAEL ARRUDA;EEIEF MARIANA FRANÇA DE SOUSA;R. RODOVIA PEDRO LUIZ DA COSTA, 292
MARANGUAPE;4;148;PARQUE IRACEMA - MARANGUAPE;EMEF FRANCISCA GOMES FERNANDES VIEIRA;AVENIDA STENIO GOMES 872
QUIXERAMOBIM;11;83;DEPOSITO;ESCOLA PROFESSOR MARUM SIMAO;RUA JOSE ANTONIO DE ALMEIDA
TAMBORIL;61;77;DISTRITO DE OLIVEIRAS;EMEIF INÁCIO PARENTE;ASSENTAMENTO QUEIMADAS - APRAZIVEL
CARNAUBAL;22;212;FAVEIRA;CEI ANTONIA DE PADUA COSTA MONTEIRO;FAVEIRA
NOVA OLINDA;53;131;SÍTIO VÁRZEA;POSTO DE SAÚDE JOSÉ RIBEIRO DE CARVALHO;SÍTIO VÁRZEA
MOMBAÇA;46;19;PAES DE ANDRADE;CRECHE MANOEL BATISTA ALVES;AV. ANTONIO JAIME BENEVIDES FILHO S/N
PACAJUS;49;163;CROATA I;CEI RAIOS DE LUZ;RUA ARCELINO NOGUEIRA 08
TIANGUÁ;81;207;ÁREA RURAL DE TIANGUÁ;E.E.F. PROFª. OFÉLIA PORTELA MOITA;RUA 31 DE MAIO - SÍTIO CÓRREGO
TIANGUÁ;81;289;VEREADOR JOÃO ALBUQUERQUE;E.E.I.F. TEREZA NUNES;RUA CONSTRUTOR RAIMUNDO BOTO, SN - RÉGIS DINIZ
BARBALHA;31;39;VILA ARAJARA;EEF ANTONIO COSTA SAMPAIO (VILA DO ARAJARA);RODOVIA CE-386, S/N, VILA DO ARAJARA (7.33853 S, 39.39163 W)
SOBRAL;121;157;TAPERUABA;ESCOLA FRANCISCO MONTE;RUA FRANCISCO MONTE S/N CENTRO
FORTALEZA;117;363;BOM JARDIM;PROJETO ALIANÇA COM CRISTO;RUA WALDEMAR PAES BRAGANÇA 1208
FORTALEZA;94;906;QUINTINO CUNHA;INSTITUTO PEDAGÓGICO MIRASSOL;RUA FRANCISQUINHA PORTELA, 2904
MOMBAÇA;46;29;BOA VISTA;CENTRO EDUCACIONAL RURAL DE BOA VISTA;BOA VISTA
SALITRE;38;152;ZONA RURAL, SALITRE/CE;E.E.I.F CLEMENTINO RIBEIRO DE ALENCAR - SITIO BAIXIO DO MOCO;SÍTIO BAIXIO DO MOCO
CAMOCIM;32;229;ZONA RURAL;EEF PREFEITO CARLOS TREVIA - KM 05;ROD. DEP. MURILO AGUIAR, SN - KM 05
BARBALHA;31;64;NSA SRA FÁTIMA;CEI MARIA DAS GRAÇAS FURTADO CORREIA (CJ NSA SRA FATIMA);RUA JOSÉ ILÂNIO COUTO GONDIM, 270
ALTO SANTO;86;46;CENTRO;ESCOLA DE 1 GRAU CAZUZA BEZERRA;RUA 31 DE MARCO SN
MARCO;96;93;CENTRO-SEDE;CENTRO EDUCACIONAL CENECISTA SAO MANUEL;RUA PARSIFAL BARROSO 375
ACARAÚ;30;328;CENTRO;ESCOLA PROF. TERESA DE JESUS SILVA;RUA JOÃO JAIME FERREIRA GOMES, 457
RUSSAS;9;282;CENTRO;ESCOLA MUNICIPAL JOSE RAIMUNDO DE DEUS;AVENIDA IRMÃ MARIA DA GRAÇA
FORTALEZA;116;272;GRANJA LISBOA;CAIC - MARIA ALVES CARIOCA;RUA GUARAREMA 690
SANTA QUITÉRIA;54;158;ASSENTAMENTO MORRINHOS;ESCOLA MUNICIPAL LUIZ MENEZES PIMENTEL;ASSENTAMENTO MORRINHOS
CRUZ;30;117;ZONA RURAL;ESCOLA RAIMUNDA ELVIRA BRANDAO;LAGOA SALGADA
FORTALEZA;118;48;PARQUE DOIS IRMÃOS;CEI FRANCISCA RODRIGUES DE SOUSA;RUA MAJOR TELÉSFORO S/N
BELA CRUZ;96;30;MATRIZ-LOCALIDADE;EMEIEF FRANCISCO ROMAO;MATRIZ
FORTALEZA;116;180;GRANJA PORTUGAL;CENTRO EDUCACIONAL HORA DE APRENDER;RUA VITAL BRASIL 2533
FORTALEZA;116;289;GRANJA LISBOA;EM RACHEL VIANA MARTINS;RUA TUCUNDUBA 2703
FORTALEZA;80;377;TAUAPE;CENTRO DE DESENVOLVIMENTO SOCIAL SEMEANDO (ANTIGO EURICO BERGSTEN);RUA CRUZ ABREU 204
FORTALEZA;93;200;PLANALTO AYRTON SENNA;LICEU ESTADUAL DOMINGOS BRASILEIRO;RUA PLANALTINA, S/N
SOBRAL;121;29;BILHEIRA;ESCOLA  ARAUJO CHAVES;CE 362 - BILHEIRA
SOBRAL;121;13;SINHÁ SABÓIA;ESCOLA CARLOS JEREISSATI;AV SENADOR FERNANDES TAVORA, 950
SOBRAL;121;3;ARACATIAÇU;ETI MARIA DE LOURDES DE VASCONCELOS;RUA MONSENHOR LINHARES, S/N
PIQUET CARNEIRO;12;124;CENTRO;EMEF REINO INFANTIL;RUA ZACARIAS PINHEIRO DA SILVA, S/N
SOLONÓPOLE;55;5;CENTRO;EEM FENELON RODRIGUES PINHEIRO;AV PREF. JOSE SIFREDO PINHEIRO, 212
RUSSAS;9;70;CENTRO;COLEGIO ESTADUAL GOVERNADOR FLAVIO MARCILIO;AV DOM LINO 725
RUSSAS;9;46;CENTRO;ESCOLA MUNICIPAL TIA BENILCE DE EDUC INFANTIL E ENSINO FUNDAMENTAL;AVENIDA DOM LINO, 204
SENADOR POMPEU;12;67;CENTRO;EMATERCE;AV FRANCISCO FRANÇA CAMBRAIA, 31
SOLONÓPOLE;55;30;PASTA;GRUPO ESCOLAR ANTONIO BENIGNO BEZERRA;DISTRITO PASTA
CANINDÉ;33;350;ZONA RURAL;CRECHE IMACULADA CONCEIÇÃO - AGROVILA;JACURUTU
PACAJUS;49;232;TUCUM;EEF SENADOR CARLOS JEREISSATI;TUCUM
TAUÁ;19;254;CENTRO;CENTRO EDUCACIONAL BETESDA;RUA CEL  EUFRASIO ALVES DE OLIVEIRA 45
SANTA QUITÉRIA;54;125;PIRACICABA;E. E. M. ARACY MAGALHÃES MARTINS;RUA RAIMUNDO MESQUITA SOBRINHO, 521
TEJUÇUOCA;41;161;RETIRO CAXITORE;ESCOLA DE ENSINO FUNDAMENTAL DE TEMPO INTEGRAL LUIZA DA SILVA MOTA;RETIRO CAXITORE
SENADOR POMPEU;12;96;CENTRO;CENTRO PASTORAL NOSSA SENHORA DE GUARDALUPE;PRAÇA ALCIDES BARREIRA S/N
IPUEIRAS;40;178;LAGOA DOS TAVARES;EEF LUZIA BEZERRA DA SILVA - LAGOA DOS TAVARES;LAGOA DOS TAVARES
TRAIRI;97;184;RUA DA PALHA - VILA SÃO JOSÉ;CEI ARCOIRIS;RUA DA PALHA/ VILA SÃO JOSE
SÃO GONÇALO DO AMARANTE;36;233;ARAPIXI;ESCOLA DE ENSINO MÉDIO WALDEMAR ALCANTARA;RUA MAJOR JOÃO MARTINS
MOMBAÇA;46;87;MORADA NOVA;ESCOLA DE ENSINO FUNDAMENTAL MARIA AMBROSINA CAVALCANTE;MORADA NOVA
ITATIRA;33;219;ZONA RURAL;EMEF EDUARDO BARBOSA;LOCALIDADE DE CACHOEIRA BR
ACARAPE;52;160;CANTAGALO;ESCOLA ANTÔNIO CORREIA DE CASTRO;CARRO ATOLADO
FORTALEZA;112;40;JARDIM DAS OLIVEIRAS;CENTRO DE EDUCAÇÃO INFANTIL(CEI) MARIA DE LOURDES RIBEIRO JEREISSATI;RUA 1, 930 - CONJ. TANCREDO NEVES
FORTALEZA;114;137;JARDIM IRACEMA;EM JOSÉ DE ALENCAR;RUA ALBERTO FERREIRA 248
FORTALEZA;3;231;CENTRO;EEFM CLÓVIS BEVILAQUA;AV. DOM MANUEL, 511
ITATIRA;33;371;ZONA RURAL;EMEF 13 DE MAIO;LOCALIDADE DE ALEGRE II
ICAPUÍ;8;139;BELEM;E.E.F. PROF. FRANCISCO EZEQUIEL DA COSTA;CE 261 - NOVA BELEM
PENTECOSTE;50;55;CENTRO;CÂMARA MUNICIPAL DE PENTECOSTE;RUA DOUTOR MOREIRA DE AZEVEDO, S/N
ACOPIARA;60;5;CENTRO;LICEU DE ACOPIARA - DEP.FCO.ALVES SOBRINHO;RUA VICENTE CARLOS PINHEIRO,101
SOLONÓPOLE;55;15;ASSUNCAO;E. M. E. B. PROFA. TEREZINHA DA SILVA ARAUJO;RUA PROFA. DOLORES PINHEIRO DO NASCIMENTO, SN - DISTRITO DE ASSUNÇÃO
FORTALEZA;95;324;BARROSO;CEI PROFESSORA MARIA ROZANI MENDONÇA NOBRE;RUA MARIA JOSÉ P, S/N, CONJUNTO JOÃO PAULO II
SANTA QUITÉRIA;54;171;COHAB;ESCOLA MARIA ALMERINDA JUCÁ MAGALHÃES;CONJUNTO HABITACIONAL ANGÉLICA CATUNDA
CAMOCIM;32;12;CENTRO;COLEGIO GEORGINA LEITAO MACEDO;RUA SANTOS DUMONT S/N
MILAGRES;26;114;SITIO NAZARE;POSTO DE SAUDE DO NAZARE;SITIO NAZARE
ICÓ;15;193;AGUA BRANCA - SITIO;ESCOLA MUNICIPAL VICENTE CHAGAS MOTA;SITIO AGUA BRANCA S/N
VARJOTA;65;153;CENTRO;E.E.F. DEPUTADO MANOEL RODRIGUES;RUA MODESTO DE MENDONÇA, 917
SOLONÓPOLE;55;7;CENTRO;EEEP JOSÉ CIRO NOGUEIRA MACHADO;TV LUÍS ALMEIDA
ORÓS;15;312;CENTRO;CENTRO DE ESPECIALIDADES ODONTOLÓGICAS (CEO);RUA LUIZ ROLIM, 138
JUAZEIRO DO NORTE;119;45;SANTA TEREZA;COLEGIO POLIVALENTE;JOSE MARROCOS SN
ALCÂNTARAS;24;3;BELA VISTA;EEF INOCÊNCIA ALCÂNTARA FREIRE;RUA MONSENHOR FURTADO SN
PEDRA BRANCA;59;29;MINEIROLANDIA;EEIF JOSE PAULINO SILVA;MORADA NOVA
FORTALEZA;80;273;VILA UNIÃO;ESCOLA MUNICIPAL HAROLDO JORGE BRAUN VIEIRA;AV LAURO VIEIRA CHAVES, 2001
VARJOTA;65;201;EMPRÉSTIMOS;LICEU WALDIR LEOPÉRCIO;RUA TEN PEDRO CRUZ, 500
CANINDÉ;33;47;ALTO GUARAMIRANGA;EMEF CORONEL ADAUTO BEZERRA;RUA IRMÃ MANUELA MAGALHÃES, S/N
BARREIRA;52;121;CAJUEIRO;ESCOLA FRANCISCO RAMOS DE ALBUQUERQUE (PRÉDIO NOVO);CAJUEIRO
ALCÂNTARAS;24;536;SÍTIO ALEGRE;EEFI MONSENHOR JOSÉ FURTADO;SÍTIO CAJUEIRO
VIÇOSA DO CEARÁ;35;14;CENTRO;E.E.F JOSE VICTOR FONTENELE;RUA X DE NOVEMBRO, S/N
FORTALEZA;95;329;PEDRAS;UAPS JOSE BARROS DE ALENCAR;RUA JOSE NOGUEIRA, 180
SOLONÓPOLE;55;16;ASSUNCAO;E. M. E. B. PROFA. TEREZINHA DA SILVA ARAUJO;RUA PROFA. DOLORES PINHEIRO DO NASCIMENTO, SN - DISTRITO DE ASSUNÇÃO
TABULEIRO DO NORTE;91;33;OLHO D'ÁGUA DA BICA;ESCOLA ERUNDINA NUNES MALVEIRA;OLHO D'ÁGUA DA BICA 
QUIXERAMOBIM;11;136;SEDE RURAL;ESCOLA LUIS CINICO;CUPIM
OCARA;67;207;SERRAGEM-DISTRITO;ESCOLA MUNICIPAL MANOEL TOMAZ DE LIMA - ENSINO FUNDAMENTAL;LAGOINHA
CATARINA;60;227;VILA NOVA - SEDE;EEF FRANCISCO RODRIGUES PEREIRA;RUA JOSE PEDROSA DE MIRANDA S/N
FORTALEZA;3;279;PRAIA DE IRACEMA;EM SÃO RAFAEL;RUA DOS TABAJARAS, 244
EUSÉBIO;88;140;JABUTI;EEM PROF. FRANCISCA LINHARES DE SOUSA;R. EDUARDO SÁ, S/N
FORTALEZA;114;86;BARRA DO CEARÁ;CUCA BARRA DO CEARÁ;AV. PRES. CASTELO BRANCO, 6417
CAUCAIA;123;335;PARQUE GUADALAJARA (JUREMA);E.E.I.E.F. 7 DE SETEMBRO;AV. DOM ALMEIDA LUSTOSA, 2322
REDENÇÃO;52;193;OUTEIRO DE FORA (SEDE);ESCOLA SEBASTIÃO JOSÉ BEZERRA;OUTEIRO DE FORA
GRAÇA;79;152;VILA FORMOSA;EEF JOSE POMPILIO DAMASCENO;VILA FORMOSA
NOVO ORIENTE;99;159;ZONA RURAL;EEF FRANCISCO SEVERIANO DE SOUSA;DISTRITO SANTA MARIA
FORTALEZA;95;184;CAJAZEIRAS;DNIT;RODOVIA BR-116, KM 06
CAUCAIA;123;359;MARECHAL RONDON (JUREMA);E.E.I.E.F. ECONOMISTA RUBENS VAZ DA COSTA;AVENIDA NOVO HORIZONTE, S/N
CHOROZINHO;49;153;MORROS;EEF LUIZ GONZAGA LIMA;LOCALIDADE DE MORROS
JAGUARIBE;10;84;CRUZEIRO;ESCOLA DE ENSINO FUNDAMENTAL E MEDIO CORNELIO DIOGENES;BR 116 KM 300
UBAJARA;73;142;DISTRITO JABURUNA;ESCOLA LUIZ RIBEIRO DA SILVA;DISTRITO JABURUNA
ITAITINGA;78;239;CENTRO;EEF VALMIQUE SAMPAIO ALBUQUERQUE;RUA JOSMO GURGEL ARAUJO, 1256
IPUEIRAS;40;209;SITIO TROMBETAS;ASSOCIAÇÃO DOS MORADORES QUILOMBOLAS DE SITIO TROMBETAS;SITIO TROMBETAS
MADALENA;63;181;SEDE;EEF PE JAIME FELICIO;SANTA CATARINA
FORTALEZA;94;926;QUINTINO CUNHA;EMEIRF JOSÉ CARLOS DA COSTA RIBEIRO;RUA PIO SARAIVA, 335
SOBRAL;24;632;RENATO PARENTE;ANEXO JOSE VICENTE PEREIRA(BOQUEIRAO);BOQUEIRAO - PÉ DA SERRA DA MERUOCA
ASSARÉ;18;84;PARQUE DE VAQUEJADA;ESCOLA DE EDUCACAO INFANTIL E ENSINO FUNDAMENTAL MARIA ISABEL;AVENIDA DEP. MANOEL GONCALVES, S/N
TRAIRI;97;83;CORREGO DOS FURTADOS;EEF SINZINA  AZEVEDO;CORREGO DOS FURTADOS
TRAIRI;97;128;VIEIRA DOS CARLOS;E. 1º GRAU CARLOS FERREIRA BARBOSA;VIEIRA DOS CARLOS
GRANJA;25;225;PARAZINHO;E.E.F.T.I. FRANCISCA CLEOMAR VERAS FREITAS (ANTIGA CERU);RUA JOSE MARTINS, S/N
TRAIRI;97;68;CARNAUBA TORTA;EEF JOAQUIM CORDEIRO;CARNAUBA TORTA
FORTALEZA;116;98;GRANJA PORTUGAL;EM CREUSA DO CARMO ROCHA;RUA DUAS NACOES 1055
CAUCAIA;120;422;PLANALTO CAUCAIA;E.E.I.E.F. ANTONIO BRAGA DA ROCHA;RUA 112, SN - CIGANA
INDEPENDÊNCIA;39;198;ASSENTAMENTO PALESTINA;EEF FRANCISCO LEANDRO;ASSENTAMENTO PALESTINA
ACARAÚ;30;34;ZONA RURAL;ESCOLA JOAO RIBEIRO RAMOS;VILA PROGRESSO
PEDRA BRANCA;59;116;MINEIROLANDIA;ESCOLA DE ENSINO FUNDAMENTAL E MEDIO DE MINEIROLANDIA;AV OLAVO BILAC SN
AMONTADA;89;195;GARÇAS;EECTI RIGOBERTO ROMERO DE BARROS;LAGOA DO JARDIM
FORTALEZA;112;447;EDSON QUEIROZ;UNIVERSIDADE DE FORTALEZA - UNIFOR;AVENIDA WASHINGTON SOARES, 1321
SANTANA DO ACARAÚ;44;43;DISTRITO PARAPUI;CENTRO DE EDUCAÇÃO INFANTIL YOLANDA QUEIROZ;RUA MODESTO VIDAL, S/N, PARAPUÍ
AQUIRAZ;66;84;PATACAS;EMEF MARIA SOARES DE FREITAS;AV JOSUE LEITE DE FREITAS S/N
URUBURETAMA;23;353;severino;EEIF MANOEL CESARIO BARROSO;SEVERINO
UMARI;15;219;PIO X - DISTRITO;EEF JOSE GUSTAVO PINHEIRO;DISTRITO PIO X
BANABUIÚ;6;415;CENTRO;EEF CENTRO EDUCACIONAL MUNICIPAL CELESTINO DE SOUSA;AV. QUEIROZ PESSOA, S/N
ARACATI;8;1;CENTRO;INSTITUTO SAO JOSE;RUA CEL ALEXANDRINO 563
IPU;21;33;REINO DE FRANCA;EEF TERESA ODETE - CEJA;RUA CEL FELIX 600 - REINO DE FRANCA
MARACANAÚ;104;212;CENTRO;SECRETARIA DE EDUCACAO;RUA CAPITAO VALDEMAR DE LIMA, 202
PEDRA BRANCA;59;135;SEDE;E.E.F. ANTONIO MENDES DOS SANTOS;SÍTIO RIACHÃO DAS UMBURANAS
INDEPENDÊNCIA;39;175;VARZEA DO TOCO;E.E.F. MARIA CARLOS DE OLIVEIRA;VARZEA DO TOCO
FORTALEZA;80;217;ALTO DA BALANÇA;EM PROFESSORA EDITH BRAGA;RUA CAPITAO VASCONCELOS 1061
MORADA NOVA;47;256;BOA AGUA;EEB FRANCISCO BATISTA DA SILVA;SÍTIO TIMBAÚBA
GUARAMIRANGA;5;223;CENTRO-SEDE;EEMF ZELIA DE MATOS BRITO;RUA CEL FRANCISCO DE MATOS BRITO 280
NOVO ORIENTE;99;56;ZONA RURAL;EEF FRANCISCO SEVERIANO DE SOUSA;DISTRITO SANTA MARIA
OCARA;67;254;CURUPIRA-DISTRITO;ESCOLA DE ENSINO FUNDAMENTAL CECILIA FERREIRA DO VALE;LAGOA COMPRIDA POVOADO
SANTANA DO ACARAÚ;44;185;ZONA RURAL;SALÃO COMUNITÁRIO DO ENGENHO VELHO;ENGENHO VELHO
SOBRAL;121;153;TAPERUABA;EEMTI DEP. CESARIO BARRETO LIMA;AV. NOSSA SENHORA DO CARMO S/N CENTRO
JUAZEIRO DO NORTE;119;144;PIRAJA;ESCOLA IZABEL DA LUZ;AV. AILTON GOMES S/N
IGUATU;13;58;COCOBÓ;ESCOLA DE ENS FUND ELZE LIMA VERDE MONTENEGRO;DARIO RABELO
SÃO GONÇALO DO AMARANTE;36;153;PARADA;ESCOLA DE ENSINO FUNDAMENTAL POETISA ABGAIL SAMPAIO;PARADA
MIRAÍMA;89;260;BROTAS;EEFM VICENTE ANTENOR FERREIRA GOMES;BROTAS
ITAITINGA;78;377;ANCURI;EEF FRANCISCA DE MORAIS FERRER;RUA PARQUE DAS FLORES, 500
SOBRAL;24;71;CORAÇÃO DE JESUS;COLEGIO CORACAO DE JESUS;AVENIDA DA UNIVERSIDADE
ALCÂNTARAS;24;8;SAO JOSE;EEIEF MARIA RAULINO ALCÂNTARA DE CARVALHO;RUA FRANCISCO CUNHA
FORTALEZA;94;795;QUINTINO CUNHA;CEI SÃO CARLOS;RUA DOS PESCADORES,188
FORTALEZA;118;596;DIAS MACEDO;EEMTI PADRE GUILHERME WAESSEN;RUA BOA VENTURA 916
VIÇOSA DO CEARÁ;35;126;SITIO ASSEMIM;E.E.I.F FRANCISCO ROQUE DE ALMEIDA;SITIO ASSEMIM
FORTALEZA;113;80;JARDIM AMÉRICA;ESCOLA MUNICIPAL PROF. FILGUEIRAS LIMA;AV. DOS EXPEDICIONÁRIOS, 3910
MORRINHOS;44;145;SAO LUIS;EMEF FRANCISCO ABDORAL ROCHA;AV CORACAO DE MARIA S/N
FORTALEZA;113;78;CENTRO;COLÉGIO LOURENÇO FILHO;RUA BARÃO DO RIO BRANCO, 2101
AQUIRAZ;66;308;CENTRO;EMEF ERNESTO GURGEL VALENTE;RUA FRANCISCO CAMARA, SN
FORTALEZA;82;129;JACARECANGA;CENTRO DE EDUCAÇÃO INFANTIL (CEI) SECRETÁRIO PAULO PETROLA;TV. JACINTO MATOS, 906
ASSARÉ;18;37;CENTRO;ESCOLA  DE ENSINO FUNDAMENTAL E MEDIO RAIMUNDO MOACIR DE ALENCAR MOTA;RUA PADRE EMILIO CABRAL 538
FORTALEZA;113;369;MONTESE;COLÉGIO ESTADUAL PRESIDENTE HUMBERTO CASTELO BRANCO;RUA IRMA BAZET, 210
FORTALEZA;94;47;ANTÔNIO BEZERRA;EMEIEF DEPUTADO GERÔNCIO BEZERRA;TRAVESSA MANUEL NUNES, 42
MISSÃO VELHA;16;46;SEDE;CAMARA MUNICIPAL PALACIO JOSE CORREIA LIMA;RUA PADRE CICERO, SN, CENTRO.
FORTALEZA;115;130;MARAPONGA;COLEGIO PROVECTO;RUA SUIÇA, 76
MARACANAÚ;122;257;JARI;EMEF JOSÉ ASSIS DE OLIVEIRA(JARY);RUA PAULO AFONSO 4259
FORTALEZA;1;550;CAIS DO PORTO;EMTI VEREADOR ALBERTO GOMES DE QUEIROZ;AV. ZEZÉ DIOGO, 782
TEJUÇUOCA;41;81;RETIRO CAXITORE;ESCOLA DE ENSINO FUNDAMENTAL DE TEMPO INTEGRAL LUIZA DA SILVA MOTA;RETIRO CAXITORE
SÃO GONÇALO DO AMARANTE;36;59;RUSSINHA;ESCOLA DE ENSINO FUNDAMENTAL FIRMO GOMES SANTIAGO;RUSSINHA
FORTALEZA;115;282;PARANGABA;EM CLÁUDIO MARTINS;RUA MUNDICA PAULA, 628
FARIAS BRITO;62;237;NOVA BETANIA;EEF FRANCISCO CASTELO DE CASTRO;AVENIDA MANOEL NERES DE OLIVEIRA, S/N
PEDRA BRANCA;59;119;MINEIROLANDIA;E.E.F.I  DOM JOSE MAURO;RUA VICENTE MINEIRO, 25
CHORÓ;6;105;CAIÇARINHA;EEIF JOÃO FERREIRA VIANA;ASSENTAMENTO FEIJAO, 26
ITAPIPOCA;17;414;CRUZEIRO;EEB PROFESSOR PEDRO TEIXEIRA BARROSO;RUA ANTONIO BARROSO NETO S/N
MISSÃO VELHA;16;26;ZONA RURAL;EEF SEBASTIAO PEDRO DE ARAUJO;DISTRITO DO QUIMAMI
ABAIARA;26;131;SÍTIO OITIS (VILA CAFÉ DA LINHA);ESCOLA CORONEL ADAUTO BEZERRA;SÍTIO OITIS
IBICUITINGA;47;64;CENTRO;CRAS- CENTRO DE REFERENCIA DA AÇÃO SOCIAL;RUA JOAO DUARTE 2212
ARACATI;8;70;SÃO CHICO;ESCOLA DE 1 GRAU SÃO FRANCISCO;SÃO CHICO
AIUABA;101;35;CEDRO;GRUPO ESCOLAR VENTURA ALVES DE LIMA;POVOADO DE CEDRO SN
MONSENHOR TABOSA;61;114;CENTRO;E.E.M.T.I GOVERNADOR ADAUTO BEZERRA;RUA SAO SEBASTIÃO N 39 - PERTO DA CADEIA PÚBLICA
FORTALEZA;85;261;AUTRAN NUNES;EMEIF DOLORES ALCANTARA;RUA CARDEAL ARCOVERDE S/N
MORADA NOVA;47;216;BOA AGUA;EEB GEORGINA RIBEIRO DOS SANTOS;LAGOA FUNDA
TAUÁ;19;69;ALTO BRILHANTE;EEF JOAQUIM PIMENTA;AV JOSE VALDEMAR REGO 585
ALTO SANTO;86;16;CASTANHAO;ESCOLA DE 1 GRAU LIRA MAIA HOLANDA;RUA AGAPITO FERREIRA MAIA 1
TRAIRI;97;10;MUNDAU;EEF ZEFINHA RIBEIRO BARROSO MUNDAU;MUNDAU
PIQUET CARNEIRO;12;170;CENTRO;EEMTI MARECHAL HUMBERTO DE ALENCAR CASTELO BRANCO;RUA PEDRO AMÉRICO ALVES, S/N
JARDIM;119;341;FAZENDA NOVA;ESCOLA MUNICIPAL JOSE DA COSTA;POVOADO DE FAZENDA NOVA SN
FORTALEZA;94;815;VILA VELHA;COLÉGIO CÍCERO NOGUEIRA (CCN);RUA PARAMBU, 668
PALHANO;9;1;CENTRO;ESCOLA DE ENSINO MEDIO JOSE FRANCISCO DE MOURA;AVENIDA POSSIDONIO BARRETO 459
COREAÚ;64;125;Centro;COREAÚ - (GINASIO) ESCOLA MUN. NOSSA SRA. DA PIEDADE;RUA CEL. FCO. GOMES CAMILO, 226 - ALTO SÃO JOSÉ
CAUCAIA;37;512;TABAPUÁ;E.E.I.E.F. AFFONSO DE MEDEIROS;RUA 05, S/N
MOMBAÇA;46;125;CENTRO;EEP PLÁCIDO ADERALDO CASTELO;FAZENDA AMONTADA                                          AMONTADA
ORÓS;15;283;PEREIRO DOS PEDROS - SITIO;E.E.F. JOAQUIM PEDRO DA SILVA;SITIO PEREIRO DOS PEDROS, S/N
FORTIM;8;283;CANTO DA BARRA;EEFTI. COMUNITÁRIA DA BARRA;RUA ANGELITA FELIPE BEZERRA, 47.
INDEPENDÊNCIA;39;152;ARAÚJO;EEF DIOGO CAVALHEDO;FAZENDA ARAUJO
FORTALEZA;118;219;PASSARÉ;EEMTI INTEGRADA 2 DE MAIO;AVENIDA DA SAUDADE, S/N
FORTALEZA;115;332;PARANGABA;COLÉGIO LOURENÇO FILHO - PARANGABA;RUA CÔNEGO DE CASTRO 700
CAUCAIA;37;589;ICARAI;ESCOLA VERONICA MARIA SILVA DE MENEZES;RUA Q, S/N - MUNGUBA
FORTALEZA;82;388;CRISTO REDENTOR;CEJA  MONSENHOR HÉLIO CAMPOS;AV. MONSENHOR HÉLIO CAMPOS, 251
QUIXADÁ;6;320;CUSTÓDIO;EEF JOAO ARAÚJO TORRES;JUNCO, S/N
MILAGRES;26;113;SITIO GAMELEIRA;POSTO DE SAUDE DA GAMELEIRA;SITIO GAMELEIRA
SANTA QUITÉRIA;54;97;DISTRITO DE RAIMUNDO MARTINS;E.M.E.F. PROFESSOR PAULO BERTOLDO DUARTE;DISTRITO DE RAIMUNDO MARTINS
CANINDÉ;33;472;PALESTINA;CAIC ALFREDO COELHO MAGALHÃES;RUA ANTONIO MONTEIRO DOS SANTOS SN
QUIXERAMOBIM;11;7;MANITUBA;ESCOLA ALFREDO ALMEIDA MACHADO- MANITUBA;VILA DE MANITUBA
BATURITÉ;5;68;PUTIU-SEDE;EMTI CORONEL ESTEVÃO ALVES DA ROCHA;RUA DUQUE DE CAXIAS, 132
ASSARÉ;18;20;CENTRO;ESCOLA PROFESSORA. BATISTINA BRAGA;RUA DR PAIVA VILA MOTA SN
VARJOTA;65;182;CENTRO;E.E.F. ANTÔNIO MANOEL DE ARAÚJO (ANTIGO 'CERU');RUA SÃO FRANCISCO, 148
MORADA NOVA;47;288;IRAPUAN NOBRE;AUDIPIMN;RUA NEWTON GUERRA, N 5
PENTECOSTE;50;154;ZONA RURAL;EMTI PREFEITO ANTÔNIO CARNEIRO - ANEXO(PROVIDÊNCIA);MUQUENZINHO
FORTALEZA;112;480;SAPIRANGA-COITÉ;EM IRMA SIMAS;RUA JOSE SOBREIRA, 608
VÁRZEA ALEGRE;62;108;NARANIU;POSTO DE SAÚDE ANTÔNIA HOLANDA CAVALCANTE;SITIO NOVO JORDÃO
JUAZEIRO DO NORTE;119;228;PREFEITO CARLOS ALBERTO DA CRUZ;URCA - CAMPUS CRAJUBAR (TRIÂNGULO);AVENIDA LEÃO SAMPAIO, 107
FORTALEZA;112;483;SAPIRANGA-COITÉ;EM PROFª ALDACI BARBOSA;RUA OLEGARIO MEMORIA, 1257
NOVO ORIENTE;99;151;VILA FELIZ;ESCOLA ESTADUAL DE EDUCAÇÃO PROFISSIONAL MARIA EUDES BEZERRA VERAS;RUA ULISSES GUIMARÃES, S/N
SANTA QUITÉRIA;54;56;BOA VIDA;E.M.E.F. JOÃO RODRIGUES PINTO;RUA PROFESSOR OTÁVIO TERCEIRO DE FARIAS, 179.
TURURU;17;643;ESTAÇÃO;EMEF ANTONIO PIRES CHAVES;RUA ANTONIO PIRES 100
RUSSAS;9;56;CENTRO;COLEGIO ESTADUAL GOVERNADOR FLAVIO MARCILIO;AV DOM LINO 725
BEBERIBE;84;76;ITAPEIM;ESCOLA MUNICIPAL RAUL BARBOSA;RUA MANOEL LINO DO NASCIMENTO SN - CENTRO
OCARA;67;190;SERRAGEM-DISTRITO;ESCOLA MUNICIPAL JOÃO PAULO SOBRINHO;AÇUDE SÃO JOSÉ - SERINGUEIRA
FORTIM;8;234;VOLTA GRANDE;UNIDADE DE APOIO A SAÚDE DA FAMILIA;COMUNIDADE VOLTA GRANDE
BAIXIO;92;94;JUREMA - SITIO;ESCOLA MUNICIPAL JOAQUIM FERREIRA;SITIO JUREMA S/N
AQUIRAZ;66;227;SANTA MARIA;EMEF JOSE FERREIRA DA COSTA;RUA MANOEL FERREIRA DA COSTA, SN
CANINDÉ;33;93;ZONA RURAL;CERU JOAO AMARO DE SOUSA;DISTRITO DE SALITRE
FORTALEZA;83;3;ANTÔNIO BEZERRA;COLÉGIO DA POLÍCIA MILITAR DO CEARÁ GENERAL EDGARD FACÓ;AVENIDA MISTER HULL,  S/N - KM 1
QUIXADÁ;6;367;CENTRO;CENTRO UNIVERSITÁRIO CATÓLICA DE QUIXADÁ - UNICATÓLICA;AVENIDA PLÁCIDO CASTELO, S/N
CANINDÉ;33;92;ZONA RURAL;CERU JOAO AMARO DE SOUSA;DISTRITO DE SALITRE
CANINDÉ;33;352;ZONA RURAL;EMEF PEDRO ALVARES CABRAL;LOCALIDADE CARNAUBAL-TARGINOS
TURURU;17;720;SÃO PEDRO DO GAVIÃO / ZONA RURAL;EMEF LUIZ MOREIRA;RUA PRINCIPAL - GAVIÃO
FORTALEZA;94;61;ANTÔNIO BEZERRA;EEF INSTITUTO DOS CEGOS (ANTÔNIO BEZERRA);RUA DR. JOÃO GUILHERME, 373
FORTALEZA;94;869;PADRE ANDRADE;EEFM HERMINIO BARROSO;RUA PADRE GUILHERME 800
SOBRAL;121;242;COHAB II;EEFI PAULO ARAGAO;RUA CAETANO FIGUEIREDO 100 COHAB II
BREJO SANTO;70;219;CENTRO-SEDE;EEEP BALBINA VIANA ARRAIS;LOTEAMENTO SOL NASCENTE
FORTALEZA;83;432;HENRIQUE JORGE;EEM  MARIANO MARTINS;AVENIDA SENADOR FERNANDES TÁVORA 1445
FORTALEZA;93;199;PLANALTO AYRTON SENNA;LICEU ESTADUAL DOMINGOS BRASILEIRO;RUA PLANALTINA, S/N
FORTIM;8;290;GURGURI;EEIF. MAURO CAVALCANTE;VILA GURGURI
FORTALEZA;116;386;BONSUCESSO;EM FRANCISCA FERNANDES MAGALHAES (COLÉGIO CASTRO);RUA OLIVEIRA SOBRINHO, 1031
MARANGUAPE;4;509;LAGOA DO JUVENAL;EMEF JOSÉ DE SOUSA ALBUQUERQUE;AVENIDA NOSSA SENHORA DO CARMO, 525
PARACURU;109;67;CAMPO DE AVIAÇÃO;E. M. E. I. F. PROFESSORA MARIA ALBUQUERQUE LIMA - DINA;AV. SAO JOAO EVANGELISTA, 385
CRUZ;30;165;ZONA RURAL;ESCOLA MACARIO JOSE DE FARIAS;PITOMBEIRAS
ICÓ;15;167;ALTO DA VARZEA - SITIO;ESCOLA MUNICIPAL CICERO AMARO DA SILVA;SITIO ALTO DA VARZEA S/N
ITAPIÚNA;105;149;ZONA RURAL;CENTRO COMUNITÁRIO DE SANTO ONOFRE;SANTO ONOFRE
FORTALEZA;83;603;HENRIQUE JORGE;ESCOLA MUNICIPAL SANTA MARIA;RUA CUIABÁ 1465
OCARA;67;214;SERENO DE CIMA-DISTRITO;ESCOLA MUNICIPAL MINELVINA MARIA DA CONCEICAO - ENSINO FUNDAMENTAL;CROATA
QUIXERAMOBIM;11;78;NENELANDIA;ESCOLA MANOEL LUIS DA SILVA CO;COSMOS PAES
BEBERIBE;84;169;FORQUILHA;ESCOLA MUNICIPAL SAO BERNARDO;FORQUILHA
CARIRIAÇU;71;34;MIRAGEM;EEF JOAQUIM CABOCLO;RUA MAJOR SIMPLICIO GONÇALO, SN
RUSSAS;9;226;BENTO PEREIRA;ESCOLA MUNICIPAL ROCILDA LEITAO;BENTO PEREIRA
BEBERIBE;84;37;MORRO BRANCO;ESCOLA MUNICIPAL JOSE BESSA;MORRO BRANCO
ITATIRA;33;160;ZONA RURAL;EMEF 7 DE SETEMBRO;LOCALIDADE DE MORRO BRANCO
CARIRIAÇU;71;94;VALÊNCIA;POSTO DE SAÚDE DO SÍTIO FAUSTINA;SITIO FAUSTINA
MORAÚJO;64;76;GOIANA;GOIANA - ESCOLA MUN. JUVÊNCIO DA COSTA SAMPAIO;DISTRITO DE GOIANA
FORTALEZA;115;438;VILA PERI;EM RAIMUNDO SOARES DE SOUSA;RUA COSTA FREIRE 550
BARBALHA;31;64;NSA SRA FÁTIMA;CEI MARIA DAS GRAÇAS FURTADO CORREIA (CJ NSA SRA FATIMA);RUA JOSÉ ILÂNIO COUTO GONDIM, 270
CARIDADE;111;118;CENTRO;EEF CARMOZINA BITTENCOURT;AVENIDA CORONEL FRANCISCO LINHARES
SOBRAL;24;242;JORDÃO;EEM DR JOSE EUCLIDES FERREIRA GOMES JUNIOR - JORDAO;RUA ONOFRE GOMES DE OLIVEIRA
FORTALEZA;93;89;PREFEITO JOSÉ WALTER;EM MINHA VIDA MEUS AMORES;AVENIDA D, 380 - II ETAPA
JARDIM;119;363;CENTRO;ESCOLA SENADOR CARLOS JEREISSATI;AVENIDA WILSON RORIZ
JIJOCA DE JERICOACOARA;30;97;CENTRO;ESCOLA JOSE TEIXEIRA DE ALBUQUERQUE;RUA MARCAL DE SOUSA 851
FORTALEZA;95;259;BARROSO;EEFM PROFESSOR  ALOYSIO BARROS LEAL;RUA 10,  LOT. PRQ.VERDE 28 (CJ JOAO PAULO II)
IRAUÇUBA;41;3;JUA;EEIF IELDA TEIXEIRA FERNANDES;JUA
INDEPENDÊNCIA;39;203;IAPI;E.E.F ROQUE COSMO DE OLIVEIRA;BELO MONTE, S/N, ZONA RURAL
JUAZEIRO DO NORTE;28;294;FRANCISCANOS;COLÉGIO SÃO FRANCISCO DE ASSIS;NOSSA SENHORA DO CARMO SN
IRAUÇUBA;41;179;PASSARINHO;ESCOLA MUNICIPAL FRANCISCO PACHECO DE CASTRO;PASSARINHO
MARACANAÚ;122;235;CÁGADO;EMEIEF NARCISO PESSOA DE ARAÚJO;AV. PADRE JOSE HOLANDA DO VALE S/N
FORTALEZA;80;322;DIONISIO TORRES;COLÉGIO SANTO INACIO;AVENIDA DESEMBARGADOR MOREIRA 2355
FORTALEZA;117;218;CONJUNTO ESPERANÇA;EEFM PROFA ADELIA BRASIL FEIJO;AV CONTORNO SUL, 1540
MORRINHOS;44;178;DISTRITO DE SITIO ALEGRE;EMEF MARIA LENILDA DE SOUZA;SITIO ALEGRE
SALITRE;38;177;CENTRO;E.E.E.M.T.I. - VALDEMAR DE ALCÂNTARA E SILVA - SEDE;AVENIDA DO ESTADO, S/N
JARDIM;119;324;JARDIM MIRIM;ESCOLA MONSENHOR ALCANTARA;DISTRITO DE JARDIM MIRIM
SÃO BENEDITO;22;169;SITIO SANTA TEREZA I;POSTO DE SAUDE SANTA TEREZA;SITIO SANTA TEREZA  I
SÃO BENEDITO;22;35;CENTRO-SEDE;EEF MINISTRO ANTONIO COELHO;RUA MIN ANTONIO COELHOI  452
JUAZEIRO DO NORTE;28;21;FRANCISCANOS;ECIM DOUTOR EDVAR TEIXEIRA FERRER;DOM PEDRO II 1643
JUAZEIRO DO NORTE;28;467;FRANCISCANOS;ECIM DOUTOR EDVAR TEIXEIRA FERRER;DOM PEDRO II 1643
FORTALEZA;112;18;JARDIM DAS OLIVEIRAS;EM MARIA DE LOURDES RIBEIRO JEREISSATI;RUA REINO UNIDO, 115
CANINDÉ;33;16;CENTRO;COLEGIO ESTADUAL PAULO SARASATE;RUA JOAQUIM MAGALHAES 100
CAPISTRANO;105;36;ZONA RURAL;ESCOLA DE ENSINO FUNDAMENTAL NOSSA SENHORA DE LOURDES;SERRA DO VICENTE
IPU;21;171;DISTRITO;E.M.E.F. JOAO DE PAULA BELEM;ENGENHO DOS BELEM
JUAZEIRO DO NORTE;119;150;PIRAJA;CRECHE ANA AMELIA BEZERRA DE MENEZES;RUA VEREADOR JOSE RODRIGUES, 270
SOLONÓPOLE;55;114;SAO JOSE;ESCOLA DE 1 GRAU MUNDOCA MOREIRA;RUA MIGUEL FIRMIANO
ITAPAJÉ;41;56;IRATINGA;ESCOLA MUNICIPAL ANGELICA VIEIRA;RUA VEREADOR TOMÁS FILHO SN
ITAPAJÉ;41;284;FERROS-SEDE;ESCOLA MUNICIPALPADRE MANOEL LIMA E SILVA;CONJUNTO PEDRO ROCHA SN
MARACANAÚ;104;40;PAJUÇARA;EMEF RODOLFO TEÓFILO;RUA OTÁVIO ALVES, 1120
QUIXADÁ;6;304;CENTRO;CÂMARA DE DIRIGENTES LOJISTAS - CDL;RUA JOSE JUCA, 551
PARACURU;109;79;RIACHO DOCE;E. M. E. F. RIACHO DOCE;RUA JOSÉ LOPES MEIRELES S/N
JUAZEIRO DO NORTE;119;68;JOAO CABRAL;ESCOLA LILI NERY;RUA PADRE ALCANTARA, 1000
FORTALEZA;113;70;DAMAS;COLÉGIO JUVENAL DE CARVALHO;AV. JOÃO PESSOA, 4279
PARAIPABA;109;191;ALTO CIPÓ;P. A. DE UNIDADE BÁSICA DE SAÚDE DE CAMBOAS E ALTO DO CIPÓ;ALTO DO CIPÓ, SN
QUIXADÁ;6;365;CAMPO VELHO;EEF PADRE VICENTE GONÇALVES DE ALBUQUERQUE;RUA DOM LUCAS, S/N
SÃO GONÇALO DO AMARANTE;36;79;CAGADO-POVOADO;ESCOLA DE ENSINO FUNDAMENTAL JOAO PINTO MAGALHAES;CAGADO
MARACANAÚ;122;181;CÁGADO;EMEIEF NARCISO PESSOA DE ARAÚJO;AV. PADRE JOSE HOLANDA DO VALE S/N
IPU;21;155;MARRUAS DOS PAIVAS;EEF DUQUE DE CAXIAS;MARRUAS DOS PAIVAS
EUSÉBIO;88;175;CENTRO;ESCOLA EROTIDES MELO LIMA;RUA BLUMENAU, 158 - CENTRO
AQUIRAZ;66;104;PATACAS;EMEF LEOLINA BATISTA RAMOS;AV JOSUE LEITE DE FREITAS S/N
JUAZEIRO DO NORTE;28;304;AREA RURAL DE JUAZEIRO DO NORTE;EMEIF MARIA DO SOCORRO CARDOSO;DIST. PADRE CÍCERO. PALMEIRINHA
VARJOTA;65;190;ACAMPAMENTO DNOCS;E.E.F. FLORÊNCIA FERREIRA NETA;AV. PRESIDENTE CASTELO BRANCO, S/N
CAMOCIM;32;205;ZONA RURAL;ESCOLA JOAO PEREIRA DE BRITO-SITIO SAO MATEUS;LOCALIDADE DE SITIO SAO MATEUS
JARDIM;119;319;CACIMBAS;ESCOLA PADRE CICERO;DISTRITO DE HORIZONTE (POVOADO CACIMBAS)
FORTALEZA;93;219;PREFEITO JOSÉ WALTER;CEI FRANCISCO SALES FERNANDES;AV K, S/N
PACAJUS;49;166;PAJEU;EEF PROFA EDITE NOGUEIRA DA COSTA (ANT CEI PARAISO DA CRIANÇA);RUA PROJETADA S/N
FORTALEZA;80;195;FÁTIMA;COLÉGIO SANTO TOMÁZ DE AQUINO;RUA MÁRIO MAMEDE, 750
FORTALEZA;95;262;BARROSO;EEFM PROFESSOR  ALOYSIO BARROS LEAL;RUA 10,  LOT. PRQ.VERDE 28 (CJ JOAO PAULO II)
FORTALEZA;94;207;VILA VELHA;EEMTI DONA MARIA MENEZES DE SERPA;RUA DOUTOR QUIXADA FELICIO 141
SABOEIRO;43;277;MALHADA;E.E.F. JOSE GONCALVES DOS SANTOS;DISTRITO MALHADA
SENADOR POMPEU;12;53;BRASILIA;SECRETARIA DO TRABALHO E ASSISTÊNCIA SOCIAL (ANTIGO CSU);RUA FRANCISCO LEANDRO S/N
FORTALEZA;116;196;GRANJA LISBOA;EM PROF LIREDA FACO;RUA TRES CORACOES 735
FORTALEZA;95;348;CONJUNTO PALMEIRAS;EMEIEF PROFESSORA BERNADETE ORIÁ DE OLIVEIRA;RUA DR. CODES SANDOVAL 796
FORTALEZA;95;353;JANGURUSSU;CUCA JANGURUSSU;AV. GOVERNADOR LEONEL BRIZOLA, S/N
URUBURETAMA;23;59;SANTA LUZIA - ZONA RURAL;EEF DAVI SALES PINHEIRO;SANTA LUZIA
CAUCAIA;37;405;ITAMBE;E.E.F. FLAVIO PORTELA MARCILIO;RUA 05, 23 - CONJ. VICENTE ARRUDA
CARNAUBAL;22;208;SITIO CACHOEIRA DO NORTE;CENTRO DE APRENDIZAGEM RURAL CANDIDO DA CONCEICAO;SITIO CACHOEIRA DO NORTE
ICAPUÍ;8;312;BARREIRAS DE CIMA;ESCOLA PROFA JOANA MARQUES BEZERRA;BARREIRAS DE CIMA
FORTALEZA;112;438;EDSON QUEIROZ;COLEGIO ARI DE SA CAVALCANTE WS;AV WASHINGTON SOARES, 3737
FORTALEZA;95;265;CAJAZEIRAS;EEMTI PROF. PAULO AYRTON ARAUJO - PRÉDIO ANTIGO;BR 116 KM 05, EM FRENTE AO ASSAÍ ATACADISTA
MULUNGU;5;131;CENTRO-SEDE;EMEF HERMENEGILDO ROCHA PONTES;RUA SANTA INES S/N
FORTALEZA;115;90;SERRINHA;COLEGIO DUQUE DE CAXIAS;RUA  PERU, 1675
GRAÇA;79;168;SITIO BARRO VERMELHO;GRUPO ESCOLAR JOAO LOPES DE CARVALHO;SITIO BARRO VERMELHO
FORTALEZA;116;495;GRANJA LISBOA;EM SERVULO MENDES BARROSO;RUA JOSE MARTINS 2239
RERIUTABA;79;23;ANGICOS;E.E.I.F. CLODOALDO RODRIGUES DA CUNHA;FAZENDA ANGICOS - ZONA RURAL
MOMBAÇA;46;124;VILA SÃO JOSÉ;CEI MARIA OLÍVIA ALVES DE ALENCAR;RUA MARIA BATISTA DE ALMEIDA, S/N
FORTALEZA;93;140;PREFEITO JOSÉ WALTER;EEEP PROFESSOR ONELIO PORTO;AVENIDA E, 471 - II ETAPA
CANINDÉ;33;378;SANTA LUZIA;EMEF SENADOR CARLOS JEREISSATI;RUA EUCLIDES BARROSO, 1048
IPAPORANGA;20;285;LAGOA DO BARRO;ESCOLA DE ENSINO FUNDAMENTAL JOSE DOMINGOS DE MORAES;LAGOA DO BARRO
PACAJUS;49;28;CENTRO;INSTITUTO EDUCACIONAL ESSÊNCIA;RUA MAMEDE NOGUEIRA, 814
MASSAPÊ;45;125;LUIS DA HORA PEREIRA;CMEF PROFESSORA MARIA DO CARMO CARNEIRO (EEF MARIA PONTES VIDAL);RUA AMADEU ALBUQUERQUE, S/N
REDENÇÃO;52;8;CENTRO (SEDE);CENTRO EDUCACIONAL PERBOYRE E SILVA;RUA MARECHAL DEODORO, N. 399
PENAFORTE;70;328;CENTRO-SEDE;ESCOLA SIMAO ANGELO;RUA PADRE CICERO S/N
BATURITÉ;5;20;MANGA-SEDE;CENTRO DE EDUCAÇÃO INFANTIL MARIA LEIDIANE;RUA KAULIM, SN
FORTALEZA;95;174;PARQUE SANTA MARIA;EEMTI POETA OTACILIO COLARES;RUA JORGE DA VEIGA, 265
TAUÁ;19;146;COLIBRIS;ESCOLA DONDON FEITOSA;RUA JORNALISTA HELDER FEITOSA S/N
FORTALEZA;94;331;JARDIM GUANABARA;CMES PROF JOSE REBOUCAS MACAMBIRA;RUA CARIÚS 200
PACAJUS;49;61;CURIMATÃ;EEF MIGUEL RODRIGUES DOS SANTOS;CURIMATÃ
PACAJUS;49;135;FORMOSO;EEF JOSE GERALDO FILHO;FORMOSO
PACAJUS;49;34;CENTRO;EMATERCE;RUA CORONEL CICERO NOGUEIRA DE QUEIROZ 335
FORTALEZA;117;249;PARQUE SANTA ROSA;ESCOLA MUNICIPAL MARIETA GUEDES MARTINS;RUA JOSE GUEDES MARTINS 4701
AQUIRAZ;66;343;CENTRO;CRAS - CENTRO;TV. SÃO JOÃO, 248
SÃO JOÃO DO JAGUARIBE;91;128;LIMA;EEF JUVENCIO PAULA - SITIO LIMA;SITIO LIMA
BOA VIAGEM;63;4;CENTRO-SEDE;SECRETÁRIA DO TRABALHO E ASSISTENCIA SOCIAL- ANTIGO CENTRO COMUNITÁRIO;RUA ANTONIO QUEIROZ  250
QUIXADÁ;6;265;PLANALTO UNIVERSITÁRIO;FECLESC;RUA JOSÉ DE QUEIROZ PESSOA, 2554
FORTALEZA;94;882;PADRE ANDRADE;CEI PROFESSOR CLODOALDO PINTO;RUA BANVARTH BEZERRA 100
RERIUTABA;79;108;AÇUDE DO MATO;E.E.F. NOSSA SENHORA DAS GRACAS;AÇUDE DO MATO
FORTALEZA;116;176;GRANJA PORTUGAL;EM IRMÃ ROCHA - ANEXO;RUA EMILIO DE MENEZES S/N
MOMBAÇA;46;68;CENTRO;E. E. F. M. DIVINO SALVADOR;RUA FRANCISCO JOSE DE OLIVEIRA SN                 SEDE
URUBURETAMA;23;343;SAO JOAO;EEF PAULO FERREIRA DA CUNHA;SITIO UBATUBA
TURURU;17;642;ESTAÇÃO;EMEF ANTONIO PIRES CHAVES;RUA ANTONIO PIRES 100
NOVO ORIENTE;99;6;CENTRO;EEF FRANCISCO RUFINO VIEIRA;RUA CAPITAO RODRIGO S/N
APUIARÉS;50;219;ZONA RURAL;EEF NELY RIBEIRO LUZ;CANAFÍSTULA
FORTALEZA;116;505;GRANJA PORTUGAL;CEI REITOR ANTONIO MARTINS FILHO - UNIDADE 2;RUA HUMBERTO LOMEU 1220
RERIUTABA;79;16;CAMPO LINDO;E.E.I.F. ANTÔNIO ALVES DE SOUSA;POVOADO DE CAMPO LINDO - ZONA RURAL
MILHÃ;55;122;CENTRO;CRECHE COMUNITÁRIA CRIANÇA FELIZ;RUA PADRE JOACI CAVALCANTE, S/N - CENTRO
PINDORETAMA;7;203;PRATIUS - 2;EMEB OLGA VALE ALBINO;RODOVIA CE 454, S/N - PRATIUS - 2  PINDORETAMA
MADALENA;63;220;CENTRO;EEF ALVARO DE ARAUJO CARNEIRO;MARIA ARMENIA BARBOSA, 299 - SANTA TEREZINHA
SENADOR POMPEU;12;93;SAO JOAQUIM;EEIEF ANTONIO JACOB FILHO;SAO JOAQUIM DE BAIXO
TURURU;17;661;RIO DO INÁCIO / ZONA RURAL;EMEF JOSE MANOEL PEREIRA;LOCALIDADE RIO DO INACIO
FORTALEZA;94;767;VILA VELHA;EMEIEF MARIA MARIZA MENDES DE CARVALHO;RUA RAIMUNDO CUNHA 1174
MARTINÓPOLE;25;106;CENTRO;E.E.F. PADRE JOSÉ ROBERTO (GINÁSIO);RUA JOAO BATISTA, 221
SOBRAL;121;318;SINHÁ SABÓIA;ESCOLA CARLOS JEREISSATI;AV SENADOR FERNANDES TAVORA, 950
MARACANAÚ;104;107;JEREISSATI I;EEMTI PROFESSOR CLODOALDO PINTO;AVENIDA CONTORNO NORTE, 99
FORTALEZA;85;300;ANTÔNIO BEZERRA;EEFM ANTONIO BEZERRA;RUA PADRE PERDIGAO SAMPAIO 780
BARREIRA;52;179;CÓRREGO;ESCOLA MANUEL LIBERATO DE CARVALHO;CÓRREGO
MARACANAÚ;122;285;ALTO ALEGRE I;EMEF PROFESSORA MARIA DE LOURDES DA SILVA;RUA 14 N 800 QUADRA 236
FORTALEZA;118;651;BOA VISTA-CASTELÃO;EM PROFESSORA MARIA STELLA COCHRANE SANTIAGO;RUA ANTONIO FARIAS, 121
TAMBORIL;61;100;CENTRO;EMTI 4 DE OUTUBRO;RUA VICENTE ALVES DO VALE SN
CATUNDA;54;215;POVOADO CATUANA;ESCOLA MUNICIPAL PADRE ARAGÃO;POVOADO DE CATUANA
FORTALEZA;85;276;CONJUNTO CEARÁ I;EEFM PROF PLACIDO ADERALDO CASTELO - UV 7B;RUA SETECENTOS E VINTE E UM, 100, 3A ETAPA
IPAPORANGA;20;249;CENTRAL;ESCOLA DE EDUCAÇÃO INFANTIL PEQUENO PRÍNCIPE;RUA GABRIELRODRIGUES JÚNIOR, 101
MORAÚJO;64;40;CENTRO;MORAÚJO - ESCOLA MUN. Mª CARLITA ARAÚJO;COHAB 2 - CENTRO
TAUÁ;19;245;BARRA NOVA;TEMISTOCLES LINS FIALHO;CACHOEIRINHA DO PAI SENHOR
CAUCAIA;37;296;JAPUARA;E.E.F. RAIMUNDO JOSE DOS SANTOS;TRAVESSA DE JAPUARA, S/N, COMUNIDADE - REGIÃO GARROTE
PARACURU;109;42;CENTRO;E. M. E. F. PADRE JOAO DA ROCHA;RUA DES PONTES VIEIRA, 575
PARACURU;109;3;CENTRO;E. M. E. F. ANTONIO SALES;RUA CAP JOSE TELES, S/N
MAURITI;76;41;BURITIZINHO-DISTRITO;EEF FILEMON TELES;RUA JOAO LUCAS, S/N
FORTALEZA;112;143;JARDIM DAS OLIVEIRAS;EEFM D. LUIZA TÁVORA - PRÓ MORAR;RUA FREI CANECA, 379
CEDRO;13;493;SÃO MIGUEL;ESCOLA DE ENS FUND PEDRO MOREIRA DO CARMO;ST RECANTO
FORTALEZA;95;335;CONJUNTO PALMEIRAS;EMEIEF MARIA HELENILCE CAVALCANTE LEITE MARTINS;RUA MAIZA, S/N
BANABUIÚ;6;441;CENTRO;EEF RAUL URQUID;RUA DEMÓCRITO PINTO, 280, CENTRO
FORTALEZA;94;214;VILA VELHA;EM CASTELO DE CASTRO;RUA 43 1531
FORTALEZA;80;361;TAUAPE;EMEIF ALMERINDA DE ALBUQUERQUE;RUA ANA GONCALVES 1105
NOVA OLINDA;53;14;CRUZEIRO;EEMTI PADRE LUIZ FILGUEIRAS;RUA PROFESSORA NANÔ, SN
SOBRAL;121;168;CENTRO;CENTRO EDUCACIONAL MARIA IMACULADA(PATRONATO);RUA CONSELHEIRO JOSE JULIO, 145
CAMOCIM;32;46;CRUZEIRO;CENTRO SOCIAL URBANO - CSU;RUA RIACHUELO S/N
MARACANAÚ;104;392;PAJUÇARA;EMEIEF PREFEITO ALMIR FREITAS DUTRA;RUA ELÍFIO MEDEIROS DA CUNHA, 531
BARBALHA;31;141;PARQUE BULANDEIRA;EEEP OTÍLIA CORREIA SARAIVA (LICEU DE BARBALHA);RUA PROJETADA I, S/N (7.29196 S, 39.31251 W)
FORTALEZA;115;114;PARANGABA;EMTI CAROLINO SUCUPIRA;RUA MUNDICA PAULA, 670
AQUIRAZ;66;289;ZONA RURAL;UNIDADE PENAL FEMININO DESA. AURI MOURA COSTA - UPF;BR 116, KM 27
FORTALEZA;93;278;PREFEITO JOSÉ WALTER;ESCOLA MUNICIPAL ARI DE SA CAVALCANTE (JOSÉ WALTER);AV. H, 430 III ETAPA
FORTALEZA;93;205;PLANALTO AYRTON SENNA;LICEU ESTADUAL DOMINGOS BRASILEIRO;RUA PLANALTINA, S/N
EUSÉBIO;88;209;GUARIBAS;EEMF ADELINO BEZERRA;AV ACILON GONÇALVES PINTO, S/N - GUARIBAS
TIANGUÁ;81;183;ÁREA RURAL DE TIANGUÁ;E.E.F. LUIZ SERAFIM;SÍTIO LAJES
SOBRAL;121;270;BONFIM;ESCOLA  JOSE JULIO DE ANDRADE (POLO JOSE ARIMATEIA ALVES);LOCALIDADE ESTREITO - BONFIM
POTIRETAMA;86;51;BARACHA;ESCOLA DE 1 GRAU FRANCISCO SEBASTIAO DE ASSIS;SITIO BARACHA
PARACURU;109;63;CENTRO;E. M. E. F. PADRE JOAO DA ROCHA;RUA DES PONTES VIEIRA, 575
FORTALEZA;80;349;JOAQUIM TÁVORA;COLÉGIO SALESIANO DOM BOSCO;AV ANTONIO SALES 116
MAURITI;76;4;SERRINHA;CENTRO EDUCACIONAL DE MAURITI;RUA JOSÉ LEITE DA COSTA, 629
FORTALEZA;118;418;PARQUE DOIS IRMÃOS;CEI FRANCISCA RODRIGUES DE SOUSA;RUA MAJOR TELÉSFORO S/N
AQUIRAZ;66;248;PORTO DAS DUNAS;EMEF MARIA FACANHA DE SÁ;RUA VIA COLETORA - LITORANEA II  N 2435
RUSSAS;9;224;MELANCIAS;ESCOLA MUNICIPAL LUIZ FERREIRA LIMA;MELANCIAS
JATI;70;400;BAIXA GRANDE;CRECHE SAMARA VIDAL;SÍTIO BAIXA GRANDE
FORTALEZA;95;260;BARROSO;EEFM PROFESSOR  ALOYSIO BARROS LEAL;RUA 10,  LOT. PRQ.VERDE 28 (CJ JOAO PAULO II)
JUAZEIRO DO NORTE;119;128;PIRAJA;ESCOLA AMALIA XAVIER;RUI BARBOSA 468
SÃO BENEDITO;22;225;MONS. OTALICIO;LICEU - JOAO ALMIR DE FREITAS BRANDAO;AVENIDA TABAJARA S/N
COREAÚ;64;22;Ubaúna;UBAÚNA - ESCOLA M. PEDRO CONRADO;RUA MANOEL OSIRO, S/N
FORTALEZA;94;565;VILA VELHA;EMEIF HERONDINA LIMA CAVALCANTE;AV. AMBIENTALISTA ARY THIERS, 310
BARBALHA;31;124;MALVINAS;EEF MARIA VALQUIRIA TELES MOREIRA (MALVINAS);PRAÇA RUA P10 COM AV LUIZ GONZAGA - MALVINAS (7.30233 S, 39.27896 W)
SOBRAL;121;41;TAPERUABA;ESCOLA FREDERICO AUTO CORREIA;RUA ANTONINO MELO - VASSOURAS
RUSSAS;9;210;IPIRANGA;EEMTI PROFESSOR WALQUER CAVALCANTE MAIA;TRAV PEDRO ARAUJO 175
MILHÃ;55;72;CENTRO;ESCOLA DE ENSINO FUNDAMENTAL CLEONICE B. PINHEIRO ROSA;RUA PEDRO JOSE DE OLIVEIRA 908
JARDIM;119;309;SERRA OLHO DAGUA;ESCOLA NOSSA SENHORA APARECIDA;SERRA OLHO DAGUA SN
CAUCAIA;120;361;SITIOS NOVOS;E.E.I.E.F. NOSSA SENHORA DA CONCEICÃO;ASSENTAMENTO SANTA BÁRBARA - CAPINE
GUAIÚBA;57;229;PINHEIRO;EEBM HILDA FRADIQUE ACCIOLY;RUA RAIMUNDO BANDEIRA, SN
FORTALEZA;116;414;BONSUCESSO;EM MARIA DO SOCORRO ALVES CARNEIRO;RUA LUIS VIEIRA 1020
FORTALEZA;118;289;PARQUE DOIS IRMÃOS;EM DOUTOR ABDENAGO DA ROCHA LIMA;RUA 114, 75 (CJ TUPAN MIRIM)
VÁRZEA ALEGRE;62;6;CENTRO;EEF FIGUEIREDO CORREIA;RUA FIGUEIREDO CORREIA, 258
FORTALEZA;116;77;GRANJA PORTUGAL;EM CONCEICAO MOURAO;RUA DUAS NACOES 550
FORTALEZA;116;298;GRANJA LISBOA;EEEP ICARO DE SOUSA MOREIRA - LICEU DO BOM JARDIM;RUA JOSE MARTINS, 2246
SANTA QUITÉRIA;54;165;VILA SÃO COSME;ESCOLA MUNICIPAL SENADOR PAULA PESSOA;VILA SÃO COSME
FORTALEZA;112;315;JARDIM DAS OLIVEIRAS;EM MARIA DE LOURDES RIBEIRO JEREISSATI;RUA REINO UNIDO, 115
JARDIM;119;287;CENTRO;ESCOLA GOV. ADAUTO BEZERRA;AV WILSON RORIZ 1334
JAGUARIBE;10;103;CRUZEIRO;ESCOLA DE ENSINO FUNDAMENTAL E MEDIO CORNELIO DIOGENES;BR 116 KM 300
QUIXERAMOBIM;11;47;CENTRO;LICEU ALFREDO ALMEIDA MACHADO;AV. DR. JOAQUIM FERNANDES, 95 - CENTRO
MOMBAÇA;46;18;CENTRO;ESCOLA DE ENSINO FUNDAMENTAL LAURA ALENCAR;RUA CASSIMIRO FIUZA BENEVIDES, S/N
ARATUBA;105;74;CENTRO-SEDE;EEF PROFESSORA MARIA JULIA PEREIRA BATISTA;RUA TARGINO GOES S/N
VÁRZEA ALEGRE;62;113;CANINDEZINHO;EEF MANOEL SALVADOR;SÍTIO CARNAÚBAS
QUIXERÉ;29;215;SEDE;EEFM GOVERNADOR MANOEL DE CASTRO FILHO;RUA PADRE JOAQUIM DE MENEZES 1110
PARAIPABA;109;107;CENTRO;EMEF BETEL;RUA DOMINGOS BARROSO SN
VÁRZEA ALEGRE;62;90;VARJOTA;EEF ZULMIRA SIEBRA LEITE;TRAVESSA NARANIU, 72
UBAJARA;73;146;MONTE CASTELO;ESCOLA FLAVIO RIBEIRO LIMA;RUA TEN JOSE RAMIRO DE SOUSA
BARREIRA;52;82;ARERÉ;ESCOLA FRANCISCO CORREIA LIMA;ARERÉ I
FORTALEZA;1;943;PAPICU;COLÉGIO KENNEDY;AVENIDA ENGENHEIRO SANTANA JÚNIOR,58
FORTALEZA;114;89;BARRA DO CEARÁ;CUCA BARRA DO CEARÁ;AV. PRES. CASTELO BRANCO, 6417
SENADOR POMPEU;12;77;ENGENHEIRO JOSE LOPES;EEIEF JOSÉ ANTÔNIO DE SOUSA;ENGENHEIRO JOSE LOPES
CANINDÉ;33;405;ZONA RURAL;EMEF FRANCISCO JOSE;RUA FRANCISCO JOSE, S/N CAIÇARA
MORADA NOVA;47;18;CENTRO;CENTRO EDUCACIONAL MONSENHOR TABOSA;AV. MANOEL CASTRO, 440
FORTALEZA;112;383;CIDADE DOS FUNCIONÁRIOS;ESCOLA SOCIOEDUCATIVA;AV. OLIVEIRA PAIVA, 941
PEDRA BRANCA;59;126;MINEIROLANDIA;E.E.F.I  DOM JOSE MAURO;RUA VICENTE MINEIRO, 25
FORTALEZA;80;249;TAUAPE;EMEIF PROFª ANTONIETA CALS;RUA MONSENHOR SALAZAR 1480
LAVRAS DA MANGABEIRA;14;69;CENTRO - SEDE;CENTRO EDUCACIONAL PEQUENO PRÍNCIPE - CEPP;RUA DOS COQUEIROS, 82
GUAIÚBA;57;105;DOURADOS;EEBM MANUEL XAVIER PIRES;DOURADOS
ICÓ;15;170;NOVO CENTRO - SEDE;EEMTI - PADRE JOSÉ ALVES DE MACÊDO;AV. FRANCISCO CAETANO DANTAS, S/N
MARACANAÚ;122;278;LUZARDO VIANA;COLEGIO ESTADUAL RUI BARBOSA;RUA JOSE JANUARIO PINTO, S/N
PARAIPABA;109;197;CACIMBÃO DOS TABOSAS;EMEIF JOSÉ BRAGA DE PAIVA;CACIMBAO DOS TABOSAS
RERIUTABA;79;104;VILA NOVA;CRECHE VÓ SINHÁ;RUA JOÃO FURTADO FILHO, N 720
UBAJARA;73;128;FURNALHÃO - DISTRITO DE ARATICUM;UBS - JOSÉ NORBERTO DE AZEVEDO;SÍTIO FURNALHÃO
IRAUÇUBA;41;216;COITE;ESCOLA MUNICIPAL JULIO PINHEIRO BASTOS;COITE
AQUIRAZ;66;290;JACUNDA;EMEF HENRIQUE GONCALVES DA JUSTA FILHO;RUA ANTONIO MELQUIADES LIMA S/N
BOA VIAGEM;63;60;POCO DA PEDRA II;EEF PEDRO SOARES DE ALMEIDA;POCO DA PEDRA II-IBUACU
FORTALEZA;80;344;JOAQUIM TÁVORA;COLÉGIO SALESIANO DOM BOSCO;AV ANTONIO SALES 116
ARATUBA;105;96;PAI JOAO-SITIO;ESCOLA MUNICIPAL LUIZ GERVASIO COLARES;PAI JOAO
UBAJARA;73;155;sItio moitinga;ESCOLA ESTEVAO MENDES;SITIO MOITINGA
BANABUIÚ;6;421;RINARÉ;EEF ANA DE FONTE BRAGA;MURISSIZINHO
ARACATI;8;93;CORREGO DA ESPERANÇA;E.E.F. ROSA NORBERTO DO NASCIMENTO;CORREGO DA INVEJA
SANTANA DO ACARAÚ;44;40;DISTRITO MUTAMBEIRAS;GRUPO ESCOLAR MARIA CATARINA VASCONCELOS;RUA DO CRUZEIRO, MUTAMBEIRAS
CAPISTRANO;105;50;CENTRO;ESCOLA DE ENSINO BASICO DEPUTADO UBIRATAN DINIZ AGUIAR;RUA JOSE SARAIVA SOBRINHO S/N
HORIZONTE;78;193;CENTRO;EEMTI MARIA DOLORES ALCÂNTARA E SILVA;AV. JUVENAL DE CASTRO, 645
FORQUILHA;121;316;PADRE EDSON;FORUM DR.LUÍS MARTINS VIANA;AV. CRIANÇA DANTE VALERIO, S/N
PENTECOSTE;50;138;PEDREIRA;EEF EDSON MARTINS CAMPELO;RUA ANTONIO NATALIA
QUIXADÁ;6;65;CAMPO VELHO;CEJA JOÃO RICARDO DA SILVEIRA;RUA DOM LUCAS, 760
BOA VIAGEM;63;98;SEDE;INSTITUTO FEDERAL DE EDUCAÇÃO CIÊNCIA E TECNOLOGIA - IFCE;BR 020 - S/N
NOVA RUSSAS;48;213;TAMARINDO;ESCOLA MUNICIPAL SÃO FRANCISCO (UNIBOL);RUA FRANCISCO LOPES, S/N
ITAREMA;98;143;ZONA RURAL;EMEF ROGERIO RIBEIRO MONTEIRO;TORROES
PEDRA BRANCA;59;67;SEDE;E.E.I.F. JOSE ARAUJO CHAVES;SITIO OLHO D' AGUINHA
JUAZEIRO DO NORTE;119;439;FREI DAMIAO;EEFTI PROFESSORA CICERA MARIA DOS SANTOS;RUA DR OSVALDO JUCA NETO, S/N
AQUIRAZ;66;344;MACHUCA;CRECHE FRANCISCO JOAQUIM DOS ANJOS;ROD. CE 040 KM 18
FORTALEZA;80;248;TAUAPE;EMEIF PROFª ANTONIETA CALS;RUA MONSENHOR SALAZAR 1480
ICÓ;15;136;LAGOA DOS MILHOMENS - SITIO;ESCOLA MUNICIPAL JOSE ADELAIDE DE CARVALHO;SITIO LAGOA DOS MILHOMENS S/N
FORTALEZA;83;746;HENRIQUE JORGE;CENTRO EDUCACIONAL BRASILEIRINHO;AVENIDA SENADOR FERNANDES TÁVORA, 1717
MARACANAÚ;122;11;PIRATININGA;COLÉGIO ESTADUAL PROFº FRANCº OSCAR RODRIGUES(COL.EST.LICEU MARACANAÚ);AV. LUIZ GONZAGA HONÓRIO, 50, PIRATININGA, MARACANAÚ-CE
FORTALEZA;113;440;PARQUE ARAXÁ;CENTRO UNIVERSITÁRIO UNIFANOR;AV. BEZERRA DE MENEZES, 1277
MARACANAÚ;122;16;PIRATININGA;COLÉGIO ESTADUAL PROFº FRANCº OSCAR RODRIGUES(COL.EST.LICEU MARACANAÚ);AV. LUIZ GONZAGA HONÓRIO, 50, PIRATININGA, MARACANAÚ-CE
PACATUBA;57;339;CONJUNTO JEREISSATI III;EEIEF NELLY DE LIMA E MELO;RUA 02, 250
PACAJUS;49;63;PAULICÉIA;EEF ANTONIO AIRTON TORRES;PAULICEIA
NOVO ORIENTE;99;70;ZONA RURAL;EEF MARCELINO TAVARES;OLHO D'ÁGUA
FORTALEZA;83;287;MONTESE;COLÉGIO ELITE;AVENIDA JOÃO PESSOA, 6302
SOBRAL;24;68;JERÔNIMO PRADO;UNIV.EST.VALE DO ACARAÚ-UVA-NÚCLEO DE DISCIPLINAS COMPLEMENTARES;AVENIDA DA UNIVERSIDADE, S/N
MARTINÓPOLE;25;125;CENTRO;E.E.I. CECILIO PORFIRIO GOMES;AV. CAPITAO BRITO, S/N
UBAJARA;73;126;DISTRITO ARATICUM;ESCOLA ZULMIRA AGASSIS;R LUIZA LEONIZA SN - DISTRITO ARATICUM
BATURITÉ;5;5;CANDEIA BOA VISTA-POVOADO;EMEF MARIA DE LOURDES DA SILVEIRA;CANDEIA BOA VISTA, SN
FORTALEZA;80;352;JOAQUIM TÁVORA;COLÉGIO SALESIANO DOM BOSCO;AV ANTONIO SALES 116
REDENÇÃO;52;7;CENTRO (SEDE);CENTRO EDUCACIONAL PERBOYRE E SILVA;RUA MARECHAL DEODORO, N. 399
FORTALEZA;118;608;MONDUBIM;EM CASIMIRO MONTENEGRO;AV. BERNARDO MANUEL, 11360
FORTALEZA;113;194;BENFICA;FACULDADE DE PSICOLOGIA DA UFC;AV. DA UNIVERSIDADE, 2762
SOBRAL;121;291;JOCELY DANTAS;CURSO DE QUIMICA-UVA-CAMPUS CIDAO;AV. DR. GUARANY
CEDRO;13;523;PLANALTO DOS CADEIRA(CEDRO 1);CENTRO DE EDUCAÇÃO INFANTIL MARIA MARILENE ALVES DINIZ;PLANALTO DOS CADEIRAS
SOBRAL;121;275;CENTRO;ESCOLA OSMAR DE SA PONTE;RUA PINTOR LEMOS, S/N
CAUCAIA;37;578;PADRE ROMUALDO;E.E.F. AUGUSTO CESAR SILVA SALES;RUA 15 DE NOVEMBRO, 456
TIANGUÁ;81;201;RÉGIS DINIZ;E.E.F. DOM FCº. JAVIER HERNANDEZ ARNEDO;RUA SÃO BERNARDO, S/N
MADALENA;63;162;CENTRO;EEF ALFREDO ALMEIDA MACHADO;RUA PEDRO COSTA E SILVA, 99 - CENTRO
TAMBORIL;61;39;CENTRO;EMEF GENERAL SAMPAIO;RUA FRANCISCO MARTINS DE HOLANDA, 75
TABULEIRO DO NORTE;91;151;SÃO BENTO;EEB JOSE BIZERRA DE LIMA - SITIO SÃO BENTO;SITIO SÃO BENTO
FORTALEZA;117;161;MANOEL SÁTIRO;EEF JOSE AYRTON TEIXEIRA;RUA ALFREDO MAMEDE SN
ITAPIPOCA;17;47;BOA VISTA;ESCOLA DE 1 GRAU DR GERALDO GOMES DE AZEVEDO;RUA JOAQUIM AMÉRICO TEIXEIRA, 216
IBARETAMA;6;375;CENTRO;EMEIF RAIMUNDA EMÍLIA DE LIMA;ESTRADA DO ALGODAO - DISTRITO SEDE
NOVA RUSSAS;48;38;CAMPOS;ESCOLA MUNICIPAL SEVERINO PERGENTINO DE SOUSA;LOCALIDADE DE CAMPOS,
RUSSAS;9;65;CENTRO;ESCOLA MUNICIPAL TIA BENILCE DE EDUC INFANTIL E ENSINO FUNDAMENTAL;AVENIDA DOM LINO, 204
MADALENA;63;195;SEDE;EEF VICENTE PATRICIO DE ALMEIDA;RUA PROFª ROSA ALMEIDA SOUSA, S/N - MACAOCA
CHOROZINHO;49;101;VILA REQUEIJAO;COLEGIO GUIBSON MARINHO DOS SANTOS;AV SABINO MOREIRA SN
FORTALEZA;116;397;JOÃO XXIII;COMPLEXO SOCIAL MAIS INFÂNCIA MARIA DE LOURDES MOREIRA LEITE LIMA;RUA ARAGUAIANA, 77
NOVA RUSSAS;48;144;MULUNGU;ESCOLA MUNICIPAL RAIMUNDO FERREIRA LIMA;LOCALIDADE DE MULUNGU,
AMONTADA;89;184;MOSQUITO;EEBTI EMILIA MARQUES MELO;MIRINDUBA
EUSÉBIO;88;148;OLHO D'AGUA;EEF JOÃO FREITAS RAMOS;RUA OLHO D'AGUA, 2122
ARACATI;8;298;CENTRO;E.E.F. FRANCISCO SABOIA BARBOSA;RUA DUQUE DE CAXIAS 1990
VIÇOSA DO CEARÁ;35;181;LAMBEDOURO;E.E.F. DE OITICICAS;VILA OITICICAS
PEDRA BRANCA;59;64;CAPITÃO MOR;E.E.F. ANTONIO TORQUATO SOUSA;VILA CAPITAO MOR
ITAPIPOCA;17;715;ÁREA RURAL DE ITAPIPOCA;EEB FRANCISCO BEZERRA DE SOUZA;LAGOA DA CRUZ
GRANJA;25;31;IBUAÇU;E.E.F. LIVIO BARRETO;VILA IBUACU
CRATO;27;114;MURITI;UNIDADE BÁSICA DE SAÚDE FRANCISCO DAS CHAGAS LOBO SOARES (CHAGUINHA);RUA PEDRO ORLANDO BEZERRA DE MENEZES, S/N
IRAUÇUBA;41;151;MISSI;ESCOLA MUNICIPAL JOSEFA CLOTILDE TABOSA BRAGA;RUA ANARIO BRAGA SN
BANABUIÚ;6;443;CENTRO;EEF RAUL URQUID;RUA DEMÓCRITO PINTO, 280, CENTRO
SOBRAL;24;323;SUMARÉ;EEM PROFESSORA CARMOSINA FERREIRA GOMES;RUA DAS FLORES, S/N
IRAUÇUBA;41;184;CAMPINAS;ESCOLA MUNICIPAL MANOEL COELHO DA CRUZ;CAMPINAS
FORTALEZA;115;307;MARAPONGA;COLEGIO PROVECTO;RUA SUIÇA, 76
VIÇOSA DO CEARÁ;35;18;CENTRO;CENTRO DE EDUCAÇÃO DE JOVENS E ADULTO;RUA JOSE JOAQUIM DE CARVALHO S/N
FORTALEZA;3;134;JACARECANGA;COLÉGIO ESTADUAL LICEU DO CEARÁ;PRAÇA GUSTAVO BARROSO, 01
FORTALEZA;1;392;VICENTE PINZON;CIES AIDA SANTOS;AVENIDA TRAJANO DE MEDEIROS  813
FORTALEZA;2;784;JOSÉ DE ALENCAR;COLÉGIO CHRISTUS SUL 3;AV ENGENHEIRO LEAL LIMA VERDE, 2500 - JOSÉ DE ALENCAR
FORTALEZA;2;153;MESSEJANA;EMEIF ANGELICA GURGEL;RUA DOUTOR PERGENTINO MAIA, 375
MISSÃO VELHA;16;89;CENTRO;URCA (ANTIGO GINASIO PAROQUIAL);RUA CORONEL JOSE DANTAS, SN
CASCAVEL;7;207;JACARECOARA;ESC.ENS.FUND. FRANCISCO CAPISTRANO DE SOUZA;BARRA NOVA
ARACOIABA;67;26;ARRAIAL SANTA IZABEL-SITIO;ESCOLA MUNICIPAL DOUTOR GERARDO MELO;ARRAIAL SANTA ISABEL
ITAPIPOCA;17;470;CACIMBAS;CENTRO EDUCACIONAL MARIA MAGALHAES VIANA AZEVEDO;RUA MOESIO LOIOLA S/N
MARANGUAPE;4;510;PAPARA;EMEIEF JOÃO LEITE;RUA FERNANDO SAMPAIO DE ANDRADE, S/N
GRANJA;25;191;SÃO RAIMUNDO;E.E.F. SÃO RAIMUNDO;RUA DONA CHIQUEZA
PORTEIRAS;70;272;CENTRO-SEDE;E E F ADALBERTO LEITE TAVARES;RUA JOAQUIM TAVORA S/N
FORTALEZA;112;519;SAPIRANGA-COITÉ;EM PROF MONTEIRO DE MORAES;AVENIDA EVILASIO ALMEIDA MIRANDA, 1608
MILAGRES;26;102;SITIO SÃO TOMÉ;POSTO DE SAUDE SAO TOME;SITIO SAO TOME
ICÓ;15;21;CENTRO - SEDE;ESCOLA MUNICIPAL SENHOR DO BONFIM;RUA FRANCISCO MACIEL DA SILVA, 2557
TURURU;17;629;CEMOABA / ZONA RURAL;EMEF MARIA LUNGA MOREIRA;RUA PRINCIPAL
FORTALEZA;80;426;FÁTIMA;ESCOLA VILA;RUA DOM SEBASTIAO LEME, 819
MAURITI;76;13;PALESTINA DO CARIRI-DISTRITO;EEF OSSIAN ARARIPE;VILA DNOCS
PACAJUS;49;392;LAGOA SECA;CEI VOVO MARIA FRANCISCA DAS CHAGAS;LAGOA SECA
FORTALEZA;113;307;BOM FUTURO;COLÉGIO MEDALHA MILAGROSA;RUA PADRE JOÃO PIAMARTA,  415
CAUCAIA;37;329;TABUBA;E.E.F. LUZIA CORREIA SALES;ESTRADA DO CUMBUCO, 3132
FORTALEZA;85;134;CONJUNTO CEARÁ I;COLÉGIO LUÍZA TÁVORA;RUA 1050, N 171, 4 ETAPA
ITAPAJÉ;41;114;CAMARA;ESCOLA MUNICIPAL ANTONIO PINTO DE OLIVEIRA;DISTRITO DE CAMARÁ
JIJOCA DE JERICOACOARA;30;392;CENTRO;ESCOLA JOSE DIONISIO DE SOUSA;RUA RAIMUNDO ALEXANDRE 330
ITAPAJÉ;41;264;ESMERINO GOMES;ESCOLA MUNICIPAL PREF ROQUE SILVA MOTA;RUA OTAVIO PINTO DE MESQUITA
MARACANAÚ;122;124;SIQUEIRA (siqueira 2);EMEF FRANCISCO TABOZA FILHO;AV. JUSCELINO KUBITSCHEK 1941
ACARAÚ;30;188;ZONA RURAL;ESCOLA MARIA NAZARE VIANA;AROEIRA II
FORTALEZA;118;263;SERRINHA;EEFM PROFESSOR JADER MOREIRA DE CARVALHO;RUA PROFESSORA HELOISA FERREIRA LIMA, 420
FORTALEZA;82;206;MONTE CASTELO;EM PROFESSOR MARTINZ DE AGUIAR;RUA BERNARDO PORTO, 470
MERUOCA;24;599;Centro;CAMARA MUNICIPAL DE MERUOCA;PRAÇA MONSENHOR JOSE FURTADO
FORTALEZA;115;476;VILA PERI;EEM PROF. HERMENEGILDO FIRMEZA;RUA GABRIEL FIUZA 360
ACARAÚ;30;69;ZONA RURAL;ESCOLA RAIMUNDO ROSA DO NASCIMENTO;PEDRINHAS
ACARAÚ;30;53;ZONA RURAL;ESCOLA MANOEL DUCA DA SILVEIRA;LAGOA DO CARNEIRO
BARBALHA;31;96;BETÂNIA;EMEIF MARECHAL RONDON (SÍTIO BETÂNIA);SITIO BETANIA, S/N (7.46264 S, 39.43068 W)
FORTIM;8;249;CAMPESTRE;EEIFTI. MAURO BONOTTO;CAMPESTRE
BREJO SANTO;70;317;MORRO DOURADO;ESC E F FRANCISCO LEITE DE MOURA (CHICO LEITE);RUA LUIZ PINHEIRO TORRES 207
TAUÁ;19;267;ALTO BRILHANTE;EEF JOAQUIM PIMENTA;AV JOSE VALDEMAR REGO 585
FORTALEZA;83;62;BELA VISTA;EEMTI SENADOR FERNANDES TÁVORA;RUA GOIÁS 141
FORTALEZA;112;380;CIDADE DOS FUNCIONÁRIOS;EEFM WALTER DE SA CAVALCANTE;AVENIDA OLIVEIRA PAIVA, 550
CRUZ;30;78;ZONA RURAL;ESCOLA JOAO EVANGELISTA VASCONCELOS;CAJUEIRINHO I
AMONTADA;89;168;ARACATIARA;EEB FRANCISCA OLIVEIRA MELGAÇO;RODELA
FORTALEZA;113;439;BOM FUTURO;ESC. PROFISSIONAL PE. JOÃO PIAMARTA;RUA PADRE JOÃO PIAMARTA, 161
PENTECOSTE;50;109;PLANALTO;CEI VALDISIA BRAGA DE SOUSA;RUA JACA PARAÍBA, 500
ICÓ;15;114;TRES BODEGAS - POVOADO;ESCOLA MUNICIPAL ANTONIO FERREIRA DE CARVALHO;RUA DIOMEDES ARRUDA TORRES, 111
JIJOCA DE JERICOACOARA;30;110;CENTRO;ESCOLA JOSE TEIXEIRA DE ALBUQUERQUE;RUA MARCAL DE SOUSA 851
PEREIRO;10;154;SITIO CAETANO;ESCOLA JOSÉ MATIAS DE SOUSA;SITIO CAETANO
VARJOTA;65;159;PEDREIRA;C.E.I. CÂNDIDA FERREIRA DE PAULA;RUA PADRE MACARIO, S/N
NOVO ORIENTE;99;50;ZONA RURAL;EEF MARIA DE SOUSA MARQUES;CAVACO
MORAÚJO;64;92;CENTRO;MORAÚJO - INSTITUTO EDUCAÇÃO PROFª EUDÁLIA MOREIRA;RUA RAIMUNDA GOMES, 297
BELA CRUZ;96;21;CENTRO-SEDE;EEMTI PROFESSORA MARIETA SANTOS;RUA SAO VICENTE, 699
AQUIRAZ;66;320;CENTRO;SENAC - SERVIÇO NACIONAL DO COMÉRCIO;RUA PEDRO BRASIL, N 210
QUIXERAMOBIM;11;282;CONJUNTO ESPERANCA;CRECHE JOSE TEOGENES DE ALMEIDA;RUA JOSE ADOLFO NOGUEIRA
ITAPAJÉ;41;251;ESMERINO GOMES;CRECHE NEDI SONHO INFANTIL;RUA PEDRO GOMES SN CONJUNTO ANTONIO BRAGA
TAUÁ;19;258;MARROAS;EEF PEDRO MOREIRA DE OLIVEIRA;SANTO ANTÔNIO DOS PEDROSA
PARAMBU;19;404;OITICICA;ESCOLA FRANCISCO FÉLIX;SITIO CATOLÉ
FRECHEIRINHA;81;254;CENTRO;CRECHE INÊS EDITE PONTES;RUA SANTO ANTÔNIO, S/N, CENTRO
CRUZ;30;321;TUCUNS;ESCOLA FILOMENO FREITAS VASCONCELOS;AV TENENTE ALBANO  SN
BEBERIBE;84;139;SEDE;ESCOLA MUNICIPAL SAO VICENTE;PONTA DAGUA II
JUAZEIRO DO NORTE;28;488;PEDRINHAS;EMEF PROFA. DORALICE DE FIGUEIREDO ROCHA;RUA JOAQUIM LEANDRO DE SOUSA
ARACATI;8;29;CENTRO;E.E.M.T.I. BARAO DE ARACATI;PRAÇA DOS PRAZERES, 82
BARRO;92;24;IARA-DISTRITO;ESCOLA DE ENSINO BASICO DEP. ANTONIO LEITE TAVARES;BR 116 - KM 447
FORTALEZA;118;122;PASSARÉ;COLÉGIO LIRA COUTINHO;RUA BELOS PORTOS, 453
QUIXERÉ;29;233;SEDE;EEB MANOEL GONCALVES DE SOUSA;SITIO LEAO
CARIDADE;111;92;ZONA RURAL;EEIF SANTA MARIA - LOCALIDADE IPUEIRA DE BAIXO;LOCALIDADE DE IPUEIRA DE BAIXO
UBAJARA;73;186;DISTRITO NOVA VENEZA;CRECHE JOÃO FERREIRA DA COSTA;DISTRITO NOVA VENEZA
UMARI;15;222;SITIO UMARIZINHO;EEF BERNARDO FERREIRA ALENCAR;SITIO UMARIZINHO
BATURITÉ;5;8;CANDEIA BOA VISTA-POVOADO;EMEF MARIA DE LOURDES DA SILVEIRA;CANDEIA BOA VISTA, SN
FORTALEZA;115;445;MANOEL SÁTIRO;EM MARIA VIVIANE BENEVIDES GOUVEIA;RUA CREUZA ROQUE 247
FORTALEZA;83;735;BELA VISTA;COLEGIO CHRISTUS;AV. ENG. HUMBERTO MONTE, 1355
IBIAPINA;73;30;CENTRO;ESCOLA ROSA MARTINS CAMELO MELO;RUA PADRE IBIAPINA
PARAMOTI;111;145;CENTRO;EEMTI TOMÉ GOMES DOS SANTOS (PRÉDIO NOVO);RUA ORLEANS FARIAS, S/N - SANTA CECÍLIA
IPU;21;77;SEDE;PATRONATO SOUSA CARVALHO;PCA DR CHAGAS PINTO 1045 - CENTRO
MARANGUAPE;4;435;LAGES;EMEF ZILDA DE BARROS DE MEDEIROS;RUA SAMUEL BOTELHO DE SOUSA, 578
MARANGUAPE;4;516;SAPUPARA;EMEF JÕAO CIRINO NOGUEIRA;RUA JOAO CIRINO, S/N
BATURITÉ;5;7;CENTRO-SEDE;EMEF DOMINGOS SAVIO;AV DOM BOSCO, 393
PENTECOSTE;50;71;CENTRO;EEFM TABELIÃO JOSÉ RIBEIRO GUIMARÃES;AVENIDA TABELIÃO FRANCISCO ALVES, 161
FORTALEZA;112;373;CIDADE DOS FUNCIONÁRIOS;EEFM WALTER DE SA CAVALCANTE;AVENIDA OLIVEIRA PAIVA, 550
IPUEIRAS;40;176;GATOS;ESCOLA DE ENSINO FUNDAMENTAL ANTÔNIO XIMENES VERAS - GATOS;GATOS
FORTALEZA;80;270;JOSÉ BONIFÁCIO;FACULDADE MAURÍCIO DE NASSAU;AVENIDA VISCONDE DO RIO BRANCO, 2078
AQUIRAZ;66;228;TAPERA;EMEF PLACIDO CASTELO;RUA ASSIS BENTO DE FREITAS, 970 - BARRINHA
AQUIRAZ;66;292;ARACAS;EMEF RAIMUNDO RAMOS DA COSTA;SITIO ARACAS
ARARIPE;68;3;CENTRO;ESCOLA MODELO - PROFESSORA CÍCERA GERMANO CORREIA - SEDE;RUA MOACIR DE SOUZA ROCHA, S/N
ICÓ;15;9;CENTRO - SEDE;CENTRO UNIVERSITÁRIO VALE DO SALGADO;AV. MONSENHOR FROTA, 609
SANTANA DO ACARAÚ;44;61;CENTRO;EEMTI NAZARÉ SEVERIANO;RUA NONATO ARCANJO S/N -CENTRO
CHOROZINHO;49;43;PARQUE SAO JOSE;EEFM PADRE ENEMIAS FREIRE DE ALMADA;PRACA DOM JOSE DE MEDEIROS DELGADO SN
SENADOR POMPEU;12;109;CODIA;EEIEF VALFRIDO FERREIRA LIMA;CODIA
PEDRA BRANCA;59;97;SEDE;ESCOLA DE ENSINO FUNDAMENTAL SEBASTIAO RODRIGUES COSTA;DINAMARCA
FORTALEZA;95;349;JANGURUSSU;CUCA JANGURUSSU;AV. GOVERNADOR LEONEL BRIZOLA, S/N
ARARIPE;68;85;SIPAUBA;CRECHE PROINFÂNCIA MARIA IBELENA BATISTA SOUTO DOS SANTOS - SEDE;AV. DES. FRANCISCO HUGO DE ALENCAR FURTADO
FORTALEZA;82;112;CRISTO REDENTOR;CEJA  MONSENHOR HÉLIO CAMPOS;AV. MONSENHOR HÉLIO CAMPOS, 251
SÃO GONÇALO DO AMARANTE;36;58;CENTRO;ESCOLA DE ENSINO MÉDIO EM TEMPO INTEGRAL ADELINO CUNHA ALCANTARA;RUA CORONEL NECO MARTINS 220 - SEDE
FORTALEZA;80;185;FÁTIMA;COLÉGIO NOSSA SENHORA DAS GRAÇAS;RUA MONSENHOR OTÁVIO DE CASTRO, 535
FRECHEIRINHA;81;266;ÁREA RURAL DE FRECHEIRINHA;ESCOLA NAIR CUNHA DE AGUIAR;OITICICA
SOBRAL;121;78;GERARDO CRISTINO;ETI MARIA DORILENE ARRUDA ARAGAO;AV. MONS. ALOÍSIO PINTO, 1.635 D. EXPEDITO
NOVO ORIENTE;99;148;ZONA RURAL;EEF MARCELINO TAVARES;OLHO D'ÁGUA
MARACANAÚ;122;85;INDUSTRIAL;EMEIEF CORONEL ADAUTO BEZERRA (ANTIGO WALMIKI);AV. CONTORNO SUL, S/N
ARACATI;8;6;CENTRO;INSTITUTO SAO JOSE;RUA CEL ALEXANDRINO 563
FORTALEZA;93;92;PREFEITO JOSÉ WALTER;EM MINHA VIDA MEUS AMORES;AVENIDA D, 380 - II ETAPA
FORTALEZA;93;205;PLANALTO AYRTON SENNA;LICEU ESTADUAL DOMINGOS BRASILEIRO;RUA PLANALTINA, S/N
TRAIRI;97;55;CANAA;EEF JOSE FIRMINO DA CUNHA;CANAA
MARACANAÚ;104;123;PAJUÇARA;COLÉGIO 7 DE SETEMBRO (PAJUÇARA);RUA BEATRIZ CALIXTO, 305
CAMOCIM;32;247;OLINDA;EEF EDUARDO NORMANDIA DE ALBUQUERQUE - BAIRRO NOVA OLINDA;NOVA OLINDA II, 367
IPU;21;41;SEDE;EEMTI AUTON ARAGAO;PCA SAO SEBASTIAO 1029 CENTRO
CHOROZINHO;49;23;PARQUE SAO JOSE;EEFM PADRE ENEMIAS FREIRE DE ALMADA;PRACA DOM JOSE DE MEDEIROS DELGADO SN
EUSÉBIO;88;81;GUARIBAS;EEF DAS GUARIBAS;RUA SÃO FRANCISCO, 84 - GUARIBAS
MARACANAÚ;104;387;PAJUÇARA;EMEIEF PREFEITO ALMIR FREITAS DUTRA;RUA ELÍFIO MEDEIROS DA CUNHA, 531
GRANJA;25;7;CENTRO;E.M.T.I. DONA INAH;RUA JUVENAL GALENO, 171
URUBURETAMA;23;24;CENTRO;COLEGIO MUNICIPAL MARIA JULIA MAIA BONFIM;AV MAJOR SALES,536
BARBALHA;31;47;ALTO DO ROSÁRIO;EMEIF MARIA DAS DORES SAMPAIO (ALTO DO ROSÁRIO);RUA ENG. MARCO AURÉLIO, S/N - ALTO DO ROSÁRIO (7.31494 S, 39.30876 W)
CAPISTRANO;105;18;CENTRO;ESCOLA DE ENSINO FUNDAMENTAL DONA MARIETA CALLS;RUA JOSE DANIEL S/N
FORTALEZA;80;400;AEROLÂNDIA;COLÉGIO MAURO BEZERRA;RUA BRIGADEIRO VILELA, 221
UBAJARA;73;122;DISTRITO ARATICUM;ESCOLA PAULO FURTADO DE MENDONCA;RUA SALUSTIANO DE ALMEIDA, S/N DISTRITO DE ARATICUM
FORTALEZA;94;372;QUINTINO CUNHA;EMEIEF MARIA CARDOSO;RUA FRANCISQUINHA PORTELA 1151
IRAUÇUBA;41;23;MISSI;ESCOLA MUNICIPAL JULIO CESAR DE AZEVEDO;RUA MANOEL BARBOSA MACIEL, SN
CARIÚS;43;160;VILA NOVA-SEDE;EEIF MARIA ALCIDES;RUA JUCIER CHAVES S/N
SÃO BENEDITO;22;47;CRUZEIRO;EEF FILONILA CARVALHO;AVENIDA SALMITO FERREIRA DE ALMEIDA
SANTANA DO CARIRI;53;67;ARAPORANGA;ANEXO DA ESCOLA PAULO RODRIGUES DUARTE;DISTRITO DE ARAPORANGA, SN
SANTA QUITÉRIA;54;204;DISTRITO DE LISIEUX;E.E.F. DONA LIVRAMENTO ARAÚJO;DISTRITO DE LISIEUX
FORTALEZA;83;740;PICI;EEEP JÚLIA GIFFONI;RUA CORONEL MATOS DOURADO 1349
VARJOTA;65;147;EMPRÉSTIMOS;C.E.I. EDSON BERNARDINO BEZERRA TEIXEIRA;RUA MANOEL ROMUALDO LOPES, S/N
BARREIRA;52;52;CENTRO;ESCOLA DANÍSIO DALTON DA ROCHA CORRÊA;AV. FRANCISCO TORRES DA GAMA, N. 161
UBAJARA;73;197;DOMICIO PEREIRA;CEI - CENTRO DE EDUCAÇÃO INFANTIL;RUA VEREADORA JULIETA DE LOBÃO PEREIRA, S/N
CAUCAIA;37;523;TABAPUÁ;E.E.F.M. JOSÉ MARIA PONTES DA ROCHA;RUA 08, S/N - TABAPUÁ
QUIXADÁ;6;75;PLANALTO UNIVERSITÁRIO;FECLESC;RUA JOSÉ DE QUEIROZ PESSOA, 2554
APUIARÉS;50;119;ZONA RURAL;EEF JOÃO HONÓRIO DE FREITAS;MASSAPÊ
SOBRAL;121;238;ARACATIAÇU;ESCOLA PAULO FREIRE;ASSENTAMENTO ESPERANÇA, S/N, DISTRITO DE ARACATIAÇU-ANTIGA EMASA
ITAPIÚNA;105;130;DISTRITO DE CAIO PRADO;EEIEF CENTRO COMUNITARIO CÉSAR CALS;AV MANOEL FRANCELINO S/N
COREAÚ;64;96;Ubaúna;UBAÚNA - CEI ANTº AGUIAR NERI;DISTRITO DE UBAÚNA
QUIXELÔ;13;144;CENTRO;ESCOLA DE ENS FUND E MÉDIO PROFESSOR LUIS DE GONZAGA FONSECA MOTA;RUA VITORINO JOSE DE OLIVEIRA SN
FORTALEZA;80;401;AEROLÂNDIA;COLÉGIO MAURO BEZERRA;RUA BRIGADEIRO VILELA, 221
GRAÇA;79;173;LAPA;ESCOLA PADRE RAIMUNDO NONATO RODRIGUES;LAPA
VÁRZEA ALEGRE;62;30;JUREMAL;EEMTI PROFESSORA MARIA AFONSINA DINIZ MACÊDO;AVENIDA TENENTE ANTONIO GONCALVES, 19
CAUCAIA;37;314;MATOES;E.E.I.E.F. PAULO FERREIRA DA ROCHA;RUA BOA ESPERANÇA, S/N
FORTALEZA;116;392;BONSUCESSO;EM FRANCISCA FERNANDES MAGALHAES (COLÉGIO CASTRO);RUA OLIVEIRA SOBRINHO, 1031
FORTALEZA;112;366;PARQUE MANIBURA;COLÉGIO ÁGAPE;AV HERMINIO DE CASTRO, 140
FORTALEZA;94;469;QUINTINO CUNHA;EEMTI MARIA JOSÉ SANTOS FERREIRA GOMES (CERE);RUA DONA LUCIA PINHEIRO, 93
MILHÃ;55;81;VILA MONTE GRAVE;CENTRO DE CONVIVÊNCIA DO IDOSO DISTRITO DE MONTE GRAVE;DISTRITO MONTE GRAVE
FORTALEZA;94;565;VILA VELHA;EMEIF HERONDINA LIMA CAVALCANTE;AV. AMBIENTALISTA ARY THIERS, 310
CARNAUBAL;22;151;CENTRO;EEF JOAQUIM BASTOS GONCALVES;R JOAO FELICIO 91
UBAJARA;73;143;MONTE CASTELO;ESCOLA FLAVIO RIBEIRO LIMA;RUA TEN JOSE RAMIRO DE SOUSA
JAGUARUANA;75;59;CENTRO;E.E.M. MANUEL SÁTIRO;AV DR ANTÔNIO DA ROCHA FREITAS, 1278
FORTALEZA;85;161;AUTRAN NUNES;EM BERGSON GURJÃO FARIAS;AVENIDA SENADOR FERNANDES TÁVORA, 2500
FORTALEZA;80;307;DIONISIO TORRES;ASSEMBLÉIA LEGISLATIVA - UNIVERSIDADE DO PARLAMENTO CEARENSE;RUA BARBOSA DE FREITAS, 2674
NOVA OLINDA;53;32;CENTRO;SECRETARIA MUNICIPAL DE SAÚDE;RUA ALVIM ALVES, SN
IBIAPINA;73;75;SÍTIO CANTO ALEGRE;ESCOLA ADERALDO NEGREIROS;SÍTIO CANTO ALEGRE
SÃO JOÃO DO JAGUARIBE;91;116;CENTRO;EEF 1 GRAU CHIQUINHO RODRIGUES;RUA CONEGO CLIMERIO CHAVES 269
FORTALEZA;112;410;EDSON QUEIROZ;COLEGIO ARI DE SA CAVALCANTE WS;AV WASHINGTON SOARES, 3737
SÃO GONÇALO DO AMARANTE;36;152;CORREGO DOS COELHOS;ESCOLA DE ENSINO FUNDAMENTAL JOAQUIM MARTINS TEIXEIRA;CORREGO DOS COELHOS
FORTALEZA;94;451;VILA VELHA;EMEIEF PROF JOSE PARSIFAL BARROSO;AV MAJOR ASSIS 1076
AMONTADA;89;192;GARÇAS;EEM LIDIA CARNEIRO DE BARROS;GARÇAS
VÁRZEA ALEGRE;62;28;JUREMAL;EEMTI PROFESSORA MARIA AFONSINA DINIZ MACÊDO;AVENIDA TENENTE ANTONIO GONCALVES, 19
FORTALEZA;94;881;PADRE ANDRADE;CEI PROFESSOR CLODOALDO PINTO;RUA BANVARTH BEZERRA 100
BREJO SANTO;70;255;SAO FRANCISCO-SEDE;EEF PROFESSOR JOAO TELES;RUA CORONEL NICODEMOS, N. 282
BOA VIAGEM;63;262;IBUACU;EEF SOFIA VIEIRA;MADEIRA CORTADA S/N
RUSSAS;9;115;PITOMBEIRA I;ESCOLA MUNICIPAL MARIA MARTINS DE CARVALHO;PITOMBEIRA I
MADALENA;63;181;SEDE;EEF PE JAIME FELICIO;SANTA CATARINA
FORTALEZA;80;244;TAUAPE;EEFM NOEL HUGNEN OLIVEIRA PAIVA;RUA MONSENHOR SALAZAR 279
ARACATI;8;317;PEDREGAL;E.E.F. PROF ANTONIO MONTEIRO;NUCLEO HABITACIONAL
TAUÁ;19;146;COLIBRIS;ESCOLA DONDON FEITOSA;RUA JORNALISTA HELDER FEITOSA S/N
FORTALEZA;94;386;VILA VELHA;EMEF QUINTINO CUNHA;RUA MARIA CLARA 1263
BOA VIAGEM;63;93;BOM JESUS;EEF FRANCISCO DAS CHAGAS MELO;BOM JESUS
MARANGUAPE;4;117;CENTRO - MARANGUAPE;COLÉGIO SEBASTIÃO DE ABREU;RUA ROBERTO BRAQUEHAIS, 656
TRAIRI;97;163;SERRINHA;EEF PROFESSOR ELIZEU BARBOSA;ALTO SAO FRANCISCO
SÃO BENEDITO;22;239;CRUZEIRO;EEF FILONILA CARVALHO;AVENIDA SALMITO FERREIRA DE ALMEIDA
SALITRE;38;95;ALTO ALEGRE;E.E.F.T.I -  FRANCISCO DE ASSIS LEITE - SEDE;AVENIDA PADRE CICERO, 327
MILHÃ;55;63;CENTRO;EEFM EUCLIDES PINHEIRO DE ANDRADE;RUA JOAQUIM NEMESIO 119
ARACATI;8;110;CORREGO DOS FERNANDES;E.E.F. FRANCISCO FERNANDES FILHO;CORREGO DOS FERNANDES
FORTALEZA;115;251;PARANGABA;FACULDADE UNINASSAU - PARANGABA;RUA GERMANO FRANCK, 567
TIANGUÁ;81;216;ÁREA RURAL DE TIANGUÁ;E.E.F. BENTO PEREIRA;SÍTIO BELA VISTA
TAUÁ;19;225;ALTO BRILHANTE;EEF JOAQUIM PIMENTA;AV JOSE VALDEMAR REGO 585
IBIAPINA;73;203;PEDRINHAS;UBS IRLANE COUTINHO GOMES;RUA DAS PEDRINHAS
FORTALEZA;85;225;CONJUNTO CEARÁ I;EEM LICEU DO CONJUNTO CEARA;RUA 1139 A, 10 4 ETAPA
VÁRZEA ALEGRE;62;272;ALTO DA PREFEITURA;EEF MARIA AMÉLIA GONÇALVES COSTA;RUA JOAQUIM FELIX, SN
TAUÁ;19;180;COLIBRIS;ESCOLA DONDON FEITOSA;RUA JORNALISTA HELDER FEITOSA S/N
MULUNGU;5;136;CENTRO-SEDE;EEMTI PROFESSOR MILTON FACANHA ABREU;PRACA COLETOR BEZERRA BORGES 292
SOBRAL;121;136;CENTRO;COLEGIO FARIAS BRITO SOBRALENSE;PRACA QUIRINO RODRIGUES S/N
IPAPORANGA;20;285;LAGOA DO BARRO;ESCOLA DE ENSINO FUNDAMENTAL JOSE DOMINGOS DE MORAES;LAGOA DO BARRO
CARIRÉ;65;90;TAPúIO;ESCOLA EIEF ADAUTA MOCINHA BARROS ROCHA;RUA SE MAGALHAES - TAPUIO
QUIXERAMOBIM;11;31;SAO MIGUEL;ESCOLA ANTONIO DE PADUA SARAIVA LEAO;CARAUNO
BREJO SANTO;70;412;RENE LUCENA;CEI CATEQUISTA MARIA ALACOQUE;R PEDRO NICODEMOS DE ARAÚJO, S/N
ARACATI;8;61;VOLTA;E.E.F. VIRGINIA RODRIGUES UCHOA;SITIO VOLTA
IPUEIRAS;40;121;TAPERA DO MEIO;EEF PEDRO FRANCISCO ALVES - TAPERA DO MEIO;TAPERA DO MEIO
FORTALEZA;94;204;VILA VELHA;EEMTI DONA MARIA MENEZES DE SERPA;RUA DOUTOR QUIXADA FELICIO 141
MILAGRES;26;50;SITIO MORORO;POSTO DE SAUDE DO MORORO;SITIO MORORO
JUCÁS;43;76;SÃO PEDRO DO NORTE - VILA;CENTRO COMUNITARIO ANTONIO RAIMUNDO DE SOUZA;RUA ANTONIO PEREIRA DA SILVA 226
FORTALEZA;80;290;VILA UNIÃO;ESCOLA MUNICIPAL PAPA JOÃO XXIII;AV TREZE DE ABRIL, 545
VIÇOSA DO CEARÁ;35;132;ZONA RURAL;E.E.I.F FRANCISCO MAMEDE DE BRITO;SITIO TUCUNS - PASSAGEM DA ONCA
PACATUBA;57;233;VILA DAS FLORES;EEIEF MANOEL ROSENDO FREIRE;RUA 17, 11
CAMOCIM;32;13;CENTRO;CEJA - JOAO DA SILVA RAMOS;PRACA JOSE SEVERIANO MOREL S/N
AMONTADA;89;288;ICARAÍ;EEBTI EDGAR FLOR DOS SANTOS;FREIXEIRAS
FORTALEZA;115;135;PARANGABA;COLÉGIO INVICTUS;RUA ARARIBÓIA, 192
RUSSAS;9;84;FLORES;ESCOLA MUNICIPAL INÁCIO DE BARROS NETO;RUA JOÃO ANTÔNIO 2383
GRANJA;25;118;PARAZINHO;E.E.F. ELIEZER ARRUDA;RUA JOSE MARTINS, S/N
VÁRZEA ALEGRE;62;31;JUREMAL;EEMTI PROFESSORA MARIA AFONSINA DINIZ MACÊDO;AVENIDA TENENTE ANTONIO GONCALVES, 19
EUSÉBIO;88;245;TIMBU;EEIEF AURELIA DA SILVA GADELHA - LARGÃO;RUA FERNANDO SOUSA GADELHA, S/N
EUSÉBIO;88;241;PIRES FACANHA;EEF OSCAR FEITOSA;RUA PIRES DO FACANHA, 775 - PIRES FACANHA
FORTALEZA;94;62;ANTÔNIO BEZERRA;EEFM JOSE BEZERRA DE MENEZES (POLIVALENTE);RUA DR. JOÃO GUILHERME, 311
FORTALEZA;80;348;JOAQUIM TÁVORA;COLÉGIO SALESIANO DOM BOSCO;AV ANTONIO SALES 116
FORTALEZA;116;368;GRANJA PORTUGAL;EM IRMÃ ROCHA - ANEXO;RUA EMILIO DE MENEZES S/N
SOBRAL;24;565;JUNCO;SESI;AV. DR. JOSÉ ARIMATÉIA M SILVA, 1701
FORTALEZA;115;58;ITAPERI;UNIVERSIDADE ESTADUAL DO CEARA - UECE;AV DR. SILAS MUNGUBA, 1700
BARBALHA;31;16;CENTRO;EEM ADAUTO BEZERRA;RUA MAJOR SAMPAIO, 75
FORTALEZA;80;235;TAUAPE;EEFM NOEL HUGNEN OLIVEIRA PAIVA;RUA MONSENHOR SALAZAR 279
CARIRIAÇU;71;11;MIRAGEM;EEF JOAQUIM CABOCLO;RUA MAJOR SIMPLICIO GONÇALO, SN
PORTEIRAS;70;266;CENTRO-SEDE;E E E M ARISTARCO CARDOSO;RUA EXPEDITO ALVES SANTANA S/N
MARACANAÚ;122;205;NOVO ORIENTE;EMEF JOSE DANTAS SOBRINHO;AV. CENTRAL, S/N
AQUIRAZ;66;231;PICAO;ESCOLA FERDINANDO TANSI (SUBSTITUTA DA ESCOLA FCO. VIDAL CAMARA);COMUNIDADE DO PIAU
MERUOCA;24;670;São Francisco;EEIF - SIMAO BARBOSA;DISTRITO SAO FRANCISCO
FORTALEZA;95;345;CONJUNTO PALMEIRAS;EM PROFESSORA MARIA DO SOCORRO FERREIRA VIRINO;RUA MODESTA, 44
SOBRAL;121;82;PATRIARCA;ETI JOSÉ PEREGRINO DE VASCONCELOS;CE 240, 1532 PATRIARCA
FORTALEZA;95;220;PARQUE SANTA MARIA;EMEIEF BARBARA DE ALENCAR;RUA CAPITAO PORFIRIO, 544
FORTALEZA;94;195;VILA VELHA;EEFM DONA HILZA DIOGO DE OLIVEIRA;AV. DOM ALOÍSIO LORSCHEIDER, 1040 - VILA VELHA
ARACATI;8;62;VOLTA;E.E.F. VIRGINIA RODRIGUES UCHOA;SITIO VOLTA
SANTA QUITÉRIA;54;112;DISTRITO DE TRAPIÁ;ESCOLA DE ENSINO MÉDIO JOÃO DE MESQUITA BRAGA;DISTRITO DE TRAPIÁ
BOA VIAGEM;63;258;VILA HOLANDA - SEDE;EEF DELFINA VIEIRA DA SILVA;RUA JOAO ABREU DE LIMA - 220
AQUIRAZ;66;273;BAIXA GRANDE;EMEF ALOISIO BERNARDO DE CASTRO;RUA CORAÇÃO DE JESUS / AREA VERDE
MAURITI;76;43;BURITIZINHO-DISTRITO;EEF WALTER DE CALDAS TELES;RUA DA PAZ, S/N
BATURITÉ;5;160;SANHARAO-SEDE;INSTITUTO FEDERAL DE EDUCAÇÃO, CIÊNCIA E TECNOLOGIA IFCE;RUA OUVIDOR MOR VITORINO SOARES BARBOSA, 160
ITAPAJÉ;41;284;FERROS-SEDE;ESCOLA MUNICIPALPADRE MANOEL LIMA E SILVA;CONJUNTO PEDRO ROCHA SN
MARACANAÚ;104;108;JEREISSATI I;EEMTI PROFESSOR CLODOALDO PINTO;AVENIDA CONTORNO NORTE, 99
BOA VIAGEM;63;144;CENTRO-SEDE;CAMARA MUNICIPAL;RUA ANTONIO DOMINGUES 320
FORTALEZA;95;322;BARROSO;EMEIEF OTAVIO DE FARIAS;RUA JOAO FERREIRA, S/N
EUSÉBIO;88;202;CENTRO;EEM ANA BEZERRA DE SA;AV AIRTON SENA, 130 - CENTRO
SÃO BENEDITO;22;75;SITIO JUSSARA;EEF CICERO CLEMENTINO DE MEDEIROS;SITIO JUSSARA
CARIRÉ;65;10;CENTRO;ESCOLA DE ENSINO FUNDAMENTAL E MEDIO MARIETA CALS;RUA SEBASTIAO MIRANDA 380
PENTECOSTE;50;165;SÃO FRANCISCO;EEF BALBINA MOREIRA DE AZEVEDO;AVENIDA ANTÔNIO BRAGA DE AZEVEDO
QUIXADÁ;6;294;ALTO SÃO FRANCISCO;EEF SONHO MEU;RUA RAIMUNDO LOPES DE SÁ, S/N
FORTALEZA;118;600;DIAS MACEDO;EMEF PROFESSOR JOAO HIPPÓLYTO DE AZEVEDO E SÁ;RUA 03 N. 88 RESIDENCIAL NAPOLEAO VIANA
BREJO SANTO;70;147;CENTRO-SEDE;PROJETO ABC;RUA MANOEL LEITE DE MOURA 1015
ARACATI;8;280;CANOA QUEBRADA;ESCOLA ESTEVÃO - ANEXO E.E.F. ZÉ MELANCIA;CANOA QUEBRADA
PACOTI;5;171;CENTRO-SEDE;EMTI SAO LUIS;RUA PADRE QUILIANO 72
PARAMBU;19;387;OITICICA;EEIEF INACIO JORGE DA SILVA (ANTIGA ESCOLA GABRIEL ADERALDO);CACHOEIRA DO PUIU
HORIZONTE;78;195;CENTRO;CEJAH LAURIZA VIEIRA LIMA ;RUA FRANCISCO PEREIRA DE AZEVEDO,164 
ACOPIARA;60;47;VILA MOREIRAS I;EEF JOAO MOREIRA DE BARROS;RUA 21 DE ABRIL, SN
GUARACIABA DO NORTE;74;25;SEDE;ESCOLA DE ENSINO MEDIO MARIA MARINA SOARES;RUA 12 DE NOVEMBRO - CENTRO
MOMBAÇA;46;17;CENTRO;ESCOLA DE ENSINO FUNDAMENTAL LAURA ALENCAR;RUA CASSIMIRO FIUZA BENEVIDES, S/N
JUAZEIRO DO NORTE;119;24;SANTA TEREZA;COLÉGIO MILITAR DE JUAZEIRO DO NORTE;CASTELO BRANCO SN
CRUZ;30;107;CENTRO;ESCOLA MARIA PEREIRA BRANDAO;RUA VEREADOR MUNDICO MARTINS 642
VARJOTA;65;171;CENTRO;SECRETARIA DE EDUCAÇÃO DE VARJOTA;RUA CLÓVIS XIMENES, S/N
URUBURETAMA;23;61;SANTA LUZIA - ZONA RURAL;EEF DAVI SALES PINHEIRO;SANTA LUZIA
JARDIM;119;314;SITIO LAMEIRAO;ESCOLA AGOSTINHO FELIX DE FIGUEIREDO;SITIO LAMEIRAO                                            SN
AQUIRAZ;66;285;SANTA MARIA;EMEF JOSE FERREIRA DA COSTA;RUA MANOEL FERREIRA DA COSTA, SN
TAUÁ;19;78;SEDE;EEF JOAO NUNES DE SOUZA;SAO JOSE
SOBRAL;24;231;JAIBARAS;EEM AYRES DE SOUZA (SEDE) - ESCOLA NOVA;RUA ALFA, S/N
FORTALEZA;95;298;PEDRAS;UAPS JOSE BARROS DE ALENCAR;RUA JOSE NOGUEIRA, 180
FORTALEZA;95;356;JANGURUSSU;EMEIF JORNALISTA JOSÉ BLANCHARD GIRÃO DA SILVA;TRAVESSA MISSIONÁRIO OLIVEIRA,301
MARACANAÚ;104;357;PAJUÇARA;EMEIEF SINFRONIO PEIXOTO DE MORAIS;RUA JULIO MENDES, 255
MILHÃ;55;76;CARNAUBINHA;ESCOLA DE ENSINO BASICO RAIMUNDO BEZERRA FIGUEIREDO;RUA VALDINA DE LIMA
UMARI;15;220;PIO X - DISTRITO;EEF JOSE GUSTAVO PINHEIRO;DISTRITO PIO X
MULUNGU;5;135;CENTRO-SEDE;EEMTI PROFESSOR MILTON FACANHA ABREU;PRACA COLETOR BEZERRA BORGES 292
TAUÁ;19;45;COLIBRIS;ESCOLA DONDON FEITOSA;RUA JORNALISTA HELDER FEITOSA S/N
TAUÁ;19;86;TRICI;EPG CRISTINA LIBERALINA DE LOIOLA;CALUMBI
TAUÁ;19;113;INHAMUNS;ESCOLA JOSÉ CAÇULA PEDROSA (ANTIGA E.E.F.M. ABRAHÃO SCARCELA);VERA CRUZ
BOA VIAGEM;63;104;DOMINGOS DA COSTA;EEF MOISES ALVES DE LIMA;FAZENDA SANTA MARIA
QUIXERAMOBIM;11;49;MONTEIRO DE MORAIS;ESCOLA MARIA ARAUJO CARNEIRO;RUA DR SEBASTIAO CAVALCANTE, 58
PENTECOSTE;50;44;CENTRO;CENTRO EDUCACIONAL JOÃO XXIII;AVENIDA TABELIÃO FRANCISCO ALVES, 344
FORTALEZA;113;51;JOSÉ BONIFÁCIO;COLÉGIO FARIAS BRITO;RUA SENADOR POMPEU, 2607
JAGUARIBE;10;48;DISTRITO DE FEITICEIRO;E.E.M. MILITANA PAES;RUA TOME DA FROTA 93
TAUÁ;19;150;INHAMUNS;ESCOLA DESIDERIO DE SOUSA PEDROSA;VILA GUARIBAS
IPU;21;5;DISTRITO;POSTO DE SAUDE DE INGAZEIRA;INGAZEIRA
ACARAÚ;30;57;ZONA RURAL;ESCOLA JOAO RIBEIRO RAMOS;VILA PROGRESSO
FORTALEZA;95;239;JANGURUSSU;EMEIEF TAÍS MARIA BEZERRA NOGUEIRA;AV. GOVERNADOR LEONEL BRIZOLA, 710
BATURITÉ;5;116;MONDEGO-SEDE;EMEF NAÇÕES UNIDAS;RUA MAJOR PEDRO CATAO, SN
IPU;21;47;SEDE;EEMTI AUTON ARAGAO;PCA SAO SEBASTIAO 1029 CENTRO
ICAPUÍ;8;206;MORRO PINTADO;CEI JOSÉ ANTERO REBOUÇAS;MORRO PINTADO
JATI;70;377;CENTRO-SEDE;PREFEITURA MUNICIPAL;RUA CARMELITA GUIMARAES 02
BOA VIAGEM;63;29;VILA AZUL;EEF OSMAR DE OLIVEIRA FONTES;RUA 26 DE JUNHO 59
CAUCAIA;37;598;LAGOA DO BARRO;E.E.F. TECLA GONZAGA SALES;RUA PRINCIPAL BURITIZINHO
QUIXERÉ;29;280;LAGOINHA;EEB MENINO JESUS DE PRAGA;RUA ZACARIAS FERREIRA DE SOUSA SN
PACAJUS;49;286;CENTRO;CENTRO DE EDUCAÇÃO DE JOVENS E ADULTOS DE PACAJUS - CEJAP;RUA TABELIAO JOSE GAMA FILHO, 350
IBARETAMA;6;198;CENTRO;EMEIF RAIMUNDA EMÍLIA DE LIMA;ESTRADA DO ALGODAO - DISTRITO SEDE
CARIDADE;111;58;CAMPOS BELOS;EPG RODOLFO TEIXEIRA BARROS;RUA ANTONIO SABINO SN
FORTALEZA;114;354;BARRA DO CEARÁ;INSTITUTO EDUCACIONAL HUMANISTA;RUA CAUBI, 478
SANTA QUITÉRIA;54;253;FLORES;POSTO DE SAÚDE FRANCISCA JURACIR MARTINS PINTO;RUA TOMÁS POMPEU DE SOUSA CATUNDA, SN.
VÁRZEA ALEGRE;62;89;IBICATU;EEF JOAQUIM ALVES DE OLIVEIRA;SÍTIO VACARIA
FORTALEZA;82;33;SÃO GERARDO;SECRETARIA DO DESENVOLVIMENTO AGRÁRIO (SDA) DO ESTADO DO CEARÁ;AV. BEZERRA DE MENEZES, 1820
ICÓ;15;82;SANTA CRUZ DA SERRA - DISTRITO;ESCOLA MUNICIPAL  WALFRIDO MONTEIRO SOBRINHO;RUA EVILASIO BARBOSA S/N
MISSÃO VELHA;16;21;SEDE;EEF  EMILCE DANTAS ( ANTIGO DR STENIO DANTAS);RUA AFONSO RIBEIRO, S/N, CENTRO.
TEJUÇUOCA;41;96;SAO BENTO;ESCOLA MUNICIPAL JOSE MOREIRA CRUZ;SAO BENTO
TEJUÇUOCA;41;145;VERTENTES;ESCOLA MUNICIPAL SAO JOAO BATISTA;VERTENTES
AQUIRAZ;66;125;DIVINEIA;CEI MARIA ELCIR BRITO DE LIMA;RUA JOÃO DE CASTRO, 59
BARREIRA;52;130;CENTRO;CÂMARA MUNICIPAL DE BARREIRA (ESPECIAL);RUA FELIX PEREIRA, N. 920
CHAVAL;108;5;CENTRO;EEMTI MONSENHOR JOSÉ CARNEIRO DA CUNHA;RUA EDUARDO MOTA, N 201
FORTALEZA;116;452;BONSUCESSO;EM ANTONIO DIOGO DE SIQUEIRA;RUA ANSELMO NOGUEIRA 655
VÁRZEA ALEGRE;62;15;CENTRO;EEF DR. PEDRO SÁTIRO;RUA PADRE JOSE OTAVIO. SN
LIMOEIRO DO NORTE;29;125;JOÃO XXIII;EEMTI ARSÊNIO FERREIRA MAIA;RUA CEL JOSE NUNES 1245
FORTALEZA;95;369;JANGURUSSU;EMEIEF TAÍS MARIA BEZERRA NOGUEIRA;AV. GOVERNADOR LEONEL BRIZOLA, 710
MULUNGU;5;158;CENTRO-SEDE;EMEF HERMENEGILDO ROCHA PONTES;RUA SANTA INES S/N
ARACATI;8;241;NOSSA SENHORA DE LOURDES;E.F.T.I. MIRIAM CALIXTO LIMA GONDIM;RUA ANTONIO CALIXTO, 1735.
FORTALEZA;118;673;PARQUE DOIS IRMÃOS;EMTI REITOR ROBERTO CLÁUDIO FROTA BEZERRA;AVENIDA 1, S/N
MORADA NOVA;47;134;CENTRO;LOJA MACONICA LUZ DA INDEPENDENCIA;RUA LUIZ SATURNINO DE MATOS S/N
QUIXADÁ;6;223;CIPÓ DOS ANJOS;EEF FRANCISCO TOMAZ NASCIMENTO;VERTENTES, S/N
CAUCAIA;37;523;TABAPUÁ;E.E.F.M. JOSÉ MARIA PONTES DA ROCHA;RUA 08, S/N - TABAPUÁ
INDEPENDÊNCIA;39;49;TRANQUEIRAS;E.E.F. VIRGILIO TAVORA;POVOADO TRANQUEIRAS
SOBRAL;121;128;CENTRO;UFC CAMPUS MUCAMBINHO - BLOCO DAS ENGENHARIAS;RUA ESTANISLAU FROTA, 563
SENADOR SÁ;45;54;CENTRO;EEF NOSSA SENHORA DO AMPARO;RUA PADRE DELMONT S/N
AMONTADA;89;281;SÃO RAIMUNDO;EEBTI TEREZA MAGALHÃES DE SOUSA;RUA JOAQUIM TORQUATO 1328
FORTALEZA;113;378;MONTESE;CENTRO DE ENSINO GRAU TÉCNICO;RUA BARÃO DE SOBRAL, N.712
FORTALEZA;113;84;JARDIM AMÉRICA;ESCOLA MUNICIPAL PROF. FILGUEIRAS LIMA;AV. DOS EXPEDICIONÁRIOS, 3910
CARIDADE;111;117;SAO DOMINGOS;CRECHE ANTÔNIA SOARES DE ALMEIDA;LOC. DE SÃO DOMINGOS (SEDE DO DISTRITO)
JUAZEIRO DO NORTE;28;235;SAO MIGUEL;SENAC SÃO MIGUEL;RUA SAO LUIZ 701
CASCAVEL;7;65;ALTO LUMINOSO;E.E.E.F.M. PADRE ARIMATEIA DINIZ;RUA FOTOGRAFO JOSE HONORATO, 2911
MUCAMBO;79;230;CARQUEIJO;ESCOLA JOAO SILVERIO DE AZEVEDO;DISTRITO DE CARQUEIJO
FORTALEZA;93;249;PREFEITO JOSÉ WALTER;ESCOLA MUNICIPAL ARI DE SA CAVALCANTE (JOSÉ WALTER);AV. H, 430 III ETAPA
VIÇOSA DO CEARÁ;35;54;SITIO VAMBIRA;E.E.I.F DEPUTADO JANUARIO FEITOSA;SITIO VAMBIRA SN
PORTEIRAS;70;286;SIMAO-SEDE;E E I F JOSÉ ARISTARCO CARDOSO;VILA SIMAO
FORTALEZA;2;169;MESSEJANA;PAROQUIA NOSSA SENHORA DA CONCEICAO;RUA JOAQUIM BEZERRA 255
VIÇOSA DO CEARÁ;35;21;CENTRO;E.E.M DR JULIO DE CARVALHO;RUA JOSE JOAQUIM DE CARVALHO, 496
URUBURETAMA;23;115;CENTRO;EEF LEONOR ROCHA E SILVA;RUA JOAO DA CRUZ MENEZES 100
FORTALEZA;113;380;MONTESE;CENTRO DE ENSINO GRAU TÉCNICO;RUA BARÃO DE SOBRAL, N.712
FORTALEZA;113;394;MONTESE;IMPARH;AV JOAO PESSOA, 5.609
SOBRAL;121;162;CENTRO;ESCOLA OSMAR DE SA PONTE;RUA PINTOR LEMOS, S/N
TURURU;17;705;ALTO DA PAZ;EMEF CECILIA SIQUEIRA;AV JOAO PATRICIO 583
IGUATU;13;39;VILA COQUEIROS;ESCOLA DE ENS FUND CLARA ALVES DE ARAUJO;RUA JOSÉ VIEIRA BARBOSA SN
SÃO BENEDITO;22;54;SITIO ABRIGO;EEF TOMAZ GREGORIO;SITIO ABRIGO
GUARACIABA DO NORTE;74;35;DISTRITO;ESCOLA MUNICIPAL SILVESTRE MESQUITA (VÁRZEA DOS ESPINHOS);VARZEA DOS ESPINHOS
MARANGUAPE;4;508;CÔNEGO RAIMUNDO PINTO - MARANGUAPE;EEMTI EUNICE WEAVER;AV SEN ALMIR PINTO KM 15 PAU SERRADO
SOBRAL;121;27;BILHEIRA;ESCOLA  ARAUJO CHAVES;CE 362 - BILHEIRA
FORTALEZA;3;427;CENTRO;UNIARI - CENTRO UNIVERSITÁRIO ARI DE SÁ;AV. HERÁCLITO GRAÇA, 826
CHORÓ;6;318;CAIÇARINHA;EEIF JOÃO FERREIRA VIANA;ASSENTAMENTO FEIJAO, 26
BANABUIÚ;6;425;RINARÉ;EEF JOÃO FERREIRA CUNHA;FERROLANDIA
PENAFORTE;70;326;CENTRO-SEDE;ESCOLA SIMAO ANGELO;RUA PADRE CICERO S/N
FORTALEZA;116;462;JOÃO XXIII;COLEGIO LIMA NOGUEIRA;RUA JULIO BRAGA, 1117
IGUATU;13;121;PRADO;ESCOLA DE ENS FUND NOSSA SENHORA DO PERPETUO SOCORRO;21 DE ABRIL
FORQUILHA;121;320;ALTO ALEGRE;CERU-CENTRO DE EDUCAÇÃO BASICA MARRINA MAGALHAES MARTINS;R POSIDONIO GOMES SIQUEIRA SN
FORTALEZA;112;43;JARDIM DAS OLIVEIRAS;CENTRO DE EDUCAÇÃO INFANTIL(CEI) MARIA DE LOURDES RIBEIRO JEREISSATI;RUA 1, 930 - CONJ. TANCREDO NEVES
SANTANA DO ACARAÚ;44;154;CONCEIÇÃO II;GRUPO ESCOLAR CORACAO DE JESUS;CONCEICAO II
PARAIPABA;109;142;LAGOINHA;EMEF FRANCISCO HENRIQUE DE AZEVEDO;LAGOINHA
VIÇOSA DO CEARÁ;35;68;GENERAL TIBURCIO;E.E.F TRAPIÁ;SITIO TRAPIA
VIÇOSA DO CEARÁ;35;98;SITIO INHARIM;E.E.F JOSIAS VIEIRA DA SILVA;SITIO INHARIM
FORTALEZA;93;128;PREFEITO JOSÉ WALTER;COLEGIO 21 EDUCAR;AV JOAO DE ARAUJO LIMA, 1240 - II ETAPA
PORANGA;40;87;SEDE;EEFM PRUDÊNCIO DE PINHO - SEDE;AV. DR. EPITÁCIO PINHO, 277, BAIRRO VILA NOVA
ITAITINGA;78;410;GERERAÚ;CEI - MARIA TAVARES CAVALCANTE;RUA CÂNDIDO MEIRELES, N. 1.098
EUSÉBIO;88;173;MANGABEIRA;EEIF OTONI SA;RUA EDNARDO WEINE, 389 - MANGABEIRA
VIÇOSA DO CEARÁ;35;73;LAMBEDOURO;E.E.F EDUVIRGES MARIA DE ARRUDA;VILA MANHOSO
SOBRAL;24;193;JUNCO;EEFI PROF. GERARDO RODRIGUES ALBUQUERQUE;AVENIDA JOHN SANFORD, 1940
PORANGA;40;96;SAUDOSO;ESCOLA REUNIDA SANTA MARIA - SAUDOSO;SAUDOSO
CRATO;27;28;CENTRO;EEIEF PROFª EDILMA FERNANDES G. RODRIGUES - CÍRCULO OPERÁRIO;AVENIDA JOSÉ ALVES DE FIGUEIREDO S/N
IGUATU;13;118;SUASSURANA;ESCOLA DE ENS FUND MARIA IRISMAR MORENO MATOS;VILA SUASSURANA
EUSÉBIO;88;152;PEDRAS;EEF MOACIR FERREIRA DA SILVA;RUA FRANCISCO MARTINS, 339 - PEDRAS
NOVA RUSSAS;48;6;UNIVERSIDADE;COLÉGIO MUNICIPAL ONZE DE NOVEMBRO;AV. JOÃO GREGÓRIO TIMBÓ
MARACANAÚ;104;403;PAJUÇARA;EMEIEF PROF PAULO FREIRE;RUA PAULO BATISTA 660
CRATO;27;314;PALMEIRAL;20ª CRES - COORDENADORIA REGIONAL DE SAÚDE - CRATO;AV. BRIGADEIRO JOSÉ SAMPAIO MACEDO S/N
PIRES FERREIRA;21;70;DISTRITO;E.E.F. FRANCISCO FERREIRA SANTIAGO;OTAVILANDIA
HORIZONTE;78;71;ALTO DA ESTRELA;EMEF MARIA TEODORA EVANGELISTA ;RUA MILTON FIGUEIREDO, 290
TEJUÇUOCA;41;221;BARRA DO CAXITORÉ;ESCOLA DE ENSINO FUNDAMENTAL DE TEMPO INTEGRAL JOSE MOREIRA LOPES;BARRA
FORTALEZA;114;221;FLORESTA;INSTITUTO EDUCACIONAL PRESIDENTE MEDICI;RUA CÉSAR CORREIA 973
FORTALEZA;3;512;CENTRO;CENTRO DE PASTORAL MARIA, MÃE DA IGREJA;RUA RODRIGUES JÚNIOR, 300
NOVA RUSSAS;48;149;NEGROS;ESCOLA MUNICIPAL JOÃO PEDRO DO NASCIMENTO;LOCALIDADE DE NEGROS,
CAUCAIA;120;342;PRIMAVERA;E.E.I.E.F. MARIA GUIMARAES PRATA;ASSENTAMENTO SALGADINHO
ARACOIABA;67;124;PLACIDO MARTINS-DISTRITO;ESCOLA MUNICIPAL JOAO MARIANO BATISTA;PLACIDO MARTINS
SOBRAL;24;396;PADRE PALHANO;EEFI PADRE PALHANO;RUA PADRE EDSON, S/N
SOBRAL;24;478;SUMARÉ;EEM PROFESSORA CARMOSINA FERREIRA GOMES;RUA DAS FLORES, S/N
PORANGA;40;102;SEDE;EMEB ITELVINA SILVINA DE PINHO - SEDE;AV. DR. EPITÁCIO PINHO
PEREIRO;10;191;ZONA RURAL;POSTO DE SAÚDE MONSENHOR DIOMEDES;SÍTIO CHAPADA
HORIZONTE;78;93;ANINGÁS;EMEF DOMITÍLIA ASSUNCAO MENEZES;RUA JOSÉ ACELINO MENEZES, 1075
FORTALEZA;83;611;DEMOCRITO ROCHA;ESCOLA MUNICIPAL PAULO SARASATE;RUA PEDRO MUNIZ 250
MISSÃO VELHA;16;17;SEDE;CENTRO ADMINISTRATIVO PEDRO ROCHA;RUA CORONEL JOSE DANTAS, 1038. CENTRO.
IPAUMIRIM;92;119;FELIZARDO-DISTRITO;E.E.F.T.I. VICENTE FELIZARDO VIEIRA;RUA ARGEMIRO FELIZARDO VIEIRA, S/N
IPU;21;147;ESCONDIDO;E.M.E.F. ELDA PEREIRA MOTA;RUA GERARDO ERASMO DE FARIAS
URUBURETAMA;23;165;ANGELIM;EEIF DRA MARIA DALVA TOME DE OLIVEIRA;AV PRINCESA ISABEL SN
URUBURETAMA;23;206;RETIRO / ZONA RURAL;EEIF LUÍS ANTÔNIO VASCONCELOS;LOCALIDADE DO RETIRO/ZONA RURAL
MAURITI;76;72;CENTRO;EEM ANDRÉ CARTAXO;RUA CHAGAS SAMPAIO, S/N
BARRO;92;41;TRAJANO NOGUEIRA-SEDE;ESCOLA MUNICIPAL DE ENSINO FUNDAMENTAL GILBERTO LEITE DE AQUINO;RUA TRAJANO NOGUEIRA SN
TIANGUÁ;81;333;SANTO ANTÔNIO;LICEU DE TIANGUÁ - JOSE NI MOREIRA;RUA ZENI, 12 - SANTO ANTONIO
PINDORETAMA;7;228;COQUEIRO DO ALAGAMAR;EMEB MARIA NAIR DE VASCONCELOS;COQUEIRO DO ALAGAMAR - PINDORETAMA
FORTALEZA;93;218;PREFEITO JOSÉ WALTER;CEI FRANCISCO SALES FERNANDES;AV K, S/N
FORTALEZA;93;104;PREFEITO JOSÉ WALTER;ESCOLA MUNICIPAL ARI DE SA CAVALCANTE (JOSÉ WALTER);AV. H, 430 III ETAPA
SOBRAL;121;127;CENTRO;UFC CAMPUS MUCAMBINHO - BLOCO DAS ENGENHARIAS;RUA ESTANISLAU FROTA, 563
FORTALEZA;112;571;ENGENHEIRO LUCIANO CAVALCANTE;CENTRO UNIVERSITÁRIO 7 DE SETEMBRO - UNI 7 (FA7);AV. ALMIRANTE MAXIMINIANO DA FONSECA, 1395
FORTALEZA;83;593;PICI;ESCOLA MUNICIPAL ADROALDO TEIXEIRA CASTELO;RUA ALAGOAS 2267
ACARAÚ;30;11;ZONA RURAL;ESCOLA JOAO JAIME FERREIRA GOMES FILHO;CURRAL VELHO DE BAIXO
TRAIRI;97;23;CORREGO FUNDO;EEF ANTONIO ROBESPIERRE VIANA;CORREGO FUNDO
COREAÚ;64;118;Mota;MOTA - ESCOLA MUN. RDO. BARROSO TABOSA;LOCALIDADE MOTA
FORTALEZA;94;380;VILA VELHA;EM MANOEL RODRIGUES;RUA MARIA CLARA 1237
FORTALEZA;113;191;BENFICA;FACULDADE DE PSICOLOGIA DA UFC;AV. DA UNIVERSIDADE, 2762
FORTALEZA;113;309;BOM FUTURO;ESC. PROFISSIONAL PE. JOÃO PIAMARTA;RUA PADRE JOÃO PIAMARTA, 161
PIRES FERREIRA;21;106;CENTRO;E.E.F. ALZIRA MARIA DE ARAUJO;RUA MARIA ANTUSA SOARES PASSOS, SN
FORTALEZA;114;229;BARRA DO CEARÁ;EM DOM ANTONIO BATISTA DE FRAGOSO;AVENIDA FRANCISCO SÁ 7945
CAUCAIA;123;299;PARQUE GUADALAJARA (JUREMA);E.E.I.E.F. DANILO DALMO DA ROCHA CORRÊA;RUA ACAPULCO, 1805 - PARQUE POTIRA II
PEDRA BRANCA;59;22;CENTRO;CENTRO ADMINISTRATIVO CESÁRIO MENDES;RUA FURTUNATO SILVA, 45
ITAPIPOCA;17;604;MARANHÃO;EEB JOÃO IDÁLIO TEIXEIRA;RUA DR BEZERRA DE MENEZES, SN
TURURU;17;685;RIO DO INÁCIO / ZONA RURAL;EMEF JOSE MANOEL PEREIRA;LOCALIDADE RIO DO INACIO
PACAJUS;49;354;PEDRA BRANCA;EEF DANILO COSTA MENEZES;RUA OSVALDO FREITAS NUNES 133
CAUCAIA;120;414;PRIMAVERA;E.E.I.E.F. DOMINGOS ABREU BRASILEIRO;BR 222 - KM 30
POTIRETAMA;86;55;CAATINGA DO ATANASIO;ESCOLA DE 1 GRAU ANTONIO SEVERIANO DE HOLANDA;SITIO BAIXINHAS (CAATIGA DO ATANÁSIA)
SOBRAL;24;408;RAFAEL ARRUDA;ANEXO PROF JOSE FERREIRA GOMES (RECREIO);LOCALIDADE RECREIO, S/N
AQUIRAZ;66;337;CENTRO;CRAS - CENTRO;TV. SÃO JOÃO, 248
HIDROLÂNDIA;54;113;ALTO DA ESPERANÇA;ESCOLA PROFISSIONALIZANTE FRANCISCA MAURA MARTINS;RUA PROJETADA, SN
SOBRAL;121;54;COHAB I;EEFM MONS. JOSE GERARDO FERREIRA GOMES(NOELIA);RUA MADALENA DE SÁ, S/N
CAUCAIA;123;351;MARECHAL RONDON (JUREMA);E.E.I.E.F. ECONOMISTA RUBENS VAZ DA COSTA;AVENIDA NOVO HORIZONTE, S/N
ACOPIARA;60;94;QUINCOE;EEF SAO SEBASTIAO;VILA CAIXA
MARACANAÚ;104;277;PAJUÇARA;EMEF MARIA PEREIRA DA SILVA;RUA JUSTINO DE SOUSA, 842
ALTANEIRA;53;140;CENTRO;EMEF JOAQUIM SOARES;RUA ANTÔNIO RUFINO DE OLIVEIRA, SN
CANINDÉ;33;261;CAN;EMEF MELVIN JONES;RUA PROFESSOR RAIMUNDO MARTINS 1405
MISSÃO VELHA;16;111;ZONA RURAL;EEF JOSE ANDRE DA SILVA;SITIO OLHO D'AGUA COMPRIDO
CAUCAIA;123;434;ARATURI (JUREMA);E.E.I.E.F. MONSENHOR ANDRÉ VIANA CAMURÇA;RUA NW-5, 40
TIANGUÁ;81;201;RÉGIS DINIZ;E.E.F. DOM FCº. JAVIER HERNANDEZ ARNEDO;RUA SÃO BERNARDO, S/N
GROAÍRAS;65;102;JOSE CASSIANO FEIJAO;EEF PROFESSORA JULIA ELISA FARIAS;AV SAO JOSE, 1610
PEREIRO;10;148;SITIO LAGOA NOVA;ESCOLA MUNICIPAL DO 1 GRAU MARIA DAS GRACAS NOGUEIRA;SITIO LAGOA NOVA
SÃO BENEDITO;22;166;CRUZEIRO;EEF FILONILA CARVALHO;AVENIDA SALMITO FERREIRA DE ALMEIDA
SOLONÓPOLE;55;13;CENTRO;PREDIO CASA DO IDOSO;RUA ANTONIO VALTERNO NOGUEIRA
MARANGUAPE;4;81;RATO DE CIMA - MANOEL GUEDES;EMEIEF JOSÉ MAMEDE DA NÓBREGA;RATO DE CIMA S/N
ANTONINA DO NORTE;18;136;CENTRO;ESCOLA SAO SEBASTIAO;TABOLEIRO DOS MENDES
GUARACIABA DO NORTE;74;36;DISTRITO;ESCOLA MUNICIPAL SILVESTRE MESQUITA (VÁRZEA DOS ESPINHOS);VARZEA DOS ESPINHOS
CATUNDA;54;238;CENTRO;CENTRO DE EDUCAÇÃO INFANTIL MARIA ANITA DE SOUSA AZEVÊDO;RUA DAS FLORES, S/N, CENTRO, CATUNDA/CE
CATUNDA;54;81;CENTRO;CENTRO DE EDUCAÇÃO INFANTIL MARIA ANITA DE SOUSA AZEVÊDO;RUA DAS FLORES, S/N, CENTRO, CATUNDA/CE
GRANJA;25;181;BREJO;E.E.F. NOSSA SENHORA APARECIDA;RUA CLARISMUNDO ALVES ARAGAO, S/N - BREJO DOS SABINOS
GRANJA;25;192;SANTA TEREZINHA;E.E.F. FRANCISCO LIBERALINO DOS SANTOS;ANGICOS
TIANGUÁ;81;42;SEMINÁRIO;FACULDADE VIA SAPIENS;AVENIDA PREFEITO JACQUES NUNES, 1739
GRANJA;25;64;PARAZINHO;E.E.F. ESMERINO ARRUDA FILHO;RUA JOSE MARTINS, S/N
MARANGUAPE;4;603;ITAPEBUSSU;EMEF PROFESSORA MARIA EUGÊNIA DE OLIVEIRA;RUA MANOEL GUEDES MARTINS, 1130
FORTALEZA;116;393;BONSUCESSO;EM PROF LUIS RECAMONDE CAPELO;RUA MARIA QUINTELA 901
FORTALEZA;1;904;ALDEOTA;COLEGIO ARI DE SA - MONSENHOR CATAO;RUA MONSENHOR CATAO, 1655
TIANGUÁ;81;122;ÁREA RURAL DE TIANGUÁ;E.E.I.F. MARIA VILANI DE JESUS;SÍTIO BOM JESUS
JUAZEIRO DO NORTE;119;18;SANTA TEREZA;COLEGIO POLIVALENTE;JOSE MARROCOS SN
GUARACIABA DO NORTE;74;16;JARDINS;ESCOLA TÉCNICA - E.E.E. PROFISSIONAL DEPUTADO JOSÉ MARIA MELO;AV. TENENTE MATIAS, S/N
FORTALEZA;1;468;PAPICU;ESCOLA ESTADUAL MARIA JOSE MEDEIROS;RUA DESEMBARGADOR LAURO NOGUEIRA 1240
MUCAMBO;79;243;MORRINHOS;ESCOLA RAIMUNDO FELIX DA PONTE;DISTRITO DE MORRINHOS, S/N
REDENÇÃO;52;24;CONJUNTO ANTÔNIO BONFIM (SEDE);ESCOLA DR. BRUNILO JACÓ;AVENIDA CONTORNO SUL, S/N
FRECHEIRINHA;81;272;ÁREA RURAL DE FRECHEIRINHA;CRECHE FRANCISCA MARIA DO NASCIMENTO ;SITIO JARDIM, ÁREA RURAL DE FRECHEIRINHA
FORTALEZA;115;100;PARANGABA;EMTI CAROLINO SUCUPIRA;RUA MUNDICA PAULA, 670
RUSSAS;9;264;CENTRO;ESCOLA MUNICIPAL JOSE RAIMUNDO DE DEUS;AVENIDA IRMÃ MARIA DA GRAÇA
FORTALEZA;1;388;VICENTE PINZON;ESCOLA ESTADUAL DEPUTADO MANOEL RODRIGUES;RUA OLIVEIRA FILHO, 1576
FORTALEZA;94;26;QUINTINO CUNHA;EEF JESUS, MARIA E JOSE;RUA DA MANGUEIRA 134
FORTALEZA;94;758;QUINTINO CUNHA;EEMTI MARIA JOSÉ SANTOS FERREIRA GOMES (CERE);RUA DONA LUCIA PINHEIRO, 93
PIQUET CARNEIRO;12;30;CENTRO;EEMEFTI AZARIAS FERNANDES;RUA ZACARIAS PINHEIRO DA SILVA  S/N
FORTALEZA;115;255;PARANGABA;FACULDADE UNINASSAU - PARANGABA;RUA GERMANO FRANCK, 567
FORTALEZA;115;430;VILA PERI;CENTRO DE EDUCAÇÃO PEDAGÓGICO EÇA DE QUEIROZ;RUA DOM XISTO ALBANO 611
PARAMBU;19;373;MONTE SION;ESCOLA ANTÔNIO ALVES DA SILVA;SERRA DAS MOÇAS
CRATEÚS;20;93;MONTENEBO;ESCOLA DE CIDADANIA FRANCISCO DE ALCANTARA BARROS;MONTENEBO
CAUCAIA;37;225;MESTRE ANTONIO;E.E.I.E.F. MENINO JESUS;RUA FRANCISCO EDSON DA SILVA, 163
ITAREMA;98;176;ZONA RURAL;CEI GERALDO MARQUES DE OLIVEIRA;CARAÚBAS
CEDRO;13;503;ASSUNÇÃO;ESCOLA DE ENS FUND TEREZA DUTRA;RUA VICENCIA DUTRA S/N
FORTALEZA;114;150;JARDIM IRACEMA;EEMTI PROFESSORA BALBINA JUCA ALBUQUERQUE;AVENIDA MAJOR ASSIS 346
FORTALEZA;2;379;MESSEJANA;EEM LICEU DE MESSEJANA;AVENIDA WASHINGTON SOARES 7702
JAGUARETAMA;72;83;SITIO LUIS FERREIRA;UNIDADE BÁSICA DE SAÚDE MARIA DA CONCEIÇÃO SOUSA;PROJETO DE ASSENTAMENTO LUIS FERREIRA
VIÇOSA DO CEARÁ;35;42;GENERAL TIBURCIO;E.E.F FRANCISCO VIEIRA JUNIOR;VILA GENERAL TIBURCIO
CRATO;27;26;CENTRO;EEIEF PROFª EDILMA FERNANDES G. RODRIGUES - CÍRCULO OPERÁRIO;AVENIDA JOSÉ ALVES DE FIGUEIREDO S/N
ITAPIPOCA;17;50;ÁREA RURAL DE ITAPIPOCA;EEB FRANCISCO BEZERRA DE SOUZA;LAGOA DA CRUZ
FORTALEZA;1;394;VICENTE PINZON;CIES AIDA SANTOS;AVENIDA TRAJANO DE MEDEIROS  813
CRATO;27;158;SEMINÁRIO;CENTRO DE EDUCAÇÃO INFANTIL LICEU DIOCESANO;RUA DOUTOR MANOEL MACEDO, 122
CRATO;27;3;SÃO MIGUEL;MINISTÉRIO DO TRABALHO E EMPREGO - AGÊNCIA DE CRATO/CE;AVENIDA PERIMETRAL DOM FRANCISCO, 491
FORTALEZA;3;410;ALDEOTA;COLÉGIO DARWIN;RUA ILDEFONSO ALBANO, 1030
LIMOEIRO DO NORTE;29;31;BIXOPÁ;EEF JOSE AFONSO FERREIRA MAIA;DISTRITO DE BIXOPA
IGUATU;13;565;COHABS;CRECHE RAFAEL JEAN GONÇALVES DE FREITAS;RUA ANTONIO RODOVALHO DE ALENCAR
PARAIPABA;109;195;CACIMBÃO DOS TABOSAS;EMEIF JOSÉ BRAGA DE PAIVA;CACIMBAO DOS TABOSAS
MARACANAÚ;104;298;JEREISSATI II;EMEIEF RACHEL DE QUEIROZ;AVENIDA XII, 758
FORTALEZA;117;281;SIQUEIRA;EEFM PAULO ELPIDIO;RUA PROF MANOEL DE CASTRO 1202
CRATEÚS;20;83;IBIAPABA;ESCOLA DE CIDADANIA DE IBIAPABA;IBIAPABA
FORTALEZA;114;225;FLORESTA;INSTITUTO EDUCACIONAL PRESIDENTE MEDICI;RUA CÉSAR CORREIA 973
JUAZEIRO DO NORTE;119;130;PIRAJA;ESCOLA AMALIA XAVIER;RUI BARBOSA 468
SOBRAL;24;95;CAMPO DOS VELHOS;EEM PROF. LUIS FELIPE;RUA CEL JOSE SILVESTRE, 760
MARACANAÚ;122;12;PIRATININGA;COLÉGIO ESTADUAL PROFº FRANCº OSCAR RODRIGUES(COL.EST.LICEU MARACANAÚ);AV. LUIZ GONZAGA HONÓRIO, 50, PIRATININGA, MARACANAÚ-CE
VIÇOSA DO CEARÁ;35;92;ZONA RURAL;E.E.I.F DÍLIA ALVES PEREIRA;SITIO URUOCA
CASCAVEL;7;25;CENTRO;CENTRO EDUCACIONAL MUNICIPAL PROFESSORA MARIA ESTER DA COSTA SILVA;AV CORONEL LEITE, 2045
FORTALEZA;3;549;PRAIA DE IRACEMA;SECRETARIA DA SAÚDE DO ESTADO DO CEARÁ;RUA ITAPIPOCA, 60
CAUCAIA;123;498;ARATURI (JUREMA);E.E.I.E.F. MONSENHOR ANDRÉ VIANA CAMURÇA;RUA NW-5, 40
JAGUARETAMA;72;72;CENTRO;EMEF 29 DE AGOSTO - PROFª MARIA ELIELZA PINHEIRO GUERRA;RUA TRISTAO GONCALVES 380
ITAITINGA;78;248;CENTRO;EEF GERALDO BATISTA DE LIMA;AV. CEL. VIRGÍLIO TÁVORA S/N
ITAITINGA;78;312;PARQUE GENEZARÉ;EEF ELIAS DE SOUSA;RUA JOSE RODRIGUES PEREIRA, 137
URUOCA;25;104;CENTRO;E.E.M. OLIMPIO SAMPAIO DA SILVA;RUA MARIA DAS GRAÇAS SIQUEIRA, 48
ITAREMA;98;147;ZONA RURAL;EMEF OSIRES PONTES;CARVOEIRO
FORTALEZA;1;478;MEIRELES;CENTRO DE REFERÊNCIAS SOBRE DROGAS - CRD;AV. DA ABOLIÇÃO, 3893
HORIZONTE;78;81;CENTRO;EMEF PROFESSORA RAIMUNDA DUARTE TEIXEIRA ;AV EUDES XIMENES, 83 - CENTRO 
ITAPIPOCA;17;607;CACIMBAS;CENTRO EDUCACIONAL MARIA MAGALHAES VIANA AZEVEDO;RUA MOESIO LOIOLA S/N
CRATEÚS;20;10;ASSIS;ESCOLA DE CIDADANIA JOAO LUCIANO;ASSIS
SOBRAL;24;118;PADRE PALHANO;EEFI MARIA JOSE FERREIRA GOMES;RUA PRESIDENTE JUSCELINO KUBITSCHEK, S/N
VIÇOSA DO CEARÁ;35;192;SITIO ARATICUM;E.E.F ANA BEZERRIL FONTENELE;SITIO ARATICUM
FORTALEZA;2;151;MESSEJANA;EMEIF ANGELICA GURGEL;RUA DOUTOR PERGENTINO MAIA, 375
CAUCAIA;123;332;PARQUE GUADALAJARA (JUREMA);E.E.I.E.F. 7 DE SETEMBRO;AV. DOM ALMEIDA LUSTOSA, 2322
ITAPIPOCA;17;335;CRUZEIRO;EEFMI CORONEL MURILO SERPA;RUA ANASTACIO BARROSO VALENTE 318
SOBRAL;24;548;SUMARÉ;EEFI JOSE PARENTE PRADO;RUA SANTA MARTA,100
HORIZONTE;78;175;MANGUEIRAL;CEI - ADÍLIA FERREIRA LIMA;RUA ALEXANDRE JOCA, 572 - MANGUEIRAL
IGUATU;13;354;VILA MOURA;ESCOLA DE ENSINO MEDIO LUCAS EMANUEL;RUA AMALIA BRASIL SN
FORTALEZA;3;574;MEIRELES;WIZARD - AV. SANTOS DUMONT;AV. SANTOS DUMONT, 2110 (ESQ. COM RUA SILVA PAULET)
MARACANAÚ;122;13;PIRATININGA;COLÉGIO ESTADUAL PROFº FRANCº OSCAR RODRIGUES(COL.EST.LICEU MARACANAÚ);AV. LUIZ GONZAGA HONÓRIO, 50, PIRATININGA, MARACANAÚ-CE
MARACANAÚ;122;15;PIRATININGA;COLÉGIO ESTADUAL PROFº FRANCº OSCAR RODRIGUES(COL.EST.LICEU MARACANAÚ);AV. LUIZ GONZAGA HONÓRIO, 50, PIRATININGA, MARACANAÚ-CE
COREAÚ;64;68;COHAB;COREAÚ - ESCOLA MUN. PROFª IZAURA MA. DA SILVA;RUA TANCREDO NEVES, S/N - COHAB
CAUCAIA;120;319;SITIOS NOVOS;E.E.F. ALICE MOREIRA DE OLIVEIRA;RUA HENRIQUE MARTINS, S/N
CAUCAIA;120;356;CIGANA;E.E.I.E.F DALVA PONTES DA ROCHA;RUA QUINTINO JOSE CORREIA, 465
FORTALEZA;114;316;BARRA DO CEARÁ;EM DOIS DE DEZEMBRO;RUA ARAKEN, 860
FORTALEZA;2;821;LAGOA REDONDA;ESCOLA MUNICIPAL ISABEL FERREIRA;RUA ISABEL FERREIRA, 1000 - CONJ. CURIÓ
ARACATI;8;111;CORREGO DOS FERNANDES;E.E.F. FRANCISCO FERNANDES FILHO;CORREGO DOS FERNANDES
FORTALEZA;93;284;PREFEITO JOSÉ WALTER;COLEGIO 21 EDUCAR;AV JOAO DE ARAUJO LIMA, 1240 - II ETAPA
COREAÚ;64;6;Centro;COREAÚ - SECRETARIA MUNICIPAL DE EDUCAÇÃO;AV. PREFEITO VILAR FONTENELE, 81- CENTRO
SOBRAL;24;661;JUNCO;SESI;AV. DR. JOSÉ ARIMATÉIA M SILVA, 1701
QUIXERÉ;29;248;LAGOINHA;EEB MENINO JESUS DE PRAGA;RUA ZACARIAS FERREIRA DE SOUSA SN
CRATO;27;309;PINTO MADEIRA;EEMTI ESTADO DA BAHIA;AVENIDA JOSÉ PINHEIRO ESMERALDO S/N
FORTALEZA;3;216;CENTRO;FAC. CATÓLICA DE FORTALEZA (SEMINÁRIO DA PRAINHA);RUA TENENTE BENÉVOLO, 201
VIÇOSA DO CEARÁ;35;107;LAMBEDOURO;E.E.I.F JOÃO DOS ANJOS FONTENELE;SITIO CARRAPATEIRA DE BAIXO
PACATUBA;57;237;CONJUNTO JEREISSATI II;EEIEF JOSE BATISTA DE OLIVEIRA;AV XXIII, S/N
HORIZONTE;78;160;DIADEMA;EMEF PROFESSORA DIONE MARIA BEZERRA PESSOA;RUA FRANCISCO ONOFRE DE ASSIS, 365, DIADEMA
HORIZONTE;78;222;CENTRO;CEI - MARIA DO CARMO OLIVEIRA;RUA MANOEL LUIZ, 459
FORTALEZA;2;378;MESSEJANA;EMEIF DEMOCRITO ROCHA;RUA PADRE PEDRO DE ALENCAR, 2012
ITAPIPOCA;17;54;DESERTO;EEFMI HILDEBERTO BARROSO;AVENIDA VEREADORA LEIDA SOARES, 1205
CRATO;27;295;SEMINÁRIO;EEIEF LICEU DIOCESANO DE ARTES E OFÍCIOS;RUA DUARTE JÚNIOR S/N
IGUATU;13;394;COCOBÓ;ESCOLA DE ENS FUND ELZE LIMA VERDE MONTENEGRO;DARIO RABELO
ITAPIPOCA;17;441;BOA VISTA;EEB MARIA DALVA BARBOSA AZEVEDO;RUA EUBIA BARROSO
ACOPIARA;60;131;CENTRO;LICEU DE ACOPIARA - DEP.FCO.ALVES SOBRINHO;RUA VICENTE CARLOS PINHEIRO,101
FORTALEZA;2;147;MESSEJANA;EM JOSEFA BARROS DE ALENCAR;RUA DOUTOR JOAQUIM BENTO 590
FORTALEZA;2;543;MESSEJANA;EEM LICEU DE MESSEJANA;AVENIDA WASHINGTON SOARES 7702
FORTALEZA;3;637;MEIRELES;NÁUTICO ATLÉTICO CEARENSE;AV. DA ABOLIÇÃO, 2727
FORTALEZA;3;590;ALDEOTA;COLÉGIO ANTARES (RUA BARBOSA DE FREITAS);RUA BARBOSA DE FREITAS, 2058
NOVA RUSSAS;48;8;JOVINÃO;CRECHE MARIA ROSA DA CONCEIÇÃO;RUA PROJETADA
CAUCAIA;123;472;SÃO MIGUEL (JUREMA);E.E.I.E.F. LUIZA MORAES CORREIA TAVORA;RUA SÃO MATEUS, 245 - CONJUNTO SÃO MIGUEL I
CRATO;27;176;CENTRO;ESCOLA TÉCNICA DO COMÉRCIO;RUA DOUTOR JOÃO PESSOA, 190 - PRAÇA JUAREZ TÁVORA
EUSÉBIO;88;158;URUCUNEMA;EEF JOSEFA SA;RUA BEIRA RIO, 400 - MOSQUITO
ALTANEIRA;53;10;CENTRO;EMEF 18 DE DEZEMBRO;RUA JOSE PIO DE OLIVEIRA, SN
CAMPOS SALES;38;24;B. CENTRO;CAMARA MUNICIPAL DE CAMPOS SALES/CE - SEDE;RUA FRANCISCO GOMES DE SOUZA, 190
MISSÃO VELHA;16;35;SITIO ALEIXO;EEF PEDRO LUIZ PEREIRA;RUA DO COMERCIO S/N
FORTALEZA;114;286;BARRA DO CEARÁ;EEFM ESTADO DE ALAGOAS;AVENIDA PRESIDENTE CASTELO BRANCO, 5244
FORTALEZA;2;157;LAGOA REDONDA;EMEIF MOREIRA DA ROCHA;AV ODILON GUIMARAES, 3860
FORTALEZA;3;259;CENTRO;COLÉGIO ESTADUAL JUSTINIANO DE SERPA;AV. SANTOS DUMONT, 56
FORTALEZA;3;31;CENTRO;SESC FORTALEZA;RUA CLARINDO DE QUEIROZ, 1740
CRATO;27;162;MURITI;UNIDADE BÁSICA DE SAÚDE VICÊNCIA GARRIDO (MURITI - II);RUA MARIA CLOTILDES DA CONCEIÇÃO S/N
LIMOEIRO DO NORTE;29;72;ÁREA RURAL;ESCOLA DE 1º GRAU FRANCISCO TEODORICO TEIXEIRA LIMA;SÍTIO LAGES
CASCAVEL;7;18;CENTRO;EMEB PROFESSORA THEREZINHA MESQUITA DE JESUS CIRÍACO (ANTIGA CNEC);RUA PREF. LUIS BENICIO SAMPAIO, 2506
FORTALEZA;1;859;PAPICU;COLEGIO ANTARES - OCELO PINHEIRO;RUA PROFESSOR OCELO PINHEIRO 101
ITAPIPOCA;17;536;MARINHEIROS;EEB RAIMUNDA ROCHA DO NASCIMENTO;HUMAITA
FORTALEZA;2;490;MESSEJANA;EEFM JOSE DE ALENCAR;RUA VENEZA, 84
FORTALEZA;117;139;SIQUEIRA;COLÉGIO VIDA VIVA;RUA JOSÉ MARIA, 100
ITAPIPOCA;17;711;CRUXATI;EEB PEDRO FRANCISCO DE ASSIS;CURA I
AURORA;69;39;SANTA VITORIA-DISTRITO;E.E.F.M. LEAO SAMPAIO;DISTRITO SANTA VITORIA  S/N
CAUCAIA;123;458;ARATURI (JUREMA);E.E.I.E.F. MONSENHOR ANDRÉ VIANA CAMURÇA;RUA NW-5, 40
GUARACIABA DO NORTE;74;65;DISTRITO;EEF FRANCISCO JOSÉ FEITOSA - MORRINHOS NOVOS II;MORRINHOS NOVOS
FORTALEZA;2;729;CAMBEBA;SECRETARIA DA EDUCACAO - CAMBEBA;AVENIDA MINISTRO JOSE AMERICO, SN
FORTALEZA;3;2;CENTRO;COLÉGIO TIRADENTES VESTIBULARES;RUA PEDRO I, 1106
JAGUARETAMA;72;89;SITIO SERROTE BRANCO;E.M.E.F JOSE TEIXEIRA NERES;SITIO SERROTE BRANCO
UMARI;15;223;SITIO UMARIZINHO;EEF BERNARDO FERREIRA ALENCAR;SITIO UMARIZINHO
ITAIÇABA;75;1;CENTRO;CENTRO VOCACIONAL TECNOLOGICO DE ITAICABA;RUA CORONEL JOAO BATISTA 248
CAUCAIA;120;135;MIRAMBE;E.E.I.E.F. MARIA DE LOURDES ROCHA;RUA DA IGREJA, 614 - TAQUARA/MIRAMBÉ
FORTALEZA;2;674;MESSEJANA;EMEIF DEMOCRITO ROCHA;RUA PADRE PEDRO DE ALENCAR, 2012
MISSÃO VELHA;16;115;SEDE;EEF LOURIVAL DANTAS RIBEIRO;RODOVIA MISSAO VELHA/JAMACARU KM 01, COHAB CASEMIRO FARIAS.
AURORA;69;2;ARACA-SEDE;E.E.I.F. ROMAO SABIA;RUA PROJETADA  S/N
PEDRA BRANCA;59;91;MINEIROLANDIA;NUCLEO DE ARTE GERALDO CARNEIRO DE SOUZA;MINEIROLANDIA
EUSÉBIO;88;266;CENTRO;ESCOLA EROTIDES MELO LIMA;RUA BLUMENAU, 158 - CENTRO
SÃO LUÍS DO CURU;23;348;FAZENDA COMUNITÁRIA;POSTO DE SAÚDE DA FAZENDA COMUNITÁRIA;LOCALIDADE FAZENDA COMUNITÁRIA
VIÇOSA DO CEARÁ;35;91;SITIO MACAGETUBA I;E.E.I.F SALUSTIANO DA COSTA CARDOSO;SITIO MACAGETUBA I
GUARACIABA DO NORTE;74;163;SEDE;E.E.I.F. JOÃO BARRETO DOS SANTOS;RUA 12 DE MAIO - CENTRO
GUARACIABA DO NORTE;74;173;SEDE;INSTITUTO PROMOCIONAL BENJAMIM SOARES (PATRONATO);RUA PADRE BERNARDINO MEMORIA - CENTRO
FORTALEZA;2;499;LAGOA REDONDA;COLÉGIO AGNUS SUL;TRAVESSA MARROCOS, 145
FORTALEZA;2;764;MESSEJANA;EMEIF DEMOCRITO ROCHA;RUA PADRE PEDRO DE ALENCAR, 2012
ABAIARA;26;135;SÍTIO OITIS (VILA CAFÉ DA LINHA);ESCOLA CORONEL ADAUTO BEZERRA;SÍTIO OITIS
BELA CRUZ;96;199;ARATICUNS-LOCALIDADE;UBASF PSF ARATICUNS;LOCALIDADE ARATICUNS
FORTALEZA;2;417;GUAJERU;EEEP COMENDADOR MIGUEL GURGEL;RUA JOSE BAIMA, S/N
SOBRAL;24;427;JORDÃO;EEFI JOSE INACIO GOMES PARENTE;RUA ONOFRE GOMES DE OLIVEIRA
GRANJEIRO;62;152;CENTRO;EEFM MIGUEL SARAIVA PINHEIRO;RUA HENRIQUE DE MACEDO SN
FORTALEZA;113;432;MONTESE;ESCOLA MUNICIPAL VICENTE FIALHO;RUA IRMA BAZET, 193
DEPUTADO IRAPUAN PINHEIRO;55;50;CENTRO;EEB FRANCISCA JOSUÉ DE SOUZA CARNEIRO;VILA SILVEIRA, 0
PIQUET CARNEIRO;12;130;IBICUA;EMEF ANA CLARA DE MAGALHAES;RUA JOSÉ TEOTÔNIO, S/N
RUSSAS;9;221;CIPO;ESCOLA MUNICIPAL PEDRO ESTACIO DE SOUSA;SITIO CIPO
IRAUÇUBA;41;25;MISSI;ESCOLA MUNICIPAL JOSEFA CLOTILDE TABOSA BRAGA;RUA ANARIO BRAGA SN
UMIRIM;23;281;SAO JOAQUIM-DISTRITO;E.E.F. MANUEL FRANCISCO DE MOURA;MOREIRA
CRATEÚS;20;23;CIDADE NOVA;CENTRO DE EDUCACAO DE JOVENS E ADULTOS PROFESSOR LUIZ BEZERRA;RUA DR LUIZ CHAVES E MELO
TARRAFAS;18;29;ZONA RURAL;GRUPO ESCOLAR JOAO RICARTE DE CARVALHO;RUA PRINCIPAL SN  -  CACHOEIRA DOS RICARTES - ZONA RURAL
ARACOIABA;67;67;VAZANTES-DISTRITO;ESCOLA DE ENSINO MEDIO JOAO ALVES MOREIRA;PRACA CONEGO DEMETRIO ELIZEU DE LIMA
JAGUARETAMA;72;66;ASSENTAMENTO NOVO ALAGAMAR;EMEIF MARIA DO SOCORRO ALVES DE OLIVEIRA;ASSENTAMENTO NOVO ALAGAMAR
ITAPIPOCA;17;243;ÁREA RURAL DE ITAPIPOCA;EEB PEDRO ALVES TEIXEIRA;GUARANI
CASCAVEL;7;23;CENTRO;CENTRO EDUCACIONAL MUNICIPAL PROFESSORA MARIA ESTER DA COSTA SILVA;AV CORONEL LEITE, 2045
FORTALEZA;115;351;PARANGABA;EEEP JOAQUIM MOREIRA DE SOUSA;RUA CAIO PRADO 02
PARACURU;109;77;MARCO;CAPELA SÃO FRANCISCO;MARCO, SN
FORTALEZA;3;185;CENTRO;COLÉGIO 7 DE SETEMBRO (SEDE NGS);AV. DO IMPERADOR, 1330
MAURITI;76;120;BURITIZINHO-DISTRITO;CRECHE MAGIA;RUA MANOEL FELIPE, S/N - POVOADO DE SANTO ANTONIO DOS FELIPES
CAUCAIA;37;518;TABAPUÁ;E.E.F.M. JOSÉ MARIA PONTES DA ROCHA;RUA 08, S/N - TABAPUÁ
BATURITÉ;5;261;MONDEGO-SEDE;EMEF NAÇÕES UNIDAS;RUA MAJOR PEDRO CATAO, SN
PACAJUS;49;65;FORMOSO;EEF JOSE GERALDO FILHO;FORMOSO
MARACANAÚ;104;5;JEREISSATI I;EMEIEF SENADOR CARLOS JEREISSATI;AVENIDA 1, S/N
FORTALEZA;114;118;ÁLVARO WEYNE;EMTI NOSSA SENHORA DE FÁTIMA (ANTIGA APOSTÓLICA/SEMINÁRIO);RUA SÍLVIO ROMERO 370
BARBALHA;31;58;CENTRO;ESCOLA BEM-ME-QUER;RUA PADRE IBIAPINA, 485
MONSENHOR TABOSA;61;148;CENTRO;E.M.E.F.T.I LUIZ LEITAO;AVENIDA PESSOA PIRES  2
TAMBORIL;61;23;DISTRITO DE CURATIS;EMTI ANTONIO MENDES DE ALMEIDA;VILA CURATIS
PARAIPABA;109;132;BOA VISTA-DISTRITO;EMEF JOSÉ BARROSO DE OLIVEIRA;RUA JOÃO NARCISO DE OLIVEIRA, S/N
FORTALEZA;118;385;PASSARÉ;EM PROFESSORA MARIA JOSÉ MACÁRIO COELHO;AVENIDA PASSARÉ, 530
CEDRO;13;465;CENTRO;COLEGIO ESTADUAL CELSO ARAUJO;RUA ZE PAJE, 241
ARATUBA;105;77;CENTRO-SEDE;EEF PROFESSORA MARIA JULIA PEREIRA BATISTA;RUA TARGINO GOES S/N
JUCÁS;43;45;CENTRO - SEDE;SECRETARIA DE AÇÃO SOCIAL;RUA CORONEL LUIZ DUARTE S/N
CEDRO;13;466;CENTRO;COLEGIO ESTADUAL CELSO ARAUJO;RUA ZE PAJE, 241
TIANGUÁ;81;297;ÁREA RURAL DE TIANGUÁ;E.E.F. JOSÉ MARIA DA SILVA;SÍTIO PÉ DO MORRO
AMONTADA;89;219;CAMPO;EEBTI GIZEUDA SANTIAGO TEIXEIRA;AV ANTONIO LISBOA DE QUEIROS 1864
ARATUBA;105;182;PINDOBA-SITIO;ESCOLA MUNICIPAL FRANCISCO NUNES NETO;PINDOBA
INDEPENDÊNCIA;39;32;EMATUBA;E.E.F. MANOEL FERREIRA DE MELO;DISTRITO EMATUBA
BELA CRUZ;96;47;BRASILIA;CENTRO DE CONVIVÊNCIA SOCIAL JOÃO VENCESLAU ARAUJO;RUA JOÃO AMBRÓSIO,230
PINDORETAMA;7;209;SEDE;EMEB PROFESSORA VERÔNICA PEREIRA DE ARAÚJO;RODOVIA CE-040, S/N, PINDORETAMA
SOLONÓPOLE;55;84;PASTA;GRUPO ESCOLAR ANTONIO BENIGNO BEZERRA;DISTRITO PASTA
IPAPORANGA;20;259;SÍTIO ARARAS;ESCOLA DE ENSINO FUNDAMENTAL MARCOS ALMEIDA NETO;ARARAS
FORTALEZA;114;180;CRISTO REDENTOR;EEFM SÃO JOSÉ DOS ARPOADORES;RUA FRANCISCO CALAÇA 90
REDENÇÃO;52;183;DISTRITO DE BARRA NOVA (ANTIGO SÃO GERARDO);ESCOLA ANTONIO MALAQUIAS DE MELO;BARRA NOVA
JAGUARETAMA;72;100;SÍTIO NOVO;UNIDADE BÁSICA DE SAÚDE MARIA LUZANDIRA PINHEIRO DE BRITO;SÍTIO NOVO
BREJO SANTO;70;211;CENTRO-SEDE;EEF PADRE PEDRO INACIO RIBEIRO;AV DIONIZIO ROCHA DE LUCENA 46
TAUÁ;19;157;COLIBRIS/SEDE;CEJA LUZIA ARAÚJO FREITAS;RUA ABIGAIL CIDRAO DE OLIVEIRA 51
SOBRAL;121;90;SINHÁ SABÓIA;CEI JACYRA PIMENTEL GOMES;RUA RIO NEGRO SN
FORTALEZA;3;524;CENTRO;COLÉGIO 7 DE SETEMBRO (SEDE NGS);AV. DO IMPERADOR, 1330
ORÓS;15;274;PEDREGULHO - SITIO;POSTO DE SAÚDE FRANCISCO COSMO RODRIGUES;SÍTIO PEDREGULHO
CAUCAIA;120;298;MINGUAU;E.E.I.E.F. MARIANA DE MIRANDA FIRMEZA;RUA PRINCIPAL, S/N - JARANDRAGOEIRA
TIANGUÁ;81;302;ÁREA RURAL DE TIANGUÁ;E.E.F.I. SANTO AGOSTINHO ;SÍTIO LARANJEIRAS
LAVRAS DA MANGABEIRA;14;35;ARROJADO - DISTRITO;ESCOLA DE 1 GRAU MANOEL GONCALVES;RUA JOSE CAETANO S/N
MILAGRES;26;26;MISSIONÁRIAS;ESCOLA DONA ANTONIA LINDALVA DE MORAIS;RUA PALMERINDO MENDONCA S/N
UBAJARA;73;110;CENTRO;ESCOLA  MONS FRANCISCO TARCISIO MELO;AV CEL FRANCISCO CAVALCANTE, SN
COREAÚ;64;67;Malhada Vermelha;MALHADA VERMELHA - CENTRO PASTORAL STA. RITA DE CÁSSIA;LOCALIDADE MALHADA VERMELHA
SÃO BENEDITO;22;117;CENTRO-SEDE;ESCOLA DE ENSINO FUNDAMENTAL DEP FRANCISCO JULIO FILIZOLA;RUA MINISTRO ANTONIO COELHO 827
CEDRO;13;466;CENTRO;COLEGIO ESTADUAL CELSO ARAUJO;RUA ZE PAJE, 241
SALITRE;38;174;ZONA RURAL, SALITRE/CE;E.E.I.F FRANCISCO CEZÁRIO DA SILVA - SÍTIO RONCADOR;SÍTIO RONCADOR
ITAPIPOCA;17;731;ÁREA RURAL DE ITAPIPOCA;EEB MARIA FAUSTINO DE SOUSA LIMA;LAGOINHA I
OCARA;67;266;ARISCO DOS MARIANOS-DISTRITO;ESCOLA MUNICIPAL JOAQUIM FERREIRA DO VALE - ENSINO FUNDAMENTAL;CURRALINHO
ASSARÉ;18;39;CENTRO;ESCOLA DE ENSINO FUNDAMENTAL RAUL ONOFRE;RUA PADRE EMILIO CABRAL SN     ASSARE
MILAGRES;26;24;MISSIONÁRIAS;ESCOLA DONA ANTONIA LINDALVA DE MORAIS;RUA PALMERINDO MENDONCA S/N
COREAÚ;64;121;Cunhassu dos Sales;CUNHASSU DO SALES - ESCOLA MUN. JOSÉ DE SALES;LOCALIDADE CUNHASSU DOS SALES
SÃO LUÍS DO CURU;23;331;MELANCIA DOS TABOSA-POVOADO;E.E.F. PEDRO TABOSA BARROSO;MELANCIA DOS TABOSA  - POVOADO
PENTECOSTE;50;78;ZONA RURAL;EMTI PREFEITO ANTÔNIO CARNEIRO;PROVIDÊNCIA
SOBRAL;121;296;SALGADO DOS MACHADOS;ESCOLA RAIMUNDO NONATO DE SALES;RUA INÁCIO MACHADO DA PONTE
BOA VIAGEM;63;114;SABONETE;EEF ANTERO RABELO DE CARVALHO;POÇO GRANDE
ICÓ;15;161;MALHADA VERMELHA - SITIO;ESCOLA MUNICIPAL JOAQUIM FELIZARDO DO NASCIMENTO;SITIO MALHADA VERMELHA S/N
FORTALEZA;3;295;CENTRO;COLÉGIO ESTADUAL JUSTINIANO DE SERPA;AV. SANTOS DUMONT, 56
TARRAFAS;18;17;CENTRO;CENTRO COMUNITARIO JOSE AMERICO RODRIGUES;ALTO SN                                           TARRAFAS
BARRO;92;23;IARA-DISTRITO;ESCOLA DE ENSINO BASICO DEP. ANTONIO LEITE TAVARES;BR 116 - KM 447
BREJO SANTO;70;422;Lotemanento Conviver;EEIT JUAREZ LEITE SAMPAIO;AV. PREF. JUAREZ LEITE SAMPAIO, S/N.
SOBRAL;121;33;ARACATIAÇU;ETI MARIA DE LOURDES DE VASCONCELOS;RUA MONSENHOR LINHARES, S/N
FORTALEZA;95;374;JANGURUSSU;CEI JOSÉ EUCLIDES FERREIRA GOMES;RUA F  (CONJ. RES. JOSÉ EUCLIDES FERREIRA GOMES)
SOBRAL;24;358;JAIBARAS;EEFI LEONILIA GOMES PARENTE;RUA SANTA TEREZINHA
CRATO;27;170;CENTRO;COLÉGIO ÁGAPE ESTUDOS;RUA RATISBONA, 295
AURORA;69;91;MOCOS-SITIO;POSTO DE SAÚDE (MOCÓ);SITIO MOCÓ
CEDRO;13;441;CENTRO;COLEGIO ESTADUAL CELSO ARAUJO;RUA ZE PAJE, 241
CRATEÚS;20;136;CENTRO;SINDICATO DOS TRABALHADORES RURAIS DE CRATEUS;RUA CEL LUCIO 715
GENERAL SAMPAIO;50;28;CONJUNTO SÃO JOSÉ;CRECHE PROINFÂNCIA DIANA DE NAZUR MONTEIRO MARINHO MOREIRA;RUA JOSÉ COSTA NASCIMENTO
PIRES FERREIRA;21;78;DISTRITO;E.E.F. CENTRO EDUCACIONAL RURAL;DELMIRO GOUVEIA
JAGUARUANA;75;132;CAMPO GRANDE;E.E.F. GERARDO CORREIA LIMA (CAMPO GRANDE);CAMPO GRANDE
OCARA;67;270;CURUPIRA-DISTRITO;ESCOLA DE ENSINO FUNDAMENTAL CECILIA FERREIRA DO VALE;LAGOA COMPRIDA POVOADO
RERIUTABA;79;11;CENTRO;E.E.F. RAIMUNDO MESQUITA;RUA CEL. AGRÍPIO TEODORO SOARES, 171
FORTALEZA;80;260;TAUAPE;SALÃO PAROQUIAL SÃO JOAO DO TAUAPE;RUA MONSENHOR SALAZAR, 279
CARIRIAÇU;71;96;FEITOSA;POSTO DE SAÚDE DO SÍTIO SAMAMBAIA;SÍTIO SAMAMBAIA
FORTALEZA;113;124;CENTRO;EEFM FREI LAURO SCHWARTE;RUA ANTÔNIO POMPEU, 2005
ITAPAJÉ;41;236;PITOMBEIRA;ESCOLA MUNICIPAL ZECA PARAIBA;VILA PITOMBEIRA
PENTECOSTE;50;228;ZONA RURAL;EEIF SÃO GERARDO - ANEXO(PROFª Mª GLAUCINEIDE);ASSENTAMENTO LAGOA GRANDE
QUITERIANÓPOLIS;99;130;ZONA RURAL;EEIF MANOEL RODRIGUES DO NASCIMENTO;SANTA MARIA
CAUCAIA;123;338;PARQUE GUADALAJARA (JUREMA);E.E.I.E.F. 7 DE SETEMBRO;AV. DOM ALMEIDA LUSTOSA, 2322
CAMOCIM;32;230;ZONA RURAL;EEF HIPÓLITO RICARDO PINTO - JATOBÁ;ASSENTAMENTO JATOBÁ, SN
POTIRETAMA;86;57;CENTRO;ESCOLA DE 1 E 2 GRAUS ANDRÉ CAMPELO;RUA HONOR DIOGENES SN
FORTALEZA;112;555;ENGENHEIRO LUCIANO CAVALCANTE;CENTRO UNIVERSITÁRIO 7 DE SETEMBRO - UNI 7 (FA7);AV. ALMIRANTE MAXIMINIANO DA FONSECA, 1395
FORTALEZA;113;130;BENFICA;EEFM FIGUEIREDO CORREIA;RUA MARECHAL DEODORO, 733
GRAÇA;79;140;SITIO CAETANO;GRUPO ESCOLAR RITA ALVES DE SOUSA;SITIO CAETANO
ARARIPE;68;96;SERRA LUIZ PEREIRA;EEIF LUIZ PEREIRA DA SILVA - SERRA LUIZ PEREIRA;SERRA LUIZ PEREIRA
ICAPUÍ;8;208;PRAIA DE REDONDA;ESCOLA HORIZONTE DA CIDADANIA;PRAIA DE REDONDA
FORTALEZA;83;682;HENRIQUE JORGE;ESCOLA MUNICIPAL DONA DAGMAR GENTIL;RUA VITORIA 1750
TRAIRI;97;72;CENTRO;ESCOLA DE 1 E 2 GRAU JONAS HENRIQUE DE AZEVEDO;AV CELSO BARROSO
MERUOCA;24;675;Sítio Palmeiras;EEFI MURILO PIO FERNANDES;CE-440 (AV. IRINEU COUTINHO)
SOBRAL;24;86;PARQUE SILVANA;EEFI ANTONIO MENDES CARNEIRO;AVENIDA DR. JOSE EUCLIDES FERREIRA GOMES JUNIOR, S/N
TRAIRI;97;136;SERRINHA;EEF PROFESSOR ELIZEU BARBOSA;ALTO SAO FRANCISCO
CRATO;27;107;PINTO MADEIRA;CENTRO DE ESPECIALIDADES DO CRATO;RUA JOSÉ MARROCOS 471
MARANGUAPE;4;567;FORQUILA - PAPARA;CRECHE FRANCISCO DE ALMEIDA ARAÚJO;FORQUILHA
MOMBAÇA;46;25;BOA VISTA;CENTRO EDUCACIONAL RURAL DE BOA VISTA;BOA VISTA
MARACANAÚ;122;239;LUZARDO VIANA;E.M.E.I.E.F. MANOEL MOREIRA LIMA;ESTRADA DO PAU SERRADO, S/N
FORTALEZA;1;34;COCÓ;UNINTA - FACULDADE UNINTA FORTALEZA;RUA VILEBALDO AGUIAR,133
SOBRAL;24;357;RAFAEL ARRUDA;EEM AGOSTINHO NERES PORTELA;RUA MARIA ARAÚJO DAMASCENO, S/N
FORTALEZA;115;295;ITAPERI;UNIVERSIDADE ESTADUAL DO CEARA - UECE;AV DR. SILAS MUNGUBA, 1700
ITAPIPOCA;17;621;BALEIA;EEB JOSE IRANI MENDES;MACEIO
HIDROLÂNDIA;54;117;POVOADO BOM SUCESSO;ESCOLA MUNICIPAL JOSÉ FERNANDES SOBRINHO;POVOADO DE BOM SUCESSO
CAMOCIM;32;61;SAO PEDRO;EEF GENERAL ANTONIO DA SILVA CAMPOS - BAIRRO SAO PEDRO;RUA SIQUEIRA CAMPOS S/N
ICAPUÍ;8;308;CAJUAIS;E.E.M. PROF GABRIEL EPIFANIO DOS REIS;RUA FILIZOLINA FREITAS, SN
ACARAPE;52;129;CENTRO;CÂMARA MUNICIPAL DE ACARAPE (ESPECIAL);RUA JOSE GUILHERME COSTA, N. 44
QUIXERÉ;29;219;SEDE;EEIF VEREADOR RAIMUNDO NONATO DE SENA;RUA MANOEL GONCALVES 1458
PEDRA BRANCA;59;160;SANTA MARIA;EEF MARIA ALVES DE MESQUITA;RUA MARIA ALVES DE MESQUITA, S/N.
PARAIPABA;109;154;CALUMBI DOS BENTOS;EMEIF MARGARIDA BARBOSA DE CASTRO;CALUMBI DOS BENTOS
ITAPIPOCA;17;228;CENTRO;EEM JOAQUIM MAGALHÃES;RUA PERGENTINA ARAUJO S/N
FORTALEZA;3;389;MEIRELES;CÍRCULO MILITAR DE FORTALEZA;RUA CANUTO DE AGUIAR, 425
SOBRAL;24;229;JAIBARAS;ETI VEREADOR JOSÉ MARIA FELIX;RODOVIA DEPUTADOR ELISIO AGUIAR, 183 (CE183)
TIANGUÁ;81;29;CENTRO;UNIPLAN - CENTRO UNIVERSITÁRIO ;RUA CAPITÃO ODILON AGUIAR, 455
GRANJA;25;29;IBUAÇU;E.E.F. LIVIO BARRETO;VILA IBUACU
MARACANAÚ;104;35;PAJUÇARA;EMEF RODOLFO TEÓFILO;RUA OTÁVIO ALVES, 1120
HORIZONTE;78;116;ZUMBI;EMEF JOSE EDUARDO DE SOUSA;RUA MARIA LUIZA NORONHA - 405
CAUCAIA;120;361;SITIOS NOVOS;E.E.I.E.F. NOSSA SENHORA DA CONCEICÃO;ASSENTAMENTO SANTA BÁRBARA - CAPINE
PORTEIRAS;70;303;VIEIRA GRANDE-SEDE;E E I F FRANCISCO XAVIER DE SOUSA;SITIO VIEIRA GRANDE
JUAZEIRO DO NORTE;119;417;PREFEITO CARLOS ALBERTO DA CRUZ;ESCOLA ZILA BELEM;FRANCISCO VICENTE SILVA CAVALCANTE SN
AMONTADA;89;106;CENTRO;EEM RITA ESTELITA DOS SANTOS RODRIGUES;AV GAL ALÍPIO DOS SANTOS 1020
ALTO SANTO;86;73;ANDRE DIAS;ESCOLA DE 1 GRAU RAIMUNDO SEVERIANO CARNEIRO;SITIO ANDRE DIAS
OCARA;67;241;SERRAGEM-DISTRITO;ESCOLA MUNICIPAL JOAO PAULO DA SILVA - ENSINO FUNDAMENTAL;JUAZEIRO
FORQUILHA;121;199;EDMUNDO RODRIGUES;EEFM ELZA GOERSCH;AV CRIANÇA DANTE VALERIO S/N CENTRO
ARACATI;8;204;CANOA QUEBRADA;E.E.F. ZE MELANCIA;PRAÇA DRAGÃO DO MAR, S/N.
FORTALEZA;118;384;PASSARÉ;EM FRANCISCO ANDRADE TEOFILO GIRAO;RUA UNIDOS VENCEREMOS, 2040
FORTALEZA;93;254;PREFEITO JOSÉ WALTER;EM FRANCISCO NUNES CAVALCANTE;RUA POETA MÁRIO LINHARES, 561
CAMOCIM;32;172;ZONA RURAL;ESCOLA JOSÉ BENTO XAVIER -  MACEIO;LOCALIDADE DE MACEIO
CAMOCIM;32;93;ZONA RURAL;EEF NOVA COITE - COITE;LOCALIDADE DE COITE
MARANGUAPE;4;111;MANOEL GUEDES;EMEIEF FLORÊNCIO BARROSO DE ALBUQUERQUE;RATO DE BAIXO
CRATO;27;215;SEMINÁRIO;EEEP GOVERNADOR VIRGÍLIO TÁVORA;RUA PERGENTINO SILVA S/N
HORIZONTE;78;118;ZUMBI;EMEF JOSE EDUARDO DE SOUSA;RUA MARIA LUIZA NORONHA - 405
ITAITINGA;78;370;BARROCÃO;CEI - CENTRO DE EDUCAÇÃO INFANTIL DO BAIRRO BARROCÃO;RUA UM, N. 221, BARROCÃO 
FORTALEZA;93;293;PREFEITO JOSÉ WALTER;CEI PEDRO BOCA RICA;RUA D, S/N, LOTEAMENTO PARQUE MONTENEGRO II
FORTALEZA;118;523;SERRINHA;EM MARCOS VALENTIM PEREIRA DE SOUSA;RUA FREIRE ALEMÃO,91
EUSÉBIO;88;251;TAMATANDUBA;CEI TEREZINHA CAMPINA BRAUNA;RUA EZEQUIEL CAMPINA, S/N
PACAJUS;49;360;BURITI;EEF ALBA LARANJEIRA DE ALBUQUERQUE;RUA ANACLETO SOUSA MAIA
FORTALEZA;80;327;DIONISIO TORRES;ASSEMBLÉIA LEGISLATIVA - UNIVERSIDADE DO PARLAMENTO CEARENSE;RUA BARBOSA DE FREITAS, 2674
FRECHEIRINHA;81;270;ÁREA RURAL DE FRECHEIRINHA;CRECHE MANOEL FELIPE COSTA;SÍTIO CAUA - AREA RURAL DE FRECHEIRINHA
GRANJA;25;129;CENTRO;C.E.I. CARLOS DIAS MARTINS;AV VIRGILIO TAVORA, S/N
MARANGUAPE;4;565;PENEDO;EMEIEF CARLOS PEREIRA DE SOUSA;RUA JOSÉ MENEZES, S/N
URUOCA;25;187;BOA VISTA;E.E.F. JOSÉ FONTELES GOMES;SITIO CANTA GALO
FORTALEZA;118;527;PARQUE DOIS IRMÃOS;EM MANUEL LIMA SOARES;AVENIDA NORTE SUL, 145 (CJ JARDIM PRIMAVERA)
FORTALEZA;2;797;MESSEJANA;COLÉGIO PAIVA ANDRADE;RUA INÁCIO MOREIRA, 133
CRATEÚS;20;67;ALTAMIRA;ESCOLA TECNICA DE COMERCIO PADRE JUVENCIO;RUA JOAO SOARES, 15
LIMOEIRO DO NORTE;29;22;CÓRREGO DE AREIA;EEF ANTONIO DE CASTRO PEREIRA;SITIO CORREGO DE AREIA
AQUIRAZ;66;181;CENTRO;ESCOLA DE ENSINO MEDIO TELINA MATOS PIRES;RUA FRANCISCO CAMARA,  70
ARATUBA;105;82;CENTRO-SEDE;EEF PROFESSORA MARIA JULIA PEREIRA BATISTA;RUA TARGINO GOES S/N
CAUCAIA;120;445;PADRE JULIO MARIA;NEDI CAIC PROFESSORA FRANCISCA ESTRELA TORQUATO FIRMEZA;RUA DO GRUPO, 552
FORTALEZA;95;149;JANGURUSSU;EEMTI ALMIRANTE TAMANDARÉ;RUA DO PEREIRO, S/N, CJ ALMIRANTE TAMANDARÉ
GENERAL SAMPAIO;50;173;CONJUNTO SÃO JOSÉ;EMEF JOSÉ BEZERRA FILHO;RUA FILOMENO BARBOSA DE OLIVEIRA, S/N
NOVA OLINDA;53;92;CRUZEIRO;EEMTI PADRE LUIZ FILGUEIRAS;RUA PROFESSORA NANÔ, SN
FORTALEZA;115;173;MONTESE;EEMTI JOAO MATTOS;RUA ALMIRANTE RUBIM, 1014
JATI;70;371;CENTRO-SEDE;ESC ENS FUND E MEDIO MOISES BENTO DA SILVA;AV ANTONIO MATIAS DE SANTANA S/N
FORTALEZA;95;185;CAJAZEIRAS;DNIT;RODOVIA BR-116, KM 06
CANINDÉ;33;471;ZONA RURAL;EMEF PADRE JOSE ANTONIO;LOCALIDADE DE BOM JESUS
MORADA NOVA;47;14;CENTRO;CENTRO EDUCACIONAL MONSENHOR TABOSA;AV. MANOEL CASTRO, 440
FORTALEZA;116;463;JOÃO XXIII;COLEGIO LIMA NOGUEIRA;RUA JULIO BRAGA, 1117
FORTALEZA;2;94;MESSEJANA;CLUBE DA CAIXA;AVENIDA FREI CIRILO 4700
FORTALEZA;85;391;GENIBAÚ;CENTRO DE EDUCAÇÃO INFANTIL MURILO AGUIAR;RUA 24 DE OUTUBRO N 1063
JUAZEIRO DO NORTE;119;457;FREI DAMIAO;E.M.E.I. PROFA. MARIA DA CONCEIÇAO RIBEIRO DE SOUSA (CRECHE NOVA);RUA MANOEL TAVARES LOPES, N. 2891
JUAZEIRO DO NORTE;119;439;FREI DAMIAO;EEFTI PROFESSORA CICERA MARIA DOS SANTOS;RUA DR OSVALDO JUCA NETO, S/N
FORTALEZA;94;836;VILA VELHA;ASSOC DOS MORADORES DO CONJ DOS BANCARIOS;RUA 27 1630
MARANGUAPE;4;113;PAPARA;EMEIEF SANTO ANTÔNIO;RUA FRANCISCO ANTONIO DE LIMA, S/N
FORTALEZA;82;203;MONTE CASTELO;EEMTI CLÁUDIO MARTINS;RUA DEMÓCRITO ROCHA, 400
CASCAVEL;7;141;SITIO BICA;CEI MARIA AFIFE SARQUIS QUEIROZ ;RUA SDO, 141 SITIO BICA
IPU;21;42;CENTRO;COLEGIO IPUENSE;RUA ANTONIO MEMORIA, 1166
CAUCAIA;123;564;NOVA METRÓPOLE (JUREMA);E.E.I.E.F. FRANCISCA ALVES DO AMARAL;AV. B, 442 - NOVA METRÓPOLE
ITAPIPOCA;17;414;CRUZEIRO;EEB PROFESSOR PEDRO TEIXEIRA BARROSO;RUA ANTONIO BARROSO NETO S/N
IBICUITINGA;47;65;CENTRO;CAMARA MUNICIPAL DE IBICUITINGA;RUA CAPITÃO MANOEL ANTONIO , N 1692
MARACANAÚ;122;94;INDUSTRIAL;EEFM JOSE DE BORBA VASCONCELOS;AV. CONTORNO SUL S/N
GROAÍRAS;65;112;CENTRO;EEF PROFESSORA NOELIA XIMENES PARENTE;RUA MAJOR ARAUJO 960
FORTALEZA;114;18;BARRA DO CEARÁ;SENAI - CENTRO DE FORMAÇÃO PROFISSIONAL;AVENIDA FRANCISCO SÁ 7221
FARIAS BRITO;62;189;SEDE;EEI JOANA ALVES BEZERRA;RUA ARACI FREITAS FRANCELINO, S/N
ITAPIPOCA;17;570;CRUXATI;EEB TEOFILO PIRES CHAVES;BASTIÕES
FORTALEZA;2;715;LAGOA REDONDA;EM TEREZINHA FERREIRA PARENTE;RUA NELSON COELHO, 209
CASCAVEL;7;254;CENTRO;CENTRO EDUCACIONAL MUNICIPAL PROFESSORA MARIA ESTER DA COSTA SILVA;AV CORONEL LEITE, 2045
CAUCAIA;123;446;PARQUE GUADALAJARA (JUREMA);COLÉGIO PLENO DO CEARÁ - CPC;RUA PADRE ALFREDO NESI, 363 (ANTIGA RUA CAMPECHE )
CAUCAIA;123;391;PARQUE ALBANO (JUREMA);E.E.I.E.F. DOM ANTÔNIO DE ALMEIDA LUSTOSA;RUA PERY, 951
ABAIARA;26;15;SÍTIO OLHO DAGUA DE PEDRA;ESCOLA PRESIDENTE CASTELO BRANCO;SITIO OLHO DAGUA DA PEDRA
CAUCAIA;123;349;MARECHAL RONDON (JUREMA);E.E.I.E.F. ECONOMISTA RUBENS VAZ DA COSTA;AVENIDA NOVO HORIZONTE, S/N
TARRAFAS;18;18;CENTRO;CENTRO COMUNITARIO JOSE AMERICO RODRIGUES;ALTO SN                                           TARRAFAS
JUAZEIRO DO NORTE;119;69;JOAO CABRAL;ESCOLA LILI NERY;RUA PADRE ALCANTARA, 1000
CRATEÚS;20;319;TUCUNS;POSTO DE SAÚDE DE QUEIMADAS;QUEIMADAS
CAUCAIA;123;394;PARQUE ALBANO (JUREMA);E.E.I.E.F. DOM ANTÔNIO DE ALMEIDA LUSTOSA;RUA PERY, 951
PARAIPABA;109;123;CENTRO;EMEIF ALTINA LARANJEIRA;RUA ANTONIO TABOSA SN
CRATEÚS;20;120;PLANALTO;EEMTI GOV. GONZAGA MOTA;RUA DR. JÚLIO LIMA, 2194
ITAREMA;98;211;LAGOA SECA;EEEP PROFESSORA ROSÂNGELA ALBUQUERQUE DE COUTO;RUA DAS INDUSTRIAS, SN
FORTALEZA;93;172;MONDUBIM;EEFM ESTADO DO MARANHAO;RUA CARLOS PIMENTA,506
FORTALEZA;3;122;JACARECANGA;COLÉGIO ESTADUAL LICEU DO CEARÁ;PRAÇA GUSTAVO BARROSO, 01
TEJUÇUOCA;41;147;CENTRO-SEDE;ESCOLA DE ENSINO MÉDIO DEPUTADO FERNANDO MOTA;RUA ALFREDO PINTO DE MESQUITA
TEJUÇUOCA;41;97;MONTE CARMELO;ESCOLA MUNICIPAL JOAQUIM CHAGAS BARRETO;MONTE CARMELO
CASCAVEL;7;84;PITOMBEIRAS;E.E.F. PROFESSOR MAURÍCIO DE BRITO;AV RAIMUNDO SAMPAIO 185
CAUCAIA;123;517;NOVA METRÓPOLE (JUREMA);E.E.F.M. DOM ALOÍSIO LORSCHEIDER;AV. CONTORNO OESTE, S/N
VIÇOSA DO CEARÁ;35;16;CENTRO;CEB NOSSA SENHORA DAS VITÓRIAS;RUA MANOEL PEREIRA BARROS
ITAREMA;98;132;ZONA RURAL;EMEF MANOEL BRAGA MONTEIRO;PORTO DOS BARCOS
FORTALEZA;2;700;MESSEJANA;EEMTI PROFª FERNANDA MARIA GOMES DE AMORIM;AVENIDA FREI CIRILO 4454
CRATEÚS;20;92;MONTENEBO;ESCOLA DE CIDADANIA FRANCISCO DE ALCANTARA BARROS;MONTENEBO
IGUATU;13;71;CENTRO;ESCOLA DE ENS FUND PACIFICO GUEDES (ANTIGO CARLOS DE GOUVEIA);RUA DR. JOAO PESSOA 887
IGUATU;13;99;COHABS;ESCOLA DE ENS MEDIO EDSON LUIZ CAVALCANTE DE GOUVEA;AVENIDA JUSCELINO KUBITSCHECK SN
FORTALEZA;1;929;PAPICU;COLEGIO ESPACO ABERTO - BENTO ALBUQUERQUE;RUA BENTO ALBUQUERQUE 1671
FORTALEZA;3;618;MEIRELES;ESCOLA DE SAÚDE PÚBLICA - NEPE (ANEXO);AV. ANTÔNIO JUSTA, 3161
CAUCAIA;120;390;PADRE JULIO MARIA;E.E.F. MARIA MOTA RODRIGUES;RUA CORONEL CORREIA, 3267
CAPISTRANO;105;39;CENTRO;ESCOLA DE ENSINO FUNDAMENTAL E MEDIO CEL. FRANCISCO NUNES CAVALCANTE;RUA CEL. FRANCISCO NUNES CAVALCANTE 35
FORTALEZA;1;925;ALDEOTA;COLEGIO ARI DE SA - MONSENHOR CATAO;RUA MONSENHOR CATAO, 1655
ITAREMA;98;158;CENTRO;EMEF PE ARISTIDES ANDRADE SALES;AV JOAO BATISTA RIOS S/N
GUARACIABA DO NORTE;74;162;DISTRITO;ESCOLA MUNICIPAL DE SAO FELIX;SAO FELIX
SÃO GONÇALO DO AMARANTE;36;288;CONJUNTO;ESCOLA DE ENSINO FUNDAMENTAL GOVERNADOR TASSO JEREISSATI;RUA CORONEL NECO MARTINS S/N - SEDE
BARREIRA;52;54;CENTRO;ESCOLA FRANCISCA AMÉLIA DA SILVA;AV MÃE SINFOROSA, SN
COREAÚ;64;100;Malhada Vermelha;MALHADA VERMELHA - CENTRO PASTORAL STA. RITA DE CÁSSIA;LOCALIDADE MALHADA VERMELHA
CRATEÚS;20;135;SANTO ANTÔNIO;ESCOLA DE CIDADANIA DE INGA;INGA
MARACANAÚ;104;431;JEREISSATI I;EMEIEF SENADOR CARLOS JEREISSATI;AVENIDA 1, S/N
ARACATI;8;238;NOSSA SENHORA DE LOURDES;EEMTI. BENI CARVALHO;RUA BENI CARVALHO 1679
VIÇOSA DO CEARÁ;35;94;SITIO ASSEMIM;E.E.I.F FRANCISCO ROQUE DE ALMEIDA;SITIO ASSEMIM
CAUCAIA;120;339;CAPUAN;E.E.F. JOSE ALEXANDRE;RUA DA LAGOA, 135
CAUCAIA;120;407;PLANALTO CAUCAIA;E.E.I.E.F. ANTONIO BRAGA DA ROCHA;RUA 112, SN - CIGANA
CASCAVEL;7;37;CAPONGA;E.E.F.M. RONALDO CAMINHA BARBOSA;ESTRADA DO PRATIUS, 1985
FORTALEZA;1;140;CIDADE 2000;ESCOLA ESTADUAL ARQUITETO ROGERIO FROES;AVENIDA DAS GRAVIOLAS 1000
ITAITINGA;78;341;PARQUE GENEZARÉ;EEF DONA CONCEIÇÃO;RUA DR. MANOEL SÁTIRO, N 132
FORTALEZA;114;10;ÁLVARO WEYNE;COLÉGIO MANUEL DA SILVA (ÁLVARO WEYNE);RUA SÃO BERNARDO 181
MARACANAÚ;104;209;JEREISSATI I;EMEIEF SENADOR CARLOS JEREISSATI;AVENIDA 1, S/N
IGUATU;13;383;COHABS;ESCOLA DE ENS FUND PADRE JANUARIO CAMPOS (MUNICIPAL);ESTRADA DO BAU COHAB III
FORTALEZA;114;112;PRESIDENTE KENNEDY;EM SÃO JOSÉ;AVENIDA DOUTOR THEBERGE 2288
FORTALEZA;114;44;BARRA DO CEARÁ;EM CASIMIRO JOSÉ LIMA FILHO;AVENIDA FRANCISCO SÁ 6449
GUAIÚBA;57;201;DOURADOS;EEBM MANUEL XAVIER PIRES;DOURADOS
IGUATU;13;100;JARDIM OASIS;ESCOLA DE ENS FUND JOAO PAULINO DE ARAUJO;RUA SÍLVIO AMARO SN
FORTALEZA;2;822;JOSÉ DE ALENCAR;COLÉGIO CHRISTUS SUL 3;AV ENGENHEIRO LEAL LIMA VERDE, 2500 - JOSÉ DE ALENCAR
CAMOCIM;32;238;BRASILIA;EEI MONS INACIO NOGUEIRA MAGALHAES - LIONS;RUA JOAQUIM TÁVORA SN
AURORA;69;41;INGAZEIRAS-DISTRITO;ESCOLA DE ENSINO FUNDAMENTAL ANTONIO TELES DE PONTES;RUA DO COMERCIO
ITAPIPOCA;17;577;BELA VISTA;EEB JOAO BATISTA PIRES;BELA VISTA
ITAIÇABA;75;82;ALTO DO FERRÃO;E.E.I. CRISTINA SILVA COSTA;ALTO DO FERRÃO
AURORA;69;24;ARACA-SEDE;E.E.F.P. LEOPOLDINA GONÇALVES QUEZADO;RUA MARICA LEITE,285
FORTALEZA;118;599;DIAS MACEDO;EMEF PROFESSOR JOAO HIPPÓLYTO DE AZEVEDO E SÁ;RUA 03 N. 88 RESIDENCIAL NAPOLEAO VIANA
ALTANEIRA;53;2;CENTRO;EMEF JOAQUIM RUFINO DE OLIVEIRA;RUA PADRE AGAMENON COELHO, 202
FORTALEZA;1;809;PAPICU;COLEGIO ESPACO ABERTO - BENTO ALBUQUERQUE;RUA BENTO ALBUQUERQUE 1671
MARACANAÚ;104;208;JEREISSATI I;EMEIEF SENADOR CARLOS JEREISSATI;AVENIDA 1, S/N
FORTALEZA;118;626;PARQUE DOIS IRMÃOS;EM DOUTOR ABDENAGO DA ROCHA LIMA;RUA 114, 75 (CJ TUPAN MIRIM)
EUSÉBIO;88;206;JABUTI;EEM PROF. FRANCISCA LINHARES DE SOUSA;R. EDUARDO SÁ, S/N
FORTALEZA;3;246;CENTRO;COLÉGIO ARI DE SÁ - PRÉ-VESTIBULAR - SEDE DUQUE DE CAXIAS;AV. DUQUE DE CAXIAS, 519
PORTEIRAS;70;287;SIMAO-SEDE;E E I F JOSÉ ARISTARCO CARDOSO;VILA SIMAO
AURORA;69;35;INGAZEIRAS-DISTRITO;ESCOLA DE ENSINO FUNDAMENTAL ANTONIO TELES DE PONTES;RUA DO COMERCIO
FARIAS BRITO;62;253;SEDE;EEI JOANA ALVES BEZERRA;RUA ARACI FREITAS FRANCELINO, S/N
PEDRA BRANCA;59;52;SANTA CRUZ DO BANABUIU;EEFTI SIMPLICIO RODRIGUES DE OLIVEIRA;RUA PROFESSORA LILI, 85, SANTA CRUZ
VIÇOSA DO CEARÁ;35;144;ZONA RURAL;CASA DA MULHER VIÇOSENSE;SITIO BREJO GRANDE
CASCAVEL;7;156;GUANACES;CAPELA SAO JOSE - SALGADINHO;SITIO SALGADINHO
FORTALEZA;1;916;VARJOTA;FACULDADE FARIAS BRITO - CASTRO MONTE;RUA CASTRO MONTE 1364
MARACANAÚ;122;177;SANTO ANTONIO;EMIEB DO POVO PITAGUARI (COMUNIDADE INDÍGENA);RUA JOSE HENRIQUE DA SILVA 9997 SANTO ANTONIO DO PITAGUARY
SÃO GONÇALO DO AMARANTE;36;242;LIBERDADE;ESCOLA DE ENSINO FUNDAMENTAL MARIA DO SOCORRO GOUVEIA;RUA FRANCISCO DUARTE - LIBERDADE
ITAIÇABA;75;13;CENTRO;E.E.F.M. JOAO BARBOSA LIMA;RUA CEL JOAO BATISTA 397
IRACEMA;86;97;CENTRO;E.E.F.M. ENEAS OLIMPIO DA SILVA;RUA CAP MANOEL RUFINO DE NEGREIROS, 35
IGUATU;13;341;VILA BRASILIA;LICEU DE IGUATU DR JOSE GONDIM;RUA 25 DE MARCO S/N
CAUCAIA;123;335;PARQUE GUADALAJARA (JUREMA);E.E.I.E.F. 7 DE SETEMBRO;AV. DOM ALMEIDA LUSTOSA, 2322
FORTALEZA;118;121;PASSARÉ;COLÉGIO LIRA COUTINHO;RUA BELOS PORTOS, 453
MISSÃO VELHA;16;90;ZONA RURAL;EEF LEAO SAMPAIO;SITIO ARRAIAL DO MEIO
MOMBAÇA;46;88;MORADA NOVA;ESCOLA DE ENSINO FUNDAMENTAL MARIA AMBROSINA CAVALCANTE;MORADA NOVA
CEDRO;13;506;ASSUNÇÃO;ESCOLA DE ENS FUND TEREZA DUTRA;RUA VICENCIA DUTRA S/N
ORÓS;15;289;IGAROI - DISTRITO;E.E.F. OTILIO RUFINO DE LIMA;RUA NOSSA SRA DAS GRAÇAS, 200
FORTALEZA;1;908;VICENTE PINZON;ESCOLA MUNICIPAL PROF BELARMINA CAMPOS;RUA MANOEL RODRIGUES MONTEIRO, 840
HORIZONTE;78;77;CENTRO;EMEF PROFESSORA RAIMUNDA DUARTE TEIXEIRA ;AV EUDES XIMENES, 83 - CENTRO 
PACATUBA;57;100;CONJUNTO JEREISSATI II;ESCOLA DE 1 GRAU DEPUTADO FAUSTO ARRUDA AGUIAR;AV. 26 S/N
FORTALEZA;3;394;ALDEOTA;RECEITA FEDERAL (SUPER. REG. DE ADM. NO ESTADO DO CEARÁ);RUA BARÃO DE ARACATI, 909
HORIZONTE;78;223;CENTRO;EEMTI MARIA DOLORES ALCÂNTARA E SILVA;AV. JUVENAL DE CASTRO, 645
FORTALEZA;2;828;LAGOA REDONDA;ESCOLA MUNICIPAL ISABEL FERREIRA;RUA ISABEL FERREIRA, 1000 - CONJ. CURIÓ
IBIAPINA;73;6;DISTRITO DE BETÂNIA;ESCOLA MARIA MATIAS;DISTRITO DE BETÂNIA
QUIXERAMOBIM;11;40;MANITUBA;ESCOLA ALFREDO ALMEIDA MACHADO- MANITUBA;VILA DE MANITUBA
CRATEÚS;20;112;CENTRO;SINDICATO DOS TRABALHADORES RURAIS DE CRATEUS;RUA CEL LUCIO 715
GUAIÚBA;57;349;ITACIMA;CENTRO EDUCACAO INFANTIL DEODORO VALENTIM MAIA;RUA GUILHERME PEREIRA SOUSA, S/N
CAMPOS SALES;38;41;DIST. DE BARÃO DE AQUIRAZ;E.E.F.T.I - PRESIDENTE CASTELO BRANCO - DIST. DE BARÃO DE AQUIRAZ;RUA JUSTINO ROCHA, S/N
CRATEÚS;20;35;CENTRO;CENTRO INTEGRADO DE EDUCAÇÃO DE CRATEÚS - CIEC;RUA FIRMINO ROSA, 837
FORTALEZA;113;119;CENTRO;EEFM FREI LAURO SCHWARTE;RUA ANTÔNIO POMPEU, 2005
BELA CRUZ;96;199;ARATICUNS-LOCALIDADE;UBASF PSF ARATICUNS;LOCALIDADE ARATICUNS
AMONTADA;89;303;ARACATIARA;EEBTI MARIA JOSE DO NASCIMENTO;TIMBAÚBA
SANTA QUITÉRIA;54;44;CENTRO;ESCOLA DE ENSINO FUNDAMENTAL FRANCISCA GERACINA LÔBO MESQUITA;RUA TABELIÃO FRANCISCO DE PAULA LÔBO, SN.
MARANGUAPE;4;653;SERRA DO LAGEDO - ANTÔNIO MARQUES;EMEIEF IMACULADA CONCEIÇÃO;VILA ANTÔNIO MARQUES, 16
VIÇOSA DO CEARÁ;35;200;CENTRO;E.E.F JOÃO FIRMINO DE SOUSA;BAIRRO SÃO JOSÉ
MARACANAÚ;122;246;CÁGADO;EMEIEF NARCISO PESSOA DE ARAÚJO;AV. PADRE JOSE HOLANDA DO VALE S/N
IGUATU;13;398;COHABS;ESCOLA DE ENS FUND PADRE JANUARIO CAMPOS (MUNICIPAL);ESTRADA DO BAU COHAB III
HORIZONTE;78;89;CENTRO;EEM RAIMUNDO NOGUEIRA;RUA RAIMUNDO NOGUEIRA, 103
FORTALEZA;114;277;JARDIM IRACEMA;EEMTI PROFESSORA BALBINA JUCA ALBUQUERQUE;AVENIDA MAJOR ASSIS 346
ITAITINGA;78;358;GERERAÚ;EEMTI RAUL TAVARES CAVALCANTE;AV. PAULINO ROCHA, 3238
ASSARÉ;18;150;ZONA RURAL;UNIDADE BASICA DE SAÚDE JOAQUIM CELESTINO BRASIL;SITIO VARJOTA
CAMPOS SALES;38;103;DIST. DE BARÃO DE AQUIRAZ;E.E.F.T.I - PRESIDENTE CASTELO BRANCO - DIST. DE BARÃO DE AQUIRAZ;RUA JUSTINO ROCHA, S/N
CHOROZINHO;49;45;VILA REQUEIJAO;COLEGIO GUIBSON MARINHO DOS SANTOS;AV SABINO MOREIRA SN
ACARAÚ;30;351;ZONA RURAL;ESCOLA PEDRO GUILHERME DA SILVA;CAPÃO
ITAPAJÉ;41;116;SANTA RITA-SEDE;E.E.M.T.I PROFª ESTEFÂNIA MATOS;RUA BENTO ÁVILA DE SOUSA, 101
ITAITINGA;78;262;PARQUE DOM PEDRO;EEF MANOEL FERREIRA GOMES;RUA D, 636
ITAITINGA;78;336;GERERAÚ;EEMTI RAUL TAVARES CAVALCANTE;AV. PAULINO ROCHA, 3238
REDENÇÃO;52;186;DISTRITO DE BARRA NOVA (ANTIGO SÃO GERARDO);ESCOLA LUIS DIAS DAMASCENO;BARRA NOVA
ITAPAJÉ;41;55;SANTA RITA-SEDE;E.E.M.T.I PROFª ESTEFÂNIA MATOS;RUA BENTO ÁVILA DE SOUSA, 101
CRATO;27;35;CENTRO;COLÉGIO SANTA TERESA DE JESUS;RUA DOM QUINTINO, 863
MOMBAÇA;46;5;CENTRO;EEF PE. PEDRO LEÃO;RUA FRANCISCO DE ASSIS BARROSO FEIJÓ
FORTALEZA;3;292;CENTRO;COLÉGIO ESTADUAL JUSTINIANO DE SERPA;AV. SANTOS DUMONT, 56
ABAIARA;26;141;SÍTIO CAMPESTRE;CRECHE SONHO ENCANTADO DE DEUS;SÍTIO CAMPESTRE
JAGUARETAMA;72;89;SITIO SERROTE BRANCO;E.M.E.F JOSE TEIXEIRA NERES;SITIO SERROTE BRANCO
MISSÃO VELHA;16;51;SEDE;SOCIEDADE PESTALOZZI DE MISSAO VELHA (ESPECIAL);RUA PADRE CICERO, 1292, CENTRO.
MARACANAÚ;122;254;JAÇANAÚ;EMEF JOAQUIM AGUIAR;RODOVIA 065 KM 09 9821
PEREIRO;10;151;SITIO LAGOA NOVA;E.E.F. JOÃO NOGUEIRA DE SOUSA;SÍTIO LAGOA NOVA - ZONA RURAL
CAMPOS SALES;38;82;ZONA RURAL;E.E.I.F ANTONIO RIBEIRO DE CARVALHO - SITIO CALDEIRÃO - CAMPOS SALES;SÍTIO CALDEIRÃO
REDENÇÃO;52;1;CENTRO (SEDE);CÂMARA MUNICIPAL DE REDENÇÃO (ESPECIAL);RUA MARECHAL DEODORO, N. 5
ALCÂNTARAS;24;683;SÍTIO SANTA BÁRBARA;EEFI MARIA DOS SANTOS MOREIRA;SÍTIO SANTA BÁRBARA
MOMBAÇA;46;4;CENTRO;EEF PE. PEDRO LEÃO;RUA FRANCISCO DE ASSIS BARROSO FEIJÓ
ASSARÉ;18;122;ZONA RURAL;GRUPO ESCOLAR ANTONIO FRANCELINO DE SOUSA;CAJAZEIRAS DO SIMIAO SN
ANTONINA DO NORTE;18;86;POPULARES;ESCOLA FUNDAMENTAL ANTONIO MOTA;RUA SANTO ANTONIO S/N
FORTALEZA;118;139;ITAPERI;EM ZAIRA MONTEIRO GONDIM;RUA PEDRO AGUIAR, 315
CROATÁ;74;107;DISTRITO;ESCOLA MUNICIPAL DE SAO ROQUE;SAO ROQUE
CANINDÉ;33;319;SALITRE DISTRITO;EMEF CIRILO BARROSO SAMPAIO;VALE DA CONCEIÇÃO
CEDRO;13;421;CENTRO;COLEGIO ESTADUAL CELSO ARAUJO;RUA ZE PAJE, 241
PACOTI;5;216;MACAPÁ;CRECHE ESPACO INFANTIL (MACAPA);SITIO MACAPA
JARDIM;119;335;CORRENTE;ESCOLA LUIZ LEITE BRINGEL;POVOADO DE CORRENTE  SN
SÃO BENEDITO;22;255;CENTRO-SEDE;NAEC - NÚCLEO DE ARTE, EDUCAÇÃO E CULTURA - PROFESSOR OSCAR COSTA DE S;RUA CAPITÃO MIRANDA S/N CENTRO
SOBRAL;24;674;RAFAEL ARRUDA;EEM AGOSTINHO NERES PORTELA;RUA MARIA ARAÚJO DAMASCENO, S/N
UBAJARA;73;159;DISTRITO NOVA VENEZA;ESCOLA MAROCA PERDIGAO;DISTRITO NOVA VENEZA
VARJOTA;65;207;CENTRO;SECRETARIA DE EDUCAÇÃO DE VARJOTA;RUA CLÓVIS XIMENES, S/N
PINDORETAMA;7;178;SEDE;EMEB PROFESSORA VERÔNICA PEREIRA DE ARAÚJO;RODOVIA CE-040, S/N, PINDORETAMA
MORADA NOVA;47;127;BOA AGUA;EEB MARIA RABELO MARTINS;RUA JULIO MARTINS DA COSTA, 24 - BOA ÁGUA
CAPISTRANO;105;186;SEDE;CENTRO DE EDUCAÇÃO INFANTIL PROF. CLAUDIA MATOS MACIEL;VIDELINA
CARNAUBAL;22;149;SEDE;ESCOLA COSME RODRIGUES DE SOUSA;RUA PRESIDENTE MEDICE SN
CHORÓ;6;295;MARAVILHA;EEIF FRANCISCO SEGUNDO;BOA VISTA, S/N, MARAVILHA
BELA CRUZ;96;73;BELEM-LOCALIDADE;EEIEF JOSE ANTONIO DE MORAIS;BELEM
CAUCAIA;37;531;TABAPUÁ;E.E.F.M. JOSÉ MARIA PONTES DA ROCHA;RUA 08, S/N - TABAPUÁ
VÁRZEA ALEGRE;62;282;ZEZINHO COSTA;ESCOLA ESPECIALIZADA ELIZA GOMES CORREIA - APAE;RUA JOAO ALVES DE MENEZES 390
ARACATI;8;55;MORRINHOS;E.E.F. JOSE BEZERRA FILHO;MORRINHOS
FORTALEZA;3;261;CENTRO;COLÉGIO ESTADUAL JUSTINIANO DE SERPA;AV. SANTOS DUMONT, 56
CRATEÚS;20;216;TUCUNS;ESCOLA DE CIDADANIA MARIA DA CONCEICAO;SALGADO
CRATEÚS;20;122;CENTRO;CCI-CENTRO CEARENSE DE IDIOMAS;RUA SANTOS DUMONT, 237
INDEPENDÊNCIA;39;220;EMATUBA;E.E.F. MANOEL FERREIRA DE MELO;DISTRITO EMATUBA
CASCAVEL;7;269;JACARECOARA;ESC.ENS.FUND. JOÃO BRAGA DE SANTANA;CHORO PEDRINHAS
MARANGUAPE;4;654;JARDIM - PENEDO;EMEI JOSÉ PAULO;JARDIM - PENEDO
ALCÂNTARAS;24;10;SAO JOSE;EEM FRANCISCO DE ALMEIDA MONTE;RUA FRANCISCO CUNHA S/N
CEDRO;13;443;CENTRO;ESCOLA DE ENS FUND SAO JOAO BATISTA;RUA SENADOR JOAO TOME N 70
PEDRA BRANCA;59;166;SEDE;EEIF JOSEFA MARIA DA PAIXÃO;SITIO TRAPIA
LIMOEIRO DO NORTE;29;285;JOÃO XXIII;EEF EVALDO HOLANDA MAIA;RUA PADRE VICENTE S/N
ICAPUÍ;8;311;GRAVIER;ASSOCIAÇÃO DOS MORADORES DE GRAVIER - AMGRA;COMUNIDADE DE GRAVIER, S/N.
ICÓ;15;165;GALINHA - SITIO;ESCOLA MUNICIPAL SENHORA SANTANA;SITIO GALINHA S/N
CEDRO;13;559;CANDEIAS;ESCOLA DE ENS FUND FRANCISCO CHAGAS DE LIMA;SITIO FAZENDA NOVA
FORTALEZA;114;327;BARRA DO CEARÁ;EEEP PAULO PETROLA;RUA SAUDÁRIA, S/N - GOIABEIRAS
CRATO;27;140;SANTA FÉ;EEIEF PAULO LIMAVERDE;ROD. VICENTE TELES, SN. DISTRITO DE SANTA FÉ - SEDE.
RERIUTABA;79;101;ANGICOS;E.E.I.F. CLODOALDO RODRIGUES DA CUNHA;FAZENDA ANGICOS - ZONA RURAL
ORÓS;15;246;CENTRO;PÓLO UAB PADRE DJALVO BEZERRA DE ALENCAR;TRAVESSA DR. ROSEVALDO, SN
SÃO GONÇALO DO AMARANTE;36;330;PECEM-DISTRITO;ESCOLA DE ENSINO FUNDAMENTAL EUCLIDES PEREIRA GOMES;TRAVESSA MARCIONILIA SAMPAIO S/N
AQUIRAZ;66;355;CENTRO;CRAS - CENTRO;TV. SÃO JOÃO, 248
QUIXERAMOBIM;11;147;NENELANDIA;ESCOLA MANOEL LUIS DA SILVA CO;COSMOS PAES
MILAGRES;26;112;SITIO TABOCAS;ESCOLA JOAO EVANGELISTA DANTAS;SITIO TABOCAS
URUOCA;25;247;PARACUA;E.E.F. CEL DOMINGOS ALVES PEREIRA;R. JOÃO CARAPINA, 44
PARAMBU;19;337;POSTO CEARÁ;ESCOLA FRANCISCA EVILEIDE DE SOUSA (ANTIGA ESCOLA PEDRO ALVES FEITOSA);POSTO CEARÁ
FORTALEZA;3;235;CENTRO;FAC. ESTÁCIO - UNIDADE CENTRO (ANTIGO COLÉGIO CEARENSE);AV. DUQUE DE CAXIAS, 101
SÃO LUÍS DO CURU;23;302;CENTRO-SEDE;E.E.F. DOMINGOS ANSELMO;PRACA ALONSO HERCULANO SN
VARJOTA;65;196;CROATÁ DOS MARTINS;E.E.I. ROSA PAIVA NOBRE;AV. GONÇALO EVARISTO,  N 02
ARACATI;8;119;AROEIRAS;SALÃO COMUNITÁRIO DE AROEIRAS;AROEIRAS
CHOROZINHO;49;407;CENTRO;CENTRO DE REFERÊNCIA E ASSISTÊNCIA SOCIAL - CRAS;RUA LUIZ FELIX PEREIRA SN
JUAZEIRO DO NORTE;28;495;AREA RURAL DE JUAZEIRO DO NORTE;EMEIF MARIA BERNARDINO MACHADO;SITIO ESPINHO
MILAGRES;26;86;SITIO OLHO D'AGUA DOS CAVALOS;ESCOLA ANTONIA MARIA DA CONCEICAO;SITIO OLHO DAGUA DOS CAVALOS
VÁRZEA ALEGRE;62;16;CENTRO;EEM JOSÉ CORREIA LIMA;AV. LUIS AFONSO DINIZ, 213
FORTIM;8;322;TAPUIO;EEF. JULIA DE OLIVEIRA;TAPUIO
CRATO;27;361;PONTA DA SERRA;EEIEF VITURINO DA COSTA VILAR;RUA VITORINO DA COSTA VILAR, SN. SÍTIO MALHADA
MARANGUAPE;4;465;CENTRO - MARANGUAPE;COLÉGIO SEBASTIÃO DE ABREU;RUA ROBERTO BRAQUEHAIS, 656
PARAMBU;19;424;SEDE;ESCOLA MANOEL DE SOUSA FEITOSA (ANT. ESC. JOÃO ALVES DE ARAÚJO);CRUZETINHA MALHADA
FORTALEZA;115;352;PARANGABA;EEEP JOAQUIM MOREIRA DE SOUSA;RUA CAIO PRADO 02
QUIXADÁ;6;224;CIPÓ DOS ANJOS;EEF FRANCISCO TOMAZ NASCIMENTO;VERTENTES, S/N
IPUEIRAS;40;207;MIRADOR;EEF CESARIO DE SOUSA MEDEIROS - MIRADOR;MIRADOR
JUAZEIRO DO NORTE;28;360;PIO XII;EEF JOSÉ MARROCOS;AV. JOSÉ BEZERRA, SN
AMONTADA;89;282;SÃO SEBASTIÃO;EEBTI SGTO FRANCISCO DE CASTRO;AV SGTO FRANCISCO DE CASTRO
APUIARÉS;50;3;CONJUNTO FRANCISCO BERNARDO;EEF MATILDE BARBOSA GOIS;RUA JOSÉ NOJOSA FREITAS, 100
MOMBAÇA;46;44;CARNAUBA;ESCOLA DE ENSINO FUNDAMENTAL PEDRO AIRES DE CARVALHO;DISTRITO DE CARNAÚBA
UBAJARA;73;91;MONTE CASTELO;IFCE - INSTITUTO FEDERAL DE EDUCAÇÃO, CIÊNCIA E TECNOLOGIA DO CEARÁ;RUA LUIZ CUNHA, 178
CARIÚS;43;212;SITIO CANASTRAS;EEIF PEDRO ALEXANDRE DE MORAIS (ANTIGA ESCOLA SAO JOSE);SITIO CANASTRAS
BEBERIBE;84;115;FORQUILHA;ESCOLA MUNICIPAL SAO JOSE;BAIXA DOS LUCAS
ITAITINGA;78;362;CARAPIÓ;EEF MANOEL NOVAIS DE OLIVEIRA;RODOVIA EDSON QUEIROZ, 3205
PACAJUS;49;59;CAVALARIA;EEF MARIA DO CARMO DE SOUSA LOPES (GRUPO ESCOLAR);CAVALARIA
IRACEMA;86;128;DA PAZ;EEF ALBATIZA TAVARES DE OLIVEIRA GUERRA;RUA JOÃO TAVARES MAGALHÃES
NOVO ORIENTE;99;6;CENTRO;EEF FRANCISCO RUFINO VIEIRA;RUA CAPITAO RODRIGO S/N
ITAPIPOCA;17;597;BALEIA;EEB JOSÉ MARIA DA SILVEIRA;PRAIA DA BALEIA
ITAITINGA;78;396;GERERAÚ;CEI - MARIA TAVARES CAVALCANTE;RUA CÂNDIDO MEIRELES, N. 1.098
NOVA RUSSAS;48;191;PIÇARREIRA;ESCOLA MUNICIPAL SÃO JOSÉ  (PIÇARREIRA);LOCALIDADE DE PIÇARREIRA,
MARCO;96;206;BAIRRO ALEMAES;CEI MANOEL CLÓVIS RIOS;RUA PRES. ERNESTO GEISEL, 209
FORTALEZA;1;731;CAIS DO PORTO;ESCOLA MUNICIPAL PROF. GODOFREDO DE CASTRO FILHO;AVENIDA JOSÉ SABÓIA  905
PEDRA BRANCA;59;109;CAPITÃO MOR;ESCOLA DE ENSINO FUNDAMENTAL NOSSA SRA DO CARMO;SITIO LAGOA DOS CRISTOVAO
FORTALEZA;115;267;PARANGABA;FACULDADE UNINASSAU - PARANGABA;RUA GERMANO FRANCK, 567
EUSÉBIO;88;188;PARQUE HAWAÍ;CENTRO DA 1ª INFÂNCIA (POLO EDUARDO SÁ - ABC);RUA PIONEIRO S/N
ARACATI;8;317;PEDREGAL;E.E.F. PROF ANTONIO MONTEIRO;NUCLEO HABITACIONAL
CAUCAIA;120;431;MINGUAU;E.E.I.E.F. ERNESTINA NUNES DE MIRANDA;BR 020 KM 396, S/N - MINGUAÚ I
CAUCAIA;123;348;MARECHAL RONDON (JUREMA);E.E.I.E.F. ECONOMISTA RUBENS VAZ DA COSTA;AVENIDA NOVO HORIZONTE, S/N
CAUCAIA;123;284;NOVA METRÓPOLE (JUREMA);E.E.F.M. ELIEZER DE FREITAS GUIMARÃES;RUA 145, S/N - NOVA METRÓPOLE
FORTALEZA;115;485;JARDIM CEARENSE;EM JOÃO ESTANISLAU FAÇANHA;RUA ONZE, S/N - CONJUNTO CAMPO DOS INGLESES
FORTALEZA;114;113;PRESIDENTE KENNEDY;EM SÃO JOSÉ;AVENIDA DOUTOR THEBERGE 2288
VIÇOSA DO CEARÁ;35;137;SITIO BURITI GRANDE;CEI BRÁS BATISTA DA CUNHA;SITIO BURITI GRANDE
MARACANAÚ;104;250;PAJUÇARA;EMEF MARIA PEREIRA DA SILVA;RUA JUSTINO DE SOUSA, 842
FORTALEZA;115;63;PARANGABA;EM PROF. JOSE VALDIVINO DE CARVALHO;RUA GUARA, S/N
FORTALEZA;118;269;SERRINHA;COLÉGIO MARIA ESTER I;RUA ANTONIO TEIXEIRA LEITE, 248
FORTALEZA;118;638;PASSARÉ;EM FRANCISCO ANDRADE TEOFILO GIRAO;RUA UNIDOS VENCEREMOS, 2040
ACOPIARA;60;89;BARRA DO INGA;EEF PE CRISARES SAMPAIO COUTO;SITIO BARRA DO INGA
CRATO;27;248;SÃO JOSÉ;EEIEF SINOBILINA PEIXOTO;RUA JOAQUIM PINHEIRO FILHO S/N. CONJUNTO PADRE CÍCERO
ACOPIARA;60;194;DISTRITO DE SAO PAULO;EEF LUZIA DA SILVA LEAL;SITIO LAGOA DOS LEAL
HORIZONTE;78;372;ZUMBI;CEI - MARIA ELIZIETE MARTINS CARNEIRO;RUA MANOEL FELICIANO DE SOUSA, 440
ITAITINGA;78;326;BARROCÃO;EEF JARDIM DE FÁTIMA;RUA ELIATAR DIÓGENES, S/N
QUIXERÉ;29;259;LAGOINHA;EEB MARIA ANGELINA DA CONCEIÇÃO (CRECHE);VILA NOVA
CANINDÉ;33;405;ZONA RURAL;EMEF FRANCISCO JOSE;RUA FRANCISCO JOSE, S/N CAIÇARA
MORADA NOVA;47;120;ROLDAO;EEB JOAQUIM CHAGAS FILHO;TRAV. LUIS VIEIRA, S/N
MORADA NOVA;47;107;JUAZEIRO;EEB CANDIDO JOSE RABELO;JUAZEIRO DE BAIXO
FORTALEZA;93;79;PREFEITO JOSÉ WALTER;EM RACHEL DE QUEIROZ;AVENIDA C, S/N - II ETAPA
MARACANAÚ;104;94;JEREISSATI I;EEMTI PROFESSOR ANTÔNIO MARTINS FILHO;AVENIDA III, S/N
PACATUBA;57;290;VILA DAS FLORES;EEIEF MANOEL ROSENDO FREIRE;RUA 17, 11
CAUCAIA;37;600;CAPUAN;ESCOLAS DIFERENCIADAS DE E.F.M - TAPEBA DO TRILHO(COMUNIDADE INDIGENA);RUA DO TRILHO, 4001
BARRO;92;18;TRAJANO NOGUEIRA-SEDE;ESCOLA MUNICIPAL DE ENSINO FUNDAMENTAL GILBERTO LEITE DE AQUINO;RUA TRAJANO NOGUEIRA SN
FORTALEZA;113;335;FARIAS BRITO;ESCOLA ESTADUAL DE EDUCAÇÃO PROFISSIONAL  PRESIDENTE ROOSEVELT;AV BEZERRA DE MENEZES 435
VÁRZEA ALEGRE;62;27;CENTRO;EEF DR. PEDRO SÁTIRO;RUA PADRE JOSE OTAVIO. SN
OCARA;67;198;SERENO DE CIMA-DISTRITO;ESCOLA MUNICIPAL JOSE PEREIRA DE SOUSA - ENSINO FUNDAMENTAL;ESTRADA DO ALGODAO - PLACA JOSE PEREIRA
CEDRO;13;529;VALE DO MACHADO;ESCOLA DE ENS FUND E MEDIO ANTONIO PINHEIRO TORRES;ST CAIANA
AQUIRAZ;66;329;PORTO DAS DUNAS;EMEF MARIA FACANHA DE SÁ;RUA VIA COLETORA - LITORANEA II  N 2435
FORTALEZA;114;157;BARRA DO CEARÁ;EEFM FERNANDO CAVALCANTE MOTA;RUA DA SALEMA 85
FORTALEZA;93;103;PREFEITO JOSÉ WALTER;ESCOLA MUNICIPAL ARI DE SA CAVALCANTE (JOSÉ WALTER);AV. H, 430 III ETAPA
CAMOCIM;32;31;CENTRO;CONSELHO TUTELAR DE CAMOCIM;RUA D PEDRO II
ARACATI;8;248;TÁBUA LASCADA;ASSOCIAÇÃO DE MORADORES DE TÁBUA LASCADA;RUA PRINCIPAL SN - TÁBUA LASCADA
GUARACIABA DO NORTE;74;14;SEDE;ESCOLA MUNICIPAL D PEDRO I;RUA 12 DE MAIO - CENTRO
AQUIRAZ;66;156;PAU POMBO;EMEF JOSE CAMARA DE ALMEIDA;AV CLOVIS HOLANDA DE FREITAS, S/N
ALCÂNTARAS;24;422;BELA VISTA;CRAS - CENTRO DE REFERENCIA DA ASSISTENCIA SOCIAL;PRACA GREGORIO CUNHA S/N
CARIRÉ;65;25;ZONA RURAL;ESCOLA EIEF MONS. ANTONIO CANDIDO DE MELO;ALTO FELIZ
CANINDÉ;33;57;ZONA RURAL;EMEF DR CORDOLINO BARBOSA CORDEIRO;RUA ROMEU MESQUITA, S/N  ESPERANÇA
QUIXERÉ;29;243;LAGOINHA;EEIF ZACARIAS FERREIRA DE SOUSA;RUA JOAO ZACARIAS DE BRITO SN
HORIZONTE;78;345;CENTRO;CVT;RUA FRANCISCO TAVARES DE OLIVEIRA, 190
PACAJUS;49;290;MANGABEIRA;EEF JOAQUIM AMÂNCIO BEZERRA;AV. DUCA PEDRO, S/N
FORTALEZA;118;557;MONDUBIM;EM PROFESSOR JACINTO BOTELHO;RUA DR. RODRIGO CODES SANDOVAL, 374
HIDROLÂNDIA;54;20;DISTRITO DE IRAJÁ;E.M.E.F. CERU DR. AQUILES PERES MOTA;RUA JOÃO BATISTA VIANA S/N.
HORIZONTE;78;178;CENTRO;CENTRO CULTURAL;RUA BATURITE, 776 ESQ C/RAIMUNDO ALVES DA SILVA
REDENÇÃO;52;72;DISTRITO DE GUASSI;ESCOLA JOAQUIM SIMÃO DE OLIVEIRA;RUA JOAQUIM SIMÃO, N. 1112
ERERÉ;10;117;CENTRO;E.E.F.M. SENADOR FERNANDES TAVORA ( ESPECIAL );RUA CAPITAO FRANCISCO RODRIGUES, 574
MORADA NOVA;47;155;PEDRAS;EEB RAIMUNDO VIEIRA DE MELO;SÍTIO POÇÃO
SOBRAL;121;69;ARACATIAÇU;EEMTI ISRAEL LEOCADIO DE VASCONCELOS;PRACA DA VARZEA, 479 - ARACATIAÇU
CRATO;27;105;CENTRO;COLÉGIO ÁGAPE ESTUDOS;RUA RATISBONA, 295
FORTALEZA;112;503;EDSON QUEIROZ;EM PROF FRANCISCO MAURICIO MATOS DOURADO;RUA  DES FLORIANO BENEVIDES MAGALHÃES, 391
MORRINHOS;44;196;DISTRITO DE SITIO ALEGRE;EMEF JONAS ROBERTO MAGALHÃES;SITIO ALEGRE
SOBRAL;121;91;SINHÁ SABÓIA;CEI JACYRA PIMENTEL GOMES;RUA RIO NEGRO SN
ITAITINGA;78;330;BARROCÃO;EEF JARDIM DE FÁTIMA;RUA ELIATAR DIÓGENES, S/N
AQUIRAZ;66;19;PATACAS;EMEF CLARENCIO CRISOSTOMO FREITAS;RODOVIA CE 040 SN ( SITIO  MEU CANTINHO)
TAMBORIL;61;41;ZONA RURAL;EMEIF JOAQUIM RIBEIRO DOS SANTOS;COMUNIDADE QUILOMBOLA ENCANTADOS DO BOM JARDIM
FORTALEZA;1;505;COCÓ;UNINTA - FACULDADE UNINTA FORTALEZA;RUA VILEBALDO AGUIAR,133
MARCO;96;97;BAIRRO CORACAO DE JESUS;EEF SAGRADO CORACAO DE JESUS;RUA PARSIFAL BARROSO
CARIRIAÇU;71;12;CONJUNTO SANTO ANTONIO;EEF RAIMUNDO BEZERRA LIMA;RUA CLEMENTE FERREIRA BORGES S/N
SOLONÓPOLE;55;6;CENTRO;EEM FENELON RODRIGUES PINHEIRO;AV PREF. JOSE SIFREDO PINHEIRO, 212
MARANGUAPE;4;62;CENTRO - MARANGUAPE;CASA DE CULTURA CAPISTRANO DE ABREU (FITEC);RUA MAJOR AGOSTINHO, 306
MARANGUAPE;4;93;JARDIM - PENEDO;EMEI MARIA COSMO BRAGA;JARDIM PENEDO
SOBRAL;24;315;DOM JOSÉ;EEFI ANTENOR NASPOLINI;RUA PREFEITO JERONIMO PRADO, S/N
FARIAS BRITO;62;226;CARÁS;EEF ISAAC DE ALCANTARA COSTA;SÍTIO CARÁS
FORTALEZA;114;252;PRESIDENTE KENNEDY;CENTRO DE REFERÊNCIA DE ASSISTÊNCIA SOCIAL DO PRES. KENNEDY - CRAS;QUADRA F S/N CONJUNTO CASTELO BRANCO
FORTALEZA;114;273;JARDIM IRACEMA;EEMTI PROFESSORA BALBINA JUCA ALBUQUERQUE;AVENIDA MAJOR ASSIS 346
CEDRO;13;520;PLANALTO DOS CADEIRA(CEDRO 1);CENTRO DE EDUCAÇÃO INFANTIL MARIA MARILENE ALVES DINIZ;PLANALTO DOS CADEIRAS
CRATO;27;50;SÃO MIGUEL;EEEP MARIA VIOLETA ARRAES DE ALENCAR GERVAISEAU;AVENIDA TEODORICO TELES, SN
ITAREMA;98;186;CENTRO;LICEU DE ITAREMA - EEM VALDO VASCONCELOS RIOS;RUA DAS INDUSTRIAS S/N - CENTRO
CRATEÚS;20;163;POTI;ESCOLA DE CIDADANIA BENEDITO JOSE DOS SANTOS;IPOJUCA
FORTALEZA;2;405;LAGOA REDONDA;EM PROFª FERNANDA MARIA DE ALENCAR COLARES;AV PROF. ARTHUR DE CARVALHO, 1540
FORTALEZA;114;141;JARDIM IRACEMA;EM JOSÉ DE ALENCAR;RUA ALBERTO FERREIRA 248
FORTALEZA;1;636;CAIS DO PORTO;EEFM - HELENITA MOTA;RUA AMANCIO FILOMENO,720
FORTALEZA;3;30;CENTRO;SESC FORTALEZA;RUA CLARINDO DE QUEIROZ, 1740
FORTALEZA;2;742;MESSEJANA;EM PROF CLODOMIR TEOFILO GIRAO;TRAVESSA RUTILO, 108
FORTALEZA;1;653;CAIS DO PORTO;ESCOLA DE GASTRONOMIA SOCIAL IVENS DIAS BRANCO;RUA MANUEL DIAS BRANCO,80
FORTALEZA;114;104;PRESIDENTE KENNEDY;COLÉGIO SANTA ISABEL;AVENIDA BEZERRA DE MENEZES 2840
FORTALEZA;114;311;JARDIM IRACEMA;EM JESUS CRISTO;RUA ALBERTO FERREIRA, 564
CRATO;27;118;BELMONTE;EEIEF ADÉRSON DA FRANCA ALENCAR;RUA CARLINA PINHEIRO S/N
CRATO;27;247;ÁREA RURAL DE CRATO;ASSOCIAÇÃO DOS PEQUENOS PRODUTORES RURAIS DO SÍTIO MINGUIRIBA;SERRA DA MINGUIRIBA
IBICUITINGA;47;226;CANINDEZINHO;EEB MANOEL ANTONIO DE FREITAS;CANINDEZINHO  - SEDE
FORTALEZA;3;234;CENTRO;FAC. ESTÁCIO - UNIDADE CENTRO (ANTIGO COLÉGIO CEARENSE);AV. DUQUE DE CAXIAS, 101
VIÇOSA DO CEARÁ;35;185;ZONA RURAL;E.E.F PEDRO MANOEL DOS SANTOS;SITIO MATÃO
CRATEÚS;20;104;MONTENEBO;ESCOLA DE CIDADANIA CORAÇÃO DE JESUS;SANTO ANDRE
SOBRAL;24;370;APRAZÍVEL;EEFI ANTONIO CUSTODIO AZEVEDO - APRAZIVEL;APRAZIVEL
CAUCAIA;120;331;CAPUAN;E.E.F. JOSE ALEXANDRE;RUA DA LAGOA, 135
FORTALEZA;114;72;PRESIDENTE KENNEDY;COLÉGIO INACIO COSTA;QUADRA L 303 CONJUNTO CASTELO BRANCO
CASCAVEL;7;103;SEDE;ESCOLINHA ABRAÇO FRATERNO;RUA TABELIAO JOSE MARCOS DE CASTRO S/N
LAVRAS DA MANGABEIRA;14;101;CENTRO - SEDE;EEMTI ALDA FERRER AUGUSTO DUTRA;RUA CORONEL JOAO AUGUSTO 454
FORTALEZA;114;114;PRESIDENTE KENNEDY;EM SÃO JOSÉ;AVENIDA DOUTOR THEBERGE 2288
ITAPIPOCA;17;39;CENTRO;EEFM ANASTACIO ALVES BRAGA;AV DUQUE DE CAXIAS 888
FORTALEZA;115;129;MARAPONGA;COLEGIO PROVECTO;RUA SUIÇA, 76
JUAZEIRO DO NORTE;119;389;ANTONIO VIEIRA;ESCOLA PREFEITO ANTONIO CONSERVA;CONSTRUTOR JOSE SABINO SN
CAMOCIM;32;195;CENTRO;CEJA - JOAO DA SILVA RAMOS;PRACA JOSE SEVERIANO MOREL S/N
CRATEÚS;20;147;SANTANA;ESCOLA DE CIDADANIA JOAO AFONSO DE ALMEIDA VALE;CARRAPATEIRA
ITAREMA;98;189;CENTRO;LICEU DE ITAREMA - EEM VALDO VASCONCELOS RIOS;RUA DAS INDUSTRIAS S/N - CENTRO
ITAPIPOCA;17;367;ÁREA RURAL DE ITAPIPOCA;EEB JULIA RODRIGUES DE MENEZES;GANGORRA
SOBRAL;24;106;DOMINGOS OLÍMPIO;EEFI EMILIO SENDIM;RUA EDUARDO DE ALMEIDA SANFORD, S/N
VIÇOSA DO CEARÁ;35;177;ZONA RURAL;CASA DA MULHER VIÇOSENSE;SITIO BREJO GRANDE
TEJUÇUOCA;41;107;CENTRO-SEDE;ESCOLA MUNICIPAL SAO PEDRO;RUA JOSE BARROSO VALENTE SN
CRATEÚS;20;90;LAGOA DAS PEDRAS;ESCOLA DE CIDADANIA JOSE BRAZ DE PINHO;LAGOA DAS PEDRAS II
IGUATU;13;63;AREIAS I;ESCOLA DE ENS MÉDIO ADAUTO BEZERRA;RUA DEOCLECIO LIMA VERDE SN
FORTALEZA;1;339;CAIS DO PORTO;ESCOLA ESTADUAL MAESTRO ELIAZAR DE CARVALHO;RUA FRANCISCO ALVES PEREIRA  349
ITAPIPOCA;17;15;CENTRO;EEM JOAQUIM MAGALHÃES;RUA PERGENTINA ARAUJO S/N
SOBRAL;24;147;JUNCO;EEFI JOSE DA MATA E SILVA;AV DR JOSE ARIMATEA MONTE E SILVA, 574
FORTALEZA;117;456;CANINDEZINHO;EEFM SÃO FRANCISCO DE ASSIS;RUA SÃO FELIPE, 564
JAGUARETAMA;72;19;CENTRO;CENTRO DE REFERÊNCIA DA ASSISTÊNCIA SOCIAL - CRAS;AV. ADOLFO BEZERRA DE MENEZES, 373
FORTALEZA;1;757;VICENTE PINZON;ESCOLA ESTADUAL MURILO BORGES;RUA DO ENTARDECER 90
FORTALEZA;1;354;MUCURIPE;ESCOLA ESTADUAL DRAGAO DO MAR;RUA UMARI S/N
PORTEIRAS;70;299;SAQUINHO-SEDE;UBS DR. NAPOLEÃO TAVARES NEVES;VILA SAQUINHO
IGUATU;13;251;JOSÉ DE ALENCAR;ESCOLA DE ENS FUND JOSE PEREIRA LOPES;SITIO CAJAS
VIÇOSA DO CEARÁ;35;78;ZONA RURAL;E.E.F JOÃO EUCLIDES DE MORAIS;VILA JUA DOS VIEIRAS SN
VIÇOSA DO CEARÁ;35;133;ZONA RURAL;ESCOLA MUNICIPAL CORONEL JOAO BENICIO;SITIO VARZEA DOS CRENTES
URUOCA;25;231;BOM SUCESSO;CRECHE GERARDO DOURADO DA FONSECA;BOM SUCESSO
FORTALEZA;3;643;MEIRELES;WAYS BILINGUAL SCHOOL - UNIDADE MEIRELES;RUA NUNES VALENTE, 919
SOBRAL;24;500;JAIBARAS;EEFI RAIMUNDO SANTANA;BARRAGEM - JAIBARAS
FORTALEZA;3;224;CENTRO;UNIARI - CENTRO UNIVERSITÁRIO ARI DE SÁ;AV. HERÁCLITO GRAÇA, 826
FORTALEZA;114;259;PRESIDENTE KENNEDY;ESCOLINHA MUNDO INFANTIL;AVENIDA SARGENTO HERMÍNIO SAMPAIO 3787
FORTALEZA;1;893;VARJOTA;FACULDADE FARIAS BRITO - CASTRO MONTE;RUA CASTRO MONTE 1364
CASCAVEL;7;214;MUTIRÃO;ESC.ENS.FUND. LIBIA RIBEIRO;RUA LIBIA RIBEIRO, S/N
ITAPIPOCA;17;523;CRUXATI;EEB PEDRO FRANCISCO DE ASSIS;CURA I
HIDROLÂNDIA;54;199;CENTRO;E.E.F.M. PRISCILA MACIEL DE FRANÇA;RUA PROFESSORA ARGENTINA FAÇANHA, 471
MARACANAÚ;104;370;JEREISSATI II;EEEP GOVERNADOR LUIZ GONZAGA DA FONSECA MOTA;AVENIDA X, S/N
JAGUARETAMA;72;26;CENTRO;ESCOLA MUNICIPAL DE 1º.GRAU MANOEL CARLOTO PINHEIRO;RUA MANOEL CARNEIRO 97
JAGUARIBARA;72;68;SITIO MINEIRO;EMEIEF DEODATO CELSO DIOGENES;KM 270 - BR 116
CAUCAIA;120;97;CONJUNTO METROPOLITANO;E.E.I.E.F. OSMAR DIÓGENES PINHEIRO;RUA EDMUNDO RODRIGUES, 485 - CONJUNTO METROPOLITANO
JUAZEIRO DO NORTE;119;2;LAGOA SECA;UNILEÃO - CAMPUS SAUDE (PRÓXIMO AABB);AVENIDA LEAO SAMPAIO, 400
CASCAVEL;7;271;ALTO LUMINOSO;E.E.E.F.M. PADRE ARIMATEIA DINIZ;RUA FOTOGRAFO JOSE HONORATO, 2911
CAUCAIA;123;496;ARATURI (JUREMA);E.E.F.M. PRESIDENTE JOSÉ SARNEY;AV. CENTRAL OESTE, 262
NOVA RUSSAS;48;86;ALTO DA BOA VISTA;EMTI ALFREDO GOMES;RUA QUINTINO BOCAIUVA 520
CRATO;27;48;SÃO MIGUEL;EEEP MARIA VIOLETA ARRAES DE ALENCAR GERVAISEAU;AVENIDA TEODORICO TELES, SN
CRATEÚS;20;65;POTI;ESCOLA DE CIDADANIA SAO JOSE;POTI
CRATO;27;65;PIMENTA;COLÉGIO PEQUENO PRÍNCIPE;RUA VINTE E UM DE JUNHO, 935
ARACOIABA;67;9;CENTRO-SEDE;CENTRO EDUCACIONAL CORONEL PEDRO GUEDES ALCOFORADO - CNEC;RUA MANOEL GUEDES 47
FARIAS BRITO;62;192;SEDE;EEF MARIA CARMOSINA PINHEIRO RODRIGUES;TRAVESSA ENOCH RODRIGUES, 53
CAUCAIA;120;304;CATUANA;E.E.I.E.F. PLÁCIDO MONTEIRO GONDIM;RUA RAIMUNDO OLIVEIRA, S/N
FORTALEZA;3;225;CENTRO;UNIARI - CENTRO UNIVERSITÁRIO ARI DE SÁ;AV. HERÁCLITO GRAÇA, 826
ITAPIPOCA;17;602;VIOLETE;EEB JOSE LINS DE ALBUQUERQUE;RUA CRISTO REDENTOR
CAUCAIA;123;560;PARQUE POTIRA (JUREMA);E.E.I.E.F. TIRADENTES;RUA VERA CRUZ, 1879
IGUATU;13;93;GADELHA;ESCOLA DE ENS FUND JOÃO ROCHA FIALHO;VILA GADELHA
ITAITINGA;78;321;JABUTI;EEF FRANCISCO SALES FILHO;RUA MARIO SALES, 460
FORTALEZA;3;405;ALDEOTA;EEMTI RENATO BRAGA;AV. RUI BARBOSA, 2000
URUOCA;25;185;CAMPANARIO;E.E.F. NE CONRADO;AV. ALBERTO BATISTA FONTENELE, 21
HORIZONTE;78;139;DIADEMA;EMEF PROF MARIA LUIZA BARBOSA CHAVES;RUA BATURITE SN - PARQUE DIADEMA
FORTALEZA;118;602;MONDUBIM;EM CASIMIRO MONTENEGRO;AV. BERNARDO MANUEL, 11360
CRATO;27;281;MURITI;EEF PROF. JOSÉ DO VALE ARRAES FEITOSA;RUA VICENTE GREGÓRIO MARINHO, SN. N. SRA. DE FÁTIMA. BARRO BRANCO
CAMOCIM;32;253;SAO PEDRO;EEF GENERAL ANTONIO DA SILVA CAMPOS - BAIRRO SAO PEDRO;RUA SIQUEIRA CAMPOS S/N
FORTALEZA;2;120;GUAJERU;EEEP COMENDADOR MIGUEL GURGEL;RUA JOSE BAIMA, S/N
FORTALEZA;2;418;MESSEJANA;EEFM JOSE DE ALENCAR;RUA VENEZA, 84
SOBRAL;24;554;JOSÉ EUCLIDES;CENTRO DE CIÊNCIAS HUMANAS - CCH - UVA;AV. JOHN SANFORD, 1845
FORTALEZA;2;386;MESSEJANA;CLUBE DA CAIXA;AVENIDA FREI CIRILO 4700
EUSÉBIO;88;228;TIMBU;EEIEF AURELIA DA SILVA GADELHA - LARGÃO;RUA FERNANDO SOUSA GADELHA, S/N
LIMOEIRO DO NORTE;29;110;ÁREA RURAL;ESCOLA DE 1 GRAU MONSENHOR OLIVEIRA;SITIO TABULEIRO ALTO
FORTALEZA;115;249;PARANGABA;FACULDADE UNINASSAU - PARANGABA;RUA GERMANO FRANCK, 567
CAUCAIA;123;455;PARQUE GUADALAJARA (JUREMA);COLÉGIO PLENO DO CEARÁ - CPC;RUA PADRE ALFREDO NESI, 363 (ANTIGA RUA CAMPECHE )
IGUATU;13;374;COHABS;ESCOLA DE ENS FUND PADRE JANUARIO CAMPOS (MUNICIPAL);ESTRADA DO BAU COHAB III
FORTALEZA;114;212;FLORESTA;EM FRANCISCO SILVA CAVALCANTE;RUA CONSELHEIRO LAFAYETTE 205
FORTALEZA;3;444;ALDEOTA;INSTITUTO CEARENSE DE EDUCAÇÃO DE SURDOS - ICES;AV. RUI BARBOSA, 1970
FORTALEZA;2;496;MESSEJANA;EEM LICEU DE MESSEJANA;AVENIDA WASHINGTON SOARES 7702
JAGUARETAMA;72;20;CENTRO;ESCOLA MUNICIPAL DE 1º.GRAU MANOEL CARLOTO PINHEIRO;RUA MANOEL CARNEIRO 97
ITAREMA;98;181;ZONA RURAL;EMEF RAIMUNDO PEREIRA DO NASCIMENTO;ORIENTE
GUAIÚBA;57;125;AGUA VERDE;EEBM FRANCISCO BANDEIRA TORRES;RUA OTAVIO MOREIRA, 47
IGUATU;13;301;RIACHO VERMELHO;ESCOLA DE ENS FUND JEREMIAS FELIPE;SITIO MORADA NOVA
ARACOIABA;67;99;IDEAL-DISTRITO;ESCOLA MUNICIPAL JOAQUIM TOME DE SOUSA;LAGOA GRANDE
CROATÁ;74;62;DISTRITO;ESCOLA MUNICIPAL PROFESSORA MARIA DO CARMO MELO (BETANIA);BETANIA
QUIXERÉ;29;221;TOME;POSTO DE SAÚDE DE LAGOA DA CASCA;LAGOA DA CASCA
MARACANAÚ;122;264;MUCUNA;EMEIF JOSÉ NOGUEIRA MOTA;RUA JOSÉ NOGUEIRA MOTA, 1145
SANTANA DO CARIRI;53;87;BREJO GRANDE;EMEIEF OSVALDO DAXO DE ALENCAR;BREJO GRANDE, SN
MISSÃO VELHA;16;120;ZONA RURAL;EEF JOAQUIM MANOEL SAMPAIO;SITIO EXTREMA
BARRO;92;64;CENTRO-SEDE;ESCOLA DE 1 GRAU JUSTINO ALVES FEITOSA;RUA CRISANTINA MONTEIRO S/N
CRATO;27;187;BELA VISTA;EEIEF SÔNIA CALLOU DE SÁ;RUA PADRE CÍCERO S/N
SOBRAL;24;239;JORDÃO;EEM DR JOSE EUCLIDES FERREIRA GOMES JUNIOR - JORDAO;RUA ONOFRE GOMES DE OLIVEIRA
MARACANAÚ;122;111;ALTO ALEGRE I;EMEIEF CESAR CALS DE OLIVEIRA FILHO;RUA LITUANIA S/N
ACOPIARA;60;27;DISTRITO DE ISIDORO;EEF ADONIAS UCHOA DE ALBUQUERQUE;VILA DE ISIDORO
OCARA;67;227;CURUPIRA-DISTRITO;ESCOLA MUNICIPAL RAIMUNDO LOPES BRAVEZA - ENSINO FUNDAMENTAL;SEIS CARNAUBAS
MARANGUAPE;4;634;CENTRO - MARANGUAPE;CEJA MANOEL SEVERO BARBOSA;RUA RAIMUNDO HERBSTER, 230
PIQUET CARNEIRO;12;14;IBICUA;EMEF MESTRE JÚLIO;RUA CORONEL FILEMOM MAGALHÃES, S/N
BATURITÉ;5;106;CENTRO-SEDE;EMEF DOMINGOS SAVIO;AV DOM BOSCO, 393
ALTO SANTO;86;39;CENTRO;ESCOLA DE 1 E 2 GRAUS FRANCISCO NONATO FREIRE;AV EDSON GUERRA 667
FORTALEZA;114;332;BARRA DO CEARÁ;EM AGOSTINHO MOREIRA E SILVA;RUA PERI, 20
QUIXERÉ;29;223;SEDE;CEI MONSENHOR FRANCISCO JOSE DE OLIVEIRA;RUA MESTRE SALES, 153
QUIXERÉ;29;236;TOME;EEB PROFESSORA IRENE NONATO DA SILVA;TOMÉ
ITAITINGA;78;283;JABUTI;EEF HENRIQUE GONÇALVES DA JUSTA;RUA SEBASTIÃO CAJUEIRO, 797
JUCÁS;43;140;CRUZ - SÍTIO - CANAFÍSTULA;SALAO COMUNITARIO DA CRUZ;SÍTIO CRUZ
QUIXERAMOBIM;11;283;MANITUBA;ESCOLA AFONSO DE CASTRO MACHADO;VARZEA DO MEIO
IRAUÇUBA;41;148;CENTRO-SEDE;CENTRO EDUCACIONAL PROFESSOR ANTONIO BARBOSA BRAGA;LUCAS BATISTA DA MOTA 135
FORTALEZA;3;152;CENTRO;EM NOSSA SENHORA APARECIDA;RUA TERESA CRISTINA, 112
FORTALEZA;2;167;MESSEJANA;PATRONATO PADRE LUIZ BARBOSA MOREIRA;RUA CEL GUILHERME ALENCAR, 121
MARACANAÚ;122;269;MUCUNA;EMEF MARIA MARQUES DO NASCIMENTO;RUA JOSE NOGUEIRA MOTA, 83
ARARIPE;68;118;CAMPO DE AVIAÇÃO;ESCOLA PROFESSORA MARIA VIOLETA ARRAES DE ALENCAR GERVAISEAU - SEDE;CAMPO DE AVIAÇÃO
JUAZEIRO DO NORTE;119;97;SAO JOSE;ESCOLA ANTONIO FERREIRA DE MELO;RODOVIA JUAZEIRO/CRATO
ARNEIROZ;101;57;CACHOEIRA DE FORA;GRUPO ESCOLAR JOAO MONTEIRO;CACHOEIRA DE FORA
MOMBAÇA;46;96;CENTRO;BIBLIOTECA PÚBLICA AUGUSTO TAVARES;RUA JOSE FRUTUOSO DE SA BENEVIDES
FORTALEZA;114;330;BARRA DO CEARÁ;EMTI ALDEMIR MARTINS;AV. FRANCISCO SÁ, 7460
INDEPENDÊNCIA;39;32;EMATUBA;E.E.F. MANOEL FERREIRA DE MELO;DISTRITO EMATUBA
MONSENHOR TABOSA;61;143;CENTRO;E.M.E.F.T.I LUIZ LEITAO;AVENIDA PESSOA PIRES  2
SENADOR POMPEU;12;166;ENGENHEIRO JOSE LOPES;EEIEF JOSÉ ANTÔNIO DE SOUSA;ENGENHEIRO JOSE LOPES
JUCÁS;43;219;CANAFÍSTULA - VILA;ESCOLA DE ENSINO FUNDAMENTAL CEL LUIZ DUARTE;VILA DE CANAFÍSTULA
FORTALEZA;1;950;PRAIA DO FUTURO II;ESCOLA MUNICIPAL DOM ALOISIO LORSCHEIDER;RUA JULIO SILVA, 450
ITAPAJÉ;41;55;SANTA RITA-SEDE;E.E.M.T.I PROFª ESTEFÂNIA MATOS;RUA BENTO ÁVILA DE SOUSA, 101
FORTALEZA;3;263;CENTRO;EEMTI VISCONDE DO RIO BRANCO;AV. DOM MANUEL, 1803
SOLONÓPOLE;55;31;PASTA;GRUPO ESCOLAR ANTONIO BENIGNO BEZERRA;DISTRITO PASTA
CAUCAIA;120;336;CAPUAN;E.E.F. JOSE ALEXANDRE;RUA DA LAGOA, 135
PIQUET CARNEIRO;12;32;CENTRO;SECRETARIA MUNICIPAL DE EDUCAÇÃO, CULTURA E DESPORTO;RUA ALUÍZIO SARAIVA, N. 22
ICÓ;15;67;ICOZINHO - DISTRITO;EMTIH - FRANCISCO ALBENIR DUARTE;RUA SAO VICENTE S/N
CEDRO;13;462;SANTO ANTÔNIO;ESCOLA DE ENS FUND JOSE MARQUES;ST CACHOEIRA DOS MARQUES
ARATUBA;105;104;CENTRO-SEDE;SEDUC (POLO DE ATENDIMENTO);RODOVIA COACY PEREIRA
PENTECOSTE;50;100;CENTRO;CÂMARA MUNICIPAL DE PENTECOSTE;RUA DOUTOR MOREIRA DE AZEVEDO, S/N
FORTIM;8;326;SITIO MUNDO NOVO;EEFTI. JOAO NOBERTO;SITIO MUNDO NOVO
CANINDÉ;33;501;CAN;CEI - CENTRO DE EDUCAÇÃO INFANTIL TIA LOURDINHA;RUA NOVA VILA, S/N
RUSSAS;9;48;CENTRO;ESCOLA MUNICIPAL TIA BENILCE DE EDUC INFANTIL E ENSINO FUNDAMENTAL;AVENIDA DOM LINO, 204
FORTALEZA;3;302;CENTRO;CENTRO DE PASTORAL MARIA, MÃE DA IGREJA;RUA RODRIGUES JÚNIOR, 300
RERIUTABA;79;100;OITIZEIRO;E.E.I.F. MARCELO DA CUNHA ARAÚJO;OITIZEIRO - ZONA RURAL
CARIRÉ;65;21;ZONA RURAL;ESCOLA EIEF FILINTO ELISIO AGUIAR;DISTRITO ARARIUS
CAUCAIA;37;201;GUARARU;E.E.F. MARIA GOMES BRASILEIRO;BR 222 - KM 27 - REGIÃO DO GUARARU
FORTALEZA;113;7;BENFICA;FACULDADE DE ARQUITETURA E URBANISMO DA UFC;AV. DA UNIVERSIDADE, 2890
ARATUBA;105;185;SITIO BARREIROS;ESCOLA FRANCISCO JOSE DE FREITAS;SITIO BARREIROS
CATARINA;60;249;SAO GONCALO;EEF CAPITAO EPAMINONDAS GOMES DA SILVA;SAO GONCALO
MONSENHOR TABOSA;61;117;JACINTO;CENTRO CULTURAL ALDEIA JACINTO - ETNIA POTIGUARA;POVOADO DE JACINTO
CARNAUBAL;22;163;CENTRO;EEI HUMBERTO CASTELO BRANCO;R JACO FELICIO S/N
SABOEIRO;43;236;CENTRO;E.E.F. MANOEL GONCALVES DOS SANTOS (MUNICIPAL);RUA PRACA DA BANDEIRA, 109
AQUIRAZ;66;119;JUSTINIANO DE SERPA;EMEF ISIDORO DE SOUSA ASSUNCAO (ABC);RUA RUFINO CORREIA DE ASSUNCAO S/N
TRAIRI;97;189;TIMBAUBA;ASSOCIAÇÃO DOS MORADORES DE TIMBAUBA-ASMOTI;TIMBAUBA
BOA VIAGEM;63;215;IPU;EEF JOSE LINO DE SOUZA;IPU-SEDE
MARACANAÚ;122;113;OLHO D' AGUA;ASSOCIAÇÃO ANTONIO PRATA;SÍTIO OLHO D'AGUA DOS PRATA
ITAPIÚNA;105;154;DISTRITO DE ITANS;EEIEF JOAO BATISTA DE AGUIAR;RUA JOSE QUIRINO S/N
GROAÍRAS;65;212;ZONA RURAL;UBS - JOSÉ CORNELIO XIMENES MATOS;CORREGO DOS MATOS
CEDRO;13;477;VÁRZEA DA CONCEIÇÃO;ANEXO FRANCISCO SILVEIRA DE AGUIAR;RUA JOAO BATISTA MORENO SN
ARARIPE;68;82;SITIO TEIXEIRAS;ESCOLA MUNICIPAL JOSÉ VELOSO - SÍTIO TEIXEIRAS;SITIO TEIXEIRAS
FORTALEZA;113;124;CENTRO;EEFM FREI LAURO SCHWARTE;RUA ANTÔNIO POMPEU, 2005
IPUEIRAS;40;113;IPUZINHO;GRUPO ESCOLAR FRANCISCO PEREIRA DA SILVA - IPUZINHO;IPUZINHO
AIUABA;101;22;SAO NICOLAU;GRUPO ESCOLAR EDMUNDO BRAGA;RUA BENTO HERCULES SN
BREJO SANTO;70;413;SAO FRANCISCO-SEDE;CREDE 20;RUA GENESIO RICARTE, 637
POTENGI;68;106;SITIO CARCARA;ESCOLA MUNICIPAL MARIA VIRGEM DA SILVA - CARCARÁ;SITIO CARCARÁ
IPU;21;97;ZONA RURAL;UBS ANTONIA LOPES FERREIRA;ENGENHO DOS BELÉM
CAUCAIA;120;145;TUCUNDUBA;E.E.I.E.F. JOSÉ NUNES DE MIRANDA;BR 020 - TUCUNDUBA, S/N
CAMPOS SALES;38;16;B. CENTRO;E.E.E.M.T.I.- PRESIDENTE MÉDICI - (GRUPÃO);AV. FRANCISCO ADEMAR DE ANDRADE,1210
ICAPUÍ;8;306;PEROBA;CEI CAMINHO DA CIDADANIA;PEROBA
IGUATU;13;20;VILA CIDAO;CAMPUS MULTI-INSTITUCIONAL HUMBERTO TEIXEIRA (URCA/UECE/CENTEC);AV DÁRIO RABELO SN
FORTALEZA;3;18;CENTRO;COLÉGIO 7 DE SETEMBRO (SEDE NGS);AV. DO IMPERADOR, 1330
FORTALEZA;3;220;CENTRO;FAC. ESTÁCIO - UNIDADE CENTRO (ANTIGO COLÉGIO CEARENSE);AV. DUQUE DE CAXIAS, 101
ARNEIROZ;101;78;CONDADU;ESCOLA JOÃO RODRIGUES PINHEIRO;CONDADU
PEDRA BRANCA;59;139;SEDE;E.E.F. ANTONIO MENDES DOS SANTOS;SÍTIO RIACHÃO DAS UMBURANAS
LIMOEIRO DO NORTE;29;270;ÁREA RURAL;ANEXO DA CAPELA SÃO FREI GALVÃO;SITIO QUIXABA
VÁRZEA ALEGRE;62;67;CENTRO;EEM JOSÉ CORREIA LIMA;AV. LUIS AFONSO DINIZ, 213
IPU;21;107;ZONA RURAL;UBS JOÃO BATISTA DE AZEVEDO;SÃO JOSÉ DOS MARTINS
CEDRO;13;480;VÁRZEA DA CONCEIÇÃO;ANEXO FRANCISCO SILVEIRA DE AGUIAR;RUA JOAO BATISTA MORENO SN
CAUCAIA;37;522;TABAPUÁ;E.E.F.M. JOSÉ MARIA PONTES DA ROCHA;RUA 08, S/N - TABAPUÁ
MILHÃ;55;131;CENTRO;ESCOLA DE ENSINO FUNDAMENTAL CLEONICE B. PINHEIRO ROSA;RUA PEDRO JOSE DE OLIVEIRA 908
HORIZONTE;78;414;MAL COZINHADO;EMEF DEPUTADO FEDERAL ULYSSES GUIMARAES;RUA MARIA PAULA 1231 - MAL COZINHADO
JUCÁS;43;55;CENTRO - SEDE;SECRETARIA DE AÇÃO SOCIAL;RUA CORONEL LUIZ DUARTE S/N
COREAÚ;64;12;Centro;COREAÚ - SECRETARIA MUNICIPAL DE EDUCAÇÃO;AV. PREFEITO VILAR FONTENELE, 81- CENTRO
SÃO GONÇALO DO AMARANTE;36;331;SALGADO DOS MOREIRAS;ESCOLA DE ENSINO FUNDAMENTAL JOAO MOREIRA BARROSO;SALGADO DOS MOREIRAS
SANTANA DO ACARAÚ;44;97;LADEIRA VERMELHA;EEF JOSÉ PEREIRA DO NASCIMENTO;LADEIRA VERMELHA
QUITERIANÓPOLIS;99;130;ZONA RURAL;EEIF MANOEL RODRIGUES DO NASCIMENTO;SANTA MARIA
RERIUTABA;79;40;CENTRO;E.E.F. RAIMUNDO MESQUITA;RUA CEL. AGRÍPIO TEODORO SOARES, 171
UMARI;15;225;PIO X - DISTRITO;CRECHE RITA FERREIRA DE ALENCAR;DISTRITO PIO X
URUBURETAMA;23;28;CENTRO;SECRETARIA DE AÇÃO SOCIAL DE URUBURETAMA;TRAVESSA JOAQUIM AVILA S/N
NOVA RUSSAS;48;173;TAMARINDO;ESCOLA MUNICIPAL SÃO FRANCISCO (UNIBOL);RUA FRANCISCO LOPES, S/N
MARACANAÚ;122;299;LUZARDO VIANA;EMEF NAPOLEAO BONAPARTE VIANA;RUA NAPOLEAO BONAPARTE VIANA 410
SALITRE;38;155;ZONA RURAL, SALITRE/CE;E.E.I.F. JOSE AUGUSTO DA SILVA - SÍTIO BOM JARDIM;SÍTIO BOM JARDIM
ICAPUÍ;8;340;CENTRO;EEF. PROFESSORA MIZINHA;AV. 22 DE JANEIRO 5183
AIUABA;101;17;BARRA VERDE;GRUPO ESCOLAR ARMANDO ARRAES FEITOSA;POVOADO DE BARRA VERDE SN
IPUEIRAS;40;7;LIVRAMENTO;CENTRO DE EDUCAÇÃO INFANTIL EXPEDITA GOMES ARAGÃO - LIVRAMENTO;LIVRAMENTO
MORADA NOVA;47;171;CENTRO;SECRETARIA MUNICIPAL DE EDUCAÇÃO BÁSICA;RUA SARGENTO MACEDO, 315
LAVRAS DA MANGABEIRA;14;92;OURO BRANCO- DISTRITO;GRUPO ESCOLAR ROMANA RICARTE;RUA MIGUEL BISPO 114
SÃO LUÍS DO CURU;23;301;CENTRO-SEDE;E.E.F. DOMINGOS ANSELMO;PRACA ALONSO HERCULANO SN
BOA VIAGEM;63;208;IPU;EEF JOSE LINO DE SOUZA;IPU-SEDE
PACAJUS;49;160;ITAIPABA;CENTRO EDUCACAO DEPUTADO PEDRO JOSE;ITAIPABA
FORTALEZA;115;127;MONDUBIM;LAR FABIANO DE CRISTO;RUA CEL. JAIME ROLEMBERG, 100
JAGUARUANA;75;144;PATOS;UBASF JOAO CELEDONIO DA SILVA (PATOS);PATOS
BOA VIAGEM;63;212;GUIA;EEF ADILIA MARIA;R. FRANCISCO RIBEIRO DE SALES, S/N
LAVRAS DA MANGABEIRA;14;61;CENTRO - SEDE;EEMTI FILGUEIRAS LIMA;RUA HILDA AUGUSTO, 429, ROSÁRIO
PACAJUS;49;316;FORMOSO;EEF JOSE GERALDO FILHO;FORMOSO
CEDRO;13;443;CENTRO;ESCOLA DE ENS FUND SAO JOAO BATISTA;RUA SENADOR JOAO TOME N 70
CEDRO;13;479;VÁRZEA DA CONCEIÇÃO;ANEXO FRANCISCO SILVEIRA DE AGUIAR;RUA JOAO BATISTA MORENO SN
MISSÃO VELHA;16;57;SEDE;CENTRO ADMINISTRATIVO PEDRO ROCHA;RUA CORONEL JOSE DANTAS, 1038. CENTRO.
CAUCAIA;120;450;SITIOS NOVOS;E.E.I.E.F. NOSSA SENHORA DA CONCEICÃO;ASSENTAMENTO SANTA BÁRBARA - CAPINE
CRATO;27;5;CENTRO;ETI 18 DE MAIO;AVENIDA JOSÉ ALVES DE FIGUEIREDO, N. 300.
CAMPOS SALES;38;99;DIST. DE QUIXARIÚ;CRECHE M. FÂNTASIA DE CRIANÇA - DIST. DE QUIXARIÚ;AVENIDA LEONARDO DE ANDRADE,128
SOBRAL;121;72;CARACARÁ;ESCOLA ODETE BARROSO;PRACA DA MATRIZ S/N
SANTA QUITÉRIA;54;155;DISTRITO DE MALHADA GRANDE;ESCOLA MUNICIPAL MARIA DE NAZARÉ;DISTRITO DE MALHADA GRANDE
TAUÁ;19;54;TAUAZINHO;EEM MARIA DAS DORES CIDRÃO ALEXANDRINO;AV CEL VICENTE ALEXANDRINO DE SOUSA 04
BARRO;92;46;CENTRO-SEDE;EEEP PROFESSOR JOSÉ OSMAR PLÁCIDO DAS SILVA;RUA ANTÔNIA BEZERRA TELES, S/N
JAGUARIBARA;72;91;CENTRO;SINDICATO DOS TRABALHADORES RURAIS DE JAGUARIBARA;RUA PAULA CLOTILDE, 455
CRATEÚS;20;144;CIDADE NOVA;CENTRO DE EDUCACAO DE JOVENS E ADULTOS PROFESSOR LUIZ BEZERRA;RUA DR LUIZ CHAVES E MELO
GUARAMIRANGA;5;254;CENTRO-SEDE;EMEF PROFESSOR JULIO HOLANDA;RUA CEL FRANCISCO DE MATOS BRITO S/N
GRANJA;25;246;PESSOA ANTA;E.E.F. RAIMUNDO AUGUSTO PASSOS;FAZENDA ARAÇÁS
SOBRAL;121;107;CENTRO;COLEGIO FARIAS BRITO SOBRALENSE;PRACA QUIRINO RODRIGUES S/N
GENERAL SAMPAIO;50;110;CONJUNTO SÃO JOSÉ;CRECHE PROINFÂNCIA DIANA DE NAZUR MONTEIRO MARINHO MOREIRA;RUA JOSÉ COSTA NASCIMENTO
PEDRA BRANCA;59;34;CENTRO;CENTRO ADMINISTRATIVO CESÁRIO MENDES;RUA FURTUNATO SILVA, 45
CRATO;27;134;SANTA FÉ;EEIEF PAULO LIMAVERDE;ROD. VICENTE TELES, SN. DISTRITO DE SANTA FÉ - SEDE.
GRANJA;25;164;ZONA RURAL (SEDE RURAL);E.E.F. TEODORICO GUILHERME PEREIRA;SAIRI
BARROQUINHA;108;96;CENTRO;POLO DE CONVIVÊNCIA SOCIAL VICENTE VERAS - PROARES;RUA AUGUSTA VERAS, S/N
FORTALEZA;116;435;BONSUCESSO;CEI XV DE OUTUBRO;RUA MENINO JESUS DE PRAGA, 192
FORTALEZA;95;109;JANGURUSSU;CEI PROFESSOR JOSÉ DE RIBAMAR MORAES;RUA CATOLÉ, S/N, CONJUNTO SÍTIO SÃO JOÃO
CAMOCIM;32;49;BRASILIA;EEI MONS INACIO NOGUEIRA MAGALHAES - LIONS;RUA JOAQUIM TÁVORA SN
JUAZEIRO DO NORTE;119;173;SANTA TEREZA;CREDE 19;RUI BARBOSA SN
MARANGUAPE;4;5;AMANARI;EEMTI ANTONIO LUIS COELHO;RUA DO COMÉRCIO, S/N
JUAZEIRO DO NORTE;28;42;SALESIANOS;COLEGIO SALESIANO SÃO JOÃO BOSCO;PADRE CICERO 1492
FORTALEZA;2;658;LAGOA REDONDA;EM TEREZINHA FERREIRA PARENTE;RUA NELSON COELHO, 209
CRATO;27;311;SÃO JOSÉ;EEIEF SINOBILINA PEIXOTO;RUA JOAQUIM PINHEIRO FILHO S/N. CONJUNTO PADRE CÍCERO
CRATO;27;331;SANTA FÉ;EEIEF OTACÍLIO CORREIA LIMA;ROD. VICENTE TELES, SN - SÍTIO PALMEIRINHA DOS CORREIA
JAGUARETAMA;72;35;SITIO CUMBE;UNIDADE BÁSICA DE SAÚDE MARIA ALBETIZA CARNEIRO;SITIO CUMBE
ANTONINA DO NORTE;18;117;CASTELO BRANCO;ESCOLA MUNICIPAL FRANCISCO MENDES E SILVA;AV CENTRAL SN
FORTALEZA;113;395;MONTESE;IMPARH;AV JOAO PESSOA, 5.609
FORTALEZA;2;107;MESSEJANA;EMEIF DEMOCRITO ROCHA;RUA PADRE PEDRO DE ALENCAR, 2012
IPU;21;76;SEDE;PATRONATO SOUSA CARVALHO;PCA DR CHAGAS PINTO 1045 - CENTRO
FORTALEZA;2;655;MESSEJANA;EM PROF CLODOMIR TEOFILO GIRAO;TRAVESSA RUTILO, 108
CAMOCIM;32;59;BOA ESPERANCA;ESCOLA MUNICIPAL DE 1 GRAU FCO OTONI COELHO;RUA BANDEIRANTES 646
FORTALEZA;2;811;LAGOA REDONDA;ESCOLA MUNICIPAL ISABEL FERREIRA;RUA ISABEL FERREIRA, 1000 - CONJ. CURIÓ
CAUCAIA;120;300;CATUANA;E.E.I.E.F. PLÁCIDO MONTEIRO GONDIM;RUA RAIMUNDO OLIVEIRA, S/N
GUARACIABA DO NORTE;74;131;CENTRO;CENTRO PASTORAL NOSSA SENHORA DOS PRAZERES;R. CEL.CLÍNIO MEMÓRIA, 281 - CENTRO
HORIZONTE;78;192;CENTRO;EEMTI MARIA DOLORES ALCÂNTARA E SILVA;AV. JUVENAL DE CASTRO, 645
JUAZEIRO DO NORTE;28;49;SALESIANOS;COLEGIO SALESIANO SÃO JOÃO BOSCO;PADRE CICERO 1492
MARCO;96;98;BAIRRO CORACAO DE JESUS;EEF SAGRADO CORACAO DE JESUS;RUA PARSIFAL BARROSO
TIANGUÁ;81;48;SEMINÁRIO;E.E.F. LAR DOCE LAR;RUA FRANCISCO GENTIL DE FARIAS 
PORANGA;40;76;SEDE;EEFM PRUDÊNCIO DE PINHO - SEDE;AV. DR. EPITÁCIO PINHO, 277, BAIRRO VILA NOVA
TURURU;17;631;CEMOABA / ZONA RURAL;EMEF MARIA LUNGA MOREIRA;RUA PRINCIPAL
FORTALEZA;85;286;ANTÔNIO BEZERRA;EMEIF GERARDO MILTON DE SA;RUA VALE COSTA S/N
GUARACIABA DO NORTE;74;155;DISTRITO;EEF MANOEL BANDEIRA DE MOURA (ESCOLA NOVA DA MARTINSLÂNDIA);MARTINSLANDIA
GUAIÚBA;57;46;PINHEIRO;CEARC - CENTRO EDUCACIONAL DE ARTE E CULTURA;RUA RAIMUNDO BANDEIRA SN 
MARACANAÚ;122;272;JARI;EMEF JOSÉ ASSIS DE OLIVEIRA(JARY);RUA PAULO AFONSO 4259
ACOPIARA;60;38;VILA ESPERANCA;EEF FRANCISCO UCHOA DE ALBUQUERQUE;ANTONIO MOREIRA SN
HIDROLÂNDIA;54;26;DISTRITO DE IRAJÁ;CRECHE COMUNITÁRIA FRANCISCO COSTA MARTINS;RUA CEZÁRIO PEREIRA MARTINS, SN.
IGUATU;13;339;JOSÉ DE ALENCAR;ESCOLA DE ENS FUND FRANCISCO SEBASTIAO UCHOA;SANTA ROSA II
CANINDÉ;33;235;ALTO GUARAMIRANGA;EEFM FREI POLICARPO;RUA JOAO BASTOS 2027
MORRINHOS;44;6;CENTRO;COLÉGIO MORRINHENSE CÔNEGO SARAIVA;RUA JOAQUIM CORIOLANO ROCHA
IBICUITINGA;47;151;VICOSA;EEB ANTONIO EDUARDO GIRAO;VICOSA  - SEDE
FORTALEZA;117;259;SIQUEIRA;CEI FRANCISCA DE ABREU LIMA;RUA C -  ESQUINA COM A RUA LUIZ MONTENEGRO, S/N
FORTALEZA;3;598;ALDEOTA;COLÉGIO SANTA CECÍLIA;AV. SENADOR VIRGÍLIO TÁVORA, 2000
ITAPIPOCA;17;424;VIOLETE;EEB JOSE LINS DE ALBUQUERQUE;RUA CRISTO REDENTOR
ITAPIPOCA;17;489;ÁREA NOBRE;EEB TEREZINHA DE SOUSA FERREIRA ALBUQUERQUE;RUA JOSÉ DE ALENCAR, 497
JUAZEIRO DO NORTE;119;34;FREI DAMIAO;ESCOLA MARIO DA SILVA BEM;RUA VEREADOR RAIMUNDO JOSÉ DA SILVA
ITAITINGA;78;229;CENTRO;EEF VALMIQUE SAMPAIO ALBUQUERQUE;RUA JOSMO GURGEL ARAUJO, 1256
CAUCAIA;123;400;URUCUTUBA (JUREMA);E.E.I.E.F. FIRMINO SOARES DE MOURA;RUA RAIMUNDO FERREIRA ROCHA, S/N - URUCUTUBA
CAUCAIA;123;481;MARECHAL RONDON (JUREMA);CAPEMI - LAR FABIANO DE CRISTO;AV. DOM ALMEIDA LUSTOSA, 4395
CROATÁ;74;100;DISTRITO;ESCOLA MUNICIPAL DE SAO FRANCISCO;SAO FRANCISCO
ACOPIARA;60;98;CENTRO;EEM ALFREDO NUNES DE MELO;RUA EMILIA DE LIMA PINHO, SN
FORTALEZA;2;660;COAÇU;EEFM GOV LUIZ DE GONZAGA FONSECA MOTA;RUA SANTA ROSA, 407
ITAPIPOCA;17;422;CACIMBAS;CENTRO EDUCACIONAL MARIA MAGALHAES VIANA AZEVEDO;RUA MOESIO LOIOLA S/N
FORTALEZA;114;123;ÁLVARO WEYNE;EMTI NOSSA SENHORA DE FÁTIMA (ANTIGA APOSTÓLICA/SEMINÁRIO);RUA SÍLVIO ROMERO 370
ITAITINGA;78;329;BARROCÃO;EEF JARDIM DE FÁTIMA;RUA ELIATAR DIÓGENES, S/N
HORIZONTE;78;97;CATOLÉ;EMEF JOAO ANTONIO DA SILVA;RUA MANOEL DAMASCENO DA COSTA, 701
FORTALEZA;2;711;PAUPINA;EM CÔNEGO FRANCISCO PEREIRA DA SILVA;RUA LUÍS FRANCISCO XAVIER, 256
FORTALEZA;80;402;AEROLÂNDIA;COLÉGIO MAURO BEZERRA;RUA BRIGADEIRO VILELA, 221
CHAVAL;108;38;CRUZEIRO;POSTO DE SAÚDE - PSF VI - CRUZEIRO;RUA ANATÓLIO THIERS CARNEIRO, S/N
EUSÉBIO;88;92;LAGOINHA;ESCOLA Mª DE FÁTIMA FAÇANHA SILVEIRA (LAGOINHA);RUA SÃO MIGUEL, 327 - LAGOINHA
EUSÉBIO;88;166;PARQUE HAWAÍ;EEF MIRIAN ABREU;RUA C, S/N - PARQUE HAVAI
FORTALEZA;115;308;PARANGABA;EM THOMAZ POMPEU SOBRINHO;RUA JOSE MENELEU, 531
MORADA NOVA;47;184;CENTRO;LOJA MACONICA LUZ DA INDEPENDENCIA;RUA LUIZ SATURNINO DE MATOS S/N
CAPISTRANO;105;34;ZONA RURAL;ESCOLA DE ENSINO FUNDAMENTAL ANTONIO FELICIO DA COSTA;PUTIU DO MEIO
ITAITINGA;78;397;BARROCÃO;EEF JARDIM DE FÁTIMA;RUA ELIATAR DIÓGENES, S/N
CRUZ;30;262;CENTRO;ESCOLA CONSTÂNCIA DE SOUSA MUNIZ;CENTRO
BOA VIAGEM;63;250;RECREIO;EEF PATRICIA FACUNDO CAMPOS;RUA JOSE VIEIRA COSTA,481-ALTO DO RECREIO
FORTALEZA;94;791;VILA VELHA;EMEIF HERONDINA LIMA CAVALCANTE;AV. AMBIENTALISTA ARY THIERS, 310
FORTALEZA;94;937;VILA VELHA;COLEGIO SALOME BASTOS;RUA DESEMBARGADOR HERMES PARAHYBA 1120
GRANJEIRO;62;156;CENTRO;EEF DR MAURO SAMPAIO;RUA DO CRUZEIRO SN
FORTALEZA;2;703;LAGOA REDONDA;EM TEREZINHA FERREIRA PARENTE;RUA NELSON COELHO, 209
FORTALEZA;116;121;GRANJA PORTUGAL;EEFM PROF JOCIE CAMINHA DE MENEZES;RUA ITU 120
MISSÃO VELHA;16;45;SEDE;EEF JUVENAL RODRIGUES BRANDAO;AVENIDA JOSE SOBREIRA DA CRUZ S/N, MATERNIDADE
FORTALEZA;3;621;ALDEOTA;COLÉGIO BATISTA - SANTOS DUMONT;RUA DESEMBARGADOR LEITE ALBUQUERQUE, 1056
FORTALEZA;114;228;BARRA DO CEARÁ;EM DOM ANTONIO BATISTA DE FRAGOSO;AVENIDA FRANCISCO SÁ 7945
FORTALEZA;80;389;FÁTIMA;EEM GOV. ADAUTO BEZERRA;RUA MONSENHOR LIBERATO, 1850
MISSÃO VELHA;16;2;ZONA RURAL;EEF ANTONIO FERREIRA;SITIO BARREIRAS
JUAZEIRO DO NORTE;119;110;SANTA TEREZA;COLÉGIO MILITAR DE JUAZEIRO DO NORTE;CASTELO BRANCO SN
IRAUÇUBA;41;7;CENTRO-SEDE;CENTRO DE REFERÊNCIA DA EDUCAÇÃO INFANTIL DE IRAUÇUBA - CREII;AV. PAULO BASTOS 837
QUIXERAMOBIM;11;242;CENTRO;CAMPUS UNIVERSITARIO DR ANDRADE FURTADO;AV DR JOAQUIM FERNANDES 382 - CENTRO
BARBALHA;31;112;VILA SANTO ANTONIO;EEF RAUL COELHO DE ALENCAR (CIROLÂNDIA);RUA JOSÉ COELHO CORREIA, 303
PORTEIRAS;70;292;BARRIGUDA-SEDE;POSTO DE SAÚDE PEDRO ROMÃO DA SILVA;SITIO BARRRIGUDA
CARIÚS;43;217;SITIO AGROVILA;EEF MANOEL MIGUEL DE SOUSA;SITIO AGROVILA
FORTALEZA;112;559;CIDADE DOS FUNCIONÁRIOS;COLÉGIO DÁULIA BRINGEL;RUA TRAJANO ALVES DE AGUIAR, 55
ITAPAJÉ;41;46;ESMERINO GOMES;EEEP ADRIANO NOBRE;RUA ODILON FERREIRA GOMES, 475.
PENAFORTE;70;329;CENTRO-SEDE;ESCOLA SIMAO ANGELO;RUA PADRE CICERO S/N
TIANGUÁ;81;313;ÁREA RURAL DE TIANGUÁ;E.E.M. MIGUEL CARNEIRO DA CUNHA;SÍTIO CAJUAÇU
MORADA NOVA;47;145;DOURADO;EEB LUIS JOAO DE SOUSA;SITIO DOURADO
SENADOR SÁ;45;62;ZONA RURAL;EEF ZILDA OLIVEIRA AGUIAR;DISTRITO DE SERROTA
FORTALEZA;115;1;ITAPERI;EM PROJETO NASCENTE;RUA CAMPO MAIOR, S/N
TRAIRI;97;182;CORREGO DA RAMADA;EEF NOSSA SENHORA DA CONCEICAO;CORREGO DA RAMADA
PACAJUS;49;362;CROATA I;SECRETARIA DE TRABALHO E DESENVOLVIMENTO SOCIAL - STDS;AV. LUCIO JOSÉ DE MENEZES, 1254
QUIXELÔ;13;216;ÁREA RURAL DE QUIXELÔ;ESCOLA DE ENS FUND JOAO RODRIGUES DA SILVA;BARROSO-SITIO
IPUEIRAS;40;184;BACAMARTE;EEIEF ANTÔNIO DA SILVA PASSOS - BACAMARTE;BACAMARTE
IPUEIRAS;40;200;NOVA GRAÇA;ESCOLA DE ENSINO FUNDAMENTAL JOÃO BEZERRA DE MOURA - NOVA GRAÇA;NOVA GRAÇA
FORTALEZA;94;903;VILA VELHA;EMEIF FRANCISCO EDILSON PINHEIRO;RUA N, 35
FORTIM;8;180;SITIO MUNDO NOVO;EEFTI. JOAO NOBERTO;SITIO MUNDO NOVO
GUARACIABA DO NORTE;74;99;DISTRITO;E.E.I.F DE SANTO ANTONIO DOS CAMELOS ANEXO;SANTO ANTONIO DOS CAMELOS
FORTALEZA;116;98;GRANJA PORTUGAL;EM CREUSA DO CARMO ROCHA;RUA DUAS NACOES 1055
JATI;70;384;MAE DAGUA-SEDE;ESCOLA MUNICIPAL FRANKLIN TAVARES PINHEIRO;VILA MAE DAGUA
RUSSAS;9;273;SAO PEDRO;ESCOLA MUNICIPAL JOSE ELIAS PITOMBEIRA;SAO PEDRO
IRAUÇUBA;41;141;JUA;EEIF IELDA TEIXEIRA FERNANDES;JUA
ITATIRA;33;236;ZONA RURAL;EMEF JOSE PESSOA DE CARVALHO;LOCALIDADE QUEIMADA DA ONCA I
FORTALEZA;82;66;CRISTO REDENTOR;EM CRISTO REDENTOR;AV. PASTEUR, 372
EUSÉBIO;88;108;CENTRO;ESCOLA PROFISSIONALIZANTE EUSEBIO DE QUEIROZ;RUA MARIA TEIXEIRA JOCA, SN
FORTALEZA;3;618;MEIRELES;ESCOLA DE SAÚDE PÚBLICA - NEPE (ANEXO);AV. ANTÔNIO JUSTA, 3161
FORTALEZA;1;520;MUCURIPE;ESCOLA ESTADUAL DRAGAO DO MAR;RUA UMARI S/N
FORTALEZA;117;151;NOVO MONDUBIM;CUCA MONDUBIM;RUA PROFESSOR GLAUCO LOBO S/N
MARACANAÚ;122;110;ALTO ALEGRE I;EMEIEF CESAR CALS DE OLIVEIRA FILHO;RUA LITUANIA S/N
PORTEIRAS;70;282;CENTRO-SEDE;ESCOLA DE ENSINO INFANTIL EM TEMPO INTEGRAL JESUS DANTAS;RUA MARIA GONCALVES DANTAS S/N
JUAZEIRO DO NORTE;28;490;SALESIANOS;EEF JOSE GERALDO DA CRUZ;DO ROSARIO 622
MULUNGU;5;125;CENTRO-SEDE;EMEF HERMENEGILDO ROCHA PONTES;RUA SANTA INES S/N
JUAZEIRO DO NORTE;119;193;TIMBAUBA;CRAS TIMBAUBAS;RUA ASSIS DIAS SOBREIRA, 488
FORTALEZA;94;819;QUINTINO CUNHA;EEMTI MARIA JOSÉ SANTOS FERREIRA GOMES (CERE);RUA DONA LUCIA PINHEIRO, 93
FORTALEZA;117;263;SIQUEIRA;COLÉGIO VENCER;RUA JARDIM PARUARA, 1108
FORTALEZA;3;482;PRAIA DE IRACEMA;COLÉGIO ANTARES (PRAIA DE IRACEMA);RUA HISTORIADOR GUARINO ALVES, 95
CRATO;27;238;PIMENTA;EEFM TEODORICO TELES DE QUENTAL;RUA DOUTOR IRINEU PINHEIRO, 305
MASSAPÊ;45;67;CENTRO;EEFM WILEBALDO AGUIAR;RUA CEL MANOEL DIAS 250
BEBERIBE;84;165;CENTRO;ESCOLA DE ENSINO FUNDAMENTAL E MEDIO ANA FACO;RUA VICENTE MATHIAS 119
LIMOEIRO DO NORTE;29;119;CANAFíSTULA;ESCOLA DE 1 GRAU SIZINANDO JACO DE FREITAS;SITIO CANAFISTULA
MARCO;96;203;BAIRRO CORACAO DE JESUS;EEF SAGRADO CORACAO DE JESUS;RUA PARSIFAL BARROSO
PACATUBA;57;294;SAO JOSE;CENTRO COMUNITÁRIO;RUA CAPITÃO MANUEL PONTES DE MEDEIROS, PARQUE ARATANHA
CAPISTRANO;105;31;ZONA RURAL;CENTRO DE CONVIVÊNCIA SOCIAL DO BOQUEIRÃO;BOQUEIRAO
VIÇOSA DO CEARÁ;35;171;SITIO DELGADA;E.E.F. FRANCISCO SALES RODRIGUES;SITIO DELGADA
FORTALEZA;3;485;PRAIA DE IRACEMA;COLÉGIO ANTARES (PRAIA DE IRACEMA);RUA HISTORIADOR GUARINO ALVES, 95
CRATEÚS;20;192;REALEJO;ESCOLA DE CIDADANIA DE REALEJO;REALEJO
FORTALEZA;117;212;CONJUNTO ESPERANÇA;EEFM PROFA ADALGISA BONFIM SOARES;AV. DO CANAL, S/N, ESQUINA COM RUA 103 - CONJUNTO ESPERANÇA
FORTALEZA;3;608;ALDEOTA;COLÉGIO SANTA CECÍLIA;AV. SENADOR VIRGÍLIO TÁVORA, 2000
TRAIRI;97;9;MUNDAU;EEF ZEFINHA RIBEIRO BARROSO MUNDAU;MUNDAU
GUARACIABA DO NORTE;74;84;CRUZ;ESCOLA DE 1 GRAU MONSENHOR ANTONINO;RUA MONSENHOR EURICO
CRATO;27;61;PIMENTA;COLÉGIO PEQUENO PRÍNCIPE;RUA VINTE E UM DE JUNHO, 935
FORTALEZA;93;189;PLANALTO AYRTON SENNA;EM MARIA ZELIA CORREIA DE SOUSA;RUA ANTONIO PEREIRA,1495
CAUCAIA;120;333;CAPUAN;E.E.F. JOSE ALEXANDRE;RUA DA LAGOA, 135
COREAÚ;64;91;Ubaúna;UBAÚNA - CEI ANTº AGUIAR NERI;DISTRITO DE UBAÚNA
FARIAS BRITO;62;273;SEDE;EEFM GABRIEL BEZERRA DE MORAIS;RUA LIROMÁ FERNANDES DE OLIVEIRA, 266
PACATUBA;57;290;VILA DAS FLORES;EEIEF MANOEL ROSENDO FREIRE;RUA 17, 11
CAUCAIA;120;147;CARAUCANGA;E.E.I.E.F. FRANCISCO NOGUEIRA DA MOTA;CARAUCANGA - BR 020
FORTALEZA;114;358;JARDIM IRACEMA;CAPELA NOSSA SENHORA DE FÁTIMA;RUA RIO ARAGUAIA 1669
MUCAMBO;79;235;CENTRO;ESCOLA ELZE MENDES DE AGUIAR;AV AGRONOMO JOSE ALVES, S/N - SEDE
IGUATU;13;24;PLANALTO;ESCOLA DE ENS MEDIO AMELIA FIGUEIREDO DE LAVOR;RUA 13 DE MAIO SN
URUOCA;25;173;CAMPANARIO;E.E.F. NE CONRADO;AV. ALBERTO BATISTA FONTENELE, 21
IGUATU;13;49;VILA BRASILIA;LICEU DE IGUATU DR JOSE GONDIM;RUA 25 DE MARCO S/N
FARIAS BRITO;62;183;SEDE;EEFM GABRIEL BEZERRA DE MORAIS;RUA LIROMÁ FERNANDES DE OLIVEIRA, 266
HORIZONTE;78;348;CACHOEIRA;EMEF MARIA JOSÉ DE SOUSA;RUA LEOCLECIO PEREIRA, 221
SÃO GONÇALO DO AMARANTE;36;77;VARZEA REDONDA;ESCOLA DE ENSINO FUNDAMENTAL JOAQUIM PACHECO MENEZES;VARZEA REDONDA
MIRAÍMA;89;287;CRUZEIRO;EEFM JOSEFA BRAGA BARROSO;RUA DEZINHO TEIXEIRA
MARACANAÚ;104;363;PAJUÇARA;EMEF MARIA PEREIRA DA SILVA;RUA JUSTINO DE SOUSA, 842
MARACANAÚ;104;418;BOA VISTA;EMEIEF COMISSÁRIO FRANCISCO BARBOSA;RUA 11, 116
MARACANAÚ;104;439;JEREISSATI I;EEMTI PROFESSOR ANTÔNIO MARTINS FILHO;AVENIDA III, S/N
FORTALEZA;115;427;VILA PERI;CENTRO DE EDUCAÇÃO PEDAGÓGICO EÇA DE QUEIROZ;RUA DOM XISTO ALBANO 611
HORIZONTE;78;82;CENTRO;EMEF PROFESSORA RAIMUNDA DUARTE TEIXEIRA ;AV EUDES XIMENES, 83 - CENTRO 
MARANGUAPE;4;640;SANTOS DUMONT - MARANGUAPE;EMEIEF MARIA DE PAULA COLARES;RUA RUBENS HERBEST, 1020
SOBRAL;121;138;CENTRO;EEM PROFESSOR ARRUDA;RUA CEL. MONT'ALVERNE, 570
CRATO;27;95;SEMINÁRIO;EEIEF LICEU DIOCESANO DE ARTES E OFÍCIOS;RUA DUARTE JÚNIOR S/N
ARARENDÁ;48;162;DIAMANTE;ESCOLA MANOEL EVANGELISTA PONTES;LOCALIDADE DE DIAMANTE
TEJUÇUOCA;41;132;CENTRO-SEDE;ESCOLA MUNICIPAL SAO PEDRO;RUA JOSE BARROSO VALENTE SN
PEDRA BRANCA;59;45;MINEIROLANDIA;ESCOLA DE ENSINO FUNDAMENTAL E MEDIO DE MINEIROLANDIA;AV OLAVO BILAC SN
CRATEÚS;20;331;FATIMA II;EEFM LIONS CLUBE;RUA CLOVIS BEVILAQUA 1417
RUSSAS;9;67;CENTRO;ESCOLA DE ENSINO MÉDIO MANOEL MATOSO FILHO;AVENIDA MARIA RAMALHO, 336
FARIAS BRITO;62;203;BARREIRO DO JORGE;EEF JOAQUIM FERREIRA DOS SANTOS;VILA BARREIRO DO JORGE - DISTRITO DE QUINCUNCÁ
FARIAS BRITO;62;211;QUINCUNCA;EEF COSMO ALVES PEREIRA;RUA LADISLAU PEREIRA, 77
FORTALEZA;80;306;DIONISIO TORRES;ASSEMBLÉIA LEGISLATIVA - UNIVERSIDADE DO PARLAMENTO CEARENSE;RUA BARBOSA DE FREITAS, 2674
JIJOCA DE JERICOACOARA;30;406;ZONA RURAL;ESCOLA JOSÉ BRANDÃO DE ALBUQUERQUE;CORREGO PERDIDO
ALTO SANTO;86;12;BATOQUE;ESCOLA DE 1 GRAU LUIS CANDIDO MACIEL;SITIO BATOQUE
FORTALEZA;82;551;CRISTO REDENTOR;EEMTI LIONS JANGADA;RUA CAMÉLIA, 352
PARAIPABA;109;176;BOA ESPERANÇA;EEEP FLÁVIO GOMES GRANJEIRO;RUA MARIA MOREIRA, SN
FORTALEZA;116;455;BONSUCESSO;EM ANTONIO DIOGO DE SIQUEIRA;RUA ANSELMO NOGUEIRA 655
TABULEIRO DO NORTE;91;58;ALTO DO MENDES;ASSOCIAÇÃO DE MORADORES DO ALTO DO MENDES;SITIO ALTO DO MENDES
FORTALEZA;117;189;CONJUNTO ESPERANÇA;EEFM IRAPUAN CAVALCANTE PINHEIRO;AV E 305
BOA VIAGEM;63;144;CENTRO-SEDE;CAMARA MUNICIPAL;RUA ANTONIO DOMINGUES 320
SANTA QUITÉRIA;54;165;VILA SÃO COSME;ESCOLA MUNICIPAL SENADOR PAULA PESSOA;VILA SÃO COSME
CAUCAIA;120;184;BOM PRINCIPIO;E.E.I.E.F. CRISTIANO NUNES DE MELO;ROD. BR 020, KM 32, S/N - FEIJÃO
AQUIRAZ;66;67;GENIPAPEIRO;EMEF MANOEL ASSUNCAO PIRES;RUA PRINCIPAL S/N
BANABUIÚ;6;449;SITIÁ;EEF VANDERLEI DA SILVA AGUIAR;BARRA DO SITIÁ
IGUATU;13;25;PLANALTO;ESCOLA DE ENS MEDIO AMELIA FIGUEIREDO DE LAVOR;RUA 13 DE MAIO SN
FORTALEZA;1;729;MANUEL DIAS BRANCO;COLÉGIO CÍVICO MILITAR BATALHA DO RIACHUELO;R. E, 100 - MANUEL DIAS BRANCO
CAUCAIA;123;498;ARATURI (JUREMA);E.E.I.E.F. MONSENHOR ANDRÉ VIANA CAMURÇA;RUA NW-5, 40
TAUÁ;19;118;INHAMUNS;ESCOLA DESIDERIO DE SOUSA PEDROSA;VILA GUARIBAS
TAUÁ;19;63;COLIBRIS/SEDE;CEJA LUZIA ARAÚJO FREITAS;RUA ABIGAIL CIDRAO DE OLIVEIRA 51
MIRAÍMA;89;278;CAMPO ALEGRE;EEB JOSE RICARDO VENANCIO;RUA ANACELMO XAVIER
FORTALEZA;117;476;SIQUEIRA;COLÉGIO VENCER;RUA JARDIM PARUARA, 1108
CHORÓ;6;114;CENTRO;CEM DOM BOSCO;RUA ILDA BEZERRA PIANCÓ, 169, CENTRO
HORIZONTE;78;108;DOURADO;EMEF MARINA FERREIRA DE ALMEIDA;RUA DONA SINHÁ, 159
SOBRAL;24;124;SUMARÉ;EEM PROFESSORA CARMOSINA FERREIRA GOMES;RUA DAS FLORES, S/N
FORTALEZA;3;433;MEIRELES;EEFM PARÓQUIA DA PAZ;RUA VISCONDE DE MAUÁ, 905/A
FORTALEZA;118;609;MONDUBIM;EM CASIMIRO MONTENEGRO;AV. BERNARDO MANUEL, 11360
FORTALEZA;117;213;CONJUNTO ESPERANÇA;EEFM PROFA ADALGISA BONFIM SOARES;AV. DO CANAL, S/N, ESQUINA COM RUA 103 - CONJUNTO ESPERANÇA
SÃO GONÇALO DO AMARANTE;36;212;ARAPIXI;ESCOLA DE ENSINO MÉDIO WALDEMAR ALCANTARA;RUA MAJOR JOÃO MARTINS
GUAIÚBA;57;188;PINHEIRO;EEBM HILDA FRADIQUE ACCIOLY;RUA RAIMUNDO BANDEIRA, SN
BARROQUINHA;108;44;DISTRITO ARARAS;EEF MANOEL COSTA VIANA;SÃO CAETANO
MISSÃO VELHA;16;74;DISTRITO DE JAMACARU;EEF MARIA FECHINE DE ALENCAR;RUA FRANCISCO RODRIGUES DA CRUZ S/N
CAMOCIM;32;224;BRASILIA;EEF CORONEL LIBORIO GOMES DA SILVA;RUA HUMAITA, 780
JUAZEIRO DO NORTE;119;127;PIRAJA;ESCOLA AMALIA XAVIER;RUI BARBOSA 468
FORTALEZA;115;24;MARAPONGA;EEM  PROFESSORA DIVA CABRAL;RUA HOLANDA, 701
SOBRAL;24;639;JUNCO;EEFI NETINHA CASTELO;AV. JOHN SANFORD S/N
IGUATU;13;565;COHABS;CRECHE RAFAEL JEAN GONÇALVES DE FREITAS;RUA ANTONIO RODOVALHO DE ALENCAR
FORTALEZA;1;685;VICENTE PINZON;ESCOLA MUNICIPAL PROF BELARMINA CAMPOS;RUA MANOEL RODRIGUES MONTEIRO, 840
ITAPIPOCA;17;48;CENTRO;EEM JOAQUIM MAGALHÃES;RUA PERGENTINA ARAUJO S/N
JUAZEIRO DO NORTE;119;35;FREI DAMIAO;ESCOLA MARIO DA SILVA BEM;RUA VEREADOR RAIMUNDO JOSÉ DA SILVA
CAMPOS SALES;38;7;B. CENTRO;AGÊNCIA DA PREVIDÊNCIA SOCIAL -  INSS.;AVENIDA FRANCISCO ADEMAR DE ANDRADE, 967
HORIZONTE;78;385;BUENOS AIRES;EMEF MANOEL FELIPE DOS SANTOS;RUA ELIAS BENTO FERREIRA, 1976
JAGUARUANA;75;131;CURRALINHO DOS PATOS;E.E.F. RAIMUNDO FARIAS;CURRALINHO DOS PATOS
FORTALEZA;93;211;PREFEITO JOSÉ WALTER;CEI RACHEL DE QUEIROZ;RUA 41, S/N - II ETAPA
SANTANA DO CARIRI;53;53;SERRA DA GURITIBA;EMEIEF JOSE HOMEM DE SOUSA FILHO;GURITIBA, SN
ITAPIPOCA;17;745;BALEIA;EEB JOSE IRANI MENDES;MACEIO
MADALENA;63;195;SEDE;EEF VICENTE PATRICIO DE ALMEIDA;RUA PROFª ROSA ALMEIDA SOUSA, S/N - MACAOCA
MADALENA;63;192;SEDE;EEF RAIMUNDO PEREIRA MATOS;FAZENDA GUANABARA
FORTALEZA;112;450;EDSON QUEIROZ;UNIVERSIDADE DE FORTALEZA - UNIFOR;AVENIDA WASHINGTON SOARES, 1321
PENTECOSTE;50;153;SÃO PEDRO;EEIF PROFª. Mª GLAUCINEIDE FIRMIANO DA SILVA;AVENIDA PRESIDENTE JUSCELINO KUBITSCHEK, 703
IBARETAMA;6;229;DISTRITO DE OITICICA;EMEIF FRANCISCO JOSE DE FREITAS;DISTRITO DE OITICICA
FORTALEZA;83;761;PICI;ESCOLA MUNICIPAL ADROALDO TEIXEIRA CASTELO;RUA ALAGOAS 2267
SÃO GONÇALO DO AMARANTE;36;51;CENTRO;ESCOLA DE ENSINO MÉDIO EM TEMPO INTEGRAL ADELINO CUNHA ALCANTARA;RUA CORONEL NECO MARTINS 220 - SEDE
SÃO GONÇALO DO AMARANTE;36;272;RIACHO DOS GOMES;POSTO DE SAÚDE DO RIACHO DOS GOMES;RIACHO DOS GOMES
BARBALHA;31;146;SÍTIO SANTA CRUZ (CALDAS);EEF CORONEL GREGORIO CALLOU;SITIO SANTA CRUZ, S/N (7.36763 S, 39.36916 W)
AQUIRAZ;66;20;PATACAS;EMEF CLARENCIO CRISOSTOMO FREITAS;RODOVIA CE 040 SN ( SITIO  MEU CANTINHO)
MILAGRES;26;95;FRANCISCA DO SOCORRO;ESCOLA CLICERIO MARTINS PEREIRA;RUA VALADARES
BREJO SANTO;70;173;CABACEIRAS-SEDE;ESCOLA MUNICIPAL CLOTILDES MOREIRA TAVARES (TIDINHA);SITIO CABACEIRAS
TEJUÇUOCA;41;38;CENTRO-SEDE;CMEI DE ALFABETIZAÇÃO E LETRAMENTO MARIA MIRANDA GOMES;AVENIDA GABRIEL AGUIAR FILHO
CHORÓ;6;166;ÁREA RURAL DE CHORÓ;EEIF NEILTON CAMPELO;FAZENDA SÃO JOSE, S/N
FORTALEZA;93;77;MONDUBIM;EM JONATHAN DA ROCHA ALCOFORADO;RUA MARIA GOMES DE SÁ,1030 ARACAPÉ
CAMOCIM;32;252;SAO PEDRO;EEF GENERAL ANTONIO DA SILVA CAMPOS - BAIRRO SAO PEDRO;RUA SIQUEIRA CAMPOS S/N
VÁRZEA ALEGRE;62;57;IBICATU;EEF MARIA SIEBRA DE MORAIS;SÍTIO FORTUNA
MARANGUAPE;4;596;NOVO PARQUE IRACEMA - MARANGUAPE;EMEF NILO PINHEIRO CAMPELO;RUA NILO CAMPELO, 48
PACAJUS;49;346;CURIMATÃ;EEF MIGUEL RODRIGUES DOS SANTOS;CURIMATÃ
CROATÁ;74;39;SEDE;ESCOLA DE ENSINO MEDIO FLAVIO RODRIGUES;CENTRO
JUAZEIRO DO NORTE;119;438;LAGOA SECA;UNILEÃO - CAMPUS SAUDE (PRÓXIMO AABB);AVENIDA LEAO SAMPAIO, 400
FORTALEZA;83;788;ANTÔNIO BEZERRA;COLÉGIO DA POLÍCIA MILITAR DO CEARÁ GENERAL EDGARD FACÓ;AVENIDA MISTER HULL,  S/N - KM 1
CHAVAL;108;14;CENTRO;EEMTI MONSENHOR JOSÉ CARNEIRO DA CUNHA;RUA EDUARDO MOTA, N 201
CASCAVEL;7;102;GUANACES;ESC.ENS.FUND. ABDON DANTAS DE ALMEIDA;RUA EUFRASIO DANTAS SN - CENTRO
IGUATU;13;103;AREIAS I;ESCOLA DE ENS MÉDIO ADAUTO BEZERRA;RUA DEOCLECIO LIMA VERDE SN
FORTALEZA;1;810;VICENTE PINZON;ESCOLA MUNICIPAL FREI TITO DE ALENCAR LIMA;AVENIDA DIOGUINHO 5927
SOBRAL;24;94;CAMPO DOS VELHOS;EEM PROF. LUIS FELIPE;RUA CEL JOSE SILVESTRE, 760
ARNEIROZ;101;50;SANTA LUZIA;EEFM MARIA DOLORES PETROLA;RUA RAIMUNDO NONATO DE ARAÚJO, S/N
SÃO GONÇALO DO AMARANTE;36;297;ESPINHO-POVOADO;ESCOLA DE ENSINO FUNDAMENTAL VEREADOR CESARIO DE OLIVEIRA FILHO;ESPINHO
PACATUBA;57;278;MACACOS;EEIEF JARDIM BOM RETIRO;AV. ARARUNA 3635 - BOM RETIRO
ITAPIPOCA;17;65;ÁREA RURAL DE ITAPIPOCA;EEB FRANCISCO BEZERRA DE SOUZA;LAGOA DA CRUZ
QUIXERÉ;29;208;SEDE;CENTRO EDUC. CENECISTA IMACULADA CONCEIÇÃO;RUA JOAQUIM MOREIRA 260
FORTALEZA;115;335;PARANGABA;SESI - PARANGABA;AVENIDA JOÃO PESSOA, 6754
SÃO GONÇALO DO AMARANTE;36;319;PECEM-DISTRITO;ESCOLA DE ENSINO FUNDAMENTAL E MEDIO EDITE ALCANTARA MOTA;PECEM
ACOPIARA;60;23;CENTRO;EEF JOSE ADONIAS GURGEL DE ALBUQUERQUE;RUA JOAO PAULO II
ITAPIPOCA;17;67;URBANO TEIXEIRA;EEB ADAUTO BEZERRA;RUA JOAQUIM RODRIGUES TEIXEIRA
IPUEIRAS;40;210;TAPERA DO MEIO;EEF PEDRO FRANCISCO ALVES - TAPERA DO MEIO;TAPERA DO MEIO
UBAJARA;73;219;FURNALHÃO - DISTRITO DE ARATICUM;UBS - JOSÉ NORBERTO DE AZEVEDO;SÍTIO FURNALHÃO
APUIARÉS;50;140;ZONA RURAL;EEF MIGUEL SOARES GUIMARÃES;VILA SOARES
CRATO;27;139;SANTA FÉ;EEIEF PAULO LIMAVERDE;ROD. VICENTE TELES, SN. DISTRITO DE SANTA FÉ - SEDE.
CARIRIAÇU;71;96;FEITOSA;POSTO DE SAÚDE DO SÍTIO SAMAMBAIA;SÍTIO SAMAMBAIA
SENADOR POMPEU;12;108;SAO JOAQUIM;EEIEF ANTONIO JACOB FILHO;SAO JOAQUIM DE BAIXO
IPUEIRAS;40;172;AREIAS;EEI E FUNDAMENTAL JOSÉ SOARES CAVALCANTE - AREIAS;AREIAS
RERIUTABA;79;251;RAMPA;E.E.E.P. FRANCISCA CASTRO DE MESQUITA;RUA FRANCISCO ADJEMIR CASTRO, S/N
AURORA;69;109;INGAZEIRAS-DISTRITO;UBS DE INGAZEIRAS - BELARMINA ALENCAR DE MADEDO;DISTRITO DE INGAZEIRAS  S/N
SOBRAL;121;48;CENTRO;EEM PROFESSOR ARRUDA;RUA CEL. MONT'ALVERNE, 570
FORTALEZA;3;277;CENTRO;FAC. CATÓLICA DE FORTALEZA (SEMINÁRIO DA PRAINHA);RUA TENENTE BENÉVOLO, 201
IPU;21;69;DISTRITO;E.M.E.F. JOÃO SAMPAIO DE ARAUJO;VARZEA DO GILO