CRATO;27;170;CENTRO;COLÉGIO ÁGAPE ESTUDOS;RUA RATISBONA, 295
ARATUBA;105;85;CENTRO-SEDE;EEF PROFESSORA MARIA JULIA PEREIRA BATISTA;RUA TARGINO GOES S/N
IRAUÇUBA;41;230;SAO JOSE;ESCOLA DE 1º GRAU FRANCISCO ARAUJO CHAVES;SAO JOSE
AURORA;69;109;INGAZEIRAS-DISTRITO;UBS DE INGAZEIRAS - BELARMINA ALENCAR DE MADEDO;DISTRITO DE INGAZEIRAS  S/N
CRATO;27;32;CENTRO;COLÉGIO ÁGAPE ESTUDOS;RUA RATISBONA, 295
FORTALEZA;117;499;BOM JARDIM;EMEIF PROF. EDILSON BRASIL SOAREZ;RUA LOCAL 11 - CJ. TATUMUNDE
UBAJARA;73;133;CENTRO;POSTO DE SAUDE MARIINHA PINTO;RUA JOSE RUFINO PEREIRA, 214
FORTALEZA;113;31;JOSÉ BONIFÁCIO;COLÉGIO FARIAS BRITO PRÉ - VESTIBULAR;AV. BARÃO DO RIO BRANCO, 2424
ICÓ;15;66;ICOZINHO - DISTRITO;EMTIH - FRANCISCO ALBENIR DUARTE;RUA SAO VICENTE S/N
ARACOIABA;67;52;MILTON BELO-DISTRITO;ESCOLA MUNICIPAL MENINO JESUS DE PRAGA;FURNAS
SANTANA DO ACARAÚ;44;53;CENTRO;COLÉGIO SANTANENSE;RUA DR MANOEL JOAQUIM 1019
FORTALEZA;94;827;JARDIM GUANABARA;EMEIF LORHAN MARQUES MEDEIROS;RUA CREUZA ROCHA, 255
CAUCAIA;37;212;ICARAI;E.E.I.E.F FRANCISCO MARTINS DE MORAES;RUA BELARMINO JOSÉ, 201 - ICARAÍ
NOVO ORIENTE;99;147;ZONA RURAL;EEF MANOEL LUIZ DA SILVA;TRES IRMAOS
NOVO ORIENTE;99;67;ZONA RURAL;EEF LUIZ CANUTO;LAGOA DOS NERES
GRAÇA;79;166;SITIO CAMPESTRE;EEF PROFESSOR ANTONIO GERONIMO DA SILVA;SITIO CAMPESTRE
ARARIPE;68;95;DISTRITO RIACHO GRANDE;ESCOLA MUNICIPAL DAVI CUSTÓDIO DE OLIVEIRA - RIACHO GRANDE;RUA SAO FRANCISCO S/N
CAUCAIA;123;398;URUCUTUBA (JUREMA);E.E.I.E.F. FIRMINO SOARES DE MOURA;RUA RAIMUNDO FERREIRA ROCHA, S/N - URUCUTUBA
IBICUITINGA;47;52;CENTRO;EEB ENEAS FERREIRA NOBRE;RUA CAPITAO MANOEL ANTONIO 2180
FORTALEZA;2;657;PAUPINA;EMEIF GUIOMAR DA SILVA ALMEIDA;RUA PEROLINA DE MORAIS, 449
FORTALEZA;2;673;MESSEJANA;EEM DEPUTADO PAULO BENEVIDES;RUA ANGELICA GURGEL, 186
SABOEIRO;43;243;CENTRO;E.E.F. MANOEL GONCALVES DOS SANTOS (MUNICIPAL);RUA PRACA DA BANDEIRA, 109
CRATO;27;265;SANTA FÉ;EEIEF JOSÉ BATISTA DE LIMA;SÍTIO RIACHO FUNDO S/N
FORTALEZA;114;2;ÁLVARO WEYNE;COLÉGIO MANUEL DA SILVA (ÁLVARO WEYNE);RUA SÃO BERNARDO 181
FORTALEZA;1;749;CAIS DO PORTO;ESCOLA MUNICIPAL PROF. GODOFREDO DE CASTRO FILHO;AVENIDA JOSÉ SABÓIA  905
FORTALEZA;113;266;RODOLFO TEÓFILO;ESC. MUNICIPAL ANTONIO SALES RODOLFO TEÓFILO;RUA TAVARES IRACEMA, 675
ARNEIROZ;101;53;CENTRO - SEDE;GRUPO MUNICIPAL MARIA ANGELIM PETROLA;RUA CEL VIRGILIO TAVORA 48
CAUCAIA;37;493;MATOES;E.E.I.E.F. PAULO FERREIRA DA ROCHA;RUA BOA ESPERANÇA, S/N
LAVRAS DA MANGABEIRA;14;21;ALEM RIO - SEDE;ESCOLA DE 1 GRAU VIRGILIO AGUIAR GURGEL;RUA JOSE LOBO 450
LIMOEIRO DO NORTE;29;54;ÁREA RURAL;EEF CESAR CALS NETO;SITIO SUCUPIRA
FORTALEZA;115;212;SERRINHA;PROJETO ABC DA SERRINHA;RUA CONEGO LIMA SUCUPIRA, 1.487
CRATEÚS;20;190;MONTENEBO;ESCOLA DE CIDADANIA MARIA BEZERRA DE SOUSA;CABECA DA ONCA
PORANGA;40;78;SEDE;EMEB ITELVINA SILVINA DE PINHO - SEDE;AV. DR. EPITÁCIO PINHO
ACOPIARA;60;41;CENTRO;EEI ANEXO CDI MIGUEL G. DE OLIVEIRA;RUA EDUARDO GURGEL VALENTE S/N
CAUCAIA;120;362;GENIPABU;E.E.I.E.F. MIRTES SILVA DE MENEZES;RUA SAO JOSE, S/N - JARDIM DO AMOR
MARTINÓPOLE;25;77;CONJUNTO BENEDITO BARROS;E.E.M.T.I. PREF. DÁRIO CAMPOS FEIJÓ;RODOVIA CE, 362
JUAZEIRO DO NORTE;28;339;CENTRO;EEEP PROFESSOR MOREIRA DE SOUSA;DO CRUZEIRO 497
LIMOEIRO DO NORTE;29;138;BOA FE;EEF MARIA IDALINA DE FREITAS;RUA ESTEVAM REMIGIO, 3029
FORTALEZA;93;130;PREFEITO JOSÉ WALTER;COLEGIO 21 EDUCAR;AV JOAO DE ARAUJO LIMA, 1240 - II ETAPA
TAUÁ;19;219;MARROAS;ASS. ANANIAS DIAS DE OLIVEIRA (ANTIGA EEFI ANTÔNIO TOTÓ DE OLIVEIRA);TODOS OS SANTOS DE CIMA
FORTALEZA;114;225;FLORESTA;INSTITUTO EDUCACIONAL PRESIDENTE MEDICI;RUA CÉSAR CORREIA 973
FORTALEZA;1;632;CIDADE 2000;ESCOLA ESTADUAL ARQUITETO ROGERIO FROES;AVENIDA DAS GRAVIOLAS 1000
SOBRAL;24;664;DOMINGOS OLÍMPIO;EEFI EMILIO SENDIM;RUA EDUARDO DE ALMEIDA SANFORD, S/N
CAMOCIM;32;246;NOSSA SENHORA DE FATIMA;CRECHE SRA. EURIDICE FERREIRA DE MELO - NOSSASENHORA DE FATIMA;RUA CORITIBA, 205
FORTALEZA;114;288;BARRA DO CEARÁ;EMTI ALDEMIR MARTINS;AV. FRANCISCO SÁ, 7460
CANINDÉ;33;331;ZONA RURAL;EMEF CORONEL LEÔNIDAS CRUZ;LOCALIDADE DE FRESCO
QUIXADÁ;6;42;CAMPO NOVO;POLO DE ATENDIMENTO DO CAMPO NOVO;AV PRESIDENTE VARGAS, S/N
PINDORETAMA;7;126;CAPIM DE ROÇA;EMEB JOAQUIM NUNES VIEIRA;RUA JOAQUIM NUNES VIEIRA, 445
JAGUARUANA;75;30;FIGUEIREDO DO EPIFANIO;E.E.F. JOAQUIM VENANCIO;FIGUEIREDO
IRAUÇUBA;41;24;MISSI;ESCOLA MUNICIPAL JULIO CESAR DE AZEVEDO;RUA MANOEL BARBOSA MACIEL, SN
ITAREMA;98;181;ZONA RURAL;EMEF RAIMUNDO PEREIRA DO NASCIMENTO;ORIENTE
SÃO GONÇALO DO AMARANTE;36;313;LAGOINHA;CEI MARIA SOARES DE ALMEIDA;RUA MAJOR JOÃO MARTINS
CRATO;27;335;LAMEIRO;EEIEF ROTARY;AV. JOSÉ HORÁCIO PEQUENO, 1851
JATI;70;383;CARNAUBA-SEDE;ESCOLA MUNICIPAL DORALICE FERREIRA DE SOUSA;VILA CARNAUBA
RUSSAS;9;263;INGA;ESCOLA MUNICIPAL JOSE RICARDO DE MATOS;INGÁ
ERERÉ;10;115;CENTRO;E.E.F.M. SENADOR FERNANDES TAVORA ( ESPECIAL );RUA CAPITAO FRANCISCO RODRIGUES, 574
PACAJUS;49;233;UMARI DO MEIO;EEF FRANCISCO COSME DA SILVA;UMARI
CAMOCIM;32;200;CRUZEIRO;COLEGIO ESTADUAL PROF IVAN PEREIRA DE CARVALHO - CEPI;RUA RIACHUELO, SN
IGUATU;13;275;GADELHA;ESCOLA DE ENS FUND JOÃO ROCHA FIALHO;VILA GADELHA
ACOPIARA;60;131;CENTRO;LICEU DE ACOPIARA - DEP.FCO.ALVES SOBRINHO;RUA VICENTE CARLOS PINHEIRO,101
JAGUARIBARA;72;59;CENTRO;PROFESSORA MARIA BERNADETE NEVES;RUA TERTULIANO DE MELO, 279
MISSÃO VELHA;16;70;CENTRO;URCA (ANTIGO GINASIO PAROQUIAL);RUA CORONEL JOSE DANTAS, SN
MISSÃO VELHA;16;73;SEDE;CAMARA MUNICIPAL PALACIO JOSE CORREIA LIMA;RUA PADRE CICERO, SN, CENTRO.
PORANGA;40;98;SEDE;EEFM PRUDÊNCIO DE PINHO - SEDE;AV. DR. EPITÁCIO PINHO, 277, BAIRRO VILA NOVA
IRAUÇUBA;41;25;MISSI;ESCOLA MUNICIPAL JOSEFA CLOTILDE TABOSA BRAGA;RUA ANARIO BRAGA SN
FORTALEZA;117;381;BOM JARDIM;EM PROFESSOR JOSÉ FERREIRA DE ALENCAR;RUA SÃO FRANCISCO DO JARDIM, 557
FORTALEZA;83;517;BELA VISTA;COLEGIO CHRISTUS;AV. ENG. HUMBERTO MONTE, 1355
JUAZEIRO DO NORTE;28;325;SAO MIGUEL;COLÉGIO OBJETIVO;RUA DOUTOR FLORO, 776
FORTALEZA;115;306;JARDIM CEARENSE;EM JOÃO ESTANISLAU FAÇANHA;RUA ONZE, S/N - CONJUNTO CAMPO DOS INGLESES
PORANGA;40;79;SEDE;EMEB ITELVINA SILVINA DE PINHO - SEDE;AV. DR. EPITÁCIO PINHO
CAMOCIM;32;192;ZONA RURAL;EEF SÃO FRANCISCO - CORREGO DO BRACO;LOCALIDADE DE CORREGO DO BRACO
VIÇOSA DO CEARÁ;35;23;CENTRO;E.E.M DEPUTADO MANOEL RODRIGUES;RUA PROFESSOR JOÃO VIANA, S/N
VARJOTA;65;161;TRANSVAL;E.E.I.F. MELQUÍADES MUNIZ FARRAPO;TRANSVAL - ZONA RURAL
BOA VIAGEM;63;19;CENTRO-SEDE;EEF PE ANTONIO CORREIA DE SA;RUA JOSE RANGEL DE ARAUJO 22
PARACURU;109;4;CENTRO;E. M. E. F. PADRE JOAO DA ROCHA;RUA DES PONTES VIEIRA, 575
ACARAÚ;30;48;ZONA RURAL;ESCOLA CAROLINO LOPES ARAUJO;CELSOLANDIA
ACARAÚ;30;230;CENTRO;ESCOLA TOMAZ POMPEU DE SOUSA BRASIL;RUA JOSE JULIO LOUZADA 550
TIANGUÁ;81;228;ÁREA RURAL DE TIANGUÁ;E.E.F. JOÃO NUNES DE MENEZES;SÍTIO CIPÓ
TIANGUÁ;81;326;ÁREA RURAL DE TIANGUÁ;E.E.F. PROFª. OFÉLIA PORTELA MOITA;RUA 31 DE MAIO - SÍTIO CÓRREGO
FORTALEZA;80;378;TAUAPE;COLÉGIO SHALON;RUA TIBÚRCIO FROTA, 1530 COM OSVALDO CRUZ
CAMPOS SALES;38;158;B. GUARANI;E.E.I.F LUCIANO TÓRRES DE MELO - SEDE;RUA CELERINO  NEPOMUCENO DE CARVALHO - S/N
JUAZEIRO DO NORTE;28;203;CENTRO;COLÉGIO BATISTA DO CARIRI;RUA SAO PAULO 797
FORQUILHA;121;187;CENTRO;EEF DEP JOSE PARENTE PRADO(CENTRO SOCIAL);R MOCINHA VIANA 96
FORTALEZA;94;833;QUINTINO CUNHA;EEMTI MARIA JOSÉ SANTOS FERREIRA GOMES (CERE);RUA DONA LUCIA PINHEIRO, 93
JUAZEIRO DO NORTE;119;27;SANTA TEREZA;COLÉGIO MILITAR DE JUAZEIRO DO NORTE;CASTELO BRANCO SN
MAURITI;76;66;UMBURANAS-DISTRITO;EEF MAJOR JOAQUIM ANTONIO FURTADO;RUA JOSÉ OZÁRIO, S/N
LAVRAS DA MANGABEIRA;14;5;CENTRO - SEDE;CENTRO EDUCACIONAL PEQUENO PRÍNCIPE - CEPP;RUA DOS COQUEIROS, 82
SENADOR POMPEU;12;105;CODIA;EEIEF SEVERINO ALVES BEZERRA;SÍTIO AREIAS
FORTALEZA;115;457;MANOEL SÁTIRO;EM HENRIQUETA GALENO;RUA MAJOR MONTENEGRO 917
TRAIRI;97;149;GUALDRAPAS;EEF NOSSA SENHORA APARECIDA;GUALDRAPAS
FORTALEZA;80;295;VILA UNIÃO;ESCOLA MUNICIPAL PAPA JOÃO XXIII;AV TREZE DE ABRIL, 545
JAGUARIBE;10;58;VERTENTES;ESCOLA DO 1 GRAU JOSE DE ALENCAR;SITIO VERTENTES
JAGUARIBE;10;83;DISTRITO DE MAPUÁ;E.E.F. RAIMUNDO LIMA GOMES;RUA FRANCISCO ALVES MORAIS 794
PINDORETAMA;7;244;SEDE;EMEB PROFESSORA VERÔNICA PEREIRA DE ARAÚJO;RODOVIA CE-040, S/N, PINDORETAMA
FORTALEZA;93;289;PREFEITO JOSÉ WALTER;EM NELSON MANDELA;AV. C, 435
CRATEÚS;20;14;SÃO VICENTE;CENTRO DE ATENÇÃO PSICOSOCIAL DR. ABDORAL MACHADO (CAPS);RUA AUTON ARAGAO, SN
FORTALEZA;3;577;MEIRELES;WAYS BILINGUAL SCHOOL - UNIDADE MEIRELES;RUA NUNES VALENTE, 919
GUARAMIRANGA;5;225;PERNAMBUQUINHO-DISTRITO;ESCOLA RODRIGO DE ARGOLO CARACAS (PERNAMBUQUINHO);RODOVIA DE PERNAMBUQUINHO
BREJO SANTO;70;234;SAO FRANCISCO-SEDE;LICEU PROFESSOR JOSÉ TELES DE CARVALHO;AV. ANTONIO FLORENTINO DE ARAUJO 800
MUCAMBO;79;213;CENTRO;CENTRO EDUCACIONAL DEP MANOEL RODRIGUES;AV AGRONOMO JOSE ALVES 90
VARJOTA;65;165;EMPRÉSTIMOS;CENTRO EDUCACIONAL ESPECIALIZADO (APAE VARJOTA);RUA JOSÉ PINTO
FORTALEZA;82;83;CARLITO PAMPLONA;EM TERTULIANO CAMBRAIA;RUA MONSENHOR ROSA, 946
JUAZEIRO DO NORTE;119;115;ROMEIRAO;ESCOLA SESI/SENAI PADRE AZARIAS SOBREIRA;RUA JOSÉ MARROCOS, 2265
FORTALEZA;113;359;MONTESE;COLÉGIO ESTADUAL PRESIDENTE HUMBERTO CASTELO BRANCO;RUA IRMA BAZET, 210
PACAJUS;49;201;VILA DA MATA;EEF JOAO DE CASTRO E SILVA;RUA SEBASTIÃO PEDRO DA SILVA S/N
PACAJUS;49;298;ALDEIA PARQUE;EEF ALICE FERNANDES LOPES;RUA JOSÉ DOS SANTOS GIRÃO OLIVEIRA SN
AQUIRAZ;66;27;PREAOCA;EMEF JUVENAL PEREIRA FACANHA;ESTRADA COLUNA - CASCAVEL
REDENÇÃO;52;97;BOA FÉ (SEDE);ESCOLA CORONEL VICENTE FERREIRA DO VALE;RUA CORONEL HONORATO GOMES
FORTALEZA;94;790;ANTÔNIO BEZERRA;COLEGIO JULIA FIALHO;RUA JOSE ACIOLY 73
VIÇOSA DO CEARÁ;35;20;CENTRO;E.E.F PEQUENO POLEGAR;RUA SILVA JARDIM S/N
FORTALEZA;93;137;PREFEITO JOSÉ WALTER;COLEGIO VEGA;AVENIDA C, 160
SOBRAL;24;544;JOSÉ EUCLIDES;CENTRO DE CIÊNCIAS HUMANAS - CCH - UVA;AV. JOHN SANFORD, 1845
LIMOEIRO DO NORTE;29;157;ÁREA RURAL;CENTRO COMUNITÁRIO SETOR NH6;SETOR NH6
MAURITI;76;123;SEDE;EEF ANTONIO FURTADO DE OLIVEIRA;SITIO FURTUNA
TRAIRI;97;97;CORREGO DOS FURTADOS;EEF SINZINA  AZEVEDO;CORREGO DOS FURTADOS
FORTALEZA;2;156;LAGOA REDONDA;EMEIF MOREIRA DA ROCHA;AV ODILON GUIMARAES, 3860
FORTALEZA;3;625;ALDEOTA;COLÉGIO BATISTA - SANTOS DUMONT;RUA DESEMBARGADOR LEITE ALBUQUERQUE, 1056
SÃO GONÇALO DO AMARANTE;36;242;LIBERDADE;ESCOLA DE ENSINO FUNDAMENTAL MARIA DO SOCORRO GOUVEIA;RUA FRANCISCO DUARTE - LIBERDADE
HORIZONTE;78;376;MAL COZINHADO;EMEF DEPUTADO FEDERAL ULYSSES GUIMARAES;RUA MARIA PAULA 1231 - MAL COZINHADO
SOBRAL;121;155;TAPERUABA;EEMTI DEP. CESARIO BARRETO LIMA;AV. NOSSA SENHORA DO CARMO S/N CENTRO
FORTALEZA;115;99;PARANGABA;EMTI CAROLINO SUCUPIRA;RUA MUNDICA PAULA, 670
FORTALEZA;115;56;ITAPERI;UNIVERSIDADE ESTADUAL DO CEARA - UECE;AV DR. SILAS MUNGUBA, 1700
VIÇOSA DO CEARÁ;35;142;SITIO TOPE;E.E.I.F ALICE RODRIGUES PASSOS;SITIO TOPE
FORTALEZA;3;634;ALDEOTA;COLÉGIO BATISTA - SANTOS DUMONT;RUA DESEMBARGADOR LEITE ALBUQUERQUE, 1056
PIQUET CARNEIRO;12;124;CENTRO;EMEF REINO INFANTIL;RUA ZACARIAS PINHEIRO DA SILVA, S/N
EUSÉBIO;88;159;URUCUNEMA;EEF JOSEFA SA;RUA BEIRA RIO, 400 - MOSQUITO
MARACANAÚ;122;227;ACARACUZINHO;EMEF MANOEL RODRIGUES PINHEIRO DE MELO;AVENIDA CENTRAL, 2000
FORTALEZA;114;278;BARRA DO CEARÁ;EEEP PAULO PETROLA;RUA SAUDÁRIA, S/N - GOIABEIRAS
FORTALEZA;3;604;ALDEOTA;COLÉGIO SANTA CECÍLIA;AV. SENADOR VIRGÍLIO TÁVORA, 2000
VIÇOSA DO CEARÁ;35;92;ZONA RURAL;E.E.I.F DÍLIA ALVES PEREIRA;SITIO URUOCA
JUAZEIRO DO NORTE;28;242;FATIMA;EEF JOSE FERREIRA MENEZES;PEDRO GUILHERME DA SILVA S/N
COREAÚ;64;38;Mota;MOTA - ESCOLA MUN. RDO. BARROSO TABOSA;LOCALIDADE MOTA
FORTALEZA;2;112;MESSEJANA;EMEIF DEMOCRITO ROCHA;RUA PADRE PEDRO DE ALENCAR, 2012
FORTALEZA;82;701;ÁLVARO WEYNE;COLÉGIO MANUEL DA SILVA (CARLITO PAMPLONA);RUA ASSIS BEZERRA, 25
CRATEÚS;20;89;LAGOA DAS PEDRAS;ESCOLA DE CIDADANIA JOAQUIM BRAZ DE OLIVEIRA;LAGOA DAS PEDRAS I
APUIARÉS;50;216;CONJUNTO FRANCISCO BERNARDO;EEF MATILDE BARBOSA GOIS;RUA JOSÉ NOJOSA FREITAS, 100
FORTALEZA;114;285;JARDIM IRACEMA;EEMTI PROFESSORA BALBINA JUCA ALBUQUERQUE;AVENIDA MAJOR ASSIS 346
FORTALEZA;117;449;MANOEL SÁTIRO;EMEIF MARIA BEZERRA QUEVEDO;RUA 103, 28 - CJ. NOVO MONDUBIM
FORTALEZA;85;201;CONJUNTO CEARÁ I;EMEIF EDILSON BRASIL SOAREZ - UV 3;RUA 303D, N 67, 2 ETAPA
ACOPIARA;60;141;TRUSSU;EEF JULIA BARRETO;SITIO TRAVESSAO
MARACANAÚ;122;147;MUCUNA;EMEF MANOEL ROSEO LANDIM;RUA OSCAR FERREIRA DE BRITO, 161
CAUCAIA;120;80;TUCUNDUBA;E.E.I.E.F. JOSÉ NUNES DE MIRANDA;BR 020 - TUCUNDUBA, S/N
CAUCAIA;120;372;CAPUAN;SALAO PAROQUIAL DE CAPUAN;AVENIDA PROFESSORA LETÍCIA MARQUES CAVALCANTE, S/N
AQUIRAZ;66;132;JUSTINIANO DE SERPA;EMEF ISIDORO DE SOUSA ASSUNCAO (ABC);RUA RUFINO CORREIA DE ASSUNCAO S/N
CAUCAIA;120;378;PADRE JULIO MARIA;EEIEF JOSE OLAVO MOREIRA;RUA SÃO PAULO, S/N
JUAZEIRO DO NORTE;119;413;SANTA TEREZA;ESCOLA ADAUTO BEZERRA (SEGUNDO GRAU);CASTELO BRANCO SN
ITAITINGA;78;285;JABUTI;EEF HENRIQUE GONÇALVES DA JUSTA;RUA SEBASTIÃO CAJUEIRO, 797
ITAITINGA;78;387;PARQUE GENEZARÉ;EEF DONA CONCEIÇÃO;RUA DR. MANOEL SÁTIRO, N 132
FORTALEZA;3;579;MEIRELES;ESCOLA DE SAÚDE PÚBLICA DO CEARÁ;AV. ANTÔNIO JUSTA, 3161
MARANGUAPE;4;523;GUABIRABA - MARANGUAPE;EMEF SANTA RITA;RUA WALTER LOPES, S/N
EUSÉBIO;88;102;TIMBU;EEF EDUARDO ALVES RAMOS;ESTRADA DO FIO, 3603 - TIMBU
GRANJEIRO;62;172;SÍTIO PICADAS;EEF ANTONIO CARLOS PINHEIRO;SITIO PICADAS
FORTALEZA;80;329;JOAQUIM TÁVORA;COLÉGIO ANTARES IRMÃ MARIA (ANTIGO IRMÃ MARIA MONTENEGRO);RUA PINHO PESSOA 681
FORTALEZA;117;480;SIQUEIRA;CEI FRANCISCA DE ABREU LIMA;RUA C -  ESQUINA COM A RUA LUIZ MONTENEGRO, S/N
FORTALEZA;2;434;LAGOA REDONDA;EM PROFª FERNANDA MARIA DE ALENCAR COLARES;AV PROF. ARTHUR DE CARVALHO, 1540
SANTANA DO CARIRI;53;61;BOA VISTA;EMEIEF JOÃO EUSÉBIO DA SILVA;SÍTIO BOA VISTA, SN
CASCAVEL;7;285;SEDE;E.E.F. PROFESSORA ANA LÚCIA DA SILVA (COHAB);AV. JOÃO MOREIRA DE PAULA, COHAB
MADALENA;63;246;CENTRO;EEF ALVARO DE ARAUJO CARNEIRO;MARIA ARMENIA BARBOSA, 299 - SANTA TEREZINHA
GRANJA;25;151;SÃO JOSE;E.E.F. SÃO JOSÉ (IBUGUAÇU);SITIO SÃO JOSÉ - IBUGUAÇU
CRATO;27;103;CENTRO;COLÉGIO ÁGAPE ESTUDOS;RUA RATISBONA, 295
PACOTI;5;199;VOLTA DO RIO;EMEF ROSA MAIA REBOUCAS (VOLTA DO RIO);SITIO VOLTA DO RIO
FORTALEZA;116;76;GRANJA PORTUGAL;EM CONCEICAO MOURAO;RUA DUAS NACOES 550
PARAMBU;19;387;OITICICA;EEIEF INACIO JORGE DA SILVA (ANTIGA ESCOLA GABRIEL ADERALDO);CACHOEIRA DO PUIU
ALCÂNTARAS;24;3;BELA VISTA;EEF INOCÊNCIA ALCÂNTARA FREIRE;RUA MONSENHOR FURTADO SN
COREAÚ;64;87;Araquém;ARAQUÉM - ESCOLA ESTADUAL Mª MENEZES CRISTINO;CE 240, KM 77 - DISTRITO DE ARAQUÉM, COREAÚ/CE
FORTALEZA;83;779;JOÃO XXIII;CENTRO DE FORMAÇÃO E DESENV. PARA PROFISSIONAIS DA EDUCAÇÃO - FORMACE;RUA PORTO VELHO, 401
TABULEIRO DO NORTE;91;10;CENTRO;CRECHE MARIA ANALIA DE LIMA;RUA MANOEL FRANKLIN,  4117
FORTALEZA;113;51;JOSÉ BONIFÁCIO;COLÉGIO FARIAS BRITO;RUA SENADOR POMPEU, 2607
MARACANAÚ;104;197;JEREISSATI II;EMEIEF GENCIANO GUERREIRO DE BRITO;AVENIDA XII, N 3
FORTALEZA;93;303;MONDUBIM;CENTRO EDUCACIONAL BRAGA GUERRA;RUA D, N 414
CEDRO;13;555;JARDIM AFONSO CELSO;ESCOLA DE ENS FUND E MEDIO ESTEFANIA DA SILVA;R JOAQUIM MARQUES SN
GUAIÚBA;57;184;PINHEIRO;EEBM HILDA FRADIQUE ACCIOLY;RUA RAIMUNDO BANDEIRA, SN
FORTALEZA;1;861;CIDADE 2000;ESCOLA MUNICIPAL ODNILRA CRUZ MOREIRA;AVENIDA DAS ADENANTERAS 800
TARRAFAS;18;154;ZONA RURAL;ESCOLA DE 1 GRAU FRANCISCO ELIANUBIO LACERDA;SITIO IPUEIRAS - ZONA RURAL
MISSÃO VELHA;16;86;ZONA RURAL;UBS CACHOEIRA ( ANTIGA CRECHE LETÍCIA RIBEIRO);SITIO CACHOEIRA
CAMOCIM;32;151;CENTRO;INSTITUTO SAO JOSE;PRACA JOSE SEVERIANO MOREL N 1493
ITAPIPOCA;17;98;ASSUNÇÃO;EEB GERARDO MESQUITA;ARARA DO MEIO
ITAPIPOCA;17;37;CENTRO;EEFM ANASTACIO ALVES BRAGA;AV DUQUE DE CAXIAS 888
CAUCAIA;123;461;ARATURI (JUREMA);E.E.I.E.F. MONSENHOR ANDRÉ VIANA CAMURÇA;RUA NW-5, 40
CAUCAIA;123;489;SÃO MIGUEL (JUREMA);E.E.F.M. ROTARY CLUB;RUA SÃO LUCAS, S/N - CONJUNTO SÃO MIGUEL I
MARACANAÚ;104;95;JEREISSATI I;EEMTI PROFESSOR ANTÔNIO MARTINS FILHO;AVENIDA III, S/N
PACATUBA;57;286;MACACOS;EEIEF JARDIM BOM RETIRO;AV. ARARUNA 3635 - BOM RETIRO
VIÇOSA DO CEARÁ;35;97;SITIO TOPE;E.E.I.F ALICE RODRIGUES PASSOS;SITIO TOPE
TAUÁ;19;246;SANTA TEREZA;ESCOLA BENEVENUTO NONATO DE ALMEIDA;SANTO ANTONIO
CAMPOS SALES;38;32;B. BARRAGEM;E.E.F.T.I - TAB. VICENTE ALEXANDRINO DE ALENCAR - SEDE;RUA RAIMUNDO INÁCIO DE FIGUEIREDO,S/N
HIDROLÂNDIA;54;224;CAIXA D'ÁGUA;CRECHE PLÁCIDO MARTINS TORRES;RUA SEM DENOMINAÇÃO OFICIAL, SN.
MUCAMBO;79;234;POCO VERDE;ESCOLA FRANCISCO RICARDO DA SILVA;POCO VERDE
LIMOEIRO DO NORTE;29;68;ÁREA RURAL;UNIDADE ESCOLAR NH4;SETOR NH4
VIÇOSA DO CEARÁ;35;89;SITIO DELGADA;E.E.F. FRANCISCO SALES RODRIGUES;SITIO DELGADA
VIÇOSA DO CEARÁ;35;2;CENTRO;E.E.M DR JULIO DE CARVALHO;RUA JOSE JOAQUIM DE CARVALHO, 496
JUAZEIRO DO NORTE;119;456;CAMPO ALEGRE;ESCOLA PROFESSORA ODETE OLIVEIRA MONTEIRO;AVENIDA MARIA LETICIA LEITE PEREIRA, SN
SOBRAL;24;380;CAMPO DOS VELHOS;EEM PROF. LUIS FELIPE;RUA CEL JOSE SILVESTRE, 760
URUOCA;25;109;BALIZA;E.E.F. DONA ALCIDIA SALES;FAZENDA BALIZA
FORTALEZA;116;271;GRANJA LISBOA;EM DOM LUSTOSA;RUA GERALDO BARBOSA 3901
TRAIRI;97;58;TIMBAUBA;ASSOCIAÇÃO DOS MORADORES DE TIMBAUBA-ASMOTI;TIMBAUBA
FORTALEZA;1;900;VICENTE PINZON;ESCOLA MUNICIPAL PROF BELARMINA CAMPOS;RUA MANOEL RODRIGUES MONTEIRO, 840
CASCAVEL;7;1;CAPONGA;E.E.F.M. RONALDO CAMINHA BARBOSA;ESTRADA DO PRATIUS, 1985
FORTALEZA;1;581;PAPICU;ESCOLA ESTADUAL MARIA JOSE MEDEIROS;RUA DESEMBARGADOR LAURO NOGUEIRA 1240
ACARAPE;52;149;RIACHÃO DO NORTE;ESCOLA RAIMUNDO ALVES;RIACHÃO DO NORTE
FORTALEZA;93;268;PLANALTO AYRTON SENNA;EM ADALBERTO STUDART FILHO;RUA DO CAMPO, 25
CRATO;27;307;SÃO BENTO;EEIEF CEL. FILEMON FERNANDES TELES;RUA CÍCERO PIERRE PEREIRA, SN. VILA SÃO BENTO
FORTALEZA;118;262;SERRINHA;EEFM PROFESSOR JADER MOREIRA DE CARVALHO;RUA PROFESSORA HELOISA FERREIRA LIMA, 420
PEDRA BRANCA;59;37;CENTRO;ESCOLA DE ENSINO FUNDAMENTAL E MEDIO FRANCISCO VIEIRA CAVALCANTE;RUA JOAQUIM CAVALCANTE 55
VIÇOSA DO CEARÁ;35;4;CENTRO;COLÉGIO TENENTE ANGELO DE SIQUEIRA PASSOS;RUA FRANCISCO CALDAS DA SILVEIRA 180
FORTALEZA;115;177;PARANGABA;EM PROF. JOSE VALDIVINO DE CARVALHO;RUA GUARA, S/N
GROAÍRAS;65;123;ZONA RURAL;EEF JOSE ANTONIO DE VASCONCELOS;DISTRITO JUA
TRAIRI;97;11;MUNDAU;EEF ZEFINHA RIBEIRO BARROSO MUNDAU;MUNDAU
CHOROZINHO;49;41;PARQUE SAO JOSE;EEFM PADRE ENEMIAS FREIRE DE ALMADA;PRACA DOM JOSE DE MEDEIROS DELGADO SN
ITAITINGA;78;307;VILA MACHADO;EEF MANOEL MACHADO;RUA FLORINDO RODRIGUES, 101
HORIZONTE;78;418;JENIPAPEIRO;UNIDADE PRISIONAL DE ENSINO, CAPACITAÇÃO E TRABALHO;ESTRADA DA COLUNA, CE-350, KM 3, S/N - HORIZONTE
AQUIRAZ;66;340;SITIO GUARDA;EMEF VINDINA ASSUNCAO DE AQUINO;AV PETRONILIA PEREIRA S/N
FORTALEZA;118;663;PASSARÉ;EEMTI DEPUTADO PAULINO ROCHA;RUA PROFESSOR JOSE SILVEIRA, 528
FORTALEZA;115;258;PARANGABA;EMTI CAROLINO SUCUPIRA;RUA MUNDICA PAULA, 670
CROATÁ;74;178;DISTRITO;ESCOLA MUNICIPAL PROFESSORA ANTÔNIA RIBEIRO (LAGOA DA CRUZ);LAGOA DA CRUZ
SANTANA DO ACARAÚ;44;154;CONCEIÇÃO II;GRUPO ESCOLAR CORACAO DE JESUS;CONCEICAO II
SENADOR POMPEU;12;169;SEDE;EEIEF ARISTIDES BATISTA DA SILVA;SITIO PATU S/N
SOBRAL;24;566;PADRE PALHANO;EEFI MARIA JOSE FERREIRA GOMES;RUA PRESIDENTE JUSCELINO KUBITSCHEK, S/N
FORTALEZA;83;585;JÓQUEI CLUBE;COLÉGIO LUCÊ;RUA CUIABA 155
LIMOEIRO DO NORTE;29;111;BOM JESUS DO CRUZEIRO;EEF TEREZINHA LANDIM ESTACIO;TRIANGULO DE LIMOEIRO
LIMOEIRO DO NORTE;29;181;LUIZ ALVES DE FREITAS;CENTRO DE EDUCAÇÃO INFANTIL MARIA DE FÁTIMA LIMA GUIMARÃES;RUA CLAUDIO BENEVIDES, S/N
CAUCAIA;123;522;ARATURI (JUREMA);E.E.I.E.F. MONSENHOR ANDRÉ VIANA CAMURÇA;RUA NW-5, 40
CAUCAIA;123;326;PARQUE POTIRA (JUREMA);COLÉGIO ESTADUAL LICEU DE CAUCAIA;RUA ARAQUÉM, 1100 - PARQUE POTIRA (JUREMA)
ITAREMA;98;183;ZONA RURAL;EMEF ALTAIR GIFFONI;CE 434 KM 1- GARGOE
FORTALEZA;112;499;CIDADE DOS FUNCIONÁRIOS;COLEGIO MASTER SUL;RUA BENJAMIM MOURA, 631
CRATO;27;328;VILA LOBO;EEIEF ANTÔNIO ANTUÉRPIO GONZAGA DE MELO;RUA ANTÔNIO ESMERALDO LEITE S/N
ITAPIPOCA;17;7;ÁREA NOBRE;EEB TEREZINHA DE SOUSA FERREIRA ALBUQUERQUE;RUA JOSÉ DE ALENCAR, 497
QUIXERÉ;29;212;SEDE;EEFM GOVERNADOR MANOEL DE CASTRO FILHO;RUA PADRE JOAQUIM DE MENEZES 1110
SANTA QUITÉRIA;54;49;BOA VIDA;COLÉGIO DOM BOSCO;RUA OTÁVIO TERCEIRO DE FARIAS, 245
LIMOEIRO DO NORTE;29;31;BIXOPÁ;EEF JOSE AFONSO FERREIRA MAIA;DISTRITO DE BIXOPA
FORTALEZA;115;27;MARAPONGA;EEM  PROFESSORA DIVA CABRAL;RUA HOLANDA, 701
ARACATI;8;157;CENTRO;COLEGIO MARISTA DE ARACATI;PRAÇA SÃO MARCELINO CHAMPAGNAT, 1
ARACATI;8;316;CACIMBA FUNDA;E.E.F. FRANCISCO AMARAL LIMA;CACIMBA FUNDA
SANTA QUITÉRIA;54;171;COHAB;ESCOLA MARIA ALMERINDA JUCÁ MAGALHÃES;CONJUNTO HABITACIONAL ANGÉLICA CATUNDA
CRATEÚS;20;227;CURRAL VELHO;ESCOLA DE CIDADANIA UMBELINO ALVES DA SILVA;CURRAL DO MEIO
MARACANAÚ;104;226;JEREISSATI II;EEEP GOVERNADOR LUIZ GONZAGA DA FONSECA MOTA;AVENIDA X, S/N
SÃO GONÇALO DO AMARANTE;36;284;SIUPE-DISTRITO;ASSOCIAÇÃO DOS MORADORES DO ASSENTAMENTO RURAL DO NOVO TAPUIO;NOVO TAPUIO
ITAREMA;98;149;ZONA RURAL;EMEF OSIRES PONTES;CARVOEIRO
ARACATI;8;267;NOSSA SENHORA DE FATIMA;E.E.F.M. RAIZES E ASAS;RUA SAO JUDAS TADEU S/N
VARJOTA;65;196;CROATÁ DOS MARTINS;E.E.I. ROSA PAIVA NOBRE;AV. GONÇALO EVARISTO,  N 02
INDEPENDÊNCIA;39;189;MONTE SINAI;E.E.F. JOAQUIM FERREIRA VIANA;RUA DA MATRIZ
JAGUARUANA;75;126;ASSENTAMENTO BELA VISTA;E.E.F. NOSSA SENHORA DO LIVRAMENTO;ASSENTAMENTO BELA VISTA
IGUATU;13;586;GADELHA;ESCOLA DE ENS FUND JOÃO ROCHA FIALHO;VILA GADELHA
CEDRO;13;496;SÃO MIGUEL;ESCOLA DE ENS FUND PEDRO MOREIRA DO CARMO;ST RECANTO
BARRO;92;26;IARA-DISTRITO;ESCOLA DE ENSINO BASICO DEP. ANTONIO LEITE TAVARES;BR 116 - KM 447
BATURITÉ;5;32;CHORO BOA VISTA-FAZENDA;EMEF VICENTE JUSCIER BERNARDINO DE OLIVEIRA;CHORÓ BOA VISTA
JAGUARIBE;10;97;DISTRITO DE NOVA FLORESTA;EEIF ULISSES PARANHOS MAIA;RUA FRANCISCO GOMES DE CASTRO, 399
ORÓS;15;276;PEDREGULHO - SITIO;POSTO DE SAÚDE FRANCISCO COSMO RODRIGUES;SÍTIO PEDREGULHO
ORÓS;15;251;CENTRO;E.E.M. EPITÁCIO PESSOA;AV. JOSÉ GABRIEL BEZERRA, 274
URUOCA;25;79;ROBERTO DOURADO;E.E.F. MURILO AGUIAR;AV. JOÃO JOSÉ, N. 451
VIÇOSA DO CEARÁ;35;195;SITIO SERRADOR;CEI HIRAN FERREIRA LIMA ROCHA;SITIO SERRADOR
PALMÁCIA;4;168;CENTRO;EEMTI MARIA AMÉLIA PERDIGÃO SAMPAIO;RUA FRANCISCO DE QUEIROZ, 632
HORIZONTE;78;133;ANINGÁS;EMEF FRANCISCA MONTEIRO DE OLIVEIRA;RUA RAIMUNDO PEREIRA LIMA, 674 
GUAIÚBA;57;85;AGUA VERDE;EEBM FRANCISCO BANDEIRA TORRES;RUA OTAVIO MOREIRA, 47
IBIAPINA;73;81;SÍTIO LIMÃO;ESCOLA RAIMUNDO FERREIRA DE SOUSA;SÍTIO LIMÃO
IGUATU;13;95;COHABS;ESCOLA DE ENS MEDIO EDSON LUIZ CAVALCANTE DE GOUVEA;AVENIDA JUSCELINO KUBITSCHECK SN
ITAREMA;98;198;ZONA RURAL;EMEF JOSÉ ARAÚJO DA CUNHA;ANGICO
QUIXELÔ;13;166;CENTRO;EEF CRISTIANA VIEIRA DE ARAUJO;RUA PEDRO GOMES DE ARAÚJO S/N
ARACATI;8;50;CENTRO;E.E.F. SÃO MARCELINO CHAMPAGNAT;AV. CEL. ALEXANZITO, 1272
ITATIRA;33;165;CENTRO;EMEF ADELIDIA MAGNO DE OLIVEIRA;RUA PADRE JOSE LAURINDO SN
GRANJA;25;14;CENTRO;E.E.M. CEL LUIZ FELIPE;PRACA CEL. LUIZ FELIPE, 381
ITAPIPOCA;17;10;CENTRO;EEM JOAQUIM MAGALHÃES;RUA PERGENTINA ARAUJO S/N
AURORA;69;29;ARACA-SEDE;E.E.I.F. ROMAO SABIA;RUA PROJETADA  S/N
FORTALEZA;83;241;BELA VISTA;EEMTI ESTADO DO AMAZONAS;RUA MONSENHOR FURTADO 2327
SABOEIRO;43;231;CENTRO;E.E.F. OLAVO OLIVEIRA, ANEXO;RUA AMELIA LIMA BRAGA 81
IRACEMA;86;115;CAMPO;E.E.F. JOAQUIM DE HOLANDA CAMPELO;RUA ARCINDO DE HOLANDA NEGREIRO, 130
ARACOIABA;67;8;CENTRO-SEDE;CENTRO EDUCACIONAL CORONEL PEDRO GUEDES ALCOFORADO - CNEC;RUA MANOEL GUEDES 47
VIÇOSA DO CEARÁ;35;58;SITIO OLARIA;E.E.F REGINALDO CARNEIRO DA CUNHA;SITIO OLARIA
BARREIRA;52;175;CENTRO;ESCOLA DANÍSIO DALTON DA ROCHA CORRÊA;AV. FRANCISCO TORRES DA GAMA, N. 161
PACAJUS;49;9;CENTRO;EEF ARACY GONZAGA DA SILVA;RUA CORONEL CICERO NOGUEIRA DE QUEIROZ 827
JARDIM;119;299;CENTRO;ESCOLA DR. ROMAO SAMPAIO;RUA JOSE MARROCOS 240
FORTALEZA;114;135;JARDIM IRACEMA;EM JOSÉ DE ALENCAR;RUA ALBERTO FERREIRA 248
FORTALEZA;114;350;BARRA DO CEARÁ;INSTITUTO EDUCACIONAL HUMANISTA;RUA CAUBI, 478
FORTIM;8;102;PONTAL DE MACEIO;EEFTI. PROFESSORA EMILIA QUEIROZ;PONTAL DE MACEIO
JAGUARUANA;75;109;VOLTA;E.E.F. BENEVOLO GOMES DINIZ (VOLTA);VOLTA
JUAZEIRO DO NORTE;119;16;SANTA TEREZA;COLEGIO POLIVALENTE;JOSE MARROCOS SN
CANINDÉ;33;276;ZONA RURAL;EDEFM GAMELEIRA (COMUNIDADE INDÍGENA);COMUNIDADE INDÍGENA DE GAMELEIRA
BOA VIAGEM;63;52;IPIRANGA;EEF MANOEL GENUINO VIEIRA;IPIRANGA
FORTALEZA;114;178;CRISTO REDENTOR;EEFM SÃO JOSÉ DOS ARPOADORES;RUA FRANCISCO CALAÇA 90
IRACEMA;86;108;CENTRO;E.E.F.M. DEP JOAQUIM DE  FIGUEIREDO CORREIA;RUA ANTONIO HOLANDA MORAES, 136
FORTALEZA;3;614;ALDEOTA;COLÉGIO ESPAÇO ABERTO - DOM LUÍS;AV. DOM LUÍS, 730
AURORA;69;36;INGAZEIRAS-DISTRITO;ESCOLA DE ENSINO FUNDAMENTAL ANTONIO TELES DE PONTES;RUA DO COMERCIO
GUARACIABA DO NORTE;74;30;SEDE;ESCOLA DE ENSINO MEDIO MARIA MARINA SOARES;RUA 12 DE NOVEMBRO - CENTRO
FORTALEZA;3;286;PRAIA DE IRACEMA;SECRETARIA DA SAÚDE DO ESTADO DO CEARÁ;RUA ITAPIPOCA, 60
HORIZONTE;78;193;CENTRO;EEMTI MARIA DOLORES ALCÂNTARA E SILVA;AV. JUVENAL DE CASTRO, 645
ITAPIPOCA;17;83;ARAPARI;CASA DA SEMENTE  DE CABECEIRAS DO MUNDAÚ;CABECEIRAS DO MUNDAU
CRATO;27;154;CENTRO;EEIEF SÃO FRANCISCO;RUA BRIGADEIRO LEANDRO BEZERRA MONTEIRO, 406
CRATO;27;198;SÃO BENTO;EEIEF CEL. FILEMON FERNANDES TELES;RUA CÍCERO PIERRE PEREIRA, SN. VILA SÃO BENTO
FORTALEZA;118;235;PARQUE DOIS IRMÃOS;EM DOUTOR ABDENAGO DA ROCHA LIMA;RUA 114, 75 (CJ TUPAN MIRIM)
FORTALEZA;82;475;SÃO GERARDO;CEJA PAULO FREIRE;RUA OLAVO BILAC, 1300
FORTALEZA;114;343;PRESIDENTE KENNEDY;CENTRO DE REFERÊNCIA DE ASSISTÊNCIA SOCIAL DO PRES. KENNEDY - CRAS;QUADRA F S/N CONJUNTO CASTELO BRANCO
CAUCAIA;123;531;PARQUE GUADALAJARA (JUREMA);COLÉGIO PLENO DO CEARÁ - CPC;RUA PADRE ALFREDO NESI, 363 (ANTIGA RUA CAMPECHE )
INDEPENDÊNCIA;39;219;BISPADO;E.E.F. ANTONIO PINHEIRO PACIFICO DE LIMA;BISPADO
FORTALEZA;83;687;PICI;EEEP JÚLIA GIFFONI;RUA CORONEL MATOS DOURADO 1349
PARACURU;109;73;CAMPO DE AVIAÇÃO;E. E. M. T. I. PROFESSORA MARIA LUIZA SABOIA RIBEIRO;AVENIDA ANTONIO SALES
AURORA;69;105;VARZANTES-SITIO;E.E.I.F. CANDIDO ANTONIO DO NASCIMENTO;SITIO VARZANTES
FORTALEZA;112;50;JARDIM DAS OLIVEIRAS;EM MARIA DE LOURDES RIBEIRO JEREISSATI;RUA REINO UNIDO, 115
FORTALEZA;83;172;JÓQUEI CLUBE;EEFM HERACLITO DE CASTRO E SILVA;RUA SILVEIRA FILHO, 808
FORTALEZA;113;33;JOSÉ BONIFÁCIO;COLÉGIO FARIAS BRITO PRÉ - VESTIBULAR;AV. BARÃO DO RIO BRANCO, 2424
ALCÂNTARAS;24;442;VENTURA;EEFI FRANCISCO REINALDO DE MARIA;VENTURA
FORTALEZA;2;769;JOSÉ DE ALENCAR;COLÉGIO CHRISTUS SUL 3;AV ENGENHEIRO LEAL LIMA VERDE, 2500 - JOSÉ DE ALENCAR
CARIÚS;43;185;SITIO CACHOEIRINHA;EEIF DR MOACIR TAVARES;SITIO CACHOEIRINHA
PARACURU;109;18;CENTRO;E. E. M. HERMINIO BARROSO;CAP JOSE TELES, S/N
FORTALEZA;94;385;VILA VELHA;EMEF QUINTINO CUNHA;RUA MARIA CLARA 1263
BEBERIBE;84;53;SERRA DO FELIX;ESCOLA MUNICIPAL JOSE CORDEIRO;SURUBIM
FORTALEZA;82;378;MONTE CASTELO;EM PROFESSOR MARTINZ DE AGUIAR;RUA BERNARDO PORTO, 470
PACATUBA;57;147;PAVUNA;CENTRO DE EDUCACAO RURAL CLOVIS DE CASTRO PEREIRA;RUA CLOVIS DE CASTRO PEREIRA 235
FORTALEZA;93;227;PREFEITO JOSÉ WALTER;CENTRO DE INCLUSÃO TECNOLÓGICA E SOCIAL - CITS JOSÉ WALTER;AV. K, 330, SEGUNDA ETAPA
FORTALEZA;116;484;GRANJA LISBOA;EM JOAO MENDES DE ANDRADE;RUA B (CJ PALMARES), 1366
CAUCAIA;123;557;ARATURI (JUREMA);E.E.I.E.F. MONSENHOR ANDRÉ VIANA CAMURÇA;RUA NW-5, 40
CANINDÉ;33;382;PALESTINA;CAIC ALFREDO COELHO MAGALHÃES;RUA ANTONIO MONTEIRO DOS SANTOS SN
FORTALEZA;95;354;CAJAZEIRAS;EEMTI PROF. PAULO AYRTON ARAUJO - PRÉDIO ANTIGO;BR 116 KM 05, EM FRENTE AO ASSAÍ ATACADISTA
FORQUILHA;121;225;CARAÚNO;EEFI RAIMUNDO VIEIRA DIAS (POLO ESCOLA EDUARDO CAVALCANTE ARAGAO);POVOADO DE CARAUNO
FORTALEZA;2;352;MESSEJANA;COLÉGIO PAIVA ANDRADE;RUA INÁCIO MOREIRA, 133
GRANJEIRO;62;161;SÍTIO PICADAS;EEF ANTONIO CARLOS PINHEIRO;SITIO PICADAS
ITAPAJÉ;41;263;IRATINGA;ESCOLA MUNICIPAL ANGELICA VIEIRA;RUA VEREADOR TOMÁS FILHO SN
ITAREMA;98;112;CENTRO;EMEF MARIETA RIOS;RUA JOAO BATISTA RIOS S/N
IGUATU;13;299;JOSÉ DE ALENCAR;ESCOLA DE ENS FUND HERMENEGILDO JOSE DA SILVA;SITIO CAIPORA
FORTALEZA;94;326;VILA VELHA;COLEGIO SALOME BASTOS;RUA DESEMBARGADOR HERMES PARAHYBA 1120
ITAREMA;98;145;ZONA RURAL;EMEF OSIRES PONTES;CARVOEIRO
ITAREMA;98;204;ZONA RURAL;EMEF ALTAIR GIFFONI;CE 434 KM 1- GARGOE
PENTECOSTE;50;111;SEBASTIÃO DE ABREU;EMTI PREFEITO JOÃO GOMES DA SILVA;AVENIDA LEOPOLDO RAMOS - SERROTA
MORADA NOVA;47;231;CENTRO;CENTRO EDUCACIONAL MONSENHOR TABOSA;AV. MANOEL CASTRO, 440
PARACURU;109;34;CENTRO;E. E. M. HERMINIO BARROSO;CAP JOSE TELES, S/N
JUAZEIRO DO NORTE;119;95;SAO JOSE;ESCOLA ANTONIO FERREIRA DE MELO;RODOVIA JUAZEIRO/CRATO
FORTALEZA;2;809;CAMBEBA;SECRETARIA DA EDUCACAO - CAMBEBA;AVENIDA MINISTRO JOSE AMERICO, SN
FORTALEZA;94;936;VILA VELHA;EMEIF FRANCISCO EDILSON PINHEIRO;RUA N, 35
FORTALEZA;118;360;PASSARÉ;EM RAIMUNDO DE MOURA MATOS;AVENIDA DOIS DE MAIO, 1300
AQUIRAZ;66;42;IGUAPE;EMEF TIA ALZIRA;RUA LAGOA I
AQUIRAZ;66;164;FAGUNDES;CENTRO DE REABILITAÇÃO FÍSICA - PSF - FAGUNDES;CE-453 N 98
QUIXELÔ;13;295;ÁREA RURAL DE QUIXELÔ;ESCOLA DE ENS FUND ANTONIO ALVES RIBEIRO;RIACHO DO MEIO-SITIO
FRECHEIRINHA;81;281;CENTRO;ESCOLA DE ENSINO MÉDIO ANTONIO CUSTODIO;RUA TENENTE EUFRASIO, 133 - CENTRO
NOVA RUSSAS;48;191;PIÇARREIRA;ESCOLA MUNICIPAL SÃO JOSÉ  (PIÇARREIRA);LOCALIDADE DE PIÇARREIRA,
URUOCA;25;93;CAMPANARIO;E.E.F. FRANCISCO MARQUES VIEIRA;RUA JOSE CRISTINO, S/N
ANTONINA DO NORTE;18;9;POPULARES;ESCOLA FUNDAMENTAL ANTONIO MOTA;RUA SANTO ANTONIO S/N
FORTALEZA;1;859;PAPICU;COLEGIO ANTARES - OCELO PINHEIRO;RUA PROFESSOR OCELO PINHEIRO 101
FARIAS BRITO;62;186;SEDE;EEI JOANA ALVES BEZERRA;RUA ARACI FREITAS FRANCELINO, S/N
MARACANAÚ;122;28;CÁGADO;EMEIEF JOAO MAGALHAES DE OLIVEIRA;RODOVIA RAIMUNDO PESSOA DE ARAUJO 700
NOVA RUSSAS;48;65;PATRONATO;E.M.E.F. FRANCISCA DAS GRAÇAS T MESQUITA(ANTIGA EEFM MONSENHOR LEITÃO);RUA HERMENEGILDO MARTINS, 667
MISSÃO VELHA;16;85;ZONA RURAL;EEF JOAQUIM MANOEL SAMPAIO;SITIO EXTREMA
ITAPIPOCA;17;25;CRUZEIRO;EEFMI CORONEL MURILO SERPA;RUA ANASTACIO BARROSO VALENTE 318
IPAUMIRIM;92;111;CENTRO-SEDE;E.E.M.T.I. DOM FRANCISCO DE ASSIS PIRES;RUA VEREADOR HIGINO DINIZ, 110
FORTALEZA;83;797;JÓQUEI CLUBE;CENTRO UNIVERSITÁRIO ESTÁCIO - CAMPUS PARANGABA;AVENIDA SENADOR FERNANDES TÁVORA, 137
MASSAPÊ;45;18;GINASIO;CENTRO EDUCACIONAL MASSAPEENSE;RUA AMADEU ALBUQUERQUE 323
FORTALEZA;94;718;VILA VELHA;EMEIF HERONDINA LIMA CAVALCANTE;AV. AMBIENTALISTA ARY THIERS, 310
MAURITI;76;126;PALESTINA DO CARIRI-DISTRITO;EEF ANTONIO LEITE;SITIO GOMES
JUAZEIRO DO NORTE;119;63;ROMEIRAO;ARENA ROMEIRÃO;AVENIDA CASTELO BRANCO SN
FORTALEZA;115;289;ITAPERI;UNIVERSIDADE ESTADUAL DO CEARA - UECE;AV DR. SILAS MUNGUBA, 1700
FORTALEZA;118;558;MONDUBIM;EM PROFESSOR JACINTO BOTELHO;RUA DR. RODRIGO CODES SANDOVAL, 374
HORIZONTE;78;105;DOURADO;EMEF MARINA FERREIRA DE ALMEIDA;RUA DONA SINHÁ, 159
MIRAÍMA;89;236;CRUZEIRO;EEFM JOSEFA BRAGA BARROSO;RUA DEZINHO TEIXEIRA
JUAZEIRO DO NORTE;119;169;PIRAJA;ESCOLA DEMOSTENES RATTS BARBOSA;AILTON GOMES SN
QUIXERAMOBIM;11;69;PAUS BRANCO;ESCOLA FRANCISCO DE CASTRO CARDOSO;PAUS BRANCO
MARCO;96;123;DISTRITO DE PANACUI;EEF SENADOR VIRGILIO TAVORA;RUA JOSE DOMINGOS, S/N
EUSÉBIO;88;191;LAGOINHA;ESCOLA Mª DE FÁTIMA FAÇANHA SILVEIRA (LAGOINHA);RUA SÃO MIGUEL, 327 - LAGOINHA
PACOTI;5;195;SANTANA-DISTRITO;EMEF FERNANDO MOREIRA SALES (SANTANA);DISTRITO DE SANTANA
FORTALEZA;112;360;PARQUE MANIBURA;COLÉGIO ÁGAPE;AV HERMINIO DE CASTRO, 140
IPU;21;168;SEDE;E.M.E.F. PROFA. MARIA VALDEMIRA COELHO MELLO;RUA FRANCISCO ELMIRO MARTINS 450 - CANUDOS
CROATÁ;74;66;DISTRITO;ESCOLA MUNICIPAL JOVITA CHAVES (SANTA TEREZA);SANTA TEREZA
BARRO;92;60;CENTRO-SEDE;ESCOLA DE ENSINO BASICO MAURO SAMPAIO;RUA MAJOR JANUARIO S/N
FORTALEZA;117;267;CONJUNTO ESPERANÇA;EEEP DARCY RIBEIRO;RUA CONEGO DE CASTRO, S/N
FORTALEZA;114;346;BARRA DO CEARÁ;EMTI ALDEMIR MARTINS;AV. FRANCISCO SÁ, 7460
FORTALEZA;95;249;BARROSO;EMEIEF OTAVIO DE FARIAS;RUA JOAO FERREIRA, S/N
FORQUILHA;121;230;CACHOEIRA DOS LOURETOS;EEFI JOAO LOURETO DE SOUSA;COMUNIDADE MORADORES CACHOEIRA DOS LOURETO
MARACANAÚ;122;90;JAÇANAÚ;EMEF JOAQUIM AGUIAR;RODOVIA 065 KM 09 9821
JATI;70;386;CABOCLO-SEDE;PSF VILA CABOCLO;VILA CABOCLO
VIÇOSA DO CEARÁ;35;126;SITIO ASSEMIM;E.E.I.F FRANCISCO ROQUE DE ALMEIDA;SITIO ASSEMIM
JAGUARUANA;75;118;BORGES;UBASF RAIMUNDO SALES FAÇANHA (BORGES);BORGES
SÃO LUÍS DO CURU;23;335;BOA VISTA-POVOADO;CENTRO COMUNITARIO MARIA MATOS HERCULANO;BOA VISTA - POVOADO
PARACURU;109;17;CARNAUBA - POVOADO;PSF RAIMUNDO PEROTE VIANA;CARNAÚBA
URUBURETAMA;23;44;CENTRO;EEF MONS ANTERO JOSE DE LIMA;RUA FARM JOSE RODRIGUES 1154
MORADA NOVA;47;20;CENTRO;EEMTI EGIDIA CAVALCANTE CHAGAS;AV MANOEL CASTRO, 473
SABOEIRO;43;288;PALESTINA;E.E.F. MARIA DULCIMAR PEREIRA;SITIO PALESTINA
CROATÁ;74;47;DISTRITO;ESCOLA MUNICIPAL PROFESSORA MARIA DO CARMO MELO (BETANIA);BETANIA
CRATO;27;321;NOVO CRATO;EEMTI PREF. RAIMUNDO COELHO BEZERRA DE FARIAS;RUA FRANCISCO PIANCÓ LEITE S/N
CASCAVEL;7;129;PITOMBEIRAS;ESC.ENS.FUND. HILARIO BERNARDO DA SILVA;LOCALIDADE DE CRUZ
ALTANEIRA;53;4;CENTRO;EMEF JOAQUIM RUFINO DE OLIVEIRA;RUA PADRE AGAMENON COELHO, 202
APUIARÉS;50;23;CENTRO;UBS FRANCISCO NILTON GUIMARÃES SILVA;RUA 4, S/N
QUIXERAMOBIM;11;203;VILA SAO PAULO;ESCOLA ZILA ZILDA CARNEIRO;RUA CLEODON SIQUEIRA 1201
HORIZONTE;78;350;CENTRO;CEJAH LAURIZA VIEIRA LIMA ;RUA FRANCISCO PEREIRA DE AZEVEDO,164 
FARIAS BRITO;62;222;CARIUTABA;EEF PEDRO FERNANDES DE ALCANTARA;RUA ANTONIA DALICE DE OLIVEIRA, S/N  -  CARIUTABA
CRATO;27;224;SANTA FÉ;EEIEF JOSEFA SALVIANO DE ALMEIDA;SÍTIO CRUZEIRO
GENERAL SAMPAIO;50;199;ZONA RURAL;EMEIF SANTA LUCIA;PINDA II
FORTALEZA;114;209;FLORESTA;EM FRANCISCO SILVA CAVALCANTE;RUA CONSELHEIRO LAFAYETTE 205
ITAPIPOCA;17;16;CENTRO;EEM JOAQUIM MAGALHÃES;RUA PERGENTINA ARAUJO S/N
BOA VIAGEM;63;45;JACAMPARI;EEF FRANCISCO FELIX MARINHO;RUA PEDRO RODRIGUES PAÉ, S/N
FORTALEZA;94;718;VILA VELHA;EMEIF HERONDINA LIMA CAVALCANTE;AV. AMBIENTALISTA ARY THIERS, 310
FORTALEZA;3;304;CENTRO;EEMTI VISCONDE DO RIO BRANCO;AV. DOM MANUEL, 1803
CRATO;27;113;MURITI;EEIEF MELVIN JONES;RUA PEDRO GOMES DE NORÕES, 1877. SÍTIO SAQUINHO
BEBERIBE;84;91;PARIPUEIRA;ESCOLA MUNICIPAL DE UMARI;UMARI
FORTALEZA;85;309;CONJUNTO CEARÁ I;EEF JOSE MILITAO DE ALBUQUERQUE - UV-11-B;RUA MIL CENTO E QUARENTA E CINCO, 1 , 4A ETAPA
MORADA NOVA;47;10;CENTRO;SECRETARIA MUNICIPAL DE EDUCAÇÃO BÁSICA;RUA SARGENTO MACEDO, 315
SOLONÓPOLE;55;27;CANGATI;ESCOLA DE ENSINO FUNDAMENTAL SANTA MARIA GORETE;CANGATI
BOA VIAGEM;63;36;DOMINGOS DA COSTA;EEF DAVID VIEIRA CARNEIRO;R. SABINO PEREIRA, S/N - ZONA RURAL
PEREIRO;10;128;CENTRO;ESCOLA MUNICIPAL CLEONICE FREIRE DE QUEIROZ;RUA NEL QUEIROZ  257
CAUCAIA;123;468;PARQUE DAS NAÇÕES (JUREMA);E.E.I.E.F. MANUEL CAMILO;RUA BOGOTÁ, 119 -
SÃO BENEDITO;22;39;CENTRO-SEDE;ESCOLA DE ENSINO FUNDAMENTAL FARIAS BRITO;PRACA DOM COUTINHO 864
QUIXADÁ;6;364;CUSTÓDIO;EEF AUDISIO PINHEIRO;CUSTODIO, S/N
ASSARÉ;18;11;CENTRO;CAMARA MUNICIPAL;RUA EUCLIDES ONOFRE N-173
CARIÚS;43;206;SITIO RIACHO DO MEIO;EEI N. SRA. DO PERPÉTUO DO SOCORRO (ANTIGA JOSE OURICO F. LIMA);SITIO RIACHO DO MEIO
MARANGUAPE;4;129;LAGES;EMEF MIGUEL VIEIRA DA ROCHA;RUA BOA VISTA DOS VIEIRAS, S/N
BELA CRUZ;96;50;VARJOTA-LOCALIDADE;EMETI FRANCISCO DE ASSIS ARAUJO;VARJOTA
ITAPIPOCA;17;585;BARRENTO;EEB PEDRO PAULO DE SOUSA;BARRENTO
ITAPIPOCA;17;443;DESERTO;EEB MARIA DAS MERCES GOMES RODRIGUES;LAGOA DAS PEDRAS DOS RODRIGUES
IGUATU;13;114;JOSÉ DE ALENCAR;ESCOLA DE ENS FUND MARTA MARIA SOBREIRA;FRANCISCO HOLANDA MONTENEGRO
VÁRZEA ALEGRE;62;145;VARJOTA;EEF ZULMIRA SIEBRA LEITE;TRAVESSA NARANIU, 72
CANINDÉ;33;357;ZONA RURAL;EMEF POMPILIO LOPES;LOCALIDADE RENGUENCUE
CEDRO;13;545;LAGEDO;ESCOLA DE ENS FUND RAIMUNDA ALVES DINIZ;ST MANOEL ALEXANDRE I
ARACATI;8;35;CENTRO;E.E.F. DARCI RIBEIRO;RUA TEÓFILO PINTO, S/N.
MARANGUAPE;4;85;PAPARA;EMEIEF JOÃO LEITE;RUA FERNANDO SAMPAIO DE ANDRADE, S/N
REDENÇÃO;52;189;DISTRITO DE FAÍSCA;ESCOLA FRANCISCO JANUÁRIO DA COSTA;OLHO D'ÁGUA DO CONSTANTINO
FORTALEZA;117;497;PARQUE PRESIDENTE VARGAS;EEM PARQUE PRESIDENTE VARGAS;RUA FRANCISCO ALMEIDA, 940
SENADOR POMPEU;12;152;SEDE;CAPELA NOSSA SENHORA DE FÁTIMA;SÍTIO XAVIER
HORIZONTE;78;188;CENTRO;EEMTI MARIA DOLORES ALCÂNTARA E SILVA;AV. JUVENAL DE CASTRO, 645
CAUCAIA;123;402;MARECHAL RONDON (JUREMA);E.E.I.E.F. RAIMUNDO JERÔNIMO DE SOUSA;RUA JÚLIO ROCHA, 220 - KM 14/JUREMA
BOA VIAGEM;63;243;VARZEA DA IPUEIRA;EEF ANTONIO NUNES CAVALCANTE;VARZEA DA IPUEIRA
BEBERIBE;84;54;SERRA DO FELIX;ESCOLA MUNICIPAL JOSE CORDEIRO;SURUBIM
FORQUILHA;121;191;CENTRO;EEF DEP JOSE PARENTE PRADO(CENTRO SOCIAL);R MOCINHA VIANA 96
PACOTI;5;200;ROLADOR;EMEF SANTO ANTONIO (ROLADOR);SITIO ROLADOR
ITAITINGA;78;251;CARAPIÓ;EEF MANOEL NOVAIS DE OLIVEIRA;RODOVIA EDSON QUEIROZ, 3205
FORTALEZA;117;231;SIQUEIRA;EEFM SENADOR OSIRES PONTES;RUA DIVINA 150
MARCO;96;132;ZONA RURAL;CEI ZENAIDE OSTERNO;TRIANGULO DE MARCO - BR 403
EUSÉBIO;88;193;GUARIBAS;EEMF ADELINO BEZERRA;AV ACILON GONÇALVES PINTO, S/N - GUARIBAS
RUSSAS;9;63;VARZEA ALEGRE;CENTRO DE EDUCACAO INFANTIL ANA DE OLIVEIRA ROCHA SOMBRA;AV MARIA RAMALHO S/N
CATUNDA;54;80;CENTRO;E.E.F.M. MONSENHOR XIMENES;AVENIDA SETE DE SETEMBRO, SN.
PACATUBA;57;177;PAVUNA;EEIEF PEDRO DE SA RORIZ;RUA ZULEIDA DE SA RORIZ, 18
BELA CRUZ;96;180;RIACHO DA PRATA-LOCALIDADE;EMEIEF CRISPIM JOSE DA SILVA;RIACHO DA PRATA
MARACANAÚ;104;93;JEREISSATI I;EEMTI PROFESSOR ANTÔNIO MARTINS FILHO;AVENIDA III, S/N
OCARA;67;178;CENTRO-SEDE;ESCOLA MUNICIPAL LUIS CANDIDO DE OLIVEIRA - ENS FUND E MEDIO;AV CORONEL JOAO FELIPE SN
BEBERIBE;84;130;SUCATINGA;ESCOLA MUNICIPAL VICENTE JOSE FERNANDES;PIQUIRI II
BARROQUINHA;108;51;CENTRO;EEF CARMELITA VERAS DE PAULA;RUA AMBROZINA FÉLIX, 443
QUIXADÁ;6;206;JUATAMA;EEF RENATO DE ARAÚJO CARNEIRO;RUA FRANCISCO MOREIRA DE SOUZA,1324
FORTALEZA;82;240;PIRAMBU;EEFM GOVERNADOR FLÁVIO MARCÍLIO;AV. PASTEUR, 575
ITATIRA;33;387;ZONA RURAL;EMEF JOSÉ GERMANO FERREIRA;POÇO DA PEDRA
CARNAUBAL;22;4;CRUZEIRO;EEF ANTONIO RAIMUNDO DE MELO;AV PAULO SARASATE 539
FORTIM;8;100;PONTAL DE MACEIO;EEFTI. PROFESSORA EMILIA QUEIROZ;PONTAL DE MACEIO
JUAZEIRO DO NORTE;28;452;HORTO;EMEFTI VEREADOR FRANCISCO BARBOSA DA SILVA;RUA BOM JESUS DO HORTO
ACARAÚ;30;41;OUTRA BANDA;ESCOLA FRANCISCA ISAURA RIOS ROCHA;RUA CAPITAO ANTONIO RAIMUNDO SN
SANTA QUITÉRIA;54;205;PEREIROS;CRECHE COMUNITARIA MARIA DO SOCORRO PESSOA CATUNDA;PEREIROS
OCARA;67;232;SERENO DE CIMA-DISTRITO;ESCOLA MUNICIPAL SEBASTIAO FREIRES BRAGA - ENSINO FUNDAMENTAL;RUA VENUS SN - SERENO DE CIMA
PACOTI;5;175;CENTRO-SEDE;INSTITUTO MARIA IMACULADA;RUA IRMA FERRAZ 518
JUCÁS;43;100;CENTRO - SEDE;ESCOLA DE ENSINO MÉDIO LUIZA TAVORA;RUA HILDELY CAVALCANTE 120
FORTALEZA;82;189;MONTE CASTELO;EEMTI CLÁUDIO MARTINS;RUA DEMÓCRITO ROCHA, 400
EUSÉBIO;88;221;GUARIBAS;EEMF ADELINO BEZERRA;AV ACILON GONÇALVES PINTO, S/N - GUARIBAS
CEDRO;13;530;SÃO MIGUEL;ESCOLA DE ENS FUND LUIZ FERREIRA FERRO;ST CARIUZINHO
EUSÉBIO;88;249;GUARIBAS;EEF DAS GUARIBAS;RUA SÃO FRANCISCO, 84 - GUARIBAS
CEDRO;13;508;SANTO ANTÔNIO;ESCOLA DE ENS FUND VICENTE TEIXEIRA DE MOURA;ST ANGICO
MASSAPÊ;45;83;ZONA RURAL;E.M.T.I FRANCISCO SEVERO DE ARAÚJO ;MUMBABA DE BAIXO
BELA CRUZ;96;23;BRASILIA;CENTRO DE CONVIVÊNCIA SOCIAL JOÃO VENCESLAU ARAUJO;RUA JOÃO AMBRÓSIO,230
FORTALEZA;112;346;JARDIM DAS OLIVEIRAS;EEFM D. LUIZA TÁVORA - PRÓ MORAR;RUA FREI CANECA, 379
PARACURU;109;206;PARACURU BEACH;E. E. E. P. PROFESSORA ABIGAIL SAMPAIO - ESCOLA TÉCNICA;AV. JOÃO LOPES MEIRELES
QUIXERAMOBIM;11;236;MONTEIRO DE MORAIS;ESCOLA MARIA ARAUJO CARNEIRO;RUA DR SEBASTIAO CAVALCANTE, 58
FORTALEZA;113;238;PARQUELÂNDIA;EEFM ANTONIO SALES - PARQUELÂNDIA;RUA PROF. ANACLETO, 630
HIDROLÂNDIA;54;224;CAIXA D'ÁGUA;CRECHE PLÁCIDO MARTINS TORRES;RUA SEM DENOMINAÇÃO OFICIAL, SN.
FORTALEZA;85;199;CONJUNTO CEARÁ I;ESCOLA JOÃO PAULO II;AV C N. 1381 2 ETAPA
IPU;21;68;DISTRITO;E.M.E.F. JOÃO SAMPAIO DE ARAUJO;VARZEA DO GILO
FRECHEIRINHA;81;254;CENTRO;CRECHE INÊS EDITE PONTES;RUA SANTO ANTÔNIO, S/N, CENTRO
CANINDÉ;33;77;ALTO GUARAMIRANGA;EEFM FREI POLICARPO;RUA JOAO BASTOS 2027
PARAMBU;19;400;COCOCI;ESCOLA LEANDRO LOPES DA SILVA;OITI
QUITERIANÓPOLIS;99;86;CENTRO;EEIF GERÔNIMO ALVES DE ARAÚJO;R CEL RAIMUNDO DE OLIVEIRA  SN
OCARA;67;182;SERRAGEM-DISTRITO;ESCOLA MUNICIPAL VER JOSE PIRES DE FREITAS - ENSINO FUNDAMENTAL;ESTRADA DO ALGODAO-SERRAGEM
PARACURU;109;75;MURITI;E. M. E. I. F. MANUEL GERALDO LOPES;RUA PRINCIPAL, S/N
CHOROZINHO;49;85;PATOS DOS LIBERATOS;EEF LUIS LIBERATO DE CARVALHO;LOCALIDADE PATOS DOS LIBERATOS
ARARIPE;68;22;SITIO TEIXEIRAS;ESCOLA MUNICIPAL JOSÉ VELOSO - SÍTIO TEIXEIRAS;SITIO TEIXEIRAS
FORTALEZA;112;539;CIDADE DOS FUNCIONÁRIOS;COLÉGIO DÁULIA BRINGEL;RUA TRAJANO ALVES DE AGUIAR, 55
TRAIRI;97;45;MIRANDINHA DOS FELISBERTO;EEF RAIMUNDO FELISBERTO;MIRANDINHA DOS FELISBERTO
JUAZEIRO DO NORTE;28;325;SAO MIGUEL;COLÉGIO OBJETIVO;RUA DOUTOR FLORO, 776
PARAIPABA;109;191;ALTO CIPÓ;P. A. DE UNIDADE BÁSICA DE SAÚDE DE CAMBOAS E ALTO DO CIPÓ;ALTO DO CIPÓ, SN
FORTALEZA;116;421;BONSUCESSO;EM MARIA DO SOCORRO ALVES CARNEIRO;RUA LUIS VIEIRA 1020
FORTALEZA;116;73;GRANJA PORTUGAL;CRECHE PEQUENO MUNDO DE FLORA;RUA ANTONIO NERI, 1350
FORTALEZA;116;197;GRANJA LISBOA;EM PROF LIREDA FACO;RUA TRES CORACOES 735
BARRO;92;13;CENTRO-SEDE;ESCOLA DE 1 GRAU SOCORRO FALCAO;RUA MAJOR JANUARIO S/N
MORADA NOVA;47;68;ARUARU;EEB PROFESSORA JOANA PAULA DE MORAIS;AVENIDA ERNESTO GEISEL
SANTANA DO ACARAÚ;44;128;JOAO ALFREDO;EEEP FRANCISCO DAS CHAGAS VASCONCELOS;RUA JOSE ANANIAS DE VASCONCELOSS/N
IBARETAMA;6;336;DISTRITO DE NOVA VIDA;EMEIF LUÍS CORREIA LIMA;SAO FRANCISCO - DISTRITO DE NOVA VIDA
IBIAPINA;73;8;CENTRO;ESCOLA PROFISSIONAL MONS MELO (COLÉGIO DAS IRMÃS);RUA MONSENHOR MELO, 539
FORTALEZA;83;661;HENRIQUE JORGE;EEMTI PROFESSOR PAULO FREIRE;AVENIDA SENADOR FERNANDES TÁVORA 1936
PARACURU;109;51;MARCO;CAPELA SÃO FRANCISCO;MARCO, SN
TAUÁ;19;225;ALTO BRILHANTE;EEF JOAQUIM PIMENTA;AV JOSE VALDEMAR REGO 585
IPU;21;36;SEDE;PATRONATO SOUSA CARVALHO;PCA DR CHAGAS PINTO 1045 - CENTRO
FORTALEZA;82;678;CARLITO PAMPLONA;EEMTI JOSÉ VALDO RIBEIRO RAMOS;RUA PEDRO AMÉRICO, 100
FORTALEZA;117;371;CANINDEZINHO;EM NARCISO PESSOA DE ARAÚJO;AV. OSÓRIO DE PAIVA, 4841
JUAZEIRO DO NORTE;28;451;TRES MARIAS;EMEF PROFA MARIA DE LOURDES LOPES DE SOUSA;AV. DO AGRICULTOR
BARRO;92;53;SEDE;EEFM WILSON DIAS CABRAL;SITIO RIACHAO
BARBALHA;31;78;PARQUE BULANDEIRA;EEEP OTÍLIA CORREIA SARAIVA (LICEU DE BARBALHA);RUA PROJETADA I, S/N (7.29196 S, 39.31251 W)
QUIXADÁ;6;80;PLANALTO UNIVERSITÁRIO;EEF DEPUTADO FLÁVIO PORTELA MARCILIO;RUA JOSE DE QUEIROZ PESSOA, 2323
CRUZ;30;321;TUCUNS;ESCOLA FILOMENO FREITAS VASCONCELOS;AV TENENTE ALBANO  SN
QUIXADÁ;6;17;VÁRZEA DA ONÇA;EEF ANTÔNIO RODRIGUES DE LIMA;LAGOA DA PEDRA, S/N
GRAÇA;79;177;CENTRO-SEDE;COLEGIO RAIMUNDO DA CUNHA BRITO;BAIRRO SANTA LUZIA
DEPUTADO IRAPUAN PINHEIRO;55;48;CENTRO;EEB FRANCISCA JOSUÉ DE SOUZA CARNEIRO;VILA SILVEIRA, 0
FORTALEZA;112;554;ENGENHEIRO LUCIANO CAVALCANTE;COLÉGIO ANTARES - SEDE WASHINGTON SOARES;RUA CAETANO XIMENES ARAGÃO,110 - ACESSO PELA RUA ARMANDO DALL'OLIO
APUIARÉS;50;197;ZONA RURAL;UEI VARZEA GRANDE;TABULEIRO/VARZEA GRANDE
ACARAÚ;30;446;ZONA RURAL;ESCOLA JOAO RIBEIRO RAMOS;VILA PROGRESSO
QUIXERAMOBIM;11;36;CENTRO;ESCOLA ASSIS BEZERRA;RUA FRANCISCO IVO 60
RUSSAS;9;248;SITIO CANTO;ESCOLA MUNICIPAL JOSE NICOLAU RODRIGUES LIMA;SITIO CANTO
FORTALEZA;95;254;BARROSO;EMEIEF OTAVIO DE FARIAS;RUA JOAO FERREIRA, S/N
MASSAPÊ;45;52;ZONA RURAL;GE ANTONIO DE PAULA PESSOA DE FIGUEIREDO;POVOADO DE AIUA
FORTALEZA;82;114;CRISTO REDENTOR;CEJA  MONSENHOR HÉLIO CAMPOS;AV. MONSENHOR HÉLIO CAMPOS, 251
IBARETAMA;6;279;CENTRO;EMEIF RAIMUNDA EMÍLIA DE LIMA;ESTRADA DO ALGODAO - DISTRITO SEDE
TIANGUÁ;81;209;NENÊ PLÁCIDO;E.E.F. ANTONIO CUSTÓDIO SOBRINHO;AV. AFONSO MARANGUAPE, 430
BOA VIAGEM;63;143;FATIMA;EEF PE. PAULO DE ALMEIDA MEDEIROS;RUA MARIA DE NAZARE BEZERRA 245
BOA VIAGEM;63;5;CENTRO-SEDE;SECRETÁRIA DO TRABALHO E ASSISTENCIA SOCIAL- ANTIGO CENTRO COMUNITÁRIO;RUA ANTONIO QUEIROZ  250
FORTALEZA;112;338;ENGENHEIRO LUCIANO CAVALCANTE;COLÉGIO ANTARES - SEDE WASHINGTON SOARES;RUA CAETANO XIMENES ARAGÃO,110 - ACESSO PELA RUA ARMANDO DALL'OLIO
FORTALEZA;94;483;VILA VELHA;EMEIEF PROF JOSE PARSIFAL BARROSO;AV MAJOR ASSIS 1076
FORTALEZA;94;202;VILA VELHA;EEMTI DONA MARIA MENEZES DE SERPA;RUA DOUTOR QUIXADA FELICIO 141
BELA CRUZ;96;1;CENTRO-SEDE;EMEF MONS. ODÉCIO;RUA CORONEL DUCA, 704
FORTALEZA;83;752;HENRIQUE JORGE;EEMTI ANTONIETA SIQUEIRA;RUA GUARANI 04
FORTALEZA;118;618;PARQUE DOIS IRMÃOS;COLEGIO MARIA ESTER II;RUA F (CONJUNTO MIRASSOL), 158
JUCÁS;43;297;SÃO PEDRO DO NORTE - VILA;CENTRO COMUNITARIO ANTONIO RAIMUNDO DE SOUZA;RUA ANTONIO PEREIRA DA SILVA 226
AMONTADA;89;132;ICARAÍ;EEBTI MARIA ALVES SOBRINHA;PRAÇA DA MATRIZ
FORTALEZA;85;240;CONJUNTO CEARÁ I;EEM PROF JOSE MARIA CAMPOS DE OLIVEIRA - UV 8;RUA 820 S/N - 3 ETAPA
FORTALEZA;82;241;PIRAMBU;EEFM GOVERNADOR FLÁVIO MARCÍLIO;AV. PASTEUR, 575
JIJOCA DE JERICOACOARA;30;82;ZONA RURAL;ESCOLA NOSSA SENHORA DA CONSOLACAO;NOVO JERI S/N - JERICOACOARA
VARJOTA;65;209;ARARINHA;E.E.F. TEREZA ARAGÃO XIMENES;TRAV. ANTÔNIO FLORÊNCIO, S/N
SANTA QUITÉRIA;54;190;ASSENTAMENTO VALPARAÍSO;ESCOLA MUNICIPAL BENEDITA ALBUQUERQUE;POVOADO VALPARAÍSO
BARBALHA;31;153;SÍTIO VENHA VER;EMEIF RAIMUNDO SEBASTIÃO SAMPAIO (SÍTIO VENHA VER);VILA SÃO FRANCISCO, S/N (POR TRÁS DO CONDOMÍNIO TERRA DOS KARIRIS)
CEDRO;13;510;DIVISÃO;ESCOLA DE ENS FUND ANTONIETA JUCA MARQUES;RUA 7 DE SETEMBRO S/N
FORTALEZA;116;190;BOM JARDIM;EM MANOEL MALVEIRA MAIA;RUA MANUEL GALDINO 2890
PARAMBU;19;358;UMBUZEIRO;ESCOLA JOSÉ PEDRO DA SILVA;UMBUZEIRO
DEPUTADO IRAPUAN PINHEIRO;55;52;CENTRO;EEM JOAQUIM JOSUE DA COSTA;RUA OLGA DE SOUZA, 80
CARIDADE;111;87;ZONA RURAL;EEIF SANTA MARIA - LOCALIDADE IPUEIRAS DOS GOMES;LOCALIDADE DE IPUEIRAS DOS GOMES
JUAZEIRO DO NORTE;119;74;LIMOEIRO;EEF FELIPE NERY DA SILVA;PRIMEIRO DE MAIO SN
JUAZEIRO DO NORTE;119;436;ANTONIO VIEIRA;E.M.E.I. HELENA VIEIRA DOS SANTOS;RUA VICENCIA MARIA DE OLIVEIRA, S/N
MARANGUAPE;4;134;JUBAIA;EMEIEF MANOEL DOMINGOS FILHO;RUA CORONEL MANOEL DOMINGOS FILHO, S/N
ACARAÚ;30;445;PAULO VI;ESCOLA DEPUTADO JOSÉ FILOMENO;RUA CAPITÃO DIOGO LOPES SN
FORTALEZA;85;170;ANTÔNIO BEZERRA;INSTITUTO EDUCACIONAL JOSE DE ALENCAR;RUA HUGO VITOR 730
FORTALEZA;83;697;HENRIQUE JORGE;CENTRO EDUCACIONAL BRASILEIRINHO;AVENIDA SENADOR FERNANDES TÁVORA, 1717
BOA VIAGEM;63;14;CENTRO-SEDE;EEF PE ANTONIO CORREIA DE SA;RUA JOSE RANGEL DE ARAUJO 22
MUCAMBO;79;225;CAICARA;ESCOLA ANTONIA FERREIRA DOS SANTOS;CAICARA
QUITERIANÓPOLIS;99;82;SANTA CLARA;EEM MARIA JOSÉ COUTINHO;QUITERIANÓPOLIS- CE 075
QUITERIANÓPOLIS;99;80;SANTA CLARA;EEM MARIA JOSÉ COUTINHO;QUITERIANÓPOLIS- CE 075
ITAPAJÉ;41;54;ACUDE-SEDE;E.M.E.F FRANCISCO EUDES MAGALHAES;R. FAUSTO PINHEIRO, 530
PACATUBA;57;277;VILA DAS FLORES;EEIEF MANOEL ROSENDO FREIRE;RUA 17, 11
PALHANO;9;154;CEDRO DO SANTANA;ESCOLA DE ENSINO FUNDAMENTAL PEDRO SILVESTRE;CEDRO DO SANTANA
MARACANAÚ;104;399;PAJUÇARA;EMEIEF PREFEITO ALMIR FREITAS DUTRA;RUA ELÍFIO MEDEIROS DA CUNHA, 531
FORTALEZA;112;511;PARQUE MANIBURA;COLÉGIO ÁGAPE;AV HERMINIO DE CASTRO, 140
MARACANAÚ;122;251;LUZARDO VIANA;E.M.E.I.E.F. MANOEL MOREIRA LIMA;ESTRADA DO PAU SERRADO, S/N
CEDRO;13;532;SANTO ANTÔNIO;ESCOLA DE ENS FUND VICENTE PEDRO DE OLIVEIRA;ST TELHA
PARAMBU;19;375;SEDE;ESCOLA MANOEL DE SOUSA FEITOSA (ANT. ESC. JOÃO ALVES DE ARAÚJO);CRUZETINHA MALHADA
MASSAPÊ;45;128;ZONA RURAL;EEF ADALBERTO ALBUQUERQUE;PÉ DA SERRA DOS CLARINDOS
FORTALEZA;112;522;ENGENHEIRO LUCIANO CAVALCANTE;COLEGIO GLOBOMAX;RUA GENERAL CAIADO DE CASTRO, 156
LIMOEIRO DO NORTE;29;168;ANTÔNIO HOLANDA;EEF PROF MARIA ELVANISA MOURA FREITAS SILVA;RUA RAIMUNDO NONATO DA SILVA S/N
BEBERIBE;84;25;ITAPEIM;ESCOLA MUNICIPAL JOSE DE ALENCAR;ANDREZA
BEBERIBE;84;11;PARAJURU;ESCOLA MUNICIPAL MONSENHOR JOAQUIM DE JESUS DOURADO;RUA MONSENHOR DOURADO SN - CENTRO
PINDORETAMA;7;274;PRATIUS - 2;EMEB OLGA VALE ALBINO;RODOVIA CE 454, S/N - PRATIUS - 2  PINDORETAMA
AMONTADA;89;139;ARACATIARA;EEB FRANCISCO IRINEU DA SILVA;CARIRI
BARBALHA;31;117;ALTO DA ALEGRIA;EEF MARIA ALACOQUE BEZERRA DE FIGUEIREDO (ALTO DA ALEGRIA);RUA JOSE QUENTAL, 25 - ALTO DA ALEGRIA
JUAZEIRO DO NORTE;119;204;TIRADENTES;ESCOLA GOVERNADOR MANOEL DE CASTRO FILHO;RUA IVANIR FEITOSA SN
TABULEIRO DO NORTE;91;99;PEDRA PRETA;EMEF OTÍLIO NOBRE DE BRITO - SITIO PEDRA PRETA;SITIO PEDRA PRETA
CAUCAIA;37;550;TABAPUAZINHO;E.E.I.E.F. DONA LAVÍNIA DE MEDEIROS;RUA GIZELDA MAGALHÃES, 2394 - TABAPUAZINHO
CAMOCIM;32;181;BRASILIA;EEF CORONEL LIBORIO GOMES DA SILVA;RUA HUMAITA, 780
FORTALEZA;85;332;ANTÔNIO BEZERRA;EMEIF GERARDO MILTON DE SA;RUA VALE COSTA S/N
FORTALEZA;115;229;SERRINHA;EMEIF WALDEMAR BARROSO;RUA CÔNEGO LIMA SUCUPIRA,  1651
TIANGUÁ;81;115;ÁREA RURAL DE TIANGUÁ;E.E.F. SÃO JOSÉ;SÍTIO SÃO JOSÉ
DEPUTADO IRAPUAN PINHEIRO;55;45;CENTRO;EEM JOAQUIM JOSUE DA COSTA;RUA OLGA DE SOUZA, 80
IBIAPINA;73;37;CENTRO;ESCOLA MONSENHOR MELO (ESTADUAL);AV PEDRO FERREIRA DE ASSIS 284
FORTALEZA;94;764;VILA VELHA;CEI MARISTELA DA FROTA CAVALCANTE;AV. L, N. 1000
BREJO SANTO;70;48;ESPERANCA-SEDE;ESC MUN MARIA BENVINDA QUENTAL LUCENA;VILA ESPERANCA
ICÓ;15;52;CRUZEIRINHO - DISTRITO;ESCOLA MUNICIPAL ALCIDES DA COSTA MOREIRA;DISTRITO CRUZEIRINHO S/N
FORTALEZA;112;473;SAPIRANGA-COITÉ;EM IRMA SIMAS;RUA JOSE SOBREIRA, 608
SÃO JOÃO DO JAGUARIBE;91;121;BOM JESUS;EEF BEVENUTO FERREIRA MAIA - BOM JESUS;SITIO BOM JESUS
MARANGUAPE;4;633;NOVO MARANGUAPE II (AREA SECA) - MARANGUAPE;CEI WILSON BASTOS RODRIGUES;RUA FRANCISCO SILVA OLIVEIRA, 129
GRANJA;25;28;SAMBAIBA;E.E.F. INACIO FRANCISCO (ANEXO);SAMBAIBA (ENTRADA DA SAMBAIBA)
JARDIM;119;291;CENTRO;CENTRO EDUCACIONAL PADRE ALDEMIR;RUA FRANCISCO RORIZ 227
IPU;21;80;DISTRITO;EEMTI ANTONIO PEREIRA DE FARIAS;VARZEA DO GILO
ACARAÚ;30;27;JURITIANHA;ESCOLA HUGO MARTINS DOS SANTOS;CE 178 KM 17 - JURITIANHA
FORTALEZA;116;393;BONSUCESSO;EM PROF LUIS RECAMONDE CAPELO;RUA MARIA QUINTELA 901
FORTALEZA;82;633;CRISTO REDENTOR;EM CRISTO REDENTOR;AV. PASTEUR, 372
FORTALEZA;82;627;SÃO GERARDO;COLÉGIO MASTER - BEZERRA DE MENEZES;AV. BEZERRA DE MENEZES, 1802
ARARIPE;68;8;CENTRO;ESCOLA NIURA MARIA DE ALENCAR - SEDE;RUA ANTONIO HENRIQUE DE LIMA, S/N
ICÓ;15;168;UMARI DOS LOURENCOS - SITIO;ESCOLA MUNICIPAL RITA ALVES DE SOUZA;SITIO UMARI DOS LOURENCOS S/N
PACATUBA;57;86;PAVUNA;EEIEF GELIA DA SILVA CORREIA;AV. JOSE GUILHERME 1055
PORANGA;40;138;BOM PRINCÍPIO;ESCOLA DE ENSINO FUNDAMENTAL 16 DE DEZEMBRO - BOM PRINCÍPIO;BOM PRINCÍPIO
PEREIRO;10;169;SITIO GROSSOS;GRUPO ESCOLAR NOSSA SENHORA DAS GRACAS;SITIO GROSSOS
TEJUÇUOCA;41;132;CENTRO-SEDE;ESCOLA MUNICIPAL SAO PEDRO;RUA JOSE BARROSO VALENTE SN
CAMOCIM;32;44;CRUZEIRO;COLEGIO ESTADUAL PROF IVAN PEREIRA DE CARVALHO - CEPI;RUA RIACHUELO, SN
FORTALEZA;114;188;BARRA DO CEARÁ;EM JADER DE FIGUEIREDO CORREIA;RUA TOCANDIRA 61
ITAPIPOCA;17;560;CRUXATI;EEB ALONSO PINTO DE CASTRO;BETÂNIA
FORTALEZA;115;96;SERRINHA;COLEGIO DUQUE DE CAXIAS;RUA  PERU, 1675
CASCAVEL;7;206;MUTIRÃO;ESC.ENS.FUND. LIBIA RIBEIRO;RUA LIBIA RIBEIRO, S/N
CASCAVEL;7;226;SITIO BICA;CEI MARIA AFIFE SARQUIS QUEIROZ ;RUA SDO, 141 SITIO BICA
MOMBAÇA;46;6;CENTRO;EEF PE. PEDRO LEÃO;RUA FRANCISCO DE ASSIS BARROSO FEIJÓ
QUIXERAMOBIM;11;40;MANITUBA;ESCOLA ALFREDO ALMEIDA MACHADO- MANITUBA;VILA DE MANITUBA
CRATO;27;135;SANTA FÉ;EEIEF PAULO LIMAVERDE;ROD. VICENTE TELES, SN. DISTRITO DE SANTA FÉ - SEDE.
CAMPOS SALES;38;2;B. CENTRO;E.E.E.M.T.I.- PRESIDENTE MÉDICI - (GRUPÃO);AV. FRANCISCO ADEMAR DE ANDRADE,1210
CAMPOS SALES;38;56;B. CENTRO;INSTITUTO EDUCACIONAL PROFESSORA MARIA DULCE DE ALENCAR - (MDA) - SEDE;RUA JULIO NORÕES, 531
CAMPOS SALES;38;61;B. CENTRO;AGÊNCIA DA PREVIDÊNCIA SOCIAL -  INSS.;AVENIDA FRANCISCO ADEMAR DE ANDRADE, 967
JARDIM;119;290;CENTRO;CENTRO EDUCACIONAL PADRE ALDEMIR;RUA FRANCISCO RORIZ 227
CAUCAIA;37;517;TABAPUÁ;E.E.F.M. JOSÉ MARIA PONTES DA ROCHA;RUA 08, S/N - TABAPUÁ
IGUATU;13;37;VILA CIDAO;CAMPUS MULTI-INSTITUCIONAL HUMBERTO TEIXEIRA (URCA/UECE/CENTEC);AV DÁRIO RABELO SN
CARNAUBAL;22;159;SITIO COCAL;EEF FREI BRUNO MOSS;SITIO COCAL
IPU;21;55;DISTRITO;E.M.E.F. PEDRO CAMELO DA SILVA;INGAZEIRA
IGUATU;13;56;COCOBÓ;ESCOLA DE ENS FUND ELZE LIMA VERDE MONTENEGRO;DARIO RABELO
FORTALEZA;85;109;CONJUNTO CEARÁ I;CEJA ADELINO DE ALCANTARA FILHO - UV-6;RUA SEISCENTOS E DOZE, 100, 1A ETAPA
EUSÉBIO;88;118;TAMATANDUBA;EEF IZIDIO JOSE CAMPINA;RUA IZIDIO CAMPINA, 751 TAMATANDUBA
MARANGUAPE;4;25;PARQUE IRACEMA - MARANGUAPE;CEI MÁRIO VALENTIM DE ANDRADE;RUA ANTÔNIO GOMES BESSA, S/N
FORTALEZA;2;698;MESSEJANA;EEMTI PROFª FERNANDA MARIA GOMES DE AMORIM;AVENIDA FREI CIRILO 4454
FORTALEZA;1;895;ALDEOTA;COLEGIO ARI DE SA - MONSENHOR CATAO;RUA MONSENHOR CATAO, 1655
IBICUITINGA;47;235;MELANCIAS;EEB FRANCISCO FERREIRA NOBRE;MELANCIAS S/N
ARARENDÁ;48;128;LAGOA DE SANTO ANTONIO;E. E. F. M.  FIRMINO JOSÉ;DISTRITO DE LAGOA DE SANTO ANTONIO
CRATEÚS;20;177;FATIMA II;EEFM LIONS CLUBE;RUA CLOVIS BEVILAQUA 1417
QUIXERAMOBIM;11;268;URUQUE;ESCOLA JOSE MARINHO GOES;VILA DE URUQUE
PACOTI;5;169;CENTRO-SEDE;EMTI SAO LUIS;RUA PADRE QUILIANO 72
FORTALEZA;2;704;PAUPINA;CMES ANISIO TEIXEIRA;TRAVESSA DO GUARANI, 355
FORTALEZA;94;858;ANTÔNIO BEZERRA;COLEGIO JULIA FIALHO;RUA JOSE ACIOLY 73
FORTALEZA;95;371;JANGURUSSU;CEI JOSÉ EUCLIDES FERREIRA GOMES;RUA F  (CONJ. RES. JOSÉ EUCLIDES FERREIRA GOMES)
VÁRZEA ALEGRE;62;10;CENTRO;EEF FIGUEIREDO CORREIA;RUA FIGUEIREDO CORREIA, 258
FARIAS BRITO;62;200;SEDE;EEF MARIA CARMOSINA PINHEIRO RODRIGUES;TRAVESSA ENOCH RODRIGUES, 53
CAMOCIM;32;180;PRAIA;CRAS II - PROFESSOR IVAN PEREIRA DE CARVALHO - POLO;RUA 24 DE MAIO, 2911
TAUÁ;19;95;TRICI;EPG JOSE DO O DO NASCIMENTO;ACUDE DOS MAIAS
JUAZEIRO DO NORTE;28;186;SALESIANOS;EMEIF VEREADOR ANTONIO FERNANDES COIMBRA;FISCAL JOSE ISIDORO SN
FORTALEZA;93;210;PREFEITO JOSÉ WALTER;CEI RACHEL DE QUEIROZ;RUA 41, S/N - II ETAPA
GRANJEIRO;62;148;CENTRO;EEF DR MAURO SAMPAIO;RUA DO CRUZEIRO SN
MARACANAÚ;122;286;CÁGADO;EMEIEF NARCISO PESSOA DE ARAÚJO;AV. PADRE JOSE HOLANDA DO VALE S/N
FORTALEZA;93;139;PREFEITO JOSÉ WALTER;EEEP PROFESSOR ONELIO PORTO;AVENIDA E, 471 - II ETAPA
FORTALEZA;2;699;MESSEJANA;EEMTI PROFª FERNANDA MARIA GOMES DE AMORIM;AVENIDA FREI CIRILO 4454
ITAPIPOCA;17;509;CENTRO;EEM JOAQUIM MAGALHÃES;RUA PERGENTINA ARAUJO S/N
CAUCAIA;123;502;PARQUE GUADALAJARA (JUREMA);CEI - CENTRO EDUCAÇÃO INFANTIL AFONSO BARBOSA;RUA SACY, 519
VIÇOSA DO CEARÁ;35;141;LAMBEDOURO;E.E.I.F ANTONIO CARNEIRO MAGALHAES;SITIO CARAUBAS
BARBALHA;31;168;ALTO DO ROSÁRIO;EMEIF MARIA DAS DORES SAMPAIO (ALTO DO ROSÁRIO);RUA ENG. MARCO AURÉLIO, S/N - ALTO DO ROSÁRIO (7.31494 S, 39.30876 W)
JUAZEIRO DO NORTE;28;232;SAO MIGUEL;EEM JOSE BEZERRA;SAO JORGE 440
RUSSAS;9;245;MIGUEL PEREIRA;UNIDADE BÁSICA DE SAÚDE DE MIGUEL PEREIRA;MIGUEL PEREIRA
VÁRZEA ALEGRE;62;104;DISTRITO DE RIACHO VERDE;EEF RAIMUNDO MENDES DE FREITAS;SÍTIO GANGORRA
PENTECOSTE;50;210;ZONA RURAL;EEIF 7 DE SETEMBRO;ERVA MOURA
GROAÍRAS;65;211;CAPITAO JOSE LINHARES;EEF NOSSA SENHORA DO ROSARIO;RUA 23 DE MAIO, 1065
IBICUITINGA;47;65;CENTRO;CAMARA MUNICIPAL DE IBICUITINGA;RUA CAPITÃO MANOEL ANTONIO , N 1692
FORTALEZA;80;424;JOSÉ BONIFÁCIO;FACULDADE MAURÍCIO DE NASSAU;AVENIDA VISCONDE DO RIO BRANCO, 2078
MILAGRES;26;89;VILA PADRE CICERO;ESCOLA FRANCISCO GOMES DE LUCENA;VILA PADRE CICERO
FORTALEZA;115;324;SERRINHA;COLEGIO DUQUE DE CAXIAS;RUA  PERU, 1675
CAMPOS SALES;38;76;B. BARRAGEM;E.E.F.T.I - TAB. VICENTE ALEXANDRINO DE ALENCAR - SEDE;RUA RAIMUNDO INÁCIO DE FIGUEIREDO,S/N
ACOPIARA;60;90;BARRA DO INGA;EEF PE CRISARES SAMPAIO COUTO;SITIO BARRA DO INGA
FORTALEZA;2;486;PAUPINA;CMES ANISIO TEIXEIRA;TRAVESSA DO GUARANI, 355
MOMBAÇA;46;146;TEJUBANA;ESCOLA DE ENSINO FUNDAMENTAL ANTONIO SOARES;AV. ANTONIO NONATO DE CARVALHO
FORTALEZA;1;339;CAIS DO PORTO;ESCOLA ESTADUAL MAESTRO ELIAZAR DE CARVALHO;RUA FRANCISCO ALVES PEREIRA  349
PIRES FERREIRA;21;154;DISTRITO;E.E.F. LUIZ ALVES DE FREITAS;PASSA SEDE
EUSÉBIO;88;230;JABUTI;EEF MARIO SALES;RUA MARIO SALES, 319 - JABOTI
MUCAMBO;79;238;CENTRO;ESCOLA ELZE MENDES DE AGUIAR;AV AGRONOMO JOSE ALVES, S/N - SEDE
CAUCAIA;120;345;COITE PEDREIRA;E.E.I.E.F. MARIA INOCÊNCIA DE ARAÚJO;RUA PRINCIPAL, S/N
IGUATU;13;250;BARRO ALTO;PSF CARDOSO DOS BASTOS;VILA QUIXOA                                       SEDE
ITAITINGA;78;273;PONTA DA SERRA;EEEP PROFESSOR FRANCISCO ARISTOTELES DE SOUSA;RUA BOA ESPERANÇA, S/N
EUSÉBIO;88;141;JABUTI;EEM PROF. FRANCISCA LINHARES DE SOUSA;R. EDUARDO SÁ, S/N
JAGUARIBE;10;12;CENTRO;COLEGIO CARMELA DUTRA;AV OITO DE NOVEMBRO 1087
IPUEIRAS;40;54;AMÉRICA;ESCOLA DE ENSINO FUNDAMENTAL MARIANO MARINHO DE OLIVEIRA - AMÉRICA;AMÉRICA
CHAVAL;108;36;POVOADO RETIRO;EEF RAIMUNDO ALVES DE SÁ;POVOADO RETIRO
TIANGUÁ;81;324;SANTO ANTÔNIO;LICEU DE TIANGUÁ - JOSE NI MOREIRA;RUA ZENI, 12 - SANTO ANTONIO
FORTALEZA;118;601;DIAS MACEDO;EMEF PROFESSOR JOAO HIPPÓLYTO DE AZEVEDO E SÁ;RUA 03 N. 88 RESIDENCIAL NAPOLEAO VIANA
SOBRAL;24;121;SUMARÉ;EEM PROFESSORA CARMOSINA FERREIRA GOMES;RUA DAS FLORES, S/N
MORRINHOS;44;169;ZONA RURAL;EMEF MARIA CONCEICAO DOS SANTOS;BELA VISTA
VÁRZEA ALEGRE;62;43;RIACHO VERDE-SEDE DO DISTRITO;EEF JOSÉ SÉRGIO DA COSTA;RUA JOSÉ SÉRGIO DA COSTA, S/N
FORTALEZA;82;436;MONTE CASTELO;COLÉGIO MATER AMABILIS;RUA PADRE ANCHIETA, 438
FORTALEZA;82;375;MONTE CASTELO;EM PROFESSOR MARTINZ DE AGUIAR;RUA BERNARDO PORTO, 470
BARBALHA;31;152;MALVINAS;CEI RAIMUNDA MARIA SAMPAIO (MALVINAS);RUA P-19, S/N - PROX. ARENINHA
MILAGRES;26;92;FRANCISCA DO SOCORRO;ESCOLA CLICERIO MARTINS PEREIRA;RUA VALADARES
FORTALEZA;82;202;MONTE CASTELO;EM LENIRA JUREMA DE MAGALHÃES;RUA TEÓFILO GURGEL, 111
ALCÂNTARAS;24;494;SAO JOSE;SECRETARIA MUNICIPAL DE EDUCACAO DE ALCÂNTARAS;RUA FRANCISCO CUNHA FREIRE, SN
QUIXADÁ;6;173;CUSTÓDIO;EEF SANTA PAZ;SANTA PAZ, S/N
FORTALEZA;2;398;MESSEJANA;EMEIF DEMOCRITO ROCHA;RUA PADRE PEDRO DE ALENCAR, 2012
URUBURETAMA;23;228;ITACOLOMY / ZONA RURAL;EEF FRANCISCO ARAUJO CHAVES;ITACOLOMY
AQUIRAZ;66;268;CENTRO;EMEF ERNESTO GURGEL VALENTE;RUA FRANCISCO CAMARA, SN
EUSÉBIO;88;228;TIMBU;EEIEF AURELIA DA SILVA GADELHA - LARGÃO;RUA FERNANDO SOUSA GADELHA, S/N
ARACATI;8;125;CACIMBA FUNDA;E.E.F. FRANCISCO AMARAL LIMA;CACIMBA FUNDA
FORTALEZA;93;231;PREFEITO JOSÉ WALTER;EM DIOGO VITAL DE SIQUEIRA;AVENIDA L , S/N
FORTALEZA;80;413;AEROLÂNDIA;IGREJA MATRIZ DA AEROLÂNDIA - PARÓQUIA N. SRA DO SAGRADO CORAÇÃO;RUA ASPIRANTE MENDES, 540
CHAVAL;108;97;POVOADO MUCAMBO;ESCOLA MANOEL COSTA DA SILVA;POVOADO MUCAMBO DOS COSTAS
TRAIRI;97;179;CENTRO;ESCOLA DE 1 E 2 GRAU JONAS HENRIQUE DE AZEVEDO;AV CELSO BARROSO
JATI;70;364;CENTRO-SEDE;ESC ENS FUND PADRE MANOEL ALVES FEITOSA;RUA MANUEL LUIZ S/N
URUBURETAMA;23;37;CENTRO;COLEGIO MUNICIPAL MARIA JULIA MAIA BONFIM;AV MAJOR SALES,536
FORTALEZA;116;385;BONSUCESSO;EM FRANCISCA FERNANDES MAGALHAES (COLÉGIO CASTRO);RUA OLIVEIRA SOBRINHO, 1031
PACATUBA;57;333;MONGUBA;ITA ARA ESCOLA INDIGENA;RODOVIA DR. MENDEL STEINBRUCH 7240
FORTALEZA;117;322;CONJUNTO ESPERANÇA;EEFM PROFESSORA MARIA MARGARIDA DE CASTRO ALMEIDA;AV. CONTORNO SUL, 960
FORTALEZA;1;36;COCÓ;UNINTA - FACULDADE UNINTA FORTALEZA;RUA VILEBALDO AGUIAR,133
MARACANAÚ;122;34;NOVO ORIENTE;EMEF MAESTRO ELEAZAR DE CARVALHO;AV. CENTRAL S/N
FORTALEZA;93;252;PREFEITO JOSÉ WALTER;ESCOLA MUNICIPAL ARI DE SA CAVALCANTE (JOSÉ WALTER);AV. H, 430 III ETAPA
FORTALEZA;116;40;GRANJA LISBOA;EM PROF ANTONIA MARIA DE LIMA;RUA SARGENTO JOAO PINHEIRO 2601
PENAFORTE;70;415;CENTRO-SEDE;ESCOLA SIMAO ANGELO;RUA PADRE CICERO S/N
MILHÃ;55;139;VILA BOM ACERTO;ESCOLA DE ENSINO BASICO JOSE ENEIAS PINHEIRO;RUA JOSÉ ENEIAS PINHEIRO
CAUCAIA;123;530;PARQUE GUADALAJARA (JUREMA);CEI - CENTRO EDUCAÇÃO INFANTIL AFONSO BARBOSA;RUA SACY, 519
GROAÍRAS;65;111;CENTRO;EEF PROFESSORA NOELIA XIMENES PARENTE;RUA MAJOR ARAUJO 960
SANTANA DO CARIRI;53;81;BOA VISTA;EMEIEF JOÃO EUSÉBIO DA SILVA;SÍTIO BOA VISTA, SN
PARACURU;109;62;CAMPO DE AVIAÇÃO;E. E. M. T. I. PROFESSORA MARIA LUIZA SABOIA RIBEIRO;AVENIDA ANTONIO SALES
FORTALEZA;113;380;MONTESE;CENTRO DE ENSINO GRAU TÉCNICO;RUA BARÃO DE SOBRAL, N.712
SÃO BENEDITO;22;38;CENTRO-SEDE;ESCOLA DE ENSINO FUNDAMENTAL FARIAS BRITO;PRACA DOM COUTINHO 864
MARCO;96;178;ZONA RURAL;EEF RAIMUNDO PINTO SILVA;LOCALIDADE DE SANTA FE
JAGUARIBE;10;26;DISTRITO DE FEITICEIRO;E.E.I.F. MARIA ENEIDA PEIXOTO SOARES;RUA FRANCISCO GUIMARAES PEIXOTO 714
TRAIRI;97;53;CORREGO FUNDO;EEF ANTONIO ROBESPIERRE VIANA;CORREGO FUNDO
PACATUBA;57;273;CONJUNTO JEREISSATI II;EEIEF JOAO PAULO SAMPAIO DE MENEZES;RUA 74 SETOR G, 900
PACATUBA;57;313;VILA DAS FLORES;C.E.I. MARIA JOSE NOBRE;RUA 20, S/N
COREAÚ;64;119;Canto;CANTO - ESCOLA MUN. SÃO JOAQUIM;DISTRITO DO CANTO
IGUATU;13;78;AREIAS I;INSTITUTO FEDERAL DO CEARÁ - IFCE CAMPUS AREIAS;RUA DEOCLECIO LIMA VERDE SN
SANTANA DO ACARAÚ;44;157;CENTRO;CENTRO EDUCACIONAL MUNICIPAL JOAO CORDEIRO;RUA VIGARIO THEOTIMO 246
ALCÂNTARAS;24;538;SÍTIO SANTA BÁRBARA;EEFI MARIA DOS SANTOS MOREIRA;SÍTIO SANTA BÁRBARA
FORTALEZA;113;194;BENFICA;FACULDADE DE PSICOLOGIA DA UFC;AV. DA UNIVERSIDADE, 2762
RUSSAS;9;82;CENTRO;ESCOLA DE ENSINO MÉDIO MANOEL MATOSO FILHO;AVENIDA MARIA RAMALHO, 336
BATURITÉ;5;52;CENTRO-SEDE;EMEF MONSENHOR MANOEL CANDIDO;PRAÇA DA MATRIZ, SN
EUSÉBIO;88;160;PIRES FACANHA;EEF OSCAR FEITOSA;RUA PIRES DO FACANHA, 775 - PIRES FACANHA
FORTALEZA;2;352;MESSEJANA;COLÉGIO PAIVA ANDRADE;RUA INÁCIO MOREIRA, 133
CRATEÚS;20;311;VENANCIOS;EEFM PRES EURICO GASPAR DUTRA;RUA EDUARDO ALBUQUERQUE SN
FORTALEZA;80;333;JOAQUIM TÁVORA;COLÉGIO ANTARES IRMÃ MARIA (ANTIGO IRMÃ MARIA MONTENEGRO);RUA PINHO PESSOA 681
VIÇOSA DO CEARÁ;35;10;CENTRO;E.E.F PEQUENO POLEGAR;RUA SILVA JARDIM S/N
EUSÉBIO;88;98;TIMBU;EEF EDUARDO ALVES RAMOS;ESTRADA DO FIO, 3603 - TIMBU
FORTALEZA;117;186;CONJUNTO ESPERANÇA;EEFM IRAPUAN CAVALCANTE PINHEIRO;AV E 305
ACOPIARA;60;186;VILA MOREIRAS II;EEF MANOEL QUARESMA DOS ANJOS;RUA REINALDO SN
FORTALEZA;114;90;BARRA DO CEARÁ;CUCA BARRA DO CEARÁ;AV. PRES. CASTELO BRANCO, 6417
FORTALEZA;2;81;GUAJERU;EEEP COMENDADOR MIGUEL GURGEL;RUA JOSE BAIMA, S/N
BARREIRA;52;89;ARERÉ;ESCOLA JOSÉ AMARO DA COSTA;PASCOALZINHO
PACUJÁ;79;200;CENTRO;E.E.F. SAO JOAO BATISTA;RUA VEREADOR LUÍS MANÇO MAGALHÃES, S/N
VÁRZEA ALEGRE;62;177;ZEZINHO COSTA;EEF DR. DÁRIO BATISTA MORENO;AV. VICENTE ALVES COSTA, 624
PACATUBA;57;133;CONJUNTO JEREISSATI II;ESCOLA DE 1 GRAU DESEMBARGADOR RAIMUNDO DE CARVALHO;AV. XV SETOR F
MARACANAÚ;122;105;INDUSTRIAL;EMEF VINICIUS DE MORAIS;RUA N NO. 425 (ESPLANADA DO MONDUBIM)
FORTALEZA;80;443;FÁTIMA;ESCOLA VILA;RUA DOM SEBASTIAO LEME, 819
IGUATU;13;571;JOÃO PAULO II;CAIC - ESCOLA DE ENS FUND FRANCISCO DAS GRAÇAS ALVES BERTO;CONJUNTO JOAO PAULO II                                    S/N
CRATO;27;273;ALTO DA PENHA;EEIEF GOVERNADOR LUIZ DE GONZAGA DA FONSECA MOTA;RUA PLÍNIO CAVALCANTE S/N
ITAREMA;98;111;CENTRO;EMEF MARIETA RIOS;RUA JOAO BATISTA RIOS S/N
LAVRAS DA MANGABEIRA;14;52;OURO BRANCO- DISTRITO;GRUPO ESCOLAR ROMANA RICARTE;RUA MIGUEL BISPO 114
PACATUBA;57;255;MONGUBA;EEF MARIA DE SA RORIZ;RODOVIA CE 060 KM 15
FORTALEZA;1;813;COCÓ;UNINTA - FACULDADE UNINTA FORTALEZA;RUA VILEBALDO AGUIAR,133
HORIZONTE;78;171;DISTRITO INDUSTRIAL;EMEF FRANCISCA GADELHA PIRES;AV PRESIDENTE CASTELO BRANCO, 7195
LAVRAS DA MANGABEIRA;14;32;ALEM RIO - SEDE;ESCOLA DE 1 GRAU VIRGILIO AGUIAR GURGEL;RUA JOSE LOBO 450
MISSÃO VELHA;16;117;ZONA RURAL;CRECHE SANTA RITA;SITIO BANCO DE AREIA
VIÇOSA DO CEARÁ;35;73;LAMBEDOURO;E.E.F EDUVIRGES MARIA DE ARRUDA;VILA MANHOSO
SOBRAL;24;653;JOSÉ EUCLIDES;EEFI MARIA YEDA FROTA FELIX MONTALVERNE;RUA AIRTON SENNA, 300, CIDADE JOSE EUCLIDES II
TARRAFAS;18;131;ZONA RURAL;ESCOLA DE ENSINO FUNDAMENTAL JOSE EUTIDES VILANOVA;RUA JOSE EUTIDES VILANOVA S/N - ZONA RURAL
PARAIPABA;109;140;LAGOINHA;EMEF FRANCISCO HENRIQUE DE AZEVEDO;LAGOINHA
EUSÉBIO;88;164;PARQUE HAWAÍ;EEF MIRIAN ABREU;RUA C, S/N - PARQUE HAVAI
BOA VIAGEM;63;91;VARZEA DA ARARA;EEF ANTONIO JOSE DA SILVA;ARARA
FORTALEZA;2;650;MESSEJANA;INSTITUTO FREI JOAO PEDRO DE SEXTO;AVENIDA FREI CIRILO, 4241
HORIZONTE;78;208;BUENOS AIRES;CEI - STELA MARIA NASPOLINI;RUA LUIZ DA MATA, 450
FORTALEZA;2;171;MESSEJANA;PAROQUIA NOSSA SENHORA DA CONCEICAO;RUA JOAQUIM BEZERRA 255
CAUCAIA;120;226;TOCO (JUREMA);E.E.I.E.F. MARIA CORINA MOURA ARRUDA;RUA MANOEL GOMES DA SILVA, S/N - CONJUNTO SÃO DOMINGOS - TOCO
MARANGUAPE;4;560;NOVO MARANGUAPE I (ÁREA VERDE) - MARANGUAPE;EEFM CAIC SENADOR CARLOS JEREISSATI;RUA ANTONIO TEIXEIRA, S/N
TAUÁ;19;71;CENTRO;CENTRO EDUCACIONAL BETESDA;RUA CEL  EUFRASIO ALVES DE OLIVEIRA 45
BOA VIAGEM;63;68;ESTREITO;EEF JOSE RODRIGUES ABREU;ESTREITO
SÃO GONÇALO DO AMARANTE;36;240;CARAUBAS;NUCLEO INFANTIL TIA FAUSTA;CARAUBAS
MIRAÍMA;89;272;ÁREA RURAL DE MIRAÍMA;EEB FRANCISCO MOTA;RIACHO DE AMONTADA
FORTALEZA;2;548;JOSÉ DE ALENCAR;EEFM IRACEMA;RUA EGIDIO DE OLIVEIRA, 250
CAUCAIA;120;376;PADRE JULIO MARIA;EEIEF JOSE OLAVO MOREIRA;RUA SÃO PAULO, S/N
CAUCAIA;120;328;BOQUEIRAO DA ARARA;E.E.I.E.F. ADÉLIA CRISÓSTOMO;BR 222 - KM 23
TIANGUÁ;81;140;SANTO ANTÔNIO;E.E.F. PROFª. ESTER DE AGUIAR MENEZES;RUA CORONEL JOÃO DAMASCENO, S/N
TIANGUÁ;81;49;CENTRO;CEJA DONA ESTRELA;RUA CAPITÃO JOAQUIM LOURENÇO, S/N
ALTANEIRA;53;79;CENTRO;EMEF 18 DE DEZEMBRO;RUA JOSE PIO DE OLIVEIRA, SN
SOBRAL;24;106;DOMINGOS OLÍMPIO;EEFI EMILIO SENDIM;RUA EDUARDO DE ALMEIDA SANFORD, S/N
MARACANAÚ;122;186;NOVO ORIENTE;EMEF DEP ULYSSES GUIMARAES;RUA 29 N. 10
MARACANAÚ;122;262;ALTO DA MANGUEIRA;E.M.E.F. ESTUDANTE ANA BEATRIZ TAVARES;RUA JOACIR FREITAS DUTRA, S/N
FORTALEZA;116;330;GRANJA LISBOA;EM DOM LUSTOSA;RUA GERALDO BARBOSA 3901
TIANGUÁ;81;179;LAURÃO;UNINTA - FACULDADE TIANGUÁ;RUA CONSELHEIRO JOÃO LOURENÇO, 406 - LAURÃO
FORTALEZA;113;323;BOM FUTURO;COLÉGIO MEDALHA MILAGROSA;RUA PADRE JOÃO PIAMARTA,  415
SOBRAL;24;666;NOVA CAIÇARA;ESCOLA DE TEMPO INTEGRAL EDGAR LINHARES;RUA DAS ANDORINHAS, 50
CARIÚS;43;193;ESPLANADA-SEDE;EEF MARIA SOTER PEREIRA;RUA RAUL NOGUEIRA II, S/N
TAUÁ;19;86;TRICI;EPG CRISTINA LIBERALINA DE LOIOLA;CALUMBI
IPU;21;156;SITIO MACACO;E.M.E.F. CRIANCA ESPERANCA;SITIO MACACO
CARIRIAÇU;71;68;FEITOSA;POSTO DE SAÚDE ANTONIO CIRILO FEITOSA;VILA SANTO ANTONIO
CRATEÚS;20;93;MONTENEBO;ESCOLA DE CIDADANIA FRANCISCO DE ALCANTARA BARROS;MONTENEBO
CRATEÚS;20;193;SANTO ANTÔNIO;ESCOLA DE CIDADANIA ANTONIO SABINO DE SOUSA;ACUDE DOS SERVOLOS
TABULEIRO DO NORTE;91;153;CENTRO;EMEF NOSSA SENHORA DE FÁTIMA;RUA JOÃO FERREIRA BRAÚNA, 191
GUARACIABA DO NORTE;74;170;DISTRITO;ESCOLA MUNICIPAL DE BURACO DAGUA;BURACO DAGUA - MORRINHOS NOVOS
MARACANAÚ;122;9;NOVO MARACANAU;EMEIEF PROFª MARIA DO SOCORRO VIANA FREITAS;RUA 10 S/N
FORTALEZA;116;320;GRANJA LISBOA;EM RACHEL VIANA MARTINS;RUA TUCUNDUBA 2703
JUAZEIRO DO NORTE;119;90;PIRAJA;ESCOLA MARIA AMELIA BEZERRA;AV CASTELO BRANCO SN
PACATUBA;57;9;CENTRO;EEM CRISPIANA DE ALBUQUERQUE;RUA RAIMUNDO SIQUEIRA,1819
IPU;21;56;DISTRITO;E.M.E.F. PEDRO CAMELO DA SILVA;INGAZEIRA
BEBERIBE;84;114;SEDE;ESCOLA MUNICIPAL JOSE NOGUEIRA;SITIO UBERABA
PARAMBU;19;370;MIRANDA;ESCOLA PROFESSOR MANOEL LUIZ DE OLIVEIRA;PAU PRETO
FARIAS BRITO;62;188;SEDE;EEI JOANA ALVES BEZERRA;RUA ARACI FREITAS FRANCELINO, S/N
PACAJUS;49;13;BURITI;CENTRO DE EDUCACAO MUNICIPAL DE PACAJUS;RUA TABELIAO JOSE GAMA FILHO 734
GROAÍRAS;65;137;VILA DE ITAMARACÁ;EEF ALBERTO ALVES BEZERRA;RUA JOAQUIM ALVES FEIJAO SN ITAMARACA
CAUCAIA;37;580;ALTO DO GARROTE;E.E.F. JOSE PONTES FILHO;RUA ZEZITO PONTES, S/N
GUARACIABA DO NORTE;74;183;SEDE;INSTITUTO PROMOCIONAL BENJAMIM SOARES (PATRONATO);RUA PADRE BERNARDINO MEMORIA - CENTRO
JUAZEIRO DO NORTE;119;113;SANTA TEREZA;COLÉGIO MILITAR DE JUAZEIRO DO NORTE;CASTELO BRANCO SN
ITAPIPOCA;17;526;BARRENTO;EEB SEBASTIÃO MALAQUIAS DOS SANTOS;TABOCAL
PALMÁCIA;4;182;JAPÃO;UBS JAPÃO;JAPÃO
ITAPIPOCA;17;596;BARRENTO;EEB JOAQUIM MANOEL MARQUES;SÍTIO DO MEIO
ITAPIPOCA;17;579;BARRENTO;EEB FRANCISCO BENTO;TANQUES
IGUATU;13;412;BARRO ALTO;ESCOLA DE ENS FUND SAO SEBASTIAO;BARRO ALTO
MARACANAÚ;104;5;JEREISSATI I;EMEIEF SENADOR CARLOS JEREISSATI;AVENIDA 1, S/N
JAGUARUANA;75;66;CENTRO;E.E.M. FRANCISCO JAGUARIBE (2 GRAU);RUA CEL RAIMUNDO FRANCISCO, 1135
PORANGA;40;130;SANTA RITA;ESCOLA REUNIDA SÃO SEBASTIÃO - SANTA RITA;SANTA RITA
FORTALEZA;1;815;COCÓ;UNINTA - FACULDADE UNINTA FORTALEZA;RUA VILEBALDO AGUIAR,133
MARACANAÚ;104;345;JEREISSATI II;EEEP GOVERNADOR LUIZ GONZAGA DA FONSECA MOTA;AVENIDA X, S/N
SÃO GONÇALO DO AMARANTE;36;270;ARAPIXI;ESCOLA DE ENSINO MÉDIO WALDEMAR ALCANTARA;RUA MAJOR JOÃO MARTINS
FORTALEZA;118;628;MONDUBIM;COLÉGIO CONECTIVO;RUA GENERAL ONOFRE, 445
FORTALEZA;118;664;PASSARÉ;EM DELMA HERMÍNIA DA SILVA PEREIRA;AVENIDA PRESIDENTE COSTA E SILVA, 5606
JUAZEIRO DO NORTE;119;474;PIRAJA;ESCOLA CLOTILDE SARAIVA COELHO;LIMOEIRO 2338
FORTALEZA;3;442;ALDEOTA;INSTITUTO CEARENSE DE EDUCAÇÃO DE SURDOS - ICES;AV. RUI BARBOSA, 1970
FORTALEZA;2;752;JOSÉ DE ALENCAR;COLÉGIO CHRISTUS SUL 3;AV ENGENHEIRO LEAL LIMA VERDE, 2500 - JOSÉ DE ALENCAR
SOBRAL;24;271;DOM JOSÉ;EEFI ANTENOR NASPOLINI;RUA PREFEITO JERONIMO PRADO, S/N
BEBERIBE;84;74;ITAPEIM;ESCOLA MUNICIPAL RAUL BARBOSA;RUA MANOEL LINO DO NASCIMENTO SN - CENTRO
JUAZEIRO DO NORTE;119;145;PIRAJA;ESCOLA IZABEL DA LUZ;AV. AILTON GOMES S/N
JUAZEIRO DO NORTE;119;403;LAGOA SECA;ESCOLA DOUTOR MOZART CARDOSO DE ALENCAR;ARNOBIO BACELAR CANECA
FORTALEZA;3;133;JACARECANGA;COLÉGIO ESTADUAL LICEU DO CEARÁ;PRAÇA GUSTAVO BARROSO, 01
BOA VIAGEM;63;94;FAZENDA NOVA-SEDE;EEF SAGRADO CORAÇÃO DE JESUS;TIMBAÚBA
QUIXERÉ;29;245;LAGOINHA;EEIF ZACARIAS FERREIRA DE SOUSA;RUA JOAO ZACARIAS DE BRITO SN
CASCAVEL;7;146;SITIO COAÇU;ESC.ENS.FUND. FRANCISCO LOPES DA SILVA - COAÇU;LOCALIDADE DE COAÇU
AQUIRAZ;66;80;PRAINHA;EMEF RITA PAULA;AV. DAMIÃO TAVARES  DE SOUSA, S/N
FORTALEZA;83;715;JÓQUEI CLUBE;ESCOLA MUNICIPAL PRESIDENTE KENNEDY;AV. LINEU MACHADO 811
FORTALEZA;1;721;CAIS DO PORTO;EMTI VEREADOR ALBERTO GOMES DE QUEIROZ;AV. ZEZÉ DIOGO, 782
TAUÁ;19;244;TRICI;ESCOLA LUZIA PEREIRA LIMA;ALMAS
FORTALEZA;117;340;SIQUEIRA;CEI FRANCISCA DE ABREU LIMA;RUA C -  ESQUINA COM A RUA LUIZ MONTENEGRO, S/N
BELA CRUZ;96;30;MATRIZ-LOCALIDADE;EMEIEF FRANCISCO ROMAO;MATRIZ
CASCAVEL;7;298;SITIO BICA;CEI MARIA AFIFE SARQUIS QUEIROZ ;RUA SDO, 141 SITIO BICA
JAGUARUANA;75;138;JUAZEIRO;E.E.F. PROFESSORA MOACINIRA MARIA MELO MOTA;RUA GERARDO PEREIRA DE MELO, 1216
BARRO;92;38;SEDE;EEFM WILSON DIAS CABRAL;SITIO RIACHAO
IPUEIRAS;40;129;AMÉRICA;ESCOLA DE ENSINO FUNDAMENTAL MARIANO MARINHO DE OLIVEIRA - AMÉRICA;AMÉRICA
MARACANAÚ;104;179;PAJUÇARA;EMEF LUIZ GONZAGA DOS SANTOS;RUA PEDRO BATISTA, 110
ARARIPE;68;116;CAMPO DE AVIAÇÃO;ESCOLA PROFESSORA MARIA VIOLETA ARRAES DE ALENCAR GERVAISEAU - SEDE;CAMPO DE AVIAÇÃO
IBIAPINA;73;21;CENTRO;CENTRO DE SAÚDE FRANCISCO MÁRCIO FERNANDES;RUA VENCESLAU SOARES S/N
MARACANAÚ;122;213;LUZARDO VIANA;EMEF NAPOLEAO BONAPARTE VIANA;RUA NAPOLEAO BONAPARTE VIANA 410
JAGUARETAMA;72;95;ZONA RURAL;ASS. COMUNITÁRIA TEODORA BEZERRA;SÍTIO CACHOEIRA DE SANTANA
CAUCAIA;123;280;NOVA METRÓPOLE (JUREMA);E.E.F.M. ELIEZER DE FREITAS GUIMARÃES;RUA 145, S/N - NOVA METRÓPOLE
MISSÃO VELHA;16;116;DISTRITO DE JAMACARU;UBS SÍTIO TERRA DURA;SÍTIO TERRA DURA DO ALEIXO
TAMBORIL;61;20;DISTRITO DE CARVALHO;EMTI OSSEAN ARARIPE;VILA CARVALHO
PEDRA BRANCA;59;24;SANTA TEREZINHA;E.E.I.T.I ARMANDO LINS DE SOUZA;RUA JOAQUIM ALVES TEIXEIRA S/N
CANINDÉ;33;476;CANINDEZINHO;EMEF JOAQUIM MAGALHAES FILHO;RUA HOMERO MARTINS 2556
FORTALEZA;1;809;PAPICU;COLEGIO ESPACO ABERTO - BENTO ALBUQUERQUE;RUA BENTO ALBUQUERQUE 1671
JUAZEIRO DO NORTE;119;92;PIRAJA;ESCOLA CLOTILDE SARAIVA COELHO;LIMOEIRO 2338
JAGUARIBE;10;48;DISTRITO DE FEITICEIRO;E.E.M. MILITANA PAES;RUA TOME DA FROTA 93
PENTECOSTE;50;189;GOMES DA SILVA;EEFM ETELVINA GOMES BEZERRA;RUA DEPUTADO JOSÉ GOMES DA SILVA, 322
TAUÁ;19;141;MARRECAS;ESCOLA ANTONIO TORQUATO RODRIGUES;COCOCA
TAMBORIL;61;94;COMUNIDADE QUILOMBOLA de torres;EMTI RAIMUNDO AGOSTINHO DA SILVA;COMUNIDADE QUILOMBOLA DE TORRES
NOVA RUSSAS;48;63;PATRONATO;E.M.E.F. FRANCISCA DAS GRAÇAS T MESQUITA(ANTIGA EEFM MONSENHOR LEITÃO);RUA HERMENEGILDO MARTINS, 667
NOVA RUSSAS;48;197;PANTANAL;GRUPO ESCOLAR OLMIR MENDES GUEDES;RUA 10, S/N
JAGUARETAMA;72;30;SÍTIO SÃO PEDRO I;CAPELA SANTO EXPEDITO;SÍTIO SÃO PEDRO I
CAUCAIA;123;520;TABAPUÁ BRASÍLIA II (JUREMA);E.E.I.E.F. JOSEFA ALVES DOS SANTOS;RUA ENGENHEIRO JOÃO NOGUEIRA, S/N - VILA NOVA/PARQUE POTIRA I
ARACOIABA;67;135;CANINHAS-SITIO;ESCOLA MUNICIPAL JOAQUIM BENTO DA SILVA;CANINHAS
INDEPENDÊNCIA;39;223;CENTRO;COLÉGIO SANTANA DE INDEPENDÊNCIA;RUA FREI VIDAL
PACAJUS;49;286;CENTRO;CENTRO DE EDUCAÇÃO DE JOVENS E ADULTOS DE PACAJUS - CEJAP;RUA TABELIAO JOSE GAMA FILHO, 350
IBARETAMA;6;198;CENTRO;EMEIF RAIMUNDA EMÍLIA DE LIMA;ESTRADA DO ALGODAO - DISTRITO SEDE
URUOCA;25;89;CENTRO;E.E.M. OLIMPIO SAMPAIO DA SILVA;RUA MARIA DAS GRAÇAS SIQUEIRA, 48
CRATEÚS;20;175;IRAPUA;CAPELA DE SANTA LUZIA - VARZEA GRANDE;VARZEA GRANDE
JAGUARIBARA;72;47;CENTRO;PROF JOCELIN MARCONDES XAVIER DE ALMEIDA;AV. ZÉ LEITÃO, 236
CAUCAIA;37;502;GRILO;E.E.I.E.F. MARIA DAS DORES LIMA;RUA JOSE EMILIO DA ROCHA, 852 - PQ MALOUBER
PEDRA BRANCA;59;158;BOA ESPERANCA;EEF SOL NASCENTE;AV ARMANDO LINS, S/N
ITAPIPOCA;17;334;PICOS;EEB DOMINGOS GONCALVES MUNIZ;PICOS
CASCAVEL;7;175;RIO NOVO;E.E.B. DEPUTADO RAIMUNDO QUEIROZ;AV JOAO DAMASCENO FONTENELE, 3233
ACOPIARA;60;116;ESTAÇÃO;ESTAÇÃO CULTURAL MARIA HELOISA HOLANDA DE ALBUQUERQUE - ANTIGA RFFSA;RUA SANTO ANTONIO MOREIRA, SN, BOM SUCESSO, ACOPIARA-CE
ITAITINGA;78;333;BARROCÃO;EEF JARDIM DE FÁTIMA;RUA ELIATAR DIÓGENES, S/N
FORTALEZA;3;175;JACARECANGA;SENAI - UNIDADE CENTRO;AV. PADRE IBIAPINA, 1280
ITATIRA;33;417;ZONA RURAL;EMEF ANTONIO GOMES DE SOUSA;ASSENTAMENTO VITÓRIA
ITAITINGA;78;276;CARACANGA;EEF HORACIO ALVES FERREIRA;AV CRUZEIRO DO SUL 412
FORTALEZA;1;363;CAIS DO PORTO;CRECHE MARIA FERREIRA DIAS;AV. ZEZÉ DIOGO, 691
LIMOEIRO DO NORTE;29;100;ESPINHO;EEF JOÃO LUIS MAIA;SITIO ESPINHO
JUAZEIRO DO NORTE;119;251;TIRADENTES;ESCOLA CAROLINA SOBREIRA;RUA JOSE SABIA SN
GENERAL SAMPAIO;50;34;CONJUNTO SÃO JOSÉ;EEMTI EDITE ALCÂNTARA MOTA;RUA DO CAMPO, S/N
FORTALEZA;115;25;MARAPONGA;EEM  PROFESSORA DIVA CABRAL;RUA HOLANDA, 701
LIMOEIRO DO NORTE;29;279;ÁREA RURAL;ESCOLA DE 1 GRAU ANTONIO ALONSO DE OLIVEIRA;SITIO GENIPAPEIRO
MULUNGU;5;255;LAMEIRAO-VILA;EMEF MARIA AMELIA PONTES;LAMEIRAO
FORTALEZA;113;32;JOSÉ BONIFÁCIO;COLÉGIO FARIAS BRITO PRÉ - VESTIBULAR;AV. BARÃO DO RIO BRANCO, 2424
FORTALEZA;3;258;CENTRO;COLÉGIO ARI DE SÁ - PRÉ-VESTIBULAR - SEDE DUQUE DE CAXIAS;AV. DUQUE DE CAXIAS, 519
FORTALEZA;113;434;MONTESE;ESCOLA MUNICIPAL VICENTE FIALHO;RUA IRMA BAZET, 193
SALITRE;38;135;ZONA RURAL, SALITRE/CE;E.E.I.F. LUIZ SANTIAGO DOS SANTOS - SÍTIO TANQUE NOVO;SÍTIO TANQUE NOVO
PEREIRO;10;195;ZONA RURAL;POSTO DE SAÚDE DO SÍTIO BAIAO;SÍTIO BAIÃO
PARAIPABA;109;208;PEDRINHAS;EMEIF JOSÉ TEIXEIRA DA SILVA;PEDRINHAS
RERIUTABA;79;77;VILA NOVA;CRECHE VÓ SINHÁ;RUA JOÃO FURTADO FILHO, N 720
IPAPORANGA;20;272;CENTRAL;ESCOLA DE EDUCAÇÃO INFANTIL PEQUENO PRÍNCIPE;RUA GABRIELRODRIGUES JÚNIOR, 101
FORTALEZA;80;256;TAUAPE;SALÃO PAROQUIAL SÃO JOAO DO TAUAPE;RUA MONSENHOR SALAZAR, 279
ARARENDÁ;48;147;SANTANA;ESCOLA JOSÉ EVANGELISTA SILVA;LOCALIDADE DE SANTANA
QUITERIANÓPOLIS;99;108;ZONA RURAL;EEIF ANÍZIO FROTA;DISTRITO SAO FRANCISCO
ARARIPE;68;113;SIPAUBA;CRECHE PROINFÂNCIA MARIA IBELENA BATISTA SOUTO DOS SANTOS - SEDE;AV. DES. FRANCISCO HUGO DE ALENCAR FURTADO
FORTALEZA;2;729;CAMBEBA;SECRETARIA DA EDUCACAO - CAMBEBA;AVENIDA MINISTRO JOSE AMERICO, SN
CRATEÚS;20;114;CENTRO;CCI-CENTRO CEARENSE DE IDIOMAS;RUA SANTOS DUMONT, 237
EUSÉBIO;88;229;AUTODROMO;CEI EDMILSON PINHEIRO;AV. LUISA TÁVORA, S/N
PEDRA BRANCA;59;116;MINEIROLANDIA;ESCOLA DE ENSINO FUNDAMENTAL E MEDIO DE MINEIROLANDIA;AV OLAVO BILAC SN
MILHÃ;55;62;CENTRO;EEFM EUCLIDES PINHEIRO DE ANDRADE;RUA JOAQUIM NEMESIO 119
CASCAVEL;7;147;GUANACES;ESC.ENS.FUND. MAXIMIANO FELIX DOS SANTOS;BRITO
PACAJUS;49;136;VILA DA MATA;EEF JOAO DE CASTRO E SILVA;RUA SEBASTIÃO PEDRO DA SILVA S/N
ITAITINGA;78;272;PONTA DA SERRA;EEEP PROFESSOR FRANCISCO ARISTOTELES DE SOUSA;RUA BOA ESPERANÇA, S/N
IPAUMIRIM;92;127;FELIZARDO-DISTRITO;E.E.F.T.I. VICENTE FELIZARDO VIEIRA;RUA ARGEMIRO FELIZARDO VIEIRA, S/N
QUIXADÁ;6;63;CIPÓ DOS ANJOS;EEF ZILCAR DE SOUZA HOLANDA;CIPÓ DOS ANJOS, S/N
MILAGRES;26;52;VILA PADRE CICERO;ESCOLA FRANCISCO GOMES DE LUCENA;VILA PADRE CICERO
FORTALEZA;1;848;PAPICU;COLEGIO ANTARES - OCELO PINHEIRO;RUA PROFESSOR OCELO PINHEIRO 101
QUIXERAMOBIM;11;110;VILA BETANIA;ESCOLA JOSE CARNEIRO;RUA RAIMUNDO SALDANHA SN
SÃO GONÇALO DO AMARANTE;36;74;SALGADO DOS MOREIRAS;ESCOLA DE ENSINO FUNDAMENTAL JOAO MOREIRA BARROSO;SALGADO DOS MOREIRAS
FRECHEIRINHA;81;249;CENTRO;CENTRO DE FORMACAO FREI ANASTACIO - CEFRAN;RUA MANOEL FERNANDES 218
CRATEÚS;20;181;VENANCIOS;EEFM PRES EURICO GASPAR DUTRA;RUA EDUARDO ALBUQUERQUE SN
AIUABA;101;29;BOM NOME;GRUPO ESCOLAR JOSE ALVES DE OLIVEIRA;RUA DUQUE DE CAXIAS SN
JARDIM;119;357;SERRA BREJINHO;ESCOLA JOAO BATISTA DE FIGUEIREDO;SERRA BREJINHO
FORTALEZA;80;190;FÁTIMA;COLÉGIO NOSSA SENHORA DAS GRAÇAS;RUA MONSENHOR OTÁVIO DE CASTRO, 535
MARACANAÚ;104;353;JARDIM BANDEIRANTES;EMEF EVANDRO AYRES DE MOURA;RUA SÃO SEBASTIÃO, 341
CAMOCIM;32;38;CENTRO;INSTITUTO SAO JOSE;PRACA JOSE SEVERIANO MOREL N 1493
IGUATU;13;572;FOMENTO;ESCOLA DE ENS FUND LUIZA BEZERRA DE SOUZA;VILA FOMENTO
BANABUIÚ;6;426;RINARÉ;EEF JOÃO FERREIRA CUNHA;FERROLANDIA
FORTALEZA;118;566;BOA VISTA-CASTELÃO;EEFM PROFESSORA MARIA GONCALVES;RUA N S DO MONTE CARMELO S/N
FORTALEZA;118;614;SERRINHA;EM MARCOS VALENTIM PEREIRA DE SOUSA;RUA FREIRE ALEMÃO,91
TABULEIRO DO NORTE;91;57;CENTRO;ESCOLA  ANTÔNIO ALVES MAIA;RUA CEL. PIO GADELHA, 4683
FORTALEZA;115;93;SERRINHA;COLEGIO DUQUE DE CAXIAS;RUA  PERU, 1675
PARAIPABA;109;126;CENTRO;EMEIF ALTINA LARANJEIRA;RUA ANTONIO TABOSA SN
ITAPIPOCA;17;542;BELA VISTA;EEB MARIA MADALENA DA ROCHA;PAU D'ARCO
CASCAVEL;7;14;BESSALANDIA;ESC.ENS.FUND. JULIA DE MELO;RUA GABRIEL GOMES BARBOSA
ARACOIABA;67;271;IDEAL-DISTRITO;ESCOLA MUNICIPAL JOÃO RUFINO PINHEIRO;ARISCO DOS BARREIROS
SOBRAL;24;427;JORDÃO;EEFI JOSE INACIO GOMES PARENTE;RUA ONOFRE GOMES DE OLIVEIRA
ITAPIPOCA;17;349;ARAPARI;EEB JOSE FRANCISCO SOARES;ESCALVADO
FORTALEZA;114;301;BARRA DO CEARÁ;EM AGOSTINHO MOREIRA E SILVA;RUA PERI, 20
FORTALEZA;93;302;PREFEITO JOSÉ WALTER;CUCA JOSÉ WALTER;RUA 69, S/N
ITAITINGA;78;256;CARACANGA;EEF MANOEL RODRIGUES DE PAIVA;AV. PAULINO ROCHA, 6120
ITAITINGA;78;271;PARQUE SANTO ANTONIO;EEF LÍDIA ALVES CAVALCANTE;RUA CARLOS DA COSTA CARMO, 757
CANINDÉ;33;474;ZONA RURAL;EMEF DR ELPIDIO;DISTRITO DE BONITO
FORTALEZA;3;635;MEIRELES;NÁUTICO ATLÉTICO CEARENSE;AV. DA ABOLIÇÃO, 2727
FORTALEZA;1;637;VARJOTA;FACULDADE FARIAS BRITO - CASTRO MONTE;RUA CASTRO MONTE 1364
CAUCAIA;123;452;PARQUE GUADALAJARA (JUREMA);COLÉGIO PLENO DO CEARÁ - CPC;RUA PADRE ALFREDO NESI, 363 (ANTIGA RUA CAMPECHE )
LIMOEIRO DO NORTE;29;46;MONSENHOR OTÁVIO;INSTITUTO FEDERAL DE EDUCAÇÃO CIENTÍFICA E TECNOLÓGICA - IFCE;RUA ESTEVAM REMÍGIO 1145
CEDRO;13;525;PEGA AVOANTE;ESCOLA DE ENS FUND ARAKEN SEDRIN DE AGUIAR;RUA SAO JOSE 1790
PACATUBA;57;183;MONGUBA;EEIEF MAJOR MANOEL ASSIS NEPOMUCENO;MONGUBA
BEBERIBE;84;48;SUCATINGA;ESCOLA MUNICIPAL JOSE DE ANCHIETA;RUA JOSE FRANCISCO CARNEIRO SN - BARRA DA SUCATINGA
IGUATU;13;223;BAÚ;ESCOLA DE ENS FUND ANTONIO CIRILO DE OLIVEIRA;VILA BAU
MERUOCA;24;586;Palestina do Norte;EEF - HENRIQUE SEVERINO DUARTE;RUA RAIMUNDO FAUSTINO - DISTRITO PALESTINA
FORTALEZA;117;226;SIQUEIRA;EEFM SENADOR OSIRES PONTES;RUA DIVINA 150
FORTALEZA;117;427;BOM JARDIM;EMEIF PROF. EDILSON BRASIL SOAREZ;RUA LOCAL 11 - CJ. TATUMUNDE
IGUATU;13;10;VILA CIDAO;CAMPUS MULTI-INSTITUCIONAL HUMBERTO TEIXEIRA (URCA/UECE/CENTEC);AV DÁRIO RABELO SN
FARIAS BRITO;62;208;QUINCUNCA;EEF COSMO ALVES PEREIRA;RUA LADISLAU PEREIRA, 77
PEREIRO;10;165;CENTRO;ESCOLA PINGO DE GENTE (ESPECIAL);RUA SEVERO HOLANDA S/N
ITAREMA;98;153;ZONA RURAL;EMEF RAIMUNDO JOSE PROZIANO;SITIO ALEGRE
FORTALEZA;3;619;MEIRELES;ESCOLA DE SAÚDE PÚBLICA - NEPE (ANEXO);AV. ANTÔNIO JUSTA, 3161
FORTALEZA;85;395;GENIBAÚ;ESCOLA MUNICIPAL DEP JOAO FREDERICO FERREIRA GOMES;RUA JOSE MENDONCA 1160
MARACANAÚ;104;357;PAJUÇARA;EMEIEF SINFRONIO PEIXOTO DE MORAIS;RUA JULIO MENDES, 255
CAMOCIM;32;7;BOA ESPERANCA;COLEGIO MONSENHOR JOSE AUGUSTO;RUA 3 DE OUTUBRO S/N
LIMOEIRO DO NORTE;29;96;CENTRO;CENTRO DE EDUCACAO DE JOVENS E ADULTOS - CEJA;RUA DOS EXPEDICIONARIOS 2991
ARACATI;8;22;CENTRO;E.E.F. FRANCISCO SABOIA BARBOSA;RUA DUQUE DE CAXIAS 1990
BARBALHA;31;18;CENTRO;EEM ADAUTO BEZERRA;RUA MAJOR SAMPAIO, 75
FORTALEZA;1;944;VICENTE PINZON;CITS - CENTRO DE INCLUSÃO TECNOLÓGICO E SOCIAL;RUA DO ENTARDECER, 160
FORTALEZA;93;315;ARACAPÉ;EMEIF IVANILSON SOUZA LIMA COSTA;RUA POLIANA N.102
FORTALEZA;2;90;MESSEJANA;CLUBE DA CAIXA;AVENIDA FREI CIRILO 4700
FORTALEZA;2;123;MESSEJANA;EEFM JOSE DE ALENCAR;RUA VENEZA, 84
INDEPENDÊNCIA;39;30;EMATUBA;E.E.F. MANOEL FERREIRA DE MELO;DISTRITO EMATUBA
HIDROLÂNDIA;54;117;POVOADO BOM SUCESSO;ESCOLA MUNICIPAL JOSÉ FERNANDES SOBRINHO;POVOADO DE BOM SUCESSO
FORTALEZA;3;382;ALDEOTA;UNICHRISTUS ALDEOTA;RUA VISCONDE DE MAUÁ, 1940
ITAPIPOCA;17;346;BOA VISTA;ESCOLA DE 1 GRAU DR GERALDO GOMES DE AZEVEDO;RUA JOAQUIM AMÉRICO TEIXEIRA, 216
ITAPIPOCA;17;518;BARRENTO;EEB FRANCISCO LÚCIO DO NASCIMENTO;TIMBAÚBA
CAUCAIA;123;341;PARQUE GUADALAJARA (JUREMA);E.E.I.E.F. 7 DE SETEMBRO;AV. DOM ALMEIDA LUSTOSA, 2322
SÃO GONÇALO DO AMARANTE;36;259;TAIBA-DISTRITO;ESCOLA DE EDUCAÇÃO BÁSICA PROFª ALBA HERCULANO ARAÚJO;RUA CAPITAO INACIO PRATA SN -TAÍBA
IGUATU;13;376;JARDIM OASIS;ESCOLA DE ENS FUND JOAO PAULINO DE ARAUJO;RUA SÍLVIO AMARO SN
FORTALEZA;2;695;MESSEJANA;ETI MARIA ODETE DA SILVA COLARES;RUA CEL JOÃO DE OLIVEIRA, 687
FORTALEZA;2;700;MESSEJANA;EEMTI PROFª FERNANDA MARIA GOMES DE AMORIM;AVENIDA FREI CIRILO 4454
FORTALEZA;3;420;ALDEOTA;UNICHRISTUS ALDEOTA;RUA VISCONDE DE MAUÁ, 1940
BREJO SANTO;70;394;CENTRO-SEDE;EEF PROFESSOR PEDRO GOMES DA SILVA BASILIO;RUA MANOEL ANTONIO CABRAL 489
GUARACIABA DO NORTE;74;81;CENTRO;CENTRO PASTORAL NOSSA SENHORA DOS PRAZERES;R. CEL.CLÍNIO MEMÓRIA, 281 - CENTRO
HORIZONTE;78;92;CENTRO;EEM RAIMUNDO NOGUEIRA;RUA RAIMUNDO NOGUEIRA, 103
ACOPIARA;60;221;CENTRO;CENTRO DE DESENVOLVIMENTO INFANTIL MIGUEL GALDINO DE OLIVEIRA - CDI;AV JOSE MARQUES, 113
CASCAVEL;7;49;CENTRO;ESC.ENS.FUND. BENIGNA PACHECO;RUA PADRE FRANCISCO VALDIVINO NOGUEIRA, 2210
IPUEIRAS;40;66;FLORESTA;ASSOCIAÇÃO DOS PEQUENOS PRODUTORES RURAIS - FLORESTA;FLORESTA
HIDROLÂNDIA;54;243;POVOADO BOM SUCESSO;ESCOLA MUNICIPAL JOSÉ FERNANDES SOBRINHO;POVOADO DE BOM SUCESSO
FORTALEZA;3;608;ALDEOTA;COLÉGIO SANTA CECÍLIA;AV. SENADOR VIRGÍLIO TÁVORA, 2000
CRATEÚS;20;128;REALEJO;ESCOLA DE CIDADANIA DE REALEJO;REALEJO
CRATO;27;307;SÃO BENTO;EEIEF CEL. FILEMON FERNANDES TELES;RUA CÍCERO PIERRE PEREIRA, SN. VILA SÃO BENTO
JAGUARUANA;75;133;LAGOA VERMELHA;E.E.F. JOSE SIMOES FILHO;LAGOA VERMELHA
MARACANAÚ;122;64;ACARACUZINHO;EEF ANTONIO GONDIM DE LIMA;AV. LATERAL SUL S/N
MARTINÓPOLE;25;217;CENTRO;E.E.F.T.I. CHICO MUNDOCA;RUA 07 DE SETEMBRO, N 902
MIRAÍMA;89;254;CENTRO;EEB FRANCISCA BRAGA LIMA;RUA JOÃO BARROSO 546
IGUATU;13;379;BARREIRAS;ESCOLA DE ENS FUND ANTÔNIO CIPRIANO;VILA BARREIRAS DOS PARAIBANOS
HORIZONTE;78;109;DOURADO;EMEF MARINA FERREIRA DE ALMEIDA;RUA DONA SINHÁ, 159
FORTALEZA;117;337;PARQUE PRESIDENTE VARGAS;EM JOSE MARIA MOREIRA CAMPOS;RUA FRANCISCO ALMEIDA, 525 CJ. APOLO XI
CEDRO;13;446;CENTRO;ESCOLA DE ENS FUND SAO JOAO BATISTA;RUA SENADOR JOAO TOME N 70
IPAUMIRIM;92;115;CENTRO-SEDE;E.E.M.T.I. DOM FRANCISCO DE ASSIS PIRES;RUA VEREADOR HIGINO DINIZ, 110
FORTALEZA;113;132;BOM FUTURO;EMEIF DOM MANUEL DA SILVA GOMES;RUA SAMUEL UCHÔA, 550
FORTALEZA;118;507;PARQUE DOIS IRMÃOS;EM MANUEL LIMA SOARES;AVENIDA NORTE SUL, 145 (CJ JARDIM PRIMAVERA)
PACOTI;5;192;CENTRO-SEDE;EEFM ESCOLA MENEZES PIMENTEL;RUA DUARTE HOLANDA 573
GUARACIABA DO NORTE;74;150;DISTRITO;COLEGIO AFONSO RODRIGUES;SITIO SANTO AMARO
FORTALEZA;115;443;MANOEL SÁTIRO;EM MARIA VIVIANE BENEVIDES GOUVEIA;RUA CREUZA ROQUE 247
GRAÇA;79;180;CENTRO-SEDE;COLEGIO RAIMUNDO DA CUNHA BRITO;BAIRRO SANTA LUZIA
JUAZEIRO DO NORTE;119;145;PIRAJA;ESCOLA IZABEL DA LUZ;AV. AILTON GOMES S/N
MADALENA;63;240;CENTRO;EEF ALFREDO ALMEIDA MACHADO;RUA PEDRO COSTA E SILVA, 99 - CENTRO
SENADOR POMPEU;12;153;SAO JOAQUIM;ASSOCIAÇÃO COMUNITÁRIA SÃO JOAQUIM DE CIMA;DT SÃO JOAQUIM DE CIMA
MORAÚJO;64;56;MATO VERDE - SERRINHA;MATO VERDE - ESCOLA MUN. JOSÉ SEVERIANO DE OLIVEIRA;LOCALIDADE DE MATO VERDE
FORTALEZA;113;365;MONTESE;COLÉGIO ESTADUAL PRESIDENTE HUMBERTO CASTELO BRANCO;RUA IRMA BAZET, 210
ACARAPE;52;37;GARAPA II;ESCOLA JOSÉ BRÍGIDO COSTA;GARAPA II
PARAIPABA;109;177;BOA ESPERANÇA;EEEP FLÁVIO GOMES GRANJEIRO;RUA MARIA MOREIRA, SN
QUIXERAMOBIM;11;158;PASSAGEM;ESCOLA JOSE PEREIRA;VILA DE PASSAGEM
FORTALEZA;112;386;EDSON QUEIROZ;ESCOLA MUNICIPAL TEMPO INTEGRAL PROFESSOR ÁLVARO COSTA ;RUA ADOLFO MOREIRA, S/N
ARARENDÁ;48;113;CENTRO;E. E. F. FRANCISCO MOURÃO LIMA;RUA PINTO BASTOS
SÃO GONÇALO DO AMARANTE;36;78;VARZEA REDONDA;ESCOLA DE ENSINO FUNDAMENTAL JOAQUIM PACHECO MENEZES;VARZEA REDONDA
CHORÓ;6;313;SÃO SEBASTIÃO;EEI CAMINHO DO SABER;AV. NOSSA SENHORA DE FATIMA, 200, CENTRO
CRATO;27;29;CENTRO;EEIEF PROFª EDILMA FERNANDES G. RODRIGUES - CÍRCULO OPERÁRIO;AVENIDA JOSÉ ALVES DE FIGUEIREDO S/N
MILHÃ;55;64;CENTRO;EEFM EUCLIDES PINHEIRO DE ANDRADE;RUA JOAQUIM NEMESIO 119
FORTALEZA;93;147;PREFEITO JOSÉ WALTER;EEEP PROFESSOR ONELIO PORTO;AVENIDA E, 471 - II ETAPA
PORANGA;40;86;CACHOEIRA GRANDE;ESCOLA DE ENSINO FUNDAMENTAL 15 DE DEZEMBRO - CACHOEIRA GRANDE;CACHOEIRA GRANDE
FORTALEZA;114;139;JARDIM IRACEMA;EM JOSÉ DE ALENCAR;RUA ALBERTO FERREIRA 248
JUAZEIRO DO NORTE;119;4;LIMOEIRO;ESCOLA ODORINA CASTELO BRANCO SAMPAIO;AV. JOSÉ BEZERRA DE MENEZES S/N
ITAPIPOCA;17;435;ARAPARI;EEB MENINO DEUS;MUCAMBO DE CIMA
ARNEIROZ;101;63;PLANALTO;EPG FRANCISCO ELIAS DE ANDRADE;PLANALTO
ACOPIARA;60;150;QUINCOE;EEF PEDRO JOSE DA SILVA;SITIO BOTELHA
CAUCAIA;123;296;PARQUE GUADALAJARA (JUREMA);E.E.I.E.F. DANILO DALMO DA ROCHA CORRÊA;RUA ACAPULCO, 1805 - PARQUE POTIRA II
FORTALEZA;3;390;MEIRELES;CÍRCULO MILITAR DE FORTALEZA;RUA CANUTO DE AGUIAR, 425
FORTALEZA;93;88;PREFEITO JOSÉ WALTER;EM RACHEL DE QUEIROZ;AVENIDA C, S/N - II ETAPA
INDEPENDÊNCIA;39;228;COHAB;E.E.F. JOSE FERREIRA DOS SANTOS;RUA C, 158
FORTALEZA;113;83;JARDIM AMÉRICA;ESCOLA MUNICIPAL PROF. FILGUEIRAS LIMA;AV. DOS EXPEDICIONÁRIOS, 3910
CRATO;27;244;ALTO DA PENHA;CRECHE NOSSA SENHORA DE FÁTIMA;RUA SATURNINO CANDEIA S/N - CONJ. HABIT. N. S. DE FÁTIMA
JUAZEIRO DO NORTE;28;132;MARROCOS;EEF JOSE DE ARAUJO;VILA SAO GONCALO
BEBERIBE;84;28;FORQUILHA;ESCOLA MUNICIPAL MARIA CLEMENTE DA SILVA;MEDEIROS
MOMBAÇA;46;128;ASSENTAMENTO SALÃO;EEM PAULO FREIRE;ASSENTAMENTO FAZENDA SALÃO
CRATEÚS;20;330;IPASE;ESCOLA DE CIDADANIA AIRAN VERAS;RUA CAPISTRANO DE ABREU SN
CAUCAIA;123;411;SÃO MIGUEL (JUREMA);E.E.F.M. ROTARY CLUB;RUA SÃO LUCAS, S/N - CONJUNTO SÃO MIGUEL I
JUAZEIRO DO NORTE;28;140;SAO MIGUEL;CENTRO CEARENSE DE IDIOMAS - CCI;RUA QUINZE DE NOVEMBRO S.N.
BOA VIAGEM;63;92;GUIA;EEF FRANCISCO NUNES DE SOUSA;ALTO DO DESCANSO - GUIA
FORTALEZA;82;375;MONTE CASTELO;EM PROFESSOR MARTINZ DE AGUIAR;RUA BERNARDO PORTO, 470
FORTALEZA;80;259;TAUAPE;SALÃO PAROQUIAL SÃO JOAO DO TAUAPE;RUA MONSENHOR SALAZAR, 279
JUAZEIRO DO NORTE;28;478;AREA RURAL DE JUAZEIRO DO NORTE;EMEIF NOSSA SENHORA DE FATIMA;SITIO UMARI
CAUCAIA;37;614;GUAGIRU;E.E.F. ALBA PESSOA DA SILVA;RUA SAO MIGUEL, 105
FORTALEZA;116;163;BOM JARDIM;EM SEBASTIAO DE ABREU;RUA GERALDO BARBOSA 1065
IPU;21;49;DISTRITO;E.M.E.F. ABILIO MARTINS;ABILIO MARTINS
MUCAMBO;79;240;CENTRO;ESCOLA ELZE MENDES DE AGUIAR;AV AGRONOMO JOSE ALVES, S/N - SEDE
FORTALEZA;94;69;ANTÔNIO BEZERRA;COLÉGIO EVOLUIR;RUA CÂNDIDO MAIA,109
ABAIARA;26;131;SÍTIO OITIS (VILA CAFÉ DA LINHA);ESCOLA CORONEL ADAUTO BEZERRA;SÍTIO OITIS
FORTALEZA;3;386;MEIRELES;CÍRCULO MILITAR DE FORTALEZA;RUA CANUTO DE AGUIAR, 425
TIANGUÁ;81;212;ÁREA RURAL DE TIANGUÁ;E.E.I.F. MARIA VILANI DE JESUS;SÍTIO BOM JESUS
FORTALEZA;83;522;JOÃO XXIII;CENTRO DE FORMAÇÃO E DESENV. PARA PROFISSIONAIS DA EDUCAÇÃO - FORMACE;RUA PORTO VELHO, 401
FORTALEZA;118;135;ITAPERI;EM ZAIRA MONTEIRO GONDIM;RUA PEDRO AGUIAR, 315
SÃO LUÍS DO CURU;23;332;COLONOS-POVOADO;E.E.F. PROFESSOR JUPI MARTINS;NUCLEO H - COLONOS POVOADO
JUAZEIRO DO NORTE;28;404;PIO XII;EEF JOSÉ MARROCOS;AV. JOSÉ BEZERRA, SN
ITAPAJÉ;41;110;ACUDE-SEDE;E.M.E.F FRANCISCO EUDES MAGALHAES;R. FAUSTO PINHEIRO, 530
PENTECOSTE;50;97;CENTRO;SECRETARIA DE SAÚDE;RUA ARTUR MOREIRA DE AZEVEDO, S/N
FORTALEZA;115;43;ITAPERI;UNIVERSIDADE ESTADUAL DO CEARA - UECE;AV DR. SILAS MUNGUBA, 1700
CAUCAIA;120;315;SITIOS NOVOS;E.E.F. ALICE MOREIRA DE OLIVEIRA;RUA HENRIQUE MARTINS, S/N
CAUCAIA;120;313;PLANALTO CAUCAIA;E.E.F.M. VICENTE ARRUDA;RUA, 113 S/N - CIGANA
ACARAÚ;30;55;ZONA RURAL;ESCOLA DE TAPUIO (SANTA FÉ);TAPUIO
FORTALEZA;113;365;MONTESE;COLÉGIO ESTADUAL PRESIDENTE HUMBERTO CASTELO BRANCO;RUA IRMA BAZET, 210
TRAIRI;97;191;FLEIXEIRAS;EEF FURTUNATO SEVERIANO DA COSTA;FLEIXEIRAS
POTENGI;68;42;CENTRO;GRUPÃO - EEF ANTONIO DE FIGUEIREDO TAVEIRA - SEDE;RUA ALMINO ALENCAR S/N
TAUÁ;19;417;BEZERRA E SOUZA;EEF MARIA DO LIVRAMENTO BARRETO DA COSTA LEITAO;RUA PEDRO MATIAS DE VASCONCELOS SN
FORTALEZA;83;733;JOÃO XXIII;CENTRO DE FORMAÇÃO E DESENV. PARA PROFISSIONAIS DA EDUCAÇÃO - FORMACE;RUA PORTO VELHO, 401
FORTALEZA;118;544;BOA VISTA-CASTELÃO;EMEF ODILON GONZAGA BRAVEZA;AV. ALBERTO CRAVEIRO, 1480 C
FORTALEZA;1;871;ALDEOTA;COLEGIO ARI DE SA - MONSENHOR CATAO;RUA MONSENHOR CATAO, 1655
JAGUARIBE;10;16;CENTRO;EMATERCE REGIONAL;AV OITO DE NOVEMBRO 301
MASSAPÊ;45;68;SANTA ÚRSULA;CEPRUMA;RUA MANASSES PONTES, S/N
TIANGUÁ;81;217;SANTO ANTÔNIO;LICEU DE TIANGUÁ - JOSE NI MOREIRA;RUA ZENI, 12 - SANTO ANTONIO
APUIARÉS;50;20;ZONA RURAL;EEF MIGUEL SOARES GUIMARÃES;VILA SOARES
FORQUILHA;121;182;ALTO ALEGRE;CERU-CENTRO DE EDUCAÇÃO BASICA MARRINA MAGALHAES MARTINS;R POSIDONIO GOMES SIQUEIRA SN
PARACURU;109;76;CAMPO DE AVIAÇÃO;E. M. E. I. F. PROFESSORA MARIA ALBUQUERQUE LIMA - DINA;AV. SAO JOAO EVANGELISTA, 385
GUARACIABA DO NORTE;74;92;DISTRITO;ESCOLA MUNICIPAL DE BOQUEIRAO;BOQUEIRAO - MORRINHOS NOVOS
FORTALEZA;113;33;JOSÉ BONIFÁCIO;COLÉGIO FARIAS BRITO PRÉ - VESTIBULAR;AV. BARÃO DO RIO BRANCO, 2424
ASSARÉ;18;116;GENEZARE;ESCOLA DE 1 GRAU JOAQUIM NECO DA COSTA;RUA EUCLIDES BRANDAO  S/N
ITAPAJÉ;41;85;CENTRO-SEDE;CENTRO INTERESCOLAR JOÃO TEIXEIRA SARAIVA;RUA JOSE PINTO CAVALCANTE 273
MARANGUAPE;4;577;GERERAÚ - SAPUPARA;CEI BERGSON LUANN VASCONCELOS DE SOUSA;AV TABATINGA,138
BEBERIBE;84;182;MORRO BRANCO;ESCOLA MUNICIPAL JOSE BESSA;MORRO BRANCO
QUIXERAMOBIM;11;108;MANITUBA;ESCOLA JOSE CARLOS DA SILVA;JARDIM
CHOROZINHO;49;31;VILA REQUEIJAO;COLEGIO GUIBSON MARINHO DOS SANTOS;AV SABINO MOREIRA SN
MARACANAÚ;122;241;INDUSTRIAL;EMEF VINICIUS DE MORAIS;RUA N NO. 425 (ESPLANADA DO MONDUBIM)
TABULEIRO DO NORTE;91;150;PATOS;ASSOCIAÇÃO DE MORADORES DO SITIO PATOS;SITIO PATOS
FORTALEZA;85;192;CONJUNTO CEARÁ I;EMEIF IRMÃ MARIA EVANETE;AV D, 1015 2 ETAPA
FORTALEZA;95;241;JANGURUSSU;EMEIEF TAÍS MARIA BEZERRA NOGUEIRA;AV. GOVERNADOR LEONEL BRIZOLA, 710
CANINDÉ;33;78;ALTO GUARAMIRANGA;EEFM FREI POLICARPO;RUA JOAO BASTOS 2027
ARACATI;8;216;SÃO CHICO;ESCOLA DE 1 GRAU SÃO FRANCISCO;SÃO CHICO
FORTALEZA;113;240;PARQUELÂNDIA;EEFM ANTONIO SALES - PARQUELÂNDIA;RUA PROF. ANACLETO, 630
FORTALEZA;113;376;MONTESE;CENTRO DE ENSINO GRAU TÉCNICO;RUA BARÃO DE SOBRAL, N.712
SALITRE;38;128;CENTRO;E.E.E.M.T.I. - VALDEMAR DE ALCÂNTARA E SILVA - SEDE;AVENIDA DO ESTADO, S/N
FORTALEZA;113;276;RODOLFO TEÓFILO;COLÉGIO DEOCLÉCIO FERRO;RUA MINERVINO DE CASTRO, 987
FORTALEZA;83;122;PICI;EEEP JÚLIA GIFFONI;RUA CORONEL MATOS DOURADO 1349
QUIXERAMOBIM;11;29;SAO MIGUEL;ESCOLA LUIZA AMANCIO DE OLIVEIRA;CASTELO
BELA CRUZ;96;184;CENTRO-SEDE;CENTRO PASTORAL MONS. ODÉCIO LOIOLA SAMPAIO;RUA HUMAITÁ, 204
FORTALEZA;117;330;BOM JARDIM;EM PROFESSOR JOSÉ FERREIRA DE ALENCAR;RUA SÃO FRANCISCO DO JARDIM, 557
ALTO SANTO;86;27;CENTRO;ESCOLA DE 1 GRAU CAZUZA BEZERRA;RUA 31 DE MARCO SN
JUAZEIRO DO NORTE;119;66;ROMEIRAO;ARENA ROMEIRÃO;AVENIDA CASTELO BRANCO SN
FORTALEZA;113;168;BOM FUTURO;ESC. PROFISSIONAL PE. JOÃO PIAMARTA;RUA PADRE JOÃO PIAMARTA, 161
MADALENA;63;193;MACAOCA;UNIDADE BASICA DE SAÚDE - RITA CELSA CASTELO;SABONETE
PENTECOSTE;50;221;PEDREIRA;EEF EDSON MARTINS CAMPELO;RUA ANTONIO NATALIA
ITAPIÚNA;105;144;ZONA RURAL;CENTRO COMUNITARIO DE GARROTE;GARROTE
TAMBORIL;61;100;CENTRO;EMTI 4 DE OUTUBRO;RUA VICENTE ALVES DO VALE SN
FORTALEZA;112;435;EDSON QUEIROZ;COLEGIO ARI DE SA CAVALCANTE WS;AV WASHINGTON SOARES, 3737
JUAZEIRO DO NORTE;28;8;CENTRO;EEFTI DR. LEÃO SAMPAIO;DOUTOR FLORO BARTOLOMEU 517
IPU;21;144;DISTRITO;EMEB FRANCISCO CARVALHO DE ARAGÃO;OLHO D'AGUINHA
TAMBORIL;61;7;BAIRRO MONTE CASTELO;EEEM DONA LUIZA TIMBÓ;RUA FRANKLIN CAVALCANTE SN
MAURITI;76;95;UMBURANAS-DISTRITO;EEF MAJOR JOAQUIM ANTONIO FURTADO;RUA JOSÉ OZÁRIO, S/N
UBAJARA;73;99;CENTRO;ESCOLA GRIJALVA COSTA;RUA JOSE RUFINO PEREIRA, 180
CAMOCIM;32;250;OLINDA;CRECHE JOAO PASCOAL DE MELO - OLINDA;NOVA OLINDA  I
SOBRAL;121;167;CENTRO;CENTRO EDUCACIONAL MARIA IMACULADA(PATRONATO);RUA CONSELHEIRO JOSE JULIO, 145
FORTALEZA;83;777;ANTÔNIO BEZERRA;COLÉGIO DA POLÍCIA MILITAR DO CEARÁ GENERAL EDGARD FACÓ;AVENIDA MISTER HULL,  S/N - KM 1
TAMBORIL;61;5;DISTRITO DE SUCESSO;EEMTI JÁDER DE FIGUEIREDO CORREIA;RUA GOV VALDEMAR DE ALCANTARA - VILA SUCESSO
ACARAÚ;30;298;ZONA RURAL;ESCOLA JOSE AUGUSTO VASCONCELOS;ILHA DOS COQUEIROS
ACARAÚ;30;299;JURITIANHA;ESCOLA HUGO MARTINS DOS SANTOS;CE 178 KM 17 - JURITIANHA
ITAPAJÉ;41;111;PADRE LIMA;E.E.M. MONSENHOR CATAO PORFIRIO SAMPAIO;RUA TEIXEIRA PINTO 136
BATURITÉ;5;73;CONSELHEIRO ESTELITA-SEDE;CENTRO REGIONAL INTEGRADO ADMINISTRATIVO - CRIA;AV FRANCISCO BRAGA FILHO, 1015
JUAZEIRO DO NORTE;28;178;SAO MIGUEL;EEF TABELIAO VICENTE PEREIRA DA SILVA;DOUTOR FLORO BARTOLOMEU 1203
FORTALEZA;94;879;PADRE ANDRADE;CEI PROFESSOR CLODOALDO PINTO;RUA BANVARTH BEZERRA 100
BELA CRUZ;96;17;CENTRO-SEDE;EEEP JULIO FRANÇA;RUA CEL. DUCA, 1051
QUIXADÁ;6;331;CALIFÓRNIA;EEF FRANCISCA TEIXEIRA;CALIFÓRNIA - SEDE
FORTALEZA;85;335;ANTÔNIO BEZERRA;EMEIF GERARDO MILTON DE SA;RUA VALE COSTA S/N
FORTALEZA;85;290;ANTÔNIO BEZERRA;EMEIF GERARDO MILTON DE SA;RUA VALE COSTA S/N
TURURU;17;658;AGUA PRETA / ZONA RURAL;EMEF MANUEL BERTOLDO DA COSTA;LOCALIDADE AGUA PRETA
FORTALEZA;112;390;EDSON QUEIROZ;ESCOLA MUNICIPAL TEMPO INTEGRAL PROFESSOR ÁLVARO COSTA ;RUA ADOLFO MOREIRA, S/N
FORTIM;8;167;OLHO DAGUA;POSTO DE SAÚDE DO OLHO DAGUA;SITIO OLHO DAGUA
PACAJUS;49;28;CENTRO;INSTITUTO EDUCACIONAL ESSÊNCIA;RUA MAMEDE NOGUEIRA, 814
CANINDÉ;33;95;ZONA RURAL;EMEF MANOEL JANUARIO DE LIMA;RUA IRMÃ SIMPLICIA, S/N IPU MONTE ALEGRE
FORTALEZA;85;252;ANTÔNIO BEZERRA;EEF PATRONATO DA SAGRADA FAMILIA;RUA MARTINS NETO 379
TAMBORIL;61;63;DISTRITO DE SUCESSO;EMTI EXPEDITO MENDES CHAVES;RUA JOÃO JOSÉ DE CASTRO S/N - CENTRO - VILA SUCESSO
IPU;21;50;ZONA RURAL;UBS JOÃO BATISTA DE AZEVEDO;SÃO JOSÉ DOS MARTINS
TAUÁ;19;141;MARRECAS;ESCOLA ANTONIO TORQUATO RODRIGUES;COCOCA
OCARA;67;180;CENTRO-SEDE;ESCOLA MUNICIPAL LUIS CANDIDO DE OLIVEIRA - ENS FUND E MEDIO;AV CORONEL JOAO FELIPE SN
OCARA;67;263;CENTRO-SEDE;ESCOLA ESTADUAL ALMIR PINTO;RUA CASSIANO CORREIA
TAUÁ;19;122;CARRAPATEIRAS;ESC PREF PEDRO PEDROSA DE CASTRO CASTELO (JOAO CASSIMIRO DE OLIVEIRA);SANTO ANTONIO DO CARRAPATEIRAS
MARACANAÚ;122;244;JARI;EMEF JOSÉ ASSIS DE OLIVEIRA(JARY);RUA PAULO AFONSO 4259
TAMBORIL;61;81;DISTRITO DE HOLANDA;EMEIF JOÃO PEREIRA LIMA;POVOADO ALEGRE
ARARIPE;68;105;CENTRO;ESCOLA MODELO - PROFESSORA CÍCERA GERMANO CORREIA - SEDE;RUA MOACIR DE SOUZA ROCHA, S/N
ITAPIÚNA;105;173;CENTRO;ESCOLA DE ENSINO FUNDAMENTAL E MEDIO FRANKLIN TAVORA;AVENIDA SAO CRISTOVAO 80
MASSAPÊ;45;8;SANTA ÚRSULA;CEPRUMA;RUA MANASSES PONTES, S/N
JUAZEIRO DO NORTE;28;27;SAO MIGUEL;UNINASSAU CAMPUS SÃO MIGUEL;RUA SÃO FRANCISCO, 1224
AIUABA;101;16;BARRA VERDE;GRUPO ESCOLAR ARMANDO ARRAES FEITOSA;POVOADO DE BARRA VERDE SN
MASSAPÊ;45;43;ZONA RURAL;EEF SANTO ANTONIO;DISTRITO DE TANGENTE
MARACANAÚ;122;121;SIQUEIRA (siqueira 2);EMEF FRANCISCO TABOZA FILHO;AV. JUSCELINO KUBITSCHEK 1941
MARANGUAPE;4;626;NOVO MARANGUAPE I (ÁREA VERDE) - MARANGUAPE;COLÉGIO OLÍMPICO;RUA JOANINHA VIEIRA, 176
CHOROZINHO;49;177;TIMBAUBA;EEF GREGORIO VITORINO DOS SANTOS;LOCALIDADE TIMBAUBA DOS MARINHEIROS
OCARA;67;231;SERENO DE CIMA-DISTRITO;ESCOLA MUNICIPAL SEBASTIAO FREIRES BRAGA - ENSINO FUNDAMENTAL;RUA VENUS SN - SERENO DE CIMA
AIUABA;101;31;BOM NOME;GRUPO ESCOLAR JOSE ALVES DE OLIVEIRA;RUA DUQUE DE CAXIAS SN
ACARAÚ;30;59;JURITIANHA;ESCOLA HUGO MARTINS DOS SANTOS;CE 178 KM 17 - JURITIANHA
NOVA OLINDA;53;143;CRUZEIRO;EEMTI PADRE LUIZ FILGUEIRAS;RUA PROFESSORA NANÔ, SN
FORTALEZA;95;196;PEDRAS;EM TRISTÃO DE ALENCAR;RUA JOSE NOGUEIRA, 69
CANINDÉ;33;72;PALESTINA;CAIC ALFREDO COELHO MAGALHÃES;RUA ANTONIO MONTEIRO DOS SANTOS SN
BATURITÉ;5;37;SANHARAO-SEDE;INSTITUTO FEDERAL DE EDUCAÇÃO, CIÊNCIA E TECNOLOGIA IFCE;RUA OUVIDOR MOR VITORINO SOARES BARBOSA, 160
AQUIRAZ;66;291;PICAO;ESCOLA FERDINANDO TANSI (SUBSTITUTA DA ESCOLA FCO. VIDAL CAMARA);COMUNIDADE DO PIAU
FORTALEZA;113;308;DAMAS;CENTRO UNIVERSITÁRIO CEARENSE - UNIC;AVENIDA JOÃO PESSOA, 4005
FORTALEZA;83;598;JÓQUEI CLUBE;CENTRO UNIVERSITÁRIO ESTÁCIO - CAMPUS PARANGABA;AVENIDA SENADOR FERNANDES TÁVORA, 137
CAUCAIA;37;185;GUARARU;E.E.F. MARIA GOMES BRASILEIRO;BR 222 - KM 27 - REGIÃO DO GUARARU
BELA CRUZ;96;209;CENTRO-SEDE;CAMARA MUNICIPAL DE BELA CRUZ;RUA 7 DE SETEMBRO, 34
JIJOCA DE JERICOACOARA;30;257;ZONA RURAL;ESCOLA ANTONIO DUTRA DE SOUSA;BAIXIO I
TAMBORIL;61;78;DISTRITO DE BOA ESPERANÇA;EMTI MARINA MAGALHÃES BRITO;POVOADO CACIMBAS
SÃO GONÇALO DO AMARANTE;36;326;CROATA-DISTRITO;ESCOLA DE ENSINO FUNDAMENTAL PORFIRIO DE ARAUJO;RUA VALDO UCHOA - CROATA
FORTIM;8;88;CENTRO;EEIFTI. PROFESSORA MARIA LUIZA;RUA JOAQUIM CRISÓSTOMO, 739.
FORTALEZA;80;279;VILA UNIÃO;EEF GAL.  MANUEL CORDEIRO NETO;RUA JORGE ACURCIO, 900
TABULEIRO DO NORTE;91;10;CENTRO;CRECHE MARIA ANALIA DE LIMA;RUA MANOEL FRANKLIN,  4117
BREJO SANTO;70;42;LAGOA DO MATO-SEDE;ESCOLA MUNICIPAL NOBILINO ALVES DE ARAUJO;VILA LAGOA DO MATO
SANTANA DO CARIRI;53;50;PONTA DA SERRA;ASSOCIAÇÃO COM. DOS AGRICULTORES RURAIS - PAULO FREIRE;SÍTIO PONTA DA SERRA, SN
ARARENDÁ;48;80;CENTRO;E. E. F. FRANCISCO MOURÃO LIMA;RUA PINTO BASTOS
TRAIRI;97;80;CENTRO;COLEGIO CENTRO EDUCACIONAL PIO RODRIGUES;RUA MANOEL TEIXEIRA S/N
FORTALEZA;113;161;JARDIM AMÉRICA;EMEIF MOZART PINTO;RUA JORGE DUMMAR, 2078
BANABUIÚ;6;447;SITIÁ;EEF VANDERLEI DA SILVA AGUIAR;BARRA DO SITIÁ
FORTALEZA;112;394;EDSON QUEIROZ;EEFM DOM ANTONIO DE ALMEIDA LUSTOSA;RUA ADOLFO MOREIRA DE CARVALHO, S/N
FORTALEZA;85;369;ANTÔNIO BEZERRA;INSTITUTO DE ARTE E CIDADANIA DO CEARA -  IAC/CE (ANTIGO GETSEMANI);RUA TOMÁS RODRIGUES, 760
AMONTADA;89;205;ICARAÍ;EEBTI DOMINGOS CARLOS DAMASCENO;PACOVAS
FORTALEZA;112;460;EDSON QUEIROZ;UNIVERSIDADE DE FORTALEZA - UNIFOR;AVENIDA WASHINGTON SOARES, 1321
EUSÉBIO;88;103;PRECABURA;EEF ELISBAO PIO;AV ELISBAO PIO - PRECABURA
ORÓS;15;233;CENTRO;E.E.F. ELISEU BATISTA;AV. JOSÉ GABRIEL BEZERRA,300
CAUCAIA;37;500;COQUEIRO;E.E.F. ANTONIO DIAS MACEDO;FAZENDA COITÉ - COQUEIRO
ICÓ;15;18;CENTRO - SEDE;EEM - VIVINA MONTEIRO;RUA DR INACIO DIAS S/N
FORTALEZA;82;613;ÁLVARO WEYNE;ESCOLA MUNICIPAL PATATIVA DO ASSARÉ;RUA FREI TEOBALDO,646
ACARAÚ;30;382;JURITIANHA;ESCOLA HUGO MARTINS DOS SANTOS;CE 178 KM 17 - JURITIANHA
ARARENDÁ;48;128;LAGOA DE SANTO ANTONIO;E. E. F. M.  FIRMINO JOSÉ;DISTRITO DE LAGOA DE SANTO ANTONIO
FORTALEZA;116;49;BOM JARDIM;EM SANTOS DUMONT;RUA GERALDO BARBOSA 240
RUSSAS;9;205;RETIRO;ESCOLA MUNICIPAL PADRE PEDRO DE ALCANTARA ARAUJO;RETIRO
IBARETAMA;6;133;DISTRITO DE PIRANGI;EMEIF JOSÉ GUSTAVO DE QUEIROZ;DISTRITO DE PIRANGI
FORTIM;8;332;PONTAL DE MACEIO;EEFTI. PROFESSORA EMILIA QUEIROZ;PONTAL DE MACEIO
LIMOEIRO DO NORTE;29;202;BOA FE;EEF MARIA IDALINA DE FREITAS;RUA ESTEVAM REMIGIO, 3029
SANTANA DO ACARAÚ;44;158;JOAO ALFREDO;EEEP FRANCISCO DAS CHAGAS VASCONCELOS;RUA JOSE ANANIAS DE VASCONCELOSS/N
LIMOEIRO DO NORTE;29;96;CENTRO;CENTRO DE EDUCACAO DE JOVENS E ADULTOS - CEJA;RUA DOS EXPEDICIONARIOS 2991
URUBURETAMA;23;30;ITAMARATY;EEFM MATILDE RODRIGUES VASCONCELOS;RUA JOSE LOPES CABRAL S/N
FORTALEZA;112;427;EDSON QUEIROZ;COLEGIO ARI DE SA CAVALCANTE WS;AV WASHINGTON SOARES, 3737
FORTALEZA;117;464;CANINDEZINHO;EEFM SÃO FRANCISCO DE ASSIS;RUA SÃO FELIPE, 564
MARACANAÚ;122;63;ACARACUZINHO;EEF ANTONIO GONDIM DE LIMA;AV. LATERAL SUL S/N
BOA VIAGEM;63;159;BOQUEIRAO;EEF RAIMUNDO ALVES BATISTA;ASSENTAMENTO BOA VENTURA - BOQUEIRAO
ARATUBA;105;65;CENTRO-SEDE;CEI NELLY DE LIMA E MELO;RUA JOAQUIM BEZERRA LIMA, SN
COREAÚ;64;109;Alto do Limoeiro;COREAÚ - ESCOLA MUN. ALTO DO LIMOEIRO;ALTO DO LIMOEIRO
SENADOR SÁ;45;66;ZONA RURAL;EEF ANTONIO COSTA NASCIMENTO;POVOADO DE SALAO
MASSAPÊ;45;107;CRUZEIRO;EEEP FRANCISCA NEILYTA CARNEIRO ALBUQUERQUE;RODOVIA CE362 KM 81 S/N
FORTALEZA;113;29;BENFICA;IFCE - INST FEDERAL DE CIÊNCIA E TECNOLOGIA (CEFET);AV. 13 DE MAIO, 2081
CANINDÉ;33;487;MONTE ;EMEF SÃO FRANCISCO;AV FRANCISCO CORDEIRO CAMPOS, 500
LIMOEIRO DO NORTE;29;200;SANTA LUZIA;ESCOLA EVOLUÇÃO;RUA MANFREDO DE OLIVEIRA, 935
CAMOCIM;32;56;BRASILIA;EEF CORONEL LIBORIO GOMES DA SILVA;RUA HUMAITA, 780
IPUEIRAS;40;8;BALSEIROS;C.E.I MARIANA SANTA CHAVES - BALSEIROS;BALSEIROS
FORTALEZA;94;799;ANTÔNIO BEZERRA;COLEGIO JULIA FIALHO;RUA JOSE ACIOLY 73
SOBRAL;24;642;PADRE PALHANO;EEFI MARIA JOSE FERREIRA GOMES;RUA PRESIDENTE JUSCELINO KUBITSCHEK, S/N
TAMBORIL;61;8;BAIRRO MONTE CASTELO;EEEM DONA LUIZA TIMBÓ;RUA FRANKLIN CAVALCANTE SN
FORTALEZA;1;475;VARJOTA;CREAS - MUCURIPE;RUA CORONEL MANOEL JESUÍNO,153
FORTALEZA;1;341;CAIS DO PORTO;ESCOLA ESTADUAL MAESTRO ELIAZAR DE CARVALHO;RUA FRANCISCO ALVES PEREIRA  349
FORTALEZA;1;780;PAPICU;COLEGIO ANTARES - OCELO PINHEIRO;RUA PROFESSOR OCELO PINHEIRO 101
IGUATU;13;108;GADELHA;ASSOCIAÇÃO DOS MORADORES DO CARDOSO II;SITIO CARDOSO II
IGUATU;13;33;PLANALTO;ESCOLA DE ENS MEDIO AMELIA FIGUEIREDO DE LAVOR;RUA 13 DE MAIO SN
HORIZONTE;78;368;QUEIMADAS;EEM QUILOMBOLA ANTÔNIA RAMALHO DA SILVA;RUA MARIA JOSÉ NOGUEIRA, 2255 - QUEIMADAS
FORTALEZA;1;858;CAIS DO PORTO;CRECHE RACHEL GUIMARÃES MARTINS BARBOSA;VIA DE PEDRESTE LESTE OESTE 01
MARCO;96;187;ZONA RURAL;EEF GUY NEVES OSTERNO;LOCALIDADE LAGOA JOAO DE SA
CAUCAIA;37;595;PACHECO;E.E.F. ADRIANO MARTINS;RUA ADRIANO MARTINS, S/N
ERERÉ;10;111;CENTRO;SECRETARIA DE EDUCACAO CULTURA E DESPORTO;RUA SENADOR FERNANDES TAVORA, 574
REDENÇÃO;52;158;CENTRO (SEDE);ESCOLA DR. EDMILSON BARROS DE OLIVEIRA;RUA SANTOS DUMONT, S/N
MAURITI;76;40;BURITIZINHO-DISTRITO;EEF FILEMON TELES;RUA JOAO LUCAS, S/N
CANINDÉ;33;61;ZONA RURAL;EMEF MANOEL JANUARIO DE LIMA;RUA IRMÃ SIMPLICIA, S/N IPU MONTE ALEGRE
TABULEIRO DO NORTE;91;31;SITIO TAPUIO I;POSTO DE SAUDE DO SITIO TAPUIO I;SITIO TAPUIO  I
SABOEIRO;43;226;DISTRITO FLAMENGO;E.E.F. MARIA LINDA DA GLÓRIA;DISTRITO FLAMENGO
FORTALEZA;118;418;PARQUE DOIS IRMÃOS;CEI FRANCISCA RODRIGUES DE SOUSA;RUA MAJOR TELÉSFORO S/N
NOVA OLINDA;53;110;CENTRO;SECRETARIA MUNICIPAL DE SAÚDE;RUA ALVIM ALVES, SN
AMONTADA;89;279;GOSTOSA;EEBTI FRANCISCO JOAQUIM DA SILVA;GOSTOSA
SABOEIRO;43;237;CENTRO;E.E.F. MANOEL GONCALVES DOS SANTOS (MUNICIPAL);RUA PRACA DA BANDEIRA, 109
TABULEIRO DO NORTE;91;17;CENTRO;ESCOLA  ANTÔNIO ALVES MAIA;RUA CEL. PIO GADELHA, 4683
BARBALHA;31;46;CENTRO;EEF SENADOR MARTINIANO DE ALENCAR;LARGO DO ROSARIO, 20, CENTRO
ICÓ;15;46;CENTRO - SEDE;ESCOLA MUNICIPAL SENHOR DO BONFIM;RUA FRANCISCO MACIEL DA SILVA, 2557
TURURU;17;652;AREA RURAL DE TURURU;CENTRO EDUCACIONAL NOSSA SENHORA DOS MILAGRES;CONCEIÇÃO DOS CAETANOS
FORTALEZA;112;507;EDSON QUEIROZ;EM PROF FRANCISCO MAURICIO MATOS DOURADO;RUA  DES FLORIANO BENEVIDES MAGALHÃES, 391
FORTALEZA;82;68;ÁLVARO WEYNE;COLÉGIO MANUEL DA SILVA (CARLITO PAMPLONA);RUA ASSIS BEZERRA, 25
FORTALEZA;83;591;DEMOCRITO ROCHA;CENTRO EDUCACIONAL SÃO SEBASTIÃO;RUA GUANABARA 1003
MASSAPÊ;45;90;CENTRO;EEFM ADAUTO BEZERRA;PCA MANOEL JARBAS AGUIAR SN
MARACANAÚ;122;119;NOVO ORIENTE;EMEF DEP ULYSSES GUIMARAES;RUA 29 N. 10
PACAJUS;49;271;COAÇU;EEF RAIMUNDO NOGUEIRA DE QUEIROZ;RUA JOÃO AUGUSTO DE OLIVEIRA, 103
NOVO ORIENTE;99;12;CENTRO;EEIF OTÁVIO RODRIGUES CAVALCANTE;RUA SAO FRANCISCO S/N
CAMOCIM;32;210;ZONA RURAL;ESCOLA JOSE NAZUZA DIAS - PESQUEIRO;LOCALIDADE DE PESQUEIRO
SANTANA DO ACARAÚ;44;55;ALTO DA LIBERDADE;ESCOLA DE ENSINO FUNDAMENTAL SANTA TEREZINHA;PRACA DA LIBERDADE S/N
FORTALEZA;115;384;PARANGABA;EEMTI GENERAL EUDORO CORREA;RUA JULIO BRAGA 101
FORTALEZA;82;434;MONTE CASTELO;EM PROFESSOR MARTINZ DE AGUIAR;RUA BERNARDO PORTO, 470
OCARA;67;226;CURUPIRA-DISTRITO;ESCOLA MUNICIPAL RAIMUNDO LOPES BRAVEZA - ENSINO FUNDAMENTAL;SEIS CARNAUBAS
BREJO SANTO;70;56;SITIO DESERTO;EEIF JOSÉ FRANCISCO NOGUEIRA;SITIO DESERTO
VÁRZEA ALEGRE;62;47;CANINDEZINHO-SEDE DO DISTRITO;CERU - EEF PROFESSORA MARIA DOLORES MENESES DE CARVALHO;DISTRITO DE CANINDEZINHO
MISSÃO VELHA;16;64;MISSAO NOVA;CENTRO DE EDUCACAO RURAL PEDRO RAIMUNDO DA CRUZ - CERU;DISTRITO DE MISSAO NOVA
TAUÁ;19;76;SEDE;EPG DR ALBERTO FEITOSA LIMA;PIVB SETOR G S/N
QUIXADÁ;6;204;JUATAMA;EEF RENATO DE ARAÚJO CARNEIRO;RUA FRANCISCO MOREIRA DE SOUZA,1324
CAUCAIA;37;621;CARAÚBAS;E.E.F. ESTEVAO FERREIRA DA ROCHA;POVOADO DAS CARAÚBAS
FORQUILHA;121;223;CACIMBINHA;EEFI CAP JOSE DIOGO DE SIQUEIRA;POVOADO DE CACIMBINHA
FORTALEZA;113;275;RODOLFO TEÓFILO;ESC. MUNICIPAL ANTONIO SALES RODOLFO TEÓFILO;RUA TAVARES IRACEMA, 675
IBARETAMA;6;327;DISTRITO DE PEDRA E CAL;EMEIF ESTEVÃO DE SOUSA FREIRE;DISTRITO DE PEDRA E CAL
CAUCAIA;37;611;IPARANA;E.E.F. ERBE TEIXEIRA FIRMEZA;AV. ULISSES GUIMARAES, S/N
BATURITÉ;5;4;CENTRO-SEDE;EMEF DOMINGOS SAVIO;AV DOM BOSCO, 393
PARAIPABA;109;125;BOA ESPERANÇA;EMTI HUMBERTO VIEIRA PESSOA;RUA MARIA CLARICE MOREIRA, 200
RUSSAS;9;305;VARZEA ALEGRE;ESCOLA MUNICIPAL CORACAO DE JESUS;RUA OCION LOPES DA SILVEIRA S/N
CHOROZINHO;49;23;PARQUE SAO JOSE;EEFM PADRE ENEMIAS FREIRE DE ALMADA;PRACA DOM JOSE DE MEDEIROS DELGADO SN
CARIÚS;43;162;SITIO CANA BRAVA;EEIF SILVESTRE ALMEIDA DUARTE;SITIO CANA BRAVA
MARCO;96;147;LOCALIDADE DE TRIANGULO DO MARCO;EEF SAO FRANCISCO;RUA ZENAIDE OSTERNO, SN
MISSÃO VELHA;16;36;SITIO ALEIXO;EEF PEDRO LUIZ PEREIRA;RUA DO COMERCIO S/N
CAUCAIA;37;392;CURICACA;E.E.F. EDSON DA MOTA CORREA;ESTRADA VELHA DO ICARAI, KM 02
GUARACIABA DO NORTE;74;129;SEDE;INSTITUTO PROMOCIONAL BENJAMIM SOARES (PATRONATO);RUA PADRE BERNARDINO MEMORIA - CENTRO
CAUCAIA;37;343;PARQUE SOLEDADE;E.E.F. CORALIA GONZAGA SALES;RUA NAPOLEAO BONAPARTE VIANA, S/N
TAUÁ;19;159;TAUAZINHO;EEF MARIA ALEXANDRINO NOGUEIRA MARQUES;AV CEL VICENTE ALEXANDRINO DE SOUSA
FRECHEIRINHA;81;235;CENTRO;ESCOLA CARLOS MACHADO PORTELA;RUA TENENTE EUFRASIO  SN
MISSÃO VELHA;16;39;SEDE;EEF  EMILCE DANTAS ( ANTIGO DR STENIO DANTAS);RUA AFONSO RIBEIRO, S/N, CENTRO.
ICÓ;15;192;CENTRO - SEDE;EEM - VIVINA MONTEIRO;RUA DR INACIO DIAS S/N
CANINDÉ;33;399;SANTA LUZIA;EMEF SENADOR CARLOS JEREISSATI;RUA EUCLIDES BARROSO, 1048
AMONTADA;89;295;LAGOA GRANDE;EEBTI FRANCISCO BRAS DOS SANTOS;LAGOA GRANDE
MASSAPÊ;45;86;ZONA RURAL;GE ANTONIO DE PAULA PESSOA DE FIGUEIREDO;POVOADO DE AIUA
CANINDÉ;33;100;JOÃO PAULO II;EMEF JOAQUIM MAGALHÃES(CRECHE NOVA - VALDEMAR GOMES);RUA CÍDIO MARTINS
IBIAPINA;73;78;PEDRINHAS;ESCOLA NOSSA SENHORA DAS GRAÇAS;RUA MIGUEL CANUTO, S/N
CARNAUBAL;22;5;SITIO CACHOEIRA DO NORTE;CENTRO DE APRENDIZAGEM RURAL CANDIDO DA CONCEICAO;SITIO CACHOEIRA DO NORTE
RUSSAS;9;251;CENTRO;ESCOLA DE ENSINO FUNDAMENTAL CORONEL MURILO SERPA;TRAVESSA SEBASTIAO SANTIAGO LIMA 160
QUIXELÔ;13;295;ÁREA RURAL DE QUIXELÔ;ESCOLA DE ENS FUND ANTONIO ALVES RIBEIRO;RIACHO DO MEIO-SITIO
TIANGUÁ;81;44;LAURÃO;UNINTA - FACULDADE TIANGUÁ;RUA CONSELHEIRO JOÃO LOURENÇO, 406 - LAURÃO
MILAGRES;26;67;SITIO TABOCAS;ESCOLA JOAO EVANGELISTA DANTAS;SITIO TABOCAS
JAGUARUANA;75;55;GIQUI;CENTRO DE APOIO CULTURAL (GIQUI);GIQUI
GRANJA;25;19;CENTRO;E.E.F. DONA SINHA CRUZ DE VASCONCELOS;RUA DR. JOAO PESSOA, 345
AMONTADA;89;203;ICARAÍ;EEB PEDRO LUIZ NUNES;PICADA
ACARAÚ;30;320;MORADA NOVA;POLO DE CONVIVÊNCIA SOCIAL MORADA NOVA;MORADA NOVA
AQUIRAZ;66;287;LAMEIRÃO;EEF FRANCISCA MONTEIRO DA SILVA;LAMEIRAO - MALVINA - CAMARA
BEBERIBE;84;44;SERRA DO FELIX;ESCOLA MUNICIPAL GREGORIO BEZERRA DA SILVA;LAGOA QUEIMADA
MARTINÓPOLE;25;219;CENTRO;E.E.F. PADRE JOSÉ ROBERTO (GINÁSIO);RUA JOAO BATISTA, 221
MARANGUAPE;4;584;NOVO MARANGUAPE I (ÁREA VERDE) - MARANGUAPE;COLÉGIO OLÍMPICO;RUA JOANINHA VIEIRA, 176
JUAZEIRO DO NORTE;28;496;PEDRINHAS;EMEF PROFA. DORALICE DE FIGUEIREDO ROCHA;RUA JOAQUIM LEANDRO DE SOUSA
PARAMBU;19;347;OITICICA;ESCOLA JOSEFA PEREIRA DE SENA;OITICICA
MORADA NOVA;47;188;CENTRO;LOJA MACONICA LUZ DA INDEPENDENCIA;RUA LUIZ SATURNINO DE MATOS S/N
CAUCAIA;37;374;PARQUE SOLEDADE;E.E.F. CORALIA GONZAGA SALES;RUA NAPOLEAO BONAPARTE VIANA, S/N
MARANGUAPE;4;425;AMANARI;EEMTI ANTONIO LUIS COELHO;RUA DO COMÉRCIO, S/N
PORANGA;40;127;BURITI DOS CARREIROS;ESCOLA REUNIDA 12 DE OUTUBRO - BURITI DOS CARREIROS;BURITI DOS CARREIROS
IBIAPINA;73;80;RAIMUNDO LINHARES;ESCOLA FRANCISCA RODRIGUES GOMES;RUA ANTONIO BORGES DE CARVALHO, S/N
BARROQUINHA;108;61;DISTRITO BITUPITÁ;EEF SANTA ADELAIDE;RUA DO COMERCIO S/N
FORTALEZA;117;459;CANINDEZINHO;ESCOLA MUNICIPAL JORNALISTA DEMÓCRITO DUMMAR;RUA EUCLIDES PAULINO BARROSO, 2505
SANTANA DO ACARAÚ;44;72;PEIXE;ESCOLA MUNICIPAL ANA DORALICE VASCONCELOS;PEIXE
CHORÓ;6;220;MONTE CASTELO;EEF TOMAZ NUNES CAVALCANTE;MONTE CASTELO, S/N
VÁRZEA ALEGRE;62;118;ALTO DA PREFEITURA;EEF MARIA AMÉLIA GONÇALVES COSTA;RUA JOAQUIM FELIX, SN
VÁRZEA ALEGRE;62;257;SANHAROL;EEF ANTÃO LEANDRO BITU;SÍTIO SANHAROL
BATURITÉ;5;15;CONSELHEIRO ESTELITA-SEDE;SECRETARIA DO DESENVOLVIMENTO ECONÔMICO E SOCIAL - SEDES (ANTIGO CSU);AV FRANCISCO BRAGA FILHO, SN
JAGUARIBE;10;38;CRUZEIRO;ESCOLA DE ENSINO FUNDAMENTAL E MEDIO CORNELIO DIOGENES;BR 116 KM 300
TIANGUÁ;81;328;ÁREA RURAL DE TIANGUÁ;CENTRO DE EDUCAÇÃO BÁSICA BENJAMIN DAMASCENO E VASCONCELOS;SÍTIO CROATÁ
ACARAPE;52;98;CENTRO;ESCOLA PADRE ANTÔNIO CRISÓSTOMO;RUA ODMAR DE CASTRO, N. 92
FORTALEZA;85;142;CONJUNTO CEARÁ I;EEEP PROFESSOR CESAR CAMPELO;RUA 717, N.164, 3 ETAPA
TABULEIRO DO NORTE;91;7;CENTRO;CRECHE MARIA ANALIA DE LIMA;RUA MANOEL FRANKLIN,  4117
FORTALEZA;113;416;MONTESE;EEFM MARECHAL HUMBERTO DE ALENCAR C. BRANCO;RUA ALVARO FERNANDES, 913
JUAZEIRO DO NORTE;28;165;CENTRO;EEIF PADRE CICERO;MONSENHOR JOVINIANO BARRETO 116
GRANJA;25;54;TIMONHA;E.E.F. LUIZ MACHADO MENDES;TRAVESSA SANTA LUZIA, 753
IPUEIRAS;40;51;CENTRO;ESCOLA DE ENSINO FUNDAMENTAL CREUSA MELO - CENTRO;RUA DUQUE DE CAXIAS, S/N
SÃO BENEDITO;22;192;INHUCU;EE BASICO DEP TOMAZ BRANDAO;R SANTOS DUMONT S/N
SÃO GONÇALO DO AMARANTE;36;53;CONJUNTO;ESCOLA DE ENSINO FUNDAMENTAL GOVERNADOR TASSO JEREISSATI;RUA CORONEL NECO MARTINS S/N - SEDE
IPU;21;162;SEDE;EEMTI DELMIRO GOUVEIA;AV MILTON CARVALHO 1171 - CAIXA DAGUA
MAURITI;76;82;SAO MIGUEL-DISTRITO;EEIF JOÃO FURTADO MARANHÃO;SITIO CURTUME
SALITRE;38;47;CENTRO;E. E. F. FRANCISCO VITURINO DE LUNA - SEDE;RUA SÃO PEDRO, 237
MORRINHOS;44;144;ZONA RURAL;EMEF MARIA CONCEICAO DOS SANTOS;BELA VISTA
PARAMBU;19;360;BELEZA;ESCOLA CICERO FERREIRA DOS SANTOS;RUA ANTONIO BEZERRA, 28
PARAMBU;19;283;CENTRO;ESCOLA VIRGÍLIO TAVORA;RUA 07 DE SETEMBRO, 120
FORTALEZA;115;339;PARANGABA;SESI - PARANGABA;AVENIDA JOÃO PESSOA, 6754
MARACANAÚ;122;26;LUZARDO VIANA;COLEGIO ESTADUAL RUI BARBOSA;RUA JOSE JANUARIO PINTO, S/N
CARNAUBAL;22;6;SITIO CACHOEIRA DO NORTE;CENTRO DE APRENDIZAGEM RURAL CANDIDO DA CONCEICAO;SITIO CACHOEIRA DO NORTE
MAURITI;76;150;COITE-DISTRITO;CENTRO EDUCACIONAL AGROVILA;CONJUNTO AGROVILA
PIQUET CARNEIRO;12;131;SEDE;EMEIF BARRA DO SERROTE;SÍTIO MONTEIROS
BATURITÉ;5;60;JORDAO-SITIO;EMEF JOSÉ AIRTON AMORA VASCONCELOS;SÍTIO JORDÃO, SN
CAUCAIA;37;555;LAGOA DO BARRO;E.E.F. TECLA GONZAGA SALES;RUA PRINCIPAL BURITIZINHO
CAUCAIA;37;542;TABAPUAZINHO;E.E.I.E.F. TIO MANUEL (ANTIGO LORENA AMARAL);RUA BANABUIÚ, N 1150
PACATUBA;57;148;CONJUNTO JEREISSATI II;EEIEF JOAO PAULO SAMPAIO DE MENEZES;RUA 74 SETOR G, 900
SÃO BENEDITO;22;86;SITIO SAO MIGUEL;EEF SAO MIGUEL;SITIO SAO MIGUEL
FRECHEIRINHA;81;261;CENTRO;PATRONATO SAO JOSE;CAPITAO JOAQUIM FRANCISCO              CENTRO             SN
JUCÁS;43;79;POÇO GRANDE - VILA;ESCOLA DE 1 GRAU CAMILO MANOEL DA SILVA;VILA DO POÇO GRANDE
TAUÁ;19;255;CENTRO;ESCOLA MUNICIPAL DE 1 GRAU JORGE MASSILON;AV ODILON AGUIAR S/N
TAMBORIL;61;30;DISTRITO DE OLIVEIRAS;EMEIF FRANCISCO LUCIO;RUA FRANCISCO LUCIO - VILA OLIVEIRAS
FORTALEZA;82;401;CRISTO REDENTOR;EM CRISTO REDENTOR;AV. PASTEUR, 372
BARBALHA;31;112;VILA SANTO ANTONIO;EEF RAUL COELHO DE ALENCAR (CIROLÂNDIA);RUA JOSÉ COELHO CORREIA, 303
FORTALEZA;115;215;SERRINHA;PROJETO ABC DA SERRINHA;RUA CONEGO LIMA SUCUPIRA, 1.487
FORTALEZA;115;306;JARDIM CEARENSE;EM JOÃO ESTANISLAU FAÇANHA;RUA ONZE, S/N - CONJUNTO CAMPO DOS INGLESES
CRATEÚS;20;114;CENTRO;CCI-CENTRO CEARENSE DE IDIOMAS;RUA SANTOS DUMONT, 237
FORTALEZA;2;669;MESSEJANA;EEFM JOSE DE ALENCAR;RUA VENEZA, 84
MARACANAÚ;122;31;JARI;EMEF JOSÉ ASSIS DE OLIVEIRA(JARY);RUA PAULO AFONSO 4259
CRATO;27;304;SÃO MIGUEL;EEEP MARIA VIOLETA ARRAES DE ALENCAR GERVAISEAU;AVENIDA TEODORICO TELES, SN
MARANGUAPE;4;41;ITAPEBUSSU;EEMTI ANTÔNIO MARQUES DE ABREU;RUA MANUEL GUEDES MARTINS, 1076.
FORTALEZA;82;490;SÃO GERARDO;COLÉGIO MASTER - BEZERRA DE MENEZES;AV. BEZERRA DE MENEZES, 1802
ARATUBA;105;78;CENTRO-SEDE;EEF PROFESSORA MARIA JULIA PEREIRA BATISTA;RUA TARGINO GOES S/N
SÃO BENEDITO;22;108;MONS. OTALICIO;LICEU - JOAO ALMIR DE FREITAS BRANDAO;AVENIDA TABAJARA S/N
CARIDADE;111;92;ZONA RURAL;EEIF SANTA MARIA - LOCALIDADE IPUEIRA DE BAIXO;LOCALIDADE DE IPUEIRA DE BAIXO
FORTALEZA;112;504;EDSON QUEIROZ;EM PROF FRANCISCO MAURICIO MATOS DOURADO;RUA  DES FLORIANO BENEVIDES MAGALHÃES, 391
FORTALEZA;80;359;TAUAPE;EMEIF ALMERINDA DE ALBUQUERQUE;RUA ANA GONCALVES 1105
FORTALEZA;113;70;DAMAS;COLÉGIO JUVENAL DE CARVALHO;AV. JOÃO PESSOA, 4279
FORTALEZA;113;85;JARDIM AMÉRICA;ESCOLA MUNICIPAL PROF. FILGUEIRAS LIMA;AV. DOS EXPEDICIONÁRIOS, 3910
MORAÚJO;64;39;CENTRO;MORAÚJO - SECRETARIA MUNICIPAL DE SAÚDE;RUA ALEXANDRE CLARINDO, S/N, CENTRO
CAUCAIA;37;291;GRILO;E.E.I.E.F. MARIA DAS DORES LIMA;RUA JOSE EMILIO DA ROCHA, 852 - PQ MALOUBER
CAUCAIA;37;476;PARQUE SOLEDADE;E.E.F. CORALIA GONZAGA SALES;RUA NAPOLEAO BONAPARTE VIANA, S/N
JUAZEIRO DO NORTE;119;93;PIRAJA;ESCOLA CLOTILDE SARAIVA COELHO;LIMOEIRO 2338
JUAZEIRO DO NORTE;119;220;TIRADENTES;ESCOLA GOVERNADOR MANOEL DE CASTRO FILHO;RUA IVANIR FEITOSA SN
CAMPOS SALES;38;44;DIST. DE QUIXARIÚ;E.E.F.T.I - MANOEL BEZERRA FORTALEZA - DIST. DE QUIXARIÚ;RUA LEONARDO DE ANDRADE S/N
CAMPOS SALES;38;34;DIST. DE ITAGUÁ;E.E.F.T.I  ANÂNIAS CUSTÓDIO ARRAIS - DIST. DE ITTAGUÁ;RUA ANÂNIAS CUSTÓDIO ARRAIS S/N
CASCAVEL;7;234;MUTIRÃO;ESC.ENS.FUND. LIBIA RIBEIRO;RUA LIBIA RIBEIRO, S/N
ITAREMA;98;180;ZONA RURAL;EMEF RAIMUNDO PEREIRA DO NASCIMENTO;ORIENTE
FORTALEZA;118;510;PASSARÉ;EM FRANCISCO ANDRADE TEOFILO GIRAO;RUA UNIDOS VENCEREMOS, 2040
FORTALEZA;113;223;RODOLFO TEÓFILO;COLÉGIO MANUELITO AZEVEDO;RUA TIRADENTES, 483
TIANGUÁ;81;112;ÁREA RURAL DE TIANGUÁ;E.E.F. FRANCISCA RODRIGUES DE SOUSA;SÍTIO VEADO SECO
FORTALEZA;116;501;CONJUNTO CEARÁ II;EM FRANCISCO EDMILSON PINHEIRO;AVENIDA H, 2115, 4A ETAPA
SÃO BENEDITO;22;247;CENTRO-SEDE;ESCOLA DE ENSINO FUNDAMENTAL FARIAS BRITO;PRACA DOM COUTINHO 864
PARAMBU;19;392;MONTE SION;ESCOLA EVA BATISTA DE ALMEIDA;SERRA DO MEIO
TARRAFAS;18;79;ZONA RURAL;ESCOLA DE 1 GRAU ANTONIO JILO;SITIO CAJAZEIRAS DO JILO  -  ZONA RURAL
CAMOCIM;32;63;ZONA RURAL;EEF SÃO SEBASTIÃO - AMARELAS;LOCALIDADE DE AMARELAS
LIMOEIRO DO NORTE;29;276;CENTRO;COLEGIO DIOCESANO PE ANCHIETA;AV DOM AURELIANO MATOS 1925
TIANGUÁ;81;141;ÁREA RURAL DE TIANGUÁ;E.E.F.I. SANTO AGOSTINHO ;SÍTIO LARANJEIRAS
FORTALEZA;83;57;BELA VISTA;EEMTI SENADOR FERNANDES TÁVORA;RUA GOIÁS 141
PARAMBU;19;328;BRASILIA;ESCOLA JOAO DE SOUSA LEMOS;AVENIDA LUIS GONZAGA FREIRE - BRASÍLIA
IBIAPINA;73;199;SÍTIO TAQUARA;ASSOCIAÇÃO COMUNITÁRIA DO SÍTIO TAQUARA;SÍTIO TAQUARA
CANINDÉ;33;388;ZONA RURAL;EMEF DR ELPIDIO;DISTRITO DE BONITO
MASSAPÊ;45;111;ZONA RURAL;GM FRANCISCO ALMEIDA MONTE;POVOADO DE TUINA
FORTALEZA;82;384;ÁLVARO WEYNE;COLÉGIO MENINO JESUS DE PRAGA;RUA ANA FACÓ, 140
ACARAÚ;30;284;CENTRO;EEEP MARTA MARIA GIFONNI DE SOUSA;CENTRO
VÁRZEA ALEGRE;62;106;RIACHINHO;CRECHE ANTONIO PEDRO DA SILVA;RUA LIDIO DUARTE, 291
PARAMBU;19;388;OITICICA;EEIEF INACIO JORGE DA SILVA (ANTIGA ESCOLA SANTO ANTÔNIO);CACHOEIRA DO PUIÚ
BARRO;92;45;SERROTA-DISTRITO;GRUPO ESCOLAR JOSE FERNANDES DE LIMA;DISTRITO DE SERROTA
TABULEIRO DO NORTE;91;95;BARRA DO FEIJAO;EEB PADRE JOSE AUGUSTO REGIS ALVES - BARRA DO FEIJAO;ASSENTAMENTO BARRA DO FEIJAO
LIMOEIRO DO NORTE;29;45;MONSENHOR OTÁVIO;INSTITUTO FEDERAL DE EDUCAÇÃO CIENTÍFICA E TECNOLÓGICA - IFCE;RUA ESTEVAM REMÍGIO 1145
CAMOCIM;32;50;BRASILIA;EEI MONS INACIO NOGUEIRA MAGALHAES - LIONS;RUA JOAQUIM TÁVORA SN
IPU;21;111;DISTRITO;E.M.E.F. CONRADO DE ARAUJO CHAVES;RECANTO
LAVRAS DA MANGABEIRA;14;84;CAJAZEIRAS DOS ROBERTOS - SITIO;ESCOLA MUNICIPAL CICERO CORREIA LIMA;SITIO CAJAZEIRAS DOS ROBERTOS
CANINDÉ;33;258;IMACULADA CONCEIÇÃO;EEEP CAPELAO FREI ORLANDO;RUA PAULINO BARROSO, 1289
GRAÇA;79;170;LAPA;ESCOLA PADRE RAIMUNDO NONATO RODRIGUES;LAPA
VIÇOSA DO CEARÁ;35;69;GENERAL TIBURCIO;E.E.F TRAPIÁ;SITIO TRAPIA
FORTALEZA;115;265;JARDIM CEARENSE;ESCOLA MARISTA SAGRADO CORAÇÃO;RUA VIDAL DE NEGREIROS, 550
MARANGUAPE;4;43;GUABIRABA - MARANGUAPE;EMEF SANTA RITA;RUA WALTER LOPES, S/N
FORTALEZA;85;113;CONJUNTO CEARÁ I;CCDH - CENTRO DE CIDADANIA E DIREITOS HUMANOS (ANTIGO LUCIO ALCANTARA);AV. ALANIS MARIA LAURINDO DE OLIVEIRA, 461, 1A ETAPA
QUIXERAMOBIM;11;277;BELEM;ESCOLA DOMINGOS MOREIRA DA SILVA;ASSENTAMENTO CRISANTEMO
SABOEIRO;43;235;CENTRO;E.E.F. OLAVO OLIVEIRA, ANEXO;RUA AMELIA LIMA BRAGA 81
INDEPENDÊNCIA;39;24;NOVA OLINDA;E.E.F. LINO VIEIRA SOARES;POVOADO NOVA OLINDA
ERERÉ;10;114;CENTRO;SECRETARIA DE EDUCACAO CULTURA E DESPORTO;RUA SENADOR FERNANDES TAVORA, 574
CASCAVEL;7;202;CAPONGA;E.E.F.M. RONALDO CAMINHA BARBOSA;ESTRADA DO PRATIUS, 1985
JUAZEIRO DO NORTE;28;141;AREA RURAL DE JUAZEIRO DO NORTE;EMEIF MARIA DO SOCORRO CARDOSO;DIST. PADRE CÍCERO. PALMEIRINHA
GRAÇA;79;169;SITIO BARRO VERMELHO;GRUPO ESCOLAR JOAO LOPES DE CARVALHO;SITIO BARRO VERMELHO
FORTALEZA;82;666;ÁLVARO WEYNE;COLÉGIO MANUEL DA SILVA (CARLITO PAMPLONA);RUA ASSIS BEZERRA, 25
POTENGI;68;88;CENTRO;GRUPÃO - EEF ANTONIO DE FIGUEIREDO TAVEIRA - SEDE;RUA ALMINO ALENCAR S/N
JAGUARUANA;75;20;CENTRO;E.E.F. EDITH MOREIRA BARRETO;RUA CEL. RAIMUNDO FRANCISCO, 1389
MARCO;96;197;LOCALIDADE DE MOCAMBO;EEMTI FRANCISCO PORCIANO FERREIRA;MOCAMBO
FORTALEZA;116;120;GRANJA PORTUGAL;EEFM PROF JOCIE CAMINHA DE MENEZES;RUA ITU 120
ARACOIABA;67;17;IDEAL-DISTRITO;ESCOLA MUNICIPAL ANTERO FONSECA DA SILVA;VILA SAO CAMILO
ALTO SANTO;86;3;CENTRO;POLO DE CONVIVÊNCIA SOCIAL;RUA ANDERSON BESSA S/N
ITAPIÚNA;105;107;CENTRO;CENTRO COMUNITARIO LUIZA TAVORA;RUA FIRMINO ANTUNES S/N
FORTALEZA;118;570;BOA VISTA-CASTELÃO;EEFM PROFESSORA MARIA GONCALVES;RUA N S DO MONTE CARMELO S/N
HORIZONTE;78;371;DOURADO;EMEF SEBASTIAO LOPES DE OLIVEIRA;RUA PEDRO FELICIO DE OLIVEIRA, 5727
BARREIRA;52;188;TORRE DE AÇO;ESCOLA CARLITO JACÓ;TORRE DE AÇO
CANINDÉ;33;59;ZONA RURAL;EMEF MANOEL JANUARIO DE LIMA;RUA IRMÃ SIMPLICIA, S/N IPU MONTE ALEGRE
CARIRIAÇU;71;90;MONTE SERRAT;EEF FRANCISCO FEITOSA DE LIRA;SÍTIO OLHO D'ÁGUA GRANDE
FORTALEZA;116;155;BOM JARDIM;EM SEBASTIAO DE ABREU;RUA GERALDO BARBOSA 1065
FORTALEZA;95;280;PARQUE SANTA MARIA;EMEIF JOSÉ MOREIRA LEITÃO;RUA HONORINO MAIA, 467
CAUCAIA;123;323;PARQUE POTIRA (JUREMA);COLÉGIO ESTADUAL LICEU DE CAUCAIA;RUA ARAQUÉM, 1100 - PARQUE POTIRA (JUREMA)
FORTALEZA;93;133;PREFEITO JOSÉ WALTER;COLEGIO 21 EDUCAR;AV JOAO DE ARAUJO LIMA, 1240 - II ETAPA
LAVRAS DA MANGABEIRA;14;14;CRUZEIRO;CENTRO DE EDUCAÇÃO INFANTIL MUNDO MÁGICO - CRECHE;RUA PETRONÍLIA DOS SANTOS, S/N - SEDE, CRUZEIRO
LAVRAS DA MANGABEIRA;14;26;QUITAIUS - DISTRITO;ESCOLA DE 1 E 2 GRAU JOAQUIM LEITE TEIXEIRA;RUA JOAQUIM LEITE TEIXEIRA 240
JUAZEIRO DO NORTE;119;46;SANTA TEREZA;ESCOLA ADAUTO BEZERRA (SEGUNDO GRAU);CASTELO BRANCO SN
MARACANAÚ;122;60;ACARACUZINHO;EEF ANTONIO GONDIM DE LIMA;AV. LATERAL SUL S/N
FORTALEZA;93;297;PREFEITO JOSÉ WALTER;COLEGIO 21 EDUCAR;AV JOAO DE ARAUJO LIMA, 1240 - II ETAPA
EUSÉBIO;88;199;CENTRO;ESCOLA PROFISSIONALIZANTE EUSEBIO DE QUEIROZ;RUA MARIA TEIXEIRA JOCA, SN
FORTALEZA;3;223;CENTRO;UNIARI - CENTRO UNIVERSITÁRIO ARI DE SÁ;AV. HERÁCLITO GRAÇA, 826
FORTALEZA;3;428;CENTRO;UNIARI - CENTRO UNIVERSITÁRIO ARI DE SÁ;AV. HERÁCLITO GRAÇA, 826
FORTALEZA;2;757;MESSEJANA;EEFM JOSE DE ALENCAR;RUA VENEZA, 84
FORTALEZA;2;795;PAUPINA;EM CÔNEGO FRANCISCO PEREIRA DA SILVA;RUA LUÍS FRANCISCO XAVIER, 256
ABAIARA;26;2;CENTRO;ESCOLA BELARMINO LINS DE MEDEIROS;RUA EXPEDITO OLIVEIRA DAS NEVES 182
ARACOIABA;67;102;CANINHAS-SITIO;ESCOLA MUNICIPAL JOAQUIM BENTO DA SILVA;CANINHAS
CAUCAIA;120;300;CATUANA;E.E.I.E.F. PLÁCIDO MONTEIRO GONDIM;RUA RAIMUNDO OLIVEIRA, S/N
SANTA QUITÉRIA;54;232;VILA SÃO DAMIÃO;ESCOLA MUNICIPAL FRANCISCO DE ASSIS PARENTE;VILA SÃO DAMIÃO
NOVA OLINDA;53;22;CENTRO;EMEF AVELINO FEITOSA;AV. PERIMETRAL SUL, 576
FORTALEZA;85;357;DOM LUSTOSA;EEFM AYRTON SENNA DA SILVA;RUA MANAUS, 855
FORTALEZA;85;324;CONJUNTO CEARÁ I;EEFM DR UBIRAJARA INDIO DO CEARA - UV-7A;RUA SETECENTOS E CINQUENTA E UM, 192, 3A ETAPA
COREAÚ;64;98;Mota;MOTA - ESCOLA MUN. RDO. BARROSO TABOSA;LOCALIDADE MOTA
CAUCAIA;123;565;SÃO MIGUEL (JUREMA);E.E.F.M. ROTARY CLUB;RUA SÃO LUCAS, S/N - CONJUNTO SÃO MIGUEL I
LIMOEIRO DO NORTE;29;66;BOM JESUS DO CRUZEIRO;EEF TEREZINHA LANDIM ESTACIO;TRIANGULO DE LIMOEIRO
FORTALEZA;2;673;MESSEJANA;EEM DEPUTADO PAULO BENEVIDES;RUA ANGELICA GURGEL, 186
ITAREMA;98;114;CENTRO;EMEF MARIETA RIOS;RUA JOAO BATISTA RIOS S/N
PEDRA BRANCA;59;73;SEDE;EEIF CICERO BARBOSA MACIEL;SITIO SANTA RITA
LIMOEIRO DO NORTE;29;163;ÁREA RURAL;EEF JOSE CANDIDO DA COSTA;SITIO VARZEA DO COBRA
FORTALEZA;117;368;SIQUEIRA;COLÉGIO VIDA VIVA;RUA JOSÉ MARIA, 100
BREJO SANTO;70;210;CONCEICAO-SEDE;ESCOLA MUNICIPAL JOAQUIM FURTADO DE LUCENA;VILA CONCEICAO
FORTALEZA;95;154;BARROSO;EM PROFESSORA MARIA ANTONÉZIA MEIRELES E SÁ;RUA CORONEL VIRGÍLIO TÁVORA, 1340
ITAPIPOCA;17;52;CALUGI;EEB ANTONIO DANUSIO BARROSO;BARRA DO MACACO
TEJUÇUOCA;41;229;ACUDE;ESCOLA MUNICIPAL FRANCISCO FERREIRA DE FARIAS;ACUDE
CRATEÚS;20;41;FATIMA I;CRECHE PROINFÂNCIA DELITE II - PROVISÓRIO;RUA FRANCISCO ARTUR MOREIRA, 1011
SÃO LUÍS DO CURU;23;341;CENTRO-SEDE;E.E.F. PROFESSORA MARIA DE LOURDES BRAGA;RUA HUGO ROCHA SN
FORQUILHA;121;214;TRAPIÁ;EEFI EDUARDO CAVALCANTE ARAGAO;DISTRITO DE TRAPIA
FORTALEZA;117;489;CANINDEZINHO;EM NARCISO PESSOA DE ARAÚJO;AV. OSÓRIO DE PAIVA, 4841
CROATÁ;74;40;SEDE;ESCOLA DE ENSINO MEDIO FLAVIO RODRIGUES;CENTRO
CROATÁ;74;136;DISTRITO;ESCOLA MUNICIPAL PROFESSORA ANTÔNIA RIBEIRO (LAGOA DA CRUZ);LAGOA DA CRUZ
CAUCAIA;123;563;ARATURI (JUREMA);POLO DE EDUCAÇÃO CONTINUADA IMERSÃO NOTA 10 (ANTIGA CASA BRASIL);AVENIDA SÃO VICENTE DE PAULA, 35
FORTALEZA;85;331;ANTÔNIO BEZERRA;EMEIF GERARDO MILTON DE SA;RUA VALE COSTA S/N
FORTALEZA;82;429;JACARECANGA;EEMTI SALES CAMPOS;RUA JACINTO MATOS, 730
JUAZEIRO DO NORTE;119;263;TIRADENTES;ESCOLA CAROLINA SOBREIRA;RUA JOSE SABIA SN
FORTALEZA;82;104;CRISTO REDENTOR;EEMTI LIONS JANGADA;RUA CAMÉLIA, 352
TIANGUÁ;81;37;LAURÃO;UNINTA - FACULDADE TIANGUÁ;RUA CONSELHEIRO JOÃO LOURENÇO, 406 - LAURÃO
TEJUÇUOCA;41;39;CENTRO-SEDE;ESCOLA MUNICIPAL SAO PEDRO;RUA JOSE BARROSO VALENTE SN
SOBRAL;24;298;PARQUE SILVANA;EEFI ANTONIO MENDES CARNEIRO;AVENIDA DR. JOSE EUCLIDES FERREIRA GOMES JUNIOR, S/N
HIDROLÂNDIA;54;234;PROGRESSO;ESCOLA MUNICIPAL MARIA MIRIAN FERREIRA DE SOUZA;RUA FABIANA FERREIRA, SN.
ITAITINGA;78;278;ANCURI;EEF FRANCISCA DE MORAIS FERRER;RUA PARQUE DAS FLORES, 500
ITAITINGA;78;292;RIACHÃO;EEF GALDINO ASSUNÇÃO FILHO;RUA LAURA DE SOUSA, 33
PARAIPABA;109;166;2ª ETAPA - SETOR G/H;EMEIF PAULO SILVA DOS SANTOS;SETOR G/H 2A ETAPA
QUIXERAMOBIM;11;265;COHAB;ESCOLA  DOUTOR JOAQUIM FERNANDES;RUA PEDRO BARBOSA DA SILVA SN
ARARIPE;68;4;CENTRO;ESCOLA ESTADUAL DONA CARLOTA TÁVORA - SEDE;RUA ANTONIO NUNES DE ALENCAR, 326
MUCAMBO;79;244;MORRINHOS;ESCOLA RAIMUNDO FELIX DA PONTE;DISTRITO DE MORRINHOS, S/N
IGUATU;13;377;CHAPADINHA;ESCOLA DE ENS FUND JUDITE CAVALCANTE;RUA CÍCERO VIEIRA SN
MAURITI;76;75;CENTRO;CÂMARA MUNICIPAL DE MAURITI;RUA CHAGAS SAMPAIO, S/N
MAURITI;76;58;UMBURANAS-DISTRITO;EEF MAJOR JOAQUIM ANTONIO FURTADO;RUA JOSÉ OZÁRIO, S/N
QUIXADÁ;6;33;CUSTÓDIO;CRECHE BEATRIZ VIANA CRISPINO;CUSTODIO, S/N
IPUEIRAS;40;34;SÃO JOSÉ DE LONTRAS;EEIEF GONÇALO BEZERRA CHAVES - SÃO JOSÉ DE LONTRAS;SÃO JOSÉ DE LONTRAS
AQUIRAZ;66;247;BARRO PRETO;EMEF RAIMUNDA FERREIRA DA SILVA;RUA MESTRE CHAGAS S/N
CHORÓ;6;350;BARBADA;EEF SÃO JOÃO DOS CARNEIROS;SÃO JOÃO
FORTALEZA;3;241;CENTRO;COLÉGIO ESTADUAL JUSTINIANO DE SERPA;AV. SANTOS DUMONT, 56
GENERAL SAMPAIO;50;27;CENTRO;EMEF Mª ARINDA LOBO DE MESQUITA;RUA JOSÉ SEVERINO FILHO, 209
GENERAL SAMPAIO;50;177;ZONA RURAL;EMEF MANOEL JUSTINO MONTEIRO;LAGOA DO MEIO
TABULEIRO DO NORTE;91;140;BARRA DO FEIJAO;EEB PADRE JOSE AUGUSTO REGIS ALVES - BARRA DO FEIJAO;ASSENTAMENTO BARRA DO FEIJAO
QUIXERAMOBIM;11;66;DAMIAO CARNEIRO;ESCOLA CEL VIRGILIO TAVORA- ALGODOES;ALGODOES
CANINDÉ;33;75;MONTE ;EMEF SÃO FRANCISCO;AV FRANCISCO CORDEIRO CAMPOS, 500
SOBRAL;121;158;TAPERUABA;ESCOLA FRANCISCO MONTE;RUA FRANCISCO MONTE S/N CENTRO
VARJOTA;65;184;JATOBÁ;E.E.F. FRANCISCA EZEQUIEL DE SOUSA;SÍTIO JATOBÁ - ZONA RURAL
PEDRA BRANCA;59;20;CENTRO;ESCOLA DE ENSINO FUNDAMENTAL E MEDIO FRANCISCO VIEIRA CAVALCANTE;RUA JOAQUIM CAVALCANTE 55
ARACATI;8;257;CAJUEIRO;E.E.F. JOSE BERNARDO DE SOUZA;CAJUEIRO
MAURITI;76;13;PALESTINA DO CARIRI-DISTRITO;EEF OSSIAN ARARIPE;VILA DNOCS
MOMBAÇA;46;63;CENTRO;ESCOLA DE ENSINO FUNDAMENTAL LAURA ALENCAR;RUA CASSIMIRO FIUZA BENEVIDES, S/N
LIMOEIRO DO NORTE;29;282;BOA FE;EEF MARIA IDALINA DE FREITAS;RUA ESTEVAM REMIGIO, 3029
FORTALEZA;93;88;PREFEITO JOSÉ WALTER;EM RACHEL DE QUEIROZ;AVENIDA C, S/N - II ETAPA
JUAZEIRO DO NORTE;119;166;PIRAJA;ESCOLA DEMOSTENES RATTS BARBOSA;AILTON GOMES SN
SOBRAL;121;83;PATRIARCA;ETI JOSÉ PEREGRINO DE VASCONCELOS;CE 240, 1532 PATRIARCA
JUAZEIRO DO NORTE;119;261;TIRADENTES;ESCOLA CAROLINA SOBREIRA;RUA JOSE SABIA SN
JUAZEIRO DO NORTE;119;80;PIRAJA;ESCOLA CLOTILDE SARAIVA COELHO;LIMOEIRO 2338
AQUIRAZ;66;230;PATACAS;EMEF LAGOA DE CIMA;PV LAGOA DE CIMA DISTRITO PATACAS
QUIXERAMOBIM;11;20;SEDE RURAL;ESCOLA CEL AMERICO FERNANDES;TINGUI
FORTALEZA;112;439;EDSON QUEIROZ;COLEGIO ARI DE SA CAVALCANTE WS;AV WASHINGTON SOARES, 3737
JARDIM;119;330;SITIO LAMEIRAO;ESCOLA AGOSTINHO FELIX DE FIGUEIREDO;SITIO LAMEIRAO                                            SN
MERUOCA;24;598;Almas;EEF - MARCAL LOPES DE VASCONCELOS;SITIO ALMAS
TIANGUÁ;81;196;ÁREA RURAL DE TIANGUÁ;ANEXO DO RAIMUNDO LOPES MAGALHAES;SITIO SANTO IZIDIO
NOVA RUSSAS;48;39;CANINDEZINHO;C.E I. ANTONIA DE MARIA M DE SOUSA(ANTIGA CRECHE SÃO FRANCISCO);DISTRITO DE CANINDEZINHO,
BARROQUINHA;108;72;DISTRITO BITUPITÁ;C.E.I. OTACÍLIA TELES DE MORAES;RUA DA PRAIA, S/N
JATI;70;389;BALANCA-SEDE;ESCOLA MUNICIPAL ANTONIA MARIA DA CONCEICAO;VILA BALANCA
MASSAPÊ;45;5;CENTRO;EEFM WILEBALDO AGUIAR;RUA CEL MANOEL DIAS 250
APUIARÉS;50;223;ZONA RURAL;UEI UMARI;UMARI
MAURITI;76;145;ANAUA-DISTRITO;EEIF JARBAS PASSARINHO;SITIO SANTO ANTONIO DOS POSSEIROS
BELA CRUZ;96;23;BRASILIA;CENTRO DE CONVIVÊNCIA SOCIAL JOÃO VENCESLAU ARAUJO;RUA JOÃO AMBRÓSIO,230
QUIXADÁ;6;5;CENTRO;EEF TERRA DOS MONÓLITOS;RUA JOSE DE QUEIROZ PESSOA, 1902
JUAZEIRO DO NORTE;28;292;CENTRO;ESCOLA DE SABERES DANIEL WALKER ALMEIDA MARQUES;AV. PADRE CÍCERO, 376
APUIARÉS;50;197;ZONA RURAL;UEI VARZEA GRANDE;TABULEIRO/VARZEA GRANDE
JUAZEIRO DO NORTE;119;425;PREFEITO CARLOS ALBERTO DA CRUZ;URCA - CAMPUS CRAJUBAR (TRIÂNGULO);AVENIDA LEÃO SAMPAIO, 107
FORTALEZA;95;261;BARROSO;EEFM PROFESSOR  ALOYSIO BARROS LEAL;RUA 10,  LOT. PRQ.VERDE 28 (CJ JOAO PAULO II)
MARANGUAPE;4;61;CENTRO - MARANGUAPE;CEJA MANOEL SEVERO BARBOSA;RUA RAIMUNDO HERBSTER, 230
IRAUÇUBA;41;169;MANDACARU;ESCOLA DE ENSINO INFANTIL E FUNDAMENTAL ANTÔNIO VIDAL;MANDACARU
AIUABA;101;24;SAO NICOLAU;GRUPO ESCOLAR EDMUNDO BRAGA;RUA BENTO HERCULES SN
MILAGRES;26;41;SITIO FRONTEIRO;ESCOLA CASTELO BRANCO;SITIO FRONTEIRO
SÃO LUÍS DO CURU;23;300;CENTRO-SEDE;E.E.F. DOMINGOS ANSELMO;PRACA ALONSO HERCULANO SN
CAUCAIA;37;412;ICARAI;E.E.I.E.F FRANCISCO MARTINS DE MORAES;RUA BELARMINO JOSÉ, 201 - ICARAÍ
FORTALEZA;112;401;SAPIRANGA-COITÉ;EEMTI PROFESSORA TECLA FERREIRA;RUA FRANCISCA BEZERRA, 417
QUIXADÁ;6;140;TAPUIARA;EEF JOSÉ LOPES DE LIMA;SITIO LAGES II
MARANGUAPE;4;411;GUABIRABA - MARANGUAPE;EMEF SANTA RITA;RUA WALTER LOPES, S/N
MAURITI;76;161;PALESTINA DO CARIRI-DISTRITO;CRECHE ANA JÚLIA GOMES ALCÂNTARA;TRIANGULO DA PALESTINA
FORTALEZA;85;326;CONJUNTO CEARÁ I;EEFM DR UBIRAJARA INDIO DO CEARA - UV-7A;RUA SETECENTOS E CINQUENTA E UM, 192, 3A ETAPA
QUIXADÁ;6;233;CENTRO;EEMTI CORONEL VÍRGILIO TÁVORA;RUA EPITÁCIO PESSOA, 1498
ACARAÚ;30;22;CENTRO;EEEP MARTA MARIA GIFONNI DE SOUSA;CENTRO
FORTALEZA;112;352;PARQUE MANIBURA;COLÉGIO ÁGAPE;AV HERMINIO DE CASTRO, 140
ICÓ;15;330;SEDE URBANA;ESCOLA MUNICIPAL MANOEL ANTONIO NUNES;RUA DO CRUZEIRO S/N
CANINDÉ;33;196;ALTO GUARAMIRANGA;EMEF CORONEL ADAUTO BEZERRA;RUA IRMÃ MANUELA MAGALHÃES, S/N
CRUZ;30;397;ZONA RURAL;ESCOLA BERNARDINO JOSE VASCONCELOS;LAGOA VELHA
CARIRÉ;65;26;CACIMBAS;ESCOLA E.I.E.F INÁCIA RODRIGUES MOREIRA;CACIMBAS
QUIXERAMOBIM;11;254;MONTEIRO DE MORAIS;ESCOLA HUMBERTO BEZERRA;RODOVIA DO ALGODAO, SN
FORTALEZA;94;192;VILA VELHA;EEFM DONA HILZA DIOGO DE OLIVEIRA;AV. DOM ALOÍSIO LORSCHEIDER, 1040 - VILA VELHA
FORTALEZA;113;376;MONTESE;CENTRO DE ENSINO GRAU TÉCNICO;RUA BARÃO DE SOBRAL, N.712
CAUCAIA;37;584;CURICACA;E.E.F. EDSON DA MOTA CORREA;ESTRADA VELHA DO ICARAI, KM 02
MARACANAÚ;122;200;LUZARDO VIANA;E.M.E.I.E.F. MANOEL MOREIRA LIMA;ESTRADA DO PAU SERRADO, S/N
QUITERIANÓPOLIS;99;89;CENTRO;EEF ROBERTO ANTUNES DE FREITAS;AV LAURINDO GOMES  SN
ORÓS;15;264;GUASSUSSE - DISTRITO;E.E.F. MANOEL RAIMUNDO MONTANHA;RUA DA MATRIZ, S/N
FORTALEZA;112;28;CIDADE DOS FUNCIONÁRIOS;COLÉGIO DÁULIA BRINGEL;RUA TRAJANO ALVES DE AGUIAR, 55
FORTALEZA;116;273;GRANJA PORTUGAL;EM REITOR ANTONIO MARTINS FILHO;RUA TEODORO DE CASTRO 1175
SÃO BENEDITO;22;113;CORRENTE-SEDE;EMEB FRANCISCO CASSIANO DO AMARAL;POLO ABC
BARRO;92;56;SANTO ANTONIO-DISTRITO;ESCOLA DE 1 GRAU JOAQUIM ALVES PEREIRA;DISTRITO DE SANTO ANTONIO
FORTALEZA;116;378;GRANJA PORTUGAL;EM JOSE CARLOS MATOS;RUA ITAJAI 802
MARCO;96;163;LOCALIDADE DE SANTA ROSA II;EEEP MONS. WALDIR;ROD. BR 402, KM 03
ITAPAJÉ;41;296;BARATEIRO;ESCOLA MUNICIPAL JOAO MARTINS TEIXEIRA;BR 222, KM 125
CAUCAIA;120;370;BOQUEIRAO DA ARARA;E.E.I.E.F. ROSA BRAZ COELHO;BR 222, KM 25
SOLONÓPOLE;55;136;CENTRO;EEIEF JOSÉ OSTER MACHADO;RUA RAIMUNDA ARINA CAVALCANTE PINHEIRO
JIJOCA DE JERICOACOARA;30;424;ZONA RURAL;ESCOLA FRANCISCO SALES DE CARVALHO;CORREGO DA FORQUILHA II
CAUCAIA;37;3;CENTRO;E.E.F. BRANCA CARNEIRO DE MENDONCA;PRACA DA MATRIZ, 666
FORTALEZA;80;391;FÁTIMA;EEM GOV. ADAUTO BEZERRA;RUA MONSENHOR LIBERATO, 1850
FORTALEZA;80;245;TAUAPE;EEFM NOEL HUGNEN OLIVEIRA PAIVA;RUA MONSENHOR SALAZAR 279
ASSARÉ;18;77;PARQUE DE VAQUEJADA;ESCOLA DE EDUCACAO INFANTIL E ENSINO FUNDAMENTAL MARIA ISABEL;AVENIDA DEP. MANOEL GONCALVES, S/N
PORANGA;40;156;SANTANA;ESCOLA ARIMATEAS FRANCISCO DE PINHO - SANTANA;SANTANA
CARNAUBAL;22;195;SEDE;ESCOLA COSME RODRIGUES DE SOUSA;RUA PRESIDENTE MEDICE SN
SÃO BENEDITO;22;218;CENTRO-SEDE;CENTRO DE SAUDE;RUA ARISTIDES BARRETO SN
CRATO;27;32;CENTRO;COLÉGIO ÁGAPE ESTUDOS;RUA RATISBONA, 295
IPU;21;152;SANTA TEREZA I;E.E.F. RAIMUNDO BALACO;SANTA TEREZA I
VARJOTA;65;194;PEDREIRA;CENTRO DE REFERÊNCIA DE ASSIST SOCIAL-CRAS-CASA DO IDOSO;RUA DELMIRO GOUVEIA, S/N
FORTALEZA;3;252;CENTRO;COLÉGIO ARI DE SÁ - PRÉ-VESTIBULAR - SEDE DUQUE DE CAXIAS;AV. DUQUE DE CAXIAS, 519
RUSSAS;9;78;CENTRO;ESCOLA MUNICIPAL TIA BENILCE DE EDUC INFANTIL E ENSINO FUNDAMENTAL;AVENIDA DOM LINO, 204
INDEPENDÊNCIA;39;145;JANDRANGOEIRA;EEF SANTA ISABEL;POVOADO JANDRANGOEIRA
FORTALEZA;85;389;ANTÔNIO BEZERRA;INSTITUTO DE ARTE E CIDADANIA DO CEARA -  IAC/CE (ANTIGO GETSEMANI);RUA TOMÁS RODRIGUES, 760
BANABUIÚ;6;481;PEDRAS BRANCAS;EEF ERNESTO DE SOUSA NOBRE;JUREMA
ARACATI;8;13;CENTRO;INSTITUTO SAO JOSE;RUA CEL ALEXANDRINO 563
PEDRA BRANCA;59;3;CENTRO;CENTRO ADMINISTRATIVO CESÁRIO MENDES;RUA FURTUNATO SILVA, 45
PINDORETAMA;7;69;CENTRO-PINDORETAMA;EEM JULIA ALENQUER FONTENELE;AV. FIRMINO CRISOSTOMO, 1944
PINDORETAMA;7;277;CENTRO-PINDORETAMA;EEM JULIA ALENQUER FONTENELE;AV. FIRMINO CRISOSTOMO, 1944
QUIXADÁ;6;358;CAMPO NOVO;EEM ABRAÃO BAQUIT;RUA REGINALDO LOPES, S/N
SOBRAL;24;486;ALTO DA BRASÍLIA;EEFI RAUL MONTE;RUA MACEIO, S/N
FORTALEZA;83;451;HENRIQUE JORGE;ESCOLA MUNICIPAL SANTA MARIA;RUA CUIABÁ 1465
VÁRZEA ALEGRE;62;181;ZEZINHO COSTA;EEF DR. DÁRIO BATISTA MORENO;AV. VICENTE ALVES COSTA, 624
MOMBAÇA;46;157;MORADA NOVA;ESCOLA DE ENSINO FUNDAMENTAL JOSÉ AIRES TEIXEIRA;SÍTIO MASSAPÊ
IGUATU;13;318;COCOBÓ;ESCOLA DE ENS FUND ELZE LIMA VERDE MONTENEGRO;DARIO RABELO
ITAPIPOCA;17;54;DESERTO;EEFMI HILDEBERTO BARROSO;AVENIDA VEREADORA LEIDA SOARES, 1205
FORTALEZA;115;46;ITAPERI;UNIVERSIDADE ESTADUAL DO CEARA - UECE;AV DR. SILAS MUNGUBA, 1700
FORTALEZA;115;92;SERRINHA;COLEGIO DUQUE DE CAXIAS;RUA  PERU, 1675
BREJO SANTO;70;249;SAO FRANCISCO-SEDE;CEJA JOAQUIM GOMES BASILIO;RUA GENESIO RICARTE COSTA 637
ARACATI;8;229;LAGOA DO JUÁ;POSTO DE SAÚDE - LAGOA DO JUÁ;LAGOA DO JUA
GRANJA;25;15;CENTRO;E.E.M. CEL LUIZ FELIPE;PRACA CEL. LUIZ FELIPE, 381
MARACANAÚ;104;75;TIMBÓ;EMEF DR. JOSÉ DE BORBA VASCONCELOS;AVENIDA TIMBÓ, 808
TAMBORIL;61;55;DISTRITO DE OLIVEIRAS;EMEIF FRANCISCO LUCIO;RUA FRANCISCO LUCIO - VILA OLIVEIRAS
FORTALEZA;80;431;TAUAPE;COLÉGIO MONSENHOR JOVINIANO BARRETO - INFANTIL;RUA FREI VIDAL, 1680
PACATUBA;57;161;PAVUNA;CENTRO DE EDUCACAO RURAL CLOVIS DE CASTRO PEREIRA;RUA CLOVIS DE CASTRO PEREIRA 235
FORTALEZA;83;246;PANAMERICANO;EEFM ANISIO TEIXEIRA;RUA RIO GRANDE DO SUL 680
CAMOCIM;32;254;JARDIM DAS OLIVEIRAS;ESCOLA PROFISSIONALIZANTE MONSENHOR EXPEDITO DA SILVEIRA;RUA CLEBER PESSOA NAVARRO VERAS
FORTALEZA;95;254;BARROSO;EMEIEF OTAVIO DE FARIAS;RUA JOAO FERREIRA, S/N
PARAMBU;19;393;JUAZEIRO;POSTO DE SAÚDE SERROTE QUEIMADO (ANT ESC JOAQUIM GOMES DE MORAIS);SERROTE QUEIMADO
CAUCAIA;123;539;MARECHAL RONDON (JUREMA);E.E.I.E.F. ECONOMISTA RUBENS VAZ DA COSTA;AVENIDA NOVO HORIZONTE, S/N
MISSÃO VELHA;16;81;ZONA RURAL;EEF ANTONIO ALVES DE BARROS;SITIO CANA BRAVA
FORQUILHA;121;181;ALTO ALEGRE;CERU-CENTRO DE EDUCAÇÃO BASICA MARRINA MAGALHAES MARTINS;R POSIDONIO GOMES SIQUEIRA SN
FORTALEZA;112;372;CIDADE DOS FUNCIONÁRIOS;EEFM WALTER DE SA CAVALCANTE;AVENIDA OLIVEIRA PAIVA, 550
ITAPIPOCA;17;581;BARRENTO;EEB PEDRO PAULO DE SOUSA;BARRENTO
IGUATU;13;575;JARDIM OASIS;ESCOLA DE ENS FUND JOAO PAULINO DE ARAUJO;RUA SÍLVIO AMARO SN
FORTALEZA;118;48;PARQUE DOIS IRMÃOS;CEI FRANCISCA RODRIGUES DE SOUSA;RUA MAJOR TELÉSFORO S/N
FORTALEZA;1;354;MUCURIPE;ESCOLA ESTADUAL DRAGAO DO MAR;RUA UMARI S/N
LIMOEIRO DO NORTE;29;65;CENTRO;LICEU DE ARTES E OFICIOS (ESC CONSTRUINDO CONHECIMENTO);RUA CORONEL FRANCISCO REMIGIO 329
FORTALEZA;1;139;CIDADE 2000;ESCOLA ESTADUAL ARQUITETO ROGERIO FROES;AVENIDA DAS GRAVIOLAS 1000
ITAITINGA;78;265;PARQUE SANTO ANTONIO;EEF LÍDIA ALVES CAVALCANTE;RUA CARLOS DA COSTA CARMO, 757
CAUCAIA;123;365;MARECHAL RONDON (JUREMA);E.E.I.E.F. ECONOMISTA RUBENS VAZ DA COSTA;AVENIDA NOVO HORIZONTE, S/N
AURORA;69;115;CENTRO-SEDE;COLEGIO PAROQUIAL MENINO DEUS;AVENIDA ANTONIO RICARDO N 50                      CENTRO
HORIZONTE;78;81;CENTRO;EMEF PROFESSORA RAIMUNDA DUARTE TEIXEIRA ;AV EUDES XIMENES, 83 - CENTRO 
FORTALEZA;114;149;JARDIM IRACEMA;EEMTI PROFESSORA BALBINA JUCA ALBUQUERQUE;AVENIDA MAJOR ASSIS 346
FORTALEZA;116;490;GRANJA LISBOA;EM DOM LUSTOSA;RUA GERALDO BARBOSA 3901
MIRAÍMA;89;236;CRUZEIRO;EEFM JOSEFA BRAGA BARROSO;RUA DEZINHO TEIXEIRA
FORTALEZA;2;706;LAGOA REDONDA;EM PROFª FERNANDA MARIA DE ALENCAR COLARES;AV PROF. ARTHUR DE CARVALHO, 1540
ITAITINGA;78;320;JABUTI;EEF FRANCISCO SALES FILHO;RUA MARIO SALES, 460
LIMOEIRO DO NORTE;29;159;JOÃO XXIII;EEF EVALDO HOLANDA MAIA;RUA PADRE VICENTE S/N
FORTALEZA;3;617;MEIRELES;ESCOLA DE SAÚDE PÚBLICA - NEPE (ANEXO);AV. ANTÔNIO JUSTA, 3161
CANINDÉ;33;381;ZONA RURAL;EMEF EDVAL LOPES PEREIRA;LOCALIDADE LIMAO - AGUA BOA
FORTALEZA;93;173;MONDUBIM;EEFM ESTADO DO MARANHAO;RUA CARLOS PIMENTA,506
MONSENHOR TABOSA;61;156;CENTRO;E.M.E.F.T.I LUIZ LEITAO;AVENIDA PESSOA PIRES  2
FORTALEZA;115;91;SERRINHA;COLEGIO DUQUE DE CAXIAS;RUA  PERU, 1675
FORTALEZA;118;685;MONDUBIM;COLÉGIO MAJESTIC;RUA CASTRO MEIRELES, 325
ACOPIARA;60;17;CENTRO;UNIDADE BÁSICA DE SAÚDE DR. GENTIL DOMINGUES;RUA DR. TIBURCIO SOARES S/N
FORTALEZA;80;127;ALTO DA BALANÇA;EEFM ESTADO DO PARÁ;RUA DJALMA PETIT 589
FORTALEZA;80;368;FÁTIMA;INSTITUTO DE EDUCAÇÃO DO CEARÁ;RUA GRACILIANO RAMOS, 52
CHORÓ;6;114;CENTRO;CEM DOM BOSCO;RUA ILDA BEZERRA PIANCÓ, 169, CENTRO
HORIZONTE;78;381;MANGUEIRAL;CEI - CLEONICE PIRES DE SOUSA;RUA BATURITÉ, N. 1971
SOBRAL;24;560;JOSÉ EUCLIDES;EEFI MOCINHA RODRIGUES;RUA EVANGELINA SABOIA, S/N
FORTALEZA;118;277;SERRINHA;EM MARIA DE CARVALHO MARTINS;AVENIDA DOUTOR SILAS MUNGUBA, 4300
FORTALEZA;115;314;MARAPONGA;EEM  PROFESSORA DIVA CABRAL;RUA HOLANDA, 701
ICÓ;15;107;CENTRO - SEDE;CENTRO UNIVERSITÁRIO VALE DO SALGADO;AV. MONSENHOR FROTA, 609
BAIXIO;92;79;CENTRO - SEDE;E.E.I.F. ANTONIO ALVES DE FARIAS;AVENIDA ANTÔNIO FERREIRA DE LIMA, 300
FORTALEZA;3;589;ALDEOTA;COLÉGIO ANTARES (RUA BARBOSA DE FREITAS);RUA BARBOSA DE FREITAS, 2058
BARROQUINHA;108;49;CENTRO;EEMTI JAIME LAURINDO DA SILVA;TRAVESSA DO CAMPO, S/N
CAUCAIA;123;436;NOVA METRÓPOLE (JUREMA);E.E.I.E.F. FRANCISCA ALVES DO AMARAL;AV. B, 442 - NOVA METRÓPOLE
FORTALEZA;3;565;MEIRELES;WAYS BILINGUAL SCHOOL - UNIDADE MEIRELES;RUA NUNES VALENTE, 919
TARRAFAS;18;28;ZONA RURAL;GRUPO ESCOLAR JOAO RICARTE DE CARVALHO;RUA PRINCIPAL SN  -  CACHOEIRA DOS RICARTES - ZONA RURAL
CASCAVEL;7;229;RIO NOVO;E.E.E. PROFISSIONAL EDSON QUEIROZ - LICEU;RUA LUCIANO RODRIGUES S/N
JUCÁS;43;69;CANAFÍSTULA - VILA;ESCOLA DE ENSINO FUNDAMENTAL CEL LUIZ DUARTE;VILA DE CANAFÍSTULA
CAMOCIM;32;20;CENTRO;EEI PROFESSORA ISAURA FREIRE FERREIRA;RUA DA INDEPENDENCIA
ITAPIPOCA;17;286;ARAPARI;EEB MARIA MESQUITA RODRIGUES;QUANDU
CRATO;27;144;PONTA DA SERRA;UNIDADE BÁSICA DE SAÚDE JOAQUIM FERREIRA LEITE;RUA INÁCIO FERREIRA LEITE S/N
FORTALEZA;80;113;ALTO DA BALANÇA;EEM YOLANDA QUEIROZ;AV. GAL. MURILO BORGES, 864
CANINDÉ;33;470;ALTO GUARAMIRANGA;EMEF CORONEL ADAUTO BEZERRA;RUA IRMÃ MANUELA MAGALHÃES, S/N
FORTALEZA;118;405;SERRINHA;EM MARIA DE CARVALHO MARTINS;AVENIDA DOUTOR SILAS MUNGUBA, 4300
ACOPIARA;60;54;DISTRITO DE SANTO ANTONIO;EEF JOSE ALVES DO NASCIMENTO;VILA DE SANTO ANTONIO
FORTALEZA;2;681;MESSEJANA;EM PROF CLODOMIR TEOFILO GIRAO;TRAVESSA RUTILO, 108
CRATEÚS;20;126;FATIMA I;SERVIÇO SOCIAL DO COMÉRCIO - SESC;RUA PADRE CÍCERO, 200
TURURU;17;664;AREA RURAL DE TURURU;CENTRO EDUCACIONAL PATRICIA MOTA DE FREITAS;ASSENTAMENTO NOVO HORIZONTE
FORTALEZA;114;147;JARDIM IRACEMA;EEMTI PROFESSORA BALBINA JUCA ALBUQUERQUE;AVENIDA MAJOR ASSIS 346
CRATO;27;316;GISÉLIA PINHEIRO;EEMTI JUVÊNCIO BARRETO;RUA JUVÊNCIO BARRETO S/N
MARACANAÚ;122;95;INDUSTRIAL;EEFM JOSE DE BORBA VASCONCELOS;AV. CONTORNO SUL S/N
FORTALEZA;115;193;PARANGABA;EEMTI MARIA THOMÁSIA;RUA POLONIA, 369
CRATEÚS;20;31;VENANCIOS;CENTRO REGIONAL DE DESENVOLVIMENTO DA EDUCACAO (CREDE 13);KM 4 BR 226
PACATUBA;57;8;CENTRO;EEM CRISPIANA DE ALBUQUERQUE;RUA RAIMUNDO SIQUEIRA,1819
JUAZEIRO DO NORTE;119;385;AEROPORTO;COLÉGIO ESTRELA;AVENIDA DEPUTADO DUARTE JUNIOR, 457
COREAÚ;64;73;Lagoa do Barro;LAGOA DO BARRO - PRÉDIO DA ESCOLA MUNICIPAL;LOCALIDADE LAGOA DO BARRO
FORTALEZA;2;145;MESSEJANA;EM JOSEFA BARROS DE ALENCAR;RUA DOUTOR JOAQUIM BENTO 590
CAUCAIA;123;348;MARECHAL RONDON (JUREMA);E.E.I.E.F. ECONOMISTA RUBENS VAZ DA COSTA;AVENIDA NOVO HORIZONTE, S/N
IGUATU;13;405;BARRA;PSF DO SÍTIO GAMELEIRA;SITIO GAMELEIRA
ITAPIPOCA;17;279;ÁREA RURAL DE ITAPIPOCA;EEB SEBASTIAO CORREIA LIMA;CROATA
FORTALEZA;2;768;MESSEJANA;INSTITUTO FREI JOAO PEDRO DE SEXTO;AVENIDA FREI CIRILO, 4241
PACATUBA;57;82;CONJUNTO JEREISSATI II;ESCOLA DE 1 GRAU DEPUTADO FAUSTO ARRUDA AGUIAR;AV. 26 S/N
FORTALEZA;117;355;CONJUNTO ESPERANÇA;EEEP DARCY RIBEIRO;RUA CONEGO DE CASTRO, S/N
FORTALEZA;1;889;COCÓ;UNINTA - FACULDADE UNINTA FORTALEZA;RUA VILEBALDO AGUIAR,133
MIRAÍMA;89;237;ÁREA RURAL DE MIRAÍMA;IGREJA SANTA RITA DE CASSIA;BARRA DO GARROTE
FORTALEZA;118;616;PARQUE DOIS IRMÃOS;COLEGIO MARIA ESTER II;RUA F (CONJUNTO MIRASSOL), 158
QUIXERÉ;29;226;AGUA FRIA;EEB ANTONIO MOREIRA DE FREITAS;AGUA FRIA
FORTALEZA;1;884;PAPICU;COLEGIO ANTARES - OCELO PINHEIRO;RUA PROFESSOR OCELO PINHEIRO 101
FORTALEZA;1;928;COCÓ;UNINTA - FACULDADE UNINTA FORTALEZA;RUA VILEBALDO AGUIAR,133
PENTECOSTE;50;180;SÃO FRANCISCO;EEF BALBINA MOREIRA DE AZEVEDO;AVENIDA ANTÔNIO BRAGA DE AZEVEDO
TAUÁ;19;143;CENTRO;ESCOLA MUNICIPAL DE 1 GRAU JORGE MASSILON;AV ODILON AGUIAR S/N
ITAPAJÉ;41;261;ESMERINO GOMES;EEEP ADRIANO NOBRE;RUA ODILON FERREIRA GOMES, 475.
JUAZEIRO DO NORTE;28;468;SANTO ANTONIO;EEF IRMA IVA;CARUARU S/N
CRATO;27;284;ZACARIAS GONÇALVES;UNIDADE BÁSICA DE SAÚDE EDITE MARIANO;AVENIDA JOSÉ HORÁCIO PEQUENO S/N
SOLONÓPOLE;55;2;CENTRO;EEM FENELON RODRIGUES PINHEIRO;AV PREF. JOSE SIFREDO PINHEIRO, 212
JAGUARIBE;10;34;EDMAR BARREIRA;CEI MARIA IRACÍLIA DE SÁ PEREIRA BARREIRA;RUA ANTÔNIO WEIMA FERNADES
HIDROLÂNDIA;54;31;DISTRITO DE BETÂNIA;E.M.E.F. ANTONIA DE FREITAS VIANA;DISTRITO DE BETÂNIA
MORADA NOVA;47;272;ARUARU;EEB PROFESSORA JOANA PAULA DE MORAIS;AVENIDA ERNESTO GEISEL
VIÇOSA DO CEARÁ;35;173;SITIO INHARIM;E.E.F JOSIAS VIEIRA DA SILVA;SITIO INHARIM
JUAZEIRO DO NORTE;119;160;TIRADENTES;ESCOLA GOVERNADOR MANOEL DE CASTRO FILHO;RUA IVANIR FEITOSA SN
FORTALEZA;112;392;EDSON QUEIROZ;EEFM DOM ANTONIO DE ALMEIDA LUSTOSA;RUA ADOLFO MOREIRA DE CARVALHO, S/N
RERIUTABA;79;25;OITIZEIRO;E.E.I.F. MARCELO DA CUNHA ARAÚJO;OITIZEIRO - ZONA RURAL
CRATO;27;310;PONTA DA SERRA;EEIEF PEDRO NUNES DE SOUSA;VILA JENIPAPO, SN.
BELA CRUZ;96;45;CENTRO-SEDE;CRECHE CRIANÇA FELIZ;RUA CEL. DUCA, 865
FORTALEZA;80;376;TAUAPE;CENTRO DE DESENVOLVIMENTO SOCIAL SEMEANDO (ANTIGO EURICO BERGSTEN);RUA CRUZ ABREU 204
GUAIÚBA;57;348;SANTO ANTONIO;ESCOLA DE EDUCAÇÃO BASICA SANTO ANTONIO;RUA JOAQUIM DIAS DA CUNHA, S/N
PARAIPABA;109;119;CENTRO;EEM ENGENHEIRO AGEU ROMERO;RUA EVARISTO GOMES 143
JUAZEIRO DO NORTE;119;78;LIMOEIRO;ESCOLA ODORINA CASTELO BRANCO SAMPAIO;AV. JOSÉ BEZERRA DE MENEZES S/N
FORTALEZA;115;437;VILA PERI;EM RAIMUNDO SOARES DE SOUSA;RUA COSTA FREIRE 550
ITAPIPOCA;17;359;ÁREA RURAL DE ITAPIPOCA;EEB FRANCISCO BEZERRA DE SOUZA;LAGOA DA CRUZ
PARAMBU;19;329;BRASILIA;ESCOLA JOAO DE SOUSA LEMOS;AVENIDA LUIS GONZAGA FREIRE - BRASÍLIA
MASSAPÊ;45;8;SANTA ÚRSULA;CEPRUMA;RUA MANASSES PONTES, S/N
SENADOR POMPEU;12;64;BRASILIA;EEIEF CÔNEGO JANUÁRIO DA CUNHA BARBOSA;RUA ANTONIO MANO DE CARVALHO, S/N
VARJOTA;65;174;PEDREIRA;E.E.I. TEODORO SALES DE OLIVEIRA-CRECHE PEDACINHO DO CÉU;RUA 31 DE MARÇO, 647
CRATO;27;183;SANTA FÉ;EEIEF ANA REGINO;SÍTIO RIACHO VERMELHO S/N
IPAUMIRIM;92;105;CENTRO-SEDE;E.E.F.T.I. DR JARISMAR GONCALVES MELO;AVENIDA DR ARRUDA, 37
FORTALEZA;114;232;BARRA DO CEARÁ;EM JADER DE FIGUEIREDO CORREIA;RUA TOCANDIRA 61
CASCAVEL;7;101;SEDE;ESCOLINHA ABRAÇO FRATERNO;RUA TABELIAO JOSE MARCOS DE CASTRO S/N
FORTALEZA;112;512;EDSON QUEIROZ;UNIVERSIDADE DE FORTALEZA - UNIFOR;AVENIDA WASHINGTON SOARES, 1321
HORIZONTE;78;226;DISTRITO INDUSTRIAL;EMEF FRANCISCA GADELHA PIRES;AV PRESIDENTE CASTELO BRANCO, 7195
ITAPIPOCA;17;66;DESERTO;EEB MARIA DAS MERCES GOMES RODRIGUES;LAGOA DAS PEDRAS DOS RODRIGUES
FORTALEZA;2;130;MESSEJANA;EEM DEPUTADO PAULO BENEVIDES;RUA ANGELICA GURGEL, 186
SÃO GONÇALO DO AMARANTE;36;258;PARADA;ESCOLA DE ENSINO FUNDAMENTAL POETISA ABGAIL SAMPAIO;PARADA
BEBERIBE;84;73;SUCATINGA;ESCOLA MUNICIPAL RAIMUNDA CARNEIRO;RUA DAS DUNAS SN URUAU
JUCÁS;43;142;SÃO PEDRO DO NORTE - VILA;ESCOLA DE 1 GRAU DOM JOSE MAURO;RUA JOSE NORBERTO DE SOUSA S/N
FORTALEZA;80;187;FÁTIMA;COLÉGIO NOSSA SENHORA DAS GRAÇAS;RUA MONSENHOR OTÁVIO DE CASTRO, 535
NOVO ORIENTE;99;50;ZONA RURAL;EEF MARIA DE SOUSA MARQUES;CAVACO
FORTALEZA;80;289;VILA UNIÃO;ESCOLA MUNICIPAL PAPA JOÃO XXIII;AV TREZE DE ABRIL, 545
QUIXADÁ;6;341;CENTRO;BIBLIOTECA PUBLICA MUNICIPAL PADRE FRANCISCO CLINEU FERREIRA;RUA CLÓVIS BEVILÁQUA, SN
FORTALEZA;114;144;JARDIM IRACEMA;EM JESUS CRISTO;RUA ALBERTO FERREIRA, 564
FORTALEZA;113;167;BOM FUTURO;ESC. PROFISSIONAL PE. JOÃO PIAMARTA;RUA PADRE JOÃO PIAMARTA, 161
FORTALEZA;113;379;MONTESE;CENTRO DE ENSINO GRAU TÉCNICO;RUA BARÃO DE SOBRAL, N.712
AIUABA;101;15;BARRA;GRUPO ESCOLAR PAES DE ANDRADE;RUA FRANCISCO JOSE DOS SANTOS, 14
HIDROLÂNDIA;54;32;DISTRITO DE BETÂNIA;E.M.E.F. ANTONIA DE FREITAS VIANA;DISTRITO DE BETÂNIA
CRATEÚS;20;324;CIDADE 2000;ESCOLA DE CIDADANIA JOSE FREIRE FILHO;KM 06 BR 404
AURORA;69;50;CENTRO-SEDE;COLEGIO PAROQUIAL MENINO DEUS;AVENIDA ANTONIO RICARDO N 50                      CENTRO
TAMBORIL;61;21;DISTRITO DE CARVALHO;EMTI OSSEAN ARARIPE;VILA CARVALHO
ICAPUÍ;8;259;BELEM;E.E.F. PROF. FRANCISCO EZEQUIEL DA COSTA;CE 261 - NOVA BELEM
PACAJUS;49;363;CONJUNTO COHAB;EEM DIONE MARIA BEZERRA PESSOA;AV. JOSE LOPES DE MESQUITA
JUAZEIRO DO NORTE;28;401;SALESIANOS;EMEIF VEREADOR ANTONIO FERNANDES COIMBRA;FISCAL JOSE ISIDORO SN
FORTALEZA;83;692;JOÃO XXIII;CENTRO DE FORMAÇÃO E DESENV. PARA PROFISSIONAIS DA EDUCAÇÃO - FORMACE;RUA PORTO VELHO, 401
ARACATI;8;3;CENTRO;E.E.F. DARCI RIBEIRO;RUA TEÓFILO PINTO, S/N.
MARACANAÚ;104;360;JARDIM BANDEIRANTES;EMEF EVANDRO AYRES DE MOURA;RUA SÃO SEBASTIÃO, 341
FORQUILHA;121;327;CENTRO;ESCOLA DE CIDADANIA MOESIO LOIOLA MELO JUNIOR(MODELO);AVENIDA GRANDE ORIENTE DO BRASIL SN
PARAIPABA;109;119;CENTRO;EEM ENGENHEIRO AGEU ROMERO;RUA EVARISTO GOMES 143
JUAZEIRO DO NORTE;119;432;SAO JOSE;ESCOLA MARIA DE LOURDES JEREISSATI;RUA CECILIA SILVA DE SOUSA
FARIAS BRITO;62;247;SEDE;EEI JOANA ALVES BEZERRA;RUA ARACI FREITAS FRANCELINO, S/N
FORTALEZA;82;431;SÃO GERARDO;COLÉGIO MASTER - BEZERRA DE MENEZES;AV. BEZERRA DE MENEZES, 1802
FORTALEZA;118;219;PASSARÉ;EEMTI INTEGRADA 2 DE MAIO;AVENIDA DA SAUDADE, S/N
UBAJARA;73;213;sItio moitinga;ESCOLA ESTEVAO MENDES;SITIO MOITINGA
BEBERIBE;84;78;FORQUILHA;ESCOLA MUNICIPAL SAO BERNARDO;FORQUILHA
MORADA NOVA;47;174;PROJETO IRRIGADO;UBS DO CH2 - RAIMUNDO NONATO NOGUEIRA FREIRE;CH2
APUIARÉS;50;11;CENTRO;EEFM SÃO SEBASTIÃO;AVENIDA GOMES DA SILVA, 100
PACOTI;5;205;GERMINAL;CRECHE CARINHA DE ANJO (GERMINAL);SITIO SANTO ANTONIO-GERMINAL
CAUCAIA;120;216;CONJUNTO METROPOLITANO;E.E.I.E.F. ANTÔNIO MIRANDA DE MELO;RUA PEDRO ALVES DE MENEZES, 1095 - CONJUNTO METROPOLITANO
HORIZONTE;78;218;PLANALTO HORIZONTE;EMEF JORGE PEREIRA DA ROCHA;RUA PAULO FREIRE 40
MARACANAÚ;122;52;PIRATININGA;EMEF JOSÉ MARIA BARROS PINHO;RUA NOVO ORIENTE S/N
FORTALEZA;112;553;GUARARAPES;CENTRO UNIVERSITARIO ESTACIO DO CEARA VIA CORPVS;RUA ELISEU UCHÔA BECO, 600
BARROQUINHA;108;76;CENTRO;EEF FRANCISCO BENÍCIO DE VASCONCELOS;AV. MARIA DIAMANTINA VERAS S/N
ALTO SANTO;86;42;ARMADOR;ESCOLA DE 1 GRAU JOAO QUINCO;SITIO ARMADOR
PALHANO;9;182;SEDE;UBS JOÃO MATEUS DOS SANTOS NETO;CANTO DA CRUZ
ACARAÚ;30;50;JURITIANHA;ESCOLA HERMINIA FRANKLINA DA SILVEIRA;RUA QUINTAS DOS ALBUQUERQUES S/N - JURITIANHA
JARDIM;119;299;CENTRO;ESCOLA DR. ROMAO SAMPAIO;RUA JOSE MARROCOS 240
FORTALEZA;113;384;SÃO GERARDO;ASSOCIAÇÃO DE PAIS E AMIGOS DO DEFICIENTE AUDITIVO - APADA;AV. BEZERRA DE MENEZES, 549
SÃO GONÇALO DO AMARANTE;36;275;VIOLETE-POVOADO;ESCOLA DE ENSINO FUNDAMENTAL JOSE PEREIRA BARROS;VIOLETE
RUSSAS;9;125;CIPO;ESCOLA MUNICIPAL PEDRO ESTACIO DE SOUSA;SITIO CIPO
QUIXERAMOBIM;11;192;CENTRO;CAMPUS UNIVERSITARIO DR ANDRADE FURTADO;AV DR JOAQUIM FERNANDES 382 - CENTRO
FORTALEZA;112;404;EDSON QUEIROZ;COLEGIO ARI DE SA CAVALCANTE WS;AV WASHINGTON SOARES, 3737
SÃO GONÇALO DO AMARANTE;36;334;PECEM-DISTRITO;ESCOLA DE ENSINO FUNDAMENTAL EUCLIDES PEREIRA GOMES;TRAVESSA MARCIONILIA SAMPAIO S/N
CAUCAIA;37;206;SANTA ROSA;E.E.I.E.F. ESTEVÃO MATIAS DE PAULA;RUA PRINCIPAL, S/N - SANTA ROSA
FORTALEZA;82;60;ÁLVARO WEYNE;EM NOSSA SENHORA DO PERPÉTUO SOCORRO;RUA CÔNSUL GOUVEIA, 57
CHORÓ;6;89;BARBADA;EEF FRANCISCO GOMES DAMASCENO;BARBADA
BELA CRUZ;96;72;LAGOA DO MATO;EMETI JOAO ADEODATO ARAUJO;LAGOA DO MATO
ITAPAJÉ;41;129;ACUDE-SEDE;E.M.E.F FRANCISCO EUDES MAGALHAES;R. FAUSTO PINHEIRO, 530
MERUOCA;24;594;Almas;EEF - DEPUTADO MANOEL RODRIGUES;SITIO SAO JOAO DAS ALMAS
UBAJARA;73;140;CENTRO;CENTRO DE REABILITAÇÃO;RUA ESMERINO MAGALHAES 181
TIANGUÁ;81;322;ÁREA RURAL DE TIANGUÁ;E.E.F. FRANCISCO NEMÉSIO CORDEIRO;SÍTIO VALPARAÍSO
FORTALEZA;94;457;ANTÔNIO BEZERRA;CASA DOS PADRES - ANTIGA FACULDADE ATENEU (SEMINÁRIO SAO VICENTE);RUA SAO VICENTE DE PAULO 300
SALITRE;38;102;ZONA RURAL, SALITRE/CE;E.E.I.F CLEMENTINO RIBEIRO DE ALENCAR - SITIO BAIXIO DO MOCO;SÍTIO BAIXIO DO MOCO
BARRO;92;69;TRAJANO NOGUEIRA-SEDE;ESCOLA MUNICIPAL DE ENSINO FUNDAMENTAL GILBERTO LEITE DE AQUINO;RUA TRAJANO NOGUEIRA SN
QUITERIANÓPOLIS;99;77;ZONA RURAL;EEIF JOSÉ GONÇALVES LIMA;GAVIAO
FORTALEZA;83;731;HENRIQUE JORGE;EEMTI ANTONIETA SIQUEIRA;RUA GUARANI 04
FORTALEZA;112;306;JARDIM DAS OLIVEIRAS;EEMTI MIRIAN PORTO MOTA;RUA DAS CASTANHOLAS, S/N
JARDIM;119;284;CENTRO;ESCOLA GOV. ADAUTO BEZERRA;AV WILSON RORIZ 1334
MASSAPÊ;45;29;ZONA RURAL;E.M.T.I FRANCISCO SEVERO DE ARAÚJO ;MUMBABA DE BAIXO
PARACURU;109;81;POÇO DOCE;E. M. E. I. F. RUFINO VIEIRA;RUA RUTH FELIX, S/N
FORTALEZA;80;124;ALTO DA BALANÇA;EEFM ESTADO DO PARÁ;RUA DJALMA PETIT 589
CANINDÉ;33;75;MONTE ;EMEF SÃO FRANCISCO;AV FRANCISCO CORDEIRO CAMPOS, 500
QUITERIANÓPOLIS;99;112;ZONA RURAL;EEIF VIRGÍLIO TÁVORA;DISTRITO ALGODOES
BREJO SANTO;70;53;SAO SEBASTIAO-SEDE;ESCOLA MUNICIPAL CASSIANO INACIO BEZERRA;VILA SAO SEBASTIAO
JUAZEIRO DO NORTE;28;70;HORTO;EMEFTI VEREADOR FRANCISCO BARBOSA DA SILVA;RUA BOM JESUS DO HORTO
JUAZEIRO DO NORTE;28;236;SAO MIGUEL;SENAC SÃO MIGUEL;RUA SAO LUIZ 701
FORTALEZA;112;363;ENGENHEIRO LUCIANO CAVALCANTE;COLEGIO GLOBOMAX;RUA GENERAL CAIADO DE CASTRO, 156
QUIXADÁ;6;96;CALIFÓRNIA;EEF FRANCISCA TEIXEIRA;CALIFÓRNIA - SEDE
FORTALEZA;116;61;BOM JARDIM;EM CRESCER E APRENDER;RUA EDSON MARTINS, 642
JUAZEIRO DO NORTE;119;75;LIMOEIRO;EEF FELIPE NERY DA SILVA;PRIMEIRO DE MAIO SN
MARACANAÚ;104;387;PAJUÇARA;EMEIEF PREFEITO ALMIR FREITAS DUTRA;RUA ELÍFIO MEDEIROS DA CUNHA, 531
SANTA QUITÉRIA;54;85;DISTRITO DE TRAPIÁ;ESCOLA DE ENSINO MÉDIO JOÃO DE MESQUITA BRAGA;DISTRITO DE TRAPIÁ
BATURITÉ;5;76;CANDEIA SAO SEBASTIAO-POVOADO;EMEF CAPITAO PORFIRIO RODRIGUES DE SOUZA;RUA IRMA ROBUSTINA SN
PARACURU;109;79;RIACHO DOCE;E. M. E. F. RIACHO DOCE;RUA JOSÉ LOPES MEIRELES S/N
FORTALEZA;80;390;FÁTIMA;EEM GOV. ADAUTO BEZERRA;RUA MONSENHOR LIBERATO, 1850
FORTALEZA;118;119;PASSARÉ;COLÉGIO LIRA COUTINHO;RUA BELOS PORTOS, 453
JUAZEIRO DO NORTE;119;443;AEROPORTO;ESCOLA CICERA GERMANO CORREIA;RUA SEBASTIAO REGIS SN
FORTALEZA;93;279;PREFEITO JOSÉ WALTER;CENTRO DE INCLUSÃO TECNOLÓGICA E SOCIAL - CITS JOSÉ WALTER;AV. K, 330, SEGUNDA ETAPA
CEDRO;13;539;SÃO MIGUEL;ESCOLA DE ENS FUND ISIDORO DOMINGUES VIEIRA;ST LAGOA DOS CAVALOS
CAMOCIM;32;216;BOA ESPERANCA;COLEGIO MONSENHOR JOSE AUGUSTO;RUA 3 DE OUTUBRO S/N
TRAIRI;97;1;CORREGO FUNDO;EEF ANTONIO ROBESPIERRE VIANA;CORREGO FUNDO
SOLONÓPOLE;55;2;CENTRO;EEM FENELON RODRIGUES PINHEIRO;AV PREF. JOSE SIFREDO PINHEIRO, 212
FORTALEZA;93;196;PLANALTO AYRTON SENNA;EM ADALBERTO STUDART FILHO;RUA DO CAMPO, 25
GUAIÚBA;57;295;SANTO ANTONIO;ESCOLA DE EDUCAÇÃO BASICA SANTO ANTONIO;RUA JOAQUIM DIAS DA CUNHA, S/N
ARACATI;8;83;BEIRADA;E.E.F. JOAQUIM NOGUEIRA DA COSTA;SITIO BEIRADA
IBIAPINA;73;79;SÃO JOÃO;ESCOLA RITA NEGREIROS;RUA JOSÉ AVELINO
FORTALEZA;112;285;ENGENHEIRO LUCIANO CAVALCANTE;COLÉGIO ANTARES - SEDE WASHINGTON SOARES;RUA CAETANO XIMENES ARAGÃO,110 - ACESSO PELA RUA ARMANDO DALL'OLIO
CARIRIAÇU;71;70;VILA PRIMAVERA;EEF PEDRO NOGUEIRA MACHADO;VILA PRIMAVERA
MORADA NOVA;47;119;ROLDAO;EEB JOAQUIM CHAGAS FILHO;TRAV. LUIS VIEIRA, S/N
FORTALEZA;82;188;MONTE CASTELO;EEMTI CLÁUDIO MARTINS;RUA DEMÓCRITO ROCHA, 400
CAUCAIA;37;560;TABAPUAZINHO;E.E.I.E.F. DONA LAVÍNIA DE MEDEIROS;RUA GIZELDA MAGALHÃES, 2394 - TABAPUAZINHO
FORTALEZA;112;526;CAMBEBA;COLÉGIO ROSA DE SAROM;RUA AMANCIO VALENTE 1770
MARANGUAPE;4;110;ITAPEBUSSU;EMEF FRANCISCA MARQUES DE SOUSA;RUA TENENTE BARROSO, S/N
TAUÁ;19;58;COLIBRIS;ESCOLA LICEU DE TAUA LILI FEITOSA;RUA JORNALISTA HELDER FEITOSA SN
OCARA;67;236;CENTRO-SEDE;SECRETARIA DE CULTURA, ESPORTE E JUVENTUDE (ANTIGA ESCOLA ALMIR PINTO);AV CORONEL JOAO FELIPE SN
QUIXADÁ;6;152;CIPÓ DOS ANJOS;EEF LUIZ GONZAGA;ESPINHEIROS, S/N
TIANGUÁ;81;56;CENTRO;COLÉGIO REDENTOR;RUA MAESTRO QUINCAS BEZERRIL 617
JUAZEIRO DO NORTE;28;453;HORTO;EMEFTI VEREADOR FRANCISCO BARBOSA DA SILVA;RUA BOM JESUS DO HORTO
UMARI;15;226;PIO X - DISTRITO;EEF JOSE GUSTAVO PINHEIRO;DISTRITO PIO X
ITAPIÚNA;105;142;ZONA RURAL;UNIDADE BÁSICA DE SAÚDE DA FAMÍLIA MARIA GOMES DA SILVA;CACHOEIRA-CAJUAS
BREJO SANTO;70;145;CENTRO-SEDE;EEF PADRE PEDRO INACIO RIBEIRO;AV DIONIZIO ROCHA DE LUCENA 46
MARACANAÚ;122;196;ACARACUZINHO;EMEF MANOEL RODRIGUES PINHEIRO DE MELO;AVENIDA CENTRAL, 2000
CARIDADE;111;112;CENTRO;EEF CARMOZINA BITTENCOURT;AVENIDA CORONEL FRANCISCO LINHARES
MARANGUAPE;4;383;AMANARI;EMEF MATIAS BECK;RUA TEIXEIRA DE SOUSA, 23
CARNAUBAL;22;18;SITIO BURITI I;EEF VITORINO RODRIGUES DE MEDEIROS;SITIO BURITI  I
PALHANO;9;313;CENTRO;CENTRO DE EDUCACAO INFANTIL;RUA POSSIDÔNIO BARRETO, 293
JUAZEIRO DO NORTE;28;435;FRANCISCANOS;ECIM DOUTOR EDVAR TEIXEIRA FERRER;DOM PEDRO II 1643
JUAZEIRO DO NORTE;28;457;HORTO;EMEFTI VEREADOR FRANCISCO BARBOSA DA SILVA;RUA BOM JESUS DO HORTO
QUIXADÁ;6;145;SÃO JOÃO DOS QUEIROZ;EEF ROSA BAQUIT;VÁRZEA REDONDA, S/N
MASSAPÊ;45;31;ZONA RURAL;GEEST DE PADRE LINHARES;POVOADO DE PADRE LINHARES
MARANGUAPE;4;395;COITÉ - MARANGUAPE;CEI PAULO CAMPOS TELES;AVENIDA MARIA EFIGENIA CAMPOS TELES, 1130
FORTALEZA;112;532;EDSON QUEIROZ;COLÉGIO NOVA DIMENSÃO;AV. EDILSON BRASIL SOARES, 1599
BEBERIBE;84;129;FORQUILHA;ESCOLA MUNICIPAL SAO BERNARDO;FORQUILHA
FORTALEZA;83;652;DOM LUSTOSA;EEFM JOSÉ WALDEMAR DE ALCÂNTARA E SILVA;RUA MACEIÓ, 627
PACOTI;5;168;CENTRO-SEDE;EMTI SAO LUIS;RUA PADRE QUILIANO 72
FORTALEZA;113;383;SÃO GERARDO;ASSOCIAÇÃO DE PAIS E AMIGOS DO DEFICIENTE AUDITIVO - APADA;AV. BEZERRA DE MENEZES, 549
TIANGUÁ;81;287;DOM TIMÓTEO;E.E.I.F. NOSSA SENHORA DAS GRAÇAS;AVENIDA FRANCISCO VIRGILIO FILHO
FORTALEZA;94;910;VILA VELHA;EM CASTELO DE CASTRO;RUA 43 1531
FORTALEZA;112;516;ENGENHEIRO LUCIANO CAVALCANTE;ESCOLA ESTADUAL DE EDUCAÇÃO PROFISSIONAL JAIME ALENCAR DE OLIVEIRA;AV ROGACIANO LEITE, 2285
PENTECOSTE;50;111;SEBASTIÃO DE ABREU;EMTI PREFEITO JOÃO GOMES DA SILVA;AVENIDA LEOPOLDO RAMOS - SERROTA
PINDORETAMA;7;301;COQUEIRO DO ALAGAMAR;EMEB MARIA NAIR DE VASCONCELOS;COQUEIRO DO ALAGAMAR - PINDORETAMA
BARRO;92;56;SANTO ANTONIO-DISTRITO;ESCOLA DE 1 GRAU JOAQUIM ALVES PEREIRA;DISTRITO DE SANTO ANTONIO
CAUCAIA;37;571;CAMARA;E.E.I.E.F. JOSÉ CRISÓSTOMO BASÍLIO;ESTRADA DO CAMARÁ - REGIÃO GUARURU
ARACATI;8;22;CENTRO;E.E.F. FRANCISCO SABOIA BARBOSA;RUA DUQUE DE CAXIAS 1990
ARACATI;8;57;BOCA DO FORNO;E.E.F. VALDOMIRO AFONSO LIMA;BOCA DO FORNO
FORTALEZA;85;224;CONJUNTO CEARÁ I;EEFM MARIA ANTONIETA NUNES - UV 9;RUA 916 SN 4 ETAPA
FORTALEZA;116;200;GRANJA LISBOA;EM PROF LIREDA FACO;RUA TRES CORACOES 735
JUAZEIRO DO NORTE;119;56;LAGOA SECA;ESCOLA PROFESSORA MARIA GERMANO;RUA ARNOBIO BACELAR CANECA SN
FORTALEZA;116;192;GRANJA LISBOA;EM PROF LIREDA FACO;RUA TRES CORACOES 735
MARACANAÚ;104;414;TIMBÓ;EMEF EDSON QUEIROZ;AVENIDA TIMBÓ, 2
SANTANA DO ACARAÚ;44;175;DISTRITO PARAPUI;EEF RAIMUNDO CAMÕES VIANA;RUA CAMOES VIANA S/N
FORTALEZA;113;169;BOM FUTURO;ESC. PROFISSIONAL PE. JOÃO PIAMARTA;RUA PADRE JOÃO PIAMARTA, 161
SANTANA DO ACARAÚ;44;191;JERICO;ASSOCIAÇÃO COMUNITÁRIA DONA LERNILSON;RUA SÃO FRANCISCO, S/N.
FORTALEZA;115;167;MONTESE;EEMTI JOAO MATTOS;RUA ALMIRANTE RUBIM, 1014
SABOEIRO;43;240;CENTRO;E.E.F. MANOEL GONCALVES DOS SANTOS (MUNICIPAL);RUA PRACA DA BANDEIRA, 109
FORTALEZA;85;246;CONJUNTO CEARÁ I;EEM PROF JOSE MARIA CAMPOS DE OLIVEIRA - UV 8;RUA 820 S/N - 3 ETAPA
QUITERIANÓPOLIS;99;128;ZONA RURAL;EEIF MANOEL RODRIGUES DO NASCIMENTO;SANTA MARIA
MORAÚJO;64;41;CENTRO;MORAÚJO - CEI RAIMUNDA MACÁRIO;TRAVESSA JOSÉ ALEXANDRE, S/N - CENTRO
GRANJA;25;57;TIMONHA;E.E.F. LUIZ MACHADO MENDES;TRAVESSA SANTA LUZIA, 753
QUIXERÉ;29;266;LAGOINHA;EEB MENINO JESUS DE PRAGA;RUA ZACARIAS FERREIRA DE SOUSA SN
FORTALEZA;115;423;VILA PERI;CENTRO DE EDUCAÇÃO PEDAGÓGICO EÇA DE QUEIROZ;RUA DOM XISTO ALBANO 611
FORTALEZA;83;585;JÓQUEI CLUBE;COLÉGIO LUCÊ;RUA CUIABA 155
JUAZEIRO DO NORTE;28;494;PEDRINHAS;EMEF PROFA. DORALICE DE FIGUEIREDO ROCHA;RUA JOAQUIM LEANDRO DE SOUSA
ORÓS;15;284;IGAROI - DISTRITO;E.E.F. OTILIO RUFINO DE LIMA;RUA NOSSA SRA DAS GRAÇAS, 200
GRANJA;25;230;PESSOA ANTA;E.E.F. VEREADOR INÁCIO BARCELOS;RECANTO
MARANGUAPE;4;120;AMANARI;EMEF BÁRBARA DE ALENCAR;PRAÇA ADELAIDE COELHO, 67
QUITERIANÓPOLIS;99;97;ZONA RURAL;EEIF FRANCISCO DE ASSIS FERREIRA;SANTA RITA
QUITERIANÓPOLIS;99;162;CENTRO;EEIF GERÔNIMO ALVES DE ARAÚJO;R CEL RAIMUNDO DE OLIVEIRA  SN
FORTALEZA;83;502;DEMOCRITO ROCHA;ESCOLA MUNICIPAL JOSÉ BONIFÁCIO DE SOUSA;RUA PERNAMBUCO 600
FORTALEZA;94;758;QUINTINO CUNHA;EEMTI MARIA JOSÉ SANTOS FERREIRA GOMES (CERE);RUA DONA LUCIA PINHEIRO, 93
PARAIPABA;109;136;CAMBOAS;EMEF FRANCISCO BATISTA DE AZEVEDO;RUA SÃO SEBASTIÃO, S/N
FORTALEZA;82;195;MONTE CASTELO;CENTRO EDUCACIONAL SÃO MATEUS;AV. SARGENTO HERMÍNIO SAMPAIO, 2440
BOA VIAGEM;63;106;FACAO;EEF JOAO BRIGIDO DE MORAIS;FACAO S/N
FORTALEZA;85;189;CONJUNTO CEARÁ I;EMTI JOSE LEOPOLDINO DA SILVA FILHO;RUA 420, S/N, 2A ETAPA
GRANJA;25;154;ZONA RURAL (SEDE RURAL);E.E.F. TEODORICO GUILHERME PEREIRA;SAIRI
FORTALEZA;116;316;GRANJA LISBOA;EEEP ICARO DE SOUSA MOREIRA - LICEU DO BOM JARDIM;RUA JOSE MARTINS, 2246
QUIXERAMOBIM;11;76;MANITUBA;ESCOLA FRANCISCO MANOEL DO NASCIMENTO;GUARIBAS
MONSENHOR TABOSA;61;130;PITOMBEIRA;E.M.E.I.F.T.I PESSOA PIRES;POVOADO DE PITOMBEIRA
MARANGUAPE;4;550;NOVO MARANGUAPE I (ÁREA VERDE) - MARANGUAPE;EEFM CAIC SENADOR CARLOS JEREISSATI;RUA ANTONIO TEIXEIRA, S/N
RUSSAS;9;110;ZONA RURAL;ESCOLA MUNICIPAL PE MARCONDES MATOS CAVALCANTE;JARDIM DE SAO JOSE
BATURITÉ;5;38;ACUDINHO-FAZENDA;EMEF MARIA JOSE VIANA;ACUDINHO DOS VIANAS
IBARETAMA;6;134;DISTRITO DE PIRANGI;EMEIF JOSÉ GUSTAVO DE QUEIROZ;DISTRITO DE PIRANGI
MARACANAÚ;104;351;PAJUÇARA;EMEF MARIA PEREIRA DA SILVA;RUA JUSTINO DE SOUSA, 842
ACARAÚ;30;73;PAULO VI;ESCOLA DEPUTADO JOSÉ FILOMENO;RUA CAPITÃO DIOGO LOPES SN
MARACANAÚ;122;190;CÁGADO;EMEIEF NARCISO PESSOA DE ARAÚJO;AV. PADRE JOSE HOLANDA DO VALE S/N
PARAMBU;19;309;CENTRO;ESCOLA FRANCISCO ALVES TEIXEIRA;RUA PEDRO ALVES DA COSTA, 38 - CENTRO
MILAGRES;26;33;EUCALIPTOS;ESCOLA IRMÃ ANA ZÉLIA DA FONSECA;RUA RAIMUNDO TAVARES DA CRUZ
JUAZEIRO DO NORTE;119;256;PIRAJA;ESCOLA MARIA AMELIA BEZERRA;AV CASTELO BRANCO SN
MARANGUAPE;4;106;NOVO MARANGUAPE I (ÁREA VERDE) - MARANGUAPE;EMEF JOSÉ FERNANDES VIEIRA;RUA PEDRO MOREIRA VASCONCELOS, 125
GRAÇA;79;171;LAPA;ESCOLA PADRE RAIMUNDO NONATO RODRIGUES;LAPA
FORTALEZA;95;285;BARROSO;EM PROFESSORA MARIA ANTONÉZIA MEIRELES E SÁ;RUA CORONEL VIRGÍLIO TÁVORA, 1340
JATI;70;369;CENTRO-SEDE;ESC ENS FUND E MEDIO MOISES BENTO DA SILVA;AV ANTONIO MATIAS DE SANTANA S/N
SÃO BENEDITO;22;113;CORRENTE-SEDE;EMEB FRANCISCO CASSIANO DO AMARAL;POLO ABC
IPUEIRAS;40;37;CENTRO;ESCOLA DE ENSINO FUNDAMENTAL JOSÉ ALOÍSIO ARAGÃO - CENTRO;RUA CORONEL MALAQUIAS, 36
CARNAUBAL;22;201;SEDE;ESCOLA DE ENSINO FUNDAMENTAL NOSSA SENHORA DO PERPETUO SOCORRO;SITIO TABOA
FORTALEZA;94;607;QUINTINO CUNHA;COLEGIO DOM FELIPE - JUNIOR;RUA FRANCISCO MENDES DE OLIVEIRA, 183
FORTALEZA;95;96;CONJUNTO PALMEIRAS;EEFM DOUTORA ALDACI BARBOSA;RUA VALPARAISO, 155
FORTALEZA;95;128;JANGURUSSU;EM PROFESSOR FRANCISCO DE MELO JABORANDI;AV. GOVERNADOR LEONEL BRIZOLA, 198
FORTALEZA;95;275;BARROSO;CEI PROFESSORA MARIA ROZANI MENDONÇA NOBRE;RUA MARIA JOSÉ P, S/N, CONJUNTO JOÃO PAULO II
IPUEIRAS;40;170;MEL;EEIEF FILOMENO PINHEIRO DOS SANTOS - MEL;MEL
SENADOR POMPEU;12;116;ENGENHEIRO JOSE LOPES;EEIEF ABIGAIL ELIRA DE ARAÚJO;SITIO AÇUDINHO
NOVA OLINDA;53;80;CENTRO;EMEF ANA FERREIRA DO NASCIMENTO;AV. PERIMETRAL SUL,  SN
BREJO SANTO;70;202;MORRO DOURADO;ASSOCIACAO BREJOSANTENSE DE APOIO A FAMILIA - ABAF;ANA LUIZ PINHEIRO TORRES SN
JUAZEIRO DO NORTE;119;23;SANTA TEREZA;COLÉGIO MILITAR DE JUAZEIRO DO NORTE;CASTELO BRANCO SN
FORTALEZA;83;491;BELA VISTA;COLEGIO CHRISTUS;AV. ENG. HUMBERTO MONTE, 1355
FORTALEZA;112;189;CIDADE DOS FUNCIONÁRIOS;COLÉGIO DÁULIA BRINGEL;RUA TRAJANO ALVES DE AGUIAR, 55
AQUIRAZ;66;335;PICAO;ESCOLA FERDINANDO TANSI (SUBSTITUTA DA ESCOLA FCO. VIDAL CAMARA);COMUNIDADE DO PIAU
ITAPAJÉ;41;274;SANTA RITA-SEDE;ESCOLA PREFEITO LUIS FORTE DA SILVA;RUA ALVARO BASTOS SN
JUAZEIRO DO NORTE;119;233;PREFEITO CARLOS ALBERTO DA CRUZ;URCA - CAMPUS CRAJUBAR (TRIÂNGULO);AVENIDA LEÃO SAMPAIO, 107
PARAMBU;19;323;NOVO ASSIS;ESCOLA PEDRO JOSÉ DA SILVA;CAMPO GRANDE
MARANGUAPE;4;21;OUTRA BANDA - MARANGUAPE;EMEIEF RENATO MOTA;RUA EMANOEL COSTA  ABREU, S/N
QUIXERÉ;29;239;LAGOINHA;EEIF ZACARIAS FERREIRA DE SOUSA;RUA JOAO ZACARIAS DE BRITO SN
FORTALEZA;80;239;TAUAPE;EEFM NOEL HUGNEN OLIVEIRA PAIVA;RUA MONSENHOR SALAZAR 279
CAUCAIA;120;207;CAMPO GRANDE;E.E.I.E.F. MARIA LUIZA DO VALE FORTE;RUA CÉLIO CÂNDIDO, S/N - BR 020 - KM 01 - CARRAPICHO
NOVA RUSSAS;48;150;LAGOA DO NORTE;E. E. F. M.  SÃO SEBASTIÃO;LOCALIDADE DE MIRADE
FORTALEZA;2;641;LAGOA REDONDA;EM TEREZINHA FERREIRA PARENTE;RUA NELSON COELHO, 209
ACARAÚ;30;6;ZONA RURAL;ESCOLA DE TAPUIO (SANTA FÉ);TAPUIO
TAMBORIL;61;60;CENTRO;EMTI 4 DE OUTUBRO;RUA VICENTE ALVES DO VALE SN
MILAGRES;26;25;MISSIONÁRIAS;ESCOLA DONA ANTONIA LINDALVA DE MORAIS;RUA PALMERINDO MENDONCA S/N
MARACANAÚ;104;90;JEREISSATI I;EEMTI PROFESSOR ANTÔNIO MARTINS FILHO;AVENIDA III, S/N
NOVA OLINDA;53;33;CRUZEIRO;EEF PADRE CRISTIANO COELHO;AV. JEREMIAS PEREIRA S/N
SABOEIRO;43;251;DISTRITO SÃO JOSÉ;UNIDADE BÁSICA DE SAÚDE;DISTRITO SÃO JOSÉ, S/N
IPUEIRAS;40;46;AREIAS;EEI E FUNDAMENTAL JOSÉ SOARES CAVALCANTE - AREIAS;AREIAS
MONSENHOR TABOSA;61;120;LIVRAMENTO;E.M.E.I.F.T.I MONSENHOR JOSE CANDIDO;DISTRITO DE LIVRAMENTO
FORQUILHA;121;214;TRAPIÁ;EEFI EDUARDO CAVALCANTE ARAGAO;DISTRITO DE TRAPIA
FORTALEZA;118;588;MONDUBIM;UAPS LUIZA TAVORA;TRAVESSA SAO JOSE, 940
SABOEIRO;43;285;FAZENDA NOVA;E.E.F. PEDRO PEREIRA DE SOUSA;SÍTIO GALÉS
MILAGRES;26;37;ROSARIO - PODIMIRIM;ESCOLA DONA MARIQUINHA BELO;AV MANOEL FURTADO DOS SANTOS S/N
JUAZEIRO DO NORTE;28;475;AREA RURAL DE JUAZEIRO DO NORTE;EMEF RAIMUNDO PESSOA;SITIO GAVIAO
BATURITÉ;5;56;ACUDINHO-FAZENDA;EMEF MARIA JOSE VIANA;ACUDINHO DOS VIANAS
FORTALEZA;112;528;ENGENHEIRO LUCIANO CAVALCANTE;CENTRO UNIVERSITÁRIO 7 DE SETEMBRO - UNI 7 (FA7);AV. ALMIRANTE MAXIMINIANO DA FONSECA, 1395
FORTALEZA;115;105;PARANGABA;EM CLÁUDIO MARTINS;RUA MUNDICA PAULA, 628
FORTALEZA;82;71;ÁLVARO WEYNE;COLÉGIO MANUEL DA SILVA (CARLITO PAMPLONA);RUA ASSIS BEZERRA, 25
FORTALEZA;85;200;CONJUNTO CEARÁ I;EMEIF EDILSON BRASIL SOAREZ - UV 3;RUA 303D, N 67, 2 ETAPA
FORTALEZA;113;66;DAMAS;COLÉGIO JUVENAL DE CARVALHO;AV. JOÃO PESSOA, 4279
VÁRZEA ALEGRE;62;95;IBICATU;EEF JOAQUIM ALVES DE OLIVEIRA;SÍTIO VACARIA
SABOEIRO;43;248;DISTRITO SÃO JOSÉ;UNIDADE BÁSICA DE SAÚDE;DISTRITO SÃO JOSÉ, S/N
MAURITI;76;14;PALESTINA DO CARIRI-DISTRITO;EEF OSSIAN ARARIPE;VILA DNOCS
CAUCAIA;37;442;IPARANA;E.E.F. ERBE TEIXEIRA FIRMEZA;AV. ULISSES GUIMARAES, S/N
FORTALEZA;118;54;PASSARÉ;COLEGIO CONEXÃO SABER;RUA DOUTOR PEDRO SAMPAIO, 550
FORTALEZA;85;338;GENIBAÚ;ESCOLA MUNICIPAL DEP JOAO FREDERICO FERREIRA GOMES;RUA JOSE MENDONCA 1160
FORTALEZA;82;28;SÃO GERARDO;SECRETARIA DO DESENVOLVIMENTO AGRÁRIO (SDA) DO ESTADO DO CEARÁ;AV. BEZERRA DE MENEZES, 1820
FORTALEZA;82;85;CRISTO REDENTOR;ESCOLA MUNICIPAL SEBASTIANA ALDIGUERI;AV. DOUTOR THEBERGE, 448
ITAPAJÉ;41;252;SANTA RITA-SEDE;ESCOLA PREFEITO LUIS FORTE DA SILVA;RUA ALVARO BASTOS SN
MARCO;96;98;BAIRRO CORACAO DE JESUS;EEF SAGRADO CORACAO DE JESUS;RUA PARSIFAL BARROSO
TIANGUÁ;81;178;RÉGIS DINIZ;E.E.F. DOM FCº. JAVIER HERNANDEZ ARNEDO;RUA SÃO BERNARDO, S/N
BARBALHA;31;68;BURITI;CVTEC/CENTEC/EMBRAPA;AV JOSE BERNARDINO, S/N - KM 04 (7.29548 S, 39.27037 W)
QUIXADÁ;6;283;ALTO SÃO FRANCISCO;EEMTI GOVERNADOR CÉSAR CALS DE OLIVEIRA FILHO;AV. JUSCELINO KUBITSCHEK, 385
NOVO ORIENTE;99;18;CENTRO;EEM COELHO MASCARENHAS;RUA SAO JOSE S/N
FORTALEZA;113;87;JARDIM AMÉRICA;ESCOLA MUNICIPAL PROF. FILGUEIRAS LIMA;AV. DOS EXPEDICIONÁRIOS, 3910
MARCO;96;117;CENTRO-SEDE;EEF MANUEL OSTERNO SILVA;AV PREFEITO GUIDO OSTERNO, N 631
JUCÁS;43;84;CENTRO - SEDE;ESCOLA DE ENSINO MÉDIO LUIZA TAVORA;RUA HILDELY CAVALCANTE 120
IPUEIRAS;40;167;CHICO PEREIRA;EEI E FUNDAMENTAL FRANCISCO SIMPLICIO DE FARIAS - CHICO PEREIRA;CHICO PEREIRA
FORTALEZA;83;24;BELA VISTA;ESCOLA MUNICIPAL JOSÉ NAURI BRAGA;RUA PROFESSORA LILIA ABREU, 231
IPU;21;9;ZONA RURAL;UBS JOÃO BATISTA DE AZEVEDO;SÃO JOSÉ DOS MARTINS
CANINDÉ;33;58;IPUEIRA DOS GOMES - DISTRITO;EMEF FRANCISCO DELFINO GOMES;RUA EZEQUIEL GOMES
JIJOCA DE JERICOACOARA;30;414;CENTRO;CRECHE COMUNITÁRIA SANTA LUZIA;RUA MANOEL MARQUES - 1181
CANINDÉ;33;98;IMACULADA CONCEIÇÃO;EEEP CAPELAO FREI ORLANDO;RUA PAULINO BARROSO, 1289
CANINDÉ;33;71;PALESTINA;CAIC ALFREDO COELHO MAGALHÃES;RUA ANTONIO MONTEIRO DOS SANTOS SN
FORTALEZA;118;660;BOA VISTA-CASTELÃO;COLÉGIO SÃO LUCAS;RUA JOSÉ DA FRANCA CABRAL, 748
TIANGUÁ;81;312;GERALDO SARAIVA;E.E.F. MONS. TIBÚRCIO GONÇALVES DE PAULA;RUA PRESBITERO HOMERO PORTELA MOITA, S/N,
JAGUARIBE;10;49;CENTRO;E.E.F.M. RAUL BARBOSA;AV OITO DE NOVEMBRO 521
BARRO;92;20;CUNCAS-DISTRITO;ESCOLA DE 1 GRAU ANTONIA BARBOSA OLIVEIRA;DISTRITO DE CUNCAS
MARANGUAPE;4;114;ITAPEBUSSU;EMEF FRANCISCA MARQUES DE SOUSA;RUA TENENTE BARROSO, S/N
MORADA NOVA;47;6;CENTRO;CEBCJEC -CENTRO DE EDUCAÇÃO BÁSICA CORONEL JOSÉ EPIFÂNIO DAS CHAGAS;AV MANOEL CASTRO, 600
BARBALHA;31;142;SÍTIO CABECEIRAS;EEF BRASIL (SÍTIO CABECEIRAS);SÍTIO CABECEIRAS, S/N (7.31321 S, 39.34614 W)
FORTALEZA;80;437;DIONISIO TORRES;COLÉGIO CHRISTUS - DIONÍSIO TORRES;RUA ISRAEL BEZERRA 630
CAUCAIA;37;319;CARAÚBAS;E.E.F. JOAQUIM DA ROCHA FRANCO;AVENIDA JOAQUIM DA ROCHA, S/N
FORTALEZA;95;333;ANCURI;CEI PROFESSOR JOSE TEODORO SOARES;RUA COLETORA CENTRAL II, S/N
SOBRAL;121;337;VARJOTA DOS MACHADOS;CEI FRANCISCO CLEMENTE BALBINO;VARJOTA DOS MACHADOS S/N
ITAPAJÉ;41;57;IRATINGA;ESCOLA MUNICIPAL ANGELICA VIEIRA;RUA VEREADOR TOMÁS FILHO SN
VARJOTA;65;143;EMPRÉSTIMOS;LICEU WALDIR LEOPÉRCIO;RUA TEN PEDRO CRUZ, 500
MARCO;96;154;LOCALIDADE DE FEIJAO BRAVO;EEF ANTONIO PEREIRA DA ROCHA;POVOADO FEIJAO BRAVO
FORTALEZA;83;173;JÓQUEI CLUBE;ESCOLA PEQUENO PRINCIPE;RUA SILVEIRA FILHO, 825
CARIDADE;111;100;ZONA RURAL;EEIF MARIA JOSÉ DE OLIVEIRA;LOCALIDADE DE UMARIZEIRAS
FORTALEZA;95;370;JANGURUSSU;CEI MANOEL PINHEIRO DOS SANTOS;RUA LADISLAU LOURENÇO, S/N
TIANGUÁ;81;130;ÁREA RURAL DE TIANGUÁ;E.E.F. FRANCISCO LUÍS CARDOSO;SÍTIO POÇO DE AREIA
TIANGUÁ;81;170;CENTRO;INSTITUTO EDUCACIONAL DE TIANGUÁ - IET;PRAÇA MONSENHOR MACEDO, 60
PACAJUS;49;374;LAGOA SECA;CEI VOVO MARIA FRANCISCA DAS CHAGAS;LAGOA SECA
MARANGUAPE;4;563;NOVO MARANGUAPE I (ÁREA VERDE) - MARANGUAPE;EMEF DIREITOS HUMANOS;RUA MONSENHOR ASSIS PORTELA, S/N
ARACATI;8;31;CENTRO;INSS - INSTUTO NACIONAL DA SEGURIDADE SOCIAL;PC RAIMUNDO PORTO SN
ORÓS;15;228;CENTRO;E.E.F. ELISEU BATISTA;AV. JOSÉ GABRIEL BEZERRA,300
ERERÉ;10;118;CENTRO;E.E.F.M. SENADOR FERNANDES TAVORA ( ESPECIAL );RUA CAPITAO FRANCISCO RODRIGUES, 574
FORTALEZA;118;222;PASSARÉ;EEMTI INTEGRADA 2 DE MAIO;AVENIDA DA SAUDADE, S/N
BREJO SANTO;70;10;CENTRO-SEDE;PROJETO ABC;RUA MANOEL LEITE DE MOURA 1015
FORTALEZA;83;61;BELA VISTA;EEMTI SENADOR FERNANDES TÁVORA;RUA GOIÁS 141
LIMOEIRO DO NORTE;29;1;JOÃO XXIII;EEMTI ARSÊNIO FERREIRA MAIA;RUA CEL JOSE NUNES 1245
FORTALEZA;117;465;SIQUEIRA;COLÉGIO VENCER;RUA JARDIM PARUARA, 1108
JAGUARIBE;10;54;NOVA BRASÍLIA;EEF PROFESSOR GUTENBERG BARBOSA SILVA;AVENIDA GIL TEIXEIRA BASTOS, 1420
BREJO SANTO;70;59;MUQUEM-SEDE;CENTRO DE EDUCACAO RURAL JONAS ALVES DA COSTA;SITIO MUQUEM
FORTALEZA;85;181;AUTRAN NUNES;EMTI MARIA DA HORA;RUA RAIMUNDO RIBEIRO, S/N
MAURITI;76;138;PALESTINA DO CARIRI-DISTRITO;EEF ANTONIO LEITE DE ARAÚJO;SITIO CIPÓ
FORTALEZA;83;685;JÓQUEI CLUBE;CENTRO UNIVERSITÁRIO ESTÁCIO - CAMPUS PARANGABA;AVENIDA SENADOR FERNANDES TÁVORA, 137
POTENGI;68;60;SITIO ESCONDIDO;UBS - SÍTIO ESCONDIDO;SITIO ESCONDIDO
ICAPUÍ;8;143;PEROBA;CEI CAMINHO DA CIDADANIA;PEROBA
FORTALEZA;113;304;BOM FUTURO;COLÉGIO MEDALHA MILAGROSA;RUA PADRE JOÃO PIAMARTA,  415
LAVRAS DA MANGABEIRA;14;24;CENTRO - SEDE;EEMTI FILGUEIRAS LIMA;RUA HILDA AUGUSTO, 429, ROSÁRIO
LIMOEIRO DO NORTE;29;171;ÁREA RURAL;EEF DEP MANOEL DE CASTRO FILHO;KM 60
SÃO LUÍS DO CURU;23;306;CENTRO-SEDE;E.E.F. PADRE JOSE SINVAL FACUNDO;RUA PEDRO CIPRIANO SN
FORTALEZA;93;282;PREFEITO JOSÉ WALTER;EEEP PROFESSOR ONELIO PORTO;AVENIDA E, 471 - II ETAPA
TIANGUÁ;81;300;ÁREA RURAL DE TIANGUÁ;E.E.F. FRANCISCA RODRIGUES DE SOUSA;SÍTIO VEADO SECO
CANINDÉ;33;451;SANTA LUZIA;EMEF SENADOR CARLOS JEREISSATI;RUA EUCLIDES BARROSO, 1048
MARANGUAPE;4;135;LAGOA DO JUVENAL;EMEF JOSÉ DE SOUSA ALBUQUERQUE;AVENIDA NOSSA SENHORA DO CARMO, 525
BOA VIAGEM;63;262;IBUACU;EEF SOFIA VIEIRA;MADEIRA CORTADA S/N
SÃO BENEDITO;22;205;CENTRO-SEDE;EEF MINISTRO ANTONIO COELHO;RUA MIN ANTONIO COELHOI  452
BATURITÉ;5;107;EVARISTO-SERRA;EMEF OSÓRIO JULIÃO (15 DE NOVEMBRO);SERRA DO EVARISTO, SN
IBIAPINA;73;75;SÍTIO CANTO ALEGRE;ESCOLA ADERALDO NEGREIROS;SÍTIO CANTO ALEGRE
GRANJA;25;122;SANTA TEREZINHA;E.E.F. FRANCISCA FONTENELE SOUSA BATISTA;RUA DONA MARIA SOUSA, S/N
AMONTADA;89;185;MOSQUITO;EEBTI EMILIA MARQUES MELO;MIRINDUBA
CRUZ;30;437;CENTRO;ESCOLA SAO FRANCISCO DA CRUZ;RUA PROFESSORA FILO  SN
VÁRZEA ALEGRE;62;7;CENTRO;EEM JOSÉ CORREIA LIMA;AV. LUIS AFONSO DINIZ, 213
IBIAPINA;73;63;DISTRITO DE SANTO ANTONIO DA PINDOBA;ESCOLA JOÃO VAZ DE AGUIAR;DISTRITO DE SANTO ANTONIO DA PINDOBA
PENTECOSTE;50;194;PEDREIRA;EEF EDSON MARTINS CAMPELO;RUA ANTONIO NATALIA
TRAIRI;97;93;GENIPAPEIRO;GE FIRMINO ALVES DE FREITAS;GENIPAPEIRO
QUIXADÁ;6;108;SÃO JOÃO DOS QUEIROZ;EEF JOÃO GONÇALVES DA ROCHA;SÃO JOÃO DOS QUEIROZ, S/N
BARBALHA;31;176;MATA DOS LIMAS;EMEIF DIONÍSIO ROSS COELHO UCHOA;RUA P 01, S/N - SÍTIO MATA DOS LIMAS (7.26976 S, 39.32351 W)
FORTALEZA;94;874;PADRE ANDRADE;EEFM HERMINIO BARROSO;RUA PADRE GUILHERME 800
CATARINA;60;271;SEDE;EEF LEONCIO MACARIO DE SOUSA;VILA MACARIO
MARACANAÚ;122;259;ACARACUZINHO;EMEF MANOEL RODRIGUES PINHEIRO DE MELO;AVENIDA CENTRAL, 2000
ICAPUÍ;8;140;MANIBU;ASSOCIAÇÃO DE MORADORES MANIBÚ VILA E PRAIA DE MANIBÚ - ACMMP;VILA MANIBU
FORTALEZA;83;608;PICI;ESCOLA MUNICIPAL PROFESSORA MARIA LIDUÍNA CORREA LEITE;RUA FERNÃO MAGALHÃES, 120
PARAMBU;19;398;RIACHÃO;ESCOLA RITA PEREIRA DA SILVA;LAGOA DO ANJO
JUAZEIRO DO NORTE;28;305;SAO MIGUEL;EEM JOSE BEZERRA;SAO JORGE 440
TAUÁ;19;194;ALTO BRILHANTE;EEF JOAQUIM PIMENTA;AV JOSE VALDEMAR REGO 585
PARAMBU;19;294;MONTE SION;ESCOLA EVA BATISTA DE ALMEIDA;SERRA DO MEIO
SANTANA DO ACARAÚ;44;186;ZONA RURAL;SALÃO COMUNITÁRIO DO SÃO MAURÍCIO;SÃO MAURÍCIO
ARARENDÁ;48;123;SIRIEMA;E. E. F. JOÃO RODRIGUES DE ARAÚJO;LOCALIDADE DE SIRIEMA
MAURITI;76;79;CENTRO;EEM ANDRÉ CARTAXO;RUA CHAGAS SAMPAIO, S/N
FORTALEZA;94;881;PADRE ANDRADE;CEI PROFESSOR CLODOALDO PINTO;RUA BANVARTH BEZERRA 100
FORTALEZA;93;216;PREFEITO JOSÉ WALTER;CEJA - CENTRO DE EDUCAÇÃO DE JOVENS E ADULTOS;AV. L, S/N - II ETAPA
CRUZ;30;112;ZONA RURAL;ESCOLA JOAQUIM JOSE MONTEIRO;LAGOA DOS MONTEIROS
JIJOCA DE JERICOACOARA;30;246;CENTRO;ESCOLA PROFA. IGARDENE FONTELES DE ARAUJO;RUA CAMPO GRANDE S/N - CONJUNTO PRIMAVERA
PACAJUS;49;97;CENTRO;EEFM PADRE CORIOLANO (REUNIDA);RUA TENENTE JOAQUIM NOGUEIRA 51
ORÓS;15;314;PAI ANTONIO - SITIO;ASSOCIAÇÃO COMUNITÁRIA DE PAI ANTONIO;SITIO PAI ANTONIO
JUAZEIRO DO NORTE;28;131;PROFESSORA MARIA GELI SA BARRETO;EEIF JOÃO ROMÃO DE SÁ BARRETO;SITIO BREJO SECO
BELA CRUZ;96;52;CORREGO DOS REINALDOS-SEDE;EMETI MARIO LOUZADA;AVENIDA JOSE MILTON DE OLIVEIRA 
TRAIRI;97;33;CARNAUBA TORTA;EEF JOAQUIM CORDEIRO;CARNAUBA TORTA
MORADA NOVA;47;202;PROJETO IRRIGADO;EEB GILCIVAN VIANA DE OLIVEIRA;SETOR O
ACARAÚ;30;49;ZONA RURAL;ESCOLA RAIMUNDA DOMINGUES DE OLIVEIRA;ESPRAIADO
FORTALEZA;116;209;GRANJA PORTUGAL;POSTO DE SAUDE DR JURANDIR PICANCO;RUA DUAS NACOES 605
FORTALEZA;112;453;EDSON QUEIROZ;UNIVERSIDADE DE FORTALEZA - UNIFOR;AVENIDA WASHINGTON SOARES, 1321
CAUCAIA;120;439;CAMPO GRANDE;UNIDADE PRISIONAL DES. ADALBERTO DE OLIVEIRA BARROS LEAL - UPDAOBL;BR 020, KM 03, ENTRADA DO ATERRO SANITÁRIO CAUCAIA
ACARAÚ;30;13;CENTRO;ESCOLA PROF. TERESA DE JESUS SILVA;RUA JOÃO JAIME FERREIRA GOMES, 457
FORTALEZA;82;632;SÃO GERARDO;COLÉGIO MASTER - BEZERRA DE MENEZES;AV. BEZERRA DE MENEZES, 1802
PARAMBU;19;349;OITICICA;ESCOLA JOSEFA PEREIRA DE SENA;OITICICA
BATURITÉ;5;7;CENTRO-SEDE;EMEF DOMINGOS SAVIO;AV DOM BOSCO, 393
PACOTI;5;201;ROLADOR;EMEF SANTO ANTONIO (ROLADOR);SITIO ROLADOR
PACATUBA;57;347;MONGUBA;E.E.I.F MARIA MOCINHA ROCHA SA;AV DAS MONGUBEIRAS, 985
CAUCAIA;120;330;BOQUEIRAO DA ARARA;E.E.I.E.F. ADÉLIA CRISÓSTOMO;BR 222 - KM 23
PACAJUS;49;83;PASCOAL;EEF JOSE ELTON DE LIMA;PASCOAL
IBARETAMA;6;473;ÁREA RURAL DE IBARETAMA;EMEIF SEBASTIÃO MATIAS RABELO;GUARIBAS
TRAIRI;97;65;LAGOAS NOVAS;EEF SANTO ANTONIO;LAGOAS NOVAS
MILAGRES;26;100;FRANCISCA DO SOCORRO;SOCIEDADE DE ASSISTENCIA A CRIANCA;RUA JOSE DE ALENCAR
ORÓS;15;230;CENTRO;E.E.F. ELISEU BATISTA;AV. JOSÉ GABRIEL BEZERRA,300
ERERÉ;10;125;CAIXA D'AGUA;E.E.F 4 DE JUNHO;RUA JOSÉ PESSOA DE QUEIROZ, S/N
FRECHEIRINHA;81;251;CENTRO;CENTRO DE FORMACAO FREI ANASTACIO - CEFRAN;RUA MANOEL FERNANDES 218
FRECHEIRINHA;81;307;VAZANTE;ESCOLA FRANCISCO FERREIRA PONTES;SITIO VAZANTE
PARAIPABA;109;176;BOA ESPERANÇA;EEEP FLÁVIO GOMES GRANJEIRO;RUA MARIA MOREIRA, SN
LAVRAS DA MANGABEIRA;14;19;CENTRO - SEDE;CENTRO EDUCACIONAL PEQUENO PRÍNCIPE - CEPP;RUA DOS COQUEIROS, 82
FORTALEZA;2;766;MESSEJANA;EEEP JOSE DE BARCELOS;RUA ANGELICA GURGEL 362
LAVRAS DA MANGABEIRA;14;43;CALABACO - SITIO;GRUPO ESCOLAR JOAO PINTO;SITIO CALABACO S/N
SÃO BENEDITO;22;233;CIDADE ALTA;BOURDARLONE ZANSTRE BRANDÃO;FRANCISCO SABINO DA COSTA
SOBRAL;24;625;JOSÉ EUCLIDES;EEFI MARIA YEDA FROTA FELIX MONTALVERNE;RUA AIRTON SENNA, 300, CIDADE JOSE EUCLIDES II
MARANGUAPE;4;93;JARDIM - PENEDO;EMEI MARIA COSMO BRAGA;JARDIM PENEDO
IPU;21;39;SEDE;E.M.E.F. PROFA. MARIA VALDEMIRA COELHO MELLO;RUA FRANCISCO ELMIRO MARTINS 450 - CANUDOS
MILAGRES;26;122;SITIO CANEIRA;POSTO DE SAUDE DA CANEIRA;SITIO CANEIRA
FORTALEZA;80;419;JOSÉ BONIFÁCIO;FACULDADE MAURÍCIO DE NASSAU;AVENIDA VISCONDE DO RIO BRANCO, 2078
ACOPIARA;60;144;LUNA;EEF PEDRO MARTINS DE OLIVEIRA;SITIO AREIAS
SOBRAL;24;241;JORDÃO;EEFI JOSE INACIO GOMES PARENTE;RUA ONOFRE GOMES DE OLIVEIRA
ARACATI;8;20;CENTRO;E.E.F. FRANCISCO SABOIA BARBOSA;RUA DUQUE DE CAXIAS 1990
FORTALEZA;85;371;CONJUNTO CEARÁ I;EEEP PROFESSOR CESAR CAMPELO;RUA 717, N.164, 3 ETAPA
RERIUTABA;79;111;AMANAIARA;E.E.F. DEPUTADO MANOEL RODRIGUES;DISTRITO DE AMANAIARA - CENTRO
BARBALHA;31;178;MATA DOS DUDAS;EMEIF NAZINHA GARCIA SAMPAIO (SÍTIO MATA DOS DUDAS);RUA GEANE NÓBREGA DE ARAÚJO SARAIVA, S/N  (7.27423 S, 39.31956 W)
ARARIPE;68;15;SITIO CAMPINA DE DENTRO;UBS - CAMPINA DE DENTRO;SITIO CAMPINA DE DENTRO
FORTALEZA;117;175;BOM JARDIM;COLÉGIO LUMEN;RUA SÃO FRANCISCO DO JARDIM, 396
FORTALEZA;117;159;MANOEL SÁTIRO;EEF JOSE AYRTON TEIXEIRA;RUA ALFREDO MAMEDE SN
NOVA RUSSAS;48;142;GURGUEIA;GRUPO ESCOLAR REGINO ANTONIO DE OLIVEIRA;LOCALIDADE DE GURGUEIA,
GUAIÚBA;57;124;HELDER BEZERRA;EEM JOSÉ TRISTÃO FILHO;RUA MARIA DO CARMO, 100
FORTALEZA;1;644;VARJOTA;FACULDADE FARIAS BRITO - CASTRO MONTE;RUA CASTRO MONTE 1364
MILAGRES;26;93;SITIO GAMELEIRA;POSTO DE SAUDE DA GAMELEIRA;SITIO GAMELEIRA
FORTALEZA;83;32;BELA VISTA;EEMTI ESTADO DO AMAZONAS;RUA MONSENHOR FURTADO 2327
FORTALEZA;93;314;PLANALTO AYRTON SENNA;EM ADALBERTO STUDART FILHO;RUA DO CAMPO, 25
TIANGUÁ;81;332;DOM TIMÓTEO;E.E.I.F. NOSSA SENHORA DAS GRAÇAS;AVENIDA FRANCISCO VIRGILIO FILHO
TIANGUÁ;81;164;DOM TIMÓTEO;E.E.I.F. NOSSA SENHORA DAS GRAÇAS;AVENIDA FRANCISCO VIRGILIO FILHO
CANINDÉ;33;435;SANTA CLARA;CENTRO SOCIAL URBANO;RUA SITONIO MONTEIRO 999
FORTALEZA;2;659;CAMBEBA;SECRETARIA DA EDUCACAO - CAMBEBA;AVENIDA MINISTRO JOSE AMERICO, SN
TIANGUÁ;81;193;SANTO ANTÔNIO;E.E.F. PROFª. ESTER DE AGUIAR MENEZES;RUA CORONEL JOÃO DAMASCENO, S/N
GRANJA;25;137;PARAZINHO;E.E.F. ESMERINO ARRUDA FILHO;RUA JOSE MARTINS, S/N
CAUCAIA;37;558;PACHECO;E.E.F. ADRIANO MARTINS;RUA ADRIANO MARTINS, S/N
JUAZEIRO DO NORTE;119;119;ROMEIRAO;ESCOLA SESI/SENAI PADRE AZARIAS SOBREIRA;RUA JOSÉ MARROCOS, 2265
MILHÃ;55;102;CENTRO;EEFM EUCLIDES PINHEIRO DE ANDRADE;RUA JOAQUIM NEMESIO 119
FORTALEZA;82;436;MONTE CASTELO;COLÉGIO MATER AMABILIS;RUA PADRE ANCHIETA, 438
ALTO SANTO;86;78;TIBOLO;ESCOLA DE 1 GRAU EDITE MAIA MACHADO;SITIO TIBOLO
IRAUÇUBA;41;279;JUA;ESCOLA MUNICIPAL MIGUEL FERNANDES;RUA JOAQUIM PEREIRA PASSOS SN
GUAIÚBA;57;51;CENTRO;EEBM MANUEL BALTAZAR DE FREITAS;RUA LEIRIA DE ANDRADE 409
IPAPORANGA;20;263;MULUNGU;ESCOLA DE ENSINO FUNDAMENTAL ANTONIO LOPES TEIXEIRA;MULUNGU
ITAREMA;98;172;ZONA RURAL;LICEU DE ALMOFALA - EEM JOSE MARIA MONTEIRO;RUA AGRIPINO TOMAS DE SOUSA S/N - ALMOFALA
PARAMBU;19;366;GAVIAO;ESCOLA ANTÔNIO DAMIÃO DA SILVA;TAMBORIL
GROAÍRAS;65;102;JOSE CASSIANO FEIJAO;EEF PROFESSORA JULIA ELISA FARIAS;AV SAO JOSE, 1610
BARBALHA;31;30;PARQUE BULANDEIRA;EEEP OTÍLIA CORREIA SARAIVA (LICEU DE BARBALHA);RUA PROJETADA I, S/N (7.29196 S, 39.31251 W)
NOVO ORIENTE;99;140;ZONA RURAL;ESCOLA INDÍGENA ANTONIO GOMES;LAGOINHA DOS POTIGUARAS
FORTALEZA;112;97;JARDIM DAS OLIVEIRAS;EM ISMAEL PORDEUS;RUA DES FAUSTINO ALBUQUERQUE, 511
ITAITINGA;78;332;BARROCÃO;EEF JARDIM DE FÁTIMA;RUA ELIATAR DIÓGENES, S/N
MARANGUAPE;4;109;VIÇOSA - PENEDO;CENTRO COMUNITÁRIO DE VIÇOSA;VICOSA
LIMOEIRO DO NORTE;29;193;ANTÔNIO HOLANDA;EEF PROF MARIA ELVANISA MOURA FREITAS SILVA;RUA RAIMUNDO NONATO DA SILVA S/N
VIÇOSA DO CEARÁ;35;74;CENTRO;E.E.M DEPUTADO MANOEL RODRIGUES;RUA PROFESSOR JOÃO VIANA, S/N
VÁRZEA ALEGRE;62;274;VARJOTA;EEF ORMECINDA SIEBRA LEITE;RUA ITALO PROTO DE MORAIS, 135
CAUCAIA;37;478;PACHECO;E.E.F. ADRIANO MARTINS;RUA ADRIANO MARTINS, S/N
FORTALEZA;85;214;GENIBAÚ;ESCOLA MUNICIPAL PROF AMERICO BARREIRA;RUA RICARDO PONTES 529
MARANGUAPE;4;56;OUTRA BANDA - MARANGUAPE;EMEIEF PAULO SARASATE;AVENIDA DR. ARGEU GURGEL BRAGA HERBSTER, 883
FORTALEZA;82;611;MONTE CASTELO;COLÉGIO MATER AMABILIS;RUA PADRE ANCHIETA, 438
LIMOEIRO DO NORTE;29;185;ÁREA RURAL;EEF FRANCISCO DA SILVA LUZ;SITIO BONFIM
SOBRAL;24;256;PEDRA DE FOGO;ANEXO JOSE FRANCISCO DE ALBUQUERQUE (PEDRA DE FOGO);PEDRA DE FOGO (AO LADO DO CLUBE DO AMOR)
MORADA NOVA;47;74;ARUARU;EEB PROFESSORA JOANA PAULA DE MORAIS;AVENIDA ERNESTO GEISEL
FORTALEZA;95;152;JANGURUSSU;EEMTI ALMIRANTE TAMANDARÉ;RUA DO PEREIRO, S/N, CJ ALMIRANTE TAMANDARÉ
TURURU;17;670;CACHOEIRA / ZONA RURAL;EMEF PEDRO PAULO DE ARAUJO;LOCALIDADE CACHOEIRA
FORTALEZA;112;571;ENGENHEIRO LUCIANO CAVALCANTE;CENTRO UNIVERSITÁRIO 7 DE SETEMBRO - UNI 7 (FA7);AV. ALMIRANTE MAXIMINIANO DA FONSECA, 1395
FORTIM;8;234;VOLTA GRANDE;UNIDADE DE APOIO A SAÚDE DA FAMILIA;COMUNIDADE VOLTA GRANDE
QUIXADÁ;6;306;CAMPO VELHO;EEF PADRE VICENTE GONÇALVES DE ALBUQUERQUE;RUA DOM LUCAS, S/N
PARAMBU;19;287;CENTRO;ESCOLA VIRGÍLIO TAVORA;RUA 07 DE SETEMBRO, 120
PARAMOTI;111;141;CENTRO;EMEF BELA VISTA;AV JOAQUIM VIEIRA, 22
FORTALEZA;95;124;JANGURUSSU;EMEIEF LIONS CLUBE FORTALEZA FÁTIMA;TRAVESSA LIONS CLUBE, 141
QUIXADÁ;6;33;CUSTÓDIO;CRECHE BEATRIZ VIANA CRISPINO;CUSTODIO, S/N
SALITRE;38;59;ALTO ALEGRE;E.E.F.T.I -  FRANCISCO DE ASSIS LEITE - SEDE;AVENIDA PADRE CICERO, 327
ITAITINGA;78;255;CARACANGA;EEF MANOEL RODRIGUES DE PAIVA;AV. PAULINO ROCHA, 6120
LAVRAS DA MANGABEIRA;14;96;ALEM RIO - SEDE;ESCOLA DE 1 GRAU VIRGILIO AGUIAR GURGEL;RUA JOSE LOBO 450
FORTALEZA;3;299;CENTRO;ACADEMIA DO PROFESSOR DARCY RIBEIRO;RUA DONA LEOPOLDINA, 907
AURORA;69;77;ANGICOS DE CIMA-SITIO;E.E.I.F. TARCÍSIO GONÇALVES DE OLIVEIRA;CE 288 SITIO ANGICOS DE CIMA  S/N
QUIXELÔ;13;329;ÁREA RURAL DE QUIXELÔ;ESCOLA DE ENS FUND PEDRO FRANCISCO DE SOUSA;MADEIRA CORTADA-SITIO
JUAZEIRO DO NORTE;28;215;FRANCISCANOS;COLÉGIO SÃO FRANCISCO DE ASSIS;NOSSA SENHORA DO CARMO SN
FORTALEZA;118;568;BOA VISTA-CASTELÃO;EEFM PROFESSORA MARIA GONCALVES;RUA N S DO MONTE CARMELO S/N
SOBRAL;24;248;RAFAEL ARRUDA;EEM AGOSTINHO NERES PORTELA;RUA MARIA ARAÚJO DAMASCENO, S/N
FORTALEZA;93;190;PLANALTO AYRTON SENNA;EM MARIA ZELIA CORREIA DE SOUSA;RUA ANTONIO PEREIRA,1495
SANTA QUITÉRIA;54;158;ASSENTAMENTO MORRINHOS;ESCOLA MUNICIPAL LUIZ MENEZES PIMENTEL;ASSENTAMENTO MORRINHOS
VÁRZEA ALEGRE;62;15;CENTRO;EEF DR. PEDRO SÁTIRO;RUA PADRE JOSE OTAVIO. SN
CAUCAIA;120;328;BOQUEIRAO DA ARARA;E.E.I.E.F. ADÉLIA CRISÓSTOMO;BR 222 - KM 23
SOBRAL;24;101;JOSÉ EUCLIDES;EEM MINISTRO JARBAS PASSARINHO;AVENIDA JOHN SANFORD, S/N
FORTALEZA;3;612;ALDEOTA;COLÉGIO ESPAÇO ABERTO - DOM LUÍS;AV. DOM LUÍS, 730
ACOPIARA;60;222;VILA ESPERANCA;EEF FRANCISCO UCHOA DE ALBUQUERQUE;ANTONIO MOREIRA SN
JAGUARETAMA;72;39;SITIO SERROTE BRANCO;E.M.E.F JOSE TEIXEIRA NERES;SITIO SERROTE BRANCO
FORTALEZA;93;297;PREFEITO JOSÉ WALTER;COLEGIO 21 EDUCAR;AV JOAO DE ARAUJO LIMA, 1240 - II ETAPA
CAMOCIM;32;251;BOA ESPERANCA;ESCOLA MUNICIPAL DE 1 GRAU FCO OTONI COELHO;RUA BANDEIRANTES 646
CROATÁ;74;182;DISTRITO;ESCOLA MUNICIPAL  DE BAIXIO;BAIXIO
CAMPOS SALES;38;31;B. CENTRO;E.E.E.M.T.I - MARIA DOLORES ARRAIS - (GRUPINHO);TRAVESSA VICENTE ALEXANDRINO DE ALENCAR,297
CRATO;27;70;PIMENTA;URCA - UNIVERSIDADE REGIONAL DO CARIRI;RUA CORONEL ANTÔNIO LUIZ, 1161
FORTALEZA;1;42;ALDEOTA;COLEGIO ANTARES - SANTOS DUMONT;AVENIDA SANTOS DUMONT 3777
PEDRA BRANCA;59;71;SEDE;E.E.I.F. JOSE ARAUJO CHAVES;SITIO OLHO D' AGUINHA
ARARIPE;68;31;DISTRITO VILA BREJINHO;ESCOLA LUIZ GUEDES ALCOFORADO - BREJINHO;RUA MARECHAL CASTELO BRANCO S/N
PACOTI;5;191;CENTRO-SEDE;EEFM ESCOLA MENEZES PIMENTEL;RUA DUARTE HOLANDA 573
MARCO;96;99;CENTRO-SEDE;EEF MARIA JULIA NEVES;RUA RIOS, N 560
ITAPIPOCA;17;535;MARINHEIROS;ESCOLA INDÍGENA BROLHOS DA TERRA;BURITI
ITAREMA;98;193;ZONA RURAL;EMEF JOSÉ ALFERES DE OLIVEIRA;MORRO DOS TORRÕES
ARATUBA;105;101;CENTRO-SEDE;SEDUC (POLO DE ATENDIMENTO);RODOVIA COACY PEREIRA
FORTALEZA;83;784;BELA VISTA;ESCOLA MUNICIPAL JOSÉ NAURI BRAGA;RUA PROFESSORA LILIA ABREU, 231
JUCÁS;43;67;CANAFÍSTULA - VILA;ESCOLA DE ENSINO FUNDAMENTAL CEL LUIZ DUARTE;VILA DE CANAFÍSTULA
APUIARÉS;50;10;SÃO FRANCISCO;EEF AÉCIO DE BORBA;RUA JACA PRAÍBA, 410
IRACEMA;86;107;CENTRO;E.E.F.M. DEP JOAQUIM DE  FIGUEIREDO CORREIA;RUA ANTONIO HOLANDA MORAES, 136
GROAÍRAS;65;128;ZONA RURAL;UBS - PEDRO RODRIGUES DE LIMA;POVOADO BOA VISTA
MARACANAÚ;104;145;CENTRO;EEM TENENTE MÁRIO LIMA;RUA FRANCISCO FIRMINO, 293
CRATO;27;317;PARQUE RECREIO;EEF ALDEGUNDES GOMES DE MATTOS;RUA JOÃO PEREIRA LUNA, 803
ARARENDÁ;48;115;ANGOLA;E. E. F. VICENTE MOURÃO;LOCALIDADE DE ANGOLA
FORTALEZA;83;679;HENRIQUE JORGE;ESCOLA MUNICIPAL DONA DAGMAR GENTIL;RUA VITORIA 1750
CASCAVEL;7;225;CAPONGA;E.E.F.M. RONALDO CAMINHA BARBOSA;ESTRADA DO PRATIUS, 1985
PARAMOTI;111;122;CENTRO;EMEF PAULO SARASATE (ANTIGO CERU);AV. JOAQUIM FARIAS, 175
FORTALEZA;95;367;ANCURI;CEI PROFESSOR JOSE TEODORO SOARES;RUA COLETORA CENTRAL II, S/N
SENADOR POMPEU;12;167;ALTO DO CRUZEIRO;EEIEF ELISEU BECCO FILHO;ALTO DO CRUZEIRO S/N
SALITRE;38;137;ZONA RURAL, SALITRE/CE;E.E.I.F RAIMUNDO CLEMENTINO DE ALENCAR - BULANDEIRA DOS DIAS;SÍTIO BULANDEIRA DOS DIAS
ITAIÇABA;75;139;CENTRO;E.E.F. DULCINEA GOMES DINIZ;VILA OLIMPICA, 336
ITAREMA;98;161;CENTRO;EMEF PE ARISTIDES ANDRADE SALES;AV JOAO BATISTA RIOS S/N
FORTALEZA;93;85;PREFEITO JOSÉ WALTER;EM RACHEL DE QUEIROZ;AVENIDA C, S/N - II ETAPA
ITAPIPOCA;17;214;DESERTO;EEFMI HILDEBERTO BARROSO;AVENIDA VEREADORA LEIDA SOARES, 1205
SALITRE;38;140;ZONA RURAL, SALITRE/CE;E.E.I.F. MANOEL CAVALCANTE - SÍTIO CAVALCANTE;SÍTIO CAVALCANTE
SALITRE;38;143;ZONA RURAL, SALITRE/CE;E.E.I.F JOSE GOMES DE SOUZA - SÍTIO SERRINHA DOS GERALDOS;SÍTIO SERRINHA DOS GERALDOS
BARRO;92;137;CENTRO-SEDE;EEEP PROFESSOR JOSÉ OSMAR PLÁCIDO DAS SILVA;RUA ANTÔNIA BEZERRA TELES, S/N
MAURITI;76;11;NOVA SANTA CRUZ-DISTRITO;EEIF PEDRO MARANHÃO DE LACERDA;RUA CENTRAL S/N
ITAPIPOCA;17;100;ASSUNÇÃO;EEB TIAGO GONCALVES BARBOSA;OLHO D'ÁGUA
FORTALEZA;115;324;SERRINHA;COLEGIO DUQUE DE CAXIAS;RUA  PERU, 1675
FORTALEZA;115;39;ITAPERI;UNIVERSIDADE ESTADUAL DO CEARA - UECE;AV DR. SILAS MUNGUBA, 1700
CANINDÉ;33;69;ZONA RURAL;EMEF JOSE BERNARDO UCHOA;VAZANTE DO CURU
MASSAPÊ;45;52;ZONA RURAL;GE ANTONIO DE PAULA PESSOA DE FIGUEIREDO;POVOADO DE AIUA
PEDRA BRANCA;59;135;SEDE;E.E.F. ANTONIO MENDES DOS SANTOS;SÍTIO RIACHÃO DAS UMBURANAS
QUITERIANÓPOLIS;99;152;CENTRO;EEF CÍCERO RODRIGUES BEZERRA;AV LAURINDO GOMES  SN
VARJOTA;65;162;CROATÁ DOS MARTINS;E.E.F. ODILON NOBRE;AV GONÇALVES EVARISTO. 596
SANTANA DO ACARAÚ;44;108;FAZENDA CROATA;SALÃO COMUNITÁRIO DOCA ZEFERINO;POVOADO CROATÁ 
PACATUBA;57;304;CONJUNTO JEREISSATI II;EEF ANGELA COSTA CAMPOS;AV. XXV - SETOR H
FORTALEZA;3;624;ALDEOTA;COLÉGIO BATISTA - SANTOS DUMONT;RUA DESEMBARGADOR LEITE ALBUQUERQUE, 1056
CAUCAIA;120;334;CAPUAN;E.E.F. JOSE ALEXANDRE;RUA DA LAGOA, 135
SOBRAL;24;477;ALTO DA BRASÍLIA;EEFI RAIMUNDO PIMENTEL GOMES - CAIC;RUA PRINCESA ISABEL, S/N
RUSSAS;9;167;CENTRO;ESCOLA DE ENSINO MÉDIO MANOEL MATOSO FILHO;AVENIDA MARIA RAMALHO, 336
SOBRAL;24;342;ALTO DO CRISTO;EEMTI PREFEITO JOSE EUCLIDES F. GOMES JUNIOR-(ANTIGO CIRAO);AV. HUMBERTO LOPES
LIMOEIRO DO NORTE;29;69;ÁREA RURAL;ESCOLA DE 1 GRAU PE CELIO CONRADO;SITIO TANQUINHOS
FORTALEZA;114;253;PRESIDENTE KENNEDY;CENTRO DE REFERÊNCIA DE ASSISTÊNCIA SOCIAL DO PRES. KENNEDY - CRAS;QUADRA F S/N CONJUNTO CASTELO BRANCO
FORTALEZA;94;933;VILA VELHA;EMEIEF MARIA MARIZA MENDES DE CARVALHO;RUA RAIMUNDO CUNHA 1174
CAUCAIA;37;532;TABAPUÁ;E.E.F.M. JOSÉ MARIA PONTES DA ROCHA;RUA 08, S/N - TABAPUÁ
CASCAVEL;7;223;MUTIRÃO;ESC.ENS.FUND. LIBIA RIBEIRO;RUA LIBIA RIBEIRO, S/N
CASCAVEL;7;213;CENTRO;COLEGIO CASCAVELENSE - CC;RUA SAMUEL BEDE, 2626
AURORA;69;75;CALUMBI-SITIO;E.E.I.F. VICENTE RODRIGUES DOS SANTOS;SITIO CALUMBI S/N
FORTALEZA;3;617;MEIRELES;ESCOLA DE SAÚDE PÚBLICA - NEPE (ANEXO);AV. ANTÔNIO JUSTA, 3161
ITAPIPOCA;17;357;CACIMBAS;CENTRO EDUCACIONAL MARIA MAGALHAES VIANA AZEVEDO;RUA MOESIO LOIOLA S/N
FORTALEZA;114;149;JARDIM IRACEMA;EEMTI PROFESSORA BALBINA JUCA ALBUQUERQUE;AVENIDA MAJOR ASSIS 346
CAUCAIA;123;508;PARQUE POTIRA (JUREMA);COLÉGIO ESTADUAL LICEU DE CAUCAIA;RUA ARAQUÉM, 1100 - PARQUE POTIRA (JUREMA)
PACAJUS;49;4;CRUZ DAS ALMAS;EEEP JOSE MARIA FALCAO - LICEU DE PACAJUS;RUA RAIMUNDO CORREIA LIMA, S/N
FORTALEZA;112;547;CIDADE DOS FUNCIONÁRIOS;COLEGIO MASTER SUL;RUA BENJAMIM MOURA, 631
MARANGUAPE;4;76;COITÉ - MARANGUAPE;EMEF CÔNEGO HEITOR VIEIRA CAVALCANTE;RUA MARIA EFIGÊNIA CAMPOS TELES, 985
MUCAMBO;79;204;CENTRO;E.E.M. JOSÉ CLÁUDIO DE ARAÚJO;RUA JOSÉ CLÁUDIO DE ARAÚJO, 615
FORTALEZA;3;431;CENTRO;UNIARI - CENTRO UNIVERSITÁRIO ARI DE SÁ;AV. HERÁCLITO GRAÇA, 826
MERUOCA;24;600;Anil;EEIF - JOSE XIMENES ALBUQUERQUE;SITIO SAO VICENTE
MARANGUAPE;4;363;NOVO MARANGUAPE I (ÁREA VERDE) - MARANGUAPE;EMEF JOSÉ FERNANDES VIEIRA;RUA PEDRO MOREIRA VASCONCELOS, 125
MARANGUAPE;4;558;PARQUE SANTA FÉ - MARANGUAPE;CEM DEP. MANOEL RODRIGUES;RUA JUSCELINO KUBITSCHEK, S/N
JIJOCA DE JERICOACOARA;30;363;ZONA RURAL;ESCOLA NOSSA SENHORA DA CONSOLACAO;NOVO JERI S/N - JERICOACOARA
JUAZEIRO DO NORTE;28;26;SAO MIGUEL;UNINASSAU CAMPUS SÃO MIGUEL;RUA SÃO FRANCISCO, 1224
JUAZEIRO DO NORTE;28;25;SAO MIGUEL;UNINASSAU CAMPUS SÃO MIGUEL;RUA SÃO FRANCISCO, 1224
BOA VIAGEM;63;87;FLORESTA;EEF JOSE ADAUTO SALES;ROD. PRES. JUSCELINO KUBITSCHEK, S/N
LIMOEIRO DO NORTE;29;20;ANTÔNIO HOLANDA;IFCE - CENTRO DE REFERÊNCIA CIDADE ALTA;R. RAIMUNDO TOMÁS DE AQUINO, 2742
FORTALEZA;80;271;JOSÉ BONIFÁCIO;FACULDADE MAURÍCIO DE NASSAU;AVENIDA VISCONDE DO RIO BRANCO, 2078
BREJO SANTO;70;244;RENE LUCENA;E E F HISTORIADOR PADRE ANTONIO GOMES DE ARAÚJO;RUA PEDRO NICODEMOS DE ARAUJO S/N
FARIAS BRITO;62;242;LAMBEDOURO;CRECHE CICERO RODRIGUES DE ARAUJO;VILA LAMBEDOURO
ACOPIARA;60;63;DISTRITO SANTA FELICIA;EEF FRANCISCO DE ASSIS SILVA CASTRO;SITIO PATRIMONIO
COREAÚ;64;82;Canto;CANTO - ESCOLA MUN. SÃO JOAQUIM;DISTRITO DO CANTO
MARACANAÚ;104;338;TIMBÓ;EMEF ADAUTO FERREIRA LIMA;AVENIDA CONTORNO LESTE, S/N
MORRINHOS;44;12;SAO LUIS;EMEF FRANCISCO ABDORAL ROCHA;AV CORACAO DE MARIA S/N
FORTALEZA;82;458;SÃO GERARDO;CEJA PAULO FREIRE;RUA OLAVO BILAC, 1300
BEBERIBE;84;7;PARIPUEIRA;ESCOLA MUNICIPAL ERNESTO GURGEL VALENTE;RUA FRANCISCO XAVIER 217 - CENTRO
MARACANAÚ;122;4;NOVO MARACANAU;EMEIEF PROFª MARIA DO SOCORRO VIANA FREITAS;RUA 10 S/N
JUAZEIRO DO NORTE;119;462;NOVO JUAZEIRO;ESCOLA TARCILA CRUZ ALENCAR;CASTELO BRANCO 4451
FORTALEZA;95;119;CONJUNTO PALMEIRAS;EMEIEF MARIA HELENILCE CAVALCANTE LEITE MARTINS;RUA MAIZA, S/N
ACARAÚ;30;31;ZONA RURAL;ESCOLA ANTONIO INACIO FILHO;OLHOS DAGUA
ACARAÚ;30;225;JURITIANHA;ESCOLA HUGO MARTINS DOS SANTOS;CE 178 KM 17 - JURITIANHA
FORTALEZA;1;462;VARJOTA;ESCOLA ESTADUAL  BARBARA DE ALENCAR;RUA PEDRO RUFINO 38
FORTALEZA;3;591;ALDEOTA;COLÉGIO ANTARES (RUA BARBOSA DE FREITAS);RUA BARBOSA DE FREITAS, 2058
IPAPORANGA;20;289;CENTRAL;ESCOLA DE EDUCAÇÃO INFANTIL PEQUENO PRÍNCIPE;RUA GABRIELRODRIGUES JÚNIOR, 101
BREJO SANTO;70;42;LAGOA DO MATO-SEDE;ESCOLA MUNICIPAL NOBILINO ALVES DE ARAUJO;VILA LAGOA DO MATO
ICÓ;15;48;CENTRO - SEDE;CENTRO UNIVERSITÁRIO VALE DO SALGADO;AV. MONSENHOR FROTA, 609
ICÓ;15;182;NOVO CENTRO - SEDE;EEMTI - PADRE JOSÉ ALVES DE MACÊDO;AV. FRANCISCO CAETANO DANTAS, S/N
PARAMBU;19;390;SEDE;ESCOLA JOÃO NECO SOBRINHO;GITIRANA
SANTANA DO ACARAÚ;44;183;JOAO ALFREDO;EEEP FRANCISCO DAS CHAGAS VASCONCELOS;RUA JOSE ANANIAS DE VASCONCELOSS/N
SOBRAL;121;45;CENTRO;EEM PROFESSOR ARRUDA;RUA CEL. MONT'ALVERNE, 570
QUIXERAMOBIM;11;15;ENCANTADO;ESCOLA ALOISIO BARROS LEAL;VILA DE ENCANTADO
GUAIÚBA;57;216;SAO JERONIMO;CEI MARIA JOSE SOUSA SILVA;SAO JERONIMO
RUSSAS;9;204;CENTRO;ESCOLA DE ENSINO FUNDAMENTAL CORONEL MURILO SERPA;TRAVESSA SEBASTIAO SANTIAGO LIMA 160
FORTALEZA;116;407;BONSUCESSO;EM JOAO PAULO I;RUA LUIZ DE CASTRO 254
SÃO JOÃO DO JAGUARIBE;91;121;BOM JESUS;EEF BEVENUTO FERREIRA MAIA - BOM JESUS;SITIO BOM JESUS
FORTALEZA;112;460;EDSON QUEIROZ;UNIVERSIDADE DE FORTALEZA - UNIFOR;AVENIDA WASHINGTON SOARES, 1321
FORTALEZA;85;145;CONJUNTO CEARÁ I;EEEP PROFESSOR CESAR CAMPELO;RUA 717, N.164, 3 ETAPA
JUAZEIRO DO NORTE;119;205;PREFEITO CARLOS ALBERTO DA CRUZ;URCA - CAMPUS CRAJUBAR (TRIÂNGULO);AVENIDA LEÃO SAMPAIO, 107
MARCO;96;153;LOCALIDADE DE FEIJAO BRAVO;EEF ANTONIO PEREIRA DA ROCHA;POVOADO FEIJAO BRAVO
APUIARÉS;50;13;CENTRO;EEFM SÃO SEBASTIÃO;AVENIDA GOMES DA SILVA, 100
SÃO JOÃO DO JAGUARIBE;91;115;CENTRO;EEF 1 GRAU CHIQUINHO RODRIGUES;RUA CONEGO CLIMERIO CHAVES 269
CAUCAIA;37;435;GRILO;E.E.I.E.F. MARIA DAS DORES LIMA;RUA JOSE EMILIO DA ROCHA, 852 - PQ MALOUBER
CAPISTRANO;105;51;ZONA RURAL;E.E.F. MARIA DE LOURDES E. BARBOSA;AGROVILA
FORTALEZA;95;338;BARROSO;EEFM PROFESSOR  ALOYSIO BARROS LEAL;RUA 10,  LOT. PRQ.VERDE 28 (CJ JOAO PAULO II)
CAUCAIA;37;613;PADRE ROMUALDO;E.E.F. AUGUSTO CESAR SILVA SALES;RUA 15 DE NOVEMBRO, 456
QUIXADÁ;6;456;CENTRO;CENTRO UNIVERSITÁRIO CATÓLICA DE QUIXADÁ - UNICATÓLICA;AVENIDA PLÁCIDO CASTELO, S/N
MARANGUAPE;4;122;SAPUPARA;EMEF JÕAO CIRINO NOGUEIRA;RUA JOAO CIRINO, S/N
ACARAÚ;30;184;ZONA RURAL;ESCOLA JOAO JAIME FERREIRA GOMES FILHO;CURRAL VELHO DE BAIXO
CARIRIAÇU;71;23;CENTRO;EEM PLÁCIDO ADERALDO CASTELO;RUA CARLOS MORAIS 752
CAUCAIA;37;308;CURICACA;E.E.F. EDSON DA MOTA CORREA;ESTRADA VELHA DO ICARAI, KM 02
MARANGUAPE;4;602;OUTRA BANDA - MARANGUAPE;EMEIEF RENATO MOTA;RUA EMANOEL COSTA  ABREU, S/N
MAURITI;76;94;CENTRO;EEM ADAUTO LEITE;AV. SINVAL LACERDA, 416
JUAZEIRO DO NORTE;28;333;SAO MIGUEL;CENTRO CEARENSE DE IDIOMAS - CCI;RUA QUINZE DE NOVEMBRO S.N.
JIJOCA DE JERICOACOARA;30;228;ZONA RURAL;ESCOLA FRANCISCO SALES DE CARVALHO;CORREGO DA FORQUILHA II
FORTALEZA;80;315;DIONISIO TORRES;COLÉGIO SANTO INACIO;AVENIDA DESEMBARGADOR MOREIRA 2355
IPU;21;160;SEDE;E.M.E.F. MARIA LAURA SAMPAIO;RUA FELIX CANDIDO 857 - ALTO DOS 14
FORTALEZA;94;476;VILA VELHA;EEM LICEU VILA VELHA;AV. L, 840
BARBALHA;31;78;PARQUE BULANDEIRA;EEEP OTÍLIA CORREIA SARAIVA (LICEU DE BARBALHA);RUA PROJETADA I, S/N (7.29196 S, 39.31251 W)
INDEPENDÊNCIA;39;1;CENTRO;E.E.F. ABIGAIL ANTUNES MARQUES;RUA DO CRUZEIRO, 208
FORTALEZA;85;191;CONJUNTO CEARÁ I;EEFM JOSE LEOPOLDINO DA SILVA FILHO - UV4;RUA QUATROCENTOS E QUARENTA E OITO, 1, 2A ETAPA
ARACATI;8;336;CANOA QUEBRADA;E.E.F. ZE MELANCIA;PRAÇA DRAGÃO DO MAR, S/N.
CAUCAIA;37;411;PARQUE SOLEDADE;E.E.F. CORALIA GONZAGA SALES;RUA NAPOLEAO BONAPARTE VIANA, S/N
SÃO GONÇALO DO AMARANTE;36;183;ARAPIXI;ESCOLA DE ENSINO MÉDIO WALDEMAR ALCANTARA;RUA MAJOR JOÃO MARTINS
IBARETAMA;6;462;DISTRITO DE PEDRA E CAL;EMEIF ESTEVÃO DE SOUSA FREIRE;DISTRITO DE PEDRA E CAL
MARANGUAPE;4;585;URUCARÁ - MARANGUAPE;EMEIEF LUIZ ALBANO DA COSTA;AVENIDA JOAQUIM LOPES DE ABREU, S/N
OCARA;67;228;CENTRO-SEDE;ESCOLA MUNICIPAL SAO MARCOS - ENSINO FUNDAMENTAL;VILA SAO MARCOS
JAGUARIBE;10;76;CRUZEIRO;ESCOLA DE ENSINO FUNDAMENTAL E MEDIO CORNELIO DIOGENES;BR 116 KM 300
IRAUÇUBA;41;294;GIL BASTOS;EMEF GIL BASTOS;RUA NOVA, S/N
COREAÚ;64;5;Centro;COREAÚ - SECRETARIA MUNICIPAL DE EDUCAÇÃO;AV. PREFEITO VILAR FONTENELE, 81- CENTRO
ACARAÚ;30;14;CENTRO;ESCOLA PROF. TERESA DE JESUS SILVA;RUA JOÃO JAIME FERREIRA GOMES, 457
SÃO LUÍS DO CURU;23;315;CENTRO-SEDE;E.E.F. PROFESSORA MARIA DE LOURDES BRAGA;RUA HUGO ROCHA SN
SÃO JOÃO DO JAGUARIBE;91;112;CENTRO;EEF 1 GRAU CHIQUINHO RODRIGUES;RUA CONEGO CLIMERIO CHAVES 269
CHAVAL;108;2;CAÇAMBA;EEF FRANCISCO PEREIRA FILHO;RUA JOAQUIM AMANCIO TELES S/N
SÃO BENEDITO;22;79;INHUCU;EE BASICO DEP TOMAZ BRANDAO;R SANTOS DUMONT S/N
QUITERIANÓPOLIS;99;103;ZONA RURAL;EEIF JOSÉ FRANCISCO DAS CHAGAS;ANGICAL
URUBURETAMA;23;25;CENTRO;EEF CEL JOAO DE PAULA FILHO;RUA FARM JOSE RODRIGUES 706
MONSENHOR TABOSA;61;138;CENTRO;ESCOLA INDÍGENA DE MONSENHOR TABOSA;RUA SANTO ANTONIO 124
FORTALEZA;112;146;JARDIM DAS OLIVEIRAS;EEFM D. LUIZA TÁVORA - PRÓ MORAR;RUA FREI CANECA, 379
MARCO;96;105;CENTRO-SEDE;EEMTI RICARDO DE SOUSA NEVES;RUA RIOS 815
MARANGUAPE;4;610;NOVO PARQUE IRACEMA - MARANGUAPE;EMEF NILO PINHEIRO CAMPELO;RUA NILO CAMPELO, 48
BARBALHA;31;76;BARRO VERMELHO;ETI MARIA LINHARES SAMPAIO (SÍTIO BARRO VERMELHO);SITIO BARRO VERMELHO
CAMOCIM;32;182;OLINDA;CRECHE JOAO PASCOAL DE MELO - OLINDA;NOVA OLINDA  I
CAMOCIM;32;221;ZONA RURAL;EEF HIPÓLITO RICARDO PINTO - JATOBÁ;ASSENTAMENTO JATOBÁ, SN
FORTALEZA;80;117;ALTO DA BALANÇA;EEM YOLANDA QUEIROZ;AV. GAL. MURILO BORGES, 864
ORÓS;15;248;CENTRO;E.E.M. EPITÁCIO PESSOA;AV. JOSÉ GABRIEL BEZERRA, 274
ARARENDÁ;48;133;ASSENTAMENTO ITAURÚ;E. E. F.  SATURNINO ABREU MEMÓRIA;LOCALIDADE DE ITAURU
TAMBORIL;61;1;DISTRITO DE SUCESSO;EEMTI JÁDER DE FIGUEIREDO CORREIA;RUA GOV VALDEMAR DE ALCANTARA - VILA SUCESSO
QUIXADÁ;6;66;CAMPO VELHO;CEJA JOÃO RICARDO DA SILVEIRA;RUA DOM LUCAS, 760
MILHÃ;55;112;VILA BOM ACERTO;ESCOLA DE ENSINO BASICO JOSE ENEIAS PINHEIRO;RUA JOSÉ ENEIAS PINHEIRO
OCARA;67;171;NOVO HORIZONTE-DISTRITO;ESCOLA MUNICIPAL GERALDO MACER CARNEIRO - ENSINO FUNDAMENTAL;BORGES LAGOA NOVA
QUIXADÁ;6;26;CENTRO;CENTRO UNIVERSITÁRIO CATÓLICA DE QUIXADÁ - UNICATÓLICA;AVENIDA PLÁCIDO CASTELO, S/N
GRANJA;25;176;PESSOA ANTA;E.E.F. JOÃO FONTENELE DE ARAUJO;SITIO BAIXA DO CEDRO
TIANGUÁ;81;27;FREI GALVÃO;COLÉGIO MARIA STELA;RUA DEPUTADO MANOEL FRANCISCO, 1249
FORTALEZA;80;426;FÁTIMA;ESCOLA VILA;RUA DOM SEBASTIAO LEME, 819
ICÓ;15;36;CENTRO - SEDE;ESCOLA MUNICIPAL PROFESSORA LOURDES COSTA;AV ILIDIO SAMPAIO,1571
PARACURU;109;80;SANTA MARTA;E. M. E. I. F.  PEDRO ANTONINO GOMES;AV. GERALDO CIRIACO
MILAGRES;26;28;FREI DAMIÃO;ESCOLA MARIA LUCIA BELEM LEITE;RUA PEDRO FURTADO DE LACERDA 1149
FORTALEZA;85;135;CONJUNTO CEARÁ I;COLÉGIO LUÍZA TÁVORA;RUA 1050, N 171, 4 ETAPA
TAUÁ;19;57;COLIBRIS;ESCOLA LICEU DE TAUA LILI FEITOSA;RUA JORNALISTA HELDER FEITOSA SN
MARANGUAPE;4;20;OUTRA BANDA - MARANGUAPE;EMEIEF RENATO MOTA;RUA EMANOEL COSTA  ABREU, S/N
PARAMBU;19;353;NOVO ASSIS;ESCOLA JOSÉ ALEXANDRE DE NORONHA;RUA ANTÔNIO WILLAME TOMAZ NORONHA
PARAMBU;19;342;JUAZEIRO;ESCOLA VICENTE NORONHA MOTA (ANT. ESCOLA MANOEL ALVES TEIXEIRA);RUA BENEDITO FERREIRA LIMA, S/N
BEBERIBE;84;181;SITIO LUCAS;ESCOLA MUNICIPAL PEDRO DE QUEIROZ FERREIRA;RUA MANOEL EMÍDIO DA SILVA, 497
FORTALEZA;112;385;CIDADE DOS FUNCIONÁRIOS;EEFM WALTER DE SA CAVALCANTE;AVENIDA OLIVEIRA PAIVA, 550
GRANJA;25;171;TIMONHA;E.E.F. LUIZ MACHADO MENDES;TRAVESSA SANTA LUZIA, 753
FORTALEZA;83;322;DEMOCRITO ROCHA;ESCOLA MUNICIPAL JOSÉ BONIFÁCIO DE SOUSA;RUA PERNAMBUCO 600
SABOEIRO;43;268;LAGEDO;POSTO DE SAÚDE RAIMUNDO PRIMO BEZERRA;SITIO LAGEDO
JIJOCA DE JERICOACOARA;30;411;CENTRO;CRECHE SÉRGIO HERRERO GIMENEZ;RUA PIAUI - 2520
JUAZEIRO DO NORTE;28;130;PROFESSORA MARIA GELI SA BARRETO;EEIF JOÃO ROMÃO DE SÁ BARRETO;SITIO BREJO SECO
MORADA NOVA;47;203;SAO JOSE;EEB PROFESSORA HILDA PONCIANO DE OLIVEIRA LIMA(ESCOLA MODELO);RUA RAIMUNDO CARNEIRO GIRÃO, 872
MARCO;96;106;CENTRO-SEDE;EEMTI RICARDO DE SOUSA NEVES;RUA RIOS 815
CARIDADE;111;88;ZONA RURAL;EEIF SANTA MARIA - LOCALIDADE IPUEIRAS DOS GOMES;LOCALIDADE DE IPUEIRAS DOS GOMES
FORTALEZA;82;460;MONTE CASTELO;EEMTI CLÁUDIO MARTINS;RUA DEMÓCRITO ROCHA, 400
MORADA NOVA;47;85;BOA AGUA;EEB MARIA RABELO MARTINS;RUA JULIO MARTINS DA COSTA, 24 - BOA ÁGUA
AMONTADA;89;95;CENTRO;EEEP LUIZ GONZAGA FONSECA MOTA;AV GAL ALÍPIO DOS SANTOS 1360
CHOROZINHO;49;390;CENTRO;CASA DO CIDADÃO;AV RAIMUNDO SIMPLICIO SN
CAMOCIM;32;23;CENTRO;EEF ALBA MARIA DE ARAUJO LIMA AGUIAR;RUA DA INDEPENDENCIA SN
URUBURETAMA;23;349;SAO JOAO;EEIF FRANCESCO E SELENA PETERNAZZI;RUA JERÔNIMO ROCHA BRAGA
ALTO SANTO;86;26;CENTRO;ESCOLA DE 1 GRAU CAZUZA BEZERRA;RUA 31 DE MARCO SN
JUAZEIRO DO NORTE;28;208;SAO MIGUEL;COLÉGIO OBJETIVO;RUA DOUTOR FLORO, 776
MARANGUAPE;4;604;OUTRA BANDA - MARANGUAPE;CEI DEPUTADO JOSÉ MÁRIO MOTA BARBOSA;RUA DA PRAÇA, S/N
SÃO BENEDITO;22;76;SITIO PEDRA DE COCO I;EEF PEDRA DE COCO I;SITIO PEDRA DE COCO  I
GRANJA;25;16;CENTRO;E.E.M. CEL LUIZ FELIPE;PRACA CEL. LUIZ FELIPE, 381
SANTA QUITÉRIA;54;85;DISTRITO DE TRAPIÁ;ESCOLA DE ENSINO MÉDIO JOÃO DE MESQUITA BRAGA;DISTRITO DE TRAPIÁ
BELA CRUZ;96;17;CENTRO-SEDE;EEEP JULIO FRANÇA;RUA CEL. DUCA, 1051
FORTALEZA;117;415;PARQUE PRESIDENTE VARGAS;EM JOSE MARIA MOREIRA CAMPOS;RUA FRANCISCO ALMEIDA, 525 CJ. APOLO XI
MONSENHOR TABOSA;61;126;BARREIROS;E.M.E.I.F.T.I ANTONIO ELIAS DE SOUSA;BARREIROS
PACOTI;5;186;MACAPÁ;CRECHE ESPACO INFANTIL (MACAPA);SITIO MACAPA
BEBERIBE;84;98;SEDE;ESCOLA MUNICIPAL ANTONIO DE QUEIROZ FERREIRA;CORREGO DO PANTANO
ARARIPE;68;28;DISTRITO VILA BREJINHO;ESCOLA LUIZ GUEDES ALCOFORADO - BREJINHO;RUA MARECHAL CASTELO BRANCO S/N
DEPUTADO IRAPUAN PINHEIRO;55;124;CENTRO;EEB FRANCISCA JOSUÉ DE SOUZA CARNEIRO;VILA SILVEIRA, 0
QUIXADÁ;6;80;PLANALTO UNIVERSITÁRIO;EEF DEPUTADO FLÁVIO PORTELA MARCILIO;RUA JOSE DE QUEIROZ PESSOA, 2323
PACATUBA;57;173;MONGUBA;EEIEF MAJOR MANOEL ASSIS NEPOMUCENO;MONGUBA
PACATUBA;57;277;VILA DAS FLORES;EEIEF MANOEL ROSENDO FREIRE;RUA 17, 11
MORADA NOVA;47;36;CENTRO;CEBCJEC -CENTRO DE EDUCAÇÃO BÁSICA CORONEL JOSÉ EPIFÂNIO DAS CHAGAS;AV MANOEL CASTRO, 600
FORTALEZA;95;118;CONJUNTO PALMEIRAS;EMEIEF MARIA HELENILCE CAVALCANTE LEITE MARTINS;RUA MAIZA, S/N
FORTALEZA;95;203;JANGURUSSU;EEEP MÁRIO ALENCAR;RUA VERDE 44, 97 (CJ. SÍTIO SÃO JOÃO)
BARBALHA;31;71;DISTRITO ESTRELA;EEF SEBASTIÃO SANTIAGO DA PAZ (ESTRELA);AV. JOÃO EVANGELISTA SAMPAIO, S/N (7.28266 S, 39.27629 W)
MOMBAÇA;46;42;CENTRO;E. E. F. M. ANANIAS DO AMARAL VIEIRA;RUA CORONEL JOSÉ ADERALDO SN
QUIXELÔ;13;409;ÁREA RURAL DE QUIXELÔ;ESCOLA DE ENS FUND SENHORINHA MARIA NICOLAU;SITIO VARZEA REDONDA
MAURITI;76;73;PALESTINA DO CARIRI-DISTRITO;EEF JOSE ACÍLIO;RUA GABRIEL IZIDRO, SN
FORTALEZA;115;483;PARANGABA;COLÉGIO INVICTUS;RUA ARARIBÓIA, 192
GRANJA;25;20;CENTRO;E.E.F. DONA SINHA CRUZ DE VASCONCELOS;RUA DR. JOAO PESSOA, 345
TAMBORIL;61;34;DISTRITO DE SUCESSO;EEMTI JÁDER DE FIGUEIREDO CORREIA;RUA GOV VALDEMAR DE ALCANTARA - VILA SUCESSO
MARANGUAPE;4;132;CENTRO - MARANGUAPE;CEJA MANOEL SEVERO BARBOSA;RUA RAIMUNDO HERBSTER, 230
REDENÇÃO;52;106;DISTRITO DE BARRA NOVA (ANTIGO SÃO GERARDO);ESCOLA LUIS DIAS DAMASCENO;BARRA NOVA
LIMOEIRO DO NORTE;29;116;ÁREA RURAL;ASSOCIAÇÃO NOSSA SENHORA DE FÁTIMA;SITIO MORROS
AMONTADA;89;117;GARÇAS;EEM LIDIA CARNEIRO DE BARROS;GARÇAS
GUAIÚBA;57;114;HELDER BEZERRA;EEM JOSÉ TRISTÃO FILHO;RUA MARIA DO CARMO, 100
ORÓS;15;318;CENTRO;APAE - ASSOCIAÇÃO DE PAIS E AMIGOS DOS EXCEPCIONAIS DE ORÓS;AV. JOSÉ GABRIEL BEZERRA, 58
BREJO SANTO;70;421;POCO DO PAU-DISTRITO;CEI MARIA MARTINS DE SOUSA;VILA VASSOURAS
RUSSAS;9;274;FLORES;ESCOLA DE ENSINO FUNDAMENTAL E MEDIO MARIA DE LOURDES DE OLIVEIRA;RUA JOSE SABINO MENDES 2313
CARIRÉ;65;99;ZONA RURAL;ESCOLA EIEF EVANGELINA FEIJAO;BOA ESPERANCA
BATURITÉ;5;38;ACUDINHO-FAZENDA;EMEF MARIA JOSE VIANA;ACUDINHO DOS VIANAS
IPU;21;27;ALTO DA BOA VISTA;EMEB MONSENHOR GONÇALO DE OLIVEIRA LIMA;AV. JOSÉ CARVALHO DE ARAGÃO, 102
SANTA QUITÉRIA;54;110;DISTRITO DE LOGRADOURO;ESCOLA MUNICIPAL GUSTAVO RODRIGUES ROSA;DISTRITO DE LOGRADOURO
PALHANO;9;1;CENTRO;ESCOLA DE ENSINO MEDIO JOSE FRANCISCO DE MOURA;AVENIDA POSSIDONIO BARRETO 459
FORQUILHA;121;226;SALGADO DOS MENDES;EEFI MANOEL MENDES FERREIRA;POVOADO SALGADO DOS MENDES
URUBURETAMA;23;27;CENTRO;SECRETARIA DE AÇÃO SOCIAL DE URUBURETAMA;TRAVESSA JOAQUIM AVILA S/N
PIQUET CARNEIRO;12;112;CENTRO;CÂMARA MUNICIPAL DE PIQUET CARNEIRO;RUA CÍCERO ALENCAR, 108
CARIÚS;43;156;ESPLANADA-SEDE;EEF NOSSA SENHORA AUXILIADORA;RUA RAUL NOGUEIRA S/N
COREAÚ;64;8;Centro;COREAÚ - (GINASIO) ESCOLA MUN. NOSSA SRA. DA PIEDADE;RUA CEL. FCO. GOMES CAMILO, 226 - ALTO SÃO JOSÉ
FORTALEZA;83;4;ANTÔNIO BEZERRA;COLÉGIO DA POLÍCIA MILITAR DO CEARÁ GENERAL EDGARD FACÓ;AVENIDA MISTER HULL,  S/N - KM 1
URUBURETAMA;23;350;NOVO ANGELIM;CRECHE HILDA SERPA CHAVES;AV. PRINCESA ISABEL, S/N
PARACURU;109;40;CENTRO;E. M. E. F. ANTONIO SALES;RUA CAP JOSE TELES, S/N
FORTALEZA;115;475;VILA PERI;EEM PROF. HERMENEGILDO FIRMEZA;RUA GABRIEL FIUZA 360
SANTANA DO ACARAÚ;44;80;RETIRO;SINDICATO DOS TRABALHADORES RURAIS DE SANTANA;TRAVESSA DR JOSÉ MENDES, 461
TURURU;17;671;PÉ DA SERRA / ZONA RURAL;EMEF CECI DE SOUSA ALVES;LOCALIDADE DE PE DA SERRA
JUAZEIRO DO NORTE;119;373;PREFEITO CARLOS ALBERTO DA CRUZ;ESCOLA ZILA BELEM;FRANCISCO VICENTE SILVA CAVALCANTE SN
IBIAPINA;73;25;DISTRITO DE ALTO LINDO;ESCOLA MANUEL RODRIGUES DE MEDEIROS;RUA RAIMUNDO DOMINGOS XIMENES
ARACOIABA;67;69;LAGOA DE SAO JOAO-DISTRITO;ESCOLA MUNICIPAL RAIMUNDO CLEMENTINO DE OLIVEIRA;LAGOA DE SAO JOAO
ITAPAJÉ;41;57;IRATINGA;ESCOLA MUNICIPAL ANGELICA VIEIRA;RUA VEREADOR TOMÁS FILHO SN
PACOTI;5;205;GERMINAL;CRECHE CARINHA DE ANJO (GERMINAL);SITIO SANTO ANTONIO-GERMINAL
RUSSAS;9;290;SITIO CANTO;ESCOLA MUNICIPAL JOSE NICOLAU RODRIGUES LIMA;SITIO CANTO
FORTALEZA;112;435;EDSON QUEIROZ;COLEGIO ARI DE SA CAVALCANTE WS;AV WASHINGTON SOARES, 3737
CHAVAL;108;81;CRUZEIRO;POSTO DE SAÚDE - PSF VI - CRUZEIRO;RUA ANATÓLIO THIERS CARNEIRO, S/N
FORTALEZA;83;700;HENRIQUE JORGE;ESCOLA MUNICIPAL DONA DAGMAR GENTIL;RUA VITORIA 1750
AMONTADA;89;173;SABIAGUABA;EEBTI JOÃO RODRIGUES DE MELO;CAMPO GRANDE
MARACANAÚ;104;136;JEREISSATI I;EMEIEF DEPUTADO JOSÉ MARTINS RODRIGUES;RUA QUARENTA A, 287
AQUIRAZ;66;270;CENTRO;EMEF ERNESTO GURGEL VALENTE;RUA FRANCISCO CAMARA, SN
FORTALEZA;94;531;JARDIM GUANABARA;CMES PROF JOSE REBOUCAS MACAMBIRA;RUA CARIÚS 200
SÃO BENEDITO;22;205;CENTRO-SEDE;EEF MINISTRO ANTONIO COELHO;RUA MIN ANTONIO COELHOI  452
SANTANA DO ACARAÚ;44;118;MULUNGU;GRUPO ESCOLAR SAO JOSE -  MULUNGU;MULUNGU
QUIXADÁ;6;268;CAMPO NOVO;EEM ABRAÃO BAQUIT;RUA REGINALDO LOPES, S/N
QUIXADÁ;6;2;CAMPO NOVO;EEF JOSÉ JEAN DA SILVA PEREIRA;RUA DA ESTRELA, 425
SANTA QUITÉRIA;54;68;PIRACICABA;ESCOLA MUNICIPAL QUITERIENSE;RUA TABELIÃO FRANCISCO PAULA LOBO, S/N.
PARAMBU;19;310;CENTRO;ESCOLA FRANCISCO ALVES TEIXEIRA;RUA PEDRO ALVES DA COSTA, 38 - CENTRO
ICÓ;15;138;CENTRO - SEDE;ESCOLA MUNICIPAL MARIA IRISMAR MACIEL MOREIRA;RUA SAO GERALDO S/N
ASSARÉ;18;143;CENTRO;CRAS - CENTRO REFERÊNCIA E ASSISTÊNCIA SOCIAL;RUA MAESTRO JOSINO ROBERTO
PACAJUS;49;142;ALTO DA BOA VISTA;EEF ARTUR BANDEIRA;RUA PROJETADA, S/N
PACAJUS;49;213;COAÇU;EEF ESAU NOGUEIRA DE QUEIROZ;AV HERCILIA LOPES DE MENEZES SN
AMONTADA;89;108;ARACATIARA;EEBTI PROF LUIZA TELES;RUA JOSE ABDON SARAPIÃO DE BARROS
PACAJUS;49;54;ALDEIA;EEF PROFA HERMÍNIA MENDONCA DE QUEIROZ;RUA NAIDE COSTA MENEZES, SN
MOMBAÇA;46;11;CENTRO;E. E. E. F. M. PROFESSOR PEDRO JAIME;AV. CÍCERO MARQUES, 02
CARIRIAÇU;71;69;VALÊNCIA;POSTO DE SAÚDE LUIZ VICENTE GOMES;SITIO ONÇA
SOBRAL;121;100;CENTRO;CENTRO EDUCACIONAL MARIA IMACULADA(PATRONATO);RUA CONSELHEIRO JOSE JULIO, 145
QUIXERAMOBIM;11;248;PAUS BRANCO;ESCOLA ANTONIO CONSELHEIRO;FAZENDA TANQUINHO
FORTALEZA;112;338;ENGENHEIRO LUCIANO CAVALCANTE;COLÉGIO ANTARES - SEDE WASHINGTON SOARES;RUA CAETANO XIMENES ARAGÃO,110 - ACESSO PELA RUA ARMANDO DALL'OLIO
BEBERIBE;84;113;SEDE;ESCOLA MUNICIPAL ADELIA BARROS COLACO;LAGOINHA
FORTALEZA;95;268;CAJAZEIRAS;EEMTI PROF. PAULO AYRTON ARAUJO - PRÉDIO ANTIGO;BR 116 KM 05, EM FRENTE AO ASSAÍ ATACADISTA
RUSSAS;9;259;CENTRO;ESCOLA MUNICIPAL RAIMUNDO PELOPIDAS DE ARAUJO;TRAVESSA MATOSO S/N
FORTALEZA;112;412;EDSON QUEIROZ;COLEGIO ARI DE SA CAVALCANTE WS;AV WASHINGTON SOARES, 3737
PACAJUS;49;375;BANGUE II;EEF FRANCISCO DA SILVA FILHO;RUA MARIA AMÉLIA DA SILVA 13
CARIDADE;111;114;CENTRO;EEF CARMOZINA BITTENCOURT;AVENIDA CORONEL FRANCISCO LINHARES
PALHANO;9;233;CENTRO;CENTRO DE EDUCACAO INFANTIL;RUA POSSIDÔNIO BARRETO, 293
SOBRAL;121;105;CENTRO;UNIVERSIDADE UNOPAR SOBRAL;AV DOM JOSÉ, 1138
CHOROZINHO;49;389;TRIANGULO;CRECHE MARIA DE LOURDES LIMA;RUA PADRE CICERO SN
FORTALEZA;113;193;BENFICA;FACULDADE DE PSICOLOGIA DA UFC;AV. DA UNIVERSIDADE, 2762
TRAIRI;97;28;CANA BRAVA;EEF SOUSA LEAO;CANA BRAVA
MARACANAÚ;104;82;JEREISSATI II;EMEIEF GENCIANO GUERREIRO DE BRITO;AVENIDA XII, N 3
GRANJA;25;191;SÃO RAIMUNDO;E.E.F. SÃO RAIMUNDO;RUA DONA CHIQUEZA
MERUOCA;24;589;Camilos;EEF - JOSE BARBALHO DO NASCIMENTO;RUA JOAO BATISTA DE ARAUJO, 170 - DISTRITO CAMILOS
PACAJUS;49;59;CAVALARIA;EEF MARIA DO CARMO DE SOUSA LOPES (GRUPO ESCOLAR);CAVALARIA
MULUNGU;5;124;CENTRO-SEDE;EMEF HERMENEGILDO ROCHA PONTES;RUA SANTA INES S/N
TIANGUÁ;81;184;ÁREA RURAL DE TIANGUÁ;E.E.F. JOSÉ MARIA DA SILVA;SÍTIO PÉ DO MORRO
FORTALEZA;83;561;PANAMERICANO;ESCOLA MUNICIPAL JOSÉ BATISTA DE OLIVEIRA;RUA GOIÁS 620
PENTECOSTE;50;126;ZONA RURAL;EEIF JOSÉ GOMES DA SILVA;CASA DE PEDRA
TAUÁ;19;420;CENTRO;CENTRO EDUCACIONAL BETESDA;RUA CEL  EUFRASIO ALVES DE OLIVEIRA 45
FORTALEZA;83;568;BELA VISTA;COLEGIO CHRISTUS;AV. ENG. HUMBERTO MONTE, 1355
MONSENHOR TABOSA;61;173;CARRAPICHO;E.M.E.F.T.I UM NOVO AMANHECER;RUA JOSE MARQUES BRASIL
FORTALEZA;116;51;BOM JARDIM;EM SANTOS DUMONT;RUA GERALDO BARBOSA 240
CAUCAIA;37;513;TABAPUÁ;E.E.I.E.F. AFFONSO DE MEDEIROS;RUA 05, S/N
OCARA;67;245;SERENO DE CIMA-DISTRITO;ESCOLA MUNICIPAL FRANCISCO CORREIA RODRIGUES- ENSINO FUNDAMENTAL;VILA SAO MIGUEL
ITAPAJÉ;41;44;ESMERINO GOMES;EEEP ADRIANO NOBRE;RUA ODILON FERREIRA GOMES, 475.
INDEPENDÊNCIA;39;225;CACHOEIRA DO FOGO;EEF RAIMUNDO VIEIRA;POVOADO CACHOEIRA DO FOGO
IPU;21;92;SEDE;PATRONATO SOUSA CARVALHO;PCA DR CHAGAS PINTO 1045 - CENTRO
CATARINA;60;225;VILA NOVA - SEDE;EEF FRANCISCO RODRIGUES PEREIRA;RUA JOSE PEDROSA DE MIRANDA S/N
JUAZEIRO DO NORTE;28;491;PIO XII;EEF JOSÉ MARROCOS;AV. JOSÉ BEZERRA, SN
PALMÁCIA;4;157;GADO DOS FERROS;CERU PREFEITA FELISMINA CAMPELO MACAMBIRA;GADO DOS FERROS
FORTALEZA;83;127;HENRIQUE JORGE;EEMTI ANTONIETA SIQUEIRA;RUA GUARANI 04
FORTALEZA;83;478;HENRIQUE JORGE;EEMTI ANTONIETA SIQUEIRA;RUA GUARANI 04
JUAZEIRO DO NORTE;119;137;NOVO JUAZEIRO;ESCOLA TIRADENTES;CASTELO BRANCO SN
NOVO ORIENTE;99;46;ZONA RURAL;EEF MANOEL LUIZ DA SILVA;TRES IRMAOS
FORTALEZA;94;785;VILA VELHA;COLÉGIO CÍCERO NOGUEIRA (CCN);RUA PARAMBU, 668
FORTALEZA;82;389;PIRAMBU;EEFM GOVERNADOR FLÁVIO MARCÍLIO;AV. PASTEUR, 575
BELA CRUZ;96;65;BRASILIA;CENTRO DE CONVIVÊNCIA SOCIAL JOÃO VENCESLAU ARAUJO;RUA JOÃO AMBRÓSIO,230
BATURITÉ;5;2;CENTRO-SEDE;EMEF DOMINGOS SAVIO;AV DOM BOSCO, 393
TIANGUÁ;81;222;SANTO EXPEDITO;E.E.F. PROFª. MARIA OFÉLIA VASCONCELOS PORTELA;RUA EXPEDITO COELHO DE MORAIS, SN
SALITRE;38;79;ZONA RURAL, SALITRE/CE;E.E.I.F CIRILO LEITE DE ALENCAR - BARREIROS;BARREIROS
SOBRAL;24;83;PARQUE SILVANA;EEFI ANTONIO MENDES CARNEIRO;AVENIDA DR. JOSE EUCLIDES FERREIRA GOMES JUNIOR, S/N
FORTALEZA;95;88;BARROSO;EEFM PADRE MARCELINO CHAMPAGNAT;RUA DAURA, 120
FORTALEZA;116;105;GRANJA PORTUGAL;EM JOSE CARLOS MATOS;RUA ITAJAI 802
MOMBAÇA;46;132;CENTRO;ESCOLA DE ENSINO FUNDAMENTAL ANTONIO FERREIRA LOPES;SITIO MIGUEL RODRIGUES
CARIDADE;111;60;CAMPOS BELOS;EPG RODOLFO TEIXEIRA BARROS;RUA ANTONIO SABINO SN
PACAJUS;49;22;BURITI;CENTRO DE EDUCACAO MUNICIPAL DE PACAJUS;RUA TABELIAO JOSE GAMA FILHO 734
ORÓS;15;261;CAATINGA - SITIO;POSTO DE SAÚDE SÍTIO CAATINGA;SITIO CAATINGA, S/N
AQUIRAZ;66;161;CENTRO;ESCOLA DE ENSINO MEDIO LIA SIDOU;RUA VIRGILIO COELHO N  693
AQUIRAZ;66;133;TAPERA;EMEF PLACIDO CASTELO;RUA ASSIS BENTO DE FREITAS, 970 - BARRINHA
QUIXELÔ;13;147;CENTRO;ESCOLA DE ENS FUND E MÉDIO PROFESSOR LUIS DE GONZAGA FONSECA MOTA;RUA VITORINO JOSE DE OLIVEIRA SN
PACAJUS;49;201;VILA DA MATA;EEF JOAO DE CASTRO E SILVA;RUA SEBASTIÃO PEDRO DA SILVA S/N
JARDIM;119;367;CENTRO;ESCOLA SENADOR CARLOS JEREISSATI;AVENIDA WILSON RORIZ
BEBERIBE;84;36;FORQUILHA;ESCOLA MUNICIPAL CICERO JOAO DA COSTA;ENCRUZILHADA
IPU;21;32;ALTO DA BOA VISTA;EMEB MONSENHOR GONÇALO DE OLIVEIRA LIMA;AV. JOSÉ CARVALHO DE ARAGÃO, 102
JIJOCA DE JERICOACOARA;30;94;ZONA RURAL;ESCOLA NOSSA SENHORA DA CONSOLACAO;NOVO JERI S/N - JERICOACOARA
ERERÉ;10;119;CENTRO;E.E.F.M. SENADOR FERNANDES TAVORA ( ESPECIAL );RUA CAPITAO FRANCISCO RODRIGUES, 574
GRANJA;25;172;SANTA TEREZINHA;E.E.F. FRANCISCA FONTENELE SOUSA BATISTA;RUA DONA MARIA SOUSA, S/N
FORTALEZA;113;269;RODOLFO TEÓFILO;FACULDADE DE ENFERMAGEM DA UFC;RUA ALEXANDRE BARAÚNA, 1115
FORTALEZA;94;785;VILA VELHA;COLÉGIO CÍCERO NOGUEIRA (CCN);RUA PARAMBU, 668
BOA VIAGEM;63;69;IPIRANGA;UNIDADE DE ATENÇÃO PRIMÁRIA A SAÚDE - UAPS - MARIA AVELINA VALLE;RAMADINHA
AQUIRAZ;66;66;GENIPAPEIRO;EMEF MANOEL ASSUNCAO PIRES;RUA PRINCIPAL S/N
TRAIRI;97;1;CORREGO FUNDO;EEF ANTONIO ROBESPIERRE VIANA;CORREGO FUNDO
ARACATI;8;104;CABREIRO;E.E.F. EDMAR SENA;CABREIRO
FORTALEZA;93;115;MONDUBIM;CEI MARIA HERCILIA EVANGELISTA;RUA 3, 300 - PARQUE SANTANA
CANINDÉ;33;388;ZONA RURAL;EMEF DR ELPIDIO;DISTRITO DE BONITO
SÃO GONÇALO DO AMARANTE;36;253;ARAPIXI;ESCOLA DE ENSINO MÉDIO WALDEMAR ALCANTARA;RUA MAJOR JOÃO MARTINS
QUIXADÁ;6;96;CALIFÓRNIA;EEF FRANCISCA TEIXEIRA;CALIFÓRNIA - SEDE
FORTALEZA;115;340;PARANGABA;SESI - PARANGABA;AVENIDA JOÃO PESSOA, 6754
QUIXADÁ;6;284;CAMPO VELHO;EEF BENIGNO BEZERRA;RUA PAULO SOARES VIANA, 173
QUIXADÁ;6;211;CENTRO;COLÉGIO SAGRADO CORACÃO DE JESUS;TRAVESSA JOSE DE BARROS,1200
ICÓ;15;75;CENTRO - SEDE;ESCOLA MUNICIPAL MARIA IRISMAR MACIEL MOREIRA;RUA SAO GERALDO S/N
FORTALEZA;82;700;CRISTO REDENTOR;EM CRISTO REDENTOR;AV. PASTEUR, 372
FORTALEZA;94;202;VILA VELHA;EEMTI DONA MARIA MENEZES DE SERPA;RUA DOUTOR QUIXADA FELICIO 141
IRAUÇUBA;41;142;CENTRO-SEDE;CENTRO DE REFERÊNCIA DA EDUCAÇÃO INFANTIL DE IRAUÇUBA - CREII;AV. PAULO BASTOS 837
FORTALEZA;95;91;BARROSO;EEFM PADRE MARCELINO CHAMPAGNAT;RUA DAURA, 120
ICÓ;15;169;LAGOA DOS MILHOMENS - SITIO;ESCOLA MUNICIPAL JOSE ADELAIDE DE CARVALHO;SITIO LAGOA DOS MILHOMENS S/N
FORTALEZA;85;290;ANTÔNIO BEZERRA;EMEIF GERARDO MILTON DE SA;RUA VALE COSTA S/N
PINDORETAMA;7;296;CAPONGA FUNDA - PINDORETAMA;EMEB AURELINA FALCÃO DA SILVA;AV. PEDRO FERREIRA DO NASCIMENTO, 1057
SOBRAL;24;671;RENATO PARENTE;EEEP LYSIA PIMENTEL GOMES;AV. JOHN SANFORD, 1223
UBAJARA;73;150;CACHOEIRA DO BOI MORTO;ESCOLA MANUEL URUÇU;SITIO CACHOEIRA DO BOI MORTO
REDENÇÃO;52;96;DISTRITO DE FAÍSCA;ESCOLA VICENTE FARIAS;OLHO D'ÁGUA DA BANANEIRA
BANABUIÚ;6;426;RINARÉ;EEF JOÃO FERREIRA CUNHA;FERROLANDIA
IPUEIRAS;40;158;ININGAS;ESCOLA DE ENSINO FUNDAMENTAL PEDRO GONÇALVES PEREIRA - ININGAS;ININGAS
FORTALEZA;95;366;JANGURUSSU;EM PROFESSOR FRANCISCO DE MELO JABORANDI;AV. GOVERNADOR LEONEL BRIZOLA, 198
FORTALEZA;95;337;CONJUNTO PALMEIRAS;EMEIEF CÉSAR CALS DE OLIVEIRA NETO;RUA OLIMPIO RIBEIRO, 20
TIANGUÁ;81;34;CENTRO;INSTITUTO EDUCACIONAL DE TIANGUÁ - IET;PRAÇA MONSENHOR MACEDO, 60
ACARAÚ;30;274;BAILARINA;ESCOLA PROF. JOELINA RIBEIRO RAMOS VIANA;RUA NEON SALES SN
CAUCAIA;37;583;NOVO PABUSSU;EEIEF MARIA DOLORES MENEZES DE ALMEIDA;RUA DA CONSOLAÇÃO, 465
ARACATI;8;210;CACIMBA DO POVO;C.E.I. MARIA RODRIGUES PRACA;RUA SAO CRISTOVAO S/N
CHOROZINHO;49;219;CENTRO;CRECHE COMUNITARIA SANTA TEREZINHA;AV RAIMUNDO SIMPLICIO DE CARVALHO SN
PARAMBU;19;324;CENTRO;ESCOLA JOSÉ CARVALHO PINHEIRO;RUA ANTONIO BENÍCIO PINHEIRO, 35
CAUCAIA;37;22;CENTRO;E.E.F. BRANCA CARNEIRO DE MENDONCA;PRACA DA MATRIZ, 666
EUSÉBIO;88;127;MANGABEIRA;EEM MANOEL FERREIRA DA SILVA;RUA ELIEZER PARRIAO, 105 - MANGABEIRA
BEBERIBE;84;123;PARIPUEIRA;ESCOLA MUNICIPAL JOSE ANSELMO DE ALMEIDA;QUATRO BOCAS
JUAZEIRO DO NORTE;119;83;PIRAJA;ESCOLA MARIA AMELIA BEZERRA;AV CASTELO BRANCO SN
CATARINA;60;279;SEDE;CENTRO DE EDUCAÇÃO INFANTIL - CEI;RUA MANOEL TIBURCIO - VILA LAGOINHA
TURURU;17;638;ALTO DA PAZ;EMEF CECILIA SIQUEIRA;AV JOAO PATRICIO 583
CAUCAIA;37;618;ICARAI;EEIEF CELINA SÁ MORAIS;AVENIDA OTAVIADO COSTA, SN
CRUZ;30;233;ZONA RURAL;ESCOLA PEDRO MARQUES DA CUNHA;SOLIDAO
IPUEIRAS;40;1;NOVA FÁTIMA;EEF ANTÔNIO EUFRASINO DE PINHO - NOVA FÁTIMA;NOVA FATIMA
FORTALEZA;116;1;GRANJA LISBOA;CAIC - MARIA ALVES CARIOCA;RUA GUARAREMA 690
POTENGI;68;117;CENTRO;EEFM MENEZES PIMENTEL - SEDE;RUA SEVERINO PAULINO, 230 - BAIRRO SÃO FRANCISCO
ICÓ;15;7;CENTRO - SEDE;CENTRO UNIVERSITÁRIO VALE DO SALGADO;AV. MONSENHOR FROTA, 609
PENTECOSTE;50;174;ACAMPAMENTO;EMTI FRANCISCO SÁ;AVENIDA DR. JOSÉ DE BORBA VASCONCELOS, 672
FORTALEZA;116;483;CONJUNTO CEARÁ II;EM FRANCISCO EDMILSON PINHEIRO;AVENIDA H, 2115, 4A ETAPA
NOVA OLINDA;53;32;CENTRO;SECRETARIA MUNICIPAL DE SAÚDE;RUA ALVIM ALVES, SN
FORTALEZA;80;293;VILA UNIÃO;ESCOLA MUNICIPAL PAPA JOÃO XXIII;AV TREZE DE ABRIL, 545
MORADA NOVA;47;221;PROJETO IRRIGADO;UBS DO CH2 - RAIMUNDO NONATO NOGUEIRA FREIRE;CH2
PACATUBA;57;233;VILA DAS FLORES;EEIEF MANOEL ROSENDO FREIRE;RUA 17, 11
RUSSAS;9;122;FLORES;ESCOLA MUNICIPAL SAO GERARDO;RAMAL DE FLORES
FORTALEZA;80;173;FÁTIMA;CENTRO EDUC. DA JUV. PE. JOÃO PIAMARTA - AGUANAMBI;AV. AGUANAMBI, 2479
JATI;70;387;CARNAUBA-SEDE;PONTO DE APOIO À SAUDE ANTONIO JOSÉ DA SILVA;VILA CARNAUBA
PACAJUS;49;298;ALDEIA PARQUE;EEF ALICE FERNANDES LOPES;RUA JOSÉ DOS SANTOS GIRÃO OLIVEIRA SN
SENADOR SÁ;45;135;ZONA RURAL;EEF ZILDA OLIVEIRA AGUIAR;DISTRITO DE SERROTA
MULUNGU;5;135;CENTRO-SEDE;EEMTI PROFESSOR MILTON FACANHA ABREU;PRACA COLETOR BEZERRA BORGES 292
TAUÁ;19;140;DISTRITO - SEDE;ASSOC AÇÃO E CIDADANIA RIACHO FUNDO (ANT GE CARLOS ALBUQUERQUE LIMA);RIACHO FUNDO
ARARIPE;68;37;DISTRITO RIACHO GRANDE;ESCOLA MUNICIPAL DAVI CUSTÓDIO DE OLIVEIRA - RIACHO GRANDE;RUA SAO FRANCISCO S/N
CARIRÉ;65;45;ZONA RURAL;E.E.I.E.F. MANOEL ALVES DE ALMEIDA;RABO BRANCO, S/N
FORTALEZA;94;688;ANTÔNIO BEZERRA;CEJA - EUDES VERAS;AV. DEMÉTRIO MENEZES, 130
NOVO ORIENTE;99;14;CENTRO;EEIF OTÁVIO RODRIGUES CAVALCANTE;RUA SAO FRANCISCO S/N
TIANGUÁ;81;53;CENTRO;E.E.M.T.I. MONSENHOR AGUIAR;RUA TEÓFILO RAMOS, 553
SANTA QUITÉRIA;54;36;CENTRO;CRECHE GERACINA LÔBO DE MESQUITA;RUA MONSENHOR FURTADO, 474.
FORTALEZA;94;329;VILA VELHA;EM ANTONIO CORREIA LIMA;RUA HERMES PARAYBA, 934
BARREIRA;52;101;CENTRO;ESCOLA FRANCISCA AMÉLIA DA SILVA;AV MÃE SINFOROSA, SN
FORTALEZA;83;731;HENRIQUE JORGE;EEMTI ANTONIETA SIQUEIRA;RUA GUARANI 04
FORTALEZA;80;225;JOAQUIM TÁVORA;EEFM PADRE ROCHA;RUA CEL ALVES TEIXEIRA 525
FORTALEZA;85;316;GENIBAÚ;ESCOLA MUNICIPAL DEP MURILO AGUIAR;RUA 24 DE OUTUBRO 655
MORRINHOS;44;178;DISTRITO DE SITIO ALEGRE;EMEF MARIA LENILDA DE SOUZA;SITIO ALEGRE
ACARAÚ;30;297;CENTRO;CVT - CENTRO VOCACIONAL TECNOLOGICO;AV. JOSÉ GIFFONI DA SILVEIRA, 1000
GRAÇA;79;150;CENTRO-SEDE;EEF PROF. MARIA DO AMPARO SOUSA;CONJ. HABITACIONAL 15 DE ABRIL
IBIAPINA;73;21;CENTRO;CENTRO DE SAÚDE FRANCISCO MÁRCIO FERNANDES;RUA VENCESLAU SOARES S/N
FORTALEZA;85;356;DOM LUSTOSA;EEFM AYRTON SENNA DA SILVA;RUA MANAUS, 855
SANTA QUITÉRIA;54;232;VILA SÃO DAMIÃO;ESCOLA MUNICIPAL FRANCISCO DE ASSIS PARENTE;VILA SÃO DAMIÃO
FORTALEZA;112;559;CIDADE DOS FUNCIONÁRIOS;COLÉGIO DÁULIA BRINGEL;RUA TRAJANO ALVES DE AGUIAR, 55
FORTALEZA;82;427;MONTE CASTELO;EM LENIRA JUREMA DE MAGALHÃES;RUA TEÓFILO GURGEL, 111
FORTALEZA;82;487;CARLITO PAMPLONA;FEDERAÇÃO DO MOVIMENTO COMUNITÁRIO DO PIRAMBU - FEMOCOPI;AV. PRES. CASTELO BRANCO, 2709
TABULEIRO DO NORTE;91;51;CENTRO;EEI RAQUEL MONTEIRO CHAVES;RUA ACELINO MAIA, 3873
PARACURU;109;98;MURITI;E. M. E. I. F. MANUEL GERALDO LOPES;RUA PRINCIPAL, S/N
MARACANAÚ;104;197;JEREISSATI II;EMEIEF GENCIANO GUERREIRO DE BRITO;AVENIDA XII, N 3
MILHÃ;55;62;CENTRO;EEFM EUCLIDES PINHEIRO DE ANDRADE;RUA JOAQUIM NEMESIO 119
BOA VIAGEM;63;52;IPIRANGA;EEF MANOEL GENUINO VIEIRA;IPIRANGA
PACOTI;5;188;CENTRO-SEDE;EEFM ESCOLA MENEZES PIMENTEL;RUA DUARTE HOLANDA 573
QUIXERÉ;29;209;SEDE;CENTRO EDUC. CENECISTA IMACULADA CONCEIÇÃO;RUA JOAQUIM MOREIRA 260
SOBRAL;24;502;JORDÃO;ANEXO JOSE DE LOURDES VASCONCELOS (CONTENDAS);LOCALIDADE CONTENDAS
SOBRAL;24;557;PADRE PALHANO;EEFI MARIA JOSE FERREIRA GOMES;RUA PRESIDENTE JUSCELINO KUBITSCHEK, S/N
QUIXERÉ;29;229;AGUA FRIA;EEB ANTONIO MOREIRA DE FREITAS;AGUA FRIA
PEREIRO;10;150;SITIO LAGOA NOVA;ESCOLA MUNICIPAL DO 1 GRAU MARIA DAS GRACAS NOGUEIRA;SITIO LAGOA NOVA
FORTALEZA;94;919;VILA VELHA;CEI MARISTELA DA FROTA CAVALCANTE;AV. L, N. 1000
LIMOEIRO DO NORTE;29;186;ÁREA RURAL;CRECHE DA CABEÇA PRETA;SITIO CABECA PRETA
FORTALEZA;1;887;ALDEOTA;COLEGIO ARI DE SA - MONSENHOR CATAO;RUA MONSENHOR CATAO, 1655
JUAZEIRO DO NORTE;119;406;ANTONIO VIEIRA;ESCOLA PREFEITO ANTONIO CONSERVA;CONSTRUTOR JOSE SABINO SN
FORTALEZA;95;169;PARQUE SANTA MARIA;EEMTI POETA OTACILIO COLARES;RUA JORGE DA VEIGA, 265
CEDRO;13;557;JARDIM AFONSO CELSO;ESCOLA DE ENS FUND E MEDIO ESTEFANIA DA SILVA;R JOAQUIM MARQUES SN
GUARACIABA DO NORTE;74;138;DISTRITO;EEF MANOEL BANDEIRA DE MOURA (ESCOLA NOVA DA MARTINSLÂNDIA);MARTINSLANDIA
SOLONÓPOLE;55;13;CENTRO;PREDIO CASA DO IDOSO;RUA ANTONIO VALTERNO NOGUEIRA
FORTALEZA;95;231;CONJUNTO PALMEIRAS;CEI PROFA. ANA MARIA MEDEIROS DA FONSECA;AV. CASTELO DE CASTRO, 2900
FORTALEZA;95;269;BARROSO;EM SINÓ PINHEIRO;RUA 14, 151 (CJ JOAO PAULO II)
TIANGUÁ;81;319;LAURÃO;E.E.I.F. FREI GERVÁSIO;RUA ALBERCY NOGUEIRA DE VASCONCELOS , SN
FORTALEZA;95;253;BARROSO;EMEIEF OTAVIO DE FARIAS;RUA JOAO FERREIRA, S/N
TIANGUÁ;81;143;LAURÃO;COLÉGIO SANTA MARIA;RUA ASSEMBLÉIA DE DEUS, 1070
QUIXELÔ;13;317;ÁREA RURAL DE QUIXELÔ;ESCOLA DE ENS FUND MANOEL JOAQUIM DO NASCIMENTO;POCO DA PEDRA -SITIO
IPUEIRAS;40;150;ENGENHEIRO JOÃO TOMÉ;EEF NOEMI VASCONCELOS - ENGENHEIRO JOÃO TOMÉ;RUA DOUTOR BRANDÃO, S/N
FORTALEZA;94;24;QUINTINO CUNHA;EEF JESUS, MARIA E JOSE;RUA DA MANGUEIRA 134
AMONTADA;89;149;GOSTOSA;EEB JOSE COELHO DE MORAIS;SITIO TRINTA E NOVE
FORTALEZA;116;413;BONSUCESSO;EM MARIA DO SOCORRO ALVES CARNEIRO;RUA LUIS VIEIRA 1020
MORAÚJO;64;120;CENTRO;MORAÚJO - CEI RAIMUNDA MACÁRIO;TRAVESSA JOSÉ ALEXANDRE, S/N - CENTRO
ERERÉ;10;124;CAIXA D'AGUA;E.E.F 4 DE JUNHO;RUA JOSÉ PESSOA DE QUEIROZ, S/N
PACOTI;5;176;CENTRO-SEDE;INSTITUTO MARIA IMACULADA;RUA IRMA FERRAZ 518
ARACATI;8;112;LAGOA DO TEODOSIO;E.E.F. JOSE NONATO;LAGOA DO TEODOSIO
IPUEIRAS;40;129;AMÉRICA;ESCOLA DE ENSINO FUNDAMENTAL MARIANO MARINHO DE OLIVEIRA - AMÉRICA;AMÉRICA
FORTALEZA;93;188;PLANALTO AYRTON SENNA;EM MARIA ZELIA CORREIA DE SOUSA;RUA ANTONIO PEREIRA,1495
IPU;21;17;CENTRO;COLEGIO IPUENSE;RUA ANTONIO MEMORIA, 1166
ITAPAJÉ;41;79;BAIXA GRANDE;ESCOLA MUNICIPAL CANDIDO PINTO DE MESQUITA;BAIXA GRANDE
PORTEIRAS;70;304;VIEIRA GRANDE-SEDE;E E I F FRANCISCO XAVIER DE SOUSA;SITIO VIEIRA GRANDE
JUCÁS;43;65;MEL - VILA;ESCOLA DE 1 GRAU ANTONIO JOSE DE MELO;RUA ANTONIO JOSE DE MELO S/N
MARACANAÚ;122;123;SIQUEIRA (siqueira 2);EMEF FRANCISCO TABOZA FILHO;AV. JUSCELINO KUBITSCHEK 1941
MARACANAÚ;104;8;CENTRO;EEM TENENTE MÁRIO LIMA;RUA FRANCISCO FIRMINO, 293
ITATIRA;33;171;CENTRO;EEFM ANTONIO SABINO GUERRA;RUA DR CLODOALDO PINTO SN
SANTANA DO CARIRI;53;49;COBRAS;CAPELA DE SANTO ANTONIO;SÍTIO COBRAS, SN
BARROQUINHA;108;77;CENTRO;EEF FRANCISCO BENÍCIO DE VASCONCELOS;AV. MARIA DIAMANTINA VERAS S/N
FORTALEZA;80;425;DIONISIO TORRES;ASSEMBLÉIA LEGISLATIVA - UNIVERSIDADE DO PARLAMENTO CEARENSE;RUA BARBOSA DE FREITAS, 2674
ITAPIPOCA;17;234;IPU MAZAGÃO;EEB FRANCISCA PINTO MARQUES;IPU MAZAGAO
PACUJÁ;79;185;CENTRO;E.E.I.F. CORIOLANO ALVES DE BRITO;AV. CORIOLANO ALVES DE BRITO, S/N
CEDRO;13;512;PRADO;IFCE-INSTITUTO DE EDUCAÇÃO, CIÊNCIA E TECNOLOGIA DO CEARÁ;RUA ALAMEDA JOSÉ QUINTINO, S/N
GUAIÚBA;57;144;BAU;ESCOLA DE 1 GRAU MARIA DE LOURDES PEREIRA;RUA JOSE DE CASTRO PEREIRA, 903
FORTALEZA;115;118;MARAPONGA;DETRAN;AV GODOFREDO MACIEL, 2900
LIMOEIRO DO NORTE;29;156;ÁREA RURAL;ESCOLA DE 1 GRAU ANTONIO ALONSO DE OLIVEIRA;SITIO GENIPAPEIRO
BANABUIÚ;6;411;SITIÁ;POSTO DE SAÚDE CARLINDA SARAIVA RABELO;BEIRA RIO
FORTALEZA;115;89;SERRINHA;COLEGIO DUQUE DE CAXIAS;RUA  PERU, 1675
JAGUARIBE;10;47;DISTRITO DE FEITICEIRO;E.E.M. MILITANA PAES;RUA TOME DA FROTA 93
CANINDÉ;33;477;CAMPINAS;CENTRO DE EDUCAÇÃO INFANTIL ZILDA HOLANDA;CAMPINAS
PENTECOSTE;50;153;SÃO PEDRO;EEIF PROFª. Mª GLAUCINEIDE FIRMIANO DA SILVA;AVENIDA PRESIDENTE JUSCELINO KUBITSCHEK, 703
GUAIÚBA;57;53;CENTRO;EEBM JOSE CABRAL DE ARAUJO;RUA PEDRO AUGUSTO 91
PARAIPABA;109;170;SETOR C2;EMEIF EDMUNDO PEREIRA BARBOSA;PROJETO IRRIGADO DO CURU - SETOR C2
SANTANA DO ACARAÚ;44;179;SAPO DE BAIXO;CENTRO COMUNITÁRIO JOSÉ PATRIARCA CARNEIRO;SAPÓ DE BAIXO
MARANGUAPE;4;138;CENTRO - MARANGUAPE;EMEF CAPISTRANO DE ABREU;RUA CEL ANTÔNIO BOTELHO, 366
IPU;21;128;ZONA RURAL;UBS JOÃO BATISTA DE AZEVEDO;SÃO JOSÉ DOS MARTINS
FORTALEZA;118;630;SERRINHA;ESCOLA EVANGELICA MONTE SINAI;RUA BRUNO VALENTE, 847
FORTALEZA;93;318;PLANALTO AYRTON SENNA;EMEIEF JORNALISTA DURVAL AYRES;RUA DO SOL, I, N. 522
QUIXADÁ;6;261;ALTO SÃO FRANCISCO;EEMTI GOVERNADOR CÉSAR CALS DE OLIVEIRA FILHO;AV. JUSCELINO KUBITSCHEK, 385
SOBRAL;24;429;JAIBARAS;EEFI LEONILIA GOMES PARENTE;RUA SANTA TEREZINHA
SOBRAL;24;116;PADRE PALHANO;EEFI MARIA JOSE FERREIRA GOMES;RUA PRESIDENTE JUSCELINO KUBITSCHEK, S/N
MISSÃO VELHA;16;3;MISSAO NOVA;CENTRO DE EDUCACAO RURAL PEDRO RAIMUNDO DA CRUZ - CERU;DISTRITO DE MISSAO NOVA
ACARAPE;52;178;CANTAGALO;ESCOLA ANTÔNIO CORREIA DE CASTRO;CARRO ATOLADO
PACAJUS;49;206;LIMOEIRO;EEF LIMOEIRO;LOCALIDADE LIMOEIRO
TABULEIRO DO NORTE;91;73;CENTRO;ESCOLA  ANTÔNIO ALVES MAIA;RUA CEL. PIO GADELHA, 4683
TIANGUÁ;81;177;SANTO ANTÔNIO;E.E.F. PROFª. ESTER DE AGUIAR MENEZES;RUA CORONEL JOÃO DAMASCENO, S/N
FORTALEZA;95;87;BARROSO;EEFM PADRE MARCELINO CHAMPAGNAT;RUA DAURA, 120
FORTALEZA;114;317;JARDIM IRACEMA;EM JESUS CRISTO;RUA ALBERTO FERREIRA, 564
FORTALEZA;3;114;JACARECANGA;COLÉGIO ESTADUAL LICEU DO CEARÁ;PRAÇA GUSTAVO BARROSO, 01
FORTALEZA;3;380;ALDEOTA;UNICHRISTUS ALDEOTA;RUA VISCONDE DE MAUÁ, 1940
JAGUARETAMA;72;1;CENTRO;ESCOLA PRIMEIRO GRAU DR RAUL BARBOSA (CRECHE CHAPEUZINHO VERMELHO);RUA RIACHO DO SANGUE, 599
ITAPIÚNA;105;119;CENTRO;EEF DEMOCRITO ROCHA;RUA SAO FRANCISCO SN
ITAITINGA;78;259;PARQUE DOM PEDRO;EEF MANOEL FERREIRA GOMES;RUA D, 636
JIJOCA DE JERICOACOARA;30;256;CENTRO;ESCOLA JOSE DIONISIO DE SOUSA;RUA RAIMUNDO ALEXANDRE 330
MILAGRES;26;81;CASA PROPRIA;ESCOLA MARIETA CALLS;AV SANDOVAL LINS S/N
IRAUÇUBA;41;220;GIL BASTOS;EMEF GIL BASTOS;RUA NOVA, S/N
LIMOEIRO DO NORTE;29;26;SOCORRO;CASA DE MARIA;SITIO SOCORRO
COREAÚ;64;128;São Miguel;COREAÚ - ESCOLA MUN. NOSSA SRA. DA PAZ;RUA SÃO MIGUEL, S/N - SÃO MIGUEL
CRATO;27;286;PONTA DA SERRA;EEIEF VITURINO DA COSTA VILAR;RUA VITORINO DA COSTA VILAR, SN. SÍTIO MALHADA
CASCAVEL;7;248;CAPONGA;ESC.ENS.FUND. JOÃO BERNARDO FILHO;CAMURIM
PARAMOTI;111;137;CENTRO;EMEF BELA VISTA;AV JOAQUIM VIEIRA, 22
QUIXERÉ;29;232;SEDE;EEB MANOEL GONCALVES DE SOUSA;SITIO LEAO
TEJUÇUOCA;41;298;UMARI;ESCOLA DE ENSINO INFANTIL E FUNDAMENTAL SAGRADA FAMILIA;UMARI
CRATEÚS;20;119;PLANALTO;EEMTI GOV. GONZAGA MOTA;RUA DR. JÚLIO LIMA, 2194
FORTALEZA;94;902;VILA VELHA;EM ANTONIO CORREIA LIMA;RUA HERMES PARAYBA, 934
FORTALEZA;116;128;GRANJA PORTUGAL;EEFM PROF JOCIE CAMINHA DE MENEZES;RUA ITU 120
TARRAFAS;18;135;ZONA RURAL;ESCOLA DE 1O. GRAU RICARTE PEDRO DO CARMO;SITIO PATOS - ZONA RURAL
SENADOR POMPEU;12;93;SAO JOAQUIM;EEIEF ANTONIO JACOB FILHO;SAO JOAQUIM DE BAIXO
ALCÂNTARAS;24;423;BELA VISTA;EEF INOCÊNCIA ALCÂNTARA FREIRE;RUA MONSENHOR FURTADO SN
SÃO GONÇALO DO AMARANTE;36;51;CENTRO;ESCOLA DE ENSINO MÉDIO EM TEMPO INTEGRAL ADELINO CUNHA ALCANTARA;RUA CORONEL NECO MARTINS 220 - SEDE
SANTA QUITÉRIA;54;242;PEREIROS;E. E. F. DEPUTADO CHICO FIGUEREDO;RUA EDSON LOBO DE MESQUITA
CHOROZINHO;49;125;PATOS DOS LIBERATOS;EEF LUIS LIBERATO DE CARVALHO;LOCALIDADE PATOS DOS LIBERATOS
IPUEIRAS;40;107;CENTRO;ESCOLA DE ENSINO FUNDAMENTAL PADRE ANGELIM - CENTRO;RUA CORONEL MANOEL MOURÃO, SN
SANTA QUITÉRIA;54;228;PEREIROS;E. E. F. DEPUTADO CHICO FIGUEREDO;RUA EDSON LOBO DE MESQUITA
URUBURETAMA;23;51;CENTRO;EEF LEONOR ROCHA E SILVA;RUA JOAO DA CRUZ MENEZES 100
AMONTADA;89;145;MOSQUITO;EEBTI PROF VALTER RIBEIRO DE MELO;MOSQUITO
FORTALEZA;116;4;GRANJA LISBOA;CAIC - MARIA ALVES CARIOCA;RUA GUARAREMA 690
FORTALEZA;113;433;MONTESE;ESCOLA MUNICIPAL VICENTE FIALHO;RUA IRMA BAZET, 193
MARACANAÚ;104;177;PAJUÇARA;EMEF LUIZ GONZAGA DOS SANTOS;RUA PEDRO BATISTA, 110
MARACANAÚ;104;398;JARDIM BANDEIRANTES;EMEF EVANDRO AYRES DE MOURA;RUA SÃO SEBASTIÃO, 341
TRAIRI;97;44;EMBOACA;EEF NOSSA SENHORA DA SAUDE;EMBOACA
GROAÍRAS;65;204;CENTRO;EEF PROFESSORA NOELIA XIMENES PARENTE;RUA MAJOR ARAUJO 960
CARNAUBAL;22;13;FAVEIRA;CEI ANTONIA DE PADUA COSTA MONTEIRO;FAVEIRA
GUARACIABA DO NORTE;74;69;DISTRITO;ESCOLA DE ENS FUND JOSE GERARDO COELHO - SUSSUANHA;SUSSUANHA
FORTALEZA;93;281;PLANALTO AYRTON SENNA;EM PROFESSORA IRENE DE SOUZA PEREIRA;RUA PARQUE UMARI, 100
FORTALEZA;3;219;CENTRO;FAC. ESTÁCIO - UNIDADE CENTRO (ANTIGO COLÉGIO CEARENSE);AV. DUQUE DE CAXIAS, 101
BATURITÉ;5;42;MONDEGO-SEDE;CENTRO DE REFERÊNCIA EM ASSISTÊNCIA SOCIAL - CRAS;RUA MAJOR PEDRO CATÃO, 159
MILAGRES;26;23;MISSIONÁRIAS;ESCOLA DONA ANTONIA LINDALVA DE MORAIS;RUA PALMERINDO MENDONCA S/N
FORTALEZA;1;840;MANUEL DIAS BRANCO;COLÉGIO CÍVICO MILITAR BATALHA DO RIACHUELO;R. E, 100 - MANUEL DIAS BRANCO
MOMBAÇA;46;86;BOA VISTA;UNIDADE BÁSICA DE SAÚDE ANÍSIO MENDES CAVALCANTE;RUA JOÃO MENDES - DISTRITO DE BOA VISTA
IPU;21;104;SEDE;EEMTI DELMIRO GOUVEIA;AV MILTON CARVALHO 1171 - CAIXA DAGUA
FORTALEZA;95;158;CONJUNTO PALMEIRAS;EM MARIETA CALS;RUA VALPARAISO, 160
IPUEIRAS;40;35;NOVA FÁTIMA;EEF FRANCISCO RIBEIRO LOPES - NOVA FÁTIMA;NOVA FÁTIMA
HORIZONTE;78;123;QUEIMADAS;EEM QUILOMBOLA ANTÔNIA RAMALHO DA SILVA;RUA MARIA JOSÉ NOGUEIRA, 2255 - QUEIMADAS
FARIAS BRITO;62;214;LAGOA SECA;EEF DUQUE DE CAXIAS;POVOADO LAGOA SECA - DISTRITO DE QUINCUNCÁ
FORTALEZA;1;342;CAIS DO PORTO;ESCOLA DE GASTRONOMIA SOCIAL IVENS DIAS BRANCO;RUA MANUEL DIAS BRANCO,80
MARANGUAPE;4;71;AMANARI;EMEIEF CRISTOVÃO COLOMBO;PEDRA D'ÁGUA
QUIXADÁ;6;286;JUATAMA;EEF RENATO DE ARAÚJO CARNEIRO;RUA FRANCISCO MOREIRA DE SOUZA,1324
GRAÇA;79;144;CENTRO-SEDE;EEF PROF. MARIA DO AMPARO SOUSA;CONJ. HABITACIONAL 15 DE ABRIL
GRAÇA;79;168;SITIO BARRO VERMELHO;GRUPO ESCOLAR JOAO LOPES DE CARVALHO;SITIO BARRO VERMELHO
JIJOCA DE JERICOACOARA;30;205;ZONA RURAL;ESCOLA NOSSA SENHORA DA CONSOLACAO;NOVO JERI S/N - JERICOACOARA
MONSENHOR TABOSA;61;150;CENTRO;E.M.E.F.T.I LUIZ LEITAO;AVENIDA PESSOA PIRES  2
FORTALEZA;112;525;ENGENHEIRO LUCIANO CAVALCANTE;ESCOLA ESTADUAL DE EDUCAÇÃO PROFISSIONAL JAIME ALENCAR DE OLIVEIRA;AV ROGACIANO LEITE, 2285
CAPISTRANO;105;22;CENTRO;ACADEMIA DA SAÚDE;RUA JOSÉ SARAIVA SOBRINHO
VÁRZEA ALEGRE;62;114;DISTRITO DE NARANIU;EEF JOAQUIM ANTONIO DE ARAÚJO;SÍTIO MUNDO NOVO
PARACURU;109;219;CAMPO DE SEMENTE;E. M. E. I. F. JOSE FERREIRA DA SILVA;RUA N. S. DO AMPARO, S/N
QUIXERAMOBIM;11;28;URUQUE;ASSOCIACAO COMUNITARIA DE LAGOA DE SAO MIGUEL;LAGOA DE SAO MIGUEL
TAMBORIL;61;29;DISTRITO DE SUCESSO;EMTI SÃO SEBASTIÃO;VILA NOVA ROMA
NOVA OLINDA;53;88;CRUZEIRO;EEF PADRE CRISTIANO COELHO;AV. JEREMIAS PEREIRA S/N
BARRO;92;14;CENTRO-SEDE;ESCOLA DE 1 GRAU SOCORRO FALCAO;RUA MAJOR JANUARIO S/N
FORTALEZA;118;598;DIAS MACEDO;EMEF PROFESSOR JOAO HIPPÓLYTO DE AZEVEDO E SÁ;RUA 03 N. 88 RESIDENCIAL NAPOLEAO VIANA
FORTALEZA;80;225;JOAQUIM TÁVORA;EEFM PADRE ROCHA;RUA CEL ALVES TEIXEIRA 525
APUIARÉS;50;24;CENTRO;CEI SEBASTIANA PEREIRA MARINHO - MÃE SÉ;AVENIDA GOMES DA SILVA, S/N
SANTANA DO ACARAÚ;44;106;CHORA;EEF FRANCISCO MARQUES DA ROCHA;CHORA
SANTANA DO ACARAÚ;44;50;RETIRO;EEIF PADRE SEVERIANO;RUA DR MANOEL JOAQUIM   S/N
TAUÁ;19;209;BEZERRA E SOUZA;CENTRO DE EDUCAÇÃO, CIÊNCIAS E TECNOLOGIA - CECITEC;RUA SOLON MEDEIROS, S/N - BR 020
REDENÇÃO;52;106;DISTRITO DE BARRA NOVA (ANTIGO SÃO GERARDO);ESCOLA LUIS DIAS DAMASCENO;BARRA NOVA
PACAJUS;49;335;CROATA II;EEF JOÃO RONALDO MATIAS;RUA MARIA IDENIA LOPES DO NASCIMENTO, 105 - ÁREA VERDE
UMARI;15;205;CENTRO - SEDE;ESCOLA DE ENSINO MÉDIO MONSENHOR MANOEL CARLOS DE MORAIS;RUA DOM QUINTINO 289
MASSAPÊ;45;93;ZONA RURAL;GEM BRAS SATIRO;SITIO RIACHO FUNDO
FORTALEZA;113;413;VILA UNIÃO;COLÉGIO ART E MANHA;RUA SÃO MATEUS, 1020
JUAZEIRO DO NORTE;28;102;PIO XII;EMTI FIGUEIREDO CORREIA;PRACA DA CONCEICAO S/N
BREJO SANTO;70;250;RENE LUCENA;E E F HISTORIADOR PADRE ANTONIO GOMES DE ARAÚJO;RUA PEDRO NICODEMOS DE ARAUJO S/N
ICAPUÍ;8;131;CENTRO;EEF. PROFESSORA MIZINHA;AV. 22 DE JANEIRO 5183
MAURITI;76;15;SAO MIGUEL-DISTRITO;CRECHE ARCO-IRIS;RUA DOS PEREIRAS, S/N
PACATUBA;57;63;MONGUBA;EEF MARIA DE SA RORIZ;RODOVIA CE 060 KM 15
CARIRIAÇU;71;140;JOSÉ AGOSTINHO;EEF MARIA FLOSCOELE MACHADO LACERDA;RUA FRANCISCO BARROS SOBRINHO, 40
ICÓ;15;33;CENTRO - SEDE;CEJA - ANA VIEIRA PINHEIRO;RUA DONA ALDERY, 324
CAUCAIA;37;157;CUMBUCO;E.E.F. HELENA DE AGUIAR DIAS;AV DOS COQUEIROS, S/N
CAUCAIA;37;9;CENTRO;C.S.U. EDSON DA MOTA CORREA;RUA JOSE DE PONTES, 2671 - AÇUDE
ALTO SANTO;86;77;JARDIM;ESCOLA DE 1 GRAU PROFESSORA MARIA DO SOCORRO MAIA;CONJUNTO HABITACIONAL FRANCISCO WILKER CAMPELO S/N
BARRO;92;3;CENTRO-SEDE;CAMARA MUNICIPAL;PRACA GREGORIO FEITOSA S/N
FORTALEZA;117;198;PARQUE PRESIDENTE VARGAS;COLÉGIO CASTRO ALVES;RUA TULIPA NEGRA, 2319
ALCÂNTARAS;24;15;VENTURA;EEFI FRANCISCO REINALDO DE MARIA;VENTURA
CANINDÉ;33;265;ZONA RURAL;EMEF FRANCISCO JOSE;RUA FRANCISCO JOSE, S/N CAIÇARA
FORTALEZA;118;607;MONDUBIM;EM CASIMIRO MONTENEGRO;AV. BERNARDO MANUEL, 11360
ASSARÉ;18;56;CENTRO;ESCOLA DE ENSINO FUNDAMENTAL RAUL ONOFRE;RUA PADRE EMILIO CABRAL SN     ASSARE
IPUEIRAS;40;101;CENTRO;COLEGIO ESTADUAL OTACÍLIO MOTA - CENTRO;RUA CORONEL MANOEL MOURÃO, 389
FORTALEZA;116;292;GRANJA LISBOA;EM DOM LUSTOSA;RUA GERALDO BARBOSA 3901
FORTALEZA;116;175;GRANJA PORTUGAL;EM IRMÃ ROCHA - ANEXO;RUA EMILIO DE MENEZES S/N
TIANGUÁ;81;157;ÁREA RURAL DE TIANGUÁ;CENTRO DE EDUCAÇÃO BÁSICA BENJAMIN DAMASCENO E VASCONCELOS;SÍTIO CROATÁ
TAUÁ;19;233;MARRECAS;ESCOLA MANOEL LUIS DE OLIVEIRA;RIACHO DOS CAVALOS
TAUÁ;19;270;BEZERRA E SOUZA;EEF MARIA DO LIVRAMENTO BARRETO DA COSTA LEITAO;RUA PEDRO MATIAS DE VASCONCELOS SN
MARACANAÚ;122;50;ALTO DA MANGUEIRA;EEF ALBANIZA ROCHA SARASATE;TRAVESSA ANTONIO JUSTA S/N
JIJOCA DE JERICOACOARA;30;406;ZONA RURAL;ESCOLA JOSÉ BRANDÃO DE ALBUQUERQUE;CORREGO PERDIDO
INDEPENDÊNCIA;39;169;VARZEA DA CACIMBA;E.E.F. BENTO DE JESUS SARMENTO;VARZEA DA CACIMBA
MAURITI;76;5;SERRINHA;CENTRO EDUCACIONAL DE MAURITI;RUA JOSÉ LEITE DA COSTA, 629
MORRINHOS;44;168;OLHEIRO / SANTA FÉ;EEIEF ANTÔNIO FERREIRA SALES;LOCALIDADE SANTA FÉ
PINDORETAMA;7;235;SITIO EMA - PINDORETAMA;EMEB RAIMUNDA ALBANO DE LIMA;RUA LUIZ GONZAGA DA SILVA, S/N, SITIO EMA
MAURITI;76;34;PALESTINA DO CARIRI-DISTRITO;EEF OSSIAN ARARIPE;VILA DNOCS
TAUÁ;19;413;MARRECAS;ESCOLA ELIZEU MENEZES DA COSTA;ASSENTAMENTO BONIFACIO
INDEPENDÊNCIA;39;3;CENTRO;E.E.F. ABIGAIL ANTUNES MARQUES;RUA DO CRUZEIRO, 208
FORTALEZA;117;195;PARQUE SÃO JOSÉ;EEFM IRMAO URBANO GONZALEZ RODRIGUEZ;RUA CONEGO DE CASTRO, 4055
NOVO ORIENTE;99;15;CENTRO;EEIF OTÁVIO RODRIGUES CAVALCANTE;RUA SAO FRANCISCO S/N
TAMBORIL;61;76;DISTRITO DE SUCESSO;APOIO UNIDADE DE SAÚDE - RAIMUNDO CAMELO ROSA;VILA ORIENTE
PACAJUS;49;139;CONJUNTO COHAB;EEF MARIA VALCIRA NUNES NOGUEIRA;AV TEREZINHA LOPES MARTINS 34
TABULEIRO DO NORTE;91;85;LAGOINHA;ASSOCIAÇÃO DE MORADORES DA LAGOINHA;SITIO LAGOINHA
FORTALEZA;82;378;MONTE CASTELO;EM PROFESSOR MARTINZ DE AGUIAR;RUA BERNARDO PORTO, 470
BOA VIAGEM;63;112;FLORESTA;EEF JOSE ADAUTO SALES;ROD. PRES. JUSCELINO KUBITSCHEK, S/N
PACAJUS;49;384;CENTRO;EEF ARACY GONZAGA DA SILVA;RUA CORONEL CICERO NOGUEIRA DE QUEIROZ 827
MARANGUAPE;4;80;TANGUEIRA - MARANGUAPE;EMEIEF ANTÕNIO DE ABREU;RUA DEMETRIO FERREIRA , 372
NOVO ORIENTE;99;57;ZONA RURAL;EEF MARCELINO TAVARES;OLHO D'ÁGUA
UBAJARA;73;177;SÍTIO SANTA LUZIA;ESCOLA EUDES SOARES CUNHA - SANTA LUZIA;SITIO SANTA LUZIA
FORTALEZA;95;109;JANGURUSSU;CEI PROFESSOR JOSÉ DE RIBAMAR MORAES;RUA CATOLÉ, S/N, CONJUNTO SÍTIO SÃO JOÃO
CAMOCIM;32;35;CENTRO;INSS;RUA DA INDEPENDÊNCIA, S/N
TURURU;17;671;PÉ DA SERRA / ZONA RURAL;EMEF CECI DE SOUSA ALVES;LOCALIDADE DE PE DA SERRA
FORTALEZA;85;348;CONJUNTO CEARÁ I;EMTI PROF PRISCO BEZERRA;AVENIDA F , 174
FORTALEZA;85;125;AUTRAN NUNES;EMEIF AUTRAN NUNES;RUA PROFESSOR VIRGILIO MORAIS SN
FORTALEZA;118;350;PARQUE DOIS IRMÃOS;CEI FRANCISCA RODRIGUES DE SOUSA;RUA MAJOR TELÉSFORO S/N
MULUNGU;5;130;CENTRO-SEDE;EMEF HERMENEGILDO ROCHA PONTES;RUA SANTA INES S/N
SÃO LUÍS DO CURU;23;330;MELANCIA DOS TABOSA-POVOADO;E.E.F. PEDRO TABOSA BARROSO;MELANCIA DOS TABOSA  - POVOADO
PACAJUS;49;221;CENTRO;EEFM NUNES MORAES (SEDE 2);RUA DOS EXPEDICIONÁRIOS, 495 - CENTRO
RUSSAS;9;123;SERRA DO VIEIRA;ESCOLA MUNICIPAL RAIMUNDO GURGEL DE LIMA;SERRA DO VIEIRA
FORTALEZA;115;382;PARANGABA;EEMTI GENERAL EUDORO CORREA;RUA JULIO BRAGA 101
QUIXADÁ;6;210;CENTRO;COLÉGIO SAGRADO CORACÃO DE JESUS;TRAVESSA JOSE DE BARROS,1200
FORTALEZA;112;498;CIDADE DOS FUNCIONÁRIOS;COLEGIO MASTER SUL;RUA BENJAMIM MOURA, 631
SOBRAL;121;325;COHAB II;ESCOLA PROF. MARIA DAS GRAÇAS TEIXEIRA PONTES;RUA ENG. JOSE FIQUEIREDO, 530
ITATIRA;33;259;ZONA RURAL;EMEF JOSE PESSOA DE CARVALHO;LOCALIDADE QUEIMADA DA ONCA I
CATARINA;60;238;SEDE;EEF MANOEL GARCIA DA SILVA;SAO FRANCISCO
JUAZEIRO DO NORTE;28;127;SALESIANOS;EMEIF VEREADOR ANTONIO FERNANDES COIMBRA;FISCAL JOSE ISIDORO SN
FORTALEZA;112;128;ENGENHEIRO LUCIANO CAVALCANTE;ESCOLA DE ENSINO MÉDIO EM TEMPO INTEGRAL JOHNSON;RUA GONTRAN GIFFONI, 461
PARAMBU;19;291;MONTE SION;ESCOLA AMÂNCIO SIQUEIRA ROSA;RUA DA PAZ, 49
BEBERIBE;84;90;CENTRO;ESCOLA MUNICIPAL DESEMBARGADOR PEDRO DE QUEIROZ;RUA JOSE BESSA 561
BREJO SANTO;70;321;RENE LUCENA;E E F HISTORIADOR PADRE ANTONIO GOMES DE ARAÚJO;RUA PEDRO NICODEMOS DE ARAUJO S/N
SOBRAL;121;83;PATRIARCA;ETI JOSÉ PEREGRINO DE VASCONCELOS;CE 240, 1532 PATRIARCA
TAUÁ;19;268;CENTRO;ESCOLA MUNICIPAL DE 1 GRAU JORGE MASSILON;AV ODILON AGUIAR S/N
BARROQUINHA;108;59;DISTRITO BITUPITÁ;EEF SANTA ADELAIDE;RUA DO COMERCIO S/N
FORTALEZA;116;179;GRANJA PORTUGAL;CENTRO EDUCACIONAL HORA DE APRENDER;RUA VITAL BRASIL 2533
FORTALEZA;94;66;ANTÔNIO BEZERRA;EEF INSTITUTO DOS CEGOS (ANTÔNIO BEZERRA);RUA DR. JOÃO GUILHERME, 373
PACAJUS;49;140;PASCOAL;EEF JOSE ELTON DE LIMA;PASCOAL
PENAFORTE;70;349;OURO PRETO-SEDE;PSF OURO PRETO;VILA OURO PRETO
QUIXADÁ;6;262;CENTRO;CENTRO UNIVERSITÁRIO CATÓLICA DE QUIXADÁ - UNICATÓLICA;AVENIDA PLÁCIDO CASTELO, S/N
BARBALHA;31;166;SÍTIO TAQUARI;ASSOCIAÇÃO DOS PEQUENOS AGRICULTORES (SÍTIO TAQUARI);SÍTIO TAQUARI I, S/N (7.32348 S, 39.35851 W)
SÃO GONÇALO DO AMARANTE;36;290;CAGADO-POVOADO;ESCOLA DE ENSINO FUNDAMENTAL JOAO PINTO MAGALHAES;CAGADO
CAUCAIA;37;535;TABAPUÁ;E.E.I.E.F. ROBERTO JOSÉ BASTOS MACAMBIRA;RUA 7, S/N - TABAPUÁ
TURURU;17;639;ALTO DA PAZ;EMEF CECILIA SIQUEIRA;AV JOAO PATRICIO 583
FORTALEZA;95;353;JANGURUSSU;CUCA JANGURUSSU;AV. GOVERNADOR LEONEL BRIZOLA, S/N
FORTALEZA;85;167;ANTÔNIO BEZERRA;INSTITUTO EDUCACIONAL JOSE DE ALENCAR;RUA HUGO VITOR 730
BREJO SANTO;70;9;CENTRO-SEDE;PROJETO ABC;RUA MANOEL LEITE DE MOURA 1015
BOA VIAGEM;63;80;VARZEA DA IPUEIRA;EEF ANTONIO NUNES CAVALCANTE;VARZEA DA IPUEIRA
FORTALEZA;112;21;JARDIM DAS OLIVEIRAS;EM MARIA DE LOURDES RIBEIRO JEREISSATI;RUA REINO UNIDO, 115
TRAIRI;97;177;FLEIXEIRAS;EEF FURTUNATO SEVERIANO DA COSTA;FLEIXEIRAS
FORTALEZA;112;486;SAPIRANGA-COITÉ;EM PROFª ALDACI BARBOSA;RUA OLEGARIO MEMORIA, 1257
QUIXADÁ;6;284;CAMPO VELHO;EEF BENIGNO BEZERRA;RUA PAULO SOARES VIANA, 173
ICÓ;15;145;AGUA BRANCA - SITIO;ESCOLA MUNICIPAL VICENTE CHAGAS MOTA;SITIO AGUA BRANCA S/N
ICÓ;15;1;NOVO CENTRO - SEDE;EEMTI - PADRE JOSÉ ALVES DE MACÊDO;AV. FRANCISCO CAETANO DANTAS, S/N
FORTALEZA;80;396;FÁTIMA;EEM GOV. ADAUTO BEZERRA;RUA MONSENHOR LIBERATO, 1850
TIANGUÁ;81;147;SANTO ANTÔNIO;E.E.F. PROFª. ESTER DE AGUIAR MENEZES;RUA CORONEL JOÃO DAMASCENO, S/N
FORTALEZA;112;103;JARDIM DAS OLIVEIRAS;EM ISMAEL PORDEUS;RUA DES FAUSTINO ALBUQUERQUE, 511
FORTALEZA;80;255;TAUAPE;SALÃO PAROQUIAL SÃO JOAO DO TAUAPE;RUA MONSENHOR SALAZAR, 279
FORTALEZA;94;213;ANTÔNIO BEZERRA;EMTI JOSÉ CARLOS DE OLIVEIRA NETO;R. SAO VICENTE DE PAULO, 170
FORTALEZA;95;98;CONJUNTO PALMEIRAS;EEFM DOUTORA ALDACI BARBOSA;RUA VALPARAISO, 155
MAURITI;76;86;BELA VISTA;E.E. PROFISSIONALIZANTE PE. JOÃO BOSCO DE LIMA;RUA 03, S/N
FORTALEZA;117;174;BOM JARDIM;COLÉGIO LUMEN;RUA SÃO FRANCISCO DO JARDIM, 396
BOA VIAGEM;63;256;PONTE NOVA - SEDE;EEF FILOMENA UCHOA VIANA;RUA LUIZ XIMENES DE ARAGAO, N 05
VARJOTA;65;184;JATOBÁ;E.E.F. FRANCISCA EZEQUIEL DE SOUSA;SÍTIO JATOBÁ - ZONA RURAL
FORTALEZA;116;91;GRANJA PORTUGAL;EM CREUSA DO CARMO ROCHA;RUA DUAS NACOES 1055
JUCÁS;43;103;POÇO GRANDE - VILA;ESCOLA DE 1 GRAU CAMILO MANOEL DA SILVA;VILA DO POÇO GRANDE
BEBERIBE;84;37;MORRO BRANCO;ESCOLA MUNICIPAL JOSE BESSA;MORRO BRANCO
VARJOTA;65;148;EMPRÉSTIMOS;LICEU WALDIR LEOPÉRCIO;RUA TEN PEDRO CRUZ, 500
PACAJUS;49;110;CENTRO;SINDICATO DOS TRABALHADORES RURAIS DE PACAJUS;RUA TABELIAO JOSE GAMA FILHO SN - CENTRO
LAVRAS DA MANGABEIRA;14;29;BARRO - SITIO;ASSOCIAÇÃO COMUNITÁRIA JOSE LEANDRO;SITIO BARRO S/N
MARCO;96;143;LOCALIDADE DE PEREIRAS;EEF JOAQUIM FERNANDES PONTES;LOCALIDADE DE PEREIRAS
SENADOR SÁ;45;71;CENTRO;EEF NOSSA SENHORA DO AMPARO;RUA PADRE DELMONT S/N
MARANGUAPE;4;560;NOVO MARANGUAPE I (ÁREA VERDE) - MARANGUAPE;EEFM CAIC SENADOR CARLOS JEREISSATI;RUA ANTONIO TEIXEIRA, S/N
SÃO BENEDITO;22;157;SITIO SAO MIGUEL;EEF SAO MIGUEL;SITIO SAO MIGUEL
FORTALEZA;115;35;PARANGABA;EM THOMAZ POMPEU SOBRINHO;RUA JOSE MENELEU, 531
CARIRIAÇU;71;72;MIRAGEM;EEF GIRASSOL;SITIO SÃO PAULO
FORTALEZA;83;123;PICI;EEEP JÚLIA GIFFONI;RUA CORONEL MATOS DOURADO 1349
FORTALEZA;82;61;ÁLVARO WEYNE;EM NOSSA SENHORA DO PERPÉTUO SOCORRO;RUA CÔNSUL GOUVEIA, 57
JUCÁS;43;298;ALTO DO TÓ - SEDE;CENTRO EDUCACIONAL JUCAENSE - CEJUC;RUA JOSÉ GERSON DUARTE, S/N
ARACATI;8;49;CENTRO;COLEGIO MARISTA DE ARACATI;PRAÇA SÃO MARCELINO CHAMPAGNAT, 1
FORTALEZA;112;29;ENGENHEIRO LUCIANO CAVALCANTE;COLÉGIO ANTARES - SEDE WASHINGTON SOARES;RUA CAETANO XIMENES ARAGÃO,110 - ACESSO PELA RUA ARMANDO DALL'OLIO
LAVRAS DA MANGABEIRA;14;86;VARAS - SITIO;ESCOLA DE 1 GRAU HORACIO TAVARES;SITIO VARAS S/N
FORTALEZA;2;803;MESSEJANA;INSTITUTO FREI JOAO PEDRO DE SEXTO;AVENIDA FREI CIRILO, 4241
MAURITI;76;68;CENTRO;CENTRO DE PASTORAL PE. ARGEMIRO ROLIM DE OLIVEIRA;RUA PADRE MACEDO, S/N
BARBALHA;31;155;SÍTIO MACAÚBA;EMEIF SÃO SEBASTIÃO (SÍTIO MACAÚBA);RODOVIA CE-386, S/N - MACAÚBA (7.35275 S, 39.40355 W)
AMONTADA;89;226;GARÇAS;EEB ROSA RODRIGUES DOS SANTOS SANTANA;LAGOA DE SANTANA
AMONTADA;89;153;SÃO SEBASTIÃO;EEBTI SGTO FRANCISCO DE CASTRO;AV SGTO FRANCISCO DE CASTRO
FORTALEZA;94;37;ANTÔNIO BEZERRA;EMTI JOSÉ CARLOS DE OLIVEIRA NETO;R. SAO VICENTE DE PAULO, 170
FORTALEZA;94;67;ANTÔNIO BEZERRA;CEI JOAQUIM NOGUEIRA;R. SAO VICENTE DE PAULO, 72-126
FORTALEZA;80;234;TAUAPE;EMEIF PROFª ANTONIETA CALS;RUA MONSENHOR SALAZAR 1480
FORTALEZA;114;238;BARRA DO CEARÁ;CENTRO DE EDUCAÇÃO COMPLEMENTAR (CEDCE) - ANTIGO SESI;AVENIDA FRANCISCO SÁ 6623
MARANGUAPE;4;33;PARQUE IRACEMA - MARANGUAPE;EEMTI ANCHIETA;RUA ANTÕNIO GOMES BESSA, 60
BEBERIBE;84;89;CENTRO;ESCOLA DE ENSINO FUNDAMENTAL E MEDIO ANA FACO;RUA VICENTE MATHIAS 119
FORTALEZA;82;543;PIRAMBU;EEFM GOVERNADOR FLÁVIO MARCÍLIO;AV. PASTEUR, 575
BARBALHA;31;177;ALTO DA ALEGRIA;EEF MARIA ALACOQUE BEZERRA DE FIGUEIREDO (ALTO DA ALEGRIA);RUA JOSE QUENTAL, 25 - ALTO DA ALEGRIA
JARDIM;119;318;SITIO LAGOINHA;ASSOCIAÇÃO JARDINENSE DE AGROECOLOGIA;SITIO LAGOINHA
CANINDÉ;33;9;MONTE ;EMEF SÃO FRANCISCO;AV FRANCISCO CORDEIRO CAMPOS, 500
ICÓ;15;89;CENTRO - SEDE;ESCOLA MUNICIPAL SENHOR DO BONFIM;RUA FRANCISCO MACIEL DA SILVA, 2557
BEBERIBE;84;121;SEDE;ESCOLA MUNICIPAL JOSE ROLDAO DE OLIVEIRA;CAETANOS
VÁRZEA ALEGRE;62;176;CALABAÇA-SEDE DO DISTRITO;EEF VEREADOR JOSÉ PRIMO DE MORAIS;VILA EXTREMA
ACARAÚ;30;21;CENTRO;EEEP MARTA MARIA GIFONNI DE SOUSA;CENTRO
CAMPOS SALES;38;40;DIST. DE CARMELÓPOLIS;E.E.I.F JOAQUIM MOREIRA FILHO - ANEXO DO OSSEAN ALENCAR ARARIPE;RUA  VIRGILIO GOMES, 139
PARAMBU;19;301;CENTRO;ESCOLA JOSÉ CARVALHO PINHEIRO;RUA ANTONIO BENÍCIO PINHEIRO, 35
MASSAPÊ;45;24;GINASIO;CENTRO EDUCACIONAL MASSAPEENSE;RUA AMADEU ALBUQUERQUE 323
FORTALEZA;80;415;DIONISIO TORRES;COLÉGIO SANTO INACIO;AVENIDA DESEMBARGADOR MOREIRA 2355
MARACANAÚ;122;217;JARI;EMEF JOSÉ ASSIS DE OLIVEIRA(JARY);RUA PAULO AFONSO 4259
FORTALEZA;80;223;JOAQUIM TÁVORA;EEFM PADRE ROCHA;RUA CEL ALVES TEIXEIRA 525
FORTALEZA;117;202;PARQUE PRESIDENTE VARGAS;COLÉGIO CASTRO ALVES;RUA TULIPA NEGRA, 2319
FORTALEZA;117;282;PARQUE SÃO JOSÉ;CITS PARQUE SÃO JOSÉ - CENTRO DE INCLUSÃO TECNOLÓGICA E SOCIAL;RUA CÔNEGO DE CASTRO, 3955
TIANGUÁ;81;154;RÉGIS DINIZ;E.E.I.F. MONSENHOR AGESILAU DE AGUIAR;AVENIDA ZEFERINO FERREIRA, S/N
FORTALEZA;113;395;MONTESE;IMPARH;AV JOAO PESSOA, 5.609
PENTECOSTE;50;142;ZONA RURAL;EEIF MANOEL FÉLIX GOMES - ANEXO(MULUNGU);PEDRA BRANCA ILHA
FORTALEZA;83;738;MONTESE;COLÉGIO ELITE;AVENIDA JOÃO PESSOA, 6302
ACARAÚ;30;61;CENTRO;ESCOLA PROF. TERESA DE JESUS SILVA;RUA JOÃO JAIME FERREIRA GOMES, 457
ACARAÚ;30;423;MORADA NOVA;POLO DE CONVIVÊNCIA SOCIAL MORADA NOVA;MORADA NOVA
CAMOCIM;32;208;CENTRO;CREDE;TRAVESSA JOAO TOME S/N
ALTO SANTO;86;9;BAIXIO GRANDE;ESCOLA DE 1 GRAU JOAO RODRIGUES TORRES;SITIO BAIXIO GRANDE
FORTALEZA;94;858;ANTÔNIO BEZERRA;COLEGIO JULIA FIALHO;RUA JOSE ACIOLY 73
IPU;21;40;SEDE;FSESP;RUA PE JOAO DE CASTRO SN CENTRO
QUIXADÁ;6;461;CUSTÓDIO;EEF SIMPLÍCIO ALVES DE QUEIROZ;SERRA DO PADRE, S/N
LIMOEIRO DO NORTE;29;130;ANTÔNIO HOLANDA;IFCE - CENTRO DE REFERÊNCIA CIDADE ALTA;R. RAIMUNDO TOMÁS DE AQUINO, 2742
JUAZEIRO DO NORTE;119;15;SANTA TEREZA;COLEGIO POLIVALENTE;JOSE MARROCOS SN
JUCÁS;43;78;SÃO PEDRO DO NORTE - VILA;ESCOLA DE 1 GRAU DOM JOSE MAURO;RUA JOSE NORBERTO DE SOUSA S/N
SANTANA DO ACARAÚ;44;86;MORRO DOS ROCHAS;GRUPO ESCOLAR EDUARDO ROCHA;MORRO DOS ROCHAS
QUIXADÁ;6;167;PUTIÚ;EEF NEMÉSIO BEZERRA;AV. PRESIDENTE VARGAS, 453
FORTALEZA;83;475;PANAMERICANO;ESCOLA MUNICIPAL JOSÉ BATISTA DE OLIVEIRA;RUA GOIÁS 620
BANABUIÚ;6;413;PEDRAS BRANCAS;EEF ANGELA COSTA;TANQUINHOS
INDEPENDÊNCIA;39;42;RIACHO DO MEIO;E.E.F. LIMA NETO;POVOADO RIACHO DO MEIO
GUARACIABA DO NORTE;74;99;DISTRITO;E.E.I.F DE SANTO ANTONIO DOS CAMELOS ANEXO;SANTO ANTONIO DOS CAMELOS
ITAREMA;98;130;ZONA RURAL;EMEF RAIMUNDO PEREIRA DO NASCIMENTO;ORIENTE
MILAGRES;26;16;MISSIONÁRIAS;CENTRO SOCIAL URBANO;AV LACORDAIRE FERREIRA LINS S/N
ITAPAJÉ;41;80;BAIXA GRANDE;ESCOLA MUNICIPAL CANDIDO PINTO DE MESQUITA;BAIXA GRANDE
PENTECOSTE;50;143;ZONA RURAL;EEIF NOSSA SENHORA DA CONCEIÇÃO;IRAPUÁ
MERUOCA;24;579;Centro;EEFM - MONSENHOR JOSE FURTADO;AV CARLOS DAVI, 136
SÃO GONÇALO DO AMARANTE;36;319;PECEM-DISTRITO;ESCOLA DE ENSINO FUNDAMENTAL E MEDIO EDITE ALCANTARA MOTA;PECEM
JUAZEIRO DO NORTE;119;229;NOVO JUAZEIRO;ESCOLA TARCILA CRUZ ALENCAR;CASTELO BRANCO 4451
PEDRA BRANCA;59;72;SEDE;EEIF CICERO BARBOSA MACIEL;SITIO SANTA RITA
ICÓ;15;329;SANTA CRUZ DA SERRA - DISTRITO;EMTIH MANOEL PORFIRIO DE LIMA;SÍTIO SÃO JOSÉ
SOBRAL;121;130;CENTRO;COLEGIO FARIAS BRITO SOBRALENSE;PRACA QUIRINO RODRIGUES S/N
EUSÉBIO;88;126;MANGABEIRA;EEM MANOEL FERREIRA DA SILVA;RUA ELIEZER PARRIAO, 105 - MANGABEIRA
FORTALEZA;83;237;PANAMERICANO;ESCOLA MUNICIPAL JOSÉ BATISTA DE OLIVEIRA;RUA GOIÁS 620
SANTANA DO ACARAÚ;44;166;LAGOA DOS LOPES;ASSOCIAÇÃO COMUNITÁRIA SÃO GERARDO;LAGOA DOS LOPES
BOA VIAGEM;63;231;VILA HOLANDA - SEDE;EEF DELFINA VIEIRA DA SILVA;RUA JOAO ABREU DE LIMA - 220
CARIÚS;43;196;ESPLANADA-SEDE;EEF MARIA SOTER PEREIRA;RUA RAUL NOGUEIRA II, S/N
FORTALEZA;114;114;PRESIDENTE KENNEDY;EM SÃO JOSÉ;AVENIDA DOUTOR THEBERGE 2288
MORADA NOVA;47;276;2 DE AGOSTO;CEI MARIA ROSALINA LOPES;RUA PEDRO COUTINHO DA SILVA
TRAIRI;97;137;VOLTA DO CORREGO;SALAO COMUNITARIO ANTONIO JOSE DE MOURA;VOLTA DO CORREGO
IPU;21;32;ALTO DA BOA VISTA;EMEB MONSENHOR GONÇALO DE OLIVEIRA LIMA;AV. JOSÉ CARVALHO DE ARAGÃO, 102
ARACOIABA;67;1;MILTON BELO-DISTRITO;ESCOLA MUNICIPAL EMILIA RAMOS;FURNAS
ITAITINGA;78;242;CENTRO;EEF GERALDO BATISTA DE LIMA;AV. CEL. VIRGÍLIO TÁVORA S/N
HORIZONTE;78;204;ANINGÁS;EMEF FRANCISCA MONTEIRO DE OLIVEIRA;RUA RAIMUNDO PEREIRA LIMA, 674 
HORIZONTE;78;365;CATU;EMEF JOAQUIM ANTONIO DA SILVA;RUA MANOEL SEVERO, N. 35
FORTALEZA;114;93;BARRA DO CEARÁ;CUCA BARRA DO CEARÁ;AV. PRES. CASTELO BRANCO, 6417
FORTALEZA;112;51;JARDIM DAS OLIVEIRAS;EM MARIA DE LOURDES RIBEIRO JEREISSATI;RUA REINO UNIDO, 115
FORTALEZA;82;686;CARLITO PAMPLONA;EEMTI JOSÉ VALDO RIBEIRO RAMOS;RUA PEDRO AMÉRICO, 100
CHORÓ;6;199;MARAVILHA;EEF ALFREDO PEREIRA DE SOUSA;POÇO DO BARRO
PALMÁCIA;4;159;CENTRO;EEF JOSÉ ILDEFONSO CAMPOS;RUA FRANCISCO DE QUEIROZ, 2500
TAUÁ;19;269;SANTA TEREZA;EMEF AMANCIO CORDEIRO JUNIOR;VILA SANTA TEREZA
MARANGUAPE;4;539;OUTRA BANDA - MARANGUAPE;CEI DEPUTADO JOSÉ MÁRIO MOTA BARBOSA;RUA DA PRAÇA, S/N
JUAZEIRO DO NORTE;28;156;AREA RURAL DE JUAZEIRO DO NORTE;EMEIF MARIA PEDRINA;SITIO POPO
VARJOTA;65;166;ACAMPAMENTO DNOCS;E.E.F. WALDIR LEOPÉRCIO;RUA TEREZINHA MORORÓ PASSOS, 384
CASCAVEL;7;65;ALTO LUMINOSO;E.E.E.F.M. PADRE ARIMATEIA DINIZ;RUA FOTOGRAFO JOSE HONORATO, 2911
MARACANAÚ;122;168;SIQUEIRA (siqueira 2);EMEF VALDENIA ACELINO DA SILVA;RUA IRINEU MACHADO, 1250
LAVRAS DA MANGABEIRA;14;88;LIMOEIRO - SITIO;ASSOCIAÇÃO COMUNITÁRIA MANOEL CRISPIM DE SOUSA;SITIO LIMOEIRO S/N
HORIZONTE;78;151;CENTRO;EMEF MARIA REGIANA DA SILVA;RUA RAFAEL SANTOS, 530
FORTALEZA;2;471;LAGOA REDONDA;COLÉGIO AGNUS SUL;TRAVESSA MARROCOS, 145
COREAÚ;64;97;Araquém;ARAQUÉM - ESCOLA ESTADUAL Mª MENEZES CRISTINO;CE 240, KM 77 - DISTRITO DE ARAQUÉM, COREAÚ/CE
FORTALEZA;3;207;CENTRO;EM ALBA FROTA;AV. DOM MANUEL, 914
FORTALEZA;2;686;LAGOA REDONDA;EM TEREZINHA FERREIRA PARENTE;RUA NELSON COELHO, 209
CASCAVEL;7;263;GUANACES;E.E.F. LUCIANO GALDINO MACIEL (BOA ÁGUA);RUA BÔA AGUA
VIÇOSA DO CEARÁ;35;88;QUATIGUABA;CEI SANTO EXPEDITO;SITIO QUATIGUABA
FORTALEZA;114;278;BARRA DO CEARÁ;EEEP PAULO PETROLA;RUA SAUDÁRIA, S/N - GOIABEIRAS
ITAPIPOCA;17;594;BARRENTO;EEB JOAQUIM MANOEL MARQUES;SÍTIO DO MEIO
ITAPAJÉ;41;118;PADRE LIMA;E.E.M. MONSENHOR CATAO PORFIRIO SAMPAIO;RUA TEIXEIRA PINTO 136
CROATÁ;74;39;SEDE;ESCOLA DE ENSINO MEDIO FLAVIO RODRIGUES;CENTRO
CAUCAIA;123;461;ARATURI (JUREMA);E.E.I.E.F. MONSENHOR ANDRÉ VIANA CAMURÇA;RUA NW-5, 40
BOA VIAGEM;63;37;GUIA;EEF ADILIA MARIA;R. FRANCISCO RIBEIRO DE SALES, S/N
IBIAPINA;73;204;DISTRITO DE ALTO LINDO;UBS DO ALTO LINDO;AV NOSSA SENHORA DAS GRAÇAS, S/N
FORTALEZA;80;151;VILA UNIÃO;EEFM CEL PROF JOSÉ AURÉLIO CÂMARA;RUA JORGE ACURCIO, 655
CANINDÉ;33;64;ZONA RURAL;EMEF MIGUEL ANTONIO OLIVEIRA;DISTRITO DE TARGINOS
FORTALEZA;95;139;JANGURUSSU;EMTI PROFESSOR ANTONIO GIRAO BARROSO;RUA VERDE 37, S/N (CJ SITIO SAO JOAO)
NOVA RUSSAS;48;198;SÃO FRANCISCO;C. E. I. JOSÉ ODETE DE ALBUQUERQUE;RUA MARIA DO SOCORRO ABREU, S/N
ITAPIPOCA;17;552;BELA VISTA;ASSOCIACAO COMUNITARIA DE CROATA;CROATA
FORTALEZA;1;631;VARJOTA;FACULDADE FARIAS BRITO - CASTRO MONTE;RUA CASTRO MONTE 1364
CAMPOS SALES;38;31;B. CENTRO;E.E.E.M.T.I - MARIA DOLORES ARRAIS - (GRUPINHO);TRAVESSA VICENTE ALEXANDRINO DE ALENCAR,297
FORTALEZA;1;911;CIDADE 2000;ESCOLA MUNICIPAL ODNILRA CRUZ MOREIRA;AVENIDA DAS ADENANTERAS 800
AURORA;69;33;INGAZEIRAS-DISTRITO;UBS DE INGAZEIRAS - BELARMINA ALENCAR DE MADEDO;DISTRITO DE INGAZEIRAS  S/N
BREJO SANTO;70;26;CENTRO-SEDE;E E F M JOSÉ MATIAS SAMPAIO;RUA MANOEL INACIO BEZERRA 49
IPAPORANGA;20;287;SACRAMENTO;ESCOLA DE ENSINO FUNDAMENTAL MACARO JORGE SOARES;SACRAMENTO
IGUATU;13;225;BARREIRAS;CRECHE DAS BARREIRAS DOS CONSTATINOS;BARREIRAS DOS CONSTANTINOS
INDEPENDÊNCIA;39;33;ORIENTE;GRUPO ESCOLAR DOMINGO JOAQUIM FERNANDES;POVOADO ORIENTE
CAUCAIA;37;173;MATOES;E.E.I.E.F. PAULO FERREIRA DA ROCHA;RUA BOA ESPERANÇA, S/N
TAMBORIL;61;32;DISTRITO DE OLIVEIRAS;EMEIF FRANCISCO LUCIO;RUA FRANCISCO LUCIO - VILA OLIVEIRAS
QUIXERAMOBIM;11;306;JOSE AURELIO CAMARA;ESCOLA CEL VIRGILIO TAVORA- CIDADE;RUA FAUSTO COSTA 180
CASCAVEL;7;45;GUANACES;ESC.ENS.FUND. MANOEL BERNARDINO SANTIAGO;LAGOA DE SOUSA
ITAPIPOCA;17;330;URBANO TEIXEIRA;EEB ADAUTO BEZERRA;RUA JOAQUIM RODRIGUES TEIXEIRA
ITAREMA;98;141;ZONA RURAL;EMEF JOAO MARQUES SOBRINHO;MARACANA - CE 434 KM 39
FORTALEZA;117;183;CONJUNTO ESPERANÇA;EEFM IRAPUAN CAVALCANTE PINHEIRO;AV E 305
SÃO JOÃO DO JAGUARIBE;91;113;CENTRO;EEF 1 GRAU CHIQUINHO RODRIGUES;RUA CONEGO CLIMERIO CHAVES 269
SÃO BENEDITO;22;112;SITIO SANTOS REIS;EEF LOURIVAL BANHOS;SITIO SANTOS REIS
IRAUÇUBA;41;178;MISSI;ESCOLA MUNICIPAL JOSEFA CLOTILDE TABOSA BRAGA;RUA ANARIO BRAGA SN
SOBRAL;24;240;JORDÃO;EEFI JOSE INACIO GOMES PARENTE;RUA ONOFRE GOMES DE OLIVEIRA
FORTALEZA;95;333;ANCURI;CEI PROFESSOR JOSE TEODORO SOARES;RUA COLETORA CENTRAL II, S/N
INDEPENDÊNCIA;39;222;COHAB;E.E.F. JOSE FERREIRA DOS SANTOS;RUA C, 158
ITAREMA;98;164;ZONA RURAL;LICEU DE ALMOFALA - EEM JOSE MARIA MONTEIRO;RUA AGRIPINO TOMAS DE SOUSA S/N - ALMOFALA
ANTONINA DO NORTE;18;8;POPULARES;ESCOLA FUNDAMENTAL ANTONIO MOTA;RUA SANTO ANTONIO S/N
CAMPOS SALES;38;85;ZONA RURAL;E.E.I.F RAIMUNDO SABINO SEVERINO - SÍTIO TIGRE - ZONA RURAL;SÍTIO TIGRE
CAMPOS SALES;38;42;DIST. DE BARÃO DE AQUIRAZ;E.E.F.T.I - PRESIDENTE CASTELO BRANCO - DIST. DE BARÃO DE AQUIRAZ;RUA JUSTINO ROCHA, S/N
CAUCAIA;120;445;PADRE JULIO MARIA;NEDI CAIC PROFESSORA FRANCISCA ESTRELA TORQUATO FIRMEZA;RUA DO GRUPO, 552
ARATUBA;105;101;CENTRO-SEDE;SEDUC (POLO DE ATENDIMENTO);RODOVIA COACY PEREIRA
FORTALEZA;114;129;BARRA DO CEARÁ;EEFM ESTADO DE ALAGOAS;AVENIDA PRESIDENTE CASTELO BRANCO, 5244
TRAIRI;97;18;CENTRO;ESCOLA DE 1 E 2 GRAU JONAS HENRIQUE DE AZEVEDO;AV CELSO BARROSO
FORTALEZA;83;456;DEMOCRITO ROCHA;ESCOLA MUNICIPAL PAULO SARASATE;RUA PEDRO MUNIZ 250
JUAZEIRO DO NORTE;119;450;FREI DAMIAO;CEI-CAIC DOM ANTÔNIO CAMPELO DE ARAGAO (CRECHE);RUA VEREADOR RAIMUNDO JOSE RODRIGUES DA SILVA , SN
VÁRZEA ALEGRE;62;274;VARJOTA;EEF ORMECINDA SIEBRA LEITE;RUA ITALO PROTO DE MORAIS, 135
TRAIRI;97;7;CENTRO;COLEGIO CENTRO EDUCACIONAL PIO RODRIGUES;RUA MANOEL TEIXEIRA S/N
IPU;21;130;DISTRITO;E.M.E.F. ANTONIO DE SOUSA BARROS;CAJAZEIRAS
GUARAMIRANGA;5;232;LINHA DA SERRA-SITIO;EMEIEF LINHA DA SERRA (LINHA DA SERRA);LINHA DA SERRA
IPUEIRAS;40;51;CENTRO;ESCOLA DE ENSINO FUNDAMENTAL CREUSA MELO - CENTRO;RUA DUQUE DE CAXIAS, S/N
ITAPIPOCA;17;57;DESERTO;EEFMI HILDEBERTO BARROSO;AVENIDA VEREADORA LEIDA SOARES, 1205
ITAPIPOCA;17;480;ÁREA RURAL DE ITAPIPOCA;EEB JOÃO SABINO DO NASCIMENTO;LAGOA DO JUA
FORTALEZA;115;479;VILA PERI;EM NOELZINDA SATIRO SANTIAGO;RUA DOM XISTO ALBANO, 1298
FORTALEZA;114;49;BARRA DO CEARÁ;EM CASIMIRO JOSÉ LIMA FILHO;AVENIDA FRANCISCO SÁ 6449
FORTALEZA;82;545;CRISTO REDENTOR;EM VIRGÍLIO TÁVORA;AV. MONSENHOR HÉLIO CAMPOS, 155
JUAZEIRO DO NORTE;28;251;CENTRO;COLEGIO SOSSEGO;RUA SAO DOMINGOS 59
OCARA;67;175;CENTRO-SEDE;ESCOLA MUNICIPAL LUIS CANDIDO DE OLIVEIRA - ENS FUND E MEDIO;AV CORONEL JOAO FELIPE SN
PACAJUS;49;292;PEDRA BRANCA;EEF DANILO COSTA MENEZES;RUA OSVALDO FREITAS NUNES 133
MILHÃ;55;79;CARNAUBINHA;ESCOLA DE ENSINO BASICO RAIMUNDO BEZERRA FIGUEIREDO;RUA VALDINA DE LIMA
ARACOIABA;67;74;PLACIDO MARTINS-DISTRITO;ESCOLA JOSÉ XAVIER DA SILVA;VÁRZEA DA ABELHA
BATURITÉ;5;114;LAJES-SEDE;UNIDADE BÁSICA DE SAÚDE - PSF SEDE 2;RUA MADRE PIERINA USLENGHI, S/N
RERIUTABA;79;21;SANTA CRUZ VELHA;E.E.F. DOMINGOS ARAÚJO;SANTA CRUZ VELHA - ZONA RURAL
MARCO;96;102;CENTRO-SEDE;EEF MARIA JULIA NEVES;RUA RIOS, N 560
FORTALEZA;82;241;PIRAMBU;EEFM GOVERNADOR FLÁVIO MARCÍLIO;AV. PASTEUR, 575
CHOROZINHO;49;391;TIMBAUBA;PROGRAMA DE SAUDE DA FAMILIA - PSF TIMBAUBA;RUA ARTUR CHAGAS FILHO SN
FORTALEZA;82;654;ÁLVARO WEYNE;COLÉGIO MANUEL DA SILVA (CARLITO PAMPLONA);RUA ASSIS BEZERRA, 25
BOA VIAGEM;63;76;VARZANTINHA;EEF JOSE RICARTE ALBUQUERQUE;VARZANTINHA
AURORA;69;105;VARZANTES-SITIO;E.E.I.F. CANDIDO ANTONIO DO NASCIMENTO;SITIO VARZANTES
MARACANAÚ;122;57;ACARACUZINHO;EEF ANTONIO GONDIM DE LIMA;AV. LATERAL SUL S/N
FORTALEZA;117;414;PARQUE SÃO JOSÉ;EEFM IRMAO URBANO GONZALEZ RODRIGUEZ;RUA CONEGO DE CASTRO, 4055
FORTALEZA;80;153;VILA UNIÃO;EEFM CEL PROF JOSÉ AURÉLIO CÂMARA;RUA JORGE ACURCIO, 655
CANINDÉ;33;19;ZONA RURAL;CERU JOAO AMARO DE SOUSA;DISTRITO DE SALITRE
TRAIRI;97;30;BACUMIXA;EEF ANTONIO MIGUEL PORTO;BACUMIXA
ANTONINA DO NORTE;18;75;POPULARES;ESCOLA FUNDAMENTAL ANTONIO MOTA;RUA SANTO ANTONIO S/N
JUAZEIRO DO NORTE;119;47;PREFEITO CARLOS ALBERTO DA CRUZ;ESCOLA ZILA BELEM;FRANCISCO VICENTE SILVA CAVALCANTE SN
GUAIÚBA;57;315;MATA FRESCA;EEB JOSE VIEIRA MARTINS;CE 060, S/N
CROATÁ;74;49;DISTRITO;ESCOLA MUNICIPAL PROFESSORA MARIA DO CARMO MELO (BETANIA);BETANIA
ACARAÚ;30;30;ZONA RURAL;ESCOLA MANOEL DUCA DA SILVEIRA;LAGOA DO CARNEIRO
TRAIRI;97;156;SERRINHA;EEF PROFESSOR ELIZEU BARBOSA;ALTO SAO FRANCISCO
PENTECOSTE;50;155;ZONA RURAL;EEIF SÃO GERARDO - ANEXO(PROFª Mª GLAUCINEIDE);ASSENTAMENTO LAGOA GRANDE
AQUIRAZ;66;321;DIVINEIA;EMEF MARIA MARGARIDA RAMOS COELHO;RUA JOÃO DE CASTRO S/N
FORTALEZA;118;656;SERRINHA;COLÉGIO MARIA ESTER I;RUA ANTONIO TEIXEIRA LEITE, 248
FORTALEZA;115;426;VILA PERI;CENTRO DE EDUCAÇÃO PEDAGÓGICO EÇA DE QUEIROZ;RUA DOM XISTO ALBANO 611
CARIRIAÇU;71;84;SÍTIO BANANEIRAS;EEIF ANTONIO FRANCISCO CALIXTO;SÍTIO BANANEIRAS
FORTALEZA;115;38;ITAPERI;UNIVERSIDADE ESTADUAL DO CEARA - UECE;AV DR. SILAS MUNGUBA, 1700
JUAZEIRO DO NORTE;119;106;TIRADENTES;ESCOLA CAROLINA SOBREIRA;RUA JOSE SABIA SN
APUIARÉS;50;150;ZONA RURAL;COMUNIDADE CACIMBA DE CIMA;CACIMBA DE CIMA
ACARAÚ;30;68;ZONA RURAL;ESCOLA FRANCISCO JOÃO DE ARAUJO;MEDEIROS
JUCÁS;43;111;CRUZ - SÍTIO - CANAFÍSTULA;SALAO COMUNITARIO DA CRUZ;SÍTIO CRUZ
AQUIRAZ;66;237;GENIPAPEIRO;EMEF MANOEL ASSUNCAO PIRES;RUA PRINCIPAL S/N
GUAIÚBA;57;60;ITACIMA;CENTRO EDUCACAO INFANTIL DEODORO VALENTIM MAIA;RUA GUILHERME PEREIRA SOUSA, S/N
SANTA QUITÉRIA;54;162;PIRACICABA;POSTO BENEFICIO INSS (ESPECIAL);RUA DR LUIZ DJANIRO LOBO DE ANDRADE SN
BARBALHA;31;36;CENTRO;ETI DR. LYRIO CALLOU;RUA EDMUNDO DE SA SAMPAIO, 180
FORTALEZA;113;148;JARDIM AMÉRICA;ESC. EST. DE EDUC. PROFISSIONAL PAULO VI;RUA JORGE DUMMAR, 1841
GRAÇA;79;149;CENTRO-SEDE;EEF PROF. MARIA DO AMPARO SOUSA;CONJ. HABITACIONAL 15 DE ABRIL
JIJOCA DE JERICOACOARA;30;430;ZONA RURAL;ESCOLA DONA JOAQUINA TEIXEIRA;MANGUE SECO
CARNAUBAL;22;139;CENTRO;CENTRO DE SAUDE HORACIO FONTENELE SAMPAIO;R ANTONIO PINTO DE MELO 140
SÃO LUÍS DO CURU;23;321;CENTRO-SEDE;E.E.F. PROFESSORA MARIA DE LOURDES BRAGA;RUA HUGO ROCHA SN
SÃO BENEDITO;22;98;CENTRO-SEDE;EEF MINISTRO ANTONIO COELHO;RUA MIN ANTONIO COELHOI  452
MOMBAÇA;46;70;CENTRO;E. E. F. M. DIVINO SALVADOR;RUA FRANCISCO JOSE DE OLIVEIRA SN                 SEDE
FORTALEZA;94;706;QUINTINO CUNHA;IGREJA SÃO PEDRO E SÃO PAULO;RUA PADRE TEODORO, 996
ACARAÚ;30;46;ZONA RURAL;ESCOLA JOAO LOURENCO PEREIRA ROCHA;CASTELHANO
QUIXADÁ;6;235;CENTRO;CENTRO UNIVERSITÁRIO CATÓLICA DE QUIXADÁ - UNICATÓLICA;AVENIDA PLÁCIDO CASTELO, S/N
MAURITI;76;67;UMBURANAS-DISTRITO;CRECHE SRA. SANTANA;RUA MAJOR JOAQUIM FURTADO, S/N
CANINDÉ;33;79;ALTO GUARAMIRANGA;EEFM FREI POLICARPO;RUA JOAO BASTOS 2027
JATI;70;375;CENTRO-SEDE;PREFEITURA MUNICIPAL;RUA CARMELITA GUIMARAES 02
TRAIRI;97;132;CANA BRAVA;EEF SOUSA LEAO;CANA BRAVA
FORTALEZA;112;411;EDSON QUEIROZ;COLEGIO ARI DE SA CAVALCANTE WS;AV WASHINGTON SOARES, 3737
TABULEIRO DO NORTE;91;17;CENTRO;ESCOLA  ANTÔNIO ALVES MAIA;RUA CEL. PIO GADELHA, 4683
JATI;70;361;CENTRO-SEDE;CRAS MARIA NEVES DE SOUSA;RUA MANOEL LUÍS S/N
CHOROZINHO;49;412;TRIANGULO;CRECHE MARIA DE LOURDES LIMA;RUA PADRE CICERO SN
FORTALEZA;112;530;JARDIM DAS OLIVEIRAS;INSTITUTO DE ASSISTÊNCIA E PROTEÇÃO SOCIAL - IAPS;RUA BARRA NOVA, N 1.000, CONJ. TANCREDO NEVES
FORTALEZA;83;234;PANAMERICANO;ESCOLA MUNICIPAL JOSÉ BATISTA DE OLIVEIRA;RUA GOIÁS 620
CHOROZINHO;49;177;TIMBAUBA;EEF GREGORIO VITORINO DOS SANTOS;LOCALIDADE TIMBAUBA DOS MARINHEIROS
TURURU;17;646;CENTRO;EEFM LUIZA BEZERRA FARIAS;RUA MONSENHOR SOLON 248
JAGUARIBE;10;54;NOVA BRASÍLIA;EEF PROFESSOR GUTENBERG BARBOSA SILVA;AVENIDA GIL TEIXEIRA BASTOS, 1420
SÃO JOÃO DO JAGUARIBE;91;135;MUNDIAL;EEF MILTON CHAVES E SILVA - MUNDIAL;BR 116 KM 218
TAMBORIL;61;92;DISTRITO DE HOLANDA;EMTI FRANCISCO DE ASSIS GOMES RUFINO;RUA FRANCISCO DE ASSIS GOMES RUFINO
CAPISTRANO;105;54;ZONA RURAL;CENTRO DE CONVIVÊNCIA SOCIAL DO MARMORÉ;TRONCO -  MARMORE
INDEPENDÊNCIA;39;85;SANTA LUZIA;E.E.F. MANOEL NASCIMENTO ARAUJO;POVOADO SANTA LUZIA
JUCÁS;43;78;SÃO PEDRO DO NORTE - VILA;ESCOLA DE 1 GRAU DOM JOSE MAURO;RUA JOSE NORBERTO DE SOUSA S/N
JUAZEIRO DO NORTE;119;142;PIRAJA;ESCOLA IZABEL DA LUZ;AV. AILTON GOMES S/N
ARACOIABA;67;10;CENTRO-SEDE;CENTRO EDUCACIONAL CORONEL PEDRO GUEDES ALCOFORADO - CNEC;RUA MANOEL GUEDES 47
ITAPAJÉ;41;158;SERROTE DO MEIO;ESCOLA MUNICIPAL JOSEFA FORTE DA SILVA;SERROTE DO MEIO
FORTALEZA;95;310;JANGURUSSU;EMEIF MARIA DE JESUS ORIÁ ALENCAR;RUA VERDE QUARENTA E TRÊS, S/N, CONJUNTO SÍTIO SÃO JOÃO
TAUÁ;19;41;CENTRO;ESCOLA MUNICIPAL DE 1 GRAU JORGE MASSILON;AV ODILON AGUIAR S/N
QUITERIANÓPOLIS;99;101;ZONA RURAL;EEIF DETELVINA ARAÚJO LIMA;DISTRITO BAIXIO
EUSÉBIO;88;240;LAGOINHA;ESCOLA Mª DE FÁTIMA FAÇANHA SILVEIRA (LAGOINHA);RUA SÃO MIGUEL, 327 - LAGOINHA
ACARAÚ;30;207;PAULO VI;ESCOLA DEPUTADO JOSÉ FILOMENO;RUA CAPITÃO DIOGO LOPES SN
CATUNDA;54;145;POVOADO CATUANA;ESCOLA MUNICIPAL PADRE ARAGÃO;POVOADO DE CATUANA
URUOCA;25;187;BOA VISTA;E.E.F. JOSÉ FONTELES GOMES;SITIO CANTA GALO
FORTALEZA;85;242;CONJUNTO CEARÁ I;EEM PROF JOSE MARIA CAMPOS DE OLIVEIRA - UV 8;RUA 820 S/N - 3 ETAPA
PARACURU;109;33;CENTRO;E. E. M. HERMINIO BARROSO;CAP JOSE TELES, S/N
PARAMBU;19;385;NOVO ASSIS;ESCOLA LUIS HENRIQUE DA SILVA;TABULEIRO
BARBALHA;31;75;BURITI;CVTEC/CENTEC/EMBRAPA;AV JOSE BERNARDINO, S/N - KM 04 (7.29548 S, 39.27037 W)
ARARIPE;68;37;DISTRITO RIACHO GRANDE;ESCOLA MUNICIPAL DAVI CUSTÓDIO DE OLIVEIRA - RIACHO GRANDE;RUA SAO FRANCISCO S/N
ARACATI;8;313;VARZEA DA MATRIZ;COLEGIO MUNICIPAL;RUA PADRE PACHECO, S/N.
ITAPIPOCA;17;553;BALEIA;EEB JUVENAL COSMO DO MONTE;BARRA DO CÓRREGO
CAUCAIA;37;453;JAPUARA;E.E.F. RAIMUNDO JOSE DOS SANTOS;TRAVESSA DE JAPUARA, S/N, COMUNIDADE - REGIÃO GARROTE
ITAPAJÉ;41;218;ESMERINO GOMES;ESCOLA MUNICIPAL PREF ROQUE SILVA MOTA;RUA OTAVIO PINTO DE MESQUITA
UBAJARA;73;190;MONTE CASTELO;ESCOLA FLAVIO RIBEIRO LIMA;RUA TEN JOSE RAMIRO DE SOUSA
ICÓ;15;47;CENTRO - SEDE;ESCOLA MUNICIPAL SENHOR DO BONFIM;RUA FRANCISCO MACIEL DA SILVA, 2557
FORTALEZA;85;155;CONJUNTO CEARÁ I;EEF GOVERNADOR FAUSTINO ALBUQUERQUE - UV1;RUA 143 N 155 - 1 ETAPA
REDENÇÃO;52;15;CENTRO (SEDE);ESCOLA DR. EDMILSON BARROS DE OLIVEIRA;RUA SANTOS DUMONT, S/N
TIANGUÁ;81;128;CENTRO;E.E.M.T.I. MONSENHOR AGUIAR;RUA TEÓFILO RAMOS, 553
GUARAMIRANGA;5;231;CENTRO-SEDE;EMEF PROFESSOR JULIO HOLANDA;RUA CEL FRANCISCO DE MATOS BRITO S/N
FORTALEZA;116;315;GRANJA LISBOA;EM DOM LUSTOSA;RUA GERALDO BARBOSA 3901
FORTALEZA;83;323;DEMOCRITO ROCHA;ESCOLA MUNICIPAL JOSÉ BONIFÁCIO DE SOUSA;RUA PERNAMBUCO 600
SENADOR POMPEU;12;60;CENTRO;EEMTI LICEU MARCIONÍLIO GOMES DE FREITAS;RUA JOSE CARLOS SAMPAIO 401
MASSAPÊ;45;78;ZONA RURAL;GEM JOSE RODRIGUES DE SOUSA;POVOADO DE SANTA LUZIA
FORTIM;8;87;CENTRO;EEIFTI. PROFESSORA MARIA LUIZA;RUA JOAQUIM CRISÓSTOMO, 739.
BANABUIÚ;6;440;PEDRAS BRANCAS;EEF CORONEL PERGENTINO FERREIRA;BOA AGUA
FRECHEIRINHA;81;260;CENTRO;PATRONATO SAO JOSE;CAPITAO JOAQUIM FRANCISCO              CENTRO             SN
RUSSAS;9;152;LAGOA DO FRADE;POSTO DE SAÚDE ANTÔNIO JOSÉ DA SILVA;FRADINHO
JIJOCA DE JERICOACOARA;30;96;CENTRO;ESCOLA JOSE TEIXEIRA DE ALBUQUERQUE;RUA MARCAL DE SOUSA 851
SÃO BENEDITO;22;220;SEDE;ESCOLA DE ENSINO FUNDAMENTAL JOSE GALDINO;SITIO LAGOINHA
SÃO BENEDITO;22;210;CIDADE ALTA;CVT - CENTRO VOCACIONAL TECNOLOGICO;RUA NOEME AMARAL 401
FORTALEZA;95;97;CONJUNTO PALMEIRAS;EEFM DOUTORA ALDACI BARBOSA;RUA VALPARAISO, 155
UBAJARA;73;145;MONTE CASTELO;ESCOLA FLAVIO RIBEIRO LIMA;RUA TEN JOSE RAMIRO DE SOUSA
PALHANO;9;6;CENTRO;ESCOLA DE ENSINO MEDIO JOSE FRANCISCO DE MOURA;AVENIDA POSSIDONIO BARRETO 459
INDEPENDÊNCIA;39;52;ALVAÇÃO;E.E.F. VICENTE RODRIGUES SALES;POVOADO ALVAÇÃO
FORTALEZA;83;20;BELA VISTA;ESCOLA MUNICIPAL DOM JOSÉ TUPINAMBA DA FROTA;RUA VIRIATO RIBEIRO 1031
CAUCAIA;120;302;CATUANA;E.E.I.E.F. PLÁCIDO MONTEIRO GONDIM;RUA RAIMUNDO OLIVEIRA, S/N
QUIXERAMOBIM;11;167;URUQUE;ESCOLA JOSE MARINHO GOES;VILA DE URUQUE
FORTALEZA;82;467;ÁLVARO WEYNE;ESCOLA MUNICIPAL PATATIVA DO ASSARÉ;RUA FREI TEOBALDO,646
FORTALEZA;82;623;CRISTO REDENTOR;EM SANTA TEREZA;AV. MONSENHOR HÉLIO CAMPOS, 90
PACATUBA;57;242;VILA DAS FLORES;EEIEF MANOEL ROSENDO FREIRE;RUA 17, 11
FORTALEZA;95;252;BARROSO;EMEIEF OTAVIO DE FARIAS;RUA JOAO FERREIRA, S/N
FORTALEZA;80;318;DIONISIO TORRES;COLÉGIO SANTO INACIO;AVENIDA DESEMBARGADOR MOREIRA 2355
ARARENDÁ;48;200;LAGOA DOS BOIS;COLÉGIO RAIMUNDO DOMICIANO PEIXOTO;LOCALIDADE DE LAGOA DOS BOIS
FORTALEZA;80;330;JOAQUIM TÁVORA;COLÉGIO ANTARES IRMÃ MARIA (ANTIGO IRMÃ MARIA MONTENEGRO);RUA PINHO PESSOA 681
TRAIRI;97;68;CARNAUBA TORTA;EEF JOAQUIM CORDEIRO;CARNAUBA TORTA
MOMBAÇA;46;35;TEJUBANA;ESCOLA DE ENSINO FUNDAMENTAL JOSÉ JAIME BENEVIDES;AV. ANTONIO NONATO DE CARVALHO
BREJO SANTO;70;227;DOIS RIACHOS-SEDE;ESCOLA MUNICIPAL JUVINO FERREIRA;SITIO DOIS RIACHOS
ITAPAJÉ;41;235;SERROTE DO MEIO;ESCOLA MUNICIPAL JOSEFA FORTE DA SILVA;SERROTE DO MEIO
LIMOEIRO DO NORTE;29;49;ESPINHO;EEF JOÃO LUIS MAIA;SITIO ESPINHO
SÃO BENEDITO;22;81;SITIO CARNAUBAL DOS MEDEIROS;EEF CARNAUBAL DOS MEDEIROS;SITIO CARNAUBAL DOS MEDEIROS
FORTALEZA;113;296;DAMAS;CENTRO UNIVERSITÁRIO CEARENSE - UNIC;AVENIDA JOÃO PESSOA, 4005
PACAJUS;49;21;BURITI;CENTRO DE EDUCACAO MUNICIPAL DE PACAJUS;RUA TABELIAO JOSE GAMA FILHO 734
QUIXERAMOBIM;11;278;SEDE RURAL;ESCOLA LUIS CINICO;CUPIM
MADALENA;63;193;MACAOCA;UNIDADE BASICA DE SAÚDE - RITA CELSA CASTELO;SABONETE
TRAIRI;97;128;VIEIRA DOS CARLOS;E. 1º GRAU CARLOS FERREIRA BARBOSA;VIEIRA DOS CARLOS
TAUÁ;19;263;CARRAPATEIRAS;EEF ANTÔNIA MARIA DA CONCEIÇÃO;SÍTIO LAGOA
APUIARÉS;50;12;CENTRO;EEFM SÃO SEBASTIÃO;AVENIDA GOMES DA SILVA, 100
PARAMOTI;111;160;ZONA RURAL;ESCOLA MUNICIPAL JOAQUIM GOMES;LOCALIDADE CACIMBA NOVA
TIANGUÁ;81;285;ÁREA RURAL DE TIANGUÁ;E.E.F. FRANCISCO ROMÃO;SÍTIO ARATICUM
MARACANAÚ;122;136;COQUEIRAL;EMEF JOSE BELISARIO DE SOUSA;RUA MANOEL MOREIRA LIMA 790
TIANGUÁ;81;141;ÁREA RURAL DE TIANGUÁ;E.E.F.I. SANTO AGOSTINHO ;SÍTIO LARANJEIRAS
FORTALEZA;83;321;DEMOCRITO ROCHA;ESCOLA MUNICIPAL JOSÉ BONIFÁCIO DE SOUSA;RUA PERNAMBUCO 600
TABULEIRO DO NORTE;91;16;CENTRO;ESCOLA  ANTÔNIO ALVES MAIA;RUA CEL. PIO GADELHA, 4683
BAIXIO;92;76;CENTRO - SEDE;E.E.I.F. ANTONIO ALVES DE FARIAS;AVENIDA ANTÔNIO FERREIRA DE LIMA, 300
FORTALEZA;116;92;GRANJA PORTUGAL;EM CREUSA DO CARMO ROCHA;RUA DUAS NACOES 1055
FORTALEZA;116;466;CONJUNTO CEARÁ II;EM FRANCISCO EDMILSON PINHEIRO;AVENIDA H, 2115, 4A ETAPA
FORTALEZA;82;585;PIRAMBU;CENTRO EDUCACIONAL DOM HÉLIO CAMPOS;RUA SÃO RAIMUNDO, 199
QUIXERAMOBIM;11;185;URUQUE;ESCOLA JOSE MARINHO GOES;VILA DE URUQUE
MILHÃ;55;121;CENTRO;ESCOLA DE ENSINO FUNDAMENTAL CLEONICE B. PINHEIRO ROSA;RUA PEDRO JOSE DE OLIVEIRA 908
BEBERIBE;84;158;PARIPUEIRA;ESCOLA MUNICIPAL BOM JESUS DOS NAVEGANTES;PRAINHA DO CANTO VERDE
MAURITI;76;121;UMBURANAS-DISTRITO;GRUPO ESCOLAR DO SÍTIO AÇUDE VELHO;SITIO AÇUDE VELHO
JUAZEIRO DO NORTE;28;236;SAO MIGUEL;SENAC SÃO MIGUEL;RUA SAO LUIZ 701
FORTALEZA;85;107;CONJUNTO CEARÁ I;CEJA ADELINO DE ALCANTARA FILHO - UV-6;RUA SEISCENTOS E DOZE, 100, 1A ETAPA
CARIDADE;111;112;CENTRO;EEF CARMOZINA BITTENCOURT;AVENIDA CORONEL FRANCISCO LINHARES
AMONTADA;89;138;ARACATIARA;EEB FRANCISCO IRINEU DA SILVA;CARIRI
JUAZEIRO DO NORTE;28;93;FRANCISCANOS;ECIM DOUTOR EDVAR TEIXEIRA FERRER;DOM PEDRO II 1643
ICAPUÍ;8;153;MELANCIAS DE BAIXO;ESCOLA DE 1 GRAU PROFA MARIA EDILCE BARBOSA;MELANCIAS DE BAIXO
AIUABA;101;11;CENTRO;EEM JOSÉ FERREIRA BARBOSA;RUA 7 DE SETEMBRO S/N
BARBALHA;31;140;MALVINAS;CEI RAIMUNDA MARIA SAMPAIO (MALVINAS);RUA P-19, S/N - PROX. ARENINHA
FORTALEZA;82;105;CRISTO REDENTOR;CCDH - CENTRO DE CIDADANIA E DIR. HUMANOS - GOV. VIRGÍLIO TÁVORA;AV. MONSENHOR HELIO CAMPOS, 178
CANINDÉ;33;481;SANTA LUZIA;EMEF SENADOR CARLOS JEREISSATI;RUA EUCLIDES BARROSO, 1048
POTENGI;68;88;CENTRO;GRUPÃO - EEF ANTONIO DE FIGUEIREDO TAVEIRA - SEDE;RUA ALMINO ALENCAR S/N
FORTIM;8;97;TAPUIO;EEF. JULIA DE OLIVEIRA;TAPUIO
ALTO SANTO;86;127;TIBOLO;ESCOLA DE 1 GRAU EDITE MAIA MACHADO;SITIO TIBOLO
ITATIRA;33;142;DISTRITO DE LAGOA DO MATO;ANEXO - JOSÉ PAULO DE SOUSA;AV.NOSSA SENHORA DO CARMO S/N
SOBRAL;121;79;GERARDO CRISTINO;ETI MARIA DORILENE ARRUDA ARAGAO;AV. MONS. ALOÍSIO PINTO, 1.635 D. EXPEDITO
MILHÃ;55;74;CENTRO;ESCOLA DE ENSINO FUNDAMENTAL CLEONICE B. PINHEIRO ROSA;RUA PEDRO JOSE DE OLIVEIRA 908
ACARAÚ;30;369;ZONA RURAL;ESCOLA MARIA NAZARE VIANA;AROEIRA II
NOVA OLINDA;53;35;CRUZEIRO;EEF PADRE CRISTIANO COELHO;AV. JEREMIAS PEREIRA S/N
BELA CRUZ;96;38;AROEIRA-LOCALIDADE;EMEIEF SAO RAIMUNDO;AROEIRA
FORTALEZA;82;692;MONTE CASTELO;CENTRO EDUCACIONAL SÃO MATEUS;AV. SARGENTO HERMÍNIO SAMPAIO, 2440
RUSSAS;9;207;SANTA TEREZINHA;ESCOLA MUNICIPAL PADRE ABDON VALERIO;SANTA TEREZINHA
FORTALEZA;113;245;RODOLFO TEÓFILO;EEFM FÉLIX DE AZEVEDO;RUA MONSENHOR FURTADO, 757
FORTALEZA;113;226;RODOLFO TEÓFILO;COLÉGIO MANUELITO AZEVEDO;RUA TIRADENTES, 483
FORTALEZA;113;222;RODOLFO TEÓFILO;COLÉGIO MANUELITO AZEVEDO;RUA TIRADENTES, 483
FORTALEZA;83;129;JÓQUEI CLUBE;ESCOLA MUNICIPAL PRESIDENTE KENNEDY;AV. LINEU MACHADO 811
FORTALEZA;83;755;JOÃO XXIII;CENTRO DE FORMAÇÃO E DESENV. PARA PROFISSIONAIS DA EDUCAÇÃO - FORMACE;RUA PORTO VELHO, 401
URUBURETAMA;23;48;BAIRRO DA PAZ;CRECHE MUNICIPAL BRANCA DE NEVE;RUA JOSE PIRES CHAVES 1377
ORÓS;15;260;CENTRO - SEDE;E. E. F. MIGUEL NUNES DA COSTA;RUA ANTONIO CUSTODIO SOBRINHO, S/N
FORTALEZA;94;28;QUINTINO CUNHA;EEMTI MARIA JOSÉ SANTOS FERREIRA GOMES (CERE);RUA DONA LUCIA PINHEIRO, 93
BARROQUINHA;108;42;DISTRITO ARARAS;EEF NOSSA SENHORA DE FÁTIMA;RUA DO QUADRO S/N
MARCO;96;96;BAIRRO ALEMAES;CEI MANOEL CLÓVIS RIOS;RUA PRES. ERNESTO GEISEL, 209
FORTALEZA;94;809;VILA VELHA;EMEIF HERONDINA LIMA CAVALCANTE;AV. AMBIENTALISTA ARY THIERS, 310
ICÓ;15;18;CENTRO - SEDE;EEM - VIVINA MONTEIRO;RUA DR INACIO DIAS S/N
CATARINA;60;238;SEDE;EEF MANOEL GARCIA DA SILVA;SAO FRANCISCO
ITAPIÚNA;105;142;ZONA RURAL;UNIDADE BÁSICA DE SAÚDE DA FAMÍLIA MARIA GOMES DA SILVA;CACHOEIRA-CAJUAS
FORTALEZA;112;101;JARDIM DAS OLIVEIRAS;EM ISMAEL PORDEUS;RUA DES FAUSTINO ALBUQUERQUE, 511
UBAJARA;73;99;CENTRO;ESCOLA GRIJALVA COSTA;RUA JOSE RUFINO PEREIRA, 180
FORTALEZA;94;4;QUINTINO CUNHA;CENTRO COMUNITARIO CONJUNTO SAO FRANCISCO;RUA ILHA DO BOTE 367
FORTALEZA;85;104;AUTRAN NUNES;EEMTI RAIMUNDO GOMES DE CARVALHO;RUA RAIMUNDO RIBEIRO, 400
OCARA;67;267;SERENO DE CIMA-DISTRITO;ESCOLA MUNICIPAL SEBASTIAO FREIRES BRAGA - ENSINO FUNDAMENTAL;RUA VENUS SN - SERENO DE CIMA
RUSSAS;9;251;CENTRO;ESCOLA DE ENSINO FUNDAMENTAL CORONEL MURILO SERPA;TRAVESSA SEBASTIAO SANTIAGO LIMA 160
MASSAPÊ;45;34;ZONA RURAL;GEEST DE PADRE LINHARES;POVOADO DE PADRE LINHARES
JAGUARIBE;10;43;DISTRITO DE NOVA FLORESTA;EEIF ULISSES PARANHOS MAIA;RUA FRANCISCO GOMES DE CASTRO, 399
MILHÃ;55;77;CARNAUBINHA;ESCOLA DE ENSINO BASICO RAIMUNDO BEZERRA FIGUEIREDO;RUA VALDINA DE LIMA
PARACURU;109;88;VOLTA;U. B. S. LUIZ COSTA SILVEIRA;RUA RUI LOUREIRO, S/N
BARBALHA;31;9;ROSÁRIO;FACULDADE DE MEDICINA DE BARBALHA (UFCA);RUA DIVINO SALVADOR, 284
FORTALEZA;80;176;FÁTIMA;CENTRO EDUC. DA JUV. PE. JOÃO PIAMARTA - AGUANAMBI;AV. AGUANAMBI, 2479
TAMBORIL;61;63;DISTRITO DE SUCESSO;EMTI EXPEDITO MENDES CHAVES;RUA JOÃO JOSÉ DE CASTRO S/N - CENTRO - VILA SUCESSO
QUIXERAMOBIM;11;1;MANITUBA;ESCOLA AFONSO DE CASTRO MACHADO;VARZEA DO MEIO
QUITERIANÓPOLIS;99;145;CENTRO;EEF ROBERTO ANTUNES DE FREITAS;AV LAURINDO GOMES  SN
FORTALEZA;113;386;SÃO GERARDO;ASSOCIAÇÃO DE PAIS E AMIGOS DO DEFICIENTE AUDITIVO - APADA;AV. BEZERRA DE MENEZES, 549
JUAZEIRO DO NORTE;28;440;JUVENCIO SANTANA;EEF PREFEITO JOSE MONTEIRO DE MACEDO;RUA SAO SALVADOR, 104
MARANGUAPE;4;17;PARQUE SANTA FÉ - MARANGUAPE;CEM DEP. MANOEL RODRIGUES;RUA JUSCELINO KUBITSCHEK, S/N
TIANGUÁ;81;183;ÁREA RURAL DE TIANGUÁ;E.E.F. LUIZ SERAFIM;SÍTIO LAJES
GUARACIABA DO NORTE;74;151;ESTÁDIO;EEF. JOÃO MIGUEL DA FONSECA LOBO;RUA METON SILVANO
ICÓ;15;15;CENTRO - SEDE;CENTRO UNIVERSITÁRIO VALE DO SALGADO;AV. MONSENHOR FROTA, 609
CARIRIAÇU;71;58;PARAÍSO;EEF PAULO BARBOSA LEITE;RUA LUIZ BEZERRA, SN
BAIXIO;92;96;XIQUE-XIQUE - SITIO;ASSOCIAÇÃO DOS AGRICULTORES DO SÍTIO XIQUE-XIQUE;SÍTIO XIQUE-XIQUE
BREJO SANTO;70;248;MORRO DOURADO;ESCOLA MUNICIPAL MESTRE ZE LUIS SILVA RAMOS;RUA ANTONIO GERONIMO SILVA S/N
NOVA OLINDA;53;143;CRUZEIRO;EEMTI PADRE LUIZ FILGUEIRAS;RUA PROFESSORA NANÔ, SN
MARACANAÚ;104;432;PAJUÇARA;COLÉGIO 7 DE SETEMBRO (PAJUÇARA);RUA BEATRIZ CALIXTO, 305
LIMOEIRO DO NORTE;29;29;CENTRO;EEF PE JOAQUIM DE MENEZES;AV DOM AURELIANO MATOS 1853
SÃO BENEDITO;22;141;CENTRO-SEDE;ESCOLA DE ENSINO FUNDAMENTAL FARIAS BRITO;PRACA DOM COUTINHO 864
CARIÚS;43;194;ESPLANADA-SEDE;EEF MARIA SOTER PEREIRA;RUA RAUL NOGUEIRA II, S/N
URUBURETAMA;23;115;CENTRO;EEF LEONOR ROCHA E SILVA;RUA JOAO DA CRUZ MENEZES 100
BARBALHA;31;124;MALVINAS;EEF MARIA VALQUIRIA TELES MOREIRA (MALVINAS);PRAÇA RUA P10 COM AV LUIZ GONZAGA - MALVINAS (7.30233 S, 39.27896 W)
FORTALEZA;82;213;MONTE CASTELO;COLÉGIO MATER AMABILIS;RUA PADRE ANCHIETA, 438
FORTALEZA;115;263;JARDIM CEARENSE;EM JOÃO ESTANISLAU FAÇANHA;RUA ONZE, S/N - CONJUNTO CAMPO DOS INGLESES
JUCÁS;43;132;MONTENEGRO - SÍTIO - SEDE;ESCOLA DE 1 GRAU MARIA DO CARMO DA CONCEICAO;SÍTIO MONTENEGRO
TABULEIRO DO NORTE;91;74;PEDRA PRETA;EMEF OTÍLIO NOBRE DE BRITO - SITIO PEDRA PRETA;SITIO PEDRA PRETA
FORTALEZA;94;748;QUINTINO CUNHA;EEMTI MARIA JOSÉ SANTOS FERREIRA GOMES (CERE);RUA DONA LUCIA PINHEIRO, 93
BATURITÉ;5;47;EVARISTO-SERRA;EMEF OSÓRIO JULIÃO (15 DE NOVEMBRO);SERRA DO EVARISTO, SN
FORTALEZA;95;182;CAJAZEIRAS;DNIT;RODOVIA BR-116, KM 06
OCARA;67;251;SERENO DE CIMA-DISTRITO;ESCOLA MUNICIPAL RAIMUNDO FACO - ENSINO FUNDAMENTAL;ESTRADA DO ALGODAO KM 31 - CORREGO DO FACO
FORTALEZA;113;423;MONTESE;EEFM MARECHAL HUMBERTO DE ALENCAR C. BRANCO;RUA ALVARO FERNANDES, 913
BAIXIO;92;91;CAMPOS - SITIO;ESCOLA MUNICIPAL VICENTE FERREIRA PARNAIBA;SITIO CAMPOS S/N
MASSAPÊ;45;20;GINASIO;CENTRO EDUCACIONAL MASSAPEENSE;RUA AMADEU ALBUQUERQUE 323
VIÇOSA DO CEARÁ;35;121;SITIO CACIMBINHA;ANEXO HORÁCIO FONTENELE MAGALHÃES;SITIO CACIMBINHA
FORTALEZA;116;203;GRANJA LISBOA;EM RACHEL VIANA MARTINS;RUA TUCUNDUBA 2703
ARARIPE;68;39;SITIO IPUEIRAS;ESCOLA MUNICIPAL DO SÍTIO IPUEIRAS;SITIO IPUEIRAS
SOLONÓPOLE;55;117;CENTRO;ESCOLA DE 1 GRAU ANIBAL RODRIGUES PINHEIRO;ALTO VISTOSO S/N
BOA VIAGEM;63;108;PONTA DA SERRA;EEF FRANCISCO DE SOUZA JALES;PONTA DA SERRA
ACARAÚ;30;237;ZONA RURAL;ESCOLA FRANCISCO FREITAS ARAUJO (COMUNIDADE QUILOMBOLA);CORREGO DOS IUS
BARBALHA;31;13;CIROLÂNDIA;EEF CESAR CALS DE OLIVEIRA (CIROLÂNDIA);RUA JOSÉ COELHO CORREIA, S/N (7.32321 S, 39.29880 W)
CHOROZINHO;49;93;TRIANGULO;EEF RAIMUNDO CELSO DOS SANTOS;AV RAIMUNDO CELSO DOS SANTOS SN
MARACANAÚ;122;83;INDUSTRIAL;EMEIEF CORONEL ADAUTO BEZERRA (ANTIGO WALMIKI);AV. CONTORNO SUL, S/N
SENADOR POMPEU;12;96;CENTRO;CENTRO PASTORAL NOSSA SENHORA DE GUARDALUPE;PRAÇA ALCIDES BARREIRA S/N
PACAJUS;49;84;PASCOAL;EEF JOSE ELTON DE LIMA;PASCOAL
MOMBAÇA;46;53;VICENTE;ESCOLA DE ENSINO FUNDAMENTAL JOAQUIM ALVES DA CUNHA;VICENTE
MORADA NOVA;47;69;ARUARU;EEB PROFESSORA JOANA PAULA DE MORAIS;AVENIDA ERNESTO GEISEL
PARAMOTI;111;156;LAGES;ESCOLA MUNICIPAL FILHINHA ROCHA LIMA - CRECHE AMOR DE CRIANÇA;LOCALIDADE LAGES
FORTALEZA;117;441;CANINDEZINHO;EM FLORIVAL ALVES SERAINE;RUA ITATIAIA, 1000
RUSSAS;9;285;PARELHAS;ESCOLA MUNICIPAL DR JOSE MARTINS DE SANTIAGO;PARELHAS
CARIRÉ;65;43;ZONA RURAL;ESCOLA EIEF JOSE DO PATROCINIO BRAGA;RUA SEBASTIAO MARTINS - DISTRITO JUCA
FORTALEZA;116;440;BONSUCESSO;CEI XV DE OUTUBRO;RUA MENINO JESUS DE PRAGA, 192
UBAJARA;73;176;SÍTIO SANTA LUZIA;ESCOLA EUDES SOARES CUNHA - SANTA LUZIA;SITIO SANTA LUZIA
PACAJUS;49;372;COAÇU;EEF ESAU NOGUEIRA DE QUEIROZ;AV HERCILIA LOPES DE MENEZES SN
UBAJARA;73;148;CACHOEIRA DO BOI MORTO;ESCOLA MANUEL URUÇU;SITIO CACHOEIRA DO BOI MORTO
IBARETAMA;6;479;DISTRITO DE PIRANGI;EMEIF JOSÉ GUSTAVO DE QUEIROZ;DISTRITO DE PIRANGI
BREJO SANTO;70;174;SITIO CANAFÍSTULA;PSF CANAFISTULA;SITIO CANAFÍSTULA
MARACANAÚ;122;102;MUCUNA;EMEF MARIA MARQUES DO NASCIMENTO;RUA JOSE NOGUEIRA MOTA, 83
MARACANAÚ;122;271;LUZARDO VIANA;EMEF NAPOLEAO BONAPARTE VIANA;RUA NAPOLEAO BONAPARTE VIANA 410
CANINDÉ;33;41;IMACULADA CONCEIÇÃO;EEEP CAPELAO FREI ORLANDO;RUA PAULINO BARROSO, 1289
PEDRA BRANCA;59;96;SANTA CRUZ DO BANABUIU;E.E.F JOÃO MANOEL FILHO;RUA ANTONIO MACHADO, 72 - BAIRRO SANTO ANTONIO
CARIRÉ;65;16;ZONA RURAL;ASSOCIAÇÃO MUCAÚBA DE MUQUEM DE SÃO PEDRO;MUQUEM DE SAO PEDRO
FORTALEZA;95;110;CONJUNTO PALMEIRAS;EMTI JOAO GERMANO DA PONTE NETO;RUA MAIZA, 549
URUBURETAMA;23;111;CENTRO;C S U - ANEXO COLEGIO MUNICIPAL MARIA JULIA MAIA BONFIM;RUA FARMACEUTICO JOSÉ RODRIGUES S/N
RUSSAS;9;297;CENTRO;ESCOLA DE ENSINO MÉDIO MANOEL MATOSO FILHO;AVENIDA MARIA RAMALHO, 336
UBAJARA;73;89;DISTRITO JABURUNA;ESCOLA LUIZ RIBEIRO DA SILVA;DISTRITO JABURUNA
UBAJARA;73;84;CENTRO;MAÇONARIA;AV MONS GONÇALO EUFRASIO
QUIXELÔ;13;577;ÁREA RURAL DE QUIXELÔ;ESCOLA DE ENS FUND JOÃO PEDRO DE ARAÚJO;PAUS DE LEITE DA CARRANCUDA-SITIO
FORTALEZA;94;45;ANTÔNIO BEZERRA;EEF INSTITUTO DOS CEGOS (ANTÔNIO BEZERRA);RUA DR. JOÃO GUILHERME, 373
QUIXADÁ;6;477;PLANALTO RENASCER;EEFM RAIMUNDO MARQUES DE ALMEIDA (ESCOLA MODELO);RUA PARAGUAI, 2055
FORTALEZA;116;404;BONSUCESSO;EM JOAO PAULO I;RUA LUIZ DE CASTRO 254
URUBURETAMA;23;207;ANGELIM;EEIF DRA MARIA DALVA TOME DE OLIVEIRA;AV PRINCESA ISABEL SN
MISSÃO VELHA;16;25;ZONA RURAL;EEF LEAO SAMPAIO;SITIO ARRAIAL DO MEIO
CANINDÉ;33;39;JOÃO PAULO II;EMEF VALDEMAR GOMES DOS SANTOS;TRAV. I, S/N
ITATIRA;33;464;CENTRO;EEFM ANTONIO SABINO GUERRA;RUA DR CLODOALDO PINTO SN
BARROQUINHA;108;78;CENTRO;EEF FRANCISCO BENÍCIO DE VASCONCELOS;AV. MARIA DIAMANTINA VERAS S/N
ALTO SANTO;86;20;CENTRO;ESCOLA DE 1 GRAU URCESINA MOURA CANTIDIO;RUA CEL SIMPLICIO BEZERRA 8
QUIXADÁ;6;389;CENTRO;BIBLIOTECA PUBLICA MUNICIPAL PADRE FRANCISCO CLINEU FERREIRA;RUA CLÓVIS BEVILÁQUA, SN
URUBURETAMA;23;47;ITAMARATY;EEFM MATILDE RODRIGUES VASCONCELOS;RUA JOSE LOPES CABRAL S/N
AMONTADA;89;187;ÁREA RURAL DE AMONTADA;EEB FRANCISCO XISTO HENRIQUE;SANTO ALEIXO
IPAUMIRIM;92;135;CENTRO-SEDE;CENTRO DE EDUCAÇÃO INFANTIL TIA ZÊ;VILA ALTO BANDEIRANTE
SALITRE;38;134;ZONA RURAL, SALITRE/CE;E.E.I.F. LUIZ SANTIAGO DOS SANTOS - SÍTIO TANQUE NOVO;SÍTIO TANQUE NOVO
IPUEIRAS;40;123;QUIXERÉ;EEF CIRILO ELIAS CAVALCANTE - QUIXERÉ;QUIXERÉ
BATURITÉ;5;12;CENTRO-SEDE;EMEF DOMINGOS SAVIO;AV DOM BOSCO, 393
FORTALEZA;115;194;PARANGABA;EEMTI MARIA THOMÁSIA;RUA POLONIA, 369
FORTALEZA;117;294;BOM JARDIM;ESCOLA MUNICIPAL HERBERT DE SOUSA;RUA URUCUTUBA 1599
ITAPIÚNA;105;146;ZONA RURAL;ESCOLA DE ENSINO FUNDAMENTAL SANTA RITA;TRAVESSIA
ACARAPE;52;157;CANTAGALO;ESCOLA ANACLETO CARLOS CAVALCANTE;CANTAGALO
ACARAÚ;30;194;ZONA RURAL;ESCOLA JOAO DOMINGUES DE SOUSA;ALMECEGAS
FORTALEZA;112;276;JARDIM DAS OLIVEIRAS;EEMTI MIRIAN PORTO MOTA;RUA DAS CASTANHOLAS, S/N
MERUOCA;24;609;São Francisco;CASA DA JUVENTUDE FRANCISCO JOSE CARLOS;DISTRITO SAO FRANCISCO
CANINDÉ;33;476;CANINDEZINHO;EMEF JOAQUIM MAGALHAES FILHO;RUA HOMERO MARTINS 2556
MILHÃ;55;164;SEDE;E. E. I. E. F. JOSÉ PEDRO DE LIMA;DISTRITO DE BAIXA VERDE, S/N - ZONA RURAL
FORTALEZA;116;500;GRANJA PORTUGAL;EEFM SAO FRANCISCO DE ASSIS - GRANJA PORTUGAL;RUA NEREIDE 320
SOBRAL;24;367;JUNCO;EEFI PROF. GERARDO RODRIGUES ALBUQUERQUE;AVENIDA JOHN SANFORD, 1940
FORTALEZA;117;371;CANINDEZINHO;EM NARCISO PESSOA DE ARAÚJO;AV. OSÓRIO DE PAIVA, 4841
JUAZEIRO DO NORTE;119;111;SANTA TEREZA;COLÉGIO MILITAR DE JUAZEIRO DO NORTE;CASTELO BRANCO SN
AQUIRAZ;66;220;JUSTINIANO DE SERPA;EEF LAGOA DO MATO DE SERPA;LAGOA DO MATO - JUSTINIANO DE SERPA
MOMBAÇA;46;137;TEJUBANA;ESCOLA DE ENSINO FUNDAMENTAL ANTONIO SOARES;AV. ANTONIO NONATO DE CARVALHO
ARATUBA;105;57;CENTRO-SEDE;ESCOLA JOSE JOACY PEREIRA - ENSINO FUNDAMENTAL E MEDIO;AVENIDA ARLINDO MEDINA S/N
CANINDÉ;33;44;CENTRO;CEJA - CENTRO DE EDUCAÇÃO DE JOVENS E ADULTOS;RUA SITÔNIO MONTEIRO, 242
SÃO GONÇALO DO AMARANTE;36;291;CROATA-DISTRITO;ESCOLA DE ENSINO FUNDAMENTAL PORFIRIO DE ARAUJO;RUA VALDO UCHOA - CROATA
INDEPENDÊNCIA;39;226;COHAB;CAPS - CENTRO DE ATENÇÃO PSICOSSOCIAL;RUA BOA VISTA SN COHAB
PEREIRO;10;157;SITIO CHABOCAO;GRUPO ESCOLAR MIGUEL ANTONIO DA ROCHA;SITIO CHABOCAO
FORTALEZA;85;245;CONJUNTO CEARÁ I;EEM PROF JOSE MARIA CAMPOS DE OLIVEIRA - UV 8;RUA 820 S/N - 3 ETAPA
FORTALEZA;94;322;VILA VELHA;COLEGIO SALOME BASTOS;RUA DESEMBARGADOR HERMES PARAHYBA 1120
CAUCAIA;37;312;PADRE ROMUALDO;E.E.F. AUGUSTO CESAR SILVA SALES;RUA 15 DE NOVEMBRO, 456
LIMOEIRO DO NORTE;29;32;BIXOPÁ;EEF JOSE AFONSO FERREIRA MAIA;DISTRITO DE BIXOPA
FORTALEZA;95;184;CAJAZEIRAS;DNIT;RODOVIA BR-116, KM 06
FORTALEZA;112;580;EDSON QUEIROZ;CEI ANTÔNIA AGOSTINHO DE SOUSA;RUA TUIUIÚ, S/N
BARBALHA;31;27;VILA SANTO ANTONIO;ETI JOSEFA ALVES DE SOUSA;RUA ZUCA SAMPAIO, S/N (EM FRENTE AO HOSPITAL DO CORAÇÃO)
BARBALHA;31;67;CENTRO;COLÉGIO NOSSA SENHORA DE FÁTIMA;RUA DA MATRIZ, 258
BEBERIBE;84;149;NOVO PLANALTO;ESCOLA MUNICIPAL IRANISE BESSA DE QUEIROZ;RUA JUVENAL COLACO 934
FORTALEZA;80;170;TAUAPE;COLÉGIO MONSENHOR JOVINIANO BARRETO;RUA FREI VIDAL 1621
CAUCAIA;37;29;CENTRO;E.E.F. BRANCA CARNEIRO DE MENDONCA;PRACA DA MATRIZ, 666
FORTALEZA;118;222;PASSARÉ;EEMTI INTEGRADA 2 DE MAIO;AVENIDA DA SAUDADE, S/N
BOA VIAGEM;63;9;CENTRO-SEDE;EEFM DOM TERCEIRO;RUA ALFREDO TERCEIRO  300
BARROQUINHA;108;92;POVOADO PICADA NOVA;EEF JOÃO ANTUNES DE AGUIAR;POVOADO PICADA NOVA
NOVO ORIENTE;99;137;ZONA RURAL;GRUPO ESCOLAR JOSÉ PEDRO DE ARAÚJO;SAO PEDRO
FORTALEZA;116;437;BONSUCESSO;CEI XV DE OUTUBRO;RUA MENINO JESUS DE PRAGA, 192
IPU;21;45;SEDE;EEMTI AUTON ARAGAO;PCA SAO SEBASTIAO 1029 CENTRO
MARACANAÚ;104;228;JEREISSATI II;EEEP GOVERNADOR LUIZ GONZAGA DA FONSECA MOTA;AVENIDA X, S/N
SOBRAL;24;234;JAIBARAS;EEM AYRES DE SOUZA (SEDE) - ESCOLA NOVA;RUA ALFA, S/N
MUCAMBO;79;220;CENTRO;E.E.I.F. RAFAEL CLAUDIO DE ARAUJO;RUA MONSENHOR MELO SN
PARAMBU;19;309;CENTRO;ESCOLA FRANCISCO ALVES TEIXEIRA;RUA PEDRO ALVES DA COSTA, 38 - CENTRO
PARACURU;109;102;CAMPO DE AVIAÇÃO;E. M. E. I. F. PROFESSORA MARIA ALBUQUERQUE LIMA - DINA;AV. SAO JOAO EVANGELISTA, 385
FORTALEZA;80;357;TAUAPE;EMEIF ALMERINDA DE ALBUQUERQUE;RUA ANA GONCALVES 1105
MORADA NOVA;47;1;CENTRO;CAMARA MUNICIPAL DE MORADA NOVA;AV. MANOEL CASTRO, 764
FRECHEIRINHA;81;280;CENTRO;ESCOLA DE ENSINO MÉDIO ANTONIO CUSTODIO;RUA TENENTE EUFRASIO, 133 - CENTRO
TRAIRI;97;109;AGUA BOA DOS SALES;SALAO SAO JOAO BATISTA;AGUA BOA DOS SALES
TRAIRI;97;59;ALAGADICO DE CIMA;CENTRO COMUNITARIO FRANQUINHO DAMASCENO;ALAGADICO DE CIMA
RERIUTABA;79;133;PRIMEIRA VÁRZEA;E.E.I.F. FRANCISCO ÂNGELO DA SILVEIRA;PRIMEIRA VÁRZEA - ZONA RURAL
FORTALEZA;80;155;VILA UNIÃO;EEFM CEL PROF JOSÉ AURÉLIO CÂMARA;RUA JORGE ACURCIO, 655
EUSÉBIO;88;95;ENCANTADA;EEF FRANCISCO TAVARES DE ABREU;RUA SANTO AMARO, 1000 - ENCANTADA
JAGUARIBE;10;72;AMÉRICO BEZERRA;CEJA - COSME ALVES DE LIMA;RUA ELIZIARIO  PINHEIRO S/N
BREJO SANTO;70;11;CAPILÉ;CEI SANTÍSSIMO SACRAMENTO;R MANOEL LEITE DE MOURA, 72
AQUIRAZ;66;12;CENTRO;EMEF LAIS SIDRIM TARGINO;PRAÇA PADRE MATIAS  N 55
CATUNDA;54;166;POVOADO BUENOS AIRES;E. E. F. RAIMUNDO GONÇALVES DAMASCENO;POVOADO DE BUENOS AIRES
JAGUARIBE;10;30;CENTRO;COLEGIO CLOVIS BEVILAQUA;AV. OITO DE NOVEMBRO 443
MARTINÓPOLE;25;189;CENTRO;E.E.F.T.I. CHICO MUNDOCA;RUA 07 DE SETEMBRO, N 902
PACAJUS;49;210;CENTRO;CENTRO DE EDUCAÇÃO DE JOVENS E ADULTOS DE PACAJUS - CEJAP;RUA TABELIAO JOSE GAMA FILHO, 350
RUSSAS;9;59;CENTRO;ESCOLA DE ENSINO MÉDIO MANOEL MATOSO FILHO;AVENIDA MARIA RAMALHO, 336
RUSSAS;9;249;PARAISO;ASSOCIAÇÃO COMUNITÁRIA RAFAEL IVO XAVIER;SITIO PARAISO
FORTALEZA;116;43;BOM JARDIM;EM SANTOS DUMONT;RUA GERALDO BARBOSA 240
MOMBAÇA;46;117;CIPO;ESCOLA DE ENSINO FUNDAMENTAL ANTÔNIO TOMAZ DE AQUINO;DISTRITO DE CIPÓ
FORTALEZA;95;330;BARROSO;EEFM PADRE MARCELINO CHAMPAGNAT;RUA DAURA, 120
FORTALEZA;95;287;BARROSO;EM PROFESSORA MARIA ANTONÉZIA MEIRELES E SÁ;RUA CORONEL VIRGÍLIO TÁVORA, 1340
FORTALEZA;80;173;FÁTIMA;CENTRO EDUC. DA JUV. PE. JOÃO PIAMARTA - AGUANAMBI;AV. AGUANAMBI, 2479
JUCÁS;43;63;MEL - VILA;ESCOLA DE 1 GRAU ANTONIO JOSE DE MELO;RUA ANTONIO JOSE DE MELO S/N
CANINDÉ;33;486;CENTRO;CENTRO DE SAÚDE CHICO CAMPOS;RUA ANTONIO MARTINS 239
TAUÁ;19;411;ALDEOTA;ESCOLA PROFISSIONALIZANTE MONSENHOR ODORICO;AV CHERMONT ALVES, S/N
MOMBAÇA;46;7;CENTRO;EEF PE. PEDRO LEÃO;RUA FRANCISCO DE ASSIS BARROSO FEIJÓ
BOA VIAGEM;63;94;FAZENDA NOVA-SEDE;EEF SAGRADO CORAÇÃO DE JESUS;TIMBAÚBA
SANTA QUITÉRIA;54;229;ASSENTAMENTO JUÁ;ESCOLA DONA IOLANDA QUEIROZ;ASSENTAMENTO JUÁ
PARAMBU;19;311;CENTRO;ESCOLA FRANCISCO ALVES TEIXEIRA;RUA PEDRO ALVES DA COSTA, 38 - CENTRO
FORTALEZA;113;344;PARQUELÂNDIA;ESCOLA ESTADUAL DE EDUCAÇÃO PROFISSIONAL JOAQUIM NOGUEIRA;RUA MOREIRA DE SOUSA, 327
PACAJUS;49;346;CAVALARIA;EEF MARIA DO CARMO DE SOUSA LOPES (GRUPO ESCOLAR);CAVALARIA
JIJOCA DE JERICOACOARA;30;410;CENTRO;CRECHE COMUNITÁRIA SANTA LUZIA;RUA MANOEL MARQUES - 1181
VÁRZEA ALEGRE;62;56;IBICATU;EEF MARIA SIEBRA DE MORAIS;SÍTIO FORTUNA
BARBALHA;31;157;MATA DOS LIMAS;EMEIF DIONÍSIO ROSS COELHO UCHOA;RUA P 01, S/N - SÍTIO MATA DOS LIMAS (7.26976 S, 39.32351 W)
QUIXERAMOBIM;11;207;JOSE AURELIO CAMARA;ESCOLA CEL VIRGILIO TAVORA- CIDADE;RUA FAUSTO COSTA 180
CAMOCIM;32;231;ZONA RURAL;E.E.F. DEP MURILO ROCHA AGUIAR - KM 06;LOCALIDADE KM 06
JARDIM;119;342;FAZENDA NOVA;ESCOLA MUNICIPAL JOSE DA COSTA;POVOADO DE FAZENDA NOVA SN
FORTALEZA;80;333;JOAQUIM TÁVORA;COLÉGIO ANTARES IRMÃ MARIA (ANTIGO IRMÃ MARIA MONTENEGRO);RUA PINHO PESSOA 681
IPUEIRAS;40;46;AREIAS;EEI E FUNDAMENTAL JOSÉ SOARES CAVALCANTE - AREIAS;AREIAS
SOBRAL;121;292;JOCELY DANTAS;CURSO DE QUIMICA-UVA-CAMPUS CIDAO;AV. DR. GUARANY
FORTALEZA;116;320;GRANJA LISBOA;EM RACHEL VIANA MARTINS;RUA TUCUNDUBA 2703
PACUJÁ;79;187;CENTRO;E.E.M. PLACIDO ADERALDO CASTELO;RUA 22 DE SETEMBRO, SN
FORTALEZA;116;39;GRANJA LISBOA;EM PROF ANTONIA MARIA DE LIMA;RUA SARGENTO JOAO PINHEIRO 2601
AURORA;69;81;ARACA-SEDE;E.E.F.P. LEOPOLDINA GONÇALVES QUEZADO;RUA MARICA LEITE,285
PALMÁCIA;4;157;GADO DOS FERROS;CERU PREFEITA FELISMINA CAMPELO MACAMBIRA;GADO DOS FERROS
JUAZEIRO DO NORTE;119;150;PIRAJA;CRECHE ANA AMELIA BEZERRA DE MENEZES;RUA VEREADOR JOSE RODRIGUES, 270
MUCAMBO;79;220;CENTRO;E.E.I.F. RAFAEL CLAUDIO DE ARAUJO;RUA MONSENHOR MELO SN
SOBRAL;121;250;CENTRO;UNIVERSIDADE UNOPAR SOBRAL;AV DOM JOSÉ, 1138
FORTALEZA;94;334;JARDIM GUANABARA;CMES PROF JOSE REBOUCAS MACAMBIRA;RUA CARIÚS 200
JUAZEIRO DO NORTE;119;121;ROMEIRAO;ESCOLA SESI/SENAI PADRE AZARIAS SOBREIRA;RUA JOSÉ MARROCOS, 2265
IPUEIRAS;40;189;BALSEIROS;C.E.I MARIANA SANTA CHAVES - BALSEIROS;BALSEIROS
FORTALEZA;80;209;ALTO DA BALANÇA;EEF CIRCULISTA BOM JESUS;RUA JOSE BUSON 101
ORÓS;15;298;PALESTINA - DISTRITO;E.E.F. MANOEL LEITE BARBOSA;RUA 07 DE SETEMBRO, S/N
CANINDÉ;33;317;ZONA RURAL;EMEF JOAO ARAUJO DA SILVA;SERRINHA DOS ARAGOES
ITATIRA;33;401;DISTRITO DE LAGOA DO MATO;ANEXO - JOSÉ PAULO DE SOUSA;AV.NOSSA SENHORA DO CARMO S/N
SÃO GONÇALO DO AMARANTE;36;228;BOLSO;ESCOLA DE ENSINO FUNDAMENTAL MANOEL PEREIRA BRITO;BOLSO
MORRINHOS;44;165;NOVA FLORESTA;ANEXO DA ESCOLA MUNICIPAL JOSÉ LUIZ MESQUITA;POVOADO NOVA FLORESTA
GUAIÚBA;57;66;AGUA VERDE;EEBM SAO FRANCISCO;RUA MANOEL BANDEIRA, S/N
FORTALEZA;116;485;BONSUCESSO;EM ANTONIO DIOGO DE SIQUEIRA;RUA ANSELMO NOGUEIRA 655
CARIÚS;43;186;CAIPU-DISTRITO;EEIF JOAO FRANCELINO SOBRINHO;VILA CAIPU
FORQUILHA;121;201;EDMUNDO RODRIGUES;EEFM ELZA GOERSCH;AV CRIANÇA DANTE VALERIO S/N CENTRO
FORTALEZA;112;12;JARDIM DAS OLIVEIRAS;COLÉGIO NOVO HORIZONTE;RUA BEIJA FLOR, 25
MORAÚJO;64;65;CENTRO;MORAÚJO - CEI RAIMUNDA MACÁRIO;TRAVESSA JOSÉ ALEXANDRE, S/N - CENTRO
ARACATI;8;235;VARZEA DA MATRIZ;COLEGIO MUNICIPAL;RUA PADRE PACHECO, S/N.
GUARACIABA DO NORTE;74;80;CENTRO;CENTRO PASTORAL NOSSA SENHORA DOS PRAZERES;R. CEL.CLÍNIO MEMÓRIA, 281 - CENTRO
CAMOCIM;32;205;ZONA RURAL;ESCOLA JOAO PEREIRA DE BRITO-SITIO SAO MATEUS;LOCALIDADE DE SITIO SAO MATEUS
ICÓ;15;102;LIMA CAMPOS - DISTRITO;EMTIH - MONSENHOR JOSE CAMURCA;RUA SAO SEBASTIAO, 239
AQUIRAZ;66;340;SITIO GUARDA;EMEF VINDINA ASSUNCAO DE AQUINO;AV PETRONILIA PEREIRA S/N
VIÇOSA DO CEARÁ;35;13;CENTRO;E.E.M DEPUTADO MANOEL RODRIGUES;RUA PROFESSOR JOÃO VIANA, S/N
ALCÂNTARAS;24;1;SAO JOSE;EEM FRANCISCO DE ALMEIDA MONTE;RUA FRANCISCO CUNHA S/N
PORTEIRAS;70;269;CENTRO-SEDE;E E E M ARISTARCO CARDOSO;RUA EXPEDITO ALVES SANTANA S/N
IPAPORANGA;20;310;ALTO DO BOM PRINCÍPIO;ESCOLA DE ENSINO FUNDAMENTAL WALDEMAR DE ALCÂNTARA;RUA PEDRO CORREIA LEITÃO, 45
SOBRAL;24;421;JAIBARAS;ANEXO JOAO PINTO DE OLIVEIRA (IPUEIRINHA);LOCALIDADE IPUERINHA
CAUCAIA;123;493;NOVA METRÓPOLE (JUREMA);E.E.I.E.F. FRANCISCA ALVES DO AMARAL;AV. B, 442 - NOVA METRÓPOLE
IPAPORANGA;20;245;ALTO DO BOM PRINCÍPIO;ESCOLA DE ENSINO FUNDAMENTAL WALDEMAR DE ALCÂNTARA;RUA PEDRO CORREIA LEITÃO, 45
CAUCAIA;123;561;NOVA METRÓPOLE (JUREMA);E.E.I.E.F. LUIZ GONZAGA FONSECA MOTA;AVENIDA CONTORNO OESTE, S/N
UMIRIM;23;269;CRUZEIRO;CONSELHO TUTELAR (EX-SEC. DE AGRICULTURA/OBRAS);RUA DO CRUZEIRO, 57
FORTALEZA;82;182;SÃO GERARDO;ESCOLA MUNICIPAL GUSTAVO BARROSO;RUA ERETIDES MARTINS, 26
TARRAFAS;18;157;CENTRO;CENTRO DE EDUCAÇÃO INFANTIL;RUA ANTONIO GONCALVES VALENÇA, S/N
PIQUET CARNEIRO;12;119;CATOLE DA PISTA;EMEF JOSÉ ELIEDSON DE BRITO;CATOLE DA PISTA
MADALENA;63;187;SEDE;EEF PE. NERI FEITOSA;SALGADINHO
AQUIRAZ;66;161;CENTRO;ESCOLA DE ENSINO MEDIO LIA SIDOU;RUA VIRGILIO COELHO N  693
UBAJARA;73;183;NOSSA SENHORA DE LOURDES;ESCOLA EUDES S CUNHA / NOSSA SRA. DE LOURDES;RUA CESARIO COSTA
MARACANAÚ;122;185;COQUEIRAL;EMEF JOSE BELISARIO DE SOUSA;RUA MANOEL MOREIRA LIMA 790
ITAPIPOCA;17;326;ARAPARI;EEB MARIA MESQUITA RODRIGUES;QUANDU
TARRAFAS;18;103;ZONA RURAL;ESCOLA DE 1O. GRAU RICARTE PEDRO DO CARMO;SITIO PATOS - ZONA RURAL
PIQUET CARNEIRO;12;13;CENTRO;SIND DOS TRAB RURAIS E AGRICULTORES(AS) FAMILIARES DE PIQ. CARNEIRO;RUA ZACARIAS PINHEIRO DA SILVA, S/N
EUSÉBIO;88;102;TIMBU;EEF EDUARDO ALVES RAMOS;ESTRADA DO FIO, 3603 - TIMBU
ARACATI;8;117;JIRAU I;POSTO DE SAÚDE DO JIRAU I;JIRAU I
FORTALEZA;116;481;GRANJA PORTUGAL;EEFM SAO FRANCISCO DE ASSIS - GRANJA PORTUGAL;RUA NEREIDE 320
TAUÁ;19;266;BEZERRA E SOUZA;EEF MARIA DO LIVRAMENTO BARRETO DA COSTA LEITAO;RUA PEDRO MATIAS DE VASCONCELOS SN
TAMBORIL;61;37;CENTRO;EMEF GENERAL SAMPAIO;RUA FRANCISCO MARTINS DE HOLANDA, 75
SOBRAL;121;37;PATOS;ETI ALZIRA PAULO BRAGA;PATOS
MERUOCA;24;576;Centro;EEIF - DEPUTADO FRANCISCO MONTE;AV PEDRO SAMPAIO 471
CANINDÉ;33;302;CAN;EMEF MELVIN JONES;RUA PROFESSOR RAIMUNDO MARTINS 1405
BOA VIAGEM;63;41;IBUACU;EEF MARIA AUZERINA CHAVES;RUA FÉLIX FERREIRA FRANCO, 313
TAUÁ;19;152;MARRECAS;EPG JESUS MARIA JOSE;VILA DE MARRECAS
TIANGUÁ;81;148;TABAINHA;E.E.I.F. RAIMUNDO LOPES MAGALHÃES;DISTRITO TABAINHA
FORTALEZA;95;174;PARQUE SANTA MARIA;EEMTI POETA OTACILIO COLARES;RUA JORGE DA VEIGA, 265
LAVRAS DA MANGABEIRA;14;110;CRUZEIRO;ESCOLA DE 1 GRAU STELA SAMPAIO;BAIRRO DO CRUZEIRO S/N
FORTALEZA;117;306;CONJUNTO ESPERANÇA;EEFM PROFA ADELIA BRASIL FEIJO;AV CONTORNO SUL, 1540
CAUCAIA;37;213;ICARAI;E.E.I.E.F FRANCISCO MARTINS DE MORAES;RUA BELARMINO JOSÉ, 201 - ICARAÍ
SÃO GONÇALO DO AMARANTE;36;302;LIBERDADE;ESCOLA DE ENSINO FUNDAMENTAL MARIA DO SOCORRO GOUVEIA;RUA FRANCISCO DUARTE - LIBERDADE
CAUCAIA;37;60;PARQUE SOLEDADE;COLEGIO JANUSA CORREA;RUA NOSSA SENHORA DOS PRAZERES, 238
OCARA;67;274;CENTRO-SEDE;SECRETARIA DE CULTURA, ESPORTE E JUVENTUDE (ANTIGA ESCOLA ALMIR PINTO);AV CORONEL JOAO FELIPE SN
ITAIÇABA;75;9;TABULEIRO DO LUNA;E.E.F.  RAIMUNDO NONATO GOMES DINIZ;TABULEIRO DO LUNA
ITAREMA;98;205;ZONA RURAL;EMF BENEDITO BEZERRA DE SOUSA;VILA PARATI
ITAPIPOCA;17;610;CACIMBAS;CENTRO EDUCACIONAL MARIA MAGALHAES VIANA AZEVEDO;RUA MOESIO LOIOLA S/N
ITAITINGA;78;260;PARQUE DOM PEDRO;EEF MANOEL FERREIRA GOMES;RUA D, 636
ITAITINGA;78;250;CENTRO;EEF GERALDO BATISTA DE LIMA;AV. CEL. VIRGÍLIO TÁVORA S/N
JUAZEIRO DO NORTE;119;27;SANTA TEREZA;COLÉGIO MILITAR DE JUAZEIRO DO NORTE;CASTELO BRANCO SN
SÃO GONÇALO DO AMARANTE;36;39;PECEM-DISTRITO;ESCOLA DE ENSINO FUNDAMENTAL EUCLIDES PEREIRA GOMES;TRAVESSA MARCIONILIA SAMPAIO S/N
IPUEIRAS;40;64;CENTRO;CENTRO MULTIFUNCIONAL FRANCISCO CAZUZA SAMPAIO - CENTRO;RUA CORONEL JOSÉ BENTO, S/N
MORADA NOVA;47;161;ARUARU;EEB BENEVENUTO LINO DO NASCIMENTO;RUA DE FATIMA S/N PATOS
FORTALEZA;94;855;VILA VELHA;EMEIEF MARIA MARIZA MENDES DE CARVALHO;RUA RAIMUNDO CUNHA 1174
VIÇOSA DO CEARÁ;35;56;SITIO BUIRA GRANDE;E.E.I.F JOAO BONIFACIO DO NASCIMENTO;SITIO BUIRA GRANDE
AQUIRAZ;66;351;GENIPAPEIRO;EMEF MANOEL ASSUNCAO PIRES;RUA PRINCIPAL S/N
FORTALEZA;113;263;AMADEU FURTADO;EEF MONSENHOR LINHARES;RUA PROF. LINO ENCARNAÇÃO, 1130
FORTALEZA;113;267;RODOLFO TEÓFILO;ESC. MUNICIPAL ANTONIO SALES RODOLFO TEÓFILO;RUA TAVARES IRACEMA, 675
FORTALEZA;112;23;PARQUE MANIBURA;COLÉGIO ÁGAPE;AV HERMINIO DE CASTRO, 140
TIANGUÁ;81;180;ÁREA RURAL DE TIANGUÁ;E.E.F. JOSÉ MARIA DA SILVA;SÍTIO PÉ DO MORRO
BOA VIAGEM;63;207;SAO JOSE-SEDE;EEF JOSE LESSA CAVALCANTE;AREIAS - SAO JOSE
FORTALEZA;94;819;QUINTINO CUNHA;EEMTI MARIA JOSÉ SANTOS FERREIRA GOMES (CERE);RUA DONA LUCIA PINHEIRO, 93
FORTALEZA;116;174;GRANJA PORTUGAL;EM IRMÃ ROCHA - ANEXO;RUA EMILIO DE MENEZES S/N
JUAZEIRO DO NORTE;119;214;PIRAJA;ESCOLA AMALIA XAVIER;RUI BARBOSA 468
GRANJA;25;211;JACURUTU;E.E.F. NAPOLEÃO FONTENELE ROCHA;LOCALIDADE JACURUTU
ALTO SANTO;86;40;CENTRO;ESCOLA DE 1 GRAU URCESINA MOURA CANTIDIO;RUA CEL SIMPLICIO BEZERRA 8
ARACATI;8;175;VARZEA DA MATRIZ;C.E.I. PROF. SALETE MORAIS;RUA ABELARDO GURGEL COSTA LIMA
QUIXERAMOBIM;11;172;DAMIAO CARNEIRO;ESCOLA SALVIANO PATRICIO DE ALMEIDA;JUREMA
CAUCAIA;37;195;CAMARA;E.E.I.E.F. JOSÉ CRISÓSTOMO BASÍLIO;ESTRADA DO CAMARÁ - REGIÃO GUARURU
MASSAPÊ;45;92;CENTRO;GEST MONS. MANOEL HENRIQUES;TRAVESSA PADRE LINHARES 60
SANTA QUITÉRIA;54;222;PEREIROS;CRECHE COMUNITARIA MARIA DO SOCORRO PESSOA CATUNDA;PEREIROS
RERIUTABA;79;98;CAMPO LINDO;E.E.I.F. ANTÔNIO ALVES DE SOUSA;POVOADO DE CAMPO LINDO - ZONA RURAL
FORTALEZA;85;265;AUTRAN NUNES;EMEIF DOLORES ALCANTARA;RUA CARDEAL ARCOVERDE S/N
FORTALEZA;80;343;JOAQUIM TÁVORA;COLÉGIO SALESIANO DOM BOSCO;AV ANTONIO SALES 116
GUARACIABA DO NORTE;74;111;DISTRITO;ESCOLA MUNICIPAL DE SAO FELIX;SAO FELIX
SOBRAL;121;171;CENTRO;CEI IVONIR AGUIAR;AV DOM JOSÉ, 2184
FORTALEZA;95;292;JANGURUSSU;EMEIEF MARTHA DOS MARTINS COELHO GUILHERME;RUA 313, 243, CONJUNTO SÃO CRISTÓVÃO
PACATUBA;57;97;SAO JOSE;CENTRO COMUNITÁRIO;RUA CAPITÃO MANUEL PONTES DE MEDEIROS, PARQUE ARATANHA
SOBRAL;24;689;DOMINGOS OLÍMPIO;EEFI EMILIO SENDIM;RUA EDUARDO DE ALMEIDA SANFORD, S/N
IGUATU;13;324;ÁREA RURAL DE IGUATU;CRECHE MARIA BONFIM DE MENEZES;SITIO ITANS
PACATUBA;57;11;ALTO SAO JOAO;PROJETO ABC-PACATUBA;RUA FRANCISCO LOPES SOBRINHO, 1619
NOVO ORIENTE;99;142;CENTRO;EEF FRANCISCO RUFINO VIEIRA;RUA CAPITAO RODRIGO S/N
IPUEIRAS;40;182;VILA NOVA;EEF ESTEVAM RODRIGUES MOREIRA - VILA NOVA;ESTEVAM RODRIGUES MOREIRA, 604
MIRAÍMA;89;276;BROTAS;EEB MOURA NEGRÃO FILHO;RUA GERALDO HENRIQUE DE ARAUJO 265
FORTALEZA;117;336;PARQUE PRESIDENTE VARGAS;COLÉGIO CASTRO ALVES;RUA TULIPA NEGRA, 2319
FORTALEZA;93;158;PREFEITO JOSÉ WALTER;CUCA JOSÉ WALTER;RUA 69, S/N
IGUATU;13;129;BARRO ALTO;ESCOLA DE ENS FUND BEVENUTO ALVES DA SILVA;QUIXOA II
RUSSAS;9;49;CENTRO;ESCOLA MUNICIPAL TIA BENILCE DE EDUC INFANTIL E ENSINO FUNDAMENTAL;AVENIDA DOM LINO, 204
PARAMOTI;111;176;CENTRO;EEMTI TOMÉ GOMES DOS SANTOS (PRÉDIO NOVO);RUA ORLEANS FARIAS, S/N - SANTA CECÍLIA
FORTALEZA;82;200;MONTE CASTELO;EM FAUSTINO DE ALBUQUERQUE;RUA AMARO CAVALCANTE, 89
FORTALEZA;113;354;MONTESE;COLÉGIO AGNUS;RUA TEODORICO BARROSO, 827
NOVA OLINDA;53;14;CRUZEIRO;EEMTI PADRE LUIZ FILGUEIRAS;RUA PROFESSORA NANÔ, SN
FORQUILHA;121;185;ALTO ALEGRE;CERU-CENTRO DE EDUCAÇÃO BASICA MARRINA MAGALHAES MARTINS;R POSIDONIO GOMES SIQUEIRA SN
FORTALEZA;2;137;MESSEJANA;EEM LICEU DE MESSEJANA;AVENIDA WASHINGTON SOARES 7702
CASCAVEL;7;157;CHORO CAJAZEIRAS;ESC.ENS.FUND. JUAREZ QUEIROZ;CHORO CAJAZEIRAS
FORTALEZA;2;779;JOSÉ DE ALENCAR;COLÉGIO CHRISTUS SUL 3;AV ENGENHEIRO LEAL LIMA VERDE, 2500 - JOSÉ DE ALENCAR
GUARAMIRANGA;5;228;PERNAMBUQUINHO-DISTRITO;ESCOLA RODRIGO DE ARGOLO CARACAS (PERNAMBUQUINHO);RODOVIA DE PERNAMBUQUINHO
FORTALEZA;112;419;EDSON QUEIROZ;COLEGIO ARI DE SA CAVALCANTE WS;AV WASHINGTON SOARES, 3737
CAUCAIA;37;249;CAMARA;E.E.I.E.F. JOSÉ CRISÓSTOMO BASÍLIO;ESTRADA DO CAMARÁ - REGIÃO GUARURU
ORÓS;15;321;CENTRO;CEI MARIA AURILA PEQUENO VIDAL;RUA LUIZ ROLIM, S/N
FORTALEZA;118;529;PARQUE DOIS IRMÃOS;EM DOUTOR ABDENAGO DA ROCHA LIMA;RUA 114, 75 (CJ TUPAN MIRIM)
MARANGUAPE;4;612;NOVO MARANGUAPE I (ÁREA VERDE) - MARANGUAPE;COLÉGIO OLÍMPICO;RUA JOANINHA VIEIRA, 176
ACOPIARA;60;53;DISTRITO SANTA FELICIA;EEF SEBASTIAO MANDU DE LIMA;SITIO CATINGUEIRA
FORTALEZA;115;379;PARANGABA;EEMTI GENERAL EUDORO CORREA;RUA JULIO BRAGA 101
CRATEÚS;20;159;SANTO ANTÔNIO;ASSOCIAÇÃO COMUNITÁRIA DE BEBIDA NOVA;BEBIDA NOVA
FORTALEZA;1;691;MUCURIPE;IATE CLUBE;AVENIDA DA ABOLIÇÃO 4813
FORTALEZA;3;477;ALDEOTA;COLÉGIO CHRISTUS (AV. BARÃO DE STUDART);RUA JOÃO CARVALHO, 630
HORIZONTE;78;207;ZUMBI;EMEF JOSE EDUARDO DE SOUSA;RUA MARIA LUIZA NORONHA - 405
CRATEÚS;20;95;TUCUNS;ESCOLA DE CIDADANIA JOSE ARAUJO VERAS;QUEIMADAS
EUSÉBIO;88;246;PRECABURA;EEF ELISBAO PIO;AV ELISBAO PIO - PRECABURA
FORTALEZA;95;220;PARQUE SANTA MARIA;EMEIEF BARBARA DE ALENCAR;RUA CAPITAO PORFIRIO, 544
CANINDÉ;33;10;MONTE ;EMEF SÃO FRANCISCO;AV FRANCISCO CORDEIRO CAMPOS, 500
VIÇOSA DO CEARÁ;35;125;PADRE VIEIRA;E.E.I.F CONRADO FELIX VIEIRA;SITIO GAMILEIRINHA
EUSÉBIO;88;83;GUARIBAS;EEF DAS GUARIBAS;RUA SÃO FRANCISCO, 84 - GUARIBAS
VIÇOSA DO CEARÁ;35;29;LAMBEDOURO;E.E.F. DE OITICICAS;VILA OITICICAS
ARACOIABA;67;35;IDEAL-DISTRITO;ESCOLA MUNICIPAL JOAO FERREIRA GADELHA;RUA DO COMERCIO SN
CAUCAIA;37;597;NOVO PABUSSU;EEIEF MARIA DOLORES MENEZES DE ALMEIDA;RUA DA CONSOLAÇÃO, 465
FORTALEZA;112;293;PARQUE MANIBURA;COLÉGIO ÁGAPE;AV HERMINIO DE CASTRO, 140
CRATEÚS;20;27;CENTRO;SEFAZ-CE (DELEGACIA REGIONAL E COLETORIA ESPECIAL DA FAZENDA);RUA CEL. ZEZE,  1084
CRATO;27;93;SEMINÁRIO;EEIEF LICEU DIOCESANO DE ARTES E OFÍCIOS;RUA DUARTE JÚNIOR S/N
URUBURETAMA;23;153;SÃO ROMÃO-BANANAL / ZONA RURAL;EEF FIDELIS DE CARVALHO;SAO ROMAO
PACATUBA;57;13;CENTRO;EEM CRISPIANA DE ALBUQUERQUE;RUA RAIMUNDO SIQUEIRA,1819
ARACOIABA;67;53;AGROVILA;ESCOLA LUIZ PINTO DE ARAÚJO (AGROVILA);LAGOA DE SÃO JOÃO - AGROVILA
FORTALEZA;1;496;MUCURIPE;ESCOLA ESTADUAL MATIAS BECK;RUA  PROFESSORA AIDA BALAIO 38
PEREIRO;10;130;CENTRO;ESCOLA MUNICIPAL CLEONICE FREIRE DE QUEIROZ;RUA NEL QUEIROZ  257
SÃO GONÇALO DO AMARANTE;36;143;CROATA-DISTRITO;ESCOLA DE ENSINO FUNDAMENTAL PORFIRIO DE ARAUJO;RUA VALDO UCHOA - CROATA
FORTALEZA;1;357;MUCURIPE;IATE CLUBE;AVENIDA DA ABOLIÇÃO 4813
FORTALEZA;118;47;PARQUE DOIS IRMÃOS;CEI FRANCISCA RODRIGUES DE SOUSA;RUA MAJOR TELÉSFORO S/N
ARARIPE;68;23;DISTRITO ALAGOINHA;ESCOLA MUNICIPAL ANTONIO RODRIGUES DE LIMA - ALAGOINHA;RUA JOAO LUIZ RODRIGUES S/N - DISTRITO ALAGOINHA
MARACANAÚ;122;138;COQUEIRAL;EMEF JOSE BELISARIO DE SOUSA;RUA MANOEL MOREIRA LIMA 790
FORTALEZA;114;287;JARDIM IRACEMA;EM JESUS CRISTO;RUA ALBERTO FERREIRA, 564
CRATO;27;173;DOM QUINTINO;ASSOCIAÇÃO COMUNITÁRIA SÃO JUDAS TADEU;SÍTIO CACHOEIRA DOS GONÇALVES
CRATO;27;108;PINTO MADEIRA;CENTRO DE ESPECIALIDADES DO CRATO;RUA JOSÉ MARROCOS 471
GUARACIABA DO NORTE;74;129;SEDE;INSTITUTO PROMOCIONAL BENJAMIM SOARES (PATRONATO);RUA PADRE BERNARDINO MEMORIA - CENTRO
VIÇOSA DO CEARÁ;35;10;CENTRO;E.E.F PEQUENO POLEGAR;RUA SILVA JARDIM S/N
FORTALEZA;3;191;CENTRO;EM NOSSA SENHORA APARECIDA;RUA TERESA CRISTINA, 112
FORTALEZA;93;282;PREFEITO JOSÉ WALTER;EEEP PROFESSOR ONELIO PORTO;AVENIDA E, 471 - II ETAPA
ITAPIPOCA;17;744;BARRENTO;EEB SEBASTIÃO MALAQUIAS DOS SANTOS;TABOCAL
CAMOCIM;32;86;ZONA RURAL;EEF CEL VICENTE DE PAULA AGUIAR - GRUPO PEDRA BRANCA;LOCALIDADE DE PEDRA BRANCA
FORTALEZA;115;387;VILA PERI;COLEGIO JIM WILLSON;AV. AUGUSTO DOS ANJOS, 1915
MARACANAÚ;104;98;JEREISSATI I;EEMTI PROFESSOR ANTÔNIO MARTINS FILHO;AVENIDA III, S/N
ITAPIPOCA;17;121;CRUZEIRO;EEB PROFESSOR PEDRO TEIXEIRA BARROSO;RUA ANTONIO BARROSO NETO S/N
CRATEÚS;20;34;VENANCIOS;CENTRO REGIONAL DE DESENVOLVIMENTO DA EDUCACAO (CREDE 13);KM 4 BR 226
CRATEÚS;20;230;FATIMA I;SERVIÇO SOCIAL DO COMÉRCIO - SESC;RUA PADRE CÍCERO, 200
SOBRAL;121;118;CENTRO;EEFM DR JOAO RIBEIRO RAMOS;RUA CONSELHEIRO JOSE JULIO
RUSSAS;9;250;FLORES;ESCOLA DE ENSINO FUNDAMENTAL E MEDIO MARIA DE LOURDES DE OLIVEIRA;RUA JOSE SABINO MENDES 2313
PARAIPABA;109;183;CENTRO;EMEIF FRANCISCO FIGUEIREDO DE PAULA PESSOA;RUA ANTONIO TABOSA SN
SOBRAL;24;402;JAIBARAS;ANEXO AYRES DE SOUSA (SETOR III-JAIBARAS);SETOR III PERIMETRO IRRIGADO AYRES DE SOUSA - JAIBARAS
RUSSAS;9;60;CENTRO;ESCOLA MUNICIPAL JOSE RAIMUNDO DE DEUS;AVENIDA IRMÃ MARIA DA GRAÇA
CATUNDA;54;134;CENTRO;E.E.F.M. MONSENHOR XIMENES;AVENIDA SETE DE SETEMBRO, SN.
FORTALEZA;117;240;PARQUE PRESIDENTE VARGAS;EM JOSE MARIA MOREIRA CAMPOS;RUA FRANCISCO ALMEIDA, 525 CJ. APOLO XI
CROATÁ;74;140;SEDE;ESCOLA DE EDUCACAO BASICA DOM TIMOTEO;RUA MANOEL BRAGA SN - CENTRO
SENADOR POMPEU;12;92;CARACARA;EEIEF PADRE ODILO LOPES GALVÃO;RUA JOSE AMERICO S/N
SOLONÓPOLE;55;38;SAO JOSE;ESCOLA DE 1 GRAU MUNDOCA MOREIRA;RUA MIGUEL FIRMIANO
TIANGUÁ;81;158;CENTRO;E.E.M.T.I. MONSENHOR AGUIAR;RUA TEÓFILO RAMOS, 553
REDENÇÃO;52;75;DISTRITO DE FAÍSCA;POSTO DE SAÚDE FRANCISCO P SILVA (SEÇÕES DA ESCOLA ANTÔNIO DE BARROS);RIACHO DAS PEDRAS
FORTALEZA;94;860;QUINTINO CUNHA;CEI SÃO CARLOS;RUA DOS PESCADORES,188
FORTALEZA;112;282;ENGENHEIRO LUCIANO CAVALCANTE;ESCOLA DE ENSINO MÉDIO EM TEMPO INTEGRAL JOHNSON;RUA GONTRAN GIFFONI, 461
FORTALEZA;112;320;CIDADE DOS FUNCIONÁRIOS;COLÉGIO DÁULIA BRINGEL;RUA TRAJANO ALVES DE AGUIAR, 55
PARAMBU;19;375;SEDE;ESCOLA MANOEL DE SOUSA FEITOSA (ANT. ESC. JOÃO ALVES DE ARAÚJO);CRUZETINHA MALHADA
JAGUARETAMA;72;18;CENTRO;E.E.M INSTITUTO IMACULADA CONCEICAO;RUA ANTONIO PINTO 301
CAUCAIA;37;458;PARQUE SOLEDADE;E.E.F. CORALIA GONZAGA SALES;RUA NAPOLEAO BONAPARTE VIANA, S/N
FORTALEZA;94;926;QUINTINO CUNHA;EMEIRF JOSÉ CARLOS DA COSTA RIBEIRO;RUA PIO SARAIVA, 335
SÃO BENEDITO;22;226;CIDADE ALTA;BOURDARLONE ZANSTRE BRANDÃO;FRANCISCO SABINO DA COSTA
BATURITÉ;5;69;CENTRO-SEDE;EMEF DOMINGOS SAVIO;AV DOM BOSCO, 393
CRATEÚS;20;223;CIDADE NOVA;CENTRO DE ATENCAO INTEGRAL A CRIANCA E AO ADOLESCENTE (CAIC);RUA DO CRUZEIRO, SN
FORTALEZA;93;176;MONDUBIM;EEFM ESTADO DO MARANHAO;RUA CARLOS PIMENTA,506
FORQUILHA;121;206;CENTRO;EEF ANTONIO JOSE DE LOIOLA FILHO;RUA MONSENHOR DOMINGOS, S/N
CAUCAIA;123;309;PARQUE POTIRA (JUREMA);E.E.I.E.F. ANTÔNIO ALBUQUERQUE SOUSA FILHO;RUA HERIBALDO RODRIGUES (ANTIGA RUA POTIGUARA), 488
FORTALEZA;2;639;MESSEJANA;EEM DEPUTADO PAULO BENEVIDES;RUA ANGELICA GURGEL, 186
PORANGA;40;106;SEDE;EEFM PRUDÊNCIO DE PINHO - SEDE;AV. DR. EPITÁCIO PINHO, 277, BAIRRO VILA NOVA
NOVA RUSSAS;48;2;PATRONATO;E.M.E.F. FRANCISCA DAS GRAÇAS T MESQUITA(ANTIGA EEFM MONSENHOR LEITÃO);RUA HERMENEGILDO MARTINS, 667
FORTALEZA;115;463;MANOEL SÁTIRO;EM HENRIQUETA GALENO;RUA MAJOR MONTENEGRO 917
VIÇOSA DO CEARÁ;35;75;CENTRO;CEB NOSSA SENHORA DAS VITÓRIAS;RUA MANOEL PEREIRA BARROS
PEDRA BRANCA;59;155;SANTA MARIA;EEEP - ANTONIO RODRIGUES DE OLIVEIRA;AV. JOSE FRUTUOSO DA SILVA S/N
RUSSAS;9;118;PLANALTO BELA VISTA;ESCOLA MUNICIPAL ANA XAVIER LOPES;TRAVESSA JOSE MUNIZ 2457
CRATO;27;33;PINTO MADEIRA;EEF DOM QUINTINO;RUA SÃO FRANCISCO S/N
FORTALEZA;115;98;PARANGABA;EMTI CAROLINO SUCUPIRA;RUA MUNDICA PAULA, 670
MARCO;96;165;ZONA RURAL;EEF RAIMUNDO ERNESTO FONTELES;POVOADO VARJOTA
FORTALEZA;1;599;MUCURIPE;ESCOLA MUNICIPAL JOSE RAMOS TORRES DE MELO;AVENIDA DA ABOLIÇÃO 3984
FORTALEZA;118;138;ITAPERI;EM ZAIRA MONTEIRO GONDIM;RUA PEDRO AGUIAR, 315
JAGUARETAMA;72;17;CENTRO;E.E.M INSTITUTO IMACULADA CONCEICAO;RUA ANTONIO PINTO 301
FORTALEZA;1;144;CIDADE 2000;ESCOLA ESTADUAL ARQUITETO ROGERIO FROES;AVENIDA DAS GRAVIOLAS 1000
PACUJÁ;79;183;CENTRO;E.E.I.F. CORIOLANO ALVES DE BRITO;AV. CORIOLANO ALVES DE BRITO, S/N
SOBRAL;24;144;JUNCO;SESI;AV. DR. JOSÉ ARIMATÉIA M SILVA, 1701
CAUCAIA;123;333;PARQUE GUADALAJARA (JUREMA);E.E.I.E.F. 7 DE SETEMBRO;AV. DOM ALMEIDA LUSTOSA, 2322
HORIZONTE;78;154;MAL COZINHADO;EMEF DEPUTADO FEDERAL ULYSSES GUIMARAES;RUA MARIA PAULA 1231 - MAL COZINHADO
CRATO;27;44;CENTRO;18ª CREDE - COORDENADORIA REGIONAL DE DESENV. DA EDUCAÇÃO;RUA ANDRÉ CARTAXO, 09
IBICUITINGA;47;290;ANTONIO PEREIRA;EEB MANOEL VICENTE FERREIRA;SITIO ANTONIO PEREIRA
FORTALEZA;2;138;MESSEJANA;EEM LICEU DE MESSEJANA;AVENIDA WASHINGTON SOARES 7702
CRATO;27;69;PIMENTA;EEFM TEODORICO TELES DE QUENTAL;RUA DOUTOR IRINEU PINHEIRO, 305
HORIZONTE;78;102;DOURADO;EMEF GEOVANIA ALBANO DE ALMEIDA;RUA FRANCISCO CARLOS, 500
HORIZONTE;78;137;DIADEMA;EMEF PROF MARIA LUIZA BARBOSA CHAVES;RUA BATURITE SN - PARQUE DIADEMA
ARACOIABA;67;10;CENTRO-SEDE;CENTRO EDUCACIONAL CORONEL PEDRO GUEDES ALCOFORADO - CNEC;RUA MANOEL GUEDES 47
SOBRAL;24;685;JOSÉ EUCLIDES;EEFI MARIA YEDA FROTA FELIX MONTALVERNE;RUA AIRTON SENNA, 300, CIDADE JOSE EUCLIDES II
MARACANAÚ;122;89;JAÇANAÚ;EMEF JOAQUIM AGUIAR;RODOVIA 065 KM 09 9821
JAGUARETAMA;72;79;SÍTIO SÃO PEDRO I;COLÉGIO SANTA LUZIA;SÃO PEDRO I
CAMPOS SALES;38;58;B. APARECIDA;E.E.F.T.I. - PADRE AZARIAS SOBREIRA - SEDE;RUA JOSÉ PINTO DA SILVA, S/N
PEDRA BRANCA;59;124;TROIA;ESCOLA DE 1 GRAU SANTO ANTONIO;SITIO OITICICA
MARACANAÚ;104;372;JEREISSATI II;EMEIEF RACHEL DE QUEIROZ;AVENIDA XII, 758
CHORÓ;6;199;MARAVILHA;EEF ALFREDO PEREIRA DE SOUSA;POÇO DO BARRO
CAMOCIM;32;22;CENTRO;INSTITUTO SAO JOSE;PRACA JOSE SEVERIANO MOREL N 1493
FORTALEZA;118;650;PASSARÉ;EEMTI DEPUTADO PAULINO ROCHA;RUA PROFESSOR JOSE SILVEIRA, 528
CRATEÚS;20;140;CENTRO;COLEGIO ESTADUAL REGINA PACIS;RUA FRANCISCO SA 106
CAUCAIA;120;362;GENIPABU;E.E.I.E.F. MIRTES SILVA DE MENEZES;RUA SAO JOSE, S/N - JARDIM DO AMOR
EUSÉBIO;88;194;PEDRAS;EEF MOACIR FERREIRA DA SILVA;RUA FRANCISCO MARTINS, 339 - PEDRAS
CHORÓ;6;161;SANTA RITA;EEF SÃO MATEUS;SÃO MATEUS, S/N
FORTALEZA;3;281;PRAIA DE IRACEMA;EM SÃO RAFAEL;RUA DOS TABAJARAS, 244
FARIAS BRITO;62;229;SÍTIO SOUSA;EEF JOAQUIM PEREIRA DE SOUSA;SÍTIO SOUSA
VIÇOSA DO CEARÁ;35;65;PADRE VIEIRA;E.E.F ISAAC VIEIRA DO ESPIRITO SANTO;SITIO PASSAGEM FLORIDA
IGUATU;13;391;RIACHO VERMELHO;ESCOLA DE ENS FUND JEREMIAS FELIPE;SITIO MORADA NOVA
CASCAVEL;7;152;RIO NOVO;E.E.B. DEPUTADO RAIMUNDO QUEIROZ;AV JOAO DAMASCENO FONTENELE, 3233
FARIAS BRITO;62;204;BARREIRO DO JORGE;EEF JOAQUIM FERREIRA DOS SANTOS;VILA BARREIRO DO JORGE - DISTRITO DE QUINCUNCÁ
CAUCAIA;120;413;CIGANA;E.E.I.E.F DALVA PONTES DA ROCHA;RUA QUINTINO JOSE CORREIA, 465
ALTANEIRA;53;109;CENTRO;EMEF 18 DE DEZEMBRO;RUA JOSE PIO DE OLIVEIRA, SN
CAUCAIA;120;326;PRIMAVERA;E.E.I.E.F. DOMINGOS ABREU BRASILEIRO;BR 222 - KM 30
TARRAFAS;18;133;ZONA RURAL;ESCOLA JUSTINO ALVES DA COSTA;SITIO VARZINHA
JUAZEIRO DO NORTE;119;90;PIRAJA;ESCOLA MARIA AMELIA BEZERRA;AV CASTELO BRANCO SN
CRATO;27;335;LAMEIRO;EEIEF ROTARY;AV. JOSÉ HORÁCIO PEQUENO, 1851
FORTALEZA;2;824;CAMBEBA;SECRETARIA DA EDUCACAO - CAMBEBA;AVENIDA MINISTRO JOSE AMERICO, SN
FORTALEZA;114;103;PRESIDENTE KENNEDY;COLÉGIO SANTA ISABEL;AVENIDA BEZERRA DE MENEZES 2840
ITAITINGA;78;268;PARQUE SANTO ANTONIO;EEF LÍDIA ALVES CAVALCANTE;RUA CARLOS DA COSTA CARMO, 757
IGUATU;13;339;JOSÉ DE ALENCAR;ESCOLA DE ENS FUND FRANCISCO SEBASTIAO UCHOA;SANTA ROSA II
FORTALEZA;118;674;BOA VISTA-CASTELÃO;EM PROFESSORA MARIA STELLA COCHRANE SANTIAGO;RUA ANTONIO FARIAS, 121
ITAPIPOCA;17;474;BOA VISTA;EEB MARIA DALVA BARBOSA AZEVEDO;RUA EUBIA BARROSO
SOBRAL;24;542;JORDÃO;ANEXO CHICÓ FELICIANO (SANTO ANTONIO);LOCALIDADE DE SANTO ANTONIO - JORDÃO
FORTALEZA;3;600;ALDEOTA;COLÉGIO SANTA CECÍLIA;AV. SENADOR VIRGÍLIO TÁVORA, 2000
ITAPIPOCA;17;475;ENCRUZILHADA;EEB MARIA NICE TEIXEIRA BARROSO;RUA AUDÍRIO FONTOURA, S/N
PACUJÁ;79;249;BATOQUE;E.E.I FRANCISCO JOAQUIM CORDEIRO;BATOQUE
FORTALEZA;2;124;MESSEJANA;EEFM JOSE DE ALENCAR;RUA VENEZA, 84
FORTALEZA;93;175;MONDUBIM;EEFM ESTADO DO MARANHAO;RUA CARLOS PIMENTA,506
ACOPIARA;60;134;VILA MOREIRAS II;EEF MANOEL QUARESMA DOS ANJOS;RUA REINALDO SN
JUAZEIRO DO NORTE;119;36;PREFEITO CARLOS ALBERTO DA CRUZ;ESCOLA ZILA BELEM;FRANCISCO VICENTE SILVA CAVALCANTE SN
CRATO;27;358;PARQUE RECREIO;EEF ALDEGUNDES GOMES DE MATTOS;RUA JOÃO PEREIRA LUNA, 803
CRATO;27;236;VILA ALTA;APAE - INSTITUTO DE REEDUCAÇÃO EVILENE ROLIM LOUCETTI;TRAVESSA MILAGRES S/N
CAMPOS SALES;38;126;ZONA RURAL;E.E.I.F ANTONIO RIBEIRO DE CARVALHO - SITIO CALDEIRÃO - CAMPOS SALES;SÍTIO CALDEIRÃO
CAMOCIM;32;194;SAO PEDRO;EEF GENERAL ANTONIO DA SILVA CAMPOS - BAIRRO SAO PEDRO;RUA SIQUEIRA CAMPOS S/N
FORTALEZA;117;253;CONJUNTO ESPERANÇA;EEEP DARCY RIBEIRO;RUA CONEGO DE CASTRO, S/N
ITAITINGA;78;263;PARQUE DOM PEDRO;EEF MANOEL FERREIRA GOMES;RUA D, 636
CRATO;27;239;BELMONTE;EEIEF ADÉRSON DA FRANCA ALENCAR;RUA CARLINA PINHEIRO S/N
ITAITINGA;78;271;PARQUE SANTO ANTONIO;EEF LÍDIA ALVES CAVALCANTE;RUA CARLOS DA COSTA CARMO, 757
FORTALEZA;114;337;BARRA DO CEARÁ;INSTITUTO EDUCACIONAL HUMANISTA;RUA CAUBI, 478
LIMOEIRO DO NORTE;29;8;CENTRO;CENTRO DE EDUCACAO DE JOVENS E ADULTOS - CEJA;RUA DOS EXPEDICIONARIOS 2991
SOBRAL;24;640;JORDÃO;ANEXO RAIMUNDO DO CARMO ARRUDA (SITIO SANTANA);SÍTIO SANTANA
ITAITINGA;78;311;PARQUE GENEZARÉ;EEF ELIAS DE SOUSA;RUA JOSE RODRIGUES PEREIRA, 137
PEREIRO;10;167;CENTRO;ESCOLA PINGO DE GENTE (ESPECIAL);RUA SEVERO HOLANDA S/N
SÃO GONÇALO DO AMARANTE;36;244;PARADA;ESCOLA DE ENSINO FUNDAMENTAL POETISA ABGAIL SAMPAIO;PARADA
ARARIPE;68;82;SITIO TEIXEIRAS;ESCOLA MUNICIPAL JOSÉ VELOSO - SÍTIO TEIXEIRAS;SITIO TEIXEIRAS
CAMPOS SALES;38;61;B. CENTRO;AGÊNCIA DA PREVIDÊNCIA SOCIAL -  INSS.;AVENIDA FRANCISCO ADEMAR DE ANDRADE, 967
PORANGA;40;91;SANTANA;ESCOLA ARIMATEAS FRANCISCO DE PINHO - SANTANA;SANTANA
SOBRAL;24;246;RAFAEL ARRUDA;EEM AGOSTINHO NERES PORTELA;RUA MARIA ARAÚJO DAMASCENO, S/N
CEDRO;13;461;LAGEDO;ESCOLA DE ENS FUND ANTONIO ALVES DOS SANTOS;DISTRITO DE LAGEDO
ARACOIABA;67;83;PEDRA BRANCA-DISTRITO;ESCOLA MUNICIPAL VICENTE NONATO;RUA DA INDEPENDENCIA SN
CAUCAIA;120;132;MIRAMBE;E.E.I.E.F. MARIA DE LOURDES ROCHA;RUA DA IGREJA, 614 - TAQUARA/MIRAMBÉ
CASCAVEL;7;121;GUANACES;ESC.ENS.FUND. MAXIMIANO FELIX DOS SANTOS;BRITO
CASCAVEL;7;41;CAPONGA;ESC.ENS.FUND. ANTONIO BATISTA DA SILVA;SITIO PRATA
SOBRAL;24;657;SUMARÉ;EEFI JOSE PARENTE PRADO;RUA SANTA MARTA,100
MARTINÓPOLE;25;77;CONJUNTO BENEDITO BARROS;E.E.M.T.I. PREF. DÁRIO CAMPOS FEIJÓ;RODOVIA CE, 362
HORIZONTE;78;186;CENTRO;EEMTI MARIA DOLORES ALCÂNTARA E SILVA;AV. JUVENAL DE CASTRO, 645
SANTANA DO ACARAÚ;44;76;SOROROCA;LOJA MAÇÔNICA DEUS E FRATERNIDADE;SOROROCA
ERERÉ;10;105;ZONA RURAL;E.E.F. SEBASTIAO PESSOA DE QUEIROZ;SITIO MILAGRES
ICÓ;15;181;SITIO MINEIRO;ESCOLA MUNICIPAL PADRE CICERO;SITIO MINEIRO
MILHÃ;55;56;CENTRO;ESCOLA DE ENSINO FUNDAMENTAL CLEONICE B. PINHEIRO ROSA;RUA PEDRO JOSE DE OLIVEIRA 908
CASCAVEL;7;169;PITOMBEIRAS;ESC.ENS.FUND. BAIXIO DOS MACARIOS;BAIXIO DOS MACARIOS
CASCAVEL;7;176;GUANACES;E.E.F. LUCIANO GALDINO MACIEL (BOA ÁGUA);RUA BÔA AGUA
FORTALEZA;1;862;ALDEOTA;COLEGIO ARI DE SA - MONSENHOR CATAO;RUA MONSENHOR CATAO, 1655
FORTALEZA;115;357;PARANGABA;EEEP JOAQUIM MOREIRA DE SOUSA;RUA CAIO PRADO 02
PENTECOSTE;50;85;ZONA RURAL;EMTI PREFEITO ANTÔNIO CARNEIRO;PROVIDÊNCIA
IGUATU;13;229;JOSÉ DE ALENCAR;ESCOLA DE ENS FUND PADRE JOSE FERREIRA LOBO;CARNAUBA                                           ALENCAR
GUAIÚBA;57;96;CENTRO;EEBM MANUEL BALTAZAR DE FREITAS;RUA LEIRIA DE ANDRADE 409
FORTALEZA;2;78;GUAJERU;EEEP COMENDADOR MIGUEL GURGEL;RUA JOSE BAIMA, S/N
MIRAÍMA;89;253;CENTRO;EEB FRANCISCA BRAGA LIMA;RUA JOÃO BARROSO 546
BARBALHA;31;56;CENTRO;COLÉGIO DOM BOSCO OBJETIVO (CENTRO);RUA ADÃO APOLINÁRIO, S/N
INDEPENDÊNCIA;39;140;CENTRO;CENTRO DE SAUDE DE INDEPENDENCIA;RUA FREI VIDAL S/N
CRATO;27;250;PIMENTA;URCA - UNIVERSIDADE REGIONAL DO CARIRI;RUA CORONEL ANTÔNIO LUIZ, 1161
FORTALEZA;115;355;PARANGABA;EEEP JOAQUIM MOREIRA DE SOUSA;RUA CAIO PRADO 02
ACARAÚ;30;380;ZONA RURAL;ESCOLA SOFIA NUNES DE FREITAS;ALPARGATAS
CRATO;27;332;SÃO MIGUEL;SECRETARIA DE AÇÃO SOCIAL - SAS;AVENIDA PERIMETRAL DOM FRANCISCO S/N
FORTALEZA;1;806;CAIS DO PORTO;EMTI VEREADOR ALBERTO GOMES DE QUEIROZ;AV. ZEZÉ DIOGO, 782
ARNEIROZ;101;62;PLANALTO;EPG FRANCISCO ELIAS DE ANDRADE;PLANALTO
CAMPOS SALES;38;146;ZONA RURAL;ASSOCIAÇÃO DOS TRABALHADORES RURAIS N.S. APARECIDA - DIST. DE QUIXARIÚ;SÍTIO ÁGUAS BELAS
GUARACIABA DO NORTE;74;147;DISTRITO;E.E.I.F DE SANTO ANTONIO DOS CAMELOS ANEXO;SANTO ANTONIO DOS CAMELOS
JAGUARIBARA;72;86;CENTRO;PROFESSORA MARIA BERNADETE NEVES;RUA TERTULIANO DE MELO, 279
COREAÚ;64;139;Lajeiro;LAJEIRO - ESCOLA MUN. REINALDO PIMENTA;LOCALIDADEDE  LAJEIRO, COREAÚ
CARNAUBAL;22;187;CENTRO;EEI HUMBERTO CASTELO BRANCO;R JACO FELICIO S/N
SÃO LUÍS DO CURU;23;301;CENTRO-SEDE;E.E.F. DOMINGOS ANSELMO;PRACA ALONSO HERCULANO SN
BARBALHA;31;57;CENTRO;COLÉGIO DOM BOSCO OBJETIVO (CENTRO);RUA ADÃO APOLINÁRIO, S/N
ICAPUÍ;8;341;IBICUITABA;ESCOLA DE 1 GRAU PROFA CARLOTA TAVARES DE HOLANDA;IBICUITABA
ITAPIÚNA;105;154;DISTRITO DE ITANS;EEIEF JOAO BATISTA DE AGUIAR;RUA JOSE QUIRINO S/N
AURORA;69;26;ARACA-SEDE;E.E.F.P. LEOPOLDINA GONÇALVES QUEZADO;RUA MARICA LEITE,285
ACOPIARA;60;67;DISTRITO DE SAO PAULO;EEMTI MARIA LEAL TEIXEIRA;SAO PAULINHO
LAVRAS DA MANGABEIRA;14;9;CENTRO - SEDE;EEMTI ALDA FERRER AUGUSTO DUTRA;RUA CORONEL JOAO AUGUSTO 454
VIÇOSA DO CEARÁ;35;23;CENTRO;E.E.M DEPUTADO MANOEL RODRIGUES;RUA PROFESSOR JOÃO VIANA, S/N
ARATUBA;105;81;CENTRO-SEDE;EEF PROFESSORA MARIA JULIA PEREIRA BATISTA;RUA TARGINO GOES S/N
JATI;70;405;MAE DAGUA-SEDE;ESCOLA MUNICIPAL FRANKLIN TAVARES PINHEIRO;VILA MAE DAGUA
FORTALEZA;93;312;PLANALTO AYRTON SENNA;EMEIEF TEREZA D ANA;RUA CEL. DE QUEIROZ, N. 750
ARNEIROZ;101;49;SANTA LUZIA;EEFM MARIA DOLORES PETROLA;RUA RAIMUNDO NONATO DE ARAÚJO, S/N
ACARAÚ;30;351;ZONA RURAL;ESCOLA PEDRO GUILHERME DA SILVA;CAPÃO
MARANGUAPE;4;651;JARDIM - PENEDO;EMEI MARIA COSMO BRAGA;JARDIM PENEDO
SOBRAL;121;165;CENTRO;ESCOLA OSMAR DE SA PONTE;RUA PINTOR LEMOS, S/N
TAUÁ;19;54;TAUAZINHO;EEM MARIA DAS DORES CIDRÃO ALEXANDRINO;AV CEL VICENTE ALEXANDRINO DE SOUSA 04
SOBRAL;24;672;JUNCO;SESI;AV. DR. JOSÉ ARIMATÉIA M SILVA, 1701
FORTALEZA;114;155;BARRA DO CEARÁ;EEFM FERNANDO CAVALCANTE MOTA;RUA DA SALEMA 85
CRATO;27;60;SÃO MIGUEL;SECRETARIA DE AÇÃO SOCIAL - SAS;AVENIDA PERIMETRAL DOM FRANCISCO S/N
CAUCAIA;120;269;CAMPO GRANDE;E.E.I.E.F. MARIA LUIZA DO VALE FORTE;RUA CÉLIO CÂNDIDO, S/N - BR 020 - KM 01 - CARRAPICHO
INDEPENDÊNCIA;39;217;NOVA OLINDA;E.E.F. LINO VIEIRA SOARES;POVOADO NOVA OLINDA
PACATUBA;57;132;SAO JOSE;CENTRO COMUNITÁRIO;RUA CAPITÃO MANUEL PONTES DE MEDEIROS, PARQUE ARATANHA
BARBALHA;31;118;MALVINAS;EEF MARIA VALQUIRIA TELES MOREIRA (MALVINAS);PRAÇA RUA P10 COM AV LUIZ GONZAGA - MALVINAS (7.30233 S, 39.27896 W)
PACAJUS;49;396;CENTRO;EEFM NUNES MORAES (SEDE 2);RUA DOS EXPEDICIONÁRIOS, 495 - CENTRO
FORTALEZA;113;18;BENFICA;IFCE - INST FEDERAL DE CIÊNCIA E TECNOLOGIA (CEFET);AV. 13 DE MAIO, 2081
AMONTADA;89;282;SÃO SEBASTIÃO;EEBTI SGTO FRANCISCO DE CASTRO;AV SGTO FRANCISCO DE CASTRO
JUAZEIRO DO NORTE;28;15;SANTO ANTONIO;EEF PELUSIO CORREIA DE MACEDO;RUA MARIETA FRANCA DE MENEZES 360
IBIAPINA;73;16;CENTRO;ESCOLA MONSENHOR MELO (ESTADUAL);AV PEDRO FERREIRA DE ASSIS 284
JAGUARUANA;75;52;LAGOA VERMELHA;E.E.F. JOSE SIMOES FILHO;LAGOA VERMELHA
ITAPIPOCA;17;59;DESERTO;EEFMI HILDEBERTO BARROSO;AVENIDA VEREADORA LEIDA SOARES, 1205
SOBRAL;24;407;CAMPO DOS VELHOS;EEM PROF. LUIS FELIPE;RUA CEL JOSE SILVESTRE, 760
MORRINHOS;44;102;CENTRO;EEMTI CARMINHA VASCONCELOS;RUA NOSSA SENHORA DE FATIMA  309
SOBRAL;121;25;COHAB II;EEFI PAULO ARAGAO;RUA CAETANO FIGUEIREDO 100 COHAB II
FORTALEZA;82;639;CARLITO PAMPLONA;FEDERAÇÃO DO MOVIMENTO COMUNITÁRIO DO PIRAMBU - FEMOCOPI;AV. PRES. CASTELO BRANCO, 2709
QUITERIANÓPOLIS;99;88;CENTRO;EEF ROBERTO ANTUNES DE FREITAS;AV LAURINDO GOMES  SN
CANINDÉ;33;427;CANINDEZINHO;EMEF JOAQUIM MAGALHAES FILHO;RUA HOMERO MARTINS 2556
FORTALEZA;83;22;BELA VISTA;ESCOLA MUNICIPAL JOSÉ NAURI BRAGA;RUA PROFESSORA LILIA ABREU, 231
FORTALEZA;83;760;ANTÔNIO BEZERRA;COLÉGIO DA POLÍCIA MILITAR DO CEARÁ GENERAL EDGARD FACÓ;AVENIDA MISTER HULL,  S/N - KM 1
FORTALEZA;112;142;JARDIM DAS OLIVEIRAS;EEFM D. LUIZA TÁVORA - PRÓ MORAR;RUA FREI CANECA, 379
CRUZ;30;319;ZONA RURAL;ESCOLA ANTÔNIO GREGÓRIO DO NASCIMENTO;BELÉM
VÁRZEA ALEGRE;62;257;SANHAROL;EEF ANTÃO LEANDRO BITU;SÍTIO SANHAROL
MARANGUAPE;4;126;TABATINGA - SAPUPARA;EEFM LUIZ GIRÃO;AVENIDA TABATINGA, S/N
FORTALEZA;112;578;CAMBEBA;COLÉGIO ROSA DE SAROM;RUA AMANCIO VALENTE 1770
QUIXERAMOBIM;11;62;PASSAGEM;ESCOLA EGBERTO DE PAULA PESSOA;SERROTE
IPU;21;136;DISTRITO;E.M.E.F. JOÃO CAMELO DE FARIAS;BARRINHA
MILAGRES;26;37;ROSARIO - PODIMIRIM;ESCOLA DONA MARIQUINHA BELO;AV MANOEL FURTADO DOS SANTOS S/N
ICÓ;15;146;CASCUDO - SITIO;ESCOLA MUNICIPAL CASEMIRO PEQUENO;SITIO CASCUDO S/N
JUAZEIRO DO NORTE;28;448;PEDRINHAS;EMEF PROFA. DORALICE DE FIGUEIREDO ROCHA;RUA JOAQUIM LEANDRO DE SOUSA
JUAZEIRO DO NORTE;28;466;TRES MARIAS;EMEF PROFA MARIA DE LOURDES LOPES DE SOUSA;AV. DO AGRICULTOR
TRAIRI;97;19;CENTRO;ESCOLA DE 1 E 2 GRAU JONAS HENRIQUE DE AZEVEDO;AV CELSO BARROSO
ASSARÉ;18;56;CENTRO;ESCOLA DE ENSINO FUNDAMENTAL RAUL ONOFRE;RUA PADRE EMILIO CABRAL SN     ASSARE
ORÓS;15;284;IGAROI - DISTRITO;E.E.F. OTILIO RUFINO DE LIMA;RUA NOSSA SRA DAS GRAÇAS, 200
FORTALEZA;112;145;JARDIM DAS OLIVEIRAS;EEFM D. LUIZA TÁVORA - PRÓ MORAR;RUA FREI CANECA, 379
ICÓ;15;17;CENTRO - SEDE;EEM - VIVINA MONTEIRO;RUA DR INACIO DIAS S/N
TIANGUÁ;81;299;NENÊ PLÁCIDO;E.E.F. ANTONIO CUSTÓDIO SOBRINHO;AV. AFONSO MARANGUAPE, 430
FORTALEZA;95;165;PARQUE SANTA MARIA;EEMTI POETA OTACILIO COLARES;RUA JORGE DA VEIGA, 265
CRUZ;30;103;CENTRO;ESCOLA MARIA PEREIRA BRANDAO;RUA VEREADOR MUNDICO MARTINS 642
FORTALEZA;82;703;ÁLVARO WEYNE;COLÉGIO MENINO JESUS DE PRAGA;RUA ANA FACÓ, 140
IPUEIRAS;40;12;MATRIZ DE SAO GONCALO;EEF FRANCISCO SOARES MOURÃO - MATRIZ DE SÃO GONÇALO;MATRIZ DE SÃO GONÇALO
PACATUBA;57;20;CENTRO;DEPARTAMENTO MUNICIPAL DE EDUCACAO;RUA CORONEL JOSE LIBANIO, 23
MADALENA;63;191;MACAOCA;EEF PAULINO RIBEIRO DE MELO;TIGRE
TIANGUÁ;81;304;DOM TIMÓTEO;E.E.I.F. NOSSA SENHORA DAS GRAÇAS;AVENIDA FRANCISCO VIRGILIO FILHO
SOBRAL;121;80;PATRIARCA;ETI JOSÉ PEREGRINO DE VASCONCELOS;CE 240, 1532 PATRIARCA
MARANGUAPE;4;47;JUBAIA;EMEIEF MANOEL DOMINGOS FILHO;RUA CORONEL MANOEL DOMINGOS FILHO, S/N
TRAIRI;97;171;PEIXINHOS;CRECHE SONHO DE CRIANÇA;PEIXINHOS
JUAZEIRO DO NORTE;28;215;FRANCISCANOS;COLÉGIO SÃO FRANCISCO DE ASSIS;NOSSA SENHORA DO CARMO SN
JUAZEIRO DO NORTE;28;97;PIO XII;EMTI FIGUEIREDO CORREIA;PRACA DA CONCEICAO S/N
MORADA NOVA;47;271;LAGOA GRANDE;EEB RAUL DE SOUSA MARTINS;LAGOA DA BARBADA
CARIDADE;111;82;CAMPOS BELOS;EEF SENADOR VIRGILIO TAVORA;BR 020 KM 348
PENTECOSTE;50;175;SEBASTIÃO DE ABREU;EMTI PREFEITO JOÃO GOMES DA SILVA;AVENIDA LEOPOLDO RAMOS - SERROTA
CANINDÉ;33;299;CENTRO;CAMPUS PROVISÓRIO DA UECE (ANTIGA ESC. DE  2º TEMPO JOSÉ FREIRE FREI);RUA JOAQUIM MAGALHAES S/N - PRACA DR ARAMIS
BEBERIBE;84;152;SEDE;ESCOLA MUNICIPAL JOSE ROLDAO DE OLIVEIRA;CAETANOS
FORTALEZA;93;279;PREFEITO JOSÉ WALTER;CENTRO DE INCLUSÃO TECNOLÓGICA E SOCIAL - CITS JOSÉ WALTER;AV. K, 330, SEGUNDA ETAPA
ARACATI;8;170;RETIRINHO;ASSOCIAÇÃO PESCADORES E MARISQUEIROS DO RETIRINHO;RETIRINHO
GRAÇA;79;155;CENTRO-SEDE;GRUPO VICENTE ALVES DE SOUSA;R JOAQUIM VICENTE DE ALCANTARA S/N
FORTALEZA;82;103;CRISTO REDENTOR;EEMTI LIONS JANGADA;RUA CAMÉLIA, 352
FORTALEZA;82;377;MONTE CASTELO;EM PROFESSOR MARTINZ DE AGUIAR;RUA BERNARDO PORTO, 470
EUSÉBIO;88;169;GUARIBAS;EEMF ADELINO BEZERRA;AV ACILON GONÇALVES PINTO, S/N - GUARIBAS
MORADA NOVA;47;15;CENTRO;CENTRO EDUCACIONAL MONSENHOR TABOSA;AV. MANOEL CASTRO, 440
IPU;21;132;DISTRITO;E.M.E.F. JOAQUIM FERREIRA DO NASCIMENTO;SANTA LUZIA
EUSÉBIO;88;191;LAGOINHA;ESCOLA Mª DE FÁTIMA FAÇANHA SILVEIRA (LAGOINHA);RUA SÃO MIGUEL, 327 - LAGOINHA
PACAJUS;49;413;CONJUNTO COHAB;EEM DIONE MARIA BEZERRA PESSOA;AV. JOSE LOPES DE MESQUITA
SÃO LUÍS DO CURU;23;314;CENTRO-SEDE;E.E.F. PROFESSORA MARIA DE LOURDES BRAGA;RUA HUGO ROCHA SN
FORTALEZA;112;549;EDSON QUEIROZ;COLÉGIO NOVA DIMENSÃO;AV. EDILSON BRASIL SOARES, 1599
MARANGUAPE;4;362;OUTRA BANDA - MARANGUAPE;CEM PEDRO PESSOA CÂMARA;AV. DR. ARGEU BRAGA HERBSTER, 960
BARRO;92;68;SEDE;EEFM WILSON DIAS CABRAL;SITIO RIACHAO
FORTALEZA;116;434;BONSUCESSO;CEI XV DE OUTUBRO;RUA MENINO JESUS DE PRAGA, 192
FORTALEZA;112;384;CIDADE DOS FUNCIONÁRIOS;EEFM WALTER DE SA CAVALCANTE;AVENIDA OLIVEIRA PAIVA, 550
MARACANAÚ;122;65;HORTO;EEF CARNEIRO DE MENDONCA;RUA PROFESSOR JOSE HENRIQUE DA SILVA 4891
FORTALEZA;116;391;BONSUCESSO;EM FRANCISCA FERNANDES MAGALHAES (COLÉGIO CASTRO);RUA OLIVEIRA SOBRINHO, 1031
FORTALEZA;116;37;GRANJA LISBOA;EM PROF ANTONIA MARIA DE LIMA;RUA SARGENTO JOAO PINHEIRO 2601
BELA CRUZ;96;13;CENTRO-SEDE;EMETI PAULO SARASATE;RUA JOSÉ XEREZ DE SOUSA, S/N
PACOTI;5;193;PARQUE SAO JOSE-SITIO;CRECHE ESTRELINHA DOURADA (PQ SAO JOSE);PARQUE SAO JOSE
BARBALHA;31;82;ALTO DA ALEGRIA;CEI MARTINHO TAVARES TELES (ALTO DA ALEGRIA);RUA ADERSON SABINO, S/N (7.31060 S,39.29377 W)
CARIDADE;111;95;ZONA RURAL;EEIF DELFINA TEIXEIRA DE CASTRO;LOCALIDADE DE VARZEA REDONDA
FORTALEZA;80;362;FÁTIMA;INSTITUTO DE EDUCAÇÃO DO CEARÁ;RUA GRACILIANO RAMOS, 52
FORTALEZA;85;366;DOM LUSTOSA;EEFM AYRTON SENNA DA SILVA;RUA MANAUS, 855
SOLONÓPOLE;55;98;CENTRO;E.E.I.E.F. BOM JESUS;AV PREF. JOSE SIFREDO PINHEIRO S/N
MASSAPÊ;45;134;LUIS DA HORA PEREIRA;CMEF PROFESSORA MARIA DO CARMO CARNEIRO (EEF MARIA PONTES VIDAL);RUA AMADEU ALBUQUERQUE, S/N
QUIXADÁ;6;51;ALTO SÃO FRANCISCO;COORDENADORIA REGIONAL DE DESENVOLVIMENTO DA EDUCAÇÃO - CREDE 12;AV. JUSCELINO KUBITSCHEK, 493
ICÓ;15;29;CENTRO - SEDE;CEJA - ANA VIEIRA PINHEIRO;RUA DONA ALDERY, 324
FORTALEZA;83;635;HENRIQUE JORGE;ESCOLA MUNICIPAL SANTA MARIA;RUA CUIABÁ 1465
IRAUÇUBA;41;127;CENTRO-SEDE;CENTRO EDUCACIONAL DE JOVENS E ADULTOS - CEFEJA;RUA 7 DE SETEMBRO
TAUÁ;19;84;TRICI;ASSOC COMUN PRODUTORES RURAIS JARDIM (ANTIGA EPG ISRAEL GONÇALVES LIMA;JARDIM
MOMBAÇA;46;101;VILA SÃO JOSÉ;CEI MARIA OLÍVIA ALVES DE ALENCAR;RUA MARIA BATISTA DE ALMEIDA, S/N
MILHÃ;55;163;CARNAUBINHA;E. E. I. E. F. IDELZUITE MONTEIRO DE OLIVEIRA;SÍTIO AÇUDE NOVO, S/N - ZONA RURAL
CANINDÉ;33;454;ZONA RURAL;EMEF SANTA RITA;ASSENTAMENTO VIDA NOVA, LOC. TRANSVAL
FORTALEZA;82;431;SÃO GERARDO;COLÉGIO MASTER - BEZERRA DE MENEZES;AV. BEZERRA DE MENEZES, 1802
FORTIM;8;335;CENTRO;EEIFTI. PROFESSORA MARIA LUIZA;RUA JOAQUIM CRISÓSTOMO, 739.
FORTALEZA;94;599;VILA VELHA;EM CASTELO DE CASTRO;RUA 43 1531
MERUOCA;24;584;Anil;EEIF - BEATRIZ SANFORD FROTA;DISTRITO ANIL
FORTALEZA;82;230;PIRAMBU;CENTRO EDUCACIONAL MOEMA TÁVORA;RUA MARCÍLIO DIAS, 485
MAURITI;76;74;CENTRO;CÂMARA MUNICIPAL DE MAURITI;RUA CHAGAS SAMPAIO, S/N
CATARINA;60;259;SEDE;EEF JOSE FERREIRA LIMA;LAGOA DO ARROZ
ACARAÚ;30;235;ARANAÚ;ESCOLA CORACI SOARES DE SOUSA;LAGOA DO MATO
FORTALEZA;95;342;CONJUNTO PALMEIRAS;CEI MARIA DO SOCORRO FERREIRA VIRINO;RUA VALPARAÍSO, 339
MORRINHOS;44;13;DISTRITO DE SITIO ALEGRE;EMEF JONAS ROBERTO MAGALHÃES;SITIO ALEGRE
SENADOR POMPEU;12;36;CENTRO;EEMTI LICEU MARCIONÍLIO GOMES DE FREITAS;RUA JOSE CARLOS SAMPAIO 401
BREJO SANTO;70;156;MORRO DOURADO;ESC E F FRANCISCO LEITE DE MOURA (CHICO LEITE);RUA LUIZ PINHEIRO TORRES 207
ITAPAJÉ;41;105;SANTA CRUZ;ESCOLA MUNICIPAL JULIO PINHEIRO BASTOS;AV DR PRAXEDES BASTOS SN
CAMOCIM;32;273;JARDIM DAS OLIVEIRAS;ESCOLA PROFISSIONALIZANTE MONSENHOR EXPEDITO DA SILVEIRA;RUA CLEBER PESSOA NAVARRO VERAS
CAMOCIM;32;84;ZONA RURAL;E.E.F SANTO ANTÔNIO II - GURIU;LOCALIDADE GURIU
PARACURU;109;23;CAMPO DE AVIAÇÃO;E. E. M. T. I. PROFESSORA MARIA LUIZA SABOIA RIBEIRO;AVENIDA ANTONIO SALES
FORTALEZA;95;112;CONJUNTO PALMEIRAS;EMTI JOAO GERMANO DA PONTE NETO;RUA MAIZA, 549
SABOEIRO;43;237;CENTRO;E.E.F. MANOEL GONCALVES DOS SANTOS (MUNICIPAL);RUA PRACA DA BANDEIRA, 109
SANTANA DO ACARAÚ;44;41;DISTRITO PARAPUI;CENTRO DE EDUCAÇÃO INFANTIL YOLANDA QUEIROZ;RUA MODESTO VIDAL, S/N, PARAPUÍ
PARACURU;109;11;CENTRO;E. E. M. HERMINIO BARROSO;CAP JOSE TELES, S/N
URUBURETAMA;23;32;CENTRO;EEF CEL JOAO DE PAULA FILHO;RUA FARM JOSE RODRIGUES 706
TIANGUÁ;81;131;ÁREA RURAL DE TIANGUÁ;CENTRO DE EDUCAÇÃO BÁSICA BENJAMIN DAMASCENO E VASCONCELOS;SÍTIO CROATÁ
FORTALEZA;112;498;CIDADE DOS FUNCIONÁRIOS;COLEGIO MASTER SUL;RUA BENJAMIM MOURA, 631
FORTALEZA;85;288;ANTÔNIO BEZERRA;EMEIF GERARDO MILTON DE SA;RUA VALE COSTA S/N
FORTALEZA;95;84;BARROSO;EEFM PADRE MARCELINO CHAMPAGNAT;RUA DAURA, 120
FORTALEZA;83;771;JOÃO XXIII;CENTRO DE FORMAÇÃO E DESENV. PARA PROFISSIONAIS DA EDUCAÇÃO - FORMACE;RUA PORTO VELHO, 401
BARREIRA;52;112;CAJUEIRO;ESCOLA DOMINGO RODRIGUES PEREIRA;OLHO D'ÁGUA
FORTALEZA;112;457;EDSON QUEIROZ;UNIVERSIDADE DE FORTALEZA - UNIFOR;AVENIDA WASHINGTON SOARES, 1321
MORAÚJO;64;51;NOVO HORIZONTE;NOVO HORIZONTE - ESCOLA MUN. APRÍGIO RODRIGUES MOREIRA;LOCALIDADE DE NOVO HORIZONTE
SÃO BENEDITO;22;77;SITIO CARNAUBA;ASSOCIACAO COMUNITARIA CARNAUBA 1;SITIO CARNAUBA I
FORTALEZA;112;562;CAMBEBA;COLÉGIO BATISTA - UNIDADE SEIS BOCAS;RUA DR. WALDEMAR DE ALCANTARA, 200
CRUZ;30;254;ZONA RURAL;ESCOLA JOAO EVANGELISTA DA CRUZ;PARAGUAI
ACARAÚ;30;20;CENTRO;EEEP MARTA MARIA GIFONNI DE SOUSA;CENTRO
BATURITÉ;5;75;PUTIU-SEDE;EMTI CORONEL ESTEVÃO ALVES DA ROCHA;RUA DUQUE DE CAXIAS, 132
TABULEIRO DO NORTE;91;45;CENTRO;FUNDAÇÃO NACIONAL DE SAÚDE DE TABULEIRO - SESP;RUA CEL.  PIO GADELHA, 4517
ICÓ;15;132;ALTO DA VARZEA - SITIO;ESCOLA MUNICIPAL CICERO AMARO DA SILVA;SITIO ALTO DA VARZEA S/N
FORTALEZA;94;323;VILA VELHA;COLEGIO SALOME BASTOS;RUA DESEMBARGADOR HERMES PARAHYBA 1120
BEBERIBE;84;18;PARAJURU;ESCOLA MUNICIPAL MONSENHOR JOAQUIM DE JESUS DOURADO;RUA MONSENHOR DOURADO SN - CENTRO
MARANGUAPE;4;425;AMANARI;EEMTI ANTONIO LUIS COELHO;RUA DO COMÉRCIO, S/N
IPU;21;59;DISTRITO;E.M.E.F. ANTONIO FERREIRA LIMA;MATO GROSSO
QUIXADÁ;6;201;JUATAMA;CEI RAIMUNDO LOPES DE PAULO;RUA PEDRO FILGUEIRAS, S/N
ICAPUÍ;8;159;MUTAMBA DE ICAPUI;E.E.F. PROFESSORA RAIMUNDA LACERDA DAMIÃO;AV ESAU LACERDA SN
ICAPUÍ;8;270;CENTRO;EEF. PROFESSORA MIZINHA;AV. 22 DE JANEIRO 5183
FORTIM;8;281;GUAJIRU;EEFTI. EDSON BARBOSA;GUAJIRU
ALTO SANTO;86;4;CENTRO;ESCOLA DE 1 E 2 GRAUS FRANCISCO NONATO FREIRE;AV EDSON GUERRA 667
ITATIRA;33;230;ZONA RURAL;EMEF JOSE AUGUSTO DA SILVA;BANDEIRA VELHA
ARARIPE;68;94;SERRA MUNDEU;EEIF SÃO VICENTE - SERRA DO MUNDEU;SERRA MUNDEU
FORTALEZA;116;425;BOM JARDIM;EM RAIMUNDO MOREIRA SENA;RUA G, 93, CJ. NOVA RESIDENCIA
TIANGUÁ;81;300;ÁREA RURAL DE TIANGUÁ;E.E.F. FRANCISCA RODRIGUES DE SOUSA;SÍTIO VEADO SECO
JAGUARIBE;10;77;SÍTIO CAJAZEIRAS;GRUPO ESCOLAR MUNICIPAL HERMES TEIXEIRA;SITIO CAJAZEIRAS
JUAZEIRO DO NORTE;28;176;SAO MIGUEL;EEF TABELIAO VICENTE PEREIRA DA SILVA;DOUTOR FLORO BARTOLOMEU 1203
CHOROZINHO;49;31;VILA REQUEIJAO;COLEGIO GUIBSON MARINHO DOS SANTOS;AV SABINO MOREIRA SN
SANTANA DO ACARAÚ;44;171;CENTRO;CENTRO EDUCACIONAL MUNICIPAL JOAO CORDEIRO;RUA VIGARIO THEOTIMO 246
CARIRÉ;65;9;N.S. DE FÁTIMA;EEFTI PROFESSOR LUIS DE SENA DIAS;RUA CEFISA AGUIAR
FORTALEZA;83;698;HENRIQUE JORGE;EEMTI ANTONIETA SIQUEIRA;RUA GUARANI 04
JIJOCA DE JERICOACOARA;30;229;CENTRO;ESCOLA PROFA. IGARDENE FONTELES DE ARAUJO;RUA CAMPO GRANDE S/N - CONJUNTO PRIMAVERA
JARDIM;119;334;SITIO BOM SUCESSO;ESCOLA MANOEL JOSE DE SOUZA;SITIO BOM SUCESSO  SN
CARIRIAÇU;71;1;PARAÍSO;EEF JULITA FARIAS;RUA LUIZ BEZERRA S/N
BELA CRUZ;96;48;CAJUEIRINHO-LOCALIDADE;EMETI JOSE BATISTA DA ROCHA;CAJUEIRINHO
QUITERIANÓPOLIS;99;126;ZONA RURAL;EEIF MANOEL RODRIGUES DO NASCIMENTO;SANTA MARIA
FORTALEZA;80;166;TAUAPE;COLÉGIO MONSENHOR JOVINIANO BARRETO;RUA FREI VIDAL 1621
ACARAÚ;30;267;ZONA RURAL;ESCOLA EXPEDITO JOSE DE FREITAS;BARRINHA DE BAIXO
JUAZEIRO DO NORTE;119;114;SANTA TEREZA;ESCOLA ADAUTO BEZERRA (SEGUNDO GRAU);CASTELO BRANCO SN
FORTALEZA;115;339;PARANGABA;SESI - PARANGABA;AVENIDA JOÃO PESSOA, 6754
BARBALHA;31;101;PARQUE BULANDEIRA;EEEP OTÍLIA CORREIA SARAIVA (LICEU DE BARBALHA);RUA PROJETADA I, S/N (7.29196 S, 39.31251 W)
PACOTI;5;184;FATIMA-DISTRITO;CRECHE REINO DA FANTASIA (FATIMA);DISTRITO DE FATIMA
CANINDÉ;33;5;CENTRO;COLEGIO ESTADUAL PAULO SARASATE;RUA JOAQUIM MAGALHAES 100
CANINDÉ;33;349;CENTRO;CAMPUS PROVISÓRIO DA UECE (ANTIGA ESC. DE  2º TEMPO JOSÉ FREIRE FREI);RUA JOAQUIM MAGALHAES S/N - PRACA DR ARAMIS
IPU;21;4;FLORES;UNIDADE BASICA DE SAUDE DAS FLORES - FRANCISCO DAS CHAGAS TORRES;FLORES
QUITERIANÓPOLIS;99;119;ZONA RURAL;EEIF ANTONIO LAURINDO SOARES;BARRA DOS RICARDOS
JIJOCA DE JERICOACOARA;30;288;ZONA RURAL;ESCOLA FRANCISCO SALES DE CARVALHO;CORREGO DA FORQUILHA II
TIANGUÁ;81;320;ÁREA RURAL DE TIANGUÁ;E.E.I.F. REGINA TOMAZ;SÍTIO TABOCA
FORTALEZA;115;420;PARANGABA;CEJA - PROFº MOREIRA CAMPOS;RUA JULIO BRAGA, 101 B
TABULEIRO DO NORTE;91;46;CENTRO;FUNDAÇÃO NACIONAL DE SAÚDE DE TABULEIRO - SESP;RUA CEL.  PIO GADELHA, 4517
ACARAÚ;30;195;ZONA RURAL;ESCOLA JOAQUIM JOSE RODRIGUES;BARRINHA DE CIMA
PACAJUS;49;232;TUCUM;EEF SENADOR CARLOS JEREISSATI;TUCUM
PARAMBU;19;303;CENTRO;ESCOLA JOSÉ CARVALHO PINHEIRO;RUA ANTONIO BENÍCIO PINHEIRO, 35
CANINDÉ;33;373;ZONA RURAL;EMEF PADRE MANOEL CORDEIRO DA CRUZ;DISTRITO DE IGUACU
QUIXERAMOBIM;11;272;JOSE AURELIO CAMARA;ESCOLA CEL VIRGILIO TAVORA- CIDADE;RUA FAUSTO COSTA 180
JUCÁS;43;42;CENTRO - SEDE;ESCOLA DE ENSINO MÉDIO LUIZA TAVORA;RUA HILDELY CAVALCANTE 120
FORTALEZA;80;135;DIONISIO TORRES;EEFM JOAQUIM ANTÔNIO ALBANO;RUA JULIO SIQUEIRA 390
FORTALEZA;116;206;BOM JARDIM;EM SANTA ISABEL;RUA RAIMUNDO PINHEIRO 798
FORTALEZA;118;625;PARQUE DOIS IRMÃOS;EM MANUEL LIMA SOARES;AVENIDA NORTE SUL, 145 (CJ JARDIM PRIMAVERA)
FORTALEZA;113;259;AMADEU FURTADO;EEF MONSENHOR LINHARES;RUA PROF. LINO ENCARNAÇÃO, 1130
FORTALEZA;83;53;DEMOCRITO ROCHA;ESCOLA MUNICIPAL PAULO SARASATE;RUA PEDRO MUNIZ 250
JAGUARIBE;10;3;DISTRITO DE FEITICEIRO;E.E.I.F. MARIA ENEIDA PEIXOTO SOARES;RUA FRANCISCO GUIMARAES PEIXOTO 714
FORTALEZA;82;212;MONTE CASTELO;COLÉGIO MATER AMABILIS;RUA PADRE ANCHIETA, 438
FORTIM;8;167;OLHO DAGUA;POSTO DE SAÚDE DO OLHO DAGUA;SITIO OLHO DAGUA
BARBALHA;31;50;VILA SANTO ANTONIO;EEMTI VIRGILIO TAVORA;AV PAULO MAURICIO, 326
FORTALEZA;80;332;JOAQUIM TÁVORA;COLÉGIO ANTARES IRMÃ MARIA (ANTIGO IRMÃ MARIA MONTENEGRO);RUA PINHO PESSOA 681
QUIXADÁ;6;45;ALTO SÃO FRANCISCO;EEMTI GOVERNADOR CÉSAR CALS DE OLIVEIRA FILHO;AV. JUSCELINO KUBITSCHEK, 385
TRAIRI;97;40;PURAO;EEF JONAS HENRIQUE DE AZEVEDO;PURAO
ARARENDÁ;48;109;CENTRO;E. E. F. M.  21 DE DEZEMBRO;RUA FRANCISCO FERRAZ, S/N
AMONTADA;89;103;CENTRO;EEM RITA ESTELITA DOS SANTOS RODRIGUES;AV GAL ALÍPIO DOS SANTOS 1020
QUIXADÁ;6;361;RIACHO VERDE;EEF EDMILSON PINHEIRO;RIACHO VERDE, S/N
SABOEIRO;43;259;BARRINHA;E.E.F. ANTONIO WILSON DOS SANTOS;DISTRITO BARRINHA
JUAZEIRO DO NORTE;28;3;CENTRO;BIBLIOTECA PÚBLICA MUNICIPAL DR. POSSIDÔNIO DA SILVA BEM;RUA SANTO AGOSTINHO, 300
FORTALEZA;80;396;FÁTIMA;EEM GOV. ADAUTO BEZERRA;RUA MONSENHOR LIBERATO, 1850
ARARENDÁ;48;202;MUFUMBO;ESCOLA MUNICIPAL RAIMUNDO ALVES LEITÃO;LOCALIDADE DE MUFUMBO
SOBRAL;24;693;ALTO DA BRASÍLIA;EEFI RAIMUNDO PIMENTEL GOMES - CAIC;RUA PRINCESA ISABEL, S/N
EUSÉBIO;88;172;MANGABEIRA;EEIF OTONI SA;RUA EDNARDO WEINE, 389 - MANGABEIRA
SABOEIRO;43;282;AROEIRA FERRADA;E.E.F. ROSILDA HERBSTER;SITIO AROEIRA FERRADA
FORTALEZA;93;146;PREFEITO JOSÉ WALTER;EEEP PROFESSOR ONELIO PORTO;AVENIDA E, 471 - II ETAPA
ARACATI;8;26;CENTRO;COLONIA DOS PESCADORES;PC MARECHAL DEODORO 6
TIANGUÁ;81;82;ARAPÁ;CENTRO EDUCACIONAL PROFESSOR OSVALDO NOGUEIRA LIMA - CEPON;RUA QUINTINO MARQUES, S/N - DISTRITO ARAPÁ
SÃO GONÇALO DO AMARANTE;36;211;PECEM-DISTRITO;ESCOLA DE ENSINO FUNDAMENTAL EUCLIDES PEREIRA GOMES;TRAVESSA MARCIONILIA SAMPAIO S/N
BOA VIAGEM;63;210;CENTRO-SEDE;EEFM DOM TERCEIRO;RUA ALFREDO TERCEIRO  300
MARACANAÚ;104;438;JEREISSATI II;EMEIEF GENCIANO GUERREIRO DE BRITO;AVENIDA XII, N 3
MARACANAÚ;122;99;INDUSTRIAL;EEFM JOSE DE BORBA VASCONCELOS;AV. CONTORNO SUL S/N
IPUEIRAS;40;25;CENTRO;CENTRO COMUNITÁRIO SIMÃO ALVES DA COSTA - CENTRO;RUA JOSÉ MIRAUGUSTO, 84
TIANGUÁ;81;329;ARAPÁ;E.E.M. RAIMUNDO MARQUES NONATO;RUA RAIMUNDO PAULINO, S/N - DISTRITO ARAPÁ
IBIAPINA;73;35;CENTRO;CÂMARA MUNICIPAL;RUA PADRE IBIAPINA, 680
JARDIM;119;307;SERRA BOCA DA MATA;ESCOLA  ANTONIO DE SA RORIZ;SERRA BOCA DA MATA S/N
MORADA NOVA;47;260;ROLDAO;EEB JOAQUIM CHAGAS FILHO;TRAV. LUIS VIEIRA, S/N
FORTALEZA;95;106;CONJUNTO PALMEIRAS;EEFM DOUTORA ALDACI BARBOSA;RUA VALPARAISO, 155
SOBRAL;121;62;DOM EXPEDITO;EEMTI SINHÁ SABOIA;RUA HELIO ARRUDA COELHO ESQUINA COM DOM EXPEDITO
JARDIM;119;408;CENTRO;CRECHE TIO MICKEY;RUA VEREADOR LUIZ JORGE 332
REDENÇÃO;52;36;DISTRITO DE GUASSI;ESCOLA JOAQUIM SIMÃO DE OLIVEIRA;RUA JOAQUIM SIMÃO, N. 1112
CANINDÉ;33;81;ALTO GUARAMIRANGA;EEFM FREI POLICARPO;RUA JOAO BASTOS 2027
QUIXERAMOBIM;11;107;PASSAGEM;ESCOLA GEN. WICAR PARENTE DE PAULA PESSOA;SÃO JOAQUIM
AQUIRAZ;66;309;BATOQUE;EMEF DE BATOQUE;PRAIA DO BATOQUE SN
FORTALEZA;85;272;CONJUNTO CEARÁ I;EEFM PROF PLACIDO ADERALDO CASTELO - UV 7B;RUA SETECENTOS E VINTE E UM, 100, 3A ETAPA
ITAPIÚNA;105;131;DISTRITO DE CAIO PRADO;EEIEF CENTRO COMUNITARIO CÉSAR CALS;AV MANOEL FRANCELINO S/N
NOVO ORIENTE;99;11;CENTRO;EEIF OTÁVIO RODRIGUES CAVALCANTE;RUA SAO FRANCISCO S/N
BOA VIAGEM;63;33;DOMINGOS DA COSTA;EEF DAVID VIEIRA CARNEIRO;R. SABINO PEREIRA, S/N - ZONA RURAL
AQUIRAZ;66;88;TAPUIO;CENTRO DE EDUCAÇÃO E CIDADANIA MARIA DE CASTRO BERNARDO;RUA JOSE ADAMOR ABREU, S/N - DISTRITO JOAO DE CASTRO
BREJO SANTO;70;21;CENTRO-SEDE;UNIDADE BÁSICA DE SAÚDE CORAÇÃO DE JESUS;PRACA DIONISIO ROCHA DE LUCENA 207
FORTALEZA;113;28;BENFICA;IFCE - INST FEDERAL DE CIÊNCIA E TECNOLOGIA (CEFET);AV. 13 DE MAIO, 2081
BATURITÉ;5;50;CENTRO-SEDE;EMEF DOMINGOS SAVIO;AV DOM BOSCO, 393
PORANGA;40;142;PORCOS;GRUPO ESCOLAR DE PORCOS - PORCOS;PORCOS
FORTALEZA;95;350;CONJUNTO PALMEIRAS;EMTI JOAO GERMANO DA PONTE NETO;RUA MAIZA, 549
SENADOR SÁ;45;71;CENTRO;EEF NOSSA SENHORA DO AMPARO;RUA PADRE DELMONT S/N
BARRO;92;17;TRAJANO NOGUEIRA-SEDE;ESCOLA MUNICIPAL DE ENSINO FUNDAMENTAL GILBERTO LEITE DE AQUINO;RUA TRAJANO NOGUEIRA SN
CARNAUBAL;22;155;CENTRO;CENTRO DE SAUDE HORACIO FONTENELE SAMPAIO;R ANTONIO PINTO DE MELO 140
MASSAPÊ;45;112;CRUZEIRO;EEEP FRANCISCA NEILYTA CARNEIRO ALBUQUERQUE;RODOVIA CE362 KM 81 S/N
JUAZEIRO DO NORTE;28;433;AREA RURAL DE JUAZEIRO DO NORTE;EMEF RAIMUNDO PESSOA;SITIO GAVIAO
FORTALEZA;82;195;MONTE CASTELO;CENTRO EDUCACIONAL SÃO MATEUS;AV. SARGENTO HERMÍNIO SAMPAIO, 2440
FORTALEZA;116;275;GRANJA PORTUGAL;EM EDUCADOR PAULO FREIRE;RUA CORONEL FABRICIANO 452
AQUIRAZ;66;182;PORTO DAS DUNAS;EMEF MARIA FACANHA DE SÁ;RUA VIA COLETORA - LITORANEA II  N 2435
CARIDADE;111;80;SAO DOMINGOS;EEI FRANCISCO DE MOURA BARROS;RUA VICENTE DE PAULA FONSECA, S/N, SAO DOMINGOS
PINDORETAMA;7;97;CENTRO-PINDORETAMA;EEM JULIA ALENQUER FONTENELE;AV. FIRMINO CRISOSTOMO, 1944
BOA VIAGEM;63;254;BOM JESUS;EEF FRANCISCO DAS CHAGAS MELO;BOM JESUS
TARRAFAS;18;135;ZONA RURAL;ESCOLA DE 1O. GRAU RICARTE PEDRO DO CARMO;SITIO PATOS - ZONA RURAL
PEREIRO;10;163;SITIO TRINDADE;ESCOLA MIGUEL JOAO DE OLIVEIRA;SITIO TRINDADE
CARIRIAÇU;71;55;MESTRE NECO;SECRETARIA DE ASSISTÊNCIA SOCIAL;RUA MIGUEL XAVIER SN
FORTALEZA;83;661;HENRIQUE JORGE;EEMTI PROFESSOR PAULO FREIRE;AVENIDA SENADOR FERNANDES TÁVORA 1936
TIANGUÁ;81;170;CENTRO;INSTITUTO EDUCACIONAL DE TIANGUÁ - IET;PRAÇA MONSENHOR MACEDO, 60
AMONTADA;89;191;SABIAGUABA;EEB RAIMUNDO TEODORO DOS SANTOS;CORREGO GRANDE
FORTALEZA;94;468;ANTÔNIO BEZERRA;EEF INSTITUTO DOS CEGOS (ANTÔNIO BEZERRA);RUA DR. JOÃO GUILHERME, 373
FORTALEZA;94;67;ANTÔNIO BEZERRA;CEI JOAQUIM NOGUEIRA;R. SAO VICENTE DE PAULO, 72-126
CHORÓ;6;69;CENTRO;CEM DOM BOSCO;RUA ILDA BEZERRA PIANCÓ, 169, CENTRO
FORTALEZA;95;137;JANGURUSSU;EMTI PROFESSOR ANTONIO GIRAO BARROSO;RUA VERDE 37, S/N (CJ SITIO SAO JOAO)
MARACANAÚ;122;155;LUZARDO VIANA;EMEF NAPOLEAO BONAPARTE VIANA;RUA NAPOLEAO BONAPARTE VIANA 410
VARJOTA;65;169;CENTRO;UBS - TEODORICO RODRIGUES LOPES;AV. SENADOR VIRGINIO TAVORA
SOBRAL;121;338;COHAB II;ESCOLA PROF. MARIA DAS GRAÇAS TEIXEIRA PONTES;RUA ENG. JOSE FIQUEIREDO, 530
JUAZEIRO DO NORTE;119;266;AEROPORTO;COLÉGIO ESTRELA;AVENIDA DEPUTADO DUARTE JUNIOR, 457
BANABUIÚ;6;425;RINARÉ;EEF JOÃO FERREIRA CUNHA;FERROLANDIA
RERIUTABA;79;19;AMANAIARA;E.E.F. DEPUTADO MANOEL RODRIGUES;DISTRITO DE AMANAIARA - CENTRO
TIANGUÁ;81;153;LAURÃO;UNINTA - FACULDADE TIANGUÁ;RUA CONSELHEIRO JOÃO LOURENÇO, 406 - LAURÃO
MULUNGU;5;143;CENTRO-SEDE;EMEF HERMENEGILDO ROCHA PONTES;RUA SANTA INES S/N
PARAMBU;19;280;CENTRO;CEI - CENTRO DE EDUCAÇÃO INFANTIL;RUA JUSCELINO KUBISHEK
CARNAUBAL;22;229;CRUZEIRO;EEF ANTONIO RAIMUNDO DE MELO;AV PAULO SARASATE 539
MARACANAÚ;104;280;JEREISSATI I;EMEIEF MARIA ÍSIS MENEZES ANDRADE;RUA ANTÔNIA ARAÚJO FERREIRA, S/N
ORÓS;15;256;CENTRO;E.E.M. EPITÁCIO PESSOA;AV. JOSÉ GABRIEL BEZERRA, 274
ORÓS;15;271;PEREIRO DOS BARBOSAS - SITIO;E.E.F. PEDRO BARBOSA DO NASCIMENTO;SITIO PEREIRO DOS BARBOSA, S/N
JAGUARIBE;10;99;CENTRO;ESCOLA DE ENSINO FUNDAMENTAL ALICE DIÓGENES PINHEIRO;AV GOV. VIRGILIO TÁVORA S/N
TIANGUÁ;81;317;NENÊ PLÁCIDO;E.E.F. ANTONIO CUSTÓDIO SOBRINHO;AV. AFONSO MARANGUAPE, 430
FORTALEZA;80;232;TAUAPE;EMEIF PROFª ANTONIETA CALS;RUA MONSENHOR SALAZAR 1480
FORTALEZA;85;143;CONJUNTO CEARÁ I;EEEP PROFESSOR CESAR CAMPELO;RUA 717, N.164, 3 ETAPA
PARACURU;109;10;CENTRO;E. E. M. HERMINIO BARROSO;CAP JOSE TELES, S/N
CAUCAIA;37;194;JANDAIGUABA;E.E.I.E.F. MARIA HELENA MOREIRA DA SILVA;RUA DO GRUPO, 249
CAUCAIA;37;546;TABAPUAZINHO;E.E.I.E.F. DONA LAVÍNIA DE MEDEIROS;RUA GIZELDA MAGALHÃES, 2394 - TABAPUAZINHO
QUIXERAMOBIM;11;310;DISTRITO INDUSTRIAL;ESCOLA MANOEL MARTINS DE ALMEIDA;AV GERALDO BIZARRIA DE CARVALHO SN
QUIXERAMOBIM;11;98;MANITUBA;ESCOLA ZINOMAR GOMES DE ALMEIDA;FAZENDA RIACHO VERDE I
REDENÇÃO;52;71;DISTRITO DE BARRA NOVA (ANTIGO SÃO GERARDO);ESCOLA ANTONIO MALAQUIAS DE MELO;BARRA NOVA
FORTALEZA;80;287;VILA UNIÃO;ESCOLA MUNICIPAL PAPA JOÃO XXIII;AV TREZE DE ABRIL, 545
FORTALEZA;118;136;ITAPERI;EM ZAIRA MONTEIRO GONDIM;RUA PEDRO AGUIAR, 315
FORTALEZA;117;347;MANOEL SÁTIRO;EEF JOSE AYRTON TEIXEIRA;RUA ALFREDO MAMEDE SN
FORTALEZA;116;333;GRANJA PORTUGAL;CRECHE PEQUENO MUNDO DE FLORA;RUA ANTONIO NERI, 1350
BEBERIBE;84;107;SEDE;POSTO DE SAÚDE MANOEL RUFINO DE SOUSA;CÓRREGO DO CAJUEIRO
LAVRAS DA MANGABEIRA;14;117;CENTRO - SEDE;CENTRO EDUCACIONAL PEQUENO PRÍNCIPE - CEPP;RUA DOS COQUEIROS, 82
NOVO ORIENTE;99;155;VILA FELIZ;ESCOLA ESTADUAL DE EDUCAÇÃO PROFISSIONAL MARIA EUDES BEZERRA VERAS;RUA ULISSES GUIMARÃES, S/N
FORTALEZA;116;41;GRANJA LISBOA;EM PROF ANTONIA MARIA DE LIMA;RUA SARGENTO JOAO PINHEIRO 2601
CHOROZINHO;49;341;TIMBAUBA;PROGRAMA DE SAUDE DA FAMILIA - PSF TIMBAUBA;RUA ARTUR CHAGAS FILHO SN
PENTECOSTE;50;169;GOMES DA SILVA;EEFM ETELVINA GOMES BEZERRA;RUA DEPUTADO JOSÉ GOMES DA SILVA, 322
BARBALHA;31;173;VILA SANTO ANTONIO;CEI MARIA NILCE CORREIA FILGUEIRA (VILA SANTO ANTONIO);RUA ANTÔNIO ADRIANO ALMEIDA (ANTÔNIO BIRIMBA)
ICÓ;15;164;TRES BODEGAS - POVOADO;ESCOLA MUNICIPAL ANTONIO FERREIRA DE CARVALHO;RUA DIOMEDES ARRUDA TORRES, 111
BARBALHA;31;17;CENTRO;EEM ADAUTO BEZERRA;RUA MAJOR SAMPAIO, 75
CAUCAIA;37;506;TABUBA;E.E.F. LUZIA CORREIA SALES;ESTRADA DO CUMBUCO, 3132
UBAJARA;73;214;MONTE CASTELO;ESCOLA FLAVIO RIBEIRO LIMA;RUA TEN JOSE RAMIRO DE SOUSA
MARANGUAPE;4;430;NOVO PARQUE IRACEMA - MARANGUAPE;EMEF NILO PINHEIRO CAMPELO;RUA NILO CAMPELO, 48
SÃO GONÇALO DO AMARANTE;36;53;CONJUNTO;ESCOLA DE ENSINO FUNDAMENTAL GOVERNADOR TASSO JEREISSATI;RUA CORONEL NECO MARTINS S/N - SEDE
FORTALEZA;116;9;GRANJA LISBOA;CAIC - MARIA ALVES CARIOCA;RUA GUARAREMA 690
ALTO SANTO;86;75;TIBOLO;ESCOLA DE 1 GRAU EDITE MAIA MACHADO;SITIO TIBOLO
PACAJUS;49;179;CROATA I;CEI RAIOS DE LUZ;RUA ARCELINO NOGUEIRA 08
MORAÚJO;64;48;VÁRZEA DA VOLTA;VÁRZEA DA VOLTA - CRECHE FCO. DAS CHAGAS LEOCÁDIO;DISTRITO VÁRZEA DA VOLTA
FORTALEZA;95;372;JANGURUSSU;CEI PEDRO FERREIRA MESQUITA;RUA PROJETADA 4, S/N, (CONJ. RES. LUIZ GONZAGA)
FORTALEZA;94;890;PADRE ANDRADE;EEMTI MONSENHOR DOURADO;AVENIDA SARGENTO HERMÍNIO SAMPAIO 4600
PARAIPABA;109;122;BOA ESPERANÇA;EMTI HUMBERTO VIEIRA PESSOA;RUA MARIA CLARICE MOREIRA, 200
MORADA NOVA;47;192;ARUARU;CENTRO EDUCACIONAL INFANTIL MARIA NADIR BARBOSA;JOSE ANGELO S/N
FORTALEZA;80;214;ALTO DA BALANÇA;EM PROFESSORA EDITH BRAGA;RUA CAPITAO VASCONCELOS 1061
AMONTADA;89;109;ARACATIARA;EEBTI PROF LUIZA TELES;RUA JOSE ABDON SARAPIÃO DE BARROS
UMIRIM;23;253;CENTRO-SEDE;CRAS (EX-SECRETARIA DE AÇÃO SOCIAL);RUA RUFINO DE SOUSA (RUA DO BANANA)
GRANJA;25;29;IBUAÇU;E.E.F. LIVIO BARRETO;VILA IBUACU
GRANJA;25;5;CENTRO;E.E.M.T.I SÃO JOSÉ (COLEGIO ESTADUAL SÃO JOSÉ);RUA FRANCISCO SOUSA, 131
BANABUIÚ;6;442;CENTRO;EEF RAUL URQUID;RUA DEMÓCRITO PINTO, 280, CENTRO
PACAJUS;49;231;CRUZ DAS ALMAS;EEF SEN VIRGILIO DE MORAIS FERNANDES TAVORA;RUA MONTEMOR SN
ARACATI;8;288;VARZEA DA MATRIZ;COLEGIO MUNICIPAL;RUA PADRE PACHECO, S/N.
JUAZEIRO DO NORTE;119;401;SANTA TEREZA;COLEGIO POLIVALENTE;JOSE MARROCOS SN
CEDRO;13;547;SANTO ANTÔNIO;ESCOLA DE ENS FUND JOAO BENEDITO DE ARAÚJO;ST SANTA RITA
PACAJUS;49;107;CRUZ DAS ALMAS;EEEP JOSE MARIA FALCAO - LICEU DE PACAJUS;RUA RAIMUNDO CORREIA LIMA, S/N
FORTALEZA;83;765;DOM LUSTOSA;ESCOLA MUNICIPAL MURILO SERPA;RUA MONSENHOR HIPOLITO BRASIL 1400
FORTALEZA;94;773;QUINTINO CUNHA;IGREJA DE SÃO JOSÉ;R. GEN. ALÍPIO DOS SANTOS, 375
ITATIRA;33;169;ZONA RURAL;EMEF JOSE PEREIRA;LOCALIDADE DE BANDEIRA NOVA
TAMBORIL;61;94;COMUNIDADE QUILOMBOLA de torres;EMTI RAIMUNDO AGOSTINHO DA SILVA;COMUNIDADE QUILOMBOLA DE TORRES
BEBERIBE;84;32;SERRA DO FELIX;ESCOLA MUNICIPAL BENEDITO EVARISTO PINHEIRO;AV ESTER FERNANDES 72 - CENTRO
FORTALEZA;94;446;ANTÔNIO BEZERRA;EM PADRE JOSEFINO CABRAL;AV SARGENTO HERMINIO SAMPAIO 5598
MARACANAÚ;104;81;JEREISSATI II;EMEIEF GENCIANO GUERREIRO DE BRITO;AVENIDA XII, N 3
OCARA;67;272;CURUPIRA-DISTRITO;ESCOLA MUNICIPAL ODILON DE SOUZA BRILHANTE - ENSINO FUNDAMENTAL;CURUPIRA
CAMOCIM;32;223;BOA ESPERANCA;ESCOLA MUNICIPAL DE 1 GRAU FCO OTONI COELHO;RUA BANDEIRANTES 646
FORTALEZA;85;297;ANTÔNIO BEZERRA;EEFM ANTONIO BEZERRA;RUA PADRE PERDIGAO SAMPAIO 780
BANABUIÚ;6;423;RINARÉ;EEF LEOCADIA MARIA DA CONCEICAO;GOVERNO I
PARAMBU;19;295;MONTE SION;ESCOLA EVA BATISTA DE ALMEIDA;SERRA DO MEIO
UBAJARA;73;127;DISTRITO ARATICUM;ESCOLA ZULMIRA AGASSIS;R LUIZA LEONIZA SN - DISTRITO ARATICUM
CARNAUBAL;22;148;SITIO BAIXA DO CEDRO;POSTO DE SAUDE BAIXA DO CEDRO;SITIO BAIXA DO CEDRO
BARREIRA;52;161;LAGOA DO BARRO;ESCOLA FRANCISCO DAS CHAGAS FERREIRA;URUÁ
FORTALEZA;115;365;VILA PERI;EM CATULO DA PAIXAO CEARENSE;RUA LEAO DO NORTE 300
MARACANAÚ;104;326;JARDIM BANDEIRANTES;EMEF EVANDRO AYRES DE MOURA;RUA SÃO SEBASTIÃO, 341
CASCAVEL;7;258;BESSALANDIA;ESC.ENS.FUND. JULIA DE MELO;RUA GABRIEL GOMES BARBOSA
MARACANAÚ;104;432;PAJUÇARA;COLÉGIO 7 DE SETEMBRO (PAJUÇARA);RUA BEATRIZ CALIXTO, 305
RUSSAS;9;288;IPIRANGA;EEMTI PROFESSOR WALQUER CAVALCANTE MAIA;TRAV PEDRO ARAUJO 175
PORANGA;40;143;PITOMBEIRA;ESCOLA DE ENSINO FUNDAMENTAL 13 DE MAIO - PITOMBEIRA;PITOMBEIRA
FORTALEZA;95;93;BARROSO;EEFM PADRE MARCELINO CHAMPAGNAT;RUA DAURA, 120
PACUJÁ;79;195;CENTRO;E.E.F. SAO JOAO BATISTA;RUA VEREADOR LUÍS MANÇO MAGALHÃES, S/N
BARREIRA;52;60;LAGOA GRANDE;ESCOLA PEDRO ALEXANDRINO DE LIMA;LAGOA GRANDE
ARACATI;8;339;GAMELEIRA;PONTO DE APOIO DA GAMELEIRA (UNID DE SAÚDE);SÍTIO GAMELEIRA
FORTALEZA;94;384;VILA VELHA;EMEF QUINTINO CUNHA;RUA MARIA CLARA 1263
MARACANAÚ;104;270;JARDIM BANDEIRANTES;EMEF EVANDRO AYRES DE MOURA;RUA SÃO SEBASTIÃO, 341
FORTALEZA;95;248;JANGURUSSU;CITS - CENTRO DE INCLUSÃO TECNOLÓGICA E SOCIAL;RUA L, 20, CONJUNTO JOÃO PAULO II
AQUIRAZ;66;304;GENIPAPEIRO;EMEF MANOEL ASSUNCAO PIRES;RUA PRINCIPAL S/N
FORTALEZA;80;267;AEROPORTO;COLÉGIO JENNY GOMES;AV. BORGES DE MELO, 210
UBAJARA;73;112;CENTRO;CEIF - CENTRO DE EDUCAÇÃO IRLANE FERNANDES;RUA 24 DE AGOSTO, 426
MILHÃ;55;109;SITIO BARRA-SEDE;ESCOLA DE 1 GRAU RAIMUNDO BRAZ;SITIO BARRA
RUSSAS;9;302;CENTRO;ESCOLA DE ENSINO FUNDAMENTAL CORONEL MURILO SERPA;TRAVESSA SEBASTIAO SANTIAGO LIMA 160
MILHÃ;55;107;CARNAUBINHA;ESCOLA DE ENSINO BASICO RAIMUNDO BEZERRA FIGUEIREDO;RUA VALDINA DE LIMA
CARIRÉ;65;25;ZONA RURAL;ESCOLA EIEF MONS. ANTONIO CANDIDO DE MELO;ALTO FELIZ
IPUEIRAS;40;75;MELOSA;EEF JOSÉ SARAIVA CHAVES - MELOSA;MELOSA
MORADA NOVA;47;139;2 DE AGOSTO;CEI MARIA ROSALINA LOPES;RUA PEDRO COUTINHO DA SILVA
FORTALEZA;94;918;QUINTINO CUNHA;CEI SÃO CARLOS;RUA DOS PESCADORES,188
FORTALEZA;94;770;QUINTINO CUNHA;EMEIRF JOSÉ CARLOS DA COSTA RIBEIRO;RUA PIO SARAIVA, 335
FORTALEZA;95;264;BARROSO;EEFM PROFESSOR  ALOYSIO BARROS LEAL;RUA 10,  LOT. PRQ.VERDE 28 (CJ JOAO PAULO II)
JUAZEIRO DO NORTE;28;229;FRANCISCANOS;COLÉGIO SÃO FRANCISCO DE ASSIS;NOSSA SENHORA DO CARMO SN
GRAÇA;79;178;CENTRO-SEDE;COLEGIO RAIMUNDO DA CUNHA BRITO;BAIRRO SANTA LUZIA
MORADA NOVA;47;204;2 DE AGOSTO;CEI MARIA ROSALINA LOPES;RUA PEDRO COUTINHO DA SILVA
FORTALEZA;115;1;ITAPERI;EM PROJETO NASCENTE;RUA CAMPO MAIOR, S/N
PACAJUS;49;259;CENTRO;CENTRO DE EDUCAÇÃO DE JOVENS E ADULTOS DE PACAJUS - CEJAP;RUA TABELIAO JOSE GAMA FILHO, 350
FORTALEZA;85;334;ANTÔNIO BEZERRA;EMEIF GERARDO MILTON DE SA;RUA VALE COSTA S/N
GRANJA;25;143;ADRIANOPOLES;E.E.F. FRANCISCA PORTELA;RUA PEDRO PORTELA, S/N
UMIRIM;23;234;CENTRO-SEDE;CRECHE DONA MARIA DE ARAUJO CARNEIRO;RUA NOSSA SENHORA DA NATIVIDADE SN
EUSÉBIO;88;159;URUCUNEMA;EEF JOSEFA SA;RUA BEIRA RIO, 400 - MOSQUITO
QUIXADÁ;6;188;TAPUIARA;EEF FRANCISCO FERREIRA LIMA;TAPUIARÁ, S/N
SÃO BENEDITO;22;184;BARREIROS;EEF JOAO BATISTA SALUSTIANO DE AGUIAR;BARREIROS
JIJOCA DE JERICOACOARA;30;355;CENTRO;ESCOLA SENADOR CARLOS JEREISSATE;RUA MINAS GERAIS S/N
TRAIRI;97;14;CENTRO;EEB RAIMUNDO NONATO RIBEIRO;RUA RAIMUNDO NONATO RIBEIRO
FORTALEZA;118;565;BOA VISTA-CASTELÃO;EEFM PROFESSORA MARIA GONCALVES;RUA N S DO MONTE CARMELO S/N
JUAZEIRO DO NORTE;119;457;FREI DAMIAO;E.M.E.I. PROFA. MARIA DA CONCEIÇAO RIBEIRO DE SOUSA (CRECHE NOVA);RUA MANOEL TAVARES LOPES, N. 2891
MARACANAÚ;122;69;ACARACUZINHO;EEFM JOSE MILTON DE VASCONCELOS DIAS;AV. CENTRAL S/N
CEDRO;13;489;SANTO ANTÔNIO;ESCOLA DE ENS FUND JOSE MARQUES;ST CACHOEIRA DOS MARQUES
FORTALEZA;1;586;PRAIA DO FUTURO II;ESCOLA MUNICIPAL DOM ALOISIO LORSCHEIDER;RUA JULIO SILVA, 450
FORTALEZA;94;214;VILA VELHA;EM CASTELO DE CASTRO;RUA 43 1531
ITAPIPOCA;17;30;CRUZEIRO;EEB PROFESSOR PEDRO TEIXEIRA BARROSO;RUA ANTONIO BARROSO NETO S/N
AURORA;69;26;ARACA-SEDE;E.E.F.P. LEOPOLDINA GONÇALVES QUEZADO;RUA MARICA LEITE,285
IRAUÇUBA;41;28;JUA;ESCOLA MUNICIPAL MIGUEL FERNANDES;RUA JOAQUIM PEREIRA PASSOS SN
BARREIRA;52;154;CENTRO;ESCOLA FRANCISCA AMÉLIA DA SILVA;AV MÃE SINFOROSA, SN
FORTALEZA;94;45;ANTÔNIO BEZERRA;EEF INSTITUTO DOS CEGOS (ANTÔNIO BEZERRA);RUA DR. JOÃO GUILHERME, 373
GRANJA;25;33;SANTA TEREZINHA;E.E.F. SENADOR OLAVO OLIVEIRA;AV. PREF. FRANCISCO SOUSA, 71
ACARAÚ;30;378;ZONA RURAL;ESCOLA CAROLINO LOPES ARAUJO;CELSOLANDIA
MISSÃO VELHA;16;50;SEDE;SOCIEDADE PESTALOZZI DE MISSAO VELHA (ESPECIAL);RUA PADRE CICERO, 1292, CENTRO.
MORADA NOVA;47;16;CENTRO;CENTRO EDUCACIONAL MONSENHOR TABOSA;AV. MANOEL CASTRO, 440
FORTALEZA;113;146;JARDIM AMÉRICA;ESC. EST. DE EDUC. PROFISSIONAL PAULO VI;RUA JORGE DUMMAR, 1841
IBIAPINA;73;81;SÍTIO LIMÃO;ESCOLA RAIMUNDO FERREIRA DE SOUSA;SÍTIO LIMÃO
SOBRAL;24;467;ALTO DA BRASÍLIA;EEFI RAUL MONTE;RUA MACEIO, S/N
FORTALEZA;83;543;DEMOCRITO ROCHA;ESCOLA MUNICIPAL JOSÉ BONIFÁCIO DE SOUSA;RUA PERNAMBUCO 600
SOBRAL;24;490;JOSÉ EUCLIDES;EEFI MOCINHA RODRIGUES;RUA EVANGELINA SABOIA, S/N
FORTALEZA;114;127;BARRA DO CEARÁ;EEFM ESTADO DE ALAGOAS;AVENIDA PRESIDENTE CASTELO BRANCO, 5244
FORTALEZA;114;54;BARRA DO CEARÁ;EM FRANCISCO DOMINGOS DA SILVA;AVENIDA PRESIDENTE CASTELO BRANCO 4707
SOBRAL;24;238;JORDÃO;EEM DR JOSE EUCLIDES FERREIRA GOMES JUNIOR - JORDAO;RUA ONOFRE GOMES DE OLIVEIRA
JUAZEIRO DO NORTE;119;5;LIMOEIRO;ESCOLA ODORINA CASTELO BRANCO SAMPAIO;AV. JOSÉ BEZERRA DE MENEZES S/N
JUAZEIRO DO NORTE;119;242;JOAO CABRAL;ESCOLA IVA EMIDIO GONDIM;PIO NOROES SN
CRATO;27;183;SANTA FÉ;EEIEF ANA REGINO;SÍTIO RIACHO VERMELHO S/N
SOBRAL;24;638;EXPECTATIVA;EEFI TRAJANO DE MEDEIROS (LAVANDERIA);AVENIDA DR. JOSE EUCLIDES FERREIRA GOMES JUNIOR, S/N
IGUATU;13;102;BARRO ALTO;ESCOLA DE ENS FUND SAO SEBASTIAO;BARRO ALTO
ITAPIPOCA;17;494;PICOS;EEB DOMINGOS GONCALVES MUNIZ;PICOS
ACOPIARA;60;50;VILA MOREIRAS II;EEF MANOEL QUARESMA DOS ANJOS;RUA REINALDO SN
ERERÉ;10;121;ZONA RURAL;E.E.F. PRUDENCIO PESSOA DE QUEIROZ;VILA SÃO JOÃO
PIRES FERREIRA;21;117;DISTRITO;E.E.F. QUITERIA DIAS DE OLIVEIRA;SANTO ANTONIO
CARIÚS;43;165;SITIO CANGA;EEIF ANTONIA PLACIDA DE JESUS;SITIO CANGA
FORTALEZA;80;412;TAUAPE;EMEIF PROFª ANTONIETA CALS;RUA MONSENHOR SALAZAR 1480
GRANJA;25;21;SÃO PEDRO;CEJA GUILHERME GOUVEIA;RUA TRISTAO GONCALVES, 66
VIÇOSA DO CEARÁ;35;176;SITIO JAGUARIBE II;E.E.I.F. JAGUARIBE II;SITIO JAGUARIBE II
FORTALEZA;95;335;CONJUNTO PALMEIRAS;EMEIEF MARIA HELENILCE CAVALCANTE LEITE MARTINS;RUA MAIZA, S/N
FORTALEZA;80;244;TAUAPE;EEFM NOEL HUGNEN OLIVEIRA PAIVA;RUA MONSENHOR SALAZAR 279
ARACATI;8;23;CENTRO;COLEGIO MARISTA DE ARACATI;PRAÇA SÃO MARCELINO CHAMPAGNAT, 1
PINDORETAMA;7;180;PRATIUS - 1;EMEB JOSÉ DE QUEIROZ FERREIRA;AV. VALE ALBINO, SN - RODOVIA CE 454 - PRATIUS - 1
BARREIRA;52;173;BONSUCESSO;ESCOLA ANTÔNIO JULIÃO NETO;RUA RAIMUNDO ALVES DOS REIS DOCA, SN
PARACURU;109;14;SAO PEDRO;E. M. E. I. F. EZEQUIEL VICENTE DA COSTA;AV GERALDO CIRIACO, S/N
FORTALEZA;80;336;JOAQUIM TÁVORA;COLÉGIO ANTARES IRMÃ MARIA (ANTIGO IRMÃ MARIA MONTENEGRO);RUA PINHO PESSOA 681
BOA VIAGEM;63;205;FATIMA;EEF BENJAMIM ALVES DA SILVA;R. SEBASTIÃO ALVES DA SILVA, 68
CANINDÉ;33;485;ZONA RURAL;EMEF JOAO MARCELINO DE MESQUITA;RUA FRANCISCO VIEIRA, S/N  BOA VISTA
BARREIRA;52;61;LAGOA DO BARRO;UBS MARIA ANGÉLICA SANTIAGO ;LAGOA DO BARRO
IPUEIRAS;40;147;OLHO D'ÁGUA DOS GALVÕES;EEF MACÁRIO BEZERRA GALVÃO - OLHO D'ÁGUA DOS GALVÕES;OLHO D'AGUA DOS GALVÕES
FORTALEZA;93;202;PLANALTO AYRTON SENNA;LICEU ESTADUAL DOMINGOS BRASILEIRO;RUA PLANALTINA, S/N
CAUCAIA;37;14;GRILO;EEIEF NAIR MAGALHÃES GUERRA;RUA JOAQUIM BENTO CAVALCANTE, 500
FORTALEZA;3;10;CENTRO;COLÉGIO TIRADENTES VESTIBULARES;RUA PEDRO I, 1106
IBICUITINGA;47;175;LAGOA DOS PORCOS;EEB CEL BENEDITO MAIA;LAGOA DOS PORCOS
CRATEÚS;20;49;CENTRO;EEFM LOURENCO FILHO;RUA FIRMINO ROSA 587
FORTALEZA;1;590;CIDADE 2000;ESCOLA ESTADUAL ARQUITETO ROGERIO FROES;AVENIDA DAS GRAVIOLAS 1000
CRATEÚS;20;44;SANTA LUZIA;CENTRO DE REFERÊNCIA ESPECIALIZADA DE ASSISTÊNCIA SOCIAL - CREAS;RUA MANOEL BALBINO, 180
FARIAS BRITO;62;200;SEDE;EEF MARIA CARMOSINA PINHEIRO RODRIGUES;TRAVESSA ENOCH RODRIGUES, 53
MARACANAÚ;122;299;LUZARDO VIANA;EMEF NAPOLEAO BONAPARTE VIANA;RUA NAPOLEAO BONAPARTE VIANA 410
FORTALEZA;115;349;PARANGABA;EEEP JOAQUIM MOREIRA DE SOUSA;RUA CAIO PRADO 02
CAUCAIA;37;526;TABAPUÁ;E.E.F.M. JOSÉ MARIA PONTES DA ROCHA;RUA 08, S/N - TABAPUÁ
CARIRIAÇU;71;98;FEITOSA;EEF JOSÉ SERAFIM DE OLIVEIRA;SITIO RIACHO SECO DO MEIO DE ZECA PEREIRA
FORTALEZA;3;261;CENTRO;COLÉGIO ESTADUAL JUSTINIANO DE SERPA;AV. SANTOS DUMONT, 56
FORTALEZA;3;277;CENTRO;FAC. CATÓLICA DE FORTALEZA (SEMINÁRIO DA PRAINHA);RUA TENENTE BENÉVOLO, 201
IGUATU;13;20;VILA CIDAO;CAMPUS MULTI-INSTITUCIONAL HUMBERTO TEIXEIRA (URCA/UECE/CENTEC);AV DÁRIO RABELO SN
MORADA NOVA;47;171;CENTRO;SECRETARIA MUNICIPAL DE EDUCAÇÃO BÁSICA;RUA SARGENTO MACEDO, 315
MARACANAÚ;122;300;SIQUEIRA (siqueira 2);EEM PROFª. EUDES VERAS;AVENIDA SIQUEIRA CAMPOS, 601
FORTALEZA;3;209;CENTRO;EM ALBA FROTA;AV. DOM MANUEL, 914
RUSSAS;9;169;BOA VISTA;ESCOLA MUNICIPAL ALIPIO RODRIGUES DE OLIVEIRA;BOA VISTA
FORTALEZA;113;427;MONTESE;ESCOLA MUNICIPAL VICENTE FIALHO;RUA IRMA BAZET, 193
FORTALEZA;113;6;BENFICA;FACULDADE DE ARQUITETURA E URBANISMO DA UFC;AV. DA UNIVERSIDADE, 2890
JUCÁS;43;219;CANAFÍSTULA - VILA;ESCOLA DE ENSINO FUNDAMENTAL CEL LUIZ DUARTE;VILA DE CANAFÍSTULA
MOMBAÇA;46;2;CENTRO;EEF PE. PEDRO LEÃO;RUA FRANCISCO DE ASSIS BARROSO FEIJÓ
COREAÚ;64;60;Araquém;ARAQUÉM - CEI SANTA RITA;DISTRITO DE ARAQUÉM, COREAÚ/CE
JUAZEIRO DO NORTE;119;86;PIRAJA;ESCOLA MARIA AMELIA BEZERRA;AV CASTELO BRANCO SN
ITAPIPOCA;17;695;MARANHÃO;EEB JOÃO IDÁLIO TEIXEIRA;RUA DR BEZERRA DE MENEZES, SN
ALCÂNTARAS;24;519;SAO JOSE;SECRETARIA MUNICIPAL DE EDUCACAO DE ALCÂNTARAS;RUA FRANCISCO CUNHA FREIRE, SN
ITAPIPOCA;17;320;ARAPARI;EEB JERONIMO DE FREITAS GUIMARAES;ARAPARI
ORÓS;15;282;PEREIRO DOS PEDROS - SITIO;E.E.F. JOAQUIM PEDRO DA SILVA;SITIO PEREIRO DOS PEDROS, S/N
ACOPIARA;60;264;TRUSSU;EEF SAO CAMILO;SITIO CHAPADA
ITAITINGA;78;297;RIACHÃO;EEF GALDINO ASSUNÇÃO FILHO;RUA LAURA DE SOUSA, 33
BARBALHA;31;56;CENTRO;COLÉGIO DOM BOSCO OBJETIVO (CENTRO);RUA ADÃO APOLINÁRIO, S/N
ACARAÚ;30;436;ZONA RURAL;ESCOLA EXPEDITO JOSE DE FREITAS;BARRINHA DE BAIXO
TAUÁ;19;65;COLIBRIS/SEDE;CEJA LUZIA ARAÚJO FREITAS;RUA ABIGAIL CIDRAO DE OLIVEIRA 51
PIQUET CARNEIRO;12;145;CATOLE DA PISTA;EMEF JOSÉ ELIEDSON DE BRITO;CATOLE DA PISTA
CAMPOS SALES;38;35;DIST. DE ITAGUÁ;E.E.F.T.I  ANÂNIAS CUSTÓDIO ARRAIS - DIST. DE ITTAGUÁ;RUA ANÂNIAS CUSTÓDIO ARRAIS S/N
CARNAUBAL;22;16;SAO VICENTE;EEF AQUILES PERES MOTA;AV SAO VICENTE
BOA VIAGEM;63;51;IPIRANGA;EEF MANOEL GENUINO VIEIRA;IPIRANGA
ITAPIPOCA;17;463;COQUEIRO;IFCE - CAMPUS ITAPIPOCA;AVENIDA DA UNIVERSIDADE, 102
VÁRZEA ALEGRE;62;13;CENTRO;EEF FIGUEIREDO CORREIA;RUA FIGUEIREDO CORREIA, 258
MARANGUAPE;4;140;CENTRO - MARANGUAPE;EMEF CAPISTRANO DE ABREU;RUA CEL ANTÔNIO BOTELHO, 366
CAMPOS SALES;38;115;DIST. DE CARMELÓPOLIS;E.E.I.F JOAQUIM MOREIRA FILHO - ANEXO DO OSSEAN ALENCAR ARARIPE;RUA  VIRGILIO GOMES, 139
TAMBORIL;61;17;DISTRITO DE AÇUDINHO;EMTI LUIZ GONZAGA AMBRÓSIO;VILA AÇUDINHO
QUITERIANÓPOLIS;99;129;ZONA RURAL;EEIF DETELVINA ARAÚJO LIMA;DISTRITO BAIXIO
CEDRO;13;495;SÃO MIGUEL;ESCOLA DE ENS FUND PEDRO MOREIRA DO CARMO;ST RECANTO
CEDRO;13;447;CENTRO;ESCOLA DE ENS FUND SAO JOAO BATISTA;RUA SENADOR JOAO TOME N 70
RERIUTABA;79;255;BARRO VERMELHO;E.E.F. HORIZONTE DO SABER;RUA ANTÔNIO PINTO, S/N
ABAIARA;26;137;SÍTIO OITIS (VILA CAFÉ DA LINHA);ESCOLA CORONEL ADAUTO BEZERRA;SÍTIO OITIS
CANINDÉ;33;504;ZONA RURAL;EMEF NOSSA SENHORA DAS GRAÇAS;LOCALIDADE DE BAIXA FRIA
JAGUARUANA;75;132;CAMPO GRANDE;E.E.F. GERARDO CORREIA LIMA (CAMPO GRANDE);CAMPO GRANDE
AMONTADA;89;303;ARACATIARA;EEBTI MARIA JOSE DO NASCIMENTO;TIMBAÚBA
CEDRO;13;558;VÁRZEA DA CONCEIÇÃO;ANEXO FRANCISCO SILVEIRA DE AGUIAR;RUA JOAO BATISTA MORENO SN
BANABUIÚ;6;424;PEDRAS BRANCAS;ASSOCIAÇÃO COMUNITÁRIA DOS PRODUTORES RURAIS DA FAZENDA IRACEMA;FAZENDA IRACEMA
ALCÂNTARAS;24;673;SAO JOSE;EEIEF MARIA RAULINO ALCÂNTARA DE CARVALHO;RUA FRANCISCO CUNHA
BELA CRUZ;96;35;SANTO IZIDIO-LOCALIDADE;EMEIEF FRANCISCO CIPRIANO SAMPAIO;SANTO IZIDIO
CAUCAIA;37;518;TABAPUÁ;E.E.F.M. JOSÉ MARIA PONTES DA ROCHA;RUA 08, S/N - TABAPUÁ
MADALENA;63;248;MACAOCA;EEF PAULINO RIBEIRO DE MELO;TIGRE
BELA CRUZ;96;40;CORREGUINHOS-LOCALIDADE;EMEIEF RAIMUNDO JOVINO VASCONCELOS;CORREGUINHO
BARBALHA;31;53;CENTRO;COLÉGIO DOM BOSCO OBJETIVO (CENTRO);RUA ADÃO APOLINÁRIO, S/N
PENTECOSTE;50;137;CENTRO;SECRETARIA DE EDUCAÇÃO DE PENTECOSTE;RUA MAJOR JOÃO MARTINS, 361
BARRO;92;30;SANTO ANTONIO-DISTRITO;ESCOLA DE 1 GRAU JOAQUIM ALVES PEREIRA;DISTRITO DE SANTO ANTONIO
COREAÚ;64;132;São Miguel;COREAÚ - ESCOLA MUN. NOSSA SRA. DA PAZ;RUA SÃO MIGUEL, S/N - SÃO MIGUEL
MARANGUAPE;4;519;CENTRO - MARANGUAPE;EMEF CAPISTRANO DE ABREU;RUA CEL ANTÔNIO BOTELHO, 366
CAMPOS SALES;38;12;B. CENTRO;INSTITUTO EDUCACIONAL PROFESSORA MARIA DULCE DE ALENCAR - (MDA) - SEDE;RUA JULIO NORÕES, 531
PEDRA BRANCA;59;114;SEDE;PSF TEODÓZIO GONZAGA DE OLIVEIRA;LAGOA VELHA
UMARI;15;223;SITIO UMARIZINHO;EEF BERNARDO FERREIRA ALENCAR;SITIO UMARIZINHO
PEDRA BRANCA;59;166;SEDE;EEIF JOSEFA MARIA DA PAIXÃO;SITIO TRAPIA
TIANGUÁ;81;331;ÁREA RURAL DE TIANGUÁ;E.E.F. DR. EDSON CARVALHO LIMA;SÍTIO BODEGAS
CAUCAIA;120;440;CAPUAN;CRAS - CAPUAN - TEREZA ALVES FERREIRA;RUA CEL. PINHO, S/N
PEDRA BRANCA;59;156;CAPITÃO MOR;E.E.F. ANTONIO TORQUATO SOUSA;VILA CAPITAO MOR
DEPUTADO IRAPUAN PINHEIRO;55;94;CENTRO;CENTRO ADMINISTRATIVO DA ASSIST. SOCIAL ANT. HOLANDA LIMA;RUA CANDIDO BORGES
IPU;21;10;ZONA RURAL;UBS JOÃO BATISTA DE AZEVEDO;SÃO JOSÉ DOS MARTINS
UMIRIM;23;347;SAO JOAQUIM-DISTRITO;E.E.F. MANUEL FRANCISCO DE MOURA;MOREIRA
FORTALEZA;112;584;ENGENHEIRO LUCIANO CAVALCANTE;ESCOLA MUNICIPAL JOSÉ CARLOS PINHO;AV. LUIZA MIRANDA COELHO, 595
COREAÚ;64;90;Centro;COREAÚ - CAEE (CENTRO EDUCACIONAL ESPECIALIZADO);RUA CEL. ANTONIO TELES, S/N - CENTRO
PIQUET CARNEIRO;12;142;IBICUA;EMEF MESTRE JÚLIO;RUA CORONEL FILEMOM MAGALHÃES, S/N
UMIRIM;23;284;CENTRO-SEDE;E.E.F. MOCINHA GOMES DE SOUSA;RUA MAJOR SALES, 84
FORTALEZA;2;746;MESSEJANA;EMEIF ANGELICA GURGEL;RUA DOUTOR PERGENTINO MAIA, 375
FORTALEZA;113;82;JARDIM AMÉRICA;ESCOLA MUNICIPAL PROF. FILGUEIRAS LIMA;AV. DOS EXPEDICIONÁRIOS, 3910
FORTALEZA;113;198;FARIAS BRITO;EEFM DR.CÉSAR CALS;AV. DOMINGOS OLIMPIO, 1800
RUSSAS;9;188;MACAMBIRA;ESCOLA MUNICIPAL JOSE MARTINS RODRIGUES LIMA;MACAMBIRA
FORTALEZA;118;423;SERRINHA;EM MARIA DE CARVALHO MARTINS;AVENIDA DOUTOR SILAS MUNGUBA, 4300
MARANGUAPE;4;12;CACHOEIRA;EMEIEF JOSÉ DE MOURA;RUA JOAO RAMALHO CORDEIRO, 21
ITAREMA;98;165;ZONA RURAL;LICEU DE ALMOFALA - EEM JOSE MARIA MONTEIRO;RUA AGRIPINO TOMAS DE SOUSA S/N - ALMOFALA
JUAZEIRO DO NORTE;28;110;SANTO ANTONIO;EEF PELUSIO CORREIA DE MACEDO;RUA MARIETA FRANCA DE MENEZES 360
ALTO SANTO;86;22;CABRITO;ESCOLA DE 1 GRAU VIRGILIO TAVORA;SITIO CABRITO
FORTALEZA;114;134;BARRA DO CEARÁ;EEFM ESTADO DE ALAGOAS;AVENIDA PRESIDENTE CASTELO BRANCO, 5244
CAMOCIM;32;159;ZONA RURAL;ESCOLA JOSE NAZUZA DIAS - PESQUEIRO;LOCALIDADE DE PESQUEIRO
FORTALEZA;114;344;BARRA DO CEARÁ;CENTRO EDUCACIONAL ALFA;RUA CHICO XAVIER, 181
CAUCAIA;123;311;PARQUE POTIRA (JUREMA);E.E.I.E.F. ANTÔNIO ALBUQUERQUE SOUSA FILHO;RUA HERIBALDO RODRIGUES (ANTIGA RUA POTIGUARA), 488
RUSSAS;9;258;PLANALTO BELA VISTA;ESCOLA MUNICIPAL ANA XAVIER LOPES;TRAVESSA JOSE MUNIZ 2457
QUIXERAMOBIM;11;240;URUQUE;ESCOLA JOSE MARINHO GOES;VILA DE URUQUE
QUIXERAMOBIM;11;274;DISTRITO INDUSTRIAL;ESCOLA MANOEL MARTINS DE ALMEIDA;AV GERALDO BIZARRIA DE CARVALHO SN
FORTALEZA;82;197;MONTE CASTELO;EM FAUSTINO DE ALBUQUERQUE;RUA AMARO CAVALCANTE, 89
GUARACIABA DO NORTE;74;82;SEDE;E.E.I.F. JOÃO BARRETO DOS SANTOS;RUA 12 DE MAIO - CENTRO
FARIAS BRITO;62;226;CARÁS;EEF ISAAC DE ALCANTARA COSTA;SÍTIO CARÁS
AMONTADA;89;161;NASCENTE;EEBTI RAIMUNDO GOMES GARCEZ;NASCENTE
ANTONINA DO NORTE;18;4;CENTRO;ESCOLA DE ENSINO FUNDAMENTAL 8 DE MAIO;RUA ANTONIO MOTA 50
MARCO;96;126;DISTRITO DE PANACUI;EEF SENADOR VIRGILIO TAVORA;RUA JOSE DOMINGOS, S/N
FORQUILHA;121;227;SALGADO DOS MENDES;EEFI MANOEL MENDES FERREIRA;POVOADO SALGADO DOS MENDES
MASSAPÊ;45;145;CRUZEIRO;EEEP FRANCISCA NEILYTA CARNEIRO ALBUQUERQUE;RODOVIA CE362 KM 81 S/N
FORTALEZA;3;234;CENTRO;FAC. ESTÁCIO - UNIDADE CENTRO (ANTIGO COLÉGIO CEARENSE);AV. DUQUE DE CAXIAS, 101
FORTALEZA;2;487;LAGOA REDONDA;EM TEREZINHA FERREIRA PARENTE;RUA NELSON COELHO, 209
FORTALEZA;117;139;SIQUEIRA;COLÉGIO VIDA VIVA;RUA JOSÉ MARIA, 100
FORTALEZA;1;398;CAIS DO PORTO;ESCOLA MUNICIPAL SAO VICENTE DE PAULO;AVENIDA ZEZE DIOGO 1247
IBICUITINGA;47;51;CENTRO;EEB ENEAS FERREIRA NOBRE;RUA CAPITAO MANOEL ANTONIO 2180
VARJOTA;65;151;CENTRO;E.E.F. DEPUTADO MANOEL RODRIGUES;RUA MODESTO DE MENDONÇA, 917
FORTALEZA;114;210;FLORESTA;EM FRANCISCO SILVA CAVALCANTE;RUA CONSELHEIRO LAFAYETTE 205
FORTALEZA;113;113;BENFICA;COLÉGIO CHRISTUS BENFICA;RUA LUIS DE MIRANDA, 536
PACATUBA;57;226;CONJUNTO JEREISSATI III;EEIEF NELLY DE LIMA E MELO;RUA 02, 250
FORTALEZA;1;946;PAPICU;CRECHE WILMA MARIA DE VASCONCELOS LEOPÉRCIO;RUA DR. FRANCISCO MATOS, 123
FORTALEZA;115;491;JARDIM CEARENSE;EM JOÃO ESTANISLAU FAÇANHA;RUA ONZE, S/N - CONJUNTO CAMPO DOS INGLESES
EUSÉBIO;88;263;COAÇU;COLÉGIO 7 DE SETEMBRO;RUA DANILO ARRUDA, S/N
FORTALEZA;93;82;PREFEITO JOSÉ WALTER;EM RACHEL DE QUEIROZ;AVENIDA C, S/N - II ETAPA
CAMOCIM;32;24;CENTRO;EEF ALBA MARIA DE ARAUJO LIMA AGUIAR;RUA DA INDEPENDENCIA SN
MOMBAÇA;46;122;CACIMBAS;ESCOLA DE ENSINO FUNDAMENTAL ISABEL ALVES DE OLIVEIRA;CACIMBAS
MUCAMBO;79;203;CENTRO;E.E.M. JOSÉ CLÁUDIO DE ARAÚJO;RUA JOSÉ CLÁUDIO DE ARAÚJO, 615
LIMOEIRO DO NORTE;29;25;SAO RAIMUNDO;UBS MARIA DE LOURDES FREITAS COSTA;SITIO SAO RAIMUNDO
IRAUÇUBA;41;194;SAO JOSE;ESCOLA DE 1º GRAU FRANCISCO ARAUJO CHAVES;SAO JOSE
BREJO SANTO;70;14;SAO FRANCISCO-SEDE;CEJA MUNICIPAL JOÃO LANDIM DA CRUZ;RUA JOAQUIM INACIO DE LUCENA 504
FORTALEZA;3;12;CENTRO;COLÉGIO TIRADENTES VESTIBULARES;RUA PEDRO I, 1106
FORTALEZA;83;441;JÓQUEI CLUBE;ESCOLA PEQUENO PRINCIPE;RUA SILVEIRA FILHO, 825
ARACOIABA;67;65;CENTRO-SEDE;ESCOLA ALMIR PINTO - ENSINO FUNDAMENTAL E MEDIO;RUA SANTOS DUMONT 363
VIÇOSA DO CEARÁ;35;36;LAMBEDOURO;E.E.F EDUVIRGES MARIA DE ARRUDA;VILA MANHOSO
MARACANAÚ;122;70;ACARACUZINHO;EEFM JOSE MILTON DE VASCONCELOS DIAS;AV. CENTRAL S/N
RUSSAS;9;199;PITOMBEIRA II;ESCOLA MUNICIPAL JUAREZ DE SANTIAGO LIMA;PITOMBEIRA II
FORTALEZA;115;213;SERRINHA;PROJETO ABC DA SERRINHA;RUA CONEGO LIMA SUCUPIRA, 1.487
BARREIRA;52;159;CENTRO;ESCOLA FRANCISCA AMÉLIA DA SILVA;AV MÃE SINFOROSA, SN
IRAUÇUBA;41;26;CENTRO-SEDE;EEMTI DIRETORA MARIA DILMA BASTOS FERREIRA (ESCOLA DE ENSINO MEDIO);AVENIDA PAULO BASTOS, 68
SÃO GONÇALO DO AMARANTE;36;228;BOLSO;ESCOLA DE ENSINO FUNDAMENTAL MANOEL PEREIRA BRITO;BOLSO
QUIXERÉ;29;251;LAGOINHA;CEI MARIA SUZILANE SANTIAGO LIMA;RUA MESTRE ISIDORO, S/N
ITAPIPOCA;17;588;BARRENTO;EEB JOAO MESQUITA TEIXEIRA;BARRENTO
FORTALEZA;3;239;CENTRO;COLÉGIO ESTADUAL JUSTINIANO DE SERPA;AV. SANTOS DUMONT, 56
FORTALEZA;2;734;MESSEJANA;EEFM JOSE DE ALENCAR;RUA VENEZA, 84
CARIÚS;43;149;CENTRO-SEDE;EEFM ADAHIL BARRETO;PRACA DA REPUBLICA
FORTALEZA;80;165;DIONISIO TORRES;AABB - ASSOCIAÇÃO ATLÉTICA BANCO DO BRASIL;AV BARAO DE STUDART, 2917
CRATO;27;300;OSSIAN ARARIPE;CRECHE AILZA GONÇALVES FELÍCIO;RUA JOSÉ HONOR DE BRITO, SN, PANTANAL
MORADA NOVA;47;219;POPULARES;EEB TANCREDO DE ALMEIDA NEVES;RUA FREIRE DE BRITO S/N
FORTALEZA;116;123;GRANJA PORTUGAL;EEFM PROF JOCIE CAMINHA DE MENEZES;RUA ITU 120
CAUCAIA;120;248;CONJUNTO METROPOLITANO;E.E.I.E.F. ANTÔNIO MIRANDA DE MELO;RUA PEDRO ALVES DE MENEZES, 1095 - CONJUNTO METROPOLITANO
QUIXELÔ;13;148;CENTRO;ESCOLA DE ENS FUND E MÉDIO PROFESSOR LUIS DE GONZAGA FONSECA MOTA;RUA VITORINO JOSE DE OLIVEIRA SN
TIANGUÁ;81;298;LAURÃO;COLÉGIO SANTA MARIA;RUA ASSEMBLÉIA DE DEUS, 1070
PEREIRO;10;172;SITIO CIDADE;GRUPO ESCOLAR ANTONIO PINHEIRO MAIA;SITIO CIDADE
FORTALEZA;2;639;MESSEJANA;EEM DEPUTADO PAULO BENEVIDES;RUA ANGELICA GURGEL, 186
MARACANAÚ;122;66;HORTO;EEF CARNEIRO DE MENDONCA;RUA PROFESSOR JOSE HENRIQUE DA SILVA 4891
FORTALEZA;114;334;JARDIM IRACEMA;EM MARIA DALVA SEVERINO MARREIRO;RUA RIO PARAGUAI 782
MARACANAÚ;104;372;JEREISSATI II;EMEIEF RACHEL DE QUEIROZ;AVENIDA XII, 758
MARANGUAPE;4;569;PARQUE IRACEMA - MARANGUAPE;EEMTI ANCHIETA;RUA ANTÕNIO GOMES BESSA, 60
FORTALEZA;113;75;CENTRO;COLÉGIO LOURENÇO FILHO;RUA BARÃO DO RIO BRANCO, 2101
IBIAPINA;73;49;CENTRO;CENTRO PASTORAL ZULMIRA MELO (ANTIGO COLÉGIO DO PADRE);RUA MONSENHOR MELO, 439
FRECHEIRINHA;81;284;VAZANTE;ESCOLA FRANCISCO FERREIRA PONTES;SITIO VAZANTE
FORTALEZA;93;112;MONDUBIM;EM OSMIRIO DE OLIVEIRA BARRETO;RUA 10, S/N (CJ SITIO DO CÓRREGO)
NOVA RUSSAS;48;27;ALTO DA BOA VISTA;EMTI ALFREDO GOMES;RUA QUINTINO BOCAIUVA 520
SANTA QUITÉRIA;54;242;PEREIROS;E. E. F. DEPUTADO CHICO FIGUEREDO;RUA EDSON LOBO DE MESQUITA
FORTALEZA;116;316;GRANJA LISBOA;EEEP ICARO DE SOUSA MOREIRA - LICEU DO BOM JARDIM;RUA JOSE MARTINS, 2246
HIDROLÂNDIA;54;203;POVOADO SANTA TEREZA DO SILVINO;ESCOLA DE ENSINO FUNDAMENTAL MANOEL COSTA SILVINO;POVOADO DE SANTA TEREZA DO SILVINO
CAMOCIM;32;279;SAO FRANCISCO;ESCOLA DE 1 GRAU NATALIA ALBUQUERQUE LOPES;RUA DR RAIMUNDO VERAS S/N
BANABUIÚ;6;444;CENTRO;EEF RAUL URQUID;RUA DEMÓCRITO PINTO, 280, CENTRO
FORTALEZA;3;516;MEIRELES;IDEAL CLUBE;AV. MONSENHOR TABOSA,  1381
EUSÉBIO;88;186;PARQUE HAWAÍ;CENTRO DA 1ª INFÂNCIA (POLO EDUARDO SÁ - ABC);RUA PIONEIRO S/N
RERIUTABA;79;111;AMANAIARA;E.E.F. DEPUTADO MANOEL RODRIGUES;DISTRITO DE AMANAIARA - CENTRO
MORADA NOVA;47;287;2 DE AGOSTO;EEEP OSMIRA EDUARDO DE CASTRO;RUA ALUÍSIO GONZAGA DE LIMA, S/N
GUAIÚBA;57;300;BAU;ESCOLA DE 1 GRAU MARIA DE LOURDES PEREIRA;RUA JOSE DE CASTRO PEREIRA, 903
PIQUET CARNEIRO;12;139;CENTRO;EMEI PROFESSORA MARIA DE LOURDES DAMASCENO MARQUES;RUA MÃE RAINHA - BUMERANGUE
AQUIRAZ;66;276;TAPERA;EMEF PLACIDO CASTELO;RUA ASSIS BENTO DE FREITAS, 970 - BARRINHA
MARTINÓPOLE;25;66;ALTO SÃO FRANCISCO;E.E.F. MARINA XIMENES (ANTIGO FLORENCIO BATISTA);CONJUNTO CONCEIÇÃO FONTENELE
GUARAMIRANGA;5;227;PERNAMBUQUINHO-DISTRITO;ESCOLA RODRIGO DE ARGOLO CARACAS (PERNAMBUQUINHO);RODOVIA DE PERNAMBUQUINHO
SÃO GONÇALO DO AMARANTE;36;161;CENTRO;ESCOLA DE ENSINO MÉDIO EM TEMPO INTEGRAL ADELINO CUNHA ALCANTARA;RUA CORONEL NECO MARTINS 220 - SEDE
BATURITÉ;5;113;JUCA DOS JESUITAS-FAZENDA;EMEF PADRE ANCHIETA;JUCA DOS JESUITAS, SN
MARACANAÚ;122;177;SANTO ANTONIO;EMIEB DO POVO PITAGUARI (COMUNIDADE INDÍGENA);RUA JOSE HENRIQUE DA SILVA 9997 SANTO ANTONIO DO PITAGUARY
CEDRO;13;430;CENTRO;COLEGIO ESTADUAL CELSO ARAUJO;RUA ZE PAJE, 241
VIÇOSA DO CEARÁ;35;82;QUATIGUABA;CEI SANTO EXPEDITO;SITIO QUATIGUABA
LIMOEIRO DO NORTE;29;186;ÁREA RURAL;CRECHE DA CABEÇA PRETA;SITIO CABECA PRETA
NOVA RUSSAS;48;68;NOVA BETÂNIA;ESCOLA MUNICIPAL GILDO MARTINS;DISTRITO DE NOVA BETÂNIA,
SOBRAL;24;309;JUNCO;EEFI NETINHA CASTELO;AV. JOHN SANFORD S/N
CRATEÚS;20;329;PLANALTO;EEMTI GOV. GONZAGA MOTA;RUA DR. JÚLIO LIMA, 2194
SOBRAL;24;243;JORDÃO;EEFI JOSE INACIO GOMES PARENTE;RUA ONOFRE GOMES DE OLIVEIRA
PEDRA BRANCA;59;77;SEDE;EEF ANTONIO MOREIRA DE SOUZA;SÃO JOSÉ
PEDRA BRANCA;59;157;SANTA MARIA;EEEP - ANTONIO RODRIGUES DE OLIVEIRA;AV. JOSE FRUTUOSO DA SILVA S/N
GUARACIABA DO NORTE;74;106;DISTRITO;E.E.I.F. JOAO EUFRASIO FILHO;MOCAMBO - VARZEA DOS ESPINHOS
BARREIRA;52;138;ARERÉ;ESCOLA JOSÉ AMARO DA COSTA;PASCOALZINHO
RERIUTABA;79;1;PRAÇA DA ESTAÇÃO;CRAS - CENTRO DE REFERÊNCIA DE ASSISTÊNCIA SOCIAL;RUA CEL JOSÉ TEODORO, S/N - CENTRO
FORTALEZA;80;116;ALTO DA BALANÇA;EEM YOLANDA QUEIROZ;AV. GAL. MURILO BORGES, 864
ITATIRA;33;161;ZONA RURAL;EMEF JOSE PEREIRA;LOCALIDADE DE BANDEIRA NOVA
SANTANA DO CARIRI;53;149;CENTRO;EEMTI ADRIÃO DO VALE NUVENS;AV. PATATIVA DO ASSARÉ, SN
JAGUARETAMA;72;98;DISTRITO DE DESTERRO;E.M.E.F MARIA DORACI DE LIMA;SITIO DESTERRO
FORTALEZA;115;52;ITAPERI;UNIVERSIDADE ESTADUAL DO CEARA - UECE;AV DR. SILAS MUNGUBA, 1700
FORTALEZA;115;53;ITAPERI;UNIVERSIDADE ESTADUAL DO CEARA - UECE;AV DR. SILAS MUNGUBA, 1700
FORTALEZA;115;109;PARANGABA;EM CLÁUDIO MARTINS;RUA MUNDICA PAULA, 628
EUSÉBIO;88;185;PARQUE HAWAÍ;CENTRO DA 1ª INFÂNCIA (POLO EDUARDO SÁ - ABC);RUA PIONEIRO S/N
FORTALEZA;3;248;CENTRO;COLÉGIO ARI DE SÁ - PRÉ-VESTIBULAR - SEDE DUQUE DE CAXIAS;AV. DUQUE DE CAXIAS, 519
FORTALEZA;2;533;MESSEJANA;EMEIF DEMOCRITO ROCHA;RUA PADRE PEDRO DE ALENCAR, 2012
MORRINHOS;44;165;NOVA FLORESTA;ANEXO DA ESCOLA MUNICIPAL JOSÉ LUIZ MESQUITA;POVOADO NOVA FLORESTA
SOBRAL;121;75;CENTRO;UFC CAMPUS MUCAMBINHO - BLOCO DAS ENGENHARIAS;RUA ESTANISLAU FROTA, 563
BOA VIAGEM;63;60;POCO DA PEDRA II;EEF PEDRO SOARES DE ALMEIDA;POCO DA PEDRA II-IBUACU
UMIRIM;23;275;SAO JOAQUIM-DISTRITO;E.E.F. SANTINA QUINTO AMAZONAS;RUA ALTO DA CAIXA DAGUA SN
EUSÉBIO;88;96;ENCANTADA;EEF FRANCISCO TAVARES DE ABREU;RUA SANTO AMARO, 1000 - ENCANTADA
JUCÁS;43;80;POÇO GRANDE - VILA;ESCOLA DE 1 GRAU CAMILO MANOEL DA SILVA;VILA DO POÇO GRANDE
PEDRA BRANCA;59;88;BOM PRINCIPIO;EEFTI SABINO VIEIRA CAVALCANTE;RUA FORTUNATO SILVA, 243
CRATO;27;16;CENTRO;COLÉGIO DIOCESANO DO CRATO;RUA NÉLSON ALENCAR, 569
FORTALEZA;80;328;JOAQUIM TÁVORA;COLÉGIO ANTARES IRMÃ MARIA (ANTIGO IRMÃ MARIA MONTENEGRO);RUA PINHO PESSOA 681
FORTALEZA;83;17;BELA VISTA;ESCOLA MUNICIPAL DOM JOSÉ TUPINAMBA DA FROTA;RUA VIRIATO RIBEIRO 1031
ARARENDÁ;48;13;FERREIRÃO;E. E. F. JOAQUIM FERREIRA DA SILVA;AV. SÃO VICENTE DE PAULA
ARACATI;8;238;NOSSA SENHORA DE LOURDES;EEMTI. BENI CARVALHO;RUA BENI CARVALHO 1679
MORADA NOVA;47;256;BOA AGUA;EEB FRANCISCO BATISTA DA SILVA;SÍTIO TIMBAÚBA
BARROQUINHA;108;56;CENTRO;EEMTI JAIME LAURINDO DA SILVA;TRAVESSA DO CAMPO, S/N
BEBERIBE;84;15;SERRA DO FELIX;ESCOLA MUNICIPAL BENEDITO EVARISTO PINHEIRO;AV ESTER FERNANDES 72 - CENTRO
MARACANAÚ;122;58;ACARACUZINHO;EEF ANTONIO GONDIM DE LIMA;AV. LATERAL SUL S/N
INDEPENDÊNCIA;39;86;SÃO LOURENÇO;EEF FRANCISCO MELINO COELHO;POVOADO SAO LOURENÇO
UBAJARA;73;146;MONTE CASTELO;ESCOLA FLAVIO RIBEIRO LIMA;RUA TEN JOSE RAMIRO DE SOUSA
MAURITI;76;98;CENTRO;CENTRO VOCACIONAL TECNOLÓGICO;AV. SINVAL LACERDA, S/N
CAUCAIA;37;529;TABAPUÁ;E.E.F.M. JOSÉ MARIA PONTES DA ROCHA;RUA 08, S/N - TABAPUÁ
SOBRAL;24;122;SUMARÉ;EEM PROFESSORA CARMOSINA FERREIRA GOMES;RUA DAS FLORES, S/N
CAMOCIM;32;257;BRASILIA;EEF CORONEL LIBORIO GOMES DA SILVA;RUA HUMAITA, 780
FORTALEZA;3;408;ALDEOTA;EEMTI RENATO BRAGA;AV. RUI BARBOSA, 2000
FORTALEZA;3;566;MEIRELES;WIZARD - AV. SANTOS DUMONT;AV. SANTOS DUMONT, 2110 (ESQ. COM RUA SILVA PAULET)
CARIRIAÇU;71;134;PALESTINA;CRAS MESTRE NECO;RUA PEDRO GOMES DE LIMA, SN
FORTALEZA;83;540;PANAMERICANO;ESCOLA MUNICIPAL JOSÉ BATISTA DE OLIVEIRA;RUA GOIÁS 620
FORTALEZA;80;279;VILA UNIÃO;EEF GAL.  MANUEL CORDEIRO NETO;RUA JORGE ACURCIO, 900
UMIRIM;23;256;CAXITORE-DISTRITO;E.E.F. ALFREDO FERREIRA DA CUNHA;LOCALIDADE DE OITICICA
IGUATU;13;284;FLORES;ESCOLA DE ENS FUND CARLOTA TAVORA;JUVENAL BARRETO 432
IGUATU;13;352;VENEZA;ESCOLA DE ENS FUND FILGUEIRAS LIMA;RUA NELSON ALENCAR
SÃO GONÇALO DO AMARANTE;36;42;CENTRO;ANEXO - ESCOLA DE ENSINO FUNDAMENTAL TASSO JEREISSATI;RUA PROFESSORA EDITE MOTA, 319
FORTALEZA;118;313;PARQUE DOIS IRMÃOS;CEI FRANCISCA RODRIGUES DE SOUSA;RUA MAJOR TELÉSFORO S/N
SOBRAL;24;522;JORDÃO;EEM DR JOSE EUCLIDES FERREIRA GOMES JUNIOR - JORDAO;RUA ONOFRE GOMES DE OLIVEIRA
FORTALEZA;93;185;PLANALTO AYRTON SENNA;EM MARIA ZELIA CORREIA DE SOUSA;RUA ANTONIO PEREIRA,1495
VIÇOSA DO CEARÁ;35;111;PADRE VIEIRA;E.E.F ISAAC VIEIRA DO ESPIRITO SANTO;SITIO PASSAGEM FLORIDA
PEDRA BRANCA;59;115;SEDE;EEIF JOSEFA MARIA DA PAIXÃO;SITIO TRAPIA
MISSÃO VELHA;16;43;SEDE;EEF JUVENAL RODRIGUES BRANDAO;AVENIDA JOSE SOBREIRA DA CRUZ S/N, MATERNIDADE
MISSÃO VELHA;16;90;ZONA RURAL;EEF LEAO SAMPAIO;SITIO ARRAIAL DO MEIO
FORTALEZA;118;596;DIAS MACEDO;EEMTI PADRE GUILHERME WAESSEN;RUA BOA VENTURA 916
CAUCAIA;120;423;GENIPABU;E.E.I.E.F. MIRTES SILVA DE MENEZES;RUA SAO JOSE, S/N - JARDIM DO AMOR
FORTALEZA;118;265;SERRINHA;EEFM PROFESSOR JADER MOREIRA DE CARVALHO;RUA PROFESSORA HELOISA FERREIRA LIMA, 420
MIRAÍMA;89;230;ÁREA RURAL DE MIRAÍMA;EEB ANTONIO MARQUES CARNEIRO;BOM JESUS
PEDRA BRANCA;59;12;CENTRO;ESCOLA DE ENSINO FUNDAMENTAL E MEDIO FRANCISCO VIEIRA CAVALCANTE;RUA JOAQUIM CAVALCANTE 55
VIÇOSA DO CEARÁ;35;26;CENTRO;E.E.M.T.I IRMA LINS;AVENIDA SEBASTIAO NOGUEIRA S/N
PEREIRO;10;178;SITIO MOUCO;ESCOLA MUNICIPAL PEDRO GOMES DE LIMA;SITIO MOUCO
EUSÉBIO;88;235;NOVO PORTUGAL;ESCOLA MUNDO ENCANTADO DA CRIANÇA;RUA BELA FONTE, S/N
PALMÁCIA;4;607;ARATICUM;UBS ARATICUM;ARATICUM
FORTALEZA;1;828;MUCURIPE;ESCOLA MUNICIPAL CONSUELO AMORA;AV. DOS JANGADEIROS, 577
FORTALEZA;1;599;MUCURIPE;ESCOLA MUNICIPAL JOSE RAMOS TORRES DE MELO;AVENIDA DA ABOLIÇÃO 3984
TRAIRI;97;74;BATALHA;GRUPO ESCOLAR ANTONIO FRANCISCO BRAGA;BATALHA
TAUÁ;19;59;COLIBRIS;ESCOLA LICEU DE TAUA LILI FEITOSA;RUA JORNALISTA HELDER FEITOSA SN
FORTALEZA;83;119;DOM LUSTOSA;ESCOLA MUNICIPAL MURILO SERPA;RUA MONSENHOR HIPOLITO BRASIL 1400
SANTANA DO CARIRI;53;44;CENTRO;EMEIEF ESCRITORA RAQUEL DE QUEIROZ;LARGO LAURO SOBREIRA, SN
FORTALEZA;93;107;MONDUBIM;EM OSMIRIO DE OLIVEIRA BARRETO;RUA 10, S/N (CJ SITIO DO CÓRREGO)
MARACANAÚ;104;6;JEREISSATI I;EMEIEF SENADOR CARLOS JEREISSATI;AVENIDA 1, S/N
BOA VIAGEM;63;239;IPIRANGA;EEF FRANCISCA REGINA SALES;SITIO SALGADO
JUCÁS;43;117;ROÇADO DE DENTRO - SÍTIO - MEL;ESCOLA JUVENAL GALENO;SÍTIO ROÇADO DE DENTRO
TABULEIRO DO NORTE;91;37;CENTRO;FUNDAÇÃO NACIONAL DE SAÚDE DE TABULEIRO - SESP;RUA CEL.  PIO GADELHA, 4517
BARROQUINHA;108;80;CAUCAIA;EEF ANTONIO MARCELINO FERREIRA;RUA SÃO FRANCISCO, 12
CRUZ;30;429;PREA;ESCOLA LEOPOLDO MANOEL DE MEDEIROS;PREA
PENTECOSTE;50;46;CENTRO;CENTRO EDUCACIONAL JOÃO XXIII;AVENIDA TABELIÃO FRANCISCO ALVES, 344
SÃO GONÇALO DO AMARANTE;36;187;TAIBA-DISTRITO;ESCOLA DE EDUCAÇÃO BÁSICA PROFª ALBA HERCULANO ARAÚJO;RUA CAPITAO INACIO PRATA SN -TAÍBA
IGUATU;13;338;AREIAS I;ESCOLA DE ENS MÉDIO ADAUTO BEZERRA;RUA DEOCLECIO LIMA VERDE SN
QUIXADÁ;6;457;PLANALTO RENASCER;EEFM RAIMUNDO MARQUES DE ALMEIDA (ESCOLA MODELO);RUA PARAGUAI, 2055
SANTANA DO CARIRI;53;146;DOM VITAL;CENTRO DE EDUCAÇÃO INFANTIL - CEI AUGUSTO MUNIZ;SÍTIO DOM VITAL, SN
FORTALEZA;117;474;SIQUEIRA;EMTI PROFESSOR AGERSON TABOSA PINTO;RUA WILCA ALBUQUERQUE, S/N
JUAZEIRO DO NORTE;119;135;NOVO JUAZEIRO;ESCOLA TIRADENTES;CASTELO BRANCO SN
JUAZEIRO DO NORTE;119;472;CAMPO ALEGRE;ESCOLA PROFESSORA ODETE OLIVEIRA MONTEIRO;AVENIDA MARIA LETICIA LEITE PEREIRA, SN
VIÇOSA DO CEARÁ;35;13;CENTRO;E.E.M DEPUTADO MANOEL RODRIGUES;RUA PROFESSOR JOÃO VIANA, S/N
TIANGUÁ;81;206;ÁREA RURAL DE TIANGUÁ;E E I F JOÃO JOAQUIM DA SILVA;SÍTIO TUCUNS
JUAZEIRO DO NORTE;119;132;PIRAJA;ESCOLA AMALIA XAVIER;RUI BARBOSA 468
REDENÇÃO;52;96;DISTRITO DE FAÍSCA;ESCOLA VICENTE FARIAS;OLHO D'ÁGUA DA BANANEIRA
FORTALEZA;114;260;ÁLVARO WEYNE;EM MARIA ROSELI LIMA MESQUITA;RUA FRANCISCO CALAÇA 1791
PARAIPABA;109;105;BOA ESPERANÇA;EMTI HUMBERTO VIEIRA PESSOA;RUA MARIA CLARICE MOREIRA, 200
SOBRAL;24;384;RAFAEL ARRUDA;ANEXO JOSE OLAVO RIBEIRO DA SILVA (PEDRINHAS);LOCALIDADE PEDRINHAS
CASCAVEL;7;78;CHORO VAQUEJADOR;E.E.F. FRANCISCO SILVA DE FREITAS (CHORO VAQUEJADOR);CE 040 CHORO VAQUEJADOR
FORTALEZA;115;414;PARANGABA;COLEGIO GURI  SENIOR;RUA CONEGO DE CASTRO 1780
PORTEIRAS;70;296;MOREIRA-SEDE;E E I F JOSÉ VILMAR ANSELMO;VILA MOREIRA
JAGUARUANA;75;32;ANTONOPOLIS;C.E.I. ANTONIO VALENTE FILHO;ANTONOPOLIS
PACAJUS;49;400;CENTRO;ESCOLINHA INFANTIL RECANTO FELIZ;RUA JOAQUIM NOGUEIRA LOPES 932 - CENTRO
PORTEIRAS;70;275;CENTRO-SEDE;E E F ADALBERTO LEITE TAVARES;RUA JOAQUIM TAVORA S/N
SOBRAL;24;517;PADRE PALHANO;EEFI PADRE PALHANO;RUA PADRE EDSON, S/N
CRATEÚS;20;185;CURRAL VELHO;POSTO DE SAÚDE DE BARRA DO RIO;BARRA DO RIO
JAGUARIBE;10;60;CENTRO;CENTRO SOCIAL MARIETA CALS;AV. OITO DE NOVEMBRO 280
ASSARÉ;18;115;GENEZARE;ESCOLA DE 1 GRAU JOAQUIM NECO DA COSTA;RUA EUCLIDES BRANDAO  S/N
MAURITI;76;134;SITIO LAGOA SECA;ESCOLA REUNIDA DA LAGOA SECA;SITIO LAGOA SECA
MARACANAÚ;104;416;PAJUÇARA;EMEIEF PROF PAULO FREIRE;RUA PAULO BATISTA 660
JAGUARIBE;10;38;CRUZEIRO;ESCOLA DE ENSINO FUNDAMENTAL E MEDIO CORNELIO DIOGENES;BR 116 KM 300
FORTALEZA;94;906;QUINTINO CUNHA;INSTITUTO PEDAGÓGICO MIRASSOL;RUA FRANCISQUINHA PORTELA, 2904
JUAZEIRO DO NORTE;28;138;SAO MIGUEL;EEM JOSE BEZERRA;SAO JORGE 440
JUAZEIRO DO NORTE;28;100;PIO XII;EMTI FIGUEIREDO CORREIA;PRACA DA CONCEICAO S/N
FORTALEZA;95;240;JANGURUSSU;EMEIEF TAÍS MARIA BEZERRA NOGUEIRA;AV. GOVERNADOR LEONEL BRIZOLA, 710
TAUÁ;19;218;MARRECAS;EPG JESUS MARIA JOSE;VILA DE MARRECAS
MORADA NOVA;47;32;CENTRO;CEMER-COLEGIO ESTADUAL MARIA EMILIA RABELO;AV MANOEL CASTRO, 619
FORTALEZA;116;473;BONSUCESSO;EM PROF LUIS RECAMONDE CAPELO;RUA MARIA QUINTELA 901
FORTALEZA;113;285;PARQUELÂNDIA;EEFM SANTO AFONSO;RUA GAL. BERNARDO FIGUEIREDO, 2670
FORTALEZA;1;349;MUCURIPE;ESCOLA MUNICIPAL JOSE RAMOS TORRES DE MELO;AVENIDA DA ABOLIÇÃO 3984
FORTALEZA;2;55;LAGOA REDONDA;EM PROFª FERNANDA MARIA DE ALENCAR COLARES;AV PROF. ARTHUR DE CARVALHO, 1540
ERERÉ;10;115;CENTRO;E.E.F.M. SENADOR FERNANDES TAVORA ( ESPECIAL );RUA CAPITAO FRANCISCO RODRIGUES, 574
CROATÁ;74;44;DISTRITO;ESCOLA MUNICIPAL LUIZ BEZERRA DE PAULO (BARRA DO SOTERO);BARRA DO SOTERO
VIÇOSA DO CEARÁ;35;164;CENTRO;E.E.F JOÃO FIRMINO DE SOUSA;BAIRRO SÃO JOSÉ
PACATUBA;57;224;PAVUNA;ESCOLA DE 1 GRAU MARIA GUIOMAR BASTOS CAVALCANTE;RUA TOPAZIO, 331, VELHO TIMBO
FORTALEZA;80;288;VILA UNIÃO;ESCOLA MUNICIPAL PAPA JOÃO XXIII;AV TREZE DE ABRIL, 545
FORTALEZA;80;163;DIONISIO TORRES;AABB - ASSOCIAÇÃO ATLÉTICA BANCO DO BRASIL;AV BARAO DE STUDART, 2917
IPUEIRAS;40;171;BAIXA DO FRADE;EEF PADRE FRANCISCO CORREIA LIMA - BAIXA DO FRADE;BAIXA DO FRADE
REDENÇÃO;52;162;BOA FÉ (SEDE);ESCOLA CORONEL VICENTE FERREIRA DO VALE;RUA CORONEL HONORATO GOMES
MORADA NOVA;47;39;CENTRO;CEBCJEC -CENTRO DE EDUCAÇÃO BÁSICA CORONEL JOSÉ EPIFÂNIO DAS CHAGAS;AV MANOEL CASTRO, 600
FORTALEZA;116;173;GRANJA PORTUGAL;EM IRMÃ ROCHA - ANEXO;RUA EMILIO DE MENEZES S/N
CAMOCIM;32;5;CENTRO;CCI - CENTRO CEARENSE DE IDIOMAS;PRAÇA SEVERIANO MOREL S/N
FORTALEZA;1;637;VARJOTA;FACULDADE FARIAS BRITO - CASTRO MONTE;RUA CASTRO MONTE 1364
JUAZEIRO DO NORTE;119;160;TIRADENTES;ESCOLA GOVERNADOR MANOEL DE CASTRO FILHO;RUA IVANIR FEITOSA SN
ARACATI;8;79;MAJORLANDIA;E.E.F. ANTONIETA CALS;RUA DR. JESAMAR, S/N.
FORTALEZA;93;111;MONDUBIM;EM OSMIRIO DE OLIVEIRA BARRETO;RUA 10, S/N (CJ SITIO DO CÓRREGO)
ALCÂNTARAS;24;515;BELA VISTA;EEF INOCÊNCIA ALCÂNTARA FREIRE;RUA MONSENHOR FURTADO SN
ARNEIROZ;101;58;CACHOEIRA DE FORA;GRUPO ESCOLAR JOAO MONTEIRO;CACHOEIRA DE FORA
BOA VIAGEM;63;48;AGUAS BELAS;EEF MANOEL JOAO DA SILVA;RUA JOAO SOARES LIMA S/N
JUAZEIRO DO NORTE;28;11;HORTO;EMEFTI VEREADOR FRANCISCO BARBOSA DA SILVA;RUA BOM JESUS DO HORTO
ITAITINGA;78;402;PARQUE GENEZARÉ;EEF DONA CONCEIÇÃO;RUA DR. MANOEL SÁTIRO, N 132
MAURITI;76;123;SEDE;EEF ANTONIO FURTADO DE OLIVEIRA;SITIO FURTUNA
SANTANA DO CARIRI;53;65;ANJINHOS;ANEXO DA EMEIEF DEPUTADO FURTADO LEITE;DISTRITO DE ANJINHOS, SN
IRACEMA;86;102;ZONA RURAL;E.E.F. FRANCISCO DE ASSIS FILHO;SERRA DOS BASTIÕES
SOBRAL;121;95;COHAB II;EEFI PAULO ARAGAO;RUA CAETANO FIGUEIREDO 100 COHAB II
PEDRA BRANCA;59;107;SEDE;EEIF JOAQUIM VIANA DE LIMA;SITIO ARISCO
FORTALEZA;3;482;PRAIA DE IRACEMA;COLÉGIO ANTARES (PRAIA DE IRACEMA);RUA HISTORIADOR GUARINO ALVES, 95
SANTANA DO CARIRI;53;73;DOM LEME;EMEIEF JOSÉ JUCÁ DE SOUSA CASTRO;DISTRITO DE DOM LEME, SN
CAPISTRANO;105;25;ZONA RURAL;ESCOLA DE ENSINO FUNDAMENTAL RAIMUNDO ALVES CASSEMIRO;CARQUEIJA
CAPISTRANO;105;42;ZONA RURAL;CENTRO DE CONVIVÊNCIA SOCIAL DO MARMORÉ;TRONCO -  MARMORE
PACATUBA;57;1;ALTO SAO JOAO;PROJETO ABC-PACATUBA;RUA FRANCISCO LOPES SOBRINHO, 1619
MARACANAÚ;104;379;PAJUÇARA;EMEIEF PREFEITO ALMIR FREITAS DUTRA;RUA ELÍFIO MEDEIROS DA CUNHA, 531
ARACOIABA;67;271;IDEAL-DISTRITO;ESCOLA MUNICIPAL JOÃO RUFINO PINHEIRO;ARISCO DOS BARREIROS
PARAIPABA;109;218;CACIMBÃO DOS TABOSAS;EMEIF JOSÉ BRAGA DE PAIVA;CACIMBAO DOS TABOSAS
MARACANAÚ;104;122;PAJUÇARA;COLÉGIO 7 DE SETEMBRO (PAJUÇARA);RUA BEATRIZ CALIXTO, 305
FORTALEZA;3;386;MEIRELES;CÍRCULO MILITAR DE FORTALEZA;RUA CANUTO DE AGUIAR, 425
MORAÚJO;64;47;CENTRO;MORAÚJO - ESCOLA MUN. NOSSA SRA. DA CONCEIÇÃO;PÇA. ANTÔNIO BENÍCIO DE VASCONCELOS, S/N - CENTRO
CAUCAIA;120;96;CONJUNTO METROPOLITANO;E.E.I.E.F. OSMAR DIÓGENES PINHEIRO;RUA EDMUNDO RODRIGUES, 485 - CONJUNTO METROPOLITANO
CAUCAIA;120;412;GENIPABU;E.E.I.E.F. OSCAR DE AZEVEDO E SÁ;BR 222, KM 17
SOBRAL;24;518;JORDÃO;EEM DR JOSE EUCLIDES FERREIRA GOMES JUNIOR - JORDAO;RUA ONOFRE GOMES DE OLIVEIRA
IBIAPINA;73;33;DISTRITO DE ALTO LINDO;ESCOLA MANUEL RODRIGUES DE MEDEIROS;RUA RAIMUNDO DOMINGOS XIMENES
GRANJA;25;4;CENTRO;E.E.M.T.I SÃO JOSÉ (COLEGIO ESTADUAL SÃO JOSÉ);RUA FRANCISCO SOUSA, 131
CAUCAIA;123;429;ARATURI (JUREMA);E.E.F. PROFESSORA MARLY FERREIRA MARTINS;RUA NW-3, S/N
FORTALEZA;3;114;JACARECANGA;COLÉGIO ESTADUAL LICEU DO CEARÁ;PRAÇA GUSTAVO BARROSO, 01
FORTALEZA;1;34;COCÓ;UNINTA - FACULDADE UNINTA FORTALEZA;RUA VILEBALDO AGUIAR,133
CRATO;27;68;PIMENTA;EEFM TEODORICO TELES DE QUENTAL;RUA DOUTOR IRINEU PINHEIRO, 305
SOBRAL;121;74;CARACARÁ;ESCOLA ODETE BARROSO;PRACA DA MATRIZ S/N
TEJUÇUOCA;41;240;LOGRADOURO;EEF RAIMUNDO SILVA MOTA;LOGRADOURO
FORTALEZA;93;186;PLANALTO AYRTON SENNA;EM MARIA ZELIA CORREIA DE SOUSA;RUA ANTONIO PEREIRA,1495
FORTALEZA;113;334;FARIAS BRITO;ESCOLA ESTADUAL DE EDUCAÇÃO PROFISSIONAL  PRESIDENTE ROOSEVELT;AV BEZERRA DE MENEZES 435
GUARACIABA DO NORTE;74;10;JARDINS;ESCOLA TÉCNICA - E.E.E. PROFISSIONAL DEPUTADO JOSÉ MARIA MELO;AV. TENENTE MATIAS, S/N
FORTALEZA;1;690;MUCURIPE;IATE CLUBE;AVENIDA DA ABOLIÇÃO 4813
PEDRA BRANCA;59;94;SANTA CRUZ DO BANABUIU;ESCOLA DE 1 GRAU MIGUEL ARCANJO DOS SANTOS;SITIO SALGADO
TAUÁ;19;183;MARRECAS;ESCOLA RAIMUNDO GONÇALVES MAIA;VILA CASTELO
ITAPIPOCA;17;462;CRUZEIRO;EEB PROFESSOR PEDRO TEIXEIRA BARROSO;RUA ANTONIO BARROSO NETO S/N
IPAPORANGA;20;266;SACRAMENTO;ESCOLA DE ENSINO FUNDAMENTAL GONCALVES PEREIRA DA SILVA;GROTAS
MILHÃ;55;71;CENTRO;ESCOLA DE ENSINO FUNDAMENTAL CLEONICE B. PINHEIRO ROSA;RUA PEDRO JOSE DE OLIVEIRA 908
JATI;70;388;BALANCA-SEDE;ESCOLA MUNICIPAL ANTONIA MARIA DA CONCEICAO;VILA BALANCA
FORTALEZA;95;107;CONJUNTO PALMEIRAS;EEFM DOUTORA ALDACI BARBOSA;RUA VALPARAISO, 155
IGUATU;13;566;COCOBÓ;ESCOLA DE ENS FUND ELZE LIMA VERDE MONTENEGRO;DARIO RABELO
FORTALEZA;114;3;ÁLVARO WEYNE;COLÉGIO MANUEL DA SILVA (ÁLVARO WEYNE);RUA SÃO BERNARDO 181
CAUCAIA;123;547;PARQUE DAS NAÇÕES (JUREMA);ESCOLA BRASILEIRINHO;RUA MÉXICO, 1753
LAVRAS DA MANGABEIRA;14;103;CRUZEIRO;CENTRO DE EDUCAÇÃO INFANTIL MUNDO MÁGICO - CRECHE;RUA PETRONÍLIA DOS SANTOS, S/N - SEDE, CRUZEIRO
ACOPIARA;60;77;CENTRO;EEF PE JOAO ANTONIO;AV PAULINO FELIX, 214
CANINDÉ;33;333;SALITRE DISTRITO;EMEF CIRILO BARROSO SAMPAIO;VALE DA CONCEIÇÃO
FORTALEZA;1;482;VARJOTA;COLEGIO FARIAS BRITO - PRÉ UNIVERSITARIO - JULIO ABREU;AVENIDA JULIO ABREU, 284
SOBRAL;121;81;PATRIARCA;ETI JOSÉ PEREGRINO DE VASCONCELOS;CE 240, 1532 PATRIARCA
JATI;70;378;CENTRO-SEDE;PREFEITURA MUNICIPAL;RUA CARMELITA GUIMARAES 02
CARIRÉ;65;45;ZONA RURAL;E.E.I.E.F. MANOEL ALVES DE ALMEIDA;RABO BRANCO, S/N
PARAMOTI;111;120;CENTRO;EMEF PAULO SARASATE (ANTIGO CERU);AV. JOAQUIM FARIAS, 175
AQUIRAZ;66;88;TAPUIO;CENTRO DE EDUCAÇÃO E CIDADANIA MARIA DE CASTRO BERNARDO;RUA JOSE ADAMOR ABREU, S/N - DISTRITO JOAO DE CASTRO
CAUCAIA;37;457;JANDAIGUABA;E.E.I.E.F. MARIA HELENA MOREIRA DA SILVA;RUA DO GRUPO, 249
CARIRIAÇU;71;105;SÍTIO PIRIPIRI;EEI MARIA MOREIRA NEVES;SITIO PIRIPIRI
TAUÁ;19;191;CIDADE NOVA/SEDE;EPG TEREZA ARAGAO SERRA;RUA EUFRASIO ALVES DE OLIVEIRA 13                 NOVA ALDEOTA
CARIRIAÇU;71;86;SÍTIO SANTA CRUZ;POSTO DE SAÚDE SÃO JOSÉ;SITIO SANTA CRUZ
SOBRAL;24;687;NOVO RECANTO;CENTRO EDUCACIONAL INFANTIL TEREZA RODRIGUES DOS SANTOS;RUA B, N. 68
ITAREMA;98;179;ZONA RURAL;EMEF RAIMUNDO GODOFREDO GOMES;BRILHANTE
ITAPIPOCA;17;337;ÁREA RURAL DE ITAPIPOCA;EEB INOCENCIO GONÇALVES MUNIZ;TRAPIA
ARATUBA;105;92;TOPE-SITIO;ESCOLA MUNICIPAL JOSE MENDES DA CRUZ;TOPE
FORTALEZA;113;384;SÃO GERARDO;ASSOCIAÇÃO DE PAIS E AMIGOS DO DEFICIENTE AUDITIVO - APADA;AV. BEZERRA DE MENEZES, 549
FORQUILHA;121;322;EDMUNDO RODRIGUES;EEFM ELZA GOERSCH;AV CRIANÇA DANTE VALERIO S/N CENTRO
CRATO;27;137;SANTA FÉ;EEIEF PAULO LIMAVERDE;ROD. VICENTE TELES, SN. DISTRITO DE SANTA FÉ - SEDE.
TAUÁ;19;126;CARRAPATEIRAS;ESC PREF PEDRO PEDROSA DE CASTRO CASTELO (JOAO CASSIMIRO DE OLIVEIRA);SANTO ANTONIO DO CARRAPATEIRAS
TAUÁ;19;102;MARROAS;EEF FRANCISCO ALVES DE OLIVEIRA;POÇO DE BAIXO
GUARACIABA DO NORTE;74;1;DISTRITO;EEF FRANCISCO JOSÉ FEITOSA - MORRINHOS NOVOS II;MORRINHOS NOVOS
FORTALEZA;114;274;BARRA DO CEARÁ;EM  RACHEL DE QUEIROZ;AVENIDA PRESIDENTE CASTELO BRANCO 5010
IGUATU;13;105;AREIAS I;ESCOLA DE ENS MÉDIO ADAUTO BEZERRA;RUA DEOCLECIO LIMA VERDE SN
IGUATU;13;191;PENHA;ESCOLA DE ENS FUND MARIA SELVITA BEZERRA;VILA PENHA
CASCAVEL;7;151;ALTO LUMINOSO;E.E.E.F.M. PADRE ARIMATEIA DINIZ;RUA FOTOGRAFO JOSE HONORATO, 2911
SOBRAL;121;278;CENTRO;ESCOLA OSMAR DE SA PONTE;RUA PINTOR LEMOS, S/N
CRATEÚS;20;116;CENTRO;COLEGIO ESTADUAL REGINA PACIS;RUA FRANCISCO SA 106
CAUCAIA;123;473;SÃO MIGUEL (JUREMA);E.E.I.E.F. LUIZA MORAES CORREIA TAVORA;RUA SÃO MATEUS, 245 - CONJUNTO SÃO MIGUEL I
CAUCAIA;123;396;PARQUE ALBANO (JUREMA);E.E.I.E.F. DOM ANTÔNIO DE ALMEIDA LUSTOSA;RUA PERY, 951
NOVA RUSSAS;48;206;PANTANAL;GRUPO ESCOLAR OLMIR MENDES GUEDES;RUA 10, S/N
FORTALEZA;115;23;MARAPONGA;EEM  PROFESSORA DIVA CABRAL;RUA HOLANDA, 701
JARDIM;119;349;SITIO LAGOA DO ALTO;ESCOLA SANTO ANTONIO;SITIO LAGOA DO ALTO S/N
JIJOCA DE JERICOACOARA;30;413;CENTRO;ESCOLA JOSE DIONISIO DE SOUSA;RUA RAIMUNDO ALEXANDRE 330
FORTALEZA;115;474;VILA PERI;EEM PROF. HERMENEGILDO FIRMEZA;RUA GABRIEL FIUZA 360
SOBRAL;24;78;EXPECTATIVA;EEFI TRAJANO DE MEDEIROS (LAVANDERIA);AVENIDA DR. JOSE EUCLIDES FERREIRA GOMES JUNIOR, S/N
FORTALEZA;93;225;PREFEITO JOSÉ WALTER;CEI FRANCISCO SALES FERNANDES;AV K, S/N
IBICUITINGA;47;54;CENTRO;EEB ENEAS FERREIRA NOBRE;RUA CAPITAO MANOEL ANTONIO 2180
FORTALEZA;114;351;JARDIM IRACEMA;EM 11 DE AGOSTO;RUA ERETIDES DE ALENCAR, S/N, EM FRENTE AO N. 1623
FORTALEZA;114;182;ÁLVARO WEYNE;EEMTI WALDEMAR FALCÃO;RUA ANTONIO JOAQUIM DE CARVALHO 19
CASCAVEL;7;201;SITIO BICA;CEI MARIA AFIFE SARQUIS QUEIROZ ;RUA SDO, 141 SITIO BICA
FORTALEZA;115;403;MANOEL SÁTIRO;EEFM PROFESSOR MARIO SCHENBERG;RUA AMERICO ROCHA LIMA 835
FORTALEZA;115;259;SERRINHA;EMEIF WALDEMAR BARROSO;RUA CÔNEGO LIMA SUCUPIRA,  1651
GRANJA;25;131;IBUAÇU;E.E.F. LIVIO BARRETO;VILA IBUACU
GRANJA;25;155;AÇUDE NOVO;E.E.F. PEDRO MENDES MACHADO;AÇUDE NOVO
FORTALEZA;117;162;MANOEL SÁTIRO;EEF JOSE AYRTON TEIXEIRA;RUA ALFREDO MAMEDE SN
ARACATI;8;42;VARZEA DA MATRIZ;COLEGIO MUNICIPAL;RUA PADRE PACHECO, S/N.
IGUATU;13;9;VILA CIDAO;CAMPUS MULTI-INSTITUCIONAL HUMBERTO TEIXEIRA (URCA/UECE/CENTEC);AV DÁRIO RABELO SN
BARRO;92;48;SEDE;CEI VITALINO ALEXANDRE;SÍTIO QUEIMADAS
CAUCAIA;37;183;ICARAI;E.E.I.E.F FRANCISCO MARTINS DE MORAES;RUA BELARMINO JOSÉ, 201 - ICARAÍ
FORTALEZA;2;772;MESSEJANA;EEFM JOSE DE ALENCAR;RUA VENEZA, 84
IGUATU;13;298;JOSÉ DE ALENCAR;ESCOLA DE ENS FUND HERMENEGILDO JOSE DA SILVA;SITIO CAIPORA
CAUCAIA;123;507;ARATURI (JUREMA);E.E.F.M. PRESIDENTE JOSÉ SARNEY;AV. CENTRAL OESTE, 262
CAUCAIA;123;404;MARECHAL RONDON (JUREMA);E.E.I.E.F. RAIMUNDO JERÔNIMO DE SOUSA;RUA JÚLIO ROCHA, 220 - KM 14/JUREMA
ITAREMA;98;113;CENTRO;EMEF MARIETA RIOS;RUA JOAO BATISTA RIOS S/N
CAUCAIA;123;544;ARATURI (JUREMA);E.E.F.M. PRESIDENTE JOSÉ SARNEY;AV. CENTRAL OESTE, 262
FORTALEZA;2;398;MESSEJANA;EMEIF DEMOCRITO ROCHA;RUA PADRE PEDRO DE ALENCAR, 2012
ITAREMA;98;137;ZONA RURAL;EMEF ANTENOR ROMERO;MAE COSMA
CRATEÚS;20;14;SÃO VICENTE;CENTRO DE ATENÇÃO PSICOSOCIAL DR. ABDORAL MACHADO (CAPS);RUA AUTON ARAGAO, SN
FORTALEZA;3;634;ALDEOTA;COLÉGIO BATISTA - SANTOS DUMONT;RUA DESEMBARGADOR LEITE ALBUQUERQUE, 1056
CAUCAIA;120;404;BOM PRINCIPIO;E.E.I.E.F. NICOLAU NORONHA;POVOADO DO DESERTO
IGUATU;13;98;COHABS;ESCOLA DE ENS MEDIO EDSON LUIZ CAVALCANTE DE GOUVEA;AVENIDA JUSCELINO KUBITSCHECK SN
CRATEÚS;20;204;CURRAL VELHO;ESCOLA DE CIDADANIA JOAQUIM FERREIRA BONFIM;CURRAL VELHO
FORTALEZA;2;126;MESSEJANA;EM PROFª TELINA BARBOSA DA  COSTA;RUA PERGENTINO MAIA, 811
CRATO;27;190;SEMINÁRIO;EEEP GOVERNADOR VIRGÍLIO TÁVORA;RUA PERGENTINO SILVA S/N
FORTALEZA;118;317;PASSARÉ;EM FRANCISCO ANDRADE TEOFILO GIRAO;RUA UNIDOS VENCEREMOS, 2040
FORTALEZA;1;395;VICENTE PINZON;CIES AIDA SANTOS;AVENIDA TRAJANO DE MEDEIROS  813
FORTALEZA;1;680;MANUEL DIAS BRANCO;COLÉGIO CÍVICO MILITAR BATALHA DO RIACHUELO;R. E, 100 - MANUEL DIAS BRANCO
CRATO;27;198;SÃO BENTO;EEIEF CEL. FILEMON FERNANDES TELES;RUA CÍCERO PIERRE PEREIRA, SN. VILA SÃO BENTO
FARIAS BRITO;62;205;LAMAJU;EEI RAIMUNDA DE SOUSA LACERDA;VILA LAMAJU
CAPISTRANO;105;3;CENTRO;CENTRO DE REFERENCIA E ASSISTENCIA SOCIAL - CRAS;RUA ANTONIO FERNANDES BEZERRA S/N
IGUATU;13;25;PLANALTO;ESCOLA DE ENS MEDIO AMELIA FIGUEIREDO DE LAVOR;RUA 13 DE MAIO SN
FORTALEZA;114;178;CRISTO REDENTOR;EEFM SÃO JOSÉ DOS ARPOADORES;RUA FRANCISCO CALAÇA 90
CRATEÚS;20;42;FATIMA I;ESCOLA DE CIDADANIA PADRE BONFIM;RUA RUA JOSÉ SABOIA LIVREIRO, 1609
JAGUARETAMA;72;96;ZONA RURAL;UNIDADE BÁSICA DE SAÚDE JOAQUIM SIMÃO DE MELO;SÍTIO CAMPINA BUQUEIRÃO
ITAREMA;98;210;ZONA RURAL;EDEFM VARJOTA (COMUNIDADE INDIGENA);ALDEIA INDIGENA DE VARJOTA
CASCAVEL;7;253;RIO NOVO;E.E.E. PROFISSIONAL EDSON QUEIROZ - LICEU;RUA LUCIANO RODRIGUES S/N
CASCAVEL;7;249;CENTRO;EMEB PROFESSORA THEREZINHA MESQUITA DE JESUS CIRÍACO (ANTIGA CNEC);RUA PREF. LUIS BENICIO SAMPAIO, 2506
FORTALEZA;114;40;FLORESTA;EM FRANCISCO SILVA CAVALCANTE;RUA CONSELHEIRO LAFAYETTE 205
CASCAVEL;7;82;MOITA REDONDA;E.E.F. VEREADOR AUGUSTO DANTAS DE SOUSA;POVOADO MOITA REDONDA
AURORA;69;12;TIPI-DISTRITO;E.E.I.F. ANTONIO AMANCIO DA CRUZ;VILA TIPI
FARIAS BRITO;62;241;NOVA BETANIA;EEF FRANCISCO CASTELO DE CASTRO;AVENIDA MANOEL NERES DE OLIVEIRA, S/N
FORTALEZA;3;132;JACARECANGA;COLÉGIO ESTADUAL LICEU DO CEARÁ;PRAÇA GUSTAVO BARROSO, 01
CAUCAIA;123;409;SÃO MIGUEL (JUREMA);E.E.F.M. ROTARY CLUB;RUA SÃO LUCAS, S/N - CONJUNTO SÃO MIGUEL I
TEJUÇUOCA;41;62;CENTRO-SEDE;ESCOLA DE ENSINO MÉDIO DEPUTADO FERNANDO MOTA;RUA ALFREDO PINTO DE MESQUITA
ARACOIABA;67;102;CANINHAS-SITIO;ESCOLA MUNICIPAL JOAQUIM BENTO DA SILVA;CANINHAS
IPAPORANGA;20;261;TORRÕES;ESCOLA DE ENSINO FUNDAMENTAL ANTONIO DIAS FERREIRA;TORROES
ITAPIPOCA;17;58;DESERTO;EEB JOAO TEIXEIRA PINTO;NOVA ASSIS
MARACANAÚ;104;439;JEREISSATI I;EEMTI PROFESSOR ANTÔNIO MARTINS FILHO;AVENIDA III, S/N
MARACANAÚ;122;95;INDUSTRIAL;EEFM JOSE DE BORBA VASCONCELOS;AV. CONTORNO SUL S/N
ITAPIPOCA;17;24;CRUZEIRO;EEFMI CORONEL MURILO SERPA;RUA ANASTACIO BARROSO VALENTE 318
JAGUARETAMA;72;94;ZONA RURAL;E.E.M PADRE JOSÉ AUGUSTO REGIS ALVES;ASSENTAMENTO PEDRA E CAL
CRATO;27;287;PIMENTA;EEFM TEODORICO TELES DE QUENTAL;RUA DOUTOR IRINEU PINHEIRO, 305
PACATUBA;57;228;SAO BENTO;ESCOLA DE 1 GRAU MANOEL PONTES DE MEDEIROS;RUA JOSE SOARES DE ALBUQUERQUE, 246
PEREIRO;10;128;CENTRO;ESCOLA MUNICIPAL CLEONICE FREIRE DE QUEIROZ;RUA NEL QUEIROZ  257
ITAREMA;98;168;ZONA RURAL;LICEU DE ALMOFALA - EEM JOSE MARIA MONTEIRO;RUA AGRIPINO TOMAS DE SOUSA S/N - ALMOFALA
FORTALEZA;2;179;MESSEJANA;EEMTI PROFª FERNANDA MARIA GOMES DE AMORIM;AVENIDA FREI CIRILO 4454
CROATÁ;74;132;DISTRITO;ESCOLA MUNCIPAL DE REPARTIÇÃO (CRECHE);REPARTIÇÃO
SANTANA DO CARIRI;53;98;ARAPORANGA;EMEIEF PAULO RODRIGUES DUARTE;RUA JOSÉ PIRES DE HOLANDA, SN
CASCAVEL;7;10;GUANACES;ESC.ENS.FUND. PROFESSOR JOSE BARAO;PREAOCA
MARACANAÚ;104;128;PAJUÇARA;COLÉGIO 7 DE SETEMBRO (PAJUÇARA);RUA BEATRIZ CALIXTO, 305
PARAIPABA;109;213;2ª ETAPA - SETOR G/H;EMEIF PAULO SILVA DOS SANTOS;SETOR G/H 2A ETAPA
JUAZEIRO DO NORTE;119;391;FREI DAMIAO;ESCOLA MARIO DA SILVA BEM;RUA VEREADOR RAIMUNDO JOSÉ DA SILVA
PORTEIRAS;70;416;BOA VISTA-SEDE;EEF MARIA BARRETO DE CARVALHO;SÍTIO BOA VISTA
ARATUBA;105;83;CENTRO-SEDE;EEF PROFESSORA MARIA JULIA PEREIRA BATISTA;RUA TARGINO GOES S/N
FORTALEZA;3;423;CENTRO;UNIARI - CENTRO UNIVERSITÁRIO ARI DE SÁ;AV. HERÁCLITO GRAÇA, 826
CAMPOS SALES;38;22;B. CENTRO;COLÉGIO ADNILSON BATISTA DOS SANTOS - SEDE;RUA JOÃO SEVERO CORTEZ, 1028
CAUCAIA;37;161;TABULEIRO GRANDE;ESCOLA DIFERENCIADA CACIQUE ANTONIO FERREIRA DA SILVA(COMUN. INDIGENA);TRAV. EDGAR VIEIRA GUERRA, S/N, REGIÃO GARROTE
SENADOR POMPEU;12;39;CENTRO;EEF GERALDO GONÇALVES DO NASCIMENTO JUNIOR;RUA PADRE LINO ADERALDO S/N
BELA CRUZ;96;200;CENTRO-SEDE;SEC. MUNICIPAL DE EDUCAÇÃO ;RUA CEL. DUCA DA SILVEIRA
PARAMBU;19;401;RIACHÃO;ESCOLA SÃO MIGUEL;SALGADO
CRATEÚS;20;294;REALEJO;ESCOLA DE CIDADANIA DE REALEJO;REALEJO
JIJOCA DE JERICOACOARA;30;447;ZONA RURAL;EEEP SANDRA CARVALHO COSTA;CORREGO DA FORQUILHA I
ITAPAJÉ;41;120;CRUZEIRO-SEDE;CRAS CATÃO AZEVEDO CRUZ;RUA MANOEL BERNARDE 59
FORTALEZA;1;888;CIDADE 2000;ESCOLA MUNICIPAL ODNILRA CRUZ MOREIRA;AVENIDA DAS ADENANTERAS 800
CAUCAIA;123;289;PARQUE GUADALAJARA (JUREMA);E.E.I.E.F. DANILO DALMO DA ROCHA CORRÊA;RUA ACAPULCO, 1805 - PARQUE POTIRA II
CRATO;27;89;SEMINÁRIO;EEMTI GOVERNADOR ADAUTO BEZERRA;RUA MARCOS MACEDO S/N
SÃO GONÇALO DO AMARANTE;36;266;PASSAGEM;ESCOLA DE ENSINO FUNDAMENTAL ADELINO ALCANTARA FILHO;PASSAGEM
NOVA RUSSAS;48;103;MIGUEL ANTONIO;ESCOLA MUNICIPAL  FRANCISCO VIEIRA DA SILVA;DISTRITO DE MIGUEL ANTONIO,
BARRO;92;63;CENTRO-SEDE;EEEP PROFESSOR JOSÉ OSMAR PLÁCIDO DAS SILVA;RUA ANTÔNIA BEZERRA TELES, S/N
FORTALEZA;113;7;BENFICA;FACULDADE DE ARQUITETURA E URBANISMO DA UFC;AV. DA UNIVERSIDADE, 2890
JUCÁS;43;95;POÇO GRANDE - VILA;ESCOLA DE 1 GRAU CAMILO MANOEL DA SILVA;VILA DO POÇO GRANDE
FORTALEZA;2;73;MESSEJANA;EEEP JOSE DE BARCELOS;RUA ANGELICA GURGEL 362
FORTALEZA;2;76;MESSEJANA;EEEP JOSE DE BARCELOS;RUA ANGELICA GURGEL 362
ITAPIPOCA;17;543;BARRENTO;EEB JOSÉ PIRES CHAVES;ARAPONGA
ITAREMA;98;106;CENTRO;EMEF JOSE ANICETO SALES;RUA JOAO AMANCIO S/N
FORTALEZA;115;49;ITAPERI;UNIVERSIDADE ESTADUAL DO CEARA - UECE;AV DR. SILAS MUNGUBA, 1700
AQUIRAZ;66;121;PREAOCA;EMEF JUVENAL PEREIRA FACANHA;ESTRADA COLUNA - CASCAVEL
JUAZEIRO DO NORTE;119;172;SANTA TEREZA;CREDE 19;RUI BARBOSA SN
CRATO;27;129;DOM QUINTINO;CENTRO DE EDUCAÇÃO INFANTIL RAIMUNDO DE SOUSA SOBRINHO;RUA BOA VISTA, 252
ARNEIROZ;101;67;CHATINHO;ESCOLA DE 1 GRAU SAO FRANCISCO DE ASSIS;NOVO HORIZONTE
JAGUARETAMA;72;81;CENTRO;ESCOLA MUNICIPAL DE 1º.GRAU MANOEL CARLOTO PINHEIRO;RUA MANOEL CARNEIRO 97
CROATÁ;74;156;DISTRITO;ESCOLA QUILOMBOLA LUIZA MARIA DA CONCEIÇÃO;SITIO QUILOMBOLA TRÊS IRMÃOS
ACOPIARA;60;206;SEDE;EEF LINDALVA DE MORAIS PINHO;SITIO CAMBITOS
FORTALEZA;3;27;JACARECANGA;SENAI - UNIDADE CENTRO;AV. PADRE IBIAPINA, 1280
ARACOIABA;67;116;PLACIDO MARTINS-DISTRITO;ESCOLA MUNICIPAL JOAO MARIANO BATISTA;PLACIDO MARTINS
EUSÉBIO;88;94;ENCANTADA;EEF FRANCISCO TAVARES DE ABREU;RUA SANTO AMARO, 1000 - ENCANTADA
EUSÉBIO;88;263;COAÇU;COLÉGIO 7 DE SETEMBRO;RUA DANILO ARRUDA, S/N
ARACATI;8;31;CENTRO;INSS - INSTUTO NACIONAL DA SEGURIDADE SOCIAL;PC RAIMUNDO PORTO SN
FORTALEZA;94;849;QUINTINO CUNHA;EEMTI MARIA JOSÉ SANTOS FERREIRA GOMES (CERE);RUA DONA LUCIA PINHEIRO, 93
ITAPIÚNA;105;116;CENTRO;SECRETARIA MUNICIPAL DE EDUCACAO;RUA JOAQUIM BEZERRA S/N
QUIXADÁ;6;210;CENTRO;COLÉGIO SAGRADO CORACÃO DE JESUS;TRAVESSA JOSE DE BARROS,1200
PACAJUS;49;134;BURITI;SECRETARIA DE EDUCAÇÃO;RUA TABELIÃO JOSÉ GAMA FILHO
MARACANAÚ;104;227;JEREISSATI II;EEEP GOVERNADOR LUIZ GONZAGA DA FONSECA MOTA;AVENIDA X, S/N
FORTALEZA;112;548;CAMBEBA;COLÉGIO ROSA DE SAROM;RUA AMANCIO VALENTE 1770
MASSAPÊ;45;22;CENTRO;GEST MONS. MANOEL HENRIQUES;TRAVESSA PADRE LINHARES 60
FORTALEZA;82;643;SÃO GERARDO;SECRETARIA DO DESENVOLVIMENTO AGRÁRIO (SDA) DO ESTADO DO CEARÁ;AV. BEZERRA DE MENEZES, 1820
FORTALEZA;94;814;VILA VELHA;EMTI DEPUTADO ROBERTO MESQUITA;R. BETA,  SN
PACATUBA;57;333;MONGUBA;ITA ARA ESCOLA INDIGENA;RODOVIA DR. MENDEL STEINBRUCH 7240
FORTALEZA;114;96;JARDIM IRACEMA;EM RAIMUNDO DE SOUSA MANGUEIRA;RUA ALBERTO FERREIRA 624
ARACATI;8;258;SANTA TEREZA;E.E.F. DOMINGOS COSTA TEOBALDO;VILA DE SANTA TEREZA
JUAZEIRO DO NORTE;119;455;TIMBAUBA;ESCOLA DOM VICENTE DE PAULA ARAUJO MATOS;RUA RUI BARBOSA 1935
FORTALEZA;93;319;PREFEITO JOSÉ WALTER;CEI MARIA LETICIA MOTA MOREIRA;RUA 15, S/N, RESIDENCIAL CIDADE JARDIM II
PARAMOTI;111;158;ZONA RURAL;ESCOLA MUNICIPAL JUSTINO GOMES;LOCALIDADE ÁGUA BOA
PIRES FERREIRA;21;71;DISTRITO;E.E.F. FRANCISCO FERREIRA SANTIAGO;OTAVILANDIA
EUSÉBIO;88;135;JABUTI;EEF RAUL TAVARES CAVALCANTE II;RUA LOURIVAL SALES, S/N - JABOTI
PARAIPABA;109;182;CENTRO;EMEIF FRANCISCO FIGUEIREDO DE PAULA PESSOA;RUA ANTONIO TABOSA SN
FORTALEZA;118;591;DIAS MACEDO;EEMTI PADRE GUILHERME WAESSEN;RUA BOA VENTURA 916
SOBRAL;121;170;CENTRO;CEI IVONIR AGUIAR;AV DOM JOSÉ, 2184
BREJO SANTO;70;142;CENTRO-SEDE;E E F M JOSÉ MATIAS SAMPAIO;RUA MANOEL INACIO BEZERRA 49
BOA VIAGEM;63;1;CENTRO-SEDE;EEF PE ANTONIO CORREIA DE SA;RUA JOSE RANGEL DE ARAUJO 22
JIJOCA DE JERICOACOARA;30;223;CENTRO;ESCOLA SENADOR CARLOS JEREISSATE;RUA MINAS GERAIS S/N
SOBRAL;24;100;JUNCO;EEFI NETINHA CASTELO;AV. JOHN SANFORD S/N
LIMOEIRO DO NORTE;29;10;CENTRO;CENTRO DE EDUCACAO DE JOVENS E ADULTOS - CEJA;RUA DOS EXPEDICIONARIOS 2991
ARATUBA;105;97;PAI JOAO-SITIO;ESCOLA MUNICIPAL LUIZ GERVASIO COLARES;PAI JOAO
FORTALEZA;80;418;JOSÉ BONIFÁCIO;FACULDADE MAURÍCIO DE NASSAU;AVENIDA VISCONDE DO RIO BRANCO, 2078
FORTALEZA;94;193;VILA VELHA;EEFM DONA HILZA DIOGO DE OLIVEIRA;AV. DOM ALOÍSIO LORSCHEIDER, 1040 - VILA VELHA
FORTALEZA;118;573;BOA VISTA-CASTELÃO;EEFM PROFESSORA MARIA GONCALVES;RUA N S DO MONTE CARMELO S/N
AQUIRAZ;66;37;PICAO;ESCOLA FERDINANDO TANSI (SUBSTITUTA DA ESCOLA FCO. VIDAL CAMARA);COMUNIDADE DO PIAU
CRATEÚS;20;64;POTI;ESCOLA DE CIDADANIA SAO JOSE;POTI
MARACANAÚ;104;100;JEREISSATI I;EEMTI PROFESSOR CLODOALDO PINTO;AVENIDA CONTORNO NORTE, 99
SOBRAL;24;556;ALTO DA BRASÍLIA;EEFI RAUL MONTE;RUA MACEIO, S/N
SOBRAL;24;551;ALTO DO CRISTO;EEMTI PREFEITO JOSE EUCLIDES F. GOMES JUNIOR-(ANTIGO CIRAO);AV. HUMBERTO LOPES
PACATUBA;57;343;CONJUNTO JEREISSATI II;C.E.I. SENADOR CARLOS JEREISSATI;AVENIDA XV, 477
SOBRAL;121;62;DOM EXPEDITO;EEMTI SINHÁ SABOIA;RUA HELIO ARRUDA COELHO ESQUINA COM DOM EXPEDITO
MILHÃ;55;68;CENTRO;EEFM EUCLIDES PINHEIRO DE ANDRADE;RUA JOAQUIM NEMESIO 119
TIANGUÁ;81;92;CENTRO;INSTITUTO EDUCACIONAL DE TIANGUÁ - IET;PRAÇA MONSENHOR MACEDO, 60
PARAIPABA;109;149;SETOR E;EMEF VICENTE VASCONCELOS DA SILVA;PROJETO IRRIGADO DO CURU - SETOR E
ARACATI;8;74;ALTO DA CHEIA;E.E.F. ADOLFO CAMINHA;RUA B, S/N. COHAB
SÃO GONÇALO DO AMARANTE;36;137;CROATA-DISTRITO;ESCOLA DE ENSINO FUNDAMENTAL PORFIRIO DE ARAUJO;RUA VALDO UCHOA - CROATA
MARACANAÚ;104;102;JEREISSATI I;EEMTI PROFESSOR CLODOALDO PINTO;AVENIDA CONTORNO NORTE, 99
MISSÃO VELHA;16;82;ZONA RURAL;EEF SEBASTIAO PEDRO DE ARAUJO;DISTRITO DO QUIMAMI
IRACEMA;86;116;CAMPO;E.E.F. JOAQUIM DE HOLANDA CAMPELO;RUA ARCINDO DE HOLANDA NEGREIRO, 130
TAUÁ;19;414;TAUAZINHO;EEF MARIA ALEXANDRINO NOGUEIRA MARQUES;AV CEL VICENTE ALEXANDRINO DE SOUSA
CARIRIAÇU;71;140;JOSÉ AGOSTINHO;EEF MARIA FLOSCOELE MACHADO LACERDA;RUA FRANCISCO BARROS SOBRINHO, 40
MARACANAÚ;122;282;ANTONIO JUSTA;EMEIF INTEGRANDO O SABER;RUA PEDRO DE PAULA BARROS,620
MARANGUAPE;4;58;CENTRO - MARANGUAPE;CVT MARANGUAPE;RUA WALTER LOPES, 149
CAUCAIA;37;520;TABAPUÁ;E.E.F.M. JOSÉ MARIA PONTES DA ROCHA;RUA 08, S/N - TABAPUÁ
BEBERIBE;84;89;CENTRO;ESCOLA DE ENSINO FUNDAMENTAL E MEDIO ANA FACO;RUA VICENTE MATHIAS 119
FORTALEZA;1;801;PAPICU;ESCOLA ESTADUAL MARIA JOSE MEDEIROS;RUA DESEMBARGADOR LAURO NOGUEIRA 1240
FORTALEZA;3;390;MEIRELES;CÍRCULO MILITAR DE FORTALEZA;RUA CANUTO DE AGUIAR, 425
CAUCAIA;120;252;CONJUNTO METROPOLITANO;E.E.I.E.F. OSMAR DIÓGENES PINHEIRO;RUA EDMUNDO RODRIGUES, 485 - CONJUNTO METROPOLITANO
PIQUET CARNEIRO;12;16;IBICUA;EMEF ANA CLARA DE MAGALHAES;RUA JOSÉ TEOTÔNIO, S/N
ALCÂNTARAS;24;455;SITIO SILVA;EEFI JOSE DAVID PORTELA;SITIO SILVA
CAMOCIM;32;209;ZONA RURAL;ESCOLA MANOEL MARQUES DE ALMEIDA - VILA NOVA;VILA NOVA
SANTANA DO CARIRI;53;53;SERRA DA GURITIBA;EMEIEF JOSE HOMEM DE SOUSA FILHO;GURITIBA, SN
MISSÃO VELHA;16;62;SITIO ALEIXO;EEF PEDRO LUIZ PEREIRA;RUA DO COMERCIO S/N
AQUIRAZ;66;99;CAMARA;EMEF JOAO PIRES CARDOSO;RUA ALDENORA CARDOSO SN
FORTALEZA;113;338;PARQUELÂNDIA;COLEGIO GRÃO SABER;RUA PROFESSOR LINO DA ENCARNACAO, 490
FORTALEZA;114;324;BARRA DO CEARÁ;CENTRO PROFISSIONALIZAÇÃO INCLUSIVA P/ PESSOAS C/ DEFICIÊNCIA - CEPIPD;RUA SENADOR ROBERT KENNEDY, 128
GRANJA;25;6;CENTRO;E.M.T.I. DONA INAH;RUA JUVENAL GALENO, 171
FORTALEZA;112;509;EDSON QUEIROZ;EM PROF FRANCISCO MAURICIO MATOS DOURADO;RUA  DES FLORIANO BENEVIDES MAGALHÃES, 391
CRATEÚS;20;157;SANTANA;ESCOLA DE CIDADANIA ZACARIAS SOARES GODINHO;BARRA DAGUA
ARACATI;8;34;CENTRO;E.E.F. DARCI RIBEIRO;RUA TEÓFILO PINTO, S/N.
CRATO;27;144;PONTA DA SERRA;UNIDADE BÁSICA DE SAÚDE JOAQUIM FERREIRA LEITE;RUA INÁCIO FERREIRA LEITE S/N
URUOCA;25;152;PARACUA;E.E.F. CEL DOMINGOS ALVES PEREIRA;R. JOÃO CARAPINA, 44
FORTALEZA;118;660;BOA VISTA-CASTELÃO;COLÉGIO SÃO LUCAS;RUA JOSÉ DA FRANCA CABRAL, 748
FORTALEZA;118;648;DIAS MACEDO;EEMTI PADRE GUILHERME WAESSEN;RUA BOA VENTURA 916
CAMOCIM;32;184;BOA ESPERANCA;ESCOLA MUNICIPAL DE 1 GRAU FCO OTONI COELHO;RUA BANDEIRANTES 646
GENERAL SAMPAIO;50;186;ZONA RURAL;EMEF MESSIAS DELFINO ALVES;VILA SÃO JOÃO
SOBRAL;121;294;JOCELY DANTAS;CURSO DE QUIMICA-UVA-CAMPUS CIDAO;AV. DR. GUARANY
NOVA RUSSAS;48;125;BOM BOCADINHO;ESCOLA MUNICIPAL JOÃO MARTINS FARIAS;LOCALIDADE DE BOM BOCADINHO,
SOBRAL;121;41;TAPERUABA;ESCOLA FREDERICO AUTO CORREIA;RUA ANTONINO MELO - VASSOURAS
FORTALEZA;115;417;PARANGABA;CEJA - PROFº MOREIRA CAMPOS;RUA JULIO BRAGA, 101 B
SENADOR POMPEU;12;67;CENTRO;EMATERCE;AV FRANCISCO FRANÇA CAMBRAIA, 31
TIANGUÁ;81;204;DOM TIMÓTEO;E.E.I.F. NOSSA SENHORA DAS GRAÇAS;AVENIDA FRANCISCO VIRGILIO FILHO
PINDORETAMA;7;125;SEDE;EMEB PROFESSORA VERÔNICA PEREIRA DE ARAÚJO;RODOVIA CE-040, S/N, PINDORETAMA
FORTALEZA;116;160;BOM JARDIM;EM SEBASTIAO DE ABREU;RUA GERALDO BARBOSA 1065
AQUIRAZ;66;81;PRAINHA;EMEF RITA PAULA;AV. DAMIÃO TAVARES  DE SOUSA, S/N
AQUIRAZ;66;68;SANTA MARIA;EMEF JOSE FERREIRA DA COSTA;RUA MANOEL FERREIRA DA COSTA, SN
CAUCAIA;123;503;PARQUE POTIRA (JUREMA);COLÉGIO ESTADUAL LICEU DE CAUCAIA;RUA ARAQUÉM, 1100 - PARQUE POTIRA (JUREMA)
ITAREMA;98;149;ZONA RURAL;EMEF OSIRES PONTES;CARVOEIRO
SOBRAL;24;308;JAIBARAS;EEFI LEONILIA GOMES PARENTE;RUA SANTA TEREZINHA
TIANGUÁ;81;87;PINDOGUABA;CENTRO EDUCACIONAL ANTÔNIO JOSÉ DA ROCHA;RUA SÃO JOÃO BATISTA, S/N - DISTRITO PINDOGUABA
TAUÁ;19;210;MARRECAS;ESCOLA ELIZEU MENEZES DA COSTA;ASSENTAMENTO BONIFACIO
AQUIRAZ;66;57;LAGOA DO RAMO;EMEF JOSE RAIMUNDO DA COSTA (COMUNIDADE QUILOMBOLA);ESTRADA RAMOS -SITIO  RUSSEGA - LAGOA DO RAMOS
FORTALEZA;2;143;MESSEJANA;EM JOSEFA BARROS DE ALENCAR;RUA DOUTOR JOAQUIM BENTO 590
CARIRIAÇU;71;145;PARAÍSO;EEM SÃO PEDRO;RUA LUIZ BEZERRA 325
SÃO BENEDITO;22;248;CRUZEIRO;EEMTI IZAIAS GONÇALVES DAMASCENO;AVENIDA SALMITO FERREIRA DE ALMEIDA 1150
FORTALEZA;85;280;CONJUNTO CEARÁ I;EEFM PROF PLACIDO ADERALDO CASTELO - UV 7B;RUA SETECENTOS E VINTE E UM, 100, 3A ETAPA
CAUCAIA;37;57;PARQUE SOLEDADE;COLEGIO JANUSA CORREA;RUA NOSSA SENHORA DOS PRAZERES, 238
FORTALEZA;82;385;MONTE CASTELO;EM FAUSTINO DE ALBUQUERQUE;RUA AMARO CAVALCANTE, 89
FORTALEZA;3;605;ALDEOTA;COLÉGIO SANTA CECÍLIA;AV. SENADOR VIRGÍLIO TÁVORA, 2000
CRATEÚS;20;169;SANTO ANTÔNIO;ESCOLA DE CIDADANIA DE SANTO ANTONIO;SANTO ANTONIO
FORTALEZA;94;922;QUINTINO CUNHA;EMEIEF PROF DENIZARD MACEDO DE ALCÂNTARA;RUA MATOSO FILHO 450
FORTALEZA;112;417;EDSON QUEIROZ;COLEGIO ARI DE SA CAVALCANTE WS;AV WASHINGTON SOARES, 3737
FORTALEZA;85;157;CONJUNTO CEARÁ I;EEF GOVERNADOR FAUSTINO ALBUQUERQUE - UV1;RUA 143 N 155 - 1 ETAPA
GRANJA;25;225;PARAZINHO;E.E.F.T.I. FRANCISCA CLEOMAR VERAS FREITAS (ANTIGA CERU);RUA JOSE MARTINS, S/N
CAUCAIA;37;521;TABAPUÁ;E.E.F.M. JOSÉ MARIA PONTES DA ROCHA;RUA 08, S/N - TABAPUÁ
NOVA RUSSAS;48;99;ALTO DA BOA VISTA;ESCOLA MUNICIPAL CORNÉLIO ROSA;RUA CORNÉLIO ROSA, 296
FORTALEZA;3;486;PRAIA DE IRACEMA;COLÉGIO ANTARES (PRAIA DE IRACEMA);RUA HISTORIADOR GUARINO ALVES, 95
CRATO;27;219;GISÉLIA PINHEIRO;EEMTI JUVÊNCIO BARRETO;RUA JUVÊNCIO BARRETO S/N
FORTALEZA;1;577;CIDADE 2000;ESCOLA ESTADUAL ARQUITETO ROGERIO FROES;AVENIDA DAS GRAVIOLAS 1000
CRATO;27;200;GISÉLIA PINHEIRO;EEMTI JUVÊNCIO BARRETO;RUA JUVÊNCIO BARRETO S/N
CRATEÚS;20;190;MONTENEBO;ESCOLA DE CIDADANIA MARIA BEZERRA DE SOUSA;CABECA DA ONCA
AMONTADA;89;92;CENTRO;EEEP LUIZ GONZAGA FONSECA MOTA;AV GAL ALÍPIO DOS SANTOS 1360
ACOPIARA;60;153;TRUSSU;EEFM SOLON GUEDES CAVALCANTE;VILA DE TRUSSU
CAUCAIA;123;310;PARQUE POTIRA (JUREMA);E.E.I.E.F. ANTÔNIO ALBUQUERQUE SOUSA FILHO;RUA HERIBALDO RODRIGUES (ANTIGA RUA POTIGUARA), 488
JAGUARUANA;75;85;PATOS;UBASF JOAO CELEDONIO DA SILVA (PATOS);PATOS
IPAPORANGA;20;265;TORRÕES;ESCOLA DE ENSINO FUNDAMENTAL ANTONIO DIAS FERREIRA;TORROES
CRATO;27;98;PINTO MADEIRA;AGÊNCIA DA PREVIDÊNCIA SOCIAL- INSS;RUA JOSÉ MARROCOS, 458
ARACATI;8;158;OUTEIRO;E.E.F. MARGARIDA GONDIM;OUTEIRO
PORTEIRAS;70;312;LOGRADOURO-SEDE;ESCOLA DE 1 GRAU MANOEL ALBERTO NETO;SITIO LOGRADOURO
FORTALEZA;114;105;PRESIDENTE KENNEDY;COLÉGIO SANTA ISABEL;AVENIDA BEZERRA DE MENEZES 2840
FORTALEZA;2;160;MESSEJANA;INSTITUTO FREI JOAO PEDRO DE SEXTO;AVENIDA FREI CIRILO, 4241
FORTALEZA;94;587;ANTÔNIO BEZERRA;EMTI JOSÉ CARLOS DE OLIVEIRA NETO;R. SAO VICENTE DE PAULO, 170
AQUIRAZ;66;330;IGUAPE;EMEF TIA ALZIRA;RUA LAGOA I
JAGUARIBE;10;64;AMÉRICO BEZERRA;CEJA - COSME ALVES DE LIMA;RUA ELIZIARIO  PINHEIRO S/N
FORTALEZA;117;425;CANINDEZINHO;EM PADRE ANTONIO MONTEIRO DA CRUZ;RUA DE PEDESTRE XIII, 25 - JARDIM FLUMINENSE II
CAPISTRANO;105;45;CENTRO;ESCOLA DE ENSINO BASICO DEPUTADO UBIRATAN DINIZ AGUIAR;RUA JOSE SARAIVA SOBRINHO S/N
ITAITINGA;78;380;BARROCÃO;CEI - CENTRO DE EDUCAÇÃO INFANTIL DO BAIRRO BARROCÃO;RUA UM, N. 221, BARROCÃO 
FORTALEZA;2;782;MESSEJANA;EM PROF CLODOMIR TEOFILO GIRAO;TRAVESSA RUTILO, 108
ITAITINGA;78;298;PARQUE SANTO ANTONIO;EEF PROFESSORA LAURA DA COSTA LIMA;RUA FRANCISCO ALVES DE FRANÇA, 486
CRATEÚS;20;24;CIDADE NOVA;CENTRO DE EDUCACAO DE JOVENS E ADULTOS PROFESSOR LUIZ BEZERRA;RUA DR LUIZ CHAVES E MELO
FORTALEZA;1;382;VICENTE PINZON;ESCOLA PROFISSIONAL MARIA ANGELA DA SILVEIRA BORGES;RUA PINTOR ANTONIO BANDEIRA, S/N
AQUIRAZ;66;16;CENTRO;SENAC - SERVIÇO NACIONAL DO COMÉRCIO;RUA PEDRO BRASIL, N 210
FORTALEZA;93;165;MONDUBIM;EM JOAO HILDO DE CARVALHO FURTADO;RUA MIGUEL ARAGÃO, S/N ARACAPÉ
FORTALEZA;117;449;MANOEL SÁTIRO;EMEIF MARIA BEZERRA QUEVEDO;RUA 103, 28 - CJ. NOVO MONDUBIM
CAUCAIA;123;445;NOVA METRÓPOLE (JUREMA);E.E.I.E.F. FRANCISCA ALVES DO AMARAL;AV. B, 442 - NOVA METRÓPOLE
FORTALEZA;1;792;PAPICU;COLEGIO ESPACO ABERTO - BENTO ALBUQUERQUE;RUA BENTO ALBUQUERQUE 1671
FORTALEZA;3;576;ALDEOTA;UNICHRISTUS ALDEOTA;RUA VISCONDE DE MAUÁ, 1940
CRATO;27;147;PONTA DA SERRA;EEIEF PROF. JOSÉ BIZERRA DE BRITTO;RUA BERNARDO VIEIRA S/N
CRATEÚS;20;153;SANTANA;ESCOLA DE CIDADANIA JOSE MARTINS DE LIMA;PATOS
IGUATU;13;27;VENEZA;ESCOLA DE ENS FUND FILGUEIRAS LIMA;RUA NELSON ALENCAR
HORIZONTE;78;369;CENTRO;EMEF MARIA REGIANA DA SILVA;RUA RAFAEL SANTOS, 530
TARRAFAS;18;44;ZONA RURAL;GRUPO ESCOLAR VEREADOR FRANCISCO GUALBERTO;RUA PRINCIPAL SN  -  CAICARA
CAUCAIA;120;320;SITIOS NOVOS;E.E.F. ALICE MOREIRA DE OLIVEIRA;RUA HENRIQUE MARTINS, S/N
IGUATU;13;278;FLORES;ESCOLA DE ENS FUND CARLOTA TAVORA;JUVENAL BARRETO 432
CRATEÚS;20;85;SANTO ANTÔNIO;ESCOLA DE CIDADANIA DE INGA;INGA
FORTALEZA;2;731;COAÇU;EEFM GOV LUIZ DE GONZAGA FONSECA MOTA;RUA SANTA ROSA, 407
JAGUARIBARA;72;48;CENTRO;PROF JOCELIN MARCONDES XAVIER DE ALMEIDA;AV. ZÉ LEITÃO, 236
CRATO;27;121;BELMONTE;EEIEF ADÉRSON DA FRANCA ALENCAR;RUA CARLINA PINHEIRO S/N
CRATO;27;228;PINTO MADEIRA;EEMTI ESTADO DA BAHIA;AVENIDA JOSÉ PINHEIRO ESMERALDO S/N
FORTALEZA;1;825;MUCURIPE;IATE CLUBE;AVENIDA DA ABOLIÇÃO 4813
FORTALEZA;118;629;PASSARÉ;COLEGIO CONEXÃO SABER;RUA DOUTOR PEDRO SAMPAIO, 550
MARACANAÚ;104;389;TIMBÓ;EMEF ADAUTO FERREIRA LIMA;AVENIDA CONTORNO LESTE, S/N
MARACANAÚ;104;213;CENTRO;SECRETARIA DE EDUCACAO;RUA CAPITAO VALDEMAR DE LIMA, 202
JUAZEIRO DO NORTE;119;134;NOVO JUAZEIRO;ESCOLA TIRADENTES;CASTELO BRANCO SN
VIÇOSA DO CEARÁ;35;52;ZONA RURAL;E.E.F JOÃO EUCLIDES DE MORAIS;VILA JUA DOS VIEIRAS SN
SÃO GONÇALO DO AMARANTE;36;187;TAIBA-DISTRITO;ESCOLA DE EDUCAÇÃO BÁSICA PROFª ALBA HERCULANO ARAÚJO;RUA CAPITAO INACIO PRATA SN -TAÍBA
MARACANAÚ;122;106;INDUSTRIAL;EMEF VINICIUS DE MORAIS;RUA N NO. 425 (ESPLANADA DO MONDUBIM)
SOBRAL;24;541;SUMARÉ;EEM PROFESSORA CARMOSINA FERREIRA GOMES;RUA DAS FLORES, S/N
MARACANAÚ;122;160;PIRATININGA;EMEF RUI BARBOSA;RUA DO CAMPO 51
ITAREMA;98;169;ZONA RURAL;LICEU DE ALMOFALA - EEM JOSE MARIA MONTEIRO;RUA AGRIPINO TOMAS DE SOUSA S/N - ALMOFALA
PARAIPABA;109;220;LAGOINHA;EMEF FRANCISCO HENRIQUE DE AZEVEDO;LAGOINHA
CRATEÚS;20;200;VENANCIOS;EEFM PRES EURICO GASPAR DUTRA;RUA EDUARDO ALBUQUERQUE SN
FORTALEZA;3;4;CENTRO;COLÉGIO TIRADENTES VESTIBULARES;RUA PEDRO I, 1106
CAUCAIA;120;428;PLANALTO CAUCAIA;E.E.I.E.F. ANTONIO BRAGA DA ROCHA;RUA 112, SN - CIGANA
CRATEÚS;20;63;OITICICA;ESCOLA DE CIDADANIA PEDRO ALVARES CABRAL;OITICICA
CAUCAIA;120;364;BOM PRINCIPIO;MARIA SOUSA DOS SANTOS EEIEF;POVOADO DE SANTA LUZIA - UMARI - BELO MONTE
ITAIÇABA;75;113;BRITO;E.E.F. DOM AURELIANO MATOS;BRITO
CRATO;27;141;SANTA FÉ;EEIEF PAULO LIMAVERDE;ROD. VICENTE TELES, SN. DISTRITO DE SANTA FÉ - SEDE.
FORTALEZA;115;471;VILA PERI;EEM PROF. HERMENEGILDO FIRMEZA;RUA GABRIEL FIUZA 360
FORTALEZA;2;552;LAGOA REDONDA;COLÉGIO AGNUS SUL;TRAVESSA MARROCOS, 145
IGUATU;13;24;PLANALTO;ESCOLA DE ENS MEDIO AMELIA FIGUEIREDO DE LAVOR;RUA 13 DE MAIO SN
FORTALEZA;114;218;PRESIDENTE KENNEDY;ESCOLINHA MUNDO INFANTIL;AVENIDA SARGENTO HERMÍNIO SAMPAIO 3787
FORTALEZA;114;308;JARDIM IRACEMA;EM MARIA DALVA SEVERINO MARREIRO;RUA RIO PARAGUAI 782
HIDROLÂNDIA;54;3;CENTRO;E. M. E. F. ADAIL FREITAS MARINHO;RUA VEREADOR EXPEDITO PEREIRA DE SOUSA, 199
ITAPIPOCA;17;501;ARAPARI;EQEB ESCOLA QUILOMBOLA VICENTE DE PAULO ALVES;NAZARÉ
IGUATU;13;326;JOÃO PAULO II;CAIC - ESCOLA DE ENS FUND FRANCISCO DAS GRAÇAS ALVES BERTO;CONJUNTO JOAO PAULO II                                    S/N
ARACOIABA;67;90;ARRAIAL SANTA IZABEL-SITIO;ESCOLA MUNICIPAL DOUTOR GERARDO MELO;ARRAIAL SANTA ISABEL
ITAITINGA;78;333;BARROCÃO;EEF JARDIM DE FÁTIMA;RUA ELIATAR DIÓGENES, S/N
FORTALEZA;1;463;VARJOTA;ESCOLA ESTADUAL  BARBARA DE ALENCAR;RUA PEDRO RUFINO 38
ARACATI;8;116;JIRAU II;E.E.F. ROMANA MARIA;JIRAU II
MARACANAÚ;122;263;NOVO ORIENTE;EMEF DEP ULYSSES GUIMARAES;RUA 29 N. 10
COREAÚ;64;85;Centro;COREAÚ - ESCOLA ESTADUAL VILEBALDO AGUIAR;RUA CORONEL ANTÔNIO TELES, 33 - CENTRO
SOBRAL;24;93;CAMPO DOS VELHOS;EEM PROF. LUIS FELIPE;RUA CEL JOSE SILVESTRE, 760
ABAIARA;26;71;CENTRO;ESCOLA ROSA TAVARES LEITE;RUA MISAEL ALVES DE MEDEIROS 295
CROATÁ;74;55;DISTRITO;ESCOLA MUNICIPAL DE SAO ROQUE;SAO ROQUE
CAMPOS SALES;38;45;DIST. DE QUIXARIÚ;CRECHE M. FÂNTASIA DE CRIANÇA - DIST. DE QUIXARIÚ;AVENIDA LEONARDO DE ANDRADE,128
GENERAL SAMPAIO;50;30;CONJUNTO SÃO JOSÉ;CRECHE PROINFÂNCIA DIANA DE NAZUR MONTEIRO MARINHO MOREIRA;RUA JOSÉ COSTA NASCIMENTO
CASCAVEL;7;21;CENTRO;EMEB PROFESSORA THEREZINHA MESQUITA DE JESUS CIRÍACO (ANTIGA CNEC);RUA PREF. LUIS BENICIO SAMPAIO, 2506
CRATO;27;263;BELMONTE;EEIEF ADÉRSON DA FRANCA ALENCAR;RUA CARLINA PINHEIRO S/N
CAMPOS SALES;38;9;DIST. DE ITAGUÁ;E.E.F.T.I  ANÂNIAS CUSTÓDIO ARRAIS - DIST. DE ITTAGUÁ;RUA ANÂNIAS CUSTÓDIO ARRAIS S/N
SÃO GONÇALO DO AMARANTE;36;149;PECEM-DISTRITO;ESCOLA DE ENSINO FUNDAMENTAL EUCLIDES PEREIRA GOMES;TRAVESSA MARCIONILIA SAMPAIO S/N
IGUATU;13;572;FOMENTO;ESCOLA DE ENS FUND LUIZA BEZERRA DE SOUZA;VILA FOMENTO
CAUCAIA;123;386;ARATURI (JUREMA);E.E.I.E.F. RITA DE CÁSSIA BRASILEIRO PONTES;AV. CENTRAL, 1112
CAUCAIA;123;324;PARQUE POTIRA (JUREMA);COLÉGIO ESTADUAL LICEU DE CAUCAIA;RUA ARAQUÉM, 1100 - PARQUE POTIRA (JUREMA)
CAMOCIM;32;270;ZONA RURAL;E.E.F. JOVINO FERREIRA CHAVES - CANGALHAS;CANGALHAS
FORTALEZA;114;285;JARDIM IRACEMA;EEMTI PROFESSORA BALBINA JUCA ALBUQUERQUE;AVENIDA MAJOR ASSIS 346
HORIZONTE;78;225;DIADEMA;EMEF PROFESSORA DIONE MARIA BEZERRA PESSOA;RUA FRANCISCO ONOFRE DE ASSIS, 365, DIADEMA
MISSÃO VELHA;16;44;SEDE;EEF JUVENAL RODRIGUES BRANDAO;AVENIDA JOSE SOBREIRA DA CRUZ S/N, MATERNIDADE
PACATUBA;57;180;ÁREA RURAL DE PACATUBA;EEIEF FIRMINO DE ABREU;RUA DA IGREJA, 299, DISTRITO ALTO FECHADO
FORTALEZA;3;540;CENTRO;UNIARI - CENTRO UNIVERSITÁRIO ARI DE SÁ;AV. HERÁCLITO GRAÇA, 826
JUAZEIRO DO NORTE;119;54;PREFEITO CARLOS ALBERTO DA CRUZ;URCA - CAMPUS CRAJUBAR (TRIÂNGULO);AVENIDA LEÃO SAMPAIO, 107
JUAZEIRO DO NORTE;119;278;FREI DAMIAO;ESCOLA MARIO DA SILVA BEM;RUA VEREADOR RAIMUNDO JOSÉ DA SILVA
FORTALEZA;118;117;PASSARÉ;COLÉGIO MULTIVERSO;AV. JUSCELINO KUBITSCHECK, 3653
MISSÃO VELHA;16;110;ZONA RURAL;EEF NOEMIA CRUZ LANDIM;SITIO PASSAGEM DE PEDRA
LIMOEIRO DO NORTE;29;190;ILHA;EEF WILSON ESTACIO DE SOUSA;RUA WILSON ESTÁCIO DE SOUZA
ACOPIARA;60;270;SEDE;EEF SERAFIM DE SOUZA LIMA;VILA AROEIRA
CRATO;27;72;PIMENTA;URCA - UNIVERSIDADE REGIONAL DO CARIRI;RUA CORONEL ANTÔNIO LUIZ, 1161
CRATO;27;73;PIMENTA;URCA - UNIVERSIDADE REGIONAL DO CARIRI;RUA CORONEL ANTÔNIO LUIZ, 1161
PARAMBU;19;371;MIRANDA;ESCOLA PROFESSOR MANOEL LUIZ DE OLIVEIRA;PAU PRETO
CASCAVEL;7;281;BESSALANDIA;ESC.ENS.FUND. JULIA DE MELO;RUA GABRIEL GOMES BARBOSA
FORTALEZA;1;389;VICENTE PINZON;ESCOLA ESTADUAL DEPUTADO MANOEL RODRIGUES;RUA OLIVEIRA FILHO, 1576
SOBRAL;24;623;JOSÉ EUCLIDES;CENTRO DE CIÊNCIAS HUMANAS - CCH - UVA;AV. JOHN SANFORD, 1845
CRATO;27;164;CENTRO;ESCOLA TÉCNICA DO COMÉRCIO;RUA DOUTOR JOÃO PESSOA, 190 - PRAÇA JUAREZ TÁVORA
CASCAVEL;7;181;MUTIRÃO;ESC. MUNICIPAL PROFESSOR FABIO COUTINHO;RUA ZAQUEU FERREIRA DO VALE, S/N
ITAPIPOCA;17;4;CENTRO;CENTRO EDUCACIONAL PIO XII;RUA JOAO CORDEIRO 625
PARAMOTI;111;124;CENTRO;EMEF PAULO SARASATE (ANTIGO CERU);AV. JOAQUIM FARIAS, 175
PORANGA;40;139;CABOCLOS;ESCOLA DE ENSINO FUNDAMENTAL 15 DE AGOSTO - CABOCLOS;CABOCLOS
PALMÁCIA;4;650;SACO DO VENTO;UBS SACO DO VENTO;SACO DO VENTO
IBIAPINA;73;5;DISTRITO DE BETÂNIA;ESCOLA MARIA MATIAS;DISTRITO DE BETÂNIA
CROATÁ;74;104;DISTRITO;ESCOLA MUNICIPAL DE VARZANTE;VARZANTE
ITAPIPOCA;17;606;PICOS;EEB DOMINGOS GONCALVES MUNIZ;PICOS
FORTALEZA;2;403;MESSEJANA;EEM DEPUTADO PAULO BENEVIDES;RUA ANGELICA GURGEL, 186
CRATO;27;224;SANTA FÉ;EEIEF JOSEFA SALVIANO DE ALMEIDA;SÍTIO CRUZEIRO
HIDROLÂNDIA;54;206;CENTRO;E.E.F.M. PRISCILA MACIEL DE FRANÇA;RUA PROFESSORA ARGENTINA FAÇANHA, 471
FORTALEZA;2;637;COAÇU;EEFM GOV LUIZ DE GONZAGA FONSECA MOTA;RUA SANTA ROSA, 407
ARACOIABA;67;112;IDEAL-DISTRITO;ESCOLA MUNICIPAL IRADES CARNEIRO RANGEL;JUCA
AIUABA;101;27;SAO NICOLAU;GRUPO ESCOLAR EDMUNDO BRAGA;RUA BENTO HERCULES SN
MARANGUAPE;4;652;AMANARI;EMEFTI ANTONIO LUIS COELHO;RUA DO COMERCIO S/N
CAMPOS SALES;38;27;B. CENTRO;E.E.E.M.T.I - MARIA DOLORES ARRAIS - (GRUPINHO);TRAVESSA VICENTE ALEXANDRINO DE ALENCAR,297
ACOPIARA;60;116;CENTRO;SINDICATO DOS TRABALHADORES RURAIS;RUA MARECHAL DEODORO, SN
CAMPOS SALES;38;84;ZONA RURAL;E.E.I.F JOAQUIM FRANCISCO DA SILVA - SITIO ALÍVIO;SÍTIO ALÍVIO
PEDRA BRANCA;59;42;SEDE;ESCOLA DE 1 GRAU JOSE MINEIRO;SITIO ALIVIO
ASSARÉ;18;112;PARQUE DE VAQUEJADA;ESCOLA DE EDUCACAO INFANTIL E ENSINO FUNDAMENTAL MARIA ISABEL;AVENIDA DEP. MANOEL GONCALVES, S/N
ARACATI;8;265;CENTRO;E.E.M.T.I. BARAO DE ARACATI;PRAÇA DOS PRAZERES, 82
SOBRAL;121;141;CENTRO;EEFM DR JOAO RIBEIRO RAMOS;RUA CONSELHEIRO JOSE JULIO
PORTEIRAS;70;416;BOA VISTA-SEDE;EEF MARIA BARRETO DE CARVALHO;SÍTIO BOA VISTA
CARIÚS;43;214;CAIPU-DISTRITO;CRECHE PARAISO INFANTIL;VILA CAIPU
CARNAUBAL;22;159;SITIO COCAL;EEF FREI BRUNO MOSS;SITIO COCAL
ITAPIPOCA;17;706;BARRENTO;EEB PEDRO PEREIRA;SÃO TOMÉ
BELA CRUZ;96;40;CORREGUINHOS-LOCALIDADE;EMEIEF RAIMUNDO JOVINO VASCONCELOS;CORREGUINHO
CAMPOS SALES;38;23;B. CENTRO;COLÉGIO ADNILSON BATISTA DOS SANTOS - SEDE;RUA JOÃO SEVERO CORTEZ, 1028
FORTALEZA;93;86;PREFEITO JOSÉ WALTER;EM RACHEL DE QUEIROZ;AVENIDA C, S/N - II ETAPA
PACAJUS;49;393;CENTRO;SECRETARIA DE SAÚDE;RUA TENENTE JOAQUIM NOGUEIRA LOPES, 138
PACAJUS;49;410;ALDEIA PARQUE;EEF ALICE FERNANDES LOPES;RUA JOSÉ DOS SANTOS GIRÃO OLIVEIRA SN
MORADA NOVA;47;183;PEDRAS;EEB ANA NOGUEIRA MAIA;RUA SABINO NOGUEIRA L
BATURITÉ;5;3;CENTRO-SEDE;EMEF DOMINGOS SAVIO;AV DOM BOSCO, 393
FORTALEZA;2;668;MESSEJANA;EMEIF ANGELICA GURGEL;RUA DOUTOR PERGENTINO MAIA, 375
TAUÁ;19;106;MARROAS;EPG JOAQUIM LEITAO DE MENDONCA;CAMPOS
MORRINHOS;44;103;DISTRITO DE SITIO ALEGRE;EMEF MARIA LENILDA DE SOUZA;SITIO ALEGRE
PALMÁCIA;4;191;CENTRO;UBS SEDE;RUA ILDEFONSO CAMPOS, S/N
PEDRA BRANCA;59;125;SANTA MARIA;EEF MARIA ALVES DE MESQUITA;RUA MARIA ALVES DE MESQUITA, S/N.
CRATO;27;157;CENTRO;ESCOLA TÉCNICA DO COMÉRCIO;RUA DOUTOR JOÃO PESSOA, 190 - PRAÇA JUAREZ TÁVORA
CASCAVEL;7;218;CAPONGA;ESC.ENS.FUND. ESTER DANTAS DE CASTRO;TUJUCUSSU 1
SÃO GONÇALO DO AMARANTE;36;250;CONJUNTO;ESCOLA DE ENSINO FUNDAMENTAL GOVERNADOR TASSO JEREISSATI;RUA CORONEL NECO MARTINS S/N - SEDE
LIMOEIRO DO NORTE;29;108;ÁREA RURAL;CRECHE DA CABEÇA PRETA;SITIO CABECA PRETA
SOBRAL;24;68;JERÔNIMO PRADO;UNIV.EST.VALE DO ACARAÚ-UVA-NÚCLEO DE DISCIPLINAS COMPLEMENTARES;AVENIDA DA UNIVERSIDADE, S/N
MADALENA;63;172;CENTRO;EEF ALVARO DE ARAUJO CARNEIRO;MARIA ARMENIA BARBOSA, 299 - SANTA TEREZINHA
QUIXADÁ;6;240;ÁREA RURAL DE QUIXADÁ;EEF ESTÁCIO LOPES;CAFÉ CAMPESTRE - PERIFERIA, S/N
SANTA QUITÉRIA;54;88;DISTRITO DE MACARAÚ;E.E.F. SALUSTIANO PINTO;RUA CEL. JOAQUIM DOS SANTOS, 65
BEBERIBE;84;32;SERRA DO FELIX;ESCOLA MUNICIPAL BENEDITO EVARISTO PINHEIRO;AV ESTER FERNANDES 72 - CENTRO
ICÓ;15;193;AGUA BRANCA - SITIO;ESCOLA MUNICIPAL VICENTE CHAGAS MOTA;SITIO AGUA BRANCA S/N
ITAPAJÉ;41;223;SITIO SAO PEDRO;ESCOLA MANOEL FRANCISCO DE MATOS;SAO PEDRO
VIÇOSA DO CEARÁ;35;22;CENTRO;E.E.M DEPUTADO MANOEL RODRIGUES;RUA PROFESSOR JOÃO VIANA, S/N
JAGUARETAMA;72;88;CENTRO;ESCOLA MUNICIPAL DE 1º.GRAU MANOEL CARLOTO PINHEIRO;RUA MANOEL CARNEIRO 97
FORTALEZA;1;342;CAIS DO PORTO;ESCOLA DE GASTRONOMIA SOCIAL IVENS DIAS BRANCO;RUA MANUEL DIAS BRANCO,80
JAGUARUANA;75;68;BORGES;UBASF RAIMUNDO SALES FAÇANHA (BORGES);BORGES
QUIXADÁ;6;347;JARDIM DOS MONÓLITOS;EEEP MARIA CAVALCANTE COSTA;AVENIDA JESUS MARIA JOSÉ, 2990
URUOCA;25;83;ROBERTO DOURADO;E.E.F. MURILO AGUIAR;AV. JOÃO JOSÉ, N. 451
ITAPIPOCA;17;485;CENTRO;EEFM ANASTACIO ALVES BRAGA;AV DUQUE DE CAXIAS 888
CAUCAIA;120;310;PLANALTO CAUCAIA;E.E.F.M. VICENTE ARRUDA;RUA, 113 S/N - CIGANA
FORTALEZA;85;228;CONJUNTO CEARÁ I;EEM LICEU DO CONJUNTO CEARA;RUA 1139 A, 10 4 ETAPA
MISSÃO VELHA;16;65;SEDE;SECRETARIA DE TRABALHO E ASSISTÊNCIA SOCIAL (ANTIGO CSU);RUA PADRE CICERO, 204. CENTRO.
MARACANAÚ;122;261;SIQUEIRA (siqueira 2);EEM PROFª. EUDES VERAS;AVENIDA SIQUEIRA CAMPOS, 601
TEJUÇUOCA;41;96;SAO BENTO;ESCOLA MUNICIPAL JOSE MOREIRA CRUZ;SAO BENTO
CRATEÚS;20;18;CENTRO;COLEGIO ESTADUAL REGINA PACIS;RUA FRANCISCO SA 106
ITAPIPOCA;17;452;ARAPARI;ASSOCIACAO COMUNITARIA DE SAQUINHO;SAQUINHO
JUAZEIRO DO NORTE;119;450;FREI DAMIAO;CEI-CAIC DOM ANTÔNIO CAMPELO DE ARAGAO (CRECHE);RUA VEREADOR RAIMUNDO JOSE RODRIGUES DA SILVA , SN
CASCAVEL;7;56;GUANACES;ESC.ENS.FUND. CUSTODIO DA SILVA LEMOS;RUA ISAAC BENICIO, CENTRO
CAUCAIA;123;337;PARQUE GUADALAJARA (JUREMA);E.E.I.E.F. 7 DE SETEMBRO;AV. DOM ALMEIDA LUSTOSA, 2322
FORTALEZA;1;768;ALDEOTA;COLEGIO ANTARES - SANTOS DUMONT;AVENIDA SANTOS DUMONT 3777
FORTALEZA;115;98;PARANGABA;EMTI CAROLINO SUCUPIRA;RUA MUNDICA PAULA, 670
ARACOIABA;67;154;CENTRO-SEDE;ESCOLA ALMIR PINTO - ENSINO FUNDAMENTAL E MEDIO;RUA SANTOS DUMONT 363
ITAPIPOCA;17;736;ÁREA RURAL DE ITAPIPOCA;EEB JOÃO PIRES CHAVES;CALDEIRÕES
CRATEÚS;20;70;ALTAMIRA;ESCOLA TECNICA DE COMERCIO PADRE JUVENCIO;RUA JOAO SOARES, 15
CAUCAIA;120;443;CONJUNTO METROPOLITANO;E.E.I.E.F. ANTÔNIO MIRANDA DE MELO;RUA PEDRO ALVES DE MENEZES, 1095 - CONJUNTO METROPOLITANO
ACOPIARA;60;118;DISTRITO DE SAO PAULO;EEF ANTONIO ALVES DA SILVA;SITIO PEREIRO
MARACANAÚ;122;56;ACARACUZINHO;EEF ANTONIO GONDIM DE LIMA;AV. LATERAL SUL S/N
SOBRAL;24;269;SÃO JOSÉ DO TORTO;EEFI ELPIDIO RIBEIRO DA SILVA;TORTO
SOBRAL;24;627;CAMPO DOS VELHOS;EEM PROF. LUIS FELIPE;RUA CEL JOSE SILVESTRE, 760
IGUATU;13;407;CAJAZEIRAS;ESCOLA DE ENS FUND JOAQUIM DE SOUSA PINTO;VILA CAJAZEIRAS
FORTALEZA;2;765;LAGOA REDONDA;EM PROFª FERNANDA MARIA DE ALENCAR COLARES;AV PROF. ARTHUR DE CARVALHO, 1540
CAUCAIA;123;476;ARATURI (JUREMA);E.E.F.M. PRESIDENTE JOSÉ SARNEY;AV. CENTRAL OESTE, 262
ITAPIPOCA;17;103;ASSUNÇÃO;EEB JOSE SECUNDO DE MARIA;BRAGA
ITAIÇABA;75;82;ALTO DO FERRÃO;E.E.I. CRISTINA SILVA COSTA;ALTO DO FERRÃO
NOVO ORIENTE;99;159;ZONA RURAL;EEF FRANCISCO SEVERIANO DE SOUSA;DISTRITO SANTA MARIA
FORTALEZA;93;253;PREFEITO JOSÉ WALTER;ESCOLA MUNICIPAL ARI DE SA CAVALCANTE (JOSÉ WALTER);AV. H, 430 III ETAPA
CAMOCIM;32;42;CRUZEIRO;COLEGIO ESTADUAL PROF IVAN PEREIRA DE CARVALHO - CEPI;RUA RIACHUELO, SN
BARBALHA;31;65;SANTANA II;EEMTI ALMIRO DA CRUZ (SITIO SANTANA II);AV. PROJETADA IV, S/N - SITIO SANTANA II (7.32601 S, 39.24044 W)
CRATEÚS;20;170;CIDADE 2000;ESCOLA DE CIDADANIA JOSE FREIRE FILHO;KM 06 BR 404
CEDRO;13;501;SANTO ANTÔNIO;ESCOLA DE ENS FUND ANTONIO LAURENIO DE OLIVEIRA;DT SANTO ANTONIO
JUAZEIRO DO NORTE;119;234;SAO JOSE;ESCOLA MARIA DE LOURDES JEREISSATI;RUA CECILIA SILVA DE SOUSA
ARACOIABA;67;157;JAGUARAO-DISTRITO;ESCOLA MUNICIPAL RAIMUNDO ALVES DE OLIVEIRA;JAGUARAO
FORTALEZA;3;406;ALDEOTA;EEMTI RENATO BRAGA;AV. RUI BARBOSA, 2000
FORTALEZA;115;199;PARANGABA;EEMTI MARIA THOMÁSIA;RUA POLONIA, 369
CASCAVEL;7;202;CAPONGA;E.E.F.M. RONALDO CAMINHA BARBOSA;ESTRADA DO PRATIUS, 1985
CRATEÚS;20;47;SÃO JOSÉ;ESCOLA DE CIDADANIA AMADEU CATUNDA;RUA ALMIRANTE TAMANDARE 1873
INDEPENDÊNCIA;39;181;COHAB;CAPS - CENTRO DE ATENÇÃO PSICOSSOCIAL;RUA BOA VISTA SN COHAB
BEBERIBE;84;175;SEDE;ESCOLA MUNICIPAL JOSE ROLDAO DE OLIVEIRA;CAETANOS
SOBRAL;121;14;SINHÁ SABÓIA;ESCOLA CARLOS JEREISSATI;AV SENADOR FERNANDES TAVORA, 950
CAUCAIA;123;408;MARECHAL RONDON (JUREMA);CIDI- CENTRO INTEGRADO DE DESENVOLVIMENTO INFANTIL;AV. NOVA ALVORADA, 490
FORTALEZA;95;302;CONJUNTO PALMEIRAS;EMEIEF PROFESSORA BERNADETE ORIÁ DE OLIVEIRA;RUA DR. CODES SANDOVAL 796
CASCAVEL;7;153;RIO NOVO;E.E.E. PROFISSIONAL EDSON QUEIROZ - LICEU;RUA LUCIANO RODRIGUES S/N
ITAPIPOCA;17;459;URBANO TEIXEIRA;EEB ADAUTO BEZERRA;RUA JOAQUIM RODRIGUES TEIXEIRA
GRANJEIRO;62;165;SÍTIO CANABRAVA DOS FERREIRAS;EEF AUGUSTO FERREIRA DA SILVA;SITIO CANABRAVA DOS FERREIRAS
HORIZONTE;78;74;CENTRO;EMEF PROFESSORA RAIMUNDA DUARTE TEIXEIRA ;AV EUDES XIMENES, 83 - CENTRO 
IGUATU;13;1;CENTRO;ESCOLA DE ENS FUND PACIFICO GUEDES (ANTIGO CARLOS DE GOUVEIA);RUA DR. JOAO PESSOA 887
JUAZEIRO DO NORTE;119;241;LAGOA SECA;ESCOLA DOUTOR MOZART CARDOSO DE ALENCAR;ARNOBIO BACELAR CANECA
ARNEIROZ;101;52;CENTRO - SEDE;GRUPO MUNICIPAL MARIA ANGELIM PETROLA;RUA CEL VIRGILIO TAVORA 48
ARACOIABA;67;14;IDEAL-DISTRITO;ESCOLA DE IDEAL - ENSINO FUNDAMENTAL E MEDIO;RUA DO COMERCIO SN
PACUJÁ;79;202;MILHÃS;E.E.F. VICENTE ALVES DE SOUSA FILHO;SÍTIO MILHÃS
CAUCAIA;120;409;CONJUNTO METROPOLITANO;E.E.I.E.F. ANTÔNIO MIRANDA DE MELO;RUA PEDRO ALVES DE MENEZES, 1095 - CONJUNTO METROPOLITANO
ITAITINGA;78;267;PARQUE SANTO ANTONIO;EEF LÍDIA ALVES CAVALCANTE;RUA CARLOS DA COSTA CARMO, 757
CAUCAIA;123;316;PARQUE POTIRA (JUREMA);E.E.I.E.F. ANTÔNIO ALBUQUERQUE SOUSA FILHO;RUA HERIBALDO RODRIGUES (ANTIGA RUA POTIGUARA), 488
ARACOIABA;67;167;AGROVILA;ESCOLA LUIZ PINTO DE ARAÚJO (AGROVILA);LAGOA DE SÃO JOÃO - AGROVILA
SOBRAL;24;542;JORDÃO;ANEXO CHICÓ FELICIANO (SANTO ANTONIO);LOCALIDADE DE SANTO ANTONIO - JORDÃO
CAMPOS SALES;38;74;B. APARECIDA;E.E.F.T.I. - PADRE AZARIAS SOBREIRA - SEDE;RUA JOSÉ PINTO DA SILVA, S/N
MARACANAÚ;122;220;ALTO ALEGRE II;EMEIEF SANTA EDWIRGES;RUA PAULO AFONSO 1840
SOBRAL;24;692;JUNCO;SESI;AV. DR. JOSÉ ARIMATÉIA M SILVA, 1701
FORTALEZA;118;12;PARQUE DOIS IRMÃOS;EM SANTA TEREZINHA;RUA AFONSO LOPES, 1095
FORTALEZA;114;342;JARDIM IRACEMA;EM MARIA DALVA SEVERINO MARREIRO;RUA RIO PARAGUAI 782
IPAUMIRIM;92;136;CENTRO-SEDE;CENTRO DE EDUCAÇÃO INFANTIL TIA ZÊ;VILA ALTO BANDEIRANTE
SÃO GONÇALO DO AMARANTE;36;154;LAGOAS NOVAS-POVOADO;ESCOLA DE ENSINO FUNDAMENTAL MANOEL FURTADO JUNIOR;LAGOAS NOVAS
FORTALEZA;118;288;PASSARÉ;EM RAIMUNDO DE MOURA MATOS;AVENIDA DOIS DE MAIO, 1300
PARACURU;109;57;CUMBI;E.M.E.I.F. MARIA BASILIO BARBOSA;CUMBI, S/N
GRANJA;25;27;SAMBAIBA;E.E.F. INACIO FRANCISCO (ANEXO);SAMBAIBA (ENTRADA DA SAMBAIBA)
JAGUARUANA;75;112;ALTO DA CAATINGUINHA;EEEP FRANCISCA ROCHA SILVA;RUA JOAO CELEDONIO SOBRINHO
CAUCAIA;123;524;PARQUE GUADALAJARA (JUREMA);CEI - CENTRO EDUCAÇÃO INFANTIL AFONSO BARBOSA;RUA SACY, 519
JUAZEIRO DO NORTE;119;122;ROMEIRAO;ESCOLA SESI/SENAI PADRE AZARIAS SOBREIRA;RUA JOSÉ MARROCOS, 2265
FORTALEZA;85;339;GENIBAÚ;ESCOLA MUNICIPAL DEP JOAO FREDERICO FERREIRA GOMES;RUA JOSE MENDONCA 1160
CAUCAIA;37;223;MESTRE ANTONIO;E.E.I.E.F. MENINO JESUS;RUA FRANCISCO EDSON DA SILVA, 163
ARACATI;8;34;CENTRO;E.E.F. DARCI RIBEIRO;RUA TEÓFILO PINTO, S/N.
FORTALEZA;3;9;CENTRO;COLÉGIO TIRADENTES VESTIBULARES;RUA PEDRO I, 1106
FORTALEZA;117;270;BOM JARDIM;ESCOLA MUNICIPAL HERBERT DE SOUSA;RUA URUCUTUBA 1599
FORTALEZA;117;446;SIQUEIRA;ESCOLA MUNICIPAL PROF JOSE CÍRIO PEREIRA FILHO;RUA QUARTZO ROSA, 100
ITAITINGA;78;363;PONTA DA SERRA;EEEP PROFESSOR FRANCISCO ARISTOTELES DE SOUSA;RUA BOA ESPERANÇA, S/N
FORTALEZA;83;542;DEMOCRITO ROCHA;ESCOLA MUNICIPAL JOSÉ BONIFÁCIO DE SOUSA;RUA PERNAMBUCO 600
FORTALEZA;1;820;VICENTE PINZON;ESCOLA PROFISSIONAL MARIA ANGELA DA SILVEIRA BORGES;RUA PINTOR ANTONIO BANDEIRA, S/N
URUOCA;25;149;CAMPANARIO;C.E.I. ANTONIA ALMEIDA BATISTA;RUA ANTONIA ALMEIDA BATISTA, N.107, CAMPANARIO
CEDRO;13;560;CANDEIAS;ESCOLA DE ENS FUND FRANCISCO CHAGAS DE LIMA;SITIO FAZENDA NOVA
VIÇOSA DO CEARÁ;35;119;LAMBEDOURO;E.E.I.F FRANCISCO BRUNO DE ARAGAO;SITIO BOQUEIRAO DOS BITONHOS SN
VARJOTA;65;183;ACAMPAMENTO DNOCS;E.E.F. WALDIR LEOPÉRCIO;RUA TEREZINHA MORORÓ PASSOS, 384
FORTALEZA;118;641;BOA VISTA-CASTELÃO;COLÉGIO SÃO LUCAS;RUA JOSÉ DA FRANCA CABRAL, 748
JAGUARIBARA;72;53;CENTRO;E.E.M LICEU JOSE FURTADO DE MACEDO;AV. MARLINDA ELÓI, 389
FORTALEZA;85;110;CONJUNTO CEARÁ I;CEJA ADELINO DE ALCANTARA FILHO - UV-6;RUA SEISCENTOS E DOZE, 100, 1A ETAPA
NOVA RUSSAS;48;145;CACHOEIRA;ESCOLA MUNICIPAL DR. ALÍPIO GOMES;LOCALIDADE DE CACHOEIRA,
PALHANO;9;183;PEDRA BRANCA;UNIDADE BÁSICA DE SAÚDE DE PEDRA BRANCA MARIA SINHÁ DA SILVA;PEDRA BRANCA
FORTALEZA;1;807;VICENTE PINZON;ESCOLA ESTADUAL MURILO BORGES;RUA DO ENTARDECER 90
CRATO;27;192;VILA LOBO;EEIEF ANTÔNIO ANTUÉRPIO GONZAGA DE MELO;RUA ANTÔNIO ESMERALDO LEITE S/N
RUSSAS;9;58;CENTRO;COLEGIO ESTADUAL GOVERNADOR FLAVIO MARCILIO;AV DOM LINO 725
BELA CRUZ;96;66;CENTRO-SEDE;CENTRO PASTORAL MONS. ODÉCIO LOIOLA SAMPAIO;RUA HUMAITÁ, 204
CRATEÚS;20;317;CURRAL VELHO;ESCOLA DE CIDADANIA JOAQUIM FERREIRA BONFIM;CURRAL VELHO
CAUCAIA;120;58;TUCUNDUBA;E.E.I.E.F. JOSÉ NUNES DE MIRANDA;BR 020 - TUCUNDUBA, S/N
TIANGUÁ;81;98;RÉGIS DINIZ;E.E.I.F. MONSENHOR AGESILAU DE AGUIAR;AVENIDA ZEFERINO FERREIRA, S/N
CAPISTRANO;105;17;CENTRO;ESCOLA DE ENSINO FUNDAMENTAL DONA MARIETA CALLS;RUA JOSE DANIEL S/N
CASCAVEL;7;91;SEDE;PATRONATO JUVENAL DE CARVALHO;RUA PADRE VALDEVINO 2070 - CENTRO
PARAIPABA;109;115;CENTRO;EEM ENGENHEIRO AGEU ROMERO;RUA EVARISTO GOMES 143
CRATO;27;268;PONTA DA SERRA;CENTRO COMUNITÁRIO VILA PORFÍRIO;SÍTIO CATINGUEIRA
CAUCAIA;123;482;MARECHAL RONDON (JUREMA);CAPEMI - LAR FABIANO DE CRISTO;AV. DOM ALMEIDA LUSTOSA, 4395
INDEPENDÊNCIA;39;152;ARAÚJO;EEF DIOGO CAVALHEDO;FAZENDA ARAUJO
INDEPENDÊNCIA;39;9;CENTRO;E.E.F.M. PROFª MARIA JÚLIA FIALHO;RUA SANTOS DUMONT, 260
MORRINHOS;44;5;CENTRO;COLÉGIO MORRINHENSE CÔNEGO SARAIVA;RUA JOAQUIM CORIOLANO ROCHA
BATURITÉ;5;55;OLHO DAGUA-SITIO;INSTITUTO DE ARTE E CULTURA MONTE CRUZEIRO;SITIO OLHO DAGUA JESUITAS
CASCAVEL;7;239;CHORO PEDRA REDONDA;ESC.ENS.FUND. CHORO PEDRA REDONDA;LOCALIDADE DE CHORO PEDRA REDONDA
ITAPIPOCA;17;321;ÁREA RURAL DE ITAPIPOCA;CAPELA DE NOSSA SENHORA DA CONCEIÇÃO (ARRODEADOR);ARRODEADOR
CAUCAIA;120;383;GENIPABU;E.E.I.E.F. OSCAR DE AZEVEDO E SÁ;BR 222, KM 17
CRATO;27;207;CAMPO ALEGRE;EEIEF MARIA JOSEFA DE MENESES;SÍTIO SERRINHA S/N
FORTALEZA;83;156;JOÃO XXIII;CENTRO DE FORMAÇÃO E DESENV. PARA PROFISSIONAIS DA EDUCAÇÃO - FORMACE;RUA PORTO VELHO, 401
ICÓ;15;153;SÍTIO MARCOSA;CAPELA SANTO ANTONIO DE PADUA;ASSENTAMENTO CHICO MENDES
FORTALEZA;116;408;BONSUCESSO;EM JOAO PAULO I;RUA LUIZ DE CASTRO 254
BELA CRUZ;96;55;CENTRO-SEDE;EMETI JOAO DAMASCENO VASCONCELOS;RUA CAPITAO MIGUEL LOPES  814
PEREIRO;10;179;ESTREITO;ESCOLA DE ENSINO FUNDAMENTAL FRANCISCA NOGUEIRA DE SOUSA;RUA JOAO BATISTA DE CARVALHO, 121 VILA ESTREITO
LIMOEIRO DO NORTE;29;180;BOA FE;EEF MARIA IDALINA DE FREITAS;RUA ESTEVAM REMIGIO, 3029
JUAZEIRO DO NORTE;119;475;TIRADENTES;ESCOLA GOVERNADOR MANOEL DE CASTRO FILHO;RUA IVANIR FEITOSA SN
MARACANAÚ;122;62;ACARACUZINHO;EEF ANTONIO GONDIM DE LIMA;AV. LATERAL SUL S/N
BEBERIBE;84;72;SUCATINGA;ESCOLA MUNICIPAL RAIMUNDA CARNEIRO;RUA DAS DUNAS SN URUAU
TIANGUÁ;81;156;SEMINÁRIO;FACULDADE VIA SAPIENS;AVENIDA PREFEITO JACQUES NUNES, 1739
FORTALEZA;94;404;VILA VELHA;EMEIF HERONDINA LIMA CAVALCANTE;AV. AMBIENTALISTA ARY THIERS, 310
PARAMOTI;111;164;ZONA RURAL;ESCOLA MUNICIPAL JOSÉ VICENTE;LOCALIDADE SIRIEMA
CRATO;27;208;GISÉLIA PINHEIRO;INSTITUTO FED. DE EDUCAÇÃO, CIÊNCIA E TECNOLOGIA - IFCE - CAMPUS CRATO;CE-292, S/N - KM 15
SÃO GONÇALO DO AMARANTE;36;266;PASSAGEM;ESCOLA DE ENSINO FUNDAMENTAL ADELINO ALCANTARA FILHO;PASSAGEM
ITAPAJÉ;41;261;ESMERINO GOMES;EEEP ADRIANO NOBRE;RUA ODILON FERREIRA GOMES, 475.
CAUCAIA;37;436;PADRE ROMUALDO;E.E.F. AUGUSTO CESAR SILVA SALES;RUA 15 DE NOVEMBRO, 456
JUAZEIRO DO NORTE;119;247;AEROPORTO;ESCOLA CICERA GERMANO CORREIA;RUA SEBASTIAO REGIS SN
FORTALEZA;113;162;JARDIM AMÉRICA;EMEIF MOZART PINTO;RUA JORGE DUMMAR, 2078
UBAJARA;73;91;MONTE CASTELO;IFCE - INSTITUTO FEDERAL DE EDUCAÇÃO, CIÊNCIA E TECNOLOGIA DO CEARÁ;RUA LUIZ CUNHA, 178
POTENGI;68;74;CENTRO;GRUPÃO - EEF ANTONIO DE FIGUEIREDO TAVEIRA - SEDE;RUA ALMINO ALENCAR S/N
QUIXERAMOBIM;11;87;MONTEIRO DE MORAIS;ESCOLA HUMBERTO BEZERRA;RODOVIA DO ALGODAO, SN
FORTALEZA;112;534;ENGENHEIRO LUCIANO CAVALCANTE;EM PROF. LUIS COSTA;RUA JOSÉ GUILHERME DA COSTA, 156
CANINDÉ;33;222;BELA VISTA;EMEF PREFEITO JOSE IVAN MAGALHAES;CONJUNTO HABITACIONAL MILTON MONTEIRO
JUAZEIRO DO NORTE;28;296;SAO MIGUEL;EEF TABELIAO VICENTE PEREIRA DA SILVA;DOUTOR FLORO BARTOLOMEU 1203
FORTALEZA;83;244;PANAMERICANO;EEFM ANISIO TEIXEIRA;RUA RIO GRANDE DO SUL 680
BATURITÉ;5;64;CENTRO-SEDE;EMEF DOMINGOS SAVIO;AV DOM BOSCO, 393
SÃO GONÇALO DO AMARANTE;36;62;CROATA-DISTRITO;ESCOLA DE ENSINO FUNDAMENTAL PORFIRIO DE ARAUJO;RUA VALDO UCHOA - CROATA
PEDRA BRANCA;59;110;SEDE;ESCOLA DE ENSINO FUNDAMENTAL MANOEL EVANGELISTA MOREIRA;SITIO BOM SUCESSO
PARAIPABA;109;138;CAMBOAS;EMEF FRANCISCO BATISTA DE AZEVEDO;RUA SÃO SEBASTIÃO, S/N
FORTALEZA;115;45;ITAPERI;UNIVERSIDADE ESTADUAL DO CEARA - UECE;AV DR. SILAS MUNGUBA, 1700
FORTALEZA;94;44;ANTÔNIO BEZERRA;EEFM JOSE BEZERRA DE MENEZES (POLIVALENTE);RUA DR. JOÃO GUILHERME, 311
TIANGUÁ;81;296;SANTO ANTÔNIO;LICEU DE TIANGUÁ - JOSE NI MOREIRA;RUA ZENI, 12 - SANTO ANTONIO
FORTALEZA;83;174;JÓQUEI CLUBE;COLÉGIO LUCÊ;RUA CUIABA 155
CARIDADE;111;56;CAMPOS BELOS;EPG RODOLFO TEIXEIRA BARROS;RUA ANTONIO SABINO SN
QUIXERAMOBIM;11;143;ENCANTADO;ESCOLA ALOISIO BARROS LEAL;VILA DE ENCANTADO
FORTALEZA;85;368;ANTÔNIO BEZERRA;INSTITUTO DE ARTE E CIDADANIA DO CEARA -  IAC/CE (ANTIGO GETSEMANI);RUA TOMÁS RODRIGUES, 760
FORTALEZA;115;485;JARDIM CEARENSE;EM JOÃO ESTANISLAU FAÇANHA;RUA ONZE, S/N - CONJUNTO CAMPO DOS INGLESES
AMONTADA;89;114;LAGOA GRANDE;EEBTI FRANCISCO BRAS DOS SANTOS;LAGOA GRANDE
MARACANAÚ;122;82;INDUSTRIAL;EMEIEF CORONEL ADAUTO BEZERRA (ANTIGO WALMIKI);AV. CONTORNO SUL, S/N
FORTALEZA;93;94;PREFEITO JOSÉ WALTER;EM MINHA VIDA MEUS AMORES;AVENIDA D, 380 - II ETAPA
SÃO BENEDITO;22;26;CENTRO-SEDE;ESCOLA DE ENSINO FUNDAMENTAL DEP FRANCISCO JULIO FILIZOLA;RUA MINISTRO ANTONIO COELHO 827
QUIXERAMOBIM;11;75;BELEM;ESCOLA GUILHERME CORREIA;BELEM
FORQUILHA;121;229;JUAZEIRO;EEFI DR JOSE GRIJALBA MENDES CARNEIRO;POVOADO JUAZEIRO
JAGUARIBE;10;90;COHAB;EEEP POETA SINÓ PINHEIRO (LICEU);AV D, S/N
ARACATI;8;171;VARZINHA;E.E.F. ISABEL AMELIA DE LIMA;VARZINHA
PEDRA BRANCA;59;41;SEDE;ESCOLA DE 1 GRAU JOSE MINEIRO;SITIO ALIVIO
VÁRZEA ALEGRE;62;12;CENTRO;EEF FIGUEIREDO CORREIA;RUA FIGUEIREDO CORREIA, 258
FORTALEZA;112;562;CAMBEBA;COLÉGIO BATISTA - UNIDADE SEIS BOCAS;RUA DR. WALDEMAR DE ALCANTARA, 200
JUAZEIRO DO NORTE;28;137;SAO MIGUEL;EEM JOSE BEZERRA;SAO JORGE 440
OCARA;67;219;CURUPIRA-DISTRITO;ESCOLA MUNICIPAL ODILON DE SOUZA BRILHANTE - ENSINO FUNDAMENTAL;CURUPIRA
FORTALEZA;113;277;JARDIM AMÉRICA;EEFM ESTADO DO PARANÁ;RUA ALBERTO MAGNO, 123
CARIDADE;111;76;SAO DOMINGOS;CRECHE ANTÔNIA SOARES DE ALMEIDA;LOC. DE SÃO DOMINGOS (SEDE DO DISTRITO)
BARREIRA;52;135;LAGOA DO BARRO;ESCOLA RAIMUNDO SESSOSTE DE SOUSA;ANGICOS
QUIXERAMOBIM;11;185;URUQUE;ESCOLA JOSE MARINHO GOES;VILA DE URUQUE
MARACANAÚ;122;115;HORTO;EMEIEF CESAR CALS DE OLIVEIRA NETO;RUA PROF JOSÉ HENRIQUE DA SILVA, S/N
QUIXERAMOBIM;11;44;DUQUE DE CAXIAS;ESCOLA LUISA TAVORA;RUA PROF JOSE REMIGIO SN
MOMBAÇA;46;21;PAES DE ANDRADE;CRECHE MANOEL BATISTA ALVES;AV. ANTONIO JAIME BENEVIDES FILHO S/N
FORTIM;8;239;CENTRO;EEIFTI. PROFESSORA MARIA LUIZA;RUA JOAQUIM CRISÓSTOMO, 739.
JUAZEIRO DO NORTE;28;333;SAO MIGUEL;CENTRO CEARENSE DE IDIOMAS - CCI;RUA QUINZE DE NOVEMBRO S.N.
APUIARÉS;50;151;ZONA RURAL;PONTO DE APOIO DA SAÚDE;BARRA NOVA
MARANGUAPE;4;623;NOVO MARANGUAPE I (ÁREA VERDE) - MARANGUAPE;EMEF DIREITOS HUMANOS;RUA MONSENHOR ASSIS PORTELA, S/N
SOBRAL;24;83;PARQUE SILVANA;EEFI ANTONIO MENDES CARNEIRO;AVENIDA DR. JOSE EUCLIDES FERREIRA GOMES JUNIOR, S/N
FORTALEZA;3;626;ALDEOTA;COLÉGIO BATISTA - SANTOS DUMONT;RUA DESEMBARGADOR LEITE ALBUQUERQUE, 1056
CRATEÚS;20;332;MONTENEBO;ESCOLA DE CIDADANIA FRANCISCO DE ALCANTARA BARROS;MONTENEBO
CHAVAL;108;16;CENTRO;EEMTI MONSENHOR JOSÉ CARNEIRO DA CUNHA;RUA EDUARDO MOTA, N 201
IPU;21;131;DISTRITO;E.M.E.F. VENCESLAU FERREIRA CHAVES;BAIXA LARGA
URUBURETAMA;23;220;ITAMARATY;EEFM MATILDE RODRIGUES VASCONCELOS;RUA JOSE LOPES CABRAL S/N
MORADA NOVA;47;230;VARZANTES;EEB FRANCISCO ANDRADE TEÓFILO GIRÃO;AV PRESIDENTE GEISEL, 4000
PARACURU;109;200;LAGOA;E. M. E. I. F. POMPILIO CIRIACO DE SOUSA;RUA SANTANA, S/N
SANTA QUITÉRIA;54;192;COHAB;ESCOLA MARIA ALMERINDA JUCÁ MAGALHÃES;CONJUNTO HABITACIONAL ANGÉLICA CATUNDA
SANTA QUITÉRIA;54;236;PRIMAVERA;E. E. F. LUIZ DERMEVAL DE ANDRADE;BAIRRO PRIMAVERA BOTA FOGO
CHAVAL;108;14;CENTRO;EEMTI MONSENHOR JOSÉ CARNEIRO DA CUNHA;RUA EDUARDO MOTA, N 201
CAUCAIA;37;508;TABUBA;E.E.F. RAIMUNDA NONATA FORTE SALES;RUA NOSSA SENHORA DO PERPETUO SOCORRO, S/N
CRATEÚS;20;22;CIDADE NOVA;CENTRO DE EDUCACAO DE JOVENS E ADULTOS PROFESSOR LUIZ BEZERRA;RUA DR LUIZ CHAVES E MELO
FORTALEZA;2;451;MESSEJANA;EEM DEPUTADO PAULO BENEVIDES;RUA ANGELICA GURGEL, 186
AMONTADA;89;202;SABIAGUABA;EEBTI MARIA BARBOSA DE HOLANDA;EMBIRIBA
CARIRÉ;65;8;N.S. DE FÁTIMA;EEFTI PROFESSOR LUIS DE SENA DIAS;RUA CEFISA AGUIAR
SOBRAL;121;287;BONFIM;ESCOLA ELDA CAVALCANTE LIMA - BONFIM (TEMPO INTEGRAL);RODOVIA MOACIR LIMA FEIJAO
URUBURETAMA;23;165;NOVO ANGELIM;CRECHE HILDA SERPA CHAVES;AV. PRINCESA ISABEL, S/N
MISSÃO VELHA;16;41;CENTRO;URCA (ANTIGO GINASIO PAROQUIAL);RUA CORONEL JOSE DANTAS, SN
JUAZEIRO DO NORTE;28;304;AREA RURAL DE JUAZEIRO DO NORTE;EMEIF MARIA DO SOCORRO CARDOSO;DIST. PADRE CÍCERO. PALMEIRINHA
PARACURU;109;202;SANTA MARTA;E. M. E. I. F.  PEDRO ANTONINO GOMES;AV. GERALDO CIRIACO
MORADA NOVA;47;144;LAGOA GRANDE;EEB JOSE IRIS RABELO;LAGOA GRANDE
JAGUARIBE;10;24;DISTRITO DE FEITICEIRO;E.E.I.F. MARIA ENEIDA PEIXOTO SOARES;RUA FRANCISCO GUIMARAES PEIXOTO 714
MARCO;96;100;CENTRO-SEDE;EEF MARIA JULIA NEVES;RUA RIOS, N 560
BREJO SANTO;70;25;CENTRO-SEDE;E E F M JOSÉ MATIAS SAMPAIO;RUA MANOEL INACIO BEZERRA 49
CHOROZINHO;49;141;CAMPESTRE;EEF MARIA JOANA DE CARVALHO;LOCALIDADE CAMPESTRE II
JUAZEIRO DO NORTE;28;218;FRANCISCANOS;COLÉGIO SÃO FRANCISCO DE ASSIS;NOSSA SENHORA DO CARMO SN
BARBALHA;31;89;CENTRO;COLÉGIO SANTO ANTONIO;AV LYRIO CALLOU, 55
JUAZEIRO DO NORTE;28;109;SANTO ANTONIO;EEF PELUSIO CORREIA DE MACEDO;RUA MARIETA FRANCA DE MENEZES 360
FORTALEZA;82;458;SÃO GERARDO;CEJA PAULO FREIRE;RUA OLAVO BILAC, 1300
MASSAPÊ;45;87;ZONA RURAL;EM CORIOLANO GOMES FROTA;DISTRITO DE CACIMBINHA
QUIXERAMOBIM;11;274;DISTRITO INDUSTRIAL;ESCOLA MANOEL MARTINS DE ALMEIDA;AV GERALDO BIZARRIA DE CARVALHO SN
JUAZEIRO DO NORTE;28;183;SALGADINHO;EEF 03 DE JUNHO;RUA PEDRO FURTADO MENEZES
MARACANAÚ;122;295;INDUSTRIAL;EMEF VINICIUS DE MORAIS;RUA N NO. 425 (ESPLANADA DO MONDUBIM)
JAGUARUANA;75;124;LAGOA VERMELHA;E.E.F. JOSE SIMOES FILHO;LAGOA VERMELHA
CANINDÉ;33;53;ZONA RURAL;EMEF DR ELPIDIO;DISTRITO DE BONITO
FORTALEZA;116;458;JOÃO XXIII;COLEGIO LIMA NOGUEIRA;RUA JULIO BRAGA, 1117
ITAPAJÉ;41;217;SOLEDADE;ESCOLA CAPITAO PRUDENCIO PEREIRA PASSOS;SOLEDADE
VARJOTA;65;161;TRANSVAL;E.E.I.F. MELQUÍADES MUNIZ FARRAPO;TRANSVAL - ZONA RURAL
FORTALEZA;85;223;CONJUNTO CEARÁ I;EEFM MARIA ANTONIETA NUNES - UV 9;RUA 916 SN 4 ETAPA
PARAMOTI;111;177;LAGES;ESCOLA MUNICIPAL FILHINHA ROCHA LIMA - CRECHE AMOR DE CRIANÇA;LOCALIDADE LAGES
CEDRO;13;478;VÁRZEA DA CONCEIÇÃO;ANEXO FRANCISCO SILVEIRA DE AGUIAR;RUA JOAO BATISTA MORENO SN
FORTALEZA;82;209;MONTE CASTELO;COLÉGIO MATER AMABILIS;RUA PADRE ANCHIETA, 438
FORTALEZA;94;869;PADRE ANDRADE;EEFM HERMINIO BARROSO;RUA PADRE GUILHERME 800
MARANGUAPE;4;38;TANQUES;EMEIEF JOSÉ SAMPAIO UCHÔA;MELAO
ARACATI;8;6;CENTRO;INSTITUTO SAO JOSE;RUA CEL ALEXANDRINO 563
BARBALHA;31;5;VILA DO CALDAS;EMEIF BOM JESUS (VILA DO CALDAS);RUA DANIEL CORDEIRO NEVES, S/N - PRAÇA PE.CARLOS
FORTALEZA;113;345;PARQUELÂNDIA;ESCOLA ESTADUAL DE EDUCAÇÃO PROFISSIONAL JOAQUIM NOGUEIRA;RUA MOREIRA DE SOUSA, 327
GUARACIABA DO NORTE;74;137;DISTRITO;E.E.I.F DE BURITI APUA;SITIO ESTIVA
RERIUTABA;79;90;LAGOA GRANDE;E.E.I.F. SEVERIANO RODRIGUES DA ROCHA;LAGOA GRANDE - ZONA RURAL
QUIXADÁ;6;376;CAMPO NOVO;EEM ABRAÃO BAQUIT;RUA REGINALDO LOPES, S/N
MOMBAÇA;46;128;ASSENTAMENTO SALÃO;EEM PAULO FREIRE;ASSENTAMENTO FAZENDA SALÃO
MOMBAÇA;46;136;CENTRO;E. E. F. M. ANANIAS DO AMARAL VIEIRA;RUA CORONEL JOSÉ ADERALDO SN
CEDRO;13;568;PLANALTO DOS CADEIRA(CEDRO 1);CENTRO DE EDUCAÇÃO INFANTIL MARIA MARILENE ALVES DINIZ;PLANALTO DOS CADEIRAS
FORTALEZA;95;201;PEDRAS;EM TRISTÃO DE ALENCAR;RUA JOSE NOGUEIRA, 69
JAGUARIBE;10;3;DISTRITO DE FEITICEIRO;E.E.I.F. MARIA ENEIDA PEIXOTO SOARES;RUA FRANCISCO GUIMARAES PEIXOTO 714
PACOTI;5;208;GRANJA-SITIO;CENTRO DE ARTICULAÇÃO DA APA DA SERRA DE BATURITÉ (GRANJA);GRANJA
FORTALEZA;117;484;PARQUE PRESIDENTE VARGAS;EMTI PROFESSORA MARIA JOSÉ FERREIRA GOMES;RUA CÔNEGO DE CASTRO, 8617
FORTALEZA;115;414;PARANGABA;COLEGIO GURI  SENIOR;RUA CONEGO DE CASTRO 1780
SANTA QUITÉRIA;54;229;ASSENTAMENTO JUÁ;ESCOLA DONA IOLANDA QUEIROZ;ASSENTAMENTO JUÁ
FORTALEZA;83;779;JOÃO XXIII;CENTRO DE FORMAÇÃO E DESENV. PARA PROFISSIONAIS DA EDUCAÇÃO - FORMACE;RUA PORTO VELHO, 401
FORTALEZA;112;549;EDSON QUEIROZ;COLÉGIO NOVA DIMENSÃO;AV. EDILSON BRASIL SOARES, 1599
RUSSAS;9;266;TIMBAUBA NOSSA SENHORA DAS DORES;ESCOLA MUNICIPAL ZINA MOREIRA;TIMBAUBA NOSSA SENHORA DAS DORES
ITAPAJÉ;41;87;PADRE LIMA;E.E.M. MONSENHOR CATAO PORFIRIO SAMPAIO;RUA TEIXEIRA PINTO 136
FORTALEZA;82;214;MONTE CASTELO;COLÉGIO MATER AMABILIS;RUA PADRE ANCHIETA, 438
FORTALEZA;85;324;CONJUNTO CEARÁ I;EEFM DR UBIRAJARA INDIO DO CEARA - UV-7A;RUA SETECENTOS E CINQUENTA E UM, 192, 3A ETAPA
ACARAÚ;30;186;ZONA RURAL;ESCOLA JOAO JAIME FERREIRA GOMES FILHO;CURRAL VELHO DE BAIXO
BOA VIAGEM;63;90;PITOMBEIRA-SEDE;EEF JOSE ALVES TERCEIRO;CAJAZEIRAS
BATURITÉ;5;118;PUTIU-SEDE;EMTI CORONEL ESTEVÃO ALVES DA ROCHA;RUA DUQUE DE CAXIAS, 132
CHOROZINHO;49;137;CENTRO;CENTRO DE EDUCAÇÃO INFANTIL ERCILIA BEZERRA;RUA FRANCISCO DAS CHAGAS BRASIL 23
ARARENDÁ;48;157;CABELO DO NEGRO;E. E. F. JOSÉ ALVES DE SENA;LOCALIDADE DE CABELO DO NEGRO
FORTALEZA;83;432;HENRIQUE JORGE;EEM  MARIANO MARTINS;AVENIDA SENADOR FERNANDES TÁVORA 1445
MORADA NOVA;47;232;SAO JOSE;EEB PROFESSORA HILDA PONCIANO DE OLIVEIRA LIMA(ESCOLA MODELO);RUA RAIMUNDO CARNEIRO GIRÃO, 872
JAGUARUANA;75;90;SANTA LUZIA;C.E.I. RAIMUNDO PEREIRA BEZERRA (SANTA LUZIA);SANTA LUZIA
JUAZEIRO DO NORTE;119;143;PIRAJA;ESCOLA IZABEL DA LUZ;AV. AILTON GOMES S/N
JUAZEIRO DO NORTE;119;459;FREI DAMIAO;EEFTI PROFESSORA CICERA MARIA DOS SANTOS;RUA DR OSVALDO JUCA NETO, S/N
FORTALEZA;118;420;PASSARÉ;EM PROFESSORA MARIA JOSÉ MACÁRIO COELHO;AVENIDA PASSARÉ, 530
MARANGUAPE;4;148;PARQUE IRACEMA - MARANGUAPE;EMEF FRANCISCA GOMES FERNANDES VIEIRA;AVENIDA STENIO GOMES 872
BEBERIBE;84;160;CHORO;ESCOLA MUNICIPAL MARIO ALENCAR;RODOVIA CE 040 KM 58
FORTALEZA;83;719;HENRIQUE JORGE;EEMTI ANTONIETA SIQUEIRA;RUA GUARANI 04
PORTEIRAS;70;391;CENTRO-SEDE;E E E M ARISTARCO CARDOSO;RUA EXPEDITO ALVES SANTANA S/N
FORTALEZA;116;3;GRANJA LISBOA;CAIC - MARIA ALVES CARIOCA;RUA GUARAREMA 690
TAUÁ;19;140;DISTRITO - SEDE;ASSOC AÇÃO E CIDADANIA RIACHO FUNDO (ANT GE CARLOS ALBUQUERQUE LIMA);RIACHO FUNDO
FORTALEZA;94;862;VILA VELHA;EM ANTONIO CORREIA LIMA;RUA HERMES PARAYBA, 934
FORTALEZA;93;207;PLANALTO AYRTON SENNA;LICEU ESTADUAL DOMINGOS BRASILEIRO;RUA PLANALTINA, S/N
MORADA NOVA;47;233;JUAZEIRO;EEB JOSÉ EDUARDO FILHO;LAGOA DAS CARNAUBAS
MILAGRES;26;22;MISSIONÁRIAS;PATRONATO E ESCOLA NORMAL D. ZEFINHA GOMES;AV SANTANA 270
MARACANAÚ;104;97;JEREISSATI I;EEMTI PROFESSOR ANTÔNIO MARTINS FILHO;AVENIDA III, S/N
AQUIRAZ;66;68;SANTA MARIA;EMEF JOSE FERREIRA DA COSTA;RUA MANOEL FERREIRA DA COSTA, SN
RUSSAS;9;223;BOM SUCESSO;ESCOLA MUNICIPAL NOSSA SENHORA DE FATIMA;BOM SUCESSO
SABOEIRO;43;284;LAGOA DE DENTRO;E.E.F. MARIA MARTINS VIANA;SITIO LAGOA DE DENTRO
GUAIÚBA;57;151;ITACIMA;EEBM FRANCISCO PEREIRA DE ANDRADE;RUA LUIS PEREIRA DE ANDRADE, S/N
FORTALEZA;115;114;PARANGABA;EMTI CAROLINO SUCUPIRA;RUA MUNDICA PAULA, 670
BOA VIAGEM;63;53;IPIRANGA;EEF MANOEL GENUINO VIEIRA;IPIRANGA
BEBERIBE;84;38;PARIPUEIRA;ESCOLA MUNICIPAL PINHEIRO DE LIMA;JUAZEIRO
BOA VIAGEM;63;116;MONTE LIMPO;EEF JOAQUIM VIEIRA LIMA;SÃO PEDRO
AMONTADA;89;173;SABIAGUABA;EEBTI JOÃO RODRIGUES DE MELO;CAMPO GRANDE
AMONTADA;89;172;SABIAGUABA;EEBTI JOÃO RODRIGUES DE MELO;CAMPO GRANDE
ITAPIPOCA;17;440;VIOLETE;EEB JOSE LINS DE ALBUQUERQUE;RUA CRISTO REDENTOR
FORTALEZA;115;369;VILA PERI;EM CATULO DA PAIXAO CEARENSE;RUA LEAO DO NORTE 300
VIÇOSA DO CEARÁ;35;116;QUATIGUABA;UNIDADE ESCOLAR DE SANTO AMARO;SITIO SANTO AMARO
BARREIRA;52;195;CAJUEIRO;ESCOLA FRANCISCO RAMOS DE ALBUQUERQUE (PRÉDIO NOVO);CAJUEIRO
FORTALEZA;95;148;JANGURUSSU;EEMTI ALMIRANTE TAMANDARÉ;RUA DO PEREIRO, S/N, CJ ALMIRANTE TAMANDARÉ
IBICUITINGA;47;60;CENTRO;EEB ENEAS FERREIRA NOBRE;RUA CAPITAO MANOEL ANTONIO 2180
PACATUBA;57;307;CONJUNTO JEREISSATI II;EEIEF JOAO PAULO SAMPAIO DE MENEZES;RUA 74 SETOR G, 900
FORTALEZA;115;343;PARANGABA;EEEP JOAQUIM MOREIRA DE SOUSA;RUA CAIO PRADO 02
SABOEIRO;43;247;DISTRITO SÃO JOSÉ;E.E.F. ALDIZIO FERREIRA DOS SANTOS;DISTRITO SAO JOSE
IPAPORANGA;20;271;CENTRAL;ESCOLA DE EDUCAÇÃO INFANTIL PEQUENO PRÍNCIPE;RUA GABRIELRODRIGUES JÚNIOR, 101
SOLONÓPOLE;55;157;BOQUEIRAO;EEIEF SUELY NOGUEIRA PINHEIRO;BOQUEIRAO
SÃO BENEDITO;22;249;SEDE;ESCOLA DE ENSINO FUNDAMENTAL DOM COUTINHO;SITIO DO MEIO
MARACANAÚ;122;300;SIQUEIRA (siqueira 2);EEM PROFª. EUDES VERAS;AVENIDA SIQUEIRA CAMPOS, 601
FORTALEZA;3;28;JACARECANGA;SENAI - UNIDADE CENTRO;AV. PADRE IBIAPINA, 1280
CARIÚS;43;181;SAO BARTOLOMEU-DISTRITO;EEIF AMARO BATISTA DA CUNHA (ANTIGA MANOEL DUARTE DE OLIVEIRA PASSOS);VILA SAO BARTOLOMEU
ITAPIPOCA;17;728;JULHO;CEI CLÁUDIO JOSÉ RIBEIRO DA COSTA;RUA F, N 100 - JULHO I
FORTALEZA;114;97;JARDIM IRACEMA;EM RAIMUNDO DE SOUSA MANGUEIRA;RUA ALBERTO FERREIRA 624
ITAPIPOCA;17;601;BALEIA;EEB ANTONIO PINHEIRO DE FREITAS;BOM JESUS
FORTALEZA;3;28;JACARECANGA;SENAI - UNIDADE CENTRO;AV. PADRE IBIAPINA, 1280
MARACANAÚ;104;425;JEREISSATI I;EMEIEF DEPUTADO JOSÉ MARTINS RODRIGUES;RUA QUARENTA A, 287
FORTALEZA;1;860;CAIS DO PORTO;ESCOLA MUNICIPAL PROF. GODOFREDO DE CASTRO FILHO;AVENIDA JOSÉ SABÓIA  905
FORTALEZA;2;435;MESSEJANA;EEFM JOSE DE ALENCAR;RUA VENEZA, 84
FORTALEZA;2;568;MESSEJANA;EEFM JOSE DE ALENCAR;RUA VENEZA, 84
CASCAVEL;7;245;MOITA REDONDA;E.E.F. VEREADOR AUGUSTO DANTAS DE SOUSA;POVOADO MOITA REDONDA
FORTALEZA;118;376;PASSARÉ;COLÉGIO LIRA COUTINHO;RUA BELOS PORTOS, 453
BELA CRUZ;96;19;CENTRO-SEDE;EEMTI PROFESSORA MARIETA SANTOS;RUA SAO VICENTE, 699
PINDORETAMA;7;33;SEDE;EMEB PROFESSORA VERÔNICA PEREIRA DE ARAÚJO;RODOVIA CE-040, S/N, PINDORETAMA
UMARI;15;201;CENTRO - SEDE;CENTRO EDUCACIONAL DO PRIMEIRO GRAU PADRE MANOEL PEREIRA;RUA CORONEL ANTONIO MALHEIROS, S/N
MARANGUAPE;4;627;PARQUE IRACEMA - MARANGUAPE;COLÉGIO SÃO JOSÉ;RUA SÃO JOSÉ, S/N
ASSARÉ;18;113;AMARO;ESC DE ENS FUND MARIA CELIA FERREIRA;RUA GOMES DE ALMEIDA S/N
IPAUMIRIM;92;122;VILA FAZENDINHA;POSTO DE SAÚDE DA VILA FAZENDINHA;VILA FAZENDINHA
IPAPORANGA;20;286;SACRAMENTO;ESCOLA DE ENSINO FUNDAMENTAL MACARO JORGE SOARES;SACRAMENTO
ANTONINA DO NORTE;18;130;CENTRO;CRECHE RAIMUNDA ALVES DE SOUZA;RUA VIRGILIO TAVORA, 115
LIMOEIRO DO NORTE;29;23;ÁREA RURAL;EEF FRANCISCO DA SILVA LUZ;SITIO BONFIM
RERIUTABA;79;132;CARNAÚBA;E.E.I.F. ALEXANDRINA GOMES DE CARVALHO;CARNAÚBA - ZONA RURAL
PORANGA;40;128;ARRAIAL;ESCOLA REUNIDA SÃO SEBASTIÃO - ARRAIAL;ARRAIAL
ITAPIPOCA;17;727;BARRENTO;EEB FRANCISCO LÚCIO DO NASCIMENTO;TIMBAÚBA
QUIXERÉ;29;288;LAGOINHA;EEB MENINO JESUS DE PRAGA;RUA ZACARIAS FERREIRA DE SOUSA SN
PALMÁCIA;4;643;CENTRO;UBS SEDE;RUA ILDEFONSO CAMPOS, S/N
COREAÚ;64;15;Alto São José;COREAÚ - CENTRO EDUCACIONAL SÃO FCO. DE ASSIS;RUA FCO. NAPOLEÃO XIMENES, S/N - ALTO SÃO JOSÉ
BANABUIÚ;6;481;PEDRAS BRANCAS;EEF ERNESTO DE SOUSA NOBRE;JUREMA
IGUATU;13;197;VILA CIDAO;CAMPUS MULTI-INSTITUCIONAL HUMBERTO TEIXEIRA (URCA/UECE/CENTEC);AV DÁRIO RABELO SN
CEDRO;13;421;CENTRO;COLEGIO ESTADUAL CELSO ARAUJO;RUA ZE PAJE, 241
FORTALEZA;3;185;CENTRO;COLÉGIO 7 DE SETEMBRO (SEDE NGS);AV. DO IMPERADOR, 1330