PINDORETAMA;7;260;CENTRO-PINDORETAMA;EMEB FRANCISCA HOLANDA COSTA;RUA MARECHAL CASTELO BRANCO, 1074
ASSARÉ;18;143;CENTRO;CRAS - CENTRO REFERÊNCIA E ASSISTÊNCIA SOCIAL;RUA MAESTRO JOSINO ROBERTO
PACAJUS;49;135;FORMOSO;EEF JOSE GERALDO FILHO;FORMOSO
FORTALEZA;116;386;BONSUCESSO;EM FRANCISCA FERNANDES MAGALHAES (COLÉGIO CASTRO);RUA OLIVEIRA SOBRINHO, 1031
REDENÇÃO;52;17;DISTRITO DE FAÍSCA;ESCOLA FRANCISCO JANUÁRIO DA COSTA;OLHO D'ÁGUA DO CONSTANTINO
REDENÇÃO;52;100;CENTRO (SEDE);ESCOLA MARIA AUGUSTA RUSSO DOS SANTOS;RUA SANTOS DUMONT, S/N
ACOPIARA;60;153;TRUSSU;EEFM SOLON GUEDES CAVALCANTE;VILA DE TRUSSU
JUAZEIRO DO NORTE;119;254;PREFEITO CARLOS ALBERTO DA CRUZ;URCA - CAMPUS CRAJUBAR (TRIÂNGULO);AVENIDA LEÃO SAMPAIO, 107
CASCAVEL;7;276;RIO NOVO;E.E.B. DEPUTADO RAIMUNDO QUEIROZ;AV JOAO DAMASCENO FONTENELE, 3233
CAUCAIA;123;395;PARQUE ALBANO (JUREMA);E.E.I.E.F. DOM ANTÔNIO DE ALMEIDA LUSTOSA;RUA PERY, 951
CRATO;27;337;NOVO CRATO;EEMTI PREF. RAIMUNDO COELHO BEZERRA DE FARIAS;RUA FRANCISCO PIANCÓ LEITE S/N
ALTANEIRA;53;97;SÍTIO TABULEIRO;UNIDADE BÁSICA DE SAÚDE DO SÍTIO TABULEIRO;SÍTIO TABULEIRO, SN
CAUCAIA;123;569;PARQUE POTIRA (JUREMA);E.E.I.E.F. TIRADENTES;RUA VERA CRUZ, 1879
MARACANAÚ;122;216;ALTO ALEGRE I;EMEIEF CESAR CALS DE OLIVEIRA FILHO;RUA LITUANIA S/N
FORTALEZA;114;173;ÁLVARO WEYNE;COLÉGIO MANUEL DA SILVA (ÁLVARO WEYNE);RUA SÃO BERNARDO 181
ITAPIPOCA;17;733;BALEIA;ESCOLA DO CAMPO MARIA NAZARÉ DE SOUSA;JACARÉ
SOBRAL;24;124;SUMARÉ;EEM PROFESSORA CARMOSINA FERREIRA GOMES;RUA DAS FLORES, S/N
CASCAVEL;7;60;JACARECOARA;ESC.ENS.FUND. ANTONIA FERREIRA DA SILVA;RUA FRANCISCO CAPISTRANO SN - CENTRO
CRATO;27;291;PINTO MADEIRA;EEMTI ESTADO DA BAHIA;AVENIDA JOSÉ PINHEIRO ESMERALDO S/N
CASCAVEL;7;278;SITIO COAÇU;ESC.ENS.FUND. FRANCISCO LOPES DA SILVA - COAÇU;LOCALIDADE DE COAÇU
FORTALEZA;3;601;ALDEOTA;COLÉGIO SANTA CECÍLIA;AV. SENADOR VIRGÍLIO TÁVORA, 2000
SÃO LUÍS DO CURU;23;303;CENTRO-SEDE;E.E.F. DOMINGOS ANSELMO;PRACA ALONSO HERCULANO SN
SENADOR POMPEU;12;107;CENTRO;COORDENADORIA REGIONAL DE  DESENVOLVIMENTO DE EDUCAÇÃO - CREDE 14;RUA PROFESSOR CAVALCANTE, 669
IPU;21;82;SEDE;POSTO DA SUCAM - FNS;RUA DR CHAGAS PINTO 631 - CENTRO
CRATEÚS;20;73;ASSIS;ESCOLA DE CIDADANIA JOAO LUCIANO;ASSIS
MARACANAÚ;122;283;ALTO DA MANGUEIRA;EEF ALBANIZA ROCHA SARASATE;TRAVESSA ANTONIO JUSTA S/N
CRATO;27;151;PONTA DA SERRA;EEM JOAQUIM VALDEVINO DE BRITO;RUA MARIA RIBEIRO DE MATOS S/N
JUAZEIRO DO NORTE;119;38;LAGOA SECA;UNILEÃO - CAMPUS SAUDE (PRÓXIMO AABB);AVENIDA LEAO SAMPAIO, 400
SENADOR POMPEU;12;117;SAO JOAQUIM;EEIEF ANTONIO JACOB FILHO;SAO JOAQUIM DE BAIXO
BREJO SANTO;70;409;CENTRO-SEDE;UNIDADE BÁSICA DE SAÚDE CORAÇÃO DE JESUS;PRACA DIONISIO ROCHA DE LUCENA 207
RERIUTABA;79;2;PRAÇA DA ESTAÇÃO;CRAS - CENTRO DE REFERÊNCIA DE ASSISTÊNCIA SOCIAL;RUA CEL JOSÉ TEODORO, S/N - CENTRO
MARCO;96;207;BAIRRO COQUEIRINHO;CEI EDILARDO MOREIRA;RUA GOVERNADOR RAUL BARBOSA S/N
PENTECOSTE;50;134;CENTRO;CÂMARA MUNICIPAL DE PENTECOSTE;RUA DOUTOR MOREIRA DE AZEVEDO, S/N
FORTALEZA;115;65;PARANGABA;EM PROF. JOSE VALDIVINO DE CARVALHO;RUA GUARA, S/N
FORTALEZA;115;459;MANOEL SÁTIRO;EM HENRIQUETA GALENO;RUA MAJOR MONTENEGRO 917
FARIAS BRITO;62;244;CASAS POPULARES;CENTRO SOCIAL URBANO - CRAS;RUA MARIA CARMELITA LEITE, S/N
ITAIÇABA;75;104;CENTRO;E.E.F. DULCINEA GOMES DINIZ;VILA OLIMPICA, 336
FORTALEZA;1;948;CIDADE 2000;CRECHE PAULO CESAR FEITOSA;RUA SOLON CARVALHO,154
VIÇOSA DO CEARÁ;35;9;CENTRO;COLÉGIO TENENTE ANGELO DE SIQUEIRA PASSOS;RUA FRANCISCO CALDAS DA SILVEIRA 180
URUOCA;25;147;CENTRO;E.E.F. VALDEMAR ROCHA;RUA ANTONIO ARRUDA, 257
ITAPIPOCA;17;699;ENCRUZILHADA;EEB MARIA NICE TEIXEIRA BARROSO;RUA AUDÍRIO FONTOURA, S/N
ITAREMA;98;102;CENTRO;EMEF JOSE ANICETO SALES;RUA JOAO AMANCIO S/N
QUIXERÉ;29;267;LAGOINHA;EEB MARIA ANGELINA DA CONCEIÇÃO (CRECHE);VILA NOVA
CASCAVEL;7;261;SITIO BICA;CEI MARIA AFIFE SARQUIS QUEIROZ ;RUA SDO, 141 SITIO BICA
FORTALEZA;114;301;BARRA DO CEARÁ;EM AGOSTINHO MOREIRA E SILVA;RUA PERI, 20
FORTALEZA;3;263;CENTRO;EEMTI VISCONDE DO RIO BRANCO;AV. DOM MANUEL, 1803
ITAIÇABA;75;11;CAMURIM;E.E.F.  JEOVA COSTA LIMA;CAMURIM
MILAGRES;26;120;SITIO MORORO;POSTO DE SAUDE DO MORORO;SITIO MORORO
ORÓS;15;289;IGAROI - DISTRITO;E.E.F. OTILIO RUFINO DE LIMA;RUA NOSSA SRA DAS GRAÇAS, 200
ITAPIPOCA;17;502;BOA VISTA;EEB MARIA DALVA BARBOSA AZEVEDO;RUA EUBIA BARROSO
CRATO;27;206;PINTO MADEIRA;CENTRO DE ESPECIALIDADES DO CRATO;RUA JOSÉ MARROCOS 471
CRATEÚS;20;149;TUCUNS;ASSOCIAÇÃO COMUNITÁRIA RURAL DE TAPUIO E MARINHO;TAPUIO
SOBRAL;24;305;APRAZÍVEL;EEFI ANTONIO CUSTODIO AZEVEDO - APRAZIVEL;APRAZIVEL
FORTALEZA;2;119;GUAJERU;EEEP COMENDADOR MIGUEL GURGEL;RUA JOSE BAIMA, S/N
SENADOR POMPEU;12;47;CENTRO;EEMTI LICEU MARCIONÍLIO GOMES DE FREITAS;RUA JOSE CARLOS SAMPAIO 401
BELA CRUZ;96;64;AROEIRA-LOCALIDADE;EMEIEF SAO RAIMUNDO;AROEIRA
CAUCAIA;120;80;TUCUNDUBA;E.E.I.E.F. JOSÉ NUNES DE MIRANDA;BR 020 - TUCUNDUBA, S/N
CAUCAIA;120;308;PLANALTO CAUCAIA;E.E.F.M. VICENTE ARRUDA;RUA, 113 S/N - CIGANA
SOBRAL;24;174;JUNCO;EEFI PROF. GERARDO RODRIGUES ALBUQUERQUE;AVENIDA JOHN SANFORD, 1940
IGUATU;13;247;BARRO ALTO;ESCOLA DE ENS FUND SAO SEBASTIAO;BARRO ALTO
JAGUARIBE;10;44;DISTRITO DE NOVA FLORESTA;EEIF ULISSES PARANHOS MAIA;RUA FRANCISCO GOMES DE CASTRO, 399
SOBRAL;24;246;RAFAEL ARRUDA;EEM AGOSTINHO NERES PORTELA;RUA MARIA ARAÚJO DAMASCENO, S/N
GROAÍRAS;65;212;ZONA RURAL;UBS - JOSÉ CORNELIO XIMENES MATOS;CORREGO DOS MATOS
FORTALEZA;1;915;MANUEL DIAS BRANCO;COLÉGIO CÍVICO MILITAR BATALHA DO RIACHUELO;R. E, 100 - MANUEL DIAS BRANCO
BREJO SANTO;70;423;Lotemanento Conviver;EEIT JUAREZ LEITE SAMPAIO;AV. PREF. JUAREZ LEITE SAMPAIO, S/N.
FORTALEZA;114;241;BARRA DO CEARÁ;CENTRO DE EDUCAÇÃO COMPLEMENTAR (CEDCE) - ANTIGO SESI;AVENIDA FRANCISCO SÁ 6623
SÃO GONÇALO DO AMARANTE;36;69;PECEM-DISTRITO;ESCOLA DE ENSINO FUNDAMENTAL E MEDIO EDITE ALCANTARA MOTA;PECEM
HORIZONTE;78;179;CENTRO;CENTRO CULTURAL;RUA BATURITE, 776 ESQ C/RAIMUNDO ALVES DA SILVA
NOVA RUSSAS;48;48;IRAPUÁ;ESCOLA MUNICIPAL FRANCISCO INÁCIO DE CARVALHO;DISTRITO DE IRAPUÁ,
LIMOEIRO DO NORTE;29;204;LUIZ ALVES DE FREITAS;EEEP LÚCIA BALTAZAR COSTA;RUA GONÇALVES PEREIRA, S/N, ESTRADA DE FLORES
VIÇOSA DO CEARÁ;35;197;SITIO INHARIM;E.E.F JOSIAS VIEIRA DA SILVA;SITIO INHARIM
FORTALEZA;2;176;MESSEJANA;EEMTI PROFª FERNANDA MARIA GOMES DE AMORIM;AVENIDA FREI CIRILO 4454
FORTALEZA;1;681;MANUEL DIAS BRANCO;COLÉGIO CÍVICO MILITAR BATALHA DO RIACHUELO;R. E, 100 - MANUEL DIAS BRANCO
GUARACIABA DO NORTE;74;32;DISTRITO;ESCOLA MUNICIPAL DE BANANEIRAS;BANANEIRAS
FORTALEZA;1;834;PRAIA DO FUTURO II;ESCOLA MUNICIPAL DOM ALOISIO LORSCHEIDER;RUA JULIO SILVA, 450
MARTINÓPOLE;25;182;BOA VISTA;E.E.I.F. DR. VICENTE ARRUDA;FAZENDA BOA VISTA, S/N
IGUATU;13;274;AREIAS I;ESCOLA DE ENS MÉDIO ADAUTO BEZERRA;RUA DEOCLECIO LIMA VERDE SN
FORTALEZA;118;563;MONDUBIM;COLÉGIO CONECTIVO;RUA GENERAL ONOFRE, 445
HIDROLÂNDIA;54;263;CAIXA D'ÁGUA;CRECHE PLÁCIDO MARTINS TORRES;RUA SEM DENOMINAÇÃO OFICIAL, SN.
FORTALEZA;2;703;LAGOA REDONDA;EM TEREZINHA FERREIRA PARENTE;RUA NELSON COELHO, 209
MUCAMBO;79;239;CENTRO;ESCOLA ELZE MENDES DE AGUIAR;AV AGRONOMO JOSE ALVES, S/N - SEDE
CRATO;27;243;GISÉLIA PINHEIRO;EEMTI JUVÊNCIO BARRETO;RUA JUVÊNCIO BARRETO S/N
EUSÉBIO;88;219;CENTRO;EEM ANA BEZERRA DE SA;AV AIRTON SENA, 130 - CENTRO
MARACANAÚ;122;284;JAÇANAÚ;EMEF JOAQUIM AGUIAR;RODOVIA 065 KM 09 9821
VIÇOSA DO CEARÁ;35;64;ZONA RURAL;E.E.F JOÃO PAULINO;DISTRITO DE PASSAGEM DA ONCA
NOVA RUSSAS;48;78;UNIVERSIDADE;COLÉGIO MUNICIPAL ONZE DE NOVEMBRO;AV. JOÃO GREGÓRIO TIMBÓ
CRATO;27;330;DOM QUINTINO;EEIEF JOÃO LEANDRO CORREIA;SÍTIO BOQUEIRÃO
MISSÃO VELHA;16;28;DISTRITO DE JAMACARU;EEFM PADRE AMORIM;RUA FELIX ITALIANO SN
MISSÃO VELHA;16;19;TRILHO DE FERRO;EEF MAJOR FELIPE;AVENIDA BRASILIA S/N.
CASCAVEL;7;77;CHORO VAQUEJADOR;E.E.F. FRANCISCO SILVA DE FREITAS (CHORO VAQUEJADOR);CE 040 CHORO VAQUEJADOR
MUCAMBO;79;224;CENTRO;E.E.I.F. RAFAEL CLAUDIO DE ARAUJO;RUA MONSENHOR MELO SN
FORTALEZA;3;596;ALDEOTA;COLÉGIO SANTA CECÍLIA;AV. SENADOR VIRGÍLIO TÁVORA, 2000
FORTALEZA;117;397;PARQUE SÃO JOSÉ;EEFM SAO JOSE;RUA COMENDADOR GARCIA, 2066
POTIRETAMA;86;53;ZONA RURAL;ESCOLA DE 1 GRAU ANTONIO ALVES GRANGEIRO;DISTRITO DE CANINDEZINHO
FORTALEZA;3;573;ALDEOTA;INSTITUTO CEARENSE DE EDUCAÇÃO DE SURDOS - ICES;AV. RUI BARBOSA, 1970
CEDRO;13;446;CENTRO;ESCOLA DE ENS FUND SAO JOAO BATISTA;RUA SENADOR JOAO TOME N 70
CASCAVEL;7;19;CENTRO;EMEB PROFESSORA THEREZINHA MESQUITA DE JESUS CIRÍACO (ANTIGA CNEC);RUA PREF. LUIS BENICIO SAMPAIO, 2506
CAUCAIA;123;532;NOVA METRÓPOLE (JUREMA);E.E.F.M. DOM ALOÍSIO LORSCHEIDER;AV. CONTORNO OESTE, S/N
CRATEÚS;20;224;IRAPUA;ASSOCIAÇÃO DO ASSENTAMENTO SÃO GONÇALO;ASSENTAMENTO SAO GONCALO
FORTALEZA;114;42;BARRA DO CEARÁ;EM CASIMIRO JOSÉ LIMA FILHO;AVENIDA FRANCISCO SÁ 6449
ARACATI;8;265;CENTRO;E.E.M.T.I. BARAO DE ARACATI;PRAÇA DOS PRAZERES, 82
MARANGUAPE;4;655;PARQUE SANTA FÉ - MARANGUAPE;CEM DEP. MANOEL RODRIGUES;RUA JUSCELINO KUBITSCHEK, S/N
ARARENDÁ;48;130;BOM PRINCÍPIO;E. E. F. FRANCISCO RODRIGUES VERAS;LOCALIDADE DE BOM PRINCÍPIO
SÃO LUÍS DO CURU;23;294;SWAT-SEDE;E.E.F. SABINO NUNES DA SILVA;RUA ROCHAEL MOREIRA, SN
OCARA;67;222;CURUPIRA-DISTRITO;ESCOLA MUNICIPAL DE OITENTA - ENSINO FUNDAMENTAL;OITENTA
JAGUARETAMA;72;85;SITIO SERROTE BRANCO;E.M.E.F JOSE TEIXEIRA NERES;SITIO SERROTE BRANCO
CRUZ;30;209;ZONA RURAL;ESCOLA JOAQUIM JOSE MONTEIRO;LAGOA DOS MONTEIROS
IBICUITINGA;47;257;POPULARES;INSTITUTO DE EDUCAÇÃO INFANTIL AREIA BRANCA;SITIO CAJUEIRO
FORTALEZA;2;794;MESSEJANA;FACULDADE ATENEU DO CEARÁ;AV. COLETOR ANTONIO GADELHA, 621
MISSÃO VELHA;16;32;SEDE;CENTRO ADMINISTRATIVO PEDRO ROCHA;RUA CORONEL JOSE DANTAS, 1038. CENTRO.
GRANJA;25;177;PESSOA ANTA;E.E.F. JOÃO FONTENELE DE ARAUJO;SITIO BAIXA DO CEDRO
FORTALEZA;113;447;ITAOCA;CRECHE MUNDO MÁGICO;RUA EUSÉBIO DE QUEIROS, 912
DEPUTADO IRAPUAN PINHEIRO;55;50;CENTRO;EEB FRANCISCA JOSUÉ DE SOUZA CARNEIRO;VILA SILVEIRA, 0
CRATEÚS;20;87;IRAPUA;POSTO DE SAUDE DE IRAPUA;IRAPUA
TIANGUÁ;81;334;VEREADOR JOÃO ALBUQUERQUE;E.E.I.F. TEREZA NUNES;RUA CONSTRUTOR RAIMUNDO BOTO, SN - RÉGIS DINIZ
SOLONÓPOLE;55;31;PASTA;GRUPO ESCOLAR ANTONIO BENIGNO BEZERRA;DISTRITO PASTA
DEPUTADO IRAPUAN PINHEIRO;55;96;CENTRO;CRECHE TALITA ANDRADE PINHEIRO;BAIRRO NOVO IRAPUAN
IPAUMIRIM;92;139;CENTRO-SEDE;CENTRO DE EDUCAÇÃO INFANTIL POETA ALBERTO ALEXANDRE VIANA DE MOURA;AVENIDA ARGEMIRO FELIZARDO VIEIRA
SÃO BENEDITO;22;218;CENTRO-SEDE;CENTRO DE SAUDE;RUA ARISTIDES BARRETO SN
ARACOIABA;67;47;IDEAL-DISTRITO;ESCOLA DE IDEAL - ENSINO FUNDAMENTAL E MEDIO;RUA DO COMERCIO SN
TRAIRI;97;90;MIRANDINHA DOS FELISBERTO;EEF RAIMUNDO FELISBERTO;MIRANDINHA DOS FELISBERTO
BREJO SANTO;70;211;CENTRO-SEDE;EEF PADRE PEDRO INACIO RIBEIRO;AV DIONIZIO ROCHA DE LUCENA 46
MIRAÍMA;89;298;ÁREA RURAL DE MIRAÍMA;EEB ABILIO ANTONIO ALVES;FAZENDA LUNDU
MULUNGU;5;255;LAMEIRAO-VILA;EMEF MARIA AMELIA PONTES;LAMEIRAO
JAGUARIBE;10;97;DISTRITO DE NOVA FLORESTA;EEIF ULISSES PARANHOS MAIA;RUA FRANCISCO GOMES DE CASTRO, 399
SANTANA DO ACARAÚ;44;97;LADEIRA VERMELHA;EEF JOSÉ PEREIRA DO NASCIMENTO;LADEIRA VERMELHA
FORTALEZA;113;123;CENTRO;EEFM FREI LAURO SCHWARTE;RUA ANTÔNIO POMPEU, 2005
CRATO;27;6;PIMENTA;URCA - UNIVERSIDADE REGIONAL DO CARIRI;RUA CORONEL ANTÔNIO LUIZ, 1161
CRATO;27;18;CENTRO;COLÉGIO SANTA TERESA DE JESUS;RUA DOM QUINTINO, 863
CANINDÉ;33;441;ZONA RURAL;EDEFM GAMELEIRA (COMUNIDADE INDÍGENA);COMUNIDADE INDÍGENA DE GAMELEIRA
POTENGI;68;66;CENTRO;ESCOLA MUNICIPAL LUIZA MENDES RODRIGUES - SEDE;RUA FRANCISCO RODRIGUES DA FONSECA , 492 - SÃO FRANCISCO
LAVRAS DA MANGABEIRA;14;75;ARROJADO - DISTRITO;ESCOLA DE 1 GRAU MANOEL GONCALVES;RUA JOSE CAETANO S/N
LAVRAS DA MANGABEIRA;14;87;VARAS - SITIO;ESCOLA DE 1 GRAU HORACIO TAVARES;SITIO VARAS S/N
CEDRO;13;499;SANTO ANTÔNIO;ESCOLA DE ENS FUND ANTONIO LAURENIO DE OLIVEIRA;DT SANTO ANTONIO
JAGUARUANA;75;94;TABULEIRO;E.E.F. MONSENHOR ALUISIO DE CASTRO FILGUEIRAS;RUA JOAO FRANCISCO RODRIGUES 1384
SÃO GONÇALO DO AMARANTE;36;317;LAGOA DO MATO-POVOADO;POSTO DE SAÚDE DA LAGOA DO MATO;POVOADO LAGOA DO MATO
BOA VIAGEM;63;51;IPIRANGA;EEF MANOEL GENUINO VIEIRA;IPIRANGA
SENADOR POMPEU;12;47;CENTRO;EEMTI LICEU MARCIONÍLIO GOMES DE FREITAS;RUA JOSE CARLOS SAMPAIO 401
LAVRAS DA MANGABEIRA;14;73;ARROJADO - DISTRITO;ESCOLA DE 1 GRAU MANOEL GONCALVES;RUA JOSE CAETANO S/N
ITAITINGA;78;397;BARROCÃO;EEF JARDIM DE FÁTIMA;RUA ELIATAR DIÓGENES, S/N
LIMOEIRO DO NORTE;29;189;CENTRO;SINDICATO DOS TRABALHADORES RURAIS DE LIMOEIRO;RUA CONEGO BESSA 2719
QUIXERÉ;29;225;LAGOINHA;EEIF AGOSTINHO FRANCISCO FERREIRA LIMA;BOM SUCESSO
SENADOR POMPEU;12;38;CENTRO;EEMTI LICEU MARCIONÍLIO GOMES DE FREITAS;RUA JOSE CARLOS SAMPAIO 401
FORTALEZA;93;312;PLANALTO AYRTON SENNA;EMEIEF TEREZA D ANA;RUA CEL. DE QUEIROZ, N. 750
MILHÃ;55;56;CENTRO;ESCOLA DE ENSINO FUNDAMENTAL CLEONICE B. PINHEIRO ROSA;RUA PEDRO JOSE DE OLIVEIRA 908
SENADOR POMPEU;12;179;SEDE;EEEP PROFESSOR JOSE AUGUSTO TORRES;PLANALTO INDUSTRIAL - BR 226
CRATO;27;296;GISÉLIA PINHEIRO;INSTITUTO FED. DE EDUCAÇÃO, CIÊNCIA E TECNOLOGIA - IFCE - CAMPUS CRATO;CE-292, S/N - KM 15
PIQUET CARNEIRO;12;128;CENTRO;EMEF REINO INFANTIL;RUA ZACARIAS PINHEIRO DA SILVA, S/N
TRAIRI;97;188;GUALDRAPAS DO BOM FIM;EEF SENHOR DO BOM FIM;GUALDRAPAS DO BOM FIM
CAMPOS SALES;38;48;DIST. DE QUIXARIÚ;E.E.F.T.I - MANOEL BEZERRA FORTALEZA - DIST. DE QUIXARIÚ;RUA LEONARDO DE ANDRADE S/N
CAMPOS SALES;38;17;B. CENTRO;INSTITUTO EDUCACIONAL PROFESSORA MARIA DULCE DE ALENCAR - (MDA) - SEDE;RUA JULIO NORÕES, 531
CARIRIAÇU;71;33;VILA VALÊNCIA;CRECHE FRANCISCA SALDANHA;RUA ANTONIO GOMES, SN
BATURITÉ;5;72;CENTRO-SEDE;EMEF DOMINGOS SAVIO;AV DOM BOSCO, 393
ITAITINGA;78;319;JABUTI;EEF FRANCISCO SALES FILHO;RUA MARIO SALES, 460
ITAPIPOCA;17;56;DESERTO;EEFMI HILDEBERTO BARROSO;AVENIDA VEREADORA LEIDA SOARES, 1205
BREJO SANTO;70;41;SAO FELIPE-DISTRITO;E. M. E. F. RAIMUNDO MOREIRA LUNA;SITIO SAO FELIPE
SABOEIRO;43;239;CENTRO;E.E.F. MANOEL GONCALVES DOS SANTOS (MUNICIPAL);RUA PRACA DA BANDEIRA, 109
IPAPORANGA;20;282;MULUNGU;ESCOLA DE ENSINO FUNDAMENTAL ROSA ALVES DE ALMEIDA;CAJAS DOS QUADRO
MAURITI;76;106;SÃO FÉLIX-DISTRITO;EEF SÃO JOSÉ;DISTRITO DE SÃO FÉLIX - SAÍDA PARA OLHO D'ÁGUA
POTENGI;68;106;SITIO CARCARA;ESCOLA MUNICIPAL MARIA VIRGEM DA SILVA - CARCARÁ;SITIO CARCARÁ
SENADOR POMPEU;12;68;SAO JOAQUIM;ASSOCIAÇÃO DOS PEQUENOS PRODUTORES RURAIS DE SÃO MATEUS;SÍTIO SAO MATEUS
ERERÉ;10;105;ZONA RURAL;E.E.F. SEBASTIAO PESSOA DE QUEIROZ;SITIO MILAGRES
ITAITINGA;78;417;ANCURI;EEF FRANCISCA DE MORAIS FERRER;RUA PARQUE DAS FLORES, 500
RERIUTABA;79;10;PRAÇA DA ESTAÇÃO;CRAS - CENTRO DE REFERÊNCIA DE ASSISTÊNCIA SOCIAL;RUA CEL JOSÉ TEODORO, S/N - CENTRO
MORAÚJO;64;131;GOIANA;GOIANA - ESCOLA MUN. JUVÊNCIO DA COSTA SAMPAIO;DISTRITO DE GOIANA
CAMOCIM;32;30;CENTRO;N.A.E.C.;PRACA JOSE SEVERIANO MOREL S/N
RERIUTABA;79;101;ANGICOS;E.E.I.F. CLODOALDO RODRIGUES DA CUNHA;FAZENDA ANGICOS - ZONA RURAL
IPUEIRAS;40;160;RIACHO DO SÍTIO;ESCOLA DE PRIMEIRO GRAU FRANCISCO MENDES - RIACHO DO SÍTIO;RIACHO DO SITIO
ABAIARA;26;135;SÍTIO OITIS (VILA CAFÉ DA LINHA);ESCOLA CORONEL ADAUTO BEZERRA;SÍTIO OITIS
CRATEÚS;20;3;CENTRO;CENTRO INTEGRADO DE EDUCAÇÃO DE CRATEÚS - CIEC;RUA FIRMINO ROSA, 837
IPAPORANGA;20;288;SACRAMENTO;ESCOLA DE ENSINO FUNDAMENTAL MACARO JORGE SOARES;SACRAMENTO
SÃO GONÇALO DO AMARANTE;36;321;PASSAGEM;ESCOLA DE ENSINO FUNDAMENTAL ADELINO ALCANTARA FILHO;PASSAGEM
FORTALEZA;95;373;JANGURUSSU;CEI PROFESSOR JOSÉ DE RIBAMAR MORAES;RUA CATOLÉ, S/N, CONJUNTO SÍTIO SÃO JOÃO
ORÓS;15;255;CENTRO;E.E.M. EPITÁCIO PESSOA;AV. JOSÉ GABRIEL BEZERRA, 274
PEREIRO;10;195;ZONA RURAL;POSTO DE SAÚDE DO SÍTIO BAIAO;SÍTIO BAIÃO
CEDRO;13;422;CENTRO;COLEGIO ESTADUAL CELSO ARAUJO;RUA ZE PAJE, 241
HIDROLÂNDIA;54;8;CENTRO;E.E.F.M. CENTRO EDUCACIONAL OLCINO PEREIRA DE SOUZA;RUA FELIZALVINA MOURÃO DA ROCHA, 420
BREJO SANTO;70;258;CENTRO-SEDE;CENAMBS - CENTRO DE ATENDIMENTO MULTIPROFISSIONAL DE BREJO SANTO;RUA JOSE MATIAS SAMPAIO 365
TRAIRI;97;187;QUEBRA BRACO;SALAO SAO LUIS;QUEBRA BRACO
LIMOEIRO DO NORTE;29;35;CENTRO;EEM LAURO REBOUCAS DE OLIVEIRA;RUA DOS EXPEDICIONARIOS 2921
MORAÚJO;64;113;VÁRZEA DA VOLTA;VÁRZEA DA VOLTA - ESCOLA M. ANTº BENÍCIO DE VASCONCELOS;DISTRITO VÁRZEA DA VOLTA
SANTANA DO ACARAÚ;44;68;DISTRITO MUTAMBEIRAS;GRUPO ESCOLAR MARIA CATARINA VASCONCELOS;RUA DO CRUZEIRO, MUTAMBEIRAS
PIQUET CARNEIRO;12;128;CENTRO;EMEF REINO INFANTIL;RUA ZACARIAS PINHEIRO DA SILVA, S/N
UMIRIM;23;286;CENTRO-SEDE;E.E.F. MOCINHA GOMES DE SOUSA;RUA MAJOR SALES, 84
VÁRZEA ALEGRE;62;88;CENTRO;EEF FIGUEIREDO CORREIA;RUA FIGUEIREDO CORREIA, 258
CRATEÚS;20;99;TUCUNS;ESCOLA DE CIDADANIA JOSE ARAUJO VERAS;QUEIMADAS
VARJOTA;65;203;JATOBÁ;E.E.F. FRANCISCA EZEQUIEL DE SOUSA;SÍTIO JATOBÁ - ZONA RURAL
QUITERIANÓPOLIS;99;114;ZONA RURAL;EEIF MANOEL RODRIGUES DO NASCIMENTO;SANTA MARIA
ITAPAJÉ;41;304;PEDRA D'AGUA;POSTO DE SAÚDE SILVERIO ARAÚJO;PV AÇÃO
ITAPAJÉ;41;128;CRUZEIRO-SEDE;CRAS CATÃO AZEVEDO CRUZ;RUA MANOEL BERNARDE 59
FORQUILHA;121;218;INGÁ;EEFI MURILO LIRA ARAUJO;POVOADO DE INGA
FORTALEZA;80;260;TAUAPE;SALÃO PAROQUIAL SÃO JOAO DO TAUAPE;RUA MONSENHOR SALAZAR, 279
MORAÚJO;64;61;VÁRZEA DA VOLTA;VÁRZEA DA VOLTA - ESCOLA M. ANTº BENÍCIO DE VASCONCELOS;DISTRITO VÁRZEA DA VOLTA
CEDRO;13;467;CENTRO;COLEGIO ESTADUAL CELSO ARAUJO;RUA ZE PAJE, 241
PARAMBU;19;421;RIACHÃO;ESCOLA SÃO MIGUEL;SALGADO
ARACOIABA;67;61;IDEAL-DISTRITO;ESCOLA MUNICIPAL PEDRO MENDES DA SILVA;TIGIPIO
DEPUTADO IRAPUAN PINHEIRO;55;161;BETANIA;INSTITUTO DE EDUCAÇÃO INFANTIL CAZUZA BEZERRA;DISTRITO DE BETANIA, S/N - CENTRO
FORTALEZA;3;29;JACARECANGA;SENAI - UNIDADE CENTRO;AV. PADRE IBIAPINA, 1280
CEDRO;13;462;SANTO ANTÔNIO;ESCOLA DE ENS FUND JOSE MARQUES;ST CACHOEIRA DOS MARQUES
IPU;21;11;DISTRITO;E.M.E.F. JOÃO SAMPAIO DE ARAUJO;VARZEA DO GILO
CEDRO;13;488;SANTO ANTÔNIO;ESCOLA DE ENS FUND ANTONIO LAURENIO DE OLIVEIRA;DT SANTO ANTONIO
CRATO;27;333;SANTA FÉ;EEIEF JOSÉ PEIXOTO DE LIMA;SÍTIO SANTO ANTÔNIO, SN
ARARIPE;68;98;SIPAUBA;CRECHE PROINFÂNCIA MARIA IBELENA BATISTA SOUTO DOS SANTOS - SEDE;AV. DES. FRANCISCO HUGO DE ALENCAR FURTADO
RUSSAS;9;269;CENTRO;ESCOLA DE ENSINO MÉDIO MANOEL MATOSO FILHO;AVENIDA MARIA RAMALHO, 336
MUCAMBO;79;215;CENTRO;CENTRO EDUCACIONAL DEP MANOEL RODRIGUES;AV AGRONOMO JOSE ALVES 90
FORTALEZA;2;669;MESSEJANA;EEFM JOSE DE ALENCAR;RUA VENEZA, 84
ANTONINA DO NORTE;18;161;SERRARIA I;CRAS CENTRO REFERÊNCIA E ASSISTÊNCIA SOCIAL;RUA ANANIAS DE MATOS ARRAIS, 250
EUSÉBIO;88;163;PEDRAS;CEI MARIA TAVARES DE SOUSA;NOVA ASSUNCAO, S/N - PEDRAS
PEDRA BRANCA;59;100;MINEIROLANDIA;ESCOLA DE ENSINO FUNDAMENTAL E MEDIO DE MINEIROLANDIA;AV OLAVO BILAC SN
PEREIRO;10;158;SITIO SAO PAULO;ESCOLA MUNICIPAL JOSE NILSON BEZERRA;SITIO SAO PAULO
MORADA NOVA;47;248;FELIPA;CRECHE COMUNITÁRIA SONHO INFANTIL;SÍTIO FELIPA DE CIMA
JUAZEIRO DO NORTE;28;177;SAO MIGUEL;EEF TABELIAO VICENTE PEREIRA DA SILVA;DOUTOR FLORO BARTOLOMEU 1203
GUARACIABA DO NORTE;74;113;DISTRITO;POSTO DE SAÚDE DE GARRANCHO VELHO;GARRANCHO VELHO
ARATUBA;105;78;CENTRO-SEDE;EEF PROFESSORA MARIA JULIA PEREIRA BATISTA;RUA TARGINO GOES S/N
TIANGUÁ;81;84;CARUATAÍ;CENTRO EDUCACIONAL CORAÇÃO DE MARIA;RUA MANOEL RODRIGUES CAVALCANTE, S/N - DISTRITO CARUATAÍ
FORTALEZA;117;182;CONJUNTO ESPERANÇA;EEFM IRAPUAN CAVALCANTE PINHEIRO;AV E 305
CAPISTRANO;105;40;ZONA RURAL;ESCOLA DE ENSINO FUNDAMENTAL JOSE SARAIVA SOBRINHO;PESQUEIRO
JAGUARIBE;10;1;CENTRO;COLEGIO CLOVIS BEVILAQUA;AV. OITO DE NOVEMBRO 443
LIMOEIRO DO NORTE;29;190;ILHA;EEF WILSON ESTACIO DE SOUSA;RUA WILSON ESTÁCIO DE SOUZA
PACATUBA;57;310;CONJUNTO JEREISSATI III;EEIEF NELLY DE LIMA E MELO;RUA 02, 250
GROAÍRAS;65;106;CENTRO;EEFM MONSENHOR LINHARES;RUA RAIMUNDO NONATO ALBUQUERQUE, 201
VIÇOSA DO CEARÁ;35;68;GENERAL TIBURCIO;E.E.F TRAPIÁ;SITIO TRAPIA
IGUATU;13;567;COHABS;ESCOLA DE ENS FUND PADRE JANUARIO CAMPOS (MUNICIPAL);ESTRADA DO BAU COHAB III
FORTALEZA;2;659;CAMBEBA;SECRETARIA DA EDUCACAO - CAMBEBA;AVENIDA MINISTRO JOSE AMERICO, SN
FORTALEZA;2;710;MESSEJANA;FACULDADE ATENEU DO CEARÁ;AV. COLETOR ANTONIO GADELHA, 621
MARACANAÚ;104;431;JEREISSATI I;EMEIEF SENADOR CARLOS JEREISSATI;AVENIDA 1, S/N
PIRES FERREIRA;21;70;DISTRITO;E.E.F. FRANCISCO FERREIRA SANTIAGO;OTAVILANDIA
CRATEÚS;20;218;SANTO ANTÔNIO;ESCOLA DE CIDADANIA VILA GRACA;ASSENTAMENTO DA VILA GRACA
MARANGUAPE;4;525;SÃO JOÃO DO AMANARI;EMEF JOSÉ PEREIRA DE SOUSA;RUA MIGUEL FERNANDES, 571
MORRINHOS;44;132;CENTRO;ANEXO ESCOLA CORONEL VIRGILIO TÁVORA ;RUA JOAQUIM COREOLANO, S/N
VÁRZEA ALEGRE;62;103;CANINDEZINHO;EEF MANOEL SALVADOR;SÍTIO CARNAÚBAS
PACOTI;5;202;CENTRO-SEDE;EMEF ENEAS HORTENCIO DA SILVEIRA;RUA JOAO HIPOLITO
MARCO;96;144;LOCALIDADE DE PEREIRAS;EEF JOAQUIM FERNANDES PONTES;LOCALIDADE DE PEREIRAS
FORTALEZA;117;184;CONJUNTO ESPERANÇA;EEFM IRAPUAN CAVALCANTE PINHEIRO;AV E 305
CAUCAIA;37;9;CENTRO;C.S.U. EDSON DA MOTA CORREA;RUA JOSE DE PONTES, 2671 - AÇUDE
EUSÉBIO;88;144;COAÇU;COLÉGIO 7 DE SETEMBRO;RUA DANILO ARRUDA, S/N
FORTALEZA;80;406;VILA UNIÃO;COLÉGIO ANTARES FÁTIMA (VILA UNIÃO);RUA ALBERTO MONTEZUMA, 235
ITATIRA;33;170;CENTRO;EEFM ANTONIO SABINO GUERRA;RUA DR CLODOALDO PINTO SN
RERIUTABA;79;17;AMANAIARA;E.E.F. DEPUTADO MANOEL RODRIGUES;DISTRITO DE AMANAIARA - CENTRO
BATURITÉ;5;16;CANDEIA BOA VISTA-POVOADO;EMEF MARIA DE LOURDES DA SILVEIRA;CANDEIA BOA VISTA, SN
BARRO;92;37;SEDE;EEFM WILSON DIAS CABRAL;SITIO RIACHAO
FORTALEZA;115;168;MONTESE;EEMTI JOAO MATTOS;RUA ALMIRANTE RUBIM, 1014
MASSAPÊ;45;122;ZONA RURAL;EEF SAO JOSE;POVOADO CAMPESTRE
PACOTI;5;176;CENTRO-SEDE;INSTITUTO MARIA IMACULADA;RUA IRMA FERRAZ 518
RUSSAS;9;80;CENTRO;ESCOLA DE ENSINO MÉDIO MANOEL MATOSO FILHO;AVENIDA MARIA RAMALHO, 336
FORTALEZA;118;644;PASSARÉ;EEMTI DEPUTADO PAULINO ROCHA;RUA PROFESSOR JOSE SILVEIRA, 528
JUAZEIRO DO NORTE;28;353;AREA RURAL DE JUAZEIRO DO NORTE;EMEIF NOSSA SENHORA DE FATIMA;SITIO UMARI
ICÓ;15;70;LIMA CAMPOS - DISTRITO;CRAS III - IRMÃ MARIA JOSÉ;RUA DA BR S/N
QUITERIANÓPOLIS;99;87;CENTRO;EEF ROBERTO ANTUNES DE FREITAS;AV LAURINDO GOMES  SN
MORADA NOVA;47;261;CENTRO;EEMTI EGIDIA CAVALCANTE CHAGAS;AV MANOEL CASTRO, 473
JUAZEIRO DO NORTE;28;452;HORTO;EMEFTI VEREADOR FRANCISCO BARBOSA DA SILVA;RUA BOM JESUS DO HORTO
CAUCAIA;123;312;PARQUE POTIRA (JUREMA);E.E.I.E.F. ANTÔNIO ALBUQUERQUE SOUSA FILHO;RUA HERIBALDO RODRIGUES (ANTIGA RUA POTIGUARA), 488
FORTALEZA;114;150;JARDIM IRACEMA;EEMTI PROFESSORA BALBINA JUCA ALBUQUERQUE;AVENIDA MAJOR ASSIS 346
CRATO;27;147;PONTA DA SERRA;EEIEF PROF. JOSÉ BIZERRA DE BRITTO;RUA BERNARDO VIEIRA S/N
HORIZONTE;78;109;DOURADO;EMEF MARINA FERREIRA DE ALMEIDA;RUA DONA SINHÁ, 159
AMONTADA;89;198;MOITAS;EECTI JOSE PAULO FILHO;PATOS BELA VISTA
FORTALEZA;2;386;MESSEJANA;CLUBE DA CAIXA;AVENIDA FREI CIRILO 4700
FORTALEZA;117;201;PARQUE PRESIDENTE VARGAS;COLÉGIO CASTRO ALVES;RUA TULIPA NEGRA, 2319
FORTALEZA;1;402;CAIS DO PORTO;ESCOLA MUNICIPAL PROF. GODOFREDO DE CASTRO FILHO;AVENIDA JOSÉ SABÓIA  905
FORTALEZA;117;257;SIQUEIRA;EM JOAQUIM ALVES;RUA COSTA DO SOL, 1061
FORTALEZA;1;863;MANUEL DIAS BRANCO;COLÉGIO CÍVICO MILITAR BATALHA DO RIACHUELO;R. E, 100 - MANUEL DIAS BRANCO
EUSÉBIO;88;178;CENTRO;ESCOLA EROTIDES MELO LIMA;RUA BLUMENAU, 158 - CENTRO
EUSÉBIO;88;94;ENCANTADA;EEF FRANCISCO TAVARES DE ABREU;RUA SANTO AMARO, 1000 - ENCANTADA
CAMOCIM;32;242;ZONA RURAL;EEF JOAQUIM ROCHA VERAS - MORORO;LOCALIDADE DE MORORO
ACOPIARA;60;133;CENTRO;CENTRO DE DESENVOLVIMENTO INFANTIL MIGUEL GALDINO DE OLIVEIRA - CDI;AV JOSE MARQUES, 113
UMIRIM;23;283;BANANA;E.E.M. MARIA IRACEMA UCHOA SALES (LICEU);RUA RUFINO DE SOUSA, S/N
TEJUÇUOCA;41;286;LOGRADOURO;EEF RAIMUNDO SILVA MOTA;LOGRADOURO
PEDRA BRANCA;59;11;CENTRO;ESCOLA DE ENSINO FUNDAMENTAL E MEDIO FRANCISCO VIEIRA CAVALCANTE;RUA JOAQUIM CAVALCANTE 55
MONSENHOR TABOSA;61;145;CENTRO;E.M.E.F.T.I LUIZ LEITAO;AVENIDA PESSOA PIRES  2
ACARAÚ;30;247;BAILARINA;ESCOLA PROF. JOELINA RIBEIRO RAMOS VIANA;RUA NEON SALES SN
MISSÃO VELHA;16;22;ZONA RURAL;EEF EDSON OLEGARIO SANTANA;SITIO SANTA TEREZA
MISSÃO VELHA;16;60;SEDE;EEF  EMILCE DANTAS ( ANTIGO DR STENIO DANTAS);RUA AFONSO RIBEIRO, S/N, CENTRO.
SANTA QUITÉRIA;54;180;ASSENTAMENTO GROSSOS;E. E. F. ERNESTO RODRIGUES DE MESQUITA;ASSENTAMENTO GROSSOS
MORADA NOVA;47;33;CENTRO;CEMER-COLEGIO ESTADUAL MARIA EMILIA RABELO;AV MANOEL CASTRO, 619
ICÓ;15;31;CENTRO - SEDE;CEJA - ANA VIEIRA PINHEIRO;RUA DONA ALDERY, 324
FORTALEZA;80;149;VILA UNIÃO;EEFM CEL PROF JOSÉ AURÉLIO CÂMARA;RUA JORGE ACURCIO, 655
FORTALEZA;80;202;ALTO DA BALANÇA;UAPS CESAR CALS DE OLIVEIRA;RUA CAPITÃO ARAGÃO 555
FORTALEZA;117;148;NOVO MONDUBIM;CUCA MONDUBIM;RUA PROFESSOR GLAUCO LOBO S/N
FORTALEZA;94;844;VILA VELHA;EM ANTONIO CORREIA LIMA;RUA HERMES PARAYBA, 934
TRAIRI;97;39;BATALHA;GRUPO ESCOLAR ANTONIO FRANCISCO BRAGA;BATALHA
BOA VIAGEM;63;41;IBUACU;EEF MARIA AUZERINA CHAVES;RUA FÉLIX FERREIRA FRANCO, 313
CANINDÉ;33;421;SANTA LUZIA;EMEF SENADOR CARLOS JEREISSATI;RUA EUCLIDES BARROSO, 1048
FORTALEZA;83;492;BELA VISTA;ESCOLA MUNICIPAL DOM JOSÉ TUPINAMBA DA FROTA;RUA VIRIATO RIBEIRO 1031
FORTALEZA;118;592;DIAS MACEDO;EEMTI PADRE GUILHERME WAESSEN;RUA BOA VENTURA 916
TAUÁ;19;260;CIDADE NOVA/SEDE;EPG TEREZA ARAGAO SERRA;RUA EUFRASIO ALVES DE OLIVEIRA 13                 NOVA ALDEOTA
UBAJARA;73;100;CENTRO;ESCOLA GRIJALVA COSTA;RUA JOSE RUFINO PEREIRA, 180
CAUCAIA;123;535;ARIANÓPOLIS (JUREMA);E.E.I.E.F. SEBASTIÃO BEZERRA DOS SANTOS;RUA SOLIMÕES, 361
JAGUARETAMA;72;14;CENTRO;EMEF 29 DE AGOSTO - PROFª MARIA ELIELZA PINHEIRO GUERRA;RUA TRISTAO GONCALVES 380
TAMBORIL;61;36;DISTRITO DE SUCESSO;EMTI EXPEDITO MENDES CHAVES;RUA JOÃO JOSÉ DE CASTRO S/N - CENTRO - VILA SUCESSO
IPU;21;5;DISTRITO;POSTO DE SAUDE DE INGAZEIRA;INGAZEIRA
QUIXERAMOBIM;11;37;CENTRO;ESCOLA ASSIS BEZERRA;RUA FRANCISCO IVO 60
URUBURETAMA;23;153;SÃO ROMÃO-BANANAL / ZONA RURAL;EEF FIDELIS DE CARVALHO;SAO ROMAO
FORTALEZA;117;285;MANOEL SÁTIRO;EMEIF MARIA BEZERRA QUEVEDO;RUA 103, 28 - CJ. NOVO MONDUBIM
FORTALEZA;117;326;SIQUEIRA;ESCOLA MUNICIPAL PROF JOSE CÍRIO PEREIRA FILHO;RUA QUARTZO ROSA, 100
ASSARÉ;18;64;PARQUE DE VAQUEJADA;ESCOLA DE EDUCACAO INFANTIL E ENSINO FUNDAMENTAL MARIA ISABEL;AVENIDA DEP. MANOEL GONCALVES, S/N
JARDIM;119;344;SITIO TAQUARI;ESCOLA IVA EMIDIO GONDIM;SITIO TAQUARI SN
ALCÂNTARAS;24;5;BELA VISTA;CRAS - CENTRO DE REFERENCIA DA ASSISTENCIA SOCIAL;PRACA GREGORIO CUNHA S/N
JUAZEIRO DO NORTE;28;160;AREA RURAL DE JUAZEIRO DO NORTE;EMEIF MARIA DO SOCORRO CARDOSO;DIST. PADRE CÍCERO. PALMEIRINHA
SANTANA DO ACARAÚ;44;142;AMEIXA;ESCOLA SÃO FRANCISCO;AMEIXA
INDEPENDÊNCIA;39;178;CENTRO;E.E.F. ABIGAIL ANTUNES MARQUES;RUA DO CRUZEIRO, 208
POTENGI;68;51;CENTRO;GRUPÃO - EEF ANTONIO DE FIGUEIREDO TAVEIRA - SEDE;RUA ALMINO ALENCAR S/N
ARACATI;8;314;MAJORLANDIA;C.E.I. MARIA LEONOR MAIA;RUA EUCLIDES MOREIRA, S/N
ITAITINGA;78;403;GERERAÚ;CEI - MARIA TAVARES CAVALCANTE;RUA CÂNDIDO MEIRELES, N. 1.098
PACAJUS;49;53;ALDEIA;EEF PROFA HERMÍNIA MENDONCA DE QUEIROZ;RUA NAIDE COSTA MENEZES, SN
PACAJUS;49;63;PAULICÉIA;EEF ANTONIO AIRTON TORRES;PAULICEIA
FORTALEZA;95;329;PEDRAS;UAPS JOSE BARROS DE ALENCAR;RUA JOSE NOGUEIRA, 180
PACOTI;5;166;CENTRO-SEDE;EMTI SAO LUIS;RUA PADRE QUILIANO 72
FORTALEZA;85;229;CONJUNTO CEARÁ I;EEM LICEU DO CONJUNTO CEARA;RUA 1139 A, 10 4 ETAPA
SABOEIRO;43;289;SANTA CLARA;E.E.F. JOSÉ AUGUSTO BATISTA VIEIRA;SITIO SANTA CLARA
FORTALEZA;1;404;CAIS DO PORTO;EMTI VEREADOR ALBERTO GOMES DE QUEIROZ;AV. ZEZÉ DIOGO, 782
CRATO;27;69;PIMENTA;EEFM TEODORICO TELES DE QUENTAL;RUA DOUTOR IRINEU PINHEIRO, 305
ITATIRA;33;140;CENTRO;CEI. CHAVE DO SABER;RUA DOM HELIO CAMPOS, S/N
PORTEIRAS;70;273;CENTRO-SEDE;E E F ADALBERTO LEITE TAVARES;RUA JOAQUIM TAVORA S/N
FORTALEZA;116;28;GRANJA PORTUGAL;EM IRMA ROCHA;RUA EMILIO DE MENEZES 2515
FORTALEZA;113;88;JARDIM AMÉRICA;ESCOLA MUNICIPAL PROF. FILGUEIRAS LIMA;AV. DOS EXPEDICIONÁRIOS, 3910
PALMÁCIA;4;582;CENTRO;EEMTI MARIA AMÉLIA PERDIGÃO SAMPAIO;RUA FRANCISCO DE QUEIROZ, 632
IRAUÇUBA;41;10;CENTRO-SEDE;ESCOLA DE ENSINO FUNDAMENTAL PAULO BASTOS;AV JORGE DOMINGUES 1641
EUSÉBIO;88;168;GUARIBAS;EEMF ADELINO BEZERRA;AV ACILON GONÇALVES PINTO, S/N - GUARIBAS
FORTALEZA;117;489;CANINDEZINHO;CENTRO EDUCACIONAL JERUSALÉM;RUA SÃO FELIPE, 1345
FORTALEZA;1;590;CIDADE 2000;ESCOLA ESTADUAL ARQUITETO ROGERIO FROES;AVENIDA DAS GRAVIOLAS 1000
FORTALEZA;95;287;BARROSO;EM PROFESSORA MARIA ANTONÉZIA MEIRELES E SÁ;RUA CORONEL VIRGÍLIO TÁVORA, 1340
TURURU;17;624;CEMOABA / ZONA RURAL;EMEF MARIA LUNGA MOREIRA;RUA PRINCIPAL
ARACATI;8;110;CORREGO DOS FERNANDES;E.E.F. FRANCISCO FERNANDES FILHO;CORREGO DOS FERNANDES
ITAPIPOCA;17;565;CRUXATI;EEB ALONSO PINTO DE CASTRO;BETÂNIA
CAUCAIA;123;541;PARQUE GUADALAJARA (JUREMA);COLÉGIO PLENO DO CEARÁ - CPC;RUA PADRE ALFREDO NESI, 363 (ANTIGA RUA CAMPECHE )
JAGUARETAMA;72;9;CENTRO;CENTRO DE REFERÊNCIA DA ASSISTÊNCIA SOCIAL - CRAS;AV. ADOLFO BEZERRA DE MENEZES, 373
IGUATU;13;29;VENEZA;ESCOLA DE ENS FUND FILGUEIRAS LIMA;RUA NELSON ALENCAR
FORTALEZA;94;942;PADRE ANDRADE;COLÉGIO UNIVERSO;RUA JOAQUIM ALBANO, N 100
PENTECOSTE;50;81;PLANALTO;CEI VALDISIA BRAGA DE SOUSA;RUA JACA PARAÍBA, 500
TEJUÇUOCA;41;301;RETIRO CAXITORE;CENTRO DE EDUCAÇÃO INFANTIL PROFESSORA MARIA SILVA MOTA DE SOUSA;RETIRO
SOBRAL;24;626;ALTO DA BRASÍLIA;EEFI RAUL MONTE;RUA MACEIO, S/N
ITAPIPOCA;17;438;ARAPARI;EEB JOSE GONCALVES DA SILVA;SAO DANIEL
PACATUBA;57;73;PAVUNA;EEIEF GELIA DA SILVA CORREIA;AV. JOSE GUILHERME 1055
ACOPIARA;60;57;SEDE;EEF JOSE LEANDRO CORREIA;SITIO ESCURO
TAUÁ;19;258;MARROAS;EEF PEDRO MOREIRA DE OLIVEIRA;SANTO ANTÔNIO DOS PEDROSA
CARIÚS;43;209;SITIO UMARIZEIRAS;EEIF MARIO DA SILVA LEAL;SITIO UMARIZEIRAS
ACARAPE;52;43;LAGOA DOS VEADOS;ESCOLA LUIZ MOREIRA FILHO;LAGOA DOS VEADOS
ITAITINGA;78;270;PARQUE SANTO ANTONIO;EEF LÍDIA ALVES CAVALCANTE;RUA CARLOS DA COSTA CARMO, 757
ITAITINGA;78;323;JABUTI;EEF FRANCISCO SALES FILHO;RUA MARIO SALES, 460
HIDROLÂNDIA;54;246;NOVA HIDROLÂNDIA;CENTRO DE EDUCAÇÃO INFANTIL MARIA AMÉLIA MARTINS TORRES;RUA SIMPLÍCIO RODRIGUES, 10, NOVA HIDROLÂNDIA, HIDROLÂNDIA/CE
PEDRA BRANCA;59;131;SANTA MARIA;EEF MARIA ALVES DE MESQUITA;RUA MARIA ALVES DE MESQUITA, S/N.
SÃO GONÇALO DO AMARANTE;36;308;CROATA-DISTRITO;ESCOLA DE ENSINO FUNDAMENTAL PORFIRIO DE ARAUJO;RUA VALDO UCHOA - CROATA
PACAJUS;49;235;CONJUNTO COHAB;EEF MARIA VALCIRA NUNES NOGUEIRA;AV TEREZINHA LOPES MARTINS 34
FORTALEZA;113;312;JARDIM AMÉRICA;EMEIF MOZART PINTO;RUA JORGE DUMMAR, 2078
FORTALEZA;117;479;SIQUEIRA;ESCOLA MUNICIPAL PROF JOSE CÍRIO PEREIRA FILHO;RUA QUARTZO ROSA, 100
CHORÓ;6;102;BARBADA;EEF SÃO JOÃO DOS CARNEIROS;SÃO JOÃO
TIANGUÁ;81;45;LAURÃO;UNINTA - FACULDADE TIANGUÁ;RUA CONSELHEIRO JOÃO LOURENÇO, 406 - LAURÃO
SÃO GONÇALO DO AMARANTE;36;304;PECEM-DISTRITO;ESCOLA DE ENSINO FUNDAMENTAL EUCLIDES PEREIRA GOMES;TRAVESSA MARCIONILIA SAMPAIO S/N
FORTALEZA;1;671;MANUEL DIAS BRANCO;COLÉGIO CÍVICO MILITAR BATALHA DO RIACHUELO;R. E, 100 - MANUEL DIAS BRANCO
JAGUARIBE;10;39;AMÉRICO BEZERRA;CEJA - COSME ALVES DE LIMA;RUA ELIZIARIO  PINHEIRO S/N
ITAPIPOCA;17;16;CENTRO;EEM JOAQUIM MAGALHÃES;RUA PERGENTINA ARAUJO S/N
CEDRO;13;518;PLANALTO DOS CADEIRA(CEDRO 1);CENTRO DE EDUCAÇÃO INFANTIL MARIA MARILENE ALVES DINIZ;PLANALTO DOS CADEIRAS
FORTALEZA;112;359;GUARARAPES;CENTRO UNIVERSITARIO ESTACIO DO CEARA VIA CORPVS;RUA ELISEU UCHÔA BECO, 600
ITAITINGA;78;314;PARQUE GENEZARÉ;EEF ELIAS DE SOUSA;RUA JOSE RODRIGUES PEREIRA, 137
CAUCAIA;123;325;PARQUE POTIRA (JUREMA);COLÉGIO ESTADUAL LICEU DE CAUCAIA;RUA ARAQUÉM, 1100 - PARQUE POTIRA (JUREMA)
CRATEÚS;20;229;VENANCIOS;EEFM PRES EURICO GASPAR DUTRA;RUA EDUARDO ALBUQUERQUE SN
PALMÁCIA;4;169;CENTRO;EEMTI MARIA AMÉLIA PERDIGÃO SAMPAIO;RUA FRANCISCO DE QUEIROZ, 632
MORADA NOVA;47;28;CENTRO;EEMTI EGIDIA CAVALCANTE CHAGAS;AV MANOEL CASTRO, 473
FORTALEZA;83;58;BELA VISTA;EEMTI SENADOR FERNANDES TÁVORA;RUA GOIÁS 141
FORTALEZA;115;48;ITAPERI;UNIVERSIDADE ESTADUAL DO CEARA - UECE;AV DR. SILAS MUNGUBA, 1700
FORTALEZA;2;769;JOSÉ DE ALENCAR;COLÉGIO CHRISTUS SUL 3;AV ENGENHEIRO LEAL LIMA VERDE, 2500 - JOSÉ DE ALENCAR
FORTALEZA;93;157;PREFEITO JOSÉ WALTER;CUCA JOSÉ WALTER;RUA 69, S/N
ITAPIPOCA;17;541;BELA VISTA;EEB MARIA MADALENA DA ROCHA;PAU D'ARCO
QUIXELÔ;13;310;ÁREA RURAL DE QUIXELÔ;ESCOLA DE ENS FUND ABILIO BATISTA DO NASCIMENTO;CALDEIRAO-SITIO
FORTALEZA;93;149;PREFEITO JOSÉ WALTER;EEEP PROFESSOR ONELIO PORTO;AVENIDA E, 471 - II ETAPA
MERUOCA;24;597;Floresta;EEF - RAIMUNDO RODRIGUES DE ARAUJO;SITIO FLORESTA
JAGUARIBARA;72;76;CENTRO;PROF JOCELIN MARCONDES XAVIER DE ALMEIDA;AV. ZÉ LEITÃO, 236
CAUCAIA;37;558;PACHECO;E.E.F. ADRIANO MARTINS;RUA ADRIANO MARTINS, S/N
GUARAMIRANGA;5;253;CENTRO-SEDE;EEMF ZELIA DE MATOS BRITO;RUA CEL FRANCISCO DE MATOS BRITO 280
BARRO;92;3;CENTRO-SEDE;CAMARA MUNICIPAL;PRACA GREGORIO FEITOSA S/N
PACATUBA;57;101;PAVUNA;EEIEF GELIA DA SILVA CORREIA;AV. JOSE GUILHERME 1055
TAUÁ;19;62;COLIBRIS/SEDE;CEJA LUZIA ARAÚJO FREITAS;RUA ABIGAIL CIDRAO DE OLIVEIRA 51
CEDRO;13;482;CANDEIAS;ESCOLA DE ENS FUND PEDRO BEZERRA DA COSTA;ST CATOLE
ITAITINGA;78;285;JABUTI;EEF HENRIQUE GONÇALVES DA JUSTA;RUA SEBASTIÃO CAJUEIRO, 797
JAGUARUANA;75;26;ALTO DA CAATINGUINHA;EEEP FRANCISCA ROCHA SILVA;RUA JOAO CELEDONIO SOBRINHO
FORTALEZA;1;355;MUCURIPE;ESCOLA ESTADUAL DRAGAO DO MAR;RUA UMARI S/N
FORTALEZA;2;783;MESSEJANA;FACULDADE ATENEU DO CEARÁ;AV. COLETOR ANTONIO GADELHA, 621
MARACANAÚ;104;314;PAJUÇARA;EMEF MARIA PEREIRA DA SILVA;RUA JUSTINO DE SOUSA, 842
FORTALEZA;1;136;CIDADE 2000;ESCOLA ESTADUAL ARQUITETO ROGERIO FROES;AVENIDA DAS GRAVIOLAS 1000
MORADA NOVA;47;234;SITIO TAPERA;ASSOCIAÇÃO PARA O PROGRESSO INFANTIL;SITIO TAPERA
PEDRA BRANCA;59;36;CENTRO;ESCOLA DE ENSINO FUNDAMENTAL E MEDIO FRANCISCO VIEIRA CAVALCANTE;RUA JOAQUIM CAVALCANTE 55
FORTALEZA;2;660;COAÇU;EEFM GOV LUIZ DE GONZAGA FONSECA MOTA;RUA SANTA ROSA, 407
FORTALEZA;114;304;BARRA DO CEARÁ;EMTI ALDEMIR MARTINS;AV. FRANCISCO SÁ, 7460
TAUÁ;19;217;MARROAS;ESCOLA FRANCISCO CIRILO DE ARAUJO;VARZEA DA SERRA
AQUIRAZ;66;287;LAMEIRÃO;EEF FRANCISCA MONTEIRO DA SILVA;LAMEIRAO - MALVINA - CAMARA
PORTEIRAS;70;272;CENTRO-SEDE;E E F ADALBERTO LEITE TAVARES;RUA JOAQUIM TAVORA S/N
TARRAFAS;18;78;ZONA RURAL;ESCOLA MUNICIPAL RIACHO VERDE;SITIO RIACHO VERDE  -   ZONA RURAL
FORTALEZA;112;506;EDSON QUEIROZ;EM PROF FRANCISCO MAURICIO MATOS DOURADO;RUA  DES FLORIANO BENEVIDES MAGALHÃES, 391
FORTALEZA;85;278;CONJUNTO CEARÁ I;EEFM PROF PLACIDO ADERALDO CASTELO - UV 7B;RUA SETECENTOS E VINTE E UM, 100, 3A ETAPA
MARANGUAPE;4;414;PIRAPORA - MARANGUAPE;EMEIEF DR. VALDIR BEZERRA;ESTRADA DA PIRAPORA S/N
IPU;21;12;SEDE;SECRETARIA MUNICIPAL DE EDUCACAO E CULTURA DE IPU;RUA MAJOR LIBERALINO 1066 - CENTRO
CRATEÚS;20;303;PATRIARCAS;CAPS DO PATRIARCAS - PROVISORIO;RUA JOSÉ VICENTE S/N
FORTALEZA;114;254;PRESIDENTE KENNEDY;EMTI PROFESSOR JOAQUIM FRANCISCO DE SOUSA FILHO;RUA JOAQUIM MARQUES, 13
CAUCAIA;123;302;PARQUE POTIRA (JUREMA);E.E.I.E.F. ANTÔNIO ALBUQUERQUE SOUSA FILHO;RUA HERIBALDO RODRIGUES (ANTIGA RUA POTIGUARA), 488
PACATUBA;57;81;CONJUNTO JEREISSATI II;ESCOLA DE 1 GRAU DEPUTADO FAUSTO ARRUDA AGUIAR;AV. 26 S/N
CAUCAIA;120;393;PADRE JULIO MARIA;E.E.F. MARIA MOTA RODRIGUES;RUA CORONEL CORREIA, 3267
RUSSAS;9;134;CORREGO DA CATITA;ASSOCIAÇÃO COMUNITÁRIA FRANCISCO PAZ FILHO;CÓRREGO DA CATITA
MILHÃ;55;107;CARNAUBINHA;ESCOLA DE ENSINO BASICO RAIMUNDO BEZERRA FIGUEIREDO;RUA VALDINA DE LIMA
CRATEÚS;20;36;SÃO VICENTE;CENTRO ADMINISTRATIVO DA PREFEITURA DE CRATEÚS;RUA CEL TOTO, SN
FORTALEZA;95;157;CONJUNTO PALMEIRAS;EM MARIETA CALS;RUA VALPARAISO, 160
IRACEMA;86;111;ZONA RURAL;E.E.F. JOSÉ BILRO DE MEDEIROS;NOVO SÃO JOSÉ DOS FAMAS - CE 138
PORANGA;40;177;PEREIROS;ESCOLA DE ENSINO FUNDAMENTAL SÃO JOSÉ - PEREIROS;PEREIROS
NOVA RUSSAS;48;188;MAJOR SIMPLÍCIO;ESCOLA MUNICIPAL SEBASTIANA CID DE FARIAS;DISTRITO DE MAJOR SIMPLÍCIO,
VIÇOSA DO CEARÁ;35;193;SITIO LAGOA DO CARNAUBAL;E.E.F NOSSA SENHORA DO ROSARIO;SITIO LAGOA DO CARNAUBAL
BATURITÉ;5;111;CONSELHEIRO ESTELITA-SEDE;CENTRO DE ATENDIMENTO ESPECIAL À CRIANÇA - CAECA (ANTIGO PROJETO ABC);AV FRANCISCO BRAGA FILHO, SN
FORTALEZA;114;323;BARRA DO CEARÁ;EMTI ALDEMIR MARTINS;AV. FRANCISCO SÁ, 7460
PACATUBA;57;271;MONGUBA;ITA ARA ESCOLA INDIGENA;RODOVIA DR. MENDEL STEINBRUCH 7240
FORTALEZA;2;740;PAUPINA;EM CÔNEGO FRANCISCO PEREIRA DA SILVA;RUA LUÍS FRANCISCO XAVIER, 256
ITAPIPOCA;17;272;ÁREA RURAL DE ITAPIPOCA;EEB JOSE WILLIAN CORDEIRO FREIRE;BARRA DA TABOCA
IGUATU;13;106;GADELHA;ESCOLA DE ENS FUND DO SÍTIO BRAVO - A. F. SÁ DE LAVOR;SITIO BRAVO
ITAITINGA;78;332;BARROCÃO;EEF JARDIM DE FÁTIMA;RUA ELIATAR DIÓGENES, S/N
FORTALEZA;3;151;JACARECANGA;SENAI - UNIDADE CENTRO;AV. PADRE IBIAPINA, 1280
NOVA RUSSAS;48;211;BARRO VERMELHO;ESCOLA MUNICIPAL JOSÉ SANTOS MOURÃO;RUA ANTONIO CARLOS, S/N
PEDRA BRANCA;59;87;BOM PRINCIPIO;EEFTI SABINO VIEIRA CAVALCANTE;RUA FORTUNATO SILVA, 243
CAPISTRANO;105;31;ZONA RURAL;CENTRO DE CONVIVÊNCIA SOCIAL DO BOQUEIRÃO;BOQUEIRAO
UMIRIM;23;278;SAO JOAQUIM-DISTRITO;ESCOLA MUNICIPAL DE BARRO BRANCO;BARRO BRANCO
CAUCAIA;123;527;ARATURI (JUREMA);E.E.I.E.F. RITA DE CÁSSIA BRASILEIRO PONTES;AV. CENTRAL, 1112
FORTALEZA;112;491;SAPIRANGA-COITÉ;EM PROFª ALDACI BARBOSA;RUA OLEGARIO MEMORIA, 1257
FORTALEZA;93;278;PREFEITO JOSÉ WALTER;ESCOLA MUNICIPAL ARI DE SA CAVALCANTE (JOSÉ WALTER);AV. H, 430 III ETAPA
CANINDÉ;33;98;IMACULADA CONCEIÇÃO;EEEP CAPELAO FREI ORLANDO;RUA PAULINO BARROSO, 1289
AQUIRAZ;66;61;GENIPAPEIRO;EMEF MANOEL ASSUNCAO PIRES;RUA PRINCIPAL S/N
ARACATI;8;318;ALTO DA CHEIA;ASSOCIAÇÃO CULTURAL NOGUEIRA PONCIANO;RUA NATALZILA BRÍGIDO
URUOCA;25;114;BRASILIA;C.E.I. VANIA ROCHA;RUA ASSUNCAO, S/N
JAGUARIBARA;72;54;CENTRO;ESCOLA MARIA ELZA RODRIGUES;RUA PORCINO MAIA, 825
ACOPIARA;60;81;DISTRITO DE SAO PAULO;EEMTI MARIA LEAL TEIXEIRA;SAO PAULINHO
RUSSAS;9;224;MELANCIAS;ESCOLA MUNICIPAL LUIZ FERREIRA LIMA;MELANCIAS
FORTALEZA;95;99;CONJUNTO PALMEIRAS;EEFM DOUTORA ALDACI BARBOSA;RUA VALPARAISO, 155
SENADOR POMPEU;12;160;ALTO DO CRUZEIRO;EEIEF ELISEU BECCO FILHO;ALTO DO CRUZEIRO S/N
ITAREMA;98;156;ZONA RURAL;EMEF DR EDGAR PESSOA;PATOS
FORTALEZA;1;931;COCÓ;UNINTA - FACULDADE UNINTA FORTALEZA;RUA VILEBALDO AGUIAR,133
SOBRAL;24;446;ALTO DO CRISTO;EEMTI PREFEITO JOSE EUCLIDES F. GOMES JUNIOR-(ANTIGO CIRAO);AV. HUMBERTO LOPES
SOBRAL;24;558;ALTO DA BRASÍLIA;EEFI RAIMUNDO PIMENTEL GOMES - CAIC;RUA PRINCESA ISABEL, S/N
CARIRIAÇU;71;9;FEITOSA;EEF JOAQUIM ALVES FEITOSA;VILA FEITOSA
CAMOCIM;32;225;SAO FRANCISCO;LICEU DE CAMOCIM DEP MURILO ROCHA AGUIAR;RUA ANTONIO ZEFERINO VERAS
IRACEMA;86;88;DA PAZ;EEF ALBATIZA TAVARES DE OLIVEIRA GUERRA;RUA JOÃO TAVARES MAGALHÃES
CASCAVEL;7;2;CENTRO;UNIDADE BÁSICA DE SAÚDE - SEDE;RUA JOSÉ ANTONIO DE QUEIROZ, 2024
CASCAVEL;7;294;RIO NOVO;E.E.E. PROFISSIONAL EDSON QUEIROZ - LICEU;RUA LUCIANO RODRIGUES S/N
CAMPOS SALES;38;1;B. CENTRO;E.E.E.M.T.I.- PRESIDENTE MÉDICI - (GRUPÃO);AV. FRANCISCO ADEMAR DE ANDRADE,1210
IGUATU;13;35;VILA BRASILIA;LICEU DE IGUATU DR JOSE GONDIM;RUA 25 DE MARCO S/N
CAPISTRANO;105;43;ZONA RURAL;ESCOLA DE ENSINO FUNDAMENTAL JOSE CAVALCANTE ROMANO;MAZAGAO II
FORTALEZA;1;609;CAIS DO PORTO;EEFM - HELENITA MOTA;RUA AMANCIO FILOMENO,720
FORTALEZA;2;434;LAGOA REDONDA;EM PROFª FERNANDA MARIA DE ALENCAR COLARES;AV PROF. ARTHUR DE CARVALHO, 1540
ITAITINGA;78;342;PARQUE GENEZARÉ;EEF DONA CONCEIÇÃO;RUA DR. MANOEL SÁTIRO, N 132
FORTALEZA;93;244;PREFEITO JOSÉ WALTER;COLÉGIO SILVIA HELENA NOGUEIRA;RUA 62, 140 - III ETAPA
URUOCA;25;92;PARACUA;E.E.F. CEL DOMINGOS ALVES PEREIRA;R. JOÃO CARAPINA, 44
JAGUARIBARA;72;64;SITIO MINEIRO;EMEIEF DEODATO CELSO DIOGENES;KM 270 - BR 116
CRATEÚS;20;138;FATIMA II;EEFM LIONS CLUBE;RUA CLOVIS BEVILAQUA 1417
ITAPIPOCA;17;40;CENTRO;EEFM ANASTACIO ALVES BRAGA;AV DUQUE DE CAXIAS 888
ITAPIPOCA;17;314;URBANO TEIXEIRA;EEB ADAUTO BEZERRA;RUA JOAQUIM RODRIGUES TEIXEIRA
MARACANAÚ;122;293;ACARACUZINHO;EEFM JOSE MILTON DE VASCONCELOS DIAS;AV. CENTRAL S/N
IGUATU;13;62;AREIAS I;ESCOLA DE ENS MÉDIO ADAUTO BEZERRA;RUA DEOCLECIO LIMA VERDE SN
CAPISTRANO;105;21;CENTRO;ESCOLA DE ENSINO FUNDAMENTAL FERNANDO CAVALCANTE MOTA;RUA JOSE SARAIVA SOBRINHO  S/N
AQUIRAZ;66;278;DIVINEIA;EMEF MARIA MARGARIDA RAMOS COELHO;RUA JOÃO DE CASTRO S/N
PACATUBA;57;4;SAO JOSE;CENTRO COMUNITÁRIO;RUA CAPITÃO MANUEL PONTES DE MEDEIROS, PARQUE ARATANHA
MARTINÓPOLE;25;224;CENTRO;E.E.I. CECILIO PORFIRIO GOMES;AV. CAPITAO BRITO, S/N
ITAPIPOCA;17;491;MARANHÃO;EEB JOÃO IDÁLIO TEIXEIRA;RUA DR BEZERRA DE MENEZES, SN
FORTALEZA;1;917;COCÓ;UNINTA - FACULDADE UNINTA FORTALEZA;RUA VILEBALDO AGUIAR,133
PARAIPABA;109;164;SETOR B;EMEIF COMPLEXO ESCOLAR SETOR B;SETOR B, S/N
FORTALEZA;117;189;CONJUNTO ESPERANÇA;EEFM IRAPUAN CAVALCANTE PINHEIRO;AV E 305
CRATO;27;112;MURITI;EEIEF MELVIN JONES;RUA PEDRO GOMES DE NORÕES, 1877. SÍTIO SAQUINHO
CAUCAIA;120;438;TOCO (JUREMA);E.E.I.E.F. MARIA CORINA MOURA ARRUDA;RUA MANOEL GOMES DA SILVA, S/N - CONJUNTO SÃO DOMINGOS - TOCO
CASCAVEL;7;268;JACARECOARA;ESC.ENS.FUND. FRANCISCO ALVES DE LIMA;BARRA VELHA
VIÇOSA DO CEARÁ;35;12;CENTRO;E.E.M DR JULIO DE CARVALHO;RUA JOSE JOAQUIM DE CARVALHO, 496
CRATO;27;318;VILA ALTA;EEFM JOSÉ ALVES DE FIGUEIREDO;RUA GETÚLIO VARGAS, 214
CAUCAIA;123;346;MARECHAL RONDON (JUREMA);E.E.I.E.F. ECONOMISTA RUBENS VAZ DA COSTA;AVENIDA NOVO HORIZONTE, S/N
ACOPIARA;60;117;TRUSSU;EEFM SOLON GUEDES CAVALCANTE;VILA DE TRUSSU
CAUCAIA;123;443;NOVA METRÓPOLE (JUREMA);E.E.I.E.F. FRANCISCA ALVES DO AMARAL;AV. B, 442 - NOVA METRÓPOLE
ITAIÇABA;75;3;CENTRO;E.E.F.M. JOAO BARBOSA LIMA;RUA CEL JOAO BATISTA 397
AURORA;69;61;ESPINHEIRO-SITIO;E.E.I.F ANTONIO FERNANDES;SITIO ESPINHEIRO  S/N
ITAPIPOCA;17;521;LAGOA DAS MERCÊS;EEB JOÃO IRINEU DA SILVA;LAGOA DAS MERCÊS
FORTALEZA;2;819;LAGOA REDONDA;ESCOLA MUNICIPAL ISABEL FERREIRA;RUA ISABEL FERREIRA, 1000 - CONJ. CURIÓ
FORTALEZA;3;430;CENTRO;UNIARI - CENTRO UNIVERSITÁRIO ARI DE SÁ;AV. HERÁCLITO GRAÇA, 826
MUCAMBO;79;215;CENTRO;CENTRO EDUCACIONAL DEP MANOEL RODRIGUES;AV AGRONOMO JOSE ALVES 90
CROATÁ;74;5;SEDE;ESCOLA DE EDUCACAO BASICA DOM TIMOTEO;RUA MANOEL BRAGA SN - CENTRO
VIÇOSA DO CEARÁ;35;61;LAMBEDOURO;E.E.I.F FRANCISCO BRUNO DE ARAGAO;SITIO BOQUEIRAO DOS BITONHOS SN
ITAPIPOCA;17;327;DESERTO;EEB FRANCISCO TABOSA BRAGA;RETIRO NOVO
IGUATU;13;418;VILA COQUEIROS;ESCOLA DE ENS FUND CLARA ALVES DE ARAUJO;RUA JOSÉ VIEIRA BARBOSA SN
FORTALEZA;3;602;ALDEOTA;COLÉGIO SANTA CECÍLIA;AV. SENADOR VIRGÍLIO TÁVORA, 2000
CAUCAIA;120;283;CONJUNTO METROPOLITANO;E.E.I.E.F. ANTÔNIO MIRANDA DE MELO;RUA PEDRO ALVES DE MENEZES, 1095 - CONJUNTO METROPOLITANO
EUSÉBIO;88;213;LAGOINHA;ESCOLA Mª DE FÁTIMA FAÇANHA SILVEIRA (LAGOINHA);RUA SÃO MIGUEL, 327 - LAGOINHA
IGUATU;13;84;PRADO;ESCOLA DE ENS FUND NOSSA SENHORA DO PERPETUO SOCORRO;21 DE ABRIL
ARACOIABA;67;34;IDEAL-DISTRITO;ESCOLA MUNICIPAL JOAO FERREIRA GADELHA;RUA DO COMERCIO SN
CRATO;27;242;BELA VISTA;EEIEF SÔNIA CALLOU DE SÁ;RUA PADRE CÍCERO S/N
SÃO GONÇALO DO AMARANTE;36;47;SERROTE-DISTRITO;ESCOLA DE ENSINO FUNDAMENTAL ESTER DE PONTES BARROSO;SERROTE
PACATUBA;57;179;SAO BENTO;ESCOLA DE 1 GRAU MANOEL PONTES DE MEDEIROS;RUA JOSE SOARES DE ALBUQUERQUE, 246
PORANGA;40;100;SEDE;EMEB ITELVINA SILVINA DE PINHO - SEDE;AV. DR. EPITÁCIO PINHO
MARACANAÚ;122;158;PIRATININGA;EMEF - ELIAN DE AGUIAR MENDES;RUA AMAZONAS 01
FORTALEZA;93;259;PLANALTO AYRTON SENNA;EM GEISA FIRMO GONÇALVES;RUA ZULEICA PONTES, 1260
HORIZONTE;78;376;MAL COZINHADO;EMEF DEPUTADO FEDERAL ULYSSES GUIMARAES;RUA MARIA PAULA 1231 - MAL COZINHADO
FORTALEZA;3;609;ALDEOTA;COLÉGIO ESPAÇO ABERTO - DOM LUÍS;AV. DOM LUÍS, 730
ITAITINGA;78;245;CENTRO;EEF GERALDO BATISTA DE LIMA;AV. CEL. VIRGÍLIO TÁVORA S/N
CAUCAIA;123;278;NOVA METRÓPOLE (JUREMA);E.E.F.M. ELIEZER DE FREITAS GUIMARÃES;RUA 145, S/N - NOVA METRÓPOLE
HORIZONTE;78;125;QUEIMADAS;EEM QUILOMBOLA ANTÔNIA RAMALHO DA SILVA;RUA MARIA JOSÉ NOGUEIRA, 2255 - QUEIMADAS
CAMPOS SALES;38;86;ZONA RURAL;ASSOCIAÇÃO COMUNITÁRIA DO SÍTIO INHARÉ;SÍTIO INHARÉ
CAUCAIA;123;401;MARECHAL RONDON (JUREMA);E.E.I.E.F. RAIMUNDO JERÔNIMO DE SOUSA;RUA JÚLIO ROCHA, 220 - KM 14/JUREMA
JAGUARIBARA;72;59;CENTRO;PROFESSORA MARIA BERNADETE NEVES;RUA TERTULIANO DE MELO, 279
AURORA;69;6;ARACA-SEDE;E.E.F.P. LEOPOLDINA GONÇALVES QUEZADO;RUA MARICA LEITE,285
ABAIARA;26;1;CENTRO;ESCOLA BELARMINO LINS DE MEDEIROS;RUA EXPEDITO OLIVEIRA DAS NEVES 182
GRANJA;25;117;CENTRO;E.E.F.T.I. JOSÉ GLAUBERTON ALVES SÁ;AV. PERIMETRAL S/N
SOLONÓPOLE;55;26;CANGATI;ESCOLA DE ENSINO FUNDAMENTAL SANTA MARIA GORETE;CANGATI
JAGUARUANA;75;144;PATOS;UBASF JOAO CELEDONIO DA SILVA (PATOS);PATOS
MOMBAÇA;46;85;CARNAUBA;ESCOLA DE ENSINO FUNDAMENTAL PEDRO AIRES DE CARVALHO;DISTRITO DE CARNAÚBA
TIANGUÁ;81;71;RÉGIS DINIZ;E.E.I.F. MONSENHOR AGESILAU DE AGUIAR;AVENIDA ZEFERINO FERREIRA, S/N
FORTALEZA;3;534;CENTRO;COLÉGIO 7 DE SETEMBRO (SEDE NGS);AV. DO IMPERADOR, 1330
BATURITÉ;5;123;CANDEIA SAO SEBASTIAO-POVOADO;EMEF CAPITAO PORFIRIO RODRIGUES DE SOUZA;RUA IRMA ROBUSTINA SN
BREJO SANTO;70;37;SAO FELIPE-DISTRITO;E. M. E. F. RAIMUNDO MOREIRA LUNA;SITIO SAO FELIPE
TAMBORIL;61;26;DISTRITO DE HOLANDA;EMTI FRANCISCO DE ASSIS GOMES RUFINO;RUA FRANCISCO DE ASSIS GOMES RUFINO
CEDRO;13;422;CENTRO;COLEGIO ESTADUAL CELSO ARAUJO;RUA ZE PAJE, 241
FORTALEZA;3;170;JACARECANGA;SENAI - UNIDADE CENTRO;AV. PADRE IBIAPINA, 1280
LIMOEIRO DO NORTE;29;189;CENTRO;SINDICATO DOS TRABALHADORES RURAIS DE LIMOEIRO;RUA CONEGO BESSA 2719
ARACATI;8;42;VARZEA DA MATRIZ;COLEGIO MUNICIPAL;RUA PADRE PACHECO, S/N.
IBICUITINGA;47;237;CURRAIS;EEB FRANCISCO FIRMINO DE ARAUJO;LAGOA DOS CURRAIS
CRUZ;30;404;PREA;ESCOLA RAIMUNDA SILVEIRA DE SOUSA CARNEIRO;PREA
ANTONINA DO NORTE;18;70;CENTRO;ESCOLA DE ENSINO FUNDAMENTAL 8 DE MAIO;RUA ANTONIO MOTA 50
BARROQUINHA;108;76;CENTRO;EEF FRANCISCO BENÍCIO DE VASCONCELOS;AV. MARIA DIAMANTINA VERAS S/N
QUIXELÔ;13;145;CENTRO;ESCOLA DE ENS FUND E MÉDIO PROFESSOR LUIS DE GONZAGA FONSECA MOTA;RUA VITORINO JOSE DE OLIVEIRA SN
JAGUARIBARA;72;99;CENTRO;E.E.M LICEU JOSE FURTADO DE MACEDO;AV. MARLINDA ELÓI, 389
ITAPIPOCA;17;17;CENTRO;EEFM ANASTACIO ALVES BRAGA;AV DUQUE DE CAXIAS 888
FORTALEZA;2;799;LAGOA REDONDA;EMEIF MOREIRA DA ROCHA;AV ODILON GUIMARAES, 3860
PENTECOSTE;50;179;SÃO PEDRO;EEIF PROFª. Mª GLAUCINEIDE FIRMIANO DA SILVA;AVENIDA PRESIDENTE JUSCELINO KUBITSCHEK, 703
PEDRA BRANCA;59;106;SEDE;EEIF JOSE VICENTE DE AZEVEDO;SITIO BARREIROS
SOBRAL;24;231;JAIBARAS;EEM AYRES DE SOUZA (SEDE) - ESCOLA NOVA;RUA ALFA, S/N
SANTANA DO CARIRI;53;62;CENTRO;CREI MARIA LUIZA DE SOUSA;RUA DR. JOSE AUGUSTO, 508
SANTANA DO CARIRI;53;54;PEDRA BRANCA;EMEIEF HERMANO CHAVES FRANCK;SÍTIO PEDRA BRANCA, SN
FORTALEZA;80;354;JOAQUIM TÁVORA;COLÉGIO SALESIANO DOM BOSCO;AV ANTONIO SALES 116
CRATEÚS;20;8;IRAPUA;POSTO DE SAUDE DE IRAPUA;IRAPUA
CRATEÚS;20;291;SANTA LUZIA;CENTRO DE REFERÊNCIA ESPECIALIZADA DE ASSISTÊNCIA SOCIAL - CREAS;RUA MANOEL BALBINO, 180
FORTALEZA;114;121;ÁLVARO WEYNE;EMTI NOSSA SENHORA DE FÁTIMA (ANTIGA APOSTÓLICA/SEMINÁRIO);RUA SÍLVIO ROMERO 370
FORTALEZA;112;277;JARDIM DAS OLIVEIRAS;EEMTI MIRIAN PORTO MOTA;RUA DAS CASTANHOLAS, S/N
FORTALEZA;2;781;LAGOA REDONDA;EM PROFª FERNANDA MARIA DE ALENCAR COLARES;AV PROF. ARTHUR DE CARVALHO, 1540
MARACANAÚ;104;400;PAJUÇARA;EMEIEF PROF PAULO FREIRE;RUA PAULO BATISTA 660
FORTALEZA;117;498;NOVO MONDUBIM;COLÉGIO ADEMIR ARAÚJO;AV. WALDIR DIOGO, 1055
ITAIÇABA;75;142;LOGRADOURO;CEI FRANCISCO AMARAL MAIA;LOGRADOURO
FORTALEZA;113;195;BENFICA;FACULDADE DE PSICOLOGIA DA UFC;AV. DA UNIVERSIDADE, 2762
CAUCAIA;123;480;MARECHAL RONDON (JUREMA);CAPEMI - LAR FABIANO DE CRISTO;AV. DOM ALMEIDA LUSTOSA, 4395
CRATO;27;67;PIMENTA;COLÉGIO PEQUENO PRÍNCIPE;RUA VINTE E UM DE JUNHO, 935
IGUATU;13;386;VARJOTA;ESCOLA DE ENS FUND LUIS VIEIRA DA MOTA;VILA DA VARJOTA
ITAREMA;98;131;ZONA RURAL;EMEF RAIMUNDO PEREIRA DO NASCIMENTO;ORIENTE
ACARAPE;52;201;SÃO BENEDITO;ESCOLA FRANCISCO ROCHA RAMOS;RUA FROTA GONCALVES, SN
FORTALEZA;116;308;GRANJA LISBOA;EM ULISSES GUIMARAES;RUA TENENTE FRANCISCO PAIVA 1350
IGUATU;13;38;VILA COQUEIROS;ESCOLA DE ENS FUND CLARA ALVES DE ARAUJO;RUA JOSÉ VIEIRA BARBOSA SN
JUAZEIRO DO NORTE;119;246;PREFEITO CARLOS ALBERTO DA CRUZ;URCA - CAMPUS CRAJUBAR (TRIÂNGULO);AVENIDA LEÃO SAMPAIO, 107
MADALENA;63;183;SEDE;EEF PAULA QUEIROZ;TEOTONIO
CEDRO;13;520;PLANALTO DOS CADEIRA(CEDRO 1);CENTRO DE EDUCAÇÃO INFANTIL MARIA MARILENE ALVES DINIZ;PLANALTO DOS CADEIRAS
FORTALEZA;112;458;EDSON QUEIROZ;UNIVERSIDADE DE FORTALEZA - UNIFOR;AVENIDA WASHINGTON SOARES, 1321
FORTALEZA;2;141;MESSEJANA;EEM LICEU DE MESSEJANA;AVENIDA WASHINGTON SOARES 7702
FORTALEZA;3;446;PRAIA DE IRACEMA;EEFM SANTA LUZIA;RUA JOÃO CORDEIRO, 711
FORTALEZA;118;678;PASSARÉ;COLEGIO EXODUS;RUA DOUTOR EDUARDO DIAS, 156
ACOPIARA;60;4;VILA NOVA;CRAS II - ANTÔNIO FRANCISCO DO NASCIMENTO - VILA NOVA;RUA CICERO MANDU. 170, CENTRO.
FORTALEZA;1;81;VARJOTA;FACULDADE FARIAS BRITO - CASTRO MONTE;RUA CASTRO MONTE 1364
SÃO GONÇALO DO AMARANTE;36;89;LAGOA DAS COBRAS;ESCOLA DE ENSINO FUNDAMENTAL DEPUTADO FERNANDO ALCANTARA MOTA;LAGOA DAS COBRAS
QUIXERÉ;29;266;LAGOINHA;EEB MENINO JESUS DE PRAGA;RUA ZACARIAS FERREIRA DE SOUSA SN
FORTALEZA;2;723;PAUPINA;EMEIF GUIOMAR DA SILVA ALMEIDA;RUA PEROLINA DE MORAIS, 449
PEREIRO;10;187;SITIO VARRELO;ESCOLA MUNICIPAL MARIA NAZARE DE JESUS;SITIO VARRELO
MARACANAÚ;104;208;JEREISSATI I;EMEIEF SENADOR CARLOS JEREISSATI;AVENIDA 1, S/N
FORTALEZA;118;380;PASSARÉ;EM PAULO SERGIO DE SOUSA LIRA;RUA ITABORAÍ, 264
MISSÃO VELHA;16;12;DISTRITO DE JAMACARU;EEFM PADRE AMORIM;RUA FELIX ITALIANO SN
MISSÃO VELHA;16;11;SEDE;EEF  EMILCE DANTAS ( ANTIGO DR STENIO DANTAS);RUA AFONSO RIBEIRO, S/N, CENTRO.
ITAITINGA;78;269;PARQUE SANTO ANTONIO;EEF LÍDIA ALVES CAVALCANTE;RUA CARLOS DA COSTA CARMO, 757
BEBERIBE;84;134;SUCATINGA;ESCOLA MUNICIPAL ACELINO TIMOTEO;LAGOA DOS TANQUES
ITAREMA;98;116;ZONA RURAL;EMEF FRANCISCO HIGINO FILHO;SITIO URUBU
MARACANAÚ;104;395;JEREISSATI I;EMEIEF MARIA ÍSIS MENEZES ANDRADE;RUA ANTÔNIA ARAÚJO FERREIRA, S/N
INDEPENDÊNCIA;39;172;JABURU;E.E.F. JOAO FERREIRA FILHO;ACUDE JABURU
FORTALEZA;117;241;MANOEL SÁTIRO;EMEIF MARIA BEZERRA QUEVEDO;RUA 103, 28 - CJ. NOVO MONDUBIM
CANINDÉ;33;21;SANTA CLARA;CENTRO SOCIAL URBANO;RUA SITONIO MONTEIRO 999
FORTALEZA;114;332;BARRA DO CEARÁ;EM AGOSTINHO MOREIRA E SILVA;RUA PERI, 20
BARREIRA;52;60;LAGOA GRANDE;ESCOLA PEDRO ALEXANDRINO DE LIMA;LAGOA GRANDE
UMARI;15;226;PIO X - DISTRITO;EEF JOSE GUSTAVO PINHEIRO;DISTRITO PIO X
FORTALEZA;117;266;PARQUE SÃO JOSÉ;CITS PARQUE SÃO JOSÉ - CENTRO DE INCLUSÃO TECNOLÓGICA E SOCIAL;RUA CÔNEGO DE CASTRO, 3955
MOMBAÇA;46;138;CENTRO;ESCOLA DE ENSINO FUNDAMENTAL CRISTO REI;RUA JOSE SEVERINO FILHO N 39                      SEDE
CRATEÚS;20;131;FATIMA I;SERVIÇO SOCIAL DO COMÉRCIO - SESC;RUA PADRE CÍCERO, 200
EUSÉBIO;88;101;TIMBU;EEF EDUARDO ALVES RAMOS;ESTRADA DO FIO, 3603 - TIMBU
FORTALEZA;116;369;BOM JARDIM;EM MANOEL MALVEIRA MAIA;RUA MANUEL GALDINO 2890
CRUZ;30;117;ZONA RURAL;ESCOLA RAIMUNDA ELVIRA BRANDAO;LAGOA SALGADA
CEDRO;13;564;FÁTIMA;ESCOLA DE ENS FUND FCA DE ALBUQUERQUE MOURA (CEJOVEM);RUA ANTONIO VIANA DE ARAUJO S/N
AQUIRAZ;66;22;PATACAS;EMEF LEOLINA BATISTA RAMOS;AV JOSUE LEITE DE FREITAS S/N
ITAITINGA;78;253;CARAPIÓ;EEF MANOEL NOVAIS DE OLIVEIRA;RODOVIA EDSON QUEIROZ, 3205
HIDROLÂNDIA;54;30;DISTRITO DE BETÂNIA;E.M.E.F. ANTONIA DE FREITAS VIANA;DISTRITO DE BETÂNIA
FORTALEZA;114;188;BARRA DO CEARÁ;EM JADER DE FIGUEIREDO CORREIA;RUA TOCANDIRA 61
RUSSAS;9;276;VARZEA ALEGRE;ESCOLA MUNICIPAL CORACAO DE JESUS;RUA OCION LOPES DA SILVEIRA S/N
IPUEIRAS;40;164;ARAÇAS;ASSOCIAÇÃO COMUNITÁRIA MANOEL FERREIRA DA CRUZ - ARAÇAS;ARAÇAS
MORADA NOVA;47;161;ARUARU;EEB BENEVENUTO LINO DO NASCIMENTO;RUA DE FATIMA S/N PATOS
TEJUÇUOCA;41;229;ACUDE;ESCOLA MUNICIPAL FRANCISCO FERREIRA DE FARIAS;ACUDE
SÃO GONÇALO DO AMARANTE;36;287;TAIBA-DISTRITO;ESCOLA DE EDUCAÇÃO BÁSICA PROFª ALBA HERCULANO ARAÚJO;RUA CAPITAO INACIO PRATA SN -TAÍBA
PENTECOSTE;50;182;PEDREIRA;EEF EDSON MARTINS CAMPELO;RUA ANTONIO NATALIA
QUIXERAMOBIM;11;316;URUQUE;ESCOLA MARIA ALICE SALDANHA DA COSTA;VILA DE PEDREIRAS
CAUCAIA;120;439;CAMPO GRANDE;UNIDADE PRISIONAL DES. ADALBERTO DE OLIVEIRA BARROS LEAL - UPDAOBL;BR 020, KM 03, ENTRADA DO ATERRO SANITÁRIO CAUCAIA
AQUIRAZ;66;334;CAMARA;CENTRO DE DETENÇÃO PROVISÓRIA - CDP;CE-350, KM 27
PARAMOTI;111;146;CENTRO;EEMTI TOMÉ GOMES DOS SANTOS (PRÉDIO NOVO);RUA ORLEANS FARIAS, S/N - SANTA CECÍLIA
ERERÉ;10;109;ZONA RURAL;E.E.I.F. NOSSA SENHORA DA SAÚDE;SÍTIO BOA ESPERANÇA
ASSARÉ;18;34;CENTRO;ESCOLA  DE ENSINO FUNDAMENTAL E MEDIO RAIMUNDO MOACIR DE ALENCAR MOTA;RUA PADRE EMILIO CABRAL 538
RUSSAS;9;288;IPIRANGA;EEMTI PROFESSOR WALQUER CAVALCANTE MAIA;TRAV PEDRO ARAUJO 175
JAGUARUANA;75;17;SARGENTO;E.E.F. RAIMUNDO SALES FAÇANHA;SARGENTO
FORTALEZA;113;174;BENFICA;FEAAC - UFC;AV. DA UNIVERSIDADE, 2431
SOBRAL;24;119;DOM JOSÉ;EEFI ANTENOR NASPOLINI;RUA PREFEITO JERONIMO PRADO, S/N
JAGUARIBE;10;39;AMÉRICO BEZERRA;CEJA - COSME ALVES DE LIMA;RUA ELIZIARIO  PINHEIRO S/N
ARACATI;8;212;CORREGO DA NICA;E.E.F. MANOEL DA ROCHA FREIRE;CORREGO DA NICA
SÃO GONÇALO DO AMARANTE;36;154;LAGOAS NOVAS-POVOADO;ESCOLA DE ENSINO FUNDAMENTAL MANOEL FURTADO JUNIOR;LAGOAS NOVAS
FORTALEZA;118;382;PARQUE DOIS IRMÃOS;EM MANUEL LIMA SOARES;AVENIDA NORTE SUL, 145 (CJ JARDIM PRIMAVERA)
MORRINHOS;44;27;ESPINHOS DOS LOPES;CENTRO DE EDUCAÇÃO INFANTIL RITA DE CASSIA IRES;ESPINHOS  DOS LOPES
GUARAMIRANGA;5;237;CENTRO-SEDE;EMEF PROFESSOR JULIO HOLANDA;RUA CEL FRANCISCO DE MATOS BRITO S/N
BREJO SANTO;70;148;CENTRO-SEDE;E E F M JOSÉ MATIAS SAMPAIO;RUA MANOEL INACIO BEZERRA 49
MOMBAÇA;46;19;PAES DE ANDRADE;CRECHE MANOEL BATISTA ALVES;AV. ANTONIO JAIME BENEVIDES FILHO S/N
PACUJÁ;79;190;CENTRO;E.E.M. PLACIDO ADERALDO CASTELO;RUA 22 DE SETEMBRO, SN
PORANGA;40;102;SEDE;EMEB ITELVINA SILVINA DE PINHO - SEDE;AV. DR. EPITÁCIO PINHO
PEREIRO;10;168;CENTRO;ESCOLA PINGO DE GENTE (ESPECIAL);RUA SEVERO HOLANDA S/N
FORTALEZA;114;202;PRESIDENTE KENNEDY;EM GABRIEL CAVALCANTE;QUADRA F 167 CONJUNTO CASTELO BRANCO
PIQUET CARNEIRO;12;145;CATOLE DA PISTA;EMEF JOSÉ ELIEDSON DE BRITO;CATOLE DA PISTA
LAVRAS DA MANGABEIRA;14;40;IBOREPI - DISTRITO;EEF FRANCISCO ASSIS DE SOUZA;RUA RAIMUNDO RODRIGUES VIANA
NOVA RUSSAS;48;193;NOVA BETÂNIA;CRECHE PROF.  MARIA AUXILIADORA ALVES DE ALENCAR;DISTRITO DE NOVA BETÂNIA,
FORTALEZA;118;611;MONDUBIM;EM CASIMIRO MONTENEGRO;AV. BERNARDO MANUEL, 11360
GUAIÚBA;57;66;AGUA VERDE;EEBM SAO FRANCISCO;RUA MANOEL BANDEIRA, S/N
ACOPIARA;60;276;SEDE;EEF JOSE LEANDRO CORREIA;SITIO ESCURO
AQUIRAZ;66;184;JACUNDA;EMEF HENRIQUE GONCALVES DA JUSTA FILHO;RUA ANTONIO MELQUIADES LIMA S/N
FORTALEZA;3;569;ALDEOTA;INSTITUTO CEARENSE DE EDUCAÇÃO DE SURDOS - ICES;AV. RUI BARBOSA, 1970
CRATO;27;377;MURITI;EEIEF MELVIN JONES;RUA PEDRO GOMES DE NORÕES, 1877. SÍTIO SAQUINHO
CAUCAIA;123;401;MARECHAL RONDON (JUREMA);E.E.I.E.F. RAIMUNDO JERÔNIMO DE SOUSA;RUA JÚLIO ROCHA, 220 - KM 14/JUREMA
IGUATU;13;111;SERROTE;ESCOLA DE ENS FUND TOME DE SOUSA;SITIO SERROTE
IGUATU;13;84;PRADO;ESCOLA DE ENS FUND NOSSA SENHORA DO PERPETUO SOCORRO;21 DE ABRIL
ITAREMA;98;154;ZONA RURAL;EMEF DR EDGAR PESSOA;PATOS
CAPISTRANO;105;46;SEDE;CRECHE PROFESSORA MARIA ANTONIETA SANTOS;CIDADE NOVA - RUA VIDELINA
LIMOEIRO DO NORTE;29;72;ÁREA RURAL;ESCOLA DE 1º GRAU FRANCISCO TEODORICO TEIXEIRA LIMA;SÍTIO LAGES
BOA VIAGEM;63;209;VARZANTINHA;EEF JOSE RICARTE ALBUQUERQUE;VARZANTINHA
NOVA RUSSAS;48;127;LAGEDO GRANDE;ESCOLA MUNICIPAL AQUILES RODRIGUES MACEDO;LOCALIDADE DE LAGEDO GRANDE,
TARRAFAS;18;103;ZONA RURAL;ESCOLA DE 1O. GRAU RICARTE PEDRO DO CARMO;SITIO PATOS - ZONA RURAL
VIÇOSA DO CEARÁ;35;78;ZONA RURAL;E.E.F JOÃO EUCLIDES DE MORAIS;VILA JUA DOS VIEIRAS SN
VIÇOSA DO CEARÁ;35;115;LAMBEDOURO;E.E.I.F FRANCISCO BRUNO DE ARAGAO;SITIO BOQUEIRAO DOS BITONHOS SN
CAUCAIA;123;396;PARQUE ALBANO (JUREMA);E.E.I.E.F. DOM ANTÔNIO DE ALMEIDA LUSTOSA;RUA PERY, 951
FORTALEZA;114;92;BARRA DO CEARÁ;CUCA BARRA DO CEARÁ;AV. PRES. CASTELO BRANCO, 6417
IRAUÇUBA;41;150;MISSI;ESCOLA MUNICIPAL JOSEFA CLOTILDE TABOSA BRAGA;RUA ANARIO BRAGA SN
TAUÁ;19;133;CARRAPATEIRAS;ESCOLA FRANCISCO FERREIRA DE SOUSA;OLHO DAGUINHA
CRATO;27;367;MURITI;EEIEF JOSÉ ROSA;RUA JOSÉ JUSTINO ALVES, SN. SÍTIO SANTA ROSA
BOA VIAGEM;63;107;BARRO VERMELHO;EEF BALMIZA MARIA VIEIRA SAMPAIO;BARRO VERMELHO
RUSSAS;9;68;CENTRO;ESCOLA DE ENSINO MÉDIO MANOEL MATOSO FILHO;AVENIDA MARIA RAMALHO, 336
ITAREMA;98;157;CENTRO;EMEF PE ARISTIDES ANDRADE SALES;AV JOAO BATISTA RIOS S/N
ITAREMA;98;200;ZONA RURAL;EMEF MANOEL BRAGA MONTEIRO;PORTO DOS BARCOS
LIMOEIRO DO NORTE;29;268;BOM NOME;EEF VALDETRUDES EDITH HOLANDA;RUA ANTONIO RIBEIRO DE CASTRO, S/N
SOBRAL;24;378;JAIBARAS;EEFI LEONILIA GOMES PARENTE;RUA SANTA TEREZINHA
VIÇOSA DO CEARÁ;35;200;CENTRO;E.E.F JOÃO FIRMINO DE SOUSA;BAIRRO SÃO JOSÉ
CARNAUBAL;22;161;SITIO FAZENDINHA;EEF RAIMUNDO FERREIRA CAMPOS FILHO;SITIO FAZENDINHA
FORTALEZA;117;233;SIQUEIRA;EEFM SENADOR OSIRES PONTES;RUA DIVINA 150
FORTIM;8;230;CANTO DA BARRA;EEFTI. COMUNITÁRIA DA BARRA;RUA ANGELITA FELIPE BEZERRA, 47.
HORIZONTE;78;84;CENTRO;EEM RAIMUNDO NOGUEIRA;RUA RAIMUNDO NOGUEIRA, 103
LIMOEIRO DO NORTE;29;64;CENTRO;LICEU DE ARTES E OFICIOS (ESC CONSTRUINDO CONHECIMENTO);RUA CORONEL FRANCISCO REMIGIO 329
MARANGUAPE;4;556;NOVO PARQUE IRACEMA - MARANGUAPE;EMEF NILO PINHEIRO CAMPELO;RUA NILO CAMPELO, 48
CROATÁ;74;97;DISTRITO;ESCOLA MUNICIPAL LUIZ BEZERRA DE PAULO (BARRA DO SOTERO);BARRA DO SOTERO
JAGUARUANA;75;31;FIGUEIREDO DO EPIFANIO;E.E.F. JOAQUIM VENANCIO;FIGUEIREDO
BREJO SANTO;70;12;CENTRO-SEDE;EEEP BALBINA VIANA ARRAIS;LOTEAMENTO SOL NASCENTE
INDEPENDÊNCIA;39;151;CENTRO;E.E.F. ABIGAIL ANTUNES MARQUES;RUA DO CRUZEIRO, 208
FORTIM;8;184;CENTRO;EEIFTI. PROFESSORA MARIA LUIZA;RUA JOAQUIM CRISÓSTOMO, 739.
MOMBAÇA;46;27;BOA VISTA;CENTRO EDUCACIONAL RURAL DE BOA VISTA;BOA VISTA
ITAPAJÉ;41;266;BARATEIRO;ESCOLA MUNICIPAL JOAO MARTINS TEIXEIRA;BR 222, KM 125
FORTALEZA;80;380;TAUAPE;COLÉGIO SHALON;RUA TIBÚRCIO FROTA, 1530 COM OSVALDO CRUZ
VIÇOSA DO CEARÁ;35;9;CENTRO;COLÉGIO TENENTE ANGELO DE SIQUEIRA PASSOS;RUA FRANCISCO CALDAS DA SILVEIRA 180
HORIZONTE;78;368;QUEIMADAS;EEM QUILOMBOLA ANTÔNIA RAMALHO DA SILVA;RUA MARIA JOSÉ NOGUEIRA, 2255 - QUEIMADAS
PORTEIRAS;70;269;CENTRO-SEDE;E E E M ARISTARCO CARDOSO;RUA EXPEDITO ALVES SANTANA S/N
PEDRA BRANCA;59;74;SEDE;EEIF HENRIQUE ALVES PEREIRA;SITIO SAO FRANCISCO
CARIRÉ;65;40;ZONA RURAL;ESCOLA EIEF MARIA MARLENE FEITOSA DE PAIVA;ALMAS
MARCO;96;206;BAIRRO ALEMAES;CEI MANOEL CLÓVIS RIOS;RUA PRES. ERNESTO GEISEL, 209
FORTALEZA;112;340;ENGENHEIRO LUCIANO CAVALCANTE;COLEGIO GLOBOMAX;RUA GENERAL CAIADO DE CASTRO, 156
MARACANAÚ;104;420;JEREISSATI II;EMEIEF RACHEL DE QUEIROZ;AVENIDA XII, 758
IPU;21;47;SEDE;EEMTI AUTON ARAGAO;PCA SAO SEBASTIAO 1029 CENTRO
ITATIRA;33;171;CENTRO;EEFM ANTONIO SABINO GUERRA;RUA DR CLODOALDO PINTO SN
FORTALEZA;1;702;CAIS DO PORTO;EEFM - HELENITA MOTA;RUA AMANCIO FILOMENO,720
FORTALEZA;118;515;PASSARÉ;EM PROFESSORA MARIA JOSÉ MACÁRIO COELHO;AVENIDA PASSARÉ, 530
FORTALEZA;118;531;PASSARÉ;EM PAULO SERGIO DE SOUSA LIRA;RUA ITABORAÍ, 264
JUAZEIRO DO NORTE;119;40;SANTA TEREZA;ESCOLA ADAUTO BEZERRA (SEGUNDO GRAU);CASTELO BRANCO SN
JUAZEIRO DO NORTE;119;48;PREFEITO CARLOS ALBERTO DA CRUZ;ESCOLA ZILA BELEM;FRANCISCO VICENTE SILVA CAVALCANTE SN
MARACANAÚ;104;332;PAJUÇARA;EMEIEF PREFEITO ALMIR FREITAS DUTRA;RUA ELÍFIO MEDEIROS DA CUNHA, 531
ITAPIPOCA;17;254;ARAPARI;EEB FRANCISCO HOMERINDO BARROSO;SAO MIGUEL
CRATO;27;92;SEMINÁRIO;CENTRO DE EDUCAÇÃO INFANTIL LICEU DIOCESANO;RUA DOUTOR MANOEL MACEDO, 122
FARIAS BRITO;62;224;CARIUTABA;EEF PEDRO FERNANDES DE ALCANTARA;RUA ANTONIA DALICE DE OLIVEIRA, S/N  -  CARIUTABA
CAMPOS SALES;38;83;ZONA RURAL;CAPELA SANTO ANTONIO - AGROVILA PAU VERDE - (ACOCI);SÍTIO PAU VERDE
FORTALEZA;3;481;PRAIA DE IRACEMA;COLÉGIO ANTARES (PRAIA DE IRACEMA);RUA HISTORIADOR GUARINO ALVES, 95
PARAIPABA;109;218;CACIMBÃO DOS TABOSAS;EMEIF JOSÉ BRAGA DE PAIVA;CACIMBAO DOS TABOSAS
ITAPIPOCA;17;575;BELA VISTA;EEB JOAO BATISTA PIRES;BELA VISTA
IGUATU;13;136;PENHA;ESCOLA DE ENS FUND MARIA SELVITA BEZERRA;VILA PENHA
PARAIPABA;109;195;CACIMBÃO DOS TABOSAS;EMEIF JOSÉ BRAGA DE PAIVA;CACIMBAO DOS TABOSAS
TRAIRI;97;60;ALAGADICO DE CIMA;CENTRO COMUNITARIO FRANQUINHO DAMASCENO;ALAGADICO DE CIMA
CARIÚS;43;152;CENTRO-SEDE;EEFM ADAHIL BARRETO;PRACA DA REPUBLICA
QUIXERAMOBIM;11;49;MONTEIRO DE MORAIS;ESCOLA MARIA ARAUJO CARNEIRO;RUA DR SEBASTIAO CAVALCANTE, 58
FORTALEZA;1;943;PAPICU;COLÉGIO KENNEDY;AVENIDA ENGENHEIRO SANTANA JÚNIOR,58
CRATEÚS;20;221;CIDADE 2000;ESCOLA DE CIDADANIA JOSE FREIRE FILHO;KM 06 BR 404
PENTECOSTE;50;201;ZONA RURAL;ASSOCIAÇÃO COMUNITÁRIA DE PEDRA BRANCA TERRA;PEDRA BRANCA TERRA
TIANGUÁ;81;40;LAURÃO;ESCOLA DE ENSINO MÉDIO TANCREDO NUNES DE MENEZES;RUA ASSEMBLÉIA DE DEUS, 1072
SOBRAL;24;425;CAMPO DOS VELHOS;EEM PROF. LUIS FELIPE;RUA CEL JOSE SILVESTRE, 760
SOBRAL;24;102;JOSÉ EUCLIDES;EEM MINISTRO JARBAS PASSARINHO;AVENIDA JOHN SANFORD, S/N
BEBERIBE;84;6;CENTRO;ESCOLA MUNICIPAL DESEMBARGADOR PEDRO DE QUEIROZ;RUA JOSE BESSA 561
FORTALEZA;93;225;PREFEITO JOSÉ WALTER;CEI FRANCISCO SALES FERNANDES;AV K, S/N
SANTANA DO ACARAÚ;44;79;CENTRO;PREFEITURA MUNICIPAL DE SANTANA DO ACARAU;AVENIDA SAO JOAO   57
FRECHEIRINHA;81;244;CENTRO;CENTRO EDUCACIONAL RAIMUNDO PEREIRA;AVENIDA JOAQUIM PEREIRA 717 - CENTRO 
ITAPIPOCA;17;233;ÁREA NOBRE;EEB TEREZINHA DE SOUSA FERREIRA ALBUQUERQUE;RUA JOSÉ DE ALENCAR, 497
ABAIARA;26;7;DISTRITO SÃO JOSÉ;ESCOLA CORONEL HUMBERTO BEZERRA;AV JULIO SAMPAIO S/N
CASCAVEL;7;188;JACARECOARA;ESC.ENS.FUND. JOSÉ DIAS;CHORO ZABUMBA
ITAITINGA;78;299;PARQUE SANTO ANTONIO;EEF PROFESSORA LAURA DA COSTA LIMA;RUA FRANCISCO ALVES DE FRANÇA, 486
FORTALEZA;94;430;VILA VELHA;EM CASTELO DE CASTRO;RUA 43 1531
BEBERIBE;84;178;SUCATINGA;ESCOLA MUNICIPAL JOAO LOURENCO MONTEIRO;SITIO SANTO ANTONIO
CAUCAIA;37;297;PARQUE SOLEDADE;COLEGIO JANUSA CORREA;RUA NOSSA SENHORA DOS PRAZERES, 238
GENERAL SAMPAIO;50;200;ZONA RURAL;CRECHE ESCOLA RAIMUNDO PIRES;CARAÚBAS
INDEPENDÊNCIA;39;9;CENTRO;E.E.F.M. PROFª MARIA JÚLIA FIALHO;RUA SANTOS DUMONT, 260
MIRAÍMA;89;265;BROTAS;EEFM VICENTE ANTENOR FERREIRA GOMES;BROTAS
TRAIRI;97;130;ANGELIM;EEF FIRMINO FRANCISCO DE MOURA;ANGELIM
CAUCAIA;120;256;MIRAMBE;E.E.I.E.F. MARIA DE LOURDES ROCHA;RUA DA IGREJA, 614 - TAQUARA/MIRAMBÉ
MORADA NOVA;47;25;CENTRO;EEMTI EGIDIA CAVALCANTE CHAGAS;AV MANOEL CASTRO, 473
JARDIM;119;348;SITIO LAGOA DO ALTO;ESCOLA SANTO ANTONIO;SITIO LAGOA DO ALTO S/N
CAUCAIA;37;479;CORREGO DO ALEXANDRE;E.E.F. VICENTE TORQUATO DE ARAUJO;RUA LUIS EDUARDO, S/N - REGIÃO DO GUARARU
FORTALEZA;114;46;BARRA DO CEARÁ;EM CASIMIRO JOSÉ LIMA FILHO;AVENIDA FRANCISCO SÁ 6449
CRATO;27;36;CENTRO;COLÉGIO DIOCESANO DO CRATO;RUA NÉLSON ALENCAR, 569
ITAPIPOCA;17;462;CRUZEIRO;EEB PROFESSOR PEDRO TEIXEIRA BARROSO;RUA ANTONIO BARROSO NETO S/N
LIMOEIRO DO NORTE;29;13;CENTRO;ESCOLA NORMAL DE LIMOEIRO;AV DOM AURELIANO MATOS 1759
VIÇOSA DO CEARÁ;35;113;PASSAGEM DA ONCA;E.E.I.F ANTONIO ANGELO DOS SANTOS;SITIO BOM TEMPO
CASCAVEL;7;133;CAPONGA;ESC.ENS.FUND. JOÃO BERNARDO FILHO;CAMURIM
MOMBAÇA;46;34;AÇUDINHO;ESCOLA DE ENSINO FUNDAMENTAL FRANCISCO VIEIRA COSTA;DISTRITO DE ACUDINHO
MOMBAÇA;46;100;CENTRO;E. E. F. M. ANANIAS DO AMARAL VIEIRA;RUA CORONEL JOSÉ ADERALDO SN
CEDRO;13;482;CANDEIAS;ESCOLA DE ENS FUND PEDRO BEZERRA DA COSTA;ST CATOLE
OCARA;67;194;SERENO DE CIMA-DISTRITO;ESCOLA MUNICIPAL FRANCISCA MARIA BRAGA - ENSINO FUNDAMENTAL;SERENO DE CIMA
FORTALEZA;3;219;CENTRO;FAC. ESTÁCIO - UNIDADE CENTRO (ANTIGO COLÉGIO CEARENSE);AV. DUQUE DE CAXIAS, 101
CAUCAIA;120;357;CIGANA;E.E.I.E.F DALVA PONTES DA ROCHA;RUA QUINTINO JOSE CORREIA, 465
FORTALEZA;1;42;ALDEOTA;COLEGIO ANTARES - SANTOS DUMONT;AVENIDA SANTOS DUMONT 3777
ITAIÇABA;75;116;CENTRO;E.E.F. DULCINEA GOMES DINIZ;VILA OLIMPICA, 336
AURORA;69;90;PADRE MORORO-SEDE;E.E.I.F. ANTONIO LANDIM DE MACEDO;PADRE MORORO S/N
ITAREMA;98;201;LAGOA SECA;EEEP PROFESSORA ROSÂNGELA ALBUQUERQUE DE COUTO;RUA DAS INDUSTRIAS, SN
CAUCAIA;123;293;PARQUE GUADALAJARA (JUREMA);E.E.I.E.F. DANILO DALMO DA ROCHA CORRÊA;RUA ACAPULCO, 1805 - PARQUE POTIRA II
PACAJUS;49;10;CENTRO;EEF ARACY GONZAGA DA SILVA;RUA CORONEL CICERO NOGUEIRA DE QUEIROZ 827
ACOPIARA;60;32;BARRA DO INGA;EEF MANOEL VIEIRA DA SILVA;SITIO ACUDINHO
JUAZEIRO DO NORTE;28;485;PEDRINHAS;EMEF PROFA. DORALICE DE FIGUEIREDO ROCHA;RUA JOAQUIM LEANDRO DE SOUSA
MADALENA;63;190;SEDE;EEF JOSE SEVERO DE PINHO;AGROVILA UMARI
FORTALEZA;2;800;MESSEJANA;FACULDADE ATENEU DO CEARÁ;AV. COLETOR ANTONIO GADELHA, 621
ARACOIABA;67;164;JENIPAPEIRO-DISTRITO;ESCOLA MUNICIPAL IDELFONSO DIAS DA SILVA;JENIPAPEIRO II
ACOPIARA;60;75;CENTRO;EEF PE JOAO ANTONIO;AV PAULINO FELIX, 214
HORIZONTE;78;111;ZUMBI;EMEF JOSE EDUARDO DE SOUSA;RUA MARIA LUIZA NORONHA - 405
GENERAL SAMPAIO;50;227;ZONA RURAL;EMEIF SANTA LUCIA;PINDA II
PACOTI;5;188;CENTRO-SEDE;EEFM ESCOLA MENEZES PIMENTEL;RUA DUARTE HOLANDA 573
JUAZEIRO DO NORTE;119;208;TIMBAUBA;CRAS TIMBAUBAS;RUA ASSIS DIAS SOBREIRA, 488
CASCAVEL;7;161;GUANACES;CAPELA DO NEVES DOIS;NEVES DOIS
CAMOCIM;32;221;ZONA RURAL;EEF HIPÓLITO RICARDO PINTO - JATOBÁ;ASSENTAMENTO JATOBÁ, SN
IPUEIRAS;40;60;CENTRO;ESCOLA DE ENSINO FUNDAMENTAL PADRE ANGELIM - CENTRO;RUA CORONEL MANOEL MOURÃO, SN
SENADOR POMPEU;12;82;ENGENHEIRO JOSE LOPES;EEIEF JOSÉ ANTÔNIO DE SOUSA;ENGENHEIRO JOSE LOPES
CRATO;27;285;CENTRO;EEIEF SÃO FRANCISCO;RUA BRIGADEIRO LEANDRO BEZERRA MONTEIRO, 406
ICAPUÍ;8;341;IBICUITABA;ESCOLA DE 1 GRAU PROFA CARLOTA TAVARES DE HOLANDA;IBICUITABA
CARNAUBAL;22;171;SITIO BURITI I;EEF VITORINO RODRIGUES DE MEDEIROS;SITIO BURITI  I
QUIXERAMOBIM;11;319;DEPOSITO;ESCOLA PROFESSOR MARUM SIMAO;RUA JOSE ANTONIO DE ALMEIDA
TAUÁ;19;418;MARRECAS;ESCOLA RAIMUNDO GONÇALVES MAIA;VILA CASTELO
CAMPOS SALES;38;164;ZONA RURAL;ASSOCIAÇÃO COMUNITÁRIA DO SÍTIO INHARÉ;SÍTIO INHARÉ
COREAÚ;64;59;Alto São José;COREAÚ - CENTRO EDUCACIONAL SÃO FCO. DE ASSIS;RUA FCO. NAPOLEÃO XIMENES, S/N - ALTO SÃO JOSÉ
ARNEIROZ;101;59;CACHOEIRA DE FORA;GRUPO ESCOLAR JOAO MONTEIRO;CACHOEIRA DE FORA
CRATO;27;34;CENTRO;ESCOLA TÉCNICA DO COMÉRCIO;RUA DOUTOR JOÃO PESSOA, 190 - PRAÇA JUAREZ TÁVORA
FORTALEZA;83;88;HENRIQUE JORGE;ESCOLA MUNICIPAL SANTA MARIA;RUA CUIABÁ 1465
CASCAVEL;7;21;CENTRO;EMEB PROFESSORA THEREZINHA MESQUITA DE JESUS CIRÍACO (ANTIGA CNEC);RUA PREF. LUIS BENICIO SAMPAIO, 2506
LAVRAS DA MANGABEIRA;14;43;CALABACO - SITIO;GRUPO ESCOLAR JOAO PINTO;SITIO CALABACO S/N
LIMOEIRO DO NORTE;29;173;CENTRO;CENTRO EDUCACIONAL SAO VICENTE DE PAULO - PATRONATO;RUA SABINO ROBERTO 398
FORTALEZA;115;95;SERRINHA;COLEGIO DUQUE DE CAXIAS;RUA  PERU, 1675
MILAGRES;26;93;SITIO GAMELEIRA;POSTO DE SAUDE DA GAMELEIRA;SITIO GAMELEIRA
BOA VIAGEM;63;242;FATIMA;EEF BENJAMIM ALVES DA SILVA;R. SEBASTIÃO ALVES DA SILVA, 68
FORTALEZA;117;387;CANINDEZINHO;EM NARCISO PESSOA DE ARAÚJO;AV. OSÓRIO DE PAIVA, 4841
FORTALEZA;116;302;BOM JARDIM;EM CRESCER E APRENDER;RUA EDSON MARTINS, 642
FORTALEZA;116;365;GRANJA LISBOA;EM PROF LIREDA FACO;RUA TRES CORACOES 735
FORTALEZA;94;798;VILA VELHA;EM ANTONIO CORREIA LIMA;RUA HERMES PARAYBA, 934
CRATO;27;182;PONTA DA SERRA;EEIEF VITURINO DA COSTA VILAR;RUA VITORINO DA COSTA VILAR, SN. SÍTIO MALHADA
TAUÁ;19;176;MARRECAS;ESCOLA ANTONIO TORQUATO RODRIGUES;COCOCA
JAGUARUANA;75;58;CENTRO;E.E.M. MANUEL SÁTIRO;AV DR ANTÔNIO DA ROCHA FREITAS, 1278
MARACANAÚ;122;198;SIQUEIRA (siqueira 2);EEM PROFª. EUDES VERAS;AVENIDA SIQUEIRA CAMPOS, 601
FORTALEZA;80;164;DIONISIO TORRES;AABB - ASSOCIAÇÃO ATLÉTICA BANCO DO BRASIL;AV BARAO DE STUDART, 2917
FORTALEZA;115;334;PARANGABA;SESI - PARANGABA;AVENIDA JOÃO PESSOA, 6754
NOVO ORIENTE;99;30;CENTRO;EEM COELHO MASCARENHAS;RUA SAO JOSE S/N
IPUEIRAS;40;147;OLHO D'ÁGUA DOS GALVÕES;EEF MACÁRIO BEZERRA GALVÃO - OLHO D'ÁGUA DOS GALVÕES;OLHO D'AGUA DOS GALVÕES
JAGUARIBE;10;50;CENTRO;E.E.F.M. RAUL BARBOSA;AV OITO DE NOVEMBRO 521
ITAREMA;98;129;ZONA RURAL;EMEF RAIMUNDO PEREIRA DO NASCIMENTO;ORIENTE
BATURITÉ;5;116;MONDEGO-SEDE;EMEF NAÇÕES UNIDAS;RUA MAJOR PEDRO CATAO, SN
FORTALEZA;2;135;MESSEJANA;EEM LICEU DE MESSEJANA;AVENIDA WASHINGTON SOARES 7702
ARACATI;8;194;PEDRA REDONDA;E.E.F. JOAO MACIEL DE SANTANA;PEDRA REDONDA
TEJUÇUOCA;41;107;CENTRO-SEDE;ESCOLA MUNICIPAL SAO PEDRO;RUA JOSE BARROSO VALENTE SN
FORTALEZA;2;755;MESSEJANA;FACULDADE ATENEU DO CEARÁ;AV. COLETOR ANTONIO GADELHA, 621
FORTALEZA;116;82;GRANJA PORTUGAL;EM CONCEICAO MOURAO;RUA DUAS NACOES 550
ARACATI;8;18;CENTRO;INSTITUTO WALDEMAR FALCAO;RUA CEL POMPEU 720
ACOPIARA;60;67;DISTRITO DE SAO PAULO;EEMTI MARIA LEAL TEIXEIRA;SAO PAULINHO
JAGUARIBARA;72;86;CENTRO;PROFESSORA MARIA BERNADETE NEVES;RUA TERTULIANO DE MELO, 279
JUAZEIRO DO NORTE;28;139;SAO MIGUEL;CENTRO CEARENSE DE IDIOMAS - CCI;RUA QUINZE DE NOVEMBRO S.N.
ITAPAJÉ;41;271;BARATEIRO;ESCOLA MUNICIPAL JOAO MARTINS TEIXEIRA;BR 222, KM 125
BARROQUINHA;108;57;CENTRO;EEMTI JAIME LAURINDO DA SILVA;TRAVESSA DO CAMPO, S/N
ITAPIPOCA;17;272;ÁREA RURAL DE ITAPIPOCA;EEB JOSE WILLIAN CORDEIRO FREIRE;BARRA DA TABOCA
ITAREMA;98;197;ZONA RURAL;EDEFM VARJOTA (COMUNIDADE INDIGENA);ALDEIA INDIGENA DE VARJOTA
JUAZEIRO DO NORTE;119;125;TIMBAUBA;EMEI MADRE MARIA VILLAC;RUA RUI BARBOSA, S/N
FORTALEZA;3;553;CENTRO;COLÉGIO MILITAR DO CORPO DE BOMBEIROS;RUA CONSELHEIRO ESTELITA, 500 (SEDE PROVISÓRIA)
CRUZ;30;100;CENTRO;ESCOLA MARIA PEREIRA BRANDAO;RUA VEREADOR MUNDICO MARTINS 642
FORTALEZA;83;320;DEMOCRITO ROCHA;ESCOLA MUNICIPAL JOSÉ BONIFÁCIO DE SOUSA;RUA PERNAMBUCO 600
CRATEÚS;20;101;MONTENEBO;ESCOLA DE CIDADANIA LUIZ XIMENES DE ARAGAO;ROSARIO
JUAZEIRO DO NORTE;119;424;TIMBAUBA;ESCOLA ANTONIO BEZERRA MONTEIRO;SEBASTIAO CAVALCANTE SN
QUIXADÁ;6;138;CENTRO;EEF JOSÉ JUCÁ;RUA EPITÁCIO PESSOA, 1351
JUAZEIRO DO NORTE;28;233;SAO MIGUEL;EEM JOSE BEZERRA;SAO JORGE 440
CHAVAL;108;8;CENTRO;EEF FRANCISCO PEREIRA FONTENELE;TRAVESSA DOMÍCIO FERNANDES PEREIRA, SN
MIRAÍMA;89;261;BROTAS;EEFM VICENTE ANTENOR FERREIRA GOMES;BROTAS
MOMBAÇA;46;130;CATOLE;ESCOLA DE ENSINO FUNDAMENTAL PEDRO AIRES DE SOUSA;SITIO GUARANI
FORTALEZA;2;688;COAÇU;EEFM GOV LUIZ DE GONZAGA FONSECA MOTA;RUA SANTA ROSA, 407
FORTALEZA;114;206;FLORESTA;EM FRANCISCO SILVA CAVALCANTE;RUA CONSELHEIRO LAFAYETTE 205
FORTALEZA;2;764;MESSEJANA;EMEIF DEMOCRITO ROCHA;RUA PADRE PEDRO DE ALENCAR, 2012
FORTALEZA;117;402;CONJUNTO ESPERANÇA;COLÉGIO CEARENSE TOTAL;AVENIDA D, 85
CRATO;27;320;VILA ALTA;APAE - INSTITUTO DE REEDUCAÇÃO EVILENE ROLIM LOUCETTI;TRAVESSA MILAGRES S/N
FORTALEZA;1;898;VICENTE PINZON;ESCOLA ESTADUAL MURILO BORGES;RUA DO ENTARDECER 90
CASCAVEL;7;230;JACARECOARA;ESC.ENS.FUND. JOSÉ DE QUEIROZ FERREIRA;CHORO ESTRADA NOVA
ARACOIABA;67;81;MILTON BELO-DISTRITO;ESCOLA MUNICIPAL ANTONIO BELARMINO DE OLIVEIRA;UMARIZEIRO
SANTA QUITÉRIA;54;123;FLORES;ESCOLA MUNICIPAL CONCEIÇÃO CATUNDA;RUA JOÃO PESSOA PESSOA, S/N. - FLORES
JAGUARIBE;10;56;COHAB;EEEP POETA SINÓ PINHEIRO (LICEU);AV D, S/N
MARACANAÚ;104;339;JEREISSATI II;EEMTI PROFESSOR EDMILSON PINHEIRO;AVENIDA XII, 727
FORTALEZA;117;470;BOM JARDIM;ESCOLA MUNICIPAL CATARINA LIMA DA SILVA;RUA PEDRO MARTINS, 313
FORTALEZA;114;186;BARRA DO CEARÁ;EM JADER DE FIGUEIREDO CORREIA;RUA TOCANDIRA 61
VIÇOSA DO CEARÁ;35;128;SITIO SANTA BARBARA;E.E.F SANTA BARBARA;SITIO SANTA BARBARA
SANTA QUITÉRIA;54;39;CENTRO;E. E. F. M. JÚLIA CATUNDA;RUA MARIA DE LOURDES, 256
POTENGI;68;92;CENTRO;EEFM MENEZES PIMENTEL - SEDE;RUA SEVERINO PAULINO, 230 - BAIRRO SÃO FRANCISCO
VIÇOSA DO CEARÁ;35;183;SITIO BURITI GRANDE;CEI BRÁS BATISTA DA CUNHA;SITIO BURITI GRANDE
VIÇOSA DO CEARÁ;35;164;CENTRO;E.E.F JOÃO FIRMINO DE SOUSA;BAIRRO SÃO JOSÉ
SOBRAL;24;241;JORDÃO;EEFI JOSE INACIO GOMES PARENTE;RUA ONOFRE GOMES DE OLIVEIRA
FORTALEZA;3;458;ALDEOTA;COLÉGIO DARWIN;RUA ILDEFONSO ALBANO, 1030
OCARA;67;191;CURUPIRA-DISTRITO;ESCOLA MUNICIPAL LUIS NICOLAU PEREIRA - ENSINO FUNDAMENTAL;VILA NOVA
FORTALEZA;115;348;PARANGABA;EEEP JOAQUIM MOREIRA DE SOUSA;RUA CAIO PRADO 02
GUAIÚBA;57;68;AGUA VERDE;EEBM SAO FRANCISCO;RUA MANOEL BANDEIRA, S/N
GROAÍRAS;65;112;CENTRO;EEF PROFESSORA NOELIA XIMENES PARENTE;RUA MAJOR ARAUJO 960
CANINDÉ;33;440;ZONA RURAL;EMEF SAO PAULO;ASSENTAMENTO SAO PAULO
FORTALEZA;3;177;CENTRO;SESC FORTALEZA;RUA CLARINDO DE QUEIROZ, 1740
CAUCAIA;120;394;PADRE JULIO MARIA;E.E.F. MARIA MOTA RODRIGUES;RUA CORONEL CORREIA, 3267
CAUCAIA;120;335;CAPUAN;E.E.F. JOSE ALEXANDRE;RUA DA LAGOA, 135
BOA VIAGEM;63;25;FATIMA;EEF PE. PAULO DE ALMEIDA MEDEIROS;RUA MARIA DE NAZARE BEZERRA 245
BOA VIAGEM;63;138;PIEDADE - CATOLÉ;EEF JOSE INACIO DA ROCHA;PIEDADE - CATOLE
IGUATU;13;222;RIACHO VERMELHO;ESCOLA DE ENS FUND FILOMENA DE ALMEIDA BRAGA;RIACHO VERMELHO
IGUATU;13;303;BAÚ;ESCOLA DE ENS FUND PORFIRIO ALVES DE OLIVEIRA;SITIO BAIXIO DOS FERREIRAS
SÃO BENEDITO;22;54;SITIO ABRIGO;EEF TOMAZ GREGORIO;SITIO ABRIGO
JIJOCA DE JERICOACOARA;30;410;CENTRO;CRECHE COMUNITÁRIA SANTA LUZIA;RUA MANOEL MARQUES - 1181
NOVA RUSSAS;48;76;PATRONATO;E.M.E.F. FRANCISCA DAS GRAÇAS T MESQUITA(ANTIGA EEFM MONSENHOR LEITÃO);RUA HERMENEGILDO MARTINS, 667
TIANGUÁ;81;51;CENTRO;CEJA DONA ESTRELA;RUA CAPITÃO JOAQUIM LOURENÇO, S/N
FORTALEZA;3;501;MEIRELES;IDEAL CLUBE;AV. MONSENHOR TABOSA,  1381
CRATEÚS;20;116;CENTRO;COLEGIO ESTADUAL REGINA PACIS;RUA FRANCISCO SA 106
MORADA NOVA;47;28;CENTRO;EEMTI EGIDIA CAVALCANTE CHAGAS;AV MANOEL CASTRO, 473
FORTALEZA;3;606;ALDEOTA;COLÉGIO SANTA CECÍLIA;AV. SENADOR VIRGÍLIO TÁVORA, 2000
FORTALEZA;116;299;GRANJA PORTUGAL;EM REITOR ANTONIO MARTINS FILHO;RUA TEODORO DE CASTRO 1175
INDEPENDÊNCIA;39;14;CENTRO;GRUPO ESCOLAR JERONIMO ALVES DE ARAUJO;RUA SANTA TERESINHA S/N
FORTALEZA;83;251;PANAMERICANO;EEFM ANISIO TEIXEIRA;RUA RIO GRANDE DO SUL 680
TIANGUÁ;81;31;CENTRO;SECRETARIA DO TRABALHO E ASSISTÊNCIA SOCIAL - SETAS;RUA VEREADOR RAIMUNDO LIMA, 200
TIANGUÁ;81;127;ÁREA RURAL DE TIANGUÁ;E.E.F. JOSÉ MARIA DA SILVA;SÍTIO PÉ DO MORRO
FORTALEZA;117;180;BOM JARDIM;COLÉGIO LUMEN;RUA SÃO FRANCISCO DO JARDIM, 396
FORTALEZA;2;124;MESSEJANA;EEFM JOSE DE ALENCAR;RUA VENEZA, 84
FORTALEZA;2;731;COAÇU;EEFM GOV LUIZ DE GONZAGA FONSECA MOTA;RUA SANTA ROSA, 407
FORTALEZA;1;827;VICENTE PINZON;ESCOLA MUNICIPAL PROF BELARMINA CAMPOS;RUA MANOEL RODRIGUES MONTEIRO, 840
CRATEÚS;20;133;FATIMA I;ASSOCIAÇÃO PESTALOZI DE CRATEÚS;RUA JOAO RIBEIRO LIMA 183
FORTALEZA;118;542;BOA VISTA-CASTELÃO;EMEF ODILON GONZAGA BRAVEZA;AV. ALBERTO CRAVEIRO, 1480 C
FORTALEZA;113;412;VILA UNIÃO;COLÉGIO ART E MANHA;RUA SÃO MATEUS, 1020
AMONTADA;89;181;SABIAGUABA;EEB FRANCISCO ESTEVÃO DE ASSIS;SABIAGUABA
SOBRAL;24;72;CORAÇÃO DE JESUS;COLEGIO CORACAO DE JESUS;AVENIDA DA UNIVERSIDADE
IGUATU;13;34;PLANALTO;ESCOLA DE ENS MEDIO AMELIA FIGUEIREDO DE LAVOR;RUA 13 DE MAIO SN
FORTALEZA;113;377;MONTESE;CENTRO DE ENSINO GRAU TÉCNICO;RUA BARÃO DE SOBRAL, N.712
CHORÓ;6;362;CAIÇARINHA;EEIF ELIZEU CAMURÇA;FAZENDA CONCEIÇÃO, S/N
SOBRAL;24;420;JOSÉ EUCLIDES;EEFI MOCINHA RODRIGUES;RUA EVANGELINA SABOIA, S/N
ITAITINGA;78;284;JABUTI;EEF HENRIQUE GONÇALVES DA JUSTA;RUA SEBASTIÃO CAJUEIRO, 797
ITAITINGA;78;343;PARQUE GENEZARÉ;EEF DONA CONCEIÇÃO;RUA DR. MANOEL SÁTIRO, N 132
CAUCAIA;123;534;ARATURI (JUREMA);E.E.F.M. PRESIDENTE JOSÉ SARNEY;AV. CENTRAL OESTE, 262
MISSÃO VELHA;16;19;TRILHO DE FERRO;EEF MAJOR FELIPE;AVENIDA BRASILIA S/N.
JAGUARIBARA;72;67;CENTRO;SINDICATO DOS TRABALHADORES RURAIS DE JAGUARIBARA;RUA PAULA CLOTILDE, 455
FORTALEZA;115;374;PARANGABA;EEMTI GENERAL EUDORO CORREA;RUA JULIO BRAGA 101
ACOPIARA;60;99;TRUSSU;EEFM SOLON GUEDES CAVALCANTE;VILA DE TRUSSU
MISSÃO VELHA;16;77;ZONA RURAL;EEF NOEMIA CRUZ LANDIM;SITIO PASSAGEM DE PEDRA
CAUCAIA;123;355;MARECHAL RONDON (JUREMA);E.E.I.E.F. ECONOMISTA RUBENS VAZ DA COSTA;AVENIDA NOVO HORIZONTE, S/N
JUAZEIRO DO NORTE;119;96;SAO JOSE;ESCOLA ANTONIO FERREIRA DE MELO;RODOVIA JUAZEIRO/CRATO
LAVRAS DA MANGABEIRA;14;110;CRUZEIRO;ESCOLA DE 1 GRAU STELA SAMPAIO;BAIRRO DO CRUZEIRO S/N
IGUATU;13;10;VILA CIDAO;CAMPUS MULTI-INSTITUCIONAL HUMBERTO TEIXEIRA (URCA/UECE/CENTEC);AV DÁRIO RABELO SN
SOBRAL;24;618;JAIBARAS;EEFI - CARMOSINA F. GOMES (CEDRO - JAIBARAS);FAZENDA CEDRO
IGUATU;13;411;COHABS;ESCOLA DE ENS FUND PADRE JANUARIO CAMPOS (MUNICIPAL);ESTRADA DO BAU COHAB III
FARIAS BRITO;62;185;SEDE;EEFM GABRIEL BEZERRA DE MORAIS;RUA LIROMÁ FERNANDES DE OLIVEIRA, 266
CRATO;27;179;PONTA DA SERRA;EEIEF JOÃO PAULO II;VILA GUILHERME S/N
PIQUET CARNEIRO;12;16;IBICUA;EMEF ANA CLARA DE MAGALHAES;RUA JOSÉ TEOTÔNIO, S/N
SÃO GONÇALO DO AMARANTE;36;312;PARADA;ESCOLA DE ENSINO FUNDAMENTAL POETISA ABGAIL SAMPAIO;PARADA
UMIRIM;23;289;CENTRO-SEDE;E.E.F. MOCINHA GOMES DE SOUSA;RUA MAJOR SALES, 84
PEDRA BRANCA;59;70;TROIA;EEIF JOSE MENDES DA SILVA;SITIO POMBINHAS
FORTALEZA;115;401;MANOEL SÁTIRO;EEFM PROFESSOR MARIO SCHENBERG;RUA AMERICO ROCHA LIMA 835
POTIRETAMA;86;57;CENTRO;ESCOLA DE 1 E 2 GRAUS ANDRÉ CAMPELO;RUA HONOR DIOGENES SN
GENERAL SAMPAIO;50;107;CENTRO;EMEF Mª ARINDA LOBO DE MESQUITA;RUA JOSÉ SEVERINO FILHO, 209
ARACATI;8;293;CENTRO;INSTITUTO WALDEMAR FALCAO;RUA CEL POMPEU 720
FORTALEZA;114;211;FLORESTA;EM FRANCISCO SILVA CAVALCANTE;RUA CONSELHEIRO LAFAYETTE 205
MORADA NOVA;47;252;SAO JOSE;EEB PROFESSORA HILDA PONCIANO DE OLIVEIRA LIMA(ESCOLA MODELO);RUA RAIMUNDO CARNEIRO GIRÃO, 872
SOBRAL;24;616;JAIBARAS;EEFI PEDRO JUSTINO (MARACAJÁ - JAIBARAS);FAZENDA MARACAJÁ
CAPISTRANO;105;50;CENTRO;ESCOLA DE ENSINO BASICO DEPUTADO UBIRATAN DINIZ AGUIAR;RUA JOSE SARAIVA SOBRINHO S/N
BARREIRA;52;127;CÓRREGO;ESCOLA MANOEL MOREIRA;CARNAÚBA
CAMPOS SALES;38;125;B. GUARANI;E.E.I.F LUCIANO TÓRRES DE MELO - SEDE;RUA CELERINO  NEPOMUCENO DE CARVALHO - S/N
CRATEÚS;20;50;CENTRO;EEFM LOURENCO FILHO;RUA FIRMINO ROSA 587
FORTALEZA;2;400;MESSEJANA;CLUBE DA CAIXA;AVENIDA FREI CIRILO 4700
ASSARÉ;18;149;ZONA RURAL;ESCOLA JOAQUIM ROMEIRO DA SILVA;SITIO VARZEA COMPRIDA
UBAJARA;73;166;SITIO TABOCA;ESCOLA MADALENA HOLANDA SOARES;RODOVIA ESTADUAL CE 187 - SITIO TABOCA
VIÇOSA DO CEARÁ;35;106;SITIO OLARIA;E.E.F REGINALDO CARNEIRO DA CUNHA;SITIO OLARIA
JUAZEIRO DO NORTE;119;185;TIMBAUBA;ESCOLA ANTONIO BEZERRA MONTEIRO;SEBASTIAO CAVALCANTE SN
GUARACIABA DO NORTE;74;4;DISTRITO;ESCOLA MUNICIPAL SILVESTRE MESQUITA (VÁRZEA DOS ESPINHOS);VARZEA DOS ESPINHOS
FORTALEZA;118;594;DIAS MACEDO;EEMTI PADRE GUILHERME WAESSEN;RUA BOA VENTURA 916
FORTALEZA;118;638;PASSARÉ;EM FRANCISCO ANDRADE TEOFILO GIRAO;RUA UNIDOS VENCEREMOS, 2040
NOVA RUSSAS;48;107;TAMARINDO;ESCOLA MUNICIPAL SÃO FRANCISCO (UNIBOL);RUA FRANCISCO LOPES, S/N
CAMPOS SALES;38;4;B. CENTRO;E.E.I.F JOÃO XXIII - SEDE;TRAVESSA JOÃO XXIII, 205
IGUATU;13;90;CHAPADINHA;ESCOLA DE ENS FUND JUDITE CAVALCANTE;RUA CÍCERO VIEIRA SN
JAGUARETAMA;72;69;CENTRO;ESCOLA MUNICIPAL DE 1º.GRAU MANOEL CARLOTO PINHEIRO;RUA MANOEL CARNEIRO 97
TIANGUÁ;81;97;CENTRO;E.E.M.T.I. MONSENHOR AGUIAR;RUA TEÓFILO RAMOS, 553
IBICUITINGA;47;55;CENTRO;EEB ENEAS FERREIRA NOBRE;RUA CAPITAO MANOEL ANTONIO 2180
CRATO;27;203;MURITI;EEF PROF. JOSÉ DO VALE ARRAES FEITOSA;RUA VICENTE GREGÓRIO MARINHO, SN. N. SRA. DE FÁTIMA. BARRO BRANCO
FORTALEZA;117;411;CANINDEZINHO;CENTRO CULTURAL CANINDEZINHO;AV. OSÓRIO DE PAIVA, 6297
FORTALEZA;83;792;JÓQUEI CLUBE;COLÉGIO LUCÊ;RUA CUIABA 155
JUAZEIRO DO NORTE;119;147;PIRAJA;ESCOLA IZABEL DA LUZ;AV. AILTON GOMES S/N
UMIRIM;23;234;CENTRO-SEDE;CRECHE DONA MARIA DE ARAUJO CARNEIRO;RUA NOSSA SENHORA DA NATIVIDADE SN
FORTALEZA;85;117;CONJUNTO CEARÁ I;CCDH - CENTRO DE CIDADANIA E DIREITOS HUMANOS (ANTIGO LUCIO ALCANTARA);AV. ALANIS MARIA LAURINDO DE OLIVEIRA, 461, 1A ETAPA
HORIZONTE;78;123;QUEIMADAS;EEM QUILOMBOLA ANTÔNIA RAMALHO DA SILVA;RUA MARIA JOSÉ NOGUEIRA, 2255 - QUEIMADAS
FORTALEZA;116;42;GRANJA LISBOA;EM PROF ANTONIA MARIA DE LIMA;RUA SARGENTO JOAO PINHEIRO 2601
FORTALEZA;116;489;CONJUNTO CEARÁ II;EM FRANCISCO EDMILSON PINHEIRO;AVENIDA H, 2115, 4A ETAPA
BOA VIAGEM;63;241;CENTRO-SEDE;EEFM DOM TERCEIRO;RUA ALFREDO TERCEIRO  300
ITAPIPOCA;17;729;FAZENDINHA;EEEP RITA AGUIAR BARBOSA;AVENIDA ESAÚ ALVES AGUIAR, 3031
FORTALEZA;112;146;JARDIM DAS OLIVEIRAS;EEFM D. LUIZA TÁVORA - PRÓ MORAR;RUA FREI CANECA, 379
CAUCAIA;123;488;NOVA METRÓPOLE (JUREMA);E.E.I.E.F. FRANCISCA ALVES DO AMARAL;AV. B, 442 - NOVA METRÓPOLE
ACARAPE;52;119;MORENOS;ESCOLA RAIMUNDO ALVES DE SOUSA;MORENOS
IGUATU;13;30;PLANALTO;ESCOLA DE ENS MEDIO AMELIA FIGUEIREDO DE LAVOR;RUA 13 DE MAIO SN
SOBRAL;24;238;JORDÃO;EEM DR JOSE EUCLIDES FERREIRA GOMES JUNIOR - JORDAO;RUA ONOFRE GOMES DE OLIVEIRA
FORTALEZA;115;132;MARAPONGA;COLEGIO PROVECTO;RUA SUIÇA, 76
ACARAÚ;30;199;ZONA RURAL;ESCOLA PAULO VERISSIMO DE OLIVEIRA;ILHA DOS RATOS
ITAPIPOCA;17;442;ASSUNÇÃO;EEB ISAIAS TEIXEIRA PINTO;SANTAREM
HORIZONTE;78;214;ZUMBI;EMEF JOSE EDUARDO DE SOUSA;RUA MARIA LUIZA NORONHA - 405
GUAIÚBA;57;92;HELDER BEZERRA;EEM JOSÉ TRISTÃO FILHO;RUA MARIA DO CARMO, 100
FORTALEZA;113;191;BENFICA;FACULDADE DE PSICOLOGIA DA UFC;AV. DA UNIVERSIDADE, 2762
OCARA;67;243;CURUPIRA-DISTRITO;ESCOLA MUNICIPAL PEDRO DA COSTA GOMES - ENSINO FUNDAMENTAL;FOVEIRA
CAUCAIA;120;346;COITE PEDREIRA;E.E.I.E.F. MARIA INOCÊNCIA DE ARAÚJO;RUA PRINCIPAL, S/N
FORTALEZA;2;640;MESSEJANA;EEM LICEU DE MESSEJANA;AVENIDA WASHINGTON SOARES 7702
SANTA QUITÉRIA;54;191;ASSENTAMENTO BATOQUE;E. E. F. NEIDE RIBEIRO PONTE ARRUDA;ASSENTAMENTO BATOQUE
FORTALEZA;3;11;CENTRO;COLÉGIO TIRADENTES VESTIBULARES;RUA PEDRO I, 1106
CASCAVEL;7;41;CAPONGA;ESC.ENS.FUND. ANTONIO BATISTA DA SILVA;SITIO PRATA
CAUCAIA;123;505;MARECHAL RONDON (JUREMA);CIDI- CENTRO INTEGRADO DE DESENVOLVIMENTO INFANTIL;AV. NOVA ALVORADA, 490
FORTALEZA;118;313;PARQUE DOIS IRMÃOS;CEI FRANCISCA RODRIGUES DE SOUSA;RUA MAJOR TELÉSFORO S/N
FORTALEZA;118;470;PASSARÉ;EM PROFESSORA MARIA JOSÉ MACÁRIO COELHO;AVENIDA PASSARÉ, 530
JAGUARIBARA;72;57;CENTRO;ESPAÇO INFANTIL TIA MAMONCA;RUA CÍCERO FERNANDES, SN
CROATÁ;74;46;SEDE;ESCOLA DE ENSINO MEDIO FLAVIO RODRIGUES;CENTRO
NOVA RUSSAS;48;198;SÃO FRANCISCO;C. E. I. JOSÉ ODETE DE ALBUQUERQUE;RUA MARIA DO SOCORRO ABREU, S/N
PALHANO;9;307;LAGOA DA BARBADA;ESCOLA DE ENSINO FUNDAMENTAL JOSE NUNES SOBRINHO;LAGOA DA BARBADA
FORTALEZA;94;3;QUINTINO CUNHA;CENTRO COMUNITARIO CONJUNTO SAO FRANCISCO;RUA ILHA DO BOTE 367
FORTALEZA;93;101;PREFEITO JOSÉ WALTER;ESCOLA MUNICIPAL ARI DE SA CAVALCANTE (JOSÉ WALTER);AV. H, 430 III ETAPA
ITAPIPOCA;17;75;IPU MAZAGÃO;EEB FRANCISCA PINTO MARQUES;IPU MAZAGAO
MARCO;96;187;ZONA RURAL;EEF GUY NEVES OSTERNO;LOCALIDADE LAGOA JOAO DE SA
NOVA OLINDA;53;130;VILA ALTA;EEIEF JOSÉ LIBERALINO DA SILVA;RUA SÃO JOÃO, SN
CAUCAIA;120;136;MIRAMBE;E.E.I.E.F. MARIA DE LOURDES ROCHA;RUA DA IGREJA, 614 - TAQUARA/MIRAMBÉ
IGUATU;13;40;ALTO DO JUCÁ;ESCOLA DE ENS FUND JOSÉ ERITON BARROS COSTA;RUA APULCRO LIMA VERDE SN
ITAPIPOCA;17;717;BALEIA;EEB JOSÉ MARIA DA SILVEIRA;PRAIA DA BALEIA
ITAPIPOCA;17;712;CRUXATI;EEB LUZIA ROLA TEIXEIRA;MACACO I
HORIZONTE;78;227;CENTRO;EMEF MARIA REGIANA DA SILVA;RUA RAFAEL SANTOS, 530
IRAUÇUBA;41;204;MISSI;ESCOLA MUNICIPAL JOSEFA CLOTILDE TABOSA BRAGA;RUA ANARIO BRAGA SN
FORTALEZA;83;693;HENRIQUE JORGE;EDUCANDARIO FELIPE DOS SANTOS;RUA TERESINA 313
CRATO;27;316;GISÉLIA PINHEIRO;EEMTI JUVÊNCIO BARRETO;RUA JUVÊNCIO BARRETO S/N
FORTALEZA;2;153;MESSEJANA;EMEIF ANGELICA GURGEL;RUA DOUTOR PERGENTINO MAIA, 375
VIÇOSA DO CEARÁ;35;130;ZONA RURAL;ESCOLA DE ENSINO FUNDAMENTAL DE UBARI;SITIO UBARI
SOBRAL;24;472;DOM JOSÉ;EEFI ANTENOR NASPOLINI;RUA PREFEITO JERONIMO PRADO, S/N
AQUIRAZ;66;107;CAPONGA DA BERNARDA;EMEFJUSCELINO KUBITSCHEK;AV ANTONIO LOURENÇO DA SILVA S/N
TEJUÇUOCA;41;177;BOA ACAO;ESCOLA MUNICIPAL MAMEDE BARROSO;BOA ACAO
QUIXERÉ;29;238;TOME;EEB PROFESSORA IRENE NONATO DA SILVA;TOMÉ
FORTALEZA;114;269;PRESIDENTE KENNEDY;EM SÃO JOSÉ;AVENIDA DOUTOR THEBERGE 2288
JAGUARETAMA;72;8;CENTRO;EMEF 29 DE AGOSTO - PROFª MARIA ELIELZA PINHEIRO GUERRA;RUA TRISTAO GONCALVES 380
LIMOEIRO DO NORTE;29;59;CENTRO;FACULDADE DE FILOSOFIA D AURELIANO MATOS;AV DOM AURELIANO MATOS 2058
FORTALEZA;115;129;MARAPONGA;COLEGIO PROVECTO;RUA SUIÇA, 76
FORTALEZA;1;860;CAIS DO PORTO;ESCOLA MUNICIPAL PROF. GODOFREDO DE CASTRO FILHO;AVENIDA JOSÉ SABÓIA  905
FORTALEZA;115;370;VILA PERI;EM CATULO DA PAIXAO CEARENSE;RUA LEAO DO NORTE 300
FORTALEZA;2;57;LAGOA REDONDA;EM PROFª FERNANDA MARIA DE ALENCAR COLARES;AV PROF. ARTHUR DE CARVALHO, 1540
FORTALEZA;85;213;GENIBAÚ;ESCOLA MUNICIPAL PROF AMERICO BARREIRA;RUA RICARDO PONTES 529
GRANJA;25;27;SAMBAIBA;E.E.F. INACIO FRANCISCO (ANEXO);SAMBAIBA (ENTRADA DA SAMBAIBA)
PACATUBA;57;327;CONJUNTO JEREISSATI III;EEF MARIA MIRTES HOLANDA DO VALE;RUA 02, NUMERO 100
CAUCAIA;123;356;MARECHAL RONDON (JUREMA);E.E.I.E.F. ECONOMISTA RUBENS VAZ DA COSTA;AVENIDA NOVO HORIZONTE, S/N
ITAPIPOCA;17;214;DESERTO;EEFMI HILDEBERTO BARROSO;AVENIDA VEREADORA LEIDA SOARES, 1205
ICÓ;15;195;NOVO CENTRO - SEDE;EEMTI - PADRE JOSÉ ALVES DE MACÊDO;AV. FRANCISCO CAETANO DANTAS, S/N
CASCAVEL;7;141;SITIO BICA;CEI MARIA AFIFE SARQUIS QUEIROZ ;RUA SDO, 141 SITIO BICA
JUAZEIRO DO NORTE;119;469;LAGOA SECA;UNILEÃO - UNIVERSIDADE DR LEAO SAMPAIO - CAMPI LAGOA SECA;AV. MARIA LETICIA LEITE PEREIRA, S/N
MARACANAÚ;122;205;NOVO ORIENTE;EMEF JOSE DANTAS SOBRINHO;AV. CENTRAL, S/N
CAUCAIA;37;33;ITAMBE;E.E.F. FLAVIO PORTELA MARCILIO;RUA 05, 23 - CONJ. VICENTE ARRUDA
SOBRAL;121;14;SINHÁ SABÓIA;ESCOLA CARLOS JEREISSATI;AV SENADOR FERNANDES TAVORA, 950
HORIZONTE;78;399;ALTO DA ESTRELA;EMEF MARIA TEODORA EVANGELISTA ;RUA MILTON FIGUEIREDO, 290
MULUNGU;5;154;CENTRO-SEDE;CRAS - CENTRO DE REFERÊNCIA E ASSISTÊNCIA SOCIAL;RUA CORONEL JUSTINO CAFE
FORTALEZA;112;440;EDSON QUEIROZ;COLEGIO ARI DE SA CAVALCANTE WS;AV WASHINGTON SOARES, 3737
PALMÁCIA;4;160;CENTRO;EEF JOSÉ ILDEFONSO CAMPOS;RUA FRANCISCO DE QUEIROZ, 2500
SOBRAL;24;524;ALTO DA BRASÍLIA;EEFI RAIMUNDO PIMENTEL GOMES - CAIC;RUA PRINCESA ISABEL, S/N
ITAPIPOCA;17;437;ARAPARI;EEB DE SÃO COSMO;SÃO COSMO
PENTECOSTE;50;60;ACAMPAMENTO;EMTI FRANCISCO SÁ;AVENIDA DR. JOSÉ DE BORBA VASCONCELOS, 672
UBAJARA;73;88;DISTRITO JABURUNA;ESCOLA LUIZ RIBEIRO DA SILVA;DISTRITO JABURUNA
BARBALHA;31;161;BARRO BRANCO (MINHA CASA MINHA VIDA);CEI MARIA NEITE CRUZ (MINHA CASA MINHA VIDA);RUA PROJETADA 02 (MINHA CASA MINHA VIDA - RESID PEDRO RAIMUNDO DA CRUZ
FORTALEZA;95;236;CONJUNTO PALMEIRAS;CEI MARIA DO SOCORRO FERREIRA VIRINO;RUA VALPARAÍSO, 339
GUARACIABA DO NORTE;74;86;DISTRITO;ESCOLA MUNICIPAL DE SAO FELIX;SAO FELIX
ITAPIPOCA;17;19;CRUZEIRO;EEFMI CORONEL MURILO SERPA;RUA ANASTACIO BARROSO VALENTE 318
BREJO SANTO;70;204;TIMBAUBA-SEDE;E E F AFONSO TAVARES DE LUNA;VILA TIMBAUBA
REDENÇÃO;52;58;CENTRO (SEDE);ESCOLA MARIA AUGUSTA RUSSO DOS SANTOS;RUA SANTOS DUMONT, S/N
CARNAUBAL;22;17;SEDE;ESCOLA COSME RODRIGUES DE SOUSA;RUA PRESIDENTE MEDICE SN
FORTALEZA;93;222;PREFEITO JOSÉ WALTER;CEI FRANCISCO SALES FERNANDES;AV K, S/N
FORTALEZA;93;183;MONDUBIM;EEFM ESTADO DO MARANHAO;RUA CARLOS PIMENTA,506
JUAZEIRO DO NORTE;119;102;JOAO CABRAL;ESCOLA LILI NERY;RUA PADRE ALCANTARA, 1000
CARIÚS;43;182;SAO BARTOLOMEU-DISTRITO;EEIF AMARO BATISTA DA CUNHA (ANTIGA MANOEL DUARTE DE OLIVEIRA PASSOS);VILA SAO BARTOLOMEU
IPUEIRAS;40;49;CENTRO;ESCOLA DE ENSINO FUNDAMENTAL CREUSA MELO - CENTRO;RUA DUQUE DE CAXIAS, S/N
GRAÇA;79;162;SITIO JABURU;EEF JOAO SALMITO DE ALMEIDA;SITIO JABURU
FORTALEZA;112;540;CIDADE DOS FUNCIONÁRIOS;COLEGIO MASTER SUL;RUA BENJAMIM MOURA, 631
CHOROZINHO;49;101;VILA REQUEIJAO;COLEGIO GUIBSON MARINHO DOS SANTOS;AV SABINO MOREIRA SN
ITAPIPOCA;17;63;IPU MAZAGÃO;EEB FRANCISCA PINTO MARQUES;IPU MAZAGAO
CASCAVEL;7;46;CORREGO DO CAJUEIRO;ESC.ENS.FUND. RAIMUNDO GOMES DO NASCIMENTO;CORREGO DO CAJUEIRO
FORTALEZA;93;284;PREFEITO JOSÉ WALTER;COLEGIO 21 EDUCAR;AV JOAO DE ARAUJO LIMA, 1240 - II ETAPA
FORTALEZA;115;174;MONTESE;EEMTI JOAO MATTOS;RUA ALMIRANTE RUBIM, 1014
FORTALEZA;93;201;PLANALTO AYRTON SENNA;LICEU ESTADUAL DOMINGOS BRASILEIRO;RUA PLANALTINA, S/N
HORIZONTE;78;206;QUEIMADAS;CENTRO CULTURAL QUILOMBOLA NEGRO CAZUZA;RUA CHAGAS BENTO, 124
ITAITINGA;78;322;JABUTI;EEF FRANCISCO SALES FILHO;RUA MARIO SALES, 460
POTIRETAMA;86;58;CENTRO;ESCOLA DE 1 E 2 GRAUS ANDRÉ CAMPELO;RUA HONOR DIOGENES SN
NOVA OLINDA;53;122;SÍTIO SERRINHA;POSTO DE SAÚDE PEDRO BATISTA DA COSTA;SÍTIO SERRINHA
MASSAPÊ;45;50;ZONA RURAL;CRECHE JOSE CLAUDIO DE AGUIAR;POVOADO DE IPAGUACUMIRIM
MASSAPÊ;45;94;ZONA RURAL;CRECHE JOSE PEREGRINO DE SOUZA;DISTRITO DE TUÍNA
MASSAPÊ;45;103;ZONA RURAL;EEF FRANCISCA DIOGO GOMES;DISTRITO DE SALGADINHO
FORTALEZA;93;261;MONDUBIM;CENTRO EDUCACIONAL BRAGA GUERRA;RUA D, N 414
IPAUMIRIM;92;120;SERROTE-SITIO;ASSOCIAÇÃO COMUNITÁRIA DO SERROTE;SITIO SERROTE SN
SOBRAL;24;118;PADRE PALHANO;EEFI MARIA JOSE FERREIRA GOMES;RUA PRESIDENTE JUSCELINO KUBITSCHEK, S/N
FORTALEZA;1;733;VICENTE PINZON;ESCOLA MUNICIPAL PROF BELARMINA CAMPOS;RUA MANOEL RODRIGUES MONTEIRO, 840
FORTALEZA;80;199;AEROLÂNDIA;EEFM PROFª  MARIA CONCEICÃO PORFÍRIO TELES;RUA MONTE CRISTO, 177
IPUEIRAS;40;53;VAMOS VER;GRUPO ESCOLAR MONSENHOR FONTENELE - VAMOS VER;RUA ZACARIAS RIBEIRO MIRANDA, 653
CHAVAL;108;95;POVOADO CAFUNDÓ;EEF LIBÓRIO ADRIÃO DE ARAÚJO;POVOADO DE CAFUNDÓ
CAUCAIA;123;375;NOVA METRÓPOLE (JUREMA);E.E.F. EDGARD VIEIRA GUERRA;AV. CONTORNO SUL, 255
ACOPIARA;60;280;VILA MOREIRAS I;EEF JOAO MOREIRA DE BARROS;RUA 21 DE ABRIL, SN
JAGUARUANA;75;42;CENTRO;IFCE INSTITUTO FEDERAL DO CEARÁ;AV DR ANTÔNIO DA ROCHA FREITAS, 1566
CHORÓ;6;295;MARAVILHA;EEIF FRANCISCO SEGUNDO;BOA VISTA, S/N, MARAVILHA
PENTECOSTE;50;51;ZELADORIA;EEF GOVERNADOR WALDEMAR ALCÂNTARA;RUA PEDRO HORÁCIO, 297
BATURITÉ;5;106;CENTRO-SEDE;EMEF DOMINGOS SAVIO;AV DOM BOSCO, 393
IGUATU;13;334;JOÃO PAULO II;CAIC - ESCOLA DE ENS FUND FRANCISCO DAS GRAÇAS ALVES BERTO;CONJUNTO JOAO PAULO II                                    S/N
FORTALEZA;114;8;ÁLVARO WEYNE;COLÉGIO MANUEL DA SILVA (ÁLVARO WEYNE);RUA SÃO BERNARDO 181
FORTALEZA;93;78;MONDUBIM;EM JONATHAN DA ROCHA ALCOFORADO;RUA MARIA GOMES DE SÁ,1030 ARACAPÉ
VIÇOSA DO CEARÁ;35;190;LAMBEDOURO;E.E.I.F ANTONIO CARNEIRO MAGALHAES;SITIO CARAUBAS
PENTECOSTE;50;224;ZONA RURAL;EMTI PREFEITO ANTÔNIO CARNEIRO - ANEXO(PROVIDÊNCIA);MUQUENZINHO
CRATO;27;140;SANTA FÉ;EEIEF PAULO LIMAVERDE;ROD. VICENTE TELES, SN. DISTRITO DE SANTA FÉ - SEDE.
COREAÚ;64;58;Centro;COREAÚ - SECRETARIA MUNICIPAL DE EDUCAÇÃO;AV. PREFEITO VILAR FONTENELE, 81- CENTRO
CAUCAIA;37;201;GUARARU;E.E.F. MARIA GOMES BRASILEIRO;BR 222 - KM 27 - REGIÃO DO GUARARU
JARDIM;119;371;SITIO LAGOINHA;ASSOCIAÇÃO JARDINENSE DE AGROECOLOGIA;SITIO LAGOINHA
FORTALEZA;118;211;SERRINHA;ESCOLA EVANGELICA MONTE SINAI;RUA BRUNO VALENTE, 847
EUSÉBIO;88;108;CENTRO;ESCOLA PROFISSIONALIZANTE EUSEBIO DE QUEIROZ;RUA MARIA TEIXEIRA JOCA, SN
MIRAÍMA;89;229;ÁREA RURAL DE MIRAÍMA;EEB JOÃO BATISTA DE FREITAS;MULUNGU
MARACANAÚ;104;1;BOA VISTA;EMEIEF COMISSÁRIO FRANCISCO BARBOSA;RUA 11, 116
PENTECOSTE;50;108;ZONA RURAL;EMTI PREFEITO ANTÔNIO CARNEIRO;PROVIDÊNCIA
POTENGI;68;66;CENTRO;ESCOLA MUNICIPAL LUIZA MENDES RODRIGUES - SEDE;RUA FRANCISCO RODRIGUES DA FONSECA , 492 - SÃO FRANCISCO
SABOEIRO;43;250;DISTRITO SÃO JOSÉ;E.E.F. ALDIZIO FERREIRA DOS SANTOS;DISTRITO SAO JOSE
PIRES FERREIRA;21;61;DISTRITO;E.E.F. LUIZ ALVES DE FREITAS;PASSA SEDE
JARDIM;119;398;SITIO MONTANHAS;CAPELA NOSSA SENHORA DE FÁTIMA;SÍTIO MONTANHAS - ZONA RURAL
JAGUARETAMA;72;43;SITIO SERROTE BRANCO;E.M.E.F JOSE TEIXEIRA NERES;SITIO SERROTE BRANCO
LAVRAS DA MANGABEIRA;14;4;CENTRO - SEDE;EEMTI FILGUEIRAS LIMA;RUA HILDA AUGUSTO, 429, ROSÁRIO
CRATO;27;336;PARQUE GRANGEIRO;EEIEF MARIA PIA BRÍGIDO E SILVA;RUA MARCOS MATHIAS S/N
AURORA;69;57;CALUMBI-SITIO;E.E.I.F. VICENTE RODRIGUES DOS SANTOS;SITIO CALUMBI S/N
IPAUMIRIM;92;133;CENTRO-SEDE;CENTRO DE EDUCAÇÃO INFANTIL TIA ZÊ;VILA ALTO BANDEIRANTE
NOVA OLINDA;53;101;EXTREMA;ASSOCIAÇÃO DOS AGRICULTORES DOS SÍTIO EXTREMA;SÍTIO EXTREMA
SOLONÓPOLE;55;142;PASTA;GRUPO ESCOLAR ANTONIO BENIGNO BEZERRA;DISTRITO PASTA
BELA CRUZ;96;64;AROEIRA-LOCALIDADE;EMEIEF SAO RAIMUNDO;AROEIRA
AURORA;69;118;CALUMBI-SITIO;E.E.I.F. VICENTE RODRIGUES DOS SANTOS;SITIO CALUMBI S/N
GRANJA;25;112;CENTRO;PATRONATO MONSENHOR VITORINO DE OLIVEIRA;RUA CONRADO PORTO, 350
MARACANAÚ;122;227;ACARACUZINHO;EMEF MANOEL RODRIGUES PINHEIRO DE MELO;AVENIDA CENTRAL, 2000
JAGUARUANA;75;27;CENTRO;E.E.M. FRANCISCO JAGUARIBE (2 GRAU);RUA CEL RAIMUNDO FRANCISCO, 1135
CEDRO;13;543;VÁRZEA DA CONCEIÇÃO;PSF DA PITOMBEIRA;ST PITOMBEIRA
FORTALEZA;3;222;CENTRO;FAC. ESTÁCIO - UNIDADE CENTRO (ANTIGO COLÉGIO CEARENSE);AV. DUQUE DE CAXIAS, 101
MILHÃ;55;144;CARNAUBINHA;ESCOLA DE ENSINO BASICO RAIMUNDO BEZERRA FIGUEIREDO;RUA VALDINA DE LIMA
CAMPOS SALES;38;8;B. CENTRO;AGÊNCIA DA PREVIDÊNCIA SOCIAL -  INSS.;AVENIDA FRANCISCO ADEMAR DE ANDRADE, 967
CHOROZINHO;49;406;NOVO HORIZONTE;EEF JOAQUIM ANGELINO DA SILVA;LOCALIDADE NOVO HORIZONTE
SOBRAL;24;549;JAIBARAS;ANEXO JOAO PINTO DE OLIVEIRA (IPUEIRINHA);LOCALIDADE IPUERINHA
CARNAUBAL;22;195;SEDE;ESCOLA COSME RODRIGUES DE SOUSA;RUA PRESIDENTE MEDICE SN
BEBERIBE;84;180;SUCATINGA;ESCOLA MUNICIPAL ACELINO TIMOTEO;LAGOA DOS TANQUES
SOBRAL;121;92;SINHÁ SABÓIA;CEI JACYRA PIMENTEL GOMES;RUA RIO NEGRO SN
FORTALEZA;1;850;ALDEOTA;COLEGIO ARI DE SA - MONSENHOR CATAO;RUA MONSENHOR CATAO, 1655
FORTALEZA;2;58;LAGOA REDONDA;EM PROFª FERNANDA MARIA DE ALENCAR COLARES;AV PROF. ARTHUR DE CARVALHO, 1540
FORTALEZA;117;285;MANOEL SÁTIRO;EMEIF MARIA BEZERRA QUEVEDO;RUA 103, 28 - CJ. NOVO MONDUBIM
ARARENDÁ;48;56;LAGOA DE SANTO ANTONIO;CRECHE FAUSTO MARQUES BRASIL(ANTIGA CRECHE ARCO IRIS);DISTRITO DE LAGOA DE SANTO ANTONIO
SENADOR POMPEU;12;108;SAO JOAQUIM;EEIEF ANTONIO JACOB FILHO;SAO JOAQUIM DE BAIXO
BATURITÉ;5;86;CANDEIA BOA VISTA-POVOADO;EMEF MARIA DE LOURDES DA SILVEIRA;CANDEIA BOA VISTA, SN
RUSSAS;9;320;VARZEA ALEGRE;ESCOLA MUNICIPAL CORACAO DE JESUS;RUA OCION LOPES DA SILVEIRA S/N
CRUZ;30;421;CANEMA;ESCOLA FILOMENA MARTINS DOS SANTOS;CANEMA
PACAJUS;49;405;TIRIRICA;EEF RAIMUNDO SENA;TIRIRICA - LAGOA SECA II
IRACEMA;86;114;ZONA RURAL;POSTO DE SAÚDE OTAVIO JOSÉ DE LIMA;SITIO FOZ
FORTALEZA;3;218;CENTRO;COLÉGIO ESTADUAL JUSTINIANO DE SERPA;AV. SANTOS DUMONT, 56
MOMBAÇA;46;5;CENTRO;EEF PE. PEDRO LEÃO;RUA FRANCISCO DE ASSIS BARROSO FEIJÓ
QUIXADÁ;6;377;CUSTÓDIO;EEF MAURA DE OLIVEIRA SÁ;IPUEIRAS, S/N
QUIXADÁ;6;480;VÁRZEA DA ONÇA;EEF MARIA MAIA DE FREITAS;VÁRZEA DA ONÇA, S/N
ARACOIABA;67;32;IDEAL-DISTRITO;ESCOLA MUNICIPAL JOAO ANDRE PEREIRA;ANDRENOPOLIS - BORGES DE CIMA
CASCAVEL;7;212;CENTRO;CENTRO EDUCACIONAL MUNICIPAL PROFESSORA MARIA ESTER DA COSTA SILVA;AV CORONEL LEITE, 2045
PENTECOSTE;50;50;ZELADORIA;EEF GOVERNADOR WALDEMAR ALCÂNTARA;RUA PEDRO HORÁCIO, 297
PACAJUS;49;160;ITAIPABA;CENTRO EDUCACAO DEPUTADO PEDRO JOSE;ITAIPABA
TARRAFAS;18;32;CENTRO;ESCOLA DE 1 E 2 GRAUS DONA EMILIA FERREIRA DE OLIVEIRA;AV MARIA LUIZA LEITE SANTOS  S/N
MAURITI;76;107;SAO MIGUEL-DISTRITO;CRECHE ARCO-IRIS;RUA DOS PEREIRAS, S/N
SOBRAL;121;323;COHAB I;EEFM MONS. JOSE GERARDO FERREIRA GOMES(NOELIA);RUA MADALENA DE SÁ, S/N
SOBRAL;121;90;SINHÁ SABÓIA;CEI JACYRA PIMENTEL GOMES;RUA RIO NEGRO SN
TEJUÇUOCA;41;249;POVOADO MACACO;CRECHE NEDI SONHO DE CRIANÇA;LOCALIDADE DE MACACO
PORANGA;40;79;SEDE;EMEB ITELVINA SILVINA DE PINHO - SEDE;AV. DR. EPITÁCIO PINHO
FORTALEZA;115;264;MONDUBIM;LAR FABIANO DE CRISTO;RUA CEL. JAIME ROLEMBERG, 100
FORTALEZA;113;435;MONTESE;ESCOLA MUNICIPAL VICENTE FIALHO;RUA IRMA BAZET, 193
BEBERIBE;84;170;ITAPEIM;ESCOLA MUNICIPAL JOAO RODRIGUES DO NASCIMENTO;JATOBA
CAUCAIA;120;145;TUCUNDUBA;E.E.I.E.F. JOSÉ NUNES DE MIRANDA;BR 020 - TUCUNDUBA, S/N
TABULEIRO DO NORTE;91;32;SITIO TAPUIO I;POSTO DE SAUDE DO SITIO TAPUIO I;SITIO TAPUIO  I
MAURITI;76;102;SÃO FÉLIX-DISTRITO;EEF SÃO JOSÉ;DISTRITO DE SÃO FÉLIX - SAÍDA PARA OLHO D'ÁGUA
JAGUARIBE;10;96;DISTRITO DE NOVA FLORESTA;EEIF ULISSES PARANHOS MAIA;RUA FRANCISCO GOMES DE CASTRO, 399
PEDRA BRANCA;59;82;SEDE;EEIF MANOEL LUIZ DE CARVALHO;SITIO SANTO AMARO
CRUZ;30;209;ZONA RURAL;ESCOLA JOAQUIM JOSE MONTEIRO;LAGOA DOS MONTEIROS
CRUZ;30;421;CANEMA;ESCOLA FILOMENA MARTINS DOS SANTOS;CANEMA
LIMOEIRO DO NORTE;29;279;ÁREA RURAL;ESCOLA DE 1 GRAU ANTONIO ALONSO DE OLIVEIRA;SITIO GENIPAPEIRO
JAGUARUANA;75;126;ASSENTAMENTO BELA VISTA;E.E.F. NOSSA SENHORA DO LIVRAMENTO;ASSENTAMENTO BELA VISTA
FORTALEZA;115;347;PARANGABA;EEEP JOAQUIM MOREIRA DE SOUSA;RUA CAIO PRADO 02
ITAPIPOCA;17;706;BARRENTO;EEB PEDRO PEREIRA;SÃO TOMÉ
PENTECOSTE;50;79;ZONA RURAL;EMTI PREFEITO ANTÔNIO CARNEIRO;PROVIDÊNCIA
TAUÁ;19;156;INHAMUNS;ESCOLA JOSÉ CAÇULA PEDROSA (ANTIGA E.E.F.M. ABRAHÃO SCARCELA);VERA CRUZ
RERIUTABA;79;102;OITIZEIRO;E.E.I.F. MARCELO DA CUNHA ARAÚJO;OITIZEIRO - ZONA RURAL
PARAMOTI;111;182;ZONA RURAL;ESCOLA PAULO VI;BARRA DO JUÁ
LAVRAS DA MANGABEIRA;14;118;MANGABEIRA - DISTRITO;CENTRO DE EDUCAÇÃO INFANTIL PAPA PAULO VI - CRECHE;RUA TOMAZ DE LEMOS, S/N, CENTRO
CAUCAIA;120;344;COITE PEDREIRA;E.E.I.E.F. MARIA INOCÊNCIA DE ARAÚJO;RUA PRINCIPAL, S/N
CASCAVEL;7;61;JACARECOARA;ESC.ENS.FUND. ANTONIA FERREIRA DA SILVA;RUA FRANCISCO CAPISTRANO SN - CENTRO
IGUATU;13;573;JOSÉ DE ALENCAR;ESCOLA DE ENS FUND OSMINDO MANGUEIRA DE SOUSA;SITIO BARROCAS
CRATO;27;155;CENTRO;EEIEF SÃO FRANCISCO;RUA BRIGADEIRO LEANDRO BEZERRA MONTEIRO, 406
SÃO BENEDITO;22;57;SITIO CARNAUBAL DOS MEDEIROS;EEF CARNAUBAL DOS MEDEIROS;SITIO CARNAUBAL DOS MEDEIROS
SENADOR POMPEU;12;178;PAVAOZINHO;UNIDADE BASICA DE SAUDE DO PAVAOZINHO;TRAVESSA ANA FRANCO DO NASCIMENTO, S/N
MARANGUAPE;4;59;CENTRO - MARANGUAPE;CVT MARANGUAPE;RUA WALTER LOPES, 149
GRANJA;25;44;IBUGUAÇU;E.E.F. MARTINIANO FONTENELE MAGALHÃES;AV. MARTINIANO FONTENELE MAGALHÃES, S/N
COREAÚ;64;121;Cunhassu dos Sales;CUNHASSU DO SALES - ESCOLA MUN. JOSÉ DE SALES;LOCALIDADE CUNHASSU DOS SALES
SOLONÓPOLE;55;36;SAO JOSE;ESCOLA DE 1 GRAU MUNDOCA MOREIRA;RUA MIGUEL FIRMIANO
FORTALEZA;3;211;CENTRO;EM ALBA FROTA;AV. DOM MANUEL, 914
HIDROLÂNDIA;54;10;CENTRO;E.E.F.M. CENTRO EDUCACIONAL OLCINO PEREIRA DE SOUZA;RUA FELIZALVINA MOURÃO DA ROCHA, 420
FORTALEZA;117;151;NOVO MONDUBIM;CUCA MONDUBIM;RUA PROFESSOR GLAUCO LOBO S/N
ARACOIABA;67;94;IDEAL-DISTRITO;ESCOLA DE IDEAL - ENSINO FUNDAMENTAL E MEDIO;RUA DO COMERCIO SN
ASSARÉ;18;54;CENTRO;ESCOLA PROFESSORA. BATISTINA BRAGA;RUA DR PAIVA VILA MOTA SN
CAMPOS SALES;38;56;B. CENTRO;INSTITUTO EDUCACIONAL PROFESSORA MARIA DULCE DE ALENCAR - (MDA) - SEDE;RUA JULIO NORÕES, 531
CRATEÚS;20;134;CIDADE NOVA;CENTRO DE EDUCACAO DE JOVENS E ADULTOS PROFESSOR LUIZ BEZERRA;RUA DR LUIZ CHAVES E MELO
PIQUET CARNEIRO;12;23;IBICUA;EMEF ANA CLARA DE MAGALHAES;RUA JOSÉ TEOTÔNIO, S/N
DEPUTADO IRAPUAN PINHEIRO;55;97;CENTRO;EEB FRANCISCA JOSUÉ DE SOUZA CARNEIRO;VILA SILVEIRA, 0
CEDRO;13;495;SÃO MIGUEL;ESCOLA DE ENS FUND PEDRO MOREIRA DO CARMO;ST RECANTO
SÃO BENEDITO;22;82;SITIO CARNAUBAL DOS MEDEIROS;EEF CARNAUBAL DOS MEDEIROS;SITIO CARNAUBAL DOS MEDEIROS
CRATO;27;135;SANTA FÉ;EEIEF PAULO LIMAVERDE;ROD. VICENTE TELES, SN. DISTRITO DE SANTA FÉ - SEDE.
JUAZEIRO DO NORTE;28;486;HORTO;EMEI SENADORA ALACOQUE BEZERRA;RUA BOM JESUS DO HORTO, SN
AQUIRAZ;66;359;DIVINEIA;CEI MARIA ELCIR BRITO DE LIMA;RUA JOÃO DE CASTRO, 59
CAUCAIA;37;161;TABULEIRO GRANDE;ESCOLA DIFERENCIADA CACIQUE ANTONIO FERREIRA DA SILVA(COMUN. INDIGENA);TRAV. EDGAR VIEIRA GUERRA, S/N, REGIÃO GARROTE
SABOEIRO;43;271;FELIPE;E.E.F. FRANCISCO ALVES DE OLIVEIRA;POVADO FELIPE
COREAÚ;64;140;Agrovila 2000;AGROVILA 2000 - PRÉDIO DA ESCOLA MUNICIPAL;LOCALIDADE DE AGROVILA, COREAÚ/CE
CASCAVEL;7;269;JACARECOARA;ESC.ENS.FUND. JOÃO BRAGA DE SANTANA;CHORO PEDRINHAS
PIRES FERREIRA;21;121;DISTRITO;E.E.F. JOAO FERREIRA DE ABREU;ANGICOS
JUAZEIRO DO NORTE;119;478;LAGOA SECA;UNILEÃO - UNIVERSIDADE DR LEAO SAMPAIO - CAMPI LAGOA SECA;AV. MARIA LETICIA LEITE PEREIRA, S/N
POTIRETAMA;86;63;BARROS;ESCOLA DE 1 GRAU EUGENIO JOSE DE MOURA;SITIO BARROS
JAGUARETAMA;72;100;SÍTIO NOVO;UNIDADE BÁSICA DE SAÚDE MARIA LUZANDIRA PINHEIRO DE BRITO;SÍTIO NOVO
QUITERIANÓPOLIS;99;122;ZONA RURAL;EEIF FRANCISCO RODRIGUES DE MACÊDO;MONTEIRO
CROATÁ;74;193;DISTRITO;ESCOLA MUNICIPAL DE VARZANTE;VARZANTE
CANINDÉ;33;68;ZONA RURAL;EMEF JOSE BERNARDO UCHOA;VAZANTE DO CURU
ICÓ;15;58;CRUZEIRINHO - DISTRITO;ESCOLA MUNICIPAL ALCIDES DA COSTA MOREIRA;DISTRITO CRUZEIRINHO S/N
ARNEIROZ;101;59;CACHOEIRA DE FORA;GRUPO ESCOLAR JOAO MONTEIRO;CACHOEIRA DE FORA
POTENGI;68;68;DISTRITO DE BARREIROS;UBS ANTONIO ALVES PEQUENO - BARREIROS;VILA BARREIROS
TARRAFAS;18;16;CENTRO;CENTRO COMUNITARIO JOSE AMERICO RODRIGUES;ALTO SN                                           TARRAFAS
SALITRE;38;138;ZONA RURAL, SALITRE/CE;E.E.I.F JOSE GOMES DE SOUZA - SÍTIO SERRINHA DOS GERALDOS;SÍTIO SERRINHA DOS GERALDOS
CARNAUBAL;22;150;SITIO CACHOEIRA DO SUL;CRAS - CACHOEIRA DO SUL;SITIO CACHOEIRA DO SUL
AIUABA;101;76;LAGOA DOS VIEIRAS;ESCOLA DE PRIMEIRO GRAU JOSE CUSTODIO BIZARRIA;SITIO LAGOA DOS VIEIRAS SN
BARRO;92;27;IARA-DISTRITO;ESCOLA DE ENSINO BASICO DEP. ANTONIO LEITE TAVARES;BR 116 - KM 447
MOMBAÇA;46;90;CENTRO;ESCOLA DE ENSINO FUNDAMENTAL CÂNDIDO SIMAO;CANGATI - DISTRITO DE CANGATI
MAURITI;76;120;BURITIZINHO-DISTRITO;CRECHE MAGIA;RUA MANOEL FELIPE, S/N - POVOADO DE SANTO ANTONIO DOS FELIPES
MILHÃ;55;132;CARNAUBINHA;ESCOLA DE ENSINO BASICO RAIMUNDO BEZERRA FIGUEIREDO;RUA VALDINA DE LIMA
SOLONÓPOLE;55;33;PASTA;GRUPO ESCOLAR ANTONIO BENIGNO BEZERRA;DISTRITO PASTA
CEDRO;13;439;CENTRO;COLEGIO ESTADUAL CELSO ARAUJO;RUA ZE PAJE, 241
SENADOR POMPEU;12;178;PAVAOZINHO;UNIDADE BASICA DE SAUDE DO PAVAOZINHO;TRAVESSA ANA FRANCO DO NASCIMENTO, S/N
ITAITINGA;78;296;RIACHÃO;EEF GALDINO ASSUNÇÃO FILHO;RUA LAURA DE SOUSA, 33
ASSARÉ;18;40;CENTRO;ESCOLA DE ENSINO FUNDAMENTAL RAUL ONOFRE;RUA PADRE EMILIO CABRAL SN     ASSARE
ARARENDÁ;48;195;ASSENTAMENTO ITAURÚ;E. E. F.  SATURNINO ABREU MEMÓRIA;LOCALIDADE DE ITAURU
ITAPAJÉ;41;306;OITICICA;ESCOLA MUNICIPAL JOSE BARBOSA DE OLIVEIRA;SITIO OITICICA
PENTECOSTE;50;56;CENTRO;CÂMARA MUNICIPAL DE PENTECOSTE;RUA DOUTOR MOREIRA DE AZEVEDO, S/N
PEDRA BRANCA;59;81;TROIA;E.E.I.F. CENTRO EDUCACIONAL VICENTE ALVES DE MELO;TROIA
SOBRAL;121;335;BONFIM;ESCOLA ELDA CAVALCANTE LIMA - BONFIM (TEMPO INTEGRAL);RODOVIA MOACIR LIMA FEIJAO
IPAPORANGA;20;255;ÁGUA BRANCA;ESCOLA DE ENSINO FUNDAMENTAL SANTA RITA DE CASSIA;AGUA BRANCA
CRATO;27;232;DOM QUINTINO;EEIEF RAIMUNDO NONATO DE SOUZA;RUA SEBASTIÃO DE SOUZA MARTINS, 143
CAMOCIM;32;82;ZONA RURAL;E.E.F SANTO ANTÔNIO II - GURIU;LOCALIDADE GURIU
CRATO;27;275;VILA ALTA;CENTRO DE EDUCAÇÃO INFANTIL MANOEL ALMINO;RUA DOUTOR RAIMUNDO NORÕES DE MILFONT, 552
IPUEIRAS;40;32;GÁSEA;EEF FRANCISCO GOMES DE MELO - GÁSEA;GÁSEA
MILAGRES;26;36;ROSARIO - PODIMIRIM;ESCOLA DONA MARIQUINHA BELO;AV MANOEL FURTADO DOS SANTOS S/N
BARBALHA;31;123;PARQUE BULANDEIRA;EEEP OTÍLIA CORREIA SARAIVA (LICEU DE BARBALHA);RUA PROJETADA I, S/N (7.29196 S, 39.31251 W)
EUSÉBIO;88;136;JABUTI;EEF RAUL TAVARES CAVALCANTE II;RUA LOURIVAL SALES, S/N - JABOTI
MARANGUAPE;4;482;TABATINGA - SAPUPARA;EEFM LUIZ GIRÃO;AVENIDA TABATINGA, S/N
FORTALEZA;117;150;NOVO MONDUBIM;CUCA MONDUBIM;RUA PROFESSOR GLAUCO LOBO S/N
FORTALEZA;2;71;MESSEJANA;EEEP JOSE DE BARCELOS;RUA ANGELICA GURGEL 362
CAMPOS SALES;38;9;DIST. DE ITAGUÁ;E.E.F.T.I  ANÂNIAS CUSTÓDIO ARRAIS - DIST. DE ITTAGUÁ;RUA ANÂNIAS CUSTÓDIO ARRAIS S/N
TIANGUÁ;81;314;LAURÃO;ESCOLA DE ENSINO MÉDIO TANCREDO NUNES DE MENEZES;RUA ASSEMBLÉIA DE DEUS, 1072
CAMOCIM;32;15;CENTRO;CEJA - JOAO DA SILVA RAMOS;PRACA JOSE SEVERIANO MOREL S/N
PIRES FERREIRA;21;65;DISTRITO;E.E.F. JOAO VITORINO DE FARIAS;DONATO
FORTALEZA;95;155;BARROSO;EM PROFESSORA MARIA ANTONÉZIA MEIRELES E SÁ;RUA CORONEL VIRGÍLIO TÁVORA, 1340
MARACANAÚ;104;375;PAJUÇARA;EMEF MARIA PEREIRA DA SILVA;RUA JUSTINO DE SOUSA, 842
LAVRAS DA MANGABEIRA;14;1;CENTRO - SEDE;COLEGIO SAO VICENTE FERRER;RUA HILDA AUGUSTO S/N
IRAUÇUBA;41;1;MISSI;ESCOLA MUNICIPAL JOSEFA CLOTILDE TABOSA BRAGA;RUA ANARIO BRAGA SN
MORADA NOVA;47;182;GIRILANDIA;SINDICATO DOS TRABALHADORES RURAIS DE MORADA NOVA;RUA CEL TIBURCIO, 80
IGUATU;13;383;COHABS;ESCOLA DE ENS FUND PADRE JANUARIO CAMPOS (MUNICIPAL);ESTRADA DO BAU COHAB III
MARACANAÚ;122;135;COQUEIRAL;EMEF JOSE BELISARIO DE SOUSA;RUA MANOEL MOREIRA LIMA 790
HORIZONTE;78;118;ZUMBI;EMEF JOSE EDUARDO DE SOUSA;RUA MARIA LUIZA NORONHA - 405
FORTALEZA;115;134;MARAPONGA;COLEGIO PROVECTO;RUA SUIÇA, 76
SENADOR POMPEU;12;146;SEDE;CAPELA CORAÇÃO DE JESUS;SITIO TAPAJOS
FORTALEZA;1;814;PRAIA DO FUTURO II;ESCOLA MUNICIPAL DOM ALOISIO LORSCHEIDER;RUA JULIO SILVA, 450
PEREIRO;10;181;CENTRO;ESCOLA MUNICIPAL CLEONICE FREIRE DE QUEIROZ;RUA NEL QUEIROZ  257
IPAUMIRIM;92;116;CENTRO-SEDE;E.E.M.T.I. DOM FRANCISCO DE ASSIS PIRES;RUA VEREADOR HIGINO DINIZ, 110
ASSARÉ;18;132;ZONA RURAL;ESCOLA PEDRO CANUTO DE ARAÚJO;SITIO MAMELUCO
AQUIRAZ;66;303;CENTRO;ESCOLA DE ENSINO MEDIO LIA SIDOU;RUA VIRGILIO COELHO N  693
FORTALEZA;116;382;BONSUCESSO;EM FRANCISCA FERNANDES MAGALHAES (COLÉGIO CASTRO);RUA OLIVEIRA SOBRINHO, 1031
ITAPAJÉ;41;247;MULUNGU;ESCOLA MUNICIPAL MANOEL SARAIVA VIEIRA;MULUNGU
TIANGUÁ;81;224;ACARAPE;E.E.I. F. MARIA ANIR AZEVEDO;LOTEAMENTO - SÍTIO ACARAPE
TIANGUÁ;81;288;ÁREA RURAL DE TIANGUÁ;ASSOCIAÇÃO COMUNITÁRIA SÃO JOÃO;SÍTIO SÃO JOÃO
DEPUTADO IRAPUAN PINHEIRO;55;43;CENTRO;CRECHE TALITA ANDRADE PINHEIRO;BAIRRO NOVO IRAPUAN
BANABUIÚ;6;410;LARANJEIRAS;EEF ANTONIO CORREIA LIMA;GALIZA
IGUATU;13;393;JARDIM OASIS;ESCOLA DE ENS FUND JOAO PAULINO DE ARAUJO;RUA SÍLVIO AMARO SN
FORTALEZA;113;373;MONTESE;COLÉGIO ESTADUAL PRESIDENTE HUMBERTO CASTELO BRANCO;RUA IRMA BAZET, 210
FORTALEZA;95;159;CONJUNTO PALMEIRAS;EM MARIETA CALS;RUA VALPARAISO, 160
RUSSAS;9;102;BENTO PEREIRA;ESCOLA MUNICIPAL ROCILDA LEITAO;BENTO PEREIRA
FORTALEZA;114;107;PRESIDENTE KENNEDY;COLÉGIO SANTA ISABEL;AVENIDA BEZERRA DE MENEZES 2840
PORANGA;40;94;ARRAIAL;CAPELA DE SÃO JOÃO BATISTA;ARRAIAL
NOVO ORIENTE;99;29;CENTRO;EEM COELHO MASCARENHAS;RUA SAO JOSE S/N
FORTALEZA;115;176;PARANGABA;EM PROF. JOSE VALDIVINO DE CARVALHO;RUA GUARA, S/N
MASSAPÊ;45;139;LUIS DA HORA PEREIRA;CMEF PROFESSORA MARIA DO CARMO CARNEIRO (EEF MARIA PONTES VIDAL);RUA AMADEU ALBUQUERQUE, S/N
TAUÁ;19;73;CIDADE NOVA/SEDE;EPG TEREZA ARAGAO SERRA;RUA EUFRASIO ALVES DE OLIVEIRA 13                 NOVA ALDEOTA
MARACANAÚ;122;148;MUCUNA;EMEF MANOEL ROSEO LANDIM;RUA OSCAR FERREIRA DE BRITO, 161
MILAGRES;26;106;SITIO OLHO D'AGUA DOS CAVALOS;UNIDADE BÁSICA DE SAÚDE OLHO D'ÁGUA DOS CAVALOS;SITIO OLHO D'ÁGUA DOS CAVALOS
FORTALEZA;83;58;BELA VISTA;EEMTI SENADOR FERNANDES TÁVORA;RUA GOIÁS 141
ALTO SANTO;86;78;TIBOLO;ESCOLA DE 1 GRAU EDITE MAIA MACHADO;SITIO TIBOLO
FORTALEZA;117;181;BOM JARDIM;COLÉGIO LUMEN;RUA SÃO FRANCISCO DO JARDIM, 396
MAURITI;76;136;DANTAS;EEIF ZEFINHA CARTAXO;SITIO DANTAS
MAURITI;76;132;BELA VISTA;E.E. PROFISSIONALIZANTE PE. JOÃO BOSCO DE LIMA;RUA 03, S/N
CRATO;27;118;BELMONTE;EEIEF ADÉRSON DA FRANCA ALENCAR;RUA CARLINA PINHEIRO S/N
EUSÉBIO;88;161;PIRES FACANHA;EEF OSCAR FEITOSA;RUA PIRES DO FACANHA, 775 - PIRES FACANHA
CRATO;27;263;BELMONTE;EEIEF ADÉRSON DA FRANCA ALENCAR;RUA CARLINA PINHEIRO S/N
CAMPOS SALES;38;45;DIST. DE QUIXARIÚ;CRECHE M. FÂNTASIA DE CRIANÇA - DIST. DE QUIXARIÚ;AVENIDA LEONARDO DE ANDRADE,128
UMIRIM;23;271;SAO JOAQUIM-DISTRITO;CRECHE COMUNITARIA ADELAIDE SALES TEIXEIRA;RUA FELISBELA CAETANO SN (RUA PRINCIPAL)
LAVRAS DA MANGABEIRA;14;2;CALABACO - SITIO;GRUPO ESCOLAR JOAO PINTO;SITIO CALABACO S/N
CASCAVEL;7;11;BESSALANDIA;ESC.ENS.FUND. JULIA DE MELO;RUA GABRIEL GOMES BARBOSA
BOA VIAGEM;63;229;FATIMA;EEF BENJAMIM ALVES DA SILVA;R. SEBASTIÃO ALVES DA SILVA, 68
ACARAÚ;30;323;CENTRO;ESCOLA TOMAZ POMPEU DE SOUSA BRASIL;RUA JOSE JULIO LOUZADA 550
TIANGUÁ;81;330;RÉGIS DINIZ;E.E.F. DOM FCº. JAVIER HERNANDEZ ARNEDO;RUA SÃO BERNARDO, S/N
CHAVAL;108;9;CAÇAMBA;EEF FRANCISCO PEREIRA FILHO;RUA JOAQUIM AMANCIO TELES S/N
FORTALEZA;114;87;BARRA DO CEARÁ;CUCA BARRA DO CEARÁ;AV. PRES. CASTELO BRANCO, 6417
SÃO GONÇALO DO AMARANTE;36;92;SERROTE-DISTRITO;ESCOLA DE ENSINO FUNDAMENTAL ESTER DE PONTES BARROSO;SERROTE
SÃO GONÇALO DO AMARANTE;36;200;SERROTE-DISTRITO;ESCOLA DE ENSINO FUNDAMENTAL ESTER DE PONTES BARROSO;SERROTE
HIDROLÂNDIA;54;152;POVOADO RIACHO VERDE;ESCOLA MUNICIPAL ANTONIO DANIEL MARTINS;POVOADO DE RIACHO VERDE
FORTALEZA;117;198;PARQUE PRESIDENTE VARGAS;COLÉGIO CASTRO ALVES;RUA TULIPA NEGRA, 2319
SOBRAL;121;321;PEDRINHAS;ESCOLA MARIA DO CARMO ANDRADE;PRAÇA DR. JOSE EUCLIDES FERREIRA GOMES JUNIOR, S/N
PENAFORTE;70;342;CENTRO-SEDE;EEB JOAQUIM PEREIRA LIMA;RUA CICERO SOUSA DE OLIVEIRA
FORTALEZA;115;481;JARDIM CEARENSE;EM JOÃO ESTANISLAU FAÇANHA;RUA ONZE, S/N - CONJUNTO CAMPO DOS INGLESES
CAMOCIM;32;202;CENTRO;CEJA - JOAO DA SILVA RAMOS;PRACA JOSE SEVERIANO MOREL S/N
MISSÃO VELHA;16;98;MISSAO NOVA;CENTRO DE EDUCACAO RURAL PEDRO RAIMUNDO DA CRUZ - CERU;DISTRITO DE MISSAO NOVA
BEBERIBE;84;161;MORRO BRANCO;ESCOLA MUNICIPAL JOSE BESSA;MORRO BRANCO
FORTALEZA;118;556;MONDUBIM;EM PROFESSOR JACINTO BOTELHO;RUA DR. RODRIGO CODES SANDOVAL, 374
MISSÃO VELHA;16;54;SEDE;EEF JUVENAL RODRIGUES BRANDAO;AVENIDA JOSE SOBREIRA DA CRUZ S/N, MATERNIDADE
ACOPIARA;60;119;SOLIDAO;EEF MANOEL ARAÚJO CRUZ;SITIO GUARIBAS
CAUCAIA;120;204;BOM PRINCIPIO;E.E.I.E.F. PEDRO PAULINO DA ROCHA;BR 020 LOCALIDADE CACHOEIRA DOS PAULINOS
CRATO;27;105;CENTRO;COLÉGIO ÁGAPE ESTUDOS;RUA RATISBONA, 295
IGUATU;13;9;VILA CIDAO;CAMPUS MULTI-INSTITUCIONAL HUMBERTO TEIXEIRA (URCA/UECE/CENTEC);AV DÁRIO RABELO SN
QUIXERAMOBIM;11;249;CENTRO;ESCOLA ASSIS BEZERRA;RUA FRANCISCO IVO 60
QUIXERAMOBIM;11;314;DISTRITO INDUSTRIAL;ESCOLA DR. JOSE ALVES DA SILVEIRA;AVENIDA HUMBERTO SENA, N 250
CRUZ;30;191;ZONA RURAL;ESCOLA MACARIO JOSE DE FARIAS;PITOMBEIRAS
FORTALEZA;115;106;PARANGABA;EM CLÁUDIO MARTINS;RUA MUNDICA PAULA, 628
FORTALEZA;3;58;CENTRO;COLÉGIO 7 DE SETEMBRO (SEDE NGS);AV. DO IMPERADOR, 1330
FORTALEZA;3;120;CENTRO;COLÉGIO MILITAR DO CORPO DE BOMBEIROS;RUA CONSELHEIRO ESTELITA, 500 (SEDE PROVISÓRIA)
FORTALEZA;114;207;FLORESTA;EM FRANCISCO SILVA CAVALCANTE;RUA CONSELHEIRO LAFAYETTE 205
MARCO;96;166;ZONA RURAL;EEF FRANCISCO FROTA NEVES FILHO;LOCALIDADE DE DIAMANTE
PACATUBA;57;83;CONJUNTO JEREISSATI II;ESCOLA DE 1 GRAU DEPUTADO FAUSTO ARRUDA AGUIAR;AV. 26 S/N
PACATUBA;57;279;SAO LUIZ;EEIF VICENTE FERRER DE LIMA;AV EDSON QUEIROZ, 1952
TIANGUÁ;81;231;SANTO ANTÔNIO;E.E.F. PROFª. ESTER DE AGUIAR MENEZES;RUA CORONEL JOÃO DAMASCENO, S/N
RERIUTABA;79;75;BARRO VERMELHO;E.E.E.M. ALFREDO SILVANO GOMES;RUA BARRO VERMELHO, S/N
JUAZEIRO DO NORTE;119;412;SANTA TEREZA;COLÉGIO MILITAR DE JUAZEIRO DO NORTE;CASTELO BRANCO SN
AQUIRAZ;66;41;IGUAPE;EMEF TIA ALZIRA;RUA LAGOA I
BANABUIÚ;6;415;CENTRO;EEF CENTRO EDUCACIONAL MUNICIPAL CELESTINO DE SOUSA;AV. QUEIROZ PESSOA, S/N
GUAIÚBA;57;47;PINHEIRO;CEARC - CENTRO EDUCACIONAL DE ARTE E CULTURA;RUA RAIMUNDO BANDEIRA SN 
MISSÃO VELHA;16;102;DISTRITO DE JAMACARU;EEFM PADRE AMORIM;RUA FELIX ITALIANO SN
CAUCAIA;37;487;PARQUE SOLEDADE;E.E.F. CORALIA GONZAGA SALES;RUA NAPOLEAO BONAPARTE VIANA, S/N
FORTALEZA;2;111;MESSEJANA;EMEIF DEMOCRITO ROCHA;RUA PADRE PEDRO DE ALENCAR, 2012
QUIXELÔ;13;317;ÁREA RURAL DE QUIXELÔ;ESCOLA DE ENS FUND MANOEL JOAQUIM DO NASCIMENTO;POCO DA PEDRA -SITIO
CARIRIAÇU;71;55;MESTRE NECO;SECRETARIA DE ASSISTÊNCIA SOCIAL;RUA MIGUEL XAVIER SN
VIÇOSA DO CEARÁ;35;125;PADRE VIEIRA;E.E.I.F CONRADO FELIX VIEIRA;SITIO GAMILEIRINHA
FORTALEZA;2;183;CAMBEBA;SECRETARIA DA EDUCACAO - CAMBEBA;AVENIDA MINISTRO JOSE AMERICO, SN
NOVA RUSSAS;48;10;CENTRO;EEMTI OLEGARIO ABREU MEMORIA;RUA CEL. ANTONIO RODRIGUES VERAS 1018
CRATO;27;264;MURITI;EEIEF MELVIN JONES;RUA PEDRO GOMES DE NORÕES, 1877. SÍTIO SAQUINHO
RUSSAS;9;128;TIMBAUBA NOSSA SENHORA DAS DORES;ESCOLA MUNICIPAL ZINA MOREIRA;TIMBAUBA NOSSA SENHORA DAS DORES
FORTALEZA;114;175;CRISTO REDENTOR;EEFM SÃO JOSÉ DOS ARPOADORES;RUA FRANCISCO CALAÇA 90
FORTALEZA;113;78;CENTRO;COLÉGIO LOURENÇO FILHO;RUA BARÃO DO RIO BRANCO, 2101
ACOPIARA;60;282;NOVA ACOPIARA;SECRETARIA DA CULTURA, ESPORTE, JUVENTUDE E TURISMO;AVENIDA JOSÉ ALVES DE QUEIROZ, SN, NOVA ACOPIARA
LIMOEIRO DO NORTE;29;281;LIMOEIRINHO;APAE - LIMOEIRO DO NORTE;RUA CORONEL CLOVIS ALEXANDRINO, 1045.
GENERAL SAMPAIO;50;35;CONJUNTO SÃO JOSÉ;EEMTI EDITE ALCÂNTARA MOTA;RUA DO CAMPO, S/N
CRATEÚS;20;149;TUCUNS;ASSOCIAÇÃO COMUNITÁRIA RURAL DE TAPUIO E MARINHO;TAPUIO
MARANGUAPE;4;429;AMANARI;EMEIEF CRISTOVÃO COLOMBO;PEDRA D'ÁGUA
PALMÁCIA;4;598;GADO DOS FERROS;CERU PREFEITA FELISMINA CAMPELO MACAMBIRA;GADO DOS FERROS
FORTALEZA;2;86;MESSEJANA;EEFM JOSE DE ALENCAR;RUA VENEZA, 84
CHOROZINHO;49;219;CENTRO;CRECHE COMUNITARIA SANTA TEREZINHA;AV RAIMUNDO SIMPLICIO DE CARVALHO SN
CHOROZINHO;49;44;CENTRO;CASA DO CIDADÃO;AV RAIMUNDO SIMPLICIO SN
FORTALEZA;113;146;JARDIM AMÉRICA;ESC. EST. DE EDUC. PROFISSIONAL PAULO VI;RUA JORGE DUMMAR, 1841
PORTEIRAS;70;302;VIEIRA GRANDE-SEDE;E E I F FRANCISCO XAVIER DE SOUSA;SITIO VIEIRA GRANDE
FORTALEZA;80;273;VILA UNIÃO;ESCOLA MUNICIPAL HAROLDO JORGE BRAUN VIEIRA;AV LAURO VIEIRA CHAVES, 2001
FORTALEZA;2;761;MESSEJANA;EM PROFª TELINA BARBOSA DA  COSTA;RUA PERGENTINO MAIA, 811
MARACANAÚ;122;188;JARI;EMEF JOSÉ ASSIS DE OLIVEIRA(JARY);RUA PAULO AFONSO 4259
LAVRAS DA MANGABEIRA;14;4;CENTRO - SEDE;EEMTI FILGUEIRAS LIMA;RUA HILDA AUGUSTO, 429, ROSÁRIO
FORTALEZA;3;555;CENTRO;COLÉGIO MILITAR DO CORPO DE BOMBEIROS;RUA CONSELHEIRO ESTELITA, 500 (SEDE PROVISÓRIA)
IGUATU;13;274;AREIAS I;ESCOLA DE ENS MÉDIO ADAUTO BEZERRA;RUA DEOCLECIO LIMA VERDE SN
SANTANA DO CARIRI;53;40;DOM VITAL;EMEIEF SAO FRANCISCO;SÍTIO DOM VITAL, SN
CROATÁ;74;186;DISTRITO;ESCOLA MUNICIPAL OLAVO FERREIRA DIAS;TABOCAS
VIÇOSA DO CEARÁ;35;84;SITIO BUIRA GRANDE;E.E.I.F JOAO BONIFACIO DO NASCIMENTO;SITIO BUIRA GRANDE
COREAÚ;64;36;Lagoa do Barro;LAGOA DO BARRO - PRÉDIO DA ESCOLA MUNICIPAL;LOCALIDADE LAGOA DO BARRO
VIÇOSA DO CEARÁ;35;127;SITIO ARATICUM;E.E.F ANA BEZERRIL FONTENELE;SITIO ARATICUM
ABAIARA;26;15;SÍTIO OLHO DAGUA DE PEDRA;ESCOLA PRESIDENTE CASTELO BRANCO;SITIO OLHO DAGUA DA PEDRA
IGUATU;13;81;FLORES;ESCOLA DE ENS FUND CARLOTA TAVORA;JUVENAL BARRETO 432
PENTECOSTE;50;159;ZONA RURAL;EEIF MANOEL FÉLIX GOMES;MULUNGU
JAGUARETAMA;72;96;ZONA RURAL;UNIDADE BÁSICA DE SAÚDE JOAQUIM SIMÃO DE MELO;SÍTIO CAMPINA BUQUEIRÃO
CASCAVEL;7;256;RIO NOVO;E.E.B. DEPUTADO RAIMUNDO QUEIROZ;AV JOAO DAMASCENO FONTENELE, 3233
SOBRAL;24;96;CAMPO DOS VELHOS;EEM PROF. LUIS FELIPE;RUA CEL JOSE SILVESTRE, 760
RUSSAS;9;81;CENTRO;ESCOLA DE ENSINO MÉDIO MANOEL MATOSO FILHO;AVENIDA MARIA RAMALHO, 336
HIDROLÂNDIA;54;220;ALTO DA ESPERANÇA;ESCOLA PROFISSIONALIZANTE FRANCISCA MAURA MARTINS;RUA PROJETADA, SN
SOBRAL;121;128;CENTRO;UFC CAMPUS MUCAMBINHO - BLOCO DAS ENGENHARIAS;RUA ESTANISLAU FROTA, 563
SOBRAL;24;268;SÃO JOSÉ DO TORTO;EEFI ELPIDIO RIBEIRO DA SILVA;TORTO
CAUCAIA;120;415;CONJUNTO METROPOLITANO;E.E.I.E.F. OSMAR DIÓGENES PINHEIRO;RUA EDMUNDO RODRIGUES, 485 - CONJUNTO METROPOLITANO
PIRES FERREIRA;21;72;CENTRO;E.E.F. ALZIRA MARIA DE ARAUJO;RUA MARIA ANTUSA SOARES PASSOS, SN
FORTALEZA;113;143;JARDIM AMÉRICA;ESC. EST. DE EDUC. PROFISSIONAL PAULO VI;RUA JORGE DUMMAR, 1841
TEJUÇUOCA;41;146;CAICARA I;ESCOLA MUNICIPAL JOAQUIM ANTONIO PATRICIO;CAICARA I
TIANGUÁ;81;35;LAURÃO;UNINTA - FACULDADE TIANGUÁ;RUA CONSELHEIRO JOÃO LOURENÇO, 406 - LAURÃO
SANTANA DO CARIRI;53;48;SÃO GONÇALO;UNIDADE BÁSICA DE SAÚDE MOACIR PATRÍCIO DA SILVA;SÍTIO SÃO GONÇALO, SN
MARACANAÚ;104;348;TIMBÓ;EMEF ADAUTO FERREIRA LIMA;AVENIDA CONTORNO LESTE, S/N
FORTALEZA;115;111;PARANGABA;EMTI CAROLINO SUCUPIRA;RUA MUNDICA PAULA, 670
PARACURU;109;33;CENTRO;E. E. M. HERMINIO BARROSO;CAP JOSE TELES, S/N
PACATUBA;57;326;QUANDU;EEIEF WALNEY DO CARMO LOPES;RUA GOVERNADOR FAUSTINO ALBUQUERQUE 15333
SÃO GONÇALO DO AMARANTE;36;307;PARADA;ESCOLA DE ENSINO FUNDAMENTAL POETISA ABGAIL SAMPAIO;PARADA
FORTALEZA;118;261;SERRINHA;EEFM PROFESSOR JADER MOREIRA DE CARVALHO;RUA PROFESSORA HELOISA FERREIRA LIMA, 420
JUAZEIRO DO NORTE;28;235;SAO MIGUEL;SENAC SÃO MIGUEL;RUA SAO LUIZ 701
FORTALEZA;95;148;JANGURUSSU;EEMTI ALMIRANTE TAMANDARÉ;RUA DO PEREIRO, S/N, CJ ALMIRANTE TAMANDARÉ
ICÓ;15;120;CASCUDO - SITIO;ESCOLA MUNICIPAL CASEMIRO PEQUENO;SITIO CASCUDO S/N
JUAZEIRO DO NORTE;119;447;ROMEIRAO;ARENA ROMEIRÃO;AVENIDA CASTELO BRANCO SN
FARIAS BRITO;62;218;MONTE PIO;EEF EVALDO GONCALVES DE PINHO;VILA MONTE PIO
MORADA NOVA;47;270;BOA AGUA;EEB JOSE JOAQUIM DOS SANTOS;ASSENTAMENTO TERRA NOVA
FORTALEZA;2;815;LAGOA REDONDA;ESCOLA MUNICIPAL ISABEL FERREIRA;RUA ISABEL FERREIRA, 1000 - CONJ. CURIÓ
PACATUBA;57;6;CENTRO;DEPARTAMENTO MUNICIPAL DE EDUCACAO;RUA CORONEL JOSE LIBANIO, 23
PACATUBA;57;153;PAVUNA;CENTRO DE EDUCACAO RURAL CLOVIS DE CASTRO PEREIRA;RUA CLOVIS DE CASTRO PEREIRA 235
ITAPIPOCA;17;452;ARAPARI;ASSOCIACAO COMUNITARIA DE SAQUINHO;SAQUINHO
SOBRAL;24;637;SUMARÉ;EEFI JOSE PARENTE PRADO;RUA SANTA MARTA,100
FORTALEZA;2;428;MESSEJANA;EEMTI PROFª FERNANDA MARIA GOMES DE AMORIM;AVENIDA FREI CIRILO 4454
EUSÉBIO;88;252;PEDRAS;EEF MOACIR FERREIRA DA SILVA;RUA FRANCISCO MARTINS, 339 - PEDRAS
TARRAFAS;18;78;ZONA RURAL;ESCOLA MUNICIPAL RIACHO VERDE;SITIO RIACHO VERDE  -   ZONA RURAL
FARIAS BRITO;62;216;MONTE PIO;EEF EVALDO GONCALVES DE PINHO;VILA MONTE PIO
GUARAMIRANGA;5;223;CENTRO-SEDE;EEMF ZELIA DE MATOS BRITO;RUA CEL FRANCISCO DE MATOS BRITO 280
FORTALEZA;116;194;GRANJA LISBOA;EM PROF LIREDA FACO;RUA TRES CORACOES 735
PARAMOTI;111;134;CENTRO;EEMTI TOMÉ GOMES DOS SANTOS (PRÉDIO NOVO);RUA ORLEANS FARIAS, S/N - SANTA CECÍLIA
MAURITI;76;15;SAO MIGUEL-DISTRITO;CRECHE ARCO-IRIS;RUA DOS PEREIRAS, S/N
MILAGRES;26;129;CENTRO;CENTRO DE EDUCAÇÃO INFANTIL NOVO ESPAÇO DA CRIANÇA;RUA ABÍLIO CRUZ
FORTALEZA;3;391;MEIRELES;CÍRCULO MILITAR DE FORTALEZA;RUA CANUTO DE AGUIAR, 425
HORIZONTE;78;389;DOURADO;EMEF GEOVANIA ALBANO DE ALMEIDA;RUA FRANCISCO CARLOS, 500
IBIAPINA;73;54;DISTRITO DE ALTO LINDO;UBS DO ALTO LINDO;AV NOSSA SENHORA DAS GRAÇAS, S/N
CAMOCIM;32;41;CRUZEIRO;COLEGIO ESTADUAL PROF IVAN PEREIRA DE CARVALHO - CEPI;RUA RIACHUELO, SN
PEDRA BRANCA;59;126;MINEIROLANDIA;E.E.F.I  DOM JOSE MAURO;RUA VICENTE MINEIRO, 25
MARANGUAPE;4;508;CÔNEGO RAIMUNDO PINTO - MARANGUAPE;EEMTI EUNICE WEAVER;AV SEN ALMIR PINTO KM 15 PAU SERRADO
CRATO;27;346;NOVO CRATO;EEMTI PREF. RAIMUNDO COELHO BEZERRA DE FARIAS;RUA FRANCISCO PIANCÓ LEITE S/N
SOBRAL;24;645;ALTO DA BRASÍLIA;EEFI RAIMUNDO PIMENTEL GOMES - CAIC;RUA PRINCESA ISABEL, S/N
FORTALEZA;115;58;ITAPERI;UNIVERSIDADE ESTADUAL DO CEARA - UECE;AV DR. SILAS MUNGUBA, 1700
MOMBAÇA;46;133;DISTRITO DE AÇUDINHO DOS COSTAS;ESCOLA ENSINO FUNDAMENTAL FRUTUOSO VIEIRA DA SILVA;SITIO SANTA QUITERIA
LIMOEIRO DO NORTE;29;193;ANTÔNIO HOLANDA;EEF PROF MARIA ELVANISA MOURA FREITAS SILVA;RUA RAIMUNDO NONATO DA SILVA S/N
IPAPORANGA;20;277;CENTRO;ESCOLA DE ENSINO MÉDIO MARIA VIEIRA DE PINHO;AV. MARIA ERIMAR RIBEIRO DE PAIVA, S/N
FORTALEZA;118;563;MONDUBIM;COLÉGIO CONECTIVO;RUA GENERAL ONOFRE, 445
VIÇOSA DO CEARÁ;35;122;SITIO DELGADA;E.E.F. FRANCISCO SALES RODRIGUES;SITIO DELGADA
SANTANA DO CARIRI;53;72;DOM LEME;EMEIEF JOSÉ JUCÁ DE SOUSA CASTRO;DISTRITO DE DOM LEME, SN
FORTALEZA;114;324;BARRA DO CEARÁ;CENTRO PROFISSIONALIZAÇÃO INCLUSIVA P/ PESSOAS C/ DEFICIÊNCIA - CEPIPD;RUA SENADOR ROBERT KENNEDY, 128
FORTALEZA;117;169;BOM JARDIM;EEFM JULIA ALVES PESSOA;RUA SÃO FRANCISCO SN
INDEPENDÊNCIA;39;180;COHAB;E.E.F. JOSE FERREIRA DOS SANTOS;RUA C, 158
VIÇOSA DO CEARÁ;35;90;SITIO ARATICUM;E.E.F ANA BEZERRIL FONTENELE;SITIO ARATICUM
JUAZEIRO DO NORTE;119;430;FREI DAMIAO;CEI-CAIC DOM ANTÔNIO CAMPELO DE ARAGAO (CRECHE);RUA VEREADOR RAIMUNDO JOSE RODRIGUES DA SILVA , SN
GENERAL SAMPAIO;50;186;ZONA RURAL;EMEF MESSIAS DELFINO ALVES;VILA SÃO JOÃO
SOBRAL;24;103;JOSÉ EUCLIDES;EEM MINISTRO JARBAS PASSARINHO;AVENIDA JOHN SANFORD, S/N
FORTALEZA;93;308;PREFEITO JOSÉ WALTER;CUCA JOSÉ WALTER;RUA 69, S/N
MARANGUAPE;4;575;ITAPEBUSSU;EEMTI ANTÔNIO MARQUES DE ABREU;RUA MANUEL GUEDES MARTINS, 1076.
ARACATI;8;162;VARZEA DA MATRIZ;C.E.I. PROF. SALETE MORAIS;RUA ABELARDO GURGEL COSTA LIMA
INDEPENDÊNCIA;39;49;TRANQUEIRAS;E.E.F. VIRGILIO TAVORA;POVOADO TRANQUEIRAS
FORTALEZA;3;614;ALDEOTA;COLÉGIO ESPAÇO ABERTO - DOM LUÍS;AV. DOM LUÍS, 730
FORTALEZA;118;667;BOA VISTA-CASTELÃO;EM PROFESSORA MARIA STELLA COCHRANE SANTIAGO;RUA ANTONIO FARIAS, 121
CRATEÚS;20;226;CURRAL VELHO;ASSOCIAÇÃO COMUNITÁRIA RURAL DA REGIÃO DE JATOBÁ DOS UMBELINOS;JATOBA DOS UMBELINOS
PINDORETAMA;7;27;CENTRO-PINDORETAMA;EMEB FRANCISCA HOLANDA COSTA;RUA MARECHAL CASTELO BRANCO, 1074
CASCAVEL;7;255;ALTO LUMINOSO;E.E.E.F.M. PADRE ARIMATEIA DINIZ;RUA FOTOGRAFO JOSE HONORATO, 2911
CRATO;27;85;SEMINÁRIO;EEMTI GOVERNADOR ADAUTO BEZERRA;RUA MARCOS MACEDO S/N
FORTALEZA;2;680;LAGOA REDONDA;EM PROFª FERNANDA MARIA DE ALENCAR COLARES;AV PROF. ARTHUR DE CARVALHO, 1540
FORTALEZA;94;794;ANTÔNIO BEZERRA;EMTI JOSÉ CARLOS DE OLIVEIRA NETO;R. SAO VICENTE DE PAULO, 170
MARANGUAPE;4;495;AMANARI;EEMTI ANTONIO LUIS COELHO;RUA DO COMÉRCIO, S/N
IRAUÇUBA;41;228;MISSI;ESCOLA MUNICIPAL JULIO CESAR DE AZEVEDO;RUA MANOEL BARBOSA MACIEL, SN
SOBRAL;24;667;JUNCO;EEFI JOSE DA MATA E SILVA;AV DR JOSE ARIMATEA MONTE E SILVA, 574
PARAMBU;19;359;BELEZA;ESCOLA CICERO FERREIRA DOS SANTOS;RUA ANTONIO BEZERRA, 28
ARNEIROZ;101;79;CACHOEIRA DE FORA;GRUPO ESCOLAR JOAO MONTEIRO;CACHOEIRA DE FORA
FARIAS BRITO;62;252;LAMBEDOURO;CRECHE CICERO RODRIGUES DE ARAUJO;VILA LAMBEDOURO
JUAZEIRO DO NORTE;119;69;JOAO CABRAL;ESCOLA LILI NERY;RUA PADRE ALCANTARA, 1000
FORTALEZA;115;400;PARANGABA;EM CLÁUDIO MARTINS;RUA MUNDICA PAULA, 628
QUIXERAMOBIM;11;46;CENTRO;LICEU ALFREDO ALMEIDA MACHADO;AV. DR. JOAQUIM FERNANDES, 95 - CENTRO
BOA VIAGEM;63;256;PONTE NOVA - SEDE;EEF FILOMENA UCHOA VIANA;RUA LUIZ XIMENES DE ARAGAO, N 05
FORTALEZA;2;138;MESSEJANA;EEM LICEU DE MESSEJANA;AVENIDA WASHINGTON SOARES 7702
FORTALEZA;1;935;CAIS DO PORTO;ESCOLA DE GASTRONOMIA SOCIAL IVENS DIAS BRANCO;RUA MANUEL DIAS BRANCO,80
CAUCAIA;120;365;SITIOS NOVOS;E.E.I.E.F. PEDRO MOREIRA DE OLIVEIRA;AGROVILA
SOBRAL;121;50;CENTRO;EEFM DR JOAO RIBEIRO RAMOS;RUA CONSELHEIRO JOSE JULIO
IGUATU;13;241;BAÚ;ESCOLA DE ENS FUND PEDRO ALVARES BEZERRA;SITIO UMBURANA
ITAPIPOCA;17;70;PICOS;EEB DOMINGOS GONCALVES MUNIZ;PICOS
FORTALEZA;113;160;BOM FUTURO;COLÉGIO MEDALHA MILAGROSA;RUA PADRE JOÃO PIAMARTA,  415
SABOEIRO;43;261;BARRINHA;E.E.F. ANTONIO WILSON DOS SANTOS;DISTRITO BARRINHA
SÃO GONÇALO DO AMARANTE;36;75;SALGADO DOS MOREIRAS;ESCOLA DE ENSINO FUNDAMENTAL JOAO MOREIRA BARROSO;SALGADO DOS MOREIRAS
FORTALEZA;116;389;BONSUCESSO;EM FRANCISCA FERNANDES MAGALHAES (COLÉGIO CASTRO);RUA OLIVEIRA SOBRINHO, 1031
FORTALEZA;116;333;GRANJA PORTUGAL;CRECHE PEQUENO MUNDO DE FLORA;RUA ANTONIO NERI, 1350
LAVRAS DA MANGABEIRA;14;45;QUITAIUS - DISTRITO;ESCOLA DE 1 E 2 GRAU JOAQUIM LEITE TEIXEIRA;RUA JOAQUIM LEITE TEIXEIRA 240
FORTALEZA;85;281;CONJUNTO CEARÁ I;EEFM PROF PLACIDO ADERALDO CASTELO - UV 7B;RUA SETECENTOS E VINTE E UM, 100, 3A ETAPA
MARACANAÚ;122;231;PIRATININGA;EMEF RUI BARBOSA;RUA DO CAMPO 51
ALTO SANTO;86;30;JUREMAL;ESCOLA DE 1 GRAU FRANCISCO PRAXEDES MENDES;SITIO JUREMAL
FORTALEZA;95;134;JANGURUSSU;EM PROFESSOR FRANCISCO DE MELO JABORANDI;AV. GOVERNADOR LEONEL BRIZOLA, 198
MAURITI;76;153;COITE-DISTRITO;EEF JOÃO BATISTA MONTENEGRO;SÍTIO MACELA
PENTECOSTE;50;74;CENTRO;EEFM TABELIÃO JOSÉ RIBEIRO GUIMARÃES;AVENIDA TABELIÃO FRANCISCO ALVES, 161
FORTALEZA;3;601;ALDEOTA;COLÉGIO SANTA CECÍLIA;AV. SENADOR VIRGÍLIO TÁVORA, 2000
FORTALEZA;3;150;CENTRO;COLÉGIO MILITAR DO CORPO DE BOMBEIROS;RUA CONSELHEIRO ESTELITA, 500 (SEDE PROVISÓRIA)
FORTALEZA;3;24;CENTRO;COLÉGIO 7 DE SETEMBRO (SEDE NGS);AV. DO IMPERADOR, 1330
FORTALEZA;3;128;JACARECANGA;COLÉGIO ESTADUAL LICEU DO CEARÁ;PRAÇA GUSTAVO BARROSO, 01
CAUCAIA;120;321;SITIOS NOVOS;E.E.F. ALICE MOREIRA DE OLIVEIRA;RUA HENRIQUE MARTINS, S/N
VIÇOSA DO CEARÁ;35;75;CENTRO;CEB NOSSA SENHORA DAS VITÓRIAS;RUA MANOEL PEREIRA BARROS
JUAZEIRO DO NORTE;28;219;FRANCISCANOS;COLÉGIO SÃO FRANCISCO DE ASSIS;NOSSA SENHORA DO CARMO SN
FORTALEZA;1;740;MUCURIPE;ESCOLA ESTADUAL MATIAS BECK;RUA  PROFESSORA AIDA BALAIO 38
PEDRA BRANCA;59;140;MINEIROLANDIA;E.E.F.I  DOM JOSE MAURO;RUA VICENTE MINEIRO, 25
ALTANEIRA;53;104;CENTRO;EEMTI SANTA TEREZA;RUA JOAQUIM ALVES BITU, SN
FORTALEZA;93;294;PREFEITO JOSÉ WALTER;CEI MARIA LETICIA MOTA MOREIRA;RUA 15, S/N, RESIDENCIAL CIDADE JARDIM II
FORTALEZA;1;726;PAPICU;COLEGIO ESPACO ABERTO - BENTO ALBUQUERQUE;RUA BENTO ALBUQUERQUE 1671
FORTALEZA;2;802;MESSEJANA;PATRONATO PADRE LUIZ BARBOSA MOREIRA;RUA CEL GUILHERME ALENCAR, 121
CASCAVEL;7;25;CENTRO;CENTRO EDUCACIONAL MUNICIPAL PROFESSORA MARIA ESTER DA COSTA SILVA;AV CORONEL LEITE, 2045
MARACANAÚ;104;100;JEREISSATI I;EEMTI PROFESSOR CLODOALDO PINTO;AVENIDA CONTORNO NORTE, 99
PACATUBA;57;135;MONGUBA;EEIEF MAJOR MANOEL ASSIS NEPOMUCENO;MONGUBA
FORTALEZA;118;655;PASSARÉ;EEMTI DEPUTADO PAULINO ROCHA;RUA PROFESSOR JOSE SILVEIRA, 528
FORTALEZA;113;322;RODOLFO TEÓFILO;ESC. MUNICIPAL ANTONIO SALES RODOLFO TEÓFILO;RUA TAVARES IRACEMA, 675
LAVRAS DA MANGABEIRA;14;34;CRUZEIRO;ESCOLA DE 1 GRAU STELA SAMPAIO;BAIRRO DO CRUZEIRO S/N
FORTALEZA;1;396;CAIS DO PORTO;ESCOLA MUNICIPAL SAO VICENTE DE PAULO;AVENIDA ZEZE DIOGO 1247
FORTALEZA;1;928;COCÓ;UNINTA - FACULDADE UNINTA FORTALEZA;RUA VILEBALDO AGUIAR,133
HORIZONTE;78;203;CATOLÉ;CEI - JOSE ANTONIO DA SILVA;RUA JOAO DE SOUSA FALCAO, 776
PEREIRO;10;130;CENTRO;ESCOLA MUNICIPAL CLEONICE FREIRE DE QUEIROZ;RUA NEL QUEIROZ  257
HORIZONTE;78;67;DOURADO;EMEF MARIA PINHEIRO DA SILVA;AV MANOEL PEREIRA DA COSTA, 52
IPAUMIRIM;92;110;CENTRO-SEDE;E.E.M.T.I. DOM FRANCISCO DE ASSIS PIRES;RUA VEREADOR HIGINO DINIZ, 110
CRATEÚS;20;159;SANTO ANTÔNIO;ASSOCIAÇÃO COMUNITÁRIA DE BEBIDA NOVA;BEBIDA NOVA
IGUATU;13;351;PRADO;ESCOLA DE ENS FUND NOSSA SENHORA DO PERPETUO SOCORRO;21 DE ABRIL
MARACANAÚ;104;39;PAJUÇARA;EMEF RODOLFO TEÓFILO;RUA OTÁVIO ALVES, 1120
PIQUET CARNEIRO;12;12;IBICUA;EMEF MESTRE JÚLIO;RUA CORONEL FILEMOM MAGALHÃES, S/N
FORTALEZA;115;66;PARANGABA;EM PROF. JOSE VALDIVINO DE CARVALHO;RUA GUARA, S/N
EUSÉBIO;88;152;PEDRAS;EEF MOACIR FERREIRA DA SILVA;RUA FRANCISCO MARTINS, 339 - PEDRAS
NOVA OLINDA;53;80;CENTRO;EMEF ANA FERREIRA DO NASCIMENTO;AV. PERIMETRAL SUL,  SN
CAUCAIA;123;483;MARECHAL RONDON (JUREMA);CAPEMI - LAR FABIANO DE CRISTO;AV. DOM ALMEIDA LUSTOSA, 4395
CASCAVEL;7;52;CAPONGA;ESC.ENS.FUND. ESTER DANTAS DE CASTRO;TUJUCUSSU 1
PARAMBU;19;344;CENTRO;ESCOLA MANOEL DE SOUSA - ANEXO;MIRANDA
CHORÓ;6;387;CENTRO;CEM DOM BOSCO;RUA ILDA BEZERRA PIANCÓ, 169, CENTRO
TAUÁ;19;78;SEDE;EEF JOAO NUNES DE SOUZA;SAO JOSE
ITAPIPOCA;17;81;ARAPARI;EEB MENINO DEUS;MUCAMBO DE CIMA
PORTEIRAS;70;310;ABREUS DOIS-SEDE;ESCOLA DE 1 GRAU MIGUEL LAURENTINO DE SOUZA;SITIO ABREUS DOIS
FORTALEZA;112;371;CIDADE DOS FUNCIONÁRIOS;EEFM WALTER DE SA CAVALCANTE;AVENIDA OLIVEIRA PAIVA, 550
CANINDÉ;33;485;ZONA RURAL;EMEF JOAO MARCELINO DE MESQUITA;RUA FRANCISCO VIEIRA, S/N  BOA VISTA
SOBRAL;121;38;CAIOCA;ESCOLA MANOEL MARINHO DE ANDRADE;RUA JEREMIAS DA FROTA
CARIDADE;111;113;CENTRO;EEF CARMOZINA BITTENCOURT;AVENIDA CORONEL FRANCISCO LINHARES
AQUIRAZ;66;12;CENTRO;EMEF LAIS SIDRIM TARGINO;PRAÇA PADRE MATIAS  N 55
MASSAPÊ;45;38;ZONA RURAL;GEM OZEAS ALVES DE SOUZA;POVOADO DE TAPERA
QUIXERÉ;29;230;AGUA FRIA;POSTO DE SAÚDE JOSÉ FERREIRA DE ARAUJO;MACAMBIRA
TIANGUÁ;81;311;VEREADOR JOÃO ALBUQUERQUE;E.E.I.F. TEREZA NUNES;RUA CONSTRUTOR RAIMUNDO BOTO, SN - RÉGIS DINIZ
PORANGA;40;96;SAUDOSO;ESCOLA REUNIDA SANTA MARIA - SAUDOSO;SAUDOSO
SÃO GONÇALO DO AMARANTE;36;202;CAICARA-POVOADO;ESCOLA DE ENSINO FUNDAMENTAL FRANCISCO MARTINS VIANA;CAICARA
JAGUARIBARA;72;102;CENTRO;PROF JOCELIN MARCONDES XAVIER DE ALMEIDA;AV. ZÉ LEITÃO, 236
POTIRETAMA;86;55;CAATINGA DO ATANASIO;ESCOLA DE 1 GRAU ANTONIO SEVERIANO DE HOLANDA;SITIO BAIXINHAS (CAATIGA DO ATANÁSIA)
FORTALEZA;115;342;PARANGABA;EEEP JOAQUIM MOREIRA DE SOUSA;RUA CAIO PRADO 02
AQUIRAZ;66;267;LAGOA ENCANTADA;EDEFM DA LAGOA ENCANTADA (ESCOLA INDÍGENA);LAGOA ENCANTADA - COMUNIDADE INDÍGENA
PARAIPABA;109;198;CENTRO GERENCIAL;ASSOCIAÇÃO DO DISTRITO DE IRRIGAÇÃO CURU PARAIPABA - ADICP;RUA PRESIDENTE ANTONIO BRAGA CAVALCANTE, 05
JAGUARUANA;75;77;TABULEIRO;E.E.F. MONSENHOR ALUISIO DE CASTRO FILGUEIRAS;RUA JOAO FRANCISCO RODRIGUES 1384
FORTALEZA;118;46;PARQUE DOIS IRMÃOS;CEI FRANCISCA RODRIGUES DE SOUSA;RUA MAJOR TELÉSFORO S/N
JUAZEIRO DO NORTE;119;10;LIMOEIRO;EMEI IRMÃ NELY SOBREIRA (CRECHE);AV. JOSÉ BEZERRA, N. 216
FORTALEZA;114;243;BARRA DO CEARÁ;CENTRO DE EDUCAÇÃO COMPLEMENTAR (CEDCE) - ANTIGO SESI;AVENIDA FRANCISCO SÁ 6623
ITAREMA;98;164;ZONA RURAL;LICEU DE ALMOFALA - EEM JOSE MARIA MONTEIRO;RUA AGRIPINO TOMAS DE SOUSA S/N - ALMOFALA
CRATEÚS;20;188;SANTO ANTÔNIO;ASSOCIAÇÃO DE DESENVOLVIMENTO DOS PRODUTORES DE SANTA ROSA;AGUAS BELAS
MARACANAÚ;104;263;JEREISSATI II;EMEIEF RACHEL DE QUEIROZ;AVENIDA XII, 758
FORTALEZA;114;227;BARRA DO CEARÁ;EM DOM ANTONIO BATISTA DE FRAGOSO;AVENIDA FRANCISCO SÁ 7945
PEREIRO;10;151;SITIO LAGOA NOVA;E.E.F. JOÃO NOGUEIRA DE SOUSA;SÍTIO LAGOA NOVA - ZONA RURAL
HORIZONTE;78;381;MANGUEIRAL;CEI - CLEONICE PIRES DE SOUSA;RUA BATURITÉ, N. 1971
CRATEÚS;20;322;PLANALTO;EEMTI GOV. GONZAGA MOTA;RUA DR. JÚLIO LIMA, 2194
TRAIRI;97;23;CORREGO FUNDO;EEF ANTONIO ROBESPIERRE VIANA;CORREGO FUNDO
SANTANA DO CARIRI;53;50;PONTA DA SERRA;ASSOCIAÇÃO COM. DOS AGRICULTORES RURAIS - PAULO FREIRE;SÍTIO PONTA DA SERRA, SN
CAUCAIA;120;99;CONJUNTO METROPOLITANO;E.E.I.E.F. OSMAR DIÓGENES PINHEIRO;RUA EDMUNDO RODRIGUES, 485 - CONJUNTO METROPOLITANO
PEDRA BRANCA;59;5;SANTA CRUZ DO BANABUIU;EEFTI SIMPLICIO RODRIGUES DE OLIVEIRA;RUA PROFESSORA LILI, 85, SANTA CRUZ
FORTALEZA;118;513;PASSARÉ;EM PAULO SERGIO DE SOUSA LIRA;RUA ITABORAÍ, 264
CRATEÚS;20;92;MONTENEBO;ESCOLA DE CIDADANIA FRANCISCO DE ALCANTARA BARROS;MONTENEBO
MIRAÍMA;89;263;BROTAS;EEFM VICENTE ANTENOR FERREIRA GOMES;BROTAS
ITAREMA;98;119;ZONA RURAL;EMEF JOAO JOSE DE ALMEIDA;BARRO VERMELHO
SOBRAL;121;311;COHAB II;EEFI PAULO ARAGAO;RUA CAETANO FIGUEIREDO 100 COHAB II
VIÇOSA DO CEARÁ;35;152;GENERAL TIBURCIO;E.E.F FRANCISCO VIEIRA JUNIOR;VILA GENERAL TIBURCIO
SOBRAL;24;308;JAIBARAS;EEFI LEONILIA GOMES PARENTE;RUA SANTA TEREZINHA
QUIXERÉ;29;205;SEDE;CENTRO EDUC. CENECISTA IMACULADA CONCEIÇÃO;RUA JOAQUIM MOREIRA 260
ITAIÇABA;75;105;TOME AFONSO;E.E.F. JOSE ELDER MENDONCA MOREIRA;ASSENTAMENTO TOME AFONSO
TEJUÇUOCA;41;82;RETIRO CAXITORE;ESCOLA DE ENSINO FUNDAMENTAL DE TEMPO INTEGRAL LUIZA DA SILVA MOTA;RETIRO CAXITORE
LIMOEIRO DO NORTE;29;125;JOÃO XXIII;EEMTI ARSÊNIO FERREIRA MAIA;RUA CEL JOSE NUNES 1245
CAUCAIA;123;354;MARECHAL RONDON (JUREMA);E.E.I.E.F. ECONOMISTA RUBENS VAZ DA COSTA;AVENIDA NOVO HORIZONTE, S/N
GRANJA;25;204;TIAIA;E.E.F JOSÉ TELESFORO SAMPAIO;CONTENDAS
PEREIRO;10;153;SITIO CAETANO;ESCOLA JOSÉ MATIAS DE SOUSA;SITIO CAETANO
CRATEÚS;20;315;JOSÉ ROSA;CRECHE PROINFÂNCIA MARIA DELITE MENEZES TEIXEIRA I;RUA ANASTÁCIO CAMPINA, S/N, CONJ FREI DAMIÃO
QUIXADÁ;6;154;PLANALTO RENASCER;EEM GOVERNADOR LUIZ GONZAGA DA FONSECA MOTA;RUA PARAGUAI, S/N
MARACANAÚ;122;156;LUZARDO VIANA;EMEF NAPOLEAO BONAPARTE VIANA;RUA NAPOLEAO BONAPARTE VIANA 410
FORTALEZA;80;189;FÁTIMA;COLÉGIO NOSSA SENHORA DAS GRAÇAS;RUA MONSENHOR OTÁVIO DE CASTRO, 535
ALTO SANTO;86;24;CENTRO;ESCOLA DE 1 GRAU CAZUZA BEZERRA;RUA 31 DE MARCO SN
QUIXADÁ;6;78;DOM MAURICIO;EEF ANTÔNIO MARTINS DE ALMEIDA;RUA PADRE JOSÉ DA SILVA, 36
CAUCAIA;37;59;CENTRO;E.E.F. BRANCA CARNEIRO DE MENDONCA;PRACA DA MATRIZ, 666
SÃO GONÇALO DO AMARANTE;36;306;TAIBA-DISTRITO;ESCOLA DE EDUCAÇÃO BÁSICA PROFª ALBA HERCULANO ARAÚJO;RUA CAPITAO INACIO PRATA SN -TAÍBA
PEDRA BRANCA;59;160;SANTA MARIA;EEF MARIA ALVES DE MESQUITA;RUA MARIA ALVES DE MESQUITA, S/N.
CAPISTRANO;105;7;CENTRO;ESCOLA DE ENSINO FUNDAMENTAL FERNANDO CAVALCANTE MOTA;RUA JOSE SARAIVA SOBRINHO  S/N
CAPISTRANO;105;4;CENTRO;ESCOLA DE ENSINO BASICO DEPUTADO UBIRATAN DINIZ AGUIAR;RUA JOSE SARAIVA SOBRINHO S/N
ITAPIPOCA;17;734;CALUGI;EEB JÚLIA BRAGA DE CASTRO;CARAPEBAS
FORTALEZA;117;343;CANINDEZINHO;EM FLORIVAL ALVES SERAINE;RUA ITATIAIA, 1000
CRATO;27;22;CENTRO;EEIEF SÃO FRANCISCO;RUA BRIGADEIRO LEANDRO BEZERRA MONTEIRO, 406
CAUCAIA;123;552;URUCUTUBA (JUREMA);E.E.I.E.F. FIRMINO SOARES DE MOURA;RUA RAIMUNDO FERREIRA ROCHA, S/N - URUCUTUBA
TAMBORIL;61;82;CENTRO;EMTI 4 DE OUTUBRO;RUA VICENTE ALVES DO VALE SN
UMIRIM;23;260;SAO JOAQUIM-DISTRITO;GRUPO ESC. MUNIC. HAMILTON DA ROCHA E SILVA;AV FELISBELA CAETANO SN (RUA PRINCIPAL)
ITAPIPOCA;17;621;BALEIA;EEB JOSE IRANI MENDES;MACEIO
TIANGUÁ;81;186;SANTO ANTÔNIO;E.E.F. PROFª. ESTER DE AGUIAR MENEZES;RUA CORONEL JOÃO DAMASCENO, S/N
CASCAVEL;7;166;PITOMBEIRAS;ESC.ENS.FUND. DO CEDRO;CEDRO
FORTALEZA;93;144;PREFEITO JOSÉ WALTER;EEEP PROFESSOR ONELIO PORTO;AVENIDA E, 471 - II ETAPA
REDENÇÃO;52;87;DISTRITO DE GUASSI;ESCOLA MAJOR HORTÊNCIO HENRIQUE DAMASCENO;SITIO SANTO ANTÔNIO - SERRINHA BELA
PENTECOSTE;50;165;SÃO FRANCISCO;EEF BALBINA MOREIRA DE AZEVEDO;AVENIDA ANTÔNIO BRAGA DE AZEVEDO
VIÇOSA DO CEARÁ;35;109;LAMBEDOURO;E.E.F. DE OITICICAS;VILA OITICICAS
SOBRAL;24;501;VILA UNIÃO;CRAS REGINA JUSTA FEIJÃO (ANTIGO POLO ABC);RUA JERUSALEM, S/N
CAUCAIA;123;521;PARQUE DAS NAÇÕES (JUREMA);ESCOLA BRASILEIRINHO;RUA MÉXICO, 1753
CARIDADE;111;178;CAMPOS BELOS;EEF ISAIAS MARQUES;LOCALIDADE DE AÇUDINHO
FORTALEZA;82;115;CRISTO REDENTOR;CCDH - CENTRO DE CIDADANIA E DIR. HUMANOS - GOV. VIRGÍLIO TÁVORA;AV. MONSENHOR HELIO CAMPOS, 178
FORTALEZA;113;151;BOM FUTURO;COLÉGIO MEDALHA MILAGROSA;RUA PADRE JOÃO PIAMARTA,  415
TAUÁ;19;275;BEZERRA E SOUZA;EEF MARIA DO LIVRAMENTO BARRETO DA COSTA LEITAO;RUA PEDRO MATIAS DE VASCONCELOS SN
FORTALEZA;95;364;JANGURUSSU;EMEIF VEREADOR JOSÉ BARROS DE ALENCAR;RUA FREI GERALDO, 7570
SOBRAL;24;73;ALTO DA BRASÍLIA;EEFI RAUL MONTE;RUA MACEIO, S/N
CRATEÚS;20;328;SÃO JOSÉ;ESCOLA DE CIDADANIA AMADEU CATUNDA;RUA ALMIRANTE TAMANDARE 1873
CAUCAIA;120;384;BOM PRINCIPIO;E.E.F. ALUÍSIO PEREIRA DE LIMA;AVENIDA BRASÍLIA, S/N
AURORA;69;72;CENTRO-SEDE;E.E.F.M. JOSE PINTO QUEZADO;VILA PAULO GONÇALVES, S/N
FORTALEZA;115;96;SERRINHA;COLEGIO DUQUE DE CAXIAS;RUA  PERU, 1675
ITAREMA;98;110;CENTRO;EMEF MARIETA RIOS;RUA JOAO BATISTA RIOS S/N
MILAGRES;26;136;CENTRO;CENTRO DE EDUCAÇÃO INFANTIL NOVO ESPAÇO DA CRIANÇA;RUA ABÍLIO CRUZ
LIMOEIRO DO NORTE;29;187;ÁREA RURAL;CEI MARIA PINHEIRO DA SILVA;SETOR NH5
CROATÁ;74;73;SEDE;ESCOLA DE EDUCACAO BASICA DOM TIMOTEO;RUA MANOEL BRAGA SN - CENTRO
SALITRE;38;111;ZONA RURAL, SALITRE/CE;E.E.I.F RAIMUNDO CLEMENTINO DE ALENCAR - BULANDEIRA DOS DIAS;SÍTIO BULANDEIRA DOS DIAS
ALTO SANTO;86;44;ANDRE DIAS;ESCOLA DE 1 GRAU RAIMUNDO SEVERIANO CARNEIRO;SITIO ANDRE DIAS
PEREIRO;10;182;CENTRO;ESCOLA MUNICIPAL CLEONICE FREIRE DE QUEIROZ;RUA NEL QUEIROZ  257
JAGUARUANA;75;46;SAO JOSE;E.E.F. JOAO RODRIGUES MAIA;SÃO JOSÉ
ICÓ;15;144;SANTO ANTONIO - SITIO;ESCOLA DE ENSINO FUNDAMENTAL SÃO JOÃO;SITIO SANTO ANTONIO
CASCAVEL;7;60;JACARECOARA;ESC.ENS.FUND. ANTONIA FERREIRA DA SILVA;RUA FRANCISCO CAPISTRANO SN - CENTRO
QUIXERAMOBIM;11;238;JAIME LOPES;ESCOLA JOSE MARIO BARBOSA;RUA FRANSQUINHO CARNEIRO SN
VIÇOSA DO CEARÁ;35;19;CENTRO;E.E.F PEQUENO POLEGAR;RUA SILVA JARDIM S/N
IRACEMA;86;129;CENTRO;CENTRO DO IDOSO MANUEL FLORÊNCIO DA SILVA;RUA CELSO GOMES DA SILVA
TIANGUÁ;81;101;PINDOGUABA;CENTRO EDUCACIONAL ANTÔNIO JOSÉ DA ROCHA;RUA SÃO JOÃO BATISTA, S/N - DISTRITO PINDOGUABA
FORTALEZA;94;25;QUINTINO CUNHA;EEF JESUS, MARIA E JOSE;RUA DA MANGUEIRA 134
FORTALEZA;1;948;CIDADE 2000;CRECHE PAULO CESAR FEITOSA;RUA SOLON CARVALHO,154
MARACANAÚ;104;393;PAJUÇARA;COLÉGIO 7 DE SETEMBRO (PAJUÇARA);RUA BEATRIZ CALIXTO, 305
CRATEÚS;20;169;SANTO ANTÔNIO;ESCOLA DE CIDADANIA DE SANTO ANTONIO;SANTO ANTONIO
QUIXERAMOBIM;11;89;MONTEIRO DE MORAIS;ESCOLA HUMBERTO BEZERRA;RODOVIA DO ALGODAO, SN
FORTALEZA;113;258;AMADEU FURTADO;EEF MONSENHOR LINHARES;RUA PROF. LINO ENCARNAÇÃO, 1130
FORTALEZA;115;458;MANOEL SÁTIRO;EM HENRIQUETA GALENO;RUA MAJOR MONTENEGRO 917
JUAZEIRO DO NORTE;119;52;PREFEITO CARLOS ALBERTO DA CRUZ;ESCOLA ZILA BELEM;FRANCISCO VICENTE SILVA CAVALCANTE SN
PACATUBA;57;212;CONJUNTO JEREISSATI II;ESCOLA DE 1 GRAU DESEMBARGADOR RAIMUNDO DE CARVALHO;AV. XV SETOR F
SANTANA DO ACARAÚ;44;62;CENTRO;EEMTI NAZARÉ SEVERIANO;RUA NONATO ARCANJO S/N -CENTRO
MORADA NOVA;47;72;ARUARU;CENTRO EDUCACIONAL INFANTIL MARIA NADIR BARBOSA;JOSE ANGELO S/N
MARANGUAPE;4;613;PARQUE IRACEMA - MARANGUAPE;COLÉGIO SÃO JOSÉ;RUA SÃO JOSÉ, S/N
FORTALEZA;113;404;PARQUE ARAXÁ;CENTRO UNIVERSITÁRIO UNIFANOR;AV. BEZERRA DE MENEZES, 1277
FORTALEZA;116;429;BONSUCESSO;EEF SAO JOSE DO PICI DAS PEDREIRAS;RUA MANUEL ANTONIO LEITE 250
CEDRO;13;536;SÃO MIGUEL;CAPELA SÃO JOSE DO SITIO VILA NOVA;ST VILA NOVA
TURURU;17;681;ALTO DOS CAMELOS;CENTRO EDUCACIONAL ERNESTO GHISLANDI;RUA JATOBA I
OCARA;67;208;CURUPIRA-DISTRITO;ESCOLA MUNICIPAL MARIA DE LOURDES COSME - ENSINO FUNDAMENTAL;JUREMA DOS VIEIRA
GRANJA;25;133;ADRIANOPOLES;E.E.F. GUILHERME TELES GOUVEIA (ANTIGA NIEDJA ARRUDA);RUA VICENTE FERREIRA, S/N
FORTALEZA;112;437;EDSON QUEIROZ;COLEGIO ARI DE SA CAVALCANTE WS;AV WASHINGTON SOARES, 3737
JAGUARETAMA;72;18;CENTRO;E.E.M INSTITUTO IMACULADA CONCEICAO;RUA ANTONIO PINTO 301
MARTINÓPOLE;25;127;COHAB;E.E.F. PROFESSOR JOÃO RICARDO;RUA ARGEMIRO NEVES, 659
ALTO SANTO;86;74;ZONA RURAL;ESCOLA DE 1 GRAU ODILI BENIGNO DE OLIVEIRA;BAIXA DOS CABRAS
ITAPIPOCA;17;97;ASSUNÇÃO;EEM NOSSA SENHORA DA ASSUNCAO;ASSUNCAO
QUIXERÉ;29;261;LAGOINHA;EEIF RAIMUNDO PAULINO DE SOUSA;MARIA PRETA
FORTALEZA;115;478;VILA PERI;EEM PROF. HERMENEGILDO FIRMEZA;RUA GABRIEL FIUZA 360
AURORA;69;76;MOCOS-SITIO;POSTO DE SAÚDE (MOCÓ);SITIO MOCÓ
ALTANEIRA;53;91;SÍTIO SAMAMBAIA;POSTO DE SAÚDE ANTONIO PEREIRA DA SILVA;SÍTIO SAMAMBAIA, SN
MISSÃO VELHA;16;25;ZONA RURAL;EEF LEAO SAMPAIO;SITIO ARRAIAL DO MEIO
MISSÃO VELHA;16;104;ZONA RURAL;EEF NOEMIA CRUZ LANDIM;SITIO PASSAGEM DE PEDRA
FORTALEZA;1;892;CAIS DO PORTO;CRECHE RACHEL GUIMARÃES MARTINS BARBOSA;VIA DE PEDRESTE LESTE OESTE 01
SENADOR POMPEU;12;52;BRASILIA;SECRETARIA DO TRABALHO E ASSISTÊNCIA SOCIAL (ANTIGO CSU);RUA FRANCISCO LEANDRO S/N
FORTALEZA;3;576;ALDEOTA;UNICHRISTUS ALDEOTA;RUA VISCONDE DE MAUÁ, 1940
QUIXERAMOBIM;11;155;MONTEIRO DE MORAIS;ESCOLA MARIA ARAUJO CARNEIRO;RUA DR SEBASTIAO CAVALCANTE, 58
QUIXADÁ;6;289;DANIEL DE QUEIRÓS;ESTAÇÃO FERROVIÁRIA DE DANIEL DE QUEIROZ;DANIEL DE QUEIROZ, S/N
QUIXADÁ;6;47;ALTO SÃO FRANCISCO;EEMTI GOVERNADOR CÉSAR CALS DE OLIVEIRA FILHO;AV. JUSCELINO KUBITSCHEK, 385
MAURITI;76;105;SERRINHA;CENTRO EDUCACIONAL DE MAURITI;RUA JOSÉ LEITE DA COSTA, 629
MASSAPÊ;45;4;GINASIO;CENTRO EDUCACIONAL MASSAPEENSE;RUA AMADEU ALBUQUERQUE 323
CRATEÚS;20;59;PATRIARCAS;CENTRO DE REFERÊNCIA DA ASSISTÊNCIA SOCIAL - CRAS IV - PROVISÓRIO;RUA JOSÉ VICENTE, S/N
ACOPIARA;60;31;DISTRITO SANTA FELICIA;EEF ANTONIO FRANCISCO DE SOUSA;CALABACO
CRATO;27;79;VILA ALTA;EEFM JOSÉ ALVES DE FIGUEIREDO;RUA GETÚLIO VARGAS, 214
PACAJUS;49;130;FORMOSO;EEF JOSE GERALDO FILHO;FORMOSO
SANTA QUITÉRIA;54;169;POVOADO SÃO JOSÉ DOS MOCÓS;ESCOLA MUNICIPAL JOÃO RODRIGUES MARTINS;POVOADO SÃO JOSÉ DOS MOCÓS
RUSSAS;9;202;POCO DA ONCA;ESCOLA MUNICIPAL JOAQUIM SIMPLICIO DA COSTA;POCO DE ONÇA
FORTALEZA;114;181;CRISTO REDENTOR;EEFM SÃO JOSÉ DOS ARPOADORES;RUA FRANCISCO CALAÇA 90
FORTALEZA;83;561;PANAMERICANO;ESCOLA MUNICIPAL JOSÉ BATISTA DE OLIVEIRA;RUA GOIÁS 620
MARANGUAPE;4;24;PARQUE IRACEMA - MARANGUAPE;CEI MÁRIO VALENTIM DE ANDRADE;RUA ANTÔNIO GOMES BESSA, S/N
CASCAVEL;7;130;PITOMBEIRAS;ESC.ENS.FUND. JOSÉ LUIS MENDES;POVOADO DE OITICICA
QUIXERAMOBIM;11;136;SEDE RURAL;ESCOLA LUIS CINICO;CUPIM
JAGUARIBARA;72;93;PROJETO DE ASSENTAMENTO MANDACARU I;EMEIEF MARIA SOCORRO XAVIER DE ALMEIDA;PROJETO DE ASSENTAMENTO MANDACARU I
BAIXIO;92;83;CENTRO - SEDE;E.E.F.T.I. CEL HUMBERTO BEZERRA;RUA MARIA DA GLORIA, 20
TRAIRI;97;113;MARRECAS;EEF MARIA DIAS DE SENA;MARRECAS
JUAZEIRO DO NORTE;28;272;PIO XII;EEF JOSÉ MARROCOS;AV. JOSÉ BEZERRA, SN
MARACANAÚ;122;24;LUZARDO VIANA;COLEGIO ESTADUAL RUI BARBOSA;RUA JOSE JANUARIO PINTO, S/N
FORTALEZA;1;934;VARJOTA;ESCOLA MUNICIPAL COLONIA Z-8;RUA MANOEL JESUINO,370
GUAIÚBA;57;42;CENTRO;EEBM JOSE CABRAL DE ARAUJO;RUA PEDRO AUGUSTO 91
BATURITÉ;5;53;CENTRO-SEDE;EMEF DOMINGOS SAVIO;AV DOM BOSCO, 393
FORTALEZA;94;424;VILA VELHA;EMTI DEPUTADO ROBERTO MESQUITA;R. BETA,  SN
OCARA;67;183;SERRAGEM-DISTRITO;ESCOLA MUNICIPAL VER JOSE PIRES DE FREITAS - ENSINO FUNDAMENTAL;ESTRADA DO ALGODAO-SERRAGEM
FORTALEZA;82;650;CRISTO REDENTOR;ESCOLA MUNICIPAL SEBASTIANA ALDIGUERI;AV. DOUTOR THEBERGE, 448
MERUOCA;24;631;Santo Antônio dos Fernandes;EEF - MARIETA SALOMAO MENDES;DISTRITO SANTO ANTONIO DOS FERNANDES
SALITRE;38;168;CENTRO;E.E.I.F ANTONIO LEITE DE ALENCAR - SEDE;RUA SANTO ANTONIO  S/N
PACAJUS;49;18;BURITI;CENTRO DE EDUCACAO MUNICIPAL DE PACAJUS;RUA TABELIAO JOSE GAMA FILHO 734
CAUCAIA;123;554;MARECHAL RONDON (JUREMA);CIDI- CENTRO INTEGRADO DE DESENVOLVIMENTO INFANTIL;AV. NOVA ALVORADA, 490
JUAZEIRO DO NORTE;119;470;PIRAJA;ESCOLA IZABEL DA LUZ;AV. AILTON GOMES S/N
CRUZ;30;107;CENTRO;ESCOLA MARIA PEREIRA BRANDAO;RUA VEREADOR MUNDICO MARTINS 642
NOVA RUSSAS;48;9;CENTRO;EEMTI OLEGARIO ABREU MEMORIA;RUA CEL. ANTONIO RODRIGUES VERAS 1018
FORTALEZA;118;432;SERRINHA;EM MARIA DE CARVALHO MARTINS;AVENIDA DOUTOR SILAS MUNGUBA, 4300
SÃO BENEDITO;22;85;SITIO SAO MIGUEL;EEF SAO MIGUEL;SITIO SAO MIGUEL
FORTALEZA;3;180;JACARECANGA;SENAI - UNIDADE CENTRO;AV. PADRE IBIAPINA, 1280
FORTALEZA;1;616;VICENTE PINZON;ESCOLA PROFISSIONAL MARIA ANGELA DA SILVEIRA BORGES;RUA PINTOR ANTONIO BANDEIRA, S/N
JAGUARUANA;75;49;PITOMBEIRA;E.E.F. JARBAS PASSARINHO;PITOMBEIRA
ACOPIARA;60;147;SOLIDAO;EEF JOSE GONCALVES DE OLIVEIRA;SITIO RETIRO
SÃO LUÍS DO CURU;23;335;BOA VISTA-POVOADO;CENTRO COMUNITARIO MARIA MATOS HERCULANO;BOA VISTA - POVOADO
TARRAFAS;18;157;CENTRO;CENTRO DE EDUCAÇÃO INFANTIL;RUA ANTONIO GONCALVES VALENÇA, S/N
ICÓ;15;139;CANTO - SITIO;ESCOLA MUNICIPAL MANOEL JOSE DE ARAUJO;SITIO CANTO S/N
PEDRA BRANCA;59;31;SANTA CRUZ DO BANABUIU;ESCOLA DE 1 GRAU MIGUEL ARCANJO DOS SANTOS;SITIO SALGADO
FORTALEZA;115;492;PARANGABA;COLÉGIO LOURENÇO FILHO - PARANGABA;RUA CÔNEGO DE CASTRO 700
MARACANAÚ;122;250;ALTO ALEGRE I;EMEF PROFESSORA MARIA DE LOURDES DA SILVA;RUA 14 N 800 QUADRA 236
HIDROLÂNDIA;54;226;NOVA HIDROLÂNDIA;CENTRO DE EDUCAÇÃO INFANTIL MARIA AMÉLIA MARTINS TORRES;RUA SIMPLÍCIO RODRIGUES, 10, NOVA HIDROLÂNDIA, HIDROLÂNDIA/CE
BELA CRUZ;96;68;ESPINHOS-LOCALIDADE;EMETI JOAO PEREIRA DO NASCIMENTO;LOCALIDADE ESPINHOS
EUSÉBIO;88;146;COAÇU;COLÉGIO 7 DE SETEMBRO;RUA DANILO ARRUDA, S/N
MORADA NOVA;47;15;CENTRO;CENTRO EDUCACIONAL MONSENHOR TABOSA;AV. MANOEL CASTRO, 440
HORIZONTE;78;373;PLANALTO HORIZONTE;EMEF JOSÉ ALDEMIR DA SILVA;RUA FRANCISCA CECÍLIA, N. 1.100
CASCAVEL;7;192;CENTRO;COLEGIO CASCAVELENSE - CC;RUA SAMUEL BEDE, 2626
LIMOEIRO DO NORTE;29;109;ÁREA RURAL;ASSOCIAÇÃO COMUNITARIA DE DANÇAS - A.C.D.;SITIO DANCAS
CAUCAIA;120;354;CIGANA;E.E.I.E.F DALVA PONTES DA ROCHA;RUA QUINTINO JOSE CORREIA, 465
HORIZONTE;78;142;DIADEMA;EMEF PROF MARIA LUIZA BARBOSA CHAVES;RUA BATURITE SN - PARQUE DIADEMA
TAMBORIL;61;97;DISTRITO DE SUCESSO;EMTI NOSSA SENHORA APARECIDA;ASSENTAMENTO PASSARINHA
BREJO SANTO;70;410;RENE LUCENA;CEI CATEQUISTA MARIA ALACOQUE;R PEDRO NICODEMOS DE ARAÚJO, S/N
ITAPIPOCA;17;421;DESERTO;EEB ALFREDO AFONSO CUNHA;MULATAO
ITAPIPOCA;17;466;CRUZEIRO;EEB PROFESSOR PEDRO TEIXEIRA BARROSO;RUA ANTONIO BARROSO NETO S/N
SOBRAL;24;466;JOSÉ EUCLIDES;EEFI MOCINHA RODRIGUES;RUA EVANGELINA SABOIA, S/N
FORTALEZA;3;563;ALDEOTA;INSTITUTO CEARENSE DE EDUCAÇÃO DE SURDOS - ICES;AV. RUI BARBOSA, 1970
TIANGUÁ;81;185;PINDOGUABA;CENTRO EDUCACIONAL ANTÔNIO JOSÉ DA ROCHA;RUA SÃO JOÃO BATISTA, S/N - DISTRITO PINDOGUABA
QUIXADÁ;6;142;ÁREA RURAL DE QUIXADÁ;EEM JOSE MARTINS RODRIGUES;SITIO NOVA AURORA - PERIFERIA, S/N
SOBRAL;121;242;COHAB II;EEFI PAULO ARAGAO;RUA CAETANO FIGUEIREDO 100 COHAB II
CARIDADE;111;73;CENTRO;EEFM CASEMIRO BEZERRA DE ARAUJO;RUA CEL FRANCISCO LINHARES 496
ICAPUÍ;8;130;IBICUITABA;ESCOLA DE 1 GRAU PROFA CARLOTA TAVARES DE HOLANDA;IBICUITABA
PINDORETAMA;7;194;SITIO CORREIA;EMEB PEDRO RICARDO DA SILVA;SITIO CORREIA - PINDORETAMA
CAUCAIA;37;223;MESTRE ANTONIO;E.E.I.E.F. MENINO JESUS;RUA FRANCISCO EDSON DA SILVA, 163
ITAPIPOCA;17;372;CRUZEIRO;EEFMI CORONEL MURILO SERPA;RUA ANASTACIO BARROSO VALENTE 318
TURURU;17;720;SÃO PEDRO DO GAVIÃO / ZONA RURAL;EMEF LUIZ MOREIRA;RUA PRINCIPAL - GAVIÃO
JUAZEIRO DO NORTE;28;462;SALESIANOS;COLEGIO SALESIANO SÃO JOÃO BOSCO;PADRE CICERO 1492
FORTALEZA;112;476;SAPIRANGA-COITÉ;EM IRMA SIMAS;RUA JOSE SOBREIRA, 608
PARAMOTI;111;139;CENTRO;EMEF BELA VISTA;AV JOAQUIM VIEIRA, 22
CANINDÉ;33;73;CENTRO;CEJA - CENTRO DE EDUCAÇÃO DE JOVENS E ADULTOS;RUA SITÔNIO MONTEIRO, 242
COREAÚ;64;28;Lajeiro;LAJEIRO - ESCOLA MUN. REINALDO PIMENTA;LOCALIDADEDE  LAJEIRO, COREAÚ
LIMOEIRO DO NORTE;29;171;ÁREA RURAL;EEF DEP MANOEL DE CASTRO FILHO;KM 60
MARACANAÚ;122;115;HORTO;EMEIEF CESAR CALS DE OLIVEIRA NETO;RUA PROF JOSÉ HENRIQUE DA SILVA, S/N
ARACATI;8;2;CENTRO;CAMARA MUNICIPAL;CEL ALEXANZITO 448
TABULEIRO DO NORTE;91;24;CENTRO;ESCOLA DE 1 E 2 GRAUS FRANCISCO MOREIRA FILHO;RUA MANOEL FRANKLIN, 5033
FRECHEIRINHA;81;241;CENTRO;CENTRO EDUCACIONAL RAIMUNDO PEREIRA;AVENIDA JOAQUIM PEREIRA 717 - CENTRO 
CAMOCIM;32;85;ZONA RURAL;EEF CEL VICENTE DE PAULA AGUIAR - GRUPO PEDRA BRANCA;LOCALIDADE DE PEDRA BRANCA
FORTALEZA;1;755;VICENTE PINZON;ESCOLA MUNICIPAL PROF BELARMINA CAMPOS;RUA MANOEL RODRIGUES MONTEIRO, 840
TIANGUÁ;81;213;ÁREA RURAL DE TIANGUÁ;E.E.F. SÃO JOSÉ;SÍTIO SÃO JOSÉ
SENADOR SÁ;45;59;CENTRO;GE CORONEL APOLIANO;RUA PADRE DELMONT S/N
FORTALEZA;83;129;JÓQUEI CLUBE;ESCOLA MUNICIPAL PRESIDENTE KENNEDY;AV. LINEU MACHADO 811
INDEPENDÊNCIA;39;176;MULUNGU;E.E.F. JOSE DE SOUSA CAVALCANTE;MULUNGU
FORTALEZA;85;395;GENIBAÚ;ESCOLA MUNICIPAL DEP JOAO FREDERICO FERREIRA GOMES;RUA JOSE MENDONCA 1160
CHORÓ;6;113;CENTRO;CEM DOM BOSCO;RUA ILDA BEZERRA PIANCÓ, 169, CENTRO
CRATEÚS;20;61;SANTO ANTÔNIO;UNIDADE BÁSICA DE SAÚDE DO VALENTE;VALENTE
FORTALEZA;3;30;CENTRO;SESC FORTALEZA;RUA CLARINDO DE QUEIROZ, 1740
CRATEÚS;20;117;CENTRO;COLEGIO ESTADUAL REGINA PACIS;RUA FRANCISCO SA 106
MARACANAÚ;122;280;MUCUNA;EMEF MANOEL ROSEO LANDIM;RUA OSCAR FERREIRA DE BRITO, 161
PORTEIRAS;70;289;BARREIROS-SEDE;PSF ERNESTINA GERÔNIMO DE SOUSA - SITIO BARREIROS;SÍTIO BARREIROS
FORTALEZA;113;393;MONTESE;IMPARH;AV JOAO PESSOA, 5.609
BARREIRA;52;153;MEARIM III;ESCOLA BOANERGES JACÓ (CERUR);RUA JOÃO JULIÃO, N. 182
IRAUÇUBA;41;225;GIL BASTOS;EMEF GIL BASTOS;RUA NOVA, S/N
IPAPORANGA;20;251;CENTRAL;ESCOLA DE EDUCAÇÃO INFANTIL PEQUENO PRÍNCIPE;RUA GABRIELRODRIGUES JÚNIOR, 101
FORTALEZA;112;281;CIDADE DOS FUNCIONÁRIOS;COLÉGIO DÁULIA BRINGEL;RUA TRAJANO ALVES DE AGUIAR, 55
ARNEIROZ;101;68;PLANALTO;EPG FRANCISCO ELIAS DE ANDRADE;PLANALTO
ITAPIPOCA;17;24;CRUZEIRO;EEFMI CORONEL MURILO SERPA;RUA ANASTACIO BARROSO VALENTE 318
ARARENDÁ;48;101;LAGOA DE SANTO ANTONIO;E. E. F. M.  FIRMINO JOSÉ;DISTRITO DE LAGOA DE SANTO ANTONIO
AIUABA;101;73;ASSENTAMENTO BARAUNA FERRADA;CRECHE NOSSA SENHORA DA CONCEIÇÃO;ASSENTAMENTO BARAUNA FERRADA - BOM NOME
FORTALEZA;82;369;SÃO GERARDO;COLÉGIO MASTER - BEZERRA DE MENEZES;AV. BEZERRA DE MENEZES, 1802
CAUCAIA;37;461;ICARAI;E.E.I.E.F FRANCISCO MARTINS DE MORAES;RUA BELARMINO JOSÉ, 201 - ICARAÍ
ACARAÚ;30;194;ZONA RURAL;ESCOLA JOAO DOMINGUES DE SOUSA;ALMECEGAS
ALTANEIRA;53;11;CENTRO;EMEF 18 DE DEZEMBRO;RUA JOSE PIO DE OLIVEIRA, SN
CRATEÚS;20;84;IBIAPABA;ESCOLA DE CIDADANIA DE IBIAPABA;IBIAPABA
FORTALEZA;115;408;MANOEL SÁTIRO;EEFM PROFESSOR MARIO SCHENBERG;RUA AMERICO ROCHA LIMA 835
JUAZEIRO DO NORTE;28;367;SALESIANOS;EEF JOSE GERALDO DA CRUZ;DO ROSARIO 622
BARBALHA;31;10;ROSÁRIO;FACULDADE DE MEDICINA DE BARBALHA (UFCA);RUA DIVINO SALVADOR, 284
NOVA RUSSAS;48;71;SÃO FRANCISCO;E. E. F.  ZILMAR MENDES MARTINS;RUA NAPOLEÃO MOURA, S/N
MARACANAÚ;122;236;ALTO DA MANGUEIRA;E.M.E.F. ESTUDANTE ANA BEATRIZ TAVARES;RUA JOACIR FREITAS DUTRA, S/N
JUAZEIRO DO NORTE;119;468;LAGOA SECA;ESCOLA PROFESSORA MARIA GERMANO;RUA ARNOBIO BACELAR CANECA SN
ICÓ;15;90;CENTRO - SEDE;ESCOLA MUNICIPAL PROFESSORA LOURDES COSTA;AV ILIDIO SAMPAIO,1571
FORTALEZA;80;409;FÁTIMA;COLÉGIO SANTO TOMÁZ DE AQUINO;RUA MÁRIO MAMEDE, 750
FORTALEZA;85;184;CONJUNTO CEARÁ I;EMTI JOSE LEOPOLDINO DA SILVA FILHO;RUA 420, S/N, 2A ETAPA
FORTALEZA;80;340;JOAQUIM TÁVORA;COLÉGIO ANTARES IRMÃ MARIA (ANTIGO IRMÃ MARIA MONTENEGRO);RUA PINHO PESSOA 681
JUAZEIRO DO NORTE;119;420;FREI DAMIAO;ESCOLA MARIO DA SILVA BEM;RUA VEREADOR RAIMUNDO JOSÉ DA SILVA
IBIAPINA;73;14;CENTRO;CENTRO PASTORAL ZULMIRA MELO (ANTIGO COLÉGIO DO PADRE);RUA MONSENHOR MELO, 439
ASSARÉ;18;49;PARQUE DE VAQUEJADA;ESCOLA DE EDUCACAO INFANTIL E ENSINO FUNDAMENTAL MARIA ISABEL;AVENIDA DEP. MANOEL GONCALVES, S/N
MISSÃO VELHA;16;112;ZONA RURAL;EEF CICERO MANOEL DA SILVA;SITIO OLHO DAGUA DE FORA
FORTALEZA;1;341;CAIS DO PORTO;ESCOLA ESTADUAL MAESTRO ELIAZAR DE CARVALHO;RUA FRANCISCO ALVES PEREIRA  349
CASCAVEL;7;163;CENTRO;EMEB PROFESSORA THEREZINHA MESQUITA DE JESUS CIRÍACO (ANTIGA CNEC);RUA PREF. LUIS BENICIO SAMPAIO, 2506
FORTALEZA;118;419;PARQUE DOIS IRMÃOS;EM DOUTOR ABDENAGO DA ROCHA LIMA;RUA 114, 75 (CJ TUPAN MIRIM)
SANTANA DO CARIRI;53;39;CENTRO;CREI MARIA LUIZA DE SOUSA;RUA DR. JOSE AUGUSTO, 508
AIUABA;101;33;CENTRO;ESCOLA PADRE PEDRO JOSE;RUA ARMANDO ARRAES FEITOSA 30
MAURITI;76;47;COITE-DISTRITO;EEF EDSON OLEGÁRIO DE SANTANA;RUA CEL. NAZÁRIO, S/N
ITAPIPOCA;17;563;CRUXATI;EEB ALONSO PINTO DE CASTRO;BETÂNIA
FORTALEZA;118;321;SERRINHA;ESCOLA EVANGELICA MONTE SINAI;RUA BRUNO VALENTE, 847
FORTALEZA;115;24;MARAPONGA;EEM  PROFESSORA DIVA CABRAL;RUA HOLANDA, 701
FORTALEZA;115;126;MONDUBIM;LAR FABIANO DE CRISTO;RUA CEL. JAIME ROLEMBERG, 100
BARBALHA;31;3;CENTRO;COLÉGIO NOSSA SENHORA DE FÁTIMA;RUA DA MATRIZ, 258
FORTALEZA;113;405;PARQUE ARAXÁ;CENTRO UNIVERSITÁRIO UNIFANOR;AV. BEZERRA DE MENEZES, 1277
INDEPENDÊNCIA;39;164;CATINGUEIRO;E.E.F. ANTONIO VIEIRA COUTINHO;CATINGUEIRO
FORTALEZA;83;24;BELA VISTA;ESCOLA MUNICIPAL JOSÉ NAURI BRAGA;RUA PROFESSORA LILIA ABREU, 231
FORTALEZA;82;544;SÃO GERARDO;ESCOLA MUNICIPAL GUSTAVO BARROSO;RUA ERETIDES MARTINS, 26
FORTALEZA;95;153;JANGURUSSU;EEMTI ALMIRANTE TAMANDARÉ;RUA DO PEREIRO, S/N, CJ ALMIRANTE TAMANDARÉ
FORTALEZA;115;57;ITAPERI;UNIVERSIDADE ESTADUAL DO CEARA - UECE;AV DR. SILAS MUNGUBA, 1700
VIÇOSA DO CEARÁ;35;24;CENTRO;CEB NOSSA SENHORA DAS VITÓRIAS;RUA MANOEL PEREIRA BARROS
FORTALEZA;118;569;BOA VISTA-CASTELÃO;EEFM PROFESSORA MARIA GONCALVES;RUA N S DO MONTE CARMELO S/N
FORTALEZA;94;941;VILA VELHA;EMTI DEPUTADO ROBERTO MESQUITA;R. BETA,  SN
IPU;21;89;SEDE;PATRONATO SOUSA CARVALHO;PCA DR CHAGAS PINTO 1045 - CENTRO
FORTALEZA;82;461;SÃO GERARDO;COLÉGIO MASTER - BEZERRA DE MENEZES;AV. BEZERRA DE MENEZES, 1802
RUSSAS;9;304;PLANALTO BELA VISTA;ESCOLA MUNICIPAL ANA XAVIER LOPES;TRAVESSA JOSE MUNIZ 2457
INDEPENDÊNCIA;39;5;CENTRO;E.E.F. ABIGAIL ANTUNES MARQUES;RUA DO CRUZEIRO, 208
CRUZ;30;108;CENTRO;ESCOLA SAO FRANCISCO DA CRUZ;RUA PROFESSORA FILO  SN
BOA VIAGEM;63;89;TRAPIA DOS LOBOS;EEF FRANCISCO LOBO CAVALCANTE;TRAPIA DOS LOBOS
JAGUARIBE;10;21;DISTRITO DE MAPUÁ;E.E.F. RAIMUNDO LIMA GOMES;RUA FRANCISCO ALVES MORAIS 794
FORTALEZA;83;325;DEMOCRITO ROCHA;ESCOLA MUNICIPAL JOSÉ BONIFÁCIO DE SOUSA;RUA PERNAMBUCO 600
ITAPIPOCA;17;460;CENTRO;EEM JOAQUIM MAGALHÃES;RUA PERGENTINA ARAUJO S/N
FORTALEZA;93;193;PLANALTO AYRTON SENNA;EM MARIA ZELIA CORREIA DE SOUSA;RUA ANTONIO PEREIRA,1495
UMIRIM;23;263;SAO JOAQUIM-DISTRITO;GRUPO ESC. MUNIC. HAMILTON DA ROCHA E SILVA;AV FELISBELA CAETANO SN (RUA PRINCIPAL)
JUAZEIRO DO NORTE;28;4;CENTRO;BIBLIOTECA PÚBLICA MUNICIPAL DR. POSSIDÔNIO DA SILVA BEM;RUA SANTO AGOSTINHO, 300
JUAZEIRO DO NORTE;28;470;AREA RURAL DE JUAZEIRO DO NORTE;EEF ANTONIO BENJAMIM MOURA;SITIO POÇÕES
ITATIRA;33;392;DISTRITO DE LAGOA DO MATO;CERU - JOSÉ PAULO DE SOUSA;AV. ZEZE JUCA N 1789
MORRINHOS;44;12;SAO LUIS;EMEF FRANCISCO ABDORAL ROCHA;AV CORACAO DE MARIA S/N
BATURITÉ;5;8;CANDEIA BOA VISTA-POVOADO;EMEF MARIA DE LOURDES DA SILVEIRA;CANDEIA BOA VISTA, SN
FORTALEZA;80;299;AEROLÂNDIA;IGREJA MATRIZ DA AEROLÂNDIA - PARÓQUIA N. SRA DO SAGRADO CORAÇÃO;RUA ASPIRANTE MENDES, 540
MUCAMBO;79;210;CENTRO;E.E.M. JOSÉ CLÁUDIO DE ARAÚJO;RUA JOSÉ CLÁUDIO DE ARAÚJO, 615
TIANGUÁ;81;58;SEMINÁRIO;FACULDADE VIA SAPIENS;AVENIDA PREFEITO JACQUES NUNES, 1739
QUIXERAMOBIM;11;68;NENELANDIA;ESCOLA FRANCISCO CARNEIRO SOBRINHO;NENELANDIA
RUSSAS;9;207;SANTA TEREZINHA;ESCOLA MUNICIPAL PADRE ABDON VALERIO;SANTA TEREZINHA
FORTALEZA;82;76;CARLITO PAMPLONA;COLÉGIO MARIA ALICE;AV. PASTEUR, 700
FORTALEZA;80;325;DIONISIO TORRES;COLÉGIO SANTO INACIO;AVENIDA DESEMBARGADOR MOREIRA 2355
MARTINÓPOLE;25;74;CONJUNTO BENEDITO BARROS;E.E.M.T.I. PREF. DÁRIO CAMPOS FEIJÓ;RODOVIA CE, 362
COREAÚ;64;88;Ubaúna;UBAÚNA - CEI ANTº AGUIAR NERI;DISTRITO DE UBAÚNA
ARACATI;8;164;TANQUE SALGADO II;IGREJA CATOLICA DO TANQUE SALGADO II;TANQUE SALGADO II
SANTANA DO ACARAÚ;44;34;BAIXA FRIA;EEF ANTÔNIO FRANCISCO CANAFÍSTULA;BAIXA FRIA
ITAPAJÉ;41;251;ESMERINO GOMES;CRECHE NEDI SONHO INFANTIL;RUA PEDRO GOMES SN CONJUNTO ANTONIO BRAGA
TRAIRI;97;154;PANAN;EEF OSVALDO CRUZ;PANAN
FORTALEZA;2;823;PAUPINA;CMES ANISIO TEIXEIRA;TRAVESSA DO GUARANI, 355
FORTALEZA;83;234;PANAMERICANO;ESCOLA MUNICIPAL JOSÉ BATISTA DE OLIVEIRA;RUA GOIÁS 620
SANTANA DO ACARAÚ;44;73;SAPO DE CIMA;ASSOCIAÇÃO COMUNITÁRIA DOS TRABALHADORES DE SAPÓ;SAPO DE CIMA
OCARA;67;211;CURUPIRA-DISTRITO;ESCOLA MUNICIPAL MARIA DE LOURDES COSME - ENSINO FUNDAMENTAL;JUREMA DOS VIEIRA
SANTANA DO ACARAÚ;44;121;PEDREGAL;CENTRO DE PASTORAL FREI CRISTOVÃO ;RUA PADRE FRANCISCO JOSE ARAGÃO E SILVA
TABULEIRO DO NORTE;91;41;OLHO D'ÁGUA DA BICA;ESCOLA ERUNDINA NUNES MALVEIRA;OLHO D'ÁGUA DA BICA 
MARCO;96;204;CENTRO-SEDE;CES COLÉGIO EDVANDO SOUZA;RUA JOSÉ MARIA FARIAS, 572
MONSENHOR TABOSA;61;159;SAO FRANCISCO;E.M.E.I.F.T.I SERAPIÃO RODRIGUES DE OLIVEIRA;POVOADO DE SAO FRANCISCO
GUAIÚBA;57;106;SAO JERONIMO;CEI MARIA JOSE SOUSA SILVA;SAO JERONIMO
BARREIRA;52;175;CENTRO;ESCOLA DANÍSIO DALTON DA ROCHA CORRÊA;AV. FRANCISCO TORRES DA GAMA, N. 161
ITATIRA;33;161;ZONA RURAL;EMEF JOSE PEREIRA;LOCALIDADE DE BANDEIRA NOVA
FORTALEZA;95;262;BARROSO;EEFM PROFESSOR  ALOYSIO BARROS LEAL;RUA 10,  LOT. PRQ.VERDE 28 (CJ JOAO PAULO II)
SÃO BENEDITO;22;115;SITIO CARNAUBAL DOS MEDEIROS;EEF CARNAUBAL DOS MEDEIROS;SITIO CARNAUBAL DOS MEDEIROS
FORTALEZA;118;132;ITAPERI;EM ZAIRA MONTEIRO GONDIM;RUA PEDRO AGUIAR, 315
ICÓ;15;185;CARNAUBINHA - SÍTIO;ESCOLA MUNICIPAL PEREIRA E BARROS;SITIO CARNAUBINHA
CARIRÉ;65;42;ZONA RURAL;ESCOLA EIEF JOSE DO PATROCINIO BRAGA;RUA SEBASTIAO MARTINS - DISTRITO JUCA
PACAJUS;49;243;PEDRA BRANCA;EEF DANILO COSTA MENEZES;RUA OSVALDO FREITAS NUNES 133
IPUEIRAS;40;204;CARNAÚBAS;EEF GONÇALO XIMENES ARAGÃO - CARNAÚBAS;RUA JOSÉ ALEXANDRE, 752
TAMBORIL;61;64;BAIRRO MONTE CASTELO;EEEM DONA LUIZA TIMBÓ;RUA FRANKLIN CAVALCANTE SN
FORTALEZA;117;438;BOM JARDIM;EEFM SANTO AMARO;RUA NOVA CONQUISTA 871
FORTALEZA;117;414;PARQUE SÃO JOSÉ;EEFM IRMAO URBANO GONZALEZ RODRIGUEZ;RUA CONEGO DE CASTRO, 4055
MASSAPÊ;45;96;ZONA RURAL;EEF DR. ALFREDO LOPES;RIACHÃO DOS FARIAS
PARACURU;109;102;CAMPO DE AVIAÇÃO;E. M. E. I. F. PROFESSORA MARIA ALBUQUERQUE LIMA - DINA;AV. SAO JOAO EVANGELISTA, 385
ALCÂNTARAS;24;422;BELA VISTA;CRAS - CENTRO DE REFERENCIA DA ASSISTENCIA SOCIAL;PRACA GREGORIO CUNHA S/N
UBAJARA;73;127;DISTRITO ARATICUM;ESCOLA ZULMIRA AGASSIS;R LUIZA LEONIZA SN - DISTRITO ARATICUM
QUIXADÁ;6;46;ALTO SÃO FRANCISCO;EEMTI GOVERNADOR CÉSAR CALS DE OLIVEIRA FILHO;AV. JUSCELINO KUBITSCHEK, 385
MAURITI;76;140;NOVA SANTA CRUZ-DISTRITO;EEIF BOM JESUS;SITIO LOBO
ICÓ;15;5;CENTRO - SEDE;ESCOLA MUNICIPAL SENHOR DO BONFIM;RUA FRANCISCO MACIEL DA SILVA, 2557
IRAUÇUBA;41;272;CENTRO-SEDE;EEMTI DIRETORA MARIA DILMA BASTOS FERREIRA (ESCOLA DE ENSINO MEDIO);AVENIDA PAULO BASTOS, 68
MORADA NOVA;47;26;CENTRO;EEMTI EGIDIA CAVALCANTE CHAGAS;AV MANOEL CASTRO, 473
PARAMOTI;111;130;CENTRO;EEMTI TOMÉ GOMES DOS SANTOS (PRÉDIO NOVO);RUA ORLEANS FARIAS, S/N - SANTA CECÍLIA
FORQUILHA;121;190;CENTRO;EEF DEP JOSE PARENTE PRADO(CENTRO SOCIAL);R MOCINHA VIANA 96
BARROQUINHA;108;80;CAUCAIA;EEF ANTONIO MARCELINO FERREIRA;RUA SÃO FRANCISCO, 12
JIJOCA DE JERICOACOARA;30;392;CENTRO;ESCOLA JOSE DIONISIO DE SOUSA;RUA RAIMUNDO ALEXANDRE 330
AIUABA;101;4;CENTRO;ESCOLA PADRE PEDRO JOSE;RUA ARMANDO ARRAES FEITOSA 30
RUSSAS;9;45;CENTRO;ESCOLA MUNICIPAL TIA BENILCE DE EDUC INFANTIL E ENSINO FUNDAMENTAL;AVENIDA DOM LINO, 204
ICÓ;15;112;CABOCLO - SITIO;IGREJA SÃO MIGUEL ARCANJO;SITIO CABOCLO
MAURITI;76;124;SITIO VOLTA;ASSOCIAÇÃO COMUNITÁRIA DOS PRODUTORES RURAIS DO SÍTIO VOLTA;SITIO VOLTA
FORTALEZA;113;54;JOSÉ BONIFÁCIO;COLÉGIO FARIAS BRITO;RUA SENADOR POMPEU, 2607
BEBERIBE;84;57;SEDE;ASSOCIAÇÃO DO SITIO DO MEIO E COMUNIDADES VIZINHAS;SITIO CARRAPICHO
BEBERIBE;84;141;PARIPUEIRA;ESCOLA MUNICIPAL FRANCISCO CORREIA LIMA;CORREGO DO SAL
MOMBAÇA;46;44;CARNAUBA;ESCOLA DE ENSINO FUNDAMENTAL PEDRO AIRES DE CARVALHO;DISTRITO DE CARNAÚBA
BELA CRUZ;96;4;CENTRO-SEDE;EMEF MONS. ODÉCIO;RUA CORONEL DUCA, 704
FORTALEZA;117;284;SIQUEIRA;CEI FRANCISCA DE ABREU LIMA;RUA C -  ESQUINA COM A RUA LUIZ MONTENEGRO, S/N
FORTALEZA;112;541;CIDADE DOS FUNCIONÁRIOS;ESCOLA VITAL DIDONET;RUA SERTÃO DOS INHAMUNS 201
SÃO BENEDITO;22;219;CIDADE ALTA;CVT - CENTRO VOCACIONAL TECNOLOGICO;RUA NOEME AMARAL 401
PARACURU;109;90;BOI MORTO;E. M. E. I. F. MARIA ELISA MAGALHÃES;BOI MORTO
BARREIRA;52;198;CAJUEIRO;ESCOLA COMUNITÁRIA GUILHERMINA DE OLIVEIRA;CROATÁ II
FORTALEZA;112;505;EDSON QUEIROZ;EM PROF FRANCISCO MAURICIO MATOS DOURADO;RUA  DES FLORIANO BENEVIDES MAGALHÃES, 391
FORTALEZA;112;566;GUARARAPES;CENTRO UNIVERSITARIO ESTACIO DO CEARA VIA CORPVS;RUA ELISEU UCHÔA BECO, 600
FORTALEZA;117;141;SIQUEIRA;COLÉGIO VIDA VIVA;RUA JOSÉ MARIA, 100
SOBRAL;121;150;CENTRO;CEJA - CENTRO DE EDUCACAO DE JOVENS E ADULTOS CECI CIALDINI;RUA ORIANO MENDES, 455
JUAZEIRO DO NORTE;28;471;SALGADINHO;EEF 03 DE JUNHO;RUA PEDRO FURTADO MENEZES
INDEPENDÊNCIA;39;216;MOLEQUE;E.E.F. IVANEIDE BEZERRA DE OLIVEIRA;MOLEQUE
QUIXADÁ;6;56;ALTO SÃO FRANCISCO;ESCOLA ADVENTISTA ARLETE AFONSO;RUA EPITÁCIO PESSOA, 605
BARBALHA;31;159;ROSÁRIO;CEI MARIA ALACOQUE SAMPAIO (ROSÁRIO);RUA PADRE JATAÍ, 05
PENAFORTE;70;343;CENTRO-SEDE;EEB JOAQUIM PEREIRA LIMA;RUA CICERO SOUSA DE OLIVEIRA
FORTALEZA;113;418;MONTESE;EEFM MARECHAL HUMBERTO DE ALENCAR C. BRANCO;RUA ALVARO FERNANDES, 913
FORTALEZA;118;574;BOA VISTA-CASTELÃO;EEFM PROFESSORA MARIA GONCALVES;RUA N S DO MONTE CARMELO S/N
FORTALEZA;82;109;CRISTO REDENTOR;EM SANTA TEREZA;AV. MONSENHOR HÉLIO CAMPOS, 90
JAGUARIBE;10;15;DISTRITO DE FEITICEIRO;E.E.M. MILITANA PAES;RUA TOME DA FROTA 93
GUARACIABA DO NORTE;74;8;CENTRO;CENTRO PASTORAL NOSSA SENHORA DOS PRAZERES;R. CEL.CLÍNIO MEMÓRIA, 281 - CENTRO
INDEPENDÊNCIA;39;225;CACHOEIRA DO FOGO;EEF RAIMUNDO VIEIRA;POVOADO CACHOEIRA DO FOGO
JUAZEIRO DO NORTE;28;446;MARROCOS;EEF JOSE DE ARAUJO;VILA SAO GONCALO
TABULEIRO DO NORTE;91;105;AGUA SANTA;ASSOCIAÇÃO DOS MORADORES DA AGUA SANTA;SITIO ÁGUA SANTA
IBARETAMA;6;148;DISTRITO DE OITICICA;EMEIF JÚLIO JOSÉ PEREIRA;BARREIROS
FORTALEZA;94;878;PADRE ANDRADE;CEI PROFESSOR CLODOALDO PINTO;RUA BANVARTH BEZERRA 100
GRANJA;25;181;BREJO;E.E.F. NOSSA SENHORA APARECIDA;RUA CLARISMUNDO ALVES ARAGAO, S/N - BREJO DOS SABINOS
MORADA NOVA;47;11;SAO FRANCISCO;EEB PROFESSORA ANA CLARA ANDRADE NÂNTUA BENTO;RUA JOSÉ DE SOUSA MARTINS, 261
CEDRO;13;471;CANDEIAS;ESCOLA DE ENS FUND E MEDIO FRANCISCO HENRIQUE DA COSTA;DISTRITO DE CANDEIAS
FORTALEZA;83;168;JÓQUEI CLUBE;EEFM HERACLITO DE CASTRO E SILVA;RUA SILVEIRA FILHO, 808
MASSAPÊ;45;115;CRUZEIRO;EEEP FRANCISCA NEILYTA CARNEIRO ALBUQUERQUE;RODOVIA CE362 KM 81 S/N
PACOTI;5;186;MACAPÁ;CRECHE ESPACO INFANTIL (MACAPA);SITIO MACAPA
PARACURU;109;83;CAMPO DE SEMENTE;E. M. E. I. F. JOSE FERREIRA DA SILVA;RUA N. S. DO AMPARO, S/N
POTENGI;68;65;CENTRO;EEFM MENEZES PIMENTEL - SEDE;RUA SEVERINO PAULINO, 230 - BAIRRO SÃO FRANCISCO
FORTALEZA;85;123;CONJUNTO CEARÁ I;CCDH - CENTRO DE CIDADANIA E DIREITOS HUMANOS (ANTIGO LUCIO ALCANTARA);AV. ALANIS MARIA LAURINDO DE OLIVEIRA, 461, 1A ETAPA
FORTALEZA;116;454;BONSUCESSO;EM ANTONIO DIOGO DE SIQUEIRA;RUA ANSELMO NOGUEIRA 655
MAURITI;76;147;BELA VISTA;E.E. PROFISSIONALIZANTE PE. JOÃO BOSCO DE LIMA;RUA 03, S/N
MAURITI;76;162;BELA VISTA;CRECHE MUNDO ENCANTADO;AV. DR. FERNANDO TELES CARTAXO, S/N
PARACURU;109;86;CAMPO DE AVIAÇÃO;E. E. M. T. I. PROFESSORA MARIA LUIZA SABOIA RIBEIRO;AVENIDA ANTONIO SALES
SOBRAL;121;43;PATRIARCA;ESCOLA PERY FROTA - ANEXO CAUBI VASCONCELOS;ALEGRE PATRIARCA
QUIXADÁ;6;392;JUÁ;EEF PEDRO RODRIGUES FILHO;JUA - SEDE, S/N
MARACANAÚ;122;125;SIQUEIRA (siqueira 2);EMEF FRANCISCO TABOZA FILHO;AV. JUSCELINO KUBITSCHEK 1941
FORTALEZA;116;384;BONSUCESSO;EM FRANCISCA FERNANDES MAGALHAES (COLÉGIO CASTRO);RUA OLIVEIRA SOBRINHO, 1031
MORADA NOVA;47;247;SEDE;EEB FRANCISCO CHAGAS CAVALCANTE;LAGOA DOS BOIS
BARROQUINHA;108;63;DISTRITO BITUPITÁ;EXTENSÃO DA EEMTI JAIME LAURINDO DA SILVA - BITUPITÁ;RUA DA CABEÇA, S/N
AQUIRAZ;66;325;JUSTINIANO DE SERPA;EEF LAGOA DO MATO DE SERPA;LAGOA DO MATO - JUSTINIANO DE SERPA
QUITERIANÓPOLIS;99;75;ZONA RURAL;EEIF MIGUEL ÂNGELO DE OLIVEIRA;SAO GONCALO
JIJOCA DE JERICOACOARA;30;301;ZONA RURAL;ESCOLA PEDRO PEREIRA DUTRA;BORGES
AQUIRAZ;66;66;GENIPAPEIRO;EMEF MANOEL ASSUNCAO PIRES;RUA PRINCIPAL S/N
FORTALEZA;80;315;DIONISIO TORRES;COLÉGIO SANTO INACIO;AVENIDA DESEMBARGADOR MOREIRA 2355
BARBALHA;31;92;SÍTIO CABECEIRAS;EEF ANA RAMALHO DA SILVA (SÍTIO CABECEIRAS);RODOVIA CE-293, KM 06 (7.32182 S, 39.35070 W)
MARACANAÚ;122;211;COQUEIRAL;EMEF JOSE BELISARIO DE SOUSA;RUA MANOEL MOREIRA LIMA 790
FORTALEZA;95;348;CONJUNTO PALMEIRAS;EMEIEF PROFESSORA BERNADETE ORIÁ DE OLIVEIRA;RUA DR. CODES SANDOVAL 796
MASSAPÊ;45;144;CRUZEIRO;EEEP FRANCISCA NEILYTA CARNEIRO ALBUQUERQUE;RODOVIA CE362 KM 81 S/N
CANINDÉ;33;4;CENTRO;COLEGIO ESTADUAL PAULO SARASATE;RUA JOAQUIM MAGALHAES 100
TAMBORIL;61;34;DISTRITO DE SUCESSO;EEMTI JÁDER DE FIGUEIREDO CORREIA;RUA GOV VALDEMAR DE ALCANTARA - VILA SUCESSO
FORTALEZA;117;272;SIQUEIRA;EEFM SENADOR OSIRES PONTES;RUA DIVINA 150
FORTALEZA;95;217;PARQUE SANTA MARIA;EMEIEF BARBARA DE ALENCAR;RUA CAPITAO PORFIRIO, 544
RUSSAS;9;245;MIGUEL PEREIRA;UNIDADE BÁSICA DE SAÚDE DE MIGUEL PEREIRA;MIGUEL PEREIRA
BAIXIO;92;89;CENTRO - SEDE;E.E.M.T.I. MONSENHOR HORACIO TEIXEIRA;RUA MARIA DA GLORIA S/N
IPAPORANGA;20;289;CENTRAL;ESCOLA DE EDUCAÇÃO INFANTIL PEQUENO PRÍNCIPE;RUA GABRIELRODRIGUES JÚNIOR, 101
ACARAÚ;30;238;ARANAÚ;ESCOLA MARIA CONCEICAO DE ARAUJO;RUA DR ALOISIO SN - ARANAU
NOVA OLINDA;53;29;TABULEIRO;EEIF 15 DE NOVEMBRO;SÍTIO TABULEIRO
QUIXERAMOBIM;11;23;DISTRITO DE NENELANDIA;ESCOLA ANGELICA PAZ LIMA;POCO DA PEDRA
URUBURETAMA;23;36;CENTRO;EEF MONS ANTERO JOSE DE LIMA;RUA FARM JOSE RODRIGUES 1154
SÃO BENEDITO;22;98;CENTRO-SEDE;EEF MINISTRO ANTONIO COELHO;RUA MIN ANTONIO COELHOI  452
MAURITI;76;78;SEDE;ASSOCIAÇÃO DOS AGRICULTORES DO SÍTIO ESTRELINHA;SITIO ESTRELINHA
IPUEIRAS;40;68;CENTRO;ESCOLA DE ENSINO FUNDAMENTAL CREUSA MELO - CENTRO;RUA DUQUE DE CAXIAS, S/N
ICÓ;15;178;CONJUNTO GAMA;E.E.E.P. DEPUTADO JOSÉ WALFRIDO MONTEIRO;RUA RAIMUNDO FERREIRA LIMA, S/N
FORTALEZA;83;568;BELA VISTA;COLEGIO CHRISTUS;AV. ENG. HUMBERTO MONTE, 1355
FORTALEZA;83;3;ANTÔNIO BEZERRA;COLÉGIO DA POLÍCIA MILITAR DO CEARÁ GENERAL EDGARD FACÓ;AVENIDA MISTER HULL,  S/N - KM 1
REDENÇÃO;52;115;DISTRITO DE ANTÔNIO DIOGO;ESCOLA CECÍLIA PEREIRA;RUA TEREZA CRISTINA, N. 295 - CENTRO
PORTEIRAS;70;406;CENTRO-SEDE;E E E M ARISTARCO CARDOSO;RUA EXPEDITO ALVES SANTANA S/N
JUAZEIRO DO NORTE;119;95;SAO JOSE;ESCOLA ANTONIO FERREIRA DE MELO;RODOVIA JUAZEIRO/CRATO
ARACATI;8;118;AROEIRAS;SALÃO COMUNITÁRIO DE AROEIRAS;AROEIRAS
ARACATI;8;275;CANOA QUEBRADA;E.E.F. ZE MELANCIA;PRAÇA DRAGÃO DO MAR, S/N.
FRECHEIRINHA;81;250;CENTRO;CENTRO DE FORMACAO FREI ANASTACIO - CEFRAN;RUA MANOEL FERNANDES 218
PARAMBU;19;362;BELEZA;ESCOLA CICERO FERREIRA DOS SANTOS;RUA ANTONIO BEZERRA, 28
MARANGUAPE;4;83;UMARIZEIRAS;EMEF MANOEL CORDEIRO;RUA LUIZ CORDEIRO SOBRINHO, S/N
QUIXADÁ;6;75;PLANALTO UNIVERSITÁRIO;FECLESC;RUA JOSÉ DE QUEIROZ PESSOA, 2554
QUIXADÁ;6;194;DANIEL DE QUEIRÓS;EEF RAIMUNDO CARNEIRO NUNES;OLHO D'AGUA DE CIMA, S/N
MAURITI;76;155;UMBURANAS-DISTRITO;EEF MAJOR JOAQUIM ANTONIO FURTADO;RUA JOSÉ OZÁRIO, S/N
SÃO GONÇALO DO AMARANTE;36;163;QUEIMADAS;ESCOLA DE ENSINO FUNDAMENTAL JOAO GALDINO MARQUES;QUEIMADAS
FORTALEZA;94;469;QUINTINO CUNHA;EEMTI MARIA JOSÉ SANTOS FERREIRA GOMES (CERE);RUA DONA LUCIA PINHEIRO, 93
FORTALEZA;83;603;HENRIQUE JORGE;ESCOLA MUNICIPAL SANTA MARIA;RUA CUIABÁ 1465
OCARA;67;234;CENTRO-SEDE;SECRETARIA DE CULTURA, ESPORTE E JUVENTUDE (ANTIGA ESCOLA ALMIR PINTO);AV CORONEL JOAO FELIPE SN
FORTALEZA;113;352;MONTESE;COLÉGIO AGNUS;RUA TEODORICO BARROSO, 827
FORTALEZA;95;311;CONJUNTO PALMEIRAS;EM PROFESSORA MARIA DO SOCORRO FERREIRA VIRINO;RUA MODESTA, 44
FORTALEZA;83;100;HENRIQUE JORGE;EEM  MARIANO MARTINS;AVENIDA SENADOR FERNANDES TÁVORA 1445
FORTALEZA;94;649;VILA VELHA;EMEIEF PROF JOSE PARSIFAL BARROSO;AV MAJOR ASSIS 1076
PALHANO;9;166;FEIJAO MANSO;ESCOLA DE ENSINO FUNDAMENTAL LUCIANO BARROS CARNEIRO;FEIJAO MANSO
GRANJA;25;16;CENTRO;E.E.M. CEL LUIZ FELIPE;PRACA CEL. LUIZ FELIPE, 381
FORTALEZA;80;284;VILA UNIÃO;EEF GAL.  MANUEL CORDEIRO NETO;RUA JORGE ACURCIO, 900
JAGUARUANA;75;21;CENTRO;E.E.F. EDITH MOREIRA BARRETO;RUA CEL. RAIMUNDO FRANCISCO, 1389
BEBERIBE;84;142;SERRA DO FELIX;ESCOLA MUNICIPAL HERBERT DE SOUSA;UMARI CASA FORTE
IBIAPINA;73;203;PEDRINHAS;UBS IRLANE COUTINHO GOMES;RUA DAS PEDRINHAS
ICÓ;15;28;CENTRO - SEDE;ESCOLA MUNICIPAL SENHOR DO BONFIM;RUA FRANCISCO MACIEL DA SILVA, 2557
FORTALEZA;112;356;ENGENHEIRO LUCIANO CAVALCANTE;EM PROF. LUIS COSTA;RUA JOSÉ GUILHERME DA COSTA, 156
ACARAPE;52;47;CENTRO;ESCOLA MARIA DO CARMO BEZERRA;RUA SEBASTIAO BEZERRA, SN
GRANJA;25;23;SÃO PEDRO;CEJA GUILHERME GOUVEIA;RUA TRISTAO GONCALVES, 66
RUSSAS;9;226;BENTO PEREIRA;ESCOLA MUNICIPAL ROCILDA LEITAO;BENTO PEREIRA
SÃO BENEDITO;22;153;SITIO JACARANDÁ;EEF PEDRO JOSE DA SILVA;SITIO JACARANDAR
BELA CRUZ;96;56;CENTRO-SEDE;CRECHE CRIANÇA FELIZ;RUA CEL. DUCA, 865
BOA VIAGEM;63;233;VILA AZUL;EEF OSMAR DE OLIVEIRA FONTES;RUA 26 DE JUNHO 59
CHOROZINHO;49;247;LEIROES;EEM DR WLADIMIR RORIZ;RUA DR LUIS COSTA SN
LIMOEIRO DO NORTE;29;142;BOM NOME;EEF FRANCISCO JACY LUZ;RUA ANTONIO RIBEIRO DE CASTRO
MILHÃ;55;122;CENTRO;CRECHE COMUNITÁRIA CRIANÇA FELIZ;RUA PADRE JOACI CAVALCANTE, S/N - CENTRO
JUAZEIRO DO NORTE;28;207;CENTRO;CIRCULO OPERARIO SAO JOSE;PADRE CICERO 133
BEBERIBE;84;153;SEDE;ASSOCIAÇÃO DO SITIO DO MEIO E COMUNIDADES VIZINHAS;SITIO CARRAPICHO
FRECHEIRINHA;81;270;ÁREA RURAL DE FRECHEIRINHA;CRECHE MANOEL FELIPE COSTA;SÍTIO CAUA - AREA RURAL DE FRECHEIRINHA
PENTECOSTE;50;46;CENTRO;CENTRO EDUCACIONAL JOÃO XXIII;AVENIDA TABELIÃO FRANCISCO ALVES, 344
ITAPIPOCA;17;14;CENTRO;EEM JOAQUIM MAGALHÃES;RUA PERGENTINA ARAUJO S/N
ORÓS;15;319;SAO GERALDO - SEDE;CENTRO SOCIAL DE ORÓS (CSO);RUA DO CAMPO, 41
CAMOCIM;32;262;ZONA RURAL;E.E.F. DEP MURILO ROCHA AGUIAR - KM 06;LOCALIDADE KM 06
MARANGUAPE;4;29;CENTRO - MARANGUAPE;EMEF CAPISTRANO DE ABREU;RUA CEL ANTÔNIO BOTELHO, 366
MARACANAÚ;104;82;JEREISSATI II;EMEIEF GENCIANO GUERREIRO DE BRITO;AVENIDA XII, N 3
UBAJARA;73;105;CENTRO;ESCOLA GRIJALVA COSTA;RUA JOSE RUFINO PEREIRA, 180
VIÇOSA DO CEARÁ;35;180;SITIO QUEIMADAS;E.E.I.F JOAO EUFRASIO DE OLIVEIRA;SITIO QUEIMADAS
FORTALEZA;117;498;NOVO MONDUBIM;COLÉGIO ADEMIR ARAÚJO;AV. WALDIR DIOGO, 1055
TIANGUÁ;81;196;ÁREA RURAL DE TIANGUÁ;ANEXO DO RAIMUNDO LOPES MAGALHAES;SITIO SANTO IZIDIO
MARACANAÚ;122;68;HORTO;EEF CARNEIRO DE MENDONCA;RUA PROFESSOR JOSE HENRIQUE DA SILVA 4891
CAMOCIM;32;83;ZONA RURAL;E.E.F SANTO ANTÔNIO I - GURIU;LOCALIDADE DE GURIU - POVOADO
CAMOCIM;32;236;ZONA RURAL;E.E.F. FRANCISCO LOPES ARAÚJO - TIMBAÚBA;LOCALIDADE TIMBAÚBA
GUAIÚBA;57;60;ITACIMA;CENTRO EDUCACAO INFANTIL DEODORO VALENTIM MAIA;RUA GUILHERME PEREIRA SOUSA, S/N
FORTALEZA;82;255;SÃO GERARDO;CEJA PAULO FREIRE;RUA OLAVO BILAC, 1300
RUSSAS;9;74;IPIRANGA;EEMTI PROFESSOR WALQUER CAVALCANTE MAIA;TRAV PEDRO ARAUJO 175
JUAZEIRO DO NORTE;119;80;PIRAJA;ESCOLA CLOTILDE SARAIVA COELHO;LIMOEIRO 2338
CROATÁ;74;103;DISTRITO;ESCOLA MUNICIPAL PROFESSORA ANTÔNIA RIBEIRO (LAGOA DA CRUZ);LAGOA DA CRUZ
BREJO SANTO;70;234;SAO FRANCISCO-SEDE;LICEU PROFESSOR JOSÉ TELES DE CARVALHO;AV. ANTONIO FLORENTINO DE ARAUJO 800
BARROQUINHA;108;79;CAUCAIA;EEF ANTONIO MARCELINO FERREIRA;RUA SÃO FRANCISCO, 12
JUAZEIRO DO NORTE;119;26;SANTA TEREZA;COLÉGIO MILITAR DE JUAZEIRO DO NORTE;CASTELO BRANCO SN
AQUIRAZ;66;239;TAPUIO;CENTRO DE EDUCAÇÃO E CIDADANIA MARIA DE CASTRO BERNARDO;RUA JOSE ADAMOR ABREU, S/N - DISTRITO JOAO DE CASTRO
ICAPUÍ;8;255;CENTRO;EEF. PROFESSORA MIZINHA;AV. 22 DE JANEIRO 5183
ORÓS;15;232;CENTRO;E.E.F. ELISEU BATISTA;AV. JOSÉ GABRIEL BEZERRA,300
CAMOCIM;32;184;BOA ESPERANCA;ESCOLA MUNICIPAL DE 1 GRAU FCO OTONI COELHO;RUA BANDEIRANTES 646
BANABUIÚ;6;450;LARANJEIRAS;EEF TOMAZ POMPEU MAGALHAES;VALENCA
URUBURETAMA;23;40;CENTRO;EEIF VANIA MARIA ARAUJO SAMPAIO PINTO;RUA CEL JOÃO ANTONIO SN
ARACOIABA;67;86;CENTRO-SEDE;ESCOLA MUNICIPAL DRA. NÁGILA MARIA PONTES PAZ PASSOS;AV DA INDEPENDENCIA SN
CARIRIAÇU;71;31;PARAÍSO;EEF PAULO BARBOSA LEITE;RUA LUIZ BEZERRA, SN
PACAJUS;49;290;MANGABEIRA;EEF JOAQUIM AMÂNCIO BEZERRA;AV. DUCA PEDRO, S/N
FORTALEZA;113;83;JARDIM AMÉRICA;ESCOLA MUNICIPAL PROF. FILGUEIRAS LIMA;AV. DOS EXPEDICIONÁRIOS, 3910
FORTALEZA;83;614;HENRIQUE JORGE;EEMTI ANTONIETA SIQUEIRA;RUA GUARANI 04
MAURITI;76;91;CENTRO;EEM ANDRÉ CARTAXO;RUA CHAGAS SAMPAIO, S/N
QUIXERAMOBIM;11;286;DISTRITO INDUSTRIAL;ESCOLA MANOEL MARTINS DE ALMEIDA;AV GERALDO BIZARRIA DE CARVALHO SN
FORTALEZA;113;171;BOM FUTURO;ESC. PROFISSIONAL PE. JOÃO PIAMARTA;RUA PADRE JOÃO PIAMARTA, 161
MARANGUAPE;4;37;CÔNEGO RAIMUNDO PINTO - MARANGUAPE;EEMTI EUNICE WEAVER;AV SEN ALMIR PINTO KM 15 PAU SERRADO
MAURITI;76;114;COITE-DISTRITO;EEF JOÃO BATISTA MONTENEGRO;SÍTIO MACELA
FORTALEZA;85;109;CONJUNTO CEARÁ I;CEJA ADELINO DE ALCANTARA FILHO - UV-6;RUA SEISCENTOS E DOZE, 100, 1A ETAPA
FORTALEZA;85;313;GENIBAÚ;ESCOLA MUNICIPAL DEP MURILO AGUIAR;RUA 24 DE OUTUBRO 655
CAUCAIA;37;174;MATOES;E.E.I.E.F. PAULO FERREIRA DA ROCHA;RUA BOA ESPERANÇA, S/N
SANTA QUITÉRIA;54;148;BOA VIDA;COLÉGIO DOM BOSCO;RUA OTÁVIO TERCEIRO DE FARIAS, 245
FORTALEZA;112;380;CIDADE DOS FUNCIONÁRIOS;ESCOLA SOCIOEDUCATIVA;AV. OLIVEIRA PAIVA, 941
PACAJUS;49;191;ALDEIA;EEF PROFA HERMÍNIA MENDONCA DE QUEIROZ;RUA NAIDE COSTA MENEZES, SN
INDEPENDÊNCIA;39;10;CENTRO;COLÉGIO SANTANA DE INDEPENDÊNCIA;RUA FREI VIDAL
FORTALEZA;85;168;ANTÔNIO BEZERRA;INSTITUTO EDUCACIONAL JOSE DE ALENCAR;RUA HUGO VITOR 730
FORTALEZA;117;268;CANINDEZINHO;EM PADRE ANTONIO MONTEIRO DA CRUZ;RUA DE PEDESTRE XIII, 25 - JARDIM FLUMINENSE II
CAMOCIM;32;1;CENTRO;CEJA - JOAO DA SILVA RAMOS;PRACA JOSE SEVERIANO MOREL S/N
VARJOTA;65;179;ARARINHA;CHECHE PRO-INFÂNCIA EUCLIDES PINTO DE MACEDO NETO - VARJOTA;RUA ANTÔNIO FLORENCIO DE ARAÚJO
ICÓ;15;150;CASCUDO - SITIO;ESCOLA MUNICIPAL CASEMIRO PEQUENO;SITIO CASCUDO S/N
JUAZEIRO DO NORTE;119;208;TIMBAUBA;CRAS TIMBAUBAS;RUA ASSIS DIAS SOBREIRA, 488
PACATUBA;57;197;CONJUNTO JEREISSATI II;EEIEF ANA ALBUQUERQUE;AVENIDA XVIII SETOR F S/N
LAVRAS DA MANGABEIRA;14;107;PATOS 1 - SITIO;ESCOLA DE 1 GRAU MANOEL PINHEIRO DE SOUSA;SITIO PATOS 1 S/N
PORTEIRAS;70;309;ABREUS DOIS-SEDE;ESCOLA DE 1 GRAU MIGUEL LAURENTINO DE SOUZA;SITIO ABREUS DOIS
SOBRAL;24;548;SUMARÉ;EEFI JOSE PARENTE PRADO;RUA SANTA MARTA,100
JUAZEIRO DO NORTE;119;77;LIMOEIRO;EEF FELIPE NERY DA SILVA;PRIMEIRO DE MAIO SN
FORTALEZA;117;208;CONJUNTO ESPERANÇA;EEFM PROFA ADALGISA BONFIM SOARES;AV. DO CANAL, S/N, ESQUINA COM RUA 103 - CONJUNTO ESPERANÇA
FORTALEZA;83;133;JÓQUEI CLUBE;ESCOLA MUNICIPAL PRESIDENTE KENNEDY;AV. LINEU MACHADO 811
FORTALEZA;1;676;VARJOTA;FACULDADE FARIAS BRITO - CASTRO MONTE;RUA CASTRO MONTE 1364
PACATUBA;57;319;NOVA PACATUBA;ESCOLA ANEXO JARDIM BOM RETIRO;RUA JOAQUIM FLORENCIO BARROS, 40
FORTALEZA;94;438;ANTÔNIO BEZERRA;COLEGIO JULIA FIALHO;RUA JOSE ACIOLY 73
MIRAÍMA;89;251;POÇO DA ONÇA;EEB MANOEL FRANCISCO INACIO;POÇO DA ONÇA
FORTALEZA;1;941;ALDEOTA;COLEGIO ARI DE SA - MONSENHOR CATAO;RUA MONSENHOR CATAO, 1655
FARIAS BRITO;62;197;CIPÓ;EEF MANACÊS PEREIRA DE ALCANTARA;SITIO CIPO
SÃO GONÇALO DO AMARANTE;36;301;PECEM-DISTRITO;CEDI - GUIOMAR MENDES;RUA DATIVA FERREIRA SOARES, S/N - PECEM
MUCAMBO;79;256;BOM JESUS;EEIEF JOÃO CAVALCANTE DE ALBUQUERQUE;LOCALIDADE BOM JESUS
LAVRAS DA MANGABEIRA;14;91;ALEM RIO - SEDE;ESCOLA DE 1 GRAU VIRGILIO AGUIAR GURGEL;RUA JOSE LOBO 450
MARACANAÚ;122;295;INDUSTRIAL;EMEF VINICIUS DE MORAIS;RUA N NO. 425 (ESPLANADA DO MONDUBIM)
JUAZEIRO DO NORTE;119;380;LAGOA SECA;ESCOLA DOUTOR MOZART CARDOSO DE ALENCAR;ARNOBIO BACELAR CANECA
MADALENA;63;164;CENTRO;EEF ALFREDO ALMEIDA MACHADO;RUA PEDRO COSTA E SILVA, 99 - CENTRO
IPAPORANGA;20;245;ALTO DO BOM PRINCÍPIO;ESCOLA DE ENSINO FUNDAMENTAL WALDEMAR DE ALCÂNTARA;RUA PEDRO CORREIA LEITÃO, 45
EUSÉBIO;88;99;TIMBU;EEF EDUARDO ALVES RAMOS;ESTRADA DO FIO, 3603 - TIMBU
FORTALEZA;1;913;COCÓ;UNINTA - FACULDADE UNINTA FORTALEZA;RUA VILEBALDO AGUIAR,133
PARAIPABA;109;113;CENTRO;EEM ENGENHEIRO AGEU ROMERO;RUA EVARISTO GOMES 143
NOVO ORIENTE;99;63;ZONA RURAL;CEIF EDVAL ARAÚJO DA SILVA;DISTRITO SAO RAIMUNDO
TAUÁ;19;182;MARROAS;GRUPO ESCOLAR DE 1 GRAU AFONSO N TEIXEIRA;PALMEIRAS
PENTECOSTE;50;211;GOMES DA SILVA;EEFM ETELVINA GOMES BEZERRA;RUA DEPUTADO JOSÉ GOMES DA SILVA, 322
ITAPIPOCA;17;377;DESERTO;EEB CAZUZA DE SOUSA FERREIRA;BRANDOES
IRACEMA;86;92;VILA EMA;E.E.F. BENIGNA ETELVINA;RUA FRANCISCO PEREIRA SAMPAIO, S/N
TEJUÇUOCA;41;100;CENTRO-SEDE;ESCOLA MUNICIPAL SAO PEDRO;RUA JOSE BARROSO VALENTE SN
CASCAVEL;7;266;SEDE;ESCOLINHA ABRAÇO FRATERNO;RUA TABELIAO JOSE MARCOS DE CASTRO S/N
ITAREMA;98;124;ZONA RURAL;EMEF FRANCISCO ANTERO DE SANTANA;CE 434 KM 16 - CORREGO DA VOLTA
FORTALEZA;117;295;CONJUNTO ESPERANÇA;EEFM PROFA ADALGISA BONFIM SOARES;AV. DO CANAL, S/N, ESQUINA COM RUA 103 - CONJUNTO ESPERANÇA
FORTALEZA;83;287;MONTESE;COLÉGIO ELITE;AVENIDA JOÃO PESSOA, 6302
GUARACIABA DO NORTE;74;76;DISTRITO;ESCOLA MUNICIPAL DE DESCOBERTA;DESCOBERTA - MORRINHOS NOVOS
MARACANAÚ;122;11;PIRATININGA;COLÉGIO ESTADUAL PROFº FRANCº OSCAR RODRIGUES(COL.EST.LICEU MARACANAÚ);AV. LUIZ GONZAGA HONÓRIO, 50, PIRATININGA, MARACANAÚ-CE
TAUÁ;19;72;CIDADE NOVA/SEDE;EPG TEREZA ARAGAO SERRA;RUA EUFRASIO ALVES DE OLIVEIRA 13                 NOVA ALDEOTA
CAMOCIM;32;88;ZONA RURAL;EEF FRANCISCO BENEDITO DOS SANTOS - BURITI;LOCALIDADE DE BURITI
ITAREMA;98;193;ZONA RURAL;EMEF ROGERIO RIBEIRO MONTEIRO;TORROES
SANTANA DO ACARAÚ;44;125;SANTA RITA;EEF SAO VICENTE DE PAULA;SANTA RITA
FORTALEZA;117;281;SIQUEIRA;EEFM PAULO ELPIDIO;RUA PROF MANOEL DE CASTRO 1202
FORTIM;8;323;CENTRO;EEIFTI. PROFESSORA MARIA LUIZA;RUA JOAQUIM CRISÓSTOMO, 739.
CAUCAIA;123;549;ARATURI (JUREMA);E.E.F.M. PRESIDENTE JOSÉ SARNEY;AV. CENTRAL OESTE, 262
ITAPIPOCA;17;716;CENTRO;PATRONATO NOSSA SENHORA DAS MERCES;AV. DUQUE DE CAXIAS 1181
CAUCAIA;123;294;PARQUE GUADALAJARA (JUREMA);E.E.I.E.F. DANILO DALMO DA ROCHA CORRÊA;RUA ACAPULCO, 1805 - PARQUE POTIRA II
ITAPIPOCA;17;212;COQUEIRO;IFCE - CAMPUS ITAPIPOCA;AVENIDA DA UNIVERSIDADE, 102
CAUCAIA;123;413;SÃO MIGUEL (JUREMA);E.E.F.M. ROTARY CLUB;RUA SÃO LUCAS, S/N - CONJUNTO SÃO MIGUEL I
CAUCAIA;123;509;PARQUE ALBANO (JUREMA);E.E.I.E.F. DOM ANTÔNIO DE ALMEIDA LUSTOSA;RUA PERY, 951
BARBALHA;31;143;DISTRITO ESTRELA;CRECHE TIA CHICA (ESTRELA);AV. JOÃO EVANGELISTA SAMPAIO, S/N (7.28380 S, 39.26534 W)
SOBRAL;24;483;JUNCO;EEFI JOSE DA MATA E SILVA;AV DR JOSE ARIMATEA MONTE E SILVA, 574
IBIAPINA;73;60;SITIO ARAÇAS;ESCOLA JARBAS PASSARINHO;SÍTIO ARAÇAS
BEBERIBE;84;183;CENTRO;ESCOLA MUNICIPAL DESEMBARGADOR PEDRO DE QUEIROZ;RUA JOSE BESSA 561
TAUÁ;19;112;BARRA NOVA;GE JUVENAL SARAIVA;BELEM
IBARETAMA;6;375;CENTRO;EMEIF RAIMUNDA EMÍLIA DE LIMA;ESTRADA DO ALGODAO - DISTRITO SEDE
FORTALEZA;95;207;JANGURUSSU;EEEP MÁRIO ALENCAR;RUA VERDE 44, 97 (CJ. SÍTIO SÃO JOÃO)
QUIXERAMOBIM;11;77;SEDE RURAL;ESCOLA OSVALDO MARTINS DE ALMEIDA;AROEIRAS
PEREIRO;10;150;SITIO LAGOA NOVA;ESCOLA MUNICIPAL DO 1 GRAU MARIA DAS GRACAS NOGUEIRA;SITIO LAGOA NOVA
CAMOCIM;32;31;CENTRO;CONSELHO TUTELAR DE CAMOCIM;RUA D PEDRO II
BREJO SANTO;70;5;MORRO DOURADO;ESC E F FRANCISCO LEITE DE MOURA (CHICO LEITE);RUA LUIZ PINHEIRO TORRES 207
CEDRO;13;544;VÁRZEA DA CONCEIÇÃO;ESCOLA DE ENS FUND JOSE FERREIRA DE ARAUJO;ST CACHOEIRA DOS ARAUJOS
MOMBAÇA;46;73;CENTRO;E. E. F. M. DIVINO SALVADOR;RUA FRANCISCO JOSE DE OLIVEIRA SN                 SEDE
FORTALEZA;116;363;GRANJA PORTUGAL;EM EDUCADOR PAULO FREIRE;RUA CORONEL FABRICIANO 452
FORTALEZA;3;616;MEIRELES;ESCOLA DE SAÚDE PÚBLICA - NEPE (ANEXO);AV. ANTÔNIO JUSTA, 3161
MARACANAÚ;104;258;JEREISSATI I;EMEIEF MARIA ÍSIS MENEZES ANDRADE;RUA ANTÔNIA ARAÚJO FERREIRA, S/N
MARACANAÚ;104;47;TIMBÓ;EEMTI ADAHIL BARRETO CAVALCANTE;AVENIDA VEREADOR EDMILSON MARQUES, S/N
CASCAVEL;7;43;GUANACES;ESC.ENS.FUND. LUIZ DOMINGOS;CHORO UMARI - 2
SABOEIRO;43;226;DISTRITO FLAMENGO;E.E.F. MARIA LINDA DA GLÓRIA;DISTRITO FLAMENGO
FORTALEZA;1;587;CAIS DO PORTO;EEFM - HELENITA MOTA;RUA AMANCIO FILOMENO,720
FORTALEZA;3;508;PRAIA DE IRACEMA;COLÉGIO ANTARES (PRAIA DE IRACEMA);RUA HISTORIADOR GUARINO ALVES, 95
CAUCAIA;120;434;PLANALTO CAUCAIA;E.E.I.E.F. ANTONIO BRAGA DA ROCHA;RUA 112, SN - CIGANA
MILHÃ;55;55;CENTRO;EEFM EUCLIDES PINHEIRO DE ANDRADE;RUA JOAQUIM NEMESIO 119
GROAÍRAS;65;135;VILA DE ITAMARACÁ;EEF ALBERTO ALVES BEZERRA;RUA JOAQUIM ALVES FEIJAO SN ITAMARACA
SABOEIRO;43;286;CEDRO;E.E.F. ANTONIO GERMINO RODRIGUES;POVOADO DE CEDRO
FORTALEZA;112;307;CIDADE DOS FUNCIONÁRIOS;IGREJA DA GLÓRIA;AV OLIVEIRA PAIVA, 905
JAGUARETAMA;72;3;CENTRO;ESCOLA PRIMEIRO GRAU DR RAUL BARBOSA (CRECHE CHAPEUZINHO VERMELHO);RUA RIACHO DO SANGUE, 599
IGUATU;13;88;VILA MOURA;ESCOLA DE ENSINO MEDIO LUCAS EMANUEL;RUA AMALIA BRASIL SN
FORTALEZA;80;133;ALTO DA BALANÇA;EM PROFESSORA EDITH BRAGA;RUA CAPITAO VASCONCELOS 1061
FORTALEZA;1;939;CAIS DO PORTO;EMTI VEREADOR ALBERTO GOMES DE QUEIROZ;AV. ZEZÉ DIOGO, 782
ACOPIARA;60;49;VILA MOREIRAS I;EEF JOAO MOREIRA DE BARROS;RUA 21 DE ABRIL, SN
FORTALEZA;2;93;MESSEJANA;CLUBE DA CAIXA;AVENIDA FREI CIRILO 4700
PARAIPABA;109;112;CENTRO;EEM ENGENHEIRO AGEU ROMERO;RUA EVARISTO GOMES 143
MILAGRES;26;51;VILA PADRE CICERO;ESCOLA FRANCISCO GOMES DE LUCENA;VILA PADRE CICERO
CASCAVEL;7;128;RIO NOVO;E.E.B. DEPUTADO RAIMUNDO QUEIROZ;AV JOAO DAMASCENO FONTENELE, 3233
PORANGA;40;100;SEDE;EMEB ITELVINA SILVINA DE PINHO - SEDE;AV. DR. EPITÁCIO PINHO
ITAPIPOCA;17;8;CENTRO;EEM JOAQUIM MAGALHÃES;RUA PERGENTINA ARAUJO S/N
FORTALEZA;3;592;ALDEOTA;COLÉGIO ANTARES (RUA BARBOSA DE FREITAS);RUA BARBOSA DE FREITAS, 2058
CRATEÚS;20;43;FATIMA I;CRECHE PROINFÂNCIA DELITE II - PROVISÓRIO;RUA FRANCISCO ARTUR MOREIRA, 1011
FORTALEZA;116;300;GRANJA PORTUGAL;CRAS GRANJA PORTUGAL;RUA HUMBERTO LOMEU 1130
FORTALEZA;112;383;CIDADE DOS FUNCIONÁRIOS;EEFM WALTER DE SA CAVALCANTE;AVENIDA OLIVEIRA PAIVA, 550
QUIXERÉ;29;249;LAGOINHA;EEB MENINO JESUS DE PRAGA;RUA ZACARIAS FERREIRA DE SOUSA SN
FORTALEZA;115;395;VILA PERI;COLEGIO JIM WILLSON;AV. AUGUSTO DOS ANJOS, 1915
PACATUBA;57;175;CONJUNTO JEREISSATI II;EEIEF JOSE BATISTA DE OLIVEIRA;AV XXIII, S/N
PALMÁCIA;4;187;CENTRO;ESCOLA MUNICIPAL RAMILSON HOLANDA LUZ;RUA FRANCISCO DE QUEIROZ, S/N
IGUATU;13;280;ALTO DO JUCÁ;ESCOLA DE ENS FUND JOSÉ ERITON BARROS COSTA;RUA APULCRO LIMA VERDE SN
FORTALEZA;112;459;EDSON QUEIROZ;UNIVERSIDADE DE FORTALEZA - UNIFOR;AVENIDA WASHINGTON SOARES, 1321
FORTALEZA;114;352;PRESIDENTE KENNEDY;EMTI PROFESSOR JOAQUIM FRANCISCO DE SOUSA FILHO;RUA JOAQUIM MARQUES, 13
JUAZEIRO DO NORTE;119;103;SANTA TEREZA;ESCOLA ADAUTO BEZERRA (SEGUNDO GRAU);CASTELO BRANCO SN
MONSENHOR TABOSA;61;123;BOA VISTA;ESCOLA INDIGENA POVO CACETEIRO (ANEXO);ALDEIA INDÍGENA BOA VISTA
JUAZEIRO DO NORTE;119;168;PIRAJA;ESCOLA DEMOSTENES RATTS BARBOSA;AILTON GOMES SN
CAUCAIA;123;415;NOVA METRÓPOLE (JUREMA);E.E.F.M. ROMEU DE CASTRO MENEZES;AV. A, S/N - NOVA METRÓPOLE
ITAPIPOCA;17;694;CENTRO;EEM JOAQUIM MAGALHÃES;RUA PERGENTINA ARAUJO S/N
SOLONÓPOLE;55;162;CENTRO;ESCOLA MARIA NEZITE NOGUEIRA;SITIO MARETAS, S/N - ZONA RURAL - SOLONÓPOLE
ICÓ;15;13;CENTRO - SEDE;ESCOLA MUNICIPAL PROFESSORA LOURDES COSTA;AV ILIDIO SAMPAIO,1571
SÃO GONÇALO DO AMARANTE;36;137;CROATA-DISTRITO;ESCOLA DE ENSINO FUNDAMENTAL PORFIRIO DE ARAUJO;RUA VALDO UCHOA - CROATA
PARAIPABA;109;134;CAMBOAS;EMEF FRANCISCO BATISTA DE AZEVEDO;RUA SÃO SEBASTIÃO, S/N
IGUATU;13;384;COCOBÓ;ESCOLA DE ENS FUND ELZE LIMA VERDE MONTENEGRO;DARIO RABELO
ITAITINGA;78;306;VILA MACHADO;EEF MANOEL MACHADO;RUA FLORINDO RODRIGUES, 101
CRATEÚS;20;100;REALEJO;ESCOLA DE CIDADANIA DE REALEJO;REALEJO
TAMBORIL;61;48;CENTRO;EMTI 4 DE OUTUBRO;RUA VICENTE ALVES DO VALE SN
MASSAPÊ;45;27;ZONA RURAL;E.M.T.I FRANCISCO SEVERO DE ARAÚJO ;MUMBABA DE BAIXO
ASSARÉ;18;116;GENEZARE;ESCOLA DE 1 GRAU JOAQUIM NECO DA COSTA;RUA EUCLIDES BRANDAO  S/N
FORTALEZA;1;352;MUCURIPE;ESCOLA MUNICIPAL JOSE RAMOS TORRES DE MELO;AVENIDA DA ABOLIÇÃO 3984
CASCAVEL;7;15;BESSALANDIA;ESC.ENS.FUND. JULIA DE MELO;RUA GABRIEL GOMES BARBOSA
PENTECOSTE;50;92;CENTRO;PREFEITURA MUNICIPAL DE PENTECOSTE;RUA DOUTOR MOREIRA DE AZEVEDO, SN
TAMBORIL;61;76;DISTRITO DE SUCESSO;APOIO UNIDADE DE SAÚDE - RAIMUNDO CAMELO ROSA;VILA ORIENTE
FORTALEZA;93;226;PREFEITO JOSÉ WALTER;CEI FRANCISCO SALES FERNANDES;AV K, S/N
PORTEIRAS;70;271;CENTRO-SEDE;E E F ADALBERTO LEITE TAVARES;RUA JOAQUIM TAVORA S/N
FORTALEZA;1;778;MUCURIPE;ESCOLA ESTADUAL MATIAS BECK;RUA  PROFESSORA AIDA BALAIO 38
CAUCAIA;120;312;PLANALTO CAUCAIA;E.E.F.M. VICENTE ARRUDA;RUA, 113 S/N - CIGANA
IGUATU;13;29;VENEZA;ESCOLA DE ENS FUND FILGUEIRAS LIMA;RUA NELSON ALENCAR
JARDIM;119;369;CENTRO;ESCOLA SENADOR CARLOS JEREISSATI;AVENIDA WILSON RORIZ
FORTALEZA;93;109;MONDUBIM;EM OSMIRIO DE OLIVEIRA BARRETO;RUA 10, S/N (CJ SITIO DO CÓRREGO)
TURURU;17;683;ALTO DOS CAMELOS;CENTRO EDUCACIONAL ERNESTO GHISLANDI;RUA JATOBA I
SOBRAL;24;492;EXPECTATIVA;EEFI TRAJANO DE MEDEIROS (LAVANDERIA);AVENIDA DR. JOSE EUCLIDES FERREIRA GOMES JUNIOR, S/N
PACATUBA;57;334;PAVUNA;E.E.I.E.F OS HERÓIS DO TIMBÓ;RUA ARAÚJO E SILVA, 25, VELHO TIMBO
PORTEIRAS;70;294;FREI JORGE-SEDE;ESCOLA DE 1 GRAU JOAO TAVARES MIRANDA;SITIO FREI JORGE
CAUCAIA;120;426;CONJUNTO METROPOLITANO;E.E.I.E.F. OSMAR DIÓGENES PINHEIRO;RUA EDMUNDO RODRIGUES, 485 - CONJUNTO METROPOLITANO
CAUCAIA;120;435;CONJUNTO METROPOLITANO;E.E.I.E.F. ANTÔNIO MIRANDA DE MELO;RUA PEDRO ALVES DE MENEZES, 1095 - CONJUNTO METROPOLITANO
ITAITINGA;78;304;VILA MACHADO;EEF MANOEL MACHADO;RUA FLORINDO RODRIGUES, 101
PIQUET CARNEIRO;12;177;CENTRO;EMEI PROFESSORA MARIA DE LOURDES DAMASCENO MARQUES;RUA MÃE RAINHA - BUMERANGUE
CASCAVEL;7;9;JACARECOARA;ESC.ENS.FUND. ANTONIA FERREIRA DA SILVA;RUA FRANCISCO CAPISTRANO SN - CENTRO
HORIZONTE;78;205;JENIPAPEIRO;EMEF DIONÍZIA ROCHA DE MORAIS;RUA CELSO SILVA ASSUNÇÃO, 2812
HORIZONTE;78;143;DIADEMA;EMEF PROF MARIA LUIZA BARBOSA CHAVES;RUA BATURITE SN - PARQUE DIADEMA
FORTALEZA;80;395;FÁTIMA;EEM GOV. ADAUTO BEZERRA;RUA MONSENHOR LIBERATO, 1850
ITAPIPOCA;17;721;BOA VISTA;EEB MARIA DALVA BARBOSA AZEVEDO;RUA EUBIA BARROSO
NOVA RUSSAS;48;48;IRAPUÁ;ESCOLA MUNICIPAL FRANCISCO INÁCIO DE CARVALHO;DISTRITO DE IRAPUÁ,
HORIZONTE;78;156;CENTRO;CEI - MARIA DO CARMO OLIVEIRA;RUA MANOEL LUIZ, 459
FORTALEZA;80;301;DIONISIO TORRES;ASSEMBLÉIA LEGISLATIVA - UNIVERSIDADE DO PARLAMENTO CEARENSE;RUA BARBOSA DE FREITAS, 2674
FORTALEZA;113;116;BENFICA;COLÉGIO CHRISTUS BENFICA;RUA LUIS DE MIRANDA, 536
FORTALEZA;113;371;MONTESE;COLÉGIO ESTADUAL PRESIDENTE HUMBERTO CASTELO BRANCO;RUA IRMA BAZET, 210
FORTALEZA;2;798;MESSEJANA;CLUBE DA CAIXA;AVENIDA FREI CIRILO 4700
NOVO ORIENTE;99;28;CENTRO;EEB DR. ANTONIO EUFRASINO NETO;RUA LUIZ BEZERRA, S/N
NOVA RUSSAS;48;76;PATRONATO;E.M.E.F. FRANCISCA DAS GRAÇAS T MESQUITA(ANTIGA EEFM MONSENHOR LEITÃO);RUA HERMENEGILDO MARTINS, 667
PALMÁCIA;4;606;CENTRO;ESCOLA MUNICIPAL RAMILSON HOLANDA LUZ;RUA FRANCISCO DE QUEIROZ, S/N
JUAZEIRO DO NORTE;119;77;LIMOEIRO;EEF FELIPE NERY DA SILVA;PRIMEIRO DE MAIO SN
ALCÂNTARAS;24;535;CARMOLANDIA;EEFI PEROLINA FERNANDES ALBUQUERQUE;POVOADO DE CARMOLANDIA
SÃO GONÇALO DO AMARANTE;36;182;VIOLETE-POVOADO;ESCOLA DE ENSINO FUNDAMENTAL JOSE PEREIRA BARROS;VIOLETE
MARTINÓPOLE;25;223;COHAB;E.E.F. PROFESSOR JOÃO RICARDO;RUA ARGEMIRO NEVES, 659
COREAÚ;64;109;Alto do Limoeiro;COREAÚ - ESCOLA MUN. ALTO DO LIMOEIRO;ALTO DO LIMOEIRO
ITAITINGA;78;379;GERERAÚ;CEI - MARIA TAVARES CAVALCANTE;RUA CÂNDIDO MEIRELES, N. 1.098
JUAZEIRO DO NORTE;119;195;TIRADENTES;ESCOLA GOVERNADOR MANOEL DE CASTRO FILHO;RUA IVANIR FEITOSA SN
FORTALEZA;93;145;PREFEITO JOSÉ WALTER;EEEP PROFESSOR ONELIO PORTO;AVENIDA E, 471 - II ETAPA
QUIXERAMOBIM;11;20;SEDE RURAL;ESCOLA CEL AMERICO FERNANDES;TINGUI
COREAÚ;64;30;Araquém;ARAQUÉM - ESCOLA MUN. STO. ANTÔNIO;AV. SÃO SAMUEL FÉLIX DA CUNHA, 128 - DISTRITO DE ARAQUÉM, COREAÚ/CE
JUAZEIRO DO NORTE;119;154;JOAO CABRAL;ESCOLA IVA EMIDIO GONDIM;PIO NOROES SN
IGUATU;13;46;ALTO DO JUCÁ;SECRETARIA MUNICIPAL DE AÇÃO SOCIAL;RUA 21 DE ABRIL SN
FORTALEZA;117;183;CONJUNTO ESPERANÇA;EEFM IRAPUAN CAVALCANTE PINHEIRO;AV E 305
ITAITINGA;78;262;PARQUE DOM PEDRO;EEF MANOEL FERREIRA GOMES;RUA D, 636
SÃO GONÇALO DO AMARANTE;36;55;PECEM-DISTRITO;ESCOLA DE ENSINO FUNDAMENTAL E MEDIO EDITE ALCANTARA MOTA;PECEM
HIDROLÂNDIA;54;129;DISTRITO DE CONCEIÇÃO;E.M.E.F. MARIA AVELINO DE CARVALHO;RUA GONÇALO VIEIRA, S/N.
CAUCAIA;37;23;GRILO;EEIEF NAIR MAGALHÃES GUERRA;RUA JOAQUIM BENTO CAVALCANTE, 500
FORTALEZA;115;439;VILA PERI;EM RAIMUNDO SOARES DE SOUSA;RUA COSTA FREIRE 550
CAPISTRANO;105;42;ZONA RURAL;CENTRO DE CONVIVÊNCIA SOCIAL DO MARMORÉ;TRONCO -  MARMORE
ITAPIPOCA;17;287;ARAPARI;EEB JOAQUIM DE SOUZA PINTO;SÃO GONÇALO DOS DOMINGOS
SOBRAL;121;39;CAIOCA;ESCOLA MANOEL MARINHO DE ANDRADE;RUA JEREMIAS DA FROTA
PEDRA BRANCA;59;94;SANTA CRUZ DO BANABUIU;ESCOLA DE 1 GRAU MIGUEL ARCANJO DOS SANTOS;SITIO SALGADO
MARACANAÚ;122;201;NOVO MARACANAU;EMEF PRESIDENTE TANCREDO NEVES;RUA 06 COM RUA 02 S/N
MADALENA;63;199;SEDE;EEF 25 DE MAIO III;FAZENDA CAIÇARA
FORTALEZA;80;224;JOAQUIM TÁVORA;EEFM PADRE ROCHA;RUA CEL ALVES TEIXEIRA 525
CEDRO;13;548;VALE DO MACHADO;ESCOLA DE ENS INF E FUND RAIMUNDO VIEIRA DA COSTA;SITIO MOSQUITO
LIMOEIRO DO NORTE;29;122;ÁREA RURAL;ANEXO DA CAPELA SÃO FREI GALVÃO;SITIO QUIXABA
PEREIRO;10;161;SITIO LAGOA NOVA;E.E.F. JOÃO NOGUEIRA DE SOUSA;SÍTIO LAGOA NOVA - ZONA RURAL
HORIZONTE;78;141;DIADEMA;EMEF PROF MARIA LUIZA BARBOSA CHAVES;RUA BATURITE SN - PARQUE DIADEMA
FORTALEZA;114;96;JARDIM IRACEMA;EM RAIMUNDO DE SOUSA MANGUEIRA;RUA ALBERTO FERREIRA 624
MASSAPÊ;45;108;LUIS DA HORA PEREIRA;CMEF PROFESSORA MARIA DO CARMO CARNEIRO (EEF MARIA PONTES VIDAL);RUA AMADEU ALBUQUERQUE, S/N
ARARIPE;68;24;DISTRITO ALAGOINHA;ESCOLA MUNICIPAL ANTONIO RODRIGUES DE LIMA - ALAGOINHA;RUA JOAO LUIZ RODRIGUES S/N - DISTRITO ALAGOINHA
SÃO GONÇALO DO AMARANTE;36;48;CENTRO;ESCOLA DE ENSINO MÉDIO EM TEMPO INTEGRAL ADELINO CUNHA ALCANTARA;RUA CORONEL NECO MARTINS 220 - SEDE
UBAJARA;73;140;CENTRO;CENTRO DE REABILITAÇÃO;RUA ESMERINO MAGALHAES 181
ITAPIPOCA;17;415;BOA VISTA;EEB MARIA DALVA BARBOSA AZEVEDO;RUA EUBIA BARROSO
FORTALEZA;114;172;ÁLVARO WEYNE;COLÉGIO MANUEL DA SILVA (ÁLVARO WEYNE);RUA SÃO BERNARDO 181
URUOCA;25;146;BALIZA;E.E.F. DONA ALCIDIA SALES;FAZENDA BALIZA
PEREIRO;10;161;SITIO LAGOA NOVA;E.E.F. JOÃO NOGUEIRA DE SOUSA;SÍTIO LAGOA NOVA - ZONA RURAL
SENADOR SÁ;45;53;CENTRO;EEF NOSSA SENHORA DO AMPARO;RUA PADRE DELMONT S/N
SANTA QUITÉRIA;54;254;BOA VIDA;E.M.E.F. JOÃO RODRIGUES PINTO;RUA PROFESSOR OTÁVIO TERCEIRO DE FARIAS, 179.
QUIXERAMOBIM;11;246;COHAB;ESCOLA  DOUTOR JOAQUIM FERNANDES;RUA PEDRO BARBOSA DA SILVA SN
RUSSAS;9;52;CENTRO;COLEGIO ESTADUAL GOVERNADOR FLAVIO MARCILIO;AV DOM LINO 725
PARAIPABA;109;178;BOA ESPERANÇA;EEEP FLÁVIO GOMES GRANJEIRO;RUA MARIA MOREIRA, SN
FORTALEZA;115;432;VILA PERI;CENTRO DE EDUCAÇÃO PEDAGÓGICO EÇA DE QUEIROZ;RUA DOM XISTO ALBANO 611
PARACURU;109;9;CENTRO;E. E. M. HERMINIO BARROSO;CAP JOSE TELES, S/N
PARACURU;109;43;LAGOA;C.E.I. FRANCISCA DOS SANTOS BARROSO;RUA SABINO PIO DE MENEZES, 407
MARACANAÚ;104;225;JEREISSATI II;EEMTI PROFESSOR EDMILSON PINHEIRO;AVENIDA XII, 727
ARACATI;8;40;VARZEA DA MATRIZ;COLEGIO MUNICIPAL;RUA PADRE PACHECO, S/N.
FORTALEZA;2;366;LAGOA REDONDA;COLÉGIO AGNUS SUL;TRAVESSA MARROCOS, 145
HORIZONTE;78;178;CENTRO;CENTRO CULTURAL;RUA BATURITE, 776 ESQ C/RAIMUNDO ALVES DA SILVA
FORTALEZA;3;398;ALDEOTA;COLÉGIO CHRISTUS (AV. BARÃO DE STUDART);RUA JOÃO CARVALHO, 630
FORTALEZA;115;487;ITAPERI;EM PROJETO NASCENTE;RUA CAMPO MAIOR, S/N
JUAZEIRO DO NORTE;119;211;AEROPORTO;ESCOLA CICERA GERMANO CORREIA;RUA SEBASTIAO REGIS SN
CHORÓ;6;363;CAIÇARINHA;CRECHE SONHO ENCANTADO;VERTENTES
BARBALHA;31;101;PARQUE BULANDEIRA;EEEP OTÍLIA CORREIA SARAIVA (LICEU DE BARBALHA);RUA PROJETADA I, S/N (7.29196 S, 39.31251 W)
FORTIM;8;328;CANTO DA BARRA;EEFTI. COMUNITÁRIA DA BARRA;RUA ANGELITA FELIPE BEZERRA, 47.
JUCÁS;43;113;CENTRO - SEDE;SECRETARIA DE AÇÃO SOCIAL;RUA CORONEL LUIZ DUARTE S/N
GRANJA;25;138;CENTRO;E.E.M.T.I SÃO JOSÉ (COLEGIO ESTADUAL SÃO JOSÉ);RUA FRANCISCO SOUSA, 131
FORTALEZA;82;471;SÃO GERARDO;CEJA PAULO FREIRE;RUA OLAVO BILAC, 1300
CHAVAL;108;1;CENTRO;EMTI EPITÁCIO BRITO DE OLIVEIRA;RUA MAJOR FIEL 507
TIANGUÁ;81;166;ÁREA RURAL DE TIANGUÁ;E.E.F. SÃO JOSÉ;SÍTIO SÃO JOSÉ
FORTALEZA;114;237;BARRA DO CEARÁ;CENTRO DE EDUCAÇÃO COMPLEMENTAR (CEDCE) - ANTIGO SESI;AVENIDA FRANCISCO SÁ 6623
FORTALEZA;82;681;CARLITO PAMPLONA;EEMTI JOSÉ VALDO RIBEIRO RAMOS;RUA PEDRO AMÉRICO, 100
CARIÚS;43;203;SITIO BARRA DE BRAVAS;EEIF RUI BARBOSA;SITIO BARRA DE BRAVAS
PARAMOTI;111;150;ZONA RURAL;EMEF SANTA RITA;POVOADO DE PARAÍSO/MULUNGU
MARACANAÚ;104;252;BOA VISTA;EMEIEF COMISSÁRIO FRANCISCO BARBOSA;RUA 11, 116
BATURITÉ;5;29;CORRENTES-SITIO;EMEF ANTONIO VICENTE FILHO;SITIO CORRENTES
MARACANAÚ;104;10;PAJUÇARA;EMEIEF SINFRONIO PEIXOTO DE MORAIS;RUA JULIO MENDES, 255
URUBURETAMA;23;146;NOVO ANGELIM;CRECHE HILDA SERPA CHAVES;AV. PRINCESA ISABEL, S/N
FORTALEZA;80;150;VILA UNIÃO;EEFM CEL PROF JOSÉ AURÉLIO CÂMARA;RUA JORGE ACURCIO, 655
ARACATI;8;329;NOSSA SENHORA DE LOURDES;EEMTI. BENI CARVALHO;RUA BENI CARVALHO 1679
FORTALEZA;112;506;EDSON QUEIROZ;EM PROF FRANCISCO MAURICIO MATOS DOURADO;RUA  DES FLORIANO BENEVIDES MAGALHÃES, 391
QUIXERAMOBIM;11;6;MANITUBA;ESCOLA ALFREDO ALMEIDA MACHADO- MANITUBA;VILA DE MANITUBA
PARACURU;109;215;PARACURU BEACH;E. E. E. P. PROFESSORA ABIGAIL SAMPAIO - ESCOLA TÉCNICA;AV. JOÃO LOPES MEIRELES
FORTALEZA;116;52;BOM JARDIM;EM SANTOS DUMONT;RUA GERALDO BARBOSA 240
FORTALEZA;118;672;BOA VISTA-CASTELÃO;COLÉGIO SÃO LUCAS;RUA JOSÉ DA FRANCA CABRAL, 748
FORTALEZA;117;170;BOM JARDIM;EEFM JULIA ALVES PESSOA;RUA SÃO FRANCISCO SN
FORTALEZA;117;492;PARQUE PRESIDENTE VARGAS;EEM PARQUE PRESIDENTE VARGAS;RUA FRANCISCO ALMEIDA, 940
REDENÇÃO;52;196;DISTRITO DE ANTÔNIO DIOGO;ESCOLA CECÍLIA PEREIRA;RUA TEREZA CRISTINA, N. 295 - CENTRO
FORTALEZA;94;748;QUINTINO CUNHA;EEMTI MARIA JOSÉ SANTOS FERREIRA GOMES (CERE);RUA DONA LUCIA PINHEIRO, 93
FORTALEZA;113;73;CENTRO;COLÉGIO LOURENÇO FILHO;RUA BARÃO DO RIO BRANCO, 2101
MARCO;96;174;BAIRRO CORACAO DE JESUS;PSF MARIA JOSÉ NEVES OSTERNO;RUA PARSIFAL BARROSO, S/N
FORQUILHA;121;314;CENTRO;EEF DEP JOSE PARENTE PRADO(CENTRO SOCIAL);R MOCINHA VIANA 96
FORTALEZA;2;73;MESSEJANA;EEEP JOSE DE BARCELOS;RUA ANGELICA GURGEL 362
CRATO;27;13;CENTRO;COLÉGIO DIOCESANO DO CRATO;RUA NÉLSON ALENCAR, 569
TAMBORIL;61;24;DISTRITO DE CURATIS;EMTI ANTONIO PEREIRA DE CASTRO;POVOADO GROTA VERDE
CHOROZINHO;49;42;PARQUE SAO JOSE;EEFM PADRE ENEMIAS FREIRE DE ALMADA;PRACA DOM JOSE DE MEDEIROS DELGADO SN
ITAPIÚNA;105;127;DISTRITO DE CAIO PRADO;EEF PROFESSORA MARIA ALAÍDE LOPES;RUA NONATO CAVALCANTE SN
CATARINA;60;224;VILA NOVA - SEDE;CENTRO REF.DA ASSIST. SOCIAL - CRAS;RUA OSTERNO FEITOSA
MAURITI;76;103;BURITIZINHO-DISTRITO;EEF FILEMON TELES;RUA JOAO LUCAS, S/N
FORTALEZA;113;340;PARQUELÂNDIA;ESCOLA ESTADUAL DE EDUCAÇÃO PROFISSIONAL JOAQUIM NOGUEIRA;RUA MOREIRA DE SOUSA, 327
UBAJARA;73;190;MONTE CASTELO;ESCOLA FLAVIO RIBEIRO LIMA;RUA TEN JOSE RAMIRO DE SOUSA
HORIZONTE;78;161;DIADEMA;EMEF PROFESSORA DIONE MARIA BEZERRA PESSOA;RUA FRANCISCO ONOFRE DE ASSIS, 365, DIADEMA
ITAPAJÉ;41;269;ESMERINO GOMES;ESCOLA MUNICIPAL PREF ROQUE SILVA MOTA;RUA OTAVIO PINTO DE MESQUITA
ANTONINA DO NORTE;18;83;CASTELO BRANCO;ESCOLA MUNICIPAL FRANCISCO MENDES E SILVA;AV CENTRAL SN
FORTALEZA;115;484;PARANGABA;COLÉGIO LOURENÇO FILHO - PARANGABA;RUA CÔNEGO DE CASTRO 700
MARANGUAPE;4;592;UMARIZEIRAS;EMEF MANOEL CORDEIRO;RUA LUIZ CORDEIRO SOBRINHO, S/N
OCARA;67;194;SERENO DE CIMA-DISTRITO;ESCOLA MUNICIPAL FRANCISCA MARIA BRAGA - ENSINO FUNDAMENTAL;SERENO DE CIMA
FORTALEZA;83;34;BELA VISTA;EEMTI ESTADO DO AMAZONAS;RUA MONSENHOR FURTADO 2327
ICÓ;15;180;SITIO SALGADINHO;CENTRO PASTORAL SÃO FRANCISCO DE ASSIS;SITIO SALGADINHO
CARIRIAÇU;71;128;CONJUNTO SANTO ANTONIO;EEF RAIMUNDO BEZERRA LIMA;RUA CLEMENTE FERREIRA BORGES S/N
FORTALEZA;118;564;MONDUBIM;COLÉGIO CONECTIVO;RUA GENERAL ONOFRE, 445
PEDRA BRANCA;59;17;SANTA URSULA;EEFIT MARIA ALVES DE OLIVEIRA;AV SABINO VIEIRA CAVALCANTE, 320
ARATUBA;105;86;PINDOBA-SITIO;ESCOLA MUNICIPAL FRANCISCO NUNES NETO;PINDOBA
PIQUET CARNEIRO;12;120;SEDE;ASSOCIAÇÃO DOS PRODUTORES RURAIS SÍTIO EMA DOS MARINHEIROS;SÍTIO EMA DOS MARINHEIROS
VÁRZEA ALEGRE;62;17;CENTRO;EEM JOSÉ CORREIA LIMA;AV. LUIS AFONSO DINIZ, 213
MARACANAÚ;122;278;LUZARDO VIANA;COLEGIO ESTADUAL RUI BARBOSA;RUA JOSE JANUARIO PINTO, S/N
CRATEÚS;20;184;CURRAL VELHO;ESCOLA DE CIDADANIA UMBELINO ALVES DA SILVA;CURRAL DO MEIO
CAUCAIA;120;430;CONJUNTO METROPOLITANO;E.E.I.E.F. ANTÔNIO MIRANDA DE MELO;RUA PEDRO ALVES DE MENEZES, 1095 - CONJUNTO METROPOLITANO
SENADOR POMPEU;12;43;BONFIM;EEIEF ANTONIO BATISTA DE LIMA;RUA DA RÁDIO - KM 20
CARIDADE;111;58;CAMPOS BELOS;EPG RODOLFO TEIXEIRA BARROS;RUA ANTONIO SABINO SN
HORIZONTE;78;204;ANINGÁS;EMEF FRANCISCA MONTEIRO DE OLIVEIRA;RUA RAIMUNDO PEREIRA LIMA, 674 
SÃO BENEDITO;22;197;SITIO XIQUE XIQUE;EEF XIQUE XIQUE;SITIO XIQUE XIQUE
CAMPOS SALES;38;171;B. CENTRO;E.E.E.M.T.I - MARIA DOLORES ARRAIS - (GRUPINHO);TRAVESSA VICENTE ALEXANDRINO DE ALENCAR,297
ITAITINGA;78;249;CENTRO;EEF GERALDO BATISTA DE LIMA;AV. CEL. VIRGÍLIO TÁVORA S/N
IGUATU;13;41;ALTO DO JUCÁ;SECRETARIA MUNICIPAL DE AÇÃO SOCIAL;RUA 21 DE ABRIL SN
VARJOTA;65;187;ACAMPAMENTO;CRECHE COMUNITÁRIA JOÃO BALBINO;RUA LUIZ SERAFIM DA COSTA, S/N
FORTALEZA;85;266;AUTRAN NUNES;EMEIF DOLORES ALCANTARA;RUA CARDEAL ARCOVERDE S/N
FORTALEZA;85;222;CONJUNTO CEARÁ I;EEFM MARIA ANTONIETA NUNES - UV 9;RUA 916 SN 4 ETAPA
ITAPIPOCA;17;715;ÁREA RURAL DE ITAPIPOCA;EEB FRANCISCO BEZERRA DE SOUZA;LAGOA DA CRUZ
ITAPIPOCA;17;233;ÁREA NOBRE;EEB TEREZINHA DE SOUSA FERREIRA ALBUQUERQUE;RUA JOSÉ DE ALENCAR, 497
BELA CRUZ;96;28;CAJUEIRINHO-LOCALIDADE;EMETI JOSE BATISTA DA ROCHA;CAJUEIRINHO
PENTECOSTE;50;225;SÃO FRANCISCO;EEF BALBINA MOREIRA DE AZEVEDO;AVENIDA ANTÔNIO BRAGA DE AZEVEDO
BAIXIO;92;83;CENTRO - SEDE;E.E.F.T.I. CEL HUMBERTO BEZERRA;RUA MARIA DA GLORIA, 20
FORTALEZA;115;27;MARAPONGA;EEM  PROFESSORA DIVA CABRAL;RUA HOLANDA, 701
MARACANAÚ;104;352;JEREISSATI II;EEEP GOVERNADOR LUIZ GONZAGA DA FONSECA MOTA;AVENIDA X, S/N
FORTALEZA;94;61;ANTÔNIO BEZERRA;EEF INSTITUTO DOS CEGOS (ANTÔNIO BEZERRA);RUA DR. JOÃO GUILHERME, 373
BOA VIAGEM;63;117;CENTRO-SEDE;EEF PE ANTONIO CORREIA DE SA;RUA JOSE RANGEL DE ARAUJO 22
HIDROLÂNDIA;54;119;POVOADO ILHA DO ESAÚ;E.M.E.F. ANTÔNIO ALVES FREITAS;POVOADO ILHA DO ISAÚ
MARACANAÚ;122;126;SIQUEIRA (siqueira 2);EMEF FRANCISCO TABOZA FILHO;AV. JUSCELINO KUBITSCHEK 1941
QUIXERAMOBIM;11;97;DAMIAO CARNEIRO;ESCOLA JOAO FACUNDO BARBOSA;CIPO
MARACANAÚ;122;116;HORTO;EMEIEF CESAR CALS DE OLIVEIRA NETO;RUA PROF JOSÉ HENRIQUE DA SILVA, S/N
FORTALEZA;2;525;LAGOA REDONDA;EM PROFª FERNANDA MARIA DE ALENCAR COLARES;AV PROF. ARTHUR DE CARVALHO, 1540
FORTALEZA;1;639;PAPICU;ESCOLA ESTADUAL MARIA JOSE MEDEIROS;RUA DESEMBARGADOR LAURO NOGUEIRA 1240
ITAPIPOCA;17;496;ARAPARI;EEB JOAQUIM DE SOUZA PINTO;SÃO GONÇALO DOS DOMINGOS
FORTALEZA;113;333;FARIAS BRITO;ESCOLA ESTADUAL DE EDUCAÇÃO PROFISSIONAL  PRESIDENTE ROOSEVELT;AV BEZERRA DE MENEZES 435
IPUEIRAS;40;192;ESTAÇÃO;ESCOLA DE ENSINO INFANTIL E FUNDAMENTAL JUAREZ CATUNDA - ESTAÇÃO;RUA MANOEL MOREIRA MATOS, 61
MIRAÍMA;89;232;CRUZEIRO;EEFM JOSEFA BRAGA BARROSO;RUA DEZINHO TEIXEIRA
EUSÉBIO;88;85;CENTRO;EEM ANA BEZERRA DE SA;AV AIRTON SENA, 130 - CENTRO
FRECHEIRINHA;81;248;CENTRO;CENTRO EDUCACIONAL RAIMUNDO PEREIRA;AVENIDA JOAQUIM PEREIRA 717 - CENTRO 
BARBALHA;31;86;NSA SRA FÁTIMA;CEI MARIA DAS GRAÇAS FURTADO CORREIA (CJ NSA SRA FATIMA);RUA JOSÉ ILÂNIO COUTO GONDIM, 270
CHORÓ;6;92;ÁREA RURAL DE CHORÓ;EEF FRANCISCO PAULA NASCIMENTO;SERRA DA PALHA
CANINDÉ;33;315;CAN;EMEF MELVIN JONES;RUA PROFESSOR RAIMUNDO MARTINS 1405
ITAPIPOCA;17;567;BELA VISTA;EEB RITA PIRES DOS SANTOS;CEDRO
FORTALEZA;80;123;ALTO DA BALANÇA;EEFM ESTADO DO PARÁ;RUA DJALMA PETIT 589
CANINDÉ;33;277;ZONA RURAL;EMEF DA COMUNIDADE OITICICA;LOCALIDADE OITICICA
CRATO;27;76;VILA ALTA;EEFM JOSÉ ALVES DE FIGUEIREDO;RUA GETÚLIO VARGAS, 214
ITAPIPOCA;17;561;CRUXATI;EEB ALONSO PINTO DE CASTRO;BETÂNIA
FORTALEZA;85;365;DOM LUSTOSA;EEFM AYRTON SENNA DA SILVA;RUA MANAUS, 855
GRAÇA;79;173;LAPA;ESCOLA PADRE RAIMUNDO NONATO RODRIGUES;LAPA
JUAZEIRO DO NORTE;119;205;PREFEITO CARLOS ALBERTO DA CRUZ;URCA - CAMPUS CRAJUBAR (TRIÂNGULO);AVENIDA LEÃO SAMPAIO, 107
CAMOCIM;32;171;ZONA RURAL;EEF FRANCISCO DAS CHAGAS MEDEIROS - MOREIAS;LOCALIDADE DE MOREIAS
FORTALEZA;114;236;JARDIM IRACEMA;CAPELA NOSSA SENHORA DE FÁTIMA;RUA RIO ARAGUAIA 1669
TAUÁ;19;68;ALTO BRILHANTE;EEF JOAQUIM PIMENTA;AV JOSE VALDEMAR REGO 585
CAUCAIA;37;483;ALTO DO GARROTE;E.E.F. JOSE PONTES FILHO;RUA ZEZITO PONTES, S/N
CAUCAIA;37;581;CUMBUCO;E.E.F. HELENA DE AGUIAR DIAS;AV DOS COQUEIROS, S/N
NOVA RUSSAS;48;173;TAMARINDO;ESCOLA MUNICIPAL SÃO FRANCISCO (UNIBOL);RUA FRANCISCO LOPES, S/N
HORIZONTE;78;406;DIADEMA;EMEF PROF MARIA LUIZA BARBOSA CHAVES;RUA BATURITE SN - PARQUE DIADEMA
ACOPIARA;60;44;QUINCOE;EEF UMBELINO ROQUE;SITIO FORTUNA
PARACURU;109;199;BOI MORTO;E. M. E. I. F. MARIA ELISA MAGALHÃES;BOI MORTO
FORTALEZA;113;242;RODOLFO TEÓFILO;EEFM FÉLIX DE AZEVEDO;RUA MONSENHOR FURTADO, 757
AQUIRAZ;66;284;TELHA-CAMARA;EMEF JOSE RODRIGUES MONTEIRO;RUA ANGELO RODRIGUES MONTEIRO 882
ITAIÇABA;75;12;CENTRO;E.E.F.M. JOAO BARBOSA LIMA;RUA CEL JOAO BATISTA 397
FORTALEZA;3;572;MEIRELES;WAYS BILINGUAL SCHOOL - UNIDADE MEIRELES;RUA NUNES VALENTE, 919
CRATEÚS;20;318;SANTANA;ESCOLA DE CIDADANIA IMACULADA CONCEICAO;CORREDORES
CAUCAIA;123;450;PARQUE GUADALAJARA (JUREMA);COLÉGIO PLENO DO CEARÁ - CPC;RUA PADRE ALFREDO NESI, 363 (ANTIGA RUA CAMPECHE )
FORTALEZA;114;138;JARDIM IRACEMA;EM JOSÉ DE ALENCAR;RUA ALBERTO FERREIRA 248
PACATUBA;57;175;CONJUNTO JEREISSATI II;EEIEF JOSE BATISTA DE OLIVEIRA;AV XXIII, S/N
MARACANAÚ;122;165;ALTO ALEGRE II;EMEIEF SANTA EDWIRGES;RUA PAULO AFONSO 1840
GRANJA;25;151;SÃO JOSE;E.E.F. SÃO JOSÉ (IBUGUAÇU);SITIO SÃO JOSÉ - IBUGUAÇU
PACOTI;5;185;FATIMA-DISTRITO;CRECHE REINO DA FANTASIA (FATIMA);DISTRITO DE FATIMA
MARACANAÚ;122;161;PIRATININGA;EMEF RUI BARBOSA;RUA DO CAMPO 51
IGUATU;13;205;GADELHA;ESCOLA DE ENS FUND DO SÍTIO BRAVO - A. F. SÁ DE LAVOR;SITIO BRAVO
MARTINÓPOLE;25;69;CENTRO;E.E.F. PADRE JOSÉ ROBERTO (GINÁSIO);RUA JOAO BATISTA, 221
PACOTI;5;202;CENTRO-SEDE;EMEF ENEAS HORTENCIO DA SILVEIRA;RUA JOAO HIPOLITO
FORTALEZA;117;311;PARQUE PRESIDENTE VARGAS;COLÉGIO CASTRO ALVES;RUA TULIPA NEGRA, 2319
FORTALEZA;117;454;BOM JARDIM;COLÉGIO LUMEN;RUA SÃO FRANCISCO DO JARDIM, 396
QUIXERÉ;29;222;SEDE;CEI MONSENHOR FRANCISCO JOSE DE OLIVEIRA;RUA MESTRE SALES, 153
HORIZONTE;78;75;CENTRO;EMEF PROFESSORA RAIMUNDA DUARTE TEIXEIRA ;AV EUDES XIMENES, 83 - CENTRO 
FORTALEZA;114;64;ÁLVARO WEYNE;EM DOM HELDER CAMARA;RUA FREI ODILON 623 B
FORTALEZA;1;842;PAPICU;COLEGIO ANTARES - OCELO PINHEIRO;RUA PROFESSOR OCELO PINHEIRO 101
MORADA NOVA;47;118;ROLDAO;EEB JOAQUIM CHAGAS FILHO;TRAV. LUIS VIEIRA, S/N
GUAIÚBA;57;141;HELDER BEZERRA;EEM JOSÉ TRISTÃO FILHO;RUA MARIA DO CARMO, 100
INDEPENDÊNCIA;39;41;RIACHO DO MEIO;E.E.F. LIMA NETO;POVOADO RIACHO DO MEIO
FORTALEZA;83;778;PICI;ESCOLA MUNICIPAL ADROALDO TEIXEIRA CASTELO;RUA ALAGOAS 2267
BOA VIAGEM;63;62;OLHO DAGUA DOS BEZERRIL-IBUACU;EEF MANOEL SARAIVA DE SOUZA;RUA MANOEL BEZERRIL S/N
FORTALEZA;117;468;SIQUEIRA;CEI FRANCISCA DE ABREU LIMA;RUA C -  ESQUINA COM A RUA LUIZ MONTENEGRO, S/N
VARJOTA;65;141;EMPRÉSTIMOS;LICEU WALDIR LEOPÉRCIO;RUA TEN PEDRO CRUZ, 500
CEDRO;13;519;PLANALTO DOS CADEIRA(CEDRO 1);CENTRO DE EDUCAÇÃO INFANTIL MARIA MARILENE ALVES DINIZ;PLANALTO DOS CADEIRAS
MARACANAÚ;122;206;JARI;EMEF JOSÉ ASSIS DE OLIVEIRA(JARY);RUA PAULO AFONSO 4259
CAUCAIA;123;404;MARECHAL RONDON (JUREMA);E.E.I.E.F. RAIMUNDO JERÔNIMO DE SOUSA;RUA JÚLIO ROCHA, 220 - KM 14/JUREMA
EUSÉBIO;88;255;CARARU;EEF RAIMUNDO NONATO DA SILVA - CARARU;RUA FRANCISCO DOMINGOS, S/N - CARARU
MOMBAÇA;46;69;CENTRO;E. E. F. M. DIVINO SALVADOR;RUA FRANCISCO JOSE DE OLIVEIRA SN                 SEDE
CHAVAL;108;29;DISTRITO PASSAGEM DOS VAZ;EEF MONSENHOR CARNEIRO;DISTRITO PASSAGEM DOS VAZ
FORTALEZA;118;572;BOA VISTA-CASTELÃO;EEFM PROFESSORA MARIA GONCALVES;RUA N S DO MONTE CARMELO S/N
CHORÓ;6;70;CENTRO;CEM DOM BOSCO;RUA ILDA BEZERRA PIANCÓ, 169, CENTRO
ITAPIPOCA;17;71;PICOS;EEB DOMINGOS GONCALVES MUNIZ;PICOS
ICAPUÍ;8;127;MELANCIAS DE BAIXO;ESCOLA DE 1 GRAU PROFA MARIA EDILCE BARBOSA;MELANCIAS DE BAIXO
VÁRZEA ALEGRE;62;10;CENTRO;EEF FIGUEIREDO CORREIA;RUA FIGUEIREDO CORREIA, 258
TAUÁ;19;142;MARRECAS;EPG FRANCISCO BERNARDO DE OLIVEIRA;MISSAO
FORTALEZA;116;474;GRANJA LISBOA;EM JOAO MENDES DE ANDRADE;RUA B (CJ PALMARES), 1366
CARIRÉ;65;39;ZONA RURAL;ESCOLA EIEF EVANGELINA FEIJAO;BOA ESPERANCA
ALTO SANTO;86;48;CARAUBAS;ESCOLA DE 1 GRAU PEDRO JOSE PEREIRA;SITIO CARAUBAS
REDENÇÃO;52;204;DISTRITO DE ANTÔNIO DIOGO;ESCOLA CECÍLIA PEREIRA;RUA TEREZA CRISTINA, N. 295 - CENTRO
REDENÇÃO;52;182;CENTRO (SEDE);CENTRO EDUCACIONAL PERBOYRE E SILVA;RUA MARECHAL DEODORO, N. 399
UBAJARA;73;92;MONTE CASTELO;IFCE - INSTITUTO FEDERAL DE EDUCAÇÃO, CIÊNCIA E TECNOLOGIA DO CEARÁ;RUA LUIZ CUNHA, 178
ERERÉ;10;108;ZONA RURAL;E.E.F. HERMINIA ALVES PEREIRA;DISTRITO DE TOMÉ VIEIRA
SENADOR POMPEU;12;71;BONFIM;EEIEF MANUEL RUFINO DA SILVA;LAGOA NOVA
ACARAÚ;30;33;ZONA RURAL;ESCOLA JOAO RIBEIRO RAMOS;VILA PROGRESSO
BARROQUINHA;108;42;DISTRITO ARARAS;EEF NOSSA SENHORA DE FÁTIMA;RUA DO QUADRO S/N
MARCO;96;161;CENTRO-SEDE;PREFEITURA MUNICIPAL DE MARCO;AV. PREF. GUIDO OSTERNO, S/N
FORTALEZA;114;180;CRISTO REDENTOR;EEFM SÃO JOSÉ DOS ARPOADORES;RUA FRANCISCO CALAÇA 90
ITAPAJÉ;41;234;ESMERINO GOMES;ESCOLA MUNICIPAL PREF ROQUE SILVA MOTA;RUA OTAVIO PINTO DE MESQUITA
FORTALEZA;112;28;CIDADE DOS FUNCIONÁRIOS;COLÉGIO DÁULIA BRINGEL;RUA TRAJANO ALVES DE AGUIAR, 55
FORTALEZA;112;489;SAPIRANGA-COITÉ;EM PROFª ALDACI BARBOSA;RUA OLEGARIO MEMORIA, 1257
BELA CRUZ;96;84;SAO JOSE;EMEIEF JOSE FRANCISCO VASCONCELOS;LOCALIDADE SAO JOSE
GUARACIABA DO NORTE;74;122;DISTRITO;EEF MANOEL BANDEIRA DE MOURA (ESCOLA NOVA DA MARTINSLÂNDIA);MARTINSLANDIA
ACOPIARA;60;51;UMARI;EEMTI FRANCISCO ASSIS VIEIRA;RUA ANTONIO JOAQUIM, UMARI
BARRO;92;4;CENTRO-SEDE;EEEP PROFESSOR JOSÉ OSMAR PLÁCIDO DAS SILVA;RUA ANTÔNIA BEZERRA TELES, S/N
TABULEIRO DO NORTE;91;26;PEDRA PRETA;EMEF OTÍLIO NOBRE DE BRITO - SITIO PEDRA PRETA;SITIO PEDRA PRETA
CAUCAIA;120;367;GENIPABU;E.E.I.E.F. OSMIRA EDUARDO DE CASTRO;BR 222 - KM 16
CAUCAIA;120;433;CAPUAN;ASSOCIAÇÃO DOS REMANESCENTES DO QUILOMBO DOS CAETANOS;PROFESSORA LETICIA MARQUES CAVALCANTE, 1880
CANINDÉ;33;384;JOÃO PAULO II;EMEF JOAQUIM MAGALHÃES(CRECHE NOVA - VALDEMAR GOMES);RUA CÍDIO MARTINS
FORTALEZA;85;191;CONJUNTO CEARÁ I;EMTI JOSE LEOPOLDINO DA SILVA FILHO;RUA 420, S/N, 2A ETAPA
JUAZEIRO DO NORTE;28;110;SANTO ANTONIO;EEF PELUSIO CORREIA DE MACEDO;RUA MARIETA FRANCA DE MENEZES 360
MORAÚJO;64;103;ANGICOS;ANGICOS - ESCOLA MUN. ANTº GONÇALVES MACHADO;LOCALIDADE DE ANGICOS, MORAÚJO/CE
MARACANAÚ;104;227;JEREISSATI II;EEEP GOVERNADOR LUIZ GONZAGA DA FONSECA MOTA;AVENIDA X, S/N
MARACANAÚ;104;404;PAJUÇARA;EEEP MARIA CARMEM VIEIRA MOREIRA;RUA MARIA FERREIRA, 150
CROATÁ;74;121;DISTRITO;ESCOLA MUNICIPAL FRANCISCO JOÃO DE OLIVEIRA (URUÇU);URUCU
IGUATU;13;128;BARRO ALTO;ESCOLA DE ENS FUND BEVENUTO ALVES DA SILVA;QUIXOA II
PORTEIRAS;70;307;PEDRA BRANCA-SEDE;E E F JOSEFINA RODRIGUES;SITIO PEDRA BRANCA
SENADOR POMPEU;12;149;SAO JOAQUIM;ASSOCIAÇÃO COMUNITÁRIA DO SÍTIO SÃO FRANCISCO;SÍTIO SÃO FRANCISCO
MORADA NOVA;47;126;2 DE AGOSTO;CEI MARIA ROSALINA LOPES;RUA PEDRO COUTINHO DA SILVA
ITAPIPOCA;17;471;MARANHÃO;EEB JOÃO IDÁLIO TEIXEIRA;RUA DR BEZERRA DE MENEZES, SN
URUOCA;25;81;ROBERTO DOURADO;E.E.F. MURILO AGUIAR;AV. JOÃO JOSÉ, N. 451
TRAIRI;97;123;PADRE ANCHIETA;EEF JOSE DE ANCHIETA;PADRE ANCHIETA
ASSARÉ;18;111;ARATAMA;GRUPO ESCOLAR ANTONIO DA SILVA LEAL;RUA ANTONIO GONCALVES DA SILVA SN
JAGUARUANA;75;93;ESTREITO;CAPELA DO SITIO ESTREITO;ESTREITO
QUIXERAMOBIM;11;188;LACERDA;ESCOLA VICENTE DE CASTRO;VILA DE LACERDA
CAUCAIA;37;23;GRILO;EEIEF NAIR MAGALHÃES GUERRA;RUA JOAQUIM BENTO CAVALCANTE, 500
ICÓ;15;50;CENTRO - SEDE;CEJA - ANA VIEIRA PINHEIRO;RUA DONA ALDERY, 324
FARIAS BRITO;62;279;UMARI;EEF ANTÃO PEREIRA E SILVA;RUA ARÃO PEREIRA E SILVA, S/N - UMARI - DIST. QUINCUNCÁ
FORTALEZA;114;230;BARRA DO CEARÁ;EM DOM ANTONIO BATISTA DE FRAGOSO;AVENIDA FRANCISCO SÁ 7945
BELA CRUZ;96;78;GUARDA-LOCALIDADE;EMEIEF LUCIO MARQUES DE SOUSA;LOCALIDADE DE GUARDA
IPU;21;26;ALTO DA BOA VISTA;EMEB MONSENHOR GONÇALO DE OLIVEIRA LIMA;AV. JOSÉ CARVALHO DE ARAGÃO, 102
BEBERIBE;84;75;ITAPEIM;ESCOLA MUNICIPAL RAUL BARBOSA;RUA MANOEL LINO DO NASCIMENTO SN - CENTRO
JARDIM;119;356;SERRA BREJINHO;ESCOLA JOAO BATISTA DE FIGUEIREDO;SERRA BREJINHO
CANINDÉ;33;385;SANTA LUZIA;EMEF SENADOR CARLOS JEREISSATI;RUA EUCLIDES BARROSO, 1048
FORTALEZA;117;239;BOM JARDIM;ESCOLA MUNICIPAL HERBERT DE SOUSA;RUA URUCUTUBA 1599
URUBURETAMA;23;225;SAO JOAO;EEF PAULO FERREIRA DA CUNHA;SITIO UBATUBA
TAMBORIL;61;72;DISTRITO DE SUCESSO;EMEF VENCESLAU PEREIRA DAMASCENO;RUA DO BOLA BRANCA - VILA SUCESSO
FORTALEZA;94;828;JARDIM GUANABARA;COLÉGIO DOM QUINTINO;RUA CECIL SALGADO, 53
FORTALEZA;113;136;BOM FUTURO;EMEIF DOM MANUEL DA SILVA GOMES;RUA SAMUEL UCHÔA, 550
HORIZONTE;78;228;TANQUES;EMEF EUCLIDIA PEREIRA DE AZEVEDO;RUA CELSO  SILVA ASSUNÇÃO, 8656
IPAUMIRIM;92;115;CENTRO-SEDE;E.E.M.T.I. DOM FRANCISCO DE ASSIS PIRES;RUA VEREADOR HIGINO DINIZ, 110
FORTALEZA;94;194;VILA VELHA;EEFM DONA HILZA DIOGO DE OLIVEIRA;AV. DOM ALOÍSIO LORSCHEIDER, 1040 - VILA VELHA
BANABUIÚ;6;417;CENTRO;EEF CENTRO EDUCACIONAL MUNICIPAL CELESTINO DE SOUSA;AV. QUEIROZ PESSOA, S/N
CARIÚS;43;215;CAIPU-DISTRITO;CRECHE PARAISO INFANTIL;VILA CAIPU
MARANGUAPE;4;131;CENTRO - MARANGUAPE;CEJA MANOEL SEVERO BARBOSA;RUA RAIMUNDO HERBSTER, 230
FORTALEZA;83;628;JÓQUEI CLUBE;COLÉGIO LUCÊ;RUA CUIABA 155
MOMBAÇA;46;70;CENTRO;E. E. F. M. DIVINO SALVADOR;RUA FRANCISCO JOSE DE OLIVEIRA SN                 SEDE
RUSSAS;9;217;CENTRO;ESCOLA DE ENSINO FUNDAMENTAL CORONEL MURILO SERPA;TRAVESSA SEBASTIAO SANTIAGO LIMA 160
NOVA OLINDA;53;106;ZABELE;EMEF ALVIM ALVES;SÍTIO ZABELE
ITATIRA;33;230;ZONA RURAL;EMEF JOSE AUGUSTO DA SILVA;BANDEIRA VELHA
CARIDADE;111;109;CENTRO;EEF CARMOZINA BITTENCOURT;AVENIDA CORONEL FRANCISCO LINHARES
CARIDADE;111;101;ZONA RURAL;EEIF ENEAS HONORIO DE ABREU - LOCALIDADE HUMAITÁ;LOCALIDADE DE HUMAITA
PACOTI;5;172;CENTRO-SEDE;EMTI SAO LUIS;RUA PADRE QUILIANO 72
QUIXERAMOBIM;11;105;SEDE RURAL;ESCOLA JOSE ANTONIO DE ALMEIDA;BELO NORTE
MARACANAÚ;104;428;JEREISSATI II;EEMTI PROFESSOR EDMILSON PINHEIRO;AVENIDA XII, 727
UBAJARA;73;92;MONTE CASTELO;IFCE - INSTITUTO FEDERAL DE EDUCAÇÃO, CIÊNCIA E TECNOLOGIA DO CEARÁ;RUA LUIZ CUNHA, 178
CAUCAIA;37;600;CAPUAN;ESCOLAS DIFERENCIADAS DE E.F.M - TAPEBA DO TRILHO(COMUNIDADE INDIGENA);RUA DO TRILHO, 4001
JUAZEIRO DO NORTE;119;171;PIRAJA;ESCOLA DEMOSTENES RATTS BARBOSA;AILTON GOMES SN
NOVO ORIENTE;99;21;CENTRO;EEM COELHO MASCARENHAS;RUA SAO JOSE S/N
CAUCAIA;37;57;PARQUE SOLEDADE;COLEGIO JANUSA CORREA;RUA NOSSA SENHORA DOS PRAZERES, 238
SANTA QUITÉRIA;54;101;DISTRITO DE LISIEUX;E.E.F. DONA LIVRAMENTO ARAÚJO;DISTRITO DE LISIEUX
CHAVAL;108;31;DISTRITO PASSAGEM DOS VAZ;POSTO DE SAUDE DE PASSAGEM DOS VAZ;DISTRITO PASSAGEM DOS VAZ
FORTIM;8;290;GURGURI;EEIF. MAURO CAVALCANTE;VILA GURGURI
SÃO BENEDITO;22;183;CENTRO-SEDE;ESCOLA DE ENSINO FUNDAMENTAL FARIAS BRITO;PRACA DOM COUTINHO 864
CARIRIAÇU;71;84;SÍTIO BANANEIRAS;EEIF ANTONIO FRANCISCO CALIXTO;SÍTIO BANANEIRAS
BREJO SANTO;70;5;MORRO DOURADO;ESC E F FRANCISCO LEITE DE MOURA (CHICO LEITE);RUA LUIZ PINHEIRO TORRES 207
BARRO;92;58;CENTRO-SEDE;ESCOLA DE ENSINO BASICO MAURO SAMPAIO;RUA MAJOR JANUARIO S/N
RERIUTABA;79;7;CENTRO;CENTRO DE FORMAÇÃO MISSIONÁRIA DOM WALFRIDO TEIXEIRA VIEIRA;RUA ALAÍDE RAMOS, S/N
CAUCAIA;37;483;ALTO DO GARROTE;E.E.F. JOSE PONTES FILHO;RUA ZEZITO PONTES, S/N
VÁRZEA ALEGRE;62;262;RIACHINHO;CRECHE ANTONIO PEDRO DA SILVA;RUA LIDIO DUARTE, 291
FORTALEZA;82;30;SÃO GERARDO;SECRETARIA DO DESENVOLVIMENTO AGRÁRIO (SDA) DO ESTADO DO CEARÁ;AV. BEZERRA DE MENEZES, 1820
LIMOEIRO DO NORTE;29;113;ÁREA RURAL;ESCOLA DE 1 GRAU FRANCISCO AURELIANO RIBEIRO;SITIO MALHADA
GUARACIABA DO NORTE;74;96;DISTRITO;CAPELA NOSSA SENHORA DA MEDALHA MILAGROSA - CACIMBA DO MEIO;CACIMBA DO MEIO
FORTALEZA;83;30;BELA VISTA;ESCOLA MUNICIPAL DE TEMPO INTEGRAL PROFESSOR JOSE JULIO DA PONTE;RUA MARIO DE ANDRADE, S/N
FORTALEZA;83;611;DEMOCRITO ROCHA;ESCOLA MUNICIPAL PAULO SARASATE;RUA PEDRO MUNIZ 250
LIMOEIRO DO NORTE;29;65;CENTRO;LICEU DE ARTES E OFICIOS (ESC CONSTRUINDO CONHECIMENTO);RUA CORONEL FRANCISCO REMIGIO 329
BARBALHA;31;135;BELA VISTA;CEI MONS. MURILO DE SÁ BARRETO (BELA VISTA);RUA T22, 254 - BELA VISTA
QUITERIANÓPOLIS;99;120;ZONA RURAL;EEIF ANTONIO LAURINDO SOARES;BARRA DOS RICARDOS
JUAZEIRO DO NORTE;28;17;CENTRO;EEEP PROFESSOR MOREIRA DE SOUSA;DO CRUZEIRO 497
JUAZEIRO DO NORTE;28;418;SAO MIGUEL;EEF TABELIAO VICENTE PEREIRA DA SILVA;DOUTOR FLORO BARTOLOMEU 1203
BEBERIBE;84;76;ITAPEIM;ESCOLA MUNICIPAL RAUL BARBOSA;RUA MANOEL LINO DO NASCIMENTO SN - CENTRO
TIANGUÁ;81;321;DOM TIMÓTEO;E.E.I.F. NOSSA SENHORA DAS GRAÇAS;AVENIDA FRANCISCO VIRGILIO FILHO
FORTALEZA;113;338;PARQUELÂNDIA;COLEGIO GRÃO SABER;RUA PROFESSOR LINO DA ENCARNACAO, 490
FORTALEZA;115;34;PARANGABA;EM THOMAZ POMPEU SOBRINHO;RUA JOSE MENELEU, 531
BARREIRA;52;142;CAJUEIRO;ESCOLA COMUNITÁRIA GUILHERMINA DE OLIVEIRA;CROATÁ II
SOBRAL;121;293;JOCELY DANTAS;CURSO DE QUIMICA-UVA-CAMPUS CIDAO;AV. DR. GUARANY
BOA VIAGEM;63;22;CENTRO-SEDE;EMATERCE;RUA JOAQUIM RABELO 499
RUSSAS;9;86;FLORES;ESCOLA DE ENSINO FUNDAMENTAL E MEDIO MARIA DE LOURDES DE OLIVEIRA;RUA JOSE SABINO MENDES 2313
QUIXERAMOBIM;11;67;NENELANDIA;ESCOLA FRANCISCO CARNEIRO SOBRINHO;NENELANDIA
QUIXERAMOBIM;11;243;MONTEIRO DE MORAIS;ESCOLA HUMBERTO BEZERRA;RODOVIA DO ALGODAO, SN
PARACURU;109;216;CAMPO DE AVIAÇÃO;E. M. E. I. F. PROFESSORA MARIA ALBUQUERQUE LIMA - DINA;AV. SAO JOAO EVANGELISTA, 385
MONSENHOR TABOSA;61;107;CENTRO;E.E.M.T.I GOVERNADOR ADAUTO BEZERRA;RUA SAO SEBASTIÃO N 39 - PERTO DA CADEIA PÚBLICA
PENTECOSTE;50;113;SÃO FRANCISCO;EEF BALBINA MOREIRA DE AZEVEDO;AVENIDA ANTÔNIO BRAGA DE AZEVEDO
FORTALEZA;113;40;JOSÉ BONIFÁCIO;COLÉGIO FARIAS BRITO PRÉ - VESTIBULAR;AV. BARÃO DO RIO BRANCO, 2424
FORTALEZA;95;204;JANGURUSSU;EEEP MÁRIO ALENCAR;RUA VERDE 44, 97 (CJ. SÍTIO SÃO JOÃO)
FORTALEZA;118;671;MONDUBIM;COLÉGIO MAJESTIC;RUA CASTRO MEIRELES, 325
JUAZEIRO DO NORTE;119;106;TIRADENTES;ESCOLA CAROLINA SOBREIRA;RUA JOSE SABIA SN
IPAUMIRIM;92;100;CENTRO-SEDE;E.E.F.T.I. DR JARISMAR GONCALVES MELO;AVENIDA DR ARRUDA, 37
JUCÁS;43;74;SÃO PEDRO DO NORTE - VILA;CENTRO COMUNITARIO ANTONIO RAIMUNDO DE SOUZA;RUA ANTONIO PEREIRA DA SILVA 226
MARACANAÚ;122;91;JAÇANAÚ;EMEF JOAQUIM AGUIAR;RODOVIA 065 KM 09 9821
GRANJA;25;228;SÃO RAIMUNDO;E.E.F. SÃO RAIMUNDO;RUA DONA CHIQUEZA
FORTALEZA;116;460;JOÃO XXIII;COLEGIO LIMA NOGUEIRA;RUA JULIO BRAGA, 1117
CAUCAIA;37;296;JAPUARA;E.E.F. RAIMUNDO JOSE DOS SANTOS;TRAVESSA DE JAPUARA, S/N, COMUNIDADE - REGIÃO GARROTE
FORTALEZA;80;319;DIONISIO TORRES;COLÉGIO SANTO INACIO;AVENIDA DESEMBARGADOR MOREIRA 2355
CANINDÉ;33;276;ZONA RURAL;EDEFM GAMELEIRA (COMUNIDADE INDÍGENA);COMUNIDADE INDÍGENA DE GAMELEIRA
MARANGUAPE;4;12;CACHOEIRA;EMEIEF JOSÉ DE MOURA;RUA JOAO RAMALHO CORDEIRO, 21
BARBALHA;31;16;CENTRO;EEM ADAUTO BEZERRA;RUA MAJOR SAMPAIO, 75
SABOEIRO;43;227;DISTRITO FLAMENGO;E.E.F. MARIA LINDA DA GLÓRIA;DISTRITO FLAMENGO
CARIÚS;43;156;ESPLANADA-SEDE;EEF NOSSA SENHORA AUXILIADORA;RUA RAUL NOGUEIRA S/N
FORTALEZA;93;92;PREFEITO JOSÉ WALTER;EM MINHA VIDA MEUS AMORES;AVENIDA D, 380 - II ETAPA
QUIXERAMOBIM;11;193;CENTRO;CAMPUS UNIVERSITARIO DR ANDRADE FURTADO;AV DR JOAQUIM FERNANDES 382 - CENTRO
CARIRIAÇU;71;8;VALÊNCIA;EEF MARTINIANO ELIAS DA SILVA;RUA ANTONIO GOMES, S/N
CAMOCIM;32;198;SAO FRANCISCO;LICEU DE CAMOCIM DEP MURILO ROCHA AGUIAR;RUA ANTONIO ZEFERINO VERAS
QUIXADÁ;6;334;DOM MAURICIO;EEF ANTÔNIO MARTINS DE ALMEIDA;RUA PADRE JOSÉ DA SILVA, 36
FORTALEZA;80;129;ALTO DA BALANÇA;EEFM ESTADO DO PARÁ;RUA DJALMA PETIT 589
SÃO JOÃO DO JAGUARIBE;91;115;CENTRO;EEF 1 GRAU CHIQUINHO RODRIGUES;RUA CONEGO CLIMERIO CHAVES 269
EUSÉBIO;88;223;CARARU;EEF RAIMUNDO NONATO DA SILVA - CARARU;RUA FRANCISCO DOMINGOS, S/N - CARARU
FORTALEZA;83;35;BELA VISTA;EEMTI ESTADO DO AMAZONAS;RUA MONSENHOR FURTADO 2327
FORTALEZA;83;436;BELA VISTA;EEMTI SENADOR FERNANDES TÁVORA;RUA GOIÁS 141
ARACATI;8;26;CENTRO;COLONIA DOS PESCADORES;PC MARECHAL DEODORO 6
CARIDADE;111;81;SAO DOMINGOS;EEI FRANCISCO DE MOURA BARROS;RUA VICENTE DE PAULA FONSECA, S/N, SAO DOMINGOS
FORTALEZA;94;444;ANTÔNIO BEZERRA;EMEIEF DEPUTADO GERÔNCIO BEZERRA;TRAVESSA MANUEL NUNES, 42
SÃO GONÇALO DO AMARANTE;36;211;PECEM-DISTRITO;ESCOLA DE ENSINO FUNDAMENTAL EUCLIDES PEREIRA GOMES;TRAVESSA MARCIONILIA SAMPAIO S/N
APUIARÉS;50;12;CENTRO;EEFM SÃO SEBASTIÃO;AVENIDA GOMES DA SILVA, 100
CRUZ;30;208;PREA;ESCOLA RENATO GONCALVES LOUZADA;FORMOSA
MULUNGU;5;153;CENTRO-SEDE;CRAS - CENTRO DE REFERÊNCIA E ASSISTÊNCIA SOCIAL;RUA CORONEL JUSTINO CAFE
FORTALEZA;112;583;ENGENHEIRO LUCIANO CAVALCANTE;EM JOHNSON;RUA DRA. SOCORRO AZEVEDO, 461
AQUIRAZ;66;328;PAU POMBO;EMEF JOSE CAMARA DE ALMEIDA;AV CLOVIS HOLANDA DE FREITAS, S/N
BREJO SANTO;70;420;SAO FRANCISCO-SEDE;LICEU PROFESSOR JOSÉ TELES DE CARVALHO;AV. ANTONIO FLORENTINO DE ARAUJO 800
MUCAMBO;79;237;CENTRO;ESCOLA ELZE MENDES DE AGUIAR;AV AGRONOMO JOSE ALVES, S/N - SEDE
FORTALEZA;95;102;CONJUNTO PALMEIRAS;EEFM DOUTORA ALDACI BARBOSA;RUA VALPARAISO, 155
MARACANAÚ;122;275;ALTO DA MANGUEIRA;E.M.E.F. ESTUDANTE ANA BEATRIZ TAVARES;RUA JOACIR FREITAS DUTRA, S/N
MARACANAÚ;104;137;JEREISSATI I;EMEIEF DEPUTADO JOSÉ MARTINS RODRIGUES;RUA QUARENTA A, 287
BARRO;92;28;IARA-DISTRITO;ESCOLA DE ENSINO BASICO DEP. ANTONIO LEITE TAVARES;BR 116 - KM 447
MARACANAÚ;122;43;ALTO ALEGRE I;EMEF PROFESSORA MARIA DE LOURDES DA SILVA;RUA 14 N 800 QUADRA 236
NOVO ORIENTE;99;44;ZONA RURAL;CEIF PROF. FRANCISCO EDSON DE OLIVEIRA;MONTE ALEGRE
IBIAPINA;73;64;SÃO JOÃO;ESCOLA RITA NEGREIROS;RUA JOSÉ AVELINO
TIANGUÁ;81;123;ÁREA RURAL DE TIANGUÁ;E.E.F. FRANCISCO NEMÉSIO CORDEIRO;SÍTIO VALPARAÍSO
AQUIRAZ;66;39;JACUNDA;EMEF HENRIQUE GONCALVES DA JUSTA FILHO;RUA ANTONIO MELQUIADES LIMA S/N
MARACANAÚ;122;44;ALTO ALEGRE I;EMEF PROFESSORA MARIA DE LOURDES DA SILVA;RUA 14 N 800 QUADRA 236
MADALENA;63;237;PAUS BRANCOS;EEM JOÃO DOS SANTOS DE OLIVEIRA;QUIETO
FORTIM;8;92;JARDIM;EEFTI. JOSE ALEXANDRE;POVOADO DE JARDIM
FORTALEZA;85;110;CONJUNTO CEARÁ I;CEJA ADELINO DE ALCANTARA FILHO - UV-6;RUA SEISCENTOS E DOZE, 100, 1A ETAPA
IPUEIRAS;40;126;BARRA DO LINO;EEF JOSE HONÓRIO CHAVES - BARRA DO LINO;BARRA DO LINO
MARANGUAPE;4;579;NOVO MARANGUAPE I (ÁREA VERDE) - MARANGUAPE;EEFM CAIC SENADOR CARLOS JEREISSATI;RUA ANTONIO TEIXEIRA, S/N
IPUEIRAS;40;159;BAIXA DO JUÁ;ESCOLA DE ENSINO INFANTIL E FUNDAMENTAL MARIA ALVES DE ALMEIDA;BAIXA DO JUÁ
MARANGUAPE;4;112;TANQUES;EMEIEF JOSÉ SAMPAIO UCHÔA;MELAO
VÁRZEA ALEGRE;62;116;DISTRITO DE RIACHO VERDE;EEF ANTONIO BENTO CALIXTO;SÍTIO POÇO CERCADO
FORTALEZA;113;372;MONTESE;COLÉGIO ESTADUAL PRESIDENTE HUMBERTO CASTELO BRANCO;RUA IRMA BAZET, 210
FORTALEZA;118;529;PARQUE DOIS IRMÃOS;EM DOUTOR ABDENAGO DA ROCHA LIMA;RUA 114, 75 (CJ TUPAN MIRIM)
DEPUTADO IRAPUAN PINHEIRO;55;146;SITIO BAIXIO;ESCOLA DE ENSINO BASICO JOAO BATISTA DA SILVA;RUA ANTONIO DIAS DOS SANTOS
URUBURETAMA;23;224;AGUAÍ / ZONA RURAL;EEIF JOAO HUDSON SARAIVA;SITIO AGUAI
JARDIM;119;352;SITIO RIACHO FUNDO DO CORRENTE;CAPELA NOSSA SENHORA DA CONCEIÇÃO;SITIO RIACHO FUNDO DO CORRENTE
FRECHEIRINHA;81;246;CENTRO;CENTRO EDUCACIONAL RAIMUNDO PEREIRA;AVENIDA JOAQUIM PEREIRA 717 - CENTRO 
JUAZEIRO DO NORTE;119;120;ROMEIRAO;ESCOLA SESI/SENAI PADRE AZARIAS SOBREIRA;RUA JOSÉ MARROCOS, 2265
RERIUTABA;79;31;CENTRO;E.E.F. RAIMUNDO MESQUITA;RUA CEL. AGRÍPIO TEODORO SOARES, 171
MADALENA;63;171;CENTRO;EEF ALVARO DE ARAUJO CARNEIRO;MARIA ARMENIA BARBOSA, 299 - SANTA TEREZINHA
AMONTADA;89;91;CENTRO;EEEP LUIZ GONZAGA FONSECA MOTA;AV GAL ALÍPIO DOS SANTOS 1360
URUBURETAMA;23;218;AGUAÍ / ZONA RURAL;EEIF JOAO HUDSON SARAIVA;SITIO AGUAI
MERUOCA;24;584;Anil;EEIF - BEATRIZ SANFORD FROTA;DISTRITO ANIL
CARIRIAÇU;71;66;CACHOEIRINHA;EEF RAIMUNDO GOMES;SÍTIO CACHOEIRINHA
FORTALEZA;3;110;JACARECANGA;COLÉGIO ESTADUAL LICEU DO CEARÁ;PRAÇA GUSTAVO BARROSO, 01
PEDRA BRANCA;59;1;SANTA URSULA;E.E.F. ESCOLA BENICIO VIEIRA CAVALCANTE;AV SABINO VIEIRA CAVALCANTE 176
PEDRA BRANCA;59;17;SANTA URSULA;EEFIT MARIA ALVES DE OLIVEIRA;AV SABINO VIEIRA CAVALCANTE, 320
GRANJEIRO;62;153;CENTRO;EEFM MIGUEL SARAIVA PINHEIRO;RUA HENRIQUE DE MACEDO SN
POTIRETAMA;86;69;RIACHO SECO;ESCOLA DE 1 GRAU MARIA LEITE DA SILVA;ASSENTAMENTO RIACHO SECO
MARACANAÚ;104;91;JEREISSATI I;EEMTI PROFESSOR ANTÔNIO MARTINS FILHO;AVENIDA III, S/N
FORTALEZA;82;120;CRISTO REDENTOR;EEMTI LIONS JANGADA;RUA CAMÉLIA, 352
SÃO GONÇALO DO AMARANTE;36;322;TABULEIRO ALEGRE - CANECO AMASSADO;UNIDADE DE APOIO À SAUDE DA FAMILIA - TABULEIRO ALEGRE;POVOADO TABULEIRO ALEGRE
URUBURETAMA;23;216;NOVO ANGELIM;EEIF IOLANDA PINHEIRO HOLANDA;RUA PINHEIRO HOLANDA SN
LIMOEIRO DO NORTE;29;283;LUIZ ALVES DE FREITAS;EEEP LÚCIA BALTAZAR COSTA;RUA GONÇALVES PEREIRA, S/N, ESTRADA DE FLORES
VÁRZEA ALEGRE;62;49;CANINDEZINHO;EEF SÃO PEDRO;SÍTIO JUAZEIRINHO
VÁRZEA ALEGRE;62;46;CANINDEZINHO-SEDE DO DISTRITO;CERU - EEF PROFESSORA MARIA DOLORES MENESES DE CARVALHO;DISTRITO DE CANINDEZINHO
TURURU;17;665;LAGOA DO INÁCIO / ZONA RURAL;EMEF SAO BERNARDO;LOCALIDADE LAGOA DO INACIO
FORTALEZA;83;710;PICI;ESCOLA MUNICIPAL ADROALDO TEIXEIRA CASTELO;RUA ALAGOAS 2267
MASSAPÊ;45;5;CENTRO;EEFM WILEBALDO AGUIAR;RUA CEL MANOEL DIAS 250
CHOROZINHO;49;355;PATOS DOS LIBERATOS;PROGRAMA DE SAUDE DA FAMILIA - PSF PATOS DOS LIBERATOS;PATOS DOS LIBERATOS
MAURITI;76;57;SAO MIGUEL-DISTRITO;EEIF CAREOLANO LEITE;RUA SALUSTIANO RODRIGUES, S/N
FORTALEZA;117;474;SIQUEIRA;EMTI PROFESSOR AGERSON TABOSA PINTO;RUA WILCA ALBUQUERQUE, S/N
MORAÚJO;64;130;MATO VERDE - SERRINHA;MATO VERDE - ESCOLA MUN. JOSÉ SEVERIANO DE OLIVEIRA;LOCALIDADE DE MATO VERDE
JUCÁS;43;138;BAIXIO DOS FERREIRAS - SÍTIO - CANAFÍSTULA;ASSOCIAÇÃO COMUNITÁRIA DO BAIXIO DOS FERREIRAS;SÍTIO BAIXIO DOS FERREIRAS
CAMOCIM;32;220;ZONA RURAL;ESCOLA JOAO PEREIRA DE BRITO-SITIO SAO MATEUS;LOCALIDADE DE SITIO SAO MATEUS
MARCO;96;109;BAIRRO ALEMAES;CEI MANOEL CLÓVIS RIOS;RUA PRES. ERNESTO GEISEL, 209
CAUCAIA;37;224;MESTRE ANTONIO;E.E.I.E.F. MENINO JESUS;RUA FRANCISCO EDSON DA SILVA, 163
PARAMBU;19;312;CENTRO;ESCOLA FRANCISCO ALVES TEIXEIRA;RUA PEDRO ALVES DA COSTA, 38 - CENTRO
FORTALEZA;94;458;VILA VELHA;EEM LICEU VILA VELHA;AV. L, 840
COREAÚ;64;28;Lajeiro;LAJEIRO - ESCOLA MUN. REINALDO PIMENTA;LOCALIDADEDE  LAJEIRO, COREAÚ
AQUIRAZ;66;167;TAPUIO;CENTRO DE EDUCAÇÃO E CIDADANIA MARIA DE CASTRO BERNARDO;RUA JOSE ADAMOR ABREU, S/N - DISTRITO JOAO DE CASTRO
AQUIRAZ;66;218;LAMEIRÃO;EEF FRANCISCA MONTEIRO DA SILVA;LAMEIRAO - MALVINA - CAMARA
NOVO ORIENTE;99;13;CENTRO;EEIF OTÁVIO RODRIGUES CAVALCANTE;RUA SAO FRANCISCO S/N
ACARAÚ;30;15;ZONA RURAL;ESCOLA DE TAPUIO (SANTA FÉ);TAPUIO
FORTALEZA;116;499;BOM JARDIM;EM RAIMUNDO MOREIRA SENA;RUA G, 93, CJ. NOVA RESIDENCIA
FORTALEZA;113;79;CENTRO;COLÉGIO LOURENÇO FILHO;RUA BARÃO DO RIO BRANCO, 2101
FORTALEZA;113;392;MONTESE;IMPARH;AV JOAO PESSOA, 5.609
FORTALEZA;115;409;MANOEL SÁTIRO;EEFM PROFESSOR MARIO SCHENBERG;RUA AMERICO ROCHA LIMA 835
OCARA;67;240;SERRAGEM-DISTRITO;ESCOLA MUNICIPAL JOAO PAULO DA SILVA - ENSINO FUNDAMENTAL;JUAZEIRO
MUCAMBO;79;206;CENTRO;E.E.M. JOSÉ CLÁUDIO DE ARAÚJO;RUA JOSÉ CLÁUDIO DE ARAÚJO, 615
AMONTADA;89;95;CENTRO;EEEP LUIZ GONZAGA FONSECA MOTA;AV GAL ALÍPIO DOS SANTOS 1360
PACAJUS;49;111;CENTRO;SINDICATO DOS TRABALHADORES RURAIS DE PACAJUS;RUA TABELIAO JOSE GAMA FILHO SN - CENTRO
CRUZ;30;398;CENTRO;ESCOLA CONSTÂNCIA DE SOUSA MUNIZ;CENTRO
FORTALEZA;93;152;PREFEITO JOSÉ WALTER;EM NELSON MANDELA;AV. C, 435
QUIXADÁ;6;136;CENTRO;EEF JOSÉ JUCÁ;RUA EPITÁCIO PESSOA, 1351
FORTALEZA;82;699;MONTE CASTELO;CENTRO EDUCACIONAL SÃO MATEUS;AV. SARGENTO HERMÍNIO SAMPAIO, 2440
FORTALEZA;113;264;RODOLFO TEÓFILO;ESC. MUNICIPAL ANTONIO SALES RODOLFO TEÓFILO;RUA TAVARES IRACEMA, 675
MARACANAÚ;104;226;JEREISSATI II;EEEP GOVERNADOR LUIZ GONZAGA DA FONSECA MOTA;AVENIDA X, S/N
FORTALEZA;117;270;BOM JARDIM;ESCOLA MUNICIPAL HERBERT DE SOUSA;RUA URUCUTUBA 1599
BREJO SANTO;70;169;SAO FRANCISCO-SEDE;EEF PROFESSOR JOAO TELES;RUA CORONEL NICODEMOS, N. 282
MILAGRES;26;78;VILA CAFE DA LINHA;EEF ANTÔNIO CRISÓSTOMO PEREIRA;SITIO CAFE DA LINHA
ICÓ;15;41;CENTRO - SEDE;EEM - VIVINA MONTEIRO;RUA DR INACIO DIAS S/N
CHOROZINHO;49;25;PARQUE SAO JOSE;EEFM PADRE ENEMIAS FREIRE DE ALMADA;PRACA DOM JOSE DE MEDEIROS DELGADO SN
CRUZ;30;103;CENTRO;ESCOLA MARIA PEREIRA BRANDAO;RUA VEREADOR MUNDICO MARTINS 642
BEBERIBE;84;69;PARAJURU;ESCOLA DE 1 GRAU RAIMUNDO JOVENTINO DO VALE;RUA CORONEL ADERALDO SN - CENTRO
QUIXERÉ;29;246;LAGOINHA;EEIF ZACARIAS FERREIRA DE SOUSA;RUA JOAO ZACARIAS DE BRITO SN
CAUCAIA;37;227;MESTRE ANTONIO;E.E.I.E.F. MENINO JESUS;RUA FRANCISCO EDSON DA SILVA, 163
URUBURETAMA;23;54;SAO JOAO;EEF PAULO FERREIRA DA CUNHA;SITIO UBATUBA
ICAPUÍ;8;128;BARREIRAS DE CIMA;ESCOLA PROFA JOANA MARQUES BEZERRA;BARREIRAS DE CIMA
MONSENHOR TABOSA;61;116;LAGOA DOS SANTOS;EMEIF MARIA ZELI ALVES DE MELO;POVOADO DE LAGOA DOS SANTOS
FORTALEZA;112;419;EDSON QUEIROZ;COLEGIO ARI DE SA CAVALCANTE WS;AV WASHINGTON SOARES, 3737
CAUCAIA;37;2;PARQUE SOLEDADE;COLEGIO JANUSA CORREA;RUA NOSSA SENHORA DOS PRAZERES, 238
FORTALEZA;1;914;VICENTE PINZON;ESCOLA MUNICIPAL FREI TITO DE ALENCAR LIMA;AVENIDA DIOGUINHO 5927
CARIÚS;43;195;ESPLANADA-SEDE;EEF MARIA SOTER PEREIRA;RUA RAUL NOGUEIRA II, S/N
SOBRAL;121;39;CAIOCA;ESCOLA MANOEL MARINHO DE ANDRADE;RUA JEREMIAS DA FROTA
SOLONÓPOLE;55;3;CENTRO;EEM FENELON RODRIGUES PINHEIRO;AV PREF. JOSE SIFREDO PINHEIRO, 212
SANTANA DO ACARAÚ;44;37;CANAFISTULA;EEF  FRANCISCO DAS CHAGAS FEIJAO;CANAFISTULA
SÃO BENEDITO;22;169;SITIO SANTA TEREZA I;POSTO DE SAUDE SANTA TEREZA;SITIO SANTA TEREZA  I
PACATUBA;57;168;CONJUNTO JEREISSATI II;EEEP PROFª LUISA DE TEODORO VIEIRA;AV. XXV S/N
OCARA;67;213;SERENO DE CIMA-DISTRITO;ESCOLA MUNICIPAL MINELVINA MARIA DA CONCEICAO - ENSINO FUNDAMENTAL;CROATA
FORTALEZA;115;452;MANOEL SÁTIRO;EM HENRIQUETA GALENO;RUA MAJOR MONTENEGRO 917
ORÓS;15;321;CENTRO;CEI MARIA AURILA PEQUENO VIDAL;RUA LUIZ ROLIM, S/N
MAURITI;76;67;UMBURANAS-DISTRITO;CRECHE SRA. SANTANA;RUA MAJOR JOAQUIM FURTADO, S/N
TAUÁ;19;126;CARRAPATEIRAS;ESC PREF PEDRO PEDROSA DE CASTRO CASTELO (JOAO CASSIMIRO DE OLIVEIRA);SANTO ANTONIO DO CARRAPATEIRAS
ACARAÚ;30;225;JURITIANHA;ESCOLA HUGO MARTINS DOS SANTOS;CE 178 KM 17 - JURITIANHA
TRAIRI;97;19;CENTRO;ESCOLA DE 1 E 2 GRAU JONAS HENRIQUE DE AZEVEDO;AV CELSO BARROSO
COREAÚ;64;8;Centro;COREAÚ - (GINASIO) ESCOLA MUN. NOSSA SRA. DA PIEDADE;RUA CEL. FCO. GOMES CAMILO, 226 - ALTO SÃO JOSÉ
VÁRZEA ALEGRE;62;55;NARANIU-SEDE DO DISTRITO;EEF PEDRO LEANDRO DA SILVA;VILA SÃO CAETANO
QUIXADÁ;6;303;VÁRZEA DA ONÇA;EEF MARIA MAIA DE FREITAS;VÁRZEA DA ONÇA, S/N
QUIXADÁ;6;239;CENTRO;BIBLIOTECA PUBLICA MUNICIPAL PADRE FRANCISCO CLINEU FERREIRA;RUA CLÓVIS BEVILÁQUA, SN
FORTALEZA;83;741;JOÃO XXIII;ESCOLA UMA JANELA PARA O MUNDO;RUA JULIO BRAGA, 1014
GUARACIABA DO NORTE;74;172;DISTRITO;ESCOLA MUNICIPAL DE SAO FELIX;SAO FELIX
AMONTADA;89;140;VARJOTA;EEBTI ANTONIO DAMIÃO NETO;VARJOTA
CARIRIAÇU;71;113;MIRAGEM;EEF GIRASSOL;SITIO SÃO PAULO
PACATUBA;57;193;ALTO SAO JOAO;EEIEF DR. CARLOS ALBERTO DE ALMEIDA PONTES;RUA JOSE FRANKLIN S/N
FORTALEZA;112;424;EDSON QUEIROZ;COLEGIO ARI DE SA CAVALCANTE WS;AV WASHINGTON SOARES, 3737
POTENGI;68;104;SITIO SASSARÉ;ASSOCIAÇÃO COMUNITÁRIA DO SÍTIO SASSARÉ;SITIO SASSARÉ
ICAPUÍ;8;137;BARREIRAS DE BAIXO;CENTRO DE EDUCAÇÃO INFANTIL ANA RODRIGUES;BARREIRAS DE BAIXO
QUITERIANÓPOLIS;99;113;ZONA RURAL;EEIF MANOEL RODRIGUES DO NASCIMENTO;SANTA MARIA
FORTALEZA;112;428;EDSON QUEIROZ;COLEGIO ARI DE SA CAVALCANTE WS;AV WASHINGTON SOARES, 3737
QUIXADÁ;6;22;CUSTÓDIO;EEF JOAO ARAÚJO TORRES;JUNCO, S/N
BOA VIAGEM;63;109;CENTRO-SEDE;EEF PE ANTONIO CORREIA DE SA;RUA JOSE RANGEL DE ARAUJO 22
FORTALEZA;94;820;ANTÔNIO BEZERRA;EMTI JOSÉ CARLOS DE OLIVEIRA NETO;R. SAO VICENTE DE PAULO, 170
BEBERIBE;84;174;SUCATINGA;ESCOLA MUNICIPAL CASTRO ALVES;LAGOA DE DENTRO
IGUATU;13;101;BARRO ALTO;ESCOLA DE ENS FUND SAO SEBASTIAO;BARRO ALTO
PACAJUS;49;206;LIMOEIRO;EEF LIMOEIRO;LOCALIDADE LIMOEIRO
FORTALEZA;117;428;MANOEL SÁTIRO;EMEIF MARIA BEZERRA QUEVEDO;RUA 103, 28 - CJ. NOVO MONDUBIM
SOBRAL;121;332;JOCELY DANTAS;CURSO DE QUIMICA-UVA-CAMPUS CIDAO;AV. DR. GUARANY
MAURITI;76;29;CENTRO;EEM ANDRÉ CARTAXO;RUA CHAGAS SAMPAIO, S/N
SÃO BENEDITO;22;79;INHUCU;EE BASICO DEP TOMAZ BRANDAO;R SANTOS DUMONT S/N
HORIZONTE;78;359;ZUMBI;EMEF JOSE EDUARDO DE SOUSA;RUA MARIA LUIZA NORONHA - 405
SÃO GONÇALO DO AMARANTE;36;323;SIUPE-DISTRITO;ESCOLA DE ENSINO FUNDAMENTAL DONA FILOMENA MARTINS;SIUPE
MAURITI;76;88;DANTAS;EEIF ZEFINHA CARTAXO;SITIO DANTAS
PORTEIRAS;70;314;ZONA RURAL;E E I F PROFESSORA BEATRIZ PINHEIRO DA COSTA;SÍTIO MUQUEM
JAGUARETAMA;72;79;SÍTIO SÃO PEDRO I;COLÉGIO SANTA LUZIA;SÃO PEDRO I
ARACATI;8;195;QUIXABA;E.E.F. HERIBERTO PORTO;PRAIA DE QUIXABA
ARACATI;8;76;CORREGO DOS RODRIGUES;E.E.F. ANTONIO PONCIANO DA COSTA;CORREGO DOS RODRIGUES
FORTALEZA;93;75;MONDUBIM;EM JONATHAN DA ROCHA ALCOFORADO;RUA MARIA GOMES DE SÁ,1030 ARACAPÉ
FORTALEZA;93;266;MONDUBIM;CEI MARIA HERCILIA EVANGELISTA;RUA 3, 300 - PARQUE SANTANA
RERIUTABA;79;112;SÃO JOSÉ DOS DOROTEUS;E.E.F. RAIMUNDO DOROTEUS PEREIRA;RUA SÃO JOSÉ DOS DOROTEUS
FORTALEZA;83;635;HENRIQUE JORGE;ESCOLA MUNICIPAL SANTA MARIA;RUA CUIABÁ 1465
FORTALEZA;80;332;JOAQUIM TÁVORA;COLÉGIO ANTARES IRMÃ MARIA (ANTIGO IRMÃ MARIA MONTENEGRO);RUA PINHO PESSOA 681
FORTALEZA;2;177;MESSEJANA;EEMTI PROFª FERNANDA MARIA GOMES DE AMORIM;AVENIDA FREI CIRILO 4454
CASCAVEL;7;150;JACARECOARA;ESC.ENS.FUND. FRANCISCO CAPISTRANO DE SOUZA;BARRA NOVA
FORTALEZA;82;236;PIRAMBU;CENTRO EDUCACIONAL DOM HÉLIO CAMPOS;RUA SÃO RAIMUNDO, 199
FORTALEZA;85;276;CONJUNTO CEARÁ I;EEFM PROF PLACIDO ADERALDO CASTELO - UV 7B;RUA SETECENTOS E VINTE E UM, 100, 3A ETAPA
MASSAPÊ;45;19;CARTUCHA;EEF PEDRO RUFINO FURTADO;RUA CARTUCHA  SN
FORTALEZA;93;293;PREFEITO JOSÉ WALTER;CEI PEDRO BOCA RICA;RUA D, S/N, LOTEAMENTO PARQUE MONTENEGRO II
ITAPAJÉ;41;69;CAMARA;ESCOLA MUNICIPAL ANTONIO PINTO DE OLIVEIRA;DISTRITO DE CAMARÁ
JUAZEIRO DO NORTE;119;211;AEROPORTO;ESCOLA CICERA GERMANO CORREIA;RUA SEBASTIAO REGIS SN
IGUATU;13;12;ALTO DO JUCÁ;ESCOLA DE ENS FUND JOSÉ ERITON BARROS COSTA;RUA APULCRO LIMA VERDE SN
FORTALEZA;114;184;ÁLVARO WEYNE;EEMTI WALDEMAR FALCÃO;RUA ANTONIO JOAQUIM DE CARVALHO 19
VÁRZEA ALEGRE;62;53;NARANIU-SEDE DO DISTRITO;EEF PEDRO LEANDRO DA SILVA;VILA SÃO CAETANO
MARANGUAPE;4;466;PENEDO;EMEIEF CARLOS PEREIRA DE SOUSA;RUA JOSÉ MENEZES, S/N
COREAÚ;64;99;Agrovila 2000;AGROVILA 2000 - PRÉDIO DA ESCOLA MUNICIPAL;LOCALIDADE DE AGROVILA, COREAÚ/CE
CAUCAIA;123;541;PARQUE GUADALAJARA (JUREMA);COLÉGIO PLENO DO CEARÁ - CPC;RUA PADRE ALFREDO NESI, 363 (ANTIGA RUA CAMPECHE )
CANINDÉ;33;37;SAO MATEUS;EMEF JOAQUIM MAGALHAES;RUA CLÓVIS PINTO 2245
FORTALEZA;2;181;JOSÉ DE ALENCAR;EEFM IRACEMA;RUA EGIDIO DE OLIVEIRA, 250
ITAREMA;98;128;ZONA RURAL;EMEF JOSE MAURO RIOS;GUAGERU
TABULEIRO DO NORTE;91;12;CENTRO;CRECHE MARIA ANALIA DE LIMA;RUA MANOEL FRANKLIN,  4117
JUAZEIRO DO NORTE;28;173;SAO MIGUEL;CEJA PROFA. CÍCERA G. CORREIA;DO CRUZEIRO 1440
ACARAÚ;30;183;ZONA RURAL;ESCOLA EXPEDITO JOSE DE FREITAS;BARRINHA DE BAIXO
CARNAUBAL;22;17;SEDE;ESCOLA COSME RODRIGUES DE SOUSA;RUA PRESIDENTE MEDICE SN
SENADOR SÁ;45;131;CENTRO;EEF NOSSA SENHORA DO AMPARO;RUA PADRE DELMONT S/N
FORTALEZA;3;564;ALDEOTA;COLÉGIO CHRISTUS (AV. BARÃO DE STUDART);RUA JOÃO CARVALHO, 630
CRATO;27;22;CENTRO;EEIEF SÃO FRANCISCO;RUA BRIGADEIRO LEANDRO BEZERRA MONTEIRO, 406
JUAZEIRO DO NORTE;119;444;NOVO JUAZEIRO;ESCOLA TARCILA CRUZ ALENCAR;CASTELO BRANCO 4451
IGUATU;13;109;GADELHA;ASSOCIAÇÃO DOS MORADORES DO CARDOSO II;SITIO CARDOSO II
IGUATU;13;268;AREIAS I;ESCOLA DE ENS MÉDIO ADAUTO BEZERRA;RUA DEOCLECIO LIMA VERDE SN
HORIZONTE;78;68;DOURADO;EMEF MARIA PINHEIRO DA SILVA;AV MANOEL PEREIRA DA COSTA, 52
ITAPIPOCA;17;1;CENTRO;EEM JOAQUIM MAGALHÃES;RUA PERGENTINA ARAUJO S/N
JUCÁS;43;54;VILA JOSÉ BENTO - SEDE;ESCOLA DE ENSINO FUNDAMENTAL  AUREA LEAL;VILA JOSE BENTO 170
JUCÁS;43;144;ALTO DO TÓ - SEDE;CENTRO EDUCACIONAL JUCAENSE - CEJUC;RUA JOSÉ GERSON DUARTE, S/N
JIJOCA DE JERICOACOARA;30;424;ZONA RURAL;ESCOLA FRANCISCO SALES DE CARVALHO;CORREGO DA FORQUILHA II
MONSENHOR TABOSA;61;115;LAGOA DOS SANTOS;EMEIF MARIA ZELI ALVES DE MELO;POVOADO DE LAGOA DOS SANTOS
FORQUILHA;121;222;CAJAZEIRAS;EEFI VICENTE REIS CAVALCANTE;POVOADO DE CAJAZEIRAS
IGUATU;13;119;SUASSURANA;ESCOLA DE ENS FUND MARIA IRISMAR MORENO MATOS;VILA SUASSURANA
IGUATU;13;388;JOÃO PAULO II;CAIC - ESCOLA DE ENS FUND FRANCISCO DAS GRAÇAS ALVES BERTO;CONJUNTO JOAO PAULO II                                    S/N
PALMÁCIA;4;396;CENTRO;ESCOLA MUNICIPAL RAMILSON HOLANDA LUZ;RUA FRANCISCO DE QUEIROZ, S/N
HORIZONTE;78;212;CENTRO;EEMTI MARIA DOLORES ALCÂNTARA E SILVA;AV. JUVENAL DE CASTRO, 645
GUAIÚBA;57;201;DOURADOS;EEBM MANUEL XAVIER PIRES;DOURADOS
FORTALEZA;85;367;DOM LUSTOSA;EEFM AYRTON SENNA DA SILVA;RUA MANAUS, 855
MAURITI;76;54;SAO MIGUEL-DISTRITO;EEIF CAREOLANO LEITE;RUA SALUSTIANO RODRIGUES, S/N
TAUÁ;19;100;MARROAS;EEF ENEAS ALVES MOTA;VILA MARROAS
BOA VIAGEM;63;121;NILO ALEGRE;EEF LUIS LIMA DA SILVA;NILO ALEGRE S/N
ALTO SANTO;86;7;CENTRO;ESCOLA DE 1 E 2 GRAUS FRANCISCO NONATO FREIRE;AV EDSON GUERRA 667
QUIXERAMOBIM;11;127;SEDE RURAL;ESCOLA LABIBE BELEM;BOA FE
LIMOEIRO DO NORTE;29;120;ÁREA RURAL;ESCOLA DE 1 GRAU PE JOSE DE ANCHIETA;SITIO CROATA DE BAIXO
TABULEIRO DO NORTE;91;75;CAJUEIROS;ASSOCIAÇÃO DOS MORADORES DO SITIO CAJUEIRO;SITIO CAJUEIROS
JUAZEIRO DO NORTE;119;380;LAGOA SECA;ESCOLA DOUTOR MOZART CARDOSO DE ALENCAR;ARNOBIO BACELAR CANECA
MONSENHOR TABOSA;61;130;PITOMBEIRA;E.M.E.I.F.T.I PESSOA PIRES;POVOADO DE PITOMBEIRA
JUAZEIRO DO NORTE;119;210;SAO JOSE;ESCOLA ANTONIO FERREIRA DE MELO;RODOVIA JUAZEIRO/CRATO
MARACANAÚ;104;419;PAJUÇARA;EEEP MARIA CARMEM VIEIRA MOREIRA;RUA MARIA FERREIRA, 150
UMARI;15;217;CACHACO - SITIO;ESCOLA DE ENSINO FUNDAMENTAL ANTONIO FERREIRA VIANA;SITIO CACHACO S/N
BEBERIBE;84;101;ITAPEIM;ESCOLA MUNICIPAL JOAO RODRIGUES DO NASCIMENTO;JATOBA
POTENGI;68;58;VILA CAMPOS;UBS VILA CAMPOS;VILA CAMPOS
SANTANA DO ACARAÚ;44;156;CURRAL GRANDE;ESCOLA  MUNICIPAL ANTÔNIO CARLOS CARNEIRO;CURRAL GRANDE
CHOROZINHO;49;412;TRIANGULO;CRECHE MARIA DE LOURDES LIMA;RUA PADRE CICERO SN
NOVO ORIENTE;99;167;ZONA RURAL;EEF FRANCISCO DAS CHAGAS MOTA;AGROVILA
JUCÁS;43;69;CANAFÍSTULA - VILA;ESCOLA DE ENSINO FUNDAMENTAL CEL LUIZ DUARTE;VILA DE CANAFÍSTULA
PACAJUS;49;6;CENTRO;EEF ARACY GONZAGA DA SILVA;RUA CORONEL CICERO NOGUEIRA DE QUEIROZ 827
ORÓS;15;231;CENTRO;E.E.F. ELISEU BATISTA;AV. JOSÉ GABRIEL BEZERRA,300
FORTALEZA;85;296;ANTÔNIO BEZERRA;EEFM ANTONIO BEZERRA;RUA PADRE PERDIGAO SAMPAIO 780
FORTALEZA;1;840;MANUEL DIAS BRANCO;COLÉGIO CÍVICO MILITAR BATALHA DO RIACHUELO;R. E, 100 - MANUEL DIAS BRANCO
ITAPIPOCA;17;11;CENTRO;EEM JOAQUIM MAGALHÃES;RUA PERGENTINA ARAUJO S/N
HORIZONTE;78;171;DISTRITO INDUSTRIAL;EMEF FRANCISCA GADELHA PIRES;AV PRESIDENTE CASTELO BRANCO, 7195
CARIRÉ;65;213;CENTRO;ESCOLA DE ENSINO FUNDAMENTAL E MEDIO MARIETA CALS;RUA SEBASTIAO MIRANDA 380
PEREIRO;10;152;SITIO LAGOA NOVA;E.E.F. JOÃO NOGUEIRA DE SOUSA;SÍTIO LAGOA NOVA - ZONA RURAL
MAURITI;76;45;BURITIZINHO-DISTRITO;EEF WALTER DE CALDAS TELES;RUA DA PAZ, S/N
FORTALEZA;115;52;ITAPERI;UNIVERSIDADE ESTADUAL DO CEARA - UECE;AV DR. SILAS MUNGUBA, 1700
CRATO;27;109;MURITI;EEIEF MELVIN JONES;RUA PEDRO GOMES DE NORÕES, 1877. SÍTIO SAQUINHO
BELA CRUZ;96;55;CENTRO-SEDE;EMETI JOAO DAMASCENO VASCONCELOS;RUA CAPITAO MIGUEL LOPES  814
MASSAPÊ;45;44;ZONA RURAL;CENTRO DE APOIO COMUNITÁRIO MANOEL ESTANISLAU DE ARAÚJO;POVOADO ARRAIAL
UMIRIM;23;265;SAO JOAQUIM-DISTRITO;CENTRO DE REF. EM ASS. SOCIAL DE SÃO JOAQUIM - CRAS;AV. FELISBELA CAETANOS, S/N
FORTALEZA;118;619;BOA VISTA-CASTELÃO;EM PROFESSORA MARIA STELLA COCHRANE SANTIAGO;RUA ANTONIO FARIAS, 121
ACARAÚ;30;416;ZONA RURAL;ESCOLA JOAO LOURENCO PEREIRA ROCHA;CASTELHANO
FORTALEZA;94;894;PADRE ANDRADE;EEMTI MONSENHOR DOURADO;AVENIDA SARGENTO HERMÍNIO SAMPAIO 4600
CARIÚS;43;170;SITIO BARRA DO FELIPE;EEIF JOAO FERREIRA DE SOUSA;SITIO BARRA DO FELIPE
CASCAVEL;7;110;CENTRO;ESC.ENS.FUND. BENIGNA PACHECO;RUA PADRE FRANCISCO VALDIVINO NOGUEIRA, 2210
FORTALEZA;85;235;CONJUNTO CEARÁ I;EEFM DOUTOR GENTIL BARREIRA;RUA 202-D, S/N - CONJUNTO CEARÁ I
MAURITI;76;6;ANAUA-DISTRITO;EEIF FIRMINO ARARUNA DE SOUSA;RUA ROSENDO MANOEL DE SOUSA, S/N
ARACATI;8;226;CENTRO;INSS - INSTUTO NACIONAL DA SEGURIDADE SOCIAL;PC RAIMUNDO PORTO SN
CAUCAIA;120;316;SITIOS NOVOS;E.E.F. ALICE MOREIRA DE OLIVEIRA;RUA HENRIQUE MARTINS, S/N
GUARAMIRANGA;5;240;CENTRO-SEDE;EEMF ZELIA DE MATOS BRITO;RUA CEL FRANCISCO DE MATOS BRITO 280
FORTALEZA;83;707;HENRIQUE JORGE;EEMTI ANTONIETA SIQUEIRA;RUA GUARANI 04
FORTALEZA;117;455;SIQUEIRA;ESCOLA MUNICIPAL PROF JOSE CÍRIO PEREIRA FILHO;RUA QUARTZO ROSA, 100
ICAPUÍ;8;213;CAJUAIS;E.E.M. PROF GABRIEL EPIFANIO DOS REIS;RUA FILIZOLINA FREITAS, SN
FORTALEZA;113;45;JOSÉ BONIFÁCIO;COLÉGIO FARIAS BRITO PRÉ - VESTIBULAR;AV. BARÃO DO RIO BRANCO, 2424
ITAPIPOCA;17;566;BELA VISTA;EEB RITA PIRES DOS SANTOS;CEDRO
FARIAS BRITO;62;206;LAMAJU;EEI RAIMUNDA DE SOUSA LACERDA;VILA LAMAJU
RUSSAS;9;58;CENTRO;COLEGIO ESTADUAL GOVERNADOR FLAVIO MARCILIO;AV DOM LINO 725
TAUÁ;19;137;MARRECAS;EPG JESUS MARIA JOSE;VILA DE MARRECAS
FORTALEZA;112;501;SAPIRANGA-COITÉ;EM PROF MONTEIRO DE MORAES;AVENIDA EVILASIO ALMEIDA MIRANDA, 1608
BARREIRA;52;197;BONSUCESSO;ESCOLA ANTÔNIO JULIÃO NETO;RUA RAIMUNDO ALVES DOS REIS DOCA, SN
ARACOIABA;67;4;CENTRO-SEDE;CENTRO COMUNITARIO COMENDADOR EUGENIO DE CASTRO E SILVA;PLANALTO ARACOIABA
PORTEIRAS;70;283;CENTRO-SEDE;ESCOLA DE ENSINO INFANTIL EM TEMPO INTEGRAL JESUS DANTAS;RUA MARIA GONCALVES DANTAS S/N
CRUZ;30;401;ZONA RURAL;ESCOLA ANTÔNIO GREGÓRIO DO NASCIMENTO;BELÉM
MISSÃO VELHA;16;45;SEDE;EEF JUVENAL RODRIGUES BRANDAO;AVENIDA JOSE SOBREIRA DA CRUZ S/N, MATERNIDADE
BEBERIBE;84;16;CENTRO;ESCOLA MUNICIPAL DESEMBARGADOR PEDRO DE QUEIROZ;RUA JOSE BESSA 561
CAUCAIA;120;397;PLANALTO CAUCAIA;E.E.I.E.F. ANTONIO BRAGA DA ROCHA;RUA 112, SN - CIGANA
CASCAVEL;7;148;JACARECOARA;ESC.ENS.FUND. ROSA RIBEIRO LOPES;RIACHO FUNDO
JUAZEIRO DO NORTE;119;250;SAO JOSE;ESCOLA MARIA DE LOURDES JEREISSATI;RUA CECILIA SILVA DE SOUSA
FORTALEZA;118;376;PASSARÉ;COLÉGIO LIRA COUTINHO;RUA BELOS PORTOS, 453
FORTALEZA;3;505;PRAIA DE IRACEMA;COLÉGIO ANTARES (PRAIA DE IRACEMA);RUA HISTORIADOR GUARINO ALVES, 95
QUIXADÁ;6;5;CENTRO;EEF TERRA DOS MONÓLITOS;RUA JOSE DE QUEIROZ PESSOA, 1902
MAURITI;76;119;BURITIZINHO-DISTRITO;EEF LUIZ FLORENTINO DOS SANTOS;SITIO CARNAUBINHA DOS PEUS
MORRINHOS;44;23;ESPINHOS;EMEF FRANCISCO LOPES MARÇAL;ESPINHOS DOS LOPES
ICÓ;15;184;ALTO DA VARZEA - SITIO;ESCOLA MUNICIPAL CICERO AMARO DA SILVA;SITIO ALTO DA VARZEA S/N
MARANGUAPE;4;447;PAPARA;EMEIEF JOÃO LEITE;RUA FERNANDO SAMPAIO DE ANDRADE, S/N
CAUCAIA;123;458;ARATURI (JUREMA);E.E.I.E.F. MONSENHOR ANDRÉ VIANA CAMURÇA;RUA NW-5, 40
FORTALEZA;1;916;VARJOTA;FACULDADE FARIAS BRITO - CASTRO MONTE;RUA CASTRO MONTE 1364
VARJOTA;65;181;CENTRO;E.E.F. ANTÔNIO MANOEL DE ARAÚJO (ANTIGO 'CERU');RUA SÃO FRANCISCO, 148
SOLONÓPOLE;55;114;SAO JOSE;ESCOLA DE 1 GRAU MUNDOCA MOREIRA;RUA MIGUEL FIRMIANO
PACAJUS;49;371;CROATA II;EEF JOÃO RONALDO MATIAS;RUA MARIA IDENIA LOPES DO NASCIMENTO, 105 - ÁREA VERDE
ITAPIPOCA;17;412;ÁREA RURAL DE ITAPIPOCA;EEB MARIA FAUSTINO DE SOUSA LIMA;LAGOINHA I
MORADA NOVA;47;80;ARUARU;EEB JOSE FRANCISCO SAMPAIO;RUA JOANA MARIA, S/N
FORTALEZA;113;221;RODOLFO TEÓFILO;COLÉGIO MANUELITO AZEVEDO;RUA TIRADENTES, 483
MARCO;96;107;CENTRO-SEDE;EEMTI RICARDO DE SOUSA NEVES;RUA RIOS 815
BEBERIBE;84;3;CENTRO;ESCOLA DE ENSINO FUNDAMENTAL E MEDIO ANA FACO;RUA VICENTE MATHIAS 119
FORTALEZA;95;350;CONJUNTO PALMEIRAS;EMTI JOAO GERMANO DA PONTE NETO;RUA MAIZA, 549
SOBRAL;24;331;JERÔNIMO PRADO;UNIV.EST.VALE DO ACARAÚ-UVA-NÚCLEO DE DISCIPLINAS COMPLEMENTARES;AVENIDA DA UNIVERSIDADE, S/N
ARACATI;8;30;CENTRO;CAMARA MUNICIPAL;CEL ALEXANZITO 448
ICÓ;15;9;CENTRO - SEDE;CENTRO UNIVERSITÁRIO VALE DO SALGADO;AV. MONSENHOR FROTA, 609
FORTALEZA;112;373;CIDADE DOS FUNCIONÁRIOS;SEAS;AV. OLIVEIRA PAIVA, 941
INDEPENDÊNCIA;39;30;EMATUBA;E.E.F. MANOEL FERREIRA DE MELO;DISTRITO EMATUBA
FORTALEZA;83;170;JÓQUEI CLUBE;EEFM HERACLITO DE CASTRO E SILVA;RUA SILVEIRA FILHO, 808
CARIÚS;43;213;SITIO PARADE;POSTO DE SAUDE DR. ALUISIO MAXIMO;SITIO PARADE
FORTALEZA;113;127;BENFICA;EEFM FIGUEIREDO CORREIA;RUA MARECHAL DEODORO, 733
FORTALEZA;83;626;BELA VISTA;EEMTI SENADOR FERNANDES TÁVORA;RUA GOIÁS 141
ITAPAJÉ;41;235;SERROTE DO MEIO;ESCOLA MUNICIPAL JOSEFA FORTE DA SILVA;SERROTE DO MEIO
FORTALEZA;117;448;CANINDEZINHO;EM FLORIVAL ALVES SERAINE;RUA ITATIAIA, 1000
MASSAPÊ;45;95;ZONA RURAL;EMEF AURELIANO LOPES;CACIMBA VELHA
FORTALEZA;117;384;CONJUNTO ESPERANÇA;EMEIF PADRE CÍCERO ROMÃO BATISTA;RUA MARIELLE FRANCO, 630
FORTALEZA;117;440;BOM JARDIM;EEFM SANTO AMARO;RUA NOVA CONQUISTA 871
CARIRÉ;65;52;ZONA RURAL;ESCOLA EIEF CEL. JOAO FERNANDES;JURE
TRAIRI;97;88;URUBU;EEF SEBASTIAO FELIX;URUBU
MOMBAÇA;46;160;TEJUBANA;ESCOLA DE ENSINO FUNDAMENTAL ANTONIO SOARES;AV. ANTONIO NONATO DE CARVALHO
APUIARÉS;50;120;ZONA RURAL;EEF JOÃO CARDOSO BEZERRA;SANTO ANTÔNIO
TRAIRI;97;96;ALAGADICO DE CIMA;CENTRO COMUNITARIO FRANQUINHO DAMASCENO;ALAGADICO DE CIMA
QUIXERAMOBIM;11;54;DAMIAO CARNEIRO;ESCOLA JOAO DE ARAUJO CARNEIRO;CANAFISTULA
JUAZEIRO DO NORTE;28;454;HORTO;EMEFTI VEREADOR FRANCISCO BARBOSA DA SILVA;RUA BOM JESUS DO HORTO
FORTALEZA;116;97;GRANJA PORTUGAL;EM CREUSA DO CARMO ROCHA;RUA DUAS NACOES 1055
ITAPAJÉ;41;197;PADRE LIMA;E.E.M. MONSENHOR CATAO PORFIRIO SAMPAIO;RUA TEIXEIRA PINTO 136
FORTALEZA;95;171;PARQUE SANTA MARIA;EEMTI POETA OTACILIO COLARES;RUA JORGE DA VEIGA, 265
CAUCAIA;37;490;PARQUE LEBLON;EEIEF PEDRO LAURINO DE OLIVEIRA;RUA FILGUEIRAS SAMPAIO, S/N
CAUCAIA;37;562;GUAGIRU;E.E.F. ALBA PESSOA DA SILVA;RUA SAO MIGUEL, 105
JAGUARUANA;75;95;CENTRO;E.E.M. FRANCISCO JAGUARIBE (2 GRAU);RUA CEL RAIMUNDO FRANCISCO, 1135
ARACATI;8;244;BAIXAS;E.E.F. JOAO PERDIDO;BAIXAS
TIANGUÁ;81;58;SEMINÁRIO;FACULDADE VIA SAPIENS;AVENIDA PREFEITO JACQUES NUNES, 1739
RUSSAS;9;275;PLANALTO BELA VISTA;ESCOLA MUNICIPAL ANA XAVIER LOPES;TRAVESSA JOSE MUNIZ 2457
FORTALEZA;85;289;ANTÔNIO BEZERRA;EMEIF GERARDO MILTON DE SA;RUA VALE COSTA S/N
JUAZEIRO DO NORTE;119;173;SANTA TEREZA;CREDE 19;RUI BARBOSA SN
MORADA NOVA;47;193;ARUARU;EEB PROFESSORA JOANA PAULA DE MORAIS;AVENIDA ERNESTO GEISEL
LIMOEIRO DO NORTE;29;275;MONSENHOR OTÁVIO;INSTITUTO FEDERAL DE EDUCAÇÃO CIENTÍFICA E TECNOLÓGICA - IFCE;RUA ESTEVAM REMÍGIO 1145
ARATUBA;105;84;CENTRO-SEDE;EEF PROFESSORA MARIA JULIA PEREIRA BATISTA;RUA TARGINO GOES S/N
DEPUTADO IRAPUAN PINHEIRO;55;110;CENTRO;SECRETARIA MUNICIPAL DE EDUCAÇÃO ;RUA ANTONIO ASSIS PINHEIRO, 145
BOA VIAGEM;63;20;CENTRO-SEDE;EMATERCE;RUA JOAQUIM RABELO 499
BEBERIBE;84;132;SUCATINGA;ESCOLA MUNICIPAL CASTRO ALVES;LAGOA DE DENTRO
QUIXADÁ;6;24;CUSTÓDIO;EEF AZIZ OKKA BAQUIT;SABONETE, S/N
URUBURETAMA;23;37;ITAMARATY;EEFM MATILDE RODRIGUES VASCONCELOS;RUA JOSE LOPES CABRAL S/N
CHOROZINHO;49;156;TIMBAUBA;EEF GREGORIO VITORINO DOS SANTOS;LOCALIDADE TIMBAUBA DOS MARINHEIROS
JUAZEIRO DO NORTE;28;153;AREA RURAL DE JUAZEIRO DO NORTE;EMEIF MARIA BERNARDINO MACHADO;SITIO ESPINHO
JIJOCA DE JERICOACOARA;30;425;CENTRO;ESCOLA JOSE TEIXEIRA DE ALBUQUERQUE;RUA MARCAL DE SOUSA 851
BARBALHA;31;18;CENTRO;EEM ADAUTO BEZERRA;RUA MAJOR SAMPAIO, 75
OCARA;67;179;CENTRO-SEDE;ESCOLA MUNICIPAL LUIS CANDIDO DE OLIVEIRA - ENS FUND E MEDIO;AV CORONEL JOAO FELIPE SN
BARREIRA;52;136;CÓRREGO;ESCOLA MANUEL LIBERATO DE CARVALHO;CÓRREGO
MARACANAÚ;122;212;SIQUEIRA (siqueira 2);EEM PROFª. EUDES VERAS;AVENIDA SIQUEIRA CAMPOS, 601
PEREIRO;10;166;CENTRO;ESCOLA PINGO DE GENTE (ESPECIAL);RUA SEVERO HOLANDA S/N
MULUNGU;5;136;CENTRO-SEDE;EEMTI PROFESSOR MILTON FACANHA ABREU;PRACA COLETOR BEZERRA BORGES 292
SOBRAL;121;113;CENTRO;CENTRO DE INOVAÇÃO CADEIA CRIATIVA DE SOBRAL;RUA DESEMBARGADOR MOREIRA 1030
FORTALEZA;116;433;JOÃO XXIII;COMPLEXO SOCIAL MAIS INFÂNCIA MARIA DE LOURDES MOREIRA LEITE LIMA;RUA ARAGUAIANA, 77
DEPUTADO IRAPUAN PINHEIRO;55;24;BETANIA;EEB JOAQUIM NAPOLEAO PINHEIRO;RUA JOAO ALFREDO
MORAÚJO;64;52;BOA ESPERANÇA;BOA ESPERANÇA - CASA PAROQUIAL;PRAÇA MATRIZ -  DISTRITO DE BOA ESPERANÇA
TABULEIRO DO NORTE;91;37;CENTRO;FUNDAÇÃO NACIONAL DE SAÚDE DE TABULEIRO - SESP;RUA CEL.  PIO GADELHA, 4517
ITAPAJÉ;41;247;MULUNGU;ESCOLA MUNICIPAL MANOEL SARAIVA VIEIRA;MULUNGU
PENTECOSTE;50;147;ZONA RURAL;EEIF JOÃO VIEIRA LIRA;MIRANDA
FORTALEZA;113;21;BENFICA;IFCE - INST FEDERAL DE CIÊNCIA E TECNOLOGIA (CEFET);AV. 13 DE MAIO, 2081
CARIDADE;111;106;ZONA RURAL;EEIF RAIMUNDO LOPES TAVARES;LOCALIDADE DE ANGELIM
ARATUBA;105;98;SITIO FERNANDES;ESCOLA RURAL DE FERNANDES;SITIO FERNANDES
GUARACIABA DO NORTE;74;77;DISTRITO;E.E.I.F. JOAO EUFRASIO FILHO;MOCAMBO - VARZEA DOS ESPINHOS
QUIXERAMOBIM;11;101;URUQUE;ESCOLA JOAO RIBEIRO;POCO DA SERRA
TRAIRI;97;106;GUALDRAPAS DO BOM FIM;EEF SENHOR DO BOM FIM;GUALDRAPAS DO BOM FIM
JUAZEIRO DO NORTE;28;447;SANTO ANTONIO;EEF PELUSIO CORREIA DE MACEDO;RUA MARIETA FRANCA DE MENEZES 360
ITAPAJÉ;41;122;CRUZEIRO-SEDE;CRAS CATÃO AZEVEDO CRUZ;RUA MANOEL BERNARDE 59
SABOEIRO;43;255;SAO FRANCISCO;E.E.M. LIDIA BEZERRA;RUA MARIA TEREZINHA SANTOS S/N
ITATIRA;33;370;ZONA RURAL;EMEF JOSE AUGUSTO DA SILVA;BANDEIRA VELHA
MASSAPÊ;45;28;ZONA RURAL;CENTRO COMUNITARIO FRANCISCO CANUTO;DISTRITO DE MUMBABA DE BAIXO
FORTALEZA;115;225;SERRINHA;EMEIF WALDEMAR BARROSO;RUA CÔNEGO LIMA SUCUPIRA,  1651
FORTALEZA;116;497;BOM JARDIM;EM MANOEL MALVEIRA MAIA;RUA MANUEL GALDINO 2890
ARARENDÁ;48;95;LAGOA DE SANTO ANTONIO;E. E. F. M.  FIRMINO JOSÉ;DISTRITO DE LAGOA DE SANTO ANTONIO
FORTALEZA;116;347;BOM JARDIM;EM SANTA ISABEL;RUA RAIMUNDO PINHEIRO 798
IPU;21;51;DISTRITO;UBS MARIA CLOTILDE CARLOS PAZ;ALTO ALEGRE
MARANGUAPE;4;18;PARQUE SANTA FÉ - MARANGUAPE;CEM DEP. MANOEL RODRIGUES;RUA JUSCELINO KUBITSCHEK, S/N
BAIXIO;92;97;BAIXIO GRANDE - SITIO;GRUPO ESCOLAR RAIMUNDO MATEUS LIMA;SITIO BAIXIO GRANDE S/N
TIANGUÁ;81;301;SANTO ANTÔNIO;LICEU DE TIANGUÁ - JOSE NI MOREIRA;RUA ZENI, 12 - SANTO ANTONIO
CRUZ;30;346;ZONA RURAL;ESCOLA SANTA CECILIA;AROEIRA
INDEPENDÊNCIA;39;25;VARZEA ALEGRE;E.E.F. JOSE RODRIGUES ZUMBA;VARZEA ALEGRE
CARNAUBAL;22;148;SITIO BAIXA DO CEDRO;POSTO DE SAUDE BAIXA DO CEDRO;SITIO BAIXA DO CEDRO
ICÓ;15;24;CENTRO - SEDE;ESCOLA MUNICIPAL SENHOR DO BONFIM;RUA FRANCISCO MACIEL DA SILVA, 2557
TRAIRI;97;73;CENTRO;EEB RAIMUNDO NONATO RIBEIRO;RUA RAIMUNDO NONATO RIBEIRO
PARACURU;109;204;CAMPO DE AVIAÇÃO;E. M. E. I. F. PROFESSORA MARIA ALBUQUERQUE LIMA - DINA;AV. SAO JOAO EVANGELISTA, 385
IPUEIRAS;40;69;MATRIZ DE SAO GONCALO;EEF FRANCISCO SOARES MOURÃO - MATRIZ DE SÃO GONÇALO;MATRIZ DE SÃO GONÇALO
NOVO ORIENTE;99;148;ZONA RURAL;EEF MARCELINO TAVARES;OLHO D'ÁGUA
JUAZEIRO DO NORTE;28;226;FRANCISCANOS;COLÉGIO SÃO FRANCISCO DE ASSIS;NOSSA SENHORA DO CARMO SN
IPUEIRAS;40;180;PALMEIRAS;E.E.F UCESSINA RIBEIRO MELO - PALMEIRAS;PALMEIRAS
BREJO SANTO;70;408;MORRO DOURADO;ESCOLA MUNICIPAL MESTRE ZE LUIS SILVA RAMOS;RUA ANTONIO GERONIMO SILVA S/N
IBARETAMA;6;281;DISTRITO DE PIRANGI;EMEIF JOSÉ GUSTAVO DE QUEIROZ;DISTRITO DE PIRANGI
FORTALEZA;112;272;JARDIM DAS OLIVEIRAS;EEMTI MIRIAN PORTO MOTA;RUA DAS CASTANHOLAS, S/N
TABULEIRO DO NORTE;91;8;CENTRO;CRECHE MARIA ANALIA DE LIMA;RUA MANOEL FRANKLIN,  4117
BELA CRUZ;96;21;CENTRO-SEDE;EEMTI PROFESSORA MARIETA SANTOS;RUA SAO VICENTE, 699
FORTALEZA;80;176;FÁTIMA;CENTRO EDUC. DA JUV. PE. JOÃO PIAMARTA - AGUANAMBI;AV. AGUANAMBI, 2479
FORTALEZA;80;338;JOAQUIM TÁVORA;COLÉGIO ANTARES IRMÃ MARIA (ANTIGO IRMÃ MARIA MONTENEGRO);RUA PINHO PESSOA 681
FORTALEZA;116;55;BOM JARDIM;EM SANTOS DUMONT;RUA GERALDO BARBOSA 240
ACARAPE;52;37;GARAPA II;ESCOLA JOSÉ BRÍGIDO COSTA;GARAPA II
MARACANAÚ;122;73;ACARACUZINHO;EEFM JOSE MILTON DE VASCONCELOS DIAS;AV. CENTRAL S/N
FORTALEZA;82;445;MONTE CASTELO;CENTRO EDUCACIONAL SÃO MATEUS;AV. SARGENTO HERMÍNIO SAMPAIO, 2440
NOVO ORIENTE;99;28;CENTRO;EEB DR. ANTONIO EUFRASINO NETO;RUA LUIZ BEZERRA, S/N
PACAJUS;49;322;ALDEIA PARQUE;EEF ALICE FERNANDES LOPES;RUA JOSÉ DOS SANTOS GIRÃO OLIVEIRA SN
FORTALEZA;118;527;PARQUE DOIS IRMÃOS;EM MANUEL LIMA SOARES;AVENIDA NORTE SUL, 145 (CJ JARDIM PRIMAVERA)
TAMBORIL;61;59;CENTRO;EMTI 4 DE OUTUBRO;RUA VICENTE ALVES DO VALE SN
TAMBORIL;61;45;DISTRITO DE BOA ESPERANÇA;EMEIF FRANCISCO VIANA FILHO;RUA GONÇALO CARLOS FARIAS, S/N - VILA BOA ESPERANÇA
AMONTADA;89;174;ARACATIARA;EEBTI MARIA JOSE DO NASCIMENTO;TIMBAÚBA
MARACANAÚ;104;210;JEREISSATI I;EMEIEF SENADOR CARLOS JEREISSATI;AVENIDA 1, S/N
RUSSAS;9;108;BOA VISTA;ESCOLA MUNICIPAL ALIPIO RODRIGUES DE OLIVEIRA;BOA VISTA
MOMBAÇA;46;14;CENTRO;UNIDADE BÁSICA DE SAÚDE FRANCISCO MARTINS SOBRINHO;AV. ANTONIO JAIME BENEVIDES FILHO, 706 - VILA IRACEMA
MORADA NOVA;47;46;CENTRO;CEBCJEC -CENTRO DE EDUCAÇÃO BÁSICA CORONEL JOSÉ EPIFÂNIO DAS CHAGAS;AV MANOEL CASTRO, 600
MARACANAÚ;122;24;LUZARDO VIANA;COLEGIO ESTADUAL RUI BARBOSA;RUA JOSE JANUARIO PINTO, S/N
FORTALEZA;113;247;PARQUELÂNDIA;EEFM SANTO AFONSO;RUA GAL. BERNARDO FIGUEIREDO, 2670
OCARA;67;177;CENTRO-SEDE;ESCOLA MUNICIPAL LUIS CANDIDO DE OLIVEIRA - ENS FUND E MEDIO;AV CORONEL JOAO FELIPE SN
LIMOEIRO DO NORTE;29;134;CENTRO;CENTRO EDUCACIONAL SAO VICENTE DE PAULO - PATRONATO;RUA SABINO ROBERTO 398
BARBALHA;31;72;VILA SANTO ANTONIO;EEF RAUL COELHO DE ALENCAR (CIROLÂNDIA);RUA JOSÉ COELHO CORREIA, 303
TAMBORIL;61;9;DISTRITO DE AÇUDINHO;EMTI LUIZ GONZAGA AMBRÓSIO;VILA AÇUDINHO
ARACATI;8;120;CORREGO DOS MACACOS;POSTO DE SAÚDE DO CORREGO DOS MACACOS;CORREGO DOS MACACOS
BREJO SANTO;70;254;ALTO DA BELA VISTA;CEI ROSA ROBERTO;ALTO DA BELA VISTA
FORTALEZA;113;334;FARIAS BRITO;ESCOLA ESTADUAL DE EDUCAÇÃO PROFISSIONAL  PRESIDENTE ROOSEVELT;AV BEZERRA DE MENEZES 435
MARANGUAPE;4;639;ALTOS DE ITAPEBUSSU - ITAPEBUSSU;ASSOCIAÇÃO DOS REMANESCENTES DE QUILOMBOLAS DE ITAPEBUSSU E ADJACENCIA;RUA RAIMUNDO MARIANO, 16
CRUZ;30;397;ZONA RURAL;ESCOLA BERNARDINO JOSE VASCONCELOS;LAGOA VELHA
IRACEMA;86;109;CENTRO;E.E.F.M. DEP JOAQUIM DE  FIGUEIREDO CORREIA;RUA ANTONIO HOLANDA MORAES, 136
FORTALEZA;117;381;BOM JARDIM;EM PROFESSOR JOSÉ FERREIRA DE ALENCAR;RUA SÃO FRANCISCO DO JARDIM, 557
FORTALEZA;118;577;DIAS MACEDO;EEFM ANTÔNIO DIAS MACEDO;AV PEDRO DANTAS 340
MUCAMBO;79;219;CENTRO;E.E.I.F. RAFAEL CLAUDIO DE ARAUJO;RUA MONSENHOR MELO SN
QUIXERAMOBIM;11;58;URUQUE;ESCOLA JOSE MARINHO GOES;VILA DE URUQUE
BOA VIAGEM;63;76;VARZANTINHA;EEF JOSE RICARTE ALBUQUERQUE;VARZANTINHA
FORTALEZA;82;254;SÃO GERARDO;COLÉGIO MASTER - BEZERRA DE MENEZES;AV. BEZERRA DE MENEZES, 1802
TURURU;17;627;CEMOABA / ZONA RURAL;EMEF MARIA LUNGA MOREIRA;RUA PRINCIPAL
FORTALEZA;1;642;VARJOTA;ESCOLA ESTADUAL  BARBARA DE ALENCAR;RUA PEDRO RUFINO 38
FORTALEZA;2;781;LAGOA REDONDA;EM PROFª FERNANDA MARIA DE ALENCAR COLARES;AV PROF. ARTHUR DE CARVALHO, 1540
MARACANAÚ;122;277;SIQUEIRA (siqueira 2);EEM PROFª. EUDES VERAS;AVENIDA SIQUEIRA CAMPOS, 601
FORTALEZA;117;153;CONJUNTO ESPERANÇA;COLEGIO SANTA HELENA;AV CONTORNO NORTE 819
FORTALEZA;2;832;MESSEJANA;COLÉGIO PAIVA ANDRADE;RUA INÁCIO MOREIRA, 133
CROATÁ;74;73;SEDE;ESCOLA DE EDUCACAO BASICA DOM TIMOTEO;RUA MANOEL BRAGA SN - CENTRO
FORTALEZA;117;491;SIQUEIRA;EMTI PROFESSOR AGERSON TABOSA PINTO;RUA WILCA ALBUQUERQUE, S/N
CRATO;27;344;VILA ALTA;EEFM JOSÉ ALVES DE FIGUEIREDO;RUA GETÚLIO VARGAS, 214
AURORA;69;8;CENTRO-SEDE;E.E.F.M. JOSE PINTO QUEZADO;VILA PAULO GONÇALVES, S/N
FORTALEZA;94;896;PADRE ANDRADE;EEMTI MONSENHOR DOURADO;AVENIDA SARGENTO HERMÍNIO SAMPAIO 4600
FORTALEZA;94;924;ANTÔNIO BEZERRA;COLÉGIO EVOLUIR;RUA CÂNDIDO MAIA,109
VÁRZEA ALEGRE;62;119;SEDE RURAL;EEF NOVA ALIANÇA;SÍTIO PANELAS
QUIXERAMOBIM;11;156;SAO MIGUEL;ESCOLA MARIA FRANCISCA DE LIMA;SANTA IZABEL
TIANGUÁ;81;310;ÁREA RURAL DE TIANGUÁ;E.E.F. PROFª. OFÉLIA PORTELA MOITA;RUA 31 DE MAIO - SÍTIO CÓRREGO
PALHANO;9;13;LAGOA DA BARBADA;ESCOLA DE ENSINO FUNDAMENTAL JOSE NUNES SOBRINHO;LAGOA DA BARBADA
PACATUBA;57;196;PAVUNA;ESCOLA DE 1 GRAU MARIA GUIOMAR BASTOS CAVALCANTE;RUA TOPAZIO, 331, VELHO TIMBO
LAVRAS DA MANGABEIRA;14;69;CENTRO - SEDE;CENTRO EDUCACIONAL PEQUENO PRÍNCIPE - CEPP;RUA DOS COQUEIROS, 82
CATARINA;60;255;SEDE;EEF LEONCIO MACARIO DE SOUSA;VILA MACARIO
JUCÁS;43;41;CENTRO - SEDE;ESCOLA DE ENSINO MÉDIO LUIZA TAVORA;RUA HILDELY CAVALCANTE 120
FORTALEZA;113;134;BOM FUTURO;EMEIF DOM MANUEL DA SILVA GOMES;RUA SAMUEL UCHÔA, 550
CAUCAIA;37;465;PARQUE SOLEDADE;E.E.F. CORALIA GONZAGA SALES;RUA NAPOLEAO BONAPARTE VIANA, S/N
CARIDADE;111;118;CENTRO;EEF CARMOZINA BITTENCOURT;AVENIDA CORONEL FRANCISCO LINHARES
CAUCAIA;37;33;ITAMBE;E.E.F. FLAVIO PORTELA MARCILIO;RUA 05, 23 - CONJ. VICENTE ARRUDA
FORQUILHA;121;187;CENTRO;EEF DEP JOSE PARENTE PRADO(CENTRO SOCIAL);R MOCINHA VIANA 96
FORQUILHA;121;209;CENTRO;ESCOLA DE CIDADANIA MOESIO LOIOLA MELO JUNIOR(MODELO);AVENIDA GRANDE ORIENTE DO BRASIL SN
FORTALEZA;118;216;PASSARÉ;EEMTI INTEGRADA 2 DE MAIO;AVENIDA DA SAUDADE, S/N
IBIAPINA;73;50;SÍTIO SÃO JOSÉ;ESCOLA ADRIANO DE SOUSA GONCALVES;SÍTIO SÃO JOSÉ
FORTALEZA;85;169;ANTÔNIO BEZERRA;INSTITUTO EDUCACIONAL JOSE DE ALENCAR;RUA HUGO VITOR 730
LAVRAS DA MANGABEIRA;14;42;CARNAUBA - SITIO;ASSOCIAÇÃO DOS AGRICULTORES DO SÍTIO CARNAÚBA E ADJACÊNCIAS;SÍTIO CARNAÚBA
TIANGUÁ;81;323;LAURÃO;COLÉGIO SANTA MARIA;RUA ASSEMBLÉIA DE DEUS, 1070
IBIAPINA;73;24;CENTRO;ESCOLA PROFISSIONAL MONS MELO (COLÉGIO DAS IRMÃS);RUA MONSENHOR MELO, 539
CHAVAL;108;24;CENTRO;EEF FRANCISCO DE ASSIS DAMASCENO CARNEIRO;RUA MAJOR FIEL S/N
AIUABA;101;12;BARRA;GRUPO ESCOLAR PAES DE ANDRADE;RUA FRANCISCO JOSE DOS SANTOS, 14
BARBALHA;31;36;CENTRO;ETI DR. LYRIO CALLOU;RUA EDMUNDO DE SA SAMPAIO, 180
QUIXADÁ;6;231;CENTRO;EEMTI CORONEL VÍRGILIO TÁVORA;RUA EPITÁCIO PESSOA, 1498
MAURITI;76;84;OLHO D'ÁGUA-DISTRITO;EEF JOSÉ JOAQUIM DE SOUSA;RUA DOMINGOS ALVES DE ANDRADE
SÃO LUÍS DO CURU;23;319;CENTRO-SEDE;E.E.F. PROFESSORA MARIA DE LOURDES BRAGA;RUA HUGO ROCHA SN
FORTALEZA;118;681;PARQUE DOIS IRMÃOS;EMEIF INFANTE ROSALINA RODRIGUES;AV. 02, N 700
IPUEIRAS;40;120;BAIXA DO FRADE;EEF PADRE FRANCISCO CORREIA LIMA - BAIXA DO FRADE;BAIXA DO FRADE
ACARAPE;52;2;SÃO BENEDITO;ESCOLA FRANCISCO ROCHA RAMOS;RUA FROTA GONCALVES, SN
ASSARÉ;18;20;CENTRO;ESCOLA PROFESSORA. BATISTINA BRAGA;RUA DR PAIVA VILA MOTA SN
PARACURU;109;63;LAGOA;C.E.I. FRANCISCA DOS SANTOS BARROSO;RUA SABINO PIO DE MENEZES, 407
BEBERIBE;84;164;CENTRO;ESCOLA MUNICIPAL DESEMBARGADOR PEDRO DE QUEIROZ;RUA JOSE BESSA 561
PARAMOTI;111;135;CENTRO;EEMTI TOMÉ GOMES DOS SANTOS (PRÉDIO NOVO);RUA ORLEANS FARIAS, S/N - SANTA CECÍLIA
MASSAPÊ;45;17;ALTO DA CADEIA;EM MARIA LAURA SOARES FROTA;RUA CORIOLANO GOMES FROTA SN
CRUZ;30;75;ANINGAS;ESCOLA PAULO FREIRE;RUA 14 DE JANEIRO SN
TABULEIRO DO NORTE;91;47;CENTRO;EEI RAQUEL MONTEIRO CHAVES;RUA ACELINO MAIA, 3873
FORTALEZA;94;793;VILA VELHA;EM ANTONIO CORREIA LIMA;RUA HERMES PARAYBA, 934
ITAPIPOCA;17;98;ASSUNÇÃO;EEB GERARDO MESQUITA;ARARA DO MEIO
GROAÍRAS;65;136;VILA DE ITAMARACÁ;EEF ALBERTO ALVES BEZERRA;RUA JOAQUIM ALVES FEIJAO SN ITAMARACA
FORTALEZA;80;379;TAUAPE;COLÉGIO SHALON;RUA TIBÚRCIO FROTA, 1530 COM OSVALDO CRUZ
APUIARÉS;50;220;CENTRO;EEFM SÃO SEBASTIÃO;AVENIDA GOMES DA SILVA, 100
INDEPENDÊNCIA;39;156;COHAB;E.E.F. JOSE FERREIRA DOS SANTOS;RUA C, 158
JUAZEIRO DO NORTE;28;468;SANTO ANTONIO;EEF IRMA IVA;CARUARU S/N
CATARINA;60;252;SEDE;POSTO DE SAUDE DE SAO DOMINGOS;SAO DOMINGOS
CATARINA;60;263;SAO GONCALO;EEF CAPITAO EPAMINONDAS GOMES DA SILVA;SAO GONCALO
ALTO SANTO;86;47;CASTANHAO;ESCOLA DE 1 GRAU LIRA MAIA HOLANDA;RUA AGAPITO FERREIRA MAIA 1
FRECHEIRINHA;81;243;CENTRO;CENTRO EDUCACIONAL RAIMUNDO PEREIRA;AVENIDA JOAQUIM PEREIRA 717 - CENTRO 
MONSENHOR TABOSA;61;132;CENTRO;ESCOLA INDÍGENA DE MONSENHOR TABOSA;RUA SANTO ANTONIO 124
ACARAÚ;30;199;ZONA RURAL;ESCOLA MANOEL EDGAR DA SILVEIRA;CAUASSU
TAUÁ;19;171;BEZERRA E SOUZA;CENTRO DE EDUCAÇÃO, CIÊNCIAS E TECNOLOGIA - CECITEC;RUA SOLON MEDEIROS, S/N - BR 020
FORTALEZA;116;396;BONSUCESSO;EM PROF LUIS RECAMONDE CAPELO;RUA MARIA QUINTELA 901
MIRAÍMA;89;262;BROTAS;EEFM VICENTE ANTENOR FERREIRA GOMES;BROTAS
ARARIPE;68;99;CENTRO;ESCOLA ESTADUAL DONA CARLOTA TÁVORA - SEDE;RUA ANTONIO NUNES DE ALENCAR, 326
ICÓ;15;22;CENTRO - SEDE;ESCOLA MUNICIPAL SENHOR DO BONFIM;RUA FRANCISCO MACIEL DA SILVA, 2557
ICÓ;15;93;CENTRO - SEDE;EEM - VIVINA MONTEIRO;RUA DR INACIO DIAS S/N
SÃO BENEDITO;22;210;CIDADE ALTA;CVT - CENTRO VOCACIONAL TECNOLOGICO;RUA NOEME AMARAL 401
ITAIÇABA;75;5;CENTRO;E.E.F.T.I. PADRE ABILIO MONTEIRO NETO;RUA JOAO BARBOSA LIMA 1074
AURORA;69;79;SANTA CRUZ-SITIO;E.E.I.F. ORLANDO LEITE DE MACEDO;SITIO SANTA CRUZ  S/N
GRANJEIRO;62;254;SÍTIO SERRINHA;EEIF PROFA FCA DE ARAÚJO BORGES (D. FRANSQUINHA);SITIO SERRINHA
TURURU;17;752;AREA RURAL DE TURURU;EMEF FRANCISCA MOREIRA DE FREITAS;MULUNGU
TAMBORIL;61;2;DISTRITO DE SUCESSO;EEMTI JÁDER DE FIGUEIREDO CORREIA;RUA GOV VALDEMAR DE ALCANTARA - VILA SUCESSO
TAUÁ;19;243;TRICI;ASSOCIACAO DOS PEQUENOS PRODUTORES DE MARAVILHA;MARAVILHA
MULUNGU;5;138;CENTRO-SEDE;EEMTI PROFESSOR MILTON FACANHA ABREU;PRACA COLETOR BEZERRA BORGES 292
ACARAÚ;30;43;ARANAÚ;ESCOLA MARIA CONCEICAO DE ARAUJO;RUA DR ALOISIO SN - ARANAU
AQUIRAZ;66;171;GENIPAPEIRO;EMEF MANOEL ASSUNCAO PIRES;RUA PRINCIPAL S/N
AQUIRAZ;66;64;CAMARA;EMEF JOAO PIRES CARDOSO;RUA ALDENORA CARDOSO SN
AQUIRAZ;66;286;MACHUCA;EMEF GUILHERME JANJA;RODOVIA CE 040 KM 18  S/N
URUBURETAMA;23;60;SANTA LUZIA - ZONA RURAL;EEF DAVI SALES PINHEIRO;SANTA LUZIA
FORTALEZA;82;620;MONTE CASTELO;CENTRO EDUCACIONAL SÃO MATEUS;AV. SARGENTO HERMÍNIO SAMPAIO, 2440
MILHÃ;55;164;SEDE;E. E. I. E. F. JOSÉ PEDRO DE LIMA;DISTRITO DE BAIXA VERDE, S/N - ZONA RURAL
JUAZEIRO DO NORTE;119;267;CAMPO ALEGRE;PENITENCIARIA INDUSTRIAL REGIONAL DO CARIRI - PIRC;AVENIDA PAIZINHO SABIA, S/N
FORTALEZA;82;697;CRISTO REDENTOR;EEMTI LIONS JANGADA;RUA CAMÉLIA, 352
CEDRO;13;527;PEGA AVOANTE;ESCOLA DE ENS FUND ARAKEN SEDRIN DE AGUIAR;RUA SAO JOSE 1790
SOLONÓPOLE;55;19;ASSUNCAO;E. M. E. B. PROFA. TEREZINHA DA SILVA ARAUJO;RUA PROFA. DOLORES PINHEIRO DO NASCIMENTO, SN - DISTRITO DE ASSUNÇÃO
CARIRIAÇU;71;125;MESTRE NECO;SECRETARIA DE ASSISTÊNCIA SOCIAL;RUA MIGUEL XAVIER SN
MARACANAÚ;104;211;CENTRO;SECRETARIA DE EDUCACAO;RUA CAPITAO VALDEMAR DE LIMA, 202
BATURITÉ;5;17;CENTRO-SEDE;EMEF DOMINGOS SAVIO;AV DOM BOSCO, 393
FRECHEIRINHA;81;282;CENTRO;ESCOLA DE ENSINO MÉDIO ANTONIO CUSTODIO;RUA TENENTE EUFRASIO, 133 - CENTRO
MORRINHOS;44;148;ZONA RURAL;EMEF MARIA CONCEICAO DOS SANTOS;BELA VISTA
MARANGUAPE;4;520;NOVO MARANGUAPE I (ÁREA VERDE) - MARANGUAPE;EMEF JOSÉ FERNANDES VIEIRA;RUA PEDRO MOREIRA VASCONCELOS, 125
BARRO;92;59;CENTRO-SEDE;ESCOLA DE ENSINO BASICO MAURO SAMPAIO;RUA MAJOR JANUARIO S/N
DEPUTADO IRAPUAN PINHEIRO;55;54;CENTRO;EEM JOAQUIM JOSUE DA COSTA;RUA OLGA DE SOUZA, 80
QUIXADÁ;6;353;VÁRZEA DA ONÇA;EEF MARIA MAIA DE FREITAS;VÁRZEA DA ONÇA, S/N
JAGUARIBE;10;196;NOVA BRASÍLIA;EEIEF ANTONIO TEIXEIRA LIMA;AV ALMIR TAVORA, S/N
BANABUIÚ;6;431;PEDRAS BRANCAS;EEF JOSÉ ANTONIO DE OLIVEIRA;PEDRAS BRANCAS
ITAREMA;98;190;LAGOA SECA;EEEP PROFESSORA ROSÂNGELA ALBUQUERQUE DE COUTO;RUA DAS INDUSTRIAS, SN
CEDRO;13;563;JARDIM AFONSO CELSO;ESCOLA DE ENS FUND E MEDIO ESTEFANIA DA SILVA;R JOAQUIM MARQUES SN
CATARINA;60;250;SAO GONCALO;EEF CAPITAO EPAMINONDAS GOMES DA SILVA;SAO GONCALO
CARIÚS;43;212;SITIO CANASTRAS;EEIF PEDRO ALEXANDRE DE MORAIS (ANTIGA ESCOLA SAO JOSE);SITIO CANASTRAS
BATURITÉ;5;81;CENTRO-SEDE;EMEF MONSENHOR MANOEL CANDIDO;PRAÇA DA MATRIZ, SN
FORTALEZA;112;381;CIDADE DOS FUNCIONÁRIOS;ESCOLA SOCIOEDUCATIVA;AV. OLIVEIRA PAIVA, 941
UMARI;15;218;PIO X - DISTRITO;EEF JOSE GUSTAVO PINHEIRO;DISTRITO PIO X
FORQUILHA;121;313;EDMUNDO RODRIGUES;EEFM ELZA GOERSCH;AV CRIANÇA DANTE VALERIO S/N CENTRO
PINDORETAMA;7;288;SITIO EMA - PINDORETAMA;EMEB RAIMUNDA ALBANO DE LIMA;RUA LUIZ GONZAGA DA SILVA, S/N, SITIO EMA
ITAPAJÉ;41;264;ESMERINO GOMES;ESCOLA MUNICIPAL PREF ROQUE SILVA MOTA;RUA OTAVIO PINTO DE MESQUITA
AQUIRAZ;66;83;PATACAS;EMEF MARIA SOARES DE FREITAS;AV JOSUE LEITE DE FREITAS S/N
ACARAÚ;30;69;ZONA RURAL;ESCOLA RAIMUNDO ROSA DO NASCIMENTO;PEDRINHAS
MILAGRES;26;110;SITIO BREJO SECO;POSTO DE SAÚDE DO BREJO SECO;SITIO BREJO SECO
FORTALEZA;116;496;CONJUNTO CEARÁ II;EM FRANCISCO EDMILSON PINHEIRO;AVENIDA H, 2115, 4A ETAPA
GUAIÚBA;57;44;CENTRO;EEBM MANUEL BALTAZAR DE FREITAS;RUA LEIRIA DE ANDRADE 409
LIMOEIRO DO NORTE;29;47;ÁREA RURAL;SOCIEDADE DOS MORADORES DE INGARANA;SITIO INGARANA
PACATUBA;57;294;SAO JOSE;CENTRO COMUNITÁRIO;RUA CAPITÃO MANUEL PONTES DE MEDEIROS, PARQUE ARATANHA
MARACANAÚ;104;224;JEREISSATI II;EEMTI PROFESSOR EDMILSON PINHEIRO;AVENIDA XII, 727
LIMOEIRO DO NORTE;29;71;ÁREA RURAL;EEF JOAO BATISTA RIBEIRO;SITIO TOME
PACAJUS;49;386;CENTRO;INSTITUTO EDUCACIONAL ESSÊNCIA;RUA MAMEDE NOGUEIRA, 814
PIRES FERREIRA;21;120;DISTRITO;E.E.F. JOAO FERREIRA DE ABREU;ANGICOS
JUAZEIRO DO NORTE;28;375;HORTO;EMEI DAYSE SAMPAIO;RUA BOM JESUS DO HORTO, SN
TAUÁ;19;215;BARRO BRANCO - SEDE;ASSOCIACAO DOS ASSOCIADOS FAZENDA ANGICOS (ANT ESCOLA SEBASTIAO REGO);ASSENTAMENTO ANGICO
SANTANA DO ACARAÚ;44;78;CENTRO;PREFEITURA MUNICIPAL DE SANTANA DO ACARAU;AVENIDA SAO JOAO   57
MILAGRES;26;34;SITIO OLHO D'AGUA CERCADO;ESCOLA JOAQUIM ALVES PEREIRA;SITIO OLHO DAGUA CERCADO
ICÓ;15;162;LAGOINHA - SITIO;IGREJA;SITIO LAGOINHA S/N
FORTALEZA;117;158;MANOEL SÁTIRO;EEF JOSE AYRTON TEIXEIRA;RUA ALFREDO MAMEDE SN
BOA VIAGEM;63;85;SAO JOSE-SEDE;EEF EUCLIDES WICAR PESSOA;SAO JOSE
FORTALEZA;118;444;SERRINHA;EM MARIA DE CARVALHO MARTINS;AVENIDA DOUTOR SILAS MUNGUBA, 4300
IBIAPINA;73;65;SÍTIO JARDIM;ESCOLA JOÃO CARVALHO DE SOUSA;SÍTIO JARDIM
CASCAVEL;7;54;CAPONGA;ESC.ENS.FUND. FLORENCIA DANTAS DE SOUSA;SITIO BURITIZAL
ITAITINGA;78;245;CENTRO;EEF GERALDO BATISTA DE LIMA;AV. CEL. VIRGÍLIO TÁVORA S/N
FORTALEZA;1;794;VICENTE PINZON;ESCOLA MUNICIPAL FREI TITO DE ALENCAR LIMA;AVENIDA DIOGUINHO 5927
TIANGUÁ;81;285;ÁREA RURAL DE TIANGUÁ;E.E.F. FRANCISCO ROMÃO;SÍTIO ARATICUM
SENADOR POMPEU;12;63;BRASILIA;EEIEF CÔNEGO JANUÁRIO DA CUNHA BARBOSA;RUA ANTONIO MANO DE CARVALHO, S/N
PARAMOTI;111;166;CENTRO;EEMTI TOMÉ GOMES DOS SANTOS (PRÉDIO NOVO);RUA ORLEANS FARIAS, S/N - SANTA CECÍLIA
PINDORETAMA;7;295;CENTRO-PINDORETAMA;EEM JULIA ALENQUER FONTENELE;AV. FIRMINO CRISOSTOMO, 1944
TAMBORIL;61;83;DISTRITO DE AÇUDINHO;EMTI LUIZ GONZAGA AMBRÓSIO;VILA AÇUDINHO
BEBERIBE;84;172;SITIO LUCAS;ESCOLA MUNICIPAL PEDRO DE QUEIROZ FERREIRA;RUA MANOEL EMÍDIO DA SILVA, 497
TAMBORIL;61;80;BAIRRO MONTE CASTELO;EMEIF PROFª JULIETA ALVES TIMBÓ;RUA FRANCKLIN CAVALCANTE SN
SANTA QUITÉRIA;54;157;DISTRITO DE MACARAÚ;E.E.F. SALUSTIANO PINTO;RUA CEL. JOAQUIM DOS SANTOS, 65
CARIÚS;43;200;SITIO JUNCO DOS CARNEIROS;EEIF JOSE CARNEIRO DE OLIVEIRA;SITIO JUNCO
VARJOTA;65;165;EMPRÉSTIMOS;CENTRO EDUCACIONAL ESPECIALIZADO (APAE VARJOTA);RUA JOSÉ PINTO
FORTALEZA;95;293;JANGURUSSU;EMEIEF MARTHA DOS MARTINS COELHO GUILHERME;RUA 313, 243, CONJUNTO SÃO CRISTÓVÃO
QUIXERAMOBIM;11;312;EDMILSON CORREIA DE VASCONCELOS;ESCOLA AGRÍCOLA DEPUTADO LEORNE BELÉM;AVENIDA GERALDO BIZARRIA DE CARVALHO, N 956
FORTALEZA;83;749;HENRIQUE JORGE;EDUCANDARIO FELIPE DOS SANTOS;RUA TERESINA 313
ITAPAJÉ;41;276;ALTO DOS BERNARDOS;CRECHE SONHO DE CRIANÇA;RUA JOAQUIM LIRA MAGALHÃES, 367
ITAPAJÉ;41;263;IRATINGA;ESCOLA MUNICIPAL ANGELICA VIEIRA;RUA VEREADOR TOMÁS FILHO SN
REDENÇÃO;52;88;DISTRITO DE GUASSI;ESCOLA MAJOR HORTÊNCIO HENRIQUE DAMASCENO;SITIO SANTO ANTÔNIO - SERRINHA BELA
LIMOEIRO DO NORTE;29;33;ÁREA RURAL;EEF JOSE ALVES DE MOURA;SITIO ARRAIAL
CAUCAIA;37;360;MATOES;E.E.I.E.F. GUARARU - BAIXA DAS CARNAÚBAS;RUA HELIODORO FREIRE DE MORAIS, S/N - MATÓES J MACEDO
BREJO SANTO;70;28;CENTRO-SEDE;EEF PADRE PEDRO INACIO RIBEIRO;AV DIONIZIO ROCHA DE LUCENA 46
FORTALEZA;116;366;GRANJA PORTUGAL;EEFM SAO FRANCISCO DE ASSIS - GRANJA PORTUGAL;RUA NEREIDE 320
VÁRZEA ALEGRE;62;69;JUREMAL;EEMTI PROFESSORA MARIA AFONSINA DINIZ MACÊDO;AVENIDA TENENTE ANTONIO GONCALVES, 19
AIUABA;101;41;CENTRO;ESCOLA PADRE PEDRO JOSE;RUA ARMANDO ARRAES FEITOSA 30
FORTALEZA;95;304;JANGURUSSU;EMEIF JORNALISTA JOSÉ BLANCHARD GIRÃO DA SILVA;TRAVESSA MISSIONÁRIO OLIVEIRA,301
FORTALEZA;83;240;BELA VISTA;COLEGIO CHRISTUS;AV. ENG. HUMBERTO MONTE, 1355
SALITRE;38;165;CENTRO;E. E. F. FRANCISCO VITURINO DE LUNA - SEDE;RUA SÃO PEDRO, 237
PARAMBU;19;300;SEDE;ESCOLA JOSÉ FIRMINO LÔ;FACUNDO
MARANGUAPE;4;90;CACHOEIRA;EMEIEF JOSÉ DE MOURA;RUA JOAO RAMALHO CORDEIRO, 21
FORTALEZA;113;125;CENTRO;EEFM FREI LAURO SCHWARTE;RUA ANTÔNIO POMPEU, 2005
LIMOEIRO DO NORTE;29;176;ÁREA RURAL;EEF JOSE SANTIAGO DE LIMA;SITIO MILAGRES
FORTALEZA;118;591;DIAS MACEDO;EEMTI PADRE GUILHERME WAESSEN;RUA BOA VENTURA 916
SENADOR POMPEU;12;73;CENTRO;EEF GERALDO GONÇALVES DO NASCIMENTO JUNIOR;RUA PADRE LINO ADERALDO S/N
CANINDÉ;33;278;ZONA RURAL;EMEF FRANCISCO FERREIRA DA SILVA;LOCALIDADE DE SUSSUARANA
FORTALEZA;85;288;ANTÔNIO BEZERRA;EMEIF GERARDO MILTON DE SA;RUA VALE COSTA S/N
COREAÚ;64;96;Ubaúna;UBAÚNA - CEI ANTº AGUIAR NERI;DISTRITO DE UBAÚNA
TIANGUÁ;81;108;CENTRO;SECRETARIA DO TRABALHO E ASSISTÊNCIA SOCIAL - SETAS;RUA VEREADOR RAIMUNDO LIMA, 200
MARANGUAPE;4;89;CACHOEIRA;EMEIEF JOSÉ DE MOURA;RUA JOAO RAMALHO CORDEIRO, 21
RUSSAS;9;112;LAGOA ESCURA;CASA DE FARINHA COMUNITÁRIA DA LAGOA ESCURA;LAGOA ESCURA
TRAIRI;97;142;CORREGO DOS PIRES;E.E.F. FRANCISCO BARROS FILHO;CORREGO DOS PIRES
SANTANA DO ACARAÚ;44;164;PAUS BRANCO;E.E.F. SANTA ANA;PAUS BRANCO
HORIZONTE;78;165;PLANALTO HORIZONTE;EMEF JORGE PEREIRA DA ROCHA;RUA PAULO FREIRE 40
FORTALEZA;83;33;BELA VISTA;EEMTI ESTADO DO AMAZONAS;RUA MONSENHOR FURTADO 2327
GUARACIABA DO NORTE;74;112;DISTRITO;E.E.I.F. ANA FERREIRA CHAVES;SITIO LAGOA DOS SILVANOS
SANTANA DO CARIRI;53;57;LATÃO;EMEIEF JOAQUIM PINHEIRO DE MENEZES;VILA LATÃO, SN
FORTALEZA;85;248;CONJUNTO CEARÁ I;EEM PROF JOSE MARIA CAMPOS DE OLIVEIRA - UV 8;RUA 820 S/N - 3 ETAPA
BREJO SANTO;70;256;ALTO DA BELA VISTA;CEI ROSA ROBERTO;ALTO DA BELA VISTA
SENADOR SÁ;45;56;CENTRO;GE CORONEL APOLIANO;RUA PADRE DELMONT S/N
ITAITINGA;78;277;ANCURI;EEF FRANCISCA DE MORAIS FERRER;RUA PARQUE DAS FLORES, 500
BREJO SANTO;70;229;LAGOA DO MATO-SEDE;CENTRO DE EDUCACAO INFANTIL JOAO GONCALVES DE SOUSA;VILA FELIZ
JAGUARIBE;10;20;DISTRITO DE AQUINÓPOLIS;GRUPO ESCOLAR MANOEL RUFINO DE AQUINO FILHO;DISTRITO DE AQUINOPOLES
VÁRZEA ALEGRE;62;102;CANINDEZINHO;EEF JOSÉ ALVES DE MENEZES;SÍTIO BOM JESUS
CRATEÚS;20;68;ALTAMIRA;ESCOLA TECNICA DE COMERCIO PADRE JUVENCIO;RUA JOAO SOARES, 15
CRATO;27;86;SEMINÁRIO;EEMTI GOVERNADOR ADAUTO BEZERRA;RUA MARCOS MACEDO S/N
CATARINA;60;226;VILA NOVA - SEDE;EEF FRANCISCO RODRIGUES PEREIRA;RUA JOSE PEDROSA DE MIRANDA S/N
FORTALEZA;112;407;EDSON QUEIROZ;COLEGIO ARI DE SA CAVALCANTE WS;AV WASHINGTON SOARES, 3737
SÃO GONÇALO DO AMARANTE;36;253;ARAPIXI;ESCOLA DE ENSINO MÉDIO WALDEMAR ALCANTARA;RUA MAJOR JOÃO MARTINS
BOA VIAGEM;63;206;CURUPATI;EEF JOSÉ MARTINS DE LIMA;CURUPATI
SANTANA DO ACARAÚ;44;111;CAPIM- ACU;SALAO COMUNITARIO DA ASSOCIAÇÃO DE CAPIM-AÇU;CAPIM-ACU
SANTANA DO ACARAÚ;44;38;CANAFISTULA;EEF  FRANCISCO DAS CHAGAS FEIJAO;CANAFISTULA
SABOEIRO;43;245;CENTRO;E.E.F. MANOEL GONCALVES DOS SANTOS (MUNICIPAL);RUA PRACA DA BANDEIRA, 109
JAGUARUANA;75;69;ASSENTAMENTO BELA VISTA;E.E.F. NOSSA SENHORA DO LIVRAMENTO;ASSENTAMENTO BELA VISTA
CASCAVEL;7;160;GUANACES;POSTO DE SAÚDE DE CHORO JATOBÁ DOIS;CHORO JATOBÁ 2
GENERAL SAMPAIO;50;35;CONJUNTO SÃO JOSÉ;EEMTI EDITE ALCÂNTARA MOTA;RUA DO CAMPO, S/N
BARBALHA;31;105;SÍTIO CORRENTINHO;EMEIF MARIA NOETE FILGUEIRA DUARTE (SÍTIO CORRENTINHO);RODOVIA CE-293, KM 7 - SITIO CORRENTINHO (7.33422 S, 39.36392 W)
PARACURU;109;24;CAMPO DE AVIAÇÃO;E. E. M. T. I. PROFESSORA MARIA LUIZA SABOIA RIBEIRO;AVENIDA ANTONIO SALES
IBIAPINA;73;32;DISTRITO DE ALTO LINDO;ESCOLA MANUEL RODRIGUES DE MEDEIROS;RUA RAIMUNDO DOMINGOS XIMENES
LAVRAS DA MANGABEIRA;14;106;VARAS - SITIO;ESCOLA DE 1 GRAU HORACIO TAVARES;SITIO VARAS S/N
CAMOCIM;32;282;JARDIM DAS OLIVEIRAS;ESCOLA PROFISSIONALIZANTE MONSENHOR EXPEDITO DA SILVEIRA;RUA CLEBER PESSOA NAVARRO VERAS
FORTALEZA;1;822;ALDEOTA;COLEGIO ARI DE SA - MONSENHOR CATAO;RUA MONSENHOR CATAO, 1655
ICÓ;15;25;CENTRO - SEDE;ESCOLA MUNICIPAL SENHOR DO BONFIM;RUA FRANCISCO MACIEL DA SILVA, 2557
ICÓ;15;43;CENTRO - SEDE;EEM - VIVINA MONTEIRO;RUA DR INACIO DIAS S/N
FORTALEZA;80;162;DIONISIO TORRES;AABB - ASSOCIAÇÃO ATLÉTICA BANCO DO BRASIL;AV BARAO DE STUDART, 2917
NOVO ORIENTE;99;165;ZONA RURAL;EEF MARIA JÚLIA;BARRIGUDA
JUAZEIRO DO NORTE;28;34;CENTRO;EEFTI DR. LEÃO SAMPAIO;DOUTOR FLORO BARTOLOMEU 517
PACAJUS;49;29;CENTRO;INSTITUTO EDUCACIONAL ESSÊNCIA;RUA MAMEDE NOGUEIRA, 814
FORTALEZA;83;119;DOM LUSTOSA;ESCOLA MUNICIPAL MURILO SERPA;RUA MONSENHOR HIPOLITO BRASIL 1400
GRANJA;25;239;CENTRO;E.E.F. DONA SINHA CRUZ DE VASCONCELOS;RUA DR. JOAO PESSOA, 345
CAUCAIA;120;297;MINGUAU;E.E.I.E.F. MARIANA DE MIRANDA FIRMEZA;RUA PRINCIPAL, S/N - JARANDRAGOEIRA
FORTALEZA;1;740;MUCURIPE;ESCOLA ESTADUAL MATIAS BECK;RUA  PROFESSORA AIDA BALAIO 38
BOA VIAGEM;63;88;TRAPIA DOS LOBOS;EEF FRANCISCO LOBO CAVALCANTE;TRAPIA DOS LOBOS
ICÓ;15;15;CENTRO - SEDE;CENTRO UNIVERSITÁRIO VALE DO SALGADO;AV. MONSENHOR FROTA, 609
JARDIM;119;366;CENTRO;ESCOLA SENADOR CARLOS JEREISSATI;AVENIDA WILSON RORIZ
MILAGRES;26;80;MISSIONÁRIAS;PATRONATO E ESCOLA NORMAL D. ZEFINHA GOMES;AV SANTANA 270
SOLONÓPOLE;55;8;CENTRO;EEEP JOSÉ CIRO NOGUEIRA MACHADO;TV LUÍS ALMEIDA
CARIRIAÇU;71;86;SÍTIO SANTA CRUZ;POSTO DE SAÚDE SÃO JOSÉ;SITIO SANTA CRUZ
CAMOCIM;32;95;CENTRO;COLEGIO GEORGINA LEITAO MACEDO;RUA SANTOS DUMONT S/N
FORTALEZA;80;180;FÁTIMA;CENTRO EDUC. DA JUV. PE. JOÃO PIAMARTA - AGUANAMBI;AV. AGUANAMBI, 2479
BATURITÉ;5;97;VILA NOVA-SEDE;CRECHE AURISTELA;RUA MESTRE BERNARDINO DE SENA, SN
IBARETAMA;6;30;DISTRITO DE PIRANGI;EEF ANTONIO VIEIRA DA SILVA;BASTIOES
FORTALEZA;83;26;BELA VISTA;ESCOLA MUNICIPAL NILSON HOLANDA;RUA VIRIATO RIBEIRO 1355
SOLONÓPOLE;55;20;ASSUNCAO;E. M. E. B. PROFA. TEREZINHA DA SILVA ARAUJO;RUA PROFA. DOLORES PINHEIRO DO NASCIMENTO, SN - DISTRITO DE ASSUNÇÃO
MARANGUAPE;4;81;RATO DE CIMA - MANOEL GUEDES;EMEIEF JOSÉ MAMEDE DA NÓBREGA;RATO DE CIMA S/N
RUSSAS;9;115;PITOMBEIRA I;ESCOLA MUNICIPAL MARIA MARTINS DE CARVALHO;PITOMBEIRA I
QUIXERAMOBIM;11;138;DAMIAO CARNEIRO;ESCOLA SALVIANO PATRICIO DE ALMEIDA;JUREMA
ACARAPE;52;78;PAU BRANCO II;ESCOLA ANTÔNIO MARINHEIRO;PAU BRANCO II
BOA VIAGEM;63;148;TIBIQUARI;CENTRO VOCACIONAL TECNOLÓGICO - CVT;RUA PADRE PEDRO VITORINO, SN
ITAPIPOCA;17;73;ÁREA RURAL DE ITAPIPOCA;EEB SALUSTIANO PAULINO DO NASCIMENTO;SORORÔ
TRAIRI;97;52;MUNGUBA;EEF ANTONIO URSULINO ALVES;MUNGUBA
FORTALEZA;112;421;EDSON QUEIROZ;COLEGIO ARI DE SA CAVALCANTE WS;AV WASHINGTON SOARES, 3737
FORTALEZA;115;59;ITAPERI;UNIVERSIDADE ESTADUAL DO CEARA - UECE;AV DR. SILAS MUNGUBA, 1700
ARACATI;8;247;VARZEA DA MATRIZ;COLEGIO MUNICIPAL;RUA PADRE PACHECO, S/N.
FORTALEZA;85;391;GENIBAÚ;CENTRO DE EDUCAÇÃO INFANTIL MURILO AGUIAR;RUA 24 DE OUTUBRO N 1063
MOMBAÇA;46;64;CENTRO;ESCOLA DE ENSINO FUNDAMENTAL LAURA ALENCAR;RUA CASSIMIRO FIUZA BENEVIDES, S/N
MASSAPÊ;45;114;LUIS DA HORA PEREIRA;CMEF PROFESSORA MARIA DO CARMO CARNEIRO (EEF MARIA PONTES VIDAL);RUA AMADEU ALBUQUERQUE, S/N
CHAVAL;108;9;CAÇAMBA;EEF FRANCISCO PEREIRA FILHO;RUA JOAQUIM AMANCIO TELES S/N
LIMOEIRO DO NORTE;29;17;CENTRO;ESCOLA NORMAL DE LIMOEIRO;AV DOM AURELIANO MATOS 1759
BARBALHA;31;110;VILA SANTO ANTONIO;EEMTI VIRGILIO TAVORA;AV PAULO MAURICIO, 326
BARBALHA;31;151;CIROLÂNDIA;EEF CESAR CALS DE OLIVEIRA (CIROLÂNDIA);RUA JOSÉ COELHO CORREIA, S/N (7.32321 S, 39.29880 W)
MASSAPÊ;45;127;ZONA RURAL;CRECHE MONSENHOR LINHARES;LOCALIDADE MUMBABA DE CIMA
FORTALEZA;82;259;SÃO GERARDO;CEJA PAULO FREIRE;RUA OLAVO BILAC, 1300
MOMBAÇA;46;135;RECREIO;ESCOLA DE ENSINO FUNDAMENTAL MARIA SILVINO BENEVIDES;RUA ALTO ALEGRE, S/N
FORTALEZA;83;690;BELA VISTA;ESCOLA MUNICIPAL DE TEMPO INTEGRAL PROFESSOR JOSE JULIO DA PONTE;RUA MARIO DE ANDRADE, S/N
VÁRZEA ALEGRE;62;29;JUREMAL;EEMTI PROFESSORA MARIA AFONSINA DINIZ MACÊDO;AVENIDA TENENTE ANTONIO GONCALVES, 19
TIANGUÁ;81;314;LAURÃO;ESCOLA DE ENSINO MÉDIO TANCREDO NUNES DE MENEZES;RUA ASSEMBLÉIA DE DEUS, 1072
JUCÁS;43;82;BAIXIO DA DONANA - VILA;ESCOLA DE 1 GRAU ARTUR ALVES CABRAL;VILA DO BAIXIO DA DONANA
TIANGUÁ;81;159;ÁREA RURAL DE TIANGUÁ;E.E.F. FRANCISCO NEMÉSIO CORDEIRO;SÍTIO VALPARAÍSO
MIRAÍMA;89;250;POÇO DA ONÇA;EEB MANOEL FRANCISCO INACIO;POÇO DA ONÇA
ALTO SANTO;86;11;BATOQUE;ESCOLA DE 1 GRAU LUIS CANDIDO MACIEL;SITIO BATOQUE
ALTANEIRA;53;90;SERRA DO VALERIO;POSTO DE SAÚDE DA SERRA DO VALÉRIO;SERRA DO VALERIO, SN
QUIXADÁ;6;128;PUTIÚ;EEF NEMÉSIO BEZERRA;AV. PRESIDENTE VARGAS, 453
MILAGRES;26;140;FRANCISCA DO SOCORRO;SOCIEDADE DE ASSISTENCIA A CRIANCA;RUA JOSE DE ALENCAR
SANTA QUITÉRIA;54;177;ASSENTAMENTO JUÁ;ESCOLA DONA IOLANDA QUEIROZ;ASSENTAMENTO JUÁ
INDEPENDÊNCIA;39;181;COHAB;CAPS - CENTRO DE ATENÇÃO PSICOSSOCIAL;RUA BOA VISTA SN COHAB
FORTALEZA;83;235;PANAMERICANO;ESCOLA MUNICIPAL JOSÉ BATISTA DE OLIVEIRA;RUA GOIÁS 620
CAMOCIM;32;28;CENTRO;N.A.E.C.;PRACA JOSE SEVERIANO MOREL S/N
CARIRÉ;65;93;ZONA RURAL;ESCOLA EIEF LUCAS RODRIGUES DE BRITO;DISTRITO ALTO DOS HONORIOS
PARAMBU;19;321;NOVO ASSIS;ESCOLA PEDRO JOSÉ DA SILVA;CAMPO GRANDE
FORTALEZA;95;338;BARROSO;EEFM PROFESSOR  ALOYSIO BARROS LEAL;RUA 10,  LOT. PRQ.VERDE 28 (CJ JOAO PAULO II)
MARANGUAPE;4;646;CENTRO - MARANGUAPE;CASA DE CULTURA CAPISTRANO DE ABREU (FITEC);RUA MAJOR AGOSTINHO, 306
SANTA QUITÉRIA;54;128;ASSENTAMENTO SACO DO BELÉM;ESCOLA MUNICIPAL CORONEL ARTUR THEMÓTEO;ASSENTAMENTO SACO DO BELÉM
FORTALEZA;95;300;JANGURUSSU;CITS - CENTRO DE INCLUSÃO TECNOLÓGICA E SOCIAL;RUA L, 20, CONJUNTO JOÃO PAULO II
SÃO BENEDITO;22;30;CENTRO-SEDE;CENTRO DE SAUDE;RUA ARISTIDES BARRETO SN
PARAMBU;19;292;MONTE SION;ESCOLA AMÂNCIO SIQUEIRA ROSA;RUA DA PAZ, 49
FORTALEZA;83;231;PANAMERICANO;ESCOLA MUNICIPAL JOSÉ BATISTA DE OLIVEIRA;RUA GOIÁS 620
MASSAPÊ;45;36;ZONA RURAL;GM FRANCISCO ALMEIDA MONTE;POVOADO DE TUINA
MARANGUAPE;4;366;OUTRA BANDA - MARANGUAPE;CEI DEPUTADO JOSÉ MÁRIO MOTA BARBOSA;RUA DA PRAÇA, S/N
FORTALEZA;3;270;CENTRO;FAC. CATÓLICA DE FORTALEZA (SEMINÁRIO DA PRAINHA);RUA TENENTE BENÉVOLO, 201
POTENGI;68;74;CENTRO;GRUPÃO - EEF ANTONIO DE FIGUEIREDO TAVEIRA - SEDE;RUA ALMINO ALENCAR S/N
REDENÇÃO;52;33;DISTRITO DE FAÍSCA;ESCOLA JOÃO ALVES GOUVEIA;FAÍSCA
TRAIRI;97;98;FLEIXEIRAS;EEF FURTUNATO SEVERIANO DA COSTA;FLEIXEIRAS
SOLONÓPOLE;55;10;CENTRO;E.E.I.E.F. BOM JESUS;AV PREF. JOSE SIFREDO PINHEIRO S/N
FORTALEZA;83;456;DEMOCRITO ROCHA;ESCOLA MUNICIPAL PAULO SARASATE;RUA PEDRO MUNIZ 250
FORTALEZA;85;359;DOM LUSTOSA;EEFM AYRTON SENNA DA SILVA;RUA MANAUS, 855
TAUÁ;19;177;SEDE;EPG DR ALBERTO FEITOSA LIMA;PIVB SETOR G S/N
IPUEIRAS;40;115;BOM SUCESSO;EEF JOÃO BOSCO SOARES - BOM SUCESSO;BOM SUCESSO
POTENGI;68;45;CENTRO;EEFM MENEZES PIMENTEL - SEDE;RUA SEVERINO PAULINO, 230 - BAIRRO SÃO FRANCISCO
FORTALEZA;118;351;SERRINHA;EM MARIA DE CARVALHO MARTINS;AVENIDA DOUTOR SILAS MUNGUBA, 4300
FORTALEZA;112;19;JARDIM DAS OLIVEIRAS;EM MARIA DE LOURDES RIBEIRO JEREISSATI;RUA REINO UNIDO, 115
VÁRZEA ALEGRE;62;44;RIACHO VERDE-SEDE DO DISTRITO;EEF MARIA BITU COSTA;RUA DONA SANTINHA
TRAIRI;97;180;SERRINHA;EEF PROFESSOR ELIZEU BARBOSA;ALTO SAO FRANCISCO
SANTANA DO CARIRI;53;38;CENTRO;EMEF GENEROSA AMÉLIA DA CRUZ;RUA 11 DE JANEIRO, 389
ITAPIPOCA;17;547;BALEIA;EEB DOM PAULO EDUARDO ANDRADE PONTES;CÓRREGO DA ESTRADA
SOBRAL;121;36;PATOS;ETI ALZIRA PAULO BRAGA;PATOS
GRAÇA;79;141;SITIO PIRITUBA;CENTRO COMUNITARIO JOAQUIM XIMENES;SITIO PIRITUBA
MORADA NOVA;47;41;CENTRO;CEBCJEC -CENTRO DE EDUCAÇÃO BÁSICA CORONEL JOSÉ EPIFÂNIO DAS CHAGAS;AV MANOEL CASTRO, 600
FORTALEZA;3;555;CENTRO;COLÉGIO MILITAR DO CORPO DE BOMBEIROS;RUA CONSELHEIRO ESTELITA, 500 (SEDE PROVISÓRIA)
CRATO;27;293;NOVO CRATO;EEMTI PREF. RAIMUNDO COELHO BEZERRA DE FARIAS;RUA FRANCISCO PIANCÓ LEITE S/N
FORTALEZA;80;213;ALTO DA BALANÇA;EM PROFESSORA EDITH BRAGA;RUA CAPITAO VASCONCELOS 1061
MARANGUAPE;4;517;CACHOEIRA;EMEIEF JOSÉ DE MOURA;RUA JOAO RAMALHO CORDEIRO, 21
ACARAPE;52;164;CENTRO;ESCOLA MARIA DO CARMO BEZERRA;RUA SEBASTIAO BEZERRA, SN
FORTALEZA;1;351;MUCURIPE;ESCOLA MUNICIPAL JOSE RAMOS TORRES DE MELO;AVENIDA DA ABOLIÇÃO 3984
GUARACIABA DO NORTE;74;187;DISTRITO;E.E.I.F. ANA FERREIRA CHAVES;SITIO LAGOA DOS SILVANOS
GUARACIABA DO NORTE;74;3;DISTRITO;ESCOLA DE ENS FUND JOSE GERARDO COELHO - SUSSUANHA;SUSSUANHA
FORTALEZA;117;372;PARQUE SÃO JOSÉ;EEFM SAO JOSE;RUA COMENDADOR GARCIA, 2066
MISSÃO VELHA;16;88;SITIO SANTA TEREZA;CRECHE ANA MACEDO COELHO ( ANTIGA PAULO MACEDO);SITIO LAGOA DO PINTADO
FORTALEZA;114;361;ÁLVARO WEYNE;COLÉGIO MANUEL DA SILVA (ÁLVARO WEYNE);RUA SÃO BERNARDO 181
ACOPIARA;60;1;CENTRO;EEF JOSE ADONIAS GURGEL DE ALBUQUERQUE;RUA JOAO PAULO II
FORQUILHA;121;313;EDMUNDO RODRIGUES;EEFM ELZA GOERSCH;AV CRIANÇA DANTE VALERIO S/N CENTRO
IBIAPINA;73;50;SÍTIO SÃO JOSÉ;ESCOLA ADRIANO DE SOUSA GONCALVES;SÍTIO SÃO JOSÉ
MARACANAÚ;122;258;HORTO;EEF CARNEIRO DE MENDONCA;RUA PROFESSOR JOSE HENRIQUE DA SILVA 4891
FORTALEZA;95;280;PARQUE SANTA MARIA;EMEIF JOSÉ MOREIRA LEITÃO;RUA HONORINO MAIA, 467
FORTALEZA;95;331;JANGURUSSU;CITS - CENTRO DE INCLUSÃO TECNOLÓGICA E SOCIAL;RUA L, 20, CONJUNTO JOÃO PAULO II
SOBRAL;24;434;SUMARÉ;EEFI JOSE PARENTE PRADO;RUA SANTA MARTA,100
LAVRAS DA MANGABEIRA;14;45;QUITAIUS - DISTRITO;ESCOLA DE 1 E 2 GRAU JOAQUIM LEITE TEIXEIRA;RUA JOAQUIM LEITE TEIXEIRA 240
LIMOEIRO DO NORTE;29;70;ÁREA RURAL;EEF JOAO BATISTA RIBEIRO;SITIO TOME
PACATUBA;57;340;VILA DAS FLORES;C.E.I. MARIA JOSE NOBRE;RUA 20, S/N
JUAZEIRO DO NORTE;119;237;JOAO CABRAL;ESCOLA JERONIMO FREIRE DOS SANTOS;VIRGINIA MENDONCA SN
SOBRAL;121;44;TAPERUABA;ESCOLA FREDERICO AUTO CORREIA;RUA ANTONINO MELO - VASSOURAS
FORTALEZA;112;469;EDSON QUEIROZ;UNIVERSIDADE DE FORTALEZA - UNIFOR;AVENIDA WASHINGTON SOARES, 1321
SENADOR POMPEU;12;63;BRASILIA;EEIEF CÔNEGO JANUÁRIO DA CUNHA BARBOSA;RUA ANTONIO MANO DE CARVALHO, S/N
IPU;21;31;ALTO DA BOA VISTA;EMEB MONSENHOR GONÇALO DE OLIVEIRA LIMA;AV. JOSÉ CARVALHO DE ARAGÃO, 102
ORÓS;15;297;PALESTINA - DISTRITO;E.E.F. MANOEL LEITE BARBOSA;RUA 07 DE SETEMBRO, S/N
FORTALEZA;1;654;VARJOTA;FACULDADE FARIAS BRITO - CASTRO MONTE;RUA CASTRO MONTE 1364
FORTALEZA;2;704;PAUPINA;CMES ANISIO TEIXEIRA;TRAVESSA DO GUARANI, 355
FORTALEZA;1;918;CAIS DO PORTO;ESCOLA MUNICIPAL PROF. GODOFREDO DE CASTRO FILHO;AVENIDA JOSÉ SABÓIA  905
INDEPENDÊNCIA;39;27;REMEDIO;E.E.F. FRANCISCO ALVES DE ARAUJO;POVOADO REMEDIO
SANTANA DO ACARAÚ;44;31;CENTRO;CASA DE CULTURA ESCRIVAO ANTONIO RIOS;RUA VIGARIO THEOTIME 145
JUAZEIRO DO NORTE;119;44;SANTA TEREZA;ESCOLA ADAUTO BEZERRA (SEGUNDO GRAU);CASTELO BRANCO SN
FORTALEZA;113;24;BENFICA;IFCE - INST FEDERAL DE CIÊNCIA E TECNOLOGIA (CEFET);AV. 13 DE MAIO, 2081
INDEPENDÊNCIA;39;156;COHAB;E.E.F. JOSE FERREIRA DOS SANTOS;RUA C, 158
PARACURU;109;91;RIACHO DOCE;E. M. E. F. RIACHO DOCE;RUA JOSÉ LOPES MEIRELES S/N
MARACANAÚ;122;259;ACARACUZINHO;EMEF MANOEL RODRIGUES PINHEIRO DE MELO;AVENIDA CENTRAL, 2000
FORTALEZA;118;619;BOA VISTA-CASTELÃO;EM PROFESSORA MARIA STELLA COCHRANE SANTIAGO;RUA ANTONIO FARIAS, 121
GRANJA;25;1;CENTRO;E.E.M.T.I SÃO JOSÉ (COLEGIO ESTADUAL SÃO JOSÉ);RUA FRANCISCO SOUSA, 131
BARREIRA;52;163;BONSUCESSO;ESCOLA ANTÔNIO JULIÃO NETO;RUA RAIMUNDO ALVES DOS REIS DOCA, SN
ACARAÚ;30;299;JURITIANHA;ESCOLA HUGO MARTINS DOS SANTOS;CE 178 KM 17 - JURITIANHA
CAUCAIA;37;549;TABAPUAZINHO;E.E.I.E.F. DONA LAVÍNIA DE MEDEIROS;RUA GIZELDA MAGALHÃES, 2394 - TABAPUAZINHO
ASSARÉ;18;82;SERRA DE SANTANA;ESCOLA DE ENSINO MÉDIO PATATIVA DO ASSARÉ;SÍTIO BONITA
ITAPIÚNA;105;115;CENTRO;SECRETARIA MUNICIPAL DE EDUCACAO;RUA JOAQUIM BEZERRA S/N
FORTALEZA;112;378;CIDADE DOS FUNCIONÁRIOS;EEFM WALTER DE SA CAVALCANTE;AVENIDA OLIVEIRA PAIVA, 550
FORTALEZA;82;649;CRISTO REDENTOR;CEJA  MONSENHOR HÉLIO CAMPOS;AV. MONSENHOR HÉLIO CAMPOS, 251
JUCÁS;43;40;VILA JOSÉ BENTO - SEDE;ESCOLA DE ENSINO FUNDAMENTAL  AUREA LEAL;VILA JOSE BENTO 170
FORTALEZA;85;308;CONJUNTO CEARÁ I;EEF JOSE MILITAO DE ALBUQUERQUE - UV-11-B;RUA MIL CENTO E QUARENTA E CINCO, 1 , 4A ETAPA
PARACURU;109;25;CAMPO DE AVIAÇÃO;E. E. M. T. I. PROFESSORA MARIA LUIZA SABOIA RIBEIRO;AVENIDA ANTONIO SALES
TABULEIRO DO NORTE;91;85;LAGOINHA;ASSOCIAÇÃO DE MORADORES DA LAGOINHA;SITIO LAGOINHA
VÁRZEA ALEGRE;62;278;ZEZINHO COSTA;EEF DR. DÁRIO BATISTA MORENO;AV. VICENTE ALVES COSTA, 624
BARBALHA;31;148;BARRO VERMELHO;ETI MARIA LINHARES SAMPAIO (SÍTIO BARRO VERMELHO);SITIO BARRO VERMELHO
SOBRAL;121;88;CENTRO;UFC CAMPUS MUCAMBINHO - BLOCO DAS ENGENHARIAS;RUA ESTANISLAU FROTA, 563
PINDORETAMA;7;242;CAPIM DE ROÇA;EMEB JOAQUIM NUNES VIEIRA;RUA JOAQUIM NUNES VIEIRA, 445
CANINDÉ;33;448;DISTRITO DE TARGINOS;ESCOLA FREI EDGAR;ASSENTAMENTO SUIÇA
CARIRÉ;65;20;ZONA RURAL;ESCOLA EIEF FILINTO ELISIO AGUIAR;DISTRITO ARARIUS
QUITERIANÓPOLIS;99;135;ZONA RURAL;EEIF FRANCISCO DE ASSIS FERREIRA;SANTA RITA
FORTALEZA;112;332;CIDADE DOS FUNCIONÁRIOS;IGREJA DA GLÓRIA;AV OLIVEIRA PAIVA, 905
QUIXERAMOBIM;11;82;DEPOSITO;ESCOLA PROFESSOR MARUM SIMAO;RUA JOSE ANTONIO DE ALMEIDA
FORTALEZA;113;308;DAMAS;CENTRO UNIVERSITÁRIO CEARENSE - UNIC;AVENIDA JOÃO PESSOA, 4005
PACOTI;5;196;SITIO AREIAS;CRECHE GENTE INOCENTE (AREIAS);SITIO AREIAS
FORTALEZA;117;437;BOM JARDIM;EEFM SANTO AMARO;RUA NOVA CONQUISTA 871
ITAPAJÉ;41;166;SALGADO;ESCOLA MUNICIPAL FRANCISCO DAS CHAGAS VIEIRA;SALGADO
FORTALEZA;115;293;JARDIM CEARENSE;EM JOÃO ESTANISLAU FAÇANHA;RUA ONZE, S/N - CONJUNTO CAMPO DOS INGLESES
TEJUÇUOCA;41;174;BARRA DO CAXITORÉ;ESCOLA DE ENSINO FUNDAMENTAL DE TEMPO INTEGRAL JOSE MOREIRA LOPES;BARRA
AURORA;69;63;VARZANTES-SITIO;E.E.I.F. CANDIDO ANTONIO DO NASCIMENTO;SITIO VARZANTES
CAUCAIA;37;360;MATOES;E.E.I.E.F. GUARARU - BAIXA DAS CARNAÚBAS;RUA HELIODORO FREIRE DE MORAIS, S/N - MATÓES J MACEDO
FORTALEZA;113;293;RODOLFO TEÓFILO;COLÉGIO DEOCLÉCIO FERRO;RUA MINERVINO DE CASTRO, 987
ITATIRA;33;137;DISTRITO DE LAGOA DO MATO;CRECHE JOSÉ AUGUSTO LOBO;RUA JOÃO AUGUSTO LOBO S/N
FORTALEZA;112;568;EDSON QUEIROZ;COLÉGIO NOVA DIMENSÃO;AV. EDILSON BRASIL SOARES, 1599
FORTALEZA;83;684;DOM LUSTOSA;ESCOLA MUNICIPAL MURILO SERPA;RUA MONSENHOR HIPOLITO BRASIL 1400
BANABUIÚ;6;405;PEDRAS BRANCAS;EEF ERNESTO DE SOUSA NOBRE;JUREMA
PARAMBU;19;291;MONTE SION;ESCOLA AMÂNCIO SIQUEIRA ROSA;RUA DA PAZ, 49
FORTALEZA;117;314;BOM JARDIM;PROJETO ALIANÇA COM CRISTO;RUA WALDEMAR PAES BRAGANÇA 1208
CAUCAIA;123;529;PARQUE ALBANO (JUREMA);E.E.I.E.F. DOM ANTÔNIO DE ALMEIDA LUSTOSA;RUA PERY, 951
QUIXERAMOBIM;11;99;NENELANDIA;ESCOLA VALDIVINO FERREIRA BRAGA;FAZENDA PAU FERRO
BARROQUINHA;108;48;CENTRO;EEMTI JAIME LAURINDO DA SILVA;TRAVESSA DO CAMPO, S/N
FRECHEIRINHA;81;255;CENTRO;CRECHE INÊS EDITE PONTES;RUA SANTO ANTÔNIO, S/N, CENTRO
QUIXADÁ;6;325;CAMPO VELHO;EEF PADRE VICENTE GONÇALVES DE ALBUQUERQUE;RUA DOM LUCAS, S/N
ACOPIARA;60;189;CENTRO;LICEU DE ACOPIARA - DEP.FCO.ALVES SOBRINHO;RUA VICENTE CARLOS PINHEIRO,101
IGUATU;13;381;JOÃO PAULO II;CAIC - ESCOLA DE ENS FUND FRANCISCO DAS GRAÇAS ALVES BERTO;CONJUNTO JOAO PAULO II                                    S/N
GRAÇA;79;179;CENTRO-SEDE;COLEGIO RAIMUNDO DA CUNHA BRITO;BAIRRO SANTA LUZIA
FORTALEZA;94;803;QUINTINO CUNHA;EEMTI MARIA JOSÉ SANTOS FERREIRA GOMES (CERE);RUA DONA LUCIA PINHEIRO, 93
PARAMBU;19;383;RIACHÃO;IGREJA ASSEMBLEIA DE DEUS (ANTIGA ESCOLA FRANCISCO TOMÁZ GOMES);ASSUNÇÃO
TRAIRI;97;85;SERROTE;GE ANTONIO RIBEIRO DE SOUSA;SERROTE
IBIAPINA;73;73;SÃO JOÃO;ESCOLA RITA NEGREIROS;RUA JOSÉ AVELINO
OCARA;67;223;SERENO DE CIMA-DISTRITO;ESCOLA MUNICIPAL PEDRO BENTO MARTINS - ENSINO FUNDAMENTAL;ARISCO GRANDE
BEBERIBE;84;67;PARIPUEIRA;ESCOLA MUNICIPAL ERNESTO GURGEL VALENTE;RUA FRANCISCO XAVIER 217 - CENTRO
MILAGRES;26;63;SITIO CARNAUBA;ESCOLA JOSE RODRIGUES BEZERRA;SITIO CARNAUBA
BELA CRUZ;96;56;CENTRO-SEDE;CRECHE CRIANÇA FELIZ;RUA CEL. DUCA, 865
IPU;21;109;DISTRITO;E.M.E.F. SERAFIM FILOMENO DO NASCIMENTO;OLHO D'ÁGUA DOS FACUNDES
SENADOR POMPEU;12;40;CENTRO;EEF GERALDO GONÇALVES DO NASCIMENTO JUNIOR;RUA PADRE LINO ADERALDO S/N
SOBRAL;24;495;SUMARÉ;EEM PROFESSORA CARMOSINA FERREIRA GOMES;RUA DAS FLORES, S/N
RUSSAS;9;200;CARPINA;CENTRO COMUNITARIO CUSTODIO PRIMO GUIMARAES;CARPINA
FORTALEZA;117;200;PARQUE PRESIDENTE VARGAS;EMTI PROFESSORA MARIA JOSÉ FERREIRA GOMES;RUA CÔNEGO DE CASTRO, 8617
FORTALEZA;117;229;SIQUEIRA;EEFM SENADOR OSIRES PONTES;RUA DIVINA 150
GUAIÚBA;57;301;SANTO ANTONIO;ESCOLA DE EDUCAÇÃO BASICA SANTO ANTONIO;RUA JOAQUIM DIAS DA CUNHA, S/N
FORTALEZA;3;582;MEIRELES;ESCOLA DE SAÚDE PÚBLICA DO CEARÁ;AV. ANTÔNIO JUSTA, 3161
BEBERIBE;84;23;CENTRO;ESCOLA DE ENSINO FUNDAMENTAL E MEDIO ANA FACO;RUA VICENTE MATHIAS 119
FORTALEZA;80;423;VILA UNIÃO;COLÉGIO ANTARES FÁTIMA (VILA UNIÃO);RUA ALBERTO MONTEZUMA, 235
EUSÉBIO;88;256;ENCANTADA;EEF FRANCISCO TAVARES DE ABREU;RUA SANTO AMARO, 1000 - ENCANTADA
MARACANAÚ;122;100;INDUSTRIAL;EEFM JOSE DE BORBA VASCONCELOS;AV. CONTORNO SUL S/N
JUAZEIRO DO NORTE;119;138;NOVO JUAZEIRO;ESCOLA TARCILA CRUZ ALENCAR;CASTELO BRANCO 4451
FORTALEZA;82;61;ÁLVARO WEYNE;EM NOSSA SENHORA DO PERPÉTUO SOCORRO;RUA CÔNSUL GOUVEIA, 57
COREAÚ;64;34;Aroeiras;AROEIRAS - ESCOLA MUN. CORAÇÃO DE JESUS;RUA ANTONIO MONTEIRO DA COSTA, S/N - DISTRITO DE AROEIRAS, COREAÚ/CE
FORTALEZA;82;240;PIRAMBU;EEFM GOVERNADOR FLÁVIO MARCÍLIO;AV. PASTEUR, 575
JIJOCA DE JERICOACOARA;30;313;ZONA RURAL;ESCOLA FRANCISCO SALES DE CARVALHO;CORREGO DA FORQUILHA II
MARACANAÚ;122;214;CÁGADO;EMEIEF NARCISO PESSOA DE ARAÚJO;AV. PADRE JOSE HOLANDA DO VALE S/N
BEBERIBE;84;92;CENTRO;ESCOLA MUNICIPAL DESEMBARGADOR PEDRO DE QUEIROZ;RUA JOSE BESSA 561
VÁRZEA ALEGRE;62;140;SANHAROL;EEF ANTÃO LEANDRO BITU;SÍTIO SANHAROL
TAMBORIL;61;101;DISTRITO DE CURATIS;ESCOLA INDIGENA ALTO DA CATINGUEIRA;ALDEIA VIRAÇÃO
FORTALEZA;94;190;VILA VELHA;EM CASTELO DE CASTRO;RUA 43 1531
FORTALEZA;83;609;PICI;EEEP JÚLIA GIFFONI;RUA CORONEL MATOS DOURADO 1349
FORTALEZA;112;579;EDSON QUEIROZ;CEI ANTÔNIA AGOSTINHO DE SOUSA;RUA TUIUIÚ, S/N
PACUJÁ;79;184;CENTRO;E.E.I.F. CORIOLANO ALVES DE BRITO;AV. CORIOLANO ALVES DE BRITO, S/N
JUAZEIRO DO NORTE;119;133;NOVO JUAZEIRO;ESCOLA TIRADENTES;CASTELO BRANCO SN
SOBRAL;121;312;SINHÁ SABÓIA;ESCOLA CARLOS JEREISSATI;AV SENADOR FERNANDES TAVORA, 950
FORTALEZA;83;66;DEMOCRITO ROCHA;EEFM JOAQUIM ALVES;RUA ESTADO DO RIO 955
COREAÚ;64;99;Agrovila 2000;AGROVILA 2000 - PRÉDIO DA ESCOLA MUNICIPAL;LOCALIDADE DE AGROVILA, COREAÚ/CE
FORTALEZA;93;121;PLANALTO AYRTON SENNA;EEFM DEPUTADO JOACI PEREIRA;RUA PROFESSOR PEDRO JORGE, 830
ORÓS;15;256;CENTRO;E.E.M. EPITÁCIO PESSOA;AV. JOSÉ GABRIEL BEZERRA, 274
SABOEIRO;43;256;SAO FRANCISCO;E.E.M. LIDIA BEZERRA;RUA MARIA TEREZINHA SANTOS S/N
OCARA;67;261;CENTRO-SEDE;ESCOLA ESTADUAL ALMIR PINTO;RUA CASSIANO CORREIA
MARACANAÚ;122;210;NOVO ORIENTE;EMEF MAESTRO ELEAZAR DE CARVALHO;AV. CENTRAL S/N
IBIAPINA;73;14;CENTRO;CENTRO PASTORAL ZULMIRA MELO (ANTIGO COLÉGIO DO PADRE);RUA MONSENHOR MELO, 439
SALITRE;38;90;ZONA RURAL, SALITRE/CE;E.E.F.T.I. -  JOÃO RODRIGUES DA FONSECA - LOGOA DOS CRIOULOS;SÍTIO LAGOA DOS CRIOULOS
TIANGUÁ;81;322;ÁREA RURAL DE TIANGUÁ;E.E.F. FRANCISCO NEMÉSIO CORDEIRO;SÍTIO VALPARAÍSO
OCARA;67;250;SERENO DE CIMA-DISTRITO;ESCOLA MUNICIPAL RAIMUNDO FACO - ENSINO FUNDAMENTAL;ESTRADA DO ALGODAO KM 31 - CORREGO DO FACO
INDEPENDÊNCIA;39;195;AGROVILA;EEF MUNICIPAL DE CARNAUBINHA;LOCALIDADE DE AGROVILA
TABULEIRO DO NORTE;91;144;VILA MACENA;EEB CLIMÉRIO JOSINO MAIA - VILA MACENA;RUA JOAQUIM IZIDIO GADELHA, 5277
SANTA QUITÉRIA;54;172;PEREIROS;E. E. F. DEPUTADO CHICO FIGUEREDO;RUA EDSON LOBO DE MESQUITA
ACARAPE;52;91;RIACHÃO DO NORTE;ESCOLA RAIMUNDO ALVES;RIACHÃO DO NORTE
ACARAÚ;30;47;ZONA RURAL;ESCOLA JOAO LOURENCO PEREIRA ROCHA;CASTELHANO
PARACURU;109;206;PARACURU BEACH;E. E. E. P. PROFESSORA ABIGAIL SAMPAIO - ESCOLA TÉCNICA;AV. JOÃO LOPES MEIRELES
CRUZ;30;86;ANINGAS;ESCOLA PAULO FREIRE;RUA 14 DE JANEIRO SN
SANTANA DO ACARAÚ;44;115;IPUEIRINHA;ANEXO DA E.E.F. MANOEL FRANCISCO DA SILVA;IPUEIRINHA
SANTANA DO ACARAÚ;44;135;CACIMBAS;EEF MANOEL FRANCISCO DA SILVA;CACIMBAS
TABULEIRO DO NORTE;91;36;CENTRO;FUNDAÇÃO NACIONAL DE SAÚDE DE TABULEIRO - SESP;RUA CEL.  PIO GADELHA, 4517
ICÓ;15;179;NOVO CENTRO - SEDE;EEMTI - PADRE JOSÉ ALVES DE MACÊDO;AV. FRANCISCO CAETANO DANTAS, S/N
JUAZEIRO DO NORTE;119;178;AEROPORTO;ESCOLA CICERA GERMANO CORREIA;RUA SEBASTIAO REGIS SN
MARANGUAPE;4;16;PARQUE SANTA FÉ - MARANGUAPE;CEM DEP. MANOEL RODRIGUES;RUA JUSCELINO KUBITSCHEK, S/N
AIUABA;101;13;BARRA;GRUPO ESCOLAR PAES DE ANDRADE;RUA FRANCISCO JOSE DOS SANTOS, 14
SALITRE;38;63;CENTRO;E.E.E.M.T.I. - VALDEMAR DE ALCÂNTARA E SILVA - SEDE;AVENIDA DO ESTADO, S/N
ITAPAJÉ;41;265;PADRE LIMA;ESCOLA MUNICIPAL CAPITAO MANOEL PINTO MESQUITA;RUA TEIXEIRA PINTO  1047
SÃO LUÍS DO CURU;23;334;COLONOS-POVOADO;E.E.F. PROFESSOR JUPI MARTINS;NUCLEO H - COLONOS POVOADO
CAUCAIA;37;552;TABAPUÁ;E.E.I.E.F. ROBERTO JOSÉ BASTOS MACAMBIRA;RUA 7, S/N - TABAPUÁ
PINDORETAMA;7;235;SITIO EMA - PINDORETAMA;EMEB CAMILO JOSÉ ANCELMO;RODOVIA CE 040 KM 36 - PINDORETAMA
URUBURETAMA;23;193;NOVO ANGELIM;EEIF IOLANDA PINHEIRO HOLANDA;RUA PINHEIRO HOLANDA SN
ERERÉ;10;120;CENTRO;E.E.F.M. SENADOR FERNANDES TAVORA ( ESPECIAL );RUA CAPITAO FRANCISCO RODRIGUES, 574
RUSSAS;9;266;TIMBAUBA NOSSA SENHORA DAS DORES;ESCOLA MUNICIPAL ZINA MOREIRA;TIMBAUBA NOSSA SENHORA DAS DORES
ASSARÉ;18;57;PARQUE DE VAQUEJADA;ESCOLA DE EDUCACAO INFANTIL E ENSINO FUNDAMENTAL MARIA ISABEL;AVENIDA DEP. MANOEL GONCALVES, S/N
SANTANA DO ACARAÚ;44;85;FAZENDA SALGADO;CAPELA CORAÇÃO DE JESUS;FAZENDA SALGADO
PARACURU;109;12;CENTRO;E. E. M. HERMINIO BARROSO;CAP JOSE TELES, S/N
TAUÁ;19;87;TRICI;ASS COMUN PRODUTORES SAO FELIPE (ANTIGA GE MANOEL RODRIGUES DE MATOS);SAO FELIPE
UBAJARA;73;107;CENTRO;ESCOLA  MONS FRANCISCO TARCISIO MELO;AV CEL FRANCISCO CAVALCANTE, SN
SOBRAL;121;12;SINHÁ SABÓIA;ESCOLA CARLOS JEREISSATI;AV SENADOR FERNANDES TAVORA, 950
FORTALEZA;115;364;VILA PERI;EM CATULO DA PAIXAO CEARENSE;RUA LEAO DO NORTE 300
SANTA QUITÉRIA;54;87;DISTRITO DE TRAPIÁ;ESCOLA DE ENSINO MÉDIO JOÃO DE MESQUITA BRAGA;DISTRITO DE TRAPIÁ
SANTA QUITÉRIA;54;149;DISTRITO DE MACARAÚ;E.E.F. SALUSTIANO PINTO;RUA CEL. JOAQUIM DOS SANTOS, 65
MOMBAÇA;46;154;AÇUDINHO;ESCOLA DE ENSINO FUNDAMENTAL FRANCISCO VIEIRA COSTA;DISTRITO DE ACUDINHO
RERIUTABA;79;105;VILA NOVA;CRECHE VÓ SINHÁ;RUA JOÃO FURTADO FILHO, N 720
FORTALEZA;116;403;BONSUCESSO;EM XV DE OUTUBRO;RUA GUARANI, 2030
MOMBAÇA;46;136;CENTRO;E. E. F. M. ANANIAS DO AMARAL VIEIRA;RUA CORONEL JOSÉ ADERALDO SN
FORTALEZA;80;384;TAUAPE;COLÉGIO SHALON;RUA TIBÚRCIO FROTA, 1530 COM OSVALDO CRUZ
TURURU;17;654;CONCEIÇÃO DOS CAETANOS / ZONA RURAL;EMEF CAETANO JOSE DA COSTA;CONCEIÇÃO DOS CAETANOS
TIANGUÁ;81;227;ÁREA RURAL DE TIANGUÁ;E E I F JOÃO JOAQUIM DA SILVA;SÍTIO TUCUNS
JUCÁS;43;75;SÃO PEDRO DO NORTE - VILA;CENTRO COMUNITARIO ANTONIO RAIMUNDO DE SOUZA;RUA ANTONIO PEREIRA DA SILVA 226
FORTALEZA;80;355;TAUAPE;EMEIF ALMERINDA DE ALBUQUERQUE;RUA ANA GONCALVES 1105
PALMÁCIA;4;172;JANDAÍRA;UBS JANDAÍRA;JANDAIRA
VARJOTA;65;146;EMPRÉSTIMOS;C.E.I. EDSON BERNARDINO BEZERRA TEIXEIRA;RUA MANOEL ROMUALDO LOPES, S/N
NOVA OLINDA;53;30;EXTREMA;ASSOCIAÇÃO DOS AGRICULTORES DOS SÍTIO EXTREMA;SÍTIO EXTREMA
SALITRE;38;46;CENTRO;E. E. F. FRANCISCO VITURINO DE LUNA - SEDE;RUA SÃO PEDRO, 237
MASSAPÊ;45;42;ZONA RURAL;EEF SANTO ANTONIO;DISTRITO DE TANGENTE
VIÇOSA DO CEARÁ;35;60;ZONA RURAL;E.E.I.F BOQUEIRÃO DO ITAGURUSSU;SITIO BOQUEIRAO DO ITAGURUSSU
MARANGUAPE;4;505;BOA VISTA DOS VALENTINS - CACHOEIRA;EMEIEF ÁLVARO CÂMARA;BOA VISTA DOS VALENTINS
FORTALEZA;116;77;GRANJA PORTUGAL;EM CONCEICAO MOURAO;RUA DUAS NACOES 550
TAMBORIL;61;43;BAIRRO MONTE CASTELO;EMEIF PROFª JULIETA ALVES TIMBÓ;RUA FRANCKLIN CAVALCANTE SN
BANABUIÚ;6;399;RINARÉ;EEF ALBERTINA FERREIRA MAIA;RINARE
EUSÉBIO;88;208;MANGABEIRA;EEIF OTONI SA;RUA EDNARDO WEINE, 389 - MANGABEIRA
MORADA NOVA;47;108;JUAZEIRO;EEB CANDIDO JOSE RABELO;JUAZEIRO DE BAIXO
QUIXERAMOBIM;11;236;MONTEIRO DE MORAIS;ESCOLA MARIA ARAUJO CARNEIRO;RUA DR SEBASTIAO CAVALCANTE, 58
QUIXADÁ;6;263;ÁREA RURAL DE QUIXADÁ;EEF ACELINO AURELIANO LIMA;FAZENDA JORDAO - PERIFERIA, S/N
IPUEIRAS;40;152;NOVA GRAÇA;ESCOLA DE ENSINO FUNDAMENTAL JOÃO BEZERRA DE MOURA - NOVA GRAÇA;NOVA GRAÇA
FORTALEZA;82;567;ÁLVARO WEYNE;ESCOLA MUNICIPAL PATATIVA DO ASSARÉ;RUA FREI TEOBALDO,646
FORTALEZA;94;842;QUINTINO CUNHA;COLÉGIO INDEPENDÊNCIA;AV. DA INDEPENDÊNCIA, 1362
BEBERIBE;84;167;SITIO ONOFRE;ESCOLA MUNICIPAL GERMANO JOSE DO NASCIMENTO;SITIO ONOFRE
FORTALEZA;116;199;GRANJA LISBOA;EM PROF LIREDA FACO;RUA TRES CORACOES 735
QUIXADÁ;6;300;CENTRO;CENTRO UNIVERSITÁRIO CATÓLICA DE QUIXADÁ - UNICATÓLICA;AVENIDA PLÁCIDO CASTELO, S/N
VARJOTA;65;177;ARARINHA;E.E.F. TEREZA ARAGÃO XIMENES;TRAV. ANTÔNIO FLORÊNCIO, S/N
FORTALEZA;95;144;JANGURUSSU;EMTI PROFESSOR ANTONIO GIRAO BARROSO;RUA VERDE 37, S/N (CJ SITIO SAO JOAO)
ASSARÉ;18;11;CENTRO;CAMARA MUNICIPAL;RUA EUCLIDES ONOFRE N-173
FORTALEZA;118;55;PASSARÉ;COLEGIO CONEXÃO SABER;RUA DOUTOR PEDRO SAMPAIO, 550
IPUEIRAS;40;136;SANTA MARIA;EEF PAPA PAULO VI - SANTA MARIA;SANTA MARIA
SOBRAL;121;180;CENTRO;COLEGIO SANT'ANA;AVENIDA DOM JOSE, 1310
MARCO;96;177;LOCALIDADE DE MOCAMBO;EEMTI FRANCISCO PORCIANO FERREIRA;MOCAMBO
PALHANO;9;18;LUZILANDIA;ESCOLA DE ENSINO FUNDAMENTAL SANTA LUZIA;LUZILÂNDIA
FORTALEZA;116;401;BONSUCESSO;EM XV DE OUTUBRO;RUA GUARANI, 2030
FORTALEZA;95;276;BARROSO;CEI PROFESSORA MARIA ROZANI MENDONÇA NOBRE;RUA MARIA JOSÉ P, S/N, CONJUNTO JOÃO PAULO II
CATUNDA;54;159;DISTRITO DE VIDÉO;E. E. F. JOAQUIM PEREIRA DE MATOS;DISTRITO DE VIDÉO
ITAPAJÉ;41;87;PADRE LIMA;E.E.M. MONSENHOR CATAO PORFIRIO SAMPAIO;RUA TEIXEIRA PINTO 136
CASCAVEL;7;195;GUANACES;ESC.ENS.FUND. MANOEL BERNARDINO SANTIAGO;LAGOA DE SOUSA
FORTALEZA;2;131;MESSEJANA;EEM DEPUTADO PAULO BENEVIDES;RUA ANGELICA GURGEL, 186
FORTALEZA;115;471;VILA PERI;EEM PROF. HERMENEGILDO FIRMEZA;RUA GABRIEL FIUZA 360
EUSÉBIO;88;200;PEDRAS;EEF EVANDRO AYRES DE MOURA;RUA DOMINGOS SAVIO, 578 - PEDRAS
APUIARÉS;50;141;CENTRO;CEI SEBASTIANA PEREIRA MARINHO - MÃE SÉ;AVENIDA GOMES DA SILVA, S/N
QUIXADÁ;6;124;ÁREA RURAL DE QUIXADÁ;EEF JOÃO DELFINO DE ALENCAR;FAZENDA SÃO FRANCISCO - PERIFERIA, S/N
MAURITI;76;141;ANAUA-DISTRITO;EEIF FIRMINO ARARUNA DE SOUSA;RUA ROSENDO MANOEL DE SOUSA, S/N
FORTALEZA;113;150;JARDIM AMÉRICA;ESC. EST. DE EDUC. PROFISSIONAL PAULO VI;RUA JORGE DUMMAR, 1841
FORTALEZA;112;446;EDSON QUEIROZ;UNIVERSIDADE DE FORTALEZA - UNIFOR;AVENIDA WASHINGTON SOARES, 1321
FORTALEZA;112;452;EDSON QUEIROZ;UNIVERSIDADE DE FORTALEZA - UNIFOR;AVENIDA WASHINGTON SOARES, 1321
CEDRO;13;511;DIVISÃO;ESCOLA DE ENS FUND ANTONIETA JUCA MARQUES;RUA 7 DE SETEMBRO S/N
OCARA;67;246;SERENO DE CIMA-DISTRITO;ESCOLA MUNICIPAL FRANCISCO CORREIA RODRIGUES- ENSINO FUNDAMENTAL;VILA SAO MIGUEL
FORTALEZA;82;374;ELLERY;ESCOLA MUNICIPAL HONÓRIO BEZERRA;RUA CAPITÃO NESTOR GÓIS, 400
SÃO BENEDITO;22;77;SITIO CARNAUBA;ASSOCIACAO COMUNITARIA CARNAUBA 1;SITIO CARNAUBA I
FORTALEZA;83;121;PICI;CENTRO DE EDUCAÇÃO INFANTIL MURILO SERPA;RUA CEL. MATOS DOURADO S/N
FORTALEZA;112;561;EDSON QUEIROZ;COLÉGIO NOVA DIMENSÃO;AV. EDILSON BRASIL SOARES, 1599
BELA CRUZ;96;8;CENTRO-SEDE;EEEP JULIO FRANÇA;RUA CEL. DUCA, 1051
IRAUÇUBA;41;9;CENTRO-SEDE;ESCOLA DE ENSINO FUNDAMENTAL PAULO BASTOS;AV JORGE DOMINGUES 1641
SALITRE;38;112;ZONA RURAL, SALITRE/CE;U.B.S. MARIA DE LOURDES DIAS PEREIRA - SÍTIO ESPIRITO SANTO;SÍTIO ESPIRITO SANTO
NOVA OLINDA;53;23;CENTRO;EMEF AVELINO FEITOSA;AV. PERIMETRAL SUL, 576
VARJOTA;65;198;VILA NAIARA;E.E.I.F. NAIARA MACEDO VASCONCELOS;VILA NAIARA - ZONA RURAL
FORTALEZA;82;192;MONTE CASTELO;CENTRO EDUCACIONAL SÃO MATEUS;AV. SARGENTO HERMÍNIO SAMPAIO, 2440
JUAZEIRO DO NORTE;28;93;FRANCISCANOS;ECIM DOUTOR EDVAR TEIXEIRA FERRER;DOM PEDRO II 1643
PACAJUS;49;258;LAGOA SECA;EEF VEREADOR JOAQUIM NOGUEIRA LOPES;CONJUNTO LAGOA SECA
QUIXELÔ;13;220;ÁREA RURAL DE QUIXELÔ;ESCOLA DE ENS FUND JOÃO PEDRO DE ARAÚJO;PAUS DE LEITE DA CARRANCUDA-SITIO
PENTECOSTE;50;99;CENTRO;CENTRO EDUCACIONAL JOÃO XXIII;AVENIDA TABELIÃO FRANCISCO ALVES, 344
CATARINA;60;242;SEDE;EEF JOSE RODRIGUES DA SILVA;CHAPADA
QUITERIANÓPOLIS;99;135;ZONA RURAL;EEIF FRANCISCO DE ASSIS FERREIRA;SANTA RITA
UMARI;15;198;CENTRO - SEDE;CENTRO EDUCACIONAL DO PRIMEIRO GRAU PADRE MANOEL PEREIRA;RUA CORONEL ANTONIO MALHEIROS, S/N
FORTALEZA;80;195;FÁTIMA;COLÉGIO SANTO TOMÁZ DE AQUINO;RUA MÁRIO MAMEDE, 750
FORTALEZA;80;398;FÁTIMA;EEM GOV. ADAUTO BEZERRA;RUA MONSENHOR LIBERATO, 1850
FORTALEZA;80;347;JOAQUIM TÁVORA;COLÉGIO SALESIANO DOM BOSCO;AV ANTONIO SALES 116
FORTALEZA;85;231;CONJUNTO CEARÁ I;EEM LICEU DO CONJUNTO CEARA;RUA 1139 A, 10 4 ETAPA
SOBRAL;24;242;JORDÃO;EEM DR JOSE EUCLIDES FERREIRA GOMES JUNIOR - JORDAO;RUA ONOFRE GOMES DE OLIVEIRA
FORTALEZA;93;219;PREFEITO JOSÉ WALTER;CEI FRANCISCO SALES FERNANDES;AV K, S/N
PACATUBA;57;146;CONJUNTO JEREISSATI II;EEEP PROFª LUISA DE TEODORO VIEIRA;AV. XXV S/N
MASSAPÊ;45;3;CENTRO;EEFM ADAUTO BEZERRA;PCA MANOEL JARBAS AGUIAR SN
PARAIPABA;109;210;BOA VISTA-DISTRITO;EMEF JOSÉ BARROSO DE OLIVEIRA;RUA JOÃO NARCISO DE OLIVEIRA, S/N
SÃO BENEDITO;22;47;CRUZEIRO;EEF FILONILA CARVALHO;AVENIDA SALMITO FERREIRA DE ALMEIDA
FORTIM;8;277;PONTAL DE MACEIO;EEFTI. PROFESSORA EMILIA QUEIROZ;PONTAL DE MACEIO
FORTALEZA;94;8;QUINTINO CUNHA;CEI SÃO CARLOS;RUA DOS PESCADORES,188
VARJOTA;65;178;ARARINHA;CHECHE PRO-INFÂNCIA EUCLIDES PINTO DE MACEDO NETO - VARJOTA;RUA ANTÔNIO FLORENCIO DE ARAÚJO
CARIDADE;111;111;CENTRO;EEF CARMOZINA BITTENCOURT;AVENIDA CORONEL FRANCISCO LINHARES
QUITERIANÓPOLIS;99;91;CENTRO;EEF ROBERTO ANTUNES DE FREITAS;AV LAURINDO GOMES  SN
SOBRAL;121;281;PEDRINHAS;ESCOLA MARIA DO CARMO ANDRADE;PRAÇA DR. JOSE EUCLIDES FERREIRA GOMES JUNIOR, S/N
MASSAPÊ;45;26;GINASIO;CENTRO EDUCACIONAL MASSAPEENSE;RUA AMADEU ALBUQUERQUE 323
PINDORETAMA;7;275;CENTRO-PINDORETAMA;EMEB FRANCISCA HOLANDA COSTA;RUA MARECHAL CASTELO BRANCO, 1074
SANTANA DO ACARAÚ;44;39;DISTRITO MUTAMBEIRAS;EEF JOÃO ANANIAS VASCONCELOS ;DISTRITO MUTAMBEIRAS
JUAZEIRO DO NORTE;28;9;CENTRO;EEFTI DR. LEÃO SAMPAIO;DOUTOR FLORO BARTOLOMEU 517
JUAZEIRO DO NORTE;28;142;AREA RURAL DE JUAZEIRO DO NORTE;EMEIF JOSE SABIA;SITIO SABIA
JUCÁS;43;223;ALTO DO TÓ - SEDE;CENTRO EDUCACIONAL JUCAENSE - CEJUC;RUA JOSÉ GERSON DUARTE, S/N
CRUZ;30;105;CAICARA;ESCOLA JOAO LADISLAU DE PAULO MAGALHAES;CAICARA
URUBURETAMA;23;228;ITACOLOMY / ZONA RURAL;EEF FRANCISCO ARAUJO CHAVES;ITACOLOMY
BOA VIAGEM;63;142;CENTRO-SEDE;EEFM DOM TERCEIRO;RUA ALFREDO TERCEIRO  300
CARIÚS;43;187;CAIPU-DISTRITO;EEIF JOAO FRANCELINO SOBRINHO;VILA CAIPU
CATUNDA;54;142;CENTRO;E. E. F. SÃO ZACARIAS;RUA ANTONIO TIMBÓ, SN.
CANINDÉ;33;372;CACHOEIRA DA PASTA;EMEF FIRMINO COELHO;RUA JOAQUIM MEDEIROS 3173
JAGUARUANA;75;123;TABULEIRO;E.E.F. MONSENHOR ALUISIO DE CASTRO FILGUEIRAS;RUA JOAO FRANCISCO RODRIGUES 1384
QUIXERAMOBIM;11;82;DEPOSITO;ESCOLA PROFESSOR MARUM SIMAO;RUA JOSE ANTONIO DE ALMEIDA
GRAÇA;79;180;CENTRO-SEDE;COLEGIO RAIMUNDO DA CUNHA BRITO;BAIRRO SANTA LUZIA
FORTALEZA;83;728;DEMOCRITO ROCHA;COLÉGIO PROFESSORA JEMINA GÓIS;RUA GUANABARA, 627
BREJO SANTO;70;218;CENTRO-SEDE;CENAMBS - CENTRO DE ATENDIMENTO MULTIPROFISSIONAL DE BREJO SANTO;RUA JOSE MATIAS SAMPAIO 365
JUAZEIRO DO NORTE;28;345;SALESIANOS;EEF JOSE GERALDO DA CRUZ;DO ROSARIO 622
FORTALEZA;116;38;GRANJA LISBOA;EM PROF ANTONIA MARIA DE LIMA;RUA SARGENTO JOAO PINHEIRO 2601
FORTALEZA;94;934;VILA VELHA;CEI MARISTELA DA FROTA CAVALCANTE;AV. L, N. 1000
FORTALEZA;94;914;QUINTINO CUNHA;COLÉGIO INDEPENDÊNCIA;AV. DA INDEPENDÊNCIA, 1362
INDEPENDÊNCIA;39;215;ASSENTAMENTO ANICETO;EEF SANTA MARIA;ASSENTAMENTO ANICETO
IPAUMIRIM;92;135;CENTRO-SEDE;CENTRO DE EDUCAÇÃO INFANTIL TIA ZÊ;VILA ALTO BANDEIRANTE
ITAPAJÉ;41;157;CHAPADA;ESCOLA MUNICIPAL JOSE FERREIRA LIMA;CHAPADA
RERIUTABA;79;12;CENTRO;E.E.F. RAIMUNDO MESQUITA;RUA CEL. AGRÍPIO TEODORO SOARES, 171
CARNAUBAL;22;191;CENTRO;EEF JOAQUIM BASTOS GONCALVES;R JOAO FELICIO 91
MARACANAÚ;122;65;HORTO;EEF CARNEIRO DE MENDONCA;RUA PROFESSOR JOSE HENRIQUE DA SILVA 4891
FORTALEZA;116;206;BOM JARDIM;EM SANTA ISABEL;RUA RAIMUNDO PINHEIRO 798
BELA CRUZ;96;80;MATRIZ-LOCALIDADE;EMEIEF FRANCISCO ROMAO;MATRIZ
FORTALEZA;93;115;MONDUBIM;CEI MARIA HERCILIA EVANGELISTA;RUA 3, 300 - PARQUE SANTANA
SENADOR SÁ;45;65;ZONA RURAL;EEF ANTONIO COSTA NASCIMENTO;POVOADO DE SALAO
SÃO BENEDITO;22;94;SITIO XIQUE XIQUE;EEF XIQUE XIQUE;SITIO XIQUE XIQUE
FORTIM;8;101;PONTAL DE MACEIO;EEFTI. PROFESSORA EMILIA QUEIROZ;PONTAL DE MACEIO
COREAÚ;64;25;Ubaúna;UBAÚNA - ESCOLA ESTADUAL VÂNIA MA. NERI ELIAS;DISTRITO UBAÚNA, COREAÚ/CE
ITAITINGA;78;258;PARQUE DOM PEDRO;EEF MANOEL FERREIRA GOMES;RUA D, 636
VÁRZEA ALEGRE;62;83;RIACHO VERDE-SEDE DO DISTRITO;EEF JOSÉ SÉRGIO DA COSTA;RUA JOSÉ SÉRGIO DA COSTA, S/N
MADALENA;63;190;SEDE;EEF JOSE SEVERO DE PINHO;AGROVILA UMARI
BREJO SANTO;70;203;SAO FRANCISCO-SEDE;CREDE 20;RUA GENESIO RICARTE, 637
BOA VIAGEM;63;120;IBUACU;EEF SOFIA VIEIRA;MADEIRA CORTADA S/N
MORRINHOS;44;15;DISTRITO DE SITIO ALEGRE;EMEF JONAS ROBERTO MAGALHÃES;SITIO ALEGRE
IPU;21;16;CENTRO;COLEGIO IPUENSE;RUA ANTONIO MEMORIA, 1166
FORTALEZA;118;644;PASSARÉ;EEMTI DEPUTADO PAULINO ROCHA;RUA PROFESSOR JOSE SILVEIRA, 528
EUSÉBIO;88;149;OLHO D'AGUA;EEF JOÃO FREITAS RAMOS;RUA OLHO D'AGUA, 2122
MARACANAÚ;104;48;TIMBÓ;EEMTI ADAHIL BARRETO CAVALCANTE;AVENIDA VEREADOR EDMILSON MARQUES, S/N
ICÓ;15;20;CENTRO - SEDE;ESCOLA MUNICIPAL PROFESSORA LOURDES COSTA;AV ILIDIO SAMPAIO,1571
CATARINA;60;251;SAO GONCALO;EEF MAJOR RUFINO MOREIRA;OLHO D AGUA DOS BERE
PARAMBU;19;303;CENTRO;ESCOLA JOSÉ CARVALHO PINHEIRO;RUA ANTONIO BENÍCIO PINHEIRO, 35
PARAMBU;19;307;CENTRO;ESCOLA FRANCISCO ALVES TEIXEIRA;RUA PEDRO ALVES DA COSTA, 38 - CENTRO
PARAMBU;19;311;CENTRO;ESCOLA FRANCISCO ALVES TEIXEIRA;RUA PEDRO ALVES DA COSTA, 38 - CENTRO
CANINDÉ;33;210;MONTE ;EMEF SÃO FRANCISCO;AV FRANCISCO CORDEIRO CAMPOS, 500
FORTALEZA;83;704;HENRIQUE JORGE;CENTRO EDUCACIONAL BRASILEIRINHO;AVENIDA SENADOR FERNANDES TÁVORA, 1717
MADALENA;63;163;CENTRO;EEF ALFREDO ALMEIDA MACHADO;RUA PEDRO COSTA E SILVA, 99 - CENTRO
ASSARÉ;18;80;PARQUE DE VAQUEJADA;ESCOLA DE EDUCACAO INFANTIL E ENSINO FUNDAMENTAL MARIA ISABEL;AVENIDA DEP. MANOEL GONCALVES, S/N
JIJOCA DE JERICOACOARA;30;229;CENTRO;ESCOLA PROFA. IGARDENE FONTELES DE ARAUJO;RUA CAMPO GRANDE S/N - CONJUNTO PRIMAVERA
JIJOCA DE JERICOACOARA;30;363;ZONA RURAL;ESCOLA NOSSA SENHORA DA CONSOLACAO;NOVO JERI S/N - JERICOACOARA
BEBERIBE;84;104;SEDE;ESCOLA MUNICIPAL NOSSA SENHORA DA MEMÓRIA;PONTA D'AGUA 3
JARDIM;119;296;CENTRO;ESCOLA DR. ROMAO SAMPAIO;RUA JOSE MARROCOS 240
FORTALEZA;94;63;ANTÔNIO BEZERRA;EEFM JOSE BEZERRA DE MENEZES (POLIVALENTE);RUA DR. JOÃO GUILHERME, 311
FORTALEZA;80;197;AEROLÂNDIA;EEFM PROFª  MARIA CONCEICÃO PORFÍRIO TELES;RUA MONTE CRISTO, 177
FORTALEZA;80;436;FÁTIMA;ESCOLA VILA;RUA DOM SEBASTIAO LEME, 819
PINDORETAMA;7;71;COQUEIRO DO ALAGAMAR;EMEB MARIA NAIR DE VASCONCELOS;COQUEIRO DO ALAGAMAR - PINDORETAMA
RUSSAS;9;179;BARRO VERMELHO;ESCOLA MUNICIPAL PAROQUIAL SAO JOAQUIM;BARRO VERMELHO
SABOEIRO;43;282;AROEIRA FERRADA;E.E.F. ROSILDA HERBSTER;SITIO AROEIRA FERRADA
JUAZEIRO DO NORTE;119;219;JOSÉ GERALDO DA CRUZ;SECRETARIA DE CULTURA DE  JUAZEIRO DO NORTE;RUA ANTONIO VALTER HONORATO, SN
BOA VIAGEM;63;56;MASSAPE DOS PAES;EEF MANOEL RODRIGUES PAES;MASSAPE DOS PAES
OCARA;67;197;NOVO HORIZONTE-DISTRITO;ESCOLA MUNICIPAL JOAQUIM MARTINS DE SOUZA - ENSINO FUNDAMENTAL;NOVO HORIZONTE
FORTALEZA;113;201;PARQUELÂNDIA;COLÉGIO CHRISTUS PRÉ - UNIVERSITÁRIO;RUA CRUZ SALDANHA, 614
FORTALEZA;80;193;FÁTIMA;COLÉGIO NOSSA SENHORA DAS GRAÇAS;RUA MONSENHOR OTÁVIO DE CASTRO, 535
CAUCAIA;37;479;CORREGO DO ALEXANDRE;E.E.F. VICENTE TORQUATO DE ARAUJO;RUA LUIS EDUARDO, S/N - REGIÃO DO GUARARU
BEBERIBE;84;40;PARIPUEIRA;ESCOLA MUNICIPAL JOSE THEMIO BEZERRA;PALMEIRA
FORTALEZA;94;626;VILA VELHA;EMEIEF PROF JOSE PARSIFAL BARROSO;AV MAJOR ASSIS 1076
BREJO SANTO;70;1;ARAUJÃO;UNIVERSIDADE FEDERAL DO CARIRI - UFCA;RUA OLEGÁRIO EMÍDIO DE ARAÚJO, S/N
CAUCAIA;37;557;NOVO PABUSSU;EEIEF MARIA DOLORES MENEZES DE ALMEIDA;RUA DA CONSOLAÇÃO, 465
NOVO ORIENTE;99;168;CENTRO;CRECHE ANTONIA RODRIGUES;AV. ALCIDES SALES
BARROQUINHA;108;54;CENTRO;EEF CARMELITA VERAS DE PAULA;RUA AMBROZINA FÉLIX, 443
IBIAPINA;73;22;CENTRO;ESCOLA MONSENHOR MELO (ESTADUAL);AV PEDRO FERREIRA DE ASSIS 284
ACARAÚ;30;232;ZONA RURAL;ESCOLA ARISTIDES FLORIANO DE OLIVEIRA;CAJUEIRO DO BOI
PACOTI;5;166;CENTRO-SEDE;EMTI SAO LUIS;RUA PADRE QUILIANO 72
ICAPUÍ;8;183;PRAIA DE REDONDA;ESCOLA HORIZONTE DA CIDADANIA;PRAIA DE REDONDA
MARANGUAPE;4;628;GUABIRABA - MARANGUAPE;CEI ISAURINHA DIÓGENES;RUA NAPOLEÃO LIMA, 780
CAMOCIM;32;51;OLINDA;EEF EDUARDO NORMANDIA DE ALBUQUERQUE - BAIRRO NOVA OLINDA;NOVA OLINDA II, 367
GRANJA;25;209;PESSOA ANTA;E.E.F. JOSÉ JOÃO DE ARAÚJO;SÍTIO PUXA
PACATUBA;57;101;PAVUNA;EEIEF GELIA DA SILVA CORREIA;AV. JOSE GUILHERME 1055
JUAZEIRO DO NORTE;119;466;TIRADENTES;E.M.E.I. PROFESSORA ASSUNÇÃO GONÇALVES (CRECHE);RUA PROFESSORA IVANY FEITOSA, SN
GRANJA;25;212;SÃO JOSE;E.E.F. SÃO JOSÉ (IBUGUAÇU);SITIO SÃO JOSÉ - IBUGUAÇU
BATURITÉ;5;161;CANDEIA DO ANTERINO-SITIO;ASSOCIAÇÃO BENEFICENTE CRIANCA FELIZ (ANTIGA EMEF JORGE FURTADO LEITE);CANDEIA DO ANTERINO
FORTALEZA;82;474;CARLITO PAMPLONA;FEDERAÇÃO DO MOVIMENTO COMUNITÁRIO DO PIRAMBU - FEMOCOPI;AV. PRES. CASTELO BRANCO, 2709
BARBALHA;31;49;VILA SANTO ANTONIO;EEMTI VIRGILIO TAVORA;AV PAULO MAURICIO, 326
FORTALEZA;83;172;JÓQUEI CLUBE;EEFM HERACLITO DE CASTRO E SILVA;RUA SILVEIRA FILHO, 808
INDEPENDÊNCIA;39;193;VILA NOVA;E.E.F. SAO GERALDO;LOCALIDADE DE VILA NOVA
CANINDÉ;33;73;CENTRO;CEJA - CENTRO DE EDUCAÇÃO DE JOVENS E ADULTOS;RUA SITÔNIO MONTEIRO, 242
ITAPAJÉ;41;195;SANTA RITA-SEDE;E.E.M.T.I PROFª ESTEFÂNIA MATOS;RUA BENTO ÁVILA DE SOUSA, 101
FORTALEZA;113;387;ITAOCA;CRECHE MUNDO MÁGICO;RUA EUSÉBIO DE QUEIROS, 912
FORTALEZA;82;380;ÁLVARO WEYNE;COLÉGIO MENINO JESUS DE PRAGA;RUA ANA FACÓ, 140
PACAJUS;49;360;BURITI;EEF ALBA LARANJEIRA DE ALBUQUERQUE;RUA ANACLETO SOUSA MAIA
PACAJUS;49;413;CONJUNTO COHAB;EEM DIONE MARIA BEZERRA PESSOA;AV. JOSE LOPES DE MESQUITA
VÁRZEA ALEGRE;62;26;CENTRO;EEF DR. PEDRO SÁTIRO;RUA PADRE JOSE OTAVIO. SN
VÁRZEA ALEGRE;62;72;NARANIU-SEDE DO DISTRITO;EEF PEDRO LEANDRO DA SILVA;VILA SÃO CAETANO
MILAGRES;26;128;FRANCISCA DO SOCORRO;EMTI PREFEITA MEIRE FRANCISCA LACERDA DE MEDEIROS;RUA PEDRO PEREIRA LIMA
FORTALEZA;80;227;JOAQUIM TÁVORA;EEFM PADRE ROCHA;RUA CEL ALVES TEIXEIRA 525
MAURITI;76;41;BURITIZINHO-DISTRITO;EEF FILEMON TELES;RUA JOAO LUCAS, S/N
GRAÇA;79;176;LAPA;ESCOLA PADRE RAIMUNDO NONATO RODRIGUES;LAPA
MARACANAÚ;122;127;SIQUEIRA (siqueira 2);EMEF FRANCISCO TABOZA FILHO;AV. JUSCELINO KUBITSCHEK 1941
FORTALEZA;115;263;JARDIM CEARENSE;EM JOÃO ESTANISLAU FAÇANHA;RUA ONZE, S/N - CONJUNTO CAMPO DOS INGLESES
ARACATI;8;46;NOSSA SENHORA DE LOURDES;EEMTI. BENI CARVALHO;RUA BENI CARVALHO 1679
PARAMBU;19;379;MONTE SION;ESCOLA VICENTE LOPES DA SILVA;SERRA DOS LOPES
URUBURETAMA;23;49;BAIRRO DA PAZ;CRECHE MUNICIPAL BRANCA DE NEVE;RUA JOSE PIRES CHAVES 1377
FORTALEZA;118;676;DIAS MACEDO;EMEF PROFESSOR JOAO HIPPÓLYTO DE AZEVEDO E SÁ;RUA 03 N. 88 RESIDENCIAL NAPOLEAO VIANA
FORTALEZA;113;22;BENFICA;IFCE - INST FEDERAL DE CIÊNCIA E TECNOLOGIA (CEFET);AV. 13 DE MAIO, 2081
CRUZ;30;360;ZONA RURAL;ESCOLA VALDEMAR DE PAULO RIBEIRO;CANAFISTULA
JIJOCA DE JERICOACOARA;30;413;CENTRO;ESCOLA JOSE DIONISIO DE SOUSA;RUA RAIMUNDO ALEXANDRE 330
ASSARÉ;18;21;CENTRO;ESCOLA  DE ENSINO FUNDAMENTAL E MEDIO RAIMUNDO MOACIR DE ALENCAR MOTA;RUA PADRE EMILIO CABRAL 538
IPU;21;27;ALTO DA BOA VISTA;EMEB MONSENHOR GONÇALO DE OLIVEIRA LIMA;AV. JOSÉ CARVALHO DE ARAGÃO, 102
TABULEIRO DO NORTE;91;66;CENTRO;EMEF NOSSA SENHORA DE FÁTIMA;RUA JOÃO FERREIRA BRAÚNA, 191
IPU;21;90;SEDE;PATRONATO SOUSA CARVALHO;PCA DR CHAGAS PINTO 1045 - CENTRO
IBARETAMA;6;462;DISTRITO DE PEDRA E CAL;EMEIF ESTEVÃO DE SOUSA FREIRE;DISTRITO DE PEDRA E CAL
CAUCAIA;37;116;PACHECO;E.E.F. ADRIANO MARTINS;RUA ADRIANO MARTINS, S/N
SÃO JOÃO DO JAGUARIBE;91;113;CENTRO;EEF 1 GRAU CHIQUINHO RODRIGUES;RUA CONEGO CLIMERIO CHAVES 269
ORÓS;15;305;SANTAREM - DISTRITO;E.E.F. MANOEL MOREIRA PEQUENO;RUA NOSSA SRA. DA CONCEIÇÃO, 118
JUAZEIRO DO NORTE;28;227;FRANCISCANOS;COLÉGIO SÃO FRANCISCO DE ASSIS;NOSSA SENHORA DO CARMO SN
MAURITI;76;128;SÃO FÉLIX-DISTRITO;EEF SÃO JOSÉ;DISTRITO DE SÃO FÉLIX - SAÍDA PARA OLHO D'ÁGUA
CATARINA;60;228;VILA NOVA - SEDE;EEF FRANCISCO RODRIGUES PEREIRA;RUA JOSE PEDROSA DE MIRANDA S/N
PACAJUS;49;325;CONJUNTO COHAB;EEM DIONE MARIA BEZERRA PESSOA;AV. JOSE LOPES DE MESQUITA
PINDORETAMA;7;162;CAPONGUINHA;EMEB RAIMUNDO BENICIO SOBRINHO;CAPONGUINHA - PINDORETMA
FORTALEZA;116;290;BOM JARDIM;EM SANTA ISABEL;RUA RAIMUNDO PINHEIRO 798
URUBURETAMA;23;193;NOVO ANGELIM;EEIF IOLANDA PINHEIRO HOLANDA;RUA PINHEIRO HOLANDA SN
QUITERIANÓPOLIS;99;101;ZONA RURAL;EEIF DETELVINA ARAÚJO LIMA;DISTRITO BAIXIO
INDEPENDÊNCIA;39;222;COHAB;E.E.F. JOSE FERREIRA DOS SANTOS;RUA C, 158
AMONTADA;89;220;CAMPO;EEBTI GIZEUDA SANTIAGO TEIXEIRA;AV ANTONIO LISBOA DE QUEIROS 1864
CARNAUBAL;22;146;CRUZEIRO;EEF ANTONIO RAIMUNDO DE MELO;AV PAULO SARASATE 539
ITAPAJÉ;41;118;PADRE LIMA;E.E.M. MONSENHOR CATAO PORFIRIO SAMPAIO;RUA TEIXEIRA PINTO 136
BREJO SANTO;70;43;LAGOA DO MATO-SEDE;ESC MUN BARTOLOMEU MADEIRO;VILA LAGOA DO MATO
ACARAÚ;30;403;ZONA RURAL;ESCOLA RUFINA MAGALHAES DE FARIAS;IMBÉ
BARREIRA;52;168;CÓRREGO;ESCOLA MANUEL LIBERATO DE CARVALHO;CÓRREGO
AQUIRAZ;66;300;CENTRO;EMEF ERNESTO GURGEL VALENTE;RUA FRANCISCO CAMARA, SN
PALMÁCIA;4;155;BASÍLIO;EEEP MARIA GISELDA COELHO TEIXEIRA;BASÍLIO
FORTALEZA;83;770;DOM LUSTOSA;ESCOLA ESPAÇO VIVÊNCIA;RUA MONSENHOR HIPÓLITO BRASIL, 1367
IPU;21;134;ESCONDIDO;E.M.E.F. ELDA PEREIRA MOTA;RUA GERARDO ERASMO DE FARIAS
FORTALEZA;82;626;SÃO GERARDO;SECRETARIA DO DESENVOLVIMENTO AGRÁRIO (SDA) DO ESTADO DO CEARÁ;AV. BEZERRA DE MENEZES, 1820
BREJO SANTO;70;244;RENE LUCENA;E E F HISTORIADOR PADRE ANTONIO GOMES DE ARAÚJO;RUA PEDRO NICODEMOS DE ARAUJO S/N
CAUCAIA;37;368;GRILO;E.E.I.E.F. MARIA DAS DORES LIMA;RUA JOSE EMILIO DA ROCHA, 852 - PQ MALOUBER
IPU;21;59;DISTRITO;E.M.E.F. ANTONIO FERREIRA LIMA;MATO GROSSO
MARANGUAPE;4;119;CENTRO - MARANGUAPE;CVT MARANGUAPE;RUA WALTER LOPES, 149
QUIXERAMOBIM;11;210;COHAB;ESCOLA  DOUTOR JOAQUIM FERNANDES;RUA PEDRO BARBOSA DA SILVA SN
PENTECOSTE;50;144;SÃO FRANCISCO;EEF BALBINA MOREIRA DE AZEVEDO;AVENIDA ANTÔNIO BRAGA DE AZEVEDO
ARACATI;8;217;CAJAZEIRAS;E.E.F. MOISES MARQUES;SITIO CAJAZEIRAS I
IBIAPINA;73;41;DISTRITO DE ALTO LINDO;ESCOLA MANUEL RODRIGUES DE MEDEIROS;RUA RAIMUNDO DOMINGOS XIMENES
PEREIRO;10;139;CENTRO;ESCOLA DE ENSINO FUNDAMENTAL E MEDIO VIRGILIO CORREIA LIMA;RUA CORONEL ANTONIO VICENTE  274
ICAPUÍ;8;219;IBICUITABA;ESCOLA DE 1 GRAU PROFA CARLOTA TAVARES DE HOLANDA;IBICUITABA
SABOEIRO;43;279;SACO DOS ANTUNES;E.E.F. JOANA MARIA DA CONCEICAO;SITIO SACO DOS ANTUNES
ICÓ;15;194;ALTO DA VARZEA - SITIO;ESCOLA MUNICIPAL CICERO AMARO DA SILVA;SITIO ALTO DA VARZEA S/N
BANABUIÚ;6;409;ALTO ALEGRE;POSTO DE SAÚDE MARIA DAS DORES;RUA ANA MARIA DA CONCEICAO S/N
SOBRAL;121;245;DOM EXPEDITO;EEFI PADRE OSVALDO CHAVES;RUA PROFESSOR ANTÔNIO FERREIRA PORTO225
SOBRAL;121;331;COHAB II;ESCOLA PROF. MARIA DAS GRAÇAS TEIXEIRA PONTES;RUA ENG. JOSE FIQUEIREDO, 530
SALITRE;38;68;CENTRO;E.E.E.M.T.I. - VALDEMAR DE ALCÂNTARA E SILVA - SEDE;AVENIDA DO ESTADO, S/N
PACAJUS;49;281;ALDEIA;EEF PROFA HERMÍNIA MENDONCA DE QUEIROZ;RUA NAIDE COSTA MENEZES, SN
FORTALEZA;116;445;BONSUCESSO;EM XV DE OUTUBRO;RUA GUARANI, 2030
ARARIPE;68;4;CENTRO;ESCOLA ESTADUAL DONA CARLOTA TÁVORA - SEDE;RUA ANTONIO NUNES DE ALENCAR, 326
ITATIRA;33;145;DISTRITO DE LAGOA DO MATO;ANEXO - JOSÉ PAULO DE SOUSA;AV.NOSSA SENHORA DO CARMO S/N
SÃO BENEDITO;22;253;CIDADE ALTA;BOURDARLONE ZANSTRE BRANDÃO;FRANCISCO SABINO DA COSTA
ACARAÚ;30;237;ZONA RURAL;ESCOLA FRANCISCO FREITAS ARAUJO (COMUNIDADE QUILOMBOLA);CORREGO DOS IUS
CARNAUBAL;22;21;SITIO SAO BERNARDO;ESCOLA DE PRIMEIRO GRAU LINDALVA GONCALVES MELO;SITIO SÃO BERNARDO
SANTANA DO ACARAÚ;44;116;TABOLEIRO DO GADO;CENTRO SOCIAL MÃE CHIQUINHA;TABOLEIRO DO GADO
MARCO;96;119;CENTRO-SEDE;EEF MANUEL OSTERNO SILVA;AV PREFEITO GUIDO OSTERNO, N 631
GUARAMIRANGA;5;219;CENTRO-SEDE;EMEF PROFESSOR JULIO HOLANDA;RUA CEL FRANCISCO DE MATOS BRITO S/N
CATARINA;60;266;VILA NOVA - SEDE;EEF FRANCISCO RODRIGUES PEREIRA;RUA JOSE PEDROSA DE MIRANDA S/N
MARANGUAPE;4;23;PARQUE IRACEMA - MARANGUAPE;CEI MÁRIO VALENTIM DE ANDRADE;RUA ANTÔNIO GOMES BESSA, S/N
ICÓ;15;152;CONJUNTO GH-2;ESCOLA MUNICIPAL  DR. ALMIR ALVES FERNANDES TAVORA FILHO;CONJUNTO GH-2 S/N
ALTO SANTO;86;32;BOM JESUS;ESCOLA DE 1 GRAU MARIA DO SOCORRO CABO;SITIO BOM JESUS
SOBRAL;24;364;JUNCO;SESI;AV. DR. JOSÉ ARIMATÉIA M SILVA, 1701
FORTALEZA;112;41;JARDIM DAS OLIVEIRAS;CENTRO DE EDUCAÇÃO INFANTIL(CEI) MARIA DE LOURDES RIBEIRO JEREISSATI;RUA 1, 930 - CONJ. TANCREDO NEVES
FORTALEZA;112;580;EDSON QUEIROZ;CEI ANTÔNIA AGOSTINHO DE SOUSA;RUA TUIUIÚ, S/N
JUCÁS;43;97;BAIXIO DA DONANA - VILA;ESCOLA DE 1 GRAU ARTUR ALVES CABRAL;VILA DO BAIXIO DA DONANA
JAGUARIBE;10;186;COHAB;EEEP POETA SINÓ PINHEIRO (LICEU);AV D, S/N
FORTALEZA;113;318;BENFICA;EEFM FIGUEIREDO CORREIA;RUA MARECHAL DEODORO, 733
SABOEIRO;43;280;AROEIRA FERRADA;E.E.F. ROSILDA HERBSTER;SITIO AROEIRA FERRADA
TIANGUÁ;81;68;CENTRO;UNIPLAN - CENTRO UNIVERSITÁRIO ;RUA CAPITÃO ODILON AGUIAR, 455
RERIUTABA;79;15;CENTRO;EEMTI CORONEL ALFREDO SILVANO;RUA JOSÉ TEODORO SOARES, S/N
ITAPIÚNA;105;164;ZONA RURAL;EEIEF PADRE MIGUEL DE JESUS ALVES;BARRA NOVA
COREAÚ;64;108;Centro;COREAÚ - (GINASIO) ESCOLA MUN. NOSSA SRA. DA PIEDADE;RUA CEL. FCO. GOMES CAMILO, 226 - ALTO SÃO JOSÉ
FORTALEZA;3;241;CENTRO;COLÉGIO ESTADUAL JUSTINIANO DE SERPA;AV. SANTOS DUMONT, 56
FORTALEZA;1;933;CAIS DO PORTO;EEFM - HELENITA MOTA;RUA AMANCIO FILOMENO,720
IBARETAMA;6;257;CENTRO;EMEIF RAIMUNDA EMÍLIA DE LIMA;ESTRADA DO ALGODAO - DISTRITO SEDE
CHAVAL;108;12;CENTRO;EEF ANA BRITO DE OLIVEIRA;RUA JOSE ROMAO RIOS SN
ARACATI;8;15;CENTRO;INSTITUTO WALDEMAR FALCAO;RUA CEL POMPEU 720
AQUIRAZ;66;311;CAMARA;ESCOLA FCO NAILTON CAVALCANTE DE LIMA(MANOEL SENHOR DE MELO FILHO);LOTEAMENTO LEQUICE
PENAFORTE;70;397;CENTRO-SEDE;ESCOLA SIMAO ANGELO;RUA PADRE CICERO S/N
JAGUARIBE;10;76;CRUZEIRO;ESCOLA DE ENSINO FUNDAMENTAL E MEDIO CORNELIO DIOGENES;BR 116 KM 300
CARIÚS;43;163;SITIO CANA BRAVA;EEIF SILVESTRE ALMEIDA DUARTE;SITIO CANA BRAVA
MARANGUAPE;4;640;SANTOS DUMONT - MARANGUAPE;EMEIEF MARIA DE PAULA COLARES;RUA RUBENS HERBEST, 1020
BATURITÉ;5;82;MONDEGO-SEDE;EMEF NAÇÕES UNIDAS;RUA MAJOR PEDRO CATAO, SN
QUIXERÉ;29;230;AGUA FRIA;POSTO DE SAÚDE JOSÉ FERREIRA DE ARAUJO;MACAMBIRA
FORTIM;8;91;VICOSA;EEMTI. HELENITA LOPES GURGEL VALENTE;RUA JORGE FERREIRA, 250
FORTALEZA;113;203;PARQUELÂNDIA;COLÉGIO CHRISTUS PRÉ - UNIVERSITÁRIO;RUA CRUZ SALDANHA, 614
CAMOCIM;32;259;SAO FRANCISCO;ESCOLA DE 1 GRAU NATALIA ALBUQUERQUE LOPES;RUA DR RAIMUNDO VERAS S/N
MILAGRES;26;43;SITIO CARNAUBA;ESCOLA JOSE RODRIGUES BEZERRA;SITIO CARNAUBA
ICÓ;15;126;LAGOINHA - SITIO;IGREJA;SITIO LAGOINHA S/N
JUAZEIRO DO NORTE;28;46;SALESIANOS;COLEGIO SALESIANO SÃO JOÃO BOSCO;PADRE CICERO 1492
PARAMBU;19;373;MONTE SION;ESCOLA ANTÔNIO ALVES DA SILVA;SERRA DAS MOÇAS
ALTO SANTO;86;37;BAIXIO GRANDE;ESCOLA DE 1 GRAU JOAO RODRIGUES TORRES;SITIO BAIXIO GRANDE
GUAIÚBA;57;165;SAO JERONIMO;CEI MARIA JOSE SOUSA SILVA;SAO JERONIMO
ALCÂNTARAS;24;494;SAO JOSE;SECRETARIA MUNICIPAL DE EDUCACAO DE ALCÂNTARAS;RUA FRANCISCO CUNHA FREIRE, SN
LIMOEIRO DO NORTE;29;20;ANTÔNIO HOLANDA;IFCE - CENTRO DE REFERÊNCIA CIDADE ALTA;R. RAIMUNDO TOMÁS DE AQUINO, 2742
CAUCAIA;37;488;CENTRO;C.S.U. EDSON DA MOTA CORREA;RUA JOSE DE PONTES, 2671 - AÇUDE
GROAÍRAS;65;105;CENTRO;EEFM MONSENHOR LINHARES;RUA RAIMUNDO NONATO ALBUQUERQUE, 201
PARAMBU;19;381;SEDE;ESCOLA RAIMUNDO ALVES DE SOUSA;SANTA RITA
CAUCAIA;37;402;GUAGIRU;E.E.F. ALBA PESSOA DA SILVA;RUA SAO MIGUEL, 105
PIRES FERREIRA;21;79;CENTRO;E.E.F. ALZIRA MARIA DE ARAUJO;RUA MARIA ANTUSA SOARES PASSOS, SN
FORTALEZA;94;842;QUINTINO CUNHA;COLÉGIO INDEPENDÊNCIA;AV. DA INDEPENDÊNCIA, 1362
PARACURU;109;49;POÇO DOCE;E. M. E. I. F. RUFINO VIEIRA;RUA RUTH FELIX, S/N
PACATUBA;57;10;ALTO SAO JOAO;PROJETO ABC-PACATUBA;RUA FRANCISCO LOPES SOBRINHO, 1619
FORTALEZA;113;118;CENTRO;EEFM FREI LAURO SCHWARTE;RUA ANTÔNIO POMPEU, 2005
CHAVAL;108;87;CAÇAMBA;EEF FRANCISCO PEREIRA FILHO;RUA JOAQUIM AMANCIO TELES S/N
URUOCA;25;94;CAMPANARIO;E.E.F. FRANCISCO MARQUES VIEIRA;RUA JOSE CRISTINO, S/N
JAGUARIBE;10;23;DISTRITO DE MAPUÁ;E.E.F. RAIMUNDO LIMA GOMES;RUA FRANCISCO ALVES MORAIS 794
FORTALEZA;115;375;PARANGABA;EEMTI GENERAL EUDORO CORREA;RUA JULIO BRAGA 101
MORRINHOS;44;129;BOM PRINCIPIO;EMEF ZÓZIMO MARINHO DE ANDRADE;CE 319 KM 6 BOM PRINCIPIO
PARAMBU;19;306;CENTRO;ESCOLA FRANCISCO ALVES TEIXEIRA;RUA PEDRO ALVES DA COSTA, 38 - CENTRO
CAUCAIA;37;230;ITAMBE;E.E.F. FLAVIO PORTELA MARCILIO;RUA 05, 23 - CONJ. VICENTE ARRUDA
LIMOEIRO DO NORTE;29;22;CÓRREGO DE AREIA;EEF ANTONIO DE CASTRO PEREIRA;SITIO CORREGO DE AREIA
FORTALEZA;117;436;BOM JARDIM;EEFM SANTO AMARO;RUA NOVA CONQUISTA 871
CRUZ;30;77;CAICARA;ESCOLA JOAO LADISLAU DE PAULO MAGALHAES;CAICARA
FORTALEZA;83;164;JÓQUEI CLUBE;EEFM HERACLITO DE CASTRO E SILVA;RUA SILVEIRA FILHO, 808
FORTALEZA;116;53;BOM JARDIM;EM SANTOS DUMONT;RUA GERALDO BARBOSA 240
FORTALEZA;80;172;TAUAPE;COLÉGIO MONSENHOR JOVINIANO BARRETO - INFANTIL;RUA FREI VIDAL, 1680
FORTALEZA;117;190;CONJUNTO ESPERANÇA;EEFM IRAPUAN CAVALCANTE PINHEIRO;AV E 305
JIJOCA DE JERICOACOARA;30;394;CENTRO;ESCOLA SENADOR CARLOS JEREISSATE;RUA MINAS GERAIS S/N
DEPUTADO IRAPUAN PINHEIRO;55;51;CENTRO;EEB FRANCISCA JOSUÉ DE SOUZA CARNEIRO;VILA SILVEIRA, 0
ALTANEIRA;53;91;SÍTIO SAMAMBAIA;POSTO DE SAÚDE ANTONIO PEREIRA DA SILVA;SÍTIO SAMAMBAIA, SN
CAUCAIA;123;345;PARQUE GUADALAJARA (JUREMA);E.E.I.E.F. 7 DE SETEMBRO;AV. DOM ALMEIDA LUSTOSA, 2322
FORTALEZA;83;44;MONTESE;COLÉGIO ELITE;AVENIDA JOÃO PESSOA, 6302
SENADOR POMPEU;12;148;BONFIM;EEFTI RAQUEL COSTA LINHARES;RUA DA QUADRA - KM 20
SANTANA DO ACARAÚ;44;53;CENTRO;COLÉGIO SANTANENSE;RUA DR MANOEL JOAQUIM 1019
FORTALEZA;80;246;TAUAPE;EEFM NOEL HUGNEN OLIVEIRA PAIVA;RUA MONSENHOR SALAZAR 279
IGUATU;13;97;COHABS;ESCOLA DE ENS MEDIO EDSON LUIZ CAVALCANTE DE GOUVEA;AVENIDA JUSCELINO KUBITSCHECK SN
SALITRE;38;87;ZONA RURAL, SALITRE/CE;E.E.I.F. VALDIMIRO JOSÉ DE LIMA - SÍTIO CALDEIRÃO - SALITRE;SÍTIO CALDEIRÃO
CAUCAIA;37;41;CENTRO;E.E.F. BRANCA CARNEIRO DE MENDONCA;PRACA DA MATRIZ, 666
FORTALEZA;85;135;CONJUNTO CEARÁ I;COLÉGIO LUÍZA TÁVORA;RUA 1050, N 171, 4 ETAPA
FORTALEZA;112;164;GUARARAPES;MRH GESTÃO DE PESSOAS E SERVIÇOS;RUA PROFESSOR JACINTO BOTELHO, 1600
COREAÚ;64;17;Corredores;CORREDORES - ESCOLA MUN. CEL. ANTº TELES;LOCALIDADE DE CORREDORES
ITAREMA;98;150;ZONA RURAL;EMEF OSIRES PONTES;CARVOEIRO
LAVRAS DA MANGABEIRA;14;31;MANGABEIRA - DISTRITO;CENTRO DE EDUCAÇÃO INFANTIL PAPA PAULO VI - CRECHE;RUA TOMAZ DE LEMOS, S/N, CENTRO
LAVRAS DA MANGABEIRA;14;89;OITIS - SITIO;GRUPO ESCOLAR MARIA PESSOA DE MOURA;SITIO OITIS S/N
FORTALEZA;117;222;CONJUNTO ESPERANÇA;EEFM PROFA ADELIA BRASIL FEIJO;AV CONTORNO SUL, 1540
AIUABA;101;77;BOM NOME;GRUPO ESCOLAR JOSE ALVES DE OLIVEIRA;RUA DUQUE DE CAXIAS SN
GRANJA;25;42;ADRIANOPOLES;E.E.F. GUILHERME TELES GOUVEIA (ANTIGA NIEDJA ARRUDA);RUA VICENTE FERREIRA, S/N
MERUOCA;24;587;Palestina do Norte;EEF - HENRIQUE SEVERINO DUARTE;RUA RAIMUNDO FAUSTINO - DISTRITO PALESTINA
BARBALHA;31;144;VILA SANTO ANTONIO;EEMTI VIRGILIO TAVORA;AV PAULO MAURICIO, 326
CEDRO;13;483;SANTO ANTÔNIO;ESCOLA DE ENS FUND JOAQUIM ALVES DOS SANTOS;ST CACHOEIRINHA DOS COELHOS
SENADOR POMPEU;12;162;CARACARA;EEIEF PADRE ODILO LOPES GALVÃO;RUA JOSE AMERICO S/N
FORTALEZA;112;352;PARQUE MANIBURA;COLÉGIO ÁGAPE;AV HERMINIO DE CASTRO, 140
GRAÇA;79;153;VILA FORMOSA;EEF JOSE POMPILIO DAMASCENO;VILA FORMOSA
FORTALEZA;82;545;CRISTO REDENTOR;EM VIRGÍLIO TÁVORA;AV. MONSENHOR HÉLIO CAMPOS, 155
JUAZEIRO DO NORTE;28;62;CENTRO;EEFTI DR. LEÃO SAMPAIO;DOUTOR FLORO BARTOLOMEU 517
SOBRAL;121;65;DOM EXPEDITO;EEMTI SINHÁ SABOIA;RUA HELIO ARRUDA COELHO ESQUINA COM DOM EXPEDITO
CHAVAL;108;18;CENTRO;POLO DE CONVIVÊNCIA SOCIAL JOÃO BATISTA DA SILVA - PROARES;RUA JOAQUIM AMÂNCIO DA SILVA TELES, S/N
CROATÁ;74;179;DISTRITO;ESCOLA MUNICIPAL DE IRAPUA;IRAPUA - CROATA
GENERAL SAMPAIO;50;32;CONJUNTO SÃO JOSÉ;EMEF JOSÉ BEZERRA FILHO;RUA FILOMENO BARBOSA DE OLIVEIRA, S/N
QUIXERAMOBIM;11;80;DAMIAO CARNEIRO;ESCOLA FRANCISCO VITOR DA PAIXAO;CHAPEU
QUIXERAMOBIM;11;186;NENELANDIA;ESCOLA VALTER SA;CONDADO
PENTECOSTE;50;164;ZONA RURAL;POSTO DE SAÚDE;XIXÁ
PEDRA BRANCA;59;49;MINEIROLANDIA;EEIF JOSE PAULINO SILVA;MORADA NOVA
FORTALEZA;117;467;CONJUNTO ESPERANÇA;COLÉGIO CEARENSE TOTAL;AVENIDA D, 85
FORTALEZA;114;205;ÁLVARO WEYNE;EM DOM HELDER CAMARA;RUA FREI ODILON 623 B
CARIÚS;43;157;VILA NOVA-SEDE;EEIF MARIA ALCIDES;RUA JUCIER CHAVES S/N
FORTALEZA;85;152;CONJUNTO CEARÁ I;EEF GOVERNADOR FAUSTINO ALBUQUERQUE - UV1;RUA 143 N 155 - 1 ETAPA
UBAJARA;73;211;DISTRITO ARATICUM;ESCOLA ZULMIRA AGASSIS;R LUIZA LEONIZA SN - DISTRITO ARATICUM
FORTALEZA;82;351;SÃO GERARDO;ESCOLA MUNICIPAL GUSTAVO BARROSO;RUA ERETIDES MARTINS, 26
BEBERIBE;84;158;PARIPUEIRA;ESCOLA MUNICIPAL BOM JESUS DOS NAVEGANTES;PRAINHA DO CANTO VERDE
JUAZEIRO DO NORTE;28;158;CENTRO;EEF MONSENHOR JOVINIANO BARRETO;DO CRUZEIRO 657
ACARAÚ;30;23;ARANAÚ;ESCOLA MARIA CONCEICAO DE ARAUJO;RUA DR ALOISIO SN - ARANAU
MIRAÍMA;89;234;CRUZEIRO;EEFM JOSEFA BRAGA BARROSO;RUA DEZINHO TEIXEIRA
ARARENDÁ;48;57;LAGOA DE SANTO ANTONIO;CRECHE FAUSTO MARQUES BRASIL(ANTIGA CRECHE ARCO IRIS);DISTRITO DE LAGOA DE SANTO ANTONIO
FORTALEZA;85;255;ANTÔNIO BEZERRA;EEF PATRONATO DA SAGRADA FAMILIA;RUA MARTINS NETO 379
FORTALEZA;116;23;GRANJA PORTUGAL;CEI REITOR ANTONIO MARTINS FILHO - UNIDADE 2;RUA HUMBERTO LOMEU 1220
ARACOIABA;67;53;AGROVILA;ESCOLA LUIZ PINTO DE ARAÚJO (AGROVILA);LAGOA DE SÃO JOÃO - AGROVILA
LAVRAS DA MANGABEIRA;14;81;CRUZEIRO;ESCOLA DE 1 GRAU STELA SAMPAIO;BAIRRO DO CRUZEIRO S/N
FORTALEZA;3;17;CENTRO;COLÉGIO 7 DE SETEMBRO (SEDE NGS);AV. DO IMPERADOR, 1330
FORTALEZA;3;438;ALDEOTA;COLÉGIO CHRISTUS (AV. BARÃO DE STUDART);RUA JOÃO CARVALHO, 630
COREAÚ;64;24;Ubaúna;UBAÚNA - ESCOLA M. PEDRO CONRADO;RUA MANOEL OSIRO, S/N
SÃO JOÃO DO JAGUARIBE;91;114;CENTRO;EEF 1 GRAU CHIQUINHO RODRIGUES;RUA CONEGO CLIMERIO CHAVES 269
BANABUIÚ;6;458;ALTO ALEGRE;EEMTI JACOB NOBRE DE OLIVEIRA BENEVIDES;RUA ANA ANILDA BATISTA SÁ, S/N, SEDE
CAUCAIA;123;355;MARECHAL RONDON (JUREMA);E.E.I.E.F. ECONOMISTA RUBENS VAZ DA COSTA;AVENIDA NOVO HORIZONTE, S/N
EUSÉBIO;88;174;CENTRO;ESCOLA EROTIDES MELO LIMA;RUA BLUMENAU, 158 - CENTRO
SENADOR POMPEU;12;163;PAVAOZINHO;UNIDADE BASICA DE SAUDE DO PAVAOZINHO;TRAVESSA ANA FRANCO DO NASCIMENTO, S/N
CRATO;27;347;SEMINÁRIO;EEIEF LICEU DIOCESANO DE ARTES E OFÍCIOS;RUA DUARTE JÚNIOR S/N
AURORA;69;68;ANGICOS DE CIMA-SITIO;E.E.I.F. TARCÍSIO GONÇALVES DE OLIVEIRA;CE 288 SITIO ANGICOS DE CIMA  S/N
MARACANAÚ;122;233;JARI;EMEF JOSÉ ASSIS DE OLIVEIRA(JARY);RUA PAULO AFONSO 4259
MARACANAÚ;104;365;JEREISSATI I;EMEIEF DEPUTADO JOSÉ MARTINS RODRIGUES;RUA QUARENTA A, 287
NOVO ORIENTE;99;10;CENTRO;EEIF OTÁVIO RODRIGUES CAVALCANTE;RUA SAO FRANCISCO S/N
CAUCAIA;37;320;MESTRE ANTONIO;E.E.F. NELY CAULA DE CARVALHO;RUA LUIS GOMES DA SILVA, S/N
MARANGUAPE;4;610;NOVO PARQUE IRACEMA - MARANGUAPE;EMEF NILO PINHEIRO CAMPELO;RUA NILO CAMPELO, 48
VÁRZEA ALEGRE;62;96;NARANIU;POSTO DE SAÚDE ANTÔNIA HOLANDA CAVALCANTE;SITIO NOVO JORDÃO
VÁRZEA ALEGRE;62;21;CENTRO;EEF DR. PEDRO SÁTIRO;RUA PADRE JOSE OTAVIO. SN
MASSAPÊ;45;90;CENTRO;EEFM ADAUTO BEZERRA;PCA MANOEL JARBAS AGUIAR SN
FORTALEZA;2;825;LAGOA REDONDA;ESCOLA MUNICIPAL ISABEL FERREIRA;RUA ISABEL FERREIRA, 1000 - CONJ. CURIÓ
FORTALEZA;3;296;CENTRO;ACADEMIA DO PROFESSOR DARCY RIBEIRO;RUA DONA LEOPOLDINA, 907
CAMPOS SALES;38;94;BAIRRO BATALHÃO;E.E.I.F MANOEL DUARTE DE SÁ BARRETO - SEDE;RUA IZABEL MENDES, 193
FORTALEZA;1;872;VICENTE PINZON;ESCOLA ESTADUAL DEPUTADO MANOEL RODRIGUES;RUA OLIVEIRA FILHO, 1576
ACOPIARA;60;13;DISTRITO DE SANTO ANTONIO;EEF JOSE ALVES DO NASCIMENTO;VILA DE SANTO ANTONIO
CASCAVEL;7;270;RIO NOVO;E.E.B. DEPUTADO RAIMUNDO QUEIROZ;AV JOAO DAMASCENO FONTENELE, 3233
ARNEIROZ;101;53;CENTRO - SEDE;GRUPO MUNICIPAL MARIA ANGELIM PETROLA;RUA CEL VIRGILIO TAVORA 48
PACATUBA;57;131;SAO JOSE;EEM CASSIMIRO LEITE DE OLIVEIRA;RUA SERGIO PROTASIO DA SILVA, 44
FORTALEZA;3;436;ALDEOTA;COLÉGIO CHRISTUS (AV. BARÃO DE STUDART);RUA JOÃO CARVALHO, 630
CAMPOS SALES;38;88;ZONA RURAL;E.E.I.F ENG. FRANCISCO THOMÉ DA FROTA - RENDEIRA DOS DIONIZIOS;SÍTIO RENDEIRAS DOS DIONÍZIOS
FORTALEZA;112;467;EDSON QUEIROZ;UNIVERSIDADE DE FORTALEZA - UNIFOR;AVENIDA WASHINGTON SOARES, 1321
FORTALEZA;95;370;JANGURUSSU;CEI MANOEL PINHEIRO DOS SANTOS;RUA LADISLAU LOURENÇO, S/N
FARIAS BRITO;62;252;LAMBEDOURO;CRECHE CICERO RODRIGUES DE ARAUJO;VILA LAMBEDOURO
ITAPIPOCA;17;687;CENTRO;EEM JOAQUIM MAGALHÃES;RUA PERGENTINA ARAUJO S/N
EUSÉBIO;88;192;CENTRO;EEM ANA BEZERRA DE SA;AV AIRTON SENA, 130 - CENTRO
ARNEIROZ;101;56;CENTRO - SEDE;GRUPO MUNICIPAL MARIA ANGELIM PETROLA;RUA CEL VIRGILIO TAVORA 48
BARROQUINHA;108;67;POVOADO CHAPADA;EEF JOSÉ MACHADO GOUVEIA;POVOADO CHAPADA
CAMOCIM;32;265;ZONA RURAL;EEF JOAQUIM ROCHA VERAS - MORORO;LOCALIDADE DE MORORO
NOVA RUSSAS;48;212;TIMBAÚBA;ESCOLA MUNICIPAL SÃO JOSÉ;RUA ANTONIO ALVES DA COSTA, 291
POTIRETAMA;86;61;CENTRO;ESCOLA DE 1 E 2 GRAUS ANDRÉ CAMPELO;RUA HONOR DIOGENES SN
CRATO;27;209;CAMPO ALEGRE;AGÊNCIA DOS CORREIOS DE CAMPO ALEGRE;AV. JOAQUIM ELIAS DA FRANCA S/N
ITAREMA;98;138;ZONA RURAL;ESCOLA DIFERENCIADA DE TAPERA (COMUNIDADE INDIGENA);TAPERA
ITAPIPOCA;17;99;ASSUNÇÃO;EEB TIAGO GONCALVES BARBOSA;OLHO D'ÁGUA
JUAZEIRO DO NORTE;119;250;SAO JOSE;ESCOLA MARIA DE LOURDES JEREISSATI;RUA CECILIA SILVA DE SOUSA
HIDROLÂNDIA;54;251;NOVA HIDROLÂNDIA;CENTRO DE EDUCAÇÃO INFANTIL MARIA AMÉLIA MARTINS TORRES;RUA SIMPLÍCIO RODRIGUES, 10, NOVA HIDROLÂNDIA, HIDROLÂNDIA/CE
FORTALEZA;115;320;ITAPERI;UNIVERSIDADE ESTADUAL DO CEARA - UECE;AV DR. SILAS MUNGUBA, 1700
MARCO;96;118;CENTRO-SEDE;EEF MANUEL OSTERNO SILVA;AV PREFEITO GUIDO OSTERNO, N 631
AIUABA;101;10;CENTRO;EEM JOSÉ FERREIRA BARBOSA;RUA 7 DE SETEMBRO S/N
QUIXERAMOBIM;11;253;SAO MIGUEL;ESCOLA  JOSE MARTINS DE ALMEIDA;OITICICA
ITAPIPOCA;17;371;URBANO TEIXEIRA;EEB ADAUTO BEZERRA;RUA JOAQUIM RODRIGUES TEIXEIRA
BARREIRA;52;101;CENTRO;ESCOLA FRANCISCA AMÉLIA DA SILVA;AV MÃE SINFOROSA, SN
ARACOIABA;67;20;JENIPAPEIRO-DISTRITO;ESCOLA MUNICIPAL ANTONIO PAULO;JENIPAPEIRO I
AMONTADA;89;216;MOITAS;EECTI FRANCISCO MARTINS ALVES;MIRANDA
MAURITI;76;26;CENTRO;EEM ADAUTO LEITE;AV. SINVAL LACERDA, 416
IPU;21;12;SEDE;SECRETARIA MUNICIPAL DE EDUCACAO E CULTURA DE IPU;RUA MAJOR LIBERALINO 1066 - CENTRO
MORADA NOVA;47;21;CENTRO;EEMTI EGIDIA CAVALCANTE CHAGAS;AV MANOEL CASTRO, 473
MAURITI;76;55;SAO MIGUEL-DISTRITO;EEIF CAREOLANO LEITE;RUA SALUSTIANO RODRIGUES, S/N
LIMOEIRO DO NORTE;29;5;CENTRO;COLEGIO DIOCESANO PE ANCHIETA;AV DOM AURELIANO MATOS 1925
JIJOCA DE JERICOACOARA;30;168;CENTRO;ESCOLA JOSE TEIXEIRA DE ALBUQUERQUE;RUA MARCAL DE SOUSA 851
FORTALEZA;116;27;GRANJA PORTUGAL;EM IRMA ROCHA;RUA EMILIO DE MENEZES 2515
MULUNGU;5;148;CATOLE-SITIO;EMEF FRANCISCO ALVES DE OLIVEIRA;CATOLE
CHAVAL;108;89;POVOADO RETIRO;EEF RAIMUNDO ALVES DE SÁ;POVOADO RETIRO
FORTALEZA;116;349;GRANJA LISBOA;EM DOM LUSTOSA;RUA GERALDO BARBOSA 3901
FORTALEZA;95;143;JANGURUSSU;EMTI PROFESSOR ANTONIO GIRAO BARROSO;RUA VERDE 37, S/N (CJ SITIO SAO JOAO)
ORÓS;15;296;PALESTINA - DISTRITO;E.E.F. MANOEL LEITE BARBOSA;RUA 07 DE SETEMBRO, S/N
MARANGUAPE;4;549;LADEIRA GRANDE;EMEIEF JOSÉ SIMÃO DE ABREU;AVENIDA JOSÉ SIMÃO DE ABREU, S/N
SÃO BENEDITO;22;230;CIDADE ALTA;CVT - CENTRO VOCACIONAL TECNOLOGICO;RUA NOEME AMARAL 401
CARNAUBAL;22;217;FAVEIRA;CEI ANTONIA DE PADUA COSTA MONTEIRO;FAVEIRA
IBARETAMA;6;192;DISTRITO DE OITICICA;EMEIF FRANCISCO JOSE DE FREITAS;DISTRITO DE OITICICA
BARROQUINHA;108;73;DISTRITO BITUPITÁ;C.E.I. OTACÍLIA TELES DE MORAES;RUA DA PRAIA, S/N
QUIXERAMOBIM;11;206;MARAVILHA;ESCOLA ALVARO DE ARAUJO CARNEIRO;ALTO DA MARAVILHA
CAUCAIA;37;348;LAGOA DO BARRO;E.E.F. TECLA GONZAGA SALES;RUA PRINCIPAL BURITIZINHO
FORTALEZA;95;222;PARQUE SANTA MARIA;EMEIEF BARBARA DE ALENCAR;RUA CAPITAO PORFIRIO, 544
PALHANO;9;5;CENTRO;ESCOLA DE ENSINO MEDIO JOSE FRANCISCO DE MOURA;AVENIDA POSSIDONIO BARRETO 459
BREJO SANTO;70;38;TIMBAUBA-SEDE;E E F AFONSO TAVARES DE LUNA;VILA TIMBAUBA
ARACATI;8;81;CANOA QUEBRADA;E.E.F. ZE MELANCIA;PRAÇA DRAGÃO DO MAR, S/N.
MARACANAÚ;104;441;PAJUÇARA;COLÉGIO 7 DE SETEMBRO (PAJUÇARA);RUA BEATRIZ CALIXTO, 305
REDENÇÃO;52;57;CENTRO (SEDE);ESCOLA MARIA AUGUSTA RUSSO DOS SANTOS;RUA SANTOS DUMONT, S/N
SÃO JOÃO DO JAGUARIBE;91;129;LIMA;EEF JUVENCIO PAULA - SITIO LIMA;SITIO LIMA
FORTALEZA;95;84;BARROSO;EEFM PADRE MARCELINO CHAMPAGNAT;RUA DAURA, 120
MASSAPÊ;45;49;ZONA RURAL;GE JOSE ESTEVAO VASCONCELOS;POVOADO DE IPAGUACUMIRIM
FORTALEZA;85;154;CONJUNTO CEARÁ I;EEF GOVERNADOR FAUSTINO ALBUQUERQUE - UV1;RUA 143 N 155 - 1 ETAPA
FORTALEZA;112;405;EDSON QUEIROZ;COLEGIO ARI DE SA CAVALCANTE WS;AV WASHINGTON SOARES, 3737
JATI;70;389;BALANCA-SEDE;ESCOLA MUNICIPAL ANTONIA MARIA DA CONCEICAO;VILA BALANCA
FORTALEZA;80;219;ALTO DA BALANÇA;EM PROFESSORA EDITH BRAGA;RUA CAPITAO VASCONCELOS 1061
FORTALEZA;112;306;JARDIM DAS OLIVEIRAS;EEMTI MIRIAN PORTO MOTA;RUA DAS CASTANHOLAS, S/N
FORTALEZA;83;44;MONTESE;COLÉGIO ELITE;AVENIDA JOÃO PESSOA, 6302
AQUIRAZ;66;202;TAPUIO;CENTRO DE EDUCAÇÃO E CIDADANIA MARIA DE CASTRO BERNARDO;RUA JOSE ADAMOR ABREU, S/N - DISTRITO JOAO DE CASTRO
PACAJUS;49;87;BANGUE I;EEF RAIMUNDO SOTERO DE MOURA;AV EXPEDITO CHAVES CAVALCANTE 2951
MARACANAÚ;122;208;HORTO;EEF CARNEIRO DE MENDONCA;RUA PROFESSOR JOSE HENRIQUE DA SILVA 4891
MARTINÓPOLE;25;238;CENTRO;E.E.F.T.I. CHICO MUNDOCA;RUA 07 DE SETEMBRO, N 902
FORTALEZA;82;180;MONTE CASTELO;EEMTI CLÁUDIO MARTINS;RUA DEMÓCRITO ROCHA, 400
CAMOCIM;32;62;PRAIA;CRAS II - PROFESSOR IVAN PEREIRA DE CARVALHO - POLO;RUA 24 DE MAIO, 2911
CHOROZINHO;49;26;PARQUE SAO JOSE;EEFM PADRE ENEMIAS FREIRE DE ALMADA;PRACA DOM JOSE DE MEDEIROS DELGADO SN
ITAPIÚNA;105;145;ZONA RURAL;ESCOLA DE ENSINO FUNDAMENTAL SANTA RITA;TRAVESSIA
FORTALEZA;112;180;CIDADE DOS FUNCIONÁRIOS;IGREJA DA GLÓRIA;AV OLIVEIRA PAIVA, 905
JUCÁS;43;41;CENTRO - SEDE;ESCOLA DE ENSINO MÉDIO LUIZA TAVORA;RUA HILDELY CAVALCANTE 120
SÃO LUÍS DO CURU;23;307;CENTRO-SEDE;E.E.F. PADRE JOSE SINVAL FACUNDO;RUA PEDRO CIPRIANO SN
FORTALEZA;82;69;ÁLVARO WEYNE;COLÉGIO MANUEL DA SILVA (CARLITO PAMPLONA);RUA ASSIS BEZERRA, 25
NOVO ORIENTE;99;52;ZONA RURAL;CENTRO DE EDUCAÇÃO RURAL - CERU;LAGOA DA AREIA
MARANGUAPE;4;64;LAGOA DO JUVENAL;EMEF JOSÉ DE SOUSA ALBUQUERQUE;AVENIDA NOSSA SENHORA DO CARMO, 525
IPU;21;15;SEDE;CVT - CENTRO VOCACIONAL TECNOLOGICO;AV MILTON CARVALHO SN - CAIXA DAGUA
TAMBORIL;61;41;ZONA RURAL;EMEIF JOAQUIM RIBEIRO DOS SANTOS;COMUNIDADE QUILOMBOLA ENCANTADOS DO BOM JARDIM
QUIXERAMOBIM;11;208;CENTRO;ESCOLA ASSIS BEZERRA;RUA FRANCISCO IVO 60
TRAIRI;97;139;JANDAIRA I;ASSOCIACAO DOS MORADORES DA JANDAIRA I;JANDAIRA I
JUAZEIRO DO NORTE;28;323;SALESIANOS;COLEGIO SALESIANO SÃO JOÃO BOSCO;PADRE CICERO 1492
IBIAPINA;73;70;SÍTIO LIMÃO;ESCOLA RAIMUNDO FERREIRA DE SOUSA;SÍTIO LIMÃO
ACARAÚ;30;44;ZONA RURAL;ESCOLA ANCELMO JOSÉ DA SILVEIRA;CARRAPATEIRAS
ACARAÚ;30;10;ZONA RURAL;ESCOLA JOAO JAIME FERREIRA GOMES FILHO;CURRAL VELHO DE BAIXO
MARANGUAPE;4;638;NOVO MARANGUAPE II (AREA SECA) - MARANGUAPE;CEI CONEGO RAIMUNDO PINTO;RUA RAIMUNDO PINTO, S/N
QUIXADÁ;6;19;CIPÓ DOS ANJOS;CASA DE FARINHA COMUNITÁRIA DO BOM LUGAR;BOM LUGAR, S/N
QUIXERAMOBIM;11;252;ARGENTINA SIQUEIRA;ESCOLA MARIA DO SOCORRO COELHO BENICIO;RUA D, S/N - QUADRA 04
ITATIRA;33;284;ZONA RURAL;EMEF EDUARDO BARBOSA;LOCALIDADE DE CACHOEIRA BR
BOA VIAGEM;63;154;RECREIO;EEF PATRICIA FACUNDO CAMPOS;RUA JOSE VIEIRA COSTA,481-ALTO DO RECREIO
FORTALEZA;93;112;MONDUBIM;EM OSMIRIO DE OLIVEIRA BARRETO;RUA 10, S/N (CJ SITIO DO CÓRREGO)
MASSAPÊ;45;69;CENTRO;EEFM ADAUTO BEZERRA;PCA MANOEL JARBAS AGUIAR SN
ARARENDÁ;48;32;CENTRO;E. E. F. M.  21 DE DEZEMBRO;RUA FRANCISCO FERRAZ, S/N
TAUÁ;19;205;MARRECAS;E.E.I. FRANCISCA BEZINHA DE ARAÚJO;BAIXA VERDE
ITAITINGA;78;230;CENTRO;EEF VALMIQUE SAMPAIO ALBUQUERQUE;RUA JOSMO GURGEL ARAUJO, 1256
CEDRO;13;562;PEGA AVOANTE;ESCOLA DE ENS FUND ARAKEN SEDRIN DE AGUIAR;RUA SAO JOSE 1790
QUIXADÁ;6;205;JUATAMA;EEF RENATO DE ARAÚJO CARNEIRO;RUA FRANCISCO MOREIRA DE SOUZA,1324
GRAÇA;79;163;SITIO JABURU;EEF JOAO SALMITO DE ALMEIDA;SITIO JABURU
SANTANA DO ACARAÚ;44;135;CACIMBAS;EEF MANOEL FRANCISCO DA SILVA;CACIMBAS
ARARENDÁ;48;14;FERREIRÃO;E. E. F. JOAQUIM FERREIRA DA SILVA;AV. SÃO VICENTE DE PAULA
MARACANAÚ;104;314;PAJUÇARA;EMEF MARIA PEREIRA DA SILVA;RUA JUSTINO DE SOUSA, 842
MILAGRES;26;44;SITIO CARNAUBA;ESCOLA JOSE RODRIGUES BEZERRA;SITIO CARNAUBA
MILAGRES;26;113;SITIO GAMELEIRA;POSTO DE SAUDE DA GAMELEIRA;SITIO GAMELEIRA
TIANGUÁ;81;74;ACARAPE;E.E.I. F. MARIA ANIR AZEVEDO;LOTEAMENTO - SÍTIO ACARAPE
BARREIRA;52;21;CÓRREGO;ESCOLA MANUEL LIBERATO DE CARVALHO;CÓRREGO
TIANGUÁ;81;70;RÉGIS DINIZ;E.E.I.F. MONSENHOR AGESILAU DE AGUIAR;AVENIDA ZEFERINO FERREIRA, S/N
NOVO ORIENTE;99;69;ZONA RURAL;CEIF PROF. FRANCISCO EDSON DE OLIVEIRA;MONTE ALEGRE
MISSÃO VELHA;16;8;TRILHO DE FERRO;EEF MAJOR FELIPE;AVENIDA BRASILIA S/N.
CRATO;27;205;SEMINÁRIO;EEIEF LICEU DIOCESANO DE ARTES E OFÍCIOS;RUA DUARTE JÚNIOR S/N
MISSÃO VELHA;16;73;SEDE;CAMARA MUNICIPAL PALACIO JOSE CORREIA LIMA;RUA PADRE CICERO, SN, CENTRO.
SOBRAL;24;419;RENATO PARENTE;EEEP LYSIA PIMENTEL GOMES;AV. JOHN SANFORD, 1223
MORADA NOVA;47;201;PEDRAS;CAPELA DO ASSENTAMENTO BELFORT ROXO;LAGOA DA SERRA, BELFORT ROXO
CEDRO;13;483;SANTO ANTÔNIO;ESCOLA DE ENS FUND JOAQUIM ALVES DOS SANTOS;ST CACHOEIRINHA DOS COELHOS
FORTALEZA;94;789;VILA VELHA;EM ANTONIO CORREIA LIMA;RUA HERMES PARAYBA, 934
CASCAVEL;7;93;SEDE;PATRONATO JUVENAL DE CARVALHO;RUA PADRE VALDEVINO 2070 - CENTRO
ITAPIPOCA;17;104;ASSUNÇÃO;EEB PAUTÍLIA DE SOUSA BRAGA VERAS;RUA JOÃO TABOSA BRAGA, 650
JUAZEIRO DO NORTE;119;200;SANTA TEREZA;COLEGIO POLIVALENTE;JOSE MARROCOS SN
GUAIÚBA;57;69;AGUA VERDE;POLO DE ATENDIMENTO CARLOS MOREIRA MEDEIROS;RUA MANOEL MOREIRA, S/N
FORTALEZA;118;579;DIAS MACEDO;EEFM ANTÔNIO DIAS MACEDO;AV PEDRO DANTAS 340
CROATÁ;74;61;DISTRITO;ESCOLA MUNICIPAL PROFESSORA MARIA DO CARMO MELO (BETANIA);BETANIA
BARBALHA;31;1;CENTRO;COLÉGIO DOM BOSCO OBJETIVO (CENTRO);RUA ADÃO APOLINÁRIO, S/N
SÃO GONÇALO DO AMARANTE;36;260;UMARITUBA-DISTRITO;E. E. F. LEONICE ALCANTARA;UMARITUBA
FORTALEZA;83;716;HENRIQUE JORGE;EEFM JOAO PAULO II;RUA PORTO ALEGRE, 75
BEBERIBE;84;21;CENTRO;ESCOLA MUNICIPAL DESEMBARGADOR PEDRO DE QUEIROZ;RUA JOSE BESSA 561
PARAMBU;19;386;NOVO ASSIS;IGREJA ASSEMBLEIA DE DEUS (ANTIGA ESCOLA FRANCISCO BEZERRA);ÁGUAS BELAS
FORTALEZA;82;122;CRISTO REDENTOR;EEMTI LIONS JANGADA;RUA CAMÉLIA, 352
FORTALEZA;113;409;VILA UNIÃO;COLÉGIO ART E MANHA;RUA SÃO MATEUS, 1020
BREJO SANTO;70;148;CENTRO-SEDE;E E F M JOSÉ MATIAS SAMPAIO;RUA MANOEL INACIO BEZERRA 49
JIJOCA DE JERICOACOARA;30;115;ZONA RURAL;EEEP SANDRA CARVALHO COSTA;CORREGO DA FORQUILHA I
IBICUITINGA;47;52;CENTRO;EEB ENEAS FERREIRA NOBRE;RUA CAPITAO MANOEL ANTONIO 2180
REDENÇÃO;52;177;DISTRITO DE ANTÔNIO DIOGO;ESCOLA CECÍLIA PEREIRA;RUA TEREZA CRISTINA, N. 295 - CENTRO
CAUCAIA;37;452;PARQUE LEBLON;EEIEF PEDRO LAURINO DE OLIVEIRA;RUA FILGUEIRAS SAMPAIO, S/N
VIÇOSA DO CEARÁ;35;104;SITIO BURITI GRANDE;CEI BRÁS BATISTA DA CUNHA;SITIO BURITI GRANDE
MORADA NOVA;47;44;SAO FRANCISCO;EEB PROFESSORA ANA CLARA ANDRADE NÂNTUA BENTO;RUA JOSÉ DE SOUSA MARTINS, 261
FORTALEZA;118;552;MONDUBIM;EM PROFESSOR JACINTO BOTELHO;RUA DR. RODRIGO CODES SANDOVAL, 374
SANTANA DO ACARAÚ;44;75;SOROROCA;LOJA MAÇÔNICA DEUS E FRATERNIDADE;SOROROCA
REDENÇÃO;52;9;CENTRO (SEDE);CENTRO EDUCACIONAL PERBOYRE E SILVA;RUA MARECHAL DEODORO, N. 399
ITATIRA;33;170;CENTRO;EEFM ANTONIO SABINO GUERRA;RUA DR CLODOALDO PINTO SN
TRAIRI;97;16;CENTRO;EEB RAIMUNDO NONATO RIBEIRO;RUA RAIMUNDO NONATO RIBEIRO
AMONTADA;89;135;MOITAS;EEBTI JONAS PEREIRA AZEVEDO;RUA GILVANI TEIXEIRA
CROATÁ;74;178;DISTRITO;ESCOLA MUNICIPAL PROFESSORA ANTÔNIA RIBEIRO (LAGOA DA CRUZ);LAGOA DA CRUZ
IRAUÇUBA;41;32;CENTRO-SEDE;CENTRO EDUCACIONAL PROFESSOR ANTONIO BARBOSA BRAGA;LUCAS BATISTA DA MOTA 135
CRUZ;30;196;ZONA RURAL;ESCOLA FRANCISCO BENEDITO DE FARIAS;POÇO DOCE - CE 085
FORQUILHA;121;200;EDMUNDO RODRIGUES;EEFM ELZA GOERSCH;AV CRIANÇA DANTE VALERIO S/N CENTRO
FORTALEZA;82;122;CRISTO REDENTOR;EEMTI LIONS JANGADA;RUA CAMÉLIA, 352
BARROQUINHA;108;48;CENTRO;EEMTI JAIME LAURINDO DA SILVA;TRAVESSA DO CAMPO, S/N
TIANGUÁ;81;173;CENTRO;E.E.M.T.I. MONSENHOR AGUIAR;RUA TEÓFILO RAMOS, 553
IPUEIRAS;40;148;LAGOA DO ARROZ;EEF PEDRO ALVES DA SILVA - LAGOA DO ARROZ;LAGOA DO ARROZ
ITAREMA;98;184;ZONA RURAL;EMEF ALTAIR GIFFONI;CE 434 KM 1- GARGOE
CAUCAIA;123;320;PARQUE POTIRA (JUREMA);COLÉGIO ESTADUAL LICEU DE CAUCAIA;RUA ARAQUÉM, 1100 - PARQUE POTIRA (JUREMA)
MARANGUAPE;4;632;NOVO MARANGUAPE I (ÁREA VERDE) - MARANGUAPE;EEFM CAIC SENADOR CARLOS JEREISSATI;RUA ANTONIO TEIXEIRA, S/N
TIANGUÁ;81;38;LAURÃO;ESCOLA DE ENSINO MÉDIO TANCREDO NUNES DE MENEZES;RUA ASSEMBLÉIA DE DEUS, 1072
FORTALEZA;94;192;VILA VELHA;EEFM DONA HILZA DIOGO DE OLIVEIRA;AV. DOM ALOÍSIO LORSCHEIDER, 1040 - VILA VELHA
LIMOEIRO DO NORTE;29;140;ILHA;EEF WILSON ESTACIO DE SOUSA;RUA WILSON ESTÁCIO DE SOUZA
JUAZEIRO DO NORTE;119;7;LIMOEIRO;ESCOLA ODORINA CASTELO BRANCO SAMPAIO;AV. JOSÉ BEZERRA DE MENEZES S/N
JUAZEIRO DO NORTE;28;244;FATIMA;EEF JOSE FERREIRA MENEZES;PEDRO GUILHERME DA SILVA S/N
TEJUÇUOCA;41;300;CENTRO-SEDE;CMEI DE ALFABETIZAÇÃO E LETRAMENTO MARIA MIRANDA GOMES;AVENIDA GABRIEL AGUIAR FILHO
ITAIÇABA;75;72;CENTRO;E.E.F.T.I. PADRE ABILIO MONTEIRO NETO;RUA JOAO BARBOSA LIMA 1074
MASSAPÊ;45;2;CENTRO;EEFM ADAUTO BEZERRA;PCA MANOEL JARBAS AGUIAR SN
BELA CRUZ;96;15;CENTRO-SEDE;EMEF MONS. ODÉCIO;RUA CORONEL DUCA, 704
FORTALEZA;113;382;PARQUELÂNDIA;CRECHE ESPACO E VIDA;RUA PEDRO DE QUEIROZ, 532
TAMBORIL;61;6;CENTRO;EMEF GENERAL SAMPAIO;RUA FRANCISCO MARTINS DE HOLANDA, 75
QUIXADÁ;6;144;DANIEL DE QUEIRÓS;ESTAÇÃO FERROVIÁRIA DE DANIEL DE QUEIROZ;DANIEL DE QUEIROZ, S/N
BARBALHA;31;33;CENTRO;COLÉGIO DOM BOSCO OBJETIVO (CENTRO);RUA ADÃO APOLINÁRIO, S/N
CASCAVEL;7;47;CAPONGA;ESC.ENS.FUND. DE BALBINO;BALBINO
QUIXADÁ;6;1;CUSTÓDIO;POSTO DE SAUDE EFIGENIO LINO;JATOBA, S/N
MAURITI;76;152;UMBURANAS-DISTRITO;CRECHE SRA. SANTANA;RUA MAJOR JOAQUIM FURTADO, S/N
GRAÇA;79;156;CENTRO-SEDE;GRUPO VICENTE ALVES DE SOUSA;R JOAQUIM VICENTE DE ALCANTARA S/N
FORTALEZA;94;737;VILA VELHA;EMEIF HERONDINA LIMA CAVALCANTE;AV. AMBIENTALISTA ARY THIERS, 310
SOBRAL;24;85;PARQUE SILVANA;EEFI ANTONIO MENDES CARNEIRO;AVENIDA DR. JOSE EUCLIDES FERREIRA GOMES JUNIOR, S/N
BOA VIAGEM;63;106;FACAO;EEF JOAO BRIGIDO DE MORAIS;FACAO S/N
JUAZEIRO DO NORTE;28;4;CENTRO;BIBLIOTECA PÚBLICA MUNICIPAL DR. POSSIDÔNIO DA SILVA BEM;RUA SANTO AGOSTINHO, 300
FORTALEZA;95;115;CONJUNTO PALMEIRAS;EMEIEF PROFESSORA BERNADETE ORIÁ DE OLIVEIRA;RUA DR. CODES SANDOVAL 796
FORTALEZA;112;335;PARQUE MANIBURA;COLÉGIO ÁGAPE;AV HERMINIO DE CASTRO, 140
FORTALEZA;82;492;PIRAMBU;CENTRO DE EDUCAÇÃO INFANTIL (CEI) MARIA DALVA DOS SANTOS;RUA COSTA MATOS, S/N
FORTALEZA;3;285;PRAIA DE IRACEMA;EM SÃO RAFAEL;RUA DOS TABAJARAS, 244
FORTALEZA;93;229;PREFEITO JOSÉ WALTER;EM DIOGO VITAL DE SIQUEIRA;AVENIDA L , S/N
GUARACIABA DO NORTE;74;124;DISTRITO;ESCOLA MUNICIPAL DE CRUZ DAS ALMAS;CRUZ DAS ALMAS
FORTALEZA;113;409;VILA UNIÃO;COLÉGIO ART E MANHA;RUA SÃO MATEUS, 1020
FORTALEZA;113;148;JARDIM AMÉRICA;ESC. EST. DE EDUC. PROFISSIONAL PAULO VI;RUA JORGE DUMMAR, 1841
MILAGRES;26;134;CENTRO;CENTRO DE EDUCAÇÃO INFANTIL NOVO ESPAÇO DA CRIANÇA;RUA ABÍLIO CRUZ
PARAMOTI;111;133;CENTRO;EEMTI TOMÉ GOMES DOS SANTOS (PRÉDIO NOVO);RUA ORLEANS FARIAS, S/N - SANTA CECÍLIA
FORTALEZA;85;227;CONJUNTO CEARÁ I;EEM LICEU DO CONJUNTO CEARA;RUA 1139 A, 10 4 ETAPA
CANINDÉ;33;203;PALESTINA;CAIC ALFREDO COELHO MAGALHÃES;RUA ANTONIO MONTEIRO DOS SANTOS SN
MARANGUAPE;4;30;ITAPEBUSSU;EEMTI ANTÔNIO MARQUES DE ABREU;RUA MANUEL GUEDES MARTINS, 1076.
REDENÇÃO;52;15;CENTRO (SEDE);ESCOLA DR. EDMILSON BARROS DE OLIVEIRA;RUA SANTOS DUMONT, S/N
CAUCAIA;123;292;PARQUE GUADALAJARA (JUREMA);E.E.I.E.F. DANILO DALMO DA ROCHA CORRÊA;RUA ACAPULCO, 1805 - PARQUE POTIRA II
FORTALEZA;113;400;PARQUE ARAXÁ;CENTRO UNIVERSITÁRIO UNIFANOR;AV. BEZERRA DE MENEZES, 1277
RUSSAS;9;213;PLANALTO BELA VISTA;ESCOLA MUNICIPAL ANA XAVIER LOPES;TRAVESSA JOSE MUNIZ 2457
RUSSAS;9;252;VARZEA ALEGRE;ESCOLA MUNICIPAL CORACAO DE JESUS;RUA OCION LOPES DA SILVEIRA S/N
JUAZEIRO DO NORTE;28;91;FRANCISCANOS;ECIM DOUTOR EDVAR TEIXEIRA FERRER;DOM PEDRO II 1643
JUAZEIRO DO NORTE;28;26;SAO MIGUEL;UNINASSAU CAMPUS SÃO MIGUEL;RUA SÃO FRANCISCO, 1224
FORTALEZA;116;401;BONSUCESSO;EM XV DE OUTUBRO;RUA GUARANI, 2030
MARACANAÚ;104;383;PAJUÇARA;EMEIEF PROF PAULO FREIRE;RUA PAULO BATISTA 660
CATARINA;60;253;SEDE;POSTO DE SAUDE DE SAO DOMINGOS;SAO DOMINGOS
IBIAPINA;73;68;RAIMUNDO LINHARES;ESCOLA FRANCISCA RODRIGUES GOMES;RUA ANTONIO BORGES DE CARVALHO, S/N
BREJO SANTO;70;2;ARAUJÃO;UNIVERSIDADE FEDERAL DO CARIRI - UFCA;RUA OLEGÁRIO EMÍDIO DE ARAÚJO, S/N
BOA VIAGEM;63;159;BOQUEIRAO;EEF RAIMUNDO ALVES BATISTA;ASSENTAMENTO BOA VENTURA - BOQUEIRAO
BANABUIÚ;6;420;RINARÉ;EEF ELIAS FERNANDES LIMA;LAGOA DO MEIO
JUAZEIRO DO NORTE;119;455;TIMBAUBA;ESCOLA DOM VICENTE DE PAULA ARAUJO MATOS;RUA RUI BARBOSA 1935
CAMPOS SALES;38;166;BAIRRO BATALHÃO;E.E.I.F MANOEL DUARTE DE SÁ BARRETO - SEDE;RUA IZABEL MENDES, 193
CAUCAIA;120;441;CONJUNTO METROPOLITANO;E.E.I.E.F. ANTÔNIO MIRANDA DE MELO;RUA PEDRO ALVES DE MENEZES, 1095 - CONJUNTO METROPOLITANO
CAMPOS SALES;38;50;DIST. DE CARMELÓPOLIS;E.E.I.F JOAQUIM MOREIRA FILHO - ANEXO DO OSSEAN ALENCAR ARARIPE;RUA  VIRGILIO GOMES, 139
CROATÁ;74;66;DISTRITO;ESCOLA MUNICIPAL JOVITA CHAVES (SANTA TEREZA);SANTA TEREZA
FORTIM;8;193;PONTAL DE MACEIO;EEFTI. PROFESSORA EMILIA QUEIROZ;PONTAL DE MACEIO
GRANJA;25;23;SÃO PEDRO;CEJA GUILHERME GOUVEIA;RUA TRISTAO GONCALVES, 66
FORTALEZA;112;473;SAPIRANGA-COITÉ;EM IRMA SIMAS;RUA JOSE SOBREIRA, 608
MONSENHOR TABOSA;61;140;CENTRO;ESCOLA INDÍGENA DE MONSENHOR TABOSA;RUA SANTO ANTONIO 124
PARACURU;109;83;CAMPO DE SEMENTE;E. M. E. I. F. JOSE FERREIRA DA SILVA;RUA N. S. DO AMPARO, S/N
FORTALEZA;82;106;CRISTO REDENTOR;CCDH - CENTRO DE CIDADANIA E DIR. HUMANOS - GOV. VIRGÍLIO TÁVORA;AV. MONSENHOR HELIO CAMPOS, 178
SABOEIRO;43;258;BARRINHA;E.E.F. ANTONIO WILSON DOS SANTOS;DISTRITO BARRINHA
MILAGRES;26;47;SITIO SERRA BRAVA;ESCOLA MARIA DOS ANJOS DO ESPIRITO SANTO;SITIO SERRA BRAVA
CHOROZINHO;49;204;CENTRO;CRECHE COMUNITARIA SANTA TEREZINHA;AV RAIMUNDO SIMPLICIO DE CARVALHO SN
ITAREMA;98;148;ZONA RURAL;EMEF OSIRES PONTES;CARVOEIRO
FORTALEZA;95;124;JANGURUSSU;EMEIEF LIONS CLUBE FORTALEZA FÁTIMA;TRAVESSA LIONS CLUBE, 141
BOA VIAGEM;63;226;PITOMBEIRA-SEDE;EEF JOSE ALVES TERCEIRO;CAJAZEIRAS
ACARAPE;52;146;AMARGOSO;ESCOLA HUMBERTO DE CAMPOS;AMARGOSO
RUSSAS;9;45;CENTRO;ESCOLA MUNICIPAL TIA BENILCE DE EDUC INFANTIL E ENSINO FUNDAMENTAL;AVENIDA DOM LINO, 204
ICÓ;15;79;SANTA CRUZ DA SERRA - DISTRITO;ESCOLA MUNICIPAL  WALFRIDO MONTEIRO SOBRINHO;RUA EVILASIO BARBOSA S/N
SÃO BENEDITO;22;153;SITIO JACARANDÁ;EEF PEDRO JOSE DA SILVA;SITIO JACARANDAR
IBIAPINA;73;18;CENTRO;ESCOLA MONSENHOR MELO (ESTADUAL);AV PEDRO FERREIRA DE ASSIS 284
ARARENDÁ;48;138;SANTANA;ESCOLA JOSÉ EVANGELISTA SILVA;LOCALIDADE DE SANTANA
SOBRAL;24;323;SUMARÉ;EEM PROFESSORA CARMOSINA FERREIRA GOMES;RUA DAS FLORES, S/N
LIMOEIRO DO NORTE;29;149;BIXOPÁ;EEF JOSE AFONSO FERREIRA MAIA;DISTRITO DE BIXOPA
FORTALEZA;117;336;PARQUE PRESIDENTE VARGAS;COLÉGIO CASTRO ALVES;RUA TULIPA NEGRA, 2319
EUSÉBIO;88;234;JABUTI;EEM PROF. FRANCISCA LINHARES DE SOUSA;R. EDUARDO SÁ, S/N
TAMBORIL;61;15;CENTRO;EMTI 4 DE OUTUBRO;RUA VICENTE ALVES DO VALE SN
SÃO LUÍS DO CURU;23;291;SWAT-SEDE;E.E.F. SABINO NUNES DA SILVA;RUA ROCHAEL MOREIRA, SN
PENTECOSTE;50;95;ZONA RURAL;EMTI PREFEITO ANTÔNIO CARNEIRO;PROVIDÊNCIA
PENTECOSTE;50;127;ACAMPAMENTO;CEI DOQUINHA CARNEIRO;RUA NOSSA SENHORA DE FÁTIMA, S/N
FORTALEZA;83;795;JÓQUEI CLUBE;CENTRO UNIVERSITÁRIO ESTÁCIO - CAMPUS PARANGABA;AVENIDA SENADOR FERNANDES TÁVORA, 137
CAUCAIA;120;435;CONJUNTO METROPOLITANO;E.E.I.E.F. ANTÔNIO MIRANDA DE MELO;RUA PEDRO ALVES DE MENEZES, 1095 - CONJUNTO METROPOLITANO
CAUCAIA;37;8;CENTRO;C.S.U. EDSON DA MOTA CORREA;RUA JOSE DE PONTES, 2671 - AÇUDE
SALITRE;38;13;CENTRO;E.E.E.M.T.I. - VALDEMAR DE ALCÂNTARA E SILVA - SEDE;AVENIDA DO ESTADO, S/N
FORTALEZA;93;179;MONDUBIM;EEFM ESTADO DO MARANHAO;RUA CARLOS PIMENTA,506
ITAPIPOCA;17;544;BARRENTO;EEB PEDRO PEREIRA;SÃO TOMÉ
IGUATU;13;88;VILA MOURA;ESCOLA DE ENSINO MEDIO LUCAS EMANUEL;RUA AMALIA BRASIL SN
PEDRA BRANCA;59;76;SEDE;EEF ANTONIO MOREIRA DE SOUZA;SÃO JOSÉ
FORTALEZA;85;146;CONJUNTO CEARÁ I;EEEP PROFESSOR CESAR CAMPELO;RUA 717, N.164, 3 ETAPA
SOBRAL;24;511;DOMINGOS OLÍMPIO;EEFI EMILIO SENDIM;RUA EDUARDO DE ALMEIDA SANFORD, S/N
ORÓS;15;283;PEREIRO DOS PEDROS - SITIO;E.E.F. JOAQUIM PEDRO DA SILVA;SITIO PEREIRO DOS PEDROS, S/N
MISSÃO VELHA;16;104;ZONA RURAL;EEF NOEMIA CRUZ LANDIM;SITIO PASSAGEM DE PEDRA
TIANGUÁ;81;50;CENTRO;CEJA DONA ESTRELA;RUA CAPITÃO JOAQUIM LOURENÇO, S/N
JUAZEIRO DO NORTE;28;296;SAO MIGUEL;EEF TABELIAO VICENTE PEREIRA DA SILVA;DOUTOR FLORO BARTOLOMEU 1203
JUAZEIRO DO NORTE;28;414;SAO MIGUEL;CENTRO CEARENSE DE IDIOMAS - CCI;RUA QUINZE DE NOVEMBRO S.N.
EUSÉBIO;88;249;GUARIBAS;EEF DAS GUARIBAS;RUA SÃO FRANCISCO, 84 - GUARIBAS
SÃO LUÍS DO CURU;23;345;COLONOS-POVOADO;E.E.B DIONÍSIO RIBEIRO LUZ;NÚCLEO G, SN - ZONA RURAL
FORTALEZA;82;190;MONTE CASTELO;EEMTI CLÁUDIO MARTINS;RUA DEMÓCRITO ROCHA, 400
FORTALEZA;94;446;ANTÔNIO BEZERRA;EM PADRE JOSEFINO CABRAL;AV SARGENTO HERMINIO SAMPAIO 5598
DEPUTADO IRAPUAN PINHEIRO;55;45;CENTRO;EEM JOAQUIM JOSUE DA COSTA;RUA OLGA DE SOUZA, 80
SANTANA DO ACARAÚ;44;63;CENTRO;EEMTI NAZARÉ SEVERIANO;RUA NONATO ARCANJO S/N -CENTRO
PACATUBA;57;130;SAO BENTO;ESCOLA DE 1 GRAU MANOEL PONTES DE MEDEIROS;RUA JOSE SOARES DE ALBUQUERQUE, 246
ITAPIPOCA;17;62;IPU MAZAGÃO;EEB FRANCISCA PINTO MARQUES;IPU MAZAGAO
ERERÉ;10;112;CENTRO;SECRETARIA DE EDUCACAO CULTURA E DESPORTO;RUA SENADOR FERNANDES TAVORA, 574
SÃO BENEDITO;22;116;SITIO JUSSARA;EEF CICERO CLEMENTINO DE MEDEIROS;SITIO JUSSARA
URUBURETAMA;23;152;ITACOLOMY / ZONA RURAL;EEF FRANCISCO ARAUJO CHAVES;ITACOLOMY
CARNAUBAL;22;22;SEDE;EEF GUILHERME FERREIRA LIMA;SITIO FAVEIRA II
ICÓ;15;39;CENTRO - SEDE;EEM - VIVINA MONTEIRO;RUA DR INACIO DIAS S/N
SOBRAL;24;354;JAIBARAS;EEFI JOAQUIM BARRETO LIMA (SETOR I);SAO VICENTE - SETOR I
CRATO;27;330;DOM QUINTINO;EEIEF JOÃO LEANDRO CORREIA;SÍTIO BOQUEIRÃO
CARIRIAÇU;71;110;PARAÍSO;EEM SÃO PEDRO;RUA LUIZ BEZERRA 325
QUIXADÁ;6;77;CIPÓ DOS ANJOS;EEF FLÁVIO PORTELA MARCILIO;PASSAGEM FUNDA, S/N
AMONTADA;89;192;GARÇAS;EEM LIDIA CARNEIRO DE BARROS;GARÇAS
BOA VIAGEM;63;206;CURUPATI;EEF JOSÉ MARTINS DE LIMA;CURUPATI
AURORA;69;120;PADRE MORORO-SEDE;E.E.I.F. ANTONIO LANDIM DE MACEDO;PADRE MORORO S/N
PARACURU;109;69;CAMPO DE AVIAÇÃO;E. M. E. I. F. PROFESSORA MARIA ALBUQUERQUE LIMA - DINA;AV. SAO JOAO EVANGELISTA, 385
BEBERIBE;84;162;SITIO LUCAS;ESCOLA MUNICIPAL PEDRO DE QUEIROZ FERREIRA;RUA MANOEL EMÍDIO DA SILVA, 497
FORTALEZA;94;574;QUINTINO CUNHA;EEMTI MARIA JOSÉ SANTOS FERREIRA GOMES (CERE);RUA DONA LUCIA PINHEIRO, 93
FORTALEZA;85;226;CONJUNTO CEARÁ I;EEM LICEU DO CONJUNTO CEARA;RUA 1139 A, 10 4 ETAPA
MARCO;96;113;LOCALIDADE DE MOCAMBO;EEF MANUEL JAIME NEVES OSTERNO;RUA JOSE MENEZES, SN
FORTALEZA;116;479;GRANJA PORTUGAL;CEI REITOR ANTONIO MARTINS FILHO - UNIDADE 2;RUA HUMBERTO LOMEU 1220
SOBRAL;24;656;CAMPO DOS VELHOS;EEM PROF. LUIS FELIPE;RUA CEL JOSE SILVESTRE, 760
COREAÚ;64;35;Aroeiras;AROEIRAS - ESCOLA MUN. CORAÇÃO DE JESUS;RUA ANTONIO MONTEIRO DA COSTA, S/N - DISTRITO DE AROEIRAS, COREAÚ/CE
GENERAL SAMPAIO;50;107;CENTRO;EMEF Mª ARINDA LOBO DE MESQUITA;RUA JOSÉ SEVERINO FILHO, 209
FORTALEZA;95;201;PEDRAS;EM TRISTÃO DE ALENCAR;RUA JOSE NOGUEIRA, 69
FORTALEZA;112;382;CIDADE DOS FUNCIONÁRIOS;EEFM WALTER DE SA CAVALCANTE;AVENIDA OLIVEIRA PAIVA, 550
OCARA;67;239;CURUPIRA-DISTRITO;ESCOLA MUNICIPAL JOAQUIM JOSE PEREIRA - ENSINO FUNDAMENTAL;VILA QUINCAS
RUSSAS;9;203;TABULEIRO DO CATAVENTO;CAIC - SENADOR CARLOS JEREISSATI;RUA 25 SN  MUTIRAO
PACAJUS;49;175;BURITI;SECRETARIA DE EDUCAÇÃO;RUA TABELIÃO JOSÉ GAMA FILHO
UBAJARA;73;161;SEBASTIAO GOMES PARENTE;ESCOLA  LUIZ GONZAGA DA FONSECA MOTA;RODOVIA ESTADUAL CE 187 (RODOVIA DA CONFIANCA)
SANTANA DO ACARAÚ;44;99;CENTRO;COLÉGIO SANTANENSE;RUA DR MANOEL JOAQUIM 1019
JUCÁS;43;118;ALTO DA AREIA - SÍTIO - SEDE;PRÉDIO DA ASSOCIAÇÃO COMUNITÁRIA DO ALTO DA AREIA;SÍTIO ALTO DA AREIA
FORTALEZA;112;141;JARDIM DAS OLIVEIRAS;EEFM D. LUIZA TÁVORA - PRÓ MORAR;RUA FREI CANECA, 379
MARANGUAPE;4;544;TABATINGA - SAPUPARA;EEFM LUIZ GIRÃO;AVENIDA TABATINGA, S/N
TAMBORIL;61;45;DISTRITO DE BOA ESPERANÇA;EMEIF FRANCISCO VIANA FILHO;RUA GONÇALO CARLOS FARIAS, S/N - VILA BOA ESPERANÇA
SANTA QUITÉRIA;54;179;PEREIROS;E. E. F. DEPUTADO CHICO FIGUEREDO;RUA EDSON LOBO DE MESQUITA
POTENGI;68;70;SITIO ROSARIO;UBS ROSÁRIO;SITIO ROSARIO
EUSÉBIO;88;157;SANTA CLARA;EEF SANTA CLARA;RUA FRANCISCO CLAUDIO PAEZ, 88 - SANTA CLARA
PACATUBA;57;111;CONJUNTO JEREISSATI II;ESCOLA DE 1 GRAU DESEMBARGADOR RAIMUNDO DE CARVALHO;AV. XV SETOR F
GRANJA;25;41;ADRIANOPOLES;E.E.F. GUILHERME TELES GOUVEIA (ANTIGA NIEDJA ARRUDA);RUA VICENTE FERREIRA, S/N
TAMBORIL;61;3;CENTRO;EMTI 4 DE OUTUBRO;RUA VICENTE ALVES DO VALE SN
IPAPORANGA;20;263;MULUNGU;GRUPO ESCOLAR SAO JOAO DEL REI;LAGOA DO PEIXE
JARDIM;119;302;CENTRO;ESCOLA DR. ROMAO SAMPAIO;RUA JOSE MARROCOS 240
SANTA QUITÉRIA;54;54;PIRACICABA;E. E. M. ARACY MAGALHÃES MARTINS;RUA RAIMUNDO MESQUITA SOBRINHO, 521
FORTALEZA;85;295;ANTÔNIO BEZERRA;EEFM ANTONIO BEZERRA;RUA PADRE PERDIGAO SAMPAIO 780
PARACURU;109;19;CENTRO;E. E. M. HERMINIO BARROSO;CAP JOSE TELES, S/N
CRUZ;30;443;PREA;ESCOLA LEOPOLDO MANOEL DE MEDEIROS;PREA
APUIARÉS;50;11;CENTRO;EEFM SÃO SEBASTIÃO;AVENIDA GOMES DA SILVA, 100
MARCO;96;190;ZONA RURAL;EEF RAIMUNDO ERNESTO FONTELES;POVOADO VARJOTA
SABOEIRO;43;263;CENTRO;BIBLIOTECA PÚBLICA MUNICIPAL MILENO TORRES BANDEIRA;MONSENHOR MANOEL CANDIDO
BARBALHA;31;111;VILA DO CALDAS;EMEIF BOM JESUS (VILA DO CALDAS);RUA DANIEL CORDEIRO NEVES, S/N - PRAÇA PE.CARLOS
SOBRAL;121;295;JOCELY DANTAS;CURSO DE QUIMICA-UVA-CAMPUS CIDAO;AV. DR. GUARANY
PINDORETAMA;7;68;CENTRO-PINDORETAMA;EEM JULIA ALENQUER FONTENELE;AV. FIRMINO CRISOSTOMO, 1944
JUAZEIRO DO NORTE;28;108;SANTO ANTONIO;EEF PELUSIO CORREIA DE MACEDO;RUA MARIETA FRANCA DE MENEZES 360
UBAJARA;73;208;CENTRO;ESCOLA MARIA AGUIAR VASCONCELOS;RUA ÂNGELO SOUSA, S/N
CAUCAIA;37;448;ITAMBE;E.E.F. FLAVIO PORTELA MARCILIO;RUA 05, 23 - CONJ. VICENTE ARRUDA
ACARAÚ;30;283;CENTRO;LICEU DE ACARAÚ - ESCOLA MARIA ALICE RAMOS;CENTRO
FORQUILHA;121;228;EDMUNDO RODRIGUES;EEFM ELZA GOERSCH;AV CRIANÇA DANTE VALERIO S/N CENTRO
TAMBORIL;61;29;DISTRITO DE SUCESSO;EMTI SÃO SEBASTIÃO;VILA NOVA ROMA
JUAZEIRO DO NORTE;28;175;SAO MIGUEL;CEJA PROFA. CÍCERA G. CORREIA;DO CRUZEIRO 1440
ICÓ;15;166;CASCUDO - SITIO;ESCOLA MUNICIPAL CASEMIRO PEQUENO;SITIO CASCUDO S/N
CARNAUBAL;22;146;CRUZEIRO;EEF ANTONIO RAIMUNDO DE MELO;AV PAULO SARASATE 539
MARACANAÚ;104;428;JEREISSATI II;EEMTI PROFESSOR EDMILSON PINHEIRO;AVENIDA XII, 727
MARACANAÚ;104;356;PAJUÇARA;EMEIEF PREFEITO ALMIR FREITAS DUTRA;RUA ELÍFIO MEDEIROS DA CUNHA, 531
LAVRAS DA MANGABEIRA;14;84;CAJAZEIRAS DOS ROBERTOS - SITIO;ESCOLA MUNICIPAL CICERO CORREIA LIMA;SITIO CAJAZEIRAS DOS ROBERTOS
CATUNDA;54;79;CENTRO;E. E. F. SÃO ZACARIAS;RUA ANTONIO TIMBÓ, SN.
FORTALEZA;113;444;RODOLFO TEÓFILO;ESC. MUNICIPAL ANTONIO SALES RODOLFO TEÓFILO;RUA TAVARES IRACEMA, 675
AMONTADA;89;191;SABIAGUABA;EEB RAIMUNDO TEODORO DOS SANTOS;CORREGO GRANDE
EUSÉBIO;88;232;URUCUNEMA;EEF JOSEFA SA;RUA BEIRA RIO, 400 - MOSQUITO
CANINDÉ;33;18;ZONA RURAL;CERU JOAO AMARO DE SOUSA;DISTRITO DE SALITRE
QUITERIANÓPOLIS;99;83;SANTA CLARA;EEM MARIA JOSÉ COUTINHO;QUITERIANÓPOLIS- CE 075
TRAIRI;97;165;CAMPESTRE;EEF JOVENINA MOREIRA DE OLIVEIRA;CAMPESTRE
JAGUARUANA;75;43;CENTRO;IFCE INSTITUTO FEDERAL DO CEARÁ;AV DR ANTÔNIO DA ROCHA FREITAS, 1566
RUSSAS;9;214;TABULEIRO DO CATAVENTO;CAIC - SENADOR CARLOS JEREISSATI;RUA 25 SN  MUTIRAO
PACAJUS;49;386;CENTRO;INSTITUTO EDUCACIONAL ESSÊNCIA;RUA MAMEDE NOGUEIRA, 814
JUAZEIRO DO NORTE;119;8;LIMOEIRO;EMEI IRMÃ NELY SOBREIRA (CRECHE);AV. JOSÉ BEZERRA, N. 216
ARACOIABA;67;112;IDEAL-DISTRITO;ESCOLA MUNICIPAL IRADES CARNEIRO RANGEL;JUCA
CARIÚS;43;161;SITIO CANA BRAVA;EEIF SILVESTRE ALMEIDA DUARTE;SITIO CANA BRAVA
LAVRAS DA MANGABEIRA;14;20;MANGABEIRA - DISTRITO;ESCOLA DE 1 GRAU DR JOAO GONCALVES DE SOUZA;AV. SAO SEBASTIAO S/N
RUSSAS;9;100;PEIXE;ESCOLA MUNICIPAL CIRIACO LEANDRO MACIEL;LAGOA DO PEIXE
TIANGUÁ;81;211;LAURÃO;E.E.I.F. FREI GERVÁSIO;RUA ALBERCY NOGUEIRA DE VASCONCELOS , SN
ITAPAJÉ;41;201;FERROS-SEDE;CRECHE NEDE CRIANÇA ESPERANÇA;AV. ANTONIO BARROSO BASTOS CONJUNTO ALCEBIADES SN
GRANJA;25;237;ADRIANOPOLES;E.E.F. SÃO JOSÉ (MELANCIAS);MELANCIAS
SABOEIRO;43;287;CRUZETA;E.E.I.F. SÃO FRANCISCO;SITIO MELANCIA
CRUZ;30;273;TUCUNS;ESCOLA FILOMENO FREITAS VASCONCELOS;AV TENENTE ALBANO  SN
QUIXERAMOBIM;11;247;NENELANDIA;ESCOLA MANOEL FERREIRA E SILVA;MONTE ALEGRE
IPU;21;173;ALTO DA BOA VISTA;EMEB MONSENHOR GONÇALO DE OLIVEIRA LIMA;AV. JOSÉ CARVALHO DE ARAGÃO, 102
MADALENA;63;166;CENTRO;EEF ALFREDO ALMEIDA MACHADO;RUA PEDRO COSTA E SILVA, 99 - CENTRO
BARBALHA;31;145;ALTO DA ALEGRIA;CEI MARTINHO TAVARES TELES (ALTO DA ALEGRIA);RUA ADERSON SABINO, S/N (7.31060 S,39.29377 W)
FORTALEZA;85;202;CONJUNTO CEARÁ I;EMEIF EDILSON BRASIL SOAREZ - UV 3;RUA 303D, N 67, 2 ETAPA
BOA VIAGEM;63;14;CENTRO-SEDE;EEF PE ANTONIO CORREIA DE SA;RUA JOSE RANGEL DE ARAUJO 22
MASSAPÊ;45;86;ZONA RURAL;GE ANTONIO DE PAULA PESSOA DE FIGUEIREDO;POVOADO DE AIUA
ARATUBA;105;89;MUNDO NOVO-SITIO;ESCOLA MUNICIPAL ISABEL HERMINIO PINTO;MUNDO NOVO
CANINDÉ;33;3;CENTRO;COLEGIO ESTADUAL PAULO SARASATE;RUA JOAQUIM MAGALHAES 100
SÃO BENEDITO;22;28;CENTRO-SEDE;CENTRO EDUCACIONAL DA VIRGEM PODEROSA - CEVP;RUA JOSE ARMANDO RODRIGUES 306
IPUEIRAS;40;168;CIPÓ;ESCOLA DE ENSINO FUNDAMENTAL JOÃO NUNES DA SILVA - CIPÓ;CIPÓ
ICÓ;15;329;SANTA CRUZ DA SERRA - DISTRITO;EMTIH MANOEL PORFIRIO DE LIMA;SÍTIO SÃO JOSÉ
OCARA;67;258;BOA ESPERANÇA;ESCOLA MUNICIPAL RAIMUNDO DOS SANTOS LESSA;BOA ESPERANÇA
MORADA NOVA;47;74;ARUARU;EEB PROFESSORA JOANA PAULA DE MORAIS;AVENIDA ERNESTO GEISEL
PACAJUS;49;64;PAULICÉIA;EEF ANTONIO AIRTON TORRES;PAULICEIA
CARIÚS;43;157;VILA NOVA-SEDE;EEIF MARIA ALCIDES;RUA JUCIER CHAVES S/N
CRUZ;30;79;ZONA RURAL;ESCOLA JOAO EVANGELISTA VASCONCELOS;CAJUEIRINHO I
CRUZ;30;361;PREA;ESCOLA RAIMUNDA SILVEIRA DE SOUSA CARNEIRO;PREA
ASSARÉ;18;129;CENTRO;ESCOLA BATISTA DE ASSARÉ;AVENIDA SÃO FRANCISCO, 50
JUAZEIRO DO NORTE;28;459;FRANCISCANOS;ECIM DOUTOR EDVAR TEIXEIRA FERRER;DOM PEDRO II 1643
MIRAÍMA;89;251;POÇO DA ONÇA;EEB MANOEL FRANCISCO INACIO;POÇO DA ONÇA
JAGUARUANA;75;20;CENTRO;E.E.F. EDITH MOREIRA BARRETO;RUA CEL. RAIMUNDO FRANCISCO, 1389
RERIUTABA;79;96;QUANDU;E.E.I.F. JOÃO DA CUNHA SOBRINHO;FAZENDA QUANDU - ZONA RURAL
VÁRZEA ALEGRE;62;118;ALTO DA PREFEITURA;EEF MARIA AMÉLIA GONÇALVES COSTA;RUA JOAQUIM FELIX, SN
TRAIRI;97;138;ASSENTAMENTO BATALHA;ASSOCIAÇÃO DOS MORADORES DO ASSENTAMENTO BATALHA;BATALHA
PINDORETAMA;7;122;CENTRO-PINDORETAMA;EMEB FRANCISCA HOLANDA COSTA;RUA MARECHAL CASTELO BRANCO, 1074
FORTALEZA;82;472;JACARECANGA;EEMTI SALES CAMPOS;RUA JACINTO MATOS, 730
FORQUILHA;121;181;ALTO ALEGRE;CERU-CENTRO DE EDUCAÇÃO BASICA MARRINA MAGALHAES MARTINS;R POSIDONIO GOMES SIQUEIRA SN
MARACANAÚ;122;75;ACARACUZINHO;EEFM JOSE MILTON DE VASCONCELOS DIAS;AV. CENTRAL S/N
GRANJA;25;42;ADRIANOPOLES;E.E.F. GUILHERME TELES GOUVEIA (ANTIGA NIEDJA ARRUDA);RUA VICENTE FERREIRA, S/N
FORTALEZA;80;284;VILA UNIÃO;EEF GAL.  MANUEL CORDEIRO NETO;RUA JORGE ACURCIO, 900
FORTALEZA;85;385;CONJUNTO CEARÁ I;CCDH - CENTRO DE CIDADANIA E DIREITOS HUMANOS (ANTIGO LUCIO ALCANTARA);AV. ALANIS MARIA LAURINDO DE OLIVEIRA, 461, 1A ETAPA
FORTALEZA;113;449;MONTESE;IMPARH;AV JOAO PESSOA, 5.609
ASSARÉ;18;119;SERRA DE SANTANA;ESCOLA DE ENSINO MÉDIO PATATIVA DO ASSARÉ;SÍTIO BONITA
FORQUILHA;121;224;RASTEIRA;EEFI DIOGO ALVES DE LOIOLA;POVOADO DE RASTEIRA
FORTALEZA;115;192;PARANGABA;EEMTI MARIA THOMÁSIA;RUA POLONIA, 369
MILAGRES;26;80;MISSIONÁRIAS;PATRONATO E ESCOLA NORMAL D. ZEFINHA GOMES;AV SANTANA 270
CARIÚS;43;192;CAIPU-DISTRITO;POSTO DE SAUDE DO CAIPU;VILA CAIPU
FORTALEZA;95;225;PEDRAS;EM FRANCISCA ORIA SERPA;RUA JORGE FIGUEIREDO, 3652
ARARIPE;68;17;SITIO MULUNGU;ESCOLA MUNICIPAL MARIA NECI DE OLIVEIRA SILVA - SÍTIO MULUNGU;SITIO MULUNGU
AQUIRAZ;66;124;SITIO GUARDA;EMEF VINDINA ASSUNCAO DE AQUINO;AV PETRONILIA PEREIRA S/N
PINDORETAMA;7;105;PRATIUS - 1;EMEB JOSÉ DE QUEIROZ FERREIRA;AV. VALE ALBINO, SN - RODOVIA CE 454 - PRATIUS - 1
PARAMBU;19;343;JUAZEIRO;ESCOLA VICENTE NORONHA MOTA (ANT. ESCOLA MANOEL ALVES TEIXEIRA);RUA BENEDITO FERREIRA LIMA, S/N
BOA VIAGEM;63;152;BOAVIAGINHA;CEI - MARCOS JOSE CAVALCANTE SAMPAIO - ANTIGA CRECHE BOAVIAGINHA;RUA ANA CUNHA RAMOS, S/N
MORADA NOVA;47;143;PADRE ASSIS MONTEIRO;EEB PREFEITO PERBOYRE GIRAO;RUA JOSE DE FONTES, 340 - VARZEA
FORTALEZA;95;320;CONJUNTO PALMEIRAS;CEI MARIA DO SOCORRO FERREIRA VIRINO;RUA VALPARAÍSO, 339
MOMBAÇA;46;32;CATOLE;ESCOLA DE ENSINO FUNDAMENTAL JOSÉ LIBERATO DE PÁDUA;CATOLE
FORTALEZA;112;564;EDSON QUEIROZ;COLÉGIO NOVA DIMENSÃO;AV. EDILSON BRASIL SOARES, 1599
BEBERIBE;84;22;CENTRO;ESCOLA DE ENSINO FUNDAMENTAL E MEDIO ANA FACO;RUA VICENTE MATHIAS 119
CEDRO;13;551;SÃO MIGUEL;ESCOLA DE ENS FUND LEANDRO ALVES CORREIA;AGROVILA UBALDINHO
MISSÃO VELHA;16;79;SITIO AROEIRAS;EEF IRMA LUIZA MARIA;SITIO AROEIRAS
SOBRAL;121;240;PATOS;ESCOLA JOAO EVANGELISTA (POLO DELIZA LOPES);POVOADO SÃO JOAQUIM - LOCALIDADE BOM SUCESSO
BANABUIÚ;6;436;LARANJEIRAS;EEF PAULO SARASATE;RUA DA IGREJA S/N, LARANJEIRAS
TAUÁ;19;59;COLIBRIS;ESCOLA LICEU DE TAUA LILI FEITOSA;RUA JORNALISTA HELDER FEITOSA SN
JUCÁS;43;60;MEL - VILA;ESCOLA DE 1 GRAU ANTONIO JOSE DE MELO;RUA ANTONIO JOSE DE MELO S/N
EUSÉBIO;88;182;MANGABEIRA;CEI MARIA ZULEIDE ROCHA;R FRANCISCO FERREIRA DA SILVA, 2940
FORTALEZA;113;215;RODOLFO TEÓFILO;COLÉGIO DEOCLÉCIO FERRO;RUA MINERVINO DE CASTRO, 987
MAURITI;76;156;PALESTINA DO CARIRI-DISTRITO;EEF OSSIAN ARARIPE;VILA DNOCS
BARBALHA;31;88;ALTO DA ALEGRIA;EEF MARIA ALACOQUE BEZERRA DE FIGUEIREDO (ALTO DA ALEGRIA);RUA JOSE QUENTAL, 25 - ALTO DA ALEGRIA
JUAZEIRO DO NORTE;28;142;AREA RURAL DE JUAZEIRO DO NORTE;EMEIF JOSE SABIA;SITIO SABIA
MAURITI;76;163;BELA VISTA;E.E. PROFISSIONALIZANTE PE. JOÃO BOSCO DE LIMA;RUA 03, S/N
GRAÇA;79;138;SITIO TAQUARI;GRUPO ESCOLAR FRANCISCO HONORATO DE SOUSA;SITIO TAQUARI
MARACANAÚ;104;362;PAJUÇARA;EMEF MARIA PEREIRA DA SILVA;RUA JUSTINO DE SOUSA, 842
CANINDÉ;33;257;ZONA RURAL;EMEF FRANCISCO DA CRUZ UCHOA;LOCALIDADE DE SAO SERAFIM
CAUCAIA;123;435;ARATURI (JUREMA);E.E.F. PROFESSORA MARLY FERREIRA MARTINS;RUA NW-3, S/N
ITAIÇABA;75;5;CENTRO;E.E.F.T.I. PADRE ABILIO MONTEIRO NETO;RUA JOAO BARBOSA LIMA 1074
JUAZEIRO DO NORTE;119;186;TIMBAUBA;EMEI MADRE MARIA VILLAC;RUA RUI BARBOSA, S/N
FORTALEZA;113;163;JARDIM AMÉRICA;EMEIF MOZART PINTO;RUA JORGE DUMMAR, 2078
MORADA NOVA;47;282;POPULARES;EEB TANCREDO DE ALMEIDA NEVES;RUA FREIRE DE BRITO S/N
SANTANA DO ACARAÚ;44;49;RETIRO;EEIF PADRE SEVERIANO;RUA DR MANOEL JOAQUIM   S/N
FORTALEZA;94;904;QUINTINO CUNHA;COLEGIO DOM FELIPE - JUNIOR;RUA FRANCISCO MENDES DE OLIVEIRA, 183
FORTALEZA;117;433;BOM JARDIM;EEFM SANTO AMARO;RUA NOVA CONQUISTA 871
CRATO;27;256;MURITI;EEIEF JOSÉ ROSA;RUA JOSÉ JUSTINO ALVES, SN. SÍTIO SANTA ROSA
ITAREMA;98;139;ZONA RURAL;LICEU DE BARBOSA - EEM FRANCISCO ARAUJO BARROS;BARBOSA
FORTALEZA;93;119;PLANALTO AYRTON SENNA;EEFM DEPUTADO JOACI PEREIRA;RUA PROFESSOR PEDRO JORGE, 830
FORTALEZA;80;330;JOAQUIM TÁVORA;COLÉGIO ANTARES IRMÃ MARIA (ANTIGO IRMÃ MARIA MONTENEGRO);RUA PINHO PESSOA 681
FORTALEZA;113;317;AMADEU FURTADO;EEF MONSENHOR LINHARES;RUA PROF. LINO ENCARNAÇÃO, 1130
JIJOCA DE JERICOACOARA;30;345;ZONA RURAL;ESCOLA DONA JOAQUINA TEIXEIRA;MANGUE SECO
OCARA;67;174;ARISCO DOS MARIANOS-DISTRITO;ESCOLA MUNICIPAL ANTONIO CLAUDINO DA SILVA - ENSINO FUNDAMENTAL;VILA NOVA DOS LUZIAS
FORTALEZA;95;237;JANGURUSSU;EMEIEF TAÍS MARIA BEZERRA NOGUEIRA;AV. GOVERNADOR LEONEL BRIZOLA, 710
FORTALEZA;112;508;EDSON QUEIROZ;EM PROF FRANCISCO MAURICIO MATOS DOURADO;RUA  DES FLORIANO BENEVIDES MAGALHÃES, 391
FORTALEZA;117;244;MANOEL SÁTIRO;EMEIF MARIA BEZERRA QUEVEDO;RUA 103, 28 - CJ. NOVO MONDUBIM
PACAJUS;49;220;CRUZ DAS ALMAS;EEF SEN VIRGILIO DE MORAIS FERNANDES TAVORA;RUA MONTEMOR SN
FORTALEZA;83;125;HENRIQUE JORGE;EEMTI ANTONIETA SIQUEIRA;RUA GUARANI 04
BEBERIBE;84;161;MORRO BRANCO;ESCOLA MUNICIPAL JOSE BESSA;MORRO BRANCO
FORTALEZA;115;344;PARANGABA;EEEP JOAQUIM MOREIRA DE SOUSA;RUA CAIO PRADO 02
GRAÇA;79;136;SITIO VERDE;EEF JOÃO ALVES DE ALCÂNTARA;SITIO VERDE
QUIXELÔ;13;204;ANTONICO-DISTRITO;ESCOLA DE ENS FUND JOAO VICENTE ALVES;ANTONICO-DISTRITO
BOA VIAGEM;63;152;BOAVIAGINHA;CEI - MARCOS JOSE CAVALCANTE SAMPAIO - ANTIGA CRECHE BOAVIAGINHA;RUA ANA CUNHA RAMOS, S/N
BOA VIAGEM;63;153;FATIMA;EEF BENJAMIM ALVES DA SILVA;R. SEBASTIÃO ALVES DA SILVA, 68
JUAZEIRO DO NORTE;28;310;SALESIANOS;COLEGIO SALESIANO SÃO JOÃO BOSCO;PADRE CICERO 1492
VIÇOSA DO CEARÁ;35;129;CENTRO;E.E.M DEPUTADO MANOEL RODRIGUES;RUA PROFESSOR JOÃO VIANA, S/N
ACARAÚ;30;39;CENTRO;LICEU DE ACARAÚ - ESCOLA MARIA ALICE RAMOS;CENTRO
ACARAÚ;30;358;ZONA RURAL;ESCOLA MANOEL DANIEL DA SILVEIRA;MIRINDIBA II
MASSAPÊ;45;93;ZONA RURAL;GEM BRAS SATIRO;SITIO RIACHO FUNDO
TAUÁ;19;96;TRICI;ESCOLA JOSEFA PEREIRA DE SENA;SANTA LUZIA
BARBALHA;31;48;SÍTIO BOA ESPERANÇA (ARAJARA);CEI MARIA RAIMUNDA DO ESPÍRITO SANTO DA COSTA (ARAJARA);SÍTIO BOA ESPERANÇA, S/N - DISTRITO DE ARAJARA (7.34129 S, 39.38988 W)
BARBALHA;31;108;BARRO VERMELHO;ETI MARIA LINHARES SAMPAIO (SÍTIO BARRO VERMELHO);SITIO BARRO VERMELHO
IBIAPINA;73;54;DISTRITO DE ALTO LINDO;UBS DO ALTO LINDO;AV NOSSA SENHORA DAS GRAÇAS, S/N
CRATEÚS;20;154;CURRAL VELHO;ESCOLA DE CIDADANIA UMBELINO ALVES DA SILVA;CURRAL DO MEIO
FORTALEZA;118;124;PASSARÉ;COLÉGIO LIRA COUTINHO;RUA BELOS PORTOS, 453
MORADA NOVA;47;4;PADRE ASSIS MONTEIRO;EEB PREFEITO PERBOYRE GIRAO;RUA JOSE DE FONTES, 340 - VARZEA
COREAÚ;64;70;São Miguel;COREAÚ - ESCOLA MUN. NOSSA SRA. DA PAZ;RUA SÃO MIGUEL, S/N - SÃO MIGUEL
OCARA;67;206;CURUPIRA-DISTRITO;ESCOLA MUNICIPAL JOAO EGIDIO DA COSTA - ENSINO FUNDAMENTAL;LAGOA DO VELHO
CAMOCIM;32;37;CENTRO;INSTITUTO SAO JOSE;PRACA JOSE SEVERIANO MOREL N 1493
REDENÇÃO;52;116;DISTRITO DE ANTÔNIO DIOGO;CENTRO DE EDUCAÇÃO INFANTIL PEDRO FERNANDES COSTA;RUA TEREZA CRISTINA, S/N
FORTALEZA;112;457;EDSON QUEIROZ;UNIVERSIDADE DE FORTALEZA - UNIFOR;AVENIDA WASHINGTON SOARES, 1321
COREAÚ;64;133;Aroeiras;AROEIRAS - ESCOLA MUN. CORAÇÃO DE JESUS;RUA ANTONIO MONTEIRO DA COSTA, S/N - DISTRITO DE AROEIRAS, COREAÚ/CE
IBARETAMA;6;212;ÁREA RURAL DE IBARETAMA;EMEIF SEBASTIÃO MATIAS RABELO;GUARIBAS
FORTALEZA;83;67;DEMOCRITO ROCHA;EEFM JOAQUIM ALVES;RUA ESTADO DO RIO 955
ASSARÉ;18;153;CENTRO;CRAS - CENTRO REFERÊNCIA E ASSISTÊNCIA SOCIAL;RUA MAESTRO JOSINO ROBERTO
PARAMBU;19;362;BELEZA;ESCOLA CICERO FERREIRA DOS SANTOS;RUA ANTONIO BEZERRA, 28
FORTALEZA;82;232;PIRAMBU;EEFM GOVERNADOR FLÁVIO MARCÍLIO;AV. PASTEUR, 575
MARANGUAPE;4;13;COITÉ - MARANGUAPE;CEI PAULO CAMPOS TELES;AVENIDA MARIA EFIGENIA CAMPOS TELES, 1130
MARANGUAPE;4;535;TANQUES;EMEIEF DR. CÉSAR CAMPELO;RUA JOÃO DE HOLANDA CAVALCANTE
FORTALEZA;82;652;PIRAMBU;ESCOLA MUNICIPAL SÃO CURA D'ARS;RUA SANTA ELISA, 722
PARAMBU;19;356;BELEZA;CEI - CENTRO DE EDUCAÇÃO INFANTIL - BELEZA;RUA JOÃO DA COSTA CARACAS
JUAZEIRO DO NORTE;28;260;CENTRO;EEF MONSENHOR JOVINIANO BARRETO;DO CRUZEIRO 657
PACAJUS;49;133;MANGABEIRA;EEF JOAQUIM AMÂNCIO BEZERRA;AV. DUCA PEDRO, S/N
MORADA NOVA;47;232;SAO JOSE;EEB PROFESSORA HILDA PONCIANO DE OLIVEIRA LIMA(ESCOLA MODELO);RUA RAIMUNDO CARNEIRO GIRÃO, 872
VIÇOSA DO CEARÁ;35;53;SITIO VAMBIRA;E.E.I.F DEPUTADO JANUARIO FEITOSA;SITIO VAMBIRA SN
CAUCAIA;37;520;TABAPUÁ;E.E.F.M. JOSÉ MARIA PONTES DA ROCHA;RUA 08, S/N - TABAPUÁ
PARAMBU;19;382;RIACHÃO;ESCOLA SÃO MIGUEL;SALGADO
QUIXELÔ;13;141;CENTRO;ESCOLA DE ENS FUND E MÉDIO PROFESSOR LUIS DE GONZAGA FONSECA MOTA;RUA VITORINO JOSE DE OLIVEIRA SN
MOMBAÇA;46;114;CACIMBAS;ESCOLA DE ENSINO FUNDAMENTAL ISABEL ALVES DE OLIVEIRA;CACIMBAS
ERERÉ;10;112;CENTRO;SECRETARIA DE EDUCACAO CULTURA E DESPORTO;RUA SENADOR FERNANDES TAVORA, 574
FORTALEZA;80;179;FÁTIMA;CENTRO EDUC. DA JUV. PE. JOÃO PIAMARTA - AGUANAMBI;AV. AGUANAMBI, 2479
ASSARÉ;18;13;AMARO;CRECHE MUNICIPAL DE AMARO;RUA DOM VICENTE DE ARAUJO MATOS
GRAÇA;79;154;VILA FORMOSA;EEF JOSE POMPILIO DAMASCENO;VILA FORMOSA
BARBALHA;31;152;MALVINAS;CEI RAIMUNDA MARIA SAMPAIO (MALVINAS);RUA P-19, S/N - PROX. ARENINHA
JUAZEIRO DO NORTE;28;386;SALESIANOS;COLEGIO SALESIANO SÃO JOÃO BOSCO;PADRE CICERO 1492
INDEPENDÊNCIA;39;173;RETIRO;E.E.F. ANTONIO FELIX DE ARAUJO;RETIRO
ARACATI;8;29;CENTRO;E.E.M.T.I. BARAO DE ARACATI;PRAÇA DOS PRAZERES, 82
ASSARÉ;18;98;JOSE DODO;CRECHE PADRE MANOEL ALVES FEITOSA;RUA SAGRADA FAMILIA 140
ITAPAJÉ;41;135;CRUZEIRO-SEDE;CRAS CATÃO AZEVEDO CRUZ;RUA MANOEL BERNARDE 59
IPAPORANGA;20;252;SÍTIO ARARAS;ESCOLA DE ENSINO FUNDAMENTAL MANUEL FERREIRA DE OLIVEIRA;PALMEIRAS
CHAVAL;108;34;CENTRO;EEF SANTO ANTÔNIO;RUA MONSENHOR CARNEIRO  S/N
FORTALEZA;113;30;JOSÉ BONIFÁCIO;COLÉGIO FARIAS BRITO PRÉ - VESTIBULAR;AV. BARÃO DO RIO BRANCO, 2424
FORTALEZA;83;321;DEMOCRITO ROCHA;ESCOLA MUNICIPAL JOSÉ BONIFÁCIO DE SOUSA;RUA PERNAMBUCO 600
QUIXERAMOBIM;11;160;DISTRITO DE NENELANDIA;ESCOLA MARIA PERPETUA DE OLIVEIRA;CACHOEIRINHA
JUAZEIRO DO NORTE;119;428;CAMPO ALEGRE;ESCOLA PROFESSORA ODETE OLIVEIRA MONTEIRO;AVENIDA MARIA LETICIA LEITE PEREIRA, SN
CAUCAIA;123;304;PARQUE POTIRA (JUREMA);E.E.I.E.F. ANTÔNIO ALBUQUERQUE SOUSA FILHO;RUA HERIBALDO RODRIGUES (ANTIGA RUA POTIGUARA), 488
FORTALEZA;82;236;PIRAMBU;CENTRO EDUCACIONAL DOM HÉLIO CAMPOS;RUA SÃO RAIMUNDO, 199
MARCO;96;175;LOCALIDADE DE SANTA ROSA II;EEF FRUTUOSO MARQUES DE FREITAS;SANTA ROSA II
MORADA NOVA;47;38;CENTRO;CEBCJEC -CENTRO DE EDUCAÇÃO BÁSICA CORONEL JOSÉ EPIFÂNIO DAS CHAGAS;AV MANOEL CASTRO, 600
MILAGRES;26;133;EUCALIPTOS;ESCOLA IRMÃ ANA ZÉLIA DA FONSECA;RUA RAIMUNDO TAVARES DA CRUZ
CAUCAIA;37;380;TABUBA;E.E.F. LUZIA CORREIA SALES;ESTRADA DO CUMBUCO, 3132
JIJOCA DE JERICOACOARA;30;285;ZONA RURAL;ESCOLA FRANCISCO RAIMUNDO DUTRA;CORREGO DO URUBU
SOBRAL;121;284;PEDRINHAS;ESCOLA MARIA DO CARMO ANDRADE;PRAÇA DR. JOSE EUCLIDES FERREIRA GOMES JUNIOR, S/N
CANINDÉ;33;263;ZONA RURAL;EMEF JOAO MARCELINO DE MESQUITA;RUA FRANCISCO VIEIRA, S/N  BOA VISTA
CASCAVEL;7;8;JACARECOARA;ESC.ENS.FUND. ANTONIA FERREIRA DA SILVA;RUA FRANCISCO CAPISTRANO SN - CENTRO
ACOPIARA;60;86;TRUSSU;EEF RICARDO PEREIRA CAVALCANTE;TRUSSU
MARANGUAPE;4;67;TANGUEIRA - MARANGUAPE;EMEIEF ANTÕNIO DE ABREU;RUA DEMETRIO FERREIRA , 372
FORTALEZA;112;561;EDSON QUEIROZ;COLÉGIO NOVA DIMENSÃO;AV. EDILSON BRASIL SOARES, 1599
EUSÉBIO;88;82;GUARIBAS;EEF DAS GUARIBAS;RUA SÃO FRANCISCO, 84 - GUARIBAS
FORTALEZA;85;247;CONJUNTO CEARÁ I;EEM PROF JOSE MARIA CAMPOS DE OLIVEIRA - UV 8;RUA 820 S/N - 3 ETAPA
FORTALEZA;116;29;GRANJA PORTUGAL;EM IRMA ROCHA;RUA EMILIO DE MENEZES 2515
FORTALEZA;95;203;JANGURUSSU;EEEP MÁRIO ALENCAR;RUA VERDE 44, 97 (CJ. SÍTIO SÃO JOÃO)
ITAITINGA;78;290;GERERAÚ;EEF FRANCISCA FERREIRA SIQUEIRA;AV. CEL. ANTONIO FERREIRA, 440
MARACANAÚ;104;166;PAJUÇARA;EMEIEF ANTÔNIO DE ALBUQUERQUE SOUSA FILHO;RUA SENADOR PETRÔNIO PORTELA, 145
ITAREMA;98;114;CENTRO;EMEF MARIETA RIOS;RUA JOAO BATISTA RIOS S/N
CAUCAIA;123;528;NOVA METRÓPOLE (JUREMA);E.E.I.E.F. FRANCISCA ALVES DO AMARAL;AV. B, 442 - NOVA METRÓPOLE
TAMBORIL;61;81;DISTRITO DE HOLANDA;EMEIF JOÃO PEREIRA LIMA;POVOADO ALEGRE
FORTALEZA;82;67;CRISTO REDENTOR;EM CRISTO REDENTOR;AV. PASTEUR, 372
AMONTADA;89;103;CENTRO;EEM RITA ESTELITA DOS SANTOS RODRIGUES;AV GAL ALÍPIO DOS SANTOS 1020
CAUCAIA;123;331;PARQUE GUADALAJARA (JUREMA);E.E.I.E.F. 7 DE SETEMBRO;AV. DOM ALMEIDA LUSTOSA, 2322
MULUNGU;5;145;LAMEIRAO-VILA;EMEF MARIA AMELIA PONTES;LAMEIRAO
AMONTADA;89;147;SABIAGUABA;EEBTI ISMAEL TOME DE SOUSA;CAETANOS DE BAIXO
FORTALEZA;85;317;GENIBAÚ;ESCOLA MUNICIPAL DEP MURILO AGUIAR;RUA 24 DE OUTUBRO 655
ICAPUÍ;8;135;PRAIA DE REDONDA;ESCOLA HORIZONTE DA CIDADANIA;PRAIA DE REDONDA
INDEPENDÊNCIA;39;176;MULUNGU;E.E.F. JOSE DE SOUSA CAVALCANTE;MULUNGU
GRANJA;25;199;TIMONHA;E.E.F. RAIMUNDO MAURO XAVIER DE OLIVEIRA;RUA RIACHUELO S/N
SANTANA DO ACARAÚ;44;138;RETIRO;SINDICATO DOS TRABALHADORES RURAIS DE SANTANA;TRAVESSA DR JOSÉ MENDES, 461
BOA VIAGEM;63;219;FATIMA;EEF PE. PAULO DE ALMEIDA MEDEIROS;RUA MARIA DE NAZARE BEZERRA 245
MARTINÓPOLE;25;72;CENTRO;E.E.F.T.I. CHICO MUNDOCA;RUA 07 DE SETEMBRO, N 902
CASCAVEL;7;7;PITOMBEIRAS;E.E.F. PROFESSOR MAURÍCIO DE BRITO;AV RAIMUNDO SAMPAIO 185
LAVRAS DA MANGABEIRA;14;88;LIMOEIRO - SITIO;ASSOCIAÇÃO COMUNITÁRIA MANOEL CRISPIM DE SOUSA;SITIO LIMOEIRO S/N
FORTALEZA;113;385;SÃO GERARDO;ASSOCIAÇÃO DE PAIS E AMIGOS DO DEFICIENTE AUDITIVO - APADA;AV. BEZERRA DE MENEZES, 549
PACOTI;5;183;COLINA-DISTRITO;CRECHE CAMINHOS DO SABER (COLINA);DISTRITO DE COLINA
FORTALEZA;113;297;BOM FUTURO;COLÉGIO MEDALHA MILAGROSA;RUA PADRE JOÃO PIAMARTA,  415
IBIAPINA;73;196;SÍTIO JUREMA NORTE;ASSOCIAÇÃO DOS MORADORES DO SÍTIO JUREMA NORTE;JUREMA NORTE
FORTALEZA;3;266;CENTRO;COLÉGIO ARI DE SÁ - PRÉ-VESTIBULAR - SEDE DUQUE DE CAXIAS;AV. DUQUE DE CAXIAS, 519
AQUIRAZ;66;314;CHACARA DA PRAINHA;CEI FERNANDA DE BRITO;RUA JOSILEUDO LEITE, S/N
BREJO SANTO;70;10;CENTRO-SEDE;PROJETO ABC;RUA MANOEL LEITE DE MOURA 1015
BOA VIAGEM;63;132;FAZENDA CONCEICAO-IBUACU;EEF FRANCISCO PEREIRA DA SILVA (CONCEIÇÃO);CONCEICAO
FORTALEZA;112;392;EDSON QUEIROZ;EEFM DOM ANTONIO DE ALMEIDA LUSTOSA;RUA ADOLFO MOREIRA DE CARVALHO, S/N
MARACANAÚ;104;130;PAJUÇARA;EMEF RODOLFO TEÓFILO;RUA OTÁVIO ALVES, 1120
MARACANAÚ;104;374;PAJUÇARA;EMEIEF PROF PAULO FREIRE;RUA PAULO BATISTA 660
FORTALEZA;1;365;MEIRELES;LABOMAR - UFC;AV. ABOLIÇÃO, 3207
PIQUET CARNEIRO;12;180;CENTRO;EEMTI MARECHAL HUMBERTO DE ALENCAR CASTELO BRANCO;RUA PEDRO AMÉRICO ALVES, S/N
FORTALEZA;1;768;ALDEOTA;COLEGIO ANTARES - SANTOS DUMONT;AVENIDA SANTOS DUMONT 3777
FORTALEZA;1;936;PAPICU;COLÉGIO KENNEDY;AVENIDA ENGENHEIRO SANTANA JÚNIOR,58
CATUNDA;54;146;POVOADO BOM TEMPO;E. E. F. JOAQUIM LOURENÇO;POVOADO DE BOM TEMPO
MILAGRES;26;21;MISSIONÁRIAS;CEJA PADRE JOAQUIM ALVES;RUA PE MISAEL GOMES 400
JUAZEIRO DO NORTE;28;99;PIO XII;EMTI FIGUEIREDO CORREIA;PRACA DA CONCEICAO S/N
PACATUBA;57;133;CONJUNTO JEREISSATI II;ESCOLA DE 1 GRAU DESEMBARGADOR RAIMUNDO DE CARVALHO;AV. XV SETOR F
FORTALEZA;2;810;LAGOA REDONDA;ESCOLA MUNICIPAL ISABEL FERREIRA;RUA ISABEL FERREIRA, 1000 - CONJ. CURIÓ
ITAPIPOCA;17;579;BARRENTO;EEB FRANCISCO BENTO;TANQUES
MARACANAÚ;104;278;JEREISSATI II;EMEIEF RACHEL DE QUEIROZ;AVENIDA XII, 758
FORTALEZA;85;181;AUTRAN NUNES;EMTI MARIA DA HORA;RUA RAIMUNDO RIBEIRO, S/N
FORTALEZA;93;295;PREFEITO JOSÉ WALTER;ESCOLA MUNICIPAL ARI DE SA CAVALCANTE (JOSÉ WALTER);AV. H, 430 III ETAPA
SÃO BENEDITO;22;91;SITIO SAO VICENTE;EEF FRANCISCO RODRIGUES DE MEDEIROS;SITIO SÃO VICENTE
PARACURU;109;32;CENTRO;E. E. M. HERMINIO BARROSO;CAP JOSE TELES, S/N
ITAPIPOCA;17;13;CENTRO;EEM JOAQUIM MAGALHÃES;RUA PERGENTINA ARAUJO S/N
FORTALEZA;3;424;CENTRO;UNIARI - CENTRO UNIVERSITÁRIO ARI DE SÁ;AV. HERÁCLITO GRAÇA, 826
FORTALEZA;94;743;VILA VELHA;EEM LICEU VILA VELHA;AV. L, 840
JUAZEIRO DO NORTE;119;124;TIMBAUBA;EMEI MADRE MARIA VILLAC;RUA RUI BARBOSA, S/N
CHAVAL;108;31;DISTRITO PASSAGEM DOS VAZ;POSTO DE SAUDE DE PASSAGEM DOS VAZ;DISTRITO PASSAGEM DOS VAZ
FORTIM;8;98;CANTO DA BARRA;EEFTI. COMUNITÁRIA DA BARRA;RUA ANGELITA FELIPE BEZERRA, 47.
CAMOCIM;32;186;ZONA RURAL;EEF CARLOS FONTENELE VERAS - TAPUIÚ;LOCALIDADE DE TAPUIÚ - AMARELAS
IPU;21;101;ZONA RURAL;UBS ANTONIA LOPES FERREIRA;ENGENHO DOS BELÉM
CHOROZINHO;49;26;PARQUE SAO JOSE;EEFM PADRE ENEMIAS FREIRE DE ALMADA;PRACA DOM JOSE DE MEDEIROS DELGADO SN
JUAZEIRO DO NORTE;119;262;FREI DAMIAO;ESCOLA MARIO DA SILVA BEM;RUA VEREADOR RAIMUNDO JOSÉ DA SILVA
JUAZEIRO DO NORTE;119;91;PIRAJA;ESCOLA CLOTILDE SARAIVA COELHO;LIMOEIRO 2338
QUITERIANÓPOLIS;99;90;CENTRO;EEF ROBERTO ANTUNES DE FREITAS;AV LAURINDO GOMES  SN
CAUCAIA;37;489;ICARAI;E.E.I.E.F FRANCISCO MARTINS DE MORAES;RUA BELARMINO JOSÉ, 201 - ICARAÍ
ORÓS;15;293;SAO GERALDO - SEDE;E.E.F. MARIA EVANGELISTA CORREIA;RUA FRANCISCO MATEUS FILHO, 145
AURORA;69;94;SANTA VITORIA-DISTRITO;E.E.F.M. LEAO SAMPAIO;DISTRITO SANTA VITORIA  S/N
CRATO;27;2;SÃO MIGUEL;SECRETARIA DE AÇÃO SOCIAL - SAS;AVENIDA PERIMETRAL DOM FRANCISCO S/N
FORQUILHA;121;329;CENTRO;EEF DEP JOSE PARENTE PRADO(CENTRO SOCIAL);R MOCINHA VIANA 96
ITAPAJÉ;41;80;BAIXA GRANDE;ESCOLA MUNICIPAL CANDIDO PINTO DE MESQUITA;BAIXA GRANDE
SOBRAL;121;287;BONFIM;ESCOLA ELDA CAVALCANTE LIMA - BONFIM (TEMPO INTEGRAL);RODOVIA MOACIR LIMA FEIJAO
SÃO BENEDITO;22;73;ANGELIM-INHUCU;CENTRO COMUNITARIO DE APRENDIZAGEM RURAL;ANGELIM
NOVA RUSSAS;48;41;ALTO DA BOA VISTA;ESCOLA MUNICIPAL CORNÉLIO ROSA;RUA CORNÉLIO ROSA, 296
CAUCAIA;123;416;NOVA METRÓPOLE (JUREMA);E.E.F.M. ROMEU DE CASTRO MENEZES;AV. A, S/N - NOVA METRÓPOLE
LIMOEIRO DO NORTE;29;68;ÁREA RURAL;UNIDADE ESCOLAR NH4;SETOR NH4
LIMOEIRO DO NORTE;29;98;ÁREA RURAL;UNIDADE ESCOLAR NH4;SETOR NH4
MONSENHOR TABOSA;61;109;CENTRO;E.E.M.T.I GOVERNADOR ADAUTO BEZERRA;RUA SAO SEBASTIÃO N 39 - PERTO DA CADEIA PÚBLICA
CANINDÉ;33;272;ZONA RURAL;EMEF JOAO MARCELINO DE MESQUITA;RUA FRANCISCO VIEIRA, S/N  BOA VISTA
PENAFORTE;70;333;CENTRO-SEDE;ESCOLA SIMAO ANGELO;RUA PADRE CICERO S/N
PEDRA BRANCA;59;134;SANTA TEREZINHA;ESCOLA DE ENSINO MÉDIO ELZA GOMES MARTINS;RUA DOCA PESSOA, 80
QUIXADÁ;6;74;ÁREA RURAL DE QUIXADÁ;EEF ESTÁCIO LOPES;CAFÉ CAMPESTRE - PERIFERIA, S/N
DEPUTADO IRAPUAN PINHEIRO;55;24;BETANIA;EEB JOAQUIM NAPOLEAO PINHEIRO;RUA JOAO ALFREDO
FORTALEZA;115;408;MANOEL SÁTIRO;EEFM PROFESSOR MARIO SCHENBERG;RUA AMERICO ROCHA LIMA 835
TAUÁ;19;233;MARRECAS;ESCOLA MANOEL LUIS DE OLIVEIRA;RIACHO DOS CAVALOS
TAUÁ;19;151;CENTRO;CENTRO EDUCACIONAL BETESDA;RUA CEL  EUFRASIO ALVES DE OLIVEIRA 45
FORTALEZA;95;146;CONJUNTO PALMEIRAS;CEI CESAR CALS DE OLIVEIRA NETO;RUA CAMPINENSE, 54
ITAITINGA;78;272;PONTA DA SERRA;EEEP PROFESSOR FRANCISCO ARISTOTELES DE SOUSA;RUA BOA ESPERANÇA, S/N
SANTANA DO ACARAÚ;44;101;ALVACA;EEF LOURENCO JOSE DE LIRA;AGUAS BELAS
LIMOEIRO DO NORTE;29;21;ÁREA RURAL;EEF LUCAS EVANGELISTA DE OLIVEIRA;CARBOMIL
ARACATI;8;57;BOCA DO FORNO;E.E.F. VALDOMIRO AFONSO LIMA;BOCA DO FORNO
LIMOEIRO DO NORTE;29;52;ÁREA RURAL;EEF JOSE CANDIDO DA COSTA;SITIO VARZEA DO COBRA
VARJOTA;65;153;CENTRO;E.E.F. DEPUTADO MANOEL RODRIGUES;RUA MODESTO DE MENDONÇA, 917
ORÓS;15;271;PEREIRO DOS BARBOSAS - SITIO;E.E.F. PEDRO BARBOSA DO NASCIMENTO;SITIO PEREIRO DOS BARBOSA, S/N
AQUIRAZ;66;205;RIVIERA;EMEF JOSE ISAAC SARAIVA DA CUNHA;AV. 07 DE SETEMBRO S/N
IPUEIRAS;40;47;GOIS;ESCOLA DE ENSINO FUNDAMENTAL JOAQUIM DUARTE DE NEGREIROS - GOIS;GOIS
ARATUBA;105;63;CENTRO-SEDE;ESCOLA JOSE JOACY PEREIRA - ENSINO FUNDAMENTAL E MEDIO;AVENIDA ARLINDO MEDINA S/N
FORQUILHA;121;231;SABONETE;EEFI EDMUNDO RODRIGUES;FAZENDA SABONETE
AMONTADA;89;297;SABIAGUABA;EEBTI JOÃO RODRIGUES DE MELO;CAMPO GRANDE
SOBRAL;24;271;DOM JOSÉ;EEFI ANTENOR NASPOLINI;RUA PREFEITO JERONIMO PRADO, S/N
IBARETAMA;6;115;DISTRITO DE OITICICA;EMEIF FRANCISCO JOSE DE FREITAS;DISTRITO DE OITICICA
PARAMBU;19;415;COCOCI;ESCOLA FRANCISCA EVELEIDE DE SOUSA;VILA ISABEL
FORTALEZA;82;107;CRISTO REDENTOR;CCDH - CENTRO DE CIDADANIA E DIR. HUMANOS - GOV. VIRGÍLIO TÁVORA;AV. MONSENHOR HELIO CAMPOS, 178
FORTALEZA;93;216;PREFEITO JOSÉ WALTER;CEJA - CENTRO DE EDUCAÇÃO DE JOVENS E ADULTOS;AV. L, S/N - II ETAPA
BARRO;92;71;MONTE ALEGRE-DISTRITO;ESCOLA DE 1 GRAU ALVINO JUSTINO DA SILVA;DISTRITO DE MONTE ALEGRE
FORTALEZA;82;465;SÃO GERARDO;COLÉGIO MASTER - BEZERRA DE MENEZES;AV. BEZERRA DE MENEZES, 1802
QUIXADÁ;6;329;ÁREA RURAL DE QUIXADÁ;EEF JULITA ALVES DE LIMA;SÃO CRISTOVÃO, S/N
FORTALEZA;117;193;PARQUE SÃO JOSÉ;EEFM IRMAO URBANO GONZALEZ RODRIGUEZ;RUA CONEGO DE CASTRO, 4055
FORTALEZA;85;133;CONJUNTO CEARÁ I;COLÉGIO LUÍZA TÁVORA;RUA 1050, N 171, 4 ETAPA
IPUEIRAS;40;187;OLHO D'ÁGUA DOS BARROSOS;EEF FRANCISCO APRÍGIO DE FARIAS - OLHO D'AGUA DOS BARROSOS;OLHO D'AGUA DOS BARROSOS
FORTALEZA;94;932;QUINTINO CUNHA;COLÉGIO DOM FELIPE;AV INDEPENDÊNCIA. 1652
TRAIRI;97;139;JANDAIRA I;ASSOCIACAO DOS MORADORES DA JANDAIRA I;JANDAIRA I
AMONTADA;89;184;MOSQUITO;EEBTI EMILIA MARQUES MELO;MIRINDUBA
FORTALEZA;85;222;CONJUNTO CEARÁ I;EEFM MARIA ANTONIETA NUNES - UV 9;RUA 916 SN 4 ETAPA
FORTALEZA;93;296;ARACAPÉ;EMEIF IVANILSON SOUZA LIMA COSTA;RUA POLIANA N.102
FORTALEZA;115;443;MANOEL SÁTIRO;EM MARIA VIVIANE BENEVIDES GOUVEIA;RUA CREUZA ROQUE 247
SALITRE;38;109;ALTO ALEGRE;E.E.F.T.I -  FRANCISCO DE ASSIS LEITE - SEDE;AVENIDA PADRE CICERO, 327
JUAZEIRO DO NORTE;28;47;SALESIANOS;COLEGIO SALESIANO SÃO JOÃO BOSCO;PADRE CICERO 1492
ALTANEIRA;53;119;SERRA DO VALERIO;POSTO DE SAÚDE DA SERRA DO VALÉRIO;SERRA DO VALERIO, SN
ITAITINGA;78;341;PARQUE GENEZARÉ;EEF DONA CONCEIÇÃO;RUA DR. MANOEL SÁTIRO, N 132
NOVA RUSSAS;48;174;JOVINÃO;CRECHE MARIA ROSA DA CONCEIÇÃO;RUA PROJETADA
RUSSAS;9;310;LAGOA GRANDE;ESCOLA RAIMUNDO PEREIRA LIMA;ASSENTAMENTO MUNDO NOVO
FORQUILHA;121;193;EDMUNDO RODRIGUES;EEFI FRANCISCO FIGUEIREDO DE PAULA PESSOA;R MARIA DE NAZARE DA SILVA SN
JUAZEIRO DO NORTE;119;99;JOAO CABRAL;ESCOLA LILI NERY;RUA PADRE ALCANTARA, 1000
PENAFORTE;70;417;CENTRO-SEDE;ESCOLA SIMAO ANGELO;RUA PADRE CICERO S/N
URUBURETAMA;23;30;CENTRO;COLEGIO MUNICIPAL MARIA JULIA MAIA BONFIM;AV MAJOR SALES,536
FORTALEZA;80;219;ALTO DA BALANÇA;EM PROFESSORA EDITH BRAGA;RUA CAPITAO VASCONCELOS 1061
CANINDÉ;33;87;MONTE ;EMEF SÃO FRANCISCO;AV FRANCISCO CORDEIRO CAMPOS, 500
MORADA NOVA;47;242;BOA AGUA;CRECHE DO ASSENTAMENTO BOM JESUS;ASSENTAMENTO BOM JESUS
ARARIPE;68;6;CENTRO;ESCOLA ESTADUAL DONA CARLOTA TÁVORA - SEDE;RUA ANTONIO NUNES DE ALENCAR, 326
FORTALEZA;115;453;MANOEL SÁTIRO;EM HENRIQUETA GALENO;RUA MAJOR MONTENEGRO 917
BARREIRA;52;63;LAGOA DO BARRO;ESCOLA RAIMUNDO SESSOSTE DE SOUSA;ANGICOS
NOVO ORIENTE;99;70;ZONA RURAL;EEF MARCELINO TAVARES;OLHO D'ÁGUA
ARACATI;8;1;CENTRO;INSTITUTO SAO JOSE;RUA CEL ALEXANDRINO 563
MARANGUAPE;4;599;JUBAIA;EMEF LEONOR DE CASTRO BORGES;RUA ANTÔNIA BOTELHO, 83
IBIAPINA;73;83;SÍTIO VEREDA;ESCOLA NOSSA SENHORA DO CARMO;SÍTIO VEREDA
FORTALEZA;83;702;PICI;EEEP JÚLIA GIFFONI;RUA CORONEL MATOS DOURADO 1349
TABULEIRO DO NORTE;91;138;CENTRO;ESCOLA  ANTÔNIO ALVES MAIA;RUA CEL. PIO GADELHA, 4683
UMARI;15;211;CENTRO - SEDE;ESCOLA DE ENSINO MÉDIO MONSENHOR MANOEL CARLOS DE MORAIS;RUA DOM QUINTINO 289
SÃO BENEDITO;22;221;CRUZEIRO;EEMTI IZAIAS GONÇALVES DAMASCENO;AVENIDA SALMITO FERREIRA DE ALMEIDA 1150
FORTALEZA;95;316;JANGURUSSU;EMEIF MARIA DE JESUS ORIÁ ALENCAR;RUA VERDE QUARENTA E TRÊS, S/N, CONJUNTO SÍTIO SÃO JOÃO
QUIXERAMOBIM;11;158;PASSAGEM;ESCOLA JOSE PEREIRA;VILA DE PASSAGEM
INDEPENDÊNCIA;39;87;BRILHANTE;E.E.F. MIGUEL GONCALVES DA SILVA;POVOADO BRILHANTE
FORTALEZA;83;288;MONTESE;COLÉGIO ELITE;AVENIDA JOÃO PESSOA, 6302
QUIXERAMOBIM;11;284;ARGENTINA SIQUEIRA;ESCOLA MARIA DO SOCORRO COELHO BENICIO;RUA D, S/N - QUADRA 04
MAURITI;76;34;PALESTINA DO CARIRI-DISTRITO;EEF OSSIAN ARARIPE;VILA DNOCS
QUIXADÁ;6;136;CENTRO;EEF JOSÉ JUCÁ;RUA EPITÁCIO PESSOA, 1351
CAMOCIM;32;216;BOA ESPERANCA;COLEGIO MONSENHOR JOSE AUGUSTO;RUA 3 DE OUTUBRO S/N
AQUIRAZ;66;195;CARACARA;EMEF CEL FRANCISCO GOMES FARIAS;POVOADO DE  CARACARA ESTRADA DO BATOQUE SN
RUSSAS;9;75;IPIRANGA;EEMTI PROFESSOR WALQUER CAVALCANTE MAIA;TRAV PEDRO ARAUJO 175
FORTALEZA;116;460;JOÃO XXIII;COLEGIO LIMA NOGUEIRA;RUA JULIO BRAGA, 1117
FORTALEZA;85;168;ANTÔNIO BEZERRA;INSTITUTO EDUCACIONAL JOSE DE ALENCAR;RUA HUGO VITOR 730
MARANGUAPE;4;466;PENEDO;EMEIEF CARLOS PEREIRA DE SOUSA;RUA JOSÉ MENEZES, S/N
BATURITÉ;5;81;CENTRO-SEDE;EMEF MONSENHOR MANOEL CANDIDO;PRAÇA DA MATRIZ, SN
MISSÃO VELHA;16;64;MISSAO NOVA;CENTRO DE EDUCACAO RURAL PEDRO RAIMUNDO DA CRUZ - CERU;DISTRITO DE MISSAO NOVA
TAMBORIL;61;65;CENTRO;EMTI 4 DE OUTUBRO;RUA VICENTE ALVES DO VALE SN
JUAZEIRO DO NORTE;28;48;SALESIANOS;COLEGIO SALESIANO SÃO JOÃO BOSCO;PADRE CICERO 1492
FORTALEZA;80;184;FÁTIMA;COLÉGIO NOSSA SENHORA DAS GRAÇAS;RUA MONSENHOR OTÁVIO DE CASTRO, 535
VÁRZEA ALEGRE;62;175;GROSSOS;EEF MARIA ANÉSIA FERREIRA LIMA;AVENIDA LÚCIA CORREIA, S/N
QUIXADÁ;6;142;ÁREA RURAL DE QUIXADÁ;EEM JOSE MARTINS RODRIGUES;SITIO NOVA AURORA - PERIFERIA, S/N
FORTALEZA;85;325;CONJUNTO CEARÁ I;EEFM DR UBIRAJARA INDIO DO CEARA - UV-7A;RUA SETECENTOS E CINQUENTA E UM, 192, 3A ETAPA
BARBALHA;31;59;CENTRO;COLÉGIO SANTO ANTONIO;AV LYRIO CALLOU, 55
CAMOCIM;32;34;CENTRO;EEF ALBA MARIA DE ARAUJO LIMA AGUIAR;RUA DA INDEPENDENCIA SN
CAUCAIA;37;568;PADRE ROMUALDO;E.E.F. AUGUSTO CESAR SILVA SALES;RUA 15 DE NOVEMBRO, 456
AQUIRAZ;66;336;TAPERA;POSTO DE SAÚDE DA JUSSARA;RUA RAIMUNDA MORAIS, S/N
FORTALEZA;112;278;ENGENHEIRO LUCIANO CAVALCANTE;COLÉGIO ANTARES - SEDE WASHINGTON SOARES;RUA CAETANO XIMENES ARAGÃO,110 - ACESSO PELA RUA ARMANDO DALL'OLIO
ACARAÚ;30;166;ZONA RURAL;ESCOLA JOAO RIBEIRO RAMOS;VILA PROGRESSO
GRAÇA;79;157;CENTRO-SEDE;GRUPO VICENTE ALVES DE SOUSA;R JOAQUIM VICENTE DE ALCANTARA S/N
SANTANA DO ACARAÚ;44;49;RETIRO;EEIF PADRE SEVERIANO;RUA DR MANOEL JOAQUIM   S/N
AMONTADA;89;99;CENTRO;EEM RITA ESTELITA DOS SANTOS RODRIGUES;AV GAL ALÍPIO DOS SANTOS 1020
FORTALEZA;93;270;MONDUBIM;EM JONATHAN DA ROCHA ALCOFORADO;RUA MARIA GOMES DE SÁ,1030 ARACAPÉ
UBAJARA;73;202;CACHOEIRA DO BOI MORTO;ESCOLA MANUEL URUÇU;SITIO CACHOEIRA DO BOI MORTO
JUAZEIRO DO NORTE;28;354;SALESIANOS;COLEGIO SALESIANO SÃO JOÃO BOSCO;PADRE CICERO 1492
FORTALEZA;94;436;ANTÔNIO BEZERRA;EMTI JOSÉ CARLOS DE OLIVEIRA NETO;R. SAO VICENTE DE PAULO, 170
FORTALEZA;94;878;PADRE ANDRADE;CEI PROFESSOR CLODOALDO PINTO;RUA BANVARTH BEZERRA 100
SÃO LUÍS DO CURU;23;297;CENTRO-SEDE;E.E.F. DOMINGOS ANSELMO;PRACA ALONSO HERCULANO SN
TRAIRI;97;154;PANAN;EEF OSVALDO CRUZ;PANAN
CAUCAIA;37;174;MATOES;E.E.I.E.F. PAULO FERREIRA DA ROCHA;RUA BOA ESPERANÇA, S/N
CARIRÉ;65;6;CENTRO;ESCOLA DE ENSINO FUNDAMENTAL E MEDIO MARIETA CALS;RUA SEBASTIAO MIRANDA 380
MORAÚJO;64;44;CENTRO;MORAÚJO - ESCOLA ESTADUAL HUET ARRUDA;TRAVESSA CECÍLIA FREIRE, S/N - CENTRO
FORTALEZA;112;20;JARDIM DAS OLIVEIRAS;EM MARIA DE LOURDES RIBEIRO JEREISSATI;RUA REINO UNIDO, 115
PINDORETAMA;7;162;CAPONGUINHA;EMEB RAIMUNDO BENICIO SOBRINHO;CAPONGUINHA - PINDORETMA
FORTALEZA;113;127;BENFICA;EEFM FIGUEIREDO CORREIA;RUA MARECHAL DEODORO, 733
FORTALEZA;94;891;PADRE ANDRADE;EEMTI MONSENHOR DOURADO;AVENIDA SARGENTO HERMÍNIO SAMPAIO 4600
BREJO SANTO;70;232;ZONA RURAL;UNIDADE BÁSICA DE SAÚDE VILA DA CONCEIÇÃO;SITIO PITOMBEIRA
FORTALEZA;118;420;PASSARÉ;EM PROFESSORA MARIA JOSÉ MACÁRIO COELHO;AVENIDA PASSARÉ, 530
SENADOR POMPEU;12;151;ALTO DO CRUZEIRO;EEIEF ELISEU BECCO FILHO;ALTO DO CRUZEIRO S/N
GRAÇA;79;158;CENTRO-SEDE;GRUPO VICENTE ALVES DE SOUSA;R JOAQUIM VICENTE DE ALCANTARA S/N
FORTALEZA;82;351;SÃO GERARDO;ESCOLA MUNICIPAL GUSTAVO BARROSO;RUA ERETIDES MARTINS, 26
PARACURU;109;217;BOI MORTO;E. M. E. I. F. MARIA ELISA MAGALHÃES;BOI MORTO
PACAJUS;49;243;PEDRA BRANCA;EEF DANILO COSTA MENEZES;RUA OSVALDO FREITAS NUNES 133
QUIXADÁ;6;118;DOM MAURICIO;EEF ANTÔNIO MARTINS DE ALMEIDA;RUA PADRE JOSÉ DA SILVA, 36
FORTALEZA;83;55;DEMOCRITO ROCHA;ESCOLA MUNICIPAL PAULO SARASATE;RUA PEDRO MUNIZ 250
BAIXIO;92;87;CENTRO - SEDE;E.E.M.T.I. MONSENHOR HORACIO TEIXEIRA;RUA MARIA DA GLORIA S/N
SANTA QUITÉRIA;54;57;BOA VIDA;E.M.E.F. JOÃO RODRIGUES PINTO;RUA PROFESSOR OTÁVIO TERCEIRO DE FARIAS, 179.
TRAIRI;97;161;MUNGUBA;EEF ANTONIO URSULINO ALVES;MUNGUBA
FORTIM;8;305;PONTAL DE MACEIO;EEFTI. PROFESSORA EMILIA QUEIROZ;PONTAL DE MACEIO
FORTALEZA;95;341;ANCURI;CEI PROFESSOR JOSE TEODORO SOARES;RUA COLETORA CENTRAL II, S/N
TAUÁ;19;269;SANTA TEREZA;EMEF AMANCIO CORDEIRO JUNIOR;VILA SANTA TEREZA
ICÓ;15;86;CENTRO - SEDE;CENTRO SOCIAL URBANO NICIA MARCILIO;RUA FRANCISCO MACIEL S/N
CATARINA;60;255;SEDE;EEF LEONCIO MACARIO DE SOUSA;VILA MACARIO
CARIRÉ;65;40;ZONA RURAL;ESCOLA EIEF MARIA MARLENE FEITOSA DE PAIVA;ALMAS
FORTALEZA;113;351;MONTESE;COLÉGIO AGNUS;RUA TEODORICO BARROSO, 827
GRANJA;25;136;CENTRO;E.E.M.T.I SÃO JOSÉ (COLEGIO ESTADUAL SÃO JOSÉ);RUA FRANCISCO SOUSA, 131
AURORA;69;114;PADRE MORORO-SEDE;E.E.I.F. ANTONIO LANDIM DE MACEDO;PADRE MORORO S/N
PARAMBU;19;380;RIACHÃO;ESCOLA VOVÓ ITELVINA;SÃO JOÃO
PARAMOTI;111;133;CENTRO;EEMTI TOMÉ GOMES DOS SANTOS (PRÉDIO NOVO);RUA ORLEANS FARIAS, S/N - SANTA CECÍLIA
MORRINHOS;44;8;CENTRO;EEMTI CARMINHA VASCONCELOS;RUA NOSSA SENHORA DE FATIMA  309
AQUIRAZ;66;64;CAMARA;EMEF JOAO PIRES CARDOSO;RUA ALDENORA CARDOSO SN
FORTALEZA;116;73;GRANJA PORTUGAL;CRECHE PEQUENO MUNDO DE FLORA;RUA ANTONIO NERI, 1350
FORTALEZA;80;399;FÁTIMA;EEM GOV. ADAUTO BEZERRA;RUA MONSENHOR LIBERATO, 1850
VARJOTA;65;189;VÁRZEA DA PALHA;E.E.I.F.FRANCISCO PEREIRA DA COSTA;VÁRZEA DA PALHA - ZONA RURAL
MISSÃO VELHA;16;119;ZONA RURAL;UBS CACHOEIRA ( ANTIGA CRECHE LETÍCIA RIBEIRO);SITIO CACHOEIRA
SÃO GONÇALO DO AMARANTE;36;183;ARAPIXI;ESCOLA DE ENSINO MÉDIO WALDEMAR ALCANTARA;RUA MAJOR JOÃO MARTINS
BAIXIO;92;84;CENTRO - SEDE;E.E.F.T.I. CEL HUMBERTO BEZERRA;RUA MARIA DA GLORIA, 20
SÃO BENEDITO;22;119;SITIO SANTOS REIS;EEF LOURIVAL BANHOS;SITIO SANTOS REIS
FORTALEZA;80;126;ALTO DA BALANÇA;EEFM ESTADO DO PARÁ;RUA DJALMA PETIT 589
AMONTADA;89;291;SABIAGUABA;EEBTI ISMAEL TOME DE SOUSA;CAETANOS DE BAIXO
PINDORETAMA;7;70;CAPONGUINHA;EMEB RAIMUNDO BENICIO SOBRINHO;CAPONGUINHA - PINDORETMA
PACAJUS;49;216;CENTRO;POSTO DE BENEFICIO DO INSS;RUA GUARANY 806
JUAZEIRO DO NORTE;28;10;HORTO;EMEFTI VEREADOR FRANCISCO BARBOSA DA SILVA;RUA BOM JESUS DO HORTO
ICAPUÍ;8;128;BARREIRAS DE CIMA;ESCOLA PROFA JOANA MARQUES BEZERRA;BARREIRAS DE CIMA
QUIXERAMOBIM;11;228;COHAB;ESCOLA  DOUTOR JOAQUIM FERNANDES;RUA PEDRO BARBOSA DA SILVA SN
IPU;21;158;MARRUAS DOS PAIVAS;EEF DUQUE DE CAXIAS;MARRUAS DOS PAIVAS
PORTEIRAS;70;262;CENTRO;INSTITUTO JOÃO FILGUEIRA;RUA JOAQUIM TÁVORA SN
TAUÁ;19;429;TAUAZINHO;EEF MARIA ALEXANDRINO NOGUEIRA MARQUES;AV CEL VICENTE ALEXANDRINO DE SOUSA
IPUEIRAS;40;169;JACARÉ;CAPELA DE SÃO FRANCISCO - LOC. JACARÉ;LOCALIDADE JACARÉ
FORQUILHA;121;192;CENTRO;EEF DEP JOSE PARENTE PRADO(CENTRO SOCIAL);R MOCINHA VIANA 96
PACAJUS;49;259;CENTRO;CENTRO DE EDUCAÇÃO DE JOVENS E ADULTOS DE PACAJUS - CEJAP;RUA TABELIAO JOSE GAMA FILHO, 350
IPUEIRAS;40;99;BALSEIROS;EEF ANTÔNIO SABINO DO NASCIMENTO -;BALSEIROS
FORTALEZA;116;161;BOM JARDIM;EM SEBASTIAO DE ABREU;RUA GERALDO BARBOSA 1065
CRATO;27;268;PONTA DA SERRA;CENTRO COMUNITÁRIO VILA PORFÍRIO;SÍTIO CATINGUEIRA
FORTALEZA;85;224;CONJUNTO CEARÁ I;EEFM MARIA ANTONIETA NUNES - UV 9;RUA 916 SN 4 ETAPA
GRANJA;25;39;ADRIANOPOLES;UBS - MARIA IRENE DE SOUSA (ANTIGA ESCOLA JUAREZ CRUZ);RUA PEDRO PORTELA XAVIER, S/N
TIANGUÁ;81;129;ÁREA RURAL DE TIANGUÁ;E.E.I.F. REGINA TOMAZ;SÍTIO TABOCA
FORTALEZA;94;11;QUINTINO CUNHA;EEMTI MARIA JOSÉ SANTOS FERREIRA GOMES (CERE);RUA DONA LUCIA PINHEIRO, 93
ICAPUÍ;8;218;MUTAMBA DE ICAPUI;E.E.F. PROFESSORA RAIMUNDA LACERDA DAMIÃO;AV ESAU LACERDA SN
PALMÁCIA;4;161;CENTRO;CRAS CLEMENTINO RODRIGUES CAMPELO;RUA FRANCISCO DE QUEIROZ, S/N
QUIXADÁ;6;209;CENTRO;COLÉGIO SAGRADO CORACÃO DE JESUS;TRAVESSA JOSE DE BARROS,1200
ARARIPE;68;105;CENTRO;ESCOLA MODELO - PROFESSORA CÍCERA GERMANO CORREIA - SEDE;RUA MOACIR DE SOUZA ROCHA, S/N
JUAZEIRO DO NORTE;28;30;CENTRO;CIRCULO OPERARIO SAO JOSE;PADRE CICERO 133
MONSENHOR TABOSA;61;129;PITOMBEIRA;E.M.E.I.F.T.I PESSOA PIRES;POVOADO DE PITOMBEIRA
CANINDÉ;33;320;ZONA RURAL;EMEF CIRILO MARTINS DE SOUSA;ASSENTAMENTO TODOS OS SANTOS
FORTALEZA;82;242;PIRAMBU;EEFM GOVERNADOR FLÁVIO MARCÍLIO;AV. PASTEUR, 575
FORTALEZA;94;330;VILA VELHA;EM ANTONIO CORREIA LIMA;RUA HERMES PARAYBA, 934
FORTALEZA;94;893;PADRE ANDRADE;EEMTI MONSENHOR DOURADO;AVENIDA SARGENTO HERMÍNIO SAMPAIO 4600
FORTALEZA;95;224;PEDRAS;EM FRANCISCA ORIA SERPA;RUA JORGE FIGUEIREDO, 3652
APUIARÉS;50;183;ZONA RURAL;EEF JOÃO CARDOSO BEZERRA;SANTO ANTÔNIO
FORTALEZA;93;250;PREFEITO JOSÉ WALTER;ESCOLA MUNICIPAL ARI DE SA CAVALCANTE (JOSÉ WALTER);AV. H, 430 III ETAPA
SENADOR POMPEU;12;154;SEDE;EEIEF ARISTIDES BATISTA DA SILVA;SITIO PATU S/N
CARIRÉ;65;3;CAIXA D'AGUA;CAGECE - ESCRITORIO;RUA JOAQUIM XIMENES, S/N
QUIXERAMOBIM;11;200;DAMIAO CARNEIRO;ESCOLA CEL VIRGILIO TAVORA- ALGODOES;ALGODOES
LAVRAS DA MANGABEIRA;14;49;PATOS 1 - SITIO;ESCOLA DE 1 GRAU MANOEL PINHEIRO DE SOUSA;SITIO PATOS 1 S/N
LIMOEIRO DO NORTE;29;43;ÁREA RURAL;ESCOLA DE 1 GRAU DONA LUIZA TAVORA;CANAFISTULA DE BIXOPA
FORTALEZA;83;620;BELA VISTA;ESCOLA MUNICIPAL DE TEMPO INTEGRAL PROFESSOR JOSE JULIO DA PONTE;RUA MARIO DE ANDRADE, S/N
SANTANA DO ACARAÚ;44;191;JERICO;ASSOCIAÇÃO COMUNITÁRIA DONA LERNILSON;RUA SÃO FRANCISCO, S/N.
FORTALEZA;113;107;BENFICA;COLÉGIO CHRISTUS BENFICA;RUA LUIS DE MIRANDA, 536
FORTALEZA;83;750;DEMOCRITO ROCHA;COLÉGIO PROFESSORA JEMINA GÓIS;RUA GUANABARA, 627
FORTALEZA;82;681;CARLITO PAMPLONA;EEMTI JOSÉ VALDO RIBEIRO RAMOS;RUA PEDRO AMÉRICO, 100
MARANGUAPE;4;51;GUABIRABA - MARANGUAPE;CEI ISAURINHA DIÓGENES;RUA NAPOLEÃO LIMA, 780
BATURITÉ;5;49;CENTRO-SEDE;EMEF DOMINGOS SAVIO;AV DOM BOSCO, 393
PARACURU;109;89;PARACURU BEACH;E. E. E. P. PROFESSORA ABIGAIL SAMPAIO - ESCOLA TÉCNICA;AV. JOÃO LOPES MEIRELES
MILAGRES;26;36;ROSARIO - PODIMIRIM;ESCOLA DONA MARIQUINHA BELO;AV MANOEL FURTADO DOS SANTOS S/N
GUARAMIRANGA;5;232;LINHA DA SERRA-SITIO;EMEIEF LINHA DA SERRA (LINHA DA SERRA);LINHA DA SERRA
FORTALEZA;95;326;BARROSO;EM PROFESSORA MARIA ANTONÉZIA MEIRELES E SÁ;RUA CORONEL VIRGÍLIO TÁVORA, 1340
COREAÚ;64;71;Cunhassu dos Sales;CUNHASSU DO SALES - ESCOLA MUN. JOSÉ DE SALES;LOCALIDADE CUNHASSU DOS SALES
FORTALEZA;112;568;EDSON QUEIROZ;COLÉGIO NOVA DIMENSÃO;AV. EDILSON BRASIL SOARES, 1599
JAGUARUANA;75;45;SAO JOSE;E.E.F. JOAO RODRIGUES MAIA;SÃO JOSÉ
JUAZEIRO DO NORTE;28;446;MARROCOS;EEF JOSE DE ARAUJO;VILA SAO GONCALO
FRECHEIRINHA;81;245;CENTRO;CENTRO EDUCACIONAL RAIMUNDO PEREIRA;AVENIDA JOAQUIM PEREIRA 717 - CENTRO 
FRECHEIRINHA;81;240;CENTRO;CENTRO EDUCACIONAL RAIMUNDO PEREIRA;AVENIDA JOAQUIM PEREIRA 717 - CENTRO 
CAMPOS SALES;38;34;DIST. DE ITAGUÁ;E.E.F.T.I  ANÂNIAS CUSTÓDIO ARRAIS - DIST. DE ITTAGUÁ;RUA ANÂNIAS CUSTÓDIO ARRAIS S/N
CAMPOS SALES;38;166;BAIRRO BATALHÃO;E.E.I.F MANOEL DUARTE DE SÁ BARRETO - SEDE;RUA IZABEL MENDES, 193
TIANGUÁ;81;316;ÁREA RURAL DE TIANGUÁ;E.E.F. DR. EDSON CARVALHO LIMA;SÍTIO BODEGAS
SALITRE;38;101;ZONA RURAL, SALITRE/CE;E.E.I.F. ANTONIO PEREIRA DE ALENCAR - SÍTIO MILHANS DO SUL;SÍTIO MILHANS DO SUL
VIÇOSA DO CEARÁ;35;32;QUATIGUABA;CEI SANTO EXPEDITO;SITIO QUATIGUABA
FORTALEZA;80;418;JOSÉ BONIFÁCIO;FACULDADE MAURÍCIO DE NASSAU;AVENIDA VISCONDE DO RIO BRANCO, 2078
MARACANAÚ;104;111;JEREISSATI II;EEMTI PROFESSOR EDMILSON PINHEIRO;AVENIDA XII, 727
SOBRAL;121;47;CENTRO;EEM PROFESSOR ARRUDA;RUA CEL. MONT'ALVERNE, 570
MILHÃ;55;68;CENTRO;EEFM EUCLIDES PINHEIRO DE ANDRADE;RUA JOAQUIM NEMESIO 119
FORTALEZA;95;180;CAJAZEIRAS;DNIT;RODOVIA BR-116, KM 06
MORRINHOS;44;131;ESPINHOS DOS LOPES;CENTRO DE EDUCAÇÃO INFANTIL RITA DE CASSIA IRES;ESPINHOS  DOS LOPES
PACAJUS;49;114;COAÇU;EEF RAIMUNDO NOGUEIRA DE QUEIROZ;RUA JOÃO AUGUSTO DE OLIVEIRA, 103
MORADA NOVA;47;144;LAGOA GRANDE;EEB JOSE IRIS RABELO;LAGOA GRANDE
PINDORETAMA;7;274;PRATIUS - 2;EMEB OLGA VALE ALBINO;RODOVIA CE 454, S/N - PRATIUS - 2  PINDORETAMA
AQUIRAZ;66;266;MACHUCA;EMEF GUILHERME JANJA;RODOVIA CE 040 KM 18  S/N
NOVA OLINDA;53;25;TRIUNFO;EMEF REUNIDAS SANTO EXPEDITO;RUA SANTA LUZIA, SN
TAUÁ;19;410;BEZERRA E SOUZA;EEF MARIA DO LIVRAMENTO BARRETO DA COSTA LEITAO;RUA PEDRO MATIAS DE VASCONCELOS SN
BREJO SANTO;70;196;SAO BENTO-SEDE;E E F ANTONIO MARCELINO DE SOUSA;VILA SAO BENTO
ITATIRA;33;290;ZONA RURAL;EMEF EMIDIO CARNEIRO;LOCALIDADE DE SAO JOSE DOS GUERRA
SANTANA DO CARIRI;53;77;DISTRITO DE INHUMAS;CRECHE MARIA ALAÍDE DE SOUSA;DISTRITO DE INHUMAS, SN
FORTALEZA;113;446;VILA UNIÃO;COLÉGIO ART E MANHA;RUA SÃO MATEUS, 1020
ORÓS;15;296;PALESTINA - DISTRITO;E.E.F. MANOEL LEITE BARBOSA;RUA 07 DE SETEMBRO, S/N
QUIXADÁ;6;248;CENTRO;CENTRO UNIVERSITÁRIO CATÓLICA DE QUIXADÁ - UNICATÓLICA;AVENIDA PLÁCIDO CASTELO, S/N
QUIXADÁ;6;47;ALTO SÃO FRANCISCO;EEMTI GOVERNADOR CÉSAR CALS DE OLIVEIRA FILHO;AV. JUSCELINO KUBITSCHEK, 385
MERUOCA;24;602;Sítio São Bento;EEIF - LUIZ GONZAGA FERNANDES;SITIO SAO BENTO
CANINDÉ;33;473;BONITO DISTRITO;EEM.FILHA DA LUTA PATATIVA DO ASSARÉ;ASSENTAMENTO SANTANA DA CAL
CAUCAIA;37;541;TABAPUAZINHO;E.E.I.E.F. TIO MANUEL (ANTIGO LORENA AMARAL);RUA BANABUIÚ, N 1150
SOBRAL;121;169;CENTRO;CEI IVONIR AGUIAR;AV DOM JOSÉ, 2184
FORTALEZA;85;323;CONJUNTO CEARÁ I;EEFM DR UBIRAJARA INDIO DO CEARA - UV-7A;RUA SETECENTOS E CINQUENTA E UM, 192, 3A ETAPA
FORTALEZA;116;57;BOM JARDIM;EM SANTOS DUMONT;RUA GERALDO BARBOSA 240
MOMBAÇA;46;125;CENTRO;EEP PLÁCIDO ADERALDO CASTELO;FAZENDA AMONTADA                                          AMONTADA
RUSSAS;9;219;CENTRO;ESCOLA MUNICIPAL RAIMUNDO PELOPIDAS DE ARAUJO;TRAVESSA MATOSO S/N
CATUNDA;54;237;POVOADO BOM TEMPO;E. E. F. JOAQUIM LOURENÇO;POVOADO DE BOM TEMPO
FORTALEZA;112;581;CAMBEBA;COLÉGIO BATISTA - UNIDADE SEIS BOCAS;RUA DR. WALDEMAR DE ALCANTARA, 200
FORTALEZA;85;306;ANTÔNIO BEZERRA;EEFM ANTONIO BEZERRA;RUA PADRE PERDIGAO SAMPAIO 780
FORTALEZA;113;228;RODOLFO TEÓFILO;COLÉGIO MANUELITO AZEVEDO;RUA TIRADENTES, 483
JAGUARUANA;75;127;CARDEAIS;E.E.F. TOMAZ BARBOSA DE OLIVEIRA;CARDEAIS
POTIRETAMA;86;59;CENTRO;ESCOLA DE 1 E 2 GRAUS ANDRÉ CAMPELO;RUA HONOR DIOGENES SN
PALMÁCIA;4;598;GADO DOS FERROS;CERU PREFEITA FELISMINA CAMPELO MACAMBIRA;GADO DOS FERROS
PACOTI;5;197;SITIO AREIAS;CRECHE GENTE INOCENTE (AREIAS);SITIO AREIAS
FORTALEZA;82;381;ÁLVARO WEYNE;COLÉGIO MENINO JESUS DE PRAGA;RUA ANA FACÓ, 140
ARARIPE;68;26;DISTRITO VILA BREJINHO;CRECHE FRANCISCA GUEDES DE OLIVEIRA - BREJINHO;RUA EUCLIDES DA CUNHA, S/N
JUAZEIRO DO NORTE;28;70;HORTO;EMEFTI VEREADOR FRANCISCO BARBOSA DA SILVA;RUA BOM JESUS DO HORTO
FORTALEZA;80;128;ALTO DA BALANÇA;EEFM ESTADO DO PARÁ;RUA DJALMA PETIT 589
AMONTADA;89;183;SABIAGUABA;EEB FRANCISCO ESTEVÃO DE ASSIS;SABIAGUABA
SABOEIRO;43;281;AROEIRA FERRADA;E.E.F. ROSILDA HERBSTER;SITIO AROEIRA FERRADA
FORTALEZA;113;203;PARQUELÂNDIA;COLÉGIO CHRISTUS PRÉ - UNIVERSITÁRIO;RUA CRUZ SALDANHA, 614
RUSSAS;9;153;POCO REDONDO;ESCOLA MUNICIPAL LINO GONCALVES;POÇO REDONDO
UBAJARA;73;173;SÍTIO IPUZINHO - ARATICUM;ESCOLA SERVOLINO ALVES DA ROCHA;SITIO IPUZINHO - ARATICUM
FORTALEZA;80;241;TAUAPE;EEFM NOEL HUGNEN OLIVEIRA PAIVA;RUA MONSENHOR SALAZAR 279
PARAIPABA;109;115;CENTRO;EEM ENGENHEIRO AGEU ROMERO;RUA EVARISTO GOMES 143
FORTALEZA;115;255;PARANGABA;FACULDADE UNINASSAU - PARANGABA;RUA GERMANO FRANCK, 567
FORTALEZA;115;173;MONTESE;EEMTI JOAO MATTOS;RUA ALMIRANTE RUBIM, 1014
TAMBORIL;61;9;DISTRITO DE AÇUDINHO;EMTI LUIZ GONZAGA AMBRÓSIO;VILA AÇUDINHO
MARANGUAPE;4;22;PARQUE IRACEMA - MARANGUAPE;CEI MÁRIO VALENTIM DE ANDRADE;RUA ANTÔNIO GOMES BESSA, S/N
FORTALEZA;82;186;MONTE CASTELO;EM LENIRA JUREMA DE MAGALHÃES;RUA TEÓFILO GURGEL, 111
MAURITI;76;104;SERRINHA;CENTRO EDUCACIONAL DE MAURITI;RUA JOSÉ LEITE DA COSTA, 629
CARIÚS;43;191;SITIO BRAVAS;EEIF JOSE LUIZ DE CARVALHO;SITIO BRAVAS
FORTALEZA;113;128;BENFICA;EEFM FIGUEIREDO CORREIA;RUA MARECHAL DEODORO, 733
BARREIRA;52;122;LAGOA GRANDE;ESCOLA PEDRO ALEXANDRINO DE LIMA;LAGOA GRANDE
SOBRAL;121;265;ARACATIAÇU;EEMTI ISRAEL LEOCADIO DE VASCONCELOS;PRACA DA VARZEA, 479 - ARACATIAÇU
RUSSAS;9;91;SAO JOAO DE DEUS;ESCOLA MUNICIPAL SAO JOAO DE DEUS;RUA PADRE MARCONDES S/N
BOA VIAGEM;63;3;CENTRO-SEDE;SECRETÁRIA DO TRABALHO E ASSISTENCIA SOCIAL- ANTIGO CENTRO COMUNITÁRIO;RUA ANTONIO QUEIROZ  250
RUSSAS;9;124;RETIRO;ESCOLA MUNICIPAL PADRE PEDRO DE ALCANTARA ARAUJO;RETIRO
AQUIRAZ;66;233;TELHA-CAMARA;EMEF JOSE RODRIGUES MONTEIRO;RUA ANGELO RODRIGUES MONTEIRO 882
SENADOR POMPEU;12;81;SAO JOAQUIM;ASSOCIAÇÃO COMUNITÁRIA DA LOC. DO SÍTIO ROSÁRIO;SÍTIO ROSARIO
FORTIM;8;179;GURGURI;EEIF. MAURO CAVALCANTE;VILA GURGURI
BEBERIBE;84;19;SUCATINGA;ESCOLA MUNICIPAL RAIMUNDA CARNEIRO;RUA DAS DUNAS SN URUAU
FORTALEZA;80;193;FÁTIMA;COLÉGIO NOSSA SENHORA DAS GRAÇAS;RUA MONSENHOR OTÁVIO DE CASTRO, 535
BARRO;92;22;CUNCAS-DISTRITO;ESCOLA DE ENSINO FUNDAMENTAL PROFA. CATARINA TAVARES;DISTRITO DE CUNCAS
FORTALEZA;115;415;PARANGABA;COLEGIO GURI  SENIOR;RUA CONEGO DE CASTRO 1780
ARARENDÁ;48;123;SIRIEMA;E. E. F. JOÃO RODRIGUES DE ARAÚJO;LOCALIDADE DE SIRIEMA
AMONTADA;89;88;CENTRO;EEEP LUIZ GONZAGA FONSECA MOTA;AV GAL ALÍPIO DOS SANTOS 1360
ICÓ;15;103;LIMA CAMPOS - DISTRITO;EMTIH - MONSENHOR JOSE CAMURCA;RUA SAO SEBASTIAO, 239
JAGUARIBE;10;98;DISTRITO DE NOVA FLORESTA;EEIF ULISSES PARANHOS MAIA;RUA FRANCISCO GOMES DE CASTRO, 399
PACAJUS;49;262;CUMARU;EEF AURILO BEZERRA PEREIRA;RUA CÔNEGO EDUARDO ARARIPE S/N
AMONTADA;89;208;ICARAÍ;EEBTI DOMINGOS CARLOS DAMASCENO;PACOVAS
FORTALEZA;82;248;CARLITO PAMPLONA;EM HILBERTO SILVA;AV. PRESIDENTE CASTELO BRANCO, 2973
BARROQUINHA;108;57;CENTRO;EEMTI JAIME LAURINDO DA SILVA;TRAVESSA DO CAMPO, S/N
CAUCAIA;37;502;GRILO;E.E.I.E.F. MARIA DAS DORES LIMA;RUA JOSE EMILIO DA ROCHA, 852 - PQ MALOUBER
MASSAPÊ;45;136;CRUZEIRO;EEEP FRANCISCA NEILYTA CARNEIRO ALBUQUERQUE;RODOVIA CE362 KM 81 S/N
TRAIRI;97;104;CHAO DURO;EEF RAIMUNDO NONATO;CHAO DURO
FORTALEZA;112;99;JARDIM DAS OLIVEIRAS;EM ISMAEL PORDEUS;RUA DES FAUSTINO ALBUQUERQUE, 511
JUAZEIRO DO NORTE;119;407;PIRAJA;CRECHE ANA AMELIA BEZERRA DE MENEZES;RUA VEREADOR JOSE RODRIGUES, 270
SOBRAL;121;78;GERARDO CRISTINO;ETI MARIA DORILENE ARRUDA ARAGAO;AV. MONS. ALOÍSIO PINTO, 1.635 D. EXPEDITO
PORANGA;40;108;SEDE;EEFM PRUDÊNCIO DE PINHO - SEDE;AV. DR. EPITÁCIO PINHO, 277, BAIRRO VILA NOVA
CRATO;27;55;PALMEIRAL;URCA - CURSO DE DIREITO;AVENIDA TEODORICO TELES, 745
ASSARÉ;18;49;PARQUE DE VAQUEJADA;ESCOLA DE EDUCACAO INFANTIL E ENSINO FUNDAMENTAL MARIA ISABEL;AVENIDA DEP. MANOEL GONCALVES, S/N
MOMBAÇA;46;71;CENTRO;E. E. F. M. DIVINO SALVADOR;RUA FRANCISCO JOSE DE OLIVEIRA SN                 SEDE
FORTALEZA;80;194;FÁTIMA;COLÉGIO SANTO TOMÁZ DE AQUINO;RUA MÁRIO MAMEDE, 750
ARARIPE;68;84;SITIO TANQUINHO;ESCOLA MUNICIPAL OTONIEL DE MORAIS - SÍTIO TANQUINHO;SITIO TANQUINHO
MORRINHOS;44;17;CENTRO;EMEF CORONEL VIRGÍLIO TÁVORA;RUA JOAQUIM CORIOLANO ROCHA 401
SOBRAL;24;660;RENATO PARENTE;EEEP LYSIA PIMENTEL GOMES;AV. JOHN SANFORD, 1223
PACAJUS;49;138;TUCUM;EEF SENADOR CARLOS JEREISSATI;TUCUM
JUCÁS;43;97;BAIXIO DA DONANA - VILA;ESCOLA DE 1 GRAU ARTUR ALVES CABRAL;VILA DO BAIXIO DA DONANA
JUAZEIRO DO NORTE;28;216;FRANCISCANOS;COLÉGIO SÃO FRANCISCO DE ASSIS;NOSSA SENHORA DO CARMO SN
JUAZEIRO DO NORTE;28;8;CENTRO;EEFTI DR. LEÃO SAMPAIO;DOUTOR FLORO BARTOLOMEU 517
JIJOCA DE JERICOACOARA;30;95;ZONA RURAL;ESCOLA DONA JOAQUINA TEIXEIRA;MANGUE SECO
FORTALEZA;85;195;CONJUNTO CEARÁ I;ESCOLA JOÃO PAULO II;AV C N. 1381 2 ETAPA
TAUÁ;19;264;ALTO BRILHANTE;EEI AUREA JATAI MOTA;RUA DR BERNARDO DE CASTRO FEITOSA SN
TAUÁ;19;271;TAUAZINHO;EEF MARIA ALEXANDRINO NOGUEIRA MARQUES;AV CEL VICENTE ALEXANDRINO DE SOUSA
GRANJA;25;52;TIMONHA;E.E.F. JOSÉ FIRMINO DOS SANTOS;TRAVESSA ALCANTARA, 534
FORTALEZA;94;441;VILA VELHA;EM ANTONIO CORREIA LIMA;RUA HERMES PARAYBA, 934
ITAPAJÉ;41;259;JORGE;ESCOLA AGOSTINHO FERREIRA ARAUJO FILHO;SITIO JORGE DE BAIXO
PENTECOSTE;50;144;SÃO FRANCISCO;EEF BALBINA MOREIRA DE AZEVEDO;AVENIDA ANTÔNIO BRAGA DE AZEVEDO
FORTALEZA;113;169;BOM FUTURO;ESC. PROFISSIONAL PE. JOÃO PIAMARTA;RUA PADRE JOÃO PIAMARTA, 161
FORTALEZA;117;382;BOM JARDIM;PROJETO ALIANÇA COM CRISTO;RUA WALDEMAR PAES BRAGANÇA 1208
TRAIRI;97;135;CARNAUBA TORTA;EEF JOAQUIM CORDEIRO;CARNAUBA TORTA
CANINDÉ;33;66;ZONA RURAL;EMEF JOSE BERNARDO UCHOA;VAZANTE DO CURU
SABOEIRO;43;292;LAGOINHA;E.E.F. NOSSA SENHORA DE FÁTIMA;SÍTIO LAGOINHA
SÃO BENEDITO;22;44;MONS. OTALICIO;LICEU - JOAO ALMIR DE FREITAS BRANDAO;AVENIDA TABAJARA S/N
FORTALEZA;82;622;CRISTO REDENTOR;CEJA  MONSENHOR HÉLIO CAMPOS;AV. MONSENHOR HÉLIO CAMPOS, 251
MARACANAÚ;104;75;TIMBÓ;EMEF DR. JOSÉ DE BORBA VASCONCELOS;AVENIDA TIMBÓ, 808
SOBRAL;24;330;EXPECTATIVA;EEFI TRAJANO DE MEDEIROS (LAVANDERIA);AVENIDA DR. JOSE EUCLIDES FERREIRA GOMES JUNIOR, S/N
FORTALEZA;116;60;BOM JARDIM;EM CRESCER E APRENDER;RUA EDSON MARTINS, 642
CARIÚS;43;169;SAO SEBASTIAO-DISTRITO;EEIF JOAO DIAS DE MORAIS (ANTIGA JOAO LEITE CHAVES);VILA SAO SEBASTIAO
TIANGUÁ;81;330;RÉGIS DINIZ;E.E.F. DOM FCº. JAVIER HERNANDEZ ARNEDO;RUA SÃO BERNARDO, S/N
INDEPENDÊNCIA;39;34;SANTA MARIA;E.E.F.ANTONIO LOURENÇO DE SOUSA;POVOADO SANTA MARIA
OCARA;67;210;CURUPIRA-DISTRITO;ESCOLA MUNICIPAL MARIA DE LOURDES COSME - ENSINO FUNDAMENTAL;JUREMA DOS VIEIRA
NOVO ORIENTE;99;55;ZONA RURAL;EEF FRANCISCO SEVERIANO DE SOUSA;DISTRITO SANTA MARIA
FORTALEZA;95;322;BARROSO;EMEIEF OTAVIO DE FARIAS;RUA JOAO FERREIRA, S/N
SÃO GONÇALO DO AMARANTE;36;281;PECEM-DISTRITO;ESCOLA DE ENSINO FUNDAMENTAL EUCLIDES PEREIRA GOMES;TRAVESSA MARCIONILIA SAMPAIO S/N
CAUCAIA;123;538;ARATURI (JUREMA);E.E.I.E.F. MONSENHOR ANDRÉ VIANA CAMURÇA;RUA NW-5, 40
CASCAVEL;7;80;GUANACES;ESC.ENS.FUND. FRANCISCA SABOIA POMPEU;PASSAGEM DO FRANCO 2
MASSAPÊ;45;3;CENTRO;EEFM ADAUTO BEZERRA;PCA MANOEL JARBAS AGUIAR SN
MASSAPÊ;45;117;ZONA RURAL;EMEF AURELIANO LOPES;CACIMBA VELHA
SOBRAL;24;649;RENATO PARENTE;EEEP LYSIA PIMENTEL GOMES;AV. JOHN SANFORD, 1223
IPUEIRAS;40;29;MATRIZ DE SAO GONCALO;EEF FRANCISCO SOARES MOURÃO - MATRIZ DE SÃO GONÇALO;MATRIZ DE SÃO GONÇALO
MISSÃO VELHA;16;77;ZONA RURAL;EEF NOEMIA CRUZ LANDIM;SITIO PASSAGEM DE PEDRA
FORTALEZA;94;930;VILA VELHA;EMTI DEPUTADO ROBERTO MESQUITA;R. BETA,  SN
JUAZEIRO DO NORTE;119;141;JOAO CABRAL;ESCOLA JERONIMO FREIRE DOS SANTOS;VIRGINIA MENDONCA SN
FORTALEZA;95;233;CONJUNTO PALMEIRAS;CEI MARIA DO SOCORRO FERREIRA VIRINO;RUA VALPARAÍSO, 339
JARDIM;119;281;CENTRO;ESCOLA GOV. ADAUTO BEZERRA;AV WILSON RORIZ 1334
ITAPIÚNA;105;151;ZONA RURAL;EEIEF RUFINO SOUSA BARROS;LAGOAS
AQUIRAZ;66;160;JUSTINIANO DE SERPA;CEI JOSE NICODEMUS DE ASSUNÇAO;RUA RAIMUNDO NONATO ASSUNÇAO S/N
CHAVAL;108;33;CENTRO;EEF SANTO ANTÔNIO;RUA MONSENHOR CARNEIRO  S/N
FORTALEZA;116;123;GRANJA PORTUGAL;EEFM PROF JOCIE CAMINHA DE MENEZES;RUA ITU 120
FORTALEZA;116;422;BONSUCESSO;EM MARIA DO SOCORRO ALVES CARNEIRO;RUA LUIS VIEIRA 1020
VARJOTA;65;210;ACAMPAMENTO DNOCS;E.E.F. FLORÊNCIA FERREIRA NETA;AV. PRESIDENTE CASTELO BRANCO, S/N
NOVO ORIENTE;99;34;CENTRO;EEM COELHO MASCARENHAS;RUA SAO JOSE S/N
BREJO SANTO;70;34;CENTRO-SEDE;E E F M JOSÉ MATIAS SAMPAIO;RUA MANOEL INACIO BEZERRA 49
FORTALEZA;95;92;BARROSO;EEFM PADRE MARCELINO CHAMPAGNAT;RUA DAURA, 120
POTENGI;68;44;CENTRO;EEFM MENEZES PIMENTEL - SEDE;RUA SEVERINO PAULINO, 230 - BAIRRO SÃO FRANCISCO
ALTO SANTO;86;76;JARDIM;ESCOLA DE 1 GRAU PROFESSORA MARIA DO SOCORRO MAIA;CONJUNTO HABITACIONAL FRANCISCO WILKER CAMPELO S/N
ITAPAJÉ;41;214;PADRE LIMA;ESCOLA MUNICIPAL CAPITAO MANOEL PINTO MESQUITA;RUA TEIXEIRA PINTO  1047
FORTALEZA;82;622;CRISTO REDENTOR;CEJA  MONSENHOR HÉLIO CAMPOS;AV. MONSENHOR HÉLIO CAMPOS, 251
APUIARÉS;50;122;ZONA RURAL;UEI MONTE ALVERNE;MONTE ALVERNE
URUBURETAMA;23;34;CENTRO;EEF MONS ANTERO JOSE DE LIMA;RUA FARM JOSE RODRIGUES 1154
JARDIM;119;368;SITIO MONTANHAS;CAPELA NOSSA SENHORA DE FÁTIMA;SÍTIO MONTANHAS - ZONA RURAL
FORTALEZA;116;508;GRANJA LISBOA;EM ULISSES GUIMARAES;RUA TENENTE FRANCISCO PAIVA 1350
FORTALEZA;94;941;VILA VELHA;EMTI DEPUTADO ROBERTO MESQUITA;R. BETA,  SN
FORTALEZA;94;197;VILA VELHA;EEFM DONA HILZA DIOGO DE OLIVEIRA;AV. DOM ALOÍSIO LORSCHEIDER, 1040 - VILA VELHA
FORTALEZA;94;822;ANTÔNIO BEZERRA;COLEGIO JULIA FIALHO;RUA JOSE ACIOLY 73
MISSÃO VELHA;16;10;DISTRITO DE JAMACARU;EEFM PADRE AMORIM;RUA FELIX ITALIANO SN
FORTALEZA;95;170;PARQUE SANTA MARIA;EEMTI POETA OTACILIO COLARES;RUA JORGE DA VEIGA, 265
FORTALEZA;93;164;MONDUBIM;EM JOAO HILDO DE CARVALHO FURTADO;RUA MIGUEL ARAGÃO, S/N ARACAPÉ
BARBALHA;31;69;BARRO VERMELHO;ETI MARIA LINHARES SAMPAIO (SÍTIO BARRO VERMELHO);SITIO BARRO VERMELHO
TIANGUÁ;81;230;ÁREA RURAL DE TIANGUÁ;E.E.F. PROFª. OFÉLIA PORTELA MOITA;RUA 31 DE MAIO - SÍTIO CÓRREGO
MULUNGU;5;146;LAMEIRAO-VILA;EMEF MARIA AMELIA PONTES;LAMEIRAO
QUIXADÁ;6;116;CUSTÓDIO;EEF JOAQUIM FERREIRA SANTIAGO;SALVAÇÃO, S/N
FORTALEZA;82;658;MONTE CASTELO;EM PROFESSOR MARTINZ DE AGUIAR;RUA BERNARDO PORTO, 470
MARACANAÚ;104;426;TIMBÓ;EMEF ADAUTO FERREIRA LIMA;AVENIDA CONTORNO LESTE, S/N
FORTALEZA;94;386;VILA VELHA;EMEF QUINTINO CUNHA;RUA MARIA CLARA 1263
FORTALEZA;95;340;JANGURUSSU;CUCA JANGURUSSU;AV. GOVERNADOR LEONEL BRIZOLA, S/N
FORTALEZA;80;119;ALTO DA BALANÇA;EEFM ESTADO DO PARÁ;RUA DJALMA PETIT 589
IGUATU;13;230;JOSÉ DE ALENCAR;PSF DO SÍTIO TAMBIÁ;SITIO TAMBIA                                      SEDE
FORTALEZA;94;646;QUINTINO CUNHA;EEMTI MARIA JOSÉ SANTOS FERREIRA GOMES (CERE);RUA DONA LUCIA PINHEIRO, 93
PACAJUS;49;262;CUMARU;EEF AURILO BEZERRA PEREIRA;RUA CÔNEGO EDUARDO ARARIPE S/N
FORTALEZA;116;180;GRANJA PORTUGAL;CENTRO EDUCACIONAL HORA DE APRENDER;RUA VITAL BRASIL 2533
FORTALEZA;116;492;BONSUCESSO;EM ANTONIO DIOGO DE SIQUEIRA;RUA ANSELMO NOGUEIRA 655
MADALENA;63;252;CENTRO;EEF ALVARO DE ARAUJO CARNEIRO;MARIA ARMENIA BARBOSA, 299 - SANTA TEREZINHA
RUSSAS;9;292;GRACISMOES;ESCOLA MUNICIPAL ELIAS FERREIRA COSTA;GRACISMOES
FORTALEZA;80;211;ALTO DA BALANÇA;EEF CIRCULISTA BOM JESUS;RUA JOSE BUSON 101
MADALENA;63;183;SEDE;EEF PAULA QUEIROZ;TEOTONIO
FORTALEZA;83;517;BELA VISTA;COLEGIO CHRISTUS;AV. ENG. HUMBERTO MONTE, 1355
TABULEIRO DO NORTE;91;152;SÃO BENTO;EEB JOSE BIZERRA DE LIMA - SITIO SÃO BENTO;SITIO SÃO BENTO
IPU;21;48;SEDE;EEMTI AUTON ARAGAO;PCA SAO SEBASTIAO 1029 CENTRO
FORTALEZA;118;267;SERRINHA;COLÉGIO MARIA ESTER I;RUA ANTONIO TEIXEIRA LEITE, 248
MORADA NOVA;47;260;ROLDAO;EEB JOAQUIM CHAGAS FILHO;TRAV. LUIS VIEIRA, S/N
MORADA NOVA;47;291;SAO FRANCISCO;EEB PROFESSORA ANA CLARA ANDRADE NÂNTUA BENTO;RUA JOSÉ DE SOUSA MARTINS, 261
CRATO;27;202;NOVO CRATO;CRAS SEMINÁRIO - CENTRO DE REFERÊNCIA DE ASSISTÊNCIA SOCIAL;RUA JOSÉ PINHEIRO TELES, 169
TIANGUÁ;81;210;RÉGIS DINIZ;E.E.F. FRANCISCO ORDÔNIO;RUA FRANCISCO ORDÔNIO, 96
CARIÚS;43;158;VILA NOVA-SEDE;EEIF MARIA ALCIDES;RUA JUCIER CHAVES S/N
FORTALEZA;85;327;CONJUNTO CEARÁ I;EEFM DR UBIRAJARA INDIO DO CEARA - UV-7A;RUA SETECENTOS E CINQUENTA E UM, 192, 3A ETAPA
VÁRZEA ALEGRE;62;72;NARANIU-SEDE DO DISTRITO;EEF PEDRO LEANDRO DA SILVA;VILA SÃO CAETANO
CAUCAIA;37;536;TABAPUÁ;E.E.I.E.F. ROBERTO JOSÉ BASTOS MACAMBIRA;RUA 7, S/N - TABAPUÁ
ITAPIPOCA;17;415;BOA VISTA;EEB MARIA DALVA BARBOSA AZEVEDO;RUA EUBIA BARROSO
TIANGUÁ;81;148;TABAINHA;E.E.I.F. RAIMUNDO LOPES MAGALHÃES;DISTRITO TABAINHA
FORTALEZA;118;645;SERRINHA;COLÉGIO SAGRADA FAMÍLIA;RUA MADRE ELISA BALDO, 331
RERIUTABA;79;108;AÇUDE DO MATO;E.E.F. NOSSA SENHORA DAS GRACAS;AÇUDE DO MATO
FORTALEZA;118;408;PASSARÉ;EM FRANCISCO ANDRADE TEOFILO GIRAO;RUA UNIDOS VENCEREMOS, 2040
IRACEMA;86;93;CENTRO;E.E.F.M. ENEAS OLIMPIO DA SILVA;RUA CAP MANOEL RUFINO DE NEGREIROS, 35
CAUCAIA;37;198;GRILO;E.E.I.E.F. MARIA DAS DORES LIMA;RUA JOSE EMILIO DA ROCHA, 852 - PQ MALOUBER
FORTALEZA;80;342;JOAQUIM TÁVORA;COLÉGIO SALESIANO DOM BOSCO;AV ANTONIO SALES 116
MARTINÓPOLE;25;200;CENTRO;E.E.I. CECILIO PORFIRIO GOMES;AV. CAPITAO BRITO, S/N
MADALENA;63;170;CENTRO;EEF ALVARO DE ARAUJO CARNEIRO;MARIA ARMENIA BARBOSA, 299 - SANTA TEREZINHA
ALCÂNTARAS;24;612;CARMOLANDIA;EEFI PEROLINA FERNANDES ALBUQUERQUE;POVOADO DE CARMOLANDIA
CAUCAIA;123;517;NOVA METRÓPOLE (JUREMA);E.E.F.M. DOM ALOÍSIO LORSCHEIDER;AV. CONTORNO OESTE, S/N
CHOROZINHO;49;403;LEIROES;EEM DR WLADIMIR RORIZ;RUA DR LUIS COSTA SN
MORADA NOVA;47;43;CENTRO;CENTRO EDUCACIONAL MONSENHOR TABOSA;AV. MANOEL CASTRO, 440
SÃO GONÇALO DO AMARANTE;36;271;CONJUNTO;ESCOLA DE ENSINO FUNDAMENTAL GOVERNADOR TASSO JEREISSATI;RUA CORONEL NECO MARTINS S/N - SEDE
QUIXELÔ;13;147;CENTRO;ESCOLA DE ENS FUND E MÉDIO PROFESSOR LUIS DE GONZAGA FONSECA MOTA;RUA VITORINO JOSE DE OLIVEIRA SN
CHAVAL;108;36;POVOADO RETIRO;EEF RAIMUNDO ALVES DE SÁ;POVOADO RETIRO
FORTALEZA;116;402;BONSUCESSO;EM XV DE OUTUBRO;RUA GUARANI, 2030
PACAJUS;49;104;ITAIPABA;CENTRO EDUCACAO DEPUTADO PEDRO JOSE;ITAIPABA
SOBRAL;121;111;DOM EXPEDITO;EEFI PADRE OSVALDO CHAVES;RUA PROFESSOR ANTÔNIO FERREIRA PORTO225
FORTALEZA;95;150;JANGURUSSU;EEMTI ALMIRANTE TAMANDARÉ;RUA DO PEREIRO, S/N, CJ ALMIRANTE TAMANDARÉ
SOLONÓPOLE;55;38;SAO JOSE;ESCOLA DE 1 GRAU MUNDOCA MOREIRA;RUA MIGUEL FIRMIANO
JUAZEIRO DO NORTE;28;100;PIO XII;EMTI FIGUEIREDO CORREIA;PRACA DA CONCEICAO S/N
FORTALEZA;113;319;RODOLFO TEÓFILO;EM SÃO RAIMUNDO;RUA ALEXANDRE BARAÚNA, 1450
RERIUTABA;79;252;CENTRO;EEMTI CORONEL ALFREDO SILVANO;RUA JOSÉ TEODORO SOARES, S/N
PARACURU;109;47;CAMPO DE AVIAÇÃO;E. E. M. T. I. PROFESSORA MARIA LUIZA SABOIA RIBEIRO;AVENIDA ANTONIO SALES
FORTALEZA;114;119;ÁLVARO WEYNE;EMTI NOSSA SENHORA DE FÁTIMA (ANTIGA APOSTÓLICA/SEMINÁRIO);RUA SÍLVIO ROMERO 370
CAUCAIA;120;400;PLANALTO CAUCAIA;E.E.I.E.F. ANTONIO BRAGA DA ROCHA;RUA 112, SN - CIGANA
MILHÃ;55;92;SEDE;ASSOCIAÇÃO COMUNITÁRIA DE VILA NOVO DESTINO E SITIOS VIZINHOS;SITIO NOVO DESTINO
FORTALEZA;94;475;VILA VELHA;EMEIF HERONDINA LIMA CAVALCANTE;AV. AMBIENTALISTA ARY THIERS, 310
FORTALEZA;83;157;JOÃO XXIII;CENTRO DE FORMAÇÃO E DESENV. PARA PROFISSIONAIS DA EDUCAÇÃO - FORMACE;RUA PORTO VELHO, 401
CARIRIAÇU;71;107;SÍTIO ARÃO;POSTO DE SAÚDE PADRE CICERO;SITIO ARÃO
ARACATI;8;338;VILA SÃO JOSÉ;E.E.F. POMPEU COSTA LIMA FILHO;VILA SÃO JOSÉ
REDENÇÃO;52;75;DISTRITO DE FAÍSCA;POSTO DE SAÚDE FRANCISCO P SILVA (SEÇÕES DA ESCOLA ANTÔNIO DE BARROS);RIACHO DAS PEDRAS
ITAPIPOCA;17;549;BARRENTO;EEB PAULO TELES TEIXEIRA;MARITACACA
VIÇOSA DO CEARÁ;35;66;PADRE VIEIRA;E.E.F ISAAC VIEIRA DO ESPIRITO SANTO;SITIO PASSAGEM FLORIDA
ACOPIARA;60;141;TRUSSU;EEF JULIA BARRETO;SITIO TRAVESSAO
COREAÚ;64;9;Centro;COREAÚ - ESCOLA ESTADUAL VILEBALDO AGUIAR;RUA CORONEL ANTÔNIO TELES, 33 - CENTRO
SANTA QUITÉRIA;54;153;VILA SÃO DAMIÃO;ESCOLA MUNICIPAL FRANCISCO DE ASSIS PARENTE;VILA SÃO DAMIÃO
TRAIRI;97;179;CENTRO;ESCOLA DE 1 E 2 GRAU JONAS HENRIQUE DE AZEVEDO;AV CELSO BARROSO
ITAITINGA;78;387;PARQUE GENEZARÉ;EEF DONA CONCEIÇÃO;RUA DR. MANOEL SÁTIRO, N 132
PEREIRO;10;165;CENTRO;ESCOLA PINGO DE GENTE (ESPECIAL);RUA SEVERO HOLANDA S/N
FORTALEZA;116;300;GRANJA PORTUGAL;CAPS INFANTIL DA SECRETARIA EXECUTIVA REGIONAL V;RUA HUMBERTO LOMEU, 1105
CAMOCIM;32;215;SAO PEDRO;ESCOLA EMILIA PESSOA VERAS;RUA HUMAITA S/N
CRUZ;30;404;PREA;ESCOLA RAIMUNDA SILVEIRA DE SOUSA CARNEIRO;PREA
ITAPIPOCA;17;459;URBANO TEIXEIRA;EEB ADAUTO BEZERRA;RUA JOAQUIM RODRIGUES TEIXEIRA
FORTALEZA;95;256;BARROSO;EMEIEF OTAVIO DE FARIAS;RUA JOAO FERREIRA, S/N
FORTALEZA;95;145;CONJUNTO PALMEIRAS;CEI CESAR CALS DE OLIVEIRA NETO;RUA CAMPINENSE, 54
FORTALEZA;95;178;PARQUE SANTA MARIA;EEMTI POETA OTACILIO COLARES;RUA JORGE DA VEIGA, 265
UBAJARA;73;84;CENTRO;MAÇONARIA;AV MONS GONÇALO EUFRASIO
QUIXERÉ;29;242;LAGOINHA;EEIF ZACARIAS FERREIRA DE SOUSA;RUA JOAO ZACARIAS DE BRITO SN
VÁRZEA ALEGRE;62;258;CANINDEZINHO;EEF JOSÉ ALVES DE MENEZES;SÍTIO BOM JESUS
HORIZONTE;78;92;CENTRO;EEM RAIMUNDO NOGUEIRA;RUA RAIMUNDO NOGUEIRA, 103
TAUÁ;19;40;CENTRO;ESCOLA MUNICIPAL DE 1 GRAU JORGE MASSILON;AV ODILON AGUIAR S/N
GRANJA;25;193;TIAIA;UNIDADE BÁSICA DE SAÚDE - UBS MARIA IRACY ARRUDA;TIAIA DE CIMA
UMIRIM;23;240;CENTRO-SEDE;E.E.F.M. JOSE PINHEIRO SALES;RUA MAJOR SALES 664
ARACATI;8;240;ASSENTAMENTO ZUMBI DOS PALMARES;E.E.F. ZUMBI DOS PALMARES;BR 304 KM 84 - ASSENT. ZUMBI DOS PALMARES
TAUÁ;19;426;BEZERRA E SOUZA;EEF MARIA DO LIVRAMENTO BARRETO DA COSTA LEITAO;RUA PEDRO MATIAS DE VASCONCELOS SN
LIMOEIRO DO NORTE;29;269;JOÃO XXIII;EEMTI ARSÊNIO FERREIRA MAIA;RUA CEL JOSE NUNES 1245
FORTALEZA;118;405;SERRINHA;EM MARIA DE CARVALHO MARTINS;AVENIDA DOUTOR SILAS MUNGUBA, 4300
CEDRO;13;501;SANTO ANTÔNIO;ESCOLA DE ENS FUND ANTONIO LAURENIO DE OLIVEIRA;DT SANTO ANTONIO
AQUIRAZ;66;22;PATACAS;EMEF LEOLINA BATISTA RAMOS;AV JOSUE LEITE DE FREITAS S/N
PEREIRO;10;170;SITIO GROSSOS;GRUPO ESCOLAR NOSSA SENHORA DAS GRACAS;SITIO GROSSOS
FORTALEZA;83;722;PICI;EEEP JÚLIA GIFFONI;RUA CORONEL MATOS DOURADO 1349
HORIZONTE;78;413;CENTRO;EMEF MARIA REGIANA DA SILVA;RUA RAFAEL SANTOS, 530
SOBRAL;24;342;ALTO DO CRISTO;EEMTI PREFEITO JOSE EUCLIDES F. GOMES JUNIOR-(ANTIGO CIRAO);AV. HUMBERTO LOPES
CATUNDA;54;74;CENTRO;COLÉGIO FILOMENA BELARMINA NAU;CENTRO
CANINDÉ;33;302;CAN;EMEF MELVIN JONES;RUA PROFESSOR RAIMUNDO MARTINS 1405
PARAMOTI;111;153;ZONA RURAL;EMEF SANTA LUZIA;PAPEL
MARANGUAPE;4;429;AMANARI;EMEIEF CRISTOVÃO COLOMBO;PEDRA D'ÁGUA
MARACANAÚ;122;232;JAÇANAÚ;EMEIEF FRANCISCO ANTONIO FONTENELE;RUA NOE SALES BEZERRA S/N
AQUIRAZ;66;325;JUSTINIANO DE SERPA;EEF LAGOA DO MATO DE SERPA;LAGOA DO MATO - JUSTINIANO DE SERPA
FORTALEZA;94;938;JARDIM GUANABARA;CMES PROF JOSE REBOUCAS MACAMBIRA;RUA CARIÚS 200
JUAZEIRO DO NORTE;119;460;PREFEITO CARLOS ALBERTO DA CRUZ;ESCOLA ZILA BELEM;FRANCISCO VICENTE SILVA CAVALCANTE SN
MARACANAÚ;122;108;INDUSTRIAL;EMEF VINICIUS DE MORAIS;RUA N NO. 425 (ESPLANADA DO MONDUBIM)
PEDRA BRANCA;59;74;SEDE;EEIF HENRIQUE ALVES PEREIRA;SITIO SAO FRANCISCO
MUCAMBO;79;236;CENTRO;ESCOLA ELZE MENDES DE AGUIAR;AV AGRONOMO JOSE ALVES, S/N - SEDE
SÃO GONÇALO DO AMARANTE;36;201;LAGOA DO MATO-POVOADO;POSTO DE SAÚDE DA LAGOA DO MATO;POVOADO LAGOA DO MATO
FORTALEZA;114;336;BARRA DO CEARÁ;EM AGOSTINHO MOREIRA E SILVA;RUA PERI, 20
VIÇOSA DO CEARÁ;35;158;SITIO CACIMBINHA;ANEXO HORÁCIO FONTENELE MAGALHÃES;SITIO CACIMBINHA
AQUIRAZ;66;34;TUPUIU;EMEF FRANCISCO DA SILVA SAMPAIO;ESTRADA DO FIO TELEGRAFO
CANINDÉ;33;386;SANTA CLARA;CENTRO SOCIAL URBANO;RUA SITONIO MONTEIRO 999
CANINDÉ;33;404;PALESTINA;CAIC ALFREDO COELHO MAGALHÃES;RUA ANTONIO MONTEIRO DOS SANTOS SN
TAUÁ;19;273;CARRAPATEIRAS;ESCOLA RAIMUNDO ALVES DE MELO;ALTAMIRA
CHAVAL;108;28;DISTRITO PASSAGEM DOS VAZ;EEF MONSENHOR CARNEIRO;DISTRITO PASSAGEM DOS VAZ
ACARAÚ;30;357;ZONA RURAL;ESCOLA ROQUE LOPES ARAUJO - CAMPOS DA UVA;LAGOA GRANDE
GRANJA;25;123;TIMONHA;E.E.F. JOSÉ FIRMINO DOS SANTOS;TRAVESSA ALCANTARA, 534
QUIXADÁ;6;154;PLANALTO RENASCER;EEM GOVERNADOR LUIZ GONZAGA DA FONSECA MOTA;RUA PARAGUAI, S/N
TIANGUÁ;81;158;CENTRO;E.E.M.T.I. MONSENHOR AGUIAR;RUA TEÓFILO RAMOS, 553
ITATIRA;33;209;ZONA RURAL;EMEF EDUARDO BARBOSA;LOCALIDADE DE CACHOEIRA BR
AQUIRAZ;66;275;PATACAS;EMEF LAGOA DE CIMA;PV LAGOA DE CIMA DISTRITO PATACAS
CARIRIAÇU;71;93;MIRAGEM;POSTO DE SAÚDE ANTONIO LUCAS DA SILVA;SÍTIO FORTUNA
FORTALEZA;118;611;MONDUBIM;EM CASIMIRO MONTENEGRO;AV. BERNARDO MANUEL, 11360
PIQUET CARNEIRO;12;138;MULUNGU;EMEIF SÃO SEBASTIÃO;DISTRITO DE MULUNGU
FORTALEZA;2;99;MESSEJANA;EM PROFª TELINA BARBOSA DA  COSTA;RUA PERGENTINO MAIA, 811
TAMBORIL;61;82;CENTRO;EMTI 4 DE OUTUBRO;RUA VICENTE ALVES DO VALE SN
FORTALEZA;113;131;BOM FUTURO;EMEIF DOM MANUEL DA SILVA GOMES;RUA SAMUEL UCHÔA, 550
MARACANAÚ;122;202;CÁGADO;EMEIEF NARCISO PESSOA DE ARAÚJO;AV. PADRE JOSE HOLANDA DO VALE S/N
CASCAVEL;7;100;SEDE;ESCOLINHA ABRAÇO FRATERNO;RUA TABELIAO JOSE MARCOS DE CASTRO S/N
ITAITINGA;78;284;JABUTI;EEF HENRIQUE GONÇALVES DA JUSTA;RUA SEBASTIÃO CAJUEIRO, 797
ITAITINGA;78;235;CENTRO;EEF VALMIQUE SAMPAIO ALBUQUERQUE;RUA JOSMO GURGEL ARAUJO, 1256
SOBRAL;24;174;JUNCO;EEFI PROF. GERARDO RODRIGUES ALBUQUERQUE;AVENIDA JOHN SANFORD, 1940
IGUATU;13;78;AREIAS I;INSTITUTO FEDERAL DO CEARÁ - IFCE CAMPUS AREIAS;RUA DEOCLECIO LIMA VERDE SN
CAUCAIA;120;423;GENIPABU;E.E.I.E.F. MIRTES SILVA DE MENEZES;RUA SAO JOSE, S/N - JARDIM DO AMOR
FORTALEZA;1;363;CAIS DO PORTO;CRECHE MARIA FERREIRA DIAS;AV. ZEZÉ DIOGO, 691
COREAÚ;64;95;Aroeiras;AROEIRAS - ESCOLA MUN. CORAÇÃO DE JESUS;RUA ANTONIO MONTEIRO DA COSTA, S/N - DISTRITO DE AROEIRAS, COREAÚ/CE
JUAZEIRO DO NORTE;119;436;ANTONIO VIEIRA;E.M.E.I. HELENA VIEIRA DOS SANTOS;RUA VICENCIA MARIA DE OLIVEIRA, S/N
FORTALEZA;115;367;VILA PERI;EM CATULO DA PAIXAO CEARENSE;RUA LEAO DO NORTE 300
ITATIRA;33;293;ZONA RURAL;EMEF FRANCISCO MARIANO DA SILVA;LOCALIDADE DE MEIRUS
FORQUILHA;121;231;SABONETE;EEFI EDMUNDO RODRIGUES;FAZENDA SABONETE
PACATUBA;57;306;PAVUNA;ESCOLA DE 1 GRAU MARIA GUIOMAR BASTOS CAVALCANTE;RUA TOPAZIO, 331, VELHO TIMBO
CANINDÉ;33;71;PALESTINA;CAIC ALFREDO COELHO MAGALHÃES;RUA ANTONIO MONTEIRO DOS SANTOS SN
CRATEÚS;20;27;CENTRO;SEFAZ-CE (DELEGACIA REGIONAL E COLETORIA ESPECIAL DA FAZENDA);RUA CEL. ZEZE,  1084
TIANGUÁ;81;233;RÉGIS DINIZ;E.E.F. DOM FCº. JAVIER HERNANDEZ ARNEDO;RUA SÃO BERNARDO, S/N
SOBRAL;121;97;CENTRO;UNIVERSIDADE UNOPAR SOBRAL;AV DOM JOSÉ, 1138
PORANGA;40;195;SEDE;ESCOLA INDÍGENA JARDIM DAS OLIVEIRAS - SEDE;RUA DOS TABAJARA E KALABAÇA, S/N
GENERAL SAMPAIO;50;158;CENTRO;EMEF Mª ARINDA LOBO DE MESQUITA;RUA JOSÉ SEVERINO FILHO, 209
FORTALEZA;3;449;PRAIA DE IRACEMA;EEFM SANTA LUZIA;RUA JOÃO CORDEIRO, 711
CRATEÚS;20;199;SANTANA;ESCOLA DE CIDADANIA JOSE MARTINS DE LIMA;PATOS
CAUCAIA;123;329;PARQUE GUADALAJARA (JUREMA);E.E.I.E.F. 7 DE SETEMBRO;AV. DOM ALMEIDA LUSTOSA, 2322
ACOPIARA;60;39;VILA ESPERANCA;EEF FRANCISCO UCHOA DE ALBUQUERQUE;ANTONIO MOREIRA SN
SOBRAL;121;241;TAPERUABA;EEMTI DEP. CESARIO BARRETO LIMA;AV. NOSSA SENHORA DO CARMO S/N CENTRO
ARARENDÁ;48;203;CENTRO;E. E. F. FRANCISCO MOURÃO LIMA;RUA PINTO BASTOS
JARDIM;119;327;JARDIM MIRIM;ESCOLA MONSENHOR ALCANTARA;DISTRITO DE JARDIM MIRIM
MOMBAÇA;46;72;CENTRO;E. E. F. M. DIVINO SALVADOR;RUA FRANCISCO JOSE DE OLIVEIRA SN                 SEDE
ITATIRA;33;166;CACHOEIRA BR;CENTRO COMUNITARIO RAIMUNDO MIGUEL DE SOUSA;VILA CACHOEIRA BR
JUAZEIRO DO NORTE;119;402;TIMBAUBA;ESCOLA DOM VICENTE DE PAULA ARAUJO MATOS;RUA RUI BARBOSA 1935
PARACURU;109;39;CENTRO;E. M. E. F. ANTONIO SALES;RUA CAP JOSE TELES, S/N
FORTALEZA;80;277;VILA UNIÃO;ESCOLA MUNICIPAL HAROLDO JORGE BRAUN VIEIRA;AV LAURO VIEIRA CHAVES, 2001
SOBRAL;121;71;ARACATIAÇU;EEMTI ISRAEL LEOCADIO DE VASCONCELOS;PRACA DA VARZEA, 479 - ARACATIAÇU
BARBALHA;31;172;BELA VISTA;CEI MONS. MURILO DE SÁ BARRETO (BELA VISTA);RUA T22, 254 - BELA VISTA
PENAFORTE;70;324;CENTRO-SEDE;SECRETARIA MUNICIPAL DE AGRICULTURA;RUA ANTONIO ANGELO S/N
SENADOR POMPEU;12;163;PAVAOZINHO;UNIDADE BASICA DE SAUDE DO PAVAOZINHO;TRAVESSA ANA FRANCO DO NASCIMENTO, S/N
HORIZONTE;78;156;CENTRO;CEI - MARIA DO CARMO OLIVEIRA;RUA MANOEL LUIZ, 459
CAUCAIA;123;439;NOVA METRÓPOLE (JUREMA);E.E.I.E.F. FRANCISCA ALVES DO AMARAL;AV. B, 442 - NOVA METRÓPOLE
JAGUARUANA;75;64;PASTA;E.E.F. PEDRO JOAQUIM DOS SANTOS;PASTA BRANCA
CASCAVEL;7;91;SEDE;PATRONATO JUVENAL DE CARVALHO;RUA PADRE VALDEVINO 2070 - CENTRO
CASCAVEL;7;155;JACARECOARA;ESC.ENS.FUND. FRANCISCO ALVES DE LIMA;BARRA VELHA
OCARA;67;213;SERENO DE CIMA-DISTRITO;ESCOLA MUNICIPAL MINELVINA MARIA DA CONCEICAO - ENSINO FUNDAMENTAL;CROATA
MORADA NOVA;47;12;SAO FRANCISCO;EEB PROFESSORA ANA CLARA ANDRADE NÂNTUA BENTO;RUA JOSÉ DE SOUSA MARTINS, 261
CANINDÉ;33;15;CENTRO;COLEGIO ESTADUAL PAULO SARASATE;RUA JOAQUIM MAGALHAES 100
ITAREMA;98;182;ZONA RURAL;EMEF ALTAIR GIFFONI;CE 434 KM 1- GARGOE
HORIZONTE;78;224;DOURADO;EMEF MARINA FERREIRA DE ALMEIDA;RUA DONA SINHÁ, 159
ARATUBA;105;60;CENTRO-SEDE;ESCOLA JOSE JOACY PEREIRA - ENSINO FUNDAMENTAL E MEDIO;AVENIDA ARLINDO MEDINA S/N
VIÇOSA DO CEARÁ;35;187;CENTRO;E.E.M DR JULIO DE CARVALHO;RUA JOSE JOAQUIM DE CARVALHO, 496
MUCAMBO;79;217;CENTRO;CENTRO EDUCACIONAL DEP MANOEL RODRIGUES;AV AGRONOMO JOSE ALVES 90
CRATO;27;131;DOM QUINTINO;EEIEF RAIMUNDO NONATO DE SOUZA;RUA SEBASTIÃO DE SOUZA MARTINS, 143
ITAITINGA;78;304;VILA MACHADO;EEF MANOEL MACHADO;RUA FLORINDO RODRIGUES, 101
BEBERIBE;84;70;SERRA DO FELIX;ESCOLA MUNICIPAL RAIMUNDO MIRANDA MACHADO;BR-116 KM 96 - TAPUIO
FORTALEZA;80;304;DIONISIO TORRES;ASSEMBLÉIA LEGISLATIVA - UNIVERSIDADE DO PARLAMENTO CEARENSE;RUA BARBOSA DE FREITAS, 2674
ARACATI;8;263;PEDREGAL;E.E.F. PROF ANTONIO MONTEIRO;NUCLEO HABITACIONAL
ARACATI;8;296;LAGOA DO TEODOSIO;E.E.F. JOSE NONATO;LAGOA DO TEODOSIO
FORTALEZA;3;623;ALDEOTA;COLÉGIO BATISTA - SANTOS DUMONT;RUA DESEMBARGADOR LEITE ALBUQUERQUE, 1056
COREAÚ;64;3;Centro;COREAÚ - SECRETARIA MUNICIPAL DE EDUCAÇÃO;AV. PREFEITO VILAR FONTENELE, 81- CENTRO
CROATÁ;74;90;SEDE;ESCOLA DE EDUCACAO BASICA DOM TIMOTEO;RUA MANOEL BRAGA SN - CENTRO
CAMPOS SALES;38;88;ZONA RURAL;E.E.I.F ENG. FRANCISCO THOMÉ DA FROTA - RENDEIRA DOS DIONIZIOS;SÍTIO RENDEIRAS DOS DIONÍZIOS
MARANGUAPE;4;130;PARQUE IRACEMA - MARANGUAPE;EMEF FRANCISCA GOMES FERNANDES VIEIRA;AVENIDA STENIO GOMES 872
MAURITI;76;80;COITE-DISTRITO;EEIF FRANCISCO VICTOR DE MARIA;SITIO CAJUEIRO DO COITE
CATARINA;60;233;CENTRO;EEF PAES DE ANDRADE;RUA MANOEL DOMINGUES
BOA VIAGEM;63;143;FATIMA;EEF PE. PAULO DE ALMEIDA MEDEIROS;RUA MARIA DE NAZARE BEZERRA 245
JUAZEIRO DO NORTE;28;470;AREA RURAL DE JUAZEIRO DO NORTE;EEF ANTONIO BENJAMIM MOURA;SITIO POÇÕES
NOVA OLINDA;53;138;CRUZEIRO;EEMTI PADRE LUIZ FILGUEIRAS;RUA PROFESSORA NANÔ, SN
BATURITÉ;5;34;GITIRANA;POSTO DE SAÚDE DO ALTO ALEGRE;GITIRANA, SN
ACARAÚ;30;25;ZONA RURAL;ESCOLA CAROLINO LOPES ARAUJO;CELSOLANDIA
ITAPAJÉ;41;134;AGUAI;ESCOLA MUNICIPAL BENTO SOARES GUIMARAES;AGUAI
JUAZEIRO DO NORTE;119;198;JOAO CABRAL;ESCOLA IVA EMIDIO GONDIM;PIO NOROES SN
CROATÁ;74;42;DISTRITO;ESCOLA MUNICIPAL LUIZ BEZERRA DE PAULO (BARRA DO SOTERO);BARRA DO SOTERO
LAVRAS DA MANGABEIRA;14;18;CENTRO - SEDE;CENTRO EDUCACIONAL PEQUENO PRÍNCIPE - CEPP;RUA DOS COQUEIROS, 82
FORTALEZA;83;728;DEMOCRITO ROCHA;COLÉGIO PROFESSORA JEMINA GÓIS;RUA GUANABARA, 627
FORTALEZA;95;214;CONJUNTO PALMEIRAS;EMEIEF CÉSAR CALS DE OLIVEIRA NETO;RUA OLIMPIO RIBEIRO, 20
ARNEIROZ;101;61;CHATINHO;ESCOLA DE 1 GRAU SAO FRANCISCO DE ASSIS;NOVO HORIZONTE
CRATO;27;104;CENTRO;COLÉGIO ÁGAPE ESTUDOS;RUA RATISBONA, 295
UMARI;15;199;CENTRO - SEDE;CENTRO EDUCACIONAL DO PRIMEIRO GRAU PADRE MANOEL PEREIRA;RUA CORONEL ANTONIO MALHEIROS, S/N
FORTALEZA;85;236;CONJUNTO CEARÁ I;EEFM DOUTOR GENTIL BARREIRA;RUA 202-D, S/N - CONJUNTO CEARÁ I
MASSAPÊ;45;49;ZONA RURAL;GE JOSE ESTEVAO VASCONCELOS;POVOADO DE IPAGUACUMIRIM
FORTALEZA;93;260;MONDUBIM;EM OSMIRIO DE OLIVEIRA BARRETO;RUA 10, S/N (CJ SITIO DO CÓRREGO)
CARIDADE;111;77;SAO DOMINGOS;EEI FRANCISCO DE MOURA BARROS;RUA VICENTE DE PAULA FONSECA, S/N, SAO DOMINGOS
MARANGUAPE;4;550;NOVO MARANGUAPE I (ÁREA VERDE) - MARANGUAPE;EEFM CAIC SENADOR CARLOS JEREISSATI;RUA ANTONIO TEIXEIRA, S/N
FORTALEZA;83;724;HENRIQUE JORGE;EDUCANDARIO FELIPE DOS SANTOS;RUA TERESINA 313
FORTALEZA;117;166;BOM JARDIM;EEFM JULIA ALVES PESSOA;RUA SÃO FRANCISCO SN
FORTALEZA;117;330;BOM JARDIM;EM PROFESSOR JOSÉ FERREIRA DE ALENCAR;RUA SÃO FRANCISCO DO JARDIM, 557
FORTALEZA;82;374;ELLERY;ESCOLA MUNICIPAL HONÓRIO BEZERRA;RUA CAPITÃO NESTOR GÓIS, 400
PARACURU;109;86;CAMPO DE AVIAÇÃO;E. E. M. T. I. PROFESSORA MARIA LUIZA SABOIA RIBEIRO;AVENIDA ANTONIO SALES
IPU;21;108;DISTRITO;E.M.E.F. ABILIO MARTINS;ABILIO MARTINS
IBIAPINA;73;8;CENTRO;ESCOLA PROFISSIONAL MONS MELO (COLÉGIO DAS IRMÃS);RUA MONSENHOR MELO, 539
CARIRIAÇU;71;80;SÍTIO SANTA MARIA;POSTO DE SAÚDE - MANOEL RAIMUNDO DE OLIVEIRA;SÍTIO SANTA MARIA
ITAPAJÉ;41;255;BARATEIRO;ESCOLA MUNICIPAL JOAO MARTINS TEIXEIRA;BR 222, KM 125
ACARAÚ;30;67;ZONA RURAL;ESCOLA MANOEL DUCA DA SILVEIRA;LAGOA DO CARNEIRO
FORTALEZA;112;283;ENGENHEIRO LUCIANO CAVALCANTE;ESCOLA ESTADUAL DE EDUCAÇÃO PROFISSIONAL JAIME ALENCAR DE OLIVEIRA;AV ROGACIANO LEITE, 2285
JUAZEIRO DO NORTE;119;238;NOVO JUAZEIRO;ESCOLA TIRADENTES;CASTELO BRANCO SN
BEBERIBE;84;126;PARIPUEIRA;ESCOLA MUNICIPAL ERNESTO GURGEL VALENTE;RUA FRANCISCO XAVIER 217 - CENTRO
APUIARÉS;50;21;ZONA RURAL;EEF NELY RIBEIRO LUZ;CANAFÍSTULA
TRAIRI;97;56;CANAA;EEF JOSE FIRMINO DA CUNHA;CANAA
VÁRZEA ALEGRE;62;3;CENTRO;EEM JOSÉ CORREIA LIMA;AV. LUIS AFONSO DINIZ, 213
CAUCAIA;37;566;BARRA NOVA;EEIEF CÉSAR NILDO GONDIM PAMPLONA;ÁREA VERDE II , S/N
FORTALEZA;115;423;VILA PERI;CENTRO DE EDUCAÇÃO PEDAGÓGICO EÇA DE QUEIROZ;RUA DOM XISTO ALBANO 611
FORTALEZA;95;162;CONJUNTO PALMEIRAS;EM MARIETA CALS;RUA VALPARAISO, 160
SABOEIRO;43;257;SAO FRANCISCO;E.E.M. LIDIA BEZERRA;RUA MARIA TEREZINHA SANTOS S/N
CATARINA;60;252;SEDE;POSTO DE SAUDE DE SAO DOMINGOS;SAO DOMINGOS
CARNAUBAL;22;191;CENTRO;EEF JOAQUIM BASTOS GONCALVES;R JOAO FELICIO 91
FORTALEZA;80;340;JOAQUIM TÁVORA;COLÉGIO ANTARES IRMÃ MARIA (ANTIGO IRMÃ MARIA MONTENEGRO);RUA PINHO PESSOA 681
RERIUTABA;79;18;OITICICA DOS AGAPITOS;E.E.I.F. ANTÔNIO AGAPITO FILHO;OITICICA DOS AGAPITOS - ZONA RURAL
JARDIM;119;293;CENTRO;CENTRO EDUCACIONAL PADRE ALDEMIR;RUA FRANCISCO RORIZ 227
MARANGUAPE;4;562;BOA VISTA DOS VALENTINS - CACHOEIRA;EMEIEF ÁLVARO CÂMARA;BOA VISTA DOS VALENTINS
OCARA;67;238;CENTRO-SEDE;SECRETARIA DE CULTURA, ESPORTE E JUVENTUDE (ANTIGA ESCOLA ALMIR PINTO);AV CORONEL JOAO FELIPE SN
MIRAÍMA;89;258;BROTAS;EEFM VICENTE ANTENOR FERREIRA GOMES;BROTAS
FORTALEZA;112;161;ENGENHEIRO LUCIANO CAVALCANTE;EM JOHNSON;RUA DRA. SOCORRO AZEVEDO, 461
ITAPAJÉ;41;254;SAO MIGUEL DE BAIXO;ESCOLA MUNICIPAL ANTONIO VIANA DE MESQUITA;SAO MIGUEL DE BAIXO
IBIAPINA;73;59;SITIO JUREMA SUL;ESCOLA LUDUGERIO FERREIRA GOMES;SÍTIO JUREMA SUL
FORTALEZA;95;160;CONJUNTO PALMEIRAS;EM MARIETA CALS;RUA VALPARAISO, 160
ALTO SANTO;86;23;CENTRO;ESCOLA DE 1 GRAU URCESINA MOURA CANTIDIO;RUA CEL SIMPLICIO BEZERRA 8
AQUIRAZ;66;272;JUSTINIANO DE SERPA;CEI JOSE NICODEMUS DE ASSUNÇAO;RUA RAIMUNDO NONATO ASSUNÇAO S/N
QUIXERAMOBIM;11;21;CENTRO;CAMPUS UNIVERSITARIO DR ANDRADE FURTADO;AV DR JOAQUIM FERNANDES 382 - CENTRO
LAVRAS DA MANGABEIRA;14;63;MANGABEIRA - DISTRITO;ESCOLA DE 1 GRAU DR JOAO GONCALVES DE SOUZA;AV. SAO SEBASTIAO S/N
QUIXADÁ;6;56;ALTO SÃO FRANCISCO;ESCOLA ADVENTISTA ARLETE AFONSO;RUA EPITÁCIO PESSOA, 605
CAUCAIA;37;591;CUMBUCO;E.E.F. HELENA DE AGUIAR DIAS;AV DOS COQUEIROS, S/N
ICÓ;15;124;CASCUDO - SITIO;ESCOLA MUNICIPAL CASEMIRO PEQUENO;SITIO CASCUDO S/N
SANTANA DO ACARAÚ;44;56;ALTO DA LIBERDADE;ESCOLA DE ENSINO FUNDAMENTAL SANTA TEREZINHA;PRACA DA LIBERDADE S/N
FORTALEZA;117;224;SIQUEIRA;EEFM SENADOR OSIRES PONTES;RUA DIVINA 150
CANINDÉ;33;24;SANTA LUZIA;EMEF SENADOR CARLOS JEREISSATI;RUA EUCLIDES BARROSO, 1048
TABULEIRO DO NORTE;91;145;CENTRO;EEI RAQUEL MONTEIRO CHAVES;RUA ACELINO MAIA, 3873
FORTALEZA;80;337;JOAQUIM TÁVORA;COLÉGIO ANTARES IRMÃ MARIA (ANTIGO IRMÃ MARIA MONTENEGRO);RUA PINHO PESSOA 681
BELA CRUZ;96;172;LAGOA DO MATO;EMETI JOAO ADEODATO ARAUJO;LAGOA DO MATO
TAMBORIL;61;21;DISTRITO DE CARVALHO;EMTI OSSEAN ARARIPE;VILA CARVALHO
FORTALEZA;93;305;MONDUBIM;ESCOLA SANTANA;RUA 10, 1305
ORÓS;15;315;GUASSUSSE - DISTRITO;CRECHE CHAPEUZINHO VERMELHO;RUA TIRADENTES, S/N
PARACURU;109;95;SAO PEDRO;E. M. E. I. F. EZEQUIEL VICENTE DA COSTA;AV GERALDO CIRIACO, S/N
QUITERIANÓPOLIS;99;110;ZONA RURAL;EEIF ANTONIO BATISTA LIMA;POMBO
FORTALEZA;83;90;HENRIQUE JORGE;EEM  MARIANO MARTINS;AVENIDA SENADOR FERNANDES TÁVORA 1445
PARAIPABA;109;120;CENTRO;EEM ENGENHEIRO AGEU ROMERO;RUA EVARISTO GOMES 143
NOVO ORIENTE;99;68;ZONA RURAL;CEIF EDVAL ARAÚJO DA SILVA;DISTRITO SAO RAIMUNDO
VÁRZEA ALEGRE;62;142;VARJOTA;EEF ORMECINDA SIEBRA LEITE;RUA ITALO PROTO DE MORAIS, 135
TRAIRI;97;48;MURIBECA;EEF RAIMUNDO VITALINO;MURIBECA
PENTECOSTE;50;163;ZONA RURAL;EEIF JOSÉ GOMES DA SILVA;CASA DE PEDRA
BARROQUINHA;108;75;CENTRO;EEF FRANCISCO BENÍCIO DE VASCONCELOS;AV. MARIA DIAMANTINA VERAS S/N
PACATUBA;57;212;CONJUNTO JEREISSATI II;ESCOLA DE 1 GRAU DESEMBARGADOR RAIMUNDO DE CARVALHO;AV. XV SETOR F
ASSARÉ;18;47;AMARO;ESC DE ENS FUND MARIA CELIA FERREIRA;RUA GOMES DE ALMEIDA S/N
PENAFORTE;70;330;CENTRO-SEDE;ESCOLA SIMAO ANGELO;RUA PADRE CICERO S/N
TIANGUÁ;81;55;CENTRO;COLÉGIO REDENTOR;RUA MAESTRO QUINCAS BEZERRIL 617
TIANGUÁ;81;155;ÁREA RURAL DE TIANGUÁ;E.E.F. JUVENAL GONÇALVES ARAGÃO - ANEXO MARIA ANIR;SÍTIO LAGOA DOS BITONHOS
BEBERIBE;84;176;PARIPUEIRA;ESCOLA MUNICIPAL JOSE ANSELMO DE ALMEIDA;QUATRO BOCAS
CHAVAL;108;22;CENTRO;EMTI EPITÁCIO BRITO DE OLIVEIRA;RUA MAJOR FIEL 507
IBIAPINA;73;61;SÍTIO CANTO ALEGRE;ESCOLA ADERALDO NEGREIROS;SÍTIO CANTO ALEGRE
IBIAPINA;73;70;SÍTIO LIMÃO;ESCOLA RAIMUNDO FERREIRA DE SOUSA;SÍTIO LIMÃO
OCARA;67;187;SERRAGEM-DISTRITO;ESCOLA MUNICIPAL JOSÉ DOS SANTOS DE OLIVEIRA;BAIXA GRANDE
FORTALEZA;95;140;JANGURUSSU;EMTI PROFESSOR ANTONIO GIRAO BARROSO;RUA VERDE 37, S/N (CJ SITIO SAO JOAO)
PACAJUS;49;40;CENTRO;EEFM PADRE CORIOLANO (REUNIDA);RUA TENENTE JOAQUIM NOGUEIRA 51
RERIUTABA;79;82;AMANAIARA;E.E.F. DEPUTADO MANOEL RODRIGUES;DISTRITO DE AMANAIARA - CENTRO
QUIXERAMOBIM;11;313;SALVIANO CARLOS;ESCOLA MARIA VIDAL PIMENTA LIMA;RUA 25 DE MARCO, S/N
MARACANAÚ;104;419;PAJUÇARA;EEEP MARIA CARMEM VIEIRA MOREIRA;RUA MARIA FERREIRA, 150
VARJOTA;65;189;VÁRZEA DA PALHA;E.E.I.F.FRANCISCO PEREIRA DA COSTA;VÁRZEA DA PALHA - ZONA RURAL
SOBRAL;121;250;CENTRO;UNIVERSIDADE UNOPAR SOBRAL;AV DOM JOSÉ, 1138
FORTALEZA;80;242;TAUAPE;EEFM NOEL HUGNEN OLIVEIRA PAIVA;RUA MONSENHOR SALAZAR 279
ITAPAJÉ;41;172;CENTRO-SEDE;CENTRO INTERESCOLAR JOÃO TEIXEIRA SARAIVA;RUA JOSE PINTO CAVALCANTE 273
FORTALEZA;93;94;PREFEITO JOSÉ WALTER;EM MINHA VIDA MEUS AMORES;AVENIDA D, 380 - II ETAPA
CANINDÉ;33;229;IMACULADA CONCEIÇÃO;EEEP CAPELAO FREI ORLANDO;RUA PAULINO BARROSO, 1289
TIANGUÁ;81;119;ÁREA RURAL DE TIANGUÁ;E.E.F. CLÓVES PEREIRA COSTA;SÍTIO FIM DO CÓRREGO
FORTALEZA;116;397;JOÃO XXIII;COMPLEXO SOCIAL MAIS INFÂNCIA MARIA DE LOURDES MOREIRA LEITE LIMA;RUA ARAGUAIANA, 77
CAUCAIA;37;598;LAGOA DO BARRO;E.E.F. TECLA GONZAGA SALES;RUA PRINCIPAL BURITIZINHO
QUIXERAMOBIM;11;9;SAO MIGUEL;ESCOLA ALFREDO ALMEIDA MACHADO- VILA DE SAO MIGUEL;SAO MIGUEL
IPU;21;137;DISTRITO;E.M.E.F. SERAFIM FILOMENO DO NASCIMENTO;OLHO D'ÁGUA DOS FACUNDES
CAUCAIA;37;41;CENTRO;E.E.F. BRANCA CARNEIRO DE MENDONCA;PRACA DA MATRIZ, 666
AMONTADA;89;152;FLORES;EEBTI RAIMUNDO URO DE MENESES;RUA JOAQUIM FELIX RIBEIRO
AIUABA;101;19;FAZENDA NOVA;GRUPO ESCOLAR GUSTAVO DE CASTRO ALENCAR;POVOADO DE FAZENDA NOVA SN
AMONTADA;89;147;SABIAGUABA;EEBTI ISMAEL TOME DE SOUSA;CAETANOS DE BAIXO
FORTALEZA;95;278;PARQUE SANTA MARIA;EMEIF JOSÉ MOREIRA LEITÃO;RUA HONORINO MAIA, 467
FORTALEZA;95;277;PARQUE SANTA MARIA;EMEIF JOSÉ MOREIRA LEITÃO;RUA HONORINO MAIA, 467
SÃO LUÍS DO CURU;23;304;CENTRO-SEDE;E.E.F. PROFESSORA MARIA DE LOURDES BRAGA;RUA HUGO ROCHA SN
ASSARÉ;18;14;GENEZARE;ESCOLA DE 1 GRAU JOAQUIM NECO DA COSTA;RUA EUCLIDES BRANDAO  S/N
FORTALEZA;117;141;SIQUEIRA;COLÉGIO VIDA VIVA;RUA JOSÉ MARIA, 100
TRAIRI;97;118;CENTRO;COLEGIO CENTRO EDUCACIONAL PIO RODRIGUES;RUA MANOEL TEIXEIRA S/N
TRAIRI;97;168;CARNAUBA TORTA;EEF JOAQUIM CORDEIRO;CARNAUBA TORTA
JUAZEIRO DO NORTE;28;337;AREA RURAL DE JUAZEIRO DO NORTE;EEF ANTONIO BENJAMIM MOURA;SITIO POÇÕES
MORADA NOVA;47;264;CENTRO;CEMER-COLEGIO ESTADUAL MARIA EMILIA RABELO;AV MANOEL CASTRO, 619
FORTALEZA;85;320;GENIBAÚ;ESCOLA MUNICIPAL DEP MURILO AGUIAR;RUA 24 DE OUTUBRO 655
SOBRAL;121;1;PATOS;ESCOLA GERARDO LINHARES (POLO ODETE BARROSO);RUA GERARDO LINHARES - BR 222  LAGES - ESTRADA CARACARA
FORTALEZA;94;907;VILA VELHA;EM ANTONIO CORREIA LIMA;RUA HERMES PARAYBA, 934
ALTO SANTO;86;42;ARMADOR;ESCOLA DE 1 GRAU JOAO QUINCO;SITIO ARMADOR
BARBALHA;31;60;CENTRO;COLÉGIO SANTO ANTONIO;AV LYRIO CALLOU, 55
MULUNGU;5;134;CENTRO-SEDE;EMEF HERMENEGILDO ROCHA PONTES;RUA SANTA INES S/N
FORTALEZA;116;178;GRANJA PORTUGAL;CENTRO EDUCACIONAL HORA DE APRENDER;RUA VITAL BRASIL 2533
PEDRA BRANCA;59;58;TROIA;ESCOLA DE ENSINO FUNDAMENTAL VICENTE ANSELMO;SITIO CURIU
FORTALEZA;93;283;MONDUBIM;EM JONATHAN DA ROCHA ALCOFORADO;RUA MARIA GOMES DE SÁ,1030 ARACAPÉ
MARACANAÚ;122;172;SIQUEIRA (siqueira 2);EMEF VALDENIA ACELINO DA SILVA;RUA IRINEU MACHADO, 1250
CHAVAL;108;98;POVOADO NOVA OLINDA;ANEXO DA E.E.F. MONSENHOR CARNEIRO;POVOADO NOVA OLINDA
ASSARÉ;18;99;SERRA DE SANTANA;ESCOLA DE ENSINO MÉDIO PATATIVA DO ASSARÉ;SÍTIO BONITA
MADALENA;63;202;SEDE;EEF JOAO COSTA;RUA JOSÉ COSTA FRANÇA, S/N - CACIMBA NOVA
POTIRETAMA;86;58;CENTRO;ESCOLA DE 1 E 2 GRAUS ANDRÉ CAMPELO;RUA HONOR DIOGENES SN
FORTALEZA;82;116;CRISTO REDENTOR;CCDH - CENTRO DE CIDADANIA E DIR. HUMANOS - GOV. VIRGÍLIO TÁVORA;AV. MONSENHOR HELIO CAMPOS, 178
QUITERIANÓPOLIS;99;85;CENTRO;EEIF GERÔNIMO ALVES DE ARAÚJO;R CEL RAIMUNDO DE OLIVEIRA  SN
TIANGUÁ;81;194;GERALDO SARAIVA;C.E.I. ELIOENAI BARROS DOS SANTOS;RUA MARANGUAPE ROCHA. S/N
FORTALEZA;80;243;TAUAPE;EEFM NOEL HUGNEN OLIVEIRA PAIVA;RUA MONSENHOR SALAZAR 279
SOLONÓPOLE;55;8;CENTRO;EEEP JOSÉ CIRO NOGUEIRA MACHADO;TV LUÍS ALMEIDA
ITATIRA;33;484;DISTRITO DE LAGOA DO MATO;CERU - JOSÉ PAULO DE SOUSA;AV. ZEZE JUCA N 1789
MARCO;96;131;ZONA RURAL;CEI ZENAIDE OSTERNO;TRIANGULO DE MARCO - BR 403
CHOROZINHO;49;129;CEDRO;EEF FRANKLIN MOREIRA XAVIER;LOCALIDADE LAGOA DO CEDRO
TIANGUÁ;81;83;CARUATAÍ;CENTRO EDUCACIONAL CORAÇÃO DE MARIA;RUA MANOEL RODRIGUES CAVALCANTE, S/N - DISTRITO CARUATAÍ
JUAZEIRO DO NORTE;28;457;HORTO;EMEFTI VEREADOR FRANCISCO BARBOSA DA SILVA;RUA BOM JESUS DO HORTO
SANTANA DO ACARAÚ;44;37;CANAFISTULA;EEF  FRANCISCO DAS CHAGAS FEIJAO;CANAFISTULA
BEBERIBE;84;51;MORRO BRANCO;ESCOLA MUNICIPAL JOSE BESSA;MORRO BRANCO
FORTALEZA;113;256;AMADEU FURTADO;EEF MONSENHOR LINHARES;RUA PROF. LINO ENCARNAÇÃO, 1130
AQUIRAZ;66;172;TAPERA;EMEF PLACIDO CASTELO;RUA ASSIS BENTO DE FREITAS, 970 - BARRINHA
PACATUBA;57;280;SAO JOSE;ESCOLA JOANA VASCONCELOS DE OLIVEIRA;RUA CAP. MANOEL MEDEIROS, 745
BANABUIÚ;6;396;PEDRAS BRANCAS;EEF ABEL FERREIRA LIMA;LAGOA DA SERRA
FORTALEZA;94;201;VILA VELHA;EEMTI DONA MARIA MENEZES DE SERPA;RUA DOUTOR QUIXADA FELICIO 141
ARACOIABA;67;95;LAGOA DE SAO JOAO-DISTRITO;ESCOLA MUNICIPAL RAIMUNDO CLEMENTINO DE OLIVEIRA;LAGOA DE SAO JOAO
CANINDÉ;33;285;ZONA RURAL;EMEF MARIA RICARDO DA SILVA;LOCALIDADE DE BONITINHO
FORTALEZA;85;376;CONJUNTO CEARÁ I;EEFM DR UBIRAJARA INDIO DO CEARA - UV-7A;RUA SETECENTOS E CINQUENTA E UM, 192, 3A ETAPA
FORTALEZA;93;288;MONDUBIM;CENTRO EDUCACIONAL BRAGA GUERRA;RUA D, N 414
FORTALEZA;113;202;PARQUELÂNDIA;COLÉGIO CHRISTUS PRÉ - UNIVERSITÁRIO;RUA CRUZ SALDANHA, 614
JUAZEIRO DO NORTE;28;218;FRANCISCANOS;COLÉGIO SÃO FRANCISCO DE ASSIS;NOSSA SENHORA DO CARMO SN
FORTIM;8;277;PONTAL DE MACEIO;EEFTI. PROFESSORA EMILIA QUEIROZ;PONTAL DE MACEIO
FORTALEZA;113;144;JARDIM AMÉRICA;ESC. EST. DE EDUC. PROFISSIONAL PAULO VI;RUA JORGE DUMMAR, 1841
QUIXADÁ;6;126;CAMPO NOVO;EEF JOSÉ BONIFÁCIO DE SOUSA (ESCOLA MODELO);TRAVESSA DA LAVANDERIA, 152
MAURITI;76;40;BURITIZINHO-DISTRITO;EEF FILEMON TELES;RUA JOAO LUCAS, S/N
ARARIPE;68;27;DISTRITO VILA BREJINHO;CRECHE FRANCISCA GUEDES DE OLIVEIRA - BREJINHO;RUA EUCLIDES DA CUNHA, S/N
JUAZEIRO DO NORTE;28;61;CENTRO;EEFTI DR. LEÃO SAMPAIO;DOUTOR FLORO BARTOLOMEU 517
FORTALEZA;85;287;ANTÔNIO BEZERRA;EMEIF GERARDO MILTON DE SA;RUA VALE COSTA S/N
FORTALEZA;113;276;RODOLFO TEÓFILO;COLÉGIO DEOCLÉCIO FERRO;RUA MINERVINO DE CASTRO, 987
ARATUBA;105;66;CENTRO-SEDE;CEI NELLY DE LIMA E MELO;RUA JOAQUIM BEZERRA LIMA, SN
BOA VIAGEM;63;11;CENTRO-SEDE;EEFM DOM TERCEIRO;RUA ALFREDO TERCEIRO  300
ITAPIÚNA;105;157;ZONA RURAL;ASSOCIAÇÃO DOS MORADORES DA FAZENDA VELHA;FAZENDA VELHA / BOA ÁGUA
OCARA;67;234;CENTRO-SEDE;SECRETARIA DE CULTURA, ESPORTE E JUVENTUDE (ANTIGA ESCOLA ALMIR PINTO);AV CORONEL JOAO FELIPE SN
PARAMOTI;111;152;ZONA RURAL;EMEF SANTA LUZIA;PAPEL
BAIXIO;92;77;CENTRO - SEDE;E.E.I.F. ANTONIO ALVES DE FARIAS;AVENIDA ANTÔNIO FERREIRA DE LIMA, 300
PACAJUS;49;373;ALDEIA;EEF PROFA HERMÍNIA MENDONCA DE QUEIROZ;RUA NAIDE COSTA MENEZES, SN
ORÓS;15;305;SANTAREM - DISTRITO;E.E.F. MANOEL MOREIRA PEQUENO;RUA NOSSA SRA. DA CONCEIÇÃO, 118
CAUCAIA;37;163;TABULEIRO GRANDE;ESCOLA DIFERENCIADA CACIQUE ANTONIO FERREIRA DA SILVA(COMUN. INDIGENA);TRAV. EDGAR VIEIRA GUERRA, S/N, REGIÃO GARROTE
BARBALHA;31;125;BURITI;ETI EDSON OLEGÁRIO DE SANTANA (BURITI);AV JOSÉ BERNARDINO KM 03, S/N (7.29593 S, 39.28003 W)
ICÓ;15;72;LIMA CAMPOS - DISTRITO;EMTIH - MONSENHOR JOSE CAMURCA;RUA SAO SEBASTIAO, 239
JUAZEIRO DO NORTE;28;187;TRES MARIAS;EMEF PROFA MARIA DE LOURDES LOPES DE SOUSA;AV. DO AGRICULTOR
TAUÁ;19;105;MARROAS;EEF JOAO VITOR MOTA;SAO JOAO DOS CANDIDOS
SOBRAL;121;6;SINHÁ SABÓIA;CEI JACYRA PIMENTEL GOMES;RUA RIO NEGRO SN
RERIUTABA;79;86;RIACHO DAS FLORES;E.E.I.F. ANTÔNIO CARLOS DE MESQUITA;RIACHO DAS FLORES - ZONA RURAL
ITAPAJÉ;41;189;ESMERINO GOMES;ESCOLA MUNICIPAL PREF ROQUE SILVA MOTA;RUA OTAVIO PINTO DE MESQUITA
BARROQUINHA;108;84;CENTRO;EEF CARMELITA VERAS DE PAULA;RUA AMBROZINA FÉLIX, 443
MARACANAÚ;104;178;PAJUÇARA;EMEF LUIZ GONZAGA DOS SANTOS;RUA PEDRO BATISTA, 110
FORTALEZA;113;240;PARQUELÂNDIA;EEFM ANTONIO SALES - PARQUELÂNDIA;RUA PROF. ANACLETO, 630
SOBRAL;121;68;ARACATIAÇU;EEMTI ISRAEL LEOCADIO DE VASCONCELOS;PRACA DA VARZEA, 479 - ARACATIAÇU
MARACANAÚ;104;435;JARDIM BANDEIRANTES;EMEF EVANDRO AYRES DE MOURA;RUA SÃO SEBASTIÃO, 341
LAVRAS DA MANGABEIRA;14;49;PATOS 1 - SITIO;ESCOLA DE 1 GRAU MANOEL PINHEIRO DE SOUSA;SITIO PATOS 1 S/N
FORTALEZA;94;552;ANTÔNIO BEZERRA;CEJA - EUDES VERAS;AV. DEMÉTRIO MENEZES, 130
ICÓ;15;89;CENTRO - SEDE;ESCOLA MUNICIPAL SENHOR DO BONFIM;RUA FRANCISCO MACIEL DA SILVA, 2557
JUCÁS;43;134;VENEZA - SÍTIO - MEL;ESCOLA ANTONIO GOMES;SÍTIO MEL
SANTANA DO ACARAÚ;44;77;PEDREGAL;CENTRO DE PASTORAL FREI CRISTOVÃO ;RUA PADRE FRANCISCO JOSE ARAGÃO E SILVA
FORTALEZA;95;181;CAJAZEIRAS;DNIT;RODOVIA BR-116, KM 06
FORTALEZA;115;413;PARANGABA;COLEGIO GURI  SENIOR;RUA CONEGO DE CASTRO 1780
BANABUIÚ;6;398;CENTRO;SECRETARIA DE ACÃO SOCIAL;RUA RAUL URQUID S/N
FORTALEZA;80;335;JOAQUIM TÁVORA;COLÉGIO ANTARES IRMÃ MARIA (ANTIGO IRMÃ MARIA MONTENEGRO);RUA PINHO PESSOA 681
ARACATI;8;268;CACIMBA FUNDA;E.E.F. FRANCISCO AMARAL LIMA;CACIMBA FUNDA
TIANGUÁ;81;202;NENÊ PLÁCIDO;E.E.F. ANTONIO CUSTÓDIO SOBRINHO;AV. AFONSO MARANGUAPE, 430
QUIXERÉ;29;231;SEDE;EEB MANOEL GONCALVES DE SOUSA;SITIO LEAO
MARACANAÚ;104;267;PAJUÇARA;EMEF LUIZ GONZAGA DOS SANTOS;RUA PEDRO BATISTA, 110
SÃO BENEDITO;22;222;SITIO SANTOS REIS;EEF LOURIVAL BANHOS;SITIO SANTOS REIS
BATURITÉ;5;51;CENTRO-SEDE;EMEF MONSENHOR MANOEL CANDIDO;PRAÇA DA MATRIZ, SN
FORTALEZA;93;280;PLANALTO AYRTON SENNA;EM ADALBERTO STUDART FILHO;RUA DO CAMPO, 25
FORTIM;8;89;CENTRO;EEIFTI. PROFESSORA MARIA LUIZA;RUA JOAQUIM CRISÓSTOMO, 739.
SÃO BENEDITO;22;200;CRUZEIRO;EEF FILONILA CARVALHO;AVENIDA SALMITO FERREIRA DE ALMEIDA
PENTECOSTE;50;217;ZONA RURAL;EEIF RAIMUNDO NONATO PESSOA;VILA NOVA MARACAJÁ
MILHÃ;55;130;CENTRO;CRECHE COMUNITÁRIA CRIANÇA FELIZ;RUA PADRE JOACI CAVALCANTE, S/N - CENTRO
PACAJUS;49;11;CENTRO;EEF ARACY GONZAGA DA SILVA;RUA CORONEL CICERO NOGUEIRA DE QUEIROZ 827
PACAJUS;49;362;CROATA I;SECRETARIA DE TRABALHO E DESENVOLVIMENTO SOCIAL - STDS;AV. LUCIO JOSÉ DE MENEZES, 1254
CANINDÉ;33;471;ZONA RURAL;EMEF PADRE JOSE ANTONIO;LOCALIDADE DE BOM JESUS
TAUÁ;19;217;MARROAS;ESCOLA FRANCISCO CIRILO DE ARAUJO;VARZEA DA SERRA
BARBALHA;31;105;SÍTIO CORRENTINHO;EMEIF MARIA NOETE FILGUEIRA DUARTE (SÍTIO CORRENTINHO);RODOVIA CE-293, KM 7 - SITIO CORRENTINHO (7.33422 S, 39.36392 W)
MASSAPÊ;45;13;CENTRO;EEFM WILEBALDO AGUIAR;RUA CEL MANOEL DIAS 250
AQUIRAZ;66;231;PICAO;ESCOLA FERDINANDO TANSI (SUBSTITUTA DA ESCOLA FCO. VIDAL CAMARA);COMUNIDADE DO PIAU
DEPUTADO IRAPUAN PINHEIRO;55;44;CENTRO;CRECHE TALITA ANDRADE PINHEIRO;BAIRRO NOVO IRAPUAN
TAMBORIL;61;24;DISTRITO DE CURATIS;EMTI ANTONIO PEREIRA DE CASTRO;POVOADO GROTA VERDE
REDENÇÃO;52;132;DISTRITO DE ANTÔNIO DIOGO;ESCOLA TERTO VENÂNCIO;VILA ANTONIO JUSTA - CENTRO
FORTALEZA;82;254;SÃO GERARDO;COLÉGIO MASTER - BEZERRA DE MENEZES;AV. BEZERRA DE MENEZES, 1802
ITATIRA;33;463;CENTRO;EMEF ADELIDIA MAGNO DE OLIVEIRA;RUA PADRE JOSE LAURINDO SN
GRANJA;25;204;TIAIA;E.E.F JOSÉ TELESFORO SAMPAIO;CONTENDAS
SOLONÓPOLE;55;99;CENTRO;ESCOLA DE 1 GRAU ANIBAL RODRIGUES PINHEIRO;ALTO VISTOSO S/N
FORTALEZA;116;462;JOÃO XXIII;COLEGIO LIMA NOGUEIRA;RUA JULIO BRAGA, 1117
FORTALEZA;112;126;ENGENHEIRO LUCIANO CAVALCANTE;ESCOLA DE ENSINO MÉDIO EM TEMPO INTEGRAL JOHNSON;RUA GONTRAN GIFFONI, 461
JUAZEIRO DO NORTE;119;32;FREI DAMIAO;ESCOLA MARIO DA SILVA BEM;RUA VEREADOR RAIMUNDO JOSÉ DA SILVA
JUAZEIRO DO NORTE;119;420;FREI DAMIAO;ESCOLA MARIO DA SILVA BEM;RUA VEREADOR RAIMUNDO JOSÉ DA SILVA
CARIDADE;111;53;CENTRO;NOVO CRAS FRANCISCO MENEZES PIMENTEL NETO;AV. CORONEL FRANCISCO LINHARES, S/N
NOVO ORIENTE;99;21;CENTRO;EEM COELHO MASCARENHAS;RUA SAO JOSE S/N
NOVO ORIENTE;99;54;ZONA RURAL;EEF FRANCISCO DAS CHAGAS MOTA;AGROVILA
MERUOCA;24;663;Centro;EEFM - MONSENHOR JOSE FURTADO;AV CARLOS DAVI, 136
SÃO BENEDITO;22;50;INHUCU;CRECHE FRANCISCO ESTENIO CORREIA DE SOUZA;SITIO OLHO DAGUA
ARATUBA;105;177;CENTRO-SEDE;PSF SAMIA ROSITA LESSA BOTELHO;LOCALIDADE DO URUBU
QUIXERAMOBIM;11;194;CENTRO;CAMPUS UNIVERSITARIO DR ANDRADE FURTADO;AV DR JOAQUIM FERNANDES 382 - CENTRO
PALHANO;9;10;CENTRO;ESCOLA DE ENSINO FUNDAMENTAL MATEUS SOBRINHO;RUA POSSIDONIO BARRETO 430
FORTALEZA;80;175;FÁTIMA;CENTRO EDUC. DA JUV. PE. JOÃO PIAMARTA - AGUANAMBI;AV. AGUANAMBI, 2479
ITAPIPOCA;17;724;BALEIA;EEB JUVENAL COSMO DO MONTE;BARRA DO CÓRREGO
JARDIM;119;283;CENTRO;ESCOLA GOV. ADAUTO BEZERRA;AV WILSON RORIZ 1334
AQUIRAZ;66;13;CENTRO;EMEF LAIS SIDRIM TARGINO;PRAÇA PADRE MATIAS  N 55
QUITERIANÓPOLIS;99;143;ZONA RURAL;EEIF ANTONIO LAURINDO SOARES;BARRA DOS RICARDOS
JUAZEIRO DO NORTE;28;367;SALESIANOS;EEF JOSE GERALDO DA CRUZ;DO ROSARIO 622
JUCÁS;43;223;ALTO DO TÓ - SEDE;CENTRO EDUCACIONAL JUCAENSE - CEJUC;RUA JOSÉ GERSON DUARTE, S/N
FORTALEZA;1;364;MEIRELES;LABOMAR - UFC;AV. ABOLIÇÃO, 3207
CAUCAIA;123;555;ARIANÓPOLIS (JUREMA);E.E.I.E.F. SEBASTIÃO BEZERRA DOS SANTOS;RUA SOLIMÕES, 361
FORTALEZA;115;379;PARANGABA;EEMTI GENERAL EUDORO CORREA;RUA JULIO BRAGA 101
CHORÓ;6;184;CENTRO;CEM DOM BOSCO;RUA ILDA BEZERRA PIANCÓ, 169, CENTRO
TEJUÇUOCA;41;250;RIACHO DAS PEDRAS;ESCOLA MUNICIPAL SANT'ANA;RIACHO DAS PEDRAS
FORTALEZA;116;421;BONSUCESSO;EM MARIA DO SOCORRO ALVES CARNEIRO;RUA LUIS VIEIRA 1020
FORTALEZA;95;187;CAJAZEIRAS;DNIT;RODOVIA BR-116, KM 06
BOA VIAGEM;63;64;TABULEIRO ALEGRE;EEF OSSIAN ALENCAR ARARIPE;TABULEIRO ALEGRE
JUAZEIRO DO NORTE;28;371;AREA RURAL DE JUAZEIRO DO NORTE;EEF ANTONIO BENJAMIM MOURA;SITIO POÇÕES
JUAZEIRO DO NORTE;28;377;PIO XII;EEF JOSÉ MARROCOS;AV. JOSÉ BEZERRA, SN
RERIUTABA;79;72;AMANAIARA;E.E.F. DEPUTADO MANOEL RODRIGUES;DISTRITO DE AMANAIARA - CENTRO
MERUOCA;24;590;Camilos;EEF - JOSE BARBALHO DO NASCIMENTO;RUA JOAO BATISTA DE ARAUJO, 170 - DISTRITO CAMILOS
CHORÓ;6;196;CAIÇARINHA;EEIF RAIMUNDO ARAUJO;CAICARINHA, S/N, SEDE
TAUÁ;19;75;SEDE;EPG DR ALBERTO FEITOSA LIMA;PIVB SETOR G S/N
BOA VIAGEM;63;34;DOMINGOS DA COSTA;EEF DAVID VIEIRA CARNEIRO;R. SABINO PEREIRA, S/N - ZONA RURAL
FORTALEZA;95;195;PEDRAS;EM TRISTÃO DE ALENCAR;RUA JOSE NOGUEIRA, 69
TABULEIRO DO NORTE;91;58;ALTO DO MENDES;ASSOCIAÇÃO DE MORADORES DO ALTO DO MENDES;SITIO ALTO DO MENDES
JAGUARIBE;10;28;DISTRITO DE FEITICEIRO;E.E.I.F. MARIA ENEIDA PEIXOTO SOARES;RUA FRANCISCO GUIMARAES PEIXOTO 714
SÃO BENEDITO;22;196;MONS. OTALICIO;LICEU - JOAO ALMIR DE FREITAS BRANDAO;AVENIDA TABAJARA S/N
FORTALEZA;117;346;MANOEL SÁTIRO;EMEIF MARIA BEZERRA QUEVEDO;RUA 103, 28 - CJ. NOVO MONDUBIM
FORTALEZA;117;488;SIQUEIRA;EM JOAQUIM ALVES;RUA COSTA DO SOL, 1061
MORRINHOS;44;197;BOM PRINCIPIO;EMEF ZÓZIMO MARINHO DE ANDRADE;CE 319 KM 6 BOM PRINCIPIO
MILHÃ;55;109;SITIO BARRA-SEDE;ESCOLA DE 1 GRAU RAIMUNDO BRAZ;SITIO BARRA
TEJUÇUOCA;41;161;RETIRO CAXITORE;ESCOLA DE ENSINO FUNDAMENTAL DE TEMPO INTEGRAL LUIZA DA SILVA MOTA;RETIRO CAXITORE
MARACANAÚ;104;137;JEREISSATI I;EMEIEF DEPUTADO JOSÉ MARTINS RODRIGUES;RUA QUARENTA A, 287
GRANJA;25;134;CENTRO;E.E.F.T.I. JOSÉ GLAUBERTON ALVES SÁ;AV. PERIMETRAL S/N
JAGUARIBE;10;40;DISTRITO DE NOVA FLORESTA;EEIF ULISSES PARANHOS MAIA;RUA FRANCISCO GOMES DE CASTRO, 399
SOBRAL;121;246;TAPERUABA;ESCOLA FREDERICO AUTO CORREIA;RUA ANTONINO MELO - VASSOURAS
RERIUTABA;79;109;PRIMEIRA VÁRZEA;E.E.I.F. FRANCISCO ÂNGELO DA SILVEIRA;PRIMEIRA VÁRZEA - ZONA RURAL
LIMOEIRO DO NORTE;29;155;CENTRO;SINDICATO DOS TRABALHADORES RURAIS DE LIMOEIRO;RUA CONEGO BESSA 2719
IPU;21;24;SEDE;E.M.E.F. PROFA. MARIA VALDEMIRA COELHO MELLO;RUA FRANCISCO ELMIRO MARTINS 450 - CANUDOS
IPU;21;48;SEDE;EEMTI AUTON ARAGAO;PCA SAO SEBASTIAO 1029 CENTRO
CANINDÉ;33;205;BELA VISTA;EMEF PREFEITO JOSE IVAN MAGALHAES;CONJUNTO HABITACIONAL MILTON MONTEIRO
AQUIRAZ;66;120;DIVINEIA;ESCOLA DE EDUCAÇÃO PROFISSIONAL PROFESSORA ALDA FAÇANHA;AVENIDA NOSSA SENHORA DE LOURDES, S/N
PENAFORTE;70;336;CENTRO-SEDE;ESCOLA DE ENSINO INFANTIL E FUNDAMENTAL PROFESSORA LEDITE ANGELO;RUA MONSENHOR ALCANTARA 05
PINDORETAMA;7;36;PRATIUS - 1;EMEB JOSÉ DE QUEIROZ FERREIRA;AV. VALE ALBINO, SN - RODOVIA CE 454 - PRATIUS - 1
INDEPENDÊNCIA;39;36;IAPI;E.E.F. SIMÃO JORGE SIRIANO;DISTRITO IAPI
AMONTADA;89;212;SABIAGUABA;EEBTI FRANCISCO MARTINS NETO;RONCADOR
URUBURETAMA;23;346;TAMBOATÁ / ZONA RURAL;EEF JOAQUIM BARROSO BRAGA;TAMBOATA
TURURU;17;624;CEMOABA / ZONA RURAL;EMEF MARIA LUNGA MOREIRA;RUA PRINCIPAL
IBIAPINA;73;78;PEDRINHAS;ESCOLA NOSSA SENHORA DAS GRAÇAS;RUA MIGUEL CANUTO, S/N
FORTALEZA;93;84;PREFEITO JOSÉ WALTER;EM RACHEL DE QUEIROZ;AVENIDA C, S/N - II ETAPA
FORTALEZA;80;131;ALTO DA BALANÇA;EM PROFESSORA EDITH BRAGA;RUA CAPITAO VASCONCELOS 1061
ACARAÚ;30;170;ZONA RURAL;ESCOLA JOAO RIBEIRO RAMOS;VILA PROGRESSO